20250101013604 302 1436
20250101045237 301 1024
20250101045309 302 1199
20250101050651 301 1212
20250101050651 301 1218
20250101054607 302 1468
20250101054608 302 1469
20250101072021 301 1158
20250101073803 302 1473
20250101091129 302 1200
20250101112307 302 1071
20250101114256 301 1343
20250101114257 301 1354
20250101200914 301 1011
20250101200921 302 1195
20250101213113 301 1180
20250101213114 302 1453
20250102174245 302 1432
20250102174246 302 1428
20250102175430 302 1461
20250102175431 302 1471
20250102175758 302 1439
20250102180237 302 1443
20250102180258 302 1266
20250102180259 302 1271
20250102192122 302 1450
20250102203049 302 1156
20250102211531 301 1023
20250102211700 302 1201
20250102224251 301 1222
20250102232633 301 1017
20250102232642 302 1202
20250102232655 301 1015
20250102232711 302 1201
20250103052114 302 1456
20250103052115 302 1468
20250103053455 301 1023
20250103053500 302 1195
20250103064649 301 1016
20250103064702 302 1192
20250103065422 301 1355
20250103065423 301 1344
20250103080040 301 1409
20250103080040 302 1230
20250103090851 302 1460
20250103104012 302 1192
20250103111800 302 1396
20250103125400 302 1230
20250103144541 302 1430
20250103144542 302 1432
20250103165255 301 931
20250103165838 301 790
20250103171629 301 788
20250103172146 301 789
20250103172227 301 916
20250103172802 301 787
20250103173030 301 780
20250103173414 301 785
20250103173514 301 796
20250103173542 301 775
20250103173742 301 792
20250103174456 301 787
20250103174524 301 774
20250103174652 301 921
20250103174838 301 776
20250103175149 301 786
20250103175235 301 791
20250103175258 301 787
20250103175330 301 1020
20250103175436 301 792
20250103180412 301 792
20250103180914 301 771
20250103180924 301 774
20250103180936 301 785
20250103181209 301 786
20250103181219 301 915
20250103181232 301 817
20250103181302 301 774
20250103181319 301 782
20250103181424 301 783
20250103181451 301 788
20250103181511 301 772
20250103181518 301 786
20250103181541 301 773
20250103181729 301 783
20250103182140 301 804
20250103182446 301 786
20250103182656 301 783
20250103183232 301 784
20250103183440 301 786
20250103183923 301 923
20250103184051 301 789
20250103184228 301 922
20250103184420 301 793
20250103184708 301 781
20250103184849 301 784
20250103185225 301 804
20250103185623 301 788
20250103190423 301 1013
20250103191006 301 791
20250103191026 301 788
20250103191107 301 789
20250103191417 301 784
20250103191749 301 778
20250103193110 301 906
20250103195645 301 792
20250103201104 301 915
20250103202722 301 790
20250103203935 301 792
20250103211055 301 775
20250103212439 301 776
20250103214031 301 785
20250103214033 301 787
20250103214035 302 952
20250103214040 301 780
20250103214300 301 769
20250103215456 301 767
20250103221155 301 793
20250103222816 301 765
20250103223942 301 784
20250103225721 301 917
20250103225902 301 790
20250103230529 301 789
20250103231111 301 919
20250103232625 301 786
20250103234015 301 784
20250103235445 301 782
20250104001021 301 777
20250104003451 301 784
20250104004106 301 794
20250104012629 301 784
20250104013052 302 966
20250104013434 301 793
20250104013724 301 786
20250104015504 301 782
20250104022458 301 919
20250104023803 301 789
20250104023950 301 784
20250104023957 301 788
20250104024210 301 1020
20250104025224 301 785
20250104025427 301 790
20250104031317 302 1429
20250104031422 302 1400
20250104031423 302 1396
20250104031921 302 1158
20250104032320 301 786
20250104032450 301 785
20250104032549 302 1422
20250104033546 302 1431
20250104034006 301 786
20250104035451 301 786
20250104035658 302 754
20250104040950 301 789
20250104042454 301 781
20250104045541 301 921
20250104050846 301 1208
20250104050847 301 1213
20250104051043 301 787
20250104052102 301 1030
20250104052246 302 1196
20250104052510 301 790
20250104054025 301 785
20250104055514 301 784
20250104060955 301 778
20250104062504 301 778
20250104062648 301 791
20250104070509 301 790
20250104071305 301 794
20250104074138 301 797
20250104075816 301 783
20250104080637 302 977
20250104081824 301 920
20250104083418 301 784
20250104085517 302 1440
20250104085518 302 1443
20250104090504 301 782
20250104090953 301 786
20250104095949 301 786
20250104104813 301 783
20250104104824 301 759
20250104111412 301 782
20250104111846 301 777
20250104112321 301 787
20250104115210 301 917
20250104120753 301 779
20250104121036 301 774
20250104122124 301 780
20250104122437 301 786
20250104122846 301 789
20250104125311 301 784
20250104125916 301 793
20250104130216 302 960
20250104130546 301 790
20250104133030 301 787
20250104134617 301 790
20250104135520 301 802
20250104135759 302 1397
20250104140248 301 785
20250104142116 301 779
20250104144615 301 925
20250104144747 301 787
20250104145231 302 963
20250104145809 302 964
20250104145847 301 772
20250104150210 301 781
20250104151259 301 787
20250104151900 302 972
20250104151956 302 968
20250104154213 301 923
20250104154455 301 783
20250104155128 301 1018
20250104155708 301 773
20250104155834 302 963
20250104161443 301 904
20250104161552 301 922
20250104162005 301 784
20250104163214 301 772
20250104165930 301 799
20250104170037 301 771
20250104170156 302 1459
20250104170157 302 1463
20250104171957 301 782
20250104172430 301 782
20250104173645 301 904
20250104175351 302 1458
20250104175352 302 1458
20250104175748 301 926
20250104180821 301 792
20250104181220 301 789
20250104181344 302 716
20250104183720 301 915
20250104185146 302 708
20250104190408 301 909
20250104191234 301 784
20250104192609 301 884
20250104192627 301 785
20250104193836 301 780
20250104194343 301 795
20250104194946 302 711
20250104195758 301 783
20250104200254 301 790
20250104200909 302 708
20250104201338 301 967
20250104202340 301 924
20250104202520 301 909
20250104205459 301 783
20250104210535 301 920
20250104210939 301 785
20250104214200 302 701
20250104215254 301 905
20250104220235 301 918
20250104220830 301 919
20250104220841 301 779
20250104222149 301 1029
20250104223726 301 784
20250104223825 302 1200
20250104224655 301 785
20250104224756 301 1013
20250104230404 301 923
20250104233449 301 784
20250105000013 301 773
20250105000301 301 905
20250105001132 301 780
20250105001340 301 916
20250105001600 302 1189
20250105004542 301 792
20250105005000 301 807
20250105005127 301 781
20250105005940 302 1189
20250105010040 301 1016
20250105012438 302 978
20250105012556 301 791
20250105012829 301 799
20250105013251 302 980
20250105014325 302 975
20250105020152 301 919
20250105020245 301 781
20250105021146 301 1020
20250105021155 302 1204
20250105024620 302 749
20250105030442 301 915
20250105030528 302 710
20250105030650 301 927
20250105031406 301 783
20250105032300 302 710
20250105083520 302 1426
20250105083521 302 1431
20250105083802 302 1441
20250105083803 302 1452
20250105084920 302 1447
20250105084921 302 1454
20250105085156 302 1459
20250105085157 302 1464
20250105085203 302 1400
20250105085204 302 1402
20250105095419 302 1434
20250105110256 302 1408
20250105110257 302 1403
20250105125658 301 1208
20250105131007 302 1674
20250105161241 302 1173
20250105175430 302 1202
20250105181542 302 1463
20250105183032 302 1395
20250106123232 302 1195
20250106141753 302 1319
20250106141800 302 1236
20250106160725 301 1020
20250106182647 302 1198
20250106211747 302 1431
20250106211916 302 1459
20250106211917 302 1449
20250106211927 302 1464
20250106212905 302 1267
20250106212906 302 1263
20250106220538 302 1458
20250106220539 302 1442
20250106223424 301 1221
20250106223425 301 1217
20250106231210 302 1200
20250106232915 302 1402
20250107014816 302 1266
20250107014817 302 1269
20250107025005 301 1019
20250107034610 302 1461
20250107040154 302 1116
20250107060328 301 1016
20250107060340 302 1199
20250107083617 302 1474
20250107083618 302 1470
20250107084928 301 1343
20250107114557 302 1397
20250107114558 302 1404
20250107133745 302 1199
20250107152136 301 1019
20250107152144 302 1197
20250107233159 302 1430
20250108003157 301 1023
20250108094907 302 1067
20250108102311 301 1337
20250108171636 302 1430
20250108171637 302 1433
20250108171828 302 1445
20250108171829 302 1449
20250108172752 302 1452
20250108172957 302 1277
20250108172958 302 1268
20250108173639 302 1464
20250108174152 302 1439
20250108174153 302 1441
20250108190117 301 1215
20250108223329 301 1202
20250108234723 302 1400
20250108234724 302 1402
20250109011909 301 1214
20250109011919 302 1437
20250109040058 301 1017
20250109040110 302 1198
20250109065217 301 1022
20250109071525 302 1467
20250109072839 302 1197
20250109073207 302 1367
20250109201128 302 1196
20250109205407 302 1431
20250109205408 302 1441
20250109205508 302 1463
20250109205509 302 1469
20250109205651 302 1443
20250109205652 302 1447
20250109210917 302 1462
20250109210918 302 1464
20250109211516 302 1443
20250109213449 302 1272
20250109213451 302 1260
20250109214756 301 1217
20250109214757 301 1213
20250109214811 302 1131
20250109214812 302 1450
20250109214813 302 1445
20250110005747 301 1021
20250110032724 301 1181
20250110034705 302 1401
20250110042216 302 1134
20250110100201 302 1126
20250110143758 302 1466
20250110143759 302 1461
20250110175212 302 1273
20250110182533 302 1204
20250110200758 302 1424
20250110200824 302 1451
20250110200825 302 1446
20250110201011 302 1464
20250110201012 302 1462
20250110201348 302 1457
20250110202828 302 1437
20250110202829 302 1444
20250110203610 302 1260
20250110203611 302 1263
20250110204052 301 1208
20250110204053 301 1219
20250111004655 302 1264
20250111005642 302 1071
20250111041052 301 788
20250111044727 301 790
20250111050528 301 786
20250111052612 302 1398
20250111052613 302 1398
20250111054650 301 785
20250111064450 301 773
20250111082228 301 789
20250111082343 301 795
20250111083417 301 778
20250111083826 301 792
20250111085002 301 788
20250111091133 301 788
20250111100227 301 788
20250111101147 301 781
20250111121918 301 772
20250111124101 301 778
20250111124505 301 790
20250111124945 301 790
20250111125637 301 784
20250111134341 301 776
20250111134922 301 791
20250111135101 301 792
20250111140918 301 793
20250111143559 301 774
20250111144519 301 913
20250111145449 301 784
20250111145852 301 786
20250111150127 301 783
20250111154941 301 781
20250111155420 302 752
20250111161750 301 783
20250111163453 301 786
20250111165408 301 797
20250111170603 301 789
20250111170939 301 786
20250111171605 301 789
20250111173416 301 789
20250111181051 302 1198
20250111181712 302 708
20250111183106 301 785
20250111184029 302 1070
20250111191529 301 786
20250111192031 301 783
20250111193046 301 772
20250111193617 301 1009
20250111194130 301 791
20250111200418 302 1261
20250111201537 301 772
20250111204142 301 785
20250111204152 301 768
20250111205836 301 1011
20250111210451 301 783
20250111211142 301 775
20250111212510 301 787
20250111213926 302 1278
20250111215730 301 776
20250111222012 301 785
20250111222627 301 777
20250111223247 301 787
20250111224103 301 787
20250111231229 301 786
20250111235023 301 921
20250112000244 301 789
20250112000709 301 911
20250112002351 301 911
20250112004029 301 774
20250112004044 301 787
20250112004249 301 775
20250112004250 301 790
20250112004308 302 963
20250112004319 301 787
20250112004320 301 774
20250112004329 301 776
20250112004338 301 787
20250112004340 302 952
20250112004344 301 775
20250112004359 301 788
20250112004411 301 779
20250112004425 301 795
20250112004431 301 787
20250112004513 301 789
20250112004514 301 778
20250112004516 302 961
20250112004522 301 769
20250112004528 301 790
20250112004542 301 780
20250112004549 301 778
20250112004559 302 970
20250112004603 302 971
20250112004609 301 793
20250112004615 301 785
20250112004621 301 783
20250112004636 301 773
20250112004641 301 789
20250112004701 301 787
20250112004713 301 778
20250112004717 301 791
20250112004732 301 790
20250112004753 301 770
20250112004755 301 781
20250112004841 301 782
20250112004844 301 791
20250112004853 302 954
20250112004903 301 783
20250112004915 301 785
20250112004945 301 792
20250112004954 301 791
20250112005012 301 781
20250112005013 301 793
20250112005039 301 794
20250112005118 302 971
20250112005124 301 786
20250112005127 301 770
20250112005143 301 770
20250112005150 301 782
20250112005157 301 778
20250112005159 301 783
20250112005215 301 788
20250112005224 301 784
20250112005241 301 789
20250112005246 301 783
20250112005258 302 952
20250112005258 302 958
20250112005337 301 780
20250112005402 302 958
20250112005431 301 794
20250112005442 301 785
20250112005447 301 783
20250112005526 301 787
20250112005530 301 786
20250112005534 302 945
20250112005545 301 784
20250112005655 301 782
20250112005710 301 790
20250112005730 301 790
20250112005733 301 784
20250112005802 301 791
20250112005805 301 794
20250112005805 301 780
20250112005808 301 780
20250112005823 301 781
20250112005830 301 795
20250112005836 301 790
20250112005844 301 775
20250112005854 302 964
20250112005924 301 785
20250112005947 301 786
20250112005953 301 779
20250112005956 301 785
20250112010006 301 782
20250112010007 301 777
20250112010015 301 787
20250112010022 301 784
20250112010028 301 787
20250112010034 301 785
20250112010040 301 778
20250112010117 301 785
20250112010118 301 780
20250112010132 301 781
20250112010133 302 957
20250112010154 301 779
20250112010159 301 784
20250112010200 301 790
20250112010250 301 772
20250112010305 302 971
20250112010330 301 782
20250112010349 301 770
20250112010352 301 779
20250112010355 301 785
20250112010413 301 778
20250112010416 301 777
20250112010422 301 774
20250112010437 301 781
20250112010439 301 777
20250112010459 301 784
20250112010533 302 966
20250112010617 301 773
20250112010633 301 777
20250112010634 301 785
20250112010637 301 794
20250112010637 301 783
20250112010648 301 784
20250112010651 301 783
20250112010709 302 953
20250112010717 301 788
20250112010854 301 784
20250112010856 301 779
20250112010923 301 774
20250112011044 302 945
20250112011049 301 789
20250112011049 301 783
20250112011054 301 782
20250112011212 301 779
20250112011222 301 781
20250112011225 301 784
20250112011228 301 787
20250112011330 301 786
20250112011357 301 793
20250112011403 301 790
20250112011409 301 785
20250112011418 301 782
20250112011426 301 791
20250112011536 301 779
20250112011541 301 785
20250112011609 302 970
20250112011615 301 786
20250112011629 301 790
20250112011634 301 778
20250112011654 301 783
20250112011701 301 793
20250112011742 301 781
20250112011747 301 781
20250112011751 302 967
20250112011806 301 780
20250112011814 301 789
20250112011850 301 781
20250112011914 301 772
20250112011949 301 783
20250112012025 301 780
20250112012026 301 778
20250112012029 301 776
20250112012104 301 782
20250112012132 302 963
20250112012216 301 787
20250112012304 301 783
20250112012327 301 782
20250112012415 301 781
20250112012424 301 775
20250112012434 301 788
20250112012529 302 968
20250112012622 301 787
20250112012628 301 781
20250112012641 301 777
20250112012647 302 953
20250112012918 302 962
20250112013036 301 777
20250112013046 301 785
20250112013110 301 786
20250112013244 301 773
20250112013255 301 788
20250112013315 301 783
20250112013330 301 784
20250112013436 301 786
20250112013519 301 789
20250112013530 301 789
20250112013637 301 787
20250112013711 301 783
20250112013834 301 781
20250112013845 301 793
20250112013901 301 774
20250112013909 301 786
20250112014009 301 774
20250112014023 301 787
20250112014036 301 779
20250112014048 302 964
20250112014121 301 785
20250112014210 301 780
20250112014213 302 966
20250112014248 301 784
20250112014430 301 783
20250112014447 301 784
20250112014500 301 780
20250112014510 301 792
20250112014513 302 968
20250112014527 302 976
20250112014541 301 774
20250112014733 301 778
20250112015135 301 782
20250112015145 301 787
20250112015233 301 793
20250112015305 301 784
20250112015359 301 775
20250112015413 301 782
20250112015429 301 792
20250112015507 301 793
20250112015606 301 789
20250112015657 301 786
20250112015715 301 785
20250112015749 301 782
20250112015925 301 784
20250112020013 301 788
20250112020029 301 789
20250112020124 301 789
20250112020211 301 784
20250112020237 301 777
20250112020506 302 965
20250112020616 301 775
20250112020621 301 782
20250112020634 301 772
20250112020642 301 781
20250112020822 301 767
20250112020833 301 786
20250112021327 301 790
20250112021500 301 783
20250112021501 301 783
20250112021602 301 784
20250112021630 301 791
20250112021632 301 793
20250112021809 302 958
20250112021834 301 776
20250112021950 301 779
20250112022048 302 963
20250112022148 301 789
20250112022443 301 785
20250112022558 301 789
20250112022714 301 792
20250112023134 301 791
20250112023307 301 787
20250112023309 301 796
20250112023610 302 957
20250112023754 301 783
20250112023825 301 789
20250112024003 301 789
20250112024238 301 791
20250112024243 301 769
20250112024408 302 957
20250112024454 301 796
20250112025127 301 782
20250112025332 302 975
20250112025346 301 787
20250112025422 301 782
20250112025458 301 791
20250112025538 302 968
20250112025548 301 774
20250112025716 301 784
20250112025920 301 782
20250112030126 301 780
20250112030217 302 961
20250112030744 301 781
20250112030836 301 783
20250112031305 301 785
20250112031319 301 777
20250112031411 301 789
20250112031421 301 784
20250112031424 301 798
20250112031522 301 789
20250112031540 301 785
20250112031703 301 782
20250112031727 301 786
20250112031730 301 784
20250112031824 302 968
20250112032146 301 793
20250112032553 301 776
20250112032554 301 784
20250112032804 301 789
20250112033011 301 790
20250112033052 301 784
20250112033149 301 793
20250112033235 301 781
20250112033401 301 787
20250112033413 301 782
20250112033927 302 971
20250112034429 301 774
20250112034802 301 772
20250112040429 301 787
20250112040830 301 791
20250112042555 301 779
20250112042713 301 780
20250112042823 301 783
20250112044302 301 775
20250112050206 301 781
20250112050917 301 784
20250112051746 301 779
20250112055204 301 914
20250112055954 301 781
20250112063052 301 776
20250112070010 301 790
20250112121055 302 1203
20250112123136 301 1017
20250112133333 302 1198
20250112144620 301 783
20250112144935 301 772
20250112145320 301 786
20250112145520 301 787
20250112150745 301 789
20250112153812 301 788
20250112154121 301 792
20250112155553 301 782
20250112160311 301 781
20250112160954 301 785
20250112162434 301 774
20250112162744 302 699
20250112163913 301 776
20250112163942 301 781
20250112164340 301 775
20250112165910 301 782
20250112171745 301 919
20250112173526 301 777
20250112180201 301 775
20250112181226 301 776
20250112182558 301 781
20250112183844 301 786
20250112184915 301 783
20250112185902 302 1204
20250112190345 301 803
20250112190400 301 773
20250112192801 301 785
20250112193420 302 1123
20250112193821 302 967
20250112194144 301 792
20250112203429 301 784
20250112204046 301 913
20250112204559 301 1024
20250112210446 302 1196
20250112211014 301 787
20250112211230 301 784
20250112211626 301 1019
20250112212457 301 788
20250112213912 301 784
20250112214134 301 783
20250112215135 301 785
20250112220154 301 785
20250112222234 301 781
20250112224114 301 790
20250112224433 301 780
20250112225716 302 1466
20250112225717 302 1468
20250112225826 301 786
20250112225911 302 1431
20250112225912 302 1425
20250112225950 301 782
20250112230247 302 1453
20250112230248 302 1450
20250112231737 301 777
20250112232029 302 1451
20250112232030 302 1452
20250112232743 302 1261
20250112232744 302 1268
20250112234257 301 781
20250112234613 301 775
20250112235103 301 782
20250112235136 301 781
20250113000356 301 922
20250113001646 301 778
20250113003230 301 781
20250113004205 302 1266
20250113004206 302 1269
20250113011048 301 786
20250113011444 302 1401
20250113012700 301 782
20250113013244 301 773
20250113013724 301 778
20250113014347 301 788
20250113014410 302 1111
20250113020055 302 1467
20250113023500 301 784
20250113025521 301 776
20250113030305 301 784
20250113031325 301 771
20250113031913 301 1013
20250113031921 302 1195
20250113032045 301 1214
20250113032506 301 786
20250113032932 301 791
20250113033228 302 696
20250113035819 301 796
20250113040455 301 773
20250113040617 302 1114
20250113041320 302 1112
20250113042925 301 778
20250113044848 301 908
20250113045922 301 925
20250113045952 302 1111
20250113050747 301 915
20250113052129 301 796
20250113052250 302 1123
20250113052533 301 906
20250113061628 301 916
20250113062108 301 920
20250113063836 301 784
20250113064511 301 913
20250113072049 301 907
20250113073704 301 770
20250113074154 301 915
20250113075051 301 908
20250113075429 301 916
20250113081651 301 918
20250113081848 301 908
20250113082718 301 920
20250113083531 301 909
20250113084836 301 1187
20250113084836 302 1444
20250113084901 301 1183
20250113084901 302 1444
20250113084934 301 1179
20250113084934 302 1454
20250113084955 301 1181
20250113084955 302 1447
20250113085835 301 911
20250113092340 301 913
20250113092802 302 1464
20250113095321 301 915
20250113102531 301 914
20250113103032 302 706
20250113103210 301 917
20250113103244 301 923
20250113110409 301 908
20250113110512 301 921
20250113113521 301 901
20250113123112 302 1068
20250113125049 302 693
20250113135111 301 902
20250113135530 301 918
20250113140213 302 1201
20250113140539 301 916
20250113141149 301 688
20250113141401 301 917
20250113142214 301 912
20250113145356 301 915
20250113152320 302 1399
20250113152321 302 1398
20250113153830 301 917
20250113160218 301 923
20250113162206 301 917
20250113162617 301 901
20250113162855 301 1020
20250113163004 301 769
20250113163307 301 916
20250113164232 301 916
20250113174447 301 1010
20250113180020 301 792
20250113180145 301 917
20250113183343 301 922
20250113184532 301 914
20250113184836 301 896
20250113185714 301 906
20250113185913 301 919
20250113190426 301 918
20250113190957 301 923
20250113200458 301 923
20250113202313 301 916
20250113213157 301 920
20250113213743 301 908
20250113220143 301 921
20250113220458 302 743
20250113220721 301 906
20250113220847 301 912
20250113225038 302 704
20250113230033 301 783
20250113231809 301 911
20250113232530 302 1428
20250113232531 301 1024
20250113232531 302 1437
20250113232536 302 1208
20250113232704 302 1447
20250113233217 302 1463
20250113233455 301 784
20250113234403 301 921
20250113234705 302 1325
20250113234706 302 1324
20250113234959 302 1456
20250113235001 302 1443
20250113235043 301 1027
20250113235149 302 1199
20250113235807 301 1017
20250113235823 302 1193
20250114003649 301 915
20250114003719 301 1217
20250114004259 301 920
20250114005028 301 772
20250114011729 301 786
20250114011758 302 748
20250114012235 301 908
20250114014632 302 1128
20250114015306 301 915
20250114015411 302 963
20250114020835 301 907
20250114021711 301 900
20250114024619 301 903
20250114025439 301 919
20250114025816 301 916
20250114030338 301 918
20250114031205 301 805
20250114031544 301 918
20250114031607 301 901
20250114031747 301 779
20250114034649 301 1183
20250114034650 302 1123
20250114034807 301 913
20250114035321 301 914
20250114040705 301 786
20250114042120 301 910
20250114042425 301 912
20250114044016 301 905
20250114045451 301 916
20250114045505 302 1403
20250114051200 301 906
20250114052702 301 921
20250114053749 301 902
20250114055029 301 914
20250114055220 301 786
20250114055912 301 918
20250114061123 301 782
20250114061129 301 917
20250114062305 301 922
20250114064203 301 913
20250114072634 302 1463
20250114075943 301 907
20250114082516 301 913
20250114083557 301 920
20250114084536 301 771
20250114085453 301 779
20250114090506 301 915
20250114090610 301 921
20250114095050 301 909
20250114100727 301 779
20250114101219 302 1463
20250114101516 301 921
20250114103007 302 981
20250114103610 301 910
20250114105156 301 921
20250114111840 301 911
20250114112510 301 920
20250114120420 302 691
20250114121915 302 707
20250114124603 301 915
20250114124833 301 785
20250114124957 301 912
20250114130029 302 1065
20250114130500 301 908
20250114130822 301 899
20250114132732 301 906
20250114132801 301 785
20250114133941 301 915
20250114134726 301 701
20250114134850 301 911
20250114140958 301 912
20250114141430 301 909
20250114142155 301 920
20250114142246 301 914
20250114150847 301 1016
20250114150855 302 1207
20250114151832 301 1015
20250114154217 302 971
20250114163028 301 887
20250114164809 301 909
20250114170805 301 905
20250114172533 301 912
20250114172614 302 988
20250114173231 301 909
20250114174120 301 915
20250114175128 301 916
20250114180738 301 915
20250114182633 302 1200
20250114185134 301 762
20250114185243 301 914
20250114192034 301 909
20250114200807 301 771
20250114211820 301 903
20250114212754 301 919
20250114214416 302 704
20250114220145 301 909
20250114220730 301 916
20250114230330 301 780
20250114230502 302 1401
20250114231556 301 913
20250114232833 301 915
20250114233201 302 1429
20250114233202 302 1429
20250114233407 302 1401
20250114233429 302 1446
20250114233524 302 1446
20250114233525 302 1454
20250114234340 302 1406
20250114234722 302 1264
20250114234723 302 1269
20250114234758 301 914
20250115000531 301 918
20250115002844 301 905
20250115011032 302 1298
20250115013246 301 912
20250115014443 301 1214
20250115021130 301 910
20250115030525 301 916
20250115032058 301 918
20250115032255 302 959
20250115032307 301 915
20250115032656 301 914
20250115035533 301 914
20250115040214 301 914
20250115040400 301 920
20250115043801 301 908
20250115045516 301 1228
20250115054804 301 914
20250115054826 301 775
20250115071127 301 904
20250115072310 302 1201
20250115080023 301 919
20250115081033 301 912
20250115082925 301 1342
20250115084413 301 908
20250115085159 302 1066
20250115085856 301 909
20250115090844 301 925
20250115091138 301 915
20250115092508 301 917
20250115094745 301 1023
20250115100056 302 1269
20250115100057 302 1269
20250115100646 301 916
20250115100701 302 1395
20250115103446 301 779
20250115103921 301 914
20250115104254 301 778
20250115105354 301 917
20250115111628 301 921
20250115111712 301 920
20250115112021 301 922
20250115114150 301 909
20250115120237 301 908
20250115122238 301 915
20250115122735 301 917
20250115123418 301 928
20250115124434 301 914
20250115125726 302 1247
20250115132631 301 914
20250115140907 301 921
20250115141016 301 786
20250115141216 301 780
20250115141224 301 911
20250115142054 301 920
20250115142126 301 913
20250115143513 301 919
20250115143940 302 711
20250115144826 301 909
20250115150153 301 913
20250115150747 302 706
20250115162045 301 782
20250115162559 301 923
20250115162744 301 908
20250115163806 301 906
20250115164052 301 914
20250115165615 301 904
20250115170605 301 910
20250115172840 301 909
20250115173117 301 906
20250115173837 301 915
20250115174606 301 795
20250115174709 301 926
20250115174711 301 782
20250115182034 301 919
20250115191106 301 912
20250115192052 301 916
20250115192449 301 907
20250115194607 301 902
20250115200209 301 915
20250115201136 301 1216
20250115203401 301 776
20250115205100 301 907
20250115210256 301 918
20250115220422 301 925
20250115220544 302 985
20250115222535 301 916
20250115222650 301 919
20250115222736 301 787
20250115223253 301 922
20250115223453 301 919
20250115224053 301 927
20250115225716 302 1402
20250115231410 301 905
20250115231514 301 1216
20250115233408 301 903
20250116000028 301 926
20250116002312 301 923
20250116003127 301 916
20250116004506 301 922
20250116005904 301 916
20250116010544 301 915
20250116011145 301 774
20250116011331 301 915
20250116012005 301 912
20250116012016 301 915
20250116015858 302 1072
20250116024631 301 920
20250116030428 302 978
20250116031209 301 915
20250116031550 301 925
20250116034833 301 910
20250116040054 301 901
20250116040754 302 961
20250116040831 302 1389
20250116040901 302 975
20250116041857 301 906
20250116042023 301 1208
20250116042308 301 914
20250116045723 301 775
20250116050810 301 913
20250116051053 301 907
20250116052506 301 911
20250116055318 301 913
20250116060521 301 912
20250116061527 301 915
20250116062833 301 920
20250116070055 301 1211
20250116071655 301 920
20250116075924 301 922
20250116081127 301 910
20250116082913 302 1431
20250116082946 301 776
20250116083302 302 1450
20250116083303 302 1450
20250116083658 302 1404
20250116083659 302 1401
20250116084207 302 1451
20250116084208 302 1448
20250116084252 301 914
20250116085127 302 1433
20250116092410 301 913
20250116093245 301 917
20250116093701 301 923
20250116102249 302 1198
20250116103519 301 913
20250116103650 301 1208
20250116104057 301 696
20250116114814 301 913
20250116120125 301 916
20250116121019 301 908
20250116121815 301 914
20250116124533 302 1401
20250116124534 302 1408
20250116125115 301 913
20250116133657 302 1445
20250116133658 302 1440
20250116134107 302 1404
20250116134154 302 1396
20250116134249 301 920
20250116140609 301 916
20250116141148 301 911
20250116144339 301 916
20250116144436 301 922
20250116151919 301 780
20250116155840 301 787
20250116161947 301 914
20250116162804 301 917
20250116164037 301 906
20250116164258 301 918
20250116172132 301 918
20250116172519 302 1456
20250116172844 301 906
20250116173141 301 902
20250116173826 301 919
20250116173926 301 913
20250116174208 301 908
20250116182428 302 1443
20250116182429 302 1448
20250116184344 302 862
20250116185955 301 920
20250116191955 301 916
20250116192622 301 788
20250116192647 301 908
20250116193508 301 928
20250116194027 302 1448
20250116194028 302 1442
20250116195453 301 913
20250116195905 301 915
20250116200944 301 920
20250116202419 301 909
20250116203209 301 916
20250116214900 301 916
20250116220053 301 778
20250116220647 301 909
20250116221035 301 780
20250116221037 301 918
20250116223222 301 910
20250116224618 301 918
20250116230042 301 771
20250116231222 302 702
20250116231529 302 706
20250116235505 301 926
20250117000504 301 917
20250117001208 301 921
20250117001401 302 704
20250117005956 301 926
20250117011256 301 914
20250117011402 301 923
20250117013430 301 921
20250117014059 301 909
20250117015211 301 921
20250117015312 301 923
20250117015315 301 914
20250117021249 301 915
20250117022845 301 909
20250117023743 301 921
20250117031704 301 910
20250117032748 301 926
20250117033109 301 914
20250117033523 301 919
20250117035634 301 917
20250117040336 301 922
20250117040535 301 916
20250117041733 301 913
20250117042418 301 920
20250117045716 301 913
20250117050145 301 922
20250117050240 301 908
20250117050416 301 782
20250117050757 301 908
20250117051354 301 918
20250117051747 301 918
20250117052227 301 923
20250117052825 301 912
20250117055001 301 907
20250117055414 301 927
20250117055424 301 918
20250117060200 302 703
20250117060949 301 918
20250117062459 301 914
20250117063935 301 921
20250117064155 301 921
20250117064609 301 914
20250117064638 301 913
20250117064928 301 910
20250117065501 301 917
20250117070640 302 978
20250117071059 301 917
20250117072450 301 909
20250117074057 301 911
20250117075649 301 911
20250117081517 301 916
20250117082330 302 979
20250117082651 301 913
20250117083948 301 919
20250117085151 302 1196
20250117085641 301 907
20250117090441 302 702
20250117090958 301 914
20250117094357 301 906
20250117110714 301 777
20250117111231 301 789
20250117111914 - 1091
20250117113943 301 922
20250117115620 301 912
20250117121308 301 911
20250117122845 301 916
20250117124007 301 911
20250117131506 301 912
20250117132946 301 1214
20250117133939 301 777
20250117135553 301 781
20250117140155 301 786
20250117141049 301 779
20250117142539 301 790
20250117144042 301 791
20250117145713 301 782
20250117151342 301 778
20250117152539 301 780
20250117161748 301 915
20250117162028 301 784
20250117162656 301 765
20250117170956 301 791
20250117172144 301 777
20250117172606 301 786
20250117175123 301 774
20250117175635 301 789
20250117181928 301 785
20250117184007 301 779
20250117184022 301 786
20250117185706 301 796
20250117192635 301 786
20250117193227 301 784
20250117195457 301 787
20250117201642 301 1014
20250117203557 301 775
20250117203753 301 773
20250117203957 301 773
20250117204520 301 787
20250117211710 301 783
20250117212701 301 783
20250117213258 301 789
20250117220741 301 786
20250117221447 301 776
20250117221533 301 785
20250117221652 301 785
20250117223209 301 915
20250117231330 301 787
20250117232941 301 789
20250117234304 301 775
20250117234527 301 795
20250118000220 301 784
20250118003754 301 782
20250118005639 301 783
20250118010856 301 778
20250118013500 301 794
20250118021006 301 783
20250118021058 301 793
20250118021121 301 793
20250118022647 301 784
20250118023411 301 781
20250118023438 301 776
20250118023751 301 789
20250118031148 302 1066
20250118031325 301 1014
20250118031356 302 1199
20250118034926 301 785
20250118035836 301 920
20250118035910 301 916
20250118040502 301 779
20250118040909 301 781
20250118041151 301 919
20250118041303 301 906
20250118042634 301 788
20250118044018 301 780
20250118050536 301 789
20250118054234 301 768
20250118054653 301 790
20250118061003 301 780
20250118062149 301 907
20250118063543 301 790
20250118064520 301 907
20250118070012 301 787
20250118071637 301 775
20250118074131 301 791
20250118081529 301 922
20250118081602 301 779
20250118082237 301 778
20250118083227 301 782
20250118090350 301 785
20250118092948 301 788
20250118093116 301 790
20250118094343 301 791
20250118095107 301 778
20250118095732 301 918
20250118103013 301 784
20250118105552 301 787
20250118110249 301 792
20250118111621 301 916
20250118112934 301 787
20250118114939 301 786
20250118121638 301 788
20250118123551 301 782
20250118124356 301 784
20250118130408 301 785
20250118132236 301 781
20250118133250 301 783
20250118133606 301 920
20250118135923 301 788
20250118135929 301 919
20250118141108 301 787
20250118141619 301 764
20250118143008 301 770
20250118144037 301 804
20250118145444 301 788
20250118145703 301 909
20250118150948 301 784
20250118152522 302 1067
20250118152654 301 917
20250118152755 301 908
20250118155254 301 775
20250118155432 301 905
20250118160104 301 787
20250118160527 302 951
20250118160647 301 783
20250118160828 301 787
20250118160840 301 795
20250118161618 301 919
20250118162459 301 773
20250118162631 301 914
20250118163545 301 788
20250118164027 301 780
20250118164112 302 971
20250118164527 302 952
20250118164556 302 979
20250118164734 301 898
20250118173910 301 793
20250118174950 302 981
20250118175945 301 782
20250118180551 301 777
20250118181449 301 791
20250118182207 301 789
20250118182923 301 788
20250118184138 301 777
20250118184251 301 783
20250118192817 302 1402
20250118193154 301 1185
20250118193409 301 922
20250118194207 301 778
20250118194604 301 920
20250118194954 301 790
20250118195749 301 792
20250118200459 301 906
20250118201447 301 777
20250118202138 301 912
20250118203252 301 922
20250118203654 301 793
20250118204627 301 772
20250118211826 301 1013
20250118211830 302 1199
20250118220626 301 774
20250118224437 301 785
20250118224735 301 785
20250118224956 301 782
20250118232125 301 780
20250118232209 301 793
20250118232257 301 918
20250118232923 301 783
20250118235942 301 907
20250119000755 301 777
20250119002605 301 796
20250119004143 301 913
20250119005423 301 1012
20250119012443 301 782
20250119013353 301 777
20250119014340 301 789
20250119015637 301 784
20250119021001 301 912
20250119021133 301 781
20250119022705 301 784
20250119023434 301 924
20250119023806 301 921
20250119024249 301 911
20250119024828 301 785
20250119031054 301 777
20250119031536 301 785
20250119031933 301 789
20250119033453 301 913
20250119034214 301 918
20250119034852 301 780
20250119035609 302 704
20250119041535 302 706
20250119041648 301 777
20250119042909 301 920
20250119043608 301 919
20250119044231 301 918
20250119045054 302 741
20250119045614 301 907
20250119045726 301 899
20250119050208 302 758
20250119052834 301 780
20250119053522 301 783
20250119054914 301 781
20250119055711 301 787
20250119060743 404 6141
20250119062204 301 780
20250119062509 301 780
20250119063921 301 785
20250119064107 301 1034
20250119064337 301 785
20250119065522 301 779
20250119070957 301 915
20250119071648 302 710
20250119072742 301 785
20250119074010 301 779
20250119074740 301 788
20250119075437 301 788
20250119080902 302 728
20250119080958 301 928
20250119082458 301 919
20250119084117 301 911
20250119085313 301 1181
20250119085314 302 1447
20250119085444 301 779
20250119091044 301 781
20250119092719 301 791
20250119093019 302 744
20250119093507 302 710
20250119093635 301 918
20250119093700 302 701
20250119093925 301 790
20250119095327 302 707
20250119095522 301 787
20250119100251 302 714
20250119101156 301 785
20250119102505 301 785
20250119104733 301 918
20250119105414 302 1303
20250119105551 301 902
20250119111004 301 918
20250119112107 302 706
20250119112637 302 707
20250119112641 301 775
20250119113448 302 702
20250119113853 302 713
20250119115216 302 976
20250119120017 302 701
20250119120354 301 790
20250119120550 301 918
20250119120937 301 922
20250119121019 302 704
20250119121701 301 920
20250119121710 302 698
20250119123159 302 704
20250119123402 301 916
20250119124803 301 795
20250119125256 301 1222
20250119125600 301 918
20250119131004 301 919
20250119131423 302 1196
20250119132049 302 708
20250119132351 302 708
20250119132438 302 706
20250119132458 302 711
20250119132533 301 923
20250119133030 302 702
20250119134259 301 922
20250119135357 302 707
20250119135720 302 722
20250119135841 301 919
20250119140727 301 1019
20250119141001 301 917
20250119141228 302 1196
20250119141537 301 783
20250119142125 302 744
20250119142548 302 713
20250119142643 301 915
20250119143942 301 782
20250119145434 301 916
20250119150000 302 702
20250119150519 302 969
20250119151011 301 918
20250119151106 302 707
20250119152458 301 911
20250119152523 302 700
20250119153955 301 903
20250119154149 302 706
20250119154846 302 709
20250119155507 301 909
20250119155838 302 709
20250119161056 301 913
20250119161240 302 710
20250119161402 301 919
20250119162556 301 783
20250119163252 302 709
20250119163922 301 790
20250119164014 301 926
20250119164148 302 707
20250119165452 301 922
20250119170952 301 914
20250119171657 302 709
20250119172902 301 787
20250119173943 301 785
20250119175531 301 785
20250119181055 301 911
20250119181545 301 782
20250119182624 301 783
20250119182823 302 716
20250119184110 301 913
20250119185555 301 776
20250119190932 301 782
20250119192430 301 782
20250119194142 301 777
20250119195535 301 917
20250119200302 301 913
20250119201015 301 783
20250119201722 302 983
20250119202659 302 751
20250119202735 301 920
20250119202743 301 922
20250119204017 301 793
20250119205443 301 923
20250119210339 302 1446
20250119211258 301 785
20250119211955 301 784
20250119213126 302 707
20250119213930 301 912
20250119214056 301 919
20250119215728 301 913
20250119215731 301 919
20250119215945 301 930
20250119220931 301 921
20250119224433 301 907
20250119225152 301 786
20250119231152 302 751
20250119231957 301 914
20250119232648 301 917
20250119235743 301 925
20250120000159 301 1019
20250120000208 302 1202
20250120000505 301 774
20250120000921 301 910
20250120001034 302 1299
20250120001039 302 1117
20250120004554 301 792
20250120010408 301 916
20250120011754 301 908
20250120013039 301 908
20250120023710 301 785
20250120024515 301 791
20250120024901 301 914
20250120030950 302 699
20250120031011 302 710
20250120031731 302 747
20250120032237 301 914
20250120032418 302 711
20250120032611 301 915
20250120033917 301 924
20250120040158 301 921
20250120042816 302 712
20250120043140 301 790
20250120043858 302 711
20250120044224 301 919
20250120050054 301 912
20250120050254 301 919
20250120050342 302 959
20250120052317 301 920
20250120052810 301 1027
20250120052817 302 1196
20250120053137 301 921
20250120055507 301 921
20250120055619 301 1014
20250120055628 302 1197
20250120062845 301 786
20250120063036 301 914
20250120063422 301 914
20250120064036 301 913
20250120065534 301 784
20250120070953 301 920
20250120072500 301 918
20250120074037 301 916
20250120075447 301 781
20250120080622 302 709
20250120080942 301 916
20250120082446 301 912
20250120083919 301 906
20250120085518 301 916
20250120090934 301 783
20250120092419 301 921
20250120093950 301 927
20250120095444 301 785
20250120095520 301 788
20250120095624 302 699
20250120100109 301 916
20250120100420 302 709
20250120101000 301 784
20250120101506 301 788
20250120101805 301 819
20250120102151 301 789
20250120102316 302 758
20250120102524 301 924
20250120104023 301 908
20250120104130 302 704
20250120105523 301 911
20250120111020 301 920
20250120111319 301 907
20250120112045 302 710
20250120112137 302 703
20250120112457 301 916
20250120112658 302 709
20250120113023 302 715
20250120114050 301 932
20250120114551 301 1008
20250120114555 302 1193
20250120114657 301 806
20250120115259 301 919
20250120115440 301 919
20250120121121 301 791
20250120121740 301 925
20250120122429 301 917
20250120124032 301 925
20250120125507 301 927
20250120131103 301 921
20250120132113 301 924
20250120132135 301 924
20250120132508 301 922
20250120132548 302 715
20250120134112 301 784
20250120135442 301 909
20250120141117 301 925
20250120142627 301 916
20250120142641 301 920
20250120143922 301 925
20250120145710 301 790
20250120145919 302 712
20250120151045 301 925
20250120152253 301 1208
20250120152700 301 929
20250120152929 301 705
20250120154101 301 928
20250120154843 301 920
20250120155649 301 920
20250120161007 301 925
20250120162716 301 913
20250120164059 301 909
20250120165455 301 910
20250120171030 301 913
20250120171802 302 719
20250120172701 301 788
20250120173053 302 700
20250120173307 302 703
20250120173458 302 752
20250120173935 301 781
20250120175456 301 913
20250120180905 302 708
20250120181040 301 921
20250120182000 302 715
20250120182414 302 709
20250120182851 301 925
20250120184004 301 920
20250120185457 301 917
20250120185610 302 704
20250120190520 301 912
20250120190955 301 920
20250120191553 302 968
20250120192038 302 966
20250120192837 301 785
20250120193728 302 708
20250120193858 301 796
20250120193951 302 698
20250120194020 301 906
20250120194159 302 1202
20250120194757 302 707
20250120194950 302 683
20250120195755 301 918
20250120201016 301 930
20250120202432 301 919
20250120203305 302 1432
20250120203343 302 1452
20250120203926 302 1398
20250120204044 301 937
20250120204923 302 1448
20250120204924 302 1445
20250120205155 302 1419
20250120205443 302 1402
20250120205705 302 1449
20250120205706 302 1440
20250120205800 301 921
20250120210204 301 1183
20250120210205 302 1126
20250120210648 302 703
20250120211043 301 918
20250120211154 302 712
20250120212518 301 910
20250120214018 302 703
20250120214051 302 704
20250120214227 301 917
20250120214929 302 962
20250120215712 302 707
20250120220710 302 975
20250120223026 302 975
20250120223501 301 791
20250120223637 302 959
20250120224225 302 971
20250120224444 302 707
20250120224759 302 986
20250120225032 302 705
20250120225630 302 711
20250120225813 302 832
20250120225858 301 690
20250120225943 301 557
20250120230111 302 962
20250120230314 301 808
20250120230449 302 704
20250120230537 302 705
20250120231005 301 922
20250120231211 301 701
20250120231343 302 712
20250120231432 302 953
20250120231434 302 692
20250120231458 301 902
20250120232248 302 828
20250120232933 302 973
20250120232933 301 926
20250120233124 302 704
20250120234300 302 979
20250120234440 302 956
20250120234507 302 701
20250120234617 301 926
20250120234930 301 924
20250120234937 302 709
20250121000245 302 978
20250121000544 301 911
20250121000940 302 830
20250121001621 302 695
20250121002211 301 912
20250121002417 302 703
20250121003357 302 693
20250121003454 302 962
20250121003734 302 707
20250121004048 302 703
20250121004106 302 973
20250121004107 302 966
20250121004309 302 714
20250121004731 301 915
20250121005208 302 753
20250121005727 302 974
20250121010117 302 949
20250121010540 301 696
20250121011728 301 905
20250121012509 301 909
20250121012708 301 907
20250121012838 302 969
20250121013557 302 966
20250121013816 302 1272
20250121013817 302 1262
20250121015254 302 739
20250121015645 302 957
20250121015951 302 964
20250121020443 302 697
20250121020625 301 918
20250121020825 302 975
20250121021454 301 915
20250121022833 301 912
20250121023014 301 910
20250121024257 301 906
20250121024655 302 970
20250121025703 301 909
20250121031030 301 919
20250121031123 302 710
20250121033057 301 914
20250121033650 302 967
20250121033658 302 961
20250121034726 301 925
20250121035705 302 705
20250121035939 301 914
20250121041007 301 918
20250121041757 301 1214
20250121042523 301 776
20250121043517 302 705
20250121044142 301 920
20250121044815 301 731
20250121045019 302 695
20250121045628 301 908
20250121050853 302 956
20250121051334 301 918
20250121051958 302 967
20250121060105 301 908
20250121061715 301 924
20250121062259 301 914
20250121062510 302 983
20250121063502 301 911
20250121063857 301 908
20250121065258 301 923
20250121072702 302 967
20250121072738 301 909
20250121075337 301 904
20250121075602 301 911
20250121082949 302 973
20250121083011 302 1154
20250121083319 302 963
20250121083646 301 906
20250121083719 301 912
20250121084009 301 906
20250121084912 301 932
20250121085450 302 972
20250121085817 301 904
20250121091235 301 783
20250121091335 302 966
20250121091953 301 789
20250121094512 301 697
20250121094554 302 742
20250121095127 301 912
20250121095352 302 703
20250121095738 301 906
20250121101939 301 905
20250121102604 302 710
20250121104412 301 913
20250121104659 301 923
20250121110009 302 1445
20250121110010 302 1448
20250121110032 302 1069
20250121111229 301 779
20250121112138 302 978
20250121112309 302 955
20250121112609 301 694
20250121113327 301 911
20250121115137 301 918
20250121121209 301 917
20250121122410 301 899
20250121123456 301 904
20250121124758 301 910
20250121130914 301 909
20250121132014 301 921
20250121132326 302 712
20250121132626 302 968
20250121132836 302 968
20250121133143 301 918
20250121133729 302 712
20250121134613 301 919
20250121140329 301 913
20250121140849 301 914
20250121142303 302 704
20250121144944 301 917
20250121145607 301 904
20250121150011 302 712
20250121150445 301 915
20250121151731 301 913
20250121152522 301 925
20250121155253 301 1215
20250121155622 301 907
20250121155632 301 906
20250121155745 302 746
20250121161708 301 909
20250121163000 301 910
20250121163548 302 701
20250121163947 301 1020
20250121163952 302 1205
20250121165109 301 911
20250121170624 301 907
20250121171034 301 911
20250121173015 301 919
20250121174129 301 912
20250121175038 302 697
20250121175929 302 710
20250121180245 302 976
20250121180308 302 959
20250121180309 302 963
20250121181429 302 702
20250121181619 302 706
20250121181917 301 929
20250121181944 301 910
20250121182558 301 922
20250121184200 301 914
20250121185406 301 1018
20250121185414 302 1201
20250121185526 301 919
20250121185731 301 922
20250121190424 302 973
20250121191650 302 987
20250121192507 301 914
20250121194139 301 909
20250121194336 302 704
20250121195527 301 922
20250121201205 301 917
20250121202533 301 915
20250121203051 302 966
20250121203458 302 1429
20250121203459 302 1427
20250121203717 302 1435
20250121204155 301 897
20250121205454 302 707
20250121205625 302 1445
20250121205641 301 914
20250121205735 302 1443
20250121210029 302 1268
20250121211242 302 979
20250121211543 301 786
20250121211604 302 1444
20250121211605 302 1441
20250121212616 301 910
20250121214650 301 1212
20250121214835 301 1024
20250121215230 301 915
20250121215547 301 920
20250121220345 302 956
20250121221050 301 913
20250121222512 301 913
20250121224234 301 787
20250121224541 302 1393
20250121224542 302 1396
20250121225911 301 904
20250121230813 302 706
20250121231036 301 906
20250121232334 302 701
20250121232546 301 913
20250121233217 302 1456
20250121234445 301 919
20250122001035 301 912
20250122002511 301 922
20250122004211 301 923
20250122005528 301 932
20250122011010 301 913
20250122012610 301 921
20250122014057 301 925
20250122015415 301 1017
20250122015428 301 924
20250122015459 302 1195
20250122021252 301 771
20250122022521 301 914
20250122024016 301 783
20250122025556 301 707
20250122030004 302 704
20250122031430 301 918
20250122033417 301 914
20250122033802 301 788
20250122034100 301 914
20250122034137 302 1398
20250122035525 301 909
20250122041947 302 706
20250122042048 301 915
20250122042620 301 917
20250122043947 301 923
20250122045443 301 929
20250122050604 301 1029
20250122051224 302 1196
20250122052354 301 789
20250122053433 301 915
20250122053446 301 785
20250122055419 301 900
20250122055520 301 905
20250122061011 301 922
20250122063005 301 908
20250122065059 301 924
20250122065116 302 1444
20250122065117 302 1443
20250122070644 301 924
20250122072136 301 800
20250122074239 301 914
20250122074348 301 911
20250122074705 301 914
20250122080321 301 915
20250122081556 302 959
20250122082504 301 915
20250122090309 301 768
20250122090659 301 920
20250122090746 301 910
20250122092753 301 912
20250122094731 301 915
20250122095634 301 921
20250122101232 302 978
20250122102647 301 915
20250122103402 301 912
20250122104318 301 918
20250122112730 302 1401
20250122112731 302 1402
20250122115038 301 916
20250122115740 301 911
20250122115918 301 919
20250122120253 301 912
20250122121122 301 784
20250122122041 301 786
20250122124745 302 708
20250122124759 302 962
20250122130118 302 1445
20250122130813 - 1107
20250122130815 302 1212
20250122130904 301 915
20250122131202 301 912
20250122131620 301 904
20250122133026 301 917
20250122140244 301 774
20250122142303 301 913
20250122142455 301 923
20250122142510 301 918
20250122144208 301 1017
20250122145329 302 1118
20250122145801 301 916
20250122150556 301 912
20250122153944 302 1435
20250122155624 301 913
20250122161626 301 918
20250122163948 301 902
20250122164830 301 785
20250122170959 301 922
20250122171910 301 1027
20250122173301 301 907
20250122174008 301 905
20250122174226 301 784
20250122174944 301 908
20250122175701 301 904
20250122180342 302 701
20250122180847 301 915
20250122181441 302 1196
20250122181643 302 976
20250122182206 301 782
20250122183951 301 786
20250122184349 301 922
20250122184537 301 913
20250122185238 301 911
20250122191225 301 915
20250122192510 301 922
20250122192904 301 916
20250122195437 301 924
20250122200238 301 916
20250122201517 301 914
20250122202717 301 908
20250122211213 301 920
20250122211450 301 928
20250122211614 301 918
20250122213823 301 918
20250122214759 301 917
20250122221106 301 920
20250122223943 302 958
20250122224145 301 922
20250122224630 301 922
20250122225913 301 923
20250122230122 301 913
20250122230607 301 917
20250122230644 302 969
20250122230912 301 922
20250122233109 301 1025
20250122233113 302 1203
20250122233359 301 925
20250122234137 301 780
20250122234142 301 906
20250122234949 302 748
20250122235942 301 921
20250123000912 301 1030
20250123002630 302 1199
20250123002821 301 920
20250123003221 301 1178
20250123003728 301 918
20250123004125 301 918
20250123004144 301 917
20250123010447 301 917
20250123010535 302 706
20250123010753 302 703
20250123011214 301 779
20250123012551 301 914
20250123014518 301 917
20250123015529 301 913
20250123020147 302 703
20250123021115 301 784
20250123021633 301 783
20250123023005 301 776
20250123024403 302 700
20250123024837 301 923
20250123025031 302 716
20250123025147 302 712
20250123025448 301 910
20250123030310 302 715
20250123031136 301 917
20250123032555 301 912
20250123033715 302 978
20250123034125 301 917
20250123035315 302 709
20250123035452 301 922
20250123040926 301 922
20250123042720 301 913
20250123043456 301 916
20250123043940 301 914
20250123044433 302 1435
20250123044434 302 1435
20250123044458 302 1112
20250123044818 302 1443
20250123045635 302 1442
20250123045703 302 1420
20250123050051 301 921
20250123050256 301 914
20250123050336 302 1263
20250123050337 302 1267
20250123050410 302 1402
20250123050411 302 1393
20250123051023 301 911
20250123052546 301 1220
20250123052548 301 1215
20250123052801 301 919
20250123054011 301 913
20250123055442 302 700
20250123055505 301 926
20250123061126 301 901
20250123062422 302 714
20250123062444 301 920
20250123062717 302 710
20250123062942 302 1267
20250123062943 302 1259
20250123063230 302 1163
20250123063925 301 911
20250123065617 301 924
20250123070956 301 920
20250123071608 302 707
20250123072131 302 704
20250123072511 301 926
20250123072733 302 702
20250123073946 301 910
20250123074601 302 1404
20250123074602 302 1403
20250123075655 301 925
20250123080412 301 1350
20250123080413 301 1339
20250123083350 301 785
20250123083615 302 709
20250123084034 302 709
20250123084234 301 1211
20250123084235 301 1227
20250123084925 301 914
20250123085754 302 710
20250123085919 301 916
20250123090438 301 916
20250123090958 302 746
20250123092133 302 701
20250123095609 301 910
20250123100256 302 1078
20250123100517 302 703
20250123102525 301 920
20250123102802 301 920
20250123105512 301 909
20250123111431 302 1437
20250123111855 301 916
20250123113834 301 778
20250123114948 301 922
20250123115600 301 760
20250123120042 301 774
20250123122609 301 779
20250123123718 301 785
20250123124241 301 784
20250123124759 301 777
20250123125024 301 784
20250123132914 301 787
20250123132944 301 910
20250123134649 301 920
20250123141154 302 1443
20250123141155 302 1442
20250123142749 301 784
20250123143612 302 747
20250123144158 301 786
20250123145114 301 776
20250123145347 302 1195
20250123145706 301 786
20250123145754 301 788
20250123152239 302 711
20250123152259 301 784
20250123152853 301 775
20250123154148 301 775
20250123155141 302 1400
20250123155422 301 791
20250123160108 301 775
20250123160310 302 710
20250123160857 301 773
20250123161327 301 787
20250123161645 301 786
20250123162123 302 707
20250123163517 302 740
20250123163902 302 704
20250123164746 301 772
20250123165436 301 776
20250123165953 301 789
20250123171831 301 774
20250123173139 301 786
20250123174840 302 711
20250123175234 302 705
20250123182001 301 780
20250123182155 302 705
20250123183053 301 778
20250123183607 302 750
20250123184203 302 1419
20250123184203 302 1421
20250123184408 301 790
20250123184428 301 920
20250123185206 302 1398
20250123190221 301 776
20250123191102 302 715
20250123191521 301 807
20250123192316 301 918
20250123192916 301 921
20250123193314 301 789
20250123193319 301 793
20250123193551 302 702
20250123193856 302 713
20250123200420 301 774
20250123201419 302 700
20250123201706 302 691
20250123202318 302 698
20250123202410 302 709
20250123202519 301 910
20250123205852 301 780
20250123210032 302 704
20250123210105 301 920
20250123210214 301 782
20250123210214 302 1200
20250123210529 301 788
20250123211401 302 1067
20250123211437 302 718
20250123213811 302 688
20250123214651 301 777
20250123215645 301 918
20250123221541 302 698
20250123222107 301 911
20250123223823 301 923
20250123225342 301 923
20250123232554 301 795
20250123232943 301 909
20250123233601 301 787
20250123235351 301 788
20250124000212 302 710
20250124001014 301 919
20250124001501 301 768
20250124001636 301 787
20250124005217 301 760
20250124014311 301 914
20250124015101 301 783
20250124015429 301 921
20250124022732 301 916
20250124023450 301 926
20250124030142 302 705
20250124030728 301 787
20250124032750 301 920
20250124034213 301 911
20250124034631 302 701
20250124035502 301 920
20250124035714 302 698
20250124035900 301 905
20250124040550 301 780
20250124040952 301 923
20250124041041 302 696
20250124041605 302 703
20250124041615 302 957
20250124041736 301 925
20250124041839 302 709
20250124042432 301 920
20250124042525 302 702
20250124042609 301 922
20250124043208 301 919
20250124043224 301 906
20250124043411 301 921
20250124043803 301 907
20250124050956 301 925
20250124052745 301 924
20250124054329 301 917
20250124055925 301 908
20250124060731 301 922
20250124063854 302 706
20250124065744 301 905
20250124070752 301 906
20250124074654 301 909
20250124081952 301 786
20250124082713 301 788
20250124082904 301 905
20250124083407 301 1209
20250124083429 301 1014
20250124083433 302 1193
20250124084117 302 707
20250124085718 302 1410
20250124090039 301 924
20250124092524 302 711
20250124093855 301 783
20250124095413 301 785
20250124095618 301 779
20250124095907 301 906
20250124100303 301 1219
20250124101304 301 774
20250124101336 302 706
20250124102444 302 1243
20250124103022 301 785
20250124103147 301 788
20250124103418 301 786
20250124103802 302 703
20250124104848 301 778
20250124104922 301 788
20250124110548 301 783
20250124111211 301 780
20250124111952 301 790
20250124113353 301 790
20250124113727 301 788
20250124114200 301 774
20250124114500 301 788
20250124115633 301 785
20250124120705 301 787
20250124121556 302 715
20250124123936 302 714
20250124124122 301 785
20250124124851 301 806
20250124125022 301 924
20250124125451 302 702
20250124131212 301 775
20250124131745 301 919
20250124132941 301 918
20250124133038 301 792
20250124145430 302 1424
20250124145621 302 1445
20250124150210 302 1256
20250124150411 302 1447
20250124150412 302 1450
20250124150841 302 1452
20250124150842 302 1436
20250124153945 301 785
20250124155520 301 785
20250124155652 301 776
20250124160643 302 1295
20250124160957 301 922
20250124161222 301 1209
20250124161617 301 925
20250124162447 301 790
20250124163332 302 1395
20250124163333 302 1402
20250124164648 301 792
20250124165620 301 926
20250124170930 301 791
20250124172502 301 784
20250124173230 302 703
20250124174000 301 780
20250124175431 302 1202
20250124175530 301 910
20250124181030 301 789
20250124182421 301 770
20250124182744 301 782
20250124183419 302 711
20250124183927 302 699
20250124183952 301 785
20250124184858 302 717
20250124184919 301 773
20250124185545 301 910
20250124190346 302 716
20250124191105 301 784
20250124192736 301 766
20250124192804 302 707
20250124194337 301 559
20250124195439 301 1396
20250124195439 302 1230
20250124195640 301 786
20250124201219 301 785
20250124201431 302 744
20250124201509 301 778
20250124202122 302 955
20250124202255 302 954
20250124202706 301 915
20250124203859 302 704
20250124204139 301 913
20250124204620 302 709
20250124205520 301 917
20250124205606 301 912
20250124211008 301 917
20250124212930 301 785
20250124215651 301 781
20250124215720 301 922
20250124220753 302 1397
20250124221403 301 907
20250124222253 302 706
20250124222552 301 774
20250124222837 301 788
20250124223735 302 712
20250124224218 301 922
20250124224716 301 773
20250124225623 301 921
20250124231023 301 783
20250124232109 302 710
20250124232727 301 783
20250124234014 301 923
20250124234959 302 980
20250124235529 301 771
20250125001039 301 785
20250125001125 301 555
20250125001457 302 977
20250125002014 301 917
20250125002529 301 786
20250125003942 302 1116
20250125004556 301 785
20250125005458 301 909
20250125010652 302 702
20250125011029 301 781
20250125011310 302 695
20250125012616 301 774
20250125013351 302 704
20250125013454 302 973
20250125013932 301 922
20250125015601 301 922
20250125020034 302 701
20250125021143 301 927
20250125021747 302 1440
20250125021748 302 1447
20250125021913 302 747
20250125022956 301 782
20250125023957 301 919
20250125025537 301 1216
20250125025652 301 909
20250125030925 301 779
20250125031117 302 712
20250125031118 302 700
20250125032406 302 1450
20250125032407 302 1441
20250125032821 301 915
20250125034002 301 914
20250125034224 301 774
20250125035312 302 711
20250125035501 302 975
20250125035729 301 917
20250125041253 302 710
20250125041316 301 560
20250125041528 302 982
20250125042614 301 791
20250125043356 302 711
20250125044045 301 787
20250125045438 301 923
20250125050712 301 930
20250125051143 - 1109
20250125052526 301 914
20250125054114 301 918
20250125055527 301 909
20250125061045 301 918
20250125061601 302 708
20250125062027 302 1267
20250125062604 301 915
20250125063633 302 701
20250125063907 302 702
20250125064237 301 915
20250125064759 301 923
20250125065505 301 916
20250125071423 301 918
20250125072436 302 714
20250125072510 301 787
20250125074058 301 908
20250125074221 302 977
20250125074732 302 707
20250125074947 302 706
20250125075710 301 781
20250125080525 301 921
20250125081326 301 789
20250125081430 302 708
20250125081430 302 708
20250125081736 302 703
20250125081804 301 906
20250125082446 301 783
20250125082609 301 826
20250125082911 302 989
20250125083340 302 714
20250125083542 302 969
20250125083937 301 911
20250125085557 301 911
20250125090932 301 913
20250125092636 301 920
20250125094257 301 919
20250125094514 302 711
20250125095519 301 924
20250125101053 301 770
20250125103344 301 920
20250125104011 301 783
20250125110425 301 777
20250125111001 301 916
20250125112446 301 914
20250125114328 301 783
20250125114857 301 779
20250125115008 302 702
20250125115411 302 770
20250125115547 301 913
20250125121353 301 791
20250125122545 301 926
20250125123126 301 919
20250125123130 302 705
20250125124359 301 918
20250125125457 301 694
20250125131057 301 786
20250125131454 302 712
20250125132544 301 775
20250125133137 301 916
20250125134152 301 769
20250125135027 302 754
20250125135503 301 926
20250125135914 301 789
20250125140548 302 707
20250125141031 301 781
20250125141333 302 1198
20250125142541 301 926
20250125142759 302 701
20250125143937 301 782
20250125144720 301 927
20250125145641 301 918
20250125145729 302 712
20250125151123 301 915
20250125152029 301 777
20250125152502 301 785
20250125154002 301 912
20250125155451 301 914
20250125160417 302 705
20250125160922 302 689
20250125161001 301 921
20250125162534 301 883
20250125163126 302 707
20250125164116 302 710
20250125164207 301 786
20250125165616 301 920
20250125170322 301 1343
20250125170528 302 707
20250125171026 301 926
20250125171824 301 892
20250125171931 302 717
20250125172555 301 923
20250125173427 301 928
20250125174216 301 928
20250125174333 302 708
20250125175211 302 973
20250125175433 301 917
20250125175527 302 965
20250125175640 301 779
20250125181056 301 926
20250125181518 302 708
20250125182018 302 968
20250125182609 301 918
20250125182705 302 705
20250125184040 301 923
20250125184112 301 914
20250125184436 301 908
20250125185530 301 915
20250125192248 301 915
20250125192409 302 709
20250125192716 301 783
20250125193112 302 805
20250125194047 301 777
20250125194750 302 713
20250125195556 301 924
20250125195600 302 716
20250125201355 301 913
20250125201617 302 710
20250125202654 301 916
20250125204131 301 778
20250125205609 301 788
20250125214803 301 1010
20250125214809 302 1200
20250125220051 301 911
20250125223405 301 926
20250125225526 302 709
20250125225734 301 919
20250125230239 301 921
20250125231350 301 793
20250125234727 301 914
20250125234739 301 927
20250125235943 301 773
20250126001853 301 782
20250126001922 301 788
20250126002216 301 915
20250126002439 302 708
20250126003040 301 779
20250126003618 301 922
20250126003924 301 922
20250126011425 302 965
20250126012307 301 907
20250126014104 302 1440
20250126014239 302 1459
20250126014350 302 1436
20250126014351 302 1426
20250126014406 301 905
20250126014641 302 1450
20250126014642 302 1450
20250126015221 301 915
20250126015227 302 1401
20250126015453 301 788
20250126020044 301 1211
20250126020045 301 1221
20250126022759 301 903
20250126023400 301 923
20250126023730 302 715
20250126024035 302 712
20250126024945 302 1451
20250126025412 301 914
20250126030018 301 792
20250126030518 301 916
20250126031857 301 912
20250126032218 301 916
20250126032655 301 786
20250126034649 301 916
20250126035543 302 1400
20250126035601 301 919
20250126035831 302 719
20250126040739 301 919
20250126040937 301 913
20250126042546 301 789
20250126044241 301 913
20250126045254 302 950
20250126045734 301 915
20250126050305 302 708
20250126050930 302 712
20250126051020 301 909
20250126052506 301 921
20250126054137 301 912
20250126055755 301 922
20250126060238 302 978
20250126061144 301 702
20250126061234 302 703
20250126061312 302 686
20250126062459 301 919
20250126064137 301 906
20250126064812 301 922
20250126065540 301 904
20250126071108 301 916
20250126072503 301 783
20250126074003 301 906
20250126075624 301 791
20250126075625 302 708
20250126081012 301 916
20250126081852 302 703
20250126083124 301 777
20250126085205 301 925
20250126085621 301 773
20250126090342 302 698
20250126090449 301 1211
20250126090543 302 692
20250126091155 302 683
20250126091229 301 904
20250126092514 301 914
20250126094236 301 918
20250126095422 302 709
20250126095643 301 929
20250126101050 301 911
20250126102622 301 908
20250126104351 301 918
20250126105521 302 701
20250126111013 301 788
20250126112733 301 915
20250126114019 301 921
20250126114834 302 963
20250126114900 302 954
20250126115604 301 778
20250126120959 301 905
20250126122551 301 919
20250126124320 301 784
20250126130004 301 931
20250126131312 301 923
20250126131948 301 912
20250126132618 301 916
20250126133116 301 911
20250126133700 302 1449
20250126133702 302 1446
20250126134118 301 920
20250126135706 301 795
20250126140446 302 708
20250126141300 301 921
20250126141430 302 757
20250126142552 301 778
20250126144052 301 910
20250126145820 301 783
20250126151222 301 905
20250126152805 301 918
20250126154123 301 916
20250126155644 301 784
20250126161255 301 909
20250126161430 302 1441
20250126161431 302 1438
20250126162826 301 918
20250126163157 302 712
20250126163517 302 706
20250126164151 301 783
20250126164835 301 911
20250126165501 301 925
20250126171038 301 909
20250126172550 301 780
20250126174256 301 917
20250126175515 301 931
20250126181029 301 919
20250126182711 301 906
20250126184002 302 708
20250126184658 301 699
20250126185746 301 922
20250126185954 302 754
20250126190001 302 707
20250126190212 302 703
20250126190818 302 708
20250126192227 302 710
20250126192514 301 913
20250126194019 301 913
20250126194811 302 709
20250126194832 302 712
20250126194848 301 922
20250126195134 301 908
20250126195514 301 793
20250126195627 302 715
20250126195806 302 707
20250126201039 302 703
20250126201051 302 702
20250126201105 302 706
20250126201113 302 697
20250126201116 302 703
20250126201123 302 705
20250126201125 302 705
20250126201130 302 705
20250126201133 302 703
20250126201137 302 700
20250126201138 302 705
20250126201144 302 699
20250126201144 302 702
20250126201153 302 696
20250126201158 302 704
20250126201200 302 696
20250126201213 302 707
20250126201218 302 702
20250126201224 302 701
20250126201224 302 715
20250126201225 301 912
20250126201225 302 743
20250126201230 302 703
20250126201233 302 703
20250126201247 302 700
20250126201250 302 749
20250126201302 302 706
20250126201313 302 746
20250126201317 302 700
20250126201318 302 705
20250126201321 302 707
20250126201337 302 696
20250126201339 302 705
20250126201352 302 704
20250126201357 302 706
20250126201424 302 744
20250126201435 302 701
20250126201444 302 704
20250126201447 302 708
20250126201449 302 707
20250126201456 302 702
20250126201528 302 703
20250126201638 302 753
20250126201755 302 706
20250126201905 302 704
20250126202203 302 750
20250126202453 301 919
20250126204036 301 895
20250126205633 301 780
20250126211238 301 775
20250126211657 302 707
20250126212613 301 915
20250126213946 301 922
20250126215027 302 709
20250126215620 301 914
20250126221057 301 908
20250126221640 302 704
20250126222610 301 919
20250126224824 302 707
20250126230036 301 915
20250126230906 301 1013
20250126230911 302 1196
20250126230925 301 777
20250126232958 301 916
20250126234113 301 922
20250126234836 301 782
20250127000705 301 929
20250127001044 301 925
20250127002806 301 918
20250127004409 301 919
20250127005605 301 922
20250127011747 301 793
20250127013143 301 918
20250127013859 - 1044
20250127013902 - 968
20250127014520 301 911
20250127015423 301 920
20250127020409 301 915
20250127020527 302 707
20250127021130 301 916
20250127022858 301 904
20250127024100 301 780
20250127025745 301 784
20250127031329 301 690
20250127032926 301 917
20250127034343 301 913
20250127035051 302 969
20250127035126 302 965
20250127035138 302 969
20250127035142 302 707
20250127035223 302 972
20250127035230 302 972
20250127035242 302 966
20250127035251 302 966
20250127035332 302 963
20250127035350 302 972
20250127035350 302 952
20250127035423 302 966
20250127035428 302 971
20250127035548 302 976
20250127035614 302 956
20250127035624 302 967
20250127035649 302 961
20250127035830 301 920
20250127035959 302 972
20250127040047 302 968
20250127040129 302 964
20250127040131 302 956
20250127040152 302 967
20250127040339 302 973
20250127040404 302 969
20250127040423 302 960
20250127040456 302 964
20250127040533 301 903
20250127040639 302 828
20250127041306 301 924
20250127041515 302 706
20250127042735 301 782
20250127044141 301 786
20250127045536 301 925
20250127052147 301 910
20250127052615 301 912
20250127054600 301 789
20250127055818 301 921
20250127061607 301 912
20250127062751 301 925
20250127063103 302 762
20250127064946 301 916
20250127070620 301 926
20250127071506 301 908
20250127073104 301 916
20250127074122 301 920
20250127074731 302 713
20250127075530 301 920
20250127075824 - 1091
20250127081058 301 913
20250127083655 301 921
20250127084229 301 926
20250127085730 301 919
20250127091238 301 929
20250127092701 301 918
20250127094553 301 919
20250127095544 301 919
20250127101123 301 908
20250127104200 301 918
20250127105005 301 918
20250127105608 301 694
20250127111332 301 912
20250127113350 301 927
20250127115033 301 928
20250127120031 301 922
20250127122659 301 919
20250127123457 301 790
20250127124150 301 916
20250127124206 302 979
20250127131839 301 919
20250127133015 301 1019
20250127133811 301 928
20250127133951 301 911
20250127134904 301 1181
20250127134905 302 1449
20250127140157 301 792
20250127140803 301 782
20250127141137 302 1197
20250127141850 301 915
20250127144319 301 931
20250127144447 302 846
20250127145505 302 965
20250127150020 301 920
20250127150720 302 973
20250127151622 301 924
20250127152203 301 928
20250127152331 301 920
20250127152806 301 929
20250127154633 301 914
20250127160034 301 919
20250127162404 301 927
20250127162623 301 922
20250127164515 301 910
20250127170118 301 794
20250127170127 301 902
20250127170749 302 1448
20250127170928 302 1428
20250127171526 302 1404
20250127172038 301 918
20250127172051 302 1446
20250127172152 302 1443
20250127172611 301 923
20250127173629 302 978
20250127173858 301 1207
20250127174255 302 977
20250127174340 301 1222
20250127174341 301 1224
20250127174456 301 810
20250127175527 301 916
20250127180030 302 1392
20250127181132 301 927
20250127183347 301 910
20250127183751 301 917
20250127184044 301 931
20250127185717 301 915
20250127191116 301 924
20250127191229 302 1422
20250127191230 302 1434
20250127191443 301 1216
20250127192853 302 1263
20250127194043 301 911
20250127194359 301 915
20250127195620 301 918
20250127201856 301 915
20250127202835 301 926
20250127204918 301 791
20250127205556 301 918
20250127211552 302 755
20250127212213 301 919
20250127213407 301 924
20250127214116 302 703
20250127214318 301 930
20250127215858 301 913
20250127220737 301 1021
20250127221241 301 1218
20250127221833 301 920
20250127222321 301 1021
20250127222327 302 1199
20250127222929 301 907
20250127223426 301 1352
20250127230706 301 912
20250127231712 301 917
20250127232223 301 922
20250127234006 301 785
20250127234055 302 1447
20250127234351 301 914
20250128003837 301 918
20250128004431 301 921
20250128005141 301 922
20250128010335 301 915
20250128011207 301 904
20250128012845 301 908
20250128014227 301 915
20250128020547 301 907
20250128021305 301 899
20250128021505 301 917
20250128024216 301 903
20250128032125 301 909
20250128033115 301 905
20250128034316 301 919
20250128034935 301 913
20250128035730 301 921
20250128042610 301 904
20250128042952 301 916
20250128050207 301 920
20250128050427 301 912
20250128050802 301 776
20250128051427 302 1444
20250128051428 302 1442
20250128052314 - 1051
20250128054045 301 899
20250128054116 301 926
20250128054355 302 749
20250128054405 301 918
20250128055309 302 1118
20250128060509 301 916
20250128061643 301 920
20250128064122 301 907
20250128065024 301 902
20250128065623 301 908
20250128065708 301 919
20250128070019 302 949
20250128070210 302 965
20250128071031 301 1337
20250128071032 301 1342
20250128072419 301 906
20250128073238 301 916
20250128074016 301 913
20250128081411 301 913
20250128082452 301 913
20250128082549 301 925
20250128085619 301 914
20250128091059 301 918
20250128091322 301 905
20250128093148 301 915
20250128094032 301 925
20250128104152 301 774
20250128105103 301 913
20250128105917 301 915
20250128111121 301 909
20250128112830 301 922
20250128114151 - 1291
20250128121158 301 916
20250128122607 301 926
20250128123137 301 912
20250128123303 301 914
20250128123654 302 958
20250128130126 301 903
20250128130140 301 917
20250128130802 302 1071
20250128131547 - 1063
20250128131936 302 1399
20250128131937 302 1401
20250128133412 301 903
20250128133704 301 917
20250128135526 301 914
20250128140744 301 921
20250128141438 301 778
20250128143507 301 913
20250128144137 301 913
20250128145239 302 690
20250128150142 301 782
20250128154517 302 958
20250128155130 301 925
20250128155651 301 925
20250128160415 302 1427
20250128160530 302 1444
20250128160531 302 1433
20250128161442 301 901
20250128161454 302 1267
20250128161733 301 921
20250128164935 301 1019
20250128164940 302 1197
20250128165113 301 905
20250128165232 302 1403
20250128165729 301 916
20250128171003 301 915
20250128172008 301 908
20250128172118 301 914
20250128172217 302 706
20250128173752 301 774
20250128174745 301 918
20250128181221 301 785
20250128181915 301 787
20250128184543 301 912
20250128185816 301 771
20250128185844 301 920
20250128191852 301 914
20250128193203 302 969
20250128194128 301 775
20250128194817 301 922
20250128195518 301 916
20250128200238 301 1225
20250128201833 301 914
20250128204106 301 901
20250128205404 301 787
20250128205654 301 909
20250128205726 301 914
20250128212249 301 910
20250128213705 301 906
20250128214955 302 1194
20250128220421 301 924
20250128221948 301 912
20250128223212 301 769
20250128230504 301 771
20250128230841 301 915
20250128232942 302 1443
20250128232943 302 1451
20250128233054 301 907
20250128235746 301 785
20250129001007 301 921
20250129005044 301 919
20250129010325 301 921
20250129012015 301 906
20250129012109 301 916
20250129012428 302 1299
20250129012826 302 1224
20250129015309 301 918
20250129015900 302 1445
20250129020239 301 915
20250129021510 301 918
20250129023022 301 910
20250129023131 301 915
20250129030252 301 899
20250129031141 301 910
20250129031252 302 1440
20250129031253 302 1441
20250129031718 301 906
20250129033539 301 780
20250129034915 302 965
20250129040223 301 908
20250129041012 301 926
20250129042808 302 967
20250129043448 301 800
20250129043932 301 916
20250129051500 301 793
20250129053715 301 923
20250129054400 301 918
20250129055310 301 779
20250129060035 301 912
20250129061643 302 1442
20250129061955 301 778
20250129062106 301 911
20250129063136 301 921
20250129070240 301 1183
20250129070241 302 1447
20250129072739 301 921
20250129080236 301 916
20250129081816 301 919
20250129085817 301 929
20250129092327 301 913
20250129092737 301 918
20250129100844 301 794
20250129101236 301 770
20250129102729 301 919
20250129104251 301 790
20250129104515 301 914
20250129105107 301 915
20250129105329 301 911
20250129105400 301 904
20250129105419 301 909
20250129111035 301 920
20250129115231 301 918
20250129120109 302 1203
20250129120111 301 917
20250129124956 301 906
20250129125248 301 919
20250129130309 301 930
20250129131558 301 916
20250129132449 301 910
20250129133206 301 919
20250129134619 301 917
20250129140009 301 916
20250129140237 301 922
20250129141820 301 913
20250129150547 301 908
20250129150610 301 921
20250129150939 302 965
20250129151606 302 1113
20250129151607 302 1116
20250129153211 301 772
20250129153535 301 918
20250129155636 301 921
20250129161937 301 915
20250129164517 301 1014
20250129165341 301 792
20250129170520 302 1444
20250129170651 302 1426
20250129170936 302 1421
20250129171415 - 1112
20250129171617 302 1441
20250129171746 302 1263
20250129171747 302 1268
20250129171834 301 913
20250129172442 302 1403
20250129173337 301 920
20250129173801 301 1216
20250129180754 301 927
20250129181031 301 912
20250129183125 301 918
20250129184911 301 916
20250129193338 301 772
20250129194422 301 919
20250129202505 301 923
20250129205017 301 919
20250129205826 301 926
20250129212117 301 915
20250129220839 301 922
20250129222007 301 920
20250129222033 301 927
20250129222827 301 775
20250129223355 301 787
20250129223737 301 920
20250129230714 301 917
20250129231219 301 899
20250129231409 301 919
20250129235836 302 1149
20250130000740 301 915
20250130001148 301 916
20250130001741 301 911
20250130004226 301 907
20250130005503 302 1433
20250130005504 302 1429
20250130011323 302 984
20250130012132 301 913
20250130013929 301 901
20250130014456 302 1442
20250130014456 302 1445
20250130014501 301 1216
20250130014501 301 1222
20250130014501 301 1207
20250130014506 302 1403
20250130014507 302 1396
20250130020233 301 916
20250130022327 301 910
20250130023358 301 920
20250130034214 302 1401
20250130035206 301 921
20250130040457 301 784
20250130041749 302 1127
20250130042813 301 923
20250130043801 301 922
20250130045123 302 1448
20250130045124 302 1448
20250130051021 301 919
20250130052139 301 907
20250130052518 301 917
20250130052953 301 912
20250130053038 301 925
20250130053557 302 1224
20250130060439 301 921
20250130061619 301 909
20250130061704 301 916
20250130061848 301 919
20250130070838 301 907
20250130072033 301 922
20250130072140 301 785
20250130072459 301 913
20250130072829 301 926
20250130075704 301 910
20250130080259 301 913
20250130081746 301 903
20250130083603 301 900
20250130084051 301 921
20250130090048 301 913
20250130090053 301 791
20250130090422 301 790
20250130101542 301 782
20250130102416 302 1447
20250130102417 302 1447
20250130104000 301 919
20250130104421 301 1340
20250130104625 301 702
20250130104640 301 1181
20250130104640 302 1451
20250130111118 301 914
20250130112513 301 924
20250130120302 302 978
20250130121616 301 784
20250130122429 301 907
20250130122728 301 918
20250130122748 301 779
20250130123322 302 1199
20250130123432 301 1215
20250130124225 301 913
20250130124459 302 971
20250130132721 301 929
20250130135020 301 785
20250130135046 301 912
20250130140109 301 919
20250130141858 302 1158
20250130143230 301 923
20250130144134 301 911
20250130144152 301 782
20250130144659 301 909
20250130145636 301 908
20250130150235 301 932
20250130153838 302 707
20250130161157 301 918
20250130164008 301 921
20250130165216 301 912
20250130170719 302 709
20250130171739 301 913
20250130172004 301 792
20250130172252 301 920
20250130173707 301 919
20250130175017 301 920
20250130175856 301 913
20250130175902 301 921
20250130180405 302 966
20250130181452 301 921
20250130183930 301 792
20250130184907 - 1109
20250130190001 301 914
20250130190107 301 784
20250130194214 301 1184
20250130194224 302 1456
20250130194729 301 919
20250130195455 301 920
20250130195757 301 913
20250130200542 301 779
20250130201650 301 903
20250130205925 301 919
20250130210540 301 916
20250130213046 301 776
20250130214119 301 923
20250130214513 301 918
20250130215040 301 910
20250130215920 301 920
20250130220114 301 782
20250130220209 302 713
20250130221421 301 789
20250130221800 301 923
20250130224115 301 785
20250130225439 302 1397
20250130225440 302 1401
20250130225547 302 1446
20250130225548 302 1449
20250130231020 302 1448
20250130232302 301 921
20250130232743 301 785
20250130232900 302 1269
20250130233037 301 919
20250130233857 302 1270
20250130234039 302 1423
20250130235120 301 782
20250131001636 301 919
20250131002819 301 912
20250131003335 301 914
20250131004055 301 1209
20250131004254 301 912
20250131011928 301 924
20250131012520 301 775
20250131012833 301 782
20250131012950 301 910
20250131013341 301 771
20250131013415 301 911
20250131023652 301 908
20250131030721 301 910
20250131033026 301 787
20250131034933 302 1459
20250131034934 302 1447
20250131040201 301 911
20250131041702 301 778
20250131041717 301 902
20250131042237 301 790
20250131042315 301 908
20250131044923 301 914
20250131045328 301 916
20250131045342 301 918
20250131045518 302 1444
20250131045519 302 1448
20250131045609 301 914
20250131053307 301 929
20250131054214 301 929
20250131055013 301 914
20250131060733 301 780
20250131064205 301 920
20250131064344 301 915
20250131070020 301 922
20250131070734 301 922
20250131071542 301 915
20250131071622 301 774
20250131072743 301 787
20250131075406 301 921
20250131081117 301 774
20250131081628 301 780
20250131083447 301 771
20250131083741 301 911
20250131084834 302 960
20250131085131 301 785
20250131085352 - 1099
20250131090158 301 924
20250131090217 301 918
20250131091101 301 792
20250131093531 301 920
20250131094441 301 917
20250131100341 301 784
20250131101656 301 931
20250131102200 301 922
20250131103547 404 6427
20250131104512 301 921
20250131104903 302 970
20250131105731 301 781
20250131110536 301 925
20250131111638 301 907
20250131112221 302 988
20250131113411 302 993
20250131113425 301 923
20250131114145 302 989
20250131114410 301 930
20250131115238 301 921
20250131120423 301 919
20250131124004 301 781
20250131124407 301 906
20250131131349 301 927
20250131143141 301 783
20250131144328 301 919
20250131145039 301 774
20250131145337 301 926
20250131145537 301 777
20250131151322 301 924
20250131151915 301 924
20250131153356 301 920
20250131155144 301 926
20250131160244 301 780
20250131162644 301 916
20250131163206 301 920
20250131163329 301 697
20250131163735 301 916
20250131163747 301 910
20250131170531 301 925
20250131171009 301 790
20250131173845 301 789
20250131175613 301 782
20250131175629 301 920
20250131180915 301 924
20250131182328 301 910
20250131190947 301 925
20250131193120 301 921
20250131194002 301 911
20250131195006 301 920
20250131200020 301 912
20250131203648 301 915
20250131204247 301 917
20250131204603 302 1396
20250131204604 302 1395
20250131204612 302 1442
20250131205017 302 1438
20250131205151 302 1268
20250131205816 301 929
20250131210042 301 915
20250131210300 301 915
20250131210404 302 1163
20250131210405 302 1159
20250131210925 302 1396
20250131211008 301 928
20250131212448 302 710
20250131215118 301 809
20250131215147 302 969
20250131215152 301 774
20250131215555 302 984
20250131220733 302 972
20250131221154 302 967
20250131221856 301 915
20250131221922 301 798
20250131222040 301 792
20250131222257 301 923
20250131222334 302 962
20250131222403 301 788
20250131222741 302 969
20250131223523 301 1208
20250131223956 301 795
20250131224502 302 974
20250131224650 301 795
20250131225508 302 983
20250131225712 301 1212
20250131230019 302 977
20250131230043 301 801
20250131234004 301 1019
20250201002838 302 1448
20250201002839 302 1440
20250201003612 302 1202
20250201010258 302 1440
20250201010259 302 1445
20250201052148 302 1424
20250201094413 302 1403
20250201094414 302 1403
20250201102639 301 1239
20250201122313 302 1437
20250201132654 302 1205
20250201140458 302 1396
20250201151714 301 1215
20250201174527 301 1023
20250201193725 301 1019
20250201203110 301 1021
20250201203127 302 1201
20250201234833 - 1113
20250202042144 301 1016
20250202042150 302 1203
20250202052352 301 1027
20250202052624 302 1197
20250202092308 301 1017
20250202093010 302 1201
20250202134002 301 1029
20250202134128 302 1200
20250202165957 302 1394
20250202180658 301 1212
20250202214413 302 1241
20250202214846 301 1181
20250202214847 302 1452
20250203001806 302 1199
20250203022917 302 1441
20250203022918 302 1435
20250203023121 302 1448
20250203023122 302 1435
20250203023453 302 1267
20250203023454 302 1267
20250203024047 302 1451
20250203024048 302 1454
20250203024323 302 1445
20250203025123 302 1266
20250203061434 302 1205
20250203064155 301 1017
20250203064251 302 1193
20250203134822 302 1454
20250203134823 302 1448
20250203155331 302 1424
20250203155332 302 1434
20250203161115 302 1122
20250203215841 301 1213
20250203220724 302 1405
20250203221504 301 1210
20250203221712 301 1022
20250203224940 301 1218
20250203230653 302 1200
20250204053354 302 1433
20250204053355 302 1433
20250204053530 302 1404
20250204053531 302 1397
20250204053547 302 1444
20250204055510 302 1396
20250204055511 302 1401
20250204055548 302 1447
20250204055558 302 1449
20250204055559 302 1446
20250204094903 302 1271
20250204094904 302 1275
20250204135759 302 1430
20250204135800 302 1437
20250204163132 302 1437
20250204163325 302 1428
20250204163326 302 1427
20250204163722 302 1450
20250204163723 302 1450
20250204164413 302 1399
20250204164414 302 1401
20250204164547 301 1207
20250204165104 302 1442
20250204165105 302 1441
20250204191047 301 1014
20250204191051 302 1202
20250204192732 302 1398
20250204225228 301 1021
20250204225302 302 1202
20250205005702 302 1445
20250205005703 302 1434
20250205012628 302 1119
20250205032315 302 1438
20250205032316 302 1453
20250205062223 302 1263
20250205093749 302 1438
20250205095621 302 1312
20250205112240 302 1111
20250205132710 302 1198
20250205171148 302 1425
20250205171149 302 1425
20250205171208 302 1448
20250205171209 302 1442
20250205171823 302 1401
20250205171824 302 1405
20250205172616 302 1437
20250205172617 302 1441
20250205172809 302 1451
20250205172810 302 1448
20250205173456 302 1407
20250205173602 302 1264
20250205173606 302 1268
20250205180440 302 1198
20250205200234 302 1297
20250205231934 301 1211
20250205231935 301 1213
20250206050808 302 1446
20250206110816 302 1437
20250206110817 302 1436
20250206115653 302 1398
20250206115654 302 1395
20250206141036 301 1016
20250206145837 301 1014
20250206145840 302 1194
20250206161241 302 1192
20250206192558 301 1015
20250206222958 302 1438
20250206223048 302 1426
20250206223226 302 1397
20250206223527 302 1448
20250206223618 302 1443
20250206223619 302 1445
20250206231049 302 1129
20250206234813 301 1211
20250206234814 301 1212
20250207031044 302 1268
20250207031045 302 1260
20250207031651 301 1211
20250207031653 301 1212
20250207033848 301 1014
20250207094822 302 1439
20250207103925 - 861
20250207141521 301 1016
20250207141522 302 1202
20250207145308 301 1213
20250207154401 302 1399
20250207155550 302 1115
20250207165121 302 1390
20250207165122 302 1404
20250207165128 302 1444
20250207165129 302 1444
20250207165648 302 1164
20250207165649 302 1155
20250207165725 302 1453
20250207165726 302 1453
20250207172106 302 1445
20250207172108 302 1436
20250207172500 301 1016
20250207172501 302 1193
20250207180641 301 1212
20250207180644 301 1214
20250207185022 302 1397
20250207205404 302 1396
20250207205405 302 1399
20250207211118 301 1016
20250207211120 302 1193
20250208005422 301 1342
20250208101837 302 1446
20250208101838 302 1442
20250208131017 301 1015
20250208133210 302 1194
20250208202314 302 1201
20250208214203 301 1190
20250208214204 302 1445
20250209122555 301 1211
20250209124507 302 1455
20250209124513 301 1179
20250209134309 301 1011
20250209134310 302 1198
20250209171523 301 1013
20250209171527 302 1208
20250209173819 301 1015
20250209173833 302 1201
20250209201415 301 1013
20250209201442 302 1199
20250209205854 302 1395
20250210001426 302 1444
20250210001427 302 1437
20250210001433 302 1395
20250210001434 302 1400
20250210002144 302 1263
20250210002407 302 1446
20250210002753 302 1440
20250210004505 301 1209
20250210015050 302 1447
20250210015051 302 1430
20250210024255 302 1429
20250210024256 302 1424
20250210055019 302 1405
20250210055020 302 1395
20250210093907 301 1219
20250210095227 302 1202
20250210102355 302 1447
20250210102356 302 1446
20250210154117 301 1013
20250210154124 302 1200
20250210155225 301 1014
20250210155226 302 1201
20250210171220 302 1446
20250210171221 302 1438
20250210203042 301 1210
20250211003643 302 1397
20250211003644 302 1398
20250211003700 302 1442
20250211004504 302 1441
20250211004505 302 1443
20250211005010 302 1158
20250211005011 302 1157
20250211005144 302 1394
20250211005145 302 1395
20250211010914 302 1422
20250211010915 302 1421
20250211021341 302 1397
20250211021342 302 1399
20250211021702 302 1399
20250211025358 301 1214
20250211025542 301 1018
20250211030657 302 1199
20250211033802 302 1407
20250211081045 302 1439
20250211081046 302 1438
20250211082147 301 1213
20250211082950 302 1404
20250211124208 301 1017
20250211124209 302 1198
20250211142457 302 1206
20250211194951 301 917
20250212105845 301 1019
20250212125247 301 1020
20250212141433 301 1014
20250212141435 302 1196
20250212161700 301 1220
20250212171136 302 1198
20250212173130 302 1406
20250212173131 302 1401
20250212173242 302 1425
20250212173243 302 1433
20250212173342 302 1454
20250212173343 302 1438
20250212175715 302 1422
20250212185320 301 1017
20250212203651 302 1415
20250212205051 301 1217
20250212205322 301 1019
20250212222200 301 1182
20250212222201 302 1448
20250212225348 302 1436
20250212234800 302 1195
20250212235958 302 1433
20250213022916 302 1419
20250213042325 302 1440
20250213084345 301 1217
20250213084346 301 1209
20250213103000 301 1226
20250213113639 301 1221
20250213134948 301 1018
20250213134951 302 1196
20250213164023 302 1200
20250213190103 302 1427
20250213190153 302 1398
20250213190154 302 1402
20250213191708 302 1456
20250213191912 302 1400
20250213191913 302 1393
20250213192046 302 1429
20250213192215 302 1448
20250213195537 302 1199
20250213200044 301 1215
20250213210427 301 1023
20250213222055 301 1023
20250214012551 301 1023
20250214043351 302 1277
20250214050929 302 1397
20250214050929 302 1401
20250214054011 301 785
20250214055913 301 916
20250214064430 301 907
20250214072337 301 912
20250214073754 301 782
20250214074518 302 1436
20250214075546 301 919
20250214075830 301 925
20250214080230 301 910
20250214084648 302 1194
20250214085646 301 916
20250214090012 301 921
20250214090528 301 922
20250214090850 302 1398
20250214092257 301 1008
20250214092302 302 1196
20250214092910 301 922
20250214093200 302 971
20250214093256 301 1212
20250214094516 301 909
20250214094831 301 782
20250214100504 301 1224
20250214100856 301 917
20250214104037 301 919
20250214104256 301 913
20250214105251 301 902
20250214112045 301 918
20250214112419 301 791
20250214114313 301 926
20250214114944 301 921
20250214115809 301 910
20250214122326 301 772
20250214122751 301 1017
20250214122753 302 1195
20250214123133 301 909
20250214123752 301 781
20250214125232 301 776
20250214125727 301 776
20250214125848 301 1103
20250214130418 301 1178
20250214130419 302 1452
20250214134506 301 910
20250214143402 301 785
20250214143445 301 919
20250214144545 301 924
20250214151206 301 775
20250214152747 301 918
20250214152922 301 768
20250214154926 301 787
20250214155001 301 911
20250214161229 302 707
20250214164118 302 755
20250214164523 301 898
20250214164620 301 916
20250214165331 301 781
20250214165842 301 780
20250214170229 301 789
20250214172726 301 782
20250214173405 301 916
20250214174422 301 774
20250214175259 301 915
20250214175650 301 785
20250214181028 302 708
20250214181441 301 901
20250214183534 301 778
20250214184147 302 957
20250214184537 301 779
20250214185449 301 804
20250214192350 301 974
20250214192505 301 905
20250214193613 302 1185
20250214194220 302 711
20250214194710 301 776
20250214194942 301 778
20250214195025 301 779
20250214195615 301 904
20250214200125 301 773
20250214201723 302 1046
20250214202729 301 915
20250214204251 302 965
20250214205153 302 1430
20250214205154 302 1420
20250214205220 302 1297
20250214205221 302 1282
20250214205333 302 1401
20250214205743 302 1452
20250214205744 302 1448
20250214205752 301 772
20250214211148 301 784
20250214211311 302 708
20250214212219 301 1208
20250214212220 301 1210
20250214213532 301 785
20250214213545 301 782
20250214214009 301 915
20250214214202 301 776
20250214214531 302 1399
20250214214739 302 761
20250214215323 302 1409
20250214215325 302 1402
20250214220329 301 915
20250214224833 302 967
20250214225915 301 914
20250214230502 301 1343
20250214230709 301 917
20250214230920 301 774
20250214234256 301 781
20250214234438 301 902
20250215002805 302 993
20250215002825 301 786
20250215004101 301 913
20250215004453 301 775
20250215011003 301 781
20250215014043 301 907
20250215015046 301 913
20250215020820 301 789
20250215020932 301 793
20250215025857 301 906
20250215031049 301 788
20250215031156 301 782
20250215032910 302 1442
20250215033136 301 913
20250215033520 301 791
20250215034508 302 965
20250215034541 301 781
20250215035058 301 786
20250215035733 301 909
20250215035832 301 798
20250215035833 302 964
20250215035911 302 965
20250215035956 302 980
20250215040006 302 962
20250215040124 302 964
20250215040259 302 970
20250215040306 301 788
20250215040630 301 790
20250215040701 302 963
20250215040741 302 957
20250215040930 301 792
20250215041317 301 907
20250215041427 301 807
20250215041804 301 789
20250215042718 302 966
20250215043304 301 773
20250215043514 301 796
20250215043658 302 979
20250215043901 302 960
20250215044033 301 779
20250215044811 302 951
20250215050124 302 992
20250215051110 301 806
20250215051447 301 786
20250215051552 301 783
20250215052006 302 964
20250215052815 301 796
20250215053619 301 773
20250215053941 302 983
20250215054201 301 911
20250215055432 301 917
20250215055502 301 930
20250215055804 301 910
20250215060300 302 1439
20250215060301 302 1445
20250215060407 302 746
20250215062210 301 917
20250215062347 301 920
20250215063007 301 773
20250215063430 301 919
20250215072350 301 780
20250215072415 301 785
20250215074143 301 914
20250215074617 301 912
20250215075118 301 922
20250215080837 301 905
20250215081030 301 926
20250215082705 301 918
20250215083506 301 918
20250215085054 301 905
20250215090357 301 1007
20250215090716 301 920
20250215091343 301 787
20250215091536 301 770
20250215091552 301 921
20250215092006 301 886
20250215093718 301 997
20250215095820 301 920
20250215103533 301 913
20250215105514 301 783
20250215110940 302 700
20250215113136 302 710
20250215113155 301 1017
20250215113156 302 1195
20250215114534 301 905
20250215114541 301 1179
20250215114542 302 1450
20250215115122 302 965
20250215115635 301 924
20250215120831 301 788
20250215122255 301 917
20250215123145 301 907
20250215124345 302 707
20250215130113 301 914
20250215131524 301 928
20250215132958 301 920
20250215133537 301 912
20250215134530 301 773
20250215135824 301 912
20250215140749 301 914
20250215140800 301 919
20250215140831 302 972
20250215143450 301 773
20250215143536 301 788
20250215144320 301 918
20250215144640 301 778
20250215153359 301 920
20250215153511 301 772
20250215153650 301 697
20250215155727 301 911
20250215155753 301 785
20250215160721 301 921
20250215161506 302 707
20250215163001 301 914
20250215164139 301 910
20250215165905 301 782
20250215170116 301 930
20250215170916 302 705
20250215175914 301 790
20250215181428 301 784
20250215182344 302 970
20250215184512 301 918
20250215185651 301 918
20250215190455 301 916
20250215190620 301 928
20250215191513 301 910
20250215194305 302 706
20250215195321 301 783
20250215201621 301 920
20250215202525 302 961
20250215203137 301 904
20250215204133 301 922
20250215205428 301 782
20250215210147 301 917
20250215210417 302 969
20250215210445 301 918
20250215221416 302 973
20250215222056 301 925
20250215222556 301 916
20250215225840 301 907
20250215231113 301 911
20250215231241 301 902
20250215232531 301 909
20250215232906 302 1058
20250215233458 301 920
20250215233536 301 918
20250215234250 301 780
20250215234941 302 972
20250216001143 301 928
20250216002229 301 914
20250216005233 301 782
20250216005306 301 787
20250216011451 301 782
20250216012204 301 902
20250216015154 301 772
20250216020101 301 921
20250216020203 301 782
20250216021228 302 980
20250216024136 301 914
20250216030431 301 916
20250216030448 301 917
20250216030809 301 913
20250216031439 301 705
20250216033715 301 804
20250216034145 301 919
20250216035636 301 924
20250216040258 301 924
20250216040840 301 917
20250216042205 302 697
20250216043049 302 701
20250216044027 301 905
20250216044531 301 926
20250216044545 302 967
20250216044915 301 785
20250216045757 301 914
20250216052041 301 921
20250216052738 302 751
20250216053218 301 905
20250216054344 301 906
20250216060624 301 917
20250216062433 301 915
20250216062557 301 1016
20250216062612 302 1196
20250216062908 301 925
20250216063928 301 915
20250216065737 301 919
20250216070339 301 1221
20250216070701 301 778
20250216071304 301 923
20250216075009 301 1216
20250216075207 301 912
20250216080219 301 915
20250216081723 302 961
20250216081742 302 711
20250216083146 302 957
20250216083629 301 783
20250216090021 301 923
20250216092052 301 927
20250216092207 301 910
20250216094501 301 911
20250216094839 301 915
20250216095907 302 973
20250216101011 301 914
20250216101049 301 780
20250216102750 301 916
20250216104645 301 922
20250216113558 301 913
20250216115151 302 713
20250216115153 301 915
20250216120250 301 1008
20250216120647 301 782
20250216120842 301 919
20250216120852 301 912
20250216121120 302 1197
20250216121412 301 916
20250216121539 301 776
20250216122810 301 922
20250216123620 302 982
20250216125845 301 904
20250216130245 301 695
20250216130330 301 919
20250216130911 302 1443
20250216132017 301 903
20250216134124 301 787
20250216134813 301 769
20250216135122 302 1126
20250216135227 301 913
20250216141548 302 745
20250216144435 301 912
20250216145152 301 924
20250216145951 302 717
20250216150139 301 918
20250216151139 301 908
20250216152431 301 789
20250216153551 301 901
20250216153635 301 767
20250216154315 301 916
20250216155234 301 780
20250216155424 301 773
20250216160053 301 777
20250216160707 301 920
20250216160946 302 974
20250216161057 301 908
20250216163516 302 1197
20250216164257 301 901
20250216165242 301 921
20250216171352 301 919
20250216172738 301 784
20250216172929 302 968
20250216174257 301 784
20250216174645 301 788
20250216175020 301 918
20250216175449 302 1425
20250216175451 302 1417
20250216181222 301 918
20250216181305 301 787
20250216181419 301 919
20250216182706 301 918
20250216182913 301 780
20250216183410 302 963
20250216184115 301 919
20250216184307 301 924
20250216185728 301 924
20250216192607 301 911
20250216194813 301 914
20250216195817 301 914
20250216200310 301 911
20250216202536 301 917
20250216203843 301 908
20250216205839 301 788
20250216205852 301 911
20250216210058 301 783
20250216213203 301 918
20250216213446 301 919
20250216214430 301 915
20250216214655 301 924
20250216215838 301 915
20250216220319 301 919
20250216220357 301 783
20250216222612 301 913
20250216223543 301 912
20250216225119 301 904
20250216230737 301 788
20250216231137 301 916
20250216231614 301 909
20250216231644 302 966
20250216231729 302 752
20250216232851 301 779
20250216234201 301 919
20250216235152 301 784
20250217001707 301 916
20250217001745 301 913
20250217002315 301 907
20250217002550 301 924
20250217004317 301 790
20250217004654 302 708
20250217005701 301 912
20250217005945 301 923
20250217010621 301 921
20250217010658 302 1433
20250217011027 301 781
20250217011031 302 1431
20250217011032 302 1432
20250217012202 302 1439
20250217012236 302 716
20250217013115 302 1264
20250217013116 302 1260
20250217013943 301 920
20250217014324 301 906
20250217020622 302 1405
20250217022001 302 977
20250217023301 302 955
20250217023559 302 707
20250217024011 301 769
20250217024039 301 791
20250217025037 301 907
20250217025226 301 1209
20250217030338 301 906
20250217031717 301 775
20250217033228 301 922
20250217035132 301 916
20250217040945 301 777
20250217041432 301 925
20250217043216 301 780
20250217044147 301 916
20250217044838 302 977
20250217050525 301 913
20250217051516 301 921
20250217054130 301 917
20250217054250 301 914
20250217061617 301 788
20250217062229 301 927
20250217063224 301 916
20250217064127 302 964
20250217065751 301 786
20250217065838 301 774
20250217070842 301 918
20250217074258 302 1437
20250217074259 302 1443
20250217074357 301 910
20250217081119 301 916
20250217081739 301 921
20250217082816 301 913
20250217084603 301 784
20250217090013 302 1432
20250217090014 302 1449
20250217090414 301 907
20250217091154 301 917
20250217091429 301 916
20250217091954 301 911
20250217100734 302 1407
20250217100736 301 783
20250217101152 301 915
20250217101354 301 921
20250217102217 301 920
20250217102230 301 926
20250217103024 301 911
20250217103213 301 923
20250217110251 301 911
20250217112834 301 926
20250217114741 302 747
20250217114835 301 922
20250217115300 302 706
20250217120057 301 773
20250217120524 301 912
20250217121014 301 917
20250217123700 301 920
20250217124320 302 980
20250217125231 301 913
20250217125951 301 914
20250217131147 301 1211
20250217131552 302 708
20250217131639 301 779
20250217132417 301 916
20250217132653 302 1198
20250217134309 301 920
20250217134427 301 914
20250217135216 301 919
20250217140825 301 780
20250217142558 301 911
20250217142717 301 922
20250217145222 301 905
20250217151540 301 795
20250217151923 301 918
20250217154212 301 939
20250217155254 302 962
20250217155313 302 979
20250217155746 302 952
20250217155916 301 784
20250217160405 301 785
20250217160557 302 968
20250217160740 301 919
20250217160750 301 787
20250217161242 302 960
20250217161256 301 921
20250217161314 302 961
20250217161354 302 960
20250217161805 302 962
20250217161848 302 958
20250217162021 302 964
20250217162041 302 976
20250217162151 302 958
20250217164214 301 916
20250217164335 302 988
20250217164413 301 910
20250217165538 301 786
20250217170854 302 1128
20250217171021 301 921
20250217172551 301 921
20250217174026 301 925
20250217175628 301 918
20250217181255 301 791
20250217183639 301 915
20250217184253 302 705
20250217184358 301 913
20250217185922 301 927
20250217191925 302 708
20250217192548 301 922
20250217192715 301 917
20250217192940 302 982
20250217194246 301 919
20250217194324 302 714
20250217195522 301 908
20250217200129 302 708
20250217200823 302 710
20250217200949 302 703
20250217201112 302 698
20250217201139 301 907
20250217202810 302 702
20250217202854 301 789
20250217203011 301 911
20250217205708 301 905
20250217213754 301 920
20250217214137 301 914
20250217214821 301 913
20250217222633 301 913
20250217225902 301 914
20250217231038 301 915
20250217235738 301 911
20250218011819 301 915
20250218030502 302 964
20250218032340 302 1368
20250218032431 302 964
20250218032612 301 918
20250218042604 301 791
20250218042713 301 912
20250218042843 301 920
20250218042940 301 917
20250218043129 301 907
20250218043443 301 913
20250218043713 301 791
20250218043743 302 965
20250218043822 301 914
20250218043849 301 917
20250218043859 301 914
20250218045006 301 916
20250218045727 301 922
20250218050155 301 910
20250218050255 301 913
20250218050428 301 917
20250218050429 302 959
20250218051018 301 902
20250218053056 301 917
20250218053624 302 965
20250218053625 301 921
20250218055450 302 964
20250218055815 301 786
20250218061618 301 915
20250218061704 301 780
20250218062003 302 962
20250218063048 301 913
20250218063133 301 919
20250218063442 301 910
20250218063734 301 915
20250218064546 301 914
20250218065415 301 902
20250218070304 301 773
20250218071415 301 917
20250218073221 301 792
20250218073331 301 921
20250218080047 301 915
20250218080211 301 769
20250218080233 302 955
20250218080407 301 908
20250218081516 301 912
20250218081637 301 784
20250218082554 301 918
20250218084840 301 913
20250218085259 301 916
20250218090237 301 911
20250218092724 301 784
20250218093633 301 917
20250218094916 301 909
20250218102812 302 959
20250218103316 301 777
20250218103637 302 711
20250218104121 301 922
20250218105058 301 924
20250218110124 301 916
20250218110222 301 776
20250218111103 301 784
20250218111301 301 916
20250218112544 301 903
20250218114430 301 924
20250218120220 301 902
20250218122241 301 910
20250218125919 301 912
20250218130036 301 787
20250218130051 302 946
20250218130647 302 951
20250218130712 302 970
20250218130918 301 915
20250218130942 302 957
20250218131240 302 959
20250218131445 302 962
20250218131751 302 960
20250218132035 302 965
20250218132100 301 767
20250218132306 301 930
20250218132537 302 952
20250218132543 302 960
20250218132958 302 960
20250218133000 302 970
20250218133130 301 913
20250218133828 301 693
20250218133829 302 955
20250218134035 301 913
20250218140524 301 913
20250218140850 302 958
20250218140857 301 1042
20250218141839 301 800
20250218142544 301 916
20250218142653 301 908
20250218143144 302 1129
20250218144245 301 787
20250218144558 - 1293
20250218145841 301 913
20250218150402 302 717
20250218151149 301 915
20250218152746 301 908
20250218154424 301 915
20250218155708 301 921
20250218162534 301 914
20250218162634 301 912
20250218164105 301 925
20250218165542 301 916
20250218170117 302 992
20250218171350 301 902
20250218172522 301 912
20250218174252 301 920
20250218180006 301 921
20250218181555 301 913
20250218182549 301 908
20250218184107 301 788
20250218185651 301 922
20250218191827 301 914
20250218193107 301 905
20250218194743 301 912
20250218200016 301 922
20250218201253 301 914
20250218202702 301 786
20250218203934 301 913
20250218205953 301 914
20250218211201 301 783
20250218212601 301 778
20250218215140 301 917
20250218215532 301 908
20250218215545 301 778
20250218221119 301 907
20250218222953 301 896
20250218224607 301 782
20250218230254 301 921
20250218231204 301 792
20250218232554 301 912
20250218234050 301 909
20250218235714 301 785
20250219001426 301 926
20250219002458 301 908
20250219004335 301 784
20250219010616 301 920
20250219011808 301 772
20250219013117 301 911
20250219014217 301 906
20250219015648 301 919
20250219021200 301 925
20250219023008 301 912
20250219024158 301 911
20250219025831 301 914
20250219031100 301 782
20250219032722 301 787
20250219034136 301 918
20250219035322 302 1433
20250219035323 302 1435
20250219035621 302 1426
20250219035622 302 1426
20250219035659 301 919
20250219040635 302 1402
20250219040636 302 1402
20250219041242 301 913
20250219041335 302 1447
20250219041336 302 1443
20250219042932 302 1422
20250219043638 301 781
20250219050420 301 805
20250219050525 301 916
20250219050823 301 1212
20250219051232 301 782
20250219051421 301 795
20250219052457 301 919
20250219053324 302 1405
20250219053325 302 1399
20250219054336 301 918
20250219054941 - 1106
20250219060815 301 790
20250219061519 301 923
20250219062720 301 781
20250219064340 301 924
20250219070025 301 784
20250219071501 301 781
20250219072848 301 781
20250219074518 301 779
20250219075528 301 920
20250219081010 301 781
20250219082606 301 922
20250219084010 301 912
20250219090055 301 903
20250219090350 302 1433
20250219091015 301 920
20250219092701 301 913
20250219094132 301 907
20250219094952 302 1401
20250219094954 302 1404
20250219100219 301 784
20250219101150 301 918
20250219101655 302 1401
20250219101934 301 787
20250219103115 301 782
20250219104308 301 917
20250219105546 301 788
20250219110726 302 714
20250219111017 301 778
20250219111819 301 783
20250219112459 301 784
20250219114106 302 965
20250219114419 301 914
20250219115612 301 782
20250219121118 302 711
20250219121342 301 785
20250219122613 301 776
20250219122957 301 922
20250219123430 302 700
20250219124031 301 908
20250219125147 302 708
20250219125333 301 928
20250219125527 301 918
20250219131035 302 750
20250219131618 301 918
20250219132528 301 917
20250219134054 301 915
20250219135603 301 920
20250219135614 301 913
20250219140942 301 910
20250219142645 301 912
20250219144143 301 928
20250219144554 301 1220
20250219145440 301 923
20250219150705 301 908
20250219150947 301 928
20250219152508 301 925
20250219153925 301 781
20250219155628 301 699
20250219161056 301 912
20250219161736 301 1049
20250219162804 301 780
20250219164041 301 909
20250219165954 301 775
20250219170924 301 899
20250219172544 301 916
20250219174020 301 920
20250219174139 302 704
20250219175613 301 915
20250219181022 301 560
20250219182011 302 1125
20250219182448 301 902
20250219184842 301 920
20250219185654 301 782
20250219190343 302 714
20250219190907 302 715
20250219191115 301 928
20250219192113 302 704
20250219192433 301 784
20250219192843 301 776
20250219194040 301 913
20250219195602 301 923
20250219201126 301 917
20250219202520 301 912
20250219203929 301 917
20250219205024 302 703
20250219205448 301 917
20250219212958 301 777
20250219213308 301 921
20250219214154 301 785
20250219215529 301 924
20250219221403 301 897
20250219221525 302 701
20250219222302 301 1185
20250219222919 301 911
20250219224447 301 909
20250219225450 301 919
20250219230949 301 779
20250219232705 301 910
20250219233957 301 914
20250219234604 302 948
20250220000317 301 909
20250220001239 301 920
20250220002507 301 918
20250220005704 301 911
20250220011717 301 779
20250220012459 301 925
20250220014022 301 789
20250220015626 301 920
20250220021052 301 693
20250220022045 301 905
20250220022657 301 923
20250220024242 301 918
20250220025520 301 919
20250220025559 301 913
20250220031210 301 920
20250220031939 302 727
20250220033121 301 926
20250220035721 301 886
20250220040752 301 893
20250220041333 301 755
20250220042635 301 888
20250220045056 301 910
20250220045510 301 779
20250220052404 301 911
20250220052659 301 777
20250220053959 301 916
20250220055209 301 780
20250220060044 301 923
20250220060236 301 921
20250220061248 301 911
20250220062613 301 909
20250220062827 302 1394
20250220062828 302 1400
20250220062838 302 1430
20250220062840 302 1426
20250220063756 302 1450
20250220063854 302 1445
20250220063855 302 1444
20250220064047 301 911
20250220064922 302 1402
20250220064923 302 1398
20250220064925 302 1076
20250220065539 301 910
20250220071402 301 769
20250220072540 301 1210
20250220072604 301 778
20250220074430 301 782
20250220075717 301 769
20250220081017 301 782
20250220081711 302 1273
20250220081712 302 1273
20250220082704 301 913
20250220084206 301 782
20250220084528 302 698
20250220085509 301 792
20250220090415 301 916
20250220090756 302 706
20250220091017 301 776
20250220092529 302 1047
20250220092530 301 913
20250220092807 301 970
20250220093744 302 747
20250220094053 301 902
20250220095629 301 912
20250220101040 301 782
20250220102544 301 779
20250220105157 301 919
20250220110252 301 798
20250220111127 301 780
20250220112743 301 780
20250220114246 301 924
20250220115616 301 778
20250220115657 301 772
20250220121440 301 790
20250220122801 301 785
20250220124223 301 785
20250220125947 301 783
20250220131028 301 792
20250220131726 301 778
20250220132548 301 785
20250220134129 301 787
20250220135356 302 709
20250220135509 301 790
20250220141019 301 774
20250220142442 301 778
20250220142820 302 720
20250220144100 301 783
20250220145516 301 778
20250220150859 302 693
20250220151144 301 777
20250220152121 302 702
20250220152615 301 785
20250220153146 302 700
20250220153950 301 800
20250220155453 301 791
20250220161005 301 906
20250220162539 301 785
20250220162848 302 700
20250220164015 301 780
20250220165522 301 790
20250220170737 302 673
20250220171007 301 784
20250220172557 301 788
20250220174029 301 781
20250220175559 301 790
20250220181252 301 788
20250220181634 301 772
20250220181750 301 780
20250220182519 301 781
20250220184028 301 782
20250220185125 302 709
20250220185507 301 792
20250220191009 301 767
20250220192544 301 788
20250220193953 301 784
20250220195247 301 916
20250220195520 301 902
20250220201335 301 775
20250220201340 301 792
20250220202400 301 778
20250220202502 301 775
20250220204040 301 782
20250220210723 301 783
20250220214416 301 787
20250220221401 302 964
20250220221434 301 790
20250220221628 301 782
20250220221943 301 782
20250220222053 302 967
20250220222055 301 779
20250220222211 301 768
20250220222651 301 767
20250220222722 301 766
20250220222742 301 923
20250220222808 301 770
20250220223045 301 770
20250220223515 302 964
20250220223657 301 776
20250220225016 301 787
20250220225612 301 782
20250220230649 301 784
20250220231915 301 920
20250220232837 301 772
20250220233222 301 773
20250220233251 301 787
20250220233407 301 778
20250220234733 302 1452
20250220234734 302 1445
20250221003324 301 783
20250221003855 301 797
20250221004152 301 796
20250221004720 301 793
20250221005550 301 800
20250221010721 301 796
20250221012033 301 913
20250221012309 301 792
20250221013310 301 926
20250221013353 301 786
20250221013950 301 784
20250221014349 301 794
20250221014841 301 931
20250221020959 301 924
20250221022230 301 918
20250221022620 301 913
20250221023003 301 793
20250221023324 302 960
20250221023346 302 974
20250221023434 301 780
20250221024519 301 795
20250221024527 302 973
20250221024900 301 924
20250221025216 302 982
20250221030115 301 906
20250221031156 301 908
20250221032157 301 783
20250221032233 301 785
20250221032428 301 797
20250221034040 301 923
20250221035033 301 920
20250221035503 301 908
20250221040937 301 793
20250221041727 302 996
20250221042510 301 792
20250221042941 302 713
20250221044025 301 930
20250221045618 301 928
20250221051004 301 927
20250221051652 301 915
20250221052507 301 931
20250221054101 301 913
20250221055542 301 791
20250221060957 301 924
20250221061110 302 996
20250221062630 301 911
20250221063925 301 914
20250221065305 302 977
20250221065353 302 978
20250221065441 302 961
20250221065538 302 974
20250221065649 301 908
20250221071117 301 922
20250221072441 301 923
20250221074145 301 804
20250221075703 301 922
20250221080301 302 1453
20250221081104 301 784
20250221082138 302 703
20250221082743 301 920
20250221083535 302 705
20250221084121 301 926
20250221085517 301 922
20250221091139 301 928
20250221092449 301 924
20250221092456 301 911
20250221094002 301 794
20250221094719 301 922
20250221095646 301 916
20250221101041 301 926
20250221102509 301 797
20250221104002 301 913
20250221104124 302 709
20250221105502 301 786
20250221111006 301 788
20250221111505 302 715
20250221113114 301 925
20250221114119 301 931
20250221115426 301 786
20250221120500 302 967
20250221120537 302 967
20250221120555 302 971
20250221120603 302 984
20250221120944 302 971
20250221121020 301 923
20250221122518 301 929
20250221123933 302 716
20250221124032 301 916
20250221124329 302 716
20250221125253 301 931
20250221125526 301 920
20250221130314 302 718
20250221131028 301 923
20250221132432 301 919
20250221134004 301 925
20250221135252 302 708
20250221140338 302 988
20250221141445 301 787
20250221142450 301 930
20250221143342 302 701
20250221143700 302 1398
20250221143701 302 1390
20250221144013 301 916
20250221145517 301 924
20250221145612 302 981
20250221145635 302 980
20250221145721 302 972
20250221145738 302 983
20250221145908 302 973
20250221151025 301 925
20250221151318 302 999
20250221151320 301 795
20250221152600 301 910
20250221154036 301 917
20250221154211 301 922
20250221155609 301 926
20250221161038 301 927
20250221161842 301 919
20250221162625 301 926
20250221164009 301 916
20250221165509 301 923
20250221171006 301 932
20250221171604 302 985
20250221172544 301 799
20250221174033 301 929
20250221175259 302 706
20250221175616 301 919
20250221180850 302 716
20250221180940 301 785
20250221182450 301 907
20250221184101 301 798
20250221185614 301 933
20250221190816 302 711
20250221190941 301 788
20250221192509 301 791
20250221192610 301 917
20250221192801 301 908
20250221193934 301 920
20250221195041 301 917
20250221195317 301 1345
20250221195530 301 801
20250221201043 301 786
20250221201210 301 799
20250221202153 302 754
20250221202623 301 919
20250221202838 301 924
20250221203549 302 713
20250221203954 301 933
20250221205700 301 928
20250221205817 302 729
20250221211057 301 910
20250221212439 301 788
20250221213506 302 1423
20250221213507 302 1431
20250221213858 302 717
20250221213932 301 926
20250221213947 302 1423
20250221214808 302 1453
20250221214809 302 1447
20250221215313 302 1435
20250221215314 302 1444
20250221215550 301 912
20250221220940 301 927
20250221221618 302 968
20250221222444 301 917
20250221222819 301 1211
20250221223942 301 926
20250221225523 301 921
20250221231034 301 793
20250221232607 301 930
20250221232955 302 709
20250221233955 301 917
20250221235520 301 917
20250222001105 301 918
20250222001333 302 714
20250222002447 301 789
20250222004141 301 920
20250222005621 301 920
20250222010955 301 923
20250222012503 301 911
20250222013950 301 920
20250222015447 301 912
20250222021136 301 918
20250222022431 302 1000
20250222022705 301 922
20250222024004 301 907
20250222024340 302 708
20250222024539 301 917
20250222025512 302 723
20250222025515 301 927
20250222031109 301 928
20250222032425 301 919
20250222034021 301 906
20250222034313 302 1443
20250222035647 301 920
20250222041007 301 903
20250222041702 302 709
20250222042010 302 1405
20250222042432 301 910
20250222044437 301 919
20250222045714 301 792
20250222051001 301 928
20250222052450 301 913
20250222052858 302 762
20250222053244 302 1399
20250222053245 302 1396
20250222054134 301 908
20250222054642 302 706
20250222055425 302 1025
20250222055535 302 751
20250222055641 301 926
20250222060301 301 808
20250222061028 301 790
20250222062035 302 720
20250222062553 301 902
20250222063951 301 930
20250222064610 301 919
20250222065518 301 929
20250222065848 302 707
20250222070108 302 993
20250222070938 301 914
20250222072641 301 932
20250222074137 301 784
20250222074233 301 918
20250222074635 302 692
20250222075454 301 919
20250222080025 302 716
20250222081106 301 781
20250222081720 301 702
20250222082716 301 923
20250222084037 301 922
20250222085813 301 777
20250222090951 301 793
20250222091812 302 982
20250222091920 302 707
20250222092503 301 922
20250222094051 301 900
20250222095125 302 705
20250222095510 301 919
20250222101141 301 918
20250222102453 301 794
20250222103023 301 782
20250222103656 301 795
20250222103950 301 778
20250222105530 301 921
20250222110952 301 919
20250222112508 301 792
20250222114043 301 798
20250222115432 301 923
20250222115525 301 916
20250222121006 301 912
20250222122718 301 932
20250222123149 302 982
20250222124021 301 921
20250222124432 301 788
20250222125524 301 924
20250222130957 301 914
20250222132333 302 976
20250222132436 301 794
20250222134055 301 916
20250222135522 301 913
20250222141306 301 911
20250222142703 301 921
20250222143236 302 1067
20250222144023 301 914
20250222145426 301 926
20250222151212 301 920
20250222151849 301 924
20250222152428 301 923
20250222153308 301 910
20250222154059 301 902
20250222155308 301 788
20250222155725 301 920
20250222161009 301 916
20250222162453 301 799
20250222163943 301 928
20250222165443 301 794
20250222170009 302 764
20250222171001 301 913
20250222172418 302 682
20250222172503 301 925
20250222173937 301 919
20250222175436 301 911
20250222181128 301 922
20250222181925 301 918
20250222182502 301 915
20250222183516 301 792
20250222184003 301 785
20250222184216 301 911
20250222190048 301 926
20250222191207 301 925
20250222192700 301 907
20250222193220 302 703
20250222194058 301 931
20250222200223 302 709
20250222200950 301 928
20250222201100 301 921
20250222201324 302 755
20250222202535 301 908
20250222203931 301 926
20250222205455 301 916
20250222210245 302 712
20250222211026 301 923
20250222212442 301 926
20250222214010 301 921
20250222214630 302 707
20250222215512 302 754
20250222215516 301 915
20250222220955 301 926
20250222221914 302 706
20250222222615 301 913
20250222224033 301 790
20250222225223 301 905
20250222225447 301 918
20250222225723 302 707
20250222231001 301 912
20250222232441 301 927
20250222233930 301 912
20250222235458 301 928
20250223000816 302 724
20250223001041 301 927
20250223002719 301 916
20250223003953 301 916
20250223005430 301 908
20250223010933 301 794
20250223011923 301 783
20250223012441 301 909
20250223014432 301 785
20250223014440 301 915
20250223014903 301 919
20250223015512 301 918
20250223020155 302 710
20250223020933 301 903
20250223021343 301 1398
20250223021344 302 1228
20250223022443 301 919
20250223024053 301 918
20250223025453 301 922
20250223031051 301 907
20250223032528 301 919
20250223032559 302 701
20250223033934 301 917
20250223035505 301 904
20250223040410 302 706
20250223040959 301 918
20250223041901 302 981
20250223042700 301 902
20250223042756 301 914
20250223043711 302 710
20250223043952 301 930
20250223044528 302 703
20250223045508 301 921
20250223050946 301 788
20250223051014 302 712
20250223052438 301 910
20250223053744 301 930
20250223054022 302 981
20250223054149 301 927
20250223055447 301 920
20250223060937 301 925
20250223062444 301 908
20250223064120 301 912
20250223065118 302 711
20250223065458 301 926
20250223071208 301 914
20250223072432 301 915
20250223074004 301 912
20250223075525 301 918
20250223080020 302 704
20250223081007 301 922
20250223081735 301 779
20250223082622 301 923
20250223084612 301 920
20250223085600 301 909
20250223091133 301 923
20250223092513 301 917
20250223093943 301 914
20250223095509 301 916
20250223100644 302 702
20250223101009 301 910
20250223101029 301 925
20250223102442 301 914
20250223103933 301 907
20250223105746 301 921
20250223111017 301 910
20250223112445 301 794
20250223113947 301 782
20250223115521 301 790
20250223120925 301 910
20250223122449 301 909
20250223124059 301 909
20250223125436 301 923
20250223131140 301 798
20250223132622 301 918
20250223134010 301 913
20250223135433 301 918
20250223135753 301 919
20250223141006 301 906
20250223142521 301 919
20250223143426 301 912
20250223144114 301 921
20250223144632 302 704
20250223145434 301 922
20250223151024 301 910
20250223152613 301 899
20250223152807 302 1421
20250223152808 302 1429
20250223152929 301 915
20250223153954 301 911
20250223155431 301 915
20250223161009 301 927
20250223162503 301 786
20250223163942 301 922
20250223165454 301 925
20250223171024 301 900
20250223172455 301 555
20250223173933 301 912
20250223175510 301 908
20250223180646 302 723
20250223180941 301 924
20250223182525 301 913
20250223183001 301 789
20250223183030 302 710
20250223184018 301 925
20250223184201 302 728
20250223185508 301 917
20250223191001 301 919
20250223191740 301 803
20250223192538 301 903
20250223192915 302 712
20250223194002 301 784
20250223195458 301 922
20250223200942 301 908
20250223202507 301 916
20250223204246 301 922
20250223205457 301 919
20250223210935 301 921
20250223212046 302 969
20250223213039 301 926
20250223214122 301 914
20250223215446 301 788
20250223220953 301 923
20250223222455 301 918
20250223223951 301 913
20250223225446 301 915
20250223230928 301 919
20250223232545 301 911
20250223234140 301 925
20250223235602 301 781
20250224000957 301 929
20250224001143 302 718
20250224001412 302 707
20250224002427 301 923
20250224004026 301 915
20250224005447 301 916
20250224010936 301 935
20250224012459 301 917
20250224014005 301 916
20250224015325 302 711
20250224015429 301 924
20250224021021 301 928
20250224021423 302 707
20250224021631 301 793
20250224022508 301 917
20250224023437 302 700
20250224024041 301 932
20250224025927 301 934
20250224031126 301 800
20250224032424 301 930
20250224033214 302 715
20250224034010 301 924
20250224035506 301 921
20250224040921 301 920
20250224042520 301 919
20250224044008 301 795
20250224045456 301 802
20250224050934 301 925
20250224052620 301 925
20250224053929 301 919
20250224055434 301 912
20250224055720 302 719
20250224060932 301 920
20250224061900 302 707
20250224062448 301 934
20250224063942 301 920
20250224064542 302 728
20250224065519 301 932
20250224070943 301 794
20250224072421 301 808
20250224073326 302 1053
20250224073944 301 917
20250224075438 301 926
20250224081024 301 795
20250224082716 301 930
20250224083938 301 935
20250224085154 302 988
20250224085449 301 926
20250224090944 301 924
20250224092535 301 795
20250224093054 301 933
20250224093927 301 921
20250224095536 301 935
20250224101019 301 785
20250224102431 301 920
20250224103024 302 1067
20250224103950 301 911
20250224104220 302 711
20250224105546 301 801
20250224110950 301 918
20250224112503 301 934
20250224113950 301 773
20250224115559 301 923
20250224121008 301 924
20250224122533 301 928
20250224124006 301 928
20250224124334 302 715
20250224125503 301 932
20250224131013 301 906
20250224132101 301 919
20250224132532 301 933
20250224134004 301 910
20250224135531 301 931
20250224140955 301 926
20250224141647 302 703
20250224142657 301 925
20250224144027 301 924
20250224145442 301 928
20250224150119 302 998
20250224150317 302 1005
20250224150832 302 979
20250224150912 302 964
20250224151300 301 929
20250224152432 301 922
20250224154003 301 925
20250224155508 301 798
20250224161056 301 910
20250224162521 301 920
20250224163954 301 921
20250224165532 301 792
20250224171449 301 928
20250224171905 302 705
20250224172817 301 931
20250224174043 301 925
20250224174522 302 1430
20250224174523 302 1430
20250224174709 302 1435
20250224174710 302 1425
20250224175009 301 924
20250224175322 302 1439
20250224175401 302 1456
20250224175402 302 1452
20250224175445 301 928
20250224181113 301 922
20250224182455 301 922
20250224183954 301 920
20250224185446 301 928
20250224191018 301 926
20250224192409 302 1446
20250224192451 301 915
20250224194114 301 925
20250224194718 301 1350
20250224194719 301 1347
20250224195426 301 929
20250224200946 301 916
20250224202641 301 924
20250224204407 301 781
20250224205030 302 982
20250224205459 301 799
20250224211024 301 932
20250224212602 301 903
20250224214102 301 919
20250224215424 301 919
20250224220004 302 1072
20250224220955 301 927
20250224222501 301 922
20250224224044 301 929
20250224224226 302 1443
20250224225455 301 927
20250224230952 301 921
20250224232535 301 925
20250224233949 301 917
20250224235525 301 925
20250225001038 301 915
20250225001849 301 1211
20250225001946 301 789
20250225002452 301 916
20250225004029 301 917
20250225005532 301 922
20250225010958 301 920
20250225011540 302 1269
20250225012520 301 919
20250225014331 301 920
20250225015459 301 917
20250225021322 301 789
20250225024721 301 918
20250225025356 301 799
20250225031118 301 792
20250225031255 301 925
20250225033213 301 916
20250225034007 301 919
20250225035931 301 923
20250225041012 301 920
20250225041432 301 932
20250225042434 301 928
20250225042508 301 564
20250225042528 302 715
20250225044024 301 916
20250225045442 301 926
20250225051120 301 911
20250225052513 301 918
20250225053956 301 917
20250225054330 301 921
20250225055454 301 917
20250225060934 301 913
20250225062516 301 707
20250225064122 301 798
20250225070123 301 801
20250225074658 301 925
20250225075018 301 924
20250225075207 301 925
20250225080144 301 917
20250225081004 301 917
20250225084041 301 918
20250225085441 301 797
20250225085635 301 1213
20250225091027 301 923
20250225091805 301 1213
20250225092712 301 928
20250225093256 302 1397
20250225094404 301 920
20250225095809 301 926
20250225101054 301 915
20250225102521 301 913
20250225104013 301 799
20250225105455 301 932
20250225110939 301 921
20250225112451 301 793
20250225113952 301 918
20250225115457 301 913
20250225120433 302 1270
20250225120928 301 928
20250225122605 301 914
20250225124017 301 921
20250225125347 302 723
20250225125511 301 927
20250225130939 301 916
20250225132511 301 917
20250225134010 301 926
20250225135639 301 796
20250225140923 301 797
20250225141800 302 773
20250225142712 301 938
20250225143952 301 794
20250225145502 301 928
20250225145557 302 721
20250225151006 301 927
20250225152435 301 923
20250225154010 301 786
20250225155050 302 720
20250225155532 302 769
20250225155539 301 798
20250225161001 301 788
20250225162250 302 724
20250225162426 301 933
20250225164027 301 939
20250225165150 302 1424
20250225165324 302 718
20250225165609 301 926
20250225165648 302 1428
20250225170227 302 1404
20250225170752 302 1454
20250225170753 302 1447
20250225171042 301 925
20250225171054 302 1457
20250225172356 302 714
20250225172442 301 929
20250225173839 301 1211
20250225174034 301 797
20250225175642 301 924
20250225180906 301 927
20250225181110 301 933
20250225182446 301 926
20250225183922 301 932
20250225185629 301 923
20250225190725 302 972
20250225191209 301 928
20250225192520 301 914
20250225194005 301 915
20250225195500 301 923
20250225201014 301 916
20250225202526 301 790
20250225204040 301 925
20250225205650 301 917
20250225205814 302 713
20250225210936 301 803
20250225212507 301 923
20250225214033 301 921
20250225215050 302 721
20250225215448 301 933
20250225220927 301 906
20250225222018 301 554
20250225222439 301 918
20250225224000 301 923
20250225225601 301 927
20250225231032 302 717
20250225231051 301 908
20250225232431 301 799
20250225233944 301 702
20250225235428 301 923
20250226000952 301 918
20250226002426 301 924
20250226003645 301 929
20250226003725 301 927
20250226004000 301 924
20250226005540 301 796
20250226010931 301 788
20250226012422 301 925
20250226014200 301 925
20250226015733 301 931
20250226020957 301 926
20250226022421 301 933
20250226025454 301 718
20250226030947 301 913
20250226032038 302 1463
20250226032525 301 786
20250226035750 301 787
20250226041124 301 905
20250226042059 302 761
20250226042429 301 924
20250226043950 301 918
20250226045543 301 927
20250226050957 301 914
20250226052423 301 913
20250226053957 301 912
20250226055505 301 932
20250226061012 301 923
20250226061835 302 710
20250226062435 301 932
20250226064030 301 794
20250226065426 301 922
20250226070926 301 926
20250226072625 301 925
20250226073955 301 932
20250226075540 301 922
20250226081013 301 791
20250226082537 301 787
20250226083934 301 912
20250226085459 302 967
20250226085717 301 907
20250226085839 301 930
20250226085905 302 701
20250226091112 301 926
20250226092004 301 912
20250226092504 301 923
20250226092603 301 908
20250226093928 301 922
20250226095443 301 917
20250226100935 301 937
20250226102658 301 794
20250226104008 301 916
20250226105447 301 779
20250226105913 302 1401
20250226110936 301 927
20250226112518 301 917
20250226113937 301 934
20250226114457 302 706
20250226115828 301 941
20250226120306 302 978
20250226120308 302 964
20250226120313 301 773
20250226120313 302 978
20250226120315 302 972
20250226120319 302 974
20250226120322 301 791
20250226120323 302 970
20250226120328 302 967
20250226120328 302 992
20250226120330 302 981
20250226120330 302 979
20250226120336 302 969
20250226120338 302 964
20250226120347 302 971
20250226120347 302 964
20250226120348 302 973
20250226120356 301 787
20250226120401 302 970
20250226120403 302 979
20250226120404 302 947
20250226120410 302 970
20250226120425 302 963
20250226120433 302 973
20250226120457 301 780
20250226120502 302 962
20250226120536 302 958
20250226120957 301 909
20250226121311 302 967
20250226122452 301 916
20250226123403 301 921
20250226123951 301 914
20250226125428 301 929
20250226131036 301 914
20250226132432 301 914
20250226134342 301 911
20250226135521 301 923
20250226141112 301 932
20250226143114 301 917
20250226145403 301 917
20250226145448 301 922
20250226151702 301 922
20250226154512 301 926
20250226160518 301 917
20250226161231 301 922
20250226162156 301 930
20250226162250 301 1220
20250226164250 301 928
20250226164727 301 1207
20250226165656 301 913
20250226170758 301 919
20250226175854 301 918
20250226182226 302 1434
20250226182227 302 1430
20250226182230 302 1395
20250226182424 302 968
20250226183317 302 1454
20250226183318 302 1453
20250226183729 302 1463
20250226192046 301 1213
20250226192843 301 799
20250226200315 301 933
20250226203746 301 930
20250226204500 301 911
20250226205643 301 926
20250226205940 301 791
20250226235201 301 922
20250227004456 301 928
20250227010711 301 910
20250227011136 301 906
20250227013546 301 911
20250227024000 301 784
20250227032939 302 1444
20250227041827 301 917
20250227042208 301 899
20250227043044 301 916
20250227043150 301 793
20250227043707 301 784
20250227045534 301 919
20250227045859 301 920
20250227051629 301 912
20250227055251 301 915
20250227060004 301 916
20250227060900 301 915
20250227061552 302 1472
20250227061553 302 1467
20250227061602 301 923
20250227061936 301 796
20250227062727 301 918
20250227063514 301 929
20250227064656 301 914
20250227064659 301 922
20250227065144 301 925
20250227072417 301 923
20250227072835 301 923
20250227075814 301 919
20250227080353 301 923
20250227082646 301 910
20250227084703 301 789
20250227085756 301 918
20250227090549 301 925
20250227091601 301 802
20250227092308 301 913
20250227093015 301 916
20250227093957 301 910
20250227094132 301 914
20250227094158 301 922
20250227094259 301 915
20250227095757 301 925
20250227101740 301 909
20250227102855 301 913
20250227114113 301 907
20250227114357 301 919
20250227114918 301 926
20250227115908 301 930
20250227120658 301 793
20250227122831 301 922
20250227123526 301 788
20250227123921 301 924
20250227124554 301 920
20250227125324 301 921
20250227132817 301 785
20250227134440 301 919
20250227134522 301 913
20250227141104 301 788
20250227141831 301 907
20250227142555 301 1216
20250227150637 301 921
20250227160444 301 906
20250227162231 301 790
20250227163201 301 913
20250227163804 301 907
20250227165017 301 783
20250227165041 301 918
20250227170046 301 903
20250227170104 302 1112
20250227170105 302 1110
20250227181304 301 912
20250227181349 301 921
20250227183522 301 794
20250227183918 301 909
20250227185002 301 907
20250227185946 302 1432
20250227185947 302 1429
20250227190051 302 1425
20250227190052 302 1434
20250227190105 302 1464
20250227191811 301 918
20250227192415 302 1454
20250227192416 302 1450
20250227194051 301 913
20250227195105 301 922
20250227200446 301 1208
20250227200447 301 1211
20250227201048 301 919
20250227202554 301 921
20250227204717 301 799
20250227212328 301 929
20250227212604 301 919
20250227212611 301 917
20250227214256 301 920
20250227224543 301 789
20250227224756 301 794
20250227230406 301 788
20250227234411 301 784
20250227235116 301 782
20250227235151 301 776
20250227235956 302 700
20250228000941 301 779
20250228001100 301 909
20250228001256 301 789
20250228001559 301 924
20250228001808 301 921
20250228002533 301 793
20250228003853 301 913
20250228004357 301 925
20250228004910 301 924
20250228005826 301 926
20250228010015 301 790
20250228010350 301 934
20250228011411 301 918
20250228015652 301 792
20250228025450 301 918
20250228025543 301 791
20250228025847 301 914
20250228031723 301 938
20250228032344 301 931
20250228033053 301 927
20250228040249 301 796
20250228040453 301 908
20250228040548 301 796
20250228050218 301 794
20250228051508 301 799
20250228052935 301 807
20250228054241 301 928
20250228061244 301 915
20250228062847 301 917
20250228063523 301 914
20250228063639 301 793
20250228064103 301 794
20250228071915 301 806
20250228072242 302 987
20250228073615 301 917
20250228074756 301 789
20250228075011 301 931
20250228080716 301 788
20250228080825 302 1463
20250228080905 301 793
20250228083358 301 795
20250228085159 301 1342
20250228085319 301 797
20250228094347 301 910
20250228094939 301 787
20250228100059 301 927
20250228100512 301 918
20250228100628 301 922
20250228100921 301 788
20250228100952 301 784
20250228102134 301 919
20250228105959 301 914
20250228110614 301 925
20250228113059 301 914
20250228113123 301 927
20250228114327 301 795
20250228115528 301 929
20250228121050 301 794
20250228121400 301 794
20250228124557 301 907
20250228132348 301 920
20250228132751 301 780
20250228140310 301 917
20250228142342 301 930
20250228142745 301 790
20250228143022 301 788
20250228144428 302 1401
20250228145019 301 921
20250228145440 301 909
20250228150842 301 914
20250228151155 301 790
20250228154102 301 935
20250228154144 301 935
20250228160747 301 918
20250228160928 301 788
20250228175032 301 920
20250228180919 301 924
20250228181823 301 797
20250228181951 301 908
20250228182117 301 797
20250228182329 301 920
20250228184011 301 922
20250228184848 301 924
20250228191417 301 922
20250228191645 302 1439
20250228191646 302 1429
20250228191739 302 1430
20250228191740 302 1427
20250228193541 302 1402
20250228193542 302 1396
20250228194522 301 792
20250228203024 301 781
20250228204455 301 919
20250228214306 301 911
20250228214456 301 926
20250228214526 301 792
20250228214959 301 926
20250228215904 301 922
20250228221906 301 921
20250228223633 301 926
20250228224640 301 798
20250228224836 301 788
20250228225834 301 923
20250228233050 302 1267
20250228233051 302 1261
20250228233107 301 1211
20250301002636 301 906
20250301013856 301 918
20250301013920 301 797
20250301014118 301 787
20250301014118 302 1426
20250301014119 302 1431
20250301015524 301 796
20250301020021 301 789
20250301020609 301 921
20250301021535 301 919
20250301032615 301 919
20250301032706 301 799
20250301033517 301 786
20250301043816 301 904
20250301060336 301 912
20250301060744 301 923
20250301070344 301 921
20250301070605 301 794
20250301070631 301 804
20250301082129 301 794
20250301100655 302 1124
20250301102815 301 925
20250301103145 301 922
20250301110102 301 916
20250301114022 301 922
20250301115515 301 919
20250301121038 301 917
20250301135826 301 793
20250301144359 301 795
20250301151108 301 916
20250301151521 301 800
20250301152120 301 918
20250301152443 301 918
20250301155904 301 799
20250301161436 301 795
20250301162149 301 911
20250301163956 301 926
20250301171557 301 926
20250301175509 301 929
20250301185021 301 783
20250301185217 301 780
20250301185829 301 784
20250301193443 301 792
20250301194805 301 802
20250301201722 301 918
20250301202232 301 799
20250301202818 301 806
20250301204205 301 919
20250301204636 301 788
20250301204743 301 922
20250301210642 301 909
20250301214800 301 927
20250301214959 301 919
20250301220343 301 922
20250301221254 301 920
20250301222713 301 805
20250301224211 301 925
20250301224535 301 911
20250301224953 301 776
20250301233356 302 1424
20250301233357 302 1436
20250301233414 302 1399
20250301233501 302 1394
20250301233850 301 802
20250301234006 301 922
20250301234156 302 693
20250301234512 301 797
20250302000033 302 1398
20250302003857 302 1453
20250302005716 301 925
20250302014854 301 793
20250302020002 302 970
20250302020228 301 924
20250302030130 301 916
20250302030927 301 918
20250302031617 302 1119
20250302040223 301 789
20250302041330 302 1398
20250302042219 301 922
20250302050556 301 917
20250302050623 301 924
20250302052155 301 797
20250302053231 301 782
20250302060723 301 794
20250302071819 301 789
20250302073117 301 925
20250302073236 301 931
20250302075734 301 906
20250302080947 301 914
20250302083726 301 924
20250302084657 301 779
20250302090855 301 784
20250302092415 302 982
20250302095441 301 793
20250302101000 301 786
20250302101111 301 804
20250302103058 301 909
20250302105829 301 922
20250302115606 301 929
20250302120518 301 927
20250302123714 301 789
20250302123728 301 789
20250302125005 301 926
20250302125746 301 914
20250302125857 301 788
20250302133027 301 785
20250302141903 301 787
20250302143119 302 714
20250302144439 301 789
20250302153321 301 916
20250302153515 301 796
20250302153809 301 917
20250302153909 301 791
20250302162209 301 915
20250302163248 301 920
20250302170102 301 913
20250302171034 301 917
20250302171728 301 798
20250302172209 301 796
20250302174149 301 930
20250302182533 301 914
20250302183554 301 783
20250302184625 301 789
20250302192346 301 917
20250302193706 301 795
20250302194346 301 918
20250302201216 301 933
20250302201927 301 911
20250302210806 301 788
20250302211611 301 916
20250302212017 301 918
20250302212420 301 919
20250302224915 302 1398
20250302233512 301 784
20250302234354 301 919
20250303000631 301 783
20250303001849 301 918
20250303003243 301 788
20250303021627 301 803
20250303025703 301 792
20250303025720 301 915
20250303033117 301 795
20250303035635 301 796
20250303043244 301 927
20250303043918 301 925
20250303044225 302 1459
20250303044226 302 1466
20250303050956 301 784
20250303051654 301 929
20250303053458 301 789
20250303054859 301 792
20250303063157 301 791
20250303064705 301 787
20250303064906 301 807
20250303073728 301 802
20250303094355 301 805
20250303094801 301 787
20250303095606 301 929
20250303100651 301 933
20250303110951 301 925
20250303112828 302 1449
20250303121911 301 926
20250303122447 301 780
20250303132813 301 918
20250303133327 301 791
20250303144547 301 797
20250303154043 301 781
20250303160409 301 776
20250303162326 301 925
20250303162547 301 911
20250303164134 301 797
20250303165908 301 914
20250303173359 301 781
20250303173513 301 923
20250303174459 301 794
20250303175956 301 930
20250303181141 301 923
20250303181622 301 928
20250303182205 301 927
20250303184327 301 926
20250303185458 301 925
20250303190711 301 922
20250303202259 301 941
20250303204116 301 921
20250303213508 301 921
20250303213521 301 793
20250303214426 301 803
20250303214507 302 1426
20250303214508 302 1425
20250303214611 302 1426
20250303214612 302 1432
20250303215154 301 920
20250303215716 302 1457
20250303220424 301 797
20250303221437 302 1400
20250303221438 302 1404
20250303221637 301 1216
20250303222520 301 915
20250303223224 302 1408
20250303223225 302 1401
20250303223843 302 1452
20250303223844 302 1452
20250303224224 302 1463
20250303224225 302 1461
20250303225525 301 920
20250303230212 301 921
20250303232705 301 797
20250303233744 302 1405
20250303233745 302 1396
20250304051207 302 1402
20250304051208 302 1401
20250304060655 301 921
20250304060726 301 935
20250304061333 301 799
20250304062546 301 932
20250304064801 301 910
20250304065047 301 915
20250304065228 301 925
20250304072929 301 923
20250304073051 301 793
20250304073059 301 789
20250304073838 301 789
20250304074645 301 924
20250304075310 301 917
20250304081046 301 800
20250304083502 301 802
20250304083511 301 925
20250304091617 301 1351
20250304091706 301 916
20250304092029 301 798
20250304093331 301 802
20250304094106 301 798
20250304094952 301 934
20250304095118 301 927
20250304095456 301 794
20250304100426 301 928
20250304101124 302 1462
20250304101650 301 923
20250304101653 301 786
20250304132227 302 1451
20250304133038 301 929
20250304133839 301 925
20250304135225 301 791
20250304140812 301 914
20250304143251 301 929
20250304150913 301 803
20250304153852 301 912
20250304154609 301 805
20250304154717 301 791
20250304164340 301 794
20250304172949 301 1404
20250304174150 301 918
20250304180245 301 801
20250304200848 301 800
20250304205242 301 931
20250304210105 301 924
20250304210724 301 795
20250304222511 302 1421
20250304222512 302 1424
20250304222547 302 1402
20250304222548 302 1400
20250304223203 302 1397
20250304223206 302 1396
20250304224311 301 800
20250304224316 301 1210
20250304224837 302 1458
20250304234157 302 1465
20250304234158 302 1460
20250304234407 302 1455
20250304235056 301 916
20250305000555 301 930
20250305000726 301 802
20250305002518 301 1211
20250305002519 301 1212
20250305005615 302 1390
20250305010432 301 923
20250305010518 301 931
20250305022426 301 799
20250305024523 301 905
20250305040217 301 800
20250305040825 301 914
20250305042506 301 911
20250305052008 301 932
20250305054935 301 935
20250305061157 301 913
20250305061357 301 925
20250305072928 301 793
20250305073744 301 791
20250305074002 301 793
20250305074048 301 798
20250305075453 301 926
20250305081814 301 928
20250305083059 302 1124
20250305083552 301 786
20250305091152 301 924
20250305091419 301 805
20250305091700 301 796
20250305092435 301 783
20250305094847 301 926
20250305095254 301 786
20250305100704 301 934
20250305105000 301 785
20250305111204 301 797
20250305112541 301 792
20250305113624 301 917
20250305115738 301 788
20250305121053 301 793
20250305121215 301 916
20250305122303 301 906
20250305122416 301 796
20250305134224 301 920
20250305140804 301 919
20250305142609 302 1457
20250305142610 302 1461
20250305145632 301 931
20250305145802 301 909
20250305155523 301 798
20250305155529 301 928
20250305160958 301 789
20250305161259 301 1389
20250305170256 301 791
20250305171435 302 1393
20250305171810 302 1442
20250305171811 302 1440
20250305174813 301 799
20250305180812 301 936
20250305181658 301 1208
20250305184319 302 1267
20250305184320 302 1267
20250305190117 301 931
20250305190223 301 797
20250305201632 301 926
20250305202646 301 920
20250305210535 301 797
20250305211733 301 925
20250305212429 302 1242
20250305220009 301 808
20250305220745 301 797
20250305221741 301 1207
20250305221909 301 800
20250305222540 302 1067
20250305224021 301 787
20250305224613 301 916
20250305224707 301 783
20250305232434 301 914
20250306001205 301 795
20250306013032 301 790
20250306013116 301 792
20250306014116 301 917
20250306014701 301 923
20250306020017 301 925
20250306022743 302 1402
20250306022750 302 1423
20250306022820 302 1405
20250306022821 302 1396
20250306023527 302 1444
20250306023645 301 1346
20250306024841 301 791
20250306033031 301 777
20250306033303 301 907
20250306033631 301 927
20250306034759 301 793
20250306040104 301 779
20250306042926 301 912
20250306051251 301 790
20250306051458 301 919
20250306052121 301 926
20250306052145 301 924
20250306054246 301 779
20250306055327 301 916
20250306055519 301 918
20250306060544 301 785
20250306062551 301 908
20250306070025 301 801
20250306070050 301 793
20250306071227 301 788
20250306072512 301 794
20250306085147 301 917
20250306093039 301 791
20250306100224 301 797
20250306101126 301 793
20250306102518 301 791
20250306103225 301 792
20250306104819 301 790
20250306110845 301 909
20250306112403 301 785
20250306114128 301 795
20250306114301 302 1442
20250306115623 301 799
20250306122731 301 791
20250306132327 301 919
20250306132548 301 919
20250306132628 301 790
20250306134827 301 795
20250306143550 301 917
20250306144901 302 1453
20250306144906 301 927
20250306150331 301 1399
20250306151643 301 913
20250306154934 301 790
20250306162658 301 909
20250306163322 301 799
20250306163805 301 794
20250306164123 301 784
20250306165102 301 794
20250306165505 301 787
20250306170324 301 927
20250306171230 301 792
20250306172234 301 934
20250306172532 301 791
20250306174127 301 798
20250306175854 301 789
20250306182531 301 913
20250306185424 301 791
20250306190854 301 920
20250306194343 301 801
20250306200219 301 918
20250306200622 301 802
20250306202919 302 1266
20250306202920 302 1246
20250306210310 301 788
20250306214357 301 792
20250306215938 301 791
20250306222441 301 1024
20250306222607 301 786
20250306222621 301 927
20250306222631 301 918
20250306222804 301 793
20250306224626 302 1196
20250306225402 301 789
20250306225951 301 782
20250306230929 301 926
20250306231251 301 912
20250306231840 301 918
20250306232335 301 932
20250306234237 301 914
20250307001612 301 778
20250307002523 301 914
20250307002733 301 802
20250307002804 301 795
20250307010605 301 793
20250307014703 301 920
20250307015602 301 805
20250307015613 301 799
20250307032655 301 797
20250307032751 301 916
20250307033230 301 919
20250307034431 301 799
20250307040548 301 931
20250307043409 301 794
20250307043949 301 785
20250307050041 301 920
20250307051728 301 789
20250307054205 301 924
20250307054412 301 798
20250307055451 301 805
20250307060248 301 796
20250307061230 301 796
20250307061329 301 783
20250307063210 301 922
20250307072544 301 786
20250307072617 301 786
20250307073044 301 800
20250307074837 301 807
20250307080538 301 918
20250307084913 301 797
20250307085130 301 803
20250307092914 301 802
20250307093437 301 795
20250307095549 301 792
20250307101440 301 788
20250307102736 301 919
20250307111256 301 933
20250307114049 301 928
20250307115236 301 915
20250307120457 301 925
20250307120912 301 800
20250307122646 301 798
20250307122944 301 780
20250307124843 301 910
20250307130830 301 796
20250307131935 301 774
20250307134730 301 908
20250307135044 301 914
20250307140044 301 928
20250307140130 301 789
20250307150548 301 921
20250307151820 302 1453
20250307160710 301 923
20250307161935 301 912
20250307162000 301 914
20250307162012 301 793
20250307165615 301 797
20250307174503 301 788
20250307175231 301 795
20250307181313 301 925
20250307181441 301 1218
20250307184333 301 790
20250307185418 302 1427
20250307185427 302 1400
20250307185428 302 1398
20250307185504 302 1454
20250307185505 302 1456
20250307190336 302 1449
20250307190337 302 1446
20250307190610 301 932
20250307190752 301 925
20250307192601 301 795
20250307193603 301 787
20250307193836 301 922
20250307201655 301 926
20250307204546 301 796
20250307210031 301 792
20250307211006 301 932
20250307214848 301 915
20250307215638 301 789
20250307221818 301 923
20250307223912 302 1288
20250307223913 302 1284
20250307225847 301 791
20250307230027 301 922
20250307234216 301 925
20250307234220 302 1253
20250307234221 302 1266
20250307235242 301 1196
20250308000459 302 1249
20250308000754 302 1395
20250308002347 301 923
20250308002411 301 796
20250308002537 301 799
20250308004000 301 792
20250308010137 301 926
20250308024413 301 919
20250308034513 301 786
20250308034833 302 1243
20250308041014 301 796
20250308041422 301 784
20250308042413 301 919
20250308042916 302 1463
20250308042917 302 1463
20250308043205 301 796
20250308043417 301 794
20250308052935 301 916
20250308055332 301 792
20250308062836 301 792
20250308063507 301 917
20250308063831 301 922
20250308072051 301 782
20250308081401 301 908
20250308082328 301 785
20250308091215 301 1017
20250308091217 302 1200
20250308091746 301 798
20250308093745 301 795
20250308095802 301 803
20250308100109 301 798
20250308105443 301 795
20250308105808 301 787
20250308110014 301 799
20250308111744 301 797
20250308111808 301 789
20250308113418 301 796
20250308114149 301 791
20250308123359 301 795
20250308123510 301 783
20250308132712 301 786
20250308133807 301 794
20250308134058 301 797
20250308135610 301 783
20250308143511 301 919
20250308145152 301 793
20250308145256 301 918
20250308145914 301 915
20250308151450 301 792
20250308154051 301 801
20250308154525 301 800
20250308162940 301 795
20250308170138 301 780
20250308172811 301 924
20250308174306 301 920
20250308180030 301 916
20250308181222 301 923
20250308181225 301 793
20250308184536 302 1446
20250308190235 301 797
20250308190501 301 797
20250308194449 301 903
20250308194946 301 934
20250308195145 301 788
20250308201745 301 923
20250308202845 301 795
20250308204046 301 782
20250308204527 301 923
20250308205230 301 807
20250308210655 301 920
20250308212228 301 927
20250308215236 301 932
20250308215641 301 915
20250308222321 301 928
20250308222850 301 794
20250308223005 301 799
20250308224455 301 791
20250308235502 301 794
20250308235757 301 925
20250309000128 301 911
20250309004627 301 801
20250309010530 301 787
20250309010854 301 927
20250309011631 301 926
20250309012015 301 927
20250309012148 301 926
20250309012552 301 800
20250309012736 301 785
20250309014155 301 924
20250309015423 301 784
20250309020132 301 794
20250309024308 301 920
20250309033842 301 793
20250309034710 301 775
20250309034710 301 914
20250309040508 301 799
20250309042931 301 914
20250309043022 301 921
20250309045440 301 792
20250309051520 301 782
20250309052601 301 909
20250309054958 301 904
20250309055724 301 927
20250309060409 301 911
20250309063721 301 915
20250309064120 301 802
20250309065226 301 794
20250309071427 301 795
20250309075031 301 789
20250309081154 301 924
20250309083549 301 793
20250309084353 301 780
20250309084912 301 924
20250309085201 301 785
20250309085822 301 798
20250309100603 301 787
20250309101323 301 792
20250309104849 301 789
20250309105635 301 794
20250309110018 301 793
20250309112418 301 792
20250309113114 301 914
20250309113327 301 556
20250309113416 301 796
20250309121309 301 925
20250309122933 301 794
20250309124623 301 791
20250309125347 301 792
20250309125921 301 794
20250309130133 301 783
20250309131007 301 917
20250309133305 301 916
20250309135030 301 784
20250309142013 301 916
20250309142615 302 1107
20250309142617 302 996
20250309150931 301 917
20250309151156 301 923
20250309152017 301 931
20250309152044 301 916
20250309154240 302 1273
20250309154931 301 794
20250309155353 301 925
20250309162502 301 789
20250309163012 301 801
20250309163033 301 792
20250309164827 301 782
20250309164849 301 786
20250309180849 302 1402
20250309180850 302 1399
20250309181549 301 792
20250309181952 302 1262
20250309181953 302 1267
20250309184237 302 1458
20250309185402 302 1450
20250309185403 302 1454
20250309185945 301 797
20250309190012 301 798
20250309192635 302 1394
20250309193232 301 803
20250309194040 301 916
20250309194103 301 918
20250309195302 301 791
20250309195937 301 802
20250309201748 301 791
20250309204040 301 913
20250309204101 301 907
20250309211054 301 793
20250309211357 301 794
20250309211430 301 936
20250309213825 301 794
20250309220613 301 927
20250309222022 301 922
20250309223642 301 932
20250309224601 301 910
20250309225004 301 924
20250309225146 302 1453
20250309225147 302 1456
20250309225802 301 788
20250309230723 301 915
20250309232556 301 921
20250309233114 301 921
20250309235352 301 909
20250310000529 301 921
20250310001016 301 796
20250310014309 301 792
20250310015648 301 780
20250310020813 301 803
20250310025106 301 922
20250310025119 301 798
20250310030237 301 789
20250310040256 301 917
20250310041045 301 802
20250310042214 301 798
20250310043431 301 929
20250310044838 301 924
20250310045840 301 916
20250310051601 301 914
20250310054808 301 930
20250310060117 302 1458
20250310060434 301 803
20250310064539 301 788
20250310070010 301 915
20250310075027 301 798
20250310075457 301 790
20250310085814 301 791
20250310085833 301 795
20250310091647 301 801
20250310094748 301 919
20250310095025 301 940
20250310095219 301 928
20250310095448 301 925
20250310101328 301 918
20250310104935 301 800
20250310105639 301 927
20250310105953 301 790
20250310111813 302 1122
20250310112159 301 801
20250310115148 301 919
20250310115440 301 930
20250310115504 301 806
20250310115538 301 795
20250310121901 301 784
20250310123540 301 934
20250310123845 301 792
20250310125729 301 787
20250310131141 301 923
20250310131532 301 803
20250310132238 301 929
20250310132648 301 805
20250310133121 301 802
20250310134145 301 935
20250310145057 301 787
20250310150142 301 802
20250310151219 301 924
20250310152731 301 805
20250310154216 301 927
20250310160033 301 923
20250310161526 301 913
20250310161843 301 909
20250310162647 301 918
20250310163954 301 777
20250310164340 301 796
20250310170552 301 802
20250310172412 301 928
20250310174308 301 935
20250310174346 301 798
20250310180755 301 804
20250310180823 301 799
20250310183357 301 791
20250310185300 301 915
20250310191959 301 790
20250310192622 301 796
20250310195225 301 802
20250310201536 301 926
20250310204401 301 780
20250310210319 301 803
20250310211103 301 913
20250310212836 301 792
20250310213200 301 791
20250310215908 302 1159
20250310215909 302 1157
20250310220026 302 1425
20250310220027 302 1440
20250310220031 302 1291
20250310220032 302 1289
20250310220042 302 1390
20250310220043 302 1398
20250310220249 301 791
20250310220912 301 923
20250310222003 302 1449
20250310222548 301 934
20250310222713 301 807
20250310223135 301 791
20250310224651 302 1069
20250310225535 301 925
20250310233508 301 798
20250310233718 301 919
20250310233921 301 925
20250311002603 302 1398
20250311002604 302 1400
20250311003300 301 800
20250311005055 301 803
20250311005558 301 793
20250311012016 301 799
20250311014822 301 800
20250311021953 301 799
20250311023620 301 797
20250311032658 301 918
20250311040339 301 794
20250311040707 301 782
20250311041102 301 791
20250311041843 302 1394
20250311041844 302 1394
20250311042650 301 799
20250311044431 301 922
20250311051606 301 796
20250311054125 301 794
20250311055513 301 922
20250311060327 301 917
20250311062851 301 793
20250311064347 301 795
20250311065428 301 926
20250311070718 302 981
20250311071845 301 802
20250311072804 301 796
20250311073254 301 925
20250311073949 301 915
20250311074031 301 929
20250311081814 301 925
20250311082107 301 922
20250311082447 301 924
20250311082646 301 799
20250311090636 301 1214
20250311090637 301 1211
20250311090706 301 793
20250311093149 301 796
20250311093935 301 923
20250311094556 301 932
20250311103644 301 931
20250311105048 301 805
20250311110939 301 793
20250311112751 301 923
20250311113357 301 927
20250311114555 301 801
20250311114658 301 925
20250311122355 301 791
20250311124630 301 789
20250311131641 301 918
20250311135855 301 922
20250311140511 301 804
20250311142718 301 916
20250311150041 301 798
20250311150106 301 793
20250311151617 301 925
20250311152339 301 932
20250311153401 301 1206
20250311153703 301 785
20250311155646 301 794
20250311160304 301 1218
20250311160305 301 1213
20250311161724 301 920
20250311162432 301 906
20250311165040 302 1301
20250311171116 302 1071
20250311172150 301 792
20250311172926 301 800
20250311180843 301 920
20250311182638 301 780
20250311184306 301 925
20250311191132 301 800
20250311192137 301 913
20250311194136 301 804
20250311210357 301 1209
20250311211357 301 784
20250311211842 301 923
20250311213540 301 920
20250311220232 301 808
20250311220520 301 921
20250311220642 301 795
20250311222428 301 917
20250311222642 301 937
20250311223826 302 1426
20250311223827 302 1425
20250311223827 302 1460
20250311223828 302 1459
20250311223901 302 1395
20250311223910 302 1423
20250311223911 302 1416
20250311224651 301 794
20250311230003 302 1446
20250311230004 302 1443
20250311232430 301 1214
20250311233012 301 929
20250311233821 301 805
20250312000322 301 799
20250312001021 301 929
20250312004925 302 1403
20250312005136 301 790
20250312012005 301 809
20250312015135 301 796
20250312015812 301 800
20250312015952 301 925
20250312022719 301 803
20250312024847 301 791
20250312025836 301 922
20250312033050 301 918
20250312033439 301 920
20250312034545 301 793
20250312040231 301 922
20250312041105 301 916
20250312043917 301 931
20250312050706 301 926
20250312052311 301 794
20250312054503 301 913
20250312055103 301 924
20250312060859 301 922
20250312060914 301 801
20250312065050 301 911
20250312070543 301 790
20250312072148 301 799
20250312073517 301 922
20250312075557 301 801
20250312080546 301 929
20250312082055 301 930
20250312082155 301 918
20250312090358 302 1398
20250312090359 302 1398
20250312090642 301 805
20250312091032 301 928
20250312094819 301 924
20250312095348 301 926
20250312103008 301 922
20250312104840 301 919
20250312110123 301 786
20250312111105 302 1069
20250312112504 302 704
20250312114041 301 908
20250312115545 301 924
20250312120410 301 930
20250312120728 302 1264
20250312121950 301 915
20250312122157 301 922
20250312130507 301 906
20250312131450 301 911
20250312132159 301 924
20250312133748 301 916
20250312135523 301 800
20250312141245 301 914
20250312141532 301 788
20250312144556 - 1044
20250312145603 301 788
20250312145900 301 801
20250312150059 - 1062
20250312150153 301 926
20250312152646 301 924
20250312152835 301 911
20250312154850 301 791
20250312155153 301 785
20250312155409 301 792
20250312161159 301 776
20250312161410 301 789
20250312161617 301 798
20250312161711 301 915
20250312162456 301 917
20250312163054 301 925
20250312163144 302 977
20250312164200 301 801
20250312164351 301 928
20250312164822 301 785
20250312165557 301 930
20250312165722 301 935
20250312170209 301 927
20250312171257 301 800
20250312174956 301 927
20250312180356 301 804
20250312180933 301 921
20250312181647 301 787
20250312182024 301 926
20250312182803 301 867
20250312182925 301 930
20250312183510 301 923
20250312184215 301 787
20250312185505 301 930
20250312185844 301 790
20250312190701 301 930
20250312190726 301 917
20250312192525 301 910
20250312193819 301 789
20250312193942 301 796
20250312201906 301 789
20250312202140 301 790
20250312202614 301 915
20250312202737 301 789
20250312203418 301 921
20250312205353 301 800
20250312205639 301 795
20250312211007 301 928
20250312211743 301 908
20250312212140 301 911
20250312212909 301 919
20250312213411 301 791
20250312213914 301 919
20250312214128 301 903
20250312214204 302 1225
20250312215457 301 919
20250312215656 301 924
20250312223430 301 797
20250312223640 301 789
20250312225038 302 1230
20250312232918 302 1454
20250313001517 301 918
20250313003339 301 912
20250313003833 301 793
20250313003932 302 1451
20250313010735 301 928
20250313011030 301 789
20250313011309 302 1427
20250313011310 302 1422
20250313011359 302 1462
20250313011419 302 1444
20250313011431 302 1397
20250313011432 302 1392
20250313012017 302 1399
20250313012027 302 1421
20250313012028 302 1438
20250313013224 302 1394
20250313013225 302 1401
20250313015544 301 930
20250313020801 301 915
20250313020949 301 791
20250313021411 301 793
20250313023109 301 917
20250313023451 301 910
20250313024712 301 930
20250313025028 301 924
20250313030558 301 919
20250313031009 301 921
20250313032349 301 792
20250313033434 301 790
20250313034031 301 923
20250313034117 301 926
20250313034645 301 784
20250313035241 301 786
20250313040615 301 781
20250313040924 301 919
20250313041136 301 795
20250313042453 301 910
20250313042939 301 910
20250313044541 301 904
20250313045551 301 791
20250313045900 301 913
20250313052447 301 919
20250313053858 301 794
20250313053912 301 924
20250313054603 301 788
20250313055433 301 784
20250313060134 301 776
20250313061605 301 798
20250313064156 301 917
20250313065031 301 796
20250313070154 301 930
20250313070439 301 923
20250313073812 301 789
20250313074027 301 925
20250313074513 301 779
20250313080159 301 778
20250313081618 301 795
20250313082803 301 930
20250313083051 301 789
20250313083142 301 917
20250313083225 301 921
20250313083636 301 910
20250313083818 301 796
20250313084549 301 919
20250313084637 301 918
20250313084845 301 914
20250313090418 301 792
20250313091225 302 988
20250313091255 301 792
20250313091934 301 926
20250313093145 301 785
20250313093505 301 913
20250313094353 301 786
20250313095544 301 927
20250313100852 301 920
20250313101200 301 912
20250313101209 301 906
20250313101524 302 985
20250313102205 302 1400
20250313102206 302 1397
20250313102447 301 914
20250313103031 301 789
20250313104943 301 925
20250313110139 301 790
20250313111137 302 970
20250313112310 302 711
20250313112829 301 781
20250313113057 301 920
20250313113318 302 1456
20250313114742 301 915
20250313114743 301 919
20250313115141 301 793
20250313120949 301 921
20250313123608 301 929
20250313125624 301 925
20250313131527 302 1450
20250313132653 301 915
20250313133151 302 704
20250313140854 301 923
20250313141430 301 927
20250313144309 301 921
20250313144312 301 791
20250313145241 301 926
20250313145344 301 784
20250313145502 301 927
20250313160008 301 1210
20250313160009 301 1213
20250313160009 301 1215
20250313160013 301 911
20250313160709 301 928
20250313160806 301 782
20250313161609 301 906
20250313161644 301 903
20250313163411 301 921
20250313165212 301 790
20250313165732 301 917
20250313170716 301 924
20250313171004 301 927
20250313171654 302 721
20250313172128 301 787
20250313180706 301 916
20250313181644 302 707
20250313181940 301 793
20250313182220 301 916
20250313184235 301 916
20250313185356 301 779
20250313190036 301 925
20250313192432 301 921
20250313193531 301 918
20250313195544 301 933
20250313200315 301 932
20250313201145 301 784
20250313201214 301 924
20250313201243 302 965
20250313201653 301 801
20250313202819 301 919
20250313204031 301 913
20250313204253 301 796
20250313204830 301 925
20250313205150 301 789
20250313205334 301 921
20250313205606 301 800
20250313212307 301 915
20250313212736 301 926
20250313215231 301 926
20250313220106 301 793
20250313220345 301 791
20250313221302 301 794
20250313222750 301 910
20250313223153 301 912
20250313225356 302 1448
20250313230608 301 916
20250313230957 301 798
20250313231901 301 908
20250313232446 301 905
20250313232714 301 922
20250314001244 301 795
20250314001720 301 926
20250314002005 301 796
20250314002720 301 795
20250314003526 301 790
20250314004809 301 918
20250314005638 301 923
20250314011053 301 913
20250314015417 301 914
20250314022808 301 787
20250314031635 301 794
20250314032032 301 918
20250314032700 301 925
20250314034132 301 922
20250314040001 301 917
20250314040344 301 796
20250314040350 301 916
20250314040516 301 790
20250314040738 301 927
20250314041117 301 928
20250314041926 301 921
20250314043751 301 795
20250314044451 301 784
20250314044528 301 929
20250314050232 301 917
20250314050237 301 794
20250314052939 301 790
20250314053306 301 779
20250314054732 301 924
20250314060536 301 792
20250314060950 301 916
20250314061750 301 926
20250314062825 301 914
20250314064303 301 927
20250314064438 301 798
20250314064820 301 793
20250314070650 301 926
20250314070913 301 792
20250314071203 301 926
20250314072524 302 977
20250314075609 301 917
20250314080026 301 792
20250314080503 301 929
20250314080915 301 921
20250314082856 301 927
20250314084133 301 920
20250314090317 301 927
20250314092543 301 930
20250314093620 302 1456
20250314094510 301 927
20250314095241 301 923
20250314102000 301 927
20250314103012 301 924
20250314103042 301 914
20250314105709 301 796
20250314110259 301 924
20250314112133 301 925
20250314114511 301 919
20250314122246 301 793
20250314123701 301 793
20250314124456 301 915
20250314124841 301 908
20250314131028 301 801
20250314131054 301 929
20250314134942 301 919
20250314135821 301 790
20250314144615 301 921
20250314145051 302 976
20250314150044 301 923
20250314150244 301 801
20250314150257 301 930
20250314150411 301 926
20250314150646 301 801
20250314150912 301 932
20250314152325 301 923
20250314154252 301 776
20250314154426 301 919
20250314155329 301 924
20250314160650 301 924
20250314160932 301 792
20250314161302 301 794
20250314161317 301 913
20250314161536 301 924
20250314163858 301 787
20250314163905 301 921
20250314164320 301 925
20250314164430 301 920
20250314165908 301 921
20250314171216 301 800
20250314173952 302 1429
20250314173953 302 1427
20250314174020 302 1438
20250314174355 302 1423
20250314175125 301 921
20250314175213 302 1396
20250314175214 302 1397
20250314180021 301 922
20250314180311 302 1400
20250314180312 302 1400
20250314183153 301 930
20250314184623 301 921
20250314185851 301 929
20250314190054 301 921
20250314190816 302 1264
20250314190818 302 1266
20250314191422 301 796
20250314194105 301 932
20250314200218 301 911
20250314200414 301 917
20250314203010 301 791
20250314205756 301 920
20250314210841 301 914
20250314212617 301 922
20250314212825 301 802
20250314215850 302 1450
20250314220936 301 781
20250314221403 301 793
20250314222701 301 909
20250314223713 301 930
20250314224233 301 920
20250314224520 301 918
20250314230030 301 787
20250314232251 301 919
20250315000726 301 922
20250315001108 301 915
20250315012023 301 787
20250315012156 301 913
20250315013206 301 924
20250315013452 301 918
20250315014812 301 917
20250315020714 301 918
20250315020948 301 916
20250315023347 301 919
20250315023519 301 799
20250315025656 301 797
20250315030640 301 916
20250315030852 301 912
20250315031124 301 787
20250315033058 301 926
20250315033605 301 780
20250315034655 302 756
20250315035035 301 908
20250315035503 302 1112
20250315035812 301 920
20250315040748 301 917
20250315041830 301 925
20250315043139 301 918
20250315043453 301 917
20250315045628 301 795
20250315050056 301 786
20250315051001 301 926
20250315052638 301 930
20250315052658 301 927
20250315053115 301 922
20250315071214 301 912
20250315072247 301 926
20250315072505 301 925
20250315073103 301 920
20250315075115 301 800
20250315081542 301 920
20250315081739 301 925
20250315081809 301 797
20250315081809 301 925
20250315083258 301 917
20250315083620 301 795
20250315084821 301 920
20250315084854 301 928
20250315090406 301 788
20250315090540 302 1245
20250315092555 301 785
20250315093043 301 926
20250315093318 301 927
20250315093733 301 792
20250315093753 301 909
20250315095150 302 1452
20250315101348 301 928
20250315102137 302 1005
20250315105217 302 973
20250315110836 301 790
20250315112222 301 921
20250315115756 301 924
20250315120531 301 782
20250315121020 301 786
20250315121202 301 914
20250315121618 301 782
20250315122931 301 797
20250315123748 301 919
20250315132137 301 919
20250315133022 301 922
20250315133032 301 787
20250315133242 301 933
20250315133347 301 787
20250315134625 301 928
20250315140202 301 785
20250315140229 301 909
20250315141711 301 794
20250315152722 301 915
20250315153947 301 924
20250315155018 301 913
20250315155637 301 919
20250315160101 301 919
20250315162047 301 796
20250315162554 301 912
20250315163930 301 911
20250315163939 302 1252
20250315170410 301 906
20250315170809 301 924
20250315171535 301 919
20250315172443 301 915
20250315174014 301 904
20250315174014 301 923
20250315174229 301 927
20250315175246 301 929
20250315180523 301 612
20250315185236 301 927
20250315190327 301 926
20250315190851 301 927
20250315192328 301 905
20250315193506 301 926
20250315194123 301 914
20250315194143 301 783
20250315194520 301 926
20250315195201 302 1458
20250315195917 301 774
20250315200422 301 911
20250315201758 301 919
20250315202419 301 908
20250315202918 301 796
20250315203057 301 784
20250315205639 301 920
20250315210830 301 927
20250315211459 301 921
20250315211752 301 918
20250315220852 301 921
20250315221113 302 990
20250315222120 301 905
20250315222313 301 919
20250315224859 301 905
20250315225107 301 792
20250315225233 301 912
20250315230238 301 913
20250315231910 301 933
20250315232544 301 913
20250315233036 301 918
20250315234325 301 933
20250315235211 301 922
20250316000158 301 797
20250316000709 301 922
20250316003259 301 916
20250316004157 301 916
20250316010154 301 916
20250316010706 301 785
20250316014447 301 922
20250316014715 301 791
20250316020359 301 776
20250316023138 301 915
20250316030108 301 782
20250316030621 301 913
20250316031139 301 781
20250316032239 301 783
20250316032332 301 912
20250316032435 302 724
20250316034358 301 909
20250316040314 301 922
20250316041553 301 926
20250316041759 301 923
20250316042041 301 925
20250316050723 301 912
20250316051308 301 925
20250316052459 301 924
20250316055752 302 1462
20250316071657 302 1222
20250316082440 301 803
20250316082722 301 918
20250316083045 301 796
20250316083237 301 913
20250316083418 301 787
20250316083701 301 911
20250316083848 301 790
20250316084842 301 788
20250316085300 301 922
20250316085435 301 920
20250316093858 301 916
20250316095001 301 790
20250316095939 301 795
20250316100600 301 912
20250316101444 301 791
20250316101932 301 920
20250316102744 301 917
20250316104715 301 909
20250316113201 301 790
20250316113251 301 782
20250316113300 301 925
20250316113301 301 916
20250316114220 301 920
20250316114859 301 915
20250316121757 301 920
20250316122116 301 702
20250316122342 301 784
20250316124221 301 918
20250316124419 301 930
20250316125734 301 789
20250316130409 301 784
20250316131325 301 915
20250316134946 301 931
20250316140532 301 920
20250316141503 301 925
20250316141837 301 780
20250316142129 301 780
20250316142649 301 793
20250316143904 301 916
20250316144934 301 917
20250316150338 301 797
20250316151148 301 925
20250316152546 301 925
20250316153252 301 925
20250316153748 301 922
20250316154304 301 925
20250316160142 301 790
20250316162700 301 910
20250316162939 301 915
20250316163220 301 921
20250316163838 302 1456
20250316171450 301 924
20250316172756 301 914
20250316173929 301 801
20250316174227 301 916
20250316175842 301 928
20250316181036 301 790
20250316181425 301 794
20250316181531 301 795
20250316182044 301 790
20250316183402 301 795
20250316184739 301 1029
20250316184753 302 1210
20250316190134 301 785
20250316190533 301 789
20250316190931 301 909
20250316191832 301 789
20250316192809 301 785
20250316194016 301 804
20250316194807 301 789
20250316195120 301 789
20250316200701 301 914
20250316202037 301 793
20250316203058 301 787
20250316204206 301 922
20250316205139 301 922
20250316211307 301 912
20250316211557 301 920
20250316212701 301 918
20250316212755 301 836
20250316213508 301 798
20250316214502 301 791
20250316215548 302 1248
20250316223601 301 785
20250316223712 302 1425
20250316223713 302 1429
20250316223759 302 1445
20250316223834 302 1460
20250316223854 302 1397
20250316223855 302 1393
20250316223933 302 1160
20250316224050 301 921
20250316232532 301 793
20250316232832 301 785
20250316233250 301 793
20250316235146 301 921
20250316235220 301 780
20250317000217 301 794
20250317001641 301 926
20250317002438 301 927
20250317002838 301 924
20250317003132 301 795
20250317004047 301 913
20250317004423 301 938
20250317004744 301 939
20250317005832 301 793
20250317012210 301 792
20250317013908 301 796
20250317014309 302 1397
20250317014310 301 780
20250317015849 301 921
20250317022701 301 798
20250317022958 301 919
20250317023551 301 922
20250317024114 301 807
20250317024343 301 920
20250317030001 301 922
20250317031247 301 922
20250317031714 301 922
20250317031821 301 780
20250317033916 301 929
20250317034051 301 807
20250317034339 301 799
20250317034445 301 790
20250317034452 301 796
20250317034741 301 796
20250317035630 301 919
20250317040958 301 934
20250317042409 301 795
20250317042755 301 936
20250317044700 301 805
20250317044722 301 802
20250317044915 301 810
20250317051841 301 928
20250317052038 301 805
20250317052226 302 1454
20250317052227 302 1462
20250317052551 301 932
20250317054224 301 930
20250317054813 301 924
20250317060158 301 918
20250317061445 301 805
20250317061628 302 1401
20250317061629 302 1394
20250317061650 301 924
20250317062338 301 912
20250317063304 301 803
20250317064407 302 957
20250317070341 301 789
20250317071157 301 793
20250317072312 301 788
20250317073353 301 798
20250317073549 301 803
20250317075302 301 929
20250317081633 301 934
20250317082507 302 1459
20250317090814 301 802
20250317091251 301 920
20250317092451 301 928
20250317093215 301 792
20250317095419 301 919
20250317095444 301 925
20250317100036 301 807
20250317100654 301 922
20250317101717 301 805
20250317102319 301 1211
20250317102326 302 1407
20250317102708 301 793
20250317105309 301 923
20250317111553 301 797
20250317111854 302 1289
20250317123329 301 799
20250317124340 302 1396
20250317124341 302 1391
20250317130113 301 1208
20250317130841 301 925
20250317132422 301 801
20250317134752 301 800
20250317141317 301 799
20250317142400 301 801
20250317145533 302 728
20250317151349 301 809
20250317161120 302 719
20250317162046 301 911
20250317164149 301 796
20250317171549 301 802
20250317171637 301 799
20250317171905 301 936
20250317172915 301 924
20250317181520 301 926
20250317183512 301 805
20250317183937 302 720
20250317190959 301 934
20250317194613 301 934
20250317194940 301 934
20250317200033 301 796
20250317201028 301 800
20250317202841 301 920
20250317204054 301 928
20250317211134 301 794
20250317211956 301 928
20250317212547 301 926
20250317213814 302 979
20250317214419 302 1461
20250317215254 302 1449
20250317215255 302 1442
20250317215302 302 1436
20250317215432 302 1398
20250317215433 302 1394
20250317215731 302 1450
20250317215732 302 1447
20250317215803 301 911
20250317220504 302 1460
20250317220505 302 1463
20250317221141 302 1395
20250317223542 301 1207
20250317224315 301 923
20250317225521 301 929
20250317225910 301 919
20250317232938 302 1268
20250317232939 302 1264
20250317233443 302 1396
20250317233444 302 1396
20250318001801 301 797
20250318003814 301 926
20250318004154 - 1109
20250318004156 - 1290
20250318004242 301 928
20250318004244 301 919
20250318004519 301 799
20250318005402 301 794
20250318011044 301 926
20250318020900 301 924
20250318021206 301 915
20250318022352 301 796
20250318022928 301 925
20250318023235 302 996
20250318024304 301 799
20250318031501 301 786
20250318032007 301 915
20250318041208 301 921
20250318043508 301 801
20250318045107 301 795
20250318045821 301 906
20250318045823 301 787
20250318050352 301 805
20250318050559 301 931
20250318050710 301 802
20250318051535 301 923
20250318052110 301 917
20250318052443 301 786
20250318052710 301 922
20250318060850 301 799
20250318061439 301 927
20250318062952 301 800
20250318062953 301 791
20250318063557 301 803
20250318065841 301 800
20250318073214 301 802
20250318075408 301 808
20250318075708 301 924
20250318081814 302 1104
20250318082424 301 790
20250318083625 302 1457
20250318090613 301 932
20250318090816 301 935
20250318094337 302 977
20250318100631 301 790
20250318102641 302 982
20250318104441 301 927
20250318105410 301 799
20250318111902 301 797
20250318112450 301 932
20250318113130 302 973
20250318113440 301 799
20250318115659 301 792
20250318120634 301 926
20250318121630 301 798
20250318122645 301 925
20250318123055 301 921
20250318123716 301 798
20250318124618 301 928
20250318124858 302 988
20250318125027 301 937
20250318130212 301 804
20250318134705 301 939
20250318140613 301 926
20250318142856 301 930
20250318143239 301 922
20250318145844 301 783
20250318151018 301 797
20250318152649 301 924
20250318152909 301 1400
20250318153244 302 718
20250318154558 301 804
20250318154733 301 914
20250318155806 301 921
20250318160331 301 926
20250318160853 302 1460
20250318160854 302 1460
20250318161239 301 929
20250318161336 302 964
20250318163008 301 919
20250318165120 301 921
20250318165331 301 909
20250318171715 301 925
20250318180053 302 773
20250318180313 301 802
20250318181009 301 930
20250318184053 301 794
20250318190035 301 937
20250318191407 301 915
20250318191451 301 921
20250318192031 301 932
20250318192436 301 792
20250318192729 301 925
20250318193258 301 789
20250318193629 302 714
20250318195551 301 793
20250318201321 302 722
20250318202514 302 721
20250318202956 301 803
20250318203022 301 931
20250318203107 301 916
20250318210943 302 721
20250318211028 301 788
20250318211128 301 925
20250318211139 302 1458
20250318212334 301 932
20250318214012 301 790
20250318214046 301 928
20250318214927 301 926
20250318214945 - 1116
20250318220810 301 925
20250318221028 301 934
20250318221137 302 709
20250318221249 301 932
20250318222303 301 786
20250318223236 301 804
20250318224404 301 790
20250318224802 301 917
20250318225118 301 807
20250318230518 301 796
20250318231833 301 794
20250318233505 301 804
20250318234137 302 709
20250318234603 302 707
20250319000823 - 1112
20250319000955 301 906
20250319001304 302 764
20250319001345 302 714
20250319002803 302 1132
20250319005549 301 931
20250319010118 301 797
20250319010120 301 789
20250319010126 301 912
20250319010136 302 718
20250319012547 302 707
20250319012902 301 793
20250319013738 302 770
20250319015849 301 921
20250319020414 301 923
20250319022345 301 933
20250319023311 301 913
20250319023641 301 920
20250319024433 301 926
20250319031148 301 921
20250319031536 301 921
20250319035041 301 925
20250319040052 301 788
20250319041004 301 933
20250319041143 301 781
20250319041435 301 789
20250319044734 301 793
20250319044849 301 910
20250319051832 301 798
20250319051919 301 924
20250319053223 301 918
20250319054629 301 927
20250319054947 301 799
20250319055306 301 935
20250319060329 301 796
20250319060522 301 923
20250319061955 301 787
20250319062859 301 910
20250319065144 301 928
20250319065625 301 794
20250319070836 301 918
20250319072400 301 804
20250319080506 301 799
20250319081511 301 782
20250319083130 301 804
20250319083438 301 928
20250319083725 301 918
20250319084722 301 917
20250319085338 301 799
20250319085631 301 922
20250319091807 301 933
20250319091830 301 793
20250319093403 302 1462
20250319093950 301 921
20250319094250 301 810
20250319094610 302 714
20250319094757 301 1395
20250319100426 302 769
20250319102913 301 933
20250319103125 301 793
20250319103554 301 789
20250319111804 301 913
20250319112301 301 925
20250319112658 301 791
20250319113648 301 924
20250319115229 301 793
20250319120707 301 801
20250319121607 301 916
20250319121629 301 927
20250319121655 301 925
20250319124320 301 909
20250319125307 301 799
20250319130912 301 921
20250319131108 301 932
20250319131932 301 919
20250319133353 301 919
20250319134545 301 920
20250319140442 301 903
20250319140509 301 921
20250319143246 302 710
20250319144127 301 792
20250319144453 301 918
20250319145336 301 802
20250319145503 301 793
20250319151659 301 917
20250319152551 301 911
20250319155607 301 794
20250319160921 302 1425
20250319160922 302 1426
20250319160923 301 934
20250319160943 301 798
20250319161120 301 795
20250319161203 301 799
20250319162854 302 1285
20250319171159 301 804
20250319171221 302 1189
20250319171538 301 909
20250319173037 302 1117
20250319174152 301 926
20250319174609 301 922
20250319174754 302 1117
20250319180306 301 922
20250319180308 301 923
20250319180907 301 926
20250319181906 301 789
20250319183537 301 925
20250319184258 301 914
20250319185151 301 808
20250319191124 301 807
20250319192031 301 933
20250319193442 301 804
20250319194238 302 1453
20250319194239 302 1463
20250319195209 301 795
20250319195354 301 790
20250319195408 301 927
20250319201011 301 800
20250319201538 302 1397
20250319202544 301 922
20250319205802 301 924
20250319212210 302 720
20250319213327 302 759
20250319214227 301 913
20250319214748 301 928
20250319215735 301 918
20250319220203 301 928
20250319220610 301 926
20250319223447 302 1454
20250319235611 301 917
20250320034044 302 1232
20250320051545 302 1410
20250320092136 301 782
20250320120041 302 1189
20250320135224 302 1450
20250320142759 301 1348
20250320162932 301 913
20250320162948 301 801
20250320163344 301 925
20250320163723 301 925
20250320163813 301 792
20250320164246 301 928
20250320164403 301 920
20250320164602 301 924
20250320164936 301 786
20250320190220 301 791
20250320191422 301 793
20250320191526 301 926
20250320192344 301 925
20250320195217 302 1124
20250320211148 302 1197
20250320221722 301 1213
20250320222828 301 922
20250320223208 301 780
20250320230246 302 1212
20250321013302 301 914
20250321014612 301 927
20250321025845 301 795
20250321050007 301 797
20250321050010 301 920
20250321051248 301 927
20250321051339 301 928
20250321051822 301 800
20250321051939 301 929
20250321052043 301 918
20250321052635 301 922
20250321055342 301 924
20250321064029 302 1129
20250321080308 301 921
20250321080651 301 805
20250321095250 301 1216
20250321095504 301 930
20250321100421 301 918
20250321102706 301 797
20250321120503 301 799
20250321120955 301 925
20250321123848 301 930
20250321125039 301 802
20250321132141 301 924
20250321145056 301 931
20250321145301 301 922
20250321172039 302 1126
20250321173215 301 933
20250321173330 301 919
20250321173420 301 794
20250321173443 301 915
20250321173547 301 798
20250321173736 301 914
20250321174646 301 918
20250321174701 301 801
20250321174743 301 920
20250321175707 301 795
20250321175750 301 927
20250321180151 301 796
20250321181318 301 924
20250321182858 301 790
20250321183356 301 926
20250321184119 301 931
20250321184252 301 924
20250321185058 302 1441
20250321185212 302 1426
20250321185213 302 1432
20250321185636 302 1442
20250321185637 302 1443
20250321190357 301 789
20250321193312 301 926
20250321193728 301 786
20250321195239 301 923
20250321195338 301 910
20250321195636 301 928
20250321201134 301 802
20250321202033 301 793
20250321202619 301 923
20250321204214 301 922
20250321205446 301 790
20250321205955 301 923
20250321210145 301 789
20250321210229 301 909
20250321211343 301 919
20250321214311 301 792
20250321220205 301 918
20250321220834 301 791
20250321221535 301 789
20250321222733 301 919
20250321223708 301 919
20250321225222 301 926
20250321230714 301 791
20250321233545 302 976
20250321233555 301 794
20250321235130 301 799
20250322000138 301 795
20250322000606 301 929
20250322001339 301 790
20250322002310 301 922
20250322004448 301 925
20250322004731 301 792
20250322005645 302 1460
20250322011921 302 1393
20250322011922 302 1394
20250322012230 302 707
20250322012932 301 794
20250322013530 301 922
20250322015606 301 792
20250322020126 301 924
20250322020417 301 910
20250322020941 301 790
20250322021430 301 925
20250322022004 301 795
20250322023449 302 978
20250322032112 301 917
20250322032320 301 909
20250322034820 301 793
20250322041005 301 788
20250322043759 301 790
20250322044049 301 784
20250322044215 301 916
20250322044225 301 932
20250322045948 301 1343
20250322051208 301 790
20250322051922 301 928
20250322052152 301 771
20250322052929 301 927
20250322060034 301 904
20250322060500 301 915
20250322060849 301 922
20250322061137 302 963
20250322061153 301 791
20250322061247 301 773
20250322063546 302 967
20250322063854 301 927
20250322063908 301 787
20250322064338 301 919
20250322065207 301 925
20250322070128 301 794
20250322071527 301 790
20250322071753 301 777
20250322071832 301 793
20250322071910 301 785
20250322073638 301 927
20250322074633 301 924
20250322074728 301 1219
20250322074729 301 1220
20250322075323 301 798
20250322080351 302 989
20250322080412 301 917
20250322082153 301 791
20250322082821 301 795
20250322082845 301 926
20250322083244 302 1124
20250322083624 301 778
20250322085339 301 914
20250322085416 302 701
20250322085511 301 787
20250322085645 301 903
20250322085850 301 924
20250322090052 301 928
20250322091021 301 786
20250322091558 301 916
20250322091959 301 789
20250322092552 301 915
20250322093248 301 909
20250322094248 301 917
20250322094535 301 926
20250322094623 301 918
20250322095201 301 789
20250322095751 301 906
20250322095820 301 928
20250322100733 301 776
20250322101202 301 923
20250322102323 301 784
20250322103039 301 793
20250322103234 301 791
20250322105344 301 795
20250322105638 301 779
20250322105958 301 793
20250322111049 301 922
20250322111139 301 788
20250322113008 302 991
20250322113453 301 918
20250322114228 301 911
20250322114827 301 927
20250322115446 301 923
20250322115750 301 926
20250322115959 301 923
20250322121108 301 920
20250322121126 301 916
20250322121325 301 927
20250322121326 301 900
20250322122051 301 789
20250322122543 301 924
20250322123539 301 919
20250322123610 301 919
20250322124049 301 781
20250322130756 301 919
20250322130843 301 789
20250322134304 301 910
20250322134418 301 922
20250322135859 301 928
20250322141243 301 790
20250322141532 301 797
20250322142848 301 927
20250322145310 301 787
20250322151227 301 781
20250322151433 301 923
20250322151618 301 915
20250322151937 301 788
20250322151957 301 918
20250322152428 301 921
20250322153707 301 913
20250322153752 301 795
20250322154712 301 907
20250322154717 301 790
20250322155625 302 986
20250322155628 301 922
20250322161735 301 926
20250322162300 301 927
20250322163421 301 787
20250322163937 301 915
20250322164150 301 916
20250322164622 301 915
20250322164947 301 912
20250322165140 301 915
20250322165242 301 928
20250322165856 301 922
20250322170343 301 923
20250322171031 301 914
20250322171608 301 922
20250322172017 301 905
20250322173226 302 1118
20250322174146 301 799
20250322174859 301 912
20250322175158 301 932
20250322175828 301 912
20250322175943 301 926
20250322180036 301 922
20250322180159 301 920
20250322181132 301 915
20250322181754 301 917
20250322183952 301 926
20250322184450 301 904
20250322185241 301 926
20250322192056 301 929
20250322192655 301 921
20250322192759 301 909
20250322192944 301 926
20250322193121 301 924
20250322193830 301 783
20250322194057 301 923
20250322194451 301 920
20250322200954 301 922
20250322201959 301 917
20250322203702 301 920
20250322204115 301 909
20250322204117 301 789
20250322204358 301 912
20250322205424 301 796
20250322205742 301 916
20250322210006 301 911
20250322211528 301 910
20250322211634 301 783
20250322211935 301 800
20250322212002 301 919
20250322213528 301 918
20250322213621 301 910
20250322214851 301 798
20250322220037 301 915
20250322220602 301 910
20250322220819 301 792
20250322220940 302 1422
20250322221125 302 1394
20250322221304 302 1439
20250322221305 302 1437
20250322221730 302 1453
20250322221731 302 1439
20250322222020 302 1395
20250322222556 301 924
20250322222713 301 925
20250322222725 302 1263
20250322224330 301 794
20250322225018 301 784
20250322225213 301 920
20250322225447 301 912
20250322230017 301 788
20250322230501 301 778
20250322230931 301 917
20250322233009 301 919
20250322233015 301 921
20250322234151 301 916
20250323000506 301 792
20250323001003 301 920
20250323001230 301 928
20250323001842 301 908
20250323002330 301 906
20250323002901 301 921
20250323003051 301 797
20250323003232 301 916
20250323003858 301 790
20250323004351 301 912
20250323005644 301 923
20250323010242 301 920
20250323011325 301 912
20250323013221 301 923
20250323015051 301 930
20250323015629 301 799
20250323015947 301 914
20250323021110 301 916
20250323022132 301 801
20250323022911 301 796
20250323025907 301 802
20250323032959 301 931
20250323034554 301 926
20250323035012 301 922
20250323040125 301 931
20250323040908 301 787
20250323041940 301 920
20250323042201 301 922
20250323042506 301 930
20250323043345 301 913
20250323043920 302 1457
20250323043921 302 1452
20250323045009 301 918
20250323045023 302 704
20250323045056 301 782
20250323045211 301 928
20250323045239 301 915
20250323045307 301 798
20250323050051 301 931
20250323052145 302 716
20250323052812 301 924
20250323053618 301 927
20250323054625 301 796
20250323054949 301 791
20250323055842 301 924
20250323061237 301 796
20250323062303 301 787
20250323064223 301 927
20250323064330 301 793
20250323065138 301 923
20250323070215 301 925
20250323070511 302 702
20250323072206 301 926
20250323072712 301 796
20250323073410 301 922
20250323074905 301 915
20250323075014 301 921
20250323075142 301 921
20250323080930 301 920
20250323082057 301 911
20250323082432 301 918
20250323082718 301 919
20250323082813 301 800
20250323083112 301 793
20250323084014 301 791
20250323084137 301 800
20250323084142 301 929
20250323084225 301 931
20250323084245 301 921
20250323085018 301 931
20250323085533 301 930
20250323090629 301 913
20250323090937 301 918
20250323093053 301 919
20250323093124 301 785
20250323093239 301 800
20250323093331 301 929
20250323093832 301 918
20250323095340 301 923
20250323095409 301 909
20250323100414 301 930
20250323101650 301 919
20250323101851 301 796
20250323102059 301 794
20250323102742 301 916
20250323103625 301 925
20250323104009 301 927
20250323104915 301 916
20250323110608 301 925
20250323111950 301 919
20250323112004 301 917
20250323112327 301 928
20250323113741 301 793
20250323114156 301 918
20250323114324 301 924
20250323121055 301 783
20250323123010 301 914
20250323124641 302 1297
20250323125231 301 793
20250323131609 301 914
20250323131909 301 911
20250323132358 302 982
20250323132936 301 906
20250323135612 301 920
20250323135625 301 926
20250323140013 301 926
20250323140048 301 916
20250323140811 301 796
20250323142902 301 793
20250323142907 301 924
20250323142931 301 921
20250323143254 301 919
20250323144728 302 977
20250323145811 301 795
20250323150319 301 920
20250323151929 302 709
20250323152344 301 924
20250323152356 301 925
20250323154235 301 913
20250323154815 301 797
20250323160312 301 792
20250323160345 301 920
20250323161243 301 911
20250323161419 301 927
20250323164108 301 902
20250323165455 301 924
20250323172000 301 934
20250323172456 301 916
20250323172824 301 797
20250323175039 301 797
20250323175956 301 795
20250323181102 301 910
20250323181726 301 799
20250323182526 301 701
20250323182600 301 801
20250323182638 302 996
20250323182715 302 989
20250323182811 302 985
20250323182839 301 789
20250323182854 302 991
20250323182917 302 997
20250323182940 301 801
20250323182952 302 996
20250323183054 302 991
20250323183100 302 982
20250323183113 301 794
20250323183115 302 989
20250323183133 302 995
20250323183143 302 984
20250323183153 302 981
20250323183215 301 811
20250323183238 302 986
20250323183302 301 802
20250323183323 301 797
20250323183422 301 812
20250323183521 302 987
20250323183524 302 991
20250323183533 302 989
20250323183556 302 994
20250323183601 302 991
20250323183620 302 984
20250323183630 301 798
20250323183731 302 992
20250323183847 302 988
20250323183939 302 988
20250323184026 302 977
20250323184310 301 805
20250323184347 301 801
20250323184444 302 985
20250323184505 301 799
20250323184544 302 981
20250323184635 301 928
20250323184637 302 992
20250323184639 302 996
20250323184720 301 793
20250323184951 301 799
20250323185125 302 990
20250323185131 301 797
20250323185213 302 989
20250323185305 302 996
20250323185545 301 788
20250323185603 302 995
20250323185729 301 794
20250323185833 302 997
20250323185901 301 806
20250323190309 301 804
20250323191011 301 923
20250323192544 301 789
20250323194017 301 916
20250323194844 301 921
20250323195602 301 917
20250323200941 301 925
20250323202511 301 789
20250323204414 301 929
20250323205753 301 796
20250323211235 301 798
20250323212424 301 919
20250323214338 301 930
20250323215128 301 789
20250323215456 301 925
20250323220954 301 925
20250323222438 301 794
20250323222456 302 989
20250323222457 302 994
20250323223501 302 989
20250323223532 302 978
20250323224001 301 919
20250323224214 302 982
20250323224254 301 793
20250323224509 302 979
20250323225432 301 785
20250323231016 301 932
20250323232448 301 782
20250323234015 301 800
20250323235452 301 933
20250324000956 301 917
20250324002452 301 797
20250324004348 301 799
20250324004400 301 922
20250324005440 301 922
20250324010928 301 927
20250324012004 302 713
20250324012423 301 924
20250324013954 301 928
20250324015153 302 974
20250324015452 301 794
20250324020928 301 921
20250324022429 301 922
20250324022954 302 1423
20250324023107 302 1435
20250324023108 302 1441
20250324023659 302 1398
20250324023700 302 1398
20250324023708 302 1397
20250324024017 301 913
20250324024210 302 1449
20250324024211 302 1445
20250324025450 301 777
20250324030931 301 804
20250324033933 301 919
20250324034533 301 916
20250324035356 302 1399
20250324041041 302 1394
20250324041503 301 917
20250324044922 301 795
20250324050450 301 798
20250324051053 301 924
20250324052027 301 912
20250324054618 301 774
20250324061038 301 917
20250324071054 302 1397
20250324071055 302 1398
20250324071722 301 789
20250324072148 301 799
20250324072258 301 933
20250324074001 301 922
20250324080342 302 1457
20250324080343 302 1464
20250324080952 301 930
20250324082417 301 928
20250324082738 301 917
20250324084013 301 911
20250324092038 301 933
20250324092355 301 800
20250324092923 301 792
20250324093337 301 788
20250324093438 302 715
20250324093900 301 920
20250324094031 301 923
20250324100152 301 799
20250324100622 301 791
20250324101243 301 923
20250324101602 301 917
20250324102640 302 697
20250324104039 301 914
20250324110656 301 794
20250324112212 301 920
20250324112940 301 927
20250324120910 301 915
20250324123900 301 918
20250324124126 301 931
20250324124650 301 923
20250324125022 301 920
20250324130102 301 924
20250324131455 301 927
20250324133952 301 918
20250324135133 302 712
20250324135658 302 962
20250324140503 301 779
20250324141044 301 935
20250324141058 301 923
20250324143252 301 915
20250324144903 302 970
20250324145115 301 929
20250324145431 301 784
20250324150645 302 979
20250324152018 301 922
20250324152146 301 926
20250324160638 301 794
20250324161738 302 994
20250324162227 301 915
20250324164419 301 917
20250324165145 301 942
20250324165446 301 920
20250324170321 301 932
20250324172330 301 926
20250324172759 301 926
20250324172848 301 916
20250324172916 301 931
20250324173516 301 787
20250324175608 302 986
20250324175801 301 925
20250324181158 301 925
20250324183013 301 917
20250324183510 301 932
20250324183909 301 923
20250324185736 301 916
20250324192034 301 924
20250324192926 301 804
20250324193505 301 793
20250324193759 301 931
20250324194952 301 920
20250324201734 301 924
20250324203100 301 929
20250324204127 301 922
20250324204413 301 910
20250324205221 301 805
20250324205516 301 804
20250324205604 301 781
20250324211920 301 792
20250324212040 302 704
20250324212124 302 710
20250324212533 301 919
20250324220356 301 933
20250324221844 301 925
20250324222639 301 916
20250324225625 301 908
20250324230322 301 926
20250324233626 301 925
20250324234830 301 929
20250325000631 302 981
20250325000650 301 805
20250325001036 301 920
20250325001200 301 934
20250325003322 301 935
20250325005000 301 922
20250325011157 301 919
20250325011546 301 934
20250325012419 302 978
20250325012709 301 916
20250325013221 302 1442
20250325013222 302 1441
20250325013317 302 1397
20250325013318 302 1396
20250325013419 302 980
20250325013718 301 923
20250325013758 302 1403
20250325013759 302 1409
20250325014249 301 920
20250325015119 302 1457
20250325015200 302 1422
20250325021048 301 1213
20250325023508 301 931
20250325031832 302 1071
20250325032119 301 931
20250325033248 301 922
20250325034614 301 799
20250325040629 301 924
20250325041321 301 941
20250325045158 301 928
20250325050111 301 934
20250325050150 302 1398
20250325050151 302 1394
20250325051909 301 930
20250325053048 301 934
20250325055125 - 1106
20250325055127 - 1288
20250325061135 302 984
20250325061213 302 977
20250325061401 302 984
20250325061449 302 982
20250325063258 302 967
20250325063447 302 972
20250325063703 302 1451
20250325063704 302 1455
20250325064458 302 975
20250325065724 301 918
20250325070922 301 922
20250325071801 302 973
20250325072735 301 806
20250325075040 301 801
20250325075429 301 917
20250325081127 301 788
20250325081310 301 920
20250325081746 302 986
20250325082349 301 798
20250325084500 301 920
20250325084821 301 785
20250325090010 301 810
20250325090950 301 927
20250325091503 302 1462
20250325091504 302 1453
20250325092357 301 924
20250325092852 301 926
20250325094244 301 788
20250325094846 301 801
20250325095909 301 925
20250325100508 301 926
20250325101615 302 985
20250325101621 301 926
20250325102100 301 792
20250325103819 301 919
20250325104201 301 797
20250325110052 301 934
20250325114121 301 927
20250325114633 301 917
20250325115113 301 798
20250325115402 301 922
20250325115424 301 915
20250325122908 302 721
20250325122957 301 803
20250325124037 301 927
20250325125615 301 927
20250325125847 301 916
20250325132113 302 991
20250325133908 301 924
20250325140032 301 924
20250325141201 301 922
20250325141204 301 800
20250325143240 301 790
20250325145247 301 929
20250325145521 301 799
20250325155029 301 804
20250325155721 301 922
20250325160346 301 920
20250325160428 301 787
20250325161514 301 919
20250325163300 301 925
20250325164250 301 784
20250325164344 301 924
20250325164639 301 799
20250325170840 301 921
20250325171153 301 912
20250325173353 301 926
20250325174027 301 795
20250325174534 302 1263
20250325180009 301 917
20250325180504 301 932
20250325182010 301 925
20250325182620 301 929
20250325183612 301 921
20250325190059 301 796
20250325191821 301 930
20250325192228 301 935
20250325193244 301 787
20250325193808 301 927
20250325194325 301 801
20250325195704 301 931
20250325200053 302 1292
20250325201257 301 788
20250325201454 302 713
20250325202518 301 920
20250325203959 301 929
20250325205501 301 928
20250325211003 301 795
20250325212521 301 925
20250325213726 302 972
20250325213957 301 928
20250325215602 301 934
20250325220953 301 922
20250325222511 301 935
20250325224013 301 928
20250325225446 301 930
20250325231011 301 927
20250325233700 301 922
20250325234325 301 801
20250325235029 301 1211
20250325235030 301 1209
20250325235030 302 1440
20250325235031 301 1214
20250325235031 301 1214
20250325235031 302 1435
20250326000951 301 923
20250326002008 301 918
20250326010004 301 923
20250326010950 301 803
20250326011525 301 917
20250326013528 301 924
20250326014631 301 798
20250326020209 301 932
20250326021025 301 800
20250326021245 301 923
20250326022537 301 915
20250326024417 301 923
20250326032109 - 1114
20250326033158 301 807
20250326034408 301 925
20250326041113 301 932
20250326041129 301 916
20250326042408 301 915
20250326042438 301 925
20250326042454 301 919
20250326044150 301 929
20250326044357 302 701
20250326053403 301 915
20250326053538 302 1432
20250326053539 302 1427
20250326053542 302 1440
20250326053543 302 1441
20250326053652 302 1447
20250326054208 301 919
20250326055014 302 1444
20250326055015 302 1450
20250326055504 302 1457
20250326055505 302 1459
20250326055619 302 1398
20250326061411 301 928
20250326065209 301 1215
20250326065210 301 1215
20250326070356 301 916
20250326073133 301 924
20250326075451 301 923
20250326080018 301 921
20250326080239 301 925
20250326080834 301 921
20250326083020 301 916
20250326083848 301 934
20250326084305 301 801
20250326092929 301 925
20250326093300 301 920
20250326094734 301 929
20250326101139 301 924
20250326102014 - 1117
20250326102702 301 917
20250326104359 301 928
20250326105412 301 925
20250326111206 301 920
20250326111416 301 907
20250326112027 301 916
20250326113331 301 932
20250326114103 301 921
20250326121252 301 923
20250326123740 301 927
20250326131430 301 796
20250326131643 301 929
20250326131930 301 797
20250326132039 301 928
20250326132656 301 922
20250326133453 301 920
20250326134545 301 913
20250326140306 302 1303
20250326142019 302 1398
20250326142020 302 1388
20250326143721 301 790
20250326145422 301 795
20250326145528 302 974
20250326145633 301 926
20250326145825 302 1451
20250326145831 302 1456
20250326153208 301 923
20250326154157 301 802
20250326154636 301 922
20250326155459 301 925
20250326160819 301 921
20250326161640 301 917
20250326162149 301 928
20250326164545 301 932
20250326165810 301 801
20250326171504 301 913
20250326171529 301 939
20250326171655 301 929
20250326172349 301 923
20250326173158 302 997
20250326173233 301 913
20250326173911 301 927
20250326180643 301 923
20250326183146 301 921
20250326183433 301 781
20250326184235 301 925
20250326184404 301 922
20250326190453 301 919
20250326192213 301 797
20250326192537 301 786
20250326192836 302 705
20250326193908 301 934
20250326194549 301 795
20250326195655 301 916
20250326200205 301 911
20250326201612 301 920
20250326201624 301 1172
20250326201626 302 1448
20250326203021 301 906
20250326205631 301 923
20250326210042 301 931
20250326211805 302 973
20250326212714 301 928
20250326212808 302 1019
20250326212854 301 928
20250326235903 301 924
20250327000041 301 921
20250327000238 301 907
20250327001744 301 914
20250327001903 301 912
20250327002307 301 925
20250327003343 301 801
20250327003700 301 906
20250327004229 301 935
20250327005929 301 912
20250327010711 301 910
20250327011453 301 916
20250327013524 301 787
20250327014210 301 916
20250327014252 301 918
20250327020844 301 918
20250327021400 301 910
20250327032131 301 793
20250327032844 301 924
20250327033123 301 909
20250327034253 301 919
20250327052431 301 926
20250327062601 301 914
20250327062740 301 912
20250327062826 301 914
20250327063530 301 918
20250327063648 301 795
20250327063809 302 1119
20250327064825 301 791
20250327064900 301 917
20250327065137 301 921
20250327065941 301 928
20250327070033 301 918
20250327070607 301 925
20250327071529 301 935
20250327073056 301 915
20250327074024 301 922
20250327075045 302 1145
20250327075602 301 916
20250327080640 301 919
20250327080809 301 910
20250327080832 302 1140
20250327082231 302 1145
20250327083447 301 915
20250327083520 301 930
20250327084903 301 915
20250327090209 301 916
20250327091942 301 786
20250327092407 302 1296
20250327093514 301 923
20250327101008 301 930
20250327101140 301 918
20250327105710 301 923
20250327105720 301 915
20250327110301 301 923
20250327111608 301 788
20250327112149 301 920
20250327113028 301 928
20250327113455 301 793
20250327123510 301 927
20250327124212 301 921
20250327125121 301 791
20250327131252 301 792
20250327133728 301 914
20250327141419 301 918
20250327141721 301 789
20250327143221 301 923
20250327153127 301 927
20250327154633 301 926
20250327154647 301 793
20250327155706 301 921
20250327163254 301 919
20250327163826 301 921
20250327165237 301 921
20250327170309 301 915
20250327170356 301 915
20250327170527 302 1407
20250327174251 301 904
20250327175351 301 1217
20250327180204 301 795
20250327180241 301 913
20250327180612 301 908
20250327180629 301 788
20250327181328 301 925
20250327182158 302 1399
20250327182231 301 925
20250327182242 301 701
20250327184616 302 1454
20250327185409 301 921
20250327190624 301 917
20250327191447 302 1455
20250327191448 302 1445
20250327191500 302 1427
20250327191501 302 1426
20250327191851 301 920
20250327192800 302 1432
20250327193300 302 1395
20250327193301 302 1405
20250327193314 301 923
20250327193526 301 795
20250327193824 301 928
20250327194410 301 929
20250327194623 301 926
20250327200347 301 920
20250327200643 301 925
20250327203314 301 922
20250327205124 301 920
20250327205139 301 792
20250327205857 301 913
20250327205857 302 1183
20250327211654 301 913
20250327211656 302 1408
20250327211657 302 1397
20250327215046 301 916
20250327215601 301 791
20250327215739 301 899
20250327221944 301 909
20250327222753 301 795
20250327224011 301 927
20250327224502 302 1401
20250327224503 302 1400
20250327225434 301 918
20250327230959 301 925
20250327232534 301 912
20250327232940 302 969
20250327234045 301 919
20250327235441 301 795
20250328001011 301 807
20250328002527 301 928
20250328004312 301 925
20250328010304 301 930
20250328011920 301 915
20250328012836 301 914
20250328021602 301 914
20250328022246 301 919
20250328023431 301 929
20250328030100 301 803
20250328031318 302 1457
20250328031319 302 1457
20250328031820 302 977
20250328032307 301 923
20250328032350 301 790
20250328032912 301 932
20250328041113 301 805
20250328043520 301 936
20250328054401 301 920
20250328055548 301 924
20250328063441 301 917
20250328063802 301 803
20250328070242 301 800
20250328071604 302 976
20250328073252 301 934
20250328074832 301 917
20250328074931 301 923
20250328075855 301 920
20250328075945 301 929
20250328080240 301 930
20250328082237 301 791
20250328082436 301 918
20250328082506 301 911
20250328084119 301 930
20250328084618 301 793
20250328091127 301 936
20250328093114 302 996
20250328094631 301 930
20250328101132 301 922
20250328102251 301 935
20250328103501 301 931
20250328104534 301 929
20250328104542 301 917
20250328111428 301 785
20250328111456 301 917
20250328112056 301 922
20250328120335 301 793
20250328120638 301 917
20250328121033 301 914
20250328121044 301 930
20250328123215 302 1066
20250328123757 302 1126
20250328125642 301 931
20250328130216 301 918
20250328130502 302 708
20250328132039 301 927
20250328132606 301 921
20250328134022 301 929
20250328135143 301 801
20250328140011 301 931
20250328142222 301 928
20250328151351 301 913
20250328151844 301 933
20250328152529 301 925
20250328153325 301 908
20250328154539 301 932
20250328154732 301 928
20250328160444 301 799
20250328160929 301 921
20250328162542 301 924
20250328162557 301 788
20250328163315 302 1164
20250328163419 302 1186
20250328163836 302 1164
20250328164503 301 911
20250328171435 301 922
20250328172729 301 921
20250328174630 301 929
20250328180015 301 785
20250328181145 301 789
20250328183840 301 921
20250328183928 301 787
20250328185355 301 926
20250328185527 302 725
20250328185823 301 924
20250328191753 301 930
20250328200618 301 926
20250328201046 301 805
20250328201736 301 917
20250328202215 301 921
20250328203951 302 713
20250328204025 301 917
20250328204114 301 916
20250328212510 302 975
20250328212947 301 770
20250328213444 301 930
20250328214840 301 794
20250328215126 301 800
20250328220204 301 926
20250328220737 301 929
20250328221837 301 933
20250328221843 301 921
20250328222901 301 934
20250328225457 301 925
20250328232327 301 919
20250328232813 301 928
20250328232850 301 928
20250328234412 301 1015
20250328234441 302 1193
20250328234731 301 911
20250328234937 302 715
20250329001001 301 799
20250329003550 301 929
20250329003712 302 715
20250329004059 301 916
20250329010526 301 914
20250329010941 301 1400
20250329010942 302 1071
20250329014729 301 924
20250329021214 301 783
20250329022342 302 705
20250329022508 301 923
20250329024253 301 912
20250329025106 302 717
20250329030653 302 1119
20250329031303 302 992
20250329035216 301 927
20250329040814 301 929
20250329043213 301 796
20250329043348 301 793
20250329044112 301 922
20250329044633 301 924
20250329045725 302 994
20250329050323 301 921
20250329054124 301 790
20250329055907 301 916
20250329060148 302 973
20250329060809 301 785
20250329060919 301 925
20250329061706 301 789
20250329061756 301 931
20250329062018 301 931
20250329062544 301 794
20250329062940 301 793
20250329064051 301 920
20250329064622 301 914
20250329070029 302 980
20250329070048 301 794
20250329070359 302 702
20250329072529 301 925
20250329073011 301 781
20250329073028 301 909
20250329073128 302 705
20250329073803 301 921
20250329074515 301 917
20250329081352 301 924
20250329082252 301 925
20250329083928 301 794
20250329093925 301 926
20250329101902 301 909
20250329103443 301 798
20250329104731 302 766
20250329105518 301 786
20250329110451 301 923
20250329110543 301 928
20250329114046 301 801
20250329115132 301 785
20250329115934 301 915
20250329121346 301 925
20250329121620 301 710
20250329121849 301 926
20250329122113 301 795
20250329122718 301 921
20250329123352 301 921
20250329123856 301 802
20250329130221 301 920
20250329130748 301 924
20250329133942 301 794
20250329134307 301 789
20250329140033 301 922
20250329140445 302 969
20250329140730 301 924
20250329142850 301 919
20250329142854 302 981
20250329143225 301 792
20250329143708 301 931
20250329150005 301 930
20250329152203 301 927
20250329152826 301 781
20250329154310 301 796
20250329155405 301 926
20250329160104 301 927
20250329161406 301 922
20250329162654 301 931
20250329162906 301 1348
20250329163034 301 793
20250329164028 301 928
20250329165452 301 905
20250329170930 301 925
20250329172506 301 789
20250329174126 301 932
20250329175435 301 934
20250329181039 301 913
20250329182434 301 918
20250329183208 302 992
20250329183943 301 922
20250329185537 301 927
20250329190933 301 919
20250329191117 302 710
20250329191219 302 704
20250329192435 301 926
20250329194051 301 919
20250329194800 301 932
20250329195500 301 925
20250329200952 301 926
20250329202530 301 929
20250329203930 301 918
20250329205435 301 794
20250329211624 301 916
20250329212450 301 914
20250329213936 301 793
20250329215509 301 786
20250329221019 301 923
20250329222500 301 924
20250329223923 301 916
20250329225438 301 923
20250329230930 301 919
20250329235503 301 925
20250330000400 302 1456
20250330000920 301 917
20250330001613 302 756
20250330001801 301 915
20250330002148 301 1350
20250330002620 301 919
20250330004859 301 920
20250330010209 301 792
20250330011038 301 915
20250330012629 301 928
20250330014634 301 921
20250330014909 302 1112
20250330020150 302 698
20250330021925 301 789
20250330022343 301 919
20250330022444 302 983
20250330022656 302 702
20250330022658 301 785
20250330023826 301 882
20250330024402 301 918
20250330025824 301 920
20250330033014 301 917
20250330033149 302 703
20250330034026 301 917
20250330034458 302 1119
20250330034541 301 915
20250330034831 302 706
20250330034848 301 794
20250330035656 301 917
20250330035732 302 705
20250330040745 302 709
20250330040822 302 972
20250330041305 302 710
20250330041848 302 707
20250330041959 301 703
20250330043209 301 917
20250330043500 302 760
20250330043957 301 907
20250330044059 301 1213
20250330044248 302 708
20250330045431 301 918
20250330045435 302 708
20250330045707 301 774
20250330050332 302 967
20250330050747 302 751
20250330050933 301 924
20250330051316 302 709
20250330051955 302 713
20250330052430 302 717
20250330052453 302 846
20250330052522 301 927
20250330054000 301 785
20250330054703 302 710
20250330054821 302 969
20250330055059 302 995
20250330055145 302 989
20250330055149 301 804
20250330055226 302 849
20250330055305 302 983
20250330055327 302 853
20250330055341 302 964
20250330055341 302 704
20250330055353 301 803
20250330055429 302 978
20250330055430 302 989
20250330055450 301 916
20250330055719 301 794
20250330055832 301 782
20250330060053 302 974
20250330060126 302 717
20250330060411 302 964
20250330060447 302 759
20250330060640 302 706
20250330060955 301 803
20250330061046 302 979
20250330061056 302 982
20250330061057 302 975
20250330061059 302 964
20250330061100 302 989
20250330061101 302 840
20250330061104 302 990
20250330061108 302 970
20250330061113 302 968
20250330061140 302 979
20250330061359 301 806
20250330062207 302 983
20250330062432 301 914
20250330062541 301 921
20250330062632 302 708
20250330062821 302 703
20250330063203 302 702
20250330063454 302 714
20250330064008 301 937
20250330064126 301 924
20250330064429 302 976
20250330064529 301 781
20250330064622 302 962
20250330064628 302 964
20250330064658 302 973
20250330064703 302 960
20250330064733 302 973
20250330064748 302 965
20250330064816 302 964
20250330064851 302 977
20250330064920 302 713
20250330065007 301 919
20250330065024 301 786
20250330065332 302 713
20250330065716 301 925
20250330070744 302 706
20250330070950 301 915
20250330071014 302 714
20250330071648 302 762
20250330072418 302 716
20250330072440 302 705
20250330072459 302 986
20250330072838 302 725
20250330072942 302 723
20250330073607 302 708
20250330073635 302 996
20250330073958 302 724
20250330074053 302 967
20250330074223 301 917
20250330074253 301 916
20250330075811 301 921
20250330080252 301 915
20250330080940 301 927
20250330081118 301 914
20250330081203 301 922
20250330081248 302 771
20250330081254 302 718
20250330082708 301 905
20250330083320 302 960
20250330083323 302 972
20250330083348 302 970
20250330083356 302 974
20250330083358 302 971
20250330083400 302 989
20250330083403 302 981
20250330083404 302 984
20250330083415 302 979
20250330083417 301 776
20250330083419 302 1013
20250330083419 302 981
20250330083423 301 780
20250330083426 302 977
20250330083428 302 980
20250330083431 302 974
20250330083431 302 974
20250330083435 302 972
20250330083437 302 975
20250330083448 302 975
20250330083549 302 976
20250330083629 302 970
20250330084033 301 798
20250330085725 302 719
20250330085732 301 916
20250330090026 302 711
20250330090028 302 1389
20250330090649 302 709
20250330091302 301 928
20250330092952 301 917
20250330100325 301 925
20250330105019 301 914
20250330105344 301 911
20250330105541 302 720
20250330110015 301 930
20250330111040 302 713
20250330111221 301 925
20250330113030 301 785
20250330114354 301 917
20250330115346 301 791
20250330120102 301 919
20250330123435 301 913
20250330130639 301 785
20250330131021 301 923
20250330131305 301 919
20250330131439 301 931
20250330131752 302 1403
20250330132807 302 714
20250330132836 301 921
20250330134851 301 916
20250330135215 302 716
20250330140931 301 926
20250330141146 302 721
20250330141835 302 990
20250330141849 301 913
20250330141852 301 920
20250330142702 302 761
20250330142817 302 1004
20250330143622 302 1002
20250330143948 302 1006
20250330144019 302 719
20250330144241 301 926
20250330145250 301 697
20250330145338 301 1018
20250330145404 302 995
20250330145633 301 927
20250330145844 302 986
20250330151214 301 915
20250330152157 301 922
20250330152457 301 926
20250330153153 302 711
20250330153759 302 717
20250330153958 302 711
20250330154201 301 928
20250330154236 301 928
20250330154300 302 760
20250330155734 302 976
20250330155737 302 987
20250330155737 302 973
20250330155739 302 976
20250330155740 302 981
20250330155741 302 970
20250330155743 302 980
20250330155745 302 965
20250330155748 301 775
20250330155749 302 960
20250330155753 302 975
20250330155754 302 966
20250330155757 301 800
20250330155802 302 697
20250330155803 302 961
20250330155804 302 972
20250330155808 301 794
20250330155808 302 979
20250330155809 302 977
20250330155809 302 984
20250330155810 302 972
20250330155811 302 977
20250330155812 302 969
20250330155812 302 967
20250330155813 301 798
20250330155814 301 777
20250330155814 302 979
20250330155814 302 980
20250330155816 301 773
20250330155819 302 980
20250330155822 302 978
20250330155822 302 988
20250330155823 302 978
20250330155825 302 970
20250330155825 302 973
20250330155825 302 974
20250330155825 302 988
20250330155826 302 971
20250330155826 302 982
20250330155827 302 973
20250330155827 302 979
20250330155828 302 975
20250330155828 302 984
20250330155828 302 963
20250330155830 302 961
20250330155831 301 793
20250330155831 302 617
20250330155832 301 790
20250330155833 302 982
20250330155833 302 972
20250330155836 302 976
20250330155836 302 977
20250330155837 302 975
20250330155840 301 785
20250330155841 302 971
20250330155841 302 984
20250330155843 302 975
20250330155844 302 981
20250330155844 302 970
20250330155844 302 974
20250330155844 302 980
20250330155845 302 974
20250330155846 302 974
20250330155847 302 980
20250330155847 302 984
20250330155847 302 964
20250330155848 302 975
20250330155849 302 975
20250330155849 302 966
20250330155849 302 990
20250330155851 302 842
20250330155852 302 985
20250330155855 302 978
20250330155855 302 986
20250330155856 301 791
20250330155856 302 1478
20250330155858 302 984
20250330155858 302 972
20250330155901 301 798
20250330155901 302 969
20250330155901 302 841
20250330155904 302 973
20250330155905 302 985
20250330155905 302 980
20250330155906 301 781
20250330155906 302 970
20250330155907 301 774
20250330155907 302 1477
20250330155908 301 792
20250330155908 302 979
20250330155909 301 778
20250330155909 302 973
20250330155912 302 977
20250330155912 302 979
20250330155913 302 965
20250330155913 302 973
20250330155914 302 966
20250330155915 302 977
20250330155915 302 993
20250330155916 301 799
20250330155916 302 968
20250330155917 301 782
20250330155917 302 982
20250330155917 302 963
20250330155918 301 788
20250330155918 302 972
20250330155920 302 978
20250330155921 301 774
20250330155921 302 991
20250330155921 302 977
20250330155922 302 983
20250330155923 301 800
20250330155923 302 975
20250330155923 302 977
20250330155924 301 780
20250330155924 302 976
20250330155924 302 970
20250330155925 302 983
20250330155925 302 976
20250330155927 302 967
20250330155928 302 979
20250330155928 302 961
20250330155928 302 981
20250330155931 302 976
20250330155931 302 985
20250330155932 301 785
20250330155932 302 1351
20250330155932 302 1476
20250330155932 302 979
20250330155934 301 786
20250330155934 302 842
20250330155934 302 844
20250330155936 302 988
20250330155937 302 983
20250330155939 301 793
20250330155939 302 978
20250330155939 302 985
20250330155939 302 984
20250330155940 302 969
20250330155940 302 970
20250330155942 302 974
20250330155943 302 968
20250330155944 302 982
20250330155944 302 974
20250330155945 301 776
20250330155945 302 980
20250330155945 302 833
20250330155946 302 832
20250330155946 302 978
20250330155947 302 969
20250330155947 302 959
20250330155947 302 973
20250330155949 302 979
20250330155951 301 783
20250330155952 302 978
20250330155952 302 960
20250330155953 302 970
20250330155953 302 968
20250330155954 302 974
20250330155956 302 979
20250330155958 302 979
20250330155958 302 983
20250330155959 302 975
20250330155959 302 978
20250330155959 302 1484
20250330160000 302 982
20250330160001 302 987
20250330160001 302 969
20250330160001 302 971
20250330160001 302 970
20250330160002 302 975
20250330160002 302 972
20250330160003 302 987
20250330160004 302 705
20250330160005 302 980
20250330160006 302 987
20250330160006 302 971
20250330160007 302 979
20250330160008 302 1348
20250330160008 301 786
20250330160009 302 977
20250330160012 302 979
20250330160013 302 973
20250330160014 301 793
20250330160014 302 968
20250330160016 302 985
20250330160016 302 969
20250330160017 301 786
20250330160017 301 782
20250330160018 301 791
20250330160019 302 983
20250330160021 302 982
20250330160022 301 798
20250330160022 302 967
20250330160022 302 961
20250330160023 302 973
20250330160024 302 989
20250330160025 301 788
20250330160025 301 786
20250330160025 302 978
20250330160025 302 973
20250330160026 302 975
20250330160028 302 978
20250330160030 302 969
20250330160030 302 965
20250330160031 302 975
20250330160032 302 972
20250330160033 301 794
20250330160033 302 983
20250330160034 301 785
20250330160034 302 1329
20250330160035 301 795
20250330160035 302 981
20250330160036 301 788
20250330160036 302 963
20250330160038 302 989
20250330160038 302 973
20250330160039 302 977
20250330160041 301 791
20250330160041 302 965
20250330160043 302 978
20250330160044 302 971
20250330160045 302 969
20250330160045 302 980
20250330160046 302 973
20250330160046 302 973
20250330160047 302 1469
20250330160047 302 983
20250330160047 302 957
20250330160048 302 979
20250330160048 302 968
20250330160048 302 967
20250330160048 302 975
20250330160049 302 982
20250330160049 302 968
20250330160050 301 788
20250330160050 302 609
20250330160051 302 982
20250330160052 302 981
20250330160053 302 975
20250330160053 302 971
20250330160055 302 974
20250330160057 302 971
20250330160100 302 984
20250330160100 302 980
20250330160101 302 971
20250330160102 302 957
20250330160102 302 983
20250330160102 302 973
20250330160105 302 983
20250330160108 302 972
20250330160109 302 973
20250330160110 302 973
20250330160110 302 980
20250330160110 302 982
20250330160111 302 980
20250330160111 301 923
20250330160112 301 803
20250330160114 302 975
20250330160114 302 976
20250330160115 302 972
20250330160117 302 974
20250330160120 302 971
20250330160122 302 967
20250330160122 302 971
20250330160126 302 977
20250330160126 302 987
20250330160127 302 1482
20250330160127 302 1477
20250330160128 302 1483
20250330160129 302 976
20250330160130 302 979
20250330160131 302 973
20250330160133 302 973
20250330160133 302 973
20250330160133 302 846
20250330160134 302 970
20250330160135 301 782
20250330160135 302 980
20250330160136 301 787
20250330160137 302 984
20250330160138 302 983
20250330160140 302 968
20250330160142 302 980
20250330160142 302 980
20250330160143 302 980
20250330160143 302 974
20250330160145 301 786
20250330160146 302 980
20250330160147 302 957
20250330160148 302 977
20250330160148 302 980
20250330160149 302 974
20250330160151 302 977
20250330160152 302 969
20250330160153 302 970
20250330160153 302 967
20250330160155 302 985
20250330160155 302 974
20250330160155 302 986
20250330160200 302 964
20250330160201 302 838
20250330160203 302 956
20250330160204 301 795
20250330160204 302 980
20250330160206 301 789
20250330160207 302 967
20250330160208 301 784
20250330160208 302 985
20250330160208 302 983
20250330160209 302 970
20250330160211 302 976
20250330160212 302 981
20250330160212 302 979
20250330160213 302 842
20250330160213 302 979
20250330160216 302 983
20250330160217 302 967
20250330160219 301 796
20250330160221 302 982
20250330160221 302 970
20250330160223 302 969
20250330160223 302 974
20250330160223 302 975
20250330160224 302 966
20250330160224 302 979
20250330160224 302 979
20250330160225 302 966
20250330160225 302 972
20250330160226 302 980
20250330160226 302 975
20250330160228 302 978
20250330160229 302 969
20250330160231 302 970
20250330160232 302 979
20250330160232 302 975
20250330160233 302 974
20250330160233 302 967
20250330160234 302 980
20250330160235 301 787
20250330160235 302 972
20250330160236 302 972
20250330160240 302 984
20250330160240 302 975
20250330160243 302 971
20250330160244 302 977
20250330160245 302 993
20250330160246 302 983
20250330160248 302 961
20250330160251 301 791
20250330160251 302 972
20250330160252 302 970
20250330160252 302 966
20250330160254 302 981
20250330160254 302 977
20250330160256 302 980
20250330160256 302 980
20250330160256 302 971
20250330160257 302 986
20250330160257 302 962
20250330160258 302 973
20250330160300 302 970
20250330160300 302 964
20250330160301 301 786
20250330160301 302 1469
20250330160301 302 982
20250330160302 302 969
20250330160305 302 972
20250330160308 302 846
20250330160308 302 977
20250330160309 302 957
20250330160311 302 968
20250330160311 302 978
20250330160316 302 975
20250330160317 302 968
20250330160317 302 981
20250330160319 301 793
20250330160321 302 985
20250330160321 302 974
20250330160322 302 973
20250330160322 302 967
20250330160323 302 975
20250330160323 302 963
20250330160324 302 970
20250330160325 302 989
20250330160325 302 974
20250330160327 302 980
20250330160327 302 987
20250330160328 302 978
20250330160328 302 967
20250330160330 301 787
20250330160330 302 975
20250330160332 302 975
20250330160334 302 987
20250330160336 302 972
20250330160338 302 973
20250330160338 302 973
20250330160338 302 969
20250330160339 301 792
20250330160343 302 973
20250330160345 302 837
20250330160345 302 970
20250330160347 302 977
20250330160349 301 791
20250330160350 302 973
20250330160352 301 774
20250330160353 302 971
20250330160354 302 981
20250330160355 301 791
20250330160355 302 976
20250330160355 302 963
20250330160356 302 968
20250330160357 301 799
20250330160357 302 985
20250330160357 302 979
20250330160359 301 788
20250330160359 302 985
20250330160400 301 798
20250330160401 302 968
20250330160402 301 794
20250330160402 302 975
20250330160404 302 962
20250330160405 302 986
20250330160405 302 977
20250330160406 302 981
20250330160406 302 970
20250330160407 301 773
20250330160408 302 974
20250330160410 302 622
20250330160411 302 977
20250330160415 301 791
20250330160419 302 973
20250330160421 302 971
20250330160424 302 980
20250330160427 301 795
20250330160430 302 973
20250330160431 301 784
20250330160432 302 973
20250330160432 302 976
20250330160432 302 983
20250330160433 302 964
20250330160440 302 990
20250330160440 302 987
20250330160441 302 972
20250330160442 301 794
20250330160442 301 780
20250330160442 302 982
20250330160443 302 968
20250330160444 302 963
20250330160445 302 981
20250330160445 302 978
20250330160446 302 982
20250330160447 302 973
20250330160447 302 964
20250330160449 301 800
20250330160449 302 976
20250330160451 302 1479
20250330160451 302 968
20250330160451 302 976
20250330160452 302 971
20250330160455 301 789
20250330160456 302 981
20250330160457 302 987
20250330160459 301 792
20250330160459 302 984
20250330160501 302 969
20250330160502 302 973
20250330160502 302 962
20250330160505 301 787
20250330160505 302 985
20250330160508 302 978
20250330160509 302 981
20250330160511 302 973
20250330160512 301 797
20250330160512 302 1477
20250330160512 302 1489
20250330160513 302 964
20250330160515 302 979
20250330160515 302 978
20250330160518 302 970
20250330160518 302 961
20250330160518 302 982
20250330160519 302 973
20250330160522 302 711
20250330160522 302 971
20250330160523 302 970
20250330160523 302 971
20250330160524 302 974
20250330160525 302 974
20250330160528 302 977
20250330160529 302 988
20250330160529 302 1463
20250330160530 302 607
20250330160532 302 986
20250330160534 302 982
20250330160534 302 976
20250330160536 302 970
20250330160540 302 980
20250330160543 302 979
20250330160544 302 1343
20250330160544 302 966
20250330160548 302 979
20250330160554 302 971
20250330160555 302 979
20250330160559 302 976
20250330160559 302 842
20250330160600 302 979
20250330160605 302 977
20250330160607 302 847
20250330160608 302 969
20250330160612 302 964
20250330160614 301 789
20250330160616 302 984
20250330160620 302 958
20250330160623 302 845
20250330160625 301 795
20250330160634 302 829
20250330160636 302 967
20250330160642 302 967
20250330160643 302 973
20250330160644 302 977
20250330160645 302 1454
20250330160655 302 611
20250330160657 301 789
20250330160703 302 963
20250330160703 302 975
20250330160711 302 971
20250330160714 302 980
20250330160722 302 972
20250330160723 301 780
20250330160726 302 962
20250330160749 302 962
20250330160801 302 983
20250330160802 302 976
20250330160804 302 979
20250330160807 302 985
20250330160810 302 983
20250330160810 302 982
20250330160815 302 973
20250330160817 301 781
20250330160819 302 982
20250330160820 302 963
20250330160826 302 975
20250330160833 301 799
20250330160837 302 975
20250330160841 302 971
20250330160841 302 978
20250330160843 301 791
20250330160843 302 973
20250330160843 302 979
20250330160844 301 785
20250330160844 302 976
20250330160845 301 785
20250330160845 302 977
20250330160847 301 775
20250330160847 302 978
20250330160847 302 975
20250330160847 302 963
20250330160850 302 982
20250330160851 302 958
20250330160852 302 971
20250330160853 302 984
20250330160900 301 798
20250330160904 302 966
20250330160905 302 977
20250330160907 302 992
20250330160908 302 980
20250330160910 302 982
20250330160910 302 975
20250330160911 301 787
20250330160912 302 965
20250330160914 302 984
20250330160915 302 970
20250330160921 302 975
20250330160921 302 968
20250330160923 302 987
20250330160924 302 981
20250330160925 302 1474
20250330160927 302 980
20250330160929 302 975
20250330160930 301 784
20250330160930 302 974
20250330160930 302 962
20250330160934 301 802
20250330160934 302 975
20250330160937 302 974
20250330160938 302 963
20250330160939 302 981
20250330160940 302 984
20250330160943 302 981
20250330160945 302 835
20250330160946 302 976
20250330160946 302 985
20250330160946 302 974
20250330160949 302 975
20250330160949 302 985
20250330160955 302 982
20250330160956 302 972
20250330160958 302 962
20250330161005 302 963
20250330161006 302 965
20250330161007 302 975
20250330161011 302 987
20250330161018 302 980
20250330161019 302 971
20250330161022 302 841
20250330161024 302 967
20250330161032 302 974
20250330161032 302 973
20250330161034 302 971
20250330161035 302 977
20250330161035 302 976
20250330161036 301 793
20250330161039 301 787
20250330161039 302 988
20250330161044 302 959
20250330161044 302 979
20250330161044 302 973
20250330161045 301 785
20250330161051 302 968
20250330161055 302 963
20250330161057 302 969
20250330161101 302 985
20250330161102 302 979
20250330161105 302 971
20250330161108 302 995
20250330161114 301 792
20250330161114 302 984
20250330161115 302 979
20250330161118 302 982
20250330161119 302 991
20250330161130 301 776
20250330161132 301 784
20250330161135 302 968
20250330161135 302 972
20250330161141 301 788
20250330161144 302 978
20250330161146 302 974
20250330161153 302 974
20250330161159 302 977
20250330161203 301 776
20250330161205 301 793
20250330161207 302 976
20250330161221 302 971
20250330161222 302 976
20250330161247 302 959
20250330161249 302 969
20250330161249 302 959
20250330161252 302 960
20250330161300 302 976
20250330161303 302 970
20250330161306 301 783
20250330161308 301 788
20250330161321 302 982
20250330161327 302 970
20250330161343 302 847
20250330161353 301 783
20250330161356 302 986
20250330161403 302 973
20250330161404 302 986
20250330161407 302 986
20250330161414 302 970
20250330161423 302 976
20250330161431 302 973
20250330161438 302 982
20250330161501 302 976
20250330161502 301 918
20250330161503 302 987
20250330161504 302 973
20250330161506 301 787
20250330161507 302 969
20250330161507 302 961
20250330161511 302 975
20250330161515 302 979
20250330161524 302 965
20250330161526 301 785
20250330161533 302 955
20250330161536 302 974
20250330161549 302 976
20250330161554 302 975
20250330161605 302 981
20250330161605 302 972
20250330161613 302 974
20250330161616 302 973
20250330161631 302 979
20250330161642 302 971
20250330161716 302 975
20250330161719 302 971
20250330161732 302 976
20250330161734 302 977
20250330161735 302 988
20250330161748 302 976
20250330161812 302 981
20250330161814 301 780
20250330161818 302 973
20250330161818 302 974
20250330161825 302 969
20250330161825 302 977
20250330161834 302 972
20250330161836 301 793
20250330161840 302 966
20250330161842 302 971
20250330161851 302 974
20250330161904 302 979
20250330161906 301 794
20250330161917 302 982
20250330161919 302 975
20250330161924 302 978
20250330161928 302 965
20250330161932 302 969
20250330161933 302 977
20250330161939 302 980
20250330161951 302 976
20250330161955 302 972
20250330162001 302 980
20250330162010 302 959
20250330162021 302 973
20250330162040 302 968
20250330162045 302 980
20250330162049 302 975
20250330162052 302 957
20250330162055 302 980
20250330162117 302 981
20250330162126 302 979
20250330162132 302 968
20250330162141 302 970
20250330162141 302 967
20250330162149 302 981
20250330162220 302 968
20250330162226 302 970
20250330162241 302 966
20250330162245 302 986
20250330162245 302 851
20250330162257 302 974
20250330162303 302 963
20250330162309 302 972
20250330162322 302 974
20250330162326 302 966
20250330162329 302 979
20250330162351 302 973
20250330162405 302 969
20250330162406 302 970
20250330162407 302 985
20250330162416 302 982
20250330162428 302 836
20250330162428 302 965
20250330162434 302 980
20250330162445 302 969
20250330162502 302 974
20250330162504 302 969
20250330162522 302 976
20250330162528 302 724
20250330162541 302 973
20250330162703 302 981
20250330162710 302 962
20250330162720 301 786
20250330162727 302 977
20250330162731 302 972
20250330162741 302 962
20250330162801 302 989
20250330162804 302 985
20250330162807 302 984
20250330162823 302 976
20250330162835 302 976
20250330162840 301 782
20250330162852 302 974
20250330162857 302 975
20250330162901 302 963
20250330162917 301 907
20250330162931 302 975
20250330162933 302 965
20250330162933 302 983
20250330162935 302 956
20250330162942 302 981
20250330162944 302 977
20250330162959 301 793
20250330162959 302 980
20250330163001 301 793
20250330163001 302 975
20250330163008 302 977
20250330163010 302 976
20250330163012 301 784
20250330163024 302 968
20250330163036 302 972
20250330163043 302 972
20250330163044 302 960
20250330163113 302 969
20250330163119 302 982
20250330163123 302 973
20250330163146 302 975
20250330163147 302 1479
20250330163301 302 969
20250330163327 302 975
20250330163331 302 969
20250330163351 302 973
20250330163425 302 984
20250330163432 302 975
20250330163437 302 957
20250330163437 302 981
20250330163458 302 981
20250330163509 302 967
20250330163523 302 971
20250330163618 302 967
20250330163627 301 788
20250330163736 302 976
20250330163847 301 785
20250330163852 302 969
20250330163853 302 976
20250330163909 302 969
20250330164039 302 978
20250330164040 302 962
20250330164040 302 973
20250330164618 301 910
20250330164624 302 982
20250330164625 302 973
20250330165136 302 976
20250330165255 302 970
20250330165344 302 987
20250330165351 302 984
20250330165511 302 968
20250330165544 302 967
20250330170423 301 921
20250330170449 302 975
20250330171011 302 982
20250330171141 301 929
20250330171333 302 710
20250330171454 301 789
20250330172602 301 918
20250330173224 301 926
20250330173357 302 980
20250330174006 301 928
20250330174155 301 934
20250330174501 302 715
20250330175451 301 922
20250330180430 302 748
20250330180505 302 969
20250330180942 301 922
20250330181712 302 969
20250330182631 301 917
20250330183213 302 983
20250330183704 302 972
20250330183828 302 710
20250330183837 301 1009
20250330184030 302 722
20250330184057 301 917
20250330184148 302 692
20250330185456 301 793
20250330185551 301 918
20250330185602 301 926
20250330185609 301 923
20250330185646 302 705
20250330185851 302 978
20250330190041 301 915
20250330190131 302 712
20250330190211 302 980
20250330190310 302 987
20250330190434 302 978
20250330191718 301 925
20250330192251 301 917
20250330193329 301 924
20250330193359 301 794
20250330193556 302 979
20250330193756 301 794
20250330194104 301 915
20250330194113 302 974
20250330195437 301 929
20250330195506 302 978
20250330200327 302 982
20250330200348 302 972
20250330200610 301 921
20250330200632 302 966
20250330201314 302 709
20250330201744 301 795
20250330202445 301 913
20250330202457 302 972
20250330202802 301 922
20250330202806 302 980
20250330202815 301 789
20250330202955 302 973
20250330204138 301 789
20250330205147 302 711
20250330205608 302 717
20250330210842 301 694
20250330211426 301 917
20250330213507 302 716
20250330214831 301 918
20250330214833 301 915
20250330215124 302 980
20250330215443 302 965
20250330220622 302 980
20250330220753 302 970
20250330221708 302 969
20250330222542 301 925
20250330223346 302 977
20250330223807 302 980
20250330224321 302 967
20250330224707 301 919
20250330230536 302 968
20250330230607 302 977
20250330230624 301 916
20250330230751 302 712
20250330230843 301 788
20250330231208 301 921
20250330231405 301 915
20250330232619 302 983
20250330232659 302 987
20250330233404 301 918
20250330234334 302 970
20250330234356 301 922
20250330234831 301 922
20250330235030 302 756
20250330235135 301 915
20250331000427 302 973
20250331000508 301 925
20250331001050 302 978
20250331001940 302 725
20250331002636 301 796
20250331002900 302 714
20250331002959 302 988
20250331004647 302 973
20250331005413 301 923
20250331005622 301 911
20250331005816 301 931
20250331005906 301 929
20250331010256 301 921
20250331010545 302 724
20250331010827 302 964
20250331011153 301 932
20250331012408 302 706
20250331012623 302 975
20250331012659 301 927
20250331012711 302 981
20250331012734 302 989
20250331013331 302 718
20250331013719 301 922
20250331013738 302 712
20250331013920 302 994
20250331014559 301 923
20250331015517 301 796
20250331021115 302 975
20250331021719 301 926
20250331022413 301 918
20250331023215 302 707
20250331023311 301 919
20250331025823 302 987
20250331031631 302 976
20250331031735 301 927
20250331031803 301 927
20250331032133 302 708
20250331032450 301 803
20250331032557 301 921
20250331032949 302 987
20250331033915 302 983
20250331034224 302 975
20250331035715 302 756
20250331040446 301 791
20250331041438 301 930
20250331041536 302 974
20250331041643 302 981
20250331042246 301 922
20250331042849 301 792
20250331043506 302 964
20250331043825 302 982
20250331044556 302 982
20250331044736 302 993
20250331044836 301 918
20250331045035 302 711
20250331045836 302 993
20250331050910 301 787
20250331050933 302 974
20250331051357 301 924
20250331051847 301 795
20250331053732 302 971
20250331053824 302 983
20250331053853 302 983
20250331053947 302 990
20250331054050 301 925
20250331054248 302 986
20250331054357 301 931
20250331055121 301 800
20250331055543 302 970
20250331055550 302 982
20250331055747 301 925
20250331060253 302 986
20250331060300 302 997
20250331060810 302 978
20250331061437 302 972
20250331061654 302 974
20250331061928 302 982
20250331062054 302 977
20250331062313 302 979
20250331062737 301 793
20250331063829 301 792
20250331063950 301 787
20250331064121 302 978
20250331064241 301 798
20250331064408 302 764
20250331065221 302 972
20250331065914 302 711
20250331070028 302 979
20250331070239 302 974
20250331070534 301 939
20250331070651 302 988
20250331072023 302 997
20250331072026 302 992
20250331072538 302 716
20250331072837 302 975
20250331072850 301 920
20250331072904 302 981
20250331073018 302 1394
20250331073019 302 1403
20250331073040 302 983
20250331073741 301 793
20250331073857 302 982
20250331074116 301 802
20250331075640 301 794
20250331075710 302 720
20250331080641 302 983
20250331081406 302 977
20250331082836 301 799
20250331082932 301 922
20250331083450 301 926
20250331083508 301 935
20250331083652 301 933
20250331085626 301 930
20250331085723 301 796
20250331090025 301 794
20250331090351 302 720
20250331091650 302 975
20250331091735 302 719
20250331092359 302 719
20250331093302 301 786
20250331093504 302 979
20250331094312 301 919
20250331094455 301 913
20250331094610 302 717
20250331095023 302 983
20250331095120 302 761
20250331095430 301 932
20250331101338 302 1051
20250331102805 301 927
20250331103726 302 989
20250331103945 301 789
20250331104517 301 928
20250331105847 301 927
20250331110318 302 983
20250331110658 301 918
20250331110824 302 974
20250331112938 302 983
20250331113122 301 929
20250331113507 302 977
20250331113534 302 981
20250331115551 301 799
20250331120219 301 788
20250331120242 302 773
20250331121358 301 922
20250331123628 301 918
20250331124330 301 917
20250331124739 302 989
20250331125603 301 937
20250331125625 301 792
20250331130251 302 966
20250331131138 301 793
20250331135042 302 976
20250331135626 301 936
20250331141353 301 932
20250331141818 301 805
20250331142538 301 915
20250331143141 301 805
20250331143550 301 927
20250331145440 301 803
20250331145658 301 793
20250331151958 301 924
20250331152002 301 797
20250331152504 302 724
20250331153541 301 926
20250331155404 301 617
20250331161521 301 709
20250331161835 302 987
20250331162407 302 1462
20250331162408 302 1464
20250331162425 302 1432
20250331162426 302 1431
20250331162516 302 1448
20250331163111 302 1065
20250331163324 302 1394
20250331163644 302 1395
20250331163645 302 1399
20250331165501 302 727
20250331172228 301 1208
20250331172229 301 1213
20250331172236 301 935
20250331175054 302 716
20250331175113 302 715
20250331175421 301 923
20250331175541 301 921
20250331175847 301 923
20250331180708 302 708
20250331180919 302 719
20250331181810 301 920
20250331182859 302 705
20250331183415 302 708
20250331183512 301 939
20250331184326 301 932
20250331190301 302 720
20250331190316 301 929
20250331191400 301 937
20250331191454 302 972
20250331191544 301 922
20250331191955 302 715
20250331192340 302 717
20250331192410 302 723
20250331194302 301 924
20250331194628 301 929
20250331195415 301 931
20250331195457 302 977
20250331195946 302 713
20250331200809 302 1397
20250331200810 302 1401
20250331200952 302 970
20250331202115 302 1394
20250331202116 302 1398
20250331202129 301 930
20250331202546 301 926
20250331202601 302 722
20250331203021 301 927
20250331203507 302 715
20250331203516 301 929
20250331203621 302 775
20250331203813 301 939
20250331204232 302 720
20250331204357 301 798
20250331204416 301 935
20250331205314 302 977
20250331205641 302 717
20250331205813 302 724
20250331210541 302 704
20250331211242 302 706
20250331212131 301 932
20250331212515 302 727
20250331212640 302 965
20250331213941 302 1458
20250331213942 302 1464
20250331214451 301 924
20250331214658 301 919
20250331214727 301 927
20250331215001 302 719
20250331215721 302 978
20250331220321 302 983
20250331220800 302 974
20250331220930 301 922
20250331221127 301 784
20250331221507 301 797
20250331223026 301 935
20250331223600 302 724
20250331223938 302 981
20250331224336 302 973
20250331225855 302 980
20250331225901 301 794
20250331230048 301 788
20250331230919 302 1115
20250331232329 301 915
20250331232422 302 971
20250331232712 301 925
20250331233431 302 984
20250331234113 301 798
20250401000612 301 926
20250401001255 302 994
20250401001516 302 979
20250401001936 302 1109
20250401003222 302 719
20250401003651 302 983
20250401003833 301 804
20250401004743 302 772
20250401004939 302 718
20250401005017 302 1013
20250401005650 301 926
20250401005938 302 991
20250401010707 302 729
20250401011259 301 940
20250401012642 301 930
20250401013145 301 932
20250401013740 301 932
20250401013850 301 940
20250401020344 301 922
20250401020528 301 937
20250401020749 301 932
20250401021356 301 938
20250401021726 301 931
20250401023040 301 1214
20250401023424 302 722
20250401032255 301 933
20250401032827 301 923
20250401033654 301 935
20250401033830 302 717
20250401035758 301 926
20250401042059 302 985
20250401042415 301 933
20250401043115 301 804
20250401043200 301 939
20250401043400 301 921
20250401043708 301 926
20250401043811 302 987
20250401043811 301 921
20250401045146 302 725
20250401045925 301 926
20250401052251 302 773
20250401053940 302 979
20250401054201 301 933
20250401054508 301 934
20250401054703 302 983
20250401055959 301 932
20250401060334 301 932
20250401062930 301 919
20250401064039 301 930
20250401065310 302 983
20250401071913 302 989
20250401072638 301 930
20250401072813 302 1017
20250401072819 301 934
20250401073554 302 988
20250401073853 301 936
20250401075123 302 779
20250401075353 302 712
20250401075933 302 1395
20250401080406 302 982
20250401081513 301 917
20250401081529 301 935
20250401083710 301 937
20250401084145 301 794
20250401084851 302 730
20250401084938 301 938
20250401085415 302 979
20250401085513 302 718
20250401085731 302 972
20250401091010 302 1458
20250401091440 301 932
20250401091526 301 936
20250401092717 301 920
20250401092910 301 926
20250401093102 301 811
20250401093705 302 988
20250401100833 301 942
20250401103620 301 928
20250401105838 302 775
20250401110149 301 787
20250401110219 301 943
20250401110558 301 934
20250401111949 301 925
20250401112031 301 930
20250401112038 301 934
20250401113245 301 926
20250401113256 302 765
20250401113610 301 922
20250401114719 301 943
20250401115253 302 714
20250401115309 301 1217
20250401115634 301 925
20250401115751 301 806
20250401120037 301 1221
20250401121457 302 976
20250401124040 301 929
20250401124335 301 931
20250401124757 301 799
20250401125043 301 936
20250401125051 301 799
20250401130119 302 974
20250401131300 301 919
20250401131453 301 928
20250401133337 302 1402
20250401134022 301 934
20250401135139 301 811
20250401140200 301 934
20250401143500 301 802
20250401143927 301 793
20250401151245 301 935
20250401151642 301 930
20250401152844 301 938
20250401153315 301 809
20250401161534 301 938
20250401162807 301 925
20250401162948 301 939
20250401165541 301 788
20250401171928 301 795
20250401172443 301 932
20250401172444 301 933
20250401175256 301 929
20250401175958 301 806
20250401180413 302 723
20250401181752 301 933
20250401182229 301 802
20250401184245 302 1436
20250401184246 302 1430
20250401184317 301 925
20250401184404 302 1444
20250401184449 302 719
20250401184500 302 1259
20250401184501 302 1268
20250401184508 302 1463
20250401184509 302 1467
20250401184509 302 718
20250401185125 302 1444
20250401185507 301 807
20250401191935 302 720
20250401192755 301 801
20250401193442 301 1215
20250401193442 301 1218
20250401193531 301 792
20250401194027 301 942
20250401195616 301 927
20250401200929 301 947
20250401201431 302 1450
20250401202055 302 1394
20250401202056 302 1396
20250401202506 301 934
20250401204016 301 933
20250401205453 301 934
20250401210749 301 927
20250401212150 301 922
20250401212816 301 923
20250401213441 301 791
20250401214056 301 938
20250401215550 301 927
20250401221734 301 931
20250401222834 301 930
20250401223706 302 990
20250401224326 301 929
20250401224723 302 714
20250401225139 302 1269
20250401225140 302 1267
20250401225931 301 808
20250401231440 302 1461
20250401231441 302 1455
20250401235210 301 931
20250402000558 301 937
20250402000809 301 798
20250402000923 301 933
20250402001201 301 832
20250402001213 301 923
20250402005015 302 986
20250402011114 302 709
20250402011217 301 923
20250402011917 301 925
20250402012050 301 933
20250402013015 302 990
20250402013423 301 927
20250402013437 301 938
20250402013858 301 929
20250402014716 301 925
20250402014803 301 806
20250402015516 301 778
20250402024833 301 796
20250402025545 301 932
20250402030244 301 919
20250402032444 301 921
20250402033556 301 924
20250402040426 301 930
20250402051002 301 936
20250402051449 301 931
20250402052046 301 922
20250402053045 301 699
20250402061328 301 930
20250402061833 301 937
20250402063101 302 1461
20250402063811 301 931
20250402064946 302 757
20250402065401 301 938
20250402065527 301 805
20250402070004 301 926
20250402071503 301 807
20250402072525 301 929
20250402073647 301 916
20250402082208 302 1308
20250402083047 301 926
20250402083707 301 923
20250402084227 301 928
20250402084911 301 791
20250402085031 301 916
20250402085549 301 917
20250402090232 301 926
20250402090918 301 936
20250402093436 301 785
20250402095008 301 929
20250402101255 301 939
20250402101712 301 934
20250402102413 301 942
20250402103928 301 924
20250402104404 302 983
20250402104609 301 932
20250402104643 301 934
20250402111421 301 929
20250402111541 301 940
20250402111733 301 807
20250402111824 301 919
20250402111907 301 942
20250402114119 302 712
20250402114857 302 771
20250402115513 302 722
20250402115747 302 716
20250402130455 301 926
20250402133022 301 922
20250402135946 301 928
20250402140634 302 1461
20250402140701 302 1454
20250402141856 301 932
20250402143603 301 929
20250402144029 302 1405
20250402144030 302 1410
20250402144033 302 1402
20250402151951 301 930
20250402152401 301 936
20250402154118 301 927
20250402154802 301 802
20250402155713 301 921
20250402162930 301 937
20250402163028 302 1427
20250402163136 302 1449
20250402163138 302 1448
20250402163216 302 1461
20250402163217 302 1463
20250402163710 302 1402
20250402164741 302 1448
20250402170024 301 934
20250402170109 302 1395
20250402172820 301 793
20250402180514 301 1208
20250402182208 301 926
20250402182225 301 933
20250402182238 301 924
20250402182826 302 1454
20250402185038 302 998
20250402185209 301 926
20250402190842 301 803
20250402191450 301 797
20250402191523 301 935
20250402194458 302 982
20250402195246 301 925
20250402200416 301 931
20250402205334 302 718
20250402205827 301 928
20250402211302 301 927
20250402211950 301 935
20250402212320 301 935
20250402213722 301 941
20250402215302 301 920
20250402215953 302 1405
20250402215954 302 1407
20250402222207 301 809
20250402223453 301 926
20250402223749 301 930
20250402224830 302 717
20250402225024 301 1212
20250402225331 301 940
20250402231348 301 941
20250402233447 302 1464
20250402233822 301 918
20250402233938 301 935
20250402235156 301 928
20250403000521 301 918
20250403001144 301 920
20250403004419 301 918
20250403004659 301 912
20250403010407 301 930
20250403010659 301 924
20250403012221 301 922
20250403012401 301 917
20250403012454 301 925
20250403014008 301 928
20250403014653 301 801
20250403020429 301 918
20250403023737 301 912
20250403030054 301 797
20250403031152 301 917
20250403032703 301 910
20250403032930 301 918
20250403035209 301 921
20250403040044 301 918
20250403043339 301 940
20250403044058 302 1460
20250403044452 301 933
20250403044728 301 937
20250403045403 302 709
20250403051426 301 921
20250403052333 301 919
20250403052550 301 920
20250403052949 301 931
20250403053140 301 790
20250403054057 301 788
20250403054831 301 934
20250403060445 301 922
20250403060631 301 927
20250403061424 301 931
20250403064003 301 800
20250403064814 302 1246
20250403070439 301 920
20250403071655 301 932
20250403072741 301 934
20250403074007 301 916
20250403080444 301 791
20250403083033 301 922
20250403084720 301 930
20250403085540 301 924
20250403085615 301 929
20250403091546 301 916
20250403092732 301 920
20250403094225 301 794
20250403094316 301 920
20250403100054 301 800
20250403104952 301 930
20250403110839 301 925
20250403112321 301 923
20250403113820 301 915
20250403123408 301 932
20250403125138 301 919
20250403130225 301 810
20250403132739 301 803
20250403135651 301 912
20250403141416 301 926
20250403142928 301 932
20250403144006 301 791
20250403144611 301 911
20250403144841 301 924
20250403145339 301 923
20250403145523 301 929
20250403145738 301 923
20250403151815 301 936
20250403151957 301 693
20250403152030 302 709
20250403152522 301 926
20250403154452 301 924
20250403154913 301 918
20250403155928 301 784
20250403160038 302 1451
20250403163546 301 786
20250403165303 301 923
20250403174111 301 915
20250403175348 302 707
20250403175506 301 922
20250403180212 301 924
20250403182824 302 1421
20250403182933 302 1440
20250403182934 302 1446
20250403183547 302 1156
20250403184536 302 1450
20250403184537 302 1450
20250403185215 302 1465
20250403185216 302 1464
20250403185421 301 920
20250403185749 301 923
20250403192500 301 916
20250403192538 301 924
20250403194025 301 924
20250403195121 301 921
20250403200004 301 796
20250403202937 301 925
20250403205854 301 929
20250403212505 301 919
20250403214341 301 909
20250403214447 301 927
20250403214615 301 799
20250403224459 301 783
20250403224918 301 914
20250403225351 301 913
20250403231152 301 920
20250403231717 302 975
20250403232131 301 928
20250403233714 301 922
20250403234848 301 941
20250403235430 301 924
20250404001024 301 917
20250404001759 301 923
20250404003433 301 922
20250404004114 301 930
20250404005254 301 931
20250404011942 301 921
20250404012916 302 1395
20250404013903 301 785
20250404023022 301 802
20250404030341 301 916
20250404030512 302 1453
20250404031744 302 1457
20250404032737 302 1402
20250404032738 302 1405
20250404033457 301 927
20250404033605 301 915
20250404034241 301 932
20250404040257 301 929
20250404041351 301 784
20250404050250 301 918
20250404050859 301 935
20250404053236 301 931
20250404054709 301 934
20250404054750 301 930
20250404060555 301 798
20250404060711 301 792
20250404062723 301 921
20250404062825 301 910
20250404063453 301 921
20250404063947 301 804
20250404064005 301 925
20250404070309 301 934
20250404073851 301 905
20250404081626 301 773
20250404083032 301 899
20250404083415 301 902
20250404083727 301 776
20250404084042 301 903
20250404085341 302 706
20250404085513 301 783
20250404093209 301 773
20250404094306 301 776
20250404094640 301 912
20250404094756 301 792
20250404094801 301 915
20250404095424 301 901
20250404100424 301 912
20250404101424 302 706
20250404102610 301 898
20250404103729 301 907
20250404104902 301 905
20250404110924 301 913
20250404111715 301 785
20250404114145 301 914
20250404115148 301 917
20250404121201 301 896
20250404121445 301 994
20250404121847 301 917
20250404123914 301 907
20250404130947 302 747
20250404132808 301 910
20250404133600 301 908
20250404134208 301 922
20250404134830 301 907
20250404135749 301 908
20250404140808 301 908
20250404140943 301 772
20250404141359 301 908
20250404151705 301 906
20250404151930 301 912
20250404152739 302 711
20250404153414 301 905
20250404154744 301 906
20250404155810 301 906
20250404160424 302 706
20250404160532 301 910
20250404162402 301 917
20250404164408 302 1272
20250404165718 301 911
20250404170936 301 905
20250404171541 301 787
20250404172022 301 905
20250404172131 301 910
20250404172150 301 787
20250404173505 301 894
20250404174310 301 912
20250404174440 301 910
20250404175606 301 899
20250404183127 301 899
20250404183135 302 968
20250404183348 301 805
20250404183351 301 906
20250404184020 302 996
20250404184318 301 773
20250404184409 301 900
20250404184838 301 907
20250404191136 301 906
20250404191407 301 782
20250404194725 301 909
20250404195212 301 912
20250404200828 301 773
20250404202007 301 901
20250404202158 302 987
20250404204036 301 821
20250404204926 301 922
20250404205322 301 787
20250404205540 301 790
20250404205602 301 786
20250404211424 301 910
20250404211650 301 916
20250404212530 301 902
20250404212532 302 1454
20250404213000 301 916
20250404213137 301 891
20250404213932 301 777
20250404214043 301 916
20250404214645 301 1224
20250404214646 301 1210
20250404214648 301 1212
20250404215907 301 787
20250404220243 301 912
20250404220925 301 776
20250404222426 301 912
20250404222555 301 892
20250404224112 301 897
20250404225515 301 911
20250404231102 301 908
20250404232447 301 898
20250404232608 302 1182
20250404232708 301 779
20250404233735 301 781
20250404234607 301 910
20250404235406 301 919
20250405000212 301 900
20250405001351 301 914
20250405002230 301 920
20250405003122 301 929
20250405003710 301 786
20250405005253 301 909
20250405005610 302 1205
20250405010445 301 913
20250405013455 301 908
20250405014950 301 917
20250405020443 301 903
20250405021855 301 781
20250405022556 301 922
20250405023031 301 914
20250405023341 301 906
20250405030332 301 920
20250405030416 301 909
20250405031602 301 909
20250405032114 301 793
20250405032553 301 914
20250405040952 301 785
20250405041440 301 782
20250405041933 301 913
20250405042542 301 908
20250405045929 301 914
20250405050104 301 913
20250405050130 301 694
20250405052811 301 906
20250405053420 301 780
20250405053541 301 906
20250405054112 301 909
20250405054729 301 766
20250405060003 301 909
20250405061657 301 915
20250405062124 301 779
20250405062355 301 900
20250405062854 301 773
20250405064217 301 908
20250405064931 301 915
20250405070029 301 918
20250405070715 301 779
20250405072640 301 918
20250405073903 302 1452
20250405075407 301 911
20250405075820 301 779
20250405080617 301 917
20250405081428 301 901
20250405082454 301 906
20250405082743 302 702
20250405084141 301 897
20250405085446 301 919
20250405091025 301 785
20250405092610 301 920
20250405093234 301 918
20250405094053 301 917
20250405095010 301 904
20250405095508 301 783
20250405101015 301 921
20250405102122 302 752
20250405102428 301 917
20250405102916 301 916
20250405104402 301 909
20250405105138 301 914
20250405110614 301 791
20250405110937 301 907
20250405111437 301 786
20250405112448 301 916
20250405112949 301 797
20250405114037 301 905
20250405114044 301 913
20250405114248 301 779
20250405114549 301 916
20250405115510 301 921
20250405115539 301 906
20250405121034 301 908
20250405122529 301 915
20250405123628 301 783
20250405124917 301 914
20250405125536 301 912
20250405130744 301 913
20250405130941 301 916
20250405131825 301 898
20250405131901 302 1266
20250405132432 302 1263
20250405132456 301 906
20250405132834 301 786
20250405133954 301 921
20250405135011 301 915
20250405135602 301 790
20250405135644 301 899
20250405141012 301 910
20250405142618 301 785
20250405142947 301 927
20250405143618 301 792
20250405144239 301 909
20250405144329 301 915
20250405144557 301 894
20250405145433 301 790
20250405150947 301 925
20250405151741 301 923
20250405152515 301 923
20250405153251 301 914
20250405153819 301 787
20250405154037 301 781
20250405154121 301 916
20250405155733 301 923
20250405160926 301 788
20250405162544 301 916
20250405162546 301 635
20250405162842 301 776
20250405164000 301 785
20250405164836 301 788
20250405165541 301 914
20250405170431 301 918
20250405170928 301 911
20250405171105 301 901
20250405172520 301 925
20250405174321 301 913
20250405174549 302 1460
20250405174945 301 908
20250405175237 301 909
20250405175504 301 795
20250405175703 301 925
20250405180403 301 912
20250405180924 301 914
20250405182529 301 902
20250405184105 301 904
20250405184318 301 793
20250405185345 301 912
20250405185524 301 913
20250405190237 301 786
20250405191020 301 782
20250405192506 301 914
20250405193332 301 911
20250405194034 301 914
20250405194210 301 904
20250405194400 301 923
20250405194817 301 914
20250405195508 301 919
20250405195623 301 790
20250405201034 301 912
20250405202229 301 919
20250405202538 301 911
20250405202748 301 907
20250405203809 301 917
20250405205539 301 789
20250405205840 301 911
20250405210832 301 910
20250405211121 301 905
20250405211241 301 918
20250405212644 301 907
20250405212707 301 788
20250405214128 301 912
20250405214320 301 777
20250405214609 301 789
20250405214636 302 970
20250405214758 301 924
20250405215619 301 785
20250405220346 301 923
20250405221125 301 780
20250405222328 301 768
20250405222457 301 789
20250405222459 301 689
20250405223141 301 786
20250405224143 301 922
20250405225529 301 797
20250405230244 302 966
20250405230400 302 964
20250405231025 301 907
20250405231431 302 708
20250405232200 301 791
20250405232344 301 775
20250405232526 301 918
20250405232555 301 915
20250405232649 301 924
20250405232849 301 789
20250405233045 301 906
20250405234020 301 915
20250405234233 301 774
20250405235446 301 786
20250406000954 301 915
20250406001232 301 787
20250406002441 301 914
20250406003253 301 788
20250406004026 301 911
20250406004654 301 789
20250406005518 301 918
20250406005641 301 929
20250406005932 301 788
20250406010118 301 776
20250406010919 301 923
20250406012431 301 922
20250406012511 301 908
20250406013931 301 919
20250406014419 301 916
20250406015510 301 907
20250406015538 302 729
20250406020121 301 793
20250406020908 302 1433
20250406020909 302 1432
20250406021008 301 915
20250406021203 302 1459
20250406021332 302 1266
20250406021333 302 1263
20250406021345 302 1443
20250406022219 302 1454
20250406022220 302 1453
20250406022801 301 923
20250406024132 301 697
20250406024742 301 911
20250406025502 301 916
20250406025805 301 911
20250406030341 301 917
20250406030928 301 903
20250406032353 302 1232
20250406032436 301 918
20250406032549 301 913
20250406033239 301 918
20250406033918 301 920
20250406033957 301 786
20250406034322 301 786
20250406034832 301 921
20250406035426 302 1461
20250406035427 301 912
20250406040421 301 1214
20250406040423 301 1209
20250406040632 301 903
20250406041024 301 787
20250406041138 301 916
20250406041244 301 921
20250406041745 301 924
20250406042514 301 919
20250406044122 301 923
20250406044133 301 917
20250406045241 301 922
20250406045510 301 921
20250406050837 301 790
20250406050858 301 921
20250406051018 301 915
20250406052026 302 1166
20250406052559 301 909
20250406053008 301 922
20250406055423 301 920
20250406055514 301 792
20250406055700 301 787
20250406061121 301 921
20250406061951 301 918
20250406062533 301 786
20250406064037 301 919
20250406064322 301 910
20250406065416 301 903
20250406065452 301 910
20250406065829 302 1454
20250406065846 301 792
20250406070105 301 919
20250406070956 301 903
20250406071040 301 900
20250406071807 301 906
20250406071832 301 793
20250406072055 302 1455
20250406072057 302 1450
20250406072847 301 916
20250406072937 301 923
20250406073451 301 921
20250406073505 301 788
20250406074126 301 925
20250406074327 301 908
20250406075002 301 906
20250406075238 301 919
20250406075453 301 917
20250406080321 302 721
20250406080837 301 923
20250406080947 301 782
20250406081002 301 786
20250406081137 301 791
20250406081324 301 907
20250406081617 302 1468
20250406081618 302 1463
20250406081647 301 792
20250406082531 301 918
20250406083220 301 899
20250406083258 301 776
20250406083548 301 913
20250406083951 301 917
20250406084006 301 906
20250406084028 301 784
20250406084607 301 780
20250406084608 301 922
20250406084625 301 916
20250406085723 301 928
20250406085903 301 926
20250406090305 301 924
20250406090943 301 785
20250406091809 301 914
20250406092547 301 926
20250406092737 301 790
20250406093131 301 780
20250406094138 302 713
20250406094201 301 919
20250406095828 301 752
20250406102147 301 789
20250406103322 302 987
20250406103349 301 921
20250406103412 302 974
20250406104252 301 791
20250406104412 301 923
20250406104416 302 838
20250406104420 302 718
20250406104507 301 705
20250406104827 302 975
20250406105051 302 972
20250406110002 302 976
20250406110118 302 1199
20250406110656 302 718
20250406110723 302 969
20250406111731 301 916
20250406112319 301 1019
20250406112421 301 925
20250406112807 302 715
20250406112824 301 784
20250406113408 301 909
20250406113647 302 705
20250406114213 302 984
20250406114401 301 787
20250406120340 302 849
20250406120415 301 908
20250406120459 302 835
20250406121059 301 809
20250406121246 301 908
20250406123437 301 904
20250406124225 301 908
20250406124858 301 789
20250406125427 301 914
20250406130353 301 909
20250406130919 301 777
20250406131402 301 922
20250406131810 301 923
20250406132605 301 774
20250406132804 302 718
20250406132903 301 810
20250406134045 301 917
20250406134232 302 758
20250406135453 301 782
20250406135741 302 1233
20250406135834 301 912
20250406140319 301 929
20250406140940 301 911
20250406141753 301 915
20250406142502 301 907
20250406142631 302 981
20250406142649 302 989
20250406142657 301 914
20250406143904 301 917
20250406144027 301 779
20250406144154 302 955
20250406144156 302 618
20250406144713 302 1459
20250406144805 301 912
20250406145641 301 789
20250406150224 301 791
20250406150926 301 913
20250406151511 302 991
20250406151828 301 920
20250406152815 301 917
20250406153251 301 901
20250406153740 301 913
20250406153844 301 916
20250406154149 301 788
20250406154310 301 793
20250406154458 302 990
20250406155333 301 918
20250406155601 301 918
20250406160301 301 904
20250406160644 302 979
20250406160748 301 780
20250406161024 301 912
20250406161059 302 963
20250406161425 301 702
20250406161538 301 924
20250406162038 301 1218
20250406162039 301 1220
20250406162041 301 1216
20250406162426 301 922
20250406163933 301 913
20250406164241 301 908
20250406165355 301 915
20250406165627 301 916
20250406165839 301 923
20250406170259 301 912
20250406170356 302 720
20250406170418 302 984
20250406171131 301 780
20250406172428 301 922
20250406172454 301 931
20250406172940 301 917
20250406173902 301 782
20250406174033 301 791
20250406174325 301 923
20250406175558 301 916
20250406175751 301 791
20250406180512 301 923
20250406180524 302 708
20250406180730 301 921
20250406181000 301 912
20250406181029 301 782
20250406181350 301 915
20250406182535 301 921
20250406184156 301 696
20250406185222 302 1171
20250406185548 301 916
20250406190530 301 916
20250406190816 301 917
20250406191032 301 924
20250406191425 301 917
20250406192531 301 794
20250406193017 301 775
20250406193521 301 915
20250406194014 301 912
20250406194438 301 917
20250406194444 301 920
20250406195423 301 907
20250406195720 301 914
20250406200925 301 910
20250406201435 301 924
20250406202447 301 914
20250406202519 301 910
20250406202727 301 1394
20250406202917 302 962
20250406203611 301 914
20250406203921 301 927
20250406205608 301 923
20250406210303 302 980
20250406210503 301 914
20250406210933 301 794
20250406211405 302 981
20250406211413 302 976
20250406212148 301 914
20250406212554 301 908
20250406214113 301 698
20250406214149 301 919
20250406215235 301 786
20250406215317 302 968
20250406215500 301 927
20250406215529 301 920
20250406215554 301 776
20250406221120 301 792
20250406221229 301 898
20250406221240 301 921
20250406224640 301 918
20250406225526 301 923
20250406232519 301 786
20250407001450 301 922
20250407001833 301 914
20250407002147 301 784
20250407002606 301 922
20250407002641 301 903
20250407004109 301 794
20250407004357 301 786
20250407010054 301 925
20250407012335 301 783
20250407012635 301 915
20250407013341 301 919
20250407014411 301 940
20250407015154 302 979
20250407015551 301 792
20250407015752 301 915
20250407020715 301 920
20250407021543 301 778
20250407022058 301 787
20250407022218 302 968
20250407022357 301 908
20250407022534 301 921
20250407023001 301 909
20250407024030 302 975
20250407025824 301 907
20250407025832 302 967
20250407031033 302 965
20250407031639 301 918
20250407032225 302 1065
20250407032228 301 926
20250407033038 302 984
20250407034537 301 919
20250407041422 301 926
20250407041650 301 906
20250407042808 301 906
20250407045644 302 967
20250407050919 302 965
20250407051056 301 786
20250407051628 302 960
20250407052312 302 967
20250407052511 302 955
20250407052557 301 913
20250407052658 301 917
20250407053222 301 917
20250407053414 301 903
20250407053646 301 920
20250407053914 301 922
20250407054026 301 921
20250407054254 302 971
20250407054339 301 912
20250407054652 301 789
20250407060004 301 915
20250407061116 302 976
20250407061851 301 910
20250407062252 301 783
20250407062302 301 921
20250407062752 302 971
20250407062754 301 928
20250407063311 301 921
20250407063323 301 929
20250407064238 301 914
20250407064324 301 904
20250407065138 301 917
20250407070558 301 906
20250407071359 301 918
20250407073540 301 784
20250407075743 301 924
20250407075917 301 923
20250407080228 301 789
20250407080228 301 923
20250407080303 301 908
20250407083400 301 913
20250407083521 301 916
20250407084459 301 924
20250407084758 301 916
20250407084928 301 909
20250407085606 301 781
20250407090049 301 909
20250407092536 301 786
20250407092816 301 917
20250407094821 301 781
20250407094936 301 915
20250407095349 301 915
20250407095623 301 912
20250407100055 301 772
20250407101607 301 916
20250407102459 302 977
20250407102642 302 975
20250407102919 301 918
20250407104058 301 787
20250407104900 301 912
20250407104935 301 897
20250407105146 301 905
20250407110337 301 796
20250407111028 301 914
20250407111345 301 913
20250407111407 301 907
20250407111939 301 917
20250407112047 302 977
20250407114400 301 907
20250407121147 301 908
20250407121347 301 906
20250407121420 301 910
20250407121736 301 916
20250407123452 301 927
20250407124228 301 921
20250407131450 301 799
20250407132128 301 923
20250407133609 301 799
20250407133857 301 775
20250407141455 301 786
20250407142016 302 712
20250407142722 301 923
20250407142750 301 1018
20250407142827 302 1460
20250407143311 301 917
20250407144043 301 915
20250407144105 301 904
20250407144700 301 899
20250407145606 301 769
20250407150011 301 786
20250407154734 301 919
20250407161209 301 903
20250407161257 301 777
20250407164619 301 910
20250407164710 301 917
20250407165008 301 911
20250407171045 301 778
20250407171110 301 786
20250407172246 301 792
20250407173517 301 794
20250407173930 302 972
20250407174002 301 918
20250407175828 301 830
20250407180232 301 905
20250407180259 301 919
20250407180621 301 913
20250407181916 301 781
20250407181921 302 983
20250407183438 301 922
20250407184436 301 785
20250407190019 301 792
20250407191047 301 915
20250407194245 301 781
20250407194623 301 918
20250407194642 301 790
20250407195752 301 918
20250407202809 301 920
20250407203952 301 917
20250407204725 301 784
20250407205429 301 901
20250407210438 301 925
20250407211007 301 916
20250407212618 301 921
20250407213042 301 906
20250407213723 301 921
20250407213932 301 918
20250407213942 301 902
20250407213958 301 797
20250407215220 301 915
20250407215422 301 787
20250407221006 301 919
20250407221035 302 954
20250407221047 302 961
20250407221051 302 971
20250407221210 302 975
20250407221332 302 965
20250407221333 302 969
20250407221338 302 970
20250407221900 302 970
20250407222059 301 771
20250407222503 301 906
20250407223135 301 793
20250407223135 301 912
20250407224042 301 912
20250407225612 301 924
20250407230058 301 793
20250407230857 302 982
20250407231012 302 982
20250407231018 301 907
20250407233208 302 1233
20250407233226 301 911
20250407235251 301 917
20250407235625 301 778
20250408000331 302 984
20250408001151 301 917
20250408002747 301 922
20250408005523 302 1456
20250408010025 301 906
20250408011731 301 918
20250408012220 301 784
20250408012946 301 781
20250408014032 301 908
20250408014218 301 911
20250408014432 404 6358
20250408024107 302 1009
20250408030312 301 910
20250408031434 301 901
20250408031805 301 921
20250408032258 301 914
20250408034018 301 783
20250408035055 301 793
20250408040226 301 913
20250408041754 301 915
20250408044555 301 791
20250408050839 301 788
20250408051025 302 966
20250408052552 301 921
20250408052854 301 776
20250408054244 301 920
20250408054921 301 775
20250408055924 301 907
20250408060819 301 904
20250408062255 301 908
20250408064927 301 916
20250408070857 301 914
20250408071411 301 785
20250408071423 301 925
20250408071749 301 924
20250408072355 301 783
20250408074038 301 913
20250408074820 301 923
20250408082336 301 912
20250408084728 301 921
20250408085117 301 784
20250408090849 302 718
20250408091130 301 909
20250408091216 301 913
20250408091707 301 1173
20250408092637 301 912
20250408095001 301 903
20250408100549 301 916
20250408101337 301 794
20250408102039 301 785
20250408102840 301 785
20250408105606 301 782
20250408112314 301 912
20250408112443 301 918
20250408113949 301 905
20250408114136 301 916
20250408121109 302 713
20250408122243 301 785
20250408122516 301 912
20250408124726 301 909
20250408125017 301 916
20250408125101 301 919
20250408125346 301 915
20250408132118 301 918
20250408132841 301 913
20250408134154 301 915
20250408134620 301 918
20250408135710 301 911
20250408135825 301 918
20250408141843 302 1454
20250408142204 301 911
20250408143734 301 915
20250408144305 301 916
20250408145452 301 908
20250408150928 301 924
20250408152320 301 921
20250408152531 301 912
20250408153921 301 918
20250408154431 301 790
20250408155327 301 906
20250408155533 301 921
20250408160226 301 799
20250408160950 301 790
20250408162447 301 919
20250408162918 301 910
20250408164128 301 780
20250408164156 301 909
20250408165014 301 1220
20250408165015 301 1218
20250408165017 301 1205
20250408165433 301 911
20250408165459 301 915
20250408170938 301 902
20250408171358 301 793
20250408172316 301 925
20250408172549 301 913
20250408174001 301 917
20250408174140 301 918
20250408174521 301 910
20250408175544 301 790
20250408175817 301 919
20250408180946 301 907
20250408182542 301 913
20250408183812 301 906
20250408183917 301 918
20250408184031 301 924
20250408190103 301 783
20250408191012 301 906
20250408192358 301 919
20250408192419 301 914
20250408192503 301 920
20250408192646 301 918
20250408193419 301 788
20250408193502 301 919
20250408193929 301 912
20250408195326 301 776
20250408195510 301 919
20250408201259 301 903
20250408204107 301 913
20250408205147 301 779
20250408205516 301 903
20250408205603 301 713
20250408210936 301 913
20250408211226 302 969
20250408212433 301 780
20250408213803 301 764
20250408214222 301 918
20250408215423 302 972
20250408215555 301 914
20250408221035 301 782
20250408221218 301 909
20250408221438 302 718
20250408222118 301 897
20250408222528 301 918
20250408222621 301 899
20250408224152 301 911
20250408224452 301 795
20250408225140 301 708
20250408225459 301 785
20250408230304 301 919
20250408230955 301 561
20250408231915 301 913
20250408232241 301 785
20250408232347 302 704
20250408232442 301 922
20250408232813 301 904
20250408232837 301 904
20250408234001 301 907
20250408234130 301 916
20250408235308 301 1213
20250408235309 301 1212
20250408235312 301 1212
20250408235347 301 778
20250408235558 301 794
20250409000033 302 974
20250409000332 301 920
20250409000822 301 915
20250409000935 301 918
20250409001618 301 785
20250409002134 302 761
20250409002202 301 788
20250409002556 301 795
20250409004334 301 910
20250409004417 301 802
20250409005556 301 903
20250409005829 301 917
20250409011049 301 917
20250409011857 301 910
20250409012507 301 914
20250409014036 301 913
20250409015456 301 789
20250409015512 301 921
20250409015526 302 966
20250409020709 301 789
20250409021659 301 797
20250409022546 301 909
20250409022706 302 710
20250409024058 302 1453
20250409024106 301 916
20250409024840 302 714
20250409024914 301 910
20250409025301 301 921
20250409025442 301 910
20250409025508 301 920
20250409031236 301 901
20250409031928 302 720
20250409032534 301 907
20250409032737 301 924
20250409033835 302 752
20250409034228 301 783
20250409034338 301 921
20250409034846 301 792
20250409035020 302 711
20250409035442 301 904
20250409040008 301 904
20250409040333 301 801
20250409040507 301 919
20250409040631 302 987
20250409040802 301 790
20250409041034 301 784
20250409042151 302 963
20250409042513 301 917
20250409044950 301 794
20250409050338 301 915
20250409051007 301 920
20250409051101 301 928
20250409052317 301 788
20250409053953 301 921
20250409054252 302 713
20250409060030 301 930
20250409061610 301 924
20250409062214 302 713
20250409062742 301 916
20250409063144 301 920
20250409063949 301 912
20250409072901 302 707
20250409074550 301 921
20250409080713 301 929
20250409085535 301 914
20250409090713 301 926
20250409091702 301 919
20250409093120 302 722
20250409093419 301 905
20250409093805 302 1002
20250409093828 301 920
20250409095724 301 791
20250409100640 301 787
20250409102139 301 918
20250409103205 301 910
20250409110441 301 706
20250409110648 301 920
20250409111024 301 918
20250409112452 301 922
20250409112922 301 909
20250409113824 301 919
20250409115055 301 924
20250409121142 301 791
20250409121648 301 920
20250409122037 301 926
20250409130418 301 908
20250409132618 301 911
20250409132913 301 925
20250409133255 301 910
20250409133443 302 976
20250409134832 302 975
20250409135359 301 921
20250409140118 301 926
20250409140130 301 797
20250409140220 301 725
20250409140409 301 781
20250409141053 301 913
20250409141752 301 776
20250409143646 301 920
20250409144500 301 792
20250409150125 301 911
20250409151436 301 920
20250409152123 302 1462
20250409152231 301 784
20250409152649 301 916
20250409154012 301 919
20250409155506 301 930
20250409160019 301 794
20250409160939 301 919
20250409162530 301 917
20250409162742 301 912
20250409163318 301 920
20250409164040 301 792
20250409164227 301 929
20250409165106 302 1165
20250409165456 301 907
20250409165729 301 911
20250409170717 301 916
20250409170732 302 987
20250409171021 301 790
20250409171505 302 745
20250409171820 302 716
20250409172516 301 906
20250409173924 302 963
20250409174138 301 918
20250409175639 301 906
20250409175651 302 995
20250409181132 301 915
20250409182446 301 784
20250409183835 302 715
20250409184022 301 917
20250409185124 301 794
20250409185325 301 921
20250409185632 301 920
20250409190930 301 909
20250409192502 301 926
20250409192505 301 790
20250409193940 301 809
20250409193946 301 927
20250409194637 302 976
20250409195009 301 913
20250409195024 301 918
20250409195506 301 916
20250409200936 301 918
20250409202456 302 705
20250409203117 301 789
20250409203950 301 905
20250409205023 302 709
20250409205112 302 714
20250409205446 301 921
20250409210421 301 909
20250409211010 301 928
20250409212638 301 921
20250409212728 301 804
20250409213931 301 919
20250409214353 302 702
20250409214520 301 915
20250409214939 301 918
20250409215653 302 977
20250409215724 301 922
20250409220614 302 984
20250409220927 301 907
20250409222739 301 924
20250409223444 302 976
20250409223922 301 917
20250409223939 301 923
20250409225022 301 911
20250409225239 301 909
20250409230015 301 906
20250409230955 301 786
20250409232445 301 794
20250409234342 301 922
20250410002706 301 923
20250410002719 301 918
20250410010506 301 914
20250410012706 302 973
20250410015612 301 924
20250410020529 301 923
20250410021233 301 913
20250410021328 301 914
20250410022835 301 911
20250410023304 301 924
20250410024737 301 920
20250410024835 301 917
20250410032046 301 778
20250410033031 301 920
20250410034004 301 917
20250410034143 301 912
20250410034902 301 918
20250410041155 302 729
20250410041209 301 915
20250410042339 301 924
20250410042459 302 960
20250410042712 301 918
20250410043312 301 926
20250410044614 301 911
20250410050148 301 923
20250410050212 301 912
20250410050533 301 920
20250410051302 301 922
20250410052802 301 909
20250410053050 302 716
20250410053218 302 1461
20250410054455 301 782
20250410060024 301 929
20250410061001 301 787
20250410061918 301 916
20250410062751 301 917
20250410062930 301 794
20250410064124 301 924
20250410073350 302 720
20250410084733 301 916
20250410085806 301 913
20250410092857 301 921
20250410092945 301 917
20250410094934 302 975
20250410100340 301 915
20250410102535 301 925
20250410103210 301 777
20250410103227 301 926
20250410103723 301 900
20250410104726 301 928
20250410105605 301 905
20250410105632 301 925
20250410113001 301 926
20250410113245 301 913
20250410114846 301 908
20250410115619 301 926
20250410121220 301 783
20250410125748 301 796
20250410130116 302 717
20250410131613 301 804
20250410133141 302 723
20250410134237 301 922
20250410134423 301 920
20250410135206 301 923
20250410135258 - 1060
20250410135741 301 784
20250410135808 301 913
20250410140910 302 721
20250410142157 302 720
20250410142333 301 921
20250410143619 301 909
20250410144951 301 911
20250410152503 301 910
20250410160153 301 925
20250410160838 301 916
20250410162330 302 977
20250410162636 301 787
20250410162809 301 919
20250410164244 301 918
20250410170137 301 918
20250410170233 301 798
20250410170736 301 913
20250410173409 301 907
20250410180354 301 925
20250410180838 302 1423
20250410180839 302 1432
20250410180928 302 1449
20250410180929 302 1438
20250410181111 302 1456
20250410181112 302 1460
20250410181531 302 733
20250410181602 302 1403
20250410181603 302 1394
20250410181703 301 792
20250410182500 302 717
20250410183323 301 793
20250410183457 301 917
20250410183814 302 1449
20250410183947 302 710
20250410185501 301 922
20250410190259 301 918
20250410190304 301 910
20250410190436 301 916
20250410190836 301 915
20250410190950 302 982
20250410192110 301 909
20250410192125 301 902
20250410192330 302 744
20250410193317 301 927
20250410194630 301 920
20250410195318 302 721
20250410201056 301 924
20250410204236 301 918
20250410204825 301 908
20250410210503 302 1396
20250410210504 302 1402
20250410212338 301 780
20250410212753 301 909
20250410213105 302 1395
20250410214417 301 918
20250410214704 301 1214
20250410215240 301 775
20250410215410 301 918
20250410220052 301 918
20250410222857 302 710
20250410223144 301 911
20250410223612 301 917
20250410224543 301 793
20250410225608 302 712
20250410225647 301 919
20250410225729 301 923
20250410231012 301 912
20250410231145 301 901
20250410232736 302 1262
20250410232800 301 915
20250410233257 301 908
20250410235717 301 928
20250411000242 301 686
20250411001852 301 910
20250411002103 302 715
20250411003301 301 914
20250411004037 301 910
20250411010459 301 904
20250411011526 301 926
20250411011714 301 917
20250411012816 301 778
20250411013244 302 1455
20250411013245 302 1458
20250411014107 301 906
20250411014839 301 910
20250411015544 301 913
20250411020124 302 978
20250411020939 301 915
20250411024110 301 929
20250411025506 301 903
20250411025619 301 918
20250411030923 301 917
20250411030946 301 916
20250411032447 301 907
20250411033146 301 924
20250411034236 301 923
20250411035927 301 789
20250411043703 301 922
20250411051917 301 922
20250411055457 301 785
20250411055719 301 789
20250411062738 301 771
20250411065056 301 771
20250411070421 301 775
20250411071021 301 775
20250411071631 301 797
20250411073203 301 788
20250411074041 301 789
20250411074850 301 783
20250411075341 301 794
20250411082855 301 776
20250411083055 302 703
20250411084437 301 785
20250411090152 301 794
20250411091411 301 927
20250411091905 301 777
20250411092302 301 786
20250411092716 301 779
20250411103507 301 793
20250411105754 301 788
20250411110446 301 780
20250411110730 301 788
20250411110853 301 791
20250411110907 301 774
20250411111720 301 793
20250411111932 301 791
20250411112520 301 787
20250411114533 301 778
20250411114717 301 777
20250411115602 301 793
20250411120134 301 793
20250411120632 301 791
20250411121138 301 783
20250411121423 301 792
20250411123308 301 777
20250411124521 301 782
20250411125957 301 904
20250411131010 301 783
20250411132746 301 918
20250411134043 301 781
20250411134203 301 914
20250411135232 302 700
20250411135508 301 786
20250411141154 301 775
20250411141443 302 701
20250411142207 301 788
20250411142315 301 793
20250411142540 301 779
20250411143141 301 773
20250411143934 301 782
20250411144728 302 1214
20250411145515 301 785
20250411150137 301 772
20250411150959 301 915
20250411151225 301 793
20250411151702 301 780
20250411152459 301 912
20250411152628 302 712
20250411154004 301 921
20250411155355 302 748
20250411155527 301 897
20250411161018 301 784
20250411163220 301 796
20250411163956 301 784
20250411164444 301 779
20250411165634 301 792
20250411170019 301 782
20250411171217 301 698
20250411172213 301 910
20250411172535 301 916
20250411173709 301 775
20250411173955 301 773
20250411175152 302 754
20250411175304 301 785
20250411175453 301 792
20250411181207 301 927
20250411181214 301 918
20250411181416 301 796
20250411182949 301 789
20250411183528 301 788
20250411183939 301 785
20250411184413 301 912
20250411185542 301 782
20250411185605 302 706
20250411190945 301 909
20250411192452 301 910
20250411192948 301 783
20250411194031 301 793
20250411195455 301 788
20250411201850 301 916
20250411202504 301 788
20250411204322 301 773
20250411205516 301 791
20250411211027 301 792
20250411212513 301 905
20250411214520 301 783
20250411215421 301 781
20250411221208 301 781
20250411222023 301 765
20250411222615 301 791
20250411222727 302 1447
20250411222729 302 1435
20250411222741 302 1394
20250411222742 302 1401
20250411222819 302 1159
20250411222820 302 1158
20250411222847 302 1411
20250411222848 302 1399
20250411223905 302 1400
20250411223906 302 1397
20250411223935 301 775
20250411225455 302 1417
20250411225724 301 788
20250411231112 302 754
20250411231153 301 922
20250411232638 301 784
20250411233201 302 1386
20250411234008 301 916
20250411235506 301 788
20250412001139 301 785
20250412004200 301 1211
20250412005434 301 905
20250412011519 301 918
20250412022645 301 913
20250412023841 302 1261
20250412024651 301 783
20250412025146 301 795
20250412030318 301 926
20250412030754 301 908
20250412030831 301 795
20250412031421 301 783
20250412034252 301 920
20250412035929 301 794
20250412040409 301 921
20250412043648 301 796
20250412045726 301 793
20250412045839 301 920
20250412050313 301 927
20250412050435 301 788
20250412050944 301 792
20250412051535 301 931
20250412053050 301 781
20250412054037 301 793
20250412054355 301 923
20250412055928 301 788
20250412062816 301 790
20250412064122 301 906
20250412064700 301 797
20250412073117 301 906
20250412073930 301 925
20250412074201 301 918
20250412074324 302 966
20250412074708 301 785
20250412075208 302 968
20250412075224 301 781
20250412080834 301 920
20250412081027 301 794
20250412082440 301 916
20250412083755 302 1466
20250412083756 302 1455
20250412085531 301 792
20250412091002 301 922
20250412092435 301 923
20250412102815 301 914
20250412105041 302 970
20250412115506 301 920
20250412115517 302 1272
20250412122431 301 913
20250412124413 302 973
20250412125755 301 775
20250412131018 301 780
20250412131248 302 970
20250412131422 301 787
20250412132537 301 794
20250412134006 301 926
20250412134251 301 910
20250412145530 301 920
20250412151014 301 922
20250412154052 301 920
20250412154401 302 1441
20250412154402 302 1437
20250412163927 301 909
20250412172501 301 792
20250412173341 302 977
20250412181042 301 910
20250412181414 301 908
20250412184155 301 910
20250412185523 301 909
20250412192501 302 713
20250412192511 301 904
20250412193948 301 796
20250412194740 301 785
20250412200228 301 920
20250412201401 301 777
20250412205650 301 906
20250412211045 301 920
20250412212618 301 914
20250412214000 301 779
20250412215012 301 788
20250412215319 302 719
20250412215352 302 715
20250412220922 301 914
20250412222504 301 786
20250412230850 302 973
20250412230927 301 779
20250412232728 301 917
20250412233921 301 917
20250413000921 301 798
20250413005358 301 907
20250413005605 301 913
20250413010510 301 786
20250413010620 302 708
20250413011214 301 792
20250413011226 301 787
20250413012453 301 794
20250413015400 301 915
20250413015447 301 908
20250413020946 301 784
20250413022534 301 783
20250413023021 302 720
20250413023954 301 908
20250413024557 301 782
20250413025148 301 774
20250413025447 301 784
20250413030954 301 923
20250413031851 301 781
20250413032503 301 777
20250413033951 301 913
20250413035512 301 917
20250413040130 302 967
20250413040752 301 924
20250413040959 301 916
20250413042602 301 911
20250413043637 301 777
20250413044033 301 788
20250413044448 302 956
20250413044525 301 915
20250413045531 301 918
20250413050158 302 960
20250413050920 301 914
20250413052507 301 916
20250413052800 301 1033
20250413053544 302 969
20250413054008 301 783
20250413055227 301 915
20250413055432 301 923
20250413055445 301 921
20250413060450 302 719
20250413060923 301 780
20250413061629 301 788
20250413062256 301 922
20250413062453 301 780
20250413064023 301 918
20250413064524 301 907
20250413065458 301 905
20250413082839 301 782
20250413085749 302 974
20250413092429 301 798
20250413093011 301 912
20250413093213 301 781
20250413094434 301 917
20250413095240 301 913
20250413095517 301 788
20250413100206 301 921
20250413102910 301 774
20250413103447 301 790
20250413105221 301 784
20250413105326 301 1215
20250413105326 301 1219
20250413105329 301 1221
20250413110406 302 1173
20250413111245 301 913
20250413111638 301 791
20250413112215 301 919
20250413112839 301 920
20250413113805 301 785
20250413121543 301 798
20250413124753 301 780
20250413125156 301 915
20250413125903 301 907
20250413132722 301 773
20250413140100 301 786
20250413142333 301 789
20250413142833 301 914
20250413143419 301 924
20250413143808 301 911
20250413145300 301 778
20250413152148 301 915
20250413155854 301 788
20250413160209 301 899
20250413161601 301 789
20250413162100 301 921
20250413162350 301 793
20250413164047 301 918
20250413165547 302 718
20250413165626 301 917
20250413165922 301 785
20250413170553 301 912
20250413170633 301 922
20250413172521 301 771
20250413172814 301 918
20250413180256 301 780
20250413183840 301 786
20250413185516 301 798
20250413185956 301 927
20250413192541 301 789
20250413193036 302 965
20250413193441 301 921
20250413194734 301 778
20250413194917 301 771
20250413201120 301 911
20250413201138 301 904
20250413201724 301 903
20250413202225 301 923
20250413210051 301 926
20250413210443 302 962
20250413212509 301 922
20250413215231 301 910
20250413215556 301 907
20250413215707 301 782
20250413220756 301 915
20250413222916 301 917
20250413223519 301 793
20250413223653 301 912
20250413230839 301 920
20250413235059 302 961
20250413235323 301 779
20250413235632 301 793
20250414001230 301 793
20250414001616 301 921
20250414004438 301 904
20250414005722 301 926
20250414011435 301 785
20250414011946 301 928
20250414014811 301 900
20250414015143 301 793
20250414015955 302 1426
20250414020104 302 1464
20250414020106 302 1468
20250414020206 302 1444
20250414020208 302 1446
20250414020406 301 911
20250414021600 302 1450
20250414021601 302 1450
20250414022129 302 1165
20250414022407 301 787
20250414022443 302 1161
20250414022444 302 1158
20250414022744 301 923
20250414022832 302 1407
20250414022833 302 1396
20250414023444 301 915
20250414024308 301 906
20250414025957 301 912
20250414031036 301 787
20250414032456 301 795
20250414033124 302 719
20250414034343 301 1209
20250414035114 301 918
20250414042508 301 921
20250414042959 301 791
20250414044059 301 917
20250414044315 301 911
20250414050220 301 916
20250414051024 301 785
20250414051252 302 1393
20250414051420 301 779
20250414053046 301 794
20250414054859 301 784
20250414055519 301 906
20250414063251 301 921
20250414063902 301 777
20250414065101 301 915
20250414065121 301 918
20250414065306 301 914
20250414065734 301 920
20250414071443 301 922
20250414072211 301 910
20250414073110 301 926
20250414080103 301 912
20250414083140 301 915
20250414084024 301 899
20250414085414 301 915
20250414091826 301 913
20250414093708 301 791
20250414094321 301 917
20250414094420 301 907
20250414095810 301 794
20250414100604 301 796
20250414102239 301 911
20250414105506 301 918
20250414110020 301 795
20250414110836 301 913
20250414113658 301 785
20250414114121 301 924
20250414115946 301 792
20250414120120 301 792
20250414120727 301 892
20250414122117 302 1454
20250414122118 302 1458
20250414125754 301 791
20250414131823 301 911
20250414132225 301 916
20250414134228 301 787
20250414134951 301 910
20250414135222 301 909
20250414141530 301 917
20250414143123 301 909
20250414144138 301 921
20250414145949 301 914
20250414151726 301 917
20250414153807 301 913
20250414154436 301 926
20250414161311 302 962
20250414161559 301 903
20250414165208 301 921
20250414171704 301 920
20250414172523 301 919
20250414174956 301 798
20250414180834 301 921
20250414181514 301 799
20250414183229 301 913
20250414190827 301 914
20250414190907 301 925
20250414193213 301 779
20250414200426 301 794
20250414200757 302 1457
20250414201403 301 916
20250414201744 301 788
20250414202223 301 916
20250414202333 301 788
20250414204505 301 927
20250414205738 301 785
20250414205749 301 905
20250414210925 301 921
20250414213220 302 1217
20250414214558 301 911
20250414215038 301 917
20250414220428 302 712
20250414221049 301 910
20250414222047 301 919
20250414223558 301 911
20250414224345 301 928
20250414231312 301 780
20250414231812 301 907
20250414232214 302 719
20250414233250 301 930
20250414233916 301 916
20250414234126 301 925
20250414234622 301 786
20250415000147 302 711
20250415000516 302 700
20250415000856 301 918
20250415001638 301 914
20250415002751 301 790
20250415010119 301 932
20250415010340 301 919
20250415010452 301 910
20250415010454 301 771
20250415010726 301 913
20250415010742 301 913
20250415013108 301 917
20250415013705 302 1432
20250415013842 302 1446
20250415013843 302 1444
20250415013933 302 1408
20250415013934 302 1403
20250415014013 301 902
20250415014417 301 908
20250415015300 301 785
20250415015428 302 1464
20250415015429 302 1464
20250415020256 302 707
20250415021553 301 909
20250415023653 301 911
20250415023852 301 913
20250415025239 301 784
20250415025736 301 918
20250415025821 302 711
20250415030458 301 919
20250415030857 302 704
20250415031728 301 919
20250415032652 301 911
20250415035108 301 792
20250415040457 301 794
20250415041239 301 917
20250415042515 301 788
20250415044450 301 917
20250415045446 301 913
20250415050931 301 918
20250415052658 301 802
20250415054115 301 922
20250415055532 301 903
20250415055735 302 714
20250415055852 302 710
20250415061213 301 917
20250415061433 302 958
20250415061818 302 969
20250415065220 301 913
20250415080220 302 1459
20250415080221 302 1458
20250415080400 301 923
20250415081024 301 913
20250415081752 301 793
20250415084614 301 920
20250415091623 301 786
20250415093302 301 914
20250415093741 301 914
20250415094020 301 783
20250415094220 301 921
20250415100057 301 785
20250415100409 302 712
20250415100631 301 916
20250415100953 301 782
20250415101648 301 801
20250415103131 301 904
20250415104751 301 922
20250415104951 302 968
20250415110745 301 795
20250415112054 301 796
20250415113102 302 746
20250415113311 301 922
20250415120512 301 897
20250415122342 301 904
20250415124454 301 905
20250415125417 302 962
20250415125929 301 920
20250415130230 302 979
20250415131105 301 918
20250415131851 302 957
20250415132417 301 783
20250415132747 301 922
20250415133408 301 1217
20250415133409 301 1221
20250415133412 301 1212
20250415133421 301 909
20250415134742 302 968
20250415140743 301 913
20250415141328 301 916
20250415141341 302 975
20250415142308 301 914
20250415142452 302 968
20250415143158 301 906
20250415143653 302 1273
20250415143654 302 1248
20250415144458 301 780
20250415145823 301 926
20250415150815 301 905
20250415153158 301 920
20250415154216 301 914
20250415154628 301 929
20250415154850 301 913
20250415155245 301 917
20250415160345 301 910
20250415161808 301 920
20250415163437 301 915
20250415171112 301 912
20250415171549 301 921
20250415173232 301 923
20250415173805 301 787
20250415174145 301 796
20250415180359 301 794
20250415181544 301 917
20250415184428 301 914
20250415184608 301 900
20250415185611 301 920
20250415190946 301 769
20250415191939 302 717
20250415192602 301 911
20250415193259 302 720
20250415194150 301 788
20250415194717 302 959
20250415195533 301 909
20250415201018 301 912
20250415202629 301 920
20250415204209 301 915
20250415205435 301 910
20250415211030 301 915
20250415212726 301 562
20250415214225 301 902
20250415215332 302 1277
20250415215513 301 790
20250415220930 301 922
20250415222447 301 915
20250415224051 301 918
20250415225518 301 929
20250415231028 301 923
20250415233820 301 924
20250415234130 301 926
20250415235629 301 909
20250416001806 301 924
20250416002424 301 914
20250416003843 302 1429
20250416004012 301 908
20250416004124 302 1441
20250416004125 302 1443
20250416004310 302 1402
20250416004311 302 1396
20250416004714 302 964
20250416004917 302 959
20250416005038 302 1447
20250416005039 302 1449
20250416005058 302 1467
20250416005059 302 1460
20250416005132 302 968
20250416010459 301 814
20250416010611 301 908
20250416011231 301 907
20250416012859 302 1278
20250416012900 302 1264
20250416012957 301 926
20250416014622 302 971
20250416014623 301 800
20250416014710 302 968
20250416020037 301 793
20250416020103 301 802
20250416021156 301 905
20250416021441 301 1213
20250416021826 302 1269
20250416021827 302 1272
20250416022552 301 912
20250416023935 301 790
20250416025008 302 716
20250416025425 301 915
20250416031319 301 789
20250416032447 301 907
20250416034708 301 913
20250416035528 301 921
20250416042644 301 929
20250416043138 301 914
20250416043409 302 1400
20250416044609 301 931
20250416045502 301 903
20250416051105 301 921
20250416051312 302 1282
20250416052134 302 713
20250416052652 301 800
20250416054006 301 786
20250416055442 301 905
20250416060919 301 928
20250416060946 302 985
20250416061436 302 1009
20250416061755 301 907
20250416062519 301 917
20250416064102 301 933
20250416065544 301 918
20250416071035 301 778
20250416071152 301 910
20250416071341 302 965
20250416072510 301 922
20250416074139 301 927
20250416074306 301 787
20250416075445 301 918
20250416075823 302 716
20250416080554 301 908
20250416081125 301 928
20250416083324 301 781
20250416084456 301 934
20250416091104 301 790
20250416091509 302 1460
20250416091553 301 923
20250416092612 301 924
20250416095204 302 723
20250416100216 301 912
20250416100358 301 917
20250416101153 301 804
20250416102337 301 925
20250416111527 301 919
20250416111638 301 791
20250416115223 301 905
20250416115323 302 1072
20250416115451 301 787
20250416120510 302 993
20250416121259 302 1399
20250416121300 302 1406
20250416121302 302 1401
20250416121851 301 927
20250416123245 301 915
20250416123714 301 916
20250416123913 302 987
20250416124116 301 931
20250416124347 301 918
20250416124619 301 912
20250416130207 301 793
20250416130351 302 978
20250416131429 301 917
20250416131602 301 908
20250416132329 301 792
20250416134242 301 928
20250416140429 301 927
20250416140907 301 925
20250416143839 301 916
20250416144113 301 906
20250416150441 301 923
20250416150729 301 920
20250416151631 301 925
20250416152527 301 922
20250416155613 301 914
20250416155742 301 926
20250416161012 301 916
20250416161511 301 793
20250416162704 301 805
20250416164212 301 920
20250416165531 301 925
20250416170549 302 965
20250416170730 302 954
20250416171018 301 930
20250416171701 302 724
20250416172544 301 918
20250416173826 301 924
20250416174041 301 919
20250416175458 301 919
20250416180932 301 921
20250416182431 301 911
20250416184339 301 926
20250416184926 302 975
20250416185658 301 921
20250416190937 301 922
20250416192458 301 920
20250416193700 302 1409
20250416193701 302 1388
20250416193703 302 1394
20250416194208 301 911
20250416195440 301 918
20250416201140 301 781
20250416201442 301 925
20250416202228 302 711
20250416202529 301 910
20250416202915 302 711
20250416204348 301 912
20250416205541 301 921
20250416211051 301 640
20250416212439 301 918
20250416214239 301 920
20250416215919 301 918
20250416221102 301 922
20250416222548 301 914
20250416223732 302 710
20250416224055 301 919
20250416224320 301 920
20250416225517 301 920
20250416230926 301 924
20250416232254 301 919
20250416232507 301 915
20250416233019 301 917
20250416234004 301 914
20250416235139 301 918
20250416235532 301 920
20250417001026 301 794
20250417002512 301 788
20250417003952 301 910
20250417005429 301 794
20250417010924 301 914
20250417012530 301 914
20250417012925 302 966
20250417013418 301 794
20250417014125 301 921
20250417014430 302 977
20250417014503 302 968
20250417015449 301 936
20250417022036 301 555
20250417022512 301 794
20250417023930 301 921
20250417025520 301 914
20250417031023 301 927
20250417032436 301 922
20250417033959 301 914
20250417035713 301 924
20250417041034 301 916
20250417042220 302 710
20250417042537 301 917
20250417043931 301 917
20250417045507 301 918
20250417051055 301 924
20250417052525 301 920
20250417053927 301 786
20250417060939 301 928
20250417061117 302 976
20250417062443 301 904
20250417064114 301 924
20250417065516 301 923
20250417065610 302 978
20250417065747 302 975
20250417070923 301 916
20250417072435 301 917
20250417073520 301 1009
20250417073525 302 1190
20250417074120 301 906
20250417075451 301 910
20250417080944 301 919
20250417082443 301 933
20250417084048 301 928
20250417085422 301 915
20250417090922 301 915
20250417092522 301 924
20250417094157 301 924
20250417095430 301 922
20250417101204 301 788
20250417101810 302 719
20250417102607 301 923
20250417104052 302 709
20250417104109 301 915
20250417105457 301 920
20250417112706 301 912
20250417120856 301 927
20250417121054 301 912
20250417122830 301 918
20250417124455 301 923
20250417125532 301 919
20250417130340 302 698
20250417130558 301 794
20250417135435 301 782
20250417142310 301 920
20250417153538 301 778
20250417155827 301 928
20250417160446 301 921
20250417164337 301 907
20250417165953 301 924
20250417170322 301 908
20250417172909 301 917
20250417173342 302 1359
20250417175614 301 909
20250417175737 301 927
20250417180552 301 919
20250417181209 301 922
20250417181648 301 929
20250417191939 301 929
20250417193008 301 918
20250417193158 301 788
20250417193737 301 922
20250417194516 301 915
20250417200934 301 792
20250417200942 301 921
20250417201341 301 924
20250417204546 301 905
20250417210511 302 1274
20250417210517 302 1279
20250417211430 301 927
20250417212008 301 921
20250417212231 301 913
20250417213103 301 925
20250417214438 301 930
20250417215851 301 914
20250417220241 301 909
20250417223509 301 797
20250417223532 301 790
20250417224257 302 989
20250417224529 301 911
20250417225555 302 988
20250417230049 301 920
20250417231345 302 1424
20250417231346 302 1431
20250417231456 302 1442
20250417231457 302 1440
20250417231512 302 1400
20250417231513 302 1407
20250417231802 301 909
20250417232655 302 1276
20250417232656 302 1266
20250417232657 302 1471
20250417232658 302 1463
20250417233801 302 1459
20250417233802 302 1456
20250417234154 301 920
20250418001625 301 906
20250418003015 301 914
20250418005820 301 900
20250418012749 301 915
20250418013043 301 784
20250418015038 301 923
20250418023439 301 778
20250418034511 302 1154
20250418045646 301 903
20250418051555 301 786
20250418052026 301 926
20250418054159 301 917
20250418060627 301 923
20250418061222 301 793
20250418062735 302 965
20250418065839 301 782
20250418070000 301 919
20250418071400 302 968
20250418071614 301 904
20250418071905 301 784
20250418072721 301 915
20250418073429 301 921
20250418073528 301 925
20250418075144 301 917
20250418082811 301 918
20250418083344 301 915
20250418084043 302 748
20250418084642 301 788
20250418085206 301 695
20250418092301 301 787
20250418092503 302 1452
20250418092504 302 1440
20250418094625 301 927
20250418101837 301 926
20250418103129 301 782
20250418104111 301 914
20250418105340 301 790
20250418110109 301 918
20250418110805 301 923
20250418111313 301 794
20250418111732 302 703
20250418115155 301 1393
20250418115156 302 1075
20250418115448 301 787
20250418120206 301 785
20250418122546 301 806
20250418123138 301 925
20250418124419 301 920
20250418124558 301 914
20250418130127 302 1317
20250418131152 301 909
20250418131840 301 801
20250418132748 301 790
20250418134701 301 915
20250418140020 301 786
20250418141606 301 797
20250418141742 301 926
20250418150947 301 914
20250418152341 301 914
20250418152940 301 910
20250418153540 301 909
20250418153736 301 919
20250418154104 301 789
20250418160502 301 916
20250418161040 301 792
20250418161318 302 708
20250418163254 301 925
20250418164059 301 807
20250418164707 301 911
20250418172510 301 925
20250418172542 301 913
20250418174500 301 914
20250418175522 302 1025
20250418181151 301 912
20250418181525 301 927
20250418182642 301 914
20250418182646 301 912
20250418184020 301 920
20250418184435 301 911
20250418184451 301 916
20250418185603 301 908
20250418190121 302 1007
20250418192858 301 792
20250418193145 301 912
20250418200322 302 962
20250418201210 302 969
20250418203024 301 783
20250418203310 301 911
20250418203916 301 910
20250418204439 301 902
20250418204505 301 914
20250418210813 301 913
20250418211736 301 917
20250418212515 302 1221
20250418213108 301 785
20250418214239 302 983
20250418214340 301 780
20250418214824 302 1153
20250418215147 301 908
20250418221809 301 899
20250418222121 302 705
20250418222357 301 914
20250418222712 302 1222
20250418223804 301 921
20250418224625 301 917
20250418231443 301 928
20250418232506 301 790
20250418233842 301 902
20250419000110 301 923
20250419000314 301 793
20250419001930 301 913
20250419003256 301 918
20250419004514 301 908
20250419004708 301 920
20250419005116 301 915
20250419011154 301 919
20250419013523 301 923
20250419021810 301 780
20250419022249 301 930
20250419022305 302 973
20250419023416 302 722
20250419025007 301 917
20250419025816 301 915
20250419031325 301 920
20250419031917 301 917
20250419032247 301 912
20250419033138 301 905
20250419034132 301 804
20250419034139 302 746
20250419034512 301 930
20250419034644 301 914
20250419035929 301 784
20250419040941 301 921
20250419041618 301 783
20250419043331 301 911
20250419043503 302 967
20250419050048 301 910
20250419051708 301 556
20250419051908 301 789
20250419053213 301 785
20250419053633 301 914
20250419055905 301 918
20250419060942 301 910
20250419061853 301 921
20250419062543 301 920
20250419071129 301 920
20250419071714 301 912
20250419072226 301 923
20250419072238 301 925
20250419072545 302 954
20250419073005 302 708
20250419074138 301 924
20250419074221 301 906
20250419074914 301 913
20250419075329 301 797
20250419075404 301 916
20250419075824 301 918
20250419082042 301 922
20250419082337 301 912
20250419082711 301 925
20250419082738 301 915
20250419083036 301 794
20250419085517 302 987
20250419091743 301 789
20250419093646 301 925
20250419094425 301 912
20250419100138 301 913
20250419110316 301 908
20250419110753 301 791
20250419111459 302 972
20250419112819 301 911
20250419114007 301 924
20250419114043 301 914
20250419121155 301 910
20250419121209 301 921
20250419121352 301 921
20250419123008 302 750
20250419124316 301 925
20250419125131 301 916
20250419130027 302 975
20250419131332 301 928
20250419131405 302 1448
20250419131831 301 909
20250419132014 301 1218
20250419132014 301 1221
20250419132017 301 1213
20250419135723 301 901
20250419135758 301 900
20250419140846 301 799
20250419141007 301 914
20250419142747 301 923
20250419144317 301 915
20250419144402 302 981
20250419145125 301 906
20250419150102 301 922
20250419151815 301 922
20250419153803 301 923
20250419154555 301 904
20250419154737 301 921
20250419160554 302 978
20250419162642 301 914
20250419163223 302 721
20250419164724 301 917
20250419165449 301 913
20250419165512 301 905
20250419170744 301 909
20250419171346 301 921
20250419171651 301 908
20250419172528 302 1430
20250419172532 302 1428
20250419172648 302 1448
20250419172651 302 1437
20250419174134 302 1451
20250419174135 302 1444
20250419174249 302 1408
20250419174250 302 1401
20250419174501 302 1392
20250419174850 302 1402
20250419174851 302 1407
20250419175106 200 169
20250419181213 301 913
20250419182826 301 921
20250419183253 301 911
20250419184033 301 1213
20250419185034 301 918
20250419191948 301 920
20250419193041 301 919
20250419201145 301 794
20250419201307 301 921
20250419203444 301 921
20250419204613 302 1400
20250419204614 302 1407
20250419204628 301 781
20250419211845 301 927
20250419214445 301 917
20250419214619 301 910
20250419215142 301 905
20250419221516 301 916
20250419222919 301 926
20250419231733 301 920
20250419232328 301 915
20250419233014 301 916
20250419233624 301 928
20250419234256 301 916
20250419235412 301 916
20250419235524 301 904
20250420001503 301 921
20250420002039 301 895
20250420002748 301 922
20250420002833 301 913
20250420003709 301 922
20250420004927 301 921
20250420005910 301 796
20250420010155 301 918
20250420011145 301 918
20250420013932 301 912
20250420020046 301 784
20250420021145 301 921
20250420025444 301 919
20250420030258 301 792
20250420031540 301 922
20250420033039 301 919
20250420034757 301 789
20250420035801 301 790
20250420042852 301 908
20250420043628 301 897
20250420044656 301 924
20250420045010 301 926
20250420045115 301 780
20250420045645 301 918
20250420050750 301 782
20250420055355 302 1441
20250420061308 301 774
20250420064326 301 907
20250420064547 301 916
20250420071348 301 779
20250420071617 301 900
20250420071715 301 907
20250420073923 301 918
20250420075734 301 791
20250420080505 301 915
20250420081603 301 914
20250420082640 301 920
20250420084921 301 923
20250420085210 302 1445
20250420085211 302 1439
20250420090648 301 915
20250420092651 301 776
20250420094256 301 930
20250420094707 301 910
20250420095210 301 922
20250420095918 301 916
20250420101457 301 917
20250420102447 301 784
20250420112031 301 912
20250420113016 301 913
20250420113713 301 922
20250420115422 301 926
20250420115936 301 901
20250420121204 301 778
20250420122632 301 783
20250420124103 301 910
20250420124855 301 916
20250420133023 301 788
20250420134440 301 913
20250420135134 301 919
20250420135525 301 920
20250420140646 301 918
20250420140942 301 909
20250420141450 301 705
20250420143122 301 795
20250420144238 301 918
20250420145535 301 915
20250420151010 301 914
20250420151723 301 781
20250420152415 301 920
20250420155412 301 922
20250420160145 301 918
20250420165133 301 904
20250420165558 301 913
20250420170736 301 918
20250420174826 301 785
20250420174831 301 909
20250420175214 301 908
20250420184220 301 784
20250420184715 301 915
20250420185510 301 919
20250420191720 301 918
20250420192330 301 920
20250420193000 301 789
20250420193216 301 792
20250420193552 301 925
20250420201505 301 788
20250420201806 301 905
20250420203528 301 918
20250420204725 301 918
20250420205447 301 908
20250420205734 301 921
20250420213107 301 909
20250420214136 301 903
20250420215042 301 916
20250420221615 301 912
20250420222301 301 778
20250420222749 301 792
20250420224620 302 718
20250420225142 301 778
20250420231035 301 923
20250420231059 301 922
20250420233245 301 906
20250420234957 301 915
20250421001631 301 915
20250421002220 301 918
20250421010139 301 921
20250421010850 301 918
20250421011359 301 916
20250421013545 301 791
20250421015323 301 921
20250421015503 301 908
20250421021159 301 788
20250421022248 301 912
20250421023009 301 904
20250421023929 301 792
20250421024419 301 793
20250421025713 301 921
20250421025815 301 914
20250421030112 301 917
20250421031242 301 906
20250421032900 301 911
20250421033633 301 924
20250421042534 301 789
20250421044023 301 915
20250421044526 301 916
20250421045741 301 911
20250421045752 301 907
20250421050010 301 917
20250421050059 302 991
20250421052106 301 916
20250421052233 301 904
20250421052421 301 926
20250421053424 301 792
20250421065210 301 913
20250421070545 301 917
20250421075147 301 923
20250421080220 301 913
20250421080521 301 918
20250421084556 301 923
20250421084730 301 905
20250421093304 301 910
20250421100922 301 923
20250421101907 301 926
20250421102433 301 916
20250421102845 301 916
20250421103725 301 917
20250421110114 301 921
20250421110203 301 791
20250421110236 302 1127
20250421110404 301 922
20250421110432 301 916
20250421112336 301 925
20250421115620 301 784
20250421115654 301 909
20250421121732 301 916
20250421122030 301 913
20250421122254 301 912
20250421122655 301 558
20250421122746 301 911
20250421130538 301 915
20250421130927 301 921
20250421131603 301 915
20250421132741 301 791
20250421134031 301 922
20250421135602 301 787
20250421135652 302 711
20250421143632 301 777
20250421150027 301 909
20250421151010 302 974
20250421152628 301 905
20250421152828 301 792
20250421153332 301 919
20250421154540 301 923
20250421154840 301 914
20250421155007 301 908
20250421155224 301 916
20250421155543 302 712
20250421163801 301 908
20250421164154 301 793
20250421164531 301 914
20250421165636 301 910
20250421170009 301 788
20250421172459 301 918
20250421173111 302 965
20250421174140 302 962
20250421174212 301 922
20250421174348 301 908
20250421180039 301 916
20250421181246 302 972
20250421181411 301 906
20250421184027 301 911
20250421185607 301 908
20250421191415 301 791
20250421195314 301 918
20250421195628 301 913
20250421201229 301 906
20250421201424 301 911
20250421201517 301 927
20250421201609 301 907
20250421203042 301 916
20250421204048 301 909
20250421211114 301 911
20250421211446 301 924
20250421214827 301 916
20250421215653 302 1467
20250421215956 301 921
20250421220023 301 919
20250421220728 301 913
20250421222817 301 912
20250421223231 301 924
20250421223339 301 917
20250421230111 301 921
20250421231053 301 705
20250421232750 301 784
20250421234233 301 912
20250421235453 302 951
20250421235830 301 911
20250422000053 301 924
20250422001213 301 907
20250422001406 301 914
20250422001650 301 791
20250422003537 301 897
20250422005630 301 789
20250422005647 301 928
20250422011131 301 915
20250422013526 301 781
20250422014731 301 915
20250422020025 301 914
20250422022020 301 1223
20250422022021 301 1216
20250422022023 301 1212
20250422022820 301 782
20250422025945 301 924
20250422030142 301 915
20250422031009 301 910
20250422033747 301 915
20250422041457 301 787
20250422044955 301 1334
20250422044955 301 1347
20250422044958 301 1348
20250422050901 200 176
20250422055008 301 919
20250422060830 301 915
20250422061230 301 785
20250422062215 301 779
20250422063636 301 918
20250422064353 301 796
20250422070446 301 783
20250422071252 301 789
20250422080154 301 782
20250422082544 301 917
20250422083047 301 901
20250422085049 301 789
20250422085304 301 913
20250422085327 302 1458
20250422092925 301 787
20250422093754 301 789
20250422095906 301 785
20250422095946 301 909
20250422100652 301 799
20250422101640 301 903
20250422105425 301 920
20250422112131 301 909
20250422112403 301 911
20250422113245 301 909
20250422115124 301 908
20250422115241 301 789
20250422115359 301 916
20250422120746 301 1361
20250422120747 301 1348
20250422120749 301 1345
20250422121343 301 905
20250422122301 301 910
20250422124346 301 921
20250422130704 301 915
20250422142407 302 1070
20250422145715 301 783
20250422150453 301 911
20250422161652 301 782
20250422164713 301 913
20250422165053 301 788
20250422165454 301 784
20250422165837 301 925
20250422171442 301 782
20250422172055 301 785
20250422180207 301 780
20250422182549 301 1212
20250422182549 301 1214
20250422182551 301 1219
20250422183747 301 908
20250422184029 301 918
20250422185146 301 785
20250422185735 302 1148
20250422190734 302 1460
20250422191000 301 781
20250422205514 301 786
20250422211604 301 916
20250422211810 301 781
20250422212537 301 776
20250422212615 301 777
20250422213734 301 783
20250422214042 301 921
20250422214949 301 776
20250422215539 301 774
20250422220014 301 784
20250422221412 301 792
20250422221413 301 793
20250422222253 302 710
20250422222327 301 794
20250422224612 302 1449
20250422224616 302 1399
20250422224617 302 1406
20250422225220 302 1163
20250422225221 302 1161
20250422225222 302 1406
20250422225238 302 1286
20250422225239 302 1294
20250422225403 301 789
20250422225423 302 1442
20250422230223 301 927
20250422230411 301 901
20250422230425 301 912
20250422231109 301 913
20250422231345 301 921
20250422231902 301 913
20250422232128 301 794
20250422232543 301 927
20250422232619 301 918
20250422232647 301 903
20250422233103 301 914
20250422234319 301 789
20250422234627 301 783
20250422235028 302 1397
20250422235029 302 1401
20250422235822 301 788
20250423001443 301 796
20250423001703 301 772
20250423004609 301 927
20250423004839 301 1206
20250423004839 301 1217
20250423004842 301 1211
20250423012036 301 919
20250423012444 301 919
20250423013854 301 787
20250423014135 301 920
20250423014149 301 908
20250423015444 301 794
20250423020656 301 797
20250423021624 301 797
20250423021836 301 911
20250423023322 301 918
20250423024511 301 905
20250423024526 301 908
20250423024959 301 798
20250423025421 302 972
20250423025703 301 915
20250423030911 301 793
20250423031638 301 790
20250423034016 301 920
20250423040413 301 901
20250423041655 301 912
20250423043524 301 918
20250423045200 301 778
20250423050022 301 915
20250423053027 301 911
20250423053654 302 717
20250423053758 301 926
20250423054245 301 918
20250423054320 301 791
20250423054749 301 919
20250423060224 301 918
20250423061227 301 790
20250423065428 301 923
20250423065728 301 911
20250423070202 301 792
20250423071938 301 782
20250423072402 301 791
20250423072818 301 904
20250423073709 302 1445
20250423074505 301 792
20250423075800 301 787
20250423081138 301 786
20250423082952 301 912
20250423083421 301 793
20250423085331 301 782
20250423085456 301 786
20250423090719 301 790
20250423092002 302 719
20250423092814 302 721
20250423093414 301 798
20250423093707 301 787
20250423095258 301 927
20250423095645 301 791
20250423095824 302 753
20250423101016 301 784
20250423102716 301 920
20250423104330 301 901
20250423105648 301 787
20250423110316 301 923
20250423111225 301 921
20250423112906 301 789
20250423114053 301 797
20250423115735 301 912
20250423120254 302 713
20250423121447 301 796
20250423124131 301 917
20250423125027 301 793
20250423130328 301 799
20250423132753 302 1440
20250423140343 301 790
20250423140521 301 929
20250423140538 301 913
20250423140833 302 1275
20250423143457 301 917
20250423144252 301 787
20250423144557 301 796
20250423150219 301 919
20250423150334 301 924
20250423154013 301 914
20250423154243 301 922
20250423154330 302 762
20250423154558 301 926
20250423160257 301 913
20250423162022 301 904
20250423163122 301 775
20250423164035 301 790
20250423172823 301 930
20250423172836 301 914
20250423174128 301 926
20250423174957 301 795
20250423175813 301 783
20250423180429 301 909
20250423182529 301 926
20250423182732 301 794
20250423183949 301 1344
20250423183950 301 1345
20250423185045 301 779
20250423185519 301 786
20250423191324 301 912
20250423192518 301 921
20250423193949 301 704
20250423195155 302 699
20250423195626 301 924
20250423201331 301 788
20250423202507 301 922
20250423203946 301 791
20250423205436 301 913
20250423205505 301 916
20250423210953 301 794
20250423212501 301 782
20250423213458 302 718
20250423214011 301 902
20250423215431 301 791
20250423221100 301 924
20250423222458 301 786
20250423223948 301 922
20250423225453 301 794
20250423230144 301 915
20250423231003 301 699
20250423231307 301 917
20250423232435 301 918
20250423232455 301 922
20250423233249 301 919
20250423234010 301 918
20250423234905 301 912
20250423235351 302 709
20250423235504 301 789
20250424000931 301 915
20250424002439 301 915
20250424004108 301 929
20250424005433 301 926
20250424010854 302 969
20250424011003 301 795
20250424012752 301 785
20250424014151 301 903
20250424015136 302 717
20250424015455 301 934
20250424022535 301 911
20250424023455 302 713
20250424023725 302 1456
20250424030331 301 904
20250424031859 301 916
20250424032831 301 920
20250424033224 301 788
20250424034619 301 788
20250424040053 301 916
20250424041340 301 778
20250424042509 301 917
20250424043937 301 914
20250424045546 301 789
20250424070457 301 914
20250424074811 301 794
20250424081008 301 921
20250424082703 302 1429
20250424082704 302 1429
20250424082747 302 1448
20250424082748 302 1445
20250424082858 302 1437
20250424082859 302 1446
20250424083016 301 783
20250424083708 301 786
20250424083813 302 1266
20250424083839 302 1453
20250424083840 302 1458
20250424084055 301 778
20250424085309 302 1395
20250424085534 302 1269
20250424085535 302 1264
20250424085911 301 790
20250424090133 301 911
20250424090241 301 791
20250424090927 301 782
20250424092821 301 920
20250424093241 301 924
20250424093813 301 1213
20250424095643 301 915
20250424102539 302 716
20250424104112 301 927
20250424104545 301 926
20250424104813 301 786
20250424105422 301 784
20250424105423 301 783
20250424110911 301 924
20250424112838 301 784
20250424112859 301 921
20250424113911 301 916
20250424114515 301 918
20250424114848 301 781
20250424115524 302 714
20250424122201 302 979
20250424125404 302 1270
20250424125434 301 785
20250424130758 301 919
20250424131626 301 921
20250424133407 302 990
20250424133507 301 792
20250424133915 302 713
20250424134130 301 907
20250424134507 302 974
20250424134934 302 970
20250424141315 302 992
20250424141407 301 911
20250424141606 301 913
20250424142002 301 923
20250424143453 301 926
20250424144140 301 924
20250424144434 302 986
20250424150016 302 974
20250424150757 301 907
20250424150857 301 904
20250424150945 301 910
20250424151545 302 973
20250424154416 301 781
20250424155932 302 968
20250424160009 301 920
20250424160013 302 970
20250424161119 301 924
20250424161852 301 922
20250424163221 301 921
20250424163649 302 995
20250424170117 301 781
20250424172642 301 899
20250424173445 301 917
20250424173501 301 910
20250424174055 301 800
20250424174407 301 910
20250424175849 301 923
20250424181827 301 911
20250424181927 302 1267
20250424182213 301 923
20250424182953 301 916
20250424183933 301 921
20250424184552 301 793
20250424184632 302 1399
20250424184633 302 1397
20250424192740 301 927
20250424192753 301 912
20250424194304 302 1456
20250424200209 301 923
20250424200432 301 922
20250424200703 301 791
20250424201655 301 920
20250424201955 301 909
20250424202025 301 915
20250424204411 301 787
20250424211449 301 929
20250424212327 302 774
20250424214600 301 924
20250424215717 301 912
20250424215935 301 915
20250424220032 301 905
20250424220944 302 966
20250424221108 302 973
20250424221115 302 971
20250424221309 302 956
20250424221443 302 975
20250424222024 302 962
20250424222027 302 964
20250424222113 302 979
20250424222207 301 785
20250424222244 302 956
20250424222245 302 978
20250424222353 302 967
20250424222927 302 960
20250424223225 302 976
20250424223434 302 839
20250424223521 302 971
20250424223932 302 974
20250424224313 301 1212
20250424224314 301 1208
20250424224317 301 1207
20250424225126 302 962
20250424225806 302 967
20250424225856 302 966
20250424230127 302 974
20250424230218 301 920
20250424230438 302 952
20250424230458 302 963
20250424230607 302 961
20250424230957 302 957
20250424231554 302 968
20250424232654 302 971
20250424233542 302 968
20250424234311 302 969
20250424235354 302 952
20250424235656 301 915
20250424235717 301 913
20250425000207 302 947
20250425000535 301 925
20250425000719 301 796
20250425003454 301 919
20250425011528 301 794
20250425012002 301 915
20250425013904 301 925
20250425014710 301 919
20250425015854 301 914
20250425020614 301 774
20250425020839 302 967
20250425021405 301 927
20250425021614 302 954
20250425022145 301 896
20250425022816 301 898
20250425023127 301 928
20250425023129 301 921
20250425023405 301 913
20250425024513 302 967
20250425024546 301 928
20250425024629 301 901
20250425025604 301 907
20250425030219 301 788
20250425031244 301 915
20250425034207 301 911
20250425034647 302 713
20250425040145 301 901
20250425040357 301 911
20250425041134 301 922
20250425041917 302 980
20250425042606 301 907
20250425044035 301 918
20250425045541 301 899
20250425051056 301 905
20250425051827 301 793
20250425052240 301 923
20250425052436 301 917
20250425054023 301 906
20250425055600 301 907
20250425060934 301 915
20250425062544 301 910
20250425063920 301 918
20250425065457 301 910
20250425070930 301 915
20250425073015 302 1458
20250425073623 301 902
20250425075906 301 917
20250425081610 301 914
20250425081746 301 902
20250425082544 301 909
20250425084809 301 915
20250425084854 302 968
20250425085316 302 968
20250425085456 302 970
20250425085548 302 958
20250425085821 302 961
20250425085822 302 975
20250425085840 302 973
20250425090017 302 980
20250425090127 302 974
20250425090137 302 962
20250425090218 302 964
20250425090247 302 966
20250425090343 302 962
20250425090404 301 798
20250425090440 301 785
20250425090659 302 955
20250425090708 301 902
20250425091620 301 794
20250425092549 301 556
20250425094233 301 788
20250425095514 301 772
20250425100943 301 923
20250425102501 301 913
20250425103804 301 911
20250425104014 301 911
20250425105501 301 922
20250425111117 301 911
20250425112457 301 922
20250425113956 301 912
20250425115456 301 914
20250425120947 301 915
20250425122539 301 908
20250425123527 302 972
20250425124027 301 901
20250425124221 302 755
20250425125426 301 784
20250425130854 302 709
20250425130937 301 907
20250425132540 301 920
20250425133023 301 782
20250425133445 302 963
20250425134026 301 924
20250425135423 301 909
20250425141017 301 905
20250425142703 301 907
20250425144218 301 898
20250425145437 301 908
20250425145457 301 918
20250425150510 301 920
20250425150739 302 712
20250425151046 301 919
20250425152731 301 917
20250425154112 301 916
20250425155221 301 708
20250425155548 301 915
20250425160950 301 904
20250425161902 302 727
20250425162429 301 775
20250425164017 301 907
20250425165501 301 921
20250425171237 301 912
20250425172656 301 922
20250425173937 301 913
20250425174655 302 1468
20250425175147 302 715
20250425180958 301 917
20250425182741 301 924
20250425182814 301 911
20250425183920 301 917
20250425185232 302 702
20250425185435 301 916
20250425191040 301 913
20250425192429 301 919
20250425194050 301 899
20250425195106 302 715
20250425195454 301 910
20250425201000 301 545
20250425204424 301 921
20250425205519 301 915
20250425210923 301 909
20250425212602 301 930
20250425214034 301 924
20250425215313 301 914
20250425215536 301 914
20250425220005 302 705
20250425220912 302 1271
20250425221022 301 794
20250425222102 301 919
20250425222542 301 913
20250425224029 301 909
20250425225505 301 919
20250425230650 302 710
20250425231056 301 921
20250425232435 301 901
20250425233911 301 911
20250425234023 301 918
20250425234033 302 707
20250425235527 301 907
20250426000123 302 761
20250426001016 301 919
20250426001629 301 787
20250426002453 302 1011
20250426002531 301 918
20250426003938 301 923
20250426004336 302 981
20250426004349 302 1399
20250426004350 302 1400
20250426004416 302 991
20250426004504 302 1398
20250426004505 302 1404
20250426004539 302 1401
20250426004540 302 1394
20250426004729 302 1155
20250426005513 301 924
20250426005914 301 924
20250426010639 302 1398
20250426010640 302 1396
20250426010925 301 920
20250426012425 301 907
20250426013930 302 1396
20250426013931 302 1401
20250426014442 301 910
20250426015539 301 907
20250426020940 301 917
20250426021927 302 714
20250426022603 301 920
20250426024034 301 774
20250426025515 301 912
20250426031114 301 920
20250426032514 301 908
20250426033933 301 910
20250426035459 301 906
20250426040357 302 713
20250426040944 301 911
20250426041803 302 1265
20250426041804 302 1266
20250426042501 301 926
20250426044921 302 966
20250426045447 302 1457
20250426045504 301 919
20250426050957 301 911
20250426052431 301 790
20250426053923 301 911
20250426054506 302 1406
20250426054507 302 1404
20250426055423 301 922
20250426060227 301 1208
20250426060228 301 1212
20250426060230 301 1217
20250426061047 301 919
20250426062535 301 916
20250426064006 301 915
20250426065422 301 785
20250426065724 302 712
20250426071039 301 913
20250426072451 301 909
20250426073934 301 911
20250426075335 302 716
20250426075500 301 910
20250426081025 301 919
20250426082118 302 1398
20250426082457 301 923
20250426083744 302 1400
20250426083744 302 1400
20250426083747 302 1411
20250426084054 301 915
20250426085536 301 920
20250426090926 301 899
20250426092433 301 910
20250426092618 301 792
20250426093947 301 790
20250426095525 301 911
20250426095553 301 924
20250426100929 301 778
20250426101834 301 907
20250426103945 301 917
20250426105551 301 924
20250426110921 301 788
20250426112508 301 913
20250426114059 301 901
20250426120419 301 909
20250426120957 301 916
20250426122421 301 924
20250426122914 302 713
20250426123807 301 920
20250426124030 301 911
20250426125139 301 919
20250426125440 301 919
20250426130039 301 919
20250426131048 301 915
20250426132441 301 921
20250426132839 302 713
20250426133304 302 967
20250426133348 302 604
20250426133445 302 973
20250426133502 302 959
20250426133959 301 915
20250426135044 301 1347
20250426135456 301 912
20250426140920 301 919
20250426142424 301 917
20250426142534 301 924
20250426143949 301 790
20250426145318 302 969
20250426145510 301 785
20250426145958 302 1456
20250426151012 301 932
20250426152518 301 916
20250426153944 301 788
20250426155434 301 916
20250426160534 302 711
20250426160937 301 921
20250426162421 301 913
20250426164108 301 919
20250426165232 302 713
20250426165600 301 920
20250426170942 301 926
20250426172437 301 930
20250426174018 301 919
20250426175548 301 921
20250426180957 301 795
20250426182420 301 910
20250426183925 301 797
20250426185539 301 915
20250426191009 301 907
20250426192508 301 920
20250426194011 301 907
20250426195100 301 919
20250426195449 301 916
20250426201049 301 912
20250426202422 301 922
20250426202457 301 911
20250426203924 301 918
20250426204514 302 987
20250426205438 301 557
20250426210957 301 923
20250426212421 301 918
20250426212919 301 837
20250426213603 301 923
20250426214029 301 828
20250426214148 301 909
20250426215552 301 918
20250426220926 301 911
20250426222453 301 925
20250426222521 302 718
20250426224121 301 791
20250426225457 301 903
20250426225632 302 988
20250426231130 301 915
20250426231648 301 919
20250426233823 301 905
20250426235804 301 917
20250427000548 301 923
20250427001025 301 914
20250427002506 301 914
20250427003924 301 918
20250427005608 301 921
20250427010021 301 910
20250427011017 302 717
20250427011412 301 911
20250427012448 301 910
20250427013406 302 763
20250427013512 302 769
20250427014009 301 916
20250427014243 301 923
20250427015424 301 929
20250427020214 302 1463
20250427021022 301 901
20250427021328 302 716
20250427030839 302 1260
20250427031029 301 923
20250427031642 301 910
20250427033205 301 778
20250427034002 301 919
20250427045615 301 911
20250427052756 301 921
20250427073106 301 927
20250427074728 302 983
20250427074819 301 781
20250427075042 301 795
20250427075140 301 919
20250427075208 301 914
20250427075622 301 912
20250427075813 301 919
20250427075958 301 788
20250427080210 301 918
20250427080852 301 795
20250427081829 301 932
20250427082535 302 972
20250427082546 301 916
20250427082553 302 972
20250427082555 302 969
20250427082557 302 608
20250427082600 302 612
20250427082614 301 792
20250427084020 301 912
20250427085443 301 914
20250427091019 301 916
20250427092424 301 923
20250427093956 301 916
20250427095422 302 705
20250427095546 301 908
20250427100941 301 802
20250427101116 302 716
20250427102712 301 787
20250427104041 301 916
20250427104510 302 707
20250427105451 301 904
20250427111004 301 923
20250427112431 301 909
20250427113948 301 915
20250427115550 301 908
20250427121005 301 919
20250427122514 301 917
20250427124021 301 926
20250427125544 302 1454
20250427125631 301 920
20250427131036 301 909
20250427132501 301 917
20250427133940 301 921
20250427135443 301 908
20250427140958 301 910
20250427142557 301 916
20250427143950 301 920
20250427145543 301 916
20250427151016 301 923
20250427152451 301 917
20250427152731 302 982
20250427152742 302 991
20250427152906 302 987
20250427153942 301 914
20250427161627 301 910
20250427161810 301 923
20250427161922 302 711
20250427162455 301 917
20250427163925 301 904
20250427165445 301 922
20250427170924 301 794
20250427172456 301 783
20250427174002 301 907
20250427175430 301 912
20250427181008 301 929
20250427184037 301 913
20250427184141 302 966
20250427184150 302 977
20250427185426 301 923
20250427190953 301 929
20250427192432 301 783
20250427195421 301 907
20250427201158 301 924
20250427204534 301 787
20250427230323 302 1457
20250428025410 301 918
20250428025655 301 927
20250428025744 301 919
20250428031436 302 980
20250428031820 301 915
20250428031854 301 918
20250428032049 301 791
20250428033821 301 921
20250428040747 301 923
20250428042539 301 915
20250428043717 301 914
20250428044819 301 780
20250428050136 301 927
20250428050843 302 1403
20250428050844 302 1406
20250428050846 302 1399
20250428053541 301 920
20250428054021 301 913
20250428093110 302 1454
20250428145044 301 913
20250428145352 301 792
20250428153159 301 913
20250428154623 301 927
20250428155625 301 913
20250428155627 301 917
20250428164259 301 916
20250428165326 301 913
20250428170659 302 998
20250428171426 301 925
20250428185445 301 909
20250428193025 302 981
20250428200556 301 908
20250428200711 301 923
20250428201937 302 965
20250428202147 302 1124
20250428204809 302 726
20250428210400 301 921
20250428210446 301 910
20250428210945 301 912
20250428211142 301 915
20250428211939 301 916
20250428211958 301 779
20250428212319 301 918
20250428212816 301 924
20250428214037 301 917
20250428214430 301 912
20250428214700 302 766
20250428214818 301 912
20250428215026 301 923
20250428220123 301 920
20250428220456 301 904
20250428221041 301 924
20250428230545 301 909
20250428230829 301 920
20250428231238 301 923
20250429000411 301 921
20250429002409 301 920
20250429002943 301 925
20250429003806 301 834
20250429004412 301 799
20250429005715 301 905
20250429010319 301 921
20250429010613 301 920
20250429015420 301 911
20250429020114 302 1461
20250429021443 301 916
20250429022402 302 982
20250429023524 301 914
20250429023720 301 918
20250429024616 301 915
20250429025132 301 773
20250429025256 301 922
20250429025359 301 785
20250429032826 301 923
20250429032943 301 918
20250429033245 301 917
20250429040042 301 911
20250429040618 302 982
20250429041626 301 905
20250429041748 302 721
20250429044145 301 912
20250429045412 301 921
20250429045549 301 910
20250429052115 301 905
20250429052758 301 921
20250429053037 301 908
20250429053906 301 933
20250429054933 301 915
20250429060313 302 973
20250429060413 301 906
20250429060431 302 967
20250429060519 302 970
20250429062157 301 794
20250429062427 302 976
20250429063354 302 966
20250429063906 302 836
20250429064442 301 921
20250429065335 301 785
20250429065723 302 956
20250429065830 302 972
20250429065832 301 792
20250429070325 302 983
20250429070432 302 976
20250429070811 302 976
20250429071253 302 973
20250429071541 301 711
20250429072311 302 965
20250429072356 301 784
20250429072537 302 960
20250429072625 302 963
20250429073016 301 921
20250429073101 302 980
20250429073354 302 969
20250429073814 302 964
20250429074032 302 986
20250429074107 302 961
20250429074602 302 973
20250429074704 302 960
20250429075456 301 912
20250429081030 302 963
20250429081537 302 979
20250429081936 301 920
20250429082106 301 913
20250429082551 302 973
20250429082915 301 790
20250429084500 302 710
20250429085331 301 915
20250429090915 301 911
20250429091659 301 909
20250429091947 301 915
20250429092102 301 909
20250429093113 301 903
20250429094955 301 923
20250429095035 302 985
20250429095321 301 914
20250429095322 302 757
20250429102036 301 923
20250429102650 301 925
20250429103018 302 954
20250429103226 301 909
20250429104910 302 982
20250429105428 302 976
20250429105613 302 962
20250429105803 302 972
20250429105851 302 972
20250429105951 302 961
20250429105953 301 912
20250429105957 302 963
20250429110010 301 778
20250429110114 302 973
20250429110248 301 913
20250429110418 302 953
20250429110518 301 920
20250429110541 302 975
20250429110721 301 782
20250429110755 302 971
20250429110824 301 786
20250429111536 302 985
20250429111558 302 971
20250429111620 302 975
20250429111718 302 963
20250429111805 302 965
20250429112023 302 975
20250429112632 302 972
20250429112728 302 961
20250429112920 302 973
20250429112957 302 969
20250429113026 302 972
20250429113226 302 976
20250429113522 301 791
20250429113937 302 978
20250429114137 302 971
20250429114730 301 902
20250429115046 302 978
20250429115802 302 964
20250429120631 301 918
20250429120657 301 899
20250429120723 302 973
20250429121245 301 902
20250429121248 301 769
20250429121634 302 960
20250429121939 301 925
20250429123644 302 966
20250429124147 301 918
20250429124841 302 1011
20250429125913 301 901
20250429130033 301 922
20250429130046 302 957
20250429130326 302 955
20250429131631 301 917
20250429132152 302 969
20250429132218 302 710
20250429132406 301 786
20250429133857 302 1458
20250429134641 302 971
20250429135015 301 923
20250429140358 302 955
20250429140833 302 969
20250429141240 301 919
20250429141735 301 907
20250429141927 301 907
20250429142146 301 917
20250429143439 302 970
20250429144109 301 929
20250429145203 301 795
20250429150800 301 914
20250429151633 301 907
20250429152650 301 911
20250429152725 301 922
20250429163017 301 918
20250429163111 301 919
20250429170520 301 916
20250429171351 301 918
20250429171737 301 918
20250429171748 301 790
20250429172050 301 784
20250429172611 302 974
20250429172619 301 925
20250429173432 301 930
20250429174932 301 918
20250429181528 301 906
20250429181711 301 909
20250429183112 301 910
20250429185738 301 917
20250429190627 301 922
20250429191642 301 911
20250429191838 301 913
20250429192136 301 916
20250429193341 301 917
20250429193725 301 923
20250429200813 301 792
20250429203021 301 928
20250429203932 301 914
20250429205541 301 907
20250429205800 301 914
20250429210631 301 913
20250429211133 301 911
20250429211233 301 915
20250429211248 301 918
20250429211342 301 911
20250429212748 301 921
20250429220314 301 906
20250429221258 301 911
20250429223050 301 923
20250429223132 301 927
20250429224015 301 914
20250429224310 302 976
20250429224834 301 777
20250429225359 302 838
20250429225721 302 954
20250429230017 302 964
20250429230054 301 906
20250429230425 301 790
20250429230957 301 912
20250429232508 301 926
20250429232810 301 909
20250429232837 302 964
20250429233101 301 557
20250429234432 301 790
20250430002025 302 761
20250430002125 301 923
20250430002801 301 917
20250430004958 301 921
20250430010120 302 968
20250430011148 301 793
20250430021539 302 850
20250430023117 301 797
20250430023315 301 919
20250430030819 301 916
20250430031136 301 784
20250430031629 301 916
20250430032006 302 956
20250430032438 301 904
20250430032840 301 919
20250430034326 302 976
20250430034456 301 918
20250430040534 301 906
20250430042921 301 930
20250430044258 301 923
20250430053010 301 914
20250430053115 301 897
20250430062226 301 911
20250430062542 301 800
20250430062556 301 906
20250430063957 301 919
20250430064534 302 726
20250430070015 301 919
20250430070558 301 913
20250430071816 302 709
20250430071839 302 712
20250430072304 301 923
20250430073013 301 777
20250430073627 301 786
20250430073708 301 920
20250430075528 301 922
20250430075642 302 725
20250430080003 301 909
20250430082622 301 925
20250430082638 301 925
20250430091602 301 923
20250430091646 301 920
20250430091716 301 923
20250430094305 301 910
20250430095813 301 928
20250430100931 301 910
20250430101108 301 919
20250430101926 301 790
20250430110646 301 933
20250430113312 301 785
20250430113505 302 966
20250430114110 302 974
20250430115225 301 791
20250430120746 301 913
20250430121257 301 929
20250430123019 301 939
20250430123518 302 964
20250430123524 301 922
20250430124030 301 909
20250430124118 301 907
20250430125249 301 920
20250430125323 301 787
20250430125518 302 970
20250430132321 301 925
20250430133339 301 789
20250430134303 301 796
20250430135006 302 971
20250430151924 301 925
20250430155810 301 918
20250430160735 301 929
20250430161730 301 918
20250430164824 301 910
20250430170427 302 970
20250430170556 301 929
20250430172244 301 910
20250430172335 301 922
20250430172647 301 797
20250430174555 302 954
20250430175421 301 935
20250430180045 301 918
20250430180948 301 927
20250430181146 301 925
20250430181341 302 977
20250430181820 301 922
20250430182345 302 1229
20250430182543 301 921
20250430182907 301 919
20250430183207 302 957
20250430184035 301 907
20250430184057 301 792
20250430184542 301 913
20250430184952 301 931
20250430185506 301 909
20250430190249 301 918
20250430192501 301 776
20250430193823 302 972
20250430194951 301 781
20250430195906 301 787
20250430200937 301 914
20250430201840 301 921
20250430202752 301 922
20250430204244 301 925
20250430204614 301 921
20250430211153 301 925
20250430212348 302 975
20250430213220 301 920
20250430213634 302 973
20250430213721 301 791
20250430213743 301 909
20250430213945 301 919
20250430214654 301 912
20250430215823 301 912
20250430215854 301 903
20250430222454 301 919
20250430224336 301 922
20250430225126 301 924
20250430231648 301 921
20250430235617 301 788
20250430235823 301 921
20250501000655 302 719
20250501001856 302 1398
20250501001857 302 1407
20250501001942 301 929
20250501002005 302 1400
20250501002315 302 965
20250501002635 302 1399
20250501002726 302 1409
20250501002727 302 1402
20250501002848 302 1405
20250501002853 302 1402
20250501002854 302 1399
20250501003906 302 1395
20250501003907 302 1404
20250501004640 301 1350
20250501004641 301 1341
20250501005914 301 917
20250501010436 302 1406
20250501010437 302 1399
20250501011727 301 796
20250501012244 302 1406
20250501013921 302 1389
20250501013935 301 798
20250501014130 301 789
20250501020230 301 928
20250501022302 302 1400
20250501022303 302 1400
20250501022408 301 927
20250501024250 301 808
20250501025120 301 924
20250501025400 301 924
20250501030108 301 929
20250501030603 301 921
20250501033311 301 928
20250501035742 301 926
20250501050015 301 925
20250501050211 301 929
20250501050712 301 912
20250501050805 301 911
20250501055845 301 929
20250501060840 301 915
20250501062823 301 913
20250501062837 301 924
20250501064407 301 925
20250501064720 301 920
20250501070619 301 792
20250501070715 301 914
20250501070733 301 921
20250501071106 301 801
20250501073116 301 908
20250501075312 302 1396
20250501084636 301 929
20250501085344 301 924
20250501085457 301 918
20250501085635 301 924
20250501090604 301 790
20250501091150 301 908
20250501095809 301 920
20250501100220 301 797
20250501101033 301 783
20250501101452 301 798
20250501102958 301 928
20250501103330 301 928
20250501105222 301 922
20250501110001 301 798
20250501110719 301 922
20250501113911 301 796
20250501114333 301 788
20250501114754 301 793
20250501115243 302 1401
20250501121500 301 801
20250501123102 301 797
20250501123547 301 799
20250501123616 301 795
20250501123841 301 918
20250501131643 301 925
20250501134019 302 1158
20250501134735 301 792
20250501135713 301 925
20250501141524 302 1154
20250501145740 301 924
20250501150433 301 923
20250501151403 301 800
20250501151802 301 923
20250501152405 301 934
20250501153449 301 796
20250501153529 301 789
20250501160026 301 916
20250501161016 301 792
20250501161030 301 923
20250501161451 301 788
20250501163139 301 926
20250501170432 301 790
20250501171648 301 938
20250501172654 301 912
20250501173230 301 923
20250501174627 301 926
20250501175519 301 793
20250501181108 301 794
20250501182737 301 933
20250501184155 301 780
20250501185555 301 923
20250501190951 301 797
20250501192534 301 916
20250501193952 301 797
20250501195441 301 929
20250501201021 301 927
20250501202646 301 928
20250501204025 301 925
20250501205544 301 920
20250501210944 301 927
20250501212159 302 1127
20250501212557 301 924
20250501214022 301 923
20250501215459 301 924
20250501220945 301 914
20250501222203 302 978
20250501222204 301 790
20250501222224 302 972
20250501222455 301 926
20250501223959 301 927
20250501225438 301 794
20250501230957 301 920
20250501234040 301 799
20250501234808 301 802
20250501235459 301 922
20250502001056 301 785
20250502002641 301 1349
20250502002642 301 1353
20250502010833 301 911
20250502013722 302 968
20250502013820 302 968
20250502033744 301 928
20250502044558 301 914
20250502044917 301 927
20250502051004 301 918
20250502051629 301 791
20250502052619 301 800
20250502053531 301 923
20250502053643 301 796
20250502054339 302 711
20250502054755 301 794
20250502055636 302 712
20250502060422 301 922
20250502061052 302 971
20250502061104 301 789
20250502062357 301 800
20250502063109 301 907
20250502064528 301 911
20250502064558 302 977
20250502064807 302 719
20250502065050 301 790
20250502065546 301 916
20250502065648 301 806
20250502070100 301 919
20250502070508 301 793
20250502071222 302 709
20250502071559 301 797
20250502071926 301 789
20250502072002 302 707
20250502072600 302 973
20250502072712 301 917
20250502073217 302 961
20250502074019 301 926
20250502075400 301 911
20250502080738 301 919
20250502082338 301 925
20250502082849 301 923
20250502084305 301 798
20250502085037 302 686
20250502085240 301 924
20250502085929 301 796
20250502090207 301 932
20250502090645 301 924
20250502090829 302 721
20250502090851 301 918
20250502091046 302 727
20250502093212 301 796
20250502094037 301 793
20250502094429 301 794
20250502100133 301 919
20250502101252 301 913
20250502104300 301 919
20250502105907 301 918
20250502111223 302 710
20250502111724 301 905
20250502112438 301 786
20250502114605 301 913
20250502114923 301 926
20250502115146 301 921
20250502115252 302 709
20250502115339 301 788
20250502115547 301 794
20250502122700 302 724
20250502122756 301 790
20250502124240 301 904
20250502125929 301 800
20250502130020 301 905
20250502131003 301 915
20250502132904 301 783
20250502140133 301 917
20250502140212 302 1269
20250502142333 301 799
20250502144222 301 928
20250502144652 301 792
20250502145718 301 798
20250502150649 301 930
20250502150801 302 985
20250502150938 301 919
20250502152153 301 919
20250502152408 301 911
20250502153624 301 784
20250502153650 301 922
20250502155448 302 722
20250502155518 302 967
20250502155539 301 912
20250502160707 302 981
20250502160725 302 971
20250502162604 301 788
20250502163232 301 796
20250502164416 301 920
20250502164750 301 799
20250502164810 302 775
20250502164947 302 961
20250502165013 301 912
20250502165058 301 782
20250502170443 301 916
20250502171642 301 912
20250502173254 301 788
20250502174703 301 924
20250502174832 301 922
20250502180300 301 788
20250502181815 301 794
20250502182326 301 818
20250502184143 301 777
20250502185441 301 927
20250502191055 301 923
20250502191212 302 971
20250502191310 302 959
20250502191348 301 794
20250502192426 301 798
20250502193412 301 780
20250502212754 301 800
20250502215050 302 764
20250502215254 301 927
20250502215300 301 916
20250502215648 301 921
20250502223326 301 916
20250502231904 301 792
20250502232315 301 916
20250502232617 301 794
20250502234909 301 923
20250502235623 301 1217
20250502235625 301 1216
20250503010300 301 796
20250503011432 301 916
20250503012228 301 779
20250503013428 301 920
20250503013825 301 920
20250503014329 301 784
20250503015141 301 923
20250503021417 301 910
20250503022144 301 797
20250503030855 301 789
20250503031022 301 797
20250503031630 301 792
20250503041351 301 921
20250503041818 301 915
20250503043434 301 785
20250503044621 301 920
20250503045759 301 929
20250503050131 301 803
20250503060135 301 908
20250503060512 301 913
20250503060920 301 918
20250503061003 301 915
20250503061935 301 785
20250503064119 301 914
20250503064224 301 774
20250503070540 301 922
20250503070550 301 922
20250503071011 301 914
20250503071604 301 776
20250503072049 301 921
20250503073315 301 914
20250503081943 301 914
20250503082127 302 711
20250503090151 301 916
20250503090218 301 911
20250503092302 301 927
20250503092951 302 726
20250503094753 301 922
20250503100026 301 914
20250503100518 301 913
20250503100826 301 928
20250503101325 301 789
20250503101700 301 785
20250503103305 302 709
20250503105619 301 927
20250503110609 301 1347
20250503110610 301 1347
20250503112320 301 947
20250503114251 301 795
20250503120220 301 928
20250503123404 301 787
20250503124422 301 920
20250503124613 301 914
20250503125142 301 915
20250503125335 301 928
20250503131512 301 922
20250503132146 301 918
20250503133757 302 728
20250503133817 302 982
20250503134812 301 910
20250503140905 301 790
20250503140906 301 930
20250503141246 301 907
20250503144424 301 921
20250503150956 301 921
20250503151527 301 914
20250503153639 301 788
20250503153654 301 911
20250503161133 301 909
20250503161847 301 922
20250503162834 301 927
20250503165908 301 913
20250503172134 301 920
20250503172205 301 904
20250503172626 301 903
20250503173339 301 927
20250503173726 301 919
20250503173842 301 910
20250503182058 301 789
20250503182822 301 915
20250503183337 301 921
20250503185641 301 914
20250503185821 302 1299
20250503190215 301 919
20250503190248 301 910
20250503191952 301 910
20250503192926 301 916
20250503201149 301 920
20250503202223 302 718
20250503203310 301 918
20250503204200 301 785
20250503204236 301 914
20250503204907 301 923
20250503205453 301 924
20250503211113 301 917
20250503211351 301 910
20250503211950 302 967
20250503212015 301 918
20250503212101 301 922
20250503212414 302 974
20250503212816 302 971
20250503212844 302 952
20250503213221 302 961
20250503213243 301 928
20250503213407 301 912
20250503220529 302 716
20250503221642 301 920
20250503222123 301 918
20250503222300 301 925
20250503223241 302 957
20250503224248 301 916
20250503224631 301 920
20250503224844 301 913
20250503225048 301 921
20250503225147 302 1216
20250503230153 301 794
20250503232453 301 788
20250503232619 301 794
20250503232943 301 923
20250503233334 302 972
20250503233936 301 916
20250503234320 301 923
20250504002126 301 913
20250504002628 301 910
20250504002817 301 915
20250504004324 302 760
20250504004334 301 912
20250504005116 301 907
20250504005257 302 721
20250504010804 301 917
20250504010855 301 921
20250504011238 302 715
20250504012222 301 912
20250504012945 301 798
20250504013145 301 920
20250504013907 301 919
20250504014733 301 915
20250504015535 301 916
20250504021252 301 923
20250504022559 301 923
20250504030548 301 911
20250504032347 301 906
20250504035135 301 911
20250504041453 301 789
20250504042457 301 786
20250504043734 302 964
20250504044134 302 968
20250504044610 301 919
20250504051200 302 965
20250504051333 301 917
20250504052025 301 911
20250504052207 302 976
20250504053047 301 911
20250504053642 302 971
20250504055333 301 909
20250504055704 302 956
20250504060604 301 781
20250504062538 302 954
20250504063134 301 917
20250504063909 301 922
20250504064840 302 961
20250504070314 302 711
20250504071007 301 915
20250504071328 301 906
20250504073250 302 712
20250504074758 301 914
20250504075216 302 971
20250504075659 301 924
20250504075842 301 913
20250504081707 301 912
20250504082802 301 790
20250504084603 302 759
20250504091426 301 915
20250504092112 301 775
20250504094801 301 917
20250504094915 301 904
20250504095332 301 907
20250504095355 301 915
20250504100927 301 916
20250504102354 301 904
20250504103630 301 778
20250504104257 302 968
20250504104339 301 782
20250504104345 302 702
20250504111400 301 918
20250504112300 302 708
20250504113047 301 909
20250504113420 301 910
20250504113820 302 714
20250504115003 301 911
20250504121237 301 794
20250504121658 301 922
20250504123511 301 794
20250504124632 301 918
20250504130856 301 906
20250504131557 301 787
20250504132837 301 912
20250504133058 301 922
20250504133537 302 714
20250504133615 301 702
20250504135809 302 974
20250504141133 302 770
20250504141504 301 703
20250504141656 301 908
20250504143424 301 918
20250504144416 301 919
20250504150511 302 968
20250504151431 302 969
20250504152022 301 909
20250504153148 301 782
20250504155615 302 716
20250504162738 301 920
20250504164034 302 719
20250504164347 301 916
20250504164448 301 919
20250504165125 301 907
20250504165511 301 799
20250504165700 302 963
20250504170006 301 903
20250504171337 301 925
20250504171513 301 920
20250504172244 301 917
20250504174001 302 708
20250504174025 301 706
20250504174120 301 922
20250504175237 302 988
20250504175730 302 977
20250504180550 301 783
20250504182859 301 918
20250504182939 301 906
20250504183153 301 787
20250504184602 302 724
20250504185108 301 914
20250504185356 301 928
20250504191500 301 924
20250504191532 301 933
20250504193223 301 917
20250504193253 301 913
20250504193323 301 793
20250504201700 301 923
20250504202558 301 917
20250504205818 301 920
20250504205936 301 919
20250504210045 301 910
20250504210427 301 917
20250504213148 301 913
20250504213814 302 709
20250504215131 301 924
20250504220524 301 920
20250504221016 301 919
20250504221832 301 922
20250504222658 301 916
20250504224027 301 906
20250504224235 302 717
20250504225257 302 967
20250504225438 301 903
20250504230956 301 923
20250504232448 301 916
20250504233935 301 774
20250504235447 301 795
20250505001048 301 925
20250505002703 301 919
20250505004053 301 920
20250505005451 301 917
20250505011509 301 925
20250505012551 301 913
20250505020626 301 916
20250505020659 301 915
20250505021735 302 975
20250505022022 302 975
20250505032130 301 927
20250505034032 301 785
20250505040431 301 792
20250505040635 301 918
20250505042443 301 904
20250505043330 302 716
20250505044400 301 783
20250505045420 301 912
20250505045557 301 924
20250505055212 301 919
20250505061329 301 921
20250505063342 301 920
20250505063820 301 922
20250505064752 301 910
20250505065534 301 907
20250505065707 301 790
20250505070315 301 916
20250505071041 301 918
20250505071440 302 954
20250505072826 301 914
20250505083345 301 919
20250505090652 301 919
20250505093631 301 789
20250505094406 301 906
20250505095257 301 795
20250505102032 301 917
20250505104553 302 961
20250505105103 301 780
20250505110109 302 975
20250505110636 301 796
20250505110701 301 786
20250505111104 302 971
20250505114823 301 905
20250505114845 301 910
20250505115344 301 925
20250505121152 301 919
20250505121447 301 921
20250505122204 301 922
20250505122306 301 929
20250505123259 301 898
20250505125036 301 915
20250505131222 301 788
20250505132432 301 918
20250505135007 301 917
20250505140334 301 920
20250505143013 301 913
20250505143136 301 912
20250505144543 301 917
20250505145508 302 713
20250505145558 301 921
20250505150333 301 789
20250505151248 301 912
20250505161140 301 905
20250505161659 301 906
20250505161808 302 965
20250505161957 302 963
20250505162233 301 784
20250505162354 302 978
20250505163256 302 969
20250505164354 302 833
20250505164631 301 926
20250505164712 301 914
20250505171100 302 711
20250505171531 302 972
20250505171633 302 962
20250505172208 301 785
20250505173824 302 962
20250505174122 301 923
20250505174912 301 918
20250505174937 302 971
20250505175544 301 920
20250505180814 301 784
20250505180916 301 917
20250505183150 301 785
20250505184229 302 976
20250505184932 301 925
20250505185212 302 966
20250505190303 301 913
20250505191004 302 1268
20250505191921 302 970
20250505192401 301 915
20250505193438 301 916
20250505195254 301 916
20250505202732 301 919
20250505202833 301 920
20250505203222 301 919
20250505205320 301 1212
20250505205958 302 968
20250505210640 301 930
20250505211125 302 1302
20250505211523 301 922
20250505212822 301 915
20250505212953 301 791
20250505213041 301 687
20250505220415 301 909
20250505221958 301 907
20250505222005 301 910
20250505222413 301 790
20250505223556 301 920
20250505225801 301 900
20250505230015 301 909
20250505231410 302 758
20250505233455 301 913
20250505234832 301 560
20250505235822 301 926
20250506001218 301 922
20250506001246 301 788
20250506001933 301 912
20250506003300 301 921
20250506005204 301 779
20250506020110 301 901
20250506022126 301 918
20250506022553 301 928
20250506031943 301 914
20250506032751 301 921
20250506033315 301 918
20250506034723 301 924
20250506034932 301 1215
20250506034933 301 1209
20250506042215 301 905
20250506043545 301 783
20250506045035 301 774
20250506050914 301 909
20250506050920 302 705
20250506051154 301 915
20250506051316 301 915
20250506052257 301 913
20250506052413 301 912
20250506052612 301 780
20250506054808 301 915
20250506060510 301 917
20250506062734 301 919
20250506063236 301 914
20250506065128 302 968
20250506070835 301 919
20250506073800 301 788
20250506074140 302 715
20250506074542 301 921
20250506074809 301 906
20250506082202 301 922
20250506082347 301 912
20250506083211 302 965
20250506084621 301 1206
20250506084622 301 1214
20250506084705 301 914
20250506090817 301 915
20250506092551 302 968
20250506093113 301 910
20250506093346 301 918
20250506093358 302 958
20250506093700 301 785
20250506093914 301 904
20250506093957 301 918
20250506094512 302 970
20250506094836 301 915
20250506095321 301 916
20250506101358 301 785
20250506101509 301 907
20250506101820 301 908
20250506101938 301 919
20250506104115 301 922
20250506110241 301 902
20250506111322 302 972
20250506112224 301 926
20250506112424 301 782
20250506115038 301 916
20250506121659 302 966
20250506122550 301 919
20250506124552 301 911
20250506124655 301 902
20250506125402 301 906
20250506131812 301 799
20250506132500 301 785
20250506132932 301 904
20250506133718 301 919
20250506135610 301 918
20250506140203 301 912
20250506143411 302 949
20250506144528 301 903
20250506145959 301 696
20250506152747 301 915
20250506154011 301 911
20250506154117 301 914
20250506154442 302 1186
20250506154710 301 919
20250506155428 302 721
20250506155501 302 708
20250506160025 301 915
20250506163732 302 977
20250506164140 301 904
20250506164333 301 905
20250506164354 301 966
20250506171243 301 913
20250506171728 301 916
20250506171909 301 909
20250506172829 302 994
20250506172843 302 969
20250506174813 301 911
20250506175554 301 785
20250506175749 301 923
20250506180025 301 916
20250506181024 301 919
20250506184741 301 915
20250506184909 301 923
20250506185800 301 905
20250506190650 302 1456
20250506190747 301 916
20250506191250 301 919
20250506192942 301 913
20250506194711 301 925
20250506200121 302 1109
20250506201016 301 902
20250506201355 301 793
20250506204150 301 918
20250506204231 302 716
20250506205331 301 919
20250506214424 301 935
20250506214710 301 916
20250506215841 301 922
20250506220315 301 915
20250506221933 301 975
20250506221956 301 919
20250506223800 301 902
20250506224256 301 918
20250506224844 301 924
20250506224943 301 917
20250506224957 302 968
20250506230221 302 955
20250506231936 302 998
20250506232059 302 982
20250506232318 301 922
20250506233120 302 993
20250506233542 302 969
20250506233812 302 970
20250506233930 301 919
20250506234159 301 1211
20250506234200 301 1222
20250506234224 301 780
20250506235310 302 1001
20250507000809 302 968
20250507000818 302 713
20250507001413 301 912
20250507002126 301 917
20250507002331 302 718
20250507002714 301 916
20250507003152 301 919
20250507004110 301 925
20250507004405 301 918
20250507005434 302 1000
20250507010044 301 935
20250507011035 301 919
20250507011246 301 926
20250507012011 302 1402
20250507012012 302 1395
20250507012225 302 1397
20250507012240 302 1399
20250507012842 302 1390
20250507012843 302 1401
20250507014657 301 911
20250507014917 302 1397
20250507014918 302 1399
20250507015106 302 1108
20250507020258 301 922
20250507020907 301 925
20250507022924 301 926
20250507023127 302 980
20250507023332 302 955
20250507023443 302 975
20250507023630 301 925
20250507023657 302 978
20250507024219 301 790
20250507024421 302 971
20250507024430 302 970
20250507024518 302 983
20250507030554 301 909
20250507030621 301 915
20250507031733 301 783
20250507034217 301 925
20250507034402 301 928
20250507040909 301 919
20250507041213 301 914
20250507043413 301 912
20250507043927 302 1407
20250507043928 302 1403
20250507044356 301 789
20250507044735 301 921
20250507050437 301 1342
20250507050438 301 1346
20250507050845 302 1398
20250507050846 302 1407
20250507051633 301 923
20250507054659 301 921
20250507061212 302 980
20250507071820 302 1196
20250507074630 301 921
20250507075545 301 907
20250507075911 301 924
20250507082535 302 714
20250507082914 301 1216
20250507084038 301 928
20250507084549 301 914
20250507085337 301 933
20250507085706 301 925
20250507085904 301 927
20250507085918 302 1269
20250507085919 302 1265
20250507092230 301 927
20250507092444 301 794
20250507094201 302 722
20250507094321 301 916
20250507094807 302 1416
20250507094808 302 1395
20250507100153 301 913
20250507101140 301 925
20250507101916 301 925
20250507102353 301 916
20250507105504 301 926
20250507120819 301 927
20250507123352 301 794
20250507132622 301 923
20250507135005 301 913
20250507142231 301 930
20250507142936 301 921
20250507143149 301 920
20250507144127 301 923
20250507145002 301 921
20250507150957 301 711
20250507151839 301 916
20250507152213 301 926
20250507152456 301 931
20250507153012 301 927
20250507161140 301 906
20250507162105 301 789
20250507170943 301 921
20250507174004 301 919
20250507174833 301 922
20250507175503 302 716
20250507175658 302 971
20250507192708 301 922
20250507193745 301 922
20250507195334 301 925
20250507200102 302 971
20250507204051 301 925
20250507204149 301 789
20250507205208 301 926
20250507205941 301 918
20250507210652 301 706
20250507210941 301 924
20250507211125 302 1128
20250507213918 302 967
20250507215057 301 915
20250507220821 301 910
20250507221727 301 910
20250507221735 301 926
20250507222618 301 923
20250507222658 301 920
20250507223012 301 926
20250507223225 301 918
20250507223427 301 916
20250507224434 301 925
20250508002222 301 926
20250508003940 301 921
20250508005134 301 922
20250508005751 301 921
20250508011604 301 905
20250508021827 302 705
20250508022145 302 708
20250508022421 301 912
20250508023901 301 914
20250508024707 301 920
20250508025101 301 925
20250508025944 301 919
20250508031324 301 909
20250508032735 301 927
20250508034132 301 923
20250508034258 301 929
20250508034713 302 718
20250508035857 301 913
20250508041956 301 1350
20250508041957 301 1344
20250508043159 302 726
20250508044021 301 906
20250508044240 301 787
20250508044458 301 786
20250508045346 301 926
20250508045854 301 914
20250508045923 301 924
20250508050402 301 906
20250508050630 302 712
20250508051521 302 715
20250508052658 302 974
20250508052738 301 918
20250508052832 301 925
20250508053039 301 916
20250508053513 302 699
20250508053610 301 924
20250508053803 302 719
20250508060231 301 914
20250508061307 302 766
20250508061714 301 925
20250508062800 301 924
20250508064019 302 719
20250508064517 301 921
20250508064532 301 923
20250508065322 301 924
20250508070140 302 715
20250508070157 301 919
20250508074712 301 789
20250508075507 301 786
20250508081030 301 796
20250508082211 302 728
20250508082325 301 911
20250508084934 302 717
20250508085655 301 790
20250508085820 301 791
20250508090324 302 720
20250508091638 301 923
20250508092009 301 798
20250508092439 301 925
20250508094431 301 922
20250508094527 301 925
20250508094749 301 930
20250508095913 301 925
20250508103138 301 922
20250508103426 301 808
20250508104209 301 919
20250508110848 301 921
20250508112428 301 927
20250508113055 302 1403
20250508113056 302 1399
20250508113235 301 920
20250508114222 301 927
20250508122436 301 922
20250508123208 301 936
20250508123357 301 792
20250508124152 301 932
20250508130744 301 798
20250508132156 301 911
20250508134831 301 909
20250508135013 301 930
20250508135222 301 914
20250508135308 301 917
20250508140919 301 795
20250508143741 301 931
20250508143854 301 910
20250508154219 301 919
20250508155125 301 798
20250508155558 301 906
20250508160059 301 795
20250508162112 301 907
20250508163737 301 923
20250508163833 301 925
20250508173646 301 921
20250508173940 302 729
20250508174451 301 921
20250508175037 301 912
20250508175200 301 911
20250508175941 301 929
20250508184907 301 793
20250508191137 301 922
20250508192915 301 906
20250508194705 301 920
20250508195117 301 927
20250508201321 301 924
20250508201700 301 917
20250508204248 301 794
20250508205242 301 921
20250508211214 301 791
20250508212842 301 916
20250508213919 301 930
20250508220336 301 916
20250508221340 301 928
20250508221357 301 924
20250508230132 301 930
20250508230243 301 916
20250508232136 301 921
20250508232517 301 905
20250508232858 301 918
20250508233339 301 931
20250508234530 301 919
20250508234850 301 931
20250508235226 301 801
20250509000736 301 921
20250509001717 301 914
20250509001825 301 912
20250509002432 301 911
20250509003121 301 922
20250509003532 301 912
20250509005305 301 920
20250509010157 302 717
20250509010942 301 908
20250509012248 301 908
20250509012311 301 915
20250509012551 301 911
20250509013841 301 708
20250509020627 301 920
20250509021100 301 912
20250509021245 302 974
20250509021555 302 970
20250509024753 301 912
20250509025732 302 977
20250509030543 302 984
20250509031918 301 912
20250509041619 301 779
20250509042040 301 779
20250509043018 301 922
20250509050313 301 926
20250509050540 301 915
20250509050916 301 917
20250509051403 301 920
20250509051723 301 918
20250509052428 301 918
20250509053416 301 919
20250509054153 301 915
20250509054823 301 921
20250509062410 301 910
20250509071106 301 917
20250509071405 301 919
20250509072633 301 926
20250509073043 301 927
20250509074250 301 790
20250509074302 301 929
20250509074839 301 923
20250509081130 301 921
20250509081413 301 912
20250509081832 302 717
20250509082340 301 924
20250509083040 301 921
20250509083108 301 918
20250509083347 302 738
20250509084927 301 904
20250509085942 301 922
20250509090221 301 907
20250509091307 301 923
20250509092039 301 916
20250509092808 301 918
20250509094614 301 912
20250509095809 301 788
20250509095908 301 923
20250509100129 301 916
20250509101716 301 915
20250509102732 301 920
20250509103833 301 902
20250509104626 301 787
20250509104653 301 919
20250509105625 301 915
20250509111225 301 924
20250509112439 301 703
20250509112559 301 908
20250509115156 301 930
20250509115804 301 787
20250509120846 301 713
20250509121107 301 917
20250509122457 301 921
20250509124235 301 910
20250509125538 301 902
20250509131012 301 791
20250509132513 301 913
20250509134036 301 905
20250509135444 301 921
20250509140957 301 784
20250509142633 301 912
20250509144040 301 919
20250509145436 301 781
20250509151054 301 915
20250509151738 301 1218
20250509151739 301 1214
20250509152703 301 794
20250509154125 301 925
20250509155011 302 1157
20250509155454 301 904
20250509160019 302 1134
20250509161147 301 918
20250509162643 301 923
20250509163941 301 914
20250509165310 301 1212
20250509170944 301 919
20250509172542 301 788
20250509173940 301 909
20250509175515 301 911
20250509181310 301 922
20250509182432 301 919
20250509184125 301 910
20250509184812 301 915
20250509185501 301 919
20250509191020 301 923
20250509192500 301 920
20250509194040 301 919
20250509195427 301 928
20250509201054 301 907
20250509202439 301 906
20250509204640 301 921
20250509205513 301 923
20250509210953 301 916
20250509212535 301 920
20250509214007 301 923
20250509215526 301 918
20250509221222 301 924
20250509222428 301 797
20250509224601 301 920
20250509225509 301 785
20250509231119 301 922
20250509232605 301 786
20250509234002 301 919
20250509235427 301 915
20250510001202 301 915
20250510002504 301 921
20250510004306 301 921
20250510005511 301 908
20250510011626 301 923
20250510012556 301 927
20250510013936 301 926
20250510015419 301 789
20250510021310 301 918
20250510024217 301 926
20250510025446 301 911
20250510030930 301 792
20250510032758 301 797
20250510034114 301 926
20250510035428 301 927
20250510035836 301 924
20250510041018 301 912
20250510042501 301 920
20250510044116 301 913
20250510045716 301 923
20250510051156 301 921
20250510052452 301 927
20250510054311 301 910
20250510055652 301 921
20250510061012 301 915
20250510062653 301 916
20250510064256 301 790
20250510065540 301 908
20250510070023 301 924
20250510070932 301 927
20250510072530 301 922
20250510074000 301 918
20250510075436 301 924
20250510080927 301 920
20250510082438 301 789
20250510084159 301 912
20250510085435 301 923
20250510091048 301 915
20250510092500 301 922
20250510093039 301 799
20250510093043 301 797
20250510093048 302 971
20250510093048 302 961
20250510093149 301 796
20250510093158 302 771
20250510093229 302 609
20250510093323 302 672
20250510094259 301 916
20250510095442 301 918
20250510095539 302 719
20250510101039 301 915
20250510103246 301 788
20250510105003 301 793
20250510105700 301 922
20250510105959 302 708
20250510111001 301 792
20250510112433 301 931
20250510114126 301 920
20250510120709 301 927
20250510122807 302 712
20250510123340 301 923
20250510123702 301 922
20250510124150 301 887
20250510130732 301 919
20250510132812 301 789
20250510133024 301 797
20250510141233 301 924
20250510142353 301 906
20250510142855 301 791
20250510143413 302 723
20250510143439 301 784
20250510143451 302 715
20250510145213 301 926
20250510145800 301 908
20250510151232 301 927
20250510151500 301 706
20250510152553 301 918
20250510152830 302 771
20250510154247 301 916
20250510155551 301 926
20250510160959 301 917
20250510161001 301 923
20250510162501 301 924
20250510163834 301 931
20250510164331 301 912
20250510165429 301 917
20250510170950 301 906
20250510172428 301 924
20250510174134 301 921
20250510175512 301 910
20250510180109 302 724
20250510180116 302 1112
20250510181011 301 916
20250510182441 301 911
20250510183930 301 926
20250510185500 301 915
20250510190950 301 793
20250510192518 301 917
20250510193927 301 914
20250510200931 301 798
20250510201246 301 794
20250510202629 301 918
20250510203950 301 938
20250510205636 301 924
20250510214043 301 915
20250510220929 301 926
20250510222550 301 920
20250510223959 301 933
20250510225442 301 921
20250510225550 302 1121
20250510231036 301 918
20250510233939 301 796
20250510235438 301 925
20250511000952 301 775
20250511002602 301 798
20250511004849 301 916
20250511020123 301 790
20250511024915 301 922
20250511033059 301 776
20250511034003 301 792
20250511042041 302 1398
20250511042042 302 1406
20250511042150 302 1394
20250511042151 302 1395
20250511045140 301 915
20250511045824 301 922
20250511060741 301 916
20250511060744 301 923
20250511061308 301 912
20250511062512 301 781
20250511063652 301 927
20250511064901 301 924
20250511065500 301 908
20250511070811 301 917
20250511071347 301 915
20250511071442 301 916
20250511073214 301 921
20250511073608 301 920
20250511073646 301 929
20250511081243 302 1393
20250511081244 302 1397
20250511082058 301 921
20250511082112 302 1400
20250511083007 302 1429
20250511084649 302 1400
20250511085634 301 919
20250511090321 301 1219
20250511090322 301 1213
20250511092404 301 917
20250511092845 301 917
20250511093113 301 924
20250511093130 301 919
20250511101059 301 912
20250511101623 301 911
20250511102551 301 912
20250511102622 301 802
20250511104541 301 919
20250511105720 301 914
20250511111448 301 921
20250511112347 301 910
20250511112827 302 976
20250511113627 301 919
20250511113855 301 932
20250511114321 301 920
20250511114847 301 922
20250511114856 301 910
20250511115136 301 931
20250511115706 301 920
20250511132654 301 798
20250511134113 301 914
20250511140906 301 916
20250511141446 301 933
20250511143642 301 919
20250511152026 301 920
20250511153425 301 915
20250511153654 301 915
20250511160605 301 787
20250511160725 301 926
20250511161444 301 920
20250511163220 301 914
20250511174816 301 916
20250511175536 301 798
20250511180352 301 923
20250511181056 302 1401
20250511183420 301 793
20250511190321 301 924
20250511194403 301 907
20250511201024 301 919
20250511210544 301 927
20250511211818 302 1459
20250511220036 301 925
20250511220137 301 800
20250511221213 301 791
20250511221658 301 925
20250511223559 301 787
20250511224607 301 920
20250511225044 302 1301
20250511231101 301 803
20250511235125 301 907
20250512000603 301 923
20250512000611 301 784
20250512000632 301 907
20250512000920 301 790
20250512002543 301 918
20250512004716 301 926
20250512012937 301 929
20250512013251 301 905
20250512013653 301 930
20250512013702 301 796
20250512014231 301 915
20250512014409 301 910
20250512014834 301 919
20250512015103 301 909
20250512015741 301 912
20250512021351 301 930
20250512021530 301 794
20250512022505 301 911
20250512022800 301 913
20250512023153 302 983
20250512023339 301 911
20250512025136 301 781
20250512030204 301 933
20250512030702 301 788
20250512032442 301 917
20250512032553 301 1210
20250512032554 302 1110
20250512033922 301 912
20250512035444 301 911
20250512042351 301 1341
20250512042352 301 1338
20250512042527 301 920
20250512042849 301 922
20250512043809 301 915
20250512044821 301 922
20250512045257 301 923
20250512052341 301 926
20250512052709 301 916
20250512053417 301 926
20250512055948 301 910
20250512060047 301 791
20250512060931 301 784
20250512061027 301 909
20250512065138 301 1347
20250512065139 301 1342
20250512065654 301 923
20250512074056 301 919
20250512074103 301 1211
20250512074634 301 925
20250512081614 301 931
20250512082018 301 919
20250512082345 301 932
20250512083658 301 909
20250512083859 301 795
20250512084547 301 917
20250512084636 301 927
20250512091543 301 923
20250512091650 301 796
20250512091650 301 928
20250512095225 301 916
20250512100334 301 923
20250512100848 301 916
20250512101655 301 796
20250512104254 301 912
20250512105217 301 790
20250512105436 301 926
20250512110437 302 1455
20250512113314 301 922
20250512113437 301 911
20250512115429 301 913
20250512115550 301 922
20250512115621 301 903
20250512120839 301 925
20250512123130 301 923
20250512125224 301 926
20250512132122 301 790
20250512134805 301 911
20250512141420 301 922
20250512143045 301 922
20250512143656 301 926
20250512143726 301 924
20250512144247 302 1111
20250512144331 301 801
20250512144734 301 911
20250512144933 301 916
20250512150042 302 1121
20250512150208 301 913
20250512155349 301 921
20250512160801 301 914
20250512160914 301 790
20250512161132 301 918
20250512161752 301 923
20250512162355 301 930
20250512171012 301 924
20250512171410 301 922
20250512171817 301 933
20250512172218 301 802
20250512175249 301 921
20250512180015 301 923
20250512184954 301 916
20250512185203 301 923
20250512185430 301 911
20250512191259 301 929
20250512193025 301 794
20250512200837 301 792
20250512200946 301 929
20250512202001 301 916
20250512203443 301 925
20250512205212 301 790
20250512210106 301 930
20250512210929 301 924
20250512211521 302 1454
20250512212008 302 987
20250512212120 301 910
20250512212321 301 937
20250512213027 302 715
20250512213410 301 922
20250512214243 301 912
20250512215531 301 928
20250512220011 301 913
20250512222023 301 901
20250512224736 301 1218
20250512224737 301 1214
20250512224825 301 921
20250512225651 301 1337
20250512225814 301 907
20250512230300 301 919
20250512230352 301 803
20250512230641 301 920
20250512232521 301 918
20250512232522 301 933
20250512233121 301 917
20250512233234 301 917
20250512234041 302 1192
20250512234337 301 930
20250512235634 301 925
20250513000930 301 920
20250513001800 301 919
20250513002821 302 1257
20250513002856 302 1393
20250513002857 302 1401
20250513002940 302 1397
20250513002941 302 1396
20250513003416 301 789
20250513003532 302 1391
20250513010231 301 926
20250513010608 302 1235
20250513011121 301 897
20250513020804 301 1221
20250513020805 301 1217
20250513021020 301 909
20250513022249 301 917
20250513022505 301 908
20250513022619 301 900
20250513024409 301 799
20250513025107 301 913
20250513025454 301 796
20250513025535 301 923
20250513033943 301 920
20250513035831 301 788
20250513040739 301 789
20250513041722 301 918
20250513043112 301 914
20250513043341 301 904
20250513044213 301 919
20250513044402 302 1398
20250513044403 302 1396
20250513044413 301 917
20250513045923 301 911
20250513050401 301 913
20250513051323 301 924
20250513052718 301 926
20250513061553 301 919
20250513061939 301 916
20250513062057 301 779
20250513062518 301 795
20250513062849 301 924
20250513064751 301 778
20250513065129 302 1401
20250513065130 302 1407
20250513065205 301 909
20250513065511 301 772
20250513065552 301 911
20250513070143 302 762
20250513070225 301 926
20250513070734 301 916
20250513070919 301 922
20250513071159 302 975
20250513071555 302 1463
20250513072043 301 910
20250513072251 301 919
20250513072459 301 921
20250513072541 301 908
20250513073601 301 782
20250513074130 301 793
20250513075537 301 792
20250513075941 301 915
20250513080523 301 920
20250513081654 302 1424
20250513082436 301 794
20250513083310 301 931
20250513083624 301 920
20250513084122 301 927
20250513084432 301 916
20250513085514 301 786
20250513091115 301 788
20250513092519 301 923
20250513094030 301 792
20250513095357 302 1403
20250513095358 302 1402
20250513100338 302 1111
20250513101328 301 792
20250513102443 301 794
20250513103948 301 918
20250513104230 301 913
20250513105620 301 921
20250513110922 301 926
20250513112441 301 791
20250513113941 301 792
20250513115444 301 788
20250513120654 301 804
20250513121703 301 798
20250513124806 302 967
20250513125148 302 768
20250513130330 302 750
20250513131058 301 792
20250513135328 302 737
20250513140424 302 695
20250513140602 301 904
20250513143146 301 913
20250513143448 301 927
20250513145945 302 728
20250513145951 301 916
20250513145952 301 925
20250513150815 302 745
20250513151251 301 794
20250513155122 302 723
20250513160657 301 919
20250513160949 302 710
20250513161220 301 797
20250513161831 301 797
20250513161951 301 784
20250513163405 301 779
20250513164432 301 791
20250513170617 301 913
20250513172016 302 1458
20250513173020 301 797
20250513174214 301 921
20250513174424 301 911
20250513174522 301 814
20250513175544 301 783
20250513181610 301 918
20250513183138 301 786
20250513184434 301 788
20250513191549 301 799
20250513191918 302 959
20250513192505 301 786
20250513192558 301 903
20250513194223 301 789
20250513194309 301 790
20250513194321 301 792
20250513200912 301 915
20250513202327 301 789
20250513204923 301 922
20250513210555 301 789
20250513211021 301 786
20250513211828 301 904
20250513213957 301 781
20250513214027 301 800
20250513221408 302 1107
20250513224605 301 912
20250513224649 302 989
20250513232056 301 780
20250513233006 301 787
20250513233512 301 786
20250513234509 301 795
20250513234544 301 918
20250514001237 301 794
20250514002514 301 795
20250514005407 301 929
20250514005410 301 794
20250514011813 301 920
20250514015311 301 788
20250514021236 301 928
20250514022521 301 789
20250514025206 302 983
20250514025228 301 793
20250514031419 301 933
20250514033543 301 787
20250514033611 301 932
20250514035111 301 788
20250514035234 301 801
20250514043204 302 689
20250514044051 301 793
20250514045550 301 785
20250514050321 301 923
20250514051554 301 803
20250514051905 302 1459
20250514052058 301 794
20250514053738 301 786
20250514055632 301 799
20250514060702 301 798
20250514060754 301 794
20250514060804 301 794
20250514062047 301 912
20250514062536 301 924
20250514063053 301 779
20250514072952 301 931
20250514074328 302 1460
20250514081033 301 803
20250514081452 301 926
20250514081644 301 927
20250514082522 301 798
20250514083212 301 925
20250514091041 301 930
20250514093709 301 923
20250514093910 301 804
20250514094956 301 788
20250514100156 301 918
20250514101214 301 791
20250514103307 301 914
20250514103346 301 792
20250514104634 301 798
20250514112233 301 796
20250514112926 301 794
20250514121447 301 795
20250514124003 301 799
20250514124300 301 929
20250514124944 301 799
20250514130029 301 785
20250514132010 301 792
20250514134508 301 925
20250514140953 301 920
20250514142110 301 927
20250514144010 301 928
20250514144827 301 795
20250514150729 301 916
20250514153047 302 1454
20250514160955 301 932
20250514165447 301 927
20250514165924 301 926
20250514170029 301 792
20250514174018 301 1352
20250514174439 301 800
20250514174555 301 925
20250514180007 301 916
20250514183801 301 921
20250514184017 301 789
20250514185326 301 923
20250514185448 301 791
20250514190740 301 798
20250514190854 301 795
20250514190924 301 1347
20250514190925 301 1347
20250514191420 301 788
20250514191652 301 919
20250514191724 301 927
20250514191759 301 923
20250514210729 301 795
20250514210934 301 931
20250514212012 301 798
20250514212109 301 790
20250514212636 301 919
20250514212906 301 804
20250514214919 301 917
20250514215545 301 922
20250514220120 301 925
20250514220408 301 930
20250514222450 301 925
20250514223436 301 920
20250514223529 301 926
20250514224905 301 789
20250514225849 301 799
20250514230314 301 915
20250514232937 301 922
20250514233811 301 929
20250514234027 301 791
20250514234056 301 786
20250515001635 301 777
20250515004641 301 926
20250515010501 301 911
20250515012657 301 787
20250515013957 301 926
20250515014010 301 793
20250515014336 301 797
20250515014812 301 912
20250515015400 301 801
20250515020051 301 799
20250515020926 301 784
20250515022730 301 791
20250515023552 301 782
20250515024103 301 794
20250515024845 301 922
20250515025205 301 795
20250515030134 301 794
20250515031211 301 791
20250515031540 301 787
20250515031935 301 799
20250515032013 302 1453
20250515032650 301 913
20250515033321 301 930
20250515043716 301 795
20250515051331 301 794
20250515051931 301 797
20250515052131 301 922
20250515052838 301 908
20250515053354 301 793
20250515054942 301 924
20250515060259 301 796
20250515062209 301 786
20250515064633 301 918
20250515065430 301 790
20250515065949 301 791
20250515070451 301 923
20250515073639 301 795
20250515074004 301 913
20250515074332 301 1346
20250515074333 301 1354
20250515074635 301 926
20250515080133 301 915
20250515080257 301 799
20250515081137 301 787
20250515081422 301 785
20250515082406 301 924
20250515083101 301 793
20250515083357 301 789
20250515083628 301 913
20250515084221 301 930
20250515085929 301 924
20250515093246 301 806
20250515100206 301 931
20250515102838 301 915
20250515103401 301 794
20250515103503 301 929
20250515104028 301 1221
20250515104231 301 932
20250515105556 301 797
20250515110653 301 911
20250515114015 301 912
20250515114334 301 923
20250515114555 301 779
20250515120902 302 718
20250515122517 301 800
20250515122613 301 913
20250515123025 301 930
20250515124902 301 796
20250515125825 301 920
20250515131208 301 909
20250515132500 301 924
20250515133940 301 922
20250515140237 301 916
20250515141756 301 792
20250515145729 301 930
20250515151541 301 921
20250515155601 302 1169
20250515155958 301 925
20250515161328 301 916
20250515161700 302 721
20250515173750 301 912
20250515174207 301 798
20250515180446 301 804
20250515180913 301 922
20250515180947 301 799
20250515182946 301 789
20250515184908 301 780
20250515190117 301 771
20250515190132 301 762
20250515193912 302 1440
20250515194214 301 901
20250515195458 301 913
20250515195534 301 905
20250515195707 301 902
20250515201501 301 889
20250515201632 301 781
20250515201848 302 718
20250515203031 301 772
20250515204743 301 909
20250515205510 301 901
20250515205846 301 913
20250515211027 302 716
20250515211127 301 779
20250515211612 301 901
20250515211715 301 897
20250515214726 301 782
20250515220226 301 780
20250515221321 301 904
20250515223344 301 902
20250515224214 301 776
20250515225817 301 908
20250515230252 301 897
20250515230435 301 775
20250515231706 301 909
20250516002516 301 891
20250516004102 301 911
20250516004245 301 905
20250516005114 301 904
20250516005230 301 906
20250516005735 301 912
20250516010017 301 902
20250516012116 301 779
20250516012426 301 785
20250516014628 301 885
20250516015437 301 907
20250516020004 301 903
20250516021927 301 905
20250516024343 301 906
20250516025452 302 1273
20250516025703 301 768
20250516030313 301 908
20250516030512 301 912
20250516033054 301 770
20250516033146 301 895
20250516035103 301 906
20250516040014 301 905
20250516041305 302 712
20250516041803 301 912
20250516043103 301 904
20250516044802 301 909
20250516045636 301 907
20250516045724 301 884
20250516051354 301 898
20250516052733 301 902
20250516053438 301 910
20250516054133 301 903
20250516055054 302 716
20250516055557 301 907
20250516060938 301 894
20250516062432 301 901
20250516063933 301 774
20250516065431 301 908
20250516070924 301 906
20250516072227 301 770
20250516072449 301 781
20250516073924 301 908
20250516073929 301 766
20250516074420 301 1162
20250516074421 301 1163
20250516075435 301 911
20250516080855 302 1436
20250516081041 301 891
20250516082332 301 1167
20250516091727 301 770
20250516095632 301 918
20250516101822 301 892
20250516112909 301 900
20250516114710 301 897
20250516121309 301 889
20250516124850 301 899
20250516125032 301 907
20250516125942 301 773
20250516134541 301 774
20250516140404 301 907
20250516142346 301 907
20250516143827 301 777
20250516144659 301 905
20250516144905 301 897
20250516152144 301 894
20250516152311 301 908
20250516153800 301 769
20250516154056 302 950
20250516154111 301 776
20250516154232 301 759
20250516154931 301 780
20250516155722 302 963
20250516162610 301 775
20250516163136 302 728
20250516163151 302 953
20250516164311 301 785
20250516170040 301 768
20250516172104 302 946
20250516172508 301 768
20250516173537 302 966
20250516174202 301 767
20250516175328 301 893
20250516181240 302 1390
20250516181419 301 903
20250516181724 301 771
20250516181738 301 773
20250516182313 301 901
20250516182427 301 901
20250516183914 301 909
20250516184555 302 1434
20250516192406 301 780
20250516231344 301 895
20250517002950 302 1218
20250517005157 301 910
20250517015111 301 761
20250517015940 301 911
20250517020221 301 903
20250517020414 301 890
20250517021216 301 780
20250517025245 301 765
20250517025616 301 892
20250517030153 301 895
20250517030923 301 884
20250517031743 301 761
20250517032201 301 901
20250517032335 301 766
20250517034536 301 899
20250517035923 301 904
20250517040151 301 901
20250517040948 301 772
20250517044438 301 910
20250517044813 301 899
20250517051525 302 718
20250517051655 301 898
20250517052709 301 779
20250517052710 301 904
20250517054324 301 752
20250517060358 301 767
20250517061630 301 759
20250517063144 301 777
20250517063645 301 766
20250517063823 302 719
20250517070014 301 779
20250517070602 301 891
20250517071103 301 892
20250517071231 301 764
20250517072106 301 898
20250517074245 301 757
20250517074936 301 777
20250517074941 302 956
20250517080155 301 899
20250517081205 301 781
20250517083026 302 963
20250517083324 302 946
20250517084311 301 771
20250517090953 301 755
20250517091053 302 954
20250517091346 301 902
20250517091643 301 905
20250517092148 302 949
20250517093027 301 900
20250517095820 301 889
20250517101743 301 778
20250517105652 301 768
20250517110633 301 901
20250517111259 301 910
20250517111927 301 890
20250517112137 301 902
20250517115908 301 779
20250517120249 301 772
20250517121120 301 769
20250517123233 301 771
20250517131701 301 778
20250517131809 301 768
20250517132243 301 902
20250517133203 301 767
20250517134145 301 895
20250517140039 301 903
20250517140231 302 955
20250517140316 301 908
20250517141546 200 179
20250517142232 301 773
20250517150953 302 1451
20250517150957 301 898
20250517151610 301 778
20250517152946 301 777
20250517153005 301 771
20250517153236 301 903
20250517165902 301 778
20250517171215 301 761
20250517173215 301 891
20250517173829 301 776
20250517175325 301 771
20250517175556 301 776
20250517180804 301 913
20250517180913 301 778
20250517181805 301 904
20250517183603 301 904
20250517185706 301 784
20250517185723 301 889
20250517190840 301 903
20250517191540 301 899
20250517192654 302 1158
20250517193500 301 901
20250517194006 301 901
20250517194712 301 904
20250517201917 301 784
20250517202956 301 779
20250517205609 301 905
20250517210441 301 898
20250517210507 301 905
20250517213703 301 894
20250517213745 301 895
20250517215635 301 906
20250517222455 301 777
20250517224400 301 765
20250517233808 301 908
20250518001811 301 896
20250518002306 301 892
20250518003804 301 764
20250518005800 301 760
20250518011718 301 772
20250518012156 302 981
20250518014415 301 779
20250518015920 301 777
20250518021751 301 899
20250518025216 301 898
20250518030555 301 900
20250518030841 301 913
20250518035034 301 774
20250518044210 301 901
20250518050226 301 770
20250518051508 301 893
20250518053320 301 901
20250518054411 301 763
20250518055615 301 885
20250518060158 301 897
20250518060357 301 902
20250518060535 301 893
20250518060811 301 901
20250518062043 301 899
20250518064002 301 894
20250518071617 301 902
20250518081427 301 903
20250518081442 301 768
20250518081855 301 896
20250518083505 301 768
20250518084627 301 905
20250518084712 301 901
20250518092028 301 771
20250518092552 301 765
20250518092655 301 773
20250518092827 301 762
20250518095342 301 769
20250518095803 301 771
20250518100422 301 776
20250518100808 301 774
20250518105436 301 760
20250518113318 301 770
20250518114600 301 776
20250518115546 301 782
20250518122135 301 753
20250518122812 301 771
20250518130813 301 772
20250518132040 301 765
20250518132326 301 777
20250518132933 301 770
20250518141615 301 762
20250518143827 301 768
20250518144858 301 772
20250518144916 301 767
20250518145253 301 767
20250518152006 301 770
20250518152726 301 777
20250518155027 301 894
20250518160346 301 765
20250518161341 301 768
20250518161611 301 779
20250518162249 301 760
20250518164542 301 754
20250518165825 301 776
20250518172059 301 774
20250518174307 301 772
20250518182255 301 775
20250518182541 301 771
20250518183819 301 757
20250518184006 301 890
20250518185914 301 780
20250518191205 301 753
20250518192556 301 764
20250518193632 301 770
20250518194855 301 900
20250518201701 301 769
20250518201838 301 777
20250518203029 301 765
20250518203254 301 771
20250518204113 302 713
20250518204440 301 906
20250518204546 301 902
20250518210909 301 773
20250518211331 301 760
20250518212654 301 760
20250518213459 301 771
20250518220857 301 770
20250518225559 301 767
20250518230218 301 773
20250518232617 301 773
20250518233430 301 771
20250518234307 301 771
20250518234529 301 775
20250518235416 301 771
20250518235541 301 780
20250519001035 301 774
20250519001726 301 777
20250519002043 301 762
20250519004010 301 778
20250519004411 301 776
20250519005527 301 766
20250519010427 301 768
20250519010502 301 773
20250519011743 301 904
20250519014707 301 780
20250519014719 301 772
20250519020322 301 770
20250519020823 301 774
20250519021700 301 768
20250519022244 301 905
20250519033419 301 770
20250519033715 301 765
20250519035035 301 777
20250519040723 301 900
20250519040845 301 909
20250519041414 302 962
20250519044757 301 761
20250519045049 301 908
20250519045117 301 776
20250519052156 302 952
20250519054315 301 894
20250519060637 301 770
20250519060753 301 901
20250519061023 301 900
20250519063030 301 767
20250519063752 301 773
20250519064448 301 778
20250519070547 301 774
20250519071318 301 768
20250519071457 301 773
20250519074431 301 774
20250519074527 301 765
20250519074659 301 902
20250519080627 301 774
20250519081637 301 901
20250519083937 301 779
20250519085642 301 905
20250519090018 301 906
20250519092436 301 764
20250519092844 301 763
20250519102551 301 776
20250519102803 301 777
20250519103043 301 770
20250519110441 301 773
20250519110741 301 891
20250519113400 301 764
20250519115748 301 899
20250519120337 301 769
20250519121013 301 774
20250519122826 301 772
20250519123210 301 902
20250519123658 301 768
20250519124123 301 766
20250519132113 301 777
20250519133411 301 896
20250519134409 301 910
20250519135503 301 903
20250519141155 301 768
20250519143830 301 769
20250519144713 301 899
20250519150040 301 912
20250519150939 301 912
20250519151902 301 904
20250519153043 301 901
20250519155434 301 896
20250519155552 302 701
20250519155816 301 773
20250519160426 301 901
20250519162915 301 773
20250519163252 301 900
20250519163704 301 904
20250519164303 301 764
20250519165433 302 1008
20250519170429 301 906
20250519170829 301 776
20250519171129 302 968
20250519171622 301 898
20250519172838 301 897
20250519173419 302 965
20250519174158 301 898
20250519174248 301 770
20250519174610 301 778
20250519180628 301 893
20250519181531 301 773
20250519185445 301 780
20250519185826 301 906
20250519185842 301 765
20250519190628 301 763
20250519191039 301 901
20250519192544 301 900
20250519192707 301 911
20250519192822 302 982
20250519193300 301 774
20250519193455 301 903
20250519193918 301 789
20250519194201 301 771
20250519195353 301 772
20250519195939 301 899
20250519201208 301 912
20250519202020 301 807
20250519203128 301 905
20250519204657 301 778
20250519212123 301 893
20250519212613 301 772
20250519213740 301 771
20250519214022 301 905
20250519220133 301 909
20250519221440 301 773
20250519221501 301 760
20250519223042 301 767
20250519224022 301 914
20250519224347 301 772
20250519231139 301 907
20250519231500 301 771
20250519232242 302 950
20250519232321 302 957
20250519232612 301 770
20250519235342 301 894
20250520001504 301 900
20250520001506 301 772
20250520001649 302 718
20250520002515 301 900
20250520005806 301 776
20250520010252 301 902
20250520010524 301 900
20250520011742 301 903
20250520012327 302 950
20250520012444 301 908
20250520012448 301 887
20250520014636 302 951
20250520015110 301 880
20250520015721 301 775
20250520021103 302 954
20250520023450 301 896
20250520030727 301 776
20250520031010 301 764
20250520032610 301 769
20250520033247 301 896
20250520034515 301 772
20250520035951 301 772
20250520040342 301 776
20250520040844 301 890
20250520041616 301 891
20250520042026 302 692
20250520043354 301 772
20250520045421 302 1111
20250520045457 301 893
20250520045627 301 911
20250520045634 301 892
20250520050041 301 906
20250520050114 301 882
20250520051320 301 900
20250520051424 301 890
20250520051540 301 774
20250520054537 301 778
20250520054708 302 968
20250520055041 301 897
20250520055314 301 781
20250520075013 302 985
20250520075428 301 775
20250520080443 301 781
20250520081214 301 896
20250520082209 301 896
20250520083122 302 952
20250520083125 301 907
20250520092008 301 770
20250520093148 302 979
20250520093414 301 908
20250520093819 301 774
20250520094907 301 902
20250520095354 301 905
20250520100726 301 910
20250520101503 301 776
20250520102149 301 763
20250520102448 301 757
20250520103209 301 900
20250520104217 301 771
20250520105342 301 769
20250520105440 301 889
20250520110157 301 769
20250520110927 301 906
20250520112056 301 896
20250520112218 301 889
20250520114248 301 892
20250520115825 301 907
20250520120830 301 901
20250520121220 301 775
20250520123459 301 905
20250520124328 301 899
20250520124433 301 768
20250520130548 301 764
20250520130555 301 904
20250520133745 301 767
20250520133800 301 770
20250520135012 301 901
20250520135019 302 955
20250520135628 301 674
20250520135959 301 907
20250520140337 301 902
20250520140615 301 770
20250520140616 302 707
20250520140847 301 694
20250520141529 301 778
20250520141910 301 886
20250520152107 301 772
20250520153010 301 908
20250520153959 301 768
20250520155155 301 765
20250520160200 301 772
20250520160823 301 905
20250520160855 301 774
20250520161214 301 907
20250520163426 301 898
20250520164111 301 911
20250520164707 301 779
20250520164708 301 880
20250520170937 301 781
20250520171909 301 777
20250520172436 301 891
20250520173044 301 898
20250520173928 302 831
20250520174033 301 914
20250520175202 301 902
20250520180318 301 905
20250520180832 301 902
20250520180942 301 769
20250520181224 301 773
20250520181352 301 778
20250520184752 301 900
20250520192545 301 899
20250520192632 301 771
20250520194251 301 900
20250520200409 301 766
20250520200412 301 673
20250520201831 301 901
20250520201838 301 905
20250520202935 301 771
20250520203132 301 901
20250520203208 301 800
20250520203317 301 782
20250520204008 302 963
20250520204200 301 765
20250520204350 302 947
20250520205654 301 897
20250520210117 301 902
20250520211014 301 775
20250520212824 301 775
20250520214118 301 905
20250520214127 301 898
20250520214743 301 766
20250520215137 302 716
20250520215505 302 963
20250520215538 301 906
20250520221054 302 817
20250520223151 301 780
20250520223847 301 890
20250520224130 301 910
20250520225737 301 898
20250520230725 301 899
20250520231013 301 898
20250520232220 301 901
20250520232447 301 771
20250520232647 301 775
20250520233121 301 772
20250520233951 301 897
20250520235054 302 956
20250520235704 302 961
20250521001550 301 775
20250521001754 301 901
20250521002505 301 899
20250521002829 301 906
20250521002916 301 777
20250521003111 301 907
20250521003118 301 902
20250521003715 301 910
20250521005150 301 776
20250521012140 301 903
20250521012402 301 908
20250521013912 302 964
20250521015222 302 955
20250521015841 301 783
20250521020300 302 722
20250521022557 301 771
20250521023429 301 780
20250521023612 301 906
20250521024034 302 1131
20250521024535 301 762
20250521024644 301 777
20250521030831 301 897
20250521032505 301 910
20250521034537 301 912
20250521040114 301 901
20250521040736 301 906
20250521040809 301 914
20250521041731 301 779
20250521042953 301 897
20250521044512 301 772
20250521044823 301 799
20250521045451 301 905
20250521050935 301 787
20250521052415 301 766
20250521052436 301 908
20250521054450 301 777
20250521055455 301 901
20250521060855 301 781
20250521062433 301 775
20250521063945 301 782
20250521065434 301 899
20250521070942 301 897
20250521072451 301 906
20250521074845 301 903
20250521081947 301 899
20250521101417 301 903
20250521101452 301 773
20250521101944 301 775
20250521102122 301 909
20250521105029 301 779
20250521105446 301 908
20250521111134 301 903
20250521113234 301 778
20250521113805 301 760
20250521114132 301 901
20250521120132 301 907
20250521124403 301 910
20250521124937 301 766
20250521130200 301 773
20250521133902 301 897
20250521135616 301 780
20250521140338 301 896
20250521140527 301 897
20250521140555 301 905
20250521141205 301 765
20250521142411 301 918
20250521142958 301 912
20250521144431 301 769
20250521151114 301 913
20250521151647 301 777
20250521152547 301 906
20250521152928 301 903
20250521155644 301 777
20250521161101 302 717
20250521162554 301 781
20250521165426 302 952
20250521165557 301 767
20250521170654 301 788
20250521171445 301 772
20250521172350 301 785
20250521174759 301 785
20250521174840 301 791
20250521175849 301 774
20250521180351 301 780
20250521184042 301 780
20250521184444 301 785
20250521185411 301 775
20250521190020 301 779
20250521190636 301 777
20250521191252 301 768
20250521191847 301 779
20250521192931 301 918
20250521195148 301 781
20250521201017 302 1240
20250521201832 301 906
20250521202006 301 770
20250521202849 301 907
20250521203944 301 776
20250521204706 301 775
20250521210211 301 765
20250521210444 301 780
20250521210610 301 789
20250521210821 301 776
20250521211447 301 772
20250521213000 301 769
20250521214047 301 780
20250521221200 301 785
20250521222637 301 898
20250521224217 302 719
20250521225659 301 775
20250521230026 301 770
20250521231524 301 769
20250521232354 301 909
20250521233024 301 774
20250521233926 301 780
20250521234013 301 767
20250521235427 301 767
20250522000925 301 783
20250522002421 301 908
20250522002729 301 770
20250522002758 301 776
20250522004151 301 766
20250522005532 301 779
20250522005550 301 767
20250522005852 302 723
20250522010953 301 895
20250522012432 301 766
20250522012533 301 775
20250522012707 301 757
20250522014108 301 771
20250522015448 301 766
20250522015817 301 780
20250522021116 301 770
20250522022046 301 778
20250522022449 301 907
20250522023358 301 779
20250522024234 301 773
20250522025115 301 770
20250522025358 302 718
20250522025444 301 783
20250522031013 301 777
20250522032550 302 715
20250522032907 301 908
20250522033041 301 907
20250522033857 301 903
20250522034839 301 761
20250522034938 301 775
20250522035455 301 895
20250522035827 301 777
20250522040945 301 901
20250522041536 301 786
20250522042527 301 771
20250522042540 301 780
20250522043940 301 766
20250522044058 301 784
20250522045551 301 781
20250522045714 301 904
20250522051045 301 774
20250522052545 301 772
20250522053921 301 778
20250522053951 301 777
20250522054001 301 777
20250522054530 301 786
20250522054709 301 780
20250522055653 301 779
20250522055752 301 898
20250522055825 301 807
20250522060928 301 896
20250522062457 301 771
20250522063908 301 905
20250522063921 301 780
20250522064005 301 770
20250522065037 301 776
20250522065038 301 763
20250522065046 302 946
20250522070748 301 897
20250522071001 301 900
20250522072310 301 770
20250522072425 301 900
20250522073203 302 981
20250522074127 301 777
20250522074900 301 903
20250522075433 301 768
20250522075445 301 778
20250522080516 301 909
20250522080813 301 764
20250522080843 301 782
20250522081330 302 953
20250522081414 301 775
20250522082248 301 779
20250522082502 301 903
20250522083903 301 777
20250522085342 301 769
20250522085455 301 783
20250522085813 301 1160
20250522085813 301 1162
20250522085815 301 1163
20250522090030 301 900
20250522090955 301 770
20250522091323 301 776
20250522092447 301 901
20250522093516 301 770
20250522095709 301 768
20250522100318 301 777
20250522100943 301 780
20250522101308 301 782
20250522102426 301 779
20250522103149 301 914
20250522103756 301 908
20250522103919 301 910
20250522104126 301 765
20250522104318 301 777
20250522105100 301 770
20250522105458 301 782
20250522111604 301 901
20250522112454 301 910
20250522114153 301 894
20250522115015 302 959
20250522115425 301 908
20250522115744 301 904
20250522120031 301 780
20250522120249 301 775
20250522120621 301 778
20250522121117 301 766
20250522121220 301 779
20250522122252 301 776
20250522122437 301 908
20250522122554 301 893
20250522122558 302 950
20250522122741 301 777
20250522122752 301 772
20250522123352 302 716
20250522123805 301 792
20250522123829 301 775
20250522123905 301 763
20250522123943 301 909
20250522125108 301 779
20250522125446 301 763
20250522125456 301 898
20250522130115 301 778
20250522130945 301 763
20250522131237 302 849
20250522131727 301 894
20250522132430 301 894
20250522132807 301 770
20250522132821 301 779
20250522133648 301 899
20250522133856 301 790
20250522133953 301 778
20250522135525 301 774
20250522140454 301 761
20250522140952 301 901
20250522141237 301 913
20250522141720 301 909
20250522142432 301 913
20250522142559 301 778
20250522142917 301 779
20250522142948 301 896
20250522143310 301 777
20250522143939 301 912
20250522144040 301 772
20250522144151 302 961
20250522144640 302 959
20250522145412 301 777
20250522151047 301 912
20250522151245 301 912
20250522151734 301 897
20250522152544 301 775
20250522153139 301 775
20250522154115 301 908
20250522154228 301 893
20250522154831 302 958
20250522154943 301 776
20250522155454 301 906
20250522155549 301 781
20250522160238 301 785
20250522161219 301 778
20250522161225 301 760
20250522162001 302 967
20250522162629 301 773
20250522162634 301 775
20250522163940 301 907
20250522165049 302 964
20250522165216 301 775
20250522165602 301 776
20250522170550 301 773
20250522170936 301 769
20250522171019 301 773
20250522171753 302 961
20250522172124 301 897
20250522172436 301 772
20250522174036 301 776
20250522174348 301 781
20250522174435 301 783
20250522174952 301 899
20250522175139 301 910
20250522175710 301 904
20250522180651 301 912
20250522180720 302 1170
20250522180815 302 949
20250522180946 301 899
20250522181623 301 776
20250522182404 301 907
20250522182503 301 908
20250522182848 301 897
20250522184008 301 908
20250522184025 301 785
20250522184225 301 903
20250522184853 301 908
20250522185026 301 568
20250522185351 301 905
20250522185451 301 892
20250522190357 301 895
20250522191027 301 779
20250522191416 301 898
20250522191428 301 761
20250522192339 301 771
20250522192359 301 772
20250522192930 301 908
20250522193231 301 762
20250522193556 301 906
20250522193937 301 908
20250522195500 301 896
20250522195753 301 904
20250522195956 301 766
20250522200237 301 894
20250522201215 301 907
20250522202813 301 909
20250522203938 301 903
20250522204011 301 907
20250522204406 301 761
20250522204512 302 958
20250522204933 301 905
20250522205441 301 912
20250522210445 301 766
20250522210637 301 781
20250522230022 302 987
20250522230139 301 903
20250522230549 301 904
20250522230825 301 894
20250522230932 301 909
20250522231339 301 907
20250522231654 301 894
20250522231906 301 784
20250522232013 301 777
20250522232322 301 909
20250522232559 301 778
20250522232914 301 784
20250522233612 302 975
20250522233841 301 910
20250522233854 301 969
20250522234322 301 781
20250522234558 301 894
20250522235314 301 781
20250522235424 301 908
20250522235840 301 907
20250523000307 302 946
20250523002848 301 897
20250523004721 302 1354
20250523004724 302 1351
20250523005136 301 948
20250523010616 301 910
20250523015544 301 767
20250523020919 301 776
20250523024404 301 772
20250523025627 301 901
20250523025949 301 910
20250523030045 301 900
20250523030153 301 903
20250523031910 302 942
20250523032054 302 943
20250523032058 301 900
20250523032225 301 888
20250523034352 301 769
20250523035714 301 902
20250523040712 301 980
20250523041719 301 779
20250523042259 301 778
20250523042446 301 897
20250523043708 301 900
20250523051352 301 773
20250523053505 301 897
20250523054735 301 897
20250523054739 301 904
20250523055209 301 899
20250523055719 301 905
20250523055725 301 909
20250523060642 301 774
20250523061249 301 773
20250523063352 301 895
20250523064518 301 904
20250523064756 301 778
20250523065523 301 898
20250523070449 301 969
20250523070500 302 954
20250523070938 301 906
20250523071237 301 759
20250523071904 301 896
20250523072511 301 908
20250523073456 301 901
20250523073614 301 771
20250523073952 301 772
20250523074402 301 785
20250523074409 301 885
20250523074843 301 911
20250523074924 302 956
20250523074951 301 902
20250523075425 301 905
20250523075732 301 901
20250523080928 301 776
20250523082317 301 776
20250523082445 301 764
20250523083424 301 774
20250523083730 302 947
20250523084011 301 898
20250523084424 301 905
20250523084728 301 911
20250523085155 301 774
20250523085517 301 914
20250523085619 301 902
20250523090305 301 904
20250523090344 301 895
20250523090401 301 906
20250523090648 301 783
20250523090751 301 898
20250523090858 301 919
20250523090948 301 907
20250523091022 301 905
20250523091411 301 902
20250523092213 301 902
20250523092354 301 764
20250523092503 301 910
20250523092654 301 887
20250523093456 301 897
20250523093551 301 772
20250523093720 302 1163
20250523094104 301 906
20250523094407 302 956
20250523095206 301 892
20250523095336 301 910
20250523095348 301 779
20250523095458 301 902
20250523095737 301 770
20250523100302 301 903
20250523100959 301 907
20250523101429 302 957
20250523101906 301 896
20250523101920 301 768
20250523102356 301 903
20250523102425 301 890
20250523103544 301 892
20250523103717 301 761
20250523104213 301 773
20250523105026 301 908
20250523105039 301 786
20250523105413 301 899
20250523105627 301 773
20250523105712 301 895
20250523110027 301 780
20250523111030 301 774
20250523111933 301 906
20250523112424 301 780
20250523113449 301 777
20250523113825 301 896
20250523114052 301 898
20250523114158 301 776
20250523114851 301 766
20250523115520 301 902
20250523115621 302 744
20250523142521 301 949
20250523151415 301 913
20250523162719 301 902
20250523163928 302 986
20250523165106 301 895
20250523170220 302 1127
20250523170822 301 774
20250523170955 301 904
20250523173235 301 898
20250523173518 302 1129
20250523173930 301 772
20250523190501 301 913
20250523192256 301 890
20250523200357 301 902
20250523200503 301 761
20250523201551 301 890
20250523203947 302 1125
20250523211508 301 778
20250523211848 301 776
20250523212347 301 901
20250523215352 301 907
20250523215711 301 896
20250523220026 301 906
20250523220220 301 891
20250523220723 301 765
20250523221930 301 909
20250523222602 301 893
20250523223848 301 901
20250523224450 301 777
20250523233141 301 769
20250523233612 301 911
20250523233908 301 778
20250523234129 301 909
20250523234719 301 782
20250523235057 301 901
20250524002245 301 764
20250524003206 301 896
20250524004258 301 903
20250524011136 301 904
20250524013136 301 899
20250524013334 301 903
20250524015909 301 905
20250524021130 301 903
20250524021200 301 910
20250524021510 301 903
20250524022611 301 891
20250524022935 301 903
20250524024224 301 899
20250524024523 301 904
20250524024858 301 904
20250524025235 301 896
20250524030507 301 906
20250524031105 301 900
20250524031925 301 904
20250524032813 301 775
20250524034246 301 770
20250524034859 301 772
20250524034922 302 952
20250524035613 301 906
20250524035838 301 898
20250524040708 301 894
20250524044551 301 914
20250524050554 301 781
20250524051327 301 907
20250524061004 301 901
20250524061610 301 762
20250524062417 301 774
20250524064140 301 908
20250524064317 301 903
20250524065642 301 765
20250524065745 301 903
20250524070137 301 771
20250524070852 301 772
20250524071759 301 914
20250524071858 301 907
20250524072002 301 907
20250524080439 301 902
20250524082130 301 780
20250524082952 301 905
20250524083653 301 767
20250524083729 301 897
20250524084612 301 895
20250524085014 301 902
20250524085014 301 903
20250524085419 301 779
20250524091459 301 910
20250524093129 301 900
20250524094654 301 777
20250524094736 301 890
20250524103608 301 909
20250524111012 301 902
20250524113318 301 764
20250524114126 301 758
20250524121310 301 780
20250524121958 301 759
20250524124459 301 774
20250524125241 301 763
20250524130831 301 891
20250524131522 301 778
20250524132904 301 769
20250524134156 301 902
20250524134701 301 769
20250524135336 301 895
20250524135652 301 889
20250524141309 301 902
20250524142828 301 904
20250524143218 301 773
20250524143251 301 907
20250524145620 301 768
20250524145936 301 766
20250524151732 301 902
20250524155057 301 906
20250524161302 301 771
20250524161324 301 769
20250524162020 301 900
20250524164349 301 774
20250524165309 301 775
20250524165529 301 778
20250524165824 301 905
20250524170513 301 767
20250524171832 301 767
20250524171849 301 771
20250524175450 301 909
20250524175909 301 893
20250524180313 302 956
20250524180630 301 900
20250524182103 301 779
20250524182937 301 762
20250524190359 302 938
20250524193346 301 771
20250524195753 301 907
20250524204132 301 902
20250524204809 301 768
20250524205604 301 767
20250524210523 301 897
20250524211122 301 778
20250524215241 301 904
20250524220235 301 772
20250524222847 301 898
20250524224246 301 909
20250524225742 301 899
20250524233823 301 913
20250524234232 301 905
20250524234312 301 770
20250525072410 302 1233
20250525074455 301 771
20250525074546 301 772
20250525074610 301 907
20250525080132 301 779
20250525080717 301 766
20250525080946 301 889
20250525081217 301 773
20250525082026 301 905
20250525082356 302 957
20250525082717 301 776
20250525082725 301 906
20250525082850 301 908
20250525083024 301 774
20250525083726 301 906
20250525084025 301 771
20250525084137 301 913
20250525085115 301 774
20250525092449 301 906
20250525093556 301 773
20250525093914 301 764
20250525112842 301 776
20250525122027 301 775
20250525125753 301 908
20250525132527 301 781
20250525133622 301 912
20250525140111 301 777
20250525141806 301 773
20250525144659 301 777
20250525145134 301 762
20250525151012 301 776
20250525151054 301 765
20250525153026 301 758
20250525154355 301 770
20250525155426 301 909
20250525155540 301 777
20250525160101 301 907
20250525161309 302 947
20250525161555 302 937
20250525161635 301 777
20250525162456 301 777
20250525163309 301 781
20250525164037 301 771
20250525164716 301 911
20250525164720 301 908
20250525165050 301 914
20250525165636 301 764
20250525165717 301 773
20250525170024 301 767
20250525170045 301 913
20250525170626 301 770
20250525171258 301 775
20250525171836 301 764
20250525172038 301 902
20250525173453 301 903
20250525173752 301 883
20250525174053 301 907
20250525174418 301 905
20250525175905 301 898
20250525180349 301 905
20250525183630 301 901
20250525183757 301 906
20250525185215 301 908
20250525185225 301 908
20250525185253 301 778
20250525185701 301 760
20250525185811 301 778
20250525190446 301 767
20250525191129 301 774
20250525191439 301 891
20250525191733 301 890
20250525192347 301 896
20250525192722 301 774
20250525192823 301 779
20250525192907 301 751
20250525194640 301 778
20250525194647 301 769
20250525195540 301 907
20250525195819 301 902
20250525200104 301 914
20250525201009 301 782
20250525202620 301 897
20250525204506 301 903
20250525204555 301 896
20250525210104 301 904
20250525211748 301 906
20250525211955 301 894
20250525213020 301 764
20250525213129 301 779
20250525213513 301 770
20250525221701 301 776
20250525221854 301 902
20250525222548 301 906
20250525224348 301 908
20250525232938 301 898
20250525233817 301 896
20250525235941 301 913
20250526000925 301 901
20250526001336 301 914
20250526001443 301 915
20250526001617 301 895
20250526001941 301 774
20250526002826 301 895
20250526004056 301 777
20250526004702 301 778
20250526005350 301 763
20250526010403 301 762
20250526010858 301 899
20250526010859 302 716
20250526022914 301 906
20250526023505 301 901
20250526023558 301 778
20250526024405 301 898
20250526024831 301 906
20250526024955 301 910
20250526025646 301 782
20250526031215 301 780
20250526032733 301 778
20250526034833 301 897
20250526035952 302 698
20250526040137 301 904
20250526040957 301 901
20250526042051 302 1118
20250526042905 301 760
20250526045648 301 895
20250526045935 301 894
20250526050025 301 912
20250526050042 301 775
20250526051110 301 904
20250526051145 301 774
20250526052128 301 760
20250526052649 301 782
20250526054021 301 904
20250526054539 301 766
20250526054948 301 769
20250526055341 301 906
20250526061610 301 910
20250526062012 301 901
20250526063119 301 902
20250526064742 301 769
20250526065758 301 910
20250526065815 301 774
20250526070557 301 779
20250526071608 301 904
20250526080051 301 775
20250526080928 301 899
20250526083533 301 899
20250526083555 301 768
20250526084118 301 902
20250526084227 301 775
20250526084923 301 894
20250526085600 301 901
20250526085906 301 909
20250526090054 301 902
20250526092348 301 770
20250526105242 301 897
20250526105738 301 907
20250526110435 301 902
20250526111020 301 906
20250526111026 301 775
20250526111030 301 908
20250526111716 302 1184
20250526111735 301 772
20250526112537 301 903
20250526113749 301 897
20250526114059 301 769
20250526114410 302 727
20250526114707 301 908
20250526115626 301 903
20250526120520 301 902
20250526121222 301 765
20250526121517 301 910
20250526122902 301 776
20250526123236 301 775
20250526123551 301 776
20250526125339 301 900
20250526130930 301 894
20250526131700 301 903
20250526132353 301 904
20250526132906 301 780
20250526133501 301 905
20250526152259 301 774
20250526152409 301 902
20250526153731 301 913
20250526160633 301 915
20250526160639 301 897
20250526161927 301 901
20250526163220 301 761
20250526164524 301 904
20250526170616 302 945
20250526170956 301 911
20250526172544 301 769
20250526173552 301 906
20250526173706 301 908
20250526174012 301 906
20250526174244 301 905
20250526174659 301 772
20250526174759 301 911
20250526180244 302 939
20250526182757 302 723
20250526184731 302 726
20250526185004 301 775
20250526190543 301 780
20250526190802 301 900
20250526191836 301 906
20250526194450 301 895
20250526195843 301 772
20250526200747 302 769
20250526202019 301 904
20250526203220 301 901
20250526203355 301 907
20250526204706 301 900
20250526211244 301 910
20250526211252 301 773
20250526212010 301 890
20250526214553 301 906
20250526214749 301 914
20250526215102 301 911
20250526215235 301 897
20250526220207 301 902
20250526220406 301 910
20250526220933 301 777
20250526221547 301 907
20250526223412 301 779
20250526224008 301 900
20250526224719 301 915
20250526225849 301 906
20250526230049 301 775
20250526231743 302 721
20250526231952 301 779
20250526235138 301 890
20250526235239 301 906
20250526235631 301 775
20250527000617 301 773
20250527001114 302 955
20250527003216 301 770
20250527004924 301 893
20250527005307 302 725
20250527012822 301 908
20250527014004 301 899
20250527014915 301 900
20250527020733 301 766
20250527022410 302 1116
20250527022544 301 901
20250527023244 301 776
20250527025256 302 768
20250527032542 301 900
20250527032940 302 952
20250527034123 301 765
20250527035527 301 902
20250527035751 301 905
20250527035848 301 906
20250527041133 301 908
20250527041950 302 1214
20250527042243 302 760
20250527043134 301 768
20250527044031 301 761
20250527045042 301 897
20250527045048 302 944
20250527045432 301 773
20250527045728 301 898
20250527045754 302 1163
20250527050240 302 937
20250527050512 301 779
20250527050626 301 903
20250527050730 301 901
20250527050830 301 905
20250527050939 301 899
20250527051023 301 902
20250527051652 302 1129
20250527051739 301 901
20250527052511 301 898
20250527053245 301 905
20250527053952 301 895
20250527054012 301 770
20250527054910 302 940
20250527055430 301 901
20250527055602 301 899
20250527055732 301 896
20250527055812 301 766
20250527060249 302 963
20250527061012 301 767
20250527061052 301 898
20250527062249 301 902
20250527062441 301 895
20250527064106 301 906
20250527064538 301 770
20250527065110 301 890
20250527065550 301 889
20250527065746 301 750
20250527070256 301 889
20250527070929 301 767
20250527072540 301 892
20250527073207 301 901
20250527073754 301 768
20250527074118 301 912
20250527074953 301 906
20250527075032 301 901
20250527075108 301 892
20250527075442 301 898
20250527075502 301 905
20250527075527 301 776
20250527080750 301 901
20250527080953 301 899
20250527081037 301 899
20250527081123 301 900
20250527081225 301 761
20250527081639 301 773
20250527081831 301 760
20250527082420 301 777
20250527082833 301 888
20250527082933 301 904
20250527083128 301 759
20250527083213 301 901
20250527083641 301 790
20250527084043 301 772
20250527084148 301 902
20250527084551 301 760
20250527084902 302 961
20250527084952 301 907
20250527085257 301 766
20250527085320 302 946
20250527085359 302 947
20250527085520 301 903
20250527090704 301 901
20250527090904 301 901
20250527091029 302 979
20250527091042 301 893
20250527091255 301 911
20250527091322 301 903
20250527092140 301 772
20250527092804 301 904
20250527093035 301 900
20250527093432 301 778
20250527093955 301 889
20250527094249 301 907
20250527095424 301 775
20250527101125 301 904
20250527102500 301 899
20250527103752 301 762
20250527104049 301 895
20250527105438 301 894
20250527105504 301 764
20250527105557 302 951
20250527110943 301 768
20250527112604 301 899
20250527113947 301 764
20250527115437 301 761
20250527120951 301 891
20250527121020 301 897
20250527122138 302 952
20250527122423 301 885
20250527123457 301 762
20250527123830 301 900
20250527124011 301 903
20250527125509 301 760
20250527131012 301 908
20250527132424 302 708
20250527132702 301 773
20250527134004 301 891
20250527135435 301 906
20250527141124 301 901
20250527142422 301 889
20250527143946 301 896
20250527145429 301 774
20250527151054 301 764
20250527152602 301 903
20250527154047 301 753
20250527155424 301 771
20250527161207 301 770
20250527162445 301 883
20250527163957 301 772
20250527165441 301 767
20250527170651 301 901
20250527170929 301 771
20250527173214 301 905
20250527173930 301 892
20250527175421 301 772
20250527181012 301 898
20250527182629 301 895
20250527182907 301 903
20250527183943 301 891
20250527184618 302 712
20250527185430 301 899
20250527190924 301 762
20250527192429 301 906
20250527193918 301 898
20250527195446 301 904
20250527200920 301 892
20250527202452 301 770
20250527203917 301 898
20250527205431 301 902
20250527210944 301 912
20250527212440 301 907
20250527213145 302 766
20250527213650 302 712
20250527213952 301 902
20250527215523 301 883
20250527220942 301 897
20250527222215 301 771
20250527222444 301 897
20250527223950 301 895
20250527224158 302 714
20250527224204 302 723
20250527225435 301 894
20250527230157 301 897
20250527231118 301 886
20250527232523 301 900
20250527233940 301 903
20250527235522 301 904
20250527235846 302 1356
20250527235849 302 1362
20250528002559 301 903
20250528002729 301 898
20250528010452 301 907
20250528010743 301 905
20250528010955 301 903
20250528012125 301 900
20250528012449 301 905
20250528013946 301 902
20250528015456 301 908
20250528020951 301 911
20250528021643 302 721
20250528022309 302 948
20250528022500 301 905
20250528024109 301 773
20250528025420 301 779
20250528030952 301 911
20250528032455 301 907
20250528034005 301 904
20250528034606 301 783
20250528035457 301 913
20250528041004 301 911
20250528042432 301 765
20250528044020 301 767
20250528045342 301 913
20250528045435 301 905
20250528050930 301 898
20250528052351 301 906
20250528052511 301 904
20250528053958 301 899
20250528054236 302 714
20250528055501 - 1021
20250528055630 301 907
20250528060948 301 910
20250528062251 301 771
20250528062515 301 902
20250528064307 301 907
20250528065458 301 903
20250528070954 301 904
20250528072435 301 901
20250528072901 302 725
20250528074009 301 902
20250528075456 301 910
20250528081023 301 898
20250528082537 301 908
20250528084003 301 899
20250528085809 302 963
20250528085848 301 910
20250528091047 301 901
20250528091847 302 726
20250528092511 301 777
20250528094316 301 899
20250528094810 302 722
20250528095709 301 911
20250528101503 301 900
20250528102245 301 1165
20250528102246 301 1161
20250528102248 301 1160
20250528102531 301 909
20250528104122 301 781
20250528105456 301 906
20250528111107 301 908
20250528112437 301 905
20250528112858 301 910
20250528114009 301 773
20250528115500 301 898
20250528121052 301 699
20250528122425 301 901
20250528124033 301 768
20250528125540 301 778
20250528131134 301 906
20250528132542 301 896
20250528134129 301 907
20250528135553 301 911
20250528141108 301 918
20250528142513 301 915
20250528143934 301 907
20250528145449 301 909
20250528151037 301 902
20250528152441 301 911
20250528153943 301 905
20250528155439 301 909
20250528160949 301 914
20250528162511 301 905
20250528163940 301 898
20250528165528 301 914
20250528171028 301 780
20250528172447 301 758
20250528174043 301 912
20250528174510 302 952
20250528175638 301 906
20250528180456 301 904
20250528181028 301 785
20250528181207 302 717
20250528181955 302 734
20250528182549 301 776
20250528183435 302 714
20250528183941 301 902
20250528185510 301 897
20250528190555 302 1077
20250528191011 301 902
20250528192022 302 970
20250528192427 301 907
20250528193935 301 775
20250528195424 301 909
20250528201104 301 768
20250528202543 301 774
20250528202544 302 730
20250528204037 301 903
20250528204421 302 716
20250528205352 301 773
20250528210944 301 910
20250528211408 302 1357
20250528211409 302 1360
20250528211411 302 1358
20250528212441 301 897
20250528213958 301 905
20250528215608 301 911
20250528220932 301 907
20250528222425 301 780
20250528223926 301 908
20250528225512 301 898
20250528231010 301 909
20250528232536 301 905
20250528234019 301 908
20250528235423 301 907
20250529000459 302 719
20250529001056 301 894
20250529001103 301 912
20250529002705 301 903
20250529003941 301 898
20250529005433 301 912
20250529011105 301 903
20250529012444 301 770
20250529013943 301 903
20250529015132 302 713
20250529015509 301 904
20250529015814 301 900
20250529020938 301 906
20250529021419 302 943
20250529021445 302 775
20250529021535 302 956
20250529022435 301 905
20250529023428 301 763
20250529023645 302 975
20250529023927 301 898
20250529025815 301 902
20250529030930 301 908
20250529032422 301 902
20250529033950 301 687
20250529035447 301 893
20250529040049 301 1160
20250529040052 301 1166
20250529041012 301 909
20250529042443 301 905
20250529043820 301 902
20250529044016 301 914
20250529045418 301 894
20250529050930 301 905
20250529052429 301 767
20250529053837 302 961
20250529053953 301 907
20250529055450 301 899
20250529061000 301 903
20250529062145 302 1423
20250529062150 301 1146
20250529064420 301 906
20250529065158 301 902
20250529065628 301 758
20250529070952 301 906
20250529071002 301 821
20250529072429 301 902
20250529074126 301 904
20250529075458 301 824
20250529081815 302 732
20250529082456 301 908
20250529084007 301 764
20250529085510 301 908
20250529090948 301 902
20250529122950 301 899
20250529140732 301 914
20250529152005 301 898
20250529154833 301 891
20250529164739 301 893
20250529175112 301 901
20250529180137 301 898
20250529180316 301 902
20250529181310 301 908
20250529190237 301 909
20250529191839 301 900
20250529193401 301 899
20250529200821 301 777
20250529202235 301 902
20250529203426 301 900
20250529204157 301 907
20250529204203 301 905
20250529210107 301 911
20250529210259 301 909
20250529211739 301 911
20250529211801 301 765
20250529213134 301 898
20250529220844 301 764
20250529222532 301 910
20250529223739 301 896
20250529224151 301 919
20250529224246 301 913
20250529231539 301 904
20250529234810 301 902
20250530000529 301 895
20250530000932 301 908
20250530004032 301 897
20250530005314 301 775
20250530005613 301 900
20250530010006 301 906
20250530012950 301 904
20250530015217 301 912
20250530020137 301 900
20250530021501 301 906
20250530023521 301 897
20250530024544 301 898
20250530025255 301 779
20250530025719 301 768
20250530030744 301 906
20250530032906 301 904
20250530033527 301 896
20250530033822 301 890
20250530034220 301 898
20250530041001 301 886
20250530044610 301 769
20250530044656 301 893
20250530051019 301 901
20250530052657 301 907
20250530052931 301 775
20250530053932 301 909
20250530060655 301 900
20250530060658 301 773
20250530064135 301 904
20250530064856 301 894
20250530065854 301 897
20250530070137 301 760
20250530070707 301 763
20250530071632 301 900
20250530073716 301 897
20250530081010 301 760
20250530083118 301 901
20250530083904 301 894
20250530084235 301 895
20250530090858 301 907
20250530090915 301 774
20250530092629 302 730
20250530094920 301 907
20250530095100 301 905
20250530095103 302 765
20250530095139 301 905
20250530095553 301 894
20250530100330 301 909
20250530100550 301 900
20250530104141 301 771
20250530104913 301 779
20250530105149 302 959
20250530105335 301 901
20250530105604 301 911
20250530112043 301 898
20250530113954 301 907
20250530115053 301 908
20250530121230 302 702
20250530121444 301 891
20250530123639 301 891
20250530125643 301 768
20250530131419 301 882
20250530132855 301 693
20250530132901 301 902
20250530133927 301 897
20250530135053 301 899
20250530135422 301 767
20250530135640 301 906
20250530135924 301 912
20250530140321 301 899
20250530141514 301 901
20250530142406 301 893
20250530143339 301 904
20250530143708 301 773
20250530144423 301 905
20250530144505 301 903
20250530144634 301 903
20250530150043 301 779
20250530150216 301 905
20250530150300 301 901
20250530152332 301 896
20250530154452 301 755
20250530161008 - 975
20250530161459 301 906
20250530162132 301 892
20250530162402 302 954
20250530164420 301 907
20250530171324 301 889
20250530172229 301 895
20250530172625 301 891
20250530173424 301 900
20250530174522 301 771
20250530175427 301 897
20250530175929 301 904
20250530181546 301 768
20250530184333 301 906
20250530184756 302 1436
20250530185624 301 908
20250530185744 302 711
20250530191945 301 777
20250530192158 301 1161
20250530192201 301 1165
20250530192457 301 910
20250530192735 301 910
20250530194705 301 889
20250530195537 301 901
20250530195709 301 904
20250530200230 301 899
20250530200919 301 775
20250530201217 302 1421
20250530201220 301 1142
20250530203301 301 768
20250530203444 301 908
20250530203826 301 898
20250530204053 302 971
20250530204212 301 909
20250530204614 301 898
20250530205048 301 905
20250530205233 301 897
20250530212415 301 898
20250530213544 301 897
20250530214224 301 777
20250530214241 301 905
20250530215806 301 768
20250530215836 301 902
20250530221354 301 903
20250530222051 301 897
20250530222708 301 771
20250530222731 301 894
20250530223500 301 760
20250530225825 301 906
20250530225851 301 757
20250530230114 301 913
20250530231413 301 901
20250530233130 301 906
20250530233851 301 770
20250530234611 301 904
20250530235009 301 769
20250530235843 301 913
20250531002602 301 772
20250531004116 301 895
20250531004212 301 775
20250531005743 302 964
20250531005809 301 894
20250531005912 301 888
20250531012113 301 779
20250531013640 301 903
20250531015318 301 772
20250531015818 301 783
20250531021449 301 908
20250531022935 301 906
20250531022954 301 619
20250531024258 301 903
20250531025434 301 899
20250531031021 301 766
20250531032440 301 764
20250531034041 301 907
20250531035535 301 893
20250531035742 302 718
20250531041011 301 903
20250531042437 301 897
20250531044017 301 892
20250531045424 301 906
20250531051155 301 781
20250531052506 301 904
20250531054015 301 773
20250531055508 301 902
20250531061023 301 894
20250531062455 301 770
20250531063541 301 903
20250531064135 301 764
20250531065501 301 899
20250531070950 301 903
20250531072439 301 905
20250531073139 301 776
20250531073953 301 895
20250531075020 301 761
20250531075449 301 909
20250531080927 301 776
20250531082548 301 780
20250531085531 301 910
20250531091012 301 890
20250531092429 301 780
20250531094223 301 776
20250531101036 301 779
20250531102446 301 771
20250531104003 301 773
20250531105507 301 778
20250531110935 301 769
20250531112813 301 767
20250531114030 301 774
20250531115431 301 780
20250531120941 301 762
20250531122703 301 776
20250531124026 301 780
20250531125445 301 774
20250531130928 301 779
20250531132521 301 763
20250531134022 301 766
20250531134544 301 1315
20250531134545 301 1307
20250531134548 301 1304
20250531134552 301 1305
20250531134559 301 1309
20250531134608 301 1310
20250531135429 301 776
20250531140920 301 774
20250531142604 301 776
20250531143920 301 776
20250531145623 301 775
20250531151003 301 771
20250531152446 301 781
20250531154051 301 763
20250531155500 301 773
20250531160339 301 780
20250531160943 301 776
20250531162644 301 904
20250531163132 301 779
20250531163644 301 768
20250531163926 301 775
20250531165438 301 770
20250531171050 301 782
20250531172454 301 785
20250531174024 301 780
20250531175051 302 717
20250531175459 301 776
20250531181020 301 767
20250531182725 301 779
20250531184003 301 772
20250531184347 301 777
20250531185648 301 911
20250531190955 301 770
20250531192351 302 715
20250531192428 301 897
20250531193956 301 907
20250531195128 302 1075
20250531195515 301 785
20250531200145 302 705
20250531201041 301 770
20250531202023 302 965
20250531202116 302 964
20250531202329 301 772
20250531202506 301 768
20250531204035 301 773
20250531204254 301 791
20250531205458 301 906
20250531210935 301 758
20250531212448 301 902
20250531214100 301 770
20250531214401 302 1420
20250531214403 301 1140
20250531215443 301 775
20250531221255 301 764
20250531222446 301 780
20250531223921 301 778
20250531225427 301 782
20250531230953 301 770
20250531232443 301 784
20250531233927 301 770
20250531234624 302 721
20250531235432 301 780
20250601000140 302 968
20250601003356 301 776
20250601012015 301 758
20250601012555 301 906
20250601015203 301 907
20250601020016 301 906
20250601020058 301 913
20250601021201 301 781
20250601022420 301 900
20250601023042 301 908
20250601024410 301 772
20250601030114 301 772
20250601030706 301 908
20250601032909 301 887
20250601033853 301 919
20250601034141 301 775
20250601040255 301 911
20250601041238 301 916
20250601042630 301 917
20250601044500 301 768
20250601050531 301 773
20250601050927 301 907
20250601052656 301 917
20250601053554 301 783
20250601054753 301 775
20250601060854 301 758
20250601063248 301 904
20250601064400 301 772
20250601065113 301 782
20250601065630 301 905
20250601070434 301 909
20250601071103 301 918
20250601073042 301 771
20250601073117 301 783
20250601080426 301 911
20250601081213 301 913
20250601081442 301 910
20250601082702 301 899
20250601084052 301 771
20250601085952 301 775
20250601091323 301 907
20250601092840 301 906
20250601094347 301 771
20250601095630 301 907
20250601095705 301 779
20250601101149 301 771
20250601102522 301 768
20250601104417 301 786
20250601110157 301 779
20250601111258 301 907
20250601112146 302 952
20250601112449 301 773
20250601114002 301 764
20250601115929 301 897
20250601121104 301 901
20250601122608 301 911
20250601122850 302 723
20250601123223 301 767
20250601124205 301 902
20250601125507 301 907
20250601131204 301 772
20250601131211 301 772
20250601132649 301 911
20250601134114 301 758
20250601135444 301 898
20250601140238 302 718
20250601141111 301 768
20250601141312 301 770
20250601142441 301 780
20250601144108 301 910
20250601145447 301 768
20250601151024 301 768
20250601152451 301 896
20250601153957 301 906
20250601155452 301 776
20250601161347 301 901
20250601162622 301 773
20250601163959 301 908
20250601165538 301 895
20250601171021 301 909
20250601172449 301 912
20250601173941 301 895
20250601175542 301 760
20250601181024 301 904
20250601182512 301 773
20250601183948 301 893
20250601185604 301 777
20250601191026 301 767
20250601192509 301 896
20250601193936 301 910
20250601194301 302 973
20250601195429 302 721
20250601195609 301 764
20250601201043 301 769
20250601201541 301 781
20250601202445 301 898
20250601203317 302 1330
20250601204018 301 912
20250601204124 302 975
20250601205344 302 723
20250601205503 301 768
20250601210430 301 784
20250601210737 302 966
20250601211202 301 896
20250601211556 302 979
20250601211940 301 784
20250601212545 301 772
20250601213454 301 772
20250601213505 301 774
20250601213524 302 943
20250601214002 301 776
20250601215445 301 900
20250601215510 301 772
20250601220927 301 770
20250601221144 301 899
20250601222657 301 907
20250601223956 301 772
20250601225307 302 723
20250601225439 301 899
20250601231014 301 771
20250601232827 301 914
20250601233424 302 976
20250601233426 302 971
20250601233430 301 788
20250601233431 301 797
20250601233446 301 784
20250601233454 302 979
20250601234103 301 903
20250601235443 301 906
20250601235511 301 773
20250602001159 301 896
20250602002531 302 725
20250602003122 301 563
20250602004050 301 627
20250602013245 302 959
20250602013348 301 917
20250602013535 301 898
20250602014654 301 902
20250602015738 302 956
20250602020411 301 906
20250602021552 301 903
20250602022138 302 963
20250602022647 301 910
20250602024052 301 782
20250602025556 301 912
20250602030729 301 916
20250602030950 301 769
20250602031340 302 955
20250602032520 301 897
20250602033921 302 960
20250602034007 301 896
20250602034729 302 954
20250602035420 301 904
20250602041004 301 758
20250602042432 301 771
20250602043459 302 975
20250602043630 301 902
20250602044038 301 901
20250602045522 301 895
20250602050714 302 971
20250602050931 301 769
20250602051758 301 765
20250602051822 301 777
20250602051829 302 964
20250602051846 302 617
20250602052510 301 908
20250602053950 301 913
20250602055434 301 907
20250602061230 301 905
20250602070538 302 969
20250602073447 301 909
20250602073739 302 973
20250602075426 301 917
20250602075747 301 777
20250602080012 301 781
20250602080320 301 897
20250602081025 302 983
20250602081027 301 907
20250602081248 301 902
20250602081452 301 912
20250602082144 301 910
20250602082335 301 908
20250602082457 301 772
20250602082550 302 978
20250602082910 301 914
20250602084109 301 912
20250602084920 302 963
20250602091554 301 561
20250602091935 302 736
20250602092151 301 899
20250602093151 301 895
20250602094448 301 903
20250602094526 302 974
20250602095859 301 904
20250602100000 302 979
20250602100928 301 905
20250602101310 302 716
20250602102433 301 909
20250602103924 301 911
20250602103939 302 729
20250602104430 302 724
20250602105519 301 775
20250602105648 301 906
20250602110931 301 906
20250602112543 301 773
20250602114102 301 903
20250602115443 301 904
20250602115613 302 720
20250602121212 301 899
20250602122426 301 912
20250602122932 302 728
20250602123932 301 904
20250602125600 301 912
20250602131005 301 902
20250602131159 302 723
20250602131854 301 760
20250602132635 301 900
20250602133941 301 904
20250602135428 301 774
20250602140515 302 966
20250602140522 302 1170
20250602140523 302 926
20250602140527 302 624
20250602140528 302 970
20250602140535 302 961
20250602140600 302 970
20250602141150 301 782
20250602142441 301 913
20250602143942 301 773
20250602145516 301 769
20250602145716 302 1363
20250602145716 302 1369
20250602145719 302 1361
20250602150406 302 823
20250602150927 302 967
20250602150940 302 962
20250602150941 302 619
20250602151000 302 954
20250602151015 302 619
20250602151021 302 966
20250602151054 302 619
20250602151118 302 612
20250602151127 301 777
20250602151131 302 974
20250602151148 301 781
20250602152438 301 901
20250602154037 301 904
20250602155525 301 909
20250602161114 301 767
20250602162939 301 912
20250602164019 301 901
20250602164655 302 724
20250602165451 301 907
20250602171025 301 914
20250602172239 301 773
20250602172440 301 907
20250602172456 301 916
20250602173954 301 900
20250602175507 301 916
20250602175718 302 951
20250602175808 302 960
20250602180958 301 897
20250602182518 302 951
20250602182618 301 778
20250602182752 301 901
20250602183941 301 894
20250602184512 302 718
20250602185426 301 915
20250602191105 301 904
20250602192534 301 902
20250602194031 301 901
20250602195553 301 776
20250602200959 301 778
20250602202743 301 902
20250602204033 301 769
20250602205453 301 901
20250602211109 301 905
20250602212502 301 900
20250602213939 301 915
20250602215439 301 773
20250602220920 301 910
20250602221933 301 773
20250602222520 301 912
20250602224015 301 904
20250602225536 301 911
20250602231024 301 911
20250602232424 301 766
20250602233936 301 902
20250602235510 301 767
20250603001041 301 905
20250603002506 301 895
20250603004012 301 905
20250603005500 301 893
20250603010951 301 894
20250603012435 301 900
20250603014213 301 770
20250603015521 301 900
20250603020936 301 908
20250603022508 301 760
20250603023933 301 903
20250603025552 301 900
20250603031000 301 903
20250603032509 301 908
20250603033921 301 767
20250603034649 301 778
20250603035451 301 904
20250603040955 301 770
20250603042451 301 900
20250603043935 301 905
20250603045350 301 761
20250603051020 301 908
20250603052533 301 895
20250603054014 301 892
20250603055515 301 903
20250603061019 301 887
20250603062500 301 884
20250603064056 301 902
20250603065442 301 898
20250603070921 301 903
20250603072418 301 912
20250603073951 301 909
20250603074022 302 714
20250603075424 301 779
20250603081033 301 892
20250603082425 301 900
20250603084028 301 769
20250603084432 301 902
20250603085620 301 895
20250603091233 301 902
20250603092433 301 907
20250603094121 301 900
20250603095515 301 902
20250603100956 301 894
20250603101546 301 773
20250603102439 301 900
20250603103936 301 771
20250603105534 301 907
20250603110935 301 886
20250603112435 301 892
20250603113858 301 774
20250603115422 301 904
20250603121009 301 892
20250603122422 301 905
20250603123935 301 890
20250603125625 301 894
20250603131005 301 621
20250603132533 301 897
20250603133926 301 903
20250603135027 302 729
20250603135446 301 771
20250603141027 301 779
20250603142322 301 903
20250603142433 301 905
20250603142624 301 768
20250603143932 301 901
20250603145435 301 891
20250603150950 301 893
20250603152507 301 892
20250603153503 301 911
20250603154016 301 906
20250603155428 301 898
20250603160725 301 888
20250603160944 301 904
20250603162525 301 906
20250603164037 301 907
20250603165427 301 772
20250603170704 301 908
20250603170939 301 902
20250603172523 301 902
20250603173930 301 911
20250603175450 301 901
20250603180940 301 903
20250603182426 301 905
20250603183952 301 776
20250603185505 301 752
20250603190640 301 995
20250603191108 301 770
20250603192428 301 907
20250603193956 301 894
20250603195430 301 900
20250603195645 302 762
20250603201034 301 897
20250603202434 301 907
20250603203926 301 895
20250603205511 301 901
20250603210937 301 899
20250603212501 301 913
20250603213923 301 762
20250603215857 301 903
20250603220124 302 953
20250603220222 301 771
20250603220938 301 896
20250603222443 301 914
20250603223935 301 901
20250603225435 301 896
20250603225749 302 729
20250603230223 301 908
20250603230915 301 782
20250603233930 301 909
20250603235011 302 1122
20250603235507 301 916
20250604000936 301 887
20250604001903 302 711
20250604002548 301 758
20250604003933 301 776
20250604003945 302 717
20250604005431 301 908
20250604010921 301 895
20250604012517 301 905
20250604014156 301 896
20250604015548 301 910
20250604021019 301 900
20250604022519 301 906
20250604024034 301 774
20250604025435 301 906
20250604031005 301 898
20250604032642 301 897
20250604034001 301 896
20250604035543 301 914
20250604041015 301 896
20250604041131 302 721
20250604042428 301 905
20250604043946 301 905
20250604045449 301 765
20250604050959 301 902
20250604052442 301 908
20250604053939 301 897
20250604055537 301 897
20250604061036 301 900
20250604062636 301 905
20250604064007 301 891
20250604065517 301 763
20250604071328 301 902
20250604072540 301 898
20250604072956 302 965
20250604074042 301 887
20250604075513 301 757
20250604081029 301 896
20250604082450 301 773
20250604083524 302 723
20250604084001 301 773
20250604084731 302 1367
20250604084732 302 1358
20250604084734 302 1364
20250604085733 301 769
20250604091008 301 903
20250604092519 301 907
20250604094017 301 908
20250604095430 301 913
20250604095540 301 777
20250604100952 301 895
20250604102417 301 762
20250604103946 301 897
20250604105635 301 771
20250604110949 301 779
20250604111451 301 914
20250604112513 301 912
20250604113939 301 776
20250604115320 301 775
20250604120953 301 902
20250604122422 301 907
20250604123958 301 782
20250604130811 301 894
20250604133722 301 773
20250604143012 301 764
20250604144712 301 901
20250604145617 301 902
20250604150123 301 913
20250604150509 301 902
20250604151125 302 727
20250604152754 301 890
20250604152830 301 908
20250604153522 301 909
20250604154000 302 720
20250604154134 302 717
20250604160248 301 909
20250604162033 301 773
20250604163346 302 1238
20250604165412 301 916
20250604165415 301 911
20250604170050 301 899
20250604170137 301 907
20250604170920 301 910
20250604171320 302 762
20250604171427 302 1115
20250604172550 301 766
20250604172752 301 766
20250604173354 302 962
20250604174259 301 773
20250604175540 301 775
20250604181100 301 906
20250604182526 301 773
20250604183951 301 898
20250604185505 301 907
20250604190737 302 1213
20250604190957 301 906
20250604192506 301 902
20250604193942 301 896
20250604195653 301 906
20250604200345 301 895
20250604201027 301 913
20250604202508 301 905
20250604203831 302 773
20250604204019 301 898
20250604205745 301 899
20250604211022 301 901
20250604211304 301 773
20250604211652 302 962
20250604211709 301 765
20250604211804 302 972
20250604212543 301 902
20250604213953 301 903
20250604214255 302 712
20250604215530 301 903
20250604221051 301 903
20250604222107 302 1121
20250604222628 301 912
20250604224029 301 907
20250604225548 301 921
20250604225805 301 915
20250604231052 301 907
20250604232430 301 775
20250604233623 301 911
20250604234131 301 910
20250604235423 301 902
20250605000958 301 901
20250605002444 301 897
20250605003959 301 770
20250605005422 301 910
20250605010950 301 904
20250605012551 301 904
20250605013922 301 782
20250605015438 301 910
20250605020100 301 910
20250605021054 301 911
20250605022602 301 916
20250605023203 302 731
20250605023925 301 897
20250605025524 301 902
20250605030923 301 907
20250605032341 301 911
20250605032517 301 774
20250605034029 301 914
20250605035459 301 914
20250605040928 301 899
20250605042633 301 763
20250605043927 301 899
20250605045456 301 765
20250605051323 301 902
20250605052438 301 901
20250605054058 301 897
20250605055445 301 909
20250605060944 301 905
20250605061342 302 964
20250605062311 301 776
20250605064016 301 904
20250605065444 301 773
20250605070933 301 915
20250605072516 301 771
20250605080143 301 909
20250605080310 301 902
20250605081120 301 765
20250605082746 301 906
20250605083946 301 901
20250605085857 301 898
20250605090930 301 774
20250605092554 301 903
20250605093950 301 907
20250605095504 301 910
20250605101028 301 901
20250605102450 301 913
20250605103938 301 905
20250605105704 301 900
20250605111055 301 894
20250605112428 301 908
20250605113923 301 904
20250605115437 301 780
20250605120944 301 903
20250605122020 301 1160
20250605122022 301 1163
20250605122457 301 904
20250605123943 301 771
20250605125546 301 766
20250605131133 301 911
20250605132455 301 767
20250605134044 301 908
20250605135528 301 899
20250605141010 301 913
20250605142449 301 904
20250605143956 301 909
20250605145521 301 917
20250605151044 301 905
20250605152518 301 906
20250605154051 301 771
20250605154633 302 765
20250605155541 301 772
20250605161042 301 913
20250605162518 301 899
20250605163932 302 731
20250605163940 301 775
20250605165532 301 907
20250605165756 302 716
20250605171018 301 911
20250605172500 301 909
20250605174024 301 908
20250605175425 301 918
20250605181332 301 901
20250605181550 301 687
20250605182437 301 909
20250605183947 301 911
20250605185530 301 914
20250605190958 301 901
20250605192714 301 922
20250605193926 301 911
20250605195506 301 899
20250605195555 301 915
20250605201039 301 898
20250605201742 302 728
20250605202452 301 906
20250605204122 301 905
20250605205517 301 902
20250605210934 301 904
20250605212446 301 899
20250605213203 301 760
20250605213932 301 912
20250605214930 301 776
20250605215552 301 909
20250605221030 301 901
20250605222656 301 896
20250605223938 301 893
20250605225525 301 910
20250605231026 301 894
20250605232555 301 899
20250605233953 301 773
20250605235458 301 893
20250606001138 301 906
20250606002431 301 913
20250606004009 301 905
20250606005441 301 910
20250606010948 301 908
20250606012549 301 903
20250606014029 301 774
20250606015457 301 904
20250606020918 301 893
20250606022652 301 911
20250606023946 301 907
20250606025442 301 768
20250606030918 301 904
20250606032459 301 754
20250606034222 301 767
20250606035448 301 899
20250606040950 301 905
20250606041052 302 1144
20250606042430 301 908
20250606044014 301 896
20250606045519 301 892
20250606051034 301 904
20250606052607 301 910
20250606053931 301 762
20250606055438 301 907
20250606060953 301 892
20250606062434 301 756
20250606064054 301 894
20250606065424 301 776
20250606070931 301 893
20250606072428 301 904
20250606074000 301 912
20250606075531 301 903
20250606081023 301 769
20250606082524 301 557
20250606083712 301 906
20250606083958 301 903
20250606085118 301 764
20250606085443 301 905
20250606090931 301 889
20250606092532 301 766
20250606094026 301 767
20250606095433 301 1134
20250606095447 301 893
20250606101007 301 909
20250606102438 301 905
20250606163833 301 889
20250606163952 301 755
20250606164026 301 904
20250606164232 301 900
20250606164658 301 893
20250606164935 301 894
20250606165217 301 897
20250606165217 301 903
20250606165259 301 780
20250606165358 301 756
20250606165453 301 765
20250606165721 301 768
20250606170042 301 765
20250606170223 301 891
20250606170258 301 762
20250606170456 301 787
20250606170756 301 900
20250606170949 301 774
20250606171043 301 910
20250606171804 301 897
20250606172349 301 782
20250606172515 301 898
20250606172532 301 893
20250606173008 301 761
20250606173010 301 765
20250606173507 301 908
20250606173652 301 886
20250606174032 301 899
20250606175430 301 760
20250606181125 301 775
20250606182510 301 899
20250606184000 301 910
20250606185458 301 900
20250606190917 301 914
20250606192426 301 907
20250606194030 301 776
20250606195502 301 901
20250606195523 301 768
20250606201121 301 779
20250606201234 301 783
20250606201411 302 961
20250606202530 301 899
20250606204130 301 774
20250606205120 302 722
20250606205453 301 892
20250606210220 301 906
20250606210938 301 914
20250606212453 301 894
20250606212721 301 898
20250606213928 301 911
20250606215448 301 775
20250606220945 301 908
20250606222439 301 916
20250606224023 301 914
20250606225450 301 762
20250606230948 301 899
20250606232030 301 894
20250606232459 301 901
20250606233949 301 901
20250606235426 301 905
20250607001002 301 570
20250607002439 301 764
20250607004016 301 908
20250607010010 301 894
20250607011329 301 771
20250607015948 301 774
20250607020128 301 907
20250607020339 301 893
20250607021010 301 771
20250607024625 301 897
20250607024815 301 907
20250607025545 301 907
20250607030022 301 694
20250607030939 301 904
20250607032439 301 899
20250607033929 301 912
20250607035502 301 908
20250607040003 301 768
20250607040948 301 905
20250607041634 301 1164
20250607041637 301 1170
20250607042430 301 904
20250607043702 301 766
20250607043927 301 904
20250607044332 301 894
20250607045211 302 1358
20250607045212 302 1364
20250607045214 302 1363
20250607045441 301 916
20250607050959 301 893
20250607052440 301 783
20250607054037 301 903
20250607054232 301 902
20250607055431 301 898
20250607060957 301 784
20250607062437 301 764
20250607063950 301 771
20250607065431 301 755
20250607071022 301 765
20250607072555 301 908
20250607074011 301 767
20250607075630 301 769
20250607081035 301 780
20250607082604 301 912
20250607084037 301 769
20250607085508 301 912
20250607091004 301 777
20250607092510 301 761
20250607094011 301 778
20250607095604 301 915
20250607101056 301 910
20250607102458 301 897
20250607104021 301 783
20250607105526 301 908
20250607111049 301 906
20250607112453 301 774
20250607113943 301 909
20250607114403 301 975
20250607114730 302 1159
20250607115454 301 905
20250607121025 301 893
20250607122442 301 773
20250607124002 301 898
20250607125454 301 778
20250607130954 301 912
20250607132448 301 777
20250607134016 301 901
20250607142218 301 784
20250607142956 301 903
20250607143955 301 912
20250607151746 301 783
20250607151757 301 917
20250607152048 301 767
20250607155500 301 783
20250607155909 301 781
20250607160302 301 767
20250607162216 301 777
20250607164732 301 916
20250607165852 301 898
20250607170814 301 906
20250607171714 301 912
20250607172050 301 773
20250607172648 301 777
20250607174326 301 900
20250607175538 301 772
20250607180924 301 906
20250607182521 301 776
20250607184112 301 911
20250607185459 301 910
20250607191013 301 904
20250607191427 301 908
20250607192425 301 909
20250607193028 301 902
20250607194038 301 905
20250607195541 301 776
20250607200931 301 906
20250607202632 301 779
20250607204236 301 758
20250607205420 301 900
20250607212521 301 906
20250607214022 301 779
20250607215442 301 775
20250607220853 301 777
20250607222536 301 900
20250607223954 301 776
20250607224449 301 905
20250607225442 301 777
20250607231012 301 772
20250607232444 301 900
20250607234122 301 774
20250607235443 301 896
20250608000952 301 783
20250608002445 301 902
20250608003219 302 776
20250608003926 301 912
20250608004614 301 898
20250608005638 301 759
20250608011005 301 906
20250608012526 301 766
20250608013955 301 768
20250608015435 301 908
20250608020931 301 904
20250608022325 301 766
20250608022438 301 904
20250608023930 301 776
20250608025432 301 904
20250608030926 301 906
20250608032431 301 893
20250608033955 301 765
20250608035426 301 909
20250608040935 301 904
20250608042436 301 912
20250608044004 301 903
20250608045424 301 902
20250608050954 301 896
20250608052053 302 948
20250608052140 302 706
20250608053013 302 966
20250608053119 301 899
20250608055739 301 767
20250608060210 302 694
20250608060234 301 908
20250608172549 301 920
20250608173311 301 911
20250608174824 302 708
20250608175407 301 767
20250608180409 301 897
20250608182224 302 718
20250608182330 302 965
20250608183819 301 915
20250608184952 301 903
20250608185525 301 898
20250608191121 301 908
20250608192737 302 968
20250608193144 301 904
20250608194604 302 762
20250608195851 301 909
20250608200512 302 726
20250608200623 301 906
20250608201001 302 701
20250608202120 301 765
20250608202844 301 910
20250608204124 301 897
20250608210448 301 770
20250608210627 301 912
20250608211324 302 731
20250608213000 301 892
20250608213758 301 766
20250608214214 301 900
20250608220325 301 885
20250608221731 301 771
20250608222757 301 767
20250608224002 301 778
20250608225852 301 912
20250608225940 301 779
20250608231410 301 890
20250608232640 301 898
20250608234214 301 763
20250608235605 301 902
20250609001021 301 894
20250609002519 301 898
20250609002746 302 1160
20250609004007 301 907
20250609005705 301 760
20250609011001 301 768
20250609012511 301 908
20250609013001 301 905
20250609013928 301 909
20250609015439 301 775
20250609020939 301 779
20250609022535 301 898
20250609024025 301 903
20250609025459 301 776
20250609030357 301 902
20250609030502 301 912
20250609031055 301 908
20250609032616 301 762
20250609033955 301 912
20250609035427 301 903
20250609040946 301 781
20250609042514 301 781
20250609043957 301 757
20250609045508 301 781
20250609051113 301 903
20250609052318 301 675
20250609053919 301 782
20250609054755 301 904
20250609055515 301 911
20250609061028 301 909
20250609062523 301 756
20250609064017 301 897
20250609065448 301 909
20250609071024 301 905
20250609072642 301 891
20250609074059 301 904
20250609075057 302 985
20250609075433 301 914
20250609081012 301 756
20250609082522 301 910
20250609084525 301 899
20250609085423 301 909
20250609091316 301 776
20250609092446 301 773
20250609094018 301 901
20250609095558 301 902
20250609101051 301 908
20250609102759 301 905
20250609104015 301 905
20250609105436 301 910
20250609111013 301 893
20250609112434 301 904
20250609113017 301 761
20250609114009 301 895
20250609114336 302 719
20250609115447 301 914
20250609120549 302 963
20250609121623 302 708
20250609123449 302 702
20250609125810 301 912
20250609131406 302 971
20250609131725 301 565
20250609133212 301 911
20250609134132 301 780
20250609134512 301 913
20250609135740 301 898
20250609135857 302 721
20250609141655 301 897
20250609142915 301 763
20250609143647 301 760
20250609145158 301 764
20250609145416 301 767
20250609145516 302 721
20250609145835 301 769
20250609151126 301 900
20250609152511 301 780
20250609153958 301 765
20250609155745 301 897
20250609160940 301 889
20250609162532 301 775
20250609163249 301 904
20250609164015 301 898
20250609165534 301 899
20250609170858 301 776
20250609170936 301 913
20250609172540 301 898
20250609174105 301 774
20250609175452 301 914
20250609180026 301 789
20250609180535 302 966
20250609181004 301 909
20250609182046 302 944
20250609182228 301 914
20250609182435 301 771
20250609183933 301 910
20250609185552 301 763
20250609191002 301 909
20250609192443 301 899
20250609193934 301 900
20250609195543 301 896
20250609200124 301 778
20250609200920 301 914
20250609201723 302 719
20250609202516 301 906
20250609204001 301 918
20250609204354 302 728
20250609205152 302 973
20250609205449 301 917
20250609211005 301 894
20250609211300 302 715
20250609212530 301 900
20250609213941 301 779
20250609215217 302 727
20250609215448 301 903
20250609220959 301 763
20250609221213 302 978
20250609222449 301 903
20250609224030 301 910
20250609225658 301 754
20250609230444 302 969
20250609230829 302 980
20250609230942 301 905
20250609230950 301 916
20250609232531 301 907
20250609233652 301 895
20250609233828 302 970
20250609234019 301 774
20250609234257 301 911
20250609234519 302 987
20250609235142 301 771
20250609235433 301 893
20250610000930 301 773
20250610002015 302 717
20250610002334 301 909
20250610002435 301 898
20250610003955 301 907
20250610005501 301 781
20250610010937 301 904
20250610012452 301 910
20250610012844 302 964
20250610013419 301 910
20250610014011 301 900
20250610015448 301 906
20250610020052 302 843
20250610020934 301 908
20250610022513 301 910
20250610022539 302 973
20250610023454 301 776
20250610023942 301 912
20250610025524 301 904
20250610031014 301 907
20250610031123 302 1254
20250610032231 302 964
20250610032505 301 909
20250610032957 302 979
20250610033943 301 778
20250610035522 301 901
20250610040945 301 901
20250610042459 301 888
20250610043951 301 904
20250610045136 302 960
20250610045144 302 627
20250610045504 301 903
20250610050939 301 771
20250610052607 301 906
20250610054018 301 900
20250610055515 301 909
20250610060926 301 772
20250610062457 301 900
20250610063719 302 964
20250610063746 301 762
20250610063755 302 623
20250610064008 301 911
20250610065439 301 904
20250610070922 301 909
20250610072426 301 773
20250610073958 301 769
20250610074338 302 978
20250610075436 301 906
20250610080241 301 626
20250610080938 301 895
20250610081723 301 911
20250610082529 301 915
20250610083937 301 775
20250610084016 302 970
20250610085117 302 718
20250610085525 301 775
20250610091135 301 765
20250610092721 301 781
20250610092728 302 714
20250610093833 301 775
20250610094051 301 767
20250610094549 301 768
20250610095234 302 758
20250610095630 302 718
20250610101615 301 782
20250610101945 301 907
20250610102216 301 783
20250610103553 302 716
20250610104824 302 966
20250610105626 302 955
20250610111027 301 900
20250610112816 301 769
20250610113927 301 914
20250610114738 301 910
20250610115115 302 961
20250610120106 301 766
20250610120207 301 905
20250610121345 301 769
20250610121415 302 955
20250610132403 302 710
20250610132548 301 769
20250610132852 302 724
20250610132913 301 777
20250610133039 301 911
20250610134537 301 770
20250610134615 301 773
20250610135007 301 774
20250610135137 302 961
20250610140857 302 719
20250610141112 301 899
20250610142113 301 762
20250610142653 301 900
20250610144209 301 908
20250610150117 301 907
20250610152851 301 789
20250610153500 301 772
20250610153643 301 773
20250610153758 301 908
20250610155929 301 918
20250610160902 302 951
20250610161228 301 773
20250610163135 301 777
20250610163517 301 909
20250610165929 302 731
20250610170406 302 961
20250610170941 301 902
20250610171258 302 697
20250610171615 301 910
20250610172606 301 912
20250610174017 301 904
20250610174130 301 905
20250610175827 301 771
20250610180159 301 778
20250610181318 301 907
20250610183144 301 910
20250610183336 301 895
20250610184334 301 905
20250610185847 301 913
20250610190928 302 721
20250610191241 301 778
20250610191637 301 900
20250610191954 301 898
20250610192220 302 956
20250610193706 302 725
20250610194730 302 731
20250610200009 301 909
20250610201618 301 893
20250610202617 301 902
20250610202906 301 904
20250610203957 301 908
20250610204535 301 876
20250610205647 301 773
20250610211841 301 902
20250610212718 301 909
20250610214210 301 904
20250610215704 301 773
20250610221127 301 912
20250610221747 302 955
20250610221816 302 968
20250610221844 302 963
20250610222433 301 906
20250610222558 301 963
20250610224044 301 906
20250610225555 301 904
20250610230944 301 769
20250610232623 301 911
20250610233935 301 775
20250610235454 301 897
20250611001020 301 899
20250611001041 301 907
20250611002443 301 899
20250611003834 301 777
20250611005728 301 910
20250611011026 301 901
20250611012211 302 717
20250611012420 301 905
20250611014014 301 908
20250611015508 301 905
20250611020201 302 762
20250611021005 302 712
20250611021043 301 898
20250611022424 301 903
20250611024010 301 894
20250611025540 301 909
20250611030947 301 916
20250611032503 301 912
20250611034151 301 899
20250611034154 302 716
20250611035442 301 892
20250611035730 301 902
20250611040928 301 900
20250611042224 302 720
20250611042421 301 917
20250611043642 302 712
20250611043805 302 974
20250611043946 301 903
20250611045503 301 921
20250611051026 301 902
20250611052532 301 757
20250611052705 301 908
20250611052708 302 713
20250611054038 301 911
20250611055553 301 903
20250611061030 301 893
20250611062422 301 906
20250611082036 - 976
20250611165750 301 903
20250611165927 301 914
20250611165940 301 893
20250611170027 301 768
20250611170057 301 910
20250611170147 301 911
20250611170457 301 773
20250611170500 301 905
20250611171045 301 776
20250611171509 301 901
20250611171901 301 905
20250611172621 301 765
20250611172911 301 912
20250611173047 301 913
20250611173312 301 896
20250611173331 301 904
20250611174310 301 906
20250611174343 301 899
20250611174518 301 904
20250611174556 301 905
20250611175744 301 898
20250611175820 301 915
20250611180014 301 904
20250611181008 301 775
20250611182738 301 776
20250611182958 301 920
20250611184645 301 777
20250611190051 301 902
20250611191823 301 908
20250611193051 301 902
20250611194330 301 562
20250611194710 301 902
20250611200226 301 766
20250611201441 301 777
20250611201752 302 710
20250611202500 301 904
20250611204006 301 903
20250611205500 301 901
20250611210947 301 909
20250611212424 301 914
20250611213323 301 908
20250611213836 301 873
20250611213927 301 905
20250611214015 302 725
20250611214332 301 772
20250611215558 301 917
20250611221004 301 913
20250611222509 301 907
20250611223149 301 904
20250611224055 301 916
20250611225357 301 781
20250611225525 301 899
20250611225706 302 718
20250611230651 301 776
20250611231028 301 907
20250611232600 301 904
20250611233926 301 912
20250611234850 302 716
20250611235626 301 915
20250612001006 301 901
20250612002552 301 914
20250612003201 302 944
20250612003932 301 903
20250612005549 301 912
20250612010935 301 768
20250612011424 301 993
20250612011424 302 1659
20250612012538 301 917
20250612014043 301 900
20250612015158 301 894
20250612015624 301 909
20250612021031 301 908
20250612021555 301 905
20250612021914 301 916
20250612022439 301 894
20250612023229 302 726
20250612023254 301 1165
20250612023254 301 1174
20250612023256 301 1174
20250612024019 301 627
20250612025756 301 903
20250612031035 301 910
20250612032653 301 901
20250612033937 301 902
20250612034852 301 914
20250612035544 302 714
20250612035549 301 911
20250612040726 301 918
20250612040946 301 781
20250612041050 301 909
20250612041408 301 772
20250612042455 301 776
20250612042507 301 904
20250612044007 301 914
20250612044433 302 717
20250612045507 301 915
20250612050943 301 766
20250612051124 301 774
20250612052445 301 907
20250612053932 301 914
20250612054034 301 899
20250612055538 301 778
20250612060920 301 785
20250612071640 301 773
20250612081721 301 905
20250612082730 301 904
20250612082851 301 904
20250612091009 301 783
20250612091616 301 912
20250612092148 301 785
20250612092400 301 902
20250612092503 301 900
20250612093246 301 914
20250612093714 301 909
20250612095213 301 689
20250612100125 301 908
20250612101905 301 908
20250612113308 301 909
20250612113427 301 902
20250612114050 301 899
20250612114506 301 780
20250612114605 301 768
20250612123814 301 898
20250612124108 301 908
20250612124235 301 905
20250612131728 301 783
20250612131742 301 901
20250612133610 301 910
20250612140340 301 788
20250612140521 301 922
20250612141325 301 910
20250612141746 301 914
20250612141907 301 917
20250612142009 301 907
20250612142036 301 905
20250612152812 301 912
20250612152919 301 903
20250612160949 301 907
20250612161815 301 773
20250612162826 301 896
20250612163944 301 916
20250612164710 301 907
20250612165249 301 770
20250612165924 301 906
20250612171632 302 962
20250612172546 301 900
20250612173127 301 789
20250612174507 301 909
20250612181733 301 921
20250612183701 301 782
20250612190054 301 910
20250612191215 301 916
20250612193306 301 777
20250612193948 301 771
20250612194019 301 915
20250612194420 301 784
20250612201250 301 899
20250612203249 301 914
20250612203726 301 773
20250612204643 301 900
20250612205320 301 909
20250612211037 301 909
20250612211918 301 909
20250612213300 301 896
20250612213559 301 902
20250612220426 301 780
20250612220614 301 778
20250612222446 301 920
20250612222642 301 904
20250612223007 301 895
20250612223151 301 914
20250612230313 301 769
20250612230541 301 910
20250612231937 301 906
20250612232559 301 910
20250612233003 302 723
20250612233257 301 916
20250613001527 301 917
20250613001755 301 776
20250613003205 301 892
20250613004131 301 903
20250613005401 301 897
20250613010445 301 781
20250613011346 301 900
20250613011920 301 910
20250613012044 301 892
20250613013734 301 775
20250613014640 301 770
20250613020446 302 758
20250613023018 301 893
20250613023837 301 907
20250613025310 301 763
20250613030150 301 907
20250613030737 301 770
20250613031252 301 903
20250613044643 301 899
20250613044728 301 905
20250613044920 301 895
20250613045310 301 902
20250613055143 301 897
20250613055437 301 893
20250613060020 301 904
20250613060104 301 908
20250613060726 301 911
20250613065554 301 914
20250613070015 301 766
20250613072124 301 763
20250613073654 301 779
20250613085439 301 908
20250613085449 301 897
20250613090945 301 907
20250613092247 301 910
20250613092717 301 774
20250613094102 301 895
20250613095545 301 912
20250613101032 301 910
20250613102045 301 910
20250613102456 301 774
20250613104105 301 763
20250613105628 301 774
20250613133839 301 765
20250613141753 301 890
20250613144125 301 908
20250613170652 301 910
20250613175324 301 896
20250613175418 301 913
20250613182157 301 783
20250613182411 301 914
20250613183103 301 769
20250613184142 301 902
20250613185317 301 910
20250613185611 301 912
20250613192021 301 903
20250613194044 301 903
20250613200349 301 915
20250613203836 301 765
20250613212102 301 770
20250613212825 301 899
20250613221622 301 900
20250613225837 301 905
20250613230510 301 897
20250613231108 301 770
20250613232018 301 900
20250614001515 301 774
20250614003240 301 905
20250614014244 301 782
20250614014250 301 773
20250614014617 301 780
20250614021232 301 900
20250614021414 301 904
20250614030316 301 917
20250614030533 301 781
20250614033112 301 913
20250614040747 301 911
20250614041958 301 784
20250614043303 301 908
20250614054505 302 752
20250614055717 301 771
20250614060703 301 911
20250614060941 301 903
20250614061546 301 899
20250614063054 301 895
20250614065006 301 891
20250614065235 301 896
20250614074239 301 899
20250614075115 301 909
20250614075636 301 776
20250614090227 301 978
20250614092052 301 904
20250614100551 301 767
20250614101114 301 909
20250614101858 302 1166
20250614103018 301 777
20250614105319 301 778
20250614110623 301 910
20250614111942 301 785
20250614114655 302 1133
20250614115605 301 902
20250614121021 301 906
20250614124801 301 899
20250614125221 301 906
20250614130116 301 894
20250614131117 301 906
20250614135857 301 899
20250614140847 301 902
20250614142216 301 901
20250614145053 301 903
20250614150855 301 903
20250614151257 301 906
20250614163143 301 771
20250614173623 301 898
20250614174027 301 905
20250614180153 301 779
20250614181924 301 919
20250614183042 301 901
20250614190132 301 783
20250614203535 301 903
20250614205736 301 774
20250614214431 301 911
20250614215840 301 912
20250614221306 301 770
20250614223514 301 909
20250614230202 301 897
20250614231822 301 900
20250614234653 301 912
20250615000113 301 912
20250615001857 301 759
20250615014811 301 906
20250615020655 301 903
20250615021321 301 907
20250615021837 301 766
20250615025144 301 897
20250615031725 301 777
20250615032820 301 774
20250615034930 301 907
20250615040703 301 903
20250615044554 301 895
20250615053218 301 901
