route;date;hour;base;special_mult;weather_mult;rules_mult;prediction;note
1;2025-11-01;0;3.435;0.8;1.015;0.728;2.031;
1;2025-11-01;1;0.0;0.8;1.015;1.0;0.0;
1;2025-11-01;2;0.0;0.8;1.015;1.0;0.0;
1;2025-11-01;3;0.0;0.8;1.015;1.0;0.0;
1;2025-11-01;4;6.895;0.8;1.015;0.943;5.284;
1;2025-11-01;5;139.889;0.8;1.015;0.999;113.457;
1;2025-11-01;6;520.1;0.8;1.015;1.0;422.654;
1;2025-11-01;7;1539.287;0.8;1.015;1.0;1250.729;
1;2025-11-01;8;1874.644;0.8;1.015;1.0;1522.967;
1;2025-11-01;9;1430.058;0.8;1.015;1.0;1161.132;
1;2025-11-01;10;1320.942;0.8;1.015;1.0;1073.176;
1;2025-11-01;11;1411.103;0.8;1.015;1.0;1145.849;
1;2025-11-01;12;1380.433;0.8;1.015;1.0;1121.091;
1;2025-11-01;13;1438.148;0.8;1.015;1.0;1168.089;
1;2025-11-01;14;1363.202;0.8;1.015;1.0;1107.355;
1;2025-11-01;15;1548.104;0.8;1.015;1.0;1257.676;
1;2025-11-01;16;1628.423;0.8;1.015;1.0;1322.62;
1;2025-11-01;17;1788.979;0.8;1.015;1.0;1453.047;
1;2025-11-01;18;1560.172;0.8;1.015;1.0;1267.362;
1;2025-11-01;19;1225.118;0.8;1.015;1.0;994.986;
1;2025-11-01;20;828.949;0.8;1.015;1.0;672.94;
1;2025-11-01;21;506.803;0.8;1.015;1.0;411.445;
1;2025-11-01;22;239.724;0.8;1.015;0.998;194.227;
1;2025-11-01;23;55.683;0.8;1.015;1.013;45.795;
1;2025-11-02;0;0.0;1.0;1.014;1.0;0.0;
1;2025-11-02;1;0.0;1.0;1.014;1.0;0.0;
1;2025-11-02;2;0.0;1.0;1.014;1.0;0.0;
1;2025-11-02;3;0.0;1.0;1.014;1.0;0.0;
1;2025-11-02;4;0.0;1.0;1.014;1.0;0.0;
1;2025-11-02;5;25.294;1.0;1.014;1.016;26.053;
1;2025-11-02;6;130.499;1.0;1.014;0.997;131.958;
1;2025-11-02;7;264.552;1.0;1.014;1.0;268.443;
1;2025-11-02;8;366.822;1.0;1.014;0.999;371.625;
1;2025-11-02;9;608.721;1.0;1.014;0.999;616.95;
1;2025-11-02;10;709.221;1.0;1.014;1.0;718.958;
1;2025-11-02;11;707.846;1.0;1.014;1.001;718.353;
1;2025-11-02;12;845.561;1.0;1.014;1.0;857.165;
1;2025-11-02;13;891.388;1.0;1.014;1.0;903.805;
1;2025-11-02;14;789.679;1.0;1.014;1.0;801.094;
1;2025-11-02;15;715.659;1.0;1.014;0.999;725.272;
1;2025-11-02;16;658.157;1.0;1.014;1.0;667.25;
1;2025-11-02;17;604.302;1.0;1.014;1.001;613.203;
1;2025-11-02;18;550.431;1.0;1.014;0.999;557.678;
1;2025-11-02;19;457.685;1.0;1.014;1.0;464.025;
1;2025-11-02;20;353.843;1.0;1.014;0.999;358.375;
1;2025-11-02;21;270.225;1.0;1.014;1.0;273.984;
1;2025-11-02;22;106.639;1.0;1.014;0.999;108.05;
1;2025-11-02;23;30.977;1.0;1.014;0.994;31.229;
1;2025-11-03;0;0.0;1.0;0.995;1.0;0.0;
1;2025-11-03;1;0.0;1.0;0.995;1.0;0.0;
1;2025-11-03;2;0.0;1.0;0.995;1.0;0.0;
1;2025-11-03;3;0.0;1.0;0.995;1.0;0.0;
1;2025-11-03;4;0.0;1.0;0.995;1.0;0.0;
1;2025-11-03;5;25.294;1.0;0.995;1.016;25.57;
1;2025-11-03;6;130.499;1.0;0.995;0.997;129.513;
1;2025-11-03;7;264.552;1.0;0.995;1.0;263.47;
1;2025-11-03;8;366.822;1.0;0.995;0.999;364.741;
1;2025-11-03;9;608.721;1.0;0.995;0.999;605.52;
1;2025-11-03;10;709.221;1.0;0.995;1.0;705.638;
1;2025-11-03;11;707.846;1.0;0.995;1.001;705.044;
1;2025-11-03;12;845.561;1.0;0.995;1.0;841.285;
1;2025-11-03;13;891.388;1.0;0.995;1.0;887.061;
1;2025-11-03;14;789.679;1.0;0.995;1.0;786.253;
1;2025-11-03;15;715.659;1.0;0.995;0.999;711.836;
1;2025-11-03;16;658.157;1.0;0.995;1.0;654.888;
1;2025-11-03;17;604.302;1.0;0.995;1.001;601.843;
1;2025-11-03;18;550.431;1.0;0.995;0.999;547.346;
1;2025-11-03;19;457.685;1.0;0.995;1.0;455.428;
1;2025-11-03;20;353.843;1.0;0.995;0.999;351.736;
1;2025-11-03;21;270.225;1.0;0.995;1.0;268.908;
1;2025-11-03;22;106.639;1.0;0.995;0.999;106.048;
1;2025-11-03;23;30.977;1.0;0.995;0.994;30.65;
1;2025-11-04;0;0.0;1.0;0.986;1.0;0.0;
1;2025-11-04;1;0.0;1.0;0.986;1.0;0.0;
1;2025-11-04;2;0.0;1.0;0.986;1.0;0.0;
1;2025-11-04;3;0.0;1.0;0.986;1.0;0.0;
1;2025-11-04;4;0.0;1.0;0.986;1.0;0.0;
1;2025-11-04;5;25.294;1.0;0.986;1.016;25.318;
1;2025-11-04;6;130.499;1.0;0.986;0.997;128.238;
1;2025-11-04;7;264.552;1.0;0.986;1.0;260.874;
1;2025-11-04;8;366.822;1.0;0.986;0.999;361.147;
1;2025-11-04;9;608.721;1.0;0.986;0.999;599.555;
1;2025-11-04;10;709.221;1.0;0.986;1.0;698.687;
1;2025-11-04;11;707.846;1.0;0.986;1.001;698.099;
1;2025-11-04;12;845.561;1.0;0.986;1.0;832.997;
1;2025-11-04;13;891.388;1.0;0.986;1.0;878.322;
1;2025-11-04;14;789.679;1.0;0.986;1.0;778.507;
1;2025-11-04;15;715.659;1.0;0.986;0.999;704.823;
1;2025-11-04;16;658.157;1.0;0.986;1.0;648.437;
1;2025-11-04;17;604.302;1.0;0.986;1.001;595.914;
1;2025-11-04;18;550.431;1.0;0.986;0.999;541.954;
1;2025-11-04;19;457.685;1.0;0.986;1.0;450.942;
1;2025-11-04;20;353.843;1.0;0.986;0.999;348.271;
1;2025-11-04;21;270.225;1.0;0.986;1.0;266.259;
1;2025-11-04;22;106.639;1.0;0.986;0.999;105.003;
1;2025-11-04;23;30.977;1.0;0.986;0.994;30.349;
1;2025-11-05;0;4.664;1.0;1.015;0.999;4.731;
1;2025-11-05;1;0.0;1.0;1.015;1.0;0.0;
1;2025-11-05;2;0.0;1.0;1.015;1.0;0.0;
1;2025-11-05;3;0.0;1.0;1.015;1.0;0.0;
1;2025-11-05;4;9.011;1.0;1.015;1.041;9.522;
1;2025-11-05;5;133.195;1.0;1.015;0.996;134.679;
1;2025-11-05;6;549.435;1.0;1.015;1.001;558.169;
1;2025-11-05;7;1543.475;1.0;1.015;1.0;1567.225;
1;2025-11-05;8;1986.54;1.0;1.015;1.0;2017.121;
1;2025-11-05;9;1488.432;1.0;1.015;1.0;1511.041;
1;2025-11-05;10;1347.738;1.0;1.015;1.0;1368.824;
1;2025-11-05;11;1353.396;1.0;1.015;1.0;1374.586;
1;2025-11-05;12;1392.757;1.0;1.015;1.0;1414.279;
1;2025-11-05;13;1435.894;1.0;1.015;1.0;1457.929;
1;2025-11-05;14;1380.327;1.0;1.015;1.0;1401.329;
1;2025-11-05;15;1533.651;1.0;1.015;1.0;1556.948;
1;2025-11-05;16;1555.03;1.0;1.015;1.0;1579.068;
1;2025-11-05;17;1811.915;1.0;1.015;1.0;1839.166;
1;2025-11-05;18;1883.193;1.0;1.015;1.0;1911.712;
1;2025-11-05;19;1425.78;1.0;1.015;1.0;1448.03;
1;2025-11-05;20;922.709;1.0;1.015;1.0;937.035;
1;2025-11-05;21;495.22;1.0;1.015;1.001;503.106;
1;2025-11-05;22;232.011;1.0;1.015;1.001;235.695;
1;2025-11-05;23;47.627;1.0;1.015;0.996;48.143;
1;2025-11-06;0;4.664;1.0;0.999;0.999;4.654;
1;2025-11-06;1;0.0;1.0;0.999;1.0;0.0;
1;2025-11-06;2;0.0;1.0;0.999;1.0;0.0;
1;2025-11-06;3;0.0;1.0;0.999;1.0;0.0;
1;2025-11-06;4;9.011;1.0;0.999;1.041;9.366;
1;2025-11-06;5;133.195;1.0;0.999;0.996;132.475;
1;2025-11-06;6;549.435;1.0;0.999;1.001;549.034;
1;2025-11-06;7;1543.475;1.0;0.999;1.0;1541.578;
1;2025-11-06;8;1986.54;1.0;0.999;1.0;1984.111;
1;2025-11-06;9;1488.432;1.0;0.999;1.0;1486.313;
1;2025-11-06;10;1347.738;1.0;0.999;1.0;1346.424;
1;2025-11-06;11;1353.396;1.0;0.999;1.0;1352.092;
1;2025-11-06;12;1392.757;1.0;0.999;1.0;1391.134;
1;2025-11-06;13;1435.894;1.0;0.999;1.0;1434.07;
1;2025-11-06;14;1380.327;1.0;0.999;1.0;1378.397;
1;2025-11-06;15;1533.651;1.0;0.999;1.0;1531.469;
1;2025-11-06;16;1555.03;1.0;0.999;1.0;1553.227;
1;2025-11-06;17;1811.915;1.0;0.999;1.0;1809.069;
1;2025-11-06;18;1883.193;1.0;0.999;1.0;1880.427;
1;2025-11-06;19;1425.78;1.0;0.999;1.0;1424.334;
1;2025-11-06;20;922.709;1.0;0.999;1.0;921.701;
1;2025-11-06;21;495.22;1.0;0.999;1.001;494.873;
1;2025-11-06;22;232.011;1.0;0.999;1.001;231.838;
1;2025-11-06;23;47.627;1.0;0.999;0.996;47.355;
1;2025-11-07;0;5.342;1.0;1.01;0.873;4.711;
1;2025-11-07;1;0.0;1.0;1.01;1.0;0.0;
1;2025-11-07;2;0.0;1.0;1.01;1.0;0.0;
1;2025-11-07;3;0.0;1.0;1.01;1.0;0.0;
1;2025-11-07;4;6.895;1.0;1.01;1.057;7.357;
1;2025-11-07;5;139.889;1.0;1.01;0.999;141.043;
1;2025-11-07;6;520.1;1.0;1.01;1.0;525.143;
1;2025-11-07;7;1539.287;1.0;1.01;1.0;1553.8;
1;2025-11-07;8;1874.644;1.0;1.01;1.0;1893.008;
1;2025-11-07;9;1430.058;1.0;1.01;1.0;1444.219;
1;2025-11-07;10;1320.942;1.0;1.01;1.0;1333.848;
1;2025-11-07;11;1411.103;1.0;1.01;1.0;1424.455;
1;2025-11-07;12;1380.433;1.0;1.01;1.0;1393.417;
1;2025-11-07;13;1438.148;1.0;1.01;1.0;1452.364;
1;2025-11-07;14;1363.202;1.0;1.01;1.0;1376.602;
1;2025-11-07;15;1548.104;1.0;1.01;1.0;1562.942;
1;2025-11-07;16;1628.423;1.0;1.01;1.0;1643.948;
1;2025-11-07;17;1788.979;1.0;1.01;1.0;1806.845;
1;2025-11-07;18;1560.172;1.0;1.01;1.0;1575.513;
1;2025-11-07;19;1225.118;1.0;1.01;1.0;1236.911;
1;2025-11-07;20;828.949;1.0;1.01;1.0;836.562;
1;2025-11-07;21;506.803;1.0;1.01;1.001;512.021;
1;2025-11-07;22;239.724;1.0;1.01;0.998;241.452;
1;2025-11-07;23;55.683;1.0;1.01;1.013;56.93;
1;2025-11-08;0;5.995;1.0;1.015;0.942;5.736;
1;2025-11-08;1;0.0;1.0;1.015;1.0;0.0;
1;2025-11-08;2;0.0;1.0;1.015;1.0;0.0;
1;2025-11-08;3;0.0;1.0;1.015;1.0;0.0;
1;2025-11-08;4;0.373;1.0;1.015;1.885;0.714;
1;2025-11-08;5;35.092;1.0;1.015;0.995;35.459;
1;2025-11-08;6;175.462;1.0;1.015;1.001;178.288;
1;2025-11-08;7;365.241;1.0;1.015;1.0;370.83;
1;2025-11-08;8;490.939;1.0;1.015;0.999;498.104;
1;2025-11-08;9;778.744;1.0;1.015;1.0;790.987;
1;2025-11-08;10;919.416;1.0;1.015;1.0;933.577;
1;2025-11-08;11;866.46;1.0;1.015;1.0;879.898;
1;2025-11-08;12;1067.896;1.0;1.015;1.0;1083.921;
1;2025-11-08;13;1091.288;1.0;1.015;1.0;1107.87;
1;2025-11-08;14;1026.319;1.0;1.015;1.0;1041.724;
1;2025-11-08;15;888.678;1.0;1.015;1.0;902.348;
1;2025-11-08;16;807.17;1.0;1.015;1.0;819.294;
1;2025-11-08;17;747.037;1.0;1.015;0.999;757.98;
1;2025-11-08;18;673.983;1.0;1.015;1.0;684.144;
1;2025-11-08;19;603.75;1.0;1.015;1.001;613.34;
1;2025-11-08;20;450.069;1.0;1.015;1.0;456.969;
1;2025-11-08;21;322.479;1.0;1.015;1.0;327.237;
1;2025-11-08;22;148.015;1.0;1.015;1.004;150.837;
1;2025-11-08;23;37.093;1.0;1.015;0.99;37.287;
1;2025-11-09;0;0.0;1.0;1.015;1.0;0.0;
1;2025-11-09;1;0.0;1.0;1.015;1.0;0.0;
1;2025-11-09;2;0.0;1.0;1.015;1.0;0.0;
1;2025-11-09;3;0.0;1.0;1.015;1.0;0.0;
1;2025-11-09;4;0.0;1.0;1.015;1.0;0.0;
1;2025-11-09;5;25.294;1.0;1.015;1.016;26.081;
1;2025-11-09;6;130.499;1.0;1.015;0.997;132.103;
1;2025-11-09;7;264.552;1.0;1.015;1.0;268.738;
1;2025-11-09;8;366.822;1.0;1.015;0.999;372.034;
1;2025-11-09;9;608.721;1.0;1.015;0.999;617.629;
1;2025-11-09;10;709.221;1.0;1.015;1.0;719.749;
1;2025-11-09;11;707.846;1.0;1.015;1.001;719.143;
1;2025-11-09;12;845.561;1.0;1.015;1.0;858.108;
1;2025-11-09;13;891.388;1.0;1.015;1.0;904.8;
1;2025-11-09;14;789.679;1.0;1.015;1.0;801.976;
1;2025-11-09;15;715.659;1.0;1.015;0.999;726.071;
1;2025-11-09;16;658.157;1.0;1.015;1.0;667.984;
1;2025-11-09;17;604.302;1.0;1.015;1.001;613.878;
1;2025-11-09;18;550.431;1.0;1.015;0.999;558.291;
1;2025-11-09;19;457.685;1.0;1.015;1.0;464.536;
1;2025-11-09;20;353.843;1.0;1.015;0.999;358.77;
1;2025-11-09;21;270.225;1.0;1.015;1.0;274.286;
1;2025-11-09;22;106.639;1.0;1.015;0.999;108.169;
1;2025-11-09;23;30.977;1.0;1.015;0.994;31.263;
1;2025-11-10;0;4.664;1.0;1.015;0.999;4.731;
1;2025-11-10;1;0.0;1.0;1.015;1.0;0.0;
1;2025-11-10;2;0.0;1.0;1.015;1.0;0.0;
1;2025-11-10;3;0.0;1.0;1.015;1.0;0.0;
1;2025-11-10;4;9.011;1.0;1.015;1.041;9.522;
1;2025-11-10;5;133.195;1.0;1.015;0.996;134.679;
1;2025-11-10;6;549.435;1.0;1.015;1.001;558.169;
1;2025-11-10;7;1543.475;1.0;1.015;1.0;1567.225;
1;2025-11-10;8;1986.54;1.0;1.015;1.0;2017.121;
1;2025-11-10;9;1488.432;1.0;1.015;1.0;1511.041;
1;2025-11-10;10;1347.738;1.0;1.015;1.0;1368.824;
1;2025-11-10;11;1353.396;1.0;1.015;1.0;1374.586;
1;2025-11-10;12;1392.757;1.0;1.015;1.0;1414.279;
1;2025-11-10;13;1435.894;1.0;1.015;1.0;1457.929;
1;2025-11-10;14;1380.327;1.0;1.015;1.0;1401.329;
1;2025-11-10;15;1533.651;1.0;1.015;1.0;1556.948;
1;2025-11-10;16;1555.03;1.0;1.015;1.0;1579.068;
1;2025-11-10;17;1811.915;1.0;1.015;1.0;1839.166;
1;2025-11-10;18;1883.193;1.0;1.015;1.0;1911.712;
1;2025-11-10;19;1425.78;1.0;1.015;1.0;1448.03;
1;2025-11-10;20;922.709;1.0;1.015;1.0;937.035;
1;2025-11-10;21;495.22;1.0;1.015;1.001;503.106;
1;2025-11-10;22;232.011;1.0;1.015;1.001;235.695;
1;2025-11-10;23;47.627;1.0;1.015;0.996;48.143;
1;2025-11-11;0;4.664;1.0;1.015;0.999;4.731;
1;2025-11-11;1;0.0;1.0;1.015;1.0;0.0;
1;2025-11-11;2;0.0;1.0;1.015;1.0;0.0;
1;2025-11-11;3;0.0;1.0;1.015;1.0;0.0;
1;2025-11-11;4;9.011;1.0;1.015;1.041;9.522;
1;2025-11-11;5;133.195;1.0;1.015;0.996;134.679;
1;2025-11-11;6;549.435;1.0;1.015;1.001;558.169;
1;2025-11-11;7;1543.475;1.0;1.015;1.0;1567.225;
1;2025-11-11;8;1986.54;1.0;1.015;1.0;2017.121;
1;2025-11-11;9;1488.432;1.0;1.015;1.0;1511.041;
1;2025-11-11;10;1347.738;1.0;1.015;1.0;1368.824;
1;2025-11-11;11;1353.396;1.0;1.015;1.0;1374.586;
1;2025-11-11;12;1392.757;1.0;1.015;1.0;1414.279;
1;2025-11-11;13;1435.894;1.0;1.015;1.0;1457.929;
1;2025-11-11;14;1380.327;1.0;1.015;1.0;1401.329;
1;2025-11-11;15;1533.651;1.0;1.015;1.0;1556.948;
1;2025-11-11;16;1555.03;1.0;1.015;1.0;1579.068;
1;2025-11-11;17;1811.915;1.0;1.015;1.0;1839.166;
1;2025-11-11;18;1883.193;1.0;1.015;1.0;1911.712;
1;2025-11-11;19;1425.78;1.0;1.015;1.0;1448.03;
1;2025-11-11;20;922.709;1.0;1.015;1.0;937.035;
1;2025-11-11;21;495.22;1.0;1.015;1.001;503.106;
1;2025-11-11;22;232.011;1.0;1.015;1.001;235.695;
1;2025-11-11;23;47.627;1.0;1.015;0.996;48.143;
1;2025-11-12;0;4.664;1.0;1.004;0.999;4.679;
1;2025-11-12;1;0.0;1.0;1.004;1.0;0.0;
1;2025-11-12;2;0.0;1.0;1.004;1.0;0.0;
1;2025-11-12;3;0.0;1.0;1.004;1.0;0.0;
1;2025-11-12;4;9.011;1.0;1.004;1.041;9.418;
1;2025-11-12;5;133.195;1.0;1.004;0.996;133.206;
1;2025-11-12;6;549.435;1.0;1.004;1.001;552.062;
1;2025-11-12;7;1543.475;1.0;1.004;1.0;1550.08;
1;2025-11-12;8;1986.54;1.0;1.004;1.0;1995.054;
1;2025-11-12;9;1488.432;1.0;1.004;1.0;1494.511;
1;2025-11-12;10;1347.738;1.0;1.004;1.0;1353.85;
1;2025-11-12;11;1353.396;1.0;1.004;1.0;1359.549;
1;2025-11-12;12;1392.757;1.0;1.004;1.0;1398.807;
1;2025-11-12;13;1435.894;1.0;1.004;1.0;1441.979;
1;2025-11-12;14;1380.327;1.0;1.004;1.0;1385.999;
1;2025-11-12;15;1533.651;1.0;1.004;1.0;1539.915;
1;2025-11-12;16;1555.03;1.0;1.004;1.0;1561.793;
1;2025-11-12;17;1811.915;1.0;1.004;1.0;1819.046;
1;2025-11-12;18;1883.193;1.0;1.004;1.0;1890.798;
1;2025-11-12;19;1425.78;1.0;1.004;1.0;1432.189;
1;2025-11-12;20;922.709;1.0;1.004;1.0;926.785;
1;2025-11-12;21;495.22;1.0;1.004;1.001;497.602;
1;2025-11-12;22;232.011;1.0;1.004;1.001;233.117;
1;2025-11-12;23;47.627;1.0;1.004;0.996;47.616;
1;2025-11-13;0;4.664;1.0;1.014;0.999;4.726;
1;2025-11-13;1;0.0;1.0;1.014;1.0;0.0;
1;2025-11-13;2;0.0;1.0;1.014;1.0;0.0;
1;2025-11-13;3;0.0;1.0;1.014;1.0;0.0;
1;2025-11-13;4;9.011;1.0;1.014;1.041;9.512;
1;2025-11-13;5;133.195;1.0;1.014;0.996;134.531;
1;2025-11-13;6;549.435;1.0;1.014;1.001;557.555;
1;2025-11-13;7;1543.475;1.0;1.014;1.0;1565.502;
1;2025-11-13;8;1986.54;1.0;1.014;1.0;2014.903;
1;2025-11-13;9;1488.432;1.0;1.014;1.0;1509.38;
1;2025-11-13;10;1347.738;1.0;1.014;1.0;1367.32;
1;2025-11-13;11;1353.396;1.0;1.014;1.0;1373.075;
1;2025-11-13;12;1392.757;1.0;1.014;1.0;1412.724;
1;2025-11-13;13;1435.894;1.0;1.014;1.0;1456.326;
1;2025-11-13;14;1380.327;1.0;1.014;1.0;1399.788;
1;2025-11-13;15;1533.651;1.0;1.014;1.0;1555.236;
1;2025-11-13;16;1555.03;1.0;1.014;1.0;1577.332;
1;2025-11-13;17;1811.915;1.0;1.014;1.0;1837.144;
1;2025-11-13;18;1883.193;1.0;1.014;1.0;1909.61;
1;2025-11-13;19;1425.78;1.0;1.014;1.0;1446.438;
1;2025-11-13;20;922.709;1.0;1.014;1.0;936.005;
1;2025-11-13;21;495.22;1.0;1.014;1.001;502.553;
1;2025-11-13;22;232.011;1.0;1.014;1.001;235.436;
1;2025-11-13;23;47.627;1.0;1.014;0.996;48.09;
1;2025-11-14;0;5.342;1.0;1.012;0.873;4.721;
1;2025-11-14;1;0.0;1.0;1.012;1.0;0.0;
1;2025-11-14;2;0.0;1.0;1.012;1.0;0.0;
1;2025-11-14;3;0.0;1.0;1.012;1.0;0.0;
1;2025-11-14;4;6.895;1.0;1.012;1.057;7.373;
1;2025-11-14;5;139.889;1.0;1.012;0.999;141.354;
1;2025-11-14;6;520.1;1.0;1.012;1.0;526.3;
1;2025-11-14;7;1539.287;1.0;1.012;1.0;1557.222;
1;2025-11-14;8;1874.644;1.0;1.012;1.0;1897.177;
1;2025-11-14;9;1430.058;1.0;1.012;1.0;1447.399;
1;2025-11-14;10;1320.942;1.0;1.012;1.0;1336.786;
1;2025-11-14;11;1411.103;1.0;1.012;1.0;1427.592;
1;2025-11-14;12;1380.433;1.0;1.012;1.0;1396.486;
1;2025-11-14;13;1438.148;1.0;1.012;1.0;1455.563;
1;2025-11-14;14;1363.202;1.0;1.012;1.0;1379.634;
1;2025-11-14;15;1548.104;1.0;1.012;1.0;1566.384;
1;2025-11-14;16;1628.423;1.0;1.012;1.0;1647.569;
1;2025-11-14;17;1788.979;1.0;1.012;1.0;1810.825;
1;2025-11-14;18;1560.172;1.0;1.012;1.0;1578.983;
1;2025-11-14;19;1225.118;1.0;1.012;1.0;1239.636;
1;2025-11-14;20;828.949;1.0;1.012;1.0;838.404;
1;2025-11-14;21;506.803;1.0;1.012;1.001;513.149;
1;2025-11-14;22;239.724;1.0;1.012;0.998;241.984;
1;2025-11-14;23;55.683;1.0;1.012;1.013;57.056;
1;2025-11-15;0;5.995;1.0;0.947;0.942;5.352;
1;2025-11-15;1;0.0;1.0;0.947;1.0;0.0;
1;2025-11-15;2;0.0;1.0;0.947;1.0;0.0;
1;2025-11-15;3;0.0;1.0;0.947;1.0;0.0;
1;2025-11-15;4;0.373;1.0;0.947;1.885;0.666;
1;2025-11-15;5;35.092;1.0;0.947;0.995;33.085;
1;2025-11-15;6;175.462;1.0;0.947;1.001;166.351;
1;2025-11-15;7;365.241;1.0;0.947;1.0;346.001;
1;2025-11-15;8;490.939;1.0;0.947;0.999;464.754;
1;2025-11-15;9;778.744;1.0;0.947;1.0;738.028;
1;2025-11-15;10;919.416;1.0;0.947;1.0;871.071;
1;2025-11-15;11;866.46;1.0;0.947;1.0;820.986;
1;2025-11-15;12;1067.896;1.0;0.947;1.0;1011.348;
1;2025-11-15;13;1091.288;1.0;0.947;1.0;1033.694;
1;2025-11-15;14;1026.319;1.0;0.947;1.0;971.977;
1;2025-11-15;15;888.678;1.0;0.947;1.0;841.932;
1;2025-11-15;16;807.17;1.0;0.947;1.0;764.439;
1;2025-11-15;17;747.037;1.0;0.947;0.999;707.231;
1;2025-11-15;18;673.983;1.0;0.947;1.0;638.338;
1;2025-11-15;19;603.75;1.0;0.947;1.001;572.275;
1;2025-11-15;20;450.069;1.0;0.947;1.0;426.373;
1;2025-11-15;21;322.479;1.0;0.947;1.0;305.327;
1;2025-11-15;22;148.015;1.0;0.947;1.004;140.738;
1;2025-11-15;23;37.093;1.0;0.947;0.99;34.79;
1;2025-11-16;0;0.0;1.0;1.015;1.0;0.0;
1;2025-11-16;1;0.0;1.0;1.015;1.0;0.0;
1;2025-11-16;2;0.0;1.0;1.015;1.0;0.0;
1;2025-11-16;3;0.0;1.0;1.015;1.0;0.0;
1;2025-11-16;4;0.0;1.0;1.015;1.0;0.0;
1;2025-11-16;5;25.294;1.0;1.015;1.016;26.081;
1;2025-11-16;6;130.499;1.0;1.015;0.997;132.103;
1;2025-11-16;7;264.552;1.0;1.015;1.0;268.738;
1;2025-11-16;8;366.822;1.0;1.015;0.999;372.034;
1;2025-11-16;9;608.721;1.0;1.015;0.999;617.629;
1;2025-11-16;10;709.221;1.0;1.015;1.0;719.749;
1;2025-11-16;11;707.846;1.0;1.015;1.001;719.143;
1;2025-11-16;12;845.561;1.0;1.015;1.0;858.108;
1;2025-11-16;13;891.388;1.0;1.015;1.0;904.8;
1;2025-11-16;14;789.679;1.0;1.015;1.0;801.976;
1;2025-11-16;15;715.659;1.0;1.015;0.999;726.071;
1;2025-11-16;16;658.157;1.0;1.015;1.0;667.984;
1;2025-11-16;17;604.302;1.0;1.015;1.001;613.878;
1;2025-11-16;18;550.431;1.0;1.015;0.999;558.291;
1;2025-11-16;19;457.685;1.0;1.015;1.0;464.536;
1;2025-11-16;20;353.843;1.0;1.015;0.999;358.77;
1;2025-11-16;21;270.225;1.0;1.015;1.0;274.286;
1;2025-11-16;22;106.639;1.0;1.015;0.999;108.169;
1;2025-11-16;23;30.977;1.0;1.015;0.994;31.263;
1;2025-11-17;0;4.664;1.0;0.983;0.999;4.583;
1;2025-11-17;1;0.0;1.0;0.983;1.0;0.0;
1;2025-11-17;2;0.0;1.0;0.983;1.0;0.0;
1;2025-11-17;3;0.0;1.0;0.983;1.0;0.0;
1;2025-11-17;4;9.011;1.0;0.983;1.041;9.223;
1;2025-11-17;5;133.195;1.0;0.983;0.996;130.451;
1;2025-11-17;6;549.435;1.0;0.983;1.001;540.644;
1;2025-11-17;7;1543.475;1.0;0.983;1.0;1518.019;
1;2025-11-17;8;1986.54;1.0;0.983;1.0;1953.79;
1;2025-11-17;9;1488.432;1.0;0.983;1.0;1463.599;
1;2025-11-17;10;1347.738;1.0;0.983;1.0;1325.848;
1;2025-11-17;11;1353.396;1.0;0.983;1.0;1331.429;
1;2025-11-17;12;1392.757;1.0;0.983;1.0;1369.875;
1;2025-11-17;13;1435.894;1.0;0.983;1.0;1412.155;
1;2025-11-17;14;1380.327;1.0;0.983;1.0;1357.332;
1;2025-11-17;15;1533.651;1.0;0.983;1.0;1508.065;
1;2025-11-17;16;1555.03;1.0;0.983;1.0;1529.491;
1;2025-11-17;17;1811.915;1.0;0.983;1.0;1781.423;
1;2025-11-17;18;1883.193;1.0;0.983;1.0;1851.69;
1;2025-11-17;19;1425.78;1.0;0.983;1.0;1402.567;
1;2025-11-17;20;922.709;1.0;0.983;1.0;907.616;
1;2025-11-17;21;495.22;1.0;0.983;1.001;487.31;
1;2025-11-17;22;232.011;1.0;0.983;1.001;228.295;
1;2025-11-17;23;47.627;1.0;0.983;0.996;46.631;
1;2025-11-18;0;4.664;1.0;0.964;0.999;4.493;
1;2025-11-18;1;0.0;1.0;0.964;1.0;0.0;
1;2025-11-18;2;0.0;1.0;0.964;1.0;0.0;
1;2025-11-18;3;0.0;1.0;0.964;1.0;0.0;
1;2025-11-18;4;9.011;1.0;0.964;1.041;9.042;
1;2025-11-18;5;133.195;1.0;0.964;0.996;127.893;
1;2025-11-18;6;549.435;1.0;0.964;1.001;530.045;
1;2025-11-18;7;1543.475;1.0;0.964;1.0;1488.258;
1;2025-11-18;8;1986.54;1.0;0.964;1.0;1915.485;
1;2025-11-18;9;1488.432;1.0;0.964;1.0;1434.905;
1;2025-11-18;10;1347.738;1.0;0.964;1.0;1299.854;
1;2025-11-18;11;1353.396;1.0;0.964;1.0;1305.326;
1;2025-11-18;12;1392.757;1.0;0.964;1.0;1343.018;
1;2025-11-18;13;1435.894;1.0;0.964;1.0;1384.469;
1;2025-11-18;14;1380.327;1.0;0.964;1.0;1330.721;
1;2025-11-18;15;1533.651;1.0;0.964;1.0;1478.499;
1;2025-11-18;16;1555.03;1.0;0.964;1.0;1499.505;
1;2025-11-18;17;1811.915;1.0;0.964;1.0;1746.497;
1;2025-11-18;18;1883.193;1.0;0.964;1.0;1815.387;
1;2025-11-18;19;1425.78;1.0;0.964;1.0;1375.07;
1;2025-11-18;20;922.709;1.0;0.964;1.0;889.822;
1;2025-11-18;21;495.22;1.0;0.964;1.001;477.756;
1;2025-11-18;22;232.011;1.0;0.964;1.001;223.819;
1;2025-11-18;23;47.627;1.0;0.964;0.996;45.717;
1;2025-11-19;0;4.664;1.0;1.015;0.999;4.731;
1;2025-11-19;1;0.0;1.0;1.015;1.0;0.0;
1;2025-11-19;2;0.0;1.0;1.015;1.0;0.0;
1;2025-11-19;3;0.0;1.0;1.015;1.0;0.0;
1;2025-11-19;4;9.011;1.0;1.015;1.041;9.522;
1;2025-11-19;5;133.195;1.0;1.015;0.996;134.679;
1;2025-11-19;6;549.435;1.0;1.015;1.001;558.169;
1;2025-11-19;7;1543.475;1.0;1.015;1.0;1567.225;
1;2025-11-19;8;1986.54;1.0;1.015;1.0;2017.121;
1;2025-11-19;9;1488.432;1.0;1.015;1.0;1511.041;
1;2025-11-19;10;1347.738;1.0;1.015;1.0;1368.824;
1;2025-11-19;11;1353.396;1.0;1.015;1.0;1374.586;
1;2025-11-19;12;1392.757;1.0;1.015;1.0;1414.279;
1;2025-11-19;13;1435.894;1.0;1.015;1.0;1457.929;
1;2025-11-19;14;1380.327;1.0;1.015;1.0;1401.329;
1;2025-11-19;15;1533.651;1.0;1.015;1.0;1556.948;
1;2025-11-19;16;1555.03;1.0;1.015;1.0;1579.068;
1;2025-11-19;17;1811.915;1.0;1.015;1.0;1839.166;
1;2025-11-19;18;1883.193;1.0;1.015;1.0;1911.712;
1;2025-11-19;19;1425.78;1.0;1.015;1.0;1448.03;
1;2025-11-19;20;922.709;1.0;1.015;1.0;937.035;
1;2025-11-19;21;495.22;1.0;1.015;1.001;503.106;
1;2025-11-19;22;232.011;1.0;1.015;1.001;235.695;
1;2025-11-19;23;47.627;1.0;1.015;0.996;48.143;
1;2025-11-20;0;4.664;1.0;1.015;0.999;4.731;
1;2025-11-20;1;0.0;1.0;1.015;1.0;0.0;
1;2025-11-20;2;0.0;1.0;1.015;1.0;0.0;
1;2025-11-20;3;0.0;1.0;1.015;1.0;0.0;
1;2025-11-20;4;9.011;1.0;1.015;1.041;9.522;
1;2025-11-20;5;133.195;1.0;1.015;0.996;134.679;
1;2025-11-20;6;549.435;1.0;1.015;1.001;558.169;
1;2025-11-20;7;1543.475;1.0;1.015;1.0;1567.225;
1;2025-11-20;8;1986.54;1.0;1.015;1.0;2017.121;
1;2025-11-20;9;1488.432;1.0;1.015;1.0;1511.041;
1;2025-11-20;10;1347.738;1.0;1.015;1.0;1368.824;
1;2025-11-20;11;1353.396;1.0;1.015;1.0;1374.586;
1;2025-11-20;12;1392.757;1.0;1.015;1.0;1414.279;
1;2025-11-20;13;1435.894;1.0;1.015;1.0;1457.929;
1;2025-11-20;14;1380.327;1.0;1.015;1.0;1401.329;
1;2025-11-20;15;1533.651;1.0;1.015;1.0;1556.948;
1;2025-11-20;16;1555.03;1.0;1.015;1.0;1579.068;
1;2025-11-20;17;1811.915;1.0;1.015;1.0;1839.166;
1;2025-11-20;18;1883.193;1.0;1.015;1.0;1911.712;
1;2025-11-20;19;1425.78;1.0;1.015;1.0;1448.03;
1;2025-11-20;20;922.709;1.0;1.015;1.0;937.035;
1;2025-11-20;21;495.22;1.0;1.015;1.001;503.106;
1;2025-11-20;22;232.011;1.0;1.015;1.001;235.695;
1;2025-11-20;23;47.627;1.0;1.015;0.996;48.143;
1;2025-11-21;0;5.342;1.0;1.012;0.873;4.721;
1;2025-11-21;1;0.0;1.0;1.012;1.0;0.0;
1;2025-11-21;2;0.0;1.0;1.012;1.0;0.0;
1;2025-11-21;3;0.0;1.0;1.012;1.0;0.0;
1;2025-11-21;4;6.895;1.0;1.012;1.057;7.373;
1;2025-11-21;5;139.889;1.0;1.012;0.999;141.354;
1;2025-11-21;6;520.1;1.0;1.012;1.0;526.3;
1;2025-11-21;7;1539.287;1.0;1.012;1.0;1557.222;
1;2025-11-21;8;1874.644;1.0;1.012;1.0;1897.177;
1;2025-11-21;9;1430.058;1.0;1.012;1.0;1447.399;
1;2025-11-21;10;1320.942;1.0;1.012;1.0;1336.786;
1;2025-11-21;11;1411.103;1.0;1.012;1.0;1427.592;
1;2025-11-21;12;1380.433;1.0;1.012;1.0;1396.486;
1;2025-11-21;13;1438.148;1.0;1.012;1.0;1455.563;
1;2025-11-21;14;1363.202;1.0;1.012;1.0;1379.634;
1;2025-11-21;15;1548.104;1.0;1.012;1.0;1566.384;
1;2025-11-21;16;1628.423;1.0;1.012;1.0;1647.569;
1;2025-11-21;17;1788.979;1.0;1.012;1.0;1810.825;
1;2025-11-21;18;1560.172;1.0;1.012;1.0;1578.983;
1;2025-11-21;19;1225.118;1.0;1.012;1.0;1239.636;
1;2025-11-21;20;828.949;1.0;1.012;1.0;838.404;
1;2025-11-21;21;506.803;1.0;1.012;1.001;513.149;
1;2025-11-21;22;239.724;1.0;1.012;0.998;241.984;
1;2025-11-21;23;55.683;1.0;1.012;1.013;57.056;
1;2025-11-22;0;5.995;1.0;1.003;0.942;5.667;
1;2025-11-22;1;0.0;1.0;1.003;1.0;0.0;
1;2025-11-22;2;0.0;1.0;1.003;1.0;0.0;
1;2025-11-22;3;0.0;1.0;1.003;1.0;0.0;
1;2025-11-22;4;0.373;1.0;1.003;1.885;0.705;
1;2025-11-22;5;35.092;1.0;1.003;0.995;35.032;
1;2025-11-22;6;175.462;1.0;1.003;1.001;176.143;
1;2025-11-22;7;365.241;1.0;1.003;1.0;366.37;
1;2025-11-22;8;490.939;1.0;1.003;0.999;492.113;
1;2025-11-22;9;778.744;1.0;1.003;1.0;781.474;
1;2025-11-22;10;919.416;1.0;1.003;1.0;922.349;
1;2025-11-22;11;866.46;1.0;1.003;1.0;869.315;
1;2025-11-22;12;1067.896;1.0;1.003;1.0;1070.884;
1;2025-11-22;13;1091.288;1.0;1.003;1.0;1094.545;
1;2025-11-22;14;1026.319;1.0;1.003;1.0;1029.195;
1;2025-11-22;15;888.678;1.0;1.003;1.0;891.495;
1;2025-11-22;16;807.17;1.0;1.003;1.0;809.44;
1;2025-11-22;17;747.037;1.0;1.003;0.999;748.864;
1;2025-11-22;18;673.983;1.0;1.003;1.0;675.915;
1;2025-11-22;19;603.75;1.0;1.003;1.001;605.963;
1;2025-11-22;20;450.069;1.0;1.003;1.0;451.473;
1;2025-11-22;21;322.479;1.0;1.003;1.0;323.301;
1;2025-11-22;22;148.015;1.0;1.003;1.004;149.023;
1;2025-11-22;23;37.093;1.0;1.003;0.99;36.838;
1;2025-11-23;0;0.0;1.0;1.015;1.0;0.0;
1;2025-11-23;1;0.0;1.0;1.015;1.0;0.0;
1;2025-11-23;2;0.0;1.0;1.015;1.0;0.0;
1;2025-11-23;3;0.0;1.0;1.015;1.0;0.0;
1;2025-11-23;4;0.0;1.0;1.015;1.0;0.0;
1;2025-11-23;5;25.294;1.0;1.015;1.016;26.081;
1;2025-11-23;6;130.499;1.0;1.015;0.997;132.103;
1;2025-11-23;7;264.552;1.0;1.015;1.0;268.738;
1;2025-11-23;8;366.822;1.0;1.015;0.999;372.034;
1;2025-11-23;9;608.721;1.0;1.015;0.999;617.629;
1;2025-11-23;10;709.221;1.0;1.015;1.0;719.749;
1;2025-11-23;11;707.846;1.0;1.015;1.001;719.143;
1;2025-11-23;12;845.561;1.0;1.015;1.0;858.108;
1;2025-11-23;13;891.388;1.0;1.015;1.0;904.8;
1;2025-11-23;14;789.679;1.0;1.015;1.0;801.976;
1;2025-11-23;15;715.659;1.0;1.015;0.999;726.071;
1;2025-11-23;16;658.157;1.0;1.015;1.0;667.984;
1;2025-11-23;17;604.302;1.0;1.015;1.001;613.878;
1;2025-11-23;18;550.431;1.0;1.015;0.999;558.291;
1;2025-11-23;19;457.685;1.0;1.015;1.0;464.536;
1;2025-11-23;20;353.843;1.0;1.015;0.999;358.77;
1;2025-11-23;21;270.225;1.0;1.015;1.0;274.286;
1;2025-11-23;22;106.639;1.0;1.015;0.999;108.169;
1;2025-11-23;23;30.977;1.0;1.015;0.994;31.263;
1;2025-11-24;0;4.664;1.0;0.969;0.999;4.518;
1;2025-11-24;1;0.0;1.0;0.969;1.0;0.0;
1;2025-11-24;2;0.0;1.0;0.969;1.0;0.0;
1;2025-11-24;3;0.0;1.0;0.969;1.0;0.0;
1;2025-11-24;4;9.011;1.0;0.969;1.041;9.092;
1;2025-11-24;5;133.195;1.0;0.969;0.996;128.599;
1;2025-11-24;6;549.435;1.0;0.969;1.001;532.968;
1;2025-11-24;7;1543.475;1.0;0.969;1.0;1496.466;
1;2025-11-24;8;1986.54;1.0;0.969;1.0;1926.05;
1;2025-11-24;9;1488.432;1.0;0.969;1.0;1442.819;
1;2025-11-24;10;1347.738;1.0;0.969;1.0;1307.023;
1;2025-11-24;11;1353.396;1.0;0.969;1.0;1312.525;
1;2025-11-24;12;1392.757;1.0;0.969;1.0;1350.425;
1;2025-11-24;13;1435.894;1.0;0.969;1.0;1392.105;
1;2025-11-24;14;1380.327;1.0;0.969;1.0;1338.06;
1;2025-11-24;15;1533.651;1.0;0.969;1.0;1486.653;
1;2025-11-24;16;1555.03;1.0;0.969;1.0;1507.775;
1;2025-11-24;17;1811.915;1.0;0.969;1.0;1756.13;
1;2025-11-24;18;1883.193;1.0;0.969;1.0;1825.4;
1;2025-11-24;19;1425.78;1.0;0.969;1.0;1382.653;
1;2025-11-24;20;922.709;1.0;0.969;1.0;894.729;
1;2025-11-24;21;495.22;1.0;0.969;1.001;480.391;
1;2025-11-24;22;232.011;1.0;0.969;1.001;225.054;
1;2025-11-24;23;47.627;1.0;0.969;0.996;45.969;
1;2025-11-25;0;4.664;1.0;1.015;0.999;4.731;
1;2025-11-25;1;0.0;1.0;1.015;1.0;0.0;
1;2025-11-25;2;0.0;1.0;1.015;1.0;0.0;
1;2025-11-25;3;0.0;1.0;1.015;1.0;0.0;
1;2025-11-25;4;9.011;1.0;1.015;1.041;9.522;
1;2025-11-25;5;133.195;1.0;1.015;0.996;134.679;
1;2025-11-25;6;549.435;1.0;1.015;1.001;558.169;
1;2025-11-25;7;1543.475;1.0;1.015;1.0;1567.225;
1;2025-11-25;8;1986.54;1.0;1.015;1.0;2017.121;
1;2025-11-25;9;1488.432;1.0;1.015;1.0;1511.041;
1;2025-11-25;10;1347.738;1.0;1.015;1.0;1368.824;
1;2025-11-25;11;1353.396;1.0;1.015;1.0;1374.586;
1;2025-11-25;12;1392.757;1.0;1.015;1.0;1414.279;
1;2025-11-25;13;1435.894;1.0;1.015;1.0;1457.929;
1;2025-11-25;14;1380.327;1.0;1.015;1.0;1401.329;
1;2025-11-25;15;1533.651;1.0;1.015;1.0;1556.948;
1;2025-11-25;16;1555.03;1.0;1.015;1.0;1579.068;
1;2025-11-25;17;1811.915;1.0;1.015;1.0;1839.166;
1;2025-11-25;18;1883.193;1.0;1.015;1.0;1911.712;
1;2025-11-25;19;1425.78;1.0;1.015;1.0;1448.03;
1;2025-11-25;20;922.709;1.0;1.015;1.0;937.035;
1;2025-11-25;21;495.22;1.0;1.015;1.001;503.106;
1;2025-11-25;22;232.011;1.0;1.015;1.001;235.695;
1;2025-11-25;23;47.627;1.0;1.015;0.996;48.143;
1;2025-11-26;0;4.664;1.0;0.966;0.999;4.503;
1;2025-11-26;1;0.0;1.0;0.966;1.0;0.0;
1;2025-11-26;2;0.0;1.0;0.966;1.0;0.0;
1;2025-11-26;3;0.0;1.0;0.966;1.0;0.0;
1;2025-11-26;4;9.011;1.0;0.966;1.041;9.062;
1;2025-11-26;5;133.195;1.0;0.966;0.996;128.175;
1;2025-11-26;6;549.435;1.0;0.966;1.001;531.212;
1;2025-11-26;7;1543.475;1.0;0.966;1.0;1491.536;
1;2025-11-26;8;1986.54;1.0;0.966;1.0;1919.704;
1;2025-11-26;9;1488.432;1.0;0.966;1.0;1438.065;
1;2025-11-26;10;1347.738;1.0;0.966;1.0;1302.717;
1;2025-11-26;11;1353.396;1.0;0.966;1.0;1308.201;
1;2025-11-26;12;1392.757;1.0;0.966;1.0;1345.976;
1;2025-11-26;13;1435.894;1.0;0.966;1.0;1387.518;
1;2025-11-26;14;1380.327;1.0;0.966;1.0;1333.652;
1;2025-11-26;15;1533.651;1.0;0.966;1.0;1481.755;
1;2025-11-26;16;1555.03;1.0;0.966;1.0;1502.807;
1;2025-11-26;17;1811.915;1.0;0.966;1.0;1750.344;
1;2025-11-26;18;1883.193;1.0;0.966;1.0;1819.386;
1;2025-11-26;19;1425.78;1.0;0.966;1.0;1378.098;
1;2025-11-26;20;922.709;1.0;0.966;1.0;891.781;
1;2025-11-26;21;495.22;1.0;0.966;1.001;478.808;
1;2025-11-26;22;232.011;1.0;0.966;1.001;224.312;
1;2025-11-26;23;47.627;1.0;0.966;0.996;45.818;
1;2025-11-27;0;4.664;1.0;0.976;0.999;4.547;
1;2025-11-27;1;0.0;1.0;0.976;1.0;0.0;
1;2025-11-27;2;0.0;1.0;0.976;1.0;0.0;
1;2025-11-27;3;0.0;1.0;0.976;1.0;0.0;
1;2025-11-27;4;9.011;1.0;0.976;1.041;9.152;
1;2025-11-27;5;133.195;1.0;0.976;0.996;129.45;
1;2025-11-27;6;549.435;1.0;0.976;1.001;536.497;
1;2025-11-27;7;1543.475;1.0;0.976;1.0;1506.376;
1;2025-11-27;8;1986.54;1.0;0.976;1.0;1938.804;
1;2025-11-27;9;1488.432;1.0;0.976;1.0;1452.373;
1;2025-11-27;10;1347.738;1.0;0.976;1.0;1315.678;
1;2025-11-27;11;1353.396;1.0;0.976;1.0;1321.216;
1;2025-11-27;12;1392.757;1.0;0.976;1.0;1359.367;
1;2025-11-27;13;1435.894;1.0;0.976;1.0;1401.323;
1;2025-11-27;14;1380.327;1.0;0.976;1.0;1346.921;
1;2025-11-27;15;1533.651;1.0;0.976;1.0;1496.498;
1;2025-11-27;16;1555.03;1.0;0.976;1.0;1517.759;
1;2025-11-27;17;1811.915;1.0;0.976;1.0;1767.758;
1;2025-11-27;18;1883.193;1.0;0.976;1.0;1837.487;
1;2025-11-27;19;1425.78;1.0;0.976;1.0;1391.809;
1;2025-11-27;20;922.709;1.0;0.976;1.0;900.654;
1;2025-11-27;21;495.22;1.0;0.976;1.001;483.572;
1;2025-11-27;22;232.011;1.0;0.976;1.001;226.544;
1;2025-11-27;23;47.627;1.0;0.976;0.996;46.274;
1;2025-11-28;0;5.342;1.0;1.015;0.873;4.737;
1;2025-11-28;1;0.0;1.0;1.015;1.0;0.0;
1;2025-11-28;2;0.0;1.0;1.015;1.0;0.0;
1;2025-11-28;3;0.0;1.0;1.015;1.0;0.0;
1;2025-11-28;4;6.895;1.0;1.015;1.057;7.397;
1;2025-11-28;5;139.889;1.0;1.015;0.999;141.821;
1;2025-11-28;6;520.1;1.0;1.015;1.0;528.04;
1;2025-11-28;7;1539.287;1.0;1.015;1.0;1562.37;
1;2025-11-28;8;1874.644;1.0;1.015;1.0;1903.448;
1;2025-11-28;9;1430.058;1.0;1.015;1.0;1452.184;
1;2025-11-28;10;1320.942;1.0;1.015;1.0;1341.205;
1;2025-11-28;11;1411.103;1.0;1.015;1.0;1432.311;
1;2025-11-28;12;1380.433;1.0;1.015;1.0;1401.102;
1;2025-11-28;13;1438.148;1.0;1.015;1.0;1460.374;
1;2025-11-28;14;1363.202;1.0;1.015;1.0;1384.194;
1;2025-11-28;15;1548.104;1.0;1.015;1.0;1571.562;
1;2025-11-28;16;1628.423;1.0;1.015;1.0;1653.015;
1;2025-11-28;17;1788.979;1.0;1.015;1.0;1816.81;
1;2025-11-28;18;1560.172;1.0;1.015;1.0;1584.202;
1;2025-11-28;19;1225.118;1.0;1.015;1.0;1243.733;
1;2025-11-28;20;828.949;1.0;1.015;1.0;841.175;
1;2025-11-28;21;506.803;1.0;1.015;1.001;514.845;
1;2025-11-28;22;239.724;1.0;1.015;0.998;242.783;
1;2025-11-28;23;55.683;1.0;1.015;1.013;57.244;
1;2025-11-29;0;5.995;1.0;1.015;0.942;5.736;
1;2025-11-29;1;0.0;1.0;1.015;1.0;0.0;
1;2025-11-29;2;0.0;1.0;1.015;1.0;0.0;
1;2025-11-29;3;0.0;1.0;1.015;1.0;0.0;
1;2025-11-29;4;0.373;1.0;1.015;1.885;0.714;
1;2025-11-29;5;35.092;1.0;1.015;0.995;35.459;
1;2025-11-29;6;175.462;1.0;1.015;1.001;178.288;
1;2025-11-29;7;365.241;1.0;1.015;1.0;370.83;
1;2025-11-29;8;490.939;1.0;1.015;0.999;498.104;
1;2025-11-29;9;778.744;1.0;1.015;1.0;790.987;
1;2025-11-29;10;919.416;1.0;1.015;1.0;933.577;
1;2025-11-29;11;866.46;1.0;1.015;1.0;879.898;
1;2025-11-29;12;1067.896;1.0;1.015;1.0;1083.921;
1;2025-11-29;13;1091.288;1.0;1.015;1.0;1107.87;
1;2025-11-29;14;1026.319;1.0;1.015;1.0;1041.724;
1;2025-11-29;15;888.678;1.0;1.015;1.0;902.348;
1;2025-11-29;16;807.17;1.0;1.015;1.0;819.294;
1;2025-11-29;17;747.037;1.0;1.015;0.999;757.98;
1;2025-11-29;18;673.983;1.0;1.015;1.0;684.144;
1;2025-11-29;19;603.75;1.0;1.015;1.001;613.34;
1;2025-11-29;20;450.069;1.0;1.015;1.0;456.969;
1;2025-11-29;21;322.479;1.0;1.015;1.0;327.237;
1;2025-11-29;22;148.015;1.0;1.015;1.004;150.837;
1;2025-11-29;23;37.093;1.0;1.015;0.99;37.287;
1;2025-11-30;0;0.0;1.0;1.015;1.0;0.0;
1;2025-11-30;1;0.0;1.0;1.015;1.0;0.0;
1;2025-11-30;2;0.0;1.0;1.015;1.0;0.0;
1;2025-11-30;3;0.0;1.0;1.015;1.0;0.0;
1;2025-11-30;4;0.0;1.0;1.015;1.0;0.0;
1;2025-11-30;5;25.294;1.0;1.015;1.016;26.081;
1;2025-11-30;6;130.499;1.0;1.015;0.997;132.103;
1;2025-11-30;7;264.552;1.0;1.015;1.0;268.738;
1;2025-11-30;8;366.822;1.0;1.015;0.999;372.034;
1;2025-11-30;9;608.721;1.0;1.015;0.999;617.629;
1;2025-11-30;10;709.221;1.0;1.015;1.0;719.749;
1;2025-11-30;11;707.846;1.0;1.015;1.001;719.143;
1;2025-11-30;12;845.561;1.0;1.015;1.0;858.108;
1;2025-11-30;13;891.388;1.0;1.015;1.0;904.8;
1;2025-11-30;14;789.679;1.0;1.015;1.0;801.976;
1;2025-11-30;15;715.659;1.0;1.015;0.999;726.071;
1;2025-11-30;16;658.157;1.0;1.015;1.0;667.984;
1;2025-11-30;17;604.302;1.0;1.015;1.001;613.878;
1;2025-11-30;18;550.431;1.0;1.015;0.999;558.291;
1;2025-11-30;19;457.685;1.0;1.015;1.0;464.536;
1;2025-11-30;20;353.843;1.0;1.015;0.999;358.77;
1;2025-11-30;21;270.225;1.0;1.015;1.0;274.286;
1;2025-11-30;22;106.639;1.0;1.015;0.999;108.169;
1;2025-11-30;23;30.977;1.0;1.015;0.994;31.263;
1;2025-12-01;0;4.664;1.0;1.015;0.999;4.731;
1;2025-12-01;1;0.0;1.0;1.015;1.0;0.0;
1;2025-12-01;2;0.0;1.0;1.015;1.0;0.0;
1;2025-12-01;3;0.0;1.0;1.015;1.0;0.0;
1;2025-12-01;4;9.011;1.0;1.015;1.041;9.522;
1;2025-12-01;5;133.195;1.0;1.015;0.996;134.679;
1;2025-12-01;6;549.435;1.0;1.015;1.001;558.169;
1;2025-12-01;7;1543.475;1.0;1.015;1.0;1567.225;
1;2025-12-01;8;1986.54;1.0;1.015;1.0;2017.121;
1;2025-12-01;9;1488.432;1.0;1.015;1.0;1511.041;
1;2025-12-01;10;1347.738;1.0;1.015;1.0;1368.824;
1;2025-12-01;11;1353.396;1.0;1.015;1.0;1374.586;
1;2025-12-01;12;1392.757;1.0;1.015;1.0;1414.279;
1;2025-12-01;13;1435.894;1.0;1.015;1.0;1457.929;
1;2025-12-01;14;1380.327;1.0;1.015;1.0;1401.329;
1;2025-12-01;15;1533.651;1.0;1.015;1.0;1556.948;
1;2025-12-01;16;1555.03;1.0;1.015;1.0;1579.068;
1;2025-12-01;17;1811.915;1.0;1.015;1.0;1839.166;
1;2025-12-01;18;1883.193;1.0;1.015;1.0;1911.712;
1;2025-12-01;19;1425.78;1.0;1.015;1.0;1448.03;
1;2025-12-01;20;922.709;1.0;1.015;1.0;937.035;
1;2025-12-01;21;495.22;1.0;1.015;1.001;503.106;
1;2025-12-01;22;232.011;1.0;1.015;1.001;235.695;
1;2025-12-01;23;47.627;1.0;1.015;0.996;48.143;
1;2025-12-02;0;4.664;1.0;1.015;0.999;4.731;
1;2025-12-02;1;0.0;1.0;1.015;1.0;0.0;
1;2025-12-02;2;0.0;1.0;1.015;1.0;0.0;
1;2025-12-02;3;0.0;1.0;1.015;1.0;0.0;
1;2025-12-02;4;9.011;1.0;1.015;1.041;9.522;
1;2025-12-02;5;133.195;1.0;1.015;0.996;134.679;
1;2025-12-02;6;549.435;1.0;1.015;1.001;558.169;
1;2025-12-02;7;1543.475;1.0;1.015;1.0;1567.225;
1;2025-12-02;8;1986.54;1.0;1.015;1.0;2017.121;
1;2025-12-02;9;1488.432;1.0;1.015;1.0;1511.041;
1;2025-12-02;10;1347.738;1.0;1.015;1.0;1368.824;
1;2025-12-02;11;1353.396;1.0;1.015;1.0;1374.586;
1;2025-12-02;12;1392.757;1.0;1.015;1.0;1414.279;
1;2025-12-02;13;1435.894;1.0;1.015;1.0;1457.929;
1;2025-12-02;14;1380.327;1.0;1.015;1.0;1401.329;
1;2025-12-02;15;1533.651;1.0;1.015;1.0;1556.948;
1;2025-12-02;16;1555.03;1.0;1.015;1.0;1579.068;
1;2025-12-02;17;1811.915;1.0;1.015;1.0;1839.166;
1;2025-12-02;18;1883.193;1.0;1.015;1.0;1911.712;
1;2025-12-02;19;1425.78;1.0;1.015;1.0;1448.03;
1;2025-12-02;20;922.709;1.0;1.015;1.0;937.035;
1;2025-12-02;21;495.22;1.0;1.015;1.001;503.106;
1;2025-12-02;22;232.011;1.0;1.015;1.001;235.695;
1;2025-12-02;23;47.627;1.0;1.015;0.996;48.143;
1;2025-12-03;0;4.664;1.0;1.015;0.999;4.731;
1;2025-12-03;1;0.0;1.0;1.015;1.0;0.0;
1;2025-12-03;2;0.0;1.0;1.015;1.0;0.0;
1;2025-12-03;3;0.0;1.0;1.015;1.0;0.0;
1;2025-12-03;4;9.011;1.0;1.015;1.041;9.522;
1;2025-12-03;5;133.195;1.0;1.015;0.996;134.679;
1;2025-12-03;6;549.435;1.0;1.015;1.001;558.169;
1;2025-12-03;7;1543.475;1.0;1.015;1.0;1567.225;
1;2025-12-03;8;1986.54;1.0;1.015;1.0;2017.121;
1;2025-12-03;9;1488.432;1.0;1.015;1.0;1511.041;
1;2025-12-03;10;1347.738;1.0;1.015;1.0;1368.824;
1;2025-12-03;11;1353.396;1.0;1.015;1.0;1374.586;
1;2025-12-03;12;1392.757;1.0;1.015;1.0;1414.279;
1;2025-12-03;13;1435.894;1.0;1.015;1.0;1457.929;
1;2025-12-03;14;1380.327;1.0;1.015;1.0;1401.329;
1;2025-12-03;15;1533.651;1.0;1.015;1.0;1556.948;
1;2025-12-03;16;1555.03;1.0;1.015;1.0;1579.068;
1;2025-12-03;17;1811.915;1.0;1.015;1.0;1839.166;
1;2025-12-03;18;1883.193;1.0;1.015;1.0;1911.712;
1;2025-12-03;19;1425.78;1.0;1.015;1.0;1448.03;
1;2025-12-03;20;922.709;1.0;1.015;1.0;937.035;
1;2025-12-03;21;495.22;1.0;1.015;1.001;503.106;
1;2025-12-03;22;232.011;1.0;1.015;1.001;235.695;
1;2025-12-03;23;47.627;1.0;1.015;0.996;48.143;
1;2025-12-04;0;4.664;1.0;1.015;0.999;4.731;
1;2025-12-04;1;0.0;1.0;1.015;1.0;0.0;
1;2025-12-04;2;0.0;1.0;1.015;1.0;0.0;
1;2025-12-04;3;0.0;1.0;1.015;1.0;0.0;
1;2025-12-04;4;9.011;1.0;1.015;1.041;9.522;
1;2025-12-04;5;133.195;1.0;1.015;0.996;134.679;
1;2025-12-04;6;549.435;1.0;1.015;1.001;558.169;
1;2025-12-04;7;1543.475;1.0;1.015;1.0;1567.225;
1;2025-12-04;8;1986.54;1.0;1.015;1.0;2017.121;
1;2025-12-04;9;1488.432;1.0;1.015;1.0;1511.041;
1;2025-12-04;10;1347.738;1.0;1.015;1.0;1368.824;
1;2025-12-04;11;1353.396;1.0;1.015;1.0;1374.586;
1;2025-12-04;12;1392.757;1.0;1.015;1.0;1414.279;
1;2025-12-04;13;1435.894;1.0;1.015;1.0;1457.929;
1;2025-12-04;14;1380.327;1.0;1.015;1.0;1401.329;
1;2025-12-04;15;1533.651;1.0;1.015;1.0;1556.948;
1;2025-12-04;16;1555.03;1.0;1.015;1.0;1579.068;
1;2025-12-04;17;1811.915;1.0;1.015;1.0;1839.166;
1;2025-12-04;18;1883.193;1.0;1.015;1.0;1911.712;
1;2025-12-04;19;1425.78;1.0;1.015;1.0;1448.03;
1;2025-12-04;20;922.709;1.0;1.015;1.0;937.035;
1;2025-12-04;21;495.22;1.0;1.015;1.001;503.106;
1;2025-12-04;22;232.011;1.0;1.015;1.001;235.695;
1;2025-12-04;23;47.627;1.0;1.015;0.996;48.143;
1;2025-12-05;0;5.342;1.0;1.015;0.873;4.737;
1;2025-12-05;1;0.0;1.0;1.015;1.0;0.0;
1;2025-12-05;2;0.0;1.0;1.015;1.0;0.0;
1;2025-12-05;3;0.0;1.0;1.015;1.0;0.0;
1;2025-12-05;4;6.895;1.0;1.015;1.057;7.397;
1;2025-12-05;5;139.889;1.0;1.015;0.999;141.821;
1;2025-12-05;6;520.1;1.0;1.015;1.0;528.04;
1;2025-12-05;7;1539.287;1.0;1.015;1.0;1562.37;
1;2025-12-05;8;1874.644;1.0;1.015;1.0;1903.448;
1;2025-12-05;9;1430.058;1.0;1.015;1.0;1452.184;
1;2025-12-05;10;1320.942;1.0;1.015;1.0;1341.205;
1;2025-12-05;11;1411.103;1.0;1.015;1.0;1432.311;
1;2025-12-05;12;1380.433;1.0;1.015;1.0;1401.102;
1;2025-12-05;13;1438.148;1.0;1.015;1.0;1460.374;
1;2025-12-05;14;1363.202;1.0;1.015;1.0;1384.194;
1;2025-12-05;15;1548.104;1.0;1.015;1.0;1571.562;
1;2025-12-05;16;1628.423;1.0;1.015;1.0;1653.015;
1;2025-12-05;17;1788.979;1.0;1.015;1.0;1816.81;
1;2025-12-05;18;1560.172;1.0;1.015;1.0;1584.202;
1;2025-12-05;19;1225.118;1.0;1.015;1.0;1243.733;
1;2025-12-05;20;828.949;1.0;1.015;1.0;841.175;
1;2025-12-05;21;506.803;1.0;1.015;1.001;514.845;
1;2025-12-05;22;239.724;1.0;1.015;0.998;242.783;
1;2025-12-05;23;55.683;1.0;1.015;1.013;57.244;
1;2025-12-06;0;5.995;1.0;1.015;0.942;5.736;
1;2025-12-06;1;0.0;1.0;1.015;1.0;0.0;
1;2025-12-06;2;0.0;1.0;1.015;1.0;0.0;
1;2025-12-06;3;0.0;1.0;1.015;1.0;0.0;
1;2025-12-06;4;0.373;1.0;1.015;1.885;0.714;
1;2025-12-06;5;35.092;1.0;1.015;0.995;35.459;
1;2025-12-06;6;175.462;1.0;1.015;1.001;178.288;
1;2025-12-06;7;365.241;1.0;1.015;1.0;370.83;
1;2025-12-06;8;490.939;1.0;1.015;0.999;498.104;
1;2025-12-06;9;778.744;1.0;1.015;1.0;790.987;
1;2025-12-06;10;919.416;1.0;1.015;1.0;933.577;
1;2025-12-06;11;866.46;1.0;1.015;1.0;879.898;
1;2025-12-06;12;1067.896;1.0;1.015;1.0;1083.921;
1;2025-12-06;13;1091.288;1.0;1.015;1.0;1107.87;
1;2025-12-06;14;1026.319;1.0;1.015;1.0;1041.724;
1;2025-12-06;15;888.678;1.0;1.015;1.0;902.348;
1;2025-12-06;16;807.17;1.0;1.015;1.0;819.294;
1;2025-12-06;17;747.037;1.0;1.015;0.999;757.98;
1;2025-12-06;18;673.983;1.0;1.015;1.0;684.144;
1;2025-12-06;19;603.75;1.0;1.015;1.001;613.34;
1;2025-12-06;20;450.069;1.0;1.015;1.0;456.969;
1;2025-12-06;21;322.479;1.0;1.015;1.0;327.237;
1;2025-12-06;22;148.015;1.0;1.015;1.004;150.837;
1;2025-12-06;23;37.093;1.0;1.015;0.99;37.287;
1;2025-12-07;0;0.0;1.0;1.015;1.0;0.0;
1;2025-12-07;1;0.0;1.0;1.015;1.0;0.0;
1;2025-12-07;2;0.0;1.0;1.015;1.0;0.0;
1;2025-12-07;3;0.0;1.0;1.015;1.0;0.0;
1;2025-12-07;4;0.0;1.0;1.015;1.0;0.0;
1;2025-12-07;5;25.294;1.0;1.015;1.016;26.081;
1;2025-12-07;6;130.499;1.0;1.015;0.997;132.103;
1;2025-12-07;7;264.552;1.0;1.015;1.0;268.738;
1;2025-12-07;8;366.822;1.0;1.015;0.999;372.034;
1;2025-12-07;9;608.721;1.0;1.015;0.999;617.629;
1;2025-12-07;10;709.221;1.0;1.015;1.0;719.749;
1;2025-12-07;11;707.846;1.0;1.015;1.001;719.143;
1;2025-12-07;12;845.561;1.0;1.015;1.0;858.108;
1;2025-12-07;13;891.388;1.0;1.015;1.0;904.8;
1;2025-12-07;14;789.679;1.0;1.015;1.0;801.976;
1;2025-12-07;15;715.659;1.0;1.015;0.999;726.071;
1;2025-12-07;16;658.157;1.0;1.015;1.0;667.984;
1;2025-12-07;17;604.302;1.0;1.015;1.001;613.878;
1;2025-12-07;18;550.431;1.0;1.015;0.999;558.291;
1;2025-12-07;19;457.685;1.0;1.015;1.0;464.536;
1;2025-12-07;20;353.843;1.0;1.015;0.999;358.77;
1;2025-12-07;21;270.225;1.0;1.015;1.0;274.286;
1;2025-12-07;22;106.639;1.0;1.015;0.999;108.169;
1;2025-12-07;23;30.977;1.0;1.015;0.994;31.263;
1;2025-12-08;0;4.664;1.0;1.015;0.999;4.731;
1;2025-12-08;1;0.0;1.0;1.015;1.0;0.0;
1;2025-12-08;2;0.0;1.0;1.015;1.0;0.0;
1;2025-12-08;3;0.0;1.0;1.015;1.0;0.0;
1;2025-12-08;4;9.011;1.0;1.015;1.041;9.522;
1;2025-12-08;5;133.195;1.0;1.015;0.996;134.679;
1;2025-12-08;6;549.435;1.0;1.015;1.001;558.169;
1;2025-12-08;7;1543.475;1.0;1.015;1.0;1567.225;
1;2025-12-08;8;1986.54;1.0;1.015;1.0;2017.121;
1;2025-12-08;9;1488.432;1.0;1.015;1.0;1511.041;
1;2025-12-08;10;1347.738;1.0;1.015;1.0;1368.824;
1;2025-12-08;11;1353.396;1.0;1.015;1.0;1374.586;
1;2025-12-08;12;1392.757;1.0;1.015;1.0;1414.279;
1;2025-12-08;13;1435.894;1.0;1.015;1.0;1457.929;
1;2025-12-08;14;1380.327;1.0;1.015;1.0;1401.329;
1;2025-12-08;15;1533.651;1.0;1.015;1.0;1556.948;
1;2025-12-08;16;1555.03;1.0;1.015;1.0;1579.068;
1;2025-12-08;17;1811.915;1.0;1.015;1.0;1839.166;
1;2025-12-08;18;1883.193;1.0;1.015;1.0;1911.712;
1;2025-12-08;19;1425.78;1.0;1.015;1.0;1448.03;
1;2025-12-08;20;922.709;1.0;1.015;1.0;937.035;
1;2025-12-08;21;495.22;1.0;1.015;1.001;503.106;
1;2025-12-08;22;232.011;1.0;1.015;1.001;235.695;
1;2025-12-08;23;47.627;1.0;1.015;0.996;48.143;
1;2025-12-09;0;4.664;1.0;1.015;0.999;4.731;
1;2025-12-09;1;0.0;1.0;1.015;1.0;0.0;
1;2025-12-09;2;0.0;1.0;1.015;1.0;0.0;
1;2025-12-09;3;0.0;1.0;1.015;1.0;0.0;
1;2025-12-09;4;9.011;1.0;1.015;1.041;9.522;
1;2025-12-09;5;133.195;1.0;1.015;0.996;134.679;
1;2025-12-09;6;549.435;1.0;1.015;1.001;558.169;
1;2025-12-09;7;1543.475;1.0;1.015;1.0;1567.225;
1;2025-12-09;8;1986.54;1.0;1.015;1.0;2017.121;
1;2025-12-09;9;1488.432;1.0;1.015;1.0;1511.041;
1;2025-12-09;10;1347.738;1.0;1.015;1.0;1368.824;
1;2025-12-09;11;1353.396;1.0;1.015;1.0;1374.586;
1;2025-12-09;12;1392.757;1.0;1.015;1.0;1414.279;
1;2025-12-09;13;1435.894;1.0;1.015;1.0;1457.929;
1;2025-12-09;14;1380.327;1.0;1.015;1.0;1401.329;
1;2025-12-09;15;1533.651;1.0;1.015;1.0;1556.948;
1;2025-12-09;16;1555.03;1.0;1.015;1.0;1579.068;
1;2025-12-09;17;1811.915;1.0;1.015;1.0;1839.166;
1;2025-12-09;18;1883.193;1.0;1.015;1.0;1911.712;
1;2025-12-09;19;1425.78;1.0;1.015;1.0;1448.03;
1;2025-12-09;20;922.709;1.0;1.015;1.0;937.035;
1;2025-12-09;21;495.22;1.0;1.015;1.001;503.106;
1;2025-12-09;22;232.011;1.0;1.015;1.001;235.695;
1;2025-12-09;23;47.627;1.0;1.015;0.996;48.143;
1;2025-12-10;0;4.664;1.0;1.006;0.999;4.69;
1;2025-12-10;1;0.0;1.0;1.006;1.0;0.0;
1;2025-12-10;2;0.0;1.0;1.006;1.0;0.0;
1;2025-12-10;3;0.0;1.0;1.006;1.0;0.0;
1;2025-12-10;4;9.011;1.0;1.006;1.041;9.439;
1;2025-12-10;5;133.195;1.0;1.006;0.996;133.499;
1;2025-12-10;6;549.435;1.0;1.006;1.001;553.278;
1;2025-12-10;7;1543.475;1.0;1.006;1.0;1553.494;
1;2025-12-10;8;1986.54;1.0;1.006;1.0;1999.448;
1;2025-12-10;9;1488.432;1.0;1.006;1.0;1497.802;
1;2025-12-10;10;1347.738;1.0;1.006;1.0;1356.832;
1;2025-12-10;11;1353.396;1.0;1.006;1.0;1362.543;
1;2025-12-10;12;1392.757;1.0;1.006;1.0;1401.887;
1;2025-12-10;13;1435.894;1.0;1.006;1.0;1445.155;
1;2025-12-10;14;1380.327;1.0;1.006;1.0;1389.051;
1;2025-12-10;15;1533.651;1.0;1.006;1.0;1543.307;
1;2025-12-10;16;1555.03;1.0;1.006;1.0;1565.233;
1;2025-12-10;17;1811.915;1.0;1.006;1.0;1823.052;
1;2025-12-10;18;1883.193;1.0;1.006;1.0;1894.962;
1;2025-12-10;19;1425.78;1.0;1.006;1.0;1435.344;
1;2025-12-10;20;922.709;1.0;1.006;1.0;928.826;
1;2025-12-10;21;495.22;1.0;1.006;1.001;498.698;
1;2025-12-10;22;232.011;1.0;1.006;1.001;233.63;
1;2025-12-10;23;47.627;1.0;1.006;0.996;47.721;
1;2025-12-11;0;4.664;1.0;0.971;0.999;4.523;
1;2025-12-11;1;0.0;1.0;0.971;1.0;0.0;
1;2025-12-11;2;0.0;1.0;0.971;1.0;0.0;
1;2025-12-11;3;0.0;1.0;0.971;1.0;0.0;
1;2025-12-11;4;9.011;1.0;0.971;1.041;9.102;
1;2025-12-11;5;133.195;1.0;0.971;0.996;128.74;
1;2025-12-11;6;549.435;1.0;0.971;1.001;533.554;
1;2025-12-11;7;1543.475;1.0;0.971;1.0;1498.113;
1;2025-12-11;8;1986.54;1.0;0.971;1.0;1928.169;
1;2025-12-11;9;1488.432;1.0;0.971;1.0;1444.407;
1;2025-12-11;10;1347.738;1.0;0.971;1.0;1308.462;
1;2025-12-11;11;1353.396;1.0;0.971;1.0;1313.97;
1;2025-12-11;12;1392.757;1.0;0.971;1.0;1351.911;
1;2025-12-11;13;1435.894;1.0;0.971;1.0;1393.637;
1;2025-12-11;14;1380.327;1.0;0.971;1.0;1339.533;
1;2025-12-11;15;1533.651;1.0;0.971;1.0;1488.289;
1;2025-12-11;16;1555.03;1.0;0.971;1.0;1509.434;
1;2025-12-11;17;1811.915;1.0;0.971;1.0;1758.062;
1;2025-12-11;18;1883.193;1.0;0.971;1.0;1827.409;
1;2025-12-11;19;1425.78;1.0;0.971;1.0;1384.175;
1;2025-12-11;20;922.709;1.0;0.971;1.0;895.714;
1;2025-12-11;21;495.22;1.0;0.971;1.001;480.92;
1;2025-12-11;22;232.011;1.0;0.971;1.001;225.301;
1;2025-12-11;23;47.627;1.0;0.971;0.996;46.02;
1;2025-12-12;0;5.342;1.0;0.978;0.873;4.563;
1;2025-12-12;1;0.0;1.0;0.978;1.0;0.0;
1;2025-12-12;2;0.0;1.0;0.978;1.0;0.0;
1;2025-12-12;3;0.0;1.0;0.978;1.0;0.0;
1;2025-12-12;4;6.895;1.0;0.978;1.057;7.126;
1;2025-12-12;5;139.889;1.0;0.978;0.999;136.615;
1;2025-12-12;6;520.1;1.0;0.978;1.0;508.656;
1;2025-12-12;7;1539.287;1.0;0.978;1.0;1505.016;
1;2025-12-12;8;1874.644;1.0;0.978;1.0;1833.574;
1;2025-12-12;9;1430.058;1.0;0.978;1.0;1398.875;
1;2025-12-12;10;1320.942;1.0;0.978;1.0;1291.97;
1;2025-12-12;11;1411.103;1.0;0.978;1.0;1379.732;
1;2025-12-12;12;1380.433;1.0;0.978;1.0;1349.669;
1;2025-12-12;13;1438.148;1.0;0.978;1.0;1406.765;
1;2025-12-12;14;1363.202;1.0;0.978;1.0;1333.381;
1;2025-12-12;15;1548.104;1.0;0.978;1.0;1513.871;
1;2025-12-12;16;1628.423;1.0;0.978;1.0;1592.334;
1;2025-12-12;17;1788.979;1.0;0.978;1.0;1750.117;
1;2025-12-12;18;1560.172;1.0;0.978;1.0;1526.047;
1;2025-12-12;19;1225.118;1.0;0.978;1.0;1198.077;
1;2025-12-12;20;828.949;1.0;0.978;1.0;810.297;
1;2025-12-12;21;506.803;1.0;0.978;1.001;495.945;
1;2025-12-12;22;239.724;1.0;0.978;0.998;233.871;
1;2025-12-12;23;55.683;1.0;0.978;1.013;55.143;
1;2025-12-13;0;5.995;1.0;1.011;0.942;5.711;
1;2025-12-13;1;0.0;1.0;1.011;1.0;0.0;
1;2025-12-13;2;0.0;1.0;1.011;1.0;0.0;
1;2025-12-13;3;0.0;1.0;1.011;1.0;0.0;
1;2025-12-13;4;0.373;1.0;1.011;1.885;0.711;
1;2025-12-13;5;35.092;1.0;1.011;0.995;35.303;
1;2025-12-13;6;175.462;1.0;1.011;1.001;177.505;
1;2025-12-13;7;365.241;1.0;1.011;1.0;369.202;
1;2025-12-13;8;490.939;1.0;1.011;0.999;495.917;
1;2025-12-13;9;778.744;1.0;1.011;1.0;787.515;
1;2025-12-13;10;919.416;1.0;1.011;1.0;929.479;
1;2025-12-13;11;866.46;1.0;1.011;1.0;876.035;
1;2025-12-13;12;1067.896;1.0;1.011;1.0;1079.162;
1;2025-12-13;13;1091.288;1.0;1.011;1.0;1103.006;
1;2025-12-13;14;1026.319;1.0;1.011;1.0;1037.15;
1;2025-12-13;15;888.678;1.0;1.011;1.0;898.386;
1;2025-12-13;16;807.17;1.0;1.011;1.0;815.697;
1;2025-12-13;17;747.037;1.0;1.011;0.999;754.652;
1;2025-12-13;18;673.983;1.0;1.011;1.0;681.14;
1;2025-12-13;19;603.75;1.0;1.011;1.001;610.647;
1;2025-12-13;20;450.069;1.0;1.011;1.0;454.962;
1;2025-12-13;21;322.479;1.0;1.011;1.0;325.8;
1;2025-12-13;22;148.015;1.0;1.011;1.004;150.175;
1;2025-12-13;23;37.093;1.0;1.011;0.99;37.123;
1;2025-12-14;0;0.0;1.0;1.014;1.0;0.0;
1;2025-12-14;1;0.0;1.0;1.014;1.0;0.0;
1;2025-12-14;2;0.0;1.0;1.014;1.0;0.0;
1;2025-12-14;3;0.0;1.0;1.014;1.0;0.0;
1;2025-12-14;4;0.0;1.0;1.014;1.0;0.0;
1;2025-12-14;5;25.294;1.0;1.014;1.016;26.053;
1;2025-12-14;6;130.499;1.0;1.014;0.997;131.958;
1;2025-12-14;7;264.552;1.0;1.014;1.0;268.443;
1;2025-12-14;8;366.822;1.0;1.014;0.999;371.625;
1;2025-12-14;9;608.721;1.0;1.014;0.999;616.95;
1;2025-12-14;10;709.221;1.0;1.014;1.0;718.958;
1;2025-12-14;11;707.846;1.0;1.014;1.001;718.353;
1;2025-12-14;12;845.561;1.0;1.014;1.0;857.165;
1;2025-12-14;13;891.388;1.0;1.014;1.0;903.805;
1;2025-12-14;14;789.679;1.0;1.014;1.0;801.094;
1;2025-12-14;15;715.659;1.0;1.014;0.999;725.272;
1;2025-12-14;16;658.157;1.0;1.014;1.0;667.25;
1;2025-12-14;17;604.302;1.0;1.014;1.001;613.203;
1;2025-12-14;18;550.431;1.0;1.014;0.999;557.678;
1;2025-12-14;19;457.685;1.0;1.014;1.0;464.025;
1;2025-12-14;20;353.843;1.0;1.014;0.999;358.375;
1;2025-12-14;21;270.225;1.0;1.014;1.0;273.984;
1;2025-12-14;22;106.639;1.0;1.014;0.999;108.05;
1;2025-12-14;23;30.977;1.0;1.014;0.994;31.229;
1;2025-12-15;0;4.664;1.0;1.014;0.999;4.726;
1;2025-12-15;1;0.0;1.0;1.014;1.0;0.0;
1;2025-12-15;2;0.0;1.0;1.014;1.0;0.0;
1;2025-12-15;3;0.0;1.0;1.014;1.0;0.0;
1;2025-12-15;4;9.011;1.0;1.014;1.041;9.512;
1;2025-12-15;5;133.195;1.0;1.014;0.996;134.531;
1;2025-12-15;6;549.435;1.0;1.014;1.001;557.555;
1;2025-12-15;7;1543.475;1.0;1.014;1.0;1565.502;
1;2025-12-15;8;1986.54;1.0;1.014;1.0;2014.903;
1;2025-12-15;9;1488.432;1.0;1.014;1.0;1509.38;
1;2025-12-15;10;1347.738;1.0;1.014;1.0;1367.32;
1;2025-12-15;11;1353.396;1.0;1.014;1.0;1373.075;
1;2025-12-15;12;1392.757;1.0;1.014;1.0;1412.724;
1;2025-12-15;13;1435.894;1.0;1.014;1.0;1456.326;
1;2025-12-15;14;1380.327;1.0;1.014;1.0;1399.788;
1;2025-12-15;15;1533.651;1.0;1.014;1.0;1555.236;
1;2025-12-15;16;1555.03;1.0;1.014;1.0;1577.332;
1;2025-12-15;17;1811.915;1.0;1.014;1.0;1837.144;
1;2025-12-15;18;1883.193;1.0;1.014;1.0;1909.61;
1;2025-12-15;19;1425.78;1.0;1.014;1.0;1446.438;
1;2025-12-15;20;922.709;1.0;1.014;1.0;936.005;
1;2025-12-15;21;495.22;1.0;1.014;1.001;502.553;
1;2025-12-15;22;232.011;1.0;1.014;1.001;235.436;
1;2025-12-15;23;47.627;1.0;1.014;0.996;48.09;
1;2025-12-16;0;4.664;1.0;1.0;0.999;4.659;
1;2025-12-16;1;0.0;1.0;1.0;1.0;0.0;
1;2025-12-16;2;0.0;1.0;1.0;1.0;0.0;
1;2025-12-16;3;0.0;1.0;1.0;1.0;0.0;
1;2025-12-16;4;9.011;1.0;1.0;1.041;9.377;
1;2025-12-16;5;133.195;1.0;1.0;0.996;132.621;
1;2025-12-16;6;549.435;1.0;1.0;1.001;549.639;
1;2025-12-16;7;1543.475;1.0;1.0;1.0;1543.275;
1;2025-12-16;8;1986.54;1.0;1.0;1.0;1986.295;
1;2025-12-16;9;1488.432;1.0;1.0;1.0;1487.949;
1;2025-12-16;10;1347.738;1.0;1.0;1.0;1347.906;
1;2025-12-16;11;1353.396;1.0;1.0;1.0;1353.58;
1;2025-12-16;12;1392.757;1.0;1.0;1.0;1392.665;
1;2025-12-16;13;1435.894;1.0;1.0;1.0;1435.649;
1;2025-12-16;14;1380.327;1.0;1.0;1.0;1379.914;
1;2025-12-16;15;1533.651;1.0;1.0;1.0;1533.155;
1;2025-12-16;16;1555.03;1.0;1.0;1.0;1554.937;
1;2025-12-16;17;1811.915;1.0;1.0;1.0;1811.06;
1;2025-12-16;18;1883.193;1.0;1.0;1.0;1882.497;
1;2025-12-16;19;1425.78;1.0;1.0;1.0;1425.902;
1;2025-12-16;20;922.709;1.0;1.0;1.0;922.716;
1;2025-12-16;21;495.22;1.0;1.0;1.001;495.417;
1;2025-12-16;22;232.011;1.0;1.0;1.001;232.093;
1;2025-12-16;23;47.627;1.0;1.0;0.996;47.407;
1;2025-12-17;0;4.664;1.0;1.015;0.999;4.731;
1;2025-12-17;1;0.0;1.0;1.015;1.0;0.0;
1;2025-12-17;2;0.0;1.0;1.015;1.0;0.0;
1;2025-12-17;3;0.0;1.0;1.015;1.0;0.0;
1;2025-12-17;4;9.011;1.0;1.015;1.041;9.522;
1;2025-12-17;5;133.195;1.0;1.015;0.996;134.679;
1;2025-12-17;6;549.435;1.0;1.015;1.001;558.169;
1;2025-12-17;7;1543.475;1.0;1.015;1.0;1567.225;
1;2025-12-17;8;1986.54;1.0;1.015;1.0;2017.121;
1;2025-12-17;9;1488.432;1.0;1.015;1.0;1511.041;
1;2025-12-17;10;1347.738;1.0;1.015;1.0;1368.824;
1;2025-12-17;11;1353.396;1.0;1.015;1.0;1374.586;
1;2025-12-17;12;1392.757;1.0;1.015;1.0;1414.279;
1;2025-12-17;13;1435.894;1.0;1.015;1.0;1457.929;
1;2025-12-17;14;1380.327;1.0;1.015;1.0;1401.329;
1;2025-12-17;15;1533.651;1.0;1.015;1.0;1556.948;
1;2025-12-17;16;1555.03;1.0;1.015;1.0;1579.068;
1;2025-12-17;17;1811.915;1.0;1.015;1.0;1839.166;
1;2025-12-17;18;1883.193;1.0;1.015;1.0;1911.712;
1;2025-12-17;19;1425.78;1.0;1.015;1.0;1448.03;
1;2025-12-17;20;922.709;1.0;1.015;1.0;937.035;
1;2025-12-17;21;495.22;1.0;1.015;1.001;503.106;
1;2025-12-17;22;232.011;1.0;1.015;1.001;235.695;
1;2025-12-17;23;47.627;1.0;1.015;0.996;48.143;
1;2025-12-18;0;4.664;1.0;1.015;0.999;4.731;
1;2025-12-18;1;0.0;1.0;1.015;1.0;0.0;
1;2025-12-18;2;0.0;1.0;1.015;1.0;0.0;
1;2025-12-18;3;0.0;1.0;1.015;1.0;0.0;
1;2025-12-18;4;9.011;1.0;1.015;1.041;9.522;
1;2025-12-18;5;133.195;1.0;1.015;0.996;134.679;
1;2025-12-18;6;549.435;1.0;1.015;1.001;558.169;
1;2025-12-18;7;1543.475;1.0;1.015;1.0;1567.225;
1;2025-12-18;8;1986.54;1.0;1.015;1.0;2017.121;
1;2025-12-18;9;1488.432;1.0;1.015;1.0;1511.041;
1;2025-12-18;10;1347.738;1.0;1.015;1.0;1368.824;
1;2025-12-18;11;1353.396;1.0;1.015;1.0;1374.586;
1;2025-12-18;12;1392.757;1.0;1.015;1.0;1414.279;
1;2025-12-18;13;1435.894;1.0;1.015;1.0;1457.929;
1;2025-12-18;14;1380.327;1.0;1.015;1.0;1401.329;
1;2025-12-18;15;1533.651;1.0;1.015;1.0;1556.948;
1;2025-12-18;16;1555.03;1.0;1.015;1.0;1579.068;
1;2025-12-18;17;1811.915;1.0;1.015;1.0;1839.166;
1;2025-12-18;18;1883.193;1.0;1.015;1.0;1911.712;
1;2025-12-18;19;1425.78;1.0;1.015;1.0;1448.03;
1;2025-12-18;20;922.709;1.0;1.015;1.0;937.035;
1;2025-12-18;21;495.22;1.0;1.015;1.001;503.106;
1;2025-12-18;22;232.011;1.0;1.015;1.001;235.695;
1;2025-12-18;23;47.627;1.0;1.015;0.996;48.143;
1;2025-12-19;0;5.342;1.0;1.013;0.873;4.726;
1;2025-12-19;1;0.0;1.0;1.013;1.0;0.0;
1;2025-12-19;2;0.0;1.0;1.013;1.0;0.0;
1;2025-12-19;3;0.0;1.0;1.013;1.0;0.0;
1;2025-12-19;4;6.895;1.0;1.013;1.057;7.381;
1;2025-12-19;5;139.889;1.0;1.013;0.999;141.51;
1;2025-12-19;6;520.1;1.0;1.013;1.0;526.879;
1;2025-12-19;7;1539.287;1.0;1.013;1.0;1558.936;
1;2025-12-19;8;1874.644;1.0;1.013;1.0;1899.265;
1;2025-12-19;9;1430.058;1.0;1.013;1.0;1448.992;
1;2025-12-19;10;1320.942;1.0;1.013;1.0;1338.257;
1;2025-12-19;11;1411.103;1.0;1.013;1.0;1429.163;
1;2025-12-19;12;1380.433;1.0;1.013;1.0;1398.023;
1;2025-12-19;13;1438.148;1.0;1.013;1.0;1457.165;
1;2025-12-19;14;1363.202;1.0;1.013;1.0;1381.152;
1;2025-12-19;15;1548.104;1.0;1.013;1.0;1568.108;
1;2025-12-19;16;1628.423;1.0;1.013;1.0;1649.382;
1;2025-12-19;17;1788.979;1.0;1.013;1.0;1812.818;
1;2025-12-19;18;1560.172;1.0;1.013;1.0;1580.721;
1;2025-12-19;19;1225.118;1.0;1.013;1.0;1241.0;
1;2025-12-19;20;828.949;1.0;1.013;1.0;839.327;
1;2025-12-19;21;506.803;1.0;1.013;1.001;513.713;
1;2025-12-19;22;239.724;1.0;1.013;0.998;242.25;
1;2025-12-19;23;55.683;1.0;1.013;1.013;57.118;
1;2025-12-20;0;5.995;1.0;1.015;0.942;5.736;
1;2025-12-20;1;0.0;1.0;1.015;1.0;0.0;
1;2025-12-20;2;0.0;1.0;1.015;1.0;0.0;
1;2025-12-20;3;0.0;1.0;1.015;1.0;0.0;
1;2025-12-20;4;0.373;1.0;1.015;1.885;0.714;
1;2025-12-20;5;35.092;1.0;1.015;0.995;35.459;
1;2025-12-20;6;175.462;1.0;1.015;1.001;178.288;
1;2025-12-20;7;365.241;1.0;1.015;1.0;370.83;
1;2025-12-20;8;490.939;1.0;1.015;0.999;498.104;
1;2025-12-20;9;778.744;1.0;1.015;1.0;790.987;
1;2025-12-20;10;919.416;1.0;1.015;1.0;933.577;
1;2025-12-20;11;866.46;1.0;1.015;1.0;879.898;
1;2025-12-20;12;1067.896;1.0;1.015;1.0;1083.921;
1;2025-12-20;13;1091.288;1.0;1.015;1.0;1107.87;
1;2025-12-20;14;1026.319;1.0;1.015;1.0;1041.724;
1;2025-12-20;15;888.678;1.0;1.015;1.0;902.348;
1;2025-12-20;16;807.17;1.0;1.015;1.0;819.294;
1;2025-12-20;17;747.037;1.0;1.015;0.999;757.98;
1;2025-12-20;18;673.983;1.0;1.015;1.0;684.144;
1;2025-12-20;19;603.75;1.0;1.015;1.001;613.34;
1;2025-12-20;20;450.069;1.0;1.015;1.0;456.969;
1;2025-12-20;21;322.479;1.0;1.015;1.0;327.237;
1;2025-12-20;22;148.015;1.0;1.015;1.004;150.837;
1;2025-12-20;23;37.093;1.0;1.015;0.99;37.287;
1;2025-12-21;0;0.0;1.0;1.011;1.0;0.0;
1;2025-12-21;1;0.0;1.0;1.011;1.0;0.0;
1;2025-12-21;2;0.0;1.0;1.011;1.0;0.0;
1;2025-12-21;3;0.0;1.0;1.011;1.0;0.0;
1;2025-12-21;4;0.0;1.0;1.011;1.0;0.0;
1;2025-12-21;5;25.294;1.0;1.011;1.016;25.967;
1;2025-12-21;6;130.499;1.0;1.011;0.997;131.523;
1;2025-12-21;7;264.552;1.0;1.011;1.0;267.559;
1;2025-12-21;8;366.822;1.0;1.011;0.999;370.401;
1;2025-12-21;9;608.721;1.0;1.011;0.999;614.917;
1;2025-12-21;10;709.221;1.0;1.011;1.0;716.589;
1;2025-12-21;11;707.846;1.0;1.011;1.001;715.986;
1;2025-12-21;12;845.561;1.0;1.011;1.0;854.341;
1;2025-12-21;13;891.388;1.0;1.011;1.0;900.827;
1;2025-12-21;14;789.679;1.0;1.011;1.0;798.455;
1;2025-12-21;15;715.659;1.0;1.011;0.999;722.883;
1;2025-12-21;16;658.157;1.0;1.011;1.0;665.051;
1;2025-12-21;17;604.302;1.0;1.011;1.001;611.183;
1;2025-12-21;18;550.431;1.0;1.011;0.999;555.84;
1;2025-12-21;19;457.685;1.0;1.011;1.0;462.496;
1;2025-12-21;20;353.843;1.0;1.011;0.999;357.195;
1;2025-12-21;21;270.225;1.0;1.011;1.0;273.082;
1;2025-12-21;22;106.639;1.0;1.011;0.999;107.694;
1;2025-12-21;23;30.977;1.0;1.011;0.994;31.126;
1;2025-12-22;0;4.664;1.0;1.006;0.999;4.69;
1;2025-12-22;1;0.0;1.0;1.006;1.0;0.0;
1;2025-12-22;2;0.0;1.0;1.006;1.0;0.0;
1;2025-12-22;3;0.0;1.0;1.006;1.0;0.0;
1;2025-12-22;4;9.011;1.0;1.006;1.041;9.439;
1;2025-12-22;5;133.195;1.0;1.006;0.996;133.499;
1;2025-12-22;6;549.435;1.0;1.006;1.001;553.278;
1;2025-12-22;7;1543.475;1.0;1.006;1.0;1553.494;
1;2025-12-22;8;1986.54;1.0;1.006;1.0;1999.448;
1;2025-12-22;9;1488.432;1.0;1.006;1.0;1497.802;
1;2025-12-22;10;1347.738;1.0;1.006;1.0;1356.832;
1;2025-12-22;11;1353.396;1.0;1.006;1.0;1362.543;
1;2025-12-22;12;1392.757;1.0;1.006;1.0;1401.887;
1;2025-12-22;13;1435.894;1.0;1.006;1.0;1445.155;
1;2025-12-22;14;1380.327;1.0;1.006;1.0;1389.051;
1;2025-12-22;15;1533.651;1.0;1.006;1.0;1543.307;
1;2025-12-22;16;1555.03;1.0;1.006;1.0;1565.233;
1;2025-12-22;17;1811.915;1.0;1.006;1.0;1823.052;
1;2025-12-22;18;1883.193;1.0;1.006;1.0;1894.962;
1;2025-12-22;19;1425.78;1.0;1.006;1.0;1435.344;
1;2025-12-22;20;922.709;1.0;1.006;1.0;928.826;
1;2025-12-22;21;495.22;1.0;1.006;1.001;498.698;
1;2025-12-22;22;232.011;1.0;1.006;1.001;233.63;
1;2025-12-22;23;47.627;1.0;1.006;0.996;47.721;
1;2025-12-23;0;4.664;1.0;0.981;0.999;4.573;
1;2025-12-23;1;0.0;1.0;0.981;1.0;0.0;
1;2025-12-23;2;0.0;1.0;0.981;1.0;0.0;
1;2025-12-23;3;0.0;1.0;0.981;1.0;0.0;
1;2025-12-23;4;9.011;1.0;0.981;1.041;9.204;
1;2025-12-23;5;133.195;1.0;0.981;0.996;130.177;
1;2025-12-23;6;549.435;1.0;0.981;1.001;539.51;
1;2025-12-23;7;1543.475;1.0;0.981;1.0;1514.835;
1;2025-12-23;8;1986.54;1.0;0.981;1.0;1949.691;
1;2025-12-23;9;1488.432;1.0;0.981;1.0;1460.529;
1;2025-12-23;10;1347.738;1.0;0.981;1.0;1323.067;
1;2025-12-23;11;1353.396;1.0;0.981;1.0;1328.636;
1;2025-12-23;12;1392.757;1.0;0.981;1.0;1367.001;
1;2025-12-23;13;1435.894;1.0;0.981;1.0;1409.192;
1;2025-12-23;14;1380.327;1.0;0.981;1.0;1354.485;
1;2025-12-23;15;1533.651;1.0;0.981;1.0;1504.901;
1;2025-12-23;16;1555.03;1.0;0.981;1.0;1526.282;
1;2025-12-23;17;1811.915;1.0;0.981;1.0;1777.686;
1;2025-12-23;18;1883.193;1.0;0.981;1.0;1847.806;
1;2025-12-23;19;1425.78;1.0;0.981;1.0;1399.625;
1;2025-12-23;20;922.709;1.0;0.981;1.0;905.712;
1;2025-12-23;21;495.22;1.0;0.981;1.001;486.288;
1;2025-12-23;22;232.011;1.0;0.981;1.001;227.816;
1;2025-12-23;23;47.627;1.0;0.981;0.996;46.534;
1;2025-12-24;0;4.664;1.0;0.976;0.999;4.548;
1;2025-12-24;1;0.0;1.0;0.976;1.0;0.0;
1;2025-12-24;2;0.0;1.0;0.976;1.0;0.0;
1;2025-12-24;3;0.0;1.0;0.976;1.0;0.0;
1;2025-12-24;4;9.011;1.0;0.976;1.041;9.153;
1;2025-12-24;5;133.195;1.0;0.976;0.996;129.463;
1;2025-12-24;6;549.435;1.0;0.976;1.001;536.551;
1;2025-12-24;7;1543.475;1.0;0.976;1.0;1506.526;
1;2025-12-24;8;1986.54;1.0;0.976;1.0;1938.997;
1;2025-12-24;9;1488.432;1.0;0.976;1.0;1452.518;
1;2025-12-24;10;1347.738;1.0;0.976;1.0;1315.81;
1;2025-12-24;11;1353.396;1.0;0.976;1.0;1321.349;
1;2025-12-24;12;1392.757;1.0;0.976;1.0;1359.503;
1;2025-12-24;13;1435.894;1.0;0.976;1.0;1401.463;
1;2025-12-24;14;1380.327;1.0;0.976;1.0;1347.055;
1;2025-12-24;15;1533.651;1.0;0.976;1.0;1496.647;
1;2025-12-24;16;1555.03;1.0;0.976;1.0;1517.911;
1;2025-12-24;17;1811.915;1.0;0.976;1.0;1767.935;
1;2025-12-24;18;1883.193;1.0;0.976;1.0;1837.671;
1;2025-12-24;19;1425.78;1.0;0.976;1.0;1391.948;
1;2025-12-24;20;922.709;1.0;0.976;1.0;900.744;
1;2025-12-24;21;495.22;1.0;0.976;1.001;483.621;
1;2025-12-24;22;232.011;1.0;0.976;1.001;226.566;
1;2025-12-24;23;47.627;1.0;0.976;0.996;46.278;
1;2025-12-25;0;4.664;1.0;0.998;0.999;4.649;
1;2025-12-25;1;0.0;1.0;0.998;1.0;0.0;
1;2025-12-25;2;0.0;1.0;0.998;1.0;0.0;
1;2025-12-25;3;0.0;1.0;0.998;1.0;0.0;
1;2025-12-25;4;9.011;1.0;0.998;1.041;9.356;
1;2025-12-25;5;133.195;1.0;0.998;0.996;132.33;
1;2025-12-25;6;549.435;1.0;0.998;1.001;548.431;
1;2025-12-25;7;1543.475;1.0;0.998;1.0;1539.883;
1;2025-12-25;8;1986.54;1.0;0.998;1.0;1981.93;
1;2025-12-25;9;1488.432;1.0;0.998;1.0;1484.679;
1;2025-12-25;10;1347.738;1.0;0.998;1.0;1344.944;
1;2025-12-25;11;1353.396;1.0;0.998;1.0;1350.605;
1;2025-12-25;12;1392.757;1.0;0.998;1.0;1389.605;
1;2025-12-25;13;1435.894;1.0;0.998;1.0;1432.494;
1;2025-12-25;14;1380.327;1.0;0.998;1.0;1376.881;
1;2025-12-25;15;1533.651;1.0;0.998;1.0;1529.785;
1;2025-12-25;16;1555.03;1.0;0.998;1.0;1551.519;
1;2025-12-25;17;1811.915;1.0;0.998;1.0;1807.08;
1;2025-12-25;18;1883.193;1.0;0.998;1.0;1878.36;
1;2025-12-25;19;1425.78;1.0;0.998;1.0;1422.768;
1;2025-12-25;20;922.709;1.0;0.998;1.0;920.688;
1;2025-12-25;21;495.22;1.0;0.998;1.001;494.329;
1;2025-12-25;22;232.011;1.0;0.998;1.001;231.583;
1;2025-12-25;23;47.627;1.0;0.998;0.996;47.303;
1;2025-12-26;0;5.342;1.0;0.96;0.873;4.478;
1;2025-12-26;1;0.0;1.0;0.96;1.0;0.0;
1;2025-12-26;2;0.0;1.0;0.96;1.0;0.0;
1;2025-12-26;3;0.0;1.0;0.96;1.0;0.0;
1;2025-12-26;4;6.895;1.0;0.96;1.057;6.994;
1;2025-12-26;5;139.889;1.0;0.96;0.999;134.084;
1;2025-12-26;6;520.1;1.0;0.96;1.0;499.232;
1;2025-12-26;7;1539.287;1.0;0.96;1.0;1477.134;
1;2025-12-26;8;1874.644;1.0;0.96;1.0;1799.605;
1;2025-12-26;9;1430.058;1.0;0.96;1.0;1372.959;
1;2025-12-26;10;1320.942;1.0;0.96;1.0;1268.035;
1;2025-12-26;11;1411.103;1.0;0.96;1.0;1354.171;
1;2025-12-26;12;1380.433;1.0;0.96;1.0;1324.665;
1;2025-12-26;13;1438.148;1.0;0.96;1.0;1380.703;
1;2025-12-26;14;1363.202;1.0;0.96;1.0;1308.679;
1;2025-12-26;15;1548.104;1.0;0.96;1.0;1485.825;
1;2025-12-26;16;1628.423;1.0;0.96;1.0;1562.834;
1;2025-12-26;17;1788.979;1.0;0.96;1.0;1717.693;
1;2025-12-26;18;1560.172;1.0;0.96;1.0;1497.775;
1;2025-12-26;19;1225.118;1.0;0.96;1.0;1175.881;
1;2025-12-26;20;828.949;1.0;0.96;1.0;795.285;
1;2025-12-26;21;506.803;1.0;0.96;1.001;486.757;
1;2025-12-26;22;239.724;1.0;0.96;0.998;229.538;
1;2025-12-26;23;55.683;1.0;0.96;1.013;54.121;
1;2025-12-27;0;5.995;1.0;1.013;0.942;5.724;
1;2025-12-27;1;0.0;1.0;1.013;1.0;0.0;
1;2025-12-27;2;0.0;1.0;1.013;1.0;0.0;
1;2025-12-27;3;0.0;1.0;1.013;1.0;0.0;
1;2025-12-27;4;0.373;1.0;1.013;1.885;0.712;
1;2025-12-27;5;35.092;1.0;1.013;0.995;35.381;
1;2025-12-27;6;175.462;1.0;1.013;1.001;177.896;
1;2025-12-27;7;365.241;1.0;1.013;1.0;370.015;
1;2025-12-27;8;490.939;1.0;1.013;0.999;497.009;
1;2025-12-27;9;778.744;1.0;1.013;1.0;789.249;
1;2025-12-27;10;919.416;1.0;1.013;1.0;931.526;
1;2025-12-27;11;866.46;1.0;1.013;1.0;877.964;
1;2025-12-27;12;1067.896;1.0;1.013;1.0;1081.539;
1;2025-12-27;13;1091.288;1.0;1.013;1.0;1105.435;
1;2025-12-27;14;1026.319;1.0;1.013;1.0;1039.434;
1;2025-12-27;15;888.678;1.0;1.013;1.0;900.365;
1;2025-12-27;16;807.17;1.0;1.013;1.0;817.493;
1;2025-12-27;17;747.037;1.0;1.013;0.999;756.314;
1;2025-12-27;18;673.983;1.0;1.013;1.0;682.64;
1;2025-12-27;19;603.75;1.0;1.013;1.001;611.992;
1;2025-12-27;20;450.069;1.0;1.013;1.0;455.964;
1;2025-12-27;21;322.479;1.0;1.013;1.0;326.518;
1;2025-12-27;22;148.015;1.0;1.013;1.004;150.505;
1;2025-12-27;23;37.093;1.0;1.013;0.99;37.205;
1;2025-12-28;0;0.0;1.0;0.994;1.0;0.0;
1;2025-12-28;1;0.0;1.0;0.994;1.0;0.0;
1;2025-12-28;2;0.0;1.0;0.994;1.0;0.0;
1;2025-12-28;3;0.0;1.0;0.994;1.0;0.0;
1;2025-12-28;4;0.0;1.0;0.994;1.0;0.0;
1;2025-12-28;5;25.294;1.0;0.994;1.016;25.542;
1;2025-12-28;6;130.499;1.0;0.994;0.997;129.371;
1;2025-12-28;7;264.552;1.0;0.994;1.0;263.18;
1;2025-12-28;8;366.822;1.0;0.994;0.999;364.34;
1;2025-12-28;9;608.721;1.0;0.994;0.999;604.854;
1;2025-12-28;10;709.221;1.0;0.994;1.0;704.862;
1;2025-12-28;11;707.846;1.0;0.994;1.001;704.269;
1;2025-12-28;12;845.561;1.0;0.994;1.0;840.36;
1;2025-12-28;13;891.388;1.0;0.994;1.0;886.086;
1;2025-12-28;14;789.679;1.0;0.994;1.0;785.389;
1;2025-12-28;15;715.659;1.0;0.994;0.999;711.053;
1;2025-12-28;16;658.157;1.0;0.994;1.0;654.168;
1;2025-12-28;17;604.302;1.0;0.994;1.001;601.181;
1;2025-12-28;18;550.431;1.0;0.994;0.999;546.744;
1;2025-12-28;19;457.685;1.0;0.994;1.0;454.928;
1;2025-12-28;20;353.843;1.0;0.994;0.999;351.349;
1;2025-12-28;21;270.225;1.0;0.994;1.0;268.613;
1;2025-12-28;22;106.639;1.0;0.994;0.999;105.931;
1;2025-12-28;23;30.977;1.0;0.994;0.994;30.617;
1;2025-12-29;0;4.664;0.88;0.998;1.135;4.649;
1;2025-12-29;1;0.0;0.88;0.998;1.0;0.0;
1;2025-12-29;2;0.0;0.88;0.998;1.0;0.0;
1;2025-12-29;3;0.0;0.88;0.998;1.0;0.0;
1;2025-12-29;4;9.011;0.88;0.998;0.946;7.485;
1;2025-12-29;5;133.195;0.88;0.998;0.999;116.761;
1;2025-12-29;6;549.435;0.88;0.998;0.999;481.954;
1;2025-12-29;7;1543.475;0.88;0.998;1.0;1354.72;
1;2025-12-29;8;1986.54;0.88;0.998;1.0;1743.693;
1;2025-12-29;9;1488.432;0.88;0.998;1.0;1306.315;
1;2025-12-29;10;1347.738;0.88;0.998;1.0;1183.024;
1;2025-12-29;11;1353.396;0.88;0.998;1.0;1188.574;
1;2025-12-29;12;1392.757;0.88;0.998;1.0;1222.45;
1;2025-12-29;13;1435.894;0.88;0.998;1.0;1260.156;
1;2025-12-29;14;1380.327;0.88;0.998;1.0;1212.135;
1;2025-12-29;15;1533.651;0.88;0.998;1.0;1346.578;
1;2025-12-29;16;1555.03;0.88;0.998;1.0;1364.97;
1;2025-12-29;17;1811.915;0.88;0.998;1.0;1590.796;
1;2025-12-29;18;1883.193;0.88;0.998;1.0;1653.564;
1;2025-12-29;19;1425.78;0.88;0.998;1.0;1251.199;
1;2025-12-29;20;922.709;0.88;0.998;1.0;810.164;
1;2025-12-29;21;495.22;0.88;0.998;1.0;434.797;
1;2025-12-29;22;232.011;0.88;0.998;0.999;203.435;
1;2025-12-29;23;47.627;0.88;0.998;0.986;41.239;
1;2025-12-30;0;4.664;0.88;0.978;1.135;4.557;
1;2025-12-30;1;0.0;0.88;0.978;1.0;0.0;
1;2025-12-30;2;0.0;0.88;0.978;1.0;0.0;
1;2025-12-30;3;0.0;0.88;0.978;1.0;0.0;
1;2025-12-30;4;9.011;0.88;0.978;0.946;7.338;
1;2025-12-30;5;133.195;0.88;0.978;0.999;114.472;
1;2025-12-30;6;549.435;0.88;0.978;0.999;472.506;
1;2025-12-30;7;1543.475;0.88;0.978;1.0;1328.161;
1;2025-12-30;8;1986.54;0.88;0.978;1.0;1709.507;
1;2025-12-30;9;1488.432;0.88;0.978;1.0;1280.704;
1;2025-12-30;10;1347.738;0.88;0.978;1.0;1159.831;
1;2025-12-30;11;1353.396;0.88;0.978;1.0;1165.271;
1;2025-12-30;12;1392.757;0.88;0.978;1.0;1198.483;
1;2025-12-30;13;1435.894;0.88;0.978;1.0;1235.45;
1;2025-12-30;14;1380.327;0.88;0.978;1.0;1188.371;
1;2025-12-30;15;1533.651;0.88;0.978;1.0;1320.177;
1;2025-12-30;16;1555.03;0.88;0.978;1.0;1338.21;
1;2025-12-30;17;1811.915;0.88;0.978;1.0;1559.608;
1;2025-12-30;18;1883.193;0.88;0.978;1.0;1621.146;
1;2025-12-30;19;1425.78;0.88;0.978;1.0;1226.669;
1;2025-12-30;20;922.709;0.88;0.978;1.0;794.28;
1;2025-12-30;21;495.22;0.88;0.978;1.0;426.272;
1;2025-12-30;22;232.011;0.88;0.978;0.999;199.446;
1;2025-12-30;23;47.627;0.88;0.978;0.986;40.43;
1;2025-12-31;0;4.244;0.8;1.001;0.884;3.003;
1;2025-12-31;1;0.0;0.8;1.001;1.0;0.0;
1;2025-12-31;2;0.0;0.8;1.001;1.0;0.0;
1;2025-12-31;3;0.0;0.8;1.001;1.0;0.0;
1;2025-12-31;4;0.531;0.8;1.001;0.0;0.0;
1;2025-12-31;5;42.588;0.8;1.001;1.018;34.71;
1;2025-12-31;6;192.651;0.8;1.001;0.998;153.905;
1;2025-12-31;7;393.906;0.8;1.001;0.999;314.987;
1;2025-12-31;8;560.746;0.8;1.001;1.001;449.325;
1;2025-12-31;9;827.506;0.8;1.001;1.0;662.25;
1;2025-12-31;10;1062.172;0.8;1.001;1.0;850.361;
1;2025-12-31;11;984.12;0.8;1.001;1.0;788.154;
1;2025-12-31;12;1231.811;0.8;1.001;1.0;986.034;
1;2025-12-31;13;1306.964;0.8;1.001;1.0;1045.959;
1;2025-12-31;14;1154.16;0.8;1.001;1.0;923.88;
1;2025-12-31;15;1016.372;0.8;1.001;1.0;813.882;
1;2025-12-31;16;864.4;0.8;1.001;1.001;692.56;
1;2025-12-31;17;849.183;0.8;1.001;1.0;679.727;
1;2025-12-31;18;782.955;0.8;1.001;0.999;626.551;
1;2025-12-31;19;645.177;0.8;1.001;1.0;516.678;
1;2025-12-31;20;500.401;0.8;1.001;0.0;0.0;free fare New Year night
1;2025-12-31;21;327.634;0.8;1.001;0.0;0.0;free fare New Year night
1;2025-12-31;22;140.42;0.8;1.001;0.0;0.0;free fare New Year night
1;2025-12-31;23;32.345;0.8;1.001;0.0;0.0;free fare New Year night
5;2025-11-01;0;0.0;0.8;1.015;1.0;0.0;
5;2025-11-01;1;0.0;0.8;1.015;1.0;0.0;
5;2025-11-01;2;0.0;0.8;1.015;1.0;0.0;
5;2025-11-01;3;0.0;0.8;1.015;1.0;0.0;
5;2025-11-01;4;0.0;0.8;1.015;1.0;0.0;
5;2025-11-01;5;0.0;0.8;1.015;1.0;0.0;
5;2025-11-01;6;0.0;0.8;1.015;1.0;0.0;
5;2025-11-01;7;0.0;0.8;1.015;1.0;0.0;
5;2025-11-01;8;0.0;0.8;1.015;1.0;0.0;
5;2025-11-01;9;0.0;0.8;1.015;1.0;0.0;
5;2025-11-01;10;0.0;0.8;1.015;1.0;0.0;
5;2025-11-01;11;0.0;0.8;1.015;1.0;0.0;
5;2025-11-01;12;0.0;0.8;1.015;1.0;0.0;
5;2025-11-01;13;0.0;0.8;1.015;1.0;0.0;
5;2025-11-01;14;0.0;0.8;1.015;1.0;0.0;
5;2025-11-01;15;0.0;0.8;1.015;1.0;0.0;
5;2025-11-01;16;0.0;0.8;1.015;1.0;0.0;
5;2025-11-01;17;0.0;0.8;1.015;1.0;0.0;
5;2025-11-01;18;0.0;0.8;1.015;1.0;0.0;
5;2025-11-01;19;0.0;0.8;1.015;1.0;0.0;
5;2025-11-01;20;0.0;0.8;1.015;1.0;0.0;
5;2025-11-01;21;0.0;0.8;1.015;1.0;0.0;
5;2025-11-01;22;0.0;0.8;1.015;1.0;0.0;
5;2025-11-01;23;0.0;0.8;1.015;1.0;0.0;
5;2025-11-02;0;0.0;1.0;1.014;1.0;0.0;
5;2025-11-02;1;0.0;1.0;1.014;1.0;0.0;
5;2025-11-02;2;0.0;1.0;1.014;1.0;0.0;
5;2025-11-02;3;0.0;1.0;1.014;1.0;0.0;
5;2025-11-02;4;0.0;1.0;1.014;1.0;0.0;
5;2025-11-02;5;0.0;1.0;1.014;1.0;0.0;
5;2025-11-02;6;0.0;1.0;1.014;1.0;0.0;
5;2025-11-02;7;0.0;1.0;1.014;1.0;0.0;
5;2025-11-02;8;0.0;1.0;1.014;1.0;0.0;
5;2025-11-02;9;0.0;1.0;1.014;1.0;0.0;
5;2025-11-02;10;0.0;1.0;1.014;1.0;0.0;
5;2025-11-02;11;0.0;1.0;1.014;1.0;0.0;
5;2025-11-02;12;0.0;1.0;1.014;1.0;0.0;
5;2025-11-02;13;0.0;1.0;1.014;1.0;0.0;
5;2025-11-02;14;0.0;1.0;1.014;1.0;0.0;
5;2025-11-02;15;0.0;1.0;1.014;1.0;0.0;
5;2025-11-02;16;0.0;1.0;1.014;1.0;0.0;
5;2025-11-02;17;0.0;1.0;1.014;1.0;0.0;
5;2025-11-02;18;0.0;1.0;1.014;1.0;0.0;
5;2025-11-02;19;0.0;1.0;1.014;1.0;0.0;
5;2025-11-02;20;0.0;1.0;1.014;1.0;0.0;
5;2025-11-02;21;0.0;1.0;1.014;1.0;0.0;
5;2025-11-02;22;0.0;1.0;1.014;1.0;0.0;
5;2025-11-02;23;0.0;1.0;1.014;1.0;0.0;
5;2025-11-03;0;0.0;1.0;0.995;1.0;0.0;
5;2025-11-03;1;0.0;1.0;0.995;1.0;0.0;
5;2025-11-03;2;0.0;1.0;0.995;1.0;0.0;
5;2025-11-03;3;0.0;1.0;0.995;1.0;0.0;
5;2025-11-03;4;0.0;1.0;0.995;1.0;0.0;
5;2025-11-03;5;0.0;1.0;0.995;1.0;0.0;
5;2025-11-03;6;0.0;1.0;0.995;1.0;0.0;
5;2025-11-03;7;0.0;1.0;0.995;1.0;0.0;
5;2025-11-03;8;0.0;1.0;0.995;1.0;0.0;
5;2025-11-03;9;0.0;1.0;0.995;1.0;0.0;
5;2025-11-03;10;0.0;1.0;0.995;1.0;0.0;
5;2025-11-03;11;0.0;1.0;0.995;1.0;0.0;
5;2025-11-03;12;0.0;1.0;0.995;1.0;0.0;
5;2025-11-03;13;0.0;1.0;0.995;1.0;0.0;
5;2025-11-03;14;0.0;1.0;0.995;1.0;0.0;
5;2025-11-03;15;0.0;1.0;0.995;1.0;0.0;
5;2025-11-03;16;0.0;1.0;0.995;1.0;0.0;
5;2025-11-03;17;0.0;1.0;0.995;1.0;0.0;
5;2025-11-03;18;0.0;1.0;0.995;1.0;0.0;
5;2025-11-03;19;0.0;1.0;0.995;1.0;0.0;
5;2025-11-03;20;0.0;1.0;0.995;1.0;0.0;
5;2025-11-03;21;0.0;1.0;0.995;1.0;0.0;
5;2025-11-03;22;0.0;1.0;0.995;1.0;0.0;
5;2025-11-03;23;0.0;1.0;0.995;1.0;0.0;
5;2025-11-04;0;0.0;1.0;0.986;1.0;0.0;
5;2025-11-04;1;0.0;1.0;0.986;1.0;0.0;
5;2025-11-04;2;0.0;1.0;0.986;1.0;0.0;
5;2025-11-04;3;0.0;1.0;0.986;1.0;0.0;
5;2025-11-04;4;0.0;1.0;0.986;1.0;0.0;
5;2025-11-04;5;0.0;1.0;0.986;1.0;0.0;
5;2025-11-04;6;0.0;1.0;0.986;1.0;0.0;
5;2025-11-04;7;0.0;1.0;0.986;1.0;0.0;
5;2025-11-04;8;0.0;1.0;0.986;1.0;0.0;
5;2025-11-04;9;0.0;1.0;0.986;1.0;0.0;
5;2025-11-04;10;0.0;1.0;0.986;1.0;0.0;
5;2025-11-04;11;0.0;1.0;0.986;1.0;0.0;
5;2025-11-04;12;0.0;1.0;0.986;1.0;0.0;
5;2025-11-04;13;0.0;1.0;0.986;1.0;0.0;
5;2025-11-04;14;0.0;1.0;0.986;1.0;0.0;
5;2025-11-04;15;0.0;1.0;0.986;1.0;0.0;
5;2025-11-04;16;0.0;1.0;0.986;1.0;0.0;
5;2025-11-04;17;0.0;1.0;0.986;1.0;0.0;
5;2025-11-04;18;0.0;1.0;0.986;1.0;0.0;
5;2025-11-04;19;0.0;1.0;0.986;1.0;0.0;
5;2025-11-04;20;0.0;1.0;0.986;1.0;0.0;
5;2025-11-04;21;0.0;1.0;0.986;1.0;0.0;
5;2025-11-04;22;0.0;1.0;0.986;1.0;0.0;
5;2025-11-04;23;0.0;1.0;0.986;1.0;0.0;
5;2025-11-05;0;0.0;1.0;1.015;1.0;0.0;
5;2025-11-05;1;0.0;1.0;1.015;1.0;0.0;
5;2025-11-05;2;0.0;1.0;1.015;1.0;0.0;
5;2025-11-05;3;0.0;1.0;1.015;1.0;0.0;
5;2025-11-05;4;0.0;1.0;1.015;1.0;0.0;
5;2025-11-05;5;0.0;1.0;1.015;1.0;0.0;
5;2025-11-05;6;0.0;1.0;1.015;1.0;0.0;
5;2025-11-05;7;0.0;1.0;1.015;1.0;0.0;
5;2025-11-05;8;0.0;1.0;1.015;1.0;0.0;
5;2025-11-05;9;0.0;1.0;1.015;1.0;0.0;
5;2025-11-05;10;0.0;1.0;1.015;1.0;0.0;
5;2025-11-05;11;0.0;1.0;1.015;1.0;0.0;
5;2025-11-05;12;0.0;1.0;1.015;1.0;0.0;
5;2025-11-05;13;0.0;1.0;1.015;1.0;0.0;
5;2025-11-05;14;0.0;1.0;1.015;1.0;0.0;
5;2025-11-05;15;0.0;1.0;1.015;1.0;0.0;
5;2025-11-05;16;0.0;1.0;1.015;1.0;0.0;
5;2025-11-05;17;0.0;1.0;1.015;1.0;0.0;
5;2025-11-05;18;0.0;1.0;1.015;1.0;0.0;
5;2025-11-05;19;0.0;1.0;1.015;1.0;0.0;
5;2025-11-05;20;0.0;1.0;1.015;1.0;0.0;
5;2025-11-05;21;0.0;1.0;1.015;1.0;0.0;
5;2025-11-05;22;0.0;1.0;1.015;1.0;0.0;
5;2025-11-05;23;0.0;1.0;1.015;1.0;0.0;
5;2025-11-06;0;0.0;1.0;0.999;1.0;0.0;
5;2025-11-06;1;0.0;1.0;0.999;1.0;0.0;
5;2025-11-06;2;0.0;1.0;0.999;1.0;0.0;
5;2025-11-06;3;0.0;1.0;0.999;1.0;0.0;
5;2025-11-06;4;0.0;1.0;0.999;1.0;0.0;
5;2025-11-06;5;0.0;1.0;0.999;1.0;0.0;
5;2025-11-06;6;0.0;1.0;0.999;1.0;0.0;
5;2025-11-06;7;0.0;1.0;0.999;1.0;0.0;
5;2025-11-06;8;0.0;1.0;0.999;1.0;0.0;
5;2025-11-06;9;0.0;1.0;0.999;1.0;0.0;
5;2025-11-06;10;0.0;1.0;0.999;1.0;0.0;
5;2025-11-06;11;0.0;1.0;0.999;1.0;0.0;
5;2025-11-06;12;0.0;1.0;0.999;1.0;0.0;
5;2025-11-06;13;0.0;1.0;0.999;1.0;0.0;
5;2025-11-06;14;0.0;1.0;0.999;1.0;0.0;
5;2025-11-06;15;0.0;1.0;0.999;1.0;0.0;
5;2025-11-06;16;0.0;1.0;0.999;1.0;0.0;
5;2025-11-06;17;0.0;1.0;0.999;1.0;0.0;
5;2025-11-06;18;0.0;1.0;0.999;1.0;0.0;
5;2025-11-06;19;0.0;1.0;0.999;1.0;0.0;
5;2025-11-06;20;0.0;1.0;0.999;1.0;0.0;
5;2025-11-06;21;0.0;1.0;0.999;1.0;0.0;
5;2025-11-06;22;0.0;1.0;0.999;1.0;0.0;
5;2025-11-06;23;0.0;1.0;0.999;1.0;0.0;
5;2025-11-07;0;0.0;1.0;1.01;1.0;0.0;
5;2025-11-07;1;0.0;1.0;1.01;1.0;0.0;
5;2025-11-07;2;0.0;1.0;1.01;1.0;0.0;
5;2025-11-07;3;0.0;1.0;1.01;1.0;0.0;
5;2025-11-07;4;0.0;1.0;1.01;1.0;0.0;
5;2025-11-07;5;0.0;1.0;1.01;1.0;0.0;
5;2025-11-07;6;0.0;1.0;1.01;1.0;0.0;
5;2025-11-07;7;0.0;1.0;1.01;1.0;0.0;
5;2025-11-07;8;0.0;1.0;1.01;1.0;0.0;
5;2025-11-07;9;0.0;1.0;1.01;1.0;0.0;
5;2025-11-07;10;0.0;1.0;1.01;1.0;0.0;
5;2025-11-07;11;0.0;1.0;1.01;1.0;0.0;
5;2025-11-07;12;0.0;1.0;1.01;1.0;0.0;
5;2025-11-07;13;0.0;1.0;1.01;1.0;0.0;
5;2025-11-07;14;0.0;1.0;1.01;1.0;0.0;
5;2025-11-07;15;0.0;1.0;1.01;1.0;0.0;
5;2025-11-07;16;0.0;1.0;1.01;1.0;0.0;
5;2025-11-07;17;0.0;1.0;1.01;1.0;0.0;
5;2025-11-07;18;0.0;1.0;1.01;1.0;0.0;
5;2025-11-07;19;0.0;1.0;1.01;1.0;0.0;
5;2025-11-07;20;0.0;1.0;1.01;1.0;0.0;
5;2025-11-07;21;0.0;1.0;1.01;1.0;0.0;
5;2025-11-07;22;0.0;1.0;1.01;1.0;0.0;
5;2025-11-07;23;0.0;1.0;1.01;1.0;0.0;
5;2025-11-08;0;0.0;1.0;1.015;1.0;0.0;
5;2025-11-08;1;0.0;1.0;1.015;1.0;0.0;
5;2025-11-08;2;0.0;1.0;1.015;1.0;0.0;
5;2025-11-08;3;0.0;1.0;1.015;1.0;0.0;
5;2025-11-08;4;0.0;1.0;1.015;1.0;0.0;
5;2025-11-08;5;0.0;1.0;1.015;1.0;0.0;
5;2025-11-08;6;0.0;1.0;1.015;1.0;0.0;
5;2025-11-08;7;0.0;1.0;1.015;1.0;0.0;
5;2025-11-08;8;0.0;1.0;1.015;1.0;0.0;
5;2025-11-08;9;0.0;1.0;1.015;1.0;0.0;
5;2025-11-08;10;0.0;1.0;1.015;1.0;0.0;
5;2025-11-08;11;0.0;1.0;1.015;1.0;0.0;
5;2025-11-08;12;0.0;1.0;1.015;1.0;0.0;
5;2025-11-08;13;0.0;1.0;1.015;1.0;0.0;
5;2025-11-08;14;0.0;1.0;1.015;1.0;0.0;
5;2025-11-08;15;0.0;1.0;1.015;1.0;0.0;
5;2025-11-08;16;0.0;1.0;1.015;1.0;0.0;
5;2025-11-08;17;0.0;1.0;1.015;1.0;0.0;
5;2025-11-08;18;0.0;1.0;1.015;1.0;0.0;
5;2025-11-08;19;0.0;1.0;1.015;1.0;0.0;
5;2025-11-08;20;0.0;1.0;1.015;1.0;0.0;
5;2025-11-08;21;0.0;1.0;1.015;1.0;0.0;
5;2025-11-08;22;0.0;1.0;1.015;1.0;0.0;
5;2025-11-08;23;0.0;1.0;1.015;1.0;0.0;
5;2025-11-09;0;0.0;1.0;1.015;1.0;0.0;
5;2025-11-09;1;0.0;1.0;1.015;1.0;0.0;
5;2025-11-09;2;0.0;1.0;1.015;1.0;0.0;
5;2025-11-09;3;0.0;1.0;1.015;1.0;0.0;
5;2025-11-09;4;0.0;1.0;1.015;1.0;0.0;
5;2025-11-09;5;0.0;1.0;1.015;1.0;0.0;
5;2025-11-09;6;0.0;1.0;1.015;1.0;0.0;
5;2025-11-09;7;0.0;1.0;1.015;1.0;0.0;
5;2025-11-09;8;0.0;1.0;1.015;1.0;0.0;
5;2025-11-09;9;0.0;1.0;1.015;1.0;0.0;
5;2025-11-09;10;0.0;1.0;1.015;1.0;0.0;
5;2025-11-09;11;0.0;1.0;1.015;1.0;0.0;
5;2025-11-09;12;0.0;1.0;1.015;1.0;0.0;
5;2025-11-09;13;0.0;1.0;1.015;1.0;0.0;
5;2025-11-09;14;0.0;1.0;1.015;1.0;0.0;
5;2025-11-09;15;0.0;1.0;1.015;1.0;0.0;
5;2025-11-09;16;0.0;1.0;1.015;1.0;0.0;
5;2025-11-09;17;0.0;1.0;1.015;1.0;0.0;
5;2025-11-09;18;0.0;1.0;1.015;1.0;0.0;
5;2025-11-09;19;0.0;1.0;1.015;1.0;0.0;
5;2025-11-09;20;0.0;1.0;1.015;1.0;0.0;
5;2025-11-09;21;0.0;1.0;1.015;1.0;0.0;
5;2025-11-09;22;0.0;1.0;1.015;1.0;0.0;
5;2025-11-09;23;0.0;1.0;1.015;1.0;0.0;
5;2025-11-10;0;0.0;1.0;1.015;1.0;0.0;
5;2025-11-10;1;0.0;1.0;1.015;1.0;0.0;
5;2025-11-10;2;0.0;1.0;1.015;1.0;0.0;
5;2025-11-10;3;0.0;1.0;1.015;1.0;0.0;
5;2025-11-10;4;0.0;1.0;1.015;1.0;0.0;
5;2025-11-10;5;0.0;1.0;1.015;1.0;0.0;
5;2025-11-10;6;0.0;1.0;1.015;1.0;0.0;
5;2025-11-10;7;0.0;1.0;1.015;1.0;0.0;
5;2025-11-10;8;0.0;1.0;1.015;1.0;0.0;
5;2025-11-10;9;0.0;1.0;1.015;1.0;0.0;
5;2025-11-10;10;0.0;1.0;1.015;1.0;0.0;
5;2025-11-10;11;0.0;1.0;1.015;1.0;0.0;
5;2025-11-10;12;0.0;1.0;1.015;1.0;0.0;
5;2025-11-10;13;0.0;1.0;1.015;1.0;0.0;
5;2025-11-10;14;0.0;1.0;1.015;1.0;0.0;
5;2025-11-10;15;0.0;1.0;1.015;1.0;0.0;
5;2025-11-10;16;0.0;1.0;1.015;1.0;0.0;
5;2025-11-10;17;0.0;1.0;1.015;1.0;0.0;
5;2025-11-10;18;0.0;1.0;1.015;1.0;0.0;
5;2025-11-10;19;0.0;1.0;1.015;1.0;0.0;
5;2025-11-10;20;0.0;1.0;1.015;1.0;0.0;
5;2025-11-10;21;0.0;1.0;1.015;1.0;0.0;
5;2025-11-10;22;0.0;1.0;1.015;1.0;0.0;
5;2025-11-10;23;0.0;1.0;1.015;1.0;0.0;
5;2025-11-11;0;0.0;1.0;1.015;1.0;0.0;
5;2025-11-11;1;0.0;1.0;1.015;1.0;0.0;
5;2025-11-11;2;0.0;1.0;1.015;1.0;0.0;
5;2025-11-11;3;0.0;1.0;1.015;1.0;0.0;
5;2025-11-11;4;0.0;1.0;1.015;1.0;0.0;
5;2025-11-11;5;0.0;1.0;1.015;1.0;0.0;
5;2025-11-11;6;0.0;1.0;1.015;1.0;0.0;
5;2025-11-11;7;0.0;1.0;1.015;1.0;0.0;
5;2025-11-11;8;0.0;1.0;1.015;1.0;0.0;
5;2025-11-11;9;0.0;1.0;1.015;1.0;0.0;
5;2025-11-11;10;0.0;1.0;1.015;1.0;0.0;
5;2025-11-11;11;0.0;1.0;1.015;1.0;0.0;
5;2025-11-11;12;0.0;1.0;1.015;1.0;0.0;
5;2025-11-11;13;0.0;1.0;1.015;1.0;0.0;
5;2025-11-11;14;0.0;1.0;1.015;1.0;0.0;
5;2025-11-11;15;0.0;1.0;1.015;1.0;0.0;
5;2025-11-11;16;0.0;1.0;1.015;1.0;0.0;
5;2025-11-11;17;0.0;1.0;1.015;1.0;0.0;
5;2025-11-11;18;0.0;1.0;1.015;1.0;0.0;
5;2025-11-11;19;0.0;1.0;1.015;1.0;0.0;
5;2025-11-11;20;0.0;1.0;1.015;1.0;0.0;
5;2025-11-11;21;0.0;1.0;1.015;1.0;0.0;
5;2025-11-11;22;0.0;1.0;1.015;1.0;0.0;
5;2025-11-11;23;0.0;1.0;1.015;1.0;0.0;
5;2025-11-12;0;0.0;1.0;1.004;1.0;0.0;
5;2025-11-12;1;0.0;1.0;1.004;1.0;0.0;
5;2025-11-12;2;0.0;1.0;1.004;1.0;0.0;
5;2025-11-12;3;0.0;1.0;1.004;1.0;0.0;
5;2025-11-12;4;0.0;1.0;1.004;1.0;0.0;
5;2025-11-12;5;0.0;1.0;1.004;1.0;0.0;
5;2025-11-12;6;0.0;1.0;1.004;1.0;0.0;
5;2025-11-12;7;0.0;1.0;1.004;1.0;0.0;
5;2025-11-12;8;0.0;1.0;1.004;1.0;0.0;
5;2025-11-12;9;0.0;1.0;1.004;1.0;0.0;
5;2025-11-12;10;0.0;1.0;1.004;1.0;0.0;
5;2025-11-12;11;0.0;1.0;1.004;1.0;0.0;
5;2025-11-12;12;0.0;1.0;1.004;1.0;0.0;
5;2025-11-12;13;0.0;1.0;1.004;1.0;0.0;
5;2025-11-12;14;0.0;1.0;1.004;1.0;0.0;
5;2025-11-12;15;0.0;1.0;1.004;1.0;0.0;
5;2025-11-12;16;0.0;1.0;1.004;1.0;0.0;
5;2025-11-12;17;0.0;1.0;1.004;1.0;0.0;
5;2025-11-12;18;0.0;1.0;1.004;1.0;0.0;
5;2025-11-12;19;0.0;1.0;1.004;1.0;0.0;
5;2025-11-12;20;0.0;1.0;1.004;1.0;0.0;
5;2025-11-12;21;0.0;1.0;1.004;1.0;0.0;
5;2025-11-12;22;0.0;1.0;1.004;1.0;0.0;
5;2025-11-12;23;0.0;1.0;1.004;1.0;0.0;
5;2025-11-13;0;0.0;1.0;1.014;1.0;0.0;
5;2025-11-13;1;0.0;1.0;1.014;1.0;0.0;
5;2025-11-13;2;0.0;1.0;1.014;1.0;0.0;
5;2025-11-13;3;0.0;1.0;1.014;1.0;0.0;
5;2025-11-13;4;0.0;1.0;1.014;1.0;0.0;
5;2025-11-13;5;0.0;1.0;1.014;1.0;0.0;
5;2025-11-13;6;0.0;1.0;1.014;1.0;0.0;
5;2025-11-13;7;0.0;1.0;1.014;1.0;0.0;
5;2025-11-13;8;0.0;1.0;1.014;1.0;0.0;
5;2025-11-13;9;0.0;1.0;1.014;1.0;0.0;
5;2025-11-13;10;0.0;1.0;1.014;1.0;0.0;
5;2025-11-13;11;0.0;1.0;1.014;1.0;0.0;
5;2025-11-13;12;0.0;1.0;1.014;1.0;0.0;
5;2025-11-13;13;0.0;1.0;1.014;1.0;0.0;
5;2025-11-13;14;0.0;1.0;1.014;1.0;0.0;
5;2025-11-13;15;0.0;1.0;1.014;1.0;0.0;
5;2025-11-13;16;0.0;1.0;1.014;1.0;0.0;
5;2025-11-13;17;0.0;1.0;1.014;1.0;0.0;
5;2025-11-13;18;0.0;1.0;1.014;1.0;0.0;
5;2025-11-13;19;0.0;1.0;1.014;1.0;0.0;
5;2025-11-13;20;0.0;1.0;1.014;1.0;0.0;
5;2025-11-13;21;0.0;1.0;1.014;1.0;0.0;
5;2025-11-13;22;0.0;1.0;1.014;1.0;0.0;
5;2025-11-13;23;0.0;1.0;1.014;1.0;0.0;
5;2025-11-14;0;0.0;1.0;1.012;1.0;0.0;
5;2025-11-14;1;0.0;1.0;1.012;1.0;0.0;
5;2025-11-14;2;0.0;1.0;1.012;1.0;0.0;
5;2025-11-14;3;0.0;1.0;1.012;1.0;0.0;
5;2025-11-14;4;0.0;1.0;1.012;1.0;0.0;
5;2025-11-14;5;0.0;1.0;1.012;1.0;0.0;
5;2025-11-14;6;0.0;1.0;1.012;1.0;0.0;
5;2025-11-14;7;0.0;1.0;1.012;1.0;0.0;
5;2025-11-14;8;0.0;1.0;1.012;1.0;0.0;
5;2025-11-14;9;0.0;1.0;1.012;1.0;0.0;
5;2025-11-14;10;0.0;1.0;1.012;1.0;0.0;
5;2025-11-14;11;0.0;1.0;1.012;1.0;0.0;
5;2025-11-14;12;0.0;1.0;1.012;1.0;0.0;
5;2025-11-14;13;0.0;1.0;1.012;1.0;0.0;
5;2025-11-14;14;0.0;1.0;1.012;1.0;0.0;
5;2025-11-14;15;0.0;1.0;1.012;1.0;0.0;
5;2025-11-14;16;0.0;1.0;1.012;1.0;0.0;
5;2025-11-14;17;0.0;1.0;1.012;1.0;0.0;
5;2025-11-14;18;0.0;1.0;1.012;1.0;0.0;
5;2025-11-14;19;0.0;1.0;1.012;1.0;0.0;
5;2025-11-14;20;0.0;1.0;1.012;1.0;0.0;
5;2025-11-14;21;0.0;1.0;1.012;1.0;0.0;
5;2025-11-14;22;0.0;1.0;1.012;1.0;0.0;
5;2025-11-14;23;0.0;1.0;1.012;1.0;0.0;
5;2025-11-15;0;0.0;1.0;0.947;1.0;0.0;
5;2025-11-15;1;0.0;1.0;0.947;1.0;0.0;
5;2025-11-15;2;0.0;1.0;0.947;1.0;0.0;
5;2025-11-15;3;0.0;1.0;0.947;1.0;0.0;
5;2025-11-15;4;0.0;1.0;0.947;1.0;0.0;
5;2025-11-15;5;0.0;1.0;0.947;1.0;0.0;
5;2025-11-15;6;0.0;1.0;0.947;1.0;0.0;
5;2025-11-15;7;0.0;1.0;0.947;1.0;0.0;
5;2025-11-15;8;0.0;1.0;0.947;1.0;0.0;
5;2025-11-15;9;0.0;1.0;0.947;1.0;0.0;
5;2025-11-15;10;0.0;1.0;0.947;1.0;0.0;
5;2025-11-15;11;0.0;1.0;0.947;1.0;0.0;
5;2025-11-15;12;0.0;1.0;0.947;1.0;0.0;
5;2025-11-15;13;0.0;1.0;0.947;1.0;0.0;
5;2025-11-15;14;0.0;1.0;0.947;1.0;0.0;
5;2025-11-15;15;0.0;1.0;0.947;1.0;0.0;
5;2025-11-15;16;0.0;1.0;0.947;1.0;0.0;
5;2025-11-15;17;0.0;1.0;0.947;1.0;0.0;
5;2025-11-15;18;0.0;1.0;0.947;1.0;0.0;
5;2025-11-15;19;0.0;1.0;0.947;1.0;0.0;
5;2025-11-15;20;0.0;1.0;0.947;1.0;0.0;
5;2025-11-15;21;0.0;1.0;0.947;1.0;0.0;
5;2025-11-15;22;0.0;1.0;0.947;1.0;0.0;
5;2025-11-15;23;0.0;1.0;0.947;1.0;0.0;
5;2025-11-16;0;0.0;1.0;1.015;1.0;0.0;
5;2025-11-16;1;0.0;1.0;1.015;1.0;0.0;
5;2025-11-16;2;0.0;1.0;1.015;1.0;0.0;
5;2025-11-16;3;0.0;1.0;1.015;1.0;0.0;
5;2025-11-16;4;0.0;1.0;1.015;1.0;0.0;
5;2025-11-16;5;0.0;1.0;1.015;1.0;0.0;
5;2025-11-16;6;0.0;1.0;1.015;1.0;0.0;
5;2025-11-16;7;0.0;1.0;1.015;1.0;0.0;
5;2025-11-16;8;0.0;1.0;1.015;1.0;0.0;
5;2025-11-16;9;0.0;1.0;1.015;1.0;0.0;
5;2025-11-16;10;0.0;1.0;1.015;1.0;0.0;
5;2025-11-16;11;0.0;1.0;1.015;1.0;0.0;
5;2025-11-16;12;0.0;1.0;1.015;1.0;0.0;
5;2025-11-16;13;0.0;1.0;1.015;1.0;0.0;
5;2025-11-16;14;0.0;1.0;1.015;1.0;0.0;
5;2025-11-16;15;0.0;1.0;1.015;1.0;0.0;
5;2025-11-16;16;0.0;1.0;1.015;1.0;0.0;
5;2025-11-16;17;0.0;1.0;1.015;1.0;0.0;
5;2025-11-16;18;0.0;1.0;1.015;1.0;0.0;
5;2025-11-16;19;0.0;1.0;1.015;1.0;0.0;
5;2025-11-16;20;0.0;1.0;1.015;1.0;0.0;
5;2025-11-16;21;0.0;1.0;1.015;1.0;0.0;
5;2025-11-16;22;0.0;1.0;1.015;1.0;0.0;
5;2025-11-16;23;0.0;1.0;1.015;1.0;0.0;
5;2025-11-17;0;0.0;1.0;0.983;1.0;0.0;
5;2025-11-17;1;0.0;1.0;0.983;1.0;0.0;
5;2025-11-17;2;0.0;1.0;0.983;1.0;0.0;
5;2025-11-17;3;0.0;1.0;0.983;1.0;0.0;
5;2025-11-17;4;0.0;1.0;0.983;1.0;0.0;
5;2025-11-17;5;0.0;1.0;0.983;1.0;0.0;
5;2025-11-17;6;0.0;1.0;0.983;1.0;0.0;
5;2025-11-17;7;0.0;1.0;0.983;1.0;0.0;
5;2025-11-17;8;0.0;1.0;0.983;1.0;0.0;
5;2025-11-17;9;0.0;1.0;0.983;1.0;0.0;
5;2025-11-17;10;0.0;1.0;0.983;1.0;0.0;
5;2025-11-17;11;0.0;1.0;0.983;1.0;0.0;
5;2025-11-17;12;0.0;1.0;0.983;1.0;0.0;
5;2025-11-17;13;0.0;1.0;0.983;1.0;0.0;
5;2025-11-17;14;0.0;1.0;0.983;1.0;0.0;
5;2025-11-17;15;0.0;1.0;0.983;1.0;0.0;
5;2025-11-17;16;0.0;1.0;0.983;1.0;0.0;
5;2025-11-17;17;0.0;1.0;0.983;1.0;0.0;
5;2025-11-17;18;0.0;1.0;0.983;1.0;0.0;
5;2025-11-17;19;0.0;1.0;0.983;1.0;0.0;
5;2025-11-17;20;0.0;1.0;0.983;1.0;0.0;
5;2025-11-17;21;0.0;1.0;0.983;1.0;0.0;
5;2025-11-17;22;0.0;1.0;0.983;1.0;0.0;
5;2025-11-17;23;0.0;1.0;0.983;1.0;0.0;
5;2025-11-18;0;0.0;1.0;0.964;1.0;0.0;
5;2025-11-18;1;0.0;1.0;0.964;1.0;0.0;
5;2025-11-18;2;0.0;1.0;0.964;1.0;0.0;
5;2025-11-18;3;0.0;1.0;0.964;1.0;0.0;
5;2025-11-18;4;0.0;1.0;0.964;1.0;0.0;
5;2025-11-18;5;0.0;1.0;0.964;1.0;0.0;
5;2025-11-18;6;0.0;1.0;0.964;1.0;0.0;
5;2025-11-18;7;0.0;1.0;0.964;1.0;0.0;
5;2025-11-18;8;0.0;1.0;0.964;1.0;0.0;
5;2025-11-18;9;0.0;1.0;0.964;1.0;0.0;
5;2025-11-18;10;0.0;1.0;0.964;1.0;0.0;
5;2025-11-18;11;0.0;1.0;0.964;1.0;0.0;
5;2025-11-18;12;0.0;1.0;0.964;1.0;0.0;
5;2025-11-18;13;0.0;1.0;0.964;1.0;0.0;
5;2025-11-18;14;0.0;1.0;0.964;1.0;0.0;
5;2025-11-18;15;0.0;1.0;0.964;1.0;0.0;
5;2025-11-18;16;0.0;1.0;0.964;1.0;0.0;
5;2025-11-18;17;0.0;1.0;0.964;1.0;0.0;
5;2025-11-18;18;0.0;1.0;0.964;1.0;0.0;
5;2025-11-18;19;0.0;1.0;0.964;1.0;0.0;
5;2025-11-18;20;0.0;1.0;0.964;1.0;0.0;
5;2025-11-18;21;0.0;1.0;0.964;1.0;0.0;
5;2025-11-18;22;0.0;1.0;0.964;1.0;0.0;
5;2025-11-18;23;0.0;1.0;0.964;1.0;0.0;
5;2025-11-19;0;0.0;1.0;1.015;1.0;0.0;
5;2025-11-19;1;0.0;1.0;1.015;1.0;0.0;
5;2025-11-19;2;0.0;1.0;1.015;1.0;0.0;
5;2025-11-19;3;0.0;1.0;1.015;1.0;0.0;
5;2025-11-19;4;0.0;1.0;1.015;1.0;0.0;
5;2025-11-19;5;0.0;1.0;1.015;1.0;0.0;
5;2025-11-19;6;0.0;1.0;1.015;1.0;0.0;
5;2025-11-19;7;0.0;1.0;1.015;1.0;0.0;
5;2025-11-19;8;0.0;1.0;1.015;1.0;0.0;
5;2025-11-19;9;0.0;1.0;1.015;1.0;0.0;
5;2025-11-19;10;0.0;1.0;1.015;1.0;0.0;
5;2025-11-19;11;0.0;1.0;1.015;1.0;0.0;
5;2025-11-19;12;0.0;1.0;1.015;1.0;0.0;
5;2025-11-19;13;0.0;1.0;1.015;1.0;0.0;
5;2025-11-19;14;0.0;1.0;1.015;1.0;0.0;
5;2025-11-19;15;0.0;1.0;1.015;1.0;0.0;
5;2025-11-19;16;0.0;1.0;1.015;1.0;0.0;
5;2025-11-19;17;0.0;1.0;1.015;1.0;0.0;
5;2025-11-19;18;0.0;1.0;1.015;1.0;0.0;
5;2025-11-19;19;0.0;1.0;1.015;1.0;0.0;
5;2025-11-19;20;0.0;1.0;1.015;1.0;0.0;
5;2025-11-19;21;0.0;1.0;1.015;1.0;0.0;
5;2025-11-19;22;0.0;1.0;1.015;1.0;0.0;
5;2025-11-19;23;0.0;1.0;1.015;1.0;0.0;
5;2025-11-20;0;0.0;1.0;1.015;1.0;0.0;
5;2025-11-20;1;0.0;1.0;1.015;1.0;0.0;
5;2025-11-20;2;0.0;1.0;1.015;1.0;0.0;
5;2025-11-20;3;0.0;1.0;1.015;1.0;0.0;
5;2025-11-20;4;0.0;1.0;1.015;1.0;0.0;
5;2025-11-20;5;0.0;1.0;1.015;1.0;0.0;
5;2025-11-20;6;0.0;1.0;1.015;1.0;0.0;
5;2025-11-20;7;0.0;1.0;1.015;1.0;0.0;
5;2025-11-20;8;0.0;1.0;1.015;1.0;0.0;
5;2025-11-20;9;0.0;1.0;1.015;1.0;0.0;
5;2025-11-20;10;0.0;1.0;1.015;1.0;0.0;
5;2025-11-20;11;0.0;1.0;1.015;1.0;0.0;
5;2025-11-20;12;0.0;1.0;1.015;1.0;0.0;
5;2025-11-20;13;0.0;1.0;1.015;1.0;0.0;
5;2025-11-20;14;0.0;1.0;1.015;1.0;0.0;
5;2025-11-20;15;0.0;1.0;1.015;1.0;0.0;
5;2025-11-20;16;0.0;1.0;1.015;1.0;0.0;
5;2025-11-20;17;0.0;1.0;1.015;1.0;0.0;
5;2025-11-20;18;0.0;1.0;1.015;1.0;0.0;
5;2025-11-20;19;0.0;1.0;1.015;1.0;0.0;
5;2025-11-20;20;0.0;1.0;1.015;1.0;0.0;
5;2025-11-20;21;0.0;1.0;1.015;1.0;0.0;
5;2025-11-20;22;0.0;1.0;1.015;1.0;0.0;
5;2025-11-20;23;0.0;1.0;1.015;1.0;0.0;
5;2025-11-21;0;0.0;1.0;1.012;1.0;0.0;
5;2025-11-21;1;0.0;1.0;1.012;1.0;0.0;
5;2025-11-21;2;0.0;1.0;1.012;1.0;0.0;
5;2025-11-21;3;0.0;1.0;1.012;1.0;0.0;
5;2025-11-21;4;0.0;1.0;1.012;1.0;0.0;
5;2025-11-21;5;0.0;1.0;1.012;1.0;0.0;
5;2025-11-21;6;0.0;1.0;1.012;1.0;0.0;
5;2025-11-21;7;0.0;1.0;1.012;1.0;0.0;
5;2025-11-21;8;0.0;1.0;1.012;1.0;0.0;
5;2025-11-21;9;0.0;1.0;1.012;1.0;0.0;
5;2025-11-21;10;0.0;1.0;1.012;1.0;0.0;
5;2025-11-21;11;0.0;1.0;1.012;1.0;0.0;
5;2025-11-21;12;0.0;1.0;1.012;1.0;0.0;
5;2025-11-21;13;0.0;1.0;1.012;1.0;0.0;
5;2025-11-21;14;0.0;1.0;1.012;1.0;0.0;
5;2025-11-21;15;0.0;1.0;1.012;1.0;0.0;
5;2025-11-21;16;0.0;1.0;1.012;1.0;0.0;
5;2025-11-21;17;0.0;1.0;1.012;1.0;0.0;
5;2025-11-21;18;0.0;1.0;1.012;1.0;0.0;
5;2025-11-21;19;0.0;1.0;1.012;1.0;0.0;
5;2025-11-21;20;0.0;1.0;1.012;1.0;0.0;
5;2025-11-21;21;0.0;1.0;1.012;1.0;0.0;
5;2025-11-21;22;0.0;1.0;1.012;1.0;0.0;
5;2025-11-21;23;0.0;1.0;1.012;1.0;0.0;
5;2025-11-22;0;0.0;1.0;1.003;1.0;0.0;
5;2025-11-22;1;0.0;1.0;1.003;1.0;0.0;
5;2025-11-22;2;0.0;1.0;1.003;1.0;0.0;
5;2025-11-22;3;0.0;1.0;1.003;1.0;0.0;
5;2025-11-22;4;0.0;1.0;1.003;1.0;0.0;
5;2025-11-22;5;0.0;1.0;1.003;1.0;0.0;
5;2025-11-22;6;0.0;1.0;1.003;1.0;0.0;
5;2025-11-22;7;0.0;1.0;1.003;1.0;0.0;
5;2025-11-22;8;0.0;1.0;1.003;1.0;0.0;
5;2025-11-22;9;0.0;1.0;1.003;1.0;0.0;
5;2025-11-22;10;0.0;1.0;1.003;1.0;0.0;
5;2025-11-22;11;0.0;1.0;1.003;1.0;0.0;
5;2025-11-22;12;0.0;1.0;1.003;1.0;0.0;
5;2025-11-22;13;0.0;1.0;1.003;1.0;0.0;
5;2025-11-22;14;0.0;1.0;1.003;1.0;0.0;
5;2025-11-22;15;0.0;1.0;1.003;1.0;0.0;
5;2025-11-22;16;0.0;1.0;1.003;1.0;0.0;
5;2025-11-22;17;0.0;1.0;1.003;1.0;0.0;
5;2025-11-22;18;0.0;1.0;1.003;1.0;0.0;
5;2025-11-22;19;0.0;1.0;1.003;1.0;0.0;
5;2025-11-22;20;0.0;1.0;1.003;1.0;0.0;
5;2025-11-22;21;0.0;1.0;1.003;1.0;0.0;
5;2025-11-22;22;0.0;1.0;1.003;1.0;0.0;
5;2025-11-22;23;0.0;1.0;1.003;1.0;0.0;
5;2025-11-23;0;0.0;1.0;1.015;1.0;0.0;
5;2025-11-23;1;0.0;1.0;1.015;1.0;0.0;
5;2025-11-23;2;0.0;1.0;1.015;1.0;0.0;
5;2025-11-23;3;0.0;1.0;1.015;1.0;0.0;
5;2025-11-23;4;0.0;1.0;1.015;1.0;0.0;
5;2025-11-23;5;0.0;1.0;1.015;1.0;0.0;
5;2025-11-23;6;0.0;1.0;1.015;1.0;0.0;
5;2025-11-23;7;0.0;1.0;1.015;1.0;0.0;
5;2025-11-23;8;0.0;1.0;1.015;1.0;0.0;
5;2025-11-23;9;0.0;1.0;1.015;1.0;0.0;
5;2025-11-23;10;0.0;1.0;1.015;1.0;0.0;
5;2025-11-23;11;0.0;1.0;1.015;1.0;0.0;
5;2025-11-23;12;0.0;1.0;1.015;1.0;0.0;
5;2025-11-23;13;0.0;1.0;1.015;1.0;0.0;
5;2025-11-23;14;0.0;1.0;1.015;1.0;0.0;
5;2025-11-23;15;0.0;1.0;1.015;1.0;0.0;
5;2025-11-23;16;0.0;1.0;1.015;1.0;0.0;
5;2025-11-23;17;0.0;1.0;1.015;1.0;0.0;
5;2025-11-23;18;0.0;1.0;1.015;1.0;0.0;
5;2025-11-23;19;0.0;1.0;1.015;1.0;0.0;
5;2025-11-23;20;0.0;1.0;1.015;1.0;0.0;
5;2025-11-23;21;0.0;1.0;1.015;1.0;0.0;
5;2025-11-23;22;0.0;1.0;1.015;1.0;0.0;
5;2025-11-23;23;0.0;1.0;1.015;1.0;0.0;
5;2025-11-24;0;0.0;1.0;0.969;1.0;0.0;
5;2025-11-24;1;0.0;1.0;0.969;1.0;0.0;
5;2025-11-24;2;0.0;1.0;0.969;1.0;0.0;
5;2025-11-24;3;0.0;1.0;0.969;1.0;0.0;
5;2025-11-24;4;0.0;1.0;0.969;1.0;0.0;
5;2025-11-24;5;0.0;1.0;0.969;1.0;0.0;
5;2025-11-24;6;0.0;1.0;0.969;1.0;0.0;
5;2025-11-24;7;0.0;1.0;0.969;1.0;0.0;
5;2025-11-24;8;0.0;1.0;0.969;1.0;0.0;
5;2025-11-24;9;0.0;1.0;0.969;1.0;0.0;
5;2025-11-24;10;0.0;1.0;0.969;1.0;0.0;
5;2025-11-24;11;0.0;1.0;0.969;1.0;0.0;
5;2025-11-24;12;0.0;1.0;0.969;1.0;0.0;
5;2025-11-24;13;0.0;1.0;0.969;1.0;0.0;
5;2025-11-24;14;0.0;1.0;0.969;1.0;0.0;
5;2025-11-24;15;0.0;1.0;0.969;1.0;0.0;
5;2025-11-24;16;0.0;1.0;0.969;1.0;0.0;
5;2025-11-24;17;0.0;1.0;0.969;1.0;0.0;
5;2025-11-24;18;0.0;1.0;0.969;1.0;0.0;
5;2025-11-24;19;0.0;1.0;0.969;1.0;0.0;
5;2025-11-24;20;0.0;1.0;0.969;1.0;0.0;
5;2025-11-24;21;0.0;1.0;0.969;1.0;0.0;
5;2025-11-24;22;0.0;1.0;0.969;1.0;0.0;
5;2025-11-24;23;0.0;1.0;0.969;1.0;0.0;
5;2025-11-25;0;0.0;1.0;1.015;1.0;0.0;
5;2025-11-25;1;0.0;1.0;1.015;1.0;0.0;
5;2025-11-25;2;0.0;1.0;1.015;1.0;0.0;
5;2025-11-25;3;0.0;1.0;1.015;1.0;0.0;
5;2025-11-25;4;0.0;1.0;1.015;1.0;0.0;
5;2025-11-25;5;0.0;1.0;1.015;1.0;0.0;
5;2025-11-25;6;0.0;1.0;1.015;1.0;0.0;
5;2025-11-25;7;0.0;1.0;1.015;1.0;0.0;
5;2025-11-25;8;0.0;1.0;1.015;1.0;0.0;
5;2025-11-25;9;0.0;1.0;1.015;1.0;0.0;
5;2025-11-25;10;0.0;1.0;1.015;1.0;0.0;
5;2025-11-25;11;0.0;1.0;1.015;1.0;0.0;
5;2025-11-25;12;0.0;1.0;1.015;1.0;0.0;
5;2025-11-25;13;0.0;1.0;1.015;1.0;0.0;
5;2025-11-25;14;0.0;1.0;1.015;1.0;0.0;
5;2025-11-25;15;0.0;1.0;1.015;1.0;0.0;
5;2025-11-25;16;0.0;1.0;1.015;1.0;0.0;
5;2025-11-25;17;0.0;1.0;1.015;1.0;0.0;
5;2025-11-25;18;0.0;1.0;1.015;1.0;0.0;
5;2025-11-25;19;0.0;1.0;1.015;1.0;0.0;
5;2025-11-25;20;0.0;1.0;1.015;1.0;0.0;
5;2025-11-25;21;0.0;1.0;1.015;1.0;0.0;
5;2025-11-25;22;0.0;1.0;1.015;1.0;0.0;
5;2025-11-25;23;0.0;1.0;1.015;1.0;0.0;
5;2025-11-26;0;0.0;1.0;0.966;1.0;0.0;
5;2025-11-26;1;0.0;1.0;0.966;1.0;0.0;
5;2025-11-26;2;0.0;1.0;0.966;1.0;0.0;
5;2025-11-26;3;0.0;1.0;0.966;1.0;0.0;
5;2025-11-26;4;0.0;1.0;0.966;1.0;0.0;
5;2025-11-26;5;0.0;1.0;0.966;1.0;0.0;
5;2025-11-26;6;0.0;1.0;0.966;1.0;0.0;
5;2025-11-26;7;0.0;1.0;0.966;1.0;0.0;
5;2025-11-26;8;0.0;1.0;0.966;1.0;0.0;
5;2025-11-26;9;0.0;1.0;0.966;1.0;0.0;
5;2025-11-26;10;0.0;1.0;0.966;1.0;0.0;
5;2025-11-26;11;0.0;1.0;0.966;1.0;0.0;
5;2025-11-26;12;0.0;1.0;0.966;1.0;0.0;
5;2025-11-26;13;0.0;1.0;0.966;1.0;0.0;
5;2025-11-26;14;0.0;1.0;0.966;1.0;0.0;
5;2025-11-26;15;0.0;1.0;0.966;1.0;0.0;
5;2025-11-26;16;0.0;1.0;0.966;1.0;0.0;
5;2025-11-26;17;0.0;1.0;0.966;1.0;0.0;
5;2025-11-26;18;0.0;1.0;0.966;1.0;0.0;
5;2025-11-26;19;0.0;1.0;0.966;1.0;0.0;
5;2025-11-26;20;0.0;1.0;0.966;1.0;0.0;
5;2025-11-26;21;0.0;1.0;0.966;1.0;0.0;
5;2025-11-26;22;0.0;1.0;0.966;1.0;0.0;
5;2025-11-26;23;0.0;1.0;0.966;1.0;0.0;
5;2025-11-27;0;0.0;1.0;0.976;1.0;0.0;
5;2025-11-27;1;0.0;1.0;0.976;1.0;0.0;
5;2025-11-27;2;0.0;1.0;0.976;1.0;0.0;
5;2025-11-27;3;0.0;1.0;0.976;1.0;0.0;
5;2025-11-27;4;0.0;1.0;0.976;1.0;0.0;
5;2025-11-27;5;0.0;1.0;0.976;1.0;0.0;
5;2025-11-27;6;0.0;1.0;0.976;1.0;0.0;
5;2025-11-27;7;0.0;1.0;0.976;1.0;0.0;
5;2025-11-27;8;0.0;1.0;0.976;1.0;0.0;
5;2025-11-27;9;0.0;1.0;0.976;1.0;0.0;
5;2025-11-27;10;0.0;1.0;0.976;1.0;0.0;
5;2025-11-27;11;0.0;1.0;0.976;1.0;0.0;
5;2025-11-27;12;0.0;1.0;0.976;1.0;0.0;
5;2025-11-27;13;0.0;1.0;0.976;1.0;0.0;
5;2025-11-27;14;0.0;1.0;0.976;1.0;0.0;
5;2025-11-27;15;0.0;1.0;0.976;1.0;0.0;
5;2025-11-27;16;0.0;1.0;0.976;1.0;0.0;
5;2025-11-27;17;0.0;1.0;0.976;1.0;0.0;
5;2025-11-27;18;0.0;1.0;0.976;1.0;0.0;
5;2025-11-27;19;0.0;1.0;0.976;1.0;0.0;
5;2025-11-27;20;0.0;1.0;0.976;1.0;0.0;
5;2025-11-27;21;0.0;1.0;0.976;1.0;0.0;
5;2025-11-27;22;0.0;1.0;0.976;1.0;0.0;
5;2025-11-27;23;0.0;1.0;0.976;1.0;0.0;
5;2025-11-28;0;0.0;1.0;1.015;1.0;0.0;
5;2025-11-28;1;0.0;1.0;1.015;1.0;0.0;
5;2025-11-28;2;0.0;1.0;1.015;1.0;0.0;
5;2025-11-28;3;0.0;1.0;1.015;1.0;0.0;
5;2025-11-28;4;0.0;1.0;1.015;1.0;0.0;
5;2025-11-28;5;0.0;1.0;1.015;1.0;0.0;
5;2025-11-28;6;0.0;1.0;1.015;1.0;0.0;
5;2025-11-28;7;0.0;1.0;1.015;1.0;0.0;
5;2025-11-28;8;0.0;1.0;1.015;1.0;0.0;
5;2025-11-28;9;0.0;1.0;1.015;1.0;0.0;
5;2025-11-28;10;0.0;1.0;1.015;1.0;0.0;
5;2025-11-28;11;0.0;1.0;1.015;1.0;0.0;
5;2025-11-28;12;0.0;1.0;1.015;1.0;0.0;
5;2025-11-28;13;0.0;1.0;1.015;1.0;0.0;
5;2025-11-28;14;0.0;1.0;1.015;1.0;0.0;
5;2025-11-28;15;0.0;1.0;1.015;1.0;0.0;
5;2025-11-28;16;0.0;1.0;1.015;1.0;0.0;
5;2025-11-28;17;0.0;1.0;1.015;1.0;0.0;
5;2025-11-28;18;0.0;1.0;1.015;1.0;0.0;
5;2025-11-28;19;0.0;1.0;1.015;1.0;0.0;
5;2025-11-28;20;0.0;1.0;1.015;1.0;0.0;
5;2025-11-28;21;0.0;1.0;1.015;1.0;0.0;
5;2025-11-28;22;0.0;1.0;1.015;1.0;0.0;
5;2025-11-28;23;0.0;1.0;1.015;1.0;0.0;
5;2025-11-29;0;0.0;1.0;1.015;1.0;0.0;
5;2025-11-29;1;0.0;1.0;1.015;1.0;0.0;
5;2025-11-29;2;0.0;1.0;1.015;1.0;0.0;
5;2025-11-29;3;0.0;1.0;1.015;1.0;0.0;
5;2025-11-29;4;0.0;1.0;1.015;1.0;0.0;
5;2025-11-29;5;0.0;1.0;1.015;1.0;0.0;
5;2025-11-29;6;0.0;1.0;1.015;1.0;0.0;
5;2025-11-29;7;0.0;1.0;1.015;1.0;0.0;
5;2025-11-29;8;0.0;1.0;1.015;1.0;0.0;
5;2025-11-29;9;0.0;1.0;1.015;1.0;0.0;
5;2025-11-29;10;0.0;1.0;1.015;1.0;0.0;
5;2025-11-29;11;0.0;1.0;1.015;1.0;0.0;
5;2025-11-29;12;0.0;1.0;1.015;1.0;0.0;
5;2025-11-29;13;0.0;1.0;1.015;1.0;0.0;
5;2025-11-29;14;0.0;1.0;1.015;1.0;0.0;
5;2025-11-29;15;0.0;1.0;1.015;1.0;0.0;
5;2025-11-29;16;0.0;1.0;1.015;1.0;0.0;
5;2025-11-29;17;0.0;1.0;1.015;1.0;0.0;
5;2025-11-29;18;0.0;1.0;1.015;1.0;0.0;
5;2025-11-29;19;0.0;1.0;1.015;1.0;0.0;
5;2025-11-29;20;0.0;1.0;1.015;1.0;0.0;
5;2025-11-29;21;0.0;1.0;1.015;1.0;0.0;
5;2025-11-29;22;0.0;1.0;1.015;1.0;0.0;
5;2025-11-29;23;0.0;1.0;1.015;1.0;0.0;
5;2025-11-30;0;0.0;1.0;1.015;1.0;0.0;
5;2025-11-30;1;0.0;1.0;1.015;1.0;0.0;
5;2025-11-30;2;0.0;1.0;1.015;1.0;0.0;
5;2025-11-30;3;0.0;1.0;1.015;1.0;0.0;
5;2025-11-30;4;0.0;1.0;1.015;1.0;0.0;
5;2025-11-30;5;0.0;1.0;1.015;1.0;0.0;
5;2025-11-30;6;0.0;1.0;1.015;1.0;0.0;
5;2025-11-30;7;0.0;1.0;1.015;1.0;0.0;
5;2025-11-30;8;0.0;1.0;1.015;1.0;0.0;
5;2025-11-30;9;0.0;1.0;1.015;1.0;0.0;
5;2025-11-30;10;0.0;1.0;1.015;1.0;0.0;
5;2025-11-30;11;0.0;1.0;1.015;1.0;0.0;
5;2025-11-30;12;0.0;1.0;1.015;1.0;0.0;
5;2025-11-30;13;0.0;1.0;1.015;1.0;0.0;
5;2025-11-30;14;0.0;1.0;1.015;1.0;0.0;
5;2025-11-30;15;0.0;1.0;1.015;1.0;0.0;
5;2025-11-30;16;0.0;1.0;1.015;1.0;0.0;
5;2025-11-30;17;0.0;1.0;1.015;1.0;0.0;
5;2025-11-30;18;0.0;1.0;1.015;1.0;0.0;
5;2025-11-30;19;0.0;1.0;1.015;1.0;0.0;
5;2025-11-30;20;0.0;1.0;1.015;1.0;0.0;
5;2025-11-30;21;0.0;1.0;1.015;1.0;0.0;
5;2025-11-30;22;0.0;1.0;1.015;1.0;0.0;
5;2025-11-30;23;0.0;1.0;1.015;1.0;0.0;
5;2025-12-01;0;0.0;1.0;1.015;1.0;0.0;
5;2025-12-01;1;0.0;1.0;1.015;1.0;0.0;
5;2025-12-01;2;0.0;1.0;1.015;1.0;0.0;
5;2025-12-01;3;0.0;1.0;1.015;1.0;0.0;
5;2025-12-01;4;0.0;1.0;1.015;1.0;0.0;
5;2025-12-01;5;0.0;1.0;1.015;1.0;0.0;
5;2025-12-01;6;0.0;1.0;1.015;1.0;0.0;
5;2025-12-01;7;0.0;1.0;1.015;1.0;0.0;
5;2025-12-01;8;0.0;1.0;1.015;1.0;0.0;
5;2025-12-01;9;0.0;1.0;1.015;1.0;0.0;
5;2025-12-01;10;0.0;1.0;1.015;1.0;0.0;
5;2025-12-01;11;0.0;1.0;1.015;1.0;0.0;
5;2025-12-01;12;0.0;1.0;1.015;1.0;0.0;
5;2025-12-01;13;0.0;1.0;1.015;1.0;0.0;
5;2025-12-01;14;0.0;1.0;1.015;1.0;0.0;
5;2025-12-01;15;0.0;1.0;1.015;1.0;0.0;
5;2025-12-01;16;0.0;1.0;1.015;1.0;0.0;
5;2025-12-01;17;0.0;1.0;1.015;1.0;0.0;
5;2025-12-01;18;0.0;1.0;1.015;1.0;0.0;
5;2025-12-01;19;0.0;1.0;1.015;1.0;0.0;
5;2025-12-01;20;0.0;1.0;1.015;1.0;0.0;
5;2025-12-01;21;0.0;1.0;1.015;1.0;0.0;
5;2025-12-01;22;0.0;1.0;1.015;1.0;0.0;
5;2025-12-01;23;0.0;1.0;1.015;1.0;0.0;
5;2025-12-02;0;0.0;1.0;1.015;1.0;0.0;
5;2025-12-02;1;0.0;1.0;1.015;1.0;0.0;
5;2025-12-02;2;0.0;1.0;1.015;1.0;0.0;
5;2025-12-02;3;0.0;1.0;1.015;1.0;0.0;
5;2025-12-02;4;0.0;1.0;1.015;1.0;0.0;
5;2025-12-02;5;0.0;1.0;1.015;1.0;0.0;
5;2025-12-02;6;0.0;1.0;1.015;1.0;0.0;
5;2025-12-02;7;0.0;1.0;1.015;1.0;0.0;
5;2025-12-02;8;0.0;1.0;1.015;1.0;0.0;
5;2025-12-02;9;0.0;1.0;1.015;1.0;0.0;
5;2025-12-02;10;0.0;1.0;1.015;1.0;0.0;
5;2025-12-02;11;0.0;1.0;1.015;1.0;0.0;
5;2025-12-02;12;0.0;1.0;1.015;1.0;0.0;
5;2025-12-02;13;0.0;1.0;1.015;1.0;0.0;
5;2025-12-02;14;0.0;1.0;1.015;1.0;0.0;
5;2025-12-02;15;0.0;1.0;1.015;1.0;0.0;
5;2025-12-02;16;0.0;1.0;1.015;1.0;0.0;
5;2025-12-02;17;0.0;1.0;1.015;1.0;0.0;
5;2025-12-02;18;0.0;1.0;1.015;1.0;0.0;
5;2025-12-02;19;0.0;1.0;1.015;1.0;0.0;
5;2025-12-02;20;0.0;1.0;1.015;1.0;0.0;
5;2025-12-02;21;0.0;1.0;1.015;1.0;0.0;
5;2025-12-02;22;0.0;1.0;1.015;1.0;0.0;
5;2025-12-02;23;0.0;1.0;1.015;1.0;0.0;
5;2025-12-03;0;0.0;1.0;1.015;1.0;0.0;
5;2025-12-03;1;0.0;1.0;1.015;1.0;0.0;
5;2025-12-03;2;0.0;1.0;1.015;1.0;0.0;
5;2025-12-03;3;0.0;1.0;1.015;1.0;0.0;
5;2025-12-03;4;0.0;1.0;1.015;1.0;0.0;
5;2025-12-03;5;0.0;1.0;1.015;1.0;0.0;
5;2025-12-03;6;0.0;1.0;1.015;1.0;0.0;
5;2025-12-03;7;0.0;1.0;1.015;1.0;0.0;
5;2025-12-03;8;0.0;1.0;1.015;1.0;0.0;
5;2025-12-03;9;0.0;1.0;1.015;1.0;0.0;
5;2025-12-03;10;0.0;1.0;1.015;1.0;0.0;
5;2025-12-03;11;0.0;1.0;1.015;1.0;0.0;
5;2025-12-03;12;0.0;1.0;1.015;1.0;0.0;
5;2025-12-03;13;0.0;1.0;1.015;1.0;0.0;
5;2025-12-03;14;0.0;1.0;1.015;1.0;0.0;
5;2025-12-03;15;0.0;1.0;1.015;1.0;0.0;
5;2025-12-03;16;0.0;1.0;1.015;1.0;0.0;
5;2025-12-03;17;0.0;1.0;1.015;1.0;0.0;
5;2025-12-03;18;0.0;1.0;1.015;1.0;0.0;
5;2025-12-03;19;0.0;1.0;1.015;1.0;0.0;
5;2025-12-03;20;0.0;1.0;1.015;1.0;0.0;
5;2025-12-03;21;0.0;1.0;1.015;1.0;0.0;
5;2025-12-03;22;0.0;1.0;1.015;1.0;0.0;
5;2025-12-03;23;0.0;1.0;1.015;1.0;0.0;
5;2025-12-04;0;0.0;1.0;1.015;1.0;0.0;
5;2025-12-04;1;0.0;1.0;1.015;1.0;0.0;
5;2025-12-04;2;0.0;1.0;1.015;1.0;0.0;
5;2025-12-04;3;0.0;1.0;1.015;1.0;0.0;
5;2025-12-04;4;0.0;1.0;1.015;1.0;0.0;
5;2025-12-04;5;0.0;1.0;1.015;1.0;0.0;
5;2025-12-04;6;0.0;1.0;1.015;1.0;0.0;
5;2025-12-04;7;0.0;1.0;1.015;1.0;0.0;
5;2025-12-04;8;0.0;1.0;1.015;1.0;0.0;
5;2025-12-04;9;0.0;1.0;1.015;1.0;0.0;
5;2025-12-04;10;0.0;1.0;1.015;1.0;0.0;
5;2025-12-04;11;0.0;1.0;1.015;1.0;0.0;
5;2025-12-04;12;0.0;1.0;1.015;1.0;0.0;
5;2025-12-04;13;0.0;1.0;1.015;1.0;0.0;
5;2025-12-04;14;0.0;1.0;1.015;1.0;0.0;
5;2025-12-04;15;0.0;1.0;1.015;1.0;0.0;
5;2025-12-04;16;0.0;1.0;1.015;1.0;0.0;
5;2025-12-04;17;0.0;1.0;1.015;1.0;0.0;
5;2025-12-04;18;0.0;1.0;1.015;1.0;0.0;
5;2025-12-04;19;0.0;1.0;1.015;1.0;0.0;
5;2025-12-04;20;0.0;1.0;1.015;1.0;0.0;
5;2025-12-04;21;0.0;1.0;1.015;1.0;0.0;
5;2025-12-04;22;0.0;1.0;1.015;1.0;0.0;
5;2025-12-04;23;0.0;1.0;1.015;1.0;0.0;
5;2025-12-05;0;0.0;1.0;1.015;1.0;0.0;
5;2025-12-05;1;0.0;1.0;1.015;1.0;0.0;
5;2025-12-05;2;0.0;1.0;1.015;1.0;0.0;
5;2025-12-05;3;0.0;1.0;1.015;1.0;0.0;
5;2025-12-05;4;0.0;1.0;1.015;1.0;0.0;
5;2025-12-05;5;0.0;1.0;1.015;1.0;0.0;
5;2025-12-05;6;0.0;1.0;1.015;1.0;0.0;
5;2025-12-05;7;0.0;1.0;1.015;1.0;0.0;
5;2025-12-05;8;0.0;1.0;1.015;1.0;0.0;
5;2025-12-05;9;0.0;1.0;1.015;1.0;0.0;
5;2025-12-05;10;0.0;1.0;1.015;1.0;0.0;
5;2025-12-05;11;0.0;1.0;1.015;1.0;0.0;
5;2025-12-05;12;0.0;1.0;1.015;1.0;0.0;
5;2025-12-05;13;0.0;1.0;1.015;1.0;0.0;
5;2025-12-05;14;0.0;1.0;1.015;1.0;0.0;
5;2025-12-05;15;0.0;1.0;1.015;1.0;0.0;
5;2025-12-05;16;0.0;1.0;1.015;1.0;0.0;
5;2025-12-05;17;0.0;1.0;1.015;1.0;0.0;
5;2025-12-05;18;0.0;1.0;1.015;1.0;0.0;
5;2025-12-05;19;0.0;1.0;1.015;1.0;0.0;
5;2025-12-05;20;0.0;1.0;1.015;1.0;0.0;
5;2025-12-05;21;0.0;1.0;1.015;1.0;0.0;
5;2025-12-05;22;0.0;1.0;1.015;1.0;0.0;
5;2025-12-05;23;0.0;1.0;1.015;1.0;0.0;
5;2025-12-06;0;0.0;1.0;1.015;1.0;0.0;
5;2025-12-06;1;0.0;1.0;1.015;1.0;0.0;
5;2025-12-06;2;0.0;1.0;1.015;1.0;0.0;
5;2025-12-06;3;0.0;1.0;1.015;1.0;0.0;
5;2025-12-06;4;0.0;1.0;1.015;1.0;0.0;
5;2025-12-06;5;0.0;1.0;1.015;1.0;0.0;
5;2025-12-06;6;0.0;1.0;1.015;1.0;0.0;
5;2025-12-06;7;0.0;1.0;1.015;1.0;0.0;
5;2025-12-06;8;0.0;1.0;1.015;1.0;0.0;
5;2025-12-06;9;0.0;1.0;1.015;1.0;0.0;
5;2025-12-06;10;0.0;1.0;1.015;1.0;0.0;
5;2025-12-06;11;0.0;1.0;1.015;1.0;0.0;
5;2025-12-06;12;0.0;1.0;1.015;1.0;0.0;
5;2025-12-06;13;0.0;1.0;1.015;1.0;0.0;
5;2025-12-06;14;0.0;1.0;1.015;1.0;0.0;
5;2025-12-06;15;0.0;1.0;1.015;1.0;0.0;
5;2025-12-06;16;0.0;1.0;1.015;1.0;0.0;
5;2025-12-06;17;0.0;1.0;1.015;1.0;0.0;
5;2025-12-06;18;0.0;1.0;1.015;1.0;0.0;
5;2025-12-06;19;0.0;1.0;1.015;1.0;0.0;
5;2025-12-06;20;0.0;1.0;1.015;1.0;0.0;
5;2025-12-06;21;0.0;1.0;1.015;1.0;0.0;
5;2025-12-06;22;0.0;1.0;1.015;1.0;0.0;
5;2025-12-06;23;0.0;1.0;1.015;1.0;0.0;
5;2025-12-07;0;0.0;1.0;1.015;1.0;0.0;
5;2025-12-07;1;0.0;1.0;1.015;1.0;0.0;
5;2025-12-07;2;0.0;1.0;1.015;1.0;0.0;
5;2025-12-07;3;0.0;1.0;1.015;1.0;0.0;
5;2025-12-07;4;0.0;1.0;1.015;1.0;0.0;
5;2025-12-07;5;0.0;1.0;1.015;1.0;0.0;
5;2025-12-07;6;0.0;1.0;1.015;1.0;0.0;
5;2025-12-07;7;0.0;1.0;1.015;1.0;0.0;
5;2025-12-07;8;0.0;1.0;1.015;1.0;0.0;
5;2025-12-07;9;0.0;1.0;1.015;1.0;0.0;
5;2025-12-07;10;0.0;1.0;1.015;1.0;0.0;
5;2025-12-07;11;0.0;1.0;1.015;1.0;0.0;
5;2025-12-07;12;0.0;1.0;1.015;1.0;0.0;
5;2025-12-07;13;0.0;1.0;1.015;1.0;0.0;
5;2025-12-07;14;0.0;1.0;1.015;1.0;0.0;
5;2025-12-07;15;0.0;1.0;1.015;1.0;0.0;
5;2025-12-07;16;0.0;1.0;1.015;1.0;0.0;
5;2025-12-07;17;0.0;1.0;1.015;1.0;0.0;
5;2025-12-07;18;0.0;1.0;1.015;1.0;0.0;
5;2025-12-07;19;0.0;1.0;1.015;1.0;0.0;
5;2025-12-07;20;0.0;1.0;1.015;1.0;0.0;
5;2025-12-07;21;0.0;1.0;1.015;1.0;0.0;
5;2025-12-07;22;0.0;1.0;1.015;1.0;0.0;
5;2025-12-07;23;0.0;1.0;1.015;1.0;0.0;
5;2025-12-08;0;0.0;1.0;1.015;1.0;0.0;
5;2025-12-08;1;0.0;1.0;1.015;1.0;0.0;
5;2025-12-08;2;0.0;1.0;1.015;1.0;0.0;
5;2025-12-08;3;0.0;1.0;1.015;1.0;0.0;
5;2025-12-08;4;0.0;1.0;1.015;1.0;0.0;
5;2025-12-08;5;0.0;1.0;1.015;1.0;0.0;
5;2025-12-08;6;0.0;1.0;1.015;1.0;0.0;
5;2025-12-08;7;0.0;1.0;1.015;1.0;0.0;
5;2025-12-08;8;0.0;1.0;1.015;1.0;0.0;
5;2025-12-08;9;0.0;1.0;1.015;1.0;0.0;
5;2025-12-08;10;0.0;1.0;1.015;1.0;0.0;
5;2025-12-08;11;0.0;1.0;1.015;1.0;0.0;
5;2025-12-08;12;0.0;1.0;1.015;1.0;0.0;
5;2025-12-08;13;0.0;1.0;1.015;1.0;0.0;
5;2025-12-08;14;0.0;1.0;1.015;1.0;0.0;
5;2025-12-08;15;0.0;1.0;1.015;1.0;0.0;
5;2025-12-08;16;0.0;1.0;1.015;1.0;0.0;
5;2025-12-08;17;0.0;1.0;1.015;1.0;0.0;
5;2025-12-08;18;0.0;1.0;1.015;1.0;0.0;
5;2025-12-08;19;0.0;1.0;1.015;1.0;0.0;
5;2025-12-08;20;0.0;1.0;1.015;1.0;0.0;
5;2025-12-08;21;0.0;1.0;1.015;1.0;0.0;
5;2025-12-08;22;0.0;1.0;1.015;1.0;0.0;
5;2025-12-08;23;0.0;1.0;1.015;1.0;0.0;
5;2025-12-09;0;0.0;1.0;1.015;1.0;0.0;
5;2025-12-09;1;0.0;1.0;1.015;1.0;0.0;
5;2025-12-09;2;0.0;1.0;1.015;1.0;0.0;
5;2025-12-09;3;0.0;1.0;1.015;1.0;0.0;
5;2025-12-09;4;0.0;1.0;1.015;1.0;0.0;
5;2025-12-09;5;0.0;1.0;1.015;1.0;0.0;
5;2025-12-09;6;0.0;1.0;1.015;1.0;0.0;
5;2025-12-09;7;0.0;1.0;1.015;1.0;0.0;
5;2025-12-09;8;0.0;1.0;1.015;1.0;0.0;
5;2025-12-09;9;0.0;1.0;1.015;1.0;0.0;
5;2025-12-09;10;0.0;1.0;1.015;1.0;0.0;
5;2025-12-09;11;0.0;1.0;1.015;1.0;0.0;
5;2025-12-09;12;0.0;1.0;1.015;1.0;0.0;
5;2025-12-09;13;0.0;1.0;1.015;1.0;0.0;
5;2025-12-09;14;0.0;1.0;1.015;1.0;0.0;
5;2025-12-09;15;0.0;1.0;1.015;1.0;0.0;
5;2025-12-09;16;0.0;1.0;1.015;1.0;0.0;
5;2025-12-09;17;0.0;1.0;1.015;1.0;0.0;
5;2025-12-09;18;0.0;1.0;1.015;1.0;0.0;
5;2025-12-09;19;0.0;1.0;1.015;1.0;0.0;
5;2025-12-09;20;0.0;1.0;1.015;1.0;0.0;
5;2025-12-09;21;0.0;1.0;1.015;1.0;0.0;
5;2025-12-09;22;0.0;1.0;1.015;1.0;0.0;
5;2025-12-09;23;0.0;1.0;1.015;1.0;0.0;
5;2025-12-10;0;0.0;1.0;1.006;1.0;0.0;
5;2025-12-10;1;0.0;1.0;1.006;1.0;0.0;
5;2025-12-10;2;0.0;1.0;1.006;1.0;0.0;
5;2025-12-10;3;0.0;1.0;1.006;1.0;0.0;
5;2025-12-10;4;0.0;1.0;1.006;1.0;0.0;
5;2025-12-10;5;0.0;1.0;1.006;1.0;0.0;
5;2025-12-10;6;0.0;1.0;1.006;1.0;0.0;
5;2025-12-10;7;0.0;1.0;1.006;1.0;0.0;
5;2025-12-10;8;0.0;1.0;1.006;1.0;0.0;
5;2025-12-10;9;0.0;1.0;1.006;1.0;0.0;
5;2025-12-10;10;0.0;1.0;1.006;1.0;0.0;
5;2025-12-10;11;0.0;1.0;1.006;1.0;0.0;
5;2025-12-10;12;0.0;1.0;1.006;1.0;0.0;
5;2025-12-10;13;0.0;1.0;1.006;1.0;0.0;
5;2025-12-10;14;0.0;1.0;1.006;1.0;0.0;
5;2025-12-10;15;0.0;1.0;1.006;1.0;0.0;
5;2025-12-10;16;0.0;1.0;1.006;1.0;0.0;
5;2025-12-10;17;0.0;1.0;1.006;1.0;0.0;
5;2025-12-10;18;0.0;1.0;1.006;1.0;0.0;
5;2025-12-10;19;0.0;1.0;1.006;1.0;0.0;
5;2025-12-10;20;0.0;1.0;1.006;1.0;0.0;
5;2025-12-10;21;0.0;1.0;1.006;1.0;0.0;
5;2025-12-10;22;0.0;1.0;1.006;1.0;0.0;
5;2025-12-10;23;0.0;1.0;1.006;1.0;0.0;
5;2025-12-11;0;0.0;1.0;0.971;1.0;0.0;
5;2025-12-11;1;0.0;1.0;0.971;1.0;0.0;
5;2025-12-11;2;0.0;1.0;0.971;1.0;0.0;
5;2025-12-11;3;0.0;1.0;0.971;1.0;0.0;
5;2025-12-11;4;0.0;1.0;0.971;1.0;0.0;
5;2025-12-11;5;0.0;1.0;0.971;1.0;0.0;
5;2025-12-11;6;0.0;1.0;0.971;1.0;0.0;
5;2025-12-11;7;0.0;1.0;0.971;1.0;0.0;
5;2025-12-11;8;0.0;1.0;0.971;1.0;0.0;
5;2025-12-11;9;0.0;1.0;0.971;1.0;0.0;
5;2025-12-11;10;0.0;1.0;0.971;1.0;0.0;
5;2025-12-11;11;0.0;1.0;0.971;1.0;0.0;
5;2025-12-11;12;0.0;1.0;0.971;1.0;0.0;
5;2025-12-11;13;0.0;1.0;0.971;1.0;0.0;
5;2025-12-11;14;0.0;1.0;0.971;1.0;0.0;
5;2025-12-11;15;0.0;1.0;0.971;1.0;0.0;
5;2025-12-11;16;0.0;1.0;0.971;1.0;0.0;
5;2025-12-11;17;0.0;1.0;0.971;1.0;0.0;
5;2025-12-11;18;0.0;1.0;0.971;1.0;0.0;
5;2025-12-11;19;0.0;1.0;0.971;1.0;0.0;
5;2025-12-11;20;0.0;1.0;0.971;1.0;0.0;
5;2025-12-11;21;0.0;1.0;0.971;1.0;0.0;
5;2025-12-11;22;0.0;1.0;0.971;1.0;0.0;
5;2025-12-11;23;0.0;1.0;0.971;1.0;0.0;
5;2025-12-12;0;0.0;1.0;0.978;1.0;0.0;
5;2025-12-12;1;0.0;1.0;0.978;1.0;0.0;
5;2025-12-12;2;0.0;1.0;0.978;1.0;0.0;
5;2025-12-12;3;0.0;1.0;0.978;1.0;0.0;
5;2025-12-12;4;0.0;1.0;0.978;1.0;0.0;
5;2025-12-12;5;0.0;1.0;0.978;1.0;0.0;
5;2025-12-12;6;0.0;1.0;0.978;1.0;0.0;
5;2025-12-12;7;0.0;1.0;0.978;1.0;0.0;
5;2025-12-12;8;0.0;1.0;0.978;1.0;0.0;
5;2025-12-12;9;0.0;1.0;0.978;1.0;0.0;
5;2025-12-12;10;0.0;1.0;0.978;1.0;0.0;
5;2025-12-12;11;0.0;1.0;0.978;1.0;0.0;
5;2025-12-12;12;0.0;1.0;0.978;1.0;0.0;
5;2025-12-12;13;0.0;1.0;0.978;1.0;0.0;
5;2025-12-12;14;0.0;1.0;0.978;1.0;0.0;
5;2025-12-12;15;0.0;1.0;0.978;1.0;0.0;
5;2025-12-12;16;0.0;1.0;0.978;1.0;0.0;
5;2025-12-12;17;0.0;1.0;0.978;1.0;0.0;
5;2025-12-12;18;0.0;1.0;0.978;1.0;0.0;
5;2025-12-12;19;0.0;1.0;0.978;1.0;0.0;
5;2025-12-12;20;0.0;1.0;0.978;1.0;0.0;
5;2025-12-12;21;0.0;1.0;0.978;1.0;0.0;
5;2025-12-12;22;0.0;1.0;0.978;1.0;0.0;
5;2025-12-12;23;0.0;1.0;0.978;1.0;0.0;
5;2025-12-13;0;0.0;1.0;1.011;1.0;0.0;
5;2025-12-13;1;0.0;1.0;1.011;1.0;0.0;
5;2025-12-13;2;0.0;1.0;1.011;1.0;0.0;
5;2025-12-13;3;0.0;1.0;1.011;1.0;0.0;
5;2025-12-13;4;0.0;1.0;1.011;1.0;0.0;
5;2025-12-13;5;0.0;1.0;1.011;1.0;0.0;
5;2025-12-13;6;0.0;1.0;1.011;1.0;0.0;
5;2025-12-13;7;0.0;1.0;1.011;1.0;0.0;
5;2025-12-13;8;0.0;1.0;1.011;1.0;0.0;
5;2025-12-13;9;0.0;1.0;1.011;1.0;0.0;
5;2025-12-13;10;0.0;1.0;1.011;1.0;0.0;
5;2025-12-13;11;0.0;1.0;1.011;1.0;0.0;
5;2025-12-13;12;0.0;1.0;1.011;1.0;0.0;
5;2025-12-13;13;0.0;1.0;1.011;1.0;0.0;
5;2025-12-13;14;0.0;1.0;1.011;1.0;0.0;
5;2025-12-13;15;0.0;1.0;1.011;1.0;0.0;
5;2025-12-13;16;0.0;1.0;1.011;1.0;0.0;
5;2025-12-13;17;0.0;1.0;1.011;1.0;0.0;
5;2025-12-13;18;0.0;1.0;1.011;1.0;0.0;
5;2025-12-13;19;0.0;1.0;1.011;1.0;0.0;
5;2025-12-13;20;0.0;1.0;1.011;1.0;0.0;
5;2025-12-13;21;0.0;1.0;1.011;1.0;0.0;
5;2025-12-13;22;0.0;1.0;1.011;1.0;0.0;
5;2025-12-13;23;0.0;1.0;1.011;1.0;0.0;
5;2025-12-14;0;0.0;1.0;1.014;1.0;0.0;
5;2025-12-14;1;0.0;1.0;1.014;1.0;0.0;
5;2025-12-14;2;0.0;1.0;1.014;1.0;0.0;
5;2025-12-14;3;0.0;1.0;1.014;1.0;0.0;
5;2025-12-14;4;0.0;1.0;1.014;1.0;0.0;
5;2025-12-14;5;0.0;1.0;1.014;1.0;0.0;
5;2025-12-14;6;0.0;1.0;1.014;1.0;0.0;
5;2025-12-14;7;0.0;1.0;1.014;1.0;0.0;
5;2025-12-14;8;0.0;1.0;1.014;1.0;0.0;
5;2025-12-14;9;0.0;1.0;1.014;1.0;0.0;
5;2025-12-14;10;0.0;1.0;1.014;1.0;0.0;
5;2025-12-14;11;0.0;1.0;1.014;1.0;0.0;
5;2025-12-14;12;0.0;1.0;1.014;1.0;0.0;
5;2025-12-14;13;0.0;1.0;1.014;1.0;0.0;
5;2025-12-14;14;0.0;1.0;1.014;1.0;0.0;
5;2025-12-14;15;0.0;1.0;1.014;1.0;0.0;
5;2025-12-14;16;0.0;1.0;1.014;1.0;0.0;
5;2025-12-14;17;0.0;1.0;1.014;1.0;0.0;
5;2025-12-14;18;0.0;1.0;1.014;1.0;0.0;
5;2025-12-14;19;0.0;1.0;1.014;1.0;0.0;
5;2025-12-14;20;0.0;1.0;1.014;1.0;0.0;
5;2025-12-14;21;0.0;1.0;1.014;1.0;0.0;
5;2025-12-14;22;0.0;1.0;1.014;1.0;0.0;
5;2025-12-14;23;0.0;1.0;1.014;1.0;0.0;
5;2025-12-15;0;0.0;1.0;1.014;1.0;0.0;
5;2025-12-15;1;0.0;1.0;1.014;1.0;0.0;
5;2025-12-15;2;0.0;1.0;1.014;1.0;0.0;
5;2025-12-15;3;0.0;1.0;1.014;1.0;0.0;
5;2025-12-15;4;0.0;1.0;1.014;1.0;0.0;
5;2025-12-15;5;0.0;1.0;1.014;1.0;0.0;
5;2025-12-15;6;0.0;1.0;1.014;1.0;0.0;
5;2025-12-15;7;0.0;1.0;1.014;1.0;0.0;
5;2025-12-15;8;0.0;1.0;1.014;1.0;0.0;
5;2025-12-15;9;0.0;1.0;1.014;1.0;0.0;
5;2025-12-15;10;0.0;1.0;1.014;1.0;0.0;
5;2025-12-15;11;0.0;1.0;1.014;1.0;0.0;
5;2025-12-15;12;0.0;1.0;1.014;1.0;0.0;
5;2025-12-15;13;0.0;1.0;1.014;1.0;0.0;
5;2025-12-15;14;0.0;1.0;1.014;1.0;0.0;
5;2025-12-15;15;0.0;1.0;1.014;1.0;0.0;
5;2025-12-15;16;0.0;1.0;1.014;1.0;0.0;
5;2025-12-15;17;0.0;1.0;1.014;1.0;0.0;
5;2025-12-15;18;0.0;1.0;1.014;1.0;0.0;
5;2025-12-15;19;0.0;1.0;1.014;1.0;0.0;
5;2025-12-15;20;0.0;1.0;1.014;1.0;0.0;
5;2025-12-15;21;0.0;1.0;1.014;1.0;0.0;
5;2025-12-15;22;0.0;1.0;1.014;1.0;0.0;
5;2025-12-15;23;0.0;1.0;1.014;1.0;0.0;
5;2025-12-16;0;0.0;1.0;1.0;1.0;0.0;
5;2025-12-16;1;0.0;1.0;1.0;1.0;0.0;
5;2025-12-16;2;0.0;1.0;1.0;1.0;0.0;
5;2025-12-16;3;0.0;1.0;1.0;1.0;0.0;
5;2025-12-16;4;0.0;1.0;1.0;1.0;0.0;
5;2025-12-16;5;0.0;1.0;1.0;1.0;0.0;
5;2025-12-16;6;0.0;1.0;1.0;1.0;0.0;
5;2025-12-16;7;0.0;1.0;1.0;1.0;0.0;
5;2025-12-16;8;0.0;1.0;1.0;1.0;0.0;
5;2025-12-16;9;0.0;1.0;1.0;1.0;0.0;
5;2025-12-16;10;0.0;1.0;1.0;1.0;0.0;
5;2025-12-16;11;0.0;1.0;1.0;1.0;0.0;
5;2025-12-16;12;0.0;1.0;1.0;1.0;0.0;
5;2025-12-16;13;0.0;1.0;1.0;1.0;0.0;
5;2025-12-16;14;0.0;1.0;1.0;1.0;0.0;
5;2025-12-16;15;0.0;1.0;1.0;1.0;0.0;
5;2025-12-16;16;0.0;1.0;1.0;1.0;0.0;
5;2025-12-16;17;0.0;1.0;1.0;1.0;0.0;
5;2025-12-16;18;501.589;1.0;1.0;1.0;501.589;new route 5 from 2025-12-16: profile of route 28 x0.5
5;2025-12-16;19;377.12;1.0;1.0;1.0;377.12;new route 5 from 2025-12-16: profile of route 28 x0.5
5;2025-12-16;20;263.315;1.0;1.0;1.0;263.315;new route 5 from 2025-12-16: profile of route 28 x0.5
5;2025-12-16;21;162.524;1.0;1.0;1.0;162.524;new route 5 from 2025-12-16: profile of route 28 x0.5
5;2025-12-16;22;67.047;1.0;1.0;1.0;67.047;new route 5 from 2025-12-16: profile of route 28 x0.5
5;2025-12-16;23;9.082;1.0;1.0;1.0;9.082;new route 5 from 2025-12-16: profile of route 28 x0.5
5;2025-12-17;0;1.377;1.0;1.015;0.985;1.377;new route 5 from 2025-12-16: profile of route 28 x0.5
5;2025-12-17;1;0.347;1.0;1.015;0.985;0.347;new route 5 from 2025-12-16: profile of route 28 x0.5
5;2025-12-17;2;0.0;1.0;1.015;1.0;0.0;
5;2025-12-17;3;0.0;1.0;1.015;1.0;0.0;
5;2025-12-17;4;0.698;1.0;1.015;0.985;0.698;new route 5 from 2025-12-16: profile of route 28 x0.5
5;2025-12-17;5;41.137;1.0;1.015;0.985;41.137;new route 5 from 2025-12-16: profile of route 28 x0.5
5;2025-12-17;6;135.916;1.0;1.015;0.985;135.916;new route 5 from 2025-12-16: profile of route 28 x0.5
5;2025-12-17;7;409.564;1.0;1.015;0.985;409.564;new route 5 from 2025-12-16: profile of route 28 x0.5
5;2025-12-17;8;637.137;1.0;1.015;0.985;637.137;new route 5 from 2025-12-16: profile of route 28 x0.5
5;2025-12-17;9;435.032;1.0;1.015;0.985;435.032;new route 5 from 2025-12-16: profile of route 28 x0.5
5;2025-12-17;10;320.308;1.0;1.015;0.985;320.308;new route 5 from 2025-12-16: profile of route 28 x0.5
5;2025-12-17;11;290.381;1.0;1.015;0.985;290.381;new route 5 from 2025-12-16: profile of route 28 x0.5
5;2025-12-17;12;353.246;1.0;1.015;0.985;353.246;new route 5 from 2025-12-16: profile of route 28 x0.5
5;2025-12-17;13;363.92;1.0;1.015;0.985;363.92;new route 5 from 2025-12-16: profile of route 28 x0.5
5;2025-12-17;14;335.984;1.0;1.015;0.985;335.984;new route 5 from 2025-12-16: profile of route 28 x0.5
5;2025-12-17;15;351.615;1.0;1.015;0.985;351.615;new route 5 from 2025-12-16: profile of route 28 x0.5
5;2025-12-17;16;440.46;1.0;1.015;0.985;440.46;new route 5 from 2025-12-16: profile of route 28 x0.5
5;2025-12-17;17;506.094;1.0;1.015;0.985;506.094;new route 5 from 2025-12-16: profile of route 28 x0.5
5;2025-12-17;18;501.589;1.0;1.015;0.985;501.589;new route 5 from 2025-12-16: profile of route 28 x0.5
5;2025-12-17;19;377.12;1.0;1.015;0.985;377.12;new route 5 from 2025-12-16: profile of route 28 x0.5
5;2025-12-17;20;263.315;1.0;1.015;0.985;263.315;new route 5 from 2025-12-16: profile of route 28 x0.5
5;2025-12-17;21;162.524;1.0;1.015;0.985;162.524;new route 5 from 2025-12-16: profile of route 28 x0.5
5;2025-12-17;22;67.047;1.0;1.015;0.985;67.047;new route 5 from 2025-12-16: profile of route 28 x0.5
5;2025-12-17;23;9.082;1.0;1.015;0.985;9.082;new route 5 from 2025-12-16: profile of route 28 x0.5
5;2025-12-18;0;1.377;1.0;1.015;0.985;1.377;new route 5 from 2025-12-16: profile of route 28 x0.5
5;2025-12-18;1;0.347;1.0;1.015;0.985;0.347;new route 5 from 2025-12-16: profile of route 28 x0.5
5;2025-12-18;2;0.0;1.0;1.015;1.0;0.0;
5;2025-12-18;3;0.0;1.0;1.015;1.0;0.0;
5;2025-12-18;4;0.698;1.0;1.015;0.985;0.698;new route 5 from 2025-12-16: profile of route 28 x0.5
5;2025-12-18;5;41.137;1.0;1.015;0.985;41.137;new route 5 from 2025-12-16: profile of route 28 x0.5
5;2025-12-18;6;135.916;1.0;1.015;0.985;135.916;new route 5 from 2025-12-16: profile of route 28 x0.5
5;2025-12-18;7;409.564;1.0;1.015;0.985;409.564;new route 5 from 2025-12-16: profile of route 28 x0.5
5;2025-12-18;8;637.137;1.0;1.015;0.985;637.137;new route 5 from 2025-12-16: profile of route 28 x0.5
5;2025-12-18;9;435.032;1.0;1.015;0.985;435.032;new route 5 from 2025-12-16: profile of route 28 x0.5
5;2025-12-18;10;320.308;1.0;1.015;0.985;320.308;new route 5 from 2025-12-16: profile of route 28 x0.5
5;2025-12-18;11;290.381;1.0;1.015;0.985;290.381;new route 5 from 2025-12-16: profile of route 28 x0.5
5;2025-12-18;12;353.246;1.0;1.015;0.985;353.246;new route 5 from 2025-12-16: profile of route 28 x0.5
5;2025-12-18;13;363.92;1.0;1.015;0.985;363.92;new route 5 from 2025-12-16: profile of route 28 x0.5
5;2025-12-18;14;335.984;1.0;1.015;0.985;335.984;new route 5 from 2025-12-16: profile of route 28 x0.5
5;2025-12-18;15;351.615;1.0;1.015;0.985;351.615;new route 5 from 2025-12-16: profile of route 28 x0.5
5;2025-12-18;16;440.46;1.0;1.015;0.985;440.46;new route 5 from 2025-12-16: profile of route 28 x0.5
5;2025-12-18;17;506.094;1.0;1.015;0.985;506.094;new route 5 from 2025-12-16: profile of route 28 x0.5
5;2025-12-18;18;501.589;1.0;1.015;0.985;501.589;new route 5 from 2025-12-16: profile of route 28 x0.5
5;2025-12-18;19;377.12;1.0;1.015;0.985;377.12;new route 5 from 2025-12-16: profile of route 28 x0.5
5;2025-12-18;20;263.315;1.0;1.015;0.985;263.315;new route 5 from 2025-12-16: profile of route 28 x0.5
5;2025-12-18;21;162.524;1.0;1.015;0.985;162.524;new route 5 from 2025-12-16: profile of route 28 x0.5
5;2025-12-18;22;67.047;1.0;1.015;0.985;67.047;new route 5 from 2025-12-16: profile of route 28 x0.5
5;2025-12-18;23;9.082;1.0;1.015;0.985;9.082;new route 5 from 2025-12-16: profile of route 28 x0.5
5;2025-12-19;0;1.442;1.0;1.013;0.987;1.442;new route 5 from 2025-12-16: profile of route 28 x0.5
5;2025-12-19;1;0.0;1.0;1.013;1.0;0.0;
5;2025-12-19;2;0.0;1.0;1.013;1.0;0.0;
5;2025-12-19;3;0.0;1.0;1.013;1.0;0.0;
5;2025-12-19;4;1.22;1.0;1.013;0.987;1.22;new route 5 from 2025-12-16: profile of route 28 x0.5
5;2025-12-19;5;42.211;1.0;1.013;0.987;42.211;new route 5 from 2025-12-16: profile of route 28 x0.5
5;2025-12-19;6;144.62;1.0;1.013;0.987;144.62;new route 5 from 2025-12-16: profile of route 28 x0.5
5;2025-12-19;7;437.449;1.0;1.013;0.987;437.449;new route 5 from 2025-12-16: profile of route 28 x0.5
5;2025-12-19;8;666.959;1.0;1.013;0.987;666.959;new route 5 from 2025-12-16: profile of route 28 x0.5
5;2025-12-19;9;450.906;1.0;1.013;0.987;450.906;new route 5 from 2025-12-16: profile of route 28 x0.5
5;2025-12-19;10;340.1;1.0;1.013;0.987;340.1;new route 5 from 2025-12-16: profile of route 28 x0.5
5;2025-12-19;11;315.25;1.0;1.013;0.987;315.25;new route 5 from 2025-12-16: profile of route 28 x0.5
5;2025-12-19;12;396.838;1.0;1.013;0.987;396.838;new route 5 from 2025-12-16: profile of route 28 x0.5
5;2025-12-19;13;388.164;1.0;1.013;0.987;388.164;new route 5 from 2025-12-16: profile of route 28 x0.5
5;2025-12-19;14;380.445;1.0;1.013;0.987;380.445;new route 5 from 2025-12-16: profile of route 28 x0.5
5;2025-12-19;15;393.551;1.0;1.013;0.987;393.551;new route 5 from 2025-12-16: profile of route 28 x0.5
5;2025-12-19;16;510.414;1.0;1.013;0.987;510.414;new route 5 from 2025-12-16: profile of route 28 x0.5
5;2025-12-19;17;539.129;1.0;1.013;0.987;539.129;new route 5 from 2025-12-16: profile of route 28 x0.5
5;2025-12-19;18;453.796;1.0;1.013;0.987;453.796;new route 5 from 2025-12-16: profile of route 28 x0.5
5;2025-12-19;19;347.139;1.0;1.013;0.987;347.139;new route 5 from 2025-12-16: profile of route 28 x0.5
5;2025-12-19;20;251.368;1.0;1.013;0.987;251.368;new route 5 from 2025-12-16: profile of route 28 x0.5
5;2025-12-19;21;174.33;1.0;1.013;0.987;174.33;new route 5 from 2025-12-16: profile of route 28 x0.5
5;2025-12-19;22;75.862;1.0;1.013;0.987;75.862;new route 5 from 2025-12-16: profile of route 28 x0.5
5;2025-12-19;23;11.174;1.0;1.013;0.987;11.174;new route 5 from 2025-12-16: profile of route 28 x0.5
5;2025-12-20;0;1.324;1.0;1.015;0.985;1.324;new route 5 from 2025-12-16: profile of route 28 x0.5
5;2025-12-20;1;0.0;1.0;1.015;1.0;0.0;
5;2025-12-20;2;0.0;1.0;1.015;1.0;0.0;
5;2025-12-20;3;0.0;1.0;1.015;1.0;0.0;
5;2025-12-20;4;0.472;1.0;1.015;0.985;0.472;new route 5 from 2025-12-16: profile of route 28 x0.5
5;2025-12-20;5;18.141;1.0;1.015;0.985;18.141;new route 5 from 2025-12-16: profile of route 28 x0.5
5;2025-12-20;6;51.818;1.0;1.015;0.985;51.818;new route 5 from 2025-12-16: profile of route 28 x0.5
5;2025-12-20;7;111.442;1.0;1.015;0.985;111.442;new route 5 from 2025-12-16: profile of route 28 x0.5
5;2025-12-20;8;190.045;1.0;1.015;0.985;190.045;new route 5 from 2025-12-16: profile of route 28 x0.5
5;2025-12-20;9;229.401;1.0;1.015;0.985;229.401;new route 5 from 2025-12-16: profile of route 28 x0.5
5;2025-12-20;10;240.305;1.0;1.015;0.985;240.305;new route 5 from 2025-12-16: profile of route 28 x0.5
5;2025-12-20;11;244.824;1.0;1.015;0.985;244.824;new route 5 from 2025-12-16: profile of route 28 x0.5
5;2025-12-20;12;285.944;1.0;1.015;0.985;285.944;new route 5 from 2025-12-16: profile of route 28 x0.5
5;2025-12-20;13;296.997;1.0;1.015;0.985;296.997;new route 5 from 2025-12-16: profile of route 28 x0.5
5;2025-12-20;14;295.805;1.0;1.015;0.985;295.805;new route 5 from 2025-12-16: profile of route 28 x0.5
5;2025-12-20;15;293.978;1.0;1.015;0.985;293.978;new route 5 from 2025-12-16: profile of route 28 x0.5
5;2025-12-20;16;284.15;1.0;1.015;0.985;284.15;new route 5 from 2025-12-16: profile of route 28 x0.5
5;2025-12-20;17;288.168;1.0;1.015;0.985;288.168;new route 5 from 2025-12-16: profile of route 28 x0.5
5;2025-12-20;18;248.403;1.0;1.015;0.985;248.403;new route 5 from 2025-12-16: profile of route 28 x0.5
5;2025-12-20;19;203.286;1.0;1.015;0.985;203.286;new route 5 from 2025-12-16: profile of route 28 x0.5
5;2025-12-20;20;151.674;1.0;1.015;0.985;151.674;new route 5 from 2025-12-16: profile of route 28 x0.5
5;2025-12-20;21;135.255;1.0;1.015;0.985;135.255;new route 5 from 2025-12-16: profile of route 28 x0.5
5;2025-12-20;22;64.451;1.0;1.015;0.985;64.451;new route 5 from 2025-12-16: profile of route 28 x0.5
5;2025-12-20;23;8.888;1.0;1.015;0.985;8.888;new route 5 from 2025-12-16: profile of route 28 x0.5
5;2025-12-21;0;1.509;1.0;1.011;0.989;1.509;new route 5 from 2025-12-16: profile of route 28 x0.5
5;2025-12-21;1;0.0;1.0;1.011;1.0;0.0;
5;2025-12-21;2;0.0;1.0;1.011;1.0;0.0;
5;2025-12-21;3;0.0;1.0;1.011;1.0;0.0;
5;2025-12-21;4;0.0;1.0;1.011;1.0;0.0;
5;2025-12-21;5;15.887;1.0;1.011;0.989;15.887;new route 5 from 2025-12-16: profile of route 28 x0.5
5;2025-12-21;6;42.947;1.0;1.011;0.989;42.947;new route 5 from 2025-12-16: profile of route 28 x0.5
5;2025-12-21;7;80.279;1.0;1.011;0.989;80.279;new route 5 from 2025-12-16: profile of route 28 x0.5
5;2025-12-21;8;129.416;1.0;1.011;0.989;129.416;new route 5 from 2025-12-16: profile of route 28 x0.5
5;2025-12-21;9;176.574;1.0;1.011;0.989;176.574;new route 5 from 2025-12-16: profile of route 28 x0.5
5;2025-12-21;10;197.078;1.0;1.011;0.989;197.078;new route 5 from 2025-12-16: profile of route 28 x0.5
5;2025-12-21;11;217.382;1.0;1.011;0.989;217.382;new route 5 from 2025-12-16: profile of route 28 x0.5
5;2025-12-21;12;238.188;1.0;1.011;0.989;238.188;new route 5 from 2025-12-16: profile of route 28 x0.5
5;2025-12-21;13;278.435;1.0;1.011;0.989;278.435;new route 5 from 2025-12-16: profile of route 28 x0.5
5;2025-12-21;14;268.317;1.0;1.011;0.989;268.317;new route 5 from 2025-12-16: profile of route 28 x0.5
5;2025-12-21;15;265.942;1.0;1.011;0.989;265.942;new route 5 from 2025-12-16: profile of route 28 x0.5
5;2025-12-21;16;247.571;1.0;1.011;0.989;247.571;new route 5 from 2025-12-16: profile of route 28 x0.5
5;2025-12-21;17;250.38;1.0;1.011;0.989;250.38;new route 5 from 2025-12-16: profile of route 28 x0.5
5;2025-12-21;18;218.116;1.0;1.011;0.989;218.116;new route 5 from 2025-12-16: profile of route 28 x0.5
5;2025-12-21;19;189.745;1.0;1.011;0.989;189.745;new route 5 from 2025-12-16: profile of route 28 x0.5
5;2025-12-21;20;151.473;1.0;1.011;0.989;151.473;new route 5 from 2025-12-16: profile of route 28 x0.5
5;2025-12-21;21;125.125;1.0;1.011;0.989;125.125;new route 5 from 2025-12-16: profile of route 28 x0.5
5;2025-12-21;22;56.112;1.0;1.011;0.989;56.112;new route 5 from 2025-12-16: profile of route 28 x0.5
5;2025-12-21;23;6.99;1.0;1.011;0.989;6.99;new route 5 from 2025-12-16: profile of route 28 x0.5
5;2025-12-22;0;1.377;1.0;1.006;0.994;1.377;new route 5 from 2025-12-16: profile of route 28 x0.5
5;2025-12-22;1;0.347;1.0;1.006;0.994;0.347;new route 5 from 2025-12-16: profile of route 28 x0.5
5;2025-12-22;2;0.0;1.0;1.006;1.0;0.0;
5;2025-12-22;3;0.0;1.0;1.006;1.0;0.0;
5;2025-12-22;4;0.698;1.0;1.006;0.994;0.698;new route 5 from 2025-12-16: profile of route 28 x0.5
5;2025-12-22;5;41.137;1.0;1.006;0.994;41.137;new route 5 from 2025-12-16: profile of route 28 x0.5
5;2025-12-22;6;135.916;1.0;1.006;0.994;135.916;new route 5 from 2025-12-16: profile of route 28 x0.5
5;2025-12-22;7;409.564;1.0;1.006;0.994;409.564;new route 5 from 2025-12-16: profile of route 28 x0.5
5;2025-12-22;8;637.137;1.0;1.006;0.994;637.137;new route 5 from 2025-12-16: profile of route 28 x0.5
5;2025-12-22;9;435.032;1.0;1.006;0.994;435.032;new route 5 from 2025-12-16: profile of route 28 x0.5
5;2025-12-22;10;320.308;1.0;1.006;0.994;320.308;new route 5 from 2025-12-16: profile of route 28 x0.5
5;2025-12-22;11;290.381;1.0;1.006;0.994;290.381;new route 5 from 2025-12-16: profile of route 28 x0.5
5;2025-12-22;12;353.246;1.0;1.006;0.994;353.246;new route 5 from 2025-12-16: profile of route 28 x0.5
5;2025-12-22;13;363.92;1.0;1.006;0.994;363.92;new route 5 from 2025-12-16: profile of route 28 x0.5
5;2025-12-22;14;335.984;1.0;1.006;0.994;335.984;new route 5 from 2025-12-16: profile of route 28 x0.5
5;2025-12-22;15;351.615;1.0;1.006;0.994;351.615;new route 5 from 2025-12-16: profile of route 28 x0.5
5;2025-12-22;16;440.46;1.0;1.006;0.994;440.46;new route 5 from 2025-12-16: profile of route 28 x0.5
5;2025-12-22;17;506.094;1.0;1.006;0.994;506.094;new route 5 from 2025-12-16: profile of route 28 x0.5
5;2025-12-22;18;501.589;1.0;1.006;0.994;501.589;new route 5 from 2025-12-16: profile of route 28 x0.5
5;2025-12-22;19;377.12;1.0;1.006;0.994;377.12;new route 5 from 2025-12-16: profile of route 28 x0.5
5;2025-12-22;20;263.315;1.0;1.006;0.994;263.315;new route 5 from 2025-12-16: profile of route 28 x0.5
5;2025-12-22;21;162.524;1.0;1.006;0.994;162.524;new route 5 from 2025-12-16: profile of route 28 x0.5
5;2025-12-22;22;67.047;1.0;1.006;0.994;67.047;new route 5 from 2025-12-16: profile of route 28 x0.5
5;2025-12-22;23;9.082;1.0;1.006;0.994;9.082;new route 5 from 2025-12-16: profile of route 28 x0.5
5;2025-12-23;0;1.377;1.0;0.981;1.019;1.377;new route 5 from 2025-12-16: profile of route 28 x0.5
5;2025-12-23;1;0.347;1.0;0.981;1.019;0.347;new route 5 from 2025-12-16: profile of route 28 x0.5
5;2025-12-23;2;0.0;1.0;0.981;1.0;0.0;
5;2025-12-23;3;0.0;1.0;0.981;1.0;0.0;
5;2025-12-23;4;0.698;1.0;0.981;1.019;0.698;new route 5 from 2025-12-16: profile of route 28 x0.5
5;2025-12-23;5;41.137;1.0;0.981;1.019;41.137;new route 5 from 2025-12-16: profile of route 28 x0.5
5;2025-12-23;6;135.916;1.0;0.981;1.019;135.916;new route 5 from 2025-12-16: profile of route 28 x0.5
5;2025-12-23;7;409.564;1.0;0.981;1.019;409.564;new route 5 from 2025-12-16: profile of route 28 x0.5
5;2025-12-23;8;637.137;1.0;0.981;1.019;637.137;new route 5 from 2025-12-16: profile of route 28 x0.5
5;2025-12-23;9;435.032;1.0;0.981;1.019;435.032;new route 5 from 2025-12-16: profile of route 28 x0.5
5;2025-12-23;10;320.308;1.0;0.981;1.019;320.308;new route 5 from 2025-12-16: profile of route 28 x0.5
5;2025-12-23;11;290.381;1.0;0.981;1.019;290.381;new route 5 from 2025-12-16: profile of route 28 x0.5
5;2025-12-23;12;353.246;1.0;0.981;1.019;353.246;new route 5 from 2025-12-16: profile of route 28 x0.5
5;2025-12-23;13;363.92;1.0;0.981;1.019;363.92;new route 5 from 2025-12-16: profile of route 28 x0.5
5;2025-12-23;14;335.984;1.0;0.981;1.019;335.984;new route 5 from 2025-12-16: profile of route 28 x0.5
5;2025-12-23;15;351.615;1.0;0.981;1.019;351.615;new route 5 from 2025-12-16: profile of route 28 x0.5
5;2025-12-23;16;440.46;1.0;0.981;1.019;440.46;new route 5 from 2025-12-16: profile of route 28 x0.5
5;2025-12-23;17;506.094;1.0;0.981;1.019;506.094;new route 5 from 2025-12-16: profile of route 28 x0.5
5;2025-12-23;18;501.589;1.0;0.981;1.019;501.589;new route 5 from 2025-12-16: profile of route 28 x0.5
5;2025-12-23;19;377.12;1.0;0.981;1.019;377.12;new route 5 from 2025-12-16: profile of route 28 x0.5
5;2025-12-23;20;263.315;1.0;0.981;1.019;263.315;new route 5 from 2025-12-16: profile of route 28 x0.5
5;2025-12-23;21;162.524;1.0;0.981;1.019;162.524;new route 5 from 2025-12-16: profile of route 28 x0.5
5;2025-12-23;22;67.047;1.0;0.981;1.019;67.047;new route 5 from 2025-12-16: profile of route 28 x0.5
5;2025-12-23;23;9.082;1.0;0.981;1.019;9.082;new route 5 from 2025-12-16: profile of route 28 x0.5
5;2025-12-24;0;1.377;1.0;0.976;1.025;1.377;new route 5 from 2025-12-16: profile of route 28 x0.5
5;2025-12-24;1;0.347;1.0;0.976;1.025;0.347;new route 5 from 2025-12-16: profile of route 28 x0.5
5;2025-12-24;2;0.0;1.0;0.976;1.0;0.0;
5;2025-12-24;3;0.0;1.0;0.976;1.0;0.0;
5;2025-12-24;4;0.698;1.0;0.976;1.025;0.698;new route 5 from 2025-12-16: profile of route 28 x0.5
5;2025-12-24;5;41.137;1.0;0.976;1.025;41.137;new route 5 from 2025-12-16: profile of route 28 x0.5
5;2025-12-24;6;135.916;1.0;0.976;1.025;135.916;new route 5 from 2025-12-16: profile of route 28 x0.5
5;2025-12-24;7;409.564;1.0;0.976;1.025;409.564;new route 5 from 2025-12-16: profile of route 28 x0.5
5;2025-12-24;8;637.137;1.0;0.976;1.025;637.137;new route 5 from 2025-12-16: profile of route 28 x0.5
5;2025-12-24;9;435.032;1.0;0.976;1.025;435.032;new route 5 from 2025-12-16: profile of route 28 x0.5
5;2025-12-24;10;320.308;1.0;0.976;1.025;320.308;new route 5 from 2025-12-16: profile of route 28 x0.5
5;2025-12-24;11;290.381;1.0;0.976;1.025;290.381;new route 5 from 2025-12-16: profile of route 28 x0.5
5;2025-12-24;12;353.246;1.0;0.976;1.025;353.246;new route 5 from 2025-12-16: profile of route 28 x0.5
5;2025-12-24;13;363.92;1.0;0.976;1.025;363.92;new route 5 from 2025-12-16: profile of route 28 x0.5
5;2025-12-24;14;335.984;1.0;0.976;1.025;335.984;new route 5 from 2025-12-16: profile of route 28 x0.5
5;2025-12-24;15;351.615;1.0;0.976;1.025;351.615;new route 5 from 2025-12-16: profile of route 28 x0.5
5;2025-12-24;16;440.46;1.0;0.976;1.025;440.46;new route 5 from 2025-12-16: profile of route 28 x0.5
5;2025-12-24;17;506.094;1.0;0.976;1.025;506.094;new route 5 from 2025-12-16: profile of route 28 x0.5
5;2025-12-24;18;501.589;1.0;0.976;1.025;501.589;new route 5 from 2025-12-16: profile of route 28 x0.5
5;2025-12-24;19;377.12;1.0;0.976;1.025;377.12;new route 5 from 2025-12-16: profile of route 28 x0.5
5;2025-12-24;20;263.315;1.0;0.976;1.025;263.315;new route 5 from 2025-12-16: profile of route 28 x0.5
5;2025-12-24;21;162.524;1.0;0.976;1.025;162.524;new route 5 from 2025-12-16: profile of route 28 x0.5
5;2025-12-24;22;67.047;1.0;0.976;1.025;67.047;new route 5 from 2025-12-16: profile of route 28 x0.5
5;2025-12-24;23;9.082;1.0;0.976;1.025;9.082;new route 5 from 2025-12-16: profile of route 28 x0.5
5;2025-12-25;0;1.377;1.0;0.998;1.002;1.377;new route 5 from 2025-12-16: profile of route 28 x0.5
5;2025-12-25;1;0.347;1.0;0.998;1.002;0.347;new route 5 from 2025-12-16: profile of route 28 x0.5
5;2025-12-25;2;0.0;1.0;0.998;1.0;0.0;
5;2025-12-25;3;0.0;1.0;0.998;1.0;0.0;
5;2025-12-25;4;0.698;1.0;0.998;1.002;0.698;new route 5 from 2025-12-16: profile of route 28 x0.5
5;2025-12-25;5;41.137;1.0;0.998;1.002;41.137;new route 5 from 2025-12-16: profile of route 28 x0.5
5;2025-12-25;6;135.916;1.0;0.998;1.002;135.916;new route 5 from 2025-12-16: profile of route 28 x0.5
5;2025-12-25;7;409.564;1.0;0.998;1.002;409.564;new route 5 from 2025-12-16: profile of route 28 x0.5
5;2025-12-25;8;637.137;1.0;0.998;1.002;637.137;new route 5 from 2025-12-16: profile of route 28 x0.5
5;2025-12-25;9;435.032;1.0;0.998;1.002;435.032;new route 5 from 2025-12-16: profile of route 28 x0.5
5;2025-12-25;10;320.308;1.0;0.998;1.002;320.308;new route 5 from 2025-12-16: profile of route 28 x0.5
5;2025-12-25;11;290.381;1.0;0.998;1.002;290.381;new route 5 from 2025-12-16: profile of route 28 x0.5
5;2025-12-25;12;353.246;1.0;0.998;1.002;353.246;new route 5 from 2025-12-16: profile of route 28 x0.5
5;2025-12-25;13;363.92;1.0;0.998;1.002;363.92;new route 5 from 2025-12-16: profile of route 28 x0.5
5;2025-12-25;14;335.984;1.0;0.998;1.002;335.984;new route 5 from 2025-12-16: profile of route 28 x0.5
5;2025-12-25;15;351.615;1.0;0.998;1.002;351.615;new route 5 from 2025-12-16: profile of route 28 x0.5
5;2025-12-25;16;440.46;1.0;0.998;1.002;440.46;new route 5 from 2025-12-16: profile of route 28 x0.5
5;2025-12-25;17;506.094;1.0;0.998;1.002;506.094;new route 5 from 2025-12-16: profile of route 28 x0.5
5;2025-12-25;18;501.589;1.0;0.998;1.002;501.589;new route 5 from 2025-12-16: profile of route 28 x0.5
5;2025-12-25;19;377.12;1.0;0.998;1.002;377.12;new route 5 from 2025-12-16: profile of route 28 x0.5
5;2025-12-25;20;263.315;1.0;0.998;1.002;263.315;new route 5 from 2025-12-16: profile of route 28 x0.5
5;2025-12-25;21;162.524;1.0;0.998;1.002;162.524;new route 5 from 2025-12-16: profile of route 28 x0.5
5;2025-12-25;22;67.047;1.0;0.998;1.002;67.047;new route 5 from 2025-12-16: profile of route 28 x0.5
5;2025-12-25;23;9.082;1.0;0.998;1.002;9.082;new route 5 from 2025-12-16: profile of route 28 x0.5
5;2025-12-26;0;1.442;1.0;0.96;1.042;1.442;new route 5 from 2025-12-16: profile of route 28 x0.5
5;2025-12-26;1;0.0;1.0;0.96;1.0;0.0;
5;2025-12-26;2;0.0;1.0;0.96;1.0;0.0;
5;2025-12-26;3;0.0;1.0;0.96;1.0;0.0;
5;2025-12-26;4;1.22;1.0;0.96;1.042;1.22;new route 5 from 2025-12-16: profile of route 28 x0.5
5;2025-12-26;5;42.211;1.0;0.96;1.042;42.211;new route 5 from 2025-12-16: profile of route 28 x0.5
5;2025-12-26;6;144.62;1.0;0.96;1.042;144.62;new route 5 from 2025-12-16: profile of route 28 x0.5
5;2025-12-26;7;437.449;1.0;0.96;1.042;437.449;new route 5 from 2025-12-16: profile of route 28 x0.5
5;2025-12-26;8;666.959;1.0;0.96;1.042;666.959;new route 5 from 2025-12-16: profile of route 28 x0.5
5;2025-12-26;9;450.906;1.0;0.96;1.042;450.906;new route 5 from 2025-12-16: profile of route 28 x0.5
5;2025-12-26;10;340.1;1.0;0.96;1.042;340.1;new route 5 from 2025-12-16: profile of route 28 x0.5
5;2025-12-26;11;315.25;1.0;0.96;1.042;315.25;new route 5 from 2025-12-16: profile of route 28 x0.5
5;2025-12-26;12;396.838;1.0;0.96;1.042;396.838;new route 5 from 2025-12-16: profile of route 28 x0.5
5;2025-12-26;13;388.164;1.0;0.96;1.042;388.164;new route 5 from 2025-12-16: profile of route 28 x0.5
5;2025-12-26;14;380.445;1.0;0.96;1.042;380.445;new route 5 from 2025-12-16: profile of route 28 x0.5
5;2025-12-26;15;393.551;1.0;0.96;1.042;393.551;new route 5 from 2025-12-16: profile of route 28 x0.5
5;2025-12-26;16;510.414;1.0;0.96;1.042;510.414;new route 5 from 2025-12-16: profile of route 28 x0.5
5;2025-12-26;17;539.129;1.0;0.96;1.042;539.129;new route 5 from 2025-12-16: profile of route 28 x0.5
5;2025-12-26;18;453.796;1.0;0.96;1.042;453.796;new route 5 from 2025-12-16: profile of route 28 x0.5
5;2025-12-26;19;347.139;1.0;0.96;1.042;347.139;new route 5 from 2025-12-16: profile of route 28 x0.5
5;2025-12-26;20;251.368;1.0;0.96;1.042;251.368;new route 5 from 2025-12-16: profile of route 28 x0.5
5;2025-12-26;21;174.33;1.0;0.96;1.042;174.33;new route 5 from 2025-12-16: profile of route 28 x0.5
5;2025-12-26;22;75.862;1.0;0.96;1.042;75.862;new route 5 from 2025-12-16: profile of route 28 x0.5
5;2025-12-26;23;11.174;1.0;0.96;1.042;11.174;new route 5 from 2025-12-16: profile of route 28 x0.5
5;2025-12-27;0;1.324;1.0;1.013;0.987;1.324;new route 5 from 2025-12-16: profile of route 28 x0.5
5;2025-12-27;1;0.0;1.0;1.013;1.0;0.0;
5;2025-12-27;2;0.0;1.0;1.013;1.0;0.0;
5;2025-12-27;3;0.0;1.0;1.013;1.0;0.0;
5;2025-12-27;4;0.472;1.0;1.013;0.987;0.472;new route 5 from 2025-12-16: profile of route 28 x0.5
5;2025-12-27;5;18.141;1.0;1.013;0.987;18.141;new route 5 from 2025-12-16: profile of route 28 x0.5
5;2025-12-27;6;51.818;1.0;1.013;0.987;51.818;new route 5 from 2025-12-16: profile of route 28 x0.5
5;2025-12-27;7;111.442;1.0;1.013;0.987;111.442;new route 5 from 2025-12-16: profile of route 28 x0.5
5;2025-12-27;8;190.045;1.0;1.013;0.987;190.045;new route 5 from 2025-12-16: profile of route 28 x0.5
5;2025-12-27;9;229.401;1.0;1.013;0.987;229.401;new route 5 from 2025-12-16: profile of route 28 x0.5
5;2025-12-27;10;240.305;1.0;1.013;0.987;240.305;new route 5 from 2025-12-16: profile of route 28 x0.5
5;2025-12-27;11;244.824;1.0;1.013;0.987;244.824;new route 5 from 2025-12-16: profile of route 28 x0.5
5;2025-12-27;12;285.944;1.0;1.013;0.987;285.944;new route 5 from 2025-12-16: profile of route 28 x0.5
5;2025-12-27;13;296.997;1.0;1.013;0.987;296.997;new route 5 from 2025-12-16: profile of route 28 x0.5
5;2025-12-27;14;295.805;1.0;1.013;0.987;295.805;new route 5 from 2025-12-16: profile of route 28 x0.5
5;2025-12-27;15;293.978;1.0;1.013;0.987;293.978;new route 5 from 2025-12-16: profile of route 28 x0.5
5;2025-12-27;16;284.15;1.0;1.013;0.987;284.15;new route 5 from 2025-12-16: profile of route 28 x0.5
5;2025-12-27;17;288.168;1.0;1.013;0.987;288.168;new route 5 from 2025-12-16: profile of route 28 x0.5
5;2025-12-27;18;248.403;1.0;1.013;0.987;248.403;new route 5 from 2025-12-16: profile of route 28 x0.5
5;2025-12-27;19;203.286;1.0;1.013;0.987;203.286;new route 5 from 2025-12-16: profile of route 28 x0.5
5;2025-12-27;20;151.674;1.0;1.013;0.987;151.674;new route 5 from 2025-12-16: profile of route 28 x0.5
5;2025-12-27;21;135.255;1.0;1.013;0.987;135.255;new route 5 from 2025-12-16: profile of route 28 x0.5
5;2025-12-27;22;64.451;1.0;1.013;0.987;64.451;new route 5 from 2025-12-16: profile of route 28 x0.5
5;2025-12-27;23;8.888;1.0;1.013;0.987;8.888;new route 5 from 2025-12-16: profile of route 28 x0.5
5;2025-12-28;0;1.509;1.0;0.994;1.006;1.509;new route 5 from 2025-12-16: profile of route 28 x0.5
5;2025-12-28;1;0.0;1.0;0.994;1.0;0.0;
5;2025-12-28;2;0.0;1.0;0.994;1.0;0.0;
5;2025-12-28;3;0.0;1.0;0.994;1.0;0.0;
5;2025-12-28;4;0.0;1.0;0.994;1.0;0.0;
5;2025-12-28;5;15.887;1.0;0.994;1.006;15.887;new route 5 from 2025-12-16: profile of route 28 x0.5
5;2025-12-28;6;42.947;1.0;0.994;1.006;42.947;new route 5 from 2025-12-16: profile of route 28 x0.5
5;2025-12-28;7;80.279;1.0;0.994;1.006;80.279;new route 5 from 2025-12-16: profile of route 28 x0.5
5;2025-12-28;8;129.416;1.0;0.994;1.006;129.416;new route 5 from 2025-12-16: profile of route 28 x0.5
5;2025-12-28;9;176.574;1.0;0.994;1.006;176.574;new route 5 from 2025-12-16: profile of route 28 x0.5
5;2025-12-28;10;197.078;1.0;0.994;1.006;197.078;new route 5 from 2025-12-16: profile of route 28 x0.5
5;2025-12-28;11;217.382;1.0;0.994;1.006;217.382;new route 5 from 2025-12-16: profile of route 28 x0.5
5;2025-12-28;12;238.188;1.0;0.994;1.006;238.188;new route 5 from 2025-12-16: profile of route 28 x0.5
5;2025-12-28;13;278.435;1.0;0.994;1.006;278.435;new route 5 from 2025-12-16: profile of route 28 x0.5
5;2025-12-28;14;268.317;1.0;0.994;1.006;268.317;new route 5 from 2025-12-16: profile of route 28 x0.5
5;2025-12-28;15;265.942;1.0;0.994;1.006;265.942;new route 5 from 2025-12-16: profile of route 28 x0.5
5;2025-12-28;16;247.571;1.0;0.994;1.006;247.571;new route 5 from 2025-12-16: profile of route 28 x0.5
5;2025-12-28;17;250.38;1.0;0.994;1.006;250.38;new route 5 from 2025-12-16: profile of route 28 x0.5
5;2025-12-28;18;218.116;1.0;0.994;1.006;218.116;new route 5 from 2025-12-16: profile of route 28 x0.5
5;2025-12-28;19;189.745;1.0;0.994;1.006;189.745;new route 5 from 2025-12-16: profile of route 28 x0.5
5;2025-12-28;20;151.473;1.0;0.994;1.006;151.473;new route 5 from 2025-12-16: profile of route 28 x0.5
5;2025-12-28;21;125.125;1.0;0.994;1.006;125.125;new route 5 from 2025-12-16: profile of route 28 x0.5
5;2025-12-28;22;56.112;1.0;0.994;1.006;56.112;new route 5 from 2025-12-16: profile of route 28 x0.5
5;2025-12-28;23;6.99;1.0;0.994;1.006;6.99;new route 5 from 2025-12-16: profile of route 28 x0.5
5;2025-12-29;0;0.918;0.88;0.998;1.139;0.918;new route 5 from 2025-12-16: profile of route 28 x0.5
5;2025-12-29;1;0.347;0.88;0.998;1.139;0.347;new route 5 from 2025-12-16: profile of route 28 x0.5
5;2025-12-29;2;0.0;0.88;0.998;1.0;0.0;
5;2025-12-29;3;0.0;0.88;0.998;1.0;0.0;
5;2025-12-29;4;0.698;0.88;0.998;1.139;0.698;new route 5 from 2025-12-16: profile of route 28 x0.5
5;2025-12-29;5;35.863;0.88;0.998;1.139;35.863;new route 5 from 2025-12-16: profile of route 28 x0.5
5;2025-12-29;6;119.671;0.88;0.998;1.139;119.671;new route 5 from 2025-12-16: profile of route 28 x0.5
5;2025-12-29;7;360.25;0.88;0.998;1.139;360.25;new route 5 from 2025-12-16: profile of route 28 x0.5
5;2025-12-29;8;560.641;0.88;0.998;1.139;560.641;new route 5 from 2025-12-16: profile of route 28 x0.5
5;2025-12-29;9;383.143;0.88;0.998;1.139;383.143;new route 5 from 2025-12-16: profile of route 28 x0.5
5;2025-12-29;10;281.892;0.88;0.998;1.139;281.892;new route 5 from 2025-12-16: profile of route 28 x0.5
5;2025-12-29;11;255.371;0.88;0.998;1.139;255.371;new route 5 from 2025-12-16: profile of route 28 x0.5
5;2025-12-29;12;310.656;0.88;0.998;1.139;310.656;new route 5 from 2025-12-16: profile of route 28 x0.5
5;2025-12-29;13;320.167;0.88;0.998;1.139;320.167;new route 5 from 2025-12-16: profile of route 28 x0.5
5;2025-12-29;14;295.746;0.88;0.998;1.139;295.746;new route 5 from 2025-12-16: profile of route 28 x0.5
5;2025-12-29;15;309.623;0.88;0.998;1.139;309.623;new route 5 from 2025-12-16: profile of route 28 x0.5
5;2025-12-29;16;387.743;0.88;0.998;1.139;387.743;new route 5 from 2025-12-16: profile of route 28 x0.5
5;2025-12-29;17;445.113;0.88;0.998;1.139;445.113;new route 5 from 2025-12-16: profile of route 28 x0.5
5;2025-12-29;18;441.222;0.88;0.998;1.139;441.222;new route 5 from 2025-12-16: profile of route 28 x0.5
5;2025-12-29;19;331.786;0.88;0.998;1.139;331.786;new route 5 from 2025-12-16: profile of route 28 x0.5
5;2025-12-29;20;231.98;0.88;0.998;1.139;231.98;new route 5 from 2025-12-16: profile of route 28 x0.5
5;2025-12-29;21;142.9;0.88;0.998;1.139;142.9;new route 5 from 2025-12-16: profile of route 28 x0.5
5;2025-12-29;22;59.024;0.88;0.998;1.139;59.024;new route 5 from 2025-12-16: profile of route 28 x0.5
5;2025-12-29;23;7.568;0.88;0.998;1.139;7.568;new route 5 from 2025-12-16: profile of route 28 x0.5
5;2025-12-30;0;0.918;0.88;0.978;1.162;0.918;new route 5 from 2025-12-16: profile of route 28 x0.5
5;2025-12-30;1;0.347;0.88;0.978;1.162;0.347;new route 5 from 2025-12-16: profile of route 28 x0.5
5;2025-12-30;2;0.0;0.88;0.978;1.0;0.0;
5;2025-12-30;3;0.0;0.88;0.978;1.0;0.0;
5;2025-12-30;4;0.698;0.88;0.978;1.162;0.698;new route 5 from 2025-12-16: profile of route 28 x0.5
5;2025-12-30;5;35.863;0.88;0.978;1.162;35.863;new route 5 from 2025-12-16: profile of route 28 x0.5
5;2025-12-30;6;119.671;0.88;0.978;1.162;119.671;new route 5 from 2025-12-16: profile of route 28 x0.5
5;2025-12-30;7;360.25;0.88;0.978;1.162;360.25;new route 5 from 2025-12-16: profile of route 28 x0.5
5;2025-12-30;8;560.641;0.88;0.978;1.162;560.641;new route 5 from 2025-12-16: profile of route 28 x0.5
5;2025-12-30;9;383.143;0.88;0.978;1.162;383.143;new route 5 from 2025-12-16: profile of route 28 x0.5
5;2025-12-30;10;281.892;0.88;0.978;1.162;281.892;new route 5 from 2025-12-16: profile of route 28 x0.5
5;2025-12-30;11;255.371;0.88;0.978;1.162;255.371;new route 5 from 2025-12-16: profile of route 28 x0.5
5;2025-12-30;12;310.656;0.88;0.978;1.162;310.656;new route 5 from 2025-12-16: profile of route 28 x0.5
5;2025-12-30;13;320.167;0.88;0.978;1.162;320.167;new route 5 from 2025-12-16: profile of route 28 x0.5
5;2025-12-30;14;295.746;0.88;0.978;1.162;295.746;new route 5 from 2025-12-16: profile of route 28 x0.5
5;2025-12-30;15;309.623;0.88;0.978;1.162;309.623;new route 5 from 2025-12-16: profile of route 28 x0.5
5;2025-12-30;16;387.743;0.88;0.978;1.162;387.743;new route 5 from 2025-12-16: profile of route 28 x0.5
5;2025-12-30;17;445.113;0.88;0.978;1.162;445.113;new route 5 from 2025-12-16: profile of route 28 x0.5
5;2025-12-30;18;441.222;0.88;0.978;1.162;441.222;new route 5 from 2025-12-16: profile of route 28 x0.5
5;2025-12-30;19;331.786;0.88;0.978;1.162;331.786;new route 5 from 2025-12-16: profile of route 28 x0.5
5;2025-12-30;20;231.98;0.88;0.978;1.162;231.98;new route 5 from 2025-12-16: profile of route 28 x0.5
5;2025-12-30;21;142.9;0.88;0.978;1.162;142.9;new route 5 from 2025-12-16: profile of route 28 x0.5
5;2025-12-30;22;59.024;0.88;0.978;1.162;59.024;new route 5 from 2025-12-16: profile of route 28 x0.5
5;2025-12-30;23;7.568;0.88;0.978;1.162;7.568;new route 5 from 2025-12-16: profile of route 28 x0.5
5;2025-12-31;0;0.754;0.8;1.001;1.249;0.754;new route 5 from 2025-12-16: profile of route 28 x0.5
5;2025-12-31;1;0.0;0.8;1.001;1.0;0.0;
5;2025-12-31;2;0.0;0.8;1.001;1.0;0.0;
5;2025-12-31;3;0.0;0.8;1.001;1.0;0.0;
5;2025-12-31;4;0.754;0.8;1.001;1.249;0.754;new route 5 from 2025-12-16: profile of route 28 x0.5
5;2025-12-31;5;16.417;0.8;1.001;1.249;16.417;new route 5 from 2025-12-16: profile of route 28 x0.5
5;2025-12-31;6;46.801;0.8;1.001;1.249;46.801;new route 5 from 2025-12-16: profile of route 28 x0.5
5;2025-12-31;7;89.836;0.8;1.001;1.249;89.836;new route 5 from 2025-12-16: profile of route 28 x0.5
5;2025-12-31;8;162.765;0.8;1.001;1.249;162.765;new route 5 from 2025-12-16: profile of route 28 x0.5
5;2025-12-31;9;180.498;0.8;1.001;1.249;180.498;new route 5 from 2025-12-16: profile of route 28 x0.5
5;2025-12-31;10;195.131;0.8;1.001;1.249;195.131;new route 5 from 2025-12-16: profile of route 28 x0.5
5;2025-12-31;11;198.777;0.8;1.001;1.249;198.777;new route 5 from 2025-12-16: profile of route 28 x0.5
5;2025-12-31;12;249.605;0.8;1.001;1.249;249.605;new route 5 from 2025-12-16: profile of route 28 x0.5
5;2025-12-31;13;241.576;0.8;1.001;1.249;241.576;new route 5 from 2025-12-16: profile of route 28 x0.5
5;2025-12-31;14;227.816;0.8;1.001;1.249;227.816;new route 5 from 2025-12-16: profile of route 28 x0.5
5;2025-12-31;15;246.693;0.8;1.001;1.249;246.693;new route 5 from 2025-12-16: profile of route 28 x0.5
5;2025-12-31;16;258.106;0.8;1.001;1.249;258.106;new route 5 from 2025-12-16: profile of route 28 x0.5
5;2025-12-31;17;231.651;0.8;1.001;1.249;231.651;new route 5 from 2025-12-16: profile of route 28 x0.5
5;2025-12-31;18;203.108;0.8;1.001;1.249;203.108;new route 5 from 2025-12-16: profile of route 28 x0.5
5;2025-12-31;19;147.847;0.8;1.001;1.249;147.847;new route 5 from 2025-12-16: profile of route 28 x0.5
5;2025-12-31;20;0.0;0.8;1.001;1.0;0.0;free fare New Year night
5;2025-12-31;21;0.0;0.8;1.001;1.0;0.0;free fare New Year night
5;2025-12-31;22;0.0;0.8;1.001;1.0;0.0;free fare New Year night
5;2025-12-31;23;0.0;0.8;1.001;1.0;0.0;free fare New Year night
7;2025-11-01;0;75.784;0.8;1.015;1.798;110.666;
7;2025-11-01;1;14.459;0.8;1.015;2.161;25.382;
7;2025-11-01;2;0.338;0.8;1.015;0.0;0.0;
7;2025-11-01;3;0.0;0.8;1.015;1.0;0.0;
7;2025-11-01;4;1.517;0.8;1.015;0.716;0.882;
7;2025-11-01;5;183.011;0.8;1.015;1.001;148.853;
7;2025-11-01;6;645.201;0.8;1.015;1.0;524.2;
7;2025-11-01;7;1565.442;0.8;1.015;1.0;1270.999;
7;2025-11-01;8;2310.538;0.8;1.015;1.0;1876.541;
7;2025-11-01;9;1731.821;0.8;1.015;1.0;1407.019;
7;2025-11-01;10;1570.421;0.8;1.015;1.0;1275.59;
7;2025-11-01;11;1498.972;0.8;1.015;1.0;1217.048;
7;2025-11-01;12;1589.992;0.8;1.015;1.0;1291.163;
7;2025-11-01;13;1648.372;0.8;1.015;1.0;1339.226;
7;2025-11-01;14;1723.841;0.8;1.015;1.0;1400.651;
7;2025-11-01;15;1842.369;0.8;1.015;1.0;1496.641;
7;2025-11-01;16;2049.805;0.8;1.015;1.0;1664.812;
7;2025-11-01;17;2268.174;0.8;1.015;1.0;1842.669;
7;2025-11-01;18;2054.186;0.8;1.015;1.0;1668.117;
7;2025-11-01;19;1457.173;0.8;1.015;1.0;1183.606;
7;2025-11-01;20;1023.992;0.8;1.015;1.0;831.928;
7;2025-11-01;21;622.816;0.8;1.015;1.0;506.005;
7;2025-11-01;22;350.695;0.8;1.015;1.0;284.988;
7;2025-11-01;23;230.982;0.8;1.015;1.0;187.565;
7;2025-11-02;0;77.203;1.0;1.014;1.002;78.458;
7;2025-11-02;1;18.141;1.0;1.014;0.979;18.015;
7;2025-11-02;2;0.0;1.0;1.014;1.0;0.0;
7;2025-11-02;3;0.0;1.0;1.014;1.0;0.0;
7;2025-11-02;4;0.674;1.0;1.014;1.032;0.705;
7;2025-11-02;5;25.71;1.0;1.014;1.015;26.463;
7;2025-11-02;6;131.894;1.0;1.014;1.0;133.782;
7;2025-11-02;7;194.098;1.0;1.014;1.002;197.32;
7;2025-11-02;8;350.224;1.0;1.014;0.999;354.869;
7;2025-11-02;9;454.501;1.0;1.014;1.0;461.038;
7;2025-11-02;10;445.576;1.0;1.014;1.001;452.148;
7;2025-11-02;11;589.406;1.0;1.014;1.0;597.543;
7;2025-11-02;12;655.387;1.0;1.014;1.0;664.444;
7;2025-11-02;13;667.08;1.0;1.014;1.0;676.159;
7;2025-11-02;14;716.786;1.0;1.014;1.0;727.279;
7;2025-11-02;15;697.107;1.0;1.014;1.0;706.763;
7;2025-11-02;16;642.185;1.0;1.014;1.001;651.72;
7;2025-11-02;17;652.469;1.0;1.014;1.0;661.701;
7;2025-11-02;18;608.356;1.0;1.014;1.0;616.96;
7;2025-11-02;19;494.002;1.0;1.014;1.0;501.176;
7;2025-11-02;20;410.978;1.0;1.014;1.001;417.107;
7;2025-11-02;21;313.702;1.0;1.014;1.002;318.641;
7;2025-11-02;22;173.641;1.0;1.014;1.003;176.7;
7;2025-11-02;23;109.88;1.0;1.014;0.998;111.245;
7;2025-11-03;0;77.203;1.0;0.995;1.002;77.004;
7;2025-11-03;1;18.141;1.0;0.995;0.979;17.681;
7;2025-11-03;2;0.0;1.0;0.995;1.0;0.0;
7;2025-11-03;3;0.0;1.0;0.995;1.0;0.0;
7;2025-11-03;4;0.674;1.0;0.995;1.032;0.692;
7;2025-11-03;5;25.71;1.0;0.995;1.015;25.972;
7;2025-11-03;6;131.894;1.0;0.995;1.0;131.304;
7;2025-11-03;7;194.098;1.0;0.995;1.002;193.664;
7;2025-11-03;8;350.224;1.0;0.995;0.999;348.295;
7;2025-11-03;9;454.501;1.0;0.995;1.0;452.497;
7;2025-11-03;10;445.576;1.0;0.995;1.001;443.772;
7;2025-11-03;11;589.406;1.0;0.995;1.0;586.473;
7;2025-11-03;12;655.387;1.0;0.995;1.0;652.134;
7;2025-11-03;13;667.08;1.0;0.995;1.0;663.632;
7;2025-11-03;14;716.786;1.0;0.995;1.0;713.806;
7;2025-11-03;15;697.107;1.0;0.995;1.0;693.669;
7;2025-11-03;16;642.185;1.0;0.995;1.001;639.646;
7;2025-11-03;17;652.469;1.0;0.995;1.0;649.442;
7;2025-11-03;18;608.356;1.0;0.995;1.0;605.53;
7;2025-11-03;19;494.002;1.0;0.995;1.0;491.891;
7;2025-11-03;20;410.978;1.0;0.995;1.001;409.379;
7;2025-11-03;21;313.702;1.0;0.995;1.002;312.738;
7;2025-11-03;22;173.641;1.0;0.995;1.003;173.426;
7;2025-11-03;23;109.88;1.0;0.995;0.998;109.184;
7;2025-11-04;0;77.203;1.0;0.986;1.002;76.245;
7;2025-11-04;1;18.141;1.0;0.986;0.979;17.507;
7;2025-11-04;2;0.0;1.0;0.986;1.0;0.0;
7;2025-11-04;3;0.0;1.0;0.986;1.0;0.0;
7;2025-11-04;4;0.674;1.0;0.986;1.032;0.685;
7;2025-11-04;5;25.71;1.0;0.986;1.015;25.716;
7;2025-11-04;6;131.894;1.0;0.986;1.0;130.01;
7;2025-11-04;7;194.098;1.0;0.986;1.002;191.756;
7;2025-11-04;8;350.224;1.0;0.986;0.999;344.864;
7;2025-11-04;9;454.501;1.0;0.986;1.0;448.039;
7;2025-11-04;10;445.576;1.0;0.986;1.001;439.4;
7;2025-11-04;11;589.406;1.0;0.986;1.0;580.696;
7;2025-11-04;12;655.387;1.0;0.986;1.0;645.71;
7;2025-11-04;13;667.08;1.0;0.986;1.0;657.095;
7;2025-11-04;14;716.786;1.0;0.986;1.0;706.774;
7;2025-11-04;15;697.107;1.0;0.986;1.0;686.835;
7;2025-11-04;16;642.185;1.0;0.986;1.001;633.345;
7;2025-11-04;17;652.469;1.0;0.986;1.0;643.044;
7;2025-11-04;18;608.356;1.0;0.986;1.0;599.565;
7;2025-11-04;19;494.002;1.0;0.986;1.0;487.046;
7;2025-11-04;20;410.978;1.0;0.986;1.001;405.346;
7;2025-11-04;21;313.702;1.0;0.986;1.002;309.657;
7;2025-11-04;22;173.641;1.0;0.986;1.003;171.718;
7;2025-11-04;23;109.88;1.0;0.986;0.998;108.109;
7;2025-11-05;0;63.635;1.0;1.015;0.996;64.32;
7;2025-11-05;1;12.165;1.0;1.015;0.97;11.986;
7;2025-11-05;2;0.062;1.0;1.015;0.0;0.0;
7;2025-11-05;3;0.0;1.0;1.015;1.0;0.0;
7;2025-11-05;4;1.944;1.0;1.015;0.677;1.337;
7;2025-11-05;5;206.136;1.0;1.015;1.002;209.756;
7;2025-11-05;6;728.971;1.0;1.015;1.0;740.062;
7;2025-11-05;7;1744.093;1.0;1.015;1.0;1770.973;
7;2025-11-05;8;2657.256;1.0;1.015;1.0;2697.633;
7;2025-11-05;9;1966.635;1.0;1.015;1.0;1997.059;
7;2025-11-05;10;1705.421;1.0;1.015;1.0;1731.878;
7;2025-11-05;11;1550.361;1.0;1.015;1.0;1574.499;
7;2025-11-05;12;1647.154;1.0;1.015;1.0;1671.873;
7;2025-11-05;13;1610.244;1.0;1.015;1.0;1634.404;
7;2025-11-05;14;1708.704;1.0;1.015;1.0;1734.691;
7;2025-11-05;15;1850.645;1.0;1.015;1.0;1878.746;
7;2025-11-05;16;1943.985;1.0;1.015;1.0;1973.956;
7;2025-11-05;17;2480.152;1.0;1.015;1.0;2517.531;
7;2025-11-05;18;2732.732;1.0;1.015;1.0;2774.049;
7;2025-11-05;19;1833.974;1.0;1.015;1.0;1862.062;
7;2025-11-05;20;1157.319;1.0;1.015;1.0;1175.224;
7;2025-11-05;21;672.089;1.0;1.015;1.0;682.449;
7;2025-11-05;22;336.649;1.0;1.015;0.999;341.299;
7;2025-11-05;23;200.173;1.0;1.015;0.997;202.709;
7;2025-11-06;0;63.635;1.0;0.999;0.996;63.267;
7;2025-11-06;1;12.165;1.0;0.999;0.97;11.79;
7;2025-11-06;2;0.062;1.0;0.999;0.0;0.0;
7;2025-11-06;3;0.0;1.0;0.999;1.0;0.0;
7;2025-11-06;4;1.944;1.0;0.999;0.677;1.315;
7;2025-11-06;5;206.136;1.0;0.999;1.002;206.323;
7;2025-11-06;6;728.971;1.0;0.999;1.0;727.951;
7;2025-11-06;7;1744.093;1.0;0.999;1.0;1741.992;
7;2025-11-06;8;2657.256;1.0;0.999;1.0;2653.488;
7;2025-11-06;9;1966.635;1.0;0.999;1.0;1964.378;
7;2025-11-06;10;1705.421;1.0;0.999;1.0;1703.537;
7;2025-11-06;11;1550.361;1.0;0.999;1.0;1548.733;
7;2025-11-06;12;1647.154;1.0;0.999;1.0;1644.514;
7;2025-11-06;13;1610.244;1.0;0.999;1.0;1607.658;
7;2025-11-06;14;1708.704;1.0;0.999;1.0;1706.303;
7;2025-11-06;15;1850.645;1.0;0.999;1.0;1848.001;
7;2025-11-06;16;1943.985;1.0;0.999;1.0;1941.653;
7;2025-11-06;17;2480.152;1.0;0.999;1.0;2476.333;
7;2025-11-06;18;2732.732;1.0;0.999;1.0;2728.653;
7;2025-11-06;19;1833.974;1.0;0.999;1.0;1831.59;
7;2025-11-06;20;1157.319;1.0;0.999;1.0;1155.992;
7;2025-11-06;21;672.089;1.0;0.999;1.0;671.281;
7;2025-11-06;22;336.649;1.0;0.999;0.999;335.713;
7;2025-11-06;23;200.173;1.0;0.999;0.997;199.392;
7;2025-11-07;0;67.227;1.0;1.01;1.003;68.073;
7;2025-11-07;1;12.614;1.0;1.01;0.968;12.333;
7;2025-11-07;2;0.338;1.0;1.01;0.0;0.0;
7;2025-11-07;3;0.0;1.0;1.01;1.0;0.0;
7;2025-11-07;4;1.517;1.0;1.01;1.146;1.755;
7;2025-11-07;5;183.011;1.0;1.01;1.0;184.776;
7;2025-11-07;6;645.201;1.0;1.01;1.0;651.656;
7;2025-11-07;7;1565.442;1.0;1.01;1.0;1581.113;
7;2025-11-07;8;2310.538;1.0;1.01;1.0;2332.548;
7;2025-11-07;9;1731.821;1.0;1.01;1.0;1749.127;
7;2025-11-07;10;1570.421;1.0;1.01;1.0;1585.742;
7;2025-11-07;11;1498.972;1.0;1.01;1.0;1513.211;
7;2025-11-07;12;1589.992;1.0;1.01;1.0;1605.593;
7;2025-11-07;13;1648.372;1.0;1.01;1.0;1664.347;
7;2025-11-07;14;1723.841;1.0;1.01;1.0;1740.19;
7;2025-11-07;15;1842.369;1.0;1.01;1.0;1859.786;
7;2025-11-07;16;2049.805;1.0;1.01;1.0;2070.102;
7;2025-11-07;17;2268.174;1.0;1.01;1.0;2290.451;
7;2025-11-07;18;2054.186;1.0;1.01;1.0;2073.709;
7;2025-11-07;19;1457.173;1.0;1.01;1.0;1471.392;
7;2025-11-07;20;1023.992;1.0;1.01;1.0;1033.401;
7;2025-11-07;21;622.816;1.0;1.01;1.0;628.766;
7;2025-11-07;22;350.695;1.0;1.01;1.0;354.281;
7;2025-11-07;23;230.982;1.0;1.01;1.002;233.651;
7;2025-11-08;0;88.585;1.0;1.015;1.003;90.206;
7;2025-11-08;1;19.145;1.0;1.015;1.01;19.622;
7;2025-11-08;2;0.0;1.0;1.015;1.0;0.0;
7;2025-11-08;3;0.0;1.0;1.015;1.0;0.0;
7;2025-11-08;4;0.838;1.0;1.015;0.759;0.646;
7;2025-11-08;5;44.957;1.0;1.015;0.991;45.254;
7;2025-11-08;6;235.454;1.0;1.015;1.0;238.998;
7;2025-11-08;7;330.037;1.0;1.015;1.0;335.128;
7;2025-11-08;8;595.51;1.0;1.015;1.0;604.491;
7;2025-11-08;9;595.944;1.0;1.015;1.001;605.388;
7;2025-11-08;10;642.519;1.0;1.015;1.0;652.463;
7;2025-11-08;11;738.404;1.0;1.015;0.999;749.205;
7;2025-11-08;12;907.157;1.0;1.015;1.0;920.685;
7;2025-11-08;13;887.836;1.0;1.015;1.0;901.092;
7;2025-11-08;14;910.887;1.0;1.015;1.0;924.375;
7;2025-11-08;15;855.889;1.0;1.015;1.0;869.416;
7;2025-11-08;16;819.362;1.0;1.015;1.0;832.113;
7;2025-11-08;17;808.676;1.0;1.015;1.0;821.434;
7;2025-11-08;18;767.176;1.0;1.015;1.0;778.772;
7;2025-11-08;19;689.448;1.0;1.015;0.999;699.489;
7;2025-11-08;20;534.939;1.0;1.015;0.999;542.687;
7;2025-11-08;21;414.455;1.0;1.015;1.001;421.15;
7;2025-11-08;22;223.37;1.0;1.015;0.999;226.544;
7;2025-11-08;23;153.909;1.0;1.015;0.998;155.977;
7;2025-11-09;0;77.203;1.0;1.015;1.002;78.544;
7;2025-11-09;1;18.141;1.0;1.015;0.979;18.035;
7;2025-11-09;2;0.0;1.0;1.015;1.0;0.0;
7;2025-11-09;3;0.0;1.0;1.015;1.0;0.0;
7;2025-11-09;4;0.674;1.0;1.015;1.032;0.706;
7;2025-11-09;5;25.71;1.0;1.015;1.015;26.492;
7;2025-11-09;6;131.894;1.0;1.015;1.0;133.93;
7;2025-11-09;7;194.098;1.0;1.015;1.002;197.537;
7;2025-11-09;8;350.224;1.0;1.015;0.999;355.26;
7;2025-11-09;9;454.501;1.0;1.015;1.0;461.546;
7;2025-11-09;10;445.576;1.0;1.015;1.001;452.646;
7;2025-11-09;11;589.406;1.0;1.015;1.0;598.201;
7;2025-11-09;12;655.387;1.0;1.015;1.0;665.175;
7;2025-11-09;13;667.08;1.0;1.015;1.0;676.903;
7;2025-11-09;14;716.786;1.0;1.015;1.0;728.08;
7;2025-11-09;15;697.107;1.0;1.015;1.0;707.54;
7;2025-11-09;16;642.185;1.0;1.015;1.001;652.438;
7;2025-11-09;17;652.469;1.0;1.015;1.0;662.429;
7;2025-11-09;18;608.356;1.0;1.015;1.0;617.639;
7;2025-11-09;19;494.002;1.0;1.015;1.0;501.728;
7;2025-11-09;20;410.978;1.0;1.015;1.001;417.566;
7;2025-11-09;21;313.702;1.0;1.015;1.002;318.992;
7;2025-11-09;22;173.641;1.0;1.015;1.003;176.894;
7;2025-11-09;23;109.88;1.0;1.015;0.998;111.368;
7;2025-11-10;0;63.635;1.0;1.015;0.996;64.32;
7;2025-11-10;1;12.165;1.0;1.015;0.97;11.986;
7;2025-11-10;2;0.062;1.0;1.015;0.0;0.0;
7;2025-11-10;3;0.0;1.0;1.015;1.0;0.0;
7;2025-11-10;4;1.944;1.0;1.015;0.677;1.337;
7;2025-11-10;5;206.136;1.0;1.015;1.002;209.756;
7;2025-11-10;6;728.971;1.0;1.015;1.0;740.062;
7;2025-11-10;7;1744.093;1.0;1.015;1.0;1770.973;
7;2025-11-10;8;2657.256;1.0;1.015;1.0;2697.633;
7;2025-11-10;9;1966.635;1.0;1.015;1.0;1997.059;
7;2025-11-10;10;1705.421;1.0;1.015;1.0;1731.878;
7;2025-11-10;11;1550.361;1.0;1.015;1.0;1574.499;
7;2025-11-10;12;1647.154;1.0;1.015;1.0;1671.873;
7;2025-11-10;13;1610.244;1.0;1.015;1.0;1634.404;
7;2025-11-10;14;1708.704;1.0;1.015;1.0;1734.691;
7;2025-11-10;15;1850.645;1.0;1.015;1.0;1878.746;
7;2025-11-10;16;1943.985;1.0;1.015;1.0;1973.956;
7;2025-11-10;17;2480.152;1.0;1.015;1.0;2517.531;
7;2025-11-10;18;2732.732;1.0;1.015;1.0;2774.049;
7;2025-11-10;19;1833.974;1.0;1.015;1.0;1862.062;
7;2025-11-10;20;1157.319;1.0;1.015;1.0;1175.224;
7;2025-11-10;21;672.089;1.0;1.015;1.0;682.449;
7;2025-11-10;22;336.649;1.0;1.015;0.999;341.299;
7;2025-11-10;23;200.173;1.0;1.015;0.997;202.709;
7;2025-11-11;0;63.635;1.0;1.015;0.996;64.32;
7;2025-11-11;1;12.165;1.0;1.015;0.97;11.986;
7;2025-11-11;2;0.062;1.0;1.015;0.0;0.0;
7;2025-11-11;3;0.0;1.0;1.015;1.0;0.0;
7;2025-11-11;4;1.944;1.0;1.015;0.677;1.337;
7;2025-11-11;5;206.136;1.0;1.015;1.002;209.756;
7;2025-11-11;6;728.971;1.0;1.015;1.0;740.062;
7;2025-11-11;7;1744.093;1.0;1.015;1.0;1770.973;
7;2025-11-11;8;2657.256;1.0;1.015;1.0;2697.633;
7;2025-11-11;9;1966.635;1.0;1.015;1.0;1997.059;
7;2025-11-11;10;1705.421;1.0;1.015;1.0;1731.878;
7;2025-11-11;11;1550.361;1.0;1.015;1.0;1574.499;
7;2025-11-11;12;1647.154;1.0;1.015;1.0;1671.873;
7;2025-11-11;13;1610.244;1.0;1.015;1.0;1634.404;
7;2025-11-11;14;1708.704;1.0;1.015;1.0;1734.691;
7;2025-11-11;15;1850.645;1.0;1.015;1.0;1878.746;
7;2025-11-11;16;1943.985;1.0;1.015;1.0;1973.956;
7;2025-11-11;17;2480.152;1.0;1.015;1.0;2517.531;
7;2025-11-11;18;2732.732;1.0;1.015;1.0;2774.049;
7;2025-11-11;19;1833.974;1.0;1.015;1.0;1862.062;
7;2025-11-11;20;1157.319;1.0;1.015;1.0;1175.224;
7;2025-11-11;21;672.089;1.0;1.015;1.0;682.449;
7;2025-11-11;22;336.649;1.0;1.015;0.999;341.299;
7;2025-11-11;23;200.173;1.0;1.015;0.997;202.709;
7;2025-11-12;0;63.635;1.0;1.004;0.996;63.616;
7;2025-11-12;1;12.165;1.0;1.004;0.97;11.855;
7;2025-11-12;2;0.062;1.0;1.004;0.0;0.0;
7;2025-11-12;3;0.0;1.0;1.004;1.0;0.0;
7;2025-11-12;4;1.944;1.0;1.004;0.677;1.322;
7;2025-11-12;5;206.136;1.0;1.004;1.002;207.461;
7;2025-11-12;6;728.971;1.0;1.004;1.0;731.966;
7;2025-11-12;7;1744.093;1.0;1.004;1.0;1751.599;
7;2025-11-12;8;2657.256;1.0;1.004;1.0;2668.122;
7;2025-11-12;9;1966.635;1.0;1.004;1.0;1975.212;
7;2025-11-12;10;1705.421;1.0;1.004;1.0;1712.932;
7;2025-11-12;11;1550.361;1.0;1.004;1.0;1557.274;
7;2025-11-12;12;1647.154;1.0;1.004;1.0;1653.583;
7;2025-11-12;13;1610.244;1.0;1.004;1.0;1616.524;
7;2025-11-12;14;1708.704;1.0;1.004;1.0;1715.714;
7;2025-11-12;15;1850.645;1.0;1.004;1.0;1858.193;
7;2025-11-12;16;1943.985;1.0;1.004;1.0;1952.362;
7;2025-11-12;17;2480.152;1.0;1.004;1.0;2489.99;
7;2025-11-12;18;2732.732;1.0;1.004;1.0;2743.702;
7;2025-11-12;19;1833.974;1.0;1.004;1.0;1841.692;
7;2025-11-12;20;1157.319;1.0;1.004;1.0;1162.368;
7;2025-11-12;21;672.089;1.0;1.004;1.0;674.983;
7;2025-11-12;22;336.649;1.0;1.004;0.999;337.565;
7;2025-11-12;23;200.173;1.0;1.004;0.997;200.492;
7;2025-11-13;0;63.635;1.0;1.014;0.996;64.249;
7;2025-11-13;1;12.165;1.0;1.014;0.97;11.973;
7;2025-11-13;2;0.062;1.0;1.014;0.0;0.0;
7;2025-11-13;3;0.0;1.0;1.014;1.0;0.0;
7;2025-11-13;4;1.944;1.0;1.014;0.677;1.336;
7;2025-11-13;5;206.136;1.0;1.014;1.002;209.525;
7;2025-11-13;6;728.971;1.0;1.014;1.0;739.248;
7;2025-11-13;7;1744.093;1.0;1.014;1.0;1769.026;
7;2025-11-13;8;2657.256;1.0;1.014;1.0;2694.668;
7;2025-11-13;9;1966.635;1.0;1.014;1.0;1994.864;
7;2025-11-13;10;1705.421;1.0;1.014;1.0;1729.974;
7;2025-11-13;11;1550.361;1.0;1.014;1.0;1572.768;
7;2025-11-13;12;1647.154;1.0;1.014;1.0;1670.035;
7;2025-11-13;13;1610.244;1.0;1.014;1.0;1632.607;
7;2025-11-13;14;1708.704;1.0;1.014;1.0;1732.784;
7;2025-11-13;15;1850.645;1.0;1.014;1.0;1876.681;
7;2025-11-13;16;1943.985;1.0;1.014;1.0;1971.786;
7;2025-11-13;17;2480.152;1.0;1.014;1.0;2514.764;
7;2025-11-13;18;2732.732;1.0;1.014;1.0;2770.999;
7;2025-11-13;19;1833.974;1.0;1.014;1.0;1860.015;
7;2025-11-13;20;1157.319;1.0;1.014;1.0;1173.932;
7;2025-11-13;21;672.089;1.0;1.014;1.0;681.699;
7;2025-11-13;22;336.649;1.0;1.014;0.999;340.923;
7;2025-11-13;23;200.173;1.0;1.014;0.997;202.486;
7;2025-11-14;0;67.227;1.0;1.012;1.003;68.223;
7;2025-11-14;1;12.614;1.0;1.012;0.968;12.36;
7;2025-11-14;2;0.338;1.0;1.012;0.0;0.0;
7;2025-11-14;3;0.0;1.0;1.012;1.0;0.0;
7;2025-11-14;4;1.517;1.0;1.012;1.146;1.759;
7;2025-11-14;5;183.011;1.0;1.012;1.0;185.183;
7;2025-11-14;6;645.201;1.0;1.012;1.0;653.091;
7;2025-11-14;7;1565.442;1.0;1.012;1.0;1584.595;
7;2025-11-14;8;2310.538;1.0;1.012;1.0;2337.686;
7;2025-11-14;9;1731.821;1.0;1.012;1.0;1752.979;
7;2025-11-14;10;1570.421;1.0;1.012;1.0;1589.235;
7;2025-11-14;11;1498.972;1.0;1.012;1.0;1516.543;
7;2025-11-14;12;1589.992;1.0;1.012;1.0;1609.129;
7;2025-11-14;13;1648.372;1.0;1.012;1.0;1668.012;
7;2025-11-14;14;1723.841;1.0;1.012;1.0;1744.023;
7;2025-11-14;15;1842.369;1.0;1.012;1.0;1863.882;
7;2025-11-14;16;2049.805;1.0;1.012;1.0;2074.661;
7;2025-11-14;17;2268.174;1.0;1.012;1.0;2295.495;
7;2025-11-14;18;2054.186;1.0;1.012;1.0;2078.277;
7;2025-11-14;19;1457.173;1.0;1.012;1.0;1474.633;
7;2025-11-14;20;1023.992;1.0;1.012;1.0;1035.677;
7;2025-11-14;21;622.816;1.0;1.012;1.0;630.151;
7;2025-11-14;22;350.695;1.0;1.012;1.0;355.062;
7;2025-11-14;23;230.982;1.0;1.012;1.002;234.165;
7;2025-11-15;0;88.585;1.0;0.947;1.187;99.61;
7;2025-11-15;1;19.145;1.0;0.947;1.218;22.086;
7;2025-11-15;2;0.0;1.0;0.947;1.0;0.0;
7;2025-11-15;3;0.0;1.0;0.947;1.0;0.0;
7;2025-11-15;4;0.838;1.0;0.947;0.0;0.0;
7;2025-11-15;5;44.957;1.0;0.947;1.344;57.242;
7;2025-11-15;6;235.454;1.0;0.947;1.237;275.844;
7;2025-11-15;7;330.037;1.0;0.947;1.432;447.571;
7;2025-11-15;8;595.51;1.0;0.947;1.219;687.808;
7;2025-11-15;9;595.944;1.0;0.947;1.465;827.082;
7;2025-11-15;10;642.519;1.0;0.947;1.519;924.439;
7;2025-11-15;11;738.404;1.0;0.947;1.368;956.891;
7;2025-11-15;12;907.157;1.0;0.947;1.284;1103.377;
7;2025-11-15;13;887.836;1.0;0.947;1.473;1239.045;
7;2025-11-15;14;910.887;1.0;0.947;1.444;1246.257;
7;2025-11-15;15;855.889;1.0;0.947;1.429;1158.816;
7;2025-11-15;16;819.362;1.0;0.947;1.425;1106.081;
7;2025-11-15;17;808.676;1.0;0.947;1.446;1107.433;
7;2025-11-15;18;767.176;1.0;0.947;1.407;1022.697;
7;2025-11-15;19;689.448;1.0;0.947;1.571;1025.852;
7;2025-11-15;20;534.939;1.0;0.947;1.516;768.037;
7;2025-11-15;21;414.455;1.0;0.947;1.511;593.155;
7;2025-11-15;22;223.37;1.0;0.947;1.638;346.608;
7;2025-11-15;23;153.909;1.0;0.947;1.4;204.179;
7;2025-11-16;0;77.203;1.0;1.015;1.183;92.749;
7;2025-11-16;1;18.141;1.0;1.015;0.734;13.526;
7;2025-11-16;2;0.0;1.0;1.015;1.0;0.0;
7;2025-11-16;3;0.0;1.0;1.015;1.0;0.0;
7;2025-11-16;4;0.674;1.0;1.015;1.413;0.966;
7;2025-11-16;5;25.71;1.0;1.015;1.518;39.612;
7;2025-11-16;6;131.894;1.0;1.015;1.573;210.618;
7;2025-11-16;7;194.098;1.0;1.015;1.674;329.936;
7;2025-11-16;8;350.224;1.0;1.015;1.513;538.139;
7;2025-11-16;9;454.501;1.0;1.015;1.476;681.127;
7;2025-11-16;10;445.576;1.0;1.015;1.737;785.953;
7;2025-11-16;11;589.406;1.0;1.015;1.558;932.323;
7;2025-11-16;12;655.387;1.0;1.015;1.582;1052.607;
7;2025-11-16;13;667.08;1.0;1.015;1.602;1084.973;
7;2025-11-16;14;716.786;1.0;1.015;1.708;1242.936;
7;2025-11-16;15;697.107;1.0;1.015;1.584;1120.72;
7;2025-11-16;16;642.185;1.0;1.015;1.422;927.009;
7;2025-11-16;17;652.469;1.0;1.015;1.592;1054.539;
7;2025-11-16;18;608.356;1.0;1.015;1.434;885.465;
7;2025-11-16;19;494.002;1.0;1.015;1.712;858.413;
7;2025-11-16;20;410.978;1.0;1.015;1.571;655.524;
7;2025-11-16;21;313.702;1.0;1.015;1.624;517.367;
7;2025-11-16;22;173.641;1.0;1.015;1.713;301.918;
7;2025-11-16;23;109.88;1.0;1.015;1.52;169.557;
7;2025-11-17;0;63.635;1.0;0.983;0.996;62.3;
7;2025-11-17;1;12.165;1.0;0.983;0.97;11.61;
7;2025-11-17;2;0.062;1.0;0.983;0.0;0.0;
7;2025-11-17;3;0.0;1.0;0.983;1.0;0.0;
7;2025-11-17;4;1.944;1.0;0.983;0.677;1.295;
7;2025-11-17;5;206.136;1.0;0.983;1.002;203.17;
7;2025-11-17;6;728.971;1.0;0.983;1.0;716.826;
7;2025-11-17;7;1744.093;1.0;0.983;1.0;1715.371;
7;2025-11-17;8;2657.256;1.0;0.983;1.0;2612.937;
7;2025-11-17;9;1966.635;1.0;0.983;1.0;1934.358;
7;2025-11-17;10;1705.421;1.0;0.983;1.0;1677.503;
7;2025-11-17;11;1550.361;1.0;0.983;1.0;1525.065;
7;2025-11-17;12;1647.154;1.0;0.983;1.0;1619.382;
7;2025-11-17;13;1610.244;1.0;0.983;1.0;1583.09;
7;2025-11-17;14;1708.704;1.0;0.983;1.0;1680.228;
7;2025-11-17;15;1850.645;1.0;0.983;1.0;1819.76;
7;2025-11-17;16;1943.985;1.0;0.983;1.0;1911.981;
7;2025-11-17;17;2480.152;1.0;0.983;1.0;2438.489;
7;2025-11-17;18;2732.732;1.0;0.983;1.0;2686.954;
7;2025-11-17;19;1833.974;1.0;0.983;1.0;1803.6;
7;2025-11-17;20;1157.319;1.0;0.983;1.0;1138.326;
7;2025-11-17;21;672.089;1.0;0.983;1.0;661.022;
7;2025-11-17;22;336.649;1.0;0.983;0.999;330.583;
7;2025-11-17;23;200.173;1.0;0.983;0.997;196.345;
7;2025-11-18;0;63.635;1.0;0.964;0.996;61.079;
7;2025-11-18;1;12.165;1.0;0.964;0.97;11.382;
7;2025-11-18;2;0.062;1.0;0.964;0.0;0.0;
7;2025-11-18;3;0.0;1.0;0.964;1.0;0.0;
7;2025-11-18;4;1.944;1.0;0.964;0.677;1.27;
7;2025-11-18;5;206.136;1.0;0.964;1.002;199.187;
7;2025-11-18;6;728.971;1.0;0.964;1.0;702.773;
7;2025-11-18;7;1744.093;1.0;0.964;1.0;1681.741;
7;2025-11-18;8;2657.256;1.0;0.964;1.0;2561.71;
7;2025-11-18;9;1966.635;1.0;0.964;1.0;1896.435;
7;2025-11-18;10;1705.421;1.0;0.964;1.0;1644.615;
7;2025-11-18;11;1550.361;1.0;0.964;1.0;1495.166;
7;2025-11-18;12;1647.154;1.0;0.964;1.0;1587.634;
7;2025-11-18;13;1610.244;1.0;0.964;1.0;1552.053;
7;2025-11-18;14;1708.704;1.0;0.964;1.0;1647.286;
7;2025-11-18;15;1850.645;1.0;0.964;1.0;1784.083;
7;2025-11-18;16;1943.985;1.0;0.964;1.0;1874.496;
7;2025-11-18;17;2480.152;1.0;0.964;1.0;2390.682;
7;2025-11-18;18;2732.732;1.0;0.964;1.0;2634.275;
7;2025-11-18;19;1833.974;1.0;0.964;1.0;1768.24;
7;2025-11-18;20;1157.319;1.0;0.964;1.0;1116.009;
7;2025-11-18;21;672.089;1.0;0.964;1.0;648.063;
7;2025-11-18;22;336.649;1.0;0.964;0.999;324.102;
7;2025-11-18;23;200.173;1.0;0.964;0.997;192.495;
7;2025-11-19;0;63.635;1.0;1.015;0.996;64.32;
7;2025-11-19;1;12.165;1.0;1.015;0.97;11.986;
7;2025-11-19;2;0.062;1.0;1.015;0.0;0.0;
7;2025-11-19;3;0.0;1.0;1.015;1.0;0.0;
7;2025-11-19;4;1.944;1.0;1.015;0.677;1.337;
7;2025-11-19;5;206.136;1.0;1.015;1.002;209.756;
7;2025-11-19;6;728.971;1.0;1.015;1.0;740.062;
7;2025-11-19;7;1744.093;1.0;1.015;1.0;1770.973;
7;2025-11-19;8;2657.256;1.0;1.015;1.0;2697.633;
7;2025-11-19;9;1966.635;1.0;1.015;1.0;1997.059;
7;2025-11-19;10;1705.421;1.0;1.015;1.0;1731.878;
7;2025-11-19;11;1550.361;1.0;1.015;1.0;1574.499;
7;2025-11-19;12;1647.154;1.0;1.015;1.0;1671.873;
7;2025-11-19;13;1610.244;1.0;1.015;1.0;1634.404;
7;2025-11-19;14;1708.704;1.0;1.015;1.0;1734.691;
7;2025-11-19;15;1850.645;1.0;1.015;1.0;1878.746;
7;2025-11-19;16;1943.985;1.0;1.015;1.0;1973.956;
7;2025-11-19;17;2480.152;1.0;1.015;1.0;2517.531;
7;2025-11-19;18;2732.732;1.0;1.015;1.0;2774.049;
7;2025-11-19;19;1833.974;1.0;1.015;1.0;1862.062;
7;2025-11-19;20;1157.319;1.0;1.015;1.0;1175.224;
7;2025-11-19;21;672.089;1.0;1.015;1.0;682.449;
7;2025-11-19;22;336.649;1.0;1.015;0.999;341.299;
7;2025-11-19;23;200.173;1.0;1.015;0.997;202.709;
7;2025-11-20;0;63.635;1.0;1.015;0.996;64.32;
7;2025-11-20;1;12.165;1.0;1.015;0.97;11.986;
7;2025-11-20;2;0.062;1.0;1.015;0.0;0.0;
7;2025-11-20;3;0.0;1.0;1.015;1.0;0.0;
7;2025-11-20;4;1.944;1.0;1.015;0.677;1.337;
7;2025-11-20;5;206.136;1.0;1.015;1.002;209.756;
7;2025-11-20;6;728.971;1.0;1.015;1.0;740.062;
7;2025-11-20;7;1744.093;1.0;1.015;1.0;1770.973;
7;2025-11-20;8;2657.256;1.0;1.015;1.0;2697.633;
7;2025-11-20;9;1966.635;1.0;1.015;1.0;1997.059;
7;2025-11-20;10;1705.421;1.0;1.015;1.0;1731.878;
7;2025-11-20;11;1550.361;1.0;1.015;1.0;1574.499;
7;2025-11-20;12;1647.154;1.0;1.015;1.0;1671.873;
7;2025-11-20;13;1610.244;1.0;1.015;1.0;1634.404;
7;2025-11-20;14;1708.704;1.0;1.015;1.0;1734.691;
7;2025-11-20;15;1850.645;1.0;1.015;1.0;1878.746;
7;2025-11-20;16;1943.985;1.0;1.015;1.0;1973.956;
7;2025-11-20;17;2480.152;1.0;1.015;1.0;2517.531;
7;2025-11-20;18;2732.732;1.0;1.015;1.0;2774.049;
7;2025-11-20;19;1833.974;1.0;1.015;1.0;1862.062;
7;2025-11-20;20;1157.319;1.0;1.015;1.0;1175.224;
7;2025-11-20;21;672.089;1.0;1.015;1.0;682.449;
7;2025-11-20;22;336.649;1.0;1.015;0.999;341.299;
7;2025-11-20;23;200.173;1.0;1.015;0.997;202.709;
7;2025-11-21;0;67.227;1.0;1.012;1.003;68.223;
7;2025-11-21;1;12.614;1.0;1.012;0.968;12.36;
7;2025-11-21;2;0.338;1.0;1.012;0.0;0.0;
7;2025-11-21;3;0.0;1.0;1.012;1.0;0.0;
7;2025-11-21;4;1.517;1.0;1.012;1.146;1.759;
7;2025-11-21;5;183.011;1.0;1.012;1.0;185.183;
7;2025-11-21;6;645.201;1.0;1.012;1.0;653.091;
7;2025-11-21;7;1565.442;1.0;1.012;1.0;1584.595;
7;2025-11-21;8;2310.538;1.0;1.012;1.0;2337.686;
7;2025-11-21;9;1731.821;1.0;1.012;1.0;1752.979;
7;2025-11-21;10;1570.421;1.0;1.012;1.0;1589.235;
7;2025-11-21;11;1498.972;1.0;1.012;1.0;1516.543;
7;2025-11-21;12;1589.992;1.0;1.012;1.0;1609.129;
7;2025-11-21;13;1648.372;1.0;1.012;1.0;1668.012;
7;2025-11-21;14;1723.841;1.0;1.012;1.0;1744.023;
7;2025-11-21;15;1842.369;1.0;1.012;1.0;1863.882;
7;2025-11-21;16;2049.805;1.0;1.012;1.0;2074.661;
7;2025-11-21;17;2268.174;1.0;1.012;1.0;2295.495;
7;2025-11-21;18;2054.186;1.0;1.012;1.0;2078.277;
7;2025-11-21;19;1457.173;1.0;1.012;1.0;1474.633;
7;2025-11-21;20;1023.992;1.0;1.012;1.0;1035.677;
7;2025-11-21;21;622.816;1.0;1.012;1.0;630.151;
7;2025-11-21;22;350.695;1.0;1.012;1.0;355.062;
7;2025-11-21;23;230.982;1.0;1.012;1.002;234.165;
7;2025-11-22;0;88.585;1.0;1.003;1.187;105.474;
7;2025-11-22;1;19.145;1.0;1.003;1.218;23.386;
7;2025-11-22;2;0.0;1.0;1.003;1.0;0.0;
7;2025-11-22;3;0.0;1.0;1.003;1.0;0.0;
7;2025-11-22;4;0.838;1.0;1.003;0.0;0.0;
7;2025-11-22;5;44.957;1.0;1.003;1.344;60.612;
7;2025-11-22;6;235.454;1.0;1.003;1.237;292.082;
7;2025-11-22;7;330.037;1.0;1.003;1.432;473.918;
7;2025-11-22;8;595.51;1.0;1.003;1.219;728.297;
7;2025-11-22;9;595.944;1.0;1.003;1.465;875.77;
7;2025-11-22;10;642.519;1.0;1.003;1.519;978.858;
7;2025-11-22;11;738.404;1.0;1.003;1.368;1013.221;
7;2025-11-22;12;907.157;1.0;1.003;1.284;1168.33;
7;2025-11-22;13;887.836;1.0;1.003;1.473;1311.985;
7;2025-11-22;14;910.887;1.0;1.003;1.444;1319.621;
7;2025-11-22;15;855.889;1.0;1.003;1.429;1227.033;
7;2025-11-22;16;819.362;1.0;1.003;1.425;1171.194;
7;2025-11-22;17;808.676;1.0;1.003;1.446;1172.625;
7;2025-11-22;18;767.176;1.0;1.003;1.407;1082.901;
7;2025-11-22;19;689.448;1.0;1.003;1.571;1086.241;
7;2025-11-22;20;534.939;1.0;1.003;1.516;813.249;
7;2025-11-22;21;414.455;1.0;1.003;1.511;628.073;
7;2025-11-22;22;223.37;1.0;1.003;1.638;367.012;
7;2025-11-22;23;153.909;1.0;1.003;1.4;216.198;
7;2025-11-23;0;77.203;1.0;1.015;1.183;92.749;
7;2025-11-23;1;18.141;1.0;1.015;0.734;13.526;
7;2025-11-23;2;0.0;1.0;1.015;1.0;0.0;
7;2025-11-23;3;0.0;1.0;1.015;1.0;0.0;
7;2025-11-23;4;0.674;1.0;1.015;1.413;0.966;
7;2025-11-23;5;25.71;1.0;1.015;1.518;39.612;
7;2025-11-23;6;131.894;1.0;1.015;1.573;210.618;
7;2025-11-23;7;194.098;1.0;1.015;1.674;329.936;
7;2025-11-23;8;350.224;1.0;1.015;1.513;538.139;
7;2025-11-23;9;454.501;1.0;1.015;1.476;681.127;
7;2025-11-23;10;445.576;1.0;1.015;1.737;785.953;
7;2025-11-23;11;589.406;1.0;1.015;1.558;932.323;
7;2025-11-23;12;655.387;1.0;1.015;1.582;1052.607;
7;2025-11-23;13;667.08;1.0;1.015;1.602;1084.973;
7;2025-11-23;14;716.786;1.0;1.015;1.708;1242.936;
7;2025-11-23;15;697.107;1.0;1.015;1.584;1120.72;
7;2025-11-23;16;642.185;1.0;1.015;1.422;927.009;
7;2025-11-23;17;652.469;1.0;1.015;1.592;1054.539;
7;2025-11-23;18;608.356;1.0;1.015;1.434;885.465;
7;2025-11-23;19;494.002;1.0;1.015;1.712;858.413;
7;2025-11-23;20;410.978;1.0;1.015;1.571;655.524;
7;2025-11-23;21;313.702;1.0;1.015;1.624;517.367;
7;2025-11-23;22;173.641;1.0;1.015;1.713;301.918;
7;2025-11-23;23;109.88;1.0;1.015;1.52;169.557;
7;2025-11-24;0;63.635;1.0;0.969;0.996;61.416;
7;2025-11-24;1;12.165;1.0;0.969;0.97;11.445;
7;2025-11-24;2;0.062;1.0;0.969;0.0;0.0;
7;2025-11-24;3;0.0;1.0;0.969;1.0;0.0;
7;2025-11-24;4;1.944;1.0;0.969;0.677;1.277;
7;2025-11-24;5;206.136;1.0;0.969;1.002;200.285;
7;2025-11-24;6;728.971;1.0;0.969;1.0;706.649;
7;2025-11-24;7;1744.093;1.0;0.969;1.0;1691.016;
7;2025-11-24;8;2657.256;1.0;0.969;1.0;2575.838;
7;2025-11-24;9;1966.635;1.0;0.969;1.0;1906.894;
7;2025-11-24;10;1705.421;1.0;0.969;1.0;1653.686;
7;2025-11-24;11;1550.361;1.0;0.969;1.0;1503.412;
7;2025-11-24;12;1647.154;1.0;0.969;1.0;1596.39;
7;2025-11-24;13;1610.244;1.0;0.969;1.0;1560.612;
7;2025-11-24;14;1708.704;1.0;0.969;1.0;1656.371;
7;2025-11-24;15;1850.645;1.0;0.969;1.0;1793.923;
7;2025-11-24;16;1943.985;1.0;0.969;1.0;1884.834;
7;2025-11-24;17;2480.152;1.0;0.969;1.0;2403.867;
7;2025-11-24;18;2732.732;1.0;0.969;1.0;2648.803;
7;2025-11-24;19;1833.974;1.0;0.969;1.0;1777.992;
7;2025-11-24;20;1157.319;1.0;0.969;1.0;1122.164;
7;2025-11-24;21;672.089;1.0;0.969;1.0;651.637;
7;2025-11-24;22;336.649;1.0;0.969;0.999;325.889;
7;2025-11-24;23;200.173;1.0;0.969;0.997;193.557;
7;2025-11-25;0;63.635;1.0;1.015;0.996;64.32;
7;2025-11-25;1;12.165;1.0;1.015;0.97;11.986;
7;2025-11-25;2;0.062;1.0;1.015;0.0;0.0;
7;2025-11-25;3;0.0;1.0;1.015;1.0;0.0;
7;2025-11-25;4;1.944;1.0;1.015;0.677;1.337;
7;2025-11-25;5;206.136;1.0;1.015;1.002;209.756;
7;2025-11-25;6;728.971;1.0;1.015;1.0;740.062;
7;2025-11-25;7;1744.093;1.0;1.015;1.0;1770.973;
7;2025-11-25;8;2657.256;1.0;1.015;1.0;2697.633;
7;2025-11-25;9;1966.635;1.0;1.015;1.0;1997.059;
7;2025-11-25;10;1705.421;1.0;1.015;1.0;1731.878;
7;2025-11-25;11;1550.361;1.0;1.015;1.0;1574.499;
7;2025-11-25;12;1647.154;1.0;1.015;1.0;1671.873;
7;2025-11-25;13;1610.244;1.0;1.015;1.0;1634.404;
7;2025-11-25;14;1708.704;1.0;1.015;1.0;1734.691;
7;2025-11-25;15;1850.645;1.0;1.015;1.0;1878.746;
7;2025-11-25;16;1943.985;1.0;1.015;1.0;1973.956;
7;2025-11-25;17;2480.152;1.0;1.015;1.0;2517.531;
7;2025-11-25;18;2732.732;1.0;1.015;1.0;2774.049;
7;2025-11-25;19;1833.974;1.0;1.015;1.0;1862.062;
7;2025-11-25;20;1157.319;1.0;1.015;1.0;1175.224;
7;2025-11-25;21;672.089;1.0;1.015;1.0;682.449;
7;2025-11-25;22;336.649;1.0;1.015;0.999;341.299;
7;2025-11-25;23;200.173;1.0;1.015;0.997;202.709;
7;2025-11-26;0;63.635;1.0;0.966;0.996;61.213;
7;2025-11-26;1;12.165;1.0;0.966;0.97;11.407;
7;2025-11-26;2;0.062;1.0;0.966;0.0;0.0;
7;2025-11-26;3;0.0;1.0;0.966;1.0;0.0;
7;2025-11-26;4;1.944;1.0;0.966;0.677;1.272;
7;2025-11-26;5;206.136;1.0;0.966;1.002;199.626;
7;2025-11-26;6;728.971;1.0;0.966;1.0;704.321;
7;2025-11-26;7;1744.093;1.0;0.966;1.0;1685.445;
7;2025-11-26;8;2657.256;1.0;0.966;1.0;2567.352;
7;2025-11-26;9;1966.635;1.0;0.966;1.0;1900.611;
7;2025-11-26;10;1705.421;1.0;0.966;1.0;1648.237;
7;2025-11-26;11;1550.361;1.0;0.966;1.0;1498.459;
7;2025-11-26;12;1647.154;1.0;0.966;1.0;1591.13;
7;2025-11-26;13;1610.244;1.0;0.966;1.0;1555.471;
7;2025-11-26;14;1708.704;1.0;0.966;1.0;1650.914;
7;2025-11-26;15;1850.645;1.0;0.966;1.0;1788.012;
7;2025-11-26;16;1943.985;1.0;0.966;1.0;1878.624;
7;2025-11-26;17;2480.152;1.0;0.966;1.0;2395.947;
7;2025-11-26;18;2732.732;1.0;0.966;1.0;2640.077;
7;2025-11-26;19;1833.974;1.0;0.966;1.0;1772.134;
7;2025-11-26;20;1157.319;1.0;0.966;1.0;1118.467;
7;2025-11-26;21;672.089;1.0;0.966;1.0;649.49;
7;2025-11-26;22;336.649;1.0;0.966;0.999;324.816;
7;2025-11-26;23;200.173;1.0;0.966;0.997;192.919;
7;2025-11-27;0;63.635;1.0;0.976;0.996;61.822;
7;2025-11-27;1;12.165;1.0;0.976;0.97;11.521;
7;2025-11-27;2;0.062;1.0;0.976;0.0;0.0;
7;2025-11-27;3;0.0;1.0;0.976;1.0;0.0;
7;2025-11-27;4;1.944;1.0;0.976;0.677;1.285;
7;2025-11-27;5;206.136;1.0;0.976;1.002;201.612;
7;2025-11-27;6;728.971;1.0;0.976;1.0;711.328;
7;2025-11-27;7;1744.093;1.0;0.976;1.0;1702.213;
7;2025-11-27;8;2657.256;1.0;0.976;1.0;2592.895;
7;2025-11-27;9;1966.635;1.0;0.976;1.0;1919.521;
7;2025-11-27;10;1705.421;1.0;0.976;1.0;1664.636;
7;2025-11-27;11;1550.361;1.0;0.976;1.0;1513.367;
7;2025-11-27;12;1647.154;1.0;0.976;1.0;1606.961;
7;2025-11-27;13;1610.244;1.0;0.976;1.0;1570.947;
7;2025-11-27;14;1708.704;1.0;0.976;1.0;1667.34;
7;2025-11-27;15;1850.645;1.0;0.976;1.0;1805.802;
7;2025-11-27;16;1943.985;1.0;0.976;1.0;1897.315;
7;2025-11-27;17;2480.152;1.0;0.976;1.0;2419.785;
7;2025-11-27;18;2732.732;1.0;0.976;1.0;2666.343;
7;2025-11-27;19;1833.974;1.0;0.976;1.0;1789.765;
7;2025-11-27;20;1157.319;1.0;0.976;1.0;1129.595;
7;2025-11-27;21;672.089;1.0;0.976;1.0;655.952;
7;2025-11-27;22;336.649;1.0;0.976;0.999;328.047;
7;2025-11-27;23;200.173;1.0;0.976;0.997;194.839;
7;2025-11-28;0;67.227;1.0;1.015;1.003;68.449;
7;2025-11-28;1;12.614;1.0;1.015;0.968;12.401;
7;2025-11-28;2;0.338;1.0;1.015;0.0;0.0;
7;2025-11-28;3;0.0;1.0;1.015;1.0;0.0;
7;2025-11-28;4;1.517;1.0;1.015;1.146;1.765;
7;2025-11-28;5;183.011;1.0;1.015;1.0;185.795;
7;2025-11-28;6;645.201;1.0;1.015;1.0;655.25;
7;2025-11-28;7;1565.442;1.0;1.015;1.0;1589.833;
7;2025-11-28;8;2310.538;1.0;1.015;1.0;2345.413;
7;2025-11-28;9;1731.821;1.0;1.015;1.0;1758.774;
7;2025-11-28;10;1570.421;1.0;1.015;1.0;1594.488;
7;2025-11-28;11;1498.972;1.0;1.015;1.0;1521.556;
7;2025-11-28;12;1589.992;1.0;1.015;1.0;1614.448;
7;2025-11-28;13;1648.372;1.0;1.015;1.0;1673.526;
7;2025-11-28;14;1723.841;1.0;1.015;1.0;1749.787;
7;2025-11-28;15;1842.369;1.0;1.015;1.0;1870.043;
7;2025-11-28;16;2049.805;1.0;1.015;1.0;2081.519;
7;2025-11-28;17;2268.174;1.0;1.015;1.0;2303.083;
7;2025-11-28;18;2054.186;1.0;1.015;1.0;2085.146;
7;2025-11-28;19;1457.173;1.0;1.015;1.0;1479.507;
7;2025-11-28;20;1023.992;1.0;1.015;1.0;1039.101;
7;2025-11-28;21;622.816;1.0;1.015;1.0;632.234;
7;2025-11-28;22;350.695;1.0;1.015;1.0;356.235;
7;2025-11-28;23;230.982;1.0;1.015;1.002;234.939;
7;2025-11-29;0;88.585;1.0;1.015;1.187;106.758;
7;2025-11-29;1;19.145;1.0;1.015;1.218;23.67;
7;2025-11-29;2;0.0;1.0;1.015;1.0;0.0;
7;2025-11-29;3;0.0;1.0;1.015;1.0;0.0;
7;2025-11-29;4;0.838;1.0;1.015;0.0;0.0;
7;2025-11-29;5;44.957;1.0;1.015;1.344;61.35;
7;2025-11-29;6;235.454;1.0;1.015;1.237;295.638;
7;2025-11-29;7;330.037;1.0;1.015;1.432;479.687;
7;2025-11-29;8;595.51;1.0;1.015;1.219;737.163;
7;2025-11-29;9;595.944;1.0;1.015;1.465;886.431;
7;2025-11-29;10;642.519;1.0;1.015;1.519;990.774;
7;2025-11-29;11;738.404;1.0;1.015;1.368;1025.555;
7;2025-11-29;12;907.157;1.0;1.015;1.284;1182.553;
7;2025-11-29;13;887.836;1.0;1.015;1.473;1327.956;
7;2025-11-29;14;910.887;1.0;1.015;1.444;1335.685;
7;2025-11-29;15;855.889;1.0;1.015;1.429;1241.97;
7;2025-11-29;16;819.362;1.0;1.015;1.425;1185.451;
7;2025-11-29;17;808.676;1.0;1.015;1.446;1186.9;
7;2025-11-29;18;767.176;1.0;1.015;1.407;1096.083;
7;2025-11-29;19;689.448;1.0;1.015;1.571;1099.465;
7;2025-11-29;20;534.939;1.0;1.015;1.516;823.149;
7;2025-11-29;21;414.455;1.0;1.015;1.511;635.719;
7;2025-11-29;22;223.37;1.0;1.015;1.638;371.48;
7;2025-11-29;23;153.909;1.0;1.015;1.4;218.83;
7;2025-11-30;0;77.203;1.0;1.015;1.183;92.749;
7;2025-11-30;1;18.141;1.0;1.015;0.734;13.526;
7;2025-11-30;2;0.0;1.0;1.015;1.0;0.0;
7;2025-11-30;3;0.0;1.0;1.015;1.0;0.0;
7;2025-11-30;4;0.674;1.0;1.015;1.413;0.966;
7;2025-11-30;5;25.71;1.0;1.015;1.518;39.612;
7;2025-11-30;6;131.894;1.0;1.015;1.573;210.618;
7;2025-11-30;7;194.098;1.0;1.015;1.674;329.936;
7;2025-11-30;8;350.224;1.0;1.015;1.513;538.139;
7;2025-11-30;9;454.501;1.0;1.015;1.476;681.127;
7;2025-11-30;10;445.576;1.0;1.015;1.737;785.953;
7;2025-11-30;11;589.406;1.0;1.015;1.558;932.323;
7;2025-11-30;12;655.387;1.0;1.015;1.582;1052.607;
7;2025-11-30;13;667.08;1.0;1.015;1.602;1084.973;
7;2025-11-30;14;716.786;1.0;1.015;1.708;1242.936;
7;2025-11-30;15;697.107;1.0;1.015;1.584;1120.72;
7;2025-11-30;16;642.185;1.0;1.015;1.422;927.009;
7;2025-11-30;17;652.469;1.0;1.015;1.592;1054.539;
7;2025-11-30;18;608.356;1.0;1.015;1.434;885.465;
7;2025-11-30;19;494.002;1.0;1.015;1.712;858.413;
7;2025-11-30;20;410.978;1.0;1.015;1.571;655.524;
7;2025-11-30;21;313.702;1.0;1.015;1.624;517.367;
7;2025-11-30;22;173.641;1.0;1.015;1.713;301.918;
7;2025-11-30;23;109.88;1.0;1.015;1.52;169.557;
7;2025-12-01;0;63.635;1.0;1.015;0.996;64.32;
7;2025-12-01;1;12.165;1.0;1.015;0.97;11.986;
7;2025-12-01;2;0.062;1.0;1.015;0.0;0.0;
7;2025-12-01;3;0.0;1.0;1.015;1.0;0.0;
7;2025-12-01;4;1.944;1.0;1.015;0.677;1.337;
7;2025-12-01;5;206.136;1.0;1.015;1.002;209.756;
7;2025-12-01;6;728.971;1.0;1.015;1.0;740.062;
7;2025-12-01;7;1744.093;1.0;1.015;1.0;1770.973;
7;2025-12-01;8;2657.256;1.0;1.015;1.0;2697.633;
7;2025-12-01;9;1966.635;1.0;1.015;1.0;1997.059;
7;2025-12-01;10;1705.421;1.0;1.015;1.0;1731.878;
7;2025-12-01;11;1550.361;1.0;1.015;1.0;1574.499;
7;2025-12-01;12;1647.154;1.0;1.015;1.0;1671.873;
7;2025-12-01;13;1610.244;1.0;1.015;1.0;1634.404;
7;2025-12-01;14;1708.704;1.0;1.015;1.0;1734.691;
7;2025-12-01;15;1850.645;1.0;1.015;1.0;1878.746;
7;2025-12-01;16;1943.985;1.0;1.015;1.0;1973.956;
7;2025-12-01;17;2480.152;1.0;1.015;1.0;2517.531;
7;2025-12-01;18;2732.732;1.0;1.015;1.0;2774.049;
7;2025-12-01;19;1833.974;1.0;1.015;1.0;1862.062;
7;2025-12-01;20;1157.319;1.0;1.015;1.0;1175.224;
7;2025-12-01;21;672.089;1.0;1.015;1.0;682.449;
7;2025-12-01;22;336.649;1.0;1.015;0.999;341.299;
7;2025-12-01;23;200.173;1.0;1.015;0.997;202.709;
7;2025-12-02;0;63.635;1.0;1.015;0.996;64.32;
7;2025-12-02;1;12.165;1.0;1.015;0.97;11.986;
7;2025-12-02;2;0.062;1.0;1.015;0.0;0.0;
7;2025-12-02;3;0.0;1.0;1.015;1.0;0.0;
7;2025-12-02;4;1.944;1.0;1.015;0.677;1.337;
7;2025-12-02;5;206.136;1.0;1.015;1.002;209.756;
7;2025-12-02;6;728.971;1.0;1.015;1.0;740.062;
7;2025-12-02;7;1744.093;1.0;1.015;1.0;1770.973;
7;2025-12-02;8;2657.256;1.0;1.015;1.0;2697.633;
7;2025-12-02;9;1966.635;1.0;1.015;1.0;1997.059;
7;2025-12-02;10;1705.421;1.0;1.015;1.0;1731.878;
7;2025-12-02;11;1550.361;1.0;1.015;1.0;1574.499;
7;2025-12-02;12;1647.154;1.0;1.015;1.0;1671.873;
7;2025-12-02;13;1610.244;1.0;1.015;1.0;1634.404;
7;2025-12-02;14;1708.704;1.0;1.015;1.0;1734.691;
7;2025-12-02;15;1850.645;1.0;1.015;1.0;1878.746;
7;2025-12-02;16;1943.985;1.0;1.015;1.0;1973.956;
7;2025-12-02;17;2480.152;1.0;1.015;1.0;2517.531;
7;2025-12-02;18;2732.732;1.0;1.015;1.0;2774.049;
7;2025-12-02;19;1833.974;1.0;1.015;1.0;1862.062;
7;2025-12-02;20;1157.319;1.0;1.015;1.0;1175.224;
7;2025-12-02;21;672.089;1.0;1.015;1.0;682.449;
7;2025-12-02;22;336.649;1.0;1.015;0.999;341.299;
7;2025-12-02;23;200.173;1.0;1.015;0.997;202.709;
7;2025-12-03;0;63.635;1.0;1.015;0.996;64.32;
7;2025-12-03;1;12.165;1.0;1.015;0.97;11.986;
7;2025-12-03;2;0.062;1.0;1.015;0.0;0.0;
7;2025-12-03;3;0.0;1.0;1.015;1.0;0.0;
7;2025-12-03;4;1.944;1.0;1.015;0.677;1.337;
7;2025-12-03;5;206.136;1.0;1.015;1.002;209.756;
7;2025-12-03;6;728.971;1.0;1.015;1.0;740.062;
7;2025-12-03;7;1744.093;1.0;1.015;1.0;1770.973;
7;2025-12-03;8;2657.256;1.0;1.015;1.0;2697.633;
7;2025-12-03;9;1966.635;1.0;1.015;1.0;1997.059;
7;2025-12-03;10;1705.421;1.0;1.015;1.0;1731.878;
7;2025-12-03;11;1550.361;1.0;1.015;1.0;1574.499;
7;2025-12-03;12;1647.154;1.0;1.015;1.0;1671.873;
7;2025-12-03;13;1610.244;1.0;1.015;1.0;1634.404;
7;2025-12-03;14;1708.704;1.0;1.015;1.0;1734.691;
7;2025-12-03;15;1850.645;1.0;1.015;1.0;1878.746;
7;2025-12-03;16;1943.985;1.0;1.015;1.0;1973.956;
7;2025-12-03;17;2480.152;1.0;1.015;1.0;2517.531;
7;2025-12-03;18;2732.732;1.0;1.015;1.0;2774.049;
7;2025-12-03;19;1833.974;1.0;1.015;1.0;1862.062;
7;2025-12-03;20;1157.319;1.0;1.015;1.0;1175.224;
7;2025-12-03;21;672.089;1.0;1.015;1.0;682.449;
7;2025-12-03;22;336.649;1.0;1.015;0.999;341.299;
7;2025-12-03;23;200.173;1.0;1.015;0.997;202.709;
7;2025-12-04;0;63.635;1.0;1.015;0.996;64.32;
7;2025-12-04;1;12.165;1.0;1.015;0.97;11.986;
7;2025-12-04;2;0.062;1.0;1.015;0.0;0.0;
7;2025-12-04;3;0.0;1.0;1.015;1.0;0.0;
7;2025-12-04;4;1.944;1.0;1.015;0.677;1.337;
7;2025-12-04;5;206.136;1.0;1.015;1.002;209.756;
7;2025-12-04;6;728.971;1.0;1.015;1.0;740.062;
7;2025-12-04;7;1744.093;1.0;1.015;1.0;1770.973;
7;2025-12-04;8;2657.256;1.0;1.015;1.0;2697.633;
7;2025-12-04;9;1966.635;1.0;1.015;1.0;1997.059;
7;2025-12-04;10;1705.421;1.0;1.015;1.0;1731.878;
7;2025-12-04;11;1550.361;1.0;1.015;1.0;1574.499;
7;2025-12-04;12;1647.154;1.0;1.015;1.0;1671.873;
7;2025-12-04;13;1610.244;1.0;1.015;1.0;1634.404;
7;2025-12-04;14;1708.704;1.0;1.015;1.0;1734.691;
7;2025-12-04;15;1850.645;1.0;1.015;1.0;1878.746;
7;2025-12-04;16;1943.985;1.0;1.015;1.0;1973.956;
7;2025-12-04;17;2480.152;1.0;1.015;1.0;2517.531;
7;2025-12-04;18;2732.732;1.0;1.015;1.0;2774.049;
7;2025-12-04;19;1833.974;1.0;1.015;1.0;1862.062;
7;2025-12-04;20;1157.319;1.0;1.015;1.0;1175.224;
7;2025-12-04;21;672.089;1.0;1.015;1.0;682.449;
7;2025-12-04;22;336.649;1.0;1.015;0.999;341.299;
7;2025-12-04;23;200.173;1.0;1.015;0.997;202.709;
7;2025-12-05;0;67.227;1.0;1.015;1.003;68.449;
7;2025-12-05;1;12.614;1.0;1.015;0.968;12.401;
7;2025-12-05;2;0.338;1.0;1.015;0.0;0.0;
7;2025-12-05;3;0.0;1.0;1.015;1.0;0.0;
7;2025-12-05;4;1.517;1.0;1.015;1.146;1.765;
7;2025-12-05;5;183.011;1.0;1.015;1.0;185.795;
7;2025-12-05;6;645.201;1.0;1.015;1.0;655.25;
7;2025-12-05;7;1565.442;1.0;1.015;1.0;1589.833;
7;2025-12-05;8;2310.538;1.0;1.015;1.0;2345.413;
7;2025-12-05;9;1731.821;1.0;1.015;1.0;1758.774;
7;2025-12-05;10;1570.421;1.0;1.015;1.0;1594.488;
7;2025-12-05;11;1498.972;1.0;1.015;1.0;1521.556;
7;2025-12-05;12;1589.992;1.0;1.015;1.0;1614.448;
7;2025-12-05;13;1648.372;1.0;1.015;1.0;1673.526;
7;2025-12-05;14;1723.841;1.0;1.015;1.0;1749.787;
7;2025-12-05;15;1842.369;1.0;1.015;1.0;1870.043;
7;2025-12-05;16;2049.805;1.0;1.015;1.0;2081.519;
7;2025-12-05;17;2268.174;1.0;1.015;1.0;2303.083;
7;2025-12-05;18;2054.186;1.0;1.015;1.0;2085.146;
7;2025-12-05;19;1457.173;1.0;1.015;1.0;1479.507;
7;2025-12-05;20;1023.992;1.0;1.015;1.0;1039.101;
7;2025-12-05;21;622.816;1.0;1.015;1.0;632.234;
7;2025-12-05;22;350.695;1.0;1.015;1.0;356.235;
7;2025-12-05;23;230.982;1.0;1.015;1.002;234.939;
7;2025-12-06;0;88.585;1.0;1.015;1.187;106.758;
7;2025-12-06;1;19.145;1.0;1.015;1.218;23.67;
7;2025-12-06;2;0.0;1.0;1.015;1.0;0.0;
7;2025-12-06;3;0.0;1.0;1.015;1.0;0.0;
7;2025-12-06;4;0.838;1.0;1.015;0.0;0.0;
7;2025-12-06;5;44.957;1.0;1.015;1.344;61.35;
7;2025-12-06;6;235.454;1.0;1.015;1.237;295.638;
7;2025-12-06;7;330.037;1.0;1.015;1.432;479.687;
7;2025-12-06;8;595.51;1.0;1.015;1.219;737.163;
7;2025-12-06;9;595.944;1.0;1.015;1.465;886.431;
7;2025-12-06;10;642.519;1.0;1.015;1.519;990.774;
7;2025-12-06;11;738.404;1.0;1.015;1.368;1025.555;
7;2025-12-06;12;907.157;1.0;1.015;1.284;1182.553;
7;2025-12-06;13;887.836;1.0;1.015;1.473;1327.956;
7;2025-12-06;14;910.887;1.0;1.015;1.444;1335.685;
7;2025-12-06;15;855.889;1.0;1.015;1.429;1241.97;
7;2025-12-06;16;819.362;1.0;1.015;1.425;1185.451;
7;2025-12-06;17;808.676;1.0;1.015;1.446;1186.9;
7;2025-12-06;18;767.176;1.0;1.015;1.407;1096.083;
7;2025-12-06;19;689.448;1.0;1.015;1.571;1099.465;
7;2025-12-06;20;534.939;1.0;1.015;1.516;823.149;
7;2025-12-06;21;414.455;1.0;1.015;1.511;635.719;
7;2025-12-06;22;223.37;1.0;1.015;1.638;371.48;
7;2025-12-06;23;153.909;1.0;1.015;1.4;218.83;
7;2025-12-07;0;77.203;1.0;1.015;1.183;92.749;
7;2025-12-07;1;18.141;1.0;1.015;0.734;13.526;
7;2025-12-07;2;0.0;1.0;1.015;1.0;0.0;
7;2025-12-07;3;0.0;1.0;1.015;1.0;0.0;
7;2025-12-07;4;0.674;1.0;1.015;1.413;0.966;
7;2025-12-07;5;25.71;1.0;1.015;1.518;39.612;
7;2025-12-07;6;131.894;1.0;1.015;1.573;210.618;
7;2025-12-07;7;194.098;1.0;1.015;1.674;329.936;
7;2025-12-07;8;350.224;1.0;1.015;1.513;538.139;
7;2025-12-07;9;454.501;1.0;1.015;1.476;681.127;
7;2025-12-07;10;445.576;1.0;1.015;1.737;785.953;
7;2025-12-07;11;589.406;1.0;1.015;1.558;932.323;
7;2025-12-07;12;655.387;1.0;1.015;1.582;1052.607;
7;2025-12-07;13;667.08;1.0;1.015;1.602;1084.973;
7;2025-12-07;14;716.786;1.0;1.015;1.708;1242.936;
7;2025-12-07;15;697.107;1.0;1.015;1.584;1120.72;
7;2025-12-07;16;642.185;1.0;1.015;1.422;927.009;
7;2025-12-07;17;652.469;1.0;1.015;1.592;1054.539;
7;2025-12-07;18;608.356;1.0;1.015;1.434;885.465;
7;2025-12-07;19;494.002;1.0;1.015;1.712;858.413;
7;2025-12-07;20;410.978;1.0;1.015;1.571;655.524;
7;2025-12-07;21;313.702;1.0;1.015;1.624;517.367;
7;2025-12-07;22;173.641;1.0;1.015;1.713;301.918;
7;2025-12-07;23;109.88;1.0;1.015;1.52;169.557;
7;2025-12-08;0;63.635;1.0;1.015;0.996;64.32;
7;2025-12-08;1;12.165;1.0;1.015;0.97;11.986;
7;2025-12-08;2;0.062;1.0;1.015;0.0;0.0;
7;2025-12-08;3;0.0;1.0;1.015;1.0;0.0;
7;2025-12-08;4;1.944;1.0;1.015;0.677;1.337;
7;2025-12-08;5;206.136;1.0;1.015;1.002;209.756;
7;2025-12-08;6;728.971;1.0;1.015;1.0;740.062;
7;2025-12-08;7;1744.093;1.0;1.015;1.0;1770.973;
7;2025-12-08;8;2657.256;1.0;1.015;1.0;2697.633;
7;2025-12-08;9;1966.635;1.0;1.015;1.0;1997.059;
7;2025-12-08;10;1705.421;1.0;1.015;1.0;1731.878;
7;2025-12-08;11;1550.361;1.0;1.015;1.0;1574.499;
7;2025-12-08;12;1647.154;1.0;1.015;1.0;1671.873;
7;2025-12-08;13;1610.244;1.0;1.015;1.0;1634.404;
7;2025-12-08;14;1708.704;1.0;1.015;1.0;1734.691;
7;2025-12-08;15;1850.645;1.0;1.015;1.0;1878.746;
7;2025-12-08;16;1943.985;1.0;1.015;1.0;1973.956;
7;2025-12-08;17;2480.152;1.0;1.015;1.0;2517.531;
7;2025-12-08;18;2732.732;1.0;1.015;1.0;2774.049;
7;2025-12-08;19;1833.974;1.0;1.015;1.0;1862.062;
7;2025-12-08;20;1157.319;1.0;1.015;1.0;1175.224;
7;2025-12-08;21;672.089;1.0;1.015;1.0;682.449;
7;2025-12-08;22;336.649;1.0;1.015;0.999;341.299;
7;2025-12-08;23;200.173;1.0;1.015;0.997;202.709;
7;2025-12-09;0;63.635;1.0;1.015;0.996;64.32;
7;2025-12-09;1;12.165;1.0;1.015;0.97;11.986;
7;2025-12-09;2;0.062;1.0;1.015;0.0;0.0;
7;2025-12-09;3;0.0;1.0;1.015;1.0;0.0;
7;2025-12-09;4;1.944;1.0;1.015;0.677;1.337;
7;2025-12-09;5;206.136;1.0;1.015;1.002;209.756;
7;2025-12-09;6;728.971;1.0;1.015;1.0;740.062;
7;2025-12-09;7;1744.093;1.0;1.015;1.0;1770.973;
7;2025-12-09;8;2657.256;1.0;1.015;1.0;2697.633;
7;2025-12-09;9;1966.635;1.0;1.015;1.0;1997.059;
7;2025-12-09;10;1705.421;1.0;1.015;1.0;1731.878;
7;2025-12-09;11;1550.361;1.0;1.015;1.0;1574.499;
7;2025-12-09;12;1647.154;1.0;1.015;1.0;1671.873;
7;2025-12-09;13;1610.244;1.0;1.015;1.0;1634.404;
7;2025-12-09;14;1708.704;1.0;1.015;1.0;1734.691;
7;2025-12-09;15;1850.645;1.0;1.015;1.0;1878.746;
7;2025-12-09;16;1943.985;1.0;1.015;1.0;1973.956;
7;2025-12-09;17;2480.152;1.0;1.015;1.0;2517.531;
7;2025-12-09;18;2732.732;1.0;1.015;1.0;2774.049;
7;2025-12-09;19;1833.974;1.0;1.015;1.0;1862.062;
7;2025-12-09;20;1157.319;1.0;1.015;1.0;1175.224;
7;2025-12-09;21;672.089;1.0;1.015;1.0;682.449;
7;2025-12-09;22;336.649;1.0;1.015;0.999;341.299;
7;2025-12-09;23;200.173;1.0;1.015;0.997;202.709;
7;2025-12-10;0;63.635;1.0;1.006;0.996;63.756;
7;2025-12-10;1;12.165;1.0;1.006;0.97;11.881;
7;2025-12-10;2;0.062;1.0;1.006;0.0;0.0;
7;2025-12-10;3;0.0;1.0;1.006;1.0;0.0;
7;2025-12-10;4;1.944;1.0;1.006;0.677;1.325;
7;2025-12-10;5;206.136;1.0;1.006;1.002;207.918;
7;2025-12-10;6;728.971;1.0;1.006;1.0;733.578;
7;2025-12-10;7;1744.093;1.0;1.006;1.0;1755.457;
7;2025-12-10;8;2657.256;1.0;1.006;1.0;2673.998;
7;2025-12-10;9;1966.635;1.0;1.006;1.0;1979.562;
7;2025-12-10;10;1705.421;1.0;1.006;1.0;1716.705;
7;2025-12-10;11;1550.361;1.0;1.006;1.0;1560.704;
7;2025-12-10;12;1647.154;1.0;1.006;1.0;1657.225;
7;2025-12-10;13;1610.244;1.0;1.006;1.0;1620.085;
7;2025-12-10;14;1708.704;1.0;1.006;1.0;1719.493;
7;2025-12-10;15;1850.645;1.0;1.006;1.0;1862.286;
7;2025-12-10;16;1943.985;1.0;1.006;1.0;1956.662;
7;2025-12-10;17;2480.152;1.0;1.006;1.0;2495.474;
7;2025-12-10;18;2732.732;1.0;1.006;1.0;2749.745;
7;2025-12-10;19;1833.974;1.0;1.006;1.0;1845.748;
7;2025-12-10;20;1157.319;1.0;1.006;1.0;1164.928;
7;2025-12-10;21;672.089;1.0;1.006;1.0;676.47;
7;2025-12-10;22;336.649;1.0;1.006;0.999;338.308;
7;2025-12-10;23;200.173;1.0;1.006;0.997;200.933;
7;2025-12-11;0;63.635;1.0;0.971;0.996;61.483;
7;2025-12-11;1;12.165;1.0;0.971;0.97;11.458;
7;2025-12-11;2;0.062;1.0;0.971;0.0;0.0;
7;2025-12-11;3;0.0;1.0;0.971;1.0;0.0;
7;2025-12-11;4;1.944;1.0;0.971;0.677;1.278;
7;2025-12-11;5;206.136;1.0;0.971;1.002;200.506;
7;2025-12-11;6;728.971;1.0;0.971;1.0;707.426;
7;2025-12-11;7;1744.093;1.0;0.971;1.0;1692.877;
7;2025-12-11;8;2657.256;1.0;0.971;1.0;2578.673;
7;2025-12-11;9;1966.635;1.0;0.971;1.0;1908.993;
7;2025-12-11;10;1705.421;1.0;0.971;1.0;1655.506;
7;2025-12-11;11;1550.361;1.0;0.971;1.0;1505.067;
7;2025-12-11;12;1647.154;1.0;0.971;1.0;1598.147;
7;2025-12-11;13;1610.244;1.0;0.971;1.0;1562.33;
7;2025-12-11;14;1708.704;1.0;0.971;1.0;1658.194;
7;2025-12-11;15;1850.645;1.0;0.971;1.0;1795.897;
7;2025-12-11;16;1943.985;1.0;0.971;1.0;1886.908;
7;2025-12-11;17;2480.152;1.0;0.971;1.0;2406.513;
7;2025-12-11;18;2732.732;1.0;0.971;1.0;2651.719;
7;2025-12-11;19;1833.974;1.0;0.971;1.0;1779.949;
7;2025-12-11;20;1157.319;1.0;0.971;1.0;1123.399;
7;2025-12-11;21;672.089;1.0;0.971;1.0;652.354;
7;2025-12-11;22;336.649;1.0;0.971;0.999;326.248;
7;2025-12-11;23;200.173;1.0;0.971;0.997;193.77;
7;2025-12-12;0;67.227;1.0;0.978;1.003;65.936;
7;2025-12-12;1;12.614;1.0;0.978;0.968;11.946;
7;2025-12-12;2;0.338;1.0;0.978;0.0;0.0;
7;2025-12-12;3;0.0;1.0;0.978;1.0;0.0;
7;2025-12-12;4;1.517;1.0;0.978;1.146;1.7;
7;2025-12-12;5;183.011;1.0;0.978;1.0;178.975;
7;2025-12-12;6;645.201;1.0;0.978;1.0;631.196;
7;2025-12-12;7;1565.442;1.0;0.978;1.0;1531.471;
7;2025-12-12;8;2310.538;1.0;0.978;1.0;2259.314;
7;2025-12-12;9;1731.821;1.0;0.978;1.0;1694.21;
7;2025-12-12;10;1570.421;1.0;0.978;1.0;1535.955;
7;2025-12-12;11;1498.972;1.0;0.978;1.0;1465.701;
7;2025-12-12;12;1589.992;1.0;0.978;1.0;1555.183;
7;2025-12-12;13;1648.372;1.0;0.978;1.0;1612.092;
7;2025-12-12;14;1723.841;1.0;0.978;1.0;1685.554;
7;2025-12-12;15;1842.369;1.0;0.978;1.0;1801.395;
7;2025-12-12;16;2049.805;1.0;0.978;1.0;2005.108;
7;2025-12-12;17;2268.174;1.0;0.978;1.0;2218.539;
7;2025-12-12;18;2054.186;1.0;0.978;1.0;2008.602;
7;2025-12-12;19;1457.173;1.0;0.978;1.0;1425.196;
7;2025-12-12;20;1023.992;1.0;0.978;1.0;1000.956;
7;2025-12-12;21;622.816;1.0;0.978;1.0;609.025;
7;2025-12-12;22;350.695;1.0;0.978;1.0;343.158;
7;2025-12-12;23;230.982;1.0;0.978;1.002;226.315;
7;2025-12-13;0;88.585;1.0;1.011;1.187;106.29;
7;2025-12-13;1;19.145;1.0;1.011;1.218;23.566;
7;2025-12-13;2;0.0;1.0;1.011;1.0;0.0;
7;2025-12-13;3;0.0;1.0;1.011;1.0;0.0;
7;2025-12-13;4;0.838;1.0;1.011;0.0;0.0;
7;2025-12-13;5;44.957;1.0;1.011;1.344;61.08;
7;2025-12-13;6;235.454;1.0;1.011;1.237;294.34;
7;2025-12-13;7;330.037;1.0;1.011;1.432;477.581;
7;2025-12-13;8;595.51;1.0;1.011;1.219;733.927;
7;2025-12-13;9;595.944;1.0;1.011;1.465;882.54;
7;2025-12-13;10;642.519;1.0;1.011;1.519;986.424;
7;2025-12-13;11;738.404;1.0;1.011;1.368;1021.053;
7;2025-12-13;12;907.157;1.0;1.011;1.284;1177.361;
7;2025-12-13;13;887.836;1.0;1.011;1.473;1322.126;
7;2025-12-13;14;910.887;1.0;1.011;1.444;1329.821;
7;2025-12-13;15;855.889;1.0;1.011;1.429;1236.517;
7;2025-12-13;16;819.362;1.0;1.011;1.425;1180.247;
7;2025-12-13;17;808.676;1.0;1.011;1.446;1181.689;
7;2025-12-13;18;767.176;1.0;1.011;1.407;1091.271;
7;2025-12-13;19;689.448;1.0;1.011;1.571;1094.638;
7;2025-12-13;20;534.939;1.0;1.011;1.516;819.535;
7;2025-12-13;21;414.455;1.0;1.011;1.511;632.928;
7;2025-12-13;22;223.37;1.0;1.011;1.638;369.849;
7;2025-12-13;23;153.909;1.0;1.011;1.4;217.869;
7;2025-12-14;0;77.203;1.0;1.014;1.183;92.647;
7;2025-12-14;1;18.141;1.0;1.014;0.734;13.511;
7;2025-12-14;2;0.0;1.0;1.014;1.0;0.0;
7;2025-12-14;3;0.0;1.0;1.014;1.0;0.0;
7;2025-12-14;4;0.674;1.0;1.014;1.413;0.965;
7;2025-12-14;5;25.71;1.0;1.014;1.518;39.568;
7;2025-12-14;6;131.894;1.0;1.014;1.573;210.386;
7;2025-12-14;7;194.098;1.0;1.014;1.674;329.573;
7;2025-12-14;8;350.224;1.0;1.014;1.513;537.547;
7;2025-12-14;9;454.501;1.0;1.014;1.476;680.378;
7;2025-12-14;10;445.576;1.0;1.014;1.737;785.089;
7;2025-12-14;11;589.406;1.0;1.014;1.558;931.298;
7;2025-12-14;12;655.387;1.0;1.014;1.582;1051.45;
7;2025-12-14;13;667.08;1.0;1.014;1.602;1083.78;
7;2025-12-14;14;716.786;1.0;1.014;1.708;1241.57;
7;2025-12-14;15;697.107;1.0;1.014;1.584;1119.488;
7;2025-12-14;16;642.185;1.0;1.014;1.422;925.99;
7;2025-12-14;17;652.469;1.0;1.014;1.592;1053.38;
7;2025-12-14;18;608.356;1.0;1.014;1.434;884.492;
7;2025-12-14;19;494.002;1.0;1.014;1.712;857.47;
7;2025-12-14;20;410.978;1.0;1.014;1.571;654.804;
7;2025-12-14;21;313.702;1.0;1.014;1.624;516.798;
7;2025-12-14;22;173.641;1.0;1.014;1.713;301.586;
7;2025-12-14;23;109.88;1.0;1.014;1.52;169.371;
7;2025-12-15;0;63.635;1.0;1.014;0.996;64.249;
7;2025-12-15;1;12.165;1.0;1.014;0.97;11.973;
7;2025-12-15;2;0.062;1.0;1.014;0.0;0.0;
7;2025-12-15;3;0.0;1.0;1.014;1.0;0.0;
7;2025-12-15;4;1.944;1.0;1.014;0.677;1.336;
7;2025-12-15;5;206.136;1.0;1.014;1.002;209.525;
7;2025-12-15;6;728.971;1.0;1.014;1.0;739.248;
7;2025-12-15;7;1744.093;1.0;1.014;1.0;1769.026;
7;2025-12-15;8;2657.256;1.0;1.014;1.0;2694.668;
7;2025-12-15;9;1966.635;1.0;1.014;1.0;1994.864;
7;2025-12-15;10;1705.421;1.0;1.014;1.0;1729.974;
7;2025-12-15;11;1550.361;1.0;1.014;1.0;1572.768;
7;2025-12-15;12;1647.154;1.0;1.014;1.0;1670.035;
7;2025-12-15;13;1610.244;1.0;1.014;1.0;1632.607;
7;2025-12-15;14;1708.704;1.0;1.014;1.0;1732.784;
7;2025-12-15;15;1850.645;1.0;1.014;1.0;1876.681;
7;2025-12-15;16;1943.985;1.0;1.014;1.0;1971.786;
7;2025-12-15;17;2480.152;1.0;1.014;1.0;2514.764;
7;2025-12-15;18;2732.732;1.0;1.014;1.0;2770.999;
7;2025-12-15;19;1833.974;1.0;1.014;1.0;1860.015;
7;2025-12-15;20;1157.319;1.0;1.014;1.0;1173.932;
7;2025-12-15;21;672.089;1.0;1.014;1.0;681.699;
7;2025-12-15;22;336.649;1.0;1.014;0.999;340.923;
7;2025-12-15;23;200.173;1.0;1.014;0.997;202.486;
7;2025-12-16;0;63.635;1.0;1.0;0.996;63.337;
7;2025-12-16;1;12.165;1.0;1.0;0.97;11.803;
7;2025-12-16;2;0.062;1.0;1.0;0.0;0.0;
7;2025-12-16;3;0.0;1.0;1.0;1.0;0.0;
7;2025-12-16;4;1.944;1.0;1.0;0.677;1.317;
7;2025-12-16;5;206.136;1.0;1.0;1.002;206.55;
7;2025-12-16;6;728.971;1.0;1.0;1.0;728.752;
7;2025-12-16;7;1744.093;1.0;1.0;1.0;1743.909;
7;2025-12-16;8;2657.256;1.0;1.0;1.0;2656.408;
7;2025-12-16;9;1966.635;1.0;1.0;1.0;1966.54;
7;2025-12-16;10;1705.421;1.0;1.0;1.0;1705.412;
7;2025-12-16;11;1550.361;1.0;1.0;1.0;1550.437;
7;2025-12-16;12;1647.154;1.0;1.0;1.0;1646.324;
7;2025-12-16;13;1610.244;1.0;1.0;1.0;1609.427;
7;2025-12-16;14;1708.704;1.0;1.0;1.0;1708.181;
7;2025-12-16;15;1850.645;1.0;1.0;1.0;1850.035;
7;2025-12-16;16;1943.985;1.0;1.0;1.0;1943.79;
7;2025-12-16;17;2480.152;1.0;1.0;1.0;2479.058;
7;2025-12-16;18;2732.732;1.0;1.0;1.0;2731.656;
7;2025-12-16;19;1833.974;1.0;1.0;1.0;1833.606;
7;2025-12-16;20;1157.319;1.0;1.0;1.0;1157.264;
7;2025-12-16;21;672.089;1.0;1.0;1.0;672.02;
7;2025-12-16;22;336.649;1.0;1.0;0.999;336.083;
7;2025-12-16;23;200.173;1.0;1.0;0.997;199.611;
7;2025-12-17;0;63.635;1.0;1.015;0.996;64.32;
7;2025-12-17;1;12.165;1.0;1.015;0.97;11.986;
7;2025-12-17;2;0.062;1.0;1.015;0.0;0.0;
7;2025-12-17;3;0.0;1.0;1.015;1.0;0.0;
7;2025-12-17;4;1.944;1.0;1.015;0.677;1.337;
7;2025-12-17;5;206.136;1.0;1.015;1.002;209.756;
7;2025-12-17;6;728.971;1.0;1.015;1.0;740.062;
7;2025-12-17;7;1744.093;1.0;1.015;1.0;1770.973;
7;2025-12-17;8;2657.256;1.0;1.015;1.0;2697.633;
7;2025-12-17;9;1966.635;1.0;1.015;1.0;1997.059;
7;2025-12-17;10;1705.421;1.0;1.015;1.0;1731.878;
7;2025-12-17;11;1550.361;1.0;1.015;1.0;1574.499;
7;2025-12-17;12;1647.154;1.0;1.015;1.0;1671.873;
7;2025-12-17;13;1610.244;1.0;1.015;1.0;1634.404;
7;2025-12-17;14;1708.704;1.0;1.015;1.0;1734.691;
7;2025-12-17;15;1850.645;1.0;1.015;1.0;1878.746;
7;2025-12-17;16;1943.985;1.0;1.015;1.0;1973.956;
7;2025-12-17;17;2480.152;1.0;1.015;1.0;2517.531;
7;2025-12-17;18;2732.732;1.0;1.015;1.0;2774.049;
7;2025-12-17;19;1833.974;1.0;1.015;1.0;1862.062;
7;2025-12-17;20;1157.319;1.0;1.015;1.0;1175.224;
7;2025-12-17;21;672.089;1.0;1.015;1.0;682.449;
7;2025-12-17;22;336.649;1.0;1.015;0.999;341.299;
7;2025-12-17;23;200.173;1.0;1.015;0.997;202.709;
7;2025-12-18;0;63.635;1.0;1.015;0.996;64.32;
7;2025-12-18;1;12.165;1.0;1.015;0.97;11.986;
7;2025-12-18;2;0.062;1.0;1.015;0.0;0.0;
7;2025-12-18;3;0.0;1.0;1.015;1.0;0.0;
7;2025-12-18;4;1.944;1.0;1.015;0.677;1.337;
7;2025-12-18;5;206.136;1.0;1.015;1.002;209.756;
7;2025-12-18;6;728.971;1.0;1.015;1.0;740.062;
7;2025-12-18;7;1744.093;1.0;1.015;1.0;1770.973;
7;2025-12-18;8;2657.256;1.0;1.015;1.0;2697.633;
7;2025-12-18;9;1966.635;1.0;1.015;1.0;1997.059;
7;2025-12-18;10;1705.421;1.0;1.015;1.0;1731.878;
7;2025-12-18;11;1550.361;1.0;1.015;1.0;1574.499;
7;2025-12-18;12;1647.154;1.0;1.015;1.0;1671.873;
7;2025-12-18;13;1610.244;1.0;1.015;1.0;1634.404;
7;2025-12-18;14;1708.704;1.0;1.015;1.0;1734.691;
7;2025-12-18;15;1850.645;1.0;1.015;1.0;1878.746;
7;2025-12-18;16;1943.985;1.0;1.015;1.0;1973.956;
7;2025-12-18;17;2480.152;1.0;1.015;1.0;2517.531;
7;2025-12-18;18;2732.732;1.0;1.015;1.0;2774.049;
7;2025-12-18;19;1833.974;1.0;1.015;1.0;1862.062;
7;2025-12-18;20;1157.319;1.0;1.015;1.0;1175.224;
7;2025-12-18;21;672.089;1.0;1.015;1.0;682.449;
7;2025-12-18;22;336.649;1.0;1.015;0.999;341.299;
7;2025-12-18;23;200.173;1.0;1.015;0.997;202.709;
7;2025-12-19;0;67.227;1.0;1.013;1.003;68.298;
7;2025-12-19;1;12.614;1.0;1.013;0.968;12.374;
7;2025-12-19;2;0.338;1.0;1.013;0.0;0.0;
7;2025-12-19;3;0.0;1.0;1.013;1.0;0.0;
7;2025-12-19;4;1.517;1.0;1.013;1.146;1.761;
7;2025-12-19;5;183.011;1.0;1.013;1.0;185.387;
7;2025-12-19;6;645.201;1.0;1.013;1.0;653.81;
7;2025-12-19;7;1565.442;1.0;1.013;1.0;1586.339;
7;2025-12-19;8;2310.538;1.0;1.013;1.0;2340.259;
7;2025-12-19;9;1731.821;1.0;1.013;1.0;1754.909;
7;2025-12-19;10;1570.421;1.0;1.013;1.0;1590.984;
7;2025-12-19;11;1498.972;1.0;1.013;1.0;1518.212;
7;2025-12-19;12;1589.992;1.0;1.013;1.0;1610.9;
7;2025-12-19;13;1648.372;1.0;1.013;1.0;1669.848;
7;2025-12-19;14;1723.841;1.0;1.013;1.0;1745.942;
7;2025-12-19;15;1842.369;1.0;1.013;1.0;1865.933;
7;2025-12-19;16;2049.805;1.0;1.013;1.0;2076.945;
7;2025-12-19;17;2268.174;1.0;1.013;1.0;2298.022;
7;2025-12-19;18;2054.186;1.0;1.013;1.0;2080.564;
7;2025-12-19;19;1457.173;1.0;1.013;1.0;1476.256;
7;2025-12-19;20;1023.992;1.0;1.013;1.0;1036.817;
7;2025-12-19;21;622.816;1.0;1.013;1.0;630.844;
7;2025-12-19;22;350.695;1.0;1.013;1.0;355.452;
7;2025-12-19;23;230.982;1.0;1.013;1.002;234.423;
7;2025-12-20;0;88.585;1.0;1.015;1.187;106.758;
7;2025-12-20;1;19.145;1.0;1.015;1.218;23.67;
7;2025-12-20;2;0.0;1.0;1.015;1.0;0.0;
7;2025-12-20;3;0.0;1.0;1.015;1.0;0.0;
7;2025-12-20;4;0.838;1.0;1.015;0.0;0.0;
7;2025-12-20;5;44.957;1.0;1.015;1.344;61.35;
7;2025-12-20;6;235.454;1.0;1.015;1.237;295.638;
7;2025-12-20;7;330.037;1.0;1.015;1.432;479.687;
7;2025-12-20;8;595.51;1.0;1.015;1.219;737.163;
7;2025-12-20;9;595.944;1.0;1.015;1.465;886.431;
7;2025-12-20;10;642.519;1.0;1.015;1.519;990.774;
7;2025-12-20;11;738.404;1.0;1.015;1.368;1025.555;
7;2025-12-20;12;907.157;1.0;1.015;1.284;1182.553;
7;2025-12-20;13;887.836;1.0;1.015;1.473;1327.956;
7;2025-12-20;14;910.887;1.0;1.015;1.444;1335.685;
7;2025-12-20;15;855.889;1.0;1.015;1.429;1241.97;
7;2025-12-20;16;819.362;1.0;1.015;1.425;1185.451;
7;2025-12-20;17;808.676;1.0;1.015;1.446;1186.9;
7;2025-12-20;18;767.176;1.0;1.015;1.407;1096.083;
7;2025-12-20;19;689.448;1.0;1.015;1.571;1099.465;
7;2025-12-20;20;534.939;1.0;1.015;1.516;823.149;
7;2025-12-20;21;414.455;1.0;1.015;1.511;635.719;
7;2025-12-20;22;223.37;1.0;1.015;1.638;371.48;
7;2025-12-20;23;153.909;1.0;1.015;1.4;218.83;
7;2025-12-21;0;77.203;1.0;1.011;1.183;92.342;
7;2025-12-21;1;18.141;1.0;1.011;0.734;13.467;
7;2025-12-21;2;0.0;1.0;1.011;1.0;0.0;
7;2025-12-21;3;0.0;1.0;1.011;1.0;0.0;
7;2025-12-21;4;0.674;1.0;1.011;1.413;0.962;
7;2025-12-21;5;25.71;1.0;1.011;1.518;39.438;
7;2025-12-21;6;131.894;1.0;1.011;1.573;209.693;
7;2025-12-21;7;194.098;1.0;1.011;1.674;328.488;
7;2025-12-21;8;350.224;1.0;1.011;1.513;535.776;
7;2025-12-21;9;454.501;1.0;1.011;1.476;678.137;
7;2025-12-21;10;445.576;1.0;1.011;1.737;782.502;
7;2025-12-21;11;589.406;1.0;1.011;1.558;928.23;
7;2025-12-21;12;655.387;1.0;1.011;1.582;1047.986;
7;2025-12-21;13;667.08;1.0;1.011;1.602;1080.209;
7;2025-12-21;14;716.786;1.0;1.011;1.708;1237.479;
7;2025-12-21;15;697.107;1.0;1.011;1.584;1115.799;
7;2025-12-21;16;642.185;1.0;1.011;1.422;922.939;
7;2025-12-21;17;652.469;1.0;1.011;1.592;1049.91;
7;2025-12-21;18;608.356;1.0;1.011;1.434;881.578;
7;2025-12-21;19;494.002;1.0;1.011;1.712;854.645;
7;2025-12-21;20;410.978;1.0;1.011;1.571;652.647;
7;2025-12-21;21;313.702;1.0;1.011;1.624;515.095;
7;2025-12-21;22;173.641;1.0;1.011;1.713;300.593;
7;2025-12-21;23;109.88;1.0;1.011;1.52;168.813;
7;2025-12-22;0;63.635;1.0;1.006;0.996;63.756;
7;2025-12-22;1;12.165;1.0;1.006;0.97;11.881;
7;2025-12-22;2;0.062;1.0;1.006;0.0;0.0;
7;2025-12-22;3;0.0;1.0;1.006;1.0;0.0;
7;2025-12-22;4;1.944;1.0;1.006;0.677;1.325;
7;2025-12-22;5;206.136;1.0;1.006;1.002;207.918;
7;2025-12-22;6;728.971;1.0;1.006;1.0;733.578;
7;2025-12-22;7;1744.093;1.0;1.006;1.0;1755.457;
7;2025-12-22;8;2657.256;1.0;1.006;1.0;2673.998;
7;2025-12-22;9;1966.635;1.0;1.006;1.0;1979.562;
7;2025-12-22;10;1705.421;1.0;1.006;1.0;1716.705;
7;2025-12-22;11;1550.361;1.0;1.006;1.0;1560.704;
7;2025-12-22;12;1647.154;1.0;1.006;1.0;1657.225;
7;2025-12-22;13;1610.244;1.0;1.006;1.0;1620.085;
7;2025-12-22;14;1708.704;1.0;1.006;1.0;1719.493;
7;2025-12-22;15;1850.645;1.0;1.006;1.0;1862.286;
7;2025-12-22;16;1943.985;1.0;1.006;1.0;1956.662;
7;2025-12-22;17;2480.152;1.0;1.006;1.0;2495.474;
7;2025-12-22;18;2732.732;1.0;1.006;1.0;2749.745;
7;2025-12-22;19;1833.974;1.0;1.006;1.0;1845.748;
7;2025-12-22;20;1157.319;1.0;1.006;1.0;1164.928;
7;2025-12-22;21;672.089;1.0;1.006;1.0;676.47;
7;2025-12-22;22;336.649;1.0;1.006;0.999;338.308;
7;2025-12-22;23;200.173;1.0;1.006;0.997;200.933;
7;2025-12-23;0;63.635;1.0;0.981;0.996;62.169;
7;2025-12-23;1;12.165;1.0;0.981;0.97;11.586;
7;2025-12-23;2;0.062;1.0;0.981;0.0;0.0;
7;2025-12-23;3;0.0;1.0;0.981;1.0;0.0;
7;2025-12-23;4;1.944;1.0;0.981;0.677;1.292;
7;2025-12-23;5;206.136;1.0;0.981;1.002;202.744;
7;2025-12-23;6;728.971;1.0;0.981;1.0;715.323;
7;2025-12-23;7;1744.093;1.0;0.981;1.0;1711.772;
7;2025-12-23;8;2657.256;1.0;0.981;1.0;2607.456;
7;2025-12-23;9;1966.635;1.0;0.981;1.0;1930.3;
7;2025-12-23;10;1705.421;1.0;0.981;1.0;1673.984;
7;2025-12-23;11;1550.361;1.0;0.981;1.0;1521.866;
7;2025-12-23;12;1647.154;1.0;0.981;1.0;1615.985;
7;2025-12-23;13;1610.244;1.0;0.981;1.0;1579.769;
7;2025-12-23;14;1708.704;1.0;0.981;1.0;1676.703;
7;2025-12-23;15;1850.645;1.0;0.981;1.0;1815.942;
7;2025-12-23;16;1943.985;1.0;0.981;1.0;1907.97;
7;2025-12-23;17;2480.152;1.0;0.981;1.0;2433.374;
7;2025-12-23;18;2732.732;1.0;0.981;1.0;2681.317;
7;2025-12-23;19;1833.974;1.0;0.981;1.0;1799.816;
7;2025-12-23;20;1157.319;1.0;0.981;1.0;1135.938;
7;2025-12-23;21;672.089;1.0;0.981;1.0;659.636;
7;2025-12-23;22;336.649;1.0;0.981;0.999;329.89;
7;2025-12-23;23;200.173;1.0;0.981;0.997;195.933;
7;2025-12-24;0;63.635;1.0;0.976;0.996;61.828;
7;2025-12-24;1;12.165;1.0;0.976;0.97;11.522;
7;2025-12-24;2;0.062;1.0;0.976;0.0;0.0;
7;2025-12-24;3;0.0;1.0;0.976;1.0;0.0;
7;2025-12-24;4;1.944;1.0;0.976;0.677;1.285;
7;2025-12-24;5;206.136;1.0;0.976;1.002;201.632;
7;2025-12-24;6;728.971;1.0;0.976;1.0;711.399;
7;2025-12-24;7;1744.093;1.0;0.976;1.0;1702.384;
7;2025-12-24;8;2657.256;1.0;0.976;1.0;2593.154;
7;2025-12-24;9;1966.635;1.0;0.976;1.0;1919.713;
7;2025-12-24;10;1705.421;1.0;0.976;1.0;1664.803;
7;2025-12-24;11;1550.361;1.0;0.976;1.0;1513.519;
7;2025-12-24;12;1647.154;1.0;0.976;1.0;1607.122;
7;2025-12-24;13;1610.244;1.0;0.976;1.0;1571.104;
7;2025-12-24;14;1708.704;1.0;0.976;1.0;1667.506;
7;2025-12-24;15;1850.645;1.0;0.976;1.0;1805.982;
7;2025-12-24;16;1943.985;1.0;0.976;1.0;1897.505;
7;2025-12-24;17;2480.152;1.0;0.976;1.0;2420.027;
7;2025-12-24;18;2732.732;1.0;0.976;1.0;2666.61;
7;2025-12-24;19;1833.974;1.0;0.976;1.0;1789.944;
7;2025-12-24;20;1157.319;1.0;0.976;1.0;1129.708;
7;2025-12-24;21;672.089;1.0;0.976;1.0;656.018;
7;2025-12-24;22;336.649;1.0;0.976;0.999;328.08;
7;2025-12-24;23;200.173;1.0;0.976;0.997;194.858;
7;2025-12-25;0;63.635;1.0;0.998;0.996;63.197;
7;2025-12-25;1;12.165;1.0;0.998;0.97;11.777;
7;2025-12-25;2;0.062;1.0;0.998;0.0;0.0;
7;2025-12-25;3;0.0;1.0;0.998;1.0;0.0;
7;2025-12-25;4;1.944;1.0;0.998;0.677;1.314;
7;2025-12-25;5;206.136;1.0;0.998;1.002;206.096;
7;2025-12-25;6;728.971;1.0;0.998;1.0;727.151;
7;2025-12-25;7;1744.093;1.0;0.998;1.0;1740.077;
7;2025-12-25;8;2657.256;1.0;0.998;1.0;2650.57;
7;2025-12-25;9;1966.635;1.0;0.998;1.0;1962.218;
7;2025-12-25;10;1705.421;1.0;0.998;1.0;1701.664;
7;2025-12-25;11;1550.361;1.0;0.998;1.0;1547.03;
7;2025-12-25;12;1647.154;1.0;0.998;1.0;1642.706;
7;2025-12-25;13;1610.244;1.0;0.998;1.0;1605.89;
7;2025-12-25;14;1708.704;1.0;0.998;1.0;1704.428;
7;2025-12-25;15;1850.645;1.0;0.998;1.0;1845.969;
7;2025-12-25;16;1943.985;1.0;0.998;1.0;1939.518;
7;2025-12-25;17;2480.152;1.0;0.998;1.0;2473.61;
7;2025-12-25;18;2732.732;1.0;0.998;1.0;2725.653;
7;2025-12-25;19;1833.974;1.0;0.998;1.0;1829.576;
7;2025-12-25;20;1157.319;1.0;0.998;1.0;1154.721;
7;2025-12-25;21;672.089;1.0;0.998;1.0;670.543;
7;2025-12-25;22;336.649;1.0;0.998;0.999;335.344;
7;2025-12-25;23;200.173;1.0;0.998;0.997;199.173;
7;2025-12-26;0;67.227;1.0;0.96;1.003;64.715;
7;2025-12-26;1;12.614;1.0;0.96;0.968;11.724;
7;2025-12-26;2;0.338;1.0;0.96;0.0;0.0;
7;2025-12-26;3;0.0;1.0;0.96;1.0;0.0;
7;2025-12-26;4;1.517;1.0;0.96;1.146;1.669;
7;2025-12-26;5;183.011;1.0;0.96;1.0;175.659;
7;2025-12-26;6;645.201;1.0;0.96;1.0;619.503;
7;2025-12-26;7;1565.442;1.0;0.96;1.0;1503.099;
7;2025-12-26;8;2310.538;1.0;0.96;1.0;2217.458;
7;2025-12-26;9;1731.821;1.0;0.96;1.0;1662.823;
7;2025-12-26;10;1570.421;1.0;0.96;1.0;1507.5;
7;2025-12-26;11;1498.972;1.0;0.96;1.0;1438.547;
7;2025-12-26;12;1589.992;1.0;0.96;1.0;1526.371;
7;2025-12-26;13;1648.372;1.0;0.96;1.0;1582.226;
7;2025-12-26;14;1723.841;1.0;0.96;1.0;1654.327;
7;2025-12-26;15;1842.369;1.0;0.96;1.0;1768.022;
7;2025-12-26;16;2049.805;1.0;0.96;1.0;1967.961;
7;2025-12-26;17;2268.174;1.0;0.96;1.0;2177.437;
7;2025-12-26;18;2054.186;1.0;0.96;1.0;1971.39;
7;2025-12-26;19;1457.173;1.0;0.96;1.0;1398.792;
7;2025-12-26;20;1023.992;1.0;0.96;1.0;982.412;
7;2025-12-26;21;622.816;1.0;0.96;1.0;597.742;
7;2025-12-26;22;350.695;1.0;0.96;1.0;336.801;
7;2025-12-26;23;230.982;1.0;0.96;1.002;222.122;
7;2025-12-27;0;88.585;1.0;1.013;1.187;106.524;
7;2025-12-27;1;19.145;1.0;1.013;1.218;23.618;
7;2025-12-27;2;0.0;1.0;1.013;1.0;0.0;
7;2025-12-27;3;0.0;1.0;1.013;1.0;0.0;
7;2025-12-27;4;0.838;1.0;1.013;0.0;0.0;
7;2025-12-27;5;44.957;1.0;1.013;1.344;61.215;
7;2025-12-27;6;235.454;1.0;1.013;1.237;294.988;
7;2025-12-27;7;330.037;1.0;1.013;1.432;478.633;
7;2025-12-27;8;595.51;1.0;1.013;1.219;735.543;
7;2025-12-27;9;595.944;1.0;1.013;1.465;884.483;
7;2025-12-27;10;642.519;1.0;1.013;1.519;988.597;
7;2025-12-27;11;738.404;1.0;1.013;1.368;1023.302;
7;2025-12-27;12;907.157;1.0;1.013;1.284;1179.954;
7;2025-12-27;13;887.836;1.0;1.013;1.473;1325.038;
7;2025-12-27;14;910.887;1.0;1.013;1.444;1332.75;
7;2025-12-27;15;855.889;1.0;1.013;1.429;1239.241;
7;2025-12-27;16;819.362;1.0;1.013;1.425;1182.846;
7;2025-12-27;17;808.676;1.0;1.013;1.446;1184.292;
7;2025-12-27;18;767.176;1.0;1.013;1.407;1093.675;
7;2025-12-27;19;689.448;1.0;1.013;1.571;1097.049;
7;2025-12-27;20;534.939;1.0;1.013;1.516;821.34;
7;2025-12-27;21;414.455;1.0;1.013;1.511;634.322;
7;2025-12-27;22;223.37;1.0;1.013;1.638;370.664;
7;2025-12-27;23;153.909;1.0;1.013;1.4;218.349;
7;2025-12-28;0;77.203;1.0;0.994;1.183;90.831;
7;2025-12-28;1;18.141;1.0;0.994;0.734;13.246;
7;2025-12-28;2;0.0;1.0;0.994;1.0;0.0;
7;2025-12-28;3;0.0;1.0;0.994;1.0;0.0;
7;2025-12-28;4;0.674;1.0;0.994;1.413;0.946;
7;2025-12-28;5;25.71;1.0;0.994;1.518;38.792;
7;2025-12-28;6;131.894;1.0;0.994;1.573;206.262;
7;2025-12-28;7;194.098;1.0;0.994;1.674;323.112;
7;2025-12-28;8;350.224;1.0;0.994;1.513;527.008;
7;2025-12-28;9;454.501;1.0;0.994;1.476;667.039;
7;2025-12-28;10;445.576;1.0;0.994;1.737;769.697;
7;2025-12-28;11;589.406;1.0;0.994;1.558;913.04;
7;2025-12-28;12;655.387;1.0;0.994;1.582;1030.836;
7;2025-12-28;13;667.08;1.0;0.994;1.602;1062.532;
7;2025-12-28;14;716.786;1.0;0.994;1.708;1217.228;
7;2025-12-28;15;697.107;1.0;0.994;1.584;1097.54;
7;2025-12-28;16;642.185;1.0;0.994;1.422;907.836;
7;2025-12-28;17;652.469;1.0;0.994;1.592;1032.728;
7;2025-12-28;18;608.356;1.0;0.994;1.434;867.151;
7;2025-12-28;19;494.002;1.0;0.994;1.712;840.659;
7;2025-12-28;20;410.978;1.0;0.994;1.571;641.966;
7;2025-12-28;21;313.702;1.0;0.994;1.624;506.666;
7;2025-12-28;22;173.641;1.0;0.994;1.713;295.673;
7;2025-12-28;23;109.88;1.0;0.994;1.52;166.05;
7;2025-12-29;0;63.635;0.88;0.998;0.995;55.57;
7;2025-12-29;1;12.165;0.88;0.998;1.011;10.796;
7;2025-12-29;2;0.062;0.88;0.998;0.0;0.0;
7;2025-12-29;3;0.0;0.88;0.998;1.0;0.0;
7;2025-12-29;4;1.944;0.88;0.998;0.77;1.314;
7;2025-12-29;5;206.136;0.88;0.998;1.002;181.32;
7;2025-12-29;6;728.971;0.88;0.998;1.0;639.693;
7;2025-12-29;7;1744.093;0.88;0.998;1.0;1531.092;
7;2025-12-29;8;2657.256;0.88;0.998;1.0;2333.02;
7;2025-12-29;9;1966.635;0.88;0.998;1.0;1726.881;
7;2025-12-29;10;1705.421;0.88;0.998;1.0;1497.257;
7;2025-12-29;11;1550.361;0.88;0.998;1.0;1360.944;
7;2025-12-29;12;1647.154;0.88;0.998;1.0;1446.016;
7;2025-12-29;13;1610.244;0.88;0.998;1.0;1413.724;
7;2025-12-29;14;1708.704;0.88;0.998;1.0;1499.512;
7;2025-12-29;15;1850.645;0.88;0.998;1.0;1624.666;
7;2025-12-29;16;1943.985;0.88;0.998;1.0;1706.177;
7;2025-12-29;17;2480.152;0.88;0.998;1.0;2176.777;
7;2025-12-29;18;2732.732;0.88;0.998;1.0;2399.215;
7;2025-12-29;19;1833.974;0.88;0.998;1.0;1610.16;
7;2025-12-29;20;1157.319;0.88;0.998;1.0;1015.848;
7;2025-12-29;21;672.089;0.88;0.998;1.0;590.078;
7;2025-12-29;22;336.649;0.88;0.998;1.001;295.958;
7;2025-12-29;23;200.173;0.88;0.998;0.998;175.314;
7;2025-12-30;0;63.635;0.88;0.978;0.995;54.481;
7;2025-12-30;1;12.165;0.88;0.978;1.011;10.584;
7;2025-12-30;2;0.062;0.88;0.978;0.0;0.0;
7;2025-12-30;3;0.0;0.88;0.978;1.0;0.0;
7;2025-12-30;4;1.944;0.88;0.978;0.77;1.288;
7;2025-12-30;5;206.136;0.88;0.978;1.002;177.765;
7;2025-12-30;6;728.971;0.88;0.978;1.0;627.151;
7;2025-12-30;7;1744.093;0.88;0.978;1.0;1501.074;
7;2025-12-30;8;2657.256;0.88;0.978;1.0;2287.281;
7;2025-12-30;9;1966.635;0.88;0.978;1.0;1693.025;
7;2025-12-30;10;1705.421;0.88;0.978;1.0;1467.903;
7;2025-12-30;11;1550.361;0.88;0.978;1.0;1334.262;
7;2025-12-30;12;1647.154;0.88;0.978;1.0;1417.666;
7;2025-12-30;13;1610.244;0.88;0.978;1.0;1386.007;
7;2025-12-30;14;1708.704;0.88;0.978;1.0;1470.114;
7;2025-12-30;15;1850.645;0.88;0.978;1.0;1592.814;
7;2025-12-30;16;1943.985;0.88;0.978;1.0;1672.727;
7;2025-12-30;17;2480.152;0.88;0.978;1.0;2134.101;
7;2025-12-30;18;2732.732;0.88;0.978;1.0;2352.177;
7;2025-12-30;19;1833.974;0.88;0.978;1.0;1578.593;
7;2025-12-30;20;1157.319;0.88;0.978;1.0;995.932;
7;2025-12-30;21;672.089;0.88;0.978;1.0;578.509;
7;2025-12-30;22;336.649;0.88;0.978;1.001;290.156;
7;2025-12-30;23;200.173;0.88;0.978;0.998;171.876;
7;2025-12-31;0;100.506;0.8;1.001;1.001;80.557;
7;2025-12-31;1;22.187;0.8;1.001;1.001;17.779;
7;2025-12-31;2;0.0;0.8;1.001;1.0;0.0;
7;2025-12-31;3;0.0;0.8;1.001;1.0;0.0;
7;2025-12-31;4;0.916;0.8;1.001;0.948;0.696;
7;2025-12-31;5;47.191;0.8;1.001;1.001;37.823;
7;2025-12-31;6;301.13;0.8;1.001;0.998;240.632;
7;2025-12-31;7;366.939;0.8;1.001;1.0;293.848;
7;2025-12-31;8;700.897;0.8;1.001;1.0;561.279;
7;2025-12-31;9;553.991;0.8;1.001;1.001;444.007;
7;2025-12-31;10;779.19;0.8;1.001;1.0;623.548;
7;2025-12-31;11;734.909;0.8;1.001;1.0;588.677;
7;2025-12-31;12;1053.097;0.8;1.001;1.0;843.537;
7;2025-12-31;13;1014.539;0.8;1.001;0.999;811.836;
7;2025-12-31;14;996.84;0.8;1.001;1.0;798.237;
7;2025-12-31;15;877.931;0.8;1.001;0.999;702.513;
7;2025-12-31;16;938.456;0.8;1.001;1.0;751.622;
7;2025-12-31;17;923.063;0.8;1.001;1.0;738.807;
7;2025-12-31;18;778.844;0.8;1.001;1.0;623.321;
7;2025-12-31;19;676.275;0.8;1.001;0.999;541.105;
7;2025-12-31;20;603.049;0.8;1.001;0.0;0.0;free fare New Year night
7;2025-12-31;21;438.826;0.8;1.001;0.0;0.0;free fare New Year night
7;2025-12-31;22;264.591;0.8;1.001;0.0;0.0;free fare New Year night
7;2025-12-31;23;170.003;0.8;1.001;0.0;0.0;free fare New Year night
11;2025-11-01;0;66.475;0.8;1.015;2.031;109.65;
11;2025-11-01;1;2.417;0.8;1.015;0.0;0.0;
11;2025-11-01;2;0.0;0.8;1.015;1.0;0.0;
11;2025-11-01;3;0.0;0.8;1.015;1.0;0.0;
11;2025-11-01;4;0.0;0.8;1.015;1.0;0.0;
11;2025-11-01;5;264.551;0.8;1.015;1.0;214.812;
11;2025-11-01;6;1225.102;0.8;1.015;1.0;995.491;
11;2025-11-01;7;2189.947;0.8;1.015;1.0;1779.019;
11;2025-11-01;8;2937.192;0.8;1.015;1.0;2385.54;
11;2025-11-01;9;2192.825;0.8;1.015;1.0;1780.843;
11;2025-11-01;10;1775.579;0.8;1.015;1.0;1442.189;
11;2025-11-01;11;1720.141;0.8;1.015;1.0;1396.891;
11;2025-11-01;12;1756.451;0.8;1.015;1.0;1426.779;
11;2025-11-01;13;1808.981;0.8;1.015;1.0;1469.165;
11;2025-11-01;14;1928.015;0.8;1.015;1.0;1566.179;
11;2025-11-01;15;2065.741;0.8;1.015;1.0;1677.844;
11;2025-11-01;16;2268.417;0.8;1.015;1.0;1842.617;
11;2025-11-01;17;2758.593;0.8;1.015;1.0;2240.595;
11;2025-11-01;18;2348.351;0.8;1.015;1.0;1907.662;
11;2025-11-01;19;1858.92;0.8;1.015;1.0;1510.172;
11;2025-11-01;20;1309.996;0.8;1.015;1.0;1063.666;
11;2025-11-01;21;828.691;0.8;1.015;1.0;673.109;
11;2025-11-01;22;425.553;0.8;1.015;0.998;345.119;
11;2025-11-01;23;289.916;0.8;1.015;1.0;235.471;
11;2025-11-02;0;110.817;1.0;1.014;0.999;112.32;
11;2025-11-02;1;15.418;1.0;1.014;0.985;15.404;
11;2025-11-02;2;0.0;1.0;1.014;1.0;0.0;
11;2025-11-02;3;0.0;1.0;1.014;1.0;0.0;
11;2025-11-02;4;0.0;1.0;1.014;1.0;0.0;
11;2025-11-02;5;118.149;1.0;1.014;1.002;120.078;
11;2025-11-02;6;507.219;1.0;1.014;0.999;514.001;
11;2025-11-02;7;518.749;1.0;1.014;1.0;526.094;
11;2025-11-02;8;669.395;1.0;1.014;1.0;679.216;
11;2025-11-02;9;913.412;1.0;1.014;1.0;926.13;
11;2025-11-02;10;1024.484;1.0;1.014;1.0;1038.867;
11;2025-11-02;11;1465.064;1.0;1.014;1.0;1485.403;
11;2025-11-02;12;1601.201;1.0;1.014;1.0;1623.459;
11;2025-11-02;13;1543.298;1.0;1.014;1.0;1564.701;
11;2025-11-02;14;1626.568;1.0;1.014;1.0;1649.726;
11;2025-11-02;15;1650.632;1.0;1.014;1.0;1673.486;
11;2025-11-02;16;1565.98;1.0;1.014;1.0;1588.708;
11;2025-11-02;17;1671.485;1.0;1.014;1.0;1694.682;
11;2025-11-02;18;1323.631;1.0;1.014;1.0;1342.175;
11;2025-11-02;19;1082.407;1.0;1.014;1.0;1098.304;
11;2025-11-02;20;863.686;1.0;1.014;1.0;875.883;
11;2025-11-02;21;635.405;1.0;1.014;1.0;644.581;
11;2025-11-02;22;367.333;1.0;1.014;1.0;372.539;
11;2025-11-02;23;245.667;1.0;1.014;0.998;248.582;
11;2025-11-03;0;110.817;1.0;0.995;0.999;110.239;
11;2025-11-03;1;15.418;1.0;0.995;0.985;15.119;
11;2025-11-03;2;0.0;1.0;0.995;1.0;0.0;
11;2025-11-03;3;0.0;1.0;0.995;1.0;0.0;
11;2025-11-03;4;0.0;1.0;0.995;1.0;0.0;
11;2025-11-03;5;118.149;1.0;0.995;1.002;117.853;
11;2025-11-03;6;507.219;1.0;0.995;0.999;504.478;
11;2025-11-03;7;518.749;1.0;0.995;1.0;516.348;
11;2025-11-03;8;669.395;1.0;0.995;1.0;666.633;
11;2025-11-03;9;913.412;1.0;0.995;1.0;908.972;
11;2025-11-03;10;1024.484;1.0;0.995;1.0;1019.621;
11;2025-11-03;11;1465.064;1.0;0.995;1.0;1457.884;
11;2025-11-03;12;1601.201;1.0;0.995;1.0;1593.382;
11;2025-11-03;13;1543.298;1.0;0.995;1.0;1535.713;
11;2025-11-03;14;1626.568;1.0;0.995;1.0;1619.162;
11;2025-11-03;15;1650.632;1.0;0.995;1.0;1642.482;
11;2025-11-03;16;1565.98;1.0;0.995;1.0;1559.275;
11;2025-11-03;17;1671.485;1.0;0.995;1.0;1663.286;
11;2025-11-03;18;1323.631;1.0;0.995;1.0;1317.309;
11;2025-11-03;19;1082.407;1.0;0.995;1.0;1077.957;
11;2025-11-03;20;863.686;1.0;0.995;1.0;859.656;
11;2025-11-03;21;635.405;1.0;0.995;1.0;632.639;
11;2025-11-03;22;367.333;1.0;0.995;1.0;365.637;
11;2025-11-03;23;245.667;1.0;0.995;0.998;243.977;
11;2025-11-04;0;110.817;1.0;0.986;0.999;109.153;
11;2025-11-04;1;15.418;1.0;0.986;0.985;14.97;
11;2025-11-04;2;0.0;1.0;0.986;1.0;0.0;
11;2025-11-04;3;0.0;1.0;0.986;1.0;0.0;
11;2025-11-04;4;0.0;1.0;0.986;1.0;0.0;
11;2025-11-04;5;118.149;1.0;0.986;1.002;116.692;
11;2025-11-04;6;507.219;1.0;0.986;0.999;499.509;
11;2025-11-04;7;518.749;1.0;0.986;1.0;511.261;
11;2025-11-04;8;669.395;1.0;0.986;1.0;660.065;
11;2025-11-04;9;913.412;1.0;0.986;1.0;900.018;
11;2025-11-04;10;1024.484;1.0;0.986;1.0;1009.576;
11;2025-11-04;11;1465.064;1.0;0.986;1.0;1443.522;
11;2025-11-04;12;1601.201;1.0;0.986;1.0;1577.685;
11;2025-11-04;13;1543.298;1.0;0.986;1.0;1520.585;
11;2025-11-04;14;1626.568;1.0;0.986;1.0;1603.212;
11;2025-11-04;15;1650.632;1.0;0.986;1.0;1626.302;
11;2025-11-04;16;1565.98;1.0;0.986;1.0;1543.915;
11;2025-11-04;17;1671.485;1.0;0.986;1.0;1646.901;
11;2025-11-04;18;1323.631;1.0;0.986;1.0;1304.332;
11;2025-11-04;19;1082.407;1.0;0.986;1.0;1067.338;
11;2025-11-04;20;863.686;1.0;0.986;1.0;851.188;
11;2025-11-04;21;635.405;1.0;0.986;1.0;626.407;
11;2025-11-04;22;367.333;1.0;0.986;1.0;362.035;
11;2025-11-04;23;245.667;1.0;0.986;0.998;241.573;
11;2025-11-05;0;66.179;1.0;1.015;1.0;67.185;
11;2025-11-05;1;3.113;1.0;1.015;0.907;2.867;
11;2025-11-05;2;0.0;1.0;1.015;1.0;0.0;
11;2025-11-05;3;0.0;1.0;1.015;1.0;0.0;
11;2025-11-05;4;0.387;1.0;1.015;0.0;0.0;
11;2025-11-05;5;283.591;1.0;1.015;0.999;287.731;
11;2025-11-05;6;1334.997;1.0;1.015;1.0;1355.024;
11;2025-11-05;7;2444.253;1.0;1.015;1.0;2481.366;
11;2025-11-05;8;3208.797;1.0;1.015;1.0;3258.107;
11;2025-11-05;9;2452.688;1.0;1.015;1.0;2489.787;
11;2025-11-05;10;1939.789;1.0;1.015;1.0;1969.843;
11;2025-11-05;11;1876.777;1.0;1.015;1.0;1905.004;
11;2025-11-05;12;1891.777;1.0;1.015;1.0;1920.475;
11;2025-11-05;13;2039.907;1.0;1.015;1.0;2070.937;
11;2025-11-05;14;1996.274;1.0;1.015;1.0;2027.144;
11;2025-11-05;15;2048.528;1.0;1.015;1.0;2079.358;
11;2025-11-05;16;2257.632;1.0;1.015;1.0;2292.609;
11;2025-11-05;17;2833.473;1.0;1.015;1.0;2876.743;
11;2025-11-05;18;3148.158;1.0;1.015;1.0;3196.031;
11;2025-11-05;19;2305.622;1.0;1.015;1.0;2340.613;
11;2025-11-05;20;1482.153;1.0;1.015;1.0;1504.598;
11;2025-11-05;21;872.893;1.0;1.015;1.0;885.94;
11;2025-11-05;22;433.574;1.0;1.015;1.001;440.655;
11;2025-11-05;23;234.436;1.0;1.015;1.002;238.464;
11;2025-11-06;0;66.179;1.0;0.999;1.0;66.086;
11;2025-11-06;1;3.113;1.0;0.999;0.907;2.82;
11;2025-11-06;2;0.0;1.0;0.999;1.0;0.0;
11;2025-11-06;3;0.0;1.0;0.999;1.0;0.0;
11;2025-11-06;4;0.387;1.0;0.999;0.0;0.0;
11;2025-11-06;5;283.591;1.0;0.999;0.999;283.023;
11;2025-11-06;6;1334.997;1.0;0.999;1.0;1332.849;
11;2025-11-06;7;2444.253;1.0;0.999;1.0;2440.76;
11;2025-11-06;8;3208.797;1.0;0.999;1.0;3204.79;
11;2025-11-06;9;2452.688;1.0;0.999;1.0;2449.042;
11;2025-11-06;10;1939.789;1.0;0.999;1.0;1937.607;
11;2025-11-06;11;1876.777;1.0;0.999;1.0;1873.829;
11;2025-11-06;12;1891.777;1.0;0.999;1.0;1889.047;
11;2025-11-06;13;2039.907;1.0;0.999;1.0;2037.047;
11;2025-11-06;14;1996.274;1.0;0.999;1.0;1993.97;
11;2025-11-06;15;2048.528;1.0;0.999;1.0;2045.33;
11;2025-11-06;16;2257.632;1.0;0.999;1.0;2255.091;
11;2025-11-06;17;2833.473;1.0;0.999;1.0;2829.666;
11;2025-11-06;18;3148.158;1.0;0.999;1.0;3143.73;
11;2025-11-06;19;2305.622;1.0;0.999;1.0;2302.31;
11;2025-11-06;20;1482.153;1.0;0.999;1.0;1479.976;
11;2025-11-06;21;872.893;1.0;0.999;1.0;871.442;
11;2025-11-06;22;433.574;1.0;0.999;1.001;433.444;
11;2025-11-06;23;234.436;1.0;0.999;1.002;234.562;
11;2025-11-07;0;69.848;1.0;1.01;0.993;70.022;
11;2025-11-07;1;2.689;1.0;1.01;0.827;2.246;
11;2025-11-07;2;0.0;1.0;1.01;1.0;0.0;
11;2025-11-07;3;0.0;1.0;1.01;1.0;0.0;
11;2025-11-07;4;0.0;1.0;1.01;1.0;0.0;
11;2025-11-07;5;264.551;1.0;1.01;0.999;266.771;
11;2025-11-07;6;1225.102;1.0;1.01;1.0;1237.291;
11;2025-11-07;7;2189.947;1.0;1.01;1.0;2211.576;
11;2025-11-07;8;2937.192;1.0;1.01;1.0;2965.335;
11;2025-11-07;9;2192.825;1.0;1.01;1.0;2213.844;
11;2025-11-07;10;1775.579;1.0;1.01;1.0;1792.597;
11;2025-11-07;11;1720.141;1.0;1.01;1.0;1736.795;
11;2025-11-07;12;1756.451;1.0;1.01;1.0;1773.692;
11;2025-11-07;13;1808.981;1.0;1.01;1.0;1826.893;
11;2025-11-07;14;1928.015;1.0;1.01;1.0;1946.986;
11;2025-11-07;15;2065.741;1.0;1.01;1.0;2085.801;
11;2025-11-07;16;2268.417;1.0;1.01;1.0;2290.117;
11;2025-11-07;17;2758.593;1.0;1.01;1.0;2785.632;
11;2025-11-07;18;2348.351;1.0;1.01;1.0;2371.243;
11;2025-11-07;19;1858.92;1.0;1.01;1.0;1876.822;
11;2025-11-07;20;1309.996;1.0;1.01;1.0;1323.073;
11;2025-11-07;21;828.691;1.0;1.01;1.0;836.771;
11;2025-11-07;22;425.553;1.0;1.01;1.001;429.936;
11;2025-11-07;23;289.916;1.0;1.01;0.999;292.497;
11;2025-11-08;0;108.633;1.0;1.015;1.004;110.737;
11;2025-11-08;1;1.921;1.0;1.015;0.82;1.6;
11;2025-11-08;2;0.0;1.0;1.015;1.0;0.0;
11;2025-11-08;3;0.0;1.0;1.015;1.0;0.0;
11;2025-11-08;4;0.0;1.0;1.015;1.0;0.0;
11;2025-11-08;5;204.685;1.0;1.015;1.003;208.355;
11;2025-11-08;6;825.887;1.0;1.015;1.0;838.342;
11;2025-11-08;7;765.109;1.0;1.015;1.0;776.464;
11;2025-11-08;8;1055.761;1.0;1.015;1.0;1072.4;
11;2025-11-08;9;1210.088;1.0;1.015;1.0;1228.14;
11;2025-11-08;10;1354.602;1.0;1.015;1.0;1375.031;
11;2025-11-08;11;1758.759;1.0;1.015;1.0;1785.68;
11;2025-11-08;12;1968.689;1.0;1.015;1.0;1999.072;
11;2025-11-08;13;1860.909;1.0;1.015;1.0;1888.955;
11;2025-11-08;14;1963.787;1.0;1.015;1.0;1993.481;
11;2025-11-08;15;1877.603;1.0;1.015;1.0;1906.663;
11;2025-11-08;16;1880.481;1.0;1.015;1.0;1909.358;
11;2025-11-08;17;1916.388;1.0;1.015;1.0;1945.941;
11;2025-11-08;18;1613.51;1.0;1.015;1.0;1638.175;
11;2025-11-08;19;1545.48;1.0;1.015;1.0;1569.11;
11;2025-11-08;20;1117.521;1.0;1.015;1.0;1134.494;
11;2025-11-08;21;787.808;1.0;1.015;1.0;799.502;
11;2025-11-08;22;462.935;1.0;1.015;1.0;470.113;
11;2025-11-08;23;310.944;1.0;1.015;1.002;316.173;
11;2025-11-09;0;110.817;1.0;1.015;0.999;112.444;
11;2025-11-09;1;15.418;1.0;1.015;0.985;15.421;
11;2025-11-09;2;0.0;1.0;1.015;1.0;0.0;
11;2025-11-09;3;0.0;1.0;1.015;1.0;0.0;
11;2025-11-09;4;0.0;1.0;1.015;1.0;0.0;
11;2025-11-09;5;118.149;1.0;1.015;1.002;120.21;
11;2025-11-09;6;507.219;1.0;1.015;0.999;514.567;
11;2025-11-09;7;518.749;1.0;1.015;1.0;526.673;
11;2025-11-09;8;669.395;1.0;1.015;1.0;679.963;
11;2025-11-09;9;913.412;1.0;1.015;1.0;927.149;
11;2025-11-09;10;1024.484;1.0;1.015;1.0;1040.01;
11;2025-11-09;11;1465.064;1.0;1.015;1.0;1487.037;
11;2025-11-09;12;1601.201;1.0;1.015;1.0;1625.245;
11;2025-11-09;13;1543.298;1.0;1.015;1.0;1566.423;
11;2025-11-09;14;1626.568;1.0;1.015;1.0;1651.541;
11;2025-11-09;15;1650.632;1.0;1.015;1.0;1675.327;
11;2025-11-09;16;1565.98;1.0;1.015;1.0;1590.457;
11;2025-11-09;17;1671.485;1.0;1.015;1.0;1696.547;
11;2025-11-09;18;1323.631;1.0;1.015;1.0;1343.652;
11;2025-11-09;19;1082.407;1.0;1.015;1.0;1099.513;
11;2025-11-09;20;863.686;1.0;1.015;1.0;876.847;
11;2025-11-09;21;635.405;1.0;1.015;1.0;645.29;
11;2025-11-09;22;367.333;1.0;1.015;1.0;372.949;
11;2025-11-09;23;245.667;1.0;1.015;0.998;248.856;
11;2025-11-10;0;66.179;1.0;1.015;1.0;67.185;
11;2025-11-10;1;3.113;1.0;1.015;0.907;2.867;
11;2025-11-10;2;0.0;1.0;1.015;1.0;0.0;
11;2025-11-10;3;0.0;1.0;1.015;1.0;0.0;
11;2025-11-10;4;0.387;1.0;1.015;0.0;0.0;
11;2025-11-10;5;283.591;1.0;1.015;0.999;287.731;
11;2025-11-10;6;1334.997;1.0;1.015;1.0;1355.024;
11;2025-11-10;7;2444.253;1.0;1.015;1.0;2481.366;
11;2025-11-10;8;3208.797;1.0;1.015;1.0;3258.107;
11;2025-11-10;9;2452.688;1.0;1.015;1.0;2489.787;
11;2025-11-10;10;1939.789;1.0;1.015;1.0;1969.843;
11;2025-11-10;11;1876.777;1.0;1.015;1.0;1905.004;
11;2025-11-10;12;1891.777;1.0;1.015;1.0;1920.475;
11;2025-11-10;13;2039.907;1.0;1.015;1.0;2070.937;
11;2025-11-10;14;1996.274;1.0;1.015;1.0;2027.144;
11;2025-11-10;15;2048.528;1.0;1.015;1.0;2079.358;
11;2025-11-10;16;2257.632;1.0;1.015;1.0;2292.609;
11;2025-11-10;17;2833.473;1.0;1.015;1.0;2876.743;
11;2025-11-10;18;3148.158;1.0;1.015;1.0;3196.031;
11;2025-11-10;19;2305.622;1.0;1.015;1.0;2340.613;
11;2025-11-10;20;1482.153;1.0;1.015;1.0;1504.598;
11;2025-11-10;21;872.893;1.0;1.015;1.0;885.94;
11;2025-11-10;22;433.574;1.0;1.015;1.001;440.655;
11;2025-11-10;23;234.436;1.0;1.015;1.002;238.464;
11;2025-11-11;0;66.179;1.0;1.015;1.0;67.185;
11;2025-11-11;1;3.113;1.0;1.015;0.907;2.867;
11;2025-11-11;2;0.0;1.0;1.015;1.0;0.0;
11;2025-11-11;3;0.0;1.0;1.015;1.0;0.0;
11;2025-11-11;4;0.387;1.0;1.015;0.0;0.0;
11;2025-11-11;5;283.591;1.0;1.015;0.999;287.731;
11;2025-11-11;6;1334.997;1.0;1.015;1.0;1355.024;
11;2025-11-11;7;2444.253;1.0;1.015;1.0;2481.366;
11;2025-11-11;8;3208.797;1.0;1.015;1.0;3258.107;
11;2025-11-11;9;2452.688;1.0;1.015;1.0;2489.787;
11;2025-11-11;10;1939.789;1.0;1.015;1.0;1969.843;
11;2025-11-11;11;1876.777;1.0;1.015;1.0;1905.004;
11;2025-11-11;12;1891.777;1.0;1.015;1.0;1920.475;
11;2025-11-11;13;2039.907;1.0;1.015;1.0;2070.937;
11;2025-11-11;14;1996.274;1.0;1.015;1.0;2027.144;
11;2025-11-11;15;2048.528;1.0;1.015;1.0;2079.358;
11;2025-11-11;16;2257.632;1.0;1.015;1.0;2292.609;
11;2025-11-11;17;2833.473;1.0;1.015;1.0;2876.743;
11;2025-11-11;18;3148.158;1.0;1.015;1.0;3196.031;
11;2025-11-11;19;2305.622;1.0;1.015;1.0;2340.613;
11;2025-11-11;20;1482.153;1.0;1.015;1.0;1504.598;
11;2025-11-11;21;872.893;1.0;1.015;1.0;885.94;
11;2025-11-11;22;433.574;1.0;1.015;1.001;440.655;
11;2025-11-11;23;234.436;1.0;1.015;1.002;238.464;
11;2025-11-12;0;66.179;1.0;1.004;1.0;66.45;
11;2025-11-12;1;3.113;1.0;1.004;0.907;2.835;
11;2025-11-12;2;0.0;1.0;1.004;1.0;0.0;
11;2025-11-12;3;0.0;1.0;1.004;1.0;0.0;
11;2025-11-12;4;0.387;1.0;1.004;0.0;0.0;
11;2025-11-12;5;283.591;1.0;1.004;0.999;284.584;
11;2025-11-12;6;1334.997;1.0;1.004;1.0;1340.2;
11;2025-11-12;7;2444.253;1.0;1.004;1.0;2454.221;
11;2025-11-12;8;3208.797;1.0;1.004;1.0;3222.464;
11;2025-11-12;9;2452.688;1.0;1.004;1.0;2462.549;
11;2025-11-12;10;1939.789;1.0;1.004;1.0;1948.293;
11;2025-11-12;11;1876.777;1.0;1.004;1.0;1884.164;
11;2025-11-12;12;1891.777;1.0;1.004;1.0;1899.465;
11;2025-11-12;13;2039.907;1.0;1.004;1.0;2048.281;
11;2025-11-12;14;1996.274;1.0;1.004;1.0;2004.967;
11;2025-11-12;15;2048.528;1.0;1.004;1.0;2056.611;
11;2025-11-12;16;2257.632;1.0;1.004;1.0;2267.528;
11;2025-11-12;17;2833.473;1.0;1.004;1.0;2845.272;
11;2025-11-12;18;3148.158;1.0;1.004;1.0;3161.068;
11;2025-11-12;19;2305.622;1.0;1.004;1.0;2315.007;
11;2025-11-12;20;1482.153;1.0;1.004;1.0;1488.138;
11;2025-11-12;21;872.893;1.0;1.004;1.0;876.248;
11;2025-11-12;22;433.574;1.0;1.004;1.001;435.834;
11;2025-11-12;23;234.436;1.0;1.004;1.002;235.856;
11;2025-11-13;0;66.179;1.0;1.014;1.0;67.111;
11;2025-11-13;1;3.113;1.0;1.014;0.907;2.864;
11;2025-11-13;2;0.0;1.0;1.014;1.0;0.0;
11;2025-11-13;3;0.0;1.0;1.014;1.0;0.0;
11;2025-11-13;4;0.387;1.0;1.014;0.0;0.0;
11;2025-11-13;5;283.591;1.0;1.014;0.999;287.415;
11;2025-11-13;6;1334.997;1.0;1.014;1.0;1353.534;
11;2025-11-13;7;2444.253;1.0;1.014;1.0;2478.638;
11;2025-11-13;8;3208.797;1.0;1.014;1.0;3254.525;
11;2025-11-13;9;2452.688;1.0;1.014;1.0;2487.05;
11;2025-11-13;10;1939.789;1.0;1.014;1.0;1967.677;
11;2025-11-13;11;1876.777;1.0;1.014;1.0;1902.91;
11;2025-11-13;12;1891.777;1.0;1.014;1.0;1918.364;
11;2025-11-13;13;2039.907;1.0;1.014;1.0;2068.66;
11;2025-11-13;14;1996.274;1.0;1.014;1.0;2024.915;
11;2025-11-13;15;2048.528;1.0;1.014;1.0;2077.072;
11;2025-11-13;16;2257.632;1.0;1.014;1.0;2290.088;
11;2025-11-13;17;2833.473;1.0;1.014;1.0;2873.58;
11;2025-11-13;18;3148.158;1.0;1.014;1.0;3192.518;
11;2025-11-13;19;2305.622;1.0;1.014;1.0;2338.04;
11;2025-11-13;20;1482.153;1.0;1.014;1.0;1502.944;
11;2025-11-13;21;872.893;1.0;1.014;1.0;884.966;
11;2025-11-13;22;433.574;1.0;1.014;1.001;440.171;
11;2025-11-13;23;234.436;1.0;1.014;1.002;238.202;
11;2025-11-14;0;69.848;1.0;1.012;0.993;70.176;
11;2025-11-14;1;2.689;1.0;1.012;0.827;2.251;
11;2025-11-14;2;0.0;1.0;1.012;1.0;0.0;
11;2025-11-14;3;0.0;1.0;1.012;1.0;0.0;
11;2025-11-14;4;0.0;1.0;1.012;1.0;0.0;
11;2025-11-14;5;264.551;1.0;1.012;0.999;267.359;
11;2025-11-14;6;1225.102;1.0;1.012;1.0;1240.016;
11;2025-11-14;7;2189.947;1.0;1.012;1.0;2216.447;
11;2025-11-14;8;2937.192;1.0;1.012;1.0;2971.866;
11;2025-11-14;9;2192.825;1.0;1.012;1.0;2218.72;
11;2025-11-14;10;1775.579;1.0;1.012;1.0;1796.545;
11;2025-11-14;11;1720.141;1.0;1.012;1.0;1740.62;
11;2025-11-14;12;1756.451;1.0;1.012;1.0;1777.598;
11;2025-11-14;13;1808.981;1.0;1.012;1.0;1830.917;
11;2025-11-14;14;1928.015;1.0;1.012;1.0;1951.274;
11;2025-11-14;15;2065.741;1.0;1.012;1.0;2090.395;
11;2025-11-14;16;2268.417;1.0;1.012;1.0;2295.161;
11;2025-11-14;17;2758.593;1.0;1.012;1.0;2791.767;
11;2025-11-14;18;2348.351;1.0;1.012;1.0;2376.466;
11;2025-11-14;19;1858.92;1.0;1.012;1.0;1880.955;
11;2025-11-14;20;1309.996;1.0;1.012;1.0;1325.987;
11;2025-11-14;21;828.691;1.0;1.012;1.0;838.614;
11;2025-11-14;22;425.553;1.0;1.012;1.001;430.883;
11;2025-11-14;23;289.916;1.0;1.012;0.999;293.141;
11;2025-11-15;0;108.633;1.0;0.947;1.004;103.322;
11;2025-11-15;1;1.921;1.0;0.947;0.82;1.493;
11;2025-11-15;2;0.0;1.0;0.947;1.0;0.0;
11;2025-11-15;3;0.0;1.0;0.947;1.0;0.0;
11;2025-11-15;4;0.0;1.0;0.947;1.0;0.0;
11;2025-11-15;5;204.685;1.0;0.947;1.003;194.405;
11;2025-11-15;6;825.887;1.0;0.947;1.0;782.212;
11;2025-11-15;7;765.109;1.0;0.947;1.0;724.477;
11;2025-11-15;8;1055.761;1.0;0.947;1.0;1000.599;
11;2025-11-15;9;1210.088;1.0;0.947;1.0;1145.912;
11;2025-11-15;10;1354.602;1.0;0.947;1.0;1282.968;
11;2025-11-15;11;1758.759;1.0;0.947;1.0;1666.123;
11;2025-11-15;12;1968.689;1.0;0.947;1.0;1865.228;
11;2025-11-15;13;1860.909;1.0;0.947;1.0;1762.483;
11;2025-11-15;14;1963.787;1.0;0.947;1.0;1860.011;
11;2025-11-15;15;1877.603;1.0;0.947;1.0;1779.006;
11;2025-11-15;16;1880.481;1.0;0.947;1.0;1781.52;
11;2025-11-15;17;1916.388;1.0;0.947;1.0;1815.654;
11;2025-11-15;18;1613.51;1.0;0.947;1.0;1528.494;
11;2025-11-15;19;1545.48;1.0;0.947;1.0;1464.053;
11;2025-11-15;20;1117.521;1.0;0.947;1.0;1058.536;
11;2025-11-15;21;787.808;1.0;0.947;1.0;745.973;
11;2025-11-15;22;462.935;1.0;0.947;1.0;438.637;
11;2025-11-15;23;310.944;1.0;0.947;1.002;295.004;
11;2025-11-16;0;110.817;1.0;1.015;0.999;112.444;
11;2025-11-16;1;15.418;1.0;1.015;0.985;15.421;
11;2025-11-16;2;0.0;1.0;1.015;1.0;0.0;
11;2025-11-16;3;0.0;1.0;1.015;1.0;0.0;
11;2025-11-16;4;0.0;1.0;1.015;1.0;0.0;
11;2025-11-16;5;118.149;1.0;1.015;1.002;120.21;
11;2025-11-16;6;507.219;1.0;1.015;0.999;514.567;
11;2025-11-16;7;518.749;1.0;1.015;1.0;526.673;
11;2025-11-16;8;669.395;1.0;1.015;1.0;679.963;
11;2025-11-16;9;913.412;1.0;1.015;1.0;927.149;
11;2025-11-16;10;1024.484;1.0;1.015;1.0;1040.01;
11;2025-11-16;11;1465.064;1.0;1.015;1.0;1487.037;
11;2025-11-16;12;1601.201;1.0;1.015;1.0;1625.245;
11;2025-11-16;13;1543.298;1.0;1.015;1.0;1566.423;
11;2025-11-16;14;1626.568;1.0;1.015;1.0;1651.541;
11;2025-11-16;15;1650.632;1.0;1.015;1.0;1675.327;
11;2025-11-16;16;1565.98;1.0;1.015;1.0;1590.457;
11;2025-11-16;17;1671.485;1.0;1.015;1.0;1696.547;
11;2025-11-16;18;1323.631;1.0;1.015;1.0;1343.652;
11;2025-11-16;19;1082.407;1.0;1.015;1.0;1099.513;
11;2025-11-16;20;863.686;1.0;1.015;1.0;876.847;
11;2025-11-16;21;635.405;1.0;1.015;1.0;645.29;
11;2025-11-16;22;367.333;1.0;1.015;1.0;372.949;
11;2025-11-16;23;245.667;1.0;1.015;0.998;248.856;
11;2025-11-17;0;66.179;1.0;0.983;1.0;65.076;
11;2025-11-17;1;3.113;1.0;0.983;0.907;2.777;
11;2025-11-17;2;0.0;1.0;0.983;1.0;0.0;
11;2025-11-17;3;0.0;1.0;0.983;1.0;0.0;
11;2025-11-17;4;0.387;1.0;0.983;0.0;0.0;
11;2025-11-17;5;283.591;1.0;0.983;0.999;278.698;
11;2025-11-17;6;1334.997;1.0;0.983;1.0;1312.481;
11;2025-11-17;7;2444.253;1.0;0.983;1.0;2403.46;
11;2025-11-17;8;3208.797;1.0;0.983;1.0;3155.814;
11;2025-11-17;9;2452.688;1.0;0.983;1.0;2411.616;
11;2025-11-17;10;1939.789;1.0;0.983;1.0;1907.997;
11;2025-11-17;11;1876.777;1.0;0.983;1.0;1845.193;
11;2025-11-17;12;1891.777;1.0;0.983;1.0;1860.179;
11;2025-11-17;13;2039.907;1.0;0.983;1.0;2005.917;
11;2025-11-17;14;1996.274;1.0;0.983;1.0;1963.498;
11;2025-11-17;15;2048.528;1.0;0.983;1.0;2014.074;
11;2025-11-17;16;2257.632;1.0;0.983;1.0;2220.629;
11;2025-11-17;17;2833.473;1.0;0.983;1.0;2786.423;
11;2025-11-17;18;3148.158;1.0;0.983;1.0;3095.687;
11;2025-11-17;19;2305.622;1.0;0.983;1.0;2267.126;
11;2025-11-17;20;1482.153;1.0;0.983;1.0;1457.359;
11;2025-11-17;21;872.893;1.0;0.983;1.0;858.124;
11;2025-11-17;22;433.574;1.0;0.983;1.001;426.82;
11;2025-11-17;23;234.436;1.0;0.983;1.002;230.977;
11;2025-11-18;0;66.179;1.0;0.964;1.0;63.8;
11;2025-11-18;1;3.113;1.0;0.964;0.907;2.722;
11;2025-11-18;2;0.0;1.0;0.964;1.0;0.0;
11;2025-11-18;3;0.0;1.0;0.964;1.0;0.0;
11;2025-11-18;4;0.387;1.0;0.964;0.0;0.0;
11;2025-11-18;5;283.591;1.0;0.964;0.999;273.234;
11;2025-11-18;6;1334.997;1.0;0.964;1.0;1286.749;
11;2025-11-18;7;2444.253;1.0;0.964;1.0;2356.34;
11;2025-11-18;8;3208.797;1.0;0.964;1.0;3093.943;
11;2025-11-18;9;2452.688;1.0;0.964;1.0;2364.336;
11;2025-11-18;10;1939.789;1.0;0.964;1.0;1870.59;
11;2025-11-18;11;1876.777;1.0;0.964;1.0;1809.018;
11;2025-11-18;12;1891.777;1.0;0.964;1.0;1823.709;
11;2025-11-18;13;2039.907;1.0;0.964;1.0;1966.59;
11;2025-11-18;14;1996.274;1.0;0.964;1.0;1925.003;
11;2025-11-18;15;2048.528;1.0;0.964;1.0;1974.587;
11;2025-11-18;16;2257.632;1.0;0.964;1.0;2177.093;
11;2025-11-18;17;2833.473;1.0;0.964;1.0;2731.795;
11;2025-11-18;18;3148.158;1.0;0.964;1.0;3034.995;
11;2025-11-18;19;2305.622;1.0;0.964;1.0;2222.678;
11;2025-11-18;20;1482.153;1.0;0.964;1.0;1428.787;
11;2025-11-18;21;872.893;1.0;0.964;1.0;841.301;
11;2025-11-18;22;433.574;1.0;0.964;1.001;418.452;
11;2025-11-18;23;234.436;1.0;0.964;1.002;226.449;
11;2025-11-19;0;66.179;1.0;1.015;1.0;67.185;
11;2025-11-19;1;3.113;1.0;1.015;0.907;2.867;
11;2025-11-19;2;0.0;1.0;1.015;1.0;0.0;
11;2025-11-19;3;0.0;1.0;1.015;1.0;0.0;
11;2025-11-19;4;0.387;1.0;1.015;0.0;0.0;
11;2025-11-19;5;283.591;1.0;1.015;0.999;287.731;
11;2025-11-19;6;1334.997;1.0;1.015;1.0;1355.024;
11;2025-11-19;7;2444.253;1.0;1.015;1.0;2481.366;
11;2025-11-19;8;3208.797;1.0;1.015;1.0;3258.107;
11;2025-11-19;9;2452.688;1.0;1.015;1.0;2489.787;
11;2025-11-19;10;1939.789;1.0;1.015;1.0;1969.843;
11;2025-11-19;11;1876.777;1.0;1.015;1.0;1905.004;
11;2025-11-19;12;1891.777;1.0;1.015;1.0;1920.475;
11;2025-11-19;13;2039.907;1.0;1.015;1.0;2070.937;
11;2025-11-19;14;1996.274;1.0;1.015;1.0;2027.144;
11;2025-11-19;15;2048.528;1.0;1.015;1.0;2079.358;
11;2025-11-19;16;2257.632;1.0;1.015;1.0;2292.609;
11;2025-11-19;17;2833.473;1.0;1.015;1.0;2876.743;
11;2025-11-19;18;3148.158;1.0;1.015;1.0;3196.031;
11;2025-11-19;19;2305.622;1.0;1.015;1.0;2340.613;
11;2025-11-19;20;1482.153;1.0;1.015;1.0;1504.598;
11;2025-11-19;21;872.893;1.0;1.015;1.0;885.94;
11;2025-11-19;22;433.574;1.0;1.015;1.001;440.655;
11;2025-11-19;23;234.436;1.0;1.015;1.002;238.464;
11;2025-11-20;0;66.179;1.0;1.015;1.0;67.185;
11;2025-11-20;1;3.113;1.0;1.015;0.907;2.867;
11;2025-11-20;2;0.0;1.0;1.015;1.0;0.0;
11;2025-11-20;3;0.0;1.0;1.015;1.0;0.0;
11;2025-11-20;4;0.387;1.0;1.015;0.0;0.0;
11;2025-11-20;5;283.591;1.0;1.015;0.999;287.731;
11;2025-11-20;6;1334.997;1.0;1.015;1.0;1355.024;
11;2025-11-20;7;2444.253;1.0;1.015;1.0;2481.366;
11;2025-11-20;8;3208.797;1.0;1.015;1.0;3258.107;
11;2025-11-20;9;2452.688;1.0;1.015;1.0;2489.787;
11;2025-11-20;10;1939.789;1.0;1.015;1.0;1969.843;
11;2025-11-20;11;1876.777;1.0;1.015;1.0;1905.004;
11;2025-11-20;12;1891.777;1.0;1.015;1.0;1920.475;
11;2025-11-20;13;2039.907;1.0;1.015;1.0;2070.937;
11;2025-11-20;14;1996.274;1.0;1.015;1.0;2027.144;
11;2025-11-20;15;2048.528;1.0;1.015;1.0;2079.358;
11;2025-11-20;16;2257.632;1.0;1.015;1.0;2292.609;
11;2025-11-20;17;2833.473;1.0;1.015;1.0;2876.743;
11;2025-11-20;18;3148.158;1.0;1.015;1.0;3196.031;
11;2025-11-20;19;2305.622;1.0;1.015;1.0;2340.613;
11;2025-11-20;20;1482.153;1.0;1.015;1.0;1504.598;
11;2025-11-20;21;872.893;1.0;1.015;1.0;885.94;
11;2025-11-20;22;433.574;1.0;1.015;1.001;440.655;
11;2025-11-20;23;234.436;1.0;1.015;1.002;238.464;
11;2025-11-21;0;69.848;1.0;1.012;0.993;70.176;
11;2025-11-21;1;2.689;1.0;1.012;0.827;2.251;
11;2025-11-21;2;0.0;1.0;1.012;1.0;0.0;
11;2025-11-21;3;0.0;1.0;1.012;1.0;0.0;
11;2025-11-21;4;0.0;1.0;1.012;1.0;0.0;
11;2025-11-21;5;264.551;1.0;1.012;0.999;267.359;
11;2025-11-21;6;1225.102;1.0;1.012;1.0;1240.016;
11;2025-11-21;7;2189.947;1.0;1.012;1.0;2216.447;
11;2025-11-21;8;2937.192;1.0;1.012;1.0;2971.866;
11;2025-11-21;9;2192.825;1.0;1.012;1.0;2218.72;
11;2025-11-21;10;1775.579;1.0;1.012;1.0;1796.545;
11;2025-11-21;11;1720.141;1.0;1.012;1.0;1740.62;
11;2025-11-21;12;1756.451;1.0;1.012;1.0;1777.598;
11;2025-11-21;13;1808.981;1.0;1.012;1.0;1830.917;
11;2025-11-21;14;1928.015;1.0;1.012;1.0;1951.274;
11;2025-11-21;15;2065.741;1.0;1.012;1.0;2090.395;
11;2025-11-21;16;2268.417;1.0;1.012;1.0;2295.161;
11;2025-11-21;17;2758.593;1.0;1.012;1.0;2791.767;
11;2025-11-21;18;2348.351;1.0;1.012;1.0;2376.466;
11;2025-11-21;19;1858.92;1.0;1.012;1.0;1880.955;
11;2025-11-21;20;1309.996;1.0;1.012;1.0;1325.987;
11;2025-11-21;21;828.691;1.0;1.012;1.0;838.614;
11;2025-11-21;22;425.553;1.0;1.012;1.001;430.883;
11;2025-11-21;23;289.916;1.0;1.012;0.999;293.141;
11;2025-11-22;0;108.633;1.0;1.003;1.004;109.405;
11;2025-11-22;1;1.921;1.0;1.003;0.82;1.581;
11;2025-11-22;2;0.0;1.0;1.003;1.0;0.0;
11;2025-11-22;3;0.0;1.0;1.003;1.0;0.0;
11;2025-11-22;4;0.0;1.0;1.003;1.0;0.0;
11;2025-11-22;5;204.685;1.0;1.003;1.003;205.849;
11;2025-11-22;6;825.887;1.0;1.003;1.0;828.259;
11;2025-11-22;7;765.109;1.0;1.003;1.0;767.126;
11;2025-11-22;8;1055.761;1.0;1.003;1.0;1059.502;
11;2025-11-22;9;1210.088;1.0;1.003;1.0;1213.369;
11;2025-11-22;10;1354.602;1.0;1.003;1.0;1358.494;
11;2025-11-22;11;1758.759;1.0;1.003;1.0;1764.204;
11;2025-11-22;12;1968.689;1.0;1.003;1.0;1975.029;
11;2025-11-22;13;1860.909;1.0;1.003;1.0;1866.236;
11;2025-11-22;14;1963.787;1.0;1.003;1.0;1969.505;
11;2025-11-22;15;1877.603;1.0;1.003;1.0;1883.731;
11;2025-11-22;16;1880.481;1.0;1.003;1.0;1886.394;
11;2025-11-22;17;1916.388;1.0;1.003;1.0;1922.537;
11;2025-11-22;18;1613.51;1.0;1.003;1.0;1618.472;
11;2025-11-22;19;1545.48;1.0;1.003;1.0;1550.238;
11;2025-11-22;20;1117.521;1.0;1.003;1.0;1120.849;
11;2025-11-22;21;787.808;1.0;1.003;1.0;789.887;
11;2025-11-22;22;462.935;1.0;1.003;1.0;464.458;
11;2025-11-22;23;310.944;1.0;1.003;1.002;312.37;
11;2025-11-23;0;110.817;1.0;1.015;0.999;112.444;
11;2025-11-23;1;15.418;1.0;1.015;0.985;15.421;
11;2025-11-23;2;0.0;1.0;1.015;1.0;0.0;
11;2025-11-23;3;0.0;1.0;1.015;1.0;0.0;
11;2025-11-23;4;0.0;1.0;1.015;1.0;0.0;
11;2025-11-23;5;118.149;1.0;1.015;1.002;120.21;
11;2025-11-23;6;507.219;1.0;1.015;0.999;514.567;
11;2025-11-23;7;518.749;1.0;1.015;1.0;526.673;
11;2025-11-23;8;669.395;1.0;1.015;1.0;679.963;
11;2025-11-23;9;913.412;1.0;1.015;1.0;927.149;
11;2025-11-23;10;1024.484;1.0;1.015;1.0;1040.01;
11;2025-11-23;11;1465.064;1.0;1.015;1.0;1487.037;
11;2025-11-23;12;1601.201;1.0;1.015;1.0;1625.245;
11;2025-11-23;13;1543.298;1.0;1.015;1.0;1566.423;
11;2025-11-23;14;1626.568;1.0;1.015;1.0;1651.541;
11;2025-11-23;15;1650.632;1.0;1.015;1.0;1675.327;
11;2025-11-23;16;1565.98;1.0;1.015;1.0;1590.457;
11;2025-11-23;17;1671.485;1.0;1.015;1.0;1696.547;
11;2025-11-23;18;1323.631;1.0;1.015;1.0;1343.652;
11;2025-11-23;19;1082.407;1.0;1.015;1.0;1099.513;
11;2025-11-23;20;863.686;1.0;1.015;1.0;876.847;
11;2025-11-23;21;635.405;1.0;1.015;1.0;645.29;
11;2025-11-23;22;367.333;1.0;1.015;1.0;372.949;
11;2025-11-23;23;245.667;1.0;1.015;0.998;248.856;
11;2025-11-24;0;66.179;1.0;0.969;1.0;64.152;
11;2025-11-24;1;3.113;1.0;0.969;0.907;2.737;
11;2025-11-24;2;0.0;1.0;0.969;1.0;0.0;
11;2025-11-24;3;0.0;1.0;0.969;1.0;0.0;
11;2025-11-24;4;0.387;1.0;0.969;0.0;0.0;
11;2025-11-24;5;283.591;1.0;0.969;0.999;274.741;
11;2025-11-24;6;1334.997;1.0;0.969;1.0;1293.846;
11;2025-11-24;7;2444.253;1.0;0.969;1.0;2369.335;
11;2025-11-24;8;3208.797;1.0;0.969;1.0;3111.007;
11;2025-11-24;9;2452.688;1.0;0.969;1.0;2377.375;
11;2025-11-24;10;1939.789;1.0;0.969;1.0;1880.906;
11;2025-11-24;11;1876.777;1.0;0.969;1.0;1818.995;
11;2025-11-24;12;1891.777;1.0;0.969;1.0;1833.767;
11;2025-11-24;13;2039.907;1.0;0.969;1.0;1977.436;
11;2025-11-24;14;1996.274;1.0;0.969;1.0;1935.62;
11;2025-11-24;15;2048.528;1.0;0.969;1.0;1985.477;
11;2025-11-24;16;2257.632;1.0;0.969;1.0;2189.1;
11;2025-11-24;17;2833.473;1.0;0.969;1.0;2746.861;
11;2025-11-24;18;3148.158;1.0;0.969;1.0;3051.734;
11;2025-11-24;19;2305.622;1.0;0.969;1.0;2234.937;
11;2025-11-24;20;1482.153;1.0;0.969;1.0;1436.667;
11;2025-11-24;21;872.893;1.0;0.969;1.0;845.94;
11;2025-11-24;22;433.574;1.0;0.969;1.001;420.76;
11;2025-11-24;23;234.436;1.0;0.969;1.002;227.698;
11;2025-11-25;0;66.179;1.0;1.015;1.0;67.185;
11;2025-11-25;1;3.113;1.0;1.015;0.907;2.867;
11;2025-11-25;2;0.0;1.0;1.015;1.0;0.0;
11;2025-11-25;3;0.0;1.0;1.015;1.0;0.0;
11;2025-11-25;4;0.387;1.0;1.015;0.0;0.0;
11;2025-11-25;5;283.591;1.0;1.015;0.999;287.731;
11;2025-11-25;6;1334.997;1.0;1.015;1.0;1355.024;
11;2025-11-25;7;2444.253;1.0;1.015;1.0;2481.366;
11;2025-11-25;8;3208.797;1.0;1.015;1.0;3258.107;
11;2025-11-25;9;2452.688;1.0;1.015;1.0;2489.787;
11;2025-11-25;10;1939.789;1.0;1.015;1.0;1969.843;
11;2025-11-25;11;1876.777;1.0;1.015;1.0;1905.004;
11;2025-11-25;12;1891.777;1.0;1.015;1.0;1920.475;
11;2025-11-25;13;2039.907;1.0;1.015;1.0;2070.937;
11;2025-11-25;14;1996.274;1.0;1.015;1.0;2027.144;
11;2025-11-25;15;2048.528;1.0;1.015;1.0;2079.358;
11;2025-11-25;16;2257.632;1.0;1.015;1.0;2292.609;
11;2025-11-25;17;2833.473;1.0;1.015;1.0;2876.743;
11;2025-11-25;18;3148.158;1.0;1.015;1.0;3196.031;
11;2025-11-25;19;2305.622;1.0;1.015;1.0;2340.613;
11;2025-11-25;20;1482.153;1.0;1.015;1.0;1504.598;
11;2025-11-25;21;872.893;1.0;1.015;1.0;885.94;
11;2025-11-25;22;433.574;1.0;1.015;1.001;440.655;
11;2025-11-25;23;234.436;1.0;1.015;1.002;238.464;
11;2025-11-26;0;66.179;1.0;0.966;1.0;63.941;
11;2025-11-26;1;3.113;1.0;0.966;0.907;2.728;
11;2025-11-26;2;0.0;1.0;0.966;1.0;0.0;
11;2025-11-26;3;0.0;1.0;0.966;1.0;0.0;
11;2025-11-26;4;0.387;1.0;0.966;0.0;0.0;
11;2025-11-26;5;283.591;1.0;0.966;0.999;273.835;
11;2025-11-26;6;1334.997;1.0;0.966;1.0;1289.583;
11;2025-11-26;7;2444.253;1.0;0.966;1.0;2361.529;
11;2025-11-26;8;3208.797;1.0;0.966;1.0;3100.757;
11;2025-11-26;9;2452.688;1.0;0.966;1.0;2369.543;
11;2025-11-26;10;1939.789;1.0;0.966;1.0;1874.71;
11;2025-11-26;11;1876.777;1.0;0.966;1.0;1813.002;
11;2025-11-26;12;1891.777;1.0;0.966;1.0;1827.726;
11;2025-11-26;13;2039.907;1.0;0.966;1.0;1970.921;
11;2025-11-26;14;1996.274;1.0;0.966;1.0;1929.243;
11;2025-11-26;15;2048.528;1.0;0.966;1.0;1978.936;
11;2025-11-26;16;2257.632;1.0;0.966;1.0;2181.887;
11;2025-11-26;17;2833.473;1.0;0.966;1.0;2737.811;
11;2025-11-26;18;3148.158;1.0;0.966;1.0;3041.68;
11;2025-11-26;19;2305.622;1.0;0.966;1.0;2227.574;
11;2025-11-26;20;1482.153;1.0;0.966;1.0;1431.933;
11;2025-11-26;21;872.893;1.0;0.966;1.0;843.153;
11;2025-11-26;22;433.574;1.0;0.966;1.001;419.374;
11;2025-11-26;23;234.436;1.0;0.966;1.002;226.948;
11;2025-11-27;0;66.179;1.0;0.976;1.0;64.577;
11;2025-11-27;1;3.113;1.0;0.976;0.907;2.755;
11;2025-11-27;2;0.0;1.0;0.976;1.0;0.0;
11;2025-11-27;3;0.0;1.0;0.976;1.0;0.0;
11;2025-11-27;4;0.387;1.0;0.976;0.0;0.0;
11;2025-11-27;5;283.591;1.0;0.976;0.999;276.56;
11;2025-11-27;6;1334.997;1.0;0.976;1.0;1302.413;
11;2025-11-27;7;2444.253;1.0;0.976;1.0;2385.024;
11;2025-11-27;8;3208.797;1.0;0.976;1.0;3131.607;
11;2025-11-27;9;2452.688;1.0;0.976;1.0;2393.118;
11;2025-11-27;10;1939.789;1.0;0.976;1.0;1893.362;
11;2025-11-27;11;1876.777;1.0;0.976;1.0;1831.04;
11;2025-11-27;12;1891.777;1.0;0.976;1.0;1845.91;
11;2025-11-27;13;2039.907;1.0;0.976;1.0;1990.53;
11;2025-11-27;14;1996.274;1.0;0.976;1.0;1948.437;
11;2025-11-27;15;2048.528;1.0;0.976;1.0;1998.625;
11;2025-11-27;16;2257.632;1.0;0.976;1.0;2203.595;
11;2025-11-27;17;2833.473;1.0;0.976;1.0;2765.05;
11;2025-11-27;18;3148.158;1.0;0.976;1.0;3071.942;
11;2025-11-27;19;2305.622;1.0;0.976;1.0;2249.736;
11;2025-11-27;20;1482.153;1.0;0.976;1.0;1446.18;
11;2025-11-27;21;872.893;1.0;0.976;1.0;851.542;
11;2025-11-27;22;433.574;1.0;0.976;1.001;423.546;
11;2025-11-27;23;234.436;1.0;0.976;1.002;229.206;
11;2025-11-28;0;69.848;1.0;1.015;0.993;70.408;
11;2025-11-28;1;2.689;1.0;1.015;0.827;2.258;
11;2025-11-28;2;0.0;1.0;1.015;1.0;0.0;
11;2025-11-28;3;0.0;1.0;1.015;1.0;0.0;
11;2025-11-28;4;0.0;1.0;1.015;1.0;0.0;
11;2025-11-28;5;264.551;1.0;1.015;0.999;268.243;
11;2025-11-28;6;1225.102;1.0;1.015;1.0;1244.115;
11;2025-11-28;7;2189.947;1.0;1.015;1.0;2223.773;
11;2025-11-28;8;2937.192;1.0;1.015;1.0;2981.69;
11;2025-11-28;9;2192.825;1.0;1.015;1.0;2226.054;
11;2025-11-28;10;1775.579;1.0;1.015;1.0;1802.483;
11;2025-11-28;11;1720.141;1.0;1.015;1.0;1746.374;
11;2025-11-28;12;1756.451;1.0;1.015;1.0;1783.474;
11;2025-11-28;13;1808.981;1.0;1.015;1.0;1836.969;
11;2025-11-28;14;1928.015;1.0;1.015;1.0;1957.724;
11;2025-11-28;15;2065.741;1.0;1.015;1.0;2097.304;
11;2025-11-28;16;2268.417;1.0;1.015;1.0;2302.748;
11;2025-11-28;17;2758.593;1.0;1.015;1.0;2800.995;
11;2025-11-28;18;2348.351;1.0;1.015;1.0;2384.321;
11;2025-11-28;19;1858.92;1.0;1.015;1.0;1887.173;
11;2025-11-28;20;1309.996;1.0;1.015;1.0;1330.37;
11;2025-11-28;21;828.691;1.0;1.015;1.0;841.386;
11;2025-11-28;22;425.553;1.0;1.015;1.001;432.307;
11;2025-11-28;23;289.916;1.0;1.015;0.999;294.11;
11;2025-11-29;0;108.633;1.0;1.015;1.004;110.737;
11;2025-11-29;1;1.921;1.0;1.015;0.82;1.6;
11;2025-11-29;2;0.0;1.0;1.015;1.0;0.0;
11;2025-11-29;3;0.0;1.0;1.015;1.0;0.0;
11;2025-11-29;4;0.0;1.0;1.015;1.0;0.0;
11;2025-11-29;5;204.685;1.0;1.015;1.003;208.355;
11;2025-11-29;6;825.887;1.0;1.015;1.0;838.342;
11;2025-11-29;7;765.109;1.0;1.015;1.0;776.464;
11;2025-11-29;8;1055.761;1.0;1.015;1.0;1072.4;
11;2025-11-29;9;1210.088;1.0;1.015;1.0;1228.14;
11;2025-11-29;10;1354.602;1.0;1.015;1.0;1375.031;
11;2025-11-29;11;1758.759;1.0;1.015;1.0;1785.68;
11;2025-11-29;12;1968.689;1.0;1.015;1.0;1999.072;
11;2025-11-29;13;1860.909;1.0;1.015;1.0;1888.955;
11;2025-11-29;14;1963.787;1.0;1.015;1.0;1993.481;
11;2025-11-29;15;1877.603;1.0;1.015;1.0;1906.663;
11;2025-11-29;16;1880.481;1.0;1.015;1.0;1909.358;
11;2025-11-29;17;1916.388;1.0;1.015;1.0;1945.941;
11;2025-11-29;18;1613.51;1.0;1.015;1.0;1638.175;
11;2025-11-29;19;1545.48;1.0;1.015;1.0;1569.11;
11;2025-11-29;20;1117.521;1.0;1.015;1.0;1134.494;
11;2025-11-29;21;787.808;1.0;1.015;1.0;799.502;
11;2025-11-29;22;462.935;1.0;1.015;1.0;470.113;
11;2025-11-29;23;310.944;1.0;1.015;1.002;316.173;
11;2025-11-30;0;110.817;1.0;1.015;0.999;112.444;
11;2025-11-30;1;15.418;1.0;1.015;0.985;15.421;
11;2025-11-30;2;0.0;1.0;1.015;1.0;0.0;
11;2025-11-30;3;0.0;1.0;1.015;1.0;0.0;
11;2025-11-30;4;0.0;1.0;1.015;1.0;0.0;
11;2025-11-30;5;118.149;1.0;1.015;1.002;120.21;
11;2025-11-30;6;507.219;1.0;1.015;0.999;514.567;
11;2025-11-30;7;518.749;1.0;1.015;1.0;526.673;
11;2025-11-30;8;669.395;1.0;1.015;1.0;679.963;
11;2025-11-30;9;913.412;1.0;1.015;1.0;927.149;
11;2025-11-30;10;1024.484;1.0;1.015;1.0;1040.01;
11;2025-11-30;11;1465.064;1.0;1.015;1.0;1487.037;
11;2025-11-30;12;1601.201;1.0;1.015;1.0;1625.245;
11;2025-11-30;13;1543.298;1.0;1.015;1.0;1566.423;
11;2025-11-30;14;1626.568;1.0;1.015;1.0;1651.541;
11;2025-11-30;15;1650.632;1.0;1.015;1.0;1675.327;
11;2025-11-30;16;1565.98;1.0;1.015;1.0;1590.457;
11;2025-11-30;17;1671.485;1.0;1.015;1.0;1696.547;
11;2025-11-30;18;1323.631;1.0;1.015;1.0;1343.652;
11;2025-11-30;19;1082.407;1.0;1.015;1.0;1099.513;
11;2025-11-30;20;863.686;1.0;1.015;1.0;876.847;
11;2025-11-30;21;635.405;1.0;1.015;1.0;645.29;
11;2025-11-30;22;367.333;1.0;1.015;1.0;372.949;
11;2025-11-30;23;245.667;1.0;1.015;0.998;248.856;
11;2025-12-01;0;66.179;1.0;1.015;1.0;67.185;
11;2025-12-01;1;3.113;1.0;1.015;0.907;2.867;
11;2025-12-01;2;0.0;1.0;1.015;1.0;0.0;
11;2025-12-01;3;0.0;1.0;1.015;1.0;0.0;
11;2025-12-01;4;0.387;1.0;1.015;0.0;0.0;
11;2025-12-01;5;283.591;1.0;1.015;0.999;287.731;
11;2025-12-01;6;1334.997;1.0;1.015;1.0;1355.024;
11;2025-12-01;7;2444.253;1.0;1.015;1.0;2481.366;
11;2025-12-01;8;3208.797;1.0;1.015;1.0;3258.107;
11;2025-12-01;9;2452.688;1.0;1.015;1.0;2489.787;
11;2025-12-01;10;1939.789;1.0;1.015;1.0;1969.843;
11;2025-12-01;11;1876.777;1.0;1.015;1.0;1905.004;
11;2025-12-01;12;1891.777;1.0;1.015;1.0;1920.475;
11;2025-12-01;13;2039.907;1.0;1.015;1.0;2070.937;
11;2025-12-01;14;1996.274;1.0;1.015;1.0;2027.144;
11;2025-12-01;15;2048.528;1.0;1.015;1.0;2079.358;
11;2025-12-01;16;2257.632;1.0;1.015;1.0;2292.609;
11;2025-12-01;17;2833.473;1.0;1.015;1.0;2876.743;
11;2025-12-01;18;3148.158;1.0;1.015;1.0;3196.031;
11;2025-12-01;19;2305.622;1.0;1.015;1.0;2340.613;
11;2025-12-01;20;1482.153;1.0;1.015;1.0;1504.598;
11;2025-12-01;21;872.893;1.0;1.015;1.0;885.94;
11;2025-12-01;22;433.574;1.0;1.015;1.001;440.655;
11;2025-12-01;23;234.436;1.0;1.015;1.002;238.464;
11;2025-12-02;0;66.179;1.0;1.015;1.0;67.185;
11;2025-12-02;1;3.113;1.0;1.015;0.907;2.867;
11;2025-12-02;2;0.0;1.0;1.015;1.0;0.0;
11;2025-12-02;3;0.0;1.0;1.015;1.0;0.0;
11;2025-12-02;4;0.387;1.0;1.015;0.0;0.0;
11;2025-12-02;5;283.591;1.0;1.015;0.999;287.731;
11;2025-12-02;6;1334.997;1.0;1.015;1.0;1355.024;
11;2025-12-02;7;2444.253;1.0;1.015;1.0;2481.366;
11;2025-12-02;8;3208.797;1.0;1.015;1.0;3258.107;
11;2025-12-02;9;2452.688;1.0;1.015;1.0;2489.787;
11;2025-12-02;10;1939.789;1.0;1.015;1.0;1969.843;
11;2025-12-02;11;1876.777;1.0;1.015;1.0;1905.004;
11;2025-12-02;12;1891.777;1.0;1.015;1.0;1920.475;
11;2025-12-02;13;2039.907;1.0;1.015;1.0;2070.937;
11;2025-12-02;14;1996.274;1.0;1.015;1.0;2027.144;
11;2025-12-02;15;2048.528;1.0;1.015;1.0;2079.358;
11;2025-12-02;16;2257.632;1.0;1.015;1.0;2292.609;
11;2025-12-02;17;2833.473;1.0;1.015;1.0;2876.743;
11;2025-12-02;18;3148.158;1.0;1.015;1.0;3196.031;
11;2025-12-02;19;2305.622;1.0;1.015;1.0;2340.613;
11;2025-12-02;20;1482.153;1.0;1.015;1.0;1504.598;
11;2025-12-02;21;872.893;1.0;1.015;1.0;885.94;
11;2025-12-02;22;433.574;1.0;1.015;1.001;440.655;
11;2025-12-02;23;234.436;1.0;1.015;1.002;238.464;
11;2025-12-03;0;66.179;1.0;1.015;1.0;67.185;
11;2025-12-03;1;3.113;1.0;1.015;0.907;2.867;
11;2025-12-03;2;0.0;1.0;1.015;1.0;0.0;
11;2025-12-03;3;0.0;1.0;1.015;1.0;0.0;
11;2025-12-03;4;0.387;1.0;1.015;0.0;0.0;
11;2025-12-03;5;283.591;1.0;1.015;0.999;287.731;
11;2025-12-03;6;1334.997;1.0;1.015;1.0;1355.024;
11;2025-12-03;7;2444.253;1.0;1.015;1.0;2481.366;
11;2025-12-03;8;3208.797;1.0;1.015;1.0;3258.107;
11;2025-12-03;9;2452.688;1.0;1.015;1.0;2489.787;
11;2025-12-03;10;1939.789;1.0;1.015;1.0;1969.843;
11;2025-12-03;11;1876.777;1.0;1.015;1.0;1905.004;
11;2025-12-03;12;1891.777;1.0;1.015;1.0;1920.475;
11;2025-12-03;13;2039.907;1.0;1.015;1.0;2070.937;
11;2025-12-03;14;1996.274;1.0;1.015;1.0;2027.144;
11;2025-12-03;15;2048.528;1.0;1.015;1.0;2079.358;
11;2025-12-03;16;2257.632;1.0;1.015;1.0;2292.609;
11;2025-12-03;17;2833.473;1.0;1.015;1.0;2876.743;
11;2025-12-03;18;3148.158;1.0;1.015;1.0;3196.031;
11;2025-12-03;19;2305.622;1.0;1.015;1.0;2340.613;
11;2025-12-03;20;1482.153;1.0;1.015;1.0;1504.598;
11;2025-12-03;21;872.893;1.0;1.015;1.0;885.94;
11;2025-12-03;22;433.574;1.0;1.015;1.001;440.655;
11;2025-12-03;23;234.436;1.0;1.015;1.002;238.464;
11;2025-12-04;0;66.179;1.0;1.015;1.0;67.185;
11;2025-12-04;1;3.113;1.0;1.015;0.907;2.867;
11;2025-12-04;2;0.0;1.0;1.015;1.0;0.0;
11;2025-12-04;3;0.0;1.0;1.015;1.0;0.0;
11;2025-12-04;4;0.387;1.0;1.015;0.0;0.0;
11;2025-12-04;5;283.591;1.0;1.015;0.999;287.731;
11;2025-12-04;6;1334.997;1.0;1.015;1.0;1355.024;
11;2025-12-04;7;2444.253;1.0;1.015;1.0;2481.366;
11;2025-12-04;8;3208.797;1.0;1.015;1.0;3258.107;
11;2025-12-04;9;2452.688;1.0;1.015;1.0;2489.787;
11;2025-12-04;10;1939.789;1.0;1.015;1.0;1969.843;
11;2025-12-04;11;1876.777;1.0;1.015;1.0;1905.004;
11;2025-12-04;12;1891.777;1.0;1.015;1.0;1920.475;
11;2025-12-04;13;2039.907;1.0;1.015;1.0;2070.937;
11;2025-12-04;14;1996.274;1.0;1.015;1.0;2027.144;
11;2025-12-04;15;2048.528;1.0;1.015;1.0;2079.358;
11;2025-12-04;16;2257.632;1.0;1.015;1.0;2292.609;
11;2025-12-04;17;2833.473;1.0;1.015;1.0;2876.743;
11;2025-12-04;18;3148.158;1.0;1.015;1.0;3196.031;
11;2025-12-04;19;2305.622;1.0;1.015;1.0;2340.613;
11;2025-12-04;20;1482.153;1.0;1.015;1.0;1504.598;
11;2025-12-04;21;872.893;1.0;1.015;1.0;885.94;
11;2025-12-04;22;433.574;1.0;1.015;1.001;440.655;
11;2025-12-04;23;234.436;1.0;1.015;1.002;238.464;
11;2025-12-05;0;69.848;1.0;1.015;0.993;70.408;
11;2025-12-05;1;2.689;1.0;1.015;0.827;2.258;
11;2025-12-05;2;0.0;1.0;1.015;1.0;0.0;
11;2025-12-05;3;0.0;1.0;1.015;1.0;0.0;
11;2025-12-05;4;0.0;1.0;1.015;1.0;0.0;
11;2025-12-05;5;264.551;1.0;1.015;0.999;268.243;
11;2025-12-05;6;1225.102;1.0;1.015;1.0;1244.115;
11;2025-12-05;7;2189.947;1.0;1.015;1.0;2223.773;
11;2025-12-05;8;2937.192;1.0;1.015;1.0;2981.69;
11;2025-12-05;9;2192.825;1.0;1.015;1.0;2226.054;
11;2025-12-05;10;1775.579;1.0;1.015;1.0;1802.483;
11;2025-12-05;11;1720.141;1.0;1.015;1.0;1746.374;
11;2025-12-05;12;1756.451;1.0;1.015;1.0;1783.474;
11;2025-12-05;13;1808.981;1.0;1.015;1.0;1836.969;
11;2025-12-05;14;1928.015;1.0;1.015;1.0;1957.724;
11;2025-12-05;15;2065.741;1.0;1.015;1.0;2097.304;
11;2025-12-05;16;2268.417;1.0;1.015;1.0;2302.748;
11;2025-12-05;17;2758.593;1.0;1.015;1.0;2800.995;
11;2025-12-05;18;2348.351;1.0;1.015;1.0;2384.321;
11;2025-12-05;19;1858.92;1.0;1.015;1.0;1887.173;
11;2025-12-05;20;1309.996;1.0;1.015;1.0;1330.37;
11;2025-12-05;21;828.691;1.0;1.015;1.0;841.386;
11;2025-12-05;22;425.553;1.0;1.015;1.001;432.307;
11;2025-12-05;23;289.916;1.0;1.015;0.999;294.11;
11;2025-12-06;0;108.633;1.0;1.015;1.004;110.737;
11;2025-12-06;1;1.921;1.0;1.015;0.82;1.6;
11;2025-12-06;2;0.0;1.0;1.015;1.0;0.0;
11;2025-12-06;3;0.0;1.0;1.015;1.0;0.0;
11;2025-12-06;4;0.0;1.0;1.015;1.0;0.0;
11;2025-12-06;5;204.685;1.0;1.015;1.003;208.355;
11;2025-12-06;6;825.887;1.0;1.015;1.0;838.342;
11;2025-12-06;7;765.109;1.0;1.015;1.0;776.464;
11;2025-12-06;8;1055.761;1.0;1.015;1.0;1072.4;
11;2025-12-06;9;1210.088;1.0;1.015;1.0;1228.14;
11;2025-12-06;10;1354.602;1.0;1.015;1.0;1375.031;
11;2025-12-06;11;1758.759;1.0;1.015;1.0;1785.68;
11;2025-12-06;12;1968.689;1.0;1.015;1.0;1999.072;
11;2025-12-06;13;1860.909;1.0;1.015;1.0;1888.955;
11;2025-12-06;14;1963.787;1.0;1.015;1.0;1993.481;
11;2025-12-06;15;1877.603;1.0;1.015;1.0;1906.663;
11;2025-12-06;16;1880.481;1.0;1.015;1.0;1909.358;
11;2025-12-06;17;1916.388;1.0;1.015;1.0;1945.941;
11;2025-12-06;18;1613.51;1.0;1.015;1.0;1638.175;
11;2025-12-06;19;1545.48;1.0;1.015;1.0;1569.11;
11;2025-12-06;20;1117.521;1.0;1.015;1.0;1134.494;
11;2025-12-06;21;787.808;1.0;1.015;1.0;799.502;
11;2025-12-06;22;462.935;1.0;1.015;1.0;470.113;
11;2025-12-06;23;310.944;1.0;1.015;1.002;316.173;
11;2025-12-07;0;110.817;1.0;1.015;0.999;112.444;
11;2025-12-07;1;15.418;1.0;1.015;0.985;15.421;
11;2025-12-07;2;0.0;1.0;1.015;1.0;0.0;
11;2025-12-07;3;0.0;1.0;1.015;1.0;0.0;
11;2025-12-07;4;0.0;1.0;1.015;1.0;0.0;
11;2025-12-07;5;118.149;1.0;1.015;1.002;120.21;
11;2025-12-07;6;507.219;1.0;1.015;0.999;514.567;
11;2025-12-07;7;518.749;1.0;1.015;1.0;526.673;
11;2025-12-07;8;669.395;1.0;1.015;1.0;679.963;
11;2025-12-07;9;913.412;1.0;1.015;1.0;927.149;
11;2025-12-07;10;1024.484;1.0;1.015;1.0;1040.01;
11;2025-12-07;11;1465.064;1.0;1.015;1.0;1487.037;
11;2025-12-07;12;1601.201;1.0;1.015;1.0;1625.245;
11;2025-12-07;13;1543.298;1.0;1.015;1.0;1566.423;
11;2025-12-07;14;1626.568;1.0;1.015;1.0;1651.541;
11;2025-12-07;15;1650.632;1.0;1.015;1.0;1675.327;
11;2025-12-07;16;1565.98;1.0;1.015;1.0;1590.457;
11;2025-12-07;17;1671.485;1.0;1.015;1.0;1696.547;
11;2025-12-07;18;1323.631;1.0;1.015;1.0;1343.652;
11;2025-12-07;19;1082.407;1.0;1.015;1.0;1099.513;
11;2025-12-07;20;863.686;1.0;1.015;1.0;876.847;
11;2025-12-07;21;635.405;1.0;1.015;1.0;645.29;
11;2025-12-07;22;367.333;1.0;1.015;1.0;372.949;
11;2025-12-07;23;245.667;1.0;1.015;0.998;248.856;
11;2025-12-08;0;66.179;1.0;1.015;1.0;67.185;
11;2025-12-08;1;3.113;1.0;1.015;0.907;2.867;
11;2025-12-08;2;0.0;1.0;1.015;1.0;0.0;
11;2025-12-08;3;0.0;1.0;1.015;1.0;0.0;
11;2025-12-08;4;0.387;1.0;1.015;0.0;0.0;
11;2025-12-08;5;283.591;1.0;1.015;0.999;287.731;
11;2025-12-08;6;1334.997;1.0;1.015;1.0;1355.024;
11;2025-12-08;7;2444.253;1.0;1.015;1.0;2481.366;
11;2025-12-08;8;3208.797;1.0;1.015;1.0;3258.107;
11;2025-12-08;9;2452.688;1.0;1.015;1.0;2489.787;
11;2025-12-08;10;1939.789;1.0;1.015;1.0;1969.843;
11;2025-12-08;11;1876.777;1.0;1.015;1.0;1905.004;
11;2025-12-08;12;1891.777;1.0;1.015;1.0;1920.475;
11;2025-12-08;13;2039.907;1.0;1.015;1.0;2070.937;
11;2025-12-08;14;1996.274;1.0;1.015;1.0;2027.144;
11;2025-12-08;15;2048.528;1.0;1.015;1.0;2079.358;
11;2025-12-08;16;2257.632;1.0;1.015;1.0;2292.609;
11;2025-12-08;17;2833.473;1.0;1.015;1.0;2876.743;
11;2025-12-08;18;3148.158;1.0;1.015;1.0;3196.031;
11;2025-12-08;19;2305.622;1.0;1.015;1.0;2340.613;
11;2025-12-08;20;1482.153;1.0;1.015;1.0;1504.598;
11;2025-12-08;21;872.893;1.0;1.015;1.0;885.94;
11;2025-12-08;22;433.574;1.0;1.015;1.001;440.655;
11;2025-12-08;23;234.436;1.0;1.015;1.002;238.464;
11;2025-12-09;0;66.179;1.0;1.015;1.0;67.185;
11;2025-12-09;1;3.113;1.0;1.015;0.907;2.867;
11;2025-12-09;2;0.0;1.0;1.015;1.0;0.0;
11;2025-12-09;3;0.0;1.0;1.015;1.0;0.0;
11;2025-12-09;4;0.387;1.0;1.015;0.0;0.0;
11;2025-12-09;5;283.591;1.0;1.015;0.999;287.731;
11;2025-12-09;6;1334.997;1.0;1.015;1.0;1355.024;
11;2025-12-09;7;2444.253;1.0;1.015;1.0;2481.366;
11;2025-12-09;8;3208.797;1.0;1.015;1.0;3258.107;
11;2025-12-09;9;2452.688;1.0;1.015;1.0;2489.787;
11;2025-12-09;10;1939.789;1.0;1.015;1.0;1969.843;
11;2025-12-09;11;1876.777;1.0;1.015;1.0;1905.004;
11;2025-12-09;12;1891.777;1.0;1.015;1.0;1920.475;
11;2025-12-09;13;2039.907;1.0;1.015;1.0;2070.937;
11;2025-12-09;14;1996.274;1.0;1.015;1.0;2027.144;
11;2025-12-09;15;2048.528;1.0;1.015;1.0;2079.358;
11;2025-12-09;16;2257.632;1.0;1.015;1.0;2292.609;
11;2025-12-09;17;2833.473;1.0;1.015;1.0;2876.743;
11;2025-12-09;18;3148.158;1.0;1.015;1.0;3196.031;
11;2025-12-09;19;2305.622;1.0;1.015;1.0;2340.613;
11;2025-12-09;20;1482.153;1.0;1.015;1.0;1504.598;
11;2025-12-09;21;872.893;1.0;1.015;1.0;885.94;
11;2025-12-09;22;433.574;1.0;1.015;1.001;440.655;
11;2025-12-09;23;234.436;1.0;1.015;1.002;238.464;
11;2025-12-10;0;66.179;1.0;1.006;1.0;66.597;
11;2025-12-10;1;3.113;1.0;1.006;0.907;2.842;
11;2025-12-10;2;0.0;1.0;1.006;1.0;0.0;
11;2025-12-10;3;0.0;1.0;1.006;1.0;0.0;
11;2025-12-10;4;0.387;1.0;1.006;0.0;0.0;
11;2025-12-10;5;283.591;1.0;1.006;0.999;285.21;
11;2025-12-10;6;1334.997;1.0;1.006;1.0;1343.152;
11;2025-12-10;7;2444.253;1.0;1.006;1.0;2459.626;
11;2025-12-10;8;3208.797;1.0;1.006;1.0;3229.562;
11;2025-12-10;9;2452.688;1.0;1.006;1.0;2467.973;
11;2025-12-10;10;1939.789;1.0;1.006;1.0;1952.584;
11;2025-12-10;11;1876.777;1.0;1.006;1.0;1888.313;
11;2025-12-10;12;1891.777;1.0;1.006;1.0;1903.649;
11;2025-12-10;13;2039.907;1.0;1.006;1.0;2052.793;
11;2025-12-10;14;1996.274;1.0;1.006;1.0;2009.383;
11;2025-12-10;15;2048.528;1.0;1.006;1.0;2061.14;
11;2025-12-10;16;2257.632;1.0;1.006;1.0;2272.522;
11;2025-12-10;17;2833.473;1.0;1.006;1.0;2851.539;
11;2025-12-10;18;3148.158;1.0;1.006;1.0;3168.03;
11;2025-12-10;19;2305.622;1.0;1.006;1.0;2320.106;
11;2025-12-10;20;1482.153;1.0;1.006;1.0;1491.415;
11;2025-12-10;21;872.893;1.0;1.006;1.0;878.178;
11;2025-12-10;22;433.574;1.0;1.006;1.001;436.794;
11;2025-12-10;23;234.436;1.0;1.006;1.002;236.375;
11;2025-12-11;0;66.179;1.0;0.971;1.0;64.223;
11;2025-12-11;1;3.113;1.0;0.971;0.907;2.74;
11;2025-12-11;2;0.0;1.0;0.971;1.0;0.0;
11;2025-12-11;3;0.0;1.0;0.971;1.0;0.0;
11;2025-12-11;4;0.387;1.0;0.971;0.0;0.0;
11;2025-12-11;5;283.591;1.0;0.971;0.999;275.043;
11;2025-12-11;6;1334.997;1.0;0.971;1.0;1295.27;
11;2025-12-11;7;2444.253;1.0;0.971;1.0;2371.943;
11;2025-12-11;8;3208.797;1.0;0.971;1.0;3114.431;
11;2025-12-11;9;2452.688;1.0;0.971;1.0;2379.992;
11;2025-12-11;10;1939.789;1.0;0.971;1.0;1882.977;
11;2025-12-11;11;1876.777;1.0;0.971;1.0;1820.997;
11;2025-12-11;12;1891.777;1.0;0.971;1.0;1835.786;
11;2025-12-11;13;2039.907;1.0;0.971;1.0;1979.613;
11;2025-12-11;14;1996.274;1.0;0.971;1.0;1937.75;
11;2025-12-11;15;2048.528;1.0;0.971;1.0;1987.663;
11;2025-12-11;16;2257.632;1.0;0.971;1.0;2191.509;
11;2025-12-11;17;2833.473;1.0;0.971;1.0;2749.884;
11;2025-12-11;18;3148.158;1.0;0.971;1.0;3055.092;
11;2025-12-11;19;2305.622;1.0;0.971;1.0;2237.397;
11;2025-12-11;20;1482.153;1.0;0.971;1.0;1438.248;
11;2025-12-11;21;872.893;1.0;0.971;1.0;846.872;
11;2025-12-11;22;433.574;1.0;0.971;1.001;421.223;
11;2025-12-11;23;234.436;1.0;0.971;1.002;227.948;
11;2025-12-12;0;69.848;1.0;0.978;0.993;67.823;
11;2025-12-12;1;2.689;1.0;0.978;0.827;2.175;
11;2025-12-12;2;0.0;1.0;0.978;1.0;0.0;
11;2025-12-12;3;0.0;1.0;0.978;1.0;0.0;
11;2025-12-12;4;0.0;1.0;0.978;1.0;0.0;
11;2025-12-12;5;264.551;1.0;0.978;0.999;258.396;
11;2025-12-12;6;1225.102;1.0;0.978;1.0;1198.444;
11;2025-12-12;7;2189.947;1.0;0.978;1.0;2142.14;
11;2025-12-12;8;2937.192;1.0;0.978;1.0;2872.234;
11;2025-12-12;9;2192.825;1.0;0.978;1.0;2144.337;
11;2025-12-12;10;1775.579;1.0;0.978;1.0;1736.315;
11;2025-12-12;11;1720.141;1.0;0.978;1.0;1682.266;
11;2025-12-12;12;1756.451;1.0;0.978;1.0;1718.004;
11;2025-12-12;13;1808.981;1.0;0.978;1.0;1769.535;
11;2025-12-12;14;1928.015;1.0;0.978;1.0;1885.857;
11;2025-12-12;15;2065.741;1.0;0.978;1.0;2020.314;
11;2025-12-12;16;2268.417;1.0;0.978;1.0;2218.216;
11;2025-12-12;17;2758.593;1.0;0.978;1.0;2698.173;
11;2025-12-12;18;2348.351;1.0;0.978;1.0;2296.794;
11;2025-12-12;19;1858.92;1.0;0.978;1.0;1817.896;
11;2025-12-12;20;1309.996;1.0;0.978;1.0;1281.533;
11;2025-12-12;21;828.691;1.0;0.978;1.0;810.499;
11;2025-12-12;22;425.553;1.0;0.978;1.001;416.438;
11;2025-12-12;23;289.916;1.0;0.978;0.999;283.314;
11;2025-12-13;0;108.633;1.0;1.011;1.004;110.25;
11;2025-12-13;1;1.921;1.0;1.011;0.82;1.593;
11;2025-12-13;2;0.0;1.0;1.011;1.0;0.0;
11;2025-12-13;3;0.0;1.0;1.011;1.0;0.0;
11;2025-12-13;4;0.0;1.0;1.011;1.0;0.0;
11;2025-12-13;5;204.685;1.0;1.011;1.003;207.44;
11;2025-12-13;6;825.887;1.0;1.011;1.0;834.661;
11;2025-12-13;7;765.109;1.0;1.011;1.0;773.055;
11;2025-12-13;8;1055.761;1.0;1.011;1.0;1067.692;
11;2025-12-13;9;1210.088;1.0;1.011;1.0;1222.748;
11;2025-12-13;10;1354.602;1.0;1.011;1.0;1368.994;
11;2025-12-13;11;1758.759;1.0;1.011;1.0;1777.841;
11;2025-12-13;12;1968.689;1.0;1.011;1.0;1990.296;
11;2025-12-13;13;1860.909;1.0;1.011;1.0;1880.662;
11;2025-12-13;14;1963.787;1.0;1.011;1.0;1984.729;
11;2025-12-13;15;1877.603;1.0;1.011;1.0;1898.292;
11;2025-12-13;16;1880.481;1.0;1.011;1.0;1900.975;
11;2025-12-13;17;1916.388;1.0;1.011;1.0;1937.398;
11;2025-12-13;18;1613.51;1.0;1.011;1.0;1630.983;
11;2025-12-13;19;1545.48;1.0;1.011;1.0;1562.221;
11;2025-12-13;20;1117.521;1.0;1.011;1.0;1129.513;
11;2025-12-13;21;787.808;1.0;1.011;1.0;795.992;
11;2025-12-13;22;462.935;1.0;1.011;1.0;468.049;
11;2025-12-13;23;310.944;1.0;1.011;1.002;314.785;
11;2025-12-14;0;110.817;1.0;1.014;0.999;112.32;
11;2025-12-14;1;15.418;1.0;1.014;0.985;15.404;
11;2025-12-14;2;0.0;1.0;1.014;1.0;0.0;
11;2025-12-14;3;0.0;1.0;1.014;1.0;0.0;
11;2025-12-14;4;0.0;1.0;1.014;1.0;0.0;
11;2025-12-14;5;118.149;1.0;1.014;1.002;120.078;
11;2025-12-14;6;507.219;1.0;1.014;0.999;514.001;
11;2025-12-14;7;518.749;1.0;1.014;1.0;526.094;
11;2025-12-14;8;669.395;1.0;1.014;1.0;679.216;
11;2025-12-14;9;913.412;1.0;1.014;1.0;926.13;
11;2025-12-14;10;1024.484;1.0;1.014;1.0;1038.867;
11;2025-12-14;11;1465.064;1.0;1.014;1.0;1485.403;
11;2025-12-14;12;1601.201;1.0;1.014;1.0;1623.459;
11;2025-12-14;13;1543.298;1.0;1.014;1.0;1564.701;
11;2025-12-14;14;1626.568;1.0;1.014;1.0;1649.726;
11;2025-12-14;15;1650.632;1.0;1.014;1.0;1673.486;
11;2025-12-14;16;1565.98;1.0;1.014;1.0;1588.708;
11;2025-12-14;17;1671.485;1.0;1.014;1.0;1694.682;
11;2025-12-14;18;1323.631;1.0;1.014;1.0;1342.175;
11;2025-12-14;19;1082.407;1.0;1.014;1.0;1098.304;
11;2025-12-14;20;863.686;1.0;1.014;1.0;875.883;
11;2025-12-14;21;635.405;1.0;1.014;1.0;644.581;
11;2025-12-14;22;367.333;1.0;1.014;1.0;372.539;
11;2025-12-14;23;245.667;1.0;1.014;0.998;248.582;
11;2025-12-15;0;66.179;1.0;1.014;1.0;67.111;
11;2025-12-15;1;3.113;1.0;1.014;0.907;2.864;
11;2025-12-15;2;0.0;1.0;1.014;1.0;0.0;
11;2025-12-15;3;0.0;1.0;1.014;1.0;0.0;
11;2025-12-15;4;0.387;1.0;1.014;0.0;0.0;
11;2025-12-15;5;283.591;1.0;1.014;0.999;287.415;
11;2025-12-15;6;1334.997;1.0;1.014;1.0;1353.534;
11;2025-12-15;7;2444.253;1.0;1.014;1.0;2478.638;
11;2025-12-15;8;3208.797;1.0;1.014;1.0;3254.525;
11;2025-12-15;9;2452.688;1.0;1.014;1.0;2487.05;
11;2025-12-15;10;1939.789;1.0;1.014;1.0;1967.677;
11;2025-12-15;11;1876.777;1.0;1.014;1.0;1902.91;
11;2025-12-15;12;1891.777;1.0;1.014;1.0;1918.364;
11;2025-12-15;13;2039.907;1.0;1.014;1.0;2068.66;
11;2025-12-15;14;1996.274;1.0;1.014;1.0;2024.915;
11;2025-12-15;15;2048.528;1.0;1.014;1.0;2077.072;
11;2025-12-15;16;2257.632;1.0;1.014;1.0;2290.088;
11;2025-12-15;17;2833.473;1.0;1.014;1.0;2873.58;
11;2025-12-15;18;3148.158;1.0;1.014;1.0;3192.518;
11;2025-12-15;19;2305.622;1.0;1.014;1.0;2338.04;
11;2025-12-15;20;1482.153;1.0;1.014;1.0;1502.944;
11;2025-12-15;21;872.893;1.0;1.014;1.0;884.966;
11;2025-12-15;22;433.574;1.0;1.014;1.001;440.171;
11;2025-12-15;23;234.436;1.0;1.014;1.002;238.202;
11;2025-12-16;0;66.179;1.0;1.0;1.0;66.159;
11;2025-12-16;1;3.113;1.0;1.0;0.907;2.823;
11;2025-12-16;2;0.0;1.0;1.0;1.0;0.0;
11;2025-12-16;3;0.0;1.0;1.0;1.0;0.0;
11;2025-12-16;4;0.387;1.0;1.0;0.0;0.0;
11;2025-12-16;5;283.591;1.0;1.0;0.999;283.334;
11;2025-12-16;6;1334.997;1.0;1.0;1.0;1334.316;
11;2025-12-16;7;2444.253;1.0;1.0;1.0;2443.446;
11;2025-12-16;8;3208.797;1.0;1.0;1.0;3208.317;
11;2025-12-16;9;2452.688;1.0;1.0;1.0;2451.738;
11;2025-12-16;10;1939.789;1.0;1.0;1.0;1939.74;
11;2025-12-16;11;1876.777;1.0;1.0;1.0;1875.892;
11;2025-12-16;12;1891.777;1.0;1.0;1.0;1891.126;
11;2025-12-16;13;2039.907;1.0;1.0;1.0;2039.289;
11;2025-12-16;14;1996.274;1.0;1.0;1.0;1996.165;
11;2025-12-16;15;2048.528;1.0;1.0;1.0;2047.582;
11;2025-12-16;16;2257.632;1.0;1.0;1.0;2257.573;
11;2025-12-16;17;2833.473;1.0;1.0;1.0;2832.78;
11;2025-12-16;18;3148.158;1.0;1.0;1.0;3147.19;
11;2025-12-16;19;2305.622;1.0;1.0;1.0;2304.844;
11;2025-12-16;20;1482.153;1.0;1.0;1.0;1481.604;
11;2025-12-16;21;872.893;1.0;1.0;1.0;872.401;
11;2025-12-16;22;433.574;1.0;1.0;1.001;433.921;
11;2025-12-16;23;234.436;1.0;1.0;1.002;234.82;
11;2025-12-17;0;66.179;1.0;1.015;1.0;67.185;
11;2025-12-17;1;3.113;1.0;1.015;0.907;2.867;
11;2025-12-17;2;0.0;1.0;1.015;1.0;0.0;
11;2025-12-17;3;0.0;1.0;1.015;1.0;0.0;
11;2025-12-17;4;0.387;1.0;1.015;0.0;0.0;
11;2025-12-17;5;283.591;1.0;1.015;0.999;287.731;
11;2025-12-17;6;1334.997;1.0;1.015;1.0;1355.024;
11;2025-12-17;7;2444.253;1.0;1.015;1.0;2481.366;
11;2025-12-17;8;3208.797;1.0;1.015;1.0;3258.107;
11;2025-12-17;9;2452.688;1.0;1.015;1.0;2489.787;
11;2025-12-17;10;1939.789;1.0;1.015;1.0;1969.843;
11;2025-12-17;11;1876.777;1.0;1.015;1.0;1905.004;
11;2025-12-17;12;1891.777;1.0;1.015;1.0;1920.475;
11;2025-12-17;13;2039.907;1.0;1.015;1.0;2070.937;
11;2025-12-17;14;1996.274;1.0;1.015;1.0;2027.144;
11;2025-12-17;15;2048.528;1.0;1.015;1.0;2079.358;
11;2025-12-17;16;2257.632;1.0;1.015;1.0;2292.609;
11;2025-12-17;17;2833.473;1.0;1.015;1.0;2876.743;
11;2025-12-17;18;3148.158;1.0;1.015;1.0;3196.031;
11;2025-12-17;19;2305.622;1.0;1.015;1.0;2340.613;
11;2025-12-17;20;1482.153;1.0;1.015;1.0;1504.598;
11;2025-12-17;21;872.893;1.0;1.015;1.0;885.94;
11;2025-12-17;22;433.574;1.0;1.015;1.001;440.655;
11;2025-12-17;23;234.436;1.0;1.015;1.002;238.464;
11;2025-12-18;0;66.179;1.0;1.015;1.0;67.185;
11;2025-12-18;1;3.113;1.0;1.015;0.907;2.867;
11;2025-12-18;2;0.0;1.0;1.015;1.0;0.0;
11;2025-12-18;3;0.0;1.0;1.015;1.0;0.0;
11;2025-12-18;4;0.387;1.0;1.015;0.0;0.0;
11;2025-12-18;5;283.591;1.0;1.015;0.999;287.731;
11;2025-12-18;6;1334.997;1.0;1.015;1.0;1355.024;
11;2025-12-18;7;2444.253;1.0;1.015;1.0;2481.366;
11;2025-12-18;8;3208.797;1.0;1.015;1.0;3258.107;
11;2025-12-18;9;2452.688;1.0;1.015;1.0;2489.787;
11;2025-12-18;10;1939.789;1.0;1.015;1.0;1969.843;
11;2025-12-18;11;1876.777;1.0;1.015;1.0;1905.004;
11;2025-12-18;12;1891.777;1.0;1.015;1.0;1920.475;
11;2025-12-18;13;2039.907;1.0;1.015;1.0;2070.937;
11;2025-12-18;14;1996.274;1.0;1.015;1.0;2027.144;
11;2025-12-18;15;2048.528;1.0;1.015;1.0;2079.358;
11;2025-12-18;16;2257.632;1.0;1.015;1.0;2292.609;
11;2025-12-18;17;2833.473;1.0;1.015;1.0;2876.743;
11;2025-12-18;18;3148.158;1.0;1.015;1.0;3196.031;
11;2025-12-18;19;2305.622;1.0;1.015;1.0;2340.613;
11;2025-12-18;20;1482.153;1.0;1.015;1.0;1504.598;
11;2025-12-18;21;872.893;1.0;1.015;1.0;885.94;
11;2025-12-18;22;433.574;1.0;1.015;1.001;440.655;
11;2025-12-18;23;234.436;1.0;1.015;1.002;238.464;
11;2025-12-19;0;69.848;1.0;1.013;0.993;70.253;
11;2025-12-19;1;2.689;1.0;1.013;0.827;2.253;
11;2025-12-19;2;0.0;1.0;1.013;1.0;0.0;
11;2025-12-19;3;0.0;1.0;1.013;1.0;0.0;
11;2025-12-19;4;0.0;1.0;1.013;1.0;0.0;
11;2025-12-19;5;264.551;1.0;1.013;0.999;267.653;
11;2025-12-19;6;1225.102;1.0;1.013;1.0;1241.381;
11;2025-12-19;7;2189.947;1.0;1.013;1.0;2218.886;
11;2025-12-19;8;2937.192;1.0;1.013;1.0;2975.137;
11;2025-12-19;9;2192.825;1.0;1.013;1.0;2221.162;
11;2025-12-19;10;1775.579;1.0;1.013;1.0;1798.522;
11;2025-12-19;11;1720.141;1.0;1.013;1.0;1742.536;
11;2025-12-19;12;1756.451;1.0;1.013;1.0;1779.555;
11;2025-12-19;13;1808.981;1.0;1.013;1.0;1832.932;
11;2025-12-19;14;1928.015;1.0;1.013;1.0;1953.422;
11;2025-12-19;15;2065.741;1.0;1.013;1.0;2092.695;
11;2025-12-19;16;2268.417;1.0;1.013;1.0;2297.687;
11;2025-12-19;17;2758.593;1.0;1.013;1.0;2794.84;
11;2025-12-19;18;2348.351;1.0;1.013;1.0;2379.081;
11;2025-12-19;19;1858.92;1.0;1.013;1.0;1883.026;
11;2025-12-19;20;1309.996;1.0;1.013;1.0;1327.447;
11;2025-12-19;21;828.691;1.0;1.013;1.0;839.537;
11;2025-12-19;22;425.553;1.0;1.013;1.001;431.357;
11;2025-12-19;23;289.916;1.0;1.013;0.999;293.464;
11;2025-12-20;0;108.633;1.0;1.015;1.004;110.737;
11;2025-12-20;1;1.921;1.0;1.015;0.82;1.6;
11;2025-12-20;2;0.0;1.0;1.015;1.0;0.0;
11;2025-12-20;3;0.0;1.0;1.015;1.0;0.0;
11;2025-12-20;4;0.0;1.0;1.015;1.0;0.0;
11;2025-12-20;5;204.685;1.0;1.015;1.003;208.355;
11;2025-12-20;6;825.887;1.0;1.015;1.0;838.342;
11;2025-12-20;7;765.109;1.0;1.015;1.0;776.464;
11;2025-12-20;8;1055.761;1.0;1.015;1.0;1072.4;
11;2025-12-20;9;1210.088;1.0;1.015;1.0;1228.14;
11;2025-12-20;10;1354.602;1.0;1.015;1.0;1375.031;
11;2025-12-20;11;1758.759;1.0;1.015;1.0;1785.68;
11;2025-12-20;12;1968.689;1.0;1.015;1.0;1999.072;
11;2025-12-20;13;1860.909;1.0;1.015;1.0;1888.955;
11;2025-12-20;14;1963.787;1.0;1.015;1.0;1993.481;
11;2025-12-20;15;1877.603;1.0;1.015;1.0;1906.663;
11;2025-12-20;16;1880.481;1.0;1.015;1.0;1909.358;
11;2025-12-20;17;1916.388;1.0;1.015;1.0;1945.941;
11;2025-12-20;18;1613.51;1.0;1.015;1.0;1638.175;
11;2025-12-20;19;1545.48;1.0;1.015;1.0;1569.11;
11;2025-12-20;20;1117.521;1.0;1.015;1.0;1134.494;
11;2025-12-20;21;787.808;1.0;1.015;1.0;799.502;
11;2025-12-20;22;462.935;1.0;1.015;1.0;470.113;
11;2025-12-20;23;310.944;1.0;1.015;1.002;316.173;
11;2025-12-21;0;110.817;1.0;1.011;0.999;111.95;
11;2025-12-21;1;15.418;1.0;1.011;0.985;15.353;
11;2025-12-21;2;0.0;1.0;1.011;1.0;0.0;
11;2025-12-21;3;0.0;1.0;1.011;1.0;0.0;
11;2025-12-21;4;0.0;1.0;1.011;1.0;0.0;
11;2025-12-21;5;118.149;1.0;1.011;1.002;119.682;
11;2025-12-21;6;507.219;1.0;1.011;0.999;512.308;
11;2025-12-21;7;518.749;1.0;1.011;1.0;524.361;
11;2025-12-21;8;669.395;1.0;1.011;1.0;676.978;
11;2025-12-21;9;913.412;1.0;1.011;1.0;923.079;
11;2025-12-21;10;1024.484;1.0;1.011;1.0;1035.444;
11;2025-12-21;11;1465.064;1.0;1.011;1.0;1480.509;
11;2025-12-21;12;1601.201;1.0;1.011;1.0;1618.11;
11;2025-12-21;13;1543.298;1.0;1.011;1.0;1559.546;
11;2025-12-21;14;1626.568;1.0;1.011;1.0;1644.29;
11;2025-12-21;15;1650.632;1.0;1.011;1.0;1667.972;
11;2025-12-21;16;1565.98;1.0;1.011;1.0;1583.474;
11;2025-12-21;17;1671.485;1.0;1.011;1.0;1689.099;
11;2025-12-21;18;1323.631;1.0;1.011;1.0;1337.753;
11;2025-12-21;19;1082.407;1.0;1.011;1.0;1094.686;
11;2025-12-21;20;863.686;1.0;1.011;1.0;872.998;
11;2025-12-21;21;635.405;1.0;1.011;1.0;642.457;
11;2025-12-21;22;367.333;1.0;1.011;1.0;371.312;
11;2025-12-21;23;245.667;1.0;1.011;0.998;247.763;
11;2025-12-22;0;66.179;1.0;1.006;1.0;66.597;
11;2025-12-22;1;3.113;1.0;1.006;0.907;2.842;
11;2025-12-22;2;0.0;1.0;1.006;1.0;0.0;
11;2025-12-22;3;0.0;1.0;1.006;1.0;0.0;
11;2025-12-22;4;0.387;1.0;1.006;0.0;0.0;
11;2025-12-22;5;283.591;1.0;1.006;0.999;285.21;
11;2025-12-22;6;1334.997;1.0;1.006;1.0;1343.152;
11;2025-12-22;7;2444.253;1.0;1.006;1.0;2459.626;
11;2025-12-22;8;3208.797;1.0;1.006;1.0;3229.562;
11;2025-12-22;9;2452.688;1.0;1.006;1.0;2467.973;
11;2025-12-22;10;1939.789;1.0;1.006;1.0;1952.584;
11;2025-12-22;11;1876.777;1.0;1.006;1.0;1888.313;
11;2025-12-22;12;1891.777;1.0;1.006;1.0;1903.649;
11;2025-12-22;13;2039.907;1.0;1.006;1.0;2052.793;
11;2025-12-22;14;1996.274;1.0;1.006;1.0;2009.383;
11;2025-12-22;15;2048.528;1.0;1.006;1.0;2061.14;
11;2025-12-22;16;2257.632;1.0;1.006;1.0;2272.522;
11;2025-12-22;17;2833.473;1.0;1.006;1.0;2851.539;
11;2025-12-22;18;3148.158;1.0;1.006;1.0;3168.03;
11;2025-12-22;19;2305.622;1.0;1.006;1.0;2320.106;
11;2025-12-22;20;1482.153;1.0;1.006;1.0;1491.415;
11;2025-12-22;21;872.893;1.0;1.006;1.0;878.178;
11;2025-12-22;22;433.574;1.0;1.006;1.001;436.794;
11;2025-12-22;23;234.436;1.0;1.006;1.002;236.375;
11;2025-12-23;0;66.179;1.0;0.981;1.0;64.939;
11;2025-12-23;1;3.113;1.0;0.981;0.907;2.771;
11;2025-12-23;2;0.0;1.0;0.981;1.0;0.0;
11;2025-12-23;3;0.0;1.0;0.981;1.0;0.0;
11;2025-12-23;4;0.387;1.0;0.981;0.0;0.0;
11;2025-12-23;5;283.591;1.0;0.981;0.999;278.113;
11;2025-12-23;6;1334.997;1.0;0.981;1.0;1309.727;
11;2025-12-23;7;2444.253;1.0;0.981;1.0;2398.418;
11;2025-12-23;8;3208.797;1.0;0.981;1.0;3149.194;
11;2025-12-23;9;2452.688;1.0;0.981;1.0;2406.557;
11;2025-12-23;10;1939.789;1.0;0.981;1.0;1903.994;
11;2025-12-23;11;1876.777;1.0;0.981;1.0;1841.322;
11;2025-12-23;12;1891.777;1.0;0.981;1.0;1856.276;
11;2025-12-23;13;2039.907;1.0;0.981;1.0;2001.709;
11;2025-12-23;14;1996.274;1.0;0.981;1.0;1959.379;
11;2025-12-23;15;2048.528;1.0;0.981;1.0;2009.849;
11;2025-12-23;16;2257.632;1.0;0.981;1.0;2215.97;
11;2025-12-23;17;2833.473;1.0;0.981;1.0;2780.578;
11;2025-12-23;18;3148.158;1.0;0.981;1.0;3089.193;
11;2025-12-23;19;2305.622;1.0;0.981;1.0;2262.37;
11;2025-12-23;20;1482.153;1.0;0.981;1.0;1454.301;
11;2025-12-23;21;872.893;1.0;0.981;1.0;856.324;
11;2025-12-23;22;433.574;1.0;0.981;1.001;425.925;
11;2025-12-23;23;234.436;1.0;0.981;1.002;230.493;
11;2025-12-24;0;66.179;1.0;0.976;1.0;64.583;
11;2025-12-24;1;3.113;1.0;0.976;0.907;2.756;
11;2025-12-24;2;0.0;1.0;0.976;1.0;0.0;
11;2025-12-24;3;0.0;1.0;0.976;1.0;0.0;
11;2025-12-24;4;0.387;1.0;0.976;0.0;0.0;
11;2025-12-24;5;283.591;1.0;0.976;0.999;276.588;
11;2025-12-24;6;1334.997;1.0;0.976;1.0;1302.544;
11;2025-12-24;7;2444.253;1.0;0.976;1.0;2385.263;
11;2025-12-24;8;3208.797;1.0;0.976;1.0;3131.921;
11;2025-12-24;9;2452.688;1.0;0.976;1.0;2393.357;
11;2025-12-24;10;1939.789;1.0;0.976;1.0;1893.551;
11;2025-12-24;11;1876.777;1.0;0.976;1.0;1831.223;
11;2025-12-24;12;1891.777;1.0;0.976;1.0;1846.095;
11;2025-12-24;13;2039.907;1.0;0.976;1.0;1990.729;
11;2025-12-24;14;1996.274;1.0;0.976;1.0;1948.632;
11;2025-12-24;15;2048.528;1.0;0.976;1.0;1998.825;
11;2025-12-24;16;2257.632;1.0;0.976;1.0;2203.816;
11;2025-12-24;17;2833.473;1.0;0.976;1.0;2765.327;
11;2025-12-24;18;3148.158;1.0;0.976;1.0;3072.249;
11;2025-12-24;19;2305.622;1.0;0.976;1.0;2249.961;
11;2025-12-24;20;1482.153;1.0;0.976;1.0;1446.325;
11;2025-12-24;21;872.893;1.0;0.976;1.0;851.627;
11;2025-12-24;22;433.574;1.0;0.976;1.001;423.588;
11;2025-12-24;23;234.436;1.0;0.976;1.002;229.229;
11;2025-12-25;0;66.179;1.0;0.998;1.0;66.013;
11;2025-12-25;1;3.113;1.0;0.998;0.907;2.817;
11;2025-12-25;2;0.0;1.0;0.998;1.0;0.0;
11;2025-12-25;3;0.0;1.0;0.998;1.0;0.0;
11;2025-12-25;4;0.387;1.0;0.998;0.0;0.0;
11;2025-12-25;5;283.591;1.0;0.998;0.999;282.712;
11;2025-12-25;6;1334.997;1.0;0.998;1.0;1331.384;
11;2025-12-25;7;2444.253;1.0;0.998;1.0;2438.076;
11;2025-12-25;8;3208.797;1.0;0.998;1.0;3201.266;
11;2025-12-25;9;2452.688;1.0;0.998;1.0;2446.35;
11;2025-12-25;10;1939.789;1.0;0.998;1.0;1935.477;
11;2025-12-25;11;1876.777;1.0;0.998;1.0;1871.769;
11;2025-12-25;12;1891.777;1.0;0.998;1.0;1886.97;
11;2025-12-25;13;2039.907;1.0;0.998;1.0;2034.807;
11;2025-12-25;14;1996.274;1.0;0.998;1.0;1991.778;
11;2025-12-25;15;2048.528;1.0;0.998;1.0;2043.082;
11;2025-12-25;16;2257.632;1.0;0.998;1.0;2252.612;
11;2025-12-25;17;2833.473;1.0;0.998;1.0;2826.555;
11;2025-12-25;18;3148.158;1.0;0.998;1.0;3140.273;
11;2025-12-25;19;2305.622;1.0;0.998;1.0;2299.779;
11;2025-12-25;20;1482.153;1.0;0.998;1.0;1478.349;
11;2025-12-25;21;872.893;1.0;0.998;1.0;870.484;
11;2025-12-25;22;433.574;1.0;0.998;1.001;432.967;
11;2025-12-25;23;234.436;1.0;0.998;1.002;234.304;
11;2025-12-26;0;69.848;1.0;0.96;0.993;66.567;
11;2025-12-26;1;2.689;1.0;0.96;0.827;2.135;
11;2025-12-26;2;0.0;1.0;0.96;1.0;0.0;
11;2025-12-26;3;0.0;1.0;0.96;1.0;0.0;
11;2025-12-26;4;0.0;1.0;0.96;1.0;0.0;
11;2025-12-26;5;264.551;1.0;0.96;0.999;253.609;
11;2025-12-26;6;1225.102;1.0;0.96;1.0;1176.241;
11;2025-12-26;7;2189.947;1.0;0.96;1.0;2102.454;
11;2025-12-26;8;2937.192;1.0;0.96;1.0;2819.022;
11;2025-12-26;9;2192.825;1.0;0.96;1.0;2104.61;
11;2025-12-26;10;1775.579;1.0;0.96;1.0;1704.148;
11;2025-12-26;11;1720.141;1.0;0.96;1.0;1651.1;
11;2025-12-26;12;1756.451;1.0;0.96;1.0;1686.176;
11;2025-12-26;13;1808.981;1.0;0.96;1.0;1736.752;
11;2025-12-26;14;1928.015;1.0;0.96;1.0;1850.919;
11;2025-12-26;15;2065.741;1.0;0.96;1.0;1982.885;
11;2025-12-26;16;2268.417;1.0;0.96;1.0;2177.12;
11;2025-12-26;17;2758.593;1.0;0.96;1.0;2648.186;
11;2025-12-26;18;2348.351;1.0;0.96;1.0;2254.243;
11;2025-12-26;19;1858.92;1.0;0.96;1.0;1784.217;
11;2025-12-26;20;1309.996;1.0;0.96;1.0;1257.791;
11;2025-12-26;21;828.691;1.0;0.96;1.0;795.484;
11;2025-12-26;22;425.553;1.0;0.96;1.001;408.722;
11;2025-12-26;23;289.916;1.0;0.96;0.999;278.065;
11;2025-12-27;0;108.633;1.0;1.013;1.004;110.493;
11;2025-12-27;1;1.921;1.0;1.013;0.82;1.597;
11;2025-12-27;2;0.0;1.0;1.013;1.0;0.0;
11;2025-12-27;3;0.0;1.0;1.013;1.0;0.0;
11;2025-12-27;4;0.0;1.0;1.013;1.0;0.0;
11;2025-12-27;5;204.685;1.0;1.013;1.003;207.897;
11;2025-12-27;6;825.887;1.0;1.013;1.0;836.5;
11;2025-12-27;7;765.109;1.0;1.013;1.0;774.758;
11;2025-12-27;8;1055.761;1.0;1.013;1.0;1070.043;
11;2025-12-27;9;1210.088;1.0;1.013;1.0;1225.441;
11;2025-12-27;10;1354.602;1.0;1.013;1.0;1372.01;
11;2025-12-27;11;1758.759;1.0;1.013;1.0;1781.756;
11;2025-12-27;12;1968.689;1.0;1.013;1.0;1994.679;
11;2025-12-27;13;1860.909;1.0;1.013;1.0;1884.804;
11;2025-12-27;14;1963.787;1.0;1.013;1.0;1989.1;
11;2025-12-27;15;1877.603;1.0;1.013;1.0;1902.473;
11;2025-12-27;16;1880.481;1.0;1.013;1.0;1905.162;
11;2025-12-27;17;1916.388;1.0;1.013;1.0;1941.665;
11;2025-12-27;18;1613.51;1.0;1.013;1.0;1634.575;
11;2025-12-27;19;1545.48;1.0;1.013;1.0;1565.662;
11;2025-12-27;20;1117.521;1.0;1.013;1.0;1132.001;
11;2025-12-27;21;787.808;1.0;1.013;1.0;797.745;
11;2025-12-27;22;462.935;1.0;1.013;1.0;469.079;
11;2025-12-27;23;310.944;1.0;1.013;1.002;315.478;
11;2025-12-28;0;110.817;1.0;0.994;0.999;110.118;
11;2025-12-28;1;15.418;1.0;0.994;0.985;15.102;
11;2025-12-28;2;0.0;1.0;0.994;1.0;0.0;
11;2025-12-28;3;0.0;1.0;0.994;1.0;0.0;
11;2025-12-28;4;0.0;1.0;0.994;1.0;0.0;
11;2025-12-28;5;118.149;1.0;0.994;1.002;117.724;
11;2025-12-28;6;507.219;1.0;0.994;0.999;503.924;
11;2025-12-28;7;518.749;1.0;0.994;1.0;515.78;
11;2025-12-28;8;669.395;1.0;0.994;1.0;665.9;
11;2025-12-28;9;913.412;1.0;0.994;1.0;907.973;
11;2025-12-28;10;1024.484;1.0;0.994;1.0;1018.5;
11;2025-12-28;11;1465.064;1.0;0.994;1.0;1456.281;
11;2025-12-28;12;1601.201;1.0;0.994;1.0;1591.63;
11;2025-12-28;13;1543.298;1.0;0.994;1.0;1534.025;
11;2025-12-28;14;1626.568;1.0;0.994;1.0;1617.382;
11;2025-12-28;15;1650.632;1.0;0.994;1.0;1640.676;
11;2025-12-28;16;1565.98;1.0;0.994;1.0;1557.561;
11;2025-12-28;17;1671.485;1.0;0.994;1.0;1661.457;
11;2025-12-28;18;1323.631;1.0;0.994;1.0;1315.861;
11;2025-12-28;19;1082.407;1.0;0.994;1.0;1076.772;
11;2025-12-28;20;863.686;1.0;0.994;1.0;858.711;
11;2025-12-28;21;635.405;1.0;0.994;1.0;631.943;
11;2025-12-28;22;367.333;1.0;0.994;1.0;365.235;
11;2025-12-28;23;245.667;1.0;0.994;0.998;243.708;
11;2025-12-29;0;66.179;0.88;0.998;1.006;58.438;
11;2025-12-29;1;3.113;0.88;0.998;1.031;2.817;
11;2025-12-29;2;0.0;0.88;0.998;1.0;0.0;
11;2025-12-29;3;0.0;0.88;0.998;1.0;0.0;
11;2025-12-29;4;0.387;0.88;0.998;0.0;0.0;
11;2025-12-29;5;283.591;0.88;0.998;1.001;249.248;
11;2025-12-29;6;1334.997;0.88;0.998;1.0;1171.658;
11;2025-12-29;7;2444.253;0.88;0.998;1.0;2145.861;
11;2025-12-29;8;3208.797;0.88;0.998;1.0;2816.48;
11;2025-12-29;9;2452.688;0.88;0.998;1.0;2152.627;
11;2025-12-29;10;1939.789;0.88;0.998;1.0;1702.99;
11;2025-12-29;11;1876.777;0.88;0.998;1.0;1647.788;
11;2025-12-29;12;1891.777;0.88;0.998;1.0;1660.301;
11;2025-12-29;13;2039.907;0.88;0.998;1.0;1790.906;
11;2025-12-29;14;1996.274;0.88;0.998;1.0;1752.063;
11;2025-12-29;15;2048.528;0.88;0.998;1.0;1798.08;
11;2025-12-29;16;2257.632;0.88;0.998;1.0;1982.133;
11;2025-12-29;17;2833.473;0.88;0.998;1.0;2487.615;
11;2025-12-29;18;3148.158;0.88;0.998;1.0;2763.155;
11;2025-12-29;19;2305.622;0.88;0.998;1.0;2023.513;
11;2025-12-29;20;1482.153;0.88;0.998;1.0;1300.947;
11;2025-12-29;21;872.893;0.88;0.998;1.001;766.725;
11;2025-12-29;22;433.574;0.88;0.998;1.002;381.2;
11;2025-12-29;23;234.436;0.88;0.998;0.999;205.512;
11;2025-12-30;0;66.179;0.88;0.978;1.006;57.292;
11;2025-12-30;1;3.113;0.88;0.978;1.031;2.761;
11;2025-12-30;2;0.0;0.88;0.978;1.0;0.0;
11;2025-12-30;3;0.0;0.88;0.978;1.0;0.0;
11;2025-12-30;4;0.387;0.88;0.978;0.0;0.0;
11;2025-12-30;5;283.591;0.88;0.978;1.001;244.361;
11;2025-12-30;6;1334.997;0.88;0.978;1.0;1148.688;
11;2025-12-30;7;2444.253;0.88;0.978;1.0;2103.791;
11;2025-12-30;8;3208.797;0.88;0.978;1.0;2761.262;
11;2025-12-30;9;2452.688;0.88;0.978;1.0;2110.424;
11;2025-12-30;10;1939.789;0.88;0.978;1.0;1669.603;
11;2025-12-30;11;1876.777;0.88;0.978;1.0;1615.483;
11;2025-12-30;12;1891.777;0.88;0.978;1.0;1627.751;
11;2025-12-30;13;2039.907;0.88;0.978;1.0;1755.795;
11;2025-12-30;14;1996.274;0.88;0.978;1.0;1717.713;
11;2025-12-30;15;2048.528;0.88;0.978;1.0;1762.828;
11;2025-12-30;16;2257.632;0.88;0.978;1.0;1943.273;
11;2025-12-30;17;2833.473;0.88;0.978;1.0;2438.845;
11;2025-12-30;18;3148.158;0.88;0.978;1.0;2708.983;
11;2025-12-30;19;2305.622;0.88;0.978;1.0;1983.842;
11;2025-12-30;20;1482.153;0.88;0.978;1.0;1275.441;
11;2025-12-30;21;872.893;0.88;0.978;1.001;751.693;
11;2025-12-30;22;433.574;0.88;0.978;1.002;373.726;
11;2025-12-30;23;234.436;0.88;0.978;0.999;201.483;
11;2025-12-31;0;111.369;0.8;1.001;1.004;89.53;
11;2025-12-31;1;1.322;0.8;1.001;1.026;1.086;
11;2025-12-31;2;0.0;0.8;1.001;1.0;0.0;
11;2025-12-31;3;0.0;0.8;1.001;1.0;0.0;
11;2025-12-31;4;0.0;0.8;1.001;1.0;0.0;
11;2025-12-31;5;195.629;0.8;1.001;1.001;156.807;
11;2025-12-31;6;907.123;0.8;1.001;1.0;726.406;
11;2025-12-31;7;850.792;0.8;1.001;1.0;681.157;
11;2025-12-31;8;1073.169;0.8;1.001;1.0;859.262;
11;2025-12-31;9;1205.678;0.8;1.001;1.0;965.88;
11;2025-12-31;10;1459.058;0.8;1.001;1.0;1168.027;
11;2025-12-31;11;1752.106;0.8;1.001;1.0;1403.144;
11;2025-12-31;12;2080.707;0.8;1.001;1.0;1666.475;
11;2025-12-31;13;1931.132;0.8;1.001;1.0;1546.358;
11;2025-12-31;14;2155.696;0.8;1.001;1.0;1725.564;
11;2025-12-31;15;2063.625;0.8;1.001;1.0;1652.648;
11;2025-12-31;16;1947.42;0.8;1.001;1.0;1558.954;
11;2025-12-31;17;1978.642;0.8;1.001;1.0;1584.717;
11;2025-12-31;18;1690.527;0.8;1.001;1.0;1353.37;
11;2025-12-31;19;1686.956;0.8;1.001;1.0;1350.745;
11;2025-12-31;20;1166.278;0.8;1.001;0.0;0.0;free fare New Year night
11;2025-12-31;21;812.998;0.8;1.001;0.0;0.0;free fare New Year night
11;2025-12-31;22;469.206;0.8;1.001;0.0;0.0;free fare New Year night
11;2025-12-31;23;301.475;0.8;1.001;0.0;0.0;free fare New Year night
12;2025-11-01;0;56.403;0.8;1.015;0.665;30.458;
12;2025-11-01;1;1.026;0.8;1.015;3.657;3.046;
12;2025-11-01;2;0.0;0.8;1.015;1.0;0.0;
12;2025-11-01;3;0.0;0.8;1.015;1.0;0.0;
12;2025-11-01;4;5.295;0.8;1.015;1.084;4.66;
12;2025-11-01;5;331.345;0.8;1.015;1.001;269.497;
12;2025-11-01;6;1394.161;0.8;1.015;1.0;1132.037;
12;2025-11-01;7;2701.778;0.8;1.015;1.0;2194.143;
12;2025-11-01;8;3428.671;0.8;1.015;1.0;2785.228;
12;2025-11-01;9;2416.499;0.8;1.015;1.0;1962.693;
12;2025-11-01;10;1932.255;0.8;1.015;1.0;1569.023;
12;2025-11-01;11;1943.952;0.8;1.015;1.0;1578.782;
12;2025-11-01;12;2001.611;0.8;1.015;1.0;1625.563;
12;2025-11-01;13;2074.918;0.8;1.015;1.0;1684.952;
12;2025-11-01;14;2060.124;0.8;1.015;1.0;1672.907;
12;2025-11-01;15;2349.528;0.8;1.015;1.0;1907.852;
12;2025-11-01;16;2985.394;0.8;1.015;1.0;2425.3;
12;2025-11-01;17;2974.633;0.8;1.015;1.0;2416.401;
12;2025-11-01;18;2577.117;0.8;1.015;1.0;2093.126;
12;2025-11-01;19;2204.512;0.8;1.015;1.0;1790.57;
12;2025-11-01;20;1456.104;0.8;1.015;1.0;1183.022;
12;2025-11-01;21;1003.064;0.8;1.015;1.0;814.842;
12;2025-11-01;22;529.086;0.8;1.015;1.001;430.195;
12;2025-11-01;23;313.115;0.8;1.015;1.001;254.569;
12;2025-11-02;0;83.568;1.0;1.014;1.006;85.222;
12;2025-11-02;1;5.049;1.0;1.014;0.867;4.441;
12;2025-11-02;2;0.0;1.0;1.014;1.0;0.0;
12;2025-11-02;3;0.0;1.0;1.014;1.0;0.0;
12;2025-11-02;4;2.568;1.0;1.014;1.104;2.874;
12;2025-11-02;5;147.427;1.0;1.014;1.002;149.823;
12;2025-11-02;6;510.136;1.0;1.014;0.999;516.86;
12;2025-11-02;7;631.089;1.0;1.014;1.0;640.172;
12;2025-11-02;8;699.643;1.0;1.014;0.999;709.133;
12;2025-11-02;9;891.083;1.0;1.014;1.0;904.154;
12;2025-11-02;10;1095.503;1.0;1.014;1.0;1111.212;
12;2025-11-02;11;1225.667;1.0;1.014;1.0;1242.655;
12;2025-11-02;12;1285.257;1.0;1.014;1.0;1302.984;
12;2025-11-02;13;1490.613;1.0;1.014;1.0;1512.135;
12;2025-11-02;14;1442.015;1.0;1.014;1.0;1461.961;
12;2025-11-02;15;1349.976;1.0;1.014;1.0;1369.223;
12;2025-11-02;16;1409.813;1.0;1.014;1.0;1429.455;
12;2025-11-02;17;1474.467;1.0;1.014;1.0;1495.114;
12;2025-11-02;18;1250.11;1.0;1.014;1.0;1267.976;
12;2025-11-02;19;974.248;1.0;1.014;1.0;988.026;
12;2025-11-02;20;738.171;1.0;1.014;1.0;748.812;
12;2025-11-02;21;572.985;1.0;1.014;0.999;580.709;
12;2025-11-02;22;371.686;1.0;1.014;1.001;377.172;
12;2025-11-02;23;201.927;1.0;1.014;1.001;205.056;
12;2025-11-03;0;83.568;1.0;0.995;1.006;83.643;
12;2025-11-03;1;5.049;1.0;0.995;0.867;4.358;
12;2025-11-03;2;0.0;1.0;0.995;1.0;0.0;
12;2025-11-03;3;0.0;1.0;0.995;1.0;0.0;
12;2025-11-03;4;2.568;1.0;0.995;1.104;2.821;
12;2025-11-03;5;147.427;1.0;0.995;1.002;147.047;
12;2025-11-03;6;510.136;1.0;0.995;0.999;507.285;
12;2025-11-03;7;631.089;1.0;0.995;1.0;628.312;
12;2025-11-03;8;699.643;1.0;0.995;0.999;695.995;
12;2025-11-03;9;891.083;1.0;0.995;1.0;887.404;
12;2025-11-03;10;1095.503;1.0;0.995;1.0;1090.625;
12;2025-11-03;11;1225.667;1.0;0.995;1.0;1219.634;
12;2025-11-03;12;1285.257;1.0;0.995;1.0;1278.845;
12;2025-11-03;13;1490.613;1.0;0.995;1.0;1484.121;
12;2025-11-03;14;1442.015;1.0;0.995;1.0;1434.876;
12;2025-11-03;15;1349.976;1.0;0.995;1.0;1343.856;
12;2025-11-03;16;1409.813;1.0;0.995;1.0;1402.972;
12;2025-11-03;17;1474.467;1.0;0.995;1.0;1467.415;
12;2025-11-03;18;1250.11;1.0;0.995;1.0;1244.485;
12;2025-11-03;19;974.248;1.0;0.995;1.0;969.722;
12;2025-11-03;20;738.171;1.0;0.995;1.0;734.94;
12;2025-11-03;21;572.985;1.0;0.995;0.999;569.95;
12;2025-11-03;22;371.686;1.0;0.995;1.001;370.184;
12;2025-11-03;23;201.927;1.0;0.995;1.001;201.257;
12;2025-11-04;0;83.568;1.0;0.986;1.006;82.819;
12;2025-11-04;1;5.049;1.0;0.986;0.867;4.315;
12;2025-11-04;2;0.0;1.0;0.986;1.0;0.0;
12;2025-11-04;3;0.0;1.0;0.986;1.0;0.0;
12;2025-11-04;4;2.568;1.0;0.986;1.104;2.793;
12;2025-11-04;5;147.427;1.0;0.986;1.002;145.598;
12;2025-11-04;6;510.136;1.0;0.986;0.999;502.287;
12;2025-11-04;7;631.089;1.0;0.986;1.0;622.123;
12;2025-11-04;8;699.643;1.0;0.986;0.999;689.139;
12;2025-11-04;9;891.083;1.0;0.986;1.0;878.662;
12;2025-11-04;10;1095.503;1.0;0.986;1.0;1079.881;
12;2025-11-04;11;1225.667;1.0;0.986;1.0;1207.619;
12;2025-11-04;12;1285.257;1.0;0.986;1.0;1266.247;
12;2025-11-04;13;1490.613;1.0;0.986;1.0;1469.501;
12;2025-11-04;14;1442.015;1.0;0.986;1.0;1420.741;
12;2025-11-04;15;1349.976;1.0;0.986;1.0;1330.618;
12;2025-11-04;16;1409.813;1.0;0.986;1.0;1389.151;
12;2025-11-04;17;1474.467;1.0;0.986;1.0;1452.959;
12;2025-11-04;18;1250.11;1.0;0.986;1.0;1232.226;
12;2025-11-04;19;974.248;1.0;0.986;1.0;960.169;
12;2025-11-04;20;738.171;1.0;0.986;1.0;727.7;
12;2025-11-04;21;572.985;1.0;0.986;0.999;564.336;
12;2025-11-04;22;371.686;1.0;0.986;1.001;366.537;
12;2025-11-04;23;201.927;1.0;0.986;1.001;199.275;
12;2025-11-05;0;53.943;1.0;1.015;1.005;55.022;
12;2025-11-05;1;2.289;1.0;1.015;1.267;2.944;
12;2025-11-05;2;0.0;1.0;1.015;1.0;0.0;
12;2025-11-05;3;0.0;1.0;1.015;1.0;0.0;
12;2025-11-05;4;6.34;1.0;1.015;1.017;6.545;
12;2025-11-05;5;332.97;1.0;1.015;1.001;338.332;
12;2025-11-05;6;1412.355;1.0;1.015;1.0;1434.16;
12;2025-11-05;7;2712.818;1.0;1.015;1.0;2754.331;
12;2025-11-05;8;3595.593;1.0;1.015;1.0;3651.026;
12;2025-11-05;9;2483.494;1.0;1.015;1.0;2521.21;
12;2025-11-05;10;2026.763;1.0;1.015;1.0;2058.074;
12;2025-11-05;11;1960.935;1.0;1.015;1.0;1991.11;
12;2025-11-05;12;2023.684;1.0;1.015;1.0;2054.618;
12;2025-11-05;13;2008.011;1.0;1.015;1.0;2039.003;
12;2025-11-05;14;1990.149;1.0;1.015;1.0;2020.469;
12;2025-11-05;15;2232.692;1.0;1.015;1.0;2267.039;
12;2025-11-05;16;2704.687;1.0;1.015;1.0;2745.778;
12;2025-11-05;17;3011.94;1.0;1.015;1.0;3057.793;
12;2025-11-05;18;3168.897;1.0;1.015;1.0;3217.64;
12;2025-11-05;19;2482.879;1.0;1.015;1.0;2521.079;
12;2025-11-05;20;1555.035;1.0;1.015;1.0;1579.144;
12;2025-11-05;21;943.662;1.0;1.015;1.0;957.924;
12;2025-11-05;22;489.82;1.0;1.015;1.0;497.191;
12;2025-11-05;23;250.045;1.0;1.015;1.001;254.009;
12;2025-11-06;0;53.943;1.0;0.999;1.005;54.121;
12;2025-11-06;1;2.289;1.0;0.999;1.267;2.895;
12;2025-11-06;2;0.0;1.0;0.999;1.0;0.0;
12;2025-11-06;3;0.0;1.0;0.999;1.0;0.0;
12;2025-11-06;4;6.34;1.0;0.999;1.017;6.438;
12;2025-11-06;5;332.97;1.0;0.999;1.001;332.795;
12;2025-11-06;6;1412.355;1.0;0.999;1.0;1410.691;
12;2025-11-06;7;2712.818;1.0;0.999;1.0;2709.257;
12;2025-11-06;8;3595.593;1.0;0.999;1.0;3591.278;
12;2025-11-06;9;2483.494;1.0;0.999;1.0;2479.952;
12;2025-11-06;10;2026.763;1.0;0.999;1.0;2024.394;
12;2025-11-06;11;1960.935;1.0;0.999;1.0;1958.526;
12;2025-11-06;12;2023.684;1.0;0.999;1.0;2020.995;
12;2025-11-06;13;2008.011;1.0;0.999;1.0;2005.636;
12;2025-11-06;14;1990.149;1.0;0.999;1.0;1987.405;
12;2025-11-06;15;2232.692;1.0;0.999;1.0;2229.939;
12;2025-11-06;16;2704.687;1.0;0.999;1.0;2700.844;
12;2025-11-06;17;3011.94;1.0;0.999;1.0;3007.754;
12;2025-11-06;18;3168.897;1.0;0.999;1.0;3164.984;
12;2025-11-06;19;2482.879;1.0;0.999;1.0;2479.822;
12;2025-11-06;20;1555.035;1.0;0.999;1.0;1553.302;
12;2025-11-06;21;943.662;1.0;0.999;1.0;942.248;
12;2025-11-06;22;489.82;1.0;0.999;1.0;489.055;
12;2025-11-06;23;250.045;1.0;0.999;1.001;249.853;
12;2025-11-07;0;56.799;1.0;1.01;0.993;56.941;
12;2025-11-07;1;1.536;1.0;1.01;0.975;1.512;
12;2025-11-07;2;0.0;1.0;1.01;1.0;0.0;
12;2025-11-07;3;0.0;1.0;1.01;1.0;0.0;
12;2025-11-07;4;5.295;1.0;1.01;1.084;5.793;
12;2025-11-07;5;331.345;1.0;1.01;0.999;334.271;
12;2025-11-07;6;1394.161;1.0;1.01;1.0;1407.529;
12;2025-11-07;7;2701.778;1.0;1.01;1.0;2727.881;
12;2025-11-07;8;3428.671;1.0;1.01;1.0;3461.679;
12;2025-11-07;9;2416.499;1.0;1.01;1.0;2439.91;
12;2025-11-07;10;1932.255;1.0;1.01;1.0;1950.775;
12;2025-11-07;11;1943.952;1.0;1.01;1.0;1962.397;
12;2025-11-07;12;2001.611;1.0;1.01;1.0;2021.067;
12;2025-11-07;13;2074.918;1.0;1.01;1.0;2094.874;
12;2025-11-07;14;2060.124;1.0;1.01;1.0;2080.182;
12;2025-11-07;15;2349.528;1.0;1.01;1.0;2371.998;
12;2025-11-07;16;2985.394;1.0;1.01;1.0;3014.742;
12;2025-11-07;17;2974.633;1.0;1.01;1.0;3003.172;
12;2025-11-07;18;2577.117;1.0;1.01;1.0;2601.806;
12;2025-11-07;19;2204.512;1.0;1.01;1.0;2225.936;
12;2025-11-07;20;1456.104;1.0;1.01;1.0;1470.404;
12;2025-11-07;21;1003.064;1.0;1.01;1.0;1013.214;
12;2025-11-07;22;529.086;1.0;1.01;1.001;534.533;
12;2025-11-07;23;313.115;1.0;1.01;0.999;315.765;
12;2025-11-08;0;78.586;1.0;1.015;0.993;79.231;
12;2025-11-08;1;2.587;1.0;1.015;1.139;2.992;
12;2025-11-08;2;0.0;1.0;1.015;1.0;0.0;
12;2025-11-08;3;0.0;1.0;1.015;1.0;0.0;
12;2025-11-08;4;2.217;1.0;1.015;1.329;2.992;
12;2025-11-08;5;234.258;1.0;1.015;1.001;238.124;
12;2025-11-08;6;819.746;1.0;1.015;1.0;832.703;
12;2025-11-08;7;899.44;1.0;1.015;1.0;912.989;
12;2025-11-08;8;1012.399;1.0;1.015;1.0;1027.936;
12;2025-11-08;9;1196.042;1.0;1.015;1.0;1214.719;
12;2025-11-08;10;1411.03;1.0;1.015;1.0;1432.729;
12;2025-11-08;11;1514.59;1.0;1.015;1.0;1537.809;
12;2025-11-08;12;1491.791;1.0;1.015;1.0;1514.532;
12;2025-11-08;13;1727.416;1.0;1.015;1.0;1753.324;
12;2025-11-08;14;1604.49;1.0;1.015;1.0;1628.819;
12;2025-11-08;15;1519.711;1.0;1.015;1.0;1542.842;
12;2025-11-08;16;1591.807;1.0;1.015;1.0;1616.147;
12;2025-11-08;17;1550.833;1.0;1.015;1.0;1574.529;
12;2025-11-08;18;1508.98;1.0;1.015;1.0;1532.308;
12;2025-11-08;19;1408.399;1.0;1.015;1.0;1430.04;
12;2025-11-08;20;970.43;1.0;1.015;1.0;985.695;
12;2025-11-08;21;730.432;1.0;1.015;1.0;741.834;
12;2025-11-08;22;421.357;1.0;1.015;0.999;427.497;
12;2025-11-08;23;287.459;1.0;1.015;1.0;291.896;
12;2025-11-09;0;83.568;1.0;1.015;1.006;85.316;
12;2025-11-09;1;5.049;1.0;1.015;0.867;4.445;
12;2025-11-09;2;0.0;1.0;1.015;1.0;0.0;
12;2025-11-09;3;0.0;1.0;1.015;1.0;0.0;
12;2025-11-09;4;2.568;1.0;1.015;1.104;2.877;
12;2025-11-09;5;147.427;1.0;1.015;1.002;149.987;
12;2025-11-09;6;510.136;1.0;1.015;0.999;517.429;
12;2025-11-09;7;631.089;1.0;1.015;1.0;640.877;
12;2025-11-09;8;699.643;1.0;1.015;0.999;709.913;
12;2025-11-09;9;891.083;1.0;1.015;1.0;905.15;
12;2025-11-09;10;1095.503;1.0;1.015;1.0;1112.435;
12;2025-11-09;11;1225.667;1.0;1.015;1.0;1244.023;
12;2025-11-09;12;1285.257;1.0;1.015;1.0;1304.418;
12;2025-11-09;13;1490.613;1.0;1.015;1.0;1513.8;
12;2025-11-09;14;1442.015;1.0;1.015;1.0;1463.57;
12;2025-11-09;15;1349.976;1.0;1.015;1.0;1370.73;
12;2025-11-09;16;1409.813;1.0;1.015;1.0;1431.028;
12;2025-11-09;17;1474.467;1.0;1.015;1.0;1496.759;
12;2025-11-09;18;1250.11;1.0;1.015;1.0;1269.372;
12;2025-11-09;19;974.248;1.0;1.015;1.0;989.114;
12;2025-11-09;20;738.171;1.0;1.015;1.0;749.636;
12;2025-11-09;21;572.985;1.0;1.015;0.999;581.348;
12;2025-11-09;22;371.686;1.0;1.015;1.001;377.587;
12;2025-11-09;23;201.927;1.0;1.015;1.001;205.282;
12;2025-11-10;0;53.943;1.0;1.015;1.005;55.022;
12;2025-11-10;1;2.289;1.0;1.015;1.267;2.944;
12;2025-11-10;2;0.0;1.0;1.015;1.0;0.0;
12;2025-11-10;3;0.0;1.0;1.015;1.0;0.0;
12;2025-11-10;4;6.34;1.0;1.015;1.017;6.545;
12;2025-11-10;5;332.97;1.0;1.015;1.001;338.332;
12;2025-11-10;6;1412.355;1.0;1.015;1.0;1434.16;
12;2025-11-10;7;2712.818;1.0;1.015;1.0;2754.331;
12;2025-11-10;8;3595.593;1.0;1.015;1.0;3651.026;
12;2025-11-10;9;2483.494;1.0;1.015;1.0;2521.21;
12;2025-11-10;10;2026.763;1.0;1.015;1.0;2058.074;
12;2025-11-10;11;1960.935;1.0;1.015;1.0;1991.11;
12;2025-11-10;12;2023.684;1.0;1.015;1.0;2054.618;
12;2025-11-10;13;2008.011;1.0;1.015;1.0;2039.003;
12;2025-11-10;14;1990.149;1.0;1.015;1.0;2020.469;
12;2025-11-10;15;2232.692;1.0;1.015;1.0;2267.039;
12;2025-11-10;16;2704.687;1.0;1.015;1.0;2745.778;
12;2025-11-10;17;3011.94;1.0;1.015;1.0;3057.793;
12;2025-11-10;18;3168.897;1.0;1.015;1.0;3217.64;
12;2025-11-10;19;2482.879;1.0;1.015;1.0;2521.079;
12;2025-11-10;20;1555.035;1.0;1.015;1.0;1579.144;
12;2025-11-10;21;943.662;1.0;1.015;1.0;957.924;
12;2025-11-10;22;489.82;1.0;1.015;1.0;497.191;
12;2025-11-10;23;250.045;1.0;1.015;1.001;254.009;
12;2025-11-11;0;53.943;1.0;1.015;1.005;55.022;
12;2025-11-11;1;2.289;1.0;1.015;1.267;2.944;
12;2025-11-11;2;0.0;1.0;1.015;1.0;0.0;
12;2025-11-11;3;0.0;1.0;1.015;1.0;0.0;
12;2025-11-11;4;6.34;1.0;1.015;1.017;6.545;
12;2025-11-11;5;332.97;1.0;1.015;1.001;338.332;
12;2025-11-11;6;1412.355;1.0;1.015;1.0;1434.16;
12;2025-11-11;7;2712.818;1.0;1.015;1.0;2754.331;
12;2025-11-11;8;3595.593;1.0;1.015;1.0;3651.026;
12;2025-11-11;9;2483.494;1.0;1.015;1.0;2521.21;
12;2025-11-11;10;2026.763;1.0;1.015;1.0;2058.074;
12;2025-11-11;11;1960.935;1.0;1.015;1.0;1991.11;
12;2025-11-11;12;2023.684;1.0;1.015;1.0;2054.618;
12;2025-11-11;13;2008.011;1.0;1.015;1.0;2039.003;
12;2025-11-11;14;1990.149;1.0;1.015;1.0;2020.469;
12;2025-11-11;15;2232.692;1.0;1.015;1.0;2267.039;
12;2025-11-11;16;2704.687;1.0;1.015;1.0;2745.778;
12;2025-11-11;17;3011.94;1.0;1.015;1.0;3057.793;
12;2025-11-11;18;3168.897;1.0;1.015;1.0;3217.64;
12;2025-11-11;19;2482.879;1.0;1.015;1.0;2521.079;
12;2025-11-11;20;1555.035;1.0;1.015;1.0;1579.144;
12;2025-11-11;21;943.662;1.0;1.015;1.0;957.924;
12;2025-11-11;22;489.82;1.0;1.015;1.0;497.191;
12;2025-11-11;23;250.045;1.0;1.015;1.001;254.009;
12;2025-11-12;0;53.943;1.0;1.004;1.005;54.42;
12;2025-11-12;1;2.289;1.0;1.004;1.267;2.911;
12;2025-11-12;2;0.0;1.0;1.004;1.0;0.0;
12;2025-11-12;3;0.0;1.0;1.004;1.0;0.0;
12;2025-11-12;4;6.34;1.0;1.004;1.017;6.473;
12;2025-11-12;5;332.97;1.0;1.004;1.001;334.631;
12;2025-11-12;6;1412.355;1.0;1.004;1.0;1418.471;
12;2025-11-12;7;2712.818;1.0;1.004;1.0;2724.199;
12;2025-11-12;8;3595.593;1.0;1.004;1.0;3611.085;
12;2025-11-12;9;2483.494;1.0;1.004;1.0;2493.629;
12;2025-11-12;10;2026.763;1.0;1.004;1.0;2035.559;
12;2025-11-12;11;1960.935;1.0;1.004;1.0;1969.328;
12;2025-11-12;12;2023.684;1.0;1.004;1.0;2032.141;
12;2025-11-12;13;2008.011;1.0;1.004;1.0;2016.697;
12;2025-11-12;14;1990.149;1.0;1.004;1.0;1998.366;
12;2025-11-12;15;2232.692;1.0;1.004;1.0;2242.238;
12;2025-11-12;16;2704.687;1.0;1.004;1.0;2715.74;
12;2025-11-12;17;3011.94;1.0;1.004;1.0;3024.342;
12;2025-11-12;18;3168.897;1.0;1.004;1.0;3182.439;
12;2025-11-12;19;2482.879;1.0;1.004;1.0;2493.499;
12;2025-11-12;20;1555.035;1.0;1.004;1.0;1561.868;
12;2025-11-12;21;943.662;1.0;1.004;1.0;947.445;
12;2025-11-12;22;489.82;1.0;1.004;1.0;491.752;
12;2025-11-12;23;250.045;1.0;1.004;1.001;251.23;
12;2025-11-13;0;53.943;1.0;1.014;1.005;54.961;
12;2025-11-13;1;2.289;1.0;1.014;1.267;2.94;
12;2025-11-13;2;0.0;1.0;1.014;1.0;0.0;
12;2025-11-13;3;0.0;1.0;1.014;1.0;0.0;
12;2025-11-13;4;6.34;1.0;1.014;1.017;6.538;
12;2025-11-13;5;332.97;1.0;1.014;1.001;337.96;
12;2025-11-13;6;1412.355;1.0;1.014;1.0;1432.583;
12;2025-11-13;7;2712.818;1.0;1.014;1.0;2751.303;
12;2025-11-13;8;3595.593;1.0;1.014;1.0;3647.012;
12;2025-11-13;9;2483.494;1.0;1.014;1.0;2518.438;
12;2025-11-13;10;2026.763;1.0;1.014;1.0;2055.811;
12;2025-11-13;11;1960.935;1.0;1.014;1.0;1988.921;
12;2025-11-13;12;2023.684;1.0;1.014;1.0;2052.359;
12;2025-11-13;13;2008.011;1.0;1.014;1.0;2036.762;
12;2025-11-13;14;1990.149;1.0;1.014;1.0;2018.248;
12;2025-11-13;15;2232.692;1.0;1.014;1.0;2264.546;
12;2025-11-13;16;2704.687;1.0;1.014;1.0;2742.759;
12;2025-11-13;17;3011.94;1.0;1.014;1.0;3054.432;
12;2025-11-13;18;3168.897;1.0;1.014;1.0;3214.102;
12;2025-11-13;19;2482.879;1.0;1.014;1.0;2518.307;
12;2025-11-13;20;1555.035;1.0;1.014;1.0;1577.408;
12;2025-11-13;21;943.662;1.0;1.014;1.0;956.871;
12;2025-11-13;22;489.82;1.0;1.014;1.0;496.644;
12;2025-11-13;23;250.045;1.0;1.014;1.001;253.73;
12;2025-11-14;0;56.799;1.0;1.012;0.993;57.066;
12;2025-11-14;1;1.536;1.0;1.012;0.975;1.515;
12;2025-11-14;2;0.0;1.0;1.012;1.0;0.0;
12;2025-11-14;3;0.0;1.0;1.012;1.0;0.0;
12;2025-11-14;4;5.295;1.0;1.012;1.084;5.805;
12;2025-11-14;5;331.345;1.0;1.012;0.999;335.007;
12;2025-11-14;6;1394.161;1.0;1.012;1.0;1410.629;
12;2025-11-14;7;2701.778;1.0;1.012;1.0;2733.889;
12;2025-11-14;8;3428.671;1.0;1.012;1.0;3469.303;
12;2025-11-14;9;2416.499;1.0;1.012;1.0;2445.284;
12;2025-11-14;10;1932.255;1.0;1.012;1.0;1955.071;
12;2025-11-14;11;1943.952;1.0;1.012;1.0;1966.719;
12;2025-11-14;12;2001.611;1.0;1.012;1.0;2025.518;
12;2025-11-14;13;2074.918;1.0;1.012;1.0;2099.488;
12;2025-11-14;14;2060.124;1.0;1.012;1.0;2084.763;
12;2025-11-14;15;2349.528;1.0;1.012;1.0;2377.222;
12;2025-11-14;16;2985.394;1.0;1.012;1.0;3021.382;
12;2025-11-14;17;2974.633;1.0;1.012;1.0;3009.787;
12;2025-11-14;18;2577.117;1.0;1.012;1.0;2607.536;
12;2025-11-14;19;2204.512;1.0;1.012;1.0;2230.838;
12;2025-11-14;20;1456.104;1.0;1.012;1.0;1473.643;
12;2025-11-14;21;1003.064;1.0;1.012;1.0;1015.446;
12;2025-11-14;22;529.086;1.0;1.012;1.001;535.71;
12;2025-11-14;23;313.115;1.0;1.012;0.999;316.46;
12;2025-11-15;0;78.586;1.0;0.947;0.993;73.926;
12;2025-11-15;1;2.587;1.0;0.947;1.139;2.791;
12;2025-11-15;2;0.0;1.0;0.947;1.0;0.0;
12;2025-11-15;3;0.0;1.0;0.947;1.0;0.0;
12;2025-11-15;4;2.217;1.0;0.947;1.329;2.791;
12;2025-11-15;5;234.258;1.0;0.947;1.001;222.181;
12;2025-11-15;6;819.746;1.0;0.947;1.0;776.951;
12;2025-11-15;7;899.44;1.0;0.947;1.0;851.861;
12;2025-11-15;8;1012.399;1.0;0.947;1.0;959.113;
12;2025-11-15;9;1196.042;1.0;0.947;1.0;1133.39;
12;2025-11-15;10;1411.03;1.0;0.947;1.0;1336.803;
12;2025-11-15;11;1514.59;1.0;0.947;1.0;1434.848;
12;2025-11-15;12;1491.791;1.0;0.947;1.0;1413.129;
12;2025-11-15;13;1727.416;1.0;0.947;1.0;1635.933;
12;2025-11-15;14;1604.49;1.0;0.947;1.0;1519.764;
12;2025-11-15;15;1519.711;1.0;0.947;1.0;1439.544;
12;2025-11-15;16;1591.807;1.0;0.947;1.0;1507.94;
12;2025-11-15;17;1550.833;1.0;0.947;1.0;1469.109;
12;2025-11-15;18;1508.98;1.0;0.947;1.0;1429.715;
12;2025-11-15;19;1408.399;1.0;0.947;1.0;1334.294;
12;2025-11-15;20;970.43;1.0;0.947;1.0;919.7;
12;2025-11-15;21;730.432;1.0;0.947;1.0;692.166;
12;2025-11-15;22;421.357;1.0;0.947;0.999;398.874;
12;2025-11-15;23;287.459;1.0;0.947;1.0;272.352;
12;2025-11-16;0;83.568;1.0;1.015;1.006;85.316;
12;2025-11-16;1;5.049;1.0;1.015;0.867;4.445;
12;2025-11-16;2;0.0;1.0;1.015;1.0;0.0;
12;2025-11-16;3;0.0;1.0;1.015;1.0;0.0;
12;2025-11-16;4;2.568;1.0;1.015;1.104;2.877;
12;2025-11-16;5;147.427;1.0;1.015;1.002;149.987;
12;2025-11-16;6;510.136;1.0;1.015;0.999;517.429;
12;2025-11-16;7;631.089;1.0;1.015;1.0;640.877;
12;2025-11-16;8;699.643;1.0;1.015;0.999;709.913;
12;2025-11-16;9;891.083;1.0;1.015;1.0;905.15;
12;2025-11-16;10;1095.503;1.0;1.015;1.0;1112.435;
12;2025-11-16;11;1225.667;1.0;1.015;1.0;1244.023;
12;2025-11-16;12;1285.257;1.0;1.015;1.0;1304.418;
12;2025-11-16;13;1490.613;1.0;1.015;1.0;1513.8;
12;2025-11-16;14;1442.015;1.0;1.015;1.0;1463.57;
12;2025-11-16;15;1349.976;1.0;1.015;1.0;1370.73;
12;2025-11-16;16;1409.813;1.0;1.015;1.0;1431.028;
12;2025-11-16;17;1474.467;1.0;1.015;1.0;1496.759;
12;2025-11-16;18;1250.11;1.0;1.015;1.0;1269.372;
12;2025-11-16;19;974.248;1.0;1.015;1.0;989.114;
12;2025-11-16;20;738.171;1.0;1.015;1.0;749.636;
12;2025-11-16;21;572.985;1.0;1.015;0.999;581.348;
12;2025-11-16;22;371.686;1.0;1.015;1.001;377.587;
12;2025-11-16;23;201.927;1.0;1.015;1.001;205.282;
12;2025-11-17;0;53.943;1.0;0.983;1.005;53.294;
12;2025-11-17;1;2.289;1.0;0.983;1.267;2.851;
12;2025-11-17;2;0.0;1.0;0.983;1.0;0.0;
12;2025-11-17;3;0.0;1.0;0.983;1.0;0.0;
12;2025-11-17;4;6.34;1.0;0.983;1.017;6.339;
12;2025-11-17;5;332.97;1.0;0.983;1.001;327.71;
12;2025-11-17;6;1412.355;1.0;0.983;1.0;1389.132;
12;2025-11-17;7;2712.818;1.0;0.983;1.0;2667.854;
12;2025-11-17;8;3595.593;1.0;0.983;1.0;3536.396;
12;2025-11-17;9;2483.494;1.0;0.983;1.0;2442.053;
12;2025-11-17;10;2026.763;1.0;0.983;1.0;1993.458;
12;2025-11-17;11;1960.935;1.0;0.983;1.0;1928.596;
12;2025-11-17;12;2023.684;1.0;0.983;1.0;1990.11;
12;2025-11-17;13;2008.011;1.0;0.983;1.0;1974.986;
12;2025-11-17;14;1990.149;1.0;0.983;1.0;1957.033;
12;2025-11-17;15;2232.692;1.0;0.983;1.0;2195.861;
12;2025-11-17;16;2704.687;1.0;0.983;1.0;2659.57;
12;2025-11-17;17;3011.94;1.0;0.983;1.0;2961.789;
12;2025-11-17;18;3168.897;1.0;0.983;1.0;3116.617;
12;2025-11-17;19;2482.879;1.0;0.983;1.0;2441.926;
12;2025-11-17;20;1555.035;1.0;0.983;1.0;1529.564;
12;2025-11-17;21;943.662;1.0;0.983;1.0;927.849;
12;2025-11-17;22;489.82;1.0;0.983;1.0;481.581;
12;2025-11-17;23;250.045;1.0;0.983;1.001;246.034;
12;2025-11-18;0;53.943;1.0;0.964;1.005;52.249;
12;2025-11-18;1;2.289;1.0;0.964;1.267;2.795;
12;2025-11-18;2;0.0;1.0;0.964;1.0;0.0;
12;2025-11-18;3;0.0;1.0;0.964;1.0;0.0;
12;2025-11-18;4;6.34;1.0;0.964;1.017;6.215;
12;2025-11-18;5;332.97;1.0;0.964;1.001;321.285;
12;2025-11-18;6;1412.355;1.0;0.964;1.0;1361.898;
12;2025-11-18;7;2712.818;1.0;0.964;1.0;2615.55;
12;2025-11-18;8;3595.593;1.0;0.964;1.0;3467.064;
12;2025-11-18;9;2483.494;1.0;0.964;1.0;2394.176;
12;2025-11-18;10;2026.763;1.0;0.964;1.0;1954.375;
12;2025-11-18;11;1960.935;1.0;0.964;1.0;1890.785;
12;2025-11-18;12;2023.684;1.0;0.964;1.0;1951.093;
12;2025-11-18;13;2008.011;1.0;0.964;1.0;1936.266;
12;2025-11-18;14;1990.149;1.0;0.964;1.0;1918.665;
12;2025-11-18;15;2232.692;1.0;0.964;1.0;2152.811;
12;2025-11-18;16;2704.687;1.0;0.964;1.0;2607.428;
12;2025-11-18;17;3011.94;1.0;0.964;1.0;2903.722;
12;2025-11-18;18;3168.897;1.0;0.964;1.0;3055.515;
12;2025-11-18;19;2482.879;1.0;0.964;1.0;2394.051;
12;2025-11-18;20;1555.035;1.0;0.964;1.0;1499.577;
12;2025-11-18;21;943.662;1.0;0.964;1.0;909.658;
12;2025-11-18;22;489.82;1.0;0.964;1.0;472.139;
12;2025-11-18;23;250.045;1.0;0.964;1.001;241.211;
12;2025-11-19;0;53.943;1.0;1.015;1.005;55.022;
12;2025-11-19;1;2.289;1.0;1.015;1.267;2.944;
12;2025-11-19;2;0.0;1.0;1.015;1.0;0.0;
12;2025-11-19;3;0.0;1.0;1.015;1.0;0.0;
12;2025-11-19;4;6.34;1.0;1.015;1.017;6.545;
12;2025-11-19;5;332.97;1.0;1.015;1.001;338.332;
12;2025-11-19;6;1412.355;1.0;1.015;1.0;1434.16;
12;2025-11-19;7;2712.818;1.0;1.015;1.0;2754.331;
12;2025-11-19;8;3595.593;1.0;1.015;1.0;3651.026;
12;2025-11-19;9;2483.494;1.0;1.015;1.0;2521.21;
12;2025-11-19;10;2026.763;1.0;1.015;1.0;2058.074;
12;2025-11-19;11;1960.935;1.0;1.015;1.0;1991.11;
12;2025-11-19;12;2023.684;1.0;1.015;1.0;2054.618;
12;2025-11-19;13;2008.011;1.0;1.015;1.0;2039.003;
12;2025-11-19;14;1990.149;1.0;1.015;1.0;2020.469;
12;2025-11-19;15;2232.692;1.0;1.015;1.0;2267.039;
12;2025-11-19;16;2704.687;1.0;1.015;1.0;2745.778;
12;2025-11-19;17;3011.94;1.0;1.015;1.0;3057.793;
12;2025-11-19;18;3168.897;1.0;1.015;1.0;3217.64;
12;2025-11-19;19;2482.879;1.0;1.015;1.0;2521.079;
12;2025-11-19;20;1555.035;1.0;1.015;1.0;1579.144;
12;2025-11-19;21;943.662;1.0;1.015;1.0;957.924;
12;2025-11-19;22;489.82;1.0;1.015;1.0;497.191;
12;2025-11-19;23;250.045;1.0;1.015;1.001;254.009;
12;2025-11-20;0;53.943;1.0;1.015;1.005;55.022;
12;2025-11-20;1;2.289;1.0;1.015;1.267;2.944;
12;2025-11-20;2;0.0;1.0;1.015;1.0;0.0;
12;2025-11-20;3;0.0;1.0;1.015;1.0;0.0;
12;2025-11-20;4;6.34;1.0;1.015;1.017;6.545;
12;2025-11-20;5;332.97;1.0;1.015;1.001;338.332;
12;2025-11-20;6;1412.355;1.0;1.015;1.0;1434.16;
12;2025-11-20;7;2712.818;1.0;1.015;1.0;2754.331;
12;2025-11-20;8;3595.593;1.0;1.015;1.0;3651.026;
12;2025-11-20;9;2483.494;1.0;1.015;1.0;2521.21;
12;2025-11-20;10;2026.763;1.0;1.015;1.0;2058.074;
12;2025-11-20;11;1960.935;1.0;1.015;1.0;1991.11;
12;2025-11-20;12;2023.684;1.0;1.015;1.0;2054.618;
12;2025-11-20;13;2008.011;1.0;1.015;1.0;2039.003;
12;2025-11-20;14;1990.149;1.0;1.015;1.0;2020.469;
12;2025-11-20;15;2232.692;1.0;1.015;1.0;2267.039;
12;2025-11-20;16;2704.687;1.0;1.015;1.0;2745.778;
12;2025-11-20;17;3011.94;1.0;1.015;1.0;3057.793;
12;2025-11-20;18;3168.897;1.0;1.015;1.0;3217.64;
12;2025-11-20;19;2482.879;1.0;1.015;1.0;2521.079;
12;2025-11-20;20;1555.035;1.0;1.015;1.0;1579.144;
12;2025-11-20;21;943.662;1.0;1.015;1.0;957.924;
12;2025-11-20;22;489.82;1.0;1.015;1.0;497.191;
12;2025-11-20;23;250.045;1.0;1.015;1.001;254.009;
12;2025-11-21;0;56.799;1.0;1.012;0.993;57.066;
12;2025-11-21;1;1.536;1.0;1.012;0.975;1.515;
12;2025-11-21;2;0.0;1.0;1.012;1.0;0.0;
12;2025-11-21;3;0.0;1.0;1.012;1.0;0.0;
12;2025-11-21;4;5.295;1.0;1.012;1.084;5.805;
12;2025-11-21;5;331.345;1.0;1.012;0.999;335.007;
12;2025-11-21;6;1394.161;1.0;1.012;1.0;1410.629;
12;2025-11-21;7;2701.778;1.0;1.012;1.0;2733.889;
12;2025-11-21;8;3428.671;1.0;1.012;1.0;3469.303;
12;2025-11-21;9;2416.499;1.0;1.012;1.0;2445.284;
12;2025-11-21;10;1932.255;1.0;1.012;1.0;1955.071;
12;2025-11-21;11;1943.952;1.0;1.012;1.0;1966.719;
12;2025-11-21;12;2001.611;1.0;1.012;1.0;2025.518;
12;2025-11-21;13;2074.918;1.0;1.012;1.0;2099.488;
12;2025-11-21;14;2060.124;1.0;1.012;1.0;2084.763;
12;2025-11-21;15;2349.528;1.0;1.012;1.0;2377.222;
12;2025-11-21;16;2985.394;1.0;1.012;1.0;3021.382;
12;2025-11-21;17;2974.633;1.0;1.012;1.0;3009.787;
12;2025-11-21;18;2577.117;1.0;1.012;1.0;2607.536;
12;2025-11-21;19;2204.512;1.0;1.012;1.0;2230.838;
12;2025-11-21;20;1456.104;1.0;1.012;1.0;1473.643;
12;2025-11-21;21;1003.064;1.0;1.012;1.0;1015.446;
12;2025-11-21;22;529.086;1.0;1.012;1.001;535.71;
12;2025-11-21;23;313.115;1.0;1.012;0.999;316.46;
12;2025-11-22;0;78.586;1.0;1.003;0.993;78.278;
12;2025-11-22;1;2.587;1.0;1.003;1.139;2.956;
12;2025-11-22;2;0.0;1.0;1.003;1.0;0.0;
12;2025-11-22;3;0.0;1.0;1.003;1.0;0.0;
12;2025-11-22;4;2.217;1.0;1.003;1.329;2.956;
12;2025-11-22;5;234.258;1.0;1.003;1.001;235.26;
12;2025-11-22;6;819.746;1.0;1.003;1.0;822.688;
12;2025-11-22;7;899.44;1.0;1.003;1.0;902.008;
12;2025-11-22;8;1012.399;1.0;1.003;1.0;1015.573;
12;2025-11-22;9;1196.042;1.0;1.003;1.0;1200.11;
12;2025-11-22;10;1411.03;1.0;1.003;1.0;1415.497;
12;2025-11-22;11;1514.59;1.0;1.003;1.0;1519.314;
12;2025-11-22;12;1491.791;1.0;1.003;1.0;1496.316;
12;2025-11-22;13;1727.416;1.0;1.003;1.0;1732.236;
12;2025-11-22;14;1604.49;1.0;1.003;1.0;1609.229;
12;2025-11-22;15;1519.711;1.0;1.003;1.0;1524.286;
12;2025-11-22;16;1591.807;1.0;1.003;1.0;1596.709;
12;2025-11-22;17;1550.833;1.0;1.003;1.0;1555.592;
12;2025-11-22;18;1508.98;1.0;1.003;1.0;1513.878;
12;2025-11-22;19;1408.399;1.0;1.003;1.0;1412.841;
12;2025-11-22;20;970.43;1.0;1.003;1.0;973.84;
12;2025-11-22;21;730.432;1.0;1.003;1.0;732.912;
12;2025-11-22;22;421.357;1.0;1.003;0.999;422.355;
12;2025-11-22;23;287.459;1.0;1.003;1.0;288.385;
12;2025-11-23;0;83.568;1.0;1.015;1.006;85.316;
12;2025-11-23;1;5.049;1.0;1.015;0.867;4.445;
12;2025-11-23;2;0.0;1.0;1.015;1.0;0.0;
12;2025-11-23;3;0.0;1.0;1.015;1.0;0.0;
12;2025-11-23;4;2.568;1.0;1.015;1.104;2.877;
12;2025-11-23;5;147.427;1.0;1.015;1.002;149.987;
12;2025-11-23;6;510.136;1.0;1.015;0.999;517.429;
12;2025-11-23;7;631.089;1.0;1.015;1.0;640.877;
12;2025-11-23;8;699.643;1.0;1.015;0.999;709.913;
12;2025-11-23;9;891.083;1.0;1.015;1.0;905.15;
12;2025-11-23;10;1095.503;1.0;1.015;1.0;1112.435;
12;2025-11-23;11;1225.667;1.0;1.015;1.0;1244.023;
12;2025-11-23;12;1285.257;1.0;1.015;1.0;1304.418;
12;2025-11-23;13;1490.613;1.0;1.015;1.0;1513.8;
12;2025-11-23;14;1442.015;1.0;1.015;1.0;1463.57;
12;2025-11-23;15;1349.976;1.0;1.015;1.0;1370.73;
12;2025-11-23;16;1409.813;1.0;1.015;1.0;1431.028;
12;2025-11-23;17;1474.467;1.0;1.015;1.0;1496.759;
12;2025-11-23;18;1250.11;1.0;1.015;1.0;1269.372;
12;2025-11-23;19;974.248;1.0;1.015;1.0;989.114;
12;2025-11-23;20;738.171;1.0;1.015;1.0;749.636;
12;2025-11-23;21;572.985;1.0;1.015;0.999;581.348;
12;2025-11-23;22;371.686;1.0;1.015;1.001;377.587;
12;2025-11-23;23;201.927;1.0;1.015;1.001;205.282;
12;2025-11-24;0;53.943;1.0;0.969;1.005;52.538;
12;2025-11-24;1;2.289;1.0;0.969;1.267;2.811;
12;2025-11-24;2;0.0;1.0;0.969;1.0;0.0;
12;2025-11-24;3;0.0;1.0;0.969;1.0;0.0;
12;2025-11-24;4;6.34;1.0;0.969;1.017;6.249;
12;2025-11-24;5;332.97;1.0;0.969;1.001;323.057;
12;2025-11-24;6;1412.355;1.0;0.969;1.0;1369.409;
12;2025-11-24;7;2712.818;1.0;0.969;1.0;2629.976;
12;2025-11-24;8;3595.593;1.0;0.969;1.0;3486.186;
12;2025-11-24;9;2483.494;1.0;0.969;1.0;2407.38;
12;2025-11-24;10;2026.763;1.0;0.969;1.0;1965.154;
12;2025-11-24;11;1960.935;1.0;0.969;1.0;1901.213;
12;2025-11-24;12;2023.684;1.0;0.969;1.0;1961.854;
12;2025-11-24;13;2008.011;1.0;0.969;1.0;1946.944;
12;2025-11-24;14;1990.149;1.0;0.969;1.0;1929.247;
12;2025-11-24;15;2232.692;1.0;0.969;1.0;2164.684;
12;2025-11-24;16;2704.687;1.0;0.969;1.0;2621.808;
12;2025-11-24;17;3011.94;1.0;0.969;1.0;2919.737;
12;2025-11-24;18;3168.897;1.0;0.969;1.0;3072.366;
12;2025-11-24;19;2482.879;1.0;0.969;1.0;2407.255;
12;2025-11-24;20;1555.035;1.0;0.969;1.0;1507.847;
12;2025-11-24;21;943.662;1.0;0.969;1.0;914.675;
12;2025-11-24;22;489.82;1.0;0.969;1.0;474.743;
12;2025-11-24;23;250.045;1.0;0.969;1.001;242.541;
12;2025-11-25;0;53.943;1.0;1.015;1.005;55.022;
12;2025-11-25;1;2.289;1.0;1.015;1.267;2.944;
12;2025-11-25;2;0.0;1.0;1.015;1.0;0.0;
12;2025-11-25;3;0.0;1.0;1.015;1.0;0.0;
12;2025-11-25;4;6.34;1.0;1.015;1.017;6.545;
12;2025-11-25;5;332.97;1.0;1.015;1.001;338.332;
12;2025-11-25;6;1412.355;1.0;1.015;1.0;1434.16;
12;2025-11-25;7;2712.818;1.0;1.015;1.0;2754.331;
12;2025-11-25;8;3595.593;1.0;1.015;1.0;3651.026;
12;2025-11-25;9;2483.494;1.0;1.015;1.0;2521.21;
12;2025-11-25;10;2026.763;1.0;1.015;1.0;2058.074;
12;2025-11-25;11;1960.935;1.0;1.015;1.0;1991.11;
12;2025-11-25;12;2023.684;1.0;1.015;1.0;2054.618;
12;2025-11-25;13;2008.011;1.0;1.015;1.0;2039.003;
12;2025-11-25;14;1990.149;1.0;1.015;1.0;2020.469;
12;2025-11-25;15;2232.692;1.0;1.015;1.0;2267.039;
12;2025-11-25;16;2704.687;1.0;1.015;1.0;2745.778;
12;2025-11-25;17;3011.94;1.0;1.015;1.0;3057.793;
12;2025-11-25;18;3168.897;1.0;1.015;1.0;3217.64;
12;2025-11-25;19;2482.879;1.0;1.015;1.0;2521.079;
12;2025-11-25;20;1555.035;1.0;1.015;1.0;1579.144;
12;2025-11-25;21;943.662;1.0;1.015;1.0;957.924;
12;2025-11-25;22;489.82;1.0;1.015;1.0;497.191;
12;2025-11-25;23;250.045;1.0;1.015;1.001;254.009;
12;2025-11-26;0;53.943;1.0;0.966;1.005;52.365;
12;2025-11-26;1;2.289;1.0;0.966;1.267;2.801;
12;2025-11-26;2;0.0;1.0;0.966;1.0;0.0;
12;2025-11-26;3;0.0;1.0;0.966;1.0;0.0;
12;2025-11-26;4;6.34;1.0;0.966;1.017;6.229;
12;2025-11-26;5;332.97;1.0;0.966;1.001;321.992;
12;2025-11-26;6;1412.355;1.0;0.966;1.0;1364.898;
12;2025-11-26;7;2712.818;1.0;0.966;1.0;2621.311;
12;2025-11-26;8;3595.593;1.0;0.966;1.0;3474.7;
12;2025-11-26;9;2483.494;1.0;0.966;1.0;2399.449;
12;2025-11-26;10;2026.763;1.0;0.966;1.0;1958.68;
12;2025-11-26;11;1960.935;1.0;0.966;1.0;1894.95;
12;2025-11-26;12;2023.684;1.0;0.966;1.0;1955.39;
12;2025-11-26;13;2008.011;1.0;0.966;1.0;1940.53;
12;2025-11-26;14;1990.149;1.0;0.966;1.0;1922.891;
12;2025-11-26;15;2232.692;1.0;0.966;1.0;2157.552;
12;2025-11-26;16;2704.687;1.0;0.966;1.0;2613.171;
12;2025-11-26;17;3011.94;1.0;0.966;1.0;2910.118;
12;2025-11-26;18;3168.897;1.0;0.966;1.0;3062.244;
12;2025-11-26;19;2482.879;1.0;0.966;1.0;2399.324;
12;2025-11-26;20;1555.035;1.0;0.966;1.0;1502.879;
12;2025-11-26;21;943.662;1.0;0.966;1.0;911.661;
12;2025-11-26;22;489.82;1.0;0.966;1.0;473.179;
12;2025-11-26;23;250.045;1.0;0.966;1.001;241.742;
12;2025-11-27;0;53.943;1.0;0.976;1.005;52.885;
12;2025-11-27;1;2.289;1.0;0.976;1.267;2.829;
12;2025-11-27;2;0.0;1.0;0.976;1.0;0.0;
12;2025-11-27;3;0.0;1.0;0.976;1.0;0.0;
12;2025-11-27;4;6.34;1.0;0.976;1.017;6.291;
12;2025-11-27;5;332.97;1.0;0.976;1.001;325.196;
12;2025-11-27;6;1412.355;1.0;0.976;1.0;1378.477;
12;2025-11-27;7;2712.818;1.0;0.976;1.0;2647.391;
12;2025-11-27;8;3595.593;1.0;0.976;1.0;3509.271;
12;2025-11-27;9;2483.494;1.0;0.976;1.0;2423.321;
12;2025-11-27;10;2026.763;1.0;0.976;1.0;1978.167;
12;2025-11-27;11;1960.935;1.0;0.976;1.0;1913.803;
12;2025-11-27;12;2023.684;1.0;0.976;1.0;1974.845;
12;2025-11-27;13;2008.011;1.0;0.976;1.0;1959.837;
12;2025-11-27;14;1990.149;1.0;0.976;1.0;1942.022;
12;2025-11-27;15;2232.692;1.0;0.976;1.0;2179.018;
12;2025-11-27;16;2704.687;1.0;0.976;1.0;2639.17;
12;2025-11-27;17;3011.94;1.0;0.976;1.0;2939.071;
12;2025-11-27;18;3168.897;1.0;0.976;1.0;3092.711;
12;2025-11-27;19;2482.879;1.0;0.976;1.0;2423.195;
12;2025-11-27;20;1555.035;1.0;0.976;1.0;1517.832;
12;2025-11-27;21;943.662;1.0;0.976;1.0;920.732;
12;2025-11-27;22;489.82;1.0;0.976;1.0;477.887;
12;2025-11-27;23;250.045;1.0;0.976;1.001;244.147;
12;2025-11-28;0;56.799;1.0;1.015;0.993;57.255;
12;2025-11-28;1;1.536;1.0;1.015;0.975;1.52;
12;2025-11-28;2;0.0;1.0;1.015;1.0;0.0;
12;2025-11-28;3;0.0;1.0;1.015;1.0;0.0;
12;2025-11-28;4;5.295;1.0;1.015;1.084;5.825;
12;2025-11-28;5;331.345;1.0;1.015;0.999;336.114;
12;2025-11-28;6;1394.161;1.0;1.015;1.0;1415.292;
12;2025-11-28;7;2701.778;1.0;1.015;1.0;2742.926;
12;2025-11-28;8;3428.671;1.0;1.015;1.0;3480.771;
12;2025-11-28;9;2416.499;1.0;1.015;1.0;2453.366;
12;2025-11-28;10;1932.255;1.0;1.015;1.0;1961.533;
12;2025-11-28;11;1943.952;1.0;1.015;1.0;1973.219;
12;2025-11-28;12;2001.611;1.0;1.015;1.0;2032.214;
12;2025-11-28;13;2074.918;1.0;1.015;1.0;2106.427;
12;2025-11-28;14;2060.124;1.0;1.015;1.0;2091.654;
12;2025-11-28;15;2349.528;1.0;1.015;1.0;2385.08;
12;2025-11-28;16;2985.394;1.0;1.015;1.0;3031.369;
12;2025-11-28;17;2974.633;1.0;1.015;1.0;3019.735;
12;2025-11-28;18;2577.117;1.0;1.015;1.0;2616.155;
12;2025-11-28;19;2204.512;1.0;1.015;1.0;2238.212;
12;2025-11-28;20;1456.104;1.0;1.015;1.0;1478.514;
12;2025-11-28;21;1003.064;1.0;1.015;1.0;1018.802;
12;2025-11-28;22;529.086;1.0;1.015;1.001;537.481;
12;2025-11-28;23;313.115;1.0;1.015;0.999;317.506;
12;2025-11-29;0;78.586;1.0;1.015;0.993;79.231;
12;2025-11-29;1;2.587;1.0;1.015;1.139;2.992;
12;2025-11-29;2;0.0;1.0;1.015;1.0;0.0;
12;2025-11-29;3;0.0;1.0;1.015;1.0;0.0;
12;2025-11-29;4;2.217;1.0;1.015;1.329;2.992;
12;2025-11-29;5;234.258;1.0;1.015;1.001;238.124;
12;2025-11-29;6;819.746;1.0;1.015;1.0;832.703;
12;2025-11-29;7;899.44;1.0;1.015;1.0;912.989;
12;2025-11-29;8;1012.399;1.0;1.015;1.0;1027.936;
12;2025-11-29;9;1196.042;1.0;1.015;1.0;1214.719;
12;2025-11-29;10;1411.03;1.0;1.015;1.0;1432.729;
12;2025-11-29;11;1514.59;1.0;1.015;1.0;1537.809;
12;2025-11-29;12;1491.791;1.0;1.015;1.0;1514.532;
12;2025-11-29;13;1727.416;1.0;1.015;1.0;1753.324;
12;2025-11-29;14;1604.49;1.0;1.015;1.0;1628.819;
12;2025-11-29;15;1519.711;1.0;1.015;1.0;1542.842;
12;2025-11-29;16;1591.807;1.0;1.015;1.0;1616.147;
12;2025-11-29;17;1550.833;1.0;1.015;1.0;1574.529;
12;2025-11-29;18;1508.98;1.0;1.015;1.0;1532.308;
12;2025-11-29;19;1408.399;1.0;1.015;1.0;1430.04;
12;2025-11-29;20;970.43;1.0;1.015;1.0;985.695;
12;2025-11-29;21;730.432;1.0;1.015;1.0;741.834;
12;2025-11-29;22;421.357;1.0;1.015;0.999;427.497;
12;2025-11-29;23;287.459;1.0;1.015;1.0;291.896;
12;2025-11-30;0;83.568;1.0;1.015;1.006;85.316;
12;2025-11-30;1;5.049;1.0;1.015;0.867;4.445;
12;2025-11-30;2;0.0;1.0;1.015;1.0;0.0;
12;2025-11-30;3;0.0;1.0;1.015;1.0;0.0;
12;2025-11-30;4;2.568;1.0;1.015;1.104;2.877;
12;2025-11-30;5;147.427;1.0;1.015;1.002;149.987;
12;2025-11-30;6;510.136;1.0;1.015;0.999;517.429;
12;2025-11-30;7;631.089;1.0;1.015;1.0;640.877;
12;2025-11-30;8;699.643;1.0;1.015;0.999;709.913;
12;2025-11-30;9;891.083;1.0;1.015;1.0;905.15;
12;2025-11-30;10;1095.503;1.0;1.015;1.0;1112.435;
12;2025-11-30;11;1225.667;1.0;1.015;1.0;1244.023;
12;2025-11-30;12;1285.257;1.0;1.015;1.0;1304.418;
12;2025-11-30;13;1490.613;1.0;1.015;1.0;1513.8;
12;2025-11-30;14;1442.015;1.0;1.015;1.0;1463.57;
12;2025-11-30;15;1349.976;1.0;1.015;1.0;1370.73;
12;2025-11-30;16;1409.813;1.0;1.015;1.0;1431.028;
12;2025-11-30;17;1474.467;1.0;1.015;1.0;1496.759;
12;2025-11-30;18;1250.11;1.0;1.015;1.0;1269.372;
12;2025-11-30;19;974.248;1.0;1.015;1.0;989.114;
12;2025-11-30;20;738.171;1.0;1.015;1.0;749.636;
12;2025-11-30;21;572.985;1.0;1.015;0.999;581.348;
12;2025-11-30;22;371.686;1.0;1.015;1.001;377.587;
12;2025-11-30;23;201.927;1.0;1.015;1.001;205.282;
12;2025-12-01;0;53.943;1.0;1.015;1.005;55.022;
12;2025-12-01;1;2.289;1.0;1.015;1.267;2.944;
12;2025-12-01;2;0.0;1.0;1.015;1.0;0.0;
12;2025-12-01;3;0.0;1.0;1.015;1.0;0.0;
12;2025-12-01;4;6.34;1.0;1.015;1.017;6.545;
12;2025-12-01;5;332.97;1.0;1.015;1.001;338.332;
12;2025-12-01;6;1412.355;1.0;1.015;1.0;1434.16;
12;2025-12-01;7;2712.818;1.0;1.015;1.0;2754.331;
12;2025-12-01;8;3595.593;1.0;1.015;1.0;3651.026;
12;2025-12-01;9;2483.494;1.0;1.015;1.0;2521.21;
12;2025-12-01;10;2026.763;1.0;1.015;1.0;2058.074;
12;2025-12-01;11;1960.935;1.0;1.015;1.0;1991.11;
12;2025-12-01;12;2023.684;1.0;1.015;1.0;2054.618;
12;2025-12-01;13;2008.011;1.0;1.015;1.0;2039.003;
12;2025-12-01;14;1990.149;1.0;1.015;1.0;2020.469;
12;2025-12-01;15;2232.692;1.0;1.015;1.0;2267.039;
12;2025-12-01;16;2704.687;1.0;1.015;1.0;2745.778;
12;2025-12-01;17;3011.94;1.0;1.015;1.0;3057.793;
12;2025-12-01;18;3168.897;1.0;1.015;1.0;3217.64;
12;2025-12-01;19;2482.879;1.0;1.015;1.0;2521.079;
12;2025-12-01;20;1555.035;1.0;1.015;1.0;1579.144;
12;2025-12-01;21;943.662;1.0;1.015;1.0;957.924;
12;2025-12-01;22;489.82;1.0;1.015;1.0;497.191;
12;2025-12-01;23;250.045;1.0;1.015;1.001;254.009;
12;2025-12-02;0;53.943;1.0;1.015;1.005;55.022;
12;2025-12-02;1;2.289;1.0;1.015;1.267;2.944;
12;2025-12-02;2;0.0;1.0;1.015;1.0;0.0;
12;2025-12-02;3;0.0;1.0;1.015;1.0;0.0;
12;2025-12-02;4;6.34;1.0;1.015;1.017;6.545;
12;2025-12-02;5;332.97;1.0;1.015;1.001;338.332;
12;2025-12-02;6;1412.355;1.0;1.015;1.0;1434.16;
12;2025-12-02;7;2712.818;1.0;1.015;1.0;2754.331;
12;2025-12-02;8;3595.593;1.0;1.015;1.0;3651.026;
12;2025-12-02;9;2483.494;1.0;1.015;1.0;2521.21;
12;2025-12-02;10;2026.763;1.0;1.015;1.0;2058.074;
12;2025-12-02;11;1960.935;1.0;1.015;1.0;1991.11;
12;2025-12-02;12;2023.684;1.0;1.015;1.0;2054.618;
12;2025-12-02;13;2008.011;1.0;1.015;1.0;2039.003;
12;2025-12-02;14;1990.149;1.0;1.015;1.0;2020.469;
12;2025-12-02;15;2232.692;1.0;1.015;1.0;2267.039;
12;2025-12-02;16;2704.687;1.0;1.015;1.0;2745.778;
12;2025-12-02;17;3011.94;1.0;1.015;1.0;3057.793;
12;2025-12-02;18;3168.897;1.0;1.015;1.0;3217.64;
12;2025-12-02;19;2482.879;1.0;1.015;1.0;2521.079;
12;2025-12-02;20;1555.035;1.0;1.015;1.0;1579.144;
12;2025-12-02;21;943.662;1.0;1.015;1.0;957.924;
12;2025-12-02;22;489.82;1.0;1.015;1.0;497.191;
12;2025-12-02;23;250.045;1.0;1.015;1.001;254.009;
12;2025-12-03;0;53.943;1.0;1.015;1.005;55.022;
12;2025-12-03;1;2.289;1.0;1.015;1.267;2.944;
12;2025-12-03;2;0.0;1.0;1.015;1.0;0.0;
12;2025-12-03;3;0.0;1.0;1.015;1.0;0.0;
12;2025-12-03;4;6.34;1.0;1.015;1.017;6.545;
12;2025-12-03;5;332.97;1.0;1.015;1.001;338.332;
12;2025-12-03;6;1412.355;1.0;1.015;1.0;1434.16;
12;2025-12-03;7;2712.818;1.0;1.015;1.0;2754.331;
12;2025-12-03;8;3595.593;1.0;1.015;1.0;3651.026;
12;2025-12-03;9;2483.494;1.0;1.015;1.0;2521.21;
12;2025-12-03;10;2026.763;1.0;1.015;1.0;2058.074;
12;2025-12-03;11;1960.935;1.0;1.015;1.0;1991.11;
12;2025-12-03;12;2023.684;1.0;1.015;1.0;2054.618;
12;2025-12-03;13;2008.011;1.0;1.015;1.0;2039.003;
12;2025-12-03;14;1990.149;1.0;1.015;1.0;2020.469;
12;2025-12-03;15;2232.692;1.0;1.015;1.0;2267.039;
12;2025-12-03;16;2704.687;1.0;1.015;1.0;2745.778;
12;2025-12-03;17;3011.94;1.0;1.015;1.0;3057.793;
12;2025-12-03;18;3168.897;1.0;1.015;1.0;3217.64;
12;2025-12-03;19;2482.879;1.0;1.015;1.0;2521.079;
12;2025-12-03;20;1555.035;1.0;1.015;1.0;1579.144;
12;2025-12-03;21;943.662;1.0;1.015;1.0;957.924;
12;2025-12-03;22;489.82;1.0;1.015;1.0;497.191;
12;2025-12-03;23;250.045;1.0;1.015;1.001;254.009;
12;2025-12-04;0;53.943;1.0;1.015;1.005;55.022;
12;2025-12-04;1;2.289;1.0;1.015;1.267;2.944;
12;2025-12-04;2;0.0;1.0;1.015;1.0;0.0;
12;2025-12-04;3;0.0;1.0;1.015;1.0;0.0;
12;2025-12-04;4;6.34;1.0;1.015;1.017;6.545;
12;2025-12-04;5;332.97;1.0;1.015;1.001;338.332;
12;2025-12-04;6;1412.355;1.0;1.015;1.0;1434.16;
12;2025-12-04;7;2712.818;1.0;1.015;1.0;2754.331;
12;2025-12-04;8;3595.593;1.0;1.015;1.0;3651.026;
12;2025-12-04;9;2483.494;1.0;1.015;1.0;2521.21;
12;2025-12-04;10;2026.763;1.0;1.015;1.0;2058.074;
12;2025-12-04;11;1960.935;1.0;1.015;1.0;1991.11;
12;2025-12-04;12;2023.684;1.0;1.015;1.0;2054.618;
12;2025-12-04;13;2008.011;1.0;1.015;1.0;2039.003;
12;2025-12-04;14;1990.149;1.0;1.015;1.0;2020.469;
12;2025-12-04;15;2232.692;1.0;1.015;1.0;2267.039;
12;2025-12-04;16;2704.687;1.0;1.015;1.0;2745.778;
12;2025-12-04;17;3011.94;1.0;1.015;1.0;3057.793;
12;2025-12-04;18;3168.897;1.0;1.015;1.0;3217.64;
12;2025-12-04;19;2482.879;1.0;1.015;1.0;2521.079;
12;2025-12-04;20;1555.035;1.0;1.015;1.0;1579.144;
12;2025-12-04;21;943.662;1.0;1.015;1.0;957.924;
12;2025-12-04;22;489.82;1.0;1.015;1.0;497.191;
12;2025-12-04;23;250.045;1.0;1.015;1.001;254.009;
12;2025-12-05;0;56.799;1.0;1.015;0.993;57.255;
12;2025-12-05;1;1.536;1.0;1.015;0.975;1.52;
12;2025-12-05;2;0.0;1.0;1.015;1.0;0.0;
12;2025-12-05;3;0.0;1.0;1.015;1.0;0.0;
12;2025-12-05;4;5.295;1.0;1.015;1.084;5.825;
12;2025-12-05;5;331.345;1.0;1.015;0.999;336.114;
12;2025-12-05;6;1394.161;1.0;1.015;1.0;1415.292;
12;2025-12-05;7;2701.778;1.0;1.015;1.0;2742.926;
12;2025-12-05;8;3428.671;1.0;1.015;1.0;3480.771;
12;2025-12-05;9;2416.499;1.0;1.015;1.0;2453.366;
12;2025-12-05;10;1932.255;1.0;1.015;1.0;1961.533;
12;2025-12-05;11;1943.952;1.0;1.015;1.0;1973.219;
12;2025-12-05;12;2001.611;1.0;1.015;1.0;2032.214;
12;2025-12-05;13;2074.918;1.0;1.015;1.0;2106.427;
12;2025-12-05;14;2060.124;1.0;1.015;1.0;2091.654;
12;2025-12-05;15;2349.528;1.0;1.015;1.0;2385.08;
12;2025-12-05;16;2985.394;1.0;1.015;1.0;3031.369;
12;2025-12-05;17;2974.633;1.0;1.015;1.0;3019.735;
12;2025-12-05;18;2577.117;1.0;1.015;1.0;2616.155;
12;2025-12-05;19;2204.512;1.0;1.015;1.0;2238.212;
12;2025-12-05;20;1456.104;1.0;1.015;1.0;1478.514;
12;2025-12-05;21;1003.064;1.0;1.015;1.0;1018.802;
12;2025-12-05;22;529.086;1.0;1.015;1.001;537.481;
12;2025-12-05;23;313.115;1.0;1.015;0.999;317.506;
12;2025-12-06;0;78.586;1.0;1.015;0.993;79.231;
12;2025-12-06;1;2.587;1.0;1.015;1.139;2.992;
12;2025-12-06;2;0.0;1.0;1.015;1.0;0.0;
12;2025-12-06;3;0.0;1.0;1.015;1.0;0.0;
12;2025-12-06;4;2.217;1.0;1.015;1.329;2.992;
12;2025-12-06;5;234.258;1.0;1.015;1.001;238.124;
12;2025-12-06;6;819.746;1.0;1.015;1.0;832.703;
12;2025-12-06;7;899.44;1.0;1.015;1.0;912.989;
12;2025-12-06;8;1012.399;1.0;1.015;1.0;1027.936;
12;2025-12-06;9;1196.042;1.0;1.015;1.0;1214.719;
12;2025-12-06;10;1411.03;1.0;1.015;1.0;1432.729;
12;2025-12-06;11;1514.59;1.0;1.015;1.0;1537.809;
12;2025-12-06;12;1491.791;1.0;1.015;1.0;1514.532;
12;2025-12-06;13;1727.416;1.0;1.015;1.0;1753.324;
12;2025-12-06;14;1604.49;1.0;1.015;1.0;1628.819;
12;2025-12-06;15;1519.711;1.0;1.015;1.0;1542.842;
12;2025-12-06;16;1591.807;1.0;1.015;1.0;1616.147;
12;2025-12-06;17;1550.833;1.0;1.015;1.0;1574.529;
12;2025-12-06;18;1508.98;1.0;1.015;1.0;1532.308;
12;2025-12-06;19;1408.399;1.0;1.015;1.0;1430.04;
12;2025-12-06;20;970.43;1.0;1.015;1.0;985.695;
12;2025-12-06;21;730.432;1.0;1.015;1.0;741.834;
12;2025-12-06;22;421.357;1.0;1.015;0.999;427.497;
12;2025-12-06;23;287.459;1.0;1.015;1.0;291.896;
12;2025-12-07;0;83.568;1.0;1.015;1.006;85.316;
12;2025-12-07;1;5.049;1.0;1.015;0.867;4.445;
12;2025-12-07;2;0.0;1.0;1.015;1.0;0.0;
12;2025-12-07;3;0.0;1.0;1.015;1.0;0.0;
12;2025-12-07;4;2.568;1.0;1.015;1.104;2.877;
12;2025-12-07;5;147.427;1.0;1.015;1.002;149.987;
12;2025-12-07;6;510.136;1.0;1.015;0.999;517.429;
12;2025-12-07;7;631.089;1.0;1.015;1.0;640.877;
12;2025-12-07;8;699.643;1.0;1.015;0.999;709.913;
12;2025-12-07;9;891.083;1.0;1.015;1.0;905.15;
12;2025-12-07;10;1095.503;1.0;1.015;1.0;1112.435;
12;2025-12-07;11;1225.667;1.0;1.015;1.0;1244.023;
12;2025-12-07;12;1285.257;1.0;1.015;1.0;1304.418;
12;2025-12-07;13;1490.613;1.0;1.015;1.0;1513.8;
12;2025-12-07;14;1442.015;1.0;1.015;1.0;1463.57;
12;2025-12-07;15;1349.976;1.0;1.015;1.0;1370.73;
12;2025-12-07;16;1409.813;1.0;1.015;1.0;1431.028;
12;2025-12-07;17;1474.467;1.0;1.015;1.0;1496.759;
12;2025-12-07;18;1250.11;1.0;1.015;1.0;1269.372;
12;2025-12-07;19;974.248;1.0;1.015;1.0;989.114;
12;2025-12-07;20;738.171;1.0;1.015;1.0;749.636;
12;2025-12-07;21;572.985;1.0;1.015;0.999;581.348;
12;2025-12-07;22;371.686;1.0;1.015;1.001;377.587;
12;2025-12-07;23;201.927;1.0;1.015;1.001;205.282;
12;2025-12-08;0;53.943;1.0;1.015;1.005;55.022;
12;2025-12-08;1;2.289;1.0;1.015;1.267;2.944;
12;2025-12-08;2;0.0;1.0;1.015;1.0;0.0;
12;2025-12-08;3;0.0;1.0;1.015;1.0;0.0;
12;2025-12-08;4;6.34;1.0;1.015;1.017;6.545;
12;2025-12-08;5;332.97;1.0;1.015;1.001;338.332;
12;2025-12-08;6;1412.355;1.0;1.015;1.0;1434.16;
12;2025-12-08;7;2712.818;1.0;1.015;1.0;2754.331;
12;2025-12-08;8;3595.593;1.0;1.015;1.0;3651.026;
12;2025-12-08;9;2483.494;1.0;1.015;1.0;2521.21;
12;2025-12-08;10;2026.763;1.0;1.015;1.0;2058.074;
12;2025-12-08;11;1960.935;1.0;1.015;1.0;1991.11;
12;2025-12-08;12;2023.684;1.0;1.015;1.0;2054.618;
12;2025-12-08;13;2008.011;1.0;1.015;1.0;2039.003;
12;2025-12-08;14;1990.149;1.0;1.015;1.0;2020.469;
12;2025-12-08;15;2232.692;1.0;1.015;1.0;2267.039;
12;2025-12-08;16;2704.687;1.0;1.015;1.0;2745.778;
12;2025-12-08;17;3011.94;1.0;1.015;1.0;3057.793;
12;2025-12-08;18;3168.897;1.0;1.015;1.0;3217.64;
12;2025-12-08;19;2482.879;1.0;1.015;1.0;2521.079;
12;2025-12-08;20;1555.035;1.0;1.015;1.0;1579.144;
12;2025-12-08;21;943.662;1.0;1.015;1.0;957.924;
12;2025-12-08;22;489.82;1.0;1.015;1.0;497.191;
12;2025-12-08;23;250.045;1.0;1.015;1.001;254.009;
12;2025-12-09;0;53.943;1.0;1.015;1.005;55.022;
12;2025-12-09;1;2.289;1.0;1.015;1.267;2.944;
12;2025-12-09;2;0.0;1.0;1.015;1.0;0.0;
12;2025-12-09;3;0.0;1.0;1.015;1.0;0.0;
12;2025-12-09;4;6.34;1.0;1.015;1.017;6.545;
12;2025-12-09;5;332.97;1.0;1.015;1.001;338.332;
12;2025-12-09;6;1412.355;1.0;1.015;1.0;1434.16;
12;2025-12-09;7;2712.818;1.0;1.015;1.0;2754.331;
12;2025-12-09;8;3595.593;1.0;1.015;1.0;3651.026;
12;2025-12-09;9;2483.494;1.0;1.015;1.0;2521.21;
12;2025-12-09;10;2026.763;1.0;1.015;1.0;2058.074;
12;2025-12-09;11;1960.935;1.0;1.015;1.0;1991.11;
12;2025-12-09;12;2023.684;1.0;1.015;1.0;2054.618;
12;2025-12-09;13;2008.011;1.0;1.015;1.0;2039.003;
12;2025-12-09;14;1990.149;1.0;1.015;1.0;2020.469;
12;2025-12-09;15;2232.692;1.0;1.015;1.0;2267.039;
12;2025-12-09;16;2704.687;1.0;1.015;1.0;2745.778;
12;2025-12-09;17;3011.94;1.0;1.015;1.0;3057.793;
12;2025-12-09;18;3168.897;1.0;1.015;1.0;3217.64;
12;2025-12-09;19;2482.879;1.0;1.015;1.0;2521.079;
12;2025-12-09;20;1555.035;1.0;1.015;1.0;1579.144;
12;2025-12-09;21;943.662;1.0;1.015;1.0;957.924;
12;2025-12-09;22;489.82;1.0;1.015;1.0;497.191;
12;2025-12-09;23;250.045;1.0;1.015;1.001;254.009;
12;2025-12-10;0;53.943;1.0;1.006;1.005;54.54;
12;2025-12-10;1;2.289;1.0;1.006;1.267;2.918;
12;2025-12-10;2;0.0;1.0;1.006;1.0;0.0;
12;2025-12-10;3;0.0;1.0;1.006;1.0;0.0;
12;2025-12-10;4;6.34;1.0;1.006;1.017;6.488;
12;2025-12-10;5;332.97;1.0;1.006;1.001;335.368;
12;2025-12-10;6;1412.355;1.0;1.006;1.0;1421.595;
12;2025-12-10;7;2712.818;1.0;1.006;1.0;2730.199;
12;2025-12-10;8;3595.593;1.0;1.006;1.0;3619.038;
12;2025-12-10;9;2483.494;1.0;1.006;1.0;2499.121;
12;2025-12-10;10;2026.763;1.0;1.006;1.0;2040.042;
12;2025-12-10;11;1960.935;1.0;1.006;1.0;1973.665;
12;2025-12-10;12;2023.684;1.0;1.006;1.0;2036.617;
12;2025-12-10;13;2008.011;1.0;1.006;1.0;2021.139;
12;2025-12-10;14;1990.149;1.0;1.006;1.0;2002.767;
12;2025-12-10;15;2232.692;1.0;1.006;1.0;2247.176;
12;2025-12-10;16;2704.687;1.0;1.006;1.0;2721.721;
12;2025-12-10;17;3011.94;1.0;1.006;1.0;3031.003;
12;2025-12-10;18;3168.897;1.0;1.006;1.0;3189.449;
12;2025-12-10;19;2482.879;1.0;1.006;1.0;2498.991;
12;2025-12-10;20;1555.035;1.0;1.006;1.0;1565.308;
12;2025-12-10;21;943.662;1.0;1.006;1.0;949.531;
12;2025-12-10;22;489.82;1.0;1.006;1.0;492.835;
12;2025-12-10;23;250.045;1.0;1.006;1.001;251.784;
12;2025-12-11;0;53.943;1.0;0.971;1.005;52.595;
12;2025-12-11;1;2.289;1.0;0.971;1.267;2.814;
12;2025-12-11;2;0.0;1.0;0.971;1.0;0.0;
12;2025-12-11;3;0.0;1.0;0.971;1.0;0.0;
12;2025-12-11;4;6.34;1.0;0.971;1.017;6.256;
12;2025-12-11;5;332.97;1.0;0.971;1.001;323.412;
12;2025-12-11;6;1412.355;1.0;0.971;1.0;1370.916;
12;2025-12-11;7;2712.818;1.0;0.971;1.0;2632.87;
12;2025-12-11;8;3595.593;1.0;0.971;1.0;3490.023;
12;2025-12-11;9;2483.494;1.0;0.971;1.0;2410.03;
12;2025-12-11;10;2026.763;1.0;0.971;1.0;1967.317;
12;2025-12-11;11;1960.935;1.0;0.971;1.0;1903.306;
12;2025-12-11;12;2023.684;1.0;0.971;1.0;1964.013;
12;2025-12-11;13;2008.011;1.0;0.971;1.0;1949.087;
12;2025-12-11;14;1990.149;1.0;0.971;1.0;1931.37;
12;2025-12-11;15;2232.692;1.0;0.971;1.0;2167.067;
12;2025-12-11;16;2704.687;1.0;0.971;1.0;2624.694;
12;2025-12-11;17;3011.94;1.0;0.971;1.0;2922.95;
12;2025-12-11;18;3168.897;1.0;0.971;1.0;3075.748;
12;2025-12-11;19;2482.879;1.0;0.971;1.0;2409.904;
12;2025-12-11;20;1555.035;1.0;0.971;1.0;1509.507;
12;2025-12-11;21;943.662;1.0;0.971;1.0;915.682;
12;2025-12-11;22;489.82;1.0;0.971;1.0;475.266;
12;2025-12-11;23;250.045;1.0;0.971;1.001;242.808;
12;2025-12-12;0;56.799;1.0;0.978;0.993;55.153;
12;2025-12-12;1;1.536;1.0;0.978;0.975;1.465;
12;2025-12-12;2;0.0;1.0;0.978;1.0;0.0;
12;2025-12-12;3;0.0;1.0;0.978;1.0;0.0;
12;2025-12-12;4;5.295;1.0;0.978;1.084;5.611;
12;2025-12-12;5;331.345;1.0;0.978;0.999;323.776;
12;2025-12-12;6;1394.161;1.0;0.978;1.0;1363.337;
12;2025-12-12;7;2701.778;1.0;0.978;1.0;2642.235;
12;2025-12-12;8;3428.671;1.0;0.978;1.0;3352.994;
12;2025-12-12;9;2416.499;1.0;0.978;1.0;2363.305;
12;2025-12-12;10;1932.255;1.0;0.978;1.0;1889.527;
12;2025-12-12;11;1943.952;1.0;0.978;1.0;1900.784;
12;2025-12-12;12;2001.611;1.0;0.978;1.0;1957.612;
12;2025-12-12;13;2074.918;1.0;0.978;1.0;2029.102;
12;2025-12-12;14;2060.124;1.0;0.978;1.0;2014.871;
12;2025-12-12;15;2349.528;1.0;0.978;1.0;2297.525;
12;2025-12-12;16;2985.394;1.0;0.978;1.0;2920.089;
12;2025-12-12;17;2974.633;1.0;0.978;1.0;2908.883;
12;2025-12-12;18;2577.117;1.0;0.978;1.0;2520.118;
12;2025-12-12;19;2204.512;1.0;0.978;1.0;2156.049;
12;2025-12-12;20;1456.104;1.0;0.978;1.0;1424.238;
12;2025-12-12;21;1003.064;1.0;0.978;1.0;981.403;
12;2025-12-12;22;529.086;1.0;0.978;1.001;517.75;
12;2025-12-12;23;313.115;1.0;0.978;0.999;305.851;
12;2025-12-13;0;78.586;1.0;1.011;0.993;78.883;
12;2025-12-13;1;2.587;1.0;1.011;1.139;2.979;
12;2025-12-13;2;0.0;1.0;1.011;1.0;0.0;
12;2025-12-13;3;0.0;1.0;1.011;1.0;0.0;
12;2025-12-13;4;2.217;1.0;1.011;1.329;2.979;
12;2025-12-13;5;234.258;1.0;1.011;1.001;237.079;
12;2025-12-13;6;819.746;1.0;1.011;1.0;829.048;
12;2025-12-13;7;899.44;1.0;1.011;1.0;908.98;
12;2025-12-13;8;1012.399;1.0;1.011;1.0;1023.423;
12;2025-12-13;9;1196.042;1.0;1.011;1.0;1209.386;
12;2025-12-13;10;1411.03;1.0;1.011;1.0;1426.439;
12;2025-12-13;11;1514.59;1.0;1.011;1.0;1531.058;
12;2025-12-13;12;1491.791;1.0;1.011;1.0;1507.882;
12;2025-12-13;13;1727.416;1.0;1.011;1.0;1745.626;
12;2025-12-13;14;1604.49;1.0;1.011;1.0;1621.668;
12;2025-12-13;15;1519.711;1.0;1.011;1.0;1536.069;
12;2025-12-13;16;1591.807;1.0;1.011;1.0;1609.051;
12;2025-12-13;17;1550.833;1.0;1.011;1.0;1567.616;
12;2025-12-13;18;1508.98;1.0;1.011;1.0;1525.58;
12;2025-12-13;19;1408.399;1.0;1.011;1.0;1423.762;
12;2025-12-13;20;970.43;1.0;1.011;1.0;981.368;
12;2025-12-13;21;730.432;1.0;1.011;1.0;738.578;
12;2025-12-13;22;421.357;1.0;1.011;0.999;425.62;
12;2025-12-13;23;287.459;1.0;1.011;1.0;290.614;
12;2025-12-14;0;83.568;1.0;1.014;1.006;85.222;
12;2025-12-14;1;5.049;1.0;1.014;0.867;4.441;
12;2025-12-14;2;0.0;1.0;1.014;1.0;0.0;
12;2025-12-14;3;0.0;1.0;1.014;1.0;0.0;
12;2025-12-14;4;2.568;1.0;1.014;1.104;2.874;
12;2025-12-14;5;147.427;1.0;1.014;1.002;149.823;
12;2025-12-14;6;510.136;1.0;1.014;0.999;516.86;
12;2025-12-14;7;631.089;1.0;1.014;1.0;640.172;
12;2025-12-14;8;699.643;1.0;1.014;0.999;709.133;
12;2025-12-14;9;891.083;1.0;1.014;1.0;904.154;
12;2025-12-14;10;1095.503;1.0;1.014;1.0;1111.212;
12;2025-12-14;11;1225.667;1.0;1.014;1.0;1242.655;
12;2025-12-14;12;1285.257;1.0;1.014;1.0;1302.984;
12;2025-12-14;13;1490.613;1.0;1.014;1.0;1512.135;
12;2025-12-14;14;1442.015;1.0;1.014;1.0;1461.961;
12;2025-12-14;15;1349.976;1.0;1.014;1.0;1369.223;
12;2025-12-14;16;1409.813;1.0;1.014;1.0;1429.455;
12;2025-12-14;17;1474.467;1.0;1.014;1.0;1495.114;
12;2025-12-14;18;1250.11;1.0;1.014;1.0;1267.976;
12;2025-12-14;19;974.248;1.0;1.014;1.0;988.026;
12;2025-12-14;20;738.171;1.0;1.014;1.0;748.812;
12;2025-12-14;21;572.985;1.0;1.014;0.999;580.709;
12;2025-12-14;22;371.686;1.0;1.014;1.001;377.172;
12;2025-12-14;23;201.927;1.0;1.014;1.001;205.056;
12;2025-12-15;0;53.943;1.0;1.014;1.005;54.961;
12;2025-12-15;1;2.289;1.0;1.014;1.267;2.94;
12;2025-12-15;2;0.0;1.0;1.014;1.0;0.0;
12;2025-12-15;3;0.0;1.0;1.014;1.0;0.0;
12;2025-12-15;4;6.34;1.0;1.014;1.017;6.538;
12;2025-12-15;5;332.97;1.0;1.014;1.001;337.96;
12;2025-12-15;6;1412.355;1.0;1.014;1.0;1432.583;
12;2025-12-15;7;2712.818;1.0;1.014;1.0;2751.303;
12;2025-12-15;8;3595.593;1.0;1.014;1.0;3647.012;
12;2025-12-15;9;2483.494;1.0;1.014;1.0;2518.438;
12;2025-12-15;10;2026.763;1.0;1.014;1.0;2055.811;
12;2025-12-15;11;1960.935;1.0;1.014;1.0;1988.921;
12;2025-12-15;12;2023.684;1.0;1.014;1.0;2052.359;
12;2025-12-15;13;2008.011;1.0;1.014;1.0;2036.762;
12;2025-12-15;14;1990.149;1.0;1.014;1.0;2018.248;
12;2025-12-15;15;2232.692;1.0;1.014;1.0;2264.546;
12;2025-12-15;16;2704.687;1.0;1.014;1.0;2742.759;
12;2025-12-15;17;3011.94;1.0;1.014;1.0;3054.432;
12;2025-12-15;18;3168.897;1.0;1.014;1.0;3214.102;
12;2025-12-15;19;2482.879;1.0;1.014;1.0;2518.307;
12;2025-12-15;20;1555.035;1.0;1.014;1.0;1577.408;
12;2025-12-15;21;943.662;1.0;1.014;1.0;956.871;
12;2025-12-15;22;489.82;1.0;1.014;1.0;496.644;
12;2025-12-15;23;250.045;1.0;1.014;1.001;253.73;
12;2025-12-16;0;53.943;1.0;1.0;1.005;54.181;
12;2025-12-16;1;2.289;1.0;1.0;1.267;2.899;
12;2025-12-16;2;0.0;1.0;1.0;1.0;0.0;
12;2025-12-16;3;0.0;1.0;1.0;1.0;0.0;
12;2025-12-16;4;6.34;1.0;1.0;1.017;6.445;
12;2025-12-16;5;332.97;1.0;1.0;1.001;333.162;
12;2025-12-16;6;1412.355;1.0;1.0;1.0;1412.243;
12;2025-12-16;7;2712.818;1.0;1.0;1.0;2712.239;
12;2025-12-16;8;3595.593;1.0;1.0;1.0;3595.231;
12;2025-12-16;9;2483.494;1.0;1.0;1.0;2482.681;
12;2025-12-16;10;2026.763;1.0;1.0;1.0;2026.623;
12;2025-12-16;11;1960.935;1.0;1.0;1.0;1960.682;
12;2025-12-16;12;2023.684;1.0;1.0;1.0;2023.219;
12;2025-12-16;13;2008.011;1.0;1.0;1.0;2007.843;
12;2025-12-16;14;1990.149;1.0;1.0;1.0;1989.592;
12;2025-12-16;15;2232.692;1.0;1.0;1.0;2232.394;
12;2025-12-16;16;2704.687;1.0;1.0;1.0;2703.817;
12;2025-12-16;17;3011.94;1.0;1.0;1.0;3011.064;
12;2025-12-16;18;3168.897;1.0;1.0;1.0;3168.467;
12;2025-12-16;19;2482.879;1.0;1.0;1.0;2482.552;
12;2025-12-16;20;1555.035;1.0;1.0;1.0;1555.011;
12;2025-12-16;21;943.662;1.0;1.0;1.0;943.285;
12;2025-12-16;22;489.82;1.0;1.0;1.0;489.593;
12;2025-12-16;23;250.045;1.0;1.0;1.001;250.128;
12;2025-12-17;0;53.943;1.0;1.015;1.005;55.022;
12;2025-12-17;1;2.289;1.0;1.015;1.267;2.944;
12;2025-12-17;2;0.0;1.0;1.015;1.0;0.0;
12;2025-12-17;3;0.0;1.0;1.015;1.0;0.0;
12;2025-12-17;4;6.34;1.0;1.015;1.017;6.545;
12;2025-12-17;5;332.97;1.0;1.015;1.001;338.332;
12;2025-12-17;6;1412.355;1.0;1.015;1.0;1434.16;
12;2025-12-17;7;2712.818;1.0;1.015;1.0;2754.331;
12;2025-12-17;8;3595.593;1.0;1.015;1.0;3651.026;
12;2025-12-17;9;2483.494;1.0;1.015;1.0;2521.21;
12;2025-12-17;10;2026.763;1.0;1.015;1.0;2058.074;
12;2025-12-17;11;1960.935;1.0;1.015;1.0;1991.11;
12;2025-12-17;12;2023.684;1.0;1.015;1.0;2054.618;
12;2025-12-17;13;2008.011;1.0;1.015;1.0;2039.003;
12;2025-12-17;14;1990.149;1.0;1.015;1.0;2020.469;
12;2025-12-17;15;2232.692;1.0;1.015;1.0;2267.039;
12;2025-12-17;16;2704.687;1.0;1.015;1.0;2745.778;
12;2025-12-17;17;3011.94;1.0;1.015;1.0;3057.793;
12;2025-12-17;18;3168.897;1.0;1.015;1.0;3217.64;
12;2025-12-17;19;2482.879;1.0;1.015;1.0;2521.079;
12;2025-12-17;20;1555.035;1.0;1.015;1.0;1579.144;
12;2025-12-17;21;943.662;1.0;1.015;1.0;957.924;
12;2025-12-17;22;489.82;1.0;1.015;1.0;497.191;
12;2025-12-17;23;250.045;1.0;1.015;1.001;254.009;
12;2025-12-18;0;53.943;1.0;1.015;1.005;55.022;
12;2025-12-18;1;2.289;1.0;1.015;1.267;2.944;
12;2025-12-18;2;0.0;1.0;1.015;1.0;0.0;
12;2025-12-18;3;0.0;1.0;1.015;1.0;0.0;
12;2025-12-18;4;6.34;1.0;1.015;1.017;6.545;
12;2025-12-18;5;332.97;1.0;1.015;1.001;338.332;
12;2025-12-18;6;1412.355;1.0;1.015;1.0;1434.16;
12;2025-12-18;7;2712.818;1.0;1.015;1.0;2754.331;
12;2025-12-18;8;3595.593;1.0;1.015;1.0;3651.026;
12;2025-12-18;9;2483.494;1.0;1.015;1.0;2521.21;
12;2025-12-18;10;2026.763;1.0;1.015;1.0;2058.074;
12;2025-12-18;11;1960.935;1.0;1.015;1.0;1991.11;
12;2025-12-18;12;2023.684;1.0;1.015;1.0;2054.618;
12;2025-12-18;13;2008.011;1.0;1.015;1.0;2039.003;
12;2025-12-18;14;1990.149;1.0;1.015;1.0;2020.469;
12;2025-12-18;15;2232.692;1.0;1.015;1.0;2267.039;
12;2025-12-18;16;2704.687;1.0;1.015;1.0;2745.778;
12;2025-12-18;17;3011.94;1.0;1.015;1.0;3057.793;
12;2025-12-18;18;3168.897;1.0;1.015;1.0;3217.64;
12;2025-12-18;19;2482.879;1.0;1.015;1.0;2521.079;
12;2025-12-18;20;1555.035;1.0;1.015;1.0;1579.144;
12;2025-12-18;21;943.662;1.0;1.015;1.0;957.924;
12;2025-12-18;22;489.82;1.0;1.015;1.0;497.191;
12;2025-12-18;23;250.045;1.0;1.015;1.001;254.009;
12;2025-12-19;0;56.799;1.0;1.013;0.993;57.129;
12;2025-12-19;1;1.536;1.0;1.013;0.975;1.517;
12;2025-12-19;2;0.0;1.0;1.013;1.0;0.0;
12;2025-12-19;3;0.0;1.0;1.013;1.0;0.0;
12;2025-12-19;4;5.295;1.0;1.013;1.084;5.812;
12;2025-12-19;5;331.345;1.0;1.013;0.999;335.375;
12;2025-12-19;6;1394.161;1.0;1.013;1.0;1412.181;
12;2025-12-19;7;2701.778;1.0;1.013;1.0;2736.898;
12;2025-12-19;8;3428.671;1.0;1.013;1.0;3473.122;
12;2025-12-19;9;2416.499;1.0;1.013;1.0;2447.975;
12;2025-12-19;10;1932.255;1.0;1.013;1.0;1957.223;
12;2025-12-19;11;1943.952;1.0;1.013;1.0;1968.883;
12;2025-12-19;12;2001.611;1.0;1.013;1.0;2027.748;
12;2025-12-19;13;2074.918;1.0;1.013;1.0;2101.798;
12;2025-12-19;14;2060.124;1.0;1.013;1.0;2087.058;
12;2025-12-19;15;2349.528;1.0;1.013;1.0;2379.838;
12;2025-12-19;16;2985.394;1.0;1.013;1.0;3024.707;
12;2025-12-19;17;2974.633;1.0;1.013;1.0;3013.099;
12;2025-12-19;18;2577.117;1.0;1.013;1.0;2610.406;
12;2025-12-19;19;2204.512;1.0;1.013;1.0;2233.294;
12;2025-12-19;20;1456.104;1.0;1.013;1.0;1475.264;
12;2025-12-19;21;1003.064;1.0;1.013;1.0;1016.563;
12;2025-12-19;22;529.086;1.0;1.013;1.001;536.3;
12;2025-12-19;23;313.115;1.0;1.013;0.999;316.808;
12;2025-12-20;0;78.586;1.0;1.015;0.993;79.231;
12;2025-12-20;1;2.587;1.0;1.015;1.139;2.992;
12;2025-12-20;2;0.0;1.0;1.015;1.0;0.0;
12;2025-12-20;3;0.0;1.0;1.015;1.0;0.0;
12;2025-12-20;4;2.217;1.0;1.015;1.329;2.992;
12;2025-12-20;5;234.258;1.0;1.015;1.001;238.124;
12;2025-12-20;6;819.746;1.0;1.015;1.0;832.703;
12;2025-12-20;7;899.44;1.0;1.015;1.0;912.989;
12;2025-12-20;8;1012.399;1.0;1.015;1.0;1027.936;
12;2025-12-20;9;1196.042;1.0;1.015;1.0;1214.719;
12;2025-12-20;10;1411.03;1.0;1.015;1.0;1432.729;
12;2025-12-20;11;1514.59;1.0;1.015;1.0;1537.809;
12;2025-12-20;12;1491.791;1.0;1.015;1.0;1514.532;
12;2025-12-20;13;1727.416;1.0;1.015;1.0;1753.324;
12;2025-12-20;14;1604.49;1.0;1.015;1.0;1628.819;
12;2025-12-20;15;1519.711;1.0;1.015;1.0;1542.842;
12;2025-12-20;16;1591.807;1.0;1.015;1.0;1616.147;
12;2025-12-20;17;1550.833;1.0;1.015;1.0;1574.529;
12;2025-12-20;18;1508.98;1.0;1.015;1.0;1532.308;
12;2025-12-20;19;1408.399;1.0;1.015;1.0;1430.04;
12;2025-12-20;20;970.43;1.0;1.015;1.0;985.695;
12;2025-12-20;21;730.432;1.0;1.015;1.0;741.834;
12;2025-12-20;22;421.357;1.0;1.015;0.999;427.497;
12;2025-12-20;23;287.459;1.0;1.015;1.0;291.896;
12;2025-12-21;0;83.568;1.0;1.011;1.006;84.941;
12;2025-12-21;1;5.049;1.0;1.011;0.867;4.426;
12;2025-12-21;2;0.0;1.0;1.011;1.0;0.0;
12;2025-12-21;3;0.0;1.0;1.011;1.0;0.0;
12;2025-12-21;4;2.568;1.0;1.011;1.104;2.865;
12;2025-12-21;5;147.427;1.0;1.011;1.002;149.329;
12;2025-12-21;6;510.136;1.0;1.011;0.999;515.157;
12;2025-12-21;7;631.089;1.0;1.011;1.0;638.063;
12;2025-12-21;8;699.643;1.0;1.011;0.999;706.796;
12;2025-12-21;9;891.083;1.0;1.011;1.0;901.176;
12;2025-12-21;10;1095.503;1.0;1.011;1.0;1107.551;
12;2025-12-21;11;1225.667;1.0;1.011;1.0;1238.561;
12;2025-12-21;12;1285.257;1.0;1.011;1.0;1298.691;
12;2025-12-21;13;1490.613;1.0;1.011;1.0;1507.153;
12;2025-12-21;14;1442.015;1.0;1.011;1.0;1457.144;
12;2025-12-21;15;1349.976;1.0;1.011;1.0;1364.712;
12;2025-12-21;16;1409.813;1.0;1.011;1.0;1424.745;
12;2025-12-21;17;1474.467;1.0;1.011;1.0;1490.188;
12;2025-12-21;18;1250.11;1.0;1.011;1.0;1263.799;
12;2025-12-21;19;974.248;1.0;1.011;1.0;984.771;
12;2025-12-21;20;738.171;1.0;1.011;1.0;746.345;
12;2025-12-21;21;572.985;1.0;1.011;0.999;578.796;
12;2025-12-21;22;371.686;1.0;1.011;1.001;375.929;
12;2025-12-21;23;201.927;1.0;1.011;1.001;204.381;
12;2025-12-22;0;53.943;1.0;1.006;1.005;54.54;
12;2025-12-22;1;2.289;1.0;1.006;1.267;2.918;
12;2025-12-22;2;0.0;1.0;1.006;1.0;0.0;
12;2025-12-22;3;0.0;1.0;1.006;1.0;0.0;
12;2025-12-22;4;6.34;1.0;1.006;1.017;6.488;
12;2025-12-22;5;332.97;1.0;1.006;1.001;335.368;
12;2025-12-22;6;1412.355;1.0;1.006;1.0;1421.595;
12;2025-12-22;7;2712.818;1.0;1.006;1.0;2730.199;
12;2025-12-22;8;3595.593;1.0;1.006;1.0;3619.038;
12;2025-12-22;9;2483.494;1.0;1.006;1.0;2499.121;
12;2025-12-22;10;2026.763;1.0;1.006;1.0;2040.042;
12;2025-12-22;11;1960.935;1.0;1.006;1.0;1973.665;
12;2025-12-22;12;2023.684;1.0;1.006;1.0;2036.617;
12;2025-12-22;13;2008.011;1.0;1.006;1.0;2021.139;
12;2025-12-22;14;1990.149;1.0;1.006;1.0;2002.767;
12;2025-12-22;15;2232.692;1.0;1.006;1.0;2247.176;
12;2025-12-22;16;2704.687;1.0;1.006;1.0;2721.721;
12;2025-12-22;17;3011.94;1.0;1.006;1.0;3031.003;
12;2025-12-22;18;3168.897;1.0;1.006;1.0;3189.449;
12;2025-12-22;19;2482.879;1.0;1.006;1.0;2498.991;
12;2025-12-22;20;1555.035;1.0;1.006;1.0;1565.308;
12;2025-12-22;21;943.662;1.0;1.006;1.0;949.531;
12;2025-12-22;22;489.82;1.0;1.006;1.0;492.835;
12;2025-12-22;23;250.045;1.0;1.006;1.001;251.784;
12;2025-12-23;0;53.943;1.0;0.981;1.005;53.182;
12;2025-12-23;1;2.289;1.0;0.981;1.267;2.845;
12;2025-12-23;2;0.0;1.0;0.981;1.0;0.0;
12;2025-12-23;3;0.0;1.0;0.981;1.0;0.0;
12;2025-12-23;4;6.34;1.0;0.981;1.017;6.326;
12;2025-12-23;5;332.97;1.0;0.981;1.001;327.022;
12;2025-12-23;6;1412.355;1.0;0.981;1.0;1386.218;
12;2025-12-23;7;2712.818;1.0;0.981;1.0;2662.258;
12;2025-12-23;8;3595.593;1.0;0.981;1.0;3528.978;
12;2025-12-23;9;2483.494;1.0;0.981;1.0;2436.93;
12;2025-12-23;10;2026.763;1.0;0.981;1.0;1989.276;
12;2025-12-23;11;1960.935;1.0;0.981;1.0;1924.55;
12;2025-12-23;12;2023.684;1.0;0.981;1.0;1985.935;
12;2025-12-23;13;2008.011;1.0;0.981;1.0;1970.843;
12;2025-12-23;14;1990.149;1.0;0.981;1.0;1952.928;
12;2025-12-23;15;2232.692;1.0;0.981;1.0;2191.255;
12;2025-12-23;16;2704.687;1.0;0.981;1.0;2653.99;
12;2025-12-23;17;3011.94;1.0;0.981;1.0;2955.576;
12;2025-12-23;18;3168.897;1.0;0.981;1.0;3110.079;
12;2025-12-23;19;2482.879;1.0;0.981;1.0;2436.803;
12;2025-12-23;20;1555.035;1.0;0.981;1.0;1526.355;
12;2025-12-23;21;943.662;1.0;0.981;1.0;925.902;
12;2025-12-23;22;489.82;1.0;0.981;1.0;480.571;
12;2025-12-23;23;250.045;1.0;0.981;1.001;245.518;
12;2025-12-24;0;53.943;1.0;0.976;1.005;52.891;
12;2025-12-24;1;2.289;1.0;0.976;1.267;2.83;
12;2025-12-24;2;0.0;1.0;0.976;1.0;0.0;
12;2025-12-24;3;0.0;1.0;0.976;1.0;0.0;
12;2025-12-24;4;6.34;1.0;0.976;1.017;6.291;
12;2025-12-24;5;332.97;1.0;0.976;1.001;325.228;
12;2025-12-24;6;1412.355;1.0;0.976;1.0;1378.615;
12;2025-12-24;7;2712.818;1.0;0.976;1.0;2647.656;
12;2025-12-24;8;3595.593;1.0;0.976;1.0;3509.621;
12;2025-12-24;9;2483.494;1.0;0.976;1.0;2423.564;
12;2025-12-24;10;2026.763;1.0;0.976;1.0;1978.365;
12;2025-12-24;11;1960.935;1.0;0.976;1.0;1913.994;
12;2025-12-24;12;2023.684;1.0;0.976;1.0;1975.042;
12;2025-12-24;13;2008.011;1.0;0.976;1.0;1960.033;
12;2025-12-24;14;1990.149;1.0;0.976;1.0;1942.216;
12;2025-12-24;15;2232.692;1.0;0.976;1.0;2179.236;
12;2025-12-24;16;2704.687;1.0;0.976;1.0;2639.434;
12;2025-12-24;17;3011.94;1.0;0.976;1.0;2939.365;
12;2025-12-24;18;3168.897;1.0;0.976;1.0;3093.02;
12;2025-12-24;19;2482.879;1.0;0.976;1.0;2423.437;
12;2025-12-24;20;1555.035;1.0;0.976;1.0;1517.984;
12;2025-12-24;21;943.662;1.0;0.976;1.0;920.824;
12;2025-12-24;22;489.82;1.0;0.976;1.0;477.935;
12;2025-12-24;23;250.045;1.0;0.976;1.001;244.171;
12;2025-12-25;0;53.943;1.0;0.998;1.005;54.062;
12;2025-12-25;1;2.289;1.0;0.998;1.267;2.892;
12;2025-12-25;2;0.0;1.0;0.998;1.0;0.0;
12;2025-12-25;3;0.0;1.0;0.998;1.0;0.0;
12;2025-12-25;4;6.34;1.0;0.998;1.017;6.431;
12;2025-12-25;5;332.97;1.0;0.998;1.001;332.429;
12;2025-12-25;6;1412.355;1.0;0.998;1.0;1409.14;
12;2025-12-25;7;2712.818;1.0;0.998;1.0;2706.279;
12;2025-12-25;8;3595.593;1.0;0.998;1.0;3587.33;
12;2025-12-25;9;2483.494;1.0;0.998;1.0;2477.225;
12;2025-12-25;10;2026.763;1.0;0.998;1.0;2022.169;
12;2025-12-25;11;1960.935;1.0;0.998;1.0;1956.373;
12;2025-12-25;12;2023.684;1.0;0.998;1.0;2018.773;
12;2025-12-25;13;2008.011;1.0;0.998;1.0;2003.431;
12;2025-12-25;14;1990.149;1.0;0.998;1.0;1985.22;
12;2025-12-25;15;2232.692;1.0;0.998;1.0;2227.488;
12;2025-12-25;16;2704.687;1.0;0.998;1.0;2697.875;
12;2025-12-25;17;3011.94;1.0;0.998;1.0;3004.447;
12;2025-12-25;18;3168.897;1.0;0.998;1.0;3161.505;
12;2025-12-25;19;2482.879;1.0;0.998;1.0;2477.096;
12;2025-12-25;20;1555.035;1.0;0.998;1.0;1551.594;
12;2025-12-25;21;943.662;1.0;0.998;1.0;941.212;
12;2025-12-25;22;489.82;1.0;0.998;1.0;488.517;
12;2025-12-25;23;250.045;1.0;0.998;1.001;249.578;
12;2025-12-26;0;56.799;1.0;0.96;0.993;54.131;
12;2025-12-26;1;1.536;1.0;0.96;0.975;1.437;
12;2025-12-26;2;0.0;1.0;0.96;1.0;0.0;
12;2025-12-26;3;0.0;1.0;0.96;1.0;0.0;
12;2025-12-26;4;5.295;1.0;0.96;1.084;5.507;
12;2025-12-26;5;331.345;1.0;0.96;0.999;317.777;
12;2025-12-26;6;1394.161;1.0;0.96;1.0;1338.08;
12;2025-12-26;7;2701.778;1.0;0.96;1.0;2593.285;
12;2025-12-26;8;3428.671;1.0;0.96;1.0;3290.876;
12;2025-12-26;9;2416.499;1.0;0.96;1.0;2319.522;
12;2025-12-26;10;1932.255;1.0;0.96;1.0;1854.521;
12;2025-12-26;11;1943.952;1.0;0.96;1.0;1865.57;
12;2025-12-26;12;2001.611;1.0;0.96;1.0;1921.345;
12;2025-12-26;13;2074.918;1.0;0.96;1.0;1991.51;
12;2025-12-26;14;2060.124;1.0;0.96;1.0;1977.543;
12;2025-12-26;15;2349.528;1.0;0.96;1.0;2254.961;
12;2025-12-26;16;2985.394;1.0;0.96;1.0;2865.991;
12;2025-12-26;17;2974.633;1.0;0.96;1.0;2854.992;
12;2025-12-26;18;2577.117;1.0;0.96;1.0;2473.43;
12;2025-12-26;19;2204.512;1.0;0.96;1.0;2116.106;
12;2025-12-26;20;1456.104;1.0;0.96;1.0;1397.853;
12;2025-12-26;21;1003.064;1.0;0.96;1.0;963.221;
12;2025-12-26;22;529.086;1.0;0.96;1.001;508.158;
12;2025-12-26;23;313.115;1.0;0.96;0.999;300.184;
12;2025-12-27;0;78.586;1.0;1.013;0.993;79.057;
12;2025-12-27;1;2.587;1.0;1.013;1.139;2.985;
12;2025-12-27;2;0.0;1.0;1.013;1.0;0.0;
12;2025-12-27;3;0.0;1.0;1.013;1.0;0.0;
12;2025-12-27;4;2.217;1.0;1.013;1.329;2.985;
12;2025-12-27;5;234.258;1.0;1.013;1.001;237.601;
12;2025-12-27;6;819.746;1.0;1.013;1.0;830.873;
12;2025-12-27;7;899.44;1.0;1.013;1.0;910.982;
12;2025-12-27;8;1012.399;1.0;1.013;1.0;1025.677;
12;2025-12-27;9;1196.042;1.0;1.013;1.0;1212.05;
12;2025-12-27;10;1411.03;1.0;1.013;1.0;1429.58;
12;2025-12-27;11;1514.59;1.0;1.013;1.0;1534.43;
12;2025-12-27;12;1491.791;1.0;1.013;1.0;1511.203;
12;2025-12-27;13;1727.416;1.0;1.013;1.0;1749.471;
12;2025-12-27;14;1604.49;1.0;1.013;1.0;1625.24;
12;2025-12-27;15;1519.711;1.0;1.013;1.0;1539.452;
12;2025-12-27;16;1591.807;1.0;1.013;1.0;1612.595;
12;2025-12-27;17;1550.833;1.0;1.013;1.0;1571.069;
12;2025-12-27;18;1508.98;1.0;1.013;1.0;1528.94;
12;2025-12-27;19;1408.399;1.0;1.013;1.0;1426.898;
12;2025-12-27;20;970.43;1.0;1.013;1.0;983.529;
12;2025-12-27;21;730.432;1.0;1.013;1.0;740.204;
12;2025-12-27;22;421.357;1.0;1.013;0.999;426.557;
12;2025-12-27;23;287.459;1.0;1.013;1.0;291.254;
12;2025-12-28;0;83.568;1.0;0.994;1.006;83.551;
12;2025-12-28;1;5.049;1.0;0.994;0.867;4.353;
12;2025-12-28;2;0.0;1.0;0.994;1.0;0.0;
12;2025-12-28;3;0.0;1.0;0.994;1.0;0.0;
12;2025-12-28;4;2.568;1.0;0.994;1.104;2.818;
12;2025-12-28;5;147.427;1.0;0.994;1.002;146.885;
12;2025-12-28;6;510.136;1.0;0.994;0.999;506.727;
12;2025-12-28;7;631.089;1.0;0.994;1.0;627.621;
12;2025-12-28;8;699.643;1.0;0.994;0.999;695.23;
12;2025-12-28;9;891.083;1.0;0.994;1.0;886.428;
12;2025-12-28;10;1095.503;1.0;0.994;1.0;1089.426;
12;2025-12-28;11;1225.667;1.0;0.994;1.0;1218.293;
12;2025-12-28;12;1285.257;1.0;0.994;1.0;1277.439;
12;2025-12-28;13;1490.613;1.0;0.994;1.0;1482.489;
12;2025-12-28;14;1442.015;1.0;0.994;1.0;1433.299;
12;2025-12-28;15;1349.976;1.0;0.994;1.0;1342.379;
12;2025-12-28;16;1409.813;1.0;0.994;1.0;1401.43;
12;2025-12-28;17;1474.467;1.0;0.994;1.0;1465.801;
12;2025-12-28;18;1250.11;1.0;0.994;1.0;1243.117;
12;2025-12-28;19;974.248;1.0;0.994;1.0;968.656;
12;2025-12-28;20;738.171;1.0;0.994;1.0;734.132;
12;2025-12-28;21;572.985;1.0;0.994;0.999;569.324;
12;2025-12-28;22;371.686;1.0;0.994;1.001;369.777;
12;2025-12-28;23;201.927;1.0;0.994;1.001;201.036;
12;2025-12-29;0;53.943;0.88;0.998;0.994;47.054;
12;2025-12-29;1;2.289;0.88;0.998;0.72;1.446;
12;2025-12-29;2;0.0;0.88;0.998;1.0;0.0;
12;2025-12-29;3;0.0;0.88;0.998;1.0;0.0;
12;2025-12-29;4;6.34;0.88;0.998;0.99;5.512;
12;2025-12-29;5;332.97;0.88;0.998;1.0;292.454;
12;2025-12-29;6;1412.355;0.88;0.998;1.0;1239.965;
12;2025-12-29;7;2712.818;0.88;0.998;1.0;2381.167;
12;2025-12-29;8;3595.593;0.88;0.998;1.0;3156.066;
12;2025-12-29;9;2483.494;0.88;0.998;1.0;2179.92;
12;2025-12-29;10;2026.763;0.88;0.998;1.0;1779.547;
12;2025-12-29;11;1960.935;0.88;0.998;1.0;1721.328;
12;2025-12-29;12;2023.684;0.88;0.998;1.0;1776.207;
12;2025-12-29;13;2008.011;0.88;0.998;1.0;1762.981;
12;2025-12-29;14;1990.149;0.88;0.998;1.0;1747.355;
12;2025-12-29;15;2232.692;0.88;0.998;1.0;1959.504;
12;2025-12-29;16;2704.687;0.88;0.998;1.0;2374.65;
12;2025-12-29;17;3011.94;0.88;0.998;1.0;2643.634;
12;2025-12-29;18;3168.897;0.88;0.998;1.0;2781.568;
12;2025-12-29;19;2482.879;0.88;0.998;1.0;2179.678;
12;2025-12-29;20;1555.035;0.88;0.998;1.0;1365.442;
12;2025-12-29;21;943.662;0.88;0.998;1.0;828.655;
12;2025-12-29;22;489.82;0.88;0.998;1.001;430.456;
12;2025-12-29;23;250.045;0.88;0.998;0.999;219.237;
12;2025-12-30;0;53.943;0.88;0.978;0.994;46.131;
12;2025-12-30;1;2.289;0.88;0.978;0.72;1.418;
12;2025-12-30;2;0.0;0.88;0.978;1.0;0.0;
12;2025-12-30;3;0.0;0.88;0.978;1.0;0.0;
12;2025-12-30;4;6.34;0.88;0.978;0.99;5.404;
12;2025-12-30;5;332.97;0.88;0.978;1.0;286.72;
12;2025-12-30;6;1412.355;0.88;0.978;1.0;1215.655;
12;2025-12-30;7;2712.818;0.88;0.978;1.0;2334.484;
12;2025-12-30;8;3595.593;0.88;0.978;1.0;3094.191;
12;2025-12-30;9;2483.494;0.88;0.978;1.0;2137.182;
12;2025-12-30;10;2026.763;0.88;0.978;1.0;1744.659;
12;2025-12-30;11;1960.935;0.88;0.978;1.0;1687.581;
12;2025-12-30;12;2023.684;0.88;0.978;1.0;1741.384;
12;2025-12-30;13;2008.011;0.88;0.978;1.0;1728.417;
12;2025-12-30;14;1990.149;0.88;0.978;1.0;1713.097;
12;2025-12-30;15;2232.692;0.88;0.978;1.0;1921.088;
12;2025-12-30;16;2704.687;0.88;0.978;1.0;2328.095;
12;2025-12-30;17;3011.94;0.88;0.978;1.0;2591.804;
12;2025-12-30;18;3168.897;0.88;0.978;1.0;2727.035;
12;2025-12-30;19;2482.879;0.88;0.978;1.0;2136.945;
12;2025-12-30;20;1555.035;0.88;0.978;1.0;1338.673;
12;2025-12-30;21;943.662;0.88;0.978;1.0;812.409;
12;2025-12-30;22;489.82;0.88;0.978;1.001;422.016;
12;2025-12-30;23;250.045;0.88;0.978;0.999;214.939;
12;2025-12-31;0;69.142;0.8;1.001;1.0;55.386;
12;2025-12-31;1;2.562;0.8;1.001;0.712;1.461;
12;2025-12-31;2;0.0;0.8;1.001;1.0;0.0;
12;2025-12-31;3;0.0;0.8;1.001;1.0;0.0;
12;2025-12-31;4;1.422;0.8;1.001;0.831;0.945;
12;2025-12-31;5;254.243;0.8;1.001;1.0;203.589;
12;2025-12-31;6;788.393;0.8;1.001;1.0;631.389;
12;2025-12-31;7;815.892;0.8;1.001;1.0;653.5;
12;2025-12-31;8;1033.062;0.8;1.001;1.0;827.612;
12;2025-12-31;9;1249.12;0.8;1.001;1.0;1000.092;
12;2025-12-31;10;1444.932;0.8;1.001;1.0;1156.863;
12;2025-12-31;11;1504.155;0.8;1.001;1.0;1204.425;
12;2025-12-31;12;1524.878;0.8;1.001;1.0;1220.914;
12;2025-12-31;13;1711.303;0.8;1.001;1.0;1370.624;
12;2025-12-31;14;1596.429;0.8;1.001;1.0;1277.9;
12;2025-12-31;15;1437.674;0.8;1.001;1.0;1151.251;
12;2025-12-31;16;1613.985;0.8;1.001;1.0;1292.51;
12;2025-12-31;17;1562.552;0.8;1.001;1.0;1251.122;
12;2025-12-31;18;1516.357;0.8;1.001;1.0;1214.349;
12;2025-12-31;19;1334.242;0.8;1.001;1.0;1068.407;
12;2025-12-31;20;911.68;0.8;1.001;0.0;0.0;free fare New Year night
12;2025-12-31;21;749.216;0.8;1.001;0.0;0.0;free fare New Year night
12;2025-12-31;22;378.966;0.8;1.001;0.0;0.0;free fare New Year night
12;2025-12-31;23;306.908;0.8;1.001;0.0;0.0;free fare New Year night
17;2025-11-01;0;141.783;0.8;1.015;1.331;153.307;
17;2025-11-01;1;17.326;0.8;1.015;2.164;30.458;
17;2025-11-01;2;0.0;0.8;1.015;1.0;0.0;
17;2025-11-01;3;0.0;0.8;1.015;1.0;0.0;
17;2025-11-01;4;26.698;0.8;1.015;0.983;21.317;
17;2025-11-01;5;332.53;0.8;1.015;0.998;269.677;
17;2025-11-01;6;1605.298;0.8;1.015;1.0;1304.242;
17;2025-11-01;7;4289.438;0.8;1.015;1.0;3484.324;
17;2025-11-01;8;5540.274;0.8;1.015;1.0;4499.624;
17;2025-11-01;9;3957.898;0.8;1.015;1.0;3214.208;
17;2025-11-01;10;3180.561;0.8;1.015;1.0;2583.192;
17;2025-11-01;11;3194.211;0.8;1.015;1.0;2594.519;
17;2025-11-01;12;3257.338;0.8;1.015;1.0;2645.677;
17;2025-11-01;13;3329.065;0.8;1.015;1.0;2703.867;
17;2025-11-01;14;3406.932;0.8;1.015;1.0;2767.698;
17;2025-11-01;15;3754.797;0.8;1.015;1.0;3049.929;
17;2025-11-01;16;4423.552;0.8;1.015;1.0;3592.425;
17;2025-11-01;17;4919.222;0.8;1.015;1.0;3995.11;
17;2025-11-01;18;4631.618;0.8;1.015;1.0;3761.595;
17;2025-11-01;19;3441.438;0.8;1.015;1.0;2795.264;
17;2025-11-01;20;2508.925;0.8;1.015;1.0;2037.816;
17;2025-11-01;21;1683.29;0.8;1.015;1.0;1366.931;
17;2025-11-01;22;924.241;0.8;1.015;1.0;751.08;
17;2025-11-01;23;494.52;0.8;1.015;0.999;401.394;
17;2025-11-02;0;195.563;1.0;1.014;1.0;198.257;
17;2025-11-02;1;28.784;1.0;1.014;0.988;28.835;
17;2025-11-02;2;0.0;1.0;1.014;1.0;0.0;
17;2025-11-02;3;0.0;1.0;1.014;1.0;0.0;
17;2025-11-02;4;4.05;1.0;1.014;1.113;4.57;
17;2025-11-02;5;109.387;1.0;1.014;0.999;110.78;
17;2025-11-02;6;453.055;1.0;1.014;1.0;459.633;
17;2025-11-02;7;833.608;1.0;1.014;1.0;845.228;
17;2025-11-02;8;1271.689;1.0;1.014;1.0;1290.202;
17;2025-11-02;9;1735.348;1.0;1.014;1.0;1760.204;
17;2025-11-02;10;2035.902;1.0;1.014;1.0;2064.795;
17;2025-11-02;11;2587.149;1.0;1.014;1.0;2623.387;
17;2025-11-02;12;2971.386;1.0;1.014;1.0;3013.17;
17;2025-11-02;13;3246.772;1.0;1.014;1.0;3293.183;
17;2025-11-02;14;3337.768;1.0;1.014;1.0;3384.861;
17;2025-11-02;15;3306.027;1.0;1.014;1.0;3353.069;
17;2025-11-02;16;3232.523;1.0;1.014;1.0;3278.258;
17;2025-11-02;17;3054.72;1.0;1.014;1.0;3098.032;
17;2025-11-02;18;2674.821;1.0;1.014;1.0;2713.134;
17;2025-11-02;19;2180.099;1.0;1.014;1.0;2210.696;
17;2025-11-02;20;1639.106;1.0;1.014;1.0;1661.803;
17;2025-11-02;21;1178.102;1.0;1.014;1.0;1194.721;
17;2025-11-02;22;738.232;1.0;1.014;1.0;749.057;
17;2025-11-02;23;325.911;1.0;1.014;0.999;330.254;
17;2025-11-03;0;195.563;1.0;0.995;1.0;194.584;
17;2025-11-03;1;28.784;1.0;0.995;0.988;28.3;
17;2025-11-03;2;0.0;1.0;0.995;1.0;0.0;
17;2025-11-03;3;0.0;1.0;0.995;1.0;0.0;
17;2025-11-03;4;4.05;1.0;0.995;1.113;4.486;
17;2025-11-03;5;109.387;1.0;0.995;0.999;108.727;
17;2025-11-03;6;453.055;1.0;0.995;1.0;451.117;
17;2025-11-03;7;833.608;1.0;0.995;1.0;829.569;
17;2025-11-03;8;1271.689;1.0;0.995;1.0;1266.299;
17;2025-11-03;9;1735.348;1.0;0.995;1.0;1727.594;
17;2025-11-03;10;2035.902;1.0;0.995;1.0;2026.542;
17;2025-11-03;11;2587.149;1.0;0.995;1.0;2574.786;
17;2025-11-03;12;2971.386;1.0;0.995;1.0;2957.347;
17;2025-11-03;13;3246.772;1.0;0.995;1.0;3232.172;
17;2025-11-03;14;3337.768;1.0;0.995;1.0;3322.152;
17;2025-11-03;15;3306.027;1.0;0.995;1.0;3290.949;
17;2025-11-03;16;3232.523;1.0;0.995;1.0;3217.524;
17;2025-11-03;17;3054.72;1.0;0.995;1.0;3040.637;
17;2025-11-03;18;2674.821;1.0;0.995;1.0;2662.87;
17;2025-11-03;19;2180.099;1.0;0.995;1.0;2169.74;
17;2025-11-03;20;1639.106;1.0;0.995;1.0;1631.016;
17;2025-11-03;21;1178.102;1.0;0.995;1.0;1172.587;
17;2025-11-03;22;738.232;1.0;0.995;1.0;735.18;
17;2025-11-03;23;325.911;1.0;0.995;0.999;324.135;
17;2025-11-04;0;195.563;1.0;0.986;1.0;192.667;
17;2025-11-04;1;28.784;1.0;0.986;0.988;28.022;
17;2025-11-04;2;0.0;1.0;0.986;1.0;0.0;
17;2025-11-04;3;0.0;1.0;0.986;1.0;0.0;
17;2025-11-04;4;4.05;1.0;0.986;1.113;4.442;
17;2025-11-04;5;109.387;1.0;0.986;0.999;107.656;
17;2025-11-04;6;453.055;1.0;0.986;1.0;446.673;
17;2025-11-04;7;833.608;1.0;0.986;1.0;821.397;
17;2025-11-04;8;1271.689;1.0;0.986;1.0;1253.825;
17;2025-11-04;9;1735.348;1.0;0.986;1.0;1710.576;
17;2025-11-04;10;2035.902;1.0;0.986;1.0;2006.579;
17;2025-11-04;11;2587.149;1.0;0.986;1.0;2549.421;
17;2025-11-04;12;2971.386;1.0;0.986;1.0;2928.214;
17;2025-11-04;13;3246.772;1.0;0.986;1.0;3200.332;
17;2025-11-04;14;3337.768;1.0;0.986;1.0;3289.425;
17;2025-11-04;15;3306.027;1.0;0.986;1.0;3258.53;
17;2025-11-04;16;3232.523;1.0;0.986;1.0;3185.828;
17;2025-11-04;17;3054.72;1.0;0.986;1.0;3010.683;
17;2025-11-04;18;2674.821;1.0;0.986;1.0;2636.637;
17;2025-11-04;19;2180.099;1.0;0.986;1.0;2148.366;
17;2025-11-04;20;1639.106;1.0;0.986;1.0;1614.948;
17;2025-11-04;21;1178.102;1.0;0.986;1.0;1161.036;
17;2025-11-04;22;738.232;1.0;0.986;1.0;727.938;
17;2025-11-04;23;325.911;1.0;0.986;0.999;320.942;
17;2025-11-05;0;117.272;1.0;1.015;0.998;118.816;
17;2025-11-05;1;11.219;1.0;1.015;0.979;11.146;
17;2025-11-05;2;0.0;1.0;1.015;1.0;0.0;
17;2025-11-05;3;0.0;1.0;1.015;1.0;0.0;
17;2025-11-05;4;26.279;1.0;1.015;1.018;27.175;
17;2025-11-05;5;320.488;1.0;1.015;1.001;325.704;
17;2025-11-05;6;1551.238;1.0;1.015;1.0;1575.156;
17;2025-11-05;7;4144.82;1.0;1.015;1.0;4208.285;
17;2025-11-05;8;5409.849;1.0;1.015;1.0;5492.07;
17;2025-11-05;9;3808.289;1.0;1.015;1.0;3866.018;
17;2025-11-05;10;2979.242;1.0;1.015;1.0;3024.489;
17;2025-11-05;11;2929.269;1.0;1.015;1.0;2974.029;
17;2025-11-05;12;2972.958;1.0;1.015;1.0;3018.296;
17;2025-11-05;13;3031.207;1.0;1.015;1.0;3077.814;
17;2025-11-05;14;3113.935;1.0;1.015;1.0;3161.072;
17;2025-11-05;15;3242.329;1.0;1.015;1.0;3292.116;
17;2025-11-05;16;3655.894;1.0;1.015;1.0;3712.236;
17;2025-11-05;17;4500.441;1.0;1.015;1.0;4569.41;
17;2025-11-05;18;4899.925;1.0;1.015;1.0;4975.014;
17;2025-11-05;19;3424.838;1.0;1.015;1.0;3477.16;
17;2025-11-05;20;2372.112;1.0;1.015;1.0;2408.171;
17;2025-11-05;21;1475.518;1.0;1.015;1.0;1497.754;
17;2025-11-05;22;768.654;1.0;1.015;0.999;779.944;
17;2025-11-05;23;365.725;1.0;1.015;0.999;370.863;
17;2025-11-06;0;117.272;1.0;0.999;0.998;116.872;
17;2025-11-06;1;11.219;1.0;0.999;0.979;10.964;
17;2025-11-06;2;0.0;1.0;0.999;1.0;0.0;
17;2025-11-06;3;0.0;1.0;0.999;1.0;0.0;
17;2025-11-06;4;26.279;1.0;0.999;1.018;26.73;
17;2025-11-06;5;320.488;1.0;0.999;1.001;320.374;
17;2025-11-06;6;1551.238;1.0;0.999;1.0;1549.379;
17;2025-11-06;7;4144.82;1.0;0.999;1.0;4139.418;
17;2025-11-06;8;5409.849;1.0;0.999;1.0;5402.194;
17;2025-11-06;9;3808.289;1.0;0.999;1.0;3802.752;
17;2025-11-06;10;2979.242;1.0;0.999;1.0;2974.994;
17;2025-11-06;11;2929.269;1.0;0.999;1.0;2925.36;
17;2025-11-06;12;2972.958;1.0;0.999;1.0;2968.903;
17;2025-11-06;13;3031.207;1.0;0.999;1.0;3027.446;
17;2025-11-06;14;3113.935;1.0;0.999;1.0;3109.342;
17;2025-11-06;15;3242.329;1.0;0.999;1.0;3238.241;
17;2025-11-06;16;3655.894;1.0;0.999;1.0;3651.486;
17;2025-11-06;17;4500.441;1.0;0.999;1.0;4494.633;
17;2025-11-06;18;4899.925;1.0;0.999;1.0;4893.6;
17;2025-11-06;19;3424.838;1.0;0.999;1.0;3420.258;
17;2025-11-06;20;2372.112;1.0;0.999;1.0;2368.762;
17;2025-11-06;21;1475.518;1.0;0.999;1.0;1473.244;
17;2025-11-06;22;768.654;1.0;0.999;0.999;767.181;
17;2025-11-06;23;365.725;1.0;0.999;0.999;364.794;
17;2025-11-07;0;151.332;1.0;1.01;1.002;153.036;
17;2025-11-07;1;15.321;1.0;1.01;0.981;15.178;
17;2025-11-07;2;0.0;1.0;1.01;1.0;0.0;
17;2025-11-07;3;0.0;1.0;1.01;1.0;0.0;
17;2025-11-07;4;26.698;1.0;1.01;0.993;26.779;
17;2025-11-07;5;332.53;1.0;1.01;1.0;335.793;
17;2025-11-07;6;1605.298;1.0;1.01;1.0;1621.093;
17;2025-11-07;7;4289.438;1.0;1.01;1.0;4331.252;
17;2025-11-07;8;5540.274;1.0;1.01;1.0;5593.95;
17;2025-11-07;9;3957.898;1.0;1.01;1.0;3995.989;
17;2025-11-07;10;3180.561;1.0;1.01;1.0;3211.55;
17;2025-11-07;11;3194.211;1.0;1.01;1.0;3225.093;
17;2025-11-07;12;3257.338;1.0;1.01;1.0;3288.958;
17;2025-11-07;13;3329.065;1.0;1.01;1.0;3361.569;
17;2025-11-07;14;3406.932;1.0;1.01;1.0;3440.099;
17;2025-11-07;15;3754.797;1.0;1.01;1.0;3791.778;
17;2025-11-07;16;4423.552;1.0;1.01;1.0;4466.442;
17;2025-11-07;17;4919.222;1.0;1.01;1.0;4966.761;
17;2025-11-07;18;4631.618;1.0;1.01;1.0;4676.478;
17;2025-11-07;19;3441.438;1.0;1.01;1.0;3474.64;
17;2025-11-07;20;2508.925;1.0;1.01;1.0;2533.026;
17;2025-11-07;21;1683.29;1.0;1.01;1.0;1700.108;
17;2025-11-07;22;924.241;1.0;1.01;1.0;933.08;
17;2025-11-07;23;494.52;1.0;1.01;1.0;499.524;
17;2025-11-08;0;227.369;1.0;1.015;1.001;231.134;
17;2025-11-08;1;28.008;1.0;1.015;1.014;28.826;
17;2025-11-08;2;0.0;1.0;1.015;1.0;0.0;
17;2025-11-08;3;0.0;1.0;1.015;1.0;0.0;
17;2025-11-08;4;5.564;1.0;1.015;0.922;5.206;
17;2025-11-08;5;140.081;1.0;1.015;0.999;142.067;
17;2025-11-08;6;599.767;1.0;1.015;1.0;609.101;
17;2025-11-08;7;1271.494;1.0;1.015;1.0;1290.657;
17;2025-11-08;8;1825.686;1.0;1.015;1.0;1853.533;
17;2025-11-08;9;2321.825;1.0;1.015;1.0;2357.152;
17;2025-11-08;10;2585.739;1.0;1.015;1.0;2624.753;
17;2025-11-08;11;3074.537;1.0;1.015;1.0;3121.458;
17;2025-11-08;12;3434.875;1.0;1.015;1.0;3487.001;
17;2025-11-08;13;3640.917;1.0;1.015;1.0;3696.824;
17;2025-11-08;14;3698.608;1.0;1.015;1.0;3755.355;
17;2025-11-08;15;3707.637;1.0;1.015;1.0;3764.154;
17;2025-11-08;16;3715.491;1.0;1.015;1.0;3772.622;
17;2025-11-08;17;3514.711;1.0;1.015;1.0;3568.048;
17;2025-11-08;18;3183.014;1.0;1.015;1.0;3231.527;
17;2025-11-08;19;2626.142;1.0;1.015;1.0;2666.402;
17;2025-11-08;20;2038.034;1.0;1.015;1.0;2068.941;
17;2025-11-08;21;1478.72;1.0;1.015;1.0;1501.196;
17;2025-11-08;22;931.385;1.0;1.015;1.0;946.12;
17;2025-11-08;23;483.395;1.0;1.015;1.0;490.923;
17;2025-11-09;0;195.563;1.0;1.015;1.0;198.475;
17;2025-11-09;1;28.784;1.0;1.015;0.988;28.866;
17;2025-11-09;2;0.0;1.0;1.015;1.0;0.0;
17;2025-11-09;3;0.0;1.0;1.015;1.0;0.0;
17;2025-11-09;4;4.05;1.0;1.015;1.113;4.576;
17;2025-11-09;5;109.387;1.0;1.015;0.999;110.902;
17;2025-11-09;6;453.055;1.0;1.015;1.0;460.139;
17;2025-11-09;7;833.608;1.0;1.015;1.0;846.158;
17;2025-11-09;8;1271.689;1.0;1.015;1.0;1291.622;
17;2025-11-09;9;1735.348;1.0;1.015;1.0;1762.142;
17;2025-11-09;10;2035.902;1.0;1.015;1.0;2067.068;
17;2025-11-09;11;2587.149;1.0;1.015;1.0;2626.275;
17;2025-11-09;12;2971.386;1.0;1.015;1.0;3016.486;
17;2025-11-09;13;3246.772;1.0;1.015;1.0;3296.807;
17;2025-11-09;14;3337.768;1.0;1.015;1.0;3388.586;
17;2025-11-09;15;3306.027;1.0;1.015;1.0;3356.76;
17;2025-11-09;16;3232.523;1.0;1.015;1.0;3281.866;
17;2025-11-09;17;3054.72;1.0;1.015;1.0;3101.442;
17;2025-11-09;18;2674.821;1.0;1.015;1.0;2716.12;
17;2025-11-09;19;2180.099;1.0;1.015;1.0;2213.129;
17;2025-11-09;20;1639.106;1.0;1.015;1.0;1663.632;
17;2025-11-09;21;1178.102;1.0;1.015;1.0;1196.036;
17;2025-11-09;22;738.232;1.0;1.015;1.0;749.882;
17;2025-11-09;23;325.911;1.0;1.015;0.999;330.617;
17;2025-11-10;0;117.272;1.0;1.015;0.998;118.816;
17;2025-11-10;1;11.219;1.0;1.015;0.979;11.146;
17;2025-11-10;2;0.0;1.0;1.015;1.0;0.0;
17;2025-11-10;3;0.0;1.0;1.015;1.0;0.0;
17;2025-11-10;4;26.279;1.0;1.015;1.018;27.175;
17;2025-11-10;5;320.488;1.0;1.015;1.001;325.704;
17;2025-11-10;6;1551.238;1.0;1.015;1.0;1575.156;
17;2025-11-10;7;4144.82;1.0;1.015;1.0;4208.285;
17;2025-11-10;8;5409.849;1.0;1.015;1.0;5492.07;
17;2025-11-10;9;3808.289;1.0;1.015;1.0;3866.018;
17;2025-11-10;10;2979.242;1.0;1.015;1.0;3024.489;
17;2025-11-10;11;2929.269;1.0;1.015;1.0;2974.029;
17;2025-11-10;12;2972.958;1.0;1.015;1.0;3018.296;
17;2025-11-10;13;3031.207;1.0;1.015;1.0;3077.814;
17;2025-11-10;14;3113.935;1.0;1.015;1.0;3161.072;
17;2025-11-10;15;3242.329;1.0;1.015;1.0;3292.116;
17;2025-11-10;16;3655.894;1.0;1.015;1.0;3712.236;
17;2025-11-10;17;4500.441;1.0;1.015;1.0;4569.41;
17;2025-11-10;18;4899.925;1.0;1.015;1.0;4975.014;
17;2025-11-10;19;3424.838;1.0;1.015;1.0;3477.16;
17;2025-11-10;20;2372.112;1.0;1.015;1.0;2408.171;
17;2025-11-10;21;1475.518;1.0;1.015;1.0;1497.754;
17;2025-11-10;22;768.654;1.0;1.015;0.999;779.944;
17;2025-11-10;23;365.725;1.0;1.015;0.999;370.863;
17;2025-11-11;0;117.272;1.0;1.015;0.998;118.816;
17;2025-11-11;1;11.219;1.0;1.015;0.979;11.146;
17;2025-11-11;2;0.0;1.0;1.015;1.0;0.0;
17;2025-11-11;3;0.0;1.0;1.015;1.0;0.0;
17;2025-11-11;4;26.279;1.0;1.015;1.018;27.175;
17;2025-11-11;5;320.488;1.0;1.015;1.001;325.704;
17;2025-11-11;6;1551.238;1.0;1.015;1.0;1575.156;
17;2025-11-11;7;4144.82;1.0;1.015;1.0;4208.285;
17;2025-11-11;8;5409.849;1.0;1.015;1.0;5492.07;
17;2025-11-11;9;3808.289;1.0;1.015;1.0;3866.018;
17;2025-11-11;10;2979.242;1.0;1.015;1.0;3024.489;
17;2025-11-11;11;2929.269;1.0;1.015;1.0;2974.029;
17;2025-11-11;12;2972.958;1.0;1.015;1.0;3018.296;
17;2025-11-11;13;3031.207;1.0;1.015;1.0;3077.814;
17;2025-11-11;14;3113.935;1.0;1.015;1.0;3161.072;
17;2025-11-11;15;3242.329;1.0;1.015;1.0;3292.116;
17;2025-11-11;16;3655.894;1.0;1.015;1.0;3712.236;
17;2025-11-11;17;4500.441;1.0;1.015;1.0;4569.41;
17;2025-11-11;18;4899.925;1.0;1.015;1.0;4975.014;
17;2025-11-11;19;3424.838;1.0;1.015;1.0;3477.16;
17;2025-11-11;20;2372.112;1.0;1.015;1.0;2408.171;
17;2025-11-11;21;1475.518;1.0;1.015;1.0;1497.754;
17;2025-11-11;22;768.654;1.0;1.015;0.999;779.944;
17;2025-11-11;23;365.725;1.0;1.015;0.999;370.863;
17;2025-11-12;0;117.272;1.0;1.004;0.998;117.516;
17;2025-11-12;1;11.219;1.0;1.004;0.979;11.024;
17;2025-11-12;2;0.0;1.0;1.004;1.0;0.0;
17;2025-11-12;3;0.0;1.0;1.004;1.0;0.0;
17;2025-11-12;4;26.279;1.0;1.004;1.018;26.878;
17;2025-11-12;5;320.488;1.0;1.004;1.001;322.141;
17;2025-11-12;6;1551.238;1.0;1.004;1.0;1557.924;
17;2025-11-12;7;4144.82;1.0;1.004;1.0;4162.247;
17;2025-11-12;8;5409.849;1.0;1.004;1.0;5431.988;
17;2025-11-12;9;3808.289;1.0;1.004;1.0;3823.725;
17;2025-11-12;10;2979.242;1.0;1.004;1.0;2991.402;
17;2025-11-12;11;2929.269;1.0;1.004;1.0;2941.494;
17;2025-11-12;12;2972.958;1.0;1.004;1.0;2985.277;
17;2025-11-12;13;3031.207;1.0;1.004;1.0;3044.143;
17;2025-11-12;14;3113.935;1.0;1.004;1.0;3126.491;
17;2025-11-12;15;3242.329;1.0;1.004;1.0;3256.101;
17;2025-11-12;16;3655.894;1.0;1.004;1.0;3671.625;
17;2025-11-12;17;4500.441;1.0;1.004;1.0;4519.422;
17;2025-11-12;18;4899.925;1.0;1.004;1.0;4920.589;
17;2025-11-12;19;3424.838;1.0;1.004;1.0;3439.121;
17;2025-11-12;20;2372.112;1.0;1.004;1.0;2381.826;
17;2025-11-12;21;1475.518;1.0;1.004;1.0;1481.369;
17;2025-11-12;22;768.654;1.0;1.004;0.999;771.412;
17;2025-11-12;23;365.725;1.0;1.004;0.999;366.806;
17;2025-11-13;0;117.272;1.0;1.014;0.998;118.686;
17;2025-11-13;1;11.219;1.0;1.014;0.979;11.134;
17;2025-11-13;2;0.0;1.0;1.014;1.0;0.0;
17;2025-11-13;3;0.0;1.0;1.014;1.0;0.0;
17;2025-11-13;4;26.279;1.0;1.014;1.018;27.145;
17;2025-11-13;5;320.488;1.0;1.014;1.001;325.346;
17;2025-11-13;6;1551.238;1.0;1.014;1.0;1573.425;
17;2025-11-13;7;4144.82;1.0;1.014;1.0;4203.658;
17;2025-11-13;8;5409.849;1.0;1.014;1.0;5486.032;
17;2025-11-13;9;3808.289;1.0;1.014;1.0;3861.768;
17;2025-11-13;10;2979.242;1.0;1.014;1.0;3021.164;
17;2025-11-13;11;2929.269;1.0;1.014;1.0;2970.759;
17;2025-11-13;12;2972.958;1.0;1.014;1.0;3014.978;
17;2025-11-13;13;3031.207;1.0;1.014;1.0;3074.43;
17;2025-11-13;14;3113.935;1.0;1.014;1.0;3157.597;
17;2025-11-13;15;3242.329;1.0;1.014;1.0;3288.496;
17;2025-11-13;16;3655.894;1.0;1.014;1.0;3708.155;
17;2025-11-13;17;4500.441;1.0;1.014;1.0;4564.386;
17;2025-11-13;18;4899.925;1.0;1.014;1.0;4969.545;
17;2025-11-13;19;3424.838;1.0;1.014;1.0;3473.337;
17;2025-11-13;20;2372.112;1.0;1.014;1.0;2405.523;
17;2025-11-13;21;1475.518;1.0;1.014;1.0;1496.107;
17;2025-11-13;22;768.654;1.0;1.014;0.999;779.087;
17;2025-11-13;23;365.725;1.0;1.014;0.999;370.456;
17;2025-11-14;0;151.332;1.0;1.012;1.002;153.373;
17;2025-11-14;1;15.321;1.0;1.012;0.981;15.212;
17;2025-11-14;2;0.0;1.0;1.012;1.0;0.0;
17;2025-11-14;3;0.0;1.0;1.012;1.0;0.0;
17;2025-11-14;4;26.698;1.0;1.012;0.993;26.838;
17;2025-11-14;5;332.53;1.0;1.012;1.0;336.532;
17;2025-11-14;6;1605.298;1.0;1.012;1.0;1624.663;
17;2025-11-14;7;4289.438;1.0;1.012;1.0;4340.791;
17;2025-11-14;8;5540.274;1.0;1.012;1.0;5606.27;
17;2025-11-14;9;3957.898;1.0;1.012;1.0;4004.79;
17;2025-11-14;10;3180.561;1.0;1.012;1.0;3218.623;
17;2025-11-14;11;3194.211;1.0;1.012;1.0;3232.196;
17;2025-11-14;12;3257.338;1.0;1.012;1.0;3296.201;
17;2025-11-14;13;3329.065;1.0;1.012;1.0;3368.973;
17;2025-11-14;14;3406.932;1.0;1.012;1.0;3447.676;
17;2025-11-14;15;3754.797;1.0;1.012;1.0;3800.129;
17;2025-11-14;16;4423.552;1.0;1.012;1.0;4476.279;
17;2025-11-14;17;4919.222;1.0;1.012;1.0;4977.7;
17;2025-11-14;18;4631.618;1.0;1.012;1.0;4686.778;
17;2025-11-14;19;3441.438;1.0;1.012;1.0;3482.293;
17;2025-11-14;20;2508.925;1.0;1.012;1.0;2538.604;
17;2025-11-14;21;1683.29;1.0;1.012;1.0;1703.852;
17;2025-11-14;22;924.241;1.0;1.012;1.0;935.135;
17;2025-11-14;23;494.52;1.0;1.012;1.0;500.624;
17;2025-11-15;0;227.369;1.0;0.947;1.001;215.659;
17;2025-11-15;1;28.008;1.0;0.947;1.014;26.896;
17;2025-11-15;2;0.0;1.0;0.947;1.0;0.0;
17;2025-11-15;3;0.0;1.0;0.947;1.0;0.0;
17;2025-11-15;4;5.564;1.0;0.947;0.922;4.857;
17;2025-11-15;5;140.081;1.0;0.947;0.999;132.555;
17;2025-11-15;6;599.767;1.0;0.947;1.0;568.32;
17;2025-11-15;7;1271.494;1.0;0.947;1.0;1204.243;
17;2025-11-15;8;1825.686;1.0;0.947;1.0;1729.433;
17;2025-11-15;9;2321.825;1.0;0.947;1.0;2199.333;
17;2025-11-15;10;2585.739;1.0;0.947;1.0;2449.018;
17;2025-11-15;11;3074.537;1.0;0.947;1.0;2912.467;
17;2025-11-15;12;3434.875;1.0;0.947;1.0;3253.535;
17;2025-11-15;13;3640.917;1.0;0.947;1.0;3449.31;
17;2025-11-15;14;3698.608;1.0;0.947;1.0;3503.921;
17;2025-11-15;15;3707.637;1.0;0.947;1.0;3512.131;
17;2025-11-15;16;3715.491;1.0;0.947;1.0;3520.033;
17;2025-11-15;17;3514.711;1.0;0.947;1.0;3329.156;
17;2025-11-15;18;3183.014;1.0;0.947;1.0;3015.165;
17;2025-11-15;19;2626.142;1.0;0.947;1.0;2487.878;
17;2025-11-15;20;2038.034;1.0;0.947;1.0;1930.418;
17;2025-11-15;21;1478.72;1.0;0.947;1.0;1400.686;
17;2025-11-15;22;931.385;1.0;0.947;1.0;882.775;
17;2025-11-15;23;483.395;1.0;0.947;1.0;458.054;
17;2025-11-16;0;195.563;1.0;1.015;1.0;198.475;
17;2025-11-16;1;28.784;1.0;1.015;0.988;28.866;
17;2025-11-16;2;0.0;1.0;1.015;1.0;0.0;
17;2025-11-16;3;0.0;1.0;1.015;1.0;0.0;
17;2025-11-16;4;4.05;1.0;1.015;1.113;4.576;
17;2025-11-16;5;109.387;1.0;1.015;0.999;110.902;
17;2025-11-16;6;453.055;1.0;1.015;1.0;460.139;
17;2025-11-16;7;833.608;1.0;1.015;1.0;846.158;
17;2025-11-16;8;1271.689;1.0;1.015;1.0;1291.622;
17;2025-11-16;9;1735.348;1.0;1.015;1.0;1762.142;
17;2025-11-16;10;2035.902;1.0;1.015;1.0;2067.068;
17;2025-11-16;11;2587.149;1.0;1.015;1.0;2626.275;
17;2025-11-16;12;2971.386;1.0;1.015;1.0;3016.486;
17;2025-11-16;13;3246.772;1.0;1.015;1.0;3296.807;
17;2025-11-16;14;3337.768;1.0;1.015;1.0;3388.586;
17;2025-11-16;15;3306.027;1.0;1.015;1.0;3356.76;
17;2025-11-16;16;3232.523;1.0;1.015;1.0;3281.866;
17;2025-11-16;17;3054.72;1.0;1.015;1.0;3101.442;
17;2025-11-16;18;2674.821;1.0;1.015;1.0;2716.12;
17;2025-11-16;19;2180.099;1.0;1.015;1.0;2213.129;
17;2025-11-16;20;1639.106;1.0;1.015;1.0;1663.632;
17;2025-11-16;21;1178.102;1.0;1.015;1.0;1196.036;
17;2025-11-16;22;738.232;1.0;1.015;1.0;749.882;
17;2025-11-16;23;325.911;1.0;1.015;0.999;330.617;
17;2025-11-17;0;117.272;1.0;0.983;0.998;115.086;
17;2025-11-17;1;11.219;1.0;0.983;0.979;10.796;
17;2025-11-17;2;0.0;1.0;0.983;1.0;0.0;
17;2025-11-17;3;0.0;1.0;0.983;1.0;0.0;
17;2025-11-17;4;26.279;1.0;0.983;1.018;26.322;
17;2025-11-17;5;320.488;1.0;0.983;1.001;315.478;
17;2025-11-17;6;1551.238;1.0;0.983;1.0;1525.702;
17;2025-11-17;7;4144.82;1.0;0.983;1.0;4076.159;
17;2025-11-17;8;5409.849;1.0;0.983;1.0;5319.638;
17;2025-11-17;9;3808.289;1.0;0.983;1.0;3744.638;
17;2025-11-17;10;2979.242;1.0;0.983;1.0;2929.53;
17;2025-11-17;11;2929.269;1.0;0.983;1.0;2880.654;
17;2025-11-17;12;2972.958;1.0;0.983;1.0;2923.532;
17;2025-11-17;13;3031.207;1.0;0.983;1.0;2981.181;
17;2025-11-17;14;3113.935;1.0;0.983;1.0;3061.825;
17;2025-11-17;15;3242.329;1.0;0.983;1.0;3188.755;
17;2025-11-17;16;3655.894;1.0;0.983;1.0;3595.684;
17;2025-11-17;17;4500.441;1.0;0.983;1.0;4425.946;
17;2025-11-17;18;4899.925;1.0;0.983;1.0;4818.816;
17;2025-11-17;19;3424.838;1.0;0.983;1.0;3367.989;
17;2025-11-17;20;2372.112;1.0;0.983;1.0;2332.563;
17;2025-11-17;21;1475.518;1.0;0.983;1.0;1450.73;
17;2025-11-17;22;768.654;1.0;0.983;0.999;755.457;
17;2025-11-17;23;365.725;1.0;0.983;0.999;359.22;
17;2025-11-18;0;117.272;1.0;0.964;0.998;112.83;
17;2025-11-18;1;11.219;1.0;0.964;0.979;10.584;
17;2025-11-18;2;0.0;1.0;0.964;1.0;0.0;
17;2025-11-18;3;0.0;1.0;0.964;1.0;0.0;
17;2025-11-18;4;26.279;1.0;0.964;1.018;25.806;
17;2025-11-18;5;320.488;1.0;0.964;1.001;309.293;
17;2025-11-18;6;1551.238;1.0;0.964;1.0;1495.79;
17;2025-11-18;7;4144.82;1.0;0.964;1.0;3996.245;
17;2025-11-18;8;5409.849;1.0;0.964;1.0;5215.345;
17;2025-11-18;9;3808.289;1.0;0.964;1.0;3671.224;
17;2025-11-18;10;2979.242;1.0;0.964;1.0;2872.096;
17;2025-11-18;11;2929.269;1.0;0.964;1.0;2824.178;
17;2025-11-18;12;2972.958;1.0;0.964;1.0;2866.216;
17;2025-11-18;13;3031.207;1.0;0.964;1.0;2922.734;
17;2025-11-18;14;3113.935;1.0;0.964;1.0;3001.797;
17;2025-11-18;15;3242.329;1.0;0.964;1.0;3126.238;
17;2025-11-18;16;3655.894;1.0;0.964;1.0;3525.19;
17;2025-11-18;17;4500.441;1.0;0.964;1.0;4339.174;
17;2025-11-18;18;4899.925;1.0;0.964;1.0;4724.342;
17;2025-11-18;19;3424.838;1.0;0.964;1.0;3301.959;
17;2025-11-18;20;2372.112;1.0;0.964;1.0;2286.832;
17;2025-11-18;21;1475.518;1.0;0.964;1.0;1422.288;
17;2025-11-18;22;768.654;1.0;0.964;0.999;740.646;
17;2025-11-18;23;365.725;1.0;0.964;0.999;352.177;
17;2025-11-19;0;117.272;1.0;1.015;0.998;118.816;
17;2025-11-19;1;11.219;1.0;1.015;0.979;11.146;
17;2025-11-19;2;0.0;1.0;1.015;1.0;0.0;
17;2025-11-19;3;0.0;1.0;1.015;1.0;0.0;
17;2025-11-19;4;26.279;1.0;1.015;1.018;27.175;
17;2025-11-19;5;320.488;1.0;1.015;1.001;325.704;
17;2025-11-19;6;1551.238;1.0;1.015;1.0;1575.156;
17;2025-11-19;7;4144.82;1.0;1.015;1.0;4208.285;
17;2025-11-19;8;5409.849;1.0;1.015;1.0;5492.07;
17;2025-11-19;9;3808.289;1.0;1.015;1.0;3866.018;
17;2025-11-19;10;2979.242;1.0;1.015;1.0;3024.489;
17;2025-11-19;11;2929.269;1.0;1.015;1.0;2974.029;
17;2025-11-19;12;2972.958;1.0;1.015;1.0;3018.296;
17;2025-11-19;13;3031.207;1.0;1.015;1.0;3077.814;
17;2025-11-19;14;3113.935;1.0;1.015;1.0;3161.072;
17;2025-11-19;15;3242.329;1.0;1.015;1.0;3292.116;
17;2025-11-19;16;3655.894;1.0;1.015;1.0;3712.236;
17;2025-11-19;17;4500.441;1.0;1.015;1.0;4569.41;
17;2025-11-19;18;4899.925;1.0;1.015;1.0;4975.014;
17;2025-11-19;19;3424.838;1.0;1.015;1.0;3477.16;
17;2025-11-19;20;2372.112;1.0;1.015;1.0;2408.171;
17;2025-11-19;21;1475.518;1.0;1.015;1.0;1497.754;
17;2025-11-19;22;768.654;1.0;1.015;0.999;779.944;
17;2025-11-19;23;365.725;1.0;1.015;0.999;370.863;
17;2025-11-20;0;117.272;1.0;1.015;0.998;118.816;
17;2025-11-20;1;11.219;1.0;1.015;0.979;11.146;
17;2025-11-20;2;0.0;1.0;1.015;1.0;0.0;
17;2025-11-20;3;0.0;1.0;1.015;1.0;0.0;
17;2025-11-20;4;26.279;1.0;1.015;1.018;27.175;
17;2025-11-20;5;320.488;1.0;1.015;1.001;325.704;
17;2025-11-20;6;1551.238;1.0;1.015;1.0;1575.156;
17;2025-11-20;7;4144.82;1.0;1.015;1.0;4208.285;
17;2025-11-20;8;5409.849;1.0;1.015;1.0;5492.07;
17;2025-11-20;9;3808.289;1.0;1.015;1.0;3866.018;
17;2025-11-20;10;2979.242;1.0;1.015;1.0;3024.489;
17;2025-11-20;11;2929.269;1.0;1.015;1.0;2974.029;
17;2025-11-20;12;2972.958;1.0;1.015;1.0;3018.296;
17;2025-11-20;13;3031.207;1.0;1.015;1.0;3077.814;
17;2025-11-20;14;3113.935;1.0;1.015;1.0;3161.072;
17;2025-11-20;15;3242.329;1.0;1.015;1.0;3292.116;
17;2025-11-20;16;3655.894;1.0;1.015;1.0;3712.236;
17;2025-11-20;17;4500.441;1.0;1.015;1.0;4569.41;
17;2025-11-20;18;4899.925;1.0;1.015;1.0;4975.014;
17;2025-11-20;19;3424.838;1.0;1.015;1.0;3477.16;
17;2025-11-20;20;2372.112;1.0;1.015;1.0;2408.171;
17;2025-11-20;21;1475.518;1.0;1.015;1.0;1497.754;
17;2025-11-20;22;768.654;1.0;1.015;0.999;779.944;
17;2025-11-20;23;365.725;1.0;1.015;0.999;370.863;
17;2025-11-21;0;151.332;1.0;1.012;1.002;153.373;
17;2025-11-21;1;15.321;1.0;1.012;0.981;15.212;
17;2025-11-21;2;0.0;1.0;1.012;1.0;0.0;
17;2025-11-21;3;0.0;1.0;1.012;1.0;0.0;
17;2025-11-21;4;26.698;1.0;1.012;0.993;26.838;
17;2025-11-21;5;332.53;1.0;1.012;1.0;336.532;
17;2025-11-21;6;1605.298;1.0;1.012;1.0;1624.663;
17;2025-11-21;7;4289.438;1.0;1.012;1.0;4340.791;
17;2025-11-21;8;5540.274;1.0;1.012;1.0;5606.27;
17;2025-11-21;9;3957.898;1.0;1.012;1.0;4004.79;
17;2025-11-21;10;3180.561;1.0;1.012;1.0;3218.623;
17;2025-11-21;11;3194.211;1.0;1.012;1.0;3232.196;
17;2025-11-21;12;3257.338;1.0;1.012;1.0;3296.201;
17;2025-11-21;13;3329.065;1.0;1.012;1.0;3368.973;
17;2025-11-21;14;3406.932;1.0;1.012;1.0;3447.676;
17;2025-11-21;15;3754.797;1.0;1.012;1.0;3800.129;
17;2025-11-21;16;4423.552;1.0;1.012;1.0;4476.279;
17;2025-11-21;17;4919.222;1.0;1.012;1.0;4977.7;
17;2025-11-21;18;4631.618;1.0;1.012;1.0;4686.778;
17;2025-11-21;19;3441.438;1.0;1.012;1.0;3482.293;
17;2025-11-21;20;2508.925;1.0;1.012;1.0;2538.604;
17;2025-11-21;21;1683.29;1.0;1.012;1.0;1703.852;
17;2025-11-21;22;924.241;1.0;1.012;1.0;935.135;
17;2025-11-21;23;494.52;1.0;1.012;1.0;500.624;
17;2025-11-22;0;227.369;1.0;1.003;1.001;228.354;
17;2025-11-22;1;28.008;1.0;1.003;1.014;28.479;
17;2025-11-22;2;0.0;1.0;1.003;1.0;0.0;
17;2025-11-22;3;0.0;1.0;1.003;1.0;0.0;
17;2025-11-22;4;5.564;1.0;1.003;0.922;5.143;
17;2025-11-22;5;140.081;1.0;1.003;0.999;140.358;
17;2025-11-22;6;599.767;1.0;1.003;1.0;601.776;
17;2025-11-22;7;1271.494;1.0;1.003;1.0;1275.134;
17;2025-11-22;8;1825.686;1.0;1.003;1.0;1831.24;
17;2025-11-22;9;2321.825;1.0;1.003;1.0;2328.803;
17;2025-11-22;10;2585.739;1.0;1.003;1.0;2593.185;
17;2025-11-22;11;3074.537;1.0;1.003;1.0;3083.916;
17;2025-11-22;12;3434.875;1.0;1.003;1.0;3445.062;
17;2025-11-22;13;3640.917;1.0;1.003;1.0;3652.362;
17;2025-11-22;14;3698.608;1.0;1.003;1.0;3710.189;
17;2025-11-22;15;3707.637;1.0;1.003;1.0;3718.882;
17;2025-11-22;16;3715.491;1.0;1.003;1.0;3727.248;
17;2025-11-22;17;3514.711;1.0;1.003;1.0;3525.135;
17;2025-11-22;18;3183.014;1.0;1.003;1.0;3192.661;
17;2025-11-22;19;2626.142;1.0;1.003;1.0;2634.333;
17;2025-11-22;20;2038.034;1.0;1.003;1.0;2044.057;
17;2025-11-22;21;1478.72;1.0;1.003;1.0;1483.141;
17;2025-11-22;22;931.385;1.0;1.003;1.0;934.741;
17;2025-11-22;23;483.395;1.0;1.003;1.0;485.018;
17;2025-11-23;0;195.563;1.0;1.015;1.0;198.475;
17;2025-11-23;1;28.784;1.0;1.015;0.988;28.866;
17;2025-11-23;2;0.0;1.0;1.015;1.0;0.0;
17;2025-11-23;3;0.0;1.0;1.015;1.0;0.0;
17;2025-11-23;4;4.05;1.0;1.015;1.113;4.576;
17;2025-11-23;5;109.387;1.0;1.015;0.999;110.902;
17;2025-11-23;6;453.055;1.0;1.015;1.0;460.139;
17;2025-11-23;7;833.608;1.0;1.015;1.0;846.158;
17;2025-11-23;8;1271.689;1.0;1.015;1.0;1291.622;
17;2025-11-23;9;1735.348;1.0;1.015;1.0;1762.142;
17;2025-11-23;10;2035.902;1.0;1.015;1.0;2067.068;
17;2025-11-23;11;2587.149;1.0;1.015;1.0;2626.275;
17;2025-11-23;12;2971.386;1.0;1.015;1.0;3016.486;
17;2025-11-23;13;3246.772;1.0;1.015;1.0;3296.807;
17;2025-11-23;14;3337.768;1.0;1.015;1.0;3388.586;
17;2025-11-23;15;3306.027;1.0;1.015;1.0;3356.76;
17;2025-11-23;16;3232.523;1.0;1.015;1.0;3281.866;
17;2025-11-23;17;3054.72;1.0;1.015;1.0;3101.442;
17;2025-11-23;18;2674.821;1.0;1.015;1.0;2716.12;
17;2025-11-23;19;2180.099;1.0;1.015;1.0;2213.129;
17;2025-11-23;20;1639.106;1.0;1.015;1.0;1663.632;
17;2025-11-23;21;1178.102;1.0;1.015;1.0;1196.036;
17;2025-11-23;22;738.232;1.0;1.015;1.0;749.882;
17;2025-11-23;23;325.911;1.0;1.015;0.999;330.617;
17;2025-11-24;0;117.272;1.0;0.969;0.998;113.452;
17;2025-11-24;1;11.219;1.0;0.969;0.979;10.643;
17;2025-11-24;2;0.0;1.0;0.969;1.0;0.0;
17;2025-11-24;3;0.0;1.0;0.969;1.0;0.0;
17;2025-11-24;4;26.279;1.0;0.969;1.018;25.948;
17;2025-11-24;5;320.488;1.0;0.969;1.001;310.999;
17;2025-11-24;6;1551.238;1.0;0.969;1.0;1504.039;
17;2025-11-24;7;4144.82;1.0;0.969;1.0;4018.285;
17;2025-11-24;8;5409.849;1.0;0.969;1.0;5244.108;
17;2025-11-24;9;3808.289;1.0;0.969;1.0;3691.471;
17;2025-11-24;10;2979.242;1.0;0.969;1.0;2887.936;
17;2025-11-24;11;2929.269;1.0;0.969;1.0;2839.754;
17;2025-11-24;12;2972.958;1.0;0.969;1.0;2882.023;
17;2025-11-24;13;3031.207;1.0;0.969;1.0;2938.853;
17;2025-11-24;14;3113.935;1.0;0.969;1.0;3018.353;
17;2025-11-24;15;3242.329;1.0;0.969;1.0;3143.48;
17;2025-11-24;16;3655.894;1.0;0.969;1.0;3544.632;
17;2025-11-24;17;4500.441;1.0;0.969;1.0;4363.106;
17;2025-11-24;18;4899.925;1.0;0.969;1.0;4750.397;
17;2025-11-24;19;3424.838;1.0;0.969;1.0;3320.17;
17;2025-11-24;20;2372.112;1.0;0.969;1.0;2299.444;
17;2025-11-24;21;1475.518;1.0;0.969;1.0;1430.132;
17;2025-11-24;22;768.654;1.0;0.969;0.999;744.731;
17;2025-11-24;23;365.725;1.0;0.969;0.999;354.119;
17;2025-11-25;0;117.272;1.0;1.015;0.998;118.816;
17;2025-11-25;1;11.219;1.0;1.015;0.979;11.146;
17;2025-11-25;2;0.0;1.0;1.015;1.0;0.0;
17;2025-11-25;3;0.0;1.0;1.015;1.0;0.0;
17;2025-11-25;4;26.279;1.0;1.015;1.018;27.175;
17;2025-11-25;5;320.488;1.0;1.015;1.001;325.704;
17;2025-11-25;6;1551.238;1.0;1.015;1.0;1575.156;
17;2025-11-25;7;4144.82;1.0;1.015;1.0;4208.285;
17;2025-11-25;8;5409.849;1.0;1.015;1.0;5492.07;
17;2025-11-25;9;3808.289;1.0;1.015;1.0;3866.018;
17;2025-11-25;10;2979.242;1.0;1.015;1.0;3024.489;
17;2025-11-25;11;2929.269;1.0;1.015;1.0;2974.029;
17;2025-11-25;12;2972.958;1.0;1.015;1.0;3018.296;
17;2025-11-25;13;3031.207;1.0;1.015;1.0;3077.814;
17;2025-11-25;14;3113.935;1.0;1.015;1.0;3161.072;
17;2025-11-25;15;3242.329;1.0;1.015;1.0;3292.116;
17;2025-11-25;16;3655.894;1.0;1.015;1.0;3712.236;
17;2025-11-25;17;4500.441;1.0;1.015;1.0;4569.41;
17;2025-11-25;18;4899.925;1.0;1.015;1.0;4975.014;
17;2025-11-25;19;3424.838;1.0;1.015;1.0;3477.16;
17;2025-11-25;20;2372.112;1.0;1.015;1.0;2408.171;
17;2025-11-25;21;1475.518;1.0;1.015;1.0;1497.754;
17;2025-11-25;22;768.654;1.0;1.015;0.999;779.944;
17;2025-11-25;23;365.725;1.0;1.015;0.999;370.863;
17;2025-11-26;0;117.272;1.0;0.966;0.998;113.078;
17;2025-11-26;1;11.219;1.0;0.966;0.979;10.608;
17;2025-11-26;2;0.0;1.0;0.966;1.0;0.0;
17;2025-11-26;3;0.0;1.0;0.966;1.0;0.0;
17;2025-11-26;4;26.279;1.0;0.966;1.018;25.863;
17;2025-11-26;5;320.488;1.0;0.966;1.001;309.974;
17;2025-11-26;6;1551.238;1.0;0.966;1.0;1499.084;
17;2025-11-26;7;4144.82;1.0;0.966;1.0;4005.046;
17;2025-11-26;8;5409.849;1.0;0.966;1.0;5226.831;
17;2025-11-26;9;3808.289;1.0;0.966;1.0;3679.309;
17;2025-11-26;10;2979.242;1.0;0.966;1.0;2878.421;
17;2025-11-26;11;2929.269;1.0;0.966;1.0;2830.398;
17;2025-11-26;12;2972.958;1.0;0.966;1.0;2872.528;
17;2025-11-26;13;3031.207;1.0;0.966;1.0;2929.171;
17;2025-11-26;14;3113.935;1.0;0.966;1.0;3008.409;
17;2025-11-26;15;3242.329;1.0;0.966;1.0;3133.123;
17;2025-11-26;16;3655.894;1.0;0.966;1.0;3532.954;
17;2025-11-26;17;4500.441;1.0;0.966;1.0;4348.731;
17;2025-11-26;18;4899.925;1.0;0.966;1.0;4734.747;
17;2025-11-26;19;3424.838;1.0;0.966;1.0;3309.231;
17;2025-11-26;20;2372.112;1.0;0.966;1.0;2291.869;
17;2025-11-26;21;1475.518;1.0;0.966;1.0;1425.42;
17;2025-11-26;22;768.654;1.0;0.966;0.999;742.277;
17;2025-11-26;23;365.725;1.0;0.966;0.999;352.953;
17;2025-11-27;0;117.272;1.0;0.976;0.998;114.203;
17;2025-11-27;1;11.219;1.0;0.976;0.979;10.713;
17;2025-11-27;2;0.0;1.0;0.976;1.0;0.0;
17;2025-11-27;3;0.0;1.0;0.976;1.0;0.0;
17;2025-11-27;4;26.279;1.0;0.976;1.018;26.12;
17;2025-11-27;5;320.488;1.0;0.976;1.001;313.058;
17;2025-11-27;6;1551.238;1.0;0.976;1.0;1513.999;
17;2025-11-27;7;4144.82;1.0;0.976;1.0;4044.893;
17;2025-11-27;8;5409.849;1.0;0.976;1.0;5278.834;
17;2025-11-27;9;3808.289;1.0;0.976;1.0;3715.915;
17;2025-11-27;10;2979.242;1.0;0.976;1.0;2907.059;
17;2025-11-27;11;2929.269;1.0;0.976;1.0;2858.558;
17;2025-11-27;12;2972.958;1.0;0.976;1.0;2901.108;
17;2025-11-27;13;3031.207;1.0;0.976;1.0;2958.314;
17;2025-11-27;14;3113.935;1.0;0.976;1.0;3038.34;
17;2025-11-27;15;3242.329;1.0;0.976;1.0;3164.295;
17;2025-11-27;16;3655.894;1.0;0.976;1.0;3568.104;
17;2025-11-27;17;4500.441;1.0;0.976;1.0;4391.997;
17;2025-11-27;18;4899.925;1.0;0.976;1.0;4781.853;
17;2025-11-27;19;3424.838;1.0;0.976;1.0;3342.155;
17;2025-11-27;20;2372.112;1.0;0.976;1.0;2314.671;
17;2025-11-27;21;1475.518;1.0;0.976;1.0;1439.602;
17;2025-11-27;22;768.654;1.0;0.976;0.999;749.662;
17;2025-11-27;23;365.725;1.0;0.976;0.999;356.464;
17;2025-11-28;0;151.332;1.0;1.015;1.002;153.88;
17;2025-11-28;1;15.321;1.0;1.015;0.981;15.262;
17;2025-11-28;2;0.0;1.0;1.015;1.0;0.0;
17;2025-11-28;3;0.0;1.0;1.015;1.0;0.0;
17;2025-11-28;4;26.698;1.0;1.015;0.993;26.927;
17;2025-11-28;5;332.53;1.0;1.015;1.0;337.645;
17;2025-11-28;6;1605.298;1.0;1.015;1.0;1630.033;
17;2025-11-28;7;4289.438;1.0;1.015;1.0;4355.14;
17;2025-11-28;8;5540.274;1.0;1.015;1.0;5624.801;
17;2025-11-28;9;3957.898;1.0;1.015;1.0;4018.028;
17;2025-11-28;10;3180.561;1.0;1.015;1.0;3229.262;
17;2025-11-28;11;3194.211;1.0;1.015;1.0;3242.88;
17;2025-11-28;12;3257.338;1.0;1.015;1.0;3307.097;
17;2025-11-28;13;3329.065;1.0;1.015;1.0;3380.109;
17;2025-11-28;14;3406.932;1.0;1.015;1.0;3459.072;
17;2025-11-28;15;3754.797;1.0;1.015;1.0;3812.691;
17;2025-11-28;16;4423.552;1.0;1.015;1.0;4491.075;
17;2025-11-28;17;4919.222;1.0;1.015;1.0;4994.154;
17;2025-11-28;18;4631.618;1.0;1.015;1.0;4702.269;
17;2025-11-28;19;3441.438;1.0;1.015;1.0;3493.803;
17;2025-11-28;20;2508.925;1.0;1.015;1.0;2546.996;
17;2025-11-28;21;1683.29;1.0;1.015;1.0;1709.484;
17;2025-11-28;22;924.241;1.0;1.015;1.0;938.226;
17;2025-11-28;23;494.52;1.0;1.015;1.0;502.279;
17;2025-11-29;0;227.369;1.0;1.015;1.001;231.134;
17;2025-11-29;1;28.008;1.0;1.015;1.014;28.826;
17;2025-11-29;2;0.0;1.0;1.015;1.0;0.0;
17;2025-11-29;3;0.0;1.0;1.015;1.0;0.0;
17;2025-11-29;4;5.564;1.0;1.015;0.922;5.206;
17;2025-11-29;5;140.081;1.0;1.015;0.999;142.067;
17;2025-11-29;6;599.767;1.0;1.015;1.0;609.101;
17;2025-11-29;7;1271.494;1.0;1.015;1.0;1290.657;
17;2025-11-29;8;1825.686;1.0;1.015;1.0;1853.533;
17;2025-11-29;9;2321.825;1.0;1.015;1.0;2357.152;
17;2025-11-29;10;2585.739;1.0;1.015;1.0;2624.753;
17;2025-11-29;11;3074.537;1.0;1.015;1.0;3121.458;
17;2025-11-29;12;3434.875;1.0;1.015;1.0;3487.001;
17;2025-11-29;13;3640.917;1.0;1.015;1.0;3696.824;
17;2025-11-29;14;3698.608;1.0;1.015;1.0;3755.355;
17;2025-11-29;15;3707.637;1.0;1.015;1.0;3764.154;
17;2025-11-29;16;3715.491;1.0;1.015;1.0;3772.622;
17;2025-11-29;17;3514.711;1.0;1.015;1.0;3568.048;
17;2025-11-29;18;3183.014;1.0;1.015;1.0;3231.527;
17;2025-11-29;19;2626.142;1.0;1.015;1.0;2666.402;
17;2025-11-29;20;2038.034;1.0;1.015;1.0;2068.941;
17;2025-11-29;21;1478.72;1.0;1.015;1.0;1501.196;
17;2025-11-29;22;931.385;1.0;1.015;1.0;946.12;
17;2025-11-29;23;483.395;1.0;1.015;1.0;490.923;
17;2025-11-30;0;195.563;1.0;1.015;1.0;198.475;
17;2025-11-30;1;28.784;1.0;1.015;0.988;28.866;
17;2025-11-30;2;0.0;1.0;1.015;1.0;0.0;
17;2025-11-30;3;0.0;1.0;1.015;1.0;0.0;
17;2025-11-30;4;4.05;1.0;1.015;1.113;4.576;
17;2025-11-30;5;109.387;1.0;1.015;0.999;110.902;
17;2025-11-30;6;453.055;1.0;1.015;1.0;460.139;
17;2025-11-30;7;833.608;1.0;1.015;1.0;846.158;
17;2025-11-30;8;1271.689;1.0;1.015;1.0;1291.622;
17;2025-11-30;9;1735.348;1.0;1.015;1.0;1762.142;
17;2025-11-30;10;2035.902;1.0;1.015;1.0;2067.068;
17;2025-11-30;11;2587.149;1.0;1.015;1.0;2626.275;
17;2025-11-30;12;2971.386;1.0;1.015;1.0;3016.486;
17;2025-11-30;13;3246.772;1.0;1.015;1.0;3296.807;
17;2025-11-30;14;3337.768;1.0;1.015;1.0;3388.586;
17;2025-11-30;15;3306.027;1.0;1.015;1.0;3356.76;
17;2025-11-30;16;3232.523;1.0;1.015;1.0;3281.866;
17;2025-11-30;17;3054.72;1.0;1.015;1.0;3101.442;
17;2025-11-30;18;2674.821;1.0;1.015;1.0;2716.12;
17;2025-11-30;19;2180.099;1.0;1.015;1.0;2213.129;
17;2025-11-30;20;1639.106;1.0;1.015;1.0;1663.632;
17;2025-11-30;21;1178.102;1.0;1.015;1.0;1196.036;
17;2025-11-30;22;738.232;1.0;1.015;1.0;749.882;
17;2025-11-30;23;325.911;1.0;1.015;0.999;330.617;
17;2025-12-01;0;117.272;1.0;1.015;0.998;118.816;
17;2025-12-01;1;11.219;1.0;1.015;0.979;11.146;
17;2025-12-01;2;0.0;1.0;1.015;1.0;0.0;
17;2025-12-01;3;0.0;1.0;1.015;1.0;0.0;
17;2025-12-01;4;26.279;1.0;1.015;1.018;27.175;
17;2025-12-01;5;320.488;1.0;1.015;1.001;325.704;
17;2025-12-01;6;1551.238;1.0;1.015;1.0;1575.156;
17;2025-12-01;7;4144.82;1.0;1.015;1.0;4208.285;
17;2025-12-01;8;5409.849;1.0;1.015;1.0;5492.07;
17;2025-12-01;9;3808.289;1.0;1.015;1.0;3866.018;
17;2025-12-01;10;2979.242;1.0;1.015;1.0;3024.489;
17;2025-12-01;11;2929.269;1.0;1.015;1.0;2974.029;
17;2025-12-01;12;2972.958;1.0;1.015;1.0;3018.296;
17;2025-12-01;13;3031.207;1.0;1.015;1.0;3077.814;
17;2025-12-01;14;3113.935;1.0;1.015;1.0;3161.072;
17;2025-12-01;15;3242.329;1.0;1.015;1.0;3292.116;
17;2025-12-01;16;3655.894;1.0;1.015;1.0;3712.236;
17;2025-12-01;17;4500.441;1.0;1.015;1.0;4569.41;
17;2025-12-01;18;4899.925;1.0;1.015;1.0;4975.014;
17;2025-12-01;19;3424.838;1.0;1.015;1.0;3477.16;
17;2025-12-01;20;2372.112;1.0;1.015;1.0;2408.171;
17;2025-12-01;21;1475.518;1.0;1.015;1.0;1497.754;
17;2025-12-01;22;768.654;1.0;1.015;0.999;779.944;
17;2025-12-01;23;365.725;1.0;1.015;0.999;370.863;
17;2025-12-02;0;117.272;1.0;1.015;0.998;118.816;
17;2025-12-02;1;11.219;1.0;1.015;0.979;11.146;
17;2025-12-02;2;0.0;1.0;1.015;1.0;0.0;
17;2025-12-02;3;0.0;1.0;1.015;1.0;0.0;
17;2025-12-02;4;26.279;1.0;1.015;1.018;27.175;
17;2025-12-02;5;320.488;1.0;1.015;1.001;325.704;
17;2025-12-02;6;1551.238;1.0;1.015;1.0;1575.156;
17;2025-12-02;7;4144.82;1.0;1.015;1.0;4208.285;
17;2025-12-02;8;5409.849;1.0;1.015;1.0;5492.07;
17;2025-12-02;9;3808.289;1.0;1.015;1.0;3866.018;
17;2025-12-02;10;2979.242;1.0;1.015;1.0;3024.489;
17;2025-12-02;11;2929.269;1.0;1.015;1.0;2974.029;
17;2025-12-02;12;2972.958;1.0;1.015;1.0;3018.296;
17;2025-12-02;13;3031.207;1.0;1.015;1.0;3077.814;
17;2025-12-02;14;3113.935;1.0;1.015;1.0;3161.072;
17;2025-12-02;15;3242.329;1.0;1.015;1.0;3292.116;
17;2025-12-02;16;3655.894;1.0;1.015;1.0;3712.236;
17;2025-12-02;17;4500.441;1.0;1.015;1.0;4569.41;
17;2025-12-02;18;4899.925;1.0;1.015;1.0;4975.014;
17;2025-12-02;19;3424.838;1.0;1.015;1.0;3477.16;
17;2025-12-02;20;2372.112;1.0;1.015;1.0;2408.171;
17;2025-12-02;21;1475.518;1.0;1.015;1.0;1497.754;
17;2025-12-02;22;768.654;1.0;1.015;0.999;779.944;
17;2025-12-02;23;365.725;1.0;1.015;0.999;370.863;
17;2025-12-03;0;117.272;1.0;1.015;0.998;118.816;
17;2025-12-03;1;11.219;1.0;1.015;0.979;11.146;
17;2025-12-03;2;0.0;1.0;1.015;1.0;0.0;
17;2025-12-03;3;0.0;1.0;1.015;1.0;0.0;
17;2025-12-03;4;26.279;1.0;1.015;1.018;27.175;
17;2025-12-03;5;320.488;1.0;1.015;1.001;325.704;
17;2025-12-03;6;1551.238;1.0;1.015;1.0;1575.156;
17;2025-12-03;7;4144.82;1.0;1.015;1.0;4208.285;
17;2025-12-03;8;5409.849;1.0;1.015;1.0;5492.07;
17;2025-12-03;9;3808.289;1.0;1.015;1.0;3866.018;
17;2025-12-03;10;2979.242;1.0;1.015;1.0;3024.489;
17;2025-12-03;11;2929.269;1.0;1.015;1.0;2974.029;
17;2025-12-03;12;2972.958;1.0;1.015;1.0;3018.296;
17;2025-12-03;13;3031.207;1.0;1.015;1.0;3077.814;
17;2025-12-03;14;3113.935;1.0;1.015;1.0;3161.072;
17;2025-12-03;15;3242.329;1.0;1.015;1.0;3292.116;
17;2025-12-03;16;3655.894;1.0;1.015;1.0;3712.236;
17;2025-12-03;17;4500.441;1.0;1.015;1.0;4569.41;
17;2025-12-03;18;4899.925;1.0;1.015;1.0;4975.014;
17;2025-12-03;19;3424.838;1.0;1.015;1.0;3477.16;
17;2025-12-03;20;2372.112;1.0;1.015;1.0;2408.171;
17;2025-12-03;21;1475.518;1.0;1.015;1.0;1497.754;
17;2025-12-03;22;768.654;1.0;1.015;0.999;779.944;
17;2025-12-03;23;365.725;1.0;1.015;0.999;370.863;
17;2025-12-04;0;117.272;1.0;1.015;0.998;118.816;
17;2025-12-04;1;11.219;1.0;1.015;0.979;11.146;
17;2025-12-04;2;0.0;1.0;1.015;1.0;0.0;
17;2025-12-04;3;0.0;1.0;1.015;1.0;0.0;
17;2025-12-04;4;26.279;1.0;1.015;1.018;27.175;
17;2025-12-04;5;320.488;1.0;1.015;1.001;325.704;
17;2025-12-04;6;1551.238;1.0;1.015;1.0;1575.156;
17;2025-12-04;7;4144.82;1.0;1.015;1.0;4208.285;
17;2025-12-04;8;5409.849;1.0;1.015;1.0;5492.07;
17;2025-12-04;9;3808.289;1.0;1.015;1.0;3866.018;
17;2025-12-04;10;2979.242;1.0;1.015;1.0;3024.489;
17;2025-12-04;11;2929.269;1.0;1.015;1.0;2974.029;
17;2025-12-04;12;2972.958;1.0;1.015;1.0;3018.296;
17;2025-12-04;13;3031.207;1.0;1.015;1.0;3077.814;
17;2025-12-04;14;3113.935;1.0;1.015;1.0;3161.072;
17;2025-12-04;15;3242.329;1.0;1.015;1.0;3292.116;
17;2025-12-04;16;3655.894;1.0;1.015;1.0;3712.236;
17;2025-12-04;17;4500.441;1.0;1.015;1.0;4569.41;
17;2025-12-04;18;4899.925;1.0;1.015;1.0;4975.014;
17;2025-12-04;19;3424.838;1.0;1.015;1.0;3477.16;
17;2025-12-04;20;2372.112;1.0;1.015;1.0;2408.171;
17;2025-12-04;21;1475.518;1.0;1.015;1.0;1497.754;
17;2025-12-04;22;768.654;1.0;1.015;0.999;779.944;
17;2025-12-04;23;365.725;1.0;1.015;0.999;370.863;
17;2025-12-05;0;151.332;1.0;1.015;1.002;153.88;
17;2025-12-05;1;15.321;1.0;1.015;0.981;15.262;
17;2025-12-05;2;0.0;1.0;1.015;1.0;0.0;
17;2025-12-05;3;0.0;1.0;1.015;1.0;0.0;
17;2025-12-05;4;26.698;1.0;1.015;0.993;26.927;
17;2025-12-05;5;332.53;1.0;1.015;1.0;337.645;
17;2025-12-05;6;1605.298;1.0;1.015;1.0;1630.033;
17;2025-12-05;7;4289.438;1.0;1.015;1.0;4355.14;
17;2025-12-05;8;5540.274;1.0;1.015;1.0;5624.801;
17;2025-12-05;9;3957.898;1.0;1.015;1.0;4018.028;
17;2025-12-05;10;3180.561;1.0;1.015;1.0;3229.262;
17;2025-12-05;11;3194.211;1.0;1.015;1.0;3242.88;
17;2025-12-05;12;3257.338;1.0;1.015;1.0;3307.097;
17;2025-12-05;13;3329.065;1.0;1.015;1.0;3380.109;
17;2025-12-05;14;3406.932;1.0;1.015;1.0;3459.072;
17;2025-12-05;15;3754.797;1.0;1.015;1.0;3812.691;
17;2025-12-05;16;4423.552;1.0;1.015;1.0;4491.075;
17;2025-12-05;17;4919.222;1.0;1.015;1.0;4994.154;
17;2025-12-05;18;4631.618;1.0;1.015;1.0;4702.269;
17;2025-12-05;19;3441.438;1.0;1.015;1.0;3493.803;
17;2025-12-05;20;2508.925;1.0;1.015;1.0;2546.996;
17;2025-12-05;21;1683.29;1.0;1.015;1.0;1709.484;
17;2025-12-05;22;924.241;1.0;1.015;1.0;938.226;
17;2025-12-05;23;494.52;1.0;1.015;1.0;502.279;
17;2025-12-06;0;227.369;1.0;1.015;1.001;231.134;
17;2025-12-06;1;28.008;1.0;1.015;1.014;28.826;
17;2025-12-06;2;0.0;1.0;1.015;1.0;0.0;
17;2025-12-06;3;0.0;1.0;1.015;1.0;0.0;
17;2025-12-06;4;5.564;1.0;1.015;0.922;5.206;
17;2025-12-06;5;140.081;1.0;1.015;0.999;142.067;
17;2025-12-06;6;599.767;1.0;1.015;1.0;609.101;
17;2025-12-06;7;1271.494;1.0;1.015;1.0;1290.657;
17;2025-12-06;8;1825.686;1.0;1.015;1.0;1853.533;
17;2025-12-06;9;2321.825;1.0;1.015;1.0;2357.152;
17;2025-12-06;10;2585.739;1.0;1.015;1.0;2624.753;
17;2025-12-06;11;3074.537;1.0;1.015;1.0;3121.458;
17;2025-12-06;12;3434.875;1.0;1.015;1.0;3487.001;
17;2025-12-06;13;3640.917;1.0;1.015;1.0;3696.824;
17;2025-12-06;14;3698.608;1.0;1.015;1.0;3755.355;
17;2025-12-06;15;3707.637;1.0;1.015;1.0;3764.154;
17;2025-12-06;16;3715.491;1.0;1.015;1.0;3772.622;
17;2025-12-06;17;3514.711;1.0;1.015;1.0;3568.048;
17;2025-12-06;18;3183.014;1.0;1.015;1.0;3231.527;
17;2025-12-06;19;2626.142;1.0;1.015;1.0;2666.402;
17;2025-12-06;20;2038.034;1.0;1.015;1.0;2068.941;
17;2025-12-06;21;1478.72;1.0;1.015;1.0;1501.196;
17;2025-12-06;22;931.385;1.0;1.015;1.0;946.12;
17;2025-12-06;23;483.395;1.0;1.015;1.0;490.923;
17;2025-12-07;0;195.563;1.0;1.015;1.0;198.475;
17;2025-12-07;1;28.784;1.0;1.015;0.988;28.866;
17;2025-12-07;2;0.0;1.0;1.015;1.0;0.0;
17;2025-12-07;3;0.0;1.0;1.015;1.0;0.0;
17;2025-12-07;4;4.05;1.0;1.015;1.113;4.576;
17;2025-12-07;5;109.387;1.0;1.015;0.999;110.902;
17;2025-12-07;6;453.055;1.0;1.015;1.0;460.139;
17;2025-12-07;7;833.608;1.0;1.015;1.0;846.158;
17;2025-12-07;8;1271.689;1.0;1.015;1.0;1291.622;
17;2025-12-07;9;1735.348;1.0;1.015;1.0;1762.142;
17;2025-12-07;10;2035.902;1.0;1.015;1.0;2067.068;
17;2025-12-07;11;2587.149;1.0;1.015;1.0;2626.275;
17;2025-12-07;12;2971.386;1.0;1.015;1.0;3016.486;
17;2025-12-07;13;3246.772;1.0;1.015;1.0;3296.807;
17;2025-12-07;14;3337.768;1.0;1.015;1.0;3388.586;
17;2025-12-07;15;3306.027;1.0;1.015;1.0;3356.76;
17;2025-12-07;16;3232.523;1.0;1.015;1.0;3281.866;
17;2025-12-07;17;3054.72;1.0;1.015;1.0;3101.442;
17;2025-12-07;18;2674.821;1.0;1.015;1.0;2716.12;
17;2025-12-07;19;2180.099;1.0;1.015;1.0;2213.129;
17;2025-12-07;20;1639.106;1.0;1.015;1.0;1663.632;
17;2025-12-07;21;1178.102;1.0;1.015;1.0;1196.036;
17;2025-12-07;22;738.232;1.0;1.015;1.0;749.882;
17;2025-12-07;23;325.911;1.0;1.015;0.999;330.617;
17;2025-12-08;0;117.272;1.0;1.015;0.998;118.816;
17;2025-12-08;1;11.219;1.0;1.015;0.979;11.146;
17;2025-12-08;2;0.0;1.0;1.015;1.0;0.0;
17;2025-12-08;3;0.0;1.0;1.015;1.0;0.0;
17;2025-12-08;4;26.279;1.0;1.015;1.018;27.175;
17;2025-12-08;5;320.488;1.0;1.015;1.001;325.704;
17;2025-12-08;6;1551.238;1.0;1.015;1.0;1575.156;
17;2025-12-08;7;4144.82;1.0;1.015;1.0;4208.285;
17;2025-12-08;8;5409.849;1.0;1.015;1.0;5492.07;
17;2025-12-08;9;3808.289;1.0;1.015;1.0;3866.018;
17;2025-12-08;10;2979.242;1.0;1.015;1.0;3024.489;
17;2025-12-08;11;2929.269;1.0;1.015;1.0;2974.029;
17;2025-12-08;12;2972.958;1.0;1.015;1.0;3018.296;
17;2025-12-08;13;3031.207;1.0;1.015;1.0;3077.814;
17;2025-12-08;14;3113.935;1.0;1.015;1.0;3161.072;
17;2025-12-08;15;3242.329;1.0;1.015;1.0;3292.116;
17;2025-12-08;16;3655.894;1.0;1.015;1.0;3712.236;
17;2025-12-08;17;4500.441;1.0;1.015;1.0;4569.41;
17;2025-12-08;18;4899.925;1.0;1.015;1.0;4975.014;
17;2025-12-08;19;3424.838;1.0;1.015;1.0;3477.16;
17;2025-12-08;20;2372.112;1.0;1.015;1.0;2408.171;
17;2025-12-08;21;1475.518;1.0;1.015;1.0;1497.754;
17;2025-12-08;22;768.654;1.0;1.015;0.999;779.944;
17;2025-12-08;23;365.725;1.0;1.015;0.999;370.863;
17;2025-12-09;0;117.272;1.0;1.015;0.998;118.816;
17;2025-12-09;1;11.219;1.0;1.015;0.979;11.146;
17;2025-12-09;2;0.0;1.0;1.015;1.0;0.0;
17;2025-12-09;3;0.0;1.0;1.015;1.0;0.0;
17;2025-12-09;4;26.279;1.0;1.015;1.018;27.175;
17;2025-12-09;5;320.488;1.0;1.015;1.001;325.704;
17;2025-12-09;6;1551.238;1.0;1.015;1.0;1575.156;
17;2025-12-09;7;4144.82;1.0;1.015;1.0;4208.285;
17;2025-12-09;8;5409.849;1.0;1.015;1.0;5492.07;
17;2025-12-09;9;3808.289;1.0;1.015;1.0;3866.018;
17;2025-12-09;10;2979.242;1.0;1.015;1.0;3024.489;
17;2025-12-09;11;2929.269;1.0;1.015;1.0;2974.029;
17;2025-12-09;12;2972.958;1.0;1.015;1.0;3018.296;
17;2025-12-09;13;3031.207;1.0;1.015;1.0;3077.814;
17;2025-12-09;14;3113.935;1.0;1.015;1.0;3161.072;
17;2025-12-09;15;3242.329;1.0;1.015;1.0;3292.116;
17;2025-12-09;16;3655.894;1.0;1.015;1.0;3712.236;
17;2025-12-09;17;4500.441;1.0;1.015;1.0;4569.41;
17;2025-12-09;18;4899.925;1.0;1.015;1.0;4975.014;
17;2025-12-09;19;3424.838;1.0;1.015;1.0;3477.16;
17;2025-12-09;20;2372.112;1.0;1.015;1.0;2408.171;
17;2025-12-09;21;1475.518;1.0;1.015;1.0;1497.754;
17;2025-12-09;22;768.654;1.0;1.015;0.999;779.944;
17;2025-12-09;23;365.725;1.0;1.015;0.999;370.863;
17;2025-12-10;0;117.272;1.0;1.006;0.998;117.775;
17;2025-12-10;1;11.219;1.0;1.006;0.979;11.048;
17;2025-12-10;2;0.0;1.0;1.006;1.0;0.0;
17;2025-12-10;3;0.0;1.0;1.006;1.0;0.0;
17;2025-12-10;4;26.279;1.0;1.006;1.018;26.937;
17;2025-12-10;5;320.488;1.0;1.006;1.001;322.851;
17;2025-12-10;6;1551.238;1.0;1.006;1.0;1561.356;
17;2025-12-10;7;4144.82;1.0;1.006;1.0;4171.414;
17;2025-12-10;8;5409.849;1.0;1.006;1.0;5443.952;
17;2025-12-10;9;3808.289;1.0;1.006;1.0;3832.146;
17;2025-12-10;10;2979.242;1.0;1.006;1.0;2997.99;
17;2025-12-10;11;2929.269;1.0;1.006;1.0;2947.972;
17;2025-12-10;12;2972.958;1.0;1.006;1.0;2991.852;
17;2025-12-10;13;3031.207;1.0;1.006;1.0;3050.848;
17;2025-12-10;14;3113.935;1.0;1.006;1.0;3133.377;
17;2025-12-10;15;3242.329;1.0;1.006;1.0;3263.272;
17;2025-12-10;16;3655.894;1.0;1.006;1.0;3679.711;
17;2025-12-10;17;4500.441;1.0;1.006;1.0;4529.376;
17;2025-12-10;18;4899.925;1.0;1.006;1.0;4931.426;
17;2025-12-10;19;3424.838;1.0;1.006;1.0;3446.695;
17;2025-12-10;20;2372.112;1.0;1.006;1.0;2387.072;
17;2025-12-10;21;1475.518;1.0;1.006;1.0;1484.631;
17;2025-12-10;22;768.654;1.0;1.006;0.999;773.111;
17;2025-12-10;23;365.725;1.0;1.006;0.999;367.614;
17;2025-12-11;0;117.272;1.0;0.971;0.998;113.577;
17;2025-12-11;1;11.219;1.0;0.971;0.979;10.654;
17;2025-12-11;2;0.0;1.0;0.971;1.0;0.0;
17;2025-12-11;3;0.0;1.0;0.971;1.0;0.0;
17;2025-12-11;4;26.279;1.0;0.971;1.018;25.977;
17;2025-12-11;5;320.488;1.0;0.971;1.001;311.341;
17;2025-12-11;6;1551.238;1.0;0.971;1.0;1505.695;
17;2025-12-11;7;4144.82;1.0;0.971;1.0;4022.707;
17;2025-12-11;8;5409.849;1.0;0.971;1.0;5249.88;
17;2025-12-11;9;3808.289;1.0;0.971;1.0;3695.534;
17;2025-12-11;10;2979.242;1.0;0.971;1.0;2891.114;
17;2025-12-11;11;2929.269;1.0;0.971;1.0;2842.88;
17;2025-12-11;12;2972.958;1.0;0.971;1.0;2885.195;
17;2025-12-11;13;3031.207;1.0;0.971;1.0;2942.088;
17;2025-12-11;14;3113.935;1.0;0.971;1.0;3021.675;
17;2025-12-11;15;3242.329;1.0;0.971;1.0;3146.94;
17;2025-12-11;16;3655.894;1.0;0.971;1.0;3548.533;
17;2025-12-11;17;4500.441;1.0;0.971;1.0;4367.908;
17;2025-12-11;18;4899.925;1.0;0.971;1.0;4755.625;
17;2025-12-11;19;3424.838;1.0;0.971;1.0;3323.824;
17;2025-12-11;20;2372.112;1.0;0.971;1.0;2301.975;
17;2025-12-11;21;1475.518;1.0;0.971;1.0;1431.706;
17;2025-12-11;22;768.654;1.0;0.971;0.999;745.55;
17;2025-12-11;23;365.725;1.0;0.971;0.999;354.509;
17;2025-12-12;0;151.332;1.0;0.978;1.002;148.231;
17;2025-12-12;1;15.321;1.0;0.978;0.981;14.702;
17;2025-12-12;2;0.0;1.0;0.978;1.0;0.0;
17;2025-12-12;3;0.0;1.0;0.978;1.0;0.0;
17;2025-12-12;4;26.698;1.0;0.978;0.993;25.939;
17;2025-12-12;5;332.53;1.0;0.978;1.0;325.25;
17;2025-12-12;6;1605.298;1.0;0.978;1.0;1570.196;
17;2025-12-12;7;4289.438;1.0;0.978;1.0;4195.266;
17;2025-12-12;8;5540.274;1.0;0.978;1.0;5418.319;
17;2025-12-12;9;3957.898;1.0;0.978;1.0;3870.529;
17;2025-12-12;10;3180.561;1.0;0.978;1.0;3110.718;
17;2025-12-12;11;3194.211;1.0;0.978;1.0;3123.836;
17;2025-12-12;12;3257.338;1.0;0.978;1.0;3185.696;
17;2025-12-12;13;3329.065;1.0;0.978;1.0;3256.028;
17;2025-12-12;14;3406.932;1.0;0.978;1.0;3332.092;
17;2025-12-12;15;3754.797;1.0;0.978;1.0;3672.73;
17;2025-12-12;16;4423.552;1.0;0.978;1.0;4326.211;
17;2025-12-12;17;4919.222;1.0;0.978;1.0;4810.822;
17;2025-12-12;18;4631.618;1.0;0.978;1.0;4529.653;
17;2025-12-12;19;3441.438;1.0;0.978;1.0;3365.548;
17;2025-12-12;20;2508.925;1.0;0.978;1.0;2453.497;
17;2025-12-12;21;1683.29;1.0;0.978;1.0;1646.73;
17;2025-12-12;22;924.241;1.0;0.978;1.0;903.784;
17;2025-12-12;23;494.52;1.0;0.978;1.0;483.841;
17;2025-12-13;0;227.369;1.0;1.011;1.001;230.119;
17;2025-12-13;1;28.008;1.0;1.011;1.014;28.699;
17;2025-12-13;2;0.0;1.0;1.011;1.0;0.0;
17;2025-12-13;3;0.0;1.0;1.011;1.0;0.0;
17;2025-12-13;4;5.564;1.0;1.011;0.922;5.183;
17;2025-12-13;5;140.081;1.0;1.011;0.999;141.443;
17;2025-12-13;6;599.767;1.0;1.011;1.0;606.427;
17;2025-12-13;7;1271.494;1.0;1.011;1.0;1284.991;
17;2025-12-13;8;1825.686;1.0;1.011;1.0;1845.395;
17;2025-12-13;9;2321.825;1.0;1.011;1.0;2346.804;
17;2025-12-13;10;2585.739;1.0;1.011;1.0;2613.23;
17;2025-12-13;11;3074.537;1.0;1.011;1.0;3107.754;
17;2025-12-13;12;3434.875;1.0;1.011;1.0;3471.692;
17;2025-12-13;13;3640.917;1.0;1.011;1.0;3680.594;
17;2025-12-13;14;3698.608;1.0;1.011;1.0;3738.867;
17;2025-12-13;15;3707.637;1.0;1.011;1.0;3747.628;
17;2025-12-13;16;3715.491;1.0;1.011;1.0;3756.059;
17;2025-12-13;17;3514.711;1.0;1.011;1.0;3552.383;
17;2025-12-13;18;3183.014;1.0;1.011;1.0;3217.339;
17;2025-12-13;19;2626.142;1.0;1.011;1.0;2654.696;
17;2025-12-13;20;2038.034;1.0;1.011;1.0;2059.857;
17;2025-12-13;21;1478.72;1.0;1.011;1.0;1494.605;
17;2025-12-13;22;931.385;1.0;1.011;1.0;941.967;
17;2025-12-13;23;483.395;1.0;1.011;1.0;488.767;
17;2025-12-14;0;195.563;1.0;1.014;1.0;198.257;
17;2025-12-14;1;28.784;1.0;1.014;0.988;28.835;
17;2025-12-14;2;0.0;1.0;1.014;1.0;0.0;
17;2025-12-14;3;0.0;1.0;1.014;1.0;0.0;
17;2025-12-14;4;4.05;1.0;1.014;1.113;4.57;
17;2025-12-14;5;109.387;1.0;1.014;0.999;110.78;
17;2025-12-14;6;453.055;1.0;1.014;1.0;459.633;
17;2025-12-14;7;833.608;1.0;1.014;1.0;845.228;
17;2025-12-14;8;1271.689;1.0;1.014;1.0;1290.202;
17;2025-12-14;9;1735.348;1.0;1.014;1.0;1760.204;
17;2025-12-14;10;2035.902;1.0;1.014;1.0;2064.795;
17;2025-12-14;11;2587.149;1.0;1.014;1.0;2623.387;
17;2025-12-14;12;2971.386;1.0;1.014;1.0;3013.17;
17;2025-12-14;13;3246.772;1.0;1.014;1.0;3293.183;
17;2025-12-14;14;3337.768;1.0;1.014;1.0;3384.861;
17;2025-12-14;15;3306.027;1.0;1.014;1.0;3353.069;
17;2025-12-14;16;3232.523;1.0;1.014;1.0;3278.258;
17;2025-12-14;17;3054.72;1.0;1.014;1.0;3098.032;
17;2025-12-14;18;2674.821;1.0;1.014;1.0;2713.134;
17;2025-12-14;19;2180.099;1.0;1.014;1.0;2210.696;
17;2025-12-14;20;1639.106;1.0;1.014;1.0;1661.803;
17;2025-12-14;21;1178.102;1.0;1.014;1.0;1194.721;
17;2025-12-14;22;738.232;1.0;1.014;1.0;749.057;
17;2025-12-14;23;325.911;1.0;1.014;0.999;330.254;
17;2025-12-15;0;117.272;1.0;1.014;0.998;118.686;
17;2025-12-15;1;11.219;1.0;1.014;0.979;11.134;
17;2025-12-15;2;0.0;1.0;1.014;1.0;0.0;
17;2025-12-15;3;0.0;1.0;1.014;1.0;0.0;
17;2025-12-15;4;26.279;1.0;1.014;1.018;27.145;
17;2025-12-15;5;320.488;1.0;1.014;1.001;325.346;
17;2025-12-15;6;1551.238;1.0;1.014;1.0;1573.425;
17;2025-12-15;7;4144.82;1.0;1.014;1.0;4203.658;
17;2025-12-15;8;5409.849;1.0;1.014;1.0;5486.032;
17;2025-12-15;9;3808.289;1.0;1.014;1.0;3861.768;
17;2025-12-15;10;2979.242;1.0;1.014;1.0;3021.164;
17;2025-12-15;11;2929.269;1.0;1.014;1.0;2970.759;
17;2025-12-15;12;2972.958;1.0;1.014;1.0;3014.978;
17;2025-12-15;13;3031.207;1.0;1.014;1.0;3074.43;
17;2025-12-15;14;3113.935;1.0;1.014;1.0;3157.597;
17;2025-12-15;15;3242.329;1.0;1.014;1.0;3288.496;
17;2025-12-15;16;3655.894;1.0;1.014;1.0;3708.155;
17;2025-12-15;17;4500.441;1.0;1.014;1.0;4564.386;
17;2025-12-15;18;4899.925;1.0;1.014;1.0;4969.545;
17;2025-12-15;19;3424.838;1.0;1.014;1.0;3473.337;
17;2025-12-15;20;2372.112;1.0;1.014;1.0;2405.523;
17;2025-12-15;21;1475.518;1.0;1.014;1.0;1496.107;
17;2025-12-15;22;768.654;1.0;1.014;0.999;779.087;
17;2025-12-15;23;365.725;1.0;1.014;0.999;370.456;
17;2025-12-16;0;117.272;1.0;1.0;0.998;117.001;
17;2025-12-16;1;11.219;1.0;1.0;0.979;10.976;
17;2025-12-16;2;0.0;1.0;1.0;1.0;0.0;
17;2025-12-16;3;0.0;1.0;1.0;1.0;0.0;
17;2025-12-16;4;26.279;1.0;1.0;1.018;26.76;
17;2025-12-16;5;320.488;1.0;1.0;1.001;320.727;
17;2025-12-16;6;1551.238;1.0;1.0;1.0;1551.085;
17;2025-12-16;7;4144.82;1.0;1.0;1.0;4143.974;
17;2025-12-16;8;5409.849;1.0;1.0;1.0;5408.14;
17;2025-12-16;9;3808.289;1.0;1.0;1.0;3806.937;
17;2025-12-16;10;2979.242;1.0;1.0;1.0;2978.268;
17;2025-12-16;11;2929.269;1.0;1.0;1.0;2928.579;
17;2025-12-16;12;2972.958;1.0;1.0;1.0;2972.171;
17;2025-12-16;13;3031.207;1.0;1.0;1.0;3030.778;
17;2025-12-16;14;3113.935;1.0;1.0;1.0;3112.764;
17;2025-12-16;15;3242.329;1.0;1.0;1.0;3241.805;
17;2025-12-16;16;3655.894;1.0;1.0;1.0;3655.505;
17;2025-12-16;17;4500.441;1.0;1.0;1.0;4499.58;
17;2025-12-16;18;4899.925;1.0;1.0;1.0;4898.986;
17;2025-12-16;19;3424.838;1.0;1.0;1.0;3424.022;
17;2025-12-16;20;2372.112;1.0;1.0;1.0;2371.369;
17;2025-12-16;21;1475.518;1.0;1.0;1.0;1474.865;
17;2025-12-16;22;768.654;1.0;1.0;0.999;768.025;
17;2025-12-16;23;365.725;1.0;1.0;0.999;365.196;
17;2025-12-17;0;117.272;1.0;1.015;0.998;118.816;
17;2025-12-17;1;11.219;1.0;1.015;0.979;11.146;
17;2025-12-17;2;0.0;1.0;1.015;1.0;0.0;
17;2025-12-17;3;0.0;1.0;1.015;1.0;0.0;
17;2025-12-17;4;26.279;1.0;1.015;1.018;27.175;
17;2025-12-17;5;320.488;1.0;1.015;1.001;325.704;
17;2025-12-17;6;1551.238;1.0;1.015;1.0;1575.156;
17;2025-12-17;7;4144.82;1.0;1.015;1.0;4208.285;
17;2025-12-17;8;5409.849;1.0;1.015;1.0;5492.07;
17;2025-12-17;9;3808.289;1.0;1.015;1.0;3866.018;
17;2025-12-17;10;2979.242;1.0;1.015;1.0;3024.489;
17;2025-12-17;11;2929.269;1.0;1.015;1.0;2974.029;
17;2025-12-17;12;2972.958;1.0;1.015;1.0;3018.296;
17;2025-12-17;13;3031.207;1.0;1.015;1.0;3077.814;
17;2025-12-17;14;3113.935;1.0;1.015;1.0;3161.072;
17;2025-12-17;15;3242.329;1.0;1.015;1.0;3292.116;
17;2025-12-17;16;3655.894;1.0;1.015;1.0;3712.236;
17;2025-12-17;17;4500.441;1.0;1.015;1.0;4569.41;
17;2025-12-17;18;4899.925;1.0;1.015;1.0;4975.014;
17;2025-12-17;19;3424.838;1.0;1.015;1.0;3477.16;
17;2025-12-17;20;2372.112;1.0;1.015;1.0;2408.171;
17;2025-12-17;21;1475.518;1.0;1.015;1.0;1497.754;
17;2025-12-17;22;768.654;1.0;1.015;0.999;779.944;
17;2025-12-17;23;365.725;1.0;1.015;0.999;370.863;
17;2025-12-18;0;117.272;1.0;1.015;0.998;118.816;
17;2025-12-18;1;11.219;1.0;1.015;0.979;11.146;
17;2025-12-18;2;0.0;1.0;1.015;1.0;0.0;
17;2025-12-18;3;0.0;1.0;1.015;1.0;0.0;
17;2025-12-18;4;26.279;1.0;1.015;1.018;27.175;
17;2025-12-18;5;320.488;1.0;1.015;1.001;325.704;
17;2025-12-18;6;1551.238;1.0;1.015;1.0;1575.156;
17;2025-12-18;7;4144.82;1.0;1.015;1.0;4208.285;
17;2025-12-18;8;5409.849;1.0;1.015;1.0;5492.07;
17;2025-12-18;9;3808.289;1.0;1.015;1.0;3866.018;
17;2025-12-18;10;2979.242;1.0;1.015;1.0;3024.489;
17;2025-12-18;11;2929.269;1.0;1.015;1.0;2974.029;
17;2025-12-18;12;2972.958;1.0;1.015;1.0;3018.296;
17;2025-12-18;13;3031.207;1.0;1.015;1.0;3077.814;
17;2025-12-18;14;3113.935;1.0;1.015;1.0;3161.072;
17;2025-12-18;15;3242.329;1.0;1.015;1.0;3292.116;
17;2025-12-18;16;3655.894;1.0;1.015;1.0;3712.236;
17;2025-12-18;17;4500.441;1.0;1.015;1.0;4569.41;
17;2025-12-18;18;4899.925;1.0;1.015;1.0;4975.014;
17;2025-12-18;19;3424.838;1.0;1.015;1.0;3477.16;
17;2025-12-18;20;2372.112;1.0;1.015;1.0;2408.171;
17;2025-12-18;21;1475.518;1.0;1.015;1.0;1497.754;
17;2025-12-18;22;768.654;1.0;1.015;0.999;779.944;
17;2025-12-18;23;365.725;1.0;1.015;0.999;370.863;
17;2025-12-19;0;151.332;1.0;1.013;1.002;153.541;
17;2025-12-19;1;15.321;1.0;1.013;0.981;15.229;
17;2025-12-19;2;0.0;1.0;1.013;1.0;0.0;
17;2025-12-19;3;0.0;1.0;1.013;1.0;0.0;
17;2025-12-19;4;26.698;1.0;1.013;0.993;26.868;
17;2025-12-19;5;332.53;1.0;1.013;1.0;336.903;
17;2025-12-19;6;1605.298;1.0;1.013;1.0;1626.451;
17;2025-12-19;7;4289.438;1.0;1.013;1.0;4345.569;
17;2025-12-19;8;5540.274;1.0;1.013;1.0;5612.44;
17;2025-12-19;9;3957.898;1.0;1.013;1.0;4009.198;
17;2025-12-19;10;3180.561;1.0;1.013;1.0;3222.166;
17;2025-12-19;11;3194.211;1.0;1.013;1.0;3235.754;
17;2025-12-19;12;3257.338;1.0;1.013;1.0;3299.829;
17;2025-12-19;13;3329.065;1.0;1.013;1.0;3372.681;
17;2025-12-19;14;3406.932;1.0;1.013;1.0;3451.47;
17;2025-12-19;15;3754.797;1.0;1.013;1.0;3804.312;
17;2025-12-19;16;4423.552;1.0;1.013;1.0;4481.205;
17;2025-12-19;17;4919.222;1.0;1.013;1.0;4983.179;
17;2025-12-19;18;4631.618;1.0;1.013;1.0;4691.936;
17;2025-12-19;19;3441.438;1.0;1.013;1.0;3486.125;
17;2025-12-19;20;2508.925;1.0;1.013;1.0;2541.398;
17;2025-12-19;21;1683.29;1.0;1.013;1.0;1705.727;
17;2025-12-19;22;924.241;1.0;1.013;1.0;936.164;
17;2025-12-19;23;494.52;1.0;1.013;1.0;501.175;
17;2025-12-20;0;227.369;1.0;1.015;1.001;231.134;
17;2025-12-20;1;28.008;1.0;1.015;1.014;28.826;
17;2025-12-20;2;0.0;1.0;1.015;1.0;0.0;
17;2025-12-20;3;0.0;1.0;1.015;1.0;0.0;
17;2025-12-20;4;5.564;1.0;1.015;0.922;5.206;
17;2025-12-20;5;140.081;1.0;1.015;0.999;142.067;
17;2025-12-20;6;599.767;1.0;1.015;1.0;609.101;
17;2025-12-20;7;1271.494;1.0;1.015;1.0;1290.657;
17;2025-12-20;8;1825.686;1.0;1.015;1.0;1853.533;
17;2025-12-20;9;2321.825;1.0;1.015;1.0;2357.152;
17;2025-12-20;10;2585.739;1.0;1.015;1.0;2624.753;
17;2025-12-20;11;3074.537;1.0;1.015;1.0;3121.458;
17;2025-12-20;12;3434.875;1.0;1.015;1.0;3487.001;
17;2025-12-20;13;3640.917;1.0;1.015;1.0;3696.824;
17;2025-12-20;14;3698.608;1.0;1.015;1.0;3755.355;
17;2025-12-20;15;3707.637;1.0;1.015;1.0;3764.154;
17;2025-12-20;16;3715.491;1.0;1.015;1.0;3772.622;
17;2025-12-20;17;3514.711;1.0;1.015;1.0;3568.048;
17;2025-12-20;18;3183.014;1.0;1.015;1.0;3231.527;
17;2025-12-20;19;2626.142;1.0;1.015;1.0;2666.402;
17;2025-12-20;20;2038.034;1.0;1.015;1.0;2068.941;
17;2025-12-20;21;1478.72;1.0;1.015;1.0;1501.196;
17;2025-12-20;22;931.385;1.0;1.015;1.0;946.12;
17;2025-12-20;23;483.395;1.0;1.015;1.0;490.923;
17;2025-12-21;0;195.563;1.0;1.011;1.0;197.604;
17;2025-12-21;1;28.784;1.0;1.011;0.988;28.74;
17;2025-12-21;2;0.0;1.0;1.011;1.0;0.0;
17;2025-12-21;3;0.0;1.0;1.011;1.0;0.0;
17;2025-12-21;4;4.05;1.0;1.011;1.113;4.555;
17;2025-12-21;5;109.387;1.0;1.011;0.999;110.415;
17;2025-12-21;6;453.055;1.0;1.011;1.0;458.118;
17;2025-12-21;7;833.608;1.0;1.011;1.0;842.443;
17;2025-12-21;8;1271.689;1.0;1.011;1.0;1285.951;
17;2025-12-21;9;1735.348;1.0;1.011;1.0;1754.405;
17;2025-12-21;10;2035.902;1.0;1.011;1.0;2057.993;
17;2025-12-21;11;2587.149;1.0;1.011;1.0;2614.744;
17;2025-12-21;12;2971.386;1.0;1.011;1.0;3003.243;
17;2025-12-21;13;3246.772;1.0;1.011;1.0;3282.333;
17;2025-12-21;14;3337.768;1.0;1.011;1.0;3373.709;
17;2025-12-21;15;3306.027;1.0;1.011;1.0;3342.022;
17;2025-12-21;16;3232.523;1.0;1.011;1.0;3267.458;
17;2025-12-21;17;3054.72;1.0;1.011;1.0;3087.825;
17;2025-12-21;18;2674.821;1.0;1.011;1.0;2704.195;
17;2025-12-21;19;2180.099;1.0;1.011;1.0;2203.413;
17;2025-12-21;20;1639.106;1.0;1.011;1.0;1656.328;
17;2025-12-21;21;1178.102;1.0;1.011;1.0;1190.785;
17;2025-12-21;22;738.232;1.0;1.011;1.0;746.59;
17;2025-12-21;23;325.911;1.0;1.011;0.999;329.166;
17;2025-12-22;0;117.272;1.0;1.006;0.998;117.775;
17;2025-12-22;1;11.219;1.0;1.006;0.979;11.048;
17;2025-12-22;2;0.0;1.0;1.006;1.0;0.0;
17;2025-12-22;3;0.0;1.0;1.006;1.0;0.0;
17;2025-12-22;4;26.279;1.0;1.006;1.018;26.937;
17;2025-12-22;5;320.488;1.0;1.006;1.001;322.851;
17;2025-12-22;6;1551.238;1.0;1.006;1.0;1561.356;
17;2025-12-22;7;4144.82;1.0;1.006;1.0;4171.414;
17;2025-12-22;8;5409.849;1.0;1.006;1.0;5443.952;
17;2025-12-22;9;3808.289;1.0;1.006;1.0;3832.146;
17;2025-12-22;10;2979.242;1.0;1.006;1.0;2997.99;
17;2025-12-22;11;2929.269;1.0;1.006;1.0;2947.972;
17;2025-12-22;12;2972.958;1.0;1.006;1.0;2991.852;
17;2025-12-22;13;3031.207;1.0;1.006;1.0;3050.848;
17;2025-12-22;14;3113.935;1.0;1.006;1.0;3133.377;
17;2025-12-22;15;3242.329;1.0;1.006;1.0;3263.272;
17;2025-12-22;16;3655.894;1.0;1.006;1.0;3679.711;
17;2025-12-22;17;4500.441;1.0;1.006;1.0;4529.376;
17;2025-12-22;18;4899.925;1.0;1.006;1.0;4931.426;
17;2025-12-22;19;3424.838;1.0;1.006;1.0;3446.695;
17;2025-12-22;20;2372.112;1.0;1.006;1.0;2387.072;
17;2025-12-22;21;1475.518;1.0;1.006;1.0;1484.631;
17;2025-12-22;22;768.654;1.0;1.006;0.999;773.111;
17;2025-12-22;23;365.725;1.0;1.006;0.999;367.614;
17;2025-12-23;0;117.272;1.0;0.981;0.998;114.844;
17;2025-12-23;1;11.219;1.0;0.981;0.979;10.773;
17;2025-12-23;2;0.0;1.0;0.981;1.0;0.0;
17;2025-12-23;3;0.0;1.0;0.981;1.0;0.0;
17;2025-12-23;4;26.279;1.0;0.981;1.018;26.267;
17;2025-12-23;5;320.488;1.0;0.981;1.001;314.816;
17;2025-12-23;6;1551.238;1.0;0.981;1.0;1522.501;
17;2025-12-23;7;4144.82;1.0;0.981;1.0;4067.608;
17;2025-12-23;8;5409.849;1.0;0.981;1.0;5308.478;
17;2025-12-23;9;3808.289;1.0;0.981;1.0;3736.783;
17;2025-12-23;10;2979.242;1.0;0.981;1.0;2923.385;
17;2025-12-23;11;2929.269;1.0;0.981;1.0;2874.611;
17;2025-12-23;12;2972.958;1.0;0.981;1.0;2917.399;
17;2025-12-23;13;3031.207;1.0;0.981;1.0;2974.927;
17;2025-12-23;14;3113.935;1.0;0.981;1.0;3055.402;
17;2025-12-23;15;3242.329;1.0;0.981;1.0;3182.065;
17;2025-12-23;16;3655.894;1.0;0.981;1.0;3588.141;
17;2025-12-23;17;4500.441;1.0;0.981;1.0;4416.662;
17;2025-12-23;18;4899.925;1.0;0.981;1.0;4808.707;
17;2025-12-23;19;3424.838;1.0;0.981;1.0;3360.924;
17;2025-12-23;20;2372.112;1.0;0.981;1.0;2327.669;
17;2025-12-23;21;1475.518;1.0;0.981;1.0;1447.686;
17;2025-12-23;22;768.654;1.0;0.981;0.999;753.872;
17;2025-12-23;23;365.725;1.0;0.981;0.999;358.466;
17;2025-12-24;0;117.272;1.0;0.976;0.998;114.215;
17;2025-12-24;1;11.219;1.0;0.976;0.979;10.714;
17;2025-12-24;2;0.0;1.0;0.976;1.0;0.0;
17;2025-12-24;3;0.0;1.0;0.976;1.0;0.0;
17;2025-12-24;4;26.279;1.0;0.976;1.018;26.123;
17;2025-12-24;5;320.488;1.0;0.976;1.001;313.09;
17;2025-12-24;6;1551.238;1.0;0.976;1.0;1514.15;
17;2025-12-24;7;4144.82;1.0;0.976;1.0;4045.298;
17;2025-12-24;8;5409.849;1.0;0.976;1.0;5279.362;
17;2025-12-24;9;3808.289;1.0;0.976;1.0;3716.287;
17;2025-12-24;10;2979.242;1.0;0.976;1.0;2907.35;
17;2025-12-24;11;2929.269;1.0;0.976;1.0;2858.844;
17;2025-12-24;12;2972.958;1.0;0.976;1.0;2901.398;
17;2025-12-24;13;3031.207;1.0;0.976;1.0;2958.61;
17;2025-12-24;14;3113.935;1.0;0.976;1.0;3038.644;
17;2025-12-24;15;3242.329;1.0;0.976;1.0;3164.612;
17;2025-12-24;16;3655.894;1.0;0.976;1.0;3568.461;
17;2025-12-24;17;4500.441;1.0;0.976;1.0;4392.437;
17;2025-12-24;18;4899.925;1.0;0.976;1.0;4782.332;
17;2025-12-24;19;3424.838;1.0;0.976;1.0;3342.49;
17;2025-12-24;20;2372.112;1.0;0.976;1.0;2314.902;
17;2025-12-24;21;1475.518;1.0;0.976;1.0;1439.746;
17;2025-12-24;22;768.654;1.0;0.976;0.999;749.737;
17;2025-12-24;23;365.725;1.0;0.976;0.999;356.5;
17;2025-12-25;0;117.272;1.0;0.998;0.998;116.743;
17;2025-12-25;1;11.219;1.0;0.998;0.979;10.952;
17;2025-12-25;2;0.0;1.0;0.998;1.0;0.0;
17;2025-12-25;3;0.0;1.0;0.998;1.0;0.0;
17;2025-12-25;4;26.279;1.0;0.998;1.018;26.701;
17;2025-12-25;5;320.488;1.0;0.998;1.001;320.022;
17;2025-12-25;6;1551.238;1.0;0.998;1.0;1547.676;
17;2025-12-25;7;4144.82;1.0;0.998;1.0;4134.867;
17;2025-12-25;8;5409.849;1.0;0.998;1.0;5396.255;
17;2025-12-25;9;3808.289;1.0;0.998;1.0;3798.571;
17;2025-12-25;10;2979.242;1.0;0.998;1.0;2971.723;
17;2025-12-25;11;2929.269;1.0;0.998;1.0;2922.144;
17;2025-12-25;12;2972.958;1.0;0.998;1.0;2965.639;
17;2025-12-25;13;3031.207;1.0;0.998;1.0;3024.118;
17;2025-12-25;14;3113.935;1.0;0.998;1.0;3105.924;
17;2025-12-25;15;3242.329;1.0;0.998;1.0;3234.681;
17;2025-12-25;16;3655.894;1.0;0.998;1.0;3647.472;
17;2025-12-25;17;4500.441;1.0;0.998;1.0;4489.692;
17;2025-12-25;18;4899.925;1.0;0.998;1.0;4888.22;
17;2025-12-25;19;3424.838;1.0;0.998;1.0;3416.498;
17;2025-12-25;20;2372.112;1.0;0.998;1.0;2366.158;
17;2025-12-25;21;1475.518;1.0;0.998;1.0;1471.624;
17;2025-12-25;22;768.654;1.0;0.998;0.999;766.337;
17;2025-12-25;23;365.725;1.0;0.998;0.999;364.393;
17;2025-12-26;0;151.332;1.0;0.96;1.002;145.485;
17;2025-12-26;1;15.321;1.0;0.96;0.981;14.429;
17;2025-12-26;2;0.0;1.0;0.96;1.0;0.0;
17;2025-12-26;3;0.0;1.0;0.96;1.0;0.0;
17;2025-12-26;4;26.698;1.0;0.96;0.993;25.458;
17;2025-12-26;5;332.53;1.0;0.96;1.0;319.224;
17;2025-12-26;6;1605.298;1.0;0.96;1.0;1541.106;
17;2025-12-26;7;4289.438;1.0;0.96;1.0;4117.543;
17;2025-12-26;8;5540.274;1.0;0.96;1.0;5317.938;
17;2025-12-26;9;3957.898;1.0;0.96;1.0;3798.823;
17;2025-12-26;10;3180.561;1.0;0.96;1.0;3053.088;
17;2025-12-26;11;3194.211;1.0;0.96;1.0;3065.963;
17;2025-12-26;12;3257.338;1.0;0.96;1.0;3126.677;
17;2025-12-26;13;3329.065;1.0;0.96;1.0;3195.706;
17;2025-12-26;14;3406.932;1.0;0.96;1.0;3270.361;
17;2025-12-26;15;3754.797;1.0;0.96;1.0;3604.688;
17;2025-12-26;16;4423.552;1.0;0.96;1.0;4246.062;
17;2025-12-26;17;4919.222;1.0;0.96;1.0;4721.696;
17;2025-12-26;18;4631.618;1.0;0.96;1.0;4445.735;
17;2025-12-26;19;3441.438;1.0;0.96;1.0;3303.197;
17;2025-12-26;20;2508.925;1.0;0.96;1.0;2408.043;
17;2025-12-26;21;1683.29;1.0;0.96;1.0;1616.222;
17;2025-12-26;22;924.241;1.0;0.96;1.0;887.041;
17;2025-12-26;23;494.52;1.0;0.96;1.0;474.877;
17;2025-12-27;0;227.369;1.0;1.013;1.001;230.626;
17;2025-12-27;1;28.008;1.0;1.013;1.014;28.763;
17;2025-12-27;2;0.0;1.0;1.013;1.0;0.0;
17;2025-12-27;3;0.0;1.0;1.013;1.0;0.0;
17;2025-12-27;4;5.564;1.0;1.013;0.922;5.194;
17;2025-12-27;5;140.081;1.0;1.013;0.999;141.755;
17;2025-12-27;6;599.767;1.0;1.013;1.0;607.763;
17;2025-12-27;7;1271.494;1.0;1.013;1.0;1287.821;
17;2025-12-27;8;1825.686;1.0;1.013;1.0;1849.459;
17;2025-12-27;9;2321.825;1.0;1.013;1.0;2351.972;
17;2025-12-27;10;2585.739;1.0;1.013;1.0;2618.985;
17;2025-12-27;11;3074.537;1.0;1.013;1.0;3114.599;
17;2025-12-27;12;3434.875;1.0;1.013;1.0;3479.338;
17;2025-12-27;13;3640.917;1.0;1.013;1.0;3688.7;
17;2025-12-27;14;3698.608;1.0;1.013;1.0;3747.102;
17;2025-12-27;15;3707.637;1.0;1.013;1.0;3755.882;
17;2025-12-27;16;3715.491;1.0;1.013;1.0;3764.331;
17;2025-12-27;17;3514.711;1.0;1.013;1.0;3560.207;
17;2025-12-27;18;3183.014;1.0;1.013;1.0;3224.425;
17;2025-12-27;19;2626.142;1.0;1.013;1.0;2660.542;
17;2025-12-27;20;2038.034;1.0;1.013;1.0;2064.394;
17;2025-12-27;21;1478.72;1.0;1.013;1.0;1497.897;
17;2025-12-27;22;931.385;1.0;1.013;1.0;944.041;
17;2025-12-27;23;483.395;1.0;1.013;1.0;489.844;
17;2025-12-28;0;195.563;1.0;0.994;1.0;194.37;
17;2025-12-28;1;28.784;1.0;0.994;0.988;28.269;
17;2025-12-28;2;0.0;1.0;0.994;1.0;0.0;
17;2025-12-28;3;0.0;1.0;0.994;1.0;0.0;
17;2025-12-28;4;4.05;1.0;0.994;1.113;4.481;
17;2025-12-28;5;109.387;1.0;0.994;0.999;108.608;
17;2025-12-28;6;453.055;1.0;0.994;1.0;450.621;
17;2025-12-28;7;833.608;1.0;0.994;1.0;828.657;
17;2025-12-28;8;1271.689;1.0;0.994;1.0;1264.907;
17;2025-12-28;9;1735.348;1.0;0.994;1.0;1725.695;
17;2025-12-28;10;2035.902;1.0;0.994;1.0;2024.314;
17;2025-12-28;11;2587.149;1.0;0.994;1.0;2571.955;
17;2025-12-28;12;2971.386;1.0;0.994;1.0;2954.096;
17;2025-12-28;13;3246.772;1.0;0.994;1.0;3228.619;
17;2025-12-28;14;3337.768;1.0;0.994;1.0;3318.499;
17;2025-12-28;15;3306.027;1.0;0.994;1.0;3287.331;
17;2025-12-28;16;3232.523;1.0;0.994;1.0;3213.987;
17;2025-12-28;17;3054.72;1.0;0.994;1.0;3037.294;
17;2025-12-28;18;2674.821;1.0;0.994;1.0;2659.942;
17;2025-12-28;19;2180.099;1.0;0.994;1.0;2167.355;
17;2025-12-28;20;1639.106;1.0;0.994;1.0;1629.223;
17;2025-12-28;21;1178.102;1.0;0.994;1.0;1171.298;
17;2025-12-28;22;738.232;1.0;0.994;1.0;734.372;
17;2025-12-28;23;325.911;1.0;0.994;0.999;323.779;
17;2025-12-29;0;117.272;0.88;0.998;1.002;103.123;
17;2025-12-29;1;11.219;0.88;0.998;1.019;10.039;
17;2025-12-29;2;0.0;0.88;0.998;1.0;0.0;
17;2025-12-29;3;0.0;0.88;0.998;1.0;0.0;
17;2025-12-29;4;26.279;0.88;0.998;0.979;22.593;
17;2025-12-29;5;320.488;0.88;0.998;1.002;281.826;
17;2025-12-29;6;1551.238;0.88;0.998;1.0;1362.115;
17;2025-12-29;7;4144.82;0.88;0.998;1.0;3638.761;
17;2025-12-29;8;5409.849;0.88;0.998;1.0;4748.745;
17;2025-12-29;9;3808.289;0.88;0.998;1.0;3343.095;
17;2025-12-29;10;2979.242;0.88;0.998;1.0;2615.547;
17;2025-12-29;11;2929.269;0.88;0.998;1.0;2571.797;
17;2025-12-29;12;2972.958;0.88;0.998;1.0;2610.075;
17;2025-12-29;13;3031.207;0.88;0.998;1.0;2661.263;
17;2025-12-29;14;3113.935;0.88;0.998;1.0;2733.562;
17;2025-12-29;15;3242.329;0.88;0.998;1.0;2846.718;
17;2025-12-29;16;3655.894;0.88;0.998;1.0;3209.183;
17;2025-12-29;17;4500.441;0.88;0.998;1.0;3950.53;
17;2025-12-29;18;4899.925;0.88;0.998;1.0;4301.18;
17;2025-12-29;19;3424.838;0.88;0.998;1.0;3006.518;
17;2025-12-29;20;2372.112;0.88;0.998;1.0;2082.593;
17;2025-12-29;21;1475.518;0.88;0.998;1.0;1295.523;
17;2025-12-29;22;768.654;0.88;0.998;1.0;674.734;
17;2025-12-29;23;365.725;0.88;0.998;1.0;320.989;
17;2025-12-30;0;117.272;0.88;0.978;1.002;101.102;
17;2025-12-30;1;11.219;0.88;0.978;1.019;9.842;
17;2025-12-30;2;0.0;0.88;0.978;1.0;0.0;
17;2025-12-30;3;0.0;0.88;0.978;1.0;0.0;
17;2025-12-30;4;26.279;0.88;0.978;0.979;22.15;
17;2025-12-30;5;320.488;0.88;0.978;1.002;276.301;
17;2025-12-30;6;1551.238;0.88;0.978;1.0;1335.411;
17;2025-12-30;7;4144.82;0.88;0.978;1.0;3567.422;
17;2025-12-30;8;5409.849;0.88;0.978;1.0;4655.644;
17;2025-12-30;9;3808.289;0.88;0.978;1.0;3277.553;
17;2025-12-30;10;2979.242;0.88;0.978;1.0;2564.269;
17;2025-12-30;11;2929.269;0.88;0.978;1.0;2521.376;
17;2025-12-30;12;2972.958;0.88;0.978;1.0;2558.904;
17;2025-12-30;13;3031.207;0.88;0.978;1.0;2609.088;
17;2025-12-30;14;3113.935;0.88;0.978;1.0;2679.97;
17;2025-12-30;15;3242.329;0.88;0.978;1.0;2790.907;
17;2025-12-30;16;3655.894;0.88;0.978;1.0;3146.266;
17;2025-12-30;17;4500.441;0.88;0.978;1.0;3873.079;
17;2025-12-30;18;4899.925;0.88;0.978;1.0;4216.854;
17;2025-12-30;19;3424.838;0.88;0.978;1.0;2947.574;
17;2025-12-30;20;2372.112;0.88;0.978;1.0;2041.763;
17;2025-12-30;21;1475.518;0.88;0.978;1.0;1270.124;
17;2025-12-30;22;768.654;0.88;0.978;1.0;661.506;
17;2025-12-30;23;365.725;0.88;0.978;1.0;314.696;
17;2025-12-31;0;213.281;0.8;1.001;1.002;171.2;
17;2025-12-31;1;34.145;0.8;1.001;0.996;27.219;
17;2025-12-31;2;0.0;0.8;1.001;1.0;0.0;
17;2025-12-31;3;0.0;0.8;1.001;1.0;0.0;
17;2025-12-31;4;8.15;0.8;1.001;0.922;6.014;
17;2025-12-31;5;140.594;0.8;1.001;0.999;112.451;
17;2025-12-31;6;603.767;0.8;1.001;0.999;482.938;
17;2025-12-31;7;1245.931;0.8;1.001;1.0;997.799;
17;2025-12-31;8;1851.724;0.8;1.001;1.0;1482.205;
17;2025-12-31;9;2347.43;0.8;1.001;1.0;1880.07;
17;2025-12-31;10;2608.453;0.8;1.001;1.0;2088.173;
17;2025-12-31;11;3072.838;0.8;1.001;1.0;2460.758;
17;2025-12-31;12;3444.841;0.8;1.001;1.0;2758.384;
17;2025-12-31;13;3739.947;0.8;1.001;1.0;2994.974;
17;2025-12-31;14;3702.982;0.8;1.001;1.0;2965.335;
17;2025-12-31;15;3738.253;0.8;1.001;1.0;2993.701;
17;2025-12-31;16;3775.362;0.8;1.001;1.0;3023.189;
17;2025-12-31;17;3461.527;0.8;1.001;1.0;2771.745;
17;2025-12-31;18;3112.308;0.8;1.001;1.0;2491.483;
17;2025-12-31;19;2504.852;0.8;1.001;1.0;2006.142;
17;2025-12-31;20;2011.924;0.8;1.001;0.0;0.0;free fare New Year night
17;2025-12-31;21;1404.203;0.8;1.001;0.0;0.0;free fare New Year night
17;2025-12-31;22;865.217;0.8;1.001;0.0;0.0;free fare New Year night
17;2025-12-31;23;466.41;0.8;1.001;0.0;0.0;free fare New Year night
25;2025-11-01;0;0.0;0.8;1.015;1.0;0.0;
25;2025-11-01;1;0.0;0.8;1.015;1.0;0.0;
25;2025-11-01;2;0.0;0.8;1.015;1.0;0.0;
25;2025-11-01;3;0.0;0.8;1.015;1.0;0.0;
25;2025-11-01;4;0.0;0.8;1.015;1.0;0.0;
25;2025-11-01;5;12.09;0.8;1.015;1.015;9.964;
25;2025-11-01;6;238.666;0.8;1.015;1.001;194.095;
25;2025-11-01;7;634.66;0.8;1.015;1.001;515.988;
25;2025-11-01;8;1007.801;0.8;1.015;0.999;818.07;
25;2025-11-01;9;531.132;0.8;1.015;1.0;431.193;
25;2025-11-01;10;436.017;0.8;1.015;1.001;354.543;
25;2025-11-01;11;502.211;0.8;1.015;1.001;408.373;
25;2025-11-01;12;497.799;0.8;1.015;0.999;404.08;
25;2025-11-01;13;626.463;0.8;1.015;1.0;508.976;
25;2025-11-01;14;572.259;0.8;1.015;1.001;465.09;
25;2025-11-01;15;726.03;0.8;1.015;1.0;589.722;
25;2025-11-01;16;894.521;0.8;1.015;0.999;726.046;
25;2025-11-01;17;900.846;0.8;1.015;1.0;731.35;
25;2025-11-01;18;780.88;0.8;1.015;1.0;634.205;
25;2025-11-01;19;614.073;0.8;1.015;1.0;498.758;
25;2025-11-01;20;383.955;0.8;1.015;0.999;311.43;
25;2025-11-01;21;255.43;0.8;1.015;1.0;207.499;
25;2025-11-01;22;149.766;0.8;1.015;1.004;122.164;
25;2025-11-01;23;18.403;0.8;1.015;0.973;14.544;
25;2025-11-02;0;19.98;1.0;1.014;1.014;20.539;
25;2025-11-02;1;0.671;1.0;1.014;0.0;0.0;
25;2025-11-02;2;0.0;1.0;1.014;1.0;0.0;
25;2025-11-02;3;0.0;1.0;1.014;1.0;0.0;
25;2025-11-02;4;0.0;1.0;1.014;1.0;0.0;
25;2025-11-02;5;7.344;1.0;1.014;1.03;7.67;
25;2025-11-02;6;79.445;1.0;1.014;1.001;80.651;
25;2025-11-02;7;118.07;1.0;1.014;0.996;119.218;
25;2025-11-02;8;218.863;1.0;1.014;0.999;221.708;
25;2025-11-02;9;247.366;1.0;1.014;0.998;250.465;
25;2025-11-02;10;255.266;1.0;1.014;1.001;259.13;
25;2025-11-02;11;348.411;1.0;1.014;1.0;353.37;
25;2025-11-02;12;417.431;1.0;1.014;0.999;422.865;
25;2025-11-02;13;520.071;1.0;1.014;1.0;527.247;
25;2025-11-02;14;595.659;1.0;1.014;1.0;603.812;
25;2025-11-02;15;684.759;1.0;1.014;0.999;693.915;
25;2025-11-02;16;579.388;1.0;1.014;0.999;587.092;
25;2025-11-02;17;552.311;1.0;1.014;1.0;559.977;
25;2025-11-02;18;481.552;1.0;1.014;1.0;488.49;
25;2025-11-02;19;370.901;1.0;1.014;0.999;375.824;
25;2025-11-02;20;260.402;1.0;1.014;1.0;264.211;
25;2025-11-02;21;197.019;1.0;1.014;0.999;199.636;
25;2025-11-02;22;122.408;1.0;1.014;1.001;124.224;
25;2025-11-02;23;44.183;1.0;1.014;1.005;45.034;
25;2025-11-03;0;19.98;1.0;0.995;1.014;20.158;
25;2025-11-03;1;0.671;1.0;0.995;0.0;0.0;
25;2025-11-03;2;0.0;1.0;0.995;1.0;0.0;
25;2025-11-03;3;0.0;1.0;0.995;1.0;0.0;
25;2025-11-03;4;0.0;1.0;0.995;1.0;0.0;
25;2025-11-03;5;7.344;1.0;0.995;1.03;7.528;
25;2025-11-03;6;79.445;1.0;0.995;1.001;79.156;
25;2025-11-03;7;118.07;1.0;0.995;0.996;117.009;
25;2025-11-03;8;218.863;1.0;0.995;0.999;217.601;
25;2025-11-03;9;247.366;1.0;0.995;0.998;245.825;
25;2025-11-03;10;255.266;1.0;0.995;1.001;254.329;
25;2025-11-03;11;348.411;1.0;0.995;1.0;346.823;
25;2025-11-03;12;417.431;1.0;0.995;0.999;415.031;
25;2025-11-03;13;520.071;1.0;0.995;1.0;517.479;
25;2025-11-03;14;595.659;1.0;0.995;1.0;592.625;
25;2025-11-03;15;684.759;1.0;0.995;0.999;681.059;
25;2025-11-03;16;579.388;1.0;0.995;0.999;576.215;
25;2025-11-03;17;552.311;1.0;0.995;1.0;549.603;
25;2025-11-03;18;481.552;1.0;0.995;1.0;479.44;
25;2025-11-03;19;370.901;1.0;0.995;0.999;368.861;
25;2025-11-03;20;260.402;1.0;0.995;1.0;259.317;
25;2025-11-03;21;197.019;1.0;0.995;0.999;195.938;
25;2025-11-03;22;122.408;1.0;0.995;1.001;121.923;
25;2025-11-03;23;44.183;1.0;0.995;1.005;44.2;
25;2025-11-04;0;19.98;1.0;0.986;1.014;19.96;
25;2025-11-04;1;0.671;1.0;0.986;0.0;0.0;
25;2025-11-04;2;0.0;1.0;0.986;1.0;0.0;
25;2025-11-04;3;0.0;1.0;0.986;1.0;0.0;
25;2025-11-04;4;0.0;1.0;0.986;1.0;0.0;
25;2025-11-04;5;7.344;1.0;0.986;1.03;7.453;
25;2025-11-04;6;79.445;1.0;0.986;1.001;78.377;
25;2025-11-04;7;118.07;1.0;0.986;0.996;115.857;
25;2025-11-04;8;218.863;1.0;0.986;0.999;215.457;
25;2025-11-04;9;247.366;1.0;0.986;0.998;243.403;
25;2025-11-04;10;255.266;1.0;0.986;1.001;251.824;
25;2025-11-04;11;348.411;1.0;0.986;1.0;343.407;
25;2025-11-04;12;417.431;1.0;0.986;0.999;410.942;
25;2025-11-04;13;520.071;1.0;0.986;1.0;512.381;
25;2025-11-04;14;595.659;1.0;0.986;1.0;586.787;
25;2025-11-04;15;684.759;1.0;0.986;0.999;674.35;
25;2025-11-04;16;579.388;1.0;0.986;0.999;570.539;
25;2025-11-04;17;552.311;1.0;0.986;1.0;544.189;
25;2025-11-04;18;481.552;1.0;0.986;1.0;474.717;
25;2025-11-04;19;370.901;1.0;0.986;0.999;365.228;
25;2025-11-04;20;260.402;1.0;0.986;1.0;256.762;
25;2025-11-04;21;197.019;1.0;0.986;0.999;194.008;
25;2025-11-04;22;122.408;1.0;0.986;1.001;120.722;
25;2025-11-04;23;44.183;1.0;0.986;1.005;43.764;
25;2025-11-05;0;4.037;1.0;1.015;0.88;3.607;
25;2025-11-05;1;0.0;1.0;1.015;1.0;0.0;
25;2025-11-05;2;0.0;1.0;1.015;1.0;0.0;
25;2025-11-05;3;0.0;1.0;1.015;1.0;0.0;
25;2025-11-05;4;0.0;1.0;1.015;1.0;0.0;
25;2025-11-05;5;13.858;1.0;1.015;0.984;13.84;
25;2025-11-05;6;209.105;1.0;1.015;0.999;212.079;
25;2025-11-05;7;565.479;1.0;1.015;1.0;574.058;
25;2025-11-05;8;962.068;1.0;1.015;1.0;976.837;
25;2025-11-05;9;501.832;1.0;1.015;1.0;509.651;
25;2025-11-05;10;382.718;1.0;1.015;1.0;388.619;
25;2025-11-05;11;433.299;1.0;1.015;1.001;440.382;
25;2025-11-05;12;424.463;1.0;1.015;1.001;431.235;
25;2025-11-05;13;541.676;1.0;1.015;1.0;549.948;
25;2025-11-05;14;467.634;1.0;1.015;1.0;474.935;
25;2025-11-05;15;559.009;1.0;1.015;1.0;567.348;
25;2025-11-05;16;691.343;1.0;1.015;1.0;702.209;
25;2025-11-05;17;773.29;1.0;1.015;1.0;784.845;
25;2025-11-05;18;825.456;1.0;1.015;1.0;838.026;
25;2025-11-05;19;557.656;1.0;1.015;1.0;566.389;
25;2025-11-05;20;337.3;1.0;1.015;1.001;342.944;
25;2025-11-05;21;223.827;1.0;1.015;0.999;226.99;
25;2025-11-05;22;114.07;1.0;1.015;0.999;115.746;
25;2025-11-05;23;10.381;1.0;1.015;1.035;10.907;
25;2025-11-06;0;4.037;1.0;0.999;0.88;3.548;
25;2025-11-06;1;0.0;1.0;0.999;1.0;0.0;
25;2025-11-06;2;0.0;1.0;0.999;1.0;0.0;
25;2025-11-06;3;0.0;1.0;0.999;1.0;0.0;
25;2025-11-06;4;0.0;1.0;0.999;1.0;0.0;
25;2025-11-06;5;13.858;1.0;0.999;0.984;13.613;
25;2025-11-06;6;209.105;1.0;0.999;0.999;208.609;
25;2025-11-06;7;565.479;1.0;0.999;1.0;564.664;
25;2025-11-06;8;962.068;1.0;0.999;1.0;960.852;
25;2025-11-06;9;501.832;1.0;0.999;1.0;501.311;
25;2025-11-06;10;382.718;1.0;0.999;1.0;382.259;
25;2025-11-06;11;433.299;1.0;0.999;1.001;433.175;
25;2025-11-06;12;424.463;1.0;0.999;1.001;424.178;
25;2025-11-06;13;541.676;1.0;0.999;1.0;540.948;
25;2025-11-06;14;467.634;1.0;0.999;1.0;467.163;
25;2025-11-06;15;559.009;1.0;0.999;1.0;558.064;
25;2025-11-06;16;691.343;1.0;0.999;1.0;690.718;
25;2025-11-06;17;773.29;1.0;0.999;1.0;772.001;
25;2025-11-06;18;825.456;1.0;0.999;1.0;824.312;
25;2025-11-06;19;557.656;1.0;0.999;1.0;557.12;
25;2025-11-06;20;337.3;1.0;0.999;1.001;337.332;
25;2025-11-06;21;223.827;1.0;0.999;0.999;223.275;
25;2025-11-06;22;114.07;1.0;0.999;0.999;113.852;
25;2025-11-06;23;10.381;1.0;0.999;1.035;10.728;
25;2025-11-07;0;0.0;1.0;1.01;1.0;0.0;
25;2025-11-07;1;0.0;1.0;1.01;1.0;0.0;
25;2025-11-07;2;0.0;1.0;1.01;1.0;0.0;
25;2025-11-07;3;0.0;1.0;1.01;1.0;0.0;
25;2025-11-07;4;0.0;1.0;1.01;1.0;0.0;
25;2025-11-07;5;12.09;1.0;1.01;0.986;12.033;
25;2025-11-07;6;238.666;1.0;1.01;1.0;240.876;
25;2025-11-07;7;634.66;1.0;1.01;0.999;640.378;
25;2025-11-07;8;1007.801;1.0;1.01;1.0;1018.084;
25;2025-11-07;9;531.132;1.0;1.01;1.001;536.608;
25;2025-11-07;10;436.017;1.0;1.01;0.999;439.977;
25;2025-11-07;11;502.211;1.0;1.01;1.0;506.863;
25;2025-11-07;12;497.799;1.0;1.01;1.001;503.165;
25;2025-11-07;13;626.463;1.0;1.01;1.0;632.201;
25;2025-11-07;14;572.259;1.0;1.01;1.0;577.883;
25;2025-11-07;15;726.03;1.0;1.01;0.999;732.576;
25;2025-11-07;16;894.521;1.0;1.01;1.0;903.612;
25;2025-11-07;17;900.846;1.0;1.01;1.0;909.984;
25;2025-11-07;18;780.88;1.0;1.01;1.0;788.143;
25;2025-11-07;19;614.073;1.0;1.01;1.001;620.482;
25;2025-11-07;20;383.955;1.0;1.01;0.999;387.418;
25;2025-11-07;21;255.43;1.0;1.01;0.999;257.678;
25;2025-11-07;22;149.766;1.0;1.01;1.002;151.54;
25;2025-11-07;23;18.403;1.0;1.01;0.973;18.08;
25;2025-11-08;0;4.947;1.0;1.015;1.053;5.288;
25;2025-11-08;1;0.0;1.0;1.015;1.0;0.0;
25;2025-11-08;2;0.0;1.0;1.015;1.0;0.0;
25;2025-11-08;3;0.0;1.0;1.015;1.0;0.0;
25;2025-11-08;4;0.0;1.0;1.015;1.0;0.0;
25;2025-11-08;5;14.18;1.0;1.015;0.991;14.265;
25;2025-11-08;6;96.754;1.0;1.015;1.004;98.595;
25;2025-11-08;7;151.432;1.0;1.015;1.003;154.147;
25;2025-11-08;8;333.683;1.0;1.015;0.999;338.591;
25;2025-11-08;9;319.506;1.0;1.015;0.999;324.091;
25;2025-11-08;10;315.696;1.0;1.015;0.999;320.15;
25;2025-11-08;11;415.936;1.0;1.015;1.001;422.85;
25;2025-11-08;12;441.325;1.0;1.015;0.999;447.812;
25;2025-11-08;13;633.099;1.0;1.015;1.001;643.213;
25;2025-11-08;14;646.924;1.0;1.015;1.0;656.599;
25;2025-11-08;15;748.488;1.0;1.015;1.0;760.153;
25;2025-11-08;16;686.937;1.0;1.015;1.0;697.165;
25;2025-11-08;17;571.794;1.0;1.015;1.0;580.451;
25;2025-11-08;18;541.645;1.0;1.015;1.0;549.636;
25;2025-11-08;19;469.163;1.0;1.015;1.0;476.477;
25;2025-11-08;20;294.578;1.0;1.015;1.002;299.628;
25;2025-11-08;21;236.88;1.0;1.015;1.0;240.396;
25;2025-11-08;22;146.187;1.0;1.015;1.0;148.419;
25;2025-11-08;23;58.348;1.0;1.015;0.992;58.779;
25;2025-11-09;0;19.98;1.0;1.015;1.014;20.561;
25;2025-11-09;1;0.671;1.0;1.015;0.0;0.0;
25;2025-11-09;2;0.0;1.0;1.015;1.0;0.0;
25;2025-11-09;3;0.0;1.0;1.015;1.0;0.0;
25;2025-11-09;4;0.0;1.0;1.015;1.0;0.0;
25;2025-11-09;5;7.344;1.0;1.015;1.03;7.678;
25;2025-11-09;6;79.445;1.0;1.015;1.001;80.739;
25;2025-11-09;7;118.07;1.0;1.015;0.996;119.349;
25;2025-11-09;8;218.863;1.0;1.015;0.999;221.952;
25;2025-11-09;9;247.366;1.0;1.015;0.998;250.741;
25;2025-11-09;10;255.266;1.0;1.015;1.001;259.415;
25;2025-11-09;11;348.411;1.0;1.015;1.0;353.759;
25;2025-11-09;12;417.431;1.0;1.015;0.999;423.33;
25;2025-11-09;13;520.071;1.0;1.015;1.0;527.827;
25;2025-11-09;14;595.659;1.0;1.015;1.0;604.476;
25;2025-11-09;15;684.759;1.0;1.015;0.999;694.678;
25;2025-11-09;16;579.388;1.0;1.015;0.999;587.738;
25;2025-11-09;17;552.311;1.0;1.015;1.0;560.594;
25;2025-11-09;18;481.552;1.0;1.015;1.0;489.028;
25;2025-11-09;19;370.901;1.0;1.015;0.999;376.238;
25;2025-11-09;20;260.402;1.0;1.015;1.0;264.502;
25;2025-11-09;21;197.019;1.0;1.015;0.999;199.856;
25;2025-11-09;22;122.408;1.0;1.015;1.001;124.361;
25;2025-11-09;23;44.183;1.0;1.015;1.005;45.084;
25;2025-11-10;0;4.037;1.0;1.015;0.88;3.607;
25;2025-11-10;1;0.0;1.0;1.015;1.0;0.0;
25;2025-11-10;2;0.0;1.0;1.015;1.0;0.0;
25;2025-11-10;3;0.0;1.0;1.015;1.0;0.0;
25;2025-11-10;4;0.0;1.0;1.015;1.0;0.0;
25;2025-11-10;5;13.858;1.0;1.015;0.984;13.84;
25;2025-11-10;6;209.105;1.0;1.015;0.999;212.079;
25;2025-11-10;7;565.479;1.0;1.015;1.0;574.058;
25;2025-11-10;8;962.068;1.0;1.015;1.0;976.837;
25;2025-11-10;9;501.832;1.0;1.015;1.0;509.651;
25;2025-11-10;10;382.718;1.0;1.015;1.0;388.619;
25;2025-11-10;11;433.299;1.0;1.015;1.001;440.382;
25;2025-11-10;12;424.463;1.0;1.015;1.001;431.235;
25;2025-11-10;13;541.676;1.0;1.015;1.0;549.948;
25;2025-11-10;14;467.634;1.0;1.015;1.0;474.935;
25;2025-11-10;15;559.009;1.0;1.015;1.0;567.348;
25;2025-11-10;16;691.343;1.0;1.015;1.0;702.209;
25;2025-11-10;17;773.29;1.0;1.015;1.0;784.845;
25;2025-11-10;18;825.456;1.0;1.015;1.0;838.026;
25;2025-11-10;19;557.656;1.0;1.015;1.0;566.389;
25;2025-11-10;20;337.3;1.0;1.015;1.001;342.944;
25;2025-11-10;21;223.827;1.0;1.015;0.999;226.99;
25;2025-11-10;22;114.07;1.0;1.015;0.999;115.746;
25;2025-11-10;23;10.381;1.0;1.015;1.035;10.907;
25;2025-11-11;0;4.037;1.0;1.015;0.88;3.607;
25;2025-11-11;1;0.0;1.0;1.015;1.0;0.0;
25;2025-11-11;2;0.0;1.0;1.015;1.0;0.0;
25;2025-11-11;3;0.0;1.0;1.015;1.0;0.0;
25;2025-11-11;4;0.0;1.0;1.015;1.0;0.0;
25;2025-11-11;5;13.858;1.0;1.015;0.984;13.84;
25;2025-11-11;6;209.105;1.0;1.015;0.999;212.079;
25;2025-11-11;7;565.479;1.0;1.015;1.0;574.058;
25;2025-11-11;8;962.068;1.0;1.015;1.0;976.837;
25;2025-11-11;9;501.832;1.0;1.015;1.0;509.651;
25;2025-11-11;10;382.718;1.0;1.015;1.0;388.619;
25;2025-11-11;11;433.299;1.0;1.015;1.001;440.382;
25;2025-11-11;12;424.463;1.0;1.015;1.001;431.235;
25;2025-11-11;13;541.676;1.0;1.015;1.0;549.948;
25;2025-11-11;14;467.634;1.0;1.015;1.0;474.935;
25;2025-11-11;15;559.009;1.0;1.015;1.0;567.348;
25;2025-11-11;16;691.343;1.0;1.015;1.0;702.209;
25;2025-11-11;17;773.29;1.0;1.015;1.0;784.845;
25;2025-11-11;18;825.456;1.0;1.015;1.0;838.026;
25;2025-11-11;19;557.656;1.0;1.015;1.0;566.389;
25;2025-11-11;20;337.3;1.0;1.015;1.001;342.944;
25;2025-11-11;21;223.827;1.0;1.015;0.999;226.99;
25;2025-11-11;22;114.07;1.0;1.015;0.999;115.746;
25;2025-11-11;23;10.381;1.0;1.015;1.035;10.907;
25;2025-11-12;0;4.037;1.0;1.004;0.88;3.567;
25;2025-11-12;1;0.0;1.0;1.004;1.0;0.0;
25;2025-11-12;2;0.0;1.0;1.004;1.0;0.0;
25;2025-11-12;3;0.0;1.0;1.004;1.0;0.0;
25;2025-11-12;4;0.0;1.0;1.004;1.0;0.0;
25;2025-11-12;5;13.858;1.0;1.004;0.984;13.688;
25;2025-11-12;6;209.105;1.0;1.004;0.999;209.759;
25;2025-11-12;7;565.479;1.0;1.004;1.0;567.778;
25;2025-11-12;8;962.068;1.0;1.004;1.0;966.151;
25;2025-11-12;9;501.832;1.0;1.004;1.0;504.075;
25;2025-11-12;10;382.718;1.0;1.004;1.0;384.367;
25;2025-11-12;11;433.299;1.0;1.004;1.001;435.564;
25;2025-11-12;12;424.463;1.0;1.004;1.001;426.517;
25;2025-11-12;13;541.676;1.0;1.004;1.0;543.932;
25;2025-11-12;14;467.634;1.0;1.004;1.0;469.739;
25;2025-11-12;15;559.009;1.0;1.004;1.0;561.141;
25;2025-11-12;16;691.343;1.0;1.004;1.0;694.528;
25;2025-11-12;17;773.29;1.0;1.004;1.0;776.259;
25;2025-11-12;18;825.456;1.0;1.004;1.0;828.858;
25;2025-11-12;19;557.656;1.0;1.004;1.0;560.193;
25;2025-11-12;20;337.3;1.0;1.004;1.001;339.193;
25;2025-11-12;21;223.827;1.0;1.004;0.999;224.507;
25;2025-11-12;22;114.07;1.0;1.004;0.999;114.48;
25;2025-11-12;23;10.381;1.0;1.004;1.035;10.787;
25;2025-11-13;0;4.037;1.0;1.014;0.88;3.603;
25;2025-11-13;1;0.0;1.0;1.014;1.0;0.0;
25;2025-11-13;2;0.0;1.0;1.014;1.0;0.0;
25;2025-11-13;3;0.0;1.0;1.014;1.0;0.0;
25;2025-11-13;4;0.0;1.0;1.014;1.0;0.0;
25;2025-11-13;5;13.858;1.0;1.014;0.984;13.825;
25;2025-11-13;6;209.105;1.0;1.014;0.999;211.846;
25;2025-11-13;7;565.479;1.0;1.014;1.0;573.427;
25;2025-11-13;8;962.068;1.0;1.014;1.0;975.763;
25;2025-11-13;9;501.832;1.0;1.014;1.0;509.09;
25;2025-11-13;10;382.718;1.0;1.014;1.0;388.192;
25;2025-11-13;11;433.299;1.0;1.014;1.001;439.897;
25;2025-11-13;12;424.463;1.0;1.014;1.001;430.76;
25;2025-11-13;13;541.676;1.0;1.014;1.0;549.343;
25;2025-11-13;14;467.634;1.0;1.014;1.0;474.413;
25;2025-11-13;15;559.009;1.0;1.014;1.0;566.724;
25;2025-11-13;16;691.343;1.0;1.014;1.0;701.437;
25;2025-11-13;17;773.29;1.0;1.014;1.0;783.982;
25;2025-11-13;18;825.456;1.0;1.014;1.0;837.104;
25;2025-11-13;19;557.656;1.0;1.014;1.0;565.766;
25;2025-11-13;20;337.3;1.0;1.014;1.001;342.567;
25;2025-11-13;21;223.827;1.0;1.014;0.999;226.74;
25;2025-11-13;22;114.07;1.0;1.014;0.999;115.619;
25;2025-11-13;23;10.381;1.0;1.014;1.035;10.895;
25;2025-11-14;0;0.0;1.0;1.012;1.0;0.0;
25;2025-11-14;1;0.0;1.0;1.012;1.0;0.0;
25;2025-11-14;2;0.0;1.0;1.012;1.0;0.0;
25;2025-11-14;3;0.0;1.0;1.012;1.0;0.0;
25;2025-11-14;4;0.0;1.0;1.012;1.0;0.0;
25;2025-11-14;5;12.09;1.0;1.012;0.986;12.06;
25;2025-11-14;6;238.666;1.0;1.012;1.0;241.407;
25;2025-11-14;7;634.66;1.0;1.012;0.999;641.789;
25;2025-11-14;8;1007.801;1.0;1.012;1.0;1020.326;
25;2025-11-14;9;531.132;1.0;1.012;1.001;537.79;
25;2025-11-14;10;436.017;1.0;1.012;0.999;440.946;
25;2025-11-14;11;502.211;1.0;1.012;1.0;507.979;
25;2025-11-14;12;497.799;1.0;1.012;1.001;504.273;
25;2025-11-14;13;626.463;1.0;1.012;1.0;633.593;
25;2025-11-14;14;572.259;1.0;1.012;1.0;579.156;
25;2025-11-14;15;726.03;1.0;1.012;0.999;734.189;
25;2025-11-14;16;894.521;1.0;1.012;1.0;905.602;
25;2025-11-14;17;900.846;1.0;1.012;1.0;911.988;
25;2025-11-14;18;780.88;1.0;1.012;1.0;789.878;
25;2025-11-14;19;614.073;1.0;1.012;1.001;621.849;
25;2025-11-14;20;383.955;1.0;1.012;0.999;388.272;
25;2025-11-14;21;255.43;1.0;1.012;0.999;258.245;
25;2025-11-14;22;149.766;1.0;1.012;1.002;151.874;
25;2025-11-14;23;18.403;1.0;1.012;0.973;18.12;
25;2025-11-15;0;4.947;1.0;0.947;1.053;4.933;
25;2025-11-15;1;0.0;1.0;0.947;1.0;0.0;
25;2025-11-15;2;0.0;1.0;0.947;1.0;0.0;
25;2025-11-15;3;0.0;1.0;0.947;1.0;0.0;
25;2025-11-15;4;0.0;1.0;0.947;1.0;0.0;
25;2025-11-15;5;14.18;1.0;0.947;0.991;13.31;
25;2025-11-15;6;96.754;1.0;0.947;1.004;91.993;
25;2025-11-15;7;151.432;1.0;0.947;1.003;143.826;
25;2025-11-15;8;333.683;1.0;0.947;0.999;315.921;
25;2025-11-15;9;319.506;1.0;0.947;0.999;302.392;
25;2025-11-15;10;315.696;1.0;0.947;0.999;298.715;
25;2025-11-15;11;415.936;1.0;0.947;1.001;394.538;
25;2025-11-15;12;441.325;1.0;0.947;0.999;417.83;
25;2025-11-15;13;633.099;1.0;0.947;1.001;600.148;
25;2025-11-15;14;646.924;1.0;0.947;1.0;612.638;
25;2025-11-15;15;748.488;1.0;0.947;1.0;709.258;
25;2025-11-15;16;686.937;1.0;0.947;1.0;650.487;
25;2025-11-15;17;571.794;1.0;0.947;1.0;541.588;
25;2025-11-15;18;541.645;1.0;0.947;1.0;512.836;
25;2025-11-15;19;469.163;1.0;0.947;1.0;444.576;
25;2025-11-15;20;294.578;1.0;0.947;1.002;279.567;
25;2025-11-15;21;236.88;1.0;0.947;1.0;224.301;
25;2025-11-15;22;146.187;1.0;0.947;1.0;138.482;
25;2025-11-15;23;58.348;1.0;0.947;0.992;54.844;
25;2025-11-16;0;19.98;1.0;1.015;1.014;20.561;
25;2025-11-16;1;0.671;1.0;1.015;0.0;0.0;
25;2025-11-16;2;0.0;1.0;1.015;1.0;0.0;
25;2025-11-16;3;0.0;1.0;1.015;1.0;0.0;
25;2025-11-16;4;0.0;1.0;1.015;1.0;0.0;
25;2025-11-16;5;7.344;1.0;1.015;1.03;7.678;
25;2025-11-16;6;79.445;1.0;1.015;1.001;80.739;
25;2025-11-16;7;118.07;1.0;1.015;0.996;119.349;
25;2025-11-16;8;218.863;1.0;1.015;0.999;221.952;
25;2025-11-16;9;247.366;1.0;1.015;0.998;250.741;
25;2025-11-16;10;255.266;1.0;1.015;1.001;259.415;
25;2025-11-16;11;348.411;1.0;1.015;1.0;353.759;
25;2025-11-16;12;417.431;1.0;1.015;0.999;423.33;
25;2025-11-16;13;520.071;1.0;1.015;1.0;527.827;
25;2025-11-16;14;595.659;1.0;1.015;1.0;604.476;
25;2025-11-16;15;684.759;1.0;1.015;0.999;694.678;
25;2025-11-16;16;579.388;1.0;1.015;0.999;587.738;
25;2025-11-16;17;552.311;1.0;1.015;1.0;560.594;
25;2025-11-16;18;481.552;1.0;1.015;1.0;489.028;
25;2025-11-16;19;370.901;1.0;1.015;0.999;376.238;
25;2025-11-16;20;260.402;1.0;1.015;1.0;264.502;
25;2025-11-16;21;197.019;1.0;1.015;0.999;199.856;
25;2025-11-16;22;122.408;1.0;1.015;1.001;124.361;
25;2025-11-16;23;44.183;1.0;1.015;1.005;45.084;
25;2025-11-17;0;4.037;1.0;0.983;0.88;3.494;
25;2025-11-17;1;0.0;1.0;0.983;1.0;0.0;
25;2025-11-17;2;0.0;1.0;0.983;1.0;0.0;
25;2025-11-17;3;0.0;1.0;0.983;1.0;0.0;
25;2025-11-17;4;0.0;1.0;0.983;1.0;0.0;
25;2025-11-17;5;13.858;1.0;0.983;0.984;13.405;
25;2025-11-17;6;209.105;1.0;0.983;0.999;205.421;
25;2025-11-17;7;565.479;1.0;0.983;1.0;556.034;
25;2025-11-17;8;962.068;1.0;0.983;1.0;946.168;
25;2025-11-17;9;501.832;1.0;0.983;1.0;493.649;
25;2025-11-17;10;382.718;1.0;0.983;1.0;376.417;
25;2025-11-17;11;433.299;1.0;0.983;1.001;426.555;
25;2025-11-17;12;424.463;1.0;0.983;1.001;417.695;
25;2025-11-17;13;541.676;1.0;0.983;1.0;532.682;
25;2025-11-17;14;467.634;1.0;0.983;1.0;460.024;
25;2025-11-17;15;559.009;1.0;0.983;1.0;549.535;
25;2025-11-17;16;691.343;1.0;0.983;1.0;680.163;
25;2025-11-17;17;773.29;1.0;0.983;1.0;760.203;
25;2025-11-17;18;825.456;1.0;0.983;1.0;811.714;
25;2025-11-17;19;557.656;1.0;0.983;1.0;548.606;
25;2025-11-17;20;337.3;1.0;0.983;1.001;332.177;
25;2025-11-17;21;223.827;1.0;0.983;0.999;219.863;
25;2025-11-17;22;114.07;1.0;0.983;0.999;112.112;
25;2025-11-17;23;10.381;1.0;0.983;1.035;10.564;
25;2025-11-18;0;4.037;1.0;0.964;0.88;3.425;
25;2025-11-18;1;0.0;1.0;0.964;1.0;0.0;
25;2025-11-18;2;0.0;1.0;0.964;1.0;0.0;
25;2025-11-18;3;0.0;1.0;0.964;1.0;0.0;
25;2025-11-18;4;0.0;1.0;0.964;1.0;0.0;
25;2025-11-18;5;13.858;1.0;0.964;0.984;13.142;
25;2025-11-18;6;209.105;1.0;0.964;0.999;201.393;
25;2025-11-18;7;565.479;1.0;0.964;1.0;545.133;
25;2025-11-18;8;962.068;1.0;0.964;1.0;927.618;
25;2025-11-18;9;501.832;1.0;0.964;1.0;483.971;
25;2025-11-18;10;382.718;1.0;0.964;1.0;369.038;
25;2025-11-18;11;433.299;1.0;0.964;1.001;418.192;
25;2025-11-18;12;424.463;1.0;0.964;1.001;409.506;
25;2025-11-18;13;541.676;1.0;0.964;1.0;522.238;
25;2025-11-18;14;467.634;1.0;0.964;1.0;451.005;
25;2025-11-18;15;559.009;1.0;0.964;1.0;538.761;
25;2025-11-18;16;691.343;1.0;0.964;1.0;666.828;
25;2025-11-18;17;773.29;1.0;0.964;1.0;745.299;
25;2025-11-18;18;825.456;1.0;0.964;1.0;795.801;
25;2025-11-18;19;557.656;1.0;0.964;1.0;537.85;
25;2025-11-18;20;337.3;1.0;0.964;1.001;325.665;
25;2025-11-18;21;223.827;1.0;0.964;0.999;215.553;
25;2025-11-18;22;114.07;1.0;0.964;0.999;109.914;
25;2025-11-18;23;10.381;1.0;0.964;1.035;10.357;
25;2025-11-19;0;4.037;1.0;1.015;0.88;3.607;
25;2025-11-19;1;0.0;1.0;1.015;1.0;0.0;
25;2025-11-19;2;0.0;1.0;1.015;1.0;0.0;
25;2025-11-19;3;0.0;1.0;1.015;1.0;0.0;
25;2025-11-19;4;0.0;1.0;1.015;1.0;0.0;
25;2025-11-19;5;13.858;1.0;1.015;0.984;13.84;
25;2025-11-19;6;209.105;1.0;1.015;0.999;212.079;
25;2025-11-19;7;565.479;1.0;1.015;1.0;574.058;
25;2025-11-19;8;962.068;1.0;1.015;1.0;976.837;
25;2025-11-19;9;501.832;1.0;1.015;1.0;509.651;
25;2025-11-19;10;382.718;1.0;1.015;1.0;388.619;
25;2025-11-19;11;433.299;1.0;1.015;1.001;440.382;
25;2025-11-19;12;424.463;1.0;1.015;1.001;431.235;
25;2025-11-19;13;541.676;1.0;1.015;1.0;549.948;
25;2025-11-19;14;467.634;1.0;1.015;1.0;474.935;
25;2025-11-19;15;559.009;1.0;1.015;1.0;567.348;
25;2025-11-19;16;691.343;1.0;1.015;1.0;702.209;
25;2025-11-19;17;773.29;1.0;1.015;1.0;784.845;
25;2025-11-19;18;825.456;1.0;1.015;1.0;838.026;
25;2025-11-19;19;557.656;1.0;1.015;1.0;566.389;
25;2025-11-19;20;337.3;1.0;1.015;1.001;342.944;
25;2025-11-19;21;223.827;1.0;1.015;0.999;226.99;
25;2025-11-19;22;114.07;1.0;1.015;0.999;115.746;
25;2025-11-19;23;10.381;1.0;1.015;1.035;10.907;
25;2025-11-20;0;4.037;1.0;1.015;0.88;3.607;
25;2025-11-20;1;0.0;1.0;1.015;1.0;0.0;
25;2025-11-20;2;0.0;1.0;1.015;1.0;0.0;
25;2025-11-20;3;0.0;1.0;1.015;1.0;0.0;
25;2025-11-20;4;0.0;1.0;1.015;1.0;0.0;
25;2025-11-20;5;13.858;1.0;1.015;0.984;13.84;
25;2025-11-20;6;209.105;1.0;1.015;0.999;212.079;
25;2025-11-20;7;565.479;1.0;1.015;1.0;574.058;
25;2025-11-20;8;962.068;1.0;1.015;1.0;976.837;
25;2025-11-20;9;501.832;1.0;1.015;1.0;509.651;
25;2025-11-20;10;382.718;1.0;1.015;1.0;388.619;
25;2025-11-20;11;433.299;1.0;1.015;1.001;440.382;
25;2025-11-20;12;424.463;1.0;1.015;1.001;431.235;
25;2025-11-20;13;541.676;1.0;1.015;1.0;549.948;
25;2025-11-20;14;467.634;1.0;1.015;1.0;474.935;
25;2025-11-20;15;559.009;1.0;1.015;1.0;567.348;
25;2025-11-20;16;691.343;1.0;1.015;1.0;702.209;
25;2025-11-20;17;773.29;1.0;1.015;1.0;784.845;
25;2025-11-20;18;825.456;1.0;1.015;1.0;838.026;
25;2025-11-20;19;557.656;1.0;1.015;1.0;566.389;
25;2025-11-20;20;337.3;1.0;1.015;1.001;342.944;
25;2025-11-20;21;223.827;1.0;1.015;0.999;226.99;
25;2025-11-20;22;114.07;1.0;1.015;0.999;115.746;
25;2025-11-20;23;10.381;1.0;1.015;1.035;10.907;
25;2025-11-21;0;0.0;1.0;1.012;1.0;0.0;
25;2025-11-21;1;0.0;1.0;1.012;1.0;0.0;
25;2025-11-21;2;0.0;1.0;1.012;1.0;0.0;
25;2025-11-21;3;0.0;1.0;1.012;1.0;0.0;
25;2025-11-21;4;0.0;1.0;1.012;1.0;0.0;
25;2025-11-21;5;12.09;1.0;1.012;0.986;12.06;
25;2025-11-21;6;238.666;1.0;1.012;1.0;241.407;
25;2025-11-21;7;634.66;1.0;1.012;0.999;641.789;
25;2025-11-21;8;1007.801;1.0;1.012;1.0;1020.326;
25;2025-11-21;9;531.132;1.0;1.012;1.001;537.79;
25;2025-11-21;10;436.017;1.0;1.012;0.999;440.946;
25;2025-11-21;11;502.211;1.0;1.012;1.0;507.979;
25;2025-11-21;12;497.799;1.0;1.012;1.001;504.273;
25;2025-11-21;13;626.463;1.0;1.012;1.0;633.593;
25;2025-11-21;14;572.259;1.0;1.012;1.0;579.156;
25;2025-11-21;15;726.03;1.0;1.012;0.999;734.189;
25;2025-11-21;16;894.521;1.0;1.012;1.0;905.602;
25;2025-11-21;17;900.846;1.0;1.012;1.0;911.988;
25;2025-11-21;18;780.88;1.0;1.012;1.0;789.878;
25;2025-11-21;19;614.073;1.0;1.012;1.001;621.849;
25;2025-11-21;20;383.955;1.0;1.012;0.999;388.272;
25;2025-11-21;21;255.43;1.0;1.012;0.999;258.245;
25;2025-11-21;22;149.766;1.0;1.012;1.002;151.874;
25;2025-11-21;23;18.403;1.0;1.012;0.973;18.12;
25;2025-11-22;0;4.947;1.0;1.003;1.053;5.224;
25;2025-11-22;1;0.0;1.0;1.003;1.0;0.0;
25;2025-11-22;2;0.0;1.0;1.003;1.0;0.0;
25;2025-11-22;3;0.0;1.0;1.003;1.0;0.0;
25;2025-11-22;4;0.0;1.0;1.003;1.0;0.0;
25;2025-11-22;5;14.18;1.0;1.003;0.991;14.093;
25;2025-11-22;6;96.754;1.0;1.003;1.004;97.409;
25;2025-11-22;7;151.432;1.0;1.003;1.003;152.293;
25;2025-11-22;8;333.683;1.0;1.003;0.999;334.518;
25;2025-11-22;9;319.506;1.0;1.003;0.999;320.193;
25;2025-11-22;10;315.696;1.0;1.003;0.999;316.3;
25;2025-11-22;11;415.936;1.0;1.003;1.001;417.764;
25;2025-11-22;12;441.325;1.0;1.003;0.999;442.426;
25;2025-11-22;13;633.099;1.0;1.003;1.001;635.477;
25;2025-11-22;14;646.924;1.0;1.003;1.0;648.702;
25;2025-11-22;15;748.488;1.0;1.003;1.0;751.01;
25;2025-11-22;16;686.937;1.0;1.003;1.0;688.78;
25;2025-11-22;17;571.794;1.0;1.003;1.0;573.47;
25;2025-11-22;18;541.645;1.0;1.003;1.0;543.025;
25;2025-11-22;19;469.163;1.0;1.003;1.0;470.747;
25;2025-11-22;20;294.578;1.0;1.003;1.002;296.024;
25;2025-11-22;21;236.88;1.0;1.003;1.0;237.505;
25;2025-11-22;22;146.187;1.0;1.003;1.0;146.634;
25;2025-11-22;23;58.348;1.0;1.003;0.992;58.072;
25;2025-11-23;0;19.98;1.0;1.015;1.014;20.561;
25;2025-11-23;1;0.671;1.0;1.015;0.0;0.0;
25;2025-11-23;2;0.0;1.0;1.015;1.0;0.0;
25;2025-11-23;3;0.0;1.0;1.015;1.0;0.0;
25;2025-11-23;4;0.0;1.0;1.015;1.0;0.0;
25;2025-11-23;5;7.344;1.0;1.015;1.03;7.678;
25;2025-11-23;6;79.445;1.0;1.015;1.001;80.739;
25;2025-11-23;7;118.07;1.0;1.015;0.996;119.349;
25;2025-11-23;8;218.863;1.0;1.015;0.999;221.952;
25;2025-11-23;9;247.366;1.0;1.015;0.998;250.741;
25;2025-11-23;10;255.266;1.0;1.015;1.001;259.415;
25;2025-11-23;11;348.411;1.0;1.015;1.0;353.759;
25;2025-11-23;12;417.431;1.0;1.015;0.999;423.33;
25;2025-11-23;13;520.071;1.0;1.015;1.0;527.827;
25;2025-11-23;14;595.659;1.0;1.015;1.0;604.476;
25;2025-11-23;15;684.759;1.0;1.015;0.999;694.678;
25;2025-11-23;16;579.388;1.0;1.015;0.999;587.738;
25;2025-11-23;17;552.311;1.0;1.015;1.0;560.594;
25;2025-11-23;18;481.552;1.0;1.015;1.0;489.028;
25;2025-11-23;19;370.901;1.0;1.015;0.999;376.238;
25;2025-11-23;20;260.402;1.0;1.015;1.0;264.502;
25;2025-11-23;21;197.019;1.0;1.015;0.999;199.856;
25;2025-11-23;22;122.408;1.0;1.015;1.001;124.361;
25;2025-11-23;23;44.183;1.0;1.015;1.005;45.084;
25;2025-11-24;0;4.037;1.0;0.969;0.88;3.444;
25;2025-11-24;1;0.0;1.0;0.969;1.0;0.0;
25;2025-11-24;2;0.0;1.0;0.969;1.0;0.0;
25;2025-11-24;3;0.0;1.0;0.969;1.0;0.0;
25;2025-11-24;4;0.0;1.0;0.969;1.0;0.0;
25;2025-11-24;5;13.858;1.0;0.969;0.984;13.215;
25;2025-11-24;6;209.105;1.0;0.969;0.999;202.504;
25;2025-11-24;7;565.479;1.0;0.969;1.0;548.14;
25;2025-11-24;8;962.068;1.0;0.969;1.0;932.734;
25;2025-11-24;9;501.832;1.0;0.969;1.0;486.641;
25;2025-11-24;10;382.718;1.0;0.969;1.0;371.073;
25;2025-11-24;11;433.299;1.0;0.969;1.001;420.499;
25;2025-11-24;12;424.463;1.0;0.969;1.001;411.765;
25;2025-11-24;13;541.676;1.0;0.969;1.0;525.118;
25;2025-11-24;14;467.634;1.0;0.969;1.0;453.492;
25;2025-11-24;15;559.009;1.0;0.969;1.0;541.733;
25;2025-11-24;16;691.343;1.0;0.969;1.0;670.505;
25;2025-11-24;17;773.29;1.0;0.969;1.0;749.41;
25;2025-11-24;18;825.456;1.0;0.969;1.0;800.189;
25;2025-11-24;19;557.656;1.0;0.969;1.0;540.817;
25;2025-11-24;20;337.3;1.0;0.969;1.001;327.461;
25;2025-11-24;21;223.827;1.0;0.969;0.999;216.742;
25;2025-11-24;22;114.07;1.0;0.969;0.999;110.52;
25;2025-11-24;23;10.381;1.0;0.969;1.035;10.414;
25;2025-11-25;0;4.037;1.0;1.015;0.88;3.607;
25;2025-11-25;1;0.0;1.0;1.015;1.0;0.0;
25;2025-11-25;2;0.0;1.0;1.015;1.0;0.0;
25;2025-11-25;3;0.0;1.0;1.015;1.0;0.0;
25;2025-11-25;4;0.0;1.0;1.015;1.0;0.0;
25;2025-11-25;5;13.858;1.0;1.015;0.984;13.84;
25;2025-11-25;6;209.105;1.0;1.015;0.999;212.079;
25;2025-11-25;7;565.479;1.0;1.015;1.0;574.058;
25;2025-11-25;8;962.068;1.0;1.015;1.0;976.837;
25;2025-11-25;9;501.832;1.0;1.015;1.0;509.651;
25;2025-11-25;10;382.718;1.0;1.015;1.0;388.619;
25;2025-11-25;11;433.299;1.0;1.015;1.001;440.382;
25;2025-11-25;12;424.463;1.0;1.015;1.001;431.235;
25;2025-11-25;13;541.676;1.0;1.015;1.0;549.948;
25;2025-11-25;14;467.634;1.0;1.015;1.0;474.935;
25;2025-11-25;15;559.009;1.0;1.015;1.0;567.348;
25;2025-11-25;16;691.343;1.0;1.015;1.0;702.209;
25;2025-11-25;17;773.29;1.0;1.015;1.0;784.845;
25;2025-11-25;18;825.456;1.0;1.015;1.0;838.026;
25;2025-11-25;19;557.656;1.0;1.015;1.0;566.389;
25;2025-11-25;20;337.3;1.0;1.015;1.001;342.944;
25;2025-11-25;21;223.827;1.0;1.015;0.999;226.99;
25;2025-11-25;22;114.07;1.0;1.015;0.999;115.746;
25;2025-11-25;23;10.381;1.0;1.015;1.035;10.907;
25;2025-11-26;0;4.037;1.0;0.966;0.88;3.433;
25;2025-11-26;1;0.0;1.0;0.966;1.0;0.0;
25;2025-11-26;2;0.0;1.0;0.966;1.0;0.0;
25;2025-11-26;3;0.0;1.0;0.966;1.0;0.0;
25;2025-11-26;4;0.0;1.0;0.966;1.0;0.0;
25;2025-11-26;5;13.858;1.0;0.966;0.984;13.171;
25;2025-11-26;6;209.105;1.0;0.966;0.999;201.837;
25;2025-11-26;7;565.479;1.0;0.966;1.0;546.334;
25;2025-11-26;8;962.068;1.0;0.966;1.0;929.661;
25;2025-11-26;9;501.832;1.0;0.966;1.0;485.037;
25;2025-11-26;10;382.718;1.0;0.966;1.0;369.851;
25;2025-11-26;11;433.299;1.0;0.966;1.001;419.113;
25;2025-11-26;12;424.463;1.0;0.966;1.001;410.408;
25;2025-11-26;13;541.676;1.0;0.966;1.0;523.388;
25;2025-11-26;14;467.634;1.0;0.966;1.0;451.998;
25;2025-11-26;15;559.009;1.0;0.966;1.0;539.948;
25;2025-11-26;16;691.343;1.0;0.966;1.0;668.296;
25;2025-11-26;17;773.29;1.0;0.966;1.0;746.941;
25;2025-11-26;18;825.456;1.0;0.966;1.0;797.553;
25;2025-11-26;19;557.656;1.0;0.966;1.0;539.035;
25;2025-11-26;20;337.3;1.0;0.966;1.001;326.382;
25;2025-11-26;21;223.827;1.0;0.966;0.999;216.027;
25;2025-11-26;22;114.07;1.0;0.966;0.999;110.156;
25;2025-11-26;23;10.381;1.0;0.966;1.035;10.38;
25;2025-11-27;0;4.037;1.0;0.976;0.88;3.467;
25;2025-11-27;1;0.0;1.0;0.976;1.0;0.0;
25;2025-11-27;2;0.0;1.0;0.976;1.0;0.0;
25;2025-11-27;3;0.0;1.0;0.976;1.0;0.0;
25;2025-11-27;4;0.0;1.0;0.976;1.0;0.0;
25;2025-11-27;5;13.858;1.0;0.976;0.984;13.302;
25;2025-11-27;6;209.105;1.0;0.976;0.999;203.845;
25;2025-11-27;7;565.479;1.0;0.976;1.0;551.769;
25;2025-11-27;8;962.068;1.0;0.976;1.0;938.91;
25;2025-11-27;9;501.832;1.0;0.976;1.0;489.863;
25;2025-11-27;10;382.718;1.0;0.976;1.0;373.53;
25;2025-11-27;11;433.299;1.0;0.976;1.001;423.283;
25;2025-11-27;12;424.463;1.0;0.976;1.001;414.491;
25;2025-11-27;13;541.676;1.0;0.976;1.0;528.596;
25;2025-11-27;14;467.634;1.0;0.976;1.0;456.495;
25;2025-11-27;15;559.009;1.0;0.976;1.0;545.32;
25;2025-11-27;16;691.343;1.0;0.976;1.0;674.945;
25;2025-11-27;17;773.29;1.0;0.976;1.0;754.372;
25;2025-11-27;18;825.456;1.0;0.976;1.0;805.488;
25;2025-11-27;19;557.656;1.0;0.976;1.0;544.398;
25;2025-11-27;20;337.3;1.0;0.976;1.001;329.629;
25;2025-11-27;21;223.827;1.0;0.976;0.999;218.177;
25;2025-11-27;22;114.07;1.0;0.976;0.999;111.252;
25;2025-11-27;23;10.381;1.0;0.976;1.035;10.483;
25;2025-11-28;0;0.0;1.0;1.015;1.0;0.0;
25;2025-11-28;1;0.0;1.0;1.015;1.0;0.0;
25;2025-11-28;2;0.0;1.0;1.015;1.0;0.0;
25;2025-11-28;3;0.0;1.0;1.015;1.0;0.0;
25;2025-11-28;4;0.0;1.0;1.015;1.0;0.0;
25;2025-11-28;5;12.09;1.0;1.015;0.986;12.1;
25;2025-11-28;6;238.666;1.0;1.015;1.0;242.204;
25;2025-11-28;7;634.66;1.0;1.015;0.999;643.91;
25;2025-11-28;8;1007.801;1.0;1.015;1.0;1023.698;
25;2025-11-28;9;531.132;1.0;1.015;1.001;539.568;
25;2025-11-28;10;436.017;1.0;1.015;0.999;442.404;
25;2025-11-28;11;502.211;1.0;1.015;1.0;509.659;
25;2025-11-28;12;497.799;1.0;1.015;1.001;505.94;
25;2025-11-28;13;626.463;1.0;1.015;1.0;635.688;
25;2025-11-28;14;572.259;1.0;1.015;1.0;581.07;
25;2025-11-28;15;726.03;1.0;1.015;0.999;736.616;
25;2025-11-28;16;894.521;1.0;1.015;1.0;908.595;
25;2025-11-28;17;900.846;1.0;1.015;1.0;915.002;
25;2025-11-28;18;780.88;1.0;1.015;1.0;792.489;
25;2025-11-28;19;614.073;1.0;1.015;1.001;623.904;
25;2025-11-28;20;383.955;1.0;1.015;0.999;389.555;
25;2025-11-28;21;255.43;1.0;1.015;0.999;259.099;
25;2025-11-28;22;149.766;1.0;1.015;1.002;152.376;
25;2025-11-28;23;18.403;1.0;1.015;0.973;18.18;
25;2025-11-29;0;4.947;1.0;1.015;1.053;5.288;
25;2025-11-29;1;0.0;1.0;1.015;1.0;0.0;
25;2025-11-29;2;0.0;1.0;1.015;1.0;0.0;
25;2025-11-29;3;0.0;1.0;1.015;1.0;0.0;
25;2025-11-29;4;0.0;1.0;1.015;1.0;0.0;
25;2025-11-29;5;14.18;1.0;1.015;0.991;14.265;
25;2025-11-29;6;96.754;1.0;1.015;1.004;98.595;
25;2025-11-29;7;151.432;1.0;1.015;1.003;154.147;
25;2025-11-29;8;333.683;1.0;1.015;0.999;338.591;
25;2025-11-29;9;319.506;1.0;1.015;0.999;324.091;
25;2025-11-29;10;315.696;1.0;1.015;0.999;320.15;
25;2025-11-29;11;415.936;1.0;1.015;1.001;422.85;
25;2025-11-29;12;441.325;1.0;1.015;0.999;447.812;
25;2025-11-29;13;633.099;1.0;1.015;1.001;643.213;
25;2025-11-29;14;646.924;1.0;1.015;1.0;656.599;
25;2025-11-29;15;748.488;1.0;1.015;1.0;760.153;
25;2025-11-29;16;686.937;1.0;1.015;1.0;697.165;
25;2025-11-29;17;571.794;1.0;1.015;1.0;580.451;
25;2025-11-29;18;541.645;1.0;1.015;1.0;549.636;
25;2025-11-29;19;469.163;1.0;1.015;1.0;476.477;
25;2025-11-29;20;294.578;1.0;1.015;1.002;299.628;
25;2025-11-29;21;236.88;1.0;1.015;1.0;240.396;
25;2025-11-29;22;146.187;1.0;1.015;1.0;148.419;
25;2025-11-29;23;58.348;1.0;1.015;0.992;58.779;
25;2025-11-30;0;19.98;1.0;1.015;1.014;20.561;
25;2025-11-30;1;0.671;1.0;1.015;0.0;0.0;
25;2025-11-30;2;0.0;1.0;1.015;1.0;0.0;
25;2025-11-30;3;0.0;1.0;1.015;1.0;0.0;
25;2025-11-30;4;0.0;1.0;1.015;1.0;0.0;
25;2025-11-30;5;7.344;1.0;1.015;1.03;7.678;
25;2025-11-30;6;79.445;1.0;1.015;1.001;80.739;
25;2025-11-30;7;118.07;1.0;1.015;0.996;119.349;
25;2025-11-30;8;218.863;1.0;1.015;0.999;221.952;
25;2025-11-30;9;247.366;1.0;1.015;0.998;250.741;
25;2025-11-30;10;255.266;1.0;1.015;1.001;259.415;
25;2025-11-30;11;348.411;1.0;1.015;1.0;353.759;
25;2025-11-30;12;417.431;1.0;1.015;0.999;423.33;
25;2025-11-30;13;520.071;1.0;1.015;1.0;527.827;
25;2025-11-30;14;595.659;1.0;1.015;1.0;604.476;
25;2025-11-30;15;684.759;1.0;1.015;0.999;694.678;
25;2025-11-30;16;579.388;1.0;1.015;0.999;587.738;
25;2025-11-30;17;552.311;1.0;1.015;1.0;560.594;
25;2025-11-30;18;481.552;1.0;1.015;1.0;489.028;
25;2025-11-30;19;370.901;1.0;1.015;0.999;376.238;
25;2025-11-30;20;260.402;1.0;1.015;1.0;264.502;
25;2025-11-30;21;197.019;1.0;1.015;0.999;199.856;
25;2025-11-30;22;122.408;1.0;1.015;1.001;124.361;
25;2025-11-30;23;44.183;1.0;1.015;1.005;45.084;
25;2025-12-01;0;4.037;1.0;1.015;0.88;3.607;
25;2025-12-01;1;0.0;1.0;1.015;1.0;0.0;
25;2025-12-01;2;0.0;1.0;1.015;1.0;0.0;
25;2025-12-01;3;0.0;1.0;1.015;1.0;0.0;
25;2025-12-01;4;0.0;1.0;1.015;1.0;0.0;
25;2025-12-01;5;13.858;1.0;1.015;0.984;13.84;
25;2025-12-01;6;209.105;1.0;1.015;0.999;212.079;
25;2025-12-01;7;565.479;1.0;1.015;1.0;574.058;
25;2025-12-01;8;962.068;1.0;1.015;1.0;976.837;
25;2025-12-01;9;501.832;1.0;1.015;1.0;509.651;
25;2025-12-01;10;382.718;1.0;1.015;1.0;388.619;
25;2025-12-01;11;433.299;1.0;1.015;1.001;440.382;
25;2025-12-01;12;424.463;1.0;1.015;1.001;431.235;
25;2025-12-01;13;541.676;1.0;1.015;1.0;549.948;
25;2025-12-01;14;467.634;1.0;1.015;1.0;474.935;
25;2025-12-01;15;559.009;1.0;1.015;1.0;567.348;
25;2025-12-01;16;691.343;1.0;1.015;1.0;702.209;
25;2025-12-01;17;773.29;1.0;1.015;1.0;784.845;
25;2025-12-01;18;825.456;1.0;1.015;1.0;838.026;
25;2025-12-01;19;557.656;1.0;1.015;1.0;566.389;
25;2025-12-01;20;337.3;1.0;1.015;1.001;342.944;
25;2025-12-01;21;223.827;1.0;1.015;0.999;226.99;
25;2025-12-01;22;114.07;1.0;1.015;0.999;115.746;
25;2025-12-01;23;10.381;1.0;1.015;1.035;10.907;
25;2025-12-02;0;4.037;1.0;1.015;0.88;3.607;
25;2025-12-02;1;0.0;1.0;1.015;1.0;0.0;
25;2025-12-02;2;0.0;1.0;1.015;1.0;0.0;
25;2025-12-02;3;0.0;1.0;1.015;1.0;0.0;
25;2025-12-02;4;0.0;1.0;1.015;1.0;0.0;
25;2025-12-02;5;13.858;1.0;1.015;0.984;13.84;
25;2025-12-02;6;209.105;1.0;1.015;0.999;212.079;
25;2025-12-02;7;565.479;1.0;1.015;1.0;574.058;
25;2025-12-02;8;962.068;1.0;1.015;1.0;976.837;
25;2025-12-02;9;501.832;1.0;1.015;1.0;509.651;
25;2025-12-02;10;382.718;1.0;1.015;1.0;388.619;
25;2025-12-02;11;433.299;1.0;1.015;1.001;440.382;
25;2025-12-02;12;424.463;1.0;1.015;1.001;431.235;
25;2025-12-02;13;541.676;1.0;1.015;1.0;549.948;
25;2025-12-02;14;467.634;1.0;1.015;1.0;474.935;
25;2025-12-02;15;559.009;1.0;1.015;1.0;567.348;
25;2025-12-02;16;691.343;1.0;1.015;1.0;702.209;
25;2025-12-02;17;773.29;1.0;1.015;1.0;784.845;
25;2025-12-02;18;825.456;1.0;1.015;1.0;838.026;
25;2025-12-02;19;557.656;1.0;1.015;1.0;566.389;
25;2025-12-02;20;337.3;1.0;1.015;1.001;342.944;
25;2025-12-02;21;223.827;1.0;1.015;0.999;226.99;
25;2025-12-02;22;114.07;1.0;1.015;0.999;115.746;
25;2025-12-02;23;10.381;1.0;1.015;1.035;10.907;
25;2025-12-03;0;4.037;1.0;1.015;0.88;3.607;
25;2025-12-03;1;0.0;1.0;1.015;1.0;0.0;
25;2025-12-03;2;0.0;1.0;1.015;1.0;0.0;
25;2025-12-03;3;0.0;1.0;1.015;1.0;0.0;
25;2025-12-03;4;0.0;1.0;1.015;1.0;0.0;
25;2025-12-03;5;13.858;1.0;1.015;0.984;13.84;
25;2025-12-03;6;209.105;1.0;1.015;0.999;212.079;
25;2025-12-03;7;565.479;1.0;1.015;1.0;574.058;
25;2025-12-03;8;962.068;1.0;1.015;1.0;976.837;
25;2025-12-03;9;501.832;1.0;1.015;1.0;509.651;
25;2025-12-03;10;382.718;1.0;1.015;1.0;388.619;
25;2025-12-03;11;433.299;1.0;1.015;1.001;440.382;
25;2025-12-03;12;424.463;1.0;1.015;1.001;431.235;
25;2025-12-03;13;541.676;1.0;1.015;1.0;549.948;
25;2025-12-03;14;467.634;1.0;1.015;1.0;474.935;
25;2025-12-03;15;559.009;1.0;1.015;1.0;567.348;
25;2025-12-03;16;691.343;1.0;1.015;1.0;702.209;
25;2025-12-03;17;773.29;1.0;1.015;1.0;784.845;
25;2025-12-03;18;825.456;1.0;1.015;1.0;838.026;
25;2025-12-03;19;557.656;1.0;1.015;1.0;566.389;
25;2025-12-03;20;337.3;1.0;1.015;1.001;342.944;
25;2025-12-03;21;223.827;1.0;1.015;0.999;226.99;
25;2025-12-03;22;114.07;1.0;1.015;0.999;115.746;
25;2025-12-03;23;10.381;1.0;1.015;1.035;10.907;
25;2025-12-04;0;4.037;1.0;1.015;0.88;3.607;
25;2025-12-04;1;0.0;1.0;1.015;1.0;0.0;
25;2025-12-04;2;0.0;1.0;1.015;1.0;0.0;
25;2025-12-04;3;0.0;1.0;1.015;1.0;0.0;
25;2025-12-04;4;0.0;1.0;1.015;1.0;0.0;
25;2025-12-04;5;13.858;1.0;1.015;0.984;13.84;
25;2025-12-04;6;209.105;1.0;1.015;0.999;212.079;
25;2025-12-04;7;565.479;1.0;1.015;1.0;574.058;
25;2025-12-04;8;962.068;1.0;1.015;1.0;976.837;
25;2025-12-04;9;501.832;1.0;1.015;1.0;509.651;
25;2025-12-04;10;382.718;1.0;1.015;1.0;388.619;
25;2025-12-04;11;433.299;1.0;1.015;1.001;440.382;
25;2025-12-04;12;424.463;1.0;1.015;1.001;431.235;
25;2025-12-04;13;541.676;1.0;1.015;1.0;549.948;
25;2025-12-04;14;467.634;1.0;1.015;1.0;474.935;
25;2025-12-04;15;559.009;1.0;1.015;1.0;567.348;
25;2025-12-04;16;691.343;1.0;1.015;1.0;702.209;
25;2025-12-04;17;773.29;1.0;1.015;1.0;784.845;
25;2025-12-04;18;825.456;1.0;1.015;1.0;838.026;
25;2025-12-04;19;557.656;1.0;1.015;1.0;566.389;
25;2025-12-04;20;337.3;1.0;1.015;1.001;342.944;
25;2025-12-04;21;223.827;1.0;1.015;0.999;226.99;
25;2025-12-04;22;114.07;1.0;1.015;0.999;115.746;
25;2025-12-04;23;10.381;1.0;1.015;1.035;10.907;
25;2025-12-05;0;0.0;1.0;1.015;1.0;0.0;
25;2025-12-05;1;0.0;1.0;1.015;1.0;0.0;
25;2025-12-05;2;0.0;1.0;1.015;1.0;0.0;
25;2025-12-05;3;0.0;1.0;1.015;1.0;0.0;
25;2025-12-05;4;0.0;1.0;1.015;1.0;0.0;
25;2025-12-05;5;12.09;1.0;1.015;0.986;12.1;
25;2025-12-05;6;238.666;1.0;1.015;1.0;242.204;
25;2025-12-05;7;634.66;1.0;1.015;0.999;643.91;
25;2025-12-05;8;1007.801;1.0;1.015;1.0;1023.698;
25;2025-12-05;9;531.132;1.0;1.015;1.001;539.568;
25;2025-12-05;10;436.017;1.0;1.015;0.999;442.404;
25;2025-12-05;11;502.211;1.0;1.015;1.0;509.659;
25;2025-12-05;12;497.799;1.0;1.015;1.001;505.94;
25;2025-12-05;13;626.463;1.0;1.015;1.0;635.688;
25;2025-12-05;14;572.259;1.0;1.015;1.0;581.07;
25;2025-12-05;15;726.03;1.0;1.015;0.999;736.616;
25;2025-12-05;16;894.521;1.0;1.015;1.0;908.595;
25;2025-12-05;17;900.846;1.0;1.015;1.0;915.002;
25;2025-12-05;18;780.88;1.0;1.015;1.0;792.489;
25;2025-12-05;19;614.073;1.0;1.015;1.001;623.904;
25;2025-12-05;20;383.955;1.0;1.015;0.999;389.555;
25;2025-12-05;21;255.43;1.0;1.015;0.999;259.099;
25;2025-12-05;22;149.766;1.0;1.015;1.002;152.376;
25;2025-12-05;23;18.403;1.0;1.015;0.973;18.18;
25;2025-12-06;0;4.947;1.0;1.015;1.053;5.288;
25;2025-12-06;1;0.0;1.0;1.015;1.0;0.0;
25;2025-12-06;2;0.0;1.0;1.015;1.0;0.0;
25;2025-12-06;3;0.0;1.0;1.015;1.0;0.0;
25;2025-12-06;4;0.0;1.0;1.015;1.0;0.0;
25;2025-12-06;5;14.18;1.0;1.015;0.991;14.265;
25;2025-12-06;6;96.754;1.0;1.015;1.004;98.595;
25;2025-12-06;7;151.432;1.0;1.015;1.003;154.147;
25;2025-12-06;8;333.683;1.0;1.015;0.999;338.591;
25;2025-12-06;9;319.506;1.0;1.015;0.999;324.091;
25;2025-12-06;10;315.696;1.0;1.015;0.999;320.15;
25;2025-12-06;11;415.936;1.0;1.015;1.001;422.85;
25;2025-12-06;12;441.325;1.0;1.015;0.999;447.812;
25;2025-12-06;13;633.099;1.0;1.015;1.001;643.213;
25;2025-12-06;14;646.924;1.0;1.015;1.0;656.599;
25;2025-12-06;15;748.488;1.0;1.015;1.0;760.153;
25;2025-12-06;16;686.937;1.0;1.015;1.0;697.165;
25;2025-12-06;17;571.794;1.0;1.015;1.0;580.451;
25;2025-12-06;18;541.645;1.0;1.015;1.0;549.636;
25;2025-12-06;19;469.163;1.0;1.015;1.0;476.477;
25;2025-12-06;20;294.578;1.0;1.015;1.002;299.628;
25;2025-12-06;21;236.88;1.0;1.015;1.0;240.396;
25;2025-12-06;22;146.187;1.0;1.015;1.0;148.419;
25;2025-12-06;23;58.348;1.0;1.015;0.992;58.779;
25;2025-12-07;0;19.98;1.0;1.015;1.014;20.561;
25;2025-12-07;1;0.671;1.0;1.015;0.0;0.0;
25;2025-12-07;2;0.0;1.0;1.015;1.0;0.0;
25;2025-12-07;3;0.0;1.0;1.015;1.0;0.0;
25;2025-12-07;4;0.0;1.0;1.015;1.0;0.0;
25;2025-12-07;5;7.344;1.0;1.015;1.03;7.678;
25;2025-12-07;6;79.445;1.0;1.015;1.001;80.739;
25;2025-12-07;7;118.07;1.0;1.015;0.996;119.349;
25;2025-12-07;8;218.863;1.0;1.015;0.999;221.952;
25;2025-12-07;9;247.366;1.0;1.015;0.998;250.741;
25;2025-12-07;10;255.266;1.0;1.015;1.001;259.415;
25;2025-12-07;11;348.411;1.0;1.015;1.0;353.759;
25;2025-12-07;12;417.431;1.0;1.015;0.999;423.33;
25;2025-12-07;13;520.071;1.0;1.015;1.0;527.827;
25;2025-12-07;14;595.659;1.0;1.015;1.0;604.476;
25;2025-12-07;15;684.759;1.0;1.015;0.999;694.678;
25;2025-12-07;16;579.388;1.0;1.015;0.999;587.738;
25;2025-12-07;17;552.311;1.0;1.015;1.0;560.594;
25;2025-12-07;18;481.552;1.0;1.015;1.0;489.028;
25;2025-12-07;19;370.901;1.0;1.015;0.999;376.238;
25;2025-12-07;20;260.402;1.0;1.015;1.0;264.502;
25;2025-12-07;21;197.019;1.0;1.015;0.999;199.856;
25;2025-12-07;22;122.408;1.0;1.015;1.001;124.361;
25;2025-12-07;23;44.183;1.0;1.015;1.005;45.084;
25;2025-12-08;0;4.037;1.0;1.015;0.88;3.607;
25;2025-12-08;1;0.0;1.0;1.015;1.0;0.0;
25;2025-12-08;2;0.0;1.0;1.015;1.0;0.0;
25;2025-12-08;3;0.0;1.0;1.015;1.0;0.0;
25;2025-12-08;4;0.0;1.0;1.015;1.0;0.0;
25;2025-12-08;5;13.858;1.0;1.015;0.984;13.84;
25;2025-12-08;6;209.105;1.0;1.015;0.999;212.079;
25;2025-12-08;7;565.479;1.0;1.015;1.0;574.058;
25;2025-12-08;8;962.068;1.0;1.015;1.0;976.837;
25;2025-12-08;9;501.832;1.0;1.015;1.0;509.651;
25;2025-12-08;10;382.718;1.0;1.015;1.0;388.619;
25;2025-12-08;11;433.299;1.0;1.015;1.001;440.382;
25;2025-12-08;12;424.463;1.0;1.015;1.001;431.235;
25;2025-12-08;13;541.676;1.0;1.015;1.0;549.948;
25;2025-12-08;14;467.634;1.0;1.015;1.0;474.935;
25;2025-12-08;15;559.009;1.0;1.015;1.0;567.348;
25;2025-12-08;16;691.343;1.0;1.015;1.0;702.209;
25;2025-12-08;17;773.29;1.0;1.015;1.0;784.845;
25;2025-12-08;18;825.456;1.0;1.015;1.0;838.026;
25;2025-12-08;19;557.656;1.0;1.015;1.0;566.389;
25;2025-12-08;20;337.3;1.0;1.015;1.001;342.944;
25;2025-12-08;21;223.827;1.0;1.015;0.999;226.99;
25;2025-12-08;22;114.07;1.0;1.015;0.999;115.746;
25;2025-12-08;23;10.381;1.0;1.015;1.035;10.907;
25;2025-12-09;0;4.037;1.0;1.015;0.88;3.607;
25;2025-12-09;1;0.0;1.0;1.015;1.0;0.0;
25;2025-12-09;2;0.0;1.0;1.015;1.0;0.0;
25;2025-12-09;3;0.0;1.0;1.015;1.0;0.0;
25;2025-12-09;4;0.0;1.0;1.015;1.0;0.0;
25;2025-12-09;5;13.858;1.0;1.015;0.984;13.84;
25;2025-12-09;6;209.105;1.0;1.015;0.999;212.079;
25;2025-12-09;7;565.479;1.0;1.015;1.0;574.058;
25;2025-12-09;8;962.068;1.0;1.015;1.0;976.837;
25;2025-12-09;9;501.832;1.0;1.015;1.0;509.651;
25;2025-12-09;10;382.718;1.0;1.015;1.0;388.619;
25;2025-12-09;11;433.299;1.0;1.015;1.001;440.382;
25;2025-12-09;12;424.463;1.0;1.015;1.001;431.235;
25;2025-12-09;13;541.676;1.0;1.015;1.0;549.948;
25;2025-12-09;14;467.634;1.0;1.015;1.0;474.935;
25;2025-12-09;15;559.009;1.0;1.015;1.0;567.348;
25;2025-12-09;16;691.343;1.0;1.015;1.0;702.209;
25;2025-12-09;17;773.29;1.0;1.015;1.0;784.845;
25;2025-12-09;18;825.456;1.0;1.015;1.0;838.026;
25;2025-12-09;19;557.656;1.0;1.015;1.0;566.389;
25;2025-12-09;20;337.3;1.0;1.015;1.001;342.944;
25;2025-12-09;21;223.827;1.0;1.015;0.999;226.99;
25;2025-12-09;22;114.07;1.0;1.015;0.999;115.746;
25;2025-12-09;23;10.381;1.0;1.015;1.035;10.907;
25;2025-12-10;0;4.037;1.0;1.006;0.88;3.575;
25;2025-12-10;1;0.0;1.0;1.006;1.0;0.0;
25;2025-12-10;2;0.0;1.0;1.006;1.0;0.0;
25;2025-12-10;3;0.0;1.0;1.006;1.0;0.0;
25;2025-12-10;4;0.0;1.0;1.006;1.0;0.0;
25;2025-12-10;5;13.858;1.0;1.006;0.984;13.719;
25;2025-12-10;6;209.105;1.0;1.006;0.999;210.221;
25;2025-12-10;7;565.479;1.0;1.006;1.0;569.028;
25;2025-12-10;8;962.068;1.0;1.006;1.0;968.279;
25;2025-12-10;9;501.832;1.0;1.006;1.0;505.186;
25;2025-12-10;10;382.718;1.0;1.006;1.0;385.214;
25;2025-12-10;11;433.299;1.0;1.006;1.001;436.523;
25;2025-12-10;12;424.463;1.0;1.006;1.001;427.456;
25;2025-12-10;13;541.676;1.0;1.006;1.0;545.13;
25;2025-12-10;14;467.634;1.0;1.006;1.0;470.774;
25;2025-12-10;15;559.009;1.0;1.006;1.0;562.377;
25;2025-12-10;16;691.343;1.0;1.006;1.0;696.057;
25;2025-12-10;17;773.29;1.0;1.006;1.0;777.968;
25;2025-12-10;18;825.456;1.0;1.006;1.0;830.683;
25;2025-12-10;19;557.656;1.0;1.006;1.0;561.426;
25;2025-12-10;20;337.3;1.0;1.006;1.001;339.94;
25;2025-12-10;21;223.827;1.0;1.006;0.999;225.001;
25;2025-12-10;22;114.07;1.0;1.006;0.999;114.732;
25;2025-12-10;23;10.381;1.0;1.006;1.035;10.811;
25;2025-12-11;0;4.037;1.0;0.971;0.88;3.448;
25;2025-12-11;1;0.0;1.0;0.971;1.0;0.0;
25;2025-12-11;2;0.0;1.0;0.971;1.0;0.0;
25;2025-12-11;3;0.0;1.0;0.971;1.0;0.0;
25;2025-12-11;4;0.0;1.0;0.971;1.0;0.0;
25;2025-12-11;5;13.858;1.0;0.971;0.984;13.23;
25;2025-12-11;6;209.105;1.0;0.971;0.999;202.727;
25;2025-12-11;7;565.479;1.0;0.971;1.0;548.743;
25;2025-12-11;8;962.068;1.0;0.971;1.0;933.761;
25;2025-12-11;9;501.832;1.0;0.971;1.0;487.176;
25;2025-12-11;10;382.718;1.0;0.971;1.0;371.481;
25;2025-12-11;11;433.299;1.0;0.971;1.001;420.962;
25;2025-12-11;12;424.463;1.0;0.971;1.001;412.218;
25;2025-12-11;13;541.676;1.0;0.971;1.0;525.696;
25;2025-12-11;14;467.634;1.0;0.971;1.0;453.991;
25;2025-12-11;15;559.009;1.0;0.971;1.0;542.329;
25;2025-12-11;16;691.343;1.0;0.971;1.0;671.243;
25;2025-12-11;17;773.29;1.0;0.971;1.0;750.234;
25;2025-12-11;18;825.456;1.0;0.971;1.0;801.07;
25;2025-12-11;19;557.656;1.0;0.971;1.0;541.412;
25;2025-12-11;20;337.3;1.0;0.971;1.001;327.821;
25;2025-12-11;21;223.827;1.0;0.971;0.999;216.98;
25;2025-12-11;22;114.07;1.0;0.971;0.999;110.642;
25;2025-12-11;23;10.381;1.0;0.971;1.035;10.426;
25;2025-12-12;0;0.0;1.0;0.978;1.0;0.0;
25;2025-12-12;1;0.0;1.0;0.978;1.0;0.0;
25;2025-12-12;2;0.0;1.0;0.978;1.0;0.0;
25;2025-12-12;3;0.0;1.0;0.978;1.0;0.0;
25;2025-12-12;4;0.0;1.0;0.978;1.0;0.0;
25;2025-12-12;5;12.09;1.0;0.978;0.986;11.655;
25;2025-12-12;6;238.666;1.0;0.978;1.0;233.313;
25;2025-12-12;7;634.66;1.0;0.978;0.999;620.273;
25;2025-12-12;8;1007.801;1.0;0.978;1.0;986.119;
25;2025-12-12;9;531.132;1.0;0.978;1.001;519.761;
25;2025-12-12;10;436.017;1.0;0.978;0.999;426.163;
25;2025-12-12;11;502.211;1.0;0.978;1.0;490.949;
25;2025-12-12;12;497.799;1.0;0.978;1.001;487.367;
25;2025-12-12;13;626.463;1.0;0.978;1.0;612.352;
25;2025-12-12;14;572.259;1.0;0.978;1.0;559.739;
25;2025-12-12;15;726.03;1.0;0.978;0.999;709.575;
25;2025-12-12;16;894.521;1.0;0.978;1.0;875.241;
25;2025-12-12;17;900.846;1.0;0.978;1.0;881.413;
25;2025-12-12;18;780.88;1.0;0.978;1.0;763.398;
25;2025-12-12;19;614.073;1.0;0.978;1.001;601.001;
25;2025-12-12;20;383.955;1.0;0.978;0.999;375.255;
25;2025-12-12;21;255.43;1.0;0.978;0.999;249.587;
25;2025-12-12;22;149.766;1.0;0.978;1.002;146.783;
25;2025-12-12;23;18.403;1.0;0.978;0.973;17.512;
25;2025-12-13;0;4.947;1.0;1.011;1.053;5.264;
25;2025-12-13;1;0.0;1.0;1.011;1.0;0.0;
25;2025-12-13;2;0.0;1.0;1.011;1.0;0.0;
25;2025-12-13;3;0.0;1.0;1.011;1.0;0.0;
25;2025-12-13;4;0.0;1.0;1.011;1.0;0.0;
25;2025-12-13;5;14.18;1.0;1.011;0.991;14.202;
25;2025-12-13;6;96.754;1.0;1.011;1.004;98.162;
25;2025-12-13;7;151.432;1.0;1.011;1.003;153.47;
25;2025-12-13;8;333.683;1.0;1.011;0.999;337.104;
25;2025-12-13;9;319.506;1.0;1.011;0.999;322.668;
25;2025-12-13;10;315.696;1.0;1.011;0.999;318.744;
25;2025-12-13;11;415.936;1.0;1.011;1.001;420.993;
25;2025-12-13;12;441.325;1.0;1.011;0.999;445.846;
25;2025-12-13;13;633.099;1.0;1.011;1.001;640.39;
25;2025-12-13;14;646.924;1.0;1.011;1.0;653.716;
25;2025-12-13;15;748.488;1.0;1.011;1.0;756.815;
25;2025-12-13;16;686.937;1.0;1.011;1.0;694.104;
25;2025-12-13;17;571.794;1.0;1.011;1.0;577.903;
25;2025-12-13;18;541.645;1.0;1.011;1.0;547.223;
25;2025-12-13;19;469.163;1.0;1.011;1.0;474.385;
25;2025-12-13;20;294.578;1.0;1.011;1.002;298.312;
25;2025-12-13;21;236.88;1.0;1.011;1.0;239.341;
25;2025-12-13;22;146.187;1.0;1.011;1.0;147.768;
25;2025-12-13;23;58.348;1.0;1.011;0.992;58.521;
25;2025-12-14;0;19.98;1.0;1.014;1.014;20.539;
25;2025-12-14;1;0.671;1.0;1.014;0.0;0.0;
25;2025-12-14;2;0.0;1.0;1.014;1.0;0.0;
25;2025-12-14;3;0.0;1.0;1.014;1.0;0.0;
25;2025-12-14;4;0.0;1.0;1.014;1.0;0.0;
25;2025-12-14;5;7.344;1.0;1.014;1.03;7.67;
25;2025-12-14;6;79.445;1.0;1.014;1.001;80.651;
25;2025-12-14;7;118.07;1.0;1.014;0.996;119.218;
25;2025-12-14;8;218.863;1.0;1.014;0.999;221.708;
25;2025-12-14;9;247.366;1.0;1.014;0.998;250.465;
25;2025-12-14;10;255.266;1.0;1.014;1.001;259.13;
25;2025-12-14;11;348.411;1.0;1.014;1.0;353.37;
25;2025-12-14;12;417.431;1.0;1.014;0.999;422.865;
25;2025-12-14;13;520.071;1.0;1.014;1.0;527.247;
25;2025-12-14;14;595.659;1.0;1.014;1.0;603.812;
25;2025-12-14;15;684.759;1.0;1.014;0.999;693.915;
25;2025-12-14;16;579.388;1.0;1.014;0.999;587.092;
25;2025-12-14;17;552.311;1.0;1.014;1.0;559.977;
25;2025-12-14;18;481.552;1.0;1.014;1.0;488.49;
25;2025-12-14;19;370.901;1.0;1.014;0.999;375.824;
25;2025-12-14;20;260.402;1.0;1.014;1.0;264.211;
25;2025-12-14;21;197.019;1.0;1.014;0.999;199.636;
25;2025-12-14;22;122.408;1.0;1.014;1.001;124.224;
25;2025-12-14;23;44.183;1.0;1.014;1.005;45.034;
25;2025-12-15;0;4.037;1.0;1.014;0.88;3.603;
25;2025-12-15;1;0.0;1.0;1.014;1.0;0.0;
25;2025-12-15;2;0.0;1.0;1.014;1.0;0.0;
25;2025-12-15;3;0.0;1.0;1.014;1.0;0.0;
25;2025-12-15;4;0.0;1.0;1.014;1.0;0.0;
25;2025-12-15;5;13.858;1.0;1.014;0.984;13.825;
25;2025-12-15;6;209.105;1.0;1.014;0.999;211.846;
25;2025-12-15;7;565.479;1.0;1.014;1.0;573.427;
25;2025-12-15;8;962.068;1.0;1.014;1.0;975.763;
25;2025-12-15;9;501.832;1.0;1.014;1.0;509.09;
25;2025-12-15;10;382.718;1.0;1.014;1.0;388.192;
25;2025-12-15;11;433.299;1.0;1.014;1.001;439.897;
25;2025-12-15;12;424.463;1.0;1.014;1.001;430.76;
25;2025-12-15;13;541.676;1.0;1.014;1.0;549.343;
25;2025-12-15;14;467.634;1.0;1.014;1.0;474.413;
25;2025-12-15;15;559.009;1.0;1.014;1.0;566.724;
25;2025-12-15;16;691.343;1.0;1.014;1.0;701.437;
25;2025-12-15;17;773.29;1.0;1.014;1.0;783.982;
25;2025-12-15;18;825.456;1.0;1.014;1.0;837.104;
25;2025-12-15;19;557.656;1.0;1.014;1.0;565.766;
25;2025-12-15;20;337.3;1.0;1.014;1.001;342.567;
25;2025-12-15;21;223.827;1.0;1.014;0.999;226.74;
25;2025-12-15;22;114.07;1.0;1.014;0.999;115.619;
25;2025-12-15;23;10.381;1.0;1.014;1.035;10.895;
25;2025-12-16;0;4.037;1.0;1.0;0.88;3.552;
25;2025-12-16;1;0.0;1.0;1.0;1.0;0.0;
25;2025-12-16;2;0.0;1.0;1.0;1.0;0.0;
25;2025-12-16;3;0.0;1.0;1.0;1.0;0.0;
25;2025-12-16;4;0.0;1.0;1.0;1.0;0.0;
25;2025-12-16;5;13.858;1.0;1.0;0.984;13.628;
25;2025-12-16;6;209.105;1.0;1.0;0.999;208.838;
25;2025-12-16;7;565.479;1.0;1.0;1.0;565.285;
25;2025-12-16;8;962.068;1.0;1.0;1.0;961.909;
25;2025-12-16;9;501.832;1.0;1.0;1.0;501.862;
25;2025-12-16;10;382.718;1.0;1.0;1.0;382.68;
25;2025-12-16;11;433.299;1.0;1.0;1.001;433.652;
25;2025-12-16;12;424.463;1.0;1.0;1.001;424.644;
25;2025-12-16;13;541.676;1.0;1.0;1.0;541.544;
25;2025-12-16;14;467.634;1.0;1.0;1.0;467.677;
25;2025-12-16;15;559.009;1.0;1.0;1.0;558.678;
25;2025-12-16;16;691.343;1.0;1.0;1.0;691.478;
25;2025-12-16;17;773.29;1.0;1.0;1.0;772.851;
25;2025-12-16;18;825.456;1.0;1.0;1.0;825.219;
25;2025-12-16;19;557.656;1.0;1.0;1.0;557.733;
25;2025-12-16;20;337.3;1.0;1.0;1.001;337.703;
25;2025-12-16;21;223.827;1.0;1.0;0.999;223.521;
25;2025-12-16;22;114.07;1.0;1.0;0.999;113.977;
25;2025-12-16;23;10.381;1.0;1.0;1.035;10.74;
25;2025-12-17;0;4.037;1.0;1.015;0.88;3.607;
25;2025-12-17;1;0.0;1.0;1.015;1.0;0.0;
25;2025-12-17;2;0.0;1.0;1.015;1.0;0.0;
25;2025-12-17;3;0.0;1.0;1.015;1.0;0.0;
25;2025-12-17;4;0.0;1.0;1.015;1.0;0.0;
25;2025-12-17;5;13.858;1.0;1.015;0.984;13.84;
25;2025-12-17;6;209.105;1.0;1.015;0.999;212.079;
25;2025-12-17;7;565.479;1.0;1.015;1.0;574.058;
25;2025-12-17;8;962.068;1.0;1.015;1.0;976.837;
25;2025-12-17;9;501.832;1.0;1.015;1.0;509.651;
25;2025-12-17;10;382.718;1.0;1.015;1.0;388.619;
25;2025-12-17;11;433.299;1.0;1.015;1.001;440.382;
25;2025-12-17;12;424.463;1.0;1.015;1.001;431.235;
25;2025-12-17;13;541.676;1.0;1.015;1.0;549.948;
25;2025-12-17;14;467.634;1.0;1.015;1.0;474.935;
25;2025-12-17;15;559.009;1.0;1.015;1.0;567.348;
25;2025-12-17;16;691.343;1.0;1.015;1.0;702.209;
25;2025-12-17;17;773.29;1.0;1.015;1.0;784.845;
25;2025-12-17;18;825.456;1.0;1.015;1.0;838.026;
25;2025-12-17;19;557.656;1.0;1.015;1.0;566.389;
25;2025-12-17;20;337.3;1.0;1.015;1.001;342.944;
25;2025-12-17;21;223.827;1.0;1.015;0.999;226.99;
25;2025-12-17;22;114.07;1.0;1.015;0.999;115.746;
25;2025-12-17;23;10.381;1.0;1.015;1.035;10.907;
25;2025-12-18;0;4.037;1.0;1.015;0.88;3.607;
25;2025-12-18;1;0.0;1.0;1.015;1.0;0.0;
25;2025-12-18;2;0.0;1.0;1.015;1.0;0.0;
25;2025-12-18;3;0.0;1.0;1.015;1.0;0.0;
25;2025-12-18;4;0.0;1.0;1.015;1.0;0.0;
25;2025-12-18;5;13.858;1.0;1.015;0.984;13.84;
25;2025-12-18;6;209.105;1.0;1.015;0.999;212.079;
25;2025-12-18;7;565.479;1.0;1.015;1.0;574.058;
25;2025-12-18;8;962.068;1.0;1.015;1.0;976.837;
25;2025-12-18;9;501.832;1.0;1.015;1.0;509.651;
25;2025-12-18;10;382.718;1.0;1.015;1.0;388.619;
25;2025-12-18;11;433.299;1.0;1.015;1.001;440.382;
25;2025-12-18;12;424.463;1.0;1.015;1.001;431.235;
25;2025-12-18;13;541.676;1.0;1.015;1.0;549.948;
25;2025-12-18;14;467.634;1.0;1.015;1.0;474.935;
25;2025-12-18;15;559.009;1.0;1.015;1.0;567.348;
25;2025-12-18;16;691.343;1.0;1.015;1.0;702.209;
25;2025-12-18;17;773.29;1.0;1.015;1.0;784.845;
25;2025-12-18;18;825.456;1.0;1.015;1.0;838.026;
25;2025-12-18;19;557.656;1.0;1.015;1.0;566.389;
25;2025-12-18;20;337.3;1.0;1.015;1.001;342.944;
25;2025-12-18;21;223.827;1.0;1.015;0.999;226.99;
25;2025-12-18;22;114.07;1.0;1.015;0.999;115.746;
25;2025-12-18;23;10.381;1.0;1.015;1.035;10.907;
25;2025-12-19;0;0.0;1.0;1.013;1.0;0.0;
25;2025-12-19;1;0.0;1.0;1.013;1.0;0.0;
25;2025-12-19;2;0.0;1.0;1.013;1.0;0.0;
25;2025-12-19;3;0.0;1.0;1.013;1.0;0.0;
25;2025-12-19;4;0.0;1.0;1.013;1.0;0.0;
25;2025-12-19;5;12.09;1.0;1.013;0.986;12.073;
25;2025-12-19;6;238.666;1.0;1.013;1.0;241.672;
25;2025-12-19;7;634.66;1.0;1.013;0.999;642.495;
25;2025-12-19;8;1007.801;1.0;1.013;1.0;1021.449;
25;2025-12-19;9;531.132;1.0;1.013;1.001;538.382;
25;2025-12-19;10;436.017;1.0;1.013;0.999;441.431;
25;2025-12-19;11;502.211;1.0;1.013;1.0;508.538;
25;2025-12-19;12;497.799;1.0;1.013;1.001;504.828;
25;2025-12-19;13;626.463;1.0;1.013;1.0;634.291;
25;2025-12-19;14;572.259;1.0;1.013;1.0;579.793;
25;2025-12-19;15;726.03;1.0;1.013;0.999;734.997;
25;2025-12-19;16;894.521;1.0;1.013;1.0;906.598;
25;2025-12-19;17;900.846;1.0;1.013;1.0;912.992;
25;2025-12-19;18;780.88;1.0;1.013;1.0;790.748;
25;2025-12-19;19;614.073;1.0;1.013;1.001;622.533;
25;2025-12-19;20;383.955;1.0;1.013;0.999;388.699;
25;2025-12-19;21;255.43;1.0;1.013;0.999;258.529;
25;2025-12-19;22;149.766;1.0;1.013;1.002;152.041;
25;2025-12-19;23;18.403;1.0;1.013;0.973;18.14;
25;2025-12-20;0;4.947;1.0;1.015;1.053;5.288;
25;2025-12-20;1;0.0;1.0;1.015;1.0;0.0;
25;2025-12-20;2;0.0;1.0;1.015;1.0;0.0;
25;2025-12-20;3;0.0;1.0;1.015;1.0;0.0;
25;2025-12-20;4;0.0;1.0;1.015;1.0;0.0;
25;2025-12-20;5;14.18;1.0;1.015;0.991;14.265;
25;2025-12-20;6;96.754;1.0;1.015;1.004;98.595;
25;2025-12-20;7;151.432;1.0;1.015;1.003;154.147;
25;2025-12-20;8;333.683;1.0;1.015;0.999;338.591;
25;2025-12-20;9;319.506;1.0;1.015;0.999;324.091;
25;2025-12-20;10;315.696;1.0;1.015;0.999;320.15;
25;2025-12-20;11;415.936;1.0;1.015;1.001;422.85;
25;2025-12-20;12;441.325;1.0;1.015;0.999;447.812;
25;2025-12-20;13;633.099;1.0;1.015;1.001;643.213;
25;2025-12-20;14;646.924;1.0;1.015;1.0;656.599;
25;2025-12-20;15;748.488;1.0;1.015;1.0;760.153;
25;2025-12-20;16;686.937;1.0;1.015;1.0;697.165;
25;2025-12-20;17;571.794;1.0;1.015;1.0;580.451;
25;2025-12-20;18;541.645;1.0;1.015;1.0;549.636;
25;2025-12-20;19;469.163;1.0;1.015;1.0;476.477;
25;2025-12-20;20;294.578;1.0;1.015;1.002;299.628;
25;2025-12-20;21;236.88;1.0;1.015;1.0;240.396;
25;2025-12-20;22;146.187;1.0;1.015;1.0;148.419;
25;2025-12-20;23;58.348;1.0;1.015;0.992;58.779;
25;2025-12-21;0;19.98;1.0;1.011;1.014;20.471;
25;2025-12-21;1;0.671;1.0;1.011;0.0;0.0;
25;2025-12-21;2;0.0;1.0;1.011;1.0;0.0;
25;2025-12-21;3;0.0;1.0;1.011;1.0;0.0;
25;2025-12-21;4;0.0;1.0;1.011;1.0;0.0;
25;2025-12-21;5;7.344;1.0;1.011;1.03;7.644;
25;2025-12-21;6;79.445;1.0;1.011;1.001;80.385;
25;2025-12-21;7;118.07;1.0;1.011;0.996;118.825;
25;2025-12-21;8;218.863;1.0;1.011;0.999;220.978;
25;2025-12-21;9;247.366;1.0;1.011;0.998;249.64;
25;2025-12-21;10;255.266;1.0;1.011;1.001;258.276;
25;2025-12-21;11;348.411;1.0;1.011;1.0;352.206;
25;2025-12-21;12;417.431;1.0;1.011;0.999;421.472;
25;2025-12-21;13;520.071;1.0;1.011;1.0;525.51;
25;2025-12-21;14;595.659;1.0;1.011;1.0;601.822;
25;2025-12-21;15;684.759;1.0;1.011;0.999;691.629;
25;2025-12-21;16;579.388;1.0;1.011;0.999;585.158;
25;2025-12-21;17;552.311;1.0;1.011;1.0;558.133;
25;2025-12-21;18;481.552;1.0;1.011;1.0;486.881;
25;2025-12-21;19;370.901;1.0;1.011;0.999;374.586;
25;2025-12-21;20;260.402;1.0;1.011;1.0;263.341;
25;2025-12-21;21;197.019;1.0;1.011;0.999;198.979;
25;2025-12-21;22;122.408;1.0;1.011;1.001;123.815;
25;2025-12-21;23;44.183;1.0;1.011;1.005;44.886;
25;2025-12-22;0;4.037;1.0;1.006;0.88;3.575;
25;2025-12-22;1;0.0;1.0;1.006;1.0;0.0;
25;2025-12-22;2;0.0;1.0;1.006;1.0;0.0;
25;2025-12-22;3;0.0;1.0;1.006;1.0;0.0;
25;2025-12-22;4;0.0;1.0;1.006;1.0;0.0;
25;2025-12-22;5;13.858;1.0;1.006;0.984;13.719;
25;2025-12-22;6;209.105;1.0;1.006;0.999;210.221;
25;2025-12-22;7;565.479;1.0;1.006;1.0;569.028;
25;2025-12-22;8;962.068;1.0;1.006;1.0;968.279;
25;2025-12-22;9;501.832;1.0;1.006;1.0;505.186;
25;2025-12-22;10;382.718;1.0;1.006;1.0;385.214;
25;2025-12-22;11;433.299;1.0;1.006;1.001;436.523;
25;2025-12-22;12;424.463;1.0;1.006;1.001;427.456;
25;2025-12-22;13;541.676;1.0;1.006;1.0;545.13;
25;2025-12-22;14;467.634;1.0;1.006;1.0;470.774;
25;2025-12-22;15;559.009;1.0;1.006;1.0;562.377;
25;2025-12-22;16;691.343;1.0;1.006;1.0;696.057;
25;2025-12-22;17;773.29;1.0;1.006;1.0;777.968;
25;2025-12-22;18;825.456;1.0;1.006;1.0;830.683;
25;2025-12-22;19;557.656;1.0;1.006;1.0;561.426;
25;2025-12-22;20;337.3;1.0;1.006;1.001;339.94;
25;2025-12-22;21;223.827;1.0;1.006;0.999;225.001;
25;2025-12-22;22;114.07;1.0;1.006;0.999;114.732;
25;2025-12-22;23;10.381;1.0;1.006;1.035;10.811;
25;2025-12-23;0;4.037;1.0;0.981;0.88;3.486;
25;2025-12-23;1;0.0;1.0;0.981;1.0;0.0;
25;2025-12-23;2;0.0;1.0;0.981;1.0;0.0;
25;2025-12-23;3;0.0;1.0;0.981;1.0;0.0;
25;2025-12-23;4;0.0;1.0;0.981;1.0;0.0;
25;2025-12-23;5;13.858;1.0;0.981;0.984;13.377;
25;2025-12-23;6;209.105;1.0;0.981;0.999;204.99;
25;2025-12-23;7;565.479;1.0;0.981;1.0;554.868;
25;2025-12-23;8;962.068;1.0;0.981;1.0;944.183;
25;2025-12-23;9;501.832;1.0;0.981;1.0;492.614;
25;2025-12-23;10;382.718;1.0;0.981;1.0;375.628;
25;2025-12-23;11;433.299;1.0;0.981;1.001;425.66;
25;2025-12-23;12;424.463;1.0;0.981;1.001;416.819;
25;2025-12-23;13;541.676;1.0;0.981;1.0;531.564;
25;2025-12-23;14;467.634;1.0;0.981;1.0;459.059;
25;2025-12-23;15;559.009;1.0;0.981;1.0;548.382;
25;2025-12-23;16;691.343;1.0;0.981;1.0;678.736;
25;2025-12-23;17;773.29;1.0;0.981;1.0;758.608;
25;2025-12-23;18;825.456;1.0;0.981;1.0;810.012;
25;2025-12-23;19;557.656;1.0;0.981;1.0;547.455;
25;2025-12-23;20;337.3;1.0;0.981;1.001;331.48;
25;2025-12-23;21;223.827;1.0;0.981;0.999;219.402;
25;2025-12-23;22;114.07;1.0;0.981;0.999;111.877;
25;2025-12-23;23;10.381;1.0;0.981;1.035;10.542;
25;2025-12-24;0;4.037;1.0;0.976;0.88;3.467;
25;2025-12-24;1;0.0;1.0;0.976;1.0;0.0;
25;2025-12-24;2;0.0;1.0;0.976;1.0;0.0;
25;2025-12-24;3;0.0;1.0;0.976;1.0;0.0;
25;2025-12-24;4;0.0;1.0;0.976;1.0;0.0;
25;2025-12-24;5;13.858;1.0;0.976;0.984;13.304;
25;2025-12-24;6;209.105;1.0;0.976;0.999;203.865;
25;2025-12-24;7;565.479;1.0;0.976;1.0;551.825;
25;2025-12-24;8;962.068;1.0;0.976;1.0;939.004;
25;2025-12-24;9;501.832;1.0;0.976;1.0;489.912;
25;2025-12-24;10;382.718;1.0;0.976;1.0;373.568;
25;2025-12-24;11;433.299;1.0;0.976;1.001;423.326;
25;2025-12-24;12;424.463;1.0;0.976;1.001;414.533;
25;2025-12-24;13;541.676;1.0;0.976;1.0;528.648;
25;2025-12-24;14;467.634;1.0;0.976;1.0;456.541;
25;2025-12-24;15;559.009;1.0;0.976;1.0;545.375;
25;2025-12-24;16;691.343;1.0;0.976;1.0;675.013;
25;2025-12-24;17;773.29;1.0;0.976;1.0;754.448;
25;2025-12-24;18;825.456;1.0;0.976;1.0;805.569;
25;2025-12-24;19;557.656;1.0;0.976;1.0;544.452;
25;2025-12-24;20;337.3;1.0;0.976;1.001;329.662;
25;2025-12-24;21;223.827;1.0;0.976;0.999;218.199;
25;2025-12-24;22;114.07;1.0;0.976;0.999;111.263;
25;2025-12-24;23;10.381;1.0;0.976;1.035;10.484;
25;2025-12-25;0;4.037;1.0;0.998;0.88;3.544;
25;2025-12-25;1;0.0;1.0;0.998;1.0;0.0;
25;2025-12-25;2;0.0;1.0;0.998;1.0;0.0;
25;2025-12-25;3;0.0;1.0;0.998;1.0;0.0;
25;2025-12-25;4;0.0;1.0;0.998;1.0;0.0;
25;2025-12-25;5;13.858;1.0;0.998;0.984;13.598;
25;2025-12-25;6;209.105;1.0;0.998;0.999;208.379;
25;2025-12-25;7;565.479;1.0;0.998;1.0;564.043;
25;2025-12-25;8;962.068;1.0;0.998;1.0;959.795;
25;2025-12-25;9;501.832;1.0;0.998;1.0;500.759;
25;2025-12-25;10;382.718;1.0;0.998;1.0;381.839;
25;2025-12-25;11;433.299;1.0;0.998;1.001;432.699;
25;2025-12-25;12;424.463;1.0;0.998;1.001;423.711;
25;2025-12-25;13;541.676;1.0;0.998;1.0;540.354;
25;2025-12-25;14;467.634;1.0;0.998;1.0;466.649;
25;2025-12-25;15;559.009;1.0;0.998;1.0;557.45;
25;2025-12-25;16;691.343;1.0;0.998;1.0;689.959;
25;2025-12-25;17;773.29;1.0;0.998;1.0;771.152;
25;2025-12-25;18;825.456;1.0;0.998;1.0;823.405;
25;2025-12-25;19;557.656;1.0;0.998;1.0;556.507;
25;2025-12-25;20;337.3;1.0;0.998;1.001;336.961;
25;2025-12-25;21;223.827;1.0;0.998;0.999;223.03;
25;2025-12-25;22;114.07;1.0;0.998;0.999;113.727;
25;2025-12-25;23;10.381;1.0;0.998;1.035;10.716;
25;2025-12-26;0;0.0;1.0;0.96;1.0;0.0;
25;2025-12-26;1;0.0;1.0;0.96;1.0;0.0;
25;2025-12-26;2;0.0;1.0;0.96;1.0;0.0;
25;2025-12-26;3;0.0;1.0;0.96;1.0;0.0;
25;2025-12-26;4;0.0;1.0;0.96;1.0;0.0;
25;2025-12-26;5;12.09;1.0;0.96;0.986;11.439;
25;2025-12-26;6;238.666;1.0;0.96;1.0;228.991;
25;2025-12-26;7;634.66;1.0;0.96;0.999;608.781;
25;2025-12-26;8;1007.801;1.0;0.96;1.0;967.85;
25;2025-12-26;9;531.132;1.0;0.96;1.001;510.131;
25;2025-12-26;10;436.017;1.0;0.96;0.999;418.268;
25;2025-12-26;11;502.211;1.0;0.96;1.0;481.854;
25;2025-12-26;12;497.799;1.0;0.96;1.001;478.338;
25;2025-12-26;13;626.463;1.0;0.96;1.0;601.008;
25;2025-12-26;14;572.259;1.0;0.96;1.0;549.37;
25;2025-12-26;15;726.03;1.0;0.96;0.999;696.429;
25;2025-12-26;16;894.521;1.0;0.96;1.0;859.026;
25;2025-12-26;17;900.846;1.0;0.96;1.0;865.084;
25;2025-12-26;18;780.88;1.0;0.96;1.0;749.255;
25;2025-12-26;19;614.073;1.0;0.96;1.001;589.867;
25;2025-12-26;20;383.955;1.0;0.96;0.999;368.303;
25;2025-12-26;21;255.43;1.0;0.96;0.999;244.963;
25;2025-12-26;22;149.766;1.0;0.96;1.002;144.063;
25;2025-12-26;23;18.403;1.0;0.96;0.973;17.188;
25;2025-12-27;0;4.947;1.0;1.013;1.053;5.276;
25;2025-12-27;1;0.0;1.0;1.013;1.0;0.0;
25;2025-12-27;2;0.0;1.0;1.013;1.0;0.0;
25;2025-12-27;3;0.0;1.0;1.013;1.0;0.0;
25;2025-12-27;4;0.0;1.0;1.013;1.0;0.0;
25;2025-12-27;5;14.18;1.0;1.013;0.991;14.233;
25;2025-12-27;6;96.754;1.0;1.013;1.004;98.378;
25;2025-12-27;7;151.432;1.0;1.013;1.003;153.808;
25;2025-12-27;8;333.683;1.0;1.013;0.999;337.847;
25;2025-12-27;9;319.506;1.0;1.013;0.999;323.379;
25;2025-12-27;10;315.696;1.0;1.013;0.999;319.446;
25;2025-12-27;11;415.936;1.0;1.013;1.001;421.92;
25;2025-12-27;12;441.325;1.0;1.013;0.999;446.828;
25;2025-12-27;13;633.099;1.0;1.013;1.001;641.8;
25;2025-12-27;14;646.924;1.0;1.013;1.0;655.156;
25;2025-12-27;15;748.488;1.0;1.013;1.0;758.482;
25;2025-12-27;16;686.937;1.0;1.013;1.0;695.633;
25;2025-12-27;17;571.794;1.0;1.013;1.0;579.175;
25;2025-12-27;18;541.645;1.0;1.013;1.0;548.428;
25;2025-12-27;19;469.163;1.0;1.013;1.0;475.43;
25;2025-12-27;20;294.578;1.0;1.013;1.002;298.969;
25;2025-12-27;21;236.88;1.0;1.013;1.0;239.868;
25;2025-12-27;22;146.187;1.0;1.013;1.0;148.093;
25;2025-12-27;23;58.348;1.0;1.013;0.992;58.65;
25;2025-12-28;0;19.98;1.0;0.994;1.014;20.136;
25;2025-12-28;1;0.671;1.0;0.994;0.0;0.0;
25;2025-12-28;2;0.0;1.0;0.994;1.0;0.0;
25;2025-12-28;3;0.0;1.0;0.994;1.0;0.0;
25;2025-12-28;4;0.0;1.0;0.994;1.0;0.0;
25;2025-12-28;5;7.344;1.0;0.994;1.03;7.519;
25;2025-12-28;6;79.445;1.0;0.994;1.001;79.069;
25;2025-12-28;7;118.07;1.0;0.994;0.996;116.881;
25;2025-12-28;8;218.863;1.0;0.994;0.999;217.362;
25;2025-12-28;9;247.366;1.0;0.994;0.998;245.555;
25;2025-12-28;10;255.266;1.0;0.994;1.001;254.049;
25;2025-12-28;11;348.411;1.0;0.994;1.0;346.442;
25;2025-12-28;12;417.431;1.0;0.994;0.999;414.574;
25;2025-12-28;13;520.071;1.0;0.994;1.0;516.91;
25;2025-12-28;14;595.659;1.0;0.994;1.0;591.974;
25;2025-12-28;15;684.759;1.0;0.994;0.999;680.31;
25;2025-12-28;16;579.388;1.0;0.994;0.999;575.582;
25;2025-12-28;17;552.311;1.0;0.994;1.0;548.999;
25;2025-12-28;18;481.552;1.0;0.994;1.0;478.913;
25;2025-12-28;19;370.901;1.0;0.994;0.999;368.456;
25;2025-12-28;20;260.402;1.0;0.994;1.0;259.031;
25;2025-12-28;21;197.019;1.0;0.994;0.999;195.722;
25;2025-12-28;22;122.408;1.0;0.994;1.001;121.789;
25;2025-12-28;23;44.183;1.0;0.994;1.005;44.151;
25;2025-12-29;0;4.037;0.88;0.998;1.0;3.544;
25;2025-12-29;1;0.0;0.88;0.998;1.0;0.0;
25;2025-12-29;2;0.0;0.88;0.998;1.0;0.0;
25;2025-12-29;3;0.0;0.88;0.998;1.0;0.0;
25;2025-12-29;4;0.0;0.88;0.998;1.0;0.0;
25;2025-12-29;5;13.858;0.88;0.998;1.006;12.239;
25;2025-12-29;6;209.105;0.88;0.998;1.0;183.629;
25;2025-12-29;7;565.479;0.88;0.998;0.999;495.969;
25;2025-12-29;8;962.068;0.88;0.998;1.0;844.748;
25;2025-12-29;9;501.832;0.88;0.998;0.999;440.158;
25;2025-12-29;10;382.718;0.88;0.998;1.0;335.896;
25;2025-12-29;11;433.299;0.88;0.998;1.001;380.855;
25;2025-12-29;12;424.463;0.88;0.998;1.001;372.866;
25;2025-12-29;13;541.676;0.88;0.998;0.999;475.069;
25;2025-12-29;14;467.634;0.88;0.998;0.999;410.241;
25;2025-12-29;15;559.009;0.88;0.998;1.001;491.039;
25;2025-12-29;16;691.343;0.88;0.998;1.0;606.67;
25;2025-12-29;17;773.29;0.88;0.998;1.0;678.494;
25;2025-12-29;18;825.456;0.88;0.998;1.0;724.341;
25;2025-12-29;19;557.656;0.88;0.998;0.999;489.136;
25;2025-12-29;20;337.3;0.88;0.998;0.999;295.921;
25;2025-12-29;21;223.827;0.88;0.998;1.002;196.909;
25;2025-12-29;22;114.07;0.88;0.998;1.005;100.655;
25;2025-12-29;23;10.381;0.88;0.998;1.029;9.377;
25;2025-12-30;0;4.037;0.88;0.978;1.0;3.474;
25;2025-12-30;1;0.0;0.88;0.978;1.0;0.0;
25;2025-12-30;2;0.0;0.88;0.978;1.0;0.0;
25;2025-12-30;3;0.0;0.88;0.978;1.0;0.0;
25;2025-12-30;4;0.0;0.88;0.978;1.0;0.0;
25;2025-12-30;5;13.858;0.88;0.978;1.006;11.999;
25;2025-12-30;6;209.105;0.88;0.978;1.0;180.029;
25;2025-12-30;7;565.479;0.88;0.978;0.999;486.245;
25;2025-12-30;8;962.068;0.88;0.978;1.0;828.186;
25;2025-12-30;9;501.832;0.88;0.978;0.999;431.529;
25;2025-12-30;10;382.718;0.88;0.978;1.0;329.31;
25;2025-12-30;11;433.299;0.88;0.978;1.001;373.388;
25;2025-12-30;12;424.463;0.88;0.978;1.001;365.556;
25;2025-12-30;13;541.676;0.88;0.978;0.999;465.755;
25;2025-12-30;14;467.634;0.88;0.978;0.999;402.198;
25;2025-12-30;15;559.009;0.88;0.978;1.001;481.412;
25;2025-12-30;16;691.343;0.88;0.978;1.0;594.776;
25;2025-12-30;17;773.29;0.88;0.978;1.0;665.192;
25;2025-12-30;18;825.456;0.88;0.978;1.0;710.14;
25;2025-12-30;19;557.656;0.88;0.978;0.999;479.546;
25;2025-12-30;20;337.3;0.88;0.978;0.999;290.12;
25;2025-12-30;21;223.827;0.88;0.978;1.002;193.049;
25;2025-12-30;22;114.07;0.88;0.978;1.005;98.681;
25;2025-12-30;23;10.381;0.88;0.978;1.029;9.193;
25;2025-12-31;0;7.695;0.8;1.001;1.097;6.756;
25;2025-12-31;1;0.0;0.8;1.001;1.0;0.0;
25;2025-12-31;2;0.0;0.8;1.001;1.0;0.0;
25;2025-12-31;3;0.0;0.8;1.001;1.0;0.0;
25;2025-12-31;4;0.0;0.8;1.001;1.0;0.0;
25;2025-12-31;5;15.265;0.8;1.001;0.991;12.111;
25;2025-12-31;6;102.309;0.8;1.001;1.0;81.911;
25;2025-12-31;7;158.772;0.8;1.001;1.003;127.459;
25;2025-12-31;8;360.552;0.8;1.001;0.999;288.529;
25;2025-12-31;9;325.571;0.8;1.001;0.999;260.444;
25;2025-12-31;10;340.259;0.8;1.001;1.002;272.862;
25;2025-12-31;11;430.605;0.8;1.001;1.001;345.237;
25;2025-12-31;12;453.323;0.8;1.001;0.999;362.532;
25;2025-12-31;13;708.846;0.8;1.001;1.0;567.736;
25;2025-12-31;14;695.009;0.8;1.001;1.0;556.31;
25;2025-12-31;15;819.319;0.8;1.001;1.0;655.789;
25;2025-12-31;16;763.963;0.8;1.001;1.0;611.463;
25;2025-12-31;17;584.957;0.8;1.001;1.001;468.716;
25;2025-12-31;18;584.355;0.8;1.001;1.0;468.111;
25;2025-12-31;19;580.435;0.8;1.001;1.0;464.624;
25;2025-12-31;20;290.777;0.8;1.001;0.0;0.0;free fare New Year night
25;2025-12-31;21;270.243;0.8;1.001;0.0;0.0;free fare New Year night
25;2025-12-31;22;153.465;0.8;1.001;0.0;0.0;free fare New Year night
25;2025-12-31;23;55.602;0.8;1.001;0.0;0.0;free fare New Year night
26;2025-11-01;0;29.516;0.8;1.015;1.694;40.611;
26;2025-11-01;1;0.72;0.8;1.015;5.209;3.046;
26;2025-11-01;2;0.0;0.8;1.015;1.0;0.0;
26;2025-11-01;3;0.0;0.8;1.015;1.0;0.0;
26;2025-11-01;4;1.534;0.8;1.015;1.302;1.622;
26;2025-11-01;5;84.107;0.8;1.015;1.004;68.598;
26;2025-11-01;6;508.456;0.8;1.015;1.0;413.146;
26;2025-11-01;7;1064.52;0.8;1.015;1.0;864.399;
26;2025-11-01;8;2123.451;0.8;1.015;1.0;1725.191;
26;2025-11-01;9;1420.053;0.8;1.015;1.0;1153.705;
26;2025-11-01;10;1229.931;0.8;1.015;1.0;999.155;
26;2025-11-01;11;1102.389;0.8;1.015;1.0;895.699;
26;2025-11-01;12;1151.544;0.8;1.015;1.0;935.33;
26;2025-11-01;13;1210.62;0.8;1.015;1.0;982.975;
26;2025-11-01;14;1301.648;0.8;1.015;1.0;1057.365;
26;2025-11-01;15;1406.212;0.8;1.015;1.0;1141.73;
26;2025-11-01;16;1667.846;0.8;1.015;1.0;1354.471;
26;2025-11-01;17;1749.272;0.8;1.015;1.0;1421.111;
26;2025-11-01;18;1408.013;0.8;1.015;1.0;1143.501;
26;2025-11-01;19;1098.259;0.8;1.015;1.001;892.58;
26;2025-11-01;20;730.926;0.8;1.015;0.999;593.197;
26;2025-11-01;21;468.373;0.8;1.015;1.0;380.264;
26;2025-11-01;22;238.913;0.8;1.015;0.999;193.839;
26;2025-11-01;23;158.254;0.8;1.015;1.002;128.846;
26;2025-11-02;0;51.099;1.0;1.014;1.008;52.214;
26;2025-11-02;1;5.015;1.0;1.014;1.097;5.58;
26;2025-11-02;2;0.0;1.0;1.014;1.0;0.0;
26;2025-11-02;3;0.0;1.0;1.014;1.0;0.0;
26;2025-11-02;4;1.67;1.0;1.014;0.686;1.161;
26;2025-11-02;5;27.721;1.0;1.014;1.003;28.21;
26;2025-11-02;6;155.635;1.0;1.014;1.002;158.18;
26;2025-11-02;7;252.663;1.0;1.014;1.002;256.623;
26;2025-11-02;8;376.339;1.0;1.014;1.0;381.725;
26;2025-11-02;9;523.636;1.0;1.014;1.0;531.046;
26;2025-11-02;10;586.477;1.0;1.014;0.999;594.319;
26;2025-11-02;11;789.665;1.0;1.014;1.0;800.894;
26;2025-11-02;12;809.928;1.0;1.014;1.0;821.157;
26;2025-11-02;13;860.617;1.0;1.014;1.0;873.278;
26;2025-11-02;14;839.5;1.0;1.014;1.0;851.042;
26;2025-11-02;15;777.598;1.0;1.014;1.0;788.233;
26;2025-11-02;16;763.037;1.0;1.014;1.0;774.007;
26;2025-11-02;17;767.486;1.0;1.014;1.0;778.448;
26;2025-11-02;18;703.438;1.0;1.014;1.0;713.55;
26;2025-11-02;19;540.072;1.0;1.014;1.0;547.73;
26;2025-11-02;20;403.711;1.0;1.014;1.0;409.413;
26;2025-11-02;21;284.633;1.0;1.014;0.999;288.263;
26;2025-11-02;22;185.379;1.0;1.014;0.999;187.878;
26;2025-11-02;23;103.179;1.0;1.014;0.999;104.551;
26;2025-11-03;0;51.099;1.0;0.995;1.008;51.247;
26;2025-11-03;1;5.015;1.0;0.995;1.097;5.477;
26;2025-11-03;2;0.0;1.0;0.995;1.0;0.0;
26;2025-11-03;3;0.0;1.0;0.995;1.0;0.0;
26;2025-11-03;4;1.67;1.0;0.995;0.686;1.14;
26;2025-11-03;5;27.721;1.0;0.995;1.003;27.688;
26;2025-11-03;6;155.635;1.0;0.995;1.002;155.25;
26;2025-11-03;7;252.663;1.0;0.995;1.002;251.869;
26;2025-11-03;8;376.339;1.0;0.995;1.0;374.653;
26;2025-11-03;9;523.636;1.0;0.995;1.0;521.208;
26;2025-11-03;10;586.477;1.0;0.995;0.999;583.308;
26;2025-11-03;11;789.665;1.0;0.995;1.0;786.057;
26;2025-11-03;12;809.928;1.0;0.995;1.0;805.944;
26;2025-11-03;13;860.617;1.0;0.995;1.0;857.1;
26;2025-11-03;14;839.5;1.0;0.995;1.0;835.276;
26;2025-11-03;15;777.598;1.0;0.995;1.0;773.63;
26;2025-11-03;16;763.037;1.0;0.995;1.0;759.667;
26;2025-11-03;17;767.486;1.0;0.995;1.0;764.026;
26;2025-11-03;18;703.438;1.0;0.995;1.0;700.33;
26;2025-11-03;19;540.072;1.0;0.995;1.0;537.583;
26;2025-11-03;20;403.711;1.0;0.995;1.0;401.828;
26;2025-11-03;21;284.633;1.0;0.995;0.999;282.923;
26;2025-11-03;22;185.379;1.0;0.995;0.999;184.398;
26;2025-11-03;23;103.179;1.0;0.995;0.999;102.614;
26;2025-11-04;0;51.099;1.0;0.986;1.008;50.742;
26;2025-11-04;1;5.015;1.0;0.986;1.097;5.423;
26;2025-11-04;2;0.0;1.0;0.986;1.0;0.0;
26;2025-11-04;3;0.0;1.0;0.986;1.0;0.0;
26;2025-11-04;4;1.67;1.0;0.986;0.686;1.128;
26;2025-11-04;5;27.721;1.0;0.986;1.003;27.415;
26;2025-11-04;6;155.635;1.0;0.986;1.002;153.721;
26;2025-11-04;7;252.663;1.0;0.986;1.002;249.388;
26;2025-11-04;8;376.339;1.0;0.986;1.0;370.963;
26;2025-11-04;9;523.636;1.0;0.986;1.0;516.073;
26;2025-11-04;10;586.477;1.0;0.986;0.999;577.562;
26;2025-11-04;11;789.665;1.0;0.986;1.0;778.313;
26;2025-11-04;12;809.928;1.0;0.986;1.0;798.005;
26;2025-11-04;13;860.617;1.0;0.986;1.0;848.656;
26;2025-11-04;14;839.5;1.0;0.986;1.0;827.047;
26;2025-11-04;15;777.598;1.0;0.986;1.0;766.009;
26;2025-11-04;16;763.037;1.0;0.986;1.0;752.184;
26;2025-11-04;17;767.486;1.0;0.986;1.0;756.499;
26;2025-11-04;18;703.438;1.0;0.986;1.0;693.431;
26;2025-11-04;19;540.072;1.0;0.986;1.0;532.287;
26;2025-11-04;20;403.711;1.0;0.986;1.0;397.87;
26;2025-11-04;21;284.633;1.0;0.986;0.999;280.136;
26;2025-11-04;22;185.379;1.0;0.986;0.999;182.581;
26;2025-11-04;23;103.179;1.0;0.986;0.999;101.603;
26;2025-11-05;0;31.333;1.0;1.015;1.003;31.912;
26;2025-11-05;1;1.584;1.0;1.015;0.853;1.371;
26;2025-11-05;2;0.092;1.0;1.015;0.0;0.0;
26;2025-11-05;3;0.0;1.0;1.015;1.0;0.0;
26;2025-11-05;4;3.391;1.0;1.015;0.876;3.016;
26;2025-11-05;5;88.965;1.0;1.015;1.002;90.55;
26;2025-11-05;6;491.321;1.0;1.015;1.0;498.858;
26;2025-11-05;7;1096.307;1.0;1.015;1.0;1112.807;
26;2025-11-05;8;2162.386;1.0;1.015;1.0;2195.296;
26;2025-11-05;9;1457.594;1.0;1.015;1.0;1479.937;
26;2025-11-05;10;1206.621;1.0;1.015;1.0;1225.161;
26;2025-11-05;11;1088.015;1.0;1.015;1.0;1104.164;
26;2025-11-05;12;1131.263;1.0;1.015;1.0;1148.423;
26;2025-11-05;13;1159.404;1.0;1.015;1.0;1176.661;
26;2025-11-05;14;1236.551;1.0;1.015;1.0;1255.878;
26;2025-11-05;15;1317.234;1.0;1.015;1.0;1336.885;
26;2025-11-05;16;1459.821;1.0;1.015;1.0;1482.326;
26;2025-11-05;17;1672.442;1.0;1.015;1.0;1697.526;
26;2025-11-05;18;1854.618;1.0;1.015;1.0;1883.187;
26;2025-11-05;19;1259.788;1.0;1.015;1.0;1279.521;
26;2025-11-05;20;763.218;1.0;1.015;1.0;775.246;
26;2025-11-05;21;475.154;1.0;1.015;1.001;482.76;
26;2025-11-05;22;226.002;1.0;1.015;1.002;229.84;
26;2025-11-05;23;119.398;1.0;1.015;1.0;121.213;
26;2025-11-06;0;31.333;1.0;0.999;1.003;31.389;
26;2025-11-06;1;1.584;1.0;0.999;0.853;1.349;
26;2025-11-06;2;0.092;1.0;0.999;0.0;0.0;
26;2025-11-06;3;0.0;1.0;0.999;1.0;0.0;
26;2025-11-06;4;3.391;1.0;0.999;0.876;2.967;
26;2025-11-06;5;88.965;1.0;0.999;1.002;89.068;
26;2025-11-06;6;491.321;1.0;0.999;1.0;490.695;
26;2025-11-06;7;1096.307;1.0;0.999;1.0;1094.597;
26;2025-11-06;8;2162.386;1.0;0.999;1.0;2159.371;
26;2025-11-06;9;1457.594;1.0;0.999;1.0;1455.718;
26;2025-11-06;10;1206.621;1.0;0.999;1.0;1205.112;
26;2025-11-06;11;1088.015;1.0;0.999;1.0;1086.095;
26;2025-11-06;12;1131.263;1.0;0.999;1.0;1129.629;
26;2025-11-06;13;1159.404;1.0;0.999;1.0;1157.406;
26;2025-11-06;14;1236.551;1.0;0.999;1.0;1235.327;
26;2025-11-06;15;1317.234;1.0;0.999;1.0;1315.008;
26;2025-11-06;16;1459.821;1.0;0.999;1.0;1458.069;
26;2025-11-06;17;1672.442;1.0;0.999;1.0;1669.747;
26;2025-11-06;18;1854.618;1.0;0.999;1.0;1852.369;
26;2025-11-06;19;1259.788;1.0;0.999;1.0;1258.582;
26;2025-11-06;20;763.218;1.0;0.999;1.0;762.559;
26;2025-11-06;21;475.154;1.0;0.999;1.001;474.86;
26;2025-11-06;22;226.002;1.0;0.999;1.002;226.079;
26;2025-11-06;23;119.398;1.0;0.999;1.0;119.23;
26;2025-11-07;0;33.528;1.0;1.01;1.016;34.409;
26;2025-11-07;1;1.15;1.0;1.01;1.389;1.614;
26;2025-11-07;2;0.0;1.0;1.01;1.0;0.0;
26;2025-11-07;3;0.0;1.0;1.01;1.0;0.0;
26;2025-11-07;4;1.534;1.0;1.01;1.042;1.614;
26;2025-11-07;5;84.107;1.0;1.01;1.004;85.277;
26;2025-11-07;6;508.456;1.0;1.01;1.0;513.6;
26;2025-11-07;7;1064.52;1.0;1.01;1.0;1074.573;
26;2025-11-07;8;2123.451;1.0;1.01;1.0;2143.652;
26;2025-11-07;9;1420.053;1.0;1.01;1.0;1434.221;
26;2025-11-07;10;1229.931;1.0;1.01;1.0;1242.094;
26;2025-11-07;11;1102.389;1.0;1.01;1.0;1112.961;
26;2025-11-07;12;1151.544;1.0;1.01;1.0;1163.025;
26;2025-11-07;13;1210.62;1.0;1.01;1.0;1222.819;
26;2025-11-07;14;1301.648;1.0;1.01;1.0;1313.954;
26;2025-11-07;15;1406.212;1.0;1.01;1.0;1420.159;
26;2025-11-07;16;1667.846;1.0;1.01;1.0;1684.069;
26;2025-11-07;17;1749.272;1.0;1.01;1.0;1766.386;
26;2025-11-07;18;1408.013;1.0;1.01;1.0;1421.251;
26;2025-11-07;19;1098.259;1.0;1.01;1.0;1109.037;
26;2025-11-07;20;730.926;1.0;1.01;1.0;738.32;
26;2025-11-07;21;468.373;1.0;1.01;1.0;472.989;
26;2025-11-07;22;238.913;1.0;1.01;0.998;240.646;
26;2025-11-07;23;158.254;1.0;1.01;1.001;159.901;
26;2025-11-08;0;44.733;1.0;1.015;0.994;45.146;
26;2025-11-08;1;2.396;1.0;1.015;0.994;2.418;
26;2025-11-08;2;0.0;1.0;1.015;1.0;0.0;
26;2025-11-08;3;0.0;1.0;1.015;1.0;0.0;
26;2025-11-08;4;1.978;1.0;1.015;1.136;2.281;
26;2025-11-08;5;46.222;1.0;1.015;0.994;46.649;
26;2025-11-08;6;253.293;1.0;1.015;1.0;257.289;
26;2025-11-08;7;366.821;1.0;1.015;0.999;372.21;
26;2025-11-08;8;587.838;1.0;1.015;1.0;596.624;
26;2025-11-08;9;670.395;1.0;1.015;1.0;680.893;
26;2025-11-08;10;800.039;1.0;1.015;1.0;812.555;
26;2025-11-08;11;971.935;1.0;1.015;1.0;987.094;
26;2025-11-08;12;1035.396;1.0;1.015;1.0;1051.555;
26;2025-11-08;13;1011.886;1.0;1.015;1.0;1027.587;
26;2025-11-08;14;1043.747;1.0;1.015;1.0;1059.401;
26;2025-11-08;15;945.992;1.0;1.015;1.0;960.057;
26;2025-11-08;16;970.443;1.0;1.015;1.0;985.089;
26;2025-11-08;17;911.595;1.0;1.015;1.0;925.611;
26;2025-11-08;18;861.126;1.0;1.015;1.0;873.807;
26;2025-11-08;19;768.952;1.0;1.015;1.0;780.652;
26;2025-11-08;20;533.473;1.0;1.015;0.999;541.167;
26;2025-11-08;21;354.377;1.0;1.015;1.0;359.706;
26;2025-11-08;22;212.834;1.0;1.015;0.999;215.874;
26;2025-11-08;23;144.529;1.0;1.015;1.002;147.035;
26;2025-11-09;0;51.099;1.0;1.015;1.008;52.271;
26;2025-11-09;1;5.015;1.0;1.015;1.097;5.586;
26;2025-11-09;2;0.0;1.0;1.015;1.0;0.0;
26;2025-11-09;3;0.0;1.0;1.015;1.0;0.0;
26;2025-11-09;4;1.67;1.0;1.015;0.686;1.163;
26;2025-11-09;5;27.721;1.0;1.015;1.003;28.241;
26;2025-11-09;6;155.635;1.0;1.015;1.002;158.354;
26;2025-11-09;7;252.663;1.0;1.015;1.002;256.906;
26;2025-11-09;8;376.339;1.0;1.015;1.0;382.145;
26;2025-11-09;9;523.636;1.0;1.015;1.0;531.63;
26;2025-11-09;10;586.477;1.0;1.015;0.999;594.973;
26;2025-11-09;11;789.665;1.0;1.015;1.0;801.776;
26;2025-11-09;12;809.928;1.0;1.015;1.0;822.061;
26;2025-11-09;13;860.617;1.0;1.015;1.0;874.24;
26;2025-11-09;14;839.5;1.0;1.015;1.0;851.979;
26;2025-11-09;15;777.598;1.0;1.015;1.0;789.1;
26;2025-11-09;16;763.037;1.0;1.015;1.0;774.858;
26;2025-11-09;17;767.486;1.0;1.015;1.0;779.304;
26;2025-11-09;18;703.438;1.0;1.015;1.0;714.335;
26;2025-11-09;19;540.072;1.0;1.015;1.0;548.333;
26;2025-11-09;20;403.711;1.0;1.015;1.0;409.864;
26;2025-11-09;21;284.633;1.0;1.015;0.999;288.581;
26;2025-11-09;22;185.379;1.0;1.015;0.999;188.085;
26;2025-11-09;23;103.179;1.0;1.015;0.999;104.666;
26;2025-11-10;0;31.333;1.0;1.015;1.003;31.912;
26;2025-11-10;1;1.584;1.0;1.015;0.853;1.371;
26;2025-11-10;2;0.092;1.0;1.015;0.0;0.0;
26;2025-11-10;3;0.0;1.0;1.015;1.0;0.0;
26;2025-11-10;4;3.391;1.0;1.015;0.876;3.016;
26;2025-11-10;5;88.965;1.0;1.015;1.002;90.55;
26;2025-11-10;6;491.321;1.0;1.015;1.0;498.858;
26;2025-11-10;7;1096.307;1.0;1.015;1.0;1112.807;
26;2025-11-10;8;2162.386;1.0;1.015;1.0;2195.296;
26;2025-11-10;9;1457.594;1.0;1.015;1.0;1479.937;
26;2025-11-10;10;1206.621;1.0;1.015;1.0;1225.161;
26;2025-11-10;11;1088.015;1.0;1.015;1.0;1104.164;
26;2025-11-10;12;1131.263;1.0;1.015;1.0;1148.423;
26;2025-11-10;13;1159.404;1.0;1.015;1.0;1176.661;
26;2025-11-10;14;1236.551;1.0;1.015;1.0;1255.878;
26;2025-11-10;15;1317.234;1.0;1.015;1.0;1336.885;
26;2025-11-10;16;1459.821;1.0;1.015;1.0;1482.326;
26;2025-11-10;17;1672.442;1.0;1.015;1.0;1697.526;
26;2025-11-10;18;1854.618;1.0;1.015;1.0;1883.187;
26;2025-11-10;19;1259.788;1.0;1.015;1.0;1279.521;
26;2025-11-10;20;763.218;1.0;1.015;1.0;775.246;
26;2025-11-10;21;475.154;1.0;1.015;1.001;482.76;
26;2025-11-10;22;226.002;1.0;1.015;1.002;229.84;
26;2025-11-10;23;119.398;1.0;1.015;1.0;121.213;
26;2025-11-11;0;31.333;1.0;1.015;1.003;31.912;
26;2025-11-11;1;1.584;1.0;1.015;0.853;1.371;
26;2025-11-11;2;0.092;1.0;1.015;0.0;0.0;
26;2025-11-11;3;0.0;1.0;1.015;1.0;0.0;
26;2025-11-11;4;3.391;1.0;1.015;0.876;3.016;
26;2025-11-11;5;88.965;1.0;1.015;1.002;90.55;
26;2025-11-11;6;491.321;1.0;1.015;1.0;498.858;
26;2025-11-11;7;1096.307;1.0;1.015;1.0;1112.807;
26;2025-11-11;8;2162.386;1.0;1.015;1.0;2195.296;
26;2025-11-11;9;1457.594;1.0;1.015;1.0;1479.937;
26;2025-11-11;10;1206.621;1.0;1.015;1.0;1225.161;
26;2025-11-11;11;1088.015;1.0;1.015;1.0;1104.164;
26;2025-11-11;12;1131.263;1.0;1.015;1.0;1148.423;
26;2025-11-11;13;1159.404;1.0;1.015;1.0;1176.661;
26;2025-11-11;14;1236.551;1.0;1.015;1.0;1255.878;
26;2025-11-11;15;1317.234;1.0;1.015;1.0;1336.885;
26;2025-11-11;16;1459.821;1.0;1.015;1.0;1482.326;
26;2025-11-11;17;1672.442;1.0;1.015;1.0;1697.526;
26;2025-11-11;18;1854.618;1.0;1.015;1.0;1883.187;
26;2025-11-11;19;1259.788;1.0;1.015;1.0;1279.521;
26;2025-11-11;20;763.218;1.0;1.015;1.0;775.246;
26;2025-11-11;21;475.154;1.0;1.015;1.001;482.76;
26;2025-11-11;22;226.002;1.0;1.015;1.002;229.84;
26;2025-11-11;23;119.398;1.0;1.015;1.0;121.213;
26;2025-11-12;0;31.333;1.0;1.004;1.003;31.563;
26;2025-11-12;1;1.584;1.0;1.004;0.853;1.356;
26;2025-11-12;2;0.092;1.0;1.004;0.0;0.0;
26;2025-11-12;3;0.0;1.0;1.004;1.0;0.0;
26;2025-11-12;4;3.391;1.0;1.004;0.876;2.983;
26;2025-11-12;5;88.965;1.0;1.004;1.002;89.559;
26;2025-11-12;6;491.321;1.0;1.004;1.0;493.401;
26;2025-11-12;7;1096.307;1.0;1.004;1.0;1100.634;
26;2025-11-12;8;2162.386;1.0;1.004;1.0;2171.28;
26;2025-11-12;9;1457.594;1.0;1.004;1.0;1463.747;
26;2025-11-12;10;1206.621;1.0;1.004;1.0;1211.758;
26;2025-11-12;11;1088.015;1.0;1.004;1.0;1092.085;
26;2025-11-12;12;1131.263;1.0;1.004;1.0;1135.859;
26;2025-11-12;13;1159.404;1.0;1.004;1.0;1163.789;
26;2025-11-12;14;1236.551;1.0;1.004;1.0;1242.14;
26;2025-11-12;15;1317.234;1.0;1.004;1.0;1322.26;
26;2025-11-12;16;1459.821;1.0;1.004;1.0;1466.11;
26;2025-11-12;17;1672.442;1.0;1.004;1.0;1678.956;
26;2025-11-12;18;1854.618;1.0;1.004;1.0;1862.585;
26;2025-11-12;19;1259.788;1.0;1.004;1.0;1265.523;
26;2025-11-12;20;763.218;1.0;1.004;1.0;766.765;
26;2025-11-12;21;475.154;1.0;1.004;1.001;477.479;
26;2025-11-12;22;226.002;1.0;1.004;1.002;227.325;
26;2025-11-12;23;119.398;1.0;1.004;1.0;119.887;
26;2025-11-13;0;31.333;1.0;1.014;1.003;31.877;
26;2025-11-13;1;1.584;1.0;1.014;0.853;1.37;
26;2025-11-13;2;0.092;1.0;1.014;0.0;0.0;
26;2025-11-13;3;0.0;1.0;1.014;1.0;0.0;
26;2025-11-13;4;3.391;1.0;1.014;0.876;3.013;
26;2025-11-13;5;88.965;1.0;1.014;1.002;90.45;
26;2025-11-13;6;491.321;1.0;1.014;1.0;498.31;
26;2025-11-13;7;1096.307;1.0;1.014;1.0;1111.584;
26;2025-11-13;8;2162.386;1.0;1.014;1.0;2192.882;
26;2025-11-13;9;1457.594;1.0;1.014;1.0;1478.31;
26;2025-11-13;10;1206.621;1.0;1.014;1.0;1223.814;
26;2025-11-13;11;1088.015;1.0;1.014;1.0;1102.95;
26;2025-11-13;12;1131.263;1.0;1.014;1.0;1147.16;
26;2025-11-13;13;1159.404;1.0;1.014;1.0;1175.368;
26;2025-11-13;14;1236.551;1.0;1.014;1.0;1254.498;
26;2025-11-13;15;1317.234;1.0;1.014;1.0;1335.415;
26;2025-11-13;16;1459.821;1.0;1.014;1.0;1480.697;
26;2025-11-13;17;1672.442;1.0;1.014;1.0;1695.66;
26;2025-11-13;18;1854.618;1.0;1.014;1.0;1881.117;
26;2025-11-13;19;1259.788;1.0;1.014;1.0;1278.114;
26;2025-11-13;20;763.218;1.0;1.014;1.0;774.393;
26;2025-11-13;21;475.154;1.0;1.014;1.001;482.229;
26;2025-11-13;22;226.002;1.0;1.014;1.002;229.587;
26;2025-11-13;23;119.398;1.0;1.014;1.0;121.08;
26;2025-11-14;0;33.528;1.0;1.012;1.016;34.485;
26;2025-11-14;1;1.15;1.0;1.012;1.389;1.617;
26;2025-11-14;2;0.0;1.0;1.012;1.0;0.0;
26;2025-11-14;3;0.0;1.0;1.012;1.0;0.0;
26;2025-11-14;4;1.534;1.0;1.012;1.042;1.617;
26;2025-11-14;5;84.107;1.0;1.012;1.004;85.465;
26;2025-11-14;6;508.456;1.0;1.012;1.0;514.731;
26;2025-11-14;7;1064.52;1.0;1.012;1.0;1076.939;
26;2025-11-14;8;2123.451;1.0;1.012;1.0;2148.373;
26;2025-11-14;9;1420.053;1.0;1.012;1.0;1437.379;
26;2025-11-14;10;1229.931;1.0;1.012;1.0;1244.829;
26;2025-11-14;11;1102.389;1.0;1.012;1.0;1115.413;
26;2025-11-14;12;1151.544;1.0;1.012;1.0;1165.586;
26;2025-11-14;13;1210.62;1.0;1.012;1.0;1225.513;
26;2025-11-14;14;1301.648;1.0;1.012;1.0;1316.848;
26;2025-11-14;15;1406.212;1.0;1.012;1.0;1423.286;
26;2025-11-14;16;1667.846;1.0;1.012;1.0;1687.778;
26;2025-11-14;17;1749.272;1.0;1.012;1.0;1770.277;
26;2025-11-14;18;1408.013;1.0;1.012;1.0;1424.381;
26;2025-11-14;19;1098.259;1.0;1.012;1.0;1111.48;
26;2025-11-14;20;730.926;1.0;1.012;1.0;739.946;
26;2025-11-14;21;468.373;1.0;1.012;1.0;474.031;
26;2025-11-14;22;238.913;1.0;1.012;0.998;241.176;
26;2025-11-14;23;158.254;1.0;1.012;1.001;160.253;
26;2025-11-15;0;44.733;1.0;0.947;0.994;42.123;
26;2025-11-15;1;2.396;1.0;0.947;0.994;2.256;
26;2025-11-15;2;0.0;1.0;0.947;1.0;0.0;
26;2025-11-15;3;0.0;1.0;0.947;1.0;0.0;
26;2025-11-15;4;1.978;1.0;0.947;1.136;2.129;
26;2025-11-15;5;46.222;1.0;0.947;0.994;43.526;
26;2025-11-15;6;253.293;1.0;0.947;1.0;240.062;
26;2025-11-15;7;366.821;1.0;0.947;0.999;347.289;
26;2025-11-15;8;587.838;1.0;0.947;1.0;556.678;
26;2025-11-15;9;670.395;1.0;0.947;1.0;635.305;
26;2025-11-15;10;800.039;1.0;0.947;1.0;758.152;
26;2025-11-15;11;971.935;1.0;0.947;1.0;921.005;
26;2025-11-15;12;1035.396;1.0;0.947;1.0;981.15;
26;2025-11-15;13;1011.886;1.0;0.947;1.0;958.787;
26;2025-11-15;14;1043.747;1.0;0.947;1.0;988.471;
26;2025-11-15;15;945.992;1.0;0.947;1.0;895.778;
26;2025-11-15;16;970.443;1.0;0.947;1.0;919.134;
26;2025-11-15;17;911.595;1.0;0.947;1.0;863.639;
26;2025-11-15;18;861.126;1.0;0.947;1.0;815.302;
26;2025-11-15;19;768.952;1.0;0.947;1.0;728.385;
26;2025-11-15;20;533.473;1.0;0.947;0.999;504.934;
26;2025-11-15;21;354.377;1.0;0.947;1.0;335.622;
26;2025-11-15;22;212.834;1.0;0.947;0.999;201.42;
26;2025-11-15;23;144.529;1.0;0.947;1.002;137.19;
26;2025-11-16;0;51.099;1.0;1.015;1.008;52.271;
26;2025-11-16;1;5.015;1.0;1.015;1.097;5.586;
26;2025-11-16;2;0.0;1.0;1.015;1.0;0.0;
26;2025-11-16;3;0.0;1.0;1.015;1.0;0.0;
26;2025-11-16;4;1.67;1.0;1.015;0.686;1.163;
26;2025-11-16;5;27.721;1.0;1.015;1.003;28.241;
26;2025-11-16;6;155.635;1.0;1.015;1.002;158.354;
26;2025-11-16;7;252.663;1.0;1.015;1.002;256.906;
26;2025-11-16;8;376.339;1.0;1.015;1.0;382.145;
26;2025-11-16;9;523.636;1.0;1.015;1.0;531.63;
26;2025-11-16;10;586.477;1.0;1.015;0.999;594.973;
26;2025-11-16;11;789.665;1.0;1.015;1.0;801.776;
26;2025-11-16;12;809.928;1.0;1.015;1.0;822.061;
26;2025-11-16;13;860.617;1.0;1.015;1.0;874.24;
26;2025-11-16;14;839.5;1.0;1.015;1.0;851.979;
26;2025-11-16;15;777.598;1.0;1.015;1.0;789.1;
26;2025-11-16;16;763.037;1.0;1.015;1.0;774.858;
26;2025-11-16;17;767.486;1.0;1.015;1.0;779.304;
26;2025-11-16;18;703.438;1.0;1.015;1.0;714.335;
26;2025-11-16;19;540.072;1.0;1.015;1.0;548.333;
26;2025-11-16;20;403.711;1.0;1.015;1.0;409.864;
26;2025-11-16;21;284.633;1.0;1.015;0.999;288.581;
26;2025-11-16;22;185.379;1.0;1.015;0.999;188.085;
26;2025-11-16;23;103.179;1.0;1.015;0.999;104.666;
26;2025-11-17;0;31.333;1.0;0.983;1.003;30.91;
26;2025-11-17;1;1.584;1.0;0.983;0.853;1.328;
26;2025-11-17;2;0.092;1.0;0.983;0.0;0.0;
26;2025-11-17;3;0.0;1.0;0.983;1.0;0.0;
26;2025-11-17;4;3.391;1.0;0.983;0.876;2.921;
26;2025-11-17;5;88.965;1.0;0.983;1.002;87.707;
26;2025-11-17;6;491.321;1.0;0.983;1.0;483.196;
26;2025-11-17;7;1096.307;1.0;0.983;1.0;1077.869;
26;2025-11-17;8;2162.386;1.0;0.983;1.0;2126.371;
26;2025-11-17;9;1457.594;1.0;0.983;1.0;1433.472;
26;2025-11-17;10;1206.621;1.0;0.983;1.0;1186.695;
26;2025-11-17;11;1088.015;1.0;0.983;1.0;1069.497;
26;2025-11-17;12;1131.263;1.0;0.983;1.0;1112.366;
26;2025-11-17;13;1159.404;1.0;0.983;1.0;1139.718;
26;2025-11-17;14;1236.551;1.0;0.983;1.0;1216.448;
26;2025-11-17;15;1317.234;1.0;0.983;1.0;1294.912;
26;2025-11-17;16;1459.821;1.0;0.983;1.0;1435.786;
26;2025-11-17;17;1672.442;1.0;0.983;1.0;1644.23;
26;2025-11-17;18;1854.618;1.0;0.983;1.0;1824.061;
26;2025-11-17;19;1259.788;1.0;0.983;1.0;1239.348;
26;2025-11-17;20;763.218;1.0;0.983;1.0;750.906;
26;2025-11-17;21;475.154;1.0;0.983;1.001;467.603;
26;2025-11-17;22;226.002;1.0;0.983;1.002;222.624;
26;2025-11-17;23;119.398;1.0;0.983;1.0;117.408;
26;2025-11-18;0;31.333;1.0;0.964;1.003;30.304;
26;2025-11-18;1;1.584;1.0;0.964;0.853;1.302;
26;2025-11-18;2;0.092;1.0;0.964;0.0;0.0;
26;2025-11-18;3;0.0;1.0;0.964;1.0;0.0;
26;2025-11-18;4;3.391;1.0;0.964;0.876;2.864;
26;2025-11-18;5;88.965;1.0;0.964;1.002;85.987;
26;2025-11-18;6;491.321;1.0;0.964;1.0;473.723;
26;2025-11-18;7;1096.307;1.0;0.964;1.0;1056.737;
26;2025-11-18;8;2162.386;1.0;0.964;1.0;2084.683;
26;2025-11-18;9;1457.594;1.0;0.964;1.0;1405.368;
26;2025-11-18;10;1206.621;1.0;0.964;1.0;1163.43;
26;2025-11-18;11;1088.015;1.0;0.964;1.0;1048.529;
26;2025-11-18;12;1131.263;1.0;0.964;1.0;1090.558;
26;2025-11-18;13;1159.404;1.0;0.964;1.0;1117.374;
26;2025-11-18;14;1236.551;1.0;0.964;1.0;1192.599;
26;2025-11-18;15;1317.234;1.0;0.964;1.0;1269.525;
26;2025-11-18;16;1459.821;1.0;0.964;1.0;1407.637;
26;2025-11-18;17;1672.442;1.0;0.964;1.0;1611.994;
26;2025-11-18;18;1854.618;1.0;0.964;1.0;1788.3;
26;2025-11-18;19;1259.788;1.0;0.964;1.0;1215.051;
26;2025-11-18;20;763.218;1.0;0.964;1.0;736.184;
26;2025-11-18;21;475.154;1.0;0.964;1.001;458.436;
26;2025-11-18;22;226.002;1.0;0.964;1.002;218.259;
26;2025-11-18;23;119.398;1.0;0.964;1.0;115.106;
26;2025-11-19;0;31.333;1.0;1.015;1.003;31.912;
26;2025-11-19;1;1.584;1.0;1.015;0.853;1.371;
26;2025-11-19;2;0.092;1.0;1.015;0.0;0.0;
26;2025-11-19;3;0.0;1.0;1.015;1.0;0.0;
26;2025-11-19;4;3.391;1.0;1.015;0.876;3.016;
26;2025-11-19;5;88.965;1.0;1.015;1.002;90.55;
26;2025-11-19;6;491.321;1.0;1.015;1.0;498.858;
26;2025-11-19;7;1096.307;1.0;1.015;1.0;1112.807;
26;2025-11-19;8;2162.386;1.0;1.015;1.0;2195.296;
26;2025-11-19;9;1457.594;1.0;1.015;1.0;1479.937;
26;2025-11-19;10;1206.621;1.0;1.015;1.0;1225.161;
26;2025-11-19;11;1088.015;1.0;1.015;1.0;1104.164;
26;2025-11-19;12;1131.263;1.0;1.015;1.0;1148.423;
26;2025-11-19;13;1159.404;1.0;1.015;1.0;1176.661;
26;2025-11-19;14;1236.551;1.0;1.015;1.0;1255.878;
26;2025-11-19;15;1317.234;1.0;1.015;1.0;1336.885;
26;2025-11-19;16;1459.821;1.0;1.015;1.0;1482.326;
26;2025-11-19;17;1672.442;1.0;1.015;1.0;1697.526;
26;2025-11-19;18;1854.618;1.0;1.015;1.0;1883.187;
26;2025-11-19;19;1259.788;1.0;1.015;1.0;1279.521;
26;2025-11-19;20;763.218;1.0;1.015;1.0;775.246;
26;2025-11-19;21;475.154;1.0;1.015;1.001;482.76;
26;2025-11-19;22;226.002;1.0;1.015;1.002;229.84;
26;2025-11-19;23;119.398;1.0;1.015;1.0;121.213;
26;2025-11-20;0;31.333;1.0;1.015;1.003;31.912;
26;2025-11-20;1;1.584;1.0;1.015;0.853;1.371;
26;2025-11-20;2;0.092;1.0;1.015;0.0;0.0;
26;2025-11-20;3;0.0;1.0;1.015;1.0;0.0;
26;2025-11-20;4;3.391;1.0;1.015;0.876;3.016;
26;2025-11-20;5;88.965;1.0;1.015;1.002;90.55;
26;2025-11-20;6;491.321;1.0;1.015;1.0;498.858;
26;2025-11-20;7;1096.307;1.0;1.015;1.0;1112.807;
26;2025-11-20;8;2162.386;1.0;1.015;1.0;2195.296;
26;2025-11-20;9;1457.594;1.0;1.015;1.0;1479.937;
26;2025-11-20;10;1206.621;1.0;1.015;1.0;1225.161;
26;2025-11-20;11;1088.015;1.0;1.015;1.0;1104.164;
26;2025-11-20;12;1131.263;1.0;1.015;1.0;1148.423;
26;2025-11-20;13;1159.404;1.0;1.015;1.0;1176.661;
26;2025-11-20;14;1236.551;1.0;1.015;1.0;1255.878;
26;2025-11-20;15;1317.234;1.0;1.015;1.0;1336.885;
26;2025-11-20;16;1459.821;1.0;1.015;1.0;1482.326;
26;2025-11-20;17;1672.442;1.0;1.015;1.0;1697.526;
26;2025-11-20;18;1854.618;1.0;1.015;1.0;1883.187;
26;2025-11-20;19;1259.788;1.0;1.015;1.0;1279.521;
26;2025-11-20;20;763.218;1.0;1.015;1.0;775.246;
26;2025-11-20;21;475.154;1.0;1.015;1.001;482.76;
26;2025-11-20;22;226.002;1.0;1.015;1.002;229.84;
26;2025-11-20;23;119.398;1.0;1.015;1.0;121.213;
26;2025-11-21;0;33.528;1.0;1.012;1.016;34.485;
26;2025-11-21;1;1.15;1.0;1.012;1.389;1.617;
26;2025-11-21;2;0.0;1.0;1.012;1.0;0.0;
26;2025-11-21;3;0.0;1.0;1.012;1.0;0.0;
26;2025-11-21;4;1.534;1.0;1.012;1.042;1.617;
26;2025-11-21;5;84.107;1.0;1.012;1.004;85.465;
26;2025-11-21;6;508.456;1.0;1.012;1.0;514.731;
26;2025-11-21;7;1064.52;1.0;1.012;1.0;1076.939;
26;2025-11-21;8;2123.451;1.0;1.012;1.0;2148.373;
26;2025-11-21;9;1420.053;1.0;1.012;1.0;1437.379;
26;2025-11-21;10;1229.931;1.0;1.012;1.0;1244.829;
26;2025-11-21;11;1102.389;1.0;1.012;1.0;1115.413;
26;2025-11-21;12;1151.544;1.0;1.012;1.0;1165.586;
26;2025-11-21;13;1210.62;1.0;1.012;1.0;1225.513;
26;2025-11-21;14;1301.648;1.0;1.012;1.0;1316.848;
26;2025-11-21;15;1406.212;1.0;1.012;1.0;1423.286;
26;2025-11-21;16;1667.846;1.0;1.012;1.0;1687.778;
26;2025-11-21;17;1749.272;1.0;1.012;1.0;1770.277;
26;2025-11-21;18;1408.013;1.0;1.012;1.0;1424.381;
26;2025-11-21;19;1098.259;1.0;1.012;1.0;1111.48;
26;2025-11-21;20;730.926;1.0;1.012;1.0;739.946;
26;2025-11-21;21;468.373;1.0;1.012;1.0;474.031;
26;2025-11-21;22;238.913;1.0;1.012;0.998;241.176;
26;2025-11-21;23;158.254;1.0;1.012;1.001;160.253;
26;2025-11-22;0;44.733;1.0;1.003;0.994;44.603;
26;2025-11-22;1;2.396;1.0;1.003;0.994;2.389;
26;2025-11-22;2;0.0;1.0;1.003;1.0;0.0;
26;2025-11-22;3;0.0;1.0;1.003;1.0;0.0;
26;2025-11-22;4;1.978;1.0;1.003;1.136;2.254;
26;2025-11-22;5;46.222;1.0;1.003;0.994;46.088;
26;2025-11-22;6;253.293;1.0;1.003;1.0;254.194;
26;2025-11-22;7;366.821;1.0;1.003;0.999;367.733;
26;2025-11-22;8;587.838;1.0;1.003;1.0;589.449;
26;2025-11-22;9;670.395;1.0;1.003;1.0;672.704;
26;2025-11-22;10;800.039;1.0;1.003;1.0;802.782;
26;2025-11-22;11;971.935;1.0;1.003;1.0;975.222;
26;2025-11-22;12;1035.396;1.0;1.003;1.0;1038.908;
26;2025-11-22;13;1011.886;1.0;1.003;1.0;1015.228;
26;2025-11-22;14;1043.747;1.0;1.003;1.0;1046.66;
26;2025-11-22;15;945.992;1.0;1.003;1.0;948.511;
26;2025-11-22;16;970.443;1.0;1.003;1.0;973.241;
26;2025-11-22;17;911.595;1.0;1.003;1.0;914.479;
26;2025-11-22;18;861.126;1.0;1.003;1.0;863.297;
26;2025-11-22;19;768.952;1.0;1.003;1.0;771.263;
26;2025-11-22;20;533.473;1.0;1.003;0.999;534.658;
26;2025-11-22;21;354.377;1.0;1.003;1.0;355.379;
26;2025-11-22;22;212.834;1.0;1.003;0.999;213.277;
26;2025-11-22;23;144.529;1.0;1.003;1.002;145.266;
26;2025-11-23;0;51.099;1.0;1.015;1.008;52.271;
26;2025-11-23;1;5.015;1.0;1.015;1.097;5.586;
26;2025-11-23;2;0.0;1.0;1.015;1.0;0.0;
26;2025-11-23;3;0.0;1.0;1.015;1.0;0.0;
26;2025-11-23;4;1.67;1.0;1.015;0.686;1.163;
26;2025-11-23;5;27.721;1.0;1.015;1.003;28.241;
26;2025-11-23;6;155.635;1.0;1.015;1.002;158.354;
26;2025-11-23;7;252.663;1.0;1.015;1.002;256.906;
26;2025-11-23;8;376.339;1.0;1.015;1.0;382.145;
26;2025-11-23;9;523.636;1.0;1.015;1.0;531.63;
26;2025-11-23;10;586.477;1.0;1.015;0.999;594.973;
26;2025-11-23;11;789.665;1.0;1.015;1.0;801.776;
26;2025-11-23;12;809.928;1.0;1.015;1.0;822.061;
26;2025-11-23;13;860.617;1.0;1.015;1.0;874.24;
26;2025-11-23;14;839.5;1.0;1.015;1.0;851.979;
26;2025-11-23;15;777.598;1.0;1.015;1.0;789.1;
26;2025-11-23;16;763.037;1.0;1.015;1.0;774.858;
26;2025-11-23;17;767.486;1.0;1.015;1.0;779.304;
26;2025-11-23;18;703.438;1.0;1.015;1.0;714.335;
26;2025-11-23;19;540.072;1.0;1.015;1.0;548.333;
26;2025-11-23;20;403.711;1.0;1.015;1.0;409.864;
26;2025-11-23;21;284.633;1.0;1.015;0.999;288.581;
26;2025-11-23;22;185.379;1.0;1.015;0.999;188.085;
26;2025-11-23;23;103.179;1.0;1.015;0.999;104.666;
26;2025-11-24;0;31.333;1.0;0.969;1.003;30.471;
26;2025-11-24;1;1.584;1.0;0.969;0.853;1.31;
26;2025-11-24;2;0.092;1.0;0.969;0.0;0.0;
26;2025-11-24;3;0.0;1.0;0.969;1.0;0.0;
26;2025-11-24;4;3.391;1.0;0.969;0.876;2.88;
26;2025-11-24;5;88.965;1.0;0.969;1.002;86.462;
26;2025-11-24;6;491.321;1.0;0.969;1.0;476.336;
26;2025-11-24;7;1096.307;1.0;0.969;1.0;1062.565;
26;2025-11-24;8;2162.386;1.0;0.969;1.0;2096.18;
26;2025-11-24;9;1457.594;1.0;0.969;1.0;1413.119;
26;2025-11-24;10;1206.621;1.0;0.969;1.0;1169.846;
26;2025-11-24;11;1088.015;1.0;0.969;1.0;1054.312;
26;2025-11-24;12;1131.263;1.0;0.969;1.0;1096.573;
26;2025-11-24;13;1159.404;1.0;0.969;1.0;1123.536;
26;2025-11-24;14;1236.551;1.0;0.969;1.0;1199.177;
26;2025-11-24;15;1317.234;1.0;0.969;1.0;1276.526;
26;2025-11-24;16;1459.821;1.0;0.969;1.0;1415.401;
26;2025-11-24;17;1672.442;1.0;0.969;1.0;1620.884;
26;2025-11-24;18;1854.618;1.0;0.969;1.0;1798.163;
26;2025-11-24;19;1259.788;1.0;0.969;1.0;1221.752;
26;2025-11-24;20;763.218;1.0;0.969;1.0;740.244;
26;2025-11-24;21;475.154;1.0;0.969;1.001;460.964;
26;2025-11-24;22;226.002;1.0;0.969;1.002;219.463;
26;2025-11-24;23;119.398;1.0;0.969;1.0;115.741;
26;2025-11-25;0;31.333;1.0;1.015;1.003;31.912;
26;2025-11-25;1;1.584;1.0;1.015;0.853;1.371;
26;2025-11-25;2;0.092;1.0;1.015;0.0;0.0;
26;2025-11-25;3;0.0;1.0;1.015;1.0;0.0;
26;2025-11-25;4;3.391;1.0;1.015;0.876;3.016;
26;2025-11-25;5;88.965;1.0;1.015;1.002;90.55;
26;2025-11-25;6;491.321;1.0;1.015;1.0;498.858;
26;2025-11-25;7;1096.307;1.0;1.015;1.0;1112.807;
26;2025-11-25;8;2162.386;1.0;1.015;1.0;2195.296;
26;2025-11-25;9;1457.594;1.0;1.015;1.0;1479.937;
26;2025-11-25;10;1206.621;1.0;1.015;1.0;1225.161;
26;2025-11-25;11;1088.015;1.0;1.015;1.0;1104.164;
26;2025-11-25;12;1131.263;1.0;1.015;1.0;1148.423;
26;2025-11-25;13;1159.404;1.0;1.015;1.0;1176.661;
26;2025-11-25;14;1236.551;1.0;1.015;1.0;1255.878;
26;2025-11-25;15;1317.234;1.0;1.015;1.0;1336.885;
26;2025-11-25;16;1459.821;1.0;1.015;1.0;1482.326;
26;2025-11-25;17;1672.442;1.0;1.015;1.0;1697.526;
26;2025-11-25;18;1854.618;1.0;1.015;1.0;1883.187;
26;2025-11-25;19;1259.788;1.0;1.015;1.0;1279.521;
26;2025-11-25;20;763.218;1.0;1.015;1.0;775.246;
26;2025-11-25;21;475.154;1.0;1.015;1.001;482.76;
26;2025-11-25;22;226.002;1.0;1.015;1.002;229.84;
26;2025-11-25;23;119.398;1.0;1.015;1.0;121.213;
26;2025-11-26;0;31.333;1.0;0.966;1.003;30.37;
26;2025-11-26;1;1.584;1.0;0.966;0.853;1.305;
26;2025-11-26;2;0.092;1.0;0.966;0.0;0.0;
26;2025-11-26;3;0.0;1.0;0.966;1.0;0.0;
26;2025-11-26;4;3.391;1.0;0.966;0.876;2.87;
26;2025-11-26;5;88.965;1.0;0.966;1.002;86.177;
26;2025-11-26;6;491.321;1.0;0.966;1.0;474.766;
26;2025-11-26;7;1096.307;1.0;0.966;1.0;1059.065;
26;2025-11-26;8;2162.386;1.0;0.966;1.0;2089.274;
26;2025-11-26;9;1457.594;1.0;0.966;1.0;1408.464;
26;2025-11-26;10;1206.621;1.0;0.966;1.0;1165.992;
26;2025-11-26;11;1088.015;1.0;0.966;1.0;1050.839;
26;2025-11-26;12;1131.263;1.0;0.966;1.0;1092.96;
26;2025-11-26;13;1159.404;1.0;0.966;1.0;1119.835;
26;2025-11-26;14;1236.551;1.0;0.966;1.0;1195.226;
26;2025-11-26;15;1317.234;1.0;0.966;1.0;1272.321;
26;2025-11-26;16;1459.821;1.0;0.966;1.0;1410.738;
26;2025-11-26;17;1672.442;1.0;0.966;1.0;1615.544;
26;2025-11-26;18;1854.618;1.0;0.966;1.0;1792.239;
26;2025-11-26;19;1259.788;1.0;0.966;1.0;1217.727;
26;2025-11-26;20;763.218;1.0;0.966;1.0;737.805;
26;2025-11-26;21;475.154;1.0;0.966;1.001;459.445;
26;2025-11-26;22;226.002;1.0;0.966;1.002;218.74;
26;2025-11-26;23;119.398;1.0;0.966;1.0;115.359;
26;2025-11-27;0;31.333;1.0;0.976;1.003;30.673;
26;2025-11-27;1;1.584;1.0;0.976;0.853;1.318;
26;2025-11-27;2;0.092;1.0;0.976;0.0;0.0;
26;2025-11-27;3;0.0;1.0;0.976;1.0;0.0;
26;2025-11-27;4;3.391;1.0;0.976;0.876;2.899;
26;2025-11-27;5;88.965;1.0;0.976;1.002;87.034;
26;2025-11-27;6;491.321;1.0;0.976;1.0;479.49;
26;2025-11-27;7;1096.307;1.0;0.976;1.0;1069.601;
26;2025-11-27;8;2162.386;1.0;0.976;1.0;2110.061;
26;2025-11-27;9;1457.594;1.0;0.976;1.0;1422.477;
26;2025-11-27;10;1206.621;1.0;0.976;1.0;1177.593;
26;2025-11-27;11;1088.015;1.0;0.976;1.0;1061.294;
26;2025-11-27;12;1131.263;1.0;0.976;1.0;1103.834;
26;2025-11-27;13;1159.404;1.0;0.976;1.0;1130.976;
26;2025-11-27;14;1236.551;1.0;0.976;1.0;1207.118;
26;2025-11-27;15;1317.234;1.0;0.976;1.0;1284.979;
26;2025-11-27;16;1459.821;1.0;0.976;1.0;1424.773;
26;2025-11-27;17;1672.442;1.0;0.976;1.0;1631.618;
26;2025-11-27;18;1854.618;1.0;0.976;1.0;1810.07;
26;2025-11-27;19;1259.788;1.0;0.976;1.0;1229.842;
26;2025-11-27;20;763.218;1.0;0.976;1.0;745.146;
26;2025-11-27;21;475.154;1.0;0.976;1.001;464.016;
26;2025-11-27;22;226.002;1.0;0.976;1.002;220.916;
26;2025-11-27;23;119.398;1.0;0.976;1.0;116.507;
26;2025-11-28;0;33.528;1.0;1.015;1.016;34.599;
26;2025-11-28;1;1.15;1.0;1.015;1.389;1.622;
26;2025-11-28;2;0.0;1.0;1.015;1.0;0.0;
26;2025-11-28;3;0.0;1.0;1.015;1.0;0.0;
26;2025-11-28;4;1.534;1.0;1.015;1.042;1.622;
26;2025-11-28;5;84.107;1.0;1.015;1.004;85.747;
26;2025-11-28;6;508.456;1.0;1.015;1.0;516.432;
26;2025-11-28;7;1064.52;1.0;1.015;1.0;1080.499;
26;2025-11-28;8;2123.451;1.0;1.015;1.0;2155.474;
26;2025-11-28;9;1420.053;1.0;1.015;1.0;1442.131;
26;2025-11-28;10;1229.931;1.0;1.015;1.0;1248.944;
26;2025-11-28;11;1102.389;1.0;1.015;1.0;1119.099;
26;2025-11-28;12;1151.544;1.0;1.015;1.0;1169.439;
26;2025-11-28;13;1210.62;1.0;1.015;1.0;1229.563;
26;2025-11-28;14;1301.648;1.0;1.015;1.0;1321.2;
26;2025-11-28;15;1406.212;1.0;1.015;1.0;1427.991;
26;2025-11-28;16;1667.846;1.0;1.015;1.0;1693.357;
26;2025-11-28;17;1749.272;1.0;1.015;1.0;1776.128;
26;2025-11-28;18;1408.013;1.0;1.015;1.0;1429.089;
26;2025-11-28;19;1098.259;1.0;1.015;1.0;1115.154;
26;2025-11-28;20;730.926;1.0;1.015;1.0;742.392;
26;2025-11-28;21;468.373;1.0;1.015;1.0;475.597;
26;2025-11-28;22;238.913;1.0;1.015;0.998;241.974;
26;2025-11-28;23;158.254;1.0;1.015;1.001;160.783;
26;2025-11-29;0;44.733;1.0;1.015;0.994;45.146;
26;2025-11-29;1;2.396;1.0;1.015;0.994;2.418;
26;2025-11-29;2;0.0;1.0;1.015;1.0;0.0;
26;2025-11-29;3;0.0;1.0;1.015;1.0;0.0;
26;2025-11-29;4;1.978;1.0;1.015;1.136;2.281;
26;2025-11-29;5;46.222;1.0;1.015;0.994;46.649;
26;2025-11-29;6;253.293;1.0;1.015;1.0;257.289;
26;2025-11-29;7;366.821;1.0;1.015;0.999;372.21;
26;2025-11-29;8;587.838;1.0;1.015;1.0;596.624;
26;2025-11-29;9;670.395;1.0;1.015;1.0;680.893;
26;2025-11-29;10;800.039;1.0;1.015;1.0;812.555;
26;2025-11-29;11;971.935;1.0;1.015;1.0;987.094;
26;2025-11-29;12;1035.396;1.0;1.015;1.0;1051.555;
26;2025-11-29;13;1011.886;1.0;1.015;1.0;1027.587;
26;2025-11-29;14;1043.747;1.0;1.015;1.0;1059.401;
26;2025-11-29;15;945.992;1.0;1.015;1.0;960.057;
26;2025-11-29;16;970.443;1.0;1.015;1.0;985.089;
26;2025-11-29;17;911.595;1.0;1.015;1.0;925.611;
26;2025-11-29;18;861.126;1.0;1.015;1.0;873.807;
26;2025-11-29;19;768.952;1.0;1.015;1.0;780.652;
26;2025-11-29;20;533.473;1.0;1.015;0.999;541.167;
26;2025-11-29;21;354.377;1.0;1.015;1.0;359.706;
26;2025-11-29;22;212.834;1.0;1.015;0.999;215.874;
26;2025-11-29;23;144.529;1.0;1.015;1.002;147.035;
26;2025-11-30;0;51.099;1.0;1.015;1.008;52.271;
26;2025-11-30;1;5.015;1.0;1.015;1.097;5.586;
26;2025-11-30;2;0.0;1.0;1.015;1.0;0.0;
26;2025-11-30;3;0.0;1.0;1.015;1.0;0.0;
26;2025-11-30;4;1.67;1.0;1.015;0.686;1.163;
26;2025-11-30;5;27.721;1.0;1.015;1.003;28.241;
26;2025-11-30;6;155.635;1.0;1.015;1.002;158.354;
26;2025-11-30;7;252.663;1.0;1.015;1.002;256.906;
26;2025-11-30;8;376.339;1.0;1.015;1.0;382.145;
26;2025-11-30;9;523.636;1.0;1.015;1.0;531.63;
26;2025-11-30;10;586.477;1.0;1.015;0.999;594.973;
26;2025-11-30;11;789.665;1.0;1.015;1.0;801.776;
26;2025-11-30;12;809.928;1.0;1.015;1.0;822.061;
26;2025-11-30;13;860.617;1.0;1.015;1.0;874.24;
26;2025-11-30;14;839.5;1.0;1.015;1.0;851.979;
26;2025-11-30;15;777.598;1.0;1.015;1.0;789.1;
26;2025-11-30;16;763.037;1.0;1.015;1.0;774.858;
26;2025-11-30;17;767.486;1.0;1.015;1.0;779.304;
26;2025-11-30;18;703.438;1.0;1.015;1.0;714.335;
26;2025-11-30;19;540.072;1.0;1.015;1.0;548.333;
26;2025-11-30;20;403.711;1.0;1.015;1.0;409.864;
26;2025-11-30;21;284.633;1.0;1.015;0.999;288.581;
26;2025-11-30;22;185.379;1.0;1.015;0.999;188.085;
26;2025-11-30;23;103.179;1.0;1.015;0.999;104.666;
26;2025-12-01;0;31.333;1.0;1.015;1.003;31.912;
26;2025-12-01;1;1.584;1.0;1.015;0.853;1.371;
26;2025-12-01;2;0.092;1.0;1.015;0.0;0.0;
26;2025-12-01;3;0.0;1.0;1.015;1.0;0.0;
26;2025-12-01;4;3.391;1.0;1.015;0.876;3.016;
26;2025-12-01;5;88.965;1.0;1.015;1.002;90.55;
26;2025-12-01;6;491.321;1.0;1.015;1.0;498.858;
26;2025-12-01;7;1096.307;1.0;1.015;1.0;1112.807;
26;2025-12-01;8;2162.386;1.0;1.015;1.0;2195.296;
26;2025-12-01;9;1457.594;1.0;1.015;1.0;1479.937;
26;2025-12-01;10;1206.621;1.0;1.015;1.0;1225.161;
26;2025-12-01;11;1088.015;1.0;1.015;1.0;1104.164;
26;2025-12-01;12;1131.263;1.0;1.015;1.0;1148.423;
26;2025-12-01;13;1159.404;1.0;1.015;1.0;1176.661;
26;2025-12-01;14;1236.551;1.0;1.015;1.0;1255.878;
26;2025-12-01;15;1317.234;1.0;1.015;1.0;1336.885;
26;2025-12-01;16;1459.821;1.0;1.015;1.0;1482.326;
26;2025-12-01;17;1672.442;1.0;1.015;1.0;1697.526;
26;2025-12-01;18;1854.618;1.0;1.015;1.0;1883.187;
26;2025-12-01;19;1259.788;1.0;1.015;1.0;1279.521;
26;2025-12-01;20;763.218;1.0;1.015;1.0;775.246;
26;2025-12-01;21;475.154;1.0;1.015;1.001;482.76;
26;2025-12-01;22;226.002;1.0;1.015;1.002;229.84;
26;2025-12-01;23;119.398;1.0;1.015;1.0;121.213;
26;2025-12-02;0;31.333;1.0;1.015;1.003;31.912;
26;2025-12-02;1;1.584;1.0;1.015;0.853;1.371;
26;2025-12-02;2;0.092;1.0;1.015;0.0;0.0;
26;2025-12-02;3;0.0;1.0;1.015;1.0;0.0;
26;2025-12-02;4;3.391;1.0;1.015;0.876;3.016;
26;2025-12-02;5;88.965;1.0;1.015;1.002;90.55;
26;2025-12-02;6;491.321;1.0;1.015;1.0;498.858;
26;2025-12-02;7;1096.307;1.0;1.015;1.0;1112.807;
26;2025-12-02;8;2162.386;1.0;1.015;1.0;2195.296;
26;2025-12-02;9;1457.594;1.0;1.015;1.0;1479.937;
26;2025-12-02;10;1206.621;1.0;1.015;1.0;1225.161;
26;2025-12-02;11;1088.015;1.0;1.015;1.0;1104.164;
26;2025-12-02;12;1131.263;1.0;1.015;1.0;1148.423;
26;2025-12-02;13;1159.404;1.0;1.015;1.0;1176.661;
26;2025-12-02;14;1236.551;1.0;1.015;1.0;1255.878;
26;2025-12-02;15;1317.234;1.0;1.015;1.0;1336.885;
26;2025-12-02;16;1459.821;1.0;1.015;1.0;1482.326;
26;2025-12-02;17;1672.442;1.0;1.015;1.0;1697.526;
26;2025-12-02;18;1854.618;1.0;1.015;1.0;1883.187;
26;2025-12-02;19;1259.788;1.0;1.015;1.0;1279.521;
26;2025-12-02;20;763.218;1.0;1.015;1.0;775.246;
26;2025-12-02;21;475.154;1.0;1.015;1.001;482.76;
26;2025-12-02;22;226.002;1.0;1.015;1.002;229.84;
26;2025-12-02;23;119.398;1.0;1.015;1.0;121.213;
26;2025-12-03;0;31.333;1.0;1.015;1.003;31.912;
26;2025-12-03;1;1.584;1.0;1.015;0.853;1.371;
26;2025-12-03;2;0.092;1.0;1.015;0.0;0.0;
26;2025-12-03;3;0.0;1.0;1.015;1.0;0.0;
26;2025-12-03;4;3.391;1.0;1.015;0.876;3.016;
26;2025-12-03;5;88.965;1.0;1.015;1.002;90.55;
26;2025-12-03;6;491.321;1.0;1.015;1.0;498.858;
26;2025-12-03;7;1096.307;1.0;1.015;1.0;1112.807;
26;2025-12-03;8;2162.386;1.0;1.015;1.0;2195.296;
26;2025-12-03;9;1457.594;1.0;1.015;1.0;1479.937;
26;2025-12-03;10;1206.621;1.0;1.015;1.0;1225.161;
26;2025-12-03;11;1088.015;1.0;1.015;1.0;1104.164;
26;2025-12-03;12;1131.263;1.0;1.015;1.0;1148.423;
26;2025-12-03;13;1159.404;1.0;1.015;1.0;1176.661;
26;2025-12-03;14;1236.551;1.0;1.015;1.0;1255.878;
26;2025-12-03;15;1317.234;1.0;1.015;1.0;1336.885;
26;2025-12-03;16;1459.821;1.0;1.015;1.0;1482.326;
26;2025-12-03;17;1672.442;1.0;1.015;1.0;1697.526;
26;2025-12-03;18;1854.618;1.0;1.015;1.0;1883.187;
26;2025-12-03;19;1259.788;1.0;1.015;1.0;1279.521;
26;2025-12-03;20;763.218;1.0;1.015;1.0;775.246;
26;2025-12-03;21;475.154;1.0;1.015;1.001;482.76;
26;2025-12-03;22;226.002;1.0;1.015;1.002;229.84;
26;2025-12-03;23;119.398;1.0;1.015;1.0;121.213;
26;2025-12-04;0;31.333;1.0;1.015;1.003;31.912;
26;2025-12-04;1;1.584;1.0;1.015;0.853;1.371;
26;2025-12-04;2;0.092;1.0;1.015;0.0;0.0;
26;2025-12-04;3;0.0;1.0;1.015;1.0;0.0;
26;2025-12-04;4;3.391;1.0;1.015;0.876;3.016;
26;2025-12-04;5;88.965;1.0;1.015;1.002;90.55;
26;2025-12-04;6;491.321;1.0;1.015;1.0;498.858;
26;2025-12-04;7;1096.307;1.0;1.015;1.0;1112.807;
26;2025-12-04;8;2162.386;1.0;1.015;1.0;2195.296;
26;2025-12-04;9;1457.594;1.0;1.015;1.0;1479.937;
26;2025-12-04;10;1206.621;1.0;1.015;1.0;1225.161;
26;2025-12-04;11;1088.015;1.0;1.015;1.0;1104.164;
26;2025-12-04;12;1131.263;1.0;1.015;1.0;1148.423;
26;2025-12-04;13;1159.404;1.0;1.015;1.0;1176.661;
26;2025-12-04;14;1236.551;1.0;1.015;1.0;1255.878;
26;2025-12-04;15;1317.234;1.0;1.015;1.0;1336.885;
26;2025-12-04;16;1459.821;1.0;1.015;1.0;1482.326;
26;2025-12-04;17;1672.442;1.0;1.015;1.0;1697.526;
26;2025-12-04;18;1854.618;1.0;1.015;1.0;1883.187;
26;2025-12-04;19;1259.788;1.0;1.015;1.0;1279.521;
26;2025-12-04;20;763.218;1.0;1.015;1.0;775.246;
26;2025-12-04;21;475.154;1.0;1.015;1.001;482.76;
26;2025-12-04;22;226.002;1.0;1.015;1.002;229.84;
26;2025-12-04;23;119.398;1.0;1.015;1.0;121.213;
26;2025-12-05;0;33.528;1.0;1.015;1.016;34.599;
26;2025-12-05;1;1.15;1.0;1.015;1.389;1.622;
26;2025-12-05;2;0.0;1.0;1.015;1.0;0.0;
26;2025-12-05;3;0.0;1.0;1.015;1.0;0.0;
26;2025-12-05;4;1.534;1.0;1.015;1.042;1.622;
26;2025-12-05;5;84.107;1.0;1.015;1.004;85.747;
26;2025-12-05;6;508.456;1.0;1.015;1.0;516.432;
26;2025-12-05;7;1064.52;1.0;1.015;1.0;1080.499;
26;2025-12-05;8;2123.451;1.0;1.015;1.0;2155.474;
26;2025-12-05;9;1420.053;1.0;1.015;1.0;1442.131;
26;2025-12-05;10;1229.931;1.0;1.015;1.0;1248.944;
26;2025-12-05;11;1102.389;1.0;1.015;1.0;1119.099;
26;2025-12-05;12;1151.544;1.0;1.015;1.0;1169.439;
26;2025-12-05;13;1210.62;1.0;1.015;1.0;1229.563;
26;2025-12-05;14;1301.648;1.0;1.015;1.0;1321.2;
26;2025-12-05;15;1406.212;1.0;1.015;1.0;1427.991;
26;2025-12-05;16;1667.846;1.0;1.015;1.0;1693.357;
26;2025-12-05;17;1749.272;1.0;1.015;1.0;1776.128;
26;2025-12-05;18;1408.013;1.0;1.015;1.0;1429.089;
26;2025-12-05;19;1098.259;1.0;1.015;1.0;1115.154;
26;2025-12-05;20;730.926;1.0;1.015;1.0;742.392;
26;2025-12-05;21;468.373;1.0;1.015;1.0;475.597;
26;2025-12-05;22;238.913;1.0;1.015;0.998;241.974;
26;2025-12-05;23;158.254;1.0;1.015;1.001;160.783;
26;2025-12-06;0;44.733;1.0;1.015;0.994;45.146;
26;2025-12-06;1;2.396;1.0;1.015;0.994;2.418;
26;2025-12-06;2;0.0;1.0;1.015;1.0;0.0;
26;2025-12-06;3;0.0;1.0;1.015;1.0;0.0;
26;2025-12-06;4;1.978;1.0;1.015;1.136;2.281;
26;2025-12-06;5;46.222;1.0;1.015;0.994;46.649;
26;2025-12-06;6;253.293;1.0;1.015;1.0;257.289;
26;2025-12-06;7;366.821;1.0;1.015;0.999;372.21;
26;2025-12-06;8;587.838;1.0;1.015;1.0;596.624;
26;2025-12-06;9;670.395;1.0;1.015;1.0;680.893;
26;2025-12-06;10;800.039;1.0;1.015;1.0;812.555;
26;2025-12-06;11;971.935;1.0;1.015;1.0;987.094;
26;2025-12-06;12;1035.396;1.0;1.015;1.0;1051.555;
26;2025-12-06;13;1011.886;1.0;1.015;1.0;1027.587;
26;2025-12-06;14;1043.747;1.0;1.015;1.0;1059.401;
26;2025-12-06;15;945.992;1.0;1.015;1.0;960.057;
26;2025-12-06;16;970.443;1.0;1.015;1.0;985.089;
26;2025-12-06;17;911.595;1.0;1.015;1.0;925.611;
26;2025-12-06;18;861.126;1.0;1.015;1.0;873.807;
26;2025-12-06;19;768.952;1.0;1.015;1.0;780.652;
26;2025-12-06;20;533.473;1.0;1.015;0.999;541.167;
26;2025-12-06;21;354.377;1.0;1.015;1.0;359.706;
26;2025-12-06;22;212.834;1.0;1.015;0.999;215.874;
26;2025-12-06;23;144.529;1.0;1.015;1.002;147.035;
26;2025-12-07;0;51.099;1.0;1.015;1.008;52.271;
26;2025-12-07;1;5.015;1.0;1.015;1.097;5.586;
26;2025-12-07;2;0.0;1.0;1.015;1.0;0.0;
26;2025-12-07;3;0.0;1.0;1.015;1.0;0.0;
26;2025-12-07;4;1.67;1.0;1.015;0.686;1.163;
26;2025-12-07;5;27.721;1.0;1.015;1.003;28.241;
26;2025-12-07;6;155.635;1.0;1.015;1.002;158.354;
26;2025-12-07;7;252.663;1.0;1.015;1.002;256.906;
26;2025-12-07;8;376.339;1.0;1.015;1.0;382.145;
26;2025-12-07;9;523.636;1.0;1.015;1.0;531.63;
26;2025-12-07;10;586.477;1.0;1.015;0.999;594.973;
26;2025-12-07;11;789.665;1.0;1.015;1.0;801.776;
26;2025-12-07;12;809.928;1.0;1.015;1.0;822.061;
26;2025-12-07;13;860.617;1.0;1.015;1.0;874.24;
26;2025-12-07;14;839.5;1.0;1.015;1.0;851.979;
26;2025-12-07;15;777.598;1.0;1.015;1.0;789.1;
26;2025-12-07;16;763.037;1.0;1.015;1.0;774.858;
26;2025-12-07;17;767.486;1.0;1.015;1.0;779.304;
26;2025-12-07;18;703.438;1.0;1.015;1.0;714.335;
26;2025-12-07;19;540.072;1.0;1.015;1.0;548.333;
26;2025-12-07;20;403.711;1.0;1.015;1.0;409.864;
26;2025-12-07;21;284.633;1.0;1.015;0.999;288.581;
26;2025-12-07;22;185.379;1.0;1.015;0.999;188.085;
26;2025-12-07;23;103.179;1.0;1.015;0.999;104.666;
26;2025-12-08;0;31.333;1.0;1.015;1.003;31.912;
26;2025-12-08;1;1.584;1.0;1.015;0.853;1.371;
26;2025-12-08;2;0.092;1.0;1.015;0.0;0.0;
26;2025-12-08;3;0.0;1.0;1.015;1.0;0.0;
26;2025-12-08;4;3.391;1.0;1.015;0.876;3.016;
26;2025-12-08;5;88.965;1.0;1.015;1.002;90.55;
26;2025-12-08;6;491.321;1.0;1.015;1.0;498.858;
26;2025-12-08;7;1096.307;1.0;1.015;1.0;1112.807;
26;2025-12-08;8;2162.386;1.0;1.015;1.0;2195.296;
26;2025-12-08;9;1457.594;1.0;1.015;1.0;1479.937;
26;2025-12-08;10;1206.621;1.0;1.015;1.0;1225.161;
26;2025-12-08;11;1088.015;1.0;1.015;1.0;1104.164;
26;2025-12-08;12;1131.263;1.0;1.015;1.0;1148.423;
26;2025-12-08;13;1159.404;1.0;1.015;1.0;1176.661;
26;2025-12-08;14;1236.551;1.0;1.015;1.0;1255.878;
26;2025-12-08;15;1317.234;1.0;1.015;1.0;1336.885;
26;2025-12-08;16;1459.821;1.0;1.015;1.0;1482.326;
26;2025-12-08;17;1672.442;1.0;1.015;1.0;1697.526;
26;2025-12-08;18;1854.618;1.0;1.015;1.0;1883.187;
26;2025-12-08;19;1259.788;1.0;1.015;1.0;1279.521;
26;2025-12-08;20;763.218;1.0;1.015;1.0;775.246;
26;2025-12-08;21;475.154;1.0;1.015;1.001;482.76;
26;2025-12-08;22;226.002;1.0;1.015;1.002;229.84;
26;2025-12-08;23;119.398;1.0;1.015;1.0;121.213;
26;2025-12-09;0;31.333;1.0;1.015;1.003;31.912;
26;2025-12-09;1;1.584;1.0;1.015;0.853;1.371;
26;2025-12-09;2;0.092;1.0;1.015;0.0;0.0;
26;2025-12-09;3;0.0;1.0;1.015;1.0;0.0;
26;2025-12-09;4;3.391;1.0;1.015;0.876;3.016;
26;2025-12-09;5;88.965;1.0;1.015;1.002;90.55;
26;2025-12-09;6;491.321;1.0;1.015;1.0;498.858;
26;2025-12-09;7;1096.307;1.0;1.015;1.0;1112.807;
26;2025-12-09;8;2162.386;1.0;1.015;1.0;2195.296;
26;2025-12-09;9;1457.594;1.0;1.015;1.0;1479.937;
26;2025-12-09;10;1206.621;1.0;1.015;1.0;1225.161;
26;2025-12-09;11;1088.015;1.0;1.015;1.0;1104.164;
26;2025-12-09;12;1131.263;1.0;1.015;1.0;1148.423;
26;2025-12-09;13;1159.404;1.0;1.015;1.0;1176.661;
26;2025-12-09;14;1236.551;1.0;1.015;1.0;1255.878;
26;2025-12-09;15;1317.234;1.0;1.015;1.0;1336.885;
26;2025-12-09;16;1459.821;1.0;1.015;1.0;1482.326;
26;2025-12-09;17;1672.442;1.0;1.015;1.0;1697.526;
26;2025-12-09;18;1854.618;1.0;1.015;1.0;1883.187;
26;2025-12-09;19;1259.788;1.0;1.015;1.0;1279.521;
26;2025-12-09;20;763.218;1.0;1.015;1.0;775.246;
26;2025-12-09;21;475.154;1.0;1.015;1.001;482.76;
26;2025-12-09;22;226.002;1.0;1.015;1.002;229.84;
26;2025-12-09;23;119.398;1.0;1.015;1.0;121.213;
26;2025-12-10;0;31.333;1.0;1.006;1.003;31.632;
26;2025-12-10;1;1.584;1.0;1.006;0.853;1.359;
26;2025-12-10;2;0.092;1.0;1.006;0.0;0.0;
26;2025-12-10;3;0.0;1.0;1.006;1.0;0.0;
26;2025-12-10;4;3.391;1.0;1.006;0.876;2.989;
26;2025-12-10;5;88.965;1.0;1.006;1.002;89.757;
26;2025-12-10;6;491.321;1.0;1.006;1.0;494.488;
26;2025-12-10;7;1096.307;1.0;1.006;1.0;1103.058;
26;2025-12-10;8;2162.386;1.0;1.006;1.0;2176.062;
26;2025-12-10;9;1457.594;1.0;1.006;1.0;1466.971;
26;2025-12-10;10;1206.621;1.0;1.006;1.0;1214.427;
26;2025-12-10;11;1088.015;1.0;1.006;1.0;1094.49;
26;2025-12-10;12;1131.263;1.0;1.006;1.0;1138.361;
26;2025-12-10;13;1159.404;1.0;1.006;1.0;1166.352;
26;2025-12-10;14;1236.551;1.0;1.006;1.0;1244.875;
26;2025-12-10;15;1317.234;1.0;1.006;1.0;1325.172;
26;2025-12-10;16;1459.821;1.0;1.006;1.0;1469.339;
26;2025-12-10;17;1672.442;1.0;1.006;1.0;1682.653;
26;2025-12-10;18;1854.618;1.0;1.006;1.0;1866.688;
26;2025-12-10;19;1259.788;1.0;1.006;1.0;1268.31;
26;2025-12-10;20;763.218;1.0;1.006;1.0;768.453;
26;2025-12-10;21;475.154;1.0;1.006;1.001;478.53;
26;2025-12-10;22;226.002;1.0;1.006;1.002;227.826;
26;2025-12-10;23;119.398;1.0;1.006;1.0;120.151;
26;2025-12-11;0;31.333;1.0;0.971;1.003;30.504;
26;2025-12-11;1;1.584;1.0;0.971;0.853;1.311;
26;2025-12-11;2;0.092;1.0;0.971;0.0;0.0;
26;2025-12-11;3;0.0;1.0;0.971;1.0;0.0;
26;2025-12-11;4;3.391;1.0;0.971;0.876;2.883;
26;2025-12-11;5;88.965;1.0;0.971;1.002;86.557;
26;2025-12-11;6;491.321;1.0;0.971;1.0;476.86;
26;2025-12-11;7;1096.307;1.0;0.971;1.0;1063.735;
26;2025-12-11;8;2162.386;1.0;0.971;1.0;2098.488;
26;2025-12-11;9;1457.594;1.0;0.971;1.0;1414.675;
26;2025-12-11;10;1206.621;1.0;0.971;1.0;1171.134;
26;2025-12-11;11;1088.015;1.0;0.971;1.0;1055.472;
26;2025-12-11;12;1131.263;1.0;0.971;1.0;1097.78;
26;2025-12-11;13;1159.404;1.0;0.971;1.0;1124.773;
26;2025-12-11;14;1236.551;1.0;0.971;1.0;1200.497;
26;2025-12-11;15;1317.234;1.0;0.971;1.0;1277.931;
26;2025-12-11;16;1459.821;1.0;0.971;1.0;1416.958;
26;2025-12-11;17;1672.442;1.0;0.971;1.0;1622.668;
26;2025-12-11;18;1854.618;1.0;0.971;1.0;1800.142;
26;2025-12-11;19;1259.788;1.0;0.971;1.0;1223.096;
26;2025-12-11;20;763.218;1.0;0.971;1.0;741.059;
26;2025-12-11;21;475.154;1.0;0.971;1.001;461.471;
26;2025-12-11;22;226.002;1.0;0.971;1.002;219.704;
26;2025-12-11;23;119.398;1.0;0.971;1.0;115.868;
26;2025-12-12;0;33.528;1.0;0.978;1.016;33.329;
26;2025-12-12;1;1.15;1.0;0.978;1.389;1.563;
26;2025-12-12;2;0.0;1.0;0.978;1.0;0.0;
26;2025-12-12;3;0.0;1.0;0.978;1.0;0.0;
26;2025-12-12;4;1.534;1.0;0.978;1.042;1.563;
26;2025-12-12;5;84.107;1.0;0.978;1.004;82.6;
26;2025-12-12;6;508.456;1.0;0.978;1.0;497.474;
26;2025-12-12;7;1064.52;1.0;0.978;1.0;1040.835;
26;2025-12-12;8;2123.451;1.0;0.978;1.0;2076.348;
26;2025-12-12;9;1420.053;1.0;0.978;1.0;1389.191;
26;2025-12-12;10;1229.931;1.0;0.978;1.0;1203.096;
26;2025-12-12;11;1102.389;1.0;0.978;1.0;1078.018;
26;2025-12-12;12;1151.544;1.0;0.978;1.0;1126.51;
26;2025-12-12;13;1210.62;1.0;0.978;1.0;1184.427;
26;2025-12-12;14;1301.648;1.0;0.978;1.0;1272.7;
26;2025-12-12;15;1406.212;1.0;0.978;1.0;1375.571;
26;2025-12-12;16;1667.846;1.0;0.978;1.0;1631.195;
26;2025-12-12;17;1749.272;1.0;0.978;1.0;1710.928;
26;2025-12-12;18;1408.013;1.0;0.978;1.0;1376.628;
26;2025-12-12;19;1098.259;1.0;0.978;1.0;1074.217;
26;2025-12-12;20;730.926;1.0;0.978;1.0;715.139;
26;2025-12-12;21;468.373;1.0;0.978;1.0;458.139;
26;2025-12-12;22;238.913;1.0;0.978;0.998;233.091;
26;2025-12-12;23;158.254;1.0;0.978;1.001;154.88;
26;2025-12-13;0;44.733;1.0;1.011;0.994;44.948;
26;2025-12-13;1;2.396;1.0;1.011;0.994;2.407;
26;2025-12-13;2;0.0;1.0;1.011;1.0;0.0;
26;2025-12-13;3;0.0;1.0;1.011;1.0;0.0;
26;2025-12-13;4;1.978;1.0;1.011;1.136;2.271;
26;2025-12-13;5;46.222;1.0;1.011;0.994;46.444;
26;2025-12-13;6;253.293;1.0;1.011;1.0;256.159;
26;2025-12-13;7;366.821;1.0;1.011;0.999;370.576;
26;2025-12-13;8;587.838;1.0;1.011;1.0;594.005;
26;2025-12-13;9;670.395;1.0;1.011;1.0;677.904;
26;2025-12-13;10;800.039;1.0;1.011;1.0;808.988;
26;2025-12-13;11;971.935;1.0;1.011;1.0;982.76;
26;2025-12-13;12;1035.396;1.0;1.011;1.0;1046.939;
26;2025-12-13;13;1011.886;1.0;1.011;1.0;1023.076;
26;2025-12-13;14;1043.747;1.0;1.011;1.0;1054.75;
26;2025-12-13;15;945.992;1.0;1.011;1.0;955.842;
26;2025-12-13;16;970.443;1.0;1.011;1.0;980.764;
26;2025-12-13;17;911.595;1.0;1.011;1.0;921.547;
26;2025-12-13;18;861.126;1.0;1.011;1.0;869.97;
26;2025-12-13;19;768.952;1.0;1.011;1.0;777.225;
26;2025-12-13;20;533.473;1.0;1.011;0.999;538.791;
26;2025-12-13;21;354.377;1.0;1.011;1.0;358.126;
26;2025-12-13;22;212.834;1.0;1.011;0.999;214.926;
26;2025-12-13;23;144.529;1.0;1.011;1.002;146.389;
26;2025-12-14;0;51.099;1.0;1.014;1.008;52.214;
26;2025-12-14;1;5.015;1.0;1.014;1.097;5.58;
26;2025-12-14;2;0.0;1.0;1.014;1.0;0.0;
26;2025-12-14;3;0.0;1.0;1.014;1.0;0.0;
26;2025-12-14;4;1.67;1.0;1.014;0.686;1.161;
26;2025-12-14;5;27.721;1.0;1.014;1.003;28.21;
26;2025-12-14;6;155.635;1.0;1.014;1.002;158.18;
26;2025-12-14;7;252.663;1.0;1.014;1.002;256.623;
26;2025-12-14;8;376.339;1.0;1.014;1.0;381.725;
26;2025-12-14;9;523.636;1.0;1.014;1.0;531.046;
26;2025-12-14;10;586.477;1.0;1.014;0.999;594.319;
26;2025-12-14;11;789.665;1.0;1.014;1.0;800.894;
26;2025-12-14;12;809.928;1.0;1.014;1.0;821.157;
26;2025-12-14;13;860.617;1.0;1.014;1.0;873.278;
26;2025-12-14;14;839.5;1.0;1.014;1.0;851.042;
26;2025-12-14;15;777.598;1.0;1.014;1.0;788.233;
26;2025-12-14;16;763.037;1.0;1.014;1.0;774.007;
26;2025-12-14;17;767.486;1.0;1.014;1.0;778.448;
26;2025-12-14;18;703.438;1.0;1.014;1.0;713.55;
26;2025-12-14;19;540.072;1.0;1.014;1.0;547.73;
26;2025-12-14;20;403.711;1.0;1.014;1.0;409.413;
26;2025-12-14;21;284.633;1.0;1.014;0.999;288.263;
26;2025-12-14;22;185.379;1.0;1.014;0.999;187.878;
26;2025-12-14;23;103.179;1.0;1.014;0.999;104.551;
26;2025-12-15;0;31.333;1.0;1.014;1.003;31.877;
26;2025-12-15;1;1.584;1.0;1.014;0.853;1.37;
26;2025-12-15;2;0.092;1.0;1.014;0.0;0.0;
26;2025-12-15;3;0.0;1.0;1.014;1.0;0.0;
26;2025-12-15;4;3.391;1.0;1.014;0.876;3.013;
26;2025-12-15;5;88.965;1.0;1.014;1.002;90.45;
26;2025-12-15;6;491.321;1.0;1.014;1.0;498.31;
26;2025-12-15;7;1096.307;1.0;1.014;1.0;1111.584;
26;2025-12-15;8;2162.386;1.0;1.014;1.0;2192.882;
26;2025-12-15;9;1457.594;1.0;1.014;1.0;1478.31;
26;2025-12-15;10;1206.621;1.0;1.014;1.0;1223.814;
26;2025-12-15;11;1088.015;1.0;1.014;1.0;1102.95;
26;2025-12-15;12;1131.263;1.0;1.014;1.0;1147.16;
26;2025-12-15;13;1159.404;1.0;1.014;1.0;1175.368;
26;2025-12-15;14;1236.551;1.0;1.014;1.0;1254.498;
26;2025-12-15;15;1317.234;1.0;1.014;1.0;1335.415;
26;2025-12-15;16;1459.821;1.0;1.014;1.0;1480.697;
26;2025-12-15;17;1672.442;1.0;1.014;1.0;1695.66;
26;2025-12-15;18;1854.618;1.0;1.014;1.0;1881.117;
26;2025-12-15;19;1259.788;1.0;1.014;1.0;1278.114;
26;2025-12-15;20;763.218;1.0;1.014;1.0;774.393;
26;2025-12-15;21;475.154;1.0;1.014;1.001;482.229;
26;2025-12-15;22;226.002;1.0;1.014;1.002;229.587;
26;2025-12-15;23;119.398;1.0;1.014;1.0;121.08;
26;2025-12-16;0;31.333;1.0;1.0;1.003;31.424;
26;2025-12-16;1;1.584;1.0;1.0;0.853;1.351;
26;2025-12-16;2;0.092;1.0;1.0;0.0;0.0;
26;2025-12-16;3;0.0;1.0;1.0;1.0;0.0;
26;2025-12-16;4;3.391;1.0;1.0;0.876;2.97;
26;2025-12-16;5;88.965;1.0;1.0;1.002;89.166;
26;2025-12-16;6;491.321;1.0;1.0;1.0;491.235;
26;2025-12-16;7;1096.307;1.0;1.0;1.0;1095.801;
26;2025-12-16;8;2162.386;1.0;1.0;1.0;2161.747;
26;2025-12-16;9;1457.594;1.0;1.0;1.0;1457.321;
26;2025-12-16;10;1206.621;1.0;1.0;1.0;1206.438;
26;2025-12-16;11;1088.015;1.0;1.0;1.0;1087.29;
26;2025-12-16;12;1131.263;1.0;1.0;1.0;1130.873;
26;2025-12-16;13;1159.404;1.0;1.0;1.0;1158.68;
26;2025-12-16;14;1236.551;1.0;1.0;1.0;1236.686;
26;2025-12-16;15;1317.234;1.0;1.0;1.0;1316.455;
26;2025-12-16;16;1459.821;1.0;1.0;1.0;1459.673;
26;2025-12-16;17;1672.442;1.0;1.0;1.0;1671.584;
26;2025-12-16;18;1854.618;1.0;1.0;1.0;1854.408;
26;2025-12-16;19;1259.788;1.0;1.0;1.0;1259.967;
26;2025-12-16;20;763.218;1.0;1.0;1.0;763.398;
26;2025-12-16;21;475.154;1.0;1.0;1.001;475.382;
26;2025-12-16;22;226.002;1.0;1.0;1.002;226.327;
26;2025-12-16;23;119.398;1.0;1.0;1.0;119.361;
26;2025-12-17;0;31.333;1.0;1.015;1.003;31.912;
26;2025-12-17;1;1.584;1.0;1.015;0.853;1.371;
26;2025-12-17;2;0.092;1.0;1.015;0.0;0.0;
26;2025-12-17;3;0.0;1.0;1.015;1.0;0.0;
26;2025-12-17;4;3.391;1.0;1.015;0.876;3.016;
26;2025-12-17;5;88.965;1.0;1.015;1.002;90.55;
26;2025-12-17;6;491.321;1.0;1.015;1.0;498.858;
26;2025-12-17;7;1096.307;1.0;1.015;1.0;1112.807;
26;2025-12-17;8;2162.386;1.0;1.015;1.0;2195.296;
26;2025-12-17;9;1457.594;1.0;1.015;1.0;1479.937;
26;2025-12-17;10;1206.621;1.0;1.015;1.0;1225.161;
26;2025-12-17;11;1088.015;1.0;1.015;1.0;1104.164;
26;2025-12-17;12;1131.263;1.0;1.015;1.0;1148.423;
26;2025-12-17;13;1159.404;1.0;1.015;1.0;1176.661;
26;2025-12-17;14;1236.551;1.0;1.015;1.0;1255.878;
26;2025-12-17;15;1317.234;1.0;1.015;1.0;1336.885;
26;2025-12-17;16;1459.821;1.0;1.015;1.0;1482.326;
26;2025-12-17;17;1672.442;1.0;1.015;1.0;1697.526;
26;2025-12-17;18;1854.618;1.0;1.015;1.0;1883.187;
26;2025-12-17;19;1259.788;1.0;1.015;1.0;1279.521;
26;2025-12-17;20;763.218;1.0;1.015;1.0;775.246;
26;2025-12-17;21;475.154;1.0;1.015;1.001;482.76;
26;2025-12-17;22;226.002;1.0;1.015;1.002;229.84;
26;2025-12-17;23;119.398;1.0;1.015;1.0;121.213;
26;2025-12-18;0;31.333;1.0;1.015;1.003;31.912;
26;2025-12-18;1;1.584;1.0;1.015;0.853;1.371;
26;2025-12-18;2;0.092;1.0;1.015;0.0;0.0;
26;2025-12-18;3;0.0;1.0;1.015;1.0;0.0;
26;2025-12-18;4;3.391;1.0;1.015;0.876;3.016;
26;2025-12-18;5;88.965;1.0;1.015;1.002;90.55;
26;2025-12-18;6;491.321;1.0;1.015;1.0;498.858;
26;2025-12-18;7;1096.307;1.0;1.015;1.0;1112.807;
26;2025-12-18;8;2162.386;1.0;1.015;1.0;2195.296;
26;2025-12-18;9;1457.594;1.0;1.015;1.0;1479.937;
26;2025-12-18;10;1206.621;1.0;1.015;1.0;1225.161;
26;2025-12-18;11;1088.015;1.0;1.015;1.0;1104.164;
26;2025-12-18;12;1131.263;1.0;1.015;1.0;1148.423;
26;2025-12-18;13;1159.404;1.0;1.015;1.0;1176.661;
26;2025-12-18;14;1236.551;1.0;1.015;1.0;1255.878;
26;2025-12-18;15;1317.234;1.0;1.015;1.0;1336.885;
26;2025-12-18;16;1459.821;1.0;1.015;1.0;1482.326;
26;2025-12-18;17;1672.442;1.0;1.015;1.0;1697.526;
26;2025-12-18;18;1854.618;1.0;1.015;1.0;1883.187;
26;2025-12-18;19;1259.788;1.0;1.015;1.0;1279.521;
26;2025-12-18;20;763.218;1.0;1.015;1.0;775.246;
26;2025-12-18;21;475.154;1.0;1.015;1.001;482.76;
26;2025-12-18;22;226.002;1.0;1.015;1.002;229.84;
26;2025-12-18;23;119.398;1.0;1.015;1.0;121.213;
26;2025-12-19;0;33.528;1.0;1.013;1.016;34.523;
26;2025-12-19;1;1.15;1.0;1.013;1.389;1.619;
26;2025-12-19;2;0.0;1.0;1.013;1.0;0.0;
26;2025-12-19;3;0.0;1.0;1.013;1.0;0.0;
26;2025-12-19;4;1.534;1.0;1.013;1.042;1.619;
26;2025-12-19;5;84.107;1.0;1.013;1.004;85.559;
26;2025-12-19;6;508.456;1.0;1.013;1.0;515.297;
26;2025-12-19;7;1064.52;1.0;1.013;1.0;1078.125;
26;2025-12-19;8;2123.451;1.0;1.013;1.0;2150.737;
26;2025-12-19;9;1420.053;1.0;1.013;1.0;1438.961;
26;2025-12-19;10;1229.931;1.0;1.013;1.0;1246.199;
26;2025-12-19;11;1102.389;1.0;1.013;1.0;1116.64;
26;2025-12-19;12;1151.544;1.0;1.013;1.0;1166.869;
26;2025-12-19;13;1210.62;1.0;1.013;1.0;1226.861;
26;2025-12-19;14;1301.648;1.0;1.013;1.0;1318.297;
26;2025-12-19;15;1406.212;1.0;1.013;1.0;1424.853;
26;2025-12-19;16;1667.846;1.0;1.013;1.0;1689.636;
26;2025-12-19;17;1749.272;1.0;1.013;1.0;1772.225;
26;2025-12-19;18;1408.013;1.0;1.013;1.0;1425.949;
26;2025-12-19;19;1098.259;1.0;1.013;1.0;1112.703;
26;2025-12-19;20;730.926;1.0;1.013;1.0;740.76;
26;2025-12-19;21;468.373;1.0;1.013;1.0;474.552;
26;2025-12-19;22;238.913;1.0;1.013;0.998;241.442;
26;2025-12-19;23;158.254;1.0;1.013;1.001;160.429;
26;2025-12-20;0;44.733;1.0;1.015;0.994;45.146;
26;2025-12-20;1;2.396;1.0;1.015;0.994;2.418;
26;2025-12-20;2;0.0;1.0;1.015;1.0;0.0;
26;2025-12-20;3;0.0;1.0;1.015;1.0;0.0;
26;2025-12-20;4;1.978;1.0;1.015;1.136;2.281;
26;2025-12-20;5;46.222;1.0;1.015;0.994;46.649;
26;2025-12-20;6;253.293;1.0;1.015;1.0;257.289;
26;2025-12-20;7;366.821;1.0;1.015;0.999;372.21;
26;2025-12-20;8;587.838;1.0;1.015;1.0;596.624;
26;2025-12-20;9;670.395;1.0;1.015;1.0;680.893;
26;2025-12-20;10;800.039;1.0;1.015;1.0;812.555;
26;2025-12-20;11;971.935;1.0;1.015;1.0;987.094;
26;2025-12-20;12;1035.396;1.0;1.015;1.0;1051.555;
26;2025-12-20;13;1011.886;1.0;1.015;1.0;1027.587;
26;2025-12-20;14;1043.747;1.0;1.015;1.0;1059.401;
26;2025-12-20;15;945.992;1.0;1.015;1.0;960.057;
26;2025-12-20;16;970.443;1.0;1.015;1.0;985.089;
26;2025-12-20;17;911.595;1.0;1.015;1.0;925.611;
26;2025-12-20;18;861.126;1.0;1.015;1.0;873.807;
26;2025-12-20;19;768.952;1.0;1.015;1.0;780.652;
26;2025-12-20;20;533.473;1.0;1.015;0.999;541.167;
26;2025-12-20;21;354.377;1.0;1.015;1.0;359.706;
26;2025-12-20;22;212.834;1.0;1.015;0.999;215.874;
26;2025-12-20;23;144.529;1.0;1.015;1.002;147.035;
26;2025-12-21;0;51.099;1.0;1.011;1.008;52.042;
26;2025-12-21;1;5.015;1.0;1.011;1.097;5.562;
26;2025-12-21;2;0.0;1.0;1.011;1.0;0.0;
26;2025-12-21;3;0.0;1.0;1.011;1.0;0.0;
26;2025-12-21;4;1.67;1.0;1.011;0.686;1.157;
26;2025-12-21;5;27.721;1.0;1.011;1.003;28.117;
26;2025-12-21;6;155.635;1.0;1.011;1.002;157.659;
26;2025-12-21;7;252.663;1.0;1.011;1.002;255.778;
26;2025-12-21;8;376.339;1.0;1.011;1.0;380.468;
26;2025-12-21;9;523.636;1.0;1.011;1.0;529.296;
26;2025-12-21;10;586.477;1.0;1.011;0.999;592.361;
26;2025-12-21;11;789.665;1.0;1.011;1.0;798.256;
26;2025-12-21;12;809.928;1.0;1.011;1.0;818.452;
26;2025-12-21;13;860.617;1.0;1.011;1.0;870.401;
26;2025-12-21;14;839.5;1.0;1.011;1.0;848.239;
26;2025-12-21;15;777.598;1.0;1.011;1.0;785.636;
26;2025-12-21;16;763.037;1.0;1.011;1.0;771.457;
26;2025-12-21;17;767.486;1.0;1.011;1.0;775.883;
26;2025-12-21;18;703.438;1.0;1.011;1.0;711.199;
26;2025-12-21;19;540.072;1.0;1.011;1.0;545.926;
26;2025-12-21;20;403.711;1.0;1.011;1.0;408.064;
26;2025-12-21;21;284.633;1.0;1.011;0.999;287.314;
26;2025-12-21;22;185.379;1.0;1.011;0.999;187.259;
26;2025-12-21;23;103.179;1.0;1.011;0.999;104.207;
26;2025-12-22;0;31.333;1.0;1.006;1.003;31.632;
26;2025-12-22;1;1.584;1.0;1.006;0.853;1.359;
26;2025-12-22;2;0.092;1.0;1.006;0.0;0.0;
26;2025-12-22;3;0.0;1.0;1.006;1.0;0.0;
26;2025-12-22;4;3.391;1.0;1.006;0.876;2.989;
26;2025-12-22;5;88.965;1.0;1.006;1.002;89.757;
26;2025-12-22;6;491.321;1.0;1.006;1.0;494.488;
26;2025-12-22;7;1096.307;1.0;1.006;1.0;1103.058;
26;2025-12-22;8;2162.386;1.0;1.006;1.0;2176.062;
26;2025-12-22;9;1457.594;1.0;1.006;1.0;1466.971;
26;2025-12-22;10;1206.621;1.0;1.006;1.0;1214.427;
26;2025-12-22;11;1088.015;1.0;1.006;1.0;1094.49;
26;2025-12-22;12;1131.263;1.0;1.006;1.0;1138.361;
26;2025-12-22;13;1159.404;1.0;1.006;1.0;1166.352;
26;2025-12-22;14;1236.551;1.0;1.006;1.0;1244.875;
26;2025-12-22;15;1317.234;1.0;1.006;1.0;1325.172;
26;2025-12-22;16;1459.821;1.0;1.006;1.0;1469.339;
26;2025-12-22;17;1672.442;1.0;1.006;1.0;1682.653;
26;2025-12-22;18;1854.618;1.0;1.006;1.0;1866.688;
26;2025-12-22;19;1259.788;1.0;1.006;1.0;1268.31;
26;2025-12-22;20;763.218;1.0;1.006;1.0;768.453;
26;2025-12-22;21;475.154;1.0;1.006;1.001;478.53;
26;2025-12-22;22;226.002;1.0;1.006;1.002;227.826;
26;2025-12-22;23;119.398;1.0;1.006;1.0;120.151;
26;2025-12-23;0;31.333;1.0;0.981;1.003;30.845;
26;2025-12-23;1;1.584;1.0;0.981;0.853;1.326;
26;2025-12-23;2;0.092;1.0;0.981;0.0;0.0;
26;2025-12-23;3;0.0;1.0;0.981;1.0;0.0;
26;2025-12-23;4;3.391;1.0;0.981;0.876;2.915;
26;2025-12-23;5;88.965;1.0;0.981;1.002;87.523;
26;2025-12-23;6;491.321;1.0;0.981;1.0;482.182;
26;2025-12-23;7;1096.307;1.0;0.981;1.0;1075.608;
26;2025-12-23;8;2162.386;1.0;0.981;1.0;2121.91;
26;2025-12-23;9;1457.594;1.0;0.981;1.0;1430.465;
26;2025-12-23;10;1206.621;1.0;0.981;1.0;1184.206;
26;2025-12-23;11;1088.015;1.0;0.981;1.0;1067.254;
26;2025-12-23;12;1131.263;1.0;0.981;1.0;1110.033;
26;2025-12-23;13;1159.404;1.0;0.981;1.0;1137.327;
26;2025-12-23;14;1236.551;1.0;0.981;1.0;1213.896;
26;2025-12-23;15;1317.234;1.0;0.981;1.0;1292.195;
26;2025-12-23;16;1459.821;1.0;0.981;1.0;1432.774;
26;2025-12-23;17;1672.442;1.0;0.981;1.0;1640.78;
26;2025-12-23;18;1854.618;1.0;0.981;1.0;1820.235;
26;2025-12-23;19;1259.788;1.0;0.981;1.0;1236.748;
26;2025-12-23;20;763.218;1.0;0.981;1.0;749.33;
26;2025-12-23;21;475.154;1.0;0.981;1.001;466.622;
26;2025-12-23;22;226.002;1.0;0.981;1.002;222.157;
26;2025-12-23;23;119.398;1.0;0.981;1.0;117.161;
26;2025-12-24;0;31.333;1.0;0.976;1.003;30.676;
26;2025-12-24;1;1.584;1.0;0.976;0.853;1.318;
26;2025-12-24;2;0.092;1.0;0.976;0.0;0.0;
26;2025-12-24;3;0.0;1.0;0.976;1.0;0.0;
26;2025-12-24;4;3.391;1.0;0.976;0.876;2.899;
26;2025-12-24;5;88.965;1.0;0.976;1.002;87.043;
26;2025-12-24;6;491.321;1.0;0.976;1.0;479.538;
26;2025-12-24;7;1096.307;1.0;0.976;1.0;1069.708;
26;2025-12-24;8;2162.386;1.0;0.976;1.0;2110.272;
26;2025-12-24;9;1457.594;1.0;0.976;1.0;1422.619;
26;2025-12-24;10;1206.621;1.0;0.976;1.0;1177.711;
26;2025-12-24;11;1088.015;1.0;0.976;1.0;1061.4;
26;2025-12-24;12;1131.263;1.0;0.976;1.0;1103.944;
26;2025-12-24;13;1159.404;1.0;0.976;1.0;1131.089;
26;2025-12-24;14;1236.551;1.0;0.976;1.0;1207.238;
26;2025-12-24;15;1317.234;1.0;0.976;1.0;1285.108;
26;2025-12-24;16;1459.821;1.0;0.976;1.0;1424.916;
26;2025-12-24;17;1672.442;1.0;0.976;1.0;1631.781;
26;2025-12-24;18;1854.618;1.0;0.976;1.0;1810.251;
26;2025-12-24;19;1259.788;1.0;0.976;1.0;1229.965;
26;2025-12-24;20;763.218;1.0;0.976;1.0;745.22;
26;2025-12-24;21;475.154;1.0;0.976;1.001;464.063;
26;2025-12-24;22;226.002;1.0;0.976;1.002;220.938;
26;2025-12-24;23;119.398;1.0;0.976;1.0;116.519;
26;2025-12-25;0;31.333;1.0;0.998;1.003;31.355;
26;2025-12-25;1;1.584;1.0;0.998;0.853;1.348;
26;2025-12-25;2;0.092;1.0;0.998;0.0;0.0;
26;2025-12-25;3;0.0;1.0;0.998;1.0;0.0;
26;2025-12-25;4;3.391;1.0;0.998;0.876;2.963;
26;2025-12-25;5;88.965;1.0;0.998;1.002;88.97;
26;2025-12-25;6;491.321;1.0;0.998;1.0;490.155;
26;2025-12-25;7;1096.307;1.0;0.998;1.0;1093.393;
26;2025-12-25;8;2162.386;1.0;0.998;1.0;2156.997;
26;2025-12-25;9;1457.594;1.0;0.998;1.0;1454.118;
26;2025-12-25;10;1206.621;1.0;0.998;1.0;1203.787;
26;2025-12-25;11;1088.015;1.0;0.998;1.0;1084.901;
26;2025-12-25;12;1131.263;1.0;0.998;1.0;1128.387;
26;2025-12-25;13;1159.404;1.0;0.998;1.0;1156.133;
26;2025-12-25;14;1236.551;1.0;0.998;1.0;1233.968;
26;2025-12-25;15;1317.234;1.0;0.998;1.0;1313.562;
26;2025-12-25;16;1459.821;1.0;0.998;1.0;1456.466;
26;2025-12-25;17;1672.442;1.0;0.998;1.0;1667.911;
26;2025-12-25;18;1854.618;1.0;0.998;1.0;1850.333;
26;2025-12-25;19;1259.788;1.0;0.998;1.0;1257.198;
26;2025-12-25;20;763.218;1.0;0.998;1.0;761.721;
26;2025-12-25;21;475.154;1.0;0.998;1.001;474.338;
26;2025-12-25;22;226.002;1.0;0.998;1.002;225.83;
26;2025-12-25;23;119.398;1.0;0.998;1.0;119.099;
26;2025-12-26;0;33.528;1.0;0.96;1.016;32.711;
26;2025-12-26;1;1.15;1.0;0.96;1.389;1.534;
26;2025-12-26;2;0.0;1.0;0.96;1.0;0.0;
26;2025-12-26;3;0.0;1.0;0.96;1.0;0.0;
26;2025-12-26;4;1.534;1.0;0.96;1.042;1.534;
26;2025-12-26;5;84.107;1.0;0.96;1.004;81.07;
26;2025-12-26;6;508.456;1.0;0.96;1.0;488.258;
26;2025-12-26;7;1064.52;1.0;0.96;1.0;1021.552;
26;2025-12-26;8;2123.451;1.0;0.96;1.0;2037.881;
26;2025-12-26;9;1420.053;1.0;0.96;1.0;1363.455;
26;2025-12-26;10;1229.931;1.0;0.96;1.0;1180.807;
26;2025-12-26;11;1102.389;1.0;0.96;1.0;1058.047;
26;2025-12-26;12;1151.544;1.0;0.96;1.0;1105.64;
26;2025-12-26;13;1210.62;1.0;0.96;1.0;1162.484;
26;2025-12-26;14;1301.648;1.0;0.96;1.0;1249.122;
26;2025-12-26;15;1406.212;1.0;0.96;1.0;1350.086;
26;2025-12-26;16;1667.846;1.0;0.96;1.0;1600.975;
26;2025-12-26;17;1749.272;1.0;0.96;1.0;1679.231;
26;2025-12-26;18;1408.013;1.0;0.96;1.0;1351.125;
26;2025-12-26;19;1098.259;1.0;0.96;1.0;1054.316;
26;2025-12-26;20;730.926;1.0;0.96;1.0;701.89;
26;2025-12-26;21;468.373;1.0;0.96;1.0;449.651;
26;2025-12-26;22;238.913;1.0;0.96;0.998;228.773;
26;2025-12-26;23;158.254;1.0;0.96;1.001;152.011;
26;2025-12-27;0;44.733;1.0;1.013;0.994;45.047;
26;2025-12-27;1;2.396;1.0;1.013;0.994;2.413;
26;2025-12-27;2;0.0;1.0;1.013;1.0;0.0;
26;2025-12-27;3;0.0;1.0;1.013;1.0;0.0;
26;2025-12-27;4;1.978;1.0;1.013;1.136;2.276;
26;2025-12-27;5;46.222;1.0;1.013;0.994;46.546;
26;2025-12-27;6;253.293;1.0;1.013;1.0;256.723;
26;2025-12-27;7;366.821;1.0;1.013;0.999;371.392;
26;2025-12-27;8;587.838;1.0;1.013;1.0;595.313;
26;2025-12-27;9;670.395;1.0;1.013;1.0;679.397;
26;2025-12-27;10;800.039;1.0;1.013;1.0;810.769;
26;2025-12-27;11;971.935;1.0;1.013;1.0;984.925;
26;2025-12-27;12;1035.396;1.0;1.013;1.0;1049.244;
26;2025-12-27;13;1011.886;1.0;1.013;1.0;1025.329;
26;2025-12-27;14;1043.747;1.0;1.013;1.0;1057.073;
26;2025-12-27;15;945.992;1.0;1.013;1.0;957.947;
26;2025-12-27;16;970.443;1.0;1.013;1.0;982.924;
26;2025-12-27;17;911.595;1.0;1.013;1.0;923.577;
26;2025-12-27;18;861.126;1.0;1.013;1.0;871.886;
26;2025-12-27;19;768.952;1.0;1.013;1.0;778.936;
26;2025-12-27;20;533.473;1.0;1.013;0.999;539.978;
26;2025-12-27;21;354.377;1.0;1.013;1.0;358.915;
26;2025-12-27;22;212.834;1.0;1.013;0.999;215.399;
26;2025-12-27;23;144.529;1.0;1.013;1.002;146.712;
26;2025-12-28;0;51.099;1.0;0.994;1.008;51.19;
26;2025-12-28;1;5.015;1.0;0.994;1.097;5.471;
26;2025-12-28;2;0.0;1.0;0.994;1.0;0.0;
26;2025-12-28;3;0.0;1.0;0.994;1.0;0.0;
26;2025-12-28;4;1.67;1.0;0.994;0.686;1.138;
26;2025-12-28;5;27.721;1.0;0.994;1.003;27.657;
26;2025-12-28;6;155.635;1.0;0.994;1.002;155.079;
26;2025-12-28;7;252.663;1.0;0.994;1.002;251.592;
26;2025-12-28;8;376.339;1.0;0.994;1.0;374.241;
26;2025-12-28;9;523.636;1.0;0.994;1.0;520.634;
26;2025-12-28;10;586.477;1.0;0.994;0.999;582.667;
26;2025-12-28;11;789.665;1.0;0.994;1.0;785.193;
26;2025-12-28;12;809.928;1.0;0.994;1.0;805.058;
26;2025-12-28;13;860.617;1.0;0.994;1.0;856.158;
26;2025-12-28;14;839.5;1.0;0.994;1.0;834.357;
26;2025-12-28;15;777.598;1.0;0.994;1.0;772.779;
26;2025-12-28;16;763.037;1.0;0.994;1.0;758.832;
26;2025-12-28;17;767.486;1.0;0.994;1.0;763.186;
26;2025-12-28;18;703.438;1.0;0.994;1.0;699.56;
26;2025-12-28;19;540.072;1.0;0.994;1.0;536.992;
26;2025-12-28;20;403.711;1.0;0.994;1.0;401.386;
26;2025-12-28;21;284.633;1.0;0.994;0.999;282.612;
26;2025-12-28;22;185.379;1.0;0.994;0.999;184.195;
26;2025-12-28;23;103.179;1.0;0.994;0.999;102.501;
26;2025-12-29;0;31.333;0.88;0.998;0.997;27.436;
26;2025-12-29;1;1.584;0.88;0.998;0.969;1.348;
26;2025-12-29;2;0.092;0.88;0.998;0.0;0.0;
26;2025-12-29;3;0.0;0.88;0.998;1.0;0.0;
26;2025-12-29;4;3.391;0.88;0.998;0.996;2.963;
26;2025-12-29;5;88.965;0.88;0.998;0.997;77.849;
26;2025-12-29;6;491.321;0.88;0.998;0.999;431.036;
26;2025-12-29;7;1096.307;0.88;0.998;1.0;962.705;
26;2025-12-29;8;2162.386;0.88;0.998;1.0;1898.616;
26;2025-12-29;9;1457.594;0.88;0.998;1.0;1279.104;
26;2025-12-29;10;1206.621;0.88;0.998;1.0;1059.727;
26;2025-12-29;11;1088.015;0.88;0.998;1.0;954.871;
26;2025-12-29;12;1131.263;0.88;0.998;1.0;992.863;
26;2025-12-29;13;1159.404;0.88;0.998;1.0;1017.835;
26;2025-12-29;14;1236.551;0.88;0.998;1.0;1085.705;
26;2025-12-29;15;1317.234;0.88;0.998;1.0;1155.973;
26;2025-12-29;16;1459.821;0.88;0.998;1.0;1281.77;
26;2025-12-29;17;1672.442;0.88;0.998;1.0;1468.466;
26;2025-12-29;18;1854.618;0.88;0.998;1.0;1627.937;
26;2025-12-29;19;1259.788;0.88;0.998;1.0;1106.211;
26;2025-12-29;20;763.218;0.88;0.998;1.0;669.735;
26;2025-12-29;21;475.154;0.88;0.998;1.0;417.34;
26;2025-12-29;22;226.002;0.88;0.998;1.002;198.73;
26;2025-12-29;23;119.398;0.88;0.998;1.004;105.204;
26;2025-12-30;0;31.333;0.88;0.978;0.997;26.898;
26;2025-12-30;1;1.584;0.88;0.978;0.969;1.321;
26;2025-12-30;2;0.092;0.88;0.978;0.0;0.0;
26;2025-12-30;3;0.0;0.88;0.978;1.0;0.0;
26;2025-12-30;4;3.391;0.88;0.978;0.996;2.905;
26;2025-12-30;5;88.965;0.88;0.978;0.997;76.323;
26;2025-12-30;6;491.321;0.88;0.978;0.999;422.585;
26;2025-12-30;7;1096.307;0.88;0.978;1.0;943.831;
26;2025-12-30;8;2162.386;0.88;0.978;1.0;1861.394;
26;2025-12-30;9;1457.594;0.88;0.978;1.0;1254.027;
26;2025-12-30;10;1206.621;0.88;0.978;1.0;1038.951;
26;2025-12-30;11;1088.015;0.88;0.978;1.0;936.151;
26;2025-12-30;12;1131.263;0.88;0.978;1.0;973.398;
26;2025-12-30;13;1159.404;0.88;0.978;1.0;997.88;
26;2025-12-30;14;1236.551;0.88;0.978;1.0;1064.419;
26;2025-12-30;15;1317.234;0.88;0.978;1.0;1133.31;
26;2025-12-30;16;1459.821;0.88;0.978;1.0;1256.64;
26;2025-12-30;17;1672.442;0.88;0.978;1.0;1439.676;
26;2025-12-30;18;1854.618;0.88;0.978;1.0;1596.021;
26;2025-12-30;19;1259.788;0.88;0.978;1.0;1084.524;
26;2025-12-30;20;763.218;0.88;0.978;1.0;656.605;
26;2025-12-30;21;475.154;0.88;0.978;1.0;409.158;
26;2025-12-30;22;226.002;0.88;0.978;1.002;194.834;
26;2025-12-30;23;119.398;0.88;0.978;1.004;103.141;
26;2025-12-31;0;56.109;0.8;1.001;1.004;45.088;
26;2025-12-31;1;2.768;0.8;1.001;1.243;2.754;
26;2025-12-31;2;0.0;0.8;1.001;1.0;0.0;
26;2025-12-31;3;0.0;0.8;1.001;1.0;0.0;
26;2025-12-31;4;2.016;0.8;1.001;0.71;1.146;
26;2025-12-31;5;71.356;0.8;1.001;0.999;57.073;
26;2025-12-31;6;238.971;0.8;1.001;0.998;191.025;
26;2025-12-31;7;376.741;0.8;1.001;1.001;301.884;
26;2025-12-31;8;632.957;0.8;1.001;1.0;507.044;
26;2025-12-31;9;692.416;0.8;1.001;0.999;554.0;
26;2025-12-31;10;853.577;0.8;1.001;1.0;683.081;
26;2025-12-31;11;986.088;0.8;1.001;1.0;789.403;
26;2025-12-31;12;1103.859;0.8;1.001;1.001;884.341;
26;2025-12-31;13;1065.709;0.8;1.001;1.0;853.706;
26;2025-12-31;14;1114.799;0.8;1.001;1.0;892.565;
26;2025-12-31;15;1016.546;0.8;1.001;1.0;813.815;
26;2025-12-31;16;1096.507;0.8;1.001;1.0;877.802;
26;2025-12-31;17;975.797;0.8;1.001;1.0;781.591;
26;2025-12-31;18;921.139;0.8;1.001;1.0;737.776;
26;2025-12-31;19;840.423;0.8;1.001;1.0;672.657;
26;2025-12-31;20;564.602;0.8;1.001;0.0;0.0;free fare New Year night
26;2025-12-31;21;372.686;0.8;1.001;0.0;0.0;free fare New Year night
26;2025-12-31;22;242.031;0.8;1.001;0.0;0.0;free fare New Year night
26;2025-12-31;23;158.358;0.8;1.001;0.0;0.0;free fare New Year night
28;2025-11-01;0;1.757;0.8;1.015;0.0;0.0;
28;2025-11-01;1;0.0;0.8;1.015;1.0;0.0;
28;2025-11-01;2;0.0;0.8;1.015;1.0;0.0;
28;2025-11-01;3;0.0;0.8;1.015;1.0;0.0;
28;2025-11-01;4;1.838;0.8;1.015;0.83;1.239;
28;2025-11-01;5;84.181;0.8;1.015;1.006;68.795;
28;2025-11-01;6;289.029;0.8;1.015;1.001;234.927;
28;2025-11-01;7;874.604;0.8;1.015;1.0;710.407;
28;2025-11-01;8;1334.359;0.8;1.015;1.0;1083.439;
28;2025-11-01;9;901.452;0.8;1.015;1.001;732.69;
28;2025-11-01;10;680.333;0.8;1.015;1.0;552.474;
28;2025-11-01;11;630.52;0.8;1.015;1.001;512.529;
28;2025-11-01;12;793.418;0.8;1.015;1.0;644.642;
28;2025-11-01;13;776.035;0.8;1.015;1.0;630.336;
28;2025-11-01;14;761.079;0.8;1.015;1.0;618.229;
28;2025-11-01;15;787.099;0.8;1.015;1.0;639.302;
28;2025-11-01;16;1020.942;0.8;1.015;1.0;829.14;
28;2025-11-01;17;1078.558;0.8;1.015;1.0;876.004;
28;2025-11-01;18;907.396;0.8;1.015;1.0;737.168;
28;2025-11-01;19;694.239;0.8;1.015;1.0;563.695;
28;2025-11-01;20;502.859;0.8;1.015;0.999;408.097;
28;2025-11-01;21;348.391;0.8;1.015;0.999;282.764;
28;2025-11-01;22;151.703;0.8;1.015;0.998;122.995;
28;2025-11-01;23;22.432;0.8;1.015;0.983;17.912;
28;2025-11-02;0;2.731;1.0;1.014;1.105;3.061;
28;2025-11-02;1;0.0;1.0;1.014;1.0;0.0;
28;2025-11-02;2;0.0;1.0;1.014;1.0;0.0;
28;2025-11-02;3;0.0;1.0;1.014;1.0;0.0;
28;2025-11-02;4;0.39;1.0;1.014;0.0;0.0;
28;2025-11-02;5;32.045;1.0;1.014;0.992;32.224;
28;2025-11-02;6;86.284;1.0;1.014;0.996;87.111;
28;2025-11-02;7;160.393;1.0;1.014;1.001;162.831;
28;2025-11-02;8;258.977;1.0;1.014;0.999;262.497;
28;2025-11-02;9;353.112;1.0;1.014;1.0;358.15;
28;2025-11-02;10;394.619;1.0;1.014;0.999;399.739;
28;2025-11-02;11;435.024;1.0;1.014;0.999;440.922;
28;2025-11-02;12;476.114;1.0;1.014;1.001;483.124;
28;2025-11-02;13;556.952;1.0;1.014;1.0;564.758;
28;2025-11-02;14;536.23;1.0;1.014;1.001;544.235;
28;2025-11-02;15;532.091;1.0;1.014;1.0;539.417;
28;2025-11-02;16;495.001;1.0;1.014;1.0;502.155;
28;2025-11-02;17;500.387;1.0;1.014;1.001;507.853;
28;2025-11-02;18;435.964;1.0;1.014;1.001;442.411;
28;2025-11-02;19;379.585;1.0;1.014;1.0;384.865;
28;2025-11-02;20;302.546;1.0;1.014;1.001;307.236;
28;2025-11-02;21;250.695;1.0;1.014;0.998;253.794;
28;2025-11-02;22;112.455;1.0;1.014;0.998;113.814;
28;2025-11-02;23;13.905;1.0;1.014;1.005;14.179;
28;2025-11-03;0;2.731;1.0;0.995;1.105;3.004;
28;2025-11-03;1;0.0;1.0;0.995;1.0;0.0;
28;2025-11-03;2;0.0;1.0;0.995;1.0;0.0;
28;2025-11-03;3;0.0;1.0;0.995;1.0;0.0;
28;2025-11-03;4;0.39;1.0;0.995;0.0;0.0;
28;2025-11-03;5;32.045;1.0;0.995;0.992;31.627;
28;2025-11-03;6;86.284;1.0;0.995;0.996;85.497;
28;2025-11-03;7;160.393;1.0;0.995;1.001;159.815;
28;2025-11-03;8;258.977;1.0;0.995;0.999;257.634;
28;2025-11-03;9;353.112;1.0;0.995;1.0;351.515;
28;2025-11-03;10;394.619;1.0;0.995;0.999;392.333;
28;2025-11-03;11;435.024;1.0;0.995;0.999;432.753;
28;2025-11-03;12;476.114;1.0;0.995;1.001;474.174;
28;2025-11-03;13;556.952;1.0;0.995;1.0;554.295;
28;2025-11-03;14;536.23;1.0;0.995;1.001;534.152;
28;2025-11-03;15;532.091;1.0;0.995;1.0;529.423;
28;2025-11-03;16;495.001;1.0;0.995;1.0;492.852;
28;2025-11-03;17;500.387;1.0;0.995;1.001;498.445;
28;2025-11-03;18;435.964;1.0;0.995;1.001;434.215;
28;2025-11-03;19;379.585;1.0;0.995;1.0;377.735;
28;2025-11-03;20;302.546;1.0;0.995;1.001;301.545;
28;2025-11-03;21;250.695;1.0;0.995;0.998;249.092;
28;2025-11-03;22;112.455;1.0;0.995;0.998;111.705;
28;2025-11-03;23;13.905;1.0;0.995;1.005;13.916;
28;2025-11-04;0;2.731;1.0;0.986;1.105;2.974;
28;2025-11-04;1;0.0;1.0;0.986;1.0;0.0;
28;2025-11-04;2;0.0;1.0;0.986;1.0;0.0;
28;2025-11-04;3;0.0;1.0;0.986;1.0;0.0;
28;2025-11-04;4;0.39;1.0;0.986;0.0;0.0;
28;2025-11-04;5;32.045;1.0;0.986;0.992;31.316;
28;2025-11-04;6;86.284;1.0;0.986;0.996;84.655;
28;2025-11-04;7;160.393;1.0;0.986;1.001;158.24;
28;2025-11-04;8;258.977;1.0;0.986;0.999;255.096;
28;2025-11-04;9;353.112;1.0;0.986;1.0;348.052;
28;2025-11-04;10;394.619;1.0;0.986;0.999;388.468;
28;2025-11-04;11;435.024;1.0;0.986;0.999;428.49;
28;2025-11-04;12;476.114;1.0;0.986;1.001;469.503;
28;2025-11-04;13;556.952;1.0;0.986;1.0;548.835;
28;2025-11-04;14;536.23;1.0;0.986;1.001;528.89;
28;2025-11-04;15;532.091;1.0;0.986;1.0;524.208;
28;2025-11-04;16;495.001;1.0;0.986;1.0;487.997;
28;2025-11-04;17;500.387;1.0;0.986;1.001;493.535;
28;2025-11-04;18;435.964;1.0;0.986;1.001;429.937;
28;2025-11-04;19;379.585;1.0;0.986;1.0;374.014;
28;2025-11-04;20;302.546;1.0;0.986;1.001;298.574;
28;2025-11-04;21;250.695;1.0;0.986;0.998;246.638;
28;2025-11-04;22;112.455;1.0;0.986;0.998;110.605;
28;2025-11-04;23;13.905;1.0;0.986;1.005;13.779;
28;2025-11-05;0;2.441;1.0;1.015;1.128;2.797;
28;2025-11-05;1;0.439;1.0;1.015;1.58;0.704;
28;2025-11-05;2;0.0;1.0;1.015;1.0;0.0;
28;2025-11-05;3;0.0;1.0;1.015;1.0;0.0;
28;2025-11-05;4;2.033;1.0;1.015;0.687;1.418;
28;2025-11-05;5;81.848;1.0;1.015;1.005;83.531;
28;2025-11-05;6;271.784;1.0;1.015;1.0;275.986;
28;2025-11-05;7;819.067;1.0;1.015;1.0;831.643;
28;2025-11-05;8;1274.19;1.0;1.015;1.0;1293.744;
28;2025-11-05;9;870.549;1.0;1.015;0.999;883.359;
28;2025-11-05;10;640.92;1.0;1.015;1.0;650.405;
28;2025-11-05;11;580.567;1.0;1.015;1.0;589.636;
28;2025-11-05;12;706.254;1.0;1.015;1.0;717.287;
28;2025-11-05;13;727.426;1.0;1.015;1.001;738.961;
28;2025-11-05;14;672.212;1.0;1.015;1.0;682.235;
28;2025-11-05;15;703.63;1.0;1.015;0.999;713.974;
28;2025-11-05;16;880.803;1.0;1.015;1.0;894.38;
28;2025-11-05;17;1012.138;1.0;1.015;1.0;1027.654;
28;2025-11-05;18;1002.791;1.0;1.015;1.0;1018.507;
28;2025-11-05;19;754.093;1.0;1.015;1.0;765.764;
28;2025-11-05;20;526.91;1.0;1.015;1.0;534.676;
28;2025-11-05;21;324.774;1.0;1.015;1.001;330.014;
28;2025-11-05;22;133.618;1.0;1.015;1.004;136.143;
28;2025-11-05;23;18.011;1.0;1.015;1.008;18.441;
28;2025-11-06;0;2.441;1.0;0.999;1.128;2.751;
28;2025-11-06;1;0.439;1.0;0.999;1.58;0.692;
28;2025-11-06;2;0.0;1.0;0.999;1.0;0.0;
28;2025-11-06;3;0.0;1.0;0.999;1.0;0.0;
28;2025-11-06;4;2.033;1.0;0.999;0.687;1.395;
28;2025-11-06;5;81.848;1.0;0.999;1.005;82.164;
28;2025-11-06;6;271.784;1.0;0.999;1.0;271.47;
28;2025-11-06;7;819.067;1.0;0.999;1.0;818.034;
28;2025-11-06;8;1274.19;1.0;0.999;1.0;1272.573;
28;2025-11-06;9;870.549;1.0;0.999;0.999;868.903;
28;2025-11-06;10;640.92;1.0;0.999;1.0;639.762;
28;2025-11-06;11;580.567;1.0;0.999;1.0;579.987;
28;2025-11-06;12;706.254;1.0;0.999;1.0;705.549;
28;2025-11-06;13;727.426;1.0;0.999;1.001;726.868;
28;2025-11-06;14;672.212;1.0;0.999;1.0;671.07;
28;2025-11-06;15;703.63;1.0;0.999;0.999;702.29;
28;2025-11-06;16;880.803;1.0;0.999;1.0;879.744;
28;2025-11-06;17;1012.138;1.0;0.999;1.0;1010.837;
28;2025-11-06;18;1002.791;1.0;0.999;1.0;1001.839;
28;2025-11-06;19;754.093;1.0;0.999;1.0;753.233;
28;2025-11-06;20;526.91;1.0;0.999;1.0;525.926;
28;2025-11-06;21;324.774;1.0;0.999;1.001;324.613;
28;2025-11-06;22;133.618;1.0;0.999;1.004;133.915;
28;2025-11-06;23;18.011;1.0;0.999;1.008;18.139;
28;2025-11-07;0;2.533;1.0;1.01;1.139;2.912;
28;2025-11-07;1;0.0;1.0;1.01;1.0;0.0;
28;2025-11-07;2;0.0;1.0;1.01;1.0;0.0;
28;2025-11-07;3;0.0;1.0;1.01;1.0;0.0;
28;2025-11-07;4;1.838;1.0;1.01;1.328;2.465;
28;2025-11-07;5;84.181;1.0;1.01;1.003;85.241;
28;2025-11-07;6;289.029;1.0;1.01;1.001;292.048;
28;2025-11-07;7;874.604;1.0;1.01;1.0;883.395;
28;2025-11-07;8;1334.359;1.0;1.01;1.0;1346.871;
28;2025-11-07;9;901.452;1.0;1.01;1.0;910.57;
28;2025-11-07;10;680.333;1.0;1.01;1.0;686.805;
28;2025-11-07;11;630.52;1.0;1.01;1.0;636.623;
28;2025-11-07;12;793.418;1.0;1.01;1.0;801.383;
28;2025-11-07;13;776.035;1.0;1.01;1.0;783.867;
28;2025-11-07;14;761.079;1.0;1.01;1.0;768.28;
28;2025-11-07;15;787.099;1.0;1.01;1.0;794.745;
28;2025-11-07;16;1020.942;1.0;1.01;1.0;1030.741;
28;2025-11-07;17;1078.558;1.0;1.01;1.0;1088.73;
28;2025-11-07;18;907.396;1.0;1.01;1.0;916.406;
28;2025-11-07;19;694.239;1.0;1.01;1.0;701.02;
28;2025-11-07;20;502.859;1.0;1.01;1.0;507.619;
28;2025-11-07;21;348.391;1.0;1.01;1.001;352.045;
28;2025-11-07;22;151.703;1.0;1.01;1.0;153.197;
28;2025-11-07;23;22.432;1.0;1.01;0.996;22.565;
28;2025-11-08;0;2.333;1.0;1.015;1.135;2.688;
28;2025-11-08;1;0.0;1.0;1.015;1.0;0.0;
28;2025-11-08;2;0.0;1.0;1.015;1.0;0.0;
28;2025-11-08;3;0.0;1.0;1.015;1.0;0.0;
28;2025-11-08;4;0.951;1.0;1.015;0.993;0.959;
28;2025-11-08;5;36.542;1.0;1.015;0.993;36.836;
28;2025-11-08;6;103.405;1.0;1.015;1.002;105.219;
28;2025-11-08;7;222.576;1.0;1.015;1.001;226.289;
28;2025-11-08;8;380.242;1.0;1.015;1.0;385.897;
28;2025-11-08;9;458.836;1.0;1.015;1.0;465.812;
28;2025-11-08;10;480.451;1.0;1.015;1.0;487.955;
28;2025-11-08;11;489.765;1.0;1.015;1.0;497.13;
28;2025-11-08;12;571.689;1.0;1.015;1.0;580.627;
28;2025-11-08;13;594.316;1.0;1.015;1.0;603.07;
28;2025-11-08;14;591.888;1.0;1.015;1.0;600.649;
28;2025-11-08;15;588.295;1.0;1.015;0.999;596.94;
28;2025-11-08;16;567.952;1.0;1.015;1.001;576.984;
28;2025-11-08;17;576.285;1.0;1.015;1.0;585.142;
28;2025-11-08;18;497.171;1.0;1.015;0.999;504.397;
28;2025-11-08;19;406.564;1.0;1.015;1.0;412.785;
28;2025-11-08;20;303.109;1.0;1.015;1.001;307.983;
28;2025-11-08;21;270.343;1.0;1.015;1.001;274.643;
28;2025-11-08;22;128.883;1.0;1.015;1.0;130.871;
28;2025-11-08;23;17.904;1.0;1.015;0.993;18.048;
28;2025-11-09;0;2.731;1.0;1.015;1.105;3.064;
28;2025-11-09;1;0.0;1.0;1.015;1.0;0.0;
28;2025-11-09;2;0.0;1.0;1.015;1.0;0.0;
28;2025-11-09;3;0.0;1.0;1.015;1.0;0.0;
28;2025-11-09;4;0.39;1.0;1.015;0.0;0.0;
28;2025-11-09;5;32.045;1.0;1.015;0.992;32.26;
28;2025-11-09;6;86.284;1.0;1.015;0.996;87.207;
28;2025-11-09;7;160.393;1.0;1.015;1.001;163.011;
28;2025-11-09;8;258.977;1.0;1.015;0.999;262.786;
28;2025-11-09;9;353.112;1.0;1.015;1.0;358.544;
28;2025-11-09;10;394.619;1.0;1.015;0.999;400.179;
28;2025-11-09;11;435.024;1.0;1.015;0.999;441.407;
28;2025-11-09;12;476.114;1.0;1.015;1.001;483.656;
28;2025-11-09;13;556.952;1.0;1.015;1.0;565.379;
28;2025-11-09;14;536.23;1.0;1.015;1.001;544.834;
28;2025-11-09;15;532.091;1.0;1.015;1.0;540.01;
28;2025-11-09;16;495.001;1.0;1.015;1.0;502.708;
28;2025-11-09;17;500.387;1.0;1.015;1.001;508.412;
28;2025-11-09;18;435.964;1.0;1.015;1.001;442.898;
28;2025-11-09;19;379.585;1.0;1.015;1.0;385.289;
28;2025-11-09;20;302.546;1.0;1.015;1.001;307.575;
28;2025-11-09;21;250.695;1.0;1.015;0.998;254.073;
28;2025-11-09;22;112.455;1.0;1.015;0.998;113.939;
28;2025-11-09;23;13.905;1.0;1.015;1.005;14.194;
28;2025-11-10;0;2.441;1.0;1.015;1.128;2.797;
28;2025-11-10;1;0.439;1.0;1.015;1.58;0.704;
28;2025-11-10;2;0.0;1.0;1.015;1.0;0.0;
28;2025-11-10;3;0.0;1.0;1.015;1.0;0.0;
28;2025-11-10;4;2.033;1.0;1.015;0.687;1.418;
28;2025-11-10;5;81.848;1.0;1.015;1.005;83.531;
28;2025-11-10;6;271.784;1.0;1.015;1.0;275.986;
28;2025-11-10;7;819.067;1.0;1.015;1.0;831.643;
28;2025-11-10;8;1274.19;1.0;1.015;1.0;1293.744;
28;2025-11-10;9;870.549;1.0;1.015;0.999;883.359;
28;2025-11-10;10;640.92;1.0;1.015;1.0;650.405;
28;2025-11-10;11;580.567;1.0;1.015;1.0;589.636;
28;2025-11-10;12;706.254;1.0;1.015;1.0;717.287;
28;2025-11-10;13;727.426;1.0;1.015;1.001;738.961;
28;2025-11-10;14;672.212;1.0;1.015;1.0;682.235;
28;2025-11-10;15;703.63;1.0;1.015;0.999;713.974;
28;2025-11-10;16;880.803;1.0;1.015;1.0;894.38;
28;2025-11-10;17;1012.138;1.0;1.015;1.0;1027.654;
28;2025-11-10;18;1002.791;1.0;1.015;1.0;1018.507;
28;2025-11-10;19;754.093;1.0;1.015;1.0;765.764;
28;2025-11-10;20;526.91;1.0;1.015;1.0;534.676;
28;2025-11-10;21;324.774;1.0;1.015;1.001;330.014;
28;2025-11-10;22;133.618;1.0;1.015;1.004;136.143;
28;2025-11-10;23;18.011;1.0;1.015;1.008;18.441;
28;2025-11-11;0;2.441;1.0;1.015;1.128;2.797;
28;2025-11-11;1;0.439;1.0;1.015;1.58;0.704;
28;2025-11-11;2;0.0;1.0;1.015;1.0;0.0;
28;2025-11-11;3;0.0;1.0;1.015;1.0;0.0;
28;2025-11-11;4;2.033;1.0;1.015;0.687;1.418;
28;2025-11-11;5;81.848;1.0;1.015;1.005;83.531;
28;2025-11-11;6;271.784;1.0;1.015;1.0;275.986;
28;2025-11-11;7;819.067;1.0;1.015;1.0;831.643;
28;2025-11-11;8;1274.19;1.0;1.015;1.0;1293.744;
28;2025-11-11;9;870.549;1.0;1.015;0.999;883.359;
28;2025-11-11;10;640.92;1.0;1.015;1.0;650.405;
28;2025-11-11;11;580.567;1.0;1.015;1.0;589.636;
28;2025-11-11;12;706.254;1.0;1.015;1.0;717.287;
28;2025-11-11;13;727.426;1.0;1.015;1.001;738.961;
28;2025-11-11;14;672.212;1.0;1.015;1.0;682.235;
28;2025-11-11;15;703.63;1.0;1.015;0.999;713.974;
28;2025-11-11;16;880.803;1.0;1.015;1.0;894.38;
28;2025-11-11;17;1012.138;1.0;1.015;1.0;1027.654;
28;2025-11-11;18;1002.791;1.0;1.015;1.0;1018.507;
28;2025-11-11;19;754.093;1.0;1.015;1.0;765.764;
28;2025-11-11;20;526.91;1.0;1.015;1.0;534.676;
28;2025-11-11;21;324.774;1.0;1.015;1.001;330.014;
28;2025-11-11;22;133.618;1.0;1.015;1.004;136.143;
28;2025-11-11;23;18.011;1.0;1.015;1.008;18.441;
28;2025-11-12;0;2.441;1.0;1.004;1.128;2.766;
28;2025-11-12;1;0.439;1.0;1.004;1.58;0.696;
28;2025-11-12;2;0.0;1.0;1.004;1.0;0.0;
28;2025-11-12;3;0.0;1.0;1.004;1.0;0.0;
28;2025-11-12;4;2.033;1.0;1.004;0.687;1.403;
28;2025-11-12;5;81.848;1.0;1.004;1.005;82.617;
28;2025-11-12;6;271.784;1.0;1.004;1.0;272.967;
28;2025-11-12;7;819.067;1.0;1.004;1.0;822.546;
28;2025-11-12;8;1274.19;1.0;1.004;1.0;1279.591;
28;2025-11-12;9;870.549;1.0;1.004;0.999;873.695;
28;2025-11-12;10;640.92;1.0;1.004;1.0;643.29;
28;2025-11-12;11;580.567;1.0;1.004;1.0;583.186;
28;2025-11-12;12;706.254;1.0;1.004;1.0;709.44;
28;2025-11-12;13;727.426;1.0;1.004;1.001;730.877;
28;2025-11-12;14;672.212;1.0;1.004;1.0;674.772;
28;2025-11-12;15;703.63;1.0;1.004;0.999;706.164;
28;2025-11-12;16;880.803;1.0;1.004;1.0;884.596;
28;2025-11-12;17;1012.138;1.0;1.004;1.0;1016.412;
28;2025-11-12;18;1002.791;1.0;1.004;1.0;1007.364;
28;2025-11-12;19;754.093;1.0;1.004;1.0;757.387;
28;2025-11-12;20;526.91;1.0;1.004;1.0;528.827;
28;2025-11-12;21;324.774;1.0;1.004;1.001;326.404;
28;2025-11-12;22;133.618;1.0;1.004;1.004;134.653;
28;2025-11-12;23;18.011;1.0;1.004;1.008;18.239;
28;2025-11-13;0;2.441;1.0;1.014;1.128;2.794;
28;2025-11-13;1;0.439;1.0;1.014;1.58;0.703;
28;2025-11-13;2;0.0;1.0;1.014;1.0;0.0;
28;2025-11-13;3;0.0;1.0;1.014;1.0;0.0;
28;2025-11-13;4;2.033;1.0;1.014;0.687;1.417;
28;2025-11-13;5;81.848;1.0;1.014;1.005;83.439;
28;2025-11-13;6;271.784;1.0;1.014;1.0;275.683;
28;2025-11-13;7;819.067;1.0;1.014;1.0;830.729;
28;2025-11-13;8;1274.19;1.0;1.014;1.0;1292.322;
28;2025-11-13;9;870.549;1.0;1.014;0.999;882.388;
28;2025-11-13;10;640.92;1.0;1.014;1.0;649.69;
28;2025-11-13;11;580.567;1.0;1.014;1.0;588.988;
28;2025-11-13;12;706.254;1.0;1.014;1.0;716.498;
28;2025-11-13;13;727.426;1.0;1.014;1.001;738.148;
28;2025-11-13;14;672.212;1.0;1.014;1.0;681.485;
28;2025-11-13;15;703.63;1.0;1.014;0.999;713.189;
28;2025-11-13;16;880.803;1.0;1.014;1.0;893.397;
28;2025-11-13;17;1012.138;1.0;1.014;1.0;1026.524;
28;2025-11-13;18;1002.791;1.0;1.014;1.0;1017.387;
28;2025-11-13;19;754.093;1.0;1.014;1.0;764.922;
28;2025-11-13;20;526.91;1.0;1.014;1.0;534.088;
28;2025-11-13;21;324.774;1.0;1.014;1.001;329.651;
28;2025-11-13;22;133.618;1.0;1.014;1.004;135.993;
28;2025-11-13;23;18.011;1.0;1.014;1.008;18.421;
28;2025-11-14;0;2.533;1.0;1.012;1.139;2.919;
28;2025-11-14;1;0.0;1.0;1.012;1.0;0.0;
28;2025-11-14;2;0.0;1.0;1.012;1.0;0.0;
28;2025-11-14;3;0.0;1.0;1.012;1.0;0.0;
28;2025-11-14;4;1.838;1.0;1.012;1.328;2.47;
28;2025-11-14;5;84.181;1.0;1.012;1.003;85.429;
28;2025-11-14;6;289.029;1.0;1.012;1.001;292.692;
28;2025-11-14;7;874.604;1.0;1.012;1.0;885.341;
28;2025-11-14;8;1334.359;1.0;1.012;1.0;1349.837;
28;2025-11-14;9;901.452;1.0;1.012;1.0;912.576;
28;2025-11-14;10;680.333;1.0;1.012;1.0;688.318;
28;2025-11-14;11;630.52;1.0;1.012;1.0;638.025;
28;2025-11-14;12;793.418;1.0;1.012;1.0;803.148;
28;2025-11-14;13;776.035;1.0;1.012;1.0;785.594;
28;2025-11-14;14;761.079;1.0;1.012;1.0;769.972;
28;2025-11-14;15;787.099;1.0;1.012;1.0;796.495;
28;2025-11-14;16;1020.942;1.0;1.012;1.0;1033.011;
28;2025-11-14;17;1078.558;1.0;1.012;1.0;1091.127;
28;2025-11-14;18;907.396;1.0;1.012;1.0;918.424;
28;2025-11-14;19;694.239;1.0;1.012;1.0;702.564;
28;2025-11-14;20;502.859;1.0;1.012;1.0;508.737;
28;2025-11-14;21;348.391;1.0;1.012;1.001;352.82;
28;2025-11-14;22;151.703;1.0;1.012;1.0;153.534;
28;2025-11-14;23;22.432;1.0;1.012;0.996;22.614;
28;2025-11-15;0;2.333;1.0;0.947;1.135;2.508;
28;2025-11-15;1;0.0;1.0;0.947;1.0;0.0;
28;2025-11-15;2;0.0;1.0;0.947;1.0;0.0;
28;2025-11-15;3;0.0;1.0;0.947;1.0;0.0;
28;2025-11-15;4;0.951;1.0;0.947;0.993;0.895;
28;2025-11-15;5;36.542;1.0;0.947;0.993;34.369;
28;2025-11-15;6;103.405;1.0;0.947;1.002;98.174;
28;2025-11-15;7;222.576;1.0;0.947;1.001;211.138;
28;2025-11-15;8;380.242;1.0;0.947;1.0;360.06;
28;2025-11-15;9;458.836;1.0;0.947;1.0;434.624;
28;2025-11-15;10;480.451;1.0;0.947;1.0;455.284;
28;2025-11-15;11;489.765;1.0;0.947;1.0;463.846;
28;2025-11-15;12;571.689;1.0;0.947;1.0;541.752;
28;2025-11-15;13;594.316;1.0;0.947;1.0;562.692;
28;2025-11-15;14;591.888;1.0;0.947;1.0;560.434;
28;2025-11-15;15;588.295;1.0;0.947;0.999;556.973;
28;2025-11-15;16;567.952;1.0;0.947;1.001;538.353;
28;2025-11-15;17;576.285;1.0;0.947;1.0;545.965;
28;2025-11-15;18;497.171;1.0;0.947;0.999;470.626;
28;2025-11-15;19;406.564;1.0;0.947;1.0;385.147;
28;2025-11-15;20;303.109;1.0;0.947;1.001;287.363;
28;2025-11-15;21;270.343;1.0;0.947;1.001;256.255;
28;2025-11-15;22;128.883;1.0;0.947;1.0;122.108;
28;2025-11-15;23;17.904;1.0;0.947;0.993;16.84;
28;2025-11-16;0;2.731;1.0;1.015;1.105;3.064;
28;2025-11-16;1;0.0;1.0;1.015;1.0;0.0;
28;2025-11-16;2;0.0;1.0;1.015;1.0;0.0;
28;2025-11-16;3;0.0;1.0;1.015;1.0;0.0;
28;2025-11-16;4;0.39;1.0;1.015;0.0;0.0;
28;2025-11-16;5;32.045;1.0;1.015;0.992;32.26;
28;2025-11-16;6;86.284;1.0;1.015;0.996;87.207;
28;2025-11-16;7;160.393;1.0;1.015;1.001;163.011;
28;2025-11-16;8;258.977;1.0;1.015;0.999;262.786;
28;2025-11-16;9;353.112;1.0;1.015;1.0;358.544;
28;2025-11-16;10;394.619;1.0;1.015;0.999;400.179;
28;2025-11-16;11;435.024;1.0;1.015;0.999;441.407;
28;2025-11-16;12;476.114;1.0;1.015;1.001;483.656;
28;2025-11-16;13;556.952;1.0;1.015;1.0;565.379;
28;2025-11-16;14;536.23;1.0;1.015;1.001;544.834;
28;2025-11-16;15;532.091;1.0;1.015;1.0;540.01;
28;2025-11-16;16;495.001;1.0;1.015;1.0;502.708;
28;2025-11-16;17;500.387;1.0;1.015;1.001;508.412;
28;2025-11-16;18;435.964;1.0;1.015;1.001;442.898;
28;2025-11-16;19;379.585;1.0;1.015;1.0;385.289;
28;2025-11-16;20;302.546;1.0;1.015;1.001;307.575;
28;2025-11-16;21;250.695;1.0;1.015;0.998;254.073;
28;2025-11-16;22;112.455;1.0;1.015;0.998;113.939;
28;2025-11-16;23;13.905;1.0;1.015;1.005;14.194;
28;2025-11-17;0;2.441;1.0;0.983;1.128;2.709;
28;2025-11-17;1;0.439;1.0;0.983;1.58;0.682;
28;2025-11-17;2;0.0;1.0;0.983;1.0;0.0;
28;2025-11-17;3;0.0;1.0;0.983;1.0;0.0;
28;2025-11-17;4;2.033;1.0;0.983;0.687;1.374;
28;2025-11-17;5;81.848;1.0;0.983;1.005;80.908;
28;2025-11-17;6;271.784;1.0;0.983;1.0;267.321;
28;2025-11-17;7;819.067;1.0;0.983;1.0;805.533;
28;2025-11-17;8;1274.19;1.0;0.983;1.0;1253.125;
28;2025-11-17;9;870.549;1.0;0.983;0.999;855.625;
28;2025-11-17;10;640.92;1.0;0.983;1.0;629.985;
28;2025-11-17;11;580.567;1.0;0.983;1.0;571.124;
28;2025-11-17;12;706.254;1.0;0.983;1.0;694.767;
28;2025-11-17;13;727.426;1.0;0.983;1.001;715.76;
28;2025-11-17;14;672.212;1.0;0.983;1.0;660.815;
28;2025-11-17;15;703.63;1.0;0.983;0.999;691.558;
28;2025-11-17;16;880.803;1.0;0.983;1.0;866.3;
28;2025-11-17;17;1012.138;1.0;0.983;1.0;995.389;
28;2025-11-17;18;1002.791;1.0;0.983;1.0;986.529;
28;2025-11-17;19;754.093;1.0;0.983;1.0;741.722;
28;2025-11-17;20;526.91;1.0;0.983;1.0;517.889;
28;2025-11-17;21;324.774;1.0;0.983;1.001;319.652;
28;2025-11-17;22;133.618;1.0;0.983;1.004;131.868;
28;2025-11-17;23;18.011;1.0;0.983;1.008;17.862;
28;2025-11-18;0;2.441;1.0;0.964;1.128;2.656;
28;2025-11-18;1;0.439;1.0;0.964;1.58;0.668;
28;2025-11-18;2;0.0;1.0;0.964;1.0;0.0;
28;2025-11-18;3;0.0;1.0;0.964;1.0;0.0;
28;2025-11-18;4;2.033;1.0;0.964;0.687;1.347;
28;2025-11-18;5;81.848;1.0;0.964;1.005;79.322;
28;2025-11-18;6;271.784;1.0;0.964;1.0;262.08;
28;2025-11-18;7;819.067;1.0;0.964;1.0;789.74;
28;2025-11-18;8;1274.19;1.0;0.964;1.0;1228.557;
28;2025-11-18;9;870.549;1.0;0.964;0.999;838.85;
28;2025-11-18;10;640.92;1.0;0.964;1.0;617.634;
28;2025-11-18;11;580.567;1.0;0.964;1.0;559.927;
28;2025-11-18;12;706.254;1.0;0.964;1.0;681.146;
28;2025-11-18;13;727.426;1.0;0.964;1.001;701.727;
28;2025-11-18;14;672.212;1.0;0.964;1.0;647.86;
28;2025-11-18;15;703.63;1.0;0.964;0.999;678.0;
28;2025-11-18;16;880.803;1.0;0.964;1.0;849.316;
28;2025-11-18;17;1012.138;1.0;0.964;1.0;975.875;
28;2025-11-18;18;1002.791;1.0;0.964;1.0;967.188;
28;2025-11-18;19;754.093;1.0;0.964;1.0;727.18;
28;2025-11-18;20;526.91;1.0;0.964;1.0;507.736;
28;2025-11-18;21;324.774;1.0;0.964;1.001;313.386;
28;2025-11-18;22;133.618;1.0;0.964;1.004;129.283;
28;2025-11-18;23;18.011;1.0;0.964;1.008;17.512;
28;2025-11-19;0;2.441;1.0;1.015;1.128;2.797;
28;2025-11-19;1;0.439;1.0;1.015;1.58;0.704;
28;2025-11-19;2;0.0;1.0;1.015;1.0;0.0;
28;2025-11-19;3;0.0;1.0;1.015;1.0;0.0;
28;2025-11-19;4;2.033;1.0;1.015;0.687;1.418;
28;2025-11-19;5;81.848;1.0;1.015;1.005;83.531;
28;2025-11-19;6;271.784;1.0;1.015;1.0;275.986;
28;2025-11-19;7;819.067;1.0;1.015;1.0;831.643;
28;2025-11-19;8;1274.19;1.0;1.015;1.0;1293.744;
28;2025-11-19;9;870.549;1.0;1.015;0.999;883.359;
28;2025-11-19;10;640.92;1.0;1.015;1.0;650.405;
28;2025-11-19;11;580.567;1.0;1.015;1.0;589.636;
28;2025-11-19;12;706.254;1.0;1.015;1.0;717.287;
28;2025-11-19;13;727.426;1.0;1.015;1.001;738.961;
28;2025-11-19;14;672.212;1.0;1.015;1.0;682.235;
28;2025-11-19;15;703.63;1.0;1.015;0.999;713.974;
28;2025-11-19;16;880.803;1.0;1.015;1.0;894.38;
28;2025-11-19;17;1012.138;1.0;1.015;1.0;1027.654;
28;2025-11-19;18;1002.791;1.0;1.015;1.0;1018.507;
28;2025-11-19;19;754.093;1.0;1.015;1.0;765.764;
28;2025-11-19;20;526.91;1.0;1.015;1.0;534.676;
28;2025-11-19;21;324.774;1.0;1.015;1.001;330.014;
28;2025-11-19;22;133.618;1.0;1.015;1.004;136.143;
28;2025-11-19;23;18.011;1.0;1.015;1.008;18.441;
28;2025-11-20;0;2.441;1.0;1.015;1.128;2.797;
28;2025-11-20;1;0.439;1.0;1.015;1.58;0.704;
28;2025-11-20;2;0.0;1.0;1.015;1.0;0.0;
28;2025-11-20;3;0.0;1.0;1.015;1.0;0.0;
28;2025-11-20;4;2.033;1.0;1.015;0.687;1.418;
28;2025-11-20;5;81.848;1.0;1.015;1.005;83.531;
28;2025-11-20;6;271.784;1.0;1.015;1.0;275.986;
28;2025-11-20;7;819.067;1.0;1.015;1.0;831.643;
28;2025-11-20;8;1274.19;1.0;1.015;1.0;1293.744;
28;2025-11-20;9;870.549;1.0;1.015;0.999;883.359;
28;2025-11-20;10;640.92;1.0;1.015;1.0;650.405;
28;2025-11-20;11;580.567;1.0;1.015;1.0;589.636;
28;2025-11-20;12;706.254;1.0;1.015;1.0;717.287;
28;2025-11-20;13;727.426;1.0;1.015;1.001;738.961;
28;2025-11-20;14;672.212;1.0;1.015;1.0;682.235;
28;2025-11-20;15;703.63;1.0;1.015;0.999;713.974;
28;2025-11-20;16;880.803;1.0;1.015;1.0;894.38;
28;2025-11-20;17;1012.138;1.0;1.015;1.0;1027.654;
28;2025-11-20;18;1002.791;1.0;1.015;1.0;1018.507;
28;2025-11-20;19;754.093;1.0;1.015;1.0;765.764;
28;2025-11-20;20;526.91;1.0;1.015;1.0;534.676;
28;2025-11-20;21;324.774;1.0;1.015;1.001;330.014;
28;2025-11-20;22;133.618;1.0;1.015;1.004;136.143;
28;2025-11-20;23;18.011;1.0;1.015;1.008;18.441;
28;2025-11-21;0;2.533;1.0;1.012;1.139;2.919;
28;2025-11-21;1;0.0;1.0;1.012;1.0;0.0;
28;2025-11-21;2;0.0;1.0;1.012;1.0;0.0;
28;2025-11-21;3;0.0;1.0;1.012;1.0;0.0;
28;2025-11-21;4;1.838;1.0;1.012;1.328;2.47;
28;2025-11-21;5;84.181;1.0;1.012;1.003;85.429;
28;2025-11-21;6;289.029;1.0;1.012;1.001;292.692;
28;2025-11-21;7;874.604;1.0;1.012;1.0;885.341;
28;2025-11-21;8;1334.359;1.0;1.012;1.0;1349.837;
28;2025-11-21;9;901.452;1.0;1.012;1.0;912.576;
28;2025-11-21;10;680.333;1.0;1.012;1.0;688.318;
28;2025-11-21;11;630.52;1.0;1.012;1.0;638.025;
28;2025-11-21;12;793.418;1.0;1.012;1.0;803.148;
28;2025-11-21;13;776.035;1.0;1.012;1.0;785.594;
28;2025-11-21;14;761.079;1.0;1.012;1.0;769.972;
28;2025-11-21;15;787.099;1.0;1.012;1.0;796.495;
28;2025-11-21;16;1020.942;1.0;1.012;1.0;1033.011;
28;2025-11-21;17;1078.558;1.0;1.012;1.0;1091.127;
28;2025-11-21;18;907.396;1.0;1.012;1.0;918.424;
28;2025-11-21;19;694.239;1.0;1.012;1.0;702.564;
28;2025-11-21;20;502.859;1.0;1.012;1.0;508.737;
28;2025-11-21;21;348.391;1.0;1.012;1.001;352.82;
28;2025-11-21;22;151.703;1.0;1.012;1.0;153.534;
28;2025-11-21;23;22.432;1.0;1.012;0.996;22.614;
28;2025-11-22;0;2.333;1.0;1.003;1.135;2.655;
28;2025-11-22;1;0.0;1.0;1.003;1.0;0.0;
28;2025-11-22;2;0.0;1.0;1.003;1.0;0.0;
28;2025-11-22;3;0.0;1.0;1.003;1.0;0.0;
28;2025-11-22;4;0.951;1.0;1.003;0.993;0.948;
28;2025-11-22;5;36.542;1.0;1.003;0.993;36.393;
28;2025-11-22;6;103.405;1.0;1.003;1.002;103.954;
28;2025-11-22;7;222.576;1.0;1.003;1.001;223.567;
28;2025-11-22;8;380.242;1.0;1.003;1.0;381.256;
28;2025-11-22;9;458.836;1.0;1.003;1.0;460.209;
28;2025-11-22;10;480.451;1.0;1.003;1.0;482.086;
28;2025-11-22;11;489.765;1.0;1.003;1.0;491.151;
28;2025-11-22;12;571.689;1.0;1.003;1.0;573.644;
28;2025-11-22;13;594.316;1.0;1.003;1.0;595.817;
28;2025-11-22;14;591.888;1.0;1.003;1.0;593.425;
28;2025-11-22;15;588.295;1.0;1.003;0.999;589.761;
28;2025-11-22;16;567.952;1.0;1.003;1.001;570.045;
28;2025-11-22;17;576.285;1.0;1.003;1.0;578.104;
28;2025-11-22;18;497.171;1.0;1.003;0.999;498.331;
28;2025-11-22;19;406.564;1.0;1.003;1.0;407.82;
28;2025-11-22;20;303.109;1.0;1.003;1.001;304.279;
28;2025-11-22;21;270.343;1.0;1.003;1.001;271.34;
28;2025-11-22;22;128.883;1.0;1.003;1.0;129.297;
28;2025-11-22;23;17.904;1.0;1.003;0.993;17.831;
28;2025-11-23;0;2.731;1.0;1.015;1.105;3.064;
28;2025-11-23;1;0.0;1.0;1.015;1.0;0.0;
28;2025-11-23;2;0.0;1.0;1.015;1.0;0.0;
28;2025-11-23;3;0.0;1.0;1.015;1.0;0.0;
28;2025-11-23;4;0.39;1.0;1.015;0.0;0.0;
28;2025-11-23;5;32.045;1.0;1.015;0.992;32.26;
28;2025-11-23;6;86.284;1.0;1.015;0.996;87.207;
28;2025-11-23;7;160.393;1.0;1.015;1.001;163.011;
28;2025-11-23;8;258.977;1.0;1.015;0.999;262.786;
28;2025-11-23;9;353.112;1.0;1.015;1.0;358.544;
28;2025-11-23;10;394.619;1.0;1.015;0.999;400.179;
28;2025-11-23;11;435.024;1.0;1.015;0.999;441.407;
28;2025-11-23;12;476.114;1.0;1.015;1.001;483.656;
28;2025-11-23;13;556.952;1.0;1.015;1.0;565.379;
28;2025-11-23;14;536.23;1.0;1.015;1.001;544.834;
28;2025-11-23;15;532.091;1.0;1.015;1.0;540.01;
28;2025-11-23;16;495.001;1.0;1.015;1.0;502.708;
28;2025-11-23;17;500.387;1.0;1.015;1.001;508.412;
28;2025-11-23;18;435.964;1.0;1.015;1.001;442.898;
28;2025-11-23;19;379.585;1.0;1.015;1.0;385.289;
28;2025-11-23;20;302.546;1.0;1.015;1.001;307.575;
28;2025-11-23;21;250.695;1.0;1.015;0.998;254.073;
28;2025-11-23;22;112.455;1.0;1.015;0.998;113.939;
28;2025-11-23;23;13.905;1.0;1.015;1.005;14.194;
28;2025-11-24;0;2.441;1.0;0.969;1.128;2.671;
28;2025-11-24;1;0.439;1.0;0.969;1.58;0.672;
28;2025-11-24;2;0.0;1.0;0.969;1.0;0.0;
28;2025-11-24;3;0.0;1.0;0.969;1.0;0.0;
28;2025-11-24;4;2.033;1.0;0.969;0.687;1.354;
28;2025-11-24;5;81.848;1.0;0.969;1.005;79.76;
28;2025-11-24;6;271.784;1.0;0.969;1.0;263.526;
28;2025-11-24;7;819.067;1.0;0.969;1.0;794.096;
28;2025-11-24;8;1274.19;1.0;0.969;1.0;1235.333;
28;2025-11-24;9;870.549;1.0;0.969;0.999;843.476;
28;2025-11-24;10;640.92;1.0;0.969;1.0;621.04;
28;2025-11-24;11;580.567;1.0;0.969;1.0;563.015;
28;2025-11-24;12;706.254;1.0;0.969;1.0;684.902;
28;2025-11-24;13;727.426;1.0;0.969;1.001;705.597;
28;2025-11-24;14;672.212;1.0;0.969;1.0;651.433;
28;2025-11-24;15;703.63;1.0;0.969;0.999;681.739;
28;2025-11-24;16;880.803;1.0;0.969;1.0;854.0;
28;2025-11-24;17;1012.138;1.0;0.969;1.0;981.257;
28;2025-11-24;18;1002.791;1.0;0.969;1.0;972.522;
28;2025-11-24;19;754.093;1.0;0.969;1.0;731.191;
28;2025-11-24;20;526.91;1.0;0.969;1.0;510.536;
28;2025-11-24;21;324.774;1.0;0.969;1.001;315.114;
28;2025-11-24;22;133.618;1.0;0.969;1.004;129.996;
28;2025-11-24;23;18.011;1.0;0.969;1.008;17.608;
28;2025-11-25;0;2.441;1.0;1.015;1.128;2.797;
28;2025-11-25;1;0.439;1.0;1.015;1.58;0.704;
28;2025-11-25;2;0.0;1.0;1.015;1.0;0.0;
28;2025-11-25;3;0.0;1.0;1.015;1.0;0.0;
28;2025-11-25;4;2.033;1.0;1.015;0.687;1.418;
28;2025-11-25;5;81.848;1.0;1.015;1.005;83.531;
28;2025-11-25;6;271.784;1.0;1.015;1.0;275.986;
28;2025-11-25;7;819.067;1.0;1.015;1.0;831.643;
28;2025-11-25;8;1274.19;1.0;1.015;1.0;1293.744;
28;2025-11-25;9;870.549;1.0;1.015;0.999;883.359;
28;2025-11-25;10;640.92;1.0;1.015;1.0;650.405;
28;2025-11-25;11;580.567;1.0;1.015;1.0;589.636;
28;2025-11-25;12;706.254;1.0;1.015;1.0;717.287;
28;2025-11-25;13;727.426;1.0;1.015;1.001;738.961;
28;2025-11-25;14;672.212;1.0;1.015;1.0;682.235;
28;2025-11-25;15;703.63;1.0;1.015;0.999;713.974;
28;2025-11-25;16;880.803;1.0;1.015;1.0;894.38;
28;2025-11-25;17;1012.138;1.0;1.015;1.0;1027.654;
28;2025-11-25;18;1002.791;1.0;1.015;1.0;1018.507;
28;2025-11-25;19;754.093;1.0;1.015;1.0;765.764;
28;2025-11-25;20;526.91;1.0;1.015;1.0;534.676;
28;2025-11-25;21;324.774;1.0;1.015;1.001;330.014;
28;2025-11-25;22;133.618;1.0;1.015;1.004;136.143;
28;2025-11-25;23;18.011;1.0;1.015;1.008;18.441;
28;2025-11-26;0;2.441;1.0;0.966;1.128;2.662;
28;2025-11-26;1;0.439;1.0;0.966;1.58;0.67;
28;2025-11-26;2;0.0;1.0;0.966;1.0;0.0;
28;2025-11-26;3;0.0;1.0;0.966;1.0;0.0;
28;2025-11-26;4;2.033;1.0;0.966;0.687;1.35;
28;2025-11-26;5;81.848;1.0;0.966;1.005;79.497;
28;2025-11-26;6;271.784;1.0;0.966;1.0;262.658;
28;2025-11-26;7;819.067;1.0;0.966;1.0;791.479;
28;2025-11-26;8;1274.19;1.0;0.966;1.0;1231.263;
28;2025-11-26;9;870.549;1.0;0.966;0.999;840.697;
28;2025-11-26;10;640.92;1.0;0.966;1.0;618.994;
28;2025-11-26;11;580.567;1.0;0.966;1.0;561.16;
28;2025-11-26;12;706.254;1.0;0.966;1.0;682.646;
28;2025-11-26;13;727.426;1.0;0.966;1.001;703.273;
28;2025-11-26;14;672.212;1.0;0.966;1.0;649.287;
28;2025-11-26;15;703.63;1.0;0.966;0.999;679.493;
28;2025-11-26;16;880.803;1.0;0.966;1.0;851.186;
28;2025-11-26;17;1012.138;1.0;0.966;1.0;978.024;
28;2025-11-26;18;1002.791;1.0;0.966;1.0;969.318;
28;2025-11-26;19;754.093;1.0;0.966;1.0;728.782;
28;2025-11-26;20;526.91;1.0;0.966;1.0;508.854;
28;2025-11-26;21;324.774;1.0;0.966;1.001;314.076;
28;2025-11-26;22;133.618;1.0;0.966;1.004;129.568;
28;2025-11-26;23;18.011;1.0;0.966;1.008;17.55;
28;2025-11-27;0;2.441;1.0;0.976;1.128;2.688;
28;2025-11-27;1;0.439;1.0;0.976;1.58;0.677;
28;2025-11-27;2;0.0;1.0;0.976;1.0;0.0;
28;2025-11-27;3;0.0;1.0;0.976;1.0;0.0;
28;2025-11-27;4;2.033;1.0;0.976;0.687;1.363;
28;2025-11-27;5;81.848;1.0;0.976;1.005;80.288;
28;2025-11-27;6;271.784;1.0;0.976;1.0;265.271;
28;2025-11-27;7;819.067;1.0;0.976;1.0;799.354;
28;2025-11-27;8;1274.19;1.0;0.976;1.0;1243.513;
28;2025-11-27;9;870.549;1.0;0.976;0.999;849.062;
28;2025-11-27;10;640.92;1.0;0.976;1.0;625.152;
28;2025-11-27;11;580.567;1.0;0.976;1.0;566.743;
28;2025-11-27;12;706.254;1.0;0.976;1.0;689.437;
28;2025-11-27;13;727.426;1.0;0.976;1.001;710.27;
28;2025-11-27;14;672.212;1.0;0.976;1.0;655.746;
28;2025-11-27;15;703.63;1.0;0.976;0.999;686.254;
28;2025-11-27;16;880.803;1.0;0.976;1.0;859.655;
28;2025-11-27;17;1012.138;1.0;0.976;1.0;987.754;
28;2025-11-27;18;1002.791;1.0;0.976;1.0;978.962;
28;2025-11-27;19;754.093;1.0;0.976;1.0;736.033;
28;2025-11-27;20;526.91;1.0;0.976;1.0;513.917;
28;2025-11-27;21;324.774;1.0;0.976;1.001;317.201;
28;2025-11-27;22;133.618;1.0;0.976;1.004;130.857;
28;2025-11-27;23;18.011;1.0;0.976;1.008;17.725;
28;2025-11-28;0;2.533;1.0;1.015;1.139;2.928;
28;2025-11-28;1;0.0;1.0;1.015;1.0;0.0;
28;2025-11-28;2;0.0;1.0;1.015;1.0;0.0;
28;2025-11-28;3;0.0;1.0;1.015;1.0;0.0;
28;2025-11-28;4;1.838;1.0;1.015;1.328;2.478;
28;2025-11-28;5;84.181;1.0;1.015;1.003;85.711;
28;2025-11-28;6;289.029;1.0;1.015;1.001;293.659;
28;2025-11-28;7;874.604;1.0;1.015;1.0;888.267;
28;2025-11-28;8;1334.359;1.0;1.015;1.0;1354.299;
28;2025-11-28;9;901.452;1.0;1.015;1.0;915.592;
28;2025-11-28;10;680.333;1.0;1.015;1.0;690.593;
28;2025-11-28;11;630.52;1.0;1.015;1.0;640.134;
28;2025-11-28;12;793.418;1.0;1.015;1.0;805.803;
28;2025-11-28;13;776.035;1.0;1.015;1.0;788.191;
28;2025-11-28;14;761.079;1.0;1.015;1.0;772.517;
28;2025-11-28;15;787.099;1.0;1.015;1.0;799.128;
28;2025-11-28;16;1020.942;1.0;1.015;1.0;1036.425;
28;2025-11-28;17;1078.558;1.0;1.015;1.0;1094.734;
28;2025-11-28;18;907.396;1.0;1.015;1.0;921.46;
28;2025-11-28;19;694.239;1.0;1.015;1.0;704.886;
28;2025-11-28;20;502.859;1.0;1.015;1.0;510.419;
28;2025-11-28;21;348.391;1.0;1.015;1.001;353.986;
28;2025-11-28;22;151.703;1.0;1.015;1.0;154.042;
28;2025-11-28;23;22.432;1.0;1.015;0.996;22.689;
28;2025-11-29;0;2.333;1.0;1.015;1.135;2.688;
28;2025-11-29;1;0.0;1.0;1.015;1.0;0.0;
28;2025-11-29;2;0.0;1.0;1.015;1.0;0.0;
28;2025-11-29;3;0.0;1.0;1.015;1.0;0.0;
28;2025-11-29;4;0.951;1.0;1.015;0.993;0.959;
28;2025-11-29;5;36.542;1.0;1.015;0.993;36.836;
28;2025-11-29;6;103.405;1.0;1.015;1.002;105.219;
28;2025-11-29;7;222.576;1.0;1.015;1.001;226.289;
28;2025-11-29;8;380.242;1.0;1.015;1.0;385.897;
28;2025-11-29;9;458.836;1.0;1.015;1.0;465.812;
28;2025-11-29;10;480.451;1.0;1.015;1.0;487.955;
28;2025-11-29;11;489.765;1.0;1.015;1.0;497.13;
28;2025-11-29;12;571.689;1.0;1.015;1.0;580.627;
28;2025-11-29;13;594.316;1.0;1.015;1.0;603.07;
28;2025-11-29;14;591.888;1.0;1.015;1.0;600.649;
28;2025-11-29;15;588.295;1.0;1.015;0.999;596.94;
28;2025-11-29;16;567.952;1.0;1.015;1.001;576.984;
28;2025-11-29;17;576.285;1.0;1.015;1.0;585.142;
28;2025-11-29;18;497.171;1.0;1.015;0.999;504.397;
28;2025-11-29;19;406.564;1.0;1.015;1.0;412.785;
28;2025-11-29;20;303.109;1.0;1.015;1.001;307.983;
28;2025-11-29;21;270.343;1.0;1.015;1.001;274.643;
28;2025-11-29;22;128.883;1.0;1.015;1.0;130.871;
28;2025-11-29;23;17.904;1.0;1.015;0.993;18.048;
28;2025-11-30;0;2.731;1.0;1.015;1.105;3.064;
28;2025-11-30;1;0.0;1.0;1.015;1.0;0.0;
28;2025-11-30;2;0.0;1.0;1.015;1.0;0.0;
28;2025-11-30;3;0.0;1.0;1.015;1.0;0.0;
28;2025-11-30;4;0.39;1.0;1.015;0.0;0.0;
28;2025-11-30;5;32.045;1.0;1.015;0.992;32.26;
28;2025-11-30;6;86.284;1.0;1.015;0.996;87.207;
28;2025-11-30;7;160.393;1.0;1.015;1.001;163.011;
28;2025-11-30;8;258.977;1.0;1.015;0.999;262.786;
28;2025-11-30;9;353.112;1.0;1.015;1.0;358.544;
28;2025-11-30;10;394.619;1.0;1.015;0.999;400.179;
28;2025-11-30;11;435.024;1.0;1.015;0.999;441.407;
28;2025-11-30;12;476.114;1.0;1.015;1.001;483.656;
28;2025-11-30;13;556.952;1.0;1.015;1.0;565.379;
28;2025-11-30;14;536.23;1.0;1.015;1.001;544.834;
28;2025-11-30;15;532.091;1.0;1.015;1.0;540.01;
28;2025-11-30;16;495.001;1.0;1.015;1.0;502.708;
28;2025-11-30;17;500.387;1.0;1.015;1.001;508.412;
28;2025-11-30;18;435.964;1.0;1.015;1.001;442.898;
28;2025-11-30;19;379.585;1.0;1.015;1.0;385.289;
28;2025-11-30;20;302.546;1.0;1.015;1.001;307.575;
28;2025-11-30;21;250.695;1.0;1.015;0.998;254.073;
28;2025-11-30;22;112.455;1.0;1.015;0.998;113.939;
28;2025-11-30;23;13.905;1.0;1.015;1.005;14.194;
28;2025-12-01;0;2.441;1.0;1.015;1.128;2.797;
28;2025-12-01;1;0.439;1.0;1.015;1.58;0.704;
28;2025-12-01;2;0.0;1.0;1.015;1.0;0.0;
28;2025-12-01;3;0.0;1.0;1.015;1.0;0.0;
28;2025-12-01;4;2.033;1.0;1.015;0.687;1.418;
28;2025-12-01;5;81.848;1.0;1.015;1.005;83.531;
28;2025-12-01;6;271.784;1.0;1.015;1.0;275.986;
28;2025-12-01;7;819.067;1.0;1.015;1.0;831.643;
28;2025-12-01;8;1274.19;1.0;1.015;1.0;1293.744;
28;2025-12-01;9;870.549;1.0;1.015;0.999;883.359;
28;2025-12-01;10;640.92;1.0;1.015;1.0;650.405;
28;2025-12-01;11;580.567;1.0;1.015;1.0;589.636;
28;2025-12-01;12;706.254;1.0;1.015;1.0;717.287;
28;2025-12-01;13;727.426;1.0;1.015;1.001;738.961;
28;2025-12-01;14;672.212;1.0;1.015;1.0;682.235;
28;2025-12-01;15;703.63;1.0;1.015;0.999;713.974;
28;2025-12-01;16;880.803;1.0;1.015;1.0;894.38;
28;2025-12-01;17;1012.138;1.0;1.015;1.0;1027.654;
28;2025-12-01;18;1002.791;1.0;1.015;1.0;1018.507;
28;2025-12-01;19;754.093;1.0;1.015;1.0;765.764;
28;2025-12-01;20;526.91;1.0;1.015;1.0;534.676;
28;2025-12-01;21;324.774;1.0;1.015;1.001;330.014;
28;2025-12-01;22;133.618;1.0;1.015;1.004;136.143;
28;2025-12-01;23;18.011;1.0;1.015;1.008;18.441;
28;2025-12-02;0;2.441;1.0;1.015;1.128;2.797;
28;2025-12-02;1;0.439;1.0;1.015;1.58;0.704;
28;2025-12-02;2;0.0;1.0;1.015;1.0;0.0;
28;2025-12-02;3;0.0;1.0;1.015;1.0;0.0;
28;2025-12-02;4;2.033;1.0;1.015;0.687;1.418;
28;2025-12-02;5;81.848;1.0;1.015;1.005;83.531;
28;2025-12-02;6;271.784;1.0;1.015;1.0;275.986;
28;2025-12-02;7;819.067;1.0;1.015;1.0;831.643;
28;2025-12-02;8;1274.19;1.0;1.015;1.0;1293.744;
28;2025-12-02;9;870.549;1.0;1.015;0.999;883.359;
28;2025-12-02;10;640.92;1.0;1.015;1.0;650.405;
28;2025-12-02;11;580.567;1.0;1.015;1.0;589.636;
28;2025-12-02;12;706.254;1.0;1.015;1.0;717.287;
28;2025-12-02;13;727.426;1.0;1.015;1.001;738.961;
28;2025-12-02;14;672.212;1.0;1.015;1.0;682.235;
28;2025-12-02;15;703.63;1.0;1.015;0.999;713.974;
28;2025-12-02;16;880.803;1.0;1.015;1.0;894.38;
28;2025-12-02;17;1012.138;1.0;1.015;1.0;1027.654;
28;2025-12-02;18;1002.791;1.0;1.015;1.0;1018.507;
28;2025-12-02;19;754.093;1.0;1.015;1.0;765.764;
28;2025-12-02;20;526.91;1.0;1.015;1.0;534.676;
28;2025-12-02;21;324.774;1.0;1.015;1.001;330.014;
28;2025-12-02;22;133.618;1.0;1.015;1.004;136.143;
28;2025-12-02;23;18.011;1.0;1.015;1.008;18.441;
28;2025-12-03;0;2.441;1.0;1.015;1.128;2.797;
28;2025-12-03;1;0.439;1.0;1.015;1.58;0.704;
28;2025-12-03;2;0.0;1.0;1.015;1.0;0.0;
28;2025-12-03;3;0.0;1.0;1.015;1.0;0.0;
28;2025-12-03;4;2.033;1.0;1.015;0.687;1.418;
28;2025-12-03;5;81.848;1.0;1.015;1.005;83.531;
28;2025-12-03;6;271.784;1.0;1.015;1.0;275.986;
28;2025-12-03;7;819.067;1.0;1.015;1.0;831.643;
28;2025-12-03;8;1274.19;1.0;1.015;1.0;1293.744;
28;2025-12-03;9;870.549;1.0;1.015;0.999;883.359;
28;2025-12-03;10;640.92;1.0;1.015;1.0;650.405;
28;2025-12-03;11;580.567;1.0;1.015;1.0;589.636;
28;2025-12-03;12;706.254;1.0;1.015;1.0;717.287;
28;2025-12-03;13;727.426;1.0;1.015;1.001;738.961;
28;2025-12-03;14;672.212;1.0;1.015;1.0;682.235;
28;2025-12-03;15;703.63;1.0;1.015;0.999;713.974;
28;2025-12-03;16;880.803;1.0;1.015;1.0;894.38;
28;2025-12-03;17;1012.138;1.0;1.015;1.0;1027.654;
28;2025-12-03;18;1002.791;1.0;1.015;1.0;1018.507;
28;2025-12-03;19;754.093;1.0;1.015;1.0;765.764;
28;2025-12-03;20;526.91;1.0;1.015;1.0;534.676;
28;2025-12-03;21;324.774;1.0;1.015;1.001;330.014;
28;2025-12-03;22;133.618;1.0;1.015;1.004;136.143;
28;2025-12-03;23;18.011;1.0;1.015;1.008;18.441;
28;2025-12-04;0;2.441;1.0;1.015;1.128;2.797;
28;2025-12-04;1;0.439;1.0;1.015;1.58;0.704;
28;2025-12-04;2;0.0;1.0;1.015;1.0;0.0;
28;2025-12-04;3;0.0;1.0;1.015;1.0;0.0;
28;2025-12-04;4;2.033;1.0;1.015;0.687;1.418;
28;2025-12-04;5;81.848;1.0;1.015;1.005;83.531;
28;2025-12-04;6;271.784;1.0;1.015;1.0;275.986;
28;2025-12-04;7;819.067;1.0;1.015;1.0;831.643;
28;2025-12-04;8;1274.19;1.0;1.015;1.0;1293.744;
28;2025-12-04;9;870.549;1.0;1.015;0.999;883.359;
28;2025-12-04;10;640.92;1.0;1.015;1.0;650.405;
28;2025-12-04;11;580.567;1.0;1.015;1.0;589.636;
28;2025-12-04;12;706.254;1.0;1.015;1.0;717.287;
28;2025-12-04;13;727.426;1.0;1.015;1.001;738.961;
28;2025-12-04;14;672.212;1.0;1.015;1.0;682.235;
28;2025-12-04;15;703.63;1.0;1.015;0.999;713.974;
28;2025-12-04;16;880.803;1.0;1.015;1.0;894.38;
28;2025-12-04;17;1012.138;1.0;1.015;1.0;1027.654;
28;2025-12-04;18;1002.791;1.0;1.015;1.0;1018.507;
28;2025-12-04;19;754.093;1.0;1.015;1.0;765.764;
28;2025-12-04;20;526.91;1.0;1.015;1.0;534.676;
28;2025-12-04;21;324.774;1.0;1.015;1.001;330.014;
28;2025-12-04;22;133.618;1.0;1.015;1.004;136.143;
28;2025-12-04;23;18.011;1.0;1.015;1.008;18.441;
28;2025-12-05;0;2.533;1.0;1.015;1.139;2.928;
28;2025-12-05;1;0.0;1.0;1.015;1.0;0.0;
28;2025-12-05;2;0.0;1.0;1.015;1.0;0.0;
28;2025-12-05;3;0.0;1.0;1.015;1.0;0.0;
28;2025-12-05;4;1.838;1.0;1.015;1.328;2.478;
28;2025-12-05;5;84.181;1.0;1.015;1.003;85.711;
28;2025-12-05;6;289.029;1.0;1.015;1.001;293.659;
28;2025-12-05;7;874.604;1.0;1.015;1.0;888.267;
28;2025-12-05;8;1334.359;1.0;1.015;1.0;1354.299;
28;2025-12-05;9;901.452;1.0;1.015;1.0;915.592;
28;2025-12-05;10;680.333;1.0;1.015;1.0;690.593;
28;2025-12-05;11;630.52;1.0;1.015;1.0;640.134;
28;2025-12-05;12;793.418;1.0;1.015;1.0;805.803;
28;2025-12-05;13;776.035;1.0;1.015;1.0;788.191;
28;2025-12-05;14;761.079;1.0;1.015;1.0;772.517;
28;2025-12-05;15;787.099;1.0;1.015;1.0;799.128;
28;2025-12-05;16;1020.942;1.0;1.015;1.0;1036.425;
28;2025-12-05;17;1078.558;1.0;1.015;1.0;1094.734;
28;2025-12-05;18;907.396;1.0;1.015;1.0;921.46;
28;2025-12-05;19;694.239;1.0;1.015;1.0;704.886;
28;2025-12-05;20;502.859;1.0;1.015;1.0;510.419;
28;2025-12-05;21;348.391;1.0;1.015;1.001;353.986;
28;2025-12-05;22;151.703;1.0;1.015;1.0;154.042;
28;2025-12-05;23;22.432;1.0;1.015;0.996;22.689;
28;2025-12-06;0;2.333;1.0;1.015;1.135;2.688;
28;2025-12-06;1;0.0;1.0;1.015;1.0;0.0;
28;2025-12-06;2;0.0;1.0;1.015;1.0;0.0;
28;2025-12-06;3;0.0;1.0;1.015;1.0;0.0;
28;2025-12-06;4;0.951;1.0;1.015;0.993;0.959;
28;2025-12-06;5;36.542;1.0;1.015;0.993;36.836;
28;2025-12-06;6;103.405;1.0;1.015;1.002;105.219;
28;2025-12-06;7;222.576;1.0;1.015;1.001;226.289;
28;2025-12-06;8;380.242;1.0;1.015;1.0;385.897;
28;2025-12-06;9;458.836;1.0;1.015;1.0;465.812;
28;2025-12-06;10;480.451;1.0;1.015;1.0;487.955;
28;2025-12-06;11;489.765;1.0;1.015;1.0;497.13;
28;2025-12-06;12;571.689;1.0;1.015;1.0;580.627;
28;2025-12-06;13;594.316;1.0;1.015;1.0;603.07;
28;2025-12-06;14;591.888;1.0;1.015;1.0;600.649;
28;2025-12-06;15;588.295;1.0;1.015;0.999;596.94;
28;2025-12-06;16;567.952;1.0;1.015;1.001;576.984;
28;2025-12-06;17;576.285;1.0;1.015;1.0;585.142;
28;2025-12-06;18;497.171;1.0;1.015;0.999;504.397;
28;2025-12-06;19;406.564;1.0;1.015;1.0;412.785;
28;2025-12-06;20;303.109;1.0;1.015;1.001;307.983;
28;2025-12-06;21;270.343;1.0;1.015;1.001;274.643;
28;2025-12-06;22;128.883;1.0;1.015;1.0;130.871;
28;2025-12-06;23;17.904;1.0;1.015;0.993;18.048;
28;2025-12-07;0;2.731;1.0;1.015;1.105;3.064;
28;2025-12-07;1;0.0;1.0;1.015;1.0;0.0;
28;2025-12-07;2;0.0;1.0;1.015;1.0;0.0;
28;2025-12-07;3;0.0;1.0;1.015;1.0;0.0;
28;2025-12-07;4;0.39;1.0;1.015;0.0;0.0;
28;2025-12-07;5;32.045;1.0;1.015;0.992;32.26;
28;2025-12-07;6;86.284;1.0;1.015;0.996;87.207;
28;2025-12-07;7;160.393;1.0;1.015;1.001;163.011;
28;2025-12-07;8;258.977;1.0;1.015;0.999;262.786;
28;2025-12-07;9;353.112;1.0;1.015;1.0;358.544;
28;2025-12-07;10;394.619;1.0;1.015;0.999;400.179;
28;2025-12-07;11;435.024;1.0;1.015;0.999;441.407;
28;2025-12-07;12;476.114;1.0;1.015;1.001;483.656;
28;2025-12-07;13;556.952;1.0;1.015;1.0;565.379;
28;2025-12-07;14;536.23;1.0;1.015;1.001;544.834;
28;2025-12-07;15;532.091;1.0;1.015;1.0;540.01;
28;2025-12-07;16;495.001;1.0;1.015;1.0;502.708;
28;2025-12-07;17;500.387;1.0;1.015;1.001;508.412;
28;2025-12-07;18;435.964;1.0;1.015;1.001;442.898;
28;2025-12-07;19;379.585;1.0;1.015;1.0;385.289;
28;2025-12-07;20;302.546;1.0;1.015;1.001;307.575;
28;2025-12-07;21;250.695;1.0;1.015;0.998;254.073;
28;2025-12-07;22;112.455;1.0;1.015;0.998;113.939;
28;2025-12-07;23;13.905;1.0;1.015;1.005;14.194;
28;2025-12-08;0;2.441;1.0;1.015;1.128;2.797;
28;2025-12-08;1;0.439;1.0;1.015;1.58;0.704;
28;2025-12-08;2;0.0;1.0;1.015;1.0;0.0;
28;2025-12-08;3;0.0;1.0;1.015;1.0;0.0;
28;2025-12-08;4;2.033;1.0;1.015;0.687;1.418;
28;2025-12-08;5;81.848;1.0;1.015;1.005;83.531;
28;2025-12-08;6;271.784;1.0;1.015;1.0;275.986;
28;2025-12-08;7;819.067;1.0;1.015;1.0;831.643;
28;2025-12-08;8;1274.19;1.0;1.015;1.0;1293.744;
28;2025-12-08;9;870.549;1.0;1.015;0.999;883.359;
28;2025-12-08;10;640.92;1.0;1.015;1.0;650.405;
28;2025-12-08;11;580.567;1.0;1.015;1.0;589.636;
28;2025-12-08;12;706.254;1.0;1.015;1.0;717.287;
28;2025-12-08;13;727.426;1.0;1.015;1.001;738.961;
28;2025-12-08;14;672.212;1.0;1.015;1.0;682.235;
28;2025-12-08;15;703.63;1.0;1.015;0.999;713.974;
28;2025-12-08;16;880.803;1.0;1.015;1.0;894.38;
28;2025-12-08;17;1012.138;1.0;1.015;1.0;1027.654;
28;2025-12-08;18;1002.791;1.0;1.015;1.0;1018.507;
28;2025-12-08;19;754.093;1.0;1.015;1.0;765.764;
28;2025-12-08;20;526.91;1.0;1.015;1.0;534.676;
28;2025-12-08;21;324.774;1.0;1.015;1.001;330.014;
28;2025-12-08;22;133.618;1.0;1.015;1.004;136.143;
28;2025-12-08;23;18.011;1.0;1.015;1.008;18.441;
28;2025-12-09;0;2.441;1.0;1.015;1.128;2.797;
28;2025-12-09;1;0.439;1.0;1.015;1.58;0.704;
28;2025-12-09;2;0.0;1.0;1.015;1.0;0.0;
28;2025-12-09;3;0.0;1.0;1.015;1.0;0.0;
28;2025-12-09;4;2.033;1.0;1.015;0.687;1.418;
28;2025-12-09;5;81.848;1.0;1.015;1.005;83.531;
28;2025-12-09;6;271.784;1.0;1.015;1.0;275.986;
28;2025-12-09;7;819.067;1.0;1.015;1.0;831.643;
28;2025-12-09;8;1274.19;1.0;1.015;1.0;1293.744;
28;2025-12-09;9;870.549;1.0;1.015;0.999;883.359;
28;2025-12-09;10;640.92;1.0;1.015;1.0;650.405;
28;2025-12-09;11;580.567;1.0;1.015;1.0;589.636;
28;2025-12-09;12;706.254;1.0;1.015;1.0;717.287;
28;2025-12-09;13;727.426;1.0;1.015;1.001;738.961;
28;2025-12-09;14;672.212;1.0;1.015;1.0;682.235;
28;2025-12-09;15;703.63;1.0;1.015;0.999;713.974;
28;2025-12-09;16;880.803;1.0;1.015;1.0;894.38;
28;2025-12-09;17;1012.138;1.0;1.015;1.0;1027.654;
28;2025-12-09;18;1002.791;1.0;1.015;1.0;1018.507;
28;2025-12-09;19;754.093;1.0;1.015;1.0;765.764;
28;2025-12-09;20;526.91;1.0;1.015;1.0;534.676;
28;2025-12-09;21;324.774;1.0;1.015;1.001;330.014;
28;2025-12-09;22;133.618;1.0;1.015;1.004;136.143;
28;2025-12-09;23;18.011;1.0;1.015;1.008;18.441;
28;2025-12-10;0;2.441;1.0;1.006;1.128;2.772;
28;2025-12-10;1;0.439;1.0;1.006;1.58;0.698;
28;2025-12-10;2;0.0;1.0;1.006;1.0;0.0;
28;2025-12-10;3;0.0;1.0;1.006;1.0;0.0;
28;2025-12-10;4;2.033;1.0;1.006;0.687;1.406;
28;2025-12-10;5;81.848;1.0;1.006;1.005;82.799;
28;2025-12-10;6;271.784;1.0;1.006;1.0;273.568;
28;2025-12-10;7;819.067;1.0;1.006;1.0;824.357;
28;2025-12-10;8;1274.19;1.0;1.006;1.0;1282.409;
28;2025-12-10;9;870.549;1.0;1.006;0.999;875.62;
28;2025-12-10;10;640.92;1.0;1.006;1.0;644.707;
28;2025-12-10;11;580.567;1.0;1.006;1.0;584.47;
28;2025-12-10;12;706.254;1.0;1.006;1.0;711.003;
28;2025-12-10;13;727.426;1.0;1.006;1.001;732.487;
28;2025-12-10;14;672.212;1.0;1.006;1.0;676.258;
28;2025-12-10;15;703.63;1.0;1.006;0.999;707.719;
28;2025-12-10;16;880.803;1.0;1.006;1.0;886.544;
28;2025-12-10;17;1012.138;1.0;1.006;1.0;1018.651;
28;2025-12-10;18;1002.791;1.0;1.006;1.0;1009.583;
28;2025-12-10;19;754.093;1.0;1.006;1.0;759.055;
28;2025-12-10;20;526.91;1.0;1.006;1.0;529.991;
28;2025-12-10;21;324.774;1.0;1.006;1.001;327.122;
28;2025-12-10;22;133.618;1.0;1.006;1.004;134.95;
28;2025-12-10;23;18.011;1.0;1.006;1.008;18.279;
28;2025-12-11;0;2.441;1.0;0.971;1.128;2.673;
28;2025-12-11;1;0.439;1.0;0.971;1.58;0.673;
28;2025-12-11;2;0.0;1.0;0.971;1.0;0.0;
28;2025-12-11;3;0.0;1.0;0.971;1.0;0.0;
28;2025-12-11;4;2.033;1.0;0.971;0.687;1.356;
28;2025-12-11;5;81.848;1.0;0.971;1.005;79.847;
28;2025-12-11;6;271.784;1.0;0.971;1.0;263.816;
28;2025-12-11;7;819.067;1.0;0.971;1.0;794.97;
28;2025-12-11;8;1274.19;1.0;0.971;1.0;1236.693;
28;2025-12-11;9;870.549;1.0;0.971;0.999;844.405;
28;2025-12-11;10;640.92;1.0;0.971;1.0;621.724;
28;2025-12-11;11;580.567;1.0;0.971;1.0;563.634;
28;2025-12-11;12;706.254;1.0;0.971;1.0;685.656;
28;2025-12-11;13;727.426;1.0;0.971;1.001;706.374;
28;2025-12-11;14;672.212;1.0;0.971;1.0;652.15;
28;2025-12-11;15;703.63;1.0;0.971;0.999;682.489;
28;2025-12-11;16;880.803;1.0;0.971;1.0;854.94;
28;2025-12-11;17;1012.138;1.0;0.971;1.0;982.337;
28;2025-12-11;18;1002.791;1.0;0.971;1.0;973.592;
28;2025-12-11;19;754.093;1.0;0.971;1.0;731.995;
28;2025-12-11;20;526.91;1.0;0.971;1.0;511.098;
28;2025-12-11;21;324.774;1.0;0.971;1.001;315.461;
28;2025-12-11;22;133.618;1.0;0.971;1.004;130.139;
28;2025-12-11;23;18.011;1.0;0.971;1.008;17.628;
28;2025-12-12;0;2.533;1.0;0.978;1.139;2.821;
28;2025-12-12;1;0.0;1.0;0.978;1.0;0.0;
28;2025-12-12;2;0.0;1.0;0.978;1.0;0.0;
28;2025-12-12;3;0.0;1.0;0.978;1.0;0.0;
28;2025-12-12;4;1.838;1.0;0.978;1.328;2.387;
28;2025-12-12;5;84.181;1.0;0.978;1.003;82.565;
28;2025-12-12;6;289.029;1.0;0.978;1.001;282.879;
28;2025-12-12;7;874.604;1.0;0.978;1.0;855.66;
28;2025-12-12;8;1334.359;1.0;0.978;1.0;1304.584;
28;2025-12-12;9;901.452;1.0;0.978;1.0;881.981;
28;2025-12-12;10;680.333;1.0;0.978;1.0;665.242;
28;2025-12-12;11;630.52;1.0;0.978;1.0;616.635;
28;2025-12-12;12;793.418;1.0;0.978;1.0;776.222;
28;2025-12-12;13;776.035;1.0;0.978;1.0;759.257;
28;2025-12-12;14;761.079;1.0;0.978;1.0;744.158;
28;2025-12-12;15;787.099;1.0;0.978;1.0;769.793;
28;2025-12-12;16;1020.942;1.0;0.978;1.0;998.379;
28;2025-12-12;17;1078.558;1.0;0.978;1.0;1054.547;
28;2025-12-12;18;907.396;1.0;0.978;1.0;887.634;
28;2025-12-12;19;694.239;1.0;0.978;1.0;679.01;
28;2025-12-12;20;502.859;1.0;0.978;1.0;491.682;
28;2025-12-12;21;348.391;1.0;0.978;1.001;340.992;
28;2025-12-12;22;151.703;1.0;0.978;1.0;148.387;
28;2025-12-12;23;22.432;1.0;0.978;0.996;21.856;
28;2025-12-13;0;2.333;1.0;1.011;1.135;2.676;
28;2025-12-13;1;0.0;1.0;1.011;1.0;0.0;
28;2025-12-13;2;0.0;1.0;1.011;1.0;0.0;
28;2025-12-13;3;0.0;1.0;1.011;1.0;0.0;
28;2025-12-13;4;0.951;1.0;1.011;0.993;0.955;
28;2025-12-13;5;36.542;1.0;1.011;0.993;36.674;
28;2025-12-13;6;103.405;1.0;1.011;1.002;104.757;
28;2025-12-13;7;222.576;1.0;1.011;1.001;225.296;
28;2025-12-13;8;380.242;1.0;1.011;1.0;384.203;
28;2025-12-13;9;458.836;1.0;1.011;1.0;463.767;
28;2025-12-13;10;480.451;1.0;1.011;1.0;485.812;
28;2025-12-13;11;489.765;1.0;1.011;1.0;494.948;
28;2025-12-13;12;571.689;1.0;1.011;1.0;578.078;
28;2025-12-13;13;594.316;1.0;1.011;1.0;600.422;
28;2025-12-13;14;591.888;1.0;1.011;1.0;598.012;
28;2025-12-13;15;588.295;1.0;1.011;0.999;594.32;
28;2025-12-13;16;567.952;1.0;1.011;1.001;574.451;
28;2025-12-13;17;576.285;1.0;1.011;1.0;582.573;
28;2025-12-13;18;497.171;1.0;1.011;0.999;502.183;
28;2025-12-13;19;406.564;1.0;1.011;1.0;410.973;
28;2025-12-13;20;303.109;1.0;1.011;1.001;306.631;
28;2025-12-13;21;270.343;1.0;1.011;1.001;273.437;
28;2025-12-13;22;128.883;1.0;1.011;1.0;130.296;
28;2025-12-13;23;17.904;1.0;1.011;0.993;17.969;
28;2025-12-14;0;2.731;1.0;1.014;1.105;3.061;
28;2025-12-14;1;0.0;1.0;1.014;1.0;0.0;
28;2025-12-14;2;0.0;1.0;1.014;1.0;0.0;
28;2025-12-14;3;0.0;1.0;1.014;1.0;0.0;
28;2025-12-14;4;0.39;1.0;1.014;0.0;0.0;
28;2025-12-14;5;32.045;1.0;1.014;0.992;32.224;
28;2025-12-14;6;86.284;1.0;1.014;0.996;87.111;
28;2025-12-14;7;160.393;1.0;1.014;1.001;162.831;
28;2025-12-14;8;258.977;1.0;1.014;0.999;262.497;
28;2025-12-14;9;353.112;1.0;1.014;1.0;358.15;
28;2025-12-14;10;394.619;1.0;1.014;0.999;399.739;
28;2025-12-14;11;435.024;1.0;1.014;0.999;440.922;
28;2025-12-14;12;476.114;1.0;1.014;1.001;483.124;
28;2025-12-14;13;556.952;1.0;1.014;1.0;564.758;
28;2025-12-14;14;536.23;1.0;1.014;1.001;544.235;
28;2025-12-14;15;532.091;1.0;1.014;1.0;539.417;
28;2025-12-14;16;495.001;1.0;1.014;1.0;502.155;
28;2025-12-14;17;500.387;1.0;1.014;1.001;507.853;
28;2025-12-14;18;435.964;1.0;1.014;1.001;442.411;
28;2025-12-14;19;379.585;1.0;1.014;1.0;384.865;
28;2025-12-14;20;302.546;1.0;1.014;1.001;307.236;
28;2025-12-14;21;250.695;1.0;1.014;0.998;253.794;
28;2025-12-14;22;112.455;1.0;1.014;0.998;113.814;
28;2025-12-14;23;13.905;1.0;1.014;1.005;14.179;
28;2025-12-15;0;2.441;1.0;1.014;1.128;2.794;
28;2025-12-15;1;0.439;1.0;1.014;1.58;0.703;
28;2025-12-15;2;0.0;1.0;1.014;1.0;0.0;
28;2025-12-15;3;0.0;1.0;1.014;1.0;0.0;
28;2025-12-15;4;2.033;1.0;1.014;0.687;1.417;
28;2025-12-15;5;81.848;1.0;1.014;1.005;83.439;
28;2025-12-15;6;271.784;1.0;1.014;1.0;275.683;
28;2025-12-15;7;819.067;1.0;1.014;1.0;830.729;
28;2025-12-15;8;1274.19;1.0;1.014;1.0;1292.322;
28;2025-12-15;9;870.549;1.0;1.014;0.999;882.388;
28;2025-12-15;10;640.92;1.0;1.014;1.0;649.69;
28;2025-12-15;11;580.567;1.0;1.014;1.0;588.988;
28;2025-12-15;12;706.254;1.0;1.014;1.0;716.498;
28;2025-12-15;13;727.426;1.0;1.014;1.001;738.148;
28;2025-12-15;14;672.212;1.0;1.014;1.0;681.485;
28;2025-12-15;15;703.63;1.0;1.014;0.999;713.189;
28;2025-12-15;16;880.803;1.0;1.014;1.0;893.397;
28;2025-12-15;17;1012.138;1.0;1.014;1.0;1026.524;
28;2025-12-15;18;1002.791;1.0;1.014;1.0;1017.387;
28;2025-12-15;19;754.093;1.0;1.014;1.0;764.922;
28;2025-12-15;20;526.91;1.0;1.014;1.0;534.088;
28;2025-12-15;21;324.774;1.0;1.014;1.001;329.651;
28;2025-12-15;22;133.618;1.0;1.014;1.004;135.993;
28;2025-12-15;23;18.011;1.0;1.014;1.008;18.421;
28;2025-12-16;0;2.441;1.0;1.0;1.128;2.754;
28;2025-12-16;1;0.439;1.0;1.0;1.58;0.693;
28;2025-12-16;2;0.0;1.0;1.0;1.0;0.0;
28;2025-12-16;3;0.0;1.0;1.0;1.0;0.0;
28;2025-12-16;4;2.033;1.0;1.0;0.687;1.396;
28;2025-12-16;5;81.848;1.0;1.0;1.005;82.254;
28;2025-12-16;6;271.784;1.0;1.0;1.0;271.769;
28;2025-12-16;7;819.067;1.0;1.0;1.0;818.934;
28;2025-12-16;8;1274.19;1.0;1.0;1.0;1273.973;
28;2025-12-16;9;870.549;1.0;1.0;0.999;869.86;
28;2025-12-16;10;640.92;1.0;1.0;1.0;640.466;
28;2025-12-16;11;580.567;1.0;1.0;1.0;580.625;
28;2025-12-16;12;706.254;1.0;1.0;1.0;706.325;
28;2025-12-16;13;727.426;1.0;1.0;1.001;727.668;
28;2025-12-16;14;672.212;1.0;1.0;1.0;671.809;
28;2025-12-16;15;703.63;1.0;1.0;0.999;703.063;
28;2025-12-16;16;880.803;1.0;1.0;1.0;880.712;
28;2025-12-16;17;1012.138;1.0;1.0;1.0;1011.95;
28;2025-12-16;18;1002.791;1.0;1.0;1.0;1002.942;
28;2025-12-16;19;754.093;1.0;1.0;1.0;754.062;
28;2025-12-16;20;526.91;1.0;1.0;1.0;526.505;
28;2025-12-16;21;324.774;1.0;1.0;1.001;324.97;
28;2025-12-16;22;133.618;1.0;1.0;1.004;134.062;
28;2025-12-16;23;18.011;1.0;1.0;1.008;18.159;
28;2025-12-17;0;2.441;1.0;1.015;1.128;2.797;
28;2025-12-17;1;0.439;1.0;1.015;1.58;0.704;
28;2025-12-17;2;0.0;1.0;1.015;1.0;0.0;
28;2025-12-17;3;0.0;1.0;1.015;1.0;0.0;
28;2025-12-17;4;2.033;1.0;1.015;0.687;1.418;
28;2025-12-17;5;81.848;1.0;1.015;1.005;83.531;
28;2025-12-17;6;271.784;1.0;1.015;1.0;275.986;
28;2025-12-17;7;819.067;1.0;1.015;1.0;831.643;
28;2025-12-17;8;1274.19;1.0;1.015;1.0;1293.744;
28;2025-12-17;9;870.549;1.0;1.015;0.999;883.359;
28;2025-12-17;10;640.92;1.0;1.015;1.0;650.405;
28;2025-12-17;11;580.567;1.0;1.015;1.0;589.636;
28;2025-12-17;12;706.254;1.0;1.015;1.0;717.287;
28;2025-12-17;13;727.426;1.0;1.015;1.001;738.961;
28;2025-12-17;14;672.212;1.0;1.015;1.0;682.235;
28;2025-12-17;15;703.63;1.0;1.015;0.999;713.974;
28;2025-12-17;16;880.803;1.0;1.015;1.0;894.38;
28;2025-12-17;17;1012.138;1.0;1.015;1.0;1027.654;
28;2025-12-17;18;1002.791;1.0;1.015;1.0;1018.507;
28;2025-12-17;19;754.093;1.0;1.015;1.0;765.764;
28;2025-12-17;20;526.91;1.0;1.015;1.0;534.676;
28;2025-12-17;21;324.774;1.0;1.015;1.001;330.014;
28;2025-12-17;22;133.618;1.0;1.015;1.004;136.143;
28;2025-12-17;23;18.011;1.0;1.015;1.008;18.441;
28;2025-12-18;0;2.441;1.0;1.015;1.128;2.797;
28;2025-12-18;1;0.439;1.0;1.015;1.58;0.704;
28;2025-12-18;2;0.0;1.0;1.015;1.0;0.0;
28;2025-12-18;3;0.0;1.0;1.015;1.0;0.0;
28;2025-12-18;4;2.033;1.0;1.015;0.687;1.418;
28;2025-12-18;5;81.848;1.0;1.015;1.005;83.531;
28;2025-12-18;6;271.784;1.0;1.015;1.0;275.986;
28;2025-12-18;7;819.067;1.0;1.015;1.0;831.643;
28;2025-12-18;8;1274.19;1.0;1.015;1.0;1293.744;
28;2025-12-18;9;870.549;1.0;1.015;0.999;883.359;
28;2025-12-18;10;640.92;1.0;1.015;1.0;650.405;
28;2025-12-18;11;580.567;1.0;1.015;1.0;589.636;
28;2025-12-18;12;706.254;1.0;1.015;1.0;717.287;
28;2025-12-18;13;727.426;1.0;1.015;1.001;738.961;
28;2025-12-18;14;672.212;1.0;1.015;1.0;682.235;
28;2025-12-18;15;703.63;1.0;1.015;0.999;713.974;
28;2025-12-18;16;880.803;1.0;1.015;1.0;894.38;
28;2025-12-18;17;1012.138;1.0;1.015;1.0;1027.654;
28;2025-12-18;18;1002.791;1.0;1.015;1.0;1018.507;
28;2025-12-18;19;754.093;1.0;1.015;1.0;765.764;
28;2025-12-18;20;526.91;1.0;1.015;1.0;534.676;
28;2025-12-18;21;324.774;1.0;1.015;1.001;330.014;
28;2025-12-18;22;133.618;1.0;1.015;1.004;136.143;
28;2025-12-18;23;18.011;1.0;1.015;1.008;18.441;
28;2025-12-19;0;2.533;1.0;1.013;1.139;2.922;
28;2025-12-19;1;0.0;1.0;1.013;1.0;0.0;
28;2025-12-19;2;0.0;1.0;1.013;1.0;0.0;
28;2025-12-19;3;0.0;1.0;1.013;1.0;0.0;
28;2025-12-19;4;1.838;1.0;1.013;1.328;2.473;
28;2025-12-19;5;84.181;1.0;1.013;1.003;85.523;
28;2025-12-19;6;289.029;1.0;1.013;1.001;293.014;
28;2025-12-19;7;874.604;1.0;1.013;1.0;886.315;
28;2025-12-19;8;1334.359;1.0;1.013;1.0;1351.323;
28;2025-12-19;9;901.452;1.0;1.013;1.0;913.58;
28;2025-12-19;10;680.333;1.0;1.013;1.0;689.075;
28;2025-12-19;11;630.52;1.0;1.013;1.0;638.727;
28;2025-12-19;12;793.418;1.0;1.013;1.0;804.032;
28;2025-12-19;13;776.035;1.0;1.013;1.0;786.458;
28;2025-12-19;14;761.079;1.0;1.013;1.0;770.819;
28;2025-12-19;15;787.099;1.0;1.013;1.0;797.372;
28;2025-12-19;16;1020.942;1.0;1.013;1.0;1034.148;
28;2025-12-19;17;1078.558;1.0;1.013;1.0;1092.328;
28;2025-12-19;18;907.396;1.0;1.013;1.0;919.435;
28;2025-12-19;19;694.239;1.0;1.013;1.0;703.337;
28;2025-12-19;20;502.859;1.0;1.013;1.0;509.297;
28;2025-12-19;21;348.391;1.0;1.013;1.001;353.209;
28;2025-12-19;22;151.703;1.0;1.013;1.0;153.703;
28;2025-12-19;23;22.432;1.0;1.013;0.996;22.639;
28;2025-12-20;0;2.333;1.0;1.015;1.135;2.688;
28;2025-12-20;1;0.0;1.0;1.015;1.0;0.0;
28;2025-12-20;2;0.0;1.0;1.015;1.0;0.0;
28;2025-12-20;3;0.0;1.0;1.015;1.0;0.0;
28;2025-12-20;4;0.951;1.0;1.015;0.993;0.959;
28;2025-12-20;5;36.542;1.0;1.015;0.993;36.836;
28;2025-12-20;6;103.405;1.0;1.015;1.002;105.219;
28;2025-12-20;7;222.576;1.0;1.015;1.001;226.289;
28;2025-12-20;8;380.242;1.0;1.015;1.0;385.897;
28;2025-12-20;9;458.836;1.0;1.015;1.0;465.812;
28;2025-12-20;10;480.451;1.0;1.015;1.0;487.955;
28;2025-12-20;11;489.765;1.0;1.015;1.0;497.13;
28;2025-12-20;12;571.689;1.0;1.015;1.0;580.627;
28;2025-12-20;13;594.316;1.0;1.015;1.0;603.07;
28;2025-12-20;14;591.888;1.0;1.015;1.0;600.649;
28;2025-12-20;15;588.295;1.0;1.015;0.999;596.94;
28;2025-12-20;16;567.952;1.0;1.015;1.001;576.984;
28;2025-12-20;17;576.285;1.0;1.015;1.0;585.142;
28;2025-12-20;18;497.171;1.0;1.015;0.999;504.397;
28;2025-12-20;19;406.564;1.0;1.015;1.0;412.785;
28;2025-12-20;20;303.109;1.0;1.015;1.001;307.983;
28;2025-12-20;21;270.343;1.0;1.015;1.001;274.643;
28;2025-12-20;22;128.883;1.0;1.015;1.0;130.871;
28;2025-12-20;23;17.904;1.0;1.015;0.993;18.048;
28;2025-12-21;0;2.731;1.0;1.011;1.105;3.051;
28;2025-12-21;1;0.0;1.0;1.011;1.0;0.0;
28;2025-12-21;2;0.0;1.0;1.011;1.0;0.0;
28;2025-12-21;3;0.0;1.0;1.011;1.0;0.0;
28;2025-12-21;4;0.39;1.0;1.011;0.0;0.0;
28;2025-12-21;5;32.045;1.0;1.011;0.992;32.118;
28;2025-12-21;6;86.284;1.0;1.011;0.996;86.824;
28;2025-12-21;7;160.393;1.0;1.011;1.001;162.295;
28;2025-12-21;8;258.977;1.0;1.011;0.999;261.632;
28;2025-12-21;9;353.112;1.0;1.011;1.0;356.97;
28;2025-12-21;10;394.619;1.0;1.011;0.999;398.422;
28;2025-12-21;11;435.024;1.0;1.011;0.999;439.469;
28;2025-12-21;12;476.114;1.0;1.011;1.001;481.532;
28;2025-12-21;13;556.952;1.0;1.011;1.0;562.897;
28;2025-12-21;14;536.23;1.0;1.011;1.001;542.442;
28;2025-12-21;15;532.091;1.0;1.011;1.0;537.64;
28;2025-12-21;16;495.001;1.0;1.011;1.0;500.501;
28;2025-12-21;17;500.387;1.0;1.011;1.001;506.18;
28;2025-12-21;18;435.964;1.0;1.011;1.001;440.953;
28;2025-12-21;19;379.585;1.0;1.011;1.0;383.597;
28;2025-12-21;20;302.546;1.0;1.011;1.001;306.224;
28;2025-12-21;21;250.695;1.0;1.011;0.998;252.958;
28;2025-12-21;22;112.455;1.0;1.011;0.998;113.439;
28;2025-12-21;23;13.905;1.0;1.011;1.005;14.132;
28;2025-12-22;0;2.441;1.0;1.006;1.128;2.772;
28;2025-12-22;1;0.439;1.0;1.006;1.58;0.698;
28;2025-12-22;2;0.0;1.0;1.006;1.0;0.0;
28;2025-12-22;3;0.0;1.0;1.006;1.0;0.0;
28;2025-12-22;4;2.033;1.0;1.006;0.687;1.406;
28;2025-12-22;5;81.848;1.0;1.006;1.005;82.799;
28;2025-12-22;6;271.784;1.0;1.006;1.0;273.568;
28;2025-12-22;7;819.067;1.0;1.006;1.0;824.357;
28;2025-12-22;8;1274.19;1.0;1.006;1.0;1282.409;
28;2025-12-22;9;870.549;1.0;1.006;0.999;875.62;
28;2025-12-22;10;640.92;1.0;1.006;1.0;644.707;
28;2025-12-22;11;580.567;1.0;1.006;1.0;584.47;
28;2025-12-22;12;706.254;1.0;1.006;1.0;711.003;
28;2025-12-22;13;727.426;1.0;1.006;1.001;732.487;
28;2025-12-22;14;672.212;1.0;1.006;1.0;676.258;
28;2025-12-22;15;703.63;1.0;1.006;0.999;707.719;
28;2025-12-22;16;880.803;1.0;1.006;1.0;886.544;
28;2025-12-22;17;1012.138;1.0;1.006;1.0;1018.651;
28;2025-12-22;18;1002.791;1.0;1.006;1.0;1009.583;
28;2025-12-22;19;754.093;1.0;1.006;1.0;759.055;
28;2025-12-22;20;526.91;1.0;1.006;1.0;529.991;
28;2025-12-22;21;324.774;1.0;1.006;1.001;327.122;
28;2025-12-22;22;133.618;1.0;1.006;1.004;134.95;
28;2025-12-22;23;18.011;1.0;1.006;1.008;18.279;
28;2025-12-23;0;2.441;1.0;0.981;1.128;2.703;
28;2025-12-23;1;0.439;1.0;0.981;1.58;0.68;
28;2025-12-23;2;0.0;1.0;0.981;1.0;0.0;
28;2025-12-23;3;0.0;1.0;0.981;1.0;0.0;
28;2025-12-23;4;2.033;1.0;0.981;0.687;1.371;
28;2025-12-23;5;81.848;1.0;0.981;1.005;80.739;
28;2025-12-23;6;271.784;1.0;0.981;1.0;266.761;
28;2025-12-23;7;819.067;1.0;0.981;1.0;803.843;
28;2025-12-23;8;1274.19;1.0;0.981;1.0;1250.497;
28;2025-12-23;9;870.549;1.0;0.981;0.999;853.83;
28;2025-12-23;10;640.92;1.0;0.981;1.0;628.663;
28;2025-12-23;11;580.567;1.0;0.981;1.0;569.926;
28;2025-12-23;12;706.254;1.0;0.981;1.0;693.309;
28;2025-12-23;13;727.426;1.0;0.981;1.001;714.259;
28;2025-12-23;14;672.212;1.0;0.981;1.0;659.429;
28;2025-12-23;15;703.63;1.0;0.981;0.999;690.107;
28;2025-12-23;16;880.803;1.0;0.981;1.0;864.482;
28;2025-12-23;17;1012.138;1.0;0.981;1.0;993.301;
28;2025-12-23;18;1002.791;1.0;0.981;1.0;984.459;
28;2025-12-23;19;754.093;1.0;0.981;1.0;740.166;
28;2025-12-23;20;526.91;1.0;0.981;1.0;516.803;
28;2025-12-23;21;324.774;1.0;0.981;1.001;318.982;
28;2025-12-23;22;133.618;1.0;0.981;1.004;131.592;
28;2025-12-23;23;18.011;1.0;0.981;1.008;17.825;
28;2025-12-24;0;2.441;1.0;0.976;1.128;2.688;
28;2025-12-24;1;0.439;1.0;0.976;1.58;0.677;
28;2025-12-24;2;0.0;1.0;0.976;1.0;0.0;
28;2025-12-24;3;0.0;1.0;0.976;1.0;0.0;
28;2025-12-24;4;2.033;1.0;0.976;0.687;1.363;
28;2025-12-24;5;81.848;1.0;0.976;1.005;80.296;
28;2025-12-24;6;271.784;1.0;0.976;1.0;265.297;
28;2025-12-24;7;819.067;1.0;0.976;1.0;799.434;
28;2025-12-24;8;1274.19;1.0;0.976;1.0;1243.638;
28;2025-12-24;9;870.549;1.0;0.976;0.999;849.147;
28;2025-12-24;10;640.92;1.0;0.976;1.0;625.215;
28;2025-12-24;11;580.567;1.0;0.976;1.0;566.8;
28;2025-12-24;12;706.254;1.0;0.976;1.0;689.506;
28;2025-12-24;13;727.426;1.0;0.976;1.001;710.341;
28;2025-12-24;14;672.212;1.0;0.976;1.0;655.812;
28;2025-12-24;15;703.63;1.0;0.976;0.999;686.322;
28;2025-12-24;16;880.803;1.0;0.976;1.0;859.741;
28;2025-12-24;17;1012.138;1.0;0.976;1.0;987.853;
28;2025-12-24;18;1002.791;1.0;0.976;1.0;979.06;
28;2025-12-24;19;754.093;1.0;0.976;1.0;736.106;
28;2025-12-24;20;526.91;1.0;0.976;1.0;513.968;
28;2025-12-24;21;324.774;1.0;0.976;1.001;317.232;
28;2025-12-24;22;133.618;1.0;0.976;1.004;130.87;
28;2025-12-24;23;18.011;1.0;0.976;1.008;17.727;
28;2025-12-25;0;2.441;1.0;0.998;1.128;2.748;
28;2025-12-25;1;0.439;1.0;0.998;1.58;0.692;
28;2025-12-25;2;0.0;1.0;0.998;1.0;0.0;
28;2025-12-25;3;0.0;1.0;0.998;1.0;0.0;
28;2025-12-25;4;2.033;1.0;0.998;0.687;1.393;
28;2025-12-25;5;81.848;1.0;0.998;1.005;82.074;
28;2025-12-25;6;271.784;1.0;0.998;1.0;271.171;
28;2025-12-25;7;819.067;1.0;0.998;1.0;817.135;
28;2025-12-25;8;1274.19;1.0;0.998;1.0;1271.174;
28;2025-12-25;9;870.549;1.0;0.998;0.999;867.948;
28;2025-12-25;10;640.92;1.0;0.998;1.0;639.058;
28;2025-12-25;11;580.567;1.0;0.998;1.0;579.349;
28;2025-12-25;12;706.254;1.0;0.998;1.0;704.773;
28;2025-12-25;13;727.426;1.0;0.998;1.001;726.069;
28;2025-12-25;14;672.212;1.0;0.998;1.0;670.333;
28;2025-12-25;15;703.63;1.0;0.998;0.999;701.518;
28;2025-12-25;16;880.803;1.0;0.998;1.0;878.777;
28;2025-12-25;17;1012.138;1.0;0.998;1.0;1009.726;
28;2025-12-25;18;1002.791;1.0;0.998;1.0;1000.738;
28;2025-12-25;19;754.093;1.0;0.998;1.0;752.405;
28;2025-12-25;20;526.91;1.0;0.998;1.0;525.348;
28;2025-12-25;21;324.774;1.0;0.998;1.001;324.256;
28;2025-12-25;22;133.618;1.0;0.998;1.004;133.768;
28;2025-12-25;23;18.011;1.0;0.998;1.008;18.119;
28;2025-12-26;0;2.533;1.0;0.96;1.139;2.769;
28;2025-12-26;1;0.0;1.0;0.96;1.0;0.0;
28;2025-12-26;2;0.0;1.0;0.96;1.0;0.0;
28;2025-12-26;3;0.0;1.0;0.96;1.0;0.0;
28;2025-12-26;4;1.838;1.0;0.96;1.328;2.343;
28;2025-12-26;5;84.181;1.0;0.96;1.003;81.035;
28;2025-12-26;6;289.029;1.0;0.96;1.001;277.638;
28;2025-12-26;7;874.604;1.0;0.96;1.0;839.807;
28;2025-12-26;8;1334.359;1.0;0.96;1.0;1280.415;
28;2025-12-26;9;901.452;1.0;0.96;1.0;865.641;
28;2025-12-26;10;680.333;1.0;0.96;1.0;652.917;
28;2025-12-26;11;630.52;1.0;0.96;1.0;605.211;
28;2025-12-26;12;793.418;1.0;0.96;1.0;761.842;
28;2025-12-26;13;776.035;1.0;0.96;1.0;745.191;
28;2025-12-26;14;761.079;1.0;0.96;1.0;730.372;
28;2025-12-26;15;787.099;1.0;0.96;1.0;755.531;
28;2025-12-26;16;1020.942;1.0;0.96;1.0;979.883;
28;2025-12-26;17;1078.558;1.0;0.96;1.0;1035.01;
28;2025-12-26;18;907.396;1.0;0.96;1.0;871.19;
28;2025-12-26;19;694.239;1.0;0.96;1.0;666.431;
28;2025-12-26;20;502.859;1.0;0.96;1.0;482.572;
28;2025-12-26;21;348.391;1.0;0.96;1.001;334.675;
28;2025-12-26;22;151.703;1.0;0.96;1.0;145.638;
28;2025-12-26;23;22.432;1.0;0.96;0.996;21.451;
28;2025-12-27;0;2.333;1.0;1.013;1.135;2.682;
28;2025-12-27;1;0.0;1.0;1.013;1.0;0.0;
28;2025-12-27;2;0.0;1.0;1.013;1.0;0.0;
28;2025-12-27;3;0.0;1.0;1.013;1.0;0.0;
28;2025-12-27;4;0.951;1.0;1.013;0.993;0.957;
28;2025-12-27;5;36.542;1.0;1.013;0.993;36.755;
28;2025-12-27;6;103.405;1.0;1.013;1.002;104.988;
28;2025-12-27;7;222.576;1.0;1.013;1.001;225.792;
28;2025-12-27;8;380.242;1.0;1.013;1.0;385.049;
28;2025-12-27;9;458.836;1.0;1.013;1.0;464.788;
28;2025-12-27;10;480.451;1.0;1.013;1.0;486.882;
28;2025-12-27;11;489.765;1.0;1.013;1.0;496.038;
28;2025-12-27;12;571.689;1.0;1.013;1.0;579.351;
28;2025-12-27;13;594.316;1.0;1.013;1.0;601.744;
28;2025-12-27;14;591.888;1.0;1.013;1.0;599.329;
28;2025-12-27;15;588.295;1.0;1.013;0.999;595.629;
28;2025-12-27;16;567.952;1.0;1.013;1.001;575.716;
28;2025-12-27;17;576.285;1.0;1.013;1.0;583.856;
28;2025-12-27;18;497.171;1.0;1.013;0.999;503.289;
28;2025-12-27;19;406.564;1.0;1.013;1.0;411.878;
28;2025-12-27;20;303.109;1.0;1.013;1.001;307.307;
28;2025-12-27;21;270.343;1.0;1.013;1.001;274.039;
28;2025-12-27;22;128.883;1.0;1.013;1.0;130.583;
28;2025-12-27;23;17.904;1.0;1.013;0.993;18.008;
28;2025-12-28;0;2.731;1.0;0.994;1.105;3.001;
28;2025-12-28;1;0.0;1.0;0.994;1.0;0.0;
28;2025-12-28;2;0.0;1.0;0.994;1.0;0.0;
28;2025-12-28;3;0.0;1.0;0.994;1.0;0.0;
28;2025-12-28;4;0.39;1.0;0.994;0.0;0.0;
28;2025-12-28;5;32.045;1.0;0.994;0.992;31.592;
28;2025-12-28;6;86.284;1.0;0.994;0.996;85.403;
28;2025-12-28;7;160.393;1.0;0.994;1.001;159.639;
28;2025-12-28;8;258.977;1.0;0.994;0.999;257.351;
28;2025-12-28;9;353.112;1.0;0.994;1.0;351.129;
28;2025-12-28;10;394.619;1.0;0.994;0.999;391.902;
28;2025-12-28;11;435.024;1.0;0.994;0.999;432.277;
28;2025-12-28;12;476.114;1.0;0.994;1.001;473.652;
28;2025-12-28;13;556.952;1.0;0.994;1.0;553.686;
28;2025-12-28;14;536.23;1.0;0.994;1.001;533.565;
28;2025-12-28;15;532.091;1.0;0.994;1.0;528.841;
28;2025-12-28;16;495.001;1.0;0.994;1.0;492.31;
28;2025-12-28;17;500.387;1.0;0.994;1.001;497.897;
28;2025-12-28;18;435.964;1.0;0.994;1.001;433.737;
28;2025-12-28;19;379.585;1.0;0.994;1.0;377.32;
28;2025-12-28;20;302.546;1.0;0.994;1.001;301.213;
28;2025-12-28;21;250.695;1.0;0.994;0.998;248.818;
28;2025-12-28;22;112.455;1.0;0.994;0.998;111.582;
28;2025-12-28;23;13.905;1.0;0.994;1.005;13.901;
28;2025-12-29;0;2.441;0.88;0.998;0.855;1.832;
28;2025-12-29;1;0.439;0.88;0.998;1.795;0.692;
28;2025-12-29;2;0.0;0.88;0.998;1.0;0.0;
28;2025-12-29;3;0.0;0.88;0.998;1.0;0.0;
28;2025-12-29;4;2.033;0.88;0.998;0.781;1.393;
28;2025-12-29;5;81.848;0.88;0.998;0.996;71.551;
28;2025-12-29;6;271.784;0.88;0.998;1.001;238.761;
28;2025-12-29;7;819.067;0.88;0.998;1.0;718.747;
28;2025-12-29;8;1274.19;0.88;0.998;1.0;1118.554;
28;2025-12-29;9;870.549;0.88;0.998;1.0;764.422;
28;2025-12-29;10;640.92;0.88;0.998;1.0;562.413;
28;2025-12-29;11;580.567;0.88;0.998;1.0;509.499;
28;2025-12-29;12;706.254;0.88;0.998;1.0;619.801;
28;2025-12-29;13;727.426;0.88;0.998;1.0;638.776;
28;2025-12-29;14;672.212;0.88;0.998;1.0;590.053;
28;2025-12-29;15;703.63;0.88;0.998;1.0;617.74;
28;2025-12-29;16;880.803;0.88;0.998;1.0;773.599;
28;2025-12-29;17;1012.138;0.88;0.998;1.0;888.061;
28;2025-12-29;18;1002.791;0.88;0.998;1.0;880.297;
28;2025-12-29;19;754.093;0.88;0.998;1.0;661.957;
28;2025-12-29;20;526.91;0.88;0.998;1.001;462.831;
28;2025-12-29;21;324.774;0.88;0.998;1.0;285.105;
28;2025-12-29;22;133.618;0.88;0.998;1.004;117.761;
28;2025-12-29;23;18.011;0.88;0.998;0.955;15.099;
28;2025-12-30;0;2.441;0.88;0.978;0.855;1.796;
28;2025-12-30;1;0.439;0.88;0.978;1.795;0.678;
28;2025-12-30;2;0.0;0.88;0.978;1.0;0.0;
28;2025-12-30;3;0.0;0.88;0.978;1.0;0.0;
28;2025-12-30;4;2.033;0.88;0.978;0.781;1.366;
28;2025-12-30;5;81.848;0.88;0.978;0.996;70.149;
28;2025-12-30;6;271.784;0.88;0.978;1.001;234.08;
28;2025-12-30;7;819.067;0.88;0.978;1.0;704.656;
28;2025-12-30;8;1274.19;0.88;0.978;1.0;1096.625;
28;2025-12-30;9;870.549;0.88;0.978;1.0;749.435;
28;2025-12-30;10;640.92;0.88;0.978;1.0;551.386;
28;2025-12-30;11;580.567;0.88;0.978;1.0;499.51;
28;2025-12-30;12;706.254;0.88;0.978;1.0;607.649;
28;2025-12-30;13;727.426;0.88;0.978;1.0;626.253;
28;2025-12-30;14;672.212;0.88;0.978;1.0;578.485;
28;2025-12-30;15;703.63;0.88;0.978;1.0;605.629;
28;2025-12-30;16;880.803;0.88;0.978;1.0;758.432;
28;2025-12-30;17;1012.138;0.88;0.978;1.0;870.65;
28;2025-12-30;18;1002.791;0.88;0.978;1.0;863.038;
28;2025-12-30;19;754.093;0.88;0.978;1.0;648.979;
28;2025-12-30;20;526.91;0.88;0.978;1.001;453.757;
28;2025-12-30;21;324.774;0.88;0.978;1.0;279.515;
28;2025-12-30;22;133.618;0.88;0.978;1.004;115.453;
28;2025-12-30;23;18.011;0.88;0.978;0.955;14.803;
28;2025-12-31;0;2.66;0.8;1.001;0.709;1.51;
28;2025-12-31;1;0.0;0.8;1.001;1.0;0.0;
28;2025-12-31;2;0.0;0.8;1.001;1.0;0.0;
28;2025-12-31;3;0.0;0.8;1.001;1.0;0.0;
28;2025-12-31;4;1.52;0.8;1.001;1.241;1.51;
28;2025-12-31;5;41.603;0.8;1.001;0.986;32.862;
28;2025-12-31;6;117.568;0.8;1.001;0.995;93.684;
28;2025-12-31;7;224.279;0.8;1.001;1.001;179.827;
28;2025-12-31;8;406.329;0.8;1.001;1.001;325.811;
28;2025-12-31;9;451.279;0.8;1.001;1.0;361.308;
28;2025-12-31;10;488.396;0.8;1.001;0.999;390.6;
28;2025-12-31;11;496.572;0.8;1.001;1.001;397.898;
28;2025-12-31;12;623.534;0.8;1.001;1.001;499.641;
28;2025-12-31;13;604.019;0.8;1.001;1.0;483.57;
28;2025-12-31;14;569.302;0.8;1.001;1.0;456.026;
28;2025-12-31;15;617.34;0.8;1.001;0.999;493.812;
28;2025-12-31;16;645.396;0.8;1.001;1.0;516.659;
28;2025-12-31;17;579.569;0.8;1.001;0.999;463.703;
28;2025-12-31;18;507.643;0.8;1.001;1.0;406.568;
28;2025-12-31;19;369.851;0.8;1.001;0.999;295.95;
28;2025-12-31;20;289.457;0.8;1.001;0.0;0.0;free fare New Year night
28;2025-12-31;21;271.112;0.8;1.001;0.0;0.0;free fare New Year night
28;2025-12-31;22;103.192;0.8;1.001;0.0;0.0;free fare New Year night
28;2025-12-31;23;12.998;0.8;1.001;0.0;0.0;free fare New Year night
50;2025-11-01;0;35.08;0.8;1.015;1.96;55.84;
50;2025-11-01;1;1.21;0.8;1.015;6.2;6.092;
50;2025-11-01;2;0.0;0.8;1.015;1.0;0.0;
50;2025-11-01;3;0.0;0.8;1.015;1.0;0.0;
50;2025-11-01;4;3.629;0.8;1.015;1.033;3.046;
50;2025-11-01;5;66.773;0.8;1.015;0.992;53.81;
50;2025-11-01;6;492.575;0.8;1.015;1.0;400.02;
50;2025-11-01;7;1695.949;0.8;1.015;1.0;1377.735;
50;2025-11-01;8;2682.309;0.8;1.015;1.0;2178.791;
50;2025-11-01;9;2089.574;0.8;1.015;1.0;1697.548;
50;2025-11-01;10;1453.29;0.8;1.015;1.0;1180.77;
50;2025-11-01;11;1461.032;0.8;1.015;1.0;1186.862;
50;2025-11-01;12;1358.453;0.8;1.015;1.0;1103.609;
50;2025-11-01;13;1470.951;0.8;1.015;1.0;1194.984;
50;2025-11-01;14;1402.242;0.8;1.015;1.0;1139.144;
50;2025-11-01;15;1673.207;0.8;1.015;1.0;1359.46;
50;2025-11-01;16;2192.637;0.8;1.015;1.0;1780.801;
50;2025-11-01;17;2077.719;0.8;1.015;1.0;1687.395;
50;2025-11-01;18;1545.225;0.8;1.015;1.0;1254.886;
50;2025-11-01;19;1147.245;0.8;1.015;1.0;932.027;
50;2025-11-01;20;829.104;0.8;1.015;1.0;673.131;
50;2025-11-01;21;525.72;0.8;1.015;1.001;427.433;
50;2025-11-01;22;260.562;0.8;1.015;0.998;211.178;
50;2025-11-01;23;157.014;0.8;1.015;1.003;127.925;
50;2025-11-02;0;3.899;1.0;1.014;1.026;4.057;
50;2025-11-02;1;0.0;1.0;1.014;1.0;0.0;
50;2025-11-02;2;0.0;1.0;1.014;1.0;0.0;
50;2025-11-02;3;0.0;1.0;1.014;1.0;0.0;
50;2025-11-02;4;0.0;1.0;1.014;1.0;0.0;
50;2025-11-02;5;0.975;1.0;1.014;1.026;1.014;
50;2025-11-02;6;5.848;1.0;1.014;1.026;6.085;
50;2025-11-02;7;10.234;1.0;1.014;0.977;10.142;
50;2025-11-02;8;21.442;1.0;1.014;0.979;21.297;
50;2025-11-02;9;15.594;1.0;1.014;1.026;16.227;
50;2025-11-02;10;42.884;1.0;1.014;1.003;43.609;
50;2025-11-02;11;143.273;1.0;1.014;0.998;145.025;
50;2025-11-02;12;110.135;1.0;1.014;0.999;111.558;
50;2025-11-02;13;134.501;1.0;1.014;1.004;136.912;
50;2025-11-02;14;226.118;1.0;1.014;1.0;229.201;
50;2025-11-02;15;184.208;1.0;1.014;0.999;186.606;
50;2025-11-02;16;217.346;1.0;1.014;0.998;220.074;
50;2025-11-02;17;193.954;1.0;1.014;1.0;196.748;
50;2025-11-02;18;114.521;1.0;1.014;1.004;116.629;
50;2025-11-02;19;125.242;1.0;1.014;0.998;126.77;
50;2025-11-02;20;91.129;1.0;1.014;0.999;92.289;
50;2025-11-02;21;58.479;1.0;1.014;0.992;58.821;
50;2025-11-02;22;68.225;1.0;1.014;0.997;68.963;
50;2025-11-02;23;19.493;1.0;1.014;0.975;19.269;
50;2025-11-03;0;4.501;1.0;0.995;1.026;4.597;
50;2025-11-03;1;0.0;1.0;0.995;1.0;0.0;
50;2025-11-03;2;0.0;1.0;0.995;1.0;0.0;
50;2025-11-03;3;0.0;1.0;0.995;1.0;0.0;
50;2025-11-03;4;0.0;1.0;0.995;1.0;0.0;
50;2025-11-03;5;1.125;1.0;0.995;1.026;1.149;
50;2025-11-03;6;6.751;1.0;0.995;1.026;6.895;
50;2025-11-03;7;11.815;1.0;0.995;0.977;11.492;
50;2025-11-03;8;24.755;1.0;0.995;0.979;24.132;
50;2025-11-03;9;18.004;1.0;0.995;1.026;18.386;
50;2025-11-03;10;49.51;1.0;0.995;1.003;49.414;
50;2025-11-03;11;100.009;1.0;0.995;0.998;99.357;
50;2025-11-03;12;100.091;1.0;0.995;0.999;99.506;
50;2025-11-03;13;110.088;1.0;0.995;1.004;109.985;
50;2025-11-03;14;139.251;1.0;0.995;1.0;138.535;
50;2025-11-03;15;117.698;1.0;0.995;0.999;117.021;
50;2025-11-03;16;125.659;1.0;0.995;0.998;124.879;
50;2025-11-03;17;120.329;1.0;0.995;1.0;119.8;
50;2025-11-03;18;93.914;1.0;0.995;1.004;93.871;
50;2025-11-03;19;86.737;1.0;0.995;0.998;86.169;
50;2025-11-03;20;68.704;1.0;0.995;0.999;68.289;
50;2025-11-03;21;50.266;1.0;0.995;0.992;49.624;
50;2025-11-03;22;38.493;1.0;0.995;0.997;38.189;
50;2025-11-03;23;16.301;1.0;0.995;0.975;15.815;
50;2025-11-04;0;4.501;1.0;0.986;1.026;4.551;
50;2025-11-04;1;0.0;1.0;0.986;1.0;0.0;
50;2025-11-04;2;0.0;1.0;0.986;1.0;0.0;
50;2025-11-04;3;0.0;1.0;0.986;1.0;0.0;
50;2025-11-04;4;0.0;1.0;0.986;1.0;0.0;
50;2025-11-04;5;1.125;1.0;0.986;1.026;1.138;
50;2025-11-04;6;6.751;1.0;0.986;1.026;6.827;
50;2025-11-04;7;11.815;1.0;0.986;0.977;11.378;
50;2025-11-04;8;24.755;1.0;0.986;0.979;23.894;
50;2025-11-04;9;18.004;1.0;0.986;1.026;18.205;
50;2025-11-04;10;49.51;1.0;0.986;1.003;48.927;
50;2025-11-04;11;100.009;1.0;0.986;0.998;98.378;
50;2025-11-04;12;100.091;1.0;0.986;0.999;98.526;
50;2025-11-04;13;110.088;1.0;0.986;1.004;108.902;
50;2025-11-04;14;139.251;1.0;0.986;1.0;137.17;
50;2025-11-04;15;117.698;1.0;0.986;0.999;115.868;
50;2025-11-04;16;125.659;1.0;0.986;0.998;123.649;
50;2025-11-04;17;120.329;1.0;0.986;1.0;118.62;
50;2025-11-04;18;93.914;1.0;0.986;1.004;92.946;
50;2025-11-04;19;86.737;1.0;0.986;0.998;85.32;
50;2025-11-04;20;68.704;1.0;0.986;0.999;67.616;
50;2025-11-04;21;50.266;1.0;0.986;0.992;49.135;
50;2025-11-04;22;38.493;1.0;0.986;0.997;37.812;
50;2025-11-04;23;16.301;1.0;0.986;0.975;15.659;
50;2025-11-05;0;30.408;1.0;1.015;0.996;30.744;
50;2025-11-05;1;3.179;1.0;1.015;1.038;3.352;
50;2025-11-05;2;0.336;1.0;1.015;1.947;0.663;
50;2025-11-05;3;0.042;1.0;1.015;0.0;0.0;
50;2025-11-05;4;2.719;1.0;1.015;1.133;3.127;
50;2025-11-05;5;71.415;1.0;1.015;0.998;72.363;
50;2025-11-05;6;548.769;1.0;1.015;1.0;557.399;
50;2025-11-05;7;1766.433;1.0;1.015;1.0;1792.98;
50;2025-11-05;8;2758.156;1.0;1.015;1.0;2800.153;
50;2025-11-05;9;2160.058;1.0;1.015;1.0;2192.998;
50;2025-11-05;10;1666.068;1.0;1.015;1.0;1691.514;
50;2025-11-05;11;1539.8;1.0;1.015;1.0;1562.959;
50;2025-11-05;12;1434.516;1.0;1.015;1.0;1456.697;
50;2025-11-05;13;1465.388;1.0;1.015;1.0;1487.362;
50;2025-11-05;14;1420.945;1.0;1.015;1.0;1443.142;
50;2025-11-05;15;1638.774;1.0;1.015;1.0;1663.601;
50;2025-11-05;16;1690.843;1.0;1.015;1.0;1716.344;
50;2025-11-05;17;2364.208;1.0;1.015;1.0;2400.198;
50;2025-11-05;18;2479.993;1.0;1.015;1.0;2518.276;
50;2025-11-05;19;1470.129;1.0;1.015;1.0;1492.182;
50;2025-11-05;20;924.454;1.0;1.015;1.0;938.891;
50;2025-11-05;21;636.551;1.0;1.015;1.0;646.514;
50;2025-11-05;22;272.644;1.0;1.015;1.001;277.14;
50;2025-11-05;23;140.668;1.0;1.015;1.0;142.873;
50;2025-11-06;0;30.408;1.0;0.999;0.996;30.241;
50;2025-11-06;1;3.179;1.0;0.999;1.038;3.297;
50;2025-11-06;2;0.336;1.0;0.999;1.947;0.652;
50;2025-11-06;3;0.042;1.0;0.999;0.0;0.0;
50;2025-11-06;4;2.719;1.0;0.999;1.133;3.076;
50;2025-11-06;5;71.415;1.0;0.999;0.998;71.179;
50;2025-11-06;6;548.769;1.0;0.999;1.0;548.278;
50;2025-11-06;7;1766.433;1.0;0.999;1.0;1763.638;
50;2025-11-06;8;2758.156;1.0;0.999;1.0;2754.33;
50;2025-11-06;9;2160.058;1.0;0.999;1.0;2157.111;
50;2025-11-06;10;1666.068;1.0;0.999;1.0;1663.833;
50;2025-11-06;11;1539.8;1.0;0.999;1.0;1537.381;
50;2025-11-06;12;1434.516;1.0;0.999;1.0;1432.858;
50;2025-11-06;13;1465.388;1.0;0.999;1.0;1463.022;
50;2025-11-06;14;1420.945;1.0;0.999;1.0;1419.526;
50;2025-11-06;15;1638.774;1.0;0.999;1.0;1636.377;
50;2025-11-06;16;1690.843;1.0;0.999;1.0;1688.256;
50;2025-11-06;17;2364.208;1.0;0.999;1.0;2360.92;
50;2025-11-06;18;2479.993;1.0;0.999;1.0;2477.065;
50;2025-11-06;19;1470.129;1.0;0.999;1.0;1467.763;
50;2025-11-06;20;924.454;1.0;0.999;1.0;923.527;
50;2025-11-06;21;636.551;1.0;0.999;1.0;635.934;
50;2025-11-06;22;272.644;1.0;0.999;1.001;272.605;
50;2025-11-06;23;140.668;1.0;0.999;1.0;140.535;
50;2025-11-07;0;38.093;1.0;1.01;0.998;38.375;
50;2025-11-07;1;1.88;1.0;1.01;0.827;1.569;
50;2025-11-07;2;0.0;1.0;1.01;1.0;0.0;
50;2025-11-07;3;0.0;1.0;1.01;1.0;0.0;
50;2025-11-07;4;3.033;1.0;1.01;1.102;3.375;
50;2025-11-07;5;67.946;1.0;1.01;1.003;68.838;
50;2025-11-07;6;534.935;1.0;1.01;1.001;540.596;
50;2025-11-07;7;1716.617;1.0;1.01;1.0;1733.339;
50;2025-11-07;8;2679.69;1.0;1.01;1.0;2705.401;
50;2025-11-07;9;2055.435;1.0;1.01;1.0;2075.82;
50;2025-11-07;10;1543.206;1.0;1.01;1.0;1557.881;
50;2025-11-07;11;1558.803;1.0;1.01;1.0;1573.906;
50;2025-11-07;12;1495.402;1.0;1.01;1.0;1509.421;
50;2025-11-07;13;1515.241;1.0;1.01;1.0;1530.006;
50;2025-11-07;14;1447.155;1.0;1.01;1.0;1460.956;
50;2025-11-07;15;1761.216;1.0;1.01;1.0;1778.099;
50;2025-11-07;16;2136.912;1.0;1.01;1.0;2158.021;
50;2025-11-07;17;2140.018;1.0;1.01;1.0;2161.092;
50;2025-11-07;18;1726.115;1.0;1.01;1.0;1742.624;
50;2025-11-07;19;1218.56;1.0;1.01;1.0;1230.13;
50;2025-11-07;20;824.864;1.0;1.01;1.0;832.77;
50;2025-11-07;21;569.511;1.0;1.01;1.0;575.348;
50;2025-11-07;22;300.725;1.0;1.01;1.002;304.156;
50;2025-11-07;23;171.645;1.0;1.01;1.0;173.296;
50;2025-11-08;0;68.833;1.0;1.015;1.002;70.054;
50;2025-11-08;1;8.435;1.0;1.015;0.948;8.122;
50;2025-11-08;2;0.0;1.0;1.015;1.0;0.0;
50;2025-11-08;3;2.699;1.0;1.015;1.111;3.046;
50;2025-11-08;4;0.337;1.0;1.015;0.0;0.0;
50;2025-11-08;5;11.472;1.0;1.015;0.959;11.168;
50;2025-11-08;6;14.172;1.0;1.015;0.988;14.214;
50;2025-11-08;7;22.27;1.0;1.015;0.988;22.336;
50;2025-11-08;8;44.539;1.0;1.015;1.01;45.688;
50;2025-11-08;9;87.729;1.0;1.015;1.003;89.345;
50;2025-11-08;10;32.392;1.0;1.015;0.988;32.489;
50;2025-11-08;11;54.999;1.0;1.015;1.0;55.84;
50;2025-11-08;12;99.539;1.0;1.015;1.005;101.528;
50;2025-11-08;13;65.797;1.0;1.015;1.003;67.008;
50;2025-11-08;14;80.981;1.0;1.015;1.0;82.238;
50;2025-11-08;15;118.097;1.0;1.015;0.999;119.803;
50;2025-11-08;16;75.582;1.0;1.015;1.006;77.161;
50;2025-11-08;17;74.232;1.0;1.015;0.997;75.131;
50;2025-11-08;18;18.221;1.0;1.015;0.988;18.275;
50;2025-11-08;19;16.534;1.0;1.015;1.028;17.26;
50;2025-11-08;20;11.472;1.0;1.015;0.959;11.168;
50;2025-11-08;21;12.147;1.0;1.015;0.988;12.183;
50;2025-11-08;22;12.147;1.0;1.015;0.988;12.183;
50;2025-11-08;23;3.374;1.0;1.015;0.889;3.046;
50;2025-11-09;0;3.899;1.0;1.015;1.026;4.061;
50;2025-11-09;1;0.0;1.0;1.015;1.0;0.0;
50;2025-11-09;2;0.0;1.0;1.015;1.0;0.0;
50;2025-11-09;3;0.0;1.0;1.015;1.0;0.0;
50;2025-11-09;4;0.0;1.0;1.015;1.0;0.0;
50;2025-11-09;5;0.975;1.0;1.015;1.026;1.015;
50;2025-11-09;6;5.848;1.0;1.015;1.026;6.092;
50;2025-11-09;7;10.234;1.0;1.015;0.977;10.153;
50;2025-11-09;8;21.442;1.0;1.015;0.979;21.321;
50;2025-11-09;9;15.594;1.0;1.015;1.026;16.244;
50;2025-11-09;10;42.884;1.0;1.015;1.003;43.657;
50;2025-11-09;11;143.273;1.0;1.015;0.998;145.185;
50;2025-11-09;12;110.135;1.0;1.015;0.999;111.681;
50;2025-11-09;13;134.501;1.0;1.015;1.004;137.063;
50;2025-11-09;14;226.118;1.0;1.015;1.0;229.453;
50;2025-11-09;15;184.208;1.0;1.015;0.999;186.811;
50;2025-11-09;16;217.346;1.0;1.015;0.998;220.316;
50;2025-11-09;17;193.954;1.0;1.015;1.0;196.964;
50;2025-11-09;18;114.521;1.0;1.015;1.004;116.757;
50;2025-11-09;19;125.242;1.0;1.015;0.998;126.91;
50;2025-11-09;20;91.129;1.0;1.015;0.999;92.39;
50;2025-11-09;21;58.479;1.0;1.015;0.992;58.886;
50;2025-11-09;22;68.225;1.0;1.015;0.997;69.039;
50;2025-11-09;23;19.493;1.0;1.015;0.975;19.29;
50;2025-11-10;0;30.408;1.0;1.015;0.996;30.744;
50;2025-11-10;1;3.179;1.0;1.015;1.038;3.352;
50;2025-11-10;2;0.336;1.0;1.015;1.947;0.663;
50;2025-11-10;3;0.042;1.0;1.015;0.0;0.0;
50;2025-11-10;4;2.719;1.0;1.015;1.133;3.127;
50;2025-11-10;5;71.415;1.0;1.015;0.998;72.363;
50;2025-11-10;6;548.769;1.0;1.015;1.0;557.399;
50;2025-11-10;7;1766.433;1.0;1.015;1.0;1792.98;
50;2025-11-10;8;2758.156;1.0;1.015;1.0;2800.153;
50;2025-11-10;9;2160.058;1.0;1.015;1.0;2192.998;
50;2025-11-10;10;1666.068;1.0;1.015;1.0;1691.514;
50;2025-11-10;11;1539.8;1.0;1.015;1.0;1562.959;
50;2025-11-10;12;1434.516;1.0;1.015;1.0;1456.697;
50;2025-11-10;13;1465.388;1.0;1.015;1.0;1487.362;
50;2025-11-10;14;1420.945;1.0;1.015;1.0;1443.142;
50;2025-11-10;15;1638.774;1.0;1.015;1.0;1663.601;
50;2025-11-10;16;1690.843;1.0;1.015;1.0;1716.344;
50;2025-11-10;17;2364.208;1.0;1.015;1.0;2400.198;
50;2025-11-10;18;2479.993;1.0;1.015;1.0;2518.276;
50;2025-11-10;19;1470.129;1.0;1.015;1.0;1492.182;
50;2025-11-10;20;924.454;1.0;1.015;1.0;938.891;
50;2025-11-10;21;636.551;1.0;1.015;1.0;646.514;
50;2025-11-10;22;272.644;1.0;1.015;1.001;277.14;
50;2025-11-10;23;140.668;1.0;1.015;1.0;142.873;
50;2025-11-11;0;30.408;1.0;1.015;0.996;30.744;
50;2025-11-11;1;3.179;1.0;1.015;1.038;3.352;
50;2025-11-11;2;0.336;1.0;1.015;1.947;0.663;
50;2025-11-11;3;0.042;1.0;1.015;0.0;0.0;
50;2025-11-11;4;2.719;1.0;1.015;1.133;3.127;
50;2025-11-11;5;71.415;1.0;1.015;0.998;72.363;
50;2025-11-11;6;548.769;1.0;1.015;1.0;557.399;
50;2025-11-11;7;1766.433;1.0;1.015;1.0;1792.98;
50;2025-11-11;8;2758.156;1.0;1.015;1.0;2800.153;
50;2025-11-11;9;2160.058;1.0;1.015;1.0;2192.998;
50;2025-11-11;10;1666.068;1.0;1.015;1.0;1691.514;
50;2025-11-11;11;1539.8;1.0;1.015;1.0;1562.959;
50;2025-11-11;12;1434.516;1.0;1.015;1.0;1456.697;
50;2025-11-11;13;1465.388;1.0;1.015;1.0;1487.362;
50;2025-11-11;14;1420.945;1.0;1.015;1.0;1443.142;
50;2025-11-11;15;1638.774;1.0;1.015;1.0;1663.601;
50;2025-11-11;16;1690.843;1.0;1.015;1.0;1716.344;
50;2025-11-11;17;2364.208;1.0;1.015;1.0;2400.198;
50;2025-11-11;18;2479.993;1.0;1.015;1.0;2518.276;
50;2025-11-11;19;1470.129;1.0;1.015;1.0;1492.182;
50;2025-11-11;20;924.454;1.0;1.015;1.0;938.891;
50;2025-11-11;21;636.551;1.0;1.015;1.0;646.514;
50;2025-11-11;22;272.644;1.0;1.015;1.001;277.14;
50;2025-11-11;23;140.668;1.0;1.015;1.0;142.873;
50;2025-11-12;0;30.408;1.0;1.004;0.996;30.407;
50;2025-11-12;1;3.179;1.0;1.004;1.038;3.315;
50;2025-11-12;2;0.336;1.0;1.004;1.947;0.656;
50;2025-11-12;3;0.042;1.0;1.004;0.0;0.0;
50;2025-11-12;4;2.719;1.0;1.004;1.133;3.093;
50;2025-11-12;5;71.415;1.0;1.004;0.998;71.572;
50;2025-11-12;6;548.769;1.0;1.004;1.0;551.302;
50;2025-11-12;7;1766.433;1.0;1.004;1.0;1773.365;
50;2025-11-12;8;2758.156;1.0;1.004;1.0;2769.52;
50;2025-11-12;9;2160.058;1.0;1.004;1.0;2169.007;
50;2025-11-12;10;1666.068;1.0;1.004;1.0;1673.01;
50;2025-11-12;11;1539.8;1.0;1.004;1.0;1545.86;
50;2025-11-12;12;1434.516;1.0;1.004;1.0;1440.761;
50;2025-11-12;13;1465.388;1.0;1.004;1.0;1471.091;
50;2025-11-12;14;1420.945;1.0;1.004;1.0;1427.355;
50;2025-11-12;15;1638.774;1.0;1.004;1.0;1645.402;
50;2025-11-12;16;1690.843;1.0;1.004;1.0;1697.567;
50;2025-11-12;17;2364.208;1.0;1.004;1.0;2373.941;
50;2025-11-12;18;2479.993;1.0;1.004;1.0;2490.727;
50;2025-11-12;19;1470.129;1.0;1.004;1.0;1475.858;
50;2025-11-12;20;924.454;1.0;1.004;1.0;928.62;
50;2025-11-12;21;636.551;1.0;1.004;1.0;639.442;
50;2025-11-12;22;272.644;1.0;1.004;1.001;274.108;
50;2025-11-12;23;140.668;1.0;1.004;1.0;141.31;
50;2025-11-13;0;30.408;1.0;1.014;0.996;30.71;
50;2025-11-13;1;3.179;1.0;1.014;1.038;3.348;
50;2025-11-13;2;0.336;1.0;1.014;1.947;0.663;
50;2025-11-13;3;0.042;1.0;1.014;0.0;0.0;
50;2025-11-13;4;2.719;1.0;1.014;1.133;3.124;
50;2025-11-13;5;71.415;1.0;1.014;0.998;72.284;
50;2025-11-13;6;548.769;1.0;1.014;1.0;556.787;
50;2025-11-13;7;1766.433;1.0;1.014;1.0;1791.009;
50;2025-11-13;8;2758.156;1.0;1.014;1.0;2797.075;
50;2025-11-13;9;2160.058;1.0;1.014;1.0;2190.587;
50;2025-11-13;10;1666.068;1.0;1.014;1.0;1689.655;
50;2025-11-13;11;1539.8;1.0;1.014;1.0;1561.24;
50;2025-11-13;12;1434.516;1.0;1.014;1.0;1455.095;
50;2025-11-13;13;1465.388;1.0;1.014;1.0;1485.727;
50;2025-11-13;14;1420.945;1.0;1.014;1.0;1441.556;
50;2025-11-13;15;1638.774;1.0;1.014;1.0;1661.772;
50;2025-11-13;16;1690.843;1.0;1.014;1.0;1714.457;
50;2025-11-13;17;2364.208;1.0;1.014;1.0;2397.56;
50;2025-11-13;18;2479.993;1.0;1.014;1.0;2515.507;
50;2025-11-13;19;1470.129;1.0;1.014;1.0;1490.541;
50;2025-11-13;20;924.454;1.0;1.014;1.0;937.859;
50;2025-11-13;21;636.551;1.0;1.014;1.0;645.804;
50;2025-11-13;22;272.644;1.0;1.014;1.001;276.835;
50;2025-11-13;23;140.668;1.0;1.014;1.0;142.716;
50;2025-11-14;0;38.093;1.0;1.012;0.998;38.459;
50;2025-11-14;1;1.88;1.0;1.012;0.827;1.573;
50;2025-11-14;2;0.0;1.0;1.012;1.0;0.0;
50;2025-11-14;3;0.0;1.0;1.012;1.0;0.0;
50;2025-11-14;4;3.033;1.0;1.012;1.102;3.383;
50;2025-11-14;5;67.946;1.0;1.012;1.003;68.99;
50;2025-11-14;6;534.935;1.0;1.012;1.001;541.786;
50;2025-11-14;7;1716.617;1.0;1.012;1.0;1737.157;
50;2025-11-14;8;2679.69;1.0;1.012;1.0;2711.36;
50;2025-11-14;9;2055.435;1.0;1.012;1.0;2080.392;
50;2025-11-14;10;1543.206;1.0;1.012;1.0;1561.312;
50;2025-11-14;11;1558.803;1.0;1.012;1.0;1577.372;
50;2025-11-14;12;1495.402;1.0;1.012;1.0;1512.745;
50;2025-11-14;13;1515.241;1.0;1.012;1.0;1533.376;
50;2025-11-14;14;1447.155;1.0;1.012;1.0;1464.174;
50;2025-11-14;15;1761.216;1.0;1.012;1.0;1782.015;
50;2025-11-14;16;2136.912;1.0;1.012;1.0;2162.774;
50;2025-11-14;17;2140.018;1.0;1.012;1.0;2165.852;
50;2025-11-14;18;1726.115;1.0;1.012;1.0;1746.462;
50;2025-11-14;19;1218.56;1.0;1.012;1.0;1232.84;
50;2025-11-14;20;824.864;1.0;1.012;1.0;834.604;
50;2025-11-14;21;569.511;1.0;1.012;1.0;576.615;
50;2025-11-14;22;300.725;1.0;1.012;1.002;304.826;
50;2025-11-14;23;171.645;1.0;1.012;1.0;173.678;
50;2025-11-15;0;68.833;1.0;0.947;0.924;60.244;
50;2025-11-15;1;8.435;1.0;0.947;0.543;4.338;
50;2025-11-15;2;0.0;1.0;0.947;1.0;0.0;
50;2025-11-15;3;2.699;1.0;0.947;0.0;0.0;
50;2025-11-15;4;0.337;1.0;0.947;1.508;0.482;
50;2025-11-15;5;11.472;1.0;0.947;2.75;29.881;
50;2025-11-15;6;14.172;1.0;0.947;12.242;164.347;
50;2025-11-15;7;22.27;1.0;0.947;18.528;390.866;
50;2025-11-15;8;44.539;1.0;0.947;14.244;600.998;
50;2025-11-15;9;87.729;1.0;0.947;7.504;623.65;
50;2025-11-15;10;32.392;1.0;0.947;20.214;620.276;
50;2025-11-15;11;54.999;1.0;0.947;14.505;755.705;
50;2025-11-15;12;99.539;1.0;0.947;8.418;793.78;
50;2025-11-15;13;65.797;1.0;0.947;12.952;807.275;
50;2025-11-15;14;80.981;1.0;0.947;10.919;837.638;
50;2025-11-15;15;118.097;1.0;0.947;7.126;797.154;
50;2025-11-15;16;75.582;1.0;0.947;11.369;814.022;
50;2025-11-15;17;74.232;1.0;0.947;10.884;765.345;
50;2025-11-15;18;18.221;1.0;0.947;40.18;693.533;
50;2025-11-15;19;16.534;1.0;0.947;41.665;652.567;
50;2025-11-15;20;11.472;1.0;0.947;44.614;484.847;
50;2025-11-15;21;12.147;1.0;0.947;37.276;428.94;
50;2025-11-15;22;12.147;1.0;0.947;19.937;229.411;
50;2025-11-15;23;3.374;1.0;0.947;44.33;141.695;
50;2025-11-16;0;3.899;1.0;1.015;13.572;53.72;
50;2025-11-16;1;0.0;1.0;1.015;1.0;5.165;
50;2025-11-16;2;0.0;1.0;1.015;1.0;0.0;
50;2025-11-16;3;0.0;1.0;1.015;1.0;0.0;
50;2025-11-16;4;0.0;1.0;1.015;1.0;1.033;
50;2025-11-16;5;0.975;1.0;1.015;29.232;28.926;
50;2025-11-16;6;5.848;1.0;1.015;24.012;142.565;
50;2025-11-16;7;10.234;1.0;1.015;25.901;269.117;
50;2025-11-16;8;21.442;1.0;1.015;17.938;390.503;
50;2025-11-16;9;15.594;1.0;1.015;30.896;489.162;
50;2025-11-16;10;42.884;1.0;1.015;12.682;552.18;
50;2025-11-16;11;143.273;1.0;1.015;4.496;653.938;
50;2025-11-16;12;110.135;1.0;1.015;6.44;720.055;
50;2025-11-16;13;134.501;1.0;1.015;6.022;822.33;
50;2025-11-16;14;226.118;1.0;1.015;3.632;833.694;
50;2025-11-16;15;184.208;1.0;1.015;3.822;714.89;
50;2025-11-16;16;217.346;1.0;1.015;3.303;728.837;
50;2025-11-16;17;193.954;1.0;1.015;3.809;750.015;
50;2025-11-16;18;114.521;1.0;1.015;5.855;680.798;
50;2025-11-16;19;125.242;1.0;1.015;4.781;607.966;
50;2025-11-16;20;91.129;1.0;1.015;5.611;519.122;
50;2025-11-16;21;58.479;1.0;1.015;7.047;418.397;
50;2025-11-16;22;68.225;1.0;1.015;3.147;217.979;
50;2025-11-16;23;19.493;1.0;1.015;6.107;120.87;
50;2025-11-17;0;30.408;1.0;0.983;0.996;29.778;
50;2025-11-17;1;3.179;1.0;0.983;1.038;3.246;
50;2025-11-17;2;0.336;1.0;0.983;1.947;0.643;
50;2025-11-17;3;0.042;1.0;0.983;0.0;0.0;
50;2025-11-17;4;2.719;1.0;0.983;1.133;3.029;
50;2025-11-17;5;71.415;1.0;0.983;0.998;70.091;
50;2025-11-17;6;548.769;1.0;0.983;1.0;539.899;
50;2025-11-17;7;1766.433;1.0;0.983;1.0;1736.686;
50;2025-11-17;8;2758.156;1.0;0.983;1.0;2712.238;
50;2025-11-17;9;2160.058;1.0;0.983;1.0;2124.146;
50;2025-11-17;10;1666.068;1.0;0.983;1.0;1638.407;
50;2025-11-17;11;1539.8;1.0;0.983;1.0;1513.887;
50;2025-11-17;12;1434.516;1.0;0.983;1.0;1410.961;
50;2025-11-17;13;1465.388;1.0;0.983;1.0;1440.664;
50;2025-11-17;14;1420.945;1.0;0.983;1.0;1397.833;
50;2025-11-17;15;1638.774;1.0;0.983;1.0;1611.37;
50;2025-11-17;16;1690.843;1.0;0.983;1.0;1662.456;
50;2025-11-17;17;2364.208;1.0;0.983;1.0;2324.84;
50;2025-11-17;18;2479.993;1.0;0.983;1.0;2439.211;
50;2025-11-17;19;1470.129;1.0;0.983;1.0;1445.333;
50;2025-11-17;20;924.454;1.0;0.983;1.0;909.413;
50;2025-11-17;21;636.551;1.0;0.983;1.0;626.216;
50;2025-11-17;22;272.644;1.0;0.983;1.001;268.439;
50;2025-11-17;23;140.668;1.0;0.983;1.0;138.387;
50;2025-11-18;0;30.408;1.0;0.964;0.996;29.195;
50;2025-11-18;1;3.179;1.0;0.964;1.038;3.183;
50;2025-11-18;2;0.336;1.0;0.964;1.947;0.63;
50;2025-11-18;3;0.042;1.0;0.964;0.0;0.0;
50;2025-11-18;4;2.719;1.0;0.964;1.133;2.97;
50;2025-11-18;5;71.415;1.0;0.964;0.998;68.717;
50;2025-11-18;6;548.769;1.0;0.964;1.0;529.314;
50;2025-11-18;7;1766.433;1.0;0.964;1.0;1702.638;
50;2025-11-18;8;2758.156;1.0;0.964;1.0;2659.064;
50;2025-11-18;9;2160.058;1.0;0.964;1.0;2082.501;
50;2025-11-18;10;1666.068;1.0;0.964;1.0;1606.285;
50;2025-11-18;11;1539.8;1.0;0.964;1.0;1484.207;
50;2025-11-18;12;1434.516;1.0;0.964;1.0;1383.299;
50;2025-11-18;13;1465.388;1.0;0.964;1.0;1412.419;
50;2025-11-18;14;1420.945;1.0;0.964;1.0;1370.428;
50;2025-11-18;15;1638.774;1.0;0.964;1.0;1579.778;
50;2025-11-18;16;1690.843;1.0;0.964;1.0;1629.863;
50;2025-11-18;17;2364.208;1.0;0.964;1.0;2279.261;
50;2025-11-18;18;2479.993;1.0;0.964;1.0;2391.389;
50;2025-11-18;19;1470.129;1.0;0.964;1.0;1416.996;
50;2025-11-18;20;924.454;1.0;0.964;1.0;891.584;
50;2025-11-18;21;636.551;1.0;0.964;1.0;613.939;
50;2025-11-18;22;272.644;1.0;0.964;1.001;263.176;
50;2025-11-18;23;140.668;1.0;0.964;1.0;135.674;
50;2025-11-19;0;30.408;1.0;1.015;0.996;30.744;
50;2025-11-19;1;3.179;1.0;1.015;1.038;3.352;
50;2025-11-19;2;0.336;1.0;1.015;1.947;0.663;
50;2025-11-19;3;0.042;1.0;1.015;0.0;0.0;
50;2025-11-19;4;2.719;1.0;1.015;1.133;3.127;
50;2025-11-19;5;71.415;1.0;1.015;0.998;72.363;
50;2025-11-19;6;548.769;1.0;1.015;1.0;557.399;
50;2025-11-19;7;1766.433;1.0;1.015;1.0;1792.98;
50;2025-11-19;8;2758.156;1.0;1.015;1.0;2800.153;
50;2025-11-19;9;2160.058;1.0;1.015;1.0;2192.998;
50;2025-11-19;10;1666.068;1.0;1.015;1.0;1691.514;
50;2025-11-19;11;1539.8;1.0;1.015;1.0;1562.959;
50;2025-11-19;12;1434.516;1.0;1.015;1.0;1456.697;
50;2025-11-19;13;1465.388;1.0;1.015;1.0;1487.362;
50;2025-11-19;14;1420.945;1.0;1.015;1.0;1443.142;
50;2025-11-19;15;1638.774;1.0;1.015;1.0;1663.601;
50;2025-11-19;16;1690.843;1.0;1.015;1.0;1716.344;
50;2025-11-19;17;2364.208;1.0;1.015;1.0;2400.198;
50;2025-11-19;18;2479.993;1.0;1.015;1.0;2518.276;
50;2025-11-19;19;1470.129;1.0;1.015;1.0;1492.182;
50;2025-11-19;20;924.454;1.0;1.015;1.0;938.891;
50;2025-11-19;21;636.551;1.0;1.015;1.0;646.514;
50;2025-11-19;22;272.644;1.0;1.015;1.001;277.14;
50;2025-11-19;23;140.668;1.0;1.015;1.0;142.873;
50;2025-11-20;0;30.408;1.0;1.015;0.996;30.744;
50;2025-11-20;1;3.179;1.0;1.015;1.038;3.352;
50;2025-11-20;2;0.336;1.0;1.015;1.947;0.663;
50;2025-11-20;3;0.042;1.0;1.015;0.0;0.0;
50;2025-11-20;4;2.719;1.0;1.015;1.133;3.127;
50;2025-11-20;5;71.415;1.0;1.015;0.998;72.363;
50;2025-11-20;6;548.769;1.0;1.015;1.0;557.399;
50;2025-11-20;7;1766.433;1.0;1.015;1.0;1792.98;
50;2025-11-20;8;2758.156;1.0;1.015;1.0;2800.153;
50;2025-11-20;9;2160.058;1.0;1.015;1.0;2192.998;
50;2025-11-20;10;1666.068;1.0;1.015;1.0;1691.514;
50;2025-11-20;11;1539.8;1.0;1.015;1.0;1562.959;
50;2025-11-20;12;1434.516;1.0;1.015;1.0;1456.697;
50;2025-11-20;13;1465.388;1.0;1.015;1.0;1487.362;
50;2025-11-20;14;1420.945;1.0;1.015;1.0;1443.142;
50;2025-11-20;15;1638.774;1.0;1.015;1.0;1663.601;
50;2025-11-20;16;1690.843;1.0;1.015;1.0;1716.344;
50;2025-11-20;17;2364.208;1.0;1.015;1.0;2400.198;
50;2025-11-20;18;2479.993;1.0;1.015;1.0;2518.276;
50;2025-11-20;19;1470.129;1.0;1.015;1.0;1492.182;
50;2025-11-20;20;924.454;1.0;1.015;1.0;938.891;
50;2025-11-20;21;636.551;1.0;1.015;1.0;646.514;
50;2025-11-20;22;272.644;1.0;1.015;1.001;277.14;
50;2025-11-20;23;140.668;1.0;1.015;1.0;142.873;
50;2025-11-21;0;38.093;1.0;1.012;0.998;38.459;
50;2025-11-21;1;1.88;1.0;1.012;0.827;1.573;
50;2025-11-21;2;0.0;1.0;1.012;1.0;0.0;
50;2025-11-21;3;0.0;1.0;1.012;1.0;0.0;
50;2025-11-21;4;3.033;1.0;1.012;1.102;3.383;
50;2025-11-21;5;67.946;1.0;1.012;1.003;68.99;
50;2025-11-21;6;534.935;1.0;1.012;1.001;541.786;
50;2025-11-21;7;1716.617;1.0;1.012;1.0;1737.157;
50;2025-11-21;8;2679.69;1.0;1.012;1.0;2711.36;
50;2025-11-21;9;2055.435;1.0;1.012;1.0;2080.392;
50;2025-11-21;10;1543.206;1.0;1.012;1.0;1561.312;
50;2025-11-21;11;1558.803;1.0;1.012;1.0;1577.372;
50;2025-11-21;12;1495.402;1.0;1.012;1.0;1512.745;
50;2025-11-21;13;1515.241;1.0;1.012;1.0;1533.376;
50;2025-11-21;14;1447.155;1.0;1.012;1.0;1464.174;
50;2025-11-21;15;1761.216;1.0;1.012;1.0;1782.015;
50;2025-11-21;16;2136.912;1.0;1.012;1.0;2162.774;
50;2025-11-21;17;2140.018;1.0;1.012;1.0;2165.852;
50;2025-11-21;18;1726.115;1.0;1.012;1.0;1746.462;
50;2025-11-21;19;1218.56;1.0;1.012;1.0;1232.84;
50;2025-11-21;20;824.864;1.0;1.012;1.0;834.604;
50;2025-11-21;21;569.511;1.0;1.012;1.0;576.615;
50;2025-11-21;22;300.725;1.0;1.012;1.002;304.826;
50;2025-11-21;23;171.645;1.0;1.012;1.0;173.678;
50;2025-11-22;0;68.833;1.0;1.003;0.924;63.791;
50;2025-11-22;1;8.435;1.0;1.003;0.543;4.593;
50;2025-11-22;2;0.0;1.0;1.003;1.0;0.0;
50;2025-11-22;3;2.699;1.0;1.003;0.0;0.0;
50;2025-11-22;4;0.337;1.0;1.003;1.508;0.51;
50;2025-11-22;5;11.472;1.0;1.003;2.75;31.64;
50;2025-11-22;6;14.172;1.0;1.003;12.242;174.021;
50;2025-11-22;7;22.27;1.0;1.003;18.528;413.875;
50;2025-11-22;8;44.539;1.0;1.003;14.244;636.377;
50;2025-11-22;9;87.729;1.0;1.003;7.504;660.363;
50;2025-11-22;10;32.392;1.0;1.003;20.214;656.79;
50;2025-11-22;11;54.999;1.0;1.003;14.505;800.192;
50;2025-11-22;12;99.539;1.0;1.003;8.418;840.508;
50;2025-11-22;13;65.797;1.0;1.003;12.952;854.797;
50;2025-11-22;14;80.981;1.0;1.003;10.919;886.948;
50;2025-11-22;15;118.097;1.0;1.003;7.126;844.08;
50;2025-11-22;16;75.582;1.0;1.003;11.369;861.942;
50;2025-11-22;17;74.232;1.0;1.003;10.884;810.399;
50;2025-11-22;18;18.221;1.0;1.003;40.18;734.36;
50;2025-11-22;19;16.534;1.0;1.003;41.665;690.982;
50;2025-11-22;20;11.472;1.0;1.003;44.614;513.388;
50;2025-11-22;21;12.147;1.0;1.003;37.276;454.191;
50;2025-11-22;22;12.147;1.0;1.003;19.937;242.915;
50;2025-11-22;23;3.374;1.0;1.003;44.33;150.036;
50;2025-11-23;0;3.899;1.0;1.015;13.572;53.72;
50;2025-11-23;1;0.0;1.0;1.015;1.0;5.165;
50;2025-11-23;2;0.0;1.0;1.015;1.0;0.0;
50;2025-11-23;3;0.0;1.0;1.015;1.0;0.0;
50;2025-11-23;4;0.0;1.0;1.015;1.0;1.033;
50;2025-11-23;5;0.975;1.0;1.015;29.232;28.926;
50;2025-11-23;6;5.848;1.0;1.015;24.012;142.565;
50;2025-11-23;7;10.234;1.0;1.015;25.901;269.117;
50;2025-11-23;8;21.442;1.0;1.015;17.938;390.503;
50;2025-11-23;9;15.594;1.0;1.015;30.896;489.162;
50;2025-11-23;10;42.884;1.0;1.015;12.682;552.18;
50;2025-11-23;11;143.273;1.0;1.015;4.496;653.938;
50;2025-11-23;12;110.135;1.0;1.015;6.44;720.055;
50;2025-11-23;13;134.501;1.0;1.015;6.022;822.33;
50;2025-11-23;14;226.118;1.0;1.015;3.632;833.694;
50;2025-11-23;15;184.208;1.0;1.015;3.822;714.89;
50;2025-11-23;16;217.346;1.0;1.015;3.303;728.837;
50;2025-11-23;17;193.954;1.0;1.015;3.809;750.015;
50;2025-11-23;18;114.521;1.0;1.015;5.855;680.798;
50;2025-11-23;19;125.242;1.0;1.015;4.781;607.966;
50;2025-11-23;20;91.129;1.0;1.015;5.611;519.122;
50;2025-11-23;21;58.479;1.0;1.015;7.047;418.397;
50;2025-11-23;22;68.225;1.0;1.015;3.147;217.979;
50;2025-11-23;23;19.493;1.0;1.015;6.107;120.87;
50;2025-11-24;0;30.408;1.0;0.969;0.996;29.356;
50;2025-11-24;1;3.179;1.0;0.969;1.038;3.2;
50;2025-11-24;2;0.336;1.0;0.969;1.947;0.633;
50;2025-11-24;3;0.042;1.0;0.969;0.0;0.0;
50;2025-11-24;4;2.719;1.0;0.969;1.133;2.986;
50;2025-11-24;5;71.415;1.0;0.969;0.998;69.096;
50;2025-11-24;6;548.769;1.0;0.969;1.0;532.233;
50;2025-11-24;7;1766.433;1.0;0.969;1.0;1712.028;
50;2025-11-24;8;2758.156;1.0;0.969;1.0;2673.729;
50;2025-11-24;9;2160.058;1.0;0.969;1.0;2093.986;
50;2025-11-24;10;1666.068;1.0;0.969;1.0;1615.144;
50;2025-11-24;11;1539.8;1.0;0.969;1.0;1492.393;
50;2025-11-24;12;1434.516;1.0;0.969;1.0;1390.928;
50;2025-11-24;13;1465.388;1.0;0.969;1.0;1420.209;
50;2025-11-24;14;1420.945;1.0;0.969;1.0;1377.986;
50;2025-11-24;15;1638.774;1.0;0.969;1.0;1588.491;
50;2025-11-24;16;1690.843;1.0;0.969;1.0;1638.852;
50;2025-11-24;17;2364.208;1.0;0.969;1.0;2291.832;
50;2025-11-24;18;2479.993;1.0;0.969;1.0;2404.578;
50;2025-11-24;19;1470.129;1.0;0.969;1.0;1424.811;
50;2025-11-24;20;924.454;1.0;0.969;1.0;896.501;
50;2025-11-24;21;636.551;1.0;0.969;1.0;617.325;
50;2025-11-24;22;272.644;1.0;0.969;1.001;264.627;
50;2025-11-24;23;140.668;1.0;0.969;1.0;136.422;
50;2025-11-25;0;30.408;1.0;1.015;0.996;30.744;
50;2025-11-25;1;3.179;1.0;1.015;1.038;3.352;
50;2025-11-25;2;0.336;1.0;1.015;1.947;0.663;
50;2025-11-25;3;0.042;1.0;1.015;0.0;0.0;
50;2025-11-25;4;2.719;1.0;1.015;1.133;3.127;
50;2025-11-25;5;71.415;1.0;1.015;0.998;72.363;
50;2025-11-25;6;548.769;1.0;1.015;1.0;557.399;
50;2025-11-25;7;1766.433;1.0;1.015;1.0;1792.98;
50;2025-11-25;8;2758.156;1.0;1.015;1.0;2800.153;
50;2025-11-25;9;2160.058;1.0;1.015;1.0;2192.998;
50;2025-11-25;10;1666.068;1.0;1.015;1.0;1691.514;
50;2025-11-25;11;1539.8;1.0;1.015;1.0;1562.959;
50;2025-11-25;12;1434.516;1.0;1.015;1.0;1456.697;
50;2025-11-25;13;1465.388;1.0;1.015;1.0;1487.362;
50;2025-11-25;14;1420.945;1.0;1.015;1.0;1443.142;
50;2025-11-25;15;1638.774;1.0;1.015;1.0;1663.601;
50;2025-11-25;16;1690.843;1.0;1.015;1.0;1716.344;
50;2025-11-25;17;2364.208;1.0;1.015;1.0;2400.198;
50;2025-11-25;18;2479.993;1.0;1.015;1.0;2518.276;
50;2025-11-25;19;1470.129;1.0;1.015;1.0;1492.182;
50;2025-11-25;20;924.454;1.0;1.015;1.0;938.891;
50;2025-11-25;21;636.551;1.0;1.015;1.0;646.514;
50;2025-11-25;22;272.644;1.0;1.015;1.001;277.14;
50;2025-11-25;23;140.668;1.0;1.015;1.0;142.873;
50;2025-11-26;0;30.408;1.0;0.966;0.996;29.259;
50;2025-11-26;1;3.179;1.0;0.966;1.038;3.19;
50;2025-11-26;2;0.336;1.0;0.966;1.947;0.631;
50;2025-11-26;3;0.042;1.0;0.966;0.0;0.0;
50;2025-11-26;4;2.719;1.0;0.966;1.133;2.976;
50;2025-11-26;5;71.415;1.0;0.966;0.998;68.869;
50;2025-11-26;6;548.769;1.0;0.966;1.0;530.48;
50;2025-11-26;7;1766.433;1.0;0.966;1.0;1706.388;
50;2025-11-26;8;2758.156;1.0;0.966;1.0;2664.92;
50;2025-11-26;9;2160.058;1.0;0.966;1.0;2087.088;
50;2025-11-26;10;1666.068;1.0;0.966;1.0;1609.823;
50;2025-11-26;11;1539.8;1.0;0.966;1.0;1487.476;
50;2025-11-26;12;1434.516;1.0;0.966;1.0;1386.346;
50;2025-11-26;13;1465.388;1.0;0.966;1.0;1415.53;
50;2025-11-26;14;1420.945;1.0;0.966;1.0;1373.446;
50;2025-11-26;15;1638.774;1.0;0.966;1.0;1583.258;
50;2025-11-26;16;1690.843;1.0;0.966;1.0;1633.453;
50;2025-11-26;17;2364.208;1.0;0.966;1.0;2284.281;
50;2025-11-26;18;2479.993;1.0;0.966;1.0;2396.656;
50;2025-11-26;19;1470.129;1.0;0.966;1.0;1420.117;
50;2025-11-26;20;924.454;1.0;0.966;1.0;893.548;
50;2025-11-26;21;636.551;1.0;0.966;1.0;615.291;
50;2025-11-26;22;272.644;1.0;0.966;1.001;263.755;
50;2025-11-26;23;140.668;1.0;0.966;1.0;135.973;
50;2025-11-27;0;30.408;1.0;0.976;0.996;29.55;
50;2025-11-27;1;3.179;1.0;0.976;1.038;3.222;
50;2025-11-27;2;0.336;1.0;0.976;1.947;0.638;
50;2025-11-27;3;0.042;1.0;0.976;0.0;0.0;
50;2025-11-27;4;2.719;1.0;0.976;1.133;3.006;
50;2025-11-27;5;71.415;1.0;0.976;0.998;69.554;
50;2025-11-27;6;548.769;1.0;0.976;1.0;535.758;
50;2025-11-27;7;1766.433;1.0;0.976;1.0;1723.365;
50;2025-11-27;8;2758.156;1.0;0.976;1.0;2691.434;
50;2025-11-27;9;2160.058;1.0;0.976;1.0;2107.852;
50;2025-11-27;10;1666.068;1.0;0.976;1.0;1625.839;
50;2025-11-27;11;1539.8;1.0;0.976;1.0;1502.275;
50;2025-11-27;12;1434.516;1.0;0.976;1.0;1400.139;
50;2025-11-27;13;1465.388;1.0;0.976;1.0;1429.613;
50;2025-11-27;14;1420.945;1.0;0.976;1.0;1387.111;
50;2025-11-27;15;1638.774;1.0;0.976;1.0;1599.01;
50;2025-11-27;16;1690.843;1.0;0.976;1.0;1649.705;
50;2025-11-27;17;2364.208;1.0;0.976;1.0;2307.008;
50;2025-11-27;18;2479.993;1.0;0.976;1.0;2420.501;
50;2025-11-27;19;1470.129;1.0;0.976;1.0;1434.246;
50;2025-11-27;20;924.454;1.0;0.976;1.0;902.438;
50;2025-11-27;21;636.551;1.0;0.976;1.0;621.413;
50;2025-11-27;22;272.644;1.0;0.976;1.001;266.38;
50;2025-11-27;23;140.668;1.0;0.976;1.0;137.325;
50;2025-11-28;0;38.093;1.0;1.015;0.998;38.586;
50;2025-11-28;1;1.88;1.0;1.015;0.827;1.578;
50;2025-11-28;2;0.0;1.0;1.015;1.0;0.0;
50;2025-11-28;3;0.0;1.0;1.015;1.0;0.0;
50;2025-11-28;4;3.033;1.0;1.015;1.102;3.394;
50;2025-11-28;5;67.946;1.0;1.015;1.003;69.218;
50;2025-11-28;6;534.935;1.0;1.015;1.001;543.577;
50;2025-11-28;7;1716.617;1.0;1.015;1.0;1742.899;
50;2025-11-28;8;2679.69;1.0;1.015;1.0;2720.322;
50;2025-11-28;9;2055.435;1.0;1.015;1.0;2087.268;
50;2025-11-28;10;1543.206;1.0;1.015;1.0;1566.473;
50;2025-11-28;11;1558.803;1.0;1.015;1.0;1582.586;
50;2025-11-28;12;1495.402;1.0;1.015;1.0;1517.745;
50;2025-11-28;13;1515.241;1.0;1.015;1.0;1538.444;
50;2025-11-28;14;1447.155;1.0;1.015;1.0;1469.014;
50;2025-11-28;15;1761.216;1.0;1.015;1.0;1787.905;
50;2025-11-28;16;2136.912;1.0;1.015;1.0;2169.923;
50;2025-11-28;17;2140.018;1.0;1.015;1.0;2173.011;
50;2025-11-28;18;1726.115;1.0;1.015;1.0;1752.235;
50;2025-11-28;19;1218.56;1.0;1.015;1.0;1236.915;
50;2025-11-28;20;824.864;1.0;1.015;1.0;837.363;
50;2025-11-28;21;569.511;1.0;1.015;1.0;578.521;
50;2025-11-28;22;300.725;1.0;1.015;1.002;305.833;
50;2025-11-28;23;171.645;1.0;1.015;1.0;174.252;
50;2025-11-29;0;68.833;1.0;1.015;0.924;64.567;
50;2025-11-29;1;8.435;1.0;1.015;0.543;4.649;
50;2025-11-29;2;0.0;1.0;1.015;1.0;0.0;
50;2025-11-29;3;2.699;1.0;1.015;0.0;0.0;
50;2025-11-29;4;0.337;1.0;1.015;1.508;0.517;
50;2025-11-29;5;11.472;1.0;1.015;2.75;32.025;
50;2025-11-29;6;14.172;1.0;1.015;12.242;176.14;
50;2025-11-29;7;22.27;1.0;1.015;18.528;418.913;
50;2025-11-29;8;44.539;1.0;1.015;14.244;644.124;
50;2025-11-29;9;87.729;1.0;1.015;7.504;668.401;
50;2025-11-29;10;32.392;1.0;1.015;20.214;664.786;
50;2025-11-29;11;54.999;1.0;1.015;14.505;809.933;
50;2025-11-29;12;99.539;1.0;1.015;8.418;850.74;
50;2025-11-29;13;65.797;1.0;1.015;12.952;865.203;
50;2025-11-29;14;80.981;1.0;1.015;10.919;897.745;
50;2025-11-29;15;118.097;1.0;1.015;7.126;854.355;
50;2025-11-29;16;75.582;1.0;1.015;11.369;872.434;
50;2025-11-29;17;74.232;1.0;1.015;10.884;820.264;
50;2025-11-29;18;18.221;1.0;1.015;40.18;743.3;
50;2025-11-29;19;16.534;1.0;1.015;41.665;699.394;
50;2025-11-29;20;11.472;1.0;1.015;44.614;519.638;
50;2025-11-29;21;12.147;1.0;1.015;37.276;459.72;
50;2025-11-29;22;12.147;1.0;1.015;19.937;245.873;
50;2025-11-29;23;3.374;1.0;1.015;44.33;151.862;
50;2025-11-30;0;3.899;1.0;1.015;13.572;53.72;
50;2025-11-30;1;0.0;1.0;1.015;1.0;5.165;
50;2025-11-30;2;0.0;1.0;1.015;1.0;0.0;
50;2025-11-30;3;0.0;1.0;1.015;1.0;0.0;
50;2025-11-30;4;0.0;1.0;1.015;1.0;1.033;
50;2025-11-30;5;0.975;1.0;1.015;29.232;28.926;
50;2025-11-30;6;5.848;1.0;1.015;24.012;142.565;
50;2025-11-30;7;10.234;1.0;1.015;25.901;269.117;
50;2025-11-30;8;21.442;1.0;1.015;17.938;390.503;
50;2025-11-30;9;15.594;1.0;1.015;30.896;489.162;
50;2025-11-30;10;42.884;1.0;1.015;12.682;552.18;
50;2025-11-30;11;143.273;1.0;1.015;4.496;653.938;
50;2025-11-30;12;110.135;1.0;1.015;6.44;720.055;
50;2025-11-30;13;134.501;1.0;1.015;6.022;822.33;
50;2025-11-30;14;226.118;1.0;1.015;3.632;833.694;
50;2025-11-30;15;184.208;1.0;1.015;3.822;714.89;
50;2025-11-30;16;217.346;1.0;1.015;3.303;728.837;
50;2025-11-30;17;193.954;1.0;1.015;3.809;750.015;
50;2025-11-30;18;114.521;1.0;1.015;5.855;680.798;
50;2025-11-30;19;125.242;1.0;1.015;4.781;607.966;
50;2025-11-30;20;91.129;1.0;1.015;5.611;519.122;
50;2025-11-30;21;58.479;1.0;1.015;7.047;418.397;
50;2025-11-30;22;68.225;1.0;1.015;3.147;217.979;
50;2025-11-30;23;19.493;1.0;1.015;6.107;120.87;
50;2025-12-01;0;30.408;1.0;1.015;0.996;30.744;
50;2025-12-01;1;3.179;1.0;1.015;1.038;3.352;
50;2025-12-01;2;0.336;1.0;1.015;1.947;0.663;
50;2025-12-01;3;0.042;1.0;1.015;0.0;0.0;
50;2025-12-01;4;2.719;1.0;1.015;1.133;3.127;
50;2025-12-01;5;71.415;1.0;1.015;0.998;72.363;
50;2025-12-01;6;548.769;1.0;1.015;1.0;557.399;
50;2025-12-01;7;1766.433;1.0;1.015;1.0;1792.98;
50;2025-12-01;8;2758.156;1.0;1.015;1.0;2800.153;
50;2025-12-01;9;2160.058;1.0;1.015;1.0;2192.998;
50;2025-12-01;10;1666.068;1.0;1.015;1.0;1691.514;
50;2025-12-01;11;1539.8;1.0;1.015;1.0;1562.959;
50;2025-12-01;12;1434.516;1.0;1.015;1.0;1456.697;
50;2025-12-01;13;1465.388;1.0;1.015;1.0;1487.362;
50;2025-12-01;14;1420.945;1.0;1.015;1.0;1443.142;
50;2025-12-01;15;1638.774;1.0;1.015;1.0;1663.601;
50;2025-12-01;16;1690.843;1.0;1.015;1.0;1716.344;
50;2025-12-01;17;2364.208;1.0;1.015;1.0;2400.198;
50;2025-12-01;18;2479.993;1.0;1.015;1.0;2518.276;
50;2025-12-01;19;1470.129;1.0;1.015;1.0;1492.182;
50;2025-12-01;20;924.454;1.0;1.015;1.0;938.891;
50;2025-12-01;21;636.551;1.0;1.015;1.0;646.514;
50;2025-12-01;22;272.644;1.0;1.015;1.001;277.14;
50;2025-12-01;23;140.668;1.0;1.015;1.0;142.873;
50;2025-12-02;0;30.408;1.0;1.015;0.996;30.744;
50;2025-12-02;1;3.179;1.0;1.015;1.038;3.352;
50;2025-12-02;2;0.336;1.0;1.015;1.947;0.663;
50;2025-12-02;3;0.042;1.0;1.015;0.0;0.0;
50;2025-12-02;4;2.719;1.0;1.015;1.133;3.127;
50;2025-12-02;5;71.415;1.0;1.015;0.998;72.363;
50;2025-12-02;6;548.769;1.0;1.015;1.0;557.399;
50;2025-12-02;7;1766.433;1.0;1.015;1.0;1792.98;
50;2025-12-02;8;2758.156;1.0;1.015;1.0;2800.153;
50;2025-12-02;9;2160.058;1.0;1.015;1.0;2192.998;
50;2025-12-02;10;1666.068;1.0;1.015;1.0;1691.514;
50;2025-12-02;11;1539.8;1.0;1.015;1.0;1562.959;
50;2025-12-02;12;1434.516;1.0;1.015;1.0;1456.697;
50;2025-12-02;13;1465.388;1.0;1.015;1.0;1487.362;
50;2025-12-02;14;1420.945;1.0;1.015;1.0;1443.142;
50;2025-12-02;15;1638.774;1.0;1.015;1.0;1663.601;
50;2025-12-02;16;1690.843;1.0;1.015;1.0;1716.344;
50;2025-12-02;17;2364.208;1.0;1.015;1.0;2400.198;
50;2025-12-02;18;2479.993;1.0;1.015;1.0;2518.276;
50;2025-12-02;19;1470.129;1.0;1.015;1.0;1492.182;
50;2025-12-02;20;924.454;1.0;1.015;1.0;938.891;
50;2025-12-02;21;636.551;1.0;1.015;1.0;646.514;
50;2025-12-02;22;272.644;1.0;1.015;1.001;277.14;
50;2025-12-02;23;140.668;1.0;1.015;1.0;142.873;
50;2025-12-03;0;30.408;1.0;1.015;0.996;30.744;
50;2025-12-03;1;3.179;1.0;1.015;1.038;3.352;
50;2025-12-03;2;0.336;1.0;1.015;1.947;0.663;
50;2025-12-03;3;0.042;1.0;1.015;0.0;0.0;
50;2025-12-03;4;2.719;1.0;1.015;1.133;3.127;
50;2025-12-03;5;71.415;1.0;1.015;0.998;72.363;
50;2025-12-03;6;548.769;1.0;1.015;1.0;557.399;
50;2025-12-03;7;1766.433;1.0;1.015;1.0;1792.98;
50;2025-12-03;8;2758.156;1.0;1.015;1.0;2800.153;
50;2025-12-03;9;2160.058;1.0;1.015;1.0;2192.998;
50;2025-12-03;10;1666.068;1.0;1.015;1.0;1691.514;
50;2025-12-03;11;1539.8;1.0;1.015;1.0;1562.959;
50;2025-12-03;12;1434.516;1.0;1.015;1.0;1456.697;
50;2025-12-03;13;1465.388;1.0;1.015;1.0;1487.362;
50;2025-12-03;14;1420.945;1.0;1.015;1.0;1443.142;
50;2025-12-03;15;1638.774;1.0;1.015;1.0;1663.601;
50;2025-12-03;16;1690.843;1.0;1.015;1.0;1716.344;
50;2025-12-03;17;2364.208;1.0;1.015;1.0;2400.198;
50;2025-12-03;18;2479.993;1.0;1.015;1.0;2518.276;
50;2025-12-03;19;1470.129;1.0;1.015;1.0;1492.182;
50;2025-12-03;20;924.454;1.0;1.015;1.0;938.891;
50;2025-12-03;21;636.551;1.0;1.015;1.0;646.514;
50;2025-12-03;22;272.644;1.0;1.015;1.001;277.14;
50;2025-12-03;23;140.668;1.0;1.015;1.0;142.873;
50;2025-12-04;0;30.408;1.0;1.015;0.996;30.744;
50;2025-12-04;1;3.179;1.0;1.015;1.038;3.352;
50;2025-12-04;2;0.336;1.0;1.015;1.947;0.663;
50;2025-12-04;3;0.042;1.0;1.015;0.0;0.0;
50;2025-12-04;4;2.719;1.0;1.015;1.133;3.127;
50;2025-12-04;5;71.415;1.0;1.015;0.998;72.363;
50;2025-12-04;6;548.769;1.0;1.015;1.0;557.399;
50;2025-12-04;7;1766.433;1.0;1.015;1.0;1792.98;
50;2025-12-04;8;2758.156;1.0;1.015;1.0;2800.153;
50;2025-12-04;9;2160.058;1.0;1.015;1.0;2192.998;
50;2025-12-04;10;1666.068;1.0;1.015;1.0;1691.514;
50;2025-12-04;11;1539.8;1.0;1.015;1.0;1562.959;
50;2025-12-04;12;1434.516;1.0;1.015;1.0;1456.697;
50;2025-12-04;13;1465.388;1.0;1.015;1.0;1487.362;
50;2025-12-04;14;1420.945;1.0;1.015;1.0;1443.142;
50;2025-12-04;15;1638.774;1.0;1.015;1.0;1663.601;
50;2025-12-04;16;1690.843;1.0;1.015;1.0;1716.344;
50;2025-12-04;17;2364.208;1.0;1.015;1.0;2400.198;
50;2025-12-04;18;2479.993;1.0;1.015;1.0;2518.276;
50;2025-12-04;19;1470.129;1.0;1.015;1.0;1492.182;
50;2025-12-04;20;924.454;1.0;1.015;1.0;938.891;
50;2025-12-04;21;636.551;1.0;1.015;1.0;646.514;
50;2025-12-04;22;272.644;1.0;1.015;1.001;277.14;
50;2025-12-04;23;140.668;1.0;1.015;1.0;142.873;
50;2025-12-05;0;38.093;1.0;1.015;0.998;38.586;
50;2025-12-05;1;1.88;1.0;1.015;0.827;1.578;
50;2025-12-05;2;0.0;1.0;1.015;1.0;0.0;
50;2025-12-05;3;0.0;1.0;1.015;1.0;0.0;
50;2025-12-05;4;3.033;1.0;1.015;1.102;3.394;
50;2025-12-05;5;67.946;1.0;1.015;1.003;69.218;
50;2025-12-05;6;534.935;1.0;1.015;1.001;543.577;
50;2025-12-05;7;1716.617;1.0;1.015;1.0;1742.899;
50;2025-12-05;8;2679.69;1.0;1.015;1.0;2720.322;
50;2025-12-05;9;2055.435;1.0;1.015;1.0;2087.268;
50;2025-12-05;10;1543.206;1.0;1.015;1.0;1566.473;
50;2025-12-05;11;1558.803;1.0;1.015;1.0;1582.586;
50;2025-12-05;12;1495.402;1.0;1.015;1.0;1517.745;
50;2025-12-05;13;1515.241;1.0;1.015;1.0;1538.444;
50;2025-12-05;14;1447.155;1.0;1.015;1.0;1469.014;
50;2025-12-05;15;1761.216;1.0;1.015;1.0;1787.905;
50;2025-12-05;16;2136.912;1.0;1.015;1.0;2169.923;
50;2025-12-05;17;2140.018;1.0;1.015;1.0;2173.011;
50;2025-12-05;18;1726.115;1.0;1.015;1.0;1752.235;
50;2025-12-05;19;1218.56;1.0;1.015;1.0;1236.915;
50;2025-12-05;20;824.864;1.0;1.015;1.0;837.363;
50;2025-12-05;21;569.511;1.0;1.015;1.0;578.521;
50;2025-12-05;22;300.725;1.0;1.015;1.002;305.833;
50;2025-12-05;23;171.645;1.0;1.015;1.0;174.252;
50;2025-12-06;0;63.983;1.0;1.015;0.994;64.567;
50;2025-12-06;1;7.841;1.0;1.015;0.584;4.649;
50;2025-12-06;2;0.0;1.0;1.015;1.0;0.0;
50;2025-12-06;3;2.509;1.0;1.015;0.0;0.0;
50;2025-12-06;4;0.314;1.0;1.015;1.622;0.517;
50;2025-12-06;5;10.664;1.0;1.015;2.958;32.025;
50;2025-12-06;6;21.4;1.0;1.015;8.107;176.14;
50;2025-12-06;7;42.862;1.0;1.015;9.626;418.913;
50;2025-12-06;8;69.071;1.0;1.015;9.185;644.124;
50;2025-12-06;9;92.027;1.0;1.015;7.154;668.401;
50;2025-12-06;10;66.047;1.0;1.015;9.914;664.786;
50;2025-12-06;11;89.966;1.0;1.015;8.867;809.933;
50;2025-12-06;12;109.464;1.0;1.015;7.655;850.74;
50;2025-12-06;13;99.778;1.0;1.015;8.541;865.203;
50;2025-12-06;14;105.364;1.0;1.015;8.392;897.745;
50;2025-12-06;15;120.552;1.0;1.015;6.98;854.355;
50;2025-12-06;16;98.133;1.0;1.015;8.757;872.434;
50;2025-12-06;17;98.011;1.0;1.015;8.243;820.264;
50;2025-12-06;18;38.108;1.0;1.015;19.212;743.3;
50;2025-12-06;19;34.579;1.0;1.015;19.921;699.394;
50;2025-12-06;20;23.994;1.0;1.015;21.331;519.638;
50;2025-12-06;21;25.405;1.0;1.015;17.823;459.72;
50;2025-12-06;22;23.87;1.0;1.015;10.145;245.873;
50;2025-12-06;23;7.057;1.0;1.015;21.196;151.862;
50;2025-12-07;0;4.501;1.0;1.015;11.756;53.72;
50;2025-12-07;1;0.0;1.0;1.015;1.0;5.165;
50;2025-12-07;2;0.0;1.0;1.015;1.0;0.0;
50;2025-12-07;3;0.0;1.0;1.015;1.0;0.0;
50;2025-12-07;4;0.0;1.0;1.015;1.0;1.033;
50;2025-12-07;5;1.125;1.0;1.015;25.32;28.926;
50;2025-12-07;6;6.751;1.0;1.015;20.799;142.565;
50;2025-12-07;7;11.815;1.0;1.015;22.435;269.117;
50;2025-12-07;8;24.755;1.0;1.015;15.537;390.503;
50;2025-12-07;9;18.004;1.0;1.015;26.761;489.162;
50;2025-12-07;10;49.51;1.0;1.015;10.985;552.18;
50;2025-12-07;11;100.009;1.0;1.015;6.44;653.938;
50;2025-12-07;12;100.091;1.0;1.015;7.086;720.055;
50;2025-12-07;13;110.088;1.0;1.015;7.357;822.33;
50;2025-12-07;14;139.251;1.0;1.015;5.897;833.694;
50;2025-12-07;15;117.698;1.0;1.015;5.982;714.89;
50;2025-12-07;16;125.659;1.0;1.015;5.713;728.837;
50;2025-12-07;17;120.329;1.0;1.015;6.139;750.015;
50;2025-12-07;18;93.914;1.0;1.015;7.14;680.798;
50;2025-12-07;19;86.737;1.0;1.015;6.904;607.966;
50;2025-12-07;20;68.704;1.0;1.015;7.442;519.122;
50;2025-12-07;21;50.266;1.0;1.015;8.198;418.397;
50;2025-12-07;22;38.493;1.0;1.015;5.578;217.979;
50;2025-12-07;23;16.301;1.0;1.015;7.303;120.87;
50;2025-12-08;0;30.408;1.0;1.015;0.996;30.744;
50;2025-12-08;1;3.179;1.0;1.015;1.038;3.352;
50;2025-12-08;2;0.336;1.0;1.015;1.947;0.663;
50;2025-12-08;3;0.042;1.0;1.015;0.0;0.0;
50;2025-12-08;4;2.719;1.0;1.015;1.133;3.127;
50;2025-12-08;5;71.415;1.0;1.015;0.998;72.363;
50;2025-12-08;6;548.769;1.0;1.015;1.0;557.399;
50;2025-12-08;7;1766.433;1.0;1.015;1.0;1792.98;
50;2025-12-08;8;2758.156;1.0;1.015;1.0;2800.153;
50;2025-12-08;9;2160.058;1.0;1.015;1.0;2192.998;
50;2025-12-08;10;1666.068;1.0;1.015;1.0;1691.514;
50;2025-12-08;11;1539.8;1.0;1.015;1.0;1562.959;
50;2025-12-08;12;1434.516;1.0;1.015;1.0;1456.697;
50;2025-12-08;13;1465.388;1.0;1.015;1.0;1487.362;
50;2025-12-08;14;1420.945;1.0;1.015;1.0;1443.142;
50;2025-12-08;15;1638.774;1.0;1.015;1.0;1663.601;
50;2025-12-08;16;1690.843;1.0;1.015;1.0;1716.344;
50;2025-12-08;17;2364.208;1.0;1.015;1.0;2400.198;
50;2025-12-08;18;2479.993;1.0;1.015;1.0;2518.276;
50;2025-12-08;19;1470.129;1.0;1.015;1.0;1492.182;
50;2025-12-08;20;924.454;1.0;1.015;1.0;938.891;
50;2025-12-08;21;636.551;1.0;1.015;1.0;646.514;
50;2025-12-08;22;272.644;1.0;1.015;1.001;277.14;
50;2025-12-08;23;140.668;1.0;1.015;1.0;142.873;
50;2025-12-09;0;30.408;1.0;1.015;0.996;30.744;
50;2025-12-09;1;3.179;1.0;1.015;1.038;3.352;
50;2025-12-09;2;0.336;1.0;1.015;1.947;0.663;
50;2025-12-09;3;0.042;1.0;1.015;0.0;0.0;
50;2025-12-09;4;2.719;1.0;1.015;1.133;3.127;
50;2025-12-09;5;71.415;1.0;1.015;0.998;72.363;
50;2025-12-09;6;548.769;1.0;1.015;1.0;557.399;
50;2025-12-09;7;1766.433;1.0;1.015;1.0;1792.98;
50;2025-12-09;8;2758.156;1.0;1.015;1.0;2800.153;
50;2025-12-09;9;2160.058;1.0;1.015;1.0;2192.998;
50;2025-12-09;10;1666.068;1.0;1.015;1.0;1691.514;
50;2025-12-09;11;1539.8;1.0;1.015;1.0;1562.959;
50;2025-12-09;12;1434.516;1.0;1.015;1.0;1456.697;
50;2025-12-09;13;1465.388;1.0;1.015;1.0;1487.362;
50;2025-12-09;14;1420.945;1.0;1.015;1.0;1443.142;
50;2025-12-09;15;1638.774;1.0;1.015;1.0;1663.601;
50;2025-12-09;16;1690.843;1.0;1.015;1.0;1716.344;
50;2025-12-09;17;2364.208;1.0;1.015;1.0;2400.198;
50;2025-12-09;18;2479.993;1.0;1.015;1.0;2518.276;
50;2025-12-09;19;1470.129;1.0;1.015;1.0;1492.182;
50;2025-12-09;20;924.454;1.0;1.015;1.0;938.891;
50;2025-12-09;21;636.551;1.0;1.015;1.0;646.514;
50;2025-12-09;22;272.644;1.0;1.015;1.001;277.14;
50;2025-12-09;23;140.668;1.0;1.015;1.0;142.873;
50;2025-12-10;0;30.408;1.0;1.006;0.996;30.474;
50;2025-12-10;1;3.179;1.0;1.006;1.038;3.322;
50;2025-12-10;2;0.336;1.0;1.006;1.947;0.658;
50;2025-12-10;3;0.042;1.0;1.006;0.0;0.0;
50;2025-12-10;4;2.719;1.0;1.006;1.133;3.1;
50;2025-12-10;5;71.415;1.0;1.006;0.998;71.729;
50;2025-12-10;6;548.769;1.0;1.006;1.0;552.516;
50;2025-12-10;7;1766.433;1.0;1.006;1.0;1777.271;
50;2025-12-10;8;2758.156;1.0;1.006;1.0;2775.62;
50;2025-12-10;9;2160.058;1.0;1.006;1.0;2173.784;
50;2025-12-10;10;1666.068;1.0;1.006;1.0;1676.694;
50;2025-12-10;11;1539.8;1.0;1.006;1.0;1549.265;
50;2025-12-10;12;1434.516;1.0;1.006;1.0;1443.934;
50;2025-12-10;13;1465.388;1.0;1.006;1.0;1474.331;
50;2025-12-10;14;1420.945;1.0;1.006;1.0;1430.498;
50;2025-12-10;15;1638.774;1.0;1.006;1.0;1649.025;
50;2025-12-10;16;1690.843;1.0;1.006;1.0;1701.306;
50;2025-12-10;17;2364.208;1.0;1.006;1.0;2379.169;
50;2025-12-10;18;2479.993;1.0;1.006;1.0;2496.212;
50;2025-12-10;19;1470.129;1.0;1.006;1.0;1479.108;
50;2025-12-10;20;924.454;1.0;1.006;1.0;930.665;
50;2025-12-10;21;636.551;1.0;1.006;1.0;640.85;
50;2025-12-10;22;272.644;1.0;1.006;1.001;274.712;
50;2025-12-10;23;140.668;1.0;1.006;1.0;141.621;
50;2025-12-11;0;30.408;1.0;0.971;0.996;29.388;
50;2025-12-11;1;3.179;1.0;0.971;1.038;3.204;
50;2025-12-11;2;0.336;1.0;0.971;1.947;0.634;
50;2025-12-11;3;0.042;1.0;0.971;0.0;0.0;
50;2025-12-11;4;2.719;1.0;0.971;1.133;2.989;
50;2025-12-11;5;71.415;1.0;0.971;0.998;69.172;
50;2025-12-11;6;548.769;1.0;0.971;1.0;532.819;
50;2025-12-11;7;1766.433;1.0;0.971;1.0;1713.913;
50;2025-12-11;8;2758.156;1.0;0.971;1.0;2676.672;
50;2025-12-11;9;2160.058;1.0;0.971;1.0;2096.291;
50;2025-12-11;10;1666.068;1.0;0.971;1.0;1616.922;
50;2025-12-11;11;1539.8;1.0;0.971;1.0;1494.035;
50;2025-12-11;12;1434.516;1.0;0.971;1.0;1392.459;
50;2025-12-11;13;1465.388;1.0;0.971;1.0;1421.772;
50;2025-12-11;14;1420.945;1.0;0.971;1.0;1379.502;
50;2025-12-11;15;1638.774;1.0;0.971;1.0;1590.239;
50;2025-12-11;16;1690.843;1.0;0.971;1.0;1640.656;
50;2025-12-11;17;2364.208;1.0;0.971;1.0;2294.354;
50;2025-12-11;18;2479.993;1.0;0.971;1.0;2407.225;
50;2025-12-11;19;1470.129;1.0;0.971;1.0;1426.38;
50;2025-12-11;20;924.454;1.0;0.971;1.0;897.488;
50;2025-12-11;21;636.551;1.0;0.971;1.0;618.004;
50;2025-12-11;22;272.644;1.0;0.971;1.001;264.918;
50;2025-12-11;23;140.668;1.0;0.971;1.0;136.572;
50;2025-12-12;0;38.093;1.0;0.978;0.998;37.17;
50;2025-12-12;1;1.88;1.0;0.978;0.827;1.52;
50;2025-12-12;2;0.0;1.0;0.978;1.0;0.0;
50;2025-12-12;3;0.0;1.0;0.978;1.0;0.0;
50;2025-12-12;4;3.033;1.0;0.978;1.102;3.269;
50;2025-12-12;5;67.946;1.0;0.978;1.003;66.677;
50;2025-12-12;6;534.935;1.0;0.978;1.001;523.623;
50;2025-12-12;7;1716.617;1.0;0.978;1.0;1678.919;
50;2025-12-12;8;2679.69;1.0;0.978;1.0;2620.461;
50;2025-12-12;9;2055.435;1.0;0.978;1.0;2010.646;
50;2025-12-12;10;1543.206;1.0;0.978;1.0;1508.969;
50;2025-12-12;11;1558.803;1.0;0.978;1.0;1524.491;
50;2025-12-12;12;1495.402;1.0;0.978;1.0;1462.03;
50;2025-12-12;13;1515.241;1.0;0.978;1.0;1481.969;
50;2025-12-12;14;1447.155;1.0;0.978;1.0;1415.087;
50;2025-12-12;15;1761.216;1.0;0.978;1.0;1722.273;
50;2025-12-12;16;2136.912;1.0;0.978;1.0;2090.266;
50;2025-12-12;17;2140.018;1.0;0.978;1.0;2093.241;
50;2025-12-12;18;1726.115;1.0;0.978;1.0;1687.912;
50;2025-12-12;19;1218.56;1.0;0.978;1.0;1191.509;
50;2025-12-12;20;824.864;1.0;0.978;1.0;806.624;
50;2025-12-12;21;569.511;1.0;0.978;1.0;557.284;
50;2025-12-12;22;300.725;1.0;0.978;1.002;294.606;
50;2025-12-12;23;171.645;1.0;0.978;1.0;167.856;
50;2025-12-13;0;63.983;1.0;1.011;0.994;64.284;
50;2025-12-13;1;7.841;1.0;1.011;0.584;4.628;
50;2025-12-13;2;0.0;1.0;1.011;1.0;0.0;
50;2025-12-13;3;2.509;1.0;1.011;0.0;0.0;
50;2025-12-13;4;0.314;1.0;1.011;1.622;0.514;
50;2025-12-13;5;10.664;1.0;1.011;2.958;31.885;
50;2025-12-13;6;21.4;1.0;1.011;8.107;175.366;
50;2025-12-13;7;42.862;1.0;1.011;9.626;417.074;
50;2025-12-13;8;69.071;1.0;1.011;9.185;641.296;
50;2025-12-13;9;92.027;1.0;1.011;7.154;665.467;
50;2025-12-13;10;66.047;1.0;1.011;9.914;661.867;
50;2025-12-13;11;89.966;1.0;1.011;8.867;806.377;
50;2025-12-13;12;109.464;1.0;1.011;7.655;847.005;
50;2025-12-13;13;99.778;1.0;1.011;8.541;861.404;
50;2025-12-13;14;105.364;1.0;1.011;8.392;893.803;
50;2025-12-13;15;120.552;1.0;1.011;6.98;850.605;
50;2025-12-13;16;98.133;1.0;1.011;8.757;868.604;
50;2025-12-13;17;98.011;1.0;1.011;8.243;816.663;
50;2025-12-13;18;38.108;1.0;1.011;19.212;740.036;
50;2025-12-13;19;34.579;1.0;1.011;19.921;696.323;
50;2025-12-13;20;23.994;1.0;1.011;21.331;517.357;
50;2025-12-13;21;25.405;1.0;1.011;17.823;457.701;
50;2025-12-13;22;23.87;1.0;1.011;10.145;244.793;
50;2025-12-13;23;7.057;1.0;1.011;21.196;151.196;
50;2025-12-14;0;4.501;1.0;1.014;11.756;53.661;
50;2025-12-14;1;0.0;1.0;1.014;1.0;5.16;
50;2025-12-14;2;0.0;1.0;1.014;1.0;0.0;
50;2025-12-14;3;0.0;1.0;1.014;1.0;0.0;
50;2025-12-14;4;0.0;1.0;1.014;1.0;1.032;
50;2025-12-14;5;1.125;1.0;1.014;25.32;28.894;
50;2025-12-14;6;6.751;1.0;1.014;20.799;142.408;
50;2025-12-14;7;11.815;1.0;1.014;22.435;268.821;
50;2025-12-14;8;24.755;1.0;1.014;15.537;390.074;
50;2025-12-14;9;18.004;1.0;1.014;26.761;488.625;
50;2025-12-14;10;49.51;1.0;1.014;10.985;551.573;
50;2025-12-14;11;100.009;1.0;1.014;6.44;653.219;
50;2025-12-14;12;100.091;1.0;1.014;7.086;719.264;
50;2025-12-14;13;110.088;1.0;1.014;7.357;821.426;
50;2025-12-14;14;139.251;1.0;1.014;5.897;832.777;
50;2025-12-14;15;117.698;1.0;1.014;5.982;714.104;
50;2025-12-14;16;125.659;1.0;1.014;5.713;728.035;
50;2025-12-14;17;120.329;1.0;1.014;6.139;749.19;
50;2025-12-14;18;93.914;1.0;1.014;7.14;680.05;
50;2025-12-14;19;86.737;1.0;1.014;6.904;607.298;
50;2025-12-14;20;68.704;1.0;1.014;7.442;518.551;
50;2025-12-14;21;50.266;1.0;1.014;8.198;417.937;
50;2025-12-14;22;38.493;1.0;1.014;5.578;217.74;
50;2025-12-14;23;16.301;1.0;1.014;7.303;120.737;
50;2025-12-15;0;30.408;1.0;1.014;0.996;30.71;
50;2025-12-15;1;3.179;1.0;1.014;1.038;3.348;
50;2025-12-15;2;0.336;1.0;1.014;1.947;0.663;
50;2025-12-15;3;0.042;1.0;1.014;0.0;0.0;
50;2025-12-15;4;2.719;1.0;1.014;1.133;3.124;
50;2025-12-15;5;71.415;1.0;1.014;0.998;72.284;
50;2025-12-15;6;548.769;1.0;1.014;1.0;556.787;
50;2025-12-15;7;1766.433;1.0;1.014;1.0;1791.009;
50;2025-12-15;8;2758.156;1.0;1.014;1.0;2797.075;
50;2025-12-15;9;2160.058;1.0;1.014;1.0;2190.587;
50;2025-12-15;10;1666.068;1.0;1.014;1.0;1689.655;
50;2025-12-15;11;1539.8;1.0;1.014;1.0;1561.24;
50;2025-12-15;12;1434.516;1.0;1.014;1.0;1455.095;
50;2025-12-15;13;1465.388;1.0;1.014;1.0;1485.727;
50;2025-12-15;14;1420.945;1.0;1.014;1.0;1441.556;
50;2025-12-15;15;1638.774;1.0;1.014;1.0;1661.772;
50;2025-12-15;16;1690.843;1.0;1.014;1.0;1714.457;
50;2025-12-15;17;2364.208;1.0;1.014;1.0;2397.56;
50;2025-12-15;18;2479.993;1.0;1.014;1.0;2515.507;
50;2025-12-15;19;1470.129;1.0;1.014;1.0;1490.541;
50;2025-12-15;20;924.454;1.0;1.014;1.0;937.859;
50;2025-12-15;21;636.551;1.0;1.014;1.0;645.804;
50;2025-12-15;22;272.644;1.0;1.014;1.001;276.835;
50;2025-12-15;23;140.668;1.0;1.014;1.0;142.716;
50;2025-12-16;0;30.408;1.0;1.0;0.996;30.274;
50;2025-12-16;1;3.179;1.0;1.0;1.038;3.3;
50;2025-12-16;2;0.336;1.0;1.0;1.947;0.653;
50;2025-12-16;3;0.042;1.0;1.0;0.0;0.0;
50;2025-12-16;4;2.719;1.0;1.0;1.133;3.08;
50;2025-12-16;5;71.415;1.0;1.0;0.998;71.257;
50;2025-12-16;6;548.769;1.0;1.0;1.0;548.881;
50;2025-12-16;7;1766.433;1.0;1.0;1.0;1765.579;
50;2025-12-16;8;2758.156;1.0;1.0;1.0;2757.361;
50;2025-12-16;9;2160.058;1.0;1.0;1.0;2159.485;
50;2025-12-16;10;1666.068;1.0;1.0;1.0;1665.665;
50;2025-12-16;11;1539.8;1.0;1.0;1.0;1539.073;
50;2025-12-16;12;1434.516;1.0;1.0;1.0;1434.435;
50;2025-12-16;13;1465.388;1.0;1.0;1.0;1464.632;
50;2025-12-16;14;1420.945;1.0;1.0;1.0;1421.088;
50;2025-12-16;15;1638.774;1.0;1.0;1.0;1638.178;
50;2025-12-16;16;1690.843;1.0;1.0;1.0;1690.114;
50;2025-12-16;17;2364.208;1.0;1.0;1.0;2363.518;
50;2025-12-16;18;2479.993;1.0;1.0;1.0;2479.791;
50;2025-12-16;19;1470.129;1.0;1.0;1.0;1469.378;
50;2025-12-16;20;924.454;1.0;1.0;1.0;924.543;
50;2025-12-16;21;636.551;1.0;1.0;1.0;636.634;
50;2025-12-16;22;272.644;1.0;1.0;1.001;272.905;
50;2025-12-16;23;140.668;1.0;1.0;1.0;140.689;
50;2025-12-17;0;30.408;1.0;1.015;0.996;30.744;
50;2025-12-17;1;3.179;1.0;1.015;1.038;3.352;
50;2025-12-17;2;0.336;1.0;1.015;1.947;0.663;
50;2025-12-17;3;0.042;1.0;1.015;0.0;0.0;
50;2025-12-17;4;2.719;1.0;1.015;1.133;3.127;
50;2025-12-17;5;71.415;1.0;1.015;0.998;72.363;
50;2025-12-17;6;548.769;1.0;1.015;1.0;557.399;
50;2025-12-17;7;1766.433;1.0;1.015;1.0;1792.98;
50;2025-12-17;8;2758.156;1.0;1.015;1.0;2800.153;
50;2025-12-17;9;2160.058;1.0;1.015;1.0;2192.998;
50;2025-12-17;10;1666.068;1.0;1.015;1.0;1691.514;
50;2025-12-17;11;1539.8;1.0;1.015;1.0;1562.959;
50;2025-12-17;12;1434.516;1.0;1.015;1.0;1456.697;
50;2025-12-17;13;1465.388;1.0;1.015;1.0;1487.362;
50;2025-12-17;14;1420.945;1.0;1.015;1.0;1443.142;
50;2025-12-17;15;1638.774;1.0;1.015;1.0;1663.601;
50;2025-12-17;16;1690.843;1.0;1.015;1.0;1716.344;
50;2025-12-17;17;2364.208;1.0;1.015;1.0;2400.198;
50;2025-12-17;18;2479.993;1.0;1.015;1.0;2518.276;
50;2025-12-17;19;1470.129;1.0;1.015;1.0;1492.182;
50;2025-12-17;20;924.454;1.0;1.015;1.0;938.891;
50;2025-12-17;21;636.551;1.0;1.015;1.0;646.514;
50;2025-12-17;22;272.644;1.0;1.015;1.001;277.14;
50;2025-12-17;23;140.668;1.0;1.015;1.0;142.873;
50;2025-12-18;0;30.408;1.0;1.015;0.996;30.744;
50;2025-12-18;1;3.179;1.0;1.015;1.038;3.352;
50;2025-12-18;2;0.336;1.0;1.015;1.947;0.663;
50;2025-12-18;3;0.042;1.0;1.015;0.0;0.0;
50;2025-12-18;4;2.719;1.0;1.015;1.133;3.127;
50;2025-12-18;5;71.415;1.0;1.015;0.998;72.363;
50;2025-12-18;6;548.769;1.0;1.015;1.0;557.399;
50;2025-12-18;7;1766.433;1.0;1.015;1.0;1792.98;
50;2025-12-18;8;2758.156;1.0;1.015;1.0;2800.153;
50;2025-12-18;9;2160.058;1.0;1.015;1.0;2192.998;
50;2025-12-18;10;1666.068;1.0;1.015;1.0;1691.514;
50;2025-12-18;11;1539.8;1.0;1.015;1.0;1562.959;
50;2025-12-18;12;1434.516;1.0;1.015;1.0;1456.697;
50;2025-12-18;13;1465.388;1.0;1.015;1.0;1487.362;
50;2025-12-18;14;1420.945;1.0;1.015;1.0;1443.142;
50;2025-12-18;15;1638.774;1.0;1.015;1.0;1663.601;
50;2025-12-18;16;1690.843;1.0;1.015;1.0;1716.344;
50;2025-12-18;17;2364.208;1.0;1.015;1.0;2400.198;
50;2025-12-18;18;2479.993;1.0;1.015;1.0;2518.276;
50;2025-12-18;19;1470.129;1.0;1.015;1.0;1492.182;
50;2025-12-18;20;924.454;1.0;1.015;1.0;938.891;
50;2025-12-18;21;636.551;1.0;1.015;1.0;646.514;
50;2025-12-18;22;272.644;1.0;1.015;1.001;277.14;
50;2025-12-18;23;140.668;1.0;1.015;1.0;142.873;
50;2025-12-19;0;38.093;1.0;1.013;0.998;38.502;
50;2025-12-19;1;1.88;1.0;1.013;0.827;1.574;
50;2025-12-19;2;0.0;1.0;1.013;1.0;0.0;
50;2025-12-19;3;0.0;1.0;1.013;1.0;0.0;
50;2025-12-19;4;3.033;1.0;1.013;1.102;3.387;
50;2025-12-19;5;67.946;1.0;1.013;1.003;69.066;
50;2025-12-19;6;534.935;1.0;1.013;1.001;542.383;
50;2025-12-19;7;1716.617;1.0;1.013;1.0;1739.069;
50;2025-12-19;8;2679.69;1.0;1.013;1.0;2714.344;
50;2025-12-19;9;2055.435;1.0;1.013;1.0;2082.681;
50;2025-12-19;10;1543.206;1.0;1.013;1.0;1563.03;
50;2025-12-19;11;1558.803;1.0;1.013;1.0;1579.108;
50;2025-12-19;12;1495.402;1.0;1.013;1.0;1514.41;
50;2025-12-19;13;1515.241;1.0;1.013;1.0;1535.064;
50;2025-12-19;14;1447.155;1.0;1.013;1.0;1465.785;
50;2025-12-19;15;1761.216;1.0;1.013;1.0;1783.976;
50;2025-12-19;16;2136.912;1.0;1.013;1.0;2165.154;
50;2025-12-19;17;2140.018;1.0;1.013;1.0;2168.236;
50;2025-12-19;18;1726.115;1.0;1.013;1.0;1748.384;
50;2025-12-19;19;1218.56;1.0;1.013;1.0;1234.197;
50;2025-12-19;20;824.864;1.0;1.013;1.0;835.523;
50;2025-12-19;21;569.511;1.0;1.013;1.0;577.25;
50;2025-12-19;22;300.725;1.0;1.013;1.002;305.161;
50;2025-12-19;23;171.645;1.0;1.013;1.0;173.869;
50;2025-12-20;0;63.983;1.0;1.015;0.994;64.567;
50;2025-12-20;1;7.841;1.0;1.015;0.584;4.649;
50;2025-12-20;2;0.0;1.0;1.015;1.0;0.0;
50;2025-12-20;3;2.509;1.0;1.015;0.0;0.0;
50;2025-12-20;4;0.314;1.0;1.015;1.622;0.517;
50;2025-12-20;5;10.664;1.0;1.015;2.958;32.025;
50;2025-12-20;6;21.4;1.0;1.015;8.107;176.14;
50;2025-12-20;7;42.862;1.0;1.015;9.626;418.913;
50;2025-12-20;8;69.071;1.0;1.015;9.185;644.124;
50;2025-12-20;9;92.027;1.0;1.015;7.154;668.401;
50;2025-12-20;10;66.047;1.0;1.015;9.914;664.786;
50;2025-12-20;11;89.966;1.0;1.015;8.867;809.933;
50;2025-12-20;12;109.464;1.0;1.015;7.655;850.74;
50;2025-12-20;13;99.778;1.0;1.015;8.541;865.203;
50;2025-12-20;14;105.364;1.0;1.015;8.392;897.745;
50;2025-12-20;15;120.552;1.0;1.015;6.98;854.355;
50;2025-12-20;16;98.133;1.0;1.015;8.757;872.434;
50;2025-12-20;17;98.011;1.0;1.015;8.243;820.264;
50;2025-12-20;18;38.108;1.0;1.015;19.212;743.3;
50;2025-12-20;19;34.579;1.0;1.015;19.921;699.394;
50;2025-12-20;20;23.994;1.0;1.015;21.331;519.638;
50;2025-12-20;21;25.405;1.0;1.015;17.823;459.72;
50;2025-12-20;22;23.87;1.0;1.015;10.145;245.873;
50;2025-12-20;23;7.057;1.0;1.015;21.196;151.862;
50;2025-12-21;0;4.501;1.0;1.011;11.756;53.484;
50;2025-12-21;1;0.0;1.0;1.011;1.0;5.143;
50;2025-12-21;2;0.0;1.0;1.011;1.0;0.0;
50;2025-12-21;3;0.0;1.0;1.011;1.0;0.0;
50;2025-12-21;4;0.0;1.0;1.011;1.0;1.029;
50;2025-12-21;5;1.125;1.0;1.011;25.32;28.799;
50;2025-12-21;6;6.751;1.0;1.011;20.799;141.939;
50;2025-12-21;7;11.815;1.0;1.011;22.435;267.935;
50;2025-12-21;8;24.755;1.0;1.011;15.537;388.789;
50;2025-12-21;9;18.004;1.0;1.011;26.761;487.015;
50;2025-12-21;10;49.51;1.0;1.011;10.985;549.756;
50;2025-12-21;11;100.009;1.0;1.011;6.44;651.067;
50;2025-12-21;12;100.091;1.0;1.011;7.086;716.894;
50;2025-12-21;13;110.088;1.0;1.011;7.357;818.72;
50;2025-12-21;14;139.251;1.0;1.011;5.897;830.034;
50;2025-12-21;15;117.698;1.0;1.011;5.982;711.751;
50;2025-12-21;16;125.659;1.0;1.011;5.713;725.637;
50;2025-12-21;17;120.329;1.0;1.011;6.139;746.722;
50;2025-12-21;18;93.914;1.0;1.011;7.14;677.809;
50;2025-12-21;19;86.737;1.0;1.011;6.904;605.297;
50;2025-12-21;20;68.704;1.0;1.011;7.442;516.843;
50;2025-12-21;21;50.266;1.0;1.011;8.198;416.56;
50;2025-12-21;22;38.493;1.0;1.011;5.578;217.022;
50;2025-12-21;23;16.301;1.0;1.011;7.303;120.339;
50;2025-12-22;0;30.408;1.0;1.006;0.996;30.474;
50;2025-12-22;1;3.179;1.0;1.006;1.038;3.322;
50;2025-12-22;2;0.336;1.0;1.006;1.947;0.658;
50;2025-12-22;3;0.042;1.0;1.006;0.0;0.0;
50;2025-12-22;4;2.719;1.0;1.006;1.133;3.1;
50;2025-12-22;5;71.415;1.0;1.006;0.998;71.729;
50;2025-12-22;6;548.769;1.0;1.006;1.0;552.516;
50;2025-12-22;7;1766.433;1.0;1.006;1.0;1777.271;
50;2025-12-22;8;2758.156;1.0;1.006;1.0;2775.62;
50;2025-12-22;9;2160.058;1.0;1.006;1.0;2173.784;
50;2025-12-22;10;1666.068;1.0;1.006;1.0;1676.694;
50;2025-12-22;11;1539.8;1.0;1.006;1.0;1549.265;
50;2025-12-22;12;1434.516;1.0;1.006;1.0;1443.934;
50;2025-12-22;13;1465.388;1.0;1.006;1.0;1474.331;
50;2025-12-22;14;1420.945;1.0;1.006;1.0;1430.498;
50;2025-12-22;15;1638.774;1.0;1.006;1.0;1649.025;
50;2025-12-22;16;1690.843;1.0;1.006;1.0;1701.306;
50;2025-12-22;17;2364.208;1.0;1.006;1.0;2379.169;
50;2025-12-22;18;2479.993;1.0;1.006;1.0;2496.212;
50;2025-12-22;19;1470.129;1.0;1.006;1.0;1479.108;
50;2025-12-22;20;924.454;1.0;1.006;1.0;930.665;
50;2025-12-22;21;636.551;1.0;1.006;1.0;640.85;
50;2025-12-22;22;272.644;1.0;1.006;1.001;274.712;
50;2025-12-22;23;140.668;1.0;1.006;1.0;141.621;
50;2025-12-23;0;30.408;1.0;0.981;0.996;29.716;
50;2025-12-23;1;3.179;1.0;0.981;1.038;3.24;
50;2025-12-23;2;0.336;1.0;0.981;1.947;0.641;
50;2025-12-23;3;0.042;1.0;0.981;0.0;0.0;
50;2025-12-23;4;2.719;1.0;0.981;1.133;3.023;
50;2025-12-23;5;71.415;1.0;0.981;0.998;69.944;
50;2025-12-23;6;548.769;1.0;0.981;1.0;538.766;
50;2025-12-23;7;1766.433;1.0;0.981;1.0;1733.043;
50;2025-12-23;8;2758.156;1.0;0.981;1.0;2706.548;
50;2025-12-23;9;2160.058;1.0;0.981;1.0;2119.69;
50;2025-12-23;10;1666.068;1.0;0.981;1.0;1634.97;
50;2025-12-23;11;1539.8;1.0;0.981;1.0;1510.711;
50;2025-12-23;12;1434.516;1.0;0.981;1.0;1408.001;
50;2025-12-23;13;1465.388;1.0;0.981;1.0;1437.642;
50;2025-12-23;14;1420.945;1.0;0.981;1.0;1394.9;
50;2025-12-23;15;1638.774;1.0;0.981;1.0;1607.989;
50;2025-12-23;16;1690.843;1.0;0.981;1.0;1658.969;
50;2025-12-23;17;2364.208;1.0;0.981;1.0;2319.963;
50;2025-12-23;18;2479.993;1.0;0.981;1.0;2434.094;
50;2025-12-23;19;1470.129;1.0;0.981;1.0;1442.301;
50;2025-12-23;20;924.454;1.0;0.981;1.0;907.506;
50;2025-12-23;21;636.551;1.0;0.981;1.0;624.902;
50;2025-12-23;22;272.644;1.0;0.981;1.001;267.875;
50;2025-12-23;23;140.668;1.0;0.981;1.0;138.097;
50;2025-12-24;0;30.408;1.0;0.976;0.996;29.553;
50;2025-12-24;1;3.179;1.0;0.976;1.038;3.222;
50;2025-12-24;2;0.336;1.0;0.976;1.947;0.638;
50;2025-12-24;3;0.042;1.0;0.976;0.0;0.0;
50;2025-12-24;4;2.719;1.0;0.976;1.133;3.006;
50;2025-12-24;5;71.415;1.0;0.976;0.998;69.561;
50;2025-12-24;6;548.769;1.0;0.976;1.0;535.811;
50;2025-12-24;7;1766.433;1.0;0.976;1.0;1723.538;
50;2025-12-24;8;2758.156;1.0;0.976;1.0;2691.703;
50;2025-12-24;9;2160.058;1.0;0.976;1.0;2108.063;
50;2025-12-24;10;1666.068;1.0;0.976;1.0;1626.002;
50;2025-12-24;11;1539.8;1.0;0.976;1.0;1502.425;
50;2025-12-24;12;1434.516;1.0;0.976;1.0;1400.279;
50;2025-12-24;13;1465.388;1.0;0.976;1.0;1429.756;
50;2025-12-24;14;1420.945;1.0;0.976;1.0;1387.249;
50;2025-12-24;15;1638.774;1.0;0.976;1.0;1599.17;
50;2025-12-24;16;1690.843;1.0;0.976;1.0;1649.87;
50;2025-12-24;17;2364.208;1.0;0.976;1.0;2307.239;
50;2025-12-24;18;2479.993;1.0;0.976;1.0;2420.743;
50;2025-12-24;19;1470.129;1.0;0.976;1.0;1434.39;
50;2025-12-24;20;924.454;1.0;0.976;1.0;902.528;
50;2025-12-24;21;636.551;1.0;0.976;1.0;621.475;
50;2025-12-24;22;272.644;1.0;0.976;1.001;266.406;
50;2025-12-24;23;140.668;1.0;0.976;1.0;137.339;
50;2025-12-25;0;30.408;1.0;0.998;0.996;30.207;
50;2025-12-25;1;3.179;1.0;0.998;1.038;3.293;
50;2025-12-25;2;0.336;1.0;0.998;1.947;0.652;
50;2025-12-25;3;0.042;1.0;0.998;0.0;0.0;
50;2025-12-25;4;2.719;1.0;0.998;1.133;3.073;
50;2025-12-25;5;71.415;1.0;0.998;0.998;71.101;
50;2025-12-25;6;548.769;1.0;0.998;1.0;547.675;
50;2025-12-25;7;1766.433;1.0;0.998;1.0;1761.699;
50;2025-12-25;8;2758.156;1.0;0.998;1.0;2751.301;
50;2025-12-25;9;2160.058;1.0;0.998;1.0;2154.739;
50;2025-12-25;10;1666.068;1.0;0.998;1.0;1662.004;
50;2025-12-25;11;1539.8;1.0;0.998;1.0;1535.691;
50;2025-12-25;12;1434.516;1.0;0.998;1.0;1431.283;
50;2025-12-25;13;1465.388;1.0;0.998;1.0;1461.413;
50;2025-12-25;14;1420.945;1.0;0.998;1.0;1417.965;
50;2025-12-25;15;1638.774;1.0;0.998;1.0;1634.578;
50;2025-12-25;16;1690.843;1.0;0.998;1.0;1686.4;
50;2025-12-25;17;2364.208;1.0;0.998;1.0;2358.324;
50;2025-12-25;18;2479.993;1.0;0.998;1.0;2474.342;
50;2025-12-25;19;1470.129;1.0;0.998;1.0;1466.149;
50;2025-12-25;20;924.454;1.0;0.998;1.0;922.511;
50;2025-12-25;21;636.551;1.0;0.998;1.0;635.235;
50;2025-12-25;22;272.644;1.0;0.998;1.001;272.305;
50;2025-12-25;23;140.668;1.0;0.998;1.0;140.38;
50;2025-12-26;0;38.093;1.0;0.96;0.998;36.481;
50;2025-12-26;1;1.88;1.0;0.96;0.827;1.492;
50;2025-12-26;2;0.0;1.0;0.96;1.0;0.0;
50;2025-12-26;3;0.0;1.0;0.96;1.0;0.0;
50;2025-12-26;4;3.033;1.0;0.96;1.102;3.209;
50;2025-12-26;5;67.946;1.0;0.96;1.003;65.442;
50;2025-12-26;6;534.935;1.0;0.96;1.001;513.922;
50;2025-12-26;7;1716.617;1.0;0.96;1.0;1647.815;
50;2025-12-26;8;2679.69;1.0;0.96;1.0;2571.914;
50;2025-12-26;9;2055.435;1.0;0.96;1.0;1973.396;
50;2025-12-26;10;1543.206;1.0;0.96;1.0;1481.013;
50;2025-12-26;11;1558.803;1.0;0.96;1.0;1496.247;
50;2025-12-26;12;1495.402;1.0;0.96;1.0;1434.944;
50;2025-12-26;13;1515.241;1.0;0.96;1.0;1454.514;
50;2025-12-26;14;1447.155;1.0;0.96;1.0;1388.871;
50;2025-12-26;15;1761.216;1.0;0.96;1.0;1690.366;
50;2025-12-26;16;2136.912;1.0;0.96;1.0;2051.542;
50;2025-12-26;17;2140.018;1.0;0.96;1.0;2054.461;
50;2025-12-26;18;1726.115;1.0;0.96;1.0;1656.641;
50;2025-12-26;19;1218.56;1.0;0.96;1.0;1169.434;
50;2025-12-26;20;824.864;1.0;0.96;1.0;791.68;
50;2025-12-26;21;569.511;1.0;0.96;1.0;546.96;
50;2025-12-26;22;300.725;1.0;0.96;1.002;289.149;
50;2025-12-26;23;171.645;1.0;0.96;1.0;164.746;
50;2025-12-27;0;63.983;1.0;1.013;0.994;64.425;
50;2025-12-27;1;7.841;1.0;1.013;0.584;4.639;
50;2025-12-27;2;0.0;1.0;1.013;1.0;0.0;
50;2025-12-27;3;2.509;1.0;1.013;0.0;0.0;
50;2025-12-27;4;0.314;1.0;1.013;1.622;0.515;
50;2025-12-27;5;10.664;1.0;1.013;2.958;31.955;
50;2025-12-27;6;21.4;1.0;1.013;8.107;175.753;
50;2025-12-27;7;42.862;1.0;1.013;9.626;417.993;
50;2025-12-27;8;69.071;1.0;1.013;9.185;642.709;
50;2025-12-27;9;92.027;1.0;1.013;7.154;666.933;
50;2025-12-27;10;66.047;1.0;1.013;9.914;663.325;
50;2025-12-27;11;89.966;1.0;1.013;8.867;808.153;
50;2025-12-27;12;109.464;1.0;1.013;7.655;848.87;
50;2025-12-27;13;99.778;1.0;1.013;8.541;863.301;
50;2025-12-27;14;105.364;1.0;1.013;8.392;895.772;
50;2025-12-27;15;120.552;1.0;1.013;6.98;852.478;
50;2025-12-27;16;98.133;1.0;1.013;8.757;870.517;
50;2025-12-27;17;98.011;1.0;1.013;8.243;818.461;
50;2025-12-27;18;38.108;1.0;1.013;19.212;741.666;
50;2025-12-27;19;34.579;1.0;1.013;19.921;697.857;
50;2025-12-27;20;23.994;1.0;1.013;21.331;518.496;
50;2025-12-27;21;25.405;1.0;1.013;17.823;458.709;
50;2025-12-27;22;23.87;1.0;1.013;10.145;245.332;
50;2025-12-27;23;7.057;1.0;1.013;21.196;151.529;
50;2025-12-28;0;4.501;1.0;0.994;11.756;52.609;
50;2025-12-28;1;0.0;1.0;0.994;1.0;5.059;
50;2025-12-28;2;0.0;1.0;0.994;1.0;0.0;
50;2025-12-28;3;0.0;1.0;0.994;1.0;0.0;
50;2025-12-28;4;0.0;1.0;0.994;1.0;1.012;
50;2025-12-28;5;1.125;1.0;0.994;25.32;28.328;
50;2025-12-28;6;6.751;1.0;0.994;20.799;139.616;
50;2025-12-28;7;11.815;1.0;0.994;22.435;263.551;
50;2025-12-28;8;24.755;1.0;0.994;15.537;382.427;
50;2025-12-28;9;18.004;1.0;0.994;26.761;479.045;
50;2025-12-28;10;49.51;1.0;0.994;10.985;540.759;
50;2025-12-28;11;100.009;1.0;0.994;6.44;640.413;
50;2025-12-28;12;100.091;1.0;0.994;7.086;705.162;
50;2025-12-28;13;110.088;1.0;0.994;7.357;805.322;
50;2025-12-28;14;139.251;1.0;0.994;5.897;816.451;
50;2025-12-28;15;117.698;1.0;0.994;5.982;700.104;
50;2025-12-28;16;125.659;1.0;0.994;5.713;713.762;
50;2025-12-28;17;120.329;1.0;0.994;6.139;734.502;
50;2025-12-28;18;93.914;1.0;0.994;7.14;666.717;
50;2025-12-28;19;86.737;1.0;0.994;6.904;595.392;
50;2025-12-28;20;68.704;1.0;0.994;7.442;508.385;
50;2025-12-28;21;50.266;1.0;0.994;8.198;409.743;
50;2025-12-28;22;38.493;1.0;0.994;5.578;213.471;
50;2025-12-28;23;16.301;1.0;0.994;7.303;118.37;
50;2025-12-29;0;30.408;0.88;0.998;0.996;26.582;
50;2025-12-29;1;3.179;0.88;0.998;1.18;3.293;
50;2025-12-29;2;0.336;0.88;0.998;0.0;0.0;
50;2025-12-29;3;0.042;0.88;0.998;0.0;0.0;
50;2025-12-29;4;2.719;0.88;0.998;0.965;2.305;
50;2025-12-29;5;71.415;0.88;0.998;1.0;62.681;
50;2025-12-29;6;548.769;0.88;0.998;1.0;481.789;
50;2025-12-29;7;1766.433;0.88;0.998;1.0;1550.785;
50;2025-12-29;8;2758.156;0.88;0.998;1.0;2421.608;
50;2025-12-29;9;2160.058;0.88;0.998;1.0;1896.629;
50;2025-12-29;10;1666.068;0.88;0.998;1.0;1462.45;
50;2025-12-29;11;1539.8;0.88;0.998;1.0;1351.329;
50;2025-12-29;12;1434.516;0.88;0.998;1.0;1259.372;
50;2025-12-29;13;1465.388;0.88;0.998;1.0;1286.12;
50;2025-12-29;14;1420.945;0.88;0.998;1.0;1247.77;
50;2025-12-29;15;1638.774;0.88;0.998;1.0;1438.739;
50;2025-12-29;16;1690.843;0.88;0.998;1.0;1484.27;
50;2025-12-29;17;2364.208;0.88;0.998;1.0;2075.787;
50;2025-12-29;18;2479.993;0.88;0.998;1.0;2177.303;
50;2025-12-29;19;1470.129;0.88;0.998;1.0;1290.293;
50;2025-12-29;20;924.454;0.88;0.998;1.0;811.887;
50;2025-12-29;21;636.551;0.88;0.998;1.0;558.502;
50;2025-12-29;22;272.644;0.88;0.998;1.001;239.628;
50;2025-12-29;23;140.668;0.88;0.998;0.997;123.073;
50;2025-12-30;0;30.408;0.88;0.978;0.996;26.061;
50;2025-12-30;1;3.179;0.88;0.978;1.18;3.229;
50;2025-12-30;2;0.336;0.88;0.978;0.0;0.0;
50;2025-12-30;3;0.042;0.88;0.978;0.0;0.0;
50;2025-12-30;4;2.719;0.88;0.978;0.965;2.259;
50;2025-12-30;5;71.415;0.88;0.978;1.0;61.452;
50;2025-12-30;6;548.769;0.88;0.978;1.0;472.344;
50;2025-12-30;7;1766.433;0.88;0.978;1.0;1520.381;
50;2025-12-30;8;2758.156;0.88;0.978;1.0;2374.132;
50;2025-12-30;9;2160.058;0.88;0.978;1.0;1859.445;
50;2025-12-30;10;1666.068;0.88;0.978;1.0;1433.778;
50;2025-12-30;11;1539.8;0.88;0.978;1.0;1324.835;
50;2025-12-30;12;1434.516;0.88;0.978;1.0;1234.682;
50;2025-12-30;13;1465.388;0.88;0.978;1.0;1260.905;
50;2025-12-30;14;1420.945;0.88;0.978;1.0;1223.308;
50;2025-12-30;15;1638.774;0.88;0.978;1.0;1410.532;
50;2025-12-30;16;1690.843;0.88;0.978;1.0;1455.171;
50;2025-12-30;17;2364.208;0.88;0.978;1.0;2035.09;
50;2025-12-30;18;2479.993;0.88;0.978;1.0;2134.617;
50;2025-12-30;19;1470.129;0.88;0.978;1.0;1264.997;
50;2025-12-30;20;924.454;0.88;0.978;1.0;795.97;
50;2025-12-30;21;636.551;0.88;0.978;1.0;547.552;
50;2025-12-30;22;272.644;0.88;0.978;1.001;234.93;
50;2025-12-30;23;140.668;0.88;0.978;0.997;120.66;
50;2025-12-31;0;79.468;0.8;1.001;0.999;63.552;
50;2025-12-31;1;8.435;0.8;1.001;1.037;7.006;
50;2025-12-31;2;0.0;0.8;1.001;1.0;0.0;
50;2025-12-31;3;2.699;0.8;1.001;0.926;2.002;
50;2025-12-31;4;0.337;0.8;1.001;0.0;0.0;
50;2025-12-31;5;13.245;0.8;1.001;0.981;10.399;
50;2025-12-31;6;16.361;0.8;1.001;0.97;12.71;
50;2025-12-31;7;25.71;0.8;1.001;1.01;20.799;
50;2025-12-31;8;51.42;0.8;1.001;1.01;41.598;
50;2025-12-31;9;101.282;0.8;1.001;0.997;80.884;
50;2025-12-31;10;37.397;0.8;1.001;1.003;30.043;
50;2025-12-31;11;38.391;0.8;1.001;1.0;30.74;
50;2025-12-31;12;90.461;0.8;1.001;1.005;72.767;
50;2025-12-31;13;53.854;0.8;1.001;1.007;43.417;
50;2025-12-31;14;49.871;0.8;1.001;1.003;40.064;
50;2025-12-31;15;75.457;0.8;1.001;0.995;60.112;
50;2025-12-31;16;43.698;0.8;1.001;0.992;34.719;
50;2025-12-31;17;46.053;0.8;1.001;0.994;36.635;
50;2025-12-31;18;14.942;0.8;1.001;1.029;12.312;
50;2025-12-31;19;11.45;0.8;1.001;0.983;9.011;
50;2025-12-31;20;8.649;0.8;1.001;0.0;0.0;free fare New Year night
50;2025-12-31;21;10.441;0.8;1.001;0.0;0.0;free fare New Year night
50;2025-12-31;22;6.853;0.8;1.001;0.0;0.0;free fare New Year night
50;2025-12-31;23;2.822;0.8;1.001;0.0;0.0;free fare New Year night
