route;date;hour;base;ml_ratio;prediction
1;2025-11-01;0;2;1.0;2
1;2025-11-01;1;0;1.0;0
1;2025-11-01;2;0;1.0;0
1;2025-11-01;3;0;1.0;0
1;2025-11-01;4;5;1.0458;5
1;2025-11-01;5;112;1.0458;112
1;2025-11-01;6;416;1.0363;416
1;2025-11-01;7;1232;1.0288;1232
1;2025-11-01;8;1500;1.0232;1500
1;2025-11-01;9;1144;1.0567;1144
1;2025-11-01;10;1057;1.0577;1057
1;2025-11-01;11;1129;1.0637;1129
1;2025-11-01;12;1104;1.0653;1104
1;2025-11-01;13;1151;1.0626;1151
1;2025-11-01;14;1091;1.0652;1091
1;2025-11-01;15;1239;1.0385;1239
1;2025-11-01;16;1303;1.041;1303
1;2025-11-01;17;1431;1.0168;1431
1;2025-11-01;18;1248;0.9921;1248
1;2025-11-01;19;980;1.0249;980
1;2025-11-01;20;663;1.0196;663
1;2025-11-01;21;405;1.0212;405
1;2025-11-01;22;191;1.0185;191
1;2025-11-01;23;45;1.0185;45
1;2025-11-02;0;0;1.0;0
1;2025-11-02;1;0;1.0;0
1;2025-11-02;2;0;1.0;0
1;2025-11-02;3;0;1.0;0
1;2025-11-02;4;0;1.0;0
1;2025-11-02;5;26;1.0067;26
1;2025-11-02;6;130;1.0067;130
1;2025-11-02;7;265;1.017;265
1;2025-11-02;8;366;1.0193;366
1;2025-11-02;9;608;1.0082;608
1;2025-11-02;10;709;0.99;709
1;2025-11-02;11;708;0.9958;708
1;2025-11-02;12;845;0.9783;845
1;2025-11-02;13;891;0.9717;891
1;2025-11-02;14;790;0.9804;790
1;2025-11-02;15;715;0.9853;715
1;2025-11-02;16;658;0.9932;658
1;2025-11-02;17;605;1.0088;605
1;2025-11-02;18;550;1.0074;550
1;2025-11-02;19;458;1.0165;458
1;2025-11-02;20;353;1.0117;353
1;2025-11-02;21;270;1.022;270
1;2025-11-02;22;107;1.0117;107
1;2025-11-02;23;31;1.0079;31
1;2025-11-03;0;0;1.0;0
1;2025-11-03;1;0;1.0;0
1;2025-11-03;2;0;1.0;0
1;2025-11-03;3;0;1.0;0
1;2025-11-03;4;0;1.0;0
1;2025-11-03;5;26;0.8749;26
1;2025-11-03;6;130;0.8749;130
1;2025-11-03;7;265;0.8659;265
1;2025-11-03;8;366;0.8728;366
1;2025-11-03;9;608;0.8524;608
1;2025-11-03;10;709;0.8403;709
1;2025-11-03;11;708;0.8276;708
1;2025-11-03;12;845;0.7754;845
1;2025-11-03;13;891;0.7755;891
1;2025-11-03;14;790;0.772;790
1;2025-11-03;15;715;0.7612;715
1;2025-11-03;16;658;0.8044;658
1;2025-11-03;17;605;0.8404;605
1;2025-11-03;18;550;0.853;550
1;2025-11-03;19;458;0.8599;458
1;2025-11-03;20;353;0.8681;353
1;2025-11-03;21;270;0.859;270
1;2025-11-03;22;107;0.8681;107
1;2025-11-03;23;31;0.8681;31
1;2025-11-04;0;0;1.0;0
1;2025-11-04;1;0;1.0;0
1;2025-11-04;2;0;1.0;0
1;2025-11-04;3;0;1.0;0
1;2025-11-04;4;0;1.0;0
1;2025-11-04;5;26;0.9017;26
1;2025-11-04;6;130;0.9129;130
1;2025-11-04;7;265;0.8932;265
1;2025-11-04;8;366;0.8685;366
1;2025-11-04;9;608;0.8412;608
1;2025-11-04;10;709;0.8144;709
1;2025-11-04;11;708;0.8293;708
1;2025-11-04;12;845;0.8147;845
1;2025-11-04;13;891;0.8485;891
1;2025-11-04;14;790;0.876;790
1;2025-11-04;15;715;0.889;715
1;2025-11-04;16;658;0.8989;658
1;2025-11-04;17;605;0.917;605
1;2025-11-04;18;550;0.9383;550
1;2025-11-04;19;458;0.942;458
1;2025-11-04;20;353;0.9483;353
1;2025-11-04;21;270;0.9436;270
1;2025-11-04;22;107;0.9483;107
1;2025-11-04;23;31;0.9483;31
1;2025-11-05;0;5;1.0166;5
1;2025-11-05;1;0;1.0;0
1;2025-11-05;2;0;1.0;0
1;2025-11-05;3;0;1.0;0
1;2025-11-05;4;9;1.0178;9
1;2025-11-05;5;133;1.0206;133
1;2025-11-05;6;550;1.0206;550
1;2025-11-05;7;1544;1.0114;1544
1;2025-11-05;8;1987;1.0051;1987
1;2025-11-05;9;1488;1.0159;1488
1;2025-11-05;10;1348;1.0182;1348
1;2025-11-05;11;1354;0.9956;1354
1;2025-11-05;12;1393;0.9941;1393
1;2025-11-05;13;1436;0.9988;1436
1;2025-11-05;14;1380;1.0021;1380
1;2025-11-05;15;1534;0.994;1534
1;2025-11-05;16;1555;0.9926;1555
1;2025-11-05;17;1811;0.9955;1811
1;2025-11-05;18;1883;0.9899;1883
1;2025-11-05;19;1426;1.0024;1426
1;2025-11-05;20;923;1.0092;923
1;2025-11-05;21;496;1.0168;496
1;2025-11-05;22;232;1.0167;232
1;2025-11-05;23;47;1.0154;47
1;2025-11-06;0;5;1.0066;5
1;2025-11-06;1;0;1.0;0
1;2025-11-06;2;0;1.0;0
1;2025-11-06;3;0;1.0;0
1;2025-11-06;4;9;1.0044;9
1;2025-11-06;5;133;1.0066;133
1;2025-11-06;6;550;1.0066;550
1;2025-11-06;7;1544;1.0059;1544
1;2025-11-06;8;1987;0.9992;1987
1;2025-11-06;9;1488;1.0136;1488
1;2025-11-06;10;1348;1.0159;1348
1;2025-11-06;11;1354;0.9923;1354
1;2025-11-06;12;1393;1.0111;1393
1;2025-11-06;13;1436;1.0096;1436
1;2025-11-06;14;1380;1.0112;1380
1;2025-11-06;15;1534;0.9756;1534
1;2025-11-06;16;1555;0.99;1555
1;2025-11-06;17;1811;0.9949;1811
1;2025-11-06;18;1883;0.9789;1883
1;2025-11-06;19;1426;0.9918;1426
1;2025-11-06;20;923;0.9765;923
1;2025-11-06;21;496;1.0075;496
1;2025-11-06;22;232;1.0075;232
1;2025-11-06;23;47;1.0038;47
1;2025-11-07;0;5;1.0533;5
1;2025-11-07;1;0;1.0;0
1;2025-11-07;2;0;1.0;0
1;2025-11-07;3;0;1.0;0
1;2025-11-07;4;7;1.0501;7
1;2025-11-07;5;140;1.0497;140
1;2025-11-07;6;520;1.0579;520
1;2025-11-07;7;1539;1.049;1539
1;2025-11-07;8;1875;1.0449;1875
1;2025-11-07;9;1430;1.0465;1430
1;2025-11-07;10;1321;1.0647;1321
1;2025-11-07;11;1411;1.0599;1411
1;2025-11-07;12;1380;1.0542;1380
1;2025-11-07;13;1438;1.0538;1438
1;2025-11-07;14;1363;1.0524;1363
1;2025-11-07;15;1548;1.0401;1548
1;2025-11-07;16;1628;1.0434;1628
1;2025-11-07;17;1789;1.0472;1789
1;2025-11-07;18;1560;1.0356;1560
1;2025-11-07;19;1225;1.0518;1225
1;2025-11-07;20;829;1.0569;829
1;2025-11-07;21;507;1.0595;507
1;2025-11-07;22;239;1.0638;239
1;2025-11-07;23;56;1.0638;56
1;2025-11-08;0;6;1.0022;6
1;2025-11-08;1;0;1.0;0
1;2025-11-08;2;0;1.0;0
1;2025-11-08;3;0;1.0;0
1;2025-11-08;4;1;1.0;1
1;2025-11-08;5;35;0.9945;35
1;2025-11-08;6;176;0.982;176
1;2025-11-08;7;365;0.9845;365
1;2025-11-08;8;491;0.9883;491
1;2025-11-08;9;779;0.9696;779
1;2025-11-08;10;920;0.9591;920
1;2025-11-08;11;867;0.9784;867
1;2025-11-08;12;1068;0.8971;1068
1;2025-11-08;13;1091;0.9534;1091
1;2025-11-08;14;1026;0.9817;1026
1;2025-11-08;15;889;0.9918;889
1;2025-11-08;16;807;0.9985;807
1;2025-11-08;17;747;1.0092;747
1;2025-11-08;18;674;1.0212;674
1;2025-11-08;19;604;1.0204;604
1;2025-11-08;20;450;1.0175;450
1;2025-11-08;21;322;1.0175;322
1;2025-11-08;22;149;1.0184;149
1;2025-11-08;23;37;1.0184;37
1;2025-11-09;0;0;1.0;0
1;2025-11-09;1;0;1.0;0
1;2025-11-09;2;0;1.0;0
1;2025-11-09;3;0;1.0;0
1;2025-11-09;4;0;1.0;0
1;2025-11-09;5;26;1.0254;26
1;2025-11-09;6;130;1.0276;130
1;2025-11-09;7;265;1.0256;265
1;2025-11-09;8;366;1.0328;366
1;2025-11-09;9;608;1.0194;608
1;2025-11-09;10;709;0.9987;709
1;2025-11-09;11;708;0.9896;708
1;2025-11-09;12;845;0.9811;845
1;2025-11-09;13;891;0.9734;891
1;2025-11-09;14;790;0.9706;790
1;2025-11-09;15;715;0.9791;715
1;2025-11-09;16;658;1.0039;658
1;2025-11-09;17;605;1.0214;605
1;2025-11-09;18;550;1.0256;550
1;2025-11-09;19;458;1.0279;458
1;2025-11-09;20;353;1.034;353
1;2025-11-09;21;270;1.032;270
1;2025-11-09;22;107;1.034;107
1;2025-11-09;23;31;1.034;31
1;2025-11-10;0;5;1.0142;5
1;2025-11-10;1;0;1.0;0
1;2025-11-10;2;0;1.0;0
1;2025-11-10;3;0;1.0;0
1;2025-11-10;4;9;1.0147;9
1;2025-11-10;5;133;1.013;133
1;2025-11-10;6;550;1.013;550
1;2025-11-10;7;1544;1.0222;1544
1;2025-11-10;8;1987;1.0241;1987
1;2025-11-10;9;1488;1.0261;1488
1;2025-11-10;10;1348;1.0266;1348
1;2025-11-10;11;1354;1.021;1354
1;2025-11-10;12;1393;1.0206;1393
1;2025-11-10;13;1436;1.0196;1436
1;2025-11-10;14;1380;1.0206;1380
1;2025-11-10;15;1534;1.0177;1534
1;2025-11-10;16;1555;1.0221;1555
1;2025-11-10;17;1811;1.0242;1811
1;2025-11-10;18;1883;1.0164;1883
1;2025-11-10;19;1426;1.0176;1426
1;2025-11-10;20;923;1.0174;923
1;2025-11-10;21;496;1.025;496
1;2025-11-10;22;232;1.0249;232
1;2025-11-10;23;47;1.0249;47
1;2025-11-11;0;5;1.0377;5
1;2025-11-11;1;0;1.0;0
1;2025-11-11;2;0;1.0;0
1;2025-11-11;3;0;1.0;0
1;2025-11-11;4;9;1.0338;9
1;2025-11-11;5;133;1.0377;133
1;2025-11-11;6;550;1.0377;550
1;2025-11-11;7;1544;1.0395;1544
1;2025-11-11;8;1987;1.0365;1987
1;2025-11-11;9;1488;1.0459;1488
1;2025-11-11;10;1348;1.0478;1348
1;2025-11-11;11;1354;1.0422;1354
1;2025-11-11;12;1393;1.0418;1393
1;2025-11-11;13;1436;1.0402;1436
1;2025-11-11;14;1380;1.0413;1380
1;2025-11-11;15;1534;1.0345;1534
1;2025-11-11;16;1555;1.0334;1555
1;2025-11-11;17;1811;1.0323;1811
1;2025-11-11;18;1883;1.0236;1883
1;2025-11-11;19;1426;1.0323;1426
1;2025-11-11;20;923;1.0354;923
1;2025-11-11;21;496;1.043;496
1;2025-11-11;22;232;1.0429;232
1;2025-11-11;23;47;1.0419;47
1;2025-11-12;0;5;1.0323;5
1;2025-11-12;1;0;1.0;0
1;2025-11-12;2;0;1.0;0
1;2025-11-12;3;0;1.0;0
1;2025-11-12;4;9;1.0294;9
1;2025-11-12;5;133;1.0329;133
1;2025-11-12;6;550;1.0329;550
1;2025-11-12;7;1544;1.0342;1544
1;2025-11-12;8;1987;1.0287;1987
1;2025-11-12;9;1488;1.0402;1488
1;2025-11-12;10;1348;1.043;1348
1;2025-11-12;11;1354;1.0234;1354
1;2025-11-12;12;1393;1.0289;1393
1;2025-11-12;13;1436;1.0272;1436
1;2025-11-12;14;1380;1.0376;1380
1;2025-11-12;15;1534;1.0295;1534
1;2025-11-12;16;1555;1.0267;1555
1;2025-11-12;17;1811;1.0251;1811
1;2025-11-12;18;1883;1.0155;1883
1;2025-11-12;19;1426;1.026;1426
1;2025-11-12;20;923;1.0303;923
1;2025-11-12;21;496;1.0379;496
1;2025-11-12;22;232;1.0378;232
1;2025-11-12;23;47;1.0378;47
1;2025-11-13;0;5;1.0345;5
1;2025-11-13;1;0;1.0;0
1;2025-11-13;2;0;1.0;0
1;2025-11-13;3;0;1.0;0
1;2025-11-13;4;9;1.0332;9
1;2025-11-13;5;133;1.0355;133
1;2025-11-13;6;550;1.036;550
1;2025-11-13;7;1544;1.0381;1544
1;2025-11-13;8;1987;1.0337;1987
1;2025-11-13;9;1488;1.044;1488
1;2025-11-13;10;1348;1.046;1348
1;2025-11-13;11;1354;1.0408;1354
1;2025-11-13;12;1393;1.0403;1393
1;2025-11-13;13;1436;1.0402;1436
1;2025-11-13;14;1380;1.0419;1380
1;2025-11-13;15;1534;1.0338;1534
1;2025-11-13;16;1555;1.0336;1555
1;2025-11-13;17;1811;1.0308;1811
1;2025-11-13;18;1883;1.0166;1883
1;2025-11-13;19;1426;1.015;1426
1;2025-11-13;20;923;1.018;923
1;2025-11-13;21;496;1.0272;496
1;2025-11-13;22;232;1.0271;232
1;2025-11-13;23;47;1.0339;47
1;2025-11-14;0;5;1.0516;5
1;2025-11-14;1;0;1.0;0
1;2025-11-14;2;0;1.0;0
1;2025-11-14;3;0;1.0;0
1;2025-11-14;4;7;1.0431;7
1;2025-11-14;5;140;1.0431;140
1;2025-11-14;6;520;1.0498;520
1;2025-11-14;7;1539;1.0274;1539
1;2025-11-14;8;1875;1.0203;1875
1;2025-11-14;9;1430;1.0466;1430
1;2025-11-14;10;1321;1.0538;1321
1;2025-11-14;11;1411;1.0481;1411
1;2025-11-14;12;1380;1.046;1380
1;2025-11-14;13;1438;1.0407;1438
1;2025-11-14;14;1363;1.0431;1363
1;2025-11-14;15;1548;1.0112;1548
1;2025-11-14;16;1628;1.0112;1628
1;2025-11-14;17;1789;1.0175;1789
1;2025-11-14;18;1560;1.0071;1560
1;2025-11-14;19;1225;1.0375;1225
1;2025-11-14;20;829;1.0412;829
1;2025-11-14;21;507;1.0437;507
1;2025-11-14;22;239;1.0552;239
1;2025-11-14;23;56;1.0552;56
1;2025-11-15;0;6;0.9122;6
1;2025-11-15;1;0;1.0;0
1;2025-11-15;2;0;1.0;0
1;2025-11-15;3;0;1.0;0
1;2025-11-15;4;1;1.0;1
1;2025-11-15;5;35;0.9252;35
1;2025-11-15;6;176;0.9148;176
1;2025-11-15;7;365;0.9157;365
1;2025-11-15;8;491;0.9287;491
1;2025-11-15;9;779;0.9235;779
1;2025-11-15;10;920;0.9152;920
1;2025-11-15;11;867;0.897;867
1;2025-11-15;12;1068;0.8747;1068
1;2025-11-15;13;1091;0.8687;1091
1;2025-11-15;14;1026;0.8703;1026
1;2025-11-15;15;889;0.8783;889
1;2025-11-15;16;807;0.8815;807
1;2025-11-15;17;747;0.901;747
1;2025-11-15;18;674;0.9057;674
1;2025-11-15;19;604;0.9069;604
1;2025-11-15;20;450;0.9133;450
1;2025-11-15;21;322;0.9157;322
1;2025-11-15;22;149;0.9153;149
1;2025-11-15;23;37;0.9237;37
1;2025-11-16;0;0;1.0;0
1;2025-11-16;1;0;1.0;0
1;2025-11-16;2;0;1.0;0
1;2025-11-16;3;0;1.0;0
1;2025-11-16;4;0;1.0;0
1;2025-11-16;5;26;1.0253;26
1;2025-11-16;6;130;1.0253;130
1;2025-11-16;7;265;1.0233;265
1;2025-11-16;8;366;1.0313;366
1;2025-11-16;9;608;1.0132;608
1;2025-11-16;10;709;0.9956;709
1;2025-11-16;11;708;0.9992;708
1;2025-11-16;12;845;0.9821;845
1;2025-11-16;13;891;0.981;891
1;2025-11-16;14;790;0.9841;790
1;2025-11-16;15;715;0.9945;715
1;2025-11-16;16;658;1.0005;658
1;2025-11-16;17;605;1.0166;605
1;2025-11-16;18;550;1.0167;550
1;2025-11-16;19;458;1.0194;458
1;2025-11-16;20;353;1.0205;353
1;2025-11-16;21;270;1.0185;270
1;2025-11-16;22;107;1.0205;107
1;2025-11-16;23;31;1.0057;31
1;2025-11-17;0;5;1.0185;5
1;2025-11-17;1;0;1.0;0
1;2025-11-17;2;0;1.0;0
1;2025-11-17;3;0;1.0;0
1;2025-11-17;4;9;1.0053;9
1;2025-11-17;5;133;1.0089;133
1;2025-11-17;6;550;1.0185;550
1;2025-11-17;7;1544;1.0176;1544
1;2025-11-17;8;1987;0.9975;1987
1;2025-11-17;9;1488;1.0044;1488
1;2025-11-17;10;1348;1.0075;1348
1;2025-11-17;11;1354;1.0021;1354
1;2025-11-17;12;1393;1.0037;1393
1;2025-11-17;13;1436;0.9955;1436
1;2025-11-17;14;1380;1.0056;1380
1;2025-11-17;15;1534;1.0009;1534
1;2025-11-17;16;1555;1.012;1555
1;2025-11-17;17;1811;1.0133;1811
1;2025-11-17;18;1883;1.0154;1883
1;2025-11-17;19;1426;1.0177;1426
1;2025-11-17;20;923;1.0156;923
1;2025-11-17;21;496;1.0231;496
1;2025-11-17;22;232;1.0217;232
1;2025-11-17;23;47;1.0217;47
1;2025-11-18;0;5;1.0107;5
1;2025-11-18;1;0;1.0;0
1;2025-11-18;2;0;1.0;0
1;2025-11-18;3;0;1.0;0
1;2025-11-18;4;9;0.9546;9
1;2025-11-18;5;133;0.9653;133
1;2025-11-18;6;550;0.974;550
1;2025-11-18;7;1544;0.9825;1544
1;2025-11-18;8;1987;0.9786;1987
1;2025-11-18;9;1488;0.9778;1488
1;2025-11-18;10;1348;0.97;1348
1;2025-11-18;11;1354;0.9792;1354
1;2025-11-18;12;1393;0.9788;1393
1;2025-11-18;13;1436;0.9686;1436
1;2025-11-18;14;1380;0.9706;1380
1;2025-11-18;15;1534;0.9688;1534
1;2025-11-18;16;1555;0.9771;1555
1;2025-11-18;17;1811;0.9768;1811
1;2025-11-18;18;1883;0.9642;1883
1;2025-11-18;19;1426;0.9782;1426
1;2025-11-18;20;923;0.9819;923
1;2025-11-18;21;496;0.9927;496
1;2025-11-18;22;232;0.9927;232
1;2025-11-18;23;47;0.9927;47
1;2025-11-19;0;5;1.0186;5
1;2025-11-19;1;0;1.0;0
1;2025-11-19;2;0;1.0;0
1;2025-11-19;3;0;1.0;0
1;2025-11-19;4;9;1.0183;9
1;2025-11-19;5;133;1.0365;133
1;2025-11-19;6;550;1.0403;550
1;2025-11-19;7;1544;1.0392;1544
1;2025-11-19;8;1987;1.0352;1987
1;2025-11-19;9;1488;1.0474;1488
1;2025-11-19;10;1348;1.0389;1348
1;2025-11-19;11;1354;1.0342;1354
1;2025-11-19;12;1393;1.0452;1393
1;2025-11-19;13;1436;1.0448;1436
1;2025-11-19;14;1380;1.0452;1380
1;2025-11-19;15;1534;1.0363;1534
1;2025-11-19;16;1555;1.0349;1555
1;2025-11-19;17;1811;1.0327;1811
1;2025-11-19;18;1883;1.0243;1883
1;2025-11-19;19;1426;1.0357;1426
1;2025-11-19;20;923;1.0404;923
1;2025-11-19;21;496;1.0479;496
1;2025-11-19;22;232;1.0479;232
1;2025-11-19;23;47;1.0379;47
1;2025-11-20;0;5;1.0422;5
1;2025-11-20;1;0;1.0;0
1;2025-11-20;2;0;1.0;0
1;2025-11-20;3;0;1.0;0
1;2025-11-20;4;9;1.0396;9
1;2025-11-20;5;133;1.0425;133
1;2025-11-20;6;550;1.0437;550
1;2025-11-20;7;1544;1.0423;1544
1;2025-11-20;8;1987;1.0376;1987
1;2025-11-20;9;1488;1.0495;1488
1;2025-11-20;10;1348;1.0519;1348
1;2025-11-20;11;1354;1.0475;1354
1;2025-11-20;12;1393;1.0471;1393
1;2025-11-20;13;1436;1.0454;1436
1;2025-11-20;14;1380;1.0488;1380
1;2025-11-20;15;1534;1.0391;1534
1;2025-11-20;16;1555;1.0377;1555
1;2025-11-20;17;1811;1.0357;1811
1;2025-11-20;18;1883;1.0236;1883
1;2025-11-20;19;1426;1.0343;1426
1;2025-11-20;20;923;1.0378;923
1;2025-11-20;21;496;1.0435;496
1;2025-11-20;22;232;1.0435;232
1;2025-11-20;23;47;1.0421;47
1;2025-11-21;0;5;1.0484;5
1;2025-11-21;1;0;1.0;0
1;2025-11-21;2;0;1.0;0
1;2025-11-21;3;0;1.0;0
1;2025-11-21;4;7;1.0548;7
1;2025-11-21;5;140;1.0519;140
1;2025-11-21;6;520;1.055;520
1;2025-11-21;7;1539;1.0543;1539
1;2025-11-21;8;1875;1.0493;1875
1;2025-11-21;9;1430;1.0624;1430
1;2025-11-21;10;1321;1.0675;1321
1;2025-11-21;11;1411;1.0631;1411
1;2025-11-21;12;1380;1.0602;1380
1;2025-11-21;13;1438;1.0557;1438
1;2025-11-21;14;1363;1.0567;1363
1;2025-11-21;15;1548;1.0441;1548
1;2025-11-21;16;1628;1.0441;1628
1;2025-11-21;17;1789;1.052;1789
1;2025-11-21;18;1560;1.0433;1560
1;2025-11-21;19;1225;1.0525;1225
1;2025-11-21;20;829;1.0571;829
1;2025-11-21;21;507;1.0597;507
1;2025-11-21;22;239;1.064;239
1;2025-11-21;23;56;1.064;56
1;2025-11-22;0;6;1.0026;6
1;2025-11-22;1;0;1.0;0
1;2025-11-22;2;0;1.0;0
1;2025-11-22;3;0;1.0;0
1;2025-11-22;4;1;1.0;1
1;2025-11-22;5;35;0.9865;35
1;2025-11-22;6;176;0.9843;176
1;2025-11-22;7;365;0.9929;365
1;2025-11-22;8;491;0.992;491
1;2025-11-22;9;779;0.9824;779
1;2025-11-22;10;920;0.9785;920
1;2025-11-22;11;867;0.9801;867
1;2025-11-22;12;1068;0.9632;1068
1;2025-11-22;13;1091;0.9641;1091
1;2025-11-22;14;1026;0.9636;1026
1;2025-11-22;15;889;0.9708;889
1;2025-11-22;16;807;0.9741;807
1;2025-11-22;17;747;0.9865;747
1;2025-11-22;18;674;1.001;674
1;2025-11-22;19;604;1.0024;604
1;2025-11-22;20;450;0.9985;450
1;2025-11-22;21;322;0.9791;322
1;2025-11-22;22;149;0.9814;149
1;2025-11-22;23;37;0.9791;37
1;2025-11-23;0;0;1.0;0
1;2025-11-23;1;0;1.0;0
1;2025-11-23;2;0;1.0;0
1;2025-11-23;3;0;1.0;0
1;2025-11-23;4;0;1.0;0
1;2025-11-23;5;26;1.0466;26
1;2025-11-23;6;130;1.0466;130
1;2025-11-23;7;265;1.0387;265
1;2025-11-23;8;366;1.0477;366
1;2025-11-23;9;608;1.0344;608
1;2025-11-23;10;709;1.0161;709
1;2025-11-23;11;708;1.0137;708
1;2025-11-23;12;845;0.9975;845
1;2025-11-23;13;891;0.9964;891
1;2025-11-23;14;790;0.9995;790
1;2025-11-23;15;715;1.0086;715
1;2025-11-23;16;658;1.016;658
1;2025-11-23;17;605;1.0385;605
1;2025-11-23;18;550;1.044;550
1;2025-11-23;19;458;1.0373;458
1;2025-11-23;20;353;1.0443;353
1;2025-11-23;21;270;1.0364;270
1;2025-11-23;22;107;1.0398;107
1;2025-11-23;23;31;1.0197;31
1;2025-11-24;0;5;0.9883;5
1;2025-11-24;1;0;1.0;0
1;2025-11-24;2;0;1.0;0
1;2025-11-24;3;0;1.0;0
1;2025-11-24;4;9;0.9846;9
1;2025-11-24;5;133;0.9843;133
1;2025-11-24;6;550;0.9942;550
1;2025-11-24;7;1544;0.9859;1544
1;2025-11-24;8;1987;0.9853;1987
1;2025-11-24;9;1488;0.9938;1488
1;2025-11-24;10;1348;0.9999;1348
1;2025-11-24;11;1354;0.9925;1354
1;2025-11-24;12;1393;0.9991;1393
1;2025-11-24;13;1436;0.9937;1436
1;2025-11-24;14;1380;0.9923;1380
1;2025-11-24;15;1534;1.0021;1534
1;2025-11-24;16;1555;0.9692;1555
1;2025-11-24;17;1811;0.9756;1811
1;2025-11-24;18;1883;0.9744;1883
1;2025-11-24;19;1426;0.982;1426
1;2025-11-24;20;923;0.9837;923
1;2025-11-24;21;496;0.9979;496
1;2025-11-24;22;232;0.9967;232
1;2025-11-24;23;47;0.9967;47
1;2025-11-25;0;5;1.0242;5
1;2025-11-25;1;0;1.0;0
1;2025-11-25;2;0;1.0;0
1;2025-11-25;3;0;1.0;0
1;2025-11-25;4;9;1.0366;9
1;2025-11-25;5;133;1.0385;133
1;2025-11-25;6;550;1.0467;550
1;2025-11-25;7;1544;1.0377;1544
1;2025-11-25;8;1987;1.0352;1987
1;2025-11-25;9;1488;1.0453;1488
1;2025-11-25;10;1348;1.0489;1348
1;2025-11-25;11;1354;1.0462;1354
1;2025-11-25;12;1393;1.0445;1393
1;2025-11-25;13;1436;1.0444;1436
1;2025-11-25;14;1380;1.046;1380
1;2025-11-25;15;1534;1.0346;1534
1;2025-11-25;16;1555;1.0335;1555
1;2025-11-25;17;1811;1.0312;1811
1;2025-11-25;18;1883;1.0235;1883
1;2025-11-25;19;1426;1.036;1426
1;2025-11-25;20;923;1.0407;923
1;2025-11-25;21;496;1.0542;496
1;2025-11-25;22;232;1.0541;232
1;2025-11-25;23;47;1.0541;47
1;2025-11-26;0;5;1.0389;5
1;2025-11-26;1;0;1.0;0
1;2025-11-26;2;0;1.0;0
1;2025-11-26;3;0;1.0;0
1;2025-11-26;4;9;1.0355;9
1;2025-11-26;5;133;1.0429;133
1;2025-11-26;6;550;1.0444;550
1;2025-11-26;7;1544;1.043;1544
1;2025-11-26;8;1987;1.0423;1987
1;2025-11-26;9;1488;1.0465;1488
1;2025-11-26;10;1348;1.0479;1348
1;2025-11-26;11;1354;1.0407;1354
1;2025-11-26;12;1393;1.0364;1393
1;2025-11-26;13;1436;1.0426;1436
1;2025-11-26;14;1380;1.0433;1380
1;2025-11-26;15;1534;1.0362;1534
1;2025-11-26;16;1555;1.0338;1555
1;2025-11-26;17;1811;1.0363;1811
1;2025-11-26;18;1883;1.0246;1883
1;2025-11-26;19;1426;1.0295;1426
1;2025-11-26;20;923;1.0301;923
1;2025-11-26;21;496;1.0456;496
1;2025-11-26;22;232;1.0444;232
1;2025-11-26;23;47;1.0409;47
1;2025-11-27;0;5;1.0417;5
1;2025-11-27;1;0;1.0;0
1;2025-11-27;2;0;1.0;0
1;2025-11-27;3;0;1.0;0
1;2025-11-27;4;9;1.0393;9
1;2025-11-27;5;133;1.0463;133
1;2025-11-27;6;550;1.0463;550
1;2025-11-27;7;1544;1.0462;1544
1;2025-11-27;8;1987;1.0413;1987
1;2025-11-27;9;1488;1.0518;1488
1;2025-11-27;10;1348;1.0541;1348
1;2025-11-27;11;1354;1.0436;1354
1;2025-11-27;12;1393;1.0427;1393
1;2025-11-27;13;1436;1.0399;1436
1;2025-11-27;14;1380;1.0425;1380
1;2025-11-27;15;1534;1.0409;1534
1;2025-11-27;16;1555;1.0399;1555
1;2025-11-27;17;1811;1.0403;1811
1;2025-11-27;18;1883;1.0283;1883
1;2025-11-27;19;1426;1.0306;1426
1;2025-11-27;20;923;1.0326;923
1;2025-11-27;21;496;1.0445;496
1;2025-11-27;22;232;1.0437;232
1;2025-11-27;23;47;1.0334;47
1;2025-11-28;0;5;1.0836;5
1;2025-11-28;1;0;1.0;0
1;2025-11-28;2;0;1.0;0
1;2025-11-28;3;0;1.0;0
1;2025-11-28;4;7;1.0726;7
1;2025-11-28;5;140;1.0724;140
1;2025-11-28;6;520;1.0833;520
1;2025-11-28;7;1539;1.0738;1539
1;2025-11-28;8;1875;1.0693;1875
1;2025-11-28;9;1430;1.0801;1430
1;2025-11-28;10;1321;1.0852;1321
1;2025-11-28;11;1411;1.0807;1411
1;2025-11-28;12;1380;1.0798;1380
1;2025-11-28;13;1438;1.0745;1438
1;2025-11-28;14;1363;1.0756;1363
1;2025-11-28;15;1548;1.0639;1548
1;2025-11-28;16;1628;1.0639;1628
1;2025-11-28;17;1789;1.0701;1789
1;2025-11-28;18;1560;1.0606;1560
1;2025-11-28;19;1225;1.068;1225
1;2025-11-28;20;829;1.0738;829
1;2025-11-28;21;507;1.0764;507
1;2025-11-28;22;239;1.0872;239
1;2025-11-28;23;56;1.0872;56
1;2025-11-29;0;6;1.0399;6
1;2025-11-29;1;0;1.0;0
1;2025-11-29;2;0;1.0;0
1;2025-11-29;3;0;1.0;0
1;2025-11-29;4;1;1.0;1
1;2025-11-29;5;35;1.0399;35
1;2025-11-29;6;176;1.0399;176
1;2025-11-29;7;365;1.0351;365
1;2025-11-29;8;491;1.0402;491
1;2025-11-29;9;779;1.0322;779
1;2025-11-29;10;920;1.0198;920
1;2025-11-29;11;867;1.022;867
1;2025-11-29;12;1068;1.0111;1068
1;2025-11-29;13;1091;1.0073;1091
1;2025-11-29;14;1026;1.0119;1026
1;2025-11-29;15;889;1.0178;889
1;2025-11-29;16;807;1.0215;807
1;2025-11-29;17;747;1.0309;747
1;2025-11-29;18;674;1.0439;674
1;2025-11-29;19;604;1.0422;604
1;2025-11-29;20;450;1.0368;450
1;2025-11-29;21;322;1.0368;322
1;2025-11-29;22;149;1.0368;149
1;2025-11-29;23;37;1.0368;37
1;2025-11-30;0;0;1.0;0
1;2025-11-30;1;0;1.0;0
1;2025-11-30;2;0;1.0;0
1;2025-11-30;3;0;1.0;0
1;2025-11-30;4;0;1.0;0
1;2025-11-30;5;26;1.0771;26
1;2025-11-30;6;130;1.0771;130
1;2025-11-30;7;265;1.0632;265
1;2025-11-30;8;366;1.0722;366
1;2025-11-30;9;608;1.0619;608
1;2025-11-30;10;709;1.0502;709
1;2025-11-30;11;708;1.0463;708
1;2025-11-30;12;845;1.0319;845
1;2025-11-30;13;891;1.0308;891
1;2025-11-30;14;790;1.0339;790
1;2025-11-30;15;715;1.0409;715
1;2025-11-30;16;658;1.0471;658
1;2025-11-30;17;605;1.0645;605
1;2025-11-30;18;550;1.076;550
1;2025-11-30;19;458;1.0648;458
1;2025-11-30;20;353;1.0763;353
1;2025-11-30;21;270;1.0624;270
1;2025-11-30;22;107;1.0778;107
1;2025-11-30;23;31;1.0778;31
1;2025-12-01;0;5;1.0239;5
1;2025-12-01;1;0;1.0;0
1;2025-12-01;2;0;1.0;0
1;2025-12-01;3;0;1.0;0
1;2025-12-01;4;9;1.0021;9
1;2025-12-01;5;133;1.0162;133
1;2025-12-01;6;550;1.0162;550
1;2025-12-01;7;1544;0.999;1544
1;2025-12-01;8;1987;0.9994;1987
1;2025-12-01;9;1488;1.0087;1488
1;2025-12-01;10;1348;1.0024;1348
1;2025-12-01;11;1354;0.9985;1354
1;2025-12-01;12;1393;0.9974;1393
1;2025-12-01;13;1436;0.997;1436
1;2025-12-01;14;1380;0.997;1380
1;2025-12-01;15;1534;1.0012;1534
1;2025-12-01;16;1555;1.0008;1555
1;2025-12-01;17;1811;0.9982;1811
1;2025-12-01;18;1883;0.9915;1883
1;2025-12-01;19;1426;0.9936;1426
1;2025-12-01;20;923;0.9967;923
1;2025-12-01;21;496;1.0162;496
1;2025-12-01;22;232;1.0161;232
1;2025-12-01;23;47;1.0209;47
1;2025-12-02;0;5;1.0453;5
1;2025-12-02;1;0;1.0;0
1;2025-12-02;2;0;1.0;0
1;2025-12-02;3;0;1.0;0
1;2025-12-02;4;9;1.0337;9
1;2025-12-02;5;133;1.0474;133
1;2025-12-02;6;550;1.0484;550
1;2025-12-02;7;1544;1.036;1544
1;2025-12-02;8;1987;1.0344;1987
1;2025-12-02;9;1488;1.0421;1488
1;2025-12-02;10;1348;1.0444;1348
1;2025-12-02;11;1354;1.0402;1354
1;2025-12-02;12;1393;1.0398;1393
1;2025-12-02;13;1436;1.0381;1436
1;2025-12-02;14;1380;1.0398;1380
1;2025-12-02;15;1534;1.0333;1534
1;2025-12-02;16;1555;1.0321;1555
1;2025-12-02;17;1811;1.031;1811
1;2025-12-02;18;1883;1.0226;1883
1;2025-12-02;19;1426;1.031;1426
1;2025-12-02;20;923;1.0337;923
1;2025-12-02;21;496;1.0532;496
1;2025-12-02;22;232;1.0531;232
1;2025-12-02;23;47;1.0531;47
1;2025-12-03;0;5;1.0521;5
1;2025-12-03;1;0;1.0;0
1;2025-12-03;2;0;1.0;0
1;2025-12-03;3;0;1.0;0
1;2025-12-03;4;9;1.0374;9
1;2025-12-03;5;133;1.0521;133
1;2025-12-03;6;550;1.0521;550
1;2025-12-03;7;1544;1.0411;1544
1;2025-12-03;8;1987;1.0368;1987
1;2025-12-03;9;1488;1.0468;1488
1;2025-12-03;10;1348;1.0487;1348
1;2025-12-03;11;1354;1.0457;1354
1;2025-12-03;12;1393;1.0452;1393
1;2025-12-03;13;1436;1.0436;1436
1;2025-12-03;14;1380;1.0452;1380
1;2025-12-03;15;1534;1.0374;1534
1;2025-12-03;16;1555;1.036;1555
1;2025-12-03;17;1811;1.0349;1811
1;2025-12-03;18;1883;1.0265;1883
1;2025-12-03;19;1426;1.0347;1426
1;2025-12-03;20;923;1.0374;923
1;2025-12-03;21;496;1.0569;496
1;2025-12-03;22;232;1.0568;232
1;2025-12-03;23;47;1.0568;47
1;2025-12-04;0;5;1.0553;5
1;2025-12-04;1;0;1.0;0
1;2025-12-04;2;0;1.0;0
1;2025-12-04;3;0;1.0;0
1;2025-12-04;4;9;1.0405;9
1;2025-12-04;5;133;1.0562;133
1;2025-12-04;6;550;1.0562;550
1;2025-12-04;7;1544;1.0445;1544
1;2025-12-04;8;1987;1.0403;1987
1;2025-12-04;9;1488;1.0506;1488
1;2025-12-04;10;1348;1.0521;1348
1;2025-12-04;11;1354;1.0488;1354
1;2025-12-04;12;1393;1.0483;1393
1;2025-12-04;13;1436;1.0467;1436
1;2025-12-04;14;1380;1.0483;1380
1;2025-12-04;15;1534;1.0412;1534
1;2025-12-04;16;1555;1.0398;1555
1;2025-12-04;17;1811;1.0387;1811
1;2025-12-04;18;1883;1.0268;1883
1;2025-12-04;19;1426;1.0361;1426
1;2025-12-04;20;923;1.0371;923
1;2025-12-04;21;496;1.0566;496
1;2025-12-04;22;232;1.0565;232
1;2025-12-04;23;47;1.0565;47
1;2025-12-05;0;5;1.0878;5
1;2025-12-05;1;0;1.0;0
1;2025-12-05;2;0;1.0;0
1;2025-12-05;3;0;1.0;0
1;2025-12-05;4;7;1.0693;7
1;2025-12-05;5;140;1.0693;140
1;2025-12-05;6;520;1.0878;520
1;2025-12-05;7;1539;1.0697;1539
1;2025-12-05;8;1875;1.0677;1875
1;2025-12-05;9;1430;1.0771;1430
1;2025-12-05;10;1321;1.0814;1321
1;2025-12-05;11;1411;1.0779;1411
1;2025-12-05;12;1380;1.0758;1380
1;2025-12-05;13;1438;1.0711;1438
1;2025-12-05;14;1363;1.0728;1363
1;2025-12-05;15;1548;1.0621;1548
1;2025-12-05;16;1628;1.0607;1628
1;2025-12-05;17;1789;1.0678;1789
1;2025-12-05;18;1560;1.0572;1560
1;2025-12-05;19;1225;1.0662;1225
1;2025-12-05;20;829;1.0699;829
1;2025-12-05;21;507;1.0725;507
1;2025-12-05;22;239;1.0894;239
1;2025-12-05;23;56;1.0894;56
1;2025-12-06;0;6;1.0117;6
1;2025-12-06;1;0;1.0;0
1;2025-12-06;2;0;1.0;0
1;2025-12-06;3;0;1.0;0
1;2025-12-06;4;1;1.0;1
1;2025-12-06;5;35;1.0132;35
1;2025-12-06;6;176;1.0132;176
1;2025-12-06;7;365;1.0067;365
1;2025-12-06;8;491;1.0105;491
1;2025-12-06;9;779;1.0039;779
1;2025-12-06;10;920;0.9953;920
1;2025-12-06;11;867;0.9932;867
1;2025-12-06;12;1068;0.9814;1068
1;2025-12-06;13;1091;0.9791;1091
1;2025-12-06;14;1026;0.9823;1026
1;2025-12-06;15;889;0.9895;889
1;2025-12-06;16;807;0.9914;807
1;2025-12-06;17;747;1.0022;747
1;2025-12-06;18;674;1.0261;674
1;2025-12-06;19;604;1.0239;604
1;2025-12-06;20;450;1.0185;450
1;2025-12-06;21;322;1.018;322
1;2025-12-06;22;149;1.0112;149
1;2025-12-06;23;37;1.0112;37
1;2025-12-07;0;0;1.0;0
1;2025-12-07;1;0;1.0;0
1;2025-12-07;2;0;1.0;0
1;2025-12-07;3;0;1.0;0
1;2025-12-07;4;0;1.0;0
1;2025-12-07;5;26;1.0321;26
1;2025-12-07;6;130;1.0321;130
1;2025-12-07;7;265;1.0182;265
1;2025-12-07;8;366;1.0272;366
1;2025-12-07;9;608;1.0145;608
1;2025-12-07;10;709;0.9999;709
1;2025-12-07;11;708;0.9951;708
1;2025-12-07;12;845;0.9797;845
1;2025-12-07;13;891;0.9814;891
1;2025-12-07;14;790;0.9847;790
1;2025-12-07;15;715;0.9949;715
1;2025-12-07;16;658;1.0006;658
1;2025-12-07;17;605;1.0178;605
1;2025-12-07;18;550;1.0389;550
1;2025-12-07;19;458;1.0279;458
1;2025-12-07;20;353;1.0409;353
1;2025-12-07;21;270;1.027;270
1;2025-12-07;22;107;1.0409;107
1;2025-12-07;23;31;1.0409;31
1;2025-12-08;0;5;1.0353;5
1;2025-12-08;1;0;1.0;0
1;2025-12-08;2;0;1.0;0
1;2025-12-08;3;0;1.0;0
1;2025-12-08;4;9;1.0261;9
1;2025-12-08;5;133;1.0409;133
1;2025-12-08;6;550;1.0399;550
1;2025-12-08;7;1544;1.0344;1544
1;2025-12-08;8;1987;1.0357;1987
1;2025-12-08;9;1488;1.033;1488
1;2025-12-08;10;1348;1.0351;1348
1;2025-12-08;11;1354;1.0313;1354
1;2025-12-08;12;1393;1.0308;1393
1;2025-12-08;13;1436;1.0281;1436
1;2025-12-08;14;1380;1.0308;1380
1;2025-12-08;15;1534;1.0265;1534
1;2025-12-08;16;1555;1.0256;1555
1;2025-12-08;17;1811;1.0289;1811
1;2025-12-08;18;1883;1.0183;1883
1;2025-12-08;19;1426;1.0218;1426
1;2025-12-08;20;923;1.0218;923
1;2025-12-08;21;496;1.0419;496
1;2025-12-08;22;232;1.0411;232
1;2025-12-08;23;47;1.0411;47
1;2025-12-09;0;5;1.0475;5
1;2025-12-09;1;0;1.0;0
1;2025-12-09;2;0;1.0;0
1;2025-12-09;3;0;1.0;0
1;2025-12-09;4;9;1.0328;9
1;2025-12-09;5;133;1.0428;133
1;2025-12-09;6;550;1.0428;550
1;2025-12-09;7;1544;0.9974;1544
1;2025-12-09;8;1987;1.0063;1987
1;2025-12-09;9;1488;1.0225;1488
1;2025-12-09;10;1348;1.0276;1348
1;2025-12-09;11;1354;1.0016;1354
1;2025-12-09;12;1393;1.0001;1393
1;2025-12-09;13;1436;0.9974;1436
1;2025-12-09;14;1380;0.9975;1380
1;2025-12-09;15;1534;1.0083;1534
1;2025-12-09;16;1555;1.0173;1555
1;2025-12-09;17;1811;0.9903;1811
1;2025-12-09;18;1883;0.9889;1883
1;2025-12-09;19;1426;1.021;1426
1;2025-12-09;20;923;1.0187;923
1;2025-12-09;21;496;1.0365;496
1;2025-12-09;22;232;1.0457;232
1;2025-12-09;23;47;1.0488;47
1;2025-12-10;0;5;1.0507;5
1;2025-12-10;1;0;1.0;0
1;2025-12-10;2;0;1.0;0
1;2025-12-10;3;0;1.0;0
1;2025-12-10;4;9;1.038;9
1;2025-12-10;5;133;1.0529;133
1;2025-12-10;6;550;1.0517;550
1;2025-12-10;7;1544;1.0392;1544
1;2025-12-10;8;1987;1.0346;1987
1;2025-12-10;9;1488;1.0516;1488
1;2025-12-10;10;1348;1.0548;1348
1;2025-12-10;11;1354;1.0502;1354
1;2025-12-10;12;1393;1.0493;1393
1;2025-12-10;13;1436;1.047;1436
1;2025-12-10;14;1380;1.0493;1380
1;2025-12-10;15;1534;1.0367;1534
1;2025-12-10;16;1555;1.0353;1555
1;2025-12-10;17;1811;1.0329;1811
1;2025-12-10;18;1883;1.0229;1883
1;2025-12-10;19;1426;1.0402;1426
1;2025-12-10;20;923;1.0429;923
1;2025-12-10;21;496;1.0612;496
1;2025-12-10;22;232;1.0611;232
1;2025-12-10;23;47;1.0611;47
1;2025-12-11;0;5;1.0556;5
1;2025-12-11;1;0;1.0;0
1;2025-12-11;2;0;1.0;0
1;2025-12-11;3;0;1.0;0
1;2025-12-11;4;9;1.0431;9
1;2025-12-11;5;133;1.0561;133
1;2025-12-11;6;550;1.0493;550
1;2025-12-11;7;1544;1.0184;1544
1;2025-12-11;8;1987;1.0204;1987
1;2025-12-11;9;1488;1.03;1488
1;2025-12-11;10;1348;1.0343;1348
1;2025-12-11;11;1354;1.0227;1354
1;2025-12-11;12;1393;1.0219;1393
1;2025-12-11;13;1436;1.0271;1436
1;2025-12-11;14;1380;1.0283;1380
1;2025-12-11;15;1534;1.0346;1534
1;2025-12-11;16;1555;1.037;1555
1;2025-12-11;17;1811;1.0435;1811
1;2025-12-11;18;1883;1.0299;1883
1;2025-12-11;19;1426;1.0358;1426
1;2025-12-11;20;923;1.0351;923
1;2025-12-11;21;496;1.0532;496
1;2025-12-11;22;232;1.0543;232
1;2025-12-11;23;47;1.0538;47
1;2025-12-12;0;5;1.0672;5
1;2025-12-12;1;0;1.0;0
1;2025-12-12;2;0;1.0;0
1;2025-12-12;3;0;1.0;0
1;2025-12-12;4;7;1.0562;7
1;2025-12-12;5;140;1.0492;140
1;2025-12-12;6;520;1.0648;520
1;2025-12-12;7;1539;1.0512;1539
1;2025-12-12;8;1875;1.046;1875
1;2025-12-12;9;1430;1.0665;1430
1;2025-12-12;10;1321;1.0721;1321
1;2025-12-12;11;1411;1.0658;1411
1;2025-12-12;12;1380;1.0574;1380
1;2025-12-12;13;1438;1.0527;1438
1;2025-12-12;14;1363;1.0539;1363
1;2025-12-12;15;1548;1.0394;1548
1;2025-12-12;16;1628;1.0133;1628
1;2025-12-12;17;1789;1.0194;1789
1;2025-12-12;18;1560;1.0085;1560
1;2025-12-12;19;1225;1.043;1225
1;2025-12-12;20;829;1.0439;829
1;2025-12-12;21;507;1.0457;507
1;2025-12-12;22;239;1.0621;239
1;2025-12-12;23;56;1.0621;56
1;2025-12-13;0;6;0.9717;6
1;2025-12-13;1;0;1.0;0
1;2025-12-13;2;0;1.0;0
1;2025-12-13;3;0;1.0;0
1;2025-12-13;4;1;1.0;1
1;2025-12-13;5;35;0.963;35
1;2025-12-13;6;176;0.9671;176
1;2025-12-13;7;365;0.9479;365
1;2025-12-13;8;491;0.9564;491
1;2025-12-13;9;779;0.9197;779
1;2025-12-13;10;920;0.8858;920
1;2025-12-13;11;867;0.8891;867
1;2025-12-13;12;1068;0.8727;1068
1;2025-12-13;13;1091;0.8738;1091
1;2025-12-13;14;1026;0.8736;1026
1;2025-12-13;15;889;0.8814;889
1;2025-12-13;16;807;0.8979;807
1;2025-12-13;17;747;0.9318;747
1;2025-12-13;18;674;0.9571;674
1;2025-12-13;19;604;0.97;604
1;2025-12-13;20;450;0.9597;450
1;2025-12-13;21;322;0.9508;322
1;2025-12-13;22;149;0.9646;149
1;2025-12-13;23;37;0.9597;37
1;2025-12-14;0;0;1.0;0
1;2025-12-14;1;0;1.0;0
1;2025-12-14;2;0;1.0;0
1;2025-12-14;3;0;1.0;0
1;2025-12-14;4;0;1.0;0
1;2025-12-14;5;26;1.0001;26
1;2025-12-14;6;130;1.0162;130
1;2025-12-14;7;265;1.001;265
1;2025-12-14;8;366;0.9991;366
1;2025-12-14;9;608;0.9537;608
1;2025-12-14;10;709;0.9375;709
1;2025-12-14;11;708;0.959;708
1;2025-12-14;12;845;0.8617;845
1;2025-12-14;13;891;0.8605;891
1;2025-12-14;14;790;0.863;790
1;2025-12-14;15;715;0.872;715
1;2025-12-14;16;658;0.9627;658
1;2025-12-14;17;605;0.9916;605
1;2025-12-14;18;550;1.0092;550
1;2025-12-14;19;458;1.0006;458
1;2025-12-14;20;353;1.015;353
1;2025-12-14;21;270;0.9945;270
1;2025-12-14;22;107;1.0195;107
1;2025-12-14;23;31;1.0227;31
1;2025-12-15;0;5;1.0088;5
1;2025-12-15;1;0;1.0;0
1;2025-12-15;2;0;1.0;0
1;2025-12-15;3;0;1.0;0
1;2025-12-15;4;9;0.9861;9
1;2025-12-15;5;133;1.001;133
1;2025-12-15;6;550;1.001;550
1;2025-12-15;7;1544;0.9913;1544
1;2025-12-15;8;1987;0.9904;1987
1;2025-12-15;9;1488;0.9942;1488
1;2025-12-15;10;1348;0.9966;1348
1;2025-12-15;11;1354;0.9931;1354
1;2025-12-15;12;1393;0.9901;1393
1;2025-12-15;13;1436;0.9873;1436
1;2025-12-15;14;1380;0.9879;1380
1;2025-12-15;15;1534;0.9848;1534
1;2025-12-15;16;1555;0.9839;1555
1;2025-12-15;17;1811;0.9887;1811
1;2025-12-15;18;1883;0.9852;1883
1;2025-12-15;19;1426;0.9907;1426
1;2025-12-15;20;923;0.995;923
1;2025-12-15;21;496;1.0138;496
1;2025-12-15;22;232;1.0138;232
1;2025-12-15;23;47;1.0138;47
1;2025-12-16;0;5;1.0515;5
1;2025-12-16;1;0;1.0;0
1;2025-12-16;2;0;1.0;0
1;2025-12-16;3;0;1.0;0
1;2025-12-16;4;9;1.0369;9
1;2025-12-16;5;133;1.0512;133
1;2025-12-16;6;550;1.0512;550
1;2025-12-16;7;1544;1.0386;1544
1;2025-12-16;8;1987;1.0317;1987
1;2025-12-16;9;1488;1.0547;1488
1;2025-12-16;10;1348;1.0602;1348
1;2025-12-16;11;1354;1.0484;1354
1;2025-12-16;12;1393;1.0503;1393
1;2025-12-16;13;1436;1.0485;1436
1;2025-12-16;14;1380;1.0553;1380
1;2025-12-16;15;1534;1.0438;1534
1;2025-12-16;16;1555;1.0447;1555
1;2025-12-16;17;1811;1.041;1811
1;2025-12-16;18;1883;1.0169;1883
1;2025-12-16;19;1426;1.0362;1426
1;2025-12-16;20;923;1.0387;923
1;2025-12-16;21;496;1.0626;496
1;2025-12-16;22;232;1.0626;232
1;2025-12-16;23;47;1.0627;47
1;2025-12-17;0;5;1.062;5
1;2025-12-17;1;0;1.0;0
1;2025-12-17;2;0;1.0;0
1;2025-12-17;3;0;1.0;0
1;2025-12-17;4;9;1.0467;9
1;2025-12-17;5;133;1.0615;133
1;2025-12-17;6;550;1.0628;550
1;2025-12-17;7;1544;1.0497;1544
1;2025-12-17;8;1987;1.0456;1987
1;2025-12-17;9;1488;1.0578;1488
1;2025-12-17;10;1348;1.0632;1348
1;2025-12-17;11;1354;1.0576;1354
1;2025-12-17;12;1393;1.0572;1393
1;2025-12-17;13;1436;1.0555;1436
1;2025-12-17;14;1380;1.0572;1380
1;2025-12-17;15;1534;1.0467;1534
1;2025-12-17;16;1555;1.0435;1555
1;2025-12-17;17;1811;1.0413;1811
1;2025-12-17;18;1883;1.033;1883
1;2025-12-17;19;1426;1.0458;1426
1;2025-12-17;20;923;1.0496;923
1;2025-12-17;21;496;1.069;496
1;2025-12-17;22;232;1.069;232
1;2025-12-17;23;47;1.069;47
1;2025-12-18;0;5;1.0663;5
1;2025-12-18;1;0;1.0;0
1;2025-12-18;2;0;1.0;0
1;2025-12-18;3;0;1.0;0
1;2025-12-18;4;9;1.0488;9
1;2025-12-18;5;133;1.0636;133
1;2025-12-18;6;550;1.0648;550
1;2025-12-18;7;1544;1.05;1544
1;2025-12-18;8;1987;1.0459;1987
1;2025-12-18;9;1488;1.0581;1488
1;2025-12-18;10;1348;1.0524;1348
1;2025-12-18;11;1354;1.0311;1354
1;2025-12-18;12;1393;1.0473;1393
1;2025-12-18;13;1436;1.0565;1436
1;2025-12-18;14;1380;1.0582;1380
1;2025-12-18;15;1534;1.0477;1534
1;2025-12-18;16;1555;1.0463;1555
1;2025-12-18;17;1811;1.0428;1811
1;2025-12-18;18;1883;1.03;1883
1;2025-12-18;19;1426;1.0428;1426
1;2025-12-18;20;923;1.0452;923
1;2025-12-18;21;496;1.066;496
1;2025-12-18;22;232;1.0646;232
1;2025-12-18;23;47;1.0646;47
1;2025-12-19;0;5;1.0713;5
1;2025-12-19;1;0;1.0;0
1;2025-12-19;2;0;1.0;0
1;2025-12-19;3;0;1.0;0
1;2025-12-19;4;7;1.0595;7
1;2025-12-19;5;140;1.0583;140
1;2025-12-19;6;520;1.0704;520
1;2025-12-19;7;1539;1.0545;1539
1;2025-12-19;8;1875;1.0503;1875
1;2025-12-19;9;1430;1.0671;1430
1;2025-12-19;10;1321;1.0734;1321
1;2025-12-19;11;1411;1.0689;1411
1;2025-12-19;12;1380;1.0668;1380
1;2025-12-19;13;1438;1.0606;1438
1;2025-12-19;14;1363;1.0622;1363
1;2025-12-19;15;1548;1.0447;1548
1;2025-12-19;16;1628;1.0459;1628
1;2025-12-19;17;1789;1.0549;1789
1;2025-12-19;18;1560;1.0443;1560
1;2025-12-19;19;1225;1.0569;1225
1;2025-12-19;20;829;1.0605;829
1;2025-12-19;21;507;1.0631;507
1;2025-12-19;22;239;1.0793;239
1;2025-12-19;23;56;1.0793;56
1;2025-12-20;0;6;1.0413;6
1;2025-12-20;1;0;1.0;0
1;2025-12-20;2;0;1.0;0
1;2025-12-20;3;0;1.0;0
1;2025-12-20;4;1;1.0;1
1;2025-12-20;5;35;1.0413;35
1;2025-12-20;6;176;1.0413;176
1;2025-12-20;7;365;1.0363;365
1;2025-12-20;8;491;1.0414;491
1;2025-12-20;9;779;1.0253;779
1;2025-12-20;10;920;1.0182;920
1;2025-12-20;11;867;1.0171;867
1;2025-12-20;12;1068;1.0053;1068
1;2025-12-20;13;1091;1.0056;1091
1;2025-12-20;14;1026;1.0057;1026
1;2025-12-20;15;889;1.0157;889
1;2025-12-20;16;807;1.0144;807
1;2025-12-20;17;747;1.0265;747
1;2025-12-20;18;674;1.0384;674
1;2025-12-20;19;604;1.0367;604
1;2025-12-20;20;450;1.0195;450
1;2025-12-20;21;322;1.0195;322
1;2025-12-20;22;149;1.0313;149
1;2025-12-20;23;37;1.0313;37
1;2025-12-21;0;0;1.0;0
1;2025-12-21;1;0;1.0;0
1;2025-12-21;2;0;1.0;0
1;2025-12-21;3;0;1.0;0
1;2025-12-21;4;0;1.0;0
1;2025-12-21;5;26;1.0316;26
1;2025-12-21;6;130;1.0135;130
1;2025-12-21;7;265;1.0117;265
1;2025-12-21;8;366;1.0259;366
1;2025-12-21;9;608;1.0095;608
1;2025-12-21;10;709;0.996;709
1;2025-12-21;11;708;0.989;708
1;2025-12-21;12;845;0.9643;845
1;2025-12-21;13;891;0.9707;891
1;2025-12-21;14;790;0.9738;790
1;2025-12-21;15;715;0.9846;715
1;2025-12-21;16;658;0.992;658
1;2025-12-21;17;605;1.0141;605
1;2025-12-21;18;550;1.0316;550
1;2025-12-21;19;458;1.018;458
1;2025-12-21;20;353;1.0363;353
1;2025-12-21;21;270;1.0171;270
1;2025-12-21;22;107;1.0302;107
1;2025-12-21;23;31;1.0363;31
1;2025-12-22;0;5;1.0369;5
1;2025-12-22;1;0;1.0;0
1;2025-12-22;2;0;1.0;0
1;2025-12-22;3;0;1.0;0
1;2025-12-22;4;9;1.0158;9
1;2025-12-22;5;133;1.0351;133
1;2025-12-22;6;550;1.0351;550
1;2025-12-22;7;1544;1.0263;1544
1;2025-12-22;8;1987;1.0277;1987
1;2025-12-22;9;1488;1.0313;1488
1;2025-12-22;10;1348;1.0353;1348
1;2025-12-22;11;1354;1.0288;1354
1;2025-12-22;12;1393;1.021;1393
1;2025-12-22;13;1436;0.9924;1436
1;2025-12-22;14;1380;0.9924;1380
1;2025-12-22;15;1534;0.9862;1534
1;2025-12-22;16;1555;0.984;1555
1;2025-12-22;17;1811;0.9888;1811
1;2025-12-22;18;1883;0.986;1883
1;2025-12-22;19;1426;0.9936;1426
1;2025-12-22;20;923;1.0017;923
1;2025-12-22;21;496;1.0251;496
1;2025-12-22;22;232;1.0409;232
1;2025-12-22;23;47;1.0172;47
1;2025-12-23;0;5;1.0344;5
1;2025-12-23;1;0;1.0;0
1;2025-12-23;2;0;1.0;0
1;2025-12-23;3;0;1.0;0
1;2025-12-23;4;9;1.0118;9
1;2025-12-23;5;133;1.0344;133
1;2025-12-23;6;550;1.0344;550
1;2025-12-23;7;1544;1.0077;1544
1;2025-12-23;8;1987;1.0039;1987
1;2025-12-23;9;1488;1.0199;1488
1;2025-12-23;10;1348;1.0247;1348
1;2025-12-23;11;1354;1.0204;1354
1;2025-12-23;12;1393;1.0192;1393
1;2025-12-23;13;1436;1.0175;1436
1;2025-12-23;14;1380;1.0222;1380
1;2025-12-23;15;1534;1.02;1534
1;2025-12-23;16;1555;1.0192;1555
1;2025-12-23;17;1811;1.0207;1811
1;2025-12-23;18;1883;1.0138;1883
1;2025-12-23;19;1426;1.0346;1426
1;2025-12-23;20;923;1.0385;923
1;2025-12-23;21;496;1.0604;496
1;2025-12-23;22;232;1.0621;232
1;2025-12-23;23;47;1.0621;47
1;2025-12-24;0;5;1.0505;5
1;2025-12-24;1;0;1.0;0
1;2025-12-24;2;0;1.0;0
1;2025-12-24;3;0;1.0;0
1;2025-12-24;4;9;1.0312;9
1;2025-12-24;5;133;1.0505;133
1;2025-12-24;6;550;1.0505;550
1;2025-12-24;7;1544;1.0313;1544
1;2025-12-24;8;1987;1.0252;1987
1;2025-12-24;9;1488;1.0425;1488
1;2025-12-24;10;1348;1.0445;1348
1;2025-12-24;11;1354;1.031;1354
1;2025-12-24;12;1393;1.0392;1393
1;2025-12-24;13;1436;1.0138;1436
1;2025-12-24;14;1380;1.015;1380
1;2025-12-24;15;1534;1.0038;1534
1;2025-12-24;16;1555;1.0135;1555
1;2025-12-24;17;1811;1.0246;1811
1;2025-12-24;18;1883;1.0148;1883
1;2025-12-24;19;1426;1.0205;1426
1;2025-12-24;20;923;1.0275;923
1;2025-12-24;21;496;1.0552;496
1;2025-12-24;22;232;1.0551;232
1;2025-12-24;23;47;1.0551;47
1;2025-12-25;0;5;1.0561;5
1;2025-12-25;1;0;1.0;0
1;2025-12-25;2;0;1.0;0
1;2025-12-25;3;0;1.0;0
1;2025-12-25;4;9;1.045;9
1;2025-12-25;5;133;1.0658;133
1;2025-12-25;6;550;1.0663;550
1;2025-12-25;7;1544;1.0501;1544
1;2025-12-25;8;1987;1.0423;1987
1;2025-12-25;9;1488;1.0565;1488
1;2025-12-25;10;1348;1.0612;1348
1;2025-12-25;11;1354;1.0557;1354
1;2025-12-25;12;1393;1.0542;1393
1;2025-12-25;13;1436;1.0526;1436
1;2025-12-25;14;1380;1.0451;1380
1;2025-12-25;15;1534;1.0295;1534
1;2025-12-25;16;1555;1.0285;1555
1;2025-12-25;17;1811;1.0104;1811
1;2025-12-25;18;1883;1.0013;1883
1;2025-12-25;19;1426;1.0192;1426
1;2025-12-25;20;923;1.0156;923
1;2025-12-25;21;496;1.0374;496
1;2025-12-25;22;232;1.0397;232
1;2025-12-25;23;47;1.0303;47
1;2025-12-26;0;5;1.0345;5
1;2025-12-26;1;0;1.0;0
1;2025-12-26;2;0;1.0;0
1;2025-12-26;3;0;1.0;0
1;2025-12-26;4;7;1.0292;7
1;2025-12-26;5;140;1.0299;140
1;2025-12-26;6;520;1.0463;520
1;2025-12-26;7;1539;1.0239;1539
1;2025-12-26;8;1875;1.0147;1875
1;2025-12-26;9;1430;1.0332;1430
1;2025-12-26;10;1321;1.0421;1321
1;2025-12-26;11;1411;1.0269;1411
1;2025-12-26;12;1380;1.0211;1380
1;2025-12-26;13;1438;1.0217;1438
1;2025-12-26;14;1363;1.0232;1363
1;2025-12-26;15;1548;0.9958;1548
1;2025-12-26;16;1628;0.9964;1628
1;2025-12-26;17;1789;1.0053;1789
1;2025-12-26;18;1560;1.0031;1560
1;2025-12-26;19;1225;1.0231;1225
1;2025-12-26;20;829;1.0229;829
1;2025-12-26;21;507;1.0327;507
1;2025-12-26;22;239;1.0511;239
1;2025-12-26;23;56;1.0506;56
1;2025-12-27;0;6;1.0022;6
1;2025-12-27;1;0;1.0;0
1;2025-12-27;2;0;1.0;0
1;2025-12-27;3;0;1.0;0
1;2025-12-27;4;1;1.0;1
1;2025-12-27;5;35;1.0022;35
1;2025-12-27;6;176;1.0022;176
1;2025-12-27;7;365;0.9833;365
1;2025-12-27;8;491;1.003;491
1;2025-12-27;9;779;1.0019;779
1;2025-12-27;10;920;0.9903;920
1;2025-12-27;11;867;0.9887;867
1;2025-12-27;12;1068;0.9757;1068
1;2025-12-27;13;1091;0.9741;1091
1;2025-12-27;14;1026;0.9777;1026
1;2025-12-27;15;889;0.9868;889
1;2025-12-27;16;807;0.9931;807
1;2025-12-27;17;747;1.0085;747
1;2025-12-27;18;674;1.0371;674
1;2025-12-27;19;604;1.0397;604
1;2025-12-27;20;450;1.0343;450
1;2025-12-27;21;322;1.027;322
1;2025-12-27;22;149;1.0136;149
1;2025-12-27;23;37;1.0187;37
1;2025-12-28;0;0;1.0;0
1;2025-12-28;1;0;1.0;0
1;2025-12-28;2;0;1.0;0
1;2025-12-28;3;0;1.0;0
1;2025-12-28;4;0;1.0;0
1;2025-12-28;5;26;1.0037;26
1;2025-12-28;6;130;0.9957;130
1;2025-12-28;7;265;0.956;265
1;2025-12-28;8;366;0.9634;366
1;2025-12-28;9;608;0.9593;608
1;2025-12-28;10;709;0.9495;709
1;2025-12-28;11;708;0.9364;708
1;2025-12-28;12;845;0.9207;845
1;2025-12-28;13;891;0.9203;891
1;2025-12-28;14;790;0.9193;790
1;2025-12-28;15;715;0.9313;715
1;2025-12-28;16;658;0.9422;658
1;2025-12-28;17;605;0.9704;605
1;2025-12-28;18;550;1.0027;550
1;2025-12-28;19;458;0.9863;458
1;2025-12-28;20;353;0.9991;353
1;2025-12-28;21;270;0.9667;270
1;2025-12-28;22;107;0.9991;107
1;2025-12-28;23;31;1.0046;31
1;2025-12-29;0;5;1.0;5
1;2025-12-29;1;0;1.0;0
1;2025-12-29;2;0;1.0;0
1;2025-12-29;3;0;1.0;0
1;2025-12-29;4;8;1.0;8
1;2025-12-29;5;117;1.0;117
1;2025-12-29;6;483;1.0;483
1;2025-12-29;7;1358;1.0;1358
1;2025-12-29;8;1748;1.0;1748
1;2025-12-29;9;1310;1.0;1310
1;2025-12-29;10;1186;1.0;1186
1;2025-12-29;11;1191;1.0;1191
1;2025-12-29;12;1225;1.0;1225
1;2025-12-29;13;1263;1.0;1263
1;2025-12-29;14;1215;1.0;1215
1;2025-12-29;15;1350;1.0;1350
1;2025-12-29;16;1368;1.0;1368
1;2025-12-29;17;1595;1.0;1595
1;2025-12-29;18;1658;1.0;1658
1;2025-12-29;19;1254;1.0;1254
1;2025-12-29;20;812;1.0;812
1;2025-12-29;21;436;1.0;436
1;2025-12-29;22;204;1.0;204
1;2025-12-29;23;41;1.0;41
1;2025-12-30;0;5;1.0;5
1;2025-12-30;1;0;1.0;0
1;2025-12-30;2;0;1.0;0
1;2025-12-30;3;0;1.0;0
1;2025-12-30;4;8;1.0;8
1;2025-12-30;5;117;1.0;117
1;2025-12-30;6;483;1.0;483
1;2025-12-30;7;1358;1.0;1358
1;2025-12-30;8;1748;1.0;1748
1;2025-12-30;9;1310;1.0;1310
1;2025-12-30;10;1186;1.0;1186
1;2025-12-30;11;1191;1.0;1191
1;2025-12-30;12;1225;1.0;1225
1;2025-12-30;13;1263;1.0;1263
1;2025-12-30;14;1215;1.0;1215
1;2025-12-30;15;1350;1.0;1350
1;2025-12-30;16;1368;1.0;1368
1;2025-12-30;17;1595;1.0;1595
1;2025-12-30;18;1658;1.0;1658
1;2025-12-30;19;1254;1.0;1254
1;2025-12-30;20;812;1.0;812
1;2025-12-30;21;436;1.0;436
1;2025-12-30;22;204;1.0;204
1;2025-12-30;23;41;1.0;41
1;2025-12-31;0;3;1.0;3
1;2025-12-31;1;0;1.0;0
1;2025-12-31;2;0;1.0;0
1;2025-12-31;3;0;1.0;0
1;2025-12-31;4;0;1.0;0
1;2025-12-31;5;35;1.0;35
1;2025-12-31;6;154;1.0;154
1;2025-12-31;7;315;1.0;315
1;2025-12-31;8;449;1.0;449
1;2025-12-31;9;662;1.0;662
1;2025-12-31;10;850;1.0;850
1;2025-12-31;11;787;1.0;787
1;2025-12-31;12;985;1.0;985
1;2025-12-31;13;1045;1.0;1045
1;2025-12-31;14;923;1.0;923
1;2025-12-31;15;813;1.0;813
1;2025-12-31;16;692;1.0;692
1;2025-12-31;17;679;1.0;679
1;2025-12-31;18;626;1.0;626
1;2025-12-31;19;516;1.0;516
1;2025-12-31;20;0;1.0;0
1;2025-12-31;21;0;1.0;0
1;2025-12-31;22;0;1.0;0
1;2025-12-31;23;0;1.0;0
5;2025-11-01;0;0;1.0;0
5;2025-11-01;1;0;1.0;0
5;2025-11-01;2;0;1.0;0
5;2025-11-01;3;0;1.0;0
5;2025-11-01;4;0;1.0;0
5;2025-11-01;5;0;1.0;0
5;2025-11-01;6;0;1.0;0
5;2025-11-01;7;0;1.0;0
5;2025-11-01;8;0;1.0;0
5;2025-11-01;9;0;1.0;0
5;2025-11-01;10;0;1.0;0
5;2025-11-01;11;0;1.0;0
5;2025-11-01;12;0;1.0;0
5;2025-11-01;13;0;1.0;0
5;2025-11-01;14;0;1.0;0
5;2025-11-01;15;0;1.0;0
5;2025-11-01;16;0;1.0;0
5;2025-11-01;17;0;1.0;0
5;2025-11-01;18;0;1.0;0
5;2025-11-01;19;0;1.0;0
5;2025-11-01;20;0;1.0;0
5;2025-11-01;21;0;1.0;0
5;2025-11-01;22;0;1.0;0
5;2025-11-01;23;0;1.0;0
5;2025-11-02;0;0;1.0;0
5;2025-11-02;1;0;1.0;0
5;2025-11-02;2;0;1.0;0
5;2025-11-02;3;0;1.0;0
5;2025-11-02;4;0;1.0;0
5;2025-11-02;5;0;1.0;0
5;2025-11-02;6;0;1.0;0
5;2025-11-02;7;0;1.0;0
5;2025-11-02;8;0;1.0;0
5;2025-11-02;9;0;1.0;0
5;2025-11-02;10;0;1.0;0
5;2025-11-02;11;0;1.0;0
5;2025-11-02;12;0;1.0;0
5;2025-11-02;13;0;1.0;0
5;2025-11-02;14;0;1.0;0
5;2025-11-02;15;0;1.0;0
5;2025-11-02;16;0;1.0;0
5;2025-11-02;17;0;1.0;0
5;2025-11-02;18;0;1.0;0
5;2025-11-02;19;0;1.0;0
5;2025-11-02;20;0;1.0;0
5;2025-11-02;21;0;1.0;0
5;2025-11-02;22;0;1.0;0
5;2025-11-02;23;0;1.0;0
5;2025-11-03;0;0;1.0;0
5;2025-11-03;1;0;1.0;0
5;2025-11-03;2;0;1.0;0
5;2025-11-03;3;0;1.0;0
5;2025-11-03;4;0;1.0;0
5;2025-11-03;5;0;1.0;0
5;2025-11-03;6;0;1.0;0
5;2025-11-03;7;0;1.0;0
5;2025-11-03;8;0;1.0;0
5;2025-11-03;9;0;1.0;0
5;2025-11-03;10;0;1.0;0
5;2025-11-03;11;0;1.0;0
5;2025-11-03;12;0;1.0;0
5;2025-11-03;13;0;1.0;0
5;2025-11-03;14;0;1.0;0
5;2025-11-03;15;0;1.0;0
5;2025-11-03;16;0;1.0;0
5;2025-11-03;17;0;1.0;0
5;2025-11-03;18;0;1.0;0
5;2025-11-03;19;0;1.0;0
5;2025-11-03;20;0;1.0;0
5;2025-11-03;21;0;1.0;0
5;2025-11-03;22;0;1.0;0
5;2025-11-03;23;0;1.0;0
5;2025-11-04;0;0;1.0;0
5;2025-11-04;1;0;1.0;0
5;2025-11-04;2;0;1.0;0
5;2025-11-04;3;0;1.0;0
5;2025-11-04;4;0;1.0;0
5;2025-11-04;5;0;1.0;0
5;2025-11-04;6;0;1.0;0
5;2025-11-04;7;0;1.0;0
5;2025-11-04;8;0;1.0;0
5;2025-11-04;9;0;1.0;0
5;2025-11-04;10;0;1.0;0
5;2025-11-04;11;0;1.0;0
5;2025-11-04;12;0;1.0;0
5;2025-11-04;13;0;1.0;0
5;2025-11-04;14;0;1.0;0
5;2025-11-04;15;0;1.0;0
5;2025-11-04;16;0;1.0;0
5;2025-11-04;17;0;1.0;0
5;2025-11-04;18;0;1.0;0
5;2025-11-04;19;0;1.0;0
5;2025-11-04;20;0;1.0;0
5;2025-11-04;21;0;1.0;0
5;2025-11-04;22;0;1.0;0
5;2025-11-04;23;0;1.0;0
5;2025-11-05;0;0;1.0;0
5;2025-11-05;1;0;1.0;0
5;2025-11-05;2;0;1.0;0
5;2025-11-05;3;0;1.0;0
5;2025-11-05;4;0;1.0;0
5;2025-11-05;5;0;1.0;0
5;2025-11-05;6;0;1.0;0
5;2025-11-05;7;0;1.0;0
5;2025-11-05;8;0;1.0;0
5;2025-11-05;9;0;1.0;0
5;2025-11-05;10;0;1.0;0
5;2025-11-05;11;0;1.0;0
5;2025-11-05;12;0;1.0;0
5;2025-11-05;13;0;1.0;0
5;2025-11-05;14;0;1.0;0
5;2025-11-05;15;0;1.0;0
5;2025-11-05;16;0;1.0;0
5;2025-11-05;17;0;1.0;0
5;2025-11-05;18;0;1.0;0
5;2025-11-05;19;0;1.0;0
5;2025-11-05;20;0;1.0;0
5;2025-11-05;21;0;1.0;0
5;2025-11-05;22;0;1.0;0
5;2025-11-05;23;0;1.0;0
5;2025-11-06;0;0;1.0;0
5;2025-11-06;1;0;1.0;0
5;2025-11-06;2;0;1.0;0
5;2025-11-06;3;0;1.0;0
5;2025-11-06;4;0;1.0;0
5;2025-11-06;5;0;1.0;0
5;2025-11-06;6;0;1.0;0
5;2025-11-06;7;0;1.0;0
5;2025-11-06;8;0;1.0;0
5;2025-11-06;9;0;1.0;0
5;2025-11-06;10;0;1.0;0
5;2025-11-06;11;0;1.0;0
5;2025-11-06;12;0;1.0;0
5;2025-11-06;13;0;1.0;0
5;2025-11-06;14;0;1.0;0
5;2025-11-06;15;0;1.0;0
5;2025-11-06;16;0;1.0;0
5;2025-11-06;17;0;1.0;0
5;2025-11-06;18;0;1.0;0
5;2025-11-06;19;0;1.0;0
5;2025-11-06;20;0;1.0;0
5;2025-11-06;21;0;1.0;0
5;2025-11-06;22;0;1.0;0
5;2025-11-06;23;0;1.0;0
5;2025-11-07;0;0;1.0;0
5;2025-11-07;1;0;1.0;0
5;2025-11-07;2;0;1.0;0
5;2025-11-07;3;0;1.0;0
5;2025-11-07;4;0;1.0;0
5;2025-11-07;5;0;1.0;0
5;2025-11-07;6;0;1.0;0
5;2025-11-07;7;0;1.0;0
5;2025-11-07;8;0;1.0;0
5;2025-11-07;9;0;1.0;0
5;2025-11-07;10;0;1.0;0
5;2025-11-07;11;0;1.0;0
5;2025-11-07;12;0;1.0;0
5;2025-11-07;13;0;1.0;0
5;2025-11-07;14;0;1.0;0
5;2025-11-07;15;0;1.0;0
5;2025-11-07;16;0;1.0;0
5;2025-11-07;17;0;1.0;0
5;2025-11-07;18;0;1.0;0
5;2025-11-07;19;0;1.0;0
5;2025-11-07;20;0;1.0;0
5;2025-11-07;21;0;1.0;0
5;2025-11-07;22;0;1.0;0
5;2025-11-07;23;0;1.0;0
5;2025-11-08;0;0;1.0;0
5;2025-11-08;1;0;1.0;0
5;2025-11-08;2;0;1.0;0
5;2025-11-08;3;0;1.0;0
5;2025-11-08;4;0;1.0;0
5;2025-11-08;5;0;1.0;0
5;2025-11-08;6;0;1.0;0
5;2025-11-08;7;0;1.0;0
5;2025-11-08;8;0;1.0;0
5;2025-11-08;9;0;1.0;0
5;2025-11-08;10;0;1.0;0
5;2025-11-08;11;0;1.0;0
5;2025-11-08;12;0;1.0;0
5;2025-11-08;13;0;1.0;0
5;2025-11-08;14;0;1.0;0
5;2025-11-08;15;0;1.0;0
5;2025-11-08;16;0;1.0;0
5;2025-11-08;17;0;1.0;0
5;2025-11-08;18;0;1.0;0
5;2025-11-08;19;0;1.0;0
5;2025-11-08;20;0;1.0;0
5;2025-11-08;21;0;1.0;0
5;2025-11-08;22;0;1.0;0
5;2025-11-08;23;0;1.0;0
5;2025-11-09;0;0;1.0;0
5;2025-11-09;1;0;1.0;0
5;2025-11-09;2;0;1.0;0
5;2025-11-09;3;0;1.0;0
5;2025-11-09;4;0;1.0;0
5;2025-11-09;5;0;1.0;0
5;2025-11-09;6;0;1.0;0
5;2025-11-09;7;0;1.0;0
5;2025-11-09;8;0;1.0;0
5;2025-11-09;9;0;1.0;0
5;2025-11-09;10;0;1.0;0
5;2025-11-09;11;0;1.0;0
5;2025-11-09;12;0;1.0;0
5;2025-11-09;13;0;1.0;0
5;2025-11-09;14;0;1.0;0
5;2025-11-09;15;0;1.0;0
5;2025-11-09;16;0;1.0;0
5;2025-11-09;17;0;1.0;0
5;2025-11-09;18;0;1.0;0
5;2025-11-09;19;0;1.0;0
5;2025-11-09;20;0;1.0;0
5;2025-11-09;21;0;1.0;0
5;2025-11-09;22;0;1.0;0
5;2025-11-09;23;0;1.0;0
5;2025-11-10;0;0;1.0;0
5;2025-11-10;1;0;1.0;0
5;2025-11-10;2;0;1.0;0
5;2025-11-10;3;0;1.0;0
5;2025-11-10;4;0;1.0;0
5;2025-11-10;5;0;1.0;0
5;2025-11-10;6;0;1.0;0
5;2025-11-10;7;0;1.0;0
5;2025-11-10;8;0;1.0;0
5;2025-11-10;9;0;1.0;0
5;2025-11-10;10;0;1.0;0
5;2025-11-10;11;0;1.0;0
5;2025-11-10;12;0;1.0;0
5;2025-11-10;13;0;1.0;0
5;2025-11-10;14;0;1.0;0
5;2025-11-10;15;0;1.0;0
5;2025-11-10;16;0;1.0;0
5;2025-11-10;17;0;1.0;0
5;2025-11-10;18;0;1.0;0
5;2025-11-10;19;0;1.0;0
5;2025-11-10;20;0;1.0;0
5;2025-11-10;21;0;1.0;0
5;2025-11-10;22;0;1.0;0
5;2025-11-10;23;0;1.0;0
5;2025-11-11;0;0;1.0;0
5;2025-11-11;1;0;1.0;0
5;2025-11-11;2;0;1.0;0
5;2025-11-11;3;0;1.0;0
5;2025-11-11;4;0;1.0;0
5;2025-11-11;5;0;1.0;0
5;2025-11-11;6;0;1.0;0
5;2025-11-11;7;0;1.0;0
5;2025-11-11;8;0;1.0;0
5;2025-11-11;9;0;1.0;0
5;2025-11-11;10;0;1.0;0
5;2025-11-11;11;0;1.0;0
5;2025-11-11;12;0;1.0;0
5;2025-11-11;13;0;1.0;0
5;2025-11-11;14;0;1.0;0
5;2025-11-11;15;0;1.0;0
5;2025-11-11;16;0;1.0;0
5;2025-11-11;17;0;1.0;0
5;2025-11-11;18;0;1.0;0
5;2025-11-11;19;0;1.0;0
5;2025-11-11;20;0;1.0;0
5;2025-11-11;21;0;1.0;0
5;2025-11-11;22;0;1.0;0
5;2025-11-11;23;0;1.0;0
5;2025-11-12;0;0;1.0;0
5;2025-11-12;1;0;1.0;0
5;2025-11-12;2;0;1.0;0
5;2025-11-12;3;0;1.0;0
5;2025-11-12;4;0;1.0;0
5;2025-11-12;5;0;1.0;0
5;2025-11-12;6;0;1.0;0
5;2025-11-12;7;0;1.0;0
5;2025-11-12;8;0;1.0;0
5;2025-11-12;9;0;1.0;0
5;2025-11-12;10;0;1.0;0
5;2025-11-12;11;0;1.0;0
5;2025-11-12;12;0;1.0;0
5;2025-11-12;13;0;1.0;0
5;2025-11-12;14;0;1.0;0
5;2025-11-12;15;0;1.0;0
5;2025-11-12;16;0;1.0;0
5;2025-11-12;17;0;1.0;0
5;2025-11-12;18;0;1.0;0
5;2025-11-12;19;0;1.0;0
5;2025-11-12;20;0;1.0;0
5;2025-11-12;21;0;1.0;0
5;2025-11-12;22;0;1.0;0
5;2025-11-12;23;0;1.0;0
5;2025-11-13;0;0;1.0;0
5;2025-11-13;1;0;1.0;0
5;2025-11-13;2;0;1.0;0
5;2025-11-13;3;0;1.0;0
5;2025-11-13;4;0;1.0;0
5;2025-11-13;5;0;1.0;0
5;2025-11-13;6;0;1.0;0
5;2025-11-13;7;0;1.0;0
5;2025-11-13;8;0;1.0;0
5;2025-11-13;9;0;1.0;0
5;2025-11-13;10;0;1.0;0
5;2025-11-13;11;0;1.0;0
5;2025-11-13;12;0;1.0;0
5;2025-11-13;13;0;1.0;0
5;2025-11-13;14;0;1.0;0
5;2025-11-13;15;0;1.0;0
5;2025-11-13;16;0;1.0;0
5;2025-11-13;17;0;1.0;0
5;2025-11-13;18;0;1.0;0
5;2025-11-13;19;0;1.0;0
5;2025-11-13;20;0;1.0;0
5;2025-11-13;21;0;1.0;0
5;2025-11-13;22;0;1.0;0
5;2025-11-13;23;0;1.0;0
5;2025-11-14;0;0;1.0;0
5;2025-11-14;1;0;1.0;0
5;2025-11-14;2;0;1.0;0
5;2025-11-14;3;0;1.0;0
5;2025-11-14;4;0;1.0;0
5;2025-11-14;5;0;1.0;0
5;2025-11-14;6;0;1.0;0
5;2025-11-14;7;0;1.0;0
5;2025-11-14;8;0;1.0;0
5;2025-11-14;9;0;1.0;0
5;2025-11-14;10;0;1.0;0
5;2025-11-14;11;0;1.0;0
5;2025-11-14;12;0;1.0;0
5;2025-11-14;13;0;1.0;0
5;2025-11-14;14;0;1.0;0
5;2025-11-14;15;0;1.0;0
5;2025-11-14;16;0;1.0;0
5;2025-11-14;17;0;1.0;0
5;2025-11-14;18;0;1.0;0
5;2025-11-14;19;0;1.0;0
5;2025-11-14;20;0;1.0;0
5;2025-11-14;21;0;1.0;0
5;2025-11-14;22;0;1.0;0
5;2025-11-14;23;0;1.0;0
5;2025-11-15;0;0;1.0;0
5;2025-11-15;1;0;1.0;0
5;2025-11-15;2;0;1.0;0
5;2025-11-15;3;0;1.0;0
5;2025-11-15;4;0;1.0;0
5;2025-11-15;5;0;1.0;0
5;2025-11-15;6;0;1.0;0
5;2025-11-15;7;0;1.0;0
5;2025-11-15;8;0;1.0;0
5;2025-11-15;9;0;1.0;0
5;2025-11-15;10;0;1.0;0
5;2025-11-15;11;0;1.0;0
5;2025-11-15;12;0;1.0;0
5;2025-11-15;13;0;1.0;0
5;2025-11-15;14;0;1.0;0
5;2025-11-15;15;0;1.0;0
5;2025-11-15;16;0;1.0;0
5;2025-11-15;17;0;1.0;0
5;2025-11-15;18;0;1.0;0
5;2025-11-15;19;0;1.0;0
5;2025-11-15;20;0;1.0;0
5;2025-11-15;21;0;1.0;0
5;2025-11-15;22;0;1.0;0
5;2025-11-15;23;0;1.0;0
5;2025-11-16;0;0;1.0;0
5;2025-11-16;1;0;1.0;0
5;2025-11-16;2;0;1.0;0
5;2025-11-16;3;0;1.0;0
5;2025-11-16;4;0;1.0;0
5;2025-11-16;5;0;1.0;0
5;2025-11-16;6;0;1.0;0
5;2025-11-16;7;0;1.0;0
5;2025-11-16;8;0;1.0;0
5;2025-11-16;9;0;1.0;0
5;2025-11-16;10;0;1.0;0
5;2025-11-16;11;0;1.0;0
5;2025-11-16;12;0;1.0;0
5;2025-11-16;13;0;1.0;0
5;2025-11-16;14;0;1.0;0
5;2025-11-16;15;0;1.0;0
5;2025-11-16;16;0;1.0;0
5;2025-11-16;17;0;1.0;0
5;2025-11-16;18;0;1.0;0
5;2025-11-16;19;0;1.0;0
5;2025-11-16;20;0;1.0;0
5;2025-11-16;21;0;1.0;0
5;2025-11-16;22;0;1.0;0
5;2025-11-16;23;0;1.0;0
5;2025-11-17;0;0;1.0;0
5;2025-11-17;1;0;1.0;0
5;2025-11-17;2;0;1.0;0
5;2025-11-17;3;0;1.0;0
5;2025-11-17;4;0;1.0;0
5;2025-11-17;5;0;1.0;0
5;2025-11-17;6;0;1.0;0
5;2025-11-17;7;0;1.0;0
5;2025-11-17;8;0;1.0;0
5;2025-11-17;9;0;1.0;0
5;2025-11-17;10;0;1.0;0
5;2025-11-17;11;0;1.0;0
5;2025-11-17;12;0;1.0;0
5;2025-11-17;13;0;1.0;0
5;2025-11-17;14;0;1.0;0
5;2025-11-17;15;0;1.0;0
5;2025-11-17;16;0;1.0;0
5;2025-11-17;17;0;1.0;0
5;2025-11-17;18;0;1.0;0
5;2025-11-17;19;0;1.0;0
5;2025-11-17;20;0;1.0;0
5;2025-11-17;21;0;1.0;0
5;2025-11-17;22;0;1.0;0
5;2025-11-17;23;0;1.0;0
5;2025-11-18;0;0;1.0;0
5;2025-11-18;1;0;1.0;0
5;2025-11-18;2;0;1.0;0
5;2025-11-18;3;0;1.0;0
5;2025-11-18;4;0;1.0;0
5;2025-11-18;5;0;1.0;0
5;2025-11-18;6;0;1.0;0
5;2025-11-18;7;0;1.0;0
5;2025-11-18;8;0;1.0;0
5;2025-11-18;9;0;1.0;0
5;2025-11-18;10;0;1.0;0
5;2025-11-18;11;0;1.0;0
5;2025-11-18;12;0;1.0;0
5;2025-11-18;13;0;1.0;0
5;2025-11-18;14;0;1.0;0
5;2025-11-18;15;0;1.0;0
5;2025-11-18;16;0;1.0;0
5;2025-11-18;17;0;1.0;0
5;2025-11-18;18;0;1.0;0
5;2025-11-18;19;0;1.0;0
5;2025-11-18;20;0;1.0;0
5;2025-11-18;21;0;1.0;0
5;2025-11-18;22;0;1.0;0
5;2025-11-18;23;0;1.0;0
5;2025-11-19;0;0;1.0;0
5;2025-11-19;1;0;1.0;0
5;2025-11-19;2;0;1.0;0
5;2025-11-19;3;0;1.0;0
5;2025-11-19;4;0;1.0;0
5;2025-11-19;5;0;1.0;0
5;2025-11-19;6;0;1.0;0
5;2025-11-19;7;0;1.0;0
5;2025-11-19;8;0;1.0;0
5;2025-11-19;9;0;1.0;0
5;2025-11-19;10;0;1.0;0
5;2025-11-19;11;0;1.0;0
5;2025-11-19;12;0;1.0;0
5;2025-11-19;13;0;1.0;0
5;2025-11-19;14;0;1.0;0
5;2025-11-19;15;0;1.0;0
5;2025-11-19;16;0;1.0;0
5;2025-11-19;17;0;1.0;0
5;2025-11-19;18;0;1.0;0
5;2025-11-19;19;0;1.0;0
5;2025-11-19;20;0;1.0;0
5;2025-11-19;21;0;1.0;0
5;2025-11-19;22;0;1.0;0
5;2025-11-19;23;0;1.0;0
5;2025-11-20;0;0;1.0;0
5;2025-11-20;1;0;1.0;0
5;2025-11-20;2;0;1.0;0
5;2025-11-20;3;0;1.0;0
5;2025-11-20;4;0;1.0;0
5;2025-11-20;5;0;1.0;0
5;2025-11-20;6;0;1.0;0
5;2025-11-20;7;0;1.0;0
5;2025-11-20;8;0;1.0;0
5;2025-11-20;9;0;1.0;0
5;2025-11-20;10;0;1.0;0
5;2025-11-20;11;0;1.0;0
5;2025-11-20;12;0;1.0;0
5;2025-11-20;13;0;1.0;0
5;2025-11-20;14;0;1.0;0
5;2025-11-20;15;0;1.0;0
5;2025-11-20;16;0;1.0;0
5;2025-11-20;17;0;1.0;0
5;2025-11-20;18;0;1.0;0
5;2025-11-20;19;0;1.0;0
5;2025-11-20;20;0;1.0;0
5;2025-11-20;21;0;1.0;0
5;2025-11-20;22;0;1.0;0
5;2025-11-20;23;0;1.0;0
5;2025-11-21;0;0;1.0;0
5;2025-11-21;1;0;1.0;0
5;2025-11-21;2;0;1.0;0
5;2025-11-21;3;0;1.0;0
5;2025-11-21;4;0;1.0;0
5;2025-11-21;5;0;1.0;0
5;2025-11-21;6;0;1.0;0
5;2025-11-21;7;0;1.0;0
5;2025-11-21;8;0;1.0;0
5;2025-11-21;9;0;1.0;0
5;2025-11-21;10;0;1.0;0
5;2025-11-21;11;0;1.0;0
5;2025-11-21;12;0;1.0;0
5;2025-11-21;13;0;1.0;0
5;2025-11-21;14;0;1.0;0
5;2025-11-21;15;0;1.0;0
5;2025-11-21;16;0;1.0;0
5;2025-11-21;17;0;1.0;0
5;2025-11-21;18;0;1.0;0
5;2025-11-21;19;0;1.0;0
5;2025-11-21;20;0;1.0;0
5;2025-11-21;21;0;1.0;0
5;2025-11-21;22;0;1.0;0
5;2025-11-21;23;0;1.0;0
5;2025-11-22;0;0;1.0;0
5;2025-11-22;1;0;1.0;0
5;2025-11-22;2;0;1.0;0
5;2025-11-22;3;0;1.0;0
5;2025-11-22;4;0;1.0;0
5;2025-11-22;5;0;1.0;0
5;2025-11-22;6;0;1.0;0
5;2025-11-22;7;0;1.0;0
5;2025-11-22;8;0;1.0;0
5;2025-11-22;9;0;1.0;0
5;2025-11-22;10;0;1.0;0
5;2025-11-22;11;0;1.0;0
5;2025-11-22;12;0;1.0;0
5;2025-11-22;13;0;1.0;0
5;2025-11-22;14;0;1.0;0
5;2025-11-22;15;0;1.0;0
5;2025-11-22;16;0;1.0;0
5;2025-11-22;17;0;1.0;0
5;2025-11-22;18;0;1.0;0
5;2025-11-22;19;0;1.0;0
5;2025-11-22;20;0;1.0;0
5;2025-11-22;21;0;1.0;0
5;2025-11-22;22;0;1.0;0
5;2025-11-22;23;0;1.0;0
5;2025-11-23;0;0;1.0;0
5;2025-11-23;1;0;1.0;0
5;2025-11-23;2;0;1.0;0
5;2025-11-23;3;0;1.0;0
5;2025-11-23;4;0;1.0;0
5;2025-11-23;5;0;1.0;0
5;2025-11-23;6;0;1.0;0
5;2025-11-23;7;0;1.0;0
5;2025-11-23;8;0;1.0;0
5;2025-11-23;9;0;1.0;0
5;2025-11-23;10;0;1.0;0
5;2025-11-23;11;0;1.0;0
5;2025-11-23;12;0;1.0;0
5;2025-11-23;13;0;1.0;0
5;2025-11-23;14;0;1.0;0
5;2025-11-23;15;0;1.0;0
5;2025-11-23;16;0;1.0;0
5;2025-11-23;17;0;1.0;0
5;2025-11-23;18;0;1.0;0
5;2025-11-23;19;0;1.0;0
5;2025-11-23;20;0;1.0;0
5;2025-11-23;21;0;1.0;0
5;2025-11-23;22;0;1.0;0
5;2025-11-23;23;0;1.0;0
5;2025-11-24;0;0;1.0;0
5;2025-11-24;1;0;1.0;0
5;2025-11-24;2;0;1.0;0
5;2025-11-24;3;0;1.0;0
5;2025-11-24;4;0;1.0;0
5;2025-11-24;5;0;1.0;0
5;2025-11-24;6;0;1.0;0
5;2025-11-24;7;0;1.0;0
5;2025-11-24;8;0;1.0;0
5;2025-11-24;9;0;1.0;0
5;2025-11-24;10;0;1.0;0
5;2025-11-24;11;0;1.0;0
5;2025-11-24;12;0;1.0;0
5;2025-11-24;13;0;1.0;0
5;2025-11-24;14;0;1.0;0
5;2025-11-24;15;0;1.0;0
5;2025-11-24;16;0;1.0;0
5;2025-11-24;17;0;1.0;0
5;2025-11-24;18;0;1.0;0
5;2025-11-24;19;0;1.0;0
5;2025-11-24;20;0;1.0;0
5;2025-11-24;21;0;1.0;0
5;2025-11-24;22;0;1.0;0
5;2025-11-24;23;0;1.0;0
5;2025-11-25;0;0;1.0;0
5;2025-11-25;1;0;1.0;0
5;2025-11-25;2;0;1.0;0
5;2025-11-25;3;0;1.0;0
5;2025-11-25;4;0;1.0;0
5;2025-11-25;5;0;1.0;0
5;2025-11-25;6;0;1.0;0
5;2025-11-25;7;0;1.0;0
5;2025-11-25;8;0;1.0;0
5;2025-11-25;9;0;1.0;0
5;2025-11-25;10;0;1.0;0
5;2025-11-25;11;0;1.0;0
5;2025-11-25;12;0;1.0;0
5;2025-11-25;13;0;1.0;0
5;2025-11-25;14;0;1.0;0
5;2025-11-25;15;0;1.0;0
5;2025-11-25;16;0;1.0;0
5;2025-11-25;17;0;1.0;0
5;2025-11-25;18;0;1.0;0
5;2025-11-25;19;0;1.0;0
5;2025-11-25;20;0;1.0;0
5;2025-11-25;21;0;1.0;0
5;2025-11-25;22;0;1.0;0
5;2025-11-25;23;0;1.0;0
5;2025-11-26;0;0;1.0;0
5;2025-11-26;1;0;1.0;0
5;2025-11-26;2;0;1.0;0
5;2025-11-26;3;0;1.0;0
5;2025-11-26;4;0;1.0;0
5;2025-11-26;5;0;1.0;0
5;2025-11-26;6;0;1.0;0
5;2025-11-26;7;0;1.0;0
5;2025-11-26;8;0;1.0;0
5;2025-11-26;9;0;1.0;0
5;2025-11-26;10;0;1.0;0
5;2025-11-26;11;0;1.0;0
5;2025-11-26;12;0;1.0;0
5;2025-11-26;13;0;1.0;0
5;2025-11-26;14;0;1.0;0
5;2025-11-26;15;0;1.0;0
5;2025-11-26;16;0;1.0;0
5;2025-11-26;17;0;1.0;0
5;2025-11-26;18;0;1.0;0
5;2025-11-26;19;0;1.0;0
5;2025-11-26;20;0;1.0;0
5;2025-11-26;21;0;1.0;0
5;2025-11-26;22;0;1.0;0
5;2025-11-26;23;0;1.0;0
5;2025-11-27;0;0;1.0;0
5;2025-11-27;1;0;1.0;0
5;2025-11-27;2;0;1.0;0
5;2025-11-27;3;0;1.0;0
5;2025-11-27;4;0;1.0;0
5;2025-11-27;5;0;1.0;0
5;2025-11-27;6;0;1.0;0
5;2025-11-27;7;0;1.0;0
5;2025-11-27;8;0;1.0;0
5;2025-11-27;9;0;1.0;0
5;2025-11-27;10;0;1.0;0
5;2025-11-27;11;0;1.0;0
5;2025-11-27;12;0;1.0;0
5;2025-11-27;13;0;1.0;0
5;2025-11-27;14;0;1.0;0
5;2025-11-27;15;0;1.0;0
5;2025-11-27;16;0;1.0;0
5;2025-11-27;17;0;1.0;0
5;2025-11-27;18;0;1.0;0
5;2025-11-27;19;0;1.0;0
5;2025-11-27;20;0;1.0;0
5;2025-11-27;21;0;1.0;0
5;2025-11-27;22;0;1.0;0
5;2025-11-27;23;0;1.0;0
5;2025-11-28;0;0;1.0;0
5;2025-11-28;1;0;1.0;0
5;2025-11-28;2;0;1.0;0
5;2025-11-28;3;0;1.0;0
5;2025-11-28;4;0;1.0;0
5;2025-11-28;5;0;1.0;0
5;2025-11-28;6;0;1.0;0
5;2025-11-28;7;0;1.0;0
5;2025-11-28;8;0;1.0;0
5;2025-11-28;9;0;1.0;0
5;2025-11-28;10;0;1.0;0
5;2025-11-28;11;0;1.0;0
5;2025-11-28;12;0;1.0;0
5;2025-11-28;13;0;1.0;0
5;2025-11-28;14;0;1.0;0
5;2025-11-28;15;0;1.0;0
5;2025-11-28;16;0;1.0;0
5;2025-11-28;17;0;1.0;0
5;2025-11-28;18;0;1.0;0
5;2025-11-28;19;0;1.0;0
5;2025-11-28;20;0;1.0;0
5;2025-11-28;21;0;1.0;0
5;2025-11-28;22;0;1.0;0
5;2025-11-28;23;0;1.0;0
5;2025-11-29;0;0;1.0;0
5;2025-11-29;1;0;1.0;0
5;2025-11-29;2;0;1.0;0
5;2025-11-29;3;0;1.0;0
5;2025-11-29;4;0;1.0;0
5;2025-11-29;5;0;1.0;0
5;2025-11-29;6;0;1.0;0
5;2025-11-29;7;0;1.0;0
5;2025-11-29;8;0;1.0;0
5;2025-11-29;9;0;1.0;0
5;2025-11-29;10;0;1.0;0
5;2025-11-29;11;0;1.0;0
5;2025-11-29;12;0;1.0;0
5;2025-11-29;13;0;1.0;0
5;2025-11-29;14;0;1.0;0
5;2025-11-29;15;0;1.0;0
5;2025-11-29;16;0;1.0;0
5;2025-11-29;17;0;1.0;0
5;2025-11-29;18;0;1.0;0
5;2025-11-29;19;0;1.0;0
5;2025-11-29;20;0;1.0;0
5;2025-11-29;21;0;1.0;0
5;2025-11-29;22;0;1.0;0
5;2025-11-29;23;0;1.0;0
5;2025-11-30;0;0;1.0;0
5;2025-11-30;1;0;1.0;0
5;2025-11-30;2;0;1.0;0
5;2025-11-30;3;0;1.0;0
5;2025-11-30;4;0;1.0;0
5;2025-11-30;5;0;1.0;0
5;2025-11-30;6;0;1.0;0
5;2025-11-30;7;0;1.0;0
5;2025-11-30;8;0;1.0;0
5;2025-11-30;9;0;1.0;0
5;2025-11-30;10;0;1.0;0
5;2025-11-30;11;0;1.0;0
5;2025-11-30;12;0;1.0;0
5;2025-11-30;13;0;1.0;0
5;2025-11-30;14;0;1.0;0
5;2025-11-30;15;0;1.0;0
5;2025-11-30;16;0;1.0;0
5;2025-11-30;17;0;1.0;0
5;2025-11-30;18;0;1.0;0
5;2025-11-30;19;0;1.0;0
5;2025-11-30;20;0;1.0;0
5;2025-11-30;21;0;1.0;0
5;2025-11-30;22;0;1.0;0
5;2025-11-30;23;0;1.0;0
5;2025-12-01;0;0;1.0;0
5;2025-12-01;1;0;1.0;0
5;2025-12-01;2;0;1.0;0
5;2025-12-01;3;0;1.0;0
5;2025-12-01;4;0;1.0;0
5;2025-12-01;5;0;1.0;0
5;2025-12-01;6;0;1.0;0
5;2025-12-01;7;0;1.0;0
5;2025-12-01;8;0;1.0;0
5;2025-12-01;9;0;1.0;0
5;2025-12-01;10;0;1.0;0
5;2025-12-01;11;0;1.0;0
5;2025-12-01;12;0;1.0;0
5;2025-12-01;13;0;1.0;0
5;2025-12-01;14;0;1.0;0
5;2025-12-01;15;0;1.0;0
5;2025-12-01;16;0;1.0;0
5;2025-12-01;17;0;1.0;0
5;2025-12-01;18;0;1.0;0
5;2025-12-01;19;0;1.0;0
5;2025-12-01;20;0;1.0;0
5;2025-12-01;21;0;1.0;0
5;2025-12-01;22;0;1.0;0
5;2025-12-01;23;0;1.0;0
5;2025-12-02;0;0;1.0;0
5;2025-12-02;1;0;1.0;0
5;2025-12-02;2;0;1.0;0
5;2025-12-02;3;0;1.0;0
5;2025-12-02;4;0;1.0;0
5;2025-12-02;5;0;1.0;0
5;2025-12-02;6;0;1.0;0
5;2025-12-02;7;0;1.0;0
5;2025-12-02;8;0;1.0;0
5;2025-12-02;9;0;1.0;0
5;2025-12-02;10;0;1.0;0
5;2025-12-02;11;0;1.0;0
5;2025-12-02;12;0;1.0;0
5;2025-12-02;13;0;1.0;0
5;2025-12-02;14;0;1.0;0
5;2025-12-02;15;0;1.0;0
5;2025-12-02;16;0;1.0;0
5;2025-12-02;17;0;1.0;0
5;2025-12-02;18;0;1.0;0
5;2025-12-02;19;0;1.0;0
5;2025-12-02;20;0;1.0;0
5;2025-12-02;21;0;1.0;0
5;2025-12-02;22;0;1.0;0
5;2025-12-02;23;0;1.0;0
5;2025-12-03;0;0;1.0;0
5;2025-12-03;1;0;1.0;0
5;2025-12-03;2;0;1.0;0
5;2025-12-03;3;0;1.0;0
5;2025-12-03;4;0;1.0;0
5;2025-12-03;5;0;1.0;0
5;2025-12-03;6;0;1.0;0
5;2025-12-03;7;0;1.0;0
5;2025-12-03;8;0;1.0;0
5;2025-12-03;9;0;1.0;0
5;2025-12-03;10;0;1.0;0
5;2025-12-03;11;0;1.0;0
5;2025-12-03;12;0;1.0;0
5;2025-12-03;13;0;1.0;0
5;2025-12-03;14;0;1.0;0
5;2025-12-03;15;0;1.0;0
5;2025-12-03;16;0;1.0;0
5;2025-12-03;17;0;1.0;0
5;2025-12-03;18;0;1.0;0
5;2025-12-03;19;0;1.0;0
5;2025-12-03;20;0;1.0;0
5;2025-12-03;21;0;1.0;0
5;2025-12-03;22;0;1.0;0
5;2025-12-03;23;0;1.0;0
5;2025-12-04;0;0;1.0;0
5;2025-12-04;1;0;1.0;0
5;2025-12-04;2;0;1.0;0
5;2025-12-04;3;0;1.0;0
5;2025-12-04;4;0;1.0;0
5;2025-12-04;5;0;1.0;0
5;2025-12-04;6;0;1.0;0
5;2025-12-04;7;0;1.0;0
5;2025-12-04;8;0;1.0;0
5;2025-12-04;9;0;1.0;0
5;2025-12-04;10;0;1.0;0
5;2025-12-04;11;0;1.0;0
5;2025-12-04;12;0;1.0;0
5;2025-12-04;13;0;1.0;0
5;2025-12-04;14;0;1.0;0
5;2025-12-04;15;0;1.0;0
5;2025-12-04;16;0;1.0;0
5;2025-12-04;17;0;1.0;0
5;2025-12-04;18;0;1.0;0
5;2025-12-04;19;0;1.0;0
5;2025-12-04;20;0;1.0;0
5;2025-12-04;21;0;1.0;0
5;2025-12-04;22;0;1.0;0
5;2025-12-04;23;0;1.0;0
5;2025-12-05;0;0;1.0;0
5;2025-12-05;1;0;1.0;0
5;2025-12-05;2;0;1.0;0
5;2025-12-05;3;0;1.0;0
5;2025-12-05;4;0;1.0;0
5;2025-12-05;5;0;1.0;0
5;2025-12-05;6;0;1.0;0
5;2025-12-05;7;0;1.0;0
5;2025-12-05;8;0;1.0;0
5;2025-12-05;9;0;1.0;0
5;2025-12-05;10;0;1.0;0
5;2025-12-05;11;0;1.0;0
5;2025-12-05;12;0;1.0;0
5;2025-12-05;13;0;1.0;0
5;2025-12-05;14;0;1.0;0
5;2025-12-05;15;0;1.0;0
5;2025-12-05;16;0;1.0;0
5;2025-12-05;17;0;1.0;0
5;2025-12-05;18;0;1.0;0
5;2025-12-05;19;0;1.0;0
5;2025-12-05;20;0;1.0;0
5;2025-12-05;21;0;1.0;0
5;2025-12-05;22;0;1.0;0
5;2025-12-05;23;0;1.0;0
5;2025-12-06;0;0;1.0;0
5;2025-12-06;1;0;1.0;0
5;2025-12-06;2;0;1.0;0
5;2025-12-06;3;0;1.0;0
5;2025-12-06;4;0;1.0;0
5;2025-12-06;5;0;1.0;0
5;2025-12-06;6;0;1.0;0
5;2025-12-06;7;0;1.0;0
5;2025-12-06;8;0;1.0;0
5;2025-12-06;9;0;1.0;0
5;2025-12-06;10;0;1.0;0
5;2025-12-06;11;0;1.0;0
5;2025-12-06;12;0;1.0;0
5;2025-12-06;13;0;1.0;0
5;2025-12-06;14;0;1.0;0
5;2025-12-06;15;0;1.0;0
5;2025-12-06;16;0;1.0;0
5;2025-12-06;17;0;1.0;0
5;2025-12-06;18;0;1.0;0
5;2025-12-06;19;0;1.0;0
5;2025-12-06;20;0;1.0;0
5;2025-12-06;21;0;1.0;0
5;2025-12-06;22;0;1.0;0
5;2025-12-06;23;0;1.0;0
5;2025-12-07;0;0;1.0;0
5;2025-12-07;1;0;1.0;0
5;2025-12-07;2;0;1.0;0
5;2025-12-07;3;0;1.0;0
5;2025-12-07;4;0;1.0;0
5;2025-12-07;5;0;1.0;0
5;2025-12-07;6;0;1.0;0
5;2025-12-07;7;0;1.0;0
5;2025-12-07;8;0;1.0;0
5;2025-12-07;9;0;1.0;0
5;2025-12-07;10;0;1.0;0
5;2025-12-07;11;0;1.0;0
5;2025-12-07;12;0;1.0;0
5;2025-12-07;13;0;1.0;0
5;2025-12-07;14;0;1.0;0
5;2025-12-07;15;0;1.0;0
5;2025-12-07;16;0;1.0;0
5;2025-12-07;17;0;1.0;0
5;2025-12-07;18;0;1.0;0
5;2025-12-07;19;0;1.0;0
5;2025-12-07;20;0;1.0;0
5;2025-12-07;21;0;1.0;0
5;2025-12-07;22;0;1.0;0
5;2025-12-07;23;0;1.0;0
5;2025-12-08;0;0;1.0;0
5;2025-12-08;1;0;1.0;0
5;2025-12-08;2;0;1.0;0
5;2025-12-08;3;0;1.0;0
5;2025-12-08;4;0;1.0;0
5;2025-12-08;5;0;1.0;0
5;2025-12-08;6;0;1.0;0
5;2025-12-08;7;0;1.0;0
5;2025-12-08;8;0;1.0;0
5;2025-12-08;9;0;1.0;0
5;2025-12-08;10;0;1.0;0
5;2025-12-08;11;0;1.0;0
5;2025-12-08;12;0;1.0;0
5;2025-12-08;13;0;1.0;0
5;2025-12-08;14;0;1.0;0
5;2025-12-08;15;0;1.0;0
5;2025-12-08;16;0;1.0;0
5;2025-12-08;17;0;1.0;0
5;2025-12-08;18;0;1.0;0
5;2025-12-08;19;0;1.0;0
5;2025-12-08;20;0;1.0;0
5;2025-12-08;21;0;1.0;0
5;2025-12-08;22;0;1.0;0
5;2025-12-08;23;0;1.0;0
5;2025-12-09;0;0;1.0;0
5;2025-12-09;1;0;1.0;0
5;2025-12-09;2;0;1.0;0
5;2025-12-09;3;0;1.0;0
5;2025-12-09;4;0;1.0;0
5;2025-12-09;5;0;1.0;0
5;2025-12-09;6;0;1.0;0
5;2025-12-09;7;0;1.0;0
5;2025-12-09;8;0;1.0;0
5;2025-12-09;9;0;1.0;0
5;2025-12-09;10;0;1.0;0
5;2025-12-09;11;0;1.0;0
5;2025-12-09;12;0;1.0;0
5;2025-12-09;13;0;1.0;0
5;2025-12-09;14;0;1.0;0
5;2025-12-09;15;0;1.0;0
5;2025-12-09;16;0;1.0;0
5;2025-12-09;17;0;1.0;0
5;2025-12-09;18;0;1.0;0
5;2025-12-09;19;0;1.0;0
5;2025-12-09;20;0;1.0;0
5;2025-12-09;21;0;1.0;0
5;2025-12-09;22;0;1.0;0
5;2025-12-09;23;0;1.0;0
5;2025-12-10;0;0;1.0;0
5;2025-12-10;1;0;1.0;0
5;2025-12-10;2;0;1.0;0
5;2025-12-10;3;0;1.0;0
5;2025-12-10;4;0;1.0;0
5;2025-12-10;5;0;1.0;0
5;2025-12-10;6;0;1.0;0
5;2025-12-10;7;0;1.0;0
5;2025-12-10;8;0;1.0;0
5;2025-12-10;9;0;1.0;0
5;2025-12-10;10;0;1.0;0
5;2025-12-10;11;0;1.0;0
5;2025-12-10;12;0;1.0;0
5;2025-12-10;13;0;1.0;0
5;2025-12-10;14;0;1.0;0
5;2025-12-10;15;0;1.0;0
5;2025-12-10;16;0;1.0;0
5;2025-12-10;17;0;1.0;0
5;2025-12-10;18;0;1.0;0
5;2025-12-10;19;0;1.0;0
5;2025-12-10;20;0;1.0;0
5;2025-12-10;21;0;1.0;0
5;2025-12-10;22;0;1.0;0
5;2025-12-10;23;0;1.0;0
5;2025-12-11;0;0;1.0;0
5;2025-12-11;1;0;1.0;0
5;2025-12-11;2;0;1.0;0
5;2025-12-11;3;0;1.0;0
5;2025-12-11;4;0;1.0;0
5;2025-12-11;5;0;1.0;0
5;2025-12-11;6;0;1.0;0
5;2025-12-11;7;0;1.0;0
5;2025-12-11;8;0;1.0;0
5;2025-12-11;9;0;1.0;0
5;2025-12-11;10;0;1.0;0
5;2025-12-11;11;0;1.0;0
5;2025-12-11;12;0;1.0;0
5;2025-12-11;13;0;1.0;0
5;2025-12-11;14;0;1.0;0
5;2025-12-11;15;0;1.0;0
5;2025-12-11;16;0;1.0;0
5;2025-12-11;17;0;1.0;0
5;2025-12-11;18;0;1.0;0
5;2025-12-11;19;0;1.0;0
5;2025-12-11;20;0;1.0;0
5;2025-12-11;21;0;1.0;0
5;2025-12-11;22;0;1.0;0
5;2025-12-11;23;0;1.0;0
5;2025-12-12;0;0;1.0;0
5;2025-12-12;1;0;1.0;0
5;2025-12-12;2;0;1.0;0
5;2025-12-12;3;0;1.0;0
5;2025-12-12;4;0;1.0;0
5;2025-12-12;5;0;1.0;0
5;2025-12-12;6;0;1.0;0
5;2025-12-12;7;0;1.0;0
5;2025-12-12;8;0;1.0;0
5;2025-12-12;9;0;1.0;0
5;2025-12-12;10;0;1.0;0
5;2025-12-12;11;0;1.0;0
5;2025-12-12;12;0;1.0;0
5;2025-12-12;13;0;1.0;0
5;2025-12-12;14;0;1.0;0
5;2025-12-12;15;0;1.0;0
5;2025-12-12;16;0;1.0;0
5;2025-12-12;17;0;1.0;0
5;2025-12-12;18;0;1.0;0
5;2025-12-12;19;0;1.0;0
5;2025-12-12;20;0;1.0;0
5;2025-12-12;21;0;1.0;0
5;2025-12-12;22;0;1.0;0
5;2025-12-12;23;0;1.0;0
5;2025-12-13;0;0;1.0;0
5;2025-12-13;1;0;1.0;0
5;2025-12-13;2;0;1.0;0
5;2025-12-13;3;0;1.0;0
5;2025-12-13;4;0;1.0;0
5;2025-12-13;5;0;1.0;0
5;2025-12-13;6;0;1.0;0
5;2025-12-13;7;0;1.0;0
5;2025-12-13;8;0;1.0;0
5;2025-12-13;9;0;1.0;0
5;2025-12-13;10;0;1.0;0
5;2025-12-13;11;0;1.0;0
5;2025-12-13;12;0;1.0;0
5;2025-12-13;13;0;1.0;0
5;2025-12-13;14;0;1.0;0
5;2025-12-13;15;0;1.0;0
5;2025-12-13;16;0;1.0;0
5;2025-12-13;17;0;1.0;0
5;2025-12-13;18;0;1.0;0
5;2025-12-13;19;0;1.0;0
5;2025-12-13;20;0;1.0;0
5;2025-12-13;21;0;1.0;0
5;2025-12-13;22;0;1.0;0
5;2025-12-13;23;0;1.0;0
5;2025-12-14;0;0;1.0;0
5;2025-12-14;1;0;1.0;0
5;2025-12-14;2;0;1.0;0
5;2025-12-14;3;0;1.0;0
5;2025-12-14;4;0;1.0;0
5;2025-12-14;5;0;1.0;0
5;2025-12-14;6;0;1.0;0
5;2025-12-14;7;0;1.0;0
5;2025-12-14;8;0;1.0;0
5;2025-12-14;9;0;1.0;0
5;2025-12-14;10;0;1.0;0
5;2025-12-14;11;0;1.0;0
5;2025-12-14;12;0;1.0;0
5;2025-12-14;13;0;1.0;0
5;2025-12-14;14;0;1.0;0
5;2025-12-14;15;0;1.0;0
5;2025-12-14;16;0;1.0;0
5;2025-12-14;17;0;1.0;0
5;2025-12-14;18;0;1.0;0
5;2025-12-14;19;0;1.0;0
5;2025-12-14;20;0;1.0;0
5;2025-12-14;21;0;1.0;0
5;2025-12-14;22;0;1.0;0
5;2025-12-14;23;0;1.0;0
5;2025-12-15;0;0;1.0;0
5;2025-12-15;1;0;1.0;0
5;2025-12-15;2;0;1.0;0
5;2025-12-15;3;0;1.0;0
5;2025-12-15;4;0;1.0;0
5;2025-12-15;5;0;1.0;0
5;2025-12-15;6;0;1.0;0
5;2025-12-15;7;0;1.0;0
5;2025-12-15;8;0;1.0;0
5;2025-12-15;9;0;1.0;0
5;2025-12-15;10;0;1.0;0
5;2025-12-15;11;0;1.0;0
5;2025-12-15;12;0;1.0;0
5;2025-12-15;13;0;1.0;0
5;2025-12-15;14;0;1.0;0
5;2025-12-15;15;0;1.0;0
5;2025-12-15;16;0;1.0;0
5;2025-12-15;17;0;1.0;0
5;2025-12-15;18;0;1.0;0
5;2025-12-15;19;0;1.0;0
5;2025-12-15;20;0;1.0;0
5;2025-12-15;21;0;1.0;0
5;2025-12-15;22;0;1.0;0
5;2025-12-15;23;0;1.0;0
5;2025-12-16;0;0;1.0;0
5;2025-12-16;1;0;1.0;0
5;2025-12-16;2;0;1.0;0
5;2025-12-16;3;0;1.0;0
5;2025-12-16;4;0;1.0;0
5;2025-12-16;5;0;1.0;0
5;2025-12-16;6;0;1.0;0
5;2025-12-16;7;0;1.0;0
5;2025-12-16;8;0;1.0;0
5;2025-12-16;9;0;1.0;0
5;2025-12-16;10;0;1.0;0
5;2025-12-16;11;0;1.0;0
5;2025-12-16;12;0;1.0;0
5;2025-12-16;13;0;1.0;0
5;2025-12-16;14;0;1.0;0
5;2025-12-16;15;0;1.0;0
5;2025-12-16;16;0;1.0;0
5;2025-12-16;17;0;1.0;0
5;2025-12-16;18;502;1.0;502
5;2025-12-16;19;377;1.0;377
5;2025-12-16;20;263;1.0;263
5;2025-12-16;21;163;1.0;163
5;2025-12-16;22;67;1.0;67
5;2025-12-16;23;9;1.0;9
5;2025-12-17;0;1;1.0;1
5;2025-12-17;1;0;1.0;0
5;2025-12-17;2;0;1.0;0
5;2025-12-17;3;0;1.0;0
5;2025-12-17;4;1;1.0;1
5;2025-12-17;5;41;1.0;41
5;2025-12-17;6;136;1.0;136
5;2025-12-17;7;410;1.0;410
5;2025-12-17;8;637;1.0;637
5;2025-12-17;9;435;1.0;435
5;2025-12-17;10;320;1.0;320
5;2025-12-17;11;290;1.0;290
5;2025-12-17;12;353;1.0;353
5;2025-12-17;13;364;1.0;364
5;2025-12-17;14;336;1.0;336
5;2025-12-17;15;352;1.0;352
5;2025-12-17;16;440;1.0;440
5;2025-12-17;17;506;1.0;506
5;2025-12-17;18;502;1.0;502
5;2025-12-17;19;377;1.0;377
5;2025-12-17;20;263;1.0;263
5;2025-12-17;21;163;1.0;163
5;2025-12-17;22;67;1.0;67
5;2025-12-17;23;9;1.0;9
5;2025-12-18;0;1;1.0;1
5;2025-12-18;1;0;1.0;0
5;2025-12-18;2;0;1.0;0
5;2025-12-18;3;0;1.0;0
5;2025-12-18;4;1;1.0;1
5;2025-12-18;5;41;1.0;41
5;2025-12-18;6;136;1.0;136
5;2025-12-18;7;410;1.0;410
5;2025-12-18;8;637;1.0;637
5;2025-12-18;9;435;1.0;435
5;2025-12-18;10;320;1.0;320
5;2025-12-18;11;290;1.0;290
5;2025-12-18;12;353;1.0;353
5;2025-12-18;13;364;1.0;364
5;2025-12-18;14;336;1.0;336
5;2025-12-18;15;352;1.0;352
5;2025-12-18;16;440;1.0;440
5;2025-12-18;17;506;1.0;506
5;2025-12-18;18;502;1.0;502
5;2025-12-18;19;377;1.0;377
5;2025-12-18;20;263;1.0;263
5;2025-12-18;21;163;1.0;163
5;2025-12-18;22;67;1.0;67
5;2025-12-18;23;9;1.0;9
5;2025-12-19;0;1;1.0;1
5;2025-12-19;1;0;1.0;0
5;2025-12-19;2;0;1.0;0
5;2025-12-19;3;0;1.0;0
5;2025-12-19;4;1;1.0;1
5;2025-12-19;5;42;1.0;42
5;2025-12-19;6;145;1.0;145
5;2025-12-19;7;437;1.0;437
5;2025-12-19;8;667;1.0;667
5;2025-12-19;9;451;1.0;451
5;2025-12-19;10;340;1.0;340
5;2025-12-19;11;315;1.0;315
5;2025-12-19;12;397;1.0;397
5;2025-12-19;13;388;1.0;388
5;2025-12-19;14;380;1.0;380
5;2025-12-19;15;394;1.0;394
5;2025-12-19;16;510;1.0;510
5;2025-12-19;17;539;1.0;539
5;2025-12-19;18;454;1.0;454
5;2025-12-19;19;347;1.0;347
5;2025-12-19;20;251;1.0;251
5;2025-12-19;21;174;1.0;174
5;2025-12-19;22;76;1.0;76
5;2025-12-19;23;11;1.0;11
5;2025-12-20;0;1;1.0;1
5;2025-12-20;1;0;1.0;0
5;2025-12-20;2;0;1.0;0
5;2025-12-20;3;0;1.0;0
5;2025-12-20;4;0;1.0;0
5;2025-12-20;5;18;1.0;18
5;2025-12-20;6;52;1.0;52
5;2025-12-20;7;111;1.0;111
5;2025-12-20;8;190;1.0;190
5;2025-12-20;9;229;1.0;229
5;2025-12-20;10;240;1.0;240
5;2025-12-20;11;245;1.0;245
5;2025-12-20;12;286;1.0;286
5;2025-12-20;13;297;1.0;297
5;2025-12-20;14;296;1.0;296
5;2025-12-20;15;294;1.0;294
5;2025-12-20;16;284;1.0;284
5;2025-12-20;17;288;1.0;288
5;2025-12-20;18;248;1.0;248
5;2025-12-20;19;203;1.0;203
5;2025-12-20;20;152;1.0;152
5;2025-12-20;21;135;1.0;135
5;2025-12-20;22;64;1.0;64
5;2025-12-20;23;9;1.0;9
5;2025-12-21;0;2;1.0;2
5;2025-12-21;1;0;1.0;0
5;2025-12-21;2;0;1.0;0
5;2025-12-21;3;0;1.0;0
5;2025-12-21;4;0;1.0;0
5;2025-12-21;5;16;1.0;16
5;2025-12-21;6;43;1.0;43
5;2025-12-21;7;80;1.0;80
5;2025-12-21;8;129;1.0;129
5;2025-12-21;9;177;1.0;177
5;2025-12-21;10;197;1.0;197
5;2025-12-21;11;217;1.0;217
5;2025-12-21;12;238;1.0;238
5;2025-12-21;13;278;1.0;278
5;2025-12-21;14;268;1.0;268
5;2025-12-21;15;266;1.0;266
5;2025-12-21;16;248;1.0;248
5;2025-12-21;17;250;1.0;250
5;2025-12-21;18;218;1.0;218
5;2025-12-21;19;190;1.0;190
5;2025-12-21;20;151;1.0;151
5;2025-12-21;21;125;1.0;125
5;2025-12-21;22;56;1.0;56
5;2025-12-21;23;7;1.0;7
5;2025-12-22;0;1;1.0;1
5;2025-12-22;1;0;1.0;0
5;2025-12-22;2;0;1.0;0
5;2025-12-22;3;0;1.0;0
5;2025-12-22;4;1;1.0;1
5;2025-12-22;5;41;1.0;41
5;2025-12-22;6;136;1.0;136
5;2025-12-22;7;410;1.0;410
5;2025-12-22;8;637;1.0;637
5;2025-12-22;9;435;1.0;435
5;2025-12-22;10;320;1.0;320
5;2025-12-22;11;290;1.0;290
5;2025-12-22;12;353;1.0;353
5;2025-12-22;13;364;1.0;364
5;2025-12-22;14;336;1.0;336
5;2025-12-22;15;352;1.0;352
5;2025-12-22;16;440;1.0;440
5;2025-12-22;17;506;1.0;506
5;2025-12-22;18;502;1.0;502
5;2025-12-22;19;377;1.0;377
5;2025-12-22;20;263;1.0;263
5;2025-12-22;21;163;1.0;163
5;2025-12-22;22;67;1.0;67
5;2025-12-22;23;9;1.0;9
5;2025-12-23;0;1;1.0;1
5;2025-12-23;1;0;1.0;0
5;2025-12-23;2;0;1.0;0
5;2025-12-23;3;0;1.0;0
5;2025-12-23;4;1;1.0;1
5;2025-12-23;5;41;1.0;41
5;2025-12-23;6;136;1.0;136
5;2025-12-23;7;410;1.0;410
5;2025-12-23;8;637;1.0;637
5;2025-12-23;9;435;1.0;435
5;2025-12-23;10;320;1.0;320
5;2025-12-23;11;290;1.0;290
5;2025-12-23;12;353;1.0;353
5;2025-12-23;13;364;1.0;364
5;2025-12-23;14;336;1.0;336
5;2025-12-23;15;352;1.0;352
5;2025-12-23;16;440;1.0;440
5;2025-12-23;17;506;1.0;506
5;2025-12-23;18;502;1.0;502
5;2025-12-23;19;377;1.0;377
5;2025-12-23;20;263;1.0;263
5;2025-12-23;21;163;1.0;163
5;2025-12-23;22;67;1.0;67
5;2025-12-23;23;9;1.0;9
5;2025-12-24;0;1;1.0;1
5;2025-12-24;1;0;1.0;0
5;2025-12-24;2;0;1.0;0
5;2025-12-24;3;0;1.0;0
5;2025-12-24;4;1;1.0;1
5;2025-12-24;5;41;1.0;41
5;2025-12-24;6;136;1.0;136
5;2025-12-24;7;410;1.0;410
5;2025-12-24;8;637;1.0;637
5;2025-12-24;9;435;1.0;435
5;2025-12-24;10;320;1.0;320
5;2025-12-24;11;290;1.0;290
5;2025-12-24;12;353;1.0;353
5;2025-12-24;13;364;1.0;364
5;2025-12-24;14;336;1.0;336
5;2025-12-24;15;352;1.0;352
5;2025-12-24;16;440;1.0;440
5;2025-12-24;17;506;1.0;506
5;2025-12-24;18;502;1.0;502
5;2025-12-24;19;377;1.0;377
5;2025-12-24;20;263;1.0;263
5;2025-12-24;21;163;1.0;163
5;2025-12-24;22;67;1.0;67
5;2025-12-24;23;9;1.0;9
5;2025-12-25;0;1;1.0;1
5;2025-12-25;1;0;1.0;0
5;2025-12-25;2;0;1.0;0
5;2025-12-25;3;0;1.0;0
5;2025-12-25;4;1;1.0;1
5;2025-12-25;5;41;1.0;41
5;2025-12-25;6;136;1.0;136
5;2025-12-25;7;410;1.0;410
5;2025-12-25;8;637;1.0;637
5;2025-12-25;9;435;1.0;435
5;2025-12-25;10;320;1.0;320
5;2025-12-25;11;290;1.0;290
5;2025-12-25;12;353;1.0;353
5;2025-12-25;13;364;1.0;364
5;2025-12-25;14;336;1.0;336
5;2025-12-25;15;352;1.0;352
5;2025-12-25;16;440;1.0;440
5;2025-12-25;17;506;1.0;506
5;2025-12-25;18;502;1.0;502
5;2025-12-25;19;377;1.0;377
5;2025-12-25;20;263;1.0;263
5;2025-12-25;21;163;1.0;163
5;2025-12-25;22;67;1.0;67
5;2025-12-25;23;9;1.0;9
5;2025-12-26;0;1;1.0;1
5;2025-12-26;1;0;1.0;0
5;2025-12-26;2;0;1.0;0
5;2025-12-26;3;0;1.0;0
5;2025-12-26;4;1;1.0;1
5;2025-12-26;5;42;1.0;42
5;2025-12-26;6;145;1.0;145
5;2025-12-26;7;437;1.0;437
5;2025-12-26;8;667;1.0;667
5;2025-12-26;9;451;1.0;451
5;2025-12-26;10;340;1.0;340
5;2025-12-26;11;315;1.0;315
5;2025-12-26;12;397;1.0;397
5;2025-12-26;13;388;1.0;388
5;2025-12-26;14;380;1.0;380
5;2025-12-26;15;394;1.0;394
5;2025-12-26;16;510;1.0;510
5;2025-12-26;17;539;1.0;539
5;2025-12-26;18;454;1.0;454
5;2025-12-26;19;347;1.0;347
5;2025-12-26;20;251;1.0;251
5;2025-12-26;21;174;1.0;174
5;2025-12-26;22;76;1.0;76
5;2025-12-26;23;11;1.0;11
5;2025-12-27;0;1;1.0;1
5;2025-12-27;1;0;1.0;0
5;2025-12-27;2;0;1.0;0
5;2025-12-27;3;0;1.0;0
5;2025-12-27;4;0;1.0;0
5;2025-12-27;5;18;1.0;18
5;2025-12-27;6;52;1.0;52
5;2025-12-27;7;111;1.0;111
5;2025-12-27;8;190;1.0;190
5;2025-12-27;9;229;1.0;229
5;2025-12-27;10;240;1.0;240
5;2025-12-27;11;245;1.0;245
5;2025-12-27;12;286;1.0;286
5;2025-12-27;13;297;1.0;297
5;2025-12-27;14;296;1.0;296
5;2025-12-27;15;294;1.0;294
5;2025-12-27;16;284;1.0;284
5;2025-12-27;17;288;1.0;288
5;2025-12-27;18;248;1.0;248
5;2025-12-27;19;203;1.0;203
5;2025-12-27;20;152;1.0;152
5;2025-12-27;21;135;1.0;135
5;2025-12-27;22;64;1.0;64
5;2025-12-27;23;9;1.0;9
5;2025-12-28;0;2;1.0;2
5;2025-12-28;1;0;1.0;0
5;2025-12-28;2;0;1.0;0
5;2025-12-28;3;0;1.0;0
5;2025-12-28;4;0;1.0;0
5;2025-12-28;5;16;1.0;16
5;2025-12-28;6;43;1.0;43
5;2025-12-28;7;80;1.0;80
5;2025-12-28;8;129;1.0;129
5;2025-12-28;9;177;1.0;177
5;2025-12-28;10;197;1.0;197
5;2025-12-28;11;217;1.0;217
5;2025-12-28;12;238;1.0;238
5;2025-12-28;13;278;1.0;278
5;2025-12-28;14;268;1.0;268
5;2025-12-28;15;266;1.0;266
5;2025-12-28;16;248;1.0;248
5;2025-12-28;17;250;1.0;250
5;2025-12-28;18;218;1.0;218
5;2025-12-28;19;190;1.0;190
5;2025-12-28;20;151;1.0;151
5;2025-12-28;21;125;1.0;125
5;2025-12-28;22;56;1.0;56
5;2025-12-28;23;7;1.0;7
5;2025-12-29;0;1;1.0;1
5;2025-12-29;1;0;1.0;0
5;2025-12-29;2;0;1.0;0
5;2025-12-29;3;0;1.0;0
5;2025-12-29;4;1;1.0;1
5;2025-12-29;5;36;1.0;36
5;2025-12-29;6;120;1.0;120
5;2025-12-29;7;360;1.0;360
5;2025-12-29;8;561;1.0;561
5;2025-12-29;9;383;1.0;383
5;2025-12-29;10;282;1.0;282
5;2025-12-29;11;255;1.0;255
5;2025-12-29;12;311;1.0;311
5;2025-12-29;13;320;1.0;320
5;2025-12-29;14;296;1.0;296
5;2025-12-29;15;310;1.0;310
5;2025-12-29;16;388;1.0;388
5;2025-12-29;17;445;1.0;445
5;2025-12-29;18;441;1.0;441
5;2025-12-29;19;332;1.0;332
5;2025-12-29;20;232;1.0;232
5;2025-12-29;21;143;1.0;143
5;2025-12-29;22;59;1.0;59
5;2025-12-29;23;8;1.0;8
5;2025-12-30;0;1;1.0;1
5;2025-12-30;1;0;1.0;0
5;2025-12-30;2;0;1.0;0
5;2025-12-30;3;0;1.0;0
5;2025-12-30;4;1;1.0;1
5;2025-12-30;5;36;1.0;36
5;2025-12-30;6;120;1.0;120
5;2025-12-30;7;360;1.0;360
5;2025-12-30;8;561;1.0;561
5;2025-12-30;9;383;1.0;383
5;2025-12-30;10;282;1.0;282
5;2025-12-30;11;255;1.0;255
5;2025-12-30;12;311;1.0;311
5;2025-12-30;13;320;1.0;320
5;2025-12-30;14;296;1.0;296
5;2025-12-30;15;310;1.0;310
5;2025-12-30;16;388;1.0;388
5;2025-12-30;17;445;1.0;445
5;2025-12-30;18;441;1.0;441
5;2025-12-30;19;332;1.0;332
5;2025-12-30;20;232;1.0;232
5;2025-12-30;21;143;1.0;143
5;2025-12-30;22;59;1.0;59
5;2025-12-30;23;8;1.0;8
5;2025-12-31;0;1;1.0;1
5;2025-12-31;1;0;1.0;0
5;2025-12-31;2;0;1.0;0
5;2025-12-31;3;0;1.0;0
5;2025-12-31;4;1;1.0;1
5;2025-12-31;5;16;1.0;16
5;2025-12-31;6;47;1.0;47
5;2025-12-31;7;90;1.0;90
5;2025-12-31;8;163;1.0;163
5;2025-12-31;9;180;1.0;180
5;2025-12-31;10;195;1.0;195
5;2025-12-31;11;199;1.0;199
5;2025-12-31;12;250;1.0;250
5;2025-12-31;13;242;1.0;242
5;2025-12-31;14;228;1.0;228
5;2025-12-31;15;247;1.0;247
5;2025-12-31;16;258;1.0;258
5;2025-12-31;17;232;1.0;232
5;2025-12-31;18;203;1.0;203
5;2025-12-31;19;148;1.0;148
5;2025-12-31;20;0;1.0;0
5;2025-12-31;21;0;1.0;0
5;2025-12-31;22;0;1.0;0
5;2025-12-31;23;0;1.0;0
7;2025-11-01;0;109;1.0;109
7;2025-11-01;1;25;1.0;25
7;2025-11-01;2;0;1.0;0
7;2025-11-01;3;0;1.0;0
7;2025-11-01;4;1;1.0565;1
7;2025-11-01;5;147;1.0427;147
7;2025-11-01;6;516;1.0437;516
7;2025-11-01;7;1252;1.05;1252
7;2025-11-01;8;1848;1.0245;1848
7;2025-11-01;9;1386;1.0545;1386
7;2025-11-01;10;1256;1.0669;1256
7;2025-11-01;11;1199;1.0686;1199
7;2025-11-01;12;1272;1.0736;1272
7;2025-11-01;13;1319;1.0719;1319
7;2025-11-01;14;1380;1.071;1380
7;2025-11-01;15;1474;1.0536;1474
7;2025-11-01;16;1640;1.0521;1640
7;2025-11-01;17;1815;1.0123;1815
7;2025-11-01;18;1643;0.9996;1643
7;2025-11-01;19;1166;1.0261;1166
7;2025-11-01;20;819;1.0213;819
7;2025-11-01;21;498;1.0227;498
7;2025-11-01;22;281;1.0237;281
7;2025-11-01;23;185;1.0383;185
7;2025-11-02;0;77;1.0617;77
7;2025-11-02;1;18;1.0617;18
7;2025-11-02;2;0;1.0;0
7;2025-11-02;3;0;1.0;0
7;2025-11-02;4;1;1.0;1
7;2025-11-02;5;26;1.0617;26
7;2025-11-02;6;132;1.0463;132
7;2025-11-02;7;195;1.0427;195
7;2025-11-02;8;350;1.0681;350
7;2025-11-02;9;455;1.0469;455
7;2025-11-02;10;446;1.0513;446
7;2025-11-02;11;589;1.0296;589
7;2025-11-02;12;655;1.0222;655
7;2025-11-02;13;667;1.0095;667
7;2025-11-02;14;717;1.0053;717
7;2025-11-02;15;697;1.02;697
7;2025-11-02;16;643;1.0173;643
7;2025-11-02;17;652;1.03;652
7;2025-11-02;18;608;1.0512;608
7;2025-11-02;19;494;1.0455;494
7;2025-11-02;20;411;1.0564;411
7;2025-11-02;21;314;1.053;314
7;2025-11-02;22;174;1.0528;174
7;2025-11-02;23;110;1.0691;110
7;2025-11-03;0;77;0.9081;77
7;2025-11-03;1;18;0.9039;18
7;2025-11-03;2;0;1.0;0
7;2025-11-03;3;0;1.0;0
7;2025-11-03;4;1;1.0;1
7;2025-11-03;5;26;0.9033;26
7;2025-11-03;6;132;0.9015;132
7;2025-11-03;7;195;0.9121;195
7;2025-11-03;8;350;0.9104;350
7;2025-11-03;9;455;0.892;455
7;2025-11-03;10;446;0.906;446
7;2025-11-03;11;589;0.8677;589
7;2025-11-03;12;655;0.8283;655
7;2025-11-03;13;667;0.8494;667
7;2025-11-03;14;717;0.8431;717
7;2025-11-03;15;697;0.8082;697
7;2025-11-03;16;643;0.8363;643
7;2025-11-03;17;652;0.8755;652
7;2025-11-03;18;608;0.8763;608
7;2025-11-03;19;494;0.8818;494
7;2025-11-03;20;411;0.8972;411
7;2025-11-03;21;314;0.9063;314
7;2025-11-03;22;174;0.9063;174
7;2025-11-03;23;110;0.899;110
7;2025-11-04;0;77;0.9596;77
7;2025-11-04;1;18;0.9637;18
7;2025-11-04;2;0;1.0;0
7;2025-11-04;3;0;1.0;0
7;2025-11-04;4;1;1.0;1
7;2025-11-04;5;26;0.9427;26
7;2025-11-04;6;132;0.942;132
7;2025-11-04;7;195;0.9632;195
7;2025-11-04;8;350;0.9305;350
7;2025-11-04;9;455;0.9354;455
7;2025-11-04;10;446;0.9587;446
7;2025-11-04;11;589;0.882;589
7;2025-11-04;12;655;0.8761;655
7;2025-11-04;13;667;0.9098;667
7;2025-11-04;14;717;0.9344;717
7;2025-11-04;15;697;0.9221;697
7;2025-11-04;16;643;0.9286;643
7;2025-11-04;17;652;0.9494;652
7;2025-11-04;18;608;0.9589;608
7;2025-11-04;19;494;0.9653;494
7;2025-11-04;20;411;0.9791;411
7;2025-11-04;21;314;0.9889;314
7;2025-11-04;22;174;0.9864;174
7;2025-11-04;23;110;0.9814;110
7;2025-11-05;0;63;1.0236;63
7;2025-11-05;1;12;1.0249;12
7;2025-11-05;2;0;1.0;0
7;2025-11-05;3;0;1.0;0
7;2025-11-05;4;1;1.0332;1
7;2025-11-05;5;207;1.0332;207
7;2025-11-05;6;729;1.0332;729
7;2025-11-05;7;1744;1.0214;1744
7;2025-11-05;8;2657;1.0126;2657
7;2025-11-05;9;1967;1.0188;1967
7;2025-11-05;10;1706;1.0244;1706
7;2025-11-05;11;1551;1.0175;1551
7;2025-11-05;12;1647;1.0126;1647
7;2025-11-05;13;1610;1.0184;1610
7;2025-11-05;14;1709;1.0194;1709
7;2025-11-05;15;1850;1.0187;1850
7;2025-11-05;16;1944;1.0144;1944
7;2025-11-05;17;2480;1.0069;2480
7;2025-11-05;18;2732;1.0;2732
7;2025-11-05;19;1834;1.0209;1834
7;2025-11-05;20;1158;1.0234;1158
7;2025-11-05;21;672;1.0229;672
7;2025-11-05;22;336;1.0308;336
7;2025-11-05;23;200;1.0246;200
7;2025-11-06;0;63;1.0325;63
7;2025-11-06;1;12;1.0338;12
7;2025-11-06;2;0;1.0;0
7;2025-11-06;3;0;1.0;0
7;2025-11-06;4;1;1.0368;1
7;2025-11-06;5;207;1.0368;207
7;2025-11-06;6;729;1.0368;729
7;2025-11-06;7;1744;1.0363;1744
7;2025-11-06;8;2657;1.0247;2657
7;2025-11-06;9;1967;1.0299;1967
7;2025-11-06;10;1706;1.0391;1706
7;2025-11-06;11;1551;1.0236;1551
7;2025-11-06;12;1647;1.0415;1647
7;2025-11-06;13;1610;1.04;1610
7;2025-11-06;14;1709;1.0393;1709
7;2025-11-06;15;1850;1.0167;1850
7;2025-11-06;16;1944;1.0222;1944
7;2025-11-06;17;2480;1.0187;2480
7;2025-11-06;18;2732;1.0068;2732
7;2025-11-06;19;1834;1.0265;1834
7;2025-11-06;20;1158;1.0059;1158
7;2025-11-06;21;672;1.0294;672
7;2025-11-06;22;336;1.0359;336
7;2025-11-06;23;200;1.0286;200
7;2025-11-07;0;67;1.0637;67
7;2025-11-07;1;12;1.0578;12
7;2025-11-07;2;0;1.0;0
7;2025-11-07;3;0;1.0;0
7;2025-11-07;4;2;1.065;2
7;2025-11-07;5;183;1.0704;183
7;2025-11-07;6;645;1.0734;645
7;2025-11-07;7;1566;1.089;1566
7;2025-11-07;8;2310;1.0529;2310
7;2025-11-07;9;1732;1.0607;1732
7;2025-11-07;10;1570;1.0746;1570
7;2025-11-07;11;1499;1.0719;1499
7;2025-11-07;12;1590;1.0654;1590
7;2025-11-07;13;1648;1.069;1648
7;2025-11-07;14;1723;1.0591;1723
7;2025-11-07;15;1842;1.0533;1842
7;2025-11-07;16;2050;1.053;2050
7;2025-11-07;17;2268;1.0537;2268
7;2025-11-07;18;2054;1.0439;2054
7;2025-11-07;19;1457;1.0761;1457
7;2025-11-07;20;1023;1.0747;1023
7;2025-11-07;21;623;1.0771;623
7;2025-11-07;22;351;1.0771;351
7;2025-11-07;23;231;1.0741;231
7;2025-11-08;0;89;0.9891;89
7;2025-11-08;1;19;0.9838;19
7;2025-11-08;2;0;1.0;0
7;2025-11-08;3;0;1.0;0
7;2025-11-08;4;1;1.0;1
7;2025-11-08;5;45;0.9817;45
7;2025-11-08;6;235;0.9646;235
7;2025-11-08;7;330;0.9696;330
7;2025-11-08;8;595;0.9662;595
7;2025-11-08;9;596;0.9723;596
7;2025-11-08;10;643;0.9584;643
7;2025-11-08;11;738;0.9724;738
7;2025-11-08;12;907;0.8792;907
7;2025-11-08;13;888;0.9298;888
7;2025-11-08;14;910;0.9609;910
7;2025-11-08;15;856;0.967;856
7;2025-11-08;16;820;0.97;820
7;2025-11-08;17;809;0.9769;809
7;2025-11-08;18;767;0.9839;767
7;2025-11-08;19;689;0.9967;689
7;2025-11-08;20;535;1.0051;535
7;2025-11-08;21;415;1.0023;415
7;2025-11-08;22;223;1.0032;223
7;2025-11-08;23;154;1.0012;154
7;2025-11-09;0;77;1.0749;77
7;2025-11-09;1;18;1.0749;18
7;2025-11-09;2;0;1.0;0
7;2025-11-09;3;0;1.0;0
7;2025-11-09;4;1;1.0;1
7;2025-11-09;5;26;1.0754;26
7;2025-11-09;6;132;1.0732;132
7;2025-11-09;7;195;1.0767;195
7;2025-11-09;8;350;1.0808;350
7;2025-11-09;9;455;1.0679;455
7;2025-11-09;10;446;1.0772;446
7;2025-11-09;11;589;1.0413;589
7;2025-11-09;12;655;1.0457;655
7;2025-11-09;13;667;1.0386;667
7;2025-11-09;14;717;1.031;717
7;2025-11-09;15;697;1.0225;697
7;2025-11-09;16;643;1.0458;643
7;2025-11-09;17;652;1.0588;652
7;2025-11-09;18;608;1.0631;608
7;2025-11-09;19;494;1.0648;494
7;2025-11-09;20;411;1.0815;411
7;2025-11-09;21;314;1.0835;314
7;2025-11-09;22;174;1.0837;174
7;2025-11-09;23;110;1.084;110
7;2025-11-10;0;63;1.0188;63
7;2025-11-10;1;12;1.0194;12
7;2025-11-10;2;0;1.0;0
7;2025-11-10;3;0;1.0;0
7;2025-11-10;4;1;1.027;1
7;2025-11-10;5;207;1.0224;207
7;2025-11-10;6;729;1.0224;729
7;2025-11-10;7;1744;1.0231;1744
7;2025-11-10;8;2657;1.0253;2657
7;2025-11-10;9;1967;1.028;1967
7;2025-11-10;10;1706;1.0279;1706
7;2025-11-10;11;1551;1.0281;1551
7;2025-11-10;12;1647;1.0287;1647
7;2025-11-10;13;1610;1.0279;1610
7;2025-11-10;14;1709;1.0276;1709
7;2025-11-10;15;1850;1.0244;1850
7;2025-11-10;16;1944;1.0301;1944
7;2025-11-10;17;2480;1.0306;2480
7;2025-11-10;18;2732;1.0171;2732
7;2025-11-10;19;1834;1.0253;1834
7;2025-11-10;20;1158;1.0199;1158
7;2025-11-10;21;672;1.0199;672
7;2025-11-10;22;336;1.0279;336
7;2025-11-10;23;200;1.023;200
7;2025-11-11;0;63;1.0418;63
7;2025-11-11;1;12;1.0432;12
7;2025-11-11;2;0;1.0;0
7;2025-11-11;3;0;1.0;0
7;2025-11-11;4;1;1.0457;1
7;2025-11-11;5;207;1.0467;207
7;2025-11-11;6;729;1.0467;729
7;2025-11-11;7;1744;1.0456;1744
7;2025-11-11;8;2657;1.0367;2657
7;2025-11-11;9;1967;1.0428;1967
7;2025-11-11;10;1706;1.0491;1706
7;2025-11-11;11;1551;1.0515;1551
7;2025-11-11;12;1647;1.0511;1647
7;2025-11-11;13;1610;1.0496;1610
7;2025-11-11;14;1709;1.0484;1709
7;2025-11-11;15;1850;1.0458;1850
7;2025-11-11;16;1944;1.0414;1944
7;2025-11-11;17;2480;1.0363;2480
7;2025-11-11;18;2732;1.023;2732
7;2025-11-11;19;1834;1.04;1834
7;2025-11-11;20;1158;1.0375;1158
7;2025-11-11;21;672;1.0375;672
7;2025-11-11;22;336;1.0455;336
7;2025-11-11;23;200;1.0396;200
7;2025-11-12;0;63;1.0367;63
7;2025-11-12;1;12;1.038;12
7;2025-11-12;2;0;1.0;0
7;2025-11-12;3;0;1.0;0
7;2025-11-12;4;1;1.0403;1
7;2025-11-12;5;207;1.0413;207
7;2025-11-12;6;729;1.0413;729
7;2025-11-12;7;1744;1.0397;1744
7;2025-11-12;8;2657;1.0296;2657
7;2025-11-12;9;1967;1.0362;1967
7;2025-11-12;10;1706;1.0436;1706
7;2025-11-12;11;1551;1.0316;1551
7;2025-11-12;12;1647;1.0372;1647
7;2025-11-12;13;1610;1.0357;1610
7;2025-11-12;14;1709;1.0437;1709
7;2025-11-12;15;1850;1.0389;1850
7;2025-11-12;16;1944;1.0329;1944
7;2025-11-12;17;2480;1.027;2480
7;2025-11-12;18;2732;1.0151;2732
7;2025-11-12;19;1834;1.0321;1834
7;2025-11-12;20;1158;1.0318;1158
7;2025-11-12;21;672;1.0327;672
7;2025-11-12;22;336;1.04;336
7;2025-11-12;23;200;1.0357;200
7;2025-11-13;0;63;1.0386;63
7;2025-11-13;1;12;1.0399;12
7;2025-11-13;2;0;1.0;0
7;2025-11-13;3;0;1.0;0
7;2025-11-13;4;1;1.0439;1
7;2025-11-13;5;207;1.0439;207
7;2025-11-13;6;729;1.0444;729
7;2025-11-13;7;1744;1.0435;1744
7;2025-11-13;8;2657;1.0332;2657
7;2025-11-13;9;1967;1.04;1967
7;2025-11-13;10;1706;1.047;1706
7;2025-11-13;11;1551;1.0492;1551
7;2025-11-13;12;1647;1.049;1647
7;2025-11-13;13;1610;1.0486;1610
7;2025-11-13;14;1709;1.0479;1709
7;2025-11-13;15;1850;1.0452;1850
7;2025-11-13;16;1944;1.0402;1944
7;2025-11-13;17;2480;1.0324;2480
7;2025-11-13;18;2732;1.0186;2732
7;2025-11-13;19;1834;1.0262;1834
7;2025-11-13;20;1158;1.0224;1158
7;2025-11-13;21;672;1.0224;672
7;2025-11-13;22;336;1.0319;336
7;2025-11-13;23;200;1.0344;200
7;2025-11-14;0;67;1.0574;67
7;2025-11-14;1;12;1.0585;12
7;2025-11-14;2;0;1.0;0
7;2025-11-14;3;0;1.0;0
7;2025-11-14;4;2;1.0556;2
7;2025-11-14;5;183;1.0611;183
7;2025-11-14;6;645;1.0611;645
7;2025-11-14;7;1566;1.0722;1566
7;2025-11-14;8;2310;1.0231;2310
7;2025-11-14;9;1732;1.0596;1732
7;2025-11-14;10;1570;1.0593;1570
7;2025-11-14;11;1499;1.0598;1499
7;2025-11-14;12;1590;1.0594;1590
7;2025-11-14;13;1648;1.0576;1648
7;2025-11-14;14;1723;1.0519;1723
7;2025-11-14;15;1842;1.0308;1842
7;2025-11-14;16;2050;1.0211;2050
7;2025-11-14;17;2268;1.0249;2268
7;2025-11-14;18;2054;1.0189;2054
7;2025-11-14;19;1457;1.0649;1457
7;2025-11-14;20;1023;1.0622;1023
7;2025-11-14;21;623;1.0618;623
7;2025-11-14;22;351;1.069;351
7;2025-11-14;23;231;1.0659;231
7;2025-11-15;0;105;1.0;105
7;2025-11-15;1;23;1.0;23
7;2025-11-15;2;0;1.0;0
7;2025-11-15;3;0;1.0;0
7;2025-11-15;4;0;1.0;0
7;2025-11-15;5;60;1.0;60
7;2025-11-15;6;291;1.0;291
7;2025-11-15;7;472;1.0;472
7;2025-11-15;8;726;1.0;726
7;2025-11-15;9;873;1.0;873
7;2025-11-15;10;976;1.0;976
7;2025-11-15;11;1010;1.0;1010
7;2025-11-15;12;1165;1.0;1165
7;2025-11-15;13;1308;1.0;1308
7;2025-11-15;14;1316;1.0;1316
7;2025-11-15;15;1223;1.0;1223
7;2025-11-15;16;1168;1.0;1168
7;2025-11-15;17;1169;1.0;1169
7;2025-11-15;18;1080;1.0;1080
7;2025-11-15;19;1083;1.0;1083
7;2025-11-15;20;811;1.0;811
7;2025-11-15;21;626;1.0;626
7;2025-11-15;22;366;1.0;366
7;2025-11-15;23;216;1.0;216
7;2025-11-16;0;91;1.0;91
7;2025-11-16;1;13;1.0;13
7;2025-11-16;2;0;1.0;0
7;2025-11-16;3;0;1.0;0
7;2025-11-16;4;1;1.0;1
7;2025-11-16;5;39;1.0;39
7;2025-11-16;6;207;1.0;207
7;2025-11-16;7;325;1.0;325
7;2025-11-16;8;530;1.0;530
7;2025-11-16;9;671;1.0;671
7;2025-11-16;10;774;1.0;774
7;2025-11-16;11;918;1.0;918
7;2025-11-16;12;1037;1.0;1037
7;2025-11-16;13;1069;1.0;1069
7;2025-11-16;14;1224;1.0;1224
7;2025-11-16;15;1104;1.0;1104
7;2025-11-16;16;913;1.0;913
7;2025-11-16;17;1039;1.0;1039
7;2025-11-16;18;872;1.0;872
7;2025-11-16;19;845;1.0;845
7;2025-11-16;20;646;1.0;646
7;2025-11-16;21;510;1.0;510
7;2025-11-16;22;297;1.0;297
7;2025-11-16;23;167;1.0;167
7;2025-11-17;0;63;1.0197;63
7;2025-11-17;1;12;1.021;12
7;2025-11-17;2;0;1.0;0
7;2025-11-17;3;0;1.0;0
7;2025-11-17;4;1;1.0197;1
7;2025-11-17;5;207;1.0203;207
7;2025-11-17;6;729;1.024;729
7;2025-11-17;7;1744;1.0165;1744
7;2025-11-17;8;2657;0.9984;2657
7;2025-11-17;9;1967;0.9997;1967
7;2025-11-17;10;1706;1.0058;1706
7;2025-11-17;11;1551;1.0072;1551
7;2025-11-17;12;1647;1.0097;1647
7;2025-11-17;13;1610;1.0012;1610
7;2025-11-17;14;1709;1.0105;1709
7;2025-11-17;15;1850;1.0081;1850
7;2025-11-17;16;1944;1.0164;1944
7;2025-11-17;17;2480;1.0156;2480
7;2025-11-17;18;2732;1.0142;2732
7;2025-11-17;19;1834;1.0217;1834
7;2025-11-17;20;1158;1.0151;1158
7;2025-11-17;21;672;1.0164;672
7;2025-11-17;22;336;1.0216;336
7;2025-11-17;23;200;1.0173;200
7;2025-11-18;0;63;1.0139;63
7;2025-11-18;1;12;1.0152;12
7;2025-11-18;2;0;1.0;0
7;2025-11-18;3;0;1.0;0
7;2025-11-18;4;1;0.9646;1
7;2025-11-18;5;207;0.9718;207
7;2025-11-18;6;729;0.981;729
7;2025-11-18;7;1744;0.9945;1744
7;2025-11-18;8;2657;0.9814;2657
7;2025-11-18;9;1967;0.9716;1967
7;2025-11-18;10;1706;0.9698;1706
7;2025-11-18;11;1551;0.9877;1551
7;2025-11-18;12;1647;0.9872;1647
7;2025-11-18;13;1610;0.9767;1610
7;2025-11-18;14;1709;0.9772;1709
7;2025-11-18;15;1850;0.983;1850
7;2025-11-18;16;1944;0.9846;1944
7;2025-11-18;17;2480;0.9799;2480
7;2025-11-18;18;2732;0.9682;2732
7;2025-11-18;19;1834;0.9879;1834
7;2025-11-18;20;1158;0.9849;1158
7;2025-11-18;21;672;0.9866;672
7;2025-11-18;22;336;0.9955;336
7;2025-11-18;23;200;0.9902;200
7;2025-11-19;0;63;1.0182;63
7;2025-11-19;1;12;1.0195;12
7;2025-11-19;2;0;1.0;0
7;2025-11-19;3;0;1.0;0
7;2025-11-19;4;1;1.0312;1
7;2025-11-19;5;207;1.0438;207
7;2025-11-19;6;729;1.0476;729
7;2025-11-19;7;1744;1.0458;1744
7;2025-11-19;8;2657;1.0354;2657
7;2025-11-19;9;1967;1.042;1967
7;2025-11-19;10;1706;1.0384;1706
7;2025-11-19;11;1551;1.0412;1551
7;2025-11-19;12;1647;1.0513;1647
7;2025-11-19;13;1610;1.051;1610
7;2025-11-19;14;1709;1.0504;1709
7;2025-11-19;15;1850;1.0478;1850
7;2025-11-19;16;1944;1.0434;1944
7;2025-11-19;17;2480;1.0355;2480
7;2025-11-19;18;2732;1.024;2732
7;2025-11-19;19;1834;1.0428;1834
7;2025-11-19;20;1158;1.0423;1158
7;2025-11-19;21;672;1.0423;672
7;2025-11-19;22;336;1.05;336
7;2025-11-19;23;200;1.0324;200
7;2025-11-20;0;63;1.0437;63
7;2025-11-20;1;12;1.0456;12
7;2025-11-20;2;0;1.0;0
7;2025-11-20;3;0;1.0;0
7;2025-11-20;4;1;1.0491;1
7;2025-11-20;5;207;1.0491;207
7;2025-11-20;6;729;1.0501;729
7;2025-11-20;7;1744;1.0473;1744
7;2025-11-20;8;2657;1.0364;2657
7;2025-11-20;9;1967;1.0436;1967
7;2025-11-20;10;1706;1.0507;1706
7;2025-11-20;11;1551;1.0527;1551
7;2025-11-20;12;1647;1.0525;1647
7;2025-11-20;13;1610;1.051;1610
7;2025-11-20;14;1709;1.0532;1709
7;2025-11-20;15;1850;1.0488;1850
7;2025-11-20;16;1944;1.0444;1944
7;2025-11-20;17;2480;1.0364;2480
7;2025-11-20;18;2732;1.0248;2732
7;2025-11-20;19;1834;1.0437;1834
7;2025-11-20;20;1158;1.0418;1158
7;2025-11-20;21;672;1.0399;672
7;2025-11-20;22;336;1.0479;336
7;2025-11-20;23;200;1.0416;200
7;2025-11-21;0;67;1.0726;67
7;2025-11-21;1;12;1.0726;12
7;2025-11-21;2;0;1.0;0
7;2025-11-21;3;0;1.0;0
7;2025-11-21;4;2;1.0815;2
7;2025-11-21;5;183;1.0776;183
7;2025-11-21;6;645;1.0805;645
7;2025-11-21;7;1566;1.0963;1566
7;2025-11-21;8;2310;1.065;2310
7;2025-11-21;9;1732;1.0859;1732
7;2025-11-21;10;1570;1.0872;1570
7;2025-11-21;11;1499;1.0877;1499
7;2025-11-21;12;1590;1.0875;1590
7;2025-11-21;13;1648;1.0852;1648
7;2025-11-21;14;1723;1.0795;1723
7;2025-11-21;15;1842;1.0715;1842
7;2025-11-21;16;2050;1.0677;2050
7;2025-11-21;17;2268;1.0704;2268
7;2025-11-21;18;2054;1.0685;2054
7;2025-11-21;19;1457;1.091;1457
7;2025-11-21;20;1023;1.0892;1023
7;2025-11-21;21;623;1.0916;623
7;2025-11-21;22;351;1.0916;351
7;2025-11-21;23;231;1.0885;231
7;2025-11-22;0;105;1.0;105
7;2025-11-22;1;23;1.0;23
7;2025-11-22;2;0;1.0;0
7;2025-11-22;3;0;1.0;0
7;2025-11-22;4;0;1.0;0
7;2025-11-22;5;60;1.0;60
7;2025-11-22;6;291;1.0;291
7;2025-11-22;7;472;1.0;472
7;2025-11-22;8;726;1.0;726
7;2025-11-22;9;873;1.0;873
7;2025-11-22;10;976;1.0;976
7;2025-11-22;11;1010;1.0;1010
7;2025-11-22;12;1165;1.0;1165
7;2025-11-22;13;1308;1.0;1308
7;2025-11-22;14;1316;1.0;1316
7;2025-11-22;15;1223;1.0;1223
7;2025-11-22;16;1168;1.0;1168
7;2025-11-22;17;1169;1.0;1169
7;2025-11-22;18;1080;1.0;1080
7;2025-11-22;19;1083;1.0;1083
7;2025-11-22;20;811;1.0;811
7;2025-11-22;21;626;1.0;626
7;2025-11-22;22;366;1.0;366
7;2025-11-22;23;216;1.0;216
7;2025-11-23;0;91;1.0;91
7;2025-11-23;1;13;1.0;13
7;2025-11-23;2;0;1.0;0
7;2025-11-23;3;0;1.0;0
7;2025-11-23;4;1;1.0;1
7;2025-11-23;5;39;1.0;39
7;2025-11-23;6;207;1.0;207
7;2025-11-23;7;325;1.0;325
7;2025-11-23;8;530;1.0;530
7;2025-11-23;9;671;1.0;671
7;2025-11-23;10;774;1.0;774
7;2025-11-23;11;918;1.0;918
7;2025-11-23;12;1037;1.0;1037
7;2025-11-23;13;1069;1.0;1069
7;2025-11-23;14;1224;1.0;1224
7;2025-11-23;15;1104;1.0;1104
7;2025-11-23;16;913;1.0;913
7;2025-11-23;17;1039;1.0;1039
7;2025-11-23;18;872;1.0;872
7;2025-11-23;19;845;1.0;845
7;2025-11-23;20;646;1.0;646
7;2025-11-23;21;510;1.0;510
7;2025-11-23;22;297;1.0;297
7;2025-11-23;23;167;1.0;167
7;2025-11-24;0;63;0.9723;63
7;2025-11-24;1;12;0.9793;12
7;2025-11-24;2;0;1.0;0
7;2025-11-24;3;0;1.0;0
7;2025-11-24;4;1;0.9907;1
7;2025-11-24;5;207;0.9804;207
7;2025-11-24;6;729;0.9907;729
7;2025-11-24;7;1744;0.9781;1744
7;2025-11-24;8;2657;0.9756;2657
7;2025-11-24;9;1967;0.9799;1967
7;2025-11-24;10;1706;0.9891;1706
7;2025-11-24;11;1551;0.9892;1551
7;2025-11-24;12;1647;0.9993;1647
7;2025-11-24;13;1610;0.9933;1610
7;2025-11-24;14;1709;0.9907;1709
7;2025-11-24;15;1850;1.0005;1850
7;2025-11-24;16;1944;0.9678;1944
7;2025-11-24;17;2480;0.97;2480
7;2025-11-24;18;2732;0.9664;2732
7;2025-11-24;19;1834;0.9863;1834
7;2025-11-24;20;1158;0.9745;1158
7;2025-11-24;21;672;0.9745;672
7;2025-11-24;22;336;0.9895;336
7;2025-11-24;23;200;0.9767;200
7;2025-11-25;0;63;1.0178;63
7;2025-11-25;1;12;1.0191;12
7;2025-11-25;2;0;1.0;0
7;2025-11-25;3;0;1.0;0
7;2025-11-25;4;1;1.054;1
7;2025-11-25;5;207;1.0472;207
7;2025-11-25;6;729;1.0553;729
7;2025-11-25;7;1744;1.0451;1744
7;2025-11-25;8;2657;1.0348;2657
7;2025-11-25;9;1967;1.0388;1967
7;2025-11-25;10;1706;1.0483;1706
7;2025-11-25;11;1551;1.053;1551
7;2025-11-25;12;1647;1.0506;1647
7;2025-11-25;13;1610;1.0509;1610
7;2025-11-25;14;1709;1.0513;1709
7;2025-11-25;15;1850;1.0469;1850
7;2025-11-25;16;1944;1.0425;1944
7;2025-11-25;17;2480;1.0338;2480
7;2025-11-25;18;2732;1.0235;2732
7;2025-11-25;19;1834;1.0489;1834
7;2025-11-25;20;1158;1.0425;1158
7;2025-11-25;21;672;1.0425;672
7;2025-11-25;22;336;1.0579;336
7;2025-11-25;23;200;1.0455;200
7;2025-11-26;0;63;1.0319;63
7;2025-11-26;1;12;1.0333;12
7;2025-11-26;2;0;1.0;0
7;2025-11-26;3;0;1.0;0
7;2025-11-26;4;1;1.0465;1
7;2025-11-26;5;207;1.0465;207
7;2025-11-26;6;729;1.048;729
7;2025-11-26;7;1744;1.0427;1744
7;2025-11-26;8;2657;1.041;2657
7;2025-11-26;9;1967;1.0392;1967
7;2025-11-26;10;1706;1.0446;1706
7;2025-11-26;11;1551;1.0455;1551
7;2025-11-26;12;1647;1.0401;1647
7;2025-11-26;13;1610;1.0454;1610
7;2025-11-26;14;1709;1.0459;1709
7;2025-11-26;15;1850;1.0439;1850
7;2025-11-26;16;1944;1.0364;1944
7;2025-11-26;17;2480;1.0369;2480
7;2025-11-26;18;2732;1.0237;2732
7;2025-11-26;19;1834;1.0393;1834
7;2025-11-26;20;1158;1.0291;1158
7;2025-11-26;21;672;1.0334;672
7;2025-11-26;22;336;1.0462;336
7;2025-11-26;23;200;1.0314;200
7;2025-11-27;0;63;1.0369;63
7;2025-11-27;1;12;1.0428;12
7;2025-11-27;2;0;1.0;0
7;2025-11-27;3;0;1.0;0
7;2025-11-27;4;1;1.0521;1
7;2025-11-27;5;207;1.0521;207
7;2025-11-27;6;729;1.0521;729
7;2025-11-27;7;1744;1.0478;1744
7;2025-11-27;8;2657;1.0394;2657
7;2025-11-27;9;1967;1.0444;1967
7;2025-11-27;10;1706;1.0513;1706
7;2025-11-27;11;1551;1.0476;1551
7;2025-11-27;12;1647;1.0473;1647
7;2025-11-27;13;1610;1.0442;1610
7;2025-11-27;14;1709;1.046;1709
7;2025-11-27;15;1850;1.048;1850
7;2025-11-27;16;1944;1.0426;1944
7;2025-11-27;17;2480;1.0409;2480
7;2025-11-27;18;2732;1.0316;2732
7;2025-11-27;19;1834;1.0448;1834
7;2025-11-27;20;1158;1.0363;1158
7;2025-11-27;21;672;1.0361;672
7;2025-11-27;22;336;1.0494;336
7;2025-11-27;23;200;1.0282;200
7;2025-11-28;0;67;1.0851;67
7;2025-11-28;1;12;1.0849;12
7;2025-11-28;2;0;1.0;0
7;2025-11-28;3;0;1.0;0
7;2025-11-28;4;2;1.0851;2
7;2025-11-28;5;183;1.0967;183
7;2025-11-28;6;645;1.0972;645
7;2025-11-28;7;1566;1.1153;1566
7;2025-11-28;8;2310;1.0727;2310
7;2025-11-28;9;1732;1.0902;1732
7;2025-11-28;10;1570;1.0917;1570
7;2025-11-28;11;1499;1.0922;1499
7;2025-11-28;12;1590;1.0935;1590
7;2025-11-28;13;1648;1.0907;1648
7;2025-11-28;14;1723;1.0851;1723
7;2025-11-28;15;1842;1.0778;1842
7;2025-11-28;16;2050;1.0753;2050
7;2025-11-28;17;2268;1.0762;2268
7;2025-11-28;18;2054;1.0736;2054
7;2025-11-28;19;1457;1.101;1457
7;2025-11-28;20;1023;1.1004;1023
7;2025-11-28;21;623;1.1031;623
7;2025-11-28;22;351;1.1031;351
7;2025-11-28;23;231;1.0919;231
7;2025-11-29;0;105;1.0;105
7;2025-11-29;1;23;1.0;23
7;2025-11-29;2;0;1.0;0
7;2025-11-29;3;0;1.0;0
7;2025-11-29;4;0;1.0;0
7;2025-11-29;5;60;1.0;60
7;2025-11-29;6;291;1.0;291
7;2025-11-29;7;472;1.0;472
7;2025-11-29;8;726;1.0;726
7;2025-11-29;9;873;1.0;873
7;2025-11-29;10;976;1.0;976
7;2025-11-29;11;1010;1.0;1010
7;2025-11-29;12;1165;1.0;1165
7;2025-11-29;13;1308;1.0;1308
7;2025-11-29;14;1316;1.0;1316
7;2025-11-29;15;1223;1.0;1223
7;2025-11-29;16;1168;1.0;1168
7;2025-11-29;17;1169;1.0;1169
7;2025-11-29;18;1080;1.0;1080
7;2025-11-29;19;1083;1.0;1083
7;2025-11-29;20;811;1.0;811
7;2025-11-29;21;626;1.0;626
7;2025-11-29;22;366;1.0;366
7;2025-11-29;23;216;1.0;216
7;2025-11-30;0;91;1.0;91
7;2025-11-30;1;13;1.0;13
7;2025-11-30;2;0;1.0;0
7;2025-11-30;3;0;1.0;0
7;2025-11-30;4;1;1.0;1
7;2025-11-30;5;39;1.0;39
7;2025-11-30;6;207;1.0;207
7;2025-11-30;7;325;1.0;325
7;2025-11-30;8;530;1.0;530
7;2025-11-30;9;671;1.0;671
7;2025-11-30;10;774;1.0;774
7;2025-11-30;11;918;1.0;918
7;2025-11-30;12;1037;1.0;1037
7;2025-11-30;13;1069;1.0;1069
7;2025-11-30;14;1224;1.0;1224
7;2025-11-30;15;1104;1.0;1104
7;2025-11-30;16;913;1.0;913
7;2025-11-30;17;1039;1.0;1039
7;2025-11-30;18;872;1.0;872
7;2025-11-30;19;845;1.0;845
7;2025-11-30;20;646;1.0;646
7;2025-11-30;21;510;1.0;510
7;2025-11-30;22;297;1.0;297
7;2025-11-30;23;167;1.0;167
7;2025-12-01;0;63;1.0316;63
7;2025-12-01;1;12;1.0329;12
7;2025-12-01;2;0;1.0;0
7;2025-12-01;3;0;1.0;0
7;2025-12-01;4;1;1.0444;1
7;2025-12-01;5;207;1.0437;207
7;2025-12-01;6;729;1.0437;729
7;2025-12-01;7;1744;1.0251;1744
7;2025-12-01;8;2657;1.0261;2657
7;2025-12-01;9;1967;1.0282;1967
7;2025-12-01;10;1706;1.0281;1706
7;2025-12-01;11;1551;1.026;1551
7;2025-12-01;12;1647;1.0262;1647
7;2025-12-01;13;1610;1.027;1610
7;2025-12-01;14;1709;1.0258;1709
7;2025-12-01;15;1850;1.0227;1850
7;2025-12-01;16;1944;1.0236;1944
7;2025-12-01;17;2480;1.0223;2480
7;2025-12-01;18;2732;1.0179;2732
7;2025-12-01;19;1834;1.0381;1834
7;2025-12-01;20;1158;1.0239;1158
7;2025-12-01;21;672;1.0242;672
7;2025-12-01;22;336;1.0456;336
7;2025-12-01;23;200;1.0272;200
7;2025-12-02;0;63;1.0606;63
7;2025-12-02;1;12;1.0626;12
7;2025-12-02;2;0;1.0;0
7;2025-12-02;3;0;1.0;0
7;2025-12-02;4;1;1.0807;1
7;2025-12-02;5;207;1.0797;207
7;2025-12-02;6;729;1.0807;729
7;2025-12-02;7;1744;1.0643;1744
7;2025-12-02;8;2657;1.0575;2657
7;2025-12-02;9;1967;1.0618;1967
7;2025-12-02;10;1706;1.0677;1706
7;2025-12-02;11;1551;1.0682;1551
7;2025-12-02;12;1647;1.0678;1647
7;2025-12-02;13;1610;1.0663;1610
7;2025-12-02;14;1709;1.0667;1709
7;2025-12-02;15;1850;1.0641;1850
7;2025-12-02;16;1944;1.0597;1944
7;2025-12-02;17;2480;1.0549;2480
7;2025-12-02;18;2732;1.0438;2732
7;2025-12-02;19;1834;1.0718;1834
7;2025-12-02;20;1158;1.057;1158
7;2025-12-02;21;672;1.057;672
7;2025-12-02;22;336;1.0785;336
7;2025-12-02;23;200;1.0601;200
7;2025-12-03;0;63;1.0631;63
7;2025-12-03;1;12;1.0644;12
7;2025-12-03;2;0;1.0;0
7;2025-12-03;3;0;1.0;0
7;2025-12-03;4;1;1.0815;1
7;2025-12-03;5;207;1.0815;207
7;2025-12-03;6;729;1.0815;729
7;2025-12-03;7;1744;1.0664;1744
7;2025-12-03;8;2657;1.058;2657
7;2025-12-03;9;1967;1.0643;1967
7;2025-12-03;10;1706;1.0699;1706
7;2025-12-03;11;1551;1.0707;1551
7;2025-12-03;12;1647;1.0703;1647
7;2025-12-03;13;1610;1.0688;1610
7;2025-12-03;14;1709;1.0692;1709
7;2025-12-03;15;1850;1.0649;1850
7;2025-12-03;16;1944;1.0605;1944
7;2025-12-03;17;2480;1.0554;2480
7;2025-12-03;18;2732;1.0443;2732
7;2025-12-03;19;1834;1.0726;1834
7;2025-12-03;20;1158;1.0578;1158
7;2025-12-03;21;672;1.0578;672
7;2025-12-03;22;336;1.0793;336
7;2025-12-03;23;200;1.0609;200
7;2025-12-04;0;63;1.0586;63
7;2025-12-04;1;12;1.06;12
7;2025-12-04;2;0;1.0;0
7;2025-12-04;3;0;1.0;0
7;2025-12-04;4;1;1.077;1
7;2025-12-04;5;207;1.078;207
7;2025-12-04;6;729;1.078;729
7;2025-12-04;7;1744;1.063;1744
7;2025-12-04;8;2657;1.0539;2657
7;2025-12-04;9;1967;1.0606;1967
7;2025-12-04;10;1706;1.0668;1706
7;2025-12-04;11;1551;1.0659;1551
7;2025-12-04;12;1647;1.0655;1647
7;2025-12-04;13;1610;1.064;1610
7;2025-12-04;14;1709;1.0645;1709
7;2025-12-04;15;1850;1.0618;1850
7;2025-12-04;16;1944;1.0568;1944
7;2025-12-04;17;2480;1.0517;2480
7;2025-12-04;18;2732;1.0388;2732
7;2025-12-04;19;1834;1.0678;1834
7;2025-12-04;20;1158;1.0517;1158
7;2025-12-04;21;672;1.0517;672
7;2025-12-04;22;336;1.0732;336
7;2025-12-04;23;200;1.0548;200
7;2025-12-05;0;67;1.0961;67
7;2025-12-05;1;12;1.0961;12
7;2025-12-05;2;0;1.0;0
7;2025-12-05;3;0;1.0;0
7;2025-12-05;4;2;1.0961;2
7;2025-12-05;5;183;1.1136;183
7;2025-12-05;6;645;1.1136;645
7;2025-12-05;7;1566;1.1315;1566
7;2025-12-05;8;2310;1.0848;2310
7;2025-12-05;9;1732;1.1023;1732
7;2025-12-05;10;1570;1.102;1570
7;2025-12-05;11;1499;1.1025;1499
7;2025-12-05;12;1590;1.1028;1590
7;2025-12-05;13;1648;1.1009;1648
7;2025-12-05;14;1723;1.0953;1723
7;2025-12-05;15;1842;1.089;1842
7;2025-12-05;16;2050;1.0851;2050
7;2025-12-05;17;2268;1.0869;2268
7;2025-12-05;18;2054;1.0832;2054
7;2025-12-05;19;1457;1.1175;1457
7;2025-12-05;20;1023;1.1159;1023
7;2025-12-05;21;623;1.1183;623
7;2025-12-05;22;351;1.1183;351
7;2025-12-05;23;231;1.1011;231
7;2025-12-06;0;105;1.0;105
7;2025-12-06;1;23;1.0;23
7;2025-12-06;2;0;1.0;0
7;2025-12-06;3;0;1.0;0
7;2025-12-06;4;0;1.0;0
7;2025-12-06;5;60;1.0;60
7;2025-12-06;6;291;1.0;291
7;2025-12-06;7;472;1.0;472
7;2025-12-06;8;726;1.0;726
7;2025-12-06;9;873;1.0;873
7;2025-12-06;10;976;1.0;976
7;2025-12-06;11;1010;1.0;1010
7;2025-12-06;12;1165;1.0;1165
7;2025-12-06;13;1308;1.0;1308
7;2025-12-06;14;1316;1.0;1316
7;2025-12-06;15;1223;1.0;1223
7;2025-12-06;16;1168;1.0;1168
7;2025-12-06;17;1169;1.0;1169
7;2025-12-06;18;1080;1.0;1080
7;2025-12-06;19;1083;1.0;1083
7;2025-12-06;20;811;1.0;811
7;2025-12-06;21;626;1.0;626
7;2025-12-06;22;366;1.0;366
7;2025-12-06;23;216;1.0;216
7;2025-12-07;0;91;1.0;91
7;2025-12-07;1;13;1.0;13
7;2025-12-07;2;0;1.0;0
7;2025-12-07;3;0;1.0;0
7;2025-12-07;4;1;1.0;1
7;2025-12-07;5;39;1.0;39
7;2025-12-07;6;207;1.0;207
7;2025-12-07;7;325;1.0;325
7;2025-12-07;8;530;1.0;530
7;2025-12-07;9;671;1.0;671
7;2025-12-07;10;774;1.0;774
7;2025-12-07;11;918;1.0;918
7;2025-12-07;12;1037;1.0;1037
7;2025-12-07;13;1069;1.0;1069
7;2025-12-07;14;1224;1.0;1224
7;2025-12-07;15;1104;1.0;1104
7;2025-12-07;16;913;1.0;913
7;2025-12-07;17;1039;1.0;1039
7;2025-12-07;18;872;1.0;872
7;2025-12-07;19;845;1.0;845
7;2025-12-07;20;646;1.0;646
7;2025-12-07;21;510;1.0;510
7;2025-12-07;22;297;1.0;297
7;2025-12-07;23;167;1.0;167
7;2025-12-08;0;63;1.0263;63
7;2025-12-08;1;12;1.0276;12
7;2025-12-08;2;0;1.0;0
7;2025-12-08;3;0;1.0;0
7;2025-12-08;4;1;1.0503;1
7;2025-12-08;5;207;1.0503;207
7;2025-12-08;6;729;1.0493;729
7;2025-12-08;7;1744;1.0368;1744
7;2025-12-08;8;2657;1.0363;2657
7;2025-12-08;9;1967;1.0342;1967
7;2025-12-08;10;1706;1.0362;1706
7;2025-12-08;11;1551;1.0366;1551
7;2025-12-08;12;1647;1.0371;1647
7;2025-12-08;13;1610;1.0356;1610
7;2025-12-08;14;1709;1.037;1709
7;2025-12-08;15;1850;1.034;1850
7;2025-12-08;16;1944;1.033;1944
7;2025-12-08;17;2480;1.0335;2480
7;2025-12-08;18;2732;1.0202;2732
7;2025-12-08;19;1834;1.0419;1834
7;2025-12-08;20;1158;1.0239;1158
7;2025-12-08;21;672;1.0244;672
7;2025-12-08;22;336;1.0452;336
7;2025-12-08;23;200;1.0268;200
7;2025-12-09;0;63;1.0314;63
7;2025-12-09;1;12;1.0359;12
7;2025-12-09;2;0;1.0;0
7;2025-12-09;3;0;1.0;0
7;2025-12-09;4;1;1.0498;1
7;2025-12-09;5;207;1.045;207
7;2025-12-09;6;729;1.045;729
7;2025-12-09;7;1744;1.0057;1744
7;2025-12-09;8;2657;0.9997;2657
7;2025-12-09;9;1967;1.0088;1967
7;2025-12-09;10;1706;1.0214;1706
7;2025-12-09;11;1551;1.0036;1551
7;2025-12-09;12;1647;1.0013;1647
7;2025-12-09;13;1610;1.0004;1610
7;2025-12-09;14;1709;0.9983;1709
7;2025-12-09;15;1850;1.0164;1850
7;2025-12-09;16;1944;1.0233;1944
7;2025-12-09;17;2480;0.9861;2480
7;2025-12-09;18;2732;0.9827;2732
7;2025-12-09;19;1834;1.0353;1834
7;2025-12-09;20;1158;1.0125;1158
7;2025-12-09;21;672;1.0081;672
7;2025-12-09;22;336;1.0417;336
7;2025-12-09;23;200;1.0237;200
7;2025-12-10;0;63;1.0414;63
7;2025-12-10;1;12;1.0428;12
7;2025-12-10;2;0;1.0;0
7;2025-12-10;3;0;1.0;0
7;2025-12-10;4;1;1.0605;1
7;2025-12-10;5;207;1.0613;207
7;2025-12-10;6;729;1.0603;729
7;2025-12-10;7;1744;1.0473;1744
7;2025-12-10;8;2657;1.0366;2657
7;2025-12-10;9;1967;1.0446;1967
7;2025-12-10;10;1706;1.055;1706
7;2025-12-10;11;1551;1.056;1551
7;2025-12-10;12;1647;1.0551;1647
7;2025-12-10;13;1610;1.0539;1610
7;2025-12-10;14;1709;1.055;1709
7;2025-12-10;15;1850;1.0521;1850
7;2025-12-10;16;1944;1.0451;1944
7;2025-12-10;17;2480;1.0346;2480
7;2025-12-10;18;2732;1.0232;2732
7;2025-12-10;19;1834;1.0592;1834
7;2025-12-10;20;1158;1.0445;1158
7;2025-12-10;21;672;1.0438;672
7;2025-12-10;22;336;1.0646;336
7;2025-12-10;23;200;1.0468;200
7;2025-12-11;0;63;1.045;63
7;2025-12-11;1;12;1.0473;12
7;2025-12-11;2;0;1.0;0
7;2025-12-11;3;0;1.0;0
7;2025-12-11;4;1;1.0618;1
7;2025-12-11;5;207;1.0618;207
7;2025-12-11;6;729;1.0551;729
7;2025-12-11;7;1744;1.0308;1744
7;2025-12-11;8;2657;1.0212;2657
7;2025-12-11;9;1967;1.0214;1967
7;2025-12-11;10;1706;1.0326;1706
7;2025-12-11;11;1551;1.0281;1551
7;2025-12-11;12;1647;1.0274;1647
7;2025-12-11;13;1610;1.0337;1610
7;2025-12-11;14;1709;1.0324;1709
7;2025-12-11;15;1850;1.0451;1850
7;2025-12-11;16;1944;1.0423;1944
7;2025-12-11;17;2480;1.046;2480
7;2025-12-11;18;2732;1.0339;2732
7;2025-12-11;19;1834;1.0558;1834
7;2025-12-11;20;1158;1.0377;1158
7;2025-12-11;21;672;1.0377;672
7;2025-12-11;22;336;1.0581;336
7;2025-12-11;23;200;1.041;200
7;2025-12-12;0;67;1.0787;67
7;2025-12-12;1;12;1.0787;12
7;2025-12-12;2;0;1.0;0
7;2025-12-12;3;0;1.0;0
7;2025-12-12;4;2;1.0787;2
7;2025-12-12;5;183;1.0852;183
7;2025-12-12;6;645;1.0877;645
7;2025-12-12;7;1566;1.1024;1566
7;2025-12-12;8;2310;1.061;2310
7;2025-12-12;9;1732;1.0903;1732
7;2025-12-12;10;1570;1.0896;1570
7;2025-12-12;11;1499;1.0887;1499
7;2025-12-12;12;1590;1.0827;1590
7;2025-12-12;13;1648;1.0819;1648
7;2025-12-12;14;1723;1.0759;1723
7;2025-12-12;15;1842;1.0621;1842
7;2025-12-12;16;2050;1.0389;2050
7;2025-12-12;17;2268;1.0415;2268
7;2025-12-12;18;2054;1.0353;2054
7;2025-12-12;19;1457;1.091;1457
7;2025-12-12;20;1023;1.0894;1023
7;2025-12-12;21;623;1.091;623
7;2025-12-12;22;351;1.0902;351
7;2025-12-12;23;231;1.0725;231
7;2025-12-13;0;105;1.0;105
7;2025-12-13;1;23;1.0;23
7;2025-12-13;2;0;1.0;0
7;2025-12-13;3;0;1.0;0
7;2025-12-13;4;0;1.0;0
7;2025-12-13;5;60;1.0;60
7;2025-12-13;6;291;1.0;291
7;2025-12-13;7;472;1.0;472
7;2025-12-13;8;726;1.0;726
7;2025-12-13;9;873;1.0;873
7;2025-12-13;10;976;1.0;976
7;2025-12-13;11;1010;1.0;1010
7;2025-12-13;12;1165;1.0;1165
7;2025-12-13;13;1308;1.0;1308
7;2025-12-13;14;1316;1.0;1316
7;2025-12-13;15;1223;1.0;1223
7;2025-12-13;16;1168;1.0;1168
7;2025-12-13;17;1169;1.0;1169
7;2025-12-13;18;1080;1.0;1080
7;2025-12-13;19;1083;1.0;1083
7;2025-12-13;20;811;1.0;811
7;2025-12-13;21;626;1.0;626
7;2025-12-13;22;366;1.0;366
7;2025-12-13;23;216;1.0;216
7;2025-12-14;0;91;1.0;91
7;2025-12-14;1;13;1.0;13
7;2025-12-14;2;0;1.0;0
7;2025-12-14;3;0;1.0;0
7;2025-12-14;4;1;1.0;1
7;2025-12-14;5;39;1.0;39
7;2025-12-14;6;207;1.0;207
7;2025-12-14;7;325;1.0;325
7;2025-12-14;8;530;1.0;530
7;2025-12-14;9;671;1.0;671
7;2025-12-14;10;774;1.0;774
7;2025-12-14;11;918;1.0;918
7;2025-12-14;12;1037;1.0;1037
7;2025-12-14;13;1069;1.0;1069
7;2025-12-14;14;1224;1.0;1224
7;2025-12-14;15;1104;1.0;1104
7;2025-12-14;16;913;1.0;913
7;2025-12-14;17;1039;1.0;1039
7;2025-12-14;18;872;1.0;872
7;2025-12-14;19;845;1.0;845
7;2025-12-14;20;646;1.0;646
7;2025-12-14;21;510;1.0;510
7;2025-12-14;22;297;1.0;297
7;2025-12-14;23;167;1.0;167
7;2025-12-15;0;63;1.0029;63
7;2025-12-15;1;12;1.0022;12
7;2025-12-15;2;0;1.0;0
7;2025-12-15;3;0;1.0;0
7;2025-12-15;4;1;1.0128;1
7;2025-12-15;5;207;1.0128;207
7;2025-12-15;6;729;1.0128;729
7;2025-12-15;7;1744;0.9992;1744
7;2025-12-15;8;2657;0.9963;2657
7;2025-12-15;9;1967;0.9991;1967
7;2025-12-15;10;1706;1.0026;1706
7;2025-12-15;11;1551;1.0044;1551
7;2025-12-15;12;1647;1.0028;1647
7;2025-12-15;13;1610;1.0028;1610
7;2025-12-15;14;1709;1.0016;1709
7;2025-12-15;15;1850;0.9989;1850
7;2025-12-15;16;1944;0.9964;1944
7;2025-12-15;17;2480;0.995;2480
7;2025-12-15;18;2732;0.9907;2732
7;2025-12-15;19;1834;1.0146;1834
7;2025-12-15;20;1158;0.9994;1158
7;2025-12-15;21;672;0.9994;672
7;2025-12-15;22;336;1.0202;336
7;2025-12-15;23;200;1.0025;200
7;2025-12-16;0;63;1.0448;63
7;2025-12-16;1;12;1.0461;12
7;2025-12-16;2;0;1.0;0
7;2025-12-16;3;0;1.0;0
7;2025-12-16;4;1;1.0625;1
7;2025-12-16;5;207;1.0623;207
7;2025-12-16;6;729;1.0623;729
7;2025-12-16;7;1744;1.0517;1744
7;2025-12-16;8;2657;1.0373;2657
7;2025-12-16;9;1967;1.0487;1967
7;2025-12-16;10;1706;1.0603;1706
7;2025-12-16;11;1551;1.0549;1551
7;2025-12-16;12;1647;1.0549;1647
7;2025-12-16;13;1610;1.0541;1610
7;2025-12-16;14;1709;1.0593;1709
7;2025-12-16;15;1850;1.0559;1850
7;2025-12-16;16;1944;1.0511;1944
7;2025-12-16;17;2480;1.0414;2480
7;2025-12-16;18;2732;1.0154;2732
7;2025-12-16;19;1834;1.0543;1834
7;2025-12-16;20;1158;1.0372;1158
7;2025-12-16;21;672;1.0431;672
7;2025-12-16;22;336;1.0631;336
7;2025-12-16;23;200;1.0454;200
7;2025-12-17;0;63;1.053;63
7;2025-12-17;1;12;1.0538;12
7;2025-12-17;2;0;1.0;0
7;2025-12-17;3;0;1.0;0
7;2025-12-17;4;1;1.0709;1
7;2025-12-17;5;207;1.0709;207
7;2025-12-17;6;729;1.0722;729
7;2025-12-17;7;1744;1.0592;1744
7;2025-12-17;8;2657;1.0473;2657
7;2025-12-17;9;1967;1.0539;1967
7;2025-12-17;10;1706;1.0641;1706
7;2025-12-17;11;1551;1.0654;1551
7;2025-12-17;12;1647;1.064;1647
7;2025-12-17;13;1610;1.0634;1610
7;2025-12-17;14;1709;1.0639;1709
7;2025-12-17;15;1850;1.0612;1850
7;2025-12-17;16;1944;1.0536;1944
7;2025-12-17;17;2480;1.0456;2480
7;2025-12-17;18;2732;1.0342;2732
7;2025-12-17;19;1834;1.0664;1834
7;2025-12-17;20;1158;1.0521;1158
7;2025-12-17;21;672;1.0521;672
7;2025-12-17;22;336;1.0735;336
7;2025-12-17;23;200;1.0551;200
7;2025-12-18;0;63;1.0565;63
7;2025-12-18;1;12;1.0566;12
7;2025-12-18;2;0;1.0;0
7;2025-12-18;3;0;1.0;0
7;2025-12-18;4;1;1.0721;1
7;2025-12-18;5;207;1.0721;207
7;2025-12-18;6;729;1.0734;729
7;2025-12-18;7;1744;1.0587;1744
7;2025-12-18;8;2657;1.0468;2657
7;2025-12-18;9;1967;1.0533;1967
7;2025-12-18;10;1706;1.0525;1706
7;2025-12-18;11;1551;1.0378;1551
7;2025-12-18;12;1647;1.0531;1647
7;2025-12-18;13;1610;1.0633;1610
7;2025-12-18;14;1709;1.0637;1709
7;2025-12-18;15;1850;1.0611;1850
7;2025-12-18;16;1944;1.0552;1944
7;2025-12-18;17;2480;1.046;2480
7;2025-12-18;18;2732;1.0335;2732
7;2025-12-18;19;1834;1.0654;1834
7;2025-12-18;20;1158;1.0484;1158
7;2025-12-18;21;672;1.0497;672
7;2025-12-18;22;336;1.0698;336
7;2025-12-18;23;200;1.0514;200
7;2025-12-19;0;67;1.0864;67
7;2025-12-19;1;12;1.0867;12
7;2025-12-19;2;0;1.0;0
7;2025-12-19;3;0;1.0;0
7;2025-12-19;4;2;1.0867;2
7;2025-12-19;5;183;1.0983;183
7;2025-12-19;6;645;1.0983;645
7;2025-12-19;7;1566;1.1173;1566
7;2025-12-19;8;2310;1.0693;2310
7;2025-12-19;9;1732;1.0938;1732
7;2025-12-19;10;1570;1.0936;1570
7;2025-12-19;11;1499;1.0941;1499
7;2025-12-19;12;1590;1.0944;1590
7;2025-12-19;13;1648;1.0928;1648
7;2025-12-19;14;1723;1.0862;1723
7;2025-12-19;15;1842;1.0744;1842
7;2025-12-19;16;2050;1.0715;2050
7;2025-12-19;17;2268;1.0756;2268
7;2025-12-19;18;2054;1.0724;2054
7;2025-12-19;19;1457;1.1085;1457
7;2025-12-19;20;1023;1.1067;1023
7;2025-12-19;21;623;1.1091;623
7;2025-12-19;22;351;1.1091;351
7;2025-12-19;23;231;1.0925;231
7;2025-12-20;0;105;1.0;105
7;2025-12-20;1;23;1.0;23
7;2025-12-20;2;0;1.0;0
7;2025-12-20;3;0;1.0;0
7;2025-12-20;4;0;1.0;0
7;2025-12-20;5;60;1.0;60
7;2025-12-20;6;291;1.0;291
7;2025-12-20;7;472;1.0;472
7;2025-12-20;8;726;1.0;726
7;2025-12-20;9;873;1.0;873
7;2025-12-20;10;976;1.0;976
7;2025-12-20;11;1010;1.0;1010
7;2025-12-20;12;1165;1.0;1165
7;2025-12-20;13;1308;1.0;1308
7;2025-12-20;14;1316;1.0;1316
7;2025-12-20;15;1223;1.0;1223
7;2025-12-20;16;1168;1.0;1168
7;2025-12-20;17;1169;1.0;1169
7;2025-12-20;18;1080;1.0;1080
7;2025-12-20;19;1083;1.0;1083
7;2025-12-20;20;811;1.0;811
7;2025-12-20;21;626;1.0;626
7;2025-12-20;22;366;1.0;366
7;2025-12-20;23;216;1.0;216
7;2025-12-21;0;91;1.0;91
7;2025-12-21;1;13;1.0;13
7;2025-12-21;2;0;1.0;0
7;2025-12-21;3;0;1.0;0
7;2025-12-21;4;1;1.0;1
7;2025-12-21;5;39;1.0;39
7;2025-12-21;6;207;1.0;207
7;2025-12-21;7;325;1.0;325
7;2025-12-21;8;530;1.0;530
7;2025-12-21;9;671;1.0;671
7;2025-12-21;10;774;1.0;774
7;2025-12-21;11;918;1.0;918
7;2025-12-21;12;1037;1.0;1037
7;2025-12-21;13;1069;1.0;1069
7;2025-12-21;14;1224;1.0;1224
7;2025-12-21;15;1104;1.0;1104
7;2025-12-21;16;913;1.0;913
7;2025-12-21;17;1039;1.0;1039
7;2025-12-21;18;872;1.0;872
7;2025-12-21;19;845;1.0;845
7;2025-12-21;20;646;1.0;646
7;2025-12-21;21;510;1.0;510
7;2025-12-21;22;297;1.0;297
7;2025-12-21;23;167;1.0;167
7;2025-12-22;0;63;1.0235;63
7;2025-12-22;1;12;1.0239;12
7;2025-12-22;2;0;1.0;0
7;2025-12-22;3;0;1.0;0
7;2025-12-22;4;1;1.0406;1
7;2025-12-22;5;207;1.0406;207
7;2025-12-22;6;729;1.0404;729
7;2025-12-22;7;1744;1.0279;1744
7;2025-12-22;8;2657;1.0279;2657
7;2025-12-22;9;1967;1.0297;1967
7;2025-12-22;10;1706;1.032;1706
7;2025-12-22;11;1551;1.0308;1551
7;2025-12-22;12;1647;1.0258;1647
7;2025-12-22;13;1610;1.0002;1610
7;2025-12-22;14;1709;0.999;1709
7;2025-12-22;15;1850;0.9972;1850
7;2025-12-22;16;1944;0.9903;1944
7;2025-12-22;17;2480;0.9904;2480
7;2025-12-22;18;2732;0.9875;2732
7;2025-12-22;19;1834;1.0149;1834
7;2025-12-22;20;1158;1.0004;1158
7;2025-12-22;21;672;1.0012;672
7;2025-12-22;22;336;1.0407;336
7;2025-12-22;23;200;1.0021;200
7;2025-12-23;0;63;1.0269;63
7;2025-12-23;1;12;1.0261;12
7;2025-12-23;2;0;1.0;0
7;2025-12-23;3;0;1.0;0
7;2025-12-23;4;1;1.0485;1
7;2025-12-23;5;207;1.0485;207
7;2025-12-23;6;729;1.0485;729
7;2025-12-23;7;1744;1.032;1744
7;2025-12-23;8;2657;1.0141;2657
7;2025-12-23;9;1967;1.0204;1967
7;2025-12-23;10;1706;1.0344;1706
7;2025-12-23;11;1551;1.033;1551
7;2025-12-23;12;1647;1.0327;1647
7;2025-12-23;13;1610;1.035;1610
7;2025-12-23;14;1709;1.0373;1709
7;2025-12-23;15;1850;1.0464;1850
7;2025-12-23;16;1944;1.0369;1944
7;2025-12-23;17;2480;1.0312;2480
7;2025-12-23;18;2732;1.0239;2732
7;2025-12-23;19;1834;1.064;1834
7;2025-12-23;20;1158;1.0476;1158
7;2025-12-23;21;672;1.0483;672
7;2025-12-23;22;336;1.072;336
7;2025-12-23;23;200;1.0534;200
7;2025-12-24;0;63;1.0468;63
7;2025-12-24;1;12;1.046;12
7;2025-12-24;2;0;1.0;0
7;2025-12-24;3;0;1.0;0
7;2025-12-24;4;1;1.065;1
7;2025-12-24;5;207;1.065;207
7;2025-12-24;6;729;1.065;729
7;2025-12-24;7;1744;1.052;1744
7;2025-12-24;8;2657;1.0361;2657
7;2025-12-24;9;1967;1.0442;1967
7;2025-12-24;10;1706;1.0544;1706
7;2025-12-24;11;1551;1.0438;1551
7;2025-12-24;12;1647;1.0519;1647
7;2025-12-24;13;1610;1.0316;1610
7;2025-12-24;14;1709;1.0303;1709
7;2025-12-24;15;1850;1.031;1850
7;2025-12-24;16;1944;1.0316;1944
7;2025-12-24;17;2480;1.034;2480
7;2025-12-24;18;2732;1.0255;2732
7;2025-12-24;19;1834;1.0518;1834
7;2025-12-24;20;1158;1.0368;1158
7;2025-12-24;21;672;1.044;672
7;2025-12-24;22;336;1.0653;336
7;2025-12-24;23;200;1.047;200
7;2025-12-25;0;63;1.048;63
7;2025-12-25;1;12;1.0472;12
7;2025-12-25;2;0;1.0;0
7;2025-12-25;3;0;1.0;0
7;2025-12-25;4;1;1.0698;1
7;2025-12-25;5;207;1.0698;207
7;2025-12-25;6;729;1.0703;729
7;2025-12-25;7;1744;1.0597;1744
7;2025-12-25;8;2657;1.0443;2657
7;2025-12-25;9;1967;1.0497;1967
7;2025-12-25;10;1706;1.0607;1706
7;2025-12-25;11;1551;1.0593;1551
7;2025-12-25;12;1647;1.0576;1647
7;2025-12-25;13;1610;1.0599;1610
7;2025-12-25;14;1709;1.0513;1709
7;2025-12-25;15;1850;1.0484;1850
7;2025-12-25;16;1944;1.0378;1944
7;2025-12-25;17;2480;1.0142;2480
7;2025-12-25;18;2732;1.006;2732
7;2025-12-25;19;1834;1.0443;1834
7;2025-12-25;20;1158;1.0191;1158
7;2025-12-25;21;672;1.0183;672
7;2025-12-25;22;336;1.0425;336
7;2025-12-25;23;200;1.0107;200
7;2025-12-26;0;67;1.0359;67
7;2025-12-26;1;12;1.0483;12
7;2025-12-26;2;0;1.0;0
7;2025-12-26;3;0;1.0;0
7;2025-12-26;4;2;1.0481;2
7;2025-12-26;5;183;1.0695;183
7;2025-12-26;6;645;1.0666;645
7;2025-12-26;7;1566;1.0824;1566
7;2025-12-26;8;2310;1.032;2310
7;2025-12-26;9;1732;1.0619;1732
7;2025-12-26;10;1570;1.0553;1570
7;2025-12-26;11;1499;1.0468;1499
7;2025-12-26;12;1590;1.0446;1590
7;2025-12-26;13;1648;1.0525;1648
7;2025-12-26;14;1723;1.0479;1723
7;2025-12-26;15;1842;1.0293;1842
7;2025-12-26;16;2050;1.0188;2050
7;2025-12-26;17;2268;1.0256;2268
7;2025-12-26;18;2054;1.0269;2054
7;2025-12-26;19;1457;1.071;1457
7;2025-12-26;20;1023;1.0716;1023
7;2025-12-26;21;623;1.0785;623
7;2025-12-26;22;351;1.0785;351
7;2025-12-26;23;231;1.0556;231
7;2025-12-27;0;105;1.0;105
7;2025-12-27;1;23;1.0;23
7;2025-12-27;2;0;1.0;0
7;2025-12-27;3;0;1.0;0
7;2025-12-27;4;0;1.0;0
7;2025-12-27;5;60;1.0;60
7;2025-12-27;6;291;1.0;291
7;2025-12-27;7;472;1.0;472
7;2025-12-27;8;726;1.0;726
7;2025-12-27;9;873;1.0;873
7;2025-12-27;10;976;1.0;976
7;2025-12-27;11;1010;1.0;1010
7;2025-12-27;12;1165;1.0;1165
7;2025-12-27;13;1308;1.0;1308
7;2025-12-27;14;1316;1.0;1316
7;2025-12-27;15;1223;1.0;1223
7;2025-12-27;16;1168;1.0;1168
7;2025-12-27;17;1169;1.0;1169
7;2025-12-27;18;1080;1.0;1080
7;2025-12-27;19;1083;1.0;1083
7;2025-12-27;20;811;1.0;811
7;2025-12-27;21;626;1.0;626
7;2025-12-27;22;366;1.0;366
7;2025-12-27;23;216;1.0;216
7;2025-12-28;0;91;1.0;91
7;2025-12-28;1;13;1.0;13
7;2025-12-28;2;0;1.0;0
7;2025-12-28;3;0;1.0;0
7;2025-12-28;4;1;1.0;1
7;2025-12-28;5;39;1.0;39
7;2025-12-28;6;207;1.0;207
7;2025-12-28;7;325;1.0;325
7;2025-12-28;8;530;1.0;530
7;2025-12-28;9;671;1.0;671
7;2025-12-28;10;774;1.0;774
7;2025-12-28;11;918;1.0;918
7;2025-12-28;12;1037;1.0;1037
7;2025-12-28;13;1069;1.0;1069
7;2025-12-28;14;1224;1.0;1224
7;2025-12-28;15;1104;1.0;1104
7;2025-12-28;16;913;1.0;913
7;2025-12-28;17;1039;1.0;1039
7;2025-12-28;18;872;1.0;872
7;2025-12-28;19;845;1.0;845
7;2025-12-28;20;646;1.0;646
7;2025-12-28;21;510;1.0;510
7;2025-12-28;22;297;1.0;297
7;2025-12-28;23;167;1.0;167
7;2025-12-29;0;56;1.0;56
7;2025-12-29;1;11;1.0;11
7;2025-12-29;2;0;1.0;0
7;2025-12-29;3;0;1.0;0
7;2025-12-29;4;1;1.0;1
7;2025-12-29;5;182;1.0;182
7;2025-12-29;6;641;1.0;641
7;2025-12-29;7;1535;1.0;1535
7;2025-12-29;8;2339;1.0;2339
7;2025-12-29;9;1731;1.0;1731
7;2025-12-29;10;1501;1.0;1501
7;2025-12-29;11;1364;1.0;1364
7;2025-12-29;12;1450;1.0;1450
7;2025-12-29;13;1417;1.0;1417
7;2025-12-29;14;1503;1.0;1503
7;2025-12-29;15;1629;1.0;1629
7;2025-12-29;16;1710;1.0;1710
7;2025-12-29;17;2182;1.0;2182
7;2025-12-29;18;2405;1.0;2405
7;2025-12-29;19;1614;1.0;1614
7;2025-12-29;20;1018;1.0;1018
7;2025-12-29;21;592;1.0;592
7;2025-12-29;22;297;1.0;297
7;2025-12-29;23;176;1.0;176
7;2025-12-30;0;56;1.0;56
7;2025-12-30;1;11;1.0;11
7;2025-12-30;2;0;1.0;0
7;2025-12-30;3;0;1.0;0
7;2025-12-30;4;1;1.0;1
7;2025-12-30;5;182;1.0;182
7;2025-12-30;6;641;1.0;641
7;2025-12-30;7;1535;1.0;1535
7;2025-12-30;8;2339;1.0;2339
7;2025-12-30;9;1731;1.0;1731
7;2025-12-30;10;1501;1.0;1501
7;2025-12-30;11;1364;1.0;1364
7;2025-12-30;12;1450;1.0;1450
7;2025-12-30;13;1417;1.0;1417
7;2025-12-30;14;1503;1.0;1503
7;2025-12-30;15;1629;1.0;1629
7;2025-12-30;16;1710;1.0;1710
7;2025-12-30;17;2182;1.0;2182
7;2025-12-30;18;2405;1.0;2405
7;2025-12-30;19;1614;1.0;1614
7;2025-12-30;20;1018;1.0;1018
7;2025-12-30;21;592;1.0;592
7;2025-12-30;22;297;1.0;297
7;2025-12-30;23;176;1.0;176
7;2025-12-31;0;80;1.0;80
7;2025-12-31;1;18;1.0;18
7;2025-12-31;2;0;1.0;0
7;2025-12-31;3;0;1.0;0
7;2025-12-31;4;1;1.0;1
7;2025-12-31;5;38;1.0;38
7;2025-12-31;6;240;1.0;240
7;2025-12-31;7;294;1.0;294
7;2025-12-31;8;561;1.0;561
7;2025-12-31;9;444;1.0;444
7;2025-12-31;10;623;1.0;623
7;2025-12-31;11;588;1.0;588
7;2025-12-31;12;843;1.0;843
7;2025-12-31;13;811;1.0;811
7;2025-12-31;14;798;1.0;798
7;2025-12-31;15;702;1.0;702
7;2025-12-31;16;751;1.0;751
7;2025-12-31;17;738;1.0;738
7;2025-12-31;18;623;1.0;623
7;2025-12-31;19;541;1.0;541
7;2025-12-31;20;0;1.0;0
7;2025-12-31;21;0;1.0;0
7;2025-12-31;22;0;1.0;0
7;2025-12-31;23;0;1.0;0
11;2025-11-01;0;108;1.0;108
11;2025-11-01;1;0;1.0;0
11;2025-11-01;2;0;1.0;0
11;2025-11-01;3;0;1.0;0
11;2025-11-01;4;0;1.0;0
11;2025-11-01;5;212;1.0637;212
11;2025-11-01;6;981;1.0938;981
11;2025-11-01;7;1752;1.0779;1752
11;2025-11-01;8;2350;1.0603;2350
11;2025-11-01;9;1754;1.0567;1754
11;2025-11-01;10;1420;1.0714;1420
11;2025-11-01;11;1376;1.0772;1376
11;2025-11-01;12;1405;1.086;1405
11;2025-11-01;13;1447;1.0832;1447
11;2025-11-01;14;1543;1.0823;1543
11;2025-11-01;15;1653;1.0747;1653
11;2025-11-01;16;1815;1.0643;1815
11;2025-11-01;17;2207;1.0269;2207
11;2025-11-01;18;1879;1.0294;1879
11;2025-11-01;19;1487;1.0489;1487
11;2025-11-01;20;1048;1.053;1048
11;2025-11-01;21;663;1.052;663
11;2025-11-01;22;340;1.0554;340
11;2025-11-01;23;232;1.0839;232
11;2025-11-02;0;111;1.0901;111
11;2025-11-02;1;15;1.0877;15
11;2025-11-02;2;0;1.0;0
11;2025-11-02;3;0;1.0;0
11;2025-11-02;4;0;1.0;0
11;2025-11-02;5;118;1.077;118
11;2025-11-02;6;507;1.0832;507
11;2025-11-02;7;519;1.077;519
11;2025-11-02;8;670;1.1092;670
11;2025-11-02;9;913;1.1094;913
11;2025-11-02;10;1024;1.0835;1024
11;2025-11-02;11;1465;1.0731;1465
11;2025-11-02;12;1601;1.0445;1601
11;2025-11-02;13;1543;1.0436;1543
11;2025-11-02;14;1627;1.0453;1627
11;2025-11-02;15;1650;1.04;1650
11;2025-11-02;16;1567;1.0432;1567
11;2025-11-02;17;1671;1.059;1671
11;2025-11-02;18;1323;1.074;1323
11;2025-11-02;19;1083;1.0914;1083
11;2025-11-02;20;864;1.0956;864
11;2025-11-02;21;636;1.098;636
11;2025-11-02;22;367;1.098;367
11;2025-11-02;23;245;1.1005;245
11;2025-11-03;0;111;1.0046;111
11;2025-11-03;1;15;0.9987;15
11;2025-11-03;2;0;1.0;0
11;2025-11-03;3;0;1.0;0
11;2025-11-03;4;0;1.0;0
11;2025-11-03;5;118;1.0108;118
11;2025-11-03;6;507;0.998;507
11;2025-11-03;7;519;1.0108;519
11;2025-11-03;8;670;1.0086;670
11;2025-11-03;9;913;1.0046;913
11;2025-11-03;10;1024;0.9916;1024
11;2025-11-03;11;1465;0.9662;1465
11;2025-11-03;12;1601;0.9158;1601
11;2025-11-03;13;1543;0.9199;1543
11;2025-11-03;14;1627;0.9061;1627
11;2025-11-03;15;1650;0.9006;1650
11;2025-11-03;16;1567;0.9296;1567
11;2025-11-03;17;1671;0.9652;1671
11;2025-11-03;18;1323;0.985;1323
11;2025-11-03;19;1083;1.0025;1083
11;2025-11-03;20;864;1.0059;864
11;2025-11-03;21;636;1.0051;636
11;2025-11-03;22;367;1.0075;367
11;2025-11-03;23;245;0.9963;245
11;2025-11-04;0;111;1.0331;111
11;2025-11-04;1;15;1.0379;15
11;2025-11-04;2;0;1.0;0
11;2025-11-04;3;0;1.0;0
11;2025-11-04;4;0;1.0;0
11;2025-11-04;5;118;1.0398;118
11;2025-11-04;6;507;1.0197;507
11;2025-11-04;7;519;1.0426;519
11;2025-11-04;8;670;1.0083;670
11;2025-11-04;9;913;1.0221;913
11;2025-11-04;10;1024;1.0086;1024
11;2025-11-04;11;1465;0.9689;1465
11;2025-11-04;12;1601;0.9465;1601
11;2025-11-04;13;1543;0.9714;1543
11;2025-11-04;14;1627;0.9949;1627
11;2025-11-04;15;1650;0.9958;1650
11;2025-11-04;16;1567;1.0035;1567
11;2025-11-04;17;1671;1.0237;1671
11;2025-11-04;18;1323;1.0435;1323
11;2025-11-04;19;1083;1.0592;1083
11;2025-11-04;20;864;1.0604;864
11;2025-11-04;21;636;1.0645;636
11;2025-11-04;22;367;1.062;367
11;2025-11-04;23;245;1.0526;245
11;2025-11-05;0;66;1.0059;66
11;2025-11-05;1;3;0.9985;3
11;2025-11-05;2;0;1.0;0
11;2025-11-05;3;0;1.0;0
11;2025-11-05;4;0;1.0;0
11;2025-11-05;5;283;1.0083;283
11;2025-11-05;6;1335;1.0114;1335
11;2025-11-05;7;2444;0.9786;2444
11;2025-11-05;8;3209;0.9686;3209
11;2025-11-05;9;2452;0.9789;2452
11;2025-11-05;10;1940;0.9915;1940
11;2025-11-05;11;1876;0.9753;1876
11;2025-11-05;12;1892;0.9699;1892
11;2025-11-05;13;2040;0.9687;2040
11;2025-11-05;14;1997;0.9718;1997
11;2025-11-05;15;2048;0.9831;2048
11;2025-11-05;16;2258;0.9712;2258
11;2025-11-05;17;2833;0.9616;2833
11;2025-11-05;18;3148;0.9499;3148
11;2025-11-05;19;2305;0.9689;2305
11;2025-11-05;20;1482;0.9973;1482
11;2025-11-05;21;873;0.9985;873
11;2025-11-05;22;434;1.0008;434
11;2025-11-05;23;235;0.9909;235
11;2025-11-06;0;66;0.9942;66
11;2025-11-06;1;3;0.9893;3
11;2025-11-06;2;0;1.0;0
11;2025-11-06;3;0;1.0;0
11;2025-11-06;4;0;1.0;0
11;2025-11-06;5;283;0.9942;283
11;2025-11-06;6;1335;0.9998;1335
11;2025-11-06;7;2444;0.9769;2444
11;2025-11-06;8;3209;0.9661;3209
11;2025-11-06;9;2452;0.9759;2452
11;2025-11-06;10;1940;0.9916;1940
11;2025-11-06;11;1876;0.9714;1876
11;2025-11-06;12;1892;0.9864;1892
11;2025-11-06;13;2040;0.9809;2040
11;2025-11-06;14;1997;0.9818;1997
11;2025-11-06;15;2048;0.977;2048
11;2025-11-06;16;2258;0.9723;2258
11;2025-11-06;17;2833;0.9652;2833
11;2025-11-06;18;3148;0.9455;3148
11;2025-11-06;19;2305;0.9638;2305
11;2025-11-06;20;1482;0.9691;1482
11;2025-11-06;21;873;0.9893;873
11;2025-11-06;22;434;0.9909;434
11;2025-11-06;23;235;0.9825;235
11;2025-11-07;0;69;1.1115;69
11;2025-11-07;1;2;1.1048;2
11;2025-11-07;2;0;1.0;0
11;2025-11-07;3;0;1.0;0
11;2025-11-07;4;0;1.0;0
11;2025-11-07;5;264;1.1133;264
11;2025-11-07;6;1225;1.1266;1225
11;2025-11-07;7;2190;1.1151;2190
11;2025-11-07;8;2937;1.1001;2937
11;2025-11-07;9;2193;1.0948;2193
11;2025-11-07;10;1775;1.1132;1775
11;2025-11-07;11;1720;1.1208;1720
11;2025-11-07;12;1757;1.1047;1757
11;2025-11-07;13;1809;1.105;1809
11;2025-11-07;14;1928;1.0978;1928
11;2025-11-07;15;2066;1.1103;2066
11;2025-11-07;16;2268;1.0954;2268
11;2025-11-07;17;2759;1.0986;2759
11;2025-11-07;18;2348;1.0883;2348
11;2025-11-07;19;1859;1.1144;1859
11;2025-11-07;20;1310;1.1158;1310
11;2025-11-07;21;829;1.1158;829
11;2025-11-07;22;426;1.1182;426
11;2025-11-07;23;290;1.1137;290
11;2025-11-08;0;109;1.0588;109
11;2025-11-08;1;2;1.0579;2
11;2025-11-08;2;0;1.0;0
11;2025-11-08;3;0;1.0;0
11;2025-11-08;4;0;1.0;0
11;2025-11-08;5;205;1.0581;205
11;2025-11-08;6;826;1.0562;826
11;2025-11-08;7;765;1.0533;765
11;2025-11-08;8;1056;1.0516;1056
11;2025-11-08;9;1210;1.0516;1210
11;2025-11-08;10;1354;1.0378;1354
11;2025-11-08;11;1759;1.0194;1759
11;2025-11-08;12;1969;0.957;1969
11;2025-11-08;13;1861;0.9977;1861
11;2025-11-08;14;1963;1.02;1963
11;2025-11-08;15;1878;1.033;1878
11;2025-11-08;16;1881;1.0315;1881
11;2025-11-08;17;1917;1.0454;1917
11;2025-11-08;18;1614;1.0601;1614
11;2025-11-08;19;1545;1.0558;1545
11;2025-11-08;20;1117;1.0746;1117
11;2025-11-08;21;787;1.0746;787
11;2025-11-08;22;463;1.0779;463
11;2025-11-08;23;311;1.0779;311
11;2025-11-09;0;111;1.1512;111
11;2025-11-09;1;15;1.1514;15
11;2025-11-09;2;0;1.0;0
11;2025-11-09;3;0;1.0;0
11;2025-11-09;4;0;1.0;0
11;2025-11-09;5;118;1.1561;118
11;2025-11-09;6;507;1.1505;507
11;2025-11-09;7;519;1.1561;519
11;2025-11-09;8;670;1.1608;670
11;2025-11-09;9;913;1.1608;913
11;2025-11-09;10;1024;1.1447;1024
11;2025-11-09;11;1465;1.1267;1465
11;2025-11-09;12;1601;1.1131;1601
11;2025-11-09;13;1543;1.1141;1543
11;2025-11-09;14;1627;1.1014;1627
11;2025-11-09;15;1650;1.0995;1650
11;2025-11-09;16;1567;1.1164;1567
11;2025-11-09;17;1671;1.1284;1671
11;2025-11-09;18;1323;1.1406;1323
11;2025-11-09;19;1083;1.1514;1083
11;2025-11-09;20;864;1.157;864
11;2025-11-09;21;636;1.1594;636
11;2025-11-09;22;367;1.1594;367
11;2025-11-09;23;245;1.1552;245
11;2025-11-10;0;66;1.0004;66
11;2025-11-10;1;3;0.9924;3
11;2025-11-10;2;0;1.0;0
11;2025-11-10;3;0;1.0;0
11;2025-11-10;4;0;1.0;0
11;2025-11-10;5;283;0.9991;283
11;2025-11-10;6;1335;1.0031;1335
11;2025-11-10;7;2444;0.9971;2444
11;2025-11-10;8;3209;0.9971;3209
11;2025-11-10;9;2452;0.998;2452
11;2025-11-10;10;1940;1.0013;1940
11;2025-11-10;11;1876;0.9994;1876
11;2025-11-10;12;1892;0.9955;1892
11;2025-11-10;13;2040;0.9934;2040
11;2025-11-10;14;1997;0.9934;1997
11;2025-11-10;15;2048;1.0032;2048
11;2025-11-10;16;2258;0.9973;2258
11;2025-11-10;17;2833;0.9985;2833
11;2025-11-10;18;3148;0.99;3148
11;2025-11-10;19;2305;0.9911;2305
11;2025-11-10;20;1482;1.0048;1482
11;2025-11-10;21;873;1.0048;873
11;2025-11-10;22;434;1.0072;434
11;2025-11-10;23;235;0.9985;235
11;2025-11-11;0;66;1.0252;66
11;2025-11-11;1;3;1.0179;3
11;2025-11-11;2;0;1.0;0
11;2025-11-11;3;0;1.0;0
11;2025-11-11;4;0;1.0;0
11;2025-11-11;5;283;1.0252;283
11;2025-11-11;6;1335;1.0292;1335
11;2025-11-11;7;2444;1.0139;2444
11;2025-11-11;8;3209;1.0059;3209
11;2025-11-11;9;2452;1.0135;2452
11;2025-11-11;10;1940;1.0264;1940
11;2025-11-11;11;1876;1.0245;1876
11;2025-11-11;12;1892;1.0206;1892
11;2025-11-11;13;2040;1.0158;2040
11;2025-11-11;14;1997;1.0163;1997
11;2025-11-11;15;2048;1.0264;2048
11;2025-11-11;16;2258;1.0145;2258
11;2025-11-11;17;2833;1.0061;2833
11;2025-11-11;18;3148;0.9934;3148
11;2025-11-11;19;2305;1.0069;2305
11;2025-11-11;20;1482;1.0241;1482
11;2025-11-11;21;873;1.0241;873
11;2025-11-11;22;434;1.0265;434
11;2025-11-11;23;235;1.0168;235
11;2025-11-12;0;66;1.0212;66
11;2025-11-12;1;3;1.0163;3
11;2025-11-12;2;0;1.0;0
11;2025-11-12;3;0;1.0;0
11;2025-11-12;4;0;1.0;0
11;2025-11-12;5;283;1.0218;283
11;2025-11-12;6;1335;1.0282;1335
11;2025-11-12;7;2444;1.0102;2444
11;2025-11-12;8;3209;1.0006;3209
11;2025-11-12;9;2452;1.0102;2452
11;2025-11-12;10;1940;1.0237;1940
11;2025-11-12;11;1876;1.009;1876
11;2025-11-12;12;1892;1.0094;1892
11;2025-11-12;13;2040;1.0046;2040
11;2025-11-12;14;1997;1.0143;1997
11;2025-11-12;15;2048;1.0198;2048
11;2025-11-12;16;2258;1.0099;2258
11;2025-11-12;17;2833;1.001;2833
11;2025-11-12;18;3148;0.987;3148
11;2025-11-12;19;2305;1.0024;2305
11;2025-11-12;20;1482;1.0197;1482
11;2025-11-12;21;873;1.0204;873
11;2025-11-12;22;434;1.0228;434
11;2025-11-12;23;235;1.0165;235
11;2025-11-13;0;66;1.0234;66
11;2025-11-13;1;3;1.0185;3
11;2025-11-13;2;0;1.0;0
11;2025-11-13;3;0;1.0;0
11;2025-11-13;4;0;1.0;0
11;2025-11-13;5;283;1.0244;283
11;2025-11-13;6;1335;1.0313;1335
11;2025-11-13;7;2444;1.0161;2444
11;2025-11-13;8;3209;1.007;3209
11;2025-11-13;9;2452;1.0157;2452
11;2025-11-13;10;1940;1.0269;1940
11;2025-11-13;11;1876;1.0261;1876
11;2025-11-13;12;1892;1.0211;1892
11;2025-11-13;13;2040;1.019;2040
11;2025-11-13;14;1997;1.02;1997
11;2025-11-13;15;2048;1.027;2048
11;2025-11-13;16;2258;1.0188;2258
11;2025-11-13;17;2833;1.0082;2833
11;2025-11-13;18;3148;0.989;3148
11;2025-11-13;19;2305;0.9946;2305
11;2025-11-13;20;1482;1.0109;1482
11;2025-11-13;21;873;1.0109;873
11;2025-11-13;22;434;1.0133;434
11;2025-11-13;23;235;1.0126;235
11;2025-11-14;0;69;1.1087;69
11;2025-11-14;1;2;1.1087;2
11;2025-11-14;2;0;1.0;0
11;2025-11-14;3;0;1.0;0
11;2025-11-14;4;0;1.0;0
11;2025-11-14;5;264;1.1092;264
11;2025-11-14;6;1225;1.117;1225
11;2025-11-14;7;2190;1.1024;2190
11;2025-11-14;8;2937;1.0813;2937
11;2025-11-14;9;2193;1.0969;2193
11;2025-11-14;10;1775;1.104;1775
11;2025-11-14;11;1720;1.1102;1720
11;2025-11-14;12;1757;1.0991;1757
11;2025-11-14;13;1809;1.0948;1809
11;2025-11-14;14;1928;1.091;1928
11;2025-11-14;15;2066;1.1017;2066
11;2025-11-14;16;2268;1.0728;2268
11;2025-11-14;17;2759;1.0749;2759
11;2025-11-14;18;2348;1.0674;2348
11;2025-11-14;19;1859;1.103;1859
11;2025-11-14;20;1310;1.1;1310
11;2025-11-14;21;829;1.0947;829
11;2025-11-14;22;426;1.1043;426
11;2025-11-14;23;290;1.0998;290
11;2025-11-15;0;109;0.9505;109
11;2025-11-15;1;2;0.9522;2
11;2025-11-15;2;0;1.0;0
11;2025-11-15;3;0;1.0;0
11;2025-11-15;4;0;1.0;0
11;2025-11-15;5;205;0.9681;205
11;2025-11-15;6;826;0.9636;826
11;2025-11-15;7;765;0.9614;765
11;2025-11-15;8;1056;0.9707;1056
11;2025-11-15;9;1210;0.9692;1210
11;2025-11-15;10;1354;0.9657;1354
11;2025-11-15;11;1759;0.9277;1759
11;2025-11-15;12;1969;0.9079;1969
11;2025-11-15;13;1861;0.9072;1861
11;2025-11-15;14;1963;0.9044;1963
11;2025-11-15;15;1878;0.9086;1878
11;2025-11-15;16;1881;0.9049;1881
11;2025-11-15;17;1917;0.9292;1917
11;2025-11-15;18;1614;0.9514;1614
11;2025-11-15;19;1545;0.9442;1545
11;2025-11-15;20;1117;0.9713;1117
11;2025-11-15;21;787;0.9737;787
11;2025-11-15;22;463;0.9748;463
11;2025-11-15;23;311;0.9832;311
11;2025-11-16;0;111;1.1379;111
11;2025-11-16;1;15;1.1316;15
11;2025-11-16;2;0;1.0;0
11;2025-11-16;3;0;1.0;0
11;2025-11-16;4;0;1.0;0
11;2025-11-16;5;118;1.133;118
11;2025-11-16;6;507;1.1316;507
11;2025-11-16;7;519;1.133;519
11;2025-11-16;8;670;1.1422;670
11;2025-11-16;9;913;1.138;913
11;2025-11-16;10;1024;1.1349;1024
11;2025-11-16;11;1465;1.1231;1465
11;2025-11-16;12;1601;1.1063;1601
11;2025-11-16;13;1543;1.1104;1543
11;2025-11-16;14;1627;1.1016;1627
11;2025-11-16;15;1650;1.0995;1650
11;2025-11-16;16;1567;1.1028;1567
11;2025-11-16;17;1671;1.1119;1671
11;2025-11-16;18;1323;1.1284;1323
11;2025-11-16;19;1083;1.1421;1083
11;2025-11-16;20;864;1.1416;864
11;2025-11-16;21;636;1.144;636
11;2025-11-16;22;367;1.144;367
11;2025-11-16;23;245;1.1253;245
11;2025-11-17;0;66;1.0115;66
11;2025-11-17;1;3;1.0066;3
11;2025-11-17;2;0;1.0;0
11;2025-11-17;3;0;1.0;0
11;2025-11-17;4;0;1.0;0
11;2025-11-17;5;283;1.0067;283
11;2025-11-17;6;1335;1.017;1335
11;2025-11-17;7;2444;1.0056;2444
11;2025-11-17;8;3209;0.9909;3209
11;2025-11-17;9;2452;0.9904;2452
11;2025-11-17;10;1940;0.9985;1940
11;2025-11-17;11;1876;0.9951;1876
11;2025-11-17;12;1892;0.9918;1892
11;2025-11-17;13;2040;0.9828;2040
11;2025-11-17;14;1997;0.992;1997
11;2025-11-17;15;2048;1.0023;2048
11;2025-11-17;16;2258;1.0009;2258
11;2025-11-17;17;2833;0.9986;2833
11;2025-11-17;18;3148;0.9989;3148
11;2025-11-17;19;2305;0.9999;2305
11;2025-11-17;20;1482;1.008;1482
11;2025-11-17;21;873;1.0094;873
11;2025-11-17;22;434;1.0097;434
11;2025-11-17;23;235;1.0034;235
11;2025-11-18;0;66;1.004;66
11;2025-11-18;1;3;0.9991;3
11;2025-11-18;2;0;1.0;0
11;2025-11-18;3;0;1.0;0
11;2025-11-18;4;0;1.0;0
11;2025-11-18;5;283;0.9653;283
11;2025-11-18;6;1335;0.9781;1335
11;2025-11-18;7;2444;0.9692;2444
11;2025-11-18;8;3209;0.9638;3209
11;2025-11-18;9;2452;0.9582;2452
11;2025-11-18;10;1940;0.9579;1940
11;2025-11-18;11;1876;0.9688;1876
11;2025-11-18;12;1892;0.9675;1892
11;2025-11-18;13;2040;0.9554;2040
11;2025-11-18;14;1997;0.9571;1997
11;2025-11-18;15;2048;0.974;2048
11;2025-11-18;16;2258;0.9734;2258
11;2025-11-18;17;2833;0.9614;2833
11;2025-11-18;18;3148;0.9493;3148
11;2025-11-18;19;2305;0.9631;2305
11;2025-11-18;20;1482;0.9829;1482
11;2025-11-18;21;873;0.985;873
11;2025-11-18;22;434;0.9879;434
11;2025-11-18;23;235;0.98;235
11;2025-11-19;0;66;1.0122;66
11;2025-11-19;1;3;1.0027;3
11;2025-11-19;2;0;1.0;0
11;2025-11-19;3;0;1.0;0
11;2025-11-19;4;0;1.0;0
11;2025-11-19;5;283;1.0233;283
11;2025-11-19;6;1335;1.031;1335
11;2025-11-19;7;2444;1.0145;2444
11;2025-11-19;8;3209;1.0042;3209
11;2025-11-19;9;2452;1.0136;2452
11;2025-11-19;10;1940;1.0183;1940
11;2025-11-19;11;1876;1.017;1876
11;2025-11-19;12;1892;1.0228;1892
11;2025-11-19;13;2040;1.0196;2040
11;2025-11-19;14;1997;1.0194;1997
11;2025-11-19;15;2048;1.0295;2048
11;2025-11-19;16;2258;1.0176;2258
11;2025-11-19;17;2833;1.0068;2833
11;2025-11-19;18;3148;0.9924;3148
11;2025-11-19;19;2305;1.0095;2305
11;2025-11-19;20;1482;1.0283;1482
11;2025-11-19;21;873;1.0283;873
11;2025-11-19;22;434;1.0307;434
11;2025-11-19;23;235;1.011;235
11;2025-11-20;0;66;1.0278;66
11;2025-11-20;1;3;1.0207;3
11;2025-11-20;2;0;1.0;0
11;2025-11-20;3;0;1.0;0
11;2025-11-20;4;0;1.0;0
11;2025-11-20;5;283;1.0281;283
11;2025-11-20;6;1335;1.0333;1335
11;2025-11-20;7;2444;1.014;2444
11;2025-11-20;8;3209;1.0035;3209
11;2025-11-20;9;2452;1.0136;2452
11;2025-11-20;10;1940;1.026;1940
11;2025-11-20;11;1876;1.0262;1876
11;2025-11-20;12;1892;1.0211;1892
11;2025-11-20;13;2040;1.0179;2040
11;2025-11-20;14;1997;1.0206;1997
11;2025-11-20;15;2048;1.029;2048
11;2025-11-20;16;2258;1.0171;2258
11;2025-11-20;17;2833;1.0067;2833
11;2025-11-20;18;3148;0.9886;3148
11;2025-11-20;19;2305;1.0057;2305
11;2025-11-20;20;1482;1.0246;1482
11;2025-11-20;21;873;1.0228;873
11;2025-11-20;22;434;1.0252;434
11;2025-11-20;23;235;1.0151;235
11;2025-11-21;0;69;1.1292;69
11;2025-11-21;1;2;1.1292;2
11;2025-11-21;2;0;1.0;0
11;2025-11-21;3;0;1.0;0
11;2025-11-21;4;0;1.0;0
11;2025-11-21;5;264;1.1297;264
11;2025-11-21;6;1225;1.1464;1225
11;2025-11-21;7;2190;1.1348;2190
11;2025-11-21;8;2937;1.124;2937
11;2025-11-21;9;2193;1.1316;2193
11;2025-11-21;10;1775;1.1336;1775
11;2025-11-21;11;1720;1.1405;1720
11;2025-11-21;12;1757;1.129;1757
11;2025-11-21;13;1809;1.1245;1809
11;2025-11-21;14;1928;1.1219;1928
11;2025-11-21;15;2066;1.1266;2066
11;2025-11-21;16;2268;1.1163;2268
11;2025-11-21;17;2759;1.1214;2759
11;2025-11-21;18;2348;1.118;2348
11;2025-11-21;19;1859;1.1352;1859
11;2025-11-21;20;1310;1.1347;1310
11;2025-11-21;21;829;1.1347;829
11;2025-11-21;22;426;1.1371;426
11;2025-11-21;23;290;1.1326;290
11;2025-11-22;0;109;1.0447;109
11;2025-11-22;1;2;1.056;2
11;2025-11-22;2;0;1.0;0
11;2025-11-22;3;0;1.0;0
11;2025-11-22;4;0;1.0;0
11;2025-11-22;5;205;1.0354;205
11;2025-11-22;6;826;1.0352;826
11;2025-11-22;7;765;1.0476;765
11;2025-11-22;8;1056;1.0429;1056
11;2025-11-22;9;1210;1.0414;1210
11;2025-11-22;10;1354;1.0443;1354
11;2025-11-22;11;1759;1.0229;1759
11;2025-11-22;12;1969;1.0109;1969
11;2025-11-22;13;1861;1.0135;1861
11;2025-11-22;14;1963;1.0076;1963
11;2025-11-22;15;1878;1.0126;1878
11;2025-11-22;16;1881;1.0079;1881
11;2025-11-22;17;1917;1.0252;1917
11;2025-11-22;18;1614;1.0536;1614
11;2025-11-22;19;1545;1.0397;1545
11;2025-11-22;20;1117;1.0642;1117
11;2025-11-22;21;787;1.0411;787
11;2025-11-22;22;463;1.0457;463
11;2025-11-22;23;311;1.0435;311
11;2025-11-23;0;111;1.1492;111
11;2025-11-23;1;15;1.1549;15
11;2025-11-23;2;0;1.0;0
11;2025-11-23;3;0;1.0;0
11;2025-11-23;4;0;1.0;0
11;2025-11-23;5;118;1.1638;118
11;2025-11-23;6;507;1.1549;507
11;2025-11-23;7;519;1.1622;519
11;2025-11-23;8;670;1.1669;670
11;2025-11-23;9;913;1.1654;913
11;2025-11-23;10;1024;1.1581;1024
11;2025-11-23;11;1465;1.147;1465
11;2025-11-23;12;1601;1.1305;1601
11;2025-11-23;13;1543;1.1347;1543
11;2025-11-23;14;1627;1.1259;1627
11;2025-11-23;15;1650;1.1239;1650
11;2025-11-23;16;1567;1.1271;1567
11;2025-11-23;17;1671;1.1405;1671
11;2025-11-23;18;1323;1.1641;1323
11;2025-11-23;19;1083;1.1732;1083
11;2025-11-23;20;864;1.1715;864
11;2025-11-23;21;636;1.1739;636
11;2025-11-23;22;367;1.1703;367
11;2025-11-23;23;245;1.1429;245
11;2025-11-24;0;66;0.9805;66
11;2025-11-24;1;3;0.9699;3
11;2025-11-24;2;0;1.0;0
11;2025-11-24;3;0;1.0;0
11;2025-11-24;4;0;1.0;0
11;2025-11-24;5;283;0.9727;283
11;2025-11-24;6;1335;0.9807;1335
11;2025-11-24;7;2444;0.9701;2444
11;2025-11-24;8;3209;0.9688;3209
11;2025-11-24;9;2452;0.9713;2452
11;2025-11-24;10;1940;0.9774;1940
11;2025-11-24;11;1876;0.9728;1876
11;2025-11-24;12;1892;0.9766;1892
11;2025-11-24;13;2040;0.9727;2040
11;2025-11-24;14;1997;0.9708;1997
11;2025-11-24;15;2048;0.9928;2048
11;2025-11-24;16;2258;0.9596;2258
11;2025-11-24;17;2833;0.9593;2833
11;2025-11-24;18;3148;0.9585;3148
11;2025-11-24;19;2305;0.9644;2305
11;2025-11-24;20;1482;0.9829;1482
11;2025-11-24;21;873;0.9829;873
11;2025-11-24;22;434;0.9845;434
11;2025-11-24;23;235;0.9707;235
11;2025-11-25;0;66;1.0146;66
11;2025-11-25;1;3;0.9991;3
11;2025-11-25;2;0;1.0;0
11;2025-11-25;3;0;1.0;0
11;2025-11-25;4;0;1.0;0
11;2025-11-25;5;283;1.0237;283
11;2025-11-25;6;1335;1.0288;1335
11;2025-11-25;7;2444;1.0089;2444
11;2025-11-25;8;3209;1.0014;3209
11;2025-11-25;9;2452;1.0074;2452
11;2025-11-25;10;1940;1.0227;1940
11;2025-11-25;11;1876;1.0244;1876
11;2025-11-25;12;1892;1.0181;1892
11;2025-11-25;13;2040;1.0155;2040
11;2025-11-25;14;1997;1.0165;1997
11;2025-11-25;15;2048;1.0307;2048
11;2025-11-25;16;2258;1.0129;2258
11;2025-11-25;17;2833;1.0014;2833
11;2025-11-25;18;3148;0.9897;3148
11;2025-11-25;19;2305;1.0059;2305
11;2025-11-25;20;1482;1.0318;1482
11;2025-11-25;21;873;1.0318;873
11;2025-11-25;22;434;1.0342;434
11;2025-11-25;23;235;1.0196;235
11;2025-11-26;0;66;1.0226;66
11;2025-11-26;1;3;1.0118;3
11;2025-11-26;2;0;1.0;0
11;2025-11-26;3;0;1.0;0
11;2025-11-26;4;0;1.0;0
11;2025-11-26;5;283;1.0239;283
11;2025-11-26;6;1335;1.025;1335
11;2025-11-26;7;2444;1.0125;2444
11;2025-11-26;8;3209;1.0073;3209
11;2025-11-26;9;2452;1.0135;2452
11;2025-11-26;10;1940;1.0225;1940
11;2025-11-26;11;1876;1.0171;1876
11;2025-11-26;12;1892;1.0137;1892
11;2025-11-26;13;2040;1.0162;2040
11;2025-11-26;14;1997;1.0171;1997
11;2025-11-26;15;2048;1.0304;2048
11;2025-11-26;16;2258;1.0094;2258
11;2025-11-26;17;2833;1.0047;2833
11;2025-11-26;18;3148;0.9906;3148
11;2025-11-26;19;2305;1.0021;2305
11;2025-11-26;20;1482;1.0201;1482
11;2025-11-26;21;873;1.0221;873
11;2025-11-26;22;434;1.0237;434
11;2025-11-26;23;235;1.0096;235
11;2025-11-27;0;66;1.0263;66
11;2025-11-27;1;3;1.0201;3
11;2025-11-27;2;0;1.0;0
11;2025-11-27;3;0;1.0;0
11;2025-11-27;4;0;1.0;0
11;2025-11-27;5;283;1.0309;283
11;2025-11-27;6;1335;1.0305;1335
11;2025-11-27;7;2444;1.0186;2444
11;2025-11-27;8;3209;1.0089;3209
11;2025-11-27;9;2452;1.0178;2452
11;2025-11-27;10;1940;1.029;1940
11;2025-11-27;11;1876;1.0184;1876
11;2025-11-27;12;1892;1.0159;1892
11;2025-11-27;13;2040;1.013;2040
11;2025-11-27;14;1997;1.0135;1997
11;2025-11-27;15;2048;1.0336;2048
11;2025-11-27;16;2258;1.0183;2258
11;2025-11-27;17;2833;1.0099;2833
11;2025-11-27;18;3148;0.9946;3148
11;2025-11-27;19;2305;1.0013;2305
11;2025-11-27;20;1482;1.021;1482
11;2025-11-27;21;873;1.0208;873
11;2025-11-27;22;434;1.0229;434
11;2025-11-27;23;235;0.9998;235
11;2025-11-28;0;69;1.1484;69
11;2025-11-28;1;2;1.1483;2
11;2025-11-28;2;0;1.0;0
11;2025-11-28;3;0;1.0;0
11;2025-11-28;4;0;1.0;0
11;2025-11-28;5;264;1.1483;264
11;2025-11-28;6;1225;1.156;1225
11;2025-11-28;7;2190;1.1476;2190
11;2025-11-28;8;2937;1.1368;2937
11;2025-11-28;9;2193;1.1429;2193
11;2025-11-28;10;1775;1.143;1775
11;2025-11-28;11;1720;1.1499;1720
11;2025-11-28;12;1757;1.1406;1757
11;2025-11-28;13;1809;1.1351;1809
11;2025-11-28;14;1928;1.1336;1928
11;2025-11-28;15;2066;1.1507;2066
11;2025-11-28;16;2268;1.129;2268
11;2025-11-28;17;2759;1.1312;2759
11;2025-11-28;18;2348;1.1271;2348
11;2025-11-28;19;1859;1.1489;1859
11;2025-11-28;20;1310;1.1486;1310
11;2025-11-28;21;829;1.1501;829
11;2025-11-28;22;426;1.1525;426
11;2025-11-28;23;290;1.1399;290
11;2025-11-29;0;109;1.0866;109
11;2025-11-29;1;2;1.1045;2
11;2025-11-29;2;0;1.0;0
11;2025-11-29;3;0;1.0;0
11;2025-11-29;4;0;1.0;0
11;2025-11-29;5;205;1.1045;205
11;2025-11-29;6;826;1.1003;826
11;2025-11-29;7;765;1.0973;765
11;2025-11-29;8;1056;1.0956;1056
11;2025-11-29;9;1210;1.0956;1210
11;2025-11-29;10;1354;1.0838;1354
11;2025-11-29;11;1759;1.0694;1759
11;2025-11-29;12;1969;1.0644;1969
11;2025-11-29;13;1861;1.0586;1861
11;2025-11-29;14;1963;1.0609;1963
11;2025-11-29;15;1878;1.0636;1878
11;2025-11-29;16;1881;1.0588;1881
11;2025-11-29;17;1917;1.0706;1917
11;2025-11-29;18;1614;1.0995;1614
11;2025-11-29;19;1545;1.0817;1545
11;2025-11-29;20;1117;1.1055;1117
11;2025-11-29;21;787;1.1055;787
11;2025-11-29;22;463;1.1078;463
11;2025-11-29;23;311;1.1078;311
11;2025-11-30;0;111;1.1628;111
11;2025-11-30;1;15;1.173;15
11;2025-11-30;2;0;1.0;0
11;2025-11-30;3;0;1.0;0
11;2025-11-30;4;0;1.0;0
11;2025-11-30;5;118;1.1922;118
11;2025-11-30;6;507;1.173;507
11;2025-11-30;7;519;1.1906;519
11;2025-11-30;8;670;1.1856;670
11;2025-11-30;9;913;1.1871;913
11;2025-11-30;10;1024;1.1808;1024
11;2025-11-30;11;1465;1.1754;1465
11;2025-11-30;12;1601;1.1618;1601
11;2025-11-30;13;1543;1.1655;1543
11;2025-11-30;14;1627;1.1581;1627
11;2025-11-30;15;1650;1.1543;1650
11;2025-11-30;16;1567;1.157;1567
11;2025-11-30;17;1671;1.1668;1671
11;2025-11-30;18;1323;1.1916;1323
11;2025-11-30;19;1083;1.1984;1083
11;2025-11-30;20;864;1.1952;864
11;2025-11-30;21;636;1.1975;636
11;2025-11-30;22;367;1.199;367
11;2025-11-30;23;245;1.1814;245
11;2025-12-01;0;66;0.9794;66
11;2025-12-01;1;3;0.9601;3
11;2025-12-01;2;0;1.0;0
11;2025-12-01;3;0;1.0;0
11;2025-12-01;4;0;1.0;0
11;2025-12-01;5;283;0.9731;283
11;2025-12-01;6;1335;0.9651;1335
11;2025-12-01;7;2444;0.9426;2444
11;2025-12-01;8;3209;0.9413;3209
11;2025-12-01;9;2452;0.9491;2452
11;2025-12-01;10;1940;0.9464;1940
11;2025-12-01;11;1876;0.9464;1876
11;2025-12-01;12;1892;0.9412;1892
11;2025-12-01;13;2040;0.9395;2040
11;2025-12-01;14;1997;0.939;1997
11;2025-12-01;15;2048;0.9671;2048
11;2025-12-01;16;2258;0.9446;2258
11;2025-12-01;17;2833;0.9388;2833
11;2025-12-01;18;3148;0.931;3148
11;2025-12-01;19;2305;0.9334;2305
11;2025-12-01;20;1482;0.9655;1482
11;2025-12-01;21;873;0.9655;873
11;2025-12-01;22;434;0.9679;434
11;2025-12-01;23;235;0.9521;235
11;2025-12-02;0;66;1.0014;66
11;2025-12-02;1;3;0.9828;3
11;2025-12-02;2;0;1.0;0
11;2025-12-02;3;0;1.0;0
11;2025-12-02;4;0;1.0;0
11;2025-12-02;5;283;1.0021;283
11;2025-12-02;6;1335;0.9942;1335
11;2025-12-02;7;2444;0.9771;2444
11;2025-12-02;8;3209;0.9701;3209
11;2025-12-02;9;2452;0.9767;2452
11;2025-12-02;10;1940;0.9894;1940
11;2025-12-02;11;1876;0.9897;1876
11;2025-12-02;12;1892;0.9858;1892
11;2025-12-02;13;2040;0.981;2040
11;2025-12-02;14;1997;0.982;1997
11;2025-12-02;15;2048;1.004;2048
11;2025-12-02;16;2258;0.9802;2258
11;2025-12-02;17;2833;0.9721;2833
11;2025-12-02;18;3148;0.9593;3148
11;2025-12-02;19;2305;0.9729;2305
11;2025-12-02;20;1482;1.0027;1482
11;2025-12-02;21;873;1.0027;873
11;2025-12-02;22;434;1.0051;434
11;2025-12-02;23;235;0.9845;235
11;2025-12-03;0;66;1.0068;66
11;2025-12-03;1;3;0.9875;3
11;2025-12-03;2;0;1.0;0
11;2025-12-03;3;0;1.0;0
11;2025-12-03;4;0;1.0;0
11;2025-12-03;5;283;1.0068;283
11;2025-12-03;6;1335;0.9979;1335
11;2025-12-03;7;2444;0.9823;2444
11;2025-12-03;8;3209;0.9719;3209
11;2025-12-03;9;2452;0.9819;2452
11;2025-12-03;10;1940;0.9944;1940
11;2025-12-03;11;1876;0.9952;1876
11;2025-12-03;12;1892;0.9913;1892
11;2025-12-03;13;2040;0.9864;2040
11;2025-12-03;14;1997;0.9874;1997
11;2025-12-03;15;2048;1.0077;2048
11;2025-12-03;16;2258;0.9839;2258
11;2025-12-03;17;2833;0.9759;2833
11;2025-12-03;18;3148;0.9611;3148
11;2025-12-03;19;2305;0.9766;2305
11;2025-12-03;20;1482;1.0064;1482
11;2025-12-03;21;873;1.0064;873
11;2025-12-03;22;434;1.0088;434
11;2025-12-03;23;235;0.9882;235
11;2025-12-04;0;66;1.0095;66
11;2025-12-04;1;3;0.9902;3
11;2025-12-04;2;0;1.0;0
11;2025-12-04;3;0;1.0;0
11;2025-12-04;4;0;1.0;0
11;2025-12-04;5;283;1.0105;283
11;2025-12-04;6;1335;1.0017;1335
11;2025-12-04;7;2444;0.9854;2444
11;2025-12-04;8;3209;0.9753;3209
11;2025-12-04;9;2452;0.9854;2452
11;2025-12-04;10;1940;0.9986;1940
11;2025-12-04;11;1876;0.9976;1876
11;2025-12-04;12;1892;0.9937;1892
11;2025-12-04;13;2040;0.9888;2040
11;2025-12-04;14;1997;0.9898;1997
11;2025-12-04;15;2048;1.0119;2048
11;2025-12-04;16;2258;0.988;2258
11;2025-12-04;17;2833;0.9794;2833
11;2025-12-04;18;3148;0.9614;3148
11;2025-12-04;19;2305;0.9772;2305
11;2025-12-04;20;1482;1.0057;1482
11;2025-12-04;21;873;1.0057;873
11;2025-12-04;22;434;1.0081;434
11;2025-12-04;23;235;0.9875;235
11;2025-12-05;0;69;1.1664;69
11;2025-12-05;1;2;1.1664;2
11;2025-12-05;2;0;1.0;0
11;2025-12-05;3;0;1.0;0
11;2025-12-05;4;0;1.0;0
11;2025-12-05;5;264;1.1664;264
11;2025-12-05;6;1225;1.1609;1225
11;2025-12-05;7;2190;1.1528;2190
11;2025-12-05;8;2937;1.145;2937
11;2025-12-05;9;2193;1.1506;2193
11;2025-12-05;10;1775;1.1488;1775
11;2025-12-05;11;1720;1.1557;1720
11;2025-12-05;12;1757;1.1453;1757
11;2025-12-05;13;1809;1.1408;1809
11;2025-12-05;14;1928;1.1393;1928
11;2025-12-05;15;2066;1.1638;2066
11;2025-12-05;16;2268;1.135;2268
11;2025-12-05;17;2759;1.1381;2759
11;2025-12-05;18;2348;1.1329;2348
11;2025-12-05;19;1859;1.1619;1859
11;2025-12-05;20;1310;1.1593;1310
11;2025-12-05;21;829;1.1608;829
11;2025-12-05;22;426;1.1632;426
11;2025-12-05;23;290;1.1446;290
11;2025-12-06;0;109;1.0741;109
11;2025-12-06;1;2;1.092;2
11;2025-12-06;2;0;1.0;0
11;2025-12-06;3;0;1.0;0
11;2025-12-06;4;0;1.0;0
11;2025-12-06;5;205;1.092;205
11;2025-12-06;6;826;1.0869;826
11;2025-12-06;7;765;1.0839;765
11;2025-12-06;8;1056;1.0822;1056
11;2025-12-06;9;1210;1.0822;1210
11;2025-12-06;10;1354;1.0708;1354
11;2025-12-06;11;1759;1.0515;1759
11;2025-12-06;12;1969;1.0452;1969
11;2025-12-06;13;1861;1.0414;1861
11;2025-12-06;14;1963;1.0425;1963
11;2025-12-06;15;1878;1.0465;1878
11;2025-12-06;16;1881;1.0406;1881
11;2025-12-06;17;1917;1.0535;1917
11;2025-12-06;18;1614;1.0809;1614
11;2025-12-06;19;1545;1.0631;1545
11;2025-12-06;20;1117;1.0929;1117
11;2025-12-06;21;787;1.0923;787
11;2025-12-06;22;463;1.0878;463
11;2025-12-06;23;311;1.0878;311
11;2025-12-07;0;111;1.161;111
11;2025-12-07;1;15;1.1598;15
11;2025-12-07;2;0;1.0;0
11;2025-12-07;3;0;1.0;0
11;2025-12-07;4;0;1.0;0
11;2025-12-07;5;118;1.1797;118
11;2025-12-07;6;507;1.1605;507
11;2025-12-07;7;519;1.1781;519
11;2025-12-07;8;670;1.1715;670
11;2025-12-07;9;913;1.1715;913
11;2025-12-07;10;1024;1.1621;1024
11;2025-12-07;11;1465;1.1482;1465
11;2025-12-07;12;1601;1.133;1601
11;2025-12-07;13;1543;1.1399;1543
11;2025-12-07;14;1627;1.1326;1627
11;2025-12-07;15;1650;1.1327;1650
11;2025-12-07;16;1567;1.1333;1567
11;2025-12-07;17;1671;1.1442;1671
11;2025-12-07;18;1323;1.1734;1323
11;2025-12-07;19;1083;1.1823;1083
11;2025-12-07;20;864;1.1817;864
11;2025-12-07;21;636;1.1841;636
11;2025-12-07;22;367;1.1841;367
11;2025-12-07;23;245;1.1665;245
11;2025-12-08;0;66;1.0163;66
11;2025-12-08;1;3;0.997;3
11;2025-12-08;2;0;1.0;0
11;2025-12-08;3;0;1.0;0
11;2025-12-08;4;0;1.0;0
11;2025-12-08;5;283;1.0219;283
11;2025-12-08;6;1335;1.013;1335
11;2025-12-08;7;2444;1.0039;2444
11;2025-12-08;8;3209;1.0033;3209
11;2025-12-08;9;2452;0.9995;2452
11;2025-12-08;10;1940;1.0041;1940
11;2025-12-08;11;1876;1.0054;1876
11;2025-12-08;12;1892;0.9995;1892
11;2025-12-08;13;2040;0.9966;2040
11;2025-12-08;14;1997;0.9983;1997
11;2025-12-08;15;2048;1.0201;2048
11;2025-12-08;16;2258;0.9969;2258
11;2025-12-08;17;2833;0.9978;2833
11;2025-12-08;18;3148;0.9865;3148
11;2025-12-08;19;2305;0.9899;2305
11;2025-12-08;20;1482;1.016;1482
11;2025-12-08;21;873;1.0166;873
11;2025-12-08;22;434;1.0182;434
11;2025-12-08;23;235;0.9976;235
11;2025-12-09;0;66;1.0284;66
11;2025-12-09;1;3;1.0123;3
11;2025-12-09;2;0;1.0;0
11;2025-12-09;3;0;1.0;0
11;2025-12-09;4;0;1.0;0
11;2025-12-09;5;283;1.0237;283
11;2025-12-09;6;1335;1.0136;1335
11;2025-12-09;7;2444;0.9673;2444
11;2025-12-09;8;3209;0.9684;3209
11;2025-12-09;9;2452;0.9765;2452
11;2025-12-09;10;1940;0.9976;1940
11;2025-12-09;11;1876;0.9913;1876
11;2025-12-09;12;1892;0.9798;1892
11;2025-12-09;13;2040;0.9739;2040
11;2025-12-09;14;1997;0.9734;1997
11;2025-12-09;15;2048;1.01;2048
11;2025-12-09;16;2258;0.995;2258
11;2025-12-09;17;2833;0.9615;2833
11;2025-12-09;18;3148;0.9561;3148
11;2025-12-09;19;2305;0.9859;2305
11;2025-12-09;20;1482;1.0183;1482
11;2025-12-09;21;873;1.017;873
11;2025-12-09;22;434;1.0218;434
11;2025-12-09;23;235;1.0009;235
11;2025-12-10;0;66;1.0306;66
11;2025-12-10;1;3;1.0139;3
11;2025-12-10;2;0;1.0;0
11;2025-12-10;3;0;1.0;0
11;2025-12-10;4;0;1.0;0
11;2025-12-10;5;283;1.0328;283
11;2025-12-10;6;1335;1.026;1335
11;2025-12-10;7;2444;1.0056;2444
11;2025-12-10;8;3209;0.9973;3209
11;2025-12-10;9;2452;1.0088;2452
11;2025-12-10;10;1940;1.0241;1940
11;2025-12-10;11;1876;1.0261;1876
11;2025-12-10;12;1892;1.0185;1892
11;2025-12-10;13;2040;1.0139;2040
11;2025-12-10;14;1997;1.0156;1997
11;2025-12-10;15;2048;1.0349;2048
11;2025-12-10;16;2258;1.0135;2258
11;2025-12-10;17;2833;0.9991;2833
11;2025-12-10;18;3148;0.9842;3148
11;2025-12-10;19;2305;1.0062;2305
11;2025-12-10;20;1482;1.0353;1482
11;2025-12-10;21;873;1.0346;873
11;2025-12-10;22;434;1.037;434
11;2025-12-10;23;235;1.0189;235
11;2025-12-11;0;66;1.0387;66
11;2025-12-11;1;3;1.0231;3
11;2025-12-11;2;0;1.0;0
11;2025-12-11;3;0;1.0;0
11;2025-12-11;4;0;1.0;0
11;2025-12-11;5;283;1.0392;283
11;2025-12-11;6;1335;1.0255;1335
11;2025-12-11;7;2444;0.9995;2444
11;2025-12-11;8;3209;0.9957;3209
11;2025-12-11;9;2452;1.0006;2452
11;2025-12-11;10;1940;1.0145;1940
11;2025-12-11;11;1876;1.0074;1876
11;2025-12-11;12;1892;1.0039;1892
11;2025-12-11;13;2040;1.0073;2040
11;2025-12-11;14;1997;1.0073;1997
11;2025-12-11;15;2048;1.037;2048
11;2025-12-11;16;2258;1.0144;2258
11;2025-12-11;17;2833;1.0118;2833
11;2025-12-11;18;3148;0.9949;3148
11;2025-12-11;19;2305;1.0044;2305
11;2025-12-11;20;1482;1.028;1482
11;2025-12-11;21;873;1.028;873
11;2025-12-11;22;434;1.0335;434
11;2025-12-11;23;235;1.0148;235
11;2025-12-12;0;69;1.1551;69
11;2025-12-12;1;2;1.1551;2
11;2025-12-12;2;0;1.0;0
11;2025-12-12;3;0;1.0;0
11;2025-12-12;4;0;1.0;0
11;2025-12-12;5;264;1.1522;264
11;2025-12-12;6;1225;1.1519;1225
11;2025-12-12;7;2190;1.1443;2190
11;2025-12-12;8;2937;1.135;2937
11;2025-12-12;9;2193;1.1477;2193
11;2025-12-12;10;1775;1.1481;1775
11;2025-12-12;11;1720;1.1491;1720
11;2025-12-12;12;1757;1.1317;1757
11;2025-12-12;13;1809;1.1279;1809
11;2025-12-12;14;1928;1.1245;1928
11;2025-12-12;15;2066;1.1402;2066
11;2025-12-12;16;2268;1.1086;2268
11;2025-12-12;17;2759;1.1076;2759
11;2025-12-12;18;2348;1.1022;2348
11;2025-12-12;19;1859;1.1509;1859
11;2025-12-12;20;1310;1.1477;1310
11;2025-12-12;21;829;1.1493;829
11;2025-12-12;22;426;1.1485;426
11;2025-12-12;23;290;1.1288;290
11;2025-12-13;0;109;1.0288;109
11;2025-12-13;1;2;1.043;2
11;2025-12-13;2;0;1.0;0
11;2025-12-13;3;0;1.0;0
11;2025-12-13;4;0;1.0;0
11;2025-12-13;5;205;1.0395;205
11;2025-12-13;6;826;1.0376;826
11;2025-12-13;7;765;1.0283;765
11;2025-12-13;8;1056;1.0333;1056
11;2025-12-13;9;1210;1.0333;1210
11;2025-12-13;10;1354;1.0181;1354
11;2025-12-13;11;1759;0.9592;1759
11;2025-12-13;12;1969;0.9464;1969
11;2025-12-13;13;1861;0.9505;1861
11;2025-12-13;14;1963;0.9395;1963
11;2025-12-13;15;1878;0.9468;1878
11;2025-12-13;16;1881;0.9446;1881
11;2025-12-13;17;1917;0.9626;1917
11;2025-12-13;18;1614;1.026;1614
11;2025-12-13;19;1545;1.008;1545
11;2025-12-13;20;1117;1.0454;1117
11;2025-12-13;21;787;1.0378;787
11;2025-12-13;22;463;1.0541;463
11;2025-12-13;23;311;1.0478;311
11;2025-12-14;0;111;1.0909;111
11;2025-12-14;1;15;1.0901;15
11;2025-12-14;2;0;1.0;0
11;2025-12-14;3;0;1.0;0
11;2025-12-14;4;0;1.0;0
11;2025-12-14;5;118;1.1363;118
11;2025-12-14;6;507;1.1195;507
11;2025-12-14;7;519;1.1381;519
11;2025-12-14;8;670;1.1209;670
11;2025-12-14;9;913;1.1138;913
11;2025-12-14;10;1024;1.1063;1024
11;2025-12-14;11;1465;1.1008;1465
11;2025-12-14;12;1601;1.0421;1601
11;2025-12-14;13;1543;1.0478;1543
11;2025-12-14;14;1627;1.0368;1627
11;2025-12-14;15;1650;1.0355;1650
11;2025-12-14;16;1567;1.0845;1567
11;2025-12-14;17;1671;1.0953;1671
11;2025-12-14;18;1323;1.1339;1323
11;2025-12-14;19;1083;1.1471;1083
11;2025-12-14;20;864;1.1466;864
11;2025-12-14;21;636;1.1477;636
11;2025-12-14;22;367;1.1496;367
11;2025-12-14;23;245;1.1299;245
11;2025-12-15;0;66;1.0037;66
11;2025-12-15;1;3;0.9842;3
11;2025-12-15;2;0;1.0;0
11;2025-12-15;3;0;1.0;0
11;2025-12-15;4;0;1.0;0
11;2025-12-15;5;283;0.9959;283
11;2025-12-15;6;1335;0.9894;1335
11;2025-12-15;7;2444;0.9777;2444
11;2025-12-15;8;3209;0.9761;3209
11;2025-12-15;9;2452;0.978;2452
11;2025-12-15;10;1940;0.9819;1940
11;2025-12-15;11;1876;0.9857;1876
11;2025-12-15;12;1892;0.9768;1892
11;2025-12-15;13;2040;0.9752;2040
11;2025-12-15;14;1997;0.9748;1997
11;2025-12-15;15;2048;0.9956;2048
11;2025-12-15;16;2258;0.9742;2258
11;2025-12-15;17;2833;0.9739;2833
11;2025-12-15;18;3148;0.9709;3148
11;2025-12-15;19;2305;0.9754;2305
11;2025-12-15;20;1482;1.0009;1482
11;2025-12-15;21;873;1.0009;873
11;2025-12-15;22;434;1.0033;434
11;2025-12-15;23;235;0.9844;235
11;2025-12-16;0;66;1.0426;66
11;2025-12-16;1;3;1.0254;3
11;2025-12-16;2;0;1.0;0
11;2025-12-16;3;0;1.0;0
11;2025-12-16;4;0;1.0;0
11;2025-12-16;5;283;1.0423;283
11;2025-12-16;6;1335;1.0358;1335
11;2025-12-16;7;2444;1.0185;2444
11;2025-12-16;8;3209;1.0097;3209
11;2025-12-16;9;2452;1.0238;2452
11;2025-12-16;10;1940;1.0399;1940
11;2025-12-16;11;1876;1.0319;1876
11;2025-12-16;12;1892;1.0251;1892
11;2025-12-16;13;2040;1.0214;2040
11;2025-12-16;14;1997;1.0302;1997
11;2025-12-16;15;2048;1.049;2048
11;2025-12-16;16;2258;1.0294;2258
11;2025-12-16;17;2833;1.0159;2833
11;2025-12-16;18;3148;0.9907;3148
11;2025-12-16;19;2305;1.0125;2305
11;2025-12-16;20;1482;1.0396;1482
11;2025-12-16;21;873;1.0432;873
11;2025-12-16;22;434;1.0448;434
11;2025-12-16;23;235;1.0268;235
11;2025-12-17;0;66;1.0458;66
11;2025-12-17;1;3;1.026;3
11;2025-12-17;2;0;1.0;0
11;2025-12-17;3;0;1.0;0
11;2025-12-17;4;0;1.0;0
11;2025-12-17;5;283;1.0453;283
11;2025-12-17;6;1335;1.0386;1335
11;2025-12-17;7;2444;1.0229;2444
11;2025-12-17;8;3209;1.0126;3209
11;2025-12-17;9;2452;1.0225;2452
11;2025-12-17;10;1940;1.0379;1940
11;2025-12-17;11;1876;1.0366;1876
11;2025-12-17;12;1892;1.0318;1892
11;2025-12-17;13;2040;1.0283;2040
11;2025-12-17;14;1997;1.0293;1997
11;2025-12-17;15;2048;1.0514;2048
11;2025-12-17;16;2258;1.0258;2258
11;2025-12-17;17;2833;1.0134;2833
11;2025-12-17;18;3148;0.999;3148
11;2025-12-17;19;2305;1.0176;2305
11;2025-12-17;20;1482;1.0465;1482
11;2025-12-17;21;873;1.0465;873
11;2025-12-17;22;434;1.0489;434
11;2025-12-17;23;235;1.0283;235
11;2025-12-18;0;66;1.0502;66
11;2025-12-18;1;3;1.0296;3
11;2025-12-18;2;0;1.0;0
11;2025-12-18;3;0;1.0;0
11;2025-12-18;4;0;1.0;0
11;2025-12-18;5;283;1.0474;283
11;2025-12-18;6;1335;1.0407;1335
11;2025-12-18;7;2444;1.0232;2444
11;2025-12-18;8;3209;1.0129;3209
11;2025-12-18;9;2452;1.0228;2452
11;2025-12-18;10;1940;1.0277;1940
11;2025-12-18;11;1876;1.0182;1876
11;2025-12-18;12;1892;1.0225;1892
11;2025-12-18;13;2040;1.0293;2040
11;2025-12-18;14;1997;1.0303;1997
11;2025-12-18;15;2048;1.0523;2048
11;2025-12-18;16;2258;1.0285;2258
11;2025-12-18;17;2833;1.0149;2833
11;2025-12-18;18;3148;0.996;3148
11;2025-12-18;19;2305;1.0146;2305
11;2025-12-18;20;1482;1.0421;1482
11;2025-12-18;21;873;1.0434;873
11;2025-12-18;22;434;1.0445;434
11;2025-12-18;23;235;1.0239;235
11;2025-12-19;0;69;1.154;69
11;2025-12-19;1;2;1.1544;2
11;2025-12-19;2;0;1.0;0
11;2025-12-19;3;0;1.0;0
11;2025-12-19;4;0;1.0;0
11;2025-12-19;5;264;1.1532;264
11;2025-12-19;6;1225;1.1535;1225
11;2025-12-19;7;2190;1.1445;2190
11;2025-12-19;8;2937;1.1315;2937
11;2025-12-19;9;2193;1.1402;2193
11;2025-12-19;10;1775;1.1437;1775
11;2025-12-19;11;1720;1.1486;1720
11;2025-12-19;12;1757;1.14;1757
11;2025-12-19;13;1809;1.1349;1809
11;2025-12-19;14;1928;1.1313;1928
11;2025-12-19;15;2066;1.1491;2066
11;2025-12-19;16;2268;1.1246;2268
11;2025-12-19;17;2759;1.1288;2759
11;2025-12-19;18;2348;1.1241;2348
11;2025-12-19;19;1859;1.1558;1859
11;2025-12-19;20;1310;1.1521;1310
11;2025-12-19;21;829;1.1537;829
11;2025-12-19;22;426;1.1561;426
11;2025-12-19;23;290;1.1381;290
11;2025-12-20;0;109;1.0859;109
11;2025-12-20;1;2;1.1038;2
11;2025-12-20;2;0;1.0;0
11;2025-12-20;3;0;1.0;0
11;2025-12-20;4;0;1.0;0
11;2025-12-20;5;205;1.1038;205
11;2025-12-20;6;826;1.0994;826
11;2025-12-20;7;765;1.0965;765
11;2025-12-20;8;1056;1.0948;1056
11;2025-12-20;9;1210;1.0893;1210
11;2025-12-20;10;1354;1.081;1354
11;2025-12-20;11;1759;1.0641;1759
11;2025-12-20;12;1969;1.0579;1969
11;2025-12-20;13;1861;1.0573;1861
11;2025-12-20;14;1963;1.0532;1963
11;2025-12-20;15;1878;1.0599;1878
11;2025-12-20;16;1881;1.0522;1881
11;2025-12-20;17;1917;1.0635;1917
11;2025-12-20;18;1614;1.0921;1614
11;2025-12-20;19;1545;1.0743;1545
11;2025-12-20;20;1117;1.0895;1117
11;2025-12-20;21;787;1.0895;787
11;2025-12-20;22;463;1.1002;463
11;2025-12-20;23;311;1.1002;311
11;2025-12-21;0;111;1.1387;111
11;2025-12-21;1;15;1.1235;15
11;2025-12-21;2;0;1.0;0
11;2025-12-21;3;0;1.0;0
11;2025-12-21;4;0;1.0;0
11;2025-12-21;5;118;1.1589;118
11;2025-12-21;6;507;1.1132;507
11;2025-12-21;7;519;1.1504;519
11;2025-12-21;8;670;1.1497;670
11;2025-12-21;9;913;1.1519;913
11;2025-12-21;10;1024;1.1426;1024
11;2025-12-21;11;1465;1.1305;1465
11;2025-12-21;12;1601;1.106;1601
11;2025-12-21;13;1543;1.1178;1543
11;2025-12-21;14;1627;1.1035;1627
11;2025-12-21;15;1650;1.1015;1650
11;2025-12-21;16;1567;1.1093;1567
11;2025-12-21;17;1671;1.1179;1671
11;2025-12-21;18;1323;1.1575;1323
11;2025-12-21;19;1083;1.1691;1083
11;2025-12-21;20;864;1.1674;864
11;2025-12-21;21;636;1.1698;636
11;2025-12-21;22;367;1.1629;367
11;2025-12-21;23;245;1.1469;245
11;2025-12-22;0;66;1.021;66
11;2025-12-22;1;3;0.9999;3
11;2025-12-22;2;0;1.0;0
11;2025-12-22;3;0;1.0;0
11;2025-12-22;4;0;1.0;0
11;2025-12-22;5;283;1.02;283
11;2025-12-22;6;1335;1.0107;1335
11;2025-12-22;7;2444;1.0;2444
11;2025-12-22;8;3209;1.0007;3209
11;2025-12-22;9;2452;1.0027;2452
11;2025-12-22;10;1940;1.0021;1940
11;2025-12-22;11;1876;1.0077;1876
11;2025-12-22;12;1892;0.9945;1892
11;2025-12-22;13;2040;0.9746;2040
11;2025-12-22;14;1997;0.9742;1997
11;2025-12-22;15;2048;1.0004;2048
11;2025-12-22;16;2258;0.9739;2258
11;2025-12-22;17;2833;0.9697;2833
11;2025-12-22;18;3148;0.9682;3148
11;2025-12-22;19;2305;0.9789;2305
11;2025-12-22;20;1482;1.0092;1482
11;2025-12-22;21;873;1.0092;873
11;2025-12-22;22;434;1.0217;434
11;2025-12-22;23;235;0.9844;235
11;2025-12-23;0;66;1.0303;66
11;2025-12-23;1;3;1.0042;3
11;2025-12-23;2;0;1.0;0
11;2025-12-23;3;0;1.0;0
11;2025-12-23;4;0;1.0;0
11;2025-12-23;5;283;1.0303;283
11;2025-12-23;6;1335;1.0153;1335
11;2025-12-23;7;2444;0.9939;2444
11;2025-12-23;8;3209;0.9853;3209
11;2025-12-23;9;2452;0.9947;2452
11;2025-12-23;10;1940;1.0079;1940
11;2025-12-23;11;1876;1.0106;1876
11;2025-12-23;12;1892;1.0049;1892
11;2025-12-23;13;2040;1.0039;2040
11;2025-12-23;14;1997;1.0045;1997
11;2025-12-23;15;2048;1.0413;2048
11;2025-12-23;16;2258;1.0115;2258
11;2025-12-23;17;2833;0.998;2833
11;2025-12-23;18;3148;0.9859;3148
11;2025-12-23;19;2305;1.0149;2305
11;2025-12-23;20;1482;1.0441;1482
11;2025-12-23;21;873;1.0441;873
11;2025-12-23;22;434;1.0483;434
11;2025-12-23;23;235;1.0231;235
11;2025-12-24;0;66;1.0426;66
11;2025-12-24;1;3;1.0212;3
11;2025-12-24;2;0;1.0;0
11;2025-12-24;3;0;1.0;0
11;2025-12-24;4;0;1.0;0
11;2025-12-24;5;283;1.0426;283
11;2025-12-24;6;1335;1.0323;1335
11;2025-12-24;7;2444;1.008;2444
11;2025-12-24;8;3209;0.9967;3209
11;2025-12-24;9;2452;1.0121;2452
11;2025-12-24;10;1940;1.0232;1940
11;2025-12-24;11;1876;1.0199;1876
11;2025-12-24;12;1892;1.0206;1892
11;2025-12-24;13;2040;1.003;2040
11;2025-12-24;14;1997;1.0029;1997
11;2025-12-24;15;2048;1.0298;2048
11;2025-12-24;16;2258;1.0098;2258
11;2025-12-24;17;2833;1.0009;2833
11;2025-12-24;18;3148;0.9866;3148
11;2025-12-24;19;2305;1.0054;2305
11;2025-12-24;20;1482;1.0367;1482
11;2025-12-24;21;873;1.0409;873
11;2025-12-24;22;434;1.0433;434
11;2025-12-24;23;235;1.0205;235
11;2025-12-25;0;66;1.0449;66
11;2025-12-25;1;3;1.0235;3
11;2025-12-25;2;0;1.0;0
11;2025-12-25;3;0;1.0;0
11;2025-12-25;4;0;1.0;0
11;2025-12-25;5;283;1.0505;283
11;2025-12-25;6;1335;1.0384;1335
11;2025-12-25;7;2444;1.0185;2444
11;2025-12-25;8;3209;1.0075;3209
11;2025-12-25;9;2452;1.0209;2452
11;2025-12-25;10;1940;1.0324;1940
11;2025-12-25;11;1876;1.0329;1876
11;2025-12-25;12;1892;1.0281;1892
11;2025-12-25;13;2040;1.0254;2040
11;2025-12-25;14;1997;1.019;1997
11;2025-12-25;15;2048;1.047;2048
11;2025-12-25;16;2258;1.0201;2258
11;2025-12-25;17;2833;0.9901;2833
11;2025-12-25;18;3148;0.9748;3148
11;2025-12-25;19;2305;1.0044;2305
11;2025-12-25;20;1482;1.024;1482
11;2025-12-25;21;873;1.024;873
11;2025-12-25;22;434;1.0256;434
11;2025-12-25;23;235;0.9892;235
11;2025-12-26;0;69;1.1244;69
11;2025-12-26;1;2;1.1389;2
11;2025-12-26;2;0;1.0;0
11;2025-12-26;3;0;1.0;0
11;2025-12-26;4;0;1.0;0
11;2025-12-26;5;264;1.1441;264
11;2025-12-26;6;1225;1.1304;1225
11;2025-12-26;7;2190;1.1126;2190
11;2025-12-26;8;2937;1.0977;2937
11;2025-12-26;9;2193;1.1243;2193
11;2025-12-26;10;1775;1.1259;1775
11;2025-12-26;11;1720;1.1179;1720
11;2025-12-26;12;1757;1.1066;1757
11;2025-12-26;13;1809;1.1138;1809
11;2025-12-26;14;1928;1.1044;1928
11;2025-12-26;15;2066;1.133;2066
11;2025-12-26;16;2268;1.0984;2268
11;2025-12-26;17;2759;1.0944;2759
11;2025-12-26;18;2348;1.0915;2348
11;2025-12-26;19;1859;1.1336;1859
11;2025-12-26;20;1310;1.134;1310
11;2025-12-26;21;829;1.1415;829
11;2025-12-26;22;426;1.1425;426
11;2025-12-26;23;290;1.1089;290
11;2025-12-27;0;109;1.0467;109
11;2025-12-27;1;2;1.0701;2
11;2025-12-27;2;0;1.0;0
11;2025-12-27;3;0;1.0;0
11;2025-12-27;4;0;1.0;0
11;2025-12-27;5;205;1.0761;205
11;2025-12-27;6;826;1.0596;826
11;2025-12-27;7;765;1.0566;765
11;2025-12-27;8;1056;1.0563;1056
11;2025-12-27;9;1210;1.0612;1210
11;2025-12-27;10;1354;1.055;1354
11;2025-12-27;11;1759;1.0355;1759
11;2025-12-27;12;1969;1.0245;1969
11;2025-12-27;13;1861;1.0283;1861
11;2025-12-27;14;1963;1.0171;1963
11;2025-12-27;15;1878;1.0242;1878
11;2025-12-27;16;1881;1.0265;1881
11;2025-12-27;17;1917;1.0408;1917
11;2025-12-27;18;1614;1.0875;1614
11;2025-12-27;19;1545;1.0673;1545
11;2025-12-27;20;1117;1.0964;1117
11;2025-12-27;21;787;1.0881;787
11;2025-12-27;22;463;1.0772;463
11;2025-12-27;23;311;1.0834;311
11;2025-12-28;0;111;1.0932;111
11;2025-12-28;1;15;1.0953;15
11;2025-12-28;2;0;1.0;0
11;2025-12-28;3;0;1.0;0
11;2025-12-28;4;0;1.0;0
11;2025-12-28;5;118;1.1286;118
11;2025-12-28;6;507;1.087;507
11;2025-12-28;7;519;1.1126;519
11;2025-12-28;8;670;1.086;670
11;2025-12-28;9;913;1.0938;913
11;2025-12-28;10;1024;1.0945;1024
11;2025-12-28;11;1465;1.0708;1465
11;2025-12-28;12;1601;1.0605;1601
11;2025-12-28;13;1543;1.0682;1543
11;2025-12-28;14;1627;1.0471;1627
11;2025-12-28;15;1650;1.0506;1650
11;2025-12-28;16;1567;1.0637;1567
11;2025-12-28;17;1671;1.0743;1671
11;2025-12-28;18;1323;1.1343;1323
11;2025-12-28;19;1083;1.1391;1083
11;2025-12-28;20;864;1.1323;864
11;2025-12-28;21;636;1.1339;636
11;2025-12-28;22;367;1.1339;367
11;2025-12-28;23;245;1.1029;245
11;2025-12-29;0;59;1.0;59
11;2025-12-29;1;3;1.0;3
11;2025-12-29;2;0;1.0;0
11;2025-12-29;3;0;1.0;0
11;2025-12-29;4;0;1.0;0
11;2025-12-29;5;250;1.0;250
11;2025-12-29;6;1175;1.0;1175
11;2025-12-29;7;2151;1.0;2151
11;2025-12-29;8;2823;1.0;2823
11;2025-12-29;9;2158;1.0;2158
11;2025-12-29;10;1707;1.0;1707
11;2025-12-29;11;1652;1.0;1652
11;2025-12-29;12;1664;1.0;1664
11;2025-12-29;13;1795;1.0;1795
11;2025-12-29;14;1756;1.0;1756
11;2025-12-29;15;1802;1.0;1802
11;2025-12-29;16;1987;1.0;1987
11;2025-12-29;17;2494;1.0;2494
11;2025-12-29;18;2770;1.0;2770
11;2025-12-29;19;2028;1.0;2028
11;2025-12-29;20;1304;1.0;1304
11;2025-12-29;21;769;1.0;769
11;2025-12-29;22;382;1.0;382
11;2025-12-29;23;206;1.0;206
11;2025-12-30;0;59;1.0;59
11;2025-12-30;1;3;1.0;3
11;2025-12-30;2;0;1.0;0
11;2025-12-30;3;0;1.0;0
11;2025-12-30;4;0;1.0;0
11;2025-12-30;5;250;1.0;250
11;2025-12-30;6;1175;1.0;1175
11;2025-12-30;7;2151;1.0;2151
11;2025-12-30;8;2823;1.0;2823
11;2025-12-30;9;2158;1.0;2158
11;2025-12-30;10;1707;1.0;1707
11;2025-12-30;11;1652;1.0;1652
11;2025-12-30;12;1664;1.0;1664
11;2025-12-30;13;1795;1.0;1795
11;2025-12-30;14;1756;1.0;1756
11;2025-12-30;15;1802;1.0;1802
11;2025-12-30;16;1987;1.0;1987
11;2025-12-30;17;2494;1.0;2494
11;2025-12-30;18;2770;1.0;2770
11;2025-12-30;19;2028;1.0;2028
11;2025-12-30;20;1304;1.0;1304
11;2025-12-30;21;769;1.0;769
11;2025-12-30;22;382;1.0;382
11;2025-12-30;23;206;1.0;206
11;2025-12-31;0;89;1.0;89
11;2025-12-31;1;1;1.0;1
11;2025-12-31;2;0;1.0;0
11;2025-12-31;3;0;1.0;0
11;2025-12-31;4;0;1.0;0
11;2025-12-31;5;157;1.0;157
11;2025-12-31;6;726;1.0;726
11;2025-12-31;7;681;1.0;681
11;2025-12-31;8;859;1.0;859
11;2025-12-31;9;965;1.0;965
11;2025-12-31;10;1167;1.0;1167
11;2025-12-31;11;1402;1.0;1402
11;2025-12-31;12;1665;1.0;1665
11;2025-12-31;13;1545;1.0;1545
11;2025-12-31;14;1724;1.0;1724
11;2025-12-31;15;1651;1.0;1651
11;2025-12-31;16;1558;1.0;1558
11;2025-12-31;17;1583;1.0;1583
11;2025-12-31;18;1352;1.0;1352
11;2025-12-31;19;1350;1.0;1350
11;2025-12-31;20;0;1.0;0
11;2025-12-31;21;0;1.0;0
11;2025-12-31;22;0;1.0;0
11;2025-12-31;23;0;1.0;0
12;2025-11-01;0;30;1.0;30
12;2025-11-01;1;3;1.0;3
12;2025-11-01;2;0;1.0;0
12;2025-11-01;3;0;1.0;0
12;2025-11-01;4;5;1.017;5
12;2025-11-01;5;265;1.0304;265
12;2025-11-01;6;1115;1.0393;1115
12;2025-11-01;7;2161;0.996;2161
12;2025-11-01;8;2743;0.9834;2743
12;2025-11-01;9;1933;1.0206;1933
12;2025-11-01;10;1545;1.0302;1545
12;2025-11-01;11;1555;1.0224;1555
12;2025-11-01;12;1601;1.0223;1601
12;2025-11-01;13;1660;1.0399;1660
12;2025-11-01;14;1648;1.0256;1648
12;2025-11-01;15;1879;1.0218;1879
12;2025-11-01;16;2389;1.003;2389
12;2025-11-01;17;2380;0.9884;2380
12;2025-11-01;18;2062;0.9805;2062
12;2025-11-01;19;1764;0.997;1764
12;2025-11-01;20;1165;1.0049;1165
12;2025-11-01;21;803;1.0163;803
12;2025-11-01;22;424;1.0073;424
12;2025-11-01;23;251;1.032;251
12;2025-11-02;0;84;1.0959;84
12;2025-11-02;1;4;1.0959;4
12;2025-11-02;2;0;1.0;0
12;2025-11-02;3;0;1.0;0
12;2025-11-02;4;3;1.111;3
12;2025-11-02;5;148;1.0959;148
12;2025-11-02;6;510;1.0981;510
12;2025-11-02;7;631;1.1347;631
12;2025-11-02;8;699;1.1072;699
12;2025-11-02;9;892;1.1032;892
12;2025-11-02;10;1096;1.0874;1096
12;2025-11-02;11;1225;1.0704;1225
12;2025-11-02;12;1285;1.0601;1285
12;2025-11-02;13;1491;1.0462;1491
12;2025-11-02;14;1442;1.0458;1442
12;2025-11-02;15;1350;1.0758;1350
12;2025-11-02;16;1409;1.0545;1409
12;2025-11-02;17;1474;1.0715;1474
12;2025-11-02;18;1250;1.0973;1250
12;2025-11-02;19;974;1.1079;974
12;2025-11-02;20;738;1.1242;738
12;2025-11-02;21;573;1.127;573
12;2025-11-02;22;372;1.1268;372
12;2025-11-02;23;202;1.1098;202
12;2025-11-03;0;84;1.0599;84
12;2025-11-03;1;4;1.0547;4
12;2025-11-03;2;0;1.0;0
12;2025-11-03;3;0;1.0;0
12;2025-11-03;4;3;1.042;3
12;2025-11-03;5;148;1.054;148
12;2025-11-03;6;510;1.0413;510
12;2025-11-03;7;631;1.0507;631
12;2025-11-03;8;699;1.0461;699
12;2025-11-03;9;892;1.0413;892
12;2025-11-03;10;1096;1.0155;1096
12;2025-11-03;11;1225;0.9979;1225
12;2025-11-03;12;1285;0.9491;1285
12;2025-11-03;13;1491;0.9425;1491
12;2025-11-03;14;1442;0.937;1442
12;2025-11-03;15;1350;0.9359;1350
12;2025-11-03;16;1409;0.9606;1409
12;2025-11-03;17;1474;1.0011;1474
12;2025-11-03;18;1250;1.0037;1250
12;2025-11-03;19;974;1.0238;974
12;2025-11-03;20;738;1.0309;738
12;2025-11-03;21;573;1.0303;573
12;2025-11-03;22;372;1.0327;372
12;2025-11-03;23;202;1.0439;202
12;2025-11-04;0;84;1.0845;84
12;2025-11-04;1;4;1.0927;4
12;2025-11-04;2;0;1.0;0
12;2025-11-04;3;0;1.0;0
12;2025-11-04;4;3;1.0626;3
12;2025-11-04;5;148;1.0785;148
12;2025-11-04;6;510;1.0614;510
12;2025-11-04;7;631;1.0712;631
12;2025-11-04;8;699;1.0376;699
12;2025-11-04;9;892;1.0527;892
12;2025-11-04;10;1096;1.0236;1096
12;2025-11-04;11;1225;0.9988;1225
12;2025-11-04;12;1285;0.9772;1285
12;2025-11-04;13;1491;0.998;1491
12;2025-11-04;14;1442;1.0297;1442
12;2025-11-04;15;1350;1.0386;1350
12;2025-11-04;16;1409;1.0364;1409
12;2025-11-04;17;1474;1.0578;1474
12;2025-11-04;18;1250;1.0687;1250
12;2025-11-04;19;974;1.0869;974
12;2025-11-04;20;738;1.0914;738
12;2025-11-04;21;573;1.0957;573
12;2025-11-04;22;372;1.0932;372
12;2025-11-04;23;202;1.1026;202
12;2025-11-05;0;54;1.0106;54
12;2025-11-05;1;3;1.0188;3
12;2025-11-05;2;0;1.0;0
12;2025-11-05;3;0;1.0;0
12;2025-11-05;4;6;1.0154;6
12;2025-11-05;5;333;1.0227;333
12;2025-11-05;6;1413;1.023;1413
12;2025-11-05;7;2713;0.984;2713
12;2025-11-05;8;3596;0.9707;3596
12;2025-11-05;9;2483;0.991;2483
12;2025-11-05;10;2027;0.9984;2027
12;2025-11-05;11;1961;0.9928;1961
12;2025-11-05;12;2024;0.9773;2024
12;2025-11-05;13;2008;0.9861;2008
12;2025-11-05;14;1990;0.9915;1990
12;2025-11-05;15;2233;0.9754;2233
12;2025-11-05;16;2704;0.9615;2704
12;2025-11-05;17;3012;0.9684;3012
12;2025-11-05;18;3169;0.9631;3169
12;2025-11-05;19;2483;0.9917;2483
12;2025-11-05;20;1555;0.9993;1555
12;2025-11-05;21;944;1.003;944
12;2025-11-05;22;490;1.0048;490
12;2025-11-05;23;250;1.0036;250
12;2025-11-06;0;54;1.0008;54
12;2025-11-06;1;3;1.0065;3
12;2025-11-06;2;0;1.0;0
12;2025-11-06;3;0;1.0;0
12;2025-11-06;4;6;1.0016;6
12;2025-11-06;5;333;1.0065;333
12;2025-11-06;6;1413;1.0092;1413
12;2025-11-06;7;2713;0.9805;2713
12;2025-11-06;8;3596;0.9686;3596
12;2025-11-06;9;2483;0.9904;2483
12;2025-11-06;10;2027;0.9978;2027
12;2025-11-06;11;1961;0.9788;1961
12;2025-11-06;12;2024;0.9912;2024
12;2025-11-06;13;2008;0.9925;2008
12;2025-11-06;14;1990;0.993;1990
12;2025-11-06;15;2233;0.9671;2233
12;2025-11-06;16;2704;0.963;2704
12;2025-11-06;17;3012;0.9713;3012
12;2025-11-06;18;3169;0.9569;3169
12;2025-11-06;19;2483;0.984;2483
12;2025-11-06;20;1555;0.9682;1555
12;2025-11-06;21;944;0.9946;944
12;2025-11-06;22;490;0.9957;490
12;2025-11-06;23;250;0.9923;250
12;2025-11-07;0;56;1.0035;56
12;2025-11-07;1;1;1.0029;1
12;2025-11-07;2;0;1.0;0
12;2025-11-07;3;0;1.0;0
12;2025-11-07;4;6;1.0104;6
12;2025-11-07;5;331;1.0047;331
12;2025-11-07;6;1394;1.0165;1394
12;2025-11-07;7;2702;0.9859;2702
12;2025-11-07;8;3428;0.9755;3428
12;2025-11-07;9;2416;0.9803;2416
12;2025-11-07;10;1932;1.0062;1932
12;2025-11-07;11;1944;1.0028;1944
12;2025-11-07;12;2002;0.9955;2002
12;2025-11-07;13;2075;0.9945;2075
12;2025-11-07;14;2060;0.9934;2060
12;2025-11-07;15;2349;1.0;2349
12;2025-11-07;16;2986;0.9813;2986
12;2025-11-07;17;2974;0.9805;2974
12;2025-11-07;18;2577;0.9693;2577
12;2025-11-07;19;2205;0.9812;2205
12;2025-11-07;20;1456;1.005;1456
12;2025-11-07;21;1003;1.0;1003
12;2025-11-07;22;529;1.0102;529
12;2025-11-07;23;313;1.0032;313
12;2025-11-08;0;78;1.0594;78
12;2025-11-08;1;3;1.054;3
12;2025-11-08;2;0;1.0;0
12;2025-11-08;3;0;1.0;0
12;2025-11-08;4;3;1.0497;3
12;2025-11-08;5;235;1.054;235
12;2025-11-08;6;820;1.0577;820
12;2025-11-08;7;899;1.0485;899
12;2025-11-08;8;1012;1.0469;1012
12;2025-11-08;9;1196;1.0279;1196
12;2025-11-08;10;1411;1.0184;1411
12;2025-11-08;11;1515;1.0177;1515
12;2025-11-08;12;1492;0.967;1492
12;2025-11-08;13;1727;0.9894;1727
12;2025-11-08;14;1604;1.0087;1604
12;2025-11-08;15;1520;1.021;1520
12;2025-11-08;16;1592;1.0254;1592
12;2025-11-08;17;1551;1.0385;1551
12;2025-11-08;18;1509;1.0435;1509
12;2025-11-08;19;1409;1.0508;1409
12;2025-11-08;20;971;1.0674;971
12;2025-11-08;21;731;1.0658;731
12;2025-11-08;22;421;1.071;421
12;2025-11-08;23;288;1.0681;288
12;2025-11-09;0;84;1.1924;84
12;2025-11-09;1;4;1.1924;4
12;2025-11-09;2;0;1.0;0
12;2025-11-09;3;0;1.0;0
12;2025-11-09;4;3;1.187;3
12;2025-11-09;5;148;1.1915;148
12;2025-11-09;6;510;1.1858;510
12;2025-11-09;7;631;1.1977;631
12;2025-11-09;8;699;1.1909;699
12;2025-11-09;9;892;1.1902;892
12;2025-11-09;10;1096;1.1677;1096
12;2025-11-09;11;1225;1.1575;1225
12;2025-11-09;12;1285;1.1464;1285
12;2025-11-09;13;1491;1.1335;1491
12;2025-11-09;14;1442;1.1266;1442
12;2025-11-09;15;1350;1.1377;1350
12;2025-11-09;16;1409;1.1427;1409
12;2025-11-09;17;1474;1.1553;1474
12;2025-11-09;18;1250;1.1648;1250
12;2025-11-09;19;974;1.1774;974
12;2025-11-09;20;738;1.1854;738
12;2025-11-09;21;573;1.188;573
12;2025-11-09;22;372;1.1882;372
12;2025-11-09;23;202;1.1923;202
12;2025-11-10;0;54;1.0042;54
12;2025-11-10;1;3;1.0116;3
12;2025-11-10;2;0;1.0;0
12;2025-11-10;3;0;1.0;0
12;2025-11-10;4;6;1.0082;6
12;2025-11-10;5;333;1.011;333
12;2025-11-10;6;1413;1.0133;1413
12;2025-11-10;7;2713;1.0049;2713
12;2025-11-10;8;3596;1.0002;3596
12;2025-11-10;9;2483;1.008;2483
12;2025-11-10;10;2027;1.0091;2027
12;2025-11-10;11;1961;1.0096;1961
12;2025-11-10;12;2024;1.0031;2024
12;2025-11-10;13;2008;1.0035;2008
12;2025-11-10;14;1990;1.0063;1990
12;2025-11-10;15;2233;0.9955;2233
12;2025-11-10;16;2704;0.9995;2704
12;2025-11-10;17;3012;1.0061;3012
12;2025-11-10;18;3169;0.9996;3169
12;2025-11-10;19;2483;1.0129;2483
12;2025-11-10;20;1555;1.0042;1555
12;2025-11-10;21;944;1.0067;944
12;2025-11-10;22;490;1.0085;490
12;2025-11-10;23;250;1.0085;250
12;2025-11-11;0;54;1.029;54
12;2025-11-11;1;3;1.0371;3
12;2025-11-11;2;0;1.0;0
12;2025-11-11;3;0;1.0;0
12;2025-11-11;4;6;1.0287;6
12;2025-11-11;5;333;1.0371;333
12;2025-11-11;6;1413;1.0394;1413
12;2025-11-11;7;2713;1.0189;2713
12;2025-11-11;8;3596;1.0086;3596
12;2025-11-11;9;2483;1.0266;2483
12;2025-11-11;10;2027;1.0334;2027
12;2025-11-11;11;1961;1.0348;1961
12;2025-11-11;12;2024;1.0283;2024
12;2025-11-11;13;2008;1.0287;2008
12;2025-11-11;14;1990;1.031;1990
12;2025-11-11;15;2233;1.0187;2233
12;2025-11-11;16;2704;1.0077;2704
12;2025-11-11;17;3012;1.0114;3012
12;2025-11-11;18;3169;1.0032;3169
12;2025-11-11;19;2483;1.027;2483
12;2025-11-11;20;1555;1.0236;1555
12;2025-11-11;21;944;1.026;944
12;2025-11-11;22;490;1.0279;490
12;2025-11-11;23;250;1.0269;250
12;2025-11-12;0;54;1.0275;54
12;2025-11-12;1;3;1.0331;3
12;2025-11-12;2;0;1.0;0
12;2025-11-12;3;0;1.0;0
12;2025-11-12;4;6;1.0276;6
12;2025-11-12;5;333;1.0334;333
12;2025-11-12;6;1413;1.0379;1413
12;2025-11-12;7;2713;1.0141;2713
12;2025-11-12;8;3596;1.0026;3596
12;2025-11-12;9;2483;1.0222;2483
12;2025-11-12;10;2027;1.0301;2027
12;2025-11-12;11;1961;1.018;1961
12;2025-11-12;12;2024;1.0169;2024
12;2025-11-12;13;2008;1.0173;2008
12;2025-11-12;14;1990;1.0288;1990
12;2025-11-12;15;2233;1.0147;2233
12;2025-11-12;16;2704;1.0032;2704
12;2025-11-12;17;3012;1.0064;3012
12;2025-11-12;18;3169;0.9976;3169
12;2025-11-12;19;2483;1.0201;2483
12;2025-11-12;20;1555;1.0217;1555
12;2025-11-12;21;944;1.025;944
12;2025-11-12;22;490;1.0269;490
12;2025-11-12;23;250;1.0269;250
12;2025-11-13;0;54;1.0296;54
12;2025-11-13;1;3;1.0353;3
12;2025-11-13;2;0;1.0;0
12;2025-11-13;3;0;1.0;0
12;2025-11-13;4;6;1.0314;6
12;2025-11-13;5;333;1.0363;333
12;2025-11-13;6;1413;1.0412;1413
12;2025-11-13;7;2713;1.0202;2713
12;2025-11-13;8;3596;1.0079;3596
12;2025-11-13;9;2483;1.0278;2483
12;2025-11-13;10;2027;1.0336;2027
12;2025-11-13;11;1961;1.0353;1961
12;2025-11-13;12;2024;1.0288;2024
12;2025-11-13;13;2008;1.0304;2008
12;2025-11-13;14;1990;1.0332;1990
12;2025-11-13;15;2233;1.0219;2233
12;2025-11-13;16;2704;1.0113;2704
12;2025-11-13;17;3012;1.0132;3012
12;2025-11-13;18;3169;0.9993;3169
12;2025-11-13;19;2483;1.0137;2483
12;2025-11-13;20;1555;1.0109;1555
12;2025-11-13;21;944;1.0133;944
12;2025-11-13;22;490;1.0152;490
12;2025-11-13;23;250;1.0224;250
12;2025-11-14;0;56;1.0108;56
12;2025-11-14;1;1;1.02;1
12;2025-11-14;2;0;1.0;0
12;2025-11-14;3;0;1.0;0
12;2025-11-14;4;6;1.0075;6
12;2025-11-14;5;331;1.0002;331
12;2025-11-14;6;1394;1.0085;1394
12;2025-11-14;7;2702;0.9653;2702
12;2025-11-14;8;3428;0.9588;3428
12;2025-11-14;9;2416;0.9829;2416
12;2025-11-14;10;1932;1.0005;1932
12;2025-11-14;11;1944;0.9962;1944
12;2025-11-14;12;2002;0.9944;2002
12;2025-11-14;13;2075;0.9901;2075
12;2025-11-14;14;2060;0.9911;2060
12;2025-11-14;15;2349;0.9975;2349
12;2025-11-14;16;2986;0.9579;2986
12;2025-11-14;17;2974;0.9599;2974
12;2025-11-14;18;2577;0.9563;2577
12;2025-11-14;19;2205;0.9748;2205
12;2025-11-14;20;1456;1.0026;1456
12;2025-11-14;21;1003;0.9973;1003
12;2025-11-14;22;529;1.0147;529
12;2025-11-14;23;313;1.0077;313
12;2025-11-15;0;78;0.9401;78
12;2025-11-15;1;3;0.9362;3
12;2025-11-15;2;0;1.0;0
12;2025-11-15;3;0;1.0;0
12;2025-11-15;4;3;0.9519;3
12;2025-11-15;5;235;0.9519;235
12;2025-11-15;6;820;0.9522;820
12;2025-11-15;7;899;0.9458;899
12;2025-11-15;8;1012;0.9541;1012
12;2025-11-15;9;1196;0.9469;1196
12;2025-11-15;10;1411;0.9413;1411
12;2025-11-15;11;1515;0.9076;1515
12;2025-11-15;12;1492;0.8907;1492
12;2025-11-15;13;1727;0.8793;1727
12;2025-11-15;14;1604;0.8785;1604
12;2025-11-15;15;1520;0.8827;1520
12;2025-11-15;16;1592;0.8814;1592
12;2025-11-15;17;1551;0.9053;1551
12;2025-11-15;18;1509;0.9065;1509
12;2025-11-15;19;1409;0.9305;1409
12;2025-11-15;20;971;0.9478;971
12;2025-11-15;21;731;0.9433;731
12;2025-11-15;22;421;0.9506;421
12;2025-11-15;23;288;0.9509;288
12;2025-11-16;0;84;1.1628;84
12;2025-11-16;1;4;1.1568;4
12;2025-11-16;2;0;1.0;0
12;2025-11-16;3;0;1.0;0
12;2025-11-16;4;3;1.1562;3
12;2025-11-16;5;148;1.1568;148
12;2025-11-16;6;510;1.1554;510
12;2025-11-16;7;631;1.1659;631
12;2025-11-16;8;699;1.1624;699
12;2025-11-16;9;892;1.1573;892
12;2025-11-16;10;1096;1.1491;1096
12;2025-11-16;11;1225;1.1396;1225
12;2025-11-16;12;1285;1.127;1285
12;2025-11-16;13;1491;1.1188;1491
12;2025-11-16;14;1442;1.1159;1442
12;2025-11-16;15;1350;1.1261;1350
12;2025-11-16;16;1409;1.1191;1409
12;2025-11-16;17;1474;1.1287;1474
12;2025-11-16;18;1250;1.1418;1250
12;2025-11-16;19;974;1.1575;974
12;2025-11-16;20;738;1.1605;738
12;2025-11-16;21;573;1.1631;573
12;2025-11-16;22;372;1.1631;372
12;2025-11-16;23;202;1.1651;202
12;2025-11-17;0;54;1.0135;54
12;2025-11-17;1;3;1.0192;3
12;2025-11-17;2;0;1.0;0
12;2025-11-17;3;0;1.0;0
12;2025-11-17;4;6;1.0033;6
12;2025-11-17;5;333;1.0093;333
12;2025-11-17;6;1413;1.0225;1413
12;2025-11-17;7;2713;1.0086;2713
12;2025-11-17;8;3596;0.9933;3596
12;2025-11-17;9;2483;0.9968;2483
12;2025-11-17;10;2027;1.0024;2027
12;2025-11-17;11;1961;0.9988;1961
12;2025-11-17;12;2024;0.9952;2024
12;2025-11-17;13;2008;0.9866;2008
12;2025-11-17;14;1990;0.9978;1990
12;2025-11-17;15;2233;0.9925;2233
12;2025-11-17;16;2704;0.9979;2704
12;2025-11-17;17;3012;1.0043;3012
12;2025-11-17;18;3169;1.0066;3169
12;2025-11-17;19;2483;1.0178;2483
12;2025-11-17;20;1555;1.008;1555
12;2025-11-17;21;944;1.0119;944
12;2025-11-17;22;490;1.0116;490
12;2025-11-17;23;250;1.0116;250
12;2025-11-18;0;54;1.0115;54
12;2025-11-18;1;3;1.0172;3
12;2025-11-18;2;0;1.0;0
12;2025-11-18;3;0;1.0;0
12;2025-11-18;4;6;0.9591;6
12;2025-11-18;5;333;0.973;333
12;2025-11-18;6;1413;0.9841;1413
12;2025-11-18;7;2713;0.9719;2713
12;2025-11-18;8;3596;0.9676;3596
12;2025-11-18;9;2483;0.9649;2483
12;2025-11-18;10;2027;0.9614;2027
12;2025-11-18;11;1961;0.9742;1961
12;2025-11-18;12;2024;0.9673;2024
12;2025-11-18;13;2008;0.9591;2008
12;2025-11-18;14;1990;0.9624;1990
12;2025-11-18;15;2233;0.9622;2233
12;2025-11-18;16;2704;0.9584;2704
12;2025-11-18;17;3012;0.9658;3012
12;2025-11-18;18;3169;0.9569;3169
12;2025-11-18;19;2483;0.9808;2483
12;2025-11-18;20;1555;0.981;1555
12;2025-11-18;21;944;0.9868;944
12;2025-11-18;22;490;0.9891;490
12;2025-11-18;23;250;0.9891;250
12;2025-11-19;0;54;1.0102;54
12;2025-11-19;1;3;1.0205;3
12;2025-11-19;2;0;1.0;0
12;2025-11-19;3;0;1.0;0
12;2025-11-19;4;6;1.0131;6
12;2025-11-19;5;333;1.0346;333
12;2025-11-19;6;1413;1.0402;1413
12;2025-11-19;7;2713;1.0177;2713
12;2025-11-19;8;3596;1.0055;3596
12;2025-11-19;9;2483;1.0265;2483
12;2025-11-19;10;2027;1.0243;2027
12;2025-11-19;11;1961;1.0258;1961
12;2025-11-19;12;2024;1.0299;2024
12;2025-11-19;13;2008;1.0315;2008
12;2025-11-19;14;1990;1.0324;1990
12;2025-11-19;15;2233;1.0214;2233
12;2025-11-19;16;2704;1.0089;2704
12;2025-11-19;17;3012;1.0116;3012
12;2025-11-19;18;3169;1.0025;3169
12;2025-11-19;19;2483;1.0292;2483
12;2025-11-19;20;1555;1.0273;1555
12;2025-11-19;21;944;1.0298;944
12;2025-11-19;22;490;1.0314;490
12;2025-11-19;23;250;1.0204;250
12;2025-11-20;0;54;1.031;54
12;2025-11-20;1;3;1.0396;3
12;2025-11-20;2;0;1.0;0
12;2025-11-20;3;0;1.0;0
12;2025-11-20;4;6;1.0322;6
12;2025-11-20;5;333;1.0396;333
12;2025-11-20;6;1413;1.0425;1413
12;2025-11-20;7;2713;1.0177;2713
12;2025-11-20;8;3596;1.005;3596
12;2025-11-20;9;2483;1.0265;2483
12;2025-11-20;10;2027;1.0323;2027
12;2025-11-20;11;1961;1.0341;1961
12;2025-11-20;12;2024;1.0285;2024
12;2025-11-20;13;2008;1.0288;2008
12;2025-11-20;14;1990;1.0315;1990
12;2025-11-20;15;2233;1.0199;2233
12;2025-11-20;16;2704;1.0078;2704
12;2025-11-20;17;3012;1.0116;3012
12;2025-11-20;18;3169;0.9987;3169
12;2025-11-20;19;2483;1.0254;2483
12;2025-11-20;20;1555;1.0234;1555
12;2025-11-20;21;944;1.024;944
12;2025-11-20;22;490;1.0259;490
12;2025-11-20;23;250;1.0245;250
12;2025-11-21;0;56;1.0029;56
12;2025-11-21;1;1;1.0103;1
12;2025-11-21;2;0;1.0;0
12;2025-11-21;3;0;1.0;0
12;2025-11-21;4;6;1.0177;6
12;2025-11-21;5;331;1.0092;331
12;2025-11-21;6;1394;1.0204;1394
12;2025-11-21;7;2702;0.9991;2702
12;2025-11-21;8;3428;0.9863;3428
12;2025-11-21;9;2416;1.0037;2416
12;2025-11-21;10;1932;1.016;1932
12;2025-11-21;11;1944;1.0129;1944
12;2025-11-21;12;2002;1.0105;2002
12;2025-11-21;13;2075;1.0064;2075
12;2025-11-21;14;2060;1.0076;2060
12;2025-11-21;15;2349;1.0116;2349
12;2025-11-21;16;2986;0.9874;2986
12;2025-11-21;17;2974;0.9889;2974
12;2025-11-21;18;2577;0.9854;2577
12;2025-11-21;19;2205;0.9916;2205
12;2025-11-21;20;1456;1.0075;1456
12;2025-11-21;21;1003;1.0013;1003
12;2025-11-21;22;529;1.0115;529
12;2025-11-21;23;313;1.0045;313
12;2025-11-22;0;78;1.0408;78
12;2025-11-22;1;3;1.0408;3
12;2025-11-22;2;0;1.0;0
12;2025-11-22;3;0;1.0;0
12;2025-11-22;4;3;1.0131;3
12;2025-11-22;5;235;1.0235;235
12;2025-11-22;6;820;1.0344;820
12;2025-11-22;7;899;1.0334;899
12;2025-11-22;8;1012;1.0288;1012
12;2025-11-22;9;1196;1.0133;1196
12;2025-11-22;10;1411;1.0213;1411
12;2025-11-22;11;1515;1.0095;1515
12;2025-11-22;12;1492;1.001;1492
12;2025-11-22;13;1727;0.9909;1727
12;2025-11-22;14;1604;0.9882;1604
12;2025-11-22;15;1520;0.9927;1520
12;2025-11-22;16;1592;0.9908;1592
12;2025-11-22;17;1551;1.0068;1551
12;2025-11-22;18;1509;1.0128;1509
12;2025-11-22;19;1409;1.0345;1409
12;2025-11-22;20;971;1.0457;971
12;2025-11-22;21;731;1.0118;731
12;2025-11-22;22;421;1.0298;421
12;2025-11-22;23;288;1.0136;288
12;2025-11-23;0;84;1.1792;84
12;2025-11-23;1;4;1.1882;4
12;2025-11-23;2;0;1.0;0
12;2025-11-23;3;0;1.0;0
12;2025-11-23;4;3;1.1822;3
12;2025-11-23;5;148;1.1882;148
12;2025-11-23;6;510;1.181;510
12;2025-11-23;7;631;1.1928;631
12;2025-11-23;8;699;1.1878;699
12;2025-11-23;9;892;1.1856;892
12;2025-11-23;10;1096;1.1744;1096
12;2025-11-23;11;1225;1.1636;1225
12;2025-11-23;12;1285;1.1517;1285
12;2025-11-23;13;1491;1.1438;1491
12;2025-11-23;14;1442;1.1408;1442
12;2025-11-23;15;1350;1.15;1350
12;2025-11-23;16;1409;1.1438;1409
12;2025-11-23;17;1474;1.158;1474
12;2025-11-23;18;1250;1.1723;1250
12;2025-11-23;19;974;1.1816;974
12;2025-11-23;20;738;1.1834;738
12;2025-11-23;21;573;1.186;573
12;2025-11-23;22;372;1.1822;372
12;2025-11-23;23;202;1.1888;202
12;2025-11-24;0;54;0.9805;54
12;2025-11-24;1;3;0.9985;3
12;2025-11-24;2;0;1.0;0
12;2025-11-24;3;0;1.0;0
12;2025-11-24;4;6;0.9856;6
12;2025-11-24;5;333;0.9879;333
12;2025-11-24;6;1413;0.9943;1413
12;2025-11-24;7;2713;0.9792;2713
12;2025-11-24;8;3596;0.9778;3596
12;2025-11-24;9;2483;0.9852;2483
12;2025-11-24;10;2027;0.9898;2027
12;2025-11-24;11;1961;0.9869;1961
12;2025-11-24;12;2024;0.985;2024
12;2025-11-24;13;2008;0.9804;2008
12;2025-11-24;14;1990;0.9796;1990
12;2025-11-24;15;2233;0.9834;2233
12;2025-11-24;16;2704;0.9575;2704
12;2025-11-24;17;3012;0.9685;3012
12;2025-11-24;18;3169;0.9696;3169
12;2025-11-24;19;2483;0.992;2483
12;2025-11-24;20;1555;0.9787;1555
12;2025-11-24;21;944;0.9812;944
12;2025-11-24;22;490;0.9823;490
12;2025-11-24;23;250;0.9823;250
12;2025-11-25;0;54;1.0084;54
12;2025-11-25;1;3;1.0246;3
12;2025-11-25;2;0;1.0;0
12;2025-11-25;3;0;1.0;0
12;2025-11-25;4;6;1.0273;6
12;2025-11-25;5;333;1.035;333
12;2025-11-25;6;1413;1.0379;1413
12;2025-11-25;7;2713;1.0126;2713
12;2025-11-25;8;3596;1.0032;3596
12;2025-11-25;9;2483;1.021;2483
12;2025-11-25;10;2027;1.0286;2027
12;2025-11-25;11;1961;1.032;1961
12;2025-11-25;12;2024;1.0254;2024
12;2025-11-25;13;2008;1.0277;2008
12;2025-11-25;14;1990;1.0286;1990
12;2025-11-25;15;2233;1.0157;2233
12;2025-11-25;16;2704;1.0025;2704
12;2025-11-25;17;3012;1.0064;3012
12;2025-11-25;18;3169;0.999;3169
12;2025-11-25;19;2483;1.0315;2483
12;2025-11-25;20;1555;1.0249;1555
12;2025-11-25;21;944;1.0274;944
12;2025-11-25;22;490;1.0293;490
12;2025-11-25;23;250;1.0293;250
12;2025-11-26;0;54;1.0221;54
12;2025-11-26;1;3;1.0337;3
12;2025-11-26;2;0;1.0;0
12;2025-11-26;3;0;1.0;0
12;2025-11-26;4;6;1.0253;6
12;2025-11-26;5;333;1.0365;333
12;2025-11-26;6;1413;1.0356;1413
12;2025-11-26;7;2713;1.0207;2713
12;2025-11-26;8;3596;1.0138;3596
12;2025-11-26;9;2483;1.0237;2483
12;2025-11-26;10;2027;1.0299;2027
12;2025-11-26;11;1961;1.0254;1961
12;2025-11-26;12;2024;1.0153;2024
12;2025-11-26;13;2008;1.0225;2008
12;2025-11-26;14;1990;1.0249;1990
12;2025-11-26;15;2233;1.0153;2233
12;2025-11-26;16;2704;1.0049;2704
12;2025-11-26;17;3012;1.0104;3012
12;2025-11-26;18;3169;1.0;3169
12;2025-11-26;19;2483;1.0258;2483
12;2025-11-26;20;1555;1.0149;1555
12;2025-11-26;21;944;1.0206;944
12;2025-11-26;22;490;1.022;490
12;2025-11-26;23;250;1.0184;250
12;2025-11-27;0;54;1.0258;54
12;2025-11-27;1;3;1.042;3
12;2025-11-27;2;0;1.0;0
12;2025-11-27;3;0;1.0;0
12;2025-11-27;4;6;1.0312;6
12;2025-11-27;5;333;1.042;333
12;2025-11-27;6;1413;1.0396;1413
12;2025-11-27;7;2713;1.0219;2713
12;2025-11-27;8;3596;1.013;3596
12;2025-11-27;9;2483;1.0288;2483
12;2025-11-27;10;2027;1.0346;2027
12;2025-11-27;11;1961;1.0264;1961
12;2025-11-27;12;2024;1.0213;2024
12;2025-11-27;13;2008;1.0201;2008
12;2025-11-27;14;1990;1.0218;1990
12;2025-11-27;15;2233;1.0204;2233
12;2025-11-27;16;2704;1.01;2704
12;2025-11-27;17;3012;1.0153;3012
12;2025-11-27;18;3169;1.0047;3169
12;2025-11-27;19;2483;1.0263;2483
12;2025-11-27;20;1555;1.0172;1555
12;2025-11-27;21;944;1.0191;944
12;2025-11-27;22;490;1.021;490
12;2025-11-27;23;250;1.0101;250
12;2025-11-28;0;56;1.0239;56
12;2025-11-28;1;1;1.0377;1
12;2025-11-28;2;0;1.0;0
12;2025-11-28;3;0;1.0;0
12;2025-11-28;4;6;1.0379;6
12;2025-11-28;5;331;1.0237;331
12;2025-11-28;6;1394;1.0323;1394
12;2025-11-28;7;2702;1.0136;2702
12;2025-11-28;8;3428;1.0015;3428
12;2025-11-28;9;2416;1.0167;2416
12;2025-11-28;10;1932;1.0292;1932
12;2025-11-28;11;1944;1.0261;1944
12;2025-11-28;12;2002;1.0252;2002
12;2025-11-28;13;2075;1.0205;2075
12;2025-11-28;14;2060;1.0218;2060
12;2025-11-28;15;2349;1.0344;2349
12;2025-11-28;16;2986;1.0028;2986
12;2025-11-28;17;2974;1.0044;2974
12;2025-11-28;18;2577;0.9999;2577
12;2025-11-28;19;2205;1.0038;2205
12;2025-11-28;20;1456;1.0286;1456
12;2025-11-28;21;1003;1.0143;1003
12;2025-11-28;22;529;1.0329;529
12;2025-11-28;23;313;1.0175;313
12;2025-11-29;0;78;1.0919;78
12;2025-11-29;1;3;1.0919;3
12;2025-11-29;2;0;1.0;0
12;2025-11-29;3;0;1.0;0
12;2025-11-29;4;3;1.0917;3
12;2025-11-29;5;235;1.0919;235
12;2025-11-29;6;820;1.105;820
12;2025-11-29;7;899;1.0861;899
12;2025-11-29;8;1012;1.0845;1012
12;2025-11-29;9;1196;1.0712;1196
12;2025-11-29;10;1411;1.0648;1411
12;2025-11-29;11;1515;1.0566;1515
12;2025-11-29;12;1492;1.054;1492
12;2025-11-29;13;1727;1.0416;1727
12;2025-11-29;14;1604;1.0416;1604
12;2025-11-29;15;1520;1.0442;1520
12;2025-11-29;16;1592;1.0457;1592
12;2025-11-29;17;1551;1.0576;1551
12;2025-11-29;18;1509;1.0635;1509
12;2025-11-29;19;1409;1.0827;1409
12;2025-11-29;20;971;1.0907;971
12;2025-11-29;21;731;1.0771;731
12;2025-11-29;22;421;1.0933;421
12;2025-11-29;23;288;1.0785;288
12;2025-11-30;0;84;1.219;84
12;2025-11-30;1;4;1.2338;4
12;2025-11-30;2;0;1.0;0
12;2025-11-30;3;0;1.0;0
12;2025-11-30;4;3;1.2175;3
12;2025-11-30;5;148;1.2338;148
12;2025-11-30;6;510;1.2163;510
12;2025-11-30;7;631;1.2271;631
12;2025-11-30;8;699;1.2247;699
12;2025-11-30;9;892;1.2255;892
12;2025-11-30;10;1096;1.2143;1096
12;2025-11-30;11;1225;1.206;1225
12;2025-11-30;12;1285;1.1996;1285
12;2025-11-30;13;1491;1.1922;1491
12;2025-11-30;14;1442;1.1903;1442
12;2025-11-30;15;1350;1.1964;1350
12;2025-11-30;16;1409;1.1912;1409
12;2025-11-30;17;1474;1.2015;1474
12;2025-11-30;18;1250;1.211;1250
12;2025-11-30;19;974;1.2179;974
12;2025-11-30;20;738;1.2182;738
12;2025-11-30;21;573;1.2208;573
12;2025-11-30;22;372;1.2223;372
12;2025-11-30;23;202;1.2383;202
12;2025-12-01;0;54;0.9721;54
12;2025-12-01;1;3;0.9922;3
12;2025-12-01;2;0;1.0;0
12;2025-12-01;3;0;1.0;0
12;2025-12-01;4;6;0.9658;6
12;2025-12-01;5;333;0.9844;333
12;2025-12-01;6;1413;0.9739;1413
12;2025-12-01;7;2713;0.9481;2713
12;2025-12-01;8;3596;0.943;3596
12;2025-12-01;9;2483;0.958;2483
12;2025-12-01;10;2027;0.9523;2027
12;2025-12-01;11;1961;0.9597;1961
12;2025-12-01;12;2024;0.947;2024
12;2025-12-01;13;2008;0.9486;2008
12;2025-12-01;14;1990;0.9538;1990
12;2025-12-01;15;2233;0.9441;2233
12;2025-12-01;16;2704;0.9433;2704
12;2025-12-01;17;3012;0.9464;3012
12;2025-12-01;18;3169;0.9419;3169
12;2025-12-01;19;2483;0.9684;2483
12;2025-12-01;20;1555;0.9541;1555
12;2025-12-01;21;944;0.9568;944
12;2025-12-01;22;490;0.9586;490
12;2025-12-01;23;250;0.9634;250
12;2025-12-02;0;54;0.9926;54
12;2025-12-02;1;3;1.0133;3
12;2025-12-02;2;0;1.0;0
12;2025-12-02;3;0;1.0;0
12;2025-12-02;4;6;0.9965;6
12;2025-12-02;5;333;1.0148;333
12;2025-12-02;6;1413;1.0045;1413
12;2025-12-02;7;2713;0.9822;2713
12;2025-12-02;8;3596;0.9735;3596
12;2025-12-02;9;2483;0.9896;2483
12;2025-12-02;10;2027;0.9964;2027
12;2025-12-02;11;1961;0.9986;1961
12;2025-12-02;12;2024;0.9931;2024
12;2025-12-02;13;2008;0.9935;2008
12;2025-12-02;14;1990;0.9953;1990
12;2025-12-02;15;2233;0.984;2233
12;2025-12-02;16;2704;0.9733;2704
12;2025-12-02;17;3012;0.977;3012
12;2025-12-02;18;3169;0.9686;3169
12;2025-12-02;19;2483;1.0045;2483
12;2025-12-02;20;1555;0.9898;1555
12;2025-12-02;21;944;0.9923;944
12;2025-12-02;22;490;0.9941;490
12;2025-12-02;23;250;0.9941;250
12;2025-12-03;0;54;0.9994;54
12;2025-12-03;1;3;1.0195;3
12;2025-12-03;2;0;1.0;0
12;2025-12-03;3;0;1.0;0
12;2025-12-03;4;6;1.0002;6
12;2025-12-03;5;333;1.0195;333
12;2025-12-03;6;1413;1.0078;1413
12;2025-12-03;7;2713;0.9864;2713
12;2025-12-03;8;3596;0.9743;3596
12;2025-12-03;9;2483;0.9937;2483
12;2025-12-03;10;2027;1.0011;2027
12;2025-12-03;11;1961;1.0041;1961
12;2025-12-03;12;2024;0.9985;2024
12;2025-12-03;13;2008;0.9989;2008
12;2025-12-03;14;1990;1.0007;1990
12;2025-12-03;15;2233;0.9877;2233
12;2025-12-03;16;2704;0.9771;2704
12;2025-12-03;17;3012;0.9807;3012
12;2025-12-03;18;3169;0.9712;3169
12;2025-12-03;19;2483;1.0082;2483
12;2025-12-03;20;1555;0.9935;1555
12;2025-12-03;21;944;0.996;944
12;2025-12-03;22;490;0.9978;490
12;2025-12-03;23;250;0.9978;250
12;2025-12-04;0;54;1.0022;54
12;2025-12-04;1;3;1.0207;3
12;2025-12-04;2;0;1.0;0
12;2025-12-04;3;0;1.0;0
12;2025-12-04;4;6;1.0029;6
12;2025-12-04;5;333;1.0232;333
12;2025-12-04;6;1413;1.0115;1413
12;2025-12-04;7;2713;0.9895;2713
12;2025-12-04;8;3596;0.9777;3596
12;2025-12-04;9;2483;0.9972;2483
12;2025-12-04;10;2027;1.0037;2027
12;2025-12-04;11;1961;1.0064;1961
12;2025-12-04;12;2024;1.0009;2024
12;2025-12-04;13;2008;1.0013;2008
12;2025-12-04;14;1990;1.0031;1990
12;2025-12-04;15;2233;0.9918;2233
12;2025-12-04;16;2704;0.9806;2704
12;2025-12-04;17;3012;0.9842;3012
12;2025-12-04;18;3169;0.9715;3169
12;2025-12-04;19;2483;1.0088;2483
12;2025-12-04;20;1555;0.9928;1555
12;2025-12-04;21;944;0.9953;944
12;2025-12-04;22;490;0.9972;490
12;2025-12-04;23;250;0.9972;250
12;2025-12-05;0;56;1.0181;56
12;2025-12-05;1;1;1.0367;1
12;2025-12-05;2;0;1.0;0
12;2025-12-05;3;0;1.0;0
12;2025-12-05;4;6;1.0367;6
12;2025-12-05;5;331;1.0166;331
12;2025-12-05;6;1394;1.0248;1394
12;2025-12-05;7;2702;1.0039;2702
12;2025-12-05;8;3428;0.9947;3428
12;2025-12-05;9;2416;1.0076;2416
12;2025-12-05;10;1932;1.0202;1932
12;2025-12-05;11;1944;1.0189;1944
12;2025-12-05;12;2002;1.0155;2002
12;2025-12-05;13;2075;1.0119;2075
12;2025-12-05;14;2060;1.0132;2060
12;2025-12-05;15;2349;1.0332;2349
12;2025-12-05;16;2986;0.9938;2986
12;2025-12-05;17;2974;0.9962;2974
12;2025-12-05;18;2577;0.9905;2577
12;2025-12-05;19;2205;0.9964;2205
12;2025-12-05;20;1456;1.0266;1456
12;2025-12-05;21;1003;1.0059;1003
12;2025-12-05;22;529;1.0306;529
12;2025-12-05;23;313;1.0092;313
12;2025-12-06;0;78;1.0782;78
12;2025-12-06;1;3;1.0782;3
12;2025-12-06;2;0;1.0;0
12;2025-12-06;3;0;1.0;0
12;2025-12-06;4;3;1.0782;3
12;2025-12-06;5;235;1.0797;235
12;2025-12-06;6;820;1.092;820
12;2025-12-06;7;899;1.0722;899
12;2025-12-06;8;1012;1.0706;1012
12;2025-12-06;9;1196;1.0551;1196
12;2025-12-06;10;1411;1.0483;1411
12;2025-12-06;11;1515;1.0372;1515
12;2025-12-06;12;1492;1.0316;1492
12;2025-12-06;13;1727;1.0222;1727
12;2025-12-06;14;1604;1.0219;1604
12;2025-12-06;15;1520;1.0267;1520
12;2025-12-06;16;1592;1.0258;1592
12;2025-12-06;17;1551;1.0389;1551
12;2025-12-06;18;1509;1.0422;1509
12;2025-12-06;19;1409;1.0631;1409
12;2025-12-06;20;971;1.0772;971
12;2025-12-06;21;731;1.063;731
12;2025-12-06;22;421;1.0724;421
12;2025-12-06;23;288;1.0576;288
12;2025-12-07;0;84;1.211;84
12;2025-12-07;1;4;1.211;4
12;2025-12-07;2;0;1.0;0
12;2025-12-07;3;0;1.0;0
12;2025-12-07;4;3;1.1952;3
12;2025-12-07;5;148;1.2116;148
12;2025-12-07;6;510;1.194;510
12;2025-12-07;7;631;1.2049;631
12;2025-12-07;8;699;1.2009;699
12;2025-12-07;9;892;1.2002;892
12;2025-12-07;10;1096;1.1846;1096
12;2025-12-07;11;1225;1.1731;1225
12;2025-12-07;12;1285;1.1639;1285
12;2025-12-07;13;1491;1.157;1491
12;2025-12-07;14;1442;1.1554;1442
12;2025-12-07;15;1350;1.1672;1350
12;2025-12-07;16;1409;1.1578;1409
12;2025-12-07;17;1474;1.1695;1474
12;2025-12-07;18;1250;1.1831;1250
12;2025-12-07;19;974;1.1921;974
12;2025-12-07;20;738;1.1951;738
12;2025-12-07;21;573;1.1977;573
12;2025-12-07;22;372;1.1977;372
12;2025-12-07;23;202;1.2137;202
12;2025-12-08;0;54;1.0077;54
12;2025-12-08;1;3;1.0278;3
12;2025-12-08;2;0;1.0;0
12;2025-12-08;3;0;1.0;0
12;2025-12-08;4;6;1.0141;6
12;2025-12-08;5;333;1.0334;333
12;2025-12-08;6;1413;1.0228;1413
12;2025-12-08;7;2713;1.0112;2713
12;2025-12-08;8;3596;1.006;3596
12;2025-12-08;9;2483;1.0091;2483
12;2025-12-08;10;2027;1.0118;2027
12;2025-12-08;11;1961;1.0119;1961
12;2025-12-08;12;2024;1.0073;2024
12;2025-12-08;13;2008;1.006;2008
12;2025-12-08;14;1990;1.0076;1990
12;2025-12-08;15;2233;0.999;2233
12;2025-12-08;16;2704;0.9962;2704
12;2025-12-08;17;3012;1.0048;3012
12;2025-12-08;18;3169;0.9955;3169
12;2025-12-08;19;2483;1.0229;2483
12;2025-12-08;20;1555;1.0029;1555
12;2025-12-08;21;944;1.0059;944
12;2025-12-08;22;490;1.007;490
12;2025-12-08;23;250;1.007;250
12;2025-12-09;0;54;1.02;54
12;2025-12-09;1;3;1.0433;3
12;2025-12-09;2;0;1.0;0
12;2025-12-09;3;0;1.0;0
12;2025-12-09;4;6;1.0208;6
12;2025-12-09;5;333;1.0354;333
12;2025-12-09;6;1413;1.0229;1413
12;2025-12-09;7;2713;0.9679;2713
12;2025-12-09;8;3596;0.9702;3596
12;2025-12-09;9;2483;0.9927;2483
12;2025-12-09;10;2027;1.0047;2027
12;2025-12-09;11;1961;1.0034;1961
12;2025-12-09;12;2024;0.9897;2024
12;2025-12-09;13;2008;0.9908;2008
12;2025-12-09;14;1990;0.994;1990
12;2025-12-09;15;2233;0.9857;2233
12;2025-12-09;16;2704;0.9803;2704
12;2025-12-09;17;3012;0.965;3012
12;2025-12-09;18;3169;0.9653;3169
12;2025-12-09;19;2483;1.0215;2483
12;2025-12-09;20;1555;1.0031;1555
12;2025-12-09;21;944;1.0043;944
12;2025-12-09;22;490;1.0104;490
12;2025-12-09;23;250;1.0123;250
12;2025-12-10;0;54;1.0242;54
12;2025-12-10;1;3;1.0419;3
12;2025-12-10;2;0;1.0;0
12;2025-12-10;3;0;1.0;0
12;2025-12-10;4;6;1.0264;6
12;2025-12-10;5;333;1.0439;333
12;2025-12-10;6;1413;1.0355;1413
12;2025-12-10;7;2713;1.0116;2713
12;2025-12-10;8;3596;0.9994;3596
12;2025-12-10;9;2483;1.023;2483
12;2025-12-10;10;2027;1.0312;2027
12;2025-12-10;11;1961;1.0318;1961
12;2025-12-10;12;2024;1.0267;2024
12;2025-12-10;13;2008;1.0264;2008
12;2025-12-10;14;1990;1.027;1990
12;2025-12-10;15;2233;1.0165;2233
12;2025-12-10;16;2704;0.9996;2704
12;2025-12-10;17;3012;1.0042;3012
12;2025-12-10;18;3169;0.9946;3169
12;2025-12-10;19;2483;1.0356;2483
12;2025-12-10;20;1555;1.0251;1555
12;2025-12-10;21;944;1.0269;944
12;2025-12-10;22;490;1.0288;490
12;2025-12-10;23;250;1.0288;250
12;2025-12-11;0;54;1.0321;54
12;2025-12-11;1;3;1.0507;3
12;2025-12-11;2;0;1.0;0
12;2025-12-11;3;0;1.0;0
12;2025-12-11;4;6;1.0331;6
12;2025-12-11;5;333;1.0499;333
12;2025-12-11;6;1413;1.0342;1413
12;2025-12-11;7;2713;0.9991;2713
12;2025-12-11;8;3596;1.0001;3596
12;2025-12-11;9;2483;1.0097;2483
12;2025-12-11;10;2027;1.0206;2027
12;2025-12-11;11;1961;1.0106;1961
12;2025-12-11;12;2024;1.0063;2024
12;2025-12-11;13;2008;1.0135;2008
12;2025-12-11;14;1990;1.0123;1990
12;2025-12-11;15;2233;1.0159;2233
12;2025-12-11;16;2704;1.0085;2704
12;2025-12-11;17;3012;1.0172;3012
12;2025-12-11;18;3169;1.005;3169
12;2025-12-11;19;2483;1.0355;2483
12;2025-12-11;20;1555;1.0182;1555
12;2025-12-11;21;944;1.0202;944
12;2025-12-11;22;490;1.0239;490
12;2025-12-11;23;250;1.0234;250
12;2025-12-12;0;56;1.0134;56
12;2025-12-12;1;1;1.031;1
12;2025-12-12;2;0;1.0;0
12;2025-12-12;3;0;1.0;0
12;2025-12-12;4;6;1.0311;6
12;2025-12-12;5;331;1.0062;331
12;2025-12-12;6;1394;1.0185;1394
12;2025-12-12;7;2702;0.9942;2702
12;2025-12-12;8;3428;0.9865;3428
12;2025-12-12;9;2416;1.0068;2416
12;2025-12-12;10;1932;1.0172;1932
12;2025-12-12;11;1944;1.0128;1944
12;2025-12-12;12;2002;1.004;2002
12;2025-12-12;13;2075;1.0041;2075
12;2025-12-12;14;2060;1.0037;2060
12;2025-12-12;15;2349;1.0165;2349
12;2025-12-12;16;2986;0.9559;2986
12;2025-12-12;17;2974;0.9534;2974
12;2025-12-12;18;2577;0.9531;2577
12;2025-12-12;19;2205;0.9778;2205
12;2025-12-12;20;1456;1.0034;1456
12;2025-12-12;21;1003;0.9836;1003
12;2025-12-12;22;529;1.0058;529
12;2025-12-12;23;313;0.9852;313
12;2025-12-13;0;78;1.0197;78
12;2025-12-13;1;3;1.0146;3
12;2025-12-13;2;0;1.0;0
12;2025-12-13;3;0;1.0;0
12;2025-12-13;4;3;1.0146;3
12;2025-12-13;5;235;1.0228;235
12;2025-12-13;6;820;1.0401;820
12;2025-12-13;7;899;1.0134;899
12;2025-12-13;8;1012;1.0177;1012
12;2025-12-13;9;1196;0.9997;1196
12;2025-12-13;10;1411;0.9862;1411
12;2025-12-13;11;1515;0.963;1515
12;2025-12-13;12;1492;0.9481;1492
12;2025-12-13;13;1727;0.9274;1727
12;2025-12-13;14;1604;0.9228;1604
12;2025-12-13;15;1520;0.9359;1520
12;2025-12-13;16;1592;0.9352;1592
12;2025-12-13;17;1551;0.953;1551
12;2025-12-13;18;1509;0.9599;1509
12;2025-12-13;19;1409;1.0116;1409
12;2025-12-13;20;971;1.0268;971
12;2025-12-13;21;731;0.9983;731
12;2025-12-13;22;421;1.0355;421
12;2025-12-13;23;288;1.0077;288
12;2025-12-14;0;84;1.1375;84
12;2025-12-14;1;4;1.1375;4
12;2025-12-14;2;0;1.0;0
12;2025-12-14;3;0;1.0;0
12;2025-12-14;4;3;1.1253;3
12;2025-12-14;5;148;1.155;148
12;2025-12-14;6;510;1.1407;510
12;2025-12-14;7;631;1.1502;631
12;2025-12-14;8;699;1.1374;699
12;2025-12-14;9;892;1.1308;892
12;2025-12-14;10;1096;1.1172;1096
12;2025-12-14;11;1225;1.1178;1225
12;2025-12-14;12;1285;1.0612;1285
12;2025-12-14;13;1491;1.0531;1491
12;2025-12-14;14;1442;1.0525;1442
12;2025-12-14;15;1350;1.0578;1350
12;2025-12-14;16;1409;1.0963;1409
12;2025-12-14;17;1474;1.1111;1474
12;2025-12-14;18;1250;1.1238;1250
12;2025-12-14;19;974;1.1406;974
12;2025-12-14;20;738;1.1435;738
12;2025-12-14;21;573;1.1449;573
12;2025-12-14;22;372;1.1467;372
12;2025-12-14;23;202;1.1712;202
12;2025-12-15;0;54;0.9863;54
12;2025-12-15;1;3;1.0019;3
12;2025-12-15;2;0;1.0;0
12;2025-12-15;3;0;1.0;0
12;2025-12-15;4;6;0.9785;6
12;2025-12-15;5;333;0.996;333
12;2025-12-15;6;1413;0.9879;1413
12;2025-12-15;7;2713;0.9741;2713
12;2025-12-15;8;3596;0.9692;3596
12;2025-12-15;9;2483;0.9773;2483
12;2025-12-15;10;2027;0.9801;2027
12;2025-12-15;11;1961;0.9815;1961
12;2025-12-15;12;2024;0.9763;2024
12;2025-12-15;13;2008;0.9747;2008
12;2025-12-15;14;1990;0.9735;1990
12;2025-12-15;15;2233;0.9656;2233
12;2025-12-15;16;2704;0.9617;2704
12;2025-12-15;17;3012;0.9713;3012
12;2025-12-15;18;3169;0.9703;3169
12;2025-12-15;19;2483;0.996;2483
12;2025-12-15;20;1555;0.9816;1555
12;2025-12-15;21;944;0.9823;944
12;2025-12-15;22;490;0.9849;490
12;2025-12-15;23;250;0.9849;250
12;2025-12-16;0;54;1.0272;54
12;2025-12-16;1;3;1.0448;3
12;2025-12-16;2;0;1.0;0
12;2025-12-16;3;0;1.0;0
12;2025-12-16;4;6;1.0276;6
12;2025-12-16;5;333;1.0445;333
12;2025-12-16;6;1413;1.0364;1413
12;2025-12-16;7;2713;1.014;2713
12;2025-12-16;8;3596;1.0049;3596
12;2025-12-16;9;2483;1.0344;2483
12;2025-12-16;10;2027;1.0437;2027
12;2025-12-16;11;1961;1.0326;1961
12;2025-12-16;12;2024;1.0309;2024
12;2025-12-16;13;2008;1.0307;2008
12;2025-12-16;14;1990;1.0344;1990
12;2025-12-16;15;2233;1.0283;2233
12;2025-12-16;16;2704;1.0152;2704
12;2025-12-16;17;3012;1.0193;3012
12;2025-12-16;18;3169;0.9985;3169
12;2025-12-16;19;2483;1.0423;2483
12;2025-12-16;20;1555;1.026;1555
12;2025-12-16;21;944;1.0338;944
12;2025-12-16;22;490;1.0348;490
12;2025-12-16;23;250;1.0349;250
12;2025-12-17;0;54;1.037;54
12;2025-12-17;1;3;1.0566;3
12;2025-12-17;2;0;1.0;0
12;2025-12-17;3;0;1.0;0
12;2025-12-17;4;6;1.0373;6
12;2025-12-17;5;333;1.0566;333
12;2025-12-17;6;1413;1.0479;1413
12;2025-12-17;7;2713;1.0261;2713
12;2025-12-17;8;3596;1.0139;3596
12;2025-12-17;9;2483;1.0349;2483
12;2025-12-17;10;2027;1.0449;2027
12;2025-12-17;11;1961;1.0438;1961
12;2025-12-17;12;2024;1.04;2024
12;2025-12-17;13;2008;1.0404;2008
12;2025-12-17;14;1990;1.0405;1990
12;2025-12-17;15;2233;1.0314;2233
12;2025-12-17;16;2704;1.0156;2704
12;2025-12-17;17;3012;1.0183;3012
12;2025-12-17;18;3169;1.0092;3169
12;2025-12-17;19;2483;1.0493;2483
12;2025-12-17;20;1555;1.0336;1555
12;2025-12-17;21;944;1.0361;944
12;2025-12-17;22;490;1.0379;490
12;2025-12-17;23;250;1.0379;250
12;2025-12-18;0;54;1.0414;54
12;2025-12-18;1;3;1.0602;3
12;2025-12-18;2;0;1.0;0
12;2025-12-18;3;0;1.0;0
12;2025-12-18;4;6;1.0394;6
12;2025-12-18;5;333;1.0587;333
12;2025-12-18;6;1413;1.05;1413
12;2025-12-18;7;2713;1.0264;2713
12;2025-12-18;8;3596;1.0142;3596
12;2025-12-18;9;2483;1.0352;2483
12;2025-12-18;10;2027;1.0347;2027
12;2025-12-18;11;1961;1.0233;1961
12;2025-12-18;12;2024;1.0305;2024
12;2025-12-18;13;2008;1.04;2008
12;2025-12-18;14;1990;1.0401;1990
12;2025-12-18;15;2233;1.0321;2233
12;2025-12-18;16;2704;1.0181;2704
12;2025-12-18;17;3012;1.0195;3012
12;2025-12-18;18;3169;1.0059;3169
12;2025-12-18;19;2483;1.046;2483
12;2025-12-18;20;1555;1.029;1555
12;2025-12-18;21;944;1.0327;944
12;2025-12-18;22;490;1.0333;490
12;2025-12-18;23;250;1.0333;250
12;2025-12-19;0;56;1.0147;56
12;2025-12-19;1;1;1.0326;1
12;2025-12-19;2;0;1.0;0
12;2025-12-19;3;0;1.0;0
12;2025-12-19;4;6;1.0326;6
12;2025-12-19;5;331;1.0141;331
12;2025-12-19;6;1394;1.0224;1394
12;2025-12-19;7;2702;0.9978;2702
12;2025-12-19;8;3428;0.9863;3428
12;2025-12-19;9;2416;1.0053;2416
12;2025-12-19;10;1932;1.018;1932
12;2025-12-19;11;1944;1.0149;1944
12;2025-12-19;12;2002;1.013;2002
12;2025-12-19;13;2075;1.0097;2075
12;2025-12-19;14;2060;1.0119;2060
12;2025-12-19;15;2349;1.0277;2349
12;2025-12-19;16;2986;0.9885;2986
12;2025-12-19;17;2974;0.9915;2974
12;2025-12-19;18;2577;0.9861;2577
12;2025-12-19;19;2205;0.9939;2205
12;2025-12-19;20;1456;1.0214;1456
12;2025-12-19;21;1003;1.0033;1003
12;2025-12-19;22;529;1.0254;529
12;2025-12-19;23;313;1.0065;313
12;2025-12-20;0;78;1.0928;78
12;2025-12-20;1;3;1.0928;3
12;2025-12-20;2;0;1.0;0
12;2025-12-20;3;0;1.0;0
12;2025-12-20;4;3;1.0928;3
12;2025-12-20;5;235;1.0928;235
12;2025-12-20;6;820;1.104;820
12;2025-12-20;7;899;1.0866;899
12;2025-12-20;8;1012;1.085;1012
12;2025-12-20;9;1196;1.0668;1196
12;2025-12-20;10;1411;1.064;1411
12;2025-12-20;11;1515;1.0512;1515
12;2025-12-20;12;1492;1.0481;1492
12;2025-12-20;13;1727;1.0404;1727
12;2025-12-20;14;1604;1.0359;1604
12;2025-12-20;15;1520;1.0424;1520
12;2025-12-20;16;1592;1.0393;1592
12;2025-12-20;17;1551;1.0508;1551
12;2025-12-20;18;1509;1.054;1509
12;2025-12-20;19;1409;1.0766;1409
12;2025-12-20;20;971;1.0768;971
12;2025-12-20;21;731;1.061;731
12;2025-12-20;22;421;1.0871;421
12;2025-12-20;23;288;1.0723;288
12;2025-12-21;0;84;1.189;84
12;2025-12-21;1;4;1.187;4
12;2025-12-21;2;0;1.0;0
12;2025-12-21;3;0;1.0;0
12;2025-12-21;4;3;1.1717;3
12;2025-12-21;5;148;1.1904;148
12;2025-12-21;6;510;1.1439;510
12;2025-12-21;7;631;1.1736;631
12;2025-12-21;8;699;1.1786;699
12;2025-12-21;9;892;1.18;892
12;2025-12-21;10;1096;1.1659;1096
12;2025-12-21;11;1225;1.1557;1225
12;2025-12-21;12;1285;1.1382;1285
12;2025-12-21;13;1491;1.1302;1491
12;2025-12-21;14;1442;1.1295;1442
12;2025-12-21;15;1350;1.1379;1350
12;2025-12-21;16;1409;1.1327;1409
12;2025-12-21;17;1474;1.1427;1474
12;2025-12-21;18;1250;1.1575;1250
12;2025-12-21;19;974;1.1734;974
12;2025-12-21;20;738;1.1752;738
12;2025-12-21;21;573;1.1778;573
12;2025-12-21;22;372;1.1676;372
12;2025-12-21;23;202;1.1991;202
12;2025-12-22;0;54;1.0113;54
12;2025-12-22;1;3;1.0326;3
12;2025-12-22;2;0;1.0;0
12;2025-12-22;3;0;1.0;0
12;2025-12-22;4;6;1.0094;6
12;2025-12-22;5;333;1.0283;333
12;2025-12-22;6;1413;1.0191;1413
12;2025-12-22;7;2713;1.0074;2713
12;2025-12-22;8;3596;1.0049;3596
12;2025-12-22;9;2483;1.0125;2483
12;2025-12-22;10;2027;1.0156;2027
12;2025-12-22;11;1961;1.0139;1961
12;2025-12-22;12;2024;1.0044;2024
12;2025-12-22;13;2008;0.988;2008
12;2025-12-22;14;1990;0.9877;1990
12;2025-12-22;15;2233;0.9765;2233
12;2025-12-22;16;2704;0.969;2704
12;2025-12-22;17;3012;0.9787;3012
12;2025-12-22;18;3169;0.9791;3169
12;2025-12-22;19;2483;1.0089;2483
12;2025-12-22;20;1555;0.994;1555
12;2025-12-22;21;944;0.9958;944
12;2025-12-22;22;490;1.0085;490
12;2025-12-22;23;250;0.9902;250
12;2025-12-23;0;54;1.0072;54
12;2025-12-23;1;3;1.0307;3
12;2025-12-23;2;0;1.0;0
12;2025-12-23;3;0;1.0;0
12;2025-12-23;4;6;1.0072;6
12;2025-12-23;5;333;1.0307;333
12;2025-12-23;6;1413;1.0161;1413
12;2025-12-23;7;2713;0.9914;2713
12;2025-12-23;8;3596;0.9817;3596
12;2025-12-23;9;2483;1.0006;2483
12;2025-12-23;10;2027;1.0104;2027
12;2025-12-23;11;1961;1.01;1961
12;2025-12-23;12;2024;1.0063;2024
12;2025-12-23;13;2008;1.0059;2008
12;2025-12-23;14;1990;1.0079;1990
12;2025-12-23;15;2233;1.0069;2233
12;2025-12-23;16;2704;0.9895;2704
12;2025-12-23;17;3012;0.9966;3012
12;2025-12-23;18;3169;0.9889;3169
12;2025-12-23;19;2483;1.0367;2483
12;2025-12-23;20;1555;1.021;1555
12;2025-12-23;21;944;1.0217;944
12;2025-12-23;22;490;1.0261;490
12;2025-12-23;23;250;1.0264;250
12;2025-12-24;0;54;1.0244;54
12;2025-12-24;1;3;1.0433;3
12;2025-12-24;2;0;1.0;0
12;2025-12-24;3;0;1.0;0
12;2025-12-24;4;6;1.0244;6
12;2025-12-24;5;333;1.0433;333
12;2025-12-24;6;1413;1.0334;1413
12;2025-12-24;7;2713;1.0054;2713
12;2025-12-24;8;3596;0.9932;3596
12;2025-12-24;9;2483;1.019;2483
12;2025-12-24;10;2027;1.0259;2027
12;2025-12-24;11;1961;1.0182;1961
12;2025-12-24;12;2024;1.0222;2024
12;2025-12-24;13;2008;1.0062;2008
12;2025-12-24;14;1990;1.0055;1990
12;2025-12-24;15;2233;0.9986;2233
12;2025-12-24;16;2704;0.9854;2704
12;2025-12-24;17;3012;0.9997;3012
12;2025-12-24;18;3169;0.9906;3169
12;2025-12-24;19;2483;1.0267;2483
12;2025-12-24;20;1555;1.0146;1555
12;2025-12-24;21;944;1.0213;944
12;2025-12-24;22;490;1.0239;490
12;2025-12-24;23;250;1.0239;250
12;2025-12-25;0;54;1.0277;54
12;2025-12-25;1;3;1.0466;3
12;2025-12-25;2;0;1.0;0
12;2025-12-25;3;0;1.0;0
12;2025-12-25;4;6;1.0353;6
12;2025-12-25;5;333;1.0565;333
12;2025-12-25;6;1413;1.0449;1413
12;2025-12-25;7;2713;1.0212;2713
12;2025-12-25;8;3596;1.012;3596
12;2025-12-25;9;2483;1.0322;2483
12;2025-12-25;10;2027;1.0407;2027
12;2025-12-25;11;1961;1.0354;1961
12;2025-12-25;12;2024;1.032;2024
12;2025-12-25;13;2008;1.0317;2008
12;2025-12-25;14;1990;1.0225;1990
12;2025-12-25;15;2233;1.0177;2233
12;2025-12-25;16;2704;0.9982;2704
12;2025-12-25;17;3012;0.9938;3012
12;2025-12-25;18;3169;0.9855;3169
12;2025-12-25;19;2483;1.0311;2483
12;2025-12-25;20;1555;1.0059;1555
12;2025-12-25;21;944;1.0052;944
12;2025-12-25;22;490;1.0094;490
12;2025-12-25;23;250;0.9992;250
12;2025-12-26;0;56;0.9628;56
12;2025-12-26;1;1;0.997;1
12;2025-12-26;2;0;1.0;0
12;2025-12-26;3;0;1.0;0
12;2025-12-26;4;6;0.9968;6
12;2025-12-26;5;331;0.9734;331
12;2025-12-26;6;1394;0.9798;1394
12;2025-12-26;7;2702;0.9538;2702
12;2025-12-26;8;3428;0.9431;3428
12;2025-12-26;9;2416;0.9604;2416
12;2025-12-26;10;1932;0.9752;1932
12;2025-12-26;11;1944;0.9609;1944
12;2025-12-26;12;2002;0.96;2002
12;2025-12-26;13;2075;0.9614;2075
12;2025-12-26;14;2060;0.9667;2060
12;2025-12-26;15;2349;0.9899;2349
12;2025-12-26;16;2986;0.9306;2986
12;2025-12-26;17;2974;0.9307;2974
12;2025-12-26;18;2577;0.9336;2577
12;2025-12-26;19;2205;0.9548;2205
12;2025-12-26;20;1456;0.9805;1456
12;2025-12-26;21;1003;0.9613;1003
12;2025-12-26;22;529;0.989;529
12;2025-12-26;23;313;0.9606;313
12;2025-12-27;0;78;1.0467;78
12;2025-12-27;1;3;1.0418;3
12;2025-12-27;2;0;1.0;0
12;2025-12-27;3;0;1.0;0
12;2025-12-27;4;3;1.0467;3
12;2025-12-27;5;235;1.0467;235
12;2025-12-27;6;820;1.0598;820
12;2025-12-27;7;899;1.0318;899
12;2025-12-27;8;1012;1.0357;1012
12;2025-12-27;9;1196;1.0299;1196
12;2025-12-27;10;1411;1.029;1411
12;2025-12-27;11;1515;1.0147;1515
12;2025-12-27;12;1492;1.009;1492
12;2025-12-27;13;1727;0.9994;1727
12;2025-12-27;14;1604;1.0012;1604
12;2025-12-27;15;1520;0.9988;1520
12;2025-12-27;16;1592;0.9978;1592
12;2025-12-27;17;1551;1.0164;1551
12;2025-12-27;18;1509;1.0223;1509
12;2025-12-27;19;1409;1.0617;1409
12;2025-12-27;20;971;1.0701;971
12;2025-12-27;21;731;1.0357;731
12;2025-12-27;22;421;1.0535;421
12;2025-12-27;23;288;1.0308;288
12;2025-12-28;0;84;1.1523;84
12;2025-12-28;1;4;1.1526;4
12;2025-12-28;2;0;1.0;0
12;2025-12-28;3;0;1.0;0
12;2025-12-28;4;3;1.1203;3
12;2025-12-28;5;148;1.1508;148
12;2025-12-28;6;510;1.1155;510
12;2025-12-28;7;631;1.1062;631
12;2025-12-28;8;699;1.1117;699
12;2025-12-28;9;892;1.122;892
12;2025-12-28;10;1096;1.1215;1096
12;2025-12-28;11;1225;1.1001;1225
12;2025-12-28;12;1285;1.086;1285
12;2025-12-28;13;1491;1.0729;1491
12;2025-12-28;14;1442;1.0812;1442
12;2025-12-28;15;1350;1.0705;1350
12;2025-12-28;16;1409;1.083;1409
12;2025-12-28;17;1474;1.0983;1474
12;2025-12-28;18;1250;1.1107;1250
12;2025-12-28;19;974;1.1249;974
12;2025-12-28;20;738;1.1175;738
12;2025-12-28;21;573;1.1194;573
12;2025-12-28;22;372;1.1194;372
12;2025-12-28;23;202;1.1628;202
12;2025-12-29;0;47;1.0;47
12;2025-12-29;1;1;1.0;1
12;2025-12-29;2;0;1.0;0
12;2025-12-29;3;0;1.0;0
12;2025-12-29;4;6;1.0;6
12;2025-12-29;5;293;1.0;293
12;2025-12-29;6;1243;1.0;1243
12;2025-12-29;7;2387;1.0;2387
12;2025-12-29;8;3164;1.0;3164
12;2025-12-29;9;2185;1.0;2185
12;2025-12-29;10;1784;1.0;1784
12;2025-12-29;11;1726;1.0;1726
12;2025-12-29;12;1781;1.0;1781
12;2025-12-29;13;1767;1.0;1767
12;2025-12-29;14;1752;1.0;1752
12;2025-12-29;15;1964;1.0;1964
12;2025-12-29;16;2380;1.0;2380
12;2025-12-29;17;2650;1.0;2650
12;2025-12-29;18;2788;1.0;2788
12;2025-12-29;19;2185;1.0;2185
12;2025-12-29;20;1369;1.0;1369
12;2025-12-29;21;831;1.0;831
12;2025-12-29;22;432;1.0;432
12;2025-12-29;23;220;1.0;220
12;2025-12-30;0;47;1.0;47
12;2025-12-30;1;1;1.0;1
12;2025-12-30;2;0;1.0;0
12;2025-12-30;3;0;1.0;0
12;2025-12-30;4;6;1.0;6
12;2025-12-30;5;293;1.0;293
12;2025-12-30;6;1243;1.0;1243
12;2025-12-30;7;2387;1.0;2387
12;2025-12-30;8;3164;1.0;3164
12;2025-12-30;9;2185;1.0;2185
12;2025-12-30;10;1784;1.0;1784
12;2025-12-30;11;1726;1.0;1726
12;2025-12-30;12;1781;1.0;1781
12;2025-12-30;13;1767;1.0;1767
12;2025-12-30;14;1752;1.0;1752
12;2025-12-30;15;1964;1.0;1964
12;2025-12-30;16;2380;1.0;2380
12;2025-12-30;17;2650;1.0;2650
12;2025-12-30;18;2788;1.0;2788
12;2025-12-30;19;2185;1.0;2185
12;2025-12-30;20;1369;1.0;1369
12;2025-12-30;21;831;1.0;831
12;2025-12-30;22;432;1.0;432
12;2025-12-30;23;220;1.0;220
12;2025-12-31;0;55;1.0;55
12;2025-12-31;1;1;1.0;1
12;2025-12-31;2;0;1.0;0
12;2025-12-31;3;0;1.0;0
12;2025-12-31;4;1;1.0;1
12;2025-12-31;5;203;1.0;203
12;2025-12-31;6;631;1.0;631
12;2025-12-31;7;653;1.0;653
12;2025-12-31;8;827;1.0;827
12;2025-12-31;9;999;1.0;999
12;2025-12-31;10;1156;1.0;1156
12;2025-12-31;11;1203;1.0;1203
12;2025-12-31;12;1220;1.0;1220
12;2025-12-31;13;1369;1.0;1369
12;2025-12-31;14;1277;1.0;1277
12;2025-12-31;15;1150;1.0;1150
12;2025-12-31;16;1291;1.0;1291
12;2025-12-31;17;1250;1.0;1250
12;2025-12-31;18;1213;1.0;1213
12;2025-12-31;19;1067;1.0;1067
12;2025-12-31;20;0;1.0;0
12;2025-12-31;21;0;1.0;0
12;2025-12-31;22;0;1.0;0
12;2025-12-31;23;0;1.0;0
17;2025-11-01;0;151;1.0;151
17;2025-11-01;1;30;1.0;30
17;2025-11-01;2;0;1.0;0
17;2025-11-01;3;0;1.0;0
17;2025-11-01;4;21;1.0045;21
17;2025-11-01;5;266;1.0138;266
17;2025-11-01;6;1285;1.0135;1285
17;2025-11-01;7;3432;0.9878;3432
17;2025-11-01;8;4432;0.9795;4432
17;2025-11-01;9;3166;1.0105;3166
17;2025-11-01;10;2544;1.0209;2544
17;2025-11-01;11;2555;1.0217;2555
17;2025-11-01;12;2606;1.0196;2606
17;2025-11-01;13;2663;1.0254;2663
17;2025-11-01;14;2726;1.0243;2726
17;2025-11-01;15;3004;1.0217;3004
17;2025-11-01;16;3538;1.0045;3538
17;2025-11-01;17;3935;0.987;3935
17;2025-11-01;18;3705;0.9694;3705
17;2025-11-01;19;2753;0.9888;2753
17;2025-11-01;20;2007;0.9994;2007
17;2025-11-01;21;1346;0.9983;1346
17;2025-11-01;22;740;0.9937;740
17;2025-11-01;23;395;1.0052;395
17;2025-11-02;0;195;1.0359;195
17;2025-11-02;1;28;1.0359;28
17;2025-11-02;2;0;1.0;0
17;2025-11-02;3;0;1.0;0
17;2025-11-02;4;5;1.0342;5
17;2025-11-02;5;109;1.041;109
17;2025-11-02;6;453;1.0377;453
17;2025-11-02;7;833;1.0528;833
17;2025-11-02;8;1272;1.0488;1272
17;2025-11-02;9;1736;1.0438;1736
17;2025-11-02;10;2036;1.0277;2036
17;2025-11-02;11;2587;1.0184;2587
17;2025-11-02;12;2971;1.0061;2971
17;2025-11-02;13;3247;0.9884;3247
17;2025-11-02;14;3338;0.997;3338
17;2025-11-02;15;3306;0.9943;3306
17;2025-11-02;16;3232;0.9922;3232
17;2025-11-02;17;3055;1.0045;3055
17;2025-11-02;18;2675;1.0074;2675
17;2025-11-02;19;2180;1.0189;2180
17;2025-11-02;20;1639;1.0284;1639
17;2025-11-02;21;1178;1.0328;1178
17;2025-11-02;22;739;1.0326;739
17;2025-11-02;23;326;1.0384;326
17;2025-11-03;0;195;0.9053;195
17;2025-11-03;1;28;0.9096;28
17;2025-11-03;2;0;1.0;0
17;2025-11-03;3;0;1.0;0
17;2025-11-03;4;5;0.9089;5
17;2025-11-03;5;109;0.8955;109
17;2025-11-03;6;453;0.8975;453
17;2025-11-03;7;833;0.8973;833
17;2025-11-03;8;1272;0.9028;1272
17;2025-11-03;9;1736;0.8949;1736
17;2025-11-03;10;2036;0.8852;2036
17;2025-11-03;11;2587;0.8735;2587
17;2025-11-03;12;2971;0.8273;2971
17;2025-11-03;13;3247;0.8224;3247
17;2025-11-03;14;3338;0.8161;3338
17;2025-11-03;15;3306;0.8063;3306
17;2025-11-03;16;3232;0.8376;3232
17;2025-11-03;17;3055;0.8714;3055
17;2025-11-03;18;2675;0.8755;2675
17;2025-11-03;19;2180;0.8789;2180
17;2025-11-03;20;1639;0.8956;1639
17;2025-11-03;21;1178;0.8926;1178
17;2025-11-03;22;739;0.8997;739
17;2025-11-03;23;326;0.8922;326
17;2025-11-04;0;195;0.9531;195
17;2025-11-04;1;28;0.9641;28
17;2025-11-04;2;0;1.0;0
17;2025-11-04;3;0;1.0;0
17;2025-11-04;4;5;0.9566;5
17;2025-11-04;5;109;0.9293;109
17;2025-11-04;6;453;0.9354;453
17;2025-11-04;7;833;0.9374;833
17;2025-11-04;8;1272;0.9178;1272
17;2025-11-04;9;1736;0.9329;1736
17;2025-11-04;10;2036;0.9209;2036
17;2025-11-04;11;2587;0.8788;2587
17;2025-11-04;12;2971;0.8673;2971
17;2025-11-04;13;3247;0.8898;3247
17;2025-11-04;14;3338;0.9114;3338
17;2025-11-04;15;3306;0.9198;3306
17;2025-11-04;16;3232;0.923;3232
17;2025-11-04;17;3055;0.9413;3055
17;2025-11-04;18;2675;0.9486;2675
17;2025-11-04;19;2180;0.9593;2180
17;2025-11-04;20;1639;0.9725;1639
17;2025-11-04;21;1178;0.9714;1178
17;2025-11-04;22;739;0.9742;739
17;2025-11-04;23;326;0.9685;326
17;2025-11-05;0;117;1.0149;117
17;2025-11-05;1;11;1.0159;11
17;2025-11-05;2;0;1.0;0
17;2025-11-05;3;0;1.0;0
17;2025-11-05;4;27;1.0187;27
17;2025-11-05;5;321;1.0187;321
17;2025-11-05;6;1551;1.014;1551
17;2025-11-05;7;4145;0.9905;4145
17;2025-11-05;8;5409;0.9779;5409
17;2025-11-05;9;3808;0.9944;3808
17;2025-11-05;10;2979;1.0175;2979
17;2025-11-05;11;2929;0.9967;2929
17;2025-11-05;12;2973;0.9942;2973
17;2025-11-05;13;3031;0.9909;3031
17;2025-11-05;14;3113;0.9896;3113
17;2025-11-05;15;3243;0.9896;3243
17;2025-11-05;16;3656;0.9832;3656
17;2025-11-05;17;4501;0.9817;4501
17;2025-11-05;18;4900;0.9808;4900
17;2025-11-05;19;3425;1.0088;3425
17;2025-11-05;20;2372;1.0219;2372
17;2025-11-05;21;1475;1.0137;1475
17;2025-11-05;22;768;1.0232;768
17;2025-11-05;23;365;1.0145;365
17;2025-11-06;0;117;1.0127;117
17;2025-11-06;1;11;1.0127;11
17;2025-11-06;2;0;1.0;0
17;2025-11-06;3;0;1.0;0
17;2025-11-06;4;27;1.0125;27
17;2025-11-06;5;321;1.0125;321
17;2025-11-06;6;1551;1.0078;1551
17;2025-11-06;7;4145;0.9955;4145
17;2025-11-06;8;5409;0.9861;5409
17;2025-11-06;9;3808;1.0004;3808
17;2025-11-06;10;2979;1.0196;2979
17;2025-11-06;11;2929;0.9952;2929
17;2025-11-06;12;2973;1.0145;2973
17;2025-11-06;13;3031;1.0111;3031
17;2025-11-06;14;3113;1.008;3113
17;2025-11-06;15;3243;0.9975;3243
17;2025-11-06;16;3656;0.9941;3656
17;2025-11-06;17;4501;0.9931;4501
17;2025-11-06;18;4900;0.9844;4900
17;2025-11-06;19;3425;1.0105;3425
17;2025-11-06;20;2372;0.9951;2372
17;2025-11-06;21;1475;1.0114;1475
17;2025-11-06;22;768;1.0184;768
17;2025-11-06;23;365;1.0099;365
17;2025-11-07;0;152;1.0049;152
17;2025-11-07;1;15;0.9992;15
17;2025-11-07;2;0;1.0;0
17;2025-11-07;3;0;1.0;0
17;2025-11-07;4;27;1.0048;27
17;2025-11-07;5;333;1.0067;333
17;2025-11-07;6;1606;1.0073;1606
17;2025-11-07;7;4290;1.0024;4290
17;2025-11-07;8;5540;0.9934;5540
17;2025-11-07;9;3958;0.995;3958
17;2025-11-07;10;3181;1.0209;3181
17;2025-11-07;11;3194;1.0177;3194
17;2025-11-07;12;3257;1.0146;3257
17;2025-11-07;13;3329;1.0118;3329
17;2025-11-07;14;3407;1.0089;3407
17;2025-11-07;15;3755;1.0112;3755
17;2025-11-07;16;4423;0.9991;4423
17;2025-11-07;17;4919;0.9976;4919
17;2025-11-07;18;4632;0.9807;4632
17;2025-11-07;19;3441;0.9933;3441
17;2025-11-07;20;2509;0.9953;2509
17;2025-11-07;21;1684;0.9973;1684
17;2025-11-07;22;924;1.0046;924
17;2025-11-07;23;495;1.0006;495
17;2025-11-08;0;228;1.0176;228
17;2025-11-08;1;28;1.0091;28
17;2025-11-08;2;0;1.0;0
17;2025-11-08;3;0;1.0;0
17;2025-11-08;4;5;1.0045;5
17;2025-11-08;5;140;1.0068;140
17;2025-11-08;6;600;0.9915;600
17;2025-11-08;7;1271;0.9906;1271
17;2025-11-08;8;1826;0.9978;1826
17;2025-11-08;9;2322;1.0063;2322
17;2025-11-08;10;2585;1.0013;2585
17;2025-11-08;11;3074;1.0072;3074
17;2025-11-08;12;3435;0.9313;3435
17;2025-11-08;13;3641;0.9819;3641
17;2025-11-08;14;3699;0.9977;3699
17;2025-11-08;15;3708;1.0076;3708
17;2025-11-08;16;3716;1.0106;3716
17;2025-11-08;17;3514;1.0142;3514
17;2025-11-08;18;3183;1.0102;3183
17;2025-11-08;19;2626;1.0269;2626
17;2025-11-08;20;2038;1.022;2038
17;2025-11-08;21;1479;1.0187;1479
17;2025-11-08;22;932;1.0204;932
17;2025-11-08;23;484;1.0234;484
17;2025-11-09;0;195;1.043;195
17;2025-11-09;1;28;1.0531;28
17;2025-11-09;2;0;1.0;0
17;2025-11-09;3;0;1.0;0
17;2025-11-09;4;5;1.0521;5
17;2025-11-09;5;109;1.0398;109
17;2025-11-09;6;453;1.0401;453
17;2025-11-09;7;833;1.042;833
17;2025-11-09;8;1272;1.0474;1272
17;2025-11-09;9;1736;1.0434;1736
17;2025-11-09;10;2036;1.0261;2036
17;2025-11-09;11;2587;1.0043;2587
17;2025-11-09;12;2971;1.0014;2971
17;2025-11-09;13;3247;0.983;3247
17;2025-11-09;14;3338;0.9808;3338
17;2025-11-09;15;3306;0.9792;3306
17;2025-11-09;16;3232;0.9936;3232
17;2025-11-09;17;3055;1.0094;3055
17;2025-11-09;18;2675;1.0126;2675
17;2025-11-09;19;2180;1.0235;2180
17;2025-11-09;20;1639;1.0444;1639
17;2025-11-09;21;1178;1.0408;1178
17;2025-11-09;22;739;1.0488;739
17;2025-11-09;23;326;1.0414;326
17;2025-11-10;0;117;1.012;117
17;2025-11-10;1;11;1.0103;11
17;2025-11-10;2;0;1.0;0
17;2025-11-10;3;0;1.0;0
17;2025-11-10;4;27;1.0154;27
17;2025-11-10;5;321;1.0109;321
17;2025-11-10;6;1551;1.0075;1551
17;2025-11-10;7;4145;1.0086;4145
17;2025-11-10;8;5409;1.004;5409
17;2025-11-10;9;3808;1.0111;3808
17;2025-11-10;10;2979;1.0228;2979
17;2025-11-10;11;2929;1.0175;2929
17;2025-11-10;12;2973;1.0159;2973
17;2025-11-10;13;3031;1.0081;3031
17;2025-11-10;14;3113;1.0067;3113
17;2025-11-10;15;3243;1.0046;3243
17;2025-11-10;16;3656;1.0076;3656
17;2025-11-10;17;4501;1.0164;4501
17;2025-11-10;18;4900;1.0105;4900
17;2025-11-10;19;3425;1.0229;3425
17;2025-11-10;20;2372;1.0273;2372
17;2025-11-10;21;1475;1.0196;1475
17;2025-11-10;22;768;1.029;768
17;2025-11-10;23;365;1.0216;365
17;2025-11-11;0;117;1.0388;117
17;2025-11-11;1;11;1.0388;11
17;2025-11-11;2;0;1.0;0
17;2025-11-11;3;0;1.0;0
17;2025-11-11;4;27;1.0376;27
17;2025-11-11;5;321;1.0386;321
17;2025-11-11;6;1551;1.0351;1551
17;2025-11-11;7;4145;1.0234;4145
17;2025-11-11;8;5409;1.0141;5409
17;2025-11-11;9;3808;1.0281;3808
17;2025-11-11;10;2979;1.05;2979
17;2025-11-11;11;2929;1.0447;2929
17;2025-11-11;12;2973;1.043;2973
17;2025-11-11;13;3031;1.0341;3031
17;2025-11-11;14;3113;1.0312;3113
17;2025-11-11;15;3243;1.0298;3243
17;2025-11-11;16;3656;1.0234;3656
17;2025-11-11;17;4501;1.023;4501
17;2025-11-11;18;4900;1.0182;4900
17;2025-11-11;19;3425;1.0416;3425
17;2025-11-11;20;2372;1.0482;2372
17;2025-11-11;21;1475;1.0405;1475
17;2025-11-11;22;768;1.0499;768
17;2025-11-11;23;365;1.0416;365
17;2025-11-12;0;117;1.0353;117
17;2025-11-12;1;11;1.0353;11
17;2025-11-12;2;0;1.0;0
17;2025-11-12;3;0;1.0;0
17;2025-11-12;4;27;1.0344;27
17;2025-11-12;5;321;1.0354;321
17;2025-11-12;6;1551;1.032;1551
17;2025-11-12;7;4145;1.0161;4145
17;2025-11-12;8;5409;1.0053;5409
17;2025-11-12;9;3808;1.0213;3808
17;2025-11-12;10;2979;1.0447;2979
17;2025-11-12;11;2929;1.0254;2929
17;2025-11-12;12;2973;1.0297;2973
17;2025-11-12;13;3031;1.0203;3031
17;2025-11-12;14;3113;1.0266;3113
17;2025-11-12;15;3243;1.0233;3243
17;2025-11-12;16;3656;1.0164;3656
17;2025-11-12;17;4501;1.0156;4501
17;2025-11-12;18;4900;1.0097;4900
17;2025-11-12;19;3425;1.0322;3425
17;2025-11-12;20;2372;1.0408;2372
17;2025-11-12;21;1475;1.0376;1475
17;2025-11-12;22;768;1.0445;768
17;2025-11-12;23;365;1.0397;365
17;2025-11-13;0;117;1.0403;117
17;2025-11-13;1;11;1.0403;11
17;2025-11-13;2;0;1.0;0
17;2025-11-13;3;0;1.0;0
17;2025-11-13;4;27;1.0411;27
17;2025-11-13;5;321;1.0411;321
17;2025-11-13;6;1551;1.0381;1551
17;2025-11-13;7;4145;1.0235;4145
17;2025-11-13;8;5409;1.0118;5409
17;2025-11-13;9;3808;1.0282;3808
17;2025-11-13;10;2979;1.051;2979
17;2025-11-13;11;2929;1.0461;2929
17;2025-11-13;12;2973;1.0445;2973
17;2025-11-13;13;3031;1.0362;3031
17;2025-11-13;14;3113;1.0338;3113
17;2025-11-13;15;3243;1.0313;3243
17;2025-11-13;16;3656;1.0254;3656
17;2025-11-13;17;4501;1.0212;4501
17;2025-11-13;18;4900;1.0107;4900
17;2025-11-13;19;3425;1.0253;3425
17;2025-11-13;20;2372;1.0315;2372
17;2025-11-13;21;1475;1.0251;1475
17;2025-11-13;22;768;1.0356;768
17;2025-11-13;23;365;1.0356;365
17;2025-11-14;0;152;1.0021;152
17;2025-11-14;1;15;1.0053;15
17;2025-11-14;2;0;1.0;0
17;2025-11-14;3;0;1.0;0
17;2025-11-14;4;27;0.9906;27
17;2025-11-14;5;333;0.992;333
17;2025-11-14;6;1606;0.9897;1606
17;2025-11-14;7;4290;0.9651;4290
17;2025-11-14;8;5540;0.9587;5540
17;2025-11-14;9;3958;0.9879;3958
17;2025-11-14;10;3181;1.0019;3181
17;2025-11-14;11;3194;0.9977;3194
17;2025-11-14;12;3257;0.9987;3257
17;2025-11-14;13;3329;0.9939;3329
17;2025-11-14;14;3407;0.9932;3407
17;2025-11-14;15;3755;0.9928;3755
17;2025-11-14;16;4423;0.9607;4423
17;2025-11-14;17;4919;0.9572;4919
17;2025-11-14;18;4632;0.9429;4632
17;2025-11-14;19;3441;0.9712;3441
17;2025-11-14;20;2509;0.9806;2509
17;2025-11-14;21;1684;0.9867;1684
17;2025-11-14;22;924;1.0011;924
17;2025-11-14;23;495;0.9971;495
17;2025-11-15;0;228;0.9161;228
17;2025-11-15;1;28;0.9047;28
17;2025-11-15;2;0;1.0;0
17;2025-11-15;3;0;1.0;0
17;2025-11-15;4;5;0.9212;5
17;2025-11-15;5;140;0.9212;140
17;2025-11-15;6;600;0.9113;600
17;2025-11-15;7;1271;0.9096;1271
17;2025-11-15;8;1826;0.9243;1826
17;2025-11-15;9;2322;0.931;2322
17;2025-11-15;10;2585;0.9316;2585
17;2025-11-15;11;3074;0.8946;3074
17;2025-11-15;12;3435;0.8813;3435
17;2025-11-15;13;3641;0.8719;3641
17;2025-11-15;14;3699;0.8724;3699
17;2025-11-15;15;3708;0.8719;3708
17;2025-11-15;16;3716;0.8719;3716
17;2025-11-15;17;3514;0.8849;3514
17;2025-11-15;18;3183;0.8684;3183
17;2025-11-15;19;2626;0.8959;2626
17;2025-11-15;20;2038;0.9054;2038
17;2025-11-15;21;1479;0.9048;1479
17;2025-11-15;22;932;0.9051;932
17;2025-11-15;23;484;0.9164;484
17;2025-11-16;0;195;1.0237;195
17;2025-11-16;1;28;1.0252;28
17;2025-11-16;2;0;1.0;0
17;2025-11-16;3;0;1.0;0
17;2025-11-16;4;5;1.0252;5
17;2025-11-16;5;109;1.0171;109
17;2025-11-16;6;453;1.0174;453
17;2025-11-16;7;833;1.0189;833
17;2025-11-16;8;1272;1.0266;1272
17;2025-11-16;9;1736;1.0209;1736
17;2025-11-16;10;2036;1.0117;2036
17;2025-11-16;11;2587;0.9938;2587
17;2025-11-16;12;2971;0.9816;2971
17;2025-11-16;13;3247;0.9693;3247
17;2025-11-16;14;3338;0.9671;3338
17;2025-11-16;15;3306;0.9675;3306
17;2025-11-16;16;3232;0.9658;3232
17;2025-11-16;17;3055;0.9735;3055
17;2025-11-16;18;2675;0.9821;2675
17;2025-11-16;19;2180;1.0047;2180
17;2025-11-16;20;1639;1.0223;1639
17;2025-11-16;21;1178;1.0162;1178
17;2025-11-16;22;739;1.024;739
17;2025-11-16;23;326;0.9968;326
17;2025-11-17;0;117;1.0164;117
17;2025-11-17;1;11;1.0164;11
17;2025-11-17;2;0;1.0;0
17;2025-11-17;3;0;1.0;0
17;2025-11-17;4;27;1.0079;27
17;2025-11-17;5;321;1.0086;321
17;2025-11-17;6;1551;1.0131;1551
17;2025-11-17;7;4145;1.0124;4145
17;2025-11-17;8;5409;0.9998;5409
17;2025-11-17;9;3808;1.0047;3808
17;2025-11-17;10;2979;1.0141;2979
17;2025-11-17;11;2929;1.0086;2929
17;2025-11-17;12;2973;1.0047;2973
17;2025-11-17;13;3031;0.9952;3031
17;2025-11-17;14;3113;1.0021;3113
17;2025-11-17;15;3243;1.0016;3243
17;2025-11-17;16;3656;1.0033;3656
17;2025-11-17;17;4501;1.0098;4501
17;2025-11-17;18;4900;1.0146;4900
17;2025-11-17;19;3425;1.0237;3425
17;2025-11-17;20;2372;1.0211;2372
17;2025-11-17;21;1475;1.0183;1475
17;2025-11-17;22;768;1.0239;768
17;2025-11-17;23;365;1.0182;365
17;2025-11-18;0;117;1.017;117
17;2025-11-18;1;11;1.017;11
17;2025-11-18;2;0;1.0;0
17;2025-11-18;3;0;1.0;0
17;2025-11-18;4;27;0.9754;27
17;2025-11-18;5;321;0.9811;321
17;2025-11-18;6;1551;0.9839;1551
17;2025-11-18;7;4145;0.9892;4145
17;2025-11-18;8;5409;0.9862;5409
17;2025-11-18;9;3808;0.9799;3808
17;2025-11-18;10;2979;0.9857;2979
17;2025-11-18;11;2929;0.9964;2929
17;2025-11-18;12;2973;0.9925;2973
17;2025-11-18;13;3031;0.9785;3031
17;2025-11-18;14;3113;0.9767;3113
17;2025-11-18;15;3243;0.9849;3243
17;2025-11-18;16;3656;0.9869;3656
17;2025-11-18;17;4501;0.987;4501
17;2025-11-18;18;4900;0.9825;4900
17;2025-11-18;19;3425;1.0077;3425
17;2025-11-18;20;2372;1.011;2372
17;2025-11-18;21;1475;1.0062;1475
17;2025-11-18;22;768;1.0167;768
17;2025-11-18;23;365;1.0088;365
17;2025-11-19;0;117;1.025;117
17;2025-11-19;1;11;1.025;11
17;2025-11-19;2;0;1.0;0
17;2025-11-19;3;0;1.0;0
17;2025-11-19;4;27;1.0292;27
17;2025-11-19;5;321;1.0314;321
17;2025-11-19;6;1551;1.0345;1551
17;2025-11-19;7;4145;1.021;4145
17;2025-11-19;8;5409;1.0095;5409
17;2025-11-19;9;3808;1.0255;3808
17;2025-11-19;10;2979;1.0404;2979
17;2025-11-19;11;2929;1.036;2929
17;2025-11-19;12;2973;1.0438;2973
17;2025-11-19;13;3031;1.0356;3031
17;2025-11-19;14;3113;1.0322;3113
17;2025-11-19;15;3243;1.0308;3243
17;2025-11-19;16;3656;1.0244;3656
17;2025-11-19;17;4501;1.0221;4501
17;2025-11-19;18;4900;1.0178;4900
17;2025-11-19;19;3425;1.0433;3425
17;2025-11-19;20;2372;1.0515;2372
17;2025-11-19;21;1475;1.0438;1475
17;2025-11-19;22;768;1.053;768
17;2025-11-19;23;365;1.0336;365
17;2025-11-20;0;117;1.0437;117
17;2025-11-20;1;11;1.0442;11
17;2025-11-20;2;0;1.0;0
17;2025-11-20;3;0;1.0;0
17;2025-11-20;4;27;1.044;27
17;2025-11-20;5;321;1.044;321
17;2025-11-20;6;1551;1.0415;1551
17;2025-11-20;7;4145;1.0253;4145
17;2025-11-20;8;5409;1.0132;5409
17;2025-11-20;9;3808;1.03;3808
17;2025-11-20;10;2979;1.054;2979
17;2025-11-20;11;2929;1.05;2929
17;2025-11-20;12;2973;1.0484;2973
17;2025-11-20;13;3031;1.0389;3031
17;2025-11-20;14;3113;1.0373;3113
17;2025-11-20;15;3243;1.0341;3243
17;2025-11-20;16;3656;1.0277;3656
17;2025-11-20;17;4501;1.0242;4501
17;2025-11-20;18;4900;1.0167;4900
17;2025-11-20;19;3425;1.0428;3425
17;2025-11-20;20;2372;1.0507;2372
17;2025-11-20;21;1475;1.0412;1475
17;2025-11-20;22;768;1.0506;768
17;2025-11-20;23;365;1.042;365
17;2025-11-21;0;152;0.9929;152
17;2025-11-21;1;15;0.9929;15
17;2025-11-21;2;0;1.0;0
17;2025-11-21;3;0;1.0;0
17;2025-11-21;4;27;1.0024;27
17;2025-11-21;5;333;1.0009;333
17;2025-11-21;6;1606;1.0028;1606
17;2025-11-21;7;4290;0.9938;4290
17;2025-11-21;8;5540;0.9827;5540
17;2025-11-21;9;3958;0.9999;3958
17;2025-11-21;10;3181;1.0129;3181
17;2025-11-21;11;3194;1.0096;3194
17;2025-11-21;12;3257;1.0095;3257
17;2025-11-21;13;3329;1.0038;3329
17;2025-11-21;14;3407;1.0033;3407
17;2025-11-21;15;3755;1.0029;3755
17;2025-11-21;16;4423;0.989;4423
17;2025-11-21;17;4919;0.9851;4919
17;2025-11-21;18;4632;0.9748;4632
17;2025-11-21;19;3441;0.9837;3441
17;2025-11-21;20;2509;0.9863;2509
17;2025-11-21;21;1684;0.9884;1684
17;2025-11-21;22;924;0.9956;924
17;2025-11-21;23;495;0.9916;495
17;2025-11-22;0;228;1.0077;228
17;2025-11-22;1;28;0.9972;28
17;2025-11-22;2;0;1.0;0
17;2025-11-22;3;0;1.0;0
17;2025-11-22;4;5;0.969;5
17;2025-11-22;5;140;0.9797;140
17;2025-11-22;6;600;0.9775;600
17;2025-11-22;7;1271;0.9916;1271
17;2025-11-22;8;1826;0.9944;1826
17;2025-11-22;9;2322;1.0026;2322
17;2025-11-22;10;2585;1.0069;2585
17;2025-11-22;11;3074;0.993;3074
17;2025-11-22;12;3435;0.9833;3435
17;2025-11-22;13;3641;0.9775;3641
17;2025-11-22;14;3699;0.9747;3699
17;2025-11-22;15;3708;0.9727;3708
17;2025-11-22;16;3716;0.9727;3716
17;2025-11-22;17;3514;0.983;3514
17;2025-11-22;18;3183;0.9746;3183
17;2025-11-22;19;2626;0.9968;2626
17;2025-11-22;20;2038;0.9921;2038
17;2025-11-22;21;1479;0.967;1479
17;2025-11-22;22;932;0.9716;932
17;2025-11-22;23;484;0.9725;484
17;2025-11-23;0;195;1.0369;195
17;2025-11-23;1;28;1.0537;28
17;2025-11-23;2;0;1.0;0
17;2025-11-23;3;0;1.0;0
17;2025-11-23;4;5;1.0537;5
17;2025-11-23;5;109;1.0397;109
17;2025-11-23;6;453;1.04;453
17;2025-11-23;7;833;1.042;833
17;2025-11-23;8;1272;1.049;1272
17;2025-11-23;9;1736;1.0461;1736
17;2025-11-23;10;2036;1.0347;2036
17;2025-11-23;11;2587;1.0206;2587
17;2025-11-23;12;2971;1.0085;2971
17;2025-11-23;13;3247;0.9962;3247
17;2025-11-23;14;3338;0.9942;3338
17;2025-11-23;15;3306;0.9926;3306
17;2025-11-23;16;3232;0.9926;3232
17;2025-11-23;17;3055;1.0088;3055
17;2025-11-23;18;2675;1.0187;2675
17;2025-11-23;19;2180;1.0324;2180
17;2025-11-23;20;1639;1.0538;1639
17;2025-11-23;21;1178;1.0419;1178
17;2025-11-23;22;739;1.0508;739
17;2025-11-23;23;326;1.0111;326
17;2025-11-24;0;117;0.983;117
17;2025-11-24;1;11;0.9843;11
17;2025-11-24;2;0;1.0;0
17;2025-11-24;3;0;1.0;0
17;2025-11-24;4;27;0.9849;27
17;2025-11-24;5;321;0.9752;321
17;2025-11-24;6;1551;0.9804;1551
17;2025-11-24;7;4145;0.9783;4145
17;2025-11-24;8;5409;0.9766;5409
17;2025-11-24;9;3808;0.9801;3808
17;2025-11-24;10;2979;0.9901;2979
17;2025-11-24;11;2929;0.9825;2929
17;2025-11-24;12;2973;0.9835;2973
17;2025-11-24;13;3031;0.9799;3031
17;2025-11-24;14;3113;0.9748;3113
17;2025-11-24;15;3243;0.9801;3243
17;2025-11-24;16;3656;0.962;3656
17;2025-11-24;17;4501;0.9718;4501
17;2025-11-24;18;4900;0.9755;4900
17;2025-11-24;19;3425;0.998;3425
17;2025-11-24;20;2372;1.0015;2372
17;2025-11-24;21;1475;0.9893;1475
17;2025-11-24;22;768;1.0044;768
17;2025-11-24;23;365;0.9906;365
17;2025-11-25;0;117;1.0227;117
17;2025-11-25;1;11;1.0227;11
17;2025-11-25;2;0;1.0;0
17;2025-11-25;3;0;1.0;0
17;2025-11-25;4;27;1.0331;27
17;2025-11-25;5;321;1.0274;321
17;2025-11-25;6;1551;1.0309;1551
17;2025-11-25;7;4145;1.0163;4145
17;2025-11-25;8;5409;1.0078;5409
17;2025-11-25;9;3808;1.0201;3808
17;2025-11-25;10;2979;1.0442;2979
17;2025-11-25;11;2929;1.0418;2929
17;2025-11-25;12;2973;1.0392;2973
17;2025-11-25;13;3031;1.0321;3031
17;2025-11-25;14;3113;1.0287;3113
17;2025-11-25;15;3243;1.0254;3243
17;2025-11-25;16;3656;1.019;3656
17;2025-11-25;17;4501;1.0166;4501
17;2025-11-25;18;4900;1.0146;4900
17;2025-11-25;19;3425;1.046;3425
17;2025-11-25;20;2372;1.0536;2372
17;2025-11-25;21;1475;1.04;1475
17;2025-11-25;22;768;1.0554;768
17;2025-11-25;23;365;1.0421;365
17;2025-11-26;0;117;1.0208;117
17;2025-11-26;1;11;1.0208;11
17;2025-11-26;2;0;1.0;0
17;2025-11-26;3;0;1.0;0
17;2025-11-26;4;27;1.0205;27
17;2025-11-26;5;321;1.0205;321
17;2025-11-26;6;1551;1.0185;1551
17;2025-11-26;7;4145;1.0186;4145
17;2025-11-26;8;5409;1.0149;5409
17;2025-11-26;9;3808;1.02;3808
17;2025-11-26;10;2979;1.0308;2979
17;2025-11-26;11;2929;1.0236;2929
17;2025-11-26;12;2973;1.0192;2973
17;2025-11-26;13;3031;1.023;3031
17;2025-11-26;14;3113;1.0199;3113
17;2025-11-26;15;3243;1.0185;3243
17;2025-11-26;16;3656;1.0065;3656
17;2025-11-26;17;4501;1.0154;4501
17;2025-11-26;18;4900;1.0114;4900
17;2025-11-26;19;3425;1.0322;3425
17;2025-11-26;20;2372;1.0323;2372
17;2025-11-26;21;1475;1.0228;1475
17;2025-11-26;22;768;1.0356;768
17;2025-11-26;23;365;1.0235;365
17;2025-11-27;0;117;1.0288;117
17;2025-11-27;1;11;1.0334;11
17;2025-11-27;2;0;1.0;0
17;2025-11-27;3;0;1.0;0
17;2025-11-27;4;27;1.0332;27
17;2025-11-27;5;321;1.0332;321
17;2025-11-27;6;1551;1.0297;1551
17;2025-11-27;7;4145;1.0236;4145
17;2025-11-27;8;5409;1.0175;5409
17;2025-11-27;9;3808;1.0285;3808
17;2025-11-27;10;2979;1.0422;2979
17;2025-11-27;11;2929;1.0288;2929
17;2025-11-27;12;2973;1.0268;2973
17;2025-11-27;13;3031;1.0251;3031
17;2025-11-27;14;3113;1.0206;3113
17;2025-11-27;15;3243;1.0269;3243
17;2025-11-27;16;3656;1.0205;3656
17;2025-11-27;17;4501;1.0191;4501
17;2025-11-27;18;4900;1.0118;4900
17;2025-11-27;19;3425;1.031;3425
17;2025-11-27;20;2372;1.0346;2372
17;2025-11-27;21;1475;1.0244;1475
17;2025-11-27;22;768;1.0377;768
17;2025-11-27;23;365;1.0161;365
17;2025-11-28;0;152;1.0101;152
17;2025-11-28;1;15;1.0099;15
17;2025-11-28;2;0;1.0;0
17;2025-11-28;3;0;1.0;0
17;2025-11-28;4;27;1.0088;27
17;2025-11-28;5;333;1.0099;333
17;2025-11-28;6;1606;1.0135;1606
17;2025-11-28;7;4290;1.0076;4290
17;2025-11-28;8;5540;0.9969;5540
17;2025-11-28;9;3958;1.0117;3958
17;2025-11-28;10;3181;1.0249;3181
17;2025-11-28;11;3194;1.0216;3194
17;2025-11-28;12;3257;1.023;3257
17;2025-11-28;13;3329;1.0168;3329
17;2025-11-28;14;3407;1.0163;3407
17;2025-11-28;15;3755;1.0162;3755
17;2025-11-28;16;4423;1.0033;4423
17;2025-11-28;17;4919;0.9994;4919
17;2025-11-28;18;4632;0.9884;4632
17;2025-11-28;19;3441;0.9948;3441
17;2025-11-28;20;2509;0.999;2509
17;2025-11-28;21;1684;1.0002;1684
17;2025-11-28;22;924;1.0158;924
17;2025-11-28;23;495;1.0035;495
17;2025-11-29;0;228;1.0445;228
17;2025-11-29;1;28;1.0255;28
17;2025-11-29;2;0;1.0;0
17;2025-11-29;3;0;1.0;0
17;2025-11-29;4;5;1.0252;5
17;2025-11-29;5;140;1.0255;140
17;2025-11-29;6;600;1.0255;600
17;2025-11-29;7;1271;1.0255;1271
17;2025-11-29;8;1826;1.0331;1826
17;2025-11-29;9;2322;1.0418;2322
17;2025-11-29;10;2585;1.0334;2585
17;2025-11-29;11;3074;1.0235;3074
17;2025-11-29;12;3435;1.0177;3435
17;2025-11-29;13;3641;1.0094;3641
17;2025-11-29;14;3699;1.0113;3699
17;2025-11-29;15;3708;1.0114;3708
17;2025-11-29;16;3716;1.0116;3716
17;2025-11-29;17;3514;1.0167;3514
17;2025-11-29;18;3183;1.0065;3183
17;2025-11-29;19;2626;1.0369;2626
17;2025-11-29;20;2038;1.0295;2038
17;2025-11-29;21;1479;1.0266;1479
17;2025-11-29;22;932;1.0273;932
17;2025-11-29;23;484;1.0304;484
17;2025-11-30;0;195;1.0343;195
17;2025-11-30;1;28;1.0659;28
17;2025-11-30;2;0;1.0;0
17;2025-11-30;3;0;1.0;0
17;2025-11-30;4;5;1.0659;5
17;2025-11-30;5;109;1.0416;109
17;2025-11-30;6;453;1.0419;453
17;2025-11-30;7;833;1.0428;833
17;2025-11-30;8;1272;1.0509;1272
17;2025-11-30;9;1736;1.0513;1736
17;2025-11-30;10;2036;1.04;2036
17;2025-11-30;11;2587;1.0279;2587
17;2025-11-30;12;2971;1.0197;2971
17;2025-11-30;13;3247;1.008;3247
17;2025-11-30;14;3338;1.007;3338
17;2025-11-30;15;3306;1.0036;3306
17;2025-11-30;16;3232;1.0036;3232
17;2025-11-30;17;3055;1.0194;3055
17;2025-11-30;18;2675;1.0288;2675
17;2025-11-30;19;2180;1.0377;2180
17;2025-11-30;20;1639;1.0632;1639
17;2025-11-30;21;1178;1.0452;1178
17;2025-11-30;22;739;1.0664;739
17;2025-11-30;23;326;1.0471;326
17;2025-12-01;0;117;0.9894;117
17;2025-12-01;1;11;0.9894;11
17;2025-12-01;2;0;1.0;0
17;2025-12-01;3;0;1.0;0
17;2025-12-01;4;27;0.9843;27
17;2025-12-01;5;321;0.9837;321
17;2025-12-01;6;1551;0.9802;1551
17;2025-12-01;7;4145;0.964;4145
17;2025-12-01;8;5409;0.959;5409
17;2025-12-01;9;3808;0.9728;3808
17;2025-12-01;10;2979;0.9762;2979
17;2025-12-01;11;2929;0.9724;2929
17;2025-12-01;12;2973;0.9703;2973
17;2025-12-01;13;3031;0.9647;3031
17;2025-12-01;14;3113;0.9601;3113
17;2025-12-01;15;3243;0.9655;3243
17;2025-12-01;16;3656;0.9653;3656
17;2025-12-01;17;4501;0.9684;4501
17;2025-12-01;18;4900;0.969;4900
17;2025-12-01;19;3425;0.9932;3425
17;2025-12-01;20;2372;1.0021;2372
17;2025-12-01;21;1475;0.9827;1475
17;2025-12-01;22;768;1.0041;768
17;2025-12-01;23;365;0.9896;365
17;2025-12-02;0;117;1.0183;117
17;2025-12-02;1;11;1.0199;11
17;2025-12-02;2;0;1.0;0
17;2025-12-02;3;0;1.0;0
17;2025-12-02;4;27;1.0239;27
17;2025-12-02;5;321;1.0229;321
17;2025-12-02;6;1551;1.0204;1551
17;2025-12-02;7;4145;1.0042;4145
17;2025-12-02;8;5409;0.9964;5409
17;2025-12-02;9;3808;1.0089;3808
17;2025-12-02;10;2979;1.029;2979
17;2025-12-02;11;2929;1.0254;2929
17;2025-12-02;12;2973;1.0238;2973
17;2025-12-02;13;3031;1.0148;3031
17;2025-12-02;14;3113;1.0124;3113
17;2025-12-02;15;3243;1.011;3243
17;2025-12-02;16;3656;1.0061;3656
17;2025-12-02;17;4501;1.006;4501
17;2025-12-02;18;4900;1.0041;4900
17;2025-12-02;19;3425;1.038;3425
17;2025-12-02;20;2372;1.0463;2372
17;2025-12-02;21;1475;1.0267;1475
17;2025-12-02;22;768;1.048;768
17;2025-12-02;23;365;1.0288;365
17;2025-12-03;0;117;1.0261;117
17;2025-12-03;1;11;1.0261;11
17;2025-12-03;2;0;1.0;0
17;2025-12-03;3;0;1.0;0
17;2025-12-03;4;27;1.0276;27
17;2025-12-03;5;321;1.0276;321
17;2025-12-03;6;1551;1.0241;1551
17;2025-12-03;7;4145;1.0079;4145
17;2025-12-03;8;5409;0.9964;5409
17;2025-12-03;9;3808;1.0126;3808
17;2025-12-03;10;2979;1.0336;2979
17;2025-12-03;11;2929;1.0309;2929
17;2025-12-03;12;2973;1.0292;2973
17;2025-12-03;13;3031;1.0198;3031
17;2025-12-03;14;3113;1.0174;3113
17;2025-12-03;15;3243;1.0142;3243
17;2025-12-03;16;3656;1.0093;3656
17;2025-12-03;17;4501;1.0094;4501
17;2025-12-03;18;4900;1.0063;4900
17;2025-12-03;19;3425;1.0412;3425
17;2025-12-03;20;2372;1.05;2372
17;2025-12-03;21;1475;1.0304;1475
17;2025-12-03;22;768;1.0517;768
17;2025-12-03;23;365;1.0325;365
17;2025-12-04;0;117;1.042;117
17;2025-12-04;1;11;1.0405;11
17;2025-12-04;2;0;1.0;0
17;2025-12-04;3;0;1.0;0
17;2025-12-04;4;27;1.0418;27
17;2025-12-04;5;321;1.0428;321
17;2025-12-04;6;1551;1.0393;1551
17;2025-12-04;7;4145;1.0226;4145
17;2025-12-04;8;5409;1.0114;5409
17;2025-12-04;9;3808;1.0277;3808
17;2025-12-04;10;2979;1.0494;2979
17;2025-12-04;11;2929;1.0464;2929
17;2025-12-04;12;2973;1.0447;2973
17;2025-12-04;13;3031;1.0353;3031
17;2025-12-04;14;3113;1.0329;3113
17;2025-12-04;15;3243;1.0315;3243
17;2025-12-04;16;3656;1.0244;3656
17;2025-12-04;17;4501;1.0229;4501
17;2025-12-04;18;4900;1.0137;4900
17;2025-12-04;19;3425;1.0504;3425
17;2025-12-04;20;2372;1.0579;2372
17;2025-12-04;21;1475;1.0383;1475
17;2025-12-04;22;768;1.0596;768
17;2025-12-04;23;365;1.0403;365
17;2025-12-05;0;152;1.0126;152
17;2025-12-05;1;15;1.0111;15
17;2025-12-05;2;0;1.0;0
17;2025-12-05;3;0;1.0;0
17;2025-12-05;4;27;1.0097;27
17;2025-12-05;5;333;1.0111;333
17;2025-12-05;6;1606;1.0116;1606
17;2025-12-05;7;4290;1.003;4290
17;2025-12-05;8;5540;0.9951;5540
17;2025-12-05;9;3958;1.0077;3958
17;2025-12-05;10;3181;1.0198;3181
17;2025-12-05;11;3194;1.0175;3194
17;2025-12-05;12;3257;1.0187;3257
17;2025-12-05;13;3329;1.0127;3329
17;2025-12-05;14;3407;1.0122;3407
17;2025-12-05;15;3755;1.0134;3755
17;2025-12-05;16;4423;0.9984;4423
17;2025-12-05;17;4919;0.9955;4919
17;2025-12-05;18;4632;0.9833;4632
17;2025-12-05;19;3441;0.9919;3441
17;2025-12-05;20;2509;0.9949;2509
17;2025-12-05;21;1684;0.9958;1684
17;2025-12-05;22;924;1.0175;924
17;2025-12-05;23;495;0.9991;495
17;2025-12-06;0;228;1.0255;228
17;2025-12-06;1;28;1.0064;28
17;2025-12-06;2;0;1.0;0
17;2025-12-06;3;0;1.0;0
17;2025-12-06;4;5;1.0064;5
17;2025-12-06;5;140;1.0079;140
17;2025-12-06;6;600;1.0079;600
17;2025-12-06;7;1271;1.0079;1271
17;2025-12-06;8;1826;1.01;1826
17;2025-12-06;9;2322;1.0197;2322
17;2025-12-06;10;2585;1.0152;2585
17;2025-12-06;11;3074;1.0067;3074
17;2025-12-06;12;3435;0.9994;3435
17;2025-12-06;13;3641;0.9936;3641
17;2025-12-06;14;3699;0.9946;3699
17;2025-12-06;15;3708;0.9959;3708
17;2025-12-06;16;3716;0.9939;3716
17;2025-12-06;17;3514;1.0005;3514
17;2025-12-06;18;3183;0.9965;3183
17;2025-12-06;19;2626;1.026;2626
17;2025-12-06;20;2038;1.0178;2038
17;2025-12-06;21;1479;1.0145;1479
17;2025-12-06;22;932;1.0108;932
17;2025-12-06;23;484;1.0139;484
17;2025-12-07;0;195;1.0293;195
17;2025-12-07;1;28;1.0513;28
17;2025-12-07;2;0;1.0;0
17;2025-12-07;3;0;1.0;0
17;2025-12-07;4;5;1.052;5
17;2025-12-07;5;109;1.0277;109
17;2025-12-07;6;453;1.028;453
17;2025-12-07;7;833;1.0289;833
17;2025-12-07;8;1272;1.037;1272
17;2025-12-07;9;1736;1.0331;1736
17;2025-12-07;10;2036;1.0199;2036
17;2025-12-07;11;2587;1.004;2587
17;2025-12-07;12;2971;0.9946;2971
17;2025-12-07;13;3247;0.986;3247
17;2025-12-07;14;3338;0.9851;3338
17;2025-12-07;15;3306;0.9856;3306
17;2025-12-07;16;3232;0.9835;3232
17;2025-12-07;17;3055;0.9996;3055
17;2025-12-07;18;2675;1.009;2675
17;2025-12-07;19;2180;1.0183;2180
17;2025-12-07;20;1639;1.0468;1639
17;2025-12-07;21;1178;1.0313;1178
17;2025-12-07;22;739;1.051;739
17;2025-12-07;23;326;1.0317;326
17;2025-12-08;0;117;1.011;117
17;2025-12-08;1;11;1.011;11
17;2025-12-08;2;0;1.0;0
17;2025-12-08;3;0;1.0;0
17;2025-12-08;4;27;1.0167;27
17;2025-12-08;5;321;1.0167;321
17;2025-12-08;6;1551;1.0123;1551
17;2025-12-08;7;4145;1.0096;4145
17;2025-12-08;8;5409;1.0044;5409
17;2025-12-08;9;3808;1.0069;3808
17;2025-12-08;10;2979;1.0193;2979
17;2025-12-08;11;2929;1.0155;2929
17;2025-12-08;12;2973;1.0139;2973
17;2025-12-08;13;3031;1.0044;3031
17;2025-12-08;14;3113;1.0037;3113
17;2025-12-08;15;3243;1.0019;3243
17;2025-12-08;16;3656;0.9981;3656
17;2025-12-08;17;4501;1.0081;4501
17;2025-12-08;18;4900;1.0016;4900
17;2025-12-08;19;3425;1.0282;3425
17;2025-12-08;20;2372;1.0337;2372
17;2025-12-08;21;1475;1.0147;1475
17;2025-12-08;22;768;1.0353;768
17;2025-12-08;23;365;1.016;365
17;2025-12-09;0;117;1.0211;117
17;2025-12-09;1;11;1.0243;11
17;2025-12-09;2;0;1.0;0
17;2025-12-09;3;0;1.0;0
17;2025-12-09;4;27;1.0209;27
17;2025-12-09;5;321;1.0153;321
17;2025-12-09;6;1551;1.0118;1551
17;2025-12-09;7;4145;0.9725;4145
17;2025-12-09;8;5409;0.9707;5409
17;2025-12-09;9;3808;0.9838;3808
17;2025-12-09;10;2979;1.0162;2979
17;2025-12-09;11;2929;1.0069;2929
17;2025-12-09;12;2973;1.0044;2973
17;2025-12-09;13;3031;0.9923;3031
17;2025-12-09;14;3113;0.987;3113
17;2025-12-09;15;3243;0.9933;3243
17;2025-12-09;16;3656;0.9942;3656
17;2025-12-09;17;4501;0.973;4501
17;2025-12-09;18;4900;0.9792;4900
17;2025-12-09;19;3425;1.0313;3425
17;2025-12-09;20;2372;1.0449;2372
17;2025-12-09;21;1475;1.0201;1475
17;2025-12-09;22;768;1.0422;768
17;2025-12-09;23;365;1.0212;365
17;2025-12-10;0;117;1.0308;117
17;2025-12-10;1;11;1.0308;11
17;2025-12-10;2;0;1.0;0
17;2025-12-10;3;0;1.0;0
17;2025-12-10;4;27;1.0319;27
17;2025-12-10;5;321;1.0327;321
17;2025-12-10;6;1551;1.0282;1551
17;2025-12-10;7;4145;1.0126;4145
17;2025-12-10;8;5409;1.0011;5409
17;2025-12-10;9;3808;1.0186;3808
17;2025-12-10;10;2979;1.0449;2979
17;2025-12-10;11;2929;1.0406;2929
17;2025-12-10;12;2973;1.0385;2973
17;2025-12-10;13;3031;1.0283;3031
17;2025-12-10;14;3113;1.0256;3113
17;2025-12-10;15;3243;1.0242;3243
17;2025-12-10;16;3656;1.0163;3656
17;2025-12-10;17;4501;1.0125;4501
17;2025-12-10;18;4900;1.0082;4900
17;2025-12-10;19;3425;1.0481;3425
17;2025-12-10;20;2372;1.0562;2372
17;2025-12-10;21;1475;1.0395;1475
17;2025-12-10;22;768;1.0584;768
17;2025-12-10;23;365;1.0416;365
17;2025-12-11;0;117;1.0339;117
17;2025-12-11;1;11;1.0349;11
17;2025-12-11;2;0;1.0;0
17;2025-12-11;3;0;1.0;0
17;2025-12-11;4;27;1.034;27
17;2025-12-11;5;321;1.034;321
17;2025-12-11;6;1551;1.0225;1551
17;2025-12-11;7;4145;1.0031;4145
17;2025-12-11;8;5409;1.0019;5409
17;2025-12-11;9;3808;1.0079;3808
17;2025-12-11;10;2979;1.0274;2979
17;2025-12-11;11;2929;1.0191;2929
17;2025-12-11;12;2973;1.0169;2973
17;2025-12-11;13;3031;1.0207;3031
17;2025-12-11;14;3113;1.0171;3113
17;2025-12-11;15;3243;1.0208;3243
17;2025-12-11;16;3656;1.0138;3656
17;2025-12-11;17;4501;1.0191;4501
17;2025-12-11;18;4900;1.0089;4900
17;2025-12-11;19;3425;1.0364;3425
17;2025-12-11;20;2372;1.0386;2372
17;2025-12-11;21;1475;1.0225;1475
17;2025-12-11;22;768;1.0467;768
17;2025-12-11;23;365;1.0287;365
17;2025-12-12;0;152;1.0028;152
17;2025-12-12;1;15;1.0028;15
17;2025-12-12;2;0;1.0;0
17;2025-12-12;3;0;1.0;0
17;2025-12-12;4;27;1.0016;27
17;2025-12-12;5;333;0.9938;333
17;2025-12-12;6;1606;0.9994;1606
17;2025-12-12;7;4290;0.9874;4290
17;2025-12-12;8;5540;0.982;5540
17;2025-12-12;9;3958;1.0049;3958
17;2025-12-12;10;3181;1.0126;3181
17;2025-12-12;11;3194;1.0076;3194
17;2025-12-12;12;3257;0.9992;3257
17;2025-12-12;13;3329;0.9969;3329
17;2025-12-12;14;3407;0.9964;3407
17;2025-12-12;15;3755;0.987;3755
17;2025-12-12;16;4423;0.9451;4423
17;2025-12-12;17;4919;0.9407;4919
17;2025-12-12;18;4632;0.9275;4632
17;2025-12-12;19;3441;0.961;3441
17;2025-12-12;20;2509;0.9606;2509
17;2025-12-12;21;1684;0.9626;1684
17;2025-12-12;22;924;0.9832;924
17;2025-12-12;23;495;0.9651;495
17;2025-12-13;0;228;0.9705;228
17;2025-12-13;1;28;0.9466;28
17;2025-12-13;2;0;1.0;0
17;2025-12-13;3;0;1.0;0
17;2025-12-13;4;5;0.9466;5
17;2025-12-13;5;140;0.9574;140
17;2025-12-13;6;600;0.9615;600
17;2025-12-13;7;1271;0.9574;1271
17;2025-12-13;8;1826;0.9648;1826
17;2025-12-13;9;2322;0.9737;2322
17;2025-12-13;10;2585;0.9569;2585
17;2025-12-13;11;3074;0.9148;3074
17;2025-12-13;12;3435;0.8986;3435
17;2025-12-13;13;3641;0.8907;3641
17;2025-12-13;14;3699;0.8891;3699
17;2025-12-13;15;3708;0.887;3708
17;2025-12-13;16;3716;0.887;3716
17;2025-12-13;17;3514;0.8974;3514
17;2025-12-13;18;3183;0.8912;3183
17;2025-12-13;19;2626;0.9619;2626
17;2025-12-13;20;2038;0.9563;2038
17;2025-12-13;21;1479;0.9455;1479
17;2025-12-13;22;932;0.9613;932
17;2025-12-13;23;484;0.9593;484
17;2025-12-14;0;195;0.971;195
17;2025-12-14;1;28;1.0002;28
17;2025-12-14;2;0;1.0;0
17;2025-12-14;3;0;1.0;0
17;2025-12-14;4;5;1.0146;5
17;2025-12-14;5;109;0.9865;109
17;2025-12-14;6;453;1.0073;453
17;2025-12-14;7;833;1.0118;833
17;2025-12-14;8;1272;1.0101;1272
17;2025-12-14;9;1736;0.9947;1736
17;2025-12-14;10;2036;0.9791;2036
17;2025-12-14;11;2587;0.9752;2587
17;2025-12-14;12;2971;0.899;2971
17;2025-12-14;13;3247;0.8867;3247
17;2025-12-14;14;3338;0.8843;3338
17;2025-12-14;15;3306;0.8831;3306
17;2025-12-14;16;3232;0.9498;3232
17;2025-12-14;17;3055;0.9664;3055
17;2025-12-14;18;2675;0.9742;2675
17;2025-12-14;19;2180;1.0018;2180
17;2025-12-14;20;1639;1.0272;1639
17;2025-12-14;21;1178;1.0094;1178
17;2025-12-14;22;739;1.0324;739
17;2025-12-14;23;326;1.0188;326
17;2025-12-15;0;117;0.9868;117
17;2025-12-15;1;11;0.9849;11
17;2025-12-15;2;0;1.0;0
17;2025-12-15;3;0;1.0;0
17;2025-12-15;4;27;0.9799;27
17;2025-12-15;5;321;0.9799;321
17;2025-12-15;6;1551;0.9775;1551
17;2025-12-15;7;4145;0.9684;4145
17;2025-12-15;8;5409;0.9631;5409
17;2025-12-15;9;3808;0.9696;3808
17;2025-12-15;10;2979;0.9839;2979
17;2025-12-15;11;2929;0.98;2929
17;2025-12-15;12;2973;0.9782;2973
17;2025-12-15;13;3031;0.9701;3031
17;2025-12-15;14;3113;0.9662;3113
17;2025-12-15;15;3243;0.9657;3243
17;2025-12-15;16;3656;0.9613;3656
17;2025-12-15;17;4501;0.9702;4501
17;2025-12-15;18;4900;0.9729;4900
17;2025-12-15;19;3425;0.9982;3425
17;2025-12-15;20;2372;1.0068;2372
17;2025-12-15;21;1475;0.9897;1475
17;2025-12-15;22;768;1.0086;768
17;2025-12-15;23;365;0.9918;365
17;2025-12-16;0;117;1.0295;117
17;2025-12-16;1;11;1.0295;11
17;2025-12-16;2;0;1.0;0
17;2025-12-16;3;0;1.0;0
17;2025-12-16;4;27;1.0297;27
17;2025-12-16;5;321;1.0294;321
17;2025-12-16;6;1551;1.0269;1551
17;2025-12-16;7;4145;1.0143;4145
17;2025-12-16;8;5409;1.0063;5409
17;2025-12-16;9;3808;1.0272;3808
17;2025-12-16;10;2979;1.0469;2979
17;2025-12-16;11;2929;1.0354;2929
17;2025-12-16;12;2973;1.032;2973
17;2025-12-16;13;3031;1.0288;3031
17;2025-12-16;14;3113;1.034;3113
17;2025-12-16;15;3243;1.0321;3243
17;2025-12-16;16;3656;1.0259;3656
17;2025-12-16;17;4501;1.0235;4501
17;2025-12-16;18;4900;1.0074;4900
17;2025-12-16;19;3425;1.0506;3425
17;2025-12-16;20;2372;1.052;2372
17;2025-12-16;21;1475;1.0378;1475
17;2025-12-16;22;768;1.0567;768
17;2025-12-16;23;365;1.0391;365
17;2025-12-17;0;117;1.0405;117
17;2025-12-17;1;11;1.04;11
17;2025-12-17;2;0;1.0;0
17;2025-12-17;3;0;1.0;0
17;2025-12-17;4;27;1.0398;27
17;2025-12-17;5;321;1.0398;321
17;2025-12-17;6;1551;1.0376;1551
17;2025-12-17;7;4145;1.023;4145
17;2025-12-17;8;5409;1.0115;5409
17;2025-12-17;9;3808;1.0279;3808
17;2025-12-17;10;2979;1.0543;2979
17;2025-12-17;11;2929;1.0492;2929
17;2025-12-17;12;2973;1.0476;2973
17;2025-12-17;13;3031;1.0381;3031
17;2025-12-17;14;3113;1.0358;3113
17;2025-12-17;15;3243;1.0343;3243
17;2025-12-17;16;3656;1.0247;3656
17;2025-12-17;17;4501;1.0224;4501
17;2025-12-17;18;4900;1.0181;4900
17;2025-12-17;19;3425;1.057;3425
17;2025-12-17;20;2372;1.0652;2372
17;2025-12-17;21;1475;1.0455;1475
17;2025-12-17;22;768;1.0669;768
17;2025-12-17;23;365;1.0476;365
17;2025-12-18;0;117;1.048;117
17;2025-12-18;1;11;1.0468;11
17;2025-12-18;2;0;1.0;0
17;2025-12-18;3;0;1.0;0
17;2025-12-18;4;27;1.045;27
17;2025-12-18;5;321;1.045;321
17;2025-12-18;6;1551;1.0429;1551
17;2025-12-18;7;4145;1.0253;4145
17;2025-12-18;8;5409;1.0138;5409
17;2025-12-18;9;3808;1.0303;3808
17;2025-12-18;10;2979;1.0465;2979
17;2025-12-18;11;2929;1.0377;2929
17;2025-12-18;12;2973;1.0415;2973
17;2025-12-18;13;3031;1.0409;3031
17;2025-12-18;14;3113;1.0385;3113
17;2025-12-18;15;3243;1.0371;3243
17;2025-12-18;16;3656;1.0292;3656
17;2025-12-18;17;4501;1.0241;4501
17;2025-12-18;18;4900;1.0153;4900
17;2025-12-18;19;3425;1.0542;3425
17;2025-12-18;20;2372;1.0608;2372
17;2025-12-18;21;1475;1.0425;1475
17;2025-12-18;22;768;1.0626;768
17;2025-12-18;23;365;1.0433;365
17;2025-12-19;0;152;1.004;152
17;2025-12-19;1;15;1.0043;15
17;2025-12-19;2;0;1.0;0
17;2025-12-19;3;0;1.0;0
17;2025-12-19;4;27;1.003;27
17;2025-12-19;5;333;1.0033;333
17;2025-12-19;6;1606;1.0023;1606
17;2025-12-19;7;4290;0.9924;4290
17;2025-12-19;8;5540;0.9822;5540
17;2025-12-19;9;3958;0.9997;3958
17;2025-12-19;10;3181;1.0136;3181
17;2025-12-19;11;3194;1.0103;3194
17;2025-12-19;12;3257;1.0107;3257
17;2025-12-19;13;3329;1.0052;3329
17;2025-12-19;14;3407;1.0047;3407
17;2025-12-19;15;3755;1.0039;3755
17;2025-12-19;16;4423;0.9893;4423
17;2025-12-19;17;4919;0.9852;4919
17;2025-12-19;18;4632;0.9736;4632
17;2025-12-19;19;3441;0.9829;3441
17;2025-12-19;20;2509;0.9858;2509
17;2025-12-19;21;1684;0.9879;1684
17;2025-12-19;22;924;1.007;924
17;2025-12-19;23;495;0.9911;495
17;2025-12-20;0;228;1.0476;228
17;2025-12-20;1;28;1.0285;28
17;2025-12-20;2;0;1.0;0
17;2025-12-20;3;0;1.0;0
17;2025-12-20;4;5;1.0285;5
17;2025-12-20;5;140;1.0285;140
17;2025-12-20;6;600;1.0283;600
17;2025-12-20;7;1271;1.0283;1271
17;2025-12-20;8;1826;1.0358;1826
17;2025-12-20;9;2322;1.0401;2322
17;2025-12-20;10;2585;1.0351;2585
17;2025-12-20;11;3074;1.0181;3074
17;2025-12-20;12;3435;1.0112;3435
17;2025-12-20;13;3641;1.0084;3641
17;2025-12-20;14;3699;1.0059;3699
17;2025-12-20;15;3708;1.0102;3708
17;2025-12-20;16;3716;1.0052;3716
17;2025-12-20;17;3514;1.0097;3514
17;2025-12-20;18;3183;0.9985;3183
17;2025-12-20;19;2626;1.032;2626
17;2025-12-20;20;2038;1.0136;2038
17;2025-12-20;21;1479;1.0107;1479
17;2025-12-20;22;932;1.0232;932
17;2025-12-20;23;484;1.0263;484
17;2025-12-21;0;195;1.011;195
17;2025-12-21;1;28;1.0186;28
17;2025-12-21;2;0;1.0;0
17;2025-12-21;3;0;1.0;0
17;2025-12-21;4;5;1.0262;5
17;2025-12-21;5;109;1.0099;109
17;2025-12-21;6;453;0.9905;453
17;2025-12-21;7;833;1.0099;833
17;2025-12-21;8;1272;1.0232;1272
17;2025-12-21;9;1736;1.0247;1736
17;2025-12-21;10;2036;1.0118;2036
17;2025-12-21;11;2587;0.9937;2587
17;2025-12-21;12;2971;0.9753;2971
17;2025-12-21;13;3247;0.968;3247
17;2025-12-21;14;3338;0.9658;3338
17;2025-12-21;15;3306;0.9645;3306
17;2025-12-21;16;3232;0.9645;3232
17;2025-12-21;17;3055;0.9825;3055
17;2025-12-21;18;2675;0.9955;2675
17;2025-12-21;19;2180;1.0097;2180
17;2025-12-21;20;1639;1.0362;1639
17;2025-12-21;21;1178;1.0207;1178
17;2025-12-21;22;739;1.0316;739
17;2025-12-21;23;326;1.0211;326
17;2025-12-22;0;117;1.0022;117
17;2025-12-22;1;11;1.0019;11
17;2025-12-22;2;0;1.0;0
17;2025-12-22;3;0;1.0;0
17;2025-12-22;4;27;1.0045;27
17;2025-12-22;5;321;1.0063;321
17;2025-12-22;6;1551;0.9987;1551
17;2025-12-22;7;4145;0.991;4145
17;2025-12-22;8;5409;0.9881;5409
17;2025-12-22;9;3808;0.9943;3808
17;2025-12-22;10;2979;1.0081;2979
17;2025-12-22;11;2929;1.0044;2929
17;2025-12-22;12;2973;0.999;2973
17;2025-12-22;13;3031;0.9774;3031
17;2025-12-22;14;3113;0.9735;3113
17;2025-12-22;15;3243;0.9728;3243
17;2025-12-22;16;3656;0.9656;3656
17;2025-12-22;17;4501;0.9729;4501
17;2025-12-22;18;4900;0.981;4900
17;2025-12-22;19;3425;1.0108;3425
17;2025-12-22;20;2372;1.0222;2372
17;2025-12-22;21;1475;1.004;1475
17;2025-12-22;22;768;1.0295;768
17;2025-12-22;23;365;0.9958;365
17;2025-12-23;0;117;1.0147;117
17;2025-12-23;1;11;1.0147;11
17;2025-12-23;2;0;1.0;0
17;2025-12-23;3;0;1.0;0
17;2025-12-23;4;27;1.0182;27
17;2025-12-23;5;321;1.0201;321
17;2025-12-23;6;1551;1.0127;1551
17;2025-12-23;7;4145;0.9888;4145
17;2025-12-23;8;5409;0.9789;5409
17;2025-12-23;9;3808;0.993;3808
17;2025-12-23;10;2979;1.0222;2979
17;2025-12-23;11;2929;1.0181;2929
17;2025-12-23;12;2973;1.0165;2973
17;2025-12-23;13;3031;1.0096;3031
17;2025-12-23;14;3113;1.0054;3113
17;2025-12-23;15;3243;1.0078;3243
17;2025-12-23;16;3656;0.9963;3656
17;2025-12-23;17;4501;0.996;4501
17;2025-12-23;18;4900;0.9986;4900
17;2025-12-23;19;3425;1.0427;3425
17;2025-12-23;20;2372;1.053;2372
17;2025-12-23;21;1475;1.0324;1475
17;2025-12-23;22;768;1.0556;768
17;2025-12-23;23;365;1.0327;365
17;2025-12-24;0;117;1.0236;117
17;2025-12-24;1;11;1.0236;11
17;2025-12-24;2;0;1.0;0
17;2025-12-24;3;0;1.0;0
17;2025-12-24;4;27;1.0262;27
17;2025-12-24;5;321;1.028;321
17;2025-12-24;6;1551;1.0216;1551
17;2025-12-24;7;4145;1.0;4145
17;2025-12-24;8;5409;0.988;5409
17;2025-12-24;9;3808;1.0058;3808
17;2025-12-24;10;2979;1.03;2979
17;2025-12-24;11;2929;1.0207;2929
17;2025-12-24;12;2973;1.0247;2973
17;2025-12-24;13;3031;1.0085;3031
17;2025-12-24;14;3113;1.0046;3113
17;2025-12-24;15;3243;1.0034;3243
17;2025-12-24;16;3656;0.9938;3656
17;2025-12-24;17;4501;0.999;4501
17;2025-12-24;18;4900;1.0007;4900
17;2025-12-24;19;3425;1.0339;3425
17;2025-12-24;20;2372;1.0453;2372
17;2025-12-24;21;1475;1.0306;1475
17;2025-12-24;22;768;1.0495;768
17;2025-12-24;23;365;1.0289;365
17;2025-12-25;0;117;1.0254;117
17;2025-12-25;1;11;1.0254;11
17;2025-12-25;2;0;1.0;0
17;2025-12-25;3;0;1.0;0
17;2025-12-25;4;27;1.0353;27
17;2025-12-25;5;321;1.0372;321
17;2025-12-25;6;1551;1.028;1551
17;2025-12-25;7;4145;1.0166;4145
17;2025-12-25;8;5409;1.0092;5409
17;2025-12-25;9;3808;1.0216;3808
17;2025-12-25;10;2979;1.039;2979
17;2025-12-25;11;2929;1.0334;2929
17;2025-12-25;12;2973;1.0313;2973
17;2025-12-25;13;3031;1.0286;3031
17;2025-12-25;14;3113;1.0194;3113
17;2025-12-25;15;3243;1.0168;3243
17;2025-12-25;16;3656;1.0063;3656
17;2025-12-25;17;4501;0.9936;4501
17;2025-12-25;18;4900;0.9949;4900
17;2025-12-25;19;3425;1.0397;3425
17;2025-12-25;20;2372;1.035;2372
17;2025-12-25;21;1475;1.0174;1475
17;2025-12-25;22;768;1.0378;768
17;2025-12-25;23;365;1.0027;365
17;2025-12-26;0;152;0.9382;152
17;2025-12-26;1;15;0.9457;15
17;2025-12-26;2;0;1.0;0
17;2025-12-26;3;0;1.0;0
17;2025-12-26;4;27;0.9486;27
17;2025-12-26;5;333;0.9498;333
17;2025-12-26;6;1606;0.9447;1606
17;2025-12-26;7;4290;0.9288;4290
17;2025-12-26;8;5540;0.9227;5540
17;2025-12-26;9;3958;0.9428;3958
17;2025-12-26;10;3181;0.9523;3181
17;2025-12-26;11;3194;0.9388;3194
17;2025-12-26;12;3257;0.9371;3257
17;2025-12-26;13;3329;0.9445;3329
17;2025-12-26;14;3407;0.9438;3407
17;2025-12-26;15;3755;0.9479;3755
17;2025-12-26;16;4423;0.9127;4423
17;2025-12-26;17;4919;0.9079;4919
17;2025-12-26;18;4632;0.9003;4632
17;2025-12-26;19;3441;0.9236;3441
17;2025-12-26;20;2509;0.9246;2509
17;2025-12-26;21;1684;0.9341;1684
17;2025-12-26;22;924;0.9634;924
17;2025-12-26;23;495;0.9363;495
17;2025-12-27;0;228;0.9917;228
17;2025-12-27;1;28;0.9583;28
17;2025-12-27;2;0;1.0;0
17;2025-12-27;3;0;1.0;0
17;2025-12-27;4;5;0.9621;5
17;2025-12-27;5;140;0.9621;140
17;2025-12-27;6;600;0.9621;600
17;2025-12-27;7;1271;0.9621;1271
17;2025-12-27;8;1826;0.9879;1826
17;2025-12-27;9;2322;1.0059;2322
17;2025-12-27;10;2585;1.0044;2585
17;2025-12-27;11;3074;0.9831;3074
17;2025-12-27;12;3435;0.9742;3435
17;2025-12-27;13;3641;0.9688;3641
17;2025-12-27;14;3699;0.9674;3699
17;2025-12-27;15;3708;0.9667;3708
17;2025-12-27;16;3716;0.9667;3716
17;2025-12-27;17;3514;0.9762;3514
17;2025-12-27;18;3183;0.9816;3183
17;2025-12-27;19;2626;1.0166;2626
17;2025-12-27;20;2038;1.0138;2038
17;2025-12-27;21;1479;1.0037;1479
17;2025-12-27;22;932;0.9911;932
17;2025-12-27;23;484;1.0004;484
17;2025-12-28;0;195;0.9661;195
17;2025-12-28;1;28;0.9929;28
17;2025-12-28;2;0;1.0;0
17;2025-12-28;3;0;1.0;0
17;2025-12-28;4;5;0.9911;5
17;2025-12-28;5;109;0.9582;109
17;2025-12-28;6;453;0.9518;453
17;2025-12-28;7;833;0.9449;833
17;2025-12-28;8;1272;0.9523;1272
17;2025-12-28;9;1736;0.9595;1736
17;2025-12-28;10;2036;0.9604;2036
17;2025-12-28;11;2587;0.928;2587
17;2025-12-28;12;2971;0.9212;2971
17;2025-12-28;13;3247;0.9057;3247
17;2025-12-28;14;3338;0.8995;3338
17;2025-12-28;15;3306;0.9002;3306
17;2025-12-28;16;3232;0.9041;3232
17;2025-12-28;17;3055;0.9245;3055
17;2025-12-28;18;2675;0.9386;2675
17;2025-12-28;19;2180;0.9743;2180
17;2025-12-28;20;1639;0.9911;1639
17;2025-12-28;21;1178;0.9643;1178
17;2025-12-28;22;739;0.9929;739
17;2025-12-28;23;326;0.9655;326
17;2025-12-29;0;103;1.0;103
17;2025-12-29;1;10;1.0;10
17;2025-12-29;2;0;1.0;0
17;2025-12-29;3;0;1.0;0
17;2025-12-29;4;23;1.0;23
17;2025-12-29;5;283;1.0;283
17;2025-12-29;6;1365;1.0;1365
17;2025-12-29;7;3648;1.0;3648
17;2025-12-29;8;4760;1.0;4760
17;2025-12-29;9;3351;1.0;3351
17;2025-12-29;10;2622;1.0;2622
17;2025-12-29;11;2578;1.0;2578
17;2025-12-29;12;2616;1.0;2616
17;2025-12-29;13;2668;1.0;2668
17;2025-12-29;14;2740;1.0;2740
17;2025-12-29;15;2854;1.0;2854
17;2025-12-29;16;3217;1.0;3217
17;2025-12-29;17;3960;1.0;3960
17;2025-12-29;18;4312;1.0;4312
17;2025-12-29;19;3014;1.0;3014
17;2025-12-29;20;2088;1.0;2088
17;2025-12-29;21;1299;1.0;1299
17;2025-12-29;22;676;1.0;676
17;2025-12-29;23;322;1.0;322
17;2025-12-30;0;103;1.0;103
17;2025-12-30;1;10;1.0;10
17;2025-12-30;2;0;1.0;0
17;2025-12-30;3;0;1.0;0
17;2025-12-30;4;23;1.0;23
17;2025-12-30;5;283;1.0;283
17;2025-12-30;6;1365;1.0;1365
17;2025-12-30;7;3648;1.0;3648
17;2025-12-30;8;4760;1.0;4760
17;2025-12-30;9;3351;1.0;3351
17;2025-12-30;10;2622;1.0;2622
17;2025-12-30;11;2578;1.0;2578
17;2025-12-30;12;2616;1.0;2616
17;2025-12-30;13;2668;1.0;2668
17;2025-12-30;14;2740;1.0;2740
17;2025-12-30;15;2854;1.0;2854
17;2025-12-30;16;3217;1.0;3217
17;2025-12-30;17;3960;1.0;3960
17;2025-12-30;18;4312;1.0;4312
17;2025-12-30;19;3014;1.0;3014
17;2025-12-30;20;2088;1.0;2088
17;2025-12-30;21;1299;1.0;1299
17;2025-12-30;22;676;1.0;676
17;2025-12-30;23;322;1.0;322
17;2025-12-31;0;171;1.0;171
17;2025-12-31;1;27;1.0;27
17;2025-12-31;2;0;1.0;0
17;2025-12-31;3;0;1.0;0
17;2025-12-31;4;6;1.0;6
17;2025-12-31;5;112;1.0;112
17;2025-12-31;6;483;1.0;483
17;2025-12-31;7;997;1.0;997
17;2025-12-31;8;1481;1.0;1481
17;2025-12-31;9;1878;1.0;1878
17;2025-12-31;10;2086;1.0;2086
17;2025-12-31;11;2459;1.0;2459
17;2025-12-31;12;2756;1.0;2756
17;2025-12-31;13;2992;1.0;2992
17;2025-12-31;14;2963;1.0;2963
17;2025-12-31;15;2991;1.0;2991
17;2025-12-31;16;3021;1.0;3021
17;2025-12-31;17;2769;1.0;2769
17;2025-12-31;18;2489;1.0;2489
17;2025-12-31;19;2004;1.0;2004
17;2025-12-31;20;0;1.0;0
17;2025-12-31;21;0;1.0;0
17;2025-12-31;22;0;1.0;0
17;2025-12-31;23;0;1.0;0
25;2025-11-01;0;0;1.0;0
25;2025-11-01;1;0;1.0;0
25;2025-11-01;2;0;1.0;0
25;2025-11-01;3;0;1.0;0
25;2025-11-01;4;0;1.0;0
25;2025-11-01;5;10;1.0487;10
25;2025-11-01;6;191;1.0522;191
25;2025-11-01;7;508;1.0596;508
25;2025-11-01;8;806;1.0259;806
25;2025-11-01;9;425;1.0531;425
25;2025-11-01;10;349;1.0557;349
25;2025-11-01;11;402;1.0576;402
25;2025-11-01;12;398;1.0532;398
25;2025-11-01;13;501;1.0776;501
25;2025-11-01;14;458;1.0628;458
25;2025-11-01;15;581;1.0476;581
25;2025-11-01;16;715;1.0459;715
25;2025-11-01;17;720;1.029;720
25;2025-11-01;18;625;1.0218;625
25;2025-11-01;19;491;1.0549;491
25;2025-11-01;20;307;1.0372;307
25;2025-11-01;21;204;1.0281;204
25;2025-11-01;22;120;1.0242;120
25;2025-11-01;23;14;1.0242;14
25;2025-11-02;0;20;0.9979;20
25;2025-11-02;1;0;1.0;0
25;2025-11-02;2;0;1.0;0
25;2025-11-02;3;0;1.0;0
25;2025-11-02;4;0;1.0;0
25;2025-11-02;5;8;1.0147;8
25;2025-11-02;6;80;1.0147;80
25;2025-11-02;7;118;0.9979;118
25;2025-11-02;8;219;0.9988;219
25;2025-11-02;9;247;0.9995;247
25;2025-11-02;10;256;0.9995;256
25;2025-11-02;11;348;0.998;348
25;2025-11-02;12;417;0.9932;417
25;2025-11-02;13;520;0.9802;520
25;2025-11-02;14;595;0.9865;595
25;2025-11-02;15;684;0.9826;684
25;2025-11-02;16;579;0.9869;579
25;2025-11-02;17;552;0.9953;552
25;2025-11-02;18;482;0.9835;482
25;2025-11-02;19;371;1.009;371
25;2025-11-02;20;261;0.9966;261
25;2025-11-02;21;197;0.9966;197
25;2025-11-02;22;122;0.9966;122
25;2025-11-02;23;44;0.9928;44
25;2025-11-03;0;20;0.8676;20
25;2025-11-03;1;0;1.0;0
25;2025-11-03;2;0;1.0;0
25;2025-11-03;3;0;1.0;0
25;2025-11-03;4;0;1.0;0
25;2025-11-03;5;8;0.8527;8
25;2025-11-03;6;80;0.8527;80
25;2025-11-03;7;118;0.8618;118
25;2025-11-03;8;219;0.8635;219
25;2025-11-03;9;247;0.856;247
25;2025-11-03;10;256;0.856;256
25;2025-11-03;11;348;0.8364;348
25;2025-11-03;12;417;0.792;417
25;2025-11-03;13;520;0.7827;520
25;2025-11-03;14;595;0.7817;595
25;2025-11-03;15;684;0.7633;684
25;2025-11-03;16;579;0.8003;579
25;2025-11-03;17;552;0.8255;552
25;2025-11-03;18;482;0.8269;482
25;2025-11-03;19;371;0.8528;371
25;2025-11-03;20;261;0.8507;261
25;2025-11-03;21;197;0.8507;197
25;2025-11-03;22;122;0.8507;122
25;2025-11-03;23;44;0.8507;44
25;2025-11-04;0;20;0.9069;20
25;2025-11-04;1;0;1.0;0
25;2025-11-04;2;0;1.0;0
25;2025-11-04;3;0;1.0;0
25;2025-11-04;4;0;1.0;0
25;2025-11-04;5;8;0.8684;8
25;2025-11-04;6;80;0.8795;80
25;2025-11-04;7;118;0.8992;118
25;2025-11-04;8;219;0.8698;219
25;2025-11-04;9;247;0.885;247
25;2025-11-04;10;256;0.885;256
25;2025-11-04;11;348;0.8463;348
25;2025-11-04;12;417;0.8325;417
25;2025-11-04;13;520;0.8545;520
25;2025-11-04;14;595;0.8837;595
25;2025-11-04;15;684;0.8814;684
25;2025-11-04;16;579;0.8878;579
25;2025-11-04;17;552;0.8946;552
25;2025-11-04;18;482;0.8991;482
25;2025-11-04;19;371;0.9263;371
25;2025-11-04;20;261;0.9227;261
25;2025-11-04;21;197;0.9252;197
25;2025-11-04;22;122;0.9227;122
25;2025-11-04;23;44;0.9227;44
25;2025-11-05;0;4;1.04;4
25;2025-11-05;1;0;1.0;0
25;2025-11-05;2;0;1.0;0
25;2025-11-05;3;0;1.0;0
25;2025-11-05;4;0;1.0;0
25;2025-11-05;5;14;1.0302;14
25;2025-11-05;6;209;1.0336;209
25;2025-11-05;7;565;1.0713;565
25;2025-11-05;8;962;1.0542;962
25;2025-11-05;9;502;1.0643;502
25;2025-11-05;10;383;1.0424;383
25;2025-11-05;11;434;1.0419;434
25;2025-11-05;12;425;1.0392;425
25;2025-11-05;13;542;1.0431;542
25;2025-11-05;14;468;1.049;468
25;2025-11-05;15;559;1.0465;559
25;2025-11-05;16;692;1.0289;692
25;2025-11-05;17;773;1.0252;773
25;2025-11-05;18;825;1.0282;825
25;2025-11-05;19;558;1.0338;558
25;2025-11-05;20;338;1.0442;338
25;2025-11-05;21;224;1.0234;224
25;2025-11-05;22;114;1.0391;114
25;2025-11-05;23;11;1.0379;11
25;2025-11-06;0;4;1.0534;4
25;2025-11-06;1;0;1.0;0
25;2025-11-06;2;0;1.0;0
25;2025-11-06;3;0;1.0;0
25;2025-11-06;4;0;1.0;0
25;2025-11-06;5;14;1.042;14
25;2025-11-06;6;209;1.0454;209
25;2025-11-06;7;565;1.0841;565
25;2025-11-06;8;962;1.0675;962
25;2025-11-06;9;502;1.0815;502
25;2025-11-06;10;383;1.0571;383
25;2025-11-06;11;434;1.0474;434
25;2025-11-06;12;425;1.0661;425
25;2025-11-06;13;542;1.0689;542
25;2025-11-06;14;468;1.0683;468
25;2025-11-06;15;559;1.0464;559
25;2025-11-06;16;692;1.0409;692
25;2025-11-06;17;773;1.0414;773
25;2025-11-06;18;825;1.0437;825
25;2025-11-06;19;558;1.0433;558
25;2025-11-06;20;338;1.0318;338
25;2025-11-06;21;224;1.0371;224
25;2025-11-06;22;114;1.0499;114
25;2025-11-06;23;11;1.0462;11
25;2025-11-07;0;0;1.0;0
25;2025-11-07;1;0;1.0;0
25;2025-11-07;2;0;1.0;0
25;2025-11-07;3;0;1.0;0
25;2025-11-07;4;0;1.0;0
25;2025-11-07;5;12;1.0462;12
25;2025-11-07;6;239;1.0542;239
25;2025-11-07;7;634;1.0736;634
25;2025-11-07;8;1008;1.0694;1008
25;2025-11-07;9;531;1.0727;531
25;2025-11-07;10;436;1.0674;436
25;2025-11-07;11;502;1.0722;502
25;2025-11-07;12;498;1.0809;498
25;2025-11-07;13;626;1.075;626
25;2025-11-07;14;572;1.0852;572
25;2025-11-07;15;726;1.0527;726
25;2025-11-07;16;895;1.0546;895
25;2025-11-07;17;901;1.0489;901
25;2025-11-07;18;781;1.0379;781
25;2025-11-07;19;615;1.0585;615
25;2025-11-07;20;384;1.0442;384
25;2025-11-07;21;255;1.0416;255
25;2025-11-07;22;150;1.0544;150
25;2025-11-07;23;18;1.0544;18
25;2025-11-08;0;5;1.0127;5
25;2025-11-08;1;0;1.0;0
25;2025-11-08;2;0;1.0;0
25;2025-11-08;3;0;1.0;0
25;2025-11-08;4;0;1.0;0
25;2025-11-08;5;14;1.0053;14
25;2025-11-08;6;97;0.9882;97
25;2025-11-08;7;152;0.9933;152
25;2025-11-08;8;333;0.9989;333
25;2025-11-08;9;319;0.997;319
25;2025-11-08;10;315;0.9989;315
25;2025-11-08;11;416;1.0075;416
25;2025-11-08;12;441;0.9709;441
25;2025-11-08;13;634;0.9708;634
25;2025-11-08;14;647;0.9985;647
25;2025-11-08;15;749;0.9931;749
25;2025-11-08;16;687;1.004;687
25;2025-11-08;17;572;1.0133;572
25;2025-11-08;18;541;1.0155;541
25;2025-11-08;19;469;1.0219;469
25;2025-11-08;20;295;1.0233;295
25;2025-11-08;21;237;1.0233;237
25;2025-11-08;22;146;1.0242;146
25;2025-11-08;23;58;1.0242;58
25;2025-11-09;0;20;1.0212;20
25;2025-11-09;1;0;1.0;0
25;2025-11-09;2;0;1.0;0
25;2025-11-09;3;0;1.0;0
25;2025-11-09;4;0;1.0;0
25;2025-11-09;5;8;1.0183;8
25;2025-11-09;6;80;1.0205;80
25;2025-11-09;7;118;1.0225;118
25;2025-11-09;8;219;1.024;219
25;2025-11-09;9;247;1.0245;247
25;2025-11-09;10;256;1.0194;256
25;2025-11-09;11;348;1.0104;348
25;2025-11-09;12;417;1.007;417
25;2025-11-09;13;520;0.9872;520
25;2025-11-09;14;595;0.9836;595
25;2025-11-09;15;684;0.9797;684
25;2025-11-09;16;579;1.0014;579
25;2025-11-09;17;552;1.004;552
25;2025-11-09;18;482;1.0042;482
25;2025-11-09;19;371;1.0268;371
25;2025-11-09;20;261;1.0255;261
25;2025-11-09;21;197;1.0255;197
25;2025-11-09;22;122;1.0255;122
25;2025-11-09;23;44;1.0255;44
25;2025-11-10;0;4;1.0481;4
25;2025-11-10;1;0;1.0;0
25;2025-11-10;2;0;1.0;0
25;2025-11-10;3;0;1.0;0
25;2025-11-10;4;0;1.0;0
25;2025-11-10;5;14;1.0348;14
25;2025-11-10;6;209;1.0391;209
25;2025-11-10;7;565;1.0849;565
25;2025-11-10;8;962;1.0781;962
25;2025-11-10;9;502;1.0774;502
25;2025-11-10;10;383;1.0521;383
25;2025-11-10;11;434;1.0638;434
25;2025-11-10;12;425;1.0616;425
25;2025-11-10;13;542;1.0661;542
25;2025-11-10;14;468;1.0677;468
25;2025-11-10;15;559;1.0648;559
25;2025-11-10;16;692;1.0658;692
25;2025-11-10;17;773;1.0611;773
25;2025-11-10;18;825;1.0623;825
25;2025-11-10;19;558;1.0592;558
25;2025-11-10;20;338;1.0578;338
25;2025-11-10;21;224;1.0399;224
25;2025-11-10;22;114;1.0532;114
25;2025-11-10;23;11;1.0532;11
25;2025-11-11;0;4;1.0684;4
25;2025-11-11;1;0;1.0;0
25;2025-11-11;2;0;1.0;0
25;2025-11-11;3;0;1.0;0
25;2025-11-11;4;0;1.0;0
25;2025-11-11;5;14;1.0563;14
25;2025-11-11;6;209;1.0606;209
25;2025-11-11;7;565;1.1052;565
25;2025-11-11;8;962;1.0903;962
25;2025-11-11;9;502;1.0987;502
25;2025-11-11;10;383;1.0723;383
25;2025-11-11;11;434;1.0841;434
25;2025-11-11;12;425;1.0818;425
25;2025-11-11;13;542;1.0868;542
25;2025-11-11;14;468;1.0875;468
25;2025-11-11;15;559;1.0863;559
25;2025-11-11;16;692;1.0731;692
25;2025-11-11;17;773;1.068;773
25;2025-11-11;18;825;1.0699;825
25;2025-11-11;19;558;1.0725;558
25;2025-11-11;20;338;1.0723;338
25;2025-11-11;21;224;1.0543;224
25;2025-11-11;22;114;1.0677;114
25;2025-11-11;23;11;1.0667;11
25;2025-11-12;0;4;1.0589;4
25;2025-11-12;1;0;1.0;0
25;2025-11-12;2;0;1.0;0
25;2025-11-12;3;0;1.0;0
25;2025-11-12;4;0;1.0;0
25;2025-11-12;5;14;1.0471;14
25;2025-11-12;6;209;1.0514;209
25;2025-11-12;7;565;1.0959;565
25;2025-11-12;8;962;1.082;962
25;2025-11-12;9;502;1.0894;502
25;2025-11-12;10;383;1.0642;383
25;2025-11-12;11;434;1.0585;434
25;2025-11-12;12;425;1.064;425
25;2025-11-12;13;542;1.0689;542
25;2025-11-12;14;468;1.0801;468
25;2025-11-12;15;559;1.0767;559
25;2025-11-12;16;692;1.063;692
25;2025-11-12;17;773;1.0571;773
25;2025-11-12;18;825;1.0602;825
25;2025-11-12;19;558;1.0616;558
25;2025-11-12;20;338;1.0627;338
25;2025-11-12;21;224;1.0458;224
25;2025-11-12;22;114;1.0585;114
25;2025-11-12;23;11;1.0585;11
25;2025-11-13;0;4;1.0617;4
25;2025-11-13;1;0;1.0;0
25;2025-11-13;2;0;1.0;0
25;2025-11-13;3;0;1.0;0
25;2025-11-13;4;0;1.0;0
25;2025-11-13;5;14;1.0512;14
25;2025-11-13;6;209;1.056;209
25;2025-11-13;7;565;1.101;565
25;2025-11-13;8;962;1.0869;962
25;2025-11-13;9;502;1.0945;502
25;2025-11-13;10;383;1.0686;383
25;2025-11-13;11;434;1.0803;434
25;2025-11-13;12;425;1.0781;425
25;2025-11-13;13;542;1.0862;542
25;2025-11-13;14;468;1.0874;468
25;2025-11-13;15;559;1.0863;559
25;2025-11-13;16;692;1.072;692
25;2025-11-13;17;773;1.0648;773
25;2025-11-13;18;825;1.0633;825
25;2025-11-13;19;558;1.0494;558
25;2025-11-13;20;338;1.0533;338
25;2025-11-13;21;224;1.0319;224
25;2025-11-13;22;114;1.0487;114
25;2025-11-13;23;11;1.0555;11
25;2025-11-14;0;0;1.0;0
25;2025-11-14;1;0;1.0;0
25;2025-11-14;2;0;1.0;0
25;2025-11-14;3;0;1.0;0
25;2025-11-14;4;0;1.0;0
25;2025-11-14;5;12;1.0135;12
25;2025-11-14;6;239;1.0178;239
25;2025-11-14;7;634;1.0386;634
25;2025-11-14;8;1008;1.0208;1008
25;2025-11-14;9;531;1.0566;531
25;2025-11-14;10;436;1.0324;436
25;2025-11-14;11;502;1.0403;502
25;2025-11-14;12;498;1.0572;498
25;2025-11-14;13;626;1.043;626
25;2025-11-14;14;572;1.0603;572
25;2025-11-14;15;726;1.0064;726
25;2025-11-14;16;895;1.005;895
25;2025-11-14;17;901;1.0023;901
25;2025-11-14;18;781;0.9941;781
25;2025-11-14;19;615;1.0208;615
25;2025-11-14;20;384;1.02;384
25;2025-11-14;21;255;1.0209;255
25;2025-11-14;22;150;1.0418;150
25;2025-11-14;23;18;1.0418;18
25;2025-11-15;0;5;0.9071;5
25;2025-11-15;1;0;1.0;0
25;2025-11-15;2;0;1.0;0
25;2025-11-15;3;0;1.0;0
25;2025-11-15;4;0;1.0;0
25;2025-11-15;5;14;0.9178;14
25;2025-11-15;6;97;0.9092;97
25;2025-11-15;7;152;0.915;152
25;2025-11-15;8;333;0.9265;333
25;2025-11-15;9;319;0.9231;319
25;2025-11-15;10;315;0.9251;315
25;2025-11-15;11;416;0.9127;416
25;2025-11-15;12;441;0.9055;441
25;2025-11-15;13;634;0.8716;634
25;2025-11-15;14;647;0.8744;647
25;2025-11-15;15;749;0.8656;749
25;2025-11-15;16;687;0.8722;687
25;2025-11-15;17;572;0.885;572
25;2025-11-15;18;541;0.8719;541
25;2025-11-15;19;469;0.8927;469
25;2025-11-15;20;295;0.912;295
25;2025-11-15;21;237;0.9143;237
25;2025-11-15;22;146;0.9144;146
25;2025-11-15;23;58;0.9229;58
25;2025-11-16;0;20;1.0263;20
25;2025-11-16;1;0;1.0;0
25;2025-11-16;2;0;1.0;0
25;2025-11-16;3;0;1.0;0
25;2025-11-16;4;0;1.0;0
25;2025-11-16;5;8;1.0192;8
25;2025-11-16;6;80;1.0192;80
25;2025-11-16;7;118;1.0212;118
25;2025-11-16;8;219;1.0244;219
25;2025-11-16;9;247;1.0202;247
25;2025-11-16;10;256;1.0244;256
25;2025-11-16;11;348;1.0302;348
25;2025-11-16;12;417;1.0139;417
25;2025-11-16;13;520;0.9973;520
25;2025-11-16;14;595;0.9984;595
25;2025-11-16;15;684;0.9944;684
25;2025-11-16;16;579;0.9983;579
25;2025-11-16;17;552;0.9921;552
25;2025-11-16;18;482;0.9891;482
25;2025-11-16;19;371;1.0199;371
25;2025-11-16;20;261;1.0125;261
25;2025-11-16;21;197;1.0125;197
25;2025-11-16;22;122;1.0125;122
25;2025-11-16;23;44;0.9976;44
25;2025-11-17;0;4;1.0355;4
25;2025-11-17;1;0;1.0;0
25;2025-11-17;2;0;1.0;0
25;2025-11-17;3;0;1.0;0
25;2025-11-17;4;0;1.0;0
25;2025-11-17;5;14;1.0271;14
25;2025-11-17;6;209;1.0355;209
25;2025-11-17;7;565;1.0513;565
25;2025-11-17;8;962;1.0249;962
25;2025-11-17;9;502;1.0321;502
25;2025-11-17;10;383;1.0157;383
25;2025-11-17;11;434;1.0252;434
25;2025-11-17;12;425;1.0262;425
25;2025-11-17;13;542;1.0198;542
25;2025-11-17;14;468;1.0301;468
25;2025-11-17;15;559;1.0294;559
25;2025-11-17;16;692;1.0354;692
25;2025-11-17;17;773;1.0285;773
25;2025-11-17;18;825;1.038;825
25;2025-11-17;19;558;1.0395;558
25;2025-11-17;20;338;1.0353;338
25;2025-11-17;21;224;1.031;224
25;2025-11-17;22;114;1.0353;114
25;2025-11-17;23;11;1.0353;11
25;2025-11-18;0;4;1.0347;4
25;2025-11-18;1;0;1.0;0
25;2025-11-18;2;0;1.0;0
25;2025-11-18;3;0;1.0;0
25;2025-11-18;4;0;1.0;0
25;2025-11-18;5;14;0.972;14
25;2025-11-18;6;209;0.9862;209
25;2025-11-18;7;565;1.0433;565
25;2025-11-18;8;962;1.021;962
25;2025-11-18;9;502;1.0229;502
25;2025-11-18;10;383;0.9855;383
25;2025-11-18;11;434;1.0112;434
25;2025-11-18;12;425;1.0109;425
25;2025-11-18;13;542;1.0048;542
25;2025-11-18;14;468;1.0055;468
25;2025-11-18;15;559;1.0142;559
25;2025-11-18;16;692;1.0098;692
25;2025-11-18;17;773;1.0033;773
25;2025-11-18;18;825;1.0055;825
25;2025-11-18;19;558;1.0064;558
25;2025-11-18;20;338;1.0145;338
25;2025-11-18;21;224;0.9967;224
25;2025-11-18;22;114;1.0137;114
25;2025-11-18;23;11;1.0137;11
25;2025-11-19;0;4;1.0424;4
25;2025-11-19;1;0;1.0;0
25;2025-11-19;2;0;1.0;0
25;2025-11-19;3;0;1.0;0
25;2025-11-19;4;0;1.0;0
25;2025-11-19;5;14;1.0498;14
25;2025-11-19;6;209;1.0623;209
25;2025-11-19;7;565;1.0926;565
25;2025-11-19;8;962;1.0756;962
25;2025-11-19;9;502;1.0861;502
25;2025-11-19;10;383;1.0544;383
25;2025-11-19;11;434;1.0644;434
25;2025-11-19;12;425;1.0771;425
25;2025-11-19;13;542;1.0826;542
25;2025-11-19;14;468;1.0826;468
25;2025-11-19;15;559;1.0826;559
25;2025-11-19;16;692;1.0679;692
25;2025-11-19;17;773;1.0607;773
25;2025-11-19;18;825;1.058;825
25;2025-11-19;19;558;1.0689;558
25;2025-11-19;20;338;1.0663;338
25;2025-11-19;21;224;1.06;224
25;2025-11-19;22;114;1.0663;114
25;2025-11-19;23;11;1.0564;11
25;2025-11-20;0;4;1.0717;4
25;2025-11-20;1;0;1.0;0
25;2025-11-20;2;0;1.0;0
25;2025-11-20;3;0;1.0;0
25;2025-11-20;4;0;1.0;0
25;2025-11-20;5;14;1.0611;14
25;2025-11-20;6;209;1.0654;209
25;2025-11-20;7;565;1.1121;565
25;2025-11-20;8;962;1.0953;962
25;2025-11-20;9;502;1.1056;502
25;2025-11-20;10;383;1.0785;383
25;2025-11-20;11;434;1.0888;434
25;2025-11-20;12;425;1.0883;425
25;2025-11-20;13;542;1.0937;542
25;2025-11-20;14;468;1.0955;468
25;2025-11-20;15;559;1.0937;559
25;2025-11-20;16;692;1.0802;692
25;2025-11-20;17;773;1.0725;773
25;2025-11-20;18;825;1.0711;825
25;2025-11-20;19;558;1.0746;558
25;2025-11-20;20;338;1.0747;338
25;2025-11-20;21;224;1.0549;224
25;2025-11-20;22;114;1.0683;114
25;2025-11-20;23;11;1.0669;11
25;2025-11-21;0;0;1.0;0
25;2025-11-21;1;0;1.0;0
25;2025-11-21;2;0;1.0;0
25;2025-11-21;3;0;1.0;0
25;2025-11-21;4;0;1.0;0
25;2025-11-21;5;12;1.0438;12
25;2025-11-21;6;239;1.0538;239
25;2025-11-21;7;634;1.0661;634
25;2025-11-21;8;1008;1.0636;1008
25;2025-11-21;9;531;1.0715;531
25;2025-11-21;10;436;1.0587;436
25;2025-11-21;11;502;1.0681;502
25;2025-11-21;12;498;1.0729;498
25;2025-11-21;13;626;1.0721;626
25;2025-11-21;14;572;1.0779;572
25;2025-11-21;15;726;1.0543;726
25;2025-11-21;16;895;1.0501;895
25;2025-11-21;17;901;1.0471;901
25;2025-11-21;18;781;1.0434;781
25;2025-11-21;19;615;1.0574;615
25;2025-11-21;20;384;1.0454;384
25;2025-11-21;21;255;1.0454;255
25;2025-11-21;22;150;1.0511;150
25;2025-11-21;23;18;1.0511;18
25;2025-11-22;0;5;0.9952;5
25;2025-11-22;1;0;1.0;0
25;2025-11-22;2;0;1.0;0
25;2025-11-22;3;0;1.0;0
25;2025-11-22;4;0;1.0;0
25;2025-11-22;5;14;0.9791;14
25;2025-11-22;6;97;0.9769;97
25;2025-11-22;7;152;0.9999;152
25;2025-11-22;8;333;1.0007;333
25;2025-11-22;9;319;0.9973;319
25;2025-11-22;10;315;1.012;315
25;2025-11-22;11;416;1.0182;416
25;2025-11-22;12;441;1.0154;441
25;2025-11-22;13;634;0.9815;634
25;2025-11-22;14;647;0.98;647
25;2025-11-22;15;749;0.9667;749
25;2025-11-22;16;687;0.975;687
25;2025-11-22;17;572;0.986;572
25;2025-11-22;18;541;0.9835;541
25;2025-11-22;19;469;0.9929;469
25;2025-11-22;20;295;1.0015;295
25;2025-11-22;21;237;0.983;237
25;2025-11-22;22;146;0.9852;146
25;2025-11-22;23;58;0.983;58
25;2025-11-23;0;20;1.0379;20
25;2025-11-23;1;0;1.0;0
25;2025-11-23;2;0;1.0;0
25;2025-11-23;3;0;1.0;0
25;2025-11-23;4;0;1.0;0
25;2025-11-23;5;8;1.034;8
25;2025-11-23;6;80;1.034;80
25;2025-11-23;7;118;1.0435;118
25;2025-11-23;8;219;1.0467;219
25;2025-11-23;9;247;1.0452;247
25;2025-11-23;10;256;1.0452;256
25;2025-11-23;11;348;1.0422;348
25;2025-11-23;12;417;1.0316;417
25;2025-11-23;13;520;1.0157;520
25;2025-11-23;14;595;1.0167;595
25;2025-11-23;15;684;1.0129;684
25;2025-11-23;16;579;1.0167;579
25;2025-11-23;17;552;1.0187;552
25;2025-11-23;18;482;1.0179;482
25;2025-11-23;19;371;1.0476;371
25;2025-11-23;20;261;1.0379;261
25;2025-11-23;21;197;1.0379;197
25;2025-11-23;22;122;1.0334;122
25;2025-11-23;23;44;1.0133;44
25;2025-11-24;0;4;1.0018;4
25;2025-11-24;1;0;1.0;0
25;2025-11-24;2;0;1.0;0
25;2025-11-24;3;0;1.0;0
25;2025-11-24;4;0;1.0;0
25;2025-11-24;5;14;0.9729;14
25;2025-11-24;6;209;0.9881;209
25;2025-11-24;7;565;1.0305;565
25;2025-11-24;8;962;1.0195;962
25;2025-11-24;9;502;1.0296;502
25;2025-11-24;10;383;1.0042;383
25;2025-11-24;11;434;1.0138;434
25;2025-11-24;12;425;1.0209;425
25;2025-11-24;13;542;1.0173;542
25;2025-11-24;14;468;1.0151;468
25;2025-11-24;15;559;1.0278;559
25;2025-11-24;16;692;0.9938;692
25;2025-11-24;17;773;0.9893;773
25;2025-11-24;18;825;1.0038;825
25;2025-11-24;19;558;0.9904;558
25;2025-11-24;20;338;1.0069;338
25;2025-11-24;21;224;0.9793;224
25;2025-11-24;22;114;1.0024;114
25;2025-11-24;23;11;1.0024;11
25;2025-11-25;0;4;1.0595;4
25;2025-11-25;1;0;1.0;0
25;2025-11-25;2;0;1.0;0
25;2025-11-25;3;0;1.0;0
25;2025-11-25;4;0;1.0;0
25;2025-11-25;5;14;1.0563;14
25;2025-11-25;6;209;1.0732;209
25;2025-11-25;7;565;1.11;565
25;2025-11-25;8;962;1.093;962
25;2025-11-25;9;502;1.102;502
25;2025-11-25;10;383;1.0767;383
25;2025-11-25;11;434;1.0885;434
25;2025-11-25;12;425;1.088;425
25;2025-11-25;13;542;1.0938;542
25;2025-11-25;14;468;1.0938;468
25;2025-11-25;15;559;1.0922;559
25;2025-11-25;16;692;1.0769;692
25;2025-11-25;17;773;1.0695;773
25;2025-11-25;18;825;1.0754;825
25;2025-11-25;19;558;1.0799;558
25;2025-11-25;20;338;1.0846;338
25;2025-11-25;21;224;1.0708;224
25;2025-11-25;22;114;1.0846;114
25;2025-11-25;23;11;1.0846;11
25;2025-11-26;0;4;1.0632;4
25;2025-11-26;1;0;1.0;0
25;2025-11-26;2;0;1.0;0
25;2025-11-26;3;0;1.0;0
25;2025-11-26;4;0;1.0;0
25;2025-11-26;5;14;1.0558;14
25;2025-11-26;6;209;1.0616;209
25;2025-11-26;7;565;1.0911;565
25;2025-11-26;8;962;1.0812;962
25;2025-11-26;9;502;1.0864;502
25;2025-11-26;10;383;1.064;383
25;2025-11-26;11;434;1.0719;434
25;2025-11-26;12;425;1.0684;425
25;2025-11-26;13;542;1.0802;542
25;2025-11-26;14;468;1.0784;468
25;2025-11-26;15;559;1.0799;559
25;2025-11-26;16;692;1.0692;692
25;2025-11-26;17;773;1.063;773
25;2025-11-26;18;825;1.0635;825
25;2025-11-26;19;558;1.0613;558
25;2025-11-26;20;338;1.0623;338
25;2025-11-26;21;224;1.0538;224
25;2025-11-26;22;114;1.0658;114
25;2025-11-26;23;11;1.0623;11
25;2025-11-27;0;4;1.0741;4
25;2025-11-27;1;0;1.0;0
25;2025-11-27;2;0;1.0;0
25;2025-11-27;3;0;1.0;0
25;2025-11-27;4;0;1.0;0
25;2025-11-27;5;14;1.0622;14
25;2025-11-27;6;209;1.0665;209
25;2025-11-27;7;565;1.1129;565
25;2025-11-27;8;962;1.0978;962
25;2025-11-27;9;502;1.1099;502
25;2025-11-27;10;383;1.0793;383
25;2025-11-27;11;434;1.0832;434
25;2025-11-27;12;425;1.0817;425
25;2025-11-27;13;542;1.0845;542
25;2025-11-27;14;468;1.0846;468
25;2025-11-27;15;559;1.0918;559
25;2025-11-27;16;692;1.0815;692
25;2025-11-27;17;773;1.0773;773
25;2025-11-27;18;825;1.0834;825
25;2025-11-27;19;558;1.0713;558
25;2025-11-27;20;338;1.0772;338
25;2025-11-27;21;224;1.0534;224
25;2025-11-27;22;114;1.0729;114
25;2025-11-27;23;11;1.0615;11
25;2025-11-28;0;0;1.0;0
25;2025-11-28;1;0;1.0;0
25;2025-11-28;2;0;1.0;0
25;2025-11-28;3;0;1.0;0
25;2025-11-28;4;0;1.0;0
25;2025-11-28;5;12;1.0668;12
25;2025-11-28;6;239;1.0716;239
25;2025-11-28;7;634;1.0947;634
25;2025-11-28;8;1008;1.0976;1008
25;2025-11-28;9;531;1.1128;531
25;2025-11-28;10;436;1.0862;436
25;2025-11-28;11;502;1.0956;502
25;2025-11-28;12;498;1.1149;498
25;2025-11-28;13;626;1.0996;626
25;2025-11-28;14;572;1.1203;572
25;2025-11-28;15;726;1.083;726
25;2025-11-28;16;895;1.0789;895
25;2025-11-28;17;901;1.0748;901
25;2025-11-28;18;781;1.0695;781
25;2025-11-28;19;615;1.0806;615
25;2025-11-28;20;384;1.0654;384
25;2025-11-28;21;255;1.0628;255
25;2025-11-28;22;150;1.0837;150
25;2025-11-28;23;18;1.0837;18
25;2025-11-29;0;5;1.0385;5
25;2025-11-29;1;0;1.0;0
25;2025-11-29;2;0;1.0;0
25;2025-11-29;3;0;1.0;0
25;2025-11-29;4;0;1.0;0
25;2025-11-29;5;14;1.0385;14
25;2025-11-29;6;97;1.0385;97
25;2025-11-29;7;152;1.0525;152
25;2025-11-29;8;333;1.0595;333
25;2025-11-29;9;319;1.0576;319
25;2025-11-29;10;315;1.0555;315
25;2025-11-29;11;416;1.0695;416
25;2025-11-29;12;441;1.0691;441
25;2025-11-29;13;634;1.0327;634
25;2025-11-29;14;647;1.0364;647
25;2025-11-29;15;749;1.0251;749
25;2025-11-29;16;687;1.0334;687
25;2025-11-29;17;572;1.0432;572
25;2025-11-29;18;541;1.0353;541
25;2025-11-29;19;469;1.0425;469
25;2025-11-29;20;295;1.048;295
25;2025-11-29;21;237;1.048;237
25;2025-11-29;22;146;1.048;146
25;2025-11-29;23;58;1.048;58
25;2025-11-30;0;20;1.057;20
25;2025-11-30;1;0;1.0;0
25;2025-11-30;2;0;1.0;0
25;2025-11-30;3;0;1.0;0
25;2025-11-30;4;0;1.0;0
25;2025-11-30;5;8;1.0534;8
25;2025-11-30;6;80;1.0534;80
25;2025-11-30;7;118;1.0689;118
25;2025-11-30;8;219;1.0721;219
25;2025-11-30;9;247;1.0754;247
25;2025-11-30;10;256;1.0754;256
25;2025-11-30;11;348;1.0649;348
25;2025-11-30;12;417;1.0583;417
25;2025-11-30;13;520;1.0456;520
25;2025-11-30;14;595;1.0467;595
25;2025-11-30;15;684;1.0425;684
25;2025-11-30;16;579;1.0451;579
25;2025-11-30;17;552;1.0487;552
25;2025-11-30;18;482;1.045;482
25;2025-11-30;19;371;1.0756;371
25;2025-11-30;20;261;1.0644;261
25;2025-11-30;21;197;1.0644;197
25;2025-11-30;22;122;1.0659;122
25;2025-11-30;23;44;1.0659;44
25;2025-12-01;0;4;1.0735;4
25;2025-12-01;1;0;1.0;0
25;2025-12-01;2;0;1.0;0
25;2025-12-01;3;0;1.0;0
25;2025-12-01;4;0;1.0;0
25;2025-12-01;5;14;1.039;14
25;2025-12-01;6;209;1.0432;209
25;2025-12-01;7;565;1.0996;565
25;2025-12-01;8;962;1.09;962
25;2025-12-01;9;502;1.0903;502
25;2025-12-01;10;383;1.054;383
25;2025-12-01;11;434;1.0614;434
25;2025-12-01;12;425;1.0609;425
25;2025-12-01;13;542;1.0627;542
25;2025-12-01;14;468;1.0641;468
25;2025-12-01;15;559;1.0604;559
25;2025-12-01;16;692;1.0575;692
25;2025-12-01;17;773;1.0496;773
25;2025-12-01;18;825;1.0704;825
25;2025-12-01;19;558;1.0514;558
25;2025-12-01;20;338;1.07;338
25;2025-12-01;21;224;1.0362;224
25;2025-12-01;22;114;1.0655;114
25;2025-12-01;23;11;1.0655;11
25;2025-12-02;0;4;1.1141;4
25;2025-12-02;1;0;1.0;0
25;2025-12-02;2;0;1.0;0
25;2025-12-02;3;0;1.0;0
25;2025-12-02;4;0;1.0;0
25;2025-12-02;5;14;1.089;14
25;2025-12-02;6;209;1.0934;209
25;2025-12-02;7;565;1.1529;565
25;2025-12-02;8;962;1.1384;962
25;2025-12-02;9;502;1.1464;502
25;2025-12-02;10;383;1.1041;383
25;2025-12-02;11;434;1.1133;434
25;2025-12-02;12;425;1.1127;425
25;2025-12-02;13;542;1.1181;542
25;2025-12-02;14;468;1.119;468
25;2025-12-02;15;559;1.1181;559
25;2025-12-02;16;692;1.106;692
25;2025-12-02;17;773;1.1001;773
25;2025-12-02;18;825;1.1158;825
25;2025-12-02;19;558;1.1046;558
25;2025-12-02;20;338;1.1172;338
25;2025-12-02;21;224;1.0857;224
25;2025-12-02;22;114;1.1126;114
25;2025-12-02;23;11;1.1126;11
25;2025-12-03;0;4;1.1165;4
25;2025-12-03;1;0;1.0;0
25;2025-12-03;2;0;1.0;0
25;2025-12-03;3;0;1.0;0
25;2025-12-03;4;0;1.0;0
25;2025-12-03;5;14;1.0909;14
25;2025-12-03;6;209;1.0944;209
25;2025-12-03;7;565;1.1549;565
25;2025-12-03;8;962;1.1391;962
25;2025-12-03;9;502;1.1484;502
25;2025-12-03;10;383;1.1061;383
25;2025-12-03;11;434;1.116;434
25;2025-12-03;12;425;1.1138;425
25;2025-12-03;13;542;1.1208;542
25;2025-12-03;14;468;1.1217;468
25;2025-12-03;15;559;1.1191;559
25;2025-12-03;16;692;1.1071;692
25;2025-12-03;17;773;1.1008;773
25;2025-12-03;18;825;1.1165;825
25;2025-12-03;19;558;1.1053;558
25;2025-12-03;20;338;1.1181;338
25;2025-12-03;21;224;1.0867;224
25;2025-12-03;22;114;1.1136;114
25;2025-12-03;23;11;1.1136;11
25;2025-12-04;0;4;1.1129;4
25;2025-12-04;1;0;1.0;0
25;2025-12-04;2;0;1.0;0
25;2025-12-04;3;0;1.0;0
25;2025-12-04;4;0;1.0;0
25;2025-12-04;5;14;1.0884;14
25;2025-12-04;6;209;1.0918;209
25;2025-12-04;7;565;1.1523;565
25;2025-12-04;8;962;1.1359;962
25;2025-12-04;9;502;1.1466;502
25;2025-12-04;10;383;1.1026;383
25;2025-12-04;11;434;1.1124;434
25;2025-12-04;12;425;1.1102;425
25;2025-12-04;13;542;1.1173;542
25;2025-12-04;14;468;1.1181;468
25;2025-12-04;15;559;1.1172;559
25;2025-12-04;16;692;1.1046;692
25;2025-12-04;17;773;1.0982;773
25;2025-12-04;18;825;1.1105;825
25;2025-12-04;19;558;1.0993;558
25;2025-12-04;20;338;1.1111;338
25;2025-12-04;21;224;1.0797;224
25;2025-12-04;22;114;1.1066;114
25;2025-12-04;23;11;1.1066;11
25;2025-12-05;0;0;1.0;0
25;2025-12-05;1;0;1.0;0
25;2025-12-05;2;0;1.0;0
25;2025-12-05;3;0;1.0;0
25;2025-12-05;4;0;1.0;0
25;2025-12-05;5;12;1.0769;12
25;2025-12-05;6;239;1.0803;239
25;2025-12-05;7;634;1.103;634
25;2025-12-05;8;1008;1.1142;1008
25;2025-12-05;9;531;1.1298;531
25;2025-12-05;10;436;1.0936;436
25;2025-12-05;11;502;1.1038;502
25;2025-12-05;12;498;1.1292;498
25;2025-12-05;13;626;1.1079;626
25;2025-12-05;14;572;1.1345;572
25;2025-12-05;15;726;1.0918;726
25;2025-12-05;16;895;1.0867;895
25;2025-12-05;17;901;1.084;901
25;2025-12-05;18;781;1.0784;781
25;2025-12-05;19;615;1.0912;615
25;2025-12-05;20;384;1.0739;384
25;2025-12-05;21;255;1.0713;255
25;2025-12-05;22;150;1.0982;150
25;2025-12-05;23;18;1.0982;18
25;2025-12-06;0;5;1.0147;5
25;2025-12-06;1;0;1.0;0
25;2025-12-06;2;0;1.0;0
25;2025-12-06;3;0;1.0;0
25;2025-12-06;4;0;1.0;0
25;2025-12-06;5;14;1.0147;14
25;2025-12-06;6;97;1.0147;97
25;2025-12-06;7;152;1.0287;152
25;2025-12-06;8;333;1.0343;333
25;2025-12-06;9;319;1.0324;319
25;2025-12-06;10;315;1.0343;315
25;2025-12-06;11;416;1.0398;416
25;2025-12-06;12;441;1.0393;441
25;2025-12-06;13;634;1.0066;634
25;2025-12-06;14;647;1.0088;647
25;2025-12-06;15;749;0.997;749
25;2025-12-06;16;687;1.0036;687
25;2025-12-06;17;572;1.0152;572
25;2025-12-06;18;541;1.0182;541
25;2025-12-06;19;469;1.0246;469
25;2025-12-06;20;295;1.0338;295
25;2025-12-06;21;237;1.0334;237
25;2025-12-06;22;146;1.0334;146
25;2025-12-06;23;58;1.0334;58
25;2025-12-07;0;20;1.0288;20
25;2025-12-07;1;0;1.0;0
25;2025-12-07;2;0;1.0;0
25;2025-12-07;3;0;1.0;0
25;2025-12-07;4;0;1.0;0
25;2025-12-07;5;8;1.0137;8
25;2025-12-07;6;80;1.0137;80
25;2025-12-07;7;118;1.0292;118
25;2025-12-07;8;219;1.0324;219
25;2025-12-07;9;247;1.0329;247
25;2025-12-07;10;256;1.0325;256
25;2025-12-07;11;348;1.0174;348
25;2025-12-07;12;417;1.0078;417
25;2025-12-07;13;520;0.9981;520
25;2025-12-07;14;595;0.999;595
25;2025-12-07;15;684;0.9969;684
25;2025-12-07;16;579;0.999;579
25;2025-12-07;17;552;1.0021;552
25;2025-12-07;18;482;1.0094;482
25;2025-12-07;19;371;1.0428;371
25;2025-12-07;20;261;1.0343;261
25;2025-12-07;21;197;1.0343;197
25;2025-12-07;22;122;1.0343;122
25;2025-12-07;23;44;1.0343;44
25;2025-12-08;0;4;1.0799;4
25;2025-12-08;1;0;1.0;0
25;2025-12-08;2;0;1.0;0
25;2025-12-08;3;0;1.0;0
25;2025-12-08;4;0;1.0;0
25;2025-12-08;5;14;1.0602;14
25;2025-12-08;6;209;1.0635;209
25;2025-12-08;7;565;1.1235;565
25;2025-12-08;8;962;1.1146;962
25;2025-12-08;9;502;1.1105;502
25;2025-12-08;10;383;1.0712;383
25;2025-12-08;11;434;1.0815;434
25;2025-12-08;12;425;1.0809;425
25;2025-12-08;13;542;1.0841;542
25;2025-12-08;14;468;1.0881;468
25;2025-12-08;15;559;1.0857;559
25;2025-12-08;16;692;1.0807;692
25;2025-12-08;17;773;1.0743;773
25;2025-12-08;18;825;1.0895;825
25;2025-12-08;19;558;1.0706;558
25;2025-12-08;20;338;1.0848;338
25;2025-12-08;21;224;1.0539;224
25;2025-12-08;22;114;1.0801;114
25;2025-12-08;23;11;1.0801;11
25;2025-12-09;0;4;1.0704;4
25;2025-12-09;1;0;1.0;0
25;2025-12-09;2;0;1.0;0
25;2025-12-09;3;0;1.0;0
25;2025-12-09;4;0;1.0;0
25;2025-12-09;5;14;1.0332;14
25;2025-12-09;6;209;1.0375;209
25;2025-12-09;7;565;1.0733;565
25;2025-12-09;8;962;1.069;962
25;2025-12-09;9;502;1.0866;502
25;2025-12-09;10;383;1.0456;383
25;2025-12-09;11;434;1.0429;434
25;2025-12-09;12;425;1.0423;425
25;2025-12-09;13;542;1.0312;542
25;2025-12-09;14;468;1.0396;468
25;2025-12-09;15;559;1.0513;559
25;2025-12-09;16;692;1.048;692
25;2025-12-09;17;773;1.0078;773
25;2025-12-09;18;825;1.0355;825
25;2025-12-09;19;558;1.0353;558
25;2025-12-09;20;338;1.0583;338
25;2025-12-09;21;224;1.0167;224
25;2025-12-09;22;114;1.0556;114
25;2025-12-09;23;11;1.0588;11
25;2025-12-10;0;4;1.0791;4
25;2025-12-10;1;0;1.0;0
25;2025-12-10;2;0;1.0;0
25;2025-12-10;3;0;1.0;0
25;2025-12-10;4;0;1.0;0
25;2025-12-10;5;14;1.0634;14
25;2025-12-10;6;209;1.0677;209
25;2025-12-10;7;565;1.1134;565
25;2025-12-10;8;962;1.098;962
25;2025-12-10;9;502;1.1115;502
25;2025-12-10;10;383;1.0767;383
25;2025-12-10;11;434;1.0874;434
25;2025-12-10;12;425;1.0863;425
25;2025-12-10;13;542;1.0922;542
25;2025-12-10;14;468;1.0935;468
25;2025-12-10;15;559;1.0923;559
25;2025-12-10;16;692;1.0732;692
25;2025-12-10;17;773;1.0664;773
25;2025-12-10;18;825;1.0776;825
25;2025-12-10;19;558;1.076;558
25;2025-12-10;20;338;1.0869;338
25;2025-12-10;21;224;1.0673;224
25;2025-12-10;22;114;1.0864;114
25;2025-12-10;23;11;1.0864;11
25;2025-12-11;0;4;1.0833;4
25;2025-12-11;1;0;1.0;0
25;2025-12-11;2;0;1.0;0
25;2025-12-11;3;0;1.0;0
25;2025-12-11;4;0;1.0;0
25;2025-12-11;5;14;1.0658;14
25;2025-12-11;6;209;1.0594;209
25;2025-12-11;7;565;1.0875;565
25;2025-12-11;8;962;1.0697;962
25;2025-12-11;9;502;1.0832;502
25;2025-12-11;10;383;1.047;383
25;2025-12-11;11;434;1.0537;434
25;2025-12-11;12;425;1.0504;425
25;2025-12-11;13;542;1.0647;542
25;2025-12-11;14;468;1.0645;468
25;2025-12-11;15;559;1.0783;559
25;2025-12-11;16;692;1.0728;692
25;2025-12-11;17;773;1.0711;773
25;2025-12-11;18;825;1.0773;825
25;2025-12-11;19;558;1.0669;558
25;2025-12-11;20;338;1.0743;338
25;2025-12-11;21;224;1.0563;224
25;2025-12-11;22;114;1.0778;114
25;2025-12-11;23;11;1.0774;11
25;2025-12-12;0;0;1.0;0
25;2025-12-12;1;0;1.0;0
25;2025-12-12;2;0;1.0;0
25;2025-12-12;3;0;1.0;0
25;2025-12-12;4;0;1.0;0
25;2025-12-12;5;12;1.0524;12
25;2025-12-12;6;239;1.0623;239
25;2025-12-12;7;634;1.072;634
25;2025-12-12;8;1008;1.077;1008
25;2025-12-12;9;531;1.0977;531
25;2025-12-12;10;436;1.0731;436
25;2025-12-12;11;502;1.082;502
25;2025-12-12;12;498;1.0939;498
25;2025-12-12;13;626;1.0816;626
25;2025-12-12;14;572;1.0993;572
25;2025-12-12;15;726;1.059;726
25;2025-12-12;16;895;1.0261;895
25;2025-12-12;17;901;1.0202;901
25;2025-12-12;18;781;1.0113;781
25;2025-12-12;19;615;1.0358;615
25;2025-12-12;20;384;1.034;384
25;2025-12-12;21;255;1.034;255
25;2025-12-12;22;150;1.0552;150
25;2025-12-12;23;18;1.0552;18
25;2025-12-13;0;5;0.9586;5
25;2025-12-13;1;0;1.0;0
25;2025-12-13;2;0;1.0;0
25;2025-12-13;3;0;1.0;0
25;2025-12-13;4;0;1.0;0
25;2025-12-13;5;14;0.9496;14
25;2025-12-13;6;97;0.9551;97
25;2025-12-13;7;152;0.9728;152
25;2025-12-13;8;333;0.9841;333
25;2025-12-13;9;319;0.9816;319
25;2025-12-13;10;315;0.9835;315
25;2025-12-13;11;416;0.9829;416
25;2025-12-13;12;441;0.9769;441
25;2025-12-13;13;634;0.8986;634
25;2025-12-13;14;647;0.8979;647
25;2025-12-13;15;749;0.8848;749
25;2025-12-13;16;687;0.8931;687
25;2025-12-13;17;572;0.9026;572
25;2025-12-13;18;541;0.9042;541
25;2025-12-13;19;469;0.9444;469
25;2025-12-13;20;295;0.9673;295
25;2025-12-13;21;237;0.9584;237
25;2025-12-13;22;146;0.9728;146
25;2025-12-13;23;58;0.9673;58
25;2025-12-14;0;20;0.9675;20
25;2025-12-14;1;0;1.0;0
25;2025-12-14;2;0;1.0;0
25;2025-12-14;3;0;1.0;0
25;2025-12-14;4;0;1.0;0
25;2025-12-14;5;8;0.9628;8
25;2025-12-14;6;80;0.9914;80
25;2025-12-14;7;118;1.0161;118
25;2025-12-14;8;219;1.0086;219
25;2025-12-14;9;247;0.9992;247
25;2025-12-14;10;256;0.9992;256
25;2025-12-14;11;348;0.9924;348
25;2025-12-14;12;417;0.9173;417
25;2025-12-14;13;520;0.8818;520
25;2025-12-14;14;595;0.8843;595
25;2025-12-14;15;684;0.8805;684
25;2025-12-14;16;579;0.9665;579
25;2025-12-14;17;552;0.9675;552
25;2025-12-14;18;482;0.9652;482
25;2025-12-14;19;371;1.0204;371
25;2025-12-14;20;261;1.0079;261
25;2025-12-14;21;197;1.0066;197
25;2025-12-14;22;122;1.0124;122
25;2025-12-14;23;44;1.0156;44
25;2025-12-15;0;4;1.0337;4
25;2025-12-15;1;0;1.0;0
25;2025-12-15;2;0;1.0;0
25;2025-12-15;3;0;1.0;0
25;2025-12-15;4;0;1.0;0
25;2025-12-15;5;14;1.0083;14
25;2025-12-15;6;209;1.0126;209
25;2025-12-15;7;565;1.0565;565
25;2025-12-15;8;962;1.0476;962
25;2025-12-15;9;502;1.0487;502
25;2025-12-15;10;383;1.0161;383
25;2025-12-15;11;434;1.0257;434
25;2025-12-15;12;425;1.0253;425
25;2025-12-15;13;542;1.03;542
25;2025-12-15;14;468;1.0319;468
25;2025-12-15;15;559;1.0291;559
25;2025-12-15;16;692;1.0238;692
25;2025-12-15;17;773;1.0156;773
25;2025-12-15;18;825;1.0324;825
25;2025-12-15;19;558;1.0224;558
25;2025-12-15;20;338;1.0319;338
25;2025-12-15;21;224;1.0127;224
25;2025-12-15;22;114;1.0319;114
25;2025-12-15;23;11;1.0319;11
25;2025-12-16;0;4;1.0807;4
25;2025-12-16;1;0;1.0;0
25;2025-12-16;2;0;1.0;0
25;2025-12-16;3;0;1.0;0
25;2025-12-16;4;0;1.0;0
25;2025-12-16;5;14;1.0625;14
25;2025-12-16;6;209;1.0668;209
25;2025-12-16;7;565;1.1066;565
25;2025-12-16;8;962;1.0873;962
25;2025-12-16;9;502;1.1085;502
25;2025-12-16;10;383;1.0757;383
25;2025-12-16;11;434;1.0771;434
25;2025-12-16;12;425;1.0777;425
25;2025-12-16;13;542;1.0831;542
25;2025-12-16;14;468;1.0868;468
25;2025-12-16;15;559;1.0878;559
25;2025-12-16;16;692;1.074;692
25;2025-12-16;17;773;1.0663;773
25;2025-12-16;18;825;1.0676;825
25;2025-12-16;19;558;1.0615;558
25;2025-12-16;20;338;1.0792;338
25;2025-12-16;21;224;1.0637;224
25;2025-12-16;22;114;1.0828;114
25;2025-12-16;23;11;1.0829;11
25;2025-12-17;0;4;1.0961;4
25;2025-12-17;1;0;1.0;0
25;2025-12-17;2;0;1.0;0
25;2025-12-17;3;0;1.0;0
25;2025-12-17;4;0;1.0;0
25;2025-12-17;5;14;1.0771;14
25;2025-12-17;6;209;1.0827;209
25;2025-12-17;7;565;1.1288;565
25;2025-12-17;8;962;1.1102;962
25;2025-12-17;9;502;1.1223;502
25;2025-12-17;10;383;1.0877;383
25;2025-12-17;11;434;1.0997;434
25;2025-12-17;12;425;1.0974;425
25;2025-12-17;13;542;1.1053;542
25;2025-12-17;14;468;1.1053;468
25;2025-12-17;15;559;1.1053;559
25;2025-12-17;16;692;1.0873;692
25;2025-12-17;17;773;1.0801;773
25;2025-12-17;18;825;1.0909;825
25;2025-12-17;19;558;1.0874;558
25;2025-12-17;20;338;1.0989;338
25;2025-12-17;21;224;1.0791;224
25;2025-12-17;22;114;1.0989;114
25;2025-12-17;23;11;1.0989;11
25;2025-12-18;0;4;1.1005;4
25;2025-12-18;1;0;1.0;0
25;2025-12-18;2;0;1.0;0
25;2025-12-18;3;0;1.0;0
25;2025-12-18;4;0;1.0;0
25;2025-12-18;5;14;1.0792;14
25;2025-12-18;6;209;1.0848;209
25;2025-12-18;7;565;1.1291;565
25;2025-12-18;8;962;1.1105;962
25;2025-12-18;9;502;1.1226;502
25;2025-12-18;10;383;1.0756;383
25;2025-12-18;11;434;1.0719;434
25;2025-12-18;12;425;1.085;425
25;2025-12-18;13;542;1.1051;542
25;2025-12-18;14;468;1.1051;468
25;2025-12-18;15;559;1.105;559
25;2025-12-18;16;692;1.0888;692
25;2025-12-18;17;773;1.0803;773
25;2025-12-18;18;825;1.0882;825
25;2025-12-18;19;558;1.0844;558
25;2025-12-18;20;338;1.0945;338
25;2025-12-18;21;224;1.076;224
25;2025-12-18;22;114;1.0945;114
25;2025-12-18;23;11;1.0945;11
25;2025-12-19;0;0;1.0;0
25;2025-12-19;1;0;1.0;0
25;2025-12-19;2;0;1.0;0
25;2025-12-19;3;0;1.0;0
25;2025-12-19;4;0;1.0;0
25;2025-12-19;5;12;1.0665;12
25;2025-12-19;6;239;1.0708;239
25;2025-12-19;7;634;1.0862;634
25;2025-12-19;8;1008;1.0916;1008
25;2025-12-19;9;531;1.1037;531
25;2025-12-19;10;436;1.0758;436
25;2025-12-19;11;502;1.0851;502
25;2025-12-19;12;498;1.103;498
25;2025-12-19;13;626;1.0905;626
25;2025-12-19;14;572;1.1078;572
25;2025-12-19;15;726;1.0693;726
25;2025-12-19;16;895;1.0646;895
25;2025-12-19;17;901;1.0629;901
25;2025-12-19;18;781;1.0582;781
25;2025-12-19;19;615;1.0728;615
25;2025-12-19;20;384;1.0613;384
25;2025-12-19;21;255;1.0613;255
25;2025-12-19;22;150;1.0805;150
25;2025-12-19;23;18;1.0805;18
25;2025-12-20;0;5;1.0429;5
25;2025-12-20;1;0;1.0;0
25;2025-12-20;2;0;1.0;0
25;2025-12-20;3;0;1.0;0
25;2025-12-20;4;0;1.0;0
25;2025-12-20;5;14;1.0429;14
25;2025-12-20;6;97;1.0429;97
25;2025-12-20;7;152;1.057;152
25;2025-12-20;8;333;1.0622;333
25;2025-12-20;9;319;1.0549;319
25;2025-12-20;10;315;1.0581;315
25;2025-12-20;11;416;1.0698;416
25;2025-12-20;12;441;1.0692;441
25;2025-12-20;13;634;1.0345;634
25;2025-12-20;14;647;1.0338;647
25;2025-12-20;15;749;1.0252;749
25;2025-12-20;16;687;1.029;687
25;2025-12-20;17;572;1.038;572
25;2025-12-20;18;541;1.0299;541
25;2025-12-20;19;469;1.0402;469
25;2025-12-20;20;295;1.0338;295
25;2025-12-20;21;237;1.0338;237
25;2025-12-20;22;146;1.0456;146
25;2025-12-20;23;58;1.0456;58
25;2025-12-21;0;20;1.0211;20
25;2025-12-21;1;0;1.0;0
25;2025-12-21;2;0;1.0;0
25;2025-12-21;3;0;1.0;0
25;2025-12-21;4;0;1.0;0
25;2025-12-21;5;8;1.004;8
25;2025-12-21;6;80;0.9865;80
25;2025-12-21;7;118;1.0231;118
25;2025-12-21;8;219;1.0324;219
25;2025-12-21;9;247;1.0367;247
25;2025-12-21;10;256;1.0367;256
25;2025-12-21;11;348;1.018;348
25;2025-12-21;12;417;0.9986;417
25;2025-12-21;13;520;0.9855;520
25;2025-12-21;14;595;0.9876;595
25;2025-12-21;15;684;0.9824;684
25;2025-12-21;16;579;0.9863;579
25;2025-12-21;17;552;0.9891;552
25;2025-12-21;18;482;0.9891;482
25;2025-12-21;19;371;1.0355;371
25;2025-12-21;20;261;1.0258;261
25;2025-12-21;21;197;1.0258;197
25;2025-12-21;22;122;1.0197;122
25;2025-12-21;23;44;1.0258;44
25;2025-12-22;0;4;1.0591;4
25;2025-12-22;1;0;1.0;0
25;2025-12-22;2;0;1.0;0
25;2025-12-22;3;0;1.0;0
25;2025-12-22;4;0;1.0;0
25;2025-12-22;5;14;1.0299;14
25;2025-12-22;6;209;1.0342;209
25;2025-12-22;7;565;1.0964;565
25;2025-12-22;8;962;1.0898;962
25;2025-12-22;9;502;1.0881;502
25;2025-12-22;10;383;1.0489;383
25;2025-12-22;11;434;1.0596;434
25;2025-12-22;12;425;1.0498;425
25;2025-12-22;13;542;1.031;542
25;2025-12-22;14;468;1.0363;468
25;2025-12-22;15;559;1.029;559
25;2025-12-22;16;692;1.0185;692
25;2025-12-22;17;773;1.0127;773
25;2025-12-22;18;825;1.0398;825
25;2025-12-22;19;558;1.0143;558
25;2025-12-22;20;338;1.0473;338
25;2025-12-22;21;224;1.0101;224
25;2025-12-22;22;114;1.0563;114
25;2025-12-22;23;11;1.0389;11
25;2025-12-23;0;4;1.0759;4
25;2025-12-23;1;0;1.0;0
25;2025-12-23;2;0;1.0;0
25;2025-12-23;3;0;1.0;0
25;2025-12-23;4;0;1.0;0
25;2025-12-23;5;14;1.0484;14
25;2025-12-23;6;209;1.0527;209
25;2025-12-23;7;565;1.0995;565
25;2025-12-23;8;962;1.0756;962
25;2025-12-23;9;502;1.0979;502
25;2025-12-23;10;383;1.0583;383
25;2025-12-23;11;434;1.0667;434
25;2025-12-23;12;425;1.0661;425
25;2025-12-23;13;542;1.0724;542
25;2025-12-23;14;468;1.0768;468
25;2025-12-23;15;559;1.0872;559
25;2025-12-23;16;692;1.0668;692
25;2025-12-23;17;773;1.0624;773
25;2025-12-23;18;825;1.0863;825
25;2025-12-23;19;558;1.0835;558
25;2025-12-23;20;338;1.1002;338
25;2025-12-23;21;224;1.0781;224
25;2025-12-23;22;114;1.1021;114
25;2025-12-23;23;11;1.1021;11
25;2025-12-24;0;4;1.0897;4
25;2025-12-24;1;0;1.0;0
25;2025-12-24;2;0;1.0;0
25;2025-12-24;3;0;1.0;0
25;2025-12-24;4;0;1.0;0
25;2025-12-24;5;14;1.0674;14
25;2025-12-24;6;209;1.0717;209
25;2025-12-24;7;565;1.1189;565
25;2025-12-24;8;962;1.0989;962
25;2025-12-24;9;502;1.1124;502
25;2025-12-24;10;383;1.0757;383
25;2025-12-24;11;434;1.0732;434
25;2025-12-24;12;425;1.0839;425
25;2025-12-24;13;542;1.0653;542
25;2025-12-24;14;468;1.065;468
25;2025-12-24;15;559;1.0681;559
25;2025-12-24;16;692;1.0583;692
25;2025-12-24;17;773;1.0644;773
25;2025-12-24;18;825;1.0826;825
25;2025-12-24;19;558;1.0609;558
25;2025-12-24;20;338;1.0874;338
25;2025-12-24;21;224;1.0701;224
25;2025-12-24;22;114;1.0916;114
25;2025-12-24;23;11;1.0916;11
25;2025-12-25;0;4;1.0859;4
25;2025-12-25;1;0;1.0;0
25;2025-12-25;2;0;1.0;0
25;2025-12-25;3;0;1.0;0
25;2025-12-25;4;0;1.0;0
25;2025-12-25;5;14;1.0669;14
25;2025-12-25;6;209;1.0717;209
25;2025-12-25;7;565;1.1138;565
25;2025-12-25;8;962;1.0943;962
25;2025-12-25;9;502;1.1113;502
25;2025-12-25;10;383;1.0768;383
25;2025-12-25;11;434;1.0853;434
25;2025-12-25;12;425;1.0837;425
25;2025-12-25;13;542;1.09;542
25;2025-12-25;14;468;1.0758;468
25;2025-12-25;15;559;1.0788;559
25;2025-12-25;16;692;1.06;692
25;2025-12-25;17;773;1.0373;773
25;2025-12-25;18;825;1.0561;825
25;2025-12-25;19;558;1.0435;558
25;2025-12-25;20;338;1.0628;338
25;2025-12-25;21;224;1.0352;224
25;2025-12-25;22;114;1.0628;114
25;2025-12-25;23;11;1.0523;11
25;2025-12-26;0;0;1.0;0
25;2025-12-26;1;0;1.0;0
25;2025-12-26;2;0;1.0;0
25;2025-12-26;3;0;1.0;0
25;2025-12-26;4;0;1.0;0
25;2025-12-26;5;12;1.0207;12
25;2025-12-26;6;239;1.0209;239
25;2025-12-26;7;634;1.035;634
25;2025-12-26;8;1008;1.0365;1008
25;2025-12-26;9;531;1.0568;531
25;2025-12-26;10;436;1.0269;436
25;2025-12-26;11;502;1.026;502
25;2025-12-26;12;498;1.0512;498
25;2025-12-26;13;626;1.0369;626
25;2025-12-26;14;572;1.0599;572
25;2025-12-26;15;726;1.0061;726
25;2025-12-26;16;895;1.0022;895
25;2025-12-26;17;901;1.0006;901
25;2025-12-26;18;781;1.0018;781
25;2025-12-26;19;615;1.0157;615
25;2025-12-26;20;384;1.0129;384
25;2025-12-26;21;255;1.0236;255
25;2025-12-26;22;150;1.0456;150
25;2025-12-26;23;18;1.0451;18
25;2025-12-27;0;5;0.9785;5
25;2025-12-27;1;0;1.0;0
25;2025-12-27;2;0;1.0;0
25;2025-12-27;3;0;1.0;0
25;2025-12-27;4;0;1.0;0
25;2025-12-27;5;14;0.9785;14
25;2025-12-27;6;97;0.9785;97
25;2025-12-27;7;152;1.0113;152
25;2025-12-27;8;333;1.0348;333
25;2025-12-27;9;319;1.0391;319
25;2025-12-27;10;315;1.0465;315
25;2025-12-27;11;416;1.0512;416
25;2025-12-27;12;441;1.0507;441
25;2025-12-27;13;634;0.9919;634
25;2025-12-27;14;647;0.9921;647
25;2025-12-27;15;749;0.9798;749
25;2025-12-27;16;687;0.9881;687
25;2025-12-27;17;572;0.9999;572
25;2025-12-27;18;541;1.0055;541
25;2025-12-27;19;469;1.028;469
25;2025-12-27;20;295;1.0431;295
25;2025-12-27;21;237;1.0353;237
25;2025-12-27;22;146;1.0209;146
25;2025-12-27;23;58;1.027;58
25;2025-12-28;0;20;0.9927;20
25;2025-12-28;1;0;1.0;0
25;2025-12-28;2;0;1.0;0
25;2025-12-28;3;0;1.0;0
25;2025-12-28;4;0;1.0;0
25;2025-12-28;5;8;0.9554;8
25;2025-12-28;6;80;0.9474;80
25;2025-12-28;7;118;0.9752;118
25;2025-12-28;8;219;0.9762;219
25;2025-12-28;9;247;0.9844;247
25;2025-12-28;10;256;0.9938;256
25;2025-12-28;11;348;0.9679;348
25;2025-12-28;12;417;0.9567;417
25;2025-12-28;13;520;0.9245;520
25;2025-12-28;14;595;0.9237;595
25;2025-12-28;15;684;0.9221;684
25;2025-12-28;16;579;0.9287;579
25;2025-12-28;17;552;0.9317;552
25;2025-12-28;18;482;0.9449;482
25;2025-12-28;19;371;1.0012;371
25;2025-12-28;20;261;0.9884;261
25;2025-12-28;21;197;0.9884;197
25;2025-12-28;22;122;0.9884;122
25;2025-12-28;23;44;0.9939;44
25;2025-12-29;0;4;1.0;4
25;2025-12-29;1;0;1.0;0
25;2025-12-29;2;0;1.0;0
25;2025-12-29;3;0;1.0;0
25;2025-12-29;4;0;1.0;0
25;2025-12-29;5;12;1.0;12
25;2025-12-29;6;184;1.0;184
25;2025-12-29;7;497;1.0;497
25;2025-12-29;8;847;1.0;847
25;2025-12-29;9;441;1.0;441
25;2025-12-29;10;337;1.0;337
25;2025-12-29;11;382;1.0;382
25;2025-12-29;12;374;1.0;374
25;2025-12-29;13;476;1.0;476
25;2025-12-29;14;411;1.0;411
25;2025-12-29;15;492;1.0;492
25;2025-12-29;16;608;1.0;608
25;2025-12-29;17;680;1.0;680
25;2025-12-29;18;726;1.0;726
25;2025-12-29;19;490;1.0;490
25;2025-12-29;20;297;1.0;297
25;2025-12-29;21;197;1.0;197
25;2025-12-29;22;101;1.0;101
25;2025-12-29;23;9;1.0;9
25;2025-12-30;0;4;1.0;4
25;2025-12-30;1;0;1.0;0
25;2025-12-30;2;0;1.0;0
25;2025-12-30;3;0;1.0;0
25;2025-12-30;4;0;1.0;0
25;2025-12-30;5;12;1.0;12
25;2025-12-30;6;184;1.0;184
25;2025-12-30;7;497;1.0;497
25;2025-12-30;8;847;1.0;847
25;2025-12-30;9;441;1.0;441
25;2025-12-30;10;337;1.0;337
25;2025-12-30;11;382;1.0;382
25;2025-12-30;12;374;1.0;374
25;2025-12-30;13;476;1.0;476
25;2025-12-30;14;411;1.0;411
25;2025-12-30;15;492;1.0;492
25;2025-12-30;16;608;1.0;608
25;2025-12-30;17;680;1.0;680
25;2025-12-30;18;726;1.0;726
25;2025-12-30;19;490;1.0;490
25;2025-12-30;20;297;1.0;297
25;2025-12-30;21;197;1.0;197
25;2025-12-30;22;101;1.0;101
25;2025-12-30;23;9;1.0;9
25;2025-12-31;0;7;1.0;7
25;2025-12-31;1;0;1.0;0
25;2025-12-31;2;0;1.0;0
25;2025-12-31;3;0;1.0;0
25;2025-12-31;4;0;1.0;0
25;2025-12-31;5;12;1.0;12
25;2025-12-31;6;82;1.0;82
25;2025-12-31;7;127;1.0;127
25;2025-12-31;8;288;1.0;288
25;2025-12-31;9;260;1.0;260
25;2025-12-31;10;273;1.0;273
25;2025-12-31;11;345;1.0;345
25;2025-12-31;12;362;1.0;362
25;2025-12-31;13;567;1.0;567
25;2025-12-31;14;556;1.0;556
25;2025-12-31;15;655;1.0;655
25;2025-12-31;16;611;1.0;611
25;2025-12-31;17;468;1.0;468
25;2025-12-31;18;468;1.0;468
25;2025-12-31;19;464;1.0;464
25;2025-12-31;20;0;1.0;0
25;2025-12-31;21;0;1.0;0
25;2025-12-31;22;0;1.0;0
25;2025-12-31;23;0;1.0;0
26;2025-11-01;0;40;1.0;40
26;2025-11-01;1;3;1.0;3
26;2025-11-01;2;0;1.0;0
26;2025-11-01;3;0;1.0;0
26;2025-11-01;4;2;1.0413;2
26;2025-11-01;5;68;1.0529;68
26;2025-11-01;6;407;1.0448;407
26;2025-11-01;7;851;1.0509;851
26;2025-11-01;8;1699;1.0365;1699
26;2025-11-01;9;1136;1.0382;1136
26;2025-11-01;10;984;1.059;984
26;2025-11-01;11;882;1.0661;882
26;2025-11-01;12;921;1.0686;921
26;2025-11-01;13;968;1.0619;968
26;2025-11-01;14;1041;1.0663;1041
26;2025-11-01;15;1125;1.0529;1125
26;2025-11-01;16;1334;1.0449;1334
26;2025-11-01;17;1400;1.0183;1400
26;2025-11-01;18;1126;1.0098;1126
26;2025-11-01;19;879;1.025;879
26;2025-11-01;20;584;1.024;584
26;2025-11-01;21;375;1.0359;375
26;2025-11-01;22;191;1.0266;191
26;2025-11-01;23;127;1.0303;127
26;2025-11-02;0;51;1.0567;51
26;2025-11-02;1;6;1.0567;6
26;2025-11-02;2;0;1.0;0
26;2025-11-02;3;0;1.0;0
26;2025-11-02;4;1;1.055;1
26;2025-11-02;5;28;1.0567;28
26;2025-11-02;6;156;1.0667;156
26;2025-11-02;7;253;1.0679;253
26;2025-11-02;8;376;1.0748;376
26;2025-11-02;9;524;1.0656;524
26;2025-11-02;10;586;1.0457;586
26;2025-11-02;11;790;1.0301;790
26;2025-11-02;12;810;1.0166;810
26;2025-11-02;13;861;1.003;861
26;2025-11-02;14;839;1.0131;839
26;2025-11-02;15;777;1.0181;777
26;2025-11-02;16;763;1.0117;763
26;2025-11-02;17;768;1.0298;768
26;2025-11-02;18;704;1.0283;704
26;2025-11-02;19;540;1.0631;540
26;2025-11-02;20;404;1.0683;404
26;2025-11-02;21;284;1.0686;284
26;2025-11-02;22;185;1.0659;185
26;2025-11-02;23;103;1.0734;103
26;2025-11-03;0;51;0.9281;51
26;2025-11-03;1;6;0.9229;6
26;2025-11-03;2;0;1.0;0
26;2025-11-03;3;0;1.0;0
26;2025-11-03;4;1;0.9223;1
26;2025-11-03;5;28;0.9223;28
26;2025-11-03;6;156;0.9116;156
26;2025-11-03;7;253;0.9124;253
26;2025-11-03;8;376;0.9191;376
26;2025-11-03;9;524;0.9091;524
26;2025-11-03;10;586;0.8951;586
26;2025-11-03;11;790;0.8661;790
26;2025-11-03;12;810;0.8183;810
26;2025-11-03;13;861;0.8169;861
26;2025-11-03;14;839;0.8092;839
26;2025-11-03;15;777;0.8078;777
26;2025-11-03;16;763;0.8359;763
26;2025-11-03;17;768;0.8758;768
26;2025-11-03;18;704;0.8737;704
26;2025-11-03;19;540;0.9128;540
26;2025-11-03;20;404;0.9059;404
26;2025-11-03;21;284;0.9059;284
26;2025-11-03;22;185;0.915;185
26;2025-11-03;23;103;0.9066;103
26;2025-11-04;0;51;0.9768;51
26;2025-11-04;1;6;0.9847;6
26;2025-11-04;2;0;1.0;0
26;2025-11-04;3;0;1.0;0
26;2025-11-04;4;1;0.9777;1
26;2025-11-04;5;28;0.9761;28
26;2025-11-04;6;156;0.9565;156
26;2025-11-04;7;253;0.9577;253
26;2025-11-04;8;376;0.9386;376
26;2025-11-04;9;524;0.9513;524
26;2025-11-04;10;586;0.9318;586
26;2025-11-04;11;790;0.8855;790
26;2025-11-04;12;810;0.8702;810
26;2025-11-04;13;861;0.8972;861
26;2025-11-04;14;839;0.9233;839
26;2025-11-04;15;777;0.9287;777
26;2025-11-04;16;763;0.9319;763
26;2025-11-04;17;768;0.9535;768
26;2025-11-04;18;704;0.9561;704
26;2025-11-04;19;540;0.9984;540
26;2025-11-04;20;404;0.9908;404
26;2025-11-04;21;284;0.9933;284
26;2025-11-04;22;185;0.998;185
26;2025-11-04;23;103;0.992;103
26;2025-11-05;0;31;1.0637;31
26;2025-11-05;1;1;1.0797;1
26;2025-11-05;2;0;1.0;0
26;2025-11-05;3;0;1.0;0
26;2025-11-05;4;3;1.0822;3
26;2025-11-05;5;89;1.0685;89
26;2025-11-05;6;491;1.0822;491
26;2025-11-05;7;1096;1.0732;1096
26;2025-11-05;8;2162;1.0547;2162
26;2025-11-05;9;1458;1.0583;1458
26;2025-11-05;10;1207;1.0678;1207
26;2025-11-05;11;1088;1.067;1088
26;2025-11-05;12;1131;1.0539;1131
26;2025-11-05;13;1159;1.0577;1159
26;2025-11-05;14;1237;1.0586;1237
26;2025-11-05;15;1317;1.0559;1317
26;2025-11-05;16;1460;1.0441;1460
26;2025-11-05;17;1672;1.0537;1672
26;2025-11-05;18;1855;1.0472;1855
26;2025-11-05;19;1260;1.0685;1260
26;2025-11-05;20;764;1.0863;764
26;2025-11-05;21;475;1.0692;475
26;2025-11-05;22;226;1.0838;226
26;2025-11-05;23;119;1.0668;119
26;2025-11-06;0;31;1.0677;31
26;2025-11-06;1;1;1.0807;1
26;2025-11-06;2;0;1.0;0
26;2025-11-06;3;0;1.0;0
26;2025-11-06;4;3;1.0807;3
26;2025-11-06;5;89;1.0689;89
26;2025-11-06;6;491;1.0807;491
26;2025-11-06;7;1096;1.0799;1096
26;2025-11-06;8;2162;1.0673;2162
26;2025-11-06;9;1458;1.0693;1458
26;2025-11-06;10;1207;1.0819;1207
26;2025-11-06;11;1088;1.0658;1088
26;2025-11-06;12;1131;1.0808;1131
26;2025-11-06;13;1159;1.0772;1159
26;2025-11-06;14;1237;1.0747;1237
26;2025-11-06;15;1317;1.0606;1317
26;2025-11-06;16;1460;1.0515;1460
26;2025-11-06;17;1672;1.06;1672
26;2025-11-06;18;1855;1.0487;1855
26;2025-11-06;19;1260;1.072;1260
26;2025-11-06;20;764;1.0626;764
26;2025-11-06;21;475;1.0668;475
26;2025-11-06;22;226;1.0784;226
26;2025-11-06;23;119;1.0626;119
26;2025-11-07;0;34;1.068;34
26;2025-11-07;1;2;1.0621;2
26;2025-11-07;2;0;1.0;0
26;2025-11-07;3;0;1.0;0
26;2025-11-07;4;2;1.0693;2
26;2025-11-07;5;84;1.0599;84
26;2025-11-07;6;509;1.0617;509
26;2025-11-07;7;1064;1.076;1064
26;2025-11-07;8;2123;1.0648;2123
26;2025-11-07;9;1420;1.06;1420
26;2025-11-07;10;1230;1.0792;1230
26;2025-11-07;11;1102;1.0731;1102
26;2025-11-07;12;1152;1.0676;1152
26;2025-11-07;13;1211;1.0732;1211
26;2025-11-07;14;1301;1.0585;1301
26;2025-11-07;15;1406;1.0594;1406
26;2025-11-07;16;1668;1.0578;1668
26;2025-11-07;17;1749;1.063;1749
26;2025-11-07;18;1408;1.0708;1408
26;2025-11-07;19;1098;1.0802;1098
26;2025-11-07;20;731;1.077;731
26;2025-11-07;21;468;1.0622;468
26;2025-11-07;22;238;1.075;238
26;2025-11-07;23;158;1.0622;158
26;2025-11-08;0;44;1.0767;44
26;2025-11-08;1;2;1.0712;2
26;2025-11-08;2;0;1.0;0
26;2025-11-08;3;0;1.0;0
26;2025-11-08;4;2;1.0624;2
26;2025-11-08;5;46;1.0683;46
26;2025-11-08;6;253;1.0587;253
26;2025-11-08;7;367;1.0521;367
26;2025-11-08;8;588;1.061;588
26;2025-11-08;9;671;1.058;671
26;2025-11-08;10;800;1.0358;800
26;2025-11-08;11;972;1.0257;972
26;2025-11-08;12;1036;0.9603;1036
26;2025-11-08;13;1012;1.0046;1012
26;2025-11-08;14;1043;1.0309;1043
26;2025-11-08;15;946;1.0423;946
26;2025-11-08;16;970;1.0458;970
26;2025-11-08;17;912;1.0558;912
26;2025-11-08;18;861;1.0626;861
26;2025-11-08;19;769;1.0699;769
26;2025-11-08;20;533;1.0859;533
26;2025-11-08;21;354;1.0864;354
26;2025-11-08;22;213;1.0873;213
26;2025-11-08;23;145;1.0876;145
26;2025-11-09;0;51;1.0902;51
26;2025-11-09;1;6;1.0902;6
26;2025-11-09;2;0;1.0;0
26;2025-11-09;3;0;1.0;0
26;2025-11-09;4;1;1.0892;1
26;2025-11-09;5;28;1.0892;28
26;2025-11-09;6;156;1.0857;156
26;2025-11-09;7;253;1.0869;253
26;2025-11-09;8;376;1.0929;376
26;2025-11-09;9;524;1.0887;524
26;2025-11-09;10;586;1.0691;586
26;2025-11-09;11;790;1.0416;790
26;2025-11-09;12;810;1.0362;810
26;2025-11-09;13;861;1.0263;861
26;2025-11-09;14;839;1.0187;839
26;2025-11-09;15;777;1.0248;777
26;2025-11-09;16;763;1.0432;763
26;2025-11-09;17;768;1.0569;768
26;2025-11-09;18;704;1.0534;704
26;2025-11-09;19;540;1.0865;540
26;2025-11-09;20;404;1.0897;404
26;2025-11-09;21;284;1.0897;284
26;2025-11-09;22;185;1.0919;185
26;2025-11-09;23;103;1.0911;103
26;2025-11-10;0;31;1.0601;31
26;2025-11-10;1;1;1.073;1
26;2025-11-10;2;0;1.0;0
26;2025-11-10;3;0;1.0;0
26;2025-11-10;4;3;1.077;3
26;2025-11-10;5;89;1.0595;89
26;2025-11-10;6;491;1.0724;491
26;2025-11-10;7;1096;1.0748;1096
26;2025-11-10;8;2162;1.076;2162
26;2025-11-10;9;1458;1.0769;1458
26;2025-11-10;10;1207;1.0782;1207
26;2025-11-10;11;1088;1.0802;1088
26;2025-11-10;12;1131;1.0763;1131
26;2025-11-10;13;1159;1.0731;1159
26;2025-11-10;14;1237;1.0702;1237
26;2025-11-10;15;1317;1.0678;1317
26;2025-11-10;16;1460;1.071;1460
26;2025-11-10;17;1672;1.0791;1672
26;2025-11-10;18;1855;1.0684;1855
26;2025-11-10;19;1260;1.0771;1260
26;2025-11-10;20;764;1.0817;764
26;2025-11-10;21;475;1.0671;475
26;2025-11-10;22;226;1.0797;226
26;2025-11-10;23;119;1.0663;119
26;2025-11-11;0;31;1.0868;31
26;2025-11-11;1;1;1.1004;1
26;2025-11-11;2;0;1.0;0
26;2025-11-11;3;0;1.0;0
26;2025-11-11;4;3;1.0994;3
26;2025-11-11;5;89;1.088;89
26;2025-11-11;6;491;1.1004;491
26;2025-11-11;7;1096;1.1028;1096
26;2025-11-11;8;2162;1.0925;2162
26;2025-11-11;9;1458;1.0946;1458
26;2025-11-11;10;1207;1.1044;1207
26;2025-11-11;11;1088;1.107;1088
26;2025-11-11;12;1131;1.103;1131
26;2025-11-11;13;1159;1.0993;1159
26;2025-11-11;14;1237;1.0971;1237
26;2025-11-11;15;1317;1.0935;1317
26;2025-11-11;16;1460;1.0846;1460
26;2025-11-11;17;1672;1.0908;1672
26;2025-11-11;18;1855;1.0795;1855
26;2025-11-11;19;1260;1.0979;1260
26;2025-11-11;20;764;1.103;764
26;2025-11-11;21;475;1.0888;475
26;2025-11-11;22;226;1.101;226
26;2025-11-11;23;119;1.0866;119
26;2025-11-12;0;31;1.081;31
26;2025-11-12;1;1;1.094;1
26;2025-11-12;2;0;1.0;0
26;2025-11-12;3;0;1.0;0
26;2025-11-12;4;3;1.0933;3
26;2025-11-12;5;89;1.0813;89
26;2025-11-12;6;491;1.0931;491
26;2025-11-12;7;1096;1.0954;1096
26;2025-11-12;8;2162;1.0835;2162
26;2025-11-12;9;1458;1.0871;1458
26;2025-11-12;10;1207;1.0975;1207
26;2025-11-12;11;1088;1.0837;1088
26;2025-11-12;12;1131;1.0876;1131
26;2025-11-12;13;1159;1.0839;1159
26;2025-11-12;14;1237;1.0909;1237
26;2025-11-12;15;1317;1.0861;1317
26;2025-11-12;16;1460;1.076;1460
26;2025-11-12;17;1672;1.0814;1672
26;2025-11-12;18;1855;1.0718;1855
26;2025-11-12;19;1260;1.0899;1260
26;2025-11-12;20;764;1.0961;764
26;2025-11-12;21;475;1.0835;475
26;2025-11-12;22;226;1.095;226
26;2025-11-12;23;119;1.0823;119
26;2025-11-13;0;31;1.0863;31
26;2025-11-13;1;1;1.0993;1
26;2025-11-13;2;0;1.0;0
26;2025-11-13;3;0;1.0;0
26;2025-11-13;4;3;1.1003;3
26;2025-11-13;5;89;1.0885;89
26;2025-11-13;6;491;1.1008;491
26;2025-11-13;7;1096;1.1034;1096
26;2025-11-13;8;2162;1.0918;2162
26;2025-11-13;9;1458;1.0954;1458
26;2025-11-13;10;1207;1.1051;1207
26;2025-11-13;11;1088;1.1075;1088
26;2025-11-13;12;1131;1.1037;1131
26;2025-11-13;13;1159;1.103;1159
26;2025-11-13;14;1237;1.1013;1237
26;2025-11-13;15;1317;1.0975;1317
26;2025-11-13;16;1460;1.0872;1460
26;2025-11-13;17;1672;1.0899;1672
26;2025-11-13;18;1855;1.0757;1855
26;2025-11-13;19;1260;1.0845;1260
26;2025-11-13;20;764;1.0894;764
26;2025-11-13;21;475;1.0719;475
26;2025-11-13;22;226;1.0874;226
26;2025-11-13;23;119;1.0795;119
26;2025-11-14;0;34;1.0585;34
26;2025-11-14;1;2;1.0616;2
26;2025-11-14;2;0;1.0;0
26;2025-11-14;3;0;1.0;0
26;2025-11-14;4;2;1.0464;2
26;2025-11-14;5;84;1.0309;84
26;2025-11-14;6;509;1.0296;509
26;2025-11-14;7;1064;1.0439;1064
26;2025-11-14;8;2123;1.0164;2123
26;2025-11-14;9;1420;1.0257;1420
26;2025-11-14;10;1230;1.0463;1230
26;2025-11-14;11;1102;1.0428;1102
26;2025-11-14;12;1152;1.0436;1152
26;2025-11-14;13;1211;1.0477;1211
26;2025-11-14;14;1301;1.0271;1301
26;2025-11-14;15;1406;1.0213;1406
26;2025-11-14;16;1668;1.0068;1668
26;2025-11-14;17;1749;1.0146;1749
26;2025-11-14;18;1408;1.0386;1408
26;2025-11-14;19;1098;1.0543;1098
26;2025-11-14;20;731;1.0601;731
26;2025-11-14;21;468;1.0458;468
26;2025-11-14;22;238;1.0658;238
26;2025-11-14;23;158;1.053;158
26;2025-11-15;0;44;0.9548;44
26;2025-11-15;1;2;0.9532;2
26;2025-11-15;2;0;1.0;0
26;2025-11-15;3;0;1.0;0
26;2025-11-15;4;2;0.9706;2
26;2025-11-15;5;46;0.9683;46
26;2025-11-15;6;253;0.9597;253
26;2025-11-15;7;367;0.9567;367
26;2025-11-15;8;588;0.9744;588
26;2025-11-15;9;671;0.971;671
26;2025-11-15;10;800;0.9642;800
26;2025-11-15;11;972;0.9349;972
26;2025-11-15;12;1036;0.9135;1036
26;2025-11-15;13;1012;0.9065;1012
26;2025-11-15;14;1043;0.9055;1043
26;2025-11-15;15;946;0.9124;946
26;2025-11-15;16;970;0.9126;970
26;2025-11-15;17;912;0.9329;912
26;2025-11-15;18;861;0.9313;861
26;2025-11-15;19;769;0.9555;769
26;2025-11-15;20;533;0.9675;533
26;2025-11-15;21;354;0.9756;354
26;2025-11-15;22;213;0.9757;213
26;2025-11-15;23;145;0.9796;145
26;2025-11-16;0;51;1.0752;51
26;2025-11-16;1;6;1.0701;6
26;2025-11-16;2;0;1.0;0
26;2025-11-16;3;0;1.0;0
26;2025-11-16;4;1;1.0701;1
26;2025-11-16;5;28;1.0701;28
26;2025-11-16;6;156;1.0708;156
26;2025-11-16;7;253;1.0716;253
26;2025-11-16;8;376;1.0783;376
26;2025-11-16;9;524;1.0702;524
26;2025-11-16;10;586;1.0648;586
26;2025-11-16;11;790;1.0423;790
26;2025-11-16;12;810;1.0298;810
26;2025-11-16;13;861;1.0265;861
26;2025-11-16;14;839;1.0229;839
26;2025-11-16;15;777;1.0297;777
26;2025-11-16;16;763;1.0298;763
26;2025-11-16;17;768;1.0371;768
26;2025-11-16;18;704;1.0386;704
26;2025-11-16;19;540;1.0761;540
26;2025-11-16;20;404;1.0744;404
26;2025-11-16;21;284;1.0744;284
26;2025-11-16;22;185;1.0764;185
26;2025-11-16;23;103;1.0544;103
26;2025-11-17;0;31;1.0652;31
26;2025-11-17;1;1;1.0668;1
26;2025-11-17;2;0;1.0;0
26;2025-11-17;3;0;1.0;0
26;2025-11-17;4;3;1.0626;3
26;2025-11-17;5;89;1.0608;89
26;2025-11-17;6;491;1.0668;491
26;2025-11-17;7;1096;1.062;1096
26;2025-11-17;8;2162;1.0563;2162
26;2025-11-17;9;1458;1.0539;1458
26;2025-11-17;10;1207;1.061;1207
26;2025-11-17;11;1088;1.0628;1088
26;2025-11-17;12;1131;1.0616;1131
26;2025-11-17;13;1159;1.0507;1159
26;2025-11-17;14;1237;1.0562;1237
26;2025-11-17;15;1317;1.0544;1317
26;2025-11-17;16;1460;1.0504;1460
26;2025-11-17;17;1672;1.0616;1672
26;2025-11-17;18;1855;1.0646;1855
26;2025-11-17;19;1260;1.0694;1260
26;2025-11-17;20;764;1.0703;764
26;2025-11-17;21;475;1.0685;475
26;2025-11-17;22;226;1.0721;226
26;2025-11-17;23;119;1.0664;119
26;2025-11-18;0;31;1.052;31
26;2025-11-18;1;1;1.0596;1
26;2025-11-18;2;0;1.0;0
26;2025-11-18;3;0;1.0;0
26;2025-11-18;4;3;1.0224;3
26;2025-11-18;5;89;1.0173;89
26;2025-11-18;6;491;1.0372;491
26;2025-11-18;7;1096;1.0517;1096
26;2025-11-18;8;2162;1.0373;2162
26;2025-11-18;9;1458;1.0293;1458
26;2025-11-18;10;1207;1.0264;1207
26;2025-11-18;11;1088;1.0422;1088
26;2025-11-18;12;1131;1.0375;1131
26;2025-11-18;13;1159;1.0249;1159
26;2025-11-18;14;1237;1.0243;1237
26;2025-11-18;15;1317;1.0281;1317
26;2025-11-18;16;1460;1.0249;1460
26;2025-11-18;17;1672;1.0346;1672
26;2025-11-18;18;1855;1.0262;1855
26;2025-11-18;19;1260;1.0495;1260
26;2025-11-18;20;764;1.0571;764
26;2025-11-18;21;475;1.0417;475
26;2025-11-18;22;226;1.0574;226
26;2025-11-18;23;119;1.0418;119
26;2025-11-19;0;31;1.0861;31
26;2025-11-19;1;1;1.0929;1
26;2025-11-19;2;0;1.0;0
26;2025-11-19;3;0;1.0;0
26;2025-11-19;4;3;1.0951;3
26;2025-11-19;5;89;1.0917;89
26;2025-11-19;6;491;1.1011;491
26;2025-11-19;7;1096;1.1068;1096
26;2025-11-19;8;2162;1.0961;2162
26;2025-11-19;9;1458;1.0963;1458
26;2025-11-19;10;1207;1.0978;1207
26;2025-11-19;11;1088;1.0999;1088
26;2025-11-19;12;1131;1.1071;1131
26;2025-11-19;13;1159;1.1058;1159
26;2025-11-19;14;1237;1.1043;1237
26;2025-11-19;15;1317;1.1007;1317
26;2025-11-19;16;1460;1.0894;1460
26;2025-11-19;17;1672;1.0982;1672
26;2025-11-19;18;1855;1.0883;1855
26;2025-11-19;19;1260;1.1075;1260
26;2025-11-19;20;764;1.1103;764
26;2025-11-19;21;475;1.1078;475
26;2025-11-19;22;226;1.1126;226
26;2025-11-19;23;119;1.0939;119
26;2025-11-20;0;31;1.0952;31
26;2025-11-20;1;1;1.1105;1
26;2025-11-20;2;0;1.0;0
26;2025-11-20;3;0;1.0;0
26;2025-11-20;4;3;1.1105;3
26;2025-11-20;5;89;1.0981;89
26;2025-11-20;6;491;1.1103;491
26;2025-11-20;7;1096;1.1113;1096
26;2025-11-20;8;2162;1.1;2162
26;2025-11-20;9;1458;1.1032;1458
26;2025-11-20;10;1207;1.1142;1207
26;2025-11-20;11;1088;1.1154;1088
26;2025-11-20;12;1131;1.1125;1131
26;2025-11-20;13;1159;1.11;1159
26;2025-11-20;14;1237;1.109;1237
26;2025-11-20;15;1317;1.1036;1317
26;2025-11-20;16;1460;1.0936;1460
26;2025-11-20;17;1672;1.0975;1672
26;2025-11-20;18;1855;1.0843;1855
26;2025-11-20;19;1260;1.1049;1260
26;2025-11-20;20;764;1.1101;764
26;2025-11-20;21;475;1.0942;475
26;2025-11-20;22;226;1.1064;226
26;2025-11-20;23;119;1.0917;119
26;2025-11-21;0;34;1.0739;34
26;2025-11-21;1;2;1.0739;2
26;2025-11-21;2;0;1.0;0
26;2025-11-21;3;0;1.0;0
26;2025-11-21;4;2;1.0825;2
26;2025-11-21;5;84;1.0753;84
26;2025-11-21;6;509;1.0769;509
26;2025-11-21;7;1064;1.0835;1064
26;2025-11-21;8;2123;1.0764;2123
26;2025-11-21;9;1420;1.0806;1420
26;2025-11-21;10;1230;1.0888;1230
26;2025-11-21;11;1102;1.0853;1102
26;2025-11-21;12;1152;1.0875;1152
26;2025-11-21;13;1211;1.0871;1211
26;2025-11-21;14;1301;1.078;1301
26;2025-11-21;15;1406;1.0753;1406
26;2025-11-21;16;1668;1.0702;1668
26;2025-11-21;17;1749;1.0778;1749
26;2025-11-21;18;1408;1.0832;1408
26;2025-11-21;19;1098;1.0846;1098
26;2025-11-21;20;731;1.0829;731
26;2025-11-21;21;468;1.0798;468
26;2025-11-21;22;238;1.0855;238
26;2025-11-21;23;158;1.0798;158
26;2025-11-22;0;44;1.0591;44
26;2025-11-22;1;2;1.0658;2
26;2025-11-22;2;0;1.0;0
26;2025-11-22;3;0;1.0;0
26;2025-11-22;4;2;1.0359;2
26;2025-11-22;5;46;1.0397;46
26;2025-11-22;6;253;1.0446;253
26;2025-11-22;7;367;1.0493;367
26;2025-11-22;8;588;1.0539;588
26;2025-11-22;9;671;1.0495;671
26;2025-11-22;10;800;1.0493;800
26;2025-11-22;11;972;1.0325;972
26;2025-11-22;12;1036;1.0187;1036
26;2025-11-22;13;1012;1.0182;1012
26;2025-11-22;14;1043;1.0153;1043
26;2025-11-22;15;946;1.0226;946
26;2025-11-22;16;970;1.0228;970
26;2025-11-22;17;912;1.0355;912
26;2025-11-22;18;861;1.042;861
26;2025-11-22;19;769;1.062;769
26;2025-11-22;20;533;1.064;533
26;2025-11-22;21;354;1.0536;354
26;2025-11-22;22;213;1.0558;213
26;2025-11-22;23;145;1.0437;145
26;2025-11-23;0;51;1.0872;51
26;2025-11-23;1;6;1.0976;6
26;2025-11-23;2;0;1.0;0
26;2025-11-23;3;0;1.0;0
26;2025-11-23;4;1;1.0976;1
26;2025-11-23;5;28;1.0976;28
26;2025-11-23;6;156;1.0909;156
26;2025-11-23;7;253;1.092;253
26;2025-11-23;8;376;1.0997;376
26;2025-11-23;9;524;1.0941;524
26;2025-11-23;10;586;1.0857;586
26;2025-11-23;11;790;1.0629;790
26;2025-11-23;12;810;1.0504;810
26;2025-11-23;13;861;1.0471;861
26;2025-11-23;14;839;1.0438;839
26;2025-11-23;15;777;1.0504;777
26;2025-11-23;16;763;1.0504;763
26;2025-11-23;17;768;1.0663;768
26;2025-11-23;18;704;1.069;704
26;2025-11-23;19;540;1.1081;540
26;2025-11-23;20;404;1.0977;404
26;2025-11-23;21;284;1.0977;284
26;2025-11-23;22;185;1.1025;185
26;2025-11-23;23;103;1.0678;103
26;2025-11-24;0;31;1.0184;31
26;2025-11-24;1;1;1.0418;1
26;2025-11-24;2;0;1.0;0
26;2025-11-24;3;0;1.0;0
26;2025-11-24;4;3;1.0418;3
26;2025-11-24;5;89;1.0139;89
26;2025-11-24;6;491;1.0418;491
26;2025-11-24;7;1096;1.0304;1096
26;2025-11-24;8;2162;1.0255;2162
26;2025-11-24;9;1458;1.0292;1458
26;2025-11-24;10;1207;1.0365;1207
26;2025-11-24;11;1088;1.0391;1088
26;2025-11-24;12;1131;1.0345;1131
26;2025-11-24;13;1159;1.0252;1159
26;2025-11-24;14;1237;1.0202;1237
26;2025-11-24;15;1317;1.0304;1317
26;2025-11-24;16;1460;1.0073;1460
26;2025-11-24;17;1672;1.0204;1672
26;2025-11-24;18;1855;1.0191;1855
26;2025-11-24;19;1260;1.0414;1260
26;2025-11-24;20;764;1.0501;764
26;2025-11-24;21;475;1.0251;475
26;2025-11-24;22;226;1.0474;226
26;2025-11-24;23;119;1.0243;119
26;2025-11-25;0;31;1.0834;31
26;2025-11-25;1;1;1.0976;1
26;2025-11-25;2;0;1.0;0
26;2025-11-25;3;0;1.0;0
26;2025-11-25;4;3;1.1039;3
26;2025-11-25;5;89;1.0879;89
26;2025-11-25;6;491;1.1052;491
26;2025-11-25;7;1096;1.1024;1096
26;2025-11-25;8;2162;1.0917;2162
26;2025-11-25;9;1458;1.0901;1458
26;2025-11-25;10;1207;1.1038;1207
26;2025-11-25;11;1088;1.1077;1088
26;2025-11-25;12;1131;1.1038;1131
26;2025-11-25;13;1159;1.1028;1159
26;2025-11-25;14;1237;1.1001;1237
26;2025-11-25;15;1317;1.095;1317
26;2025-11-25;16;1460;1.083;1460
26;2025-11-25;17;1672;1.0924;1672
26;2025-11-25;18;1855;1.084;1855
26;2025-11-25;19;1260;1.1099;1260
26;2025-11-25;20;764;1.1142;764
26;2025-11-25;21;475;1.1042;475
26;2025-11-25;22;226;1.1168;226
26;2025-11-25;23;119;1.103;119
26;2025-11-26;0;31;1.0807;31
26;2025-11-26;1;1;1.0886;1
26;2025-11-26;2;0;1.0;0
26;2025-11-26;3;0;1.0;0
26;2025-11-26;4;3;1.0927;3
26;2025-11-26;5;89;1.0856;89
26;2025-11-26;6;491;1.0942;491
26;2025-11-26;7;1096;1.0918;1096
26;2025-11-26;8;2162;1.091;2162
26;2025-11-26;9;1458;1.0868;1458
26;2025-11-26;10;1207;1.0919;1207
26;2025-11-26;11;1088;1.0912;1088
26;2025-11-26;12;1131;1.0811;1131
26;2025-11-26;13;1159;1.0854;1159
26;2025-11-26;14;1237;1.0839;1237
26;2025-11-26;15;1317;1.081;1317
26;2025-11-26;16;1460;1.0722;1460
26;2025-11-26;17;1672;1.0866;1672
26;2025-11-26;18;1855;1.0763;1855
26;2025-11-26;19;1260;1.0905;1260
26;2025-11-26;20;764;1.0916;764
26;2025-11-26;21;475;1.0859;475
26;2025-11-26;22;226;1.0971;226
26;2025-11-26;23;119;1.0814;119
26;2025-11-27;0;31;1.0795;31
26;2025-11-27;1;1;1.0991;1
26;2025-11-27;2;0;1.0;0
26;2025-11-27;3;0;1.0;0
26;2025-11-27;4;3;1.0991;3
26;2025-11-27;5;89;1.0853;89
26;2025-11-27;6;491;1.0991;491
26;2025-11-27;7;1096;1.0976;1096
26;2025-11-27;8;2162;1.0903;2162
26;2025-11-27;9;1458;1.0906;1458
26;2025-11-27;10;1207;1.1003;1207
26;2025-11-27;11;1088;1.0951;1088
26;2025-11-27;12;1131;1.0922;1131
26;2025-11-27;13;1159;1.088;1159
26;2025-11-27;14;1237;1.0867;1237
26;2025-11-27;15;1317;1.0883;1317
26;2025-11-27;16;1460;1.0799;1460
26;2025-11-27;17;1672;1.0873;1672
26;2025-11-27;18;1855;1.0785;1855
26;2025-11-27;19;1260;1.0919;1260
26;2025-11-27;20;764;1.0983;764
26;2025-11-27;21;475;1.0771;475
26;2025-11-27;22;226;1.0959;226
26;2025-11-27;23;119;1.0661;119
26;2025-11-28;0;34;1.0944;34
26;2025-11-28;1;2;1.0942;2
26;2025-11-28;2;0;1.0;0
26;2025-11-28;3;0;1.0;0
26;2025-11-28;4;2;1.0944;2
26;2025-11-28;5;84;1.0747;84
26;2025-11-28;6;509;1.0737;509
26;2025-11-28;7;1064;1.0891;1064
26;2025-11-28;8;2123;1.0811;2123
26;2025-11-28;9;1420;1.0847;1420
26;2025-11-28;10;1230;1.0936;1230
26;2025-11-28;11;1102;1.0901;1102
26;2025-11-28;12;1152;1.0913;1152
26;2025-11-28;13;1211;1.0982;1211
26;2025-11-28;14;1301;1.0826;1301
26;2025-11-28;15;1406;1.0806;1406
26;2025-11-28;16;1668;1.0736;1668
26;2025-11-28;17;1749;1.0812;1749
26;2025-11-28;18;1408;1.1033;1408
26;2025-11-28;19;1098;1.1022;1098
26;2025-11-28;20;731;1.0988;731
26;2025-11-28;21;468;1.0762;468
26;2025-11-28;22;238;1.0971;238
26;2025-11-28;23;158;1.0762;158
26;2025-11-29;0;44;1.1063;44
26;2025-11-29;1;2;1.1196;2
26;2025-11-29;2;0;1.0;0
26;2025-11-29;3;0;1.0;0
26;2025-11-29;4;2;1.1193;2
26;2025-11-29;5;46;1.1063;46
26;2025-11-29;6;253;1.1196;253
26;2025-11-29;7;367;1.104;367
26;2025-11-29;8;588;1.1129;588
26;2025-11-29;9;671;1.1097;671
26;2025-11-29;10;800;1.0962;800
26;2025-11-29;11;972;1.0837;972
26;2025-11-29;12;1036;1.0764;1036
26;2025-11-29;13;1012;1.0712;1012
26;2025-11-29;14;1043;1.072;1043
26;2025-11-29;15;946;1.0774;946
26;2025-11-29;16;970;1.0778;970
26;2025-11-29;17;912;1.0867;912
26;2025-11-29;18;861;1.0936;861
26;2025-11-29;19;769;1.1136;769
26;2025-11-29;20;533;1.1094;533
26;2025-11-29;21;354;1.1234;354
26;2025-11-29;22;213;1.1234;213
26;2025-11-29;23;145;1.1116;145
26;2025-11-30;0;51;1.1281;51
26;2025-11-30;1;6;1.1448;6
26;2025-11-30;2;0;1.0;0
26;2025-11-30;3;0;1.0;0
26;2025-11-30;4;1;1.1448;1
26;2025-11-30;5;28;1.1448;28
26;2025-11-30;6;156;1.1277;156
26;2025-11-30;7;253;1.1289;253
26;2025-11-30;8;376;1.1366;376
26;2025-11-30;9;524;1.134;524
26;2025-11-30;10;586;1.1256;586
26;2025-11-30;11;790;1.1069;790
26;2025-11-30;12;810;1.0972;810
26;2025-11-30;13;861;1.0939;861
26;2025-11-30;14;839;1.0916;839
26;2025-11-30;15;777;1.0962;777
26;2025-11-30;16;763;1.0962;763
26;2025-11-30;17;768;1.1084;768
26;2025-11-30;18;704;1.1111;704
26;2025-11-30;19;540;1.1511;540
26;2025-11-30;20;404;1.1332;404
26;2025-11-30;21;284;1.1332;284
26;2025-11-30;22;185;1.1502;185
26;2025-11-30;23;103;1.1359;103
26;2025-12-01;0;31;1.0595;31
26;2025-12-01;1;1;1.0889;1
26;2025-12-01;2;0;1.0;0
26;2025-12-01;3;0;1.0;0
26;2025-12-01;4;3;1.0833;3
26;2025-12-01;5;89;1.054;89
26;2025-12-01;6;491;1.0827;491
26;2025-12-01;7;1096;1.0653;1096
26;2025-12-01;8;2162;1.0616;2162
26;2025-12-01;9;1458;1.0618;1458
26;2025-12-01;10;1207;1.0625;1207
26;2025-12-01;11;1088;1.0691;1088
26;2025-12-01;12;1131;1.0598;1131
26;2025-12-01;13;1159;1.0575;1159
26;2025-12-01;14;1237;1.052;1237
26;2025-12-01;15;1317;1.0498;1317
26;2025-12-01;16;1460;1.0501;1460
26;2025-12-01;17;1672;1.0613;1672
26;2025-12-01;18;1855;1.0606;1855
26;2025-12-01;19;1260;1.0797;1260
26;2025-12-01;20;764;1.0934;764
26;2025-12-01;21;475;1.0632;475
26;2025-12-01;22;226;1.0917;226
26;2025-12-01;23;119;1.0624;119
26;2025-12-02;0;31;1.0987;31
26;2025-12-02;1;1;1.1265;1
26;2025-12-02;2;0;1.0;0
26;2025-12-02;3;0;1.0;0
26;2025-12-02;4;3;1.1275;3
26;2025-12-02;5;89;1.1006;89
26;2025-12-02;6;491;1.1275;491
26;2025-12-02;7;1096;1.1129;1096
26;2025-12-02;8;2162;1.1074;2162
26;2025-12-02;9;1458;1.1085;1458
26;2025-12-02;10;1207;1.1166;1207
26;2025-12-02;11;1088;1.1189;1088
26;2025-12-02;12;1131;1.1159;1131
26;2025-12-02;13;1159;1.1134;1159
26;2025-12-02;14;1237;1.1116;1237
26;2025-12-02;15;1317;1.108;1317
26;2025-12-02;16;1460;1.1009;1460
26;2025-12-02;17;1672;1.1071;1672
26;2025-12-02;18;1855;1.098;1855
26;2025-12-02;19;1260;1.1259;1260
26;2025-12-02;20;764;1.1321;764
26;2025-12-02;21;475;1.1045;475
26;2025-12-02;22;226;1.1302;226
26;2025-12-02;23;119;1.1033;119
26;2025-12-03;0;31;1.1041;31
26;2025-12-03;1;1;1.1312;1
26;2025-12-03;2;0;1.0;0
26;2025-12-03;3;0;1.0;0
26;2025-12-03;4;3;1.1312;3
26;2025-12-03;5;89;1.1053;89
26;2025-12-03;6;491;1.1312;491
26;2025-12-03;7;1096;1.1176;1096
26;2025-12-03;8;2162;1.1108;2162
26;2025-12-03;9;1458;1.1134;1458
26;2025-12-03;10;1207;1.1213;1207
26;2025-12-03;11;1088;1.1243;1088
26;2025-12-03;12;1131;1.1213;1131
26;2025-12-03;13;1159;1.1188;1159
26;2025-12-03;14;1237;1.1171;1237
26;2025-12-03;15;1317;1.1117;1317
26;2025-12-03;16;1460;1.1047;1460
26;2025-12-03;17;1672;1.1109;1672
26;2025-12-03;18;1855;1.1014;1855
26;2025-12-03;19;1260;1.1296;1260
26;2025-12-03;20;764;1.1358;764
26;2025-12-03;21;475;1.1082;475
26;2025-12-03;22;226;1.1339;226
26;2025-12-03;23;119;1.107;119
26;2025-12-04;0;31;1.112;31
26;2025-12-04;1;1;1.1391;1
26;2025-12-04;2;0;1.0;0
26;2025-12-04;3;0;1.0;0
26;2025-12-04;4;3;1.1391;3
26;2025-12-04;5;89;1.1142;89
26;2025-12-04;6;491;1.1401;491
26;2025-12-04;7;1096;1.1264;1096
26;2025-12-04;8;2162;1.1175;2162
26;2025-12-04;9;1458;1.1208;1458
26;2025-12-04;10;1207;1.1309;1207
26;2025-12-04;11;1088;1.1322;1088
26;2025-12-04;12;1131;1.1292;1131
26;2025-12-04;13;1159;1.1267;1159
26;2025-12-04;14;1237;1.125;1237
26;2025-12-04;15;1317;1.1207;1317
26;2025-12-04;16;1460;1.1121;1460
26;2025-12-04;17;1672;1.1164;1672
26;2025-12-04;18;1855;1.1021;1855
26;2025-12-04;19;1260;1.1328;1260
26;2025-12-04;20;764;1.1374;764
26;2025-12-04;21;475;1.1097;475
26;2025-12-04;22;226;1.1354;226
26;2025-12-04;23;119;1.1085;119
26;2025-12-05;0;34;1.1091;34
26;2025-12-05;1;2;1.1091;2
26;2025-12-05;2;0;1.0;0
26;2025-12-05;3;0;1.0;0
26;2025-12-05;4;2;1.1091;2
26;2025-12-05;5;84;1.0835;84
26;2025-12-05;6;509;1.0822;509
26;2025-12-05;7;1064;1.0969;1064
26;2025-12-05;8;2123;1.0923;2123
26;2025-12-05;9;1420;1.0961;1420
26;2025-12-05;10;1230;1.1019;1230
26;2025-12-05;11;1102;1.0986;1102
26;2025-12-05;12;1152;1.0999;1152
26;2025-12-05;13;1211;1.1126;1211
26;2025-12-05;14;1301;1.0903;1301
26;2025-12-05;15;1406;1.0896;1406
26;2025-12-05;16;1668;1.0816;1668
26;2025-12-05;17;1749;1.0901;1749
26;2025-12-05;18;1408;1.1178;1408
26;2025-12-05;19;1098;1.1169;1098
26;2025-12-05;20;731;1.1124;731
26;2025-12-05;21;468;1.0835;468
26;2025-12-05;22;238;1.1104;238
26;2025-12-05;23;158;1.0835;158
26;2025-12-06;0;44;1.0893;44
26;2025-12-06;1;2;1.1037;2
26;2025-12-06;2;0;1.0;0
26;2025-12-06;3;0;1.0;0
26;2025-12-06;4;2;1.1037;2
26;2025-12-06;5;46;1.0893;46
26;2025-12-06;6;253;1.1037;253
26;2025-12-06;7;367;1.0881;367
26;2025-12-06;8;588;1.0961;588
26;2025-12-06;9;671;1.0931;671
26;2025-12-06;10;800;1.0799;800
26;2025-12-06;11;972;1.0644;972
26;2025-12-06;12;1036;1.0561;1036
26;2025-12-06;13;1012;1.0526;1012
26;2025-12-06;14;1043;1.0537;1043
26;2025-12-06;15;946;1.0595;946
26;2025-12-06;16;970;1.058;970
26;2025-12-06;17;912;1.068;912
26;2025-12-06;18;861;1.0749;861
26;2025-12-06;19;769;1.094;769
26;2025-12-06;20;533;1.0935;533
26;2025-12-06;21;354;1.1069;354
26;2025-12-06;22;213;1.1069;213
26;2025-12-06;23;145;1.094;145
26;2025-12-07;0;51;1.1082;51
26;2025-12-07;1;6;1.1098;6
26;2025-12-07;2;0;1.0;0
26;2025-12-07;3;0;1.0;0
26;2025-12-07;4;1;1.1104;1
26;2025-12-07;5;28;1.1104;28
26;2025-12-07;6;156;1.0934;156
26;2025-12-07;7;253;1.0946;253
26;2025-12-07;8;376;1.1023;376
26;2025-12-07;9;524;1.0982;524
26;2025-12-07;10;586;1.0855;586
26;2025-12-07;11;790;1.0636;790
26;2025-12-07;12;810;1.0527;810
26;2025-12-07;13;861;1.0526;861
26;2025-12-07;14;839;1.0503;839
26;2025-12-07;15;777;1.0581;777
26;2025-12-07;16;763;1.0564;763
26;2025-12-07;17;768;1.0692;768
26;2025-12-07;18;704;1.072;704
26;2025-12-07;19;540;1.1141;540
26;2025-12-07;20;404;1.0989;404
26;2025-12-07;21;284;1.0989;284
26;2025-12-07;22;185;1.1144;185
26;2025-12-07;23;103;1.1001;103
26;2025-12-08;0;31;1.0702;31
26;2025-12-08;1;1;1.0973;1
26;2025-12-08;2;0;1.0;0
26;2025-12-08;3;0;1.0;0
26;2025-12-08;4;3;1.1029;3
26;2025-12-08;5;89;1.0766;89
26;2025-12-08;6;491;1.1019;491
26;2025-12-08;7;1096;1.0892;1096
26;2025-12-08;8;2162;1.0896;2162
26;2025-12-08;9;1458;1.0857;1458
26;2025-12-08;10;1207;1.0892;1207
26;2025-12-08;11;1088;1.0891;1088
26;2025-12-08;12;1131;1.0871;1131
26;2025-12-08;13;1159;1.0822;1159
26;2025-12-08;14;1237;1.079;1237
26;2025-12-08;15;1317;1.0776;1317
26;2025-12-08;16;1460;1.0758;1460
26;2025-12-08;17;1672;1.0834;1672
26;2025-12-08;18;1855;1.0742;1855
26;2025-12-08;19;1260;1.0963;1260
26;2025-12-08;20;764;1.1018;764
26;2025-12-08;21;475;1.0743;475
26;2025-12-08;22;226;1.0997;226
26;2025-12-08;23;119;1.0728;119
26;2025-12-09;0;31;1.0739;31
26;2025-12-09;1;1;1.1066;1
26;2025-12-09;2;0;1.0;0
26;2025-12-09;3;0;1.0;0
26;2025-12-09;4;3;1.1033;3
26;2025-12-09;5;89;1.0677;89
26;2025-12-09;6;491;1.1005;491
26;2025-12-09;7;1096;1.0759;1096
26;2025-12-09;8;2162;1.051;2162
26;2025-12-09;9;1458;1.0536;1458
26;2025-12-09;10;1207;1.0726;1207
26;2025-12-09;11;1088;1.078;1088
26;2025-12-09;12;1131;1.0592;1131
26;2025-12-09;13;1159;1.0547;1159
26;2025-12-09;14;1237;1.0496;1237
26;2025-12-09;15;1317;1.0566;1317
26;2025-12-09;16;1460;1.0543;1460
26;2025-12-09;17;1672;1.0431;1672
26;2025-12-09;18;1855;1.0415;1855
26;2025-12-09;19;1260;1.0925;1260
26;2025-12-09;20;764;1.1086;764
26;2025-12-09;21;475;1.0728;475
26;2025-12-09;22;226;1.1019;226
26;2025-12-09;23;119;1.0691;119
26;2025-12-10;0;31;1.0921;31
26;2025-12-10;1;1;1.1073;1
26;2025-12-10;2;0;1.0;0
26;2025-12-10;3;0;1.0;0
26;2025-12-10;4;3;1.1085;3
26;2025-12-10;5;89;1.0954;89
26;2025-12-10;6;491;1.1095;491
26;2025-12-10;7;1096;1.1011;1096
26;2025-12-10;8;2162;1.0924;2162
26;2025-12-10;9;1458;1.0952;1458
26;2025-12-10;10;1207;1.1099;1207
26;2025-12-10;11;1088;1.1101;1088
26;2025-12-10;12;1131;1.1075;1131
26;2025-12-10;13;1159;1.1043;1159
26;2025-12-10;14;1237;1.1013;1237
26;2025-12-10;15;1317;1.0971;1317
26;2025-12-10;16;1460;1.084;1460
26;2025-12-10;17;1672;1.0931;1672
26;2025-12-10;18;1855;1.0834;1855
26;2025-12-10;19;1260;1.1187;1260
26;2025-12-10;20;764;1.1201;764
26;2025-12-10;21;475;1.104;475
26;2025-12-10;22;226;1.122;226
26;2025-12-10;23;119;1.1028;119
26;2025-12-11;0;31;1.0943;31
26;2025-12-11;1;1;1.108;1
26;2025-12-11;2;0;1.0;0
26;2025-12-11;3;0;1.0;0
26;2025-12-11;4;3;1.1072;3
26;2025-12-11;5;89;1.0946;89
26;2025-12-11;6;491;1.1025;491
26;2025-12-11;7;1096;1.0894;1096
26;2025-12-11;8;2162;1.083;2162
26;2025-12-11;9;1458;1.0808;1458
26;2025-12-11;10;1207;1.0923;1207
26;2025-12-11;11;1088;1.086;1088
26;2025-12-11;12;1131;1.0838;1131
26;2025-12-11;13;1159;1.0869;1159
26;2025-12-11;14;1237;1.083;1237
26;2025-12-11;15;1317;1.0836;1317
26;2025-12-11;16;1460;1.0794;1460
26;2025-12-11;17;1672;1.0945;1672
26;2025-12-11;18;1855;1.083;1855
26;2025-12-11;19;1260;1.1037;1260
26;2025-12-11;20;764;1.1026;764
26;2025-12-11;21;475;1.0872;475
26;2025-12-11;22;226;1.1066;226
26;2025-12-11;23;119;1.0881;119
26;2025-12-12;0;34;1.0968;34
26;2025-12-12;1;2;1.0968;2
26;2025-12-12;2;0;1.0;0
26;2025-12-12;3;0;1.0;0
26;2025-12-12;4;2;1.0969;2
26;2025-12-12;5;84;1.0693;84
26;2025-12-12;6;509;1.0764;509
26;2025-12-12;7;1064;1.0749;1064
26;2025-12-12;8;2123;1.068;2123
26;2025-12-12;9;1420;1.0816;1420
26;2025-12-12;10;1230;1.0906;1230
26;2025-12-12;11;1102;1.0854;1102
26;2025-12-12;12;1152;1.0807;1152
26;2025-12-12;13;1211;1.0929;1211
26;2025-12-12;14;1301;1.069;1301
26;2025-12-12;15;1406;1.0589;1406
26;2025-12-12;16;1668;1.0263;1668
26;2025-12-12;17;1749;1.0309;1749
26;2025-12-12;18;1408;1.0614;1408
26;2025-12-12;19;1098;1.0755;1098
26;2025-12-12;20;731;1.0739;731
26;2025-12-12;21;468;1.0537;468
26;2025-12-12;22;238;1.0749;238
26;2025-12-12;23;158;1.0529;158
26;2025-12-13;0;44;1.0289;44
26;2025-12-13;1;2;1.0422;2
26;2025-12-13;2;0;1.0;0
26;2025-12-13;3;0;1.0;0
26;2025-12-13;4;2;1.0422;2
26;2025-12-13;5;46;1.0189;46
26;2025-12-13;6;253;1.0448;253
26;2025-12-13;7;367;1.0181;367
26;2025-12-13;8;588;1.0328;588
26;2025-12-13;9;671;1.0291;671
26;2025-12-13;10;800;1.0059;800
26;2025-12-13;11;972;0.9555;972
26;2025-12-13;12;1036;0.9427;1036
26;2025-12-13;13;1012;0.9421;1012
26;2025-12-13;14;1043;0.9377;1043
26;2025-12-13;15;946;0.9457;946
26;2025-12-13;16;970;0.9457;970
26;2025-12-13;17;912;0.9625;912
26;2025-12-13;18;861;0.9875;861
26;2025-12-13;19;769;1.0321;769
26;2025-12-13;20;533;1.0262;533
26;2025-12-13;21;354;1.0406;354
26;2025-12-13;22;213;1.0555;213
26;2025-12-13;23;145;1.027;145
26;2025-12-14;0;51;1.0417;51
26;2025-12-14;1;6;1.0433;6
26;2025-12-14;2;0;1.0;0
26;2025-12-14;3;0;1.0;0
26;2025-12-14;4;1;1.0614;1
26;2025-12-14;5;28;1.0614;28
26;2025-12-14;6;156;1.0529;156
26;2025-12-14;7;253;1.0576;253
26;2025-12-14;8;376;1.0503;376
26;2025-12-14;9;524;1.0347;524
26;2025-12-14;10;586;1.024;586
26;2025-12-14;11;790;1.0134;790
26;2025-12-14;12;810;0.9409;810
26;2025-12-14;13;861;0.9372;861
26;2025-12-14;14;839;0.9338;839
26;2025-12-14;15;777;0.9409;777
26;2025-12-14;16;763;1.0024;763
26;2025-12-14;17;768;1.0176;768
26;2025-12-14;18;704;1.0204;704
26;2025-12-14;19;540;1.0834;540
26;2025-12-14;20;404;1.059;404
26;2025-12-14;21;284;1.0577;284
26;2025-12-14;22;185;1.0842;185
26;2025-12-14;23;103;1.0675;103
26;2025-12-15;0;31;1.0491;31
26;2025-12-15;1;1;1.0623;1
26;2025-12-15;2;0;1.0;0
26;2025-12-15;3;0;1.0;0
26;2025-12-15;4;3;1.0564;3
26;2025-12-15;5;89;1.0413;89
26;2025-12-15;6;491;1.0564;491
26;2025-12-15;7;1096;1.047;1096
26;2025-12-15;8;2162;1.0451;2162
26;2025-12-15;9;1458;1.0456;1458
26;2025-12-15;10;1207;1.0496;1207
26;2025-12-15;11;1088;1.051;1088
26;2025-12-15;12;1131;1.0485;1131
26;2025-12-15;13;1159;1.0444;1159
26;2025-12-15;14;1237;1.0379;1237
26;2025-12-15;15;1317;1.0356;1317
26;2025-12-15;16;1460;1.0343;1460
26;2025-12-15;17;1672;1.0479;1672
26;2025-12-15;18;1855;1.0453;1855
26;2025-12-15;19;1260;1.0662;1260
26;2025-12-15;20;764;1.0689;764
26;2025-12-15;21;475;1.0524;475
26;2025-12-15;22;226;1.0715;226
26;2025-12-15;23;119;1.0524;119
26;2025-12-16;0;31;1.0888;31
26;2025-12-16;1;1;1.1039;1
26;2025-12-16;2;0;1.0;0
26;2025-12-16;3;0;1.0;0
26;2025-12-16;4;3;1.1039;3
26;2025-12-16;5;89;1.0893;89
26;2025-12-16;6;491;1.1036;491
26;2025-12-16;7;1096;1.0941;1096
26;2025-12-16;8;2162;1.0821;2162
26;2025-12-16;9;1458;1.0889;1458
26;2025-12-16;10;1207;1.1028;1207
26;2025-12-16;11;1088;1.0953;1088
26;2025-12-16;12;1131;1.095;1131
26;2025-12-16;13;1159;1.0924;1159
26;2025-12-16;14;1237;1.0926;1237
26;2025-12-16;15;1317;1.0879;1317
26;2025-12-16;16;1460;1.0787;1460
26;2025-12-16;17;1672;1.0874;1672
26;2025-12-16;18;1855;1.0676;1855
26;2025-12-16;19;1260;1.1066;1260
26;2025-12-16;20;764;1.1079;764
26;2025-12-16;21;475;1.0936;475
26;2025-12-16;22;226;1.1116;226
26;2025-12-16;23;119;1.0924;119
26;2025-12-17;0;31;1.1065;31
26;2025-12-17;1;1;1.1217;1
26;2025-12-17;2;0;1.0;0
26;2025-12-17;3;0;1.0;0
26;2025-12-17;4;3;1.1217;3
26;2025-12-17;5;89;1.1072;89
26;2025-12-17;6;491;1.123;491
26;2025-12-17;7;1096;1.1156;1096
26;2025-12-17;8;2162;1.1052;2162
26;2025-12-17;9;1458;1.1059;1458
26;2025-12-17;10;1207;1.1207;1207
26;2025-12-17;11;1088;1.1214;1088
26;2025-12-17;12;1131;1.1192;1131
26;2025-12-17;13;1159;1.1167;1159
26;2025-12-17;14;1237;1.1141;1237
26;2025-12-17;15;1317;1.1099;1317
26;2025-12-17;16;1460;1.0968;1460
26;2025-12-17;17;1672;1.1057;1672
26;2025-12-17;18;1855;1.0958;1855
26;2025-12-17;19;1260;1.1284;1260
26;2025-12-17;20;764;1.1308;764
26;2025-12-17;21;475;1.1148;475
26;2025-12-17;22;226;1.1334;226
26;2025-12-17;23;119;1.1136;119
26;2025-12-18;0;31;1.114;31
26;2025-12-18;1;1;1.1285;1
26;2025-12-18;2;0;1.0;0
26;2025-12-18;3;0;1.0;0
26;2025-12-18;4;3;1.127;3
26;2025-12-18;5;89;1.1125;89
26;2025-12-18;6;491;1.1283;491
26;2025-12-18;7;1096;1.1179;1096
26;2025-12-18;8;2162;1.1087;2162
26;2025-12-18;9;1458;1.1094;1458
26;2025-12-18;10;1207;1.1133;1207
26;2025-12-18;11;1088;1.1089;1088
26;2025-12-18;12;1131;1.1113;1131
26;2025-12-18;13;1159;1.1194;1159
26;2025-12-18;14;1237;1.1168;1237
26;2025-12-18;15;1317;1.1126;1317
26;2025-12-18;16;1460;1.1013;1460
26;2025-12-18;17;1672;1.1073;1672
26;2025-12-18;18;1855;1.0945;1855
26;2025-12-18;19;1260;1.1268;1260
26;2025-12-18;20;764;1.1265;764
26;2025-12-18;21;475;1.1118;475
26;2025-12-18;22;226;1.1291;226
26;2025-12-18;23;119;1.1093;119
26;2025-12-19;0;34;1.098;34
26;2025-12-19;1;2;1.0983;2
26;2025-12-19;2;0;1.0;0
26;2025-12-19;3;0;1.0;0
26;2025-12-19;4;2;1.0983;2
26;2025-12-19;5;84;1.0807;84
26;2025-12-19;6;509;1.0794;509
26;2025-12-19;7;1064;1.0873;1064
26;2025-12-19;8;2123;1.0772;2123
26;2025-12-19;9;1420;1.0829;1420
26;2025-12-19;10;1230;1.0931;1230
26;2025-12-19;11;1102;1.0896;1102
26;2025-12-19;12;1152;1.0911;1152
26;2025-12-19;13;1211;1.1025;1211
26;2025-12-19;14;1301;1.0777;1301
26;2025-12-19;15;1406;1.0744;1406
26;2025-12-19;16;1668;1.0685;1668
26;2025-12-19;17;1749;1.0786;1749
26;2025-12-19;18;1408;1.0974;1408
26;2025-12-19;19;1098;1.099;1098
26;2025-12-19;20;731;1.0973;731
26;2025-12-19;21;468;1.0807;468
26;2025-12-19;22;238;1.0999;238
26;2025-12-19;23;158;1.0807;158
26;2025-12-20;0;44;1.1045;44
26;2025-12-20;1;2;1.1189;2
26;2025-12-20;2;0;1.0;0
26;2025-12-20;3;0;1.0;0
26;2025-12-20;4;2;1.1189;2
26;2025-12-20;5;46;1.1045;46
26;2025-12-20;6;253;1.1186;253
26;2025-12-20;7;367;1.1031;367
26;2025-12-20;8;588;1.1118;588
26;2025-12-20;9;671;1.1034;671
26;2025-12-20;10;800;1.0953;800
26;2025-12-20;11;972;1.0761;972
26;2025-12-20;12;1036;1.0673;1036
26;2025-12-20;13;1012;1.0676;1012
26;2025-12-20;14;1043;1.0639;1043
26;2025-12-20;15;946;1.0735;946
26;2025-12-20;16;970;1.0687;970
26;2025-12-20;17;912;1.0771;912
26;2025-12-20;18;861;1.0831;861
26;2025-12-20;19;769;1.1059;769
26;2025-12-20;20;533;1.0893;533
26;2025-12-20;21;354;1.1079;354
26;2025-12-20;22;213;1.1155;213
26;2025-12-20;23;145;1.1027;145
26;2025-12-21;0;51;1.0851;51
26;2025-12-21;1;6;1.0785;6
26;2025-12-21;2;0;1.0;0
26;2025-12-21;3;0;1.0;0
26;2025-12-21;4;1;1.0867;1
26;2025-12-21;5;28;1.088;28
26;2025-12-21;6;156;1.0479;156
26;2025-12-21;7;253;1.0663;253
26;2025-12-21;8;376;1.0833;376
26;2025-12-21;9;524;1.0816;524
26;2025-12-21;10;586;1.0703;586
26;2025-12-21;11;790;1.0433;790
26;2025-12-21;12;810;1.023;810
26;2025-12-21;13;861;1.0277;861
26;2025-12-21;14;839;1.0233;839
26;2025-12-21;15;777;1.0333;777
26;2025-12-21;16;763;1.0333;763
26;2025-12-21;17;768;1.0489;768
26;2025-12-21;18;704;1.0517;704
26;2025-12-21;19;540;1.1043;540
26;2025-12-21;20;404;1.0826;404
26;2025-12-21;21;284;1.0826;284
26;2025-12-21;22;185;1.0938;185
26;2025-12-21;23;103;1.0838;103
26;2025-12-22;0;31;1.0618;31
26;2025-12-22;1;1;1.0877;1
26;2025-12-22;2;0;1.0;0
26;2025-12-22;3;0;1.0;0
26;2025-12-22;4;3;1.0867;3
26;2025-12-22;5;89;1.0601;89
26;2025-12-22;6;491;1.0865;491
26;2025-12-22;7;1096;1.0766;1096
26;2025-12-22;8;2162;1.0739;2162
26;2025-12-22;9;1458;1.0745;1458
26;2025-12-22;10;1207;1.0786;1207
26;2025-12-22;11;1088;1.0813;1088
26;2025-12-22;12;1131;1.0722;1131
26;2025-12-22;13;1159;1.0553;1159
26;2025-12-22;14;1237;1.0468;1237
26;2025-12-22;15;1317;1.0462;1317
26;2025-12-22;16;1460;1.0406;1460
26;2025-12-22;17;1672;1.0518;1672
26;2025-12-22;18;1855;1.0497;1855
26;2025-12-22;19;1260;1.0822;1260
26;2025-12-22;20;764;1.0946;764
26;2025-12-22;21;475;1.06;475
26;2025-12-22;22;226;1.0957;226
26;2025-12-22;23;119;1.055;119
26;2025-12-23;0;31;1.0931;31
26;2025-12-23;1;1;1.1157;1
26;2025-12-23;2;0;1.0;0
26;2025-12-23;3;0;1.0;0
26;2025-12-23;4;3;1.1157;3
26;2025-12-23;5;89;1.0915;89
26;2025-12-23;6;491;1.1157;491
26;2025-12-23;7;1096;1.0987;1096
26;2025-12-23;8;2162;1.0822;2162
26;2025-12-23;9;1458;1.0841;1458
26;2025-12-23;10;1207;1.1025;1207
26;2025-12-23;11;1088;1.1027;1088
26;2025-12-23;12;1131;1.1018;1131
26;2025-12-23;13;1159;1.0981;1159
26;2025-12-23;14;1237;1.0919;1237
26;2025-12-23;15;1317;1.0927;1317
26;2025-12-23;16;1460;1.08;1460
26;2025-12-23;17;1672;1.0918;1672
26;2025-12-23;18;1855;1.0848;1855
26;2025-12-23;19;1260;1.1269;1260
26;2025-12-23;20;764;1.1286;764
26;2025-12-23;21;475;1.1095;475
26;2025-12-23;22;226;1.1331;226
26;2025-12-23;23;119;1.1112;119
26;2025-12-24;0;31;1.1015;31
26;2025-12-24;1;1;1.1189;1
26;2025-12-24;2;0;1.0;0
26;2025-12-24;3;0;1.0;0
26;2025-12-24;4;3;1.1189;3
26;2025-12-24;5;89;1.0998;89
26;2025-12-24;6;491;1.1189;491
26;2025-12-24;7;1096;1.1071;1096
26;2025-12-24;8;2162;1.0935;2162
26;2025-12-24;9;1458;1.0962;1458
26;2025-12-24;10;1207;1.1097;1207
26;2025-12-24;11;1088;1.1023;1088
26;2025-12-24;12;1131;1.1083;1131
26;2025-12-24;13;1159;1.0944;1159
26;2025-12-24;14;1237;1.0866;1237
26;2025-12-24;15;1317;1.0863;1317
26;2025-12-24;16;1460;1.0746;1460
26;2025-12-24;17;1672;1.0939;1672
26;2025-12-24;18;1855;1.087;1855
26;2025-12-24;19;1260;1.1187;1260
26;2025-12-24;20;764;1.1213;764
26;2025-12-24;21;475;1.1052;475
26;2025-12-24;22;226;1.1263;226
26;2025-12-24;23;119;1.1048;119
26;2025-12-25;0;31;1.0973;31
26;2025-12-25;1;1;1.1147;1
26;2025-12-25;2;0;1.0;0
26;2025-12-25;3;0;1.0;0
26;2025-12-25;4;3;1.1202;3
26;2025-12-25;5;89;1.0996;89
26;2025-12-25;6;491;1.1207;491
26;2025-12-25;7;1096;1.1069;1096
26;2025-12-25;8;2162;1.0967;2162
26;2025-12-25;9;1458;1.0967;1458
26;2025-12-25;10;1207;1.1107;1207
26;2025-12-25;11;1088;1.1088;1088
26;2025-12-25;12;1131;1.1072;1131
26;2025-12-25;13;1159;1.1047;1159
26;2025-12-25;14;1237;1.0898;1237
26;2025-12-25;15;1317;1.0872;1317
26;2025-12-25;16;1460;1.074;1460
26;2025-12-25;17;1672;1.0776;1672
26;2025-12-25;18;1855;1.0701;1855
26;2025-12-25;19;1260;1.1108;1260
26;2025-12-25;20;764;1.1073;764
26;2025-12-25;21;475;1.0824;475
26;2025-12-25;22;226;1.1092;226
26;2025-12-25;23;119;1.0702;119
26;2025-12-26;0;34;1.0496;34
26;2025-12-26;1;2;1.0614;2
26;2025-12-26;2;0;1.0;0
26;2025-12-26;3;0;1.0;0
26;2025-12-26;4;2;1.0612;2
26;2025-12-26;5;84;1.0396;84
26;2025-12-26;6;509;1.0394;509
26;2025-12-26;7;1064;1.0425;1064
26;2025-12-26;8;2123;1.0193;2123
26;2025-12-26;9;1420;1.0294;1420
26;2025-12-26;10;1230;1.0435;1230
26;2025-12-26;11;1102;1.0317;1102
26;2025-12-26;12;1152;1.0294;1152
26;2025-12-26;13;1211;1.0558;1211
26;2025-12-26;14;1301;1.0152;1301
26;2025-12-26;15;1406;1.0177;1406
26;2025-12-26;16;1668;1.0042;1668
26;2025-12-26;17;1749;1.0137;1749
26;2025-12-26;18;1408;1.0495;1408
26;2025-12-26;19;1098;1.0546;1098
26;2025-12-26;20;731;1.0551;731
26;2025-12-26;21;468;1.0364;468
26;2025-12-26;22;238;1.0622;238
26;2025-12-26;23;158;1.0359;158
26;2025-12-27;0;44;1.0556;44
26;2025-12-27;1;2;1.0792;2
26;2025-12-27;2;0;1.0;0
26;2025-12-27;3;0;1.0;0
26;2025-12-27;4;2;1.0852;2
26;2025-12-27;5;46;1.0556;46
26;2025-12-27;6;253;1.0852;253
26;2025-12-27;7;367;1.0573;367
26;2025-12-27;8;588;1.0714;588
26;2025-12-27;9;671;1.0832;671
26;2025-12-27;10;800;1.0698;800
26;2025-12-27;11;972;1.0469;972
26;2025-12-27;12;1036;1.0341;1036
26;2025-12-27;13;1012;1.0349;1012
26;2025-12-27;14;1043;1.0303;1043
26;2025-12-27;15;946;1.0381;946
26;2025-12-27;16;970;1.0383;970
26;2025-12-27;17;912;1.0541;912
26;2025-12-27;18;861;1.0622;861
26;2025-12-27;19;769;1.1008;769
26;2025-12-27;20;533;1.0881;533
26;2025-12-27;21;354;1.1047;354
26;2025-12-27;22;213;1.088;213
26;2025-12-27;23;145;1.0702;145
26;2025-12-28;0;51;1.063;51
26;2025-12-28;1;6;1.0648;6
26;2025-12-28;2;0;1.0;0
26;2025-12-28;3;0;1.0;0
26;2025-12-28;4;1;1.0629;1
26;2025-12-28;5;28;1.0632;28
26;2025-12-28;6;156;1.024;156
26;2025-12-28;7;253;1.015;253
26;2025-12-28;8;376;1.021;376
26;2025-12-28;9;524;1.0276;524
26;2025-12-28;10;586;1.0324;586
26;2025-12-28;11;790;0.9973;790
26;2025-12-28;12;810;0.9858;810
26;2025-12-28;13;861;0.9806;861
26;2025-12-28;14;839;0.9729;839
26;2025-12-28;15;777;0.9858;777
26;2025-12-28;16;763;0.9952;763
26;2025-12-28;17;768;1.0144;768
26;2025-12-28;18;704;1.0165;704
26;2025-12-28;19;540;1.0798;540
26;2025-12-28;20;404;1.0367;404
26;2025-12-28;21;284;1.0499;284
26;2025-12-28;22;185;1.0706;185
26;2025-12-28;23;103;1.0459;103
26;2025-12-29;0;28;1.0;28
26;2025-12-29;1;1;1.0;1
26;2025-12-29;2;0;1.0;0
26;2025-12-29;3;0;1.0;0
26;2025-12-29;4;3;1.0;3
26;2025-12-29;5;78;1.0;78
26;2025-12-29;6;432;1.0;432
26;2025-12-29;7;965;1.0;965
26;2025-12-29;8;1903;1.0;1903
26;2025-12-29;9;1282;1.0;1282
26;2025-12-29;10;1062;1.0;1062
26;2025-12-29;11;957;1.0;957
26;2025-12-29;12;995;1.0;995
26;2025-12-29;13;1020;1.0;1020
26;2025-12-29;14;1088;1.0;1088
26;2025-12-29;15;1159;1.0;1159
26;2025-12-29;16;1285;1.0;1285
26;2025-12-29;17;1472;1.0;1472
26;2025-12-29;18;1632;1.0;1632
26;2025-12-29;19;1109;1.0;1109
26;2025-12-29;20;671;1.0;671
26;2025-12-29;21;418;1.0;418
26;2025-12-29;22;199;1.0;199
26;2025-12-29;23;105;1.0;105
26;2025-12-30;0;28;1.0;28
26;2025-12-30;1;1;1.0;1
26;2025-12-30;2;0;1.0;0
26;2025-12-30;3;0;1.0;0
26;2025-12-30;4;3;1.0;3
26;2025-12-30;5;78;1.0;78
26;2025-12-30;6;432;1.0;432
26;2025-12-30;7;965;1.0;965
26;2025-12-30;8;1903;1.0;1903
26;2025-12-30;9;1282;1.0;1282
26;2025-12-30;10;1062;1.0;1062
26;2025-12-30;11;957;1.0;957
26;2025-12-30;12;995;1.0;995
26;2025-12-30;13;1020;1.0;1020
26;2025-12-30;14;1088;1.0;1088
26;2025-12-30;15;1159;1.0;1159
26;2025-12-30;16;1285;1.0;1285
26;2025-12-30;17;1472;1.0;1472
26;2025-12-30;18;1632;1.0;1632
26;2025-12-30;19;1109;1.0;1109
26;2025-12-30;20;671;1.0;671
26;2025-12-30;21;418;1.0;418
26;2025-12-30;22;199;1.0;199
26;2025-12-30;23;105;1.0;105
26;2025-12-31;0;45;1.0;45
26;2025-12-31;1;3;1.0;3
26;2025-12-31;2;0;1.0;0
26;2025-12-31;3;0;1.0;0
26;2025-12-31;4;1;1.0;1
26;2025-12-31;5;57;1.0;57
26;2025-12-31;6;191;1.0;191
26;2025-12-31;7;302;1.0;302
26;2025-12-31;8;507;1.0;507
26;2025-12-31;9;554;1.0;554
26;2025-12-31;10;682;1.0;682
26;2025-12-31;11;789;1.0;789
26;2025-12-31;12;884;1.0;884
26;2025-12-31;13;853;1.0;853
26;2025-12-31;14;892;1.0;892
26;2025-12-31;15;813;1.0;813
26;2025-12-31;16;877;1.0;877
26;2025-12-31;17;781;1.0;781
26;2025-12-31;18;737;1.0;737
26;2025-12-31;19;672;1.0;672
26;2025-12-31;20;0;1.0;0
26;2025-12-31;21;0;1.0;0
26;2025-12-31;22;0;1.0;0
26;2025-12-31;23;0;1.0;0
28;2025-11-01;0;0;1.0;0
28;2025-11-01;1;0;1.0;0
28;2025-11-01;2;0;1.0;0
28;2025-11-01;3;0;1.0;0
28;2025-11-01;4;1;1.0276;1
28;2025-11-01;5;68;1.0276;68
28;2025-11-01;6;231;1.0404;231
28;2025-11-01;7;700;1.0324;700
28;2025-11-01;8;1067;1.0327;1067
28;2025-11-01;9;722;1.0312;722
28;2025-11-01;10;544;1.0537;544
28;2025-11-01;11;505;1.0543;505
28;2025-11-01;12;635;1.0655;635
28;2025-11-01;13;621;1.0639;621
28;2025-11-01;14;609;1.0657;609
28;2025-11-01;15;630;1.0649;630
28;2025-11-01;16;817;1.0444;817
28;2025-11-01;17;863;1.0313;863
28;2025-11-01;18;726;1.0246;726
28;2025-11-01;19;555;1.0445;555
28;2025-11-01;20;402;1.0218;402
28;2025-11-01;21;279;1.0308;279
28;2025-11-01;22;121;1.0202;121
28;2025-11-01;23;18;1.0202;18
28;2025-11-02;0;3;0.9873;3
28;2025-11-02;1;0;1.0;0
28;2025-11-02;2;0;1.0;0
28;2025-11-02;3;0;1.0;0
28;2025-11-02;4;0;1.0;0
28;2025-11-02;5;32;0.9873;32
28;2025-11-02;6;86;0.9873;86
28;2025-11-02;7;161;0.9984;161
28;2025-11-02;8;259;1.0026;259
28;2025-11-02;9;353;0.9944;353
28;2025-11-02;10;394;0.9935;394
28;2025-11-02;11;435;0.9829;435
28;2025-11-02;12;476;0.9741;476
28;2025-11-02;13;557;0.9696;557
28;2025-11-02;14;537;0.9717;537
28;2025-11-02;15;532;0.9716;532
28;2025-11-02;16;495;0.9678;495
28;2025-11-02;17;501;0.9781;501
28;2025-11-02;18;436;0.9814;436
28;2025-11-02;19;379;0.9974;379
28;2025-11-02;20;303;0.9934;303
28;2025-11-02;21;250;0.9864;250
28;2025-11-02;22;112;0.9976;112
28;2025-11-02;23;14;0.9826;14
28;2025-11-03;0;3;0.8627;3
28;2025-11-03;1;0;1.0;0
28;2025-11-03;2;0;1.0;0
28;2025-11-03;3;0;1.0;0
28;2025-11-03;4;0;1.0;0
28;2025-11-03;5;32;0.8569;32
28;2025-11-03;6;86;0.8569;86
28;2025-11-03;7;161;0.8473;161
28;2025-11-03;8;259;0.8521;259
28;2025-11-03;9;353;0.8432;353
28;2025-11-03;10;394;0.8385;394
28;2025-11-03;11;435;0.8286;435
28;2025-11-03;12;476;0.7838;476
28;2025-11-03;13;557;0.7806;557
28;2025-11-03;14;537;0.7762;537
28;2025-11-03;15;532;0.7601;532
28;2025-11-03;16;495;0.8167;495
28;2025-11-03;17;501;0.8204;501
28;2025-11-03;18;436;0.8226;436
28;2025-11-03;19;379;0.8319;379
28;2025-11-03;20;303;0.8397;303
28;2025-11-03;21;250;0.8459;250
28;2025-11-03;22;112;0.8363;112
28;2025-11-03;23;14;0.8459;14
28;2025-11-04;0;3;0.8953;3
28;2025-11-04;1;0;1.0;0
28;2025-11-04;2;0;1.0;0
28;2025-11-04;3;0;1.0;0
28;2025-11-04;4;0;1.0;0
28;2025-11-04;5;32;0.8769;32
28;2025-11-04;6;86;0.8864;86
28;2025-11-04;7;161;0.8667;161
28;2025-11-04;8;259;0.844;259
28;2025-11-04;9;353;0.8504;353
28;2025-11-04;10;394;0.8465;394
28;2025-11-04;11;435;0.8212;435
28;2025-11-04;12;476;0.8158;476
28;2025-11-04;13;557;0.8465;557
28;2025-11-04;14;537;0.8693;537
28;2025-11-04;15;532;0.8708;532
28;2025-11-04;16;495;0.8843;495
28;2025-11-04;17;501;0.8815;501
28;2025-11-04;18;436;0.8904;436
28;2025-11-04;19;379;0.9019;379
28;2025-11-04;20;303;0.9058;303
28;2025-11-04;21;250;0.9126;250
28;2025-11-04;22;112;0.9023;112
28;2025-11-04;23;14;0.9101;14
28;2025-11-05;0;3;1.0098;3
28;2025-11-05;1;1;1.0;1
28;2025-11-05;2;0;1.0;0
28;2025-11-05;3;0;1.0;0
28;2025-11-05;4;1;1.0314;1
28;2025-11-05;5;82;1.0314;82
28;2025-11-05;6;272;1.0314;272
28;2025-11-05;7;819;0.9994;819
28;2025-11-05;8;1274;0.9959;1274
28;2025-11-05;9;870;1.0066;870
28;2025-11-05;10;641;1.0214;641
28;2025-11-05;11;581;1.0154;581
28;2025-11-05;12;706;0.993;706
28;2025-11-05;13;728;1.0001;728
28;2025-11-05;14;672;1.0076;672
28;2025-11-05;15;703;1.0035;703
28;2025-11-05;16;881;0.9885;881
28;2025-11-05;17;1012;0.9902;1012
28;2025-11-05;18;1003;0.9816;1003
28;2025-11-05;19;754;0.9967;754
28;2025-11-05;20;527;1.0141;527
28;2025-11-05;21;325;1.0064;325
28;2025-11-05;22;134;1.0246;134
28;2025-11-05;23;18;1.0233;18
28;2025-11-06;0;3;1.0361;3
28;2025-11-06;1;1;1.0;1
28;2025-11-06;2;0;1.0;0
28;2025-11-06;3;0;1.0;0
28;2025-11-06;4;1;1.0481;1
28;2025-11-06;5;82;1.0481;82
28;2025-11-06;6;272;1.0481;272
28;2025-11-06;7;819;1.0304;819
28;2025-11-06;8;1274;1.0274;1274
28;2025-11-06;9;870;1.0343;870
28;2025-11-06;10;641;1.0477;641
28;2025-11-06;11;581;1.0314;581
28;2025-11-06;12;706;1.0417;706
28;2025-11-06;13;728;1.0418;728
28;2025-11-06;14;672;1.0461;672
28;2025-11-06;15;703;1.0189;703
28;2025-11-06;16;881;1.015;881
28;2025-11-06;17;1012;1.0198;1012
28;2025-11-06;18;1003;1.0066;1003
28;2025-11-06;19;754;1.0188;754
28;2025-11-06;20;527;1.0124;527
28;2025-11-06;21;325;1.0299;325
28;2025-11-06;22;134;1.0432;134
28;2025-11-06;23;18;1.0401;18
28;2025-11-07;0;3;1.0471;3
28;2025-11-07;1;0;1.0;0
28;2025-11-07;2;0;1.0;0
28;2025-11-07;3;0;1.0;0
28;2025-11-07;4;2;1.0517;2
28;2025-11-07;5;84;1.0538;84
28;2025-11-07;6;289;1.0449;289
28;2025-11-07;7;875;1.0537;875
28;2025-11-07;8;1334;1.0526;1334
28;2025-11-07;9;902;1.0479;902
28;2025-11-07;10;680;1.066;680
28;2025-11-07;11;630;1.065;630
28;2025-11-07;12;794;1.0535;794
28;2025-11-07;13;776;1.0604;776
28;2025-11-07;14;761;1.0562;761
28;2025-11-07;15;787;1.0601;787
28;2025-11-07;16;1021;1.0495;1021
28;2025-11-07;17;1078;1.0465;1078
28;2025-11-07;18;908;1.0344;908
28;2025-11-07;19;694;1.048;694
28;2025-11-07;20;503;1.0527;503
28;2025-11-07;21;349;1.0349;349
28;2025-11-07;22;152;1.0482;152
28;2025-11-07;23;22;1.0482;22
28;2025-11-08;0;3;1.0092;3
28;2025-11-08;1;0;1.0;0
28;2025-11-08;2;0;1.0;0
28;2025-11-08;3;0;1.0;0
28;2025-11-08;4;1;1.0;1
28;2025-11-08;5;36;0.9987;36
28;2025-11-08;6;104;0.9821;104
28;2025-11-08;7;223;0.9831;223
28;2025-11-08;8;380;0.9747;380
28;2025-11-08;9;459;0.9645;459
28;2025-11-08;10;481;0.9613;481
28;2025-11-08;11;490;0.9798;490
28;2025-11-08;12;572;0.896;572
28;2025-11-08;13;594;0.9478;594
28;2025-11-08;14;592;0.9824;592
28;2025-11-08;15;588;0.9837;588
28;2025-11-08;16;568;0.9883;568
28;2025-11-08;17;576;0.9889;576
28;2025-11-08;18;497;0.9982;497
28;2025-11-08;19;407;1.0169;407
28;2025-11-08;20;303;1.021;303
28;2025-11-08;21;271;1.021;271
28;2025-11-08;22;129;1.0219;129
28;2025-11-08;23;18;1.0219;18
28;2025-11-09;0;3;1.0054;3
28;2025-11-09;1;0;1.0;0
28;2025-11-09;2;0;1.0;0
28;2025-11-09;3;0;1.0;0
28;2025-11-09;4;0;1.0;0
28;2025-11-09;5;32;1.0045;32
28;2025-11-09;6;86;1.0067;86
28;2025-11-09;7;161;1.0022;161
28;2025-11-09;8;259;1.0053;259
28;2025-11-09;9;353;0.9999;353
28;2025-11-09;10;394;0.9945;394
28;2025-11-09;11;435;0.98;435
28;2025-11-09;12;476;0.9819;476
28;2025-11-09;13;557;0.9695;557
28;2025-11-09;14;537;0.9656;537
28;2025-11-09;15;532;0.9655;532
28;2025-11-09;16;495;0.992;495
28;2025-11-09;17;501;0.9866;501
28;2025-11-09;18;436;0.989;436
28;2025-11-09;19;379;1.0015;379
28;2025-11-09;20;303;1.009;303
28;2025-11-09;21;250;1.01;250
28;2025-11-09;22;112;1.0056;112
28;2025-11-09;23;14;1.01;14
28;2025-11-10;0;3;1.0202;3
28;2025-11-10;1;1;1.0;1
28;2025-11-10;2;0;1.0;0
28;2025-11-10;3;0;1.0;0
28;2025-11-10;4;1;1.038;1
28;2025-11-10;5;82;1.0334;82
28;2025-11-10;6;272;1.0334;272
28;2025-11-10;7;819;1.0229;819
28;2025-11-10;8;1274;1.0269;1274
28;2025-11-10;9;870;1.0348;870
28;2025-11-10;10;641;1.0343;641
28;2025-11-10;11;581;1.0357;581
28;2025-11-10;12;706;1.028;706
28;2025-11-10;13;728;1.028;728
28;2025-11-10;14;672;1.0334;672
28;2025-11-10;15;703;1.0267;703
28;2025-11-10;16;881;1.0291;881
28;2025-11-10;17;1012;1.0305;1012
28;2025-11-10;18;1003;1.0201;1003
28;2025-11-10;19;754;1.0207;754
28;2025-11-10;20;527;1.0292;527
28;2025-11-10;21;325;1.0215;325
28;2025-11-10;22;134;1.0373;134
28;2025-11-10;23;18;1.0373;18
28;2025-11-11;0;3;1.0432;3
28;2025-11-11;1;1;1.0;1
28;2025-11-11;2;0;1.0;0
28;2025-11-11;3;0;1.0;0
28;2025-11-11;4;1;1.0568;1
28;2025-11-11;5;82;1.0578;82
28;2025-11-11;6;272;1.0578;272
28;2025-11-11;7;819;1.0412;819
28;2025-11-11;8;1274;1.0389;1274
28;2025-11-11;9;870;1.0475;870
28;2025-11-11;10;641;1.0574;641
28;2025-11-11;11;581;1.0588;581
28;2025-11-11;12;706;1.0506;706
28;2025-11-11;13;728;1.0506;728
28;2025-11-11;14;672;1.0559;672
28;2025-11-11;15;703;1.0501;703
28;2025-11-11;16;881;1.0379;881
28;2025-11-11;17;1012;1.0383;1012
28;2025-11-11;18;1003;1.0283;1003
28;2025-11-11;19;754;1.0378;754
28;2025-11-11;20;527;1.0468;527
28;2025-11-11;21;325;1.0391;325
28;2025-11-11;22;134;1.0549;134
28;2025-11-11;23;18;1.0539;18
28;2025-11-12;0;3;1.0405;3
28;2025-11-12;1;1;1.0;1
28;2025-11-12;2;0;1.0;0
28;2025-11-12;3;0;1.0;0
28;2025-11-12;4;1;1.0518;1
28;2025-11-12;5;82;1.0518;82
28;2025-11-12;6;272;1.0518;272
28;2025-11-12;7;819;1.0374;819
28;2025-11-12;8;1274;1.0347;1274
28;2025-11-12;9;870;1.0407;870
28;2025-11-12;10;641;1.0537;641
28;2025-11-12;11;581;1.0389;581
28;2025-11-12;12;706;1.0379;706
28;2025-11-12;13;728;1.0379;728
28;2025-11-12;14;672;1.0529;672
28;2025-11-12;15;703;1.045;703
28;2025-11-12;16;881;1.0323;881
28;2025-11-12;17;1012;1.0318;1012
28;2025-11-12;18;1003;1.0242;1003
28;2025-11-12;19;754;1.0335;754
28;2025-11-12;20;527;1.0437;527
28;2025-11-12;21;325;1.0366;325
28;2025-11-12;22;134;1.0499;134
28;2025-11-12;23;18;1.0499;18
28;2025-11-13;0;3;1.0432;3
28;2025-11-13;1;1;1.0;1
28;2025-11-13;2;0;1.0;0
28;2025-11-13;3;0;1.0;0
28;2025-11-13;4;1;1.0562;1
28;2025-11-13;5;82;1.0562;82
28;2025-11-13;6;272;1.0567;272
28;2025-11-13;7;819;1.0427;819
28;2025-11-13;8;1274;1.0398;1274
28;2025-11-13;9;870;1.0462;870
28;2025-11-13;10;641;1.0584;641
28;2025-11-13;11;581;1.0598;581
28;2025-11-13;12;706;1.0517;706
28;2025-11-13;13;728;1.0547;728
28;2025-11-13;14;672;1.0605;672
28;2025-11-13;15;703;1.054;703
28;2025-11-13;16;881;1.0413;881
28;2025-11-13;17;1012;1.0396;1012
28;2025-11-13;18;1003;1.0269;1003
28;2025-11-13;19;754;1.0219;754
28;2025-11-13;20;527;1.0294;527
28;2025-11-13;21;325;1.0217;325
28;2025-11-13;22;134;1.0398;134
28;2025-11-13;23;18;1.0465;18
28;2025-11-14;0;3;1.0375;3
28;2025-11-14;1;0;1.0;0
28;2025-11-14;2;0;1.0;0
28;2025-11-14;3;0;1.0;0
28;2025-11-14;4;2;1.0238;2
28;2025-11-14;5;84;1.0238;84
28;2025-11-14;6;289;1.0084;289
28;2025-11-14;7;875;1.0088;875
28;2025-11-14;8;1334;1.0032;1334
28;2025-11-14;9;902;1.0025;902
28;2025-11-14;10;680;1.0308;680
28;2025-11-14;11;630;1.0335;630
28;2025-11-14;12;794;1.028;794
28;2025-11-14;13;776;1.0308;776
28;2025-11-14;14;761;1.0308;761
28;2025-11-14;15;787;1.0305;787
28;2025-11-14;16;1021;1.0003;1021
28;2025-11-14;17;1078;0.9986;1078
28;2025-11-14;18;908;0.9964;908
28;2025-11-14;19;694;1.0155;694
28;2025-11-14;20;503;1.0327;503
28;2025-11-14;21;349;1.0165;349
28;2025-11-14;22;152;1.0409;152
28;2025-11-14;23;22;1.0409;22
28;2025-11-15;0;3;0.9183;3
28;2025-11-15;1;0;1.0;0
28;2025-11-15;2;0;1.0;0
28;2025-11-15;3;0;1.0;0
28;2025-11-15;4;1;1.0;1
28;2025-11-15;5;36;0.9223;36
28;2025-11-15;6;104;0.9141;104
28;2025-11-15;7;223;0.9151;223
28;2025-11-15;8;380;0.924;380
28;2025-11-15;9;459;0.9172;459
28;2025-11-15;10;481;0.9149;481
28;2025-11-15;11;490;0.8984;490
28;2025-11-15;12;572;0.8775;572
28;2025-11-15;13;594;0.868;594
28;2025-11-15;14;592;0.8812;592
28;2025-11-15;15;588;0.8713;588
28;2025-11-15;16;568;0.8726;568
28;2025-11-15;17;576;0.8807;576
28;2025-11-15;18;497;0.8714;497
28;2025-11-15;19;407;0.9035;407
28;2025-11-15;20;303;0.9183;303
28;2025-11-15;21;271;0.9207;271
28;2025-11-15;22;129;0.9202;129
28;2025-11-15;23;18;0.9287;18
28;2025-11-16;0;3;1.0099;3
28;2025-11-16;1;0;1.0;0
28;2025-11-16;2;0;1.0;0
28;2025-11-16;3;0;1.0;0
28;2025-11-16;4;0;1.0;0
28;2025-11-16;5;32;1.0047;32
28;2025-11-16;6;86;1.0047;86
28;2025-11-16;7;161;1.0003;161
28;2025-11-16;8;259;1.0046;259
28;2025-11-16;9;353;0.9985;353
28;2025-11-16;10;394;1.0022;394
28;2025-11-16;11;435;0.9928;435
28;2025-11-16;12;476;0.9854;476
28;2025-11-16;13;557;0.9791;557
28;2025-11-16;14;537;0.9805;537
28;2025-11-16;15;532;0.9809;532
28;2025-11-16;16;495;0.99;495
28;2025-11-16;17;501;0.9756;501
28;2025-11-16;18;436;0.9761;436
28;2025-11-16;19;379;0.9963;379
28;2025-11-16;20;303;0.9955;303
28;2025-11-16;21;250;0.9965;250
28;2025-11-16;22;112;0.9921;112
28;2025-11-16;23;14;0.9816;14
28;2025-11-17;0;3;1.0241;3
28;2025-11-17;1;1;1.0;1
28;2025-11-17;2;0;1.0;0
28;2025-11-17;3;0;1.0;0
28;2025-11-17;4;1;1.0212;1
28;2025-11-17;5;82;1.0208;82
28;2025-11-17;6;272;1.029;272
28;2025-11-17;7;819;1.0084;819
28;2025-11-17;8;1274;0.9935;1274
28;2025-11-17;9;870;0.9997;870
28;2025-11-17;10;641;1.0056;641
28;2025-11-17;11;581;1.0078;581
28;2025-11-17;12;706;1.0019;706
28;2025-11-17;13;728;0.9942;728
28;2025-11-17;14;672;1.0092;672
28;2025-11-17;15;703;1.0033;703
28;2025-11-17;16;881;1.0097;881
28;2025-11-17;17;1012;1.0084;1012
28;2025-11-17;18;1003;1.0125;1003
28;2025-11-17;19;754;1.013;754
28;2025-11-17;20;527;1.0206;527
28;2025-11-17;21;325;1.0219;325
28;2025-11-17;22;134;1.0268;134
28;2025-11-17;23;18;1.0268;18
28;2025-11-18;0;3;1.0182;3
28;2025-11-18;1;1;1.0;1
28;2025-11-18;2;0;1.0;0
28;2025-11-18;3;0;1.0;0
28;2025-11-18;4;1;0.9774;1
28;2025-11-18;5;82;0.9832;82
28;2025-11-18;6;272;0.9924;272
28;2025-11-18;7;819;0.9839;819
28;2025-11-18;8;1274;0.982;1274
28;2025-11-18;9;870;0.9796;870
28;2025-11-18;10;641;0.9775;641
28;2025-11-18;11;581;0.9944;581
28;2025-11-18;12;706;0.986;706
28;2025-11-18;13;728;0.977;728
28;2025-11-18;14;672;0.9857;672
28;2025-11-18;15;703;0.9872;703
28;2025-11-18;16;881;0.9792;881
28;2025-11-18;17;1012;0.9791;1012
28;2025-11-18;18;1003;0.9695;1003
28;2025-11-18;19;754;0.9845;754
28;2025-11-18;20;527;0.9947;527
28;2025-11-18;21;325;0.9887;325
28;2025-11-18;22;134;1.0056;134
28;2025-11-18;23;18;1.0056;18
28;2025-11-19;0;3;1.0195;3
28;2025-11-19;1;1;1.0;1
28;2025-11-19;2;0;1.0;0
28;2025-11-19;3;0;1.0;0
28;2025-11-19;4;1;1.0363;1
28;2025-11-19;5;82;1.0489;82
28;2025-11-19;6;272;1.0527;272
28;2025-11-19;7;819;1.0329;819
28;2025-11-19;8;1274;1.0303;1274
28;2025-11-19;9;870;1.0387;870
28;2025-11-19;10;641;1.0391;641
28;2025-11-19;11;581;1.0419;581
28;2025-11-19;12;706;1.0445;706
28;2025-11-19;13;728;1.0457;728
28;2025-11-19;14;672;1.0516;672
28;2025-11-19;15;703;1.0457;703
28;2025-11-19;16;881;1.032;881
28;2025-11-19;17;1012;1.0311;1012
28;2025-11-19;18;1003;1.0232;1003
28;2025-11-19;19;754;1.0342;754
28;2025-11-19;20;527;1.046;527
28;2025-11-19;21;325;1.046;325
28;2025-11-19;22;134;1.0548;134
28;2025-11-19;23;18;1.0435;18
28;2025-11-20;0;3;1.0464;3
28;2025-11-20;1;1;1.0;1
28;2025-11-20;2;0;1.0;0
28;2025-11-20;3;0;1.0;0
28;2025-11-20;4;1;1.0625;1
28;2025-11-20;5;82;1.0625;82
28;2025-11-20;6;272;1.0625;272
28;2025-11-20;7;819;1.0434;819
28;2025-11-20;8;1274;1.0401;1274
28;2025-11-20;9;870;1.0495;870
28;2025-11-20;10;641;1.0604;641
28;2025-11-20;11;581;1.0635;581
28;2025-11-20;12;706;1.0546;706
28;2025-11-20;13;728;1.0546;728
28;2025-11-20;14;672;1.0622;672
28;2025-11-20;15;703;1.0545;703
28;2025-11-20;16;881;1.0413;881
28;2025-11-20;17;1012;1.0398;1012
28;2025-11-20;18;1003;1.0287;1003
28;2025-11-20;19;754;1.0398;754
28;2025-11-20;20;527;1.0505;527
28;2025-11-20;21;325;1.0409;325
28;2025-11-20;22;134;1.0567;134
28;2025-11-20;23;18;1.0554;18
28;2025-11-21;0;3;1.0428;3
28;2025-11-21;1;0;1.0;0
28;2025-11-21;2;0;1.0;0
28;2025-11-21;3;0;1.0;0
28;2025-11-21;4;2;1.0515;2
28;2025-11-21;5;84;1.048;84
28;2025-11-21;6;289;1.0466;289
28;2025-11-21;7;875;1.05;875
28;2025-11-21;8;1334;1.0462;1334
28;2025-11-21;9;902;1.0481;902
28;2025-11-21;10;680;1.0592;680
28;2025-11-21;11;630;1.0623;630
28;2025-11-21;12;794;1.0598;794
28;2025-11-21;13;776;1.0601;776
28;2025-11-21;14;761;1.0601;761
28;2025-11-21;15;787;1.0598;787
28;2025-11-21;16;1021;1.046;1021
28;2025-11-21;17;1078;1.0452;1078
28;2025-11-21;18;908;1.0421;908
28;2025-11-21;19;694;1.0482;694
28;2025-11-21;20;503;1.0474;503
28;2025-11-21;21;349;1.0412;349
28;2025-11-21;22;152;1.0474;152
28;2025-11-21;23;22;1.0474;22
28;2025-11-22;0;3;1.0079;3
28;2025-11-22;1;0;1.0;0
28;2025-11-22;2;0;1.0;0
28;2025-11-22;3;0;1.0;0
28;2025-11-22;4;1;1.0;1
28;2025-11-22;5;36;0.9804;36
28;2025-11-22;6;104;0.9782;104
28;2025-11-22;7;223;0.9902;223
28;2025-11-22;8;380;0.9799;380
28;2025-11-22;9;459;0.974;459
28;2025-11-22;10;481;0.9824;481
28;2025-11-22;11;490;0.985;490
28;2025-11-22;12;572;0.9684;572
28;2025-11-22;13;594;0.9654;594
28;2025-11-22;14;592;0.9835;592
28;2025-11-22;15;588;0.965;588
28;2025-11-22;16;568;0.9663;568
28;2025-11-22;17;576;0.971;576
28;2025-11-22;18;497;0.9722;497
28;2025-11-22;19;407;1.0021;407
28;2025-11-22;20;303;1.0041;303
28;2025-11-22;21;271;0.9864;271
28;2025-11-22;22;129;0.9886;129
28;2025-11-22;23;18;0.9864;18
28;2025-11-23;0;3;1.0191;3
28;2025-11-23;1;0;1.0;0
28;2025-11-23;2;0;1.0;0
28;2025-11-23;3;0;1.0;0
28;2025-11-23;4;0;1.0;0
28;2025-11-23;5;32;1.0242;32
28;2025-11-23;6;86;1.0242;86
28;2025-11-23;7;161;1.0138;161
28;2025-11-23;8;259;1.0181;259
28;2025-11-23;9;353;1.0159;353
28;2025-11-23;10;394;1.0154;394
28;2025-11-23;11;435;1.0074;435
28;2025-11-23;12;476;1.0;476
28;2025-11-23;13;557;0.9937;557
28;2025-11-23;14;537;0.9951;537
28;2025-11-23;15;532;0.9951;532
28;2025-11-23;16;495;1.0106;495
28;2025-11-23;17;501;0.9985;501
28;2025-11-23;18;436;1.0002;436
28;2025-11-23;19;379;1.014;379
28;2025-11-23;20;303;1.0121;303
28;2025-11-23;21;250;1.019;250
28;2025-11-23;22;112;1.0041;112
28;2025-11-23;23;14;0.993;14
28;2025-11-24;0;3;0.9583;3
28;2025-11-24;1;1;1.0;1
28;2025-11-24;2;0;1.0;0
28;2025-11-24;3;0;1.0;0
28;2025-11-24;4;1;0.9847;1
28;2025-11-24;5;82;0.9744;82
28;2025-11-24;6;272;0.9847;272
28;2025-11-24;7;819;0.9591;819
28;2025-11-24;8;1274;0.9613;1274
28;2025-11-24;9;870;0.9769;870
28;2025-11-24;10;641;0.9808;641
28;2025-11-24;11;581;0.983;581
28;2025-11-24;12;706;0.9818;706
28;2025-11-24;13;728;0.9765;728
28;2025-11-24;14;672;0.9795;672
28;2025-11-24;15;703;0.9872;703
28;2025-11-24;16;881;0.9505;881
28;2025-11-24;17;1012;0.9515;1012
28;2025-11-24;18;1003;0.9468;1003
28;2025-11-24;19;754;0.9527;754
28;2025-11-24;20;527;0.9631;527
28;2025-11-24;21;325;0.9554;325
28;2025-11-24;22;134;0.9769;134
28;2025-11-24;23;18;0.9769;18
28;2025-11-25;0;3;1.0157;3
28;2025-11-25;1;1;1.0;1
28;2025-11-25;2;0;1.0;0
28;2025-11-25;3;0;1.0;0
28;2025-11-25;4;1;1.0541;1
28;2025-11-25;5;82;1.0474;82
28;2025-11-25;6;272;1.0555;272
28;2025-11-25;7;819;1.0279;819
28;2025-11-25;8;1274;1.0263;1274
28;2025-11-25;9;870;1.0388;870
28;2025-11-25;10;641;1.047;641
28;2025-11-25;11;581;1.0515;581
28;2025-11-25;12;706;1.0414;706
28;2025-11-25;13;728;1.0429;728
28;2025-11-25;14;672;1.0488;672
28;2025-11-25;15;703;1.0414;703
28;2025-11-25;16;881;1.027;881
28;2025-11-25;17;1012;1.026;1012
28;2025-11-25;18;1003;1.0188;1003
28;2025-11-25;19;754;1.031;754
28;2025-11-25;20;527;1.0428;527
28;2025-11-25;21;325;1.0428;325
28;2025-11-25;22;134;1.0575;134
28;2025-11-25;23;18;1.0575;18
28;2025-11-26;0;3;1.0339;3
28;2025-11-26;1;1;1.0;1
28;2025-11-26;2;0;1.0;0
28;2025-11-26;3;0;1.0;0
28;2025-11-26;4;1;1.0475;1
28;2025-11-26;5;82;1.0475;82
28;2025-11-26;6;272;1.049;272
28;2025-11-26;7;819;1.0309;819
28;2025-11-26;8;1274;1.0352;1274
28;2025-11-26;9;870;1.0414;870
28;2025-11-26;10;641;1.0431;641
28;2025-11-26;11;581;1.0436;581
28;2025-11-26;12;706;1.0315;706
28;2025-11-26;13;728;1.0389;728
28;2025-11-26;14;672;1.0448;672
28;2025-11-26;15;703;1.0386;703
28;2025-11-26;16;881;1.0291;881
28;2025-11-26;17;1012;1.0304;1012
28;2025-11-26;18;1003;1.0194;1003
28;2025-11-26;19;754;1.0217;754
28;2025-11-26;20;527;1.0303;527
28;2025-11-26;21;325;1.0346;325
28;2025-11-26;22;134;1.0455;134
28;2025-11-26;23;18;1.0412;18
28;2025-11-27;0;3;1.039;3
28;2025-11-27;1;1;1.0;1
28;2025-11-27;2;0;1.0;0
28;2025-11-27;3;0;1.0;0
28;2025-11-27;4;1;1.0608;1
28;2025-11-27;5;82;1.0608;82
28;2025-11-27;6;272;1.0608;272
28;2025-11-27;7;819;1.0425;819
28;2025-11-27;8;1274;1.0407;1274
28;2025-11-27;9;870;1.0494;870
28;2025-11-27;10;641;1.0564;641
28;2025-11-27;11;581;1.0532;581
28;2025-11-27;12;706;1.0451;706
28;2025-11-27;13;728;1.0435;728
28;2025-11-27;14;672;1.0508;672
28;2025-11-27;15;703;1.0501;703
28;2025-11-27;16;881;1.0385;881
28;2025-11-27;17;1012;1.0418;1012
28;2025-11-27;18;1003;1.0321;1003
28;2025-11-27;19;754;1.0326;754
28;2025-11-27;20;527;1.0426;527
28;2025-11-27;21;325;1.0347;325
28;2025-11-27;22;134;1.0532;134
28;2025-11-27;23;18;1.0423;18
28;2025-11-28;0;3;1.0658;3
28;2025-11-28;1;0;1.0;0
28;2025-11-28;2;0;1.0;0
28;2025-11-28;3;0;1.0;0
28;2025-11-28;4;2;1.0658;2
28;2025-11-28;5;84;1.0657;84
28;2025-11-28;6;289;1.0443;289
28;2025-11-28;7;875;1.0567;875
28;2025-11-28;8;1334;1.0539;1334
28;2025-11-28;9;902;1.0546;902
28;2025-11-28;10;680;1.0659;680
28;2025-11-28;11;630;1.0689;630
28;2025-11-28;12;794;1.0653;794
28;2025-11-28;13;776;1.0668;776
28;2025-11-28;14;761;1.0668;761
28;2025-11-28;15;787;1.0668;787
28;2025-11-28;16;1021;1.0539;1021
28;2025-11-28;17;1078;1.0531;1078
28;2025-11-28;18;908;1.0472;908
28;2025-11-28;19;694;1.0513;694
28;2025-11-28;20;503;1.0649;503
28;2025-11-28;21;349;1.0386;349
28;2025-11-28;22;152;1.0603;152
28;2025-11-28;23;22;1.0603;22
28;2025-11-29;0;3;1.0463;3
28;2025-11-29;1;0;1.0;0
28;2025-11-29;2;0;1.0;0
28;2025-11-29;3;0;1.0;0
28;2025-11-29;4;1;1.0;1
28;2025-11-29;5;36;1.0314;36
28;2025-11-29;6;104;1.0314;104
28;2025-11-29;7;223;1.0324;223
28;2025-11-29;8;380;1.0295;380
28;2025-11-29;9;459;1.0252;459
28;2025-11-29;10;481;1.018;481
28;2025-11-29;11;490;1.0246;490
28;2025-11-29;12;572;1.0156;572
28;2025-11-29;13;594;1.0085;594
28;2025-11-29;14;592;1.0309;592
28;2025-11-29;15;588;1.0145;588
28;2025-11-29;16;568;1.0158;568
28;2025-11-29;17;576;1.0155;576
28;2025-11-29;18;497;1.0153;497
28;2025-11-29;19;407;1.0434;407
28;2025-11-29;20;303;1.0438;303
28;2025-11-29;21;271;1.0438;271
28;2025-11-29;22;129;1.0438;129
28;2025-11-29;23;18;1.0438;18
28;2025-11-30;0;3;1.0376;3
28;2025-11-30;1;0;1.0;0
28;2025-11-30;2;0;1.0;0
28;2025-11-30;3;0;1.0;0
28;2025-11-30;4;0;1.0;0
28;2025-11-30;5;32;1.0483;32
28;2025-11-30;6;86;1.0483;86
28;2025-11-30;7;161;1.0319;161
28;2025-11-30;8;259;1.038;259
28;2025-11-30;9;353;1.038;353
28;2025-11-30;10;394;1.0375;394
28;2025-11-30;11;435;1.032;435
28;2025-11-30;12;476;1.0273;476
28;2025-11-30;13;557;1.0215;557
28;2025-11-30;14;537;1.0229;537
28;2025-11-30;15;532;1.0214;532
28;2025-11-30;16;495;1.0424;495
28;2025-11-30;17;501;1.0257;501
28;2025-11-30;18;436;1.0225;436
28;2025-11-30;19;379;1.0339;379
28;2025-11-30;20;303;1.0312;303
28;2025-11-30;21;250;1.0442;250
28;2025-11-30;22;112;1.0293;112
28;2025-11-30;23;14;1.0457;14
28;2025-12-01;0;3;1.0244;3
28;2025-12-01;1;1;1.0;1
28;2025-12-01;2;0;1.0;0
28;2025-12-01;3;0;1.0;0
28;2025-12-01;4;1;1.0476;1
28;2025-12-01;5;82;1.047;82
28;2025-12-01;6;272;1.047;272
28;2025-12-01;7;819;1.0143;819
28;2025-12-01;8;1274;1.0172;1274
28;2025-12-01;9;870;1.0348;870
28;2025-12-01;10;641;1.0289;641
28;2025-12-01;11;581;1.0296;581
28;2025-12-01;12;706;1.0157;706
28;2025-12-01;13;728;1.0172;728
28;2025-12-01;14;672;1.0216;672
28;2025-12-01;15;703;1.0151;703
28;2025-12-01;16;881;1.0132;881
28;2025-12-01;17;1012;1.012;1012
28;2025-12-01;18;1003;1.0071;1003
28;2025-12-01;19;754;1.0085;754
28;2025-12-01;20;527;1.0218;527
28;2025-12-01;21;325;1.0141;325
28;2025-12-01;22;134;1.0442;134
28;2025-12-01;23;18;1.0442;18
28;2025-12-02;0;3;1.0724;3
28;2025-12-02;1;1;1.0;1
28;2025-12-02;2;0;1.0;0
28;2025-12-02;3;0;1.0;0
28;2025-12-02;4;1;1.1005;1
28;2025-12-02;5;82;1.0995;82
28;2025-12-02;6;272;1.1005;272
28;2025-12-02;7;819;1.0697;819
28;2025-12-02;8;1274;1.0684;1274
28;2025-12-02;9;870;1.0888;870
28;2025-12-02;10;641;1.0847;641
28;2025-12-02;11;581;1.0866;581
28;2025-12-02;12;706;1.0776;706
28;2025-12-02;13;728;1.0776;728
28;2025-12-02;14;672;1.0835;672
28;2025-12-02;15;703;1.0776;703
28;2025-12-02;16;881;1.0657;881
28;2025-12-02;17;1012;1.0661;1012
28;2025-12-02;18;1003;1.0577;1003
28;2025-12-02;19;754;1.0669;754
28;2025-12-02;20;527;1.0767;527
28;2025-12-02;21;325;1.069;325
28;2025-12-02;22;134;1.0968;134
28;2025-12-02;23;18;1.0968;18
28;2025-12-03;0;3;1.0734;3
28;2025-12-03;1;1;1.0;1
28;2025-12-03;2;0;1.0;0
28;2025-12-03;3;0;1.0;0
28;2025-12-03;4;1;1.0998;1
28;2025-12-03;5;82;1.0998;82
28;2025-12-03;6;272;1.0998;272
28;2025-12-03;7;819;1.0703;819
28;2025-12-03;8;1274;1.0674;1274
28;2025-12-03;9;870;1.0892;870
28;2025-12-03;10;641;1.085;641
28;2025-12-03;11;581;1.086;581
28;2025-12-03;12;706;1.0787;706
28;2025-12-03;13;728;1.0787;728
28;2025-12-03;14;672;1.0845;672
28;2025-12-03;15;703;1.0769;703
28;2025-12-03;16;881;1.0652;881
28;2025-12-03;17;1012;1.0651;1012
28;2025-12-03;18;1003;1.0572;1003
28;2025-12-03;19;754;1.0662;754
28;2025-12-03;20;527;1.076;527
28;2025-12-03;21;325;1.0683;325
28;2025-12-03;22;134;1.0961;134
28;2025-12-03;23;18;1.0961;18
28;2025-12-04;0;3;1.0698;3
28;2025-12-04;1;1;1.0;1
28;2025-12-04;2;0;1.0;0
28;2025-12-04;3;0;1.0;0
28;2025-12-04;4;1;1.0963;1
28;2025-12-04;5;82;1.0973;82
28;2025-12-04;6;272;1.0973;272
28;2025-12-04;7;819;1.0671;819
28;2025-12-04;8;1274;1.0642;1274
28;2025-12-04;9;870;1.0867;870
28;2025-12-04;10;641;1.0832;641
28;2025-12-04;11;581;1.0824;581
28;2025-12-04;12;706;1.0751;706
28;2025-12-04;13;728;1.0751;728
28;2025-12-04;14;672;1.081;672
28;2025-12-04;15;703;1.0751;703
28;2025-12-04;16;881;1.0626;881
28;2025-12-04;17;1012;1.0626;1012
28;2025-12-04;18;1003;1.0498;1003
28;2025-12-04;19;754;1.0595;754
28;2025-12-04;20;527;1.0677;527
28;2025-12-04;21;325;1.06;325
28;2025-12-04;22;134;1.0877;134
28;2025-12-04;23;18;1.0877;18
28;2025-12-05;0;3;1.0819;3
28;2025-12-05;1;0;1.0;0
28;2025-12-05;2;0;1.0;0
28;2025-12-05;3;0;1.0;0
28;2025-12-05;4;2;1.0819;2
28;2025-12-05;5;84;1.0819;84
28;2025-12-05;6;289;1.0555;289
28;2025-12-05;7;875;1.0668;875
28;2025-12-05;8;1334;1.0659;1334
28;2025-12-05;9;902;1.067;902
28;2025-12-05;10;680;1.0756;680
28;2025-12-05;11;630;1.0796;630
28;2025-12-05;12;794;1.0751;794
28;2025-12-05;13;776;1.0773;776
28;2025-12-05;14;761;1.0773;761
28;2025-12-05;15;787;1.0783;787
28;2025-12-05;16;1021;1.0641;1021
28;2025-12-05;17;1078;1.0642;1078
28;2025-12-05;18;908;1.0584;908
28;2025-12-05;19;694;1.0641;694
28;2025-12-05;20;503;1.0809;503
28;2025-12-05;21;349;1.0485;349
28;2025-12-05;22;152;1.0763;152
28;2025-12-05;23;22;1.0763;22
28;2025-12-06;0;3;1.0239;3
28;2025-12-06;1;0;1.0;0
28;2025-12-06;2;0;1.0;0
28;2025-12-06;3;0;1.0;0
28;2025-12-06;4;1;1.0;1
28;2025-12-06;5;36;1.009;36
28;2025-12-06;6;104;1.009;104
28;2025-12-06;7;223;1.0091;223
28;2025-12-06;8;380;1.0037;380
28;2025-12-06;9;459;0.9982;459
28;2025-12-06;10;481;0.9943;481
28;2025-12-06;11;490;0.9969;490
28;2025-12-06;12;572;0.9895;572
28;2025-12-06;13;594;0.9835;594
28;2025-12-06;14;592;1.0052;592
28;2025-12-06;15;588;0.9901;588
28;2025-12-06;16;568;0.9897;568
28;2025-12-06;17;576;0.9903;576
28;2025-12-06;18;497;0.9997;497
28;2025-12-06;19;407;1.0293;407
28;2025-12-06;20;303;1.031;303
28;2025-12-06;21;271;1.0303;271
28;2025-12-06;22;129;1.0303;129
28;2025-12-06;23;18;1.0303;18
28;2025-12-07;0;3;1.0095;3
28;2025-12-07;1;0;1.0;0
28;2025-12-07;2;0;1.0;0
28;2025-12-07;3;0;1.0;0
28;2025-12-07;4;0;1.0;0
28;2025-12-07;5;32;1.0099;32
28;2025-12-07;6;86;1.0099;86
28;2025-12-07;7;161;0.9935;161
28;2025-12-07;8;259;0.9983;259
28;2025-12-07;9;353;0.9939;353
28;2025-12-07;10;394;0.993;394
28;2025-12-07;11;435;0.9836;435
28;2025-12-07;12;476;0.9789;476
28;2025-12-07;13;557;0.9762;557
28;2025-12-07;14;537;0.9775;537
28;2025-12-07;15;532;0.9792;532
28;2025-12-07;16;495;0.9985;495
28;2025-12-07;17;501;0.9813;501
28;2025-12-07;18;436;0.989;436
28;2025-12-07;19;379;1.0008;379
28;2025-12-07;20;303;1.0024;303
28;2025-12-07;21;250;1.0154;250
28;2025-12-07;22;112;0.999;112
28;2025-12-07;23;14;1.0154;14
28;2025-12-08;0;3;1.0258;3
28;2025-12-08;1;1;1.0;1
28;2025-12-08;2;0;1.0;0
28;2025-12-08;3;0;1.0;0
28;2025-12-08;4;1;1.0578;1
28;2025-12-08;5;82;1.0578;82
28;2025-12-08;6;272;1.0569;272
28;2025-12-08;7;819;1.0325;819
28;2025-12-08;8;1274;1.0359;1274
28;2025-12-08;9;870;1.051;870
28;2025-12-08;10;641;1.0389;641
28;2025-12-08;11;581;1.042;581
28;2025-12-08;12;706;1.0345;706
28;2025-12-08;13;728;1.0328;728
28;2025-12-08;14;672;1.0399;672
28;2025-12-08;15;703;1.0345;703
28;2025-12-08;16;881;1.0304;881
28;2025-12-08;17;1012;1.0299;1012
28;2025-12-08;18;1003;1.0208;1003
28;2025-12-08;19;754;1.0237;754
28;2025-12-08;20;527;1.0315;527
28;2025-12-08;21;325;1.0243;325
28;2025-12-08;22;134;1.0514;134
28;2025-12-08;23;18;1.0514;18
28;2025-12-09;0;3;1.0143;3
28;2025-12-09;1;1;1.0;1
28;2025-12-09;2;0;1.0;0
28;2025-12-09;3;0;1.0;0
28;2025-12-09;4;1;1.0431;1
28;2025-12-09;5;82;1.0384;82
28;2025-12-09;6;272;1.0384;272
28;2025-12-09;7;819;0.9686;819
28;2025-12-09;8;1274;0.9784;1274
28;2025-12-09;9;870;1.0031;870
28;2025-12-09;10;641;1.0127;641
28;2025-12-09;11;581;1.0032;581
28;2025-12-09;12;706;0.9782;706
28;2025-12-09;13;728;0.9779;728
28;2025-12-09;14;672;0.9824;672
28;2025-12-09;15;703;0.9971;703
28;2025-12-09;16;881;0.9936;881
28;2025-12-09;17;1012;0.9578;1012
28;2025-12-09;18;1003;0.9544;1003
28;2025-12-09;19;754;0.9893;754
28;2025-12-09;20;527;0.9976;527
28;2025-12-09;21;325;0.9855;325
28;2025-12-09;22;134;1.0304;134
28;2025-12-09;23;18;1.0335;18
28;2025-12-10;0;3;1.0424;3
28;2025-12-10;1;1;1.0;1
28;2025-12-10;2;0;1.0;0
28;2025-12-10;3;0;1.0;0
28;2025-12-10;4;1;1.0606;1
28;2025-12-10;5;82;1.0614;82
28;2025-12-10;6;272;1.0614;272
28;2025-12-10;7;819;1.0348;819
28;2025-12-10;8;1274;1.0326;1274
28;2025-12-10;9;870;1.0518;870
28;2025-12-10;10;641;1.0541;641
28;2025-12-10;11;581;1.0579;581
28;2025-12-10;12;706;1.0493;706
28;2025-12-10;13;728;1.0486;728
28;2025-12-10;14;672;1.0552;672
28;2025-12-10;15;703;1.049;703
28;2025-12-10;16;881;1.0308;881
28;2025-12-10;17;1012;1.0294;1012
28;2025-12-10;18;1003;1.0223;1003
28;2025-12-10;19;754;1.0383;754
28;2025-12-10;20;527;1.0472;527
28;2025-12-10;21;325;1.0466;325
28;2025-12-10;22;134;1.0647;134
28;2025-12-10;23;18;1.0647;18
28;2025-12-11;0;3;1.0484;3
28;2025-12-11;1;1;1.0;1
28;2025-12-11;2;0;1.0;0
28;2025-12-11;3;0;1.0;0
28;2025-12-11;4;1;1.0632;1
28;2025-12-11;5;82;1.0632;82
28;2025-12-11;6;272;1.0565;272
28;2025-12-11;7;819;1.0084;819
28;2025-12-11;8;1274;1.0128;1274
28;2025-12-11;9;870;1.03;870
28;2025-12-11;10;641;1.0283;641
28;2025-12-11;11;581;1.0236;581
28;2025-12-11;12;706;1.0179;706
28;2025-12-11;13;728;1.0253;728
28;2025-12-11;14;672;1.0307;672
28;2025-12-11;15;703;1.0389;703
28;2025-12-11;16;881;1.0333;881
28;2025-12-11;17;1012;1.0389;1012
28;2025-12-11;18;1003;1.0272;1003
28;2025-12-11;19;754;1.0306;754
28;2025-12-11;20;527;1.037;527
28;2025-12-11;21;325;1.037;325
28;2025-12-11;22;134;1.056;134
28;2025-12-11;23;18;1.0555;18
28;2025-12-12;0;3;1.06;3
28;2025-12-12;1;0;1.0;0
28;2025-12-12;2;0;1.0;0
28;2025-12-12;3;0;1.0;0
28;2025-12-12;4;2;1.0634;2
28;2025-12-12;5;84;1.0532;84
28;2025-12-12;6;289;1.0414;289
28;2025-12-12;7;875;1.0371;875
28;2025-12-12;8;1334;1.0385;1334
28;2025-12-12;9;902;1.0512;902
28;2025-12-12;10;680;1.0611;680
28;2025-12-12;11;630;1.0637;630
28;2025-12-12;12;794;1.0547;794
28;2025-12-12;13;776;1.0581;776
28;2025-12-12;14;761;1.0581;761
28;2025-12-12;15;787;1.0441;787
28;2025-12-12;16;1021;1.0046;1021
28;2025-12-12;17;1078;0.9976;1078
28;2025-12-12;18;908;0.9981;908
28;2025-12-12;19;694;1.0177;694
28;2025-12-12;20;503;1.0303;503
28;2025-12-12;21;349;1.0098;349
28;2025-12-12;22;152;1.0295;152
28;2025-12-12;23;22;1.0295;22
28;2025-12-13;0;3;0.9791;3
28;2025-12-13;1;0;1.0;0
28;2025-12-13;2;0;1.0;0
28;2025-12-13;3;0;1.0;0
28;2025-12-13;4;1;1.0;1
28;2025-12-13;5;36;0.9481;36
28;2025-12-13;6;104;0.9531;104
28;2025-12-13;7;223;0.9491;223
28;2025-12-13;8;380;0.9445;380
28;2025-12-13;9;459;0.9354;459
28;2025-12-13;10;481;0.927;481
28;2025-12-13;11;490;0.9238;490
28;2025-12-13;12;572;0.8824;572
28;2025-12-13;13;594;0.8811;594
28;2025-12-13;14;592;0.9112;592
28;2025-12-13;15;588;0.879;588
28;2025-12-13;16;568;0.8794;568
28;2025-12-13;17;576;0.8865;576
28;2025-12-13;18;497;0.9018;497
28;2025-12-13;19;407;0.9645;407
28;2025-12-13;20;303;0.9645;303
28;2025-12-13;21;271;0.9563;271
28;2025-12-13;22;129;0.9695;129
28;2025-12-13;23;18;0.9645;18
28;2025-12-14;0;3;0.9505;3
28;2025-12-14;1;0;1.0;0
28;2025-12-14;2;0;1.0;0
28;2025-12-14;3;0;1.0;0
28;2025-12-14;4;0;1.0;0
28;2025-12-14;5;32;0.9774;32
28;2025-12-14;6;86;0.9936;86
28;2025-12-14;7;161;0.9779;161
28;2025-12-14;8;259;0.9719;259
28;2025-12-14;9;353;0.947;353
28;2025-12-14;10;394;0.9465;394
28;2025-12-14;11;435;0.9556;435
28;2025-12-14;12;476;0.8715;476
28;2025-12-14;13;557;0.8652;557
28;2025-12-14;14;537;0.8666;537
28;2025-12-14;15;532;0.8666;532
28;2025-12-14;16;495;0.9704;495
28;2025-12-14;17;501;0.9494;501
28;2025-12-14;18;436;0.9519;436
28;2025-12-14;19;379;0.9776;379
28;2025-12-14;20;303;0.9735;303
28;2025-12-14;21;250;0.9885;250
28;2025-12-14;22;112;0.9746;112
28;2025-12-14;23;14;0.9975;14
28;2025-12-15;0;3;0.9861;3
28;2025-12-15;1;1;1.0;1
28;2025-12-15;2;0;1.0;0
28;2025-12-15;3;0;1.0;0
28;2025-12-15;4;1;0.9951;1
28;2025-12-15;5;82;0.9951;82
28;2025-12-15;6;272;0.9951;272
28;2025-12-15;7;819;0.9722;819
28;2025-12-15;8;1274;0.9747;1274
28;2025-12-15;9;870;0.9922;870
28;2025-12-15;10;641;0.9832;641
28;2025-12-15;11;581;0.9873;581
28;2025-12-15;12;706;0.9789;706
28;2025-12-15;13;728;0.9786;728
28;2025-12-15;14;672;0.9831;672
28;2025-12-15;15;703;0.9777;703
28;2025-12-15;16;881;0.9727;881
28;2025-12-15;17;1012;0.9705;1012
28;2025-12-15;18;1003;0.9674;1003
28;2025-12-15;19;754;0.9714;754
28;2025-12-15;20;527;0.9798;527
28;2025-12-15;21;325;0.9797;325
28;2025-12-15;22;134;0.9979;134
28;2025-12-15;23;18;0.9979;18
28;2025-12-16;0;3;1.0419;3
28;2025-12-16;1;1;1.0;1
28;2025-12-16;2;0;1.0;0
28;2025-12-16;3;0;1.0;0
28;2025-12-16;4;1;1.0587;1
28;2025-12-16;5;82;1.0584;82
28;2025-12-16;6;272;1.0584;272
28;2025-12-16;7;819;1.0289;819
28;2025-12-16;8;1274;1.0253;1274
28;2025-12-16;9;870;1.0527;870
28;2025-12-16;10;641;1.0558;641
28;2025-12-16;11;581;1.0507;581
28;2025-12-16;12;706;1.0454;706
28;2025-12-16;13;728;1.0452;728
28;2025-12-16;14;672;1.0564;672
28;2025-12-16;15;703;1.0497;703
28;2025-12-16;16;881;1.0354;881
28;2025-12-16;17;1012;1.0331;1012
28;2025-12-16;18;1003;1.0089;1003
28;2025-12-16;19;754;1.028;754
28;2025-12-16;20;527;1.0376;527
28;2025-12-16;21;325;1.0447;325
28;2025-12-16;22;134;1.0629;134
28;2025-12-16;23;18;1.063;18
28;2025-12-17;0;3;1.0522;3
28;2025-12-17;1;1;1.0;1
28;2025-12-17;2;0;1.0;0
28;2025-12-17;3;0;1.0;0
28;2025-12-17;4;1;1.0711;1
28;2025-12-17;5;82;1.0711;82
28;2025-12-17;6;272;1.0724;272
28;2025-12-17;7;819;1.0414;819
28;2025-12-17;8;1274;1.0388;1274
28;2025-12-17;9;870;1.0596;870
28;2025-12-17;10;641;1.0609;641
28;2025-12-17;11;581;1.0623;581
28;2025-12-17;12;706;1.0558;706
28;2025-12-17;13;728;1.0558;728
28;2025-12-17;14;672;1.0617;672
28;2025-12-17;15;703;1.0557;703
28;2025-12-17;16;881;1.0388;881
28;2025-12-17;17;1012;1.0369;1012
28;2025-12-17;18;1003;1.03;1003
28;2025-12-17;19;754;1.0425;754
28;2025-12-17;20;527;1.0524;527
28;2025-12-17;21;325;1.0524;325
28;2025-12-17;22;134;1.0731;134
28;2025-12-17;23;18;1.0731;18
28;2025-12-18;0;3;1.0566;3
28;2025-12-18;1;1;1.0;1
28;2025-12-18;2;0;1.0;0
28;2025-12-18;3;0;1.0;0
28;2025-12-18;4;1;1.0732;1
28;2025-12-18;5;82;1.0732;82
28;2025-12-18;6;272;1.0745;272
28;2025-12-18;7;819;1.0417;819
28;2025-12-18;8;1274;1.0391;1274
28;2025-12-18;9;870;1.0599;870
28;2025-12-18;10;641;1.0477;641
28;2025-12-18;11;581;1.0356;581
28;2025-12-18;12;706;1.0434;706
28;2025-12-18;13;728;1.0555;728
28;2025-12-18;14;672;1.0614;672
28;2025-12-18;15;703;1.0555;703
28;2025-12-18;16;881;1.0403;881
28;2025-12-18;17;1012;1.0372;1012
28;2025-12-18;18;1003;1.027;1003
28;2025-12-18;19;754;1.0395;754
28;2025-12-18;20;527;1.0467;527
28;2025-12-18;21;325;1.048;325
28;2025-12-18;22;134;1.0674;134
28;2025-12-18;23;18;1.0674;18
28;2025-12-19;0;3;1.0674;3
28;2025-12-19;1;0;1.0;0
28;2025-12-19;2;0;1.0;0
28;2025-12-19;3;0;1.0;0
28;2025-12-19;4;2;1.0677;2
28;2025-12-19;5;84;1.0677;84
28;2025-12-19;6;289;1.0509;289
28;2025-12-19;7;875;1.0521;875
28;2025-12-19;8;1334;1.0496;1334
28;2025-12-19;9;902;1.0521;902
28;2025-12-19;10;680;1.0637;680
28;2025-12-19;11;630;1.0668;630
28;2025-12-19;12;794;1.0625;794
28;2025-12-19;13;776;1.0658;776
28;2025-12-19;14;761;1.0658;761
28;2025-12-19;15;787;1.0665;787
28;2025-12-19;16;1021;1.0492;1021
28;2025-12-19;17;1078;1.0497;1078
28;2025-12-19;18;908;1.0456;908
28;2025-12-19;19;694;1.0533;694
28;2025-12-19;20;503;1.0626;503
28;2025-12-19;21;349;1.0444;349
28;2025-12-19;22;152;1.0626;152
28;2025-12-19;23;22;1.0626;22
28;2025-12-20;0;3;1.052;3
28;2025-12-20;1;0;1.0;0
28;2025-12-20;2;0;1.0;0
28;2025-12-20;3;0;1.0;0
28;2025-12-20;4;1;1.0;1
28;2025-12-20;5;36;1.0371;36
28;2025-12-20;6;104;1.0371;104
28;2025-12-20;7;223;1.038;223
28;2025-12-20;8;380;1.0344;380
28;2025-12-20;9;459;1.0255;459
28;2025-12-20;10;481;1.022;481
28;2025-12-20;11;490;1.0245;490
28;2025-12-20;12;572;1.016;572
28;2025-12-20;13;594;1.0134;594
28;2025-12-20;14;592;1.0312;592
28;2025-12-20;15;588;1.0189;588
28;2025-12-20;16;568;1.0154;568
28;2025-12-20;17;576;1.0142;576
28;2025-12-20;18;497;1.0124;497
28;2025-12-20;19;407;1.0422;407
28;2025-12-20;20;303;1.0308;303
28;2025-12-20;21;271;1.0308;271
28;2025-12-20;22;129;1.0426;129
28;2025-12-20;23;18;1.0426;18
28;2025-12-21;0;3;1.0039;3
28;2025-12-21;1;0;1.0;0
28;2025-12-21;2;0;1.0;0
28;2025-12-21;3;0;1.0;0
28;2025-12-21;4;0;1.0;0
28;2025-12-21;5;32;1.0075;32
28;2025-12-21;6;86;0.993;86
28;2025-12-21;7;161;0.9867;161
28;2025-12-21;8;259;0.9984;259
28;2025-12-21;9;353;0.9972;353
28;2025-12-21;10;394;0.9967;394
28;2025-12-21;11;435;0.9836;435
28;2025-12-21;12;476;0.97;476
28;2025-12-21;13;557;0.9676;557
28;2025-12-21;14;537;0.969;537
28;2025-12-21;15;532;0.9676;532
28;2025-12-21;16;495;0.9955;495
28;2025-12-21;17;501;0.9759;501
28;2025-12-21;18;436;0.9727;436
28;2025-12-21;19;379;0.9917;379
28;2025-12-21;20;303;0.9927;303
28;2025-12-21;21;250;1.009;250
28;2025-12-21;22;112;0.9838;112
28;2025-12-21;23;14;1.009;14
28;2025-12-22;0;3;1.0054;3
28;2025-12-22;1;1;1.0;1
28;2025-12-22;2;0;1.0;0
28;2025-12-22;3;0;1.0;0
28;2025-12-22;4;1;1.0336;1
28;2025-12-22;5;82;1.0336;82
28;2025-12-22;6;272;1.0336;272
28;2025-12-22;7;819;1.0106;819
28;2025-12-22;8;1274;1.0105;1274
28;2025-12-22;9;870;1.0327;870
28;2025-12-22;10;641;1.0264;641
28;2025-12-22;11;581;1.0225;581
28;2025-12-22;12;706;1.0093;706
28;2025-12-22;13;728;0.9822;728
28;2025-12-22;14;672;0.9866;672
28;2025-12-22;15;703;0.9819;703
28;2025-12-22;16;881;0.9709;881
28;2025-12-22;17;1012;0.969;1012
28;2025-12-22;18;1003;0.9676;1003
28;2025-12-22;19;754;0.9738;754
28;2025-12-22;20;527;0.987;527
28;2025-12-22;21;325;0.9793;325
28;2025-12-22;22;134;1.0284;134
28;2025-12-22;23;18;1.0058;18
28;2025-12-23;0;3;1.0155;3
28;2025-12-23;1;1;1.0;1
28;2025-12-23;2;0;1.0;0
28;2025-12-23;3;0;1.0;0
28;2025-12-23;4;1;1.0448;1
28;2025-12-23;5;82;1.0448;82
28;2025-12-23;6;272;1.0448;272
28;2025-12-23;7;819;1.0054;819
28;2025-12-23;8;1274;0.9952;1274
28;2025-12-23;9;870;1.0254;870
28;2025-12-23;10;641;1.0262;641
28;2025-12-23;11;581;1.0245;581
28;2025-12-23;12;706;1.0185;706
28;2025-12-23;13;728;1.0185;728
28;2025-12-23;14;672;1.0266;672
28;2025-12-23;15;703;1.0319;703
28;2025-12-23;16;881;1.0124;881
28;2025-12-23;17;1012;1.0118;1012
28;2025-12-23;18;1003;1.0102;1003
28;2025-12-23;19;754;1.0331;754
28;2025-12-23;20;527;1.0424;527
28;2025-12-23;21;325;1.0424;325
28;2025-12-23;22;134;1.0688;134
28;2025-12-23;23;18;1.0688;18
28;2025-12-24;0;3;1.0399;3
28;2025-12-24;1;1;1.0;1
28;2025-12-24;2;0;1.0;0
28;2025-12-24;3;0;1.0;0
28;2025-12-24;4;1;1.0627;1
28;2025-12-24;5;82;1.0627;82
28;2025-12-24;6;272;1.0627;272
28;2025-12-24;7;819;1.0315;819
28;2025-12-24;8;1274;1.0235;1274
28;2025-12-24;9;870;1.0472;870
28;2025-12-24;10;641;1.049;641
28;2025-12-24;11;581;1.037;581
28;2025-12-24;12;706;1.0403;706
28;2025-12-24;13;728;1.0166;728
28;2025-12-24;14;672;1.022;672
28;2025-12-24;15;703;1.0185;703
28;2025-12-24;16;881;1.009;881
28;2025-12-24;17;1012;1.0184;1012
28;2025-12-24;18;1003;1.0158;1003
28;2025-12-24;19;754;1.0182;754
28;2025-12-24;20;527;1.0319;527
28;2025-12-24;21;325;1.0396;325
28;2025-12-24;22;134;1.0615;134
28;2025-12-24;23;18;1.0615;18
28;2025-12-25;0;3;1.0397;3
28;2025-12-25;1;1;1.0;1
28;2025-12-25;2;0;1.0;0
28;2025-12-25;3;0;1.0;0
28;2025-12-25;4;1;1.0705;1
28;2025-12-25;5;82;1.0705;82
28;2025-12-25;6;272;1.071;272
28;2025-12-25;7;819;1.0409;819
28;2025-12-25;8;1274;1.0335;1274
28;2025-12-25;9;870;1.0556;870
28;2025-12-25;10;641;1.0585;641
28;2025-12-25;11;581;1.0569;581
28;2025-12-25;12;706;1.0487;706
28;2025-12-25;13;728;1.0502;728
28;2025-12-25;14;672;1.0442;672
28;2025-12-25;15;703;1.038;703
28;2025-12-25;16;881;1.0185;881
28;2025-12-25;17;1012;0.9969;1012
28;2025-12-25;18;1003;0.9924;1003
28;2025-12-25;19;754;1.01;754
28;2025-12-25;20;527;1.0131;527
28;2025-12-25;21;325;1.0109;325
28;2025-12-25;22;134;1.0401;134
28;2025-12-25;23;18;1.0302;18
28;2025-12-26;0;3;1.0167;3
28;2025-12-26;1;0;1.0;0
28;2025-12-26;2;0;1.0;0
28;2025-12-26;3;0;1.0;0
28;2025-12-26;4;2;1.0264;2
28;2025-12-26;5;84;1.028;84
28;2025-12-26;6;289;1.002;289
28;2025-12-26;7;875;0.9988;875
28;2025-12-26;8;1334;0.9906;1334
28;2025-12-26;9;902;0.9962;902
28;2025-12-26;10;680;1.0129;680
28;2025-12-26;11;630;1.0056;630
28;2025-12-26;12;794;0.9986;794
28;2025-12-26;13;776;1.0127;776
28;2025-12-26;14;761;1.0127;761
28;2025-12-26;15;787;1.0124;787
28;2025-12-26;16;1021;0.9814;1021
28;2025-12-26;17;1078;0.9783;1078
28;2025-12-26;18;908;0.9833;908
28;2025-12-26;19;694;0.9968;694
28;2025-12-26;20;503;1.0153;503
28;2025-12-26;21;349;0.996;349
28;2025-12-26;22;152;1.0218;152
28;2025-12-26;23;22;1.0213;22
28;2025-12-27;0;3;1.0069;3
28;2025-12-27;1;0;1.0;0
28;2025-12-27;2;0;1.0;0
28;2025-12-27;3;0;1.0;0
28;2025-12-27;4;1;1.0;1
28;2025-12-27;5;36;0.9742;36
28;2025-12-27;6;104;0.9763;104
28;2025-12-27;7;223;0.9773;223
28;2025-12-27;8;380;0.9863;380
28;2025-12-27;9;459;0.9954;459
28;2025-12-27;10;481;0.9956;481
28;2025-12-27;11;490;0.998;490
28;2025-12-27;12;572;0.9783;572
28;2025-12-27;13;594;0.9761;594
28;2025-12-27;14;592;1.0113;592
28;2025-12-27;15;588;0.9787;588
28;2025-12-27;16;568;0.9762;568
28;2025-12-27;17;576;0.9847;576
28;2025-12-27;18;497;0.9883;497
28;2025-12-27;19;407;1.0361;407
28;2025-12-27;20;303;1.0377;303
28;2025-12-27;21;271;1.0304;271
28;2025-12-27;22;129;1.0184;129
28;2025-12-27;23;18;1.0228;18
28;2025-12-28;0;3;0.976;3
28;2025-12-28;1;0;1.0;0
28;2025-12-28;2;0;1.0;0
28;2025-12-28;3;0;1.0;0
28;2025-12-28;4;0;1.0;0
28;2025-12-28;5;32;0.9747;32
28;2025-12-28;6;86;0.9674;86
28;2025-12-28;7;161;0.9266;161
28;2025-12-28;8;259;0.9323;259
28;2025-12-28;9;353;0.9387;353
28;2025-12-28;10;394;0.9468;394
28;2025-12-28;11;435;0.9247;435
28;2025-12-28;12;476;0.936;476
28;2025-12-28;13;557;0.9098;557
28;2025-12-28;14;537;0.9097;537
28;2025-12-28;15;532;0.9105;532
28;2025-12-28;16;495;0.9578;495
28;2025-12-28;17;501;0.9241;501
28;2025-12-28;18;436;0.9252;436
28;2025-12-28;19;379;0.9474;379
28;2025-12-28;20;303;0.9395;303
28;2025-12-28;21;250;0.9705;250
28;2025-12-28;22;112;0.9361;112
28;2025-12-28;23;14;0.9755;14
28;2025-12-29;0;2;1.0;2
28;2025-12-29;1;1;1.0;1
28;2025-12-29;2;0;1.0;0
28;2025-12-29;3;0;1.0;0
28;2025-12-29;4;1;1.0;1
28;2025-12-29;5;72;1.0;72
28;2025-12-29;6;239;1.0;239
28;2025-12-29;7;720;1.0;720
28;2025-12-29;8;1121;1.0;1121
28;2025-12-29;9;766;1.0;766
28;2025-12-29;10;564;1.0;564
28;2025-12-29;11;511;1.0;511
28;2025-12-29;12;621;1.0;621
28;2025-12-29;13;640;1.0;640
28;2025-12-29;14;591;1.0;591
28;2025-12-29;15;619;1.0;619
28;2025-12-29;16;775;1.0;775
28;2025-12-29;17;890;1.0;890
28;2025-12-29;18;882;1.0;882
28;2025-12-29;19;664;1.0;664
28;2025-12-29;20;464;1.0;464
28;2025-12-29;21;286;1.0;286
28;2025-12-29;22;118;1.0;118
28;2025-12-29;23;15;1.0;15
28;2025-12-30;0;2;1.0;2
28;2025-12-30;1;1;1.0;1
28;2025-12-30;2;0;1.0;0
28;2025-12-30;3;0;1.0;0
28;2025-12-30;4;1;1.0;1
28;2025-12-30;5;72;1.0;72
28;2025-12-30;6;239;1.0;239
28;2025-12-30;7;720;1.0;720
28;2025-12-30;8;1121;1.0;1121
28;2025-12-30;9;766;1.0;766
28;2025-12-30;10;564;1.0;564
28;2025-12-30;11;511;1.0;511
28;2025-12-30;12;621;1.0;621
28;2025-12-30;13;640;1.0;640
28;2025-12-30;14;591;1.0;591
28;2025-12-30;15;619;1.0;619
28;2025-12-30;16;775;1.0;775
28;2025-12-30;17;890;1.0;890
28;2025-12-30;18;882;1.0;882
28;2025-12-30;19;664;1.0;664
28;2025-12-30;20;464;1.0;464
28;2025-12-30;21;286;1.0;286
28;2025-12-30;22;118;1.0;118
28;2025-12-30;23;15;1.0;15
28;2025-12-31;0;2;1.0;2
28;2025-12-31;1;0;1.0;0
28;2025-12-31;2;0;1.0;0
28;2025-12-31;3;0;1.0;0
28;2025-12-31;4;2;1.0;2
28;2025-12-31;5;33;1.0;33
28;2025-12-31;6;94;1.0;94
28;2025-12-31;7;180;1.0;180
28;2025-12-31;8;326;1.0;326
28;2025-12-31;9;361;1.0;361
28;2025-12-31;10;390;1.0;390
28;2025-12-31;11;398;1.0;398
28;2025-12-31;12;499;1.0;499
28;2025-12-31;13;483;1.0;483
28;2025-12-31;14;456;1.0;456
28;2025-12-31;15;493;1.0;493
28;2025-12-31;16;516;1.0;516
28;2025-12-31;17;463;1.0;463
28;2025-12-31;18;406;1.0;406
28;2025-12-31;19;296;1.0;296
28;2025-12-31;20;0;1.0;0
28;2025-12-31;21;0;1.0;0
28;2025-12-31;22;0;1.0;0
28;2025-12-31;23;0;1.0;0
50;2025-11-01;0;55;1.0;55
50;2025-11-01;1;6;1.0;6
50;2025-11-01;2;0;1.0;0
50;2025-11-01;3;0;1.0;0
50;2025-11-01;4;3;1.0533;3
50;2025-11-01;5;53;1.0409;53
50;2025-11-01;6;394;1.0278;394
50;2025-11-01;7;1357;1.0428;1357
50;2025-11-01;8;2146;1.0192;2146
50;2025-11-01;9;1672;1.0325;1672
50;2025-11-01;10;1163;1.0444;1163
50;2025-11-01;11;1169;1.0515;1169
50;2025-11-01;12;1087;1.0495;1087
50;2025-11-01;13;1177;1.0542;1177
50;2025-11-01;14;1122;1.0548;1122
50;2025-11-01;15;1339;1.0405;1339
50;2025-11-01;16;1754;1.039;1754
50;2025-11-01;17;1662;0.9976;1662
50;2025-11-01;18;1236;0.9906;1236
50;2025-11-01;19;918;1.0122;918
50;2025-11-01;20;663;1.0255;663
50;2025-11-01;21;421;1.0084;421
50;2025-11-01;22;208;1.0094;208
50;2025-11-01;23;126;1.0094;126
50;2025-11-02;0;4;0.8338;4
50;2025-11-02;1;0;1.0;0
50;2025-11-02;2;0;1.0;0
50;2025-11-02;3;0;1.0;0
50;2025-11-02;4;0;1.0;0
50;2025-11-02;5;1;0.8338;1
50;2025-11-02;6;6;0.8338;6
50;2025-11-02;7;10;0.8338;10
50;2025-11-02;8;21;0.8357;21
50;2025-11-02;9;16;0.8361;16
50;2025-11-02;10;43;0.8388;43
50;2025-11-02;11;143;0.8436;143
50;2025-11-02;12;110;0.8222;110
50;2025-11-02;13;135;0.831;135
50;2025-11-02;14;226;0.8369;226
50;2025-11-02;15;184;0.8354;184
50;2025-11-02;16;217;0.8391;217
50;2025-11-02;17;194;0.8438;194
50;2025-11-02;18;115;0.8242;115
50;2025-11-02;19;125;0.8499;125
50;2025-11-02;20;91;0.8451;91
50;2025-11-02;21;58;0.8365;58
50;2025-11-02;22;68;0.8577;68
50;2025-11-02;23;19;0.8331;19
50;2025-11-03;0;5;0.7341;5
50;2025-11-03;1;0;1.0;0
50;2025-11-03;2;0;1.0;0
50;2025-11-03;3;0;1.0;0
50;2025-11-03;4;0;1.0;0
50;2025-11-03;5;1;0.7283;1
50;2025-11-03;6;7;0.7283;7
50;2025-11-03;7;12;0.7283;12
50;2025-11-03;8;24;0.7302;24
50;2025-11-03;9;18;0.7222;18
50;2025-11-03;10;50;0.7223;50
50;2025-11-03;11;100;0.7185;100
50;2025-11-03;12;100;0.7033;100
50;2025-11-03;13;110;0.6962;110
50;2025-11-03;14;139;0.6744;139
50;2025-11-03;15;118;0.6656;118
50;2025-11-03;16;125;0.6665;125
50;2025-11-03;17;120;0.6922;120
50;2025-11-03;18;94;0.7038;94
50;2025-11-03;19;87;0.6954;87
50;2025-11-03;20;69;0.7061;69
50;2025-11-03;21;50;0.7157;50
50;2025-11-03;22;38;0.7061;38
50;2025-11-03;23;16;0.7157;16
50;2025-11-04;0;5;0.738;5
50;2025-11-04;1;0;1.0;0
50;2025-11-04;2;0;1.0;0
50;2025-11-04;3;0;1.0;0
50;2025-11-04;4;0;1.0;0
50;2025-11-04;5;1;0.7071;1
50;2025-11-04;6;7;0.714;7
50;2025-11-04;7;12;0.714;12
50;2025-11-04;8;24;0.7135;24
50;2025-11-04;9;18;0.7235;18
50;2025-11-04;10;50;0.7224;50
50;2025-11-04;11;100;0.6722;100
50;2025-11-04;12;100;0.6894;100
50;2025-11-04;13;110;0.6961;110
50;2025-11-04;14;139;0.6971;139
50;2025-11-04;15;118;0.703;118
50;2025-11-04;16;125;0.7056;125
50;2025-11-04;17;120;0.7124;120
50;2025-11-04;18;94;0.7289;94
50;2025-11-04;19;87;0.7224;87
50;2025-11-04;20;69;0.7332;69
50;2025-11-04;21;50;0.7432;50
50;2025-11-04;22;38;0.7332;38
50;2025-11-04;23;16;0.741;16
50;2025-11-05;0;30;0.9746;30
50;2025-11-05;1;3;0.9746;3
50;2025-11-05;2;1;1.0;1
50;2025-11-05;3;0;1.0;0
50;2025-11-05;4;3;0.9776;3
50;2025-11-05;5;71;0.9776;71
50;2025-11-05;6;549;0.9837;549
50;2025-11-05;7;1766;0.9923;1766
50;2025-11-05;8;2758;0.9619;2758
50;2025-11-05;9;2160;0.9652;2160
50;2025-11-05;10;1666;0.975;1666
50;2025-11-05;11;1539;0.9564;1539
50;2025-11-05;12;1435;0.9554;1435
50;2025-11-05;13;1465;0.9544;1465
50;2025-11-05;14;1421;0.9598;1421
50;2025-11-05;15;1639;0.9522;1639
50;2025-11-05;16;1691;0.9522;1691
50;2025-11-05;17;2364;0.9428;2364
50;2025-11-05;18;2480;0.9348;2480
50;2025-11-05;19;1470;0.9704;1470
50;2025-11-05;20;925;0.9635;925
50;2025-11-05;21;637;0.9672;637
50;2025-11-05;22;273;0.9746;273
50;2025-11-05;23;141;0.9675;141
50;2025-11-06;0;30;0.9728;30
50;2025-11-06;1;3;0.9728;3
50;2025-11-06;2;1;1.0;1
50;2025-11-06;3;0;1.0;0
50;2025-11-06;4;3;0.9693;3
50;2025-11-06;5;71;0.9693;71
50;2025-11-06;6;549;0.9728;549
50;2025-11-06;7;1766;0.9859;1766
50;2025-11-06;8;2758;0.964;2758
50;2025-11-06;9;2160;0.9641;2160
50;2025-11-06;10;1666;0.9789;1666
50;2025-11-06;11;1539;0.9585;1539
50;2025-11-06;12;1435;0.9742;1435
50;2025-11-06;13;1465;0.972;1465
50;2025-11-06;14;1421;0.9727;1421
50;2025-11-06;15;1639;0.9548;1639
50;2025-11-06;16;1691;0.9618;1691
50;2025-11-06;17;2364;0.9507;2364
50;2025-11-06;18;2480;0.9327;2480
50;2025-11-06;19;1470;0.9595;1470
50;2025-11-06;20;925;0.9419;925
50;2025-11-06;21;637;0.9607;637
50;2025-11-06;22;273;0.9655;273
50;2025-11-06;23;141;0.9593;141
50;2025-11-07;0;38;1.0462;38
50;2025-11-07;1;2;1.0426;2
50;2025-11-07;2;0;1.0;0
50;2025-11-07;3;0;1.0;0
50;2025-11-07;4;3;1.0421;3
50;2025-11-07;5;68;1.0441;68
50;2025-11-07;6;535;1.0492;535
50;2025-11-07;7;1717;1.0464;1717
50;2025-11-07;8;2679;1.0342;2679
50;2025-11-07;9;2056;1.0373;2056
50;2025-11-07;10;1543;1.0527;1543
50;2025-11-07;11;1559;1.0449;1559
50;2025-11-07;12;1495;1.0503;1495
50;2025-11-07;13;1515;1.041;1515
50;2025-11-07;14;1447;1.0366;1447
50;2025-11-07;15;1761;1.0286;1761
50;2025-11-07;16;2137;1.027;2137
50;2025-11-07;17;2140;1.0269;2140
50;2025-11-07;18;1726;1.0345;1726
50;2025-11-07;19;1218;1.0438;1218
50;2025-11-07;20;825;1.0441;825
50;2025-11-07;21;570;1.0523;570
50;2025-11-07;22;301;1.0523;301
50;2025-11-07;23;172;1.0523;172
50;2025-11-08;0;69;1.3927;69
50;2025-11-08;1;8;1.3934;8
50;2025-11-08;2;0;1.0;0
50;2025-11-08;3;3;1.3934;3
50;2025-11-08;4;0;1.0;0
50;2025-11-08;5;11;1.3934;11
50;2025-11-08;6;14;1.3967;14
50;2025-11-08;7;22;1.3987;22
50;2025-11-08;8;45;1.411;45
50;2025-11-08;9;88;1.3793;88
50;2025-11-08;10;32;1.4081;32
50;2025-11-08;11;55;1.3905;55
50;2025-11-08;12;100;1.3539;100
50;2025-11-08;13;66;1.382;66
50;2025-11-08;14;81;1.3772;81
50;2025-11-08;15;118;1.3824;118
50;2025-11-08;16;76;1.3864;76
50;2025-11-08;17;74;1.3995;74
50;2025-11-08;18;18;1.4172;18
50;2025-11-08;19;17;1.4155;17
50;2025-11-08;20;11;1.4176;11
50;2025-11-08;21;12;1.4176;12
50;2025-11-08;22;12;1.4185;12
50;2025-11-08;23;3;1.4185;3
50;2025-11-09;0;4;0.8398;4
50;2025-11-09;1;0;1.0;0
50;2025-11-09;2;0;1.0;0
50;2025-11-09;3;0;1.0;0
50;2025-11-09;4;0;1.0;0
50;2025-11-09;5;1;0.8389;1
50;2025-11-09;6;6;0.844;6
50;2025-11-09;7;10;0.844;10
50;2025-11-09;8;21;0.8453;21
50;2025-11-09;9;16;0.8453;16
50;2025-11-09;10;43;0.8405;43
50;2025-11-09;11;143;0.8209;143
50;2025-11-09;12;110;0.8291;110
50;2025-11-09;13;135;0.8181;135
50;2025-11-09;14;226;0.8137;226
50;2025-11-09;15;184;0.8134;184
50;2025-11-09;16;217;0.8247;217
50;2025-11-09;17;194;0.8276;194
50;2025-11-09;18;115;0.836;115
50;2025-11-09;19;125;0.8321;125
50;2025-11-09;20;91;0.8438;91
50;2025-11-09;21;58;0.8483;58
50;2025-11-09;22;68;0.8438;68
50;2025-11-09;23;19;0.8483;19
50;2025-11-10;0;30;0.9787;30
50;2025-11-10;1;3;0.978;3
50;2025-11-10;2;1;1.0;1
50;2025-11-10;3;0;1.0;0
50;2025-11-10;4;3;0.9759;3
50;2025-11-10;5;71;0.9713;71
50;2025-11-10;6;549;0.9774;549
50;2025-11-10;7;1766;1.0014;1766
50;2025-11-10;8;2758;0.9811;2758
50;2025-11-10;9;2160;0.9847;2160
50;2025-11-10;10;1666;0.985;1666
50;2025-11-10;11;1539;0.9798;1539
50;2025-11-10;12;1435;0.9817;1435
50;2025-11-10;13;1465;0.9777;1465
50;2025-11-10;14;1421;0.9817;1421
50;2025-11-10;15;1639;0.976;1639
50;2025-11-10;16;1691;0.9819;1691
50;2025-11-10;17;2364;0.9815;2364
50;2025-11-10;18;2480;0.9674;2480
50;2025-11-10;19;1470;0.9848;1470
50;2025-11-10;20;925;0.9731;925
50;2025-11-10;21;637;0.9768;637
50;2025-11-10;22;273;0.9842;273
50;2025-11-10;23;141;0.9768;141
50;2025-11-11;0;30;0.9966;30
50;2025-11-11;1;3;0.9966;3
50;2025-11-11;2;1;1.0;1
50;2025-11-11;3;0;1.0;0
50;2025-11-11;4;3;0.9896;3
50;2025-11-11;5;71;0.9905;71
50;2025-11-11;6;549;0.9966;549
50;2025-11-11;7;1766;1.0156;1766
50;2025-11-11;8;2758;0.9879;2758
50;2025-11-11;9;2160;0.9915;2160
50;2025-11-11;10;1666;1.0011;1666
50;2025-11-11;11;1539;0.9959;1539
50;2025-11-11;12;1435;0.9996;1435
50;2025-11-11;13;1465;0.9947;1465
50;2025-11-11;14;1421;0.9991;1421
50;2025-11-11;15;1639;0.9928;1639
50;2025-11-11;16;1691;0.9928;1691
50;2025-11-11;17;2364;0.9827;2364
50;2025-11-11;18;2480;0.9688;2480
50;2025-11-11;19;1470;0.9963;1470
50;2025-11-11;20;925;0.9856;925
50;2025-11-11;21;637;0.9893;637
50;2025-11-11;22;273;0.9966;273
50;2025-11-11;23;141;0.9883;141
50;2025-11-12;0;30;0.9942;30
50;2025-11-12;1;3;0.9942;3
50;2025-11-12;2;1;1.0;1
50;2025-11-12;3;0;1.0;0
50;2025-11-12;4;3;0.9901;3
50;2025-11-12;5;71;0.9913;71
50;2025-11-12;6;549;0.9948;549
50;2025-11-12;7;1766;1.0126;1766
50;2025-11-12;8;2758;0.9855;2758
50;2025-11-12;9;2160;0.9891;2160
50;2025-11-12;10;1666;1.0025;1666
50;2025-11-12;11;1539;0.9862;1539
50;2025-11-12;12;1435;0.9956;1435
50;2025-11-12;13;1465;0.9907;1465
50;2025-11-12;14;1421;1.002;1421
50;2025-11-12;15;1639;0.9948;1639
50;2025-11-12;16;1691;0.9926;1691
50;2025-11-12;17;2364;0.9805;2364
50;2025-11-12;18;2480;0.9691;2480
50;2025-11-12;19;1470;0.9924;1470
50;2025-11-12;20;925;0.9854;925
50;2025-11-12;21;637;0.9898;637
50;2025-11-12;22;273;0.9946;273
50;2025-11-12;23;141;0.9898;141
50;2025-11-13;0;30;0.997;30
50;2025-11-13;1;3;0.997;3
50;2025-11-13;2;1;1.0;1
50;2025-11-13;3;0;1.0;0
50;2025-11-13;4;3;0.9945;3
50;2025-11-13;5;71;0.9945;71
50;2025-11-13;6;549;1.0002;549
50;2025-11-13;7;1766;1.0171;1766
50;2025-11-13;8;2758;0.9897;2758
50;2025-11-13;9;2160;0.9937;2160
50;2025-11-13;10;1666;1.0048;1666
50;2025-11-13;11;1539;1.0;1539
50;2025-11-13;12;1435;1.0035;1435
50;2025-11-13;13;1465;1.0004;1465
50;2025-11-13;14;1421;1.0051;1421
50;2025-11-13;15;1639;0.9979;1639
50;2025-11-13;16;1691;0.9992;1691
50;2025-11-13;17;2364;0.9853;2364
50;2025-11-13;18;2480;0.9677;2480
50;2025-11-13;19;1470;0.9871;1470
50;2025-11-13;20;925;0.9771;925
50;2025-11-13;21;637;0.9808;637
50;2025-11-13;22;273;0.9873;273
50;2025-11-13;23;141;0.988;141
50;2025-11-14;0;38;1.0433;38
50;2025-11-14;1;2;1.0443;2
50;2025-11-14;2;0;1.0;0
50;2025-11-14;3;0;1.0;0
50;2025-11-14;4;3;1.0344;3
50;2025-11-14;5;68;1.0344;68
50;2025-11-14;6;535;1.0399;535
50;2025-11-14;7;1717;1.0326;1717
50;2025-11-14;8;2679;1.0085;2679
50;2025-11-14;9;2056;1.0128;2056
50;2025-11-14;10;1543;1.042;1543
50;2025-11-14;11;1559;1.0364;1559
50;2025-11-14;12;1495;1.0469;1495
50;2025-11-14;13;1515;1.0325;1515
50;2025-11-14;14;1447;1.0306;1447
50;2025-11-14;15;1761;1.0132;1761
50;2025-11-14;16;2137;0.9991;2137
50;2025-11-14;17;2140;1.0021;2140
50;2025-11-14;18;1726;1.0249;1726
50;2025-11-14;19;1218;1.0325;1218
50;2025-11-14;20;825;1.0348;825
50;2025-11-14;21;570;1.0415;570
50;2025-11-14;22;301;1.0465;301
50;2025-11-14;23;172;1.0465;172
50;2025-11-15;0;64;1.0;64
50;2025-11-15;1;5;1.0;5
50;2025-11-15;2;0;1.0;0
50;2025-11-15;3;0;1.0;0
50;2025-11-15;4;1;1.0;1
50;2025-11-15;5;32;1.0;32
50;2025-11-15;6;173;1.0;173
50;2025-11-15;7;413;1.0;413
50;2025-11-15;8;634;1.0;634
50;2025-11-15;9;658;1.0;658
50;2025-11-15;10;655;1.0;655
50;2025-11-15;11;798;1.0;798
50;2025-11-15;12;838;1.0;838
50;2025-11-15;13;852;1.0;852
50;2025-11-15;14;884;1.0;884
50;2025-11-15;15;841;1.0;841
50;2025-11-15;16;859;1.0;859
50;2025-11-15;17;808;1.0;808
50;2025-11-15;18;732;1.0;732
50;2025-11-15;19;689;1.0;689
50;2025-11-15;20;512;1.0;512
50;2025-11-15;21;453;1.0;453
50;2025-11-15;22;242;1.0;242
50;2025-11-15;23;150;1.0;150
50;2025-11-16;0;53;1.0;53
50;2025-11-16;1;5;1.0;5
50;2025-11-16;2;0;1.0;0
50;2025-11-16;3;0;1.0;0
50;2025-11-16;4;1;1.0;1
50;2025-11-16;5;28;1.0;28
50;2025-11-16;6;140;1.0;140
50;2025-11-16;7;265;1.0;265
50;2025-11-16;8;385;1.0;385
50;2025-11-16;9;482;1.0;482
50;2025-11-16;10;544;1.0;544
50;2025-11-16;11;644;1.0;644
50;2025-11-16;12;709;1.0;709
50;2025-11-16;13;810;1.0;810
50;2025-11-16;14;821;1.0;821
50;2025-11-16;15;704;1.0;704
50;2025-11-16;16;718;1.0;718
50;2025-11-16;17;739;1.0;739
50;2025-11-16;18;671;1.0;671
50;2025-11-16;19;599;1.0;599
50;2025-11-16;20;511;1.0;511
50;2025-11-16;21;412;1.0;412
50;2025-11-16;22;215;1.0;215
50;2025-11-16;23;119;1.0;119
50;2025-11-17;0;30;0.9945;30
50;2025-11-17;1;3;0.9945;3
50;2025-11-17;2;1;1.0;1
50;2025-11-17;3;0;1.0;0
50;2025-11-17;4;3;0.9861;3
50;2025-11-17;5;71;0.987;71
50;2025-11-17;6;549;0.9945;549
50;2025-11-17;7;1766;1.007;1766
50;2025-11-17;8;2758;0.9806;2758
50;2025-11-17;9;2160;0.9798;2160
50;2025-11-17;10;1666;0.9889;1666
50;2025-11-17;11;1539;0.9836;1539
50;2025-11-17;12;1435;0.9885;1435
50;2025-11-17;13;1465;0.978;1465
50;2025-11-17;14;1421;0.9902;1421
50;2025-11-17;15;1639;0.9876;1639
50;2025-11-17;16;1691;0.9927;1691
50;2025-11-17;17;2364;0.9866;2364
50;2025-11-17;18;2480;0.9832;2480
50;2025-11-17;19;1470;0.9927;1470
50;2025-11-17;20;925;0.9847;925
50;2025-11-17;21;637;0.99;637
50;2025-11-17;22;273;0.9917;273
50;2025-11-17;23;141;0.9869;141
50;2025-11-18;0;30;0.9838;30
50;2025-11-18;1;3;0.9838;3
50;2025-11-18;2;1;1.0;1
50;2025-11-18;3;0;1.0;0
50;2025-11-18;4;3;0.9376;3
50;2025-11-18;5;71;0.9446;71
50;2025-11-18;6;549;0.9588;549
50;2025-11-18;7;1766;0.9788;1766
50;2025-11-18;8;2758;0.9605;2758
50;2025-11-18;9;2160;0.9504;2160
50;2025-11-18;10;1666;0.9506;1666
50;2025-11-18;11;1539;0.954;1539
50;2025-11-18;12;1435;0.9562;1435
50;2025-11-18;13;1465;0.9486;1465
50;2025-11-18;14;1421;0.9526;1421
50;2025-11-18;15;1639;0.9574;1639
50;2025-11-18;16;1691;0.9663;1691
50;2025-11-18;17;2364;0.9512;2364
50;2025-11-18;18;2480;0.9391;2480
50;2025-11-18;19;1470;0.9627;1470
50;2025-11-18;20;925;0.9573;925
50;2025-11-18;21;637;0.9595;637
50;2025-11-18;22;273;0.9661;273
50;2025-11-18;23;141;0.9608;141
50;2025-11-19;0;30;0.987;30
50;2025-11-19;1;3;0.987;3
50;2025-11-19;2;1;1.0;1
50;2025-11-19;3;0;1.0;0
50;2025-11-19;4;3;0.981;3
50;2025-11-19;5;71;0.9898;71
50;2025-11-19;6;549;1.0017;549
50;2025-11-19;7;1766;1.0158;1766
50;2025-11-19;8;2758;0.9873;2758
50;2025-11-19;9;2160;0.9907;2160
50;2025-11-19;10;1666;0.9949;1666
50;2025-11-19;11;1539;0.9907;1539
50;2025-11-19;12;1435;1.003;1435
50;2025-11-19;13;1465;0.9977;1465
50;2025-11-19;14;1421;1.0015;1421
50;2025-11-19;15;1639;0.9946;1639
50;2025-11-19;16;1691;0.9946;1691
50;2025-11-19;17;2364;0.9817;2364
50;2025-11-19;18;2480;0.9682;2480
50;2025-11-19;19;1470;0.998;1470
50;2025-11-19;20;925;0.99;925
50;2025-11-19;21;637;0.9937;637
50;2025-11-19;22;273;1.0011;273
50;2025-11-19;23;141;0.9859;141
50;2025-11-20;0;30;1.0021;30
50;2025-11-20;1;3;1.0009;3
50;2025-11-20;2;1;1.0;1
50;2025-11-20;3;0;1.0;0
50;2025-11-20;4;3;0.9948;3
50;2025-11-20;5;71;0.9948;71
50;2025-11-20;6;549;1.0021;549
50;2025-11-20;7;1766;1.0166;1766
50;2025-11-20;8;2758;0.9873;2758
50;2025-11-20;9;2160;0.9917;2160
50;2025-11-20;10;1666;1.003;1666
50;2025-11-20;11;1539;0.9991;1539
50;2025-11-20;12;1435;1.0022;1435
50;2025-11-20;13;1465;0.9984;1465
50;2025-11-20;14;1421;1.0039;1421
50;2025-11-20;15;1639;0.9965;1639
50;2025-11-20;16;1691;0.9965;1691
50;2025-11-20;17;2364;0.9834;2364
50;2025-11-20;18;2480;0.9668;2480
50;2025-11-20;19;1470;0.9966;1470
50;2025-11-20;20;925;0.9874;925
50;2025-11-20;21;637;0.9909;637
50;2025-11-20;22;273;0.9982;273
50;2025-11-20;23;141;0.9911;141
50;2025-11-21;0;38;1.0577;38
50;2025-11-21;1;2;1.0577;2
50;2025-11-21;2;0;1.0;0
50;2025-11-21;3;0;1.0;0
50;2025-11-21;4;3;1.065;3
50;2025-11-21;5;68;1.0628;68
50;2025-11-21;6;535;1.0646;535
50;2025-11-21;7;1717;1.0666;1717
50;2025-11-21;8;2679;1.053;2679
50;2025-11-21;9;2056;1.0602;2056
50;2025-11-21;10;1543;1.0708;1543
50;2025-11-21;11;1559;1.0664;1559
50;2025-11-21;12;1495;1.0721;1495
50;2025-11-21;13;1515;1.0613;1515
50;2025-11-21;14;1447;1.0594;1447
50;2025-11-21;15;1761;1.0512;1761
50;2025-11-21;16;2137;1.0439;2137
50;2025-11-21;17;2140;1.048;2140
50;2025-11-21;18;1726;1.0604;1726
50;2025-11-21;19;1218;1.0637;1218
50;2025-11-21;20;825;1.064;825
50;2025-11-21;21;570;1.0706;570
50;2025-11-21;22;301;1.0706;301
50;2025-11-21;23;172;1.0706;172
50;2025-11-22;0;64;1.0;64
50;2025-11-22;1;5;1.0;5
50;2025-11-22;2;0;1.0;0
50;2025-11-22;3;0;1.0;0
50;2025-11-22;4;1;1.0;1
50;2025-11-22;5;32;1.0;32
50;2025-11-22;6;173;1.0;173
50;2025-11-22;7;413;1.0;413
50;2025-11-22;8;634;1.0;634
50;2025-11-22;9;658;1.0;658
50;2025-11-22;10;655;1.0;655
50;2025-11-22;11;798;1.0;798
50;2025-11-22;12;838;1.0;838
50;2025-11-22;13;852;1.0;852
50;2025-11-22;14;884;1.0;884
50;2025-11-22;15;841;1.0;841
50;2025-11-22;16;859;1.0;859
50;2025-11-22;17;808;1.0;808
50;2025-11-22;18;732;1.0;732
50;2025-11-22;19;689;1.0;689
50;2025-11-22;20;512;1.0;512
50;2025-11-22;21;453;1.0;453
50;2025-11-22;22;242;1.0;242
50;2025-11-22;23;150;1.0;150
50;2025-11-23;0;53;1.0;53
50;2025-11-23;1;5;1.0;5
50;2025-11-23;2;0;1.0;0
50;2025-11-23;3;0;1.0;0
50;2025-11-23;4;1;1.0;1
50;2025-11-23;5;28;1.0;28
50;2025-11-23;6;140;1.0;140
50;2025-11-23;7;265;1.0;265
50;2025-11-23;8;385;1.0;385
50;2025-11-23;9;482;1.0;482
50;2025-11-23;10;544;1.0;544
50;2025-11-23;11;644;1.0;644
50;2025-11-23;12;709;1.0;709
50;2025-11-23;13;810;1.0;810
50;2025-11-23;14;821;1.0;821
50;2025-11-23;15;704;1.0;704
50;2025-11-23;16;718;1.0;718
50;2025-11-23;17;739;1.0;739
50;2025-11-23;18;671;1.0;671
50;2025-11-23;19;599;1.0;599
50;2025-11-23;20;511;1.0;511
50;2025-11-23;21;412;1.0;412
50;2025-11-23;22;215;1.0;215
50;2025-11-23;23;119;1.0;119
50;2025-11-24;0;30;0.9661;30
50;2025-11-24;1;3;0.9758;3
50;2025-11-24;2;1;1.0;1
50;2025-11-24;3;0;1.0;0
50;2025-11-24;4;3;0.9702;3
50;2025-11-24;5;71;0.9591;71
50;2025-11-24;6;549;0.9758;549
50;2025-11-24;7;1766;0.986;1766
50;2025-11-24;8;2758;0.9693;2758
50;2025-11-24;9;2160;0.9738;2160
50;2025-11-24;10;1666;0.9814;1666
50;2025-11-24;11;1539;0.9741;1539
50;2025-11-24;12;1435;0.9789;1435
50;2025-11-24;13;1465;0.9714;1465
50;2025-11-24;14;1421;0.9697;1421
50;2025-11-24;15;1639;0.9795;1639
50;2025-11-24;16;1691;0.9562;1691
50;2025-11-24;17;2364;0.9526;2364
50;2025-11-24;18;2480;0.9496;2480
50;2025-11-24;19;1470;0.9669;1470
50;2025-11-24;20;925;0.9583;925
50;2025-11-24;21;637;0.9605;637
50;2025-11-24;22;273;0.9674;273
50;2025-11-24;23;141;0.9605;141
50;2025-11-25;0;30;0.9856;30
50;2025-11-25;1;3;0.9856;3
50;2025-11-25;2;1;1.0;1
50;2025-11-25;3;0;1.0;0
50;2025-11-25;4;3;0.9927;3
50;2025-11-25;5;71;0.9849;71
50;2025-11-25;6;549;1.0001;549
50;2025-11-25;7;1766;1.0137;1766
50;2025-11-25;8;2758;0.9835;2758
50;2025-11-25;9;2160;0.9882;2160
50;2025-11-25;10;1666;0.9993;1666
50;2025-11-25;11;1539;0.9955;1539
50;2025-11-25;12;1435;0.9985;1435
50;2025-11-25;13;1465;0.995;1465
50;2025-11-25;14;1421;1.0;1421
50;2025-11-25;15;1639;0.9916;1639
50;2025-11-25;16;1691;0.9916;1691
50;2025-11-25;17;2364;0.9779;2364
50;2025-11-25;18;2480;0.9656;2480
50;2025-11-25;19;1470;0.9977;1470
50;2025-11-25;20;925;0.9882;925
50;2025-11-25;21;637;0.9919;637
50;2025-11-25;22;273;1.0008;273
50;2025-11-25;23;141;0.9919;141
50;2025-11-26;0;30;1.0064;30
50;2025-11-26;1;3;1.0064;3
50;2025-11-26;2;1;1.0;1
50;2025-11-26;3;0;1.0;0
50;2025-11-26;4;3;1.0079;3
50;2025-11-26;5;71;1.0079;71
50;2025-11-26;6;549;1.0133;549
50;2025-11-26;7;1766;1.0276;1766
50;2025-11-26;8;2758;1.0122;2758
50;2025-11-26;9;2160;1.0107;2160
50;2025-11-26;10;1666;1.0181;1666
50;2025-11-26;11;1539;1.0111;1539
50;2025-11-26;12;1435;1.0087;1435
50;2025-11-26;13;1465;1.0125;1465
50;2025-11-26;14;1421;1.0148;1421
50;2025-11-26;15;1639;1.0106;1639
50;2025-11-26;16;1691;1.0087;1691
50;2025-11-26;17;2364;1.0017;2364
50;2025-11-26;18;2480;0.9865;2480
50;2025-11-26;19;1470;1.0038;1470
50;2025-11-26;20;925;0.9965;925
50;2025-11-26;21;637;1.0045;637
50;2025-11-26;22;273;1.0097;273
50;2025-11-26;23;141;0.9987;141
50;2025-11-27;0;30;1.0101;30
50;2025-11-27;1;3;1.0124;3
50;2025-11-27;2;1;1.0;1
50;2025-11-27;3;0;1.0;0
50;2025-11-27;4;3;1.0085;3
50;2025-11-27;5;71;1.0085;71
50;2025-11-27;6;549;1.0124;549
50;2025-11-27;7;1766;1.0272;1766
50;2025-11-27;8;2758;1.009;2758
50;2025-11-27;9;2160;1.0082;2160
50;2025-11-27;10;1666;1.0201;1666
50;2025-11-27;11;1539;1.0136;1539
50;2025-11-27;12;1435;1.0145;1435
50;2025-11-27;13;1465;1.0104;1465
50;2025-11-27;14;1421;1.0145;1421
50;2025-11-27;15;1639;1.0121;1639
50;2025-11-27;16;1691;1.0121;1691
50;2025-11-27;17;2364;1.0069;2364
50;2025-11-27;18;2480;0.9938;2480
50;2025-11-27;19;1470;1.0071;1470
50;2025-11-27;20;925;1.001;925
50;2025-11-27;21;637;1.0032;637
50;2025-11-27;22;273;1.0088;273
50;2025-11-27;23;141;0.9919;141
50;2025-11-28;0;38;1.0731;38
50;2025-11-28;1;2;1.0731;2
50;2025-11-28;2;0;1.0;0
50;2025-11-28;3;0;1.0;0
50;2025-11-28;4;3;1.0647;3
50;2025-11-28;5;68;1.0647;68
50;2025-11-28;6;535;1.0687;535
50;2025-11-28;7;1717;1.0633;1717
50;2025-11-28;8;2679;1.0541;2679
50;2025-11-28;9;2056;1.0615;2056
50;2025-11-28;10;1543;1.0684;1543
50;2025-11-28;11;1559;1.064;1559
50;2025-11-28;12;1495;1.0784;1495
50;2025-11-28;13;1515;1.0601;1515
50;2025-11-28;14;1447;1.0582;1447
50;2025-11-28;15;1761;1.0508;1761
50;2025-11-28;16;2137;1.0448;2137
50;2025-11-28;17;2140;1.0471;2140
50;2025-11-28;18;1726;1.0616;1726
50;2025-11-28;19;1218;1.0607;1218
50;2025-11-28;20;825;1.0607;825
50;2025-11-28;21;570;1.0715;570
50;2025-11-28;22;301;1.0715;301
50;2025-11-28;23;172;1.0715;172
50;2025-11-29;0;64;1.0;64
50;2025-11-29;1;5;1.0;5
50;2025-11-29;2;0;1.0;0
50;2025-11-29;3;0;1.0;0
50;2025-11-29;4;1;1.0;1
50;2025-11-29;5;32;1.0;32
50;2025-11-29;6;173;1.0;173
50;2025-11-29;7;413;1.0;413
50;2025-11-29;8;634;1.0;634
50;2025-11-29;9;658;1.0;658
50;2025-11-29;10;655;1.0;655
50;2025-11-29;11;798;1.0;798
50;2025-11-29;12;838;1.0;838
50;2025-11-29;13;852;1.0;852
50;2025-11-29;14;884;1.0;884
50;2025-11-29;15;841;1.0;841
50;2025-11-29;16;859;1.0;859
50;2025-11-29;17;808;1.0;808
50;2025-11-29;18;732;1.0;732
50;2025-11-29;19;689;1.0;689
50;2025-11-29;20;512;1.0;512
50;2025-11-29;21;453;1.0;453
50;2025-11-29;22;242;1.0;242
50;2025-11-29;23;150;1.0;150
50;2025-11-30;0;53;1.0;53
50;2025-11-30;1;5;1.0;5
50;2025-11-30;2;0;1.0;0
50;2025-11-30;3;0;1.0;0
50;2025-11-30;4;1;1.0;1
50;2025-11-30;5;28;1.0;28
50;2025-11-30;6;140;1.0;140
50;2025-11-30;7;265;1.0;265
50;2025-11-30;8;385;1.0;385
50;2025-11-30;9;482;1.0;482
50;2025-11-30;10;544;1.0;544
50;2025-11-30;11;644;1.0;644
50;2025-11-30;12;709;1.0;709
50;2025-11-30;13;810;1.0;810
50;2025-11-30;14;821;1.0;821
50;2025-11-30;15;704;1.0;704
50;2025-11-30;16;718;1.0;718
50;2025-11-30;17;739;1.0;739
50;2025-11-30;18;671;1.0;671
50;2025-11-30;19;599;1.0;599
50;2025-11-30;20;511;1.0;511
50;2025-11-30;21;412;1.0;412
50;2025-11-30;22;215;1.0;215
50;2025-11-30;23;119;1.0;119
50;2025-12-01;0;30;0.9773;30
50;2025-12-01;1;3;0.9773;3
50;2025-12-01;2;1;1.0;1
50;2025-12-01;3;0;1.0;0
50;2025-12-01;4;3;0.9612;3
50;2025-12-01;5;71;0.9606;71
50;2025-12-01;6;549;0.9696;549
50;2025-12-01;7;1766;0.9788;1766
50;2025-12-01;8;2758;0.9557;2758
50;2025-12-01;9;2160;0.9648;2160
50;2025-12-01;10;1666;0.9592;1666
50;2025-12-01;11;1539;0.9557;1539
50;2025-12-01;12;1435;0.9567;1435
50;2025-12-01;13;1465;0.9541;1465
50;2025-12-01;14;1421;0.9563;1421
50;2025-12-01;15;1639;0.9578;1639
50;2025-12-01;16;1691;0.959;1691
50;2025-12-01;17;2364;0.9514;2364
50;2025-12-01;18;2480;0.9402;2480
50;2025-12-01;19;1470;0.9611;1470
50;2025-12-01;20;925;0.9487;925
50;2025-12-01;21;637;0.9524;637
50;2025-12-01;22;273;0.9627;273
50;2025-12-01;23;141;0.9572;141
50;2025-12-02;0;30;0.992;30
50;2025-12-02;1;3;0.9927;3
50;2025-12-02;2;1;1.0;1
50;2025-12-02;3;0;1.0;0
50;2025-12-02;4;3;0.9862;3
50;2025-12-02;5;71;0.9852;71
50;2025-12-02;6;549;0.9952;549
50;2025-12-02;7;1766;1.0115;1766
50;2025-12-02;8;2758;0.9819;2758
50;2025-12-02;9;2160;0.9836;2160
50;2025-12-02;10;1666;0.9929;1666
50;2025-12-02;11;1539;0.9895;1539
50;2025-12-02;12;1435;0.9933;1435
50;2025-12-02;13;1465;0.9884;1465
50;2025-12-02;14;1421;0.9933;1421
50;2025-12-02;15;1639;0.9869;1639
50;2025-12-02;16;1691;0.9869;1691
50;2025-12-02;17;2364;0.9771;2364
50;2025-12-02;18;2480;0.964;2480
50;2025-12-02;19;1470;0.9927;1470
50;2025-12-02;20;925;0.9807;925
50;2025-12-02;21;637;0.9844;637
50;2025-12-02;22;273;0.9947;273
50;2025-12-02;23;141;0.9844;141
50;2025-12-03;0;30;0.996;30
50;2025-12-03;1;3;0.996;3
50;2025-12-03;2;1;1.0;1
50;2025-12-03;3;0;1.0;0
50;2025-12-03;4;3;0.987;3
50;2025-12-03;5;71;0.987;71
50;2025-12-03;6;549;0.996;549
50;2025-12-03;7;1766;1.0136;1766
50;2025-12-03;8;2758;0.9815;2758
50;2025-12-03;9;2160;0.9849;2160
50;2025-12-03;10;1666;0.9946;1666
50;2025-12-03;11;1539;0.992;1539
50;2025-12-03;12;1435;0.9958;1435
50;2025-12-03;13;1465;0.991;1465
50;2025-12-03;14;1421;0.9958;1421
50;2025-12-03;15;1639;0.9877;1639
50;2025-12-03;16;1691;0.9877;1691
50;2025-12-03;17;2364;0.9776;2364
50;2025-12-03;18;2480;0.9645;2480
50;2025-12-03;19;1470;0.9935;1470
50;2025-12-03;20;925;0.9815;925
50;2025-12-03;21;637;0.9852;637
50;2025-12-03;22;273;0.9955;273
50;2025-12-03;23;141;0.9852;141
50;2025-12-04;0;30;0.9991;30
50;2025-12-04;1;3;0.9976;3
50;2025-12-04;2;1;1.0;1
50;2025-12-04;3;0;1.0;0
50;2025-12-04;4;3;0.9901;3
50;2025-12-04;5;71;0.9911;71
50;2025-12-04;6;549;1.0001;549
50;2025-12-04;7;1766;1.0177;1766
50;2025-12-04;8;2758;0.9849;2758
50;2025-12-04;9;2160;0.9887;2160
50;2025-12-04;10;1666;0.9977;1666
50;2025-12-04;11;1539;0.9948;1539
50;2025-12-04;12;1435;0.9989;1435
50;2025-12-04;13;1465;0.9941;1465
50;2025-12-04;14;1421;0.9989;1421
50;2025-12-04;15;1639;0.9922;1639
50;2025-12-04;16;1691;0.9922;1691
50;2025-12-04;17;2364;0.9814;2364
50;2025-12-04;18;2480;0.9648;2480
50;2025-12-04;19;1470;0.9948;1470
50;2025-12-04;20;925;0.9812;925
50;2025-12-04;21;637;0.9849;637
50;2025-12-04;22;273;0.9952;273
50;2025-12-04;23;141;0.9849;141
50;2025-12-05;0;38;1.0685;38
50;2025-12-05;1;2;1.067;2
50;2025-12-05;2;0;1.0;0
50;2025-12-05;3;0;1.0;0
50;2025-12-05;4;3;1.0577;3
50;2025-12-05;5;68;1.0577;68
50;2025-12-05;6;535;1.0685;535
50;2025-12-05;7;1717;1.0589;1717
50;2025-12-05;8;2679;1.0506;2679
50;2025-12-05;9;2056;1.055;2056
50;2025-12-05;10;1543;1.0645;1543
50;2025-12-05;11;1559;1.0611;1559
50;2025-12-05;12;1495;1.0756;1495
50;2025-12-05;13;1515;1.0572;1515
50;2025-12-05;14;1447;1.0553;1447
50;2025-12-05;15;1761;1.0488;1761
50;2025-12-05;16;2137;1.0414;2137
50;2025-12-05;17;2140;1.0446;2140
50;2025-12-05;18;1726;1.0601;1726
50;2025-12-05;19;1218;1.0563;1218
50;2025-12-05;20;825;1.0566;825
50;2025-12-05;21;570;1.0688;570
50;2025-12-05;22;301;1.0688;301
50;2025-12-05;23;172;1.0688;172
50;2025-12-06;0;64;1.0;64
50;2025-12-06;1;5;1.0;5
50;2025-12-06;2;0;1.0;0
50;2025-12-06;3;0;1.0;0
50;2025-12-06;4;1;1.0;1
50;2025-12-06;5;32;1.0;32
50;2025-12-06;6;173;1.0;173
50;2025-12-06;7;413;1.0;413
50;2025-12-06;8;634;1.0;634
50;2025-12-06;9;658;1.0;658
50;2025-12-06;10;655;1.0;655
50;2025-12-06;11;798;1.0;798
50;2025-12-06;12;838;1.0;838
50;2025-12-06;13;852;1.0;852
50;2025-12-06;14;884;1.0;884
50;2025-12-06;15;841;1.0;841
50;2025-12-06;16;859;1.0;859
50;2025-12-06;17;808;1.0;808
50;2025-12-06;18;732;1.0;732
50;2025-12-06;19;689;1.0;689
50;2025-12-06;20;512;1.0;512
50;2025-12-06;21;453;1.0;453
50;2025-12-06;22;242;1.0;242
50;2025-12-06;23;150;1.0;150
50;2025-12-07;0;53;1.0;53
50;2025-12-07;1;5;1.0;5
50;2025-12-07;2;0;1.0;0
50;2025-12-07;3;0;1.0;0
50;2025-12-07;4;1;1.0;1
50;2025-12-07;5;28;1.0;28
50;2025-12-07;6;140;1.0;140
50;2025-12-07;7;265;1.0;265
50;2025-12-07;8;385;1.0;385
50;2025-12-07;9;482;1.0;482
50;2025-12-07;10;544;1.0;544
50;2025-12-07;11;644;1.0;644
50;2025-12-07;12;709;1.0;709
50;2025-12-07;13;810;1.0;810
50;2025-12-07;14;821;1.0;821
50;2025-12-07;15;704;1.0;704
50;2025-12-07;16;718;1.0;718
50;2025-12-07;17;739;1.0;739
50;2025-12-07;18;671;1.0;671
50;2025-12-07;19;599;1.0;599
50;2025-12-07;20;511;1.0;511
50;2025-12-07;21;412;1.0;412
50;2025-12-07;22;215;1.0;215
50;2025-12-07;23;119;1.0;119
50;2025-12-08;0;30;0.9854;30
50;2025-12-08;1;3;0.9854;3
50;2025-12-08;2;1;1.0;1
50;2025-12-08;3;0;1.0;0
50;2025-12-08;4;3;0.982;3
50;2025-12-08;5;71;0.982;71
50;2025-12-08;6;549;0.99;549
50;2025-12-08;7;1766;1.0136;1766
50;2025-12-08;8;2758;0.9883;2758
50;2025-12-08;9;2160;0.9871;2160
50;2025-12-08;10;1666;0.9891;1666
50;2025-12-08;11;1539;0.9857;1539
50;2025-12-08;12;1435;0.9875;1435
50;2025-12-08;13;1465;0.9834;1465
50;2025-12-08;14;1421;0.9875;1421
50;2025-12-08;15;1639;0.9818;1639
50;2025-12-08;16;1691;0.9825;1691
50;2025-12-08;17;2364;0.9809;2364
50;2025-12-08;18;2480;0.9671;2480
50;2025-12-08;19;1470;0.9869;1470
50;2025-12-08;20;925;0.9737;925
50;2025-12-08;21;637;0.978;637
50;2025-12-08;22;273;0.988;273
50;2025-12-08;23;141;0.9777;141
50;2025-12-09;0;30;0.9948;30
50;2025-12-09;1;3;0.995;3
50;2025-12-09;2;1;1.0;1
50;2025-12-09;3;0;1.0;0
50;2025-12-09;4;3;0.9859;3
50;2025-12-09;5;71;0.979;71
50;2025-12-09;6;549;0.9901;549
50;2025-12-09;7;1766;0.9837;1766
50;2025-12-09;8;2758;0.9573;2758
50;2025-12-09;9;2160;0.961;2160
50;2025-12-09;10;1666;0.9798;1666
50;2025-12-09;11;1539;0.962;1539
50;2025-12-09;12;1435;0.9701;1435
50;2025-12-09;13;1465;0.9596;1465
50;2025-12-09;14;1421;0.9674;1421
50;2025-12-09;15;1639;0.9687;1639
50;2025-12-09;16;1691;0.9796;1691
50;2025-12-09;17;2364;0.943;2364
50;2025-12-09;18;2480;0.9376;2480
50;2025-12-09;19;1470;0.9884;1470
50;2025-12-09;20;925;0.969;925
50;2025-12-09;21;637;0.9715;637
50;2025-12-09;22;273;0.9901;273
50;2025-12-09;23;141;0.9795;141
50;2025-12-10;0;30;1.0002;30
50;2025-12-10;1;3;1.0002;3
50;2025-12-10;2;1;1.0;1
50;2025-12-10;3;0;1.0;0
50;2025-12-10;4;3;0.9936;3
50;2025-12-10;5;71;0.9943;71
50;2025-12-10;6;549;0.9995;549
50;2025-12-10;7;1766;1.0173;1766
50;2025-12-10;8;2758;0.9862;2758
50;2025-12-10;9;2160;0.99;2160
50;2025-12-10;10;1666;1.0065;1666
50;2025-12-10;11;1539;1.0024;1539
50;2025-12-10;12;1435;1.0044;1435
50;2025-12-10;13;1465;0.9988;1465
50;2025-12-10;14;1421;1.0044;1421
50;2025-12-10;15;1639;0.9973;1639
50;2025-12-10;16;1691;0.9973;1691
50;2025-12-10;17;2364;0.9792;2364
50;2025-12-10;18;2480;0.9659;2480
50;2025-12-10;19;1470;1.0;1470
50;2025-12-10;20;925;0.9906;925
50;2025-12-10;21;637;0.9936;637
50;2025-12-10;22;273;1.0014;273
50;2025-12-10;23;141;0.9936;141
50;2025-12-11;0;30;1.0145;30
50;2025-12-11;1;3;1.0157;3
50;2025-12-11;2;1;1.0;1
50;2025-12-11;3;0;1.0;0
50;2025-12-11;4;3;1.0097;3
50;2025-12-11;5;71;1.0098;71
50;2025-12-11;6;549;1.0094;549
50;2025-12-11;7;1766;1.0159;1766
50;2025-12-11;8;2758;0.9993;2758
50;2025-12-11;9;2160;0.9985;2160
50;2025-12-11;10;1666;1.0113;1666
50;2025-12-11;11;1539;0.9981;1539
50;2025-12-11;12;1435;1.0001;1435
50;2025-12-11;13;1465;1.004;1465
50;2025-12-11;14;1421;1.004;1421
50;2025-12-11;15;1639;1.01;1639
50;2025-12-11;16;1691;1.0111;1691
50;2025-12-11;17;2364;1.0094;2364
50;2025-12-11;18;2480;0.995;2480
50;2025-12-11;19;1470;1.0102;1470
50;2025-12-11;20;925;1.0012;925
50;2025-12-11;21;637;1.0034;637
50;2025-12-11;22;273;1.0094;273
50;2025-12-11;23;141;1.0006;141
50;2025-12-12;0;38;1.0652;38
50;2025-12-12;1;2;1.0652;2
50;2025-12-12;2;0;1.0;0
50;2025-12-12;3;0;1.0;0
50;2025-12-12;4;3;1.0639;3
50;2025-12-12;5;68;1.0574;68
50;2025-12-12;6;535;1.0653;535
50;2025-12-12;7;1717;1.0631;1717
50;2025-12-12;8;2679;1.0557;2679
50;2025-12-12;9;2056;1.0616;2056
50;2025-12-12;10;1543;1.0791;1543
50;2025-12-12;11;1559;1.0708;1559
50;2025-12-12;12;1495;1.0721;1495
50;2025-12-12;13;1515;1.0653;1515
50;2025-12-12;14;1447;1.0627;1447
50;2025-12-12;15;1761;1.0489;1761
50;2025-12-12;16;2137;1.0258;2137
50;2025-12-12;17;2140;1.025;2140
50;2025-12-12;18;1726;1.0523;1726
50;2025-12-12;19;1218;1.0517;1218
50;2025-12-12;20;825;1.052;825
50;2025-12-12;21;570;1.0606;570
50;2025-12-12;22;301;1.0615;301
50;2025-12-12;23;172;1.0615;172
50;2025-12-13;0;64;1.0;64
50;2025-12-13;1;5;1.0;5
50;2025-12-13;2;0;1.0;0
50;2025-12-13;3;0;1.0;0
50;2025-12-13;4;1;1.0;1
50;2025-12-13;5;32;1.0;32
50;2025-12-13;6;173;1.0;173
50;2025-12-13;7;413;1.0;413
50;2025-12-13;8;634;1.0;634
50;2025-12-13;9;658;1.0;658
50;2025-12-13;10;655;1.0;655
50;2025-12-13;11;798;1.0;798
50;2025-12-13;12;838;1.0;838
50;2025-12-13;13;852;1.0;852
50;2025-12-13;14;884;1.0;884
50;2025-12-13;15;841;1.0;841
50;2025-12-13;16;859;1.0;859
50;2025-12-13;17;808;1.0;808
50;2025-12-13;18;732;1.0;732
50;2025-12-13;19;689;1.0;689
50;2025-12-13;20;512;1.0;512
50;2025-12-13;21;453;1.0;453
50;2025-12-13;22;242;1.0;242
50;2025-12-13;23;150;1.0;150
50;2025-12-14;0;53;1.0;53
50;2025-12-14;1;5;1.0;5
50;2025-12-14;2;0;1.0;0
50;2025-12-14;3;0;1.0;0
50;2025-12-14;4;1;1.0;1
50;2025-12-14;5;28;1.0;28
50;2025-12-14;6;140;1.0;140
50;2025-12-14;7;265;1.0;265
50;2025-12-14;8;385;1.0;385
50;2025-12-14;9;482;1.0;482
50;2025-12-14;10;544;1.0;544
50;2025-12-14;11;644;1.0;644
50;2025-12-14;12;709;1.0;709
50;2025-12-14;13;810;1.0;810
50;2025-12-14;14;821;1.0;821
50;2025-12-14;15;704;1.0;704
50;2025-12-14;16;718;1.0;718
50;2025-12-14;17;739;1.0;739
50;2025-12-14;18;671;1.0;671
50;2025-12-14;19;599;1.0;599
50;2025-12-14;20;511;1.0;511
50;2025-12-14;21;412;1.0;412
50;2025-12-14;22;215;1.0;215
50;2025-12-14;23;119;1.0;119
50;2025-12-15;0;30;0.9799;30
50;2025-12-15;1;3;0.9779;3
50;2025-12-15;2;1;1.0;1
50;2025-12-15;3;0;1.0;0
50;2025-12-15;4;3;0.9657;3
50;2025-12-15;5;71;0.9657;71
50;2025-12-15;6;549;0.9721;549
50;2025-12-15;7;1766;0.9932;1766
50;2025-12-15;8;2758;0.9684;2758
50;2025-12-15;9;2160;0.9721;2160
50;2025-12-15;10;1666;0.9762;1666
50;2025-12-15;11;1539;0.9746;1539
50;2025-12-15;12;1435;0.9732;1435
50;2025-12-15;13;1465;0.9679;1465
50;2025-12-15;14;1421;0.9711;1421
50;2025-12-15;15;1639;0.9662;1639
50;2025-12-15;16;1691;0.9662;1691
50;2025-12-15;17;2364;0.9624;2364
50;2025-12-15;18;2480;0.9561;2480
50;2025-12-15;19;1470;0.9765;1470
50;2025-12-15;20;925;0.9671;925
50;2025-12-15;21;637;0.9708;637
50;2025-12-15;22;273;0.9785;273
50;2025-12-15;23;141;0.9708;141
50;2025-12-16;0;30;1.0145;30
50;2025-12-16;1;3;1.0145;3
50;2025-12-16;2;1;1.0;1
50;2025-12-16;3;0;1.0;0
50;2025-12-16;4;3;1.0081;3
50;2025-12-16;5;71;1.0078;71
50;2025-12-16;6;549;1.0142;549
50;2025-12-16;7;1766;1.0295;1766
50;2025-12-16;8;2758;1.0019;2758
50;2025-12-16;9;2160;1.009;2160
50;2025-12-16;10;1666;1.0272;1666
50;2025-12-16;11;1539;1.0165;1539
50;2025-12-16;12;1435;1.0218;1435
50;2025-12-16;13;1465;1.0191;1465
50;2025-12-16;14;1421;1.0242;1421
50;2025-12-16;15;1639;1.0174;1639
50;2025-12-16;16;1691;1.0192;1691
50;2025-12-16;17;2364;1.0024;2364
50;2025-12-16;18;2480;0.9774;2480
50;2025-12-16;19;1470;1.0105;1470
50;2025-12-16;20;925;1.0007;925
50;2025-12-16;21;637;1.0082;637
50;2025-12-16;22;273;1.0159;273
50;2025-12-16;23;141;1.0082;141
50;2025-12-17;0;30;1.0133;30
50;2025-12-17;1;3;1.0111;3
50;2025-12-17;2;1;1.0;1
50;2025-12-17;3;0;1.0;0
50;2025-12-17;4;3;1.0022;3
50;2025-12-17;5;71;1.0022;71
50;2025-12-17;6;549;1.0109;549
50;2025-12-17;7;1766;1.0288;1766
50;2025-12-17;8;2758;0.9958;2758
50;2025-12-17;9;2160;0.9997;2160
50;2025-12-17;10;1666;1.0124;1666
50;2025-12-17;11;1539;1.0073;1539
50;2025-12-17;12;1435;1.0116;1435
50;2025-12-17;13;1465;1.0066;1465
50;2025-12-17;14;1421;1.0116;1421
50;2025-12-17;15;1639;1.0047;1639
50;2025-12-17;16;1691;1.0029;1691
50;2025-12-17;17;2364;0.9885;2364
50;2025-12-17;18;2480;0.975;2480
50;2025-12-17;19;1470;1.0073;1470
50;2025-12-17;20;925;0.9964;925
50;2025-12-17;21;637;1.0001;637
50;2025-12-17;22;273;1.0104;273
50;2025-12-17;23;141;1.0001;141
50;2025-12-18;0;30;1.0129;30
50;2025-12-18;1;3;1.0132;3
50;2025-12-18;2;1;1.0;1
50;2025-12-18;3;0;1.0;0
50;2025-12-18;4;3;1.0042;3
50;2025-12-18;5;71;1.0042;71
50;2025-12-18;6;549;1.013;549
50;2025-12-18;7;1766;1.0307;1766
50;2025-12-18;8;2758;0.9976;2758
50;2025-12-18;9;2160;1.0015;2160
50;2025-12-18;10;1666;1.0065;1666
50;2025-12-18;11;1539;0.9935;1539
50;2025-12-18;12;1435;1.0054;1435
50;2025-12-18;13;1465;1.0091;1465
50;2025-12-18;14;1421;1.0129;1421
50;2025-12-18;15;1639;1.0072;1639
50;2025-12-18;16;1691;1.0072;1691
50;2025-12-18;17;2364;0.993;2364
50;2025-12-18;18;2480;0.9754;2480
50;2025-12-18;19;1470;1.0074;1470
50;2025-12-18;20;925;0.9951;925
50;2025-12-18;21;637;0.9986;637
50;2025-12-18;22;273;1.0091;273
50;2025-12-18;23;141;0.9988;141
50;2025-12-19;0;38;1.0663;38
50;2025-12-19;1;2;1.0666;2
50;2025-12-19;2;0;1.0;0
50;2025-12-19;3;0;1.0;0
50;2025-12-19;4;3;1.0641;3
50;2025-12-19;5;68;1.0629;68
50;2025-12-19;6;535;1.0653;535
50;2025-12-19;7;1717;1.0646;1717
50;2025-12-19;8;2679;1.0502;2679
50;2025-12-19;9;2056;1.057;2056
50;2025-12-19;10;1543;1.0737;1543
50;2025-12-19;11;1559;1.0693;1559
50;2025-12-19;12;1495;1.0769;1495
50;2025-12-19;13;1515;1.0647;1515
50;2025-12-19;14;1447;1.0618;1447
50;2025-12-19;15;1761;1.0496;1761
50;2025-12-19;16;2137;1.042;2137
50;2025-12-19;17;2140;1.0497;2140
50;2025-12-19;18;1726;1.0652;1726
50;2025-12-19;19;1218;1.0631;1218
50;2025-12-19;20;825;1.0634;825
50;2025-12-19;21;570;1.073;570
50;2025-12-19;22;301;1.073;301
50;2025-12-19;23;172;1.073;172
50;2025-12-20;0;64;1.0;64
50;2025-12-20;1;5;1.0;5
50;2025-12-20;2;0;1.0;0
50;2025-12-20;3;0;1.0;0
50;2025-12-20;4;1;1.0;1
50;2025-12-20;5;32;1.0;32
50;2025-12-20;6;173;1.0;173
50;2025-12-20;7;413;1.0;413
50;2025-12-20;8;634;1.0;634
50;2025-12-20;9;658;1.0;658
50;2025-12-20;10;655;1.0;655
50;2025-12-20;11;798;1.0;798
50;2025-12-20;12;838;1.0;838
50;2025-12-20;13;852;1.0;852
50;2025-12-20;14;884;1.0;884
50;2025-12-20;15;841;1.0;841
50;2025-12-20;16;859;1.0;859
50;2025-12-20;17;808;1.0;808
50;2025-12-20;18;732;1.0;732
50;2025-12-20;19;689;1.0;689
50;2025-12-20;20;512;1.0;512
50;2025-12-20;21;453;1.0;453
50;2025-12-20;22;242;1.0;242
50;2025-12-20;23;150;1.0;150
50;2025-12-21;0;53;1.0;53
50;2025-12-21;1;5;1.0;5
50;2025-12-21;2;0;1.0;0
50;2025-12-21;3;0;1.0;0
50;2025-12-21;4;1;1.0;1
50;2025-12-21;5;28;1.0;28
50;2025-12-21;6;140;1.0;140
50;2025-12-21;7;265;1.0;265
50;2025-12-21;8;385;1.0;385
50;2025-12-21;9;482;1.0;482
50;2025-12-21;10;544;1.0;544
50;2025-12-21;11;644;1.0;644
50;2025-12-21;12;709;1.0;709
50;2025-12-21;13;810;1.0;810
50;2025-12-21;14;821;1.0;821
50;2025-12-21;15;704;1.0;704
50;2025-12-21;16;718;1.0;718
50;2025-12-21;17;739;1.0;739
50;2025-12-21;18;671;1.0;671
50;2025-12-21;19;599;1.0;599
50;2025-12-21;20;511;1.0;511
50;2025-12-21;21;412;1.0;412
50;2025-12-21;22;215;1.0;215
50;2025-12-21;23;119;1.0;119
50;2025-12-22;0;30;0.9978;30
50;2025-12-22;1;3;1.0029;3
50;2025-12-22;2;1;1.0;1
50;2025-12-22;3;0;1.0;0
50;2025-12-22;4;3;0.9842;3
50;2025-12-22;5;71;0.9863;71
50;2025-12-22;6;549;0.9941;549
50;2025-12-22;7;1766;1.0176;1766
50;2025-12-22;8;2758;0.9939;2758
50;2025-12-22;9;2160;0.9988;2160
50;2025-12-22;10;1666;1.006;1666
50;2025-12-22;11;1539;0.9985;1539
50;2025-12-22;12;1435;0.9941;1435
50;2025-12-22;13;1465;0.9694;1465
50;2025-12-22;14;1421;0.9752;1421
50;2025-12-22;15;1639;0.9693;1639
50;2025-12-22;16;1691;0.9678;1691
50;2025-12-22;17;2364;0.9607;2364
50;2025-12-22;18;2480;0.9569;2480
50;2025-12-22;19;1470;0.9844;1470
50;2025-12-22;20;925;0.9708;925
50;2025-12-22;21;637;0.9745;637
50;2025-12-22;22;273;0.9973;273
50;2025-12-22;23;141;0.9732;141
50;2025-12-23;0;30;0.9995;30
50;2025-12-23;1;3;0.9995;3
50;2025-12-23;2;1;1.0;1
50;2025-12-23;3;0;1.0;0
50;2025-12-23;4;3;0.9849;3
50;2025-12-23;5;71;0.987;71
50;2025-12-23;6;549;0.9995;549
50;2025-12-23;7;1766;1.0116;1766
50;2025-12-23;8;2758;0.976;2758
50;2025-12-23;9;2160;0.9802;2160
50;2025-12-23;10;1666;0.9972;1666
50;2025-12-23;11;1539;0.9929;1539
50;2025-12-23;12;1435;0.9947;1435
50;2025-12-23;13;1465;0.9919;1465
50;2025-12-23;14;1421;0.9969;1421
50;2025-12-23;15;1639;0.9992;1639
50;2025-12-23;16;1691;0.9992;1691
50;2025-12-23;17;2364;0.9834;2364
50;2025-12-23;18;2480;0.9729;2480
50;2025-12-23;19;1470;1.0123;1470
50;2025-12-23;20;925;0.9986;925
50;2025-12-23;21;637;1.0023;637
50;2025-12-23;22;273;1.0142;273
50;2025-12-23;23;141;1.0026;141
50;2025-12-24;0;30;1.0108;30
50;2025-12-24;1;3;1.0108;3
50;2025-12-24;2;1;1.0;1
50;2025-12-24;3;0;1.0;0
50;2025-12-24;4;3;1.001;3
50;2025-12-24;5;71;1.0031;71
50;2025-12-24;6;549;1.0108;549
50;2025-12-24;7;1766;1.0252;1766
50;2025-12-24;8;2758;0.9896;2758
50;2025-12-24;9;2160;0.9959;2160
50;2025-12-24;10;1666;1.0131;1666
50;2025-12-24;11;1539;1.0014;1539
50;2025-12-24;12;1435;1.0142;1435
50;2025-12-24;13;1465;0.9938;1465
50;2025-12-24;14;1421;0.9956;1421
50;2025-12-24;15;1639;0.9922;1639
50;2025-12-24;16;1691;0.9986;1691
50;2025-12-24;17;2364;0.9858;2364
50;2025-12-24;18;2480;0.9765;2480
50;2025-12-24;19;1470;1.0031;1470
50;2025-12-24;20;925;0.9936;925
50;2025-12-24;21;637;1.0048;637
50;2025-12-24;22;273;1.0139;273
50;2025-12-24;23;141;1.0048;141
50;2025-12-25;0;30;1.0256;30
50;2025-12-25;1;3;1.0256;3
50;2025-12-25;2;1;1.0;1
50;2025-12-25;3;0;1.0;0
50;2025-12-25;4;3;1.0173;3
50;2025-12-25;5;71;1.0194;71
50;2025-12-25;6;549;1.0308;549
50;2025-12-25;7;1766;1.0417;1766
50;2025-12-25;8;2758;1.0139;2758
50;2025-12-25;9;2160;1.0147;2160
50;2025-12-25;10;1666;1.0316;1666
50;2025-12-25;11;1539;1.0261;1539
50;2025-12-25;12;1435;1.0274;1435
50;2025-12-25;13;1465;1.0258;1465
50;2025-12-25;14;1421;1.0202;1421
50;2025-12-25;15;1639;1.0164;1639
50;2025-12-25;16;1691;1.0164;1691
50;2025-12-25;17;2364;0.9869;2364
50;2025-12-25;18;2480;0.9786;2480
50;2025-12-25;19;1470;1.009;1470
50;2025-12-25;20;925;0.9943;925
50;2025-12-25;21;637;0.993;637
50;2025-12-25;22;273;1.0088;273
50;2025-12-25;23;141;0.9859;141
50;2025-12-26;0;38;1.0437;38
50;2025-12-26;1;2;1.056;2
50;2025-12-26;2;0;1.0;0
50;2025-12-26;3;0;1.0;0
50;2025-12-26;4;3;1.0474;3
50;2025-12-26;5;68;1.0482;68
50;2025-12-26;6;535;1.056;535
50;2025-12-26;7;1717;1.0515;1717
50;2025-12-26;8;2679;1.0292;2679
50;2025-12-26;9;2056;1.0351;2056
50;2025-12-26;10;1543;1.0635;1543
50;2025-12-26;11;1559;1.052;1559
50;2025-12-26;12;1495;1.0539;1495
50;2025-12-26;13;1515;1.0473;1515
50;2025-12-26;14;1447;1.0446;1447
50;2025-12-26;15;1761;1.0289;1761
50;2025-12-26;16;2137;1.0071;2137
50;2025-12-26;17;2140;1.0183;2140
50;2025-12-26;18;1726;1.0493;1726
50;2025-12-26;19;1218;1.046;1218
50;2025-12-26;20;825;1.0416;825
50;2025-12-26;21;570;1.0586;570
50;2025-12-26;22;301;1.0586;301
50;2025-12-26;23;172;1.0564;172
50;2025-12-27;0;64;1.0;64
50;2025-12-27;1;5;1.0;5
50;2025-12-27;2;0;1.0;0
50;2025-12-27;3;0;1.0;0
50;2025-12-27;4;1;1.0;1
50;2025-12-27;5;32;1.0;32
50;2025-12-27;6;173;1.0;173
50;2025-12-27;7;413;1.0;413
50;2025-12-27;8;634;1.0;634
50;2025-12-27;9;658;1.0;658
50;2025-12-27;10;655;1.0;655
50;2025-12-27;11;798;1.0;798
50;2025-12-27;12;838;1.0;838
50;2025-12-27;13;852;1.0;852
50;2025-12-27;14;884;1.0;884
50;2025-12-27;15;841;1.0;841
50;2025-12-27;16;859;1.0;859
50;2025-12-27;17;808;1.0;808
50;2025-12-27;18;732;1.0;732
50;2025-12-27;19;689;1.0;689
50;2025-12-27;20;512;1.0;512
50;2025-12-27;21;453;1.0;453
50;2025-12-27;22;242;1.0;242
50;2025-12-27;23;150;1.0;150
50;2025-12-28;0;53;1.0;53
50;2025-12-28;1;5;1.0;5
50;2025-12-28;2;0;1.0;0
50;2025-12-28;3;0;1.0;0
50;2025-12-28;4;1;1.0;1
50;2025-12-28;5;28;1.0;28
50;2025-12-28;6;140;1.0;140
50;2025-12-28;7;265;1.0;265
50;2025-12-28;8;385;1.0;385
50;2025-12-28;9;482;1.0;482
50;2025-12-28;10;544;1.0;544
50;2025-12-28;11;644;1.0;644
50;2025-12-28;12;709;1.0;709
50;2025-12-28;13;810;1.0;810
50;2025-12-28;14;821;1.0;821
50;2025-12-28;15;704;1.0;704
50;2025-12-28;16;718;1.0;718
50;2025-12-28;17;739;1.0;739
50;2025-12-28;18;671;1.0;671
50;2025-12-28;19;599;1.0;599
50;2025-12-28;20;511;1.0;511
50;2025-12-28;21;412;1.0;412
50;2025-12-28;22;215;1.0;215
50;2025-12-28;23;119;1.0;119
50;2025-12-29;0;27;1.0;27
50;2025-12-29;1;3;1.0;3
50;2025-12-29;2;0;1.0;0
50;2025-12-29;3;0;1.0;0
50;2025-12-29;4;2;1.0;2
50;2025-12-29;5;63;1.0;63
50;2025-12-29;6;483;1.0;483
50;2025-12-29;7;1555;1.0;1555
50;2025-12-29;8;2428;1.0;2428
50;2025-12-29;9;1901;1.0;1901
50;2025-12-29;10;1466;1.0;1466
50;2025-12-29;11;1355;1.0;1355
50;2025-12-29;12;1262;1.0;1262
50;2025-12-29;13;1289;1.0;1289
50;2025-12-29;14;1251;1.0;1251
50;2025-12-29;15;1442;1.0;1442
50;2025-12-29;16;1488;1.0;1488
50;2025-12-29;17;2081;1.0;2081
50;2025-12-29;18;2183;1.0;2183
50;2025-12-29;19;1293;1.0;1293
50;2025-12-29;20;814;1.0;814
50;2025-12-29;21;560;1.0;560
50;2025-12-29;22;240;1.0;240
50;2025-12-29;23;123;1.0;123
50;2025-12-30;0;27;1.0;27
50;2025-12-30;1;3;1.0;3
50;2025-12-30;2;0;1.0;0
50;2025-12-30;3;0;1.0;0
50;2025-12-30;4;2;1.0;2
50;2025-12-30;5;63;1.0;63
50;2025-12-30;6;483;1.0;483
50;2025-12-30;7;1555;1.0;1555
50;2025-12-30;8;2428;1.0;2428
50;2025-12-30;9;1901;1.0;1901
50;2025-12-30;10;1466;1.0;1466
50;2025-12-30;11;1355;1.0;1355
50;2025-12-30;12;1262;1.0;1262
50;2025-12-30;13;1289;1.0;1289
50;2025-12-30;14;1251;1.0;1251
50;2025-12-30;15;1442;1.0;1442
50;2025-12-30;16;1488;1.0;1488
50;2025-12-30;17;2081;1.0;2081
50;2025-12-30;18;2183;1.0;2183
50;2025-12-30;19;1293;1.0;1293
50;2025-12-30;20;814;1.0;814
50;2025-12-30;21;560;1.0;560
50;2025-12-30;22;240;1.0;240
50;2025-12-30;23;123;1.0;123
50;2025-12-31;0;63;1.0;63
50;2025-12-31;1;7;1.0;7
50;2025-12-31;2;0;1.0;0
50;2025-12-31;3;2;1.0;2
50;2025-12-31;4;0;1.0;0
50;2025-12-31;5;10;1.0;10
50;2025-12-31;6;13;1.0;13
50;2025-12-31;7;21;1.0;21
50;2025-12-31;8;42;1.0;42
50;2025-12-31;9;81;1.0;81
50;2025-12-31;10;30;1.0;30
50;2025-12-31;11;31;1.0;31
50;2025-12-31;12;73;1.0;73
50;2025-12-31;13;43;1.0;43
50;2025-12-31;14;40;1.0;40
50;2025-12-31;15;60;1.0;60
50;2025-12-31;16;35;1.0;35
50;2025-12-31;17;37;1.0;37
50;2025-12-31;18;12;1.0;12
50;2025-12-31;19;9;1.0;9
50;2025-12-31;20;0;1.0;0
50;2025-12-31;21;0;1.0;0
50;2025-12-31;22;0;1.0;0
50;2025-12-31;23;0;1.0;0
