route;date;hour;p10;p50;p90
1;2025-11-01;0;0.0;2.0;3.2
1;2025-11-01;1;0.0;0.0;0.0
1;2025-11-01;2;0.0;0.0;0.0
1;2025-11-01;3;0.0;0.0;0.0
1;2025-11-01;4;0.0;5.0;11.2
1;2025-11-01;5;84.5;112.0;176.7
1;2025-11-01;6;318.4;416.0;520.7
1;2025-11-01;7;996.9;1232.0;1514.7
1;2025-11-01;8;1237.6;1500.0;1835.9
1;2025-11-01;9;921.8;1144.0;1373.3
1;2025-11-01;10;846.9;1057.0;1282.2
1;2025-11-01;11;852.0;1129.0;1370.7
1;2025-11-01;12;850.7;1104.0;1332.3
1;2025-11-01;13;868.0;1151.0;1457.3
1;2025-11-01;14;827.6;1091.0;1364.7
1;2025-11-01;15;989.3;1239.0;1564.6
1;2025-11-01;16;1015.1;1303.0;1603.1
1;2025-11-01;17;1147.2;1431.0;1708.7
1;2025-11-01;18;987.2;1248.0;1509.9
1;2025-11-01;19;773.9;980.0;1222.7
1;2025-11-01;20;528.3;663.0;878.3
1;2025-11-01;21;312.5;405.0;529.3
1;2025-11-01;22;128.1;191.0;257.4
1;2025-11-01;23;18.9;45.0;68.7
1;2025-11-02;0;0.0;0.0;0.0
1;2025-11-02;1;0.0;0.0;0.0
1;2025-11-02;2;0.0;0.0;0.0
1;2025-11-02;3;0.0;0.0;0.0
1;2025-11-02;4;0.0;0.0;0.0
1;2025-11-02;5;12.6;26.0;43.1
1;2025-11-02;6;90.9;130.0;183.8
1;2025-11-02;7;187.7;265.0;344.8
1;2025-11-02;8;275.2;366.0;475.6
1;2025-11-02;9;436.3;608.0;774.3
1;2025-11-02;10;475.0;709.0;878.5
1;2025-11-02;11;475.0;708.0;903.0
1;2025-11-02;12;573.1;845.0;1046.9
1;2025-11-02;13;608.6;891.0;1128.2
1;2025-11-02;14;533.7;790.0;1026.8
1;2025-11-02;15;495.9;715.0;943.1
1;2025-11-02;16;444.7;658.0;864.3
1;2025-11-02;17;412.6;605.0;782.0
1;2025-11-02;18;388.6;550.0;726.8
1;2025-11-02;19;328.1;458.0;621.8
1;2025-11-02;20;252.5;353.0;484.4
1;2025-11-02;21;196.0;270.0;390.2
1;2025-11-02;22;70.4;107.0;158.8
1;2025-11-02;23;18.0;31.0;49.4
1;2025-11-03;0;0.0;0.0;0.0
1;2025-11-03;1;0.0;0.0;0.0
1;2025-11-03;2;0.0;0.0;0.0
1;2025-11-03;3;0.0;0.0;0.0
1;2025-11-03;4;0.0;0.0;0.0
1;2025-11-03;5;12.6;26.0;43.1
1;2025-11-03;6;90.9;130.0;183.8
1;2025-11-03;7;187.7;265.0;344.8
1;2025-11-03;8;275.2;366.0;475.6
1;2025-11-03;9;436.3;608.0;774.3
1;2025-11-03;10;475.0;709.0;878.5
1;2025-11-03;11;475.0;708.0;903.0
1;2025-11-03;12;573.1;845.0;1046.9
1;2025-11-03;13;608.6;891.0;1128.2
1;2025-11-03;14;533.7;790.0;1026.8
1;2025-11-03;15;495.9;715.0;943.1
1;2025-11-03;16;444.7;658.0;864.3
1;2025-11-03;17;412.6;605.0;782.0
1;2025-11-03;18;388.6;550.0;726.8
1;2025-11-03;19;328.1;458.0;621.8
1;2025-11-03;20;252.5;353.0;484.4
1;2025-11-03;21;196.0;270.0;390.2
1;2025-11-03;22;70.4;107.0;158.8
1;2025-11-03;23;18.0;31.0;49.4
1;2025-11-04;0;0.0;0.0;0.0
1;2025-11-04;1;0.0;0.0;0.0
1;2025-11-04;2;0.0;0.0;0.0
1;2025-11-04;3;0.0;0.0;0.0
1;2025-11-04;4;0.0;0.0;0.0
1;2025-11-04;5;12.6;26.0;43.1
1;2025-11-04;6;90.9;130.0;183.8
1;2025-11-04;7;187.7;265.0;344.8
1;2025-11-04;8;275.2;366.0;475.6
1;2025-11-04;9;436.3;608.0;774.3
1;2025-11-04;10;475.0;709.0;878.5
1;2025-11-04;11;475.0;708.0;903.0
1;2025-11-04;12;573.1;845.0;1046.9
1;2025-11-04;13;608.6;891.0;1128.2
1;2025-11-04;14;533.7;790.0;1026.8
1;2025-11-04;15;495.9;715.0;943.1
1;2025-11-04;16;444.7;658.0;864.3
1;2025-11-04;17;412.6;605.0;782.0
1;2025-11-04;18;388.6;550.0;726.8
1;2025-11-04;19;328.1;458.0;621.8
1;2025-11-04;20;252.5;353.0;484.4
1;2025-11-04;21;196.0;270.0;390.2
1;2025-11-04;22;70.4;107.0;158.8
1;2025-11-04;23;18.0;31.0;49.4
1;2025-11-05;0;0.0;5.0;9.8
1;2025-11-05;1;0.0;0.0;0.0
1;2025-11-05;2;0.0;0.0;0.0
1;2025-11-05;3;0.0;0.0;0.0
1;2025-11-05;4;0.0;9.0;18.8
1;2025-11-05;5;100.6;133.0;185.5
1;2025-11-05;6;446.8;550.0;674.8
1;2025-11-05;7;1289.3;1544.0;1808.9
1;2025-11-05;8;1648.8;1987.0;2358.8
1;2025-11-05;9;1248.6;1488.0;1741.5
1;2025-11-05;10;1095.6;1348.0;1595.6
1;2025-11-05;11;1089.7;1354.0;1623.0
1;2025-11-05;12;1116.8;1393.0;1692.6
1;2025-11-05;13;1111.2;1436.0;1749.1
1;2025-11-05;14;1059.1;1380.0;1689.2
1;2025-11-05;15;1168.4;1534.0;1891.1
1;2025-11-05;16;1236.9;1555.0;1887.2
1;2025-11-05;17;1485.2;1811.0;2145.3
1;2025-11-05;18;1555.5;1883.0;2252.1
1;2025-11-05;19;1147.6;1426.0;1758.5
1;2025-11-05;20;746.9;923.0;1121.8
1;2025-11-05;21;388.4;496.0;640.6
1;2025-11-05;22;165.8;232.0;313.6
1;2025-11-05;23;18.5;47.0;71.2
1;2025-11-06;0;0.0;5.0;9.8
1;2025-11-06;1;0.0;0.0;0.0
1;2025-11-06;2;0.0;0.0;0.0
1;2025-11-06;3;0.0;0.0;0.0
1;2025-11-06;4;0.0;9.0;18.8
1;2025-11-06;5;100.6;133.0;185.5
1;2025-11-06;6;446.8;550.0;674.8
1;2025-11-06;7;1289.3;1544.0;1808.9
1;2025-11-06;8;1648.8;1987.0;2358.8
1;2025-11-06;9;1248.6;1488.0;1741.5
1;2025-11-06;10;1095.6;1348.0;1595.6
1;2025-11-06;11;1089.7;1354.0;1623.0
1;2025-11-06;12;1116.8;1393.0;1692.6
1;2025-11-06;13;1111.2;1436.0;1749.1
1;2025-11-06;14;1059.1;1380.0;1689.2
1;2025-11-06;15;1168.4;1534.0;1891.1
1;2025-11-06;16;1236.9;1555.0;1887.2
1;2025-11-06;17;1485.2;1811.0;2145.3
1;2025-11-06;18;1555.5;1883.0;2252.1
1;2025-11-06;19;1147.6;1426.0;1758.5
1;2025-11-06;20;746.9;923.0;1121.8
1;2025-11-06;21;388.4;496.0;640.6
1;2025-11-06;22;165.8;232.0;313.6
1;2025-11-06;23;18.5;47.0;71.2
1;2025-11-07;0;0.0;5.0;7.9
1;2025-11-07;1;0.0;0.0;0.0
1;2025-11-07;2;0.0;0.0;0.0
1;2025-11-07;3;0.0;0.0;0.0
1;2025-11-07;4;0.0;7.0;15.7
1;2025-11-07;5;105.7;140.0;220.8
1;2025-11-07;6;398.1;520.0;650.9
1;2025-11-07;7;1245.3;1539.0;1892.1
1;2025-11-07;8;1547.0;1875.0;2294.9
1;2025-11-07;9;1152.2;1430.0;1716.7
1;2025-11-07;10;1058.4;1321.0;1602.4
1;2025-11-07;11;1064.8;1411.0;1713.1
1;2025-11-07;12;1063.4;1380.0;1665.4
1;2025-11-07;13;1084.5;1438.0;1820.7
1;2025-11-07;14;1033.9;1363.0;1705.0
1;2025-11-07;15;1236.1;1548.0;1954.8
1;2025-11-07;16;1268.3;1628.0;2003.0
1;2025-11-07;17;1434.2;1789.0;2136.2
1;2025-11-07;18;1234.0;1560.0;1887.4
1;2025-11-07;19;967.4;1225.0;1528.4
1;2025-11-07;20;660.5;829.0;1098.2
1;2025-11-07;21;391.2;507.0;662.6
1;2025-11-07;22;160.3;239.0;322.0
1;2025-11-07;23;23.5;56.0;85.5
1;2025-11-08;0;0.0;6.0;10.9
1;2025-11-08;1;0.0;0.0;0.0
1;2025-11-08;2;0.0;0.0;0.0
1;2025-11-08;3;0.0;0.0;0.0
1;2025-11-08;4;0.0;1.0;2.2
1;2025-11-08;5;20.4;35.0;54.4
1;2025-11-08;6;116.0;176.0;247.2
1;2025-11-08;7;253.8;365.0;474.7
1;2025-11-08;8;318.3;491.0;645.4
1;2025-11-08;9;528.7;779.0;1029.2
1;2025-11-08;10;597.1;920.0;1171.8
1;2025-11-08;11;568.0;867.0;1126.5
1;2025-11-08;12;682.7;1068.0;1371.1
1;2025-11-08;13;693.6;1091.0;1445.9
1;2025-11-08;14;685.8;1026.0;1370.3
1;2025-11-08;15;588.6;889.0;1170.4
1;2025-11-08;16;542.5;807.0;1059.1
1;2025-11-08;17;514.6;747.0;986.2
1;2025-11-08;18;498.0;674.0;906.7
1;2025-11-08;19;429.8;604.0;810.6
1;2025-11-08;20;317.1;450.0;641.4
1;2025-11-08;21;226.2;322.0;464.1
1;2025-11-08;22;98.3;149.0;223.7
1;2025-11-08;23;14.2;37.0;61.3
1;2025-11-09;0;0.0;0.0;0.0
1;2025-11-09;1;0.0;0.0;0.0
1;2025-11-09;2;0.0;0.0;0.0
1;2025-11-09;3;0.0;0.0;0.0
1;2025-11-09;4;0.0;0.0;0.0
1;2025-11-09;5;12.6;26.0;43.1
1;2025-11-09;6;90.9;130.0;183.8
1;2025-11-09;7;187.7;265.0;344.8
1;2025-11-09;8;275.2;366.0;475.6
1;2025-11-09;9;436.3;608.0;774.3
1;2025-11-09;10;475.0;709.0;878.5
1;2025-11-09;11;475.0;708.0;903.0
1;2025-11-09;12;573.1;845.0;1046.9
1;2025-11-09;13;608.6;891.0;1128.2
1;2025-11-09;14;533.7;790.0;1026.8
1;2025-11-09;15;495.9;715.0;943.1
1;2025-11-09;16;444.7;658.0;864.3
1;2025-11-09;17;412.6;605.0;782.0
1;2025-11-09;18;388.6;550.0;726.8
1;2025-11-09;19;328.1;458.0;621.8
1;2025-11-09;20;252.5;353.0;484.4
1;2025-11-09;21;196.0;270.0;390.2
1;2025-11-09;22;70.4;107.0;158.8
1;2025-11-09;23;18.0;31.0;49.4
1;2025-11-10;0;0.0;5.0;9.8
1;2025-11-10;1;0.0;0.0;0.0
1;2025-11-10;2;0.0;0.0;0.0
1;2025-11-10;3;0.0;0.0;0.0
1;2025-11-10;4;0.0;9.0;18.8
1;2025-11-10;5;100.6;133.0;185.5
1;2025-11-10;6;446.8;550.0;674.8
1;2025-11-10;7;1289.3;1544.0;1808.9
1;2025-11-10;8;1648.8;1987.0;2358.8
1;2025-11-10;9;1248.6;1488.0;1741.5
1;2025-11-10;10;1095.6;1348.0;1595.6
1;2025-11-10;11;1089.7;1354.0;1623.0
1;2025-11-10;12;1116.8;1393.0;1692.6
1;2025-11-10;13;1111.2;1436.0;1749.1
1;2025-11-10;14;1059.1;1380.0;1689.2
1;2025-11-10;15;1168.4;1534.0;1891.1
1;2025-11-10;16;1236.9;1555.0;1887.2
1;2025-11-10;17;1485.2;1811.0;2145.3
1;2025-11-10;18;1555.5;1883.0;2252.1
1;2025-11-10;19;1147.6;1426.0;1758.5
1;2025-11-10;20;746.9;923.0;1121.8
1;2025-11-10;21;388.4;496.0;640.6
1;2025-11-10;22;165.8;232.0;313.6
1;2025-11-10;23;18.5;47.0;71.2
1;2025-11-11;0;0.0;5.0;9.8
1;2025-11-11;1;0.0;0.0;0.0
1;2025-11-11;2;0.0;0.0;0.0
1;2025-11-11;3;0.0;0.0;0.0
1;2025-11-11;4;0.0;9.0;18.8
1;2025-11-11;5;100.6;133.0;185.5
1;2025-11-11;6;446.8;550.0;674.8
1;2025-11-11;7;1289.3;1544.0;1808.9
1;2025-11-11;8;1648.8;1987.0;2358.8
1;2025-11-11;9;1248.6;1488.0;1741.5
1;2025-11-11;10;1095.6;1348.0;1595.6
1;2025-11-11;11;1089.7;1354.0;1623.0
1;2025-11-11;12;1116.8;1393.0;1692.6
1;2025-11-11;13;1111.2;1436.0;1749.1
1;2025-11-11;14;1059.1;1380.0;1689.2
1;2025-11-11;15;1168.4;1534.0;1891.1
1;2025-11-11;16;1236.9;1555.0;1887.2
1;2025-11-11;17;1485.2;1811.0;2145.3
1;2025-11-11;18;1555.5;1883.0;2252.1
1;2025-11-11;19;1147.6;1426.0;1758.5
1;2025-11-11;20;746.9;923.0;1121.8
1;2025-11-11;21;388.4;496.0;640.6
1;2025-11-11;22;165.8;232.0;313.6
1;2025-11-11;23;18.5;47.0;71.2
1;2025-11-12;0;0.0;5.0;9.8
1;2025-11-12;1;0.0;0.0;0.0
1;2025-11-12;2;0.0;0.0;0.0
1;2025-11-12;3;0.0;0.0;0.0
1;2025-11-12;4;0.0;9.0;18.8
1;2025-11-12;5;100.6;133.0;185.5
1;2025-11-12;6;446.8;550.0;674.8
1;2025-11-12;7;1289.3;1544.0;1808.9
1;2025-11-12;8;1648.8;1987.0;2358.8
1;2025-11-12;9;1248.6;1488.0;1741.5
1;2025-11-12;10;1095.6;1348.0;1595.6
1;2025-11-12;11;1089.7;1354.0;1623.0
1;2025-11-12;12;1116.8;1393.0;1692.6
1;2025-11-12;13;1111.2;1436.0;1749.1
1;2025-11-12;14;1059.1;1380.0;1689.2
1;2025-11-12;15;1168.4;1534.0;1891.1
1;2025-11-12;16;1236.9;1555.0;1887.2
1;2025-11-12;17;1485.2;1811.0;2145.3
1;2025-11-12;18;1555.5;1883.0;2252.1
1;2025-11-12;19;1147.6;1426.0;1758.5
1;2025-11-12;20;746.9;923.0;1121.8
1;2025-11-12;21;388.4;496.0;640.6
1;2025-11-12;22;165.8;232.0;313.6
1;2025-11-12;23;18.5;47.0;71.2
1;2025-11-13;0;0.0;5.0;9.8
1;2025-11-13;1;0.0;0.0;0.0
1;2025-11-13;2;0.0;0.0;0.0
1;2025-11-13;3;0.0;0.0;0.0
1;2025-11-13;4;0.0;9.0;18.8
1;2025-11-13;5;100.6;133.0;185.5
1;2025-11-13;6;446.8;550.0;674.8
1;2025-11-13;7;1289.3;1544.0;1808.9
1;2025-11-13;8;1648.8;1987.0;2358.8
1;2025-11-13;9;1248.6;1488.0;1741.5
1;2025-11-13;10;1095.6;1348.0;1595.6
1;2025-11-13;11;1089.7;1354.0;1623.0
1;2025-11-13;12;1116.8;1393.0;1692.6
1;2025-11-13;13;1111.2;1436.0;1749.1
1;2025-11-13;14;1059.1;1380.0;1689.2
1;2025-11-13;15;1168.4;1534.0;1891.1
1;2025-11-13;16;1236.9;1555.0;1887.2
1;2025-11-13;17;1485.2;1811.0;2145.3
1;2025-11-13;18;1555.5;1883.0;2252.1
1;2025-11-13;19;1147.6;1426.0;1758.5
1;2025-11-13;20;746.9;923.0;1121.8
1;2025-11-13;21;388.4;496.0;640.6
1;2025-11-13;22;165.8;232.0;313.6
1;2025-11-13;23;18.5;47.0;71.2
1;2025-11-14;0;0.0;5.0;7.9
1;2025-11-14;1;0.0;0.0;0.0
1;2025-11-14;2;0.0;0.0;0.0
1;2025-11-14;3;0.0;0.0;0.0
1;2025-11-14;4;0.0;7.0;15.7
1;2025-11-14;5;105.7;140.0;220.8
1;2025-11-14;6;398.1;520.0;650.9
1;2025-11-14;7;1245.3;1539.0;1892.1
1;2025-11-14;8;1547.0;1875.0;2294.9
1;2025-11-14;9;1152.2;1430.0;1716.7
1;2025-11-14;10;1058.4;1321.0;1602.4
1;2025-11-14;11;1064.8;1411.0;1713.1
1;2025-11-14;12;1063.4;1380.0;1665.4
1;2025-11-14;13;1084.5;1438.0;1820.7
1;2025-11-14;14;1033.9;1363.0;1705.0
1;2025-11-14;15;1236.1;1548.0;1954.8
1;2025-11-14;16;1268.3;1628.0;2003.0
1;2025-11-14;17;1434.2;1789.0;2136.2
1;2025-11-14;18;1234.0;1560.0;1887.4
1;2025-11-14;19;967.4;1225.0;1528.4
1;2025-11-14;20;660.5;829.0;1098.2
1;2025-11-14;21;391.2;507.0;662.6
1;2025-11-14;22;160.3;239.0;322.0
1;2025-11-14;23;23.5;56.0;85.5
1;2025-11-15;0;0.0;6.0;12.0
1;2025-11-15;1;0.0;0.0;0.0
1;2025-11-15;2;0.0;0.0;0.0
1;2025-11-15;3;0.0;0.0;0.0
1;2025-11-15;4;0.0;1.0;2.3
1;2025-11-15;5;18.8;35.0;55.9
1;2025-11-15;6;108.8;176.0;243.2
1;2025-11-15;7;244.7;365.0;499.7
1;2025-11-15;8;320.9;491.0;681.3
1;2025-11-15;9;496.7;779.0;1049.3
1;2025-11-15;10;572.9;920.0;1227.2
1;2025-11-15;11;524.4;867.0;1183.8
1;2025-11-15;12;632.0;1068.0;1426.6
1;2025-11-15;13;642.6;1091.0;1508.6
1;2025-11-15;14;674.9;1026.0;1462.6
1;2025-11-15;15;590.6;889.0;1228.2
1;2025-11-15;16;534.7;807.0;1084.9
1;2025-11-15;17;489.3;747.0;998.1
1;2025-11-15;18;469.4;674.0;926.4
1;2025-11-15;19;427.2;604.0;822.5
1;2025-11-15;20;310.0;450.0;616.0
1;2025-11-15;21;215.7;322.0;452.5
1;2025-11-15;22;96.0;149.0;218.1
1;2025-11-15;23;13.4;37.0;59.3
1;2025-11-16;0;0.0;0.0;0.0
1;2025-11-16;1;0.0;0.0;0.0
1;2025-11-16;2;0.0;0.0;0.0
1;2025-11-16;3;0.0;0.0;0.0
1;2025-11-16;4;0.0;0.0;0.0
1;2025-11-16;5;11.8;26.0;46.1
1;2025-11-16;6;88.0;130.0;200.1
1;2025-11-16;7;182.4;265.0;357.5
1;2025-11-16;8;260.2;366.0;491.7
1;2025-11-16;9;411.3;608.0;790.8
1;2025-11-16;10;471.2;709.0;908.4
1;2025-11-16;11;448.5;708.0;920.4
1;2025-11-16;12;554.1;845.0;1084.3
1;2025-11-16;13;589.2;891.0;1163.1
1;2025-11-16;14;530.4;790.0;1077.6
1;2025-11-16;15;484.4;715.0;972.4
1;2025-11-16;16;444.7;658.0;897.4
1;2025-11-16;17;404.3;605.0;805.2
1;2025-11-16;18;388.9;550.0;749.9
1;2025-11-16;19;318.6;458.0;645.9
1;2025-11-16;20;247.9;353.0;504.3
1;2025-11-16;21;190.2;270.0;384.4
1;2025-11-16;22;69.7;107.0;157.9
1;2025-11-16;23;17.3;31.0;51.8
1;2025-11-17;0;0.0;5.0;10.0
1;2025-11-17;1;0.0;0.0;0.0
1;2025-11-17;2;0.0;0.0;0.0
1;2025-11-17;3;0.0;0.0;0.0
1;2025-11-17;4;0.0;9.0;19.6
1;2025-11-17;5;99.7;133.0;188.9
1;2025-11-17;6;435.0;550.0;697.1
1;2025-11-17;7;1226.8;1544.0;1999.6
1;2025-11-17;8;1562.9;1987.0;2610.4
1;2025-11-17;9;1189.6;1488.0;1803.9
1;2025-11-17;10;1035.7;1348.0;1657.9
1;2025-11-17;11;1031.9;1354.0;1710.2
1;2025-11-17;12;1051.3;1393.0;1786.5
1;2025-11-17;13;1029.3;1436.0;1859.0
1;2025-11-17;14;988.8;1380.0;1803.3
1;2025-11-17;15;1082.9;1534.0;2036.2
1;2025-11-17;16;1138.8;1555.0;2022.0
1;2025-11-17;17;1391.2;1811.0;2267.8
1;2025-11-17;18;1495.7;1883.0;2387.3
1;2025-11-17;19;1114.2;1426.0;1854.1
1;2025-11-17;20;734.9;923.0;1162.4
1;2025-11-17;21;375.0;496.0;640.4
1;2025-11-17;22;161.3;232.0;319.2
1;2025-11-17;23;17.2;47.0;73.0
1;2025-11-18;0;0.0;5.0;10.0
1;2025-11-18;1;0.0;0.0;0.0
1;2025-11-18;2;0.0;0.0;0.0
1;2025-11-18;3;0.0;0.0;0.0
1;2025-11-18;4;0.0;9.0;19.6
1;2025-11-18;5;99.7;133.0;188.9
1;2025-11-18;6;435.0;550.0;697.1
1;2025-11-18;7;1226.8;1544.0;1999.6
1;2025-11-18;8;1562.9;1987.0;2610.4
1;2025-11-18;9;1189.6;1488.0;1803.9
1;2025-11-18;10;1035.7;1348.0;1657.9
1;2025-11-18;11;1031.9;1354.0;1710.2
1;2025-11-18;12;1051.3;1393.0;1786.5
1;2025-11-18;13;1029.3;1436.0;1859.0
1;2025-11-18;14;988.8;1380.0;1803.3
1;2025-11-18;15;1082.9;1534.0;2036.2
1;2025-11-18;16;1138.8;1555.0;2022.0
1;2025-11-18;17;1391.2;1811.0;2267.8
1;2025-11-18;18;1495.7;1883.0;2387.3
1;2025-11-18;19;1114.2;1426.0;1854.1
1;2025-11-18;20;734.9;923.0;1162.4
1;2025-11-18;21;375.0;496.0;640.4
1;2025-11-18;22;161.3;232.0;319.2
1;2025-11-18;23;17.2;47.0;73.0
1;2025-11-19;0;0.0;5.0;10.0
1;2025-11-19;1;0.0;0.0;0.0
1;2025-11-19;2;0.0;0.0;0.0
1;2025-11-19;3;0.0;0.0;0.0
1;2025-11-19;4;0.0;9.0;19.6
1;2025-11-19;5;99.7;133.0;188.9
1;2025-11-19;6;435.0;550.0;697.1
1;2025-11-19;7;1226.8;1544.0;1999.6
1;2025-11-19;8;1562.9;1987.0;2610.4
1;2025-11-19;9;1189.6;1488.0;1803.9
1;2025-11-19;10;1035.7;1348.0;1657.9
1;2025-11-19;11;1031.9;1354.0;1710.2
1;2025-11-19;12;1051.3;1393.0;1786.5
1;2025-11-19;13;1029.3;1436.0;1859.0
1;2025-11-19;14;988.8;1380.0;1803.3
1;2025-11-19;15;1082.9;1534.0;2036.2
1;2025-11-19;16;1138.8;1555.0;2022.0
1;2025-11-19;17;1391.2;1811.0;2267.8
1;2025-11-19;18;1495.7;1883.0;2387.3
1;2025-11-19;19;1114.2;1426.0;1854.1
1;2025-11-19;20;734.9;923.0;1162.4
1;2025-11-19;21;375.0;496.0;640.4
1;2025-11-19;22;161.3;232.0;319.2
1;2025-11-19;23;17.2;47.0;73.0
1;2025-11-20;0;0.0;5.0;10.0
1;2025-11-20;1;0.0;0.0;0.0
1;2025-11-20;2;0.0;0.0;0.0
1;2025-11-20;3;0.0;0.0;0.0
1;2025-11-20;4;0.0;9.0;19.6
1;2025-11-20;5;99.7;133.0;188.9
1;2025-11-20;6;435.0;550.0;697.1
1;2025-11-20;7;1226.8;1544.0;1999.6
1;2025-11-20;8;1562.9;1987.0;2610.4
1;2025-11-20;9;1189.6;1488.0;1803.9
1;2025-11-20;10;1035.7;1348.0;1657.9
1;2025-11-20;11;1031.9;1354.0;1710.2
1;2025-11-20;12;1051.3;1393.0;1786.5
1;2025-11-20;13;1029.3;1436.0;1859.0
1;2025-11-20;14;988.8;1380.0;1803.3
1;2025-11-20;15;1082.9;1534.0;2036.2
1;2025-11-20;16;1138.8;1555.0;2022.0
1;2025-11-20;17;1391.2;1811.0;2267.8
1;2025-11-20;18;1495.7;1883.0;2387.3
1;2025-11-20;19;1114.2;1426.0;1854.1
1;2025-11-20;20;734.9;923.0;1162.4
1;2025-11-20;21;375.0;496.0;640.4
1;2025-11-20;22;161.3;232.0;319.2
1;2025-11-20;23;17.2;47.0;73.0
1;2025-11-21;0;0.0;5.0;8.4
1;2025-11-21;1;0.0;0.0;0.0
1;2025-11-21;2;0.0;0.0;0.0
1;2025-11-21;3;0.0;0.0;0.0
1;2025-11-21;4;0.0;7.0;16.3
1;2025-11-21;5;104.0;140.0;207.0
1;2025-11-21;6;379.6;520.0;667.8
1;2025-11-21;7;1191.0;1539.0;2061.6
1;2025-11-21;8;1445.1;1875.0;2484.4
1;2025-11-21;9;1106.3;1430.0;1752.7
1;2025-11-21;10;1007.6;1321.0;1655.7
1;2025-11-21;11;1014.6;1411.0;1769.2
1;2025-11-21;12;1006.6;1380.0;1742.3
1;2025-11-21;13;1036.8;1438.0;1916.8
1;2025-11-21;14;929.2;1363.0;1768.5
1;2025-11-21;15;1122.7;1548.0;2010.0
1;2025-11-21;16;1157.8;1628.0;2110.9
1;2025-11-21;17;1325.5;1789.0;2283.0
1;2025-11-21;18;1192.8;1560.0;1954.0
1;2025-11-21;19;951.6;1225.0;1567.2
1;2025-11-21;20;649.5;829.0;1084.8
1;2025-11-21;21;379.7;507.0;685.0
1;2025-11-21;22;155.5;239.0;327.9
1;2025-11-21;23;21.3;56.0;87.5
1;2025-11-22;0;0.0;6.0;12.0
1;2025-11-22;1;0.0;0.0;0.0
1;2025-11-22;2;0.0;0.0;0.0
1;2025-11-22;3;0.0;0.0;0.0
1;2025-11-22;4;0.0;1.0;2.3
1;2025-11-22;5;18.8;35.0;55.9
1;2025-11-22;6;108.8;176.0;243.2
1;2025-11-22;7;244.7;365.0;499.7
1;2025-11-22;8;320.9;491.0;681.3
1;2025-11-22;9;496.7;779.0;1049.3
1;2025-11-22;10;572.9;920.0;1227.2
1;2025-11-22;11;524.4;867.0;1183.8
1;2025-11-22;12;632.0;1068.0;1426.6
1;2025-11-22;13;642.6;1091.0;1508.6
1;2025-11-22;14;674.9;1026.0;1462.6
1;2025-11-22;15;590.6;889.0;1228.2
1;2025-11-22;16;534.7;807.0;1084.9
1;2025-11-22;17;489.3;747.0;998.1
1;2025-11-22;18;469.4;674.0;926.4
1;2025-11-22;19;427.2;604.0;822.5
1;2025-11-22;20;310.0;450.0;616.0
1;2025-11-22;21;215.7;322.0;452.5
1;2025-11-22;22;96.0;149.0;218.1
1;2025-11-22;23;13.4;37.0;59.3
1;2025-11-23;0;0.0;0.0;0.0
1;2025-11-23;1;0.0;0.0;0.0
1;2025-11-23;2;0.0;0.0;0.0
1;2025-11-23;3;0.0;0.0;0.0
1;2025-11-23;4;0.0;0.0;0.0
1;2025-11-23;5;11.8;26.0;46.1
1;2025-11-23;6;88.0;130.0;200.1
1;2025-11-23;7;182.4;265.0;357.5
1;2025-11-23;8;260.2;366.0;491.7
1;2025-11-23;9;411.3;608.0;790.8
1;2025-11-23;10;471.2;709.0;908.4
1;2025-11-23;11;448.5;708.0;920.4
1;2025-11-23;12;554.1;845.0;1084.3
1;2025-11-23;13;589.2;891.0;1163.1
1;2025-11-23;14;530.4;790.0;1077.6
1;2025-11-23;15;484.4;715.0;972.4
1;2025-11-23;16;444.7;658.0;897.4
1;2025-11-23;17;404.3;605.0;805.2
1;2025-11-23;18;388.9;550.0;749.9
1;2025-11-23;19;318.6;458.0;645.9
1;2025-11-23;20;247.9;353.0;504.3
1;2025-11-23;21;190.2;270.0;384.4
1;2025-11-23;22;69.7;107.0;157.9
1;2025-11-23;23;17.3;31.0;51.8
1;2025-11-24;0;0.0;5.0;10.0
1;2025-11-24;1;0.0;0.0;0.0
1;2025-11-24;2;0.0;0.0;0.0
1;2025-11-24;3;0.0;0.0;0.0
1;2025-11-24;4;0.0;9.0;19.6
1;2025-11-24;5;99.7;133.0;188.9
1;2025-11-24;6;435.0;550.0;697.1
1;2025-11-24;7;1226.8;1544.0;1999.6
1;2025-11-24;8;1562.9;1987.0;2610.4
1;2025-11-24;9;1189.6;1488.0;1803.9
1;2025-11-24;10;1035.7;1348.0;1657.9
1;2025-11-24;11;1031.9;1354.0;1710.2
1;2025-11-24;12;1051.3;1393.0;1786.5
1;2025-11-24;13;1029.3;1436.0;1859.0
1;2025-11-24;14;988.8;1380.0;1803.3
1;2025-11-24;15;1082.9;1534.0;2036.2
1;2025-11-24;16;1138.8;1555.0;2022.0
1;2025-11-24;17;1391.2;1811.0;2267.8
1;2025-11-24;18;1495.7;1883.0;2387.3
1;2025-11-24;19;1114.2;1426.0;1854.1
1;2025-11-24;20;734.9;923.0;1162.4
1;2025-11-24;21;375.0;496.0;640.4
1;2025-11-24;22;161.3;232.0;319.2
1;2025-11-24;23;17.2;47.0;73.0
1;2025-11-25;0;0.0;5.0;10.0
1;2025-11-25;1;0.0;0.0;0.0
1;2025-11-25;2;0.0;0.0;0.0
1;2025-11-25;3;0.0;0.0;0.0
1;2025-11-25;4;0.0;9.0;19.6
1;2025-11-25;5;99.7;133.0;188.9
1;2025-11-25;6;435.0;550.0;697.1
1;2025-11-25;7;1226.8;1544.0;1999.6
1;2025-11-25;8;1562.9;1987.0;2610.4
1;2025-11-25;9;1189.6;1488.0;1803.9
1;2025-11-25;10;1035.7;1348.0;1657.9
1;2025-11-25;11;1031.9;1354.0;1710.2
1;2025-11-25;12;1051.3;1393.0;1786.5
1;2025-11-25;13;1029.3;1436.0;1859.0
1;2025-11-25;14;988.8;1380.0;1803.3
1;2025-11-25;15;1082.9;1534.0;2036.2
1;2025-11-25;16;1138.8;1555.0;2022.0
1;2025-11-25;17;1391.2;1811.0;2267.8
1;2025-11-25;18;1495.7;1883.0;2387.3
1;2025-11-25;19;1114.2;1426.0;1854.1
1;2025-11-25;20;734.9;923.0;1162.4
1;2025-11-25;21;375.0;496.0;640.4
1;2025-11-25;22;161.3;232.0;319.2
1;2025-11-25;23;17.2;47.0;73.0
1;2025-11-26;0;0.0;5.0;10.0
1;2025-11-26;1;0.0;0.0;0.0
1;2025-11-26;2;0.0;0.0;0.0
1;2025-11-26;3;0.0;0.0;0.0
1;2025-11-26;4;0.0;9.0;19.6
1;2025-11-26;5;99.7;133.0;188.9
1;2025-11-26;6;435.0;550.0;697.1
1;2025-11-26;7;1226.8;1544.0;1999.6
1;2025-11-26;8;1562.9;1987.0;2610.4
1;2025-11-26;9;1189.6;1488.0;1803.9
1;2025-11-26;10;1035.7;1348.0;1657.9
1;2025-11-26;11;1031.9;1354.0;1710.2
1;2025-11-26;12;1051.3;1393.0;1786.5
1;2025-11-26;13;1029.3;1436.0;1859.0
1;2025-11-26;14;988.8;1380.0;1803.3
1;2025-11-26;15;1082.9;1534.0;2036.2
1;2025-11-26;16;1138.8;1555.0;2022.0
1;2025-11-26;17;1391.2;1811.0;2267.8
1;2025-11-26;18;1495.7;1883.0;2387.3
1;2025-11-26;19;1114.2;1426.0;1854.1
1;2025-11-26;20;734.9;923.0;1162.4
1;2025-11-26;21;375.0;496.0;640.4
1;2025-11-26;22;161.3;232.0;319.2
1;2025-11-26;23;17.2;47.0;73.0
1;2025-11-27;0;0.0;5.0;10.0
1;2025-11-27;1;0.0;0.0;0.0
1;2025-11-27;2;0.0;0.0;0.0
1;2025-11-27;3;0.0;0.0;0.0
1;2025-11-27;4;0.0;9.0;19.6
1;2025-11-27;5;99.7;133.0;188.9
1;2025-11-27;6;435.0;550.0;697.1
1;2025-11-27;7;1226.8;1544.0;1999.6
1;2025-11-27;8;1562.9;1987.0;2610.4
1;2025-11-27;9;1189.6;1488.0;1803.9
1;2025-11-27;10;1035.7;1348.0;1657.9
1;2025-11-27;11;1031.9;1354.0;1710.2
1;2025-11-27;12;1051.3;1393.0;1786.5
1;2025-11-27;13;1029.3;1436.0;1859.0
1;2025-11-27;14;988.8;1380.0;1803.3
1;2025-11-27;15;1082.9;1534.0;2036.2
1;2025-11-27;16;1138.8;1555.0;2022.0
1;2025-11-27;17;1391.2;1811.0;2267.8
1;2025-11-27;18;1495.7;1883.0;2387.3
1;2025-11-27;19;1114.2;1426.0;1854.1
1;2025-11-27;20;734.9;923.0;1162.4
1;2025-11-27;21;375.0;496.0;640.4
1;2025-11-27;22;161.3;232.0;319.2
1;2025-11-27;23;17.2;47.0;73.0
1;2025-11-28;0;0.0;5.0;8.4
1;2025-11-28;1;0.0;0.0;0.0
1;2025-11-28;2;0.0;0.0;0.0
1;2025-11-28;3;0.0;0.0;0.0
1;2025-11-28;4;0.0;7.0;16.3
1;2025-11-28;5;104.0;140.0;207.0
1;2025-11-28;6;379.6;520.0;667.8
1;2025-11-28;7;1191.0;1539.0;2061.6
1;2025-11-28;8;1445.1;1875.0;2484.4
1;2025-11-28;9;1106.3;1430.0;1752.7
1;2025-11-28;10;1007.6;1321.0;1655.7
1;2025-11-28;11;1014.6;1411.0;1769.2
1;2025-11-28;12;1006.6;1380.0;1742.3
1;2025-11-28;13;1036.8;1438.0;1916.8
1;2025-11-28;14;929.2;1363.0;1768.5
1;2025-11-28;15;1122.7;1548.0;2010.0
1;2025-11-28;16;1157.8;1628.0;2110.9
1;2025-11-28;17;1325.5;1789.0;2283.0
1;2025-11-28;18;1192.8;1560.0;1954.0
1;2025-11-28;19;951.6;1225.0;1567.2
1;2025-11-28;20;649.5;829.0;1084.8
1;2025-11-28;21;379.7;507.0;685.0
1;2025-11-28;22;155.5;239.0;327.9
1;2025-11-28;23;21.3;56.0;87.5
1;2025-11-29;0;0.0;6.0;11.6
1;2025-11-29;1;0.0;0.0;0.0
1;2025-11-29;2;0.0;0.0;0.0
1;2025-11-29;3;0.0;0.0;0.0
1;2025-11-29;4;0.0;1.0;2.7
1;2025-11-29;5;19.5;35.0;53.9
1;2025-11-29;6;109.7;176.0;249.8
1;2025-11-29;7;237.8;365.0;513.8
1;2025-11-29;8;310.0;491.0;711.6
1;2025-11-29;9;505.7;779.0;1058.0
1;2025-11-29;10;587.9;920.0;1267.9
1;2025-11-29;11;533.5;867.0;1247.7
1;2025-11-29;12;635.1;1068.0;1519.7
1;2025-11-29;13;639.8;1091.0;1594.8
1;2025-11-29;14;630.7;1026.0;1512.5
1;2025-11-29;15;541.9;889.0;1247.9
1;2025-11-29;16;508.4;807.0;1177.6
1;2025-11-29;17;475.7;747.0;1034.7
1;2025-11-29;18;438.4;674.0;962.9
1;2025-11-29;19;402.1;604.0;816.6
1;2025-11-29;20;301.7;450.0;637.7
1;2025-11-29;21;206.7;322.0;454.5
1;2025-11-29;22;88.4;149.0;222.9
1;2025-11-29;23;13.3;37.0;61.5
1;2025-11-30;0;0.0;0.0;0.0
1;2025-11-30;1;0.0;0.0;0.0
1;2025-11-30;2;0.0;0.0;0.0
1;2025-11-30;3;0.0;0.0;0.0
1;2025-11-30;4;0.0;0.0;0.0
1;2025-11-30;5;12.3;26.0;44.3
1;2025-11-30;6;87.1;130.0;190.3
1;2025-11-30;7;189.3;265.0;368.0
1;2025-11-30;8;258.8;366.0;478.1
1;2025-11-30;9;406.0;608.0;805.2
1;2025-11-30;10;436.8;709.0;917.6
1;2025-11-30;11;419.4;708.0;938.0
1;2025-11-30;12;505.2;845.0;1109.9
1;2025-11-30;13;514.9;891.0;1194.4
1;2025-11-30;14;470.0;790.0;1073.0
1;2025-11-30;15;455.3;715.0;974.3
1;2025-11-30;16;416.5;658.0;924.2
1;2025-11-30;17;390.4;605.0;839.4
1;2025-11-30;18;356.9;550.0;767.9
1;2025-11-30;19;297.6;458.0;613.3
1;2025-11-30;20;223.6;353.0;485.6
1;2025-11-30;21;179.4;270.0;377.7
1;2025-11-30;22;68.0;107.0;155.4
1;2025-11-30;23;17.5;31.0;50.6
1;2025-12-01;0;0.0;5.0;9.8
1;2025-12-01;1;0.0;0.0;0.0
1;2025-12-01;2;0.0;0.0;0.0
1;2025-12-01;3;0.0;0.0;0.0
1;2025-12-01;4;0.0;9.0;20.4
1;2025-12-01;5;98.8;133.0;193.7
1;2025-12-01;6;424.0;550.0;712.1
1;2025-12-01;7;1190.9;1544.0;2189.1
1;2025-12-01;8;1480.0;1987.0;2801.2
1;2025-12-01;9;1140.8;1488.0;1906.5
1;2025-12-01;10;1011.0;1348.0;1726.4
1;2025-12-01;11;988.1;1354.0;1794.4
1;2025-12-01;12;984.0;1393.0;1836.2
1;2025-12-01;13;970.1;1436.0;1966.5
1;2025-12-01;14;952.1;1380.0;1936.0
1;2025-12-01;15;1016.3;1534.0;2185.2
1;2025-12-01;16;1083.9;1555.0;2177.8
1;2025-12-01;17;1346.8;1811.0;2469.1
1;2025-12-01;18;1446.5;1883.0;2519.0
1;2025-12-01;19;1090.1;1426.0;1896.9
1;2025-12-01;20;709.1;923.0;1190.0
1;2025-12-01;21;371.9;496.0;644.9
1;2025-12-01;22;160.8;232.0;319.1
1;2025-12-01;23;16.7;47.0;74.0
1;2025-12-02;0;0.0;5.0;9.8
1;2025-12-02;1;0.0;0.0;0.0
1;2025-12-02;2;0.0;0.0;0.0
1;2025-12-02;3;0.0;0.0;0.0
1;2025-12-02;4;0.0;9.0;20.4
1;2025-12-02;5;98.8;133.0;193.7
1;2025-12-02;6;424.0;550.0;712.1
1;2025-12-02;7;1190.9;1544.0;2189.1
1;2025-12-02;8;1480.0;1987.0;2801.2
1;2025-12-02;9;1140.8;1488.0;1906.5
1;2025-12-02;10;1011.0;1348.0;1726.4
1;2025-12-02;11;988.1;1354.0;1794.4
1;2025-12-02;12;984.0;1393.0;1836.2
1;2025-12-02;13;970.1;1436.0;1966.5
1;2025-12-02;14;952.1;1380.0;1936.0
1;2025-12-02;15;1016.3;1534.0;2185.2
1;2025-12-02;16;1083.9;1555.0;2177.8
1;2025-12-02;17;1346.8;1811.0;2469.1
1;2025-12-02;18;1446.5;1883.0;2519.0
1;2025-12-02;19;1090.1;1426.0;1896.9
1;2025-12-02;20;709.1;923.0;1190.0
1;2025-12-02;21;371.9;496.0;644.9
1;2025-12-02;22;160.8;232.0;319.1
1;2025-12-02;23;16.7;47.0;74.0
1;2025-12-03;0;0.0;5.0;9.8
1;2025-12-03;1;0.0;0.0;0.0
1;2025-12-03;2;0.0;0.0;0.0
1;2025-12-03;3;0.0;0.0;0.0
1;2025-12-03;4;0.0;9.0;20.4
1;2025-12-03;5;98.8;133.0;193.7
1;2025-12-03;6;424.0;550.0;712.1
1;2025-12-03;7;1190.9;1544.0;2189.1
1;2025-12-03;8;1480.0;1987.0;2801.2
1;2025-12-03;9;1140.8;1488.0;1906.5
1;2025-12-03;10;1011.0;1348.0;1726.4
1;2025-12-03;11;988.1;1354.0;1794.4
1;2025-12-03;12;984.0;1393.0;1836.2
1;2025-12-03;13;970.1;1436.0;1966.5
1;2025-12-03;14;952.1;1380.0;1936.0
1;2025-12-03;15;1016.3;1534.0;2185.2
1;2025-12-03;16;1083.9;1555.0;2177.8
1;2025-12-03;17;1346.8;1811.0;2469.1
1;2025-12-03;18;1446.5;1883.0;2519.0
1;2025-12-03;19;1090.1;1426.0;1896.9
1;2025-12-03;20;709.1;923.0;1190.0
1;2025-12-03;21;371.9;496.0;644.9
1;2025-12-03;22;160.8;232.0;319.1
1;2025-12-03;23;16.7;47.0;74.0
1;2025-12-04;0;0.0;5.0;9.8
1;2025-12-04;1;0.0;0.0;0.0
1;2025-12-04;2;0.0;0.0;0.0
1;2025-12-04;3;0.0;0.0;0.0
1;2025-12-04;4;0.0;9.0;20.4
1;2025-12-04;5;98.8;133.0;193.7
1;2025-12-04;6;424.0;550.0;712.1
1;2025-12-04;7;1190.9;1544.0;2189.1
1;2025-12-04;8;1480.0;1987.0;2801.2
1;2025-12-04;9;1140.8;1488.0;1906.5
1;2025-12-04;10;1011.0;1348.0;1726.4
1;2025-12-04;11;988.1;1354.0;1794.4
1;2025-12-04;12;984.0;1393.0;1836.2
1;2025-12-04;13;970.1;1436.0;1966.5
1;2025-12-04;14;952.1;1380.0;1936.0
1;2025-12-04;15;1016.3;1534.0;2185.2
1;2025-12-04;16;1083.9;1555.0;2177.8
1;2025-12-04;17;1346.8;1811.0;2469.1
1;2025-12-04;18;1446.5;1883.0;2519.0
1;2025-12-04;19;1090.1;1426.0;1896.9
1;2025-12-04;20;709.1;923.0;1190.0
1;2025-12-04;21;371.9;496.0;644.9
1;2025-12-04;22;160.8;232.0;319.1
1;2025-12-04;23;16.7;47.0;74.0
1;2025-12-05;0;0.0;5.0;8.9
1;2025-12-05;1;0.0;0.0;0.0
1;2025-12-05;2;0.0;0.0;0.0
1;2025-12-05;3;0.0;0.0;0.0
1;2025-12-05;4;0.0;7.0;16.4
1;2025-12-05;5;99.9;140.0;209.6
1;2025-12-05;6;350.7;520.0;671.2
1;2025-12-05;7;1104.2;1539.0;2222.2
1;2025-12-05;8;1353.8;1875.0;2652.5
1;2025-12-05;9;1037.1;1430.0;1808.3
1;2025-12-05;10;949.0;1321.0;1758.1
1;2025-12-05;11;946.3;1411.0;1801.6
1;2025-12-05;12;940.9;1380.0;1850.3
1;2025-12-05;13;966.6;1438.0;2082.2
1;2025-12-05;14;891.4;1363.0;1951.2
1;2025-12-05;15;1082.7;1548.0;2203.4
1;2025-12-05;16;1132.6;1628.0;2255.7
1;2025-12-05;17;1271.4;1789.0;2479.2
1;2025-12-05;18;1146.1;1560.0;2086.7
1;2025-12-05;19;927.7;1225.0;1646.8
1;2025-12-05;20;636.9;829.0;1093.7
1;2025-12-05;21;368.9;507.0;692.2
1;2025-12-05;22;152.7;239.0;342.3
1;2025-12-05;23;20.2;56.0;91.1
1;2025-12-06;0;0.0;6.0;11.6
1;2025-12-06;1;0.0;0.0;0.0
1;2025-12-06;2;0.0;0.0;0.0
1;2025-12-06;3;0.0;0.0;0.0
1;2025-12-06;4;0.0;1.0;2.7
1;2025-12-06;5;19.5;35.0;53.9
1;2025-12-06;6;109.7;176.0;249.8
1;2025-12-06;7;237.8;365.0;513.8
1;2025-12-06;8;310.0;491.0;711.6
1;2025-12-06;9;505.7;779.0;1058.0
1;2025-12-06;10;587.9;920.0;1267.9
1;2025-12-06;11;533.5;867.0;1247.7
1;2025-12-06;12;635.1;1068.0;1519.7
1;2025-12-06;13;639.8;1091.0;1594.8
1;2025-12-06;14;630.7;1026.0;1512.5
1;2025-12-06;15;541.9;889.0;1247.9
1;2025-12-06;16;508.4;807.0;1177.6
1;2025-12-06;17;475.7;747.0;1034.7
1;2025-12-06;18;438.4;674.0;962.9
1;2025-12-06;19;402.1;604.0;816.6
1;2025-12-06;20;301.7;450.0;637.7
1;2025-12-06;21;206.7;322.0;454.5
1;2025-12-06;22;88.4;149.0;222.9
1;2025-12-06;23;13.3;37.0;61.5
1;2025-12-07;0;0.0;0.0;0.0
1;2025-12-07;1;0.0;0.0;0.0
1;2025-12-07;2;0.0;0.0;0.0
1;2025-12-07;3;0.0;0.0;0.0
1;2025-12-07;4;0.0;0.0;0.0
1;2025-12-07;5;12.3;26.0;44.3
1;2025-12-07;6;87.1;130.0;190.3
1;2025-12-07;7;189.3;265.0;368.0
1;2025-12-07;8;258.8;366.0;478.1
1;2025-12-07;9;406.0;608.0;805.2
1;2025-12-07;10;436.8;709.0;917.6
1;2025-12-07;11;419.4;708.0;938.0
1;2025-12-07;12;505.2;845.0;1109.9
1;2025-12-07;13;514.9;891.0;1194.4
1;2025-12-07;14;470.0;790.0;1073.0
1;2025-12-07;15;455.3;715.0;974.3
1;2025-12-07;16;416.5;658.0;924.2
1;2025-12-07;17;390.4;605.0;839.4
1;2025-12-07;18;356.9;550.0;767.9
1;2025-12-07;19;297.6;458.0;613.3
1;2025-12-07;20;223.6;353.0;485.6
1;2025-12-07;21;179.4;270.0;377.7
1;2025-12-07;22;68.0;107.0;155.4
1;2025-12-07;23;17.5;31.0;50.6
1;2025-12-08;0;0.0;5.0;9.8
1;2025-12-08;1;0.0;0.0;0.0
1;2025-12-08;2;0.0;0.0;0.0
1;2025-12-08;3;0.0;0.0;0.0
1;2025-12-08;4;0.0;9.0;20.4
1;2025-12-08;5;98.8;133.0;193.7
1;2025-12-08;6;424.0;550.0;712.1
1;2025-12-08;7;1190.9;1544.0;2189.1
1;2025-12-08;8;1480.0;1987.0;2801.2
1;2025-12-08;9;1140.8;1488.0;1906.5
1;2025-12-08;10;1011.0;1348.0;1726.4
1;2025-12-08;11;988.1;1354.0;1794.4
1;2025-12-08;12;984.0;1393.0;1836.2
1;2025-12-08;13;970.1;1436.0;1966.5
1;2025-12-08;14;952.1;1380.0;1936.0
1;2025-12-08;15;1016.3;1534.0;2185.2
1;2025-12-08;16;1083.9;1555.0;2177.8
1;2025-12-08;17;1346.8;1811.0;2469.1
1;2025-12-08;18;1446.5;1883.0;2519.0
1;2025-12-08;19;1090.1;1426.0;1896.9
1;2025-12-08;20;709.1;923.0;1190.0
1;2025-12-08;21;371.9;496.0;644.9
1;2025-12-08;22;160.8;232.0;319.1
1;2025-12-08;23;16.7;47.0;74.0
1;2025-12-09;0;0.0;5.0;9.8
1;2025-12-09;1;0.0;0.0;0.0
1;2025-12-09;2;0.0;0.0;0.0
1;2025-12-09;3;0.0;0.0;0.0
1;2025-12-09;4;0.0;9.0;20.4
1;2025-12-09;5;98.8;133.0;193.7
1;2025-12-09;6;424.0;550.0;712.1
1;2025-12-09;7;1190.9;1544.0;2189.1
1;2025-12-09;8;1480.0;1987.0;2801.2
1;2025-12-09;9;1140.8;1488.0;1906.5
1;2025-12-09;10;1011.0;1348.0;1726.4
1;2025-12-09;11;988.1;1354.0;1794.4
1;2025-12-09;12;984.0;1393.0;1836.2
1;2025-12-09;13;970.1;1436.0;1966.5
1;2025-12-09;14;952.1;1380.0;1936.0
1;2025-12-09;15;1016.3;1534.0;2185.2
1;2025-12-09;16;1083.9;1555.0;2177.8
1;2025-12-09;17;1346.8;1811.0;2469.1
1;2025-12-09;18;1446.5;1883.0;2519.0
1;2025-12-09;19;1090.1;1426.0;1896.9
1;2025-12-09;20;709.1;923.0;1190.0
1;2025-12-09;21;371.9;496.0;644.9
1;2025-12-09;22;160.8;232.0;319.1
1;2025-12-09;23;16.7;47.0;74.0
1;2025-12-10;0;0.0;5.0;9.8
1;2025-12-10;1;0.0;0.0;0.0
1;2025-12-10;2;0.0;0.0;0.0
1;2025-12-10;3;0.0;0.0;0.0
1;2025-12-10;4;0.0;9.0;20.4
1;2025-12-10;5;98.8;133.0;193.7
1;2025-12-10;6;424.0;550.0;712.1
1;2025-12-10;7;1190.9;1544.0;2189.1
1;2025-12-10;8;1480.0;1987.0;2801.2
1;2025-12-10;9;1140.8;1488.0;1906.5
1;2025-12-10;10;1011.0;1348.0;1726.4
1;2025-12-10;11;988.1;1354.0;1794.4
1;2025-12-10;12;984.0;1393.0;1836.2
1;2025-12-10;13;970.1;1436.0;1966.5
1;2025-12-10;14;952.1;1380.0;1936.0
1;2025-12-10;15;1016.3;1534.0;2185.2
1;2025-12-10;16;1083.9;1555.0;2177.8
1;2025-12-10;17;1346.8;1811.0;2469.1
1;2025-12-10;18;1446.5;1883.0;2519.0
1;2025-12-10;19;1090.1;1426.0;1896.9
1;2025-12-10;20;709.1;923.0;1190.0
1;2025-12-10;21;371.9;496.0;644.9
1;2025-12-10;22;160.8;232.0;319.1
1;2025-12-10;23;16.7;47.0;74.0
1;2025-12-11;0;0.0;5.0;9.8
1;2025-12-11;1;0.0;0.0;0.0
1;2025-12-11;2;0.0;0.0;0.0
1;2025-12-11;3;0.0;0.0;0.0
1;2025-12-11;4;0.0;9.0;20.4
1;2025-12-11;5;98.8;133.0;193.7
1;2025-12-11;6;424.0;550.0;712.1
1;2025-12-11;7;1190.9;1544.0;2189.1
1;2025-12-11;8;1480.0;1987.0;2801.2
1;2025-12-11;9;1140.8;1488.0;1906.5
1;2025-12-11;10;1011.0;1348.0;1726.4
1;2025-12-11;11;988.1;1354.0;1794.4
1;2025-12-11;12;984.0;1393.0;1836.2
1;2025-12-11;13;970.1;1436.0;1966.5
1;2025-12-11;14;952.1;1380.0;1936.0
1;2025-12-11;15;1016.3;1534.0;2185.2
1;2025-12-11;16;1083.9;1555.0;2177.8
1;2025-12-11;17;1346.8;1811.0;2469.1
1;2025-12-11;18;1446.5;1883.0;2519.0
1;2025-12-11;19;1090.1;1426.0;1896.9
1;2025-12-11;20;709.1;923.0;1190.0
1;2025-12-11;21;371.9;496.0;644.9
1;2025-12-11;22;160.8;232.0;319.1
1;2025-12-11;23;16.7;47.0;74.0
1;2025-12-12;0;0.0;5.0;8.9
1;2025-12-12;1;0.0;0.0;0.0
1;2025-12-12;2;0.0;0.0;0.0
1;2025-12-12;3;0.0;0.0;0.0
1;2025-12-12;4;0.0;7.0;16.4
1;2025-12-12;5;99.9;140.0;209.6
1;2025-12-12;6;350.7;520.0;671.2
1;2025-12-12;7;1104.2;1539.0;2222.2
1;2025-12-12;8;1353.8;1875.0;2652.5
1;2025-12-12;9;1037.1;1430.0;1808.3
1;2025-12-12;10;949.0;1321.0;1758.1
1;2025-12-12;11;946.3;1411.0;1801.6
1;2025-12-12;12;940.9;1380.0;1850.3
1;2025-12-12;13;966.6;1438.0;2082.2
1;2025-12-12;14;891.4;1363.0;1951.2
1;2025-12-12;15;1082.7;1548.0;2203.4
1;2025-12-12;16;1132.6;1628.0;2255.7
1;2025-12-12;17;1271.4;1789.0;2479.2
1;2025-12-12;18;1146.1;1560.0;2086.7
1;2025-12-12;19;927.7;1225.0;1646.8
1;2025-12-12;20;636.9;829.0;1093.7
1;2025-12-12;21;368.9;507.0;692.2
1;2025-12-12;22;152.7;239.0;342.3
1;2025-12-12;23;20.2;56.0;91.1
1;2025-12-13;0;0.0;6.0;11.2
1;2025-12-13;1;0.0;0.0;0.0
1;2025-12-13;2;0.0;0.0;0.0
1;2025-12-13;3;0.0;0.0;0.0
1;2025-12-13;4;0.0;1.0;2.6
1;2025-12-13;5;17.9;35.0;54.5
1;2025-12-13;6;104.8;176.0;254.2
1;2025-12-13;7;234.7;365.0;517.4
1;2025-12-13;8;293.1;491.0;734.3
1;2025-12-13;9;465.6;779.0;1096.4
1;2025-12-13;10;545.0;920.0;1305.5
1;2025-12-13;11;512.4;867.0;1241.8
1;2025-12-13;12;582.0;1068.0;1565.1
1;2025-12-13;13;542.0;1091.0;1602.1
1;2025-12-13;14;615.3;1026.0;1542.9
1;2025-12-13;15;519.7;889.0;1302.0
1;2025-12-13;16;479.2;807.0;1189.3
1;2025-12-13;17;441.3;747.0;1034.5
1;2025-12-13;18;415.4;674.0;969.7
1;2025-12-13;19;401.9;604.0;829.0
1;2025-12-13;20;297.3;450.0;592.1
1;2025-12-13;21;209.8;322.0;451.0
1;2025-12-13;22;92.7;149.0;216.6
1;2025-12-13;23;12.5;37.0;59.8
1;2025-12-14;0;0.0;0.0;0.0
1;2025-12-14;1;0.0;0.0;0.0
1;2025-12-14;2;0.0;0.0;0.0
1;2025-12-14;3;0.0;0.0;0.0
1;2025-12-14;4;0.0;0.0;0.0
1;2025-12-14;5;12.2;26.0;45.1
1;2025-12-14;6;88.8;130.0;198.1
1;2025-12-14;7;182.9;265.0;348.3
1;2025-12-14;8;262.4;366.0;471.8
1;2025-12-14;9;399.2;608.0;821.3
1;2025-12-14;10;446.5;709.0;945.0
1;2025-12-14;11;403.2;708.0;959.2
1;2025-12-14;12;519.5;845.0;1141.1
1;2025-12-14;13;538.8;891.0;1203.3
1;2025-12-14;14;479.6;790.0;1109.0
1;2025-12-14;15;450.1;715.0;1005.0
1;2025-12-14;16;404.8;658.0;941.1
1;2025-12-14;17;384.9;605.0;859.4
1;2025-12-14;18;360.3;550.0;769.1
1;2025-12-14;19;291.9;458.0;618.0
1;2025-12-14;20;235.1;353.0;485.8
1;2025-12-14;21;188.0;270.0;387.4
1;2025-12-14;22;70.3;107.0;155.5
1;2025-12-14;23;16.8;31.0;50.2
1;2025-12-15;0;0.0;5.0;9.7
1;2025-12-15;1;0.0;0.0;0.0
1;2025-12-15;2;0.0;0.0;0.0
1;2025-12-15;3;0.0;0.0;0.0
1;2025-12-15;4;0.0;9.0;21.9
1;2025-12-15;5;98.7;133.0;196.0
1;2025-12-15;6;411.2;550.0;722.2
1;2025-12-15;7;1157.1;1544.0;2253.3
1;2025-12-15;8;1403.7;1987.0;2968.4
1;2025-12-15;9;1110.1;1488.0;1981.1
1;2025-12-15;10;987.8;1348.0;1811.8
1;2025-12-15;11;959.8;1354.0;1876.0
1;2025-12-15;12;954.5;1393.0;1913.7
1;2025-12-15;13;949.9;1436.0;2065.7
1;2025-12-15;14;911.5;1380.0;2042.1
1;2025-12-15;15;991.5;1534.0;2338.3
1;2025-12-15;16;1046.2;1555.0;2284.5
1;2025-12-15;17;1330.3;1811.0;2618.6
1;2025-12-15;18;1429.0;1883.0;2609.4
1;2025-12-15;19;1065.7;1426.0;1926.8
1;2025-12-15;20;710.8;923.0;1189.8
1;2025-12-15;21;366.7;496.0;665.9
1;2025-12-15;22;159.5;232.0;328.6
1;2025-12-15;23;15.6;47.0;74.6
1;2025-12-16;0;0.0;5.0;9.7
1;2025-12-16;1;0.0;0.0;0.0
1;2025-12-16;2;0.0;0.0;0.0
1;2025-12-16;3;0.0;0.0;0.0
1;2025-12-16;4;0.0;9.0;21.9
1;2025-12-16;5;98.7;133.0;196.0
1;2025-12-16;6;411.2;550.0;722.2
1;2025-12-16;7;1157.1;1544.0;2253.3
1;2025-12-16;8;1403.7;1987.0;2968.4
1;2025-12-16;9;1110.1;1488.0;1981.1
1;2025-12-16;10;987.8;1348.0;1811.8
1;2025-12-16;11;959.8;1354.0;1876.0
1;2025-12-16;12;954.5;1393.0;1913.7
1;2025-12-16;13;949.9;1436.0;2065.7
1;2025-12-16;14;911.5;1380.0;2042.1
1;2025-12-16;15;991.5;1534.0;2338.3
1;2025-12-16;16;1046.2;1555.0;2284.5
1;2025-12-16;17;1330.3;1811.0;2618.6
1;2025-12-16;18;1429.0;1883.0;2609.4
1;2025-12-16;19;1065.7;1426.0;1926.8
1;2025-12-16;20;710.8;923.0;1189.8
1;2025-12-16;21;366.7;496.0;665.9
1;2025-12-16;22;159.5;232.0;328.6
1;2025-12-16;23;15.6;47.0;74.6
1;2025-12-17;0;0.0;5.0;9.7
1;2025-12-17;1;0.0;0.0;0.0
1;2025-12-17;2;0.0;0.0;0.0
1;2025-12-17;3;0.0;0.0;0.0
1;2025-12-17;4;0.0;9.0;21.9
1;2025-12-17;5;98.7;133.0;196.0
1;2025-12-17;6;411.2;550.0;722.2
1;2025-12-17;7;1157.1;1544.0;2253.3
1;2025-12-17;8;1403.7;1987.0;2968.4
1;2025-12-17;9;1110.1;1488.0;1981.1
1;2025-12-17;10;987.8;1348.0;1811.8
1;2025-12-17;11;959.8;1354.0;1876.0
1;2025-12-17;12;954.5;1393.0;1913.7
1;2025-12-17;13;949.9;1436.0;2065.7
1;2025-12-17;14;911.5;1380.0;2042.1
1;2025-12-17;15;991.5;1534.0;2338.3
1;2025-12-17;16;1046.2;1555.0;2284.5
1;2025-12-17;17;1330.3;1811.0;2618.6
1;2025-12-17;18;1429.0;1883.0;2609.4
1;2025-12-17;19;1065.7;1426.0;1926.8
1;2025-12-17;20;710.8;923.0;1189.8
1;2025-12-17;21;366.7;496.0;665.9
1;2025-12-17;22;159.5;232.0;328.6
1;2025-12-17;23;15.6;47.0;74.6
1;2025-12-18;0;0.0;5.0;9.7
1;2025-12-18;1;0.0;0.0;0.0
1;2025-12-18;2;0.0;0.0;0.0
1;2025-12-18;3;0.0;0.0;0.0
1;2025-12-18;4;0.0;9.0;21.9
1;2025-12-18;5;98.7;133.0;196.0
1;2025-12-18;6;411.2;550.0;722.2
1;2025-12-18;7;1157.1;1544.0;2253.3
1;2025-12-18;8;1403.7;1987.0;2968.4
1;2025-12-18;9;1110.1;1488.0;1981.1
1;2025-12-18;10;987.8;1348.0;1811.8
1;2025-12-18;11;959.8;1354.0;1876.0
1;2025-12-18;12;954.5;1393.0;1913.7
1;2025-12-18;13;949.9;1436.0;2065.7
1;2025-12-18;14;911.5;1380.0;2042.1
1;2025-12-18;15;991.5;1534.0;2338.3
1;2025-12-18;16;1046.2;1555.0;2284.5
1;2025-12-18;17;1330.3;1811.0;2618.6
1;2025-12-18;18;1429.0;1883.0;2609.4
1;2025-12-18;19;1065.7;1426.0;1926.8
1;2025-12-18;20;710.8;923.0;1189.8
1;2025-12-18;21;366.7;496.0;665.9
1;2025-12-18;22;159.5;232.0;328.6
1;2025-12-18;23;15.6;47.0;74.6
1;2025-12-19;0;0.0;5.0;8.7
1;2025-12-19;1;0.0;0.0;0.0
1;2025-12-19;2;0.0;0.0;0.0
1;2025-12-19;3;0.0;0.0;0.0
1;2025-12-19;4;0.0;7.0;17.7
1;2025-12-19;5;100.1;140.0;216.1
1;2025-12-19;6;364.8;520.0;688.1
1;2025-12-19;7;1075.9;1539.0;2302.0
1;2025-12-19;8;1265.8;1875.0;2738.4
1;2025-12-19;9;978.4;1430.0;1872.9
1;2025-12-19;10;923.6;1321.0;1864.8
1;2025-12-19;11;976.9;1411.0;1940.8
1;2025-12-19;12;923.2;1380.0;2024.7
1;2025-12-19;13;931.8;1438.0;2174.3
1;2025-12-19;14;853.3;1363.0;1997.0
1;2025-12-19;15;1044.3;1548.0;2409.7
1;2025-12-19;16;1106.4;1628.0;2423.6
1;2025-12-19;17;1240.5;1789.0;2587.5
1;2025-12-19;18;1068.2;1560.0;2117.2
1;2025-12-19;19;887.3;1225.0;1627.0
1;2025-12-19;20;612.1;829.0;1073.0
1;2025-12-19;21;358.7;507.0;701.3
1;2025-12-19;22;156.3;239.0;346.6
1;2025-12-19;23;18.6;56.0;96.9
1;2025-12-20;0;0.0;6.0;11.2
1;2025-12-20;1;0.0;0.0;0.0
1;2025-12-20;2;0.0;0.0;0.0
1;2025-12-20;3;0.0;0.0;0.0
1;2025-12-20;4;0.0;1.0;2.6
1;2025-12-20;5;17.9;35.0;54.5
1;2025-12-20;6;104.8;176.0;254.2
1;2025-12-20;7;234.7;365.0;517.4
1;2025-12-20;8;293.1;491.0;734.3
1;2025-12-20;9;465.6;779.0;1096.4
1;2025-12-20;10;545.0;920.0;1305.5
1;2025-12-20;11;512.4;867.0;1241.8
1;2025-12-20;12;582.0;1068.0;1565.1
1;2025-12-20;13;542.0;1091.0;1602.1
1;2025-12-20;14;615.3;1026.0;1542.9
1;2025-12-20;15;519.7;889.0;1302.0
1;2025-12-20;16;479.2;807.0;1189.3
1;2025-12-20;17;441.3;747.0;1034.5
1;2025-12-20;18;415.4;674.0;969.7
1;2025-12-20;19;401.9;604.0;829.0
1;2025-12-20;20;297.3;450.0;592.1
1;2025-12-20;21;209.8;322.0;451.0
1;2025-12-20;22;92.7;149.0;216.6
1;2025-12-20;23;12.5;37.0;59.8
1;2025-12-21;0;0.0;0.0;0.0
1;2025-12-21;1;0.0;0.0;0.0
1;2025-12-21;2;0.0;0.0;0.0
1;2025-12-21;3;0.0;0.0;0.0
1;2025-12-21;4;0.0;0.0;0.0
1;2025-12-21;5;12.2;26.0;45.1
1;2025-12-21;6;88.8;130.0;198.1
1;2025-12-21;7;182.9;265.0;348.3
1;2025-12-21;8;262.4;366.0;471.8
1;2025-12-21;9;399.2;608.0;821.3
1;2025-12-21;10;446.5;709.0;945.0
1;2025-12-21;11;403.2;708.0;959.2
1;2025-12-21;12;519.5;845.0;1141.1
1;2025-12-21;13;538.8;891.0;1203.3
1;2025-12-21;14;479.6;790.0;1109.0
1;2025-12-21;15;450.1;715.0;1005.0
1;2025-12-21;16;404.8;658.0;941.1
1;2025-12-21;17;384.9;605.0;859.4
1;2025-12-21;18;360.3;550.0;769.1
1;2025-12-21;19;291.9;458.0;618.0
1;2025-12-21;20;235.1;353.0;485.8
1;2025-12-21;21;188.0;270.0;387.4
1;2025-12-21;22;70.3;107.0;155.5
1;2025-12-21;23;16.8;31.0;50.2
1;2025-12-22;0;0.0;5.0;9.7
1;2025-12-22;1;0.0;0.0;0.0
1;2025-12-22;2;0.0;0.0;0.0
1;2025-12-22;3;0.0;0.0;0.0
1;2025-12-22;4;0.0;9.0;21.9
1;2025-12-22;5;98.7;133.0;196.0
1;2025-12-22;6;411.2;550.0;722.2
1;2025-12-22;7;1157.1;1544.0;2253.3
1;2025-12-22;8;1403.7;1987.0;2968.4
1;2025-12-22;9;1110.1;1488.0;1981.1
1;2025-12-22;10;987.8;1348.0;1811.8
1;2025-12-22;11;959.8;1354.0;1876.0
1;2025-12-22;12;954.5;1393.0;1913.7
1;2025-12-22;13;949.9;1436.0;2065.7
1;2025-12-22;14;911.5;1380.0;2042.1
1;2025-12-22;15;991.5;1534.0;2338.3
1;2025-12-22;16;1046.2;1555.0;2284.5
1;2025-12-22;17;1330.3;1811.0;2618.6
1;2025-12-22;18;1429.0;1883.0;2609.4
1;2025-12-22;19;1065.7;1426.0;1926.8
1;2025-12-22;20;710.8;923.0;1189.8
1;2025-12-22;21;366.7;496.0;665.9
1;2025-12-22;22;159.5;232.0;328.6
1;2025-12-22;23;15.6;47.0;74.6
1;2025-12-23;0;0.0;5.0;9.7
1;2025-12-23;1;0.0;0.0;0.0
1;2025-12-23;2;0.0;0.0;0.0
1;2025-12-23;3;0.0;0.0;0.0
1;2025-12-23;4;0.0;9.0;21.9
1;2025-12-23;5;98.7;133.0;196.0
1;2025-12-23;6;411.2;550.0;722.2
1;2025-12-23;7;1157.1;1544.0;2253.3
1;2025-12-23;8;1403.7;1987.0;2968.4
1;2025-12-23;9;1110.1;1488.0;1981.1
1;2025-12-23;10;987.8;1348.0;1811.8
1;2025-12-23;11;959.8;1354.0;1876.0
1;2025-12-23;12;954.5;1393.0;1913.7
1;2025-12-23;13;949.9;1436.0;2065.7
1;2025-12-23;14;911.5;1380.0;2042.1
1;2025-12-23;15;991.5;1534.0;2338.3
1;2025-12-23;16;1046.2;1555.0;2284.5
1;2025-12-23;17;1330.3;1811.0;2618.6
1;2025-12-23;18;1429.0;1883.0;2609.4
1;2025-12-23;19;1065.7;1426.0;1926.8
1;2025-12-23;20;710.8;923.0;1189.8
1;2025-12-23;21;366.7;496.0;665.9
1;2025-12-23;22;159.5;232.0;328.6
1;2025-12-23;23;15.6;47.0;74.6
1;2025-12-24;0;0.0;5.0;9.7
1;2025-12-24;1;0.0;0.0;0.0
1;2025-12-24;2;0.0;0.0;0.0
1;2025-12-24;3;0.0;0.0;0.0
1;2025-12-24;4;0.0;9.0;21.9
1;2025-12-24;5;98.7;133.0;196.0
1;2025-12-24;6;411.2;550.0;722.2
1;2025-12-24;7;1157.1;1544.0;2253.3
1;2025-12-24;8;1403.7;1987.0;2968.4
1;2025-12-24;9;1110.1;1488.0;1981.1
1;2025-12-24;10;987.8;1348.0;1811.8
1;2025-12-24;11;959.8;1354.0;1876.0
1;2025-12-24;12;954.5;1393.0;1913.7
1;2025-12-24;13;949.9;1436.0;2065.7
1;2025-12-24;14;911.5;1380.0;2042.1
1;2025-12-24;15;991.5;1534.0;2338.3
1;2025-12-24;16;1046.2;1555.0;2284.5
1;2025-12-24;17;1330.3;1811.0;2618.6
1;2025-12-24;18;1429.0;1883.0;2609.4
1;2025-12-24;19;1065.7;1426.0;1926.8
1;2025-12-24;20;710.8;923.0;1189.8
1;2025-12-24;21;366.7;496.0;665.9
1;2025-12-24;22;159.5;232.0;328.6
1;2025-12-24;23;15.6;47.0;74.6
1;2025-12-25;0;0.0;5.0;9.7
1;2025-12-25;1;0.0;0.0;0.0
1;2025-12-25;2;0.0;0.0;0.0
1;2025-12-25;3;0.0;0.0;0.0
1;2025-12-25;4;0.0;9.0;21.9
1;2025-12-25;5;98.7;133.0;196.0
1;2025-12-25;6;411.2;550.0;722.2
1;2025-12-25;7;1157.1;1544.0;2253.3
1;2025-12-25;8;1403.7;1987.0;2968.4
1;2025-12-25;9;1110.1;1488.0;1981.1
1;2025-12-25;10;987.8;1348.0;1811.8
1;2025-12-25;11;959.8;1354.0;1876.0
1;2025-12-25;12;954.5;1393.0;1913.7
1;2025-12-25;13;949.9;1436.0;2065.7
1;2025-12-25;14;911.5;1380.0;2042.1
1;2025-12-25;15;991.5;1534.0;2338.3
1;2025-12-25;16;1046.2;1555.0;2284.5
1;2025-12-25;17;1330.3;1811.0;2618.6
1;2025-12-25;18;1429.0;1883.0;2609.4
1;2025-12-25;19;1065.7;1426.0;1926.8
1;2025-12-25;20;710.8;923.0;1189.8
1;2025-12-25;21;366.7;496.0;665.9
1;2025-12-25;22;159.5;232.0;328.6
1;2025-12-25;23;15.6;47.0;74.6
1;2025-12-26;0;0.0;5.0;8.7
1;2025-12-26;1;0.0;0.0;0.0
1;2025-12-26;2;0.0;0.0;0.0
1;2025-12-26;3;0.0;0.0;0.0
1;2025-12-26;4;0.0;7.0;17.7
1;2025-12-26;5;100.1;140.0;216.1
1;2025-12-26;6;364.8;520.0;688.1
1;2025-12-26;7;1075.9;1539.0;2302.0
1;2025-12-26;8;1265.8;1875.0;2738.4
1;2025-12-26;9;978.4;1430.0;1872.9
1;2025-12-26;10;923.6;1321.0;1864.8
1;2025-12-26;11;976.9;1411.0;1940.8
1;2025-12-26;12;923.2;1380.0;2024.7
1;2025-12-26;13;931.8;1438.0;2174.3
1;2025-12-26;14;853.3;1363.0;1997.0
1;2025-12-26;15;1044.3;1548.0;2409.7
1;2025-12-26;16;1106.4;1628.0;2423.6
1;2025-12-26;17;1240.5;1789.0;2587.5
1;2025-12-26;18;1068.2;1560.0;2117.2
1;2025-12-26;19;887.3;1225.0;1627.0
1;2025-12-26;20;612.1;829.0;1073.0
1;2025-12-26;21;358.7;507.0;701.3
1;2025-12-26;22;156.3;239.0;346.6
1;2025-12-26;23;18.6;56.0;96.9
1;2025-12-27;0;0.0;6.0;11.4
1;2025-12-27;1;0.0;0.0;0.0
1;2025-12-27;2;0.0;0.0;0.0
1;2025-12-27;3;0.0;0.0;0.0
1;2025-12-27;4;0.0;1.0;3.0
1;2025-12-27;5;18.7;35.0;53.2
1;2025-12-27;6;92.8;176.0;234.2
1;2025-12-27;7;223.7;365.0;474.1
1;2025-12-27;8;281.1;491.0;750.5
1;2025-12-27;9;464.4;779.0;1124.5
1;2025-12-27;10;482.9;920.0;1229.7
1;2025-12-27;11;409.2;867.0;1259.8
1;2025-12-27;12;498.7;1068.0;1696.6
1;2025-12-27;13;516.8;1091.0;1716.2
1;2025-12-27;14;595.6;1026.0;1756.1
1;2025-12-27;15;509.4;889.0;1380.9
1;2025-12-27;16;515.3;807.0;1356.5
1;2025-12-27;17;425.5;747.0;1080.4
1;2025-12-27;18;379.7;674.0;954.6
1;2025-12-27;19;376.2;604.0;789.5
1;2025-12-27;20;303.7;450.0;566.8
1;2025-12-27;21;234.0;322.0;450.2
1;2025-12-27;22;94.3;149.0;207.1
1;2025-12-27;23;10.6;37.0;57.2
1;2025-12-28;0;0.0;0.0;0.0
1;2025-12-28;1;0.0;0.0;0.0
1;2025-12-28;2;0.0;0.0;0.0
1;2025-12-28;3;0.0;0.0;0.0
1;2025-12-28;4;0.0;0.0;0.0
1;2025-12-28;5;11.0;26.0;48.2
1;2025-12-28;6;81.1;130.0;212.2
1;2025-12-28;7;187.3;265.0;384.5
1;2025-12-28;8;266.9;366.0;520.2
1;2025-12-28;9;399.9;608.0;911.7
1;2025-12-28;10;423.5;709.0;1031.3
1;2025-12-28;11;439.8;708.0;1102.0
1;2025-12-28;12;583.3;845.0;1271.8
1;2025-12-28;13;603.3;891.0;1380.0
1;2025-12-28;14;575.9;790.0;1215.4
1;2025-12-28;15;487.7;715.0;1150.4
1;2025-12-28;16;433.8;658.0;1069.2
1;2025-12-28;17;400.8;605.0;917.1
1;2025-12-28;18;360.2;550.0;792.9
1;2025-12-28;19;304.2;458.0;587.3
1;2025-12-28;20;230.6;353.0;524.7
1;2025-12-28;21;191.5;270.0;425.5
1;2025-12-28;22;68.2;107.0;180.4
1;2025-12-28;23;13.4;31.0;53.1
1;2025-12-29;0;0.0;5.0;10.0
1;2025-12-29;1;0.0;0.0;0.0
1;2025-12-29;2;0.0;0.0;0.0
1;2025-12-29;3;0.0;0.0;0.0
1;2025-12-29;4;0.0;8.0;21.1
1;2025-12-29;5;70.2;117.0;175.5
1;2025-12-29;6;289.8;483.0;724.5
1;2025-12-29;7;814.8;1358.0;2057.1
1;2025-12-29;8;1048.8;1748.0;2730.2
1;2025-12-29;9;786.0;1310.0;1965.0
1;2025-12-29;10;711.6;1186.0;1779.0
1;2025-12-29;11;714.6;1191.0;1786.5
1;2025-12-29;12;735.0;1225.0;1837.5
1;2025-12-29;13;757.8;1263.0;1894.5
1;2025-12-29;14;729.0;1215.0;1861.7
1;2025-12-29;15;810.0;1350.0;2140.3
1;2025-12-29;16;820.8;1368.0;2090.0
1;2025-12-29;17;957.0;1595.0;2423.2
1;2025-12-29;18;994.8;1658.0;2487.0
1;2025-12-29;19;752.4;1254.0;1881.0
1;2025-12-29;20;487.2;812.0;1218.0
1;2025-12-29;21;261.6;436.0;654.0
1;2025-12-29;22;122.4;204.0;306.0
1;2025-12-29;23;13.6;41.0;67.1
1;2025-12-30;0;0.0;5.0;10.0
1;2025-12-30;1;0.0;0.0;0.0
1;2025-12-30;2;0.0;0.0;0.0
1;2025-12-30;3;0.0;0.0;0.0
1;2025-12-30;4;0.0;8.0;21.1
1;2025-12-30;5;70.2;117.0;175.5
1;2025-12-30;6;289.8;483.0;724.5
1;2025-12-30;7;814.8;1358.0;2057.1
1;2025-12-30;8;1048.8;1748.0;2730.2
1;2025-12-30;9;786.0;1310.0;1965.0
1;2025-12-30;10;711.6;1186.0;1779.0
1;2025-12-30;11;714.6;1191.0;1786.5
1;2025-12-30;12;735.0;1225.0;1837.5
1;2025-12-30;13;757.8;1263.0;1894.5
1;2025-12-30;14;729.0;1215.0;1861.7
1;2025-12-30;15;810.0;1350.0;2140.3
1;2025-12-30;16;820.8;1368.0;2090.0
1;2025-12-30;17;957.0;1595.0;2423.2
1;2025-12-30;18;994.8;1658.0;2487.0
1;2025-12-30;19;752.4;1254.0;1881.0
1;2025-12-30;20;487.2;812.0;1218.0
1;2025-12-30;21;261.6;436.0;654.0
1;2025-12-30;22;122.4;204.0;306.0
1;2025-12-30;23;13.6;41.0;67.1
1;2025-12-31;0;0.0;3.0;5.7
1;2025-12-31;1;0.0;0.0;0.0
1;2025-12-31;2;0.0;0.0;0.0
1;2025-12-31;3;0.0;0.0;0.0
1;2025-12-31;4;0.0;0.0;0.0
1;2025-12-31;5;14.8;35.0;64.9
1;2025-12-31;6;92.4;154.0;251.4
1;2025-12-31;7;189.0;315.0;472.5
1;2025-12-31;8;269.4;449.0;673.5
1;2025-12-31;9;397.2;662.0;993.0
1;2025-12-31;10;507.7;850.0;1275.0
1;2025-12-31;11;472.2;787.0;1225.0
1;2025-12-31;12;591.0;985.0;1482.6
1;2025-12-31;13;627.0;1045.0;1618.5
1;2025-12-31;14;553.8;923.0;1420.0
1;2025-12-31;15;487.8;813.0;1308.1
1;2025-12-31;16;415.2;692.0;1124.4
1;2025-12-31;17;407.4;679.0;1029.3
1;2025-12-31;18;375.6;626.0;939.0
1;2025-12-31;19;309.6;516.0;774.0
1;2025-12-31;20;0.0;0.0;0.0
1;2025-12-31;21;0.0;0.0;0.0
1;2025-12-31;22;0.0;0.0;0.0
1;2025-12-31;23;0.0;0.0;0.0
5;2025-11-01;0;0.0;0.0;0.0
5;2025-11-01;1;0.0;0.0;0.0
5;2025-11-01;2;0.0;0.0;0.0
5;2025-11-01;3;0.0;0.0;0.0
5;2025-11-01;4;0.0;0.0;0.0
5;2025-11-01;5;0.0;0.0;0.0
5;2025-11-01;6;0.0;0.0;0.0
5;2025-11-01;7;0.0;0.0;0.0
5;2025-11-01;8;0.0;0.0;0.0
5;2025-11-01;9;0.0;0.0;0.0
5;2025-11-01;10;0.0;0.0;0.0
5;2025-11-01;11;0.0;0.0;0.0
5;2025-11-01;12;0.0;0.0;0.0
5;2025-11-01;13;0.0;0.0;0.0
5;2025-11-01;14;0.0;0.0;0.0
5;2025-11-01;15;0.0;0.0;0.0
5;2025-11-01;16;0.0;0.0;0.0
5;2025-11-01;17;0.0;0.0;0.0
5;2025-11-01;18;0.0;0.0;0.0
5;2025-11-01;19;0.0;0.0;0.0
5;2025-11-01;20;0.0;0.0;0.0
5;2025-11-01;21;0.0;0.0;0.0
5;2025-11-01;22;0.0;0.0;0.0
5;2025-11-01;23;0.0;0.0;0.0
5;2025-11-02;0;0.0;0.0;0.0
5;2025-11-02;1;0.0;0.0;0.0
5;2025-11-02;2;0.0;0.0;0.0
5;2025-11-02;3;0.0;0.0;0.0
5;2025-11-02;4;0.0;0.0;0.0
5;2025-11-02;5;0.0;0.0;0.0
5;2025-11-02;6;0.0;0.0;0.0
5;2025-11-02;7;0.0;0.0;0.0
5;2025-11-02;8;0.0;0.0;0.0
5;2025-11-02;9;0.0;0.0;0.0
5;2025-11-02;10;0.0;0.0;0.0
5;2025-11-02;11;0.0;0.0;0.0
5;2025-11-02;12;0.0;0.0;0.0
5;2025-11-02;13;0.0;0.0;0.0
5;2025-11-02;14;0.0;0.0;0.0
5;2025-11-02;15;0.0;0.0;0.0
5;2025-11-02;16;0.0;0.0;0.0
5;2025-11-02;17;0.0;0.0;0.0
5;2025-11-02;18;0.0;0.0;0.0
5;2025-11-02;19;0.0;0.0;0.0
5;2025-11-02;20;0.0;0.0;0.0
5;2025-11-02;21;0.0;0.0;0.0
5;2025-11-02;22;0.0;0.0;0.0
5;2025-11-02;23;0.0;0.0;0.0
5;2025-11-03;0;0.0;0.0;0.0
5;2025-11-03;1;0.0;0.0;0.0
5;2025-11-03;2;0.0;0.0;0.0
5;2025-11-03;3;0.0;0.0;0.0
5;2025-11-03;4;0.0;0.0;0.0
5;2025-11-03;5;0.0;0.0;0.0
5;2025-11-03;6;0.0;0.0;0.0
5;2025-11-03;7;0.0;0.0;0.0
5;2025-11-03;8;0.0;0.0;0.0
5;2025-11-03;9;0.0;0.0;0.0
5;2025-11-03;10;0.0;0.0;0.0
5;2025-11-03;11;0.0;0.0;0.0
5;2025-11-03;12;0.0;0.0;0.0
5;2025-11-03;13;0.0;0.0;0.0
5;2025-11-03;14;0.0;0.0;0.0
5;2025-11-03;15;0.0;0.0;0.0
5;2025-11-03;16;0.0;0.0;0.0
5;2025-11-03;17;0.0;0.0;0.0
5;2025-11-03;18;0.0;0.0;0.0
5;2025-11-03;19;0.0;0.0;0.0
5;2025-11-03;20;0.0;0.0;0.0
5;2025-11-03;21;0.0;0.0;0.0
5;2025-11-03;22;0.0;0.0;0.0
5;2025-11-03;23;0.0;0.0;0.0
5;2025-11-04;0;0.0;0.0;0.0
5;2025-11-04;1;0.0;0.0;0.0
5;2025-11-04;2;0.0;0.0;0.0
5;2025-11-04;3;0.0;0.0;0.0
5;2025-11-04;4;0.0;0.0;0.0
5;2025-11-04;5;0.0;0.0;0.0
5;2025-11-04;6;0.0;0.0;0.0
5;2025-11-04;7;0.0;0.0;0.0
5;2025-11-04;8;0.0;0.0;0.0
5;2025-11-04;9;0.0;0.0;0.0
5;2025-11-04;10;0.0;0.0;0.0
5;2025-11-04;11;0.0;0.0;0.0
5;2025-11-04;12;0.0;0.0;0.0
5;2025-11-04;13;0.0;0.0;0.0
5;2025-11-04;14;0.0;0.0;0.0
5;2025-11-04;15;0.0;0.0;0.0
5;2025-11-04;16;0.0;0.0;0.0
5;2025-11-04;17;0.0;0.0;0.0
5;2025-11-04;18;0.0;0.0;0.0
5;2025-11-04;19;0.0;0.0;0.0
5;2025-11-04;20;0.0;0.0;0.0
5;2025-11-04;21;0.0;0.0;0.0
5;2025-11-04;22;0.0;0.0;0.0
5;2025-11-04;23;0.0;0.0;0.0
5;2025-11-05;0;0.0;0.0;0.0
5;2025-11-05;1;0.0;0.0;0.0
5;2025-11-05;2;0.0;0.0;0.0
5;2025-11-05;3;0.0;0.0;0.0
5;2025-11-05;4;0.0;0.0;0.0
5;2025-11-05;5;0.0;0.0;0.0
5;2025-11-05;6;0.0;0.0;0.0
5;2025-11-05;7;0.0;0.0;0.0
5;2025-11-05;8;0.0;0.0;0.0
5;2025-11-05;9;0.0;0.0;0.0
5;2025-11-05;10;0.0;0.0;0.0
5;2025-11-05;11;0.0;0.0;0.0
5;2025-11-05;12;0.0;0.0;0.0
5;2025-11-05;13;0.0;0.0;0.0
5;2025-11-05;14;0.0;0.0;0.0
5;2025-11-05;15;0.0;0.0;0.0
5;2025-11-05;16;0.0;0.0;0.0
5;2025-11-05;17;0.0;0.0;0.0
5;2025-11-05;18;0.0;0.0;0.0
5;2025-11-05;19;0.0;0.0;0.0
5;2025-11-05;20;0.0;0.0;0.0
5;2025-11-05;21;0.0;0.0;0.0
5;2025-11-05;22;0.0;0.0;0.0
5;2025-11-05;23;0.0;0.0;0.0
5;2025-11-06;0;0.0;0.0;0.0
5;2025-11-06;1;0.0;0.0;0.0
5;2025-11-06;2;0.0;0.0;0.0
5;2025-11-06;3;0.0;0.0;0.0
5;2025-11-06;4;0.0;0.0;0.0
5;2025-11-06;5;0.0;0.0;0.0
5;2025-11-06;6;0.0;0.0;0.0
5;2025-11-06;7;0.0;0.0;0.0
5;2025-11-06;8;0.0;0.0;0.0
5;2025-11-06;9;0.0;0.0;0.0
5;2025-11-06;10;0.0;0.0;0.0
5;2025-11-06;11;0.0;0.0;0.0
5;2025-11-06;12;0.0;0.0;0.0
5;2025-11-06;13;0.0;0.0;0.0
5;2025-11-06;14;0.0;0.0;0.0
5;2025-11-06;15;0.0;0.0;0.0
5;2025-11-06;16;0.0;0.0;0.0
5;2025-11-06;17;0.0;0.0;0.0
5;2025-11-06;18;0.0;0.0;0.0
5;2025-11-06;19;0.0;0.0;0.0
5;2025-11-06;20;0.0;0.0;0.0
5;2025-11-06;21;0.0;0.0;0.0
5;2025-11-06;22;0.0;0.0;0.0
5;2025-11-06;23;0.0;0.0;0.0
5;2025-11-07;0;0.0;0.0;0.0
5;2025-11-07;1;0.0;0.0;0.0
5;2025-11-07;2;0.0;0.0;0.0
5;2025-11-07;3;0.0;0.0;0.0
5;2025-11-07;4;0.0;0.0;0.0
5;2025-11-07;5;0.0;0.0;0.0
5;2025-11-07;6;0.0;0.0;0.0
5;2025-11-07;7;0.0;0.0;0.0
5;2025-11-07;8;0.0;0.0;0.0
5;2025-11-07;9;0.0;0.0;0.0
5;2025-11-07;10;0.0;0.0;0.0
5;2025-11-07;11;0.0;0.0;0.0
5;2025-11-07;12;0.0;0.0;0.0
5;2025-11-07;13;0.0;0.0;0.0
5;2025-11-07;14;0.0;0.0;0.0
5;2025-11-07;15;0.0;0.0;0.0
5;2025-11-07;16;0.0;0.0;0.0
5;2025-11-07;17;0.0;0.0;0.0
5;2025-11-07;18;0.0;0.0;0.0
5;2025-11-07;19;0.0;0.0;0.0
5;2025-11-07;20;0.0;0.0;0.0
5;2025-11-07;21;0.0;0.0;0.0
5;2025-11-07;22;0.0;0.0;0.0
5;2025-11-07;23;0.0;0.0;0.0
5;2025-11-08;0;0.0;0.0;0.0
5;2025-11-08;1;0.0;0.0;0.0
5;2025-11-08;2;0.0;0.0;0.0
5;2025-11-08;3;0.0;0.0;0.0
5;2025-11-08;4;0.0;0.0;0.0
5;2025-11-08;5;0.0;0.0;0.0
5;2025-11-08;6;0.0;0.0;0.0
5;2025-11-08;7;0.0;0.0;0.0
5;2025-11-08;8;0.0;0.0;0.0
5;2025-11-08;9;0.0;0.0;0.0
5;2025-11-08;10;0.0;0.0;0.0
5;2025-11-08;11;0.0;0.0;0.0
5;2025-11-08;12;0.0;0.0;0.0
5;2025-11-08;13;0.0;0.0;0.0
5;2025-11-08;14;0.0;0.0;0.0
5;2025-11-08;15;0.0;0.0;0.0
5;2025-11-08;16;0.0;0.0;0.0
5;2025-11-08;17;0.0;0.0;0.0
5;2025-11-08;18;0.0;0.0;0.0
5;2025-11-08;19;0.0;0.0;0.0
5;2025-11-08;20;0.0;0.0;0.0
5;2025-11-08;21;0.0;0.0;0.0
5;2025-11-08;22;0.0;0.0;0.0
5;2025-11-08;23;0.0;0.0;0.0
5;2025-11-09;0;0.0;0.0;0.0
5;2025-11-09;1;0.0;0.0;0.0
5;2025-11-09;2;0.0;0.0;0.0
5;2025-11-09;3;0.0;0.0;0.0
5;2025-11-09;4;0.0;0.0;0.0
5;2025-11-09;5;0.0;0.0;0.0
5;2025-11-09;6;0.0;0.0;0.0
5;2025-11-09;7;0.0;0.0;0.0
5;2025-11-09;8;0.0;0.0;0.0
5;2025-11-09;9;0.0;0.0;0.0
5;2025-11-09;10;0.0;0.0;0.0
5;2025-11-09;11;0.0;0.0;0.0
5;2025-11-09;12;0.0;0.0;0.0
5;2025-11-09;13;0.0;0.0;0.0
5;2025-11-09;14;0.0;0.0;0.0
5;2025-11-09;15;0.0;0.0;0.0
5;2025-11-09;16;0.0;0.0;0.0
5;2025-11-09;17;0.0;0.0;0.0
5;2025-11-09;18;0.0;0.0;0.0
5;2025-11-09;19;0.0;0.0;0.0
5;2025-11-09;20;0.0;0.0;0.0
5;2025-11-09;21;0.0;0.0;0.0
5;2025-11-09;22;0.0;0.0;0.0
5;2025-11-09;23;0.0;0.0;0.0
5;2025-11-10;0;0.0;0.0;0.0
5;2025-11-10;1;0.0;0.0;0.0
5;2025-11-10;2;0.0;0.0;0.0
5;2025-11-10;3;0.0;0.0;0.0
5;2025-11-10;4;0.0;0.0;0.0
5;2025-11-10;5;0.0;0.0;0.0
5;2025-11-10;6;0.0;0.0;0.0
5;2025-11-10;7;0.0;0.0;0.0
5;2025-11-10;8;0.0;0.0;0.0
5;2025-11-10;9;0.0;0.0;0.0
5;2025-11-10;10;0.0;0.0;0.0
5;2025-11-10;11;0.0;0.0;0.0
5;2025-11-10;12;0.0;0.0;0.0
5;2025-11-10;13;0.0;0.0;0.0
5;2025-11-10;14;0.0;0.0;0.0
5;2025-11-10;15;0.0;0.0;0.0
5;2025-11-10;16;0.0;0.0;0.0
5;2025-11-10;17;0.0;0.0;0.0
5;2025-11-10;18;0.0;0.0;0.0
5;2025-11-10;19;0.0;0.0;0.0
5;2025-11-10;20;0.0;0.0;0.0
5;2025-11-10;21;0.0;0.0;0.0
5;2025-11-10;22;0.0;0.0;0.0
5;2025-11-10;23;0.0;0.0;0.0
5;2025-11-11;0;0.0;0.0;0.0
5;2025-11-11;1;0.0;0.0;0.0
5;2025-11-11;2;0.0;0.0;0.0
5;2025-11-11;3;0.0;0.0;0.0
5;2025-11-11;4;0.0;0.0;0.0
5;2025-11-11;5;0.0;0.0;0.0
5;2025-11-11;6;0.0;0.0;0.0
5;2025-11-11;7;0.0;0.0;0.0
5;2025-11-11;8;0.0;0.0;0.0
5;2025-11-11;9;0.0;0.0;0.0
5;2025-11-11;10;0.0;0.0;0.0
5;2025-11-11;11;0.0;0.0;0.0
5;2025-11-11;12;0.0;0.0;0.0
5;2025-11-11;13;0.0;0.0;0.0
5;2025-11-11;14;0.0;0.0;0.0
5;2025-11-11;15;0.0;0.0;0.0
5;2025-11-11;16;0.0;0.0;0.0
5;2025-11-11;17;0.0;0.0;0.0
5;2025-11-11;18;0.0;0.0;0.0
5;2025-11-11;19;0.0;0.0;0.0
5;2025-11-11;20;0.0;0.0;0.0
5;2025-11-11;21;0.0;0.0;0.0
5;2025-11-11;22;0.0;0.0;0.0
5;2025-11-11;23;0.0;0.0;0.0
5;2025-11-12;0;0.0;0.0;0.0
5;2025-11-12;1;0.0;0.0;0.0
5;2025-11-12;2;0.0;0.0;0.0
5;2025-11-12;3;0.0;0.0;0.0
5;2025-11-12;4;0.0;0.0;0.0
5;2025-11-12;5;0.0;0.0;0.0
5;2025-11-12;6;0.0;0.0;0.0
5;2025-11-12;7;0.0;0.0;0.0
5;2025-11-12;8;0.0;0.0;0.0
5;2025-11-12;9;0.0;0.0;0.0
5;2025-11-12;10;0.0;0.0;0.0
5;2025-11-12;11;0.0;0.0;0.0
5;2025-11-12;12;0.0;0.0;0.0
5;2025-11-12;13;0.0;0.0;0.0
5;2025-11-12;14;0.0;0.0;0.0
5;2025-11-12;15;0.0;0.0;0.0
5;2025-11-12;16;0.0;0.0;0.0
5;2025-11-12;17;0.0;0.0;0.0
5;2025-11-12;18;0.0;0.0;0.0
5;2025-11-12;19;0.0;0.0;0.0
5;2025-11-12;20;0.0;0.0;0.0
5;2025-11-12;21;0.0;0.0;0.0
5;2025-11-12;22;0.0;0.0;0.0
5;2025-11-12;23;0.0;0.0;0.0
5;2025-11-13;0;0.0;0.0;0.0
5;2025-11-13;1;0.0;0.0;0.0
5;2025-11-13;2;0.0;0.0;0.0
5;2025-11-13;3;0.0;0.0;0.0
5;2025-11-13;4;0.0;0.0;0.0
5;2025-11-13;5;0.0;0.0;0.0
5;2025-11-13;6;0.0;0.0;0.0
5;2025-11-13;7;0.0;0.0;0.0
5;2025-11-13;8;0.0;0.0;0.0
5;2025-11-13;9;0.0;0.0;0.0
5;2025-11-13;10;0.0;0.0;0.0
5;2025-11-13;11;0.0;0.0;0.0
5;2025-11-13;12;0.0;0.0;0.0
5;2025-11-13;13;0.0;0.0;0.0
5;2025-11-13;14;0.0;0.0;0.0
5;2025-11-13;15;0.0;0.0;0.0
5;2025-11-13;16;0.0;0.0;0.0
5;2025-11-13;17;0.0;0.0;0.0
5;2025-11-13;18;0.0;0.0;0.0
5;2025-11-13;19;0.0;0.0;0.0
5;2025-11-13;20;0.0;0.0;0.0
5;2025-11-13;21;0.0;0.0;0.0
5;2025-11-13;22;0.0;0.0;0.0
5;2025-11-13;23;0.0;0.0;0.0
5;2025-11-14;0;0.0;0.0;0.0
5;2025-11-14;1;0.0;0.0;0.0
5;2025-11-14;2;0.0;0.0;0.0
5;2025-11-14;3;0.0;0.0;0.0
5;2025-11-14;4;0.0;0.0;0.0
5;2025-11-14;5;0.0;0.0;0.0
5;2025-11-14;6;0.0;0.0;0.0
5;2025-11-14;7;0.0;0.0;0.0
5;2025-11-14;8;0.0;0.0;0.0
5;2025-11-14;9;0.0;0.0;0.0
5;2025-11-14;10;0.0;0.0;0.0
5;2025-11-14;11;0.0;0.0;0.0
5;2025-11-14;12;0.0;0.0;0.0
5;2025-11-14;13;0.0;0.0;0.0
5;2025-11-14;14;0.0;0.0;0.0
5;2025-11-14;15;0.0;0.0;0.0
5;2025-11-14;16;0.0;0.0;0.0
5;2025-11-14;17;0.0;0.0;0.0
5;2025-11-14;18;0.0;0.0;0.0
5;2025-11-14;19;0.0;0.0;0.0
5;2025-11-14;20;0.0;0.0;0.0
5;2025-11-14;21;0.0;0.0;0.0
5;2025-11-14;22;0.0;0.0;0.0
5;2025-11-14;23;0.0;0.0;0.0
5;2025-11-15;0;0.0;0.0;0.0
5;2025-11-15;1;0.0;0.0;0.0
5;2025-11-15;2;0.0;0.0;0.0
5;2025-11-15;3;0.0;0.0;0.0
5;2025-11-15;4;0.0;0.0;0.0
5;2025-11-15;5;0.0;0.0;0.0
5;2025-11-15;6;0.0;0.0;0.0
5;2025-11-15;7;0.0;0.0;0.0
5;2025-11-15;8;0.0;0.0;0.0
5;2025-11-15;9;0.0;0.0;0.0
5;2025-11-15;10;0.0;0.0;0.0
5;2025-11-15;11;0.0;0.0;0.0
5;2025-11-15;12;0.0;0.0;0.0
5;2025-11-15;13;0.0;0.0;0.0
5;2025-11-15;14;0.0;0.0;0.0
5;2025-11-15;15;0.0;0.0;0.0
5;2025-11-15;16;0.0;0.0;0.0
5;2025-11-15;17;0.0;0.0;0.0
5;2025-11-15;18;0.0;0.0;0.0
5;2025-11-15;19;0.0;0.0;0.0
5;2025-11-15;20;0.0;0.0;0.0
5;2025-11-15;21;0.0;0.0;0.0
5;2025-11-15;22;0.0;0.0;0.0
5;2025-11-15;23;0.0;0.0;0.0
5;2025-11-16;0;0.0;0.0;0.0
5;2025-11-16;1;0.0;0.0;0.0
5;2025-11-16;2;0.0;0.0;0.0
5;2025-11-16;3;0.0;0.0;0.0
5;2025-11-16;4;0.0;0.0;0.0
5;2025-11-16;5;0.0;0.0;0.0
5;2025-11-16;6;0.0;0.0;0.0
5;2025-11-16;7;0.0;0.0;0.0
5;2025-11-16;8;0.0;0.0;0.0
5;2025-11-16;9;0.0;0.0;0.0
5;2025-11-16;10;0.0;0.0;0.0
5;2025-11-16;11;0.0;0.0;0.0
5;2025-11-16;12;0.0;0.0;0.0
5;2025-11-16;13;0.0;0.0;0.0
5;2025-11-16;14;0.0;0.0;0.0
5;2025-11-16;15;0.0;0.0;0.0
5;2025-11-16;16;0.0;0.0;0.0
5;2025-11-16;17;0.0;0.0;0.0
5;2025-11-16;18;0.0;0.0;0.0
5;2025-11-16;19;0.0;0.0;0.0
5;2025-11-16;20;0.0;0.0;0.0
5;2025-11-16;21;0.0;0.0;0.0
5;2025-11-16;22;0.0;0.0;0.0
5;2025-11-16;23;0.0;0.0;0.0
5;2025-11-17;0;0.0;0.0;0.0
5;2025-11-17;1;0.0;0.0;0.0
5;2025-11-17;2;0.0;0.0;0.0
5;2025-11-17;3;0.0;0.0;0.0
5;2025-11-17;4;0.0;0.0;0.0
5;2025-11-17;5;0.0;0.0;0.0
5;2025-11-17;6;0.0;0.0;0.0
5;2025-11-17;7;0.0;0.0;0.0
5;2025-11-17;8;0.0;0.0;0.0
5;2025-11-17;9;0.0;0.0;0.0
5;2025-11-17;10;0.0;0.0;0.0
5;2025-11-17;11;0.0;0.0;0.0
5;2025-11-17;12;0.0;0.0;0.0
5;2025-11-17;13;0.0;0.0;0.0
5;2025-11-17;14;0.0;0.0;0.0
5;2025-11-17;15;0.0;0.0;0.0
5;2025-11-17;16;0.0;0.0;0.0
5;2025-11-17;17;0.0;0.0;0.0
5;2025-11-17;18;0.0;0.0;0.0
5;2025-11-17;19;0.0;0.0;0.0
5;2025-11-17;20;0.0;0.0;0.0
5;2025-11-17;21;0.0;0.0;0.0
5;2025-11-17;22;0.0;0.0;0.0
5;2025-11-17;23;0.0;0.0;0.0
5;2025-11-18;0;0.0;0.0;0.0
5;2025-11-18;1;0.0;0.0;0.0
5;2025-11-18;2;0.0;0.0;0.0
5;2025-11-18;3;0.0;0.0;0.0
5;2025-11-18;4;0.0;0.0;0.0
5;2025-11-18;5;0.0;0.0;0.0
5;2025-11-18;6;0.0;0.0;0.0
5;2025-11-18;7;0.0;0.0;0.0
5;2025-11-18;8;0.0;0.0;0.0
5;2025-11-18;9;0.0;0.0;0.0
5;2025-11-18;10;0.0;0.0;0.0
5;2025-11-18;11;0.0;0.0;0.0
5;2025-11-18;12;0.0;0.0;0.0
5;2025-11-18;13;0.0;0.0;0.0
5;2025-11-18;14;0.0;0.0;0.0
5;2025-11-18;15;0.0;0.0;0.0
5;2025-11-18;16;0.0;0.0;0.0
5;2025-11-18;17;0.0;0.0;0.0
5;2025-11-18;18;0.0;0.0;0.0
5;2025-11-18;19;0.0;0.0;0.0
5;2025-11-18;20;0.0;0.0;0.0
5;2025-11-18;21;0.0;0.0;0.0
5;2025-11-18;22;0.0;0.0;0.0
5;2025-11-18;23;0.0;0.0;0.0
5;2025-11-19;0;0.0;0.0;0.0
5;2025-11-19;1;0.0;0.0;0.0
5;2025-11-19;2;0.0;0.0;0.0
5;2025-11-19;3;0.0;0.0;0.0
5;2025-11-19;4;0.0;0.0;0.0
5;2025-11-19;5;0.0;0.0;0.0
5;2025-11-19;6;0.0;0.0;0.0
5;2025-11-19;7;0.0;0.0;0.0
5;2025-11-19;8;0.0;0.0;0.0
5;2025-11-19;9;0.0;0.0;0.0
5;2025-11-19;10;0.0;0.0;0.0
5;2025-11-19;11;0.0;0.0;0.0
5;2025-11-19;12;0.0;0.0;0.0
5;2025-11-19;13;0.0;0.0;0.0
5;2025-11-19;14;0.0;0.0;0.0
5;2025-11-19;15;0.0;0.0;0.0
5;2025-11-19;16;0.0;0.0;0.0
5;2025-11-19;17;0.0;0.0;0.0
5;2025-11-19;18;0.0;0.0;0.0
5;2025-11-19;19;0.0;0.0;0.0
5;2025-11-19;20;0.0;0.0;0.0
5;2025-11-19;21;0.0;0.0;0.0
5;2025-11-19;22;0.0;0.0;0.0
5;2025-11-19;23;0.0;0.0;0.0
5;2025-11-20;0;0.0;0.0;0.0
5;2025-11-20;1;0.0;0.0;0.0
5;2025-11-20;2;0.0;0.0;0.0
5;2025-11-20;3;0.0;0.0;0.0
5;2025-11-20;4;0.0;0.0;0.0
5;2025-11-20;5;0.0;0.0;0.0
5;2025-11-20;6;0.0;0.0;0.0
5;2025-11-20;7;0.0;0.0;0.0
5;2025-11-20;8;0.0;0.0;0.0
5;2025-11-20;9;0.0;0.0;0.0
5;2025-11-20;10;0.0;0.0;0.0
5;2025-11-20;11;0.0;0.0;0.0
5;2025-11-20;12;0.0;0.0;0.0
5;2025-11-20;13;0.0;0.0;0.0
5;2025-11-20;14;0.0;0.0;0.0
5;2025-11-20;15;0.0;0.0;0.0
5;2025-11-20;16;0.0;0.0;0.0
5;2025-11-20;17;0.0;0.0;0.0
5;2025-11-20;18;0.0;0.0;0.0
5;2025-11-20;19;0.0;0.0;0.0
5;2025-11-20;20;0.0;0.0;0.0
5;2025-11-20;21;0.0;0.0;0.0
5;2025-11-20;22;0.0;0.0;0.0
5;2025-11-20;23;0.0;0.0;0.0
5;2025-11-21;0;0.0;0.0;0.0
5;2025-11-21;1;0.0;0.0;0.0
5;2025-11-21;2;0.0;0.0;0.0
5;2025-11-21;3;0.0;0.0;0.0
5;2025-11-21;4;0.0;0.0;0.0
5;2025-11-21;5;0.0;0.0;0.0
5;2025-11-21;6;0.0;0.0;0.0
5;2025-11-21;7;0.0;0.0;0.0
5;2025-11-21;8;0.0;0.0;0.0
5;2025-11-21;9;0.0;0.0;0.0
5;2025-11-21;10;0.0;0.0;0.0
5;2025-11-21;11;0.0;0.0;0.0
5;2025-11-21;12;0.0;0.0;0.0
5;2025-11-21;13;0.0;0.0;0.0
5;2025-11-21;14;0.0;0.0;0.0
5;2025-11-21;15;0.0;0.0;0.0
5;2025-11-21;16;0.0;0.0;0.0
5;2025-11-21;17;0.0;0.0;0.0
5;2025-11-21;18;0.0;0.0;0.0
5;2025-11-21;19;0.0;0.0;0.0
5;2025-11-21;20;0.0;0.0;0.0
5;2025-11-21;21;0.0;0.0;0.0
5;2025-11-21;22;0.0;0.0;0.0
5;2025-11-21;23;0.0;0.0;0.0
5;2025-11-22;0;0.0;0.0;0.0
5;2025-11-22;1;0.0;0.0;0.0
5;2025-11-22;2;0.0;0.0;0.0
5;2025-11-22;3;0.0;0.0;0.0
5;2025-11-22;4;0.0;0.0;0.0
5;2025-11-22;5;0.0;0.0;0.0
5;2025-11-22;6;0.0;0.0;0.0
5;2025-11-22;7;0.0;0.0;0.0
5;2025-11-22;8;0.0;0.0;0.0
5;2025-11-22;9;0.0;0.0;0.0
5;2025-11-22;10;0.0;0.0;0.0
5;2025-11-22;11;0.0;0.0;0.0
5;2025-11-22;12;0.0;0.0;0.0
5;2025-11-22;13;0.0;0.0;0.0
5;2025-11-22;14;0.0;0.0;0.0
5;2025-11-22;15;0.0;0.0;0.0
5;2025-11-22;16;0.0;0.0;0.0
5;2025-11-22;17;0.0;0.0;0.0
5;2025-11-22;18;0.0;0.0;0.0
5;2025-11-22;19;0.0;0.0;0.0
5;2025-11-22;20;0.0;0.0;0.0
5;2025-11-22;21;0.0;0.0;0.0
5;2025-11-22;22;0.0;0.0;0.0
5;2025-11-22;23;0.0;0.0;0.0
5;2025-11-23;0;0.0;0.0;0.0
5;2025-11-23;1;0.0;0.0;0.0
5;2025-11-23;2;0.0;0.0;0.0
5;2025-11-23;3;0.0;0.0;0.0
5;2025-11-23;4;0.0;0.0;0.0
5;2025-11-23;5;0.0;0.0;0.0
5;2025-11-23;6;0.0;0.0;0.0
5;2025-11-23;7;0.0;0.0;0.0
5;2025-11-23;8;0.0;0.0;0.0
5;2025-11-23;9;0.0;0.0;0.0
5;2025-11-23;10;0.0;0.0;0.0
5;2025-11-23;11;0.0;0.0;0.0
5;2025-11-23;12;0.0;0.0;0.0
5;2025-11-23;13;0.0;0.0;0.0
5;2025-11-23;14;0.0;0.0;0.0
5;2025-11-23;15;0.0;0.0;0.0
5;2025-11-23;16;0.0;0.0;0.0
5;2025-11-23;17;0.0;0.0;0.0
5;2025-11-23;18;0.0;0.0;0.0
5;2025-11-23;19;0.0;0.0;0.0
5;2025-11-23;20;0.0;0.0;0.0
5;2025-11-23;21;0.0;0.0;0.0
5;2025-11-23;22;0.0;0.0;0.0
5;2025-11-23;23;0.0;0.0;0.0
5;2025-11-24;0;0.0;0.0;0.0
5;2025-11-24;1;0.0;0.0;0.0
5;2025-11-24;2;0.0;0.0;0.0
5;2025-11-24;3;0.0;0.0;0.0
5;2025-11-24;4;0.0;0.0;0.0
5;2025-11-24;5;0.0;0.0;0.0
5;2025-11-24;6;0.0;0.0;0.0
5;2025-11-24;7;0.0;0.0;0.0
5;2025-11-24;8;0.0;0.0;0.0
5;2025-11-24;9;0.0;0.0;0.0
5;2025-11-24;10;0.0;0.0;0.0
5;2025-11-24;11;0.0;0.0;0.0
5;2025-11-24;12;0.0;0.0;0.0
5;2025-11-24;13;0.0;0.0;0.0
5;2025-11-24;14;0.0;0.0;0.0
5;2025-11-24;15;0.0;0.0;0.0
5;2025-11-24;16;0.0;0.0;0.0
5;2025-11-24;17;0.0;0.0;0.0
5;2025-11-24;18;0.0;0.0;0.0
5;2025-11-24;19;0.0;0.0;0.0
5;2025-11-24;20;0.0;0.0;0.0
5;2025-11-24;21;0.0;0.0;0.0
5;2025-11-24;22;0.0;0.0;0.0
5;2025-11-24;23;0.0;0.0;0.0
5;2025-11-25;0;0.0;0.0;0.0
5;2025-11-25;1;0.0;0.0;0.0
5;2025-11-25;2;0.0;0.0;0.0
5;2025-11-25;3;0.0;0.0;0.0
5;2025-11-25;4;0.0;0.0;0.0
5;2025-11-25;5;0.0;0.0;0.0
5;2025-11-25;6;0.0;0.0;0.0
5;2025-11-25;7;0.0;0.0;0.0
5;2025-11-25;8;0.0;0.0;0.0
5;2025-11-25;9;0.0;0.0;0.0
5;2025-11-25;10;0.0;0.0;0.0
5;2025-11-25;11;0.0;0.0;0.0
5;2025-11-25;12;0.0;0.0;0.0
5;2025-11-25;13;0.0;0.0;0.0
5;2025-11-25;14;0.0;0.0;0.0
5;2025-11-25;15;0.0;0.0;0.0
5;2025-11-25;16;0.0;0.0;0.0
5;2025-11-25;17;0.0;0.0;0.0
5;2025-11-25;18;0.0;0.0;0.0
5;2025-11-25;19;0.0;0.0;0.0
5;2025-11-25;20;0.0;0.0;0.0
5;2025-11-25;21;0.0;0.0;0.0
5;2025-11-25;22;0.0;0.0;0.0
5;2025-11-25;23;0.0;0.0;0.0
5;2025-11-26;0;0.0;0.0;0.0
5;2025-11-26;1;0.0;0.0;0.0
5;2025-11-26;2;0.0;0.0;0.0
5;2025-11-26;3;0.0;0.0;0.0
5;2025-11-26;4;0.0;0.0;0.0
5;2025-11-26;5;0.0;0.0;0.0
5;2025-11-26;6;0.0;0.0;0.0
5;2025-11-26;7;0.0;0.0;0.0
5;2025-11-26;8;0.0;0.0;0.0
5;2025-11-26;9;0.0;0.0;0.0
5;2025-11-26;10;0.0;0.0;0.0
5;2025-11-26;11;0.0;0.0;0.0
5;2025-11-26;12;0.0;0.0;0.0
5;2025-11-26;13;0.0;0.0;0.0
5;2025-11-26;14;0.0;0.0;0.0
5;2025-11-26;15;0.0;0.0;0.0
5;2025-11-26;16;0.0;0.0;0.0
5;2025-11-26;17;0.0;0.0;0.0
5;2025-11-26;18;0.0;0.0;0.0
5;2025-11-26;19;0.0;0.0;0.0
5;2025-11-26;20;0.0;0.0;0.0
5;2025-11-26;21;0.0;0.0;0.0
5;2025-11-26;22;0.0;0.0;0.0
5;2025-11-26;23;0.0;0.0;0.0
5;2025-11-27;0;0.0;0.0;0.0
5;2025-11-27;1;0.0;0.0;0.0
5;2025-11-27;2;0.0;0.0;0.0
5;2025-11-27;3;0.0;0.0;0.0
5;2025-11-27;4;0.0;0.0;0.0
5;2025-11-27;5;0.0;0.0;0.0
5;2025-11-27;6;0.0;0.0;0.0
5;2025-11-27;7;0.0;0.0;0.0
5;2025-11-27;8;0.0;0.0;0.0
5;2025-11-27;9;0.0;0.0;0.0
5;2025-11-27;10;0.0;0.0;0.0
5;2025-11-27;11;0.0;0.0;0.0
5;2025-11-27;12;0.0;0.0;0.0
5;2025-11-27;13;0.0;0.0;0.0
5;2025-11-27;14;0.0;0.0;0.0
5;2025-11-27;15;0.0;0.0;0.0
5;2025-11-27;16;0.0;0.0;0.0
5;2025-11-27;17;0.0;0.0;0.0
5;2025-11-27;18;0.0;0.0;0.0
5;2025-11-27;19;0.0;0.0;0.0
5;2025-11-27;20;0.0;0.0;0.0
5;2025-11-27;21;0.0;0.0;0.0
5;2025-11-27;22;0.0;0.0;0.0
5;2025-11-27;23;0.0;0.0;0.0
5;2025-11-28;0;0.0;0.0;0.0
5;2025-11-28;1;0.0;0.0;0.0
5;2025-11-28;2;0.0;0.0;0.0
5;2025-11-28;3;0.0;0.0;0.0
5;2025-11-28;4;0.0;0.0;0.0
5;2025-11-28;5;0.0;0.0;0.0
5;2025-11-28;6;0.0;0.0;0.0
5;2025-11-28;7;0.0;0.0;0.0
5;2025-11-28;8;0.0;0.0;0.0
5;2025-11-28;9;0.0;0.0;0.0
5;2025-11-28;10;0.0;0.0;0.0
5;2025-11-28;11;0.0;0.0;0.0
5;2025-11-28;12;0.0;0.0;0.0
5;2025-11-28;13;0.0;0.0;0.0
5;2025-11-28;14;0.0;0.0;0.0
5;2025-11-28;15;0.0;0.0;0.0
5;2025-11-28;16;0.0;0.0;0.0
5;2025-11-28;17;0.0;0.0;0.0
5;2025-11-28;18;0.0;0.0;0.0
5;2025-11-28;19;0.0;0.0;0.0
5;2025-11-28;20;0.0;0.0;0.0
5;2025-11-28;21;0.0;0.0;0.0
5;2025-11-28;22;0.0;0.0;0.0
5;2025-11-28;23;0.0;0.0;0.0
5;2025-11-29;0;0.0;0.0;0.0
5;2025-11-29;1;0.0;0.0;0.0
5;2025-11-29;2;0.0;0.0;0.0
5;2025-11-29;3;0.0;0.0;0.0
5;2025-11-29;4;0.0;0.0;0.0
5;2025-11-29;5;0.0;0.0;0.0
5;2025-11-29;6;0.0;0.0;0.0
5;2025-11-29;7;0.0;0.0;0.0
5;2025-11-29;8;0.0;0.0;0.0
5;2025-11-29;9;0.0;0.0;0.0
5;2025-11-29;10;0.0;0.0;0.0
5;2025-11-29;11;0.0;0.0;0.0
5;2025-11-29;12;0.0;0.0;0.0
5;2025-11-29;13;0.0;0.0;0.0
5;2025-11-29;14;0.0;0.0;0.0
5;2025-11-29;15;0.0;0.0;0.0
5;2025-11-29;16;0.0;0.0;0.0
5;2025-11-29;17;0.0;0.0;0.0
5;2025-11-29;18;0.0;0.0;0.0
5;2025-11-29;19;0.0;0.0;0.0
5;2025-11-29;20;0.0;0.0;0.0
5;2025-11-29;21;0.0;0.0;0.0
5;2025-11-29;22;0.0;0.0;0.0
5;2025-11-29;23;0.0;0.0;0.0
5;2025-11-30;0;0.0;0.0;0.0
5;2025-11-30;1;0.0;0.0;0.0
5;2025-11-30;2;0.0;0.0;0.0
5;2025-11-30;3;0.0;0.0;0.0
5;2025-11-30;4;0.0;0.0;0.0
5;2025-11-30;5;0.0;0.0;0.0
5;2025-11-30;6;0.0;0.0;0.0
5;2025-11-30;7;0.0;0.0;0.0
5;2025-11-30;8;0.0;0.0;0.0
5;2025-11-30;9;0.0;0.0;0.0
5;2025-11-30;10;0.0;0.0;0.0
5;2025-11-30;11;0.0;0.0;0.0
5;2025-11-30;12;0.0;0.0;0.0
5;2025-11-30;13;0.0;0.0;0.0
5;2025-11-30;14;0.0;0.0;0.0
5;2025-11-30;15;0.0;0.0;0.0
5;2025-11-30;16;0.0;0.0;0.0
5;2025-11-30;17;0.0;0.0;0.0
5;2025-11-30;18;0.0;0.0;0.0
5;2025-11-30;19;0.0;0.0;0.0
5;2025-11-30;20;0.0;0.0;0.0
5;2025-11-30;21;0.0;0.0;0.0
5;2025-11-30;22;0.0;0.0;0.0
5;2025-11-30;23;0.0;0.0;0.0
5;2025-12-01;0;0.0;0.0;0.0
5;2025-12-01;1;0.0;0.0;0.0
5;2025-12-01;2;0.0;0.0;0.0
5;2025-12-01;3;0.0;0.0;0.0
5;2025-12-01;4;0.0;0.0;0.0
5;2025-12-01;5;0.0;0.0;0.0
5;2025-12-01;6;0.0;0.0;0.0
5;2025-12-01;7;0.0;0.0;0.0
5;2025-12-01;8;0.0;0.0;0.0
5;2025-12-01;9;0.0;0.0;0.0
5;2025-12-01;10;0.0;0.0;0.0
5;2025-12-01;11;0.0;0.0;0.0
5;2025-12-01;12;0.0;0.0;0.0
5;2025-12-01;13;0.0;0.0;0.0
5;2025-12-01;14;0.0;0.0;0.0
5;2025-12-01;15;0.0;0.0;0.0
5;2025-12-01;16;0.0;0.0;0.0
5;2025-12-01;17;0.0;0.0;0.0
5;2025-12-01;18;0.0;0.0;0.0
5;2025-12-01;19;0.0;0.0;0.0
5;2025-12-01;20;0.0;0.0;0.0
5;2025-12-01;21;0.0;0.0;0.0
5;2025-12-01;22;0.0;0.0;0.0
5;2025-12-01;23;0.0;0.0;0.0
5;2025-12-02;0;0.0;0.0;0.0
5;2025-12-02;1;0.0;0.0;0.0
5;2025-12-02;2;0.0;0.0;0.0
5;2025-12-02;3;0.0;0.0;0.0
5;2025-12-02;4;0.0;0.0;0.0
5;2025-12-02;5;0.0;0.0;0.0
5;2025-12-02;6;0.0;0.0;0.0
5;2025-12-02;7;0.0;0.0;0.0
5;2025-12-02;8;0.0;0.0;0.0
5;2025-12-02;9;0.0;0.0;0.0
5;2025-12-02;10;0.0;0.0;0.0
5;2025-12-02;11;0.0;0.0;0.0
5;2025-12-02;12;0.0;0.0;0.0
5;2025-12-02;13;0.0;0.0;0.0
5;2025-12-02;14;0.0;0.0;0.0
5;2025-12-02;15;0.0;0.0;0.0
5;2025-12-02;16;0.0;0.0;0.0
5;2025-12-02;17;0.0;0.0;0.0
5;2025-12-02;18;0.0;0.0;0.0
5;2025-12-02;19;0.0;0.0;0.0
5;2025-12-02;20;0.0;0.0;0.0
5;2025-12-02;21;0.0;0.0;0.0
5;2025-12-02;22;0.0;0.0;0.0
5;2025-12-02;23;0.0;0.0;0.0
5;2025-12-03;0;0.0;0.0;0.0
5;2025-12-03;1;0.0;0.0;0.0
5;2025-12-03;2;0.0;0.0;0.0
5;2025-12-03;3;0.0;0.0;0.0
5;2025-12-03;4;0.0;0.0;0.0
5;2025-12-03;5;0.0;0.0;0.0
5;2025-12-03;6;0.0;0.0;0.0
5;2025-12-03;7;0.0;0.0;0.0
5;2025-12-03;8;0.0;0.0;0.0
5;2025-12-03;9;0.0;0.0;0.0
5;2025-12-03;10;0.0;0.0;0.0
5;2025-12-03;11;0.0;0.0;0.0
5;2025-12-03;12;0.0;0.0;0.0
5;2025-12-03;13;0.0;0.0;0.0
5;2025-12-03;14;0.0;0.0;0.0
5;2025-12-03;15;0.0;0.0;0.0
5;2025-12-03;16;0.0;0.0;0.0
5;2025-12-03;17;0.0;0.0;0.0
5;2025-12-03;18;0.0;0.0;0.0
5;2025-12-03;19;0.0;0.0;0.0
5;2025-12-03;20;0.0;0.0;0.0
5;2025-12-03;21;0.0;0.0;0.0
5;2025-12-03;22;0.0;0.0;0.0
5;2025-12-03;23;0.0;0.0;0.0
5;2025-12-04;0;0.0;0.0;0.0
5;2025-12-04;1;0.0;0.0;0.0
5;2025-12-04;2;0.0;0.0;0.0
5;2025-12-04;3;0.0;0.0;0.0
5;2025-12-04;4;0.0;0.0;0.0
5;2025-12-04;5;0.0;0.0;0.0
5;2025-12-04;6;0.0;0.0;0.0
5;2025-12-04;7;0.0;0.0;0.0
5;2025-12-04;8;0.0;0.0;0.0
5;2025-12-04;9;0.0;0.0;0.0
5;2025-12-04;10;0.0;0.0;0.0
5;2025-12-04;11;0.0;0.0;0.0
5;2025-12-04;12;0.0;0.0;0.0
5;2025-12-04;13;0.0;0.0;0.0
5;2025-12-04;14;0.0;0.0;0.0
5;2025-12-04;15;0.0;0.0;0.0
5;2025-12-04;16;0.0;0.0;0.0
5;2025-12-04;17;0.0;0.0;0.0
5;2025-12-04;18;0.0;0.0;0.0
5;2025-12-04;19;0.0;0.0;0.0
5;2025-12-04;20;0.0;0.0;0.0
5;2025-12-04;21;0.0;0.0;0.0
5;2025-12-04;22;0.0;0.0;0.0
5;2025-12-04;23;0.0;0.0;0.0
5;2025-12-05;0;0.0;0.0;0.0
5;2025-12-05;1;0.0;0.0;0.0
5;2025-12-05;2;0.0;0.0;0.0
5;2025-12-05;3;0.0;0.0;0.0
5;2025-12-05;4;0.0;0.0;0.0
5;2025-12-05;5;0.0;0.0;0.0
5;2025-12-05;6;0.0;0.0;0.0
5;2025-12-05;7;0.0;0.0;0.0
5;2025-12-05;8;0.0;0.0;0.0
5;2025-12-05;9;0.0;0.0;0.0
5;2025-12-05;10;0.0;0.0;0.0
5;2025-12-05;11;0.0;0.0;0.0
5;2025-12-05;12;0.0;0.0;0.0
5;2025-12-05;13;0.0;0.0;0.0
5;2025-12-05;14;0.0;0.0;0.0
5;2025-12-05;15;0.0;0.0;0.0
5;2025-12-05;16;0.0;0.0;0.0
5;2025-12-05;17;0.0;0.0;0.0
5;2025-12-05;18;0.0;0.0;0.0
5;2025-12-05;19;0.0;0.0;0.0
5;2025-12-05;20;0.0;0.0;0.0
5;2025-12-05;21;0.0;0.0;0.0
5;2025-12-05;22;0.0;0.0;0.0
5;2025-12-05;23;0.0;0.0;0.0
5;2025-12-06;0;0.0;0.0;0.0
5;2025-12-06;1;0.0;0.0;0.0
5;2025-12-06;2;0.0;0.0;0.0
5;2025-12-06;3;0.0;0.0;0.0
5;2025-12-06;4;0.0;0.0;0.0
5;2025-12-06;5;0.0;0.0;0.0
5;2025-12-06;6;0.0;0.0;0.0
5;2025-12-06;7;0.0;0.0;0.0
5;2025-12-06;8;0.0;0.0;0.0
5;2025-12-06;9;0.0;0.0;0.0
5;2025-12-06;10;0.0;0.0;0.0
5;2025-12-06;11;0.0;0.0;0.0
5;2025-12-06;12;0.0;0.0;0.0
5;2025-12-06;13;0.0;0.0;0.0
5;2025-12-06;14;0.0;0.0;0.0
5;2025-12-06;15;0.0;0.0;0.0
5;2025-12-06;16;0.0;0.0;0.0
5;2025-12-06;17;0.0;0.0;0.0
5;2025-12-06;18;0.0;0.0;0.0
5;2025-12-06;19;0.0;0.0;0.0
5;2025-12-06;20;0.0;0.0;0.0
5;2025-12-06;21;0.0;0.0;0.0
5;2025-12-06;22;0.0;0.0;0.0
5;2025-12-06;23;0.0;0.0;0.0
5;2025-12-07;0;0.0;0.0;0.0
5;2025-12-07;1;0.0;0.0;0.0
5;2025-12-07;2;0.0;0.0;0.0
5;2025-12-07;3;0.0;0.0;0.0
5;2025-12-07;4;0.0;0.0;0.0
5;2025-12-07;5;0.0;0.0;0.0
5;2025-12-07;6;0.0;0.0;0.0
5;2025-12-07;7;0.0;0.0;0.0
5;2025-12-07;8;0.0;0.0;0.0
5;2025-12-07;9;0.0;0.0;0.0
5;2025-12-07;10;0.0;0.0;0.0
5;2025-12-07;11;0.0;0.0;0.0
5;2025-12-07;12;0.0;0.0;0.0
5;2025-12-07;13;0.0;0.0;0.0
5;2025-12-07;14;0.0;0.0;0.0
5;2025-12-07;15;0.0;0.0;0.0
5;2025-12-07;16;0.0;0.0;0.0
5;2025-12-07;17;0.0;0.0;0.0
5;2025-12-07;18;0.0;0.0;0.0
5;2025-12-07;19;0.0;0.0;0.0
5;2025-12-07;20;0.0;0.0;0.0
5;2025-12-07;21;0.0;0.0;0.0
5;2025-12-07;22;0.0;0.0;0.0
5;2025-12-07;23;0.0;0.0;0.0
5;2025-12-08;0;0.0;0.0;0.0
5;2025-12-08;1;0.0;0.0;0.0
5;2025-12-08;2;0.0;0.0;0.0
5;2025-12-08;3;0.0;0.0;0.0
5;2025-12-08;4;0.0;0.0;0.0
5;2025-12-08;5;0.0;0.0;0.0
5;2025-12-08;6;0.0;0.0;0.0
5;2025-12-08;7;0.0;0.0;0.0
5;2025-12-08;8;0.0;0.0;0.0
5;2025-12-08;9;0.0;0.0;0.0
5;2025-12-08;10;0.0;0.0;0.0
5;2025-12-08;11;0.0;0.0;0.0
5;2025-12-08;12;0.0;0.0;0.0
5;2025-12-08;13;0.0;0.0;0.0
5;2025-12-08;14;0.0;0.0;0.0
5;2025-12-08;15;0.0;0.0;0.0
5;2025-12-08;16;0.0;0.0;0.0
5;2025-12-08;17;0.0;0.0;0.0
5;2025-12-08;18;0.0;0.0;0.0
5;2025-12-08;19;0.0;0.0;0.0
5;2025-12-08;20;0.0;0.0;0.0
5;2025-12-08;21;0.0;0.0;0.0
5;2025-12-08;22;0.0;0.0;0.0
5;2025-12-08;23;0.0;0.0;0.0
5;2025-12-09;0;0.0;0.0;0.0
5;2025-12-09;1;0.0;0.0;0.0
5;2025-12-09;2;0.0;0.0;0.0
5;2025-12-09;3;0.0;0.0;0.0
5;2025-12-09;4;0.0;0.0;0.0
5;2025-12-09;5;0.0;0.0;0.0
5;2025-12-09;6;0.0;0.0;0.0
5;2025-12-09;7;0.0;0.0;0.0
5;2025-12-09;8;0.0;0.0;0.0
5;2025-12-09;9;0.0;0.0;0.0
5;2025-12-09;10;0.0;0.0;0.0
5;2025-12-09;11;0.0;0.0;0.0
5;2025-12-09;12;0.0;0.0;0.0
5;2025-12-09;13;0.0;0.0;0.0
5;2025-12-09;14;0.0;0.0;0.0
5;2025-12-09;15;0.0;0.0;0.0
5;2025-12-09;16;0.0;0.0;0.0
5;2025-12-09;17;0.0;0.0;0.0
5;2025-12-09;18;0.0;0.0;0.0
5;2025-12-09;19;0.0;0.0;0.0
5;2025-12-09;20;0.0;0.0;0.0
5;2025-12-09;21;0.0;0.0;0.0
5;2025-12-09;22;0.0;0.0;0.0
5;2025-12-09;23;0.0;0.0;0.0
5;2025-12-10;0;0.0;0.0;0.0
5;2025-12-10;1;0.0;0.0;0.0
5;2025-12-10;2;0.0;0.0;0.0
5;2025-12-10;3;0.0;0.0;0.0
5;2025-12-10;4;0.0;0.0;0.0
5;2025-12-10;5;0.0;0.0;0.0
5;2025-12-10;6;0.0;0.0;0.0
5;2025-12-10;7;0.0;0.0;0.0
5;2025-12-10;8;0.0;0.0;0.0
5;2025-12-10;9;0.0;0.0;0.0
5;2025-12-10;10;0.0;0.0;0.0
5;2025-12-10;11;0.0;0.0;0.0
5;2025-12-10;12;0.0;0.0;0.0
5;2025-12-10;13;0.0;0.0;0.0
5;2025-12-10;14;0.0;0.0;0.0
5;2025-12-10;15;0.0;0.0;0.0
5;2025-12-10;16;0.0;0.0;0.0
5;2025-12-10;17;0.0;0.0;0.0
5;2025-12-10;18;0.0;0.0;0.0
5;2025-12-10;19;0.0;0.0;0.0
5;2025-12-10;20;0.0;0.0;0.0
5;2025-12-10;21;0.0;0.0;0.0
5;2025-12-10;22;0.0;0.0;0.0
5;2025-12-10;23;0.0;0.0;0.0
5;2025-12-11;0;0.0;0.0;0.0
5;2025-12-11;1;0.0;0.0;0.0
5;2025-12-11;2;0.0;0.0;0.0
5;2025-12-11;3;0.0;0.0;0.0
5;2025-12-11;4;0.0;0.0;0.0
5;2025-12-11;5;0.0;0.0;0.0
5;2025-12-11;6;0.0;0.0;0.0
5;2025-12-11;7;0.0;0.0;0.0
5;2025-12-11;8;0.0;0.0;0.0
5;2025-12-11;9;0.0;0.0;0.0
5;2025-12-11;10;0.0;0.0;0.0
5;2025-12-11;11;0.0;0.0;0.0
5;2025-12-11;12;0.0;0.0;0.0
5;2025-12-11;13;0.0;0.0;0.0
5;2025-12-11;14;0.0;0.0;0.0
5;2025-12-11;15;0.0;0.0;0.0
5;2025-12-11;16;0.0;0.0;0.0
5;2025-12-11;17;0.0;0.0;0.0
5;2025-12-11;18;0.0;0.0;0.0
5;2025-12-11;19;0.0;0.0;0.0
5;2025-12-11;20;0.0;0.0;0.0
5;2025-12-11;21;0.0;0.0;0.0
5;2025-12-11;22;0.0;0.0;0.0
5;2025-12-11;23;0.0;0.0;0.0
5;2025-12-12;0;0.0;0.0;0.0
5;2025-12-12;1;0.0;0.0;0.0
5;2025-12-12;2;0.0;0.0;0.0
5;2025-12-12;3;0.0;0.0;0.0
5;2025-12-12;4;0.0;0.0;0.0
5;2025-12-12;5;0.0;0.0;0.0
5;2025-12-12;6;0.0;0.0;0.0
5;2025-12-12;7;0.0;0.0;0.0
5;2025-12-12;8;0.0;0.0;0.0
5;2025-12-12;9;0.0;0.0;0.0
5;2025-12-12;10;0.0;0.0;0.0
5;2025-12-12;11;0.0;0.0;0.0
5;2025-12-12;12;0.0;0.0;0.0
5;2025-12-12;13;0.0;0.0;0.0
5;2025-12-12;14;0.0;0.0;0.0
5;2025-12-12;15;0.0;0.0;0.0
5;2025-12-12;16;0.0;0.0;0.0
5;2025-12-12;17;0.0;0.0;0.0
5;2025-12-12;18;0.0;0.0;0.0
5;2025-12-12;19;0.0;0.0;0.0
5;2025-12-12;20;0.0;0.0;0.0
5;2025-12-12;21;0.0;0.0;0.0
5;2025-12-12;22;0.0;0.0;0.0
5;2025-12-12;23;0.0;0.0;0.0
5;2025-12-13;0;0.0;0.0;0.0
5;2025-12-13;1;0.0;0.0;0.0
5;2025-12-13;2;0.0;0.0;0.0
5;2025-12-13;3;0.0;0.0;0.0
5;2025-12-13;4;0.0;0.0;0.0
5;2025-12-13;5;0.0;0.0;0.0
5;2025-12-13;6;0.0;0.0;0.0
5;2025-12-13;7;0.0;0.0;0.0
5;2025-12-13;8;0.0;0.0;0.0
5;2025-12-13;9;0.0;0.0;0.0
5;2025-12-13;10;0.0;0.0;0.0
5;2025-12-13;11;0.0;0.0;0.0
5;2025-12-13;12;0.0;0.0;0.0
5;2025-12-13;13;0.0;0.0;0.0
5;2025-12-13;14;0.0;0.0;0.0
5;2025-12-13;15;0.0;0.0;0.0
5;2025-12-13;16;0.0;0.0;0.0
5;2025-12-13;17;0.0;0.0;0.0
5;2025-12-13;18;0.0;0.0;0.0
5;2025-12-13;19;0.0;0.0;0.0
5;2025-12-13;20;0.0;0.0;0.0
5;2025-12-13;21;0.0;0.0;0.0
5;2025-12-13;22;0.0;0.0;0.0
5;2025-12-13;23;0.0;0.0;0.0
5;2025-12-14;0;0.0;0.0;0.0
5;2025-12-14;1;0.0;0.0;0.0
5;2025-12-14;2;0.0;0.0;0.0
5;2025-12-14;3;0.0;0.0;0.0
5;2025-12-14;4;0.0;0.0;0.0
5;2025-12-14;5;0.0;0.0;0.0
5;2025-12-14;6;0.0;0.0;0.0
5;2025-12-14;7;0.0;0.0;0.0
5;2025-12-14;8;0.0;0.0;0.0
5;2025-12-14;9;0.0;0.0;0.0
5;2025-12-14;10;0.0;0.0;0.0
5;2025-12-14;11;0.0;0.0;0.0
5;2025-12-14;12;0.0;0.0;0.0
5;2025-12-14;13;0.0;0.0;0.0
5;2025-12-14;14;0.0;0.0;0.0
5;2025-12-14;15;0.0;0.0;0.0
5;2025-12-14;16;0.0;0.0;0.0
5;2025-12-14;17;0.0;0.0;0.0
5;2025-12-14;18;0.0;0.0;0.0
5;2025-12-14;19;0.0;0.0;0.0
5;2025-12-14;20;0.0;0.0;0.0
5;2025-12-14;21;0.0;0.0;0.0
5;2025-12-14;22;0.0;0.0;0.0
5;2025-12-14;23;0.0;0.0;0.0
5;2025-12-15;0;0.0;0.0;0.0
5;2025-12-15;1;0.0;0.0;0.0
5;2025-12-15;2;0.0;0.0;0.0
5;2025-12-15;3;0.0;0.0;0.0
5;2025-12-15;4;0.0;0.0;0.0
5;2025-12-15;5;0.0;0.0;0.0
5;2025-12-15;6;0.0;0.0;0.0
5;2025-12-15;7;0.0;0.0;0.0
5;2025-12-15;8;0.0;0.0;0.0
5;2025-12-15;9;0.0;0.0;0.0
5;2025-12-15;10;0.0;0.0;0.0
5;2025-12-15;11;0.0;0.0;0.0
5;2025-12-15;12;0.0;0.0;0.0
5;2025-12-15;13;0.0;0.0;0.0
5;2025-12-15;14;0.0;0.0;0.0
5;2025-12-15;15;0.0;0.0;0.0
5;2025-12-15;16;0.0;0.0;0.0
5;2025-12-15;17;0.0;0.0;0.0
5;2025-12-15;18;0.0;0.0;0.0
5;2025-12-15;19;0.0;0.0;0.0
5;2025-12-15;20;0.0;0.0;0.0
5;2025-12-15;21;0.0;0.0;0.0
5;2025-12-15;22;0.0;0.0;0.0
5;2025-12-15;23;0.0;0.0;0.0
5;2025-12-16;0;0.0;0.0;0.0
5;2025-12-16;1;0.0;0.0;0.0
5;2025-12-16;2;0.0;0.0;0.0
5;2025-12-16;3;0.0;0.0;0.0
5;2025-12-16;4;0.0;0.0;0.0
5;2025-12-16;5;0.0;0.0;0.0
5;2025-12-16;6;0.0;0.0;0.0
5;2025-12-16;7;0.0;0.0;0.0
5;2025-12-16;8;0.0;0.0;0.0
5;2025-12-16;9;0.0;0.0;0.0
5;2025-12-16;10;0.0;0.0;0.0
5;2025-12-16;11;0.0;0.0;0.0
5;2025-12-16;12;0.0;0.0;0.0
5;2025-12-16;13;0.0;0.0;0.0
5;2025-12-16;14;0.0;0.0;0.0
5;2025-12-16;15;0.0;0.0;0.0
5;2025-12-16;16;0.0;0.0;0.0
5;2025-12-16;17;0.0;0.0;0.0
5;2025-12-16;18;200.8;502.0;903.6
5;2025-12-16;19;150.8;377.0;678.6
5;2025-12-16;20;105.2;263.0;473.4
5;2025-12-16;21;65.2;163.0;293.4
5;2025-12-16;22;26.8;67.0;120.6
5;2025-12-16;23;3.6;9.0;16.2
5;2025-12-17;0;0.4;1.0;1.8
5;2025-12-17;1;0.0;0.0;0.0
5;2025-12-17;2;0.0;0.0;0.0
5;2025-12-17;3;0.0;0.0;0.0
5;2025-12-17;4;0.4;1.0;1.8
5;2025-12-17;5;16.4;41.0;73.8
5;2025-12-17;6;54.4;136.0;244.8
5;2025-12-17;7;164.0;410.0;738.0
5;2025-12-17;8;254.8;637.0;1146.6
5;2025-12-17;9;174.0;435.0;783.0
5;2025-12-17;10;128.0;320.0;576.0
5;2025-12-17;11;116.0;290.0;522.0
5;2025-12-17;12;141.2;353.0;635.4
5;2025-12-17;13;145.6;364.0;655.2
5;2025-12-17;14;134.4;336.0;604.8
5;2025-12-17;15;140.8;352.0;633.6
5;2025-12-17;16;176.0;440.0;792.0
5;2025-12-17;17;202.4;506.0;910.8
5;2025-12-17;18;200.8;502.0;903.6
5;2025-12-17;19;150.8;377.0;678.6
5;2025-12-17;20;105.2;263.0;473.4
5;2025-12-17;21;65.2;163.0;293.4
5;2025-12-17;22;26.8;67.0;120.6
5;2025-12-17;23;3.6;9.0;16.2
5;2025-12-18;0;0.4;1.0;1.8
5;2025-12-18;1;0.0;0.0;0.0
5;2025-12-18;2;0.0;0.0;0.0
5;2025-12-18;3;0.0;0.0;0.0
5;2025-12-18;4;0.4;1.0;1.8
5;2025-12-18;5;16.4;41.0;73.8
5;2025-12-18;6;54.4;136.0;244.8
5;2025-12-18;7;164.0;410.0;738.0
5;2025-12-18;8;254.8;637.0;1146.6
5;2025-12-18;9;174.0;435.0;783.0
5;2025-12-18;10;128.0;320.0;576.0
5;2025-12-18;11;116.0;290.0;522.0
5;2025-12-18;12;141.2;353.0;635.4
5;2025-12-18;13;145.6;364.0;655.2
5;2025-12-18;14;134.4;336.0;604.8
5;2025-12-18;15;140.8;352.0;633.6
5;2025-12-18;16;176.0;440.0;792.0
5;2025-12-18;17;202.4;506.0;910.8
5;2025-12-18;18;200.8;502.0;903.6
5;2025-12-18;19;150.8;377.0;678.6
5;2025-12-18;20;105.2;263.0;473.4
5;2025-12-18;21;65.2;163.0;293.4
5;2025-12-18;22;26.8;67.0;120.6
5;2025-12-18;23;3.6;9.0;16.2
5;2025-12-19;0;0.4;1.0;1.8
5;2025-12-19;1;0.0;0.0;0.0
5;2025-12-19;2;0.0;0.0;0.0
5;2025-12-19;3;0.0;0.0;0.0
5;2025-12-19;4;0.4;1.0;1.8
5;2025-12-19;5;16.8;42.0;75.6
5;2025-12-19;6;58.0;145.0;261.0
5;2025-12-19;7;174.8;437.0;786.6
5;2025-12-19;8;266.8;667.0;1200.6
5;2025-12-19;9;180.4;451.0;811.8
5;2025-12-19;10;136.0;340.0;612.0
5;2025-12-19;11;126.0;315.0;567.0
5;2025-12-19;12;158.8;397.0;714.6
5;2025-12-19;13;155.2;388.0;698.4
5;2025-12-19;14;152.0;380.0;684.0
5;2025-12-19;15;157.6;394.0;709.2
5;2025-12-19;16;204.0;510.0;918.0
5;2025-12-19;17;215.6;539.0;970.2
5;2025-12-19;18;181.6;454.0;817.2
5;2025-12-19;19;138.8;347.0;624.6
5;2025-12-19;20;100.4;251.0;451.8
5;2025-12-19;21;69.6;174.0;313.2
5;2025-12-19;22;30.4;76.0;136.8
5;2025-12-19;23;4.4;11.0;19.8
5;2025-12-20;0;0.4;1.0;1.8
5;2025-12-20;1;0.0;0.0;0.0
5;2025-12-20;2;0.0;0.0;0.0
5;2025-12-20;3;0.0;0.0;0.0
5;2025-12-20;4;0.0;0.0;0.0
5;2025-12-20;5;7.2;18.0;32.4
5;2025-12-20;6;20.8;52.0;93.6
5;2025-12-20;7;44.4;111.0;199.8
5;2025-12-20;8;76.0;190.0;342.0
5;2025-12-20;9;91.6;229.0;412.2
5;2025-12-20;10;96.0;240.0;432.0
5;2025-12-20;11;98.0;245.0;441.0
5;2025-12-20;12;114.4;286.0;514.8
5;2025-12-20;13;118.8;297.0;534.6
5;2025-12-20;14;118.4;296.0;532.8
5;2025-12-20;15;117.6;294.0;529.2
5;2025-12-20;16;113.6;284.0;511.2
5;2025-12-20;17;115.2;288.0;518.4
5;2025-12-20;18;99.2;248.0;446.4
5;2025-12-20;19;81.2;203.0;365.4
5;2025-12-20;20;60.8;152.0;273.6
5;2025-12-20;21;54.0;135.0;243.0
5;2025-12-20;22;25.6;64.0;115.2
5;2025-12-20;23;3.6;9.0;16.2
5;2025-12-21;0;0.8;2.0;3.6
5;2025-12-21;1;0.0;0.0;0.0
5;2025-12-21;2;0.0;0.0;0.0
5;2025-12-21;3;0.0;0.0;0.0
5;2025-12-21;4;0.0;0.0;0.0
5;2025-12-21;5;6.4;16.0;28.8
5;2025-12-21;6;17.2;43.0;77.4
5;2025-12-21;7;32.0;80.0;144.0
5;2025-12-21;8;51.6;129.0;232.2
5;2025-12-21;9;70.8;177.0;318.6
5;2025-12-21;10;78.8;197.0;354.6
5;2025-12-21;11;86.8;217.0;390.6
5;2025-12-21;12;95.2;238.0;428.4
5;2025-12-21;13;111.2;278.0;500.4
5;2025-12-21;14;107.2;268.0;482.4
5;2025-12-21;15;106.4;266.0;478.8
5;2025-12-21;16;99.2;248.0;446.4
5;2025-12-21;17;100.0;250.0;450.0
5;2025-12-21;18;87.2;218.0;392.4
5;2025-12-21;19;76.0;190.0;342.0
5;2025-12-21;20;60.4;151.0;271.8
5;2025-12-21;21;50.0;125.0;225.0
5;2025-12-21;22;22.4;56.0;100.8
5;2025-12-21;23;2.8;7.0;12.6
5;2025-12-22;0;0.4;1.0;1.8
5;2025-12-22;1;0.0;0.0;0.0
5;2025-12-22;2;0.0;0.0;0.0
5;2025-12-22;3;0.0;0.0;0.0
5;2025-12-22;4;0.4;1.0;1.8
5;2025-12-22;5;16.4;41.0;73.8
5;2025-12-22;6;54.4;136.0;244.8
5;2025-12-22;7;164.0;410.0;738.0
5;2025-12-22;8;254.8;637.0;1146.6
5;2025-12-22;9;174.0;435.0;783.0
5;2025-12-22;10;128.0;320.0;576.0
5;2025-12-22;11;116.0;290.0;522.0
5;2025-12-22;12;141.2;353.0;635.4
5;2025-12-22;13;145.6;364.0;655.2
5;2025-12-22;14;134.4;336.0;604.8
5;2025-12-22;15;140.8;352.0;633.6
5;2025-12-22;16;176.0;440.0;792.0
5;2025-12-22;17;202.4;506.0;910.8
5;2025-12-22;18;200.8;502.0;903.6
5;2025-12-22;19;150.8;377.0;678.6
5;2025-12-22;20;105.2;263.0;473.4
5;2025-12-22;21;65.2;163.0;293.4
5;2025-12-22;22;26.8;67.0;120.6
5;2025-12-22;23;3.6;9.0;16.2
5;2025-12-23;0;0.4;1.0;1.8
5;2025-12-23;1;0.0;0.0;0.0
5;2025-12-23;2;0.0;0.0;0.0
5;2025-12-23;3;0.0;0.0;0.0
5;2025-12-23;4;0.4;1.0;1.8
5;2025-12-23;5;16.4;41.0;73.8
5;2025-12-23;6;54.4;136.0;244.8
5;2025-12-23;7;164.0;410.0;738.0
5;2025-12-23;8;254.8;637.0;1146.6
5;2025-12-23;9;174.0;435.0;783.0
5;2025-12-23;10;128.0;320.0;576.0
5;2025-12-23;11;116.0;290.0;522.0
5;2025-12-23;12;141.2;353.0;635.4
5;2025-12-23;13;145.6;364.0;655.2
5;2025-12-23;14;134.4;336.0;604.8
5;2025-12-23;15;140.8;352.0;633.6
5;2025-12-23;16;176.0;440.0;792.0
5;2025-12-23;17;202.4;506.0;910.8
5;2025-12-23;18;200.8;502.0;903.6
5;2025-12-23;19;150.8;377.0;678.6
5;2025-12-23;20;105.2;263.0;473.4
5;2025-12-23;21;65.2;163.0;293.4
5;2025-12-23;22;26.8;67.0;120.6
5;2025-12-23;23;3.6;9.0;16.2
5;2025-12-24;0;0.4;1.0;1.8
5;2025-12-24;1;0.0;0.0;0.0
5;2025-12-24;2;0.0;0.0;0.0
5;2025-12-24;3;0.0;0.0;0.0
5;2025-12-24;4;0.4;1.0;1.8
5;2025-12-24;5;16.4;41.0;73.8
5;2025-12-24;6;54.4;136.0;244.8
5;2025-12-24;7;164.0;410.0;738.0
5;2025-12-24;8;254.8;637.0;1146.6
5;2025-12-24;9;174.0;435.0;783.0
5;2025-12-24;10;128.0;320.0;576.0
5;2025-12-24;11;116.0;290.0;522.0
5;2025-12-24;12;141.2;353.0;635.4
5;2025-12-24;13;145.6;364.0;655.2
5;2025-12-24;14;134.4;336.0;604.8
5;2025-12-24;15;140.8;352.0;633.6
5;2025-12-24;16;176.0;440.0;792.0
5;2025-12-24;17;202.4;506.0;910.8
5;2025-12-24;18;200.8;502.0;903.6
5;2025-12-24;19;150.8;377.0;678.6
5;2025-12-24;20;105.2;263.0;473.4
5;2025-12-24;21;65.2;163.0;293.4
5;2025-12-24;22;26.8;67.0;120.6
5;2025-12-24;23;3.6;9.0;16.2
5;2025-12-25;0;0.4;1.0;1.8
5;2025-12-25;1;0.0;0.0;0.0
5;2025-12-25;2;0.0;0.0;0.0
5;2025-12-25;3;0.0;0.0;0.0
5;2025-12-25;4;0.4;1.0;1.8
5;2025-12-25;5;16.4;41.0;73.8
5;2025-12-25;6;54.4;136.0;244.8
5;2025-12-25;7;164.0;410.0;738.0
5;2025-12-25;8;254.8;637.0;1146.6
5;2025-12-25;9;174.0;435.0;783.0
5;2025-12-25;10;128.0;320.0;576.0
5;2025-12-25;11;116.0;290.0;522.0
5;2025-12-25;12;141.2;353.0;635.4
5;2025-12-25;13;145.6;364.0;655.2
5;2025-12-25;14;134.4;336.0;604.8
5;2025-12-25;15;140.8;352.0;633.6
5;2025-12-25;16;176.0;440.0;792.0
5;2025-12-25;17;202.4;506.0;910.8
5;2025-12-25;18;200.8;502.0;903.6
5;2025-12-25;19;150.8;377.0;678.6
5;2025-12-25;20;105.2;263.0;473.4
5;2025-12-25;21;65.2;163.0;293.4
5;2025-12-25;22;26.8;67.0;120.6
5;2025-12-25;23;3.6;9.0;16.2
5;2025-12-26;0;0.4;1.0;1.8
5;2025-12-26;1;0.0;0.0;0.0
5;2025-12-26;2;0.0;0.0;0.0
5;2025-12-26;3;0.0;0.0;0.0
5;2025-12-26;4;0.4;1.0;1.8
5;2025-12-26;5;16.8;42.0;75.6
5;2025-12-26;6;58.0;145.0;261.0
5;2025-12-26;7;174.8;437.0;786.6
5;2025-12-26;8;266.8;667.0;1200.6
5;2025-12-26;9;180.4;451.0;811.8
5;2025-12-26;10;136.0;340.0;612.0
5;2025-12-26;11;126.0;315.0;567.0
5;2025-12-26;12;158.8;397.0;714.6
5;2025-12-26;13;155.2;388.0;698.4
5;2025-12-26;14;152.0;380.0;684.0
5;2025-12-26;15;157.6;394.0;709.2
5;2025-12-26;16;204.0;510.0;918.0
5;2025-12-26;17;215.6;539.0;970.2
5;2025-12-26;18;181.6;454.0;817.2
5;2025-12-26;19;138.8;347.0;624.6
5;2025-12-26;20;100.4;251.0;451.8
5;2025-12-26;21;69.6;174.0;313.2
5;2025-12-26;22;30.4;76.0;136.8
5;2025-12-26;23;4.4;11.0;19.8
5;2025-12-27;0;0.4;1.0;1.8
5;2025-12-27;1;0.0;0.0;0.0
5;2025-12-27;2;0.0;0.0;0.0
5;2025-12-27;3;0.0;0.0;0.0
5;2025-12-27;4;0.0;0.0;0.0
5;2025-12-27;5;7.2;18.0;32.4
5;2025-12-27;6;20.8;52.0;93.6
5;2025-12-27;7;44.4;111.0;199.8
5;2025-12-27;8;76.0;190.0;342.0
5;2025-12-27;9;91.6;229.0;412.2
5;2025-12-27;10;96.0;240.0;432.0
5;2025-12-27;11;98.0;245.0;441.0
5;2025-12-27;12;114.4;286.0;514.8
5;2025-12-27;13;118.8;297.0;534.6
5;2025-12-27;14;118.4;296.0;532.8
5;2025-12-27;15;117.6;294.0;529.2
5;2025-12-27;16;113.6;284.0;511.2
5;2025-12-27;17;115.2;288.0;518.4
5;2025-12-27;18;99.2;248.0;446.4
5;2025-12-27;19;81.2;203.0;365.4
5;2025-12-27;20;60.8;152.0;273.6
5;2025-12-27;21;54.0;135.0;243.0
5;2025-12-27;22;25.6;64.0;115.2
5;2025-12-27;23;3.6;9.0;16.2
5;2025-12-28;0;0.8;2.0;3.6
5;2025-12-28;1;0.0;0.0;0.0
5;2025-12-28;2;0.0;0.0;0.0
5;2025-12-28;3;0.0;0.0;0.0
5;2025-12-28;4;0.0;0.0;0.0
5;2025-12-28;5;6.4;16.0;28.8
5;2025-12-28;6;17.2;43.0;77.4
5;2025-12-28;7;32.0;80.0;144.0
5;2025-12-28;8;51.6;129.0;232.2
5;2025-12-28;9;70.8;177.0;318.6
5;2025-12-28;10;78.8;197.0;354.6
5;2025-12-28;11;86.8;217.0;390.6
5;2025-12-28;12;95.2;238.0;428.4
5;2025-12-28;13;111.2;278.0;500.4
5;2025-12-28;14;107.2;268.0;482.4
5;2025-12-28;15;106.4;266.0;478.8
5;2025-12-28;16;99.2;248.0;446.4
5;2025-12-28;17;100.0;250.0;450.0
5;2025-12-28;18;87.2;218.0;392.4
5;2025-12-28;19;76.0;190.0;342.0
5;2025-12-28;20;60.4;151.0;271.8
5;2025-12-28;21;50.0;125.0;225.0
5;2025-12-28;22;22.4;56.0;100.8
5;2025-12-28;23;2.8;7.0;12.6
5;2025-12-29;0;0.4;1.0;1.8
5;2025-12-29;1;0.0;0.0;0.0
5;2025-12-29;2;0.0;0.0;0.0
5;2025-12-29;3;0.0;0.0;0.0
5;2025-12-29;4;0.4;1.0;1.8
5;2025-12-29;5;14.4;36.0;64.8
5;2025-12-29;6;48.0;120.0;216.0
5;2025-12-29;7;144.0;360.0;648.0
5;2025-12-29;8;224.4;561.0;1009.8
5;2025-12-29;9;153.2;383.0;689.4
5;2025-12-29;10;112.8;282.0;507.6
5;2025-12-29;11;102.0;255.0;459.0
5;2025-12-29;12;124.4;311.0;559.8
5;2025-12-29;13;128.0;320.0;576.0
5;2025-12-29;14;118.4;296.0;532.8
5;2025-12-29;15;124.0;310.0;558.0
5;2025-12-29;16;155.2;388.0;698.4
5;2025-12-29;17;178.0;445.0;801.0
5;2025-12-29;18;176.4;441.0;793.8
5;2025-12-29;19;132.8;332.0;597.6
5;2025-12-29;20;92.8;232.0;417.6
5;2025-12-29;21;57.2;143.0;257.4
5;2025-12-29;22;23.6;59.0;106.2
5;2025-12-29;23;3.2;8.0;14.4
5;2025-12-30;0;0.4;1.0;1.8
5;2025-12-30;1;0.0;0.0;0.0
5;2025-12-30;2;0.0;0.0;0.0
5;2025-12-30;3;0.0;0.0;0.0
5;2025-12-30;4;0.4;1.0;1.8
5;2025-12-30;5;14.4;36.0;64.8
5;2025-12-30;6;48.0;120.0;216.0
5;2025-12-30;7;144.0;360.0;648.0
5;2025-12-30;8;224.4;561.0;1009.8
5;2025-12-30;9;153.2;383.0;689.4
5;2025-12-30;10;112.8;282.0;507.6
5;2025-12-30;11;102.0;255.0;459.0
5;2025-12-30;12;124.4;311.0;559.8
5;2025-12-30;13;128.0;320.0;576.0
5;2025-12-30;14;118.4;296.0;532.8
5;2025-12-30;15;124.0;310.0;558.0
5;2025-12-30;16;155.2;388.0;698.4
5;2025-12-30;17;178.0;445.0;801.0
5;2025-12-30;18;176.4;441.0;793.8
5;2025-12-30;19;132.8;332.0;597.6
5;2025-12-30;20;92.8;232.0;417.6
5;2025-12-30;21;57.2;143.0;257.4
5;2025-12-30;22;23.6;59.0;106.2
5;2025-12-30;23;3.2;8.0;14.4
5;2025-12-31;0;0.4;1.0;1.8
5;2025-12-31;1;0.0;0.0;0.0
5;2025-12-31;2;0.0;0.0;0.0
5;2025-12-31;3;0.0;0.0;0.0
5;2025-12-31;4;0.4;1.0;1.8
5;2025-12-31;5;6.4;16.0;28.8
5;2025-12-31;6;18.8;47.0;84.6
5;2025-12-31;7;36.0;90.0;162.0
5;2025-12-31;8;65.2;163.0;293.4
5;2025-12-31;9;72.0;180.0;324.0
5;2025-12-31;10;78.0;195.0;351.0
5;2025-12-31;11;79.6;199.0;358.2
5;2025-12-31;12;100.0;250.0;450.0
5;2025-12-31;13;96.8;242.0;435.6
5;2025-12-31;14;91.2;228.0;410.4
5;2025-12-31;15;98.8;247.0;444.6
5;2025-12-31;16;103.2;258.0;464.4
5;2025-12-31;17;92.8;232.0;417.6
5;2025-12-31;18;81.2;203.0;365.4
5;2025-12-31;19;59.2;148.0;266.4
5;2025-12-31;20;0.0;0.0;0.0
5;2025-12-31;21;0.0;0.0;0.0
5;2025-12-31;22;0.0;0.0;0.0
5;2025-12-31;23;0.0;0.0;0.0
7;2025-11-01;0;0.0;109.0;172.9
7;2025-11-01;1;0.0;25.0;64.1
7;2025-11-01;2;0.0;0.0;0.0
7;2025-11-01;3;0.0;0.0;0.0
7;2025-11-01;4;0.0;1.0;2.2
7;2025-11-01;5;110.9;147.0;231.9
7;2025-11-01;6;395.0;516.0;645.9
7;2025-11-01;7;1013.1;1252.0;1539.3
7;2025-11-01;8;1524.7;1848.0;2261.9
7;2025-11-01;9;1116.8;1386.0;1663.9
7;2025-11-01;10;1006.3;1256.0;1523.6
7;2025-11-01;11;904.8;1199.0;1455.7
7;2025-11-01;12;980.1;1272.0;1535.0
7;2025-11-01;13;994.7;1319.0;1670.1
7;2025-11-01;14;1046.8;1380.0;1726.3
7;2025-11-01;15;1177.0;1474.0;1861.4
7;2025-11-01;16;1277.7;1640.0;2017.8
7;2025-11-01;17;1455.1;1815.0;2167.2
7;2025-11-01;18;1299.6;1643.0;1987.8
7;2025-11-01;19;920.8;1166.0;1454.7
7;2025-11-01;20;652.6;819.0;1085.0
7;2025-11-01;21;384.3;498.0;650.8
7;2025-11-01;22;188.5;281.0;378.6
7;2025-11-01;23;77.7;185.0;282.3
7;2025-11-02;0;0.0;77.0;141.8
7;2025-11-02;1;0.0;18.0;53.2
7;2025-11-02;2;0.0;0.0;0.0
7;2025-11-02;3;0.0;0.0;0.0
7;2025-11-02;4;0.0;1.0;2.7
7;2025-11-02;5;12.6;26.0;43.1
7;2025-11-02;6;92.3;132.0;186.6
7;2025-11-02;7;138.1;195.0;253.7
7;2025-11-02;8;263.2;350.0;454.8
7;2025-11-02;9;326.5;455.0;579.5
7;2025-11-02;10;298.8;446.0;552.6
7;2025-11-02;11;395.2;589.0;751.2
7;2025-11-02;12;444.3;655.0;811.5
7;2025-11-02;13;455.6;667.0;844.6
7;2025-11-02;14;484.4;717.0;932.0
7;2025-11-02;15;483.4;697.0;919.3
7;2025-11-02;16;434.6;643.0;844.6
7;2025-11-02;17;444.6;652.0;842.8
7;2025-11-02;18;429.6;608.0;803.5
7;2025-11-02;19;353.9;494.0;670.7
7;2025-11-02;20;293.9;411.0;564.0
7;2025-11-02;21;227.9;314.0;453.8
7;2025-11-02;22;114.5;174.0;258.2
7;2025-11-02;23;64.0;110.0;175.4
7;2025-11-03;0;0.0;77.0;141.8
7;2025-11-03;1;0.0;18.0;53.2
7;2025-11-03;2;0.0;0.0;0.0
7;2025-11-03;3;0.0;0.0;0.0
7;2025-11-03;4;0.0;1.0;2.7
7;2025-11-03;5;12.6;26.0;43.1
7;2025-11-03;6;92.3;132.0;186.6
7;2025-11-03;7;138.1;195.0;253.7
7;2025-11-03;8;263.2;350.0;454.8
7;2025-11-03;9;326.5;455.0;579.5
7;2025-11-03;10;298.8;446.0;552.6
7;2025-11-03;11;395.2;589.0;751.2
7;2025-11-03;12;444.3;655.0;811.5
7;2025-11-03;13;455.6;667.0;844.6
7;2025-11-03;14;484.4;717.0;932.0
7;2025-11-03;15;483.4;697.0;919.3
7;2025-11-03;16;434.6;643.0;844.6
7;2025-11-03;17;444.6;652.0;842.8
7;2025-11-03;18;429.6;608.0;803.5
7;2025-11-03;19;353.9;494.0;670.7
7;2025-11-03;20;293.9;411.0;564.0
7;2025-11-03;21;227.9;314.0;453.8
7;2025-11-03;22;114.5;174.0;258.2
7;2025-11-03;23;64.0;110.0;175.4
7;2025-11-04;0;0.0;77.0;141.8
7;2025-11-04;1;0.0;18.0;53.2
7;2025-11-04;2;0.0;0.0;0.0
7;2025-11-04;3;0.0;0.0;0.0
7;2025-11-04;4;0.0;1.0;2.7
7;2025-11-04;5;12.6;26.0;43.1
7;2025-11-04;6;92.3;132.0;186.6
7;2025-11-04;7;138.1;195.0;253.7
7;2025-11-04;8;263.2;350.0;454.8
7;2025-11-04;9;326.5;455.0;579.5
7;2025-11-04;10;298.8;446.0;552.6
7;2025-11-04;11;395.2;589.0;751.2
7;2025-11-04;12;444.3;655.0;811.5
7;2025-11-04;13;455.6;667.0;844.6
7;2025-11-04;14;484.4;717.0;932.0
7;2025-11-04;15;483.4;697.0;919.3
7;2025-11-04;16;434.6;643.0;844.6
7;2025-11-04;17;444.6;652.0;842.8
7;2025-11-04;18;429.6;608.0;803.5
7;2025-11-04;19;353.9;494.0;670.7
7;2025-11-04;20;293.9;411.0;564.0
7;2025-11-04;21;227.9;314.0;453.8
7;2025-11-04;22;114.5;174.0;258.2
7;2025-11-04;23;64.0;110.0;175.4
7;2025-11-05;0;0.0;63.0;123.3
7;2025-11-05;1;0.0;12.0;33.3
7;2025-11-05;2;0.0;0.0;0.0
7;2025-11-05;3;0.0;0.0;0.0
7;2025-11-05;4;0.0;1.0;2.1
7;2025-11-05;5;156.5;207.0;288.7
7;2025-11-05;6;592.3;729.0;894.5
7;2025-11-05;7;1456.3;1744.0;2043.2
7;2025-11-05;8;2204.7;2657.0;3154.2
7;2025-11-05;9;1650.5;1967.0;2302.1
7;2025-11-05;10;1386.5;1706.0;2019.4
7;2025-11-05;11;1248.2;1551.0;1859.1
7;2025-11-05;12;1320.5;1647.0;2001.2
7;2025-11-05;13;1245.8;1610.0;1961.0
7;2025-11-05;14;1311.5;1709.0;2091.9
7;2025-11-05;15;1409.1;1850.0;2280.7
7;2025-11-05;16;1546.3;1944.0;2359.3
7;2025-11-05;17;2033.8;2480.0;2937.8
7;2025-11-05;18;2256.8;2732.0;3267.5
7;2025-11-05;19;1475.9;1834.0;2261.7
7;2025-11-05;20;937.1;1158.0;1407.4
7;2025-11-05;21;526.3;672.0;868.0
7;2025-11-05;22;240.1;336.0;454.1
7;2025-11-05;23;78.5;200.0;303.1
7;2025-11-06;0;0.0;63.0;123.3
7;2025-11-06;1;0.0;12.0;33.3
7;2025-11-06;2;0.0;0.0;0.0
7;2025-11-06;3;0.0;0.0;0.0
7;2025-11-06;4;0.0;1.0;2.1
7;2025-11-06;5;156.5;207.0;288.7
7;2025-11-06;6;592.3;729.0;894.5
7;2025-11-06;7;1456.3;1744.0;2043.2
7;2025-11-06;8;2204.7;2657.0;3154.2
7;2025-11-06;9;1650.5;1967.0;2302.1
7;2025-11-06;10;1386.5;1706.0;2019.4
7;2025-11-06;11;1248.2;1551.0;1859.1
7;2025-11-06;12;1320.5;1647.0;2001.2
7;2025-11-06;13;1245.8;1610.0;1961.0
7;2025-11-06;14;1311.5;1709.0;2091.9
7;2025-11-06;15;1409.1;1850.0;2280.7
7;2025-11-06;16;1546.3;1944.0;2359.3
7;2025-11-06;17;2033.8;2480.0;2937.8
7;2025-11-06;18;2256.8;2732.0;3267.5
7;2025-11-06;19;1475.9;1834.0;2261.7
7;2025-11-06;20;937.1;1158.0;1407.4
7;2025-11-06;21;526.3;672.0;868.0
7;2025-11-06;22;240.1;336.0;454.1
7;2025-11-06;23;78.5;200.0;303.1
7;2025-11-07;0;0.0;67.0;106.3
7;2025-11-07;1;0.0;12.0;30.8
7;2025-11-07;2;0.0;0.0;0.0
7;2025-11-07;3;0.0;0.0;0.0
7;2025-11-07;4;0.0;2.0;4.5
7;2025-11-07;5;138.1;183.0;288.6
7;2025-11-07;6;493.7;645.0;807.3
7;2025-11-07;7;1267.1;1566.0;1925.3
7;2025-11-07;8;1905.9;2310.0;2827.3
7;2025-11-07;9;1395.6;1732.0;2079.2
7;2025-11-07;10;1257.9;1570.0;1904.5
7;2025-11-07;11;1131.2;1499.0;1820.0
7;2025-11-07;12;1225.2;1590.0;1918.8
7;2025-11-07;13;1242.8;1648.0;2086.6
7;2025-11-07;14;1307.0;1723.0;2155.3
7;2025-11-07;15;1470.8;1842.0;2326.1
7;2025-11-07;16;1597.1;2050.0;2522.2
7;2025-11-07;17;1818.2;2268.0;2708.1
7;2025-11-07;18;1624.7;2054.0;2485.1
7;2025-11-07;19;1150.6;1457.0;1817.8
7;2025-11-07;20;815.1;1023.0;1355.2
7;2025-11-07;21;480.8;623.0;814.1
7;2025-11-07;22;235.5;351.0;473.0
7;2025-11-07;23;97.1;231.0;352.5
7;2025-11-08;0;0.0;89.0;161.9
7;2025-11-08;1;0.0;19.0;51.1
7;2025-11-08;2;0.0;0.0;0.0
7;2025-11-08;3;0.0;0.0;0.0
7;2025-11-08;4;0.0;1.0;2.2
7;2025-11-08;5;26.3;45.0;70.0
7;2025-11-08;6;154.9;235.0;330.1
7;2025-11-08;7;229.5;330.0;429.2
7;2025-11-08;8;385.8;595.0;782.1
7;2025-11-08;9;404.5;596.0;787.4
7;2025-11-08;10;417.3;643.0;819.0
7;2025-11-08;11;483.4;738.0;958.9
7;2025-11-08;12;579.8;907.0;1164.4
7;2025-11-08;13;564.6;888.0;1176.9
7;2025-11-08;14;608.3;910.0;1215.4
7;2025-11-08;15;566.8;856.0;1127.0
7;2025-11-08;16;551.3;820.0;1076.2
7;2025-11-08;17;557.3;809.0;1068.1
7;2025-11-08;18;566.7;767.0;1031.8
7;2025-11-08;19;490.2;689.0;924.7
7;2025-11-08;20;377.0;535.0;762.5
7;2025-11-08;21;291.5;415.0;598.2
7;2025-11-08;22;147.1;223.0;334.8
7;2025-11-08;23;58.9;154.0;255.2
7;2025-11-09;0;0.0;77.0;141.8
7;2025-11-09;1;0.0;18.0;53.2
7;2025-11-09;2;0.0;0.0;0.0
7;2025-11-09;3;0.0;0.0;0.0
7;2025-11-09;4;0.0;1.0;2.7
7;2025-11-09;5;12.6;26.0;43.1
7;2025-11-09;6;92.3;132.0;186.6
7;2025-11-09;7;138.1;195.0;253.7
7;2025-11-09;8;263.2;350.0;454.8
7;2025-11-09;9;326.5;455.0;579.5
7;2025-11-09;10;298.8;446.0;552.6
7;2025-11-09;11;395.2;589.0;751.2
7;2025-11-09;12;444.3;655.0;811.5
7;2025-11-09;13;455.6;667.0;844.6
7;2025-11-09;14;484.4;717.0;932.0
7;2025-11-09;15;483.4;697.0;919.3
7;2025-11-09;16;434.6;643.0;844.6
7;2025-11-09;17;444.6;652.0;842.8
7;2025-11-09;18;429.6;608.0;803.5
7;2025-11-09;19;353.9;494.0;670.7
7;2025-11-09;20;293.9;411.0;564.0
7;2025-11-09;21;227.9;314.0;453.8
7;2025-11-09;22;114.5;174.0;258.2
7;2025-11-09;23;64.0;110.0;175.4
7;2025-11-10;0;0.0;63.0;123.3
7;2025-11-10;1;0.0;12.0;33.3
7;2025-11-10;2;0.0;0.0;0.0
7;2025-11-10;3;0.0;0.0;0.0
7;2025-11-10;4;0.0;1.0;2.1
7;2025-11-10;5;156.5;207.0;288.7
7;2025-11-10;6;592.3;729.0;894.5
7;2025-11-10;7;1456.3;1744.0;2043.2
7;2025-11-10;8;2204.7;2657.0;3154.2
7;2025-11-10;9;1650.5;1967.0;2302.1
7;2025-11-10;10;1386.5;1706.0;2019.4
7;2025-11-10;11;1248.2;1551.0;1859.1
7;2025-11-10;12;1320.5;1647.0;2001.2
7;2025-11-10;13;1245.8;1610.0;1961.0
7;2025-11-10;14;1311.5;1709.0;2091.9
7;2025-11-10;15;1409.1;1850.0;2280.7
7;2025-11-10;16;1546.3;1944.0;2359.3
7;2025-11-10;17;2033.8;2480.0;2937.8
7;2025-11-10;18;2256.8;2732.0;3267.5
7;2025-11-10;19;1475.9;1834.0;2261.7
7;2025-11-10;20;937.1;1158.0;1407.4
7;2025-11-10;21;526.3;672.0;868.0
7;2025-11-10;22;240.1;336.0;454.1
7;2025-11-10;23;78.5;200.0;303.1
7;2025-11-11;0;0.0;63.0;123.3
7;2025-11-11;1;0.0;12.0;33.3
7;2025-11-11;2;0.0;0.0;0.0
7;2025-11-11;3;0.0;0.0;0.0
7;2025-11-11;4;0.0;1.0;2.1
7;2025-11-11;5;156.5;207.0;288.7
7;2025-11-11;6;592.3;729.0;894.5
7;2025-11-11;7;1456.3;1744.0;2043.2
7;2025-11-11;8;2204.7;2657.0;3154.2
7;2025-11-11;9;1650.5;1967.0;2302.1
7;2025-11-11;10;1386.5;1706.0;2019.4
7;2025-11-11;11;1248.2;1551.0;1859.1
7;2025-11-11;12;1320.5;1647.0;2001.2
7;2025-11-11;13;1245.8;1610.0;1961.0
7;2025-11-11;14;1311.5;1709.0;2091.9
7;2025-11-11;15;1409.1;1850.0;2280.7
7;2025-11-11;16;1546.3;1944.0;2359.3
7;2025-11-11;17;2033.8;2480.0;2937.8
7;2025-11-11;18;2256.8;2732.0;3267.5
7;2025-11-11;19;1475.9;1834.0;2261.7
7;2025-11-11;20;937.1;1158.0;1407.4
7;2025-11-11;21;526.3;672.0;868.0
7;2025-11-11;22;240.1;336.0;454.1
7;2025-11-11;23;78.5;200.0;303.1
7;2025-11-12;0;0.0;63.0;123.3
7;2025-11-12;1;0.0;12.0;33.3
7;2025-11-12;2;0.0;0.0;0.0
7;2025-11-12;3;0.0;0.0;0.0
7;2025-11-12;4;0.0;1.0;2.1
7;2025-11-12;5;156.5;207.0;288.7
7;2025-11-12;6;592.3;729.0;894.5
7;2025-11-12;7;1456.3;1744.0;2043.2
7;2025-11-12;8;2204.7;2657.0;3154.2
7;2025-11-12;9;1650.5;1967.0;2302.1
7;2025-11-12;10;1386.5;1706.0;2019.4
7;2025-11-12;11;1248.2;1551.0;1859.1
7;2025-11-12;12;1320.5;1647.0;2001.2
7;2025-11-12;13;1245.8;1610.0;1961.0
7;2025-11-12;14;1311.5;1709.0;2091.9
7;2025-11-12;15;1409.1;1850.0;2280.7
7;2025-11-12;16;1546.3;1944.0;2359.3
7;2025-11-12;17;2033.8;2480.0;2937.8
7;2025-11-12;18;2256.8;2732.0;3267.5
7;2025-11-12;19;1475.9;1834.0;2261.7
7;2025-11-12;20;937.1;1158.0;1407.4
7;2025-11-12;21;526.3;672.0;868.0
7;2025-11-12;22;240.1;336.0;454.1
7;2025-11-12;23;78.5;200.0;303.1
7;2025-11-13;0;0.0;63.0;123.3
7;2025-11-13;1;0.0;12.0;33.3
7;2025-11-13;2;0.0;0.0;0.0
7;2025-11-13;3;0.0;0.0;0.0
7;2025-11-13;4;0.0;1.0;2.1
7;2025-11-13;5;156.5;207.0;288.7
7;2025-11-13;6;592.3;729.0;894.5
7;2025-11-13;7;1456.3;1744.0;2043.2
7;2025-11-13;8;2204.7;2657.0;3154.2
7;2025-11-13;9;1650.5;1967.0;2302.1
7;2025-11-13;10;1386.5;1706.0;2019.4
7;2025-11-13;11;1248.2;1551.0;1859.1
7;2025-11-13;12;1320.5;1647.0;2001.2
7;2025-11-13;13;1245.8;1610.0;1961.0
7;2025-11-13;14;1311.5;1709.0;2091.9
7;2025-11-13;15;1409.1;1850.0;2280.7
7;2025-11-13;16;1546.3;1944.0;2359.3
7;2025-11-13;17;2033.8;2480.0;2937.8
7;2025-11-13;18;2256.8;2732.0;3267.5
7;2025-11-13;19;1475.9;1834.0;2261.7
7;2025-11-13;20;937.1;1158.0;1407.4
7;2025-11-13;21;526.3;672.0;868.0
7;2025-11-13;22;240.1;336.0;454.1
7;2025-11-13;23;78.5;200.0;303.1
7;2025-11-14;0;0.0;67.0;106.3
7;2025-11-14;1;0.0;12.0;30.8
7;2025-11-14;2;0.0;0.0;0.0
7;2025-11-14;3;0.0;0.0;0.0
7;2025-11-14;4;0.0;2.0;4.5
7;2025-11-14;5;138.1;183.0;288.6
7;2025-11-14;6;493.7;645.0;807.3
7;2025-11-14;7;1267.1;1566.0;1925.3
7;2025-11-14;8;1905.9;2310.0;2827.3
7;2025-11-14;9;1395.6;1732.0;2079.2
7;2025-11-14;10;1257.9;1570.0;1904.5
7;2025-11-14;11;1131.2;1499.0;1820.0
7;2025-11-14;12;1225.2;1590.0;1918.8
7;2025-11-14;13;1242.8;1648.0;2086.6
7;2025-11-14;14;1307.0;1723.0;2155.3
7;2025-11-14;15;1470.8;1842.0;2326.1
7;2025-11-14;16;1597.1;2050.0;2522.2
7;2025-11-14;17;1818.2;2268.0;2708.1
7;2025-11-14;18;1624.7;2054.0;2485.1
7;2025-11-14;19;1150.6;1457.0;1817.8
7;2025-11-14;20;815.1;1023.0;1355.2
7;2025-11-14;21;480.8;623.0;814.1
7;2025-11-14;22;235.5;351.0;473.0
7;2025-11-14;23;97.1;231.0;352.5
7;2025-11-15;0;0.0;105.0;210.2
7;2025-11-15;1;0.0;23.0;65.7
7;2025-11-15;2;0.0;0.0;0.0
7;2025-11-15;3;0.0;0.0;0.0
7;2025-11-15;4;0.0;0.0;0.0
7;2025-11-15;5;32.3;60.0;95.8
7;2025-11-15;6;174.6;291.0;436.5
7;2025-11-15;7;283.2;472.0;708.0
7;2025-11-15;8;435.6;726.0;1089.0
7;2025-11-15;9;523.8;873.0;1309.5
7;2025-11-15;10;585.6;976.0;1464.0
7;2025-11-15;11;606.0;1010.0;1515.0
7;2025-11-15;12;689.4;1165.0;1747.5
7;2025-11-15;13;770.4;1308.0;1962.0
7;2025-11-15;14;789.6;1316.0;1974.0
7;2025-11-15;15;733.8;1223.0;1834.5
7;2025-11-15;16;700.8;1168.0;1752.0
7;2025-11-15;17;701.4;1169.0;1753.5
7;2025-11-15;18;648.0;1080.0;1620.0
7;2025-11-15;19;649.8;1083.0;1624.5
7;2025-11-15;20;486.6;811.0;1216.5
7;2025-11-15;21;375.6;626.0;939.0
7;2025-11-15;22;219.6;366.0;549.0
7;2025-11-15;23;78.3;216.0;345.9
7;2025-11-16;0;0.0;91.0;165.2
7;2025-11-16;1;0.0;13.0;38.8
7;2025-11-16;2;0.0;0.0;0.0
7;2025-11-16;3;0.0;0.0;0.0
7;2025-11-16;4;0.0;1.0;2.8
7;2025-11-16;5;17.7;39.0;69.1
7;2025-11-16;6;124.2;207.0;318.6
7;2025-11-16;7;195.0;325.0;487.5
7;2025-11-16;8;318.0;530.0;795.0
7;2025-11-16;9;402.6;671.0;1006.5
7;2025-11-16;10;464.4;774.0;1161.0
7;2025-11-16;11;550.8;918.0;1377.0
7;2025-11-16;12;622.2;1037.0;1555.5
7;2025-11-16;13;641.4;1069.0;1603.5
7;2025-11-16;14;734.4;1224.0;1836.0
7;2025-11-16;15;662.4;1104.0;1656.0
7;2025-11-16;16;547.8;913.0;1369.5
7;2025-11-16;17;623.4;1039.0;1558.5
7;2025-11-16;18;523.2;872.0;1308.0
7;2025-11-16;19;507.0;845.0;1267.5
7;2025-11-16;20;387.6;646.0;969.0
7;2025-11-16;21;306.0;510.0;765.0
7;2025-11-16;22;178.2;297.0;445.5
7;2025-11-16;23;93.4;167.0;279.0
7;2025-11-17;0;0.0;63.0;125.5
7;2025-11-17;1;0.0;12.0;31.8
7;2025-11-17;2;0.0;0.0;0.0
7;2025-11-17;3;0.0;0.0;0.0
7;2025-11-17;4;0.0;1.0;2.2
7;2025-11-17;5;155.2;207.0;294.0
7;2025-11-17;6;576.5;729.0;924.0
7;2025-11-17;7;1385.7;1744.0;2258.6
7;2025-11-17;8;2089.8;2657.0;3490.6
7;2025-11-17;9;1572.6;1967.0;2384.6
7;2025-11-17;10;1310.7;1706.0;2098.2
7;2025-11-17;11;1182.1;1551.0;1959.0
7;2025-11-17;12;1243.0;1647.0;2112.3
7;2025-11-17;13;1154.1;1610.0;2084.3
7;2025-11-17;14;1224.5;1709.0;2233.2
7;2025-11-17;15;1306.0;1850.0;2455.6
7;2025-11-17;16;1423.6;1944.0;2527.8
7;2025-11-17;17;1905.2;2480.0;3105.5
7;2025-11-17;18;2170.1;2732.0;3463.6
7;2025-11-17;19;1433.0;1834.0;2384.6
7;2025-11-17;20;922.0;1158.0;1458.3
7;2025-11-17;21;508.0;672.0;867.6
7;2025-11-17;22;233.6;336.0;462.3
7;2025-11-17;23;73.1;200.0;310.6
7;2025-11-18;0;0.0;63.0;125.5
7;2025-11-18;1;0.0;12.0;31.8
7;2025-11-18;2;0.0;0.0;0.0
7;2025-11-18;3;0.0;0.0;0.0
7;2025-11-18;4;0.0;1.0;2.2
7;2025-11-18;5;155.2;207.0;294.0
7;2025-11-18;6;576.5;729.0;924.0
7;2025-11-18;7;1385.7;1744.0;2258.6
7;2025-11-18;8;2089.8;2657.0;3490.6
7;2025-11-18;9;1572.6;1967.0;2384.6
7;2025-11-18;10;1310.7;1706.0;2098.2
7;2025-11-18;11;1182.1;1551.0;1959.0
7;2025-11-18;12;1243.0;1647.0;2112.3
7;2025-11-18;13;1154.1;1610.0;2084.3
7;2025-11-18;14;1224.5;1709.0;2233.2
7;2025-11-18;15;1306.0;1850.0;2455.6
7;2025-11-18;16;1423.6;1944.0;2527.8
7;2025-11-18;17;1905.2;2480.0;3105.5
7;2025-11-18;18;2170.1;2732.0;3463.6
7;2025-11-18;19;1433.0;1834.0;2384.6
7;2025-11-18;20;922.0;1158.0;1458.3
7;2025-11-18;21;508.0;672.0;867.6
7;2025-11-18;22;233.6;336.0;462.3
7;2025-11-18;23;73.1;200.0;310.6
7;2025-11-19;0;0.0;63.0;125.5
7;2025-11-19;1;0.0;12.0;31.8
7;2025-11-19;2;0.0;0.0;0.0
7;2025-11-19;3;0.0;0.0;0.0
7;2025-11-19;4;0.0;1.0;2.2
7;2025-11-19;5;155.2;207.0;294.0
7;2025-11-19;6;576.5;729.0;924.0
7;2025-11-19;7;1385.7;1744.0;2258.6
7;2025-11-19;8;2089.8;2657.0;3490.6
7;2025-11-19;9;1572.6;1967.0;2384.6
7;2025-11-19;10;1310.7;1706.0;2098.2
7;2025-11-19;11;1182.1;1551.0;1959.0
7;2025-11-19;12;1243.0;1647.0;2112.3
7;2025-11-19;13;1154.1;1610.0;2084.3
7;2025-11-19;14;1224.5;1709.0;2233.2
7;2025-11-19;15;1306.0;1850.0;2455.6
7;2025-11-19;16;1423.6;1944.0;2527.8
7;2025-11-19;17;1905.2;2480.0;3105.5
7;2025-11-19;18;2170.1;2732.0;3463.6
7;2025-11-19;19;1433.0;1834.0;2384.6
7;2025-11-19;20;922.0;1158.0;1458.3
7;2025-11-19;21;508.0;672.0;867.6
7;2025-11-19;22;233.6;336.0;462.3
7;2025-11-19;23;73.1;200.0;310.6
7;2025-11-20;0;0.0;63.0;125.5
7;2025-11-20;1;0.0;12.0;31.8
7;2025-11-20;2;0.0;0.0;0.0
7;2025-11-20;3;0.0;0.0;0.0
7;2025-11-20;4;0.0;1.0;2.2
7;2025-11-20;5;155.2;207.0;294.0
7;2025-11-20;6;576.5;729.0;924.0
7;2025-11-20;7;1385.7;1744.0;2258.6
7;2025-11-20;8;2089.8;2657.0;3490.6
7;2025-11-20;9;1572.6;1967.0;2384.6
7;2025-11-20;10;1310.7;1706.0;2098.2
7;2025-11-20;11;1182.1;1551.0;1959.0
7;2025-11-20;12;1243.0;1647.0;2112.3
7;2025-11-20;13;1154.1;1610.0;2084.3
7;2025-11-20;14;1224.5;1709.0;2233.2
7;2025-11-20;15;1306.0;1850.0;2455.6
7;2025-11-20;16;1423.6;1944.0;2527.8
7;2025-11-20;17;1905.2;2480.0;3105.5
7;2025-11-20;18;2170.1;2732.0;3463.6
7;2025-11-20;19;1433.0;1834.0;2384.6
7;2025-11-20;20;922.0;1158.0;1458.3
7;2025-11-20;21;508.0;672.0;867.6
7;2025-11-20;22;233.6;336.0;462.3
7;2025-11-20;23;73.1;200.0;310.6
7;2025-11-21;0;0.0;67.0;112.2
7;2025-11-21;1;0.0;12.0;31.1
7;2025-11-21;2;0.0;0.0;0.0
7;2025-11-21;3;0.0;0.0;0.0
7;2025-11-21;4;0.0;2.0;4.7
7;2025-11-21;5;135.9;183.0;270.5
7;2025-11-21;6;470.9;645.0;828.3
7;2025-11-21;7;1211.9;1566.0;2097.8
7;2025-11-21;8;1780.4;2310.0;3060.8
7;2025-11-21;9;1339.9;1732.0;2122.8
7;2025-11-21;10;1197.5;1570.0;1967.8
7;2025-11-21;11;1077.9;1499.0;1879.6
7;2025-11-21;12;1159.8;1590.0;2007.5
7;2025-11-21;13;1188.2;1648.0;2196.8
7;2025-11-21;14;1174.7;1723.0;2235.6
7;2025-11-21;15;1335.9;1842.0;2391.8
7;2025-11-21;16;1458.0;2050.0;2658.1
7;2025-11-21;17;1680.4;2268.0;2894.3
7;2025-11-21;18;1570.5;2054.0;2572.8
7;2025-11-21;19;1131.8;1457.0;1864.0
7;2025-11-21;20;801.6;1023.0;1338.6
7;2025-11-21;21;466.6;623.0;841.8
7;2025-11-21;22;228.4;351.0;481.5
7;2025-11-21;23;87.8;231.0;361.1
7;2025-11-22;0;0.0;105.0;210.2
7;2025-11-22;1;0.0;23.0;65.7
7;2025-11-22;2;0.0;0.0;0.0
7;2025-11-22;3;0.0;0.0;0.0
7;2025-11-22;4;0.0;0.0;0.0
7;2025-11-22;5;32.3;60.0;95.8
7;2025-11-22;6;174.6;291.0;436.5
7;2025-11-22;7;283.2;472.0;708.0
7;2025-11-22;8;435.6;726.0;1089.0
7;2025-11-22;9;523.8;873.0;1309.5
7;2025-11-22;10;585.6;976.0;1464.0
7;2025-11-22;11;606.0;1010.0;1515.0
7;2025-11-22;12;689.4;1165.0;1747.5
7;2025-11-22;13;770.4;1308.0;1962.0
7;2025-11-22;14;789.6;1316.0;1974.0
7;2025-11-22;15;733.8;1223.0;1834.5
7;2025-11-22;16;700.8;1168.0;1752.0
7;2025-11-22;17;701.4;1169.0;1753.5
7;2025-11-22;18;648.0;1080.0;1620.0
7;2025-11-22;19;649.8;1083.0;1624.5
7;2025-11-22;20;486.6;811.0;1216.5
7;2025-11-22;21;375.6;626.0;939.0
7;2025-11-22;22;219.6;366.0;549.0
7;2025-11-22;23;78.3;216.0;345.9
7;2025-11-23;0;0.0;91.0;165.2
7;2025-11-23;1;0.0;13.0;38.8
7;2025-11-23;2;0.0;0.0;0.0
7;2025-11-23;3;0.0;0.0;0.0
7;2025-11-23;4;0.0;1.0;2.8
7;2025-11-23;5;17.7;39.0;69.1
7;2025-11-23;6;124.2;207.0;318.6
7;2025-11-23;7;195.0;325.0;487.5
7;2025-11-23;8;318.0;530.0;795.0
7;2025-11-23;9;402.6;671.0;1006.5
7;2025-11-23;10;464.4;774.0;1161.0
7;2025-11-23;11;550.8;918.0;1377.0
7;2025-11-23;12;622.2;1037.0;1555.5
7;2025-11-23;13;641.4;1069.0;1603.5
7;2025-11-23;14;734.4;1224.0;1836.0
7;2025-11-23;15;662.4;1104.0;1656.0
7;2025-11-23;16;547.8;913.0;1369.5
7;2025-11-23;17;623.4;1039.0;1558.5
7;2025-11-23;18;523.2;872.0;1308.0
7;2025-11-23;19;507.0;845.0;1267.5
7;2025-11-23;20;387.6;646.0;969.0
7;2025-11-23;21;306.0;510.0;765.0
7;2025-11-23;22;178.2;297.0;445.5
7;2025-11-23;23;93.4;167.0;279.0
7;2025-11-24;0;0.0;63.0;125.5
7;2025-11-24;1;0.0;12.0;31.8
7;2025-11-24;2;0.0;0.0;0.0
7;2025-11-24;3;0.0;0.0;0.0
7;2025-11-24;4;0.0;1.0;2.2
7;2025-11-24;5;155.2;207.0;294.0
7;2025-11-24;6;576.5;729.0;924.0
7;2025-11-24;7;1385.7;1744.0;2258.6
7;2025-11-24;8;2089.8;2657.0;3490.6
7;2025-11-24;9;1572.6;1967.0;2384.6
7;2025-11-24;10;1310.7;1706.0;2098.2
7;2025-11-24;11;1182.1;1551.0;1959.0
7;2025-11-24;12;1243.0;1647.0;2112.3
7;2025-11-24;13;1154.1;1610.0;2084.3
7;2025-11-24;14;1224.5;1709.0;2233.2
7;2025-11-24;15;1306.0;1850.0;2455.6
7;2025-11-24;16;1423.6;1944.0;2527.8
7;2025-11-24;17;1905.2;2480.0;3105.5
7;2025-11-24;18;2170.1;2732.0;3463.6
7;2025-11-24;19;1433.0;1834.0;2384.6
7;2025-11-24;20;922.0;1158.0;1458.3
7;2025-11-24;21;508.0;672.0;867.6
7;2025-11-24;22;233.6;336.0;462.3
7;2025-11-24;23;73.1;200.0;310.6
7;2025-11-25;0;0.0;63.0;125.5
7;2025-11-25;1;0.0;12.0;31.8
7;2025-11-25;2;0.0;0.0;0.0
7;2025-11-25;3;0.0;0.0;0.0
7;2025-11-25;4;0.0;1.0;2.2
7;2025-11-25;5;155.2;207.0;294.0
7;2025-11-25;6;576.5;729.0;924.0
7;2025-11-25;7;1385.7;1744.0;2258.6
7;2025-11-25;8;2089.8;2657.0;3490.6
7;2025-11-25;9;1572.6;1967.0;2384.6
7;2025-11-25;10;1310.7;1706.0;2098.2
7;2025-11-25;11;1182.1;1551.0;1959.0
7;2025-11-25;12;1243.0;1647.0;2112.3
7;2025-11-25;13;1154.1;1610.0;2084.3
7;2025-11-25;14;1224.5;1709.0;2233.2
7;2025-11-25;15;1306.0;1850.0;2455.6
7;2025-11-25;16;1423.6;1944.0;2527.8
7;2025-11-25;17;1905.2;2480.0;3105.5
7;2025-11-25;18;2170.1;2732.0;3463.6
7;2025-11-25;19;1433.0;1834.0;2384.6
7;2025-11-25;20;922.0;1158.0;1458.3
7;2025-11-25;21;508.0;672.0;867.6
7;2025-11-25;22;233.6;336.0;462.3
7;2025-11-25;23;73.1;200.0;310.6
7;2025-11-26;0;0.0;63.0;125.5
7;2025-11-26;1;0.0;12.0;31.8
7;2025-11-26;2;0.0;0.0;0.0
7;2025-11-26;3;0.0;0.0;0.0
7;2025-11-26;4;0.0;1.0;2.2
7;2025-11-26;5;155.2;207.0;294.0
7;2025-11-26;6;576.5;729.0;924.0
7;2025-11-26;7;1385.7;1744.0;2258.6
7;2025-11-26;8;2089.8;2657.0;3490.6
7;2025-11-26;9;1572.6;1967.0;2384.6
7;2025-11-26;10;1310.7;1706.0;2098.2
7;2025-11-26;11;1182.1;1551.0;1959.0
7;2025-11-26;12;1243.0;1647.0;2112.3
7;2025-11-26;13;1154.1;1610.0;2084.3
7;2025-11-26;14;1224.5;1709.0;2233.2
7;2025-11-26;15;1306.0;1850.0;2455.6
7;2025-11-26;16;1423.6;1944.0;2527.8
7;2025-11-26;17;1905.2;2480.0;3105.5
7;2025-11-26;18;2170.1;2732.0;3463.6
7;2025-11-26;19;1433.0;1834.0;2384.6
7;2025-11-26;20;922.0;1158.0;1458.3
7;2025-11-26;21;508.0;672.0;867.6
7;2025-11-26;22;233.6;336.0;462.3
7;2025-11-26;23;73.1;200.0;310.6
7;2025-11-27;0;0.0;63.0;125.5
7;2025-11-27;1;0.0;12.0;31.8
7;2025-11-27;2;0.0;0.0;0.0
7;2025-11-27;3;0.0;0.0;0.0
7;2025-11-27;4;0.0;1.0;2.2
7;2025-11-27;5;155.2;207.0;294.0
7;2025-11-27;6;576.5;729.0;924.0
7;2025-11-27;7;1385.7;1744.0;2258.6
7;2025-11-27;8;2089.8;2657.0;3490.6
7;2025-11-27;9;1572.6;1967.0;2384.6
7;2025-11-27;10;1310.7;1706.0;2098.2
7;2025-11-27;11;1182.1;1551.0;1959.0
7;2025-11-27;12;1243.0;1647.0;2112.3
7;2025-11-27;13;1154.1;1610.0;2084.3
7;2025-11-27;14;1224.5;1709.0;2233.2
7;2025-11-27;15;1306.0;1850.0;2455.6
7;2025-11-27;16;1423.6;1944.0;2527.8
7;2025-11-27;17;1905.2;2480.0;3105.5
7;2025-11-27;18;2170.1;2732.0;3463.6
7;2025-11-27;19;1433.0;1834.0;2384.6
7;2025-11-27;20;922.0;1158.0;1458.3
7;2025-11-27;21;508.0;672.0;867.6
7;2025-11-27;22;233.6;336.0;462.3
7;2025-11-27;23;73.1;200.0;310.6
7;2025-11-28;0;0.0;67.0;112.2
7;2025-11-28;1;0.0;12.0;31.1
7;2025-11-28;2;0.0;0.0;0.0
7;2025-11-28;3;0.0;0.0;0.0
7;2025-11-28;4;0.0;2.0;4.7
7;2025-11-28;5;135.9;183.0;270.5
7;2025-11-28;6;470.9;645.0;828.3
7;2025-11-28;7;1211.9;1566.0;2097.8
7;2025-11-28;8;1780.4;2310.0;3060.8
7;2025-11-28;9;1339.9;1732.0;2122.8
7;2025-11-28;10;1197.5;1570.0;1967.8
7;2025-11-28;11;1077.9;1499.0;1879.6
7;2025-11-28;12;1159.8;1590.0;2007.5
7;2025-11-28;13;1188.2;1648.0;2196.8
7;2025-11-28;14;1174.7;1723.0;2235.6
7;2025-11-28;15;1335.9;1842.0;2391.8
7;2025-11-28;16;1458.0;2050.0;2658.1
7;2025-11-28;17;1680.4;2268.0;2894.3
7;2025-11-28;18;1570.5;2054.0;2572.8
7;2025-11-28;19;1131.8;1457.0;1864.0
7;2025-11-28;20;801.6;1023.0;1338.6
7;2025-11-28;21;466.6;623.0;841.8
7;2025-11-28;22;228.4;351.0;481.5
7;2025-11-28;23;87.8;231.0;361.1
7;2025-11-29;0;0.0;105.0;203.7
7;2025-11-29;1;0.0;23.0;62.5
7;2025-11-29;2;0.0;0.0;0.0
7;2025-11-29;3;0.0;0.0;0.0
7;2025-11-29;4;0.0;0.0;0.0
7;2025-11-29;5;33.4;60.0;92.3
7;2025-11-29;6;174.6;291.0;436.5
7;2025-11-29;7;283.2;472.0;708.0
7;2025-11-29;8;435.6;726.0;1089.0
7;2025-11-29;9;523.8;873.0;1309.5
7;2025-11-29;10;585.6;976.0;1464.0
7;2025-11-29;11;606.0;1010.0;1515.0
7;2025-11-29;12;692.8;1165.0;1747.5
7;2025-11-29;13;767.1;1308.0;1962.0
7;2025-11-29;14;789.6;1316.0;1974.0
7;2025-11-29;15;733.8;1223.0;1834.5
7;2025-11-29;16;700.8;1168.0;1752.0
7;2025-11-29;17;701.4;1169.0;1753.5
7;2025-11-29;18;648.0;1080.0;1620.0
7;2025-11-29;19;649.8;1083.0;1624.5
7;2025-11-29;20;486.6;811.0;1216.5
7;2025-11-29;21;375.6;626.0;939.0
7;2025-11-29;22;217.0;366.0;549.0
7;2025-11-29;23;77.9;216.0;359.1
7;2025-11-30;0;0.0;91.0;172.0
7;2025-11-30;1;0.0;13.0;38.3
7;2025-11-30;2;0.0;0.0;0.0
7;2025-11-30;3;0.0;0.0;0.0
7;2025-11-30;4;0.0;1.0;2.7
7;2025-11-30;5;18.5;39.0;66.4
7;2025-11-30;6;124.2;207.0;310.5
7;2025-11-30;7;195.0;325.0;487.5
7;2025-11-30;8;318.0;530.0;795.0
7;2025-11-30;9;402.6;671.0;1006.5
7;2025-11-30;10;464.4;774.0;1161.0
7;2025-11-30;11;543.8;918.0;1377.0
7;2025-11-30;12;620.0;1037.0;1555.5
7;2025-11-30;13;617.8;1069.0;1603.5
7;2025-11-30;14;728.2;1224.0;1836.0
7;2025-11-30;15;662.4;1104.0;1656.0
7;2025-11-30;16;547.8;913.0;1369.5
7;2025-11-30;17;623.4;1039.0;1558.5
7;2025-11-30;18;523.2;872.0;1308.0
7;2025-11-30;19;507.0;845.0;1267.5
7;2025-11-30;20;387.6;646.0;969.0
7;2025-11-30;21;306.0;510.0;765.0
7;2025-11-30;22;178.2;297.0;445.5
7;2025-11-30;23;94.3;167.0;272.3
7;2025-12-01;0;0.0;63.0;124.0
7;2025-12-01;1;0.0;12.0;33.5
7;2025-12-01;2;0.0;0.0;0.0
7;2025-12-01;3;0.0;0.0;0.0
7;2025-12-01;4;0.0;1.0;2.3
7;2025-12-01;5;153.7;207.0;301.4
7;2025-12-01;6;561.9;729.0;943.9
7;2025-12-01;7;1345.2;1744.0;2472.7
7;2025-12-01;8;1979.1;2657.0;3745.7
7;2025-12-01;9;1508.1;1967.0;2520.2
7;2025-12-01;10;1279.5;1706.0;2184.8
7;2025-12-01;11;1131.9;1551.0;2055.4
7;2025-12-01;12;1163.5;1647.0;2171.1
7;2025-12-01;13;1087.7;1610.0;2204.8
7;2025-12-01;14;1179.1;1709.0;2397.6
7;2025-12-01;15;1225.7;1850.0;2635.3
7;2025-12-01;16;1355.0;1944.0;2722.6
7;2025-12-01;17;1844.3;2480.0;3381.2
7;2025-12-01;18;2098.7;2732.0;3654.7
7;2025-12-01;19;1402.0;1834.0;2439.6
7;2025-12-01;20;889.7;1158.0;1492.9
7;2025-12-01;21;503.8;672.0;873.7
7;2025-12-01;22;232.9;336.0;462.1
7;2025-12-01;23;71.3;200.0;314.8
7;2025-12-02;0;0.0;63.0;124.0
7;2025-12-02;1;0.0;12.0;33.5
7;2025-12-02;2;0.0;0.0;0.0
7;2025-12-02;3;0.0;0.0;0.0
7;2025-12-02;4;0.0;1.0;2.3
7;2025-12-02;5;153.7;207.0;301.4
7;2025-12-02;6;561.9;729.0;943.9
7;2025-12-02;7;1345.2;1744.0;2472.7
7;2025-12-02;8;1979.1;2657.0;3745.7
7;2025-12-02;9;1508.1;1967.0;2520.2
7;2025-12-02;10;1279.5;1706.0;2184.8
7;2025-12-02;11;1131.9;1551.0;2055.4
7;2025-12-02;12;1163.5;1647.0;2171.1
7;2025-12-02;13;1087.7;1610.0;2204.8
7;2025-12-02;14;1179.1;1709.0;2397.6
7;2025-12-02;15;1225.7;1850.0;2635.3
7;2025-12-02;16;1355.0;1944.0;2722.6
7;2025-12-02;17;1844.3;2480.0;3381.2
7;2025-12-02;18;2098.7;2732.0;3654.7
7;2025-12-02;19;1402.0;1834.0;2439.6
7;2025-12-02;20;889.7;1158.0;1492.9
7;2025-12-02;21;503.8;672.0;873.7
7;2025-12-02;22;232.9;336.0;462.1
7;2025-12-02;23;71.3;200.0;314.8
7;2025-12-03;0;0.0;63.0;124.0
7;2025-12-03;1;0.0;12.0;33.5
7;2025-12-03;2;0.0;0.0;0.0
7;2025-12-03;3;0.0;0.0;0.0
7;2025-12-03;4;0.0;1.0;2.3
7;2025-12-03;5;153.7;207.0;301.4
7;2025-12-03;6;561.9;729.0;943.9
7;2025-12-03;7;1345.2;1744.0;2472.7
7;2025-12-03;8;1979.1;2657.0;3745.7
7;2025-12-03;9;1508.1;1967.0;2520.2
7;2025-12-03;10;1279.5;1706.0;2184.8
7;2025-12-03;11;1131.9;1551.0;2055.4
7;2025-12-03;12;1163.5;1647.0;2171.1
7;2025-12-03;13;1087.7;1610.0;2204.8
7;2025-12-03;14;1179.1;1709.0;2397.6
7;2025-12-03;15;1225.7;1850.0;2635.3
7;2025-12-03;16;1355.0;1944.0;2722.6
7;2025-12-03;17;1844.3;2480.0;3381.2
7;2025-12-03;18;2098.7;2732.0;3654.7
7;2025-12-03;19;1402.0;1834.0;2439.6
7;2025-12-03;20;889.7;1158.0;1492.9
7;2025-12-03;21;503.8;672.0;873.7
7;2025-12-03;22;232.9;336.0;462.1
7;2025-12-03;23;71.3;200.0;314.8
7;2025-12-04;0;0.0;63.0;124.0
7;2025-12-04;1;0.0;12.0;33.5
7;2025-12-04;2;0.0;0.0;0.0
7;2025-12-04;3;0.0;0.0;0.0
7;2025-12-04;4;0.0;1.0;2.3
7;2025-12-04;5;153.7;207.0;301.4
7;2025-12-04;6;561.9;729.0;943.9
7;2025-12-04;7;1345.2;1744.0;2472.7
7;2025-12-04;8;1979.1;2657.0;3745.7
7;2025-12-04;9;1508.1;1967.0;2520.2
7;2025-12-04;10;1279.5;1706.0;2184.8
7;2025-12-04;11;1131.9;1551.0;2055.4
7;2025-12-04;12;1163.5;1647.0;2171.1
7;2025-12-04;13;1087.7;1610.0;2204.8
7;2025-12-04;14;1179.1;1709.0;2397.6
7;2025-12-04;15;1225.7;1850.0;2635.3
7;2025-12-04;16;1355.0;1944.0;2722.6
7;2025-12-04;17;1844.3;2480.0;3381.2
7;2025-12-04;18;2098.7;2732.0;3654.7
7;2025-12-04;19;1402.0;1834.0;2439.6
7;2025-12-04;20;889.7;1158.0;1492.9
7;2025-12-04;21;503.8;672.0;873.7
7;2025-12-04;22;232.9;336.0;462.1
7;2025-12-04;23;71.3;200.0;314.8
7;2025-12-05;0;0.0;67.0;118.7
7;2025-12-05;1;0.0;12.0;32.0
7;2025-12-05;2;0.0;0.0;0.0
7;2025-12-05;3;0.0;0.0;0.0
7;2025-12-05;4;0.0;2.0;4.7
7;2025-12-05;5;130.6;183.0;273.9
7;2025-12-05;6;435.0;645.0;832.5
7;2025-12-05;7;1123.6;1566.0;2261.2
7;2025-12-05;8;1667.8;2310.0;3267.9
7;2025-12-05;9;1256.1;1732.0;2190.2
7;2025-12-05;10;1127.8;1570.0;2089.5
7;2025-12-05;11;1005.4;1499.0;1913.9
7;2025-12-05;12;1084.1;1590.0;2131.9
7;2025-12-05;13;1107.7;1648.0;2386.2
7;2025-12-05;14;1126.8;1723.0;2466.6
7;2025-12-05;15;1288.3;1842.0;2621.9
7;2025-12-05;16;1426.2;2050.0;2840.4
7;2025-12-05;17;1611.9;2268.0;3143.0
7;2025-12-05;18;1509.0;2054.0;2747.5
7;2025-12-05;19;1103.3;1457.0;1958.6
7;2025-12-05;20;785.9;1023.0;1349.6
7;2025-12-05;21;453.3;623.0;850.6
7;2025-12-05;22;224.3;351.0;502.7
7;2025-12-05;23;83.3;231.0;375.8
7;2025-12-06;0;0.0;105.0;203.7
7;2025-12-06;1;0.0;23.0;62.5
7;2025-12-06;2;0.0;0.0;0.0
7;2025-12-06;3;0.0;0.0;0.0
7;2025-12-06;4;0.0;0.0;0.0
7;2025-12-06;5;33.4;60.0;92.3
7;2025-12-06;6;174.6;291.0;436.5
7;2025-12-06;7;283.2;472.0;708.0
7;2025-12-06;8;435.6;726.0;1089.0
7;2025-12-06;9;523.8;873.0;1309.5
7;2025-12-06;10;585.6;976.0;1464.0
7;2025-12-06;11;606.0;1010.0;1515.0
7;2025-12-06;12;692.8;1165.0;1747.5
7;2025-12-06;13;767.1;1308.0;1962.0
7;2025-12-06;14;789.6;1316.0;1974.0
7;2025-12-06;15;733.8;1223.0;1834.5
7;2025-12-06;16;700.8;1168.0;1752.0
7;2025-12-06;17;701.4;1169.0;1753.5
7;2025-12-06;18;648.0;1080.0;1620.0
7;2025-12-06;19;649.8;1083.0;1624.5
7;2025-12-06;20;486.6;811.0;1216.5
7;2025-12-06;21;375.6;626.0;939.0
7;2025-12-06;22;217.0;366.0;549.0
7;2025-12-06;23;77.9;216.0;359.1
7;2025-12-07;0;0.0;91.0;172.0
7;2025-12-07;1;0.0;13.0;38.3
7;2025-12-07;2;0.0;0.0;0.0
7;2025-12-07;3;0.0;0.0;0.0
7;2025-12-07;4;0.0;1.0;2.7
7;2025-12-07;5;18.5;39.0;66.4
7;2025-12-07;6;124.2;207.0;310.5
7;2025-12-07;7;195.0;325.0;487.5
7;2025-12-07;8;318.0;530.0;795.0
7;2025-12-07;9;402.6;671.0;1006.5
7;2025-12-07;10;464.4;774.0;1161.0
7;2025-12-07;11;543.8;918.0;1377.0
7;2025-12-07;12;620.0;1037.0;1555.5
7;2025-12-07;13;617.8;1069.0;1603.5
7;2025-12-07;14;728.2;1224.0;1836.0
7;2025-12-07;15;662.4;1104.0;1656.0
7;2025-12-07;16;547.8;913.0;1369.5
7;2025-12-07;17;623.4;1039.0;1558.5
7;2025-12-07;18;523.2;872.0;1308.0
7;2025-12-07;19;507.0;845.0;1267.5
7;2025-12-07;20;387.6;646.0;969.0
7;2025-12-07;21;306.0;510.0;765.0
7;2025-12-07;22;178.2;297.0;445.5
7;2025-12-07;23;94.3;167.0;272.3
7;2025-12-08;0;0.0;63.0;124.0
7;2025-12-08;1;0.0;12.0;33.5
7;2025-12-08;2;0.0;0.0;0.0
7;2025-12-08;3;0.0;0.0;0.0
7;2025-12-08;4;0.0;1.0;2.3
7;2025-12-08;5;153.7;207.0;301.4
7;2025-12-08;6;561.9;729.0;943.9
7;2025-12-08;7;1345.2;1744.0;2472.7
7;2025-12-08;8;1979.1;2657.0;3745.7
7;2025-12-08;9;1508.1;1967.0;2520.2
7;2025-12-08;10;1279.5;1706.0;2184.8
7;2025-12-08;11;1131.9;1551.0;2055.4
7;2025-12-08;12;1163.5;1647.0;2171.1
7;2025-12-08;13;1087.7;1610.0;2204.8
7;2025-12-08;14;1179.1;1709.0;2397.6
7;2025-12-08;15;1225.7;1850.0;2635.3
7;2025-12-08;16;1355.0;1944.0;2722.6
7;2025-12-08;17;1844.3;2480.0;3381.2
7;2025-12-08;18;2098.7;2732.0;3654.7
7;2025-12-08;19;1402.0;1834.0;2439.6
7;2025-12-08;20;889.7;1158.0;1492.9
7;2025-12-08;21;503.8;672.0;873.7
7;2025-12-08;22;232.9;336.0;462.1
7;2025-12-08;23;71.3;200.0;314.8
7;2025-12-09;0;0.0;63.0;124.0
7;2025-12-09;1;0.0;12.0;33.5
7;2025-12-09;2;0.0;0.0;0.0
7;2025-12-09;3;0.0;0.0;0.0
7;2025-12-09;4;0.0;1.0;2.3
7;2025-12-09;5;153.7;207.0;301.4
7;2025-12-09;6;561.9;729.0;943.9
7;2025-12-09;7;1345.2;1744.0;2472.7
7;2025-12-09;8;1979.1;2657.0;3745.7
7;2025-12-09;9;1508.1;1967.0;2520.2
7;2025-12-09;10;1279.5;1706.0;2184.8
7;2025-12-09;11;1131.9;1551.0;2055.4
7;2025-12-09;12;1163.5;1647.0;2171.1
7;2025-12-09;13;1087.7;1610.0;2204.8
7;2025-12-09;14;1179.1;1709.0;2397.6
7;2025-12-09;15;1225.7;1850.0;2635.3
7;2025-12-09;16;1355.0;1944.0;2722.6
7;2025-12-09;17;1844.3;2480.0;3381.2
7;2025-12-09;18;2098.7;2732.0;3654.7
7;2025-12-09;19;1402.0;1834.0;2439.6
7;2025-12-09;20;889.7;1158.0;1492.9
7;2025-12-09;21;503.8;672.0;873.7
7;2025-12-09;22;232.9;336.0;462.1
7;2025-12-09;23;71.3;200.0;314.8
7;2025-12-10;0;0.0;63.0;124.0
7;2025-12-10;1;0.0;12.0;33.5
7;2025-12-10;2;0.0;0.0;0.0
7;2025-12-10;3;0.0;0.0;0.0
7;2025-12-10;4;0.0;1.0;2.3
7;2025-12-10;5;153.7;207.0;301.4
7;2025-12-10;6;561.9;729.0;943.9
7;2025-12-10;7;1345.2;1744.0;2472.7
7;2025-12-10;8;1979.1;2657.0;3745.7
7;2025-12-10;9;1508.1;1967.0;2520.2
7;2025-12-10;10;1279.5;1706.0;2184.8
7;2025-12-10;11;1131.9;1551.0;2055.4
7;2025-12-10;12;1163.5;1647.0;2171.1
7;2025-12-10;13;1087.7;1610.0;2204.8
7;2025-12-10;14;1179.1;1709.0;2397.6
7;2025-12-10;15;1225.7;1850.0;2635.3
7;2025-12-10;16;1355.0;1944.0;2722.6
7;2025-12-10;17;1844.3;2480.0;3381.2
7;2025-12-10;18;2098.7;2732.0;3654.7
7;2025-12-10;19;1402.0;1834.0;2439.6
7;2025-12-10;20;889.7;1158.0;1492.9
7;2025-12-10;21;503.8;672.0;873.7
7;2025-12-10;22;232.9;336.0;462.1
7;2025-12-10;23;71.3;200.0;314.8
7;2025-12-11;0;0.0;63.0;124.0
7;2025-12-11;1;0.0;12.0;33.5
7;2025-12-11;2;0.0;0.0;0.0
7;2025-12-11;3;0.0;0.0;0.0
7;2025-12-11;4;0.0;1.0;2.3
7;2025-12-11;5;153.7;207.0;301.4
7;2025-12-11;6;561.9;729.0;943.9
7;2025-12-11;7;1345.2;1744.0;2472.7
7;2025-12-11;8;1979.1;2657.0;3745.7
7;2025-12-11;9;1508.1;1967.0;2520.2
7;2025-12-11;10;1279.5;1706.0;2184.8
7;2025-12-11;11;1131.9;1551.0;2055.4
7;2025-12-11;12;1163.5;1647.0;2171.1
7;2025-12-11;13;1087.7;1610.0;2204.8
7;2025-12-11;14;1179.1;1709.0;2397.6
7;2025-12-11;15;1225.7;1850.0;2635.3
7;2025-12-11;16;1355.0;1944.0;2722.6
7;2025-12-11;17;1844.3;2480.0;3381.2
7;2025-12-11;18;2098.7;2732.0;3654.7
7;2025-12-11;19;1402.0;1834.0;2439.6
7;2025-12-11;20;889.7;1158.0;1492.9
7;2025-12-11;21;503.8;672.0;873.7
7;2025-12-11;22;232.9;336.0;462.1
7;2025-12-11;23;71.3;200.0;314.8
7;2025-12-12;0;0.0;67.0;118.7
7;2025-12-12;1;0.0;12.0;32.0
7;2025-12-12;2;0.0;0.0;0.0
7;2025-12-12;3;0.0;0.0;0.0
7;2025-12-12;4;0.0;2.0;4.7
7;2025-12-12;5;130.6;183.0;273.9
7;2025-12-12;6;435.0;645.0;832.5
7;2025-12-12;7;1123.6;1566.0;2261.2
7;2025-12-12;8;1667.8;2310.0;3267.9
7;2025-12-12;9;1256.1;1732.0;2190.2
7;2025-12-12;10;1127.8;1570.0;2089.5
7;2025-12-12;11;1005.4;1499.0;1913.9
7;2025-12-12;12;1084.1;1590.0;2131.9
7;2025-12-12;13;1107.7;1648.0;2386.2
7;2025-12-12;14;1126.8;1723.0;2466.6
7;2025-12-12;15;1288.3;1842.0;2621.9
7;2025-12-12;16;1426.2;2050.0;2840.4
7;2025-12-12;17;1611.9;2268.0;3143.0
7;2025-12-12;18;1509.0;2054.0;2747.5
7;2025-12-12;19;1103.3;1457.0;1958.6
7;2025-12-12;20;785.9;1023.0;1349.6
7;2025-12-12;21;453.3;623.0;850.6
7;2025-12-12;22;224.3;351.0;502.7
7;2025-12-12;23;83.3;231.0;375.8
7;2025-12-13;0;0.0;105.0;195.9
7;2025-12-13;1;0.0;23.0;68.5
7;2025-12-13;2;0.0;0.0;0.0
7;2025-12-13;3;0.0;0.0;0.0
7;2025-12-13;4;0.0;0.0;0.0
7;2025-12-13;5;30.6;60.0;93.5
7;2025-12-13;6;173.3;291.0;436.5
7;2025-12-13;7;283.2;472.0;708.0
7;2025-12-13;8;433.3;726.0;1089.0
7;2025-12-13;9;521.7;873.0;1309.5
7;2025-12-13;10;578.2;976.0;1464.0
7;2025-12-13;11;596.9;1010.0;1515.0
7;2025-12-13;12;634.8;1165.0;1747.5
7;2025-12-13;13;649.8;1308.0;1962.0
7;2025-12-13;14;789.3;1316.0;1979.0
7;2025-12-13;15;714.9;1223.0;1834.5
7;2025-12-13;16;693.5;1168.0;1752.0
7;2025-12-13;17;690.5;1169.0;1753.5
7;2025-12-13;18;648.0;1080.0;1620.0
7;2025-12-13;19;649.8;1083.0;1624.5
7;2025-12-13;20;486.6;811.0;1216.5
7;2025-12-13;21;375.6;626.0;939.0
7;2025-12-13;22;219.6;366.0;549.0
7;2025-12-13;23;72.7;216.0;348.9
7;2025-12-14;0;0.0;91.0;168.5
7;2025-12-14;1;0.0;13.0;41.2
7;2025-12-14;2;0.0;0.0;0.0
7;2025-12-14;3;0.0;0.0;0.0
7;2025-12-14;4;0.0;1.0;3.1
7;2025-12-14;5;18.3;39.0;67.6
7;2025-12-14;6;124.2;207.0;315.4
7;2025-12-14;7;195.0;325.0;487.5
7;2025-12-14;8;318.0;530.0;795.0
7;2025-12-14;9;402.6;671.0;1006.5
7;2025-12-14;10;464.4;774.0;1161.0
7;2025-12-14;11;522.7;918.0;1377.0
7;2025-12-14;12;622.2;1037.0;1555.5
7;2025-12-14;13;641.4;1069.0;1603.5
7;2025-12-14;14;734.4;1224.0;1836.0
7;2025-12-14;15;662.4;1104.0;1656.0
7;2025-12-14;16;547.8;913.0;1369.5
7;2025-12-14;17;623.4;1039.0;1558.5
7;2025-12-14;18;523.2;872.0;1308.0
7;2025-12-14;19;507.0;845.0;1267.5
7;2025-12-14;20;387.6;646.0;969.0
7;2025-12-14;21;306.0;510.0;765.0
7;2025-12-14;22;178.2;297.0;445.5
7;2025-12-14;23;90.7;167.0;270.2
7;2025-12-15;0;0.0;63.0;122.6
7;2025-12-15;1;0.0;12.0;34.5
7;2025-12-15;2;0.0;0.0;0.0
7;2025-12-15;3;0.0;0.0;0.0
7;2025-12-15;4;0.0;1.0;2.4
7;2025-12-15;5;153.7;207.0;305.1
7;2025-12-15;6;545.0;729.0;957.3
7;2025-12-15;7;1307.0;1744.0;2545.2
7;2025-12-15;8;1877.1;2657.0;3969.3
7;2025-12-15;9;1467.4;1967.0;2618.8
7;2025-12-15;10;1250.1;1706.0;2292.9
7;2025-12-15;11;1099.4;1551.0;2149.0
7;2025-12-15;12;1128.5;1647.0;2262.6
7;2025-12-15;13;1065.0;1610.0;2316.0
7;2025-12-15;14;1128.8;1709.0;2528.9
7;2025-12-15;15;1195.8;1850.0;2819.9
7;2025-12-15;16;1307.9;1944.0;2856.0
7;2025-12-15;17;1821.7;2480.0;3585.9
7;2025-12-15;18;2073.3;2732.0;3785.9
7;2025-12-15;19;1370.6;1834.0;2478.1
7;2025-12-15;20;891.7;1158.0;1492.8
7;2025-12-15;21;496.8;672.0;902.1
7;2025-12-15;22;231.0;336.0;475.9
7;2025-12-15;23;66.5;200.0;317.5
7;2025-12-16;0;0.0;63.0;122.6
7;2025-12-16;1;0.0;12.0;34.5
7;2025-12-16;2;0.0;0.0;0.0
7;2025-12-16;3;0.0;0.0;0.0
7;2025-12-16;4;0.0;1.0;2.4
7;2025-12-16;5;153.7;207.0;305.1
7;2025-12-16;6;545.0;729.0;957.3
7;2025-12-16;7;1307.0;1744.0;2545.2
7;2025-12-16;8;1877.1;2657.0;3969.3
7;2025-12-16;9;1467.4;1967.0;2618.8
7;2025-12-16;10;1250.1;1706.0;2292.9
7;2025-12-16;11;1099.4;1551.0;2149.0
7;2025-12-16;12;1128.5;1647.0;2262.6
7;2025-12-16;13;1065.0;1610.0;2316.0
7;2025-12-16;14;1128.8;1709.0;2528.9
7;2025-12-16;15;1195.8;1850.0;2819.9
7;2025-12-16;16;1307.9;1944.0;2856.0
7;2025-12-16;17;1821.7;2480.0;3585.9
7;2025-12-16;18;2073.3;2732.0;3785.9
7;2025-12-16;19;1370.6;1834.0;2478.1
7;2025-12-16;20;891.7;1158.0;1492.8
7;2025-12-16;21;496.8;672.0;902.1
7;2025-12-16;22;231.0;336.0;475.9
7;2025-12-16;23;66.5;200.0;317.5
7;2025-12-17;0;0.0;63.0;122.6
7;2025-12-17;1;0.0;12.0;34.5
7;2025-12-17;2;0.0;0.0;0.0
7;2025-12-17;3;0.0;0.0;0.0
7;2025-12-17;4;0.0;1.0;2.4
7;2025-12-17;5;153.7;207.0;305.1
7;2025-12-17;6;545.0;729.0;957.3
7;2025-12-17;7;1307.0;1744.0;2545.2
7;2025-12-17;8;1877.1;2657.0;3969.3
7;2025-12-17;9;1467.4;1967.0;2618.8
7;2025-12-17;10;1250.1;1706.0;2292.9
7;2025-12-17;11;1099.4;1551.0;2149.0
7;2025-12-17;12;1128.5;1647.0;2262.6
7;2025-12-17;13;1065.0;1610.0;2316.0
7;2025-12-17;14;1128.8;1709.0;2528.9
7;2025-12-17;15;1195.8;1850.0;2819.9
7;2025-12-17;16;1307.9;1944.0;2856.0
7;2025-12-17;17;1821.7;2480.0;3585.9
7;2025-12-17;18;2073.3;2732.0;3785.9
7;2025-12-17;19;1370.6;1834.0;2478.1
7;2025-12-17;20;891.7;1158.0;1492.8
7;2025-12-17;21;496.8;672.0;902.1
7;2025-12-17;22;231.0;336.0;475.9
7;2025-12-17;23;66.5;200.0;317.5
7;2025-12-18;0;0.0;63.0;122.6
7;2025-12-18;1;0.0;12.0;34.5
7;2025-12-18;2;0.0;0.0;0.0
7;2025-12-18;3;0.0;0.0;0.0
7;2025-12-18;4;0.0;1.0;2.4
7;2025-12-18;5;153.7;207.0;305.1
7;2025-12-18;6;545.0;729.0;957.3
7;2025-12-18;7;1307.0;1744.0;2545.2
7;2025-12-18;8;1877.1;2657.0;3969.3
7;2025-12-18;9;1467.4;1967.0;2618.8
7;2025-12-18;10;1250.1;1706.0;2292.9
7;2025-12-18;11;1099.4;1551.0;2149.0
7;2025-12-18;12;1128.5;1647.0;2262.6
7;2025-12-18;13;1065.0;1610.0;2316.0
7;2025-12-18;14;1128.8;1709.0;2528.9
7;2025-12-18;15;1195.8;1850.0;2819.9
7;2025-12-18;16;1307.9;1944.0;2856.0
7;2025-12-18;17;1821.7;2480.0;3585.9
7;2025-12-18;18;2073.3;2732.0;3785.9
7;2025-12-18;19;1370.6;1834.0;2478.1
7;2025-12-18;20;891.7;1158.0;1492.8
7;2025-12-18;21;496.8;672.0;902.1
7;2025-12-18;22;231.0;336.0;475.9
7;2025-12-18;23;66.5;200.0;317.5
7;2025-12-19;0;0.0;67.0;117.0
7;2025-12-19;1;0.0;12.0;32.7
7;2025-12-19;2;0.0;0.0;0.0
7;2025-12-19;3;0.0;0.0;0.0
7;2025-12-19;4;0.0;2.0;5.1
7;2025-12-19;5;130.9;183.0;282.4
7;2025-12-19;6;452.5;645.0;853.5
7;2025-12-19;7;1094.8;1566.0;2342.4
7;2025-12-19;8;1559.4;2310.0;3373.8
7;2025-12-19;9;1185.0;1732.0;2268.4
7;2025-12-19;10;1097.7;1570.0;2216.3
7;2025-12-19;11;1037.9;1499.0;2061.9
7;2025-12-19;12;1063.7;1590.0;2332.8
7;2025-12-19;13;1067.9;1648.0;2491.9
7;2025-12-19;14;1078.7;1723.0;2524.4
7;2025-12-19;15;1242.7;1842.0;2867.4
7;2025-12-19;16;1393.1;2050.0;3051.8
7;2025-12-19;17;1572.6;2268.0;3280.2
7;2025-12-19;18;1406.4;2054.0;2787.7
7;2025-12-19;19;1055.3;1457.0;1935.2
7;2025-12-19;20;755.4;1023.0;1324.2
7;2025-12-19;21;440.8;623.0;861.8
7;2025-12-19;22;229.6;351.0;509.0
7;2025-12-19;23;76.5;231.0;399.9
7;2025-12-20;0;0.0;105.0;195.9
7;2025-12-20;1;0.0;23.0;68.5
7;2025-12-20;2;0.0;0.0;0.0
7;2025-12-20;3;0.0;0.0;0.0
7;2025-12-20;4;0.0;0.0;0.0
7;2025-12-20;5;30.6;60.0;93.5
7;2025-12-20;6;173.3;291.0;436.5
7;2025-12-20;7;283.2;472.0;708.0
7;2025-12-20;8;433.3;726.0;1089.0
7;2025-12-20;9;521.7;873.0;1309.5
7;2025-12-20;10;578.2;976.0;1464.0
7;2025-12-20;11;596.9;1010.0;1515.0
7;2025-12-20;12;634.8;1165.0;1747.5
7;2025-12-20;13;649.8;1308.0;1962.0
7;2025-12-20;14;789.3;1316.0;1979.0
7;2025-12-20;15;714.9;1223.0;1834.5
7;2025-12-20;16;693.5;1168.0;1752.0
7;2025-12-20;17;690.5;1169.0;1753.5
7;2025-12-20;18;648.0;1080.0;1620.0
7;2025-12-20;19;649.8;1083.0;1624.5
7;2025-12-20;20;486.6;811.0;1216.5
7;2025-12-20;21;375.6;626.0;939.0
7;2025-12-20;22;219.6;366.0;549.0
7;2025-12-20;23;72.7;216.0;348.9
7;2025-12-21;0;0.0;91.0;168.5
7;2025-12-21;1;0.0;13.0;41.2
7;2025-12-21;2;0.0;0.0;0.0
7;2025-12-21;3;0.0;0.0;0.0
7;2025-12-21;4;0.0;1.0;3.1
7;2025-12-21;5;18.3;39.0;67.6
7;2025-12-21;6;124.2;207.0;315.4
7;2025-12-21;7;195.0;325.0;487.5
7;2025-12-21;8;318.0;530.0;795.0
7;2025-12-21;9;402.6;671.0;1006.5
7;2025-12-21;10;464.4;774.0;1161.0
7;2025-12-21;11;522.7;918.0;1377.0
7;2025-12-21;12;622.2;1037.0;1555.5
7;2025-12-21;13;641.4;1069.0;1603.5
7;2025-12-21;14;734.4;1224.0;1836.0
7;2025-12-21;15;662.4;1104.0;1656.0
7;2025-12-21;16;547.8;913.0;1369.5
7;2025-12-21;17;623.4;1039.0;1558.5
7;2025-12-21;18;523.2;872.0;1308.0
7;2025-12-21;19;507.0;845.0;1267.5
7;2025-12-21;20;387.6;646.0;969.0
7;2025-12-21;21;306.0;510.0;765.0
7;2025-12-21;22;178.2;297.0;445.5
7;2025-12-21;23;90.7;167.0;270.2
7;2025-12-22;0;0.0;63.0;122.6
7;2025-12-22;1;0.0;12.0;34.5
7;2025-12-22;2;0.0;0.0;0.0
7;2025-12-22;3;0.0;0.0;0.0
7;2025-12-22;4;0.0;1.0;2.4
7;2025-12-22;5;153.7;207.0;305.1
7;2025-12-22;6;545.0;729.0;957.3
7;2025-12-22;7;1307.0;1744.0;2545.2
7;2025-12-22;8;1877.1;2657.0;3969.3
7;2025-12-22;9;1467.4;1967.0;2618.8
7;2025-12-22;10;1250.1;1706.0;2292.9
7;2025-12-22;11;1099.4;1551.0;2149.0
7;2025-12-22;12;1128.5;1647.0;2262.6
7;2025-12-22;13;1065.0;1610.0;2316.0
7;2025-12-22;14;1128.8;1709.0;2528.9
7;2025-12-22;15;1195.8;1850.0;2819.9
7;2025-12-22;16;1307.9;1944.0;2856.0
7;2025-12-22;17;1821.7;2480.0;3585.9
7;2025-12-22;18;2073.3;2732.0;3785.9
7;2025-12-22;19;1370.6;1834.0;2478.1
7;2025-12-22;20;891.7;1158.0;1492.8
7;2025-12-22;21;496.8;672.0;902.1
7;2025-12-22;22;231.0;336.0;475.9
7;2025-12-22;23;66.5;200.0;317.5
7;2025-12-23;0;0.0;63.0;122.6
7;2025-12-23;1;0.0;12.0;34.5
7;2025-12-23;2;0.0;0.0;0.0
7;2025-12-23;3;0.0;0.0;0.0
7;2025-12-23;4;0.0;1.0;2.4
7;2025-12-23;5;153.7;207.0;305.1
7;2025-12-23;6;545.0;729.0;957.3
7;2025-12-23;7;1307.0;1744.0;2545.2
7;2025-12-23;8;1877.1;2657.0;3969.3
7;2025-12-23;9;1467.4;1967.0;2618.8
7;2025-12-23;10;1250.1;1706.0;2292.9
7;2025-12-23;11;1099.4;1551.0;2149.0
7;2025-12-23;12;1128.5;1647.0;2262.6
7;2025-12-23;13;1065.0;1610.0;2316.0
7;2025-12-23;14;1128.8;1709.0;2528.9
7;2025-12-23;15;1195.8;1850.0;2819.9
7;2025-12-23;16;1307.9;1944.0;2856.0
7;2025-12-23;17;1821.7;2480.0;3585.9
7;2025-12-23;18;2073.3;2732.0;3785.9
7;2025-12-23;19;1370.6;1834.0;2478.1
7;2025-12-23;20;891.7;1158.0;1492.8
7;2025-12-23;21;496.8;672.0;902.1
7;2025-12-23;22;231.0;336.0;475.9
7;2025-12-23;23;66.5;200.0;317.5
7;2025-12-24;0;0.0;63.0;122.6
7;2025-12-24;1;0.0;12.0;34.5
7;2025-12-24;2;0.0;0.0;0.0
7;2025-12-24;3;0.0;0.0;0.0
7;2025-12-24;4;0.0;1.0;2.4
7;2025-12-24;5;153.7;207.0;305.1
7;2025-12-24;6;545.0;729.0;957.3
7;2025-12-24;7;1307.0;1744.0;2545.2
7;2025-12-24;8;1877.1;2657.0;3969.3
7;2025-12-24;9;1467.4;1967.0;2618.8
7;2025-12-24;10;1250.1;1706.0;2292.9
7;2025-12-24;11;1099.4;1551.0;2149.0
7;2025-12-24;12;1128.5;1647.0;2262.6
7;2025-12-24;13;1065.0;1610.0;2316.0
7;2025-12-24;14;1128.8;1709.0;2528.9
7;2025-12-24;15;1195.8;1850.0;2819.9
7;2025-12-24;16;1307.9;1944.0;2856.0
7;2025-12-24;17;1821.7;2480.0;3585.9
7;2025-12-24;18;2073.3;2732.0;3785.9
7;2025-12-24;19;1370.6;1834.0;2478.1
7;2025-12-24;20;891.7;1158.0;1492.8
7;2025-12-24;21;496.8;672.0;902.1
7;2025-12-24;22;231.0;336.0;475.9
7;2025-12-24;23;66.5;200.0;317.5
7;2025-12-25;0;0.0;63.0;122.6
7;2025-12-25;1;0.0;12.0;34.5
7;2025-12-25;2;0.0;0.0;0.0
7;2025-12-25;3;0.0;0.0;0.0
7;2025-12-25;4;0.0;1.0;2.4
7;2025-12-25;5;153.7;207.0;305.1
7;2025-12-25;6;545.0;729.0;957.3
7;2025-12-25;7;1307.0;1744.0;2545.2
7;2025-12-25;8;1877.1;2657.0;3969.3
7;2025-12-25;9;1467.4;1967.0;2618.8
7;2025-12-25;10;1250.1;1706.0;2292.9
7;2025-12-25;11;1099.4;1551.0;2149.0
7;2025-12-25;12;1128.5;1647.0;2262.6
7;2025-12-25;13;1065.0;1610.0;2316.0
7;2025-12-25;14;1128.8;1709.0;2528.9
7;2025-12-25;15;1195.8;1850.0;2819.9
7;2025-12-25;16;1307.9;1944.0;2856.0
7;2025-12-25;17;1821.7;2480.0;3585.9
7;2025-12-25;18;2073.3;2732.0;3785.9
7;2025-12-25;19;1370.6;1834.0;2478.1
7;2025-12-25;20;891.7;1158.0;1492.8
7;2025-12-25;21;496.8;672.0;902.1
7;2025-12-25;22;231.0;336.0;475.9
7;2025-12-25;23;66.5;200.0;317.5
7;2025-12-26;0;0.0;67.0;117.0
7;2025-12-26;1;0.0;12.0;32.7
7;2025-12-26;2;0.0;0.0;0.0
7;2025-12-26;3;0.0;0.0;0.0
7;2025-12-26;4;0.0;2.0;5.1
7;2025-12-26;5;130.9;183.0;282.4
7;2025-12-26;6;452.5;645.0;853.5
7;2025-12-26;7;1094.8;1566.0;2342.4
7;2025-12-26;8;1559.4;2310.0;3373.8
7;2025-12-26;9;1185.0;1732.0;2268.4
7;2025-12-26;10;1097.7;1570.0;2216.3
7;2025-12-26;11;1037.9;1499.0;2061.9
7;2025-12-26;12;1063.7;1590.0;2332.8
7;2025-12-26;13;1067.9;1648.0;2491.9
7;2025-12-26;14;1078.7;1723.0;2524.4
7;2025-12-26;15;1242.7;1842.0;2867.4
7;2025-12-26;16;1393.1;2050.0;3051.8
7;2025-12-26;17;1572.6;2268.0;3280.2
7;2025-12-26;18;1406.4;2054.0;2787.7
7;2025-12-26;19;1055.3;1457.0;1935.2
7;2025-12-26;20;755.4;1023.0;1324.2
7;2025-12-26;21;440.8;623.0;861.8
7;2025-12-26;22;229.6;351.0;509.0
7;2025-12-26;23;76.5;231.0;399.9
7;2025-12-27;0;0.0;105.0;198.9
7;2025-12-27;1;0.0;23.0;80.6
7;2025-12-27;2;0.0;0.0;0.0
7;2025-12-27;3;0.0;0.0;0.0
7;2025-12-27;4;0.0;0.0;0.0
7;2025-12-27;5;32.1;60.0;91.2
7;2025-12-27;6;153.5;291.0;436.5
7;2025-12-27;7;283.2;472.0;708.0
7;2025-12-27;8;415.6;726.0;1109.7
7;2025-12-27;9;520.4;873.0;1309.5
7;2025-12-27;10;512.3;976.0;1464.0
7;2025-12-27;11;476.7;1010.0;1515.0
7;2025-12-27;12;544.0;1165.0;1850.7
7;2025-12-27;13;619.6;1308.0;2057.5
7;2025-12-27;14;764.0;1316.0;2252.5
7;2025-12-27;15;700.8;1223.0;1899.8
7;2025-12-27;16;700.8;1168.0;1963.3
7;2025-12-27;17;665.9;1169.0;1753.5
7;2025-12-27;18;608.3;1080.0;1620.0
7;2025-12-27;19;649.8;1083.0;1624.5
7;2025-12-27;20;486.6;811.0;1216.5
7;2025-12-27;21;375.6;626.0;939.0
7;2025-12-27;22;219.6;366.0;549.0
7;2025-12-27;23;61.9;216.0;333.8
7;2025-12-28;0;0.0;91.0;172.4
7;2025-12-28;1;0.0;13.0;36.1
7;2025-12-28;2;0.0;0.0;0.0
7;2025-12-28;3;0.0;0.0;0.0
7;2025-12-28;4;0.0;1.0;3.2
7;2025-12-28;5;16.5;39.0;72.3
7;2025-12-28;6;124.2;207.0;337.9
7;2025-12-28;7;195.0;325.0;487.5
7;2025-12-28;8;318.0;530.0;795.0
7;2025-12-28;9;402.6;671.0;1006.5
7;2025-12-28;10;462.3;774.0;1161.0
7;2025-12-28;11;550.8;918.0;1428.9
7;2025-12-28;12;622.2;1037.0;1560.8
7;2025-12-28;13;641.4;1069.0;1655.7
7;2025-12-28;14;734.4;1224.0;1883.1
7;2025-12-28;15;662.4;1104.0;1776.3
7;2025-12-28;16;547.8;913.0;1483.5
7;2025-12-28;17;623.4;1039.0;1575.0
7;2025-12-28;18;523.2;872.0;1308.0
7;2025-12-28;19;507.0;845.0;1267.5
7;2025-12-28;20;387.6;646.0;969.0
7;2025-12-28;21;306.0;510.0;803.7
7;2025-12-28;22;178.2;297.0;500.7
7;2025-12-28;23;72.1;167.0;286.3
7;2025-12-29;0;0.0;56.0;112.4
7;2025-12-29;1;0.0;11.0;32.3
7;2025-12-29;2;0.0;0.0;0.0
7;2025-12-29;3;0.0;0.0;0.0
7;2025-12-29;4;0.0;1.0;2.6
7;2025-12-29;5;109.2;182.0;273.0
7;2025-12-29;6;384.6;641.0;961.5
7;2025-12-29;7;921.0;1535.0;2325.3
7;2025-12-29;8;1403.4;2339.0;3653.2
7;2025-12-29;9;1038.6;1731.0;2596.5
7;2025-12-29;10;900.6;1501.0;2251.5
7;2025-12-29;11;818.4;1364.0;2046.0
7;2025-12-29;12;870.0;1450.0;2175.0
7;2025-12-29;13;850.2;1417.0;2125.5
7;2025-12-29;14;901.8;1503.0;2302.9
7;2025-12-29;15;977.4;1629.0;2582.6
7;2025-12-29;16;1026.0;1710.0;2612.5
7;2025-12-29;17;1309.2;2182.0;3315.0
7;2025-12-29;18;1443.0;2405.0;3607.5
7;2025-12-29;19;968.4;1614.0;2421.0
7;2025-12-29;20;610.8;1018.0;1527.0
7;2025-12-29;21;355.2;592.0;888.0
7;2025-12-29;22;178.2;297.0;445.5
7;2025-12-29;23;58.5;176.0;288.1
7;2025-12-30;0;0.0;56.0;112.4
7;2025-12-30;1;0.0;11.0;32.3
7;2025-12-30;2;0.0;0.0;0.0
7;2025-12-30;3;0.0;0.0;0.0
7;2025-12-30;4;0.0;1.0;2.6
7;2025-12-30;5;109.2;182.0;273.0
7;2025-12-30;6;384.6;641.0;961.5
7;2025-12-30;7;921.0;1535.0;2325.3
7;2025-12-30;8;1403.4;2339.0;3653.2
7;2025-12-30;9;1038.6;1731.0;2596.5
7;2025-12-30;10;900.6;1501.0;2251.5
7;2025-12-30;11;818.4;1364.0;2046.0
7;2025-12-30;12;870.0;1450.0;2175.0
7;2025-12-30;13;850.2;1417.0;2125.5
7;2025-12-30;14;901.8;1503.0;2302.9
7;2025-12-30;15;977.4;1629.0;2582.6
7;2025-12-30;16;1026.0;1710.0;2612.5
7;2025-12-30;17;1309.2;2182.0;3315.0
7;2025-12-30;18;1443.0;2405.0;3607.5
7;2025-12-30;19;968.4;1614.0;2421.0
7;2025-12-30;20;610.8;1018.0;1527.0
7;2025-12-30;21;355.2;592.0;888.0
7;2025-12-30;22;178.2;297.0;445.5
7;2025-12-30;23;58.5;176.0;288.1
7;2025-12-31;0;0.0;80.0;151.5
7;2025-12-31;1;0.0;18.0;49.9
7;2025-12-31;2;0.0;0.0;0.0
7;2025-12-31;3;0.0;0.0;0.0
7;2025-12-31;4;0.0;1.0;3.2
7;2025-12-31;5;16.0;38.0;70.4
7;2025-12-31;6;144.0;240.0;391.7
7;2025-12-31;7;176.4;294.0;441.0
7;2025-12-31;8;336.6;561.0;841.5
7;2025-12-31;9;266.4;444.0;666.0
7;2025-12-31;10;372.1;623.0;934.5
7;2025-12-31;11;352.8;588.0;915.2
7;2025-12-31;12;505.8;843.0;1268.8
7;2025-12-31;13;486.6;811.0;1256.1
7;2025-12-31;14;478.8;798.0;1227.7
7;2025-12-31;15;421.2;702.0;1129.5
7;2025-12-31;16;450.6;751.0;1220.3
7;2025-12-31;17;442.8;738.0;1118.7
7;2025-12-31;18;373.8;623.0;934.5
7;2025-12-31;19;324.6;541.0;811.5
7;2025-12-31;20;0.0;0.0;0.0
7;2025-12-31;21;0.0;0.0;0.0
7;2025-12-31;22;0.0;0.0;0.0
7;2025-12-31;23;0.0;0.0;0.0
11;2025-11-01;0;0.0;108.0;171.3
11;2025-11-01;1;0.0;0.0;0.0
11;2025-11-01;2;0.0;0.0;0.0
11;2025-11-01;3;0.0;0.0;0.0
11;2025-11-01;4;0.0;0.0;0.0
11;2025-11-01;5;160.0;212.0;334.4
11;2025-11-01;6;750.9;981.0;1227.9
11;2025-11-01;7;1417.6;1752.0;2154.0
11;2025-11-01;8;1938.9;2350.0;2876.3
11;2025-11-01;9;1413.3;1754.0;2105.6
11;2025-11-01;10;1137.7;1420.0;1722.5
11;2025-11-01;11;1038.4;1376.0;1670.6
11;2025-11-01;12;1082.6;1405.0;1695.5
11;2025-11-01;13;1091.2;1447.0;1832.1
11;2025-11-01;14;1170.5;1543.0;1930.2
11;2025-11-01;15;1319.9;1653.0;2087.4
11;2025-11-01;16;1414.0;1815.0;2233.1
11;2025-11-01;17;1769.3;2207.0;2635.3
11;2025-11-01;18;1486.3;1879.0;2273.3
11;2025-11-01;19;1174.3;1487.0;1855.2
11;2025-11-01;20;835.0;1048.0;1388.3
11;2025-11-01;21;511.6;663.0;866.4
11;2025-11-01;22;228.1;340.0;458.1
11;2025-11-01;23;97.5;232.0;354.0
11;2025-11-02;0;0.0;111.0;204.4
11;2025-11-02;1;0.0;15.0;44.4
11;2025-11-02;2;0.0;0.0;0.0
11;2025-11-02;3;0.0;0.0;0.0
11;2025-11-02;4;0.0;0.0;0.0
11;2025-11-02;5;57.4;118.0;195.8
11;2025-11-02;6;354.7;507.0;716.8
11;2025-11-02;7;367.6;519.0;675.3
11;2025-11-02;8;503.8;670.0;870.7
11;2025-11-02;9;655.1;913.0;1162.8
11;2025-11-02;10;686.0;1024.0;1268.9
11;2025-11-02;11;982.9;1465.0;1868.4
11;2025-11-02;12;1085.9;1601.0;1983.5
11;2025-11-02;13;1054.0;1543.0;1953.8
11;2025-11-02;14;1099.1;1627.0;2114.8
11;2025-11-02;15;1144.4;1650.0;2176.3
11;2025-11-02;16;1059.0;1567.0;2058.2
11;2025-11-02;17;1139.5;1671.0;2160.0
11;2025-11-02;18;934.8;1323.0;1748.3
11;2025-11-02;19;775.9;1083.0;1470.4
11;2025-11-02;20;617.9;864.0;1185.7
11;2025-11-02;21;461.6;636.0;919.1
11;2025-11-02;22;241.5;367.0;544.5
11;2025-11-02;23;142.6;245.0;390.7
11;2025-11-03;0;0.0;111.0;204.4
11;2025-11-03;1;0.0;15.0;44.4
11;2025-11-03;2;0.0;0.0;0.0
11;2025-11-03;3;0.0;0.0;0.0
11;2025-11-03;4;0.0;0.0;0.0
11;2025-11-03;5;57.4;118.0;195.8
11;2025-11-03;6;354.7;507.0;716.8
11;2025-11-03;7;367.6;519.0;675.3
11;2025-11-03;8;503.8;670.0;870.7
11;2025-11-03;9;655.1;913.0;1162.8
11;2025-11-03;10;686.0;1024.0;1268.9
11;2025-11-03;11;982.9;1465.0;1868.4
11;2025-11-03;12;1085.9;1601.0;1983.5
11;2025-11-03;13;1054.0;1543.0;1953.8
11;2025-11-03;14;1099.1;1627.0;2114.8
11;2025-11-03;15;1144.4;1650.0;2176.3
11;2025-11-03;16;1059.0;1567.0;2058.2
11;2025-11-03;17;1139.5;1671.0;2160.0
11;2025-11-03;18;934.8;1323.0;1748.3
11;2025-11-03;19;775.9;1083.0;1470.4
11;2025-11-03;20;617.9;864.0;1185.7
11;2025-11-03;21;461.6;636.0;919.1
11;2025-11-03;22;241.5;367.0;544.5
11;2025-11-03;23;142.6;245.0;390.7
11;2025-11-04;0;0.0;111.0;204.4
11;2025-11-04;1;0.0;15.0;44.4
11;2025-11-04;2;0.0;0.0;0.0
11;2025-11-04;3;0.0;0.0;0.0
11;2025-11-04;4;0.0;0.0;0.0
11;2025-11-04;5;57.4;118.0;195.8
11;2025-11-04;6;354.7;507.0;716.8
11;2025-11-04;7;367.6;519.0;675.3
11;2025-11-04;8;503.8;670.0;870.7
11;2025-11-04;9;655.1;913.0;1162.8
11;2025-11-04;10;686.0;1024.0;1268.9
11;2025-11-04;11;982.9;1465.0;1868.4
11;2025-11-04;12;1085.9;1601.0;1983.5
11;2025-11-04;13;1054.0;1543.0;1953.8
11;2025-11-04;14;1099.1;1627.0;2114.8
11;2025-11-04;15;1144.4;1650.0;2176.3
11;2025-11-04;16;1059.0;1567.0;2058.2
11;2025-11-04;17;1139.5;1671.0;2160.0
11;2025-11-04;18;934.8;1323.0;1748.3
11;2025-11-04;19;775.9;1083.0;1470.4
11;2025-11-04;20;617.9;864.0;1185.7
11;2025-11-04;21;461.6;636.0;919.1
11;2025-11-04;22;241.5;367.0;544.5
11;2025-11-04;23;142.6;245.0;390.7
11;2025-11-05;0;0.0;66.0;129.1
11;2025-11-05;1;0.0;3.0;8.3
11;2025-11-05;2;0.0;0.0;0.0
11;2025-11-05;3;0.0;0.0;0.0
11;2025-11-05;4;0.0;0.0;0.0
11;2025-11-05;5;214.0;283.0;394.7
11;2025-11-05;6;1084.6;1335.0;1638.0
11;2025-11-05;7;2040.9;2444.0;2863.3
11;2025-11-05;8;2662.8;3209.0;3809.5
11;2025-11-05;9;2057.5;2452.0;2869.7
11;2025-11-05;10;1576.7;1940.0;2296.4
11;2025-11-05;11;1509.8;1876.0;2248.7
11;2025-11-05;12;1516.9;1892.0;2298.9
11;2025-11-05;13;1578.6;2040.0;2484.8
11;2025-11-05;14;1532.6;1997.0;2444.4
11;2025-11-05;15;1559.9;2048.0;2524.8
11;2025-11-05;16;1796.1;2258.0;2740.4
11;2025-11-05;17;2323.3;2833.0;3356.0
11;2025-11-05;18;2600.5;3148.0;3765.1
11;2025-11-05;19;1855.0;2305.0;2842.5
11;2025-11-05;20;1199.3;1482.0;1801.2
11;2025-11-05;21;683.7;873.0;1127.6
11;2025-11-05;22;310.2;434.0;586.6
11;2025-11-05;23;92.3;235.0;356.1
11;2025-11-06;0;0.0;66.0;129.1
11;2025-11-06;1;0.0;3.0;8.3
11;2025-11-06;2;0.0;0.0;0.0
11;2025-11-06;3;0.0;0.0;0.0
11;2025-11-06;4;0.0;0.0;0.0
11;2025-11-06;5;214.0;283.0;394.7
11;2025-11-06;6;1084.6;1335.0;1638.0
11;2025-11-06;7;2040.9;2444.0;2863.3
11;2025-11-06;8;2662.8;3209.0;3809.5
11;2025-11-06;9;2057.5;2452.0;2869.7
11;2025-11-06;10;1576.7;1940.0;2296.4
11;2025-11-06;11;1509.8;1876.0;2248.7
11;2025-11-06;12;1516.9;1892.0;2298.9
11;2025-11-06;13;1578.6;2040.0;2484.8
11;2025-11-06;14;1532.6;1997.0;2444.4
11;2025-11-06;15;1559.9;2048.0;2524.8
11;2025-11-06;16;1796.1;2258.0;2740.4
11;2025-11-06;17;2323.3;2833.0;3356.0
11;2025-11-06;18;2600.5;3148.0;3765.1
11;2025-11-06;19;1855.0;2305.0;2842.5
11;2025-11-06;20;1199.3;1482.0;1801.2
11;2025-11-06;21;683.7;873.0;1127.6
11;2025-11-06;22;310.2;434.0;586.6
11;2025-11-06;23;92.3;235.0;356.1
11;2025-11-07;0;0.0;69.0;109.4
11;2025-11-07;1;0.0;2.0;5.1
11;2025-11-07;2;0.0;0.0;0.0
11;2025-11-07;3;0.0;0.0;0.0
11;2025-11-07;4;0.0;0.0;0.0
11;2025-11-07;5;199.2;264.0;416.4
11;2025-11-07;6;937.7;1225.0;1533.3
11;2025-11-07;7;1772.1;2190.0;2692.5
11;2025-11-07;8;2423.2;2937.0;3594.7
11;2025-11-07;9;1767.0;2193.0;2632.6
11;2025-11-07;10;1422.1;1775.0;2153.2
11;2025-11-07;11;1298.0;1720.0;2088.3
11;2025-11-07;12;1353.9;1757.0;2120.3
11;2025-11-07;13;1364.2;1809.0;2290.5
11;2025-11-07;14;1462.5;1928.0;2411.8
11;2025-11-07;15;1649.7;2066.0;2609.0
11;2025-11-07;16;1766.9;2268.0;2790.4
11;2025-11-07;17;2211.9;2759.0;3294.4
11;2025-11-07;18;1857.3;2348.0;2840.8
11;2025-11-07;19;1468.0;1859.0;2319.4
11;2025-11-07;20;1043.8;1310.0;1735.4
11;2025-11-07;21;639.7;829.0;1083.3
11;2025-11-07;22;285.8;426.0;574.0
11;2025-11-07;23;121.8;290.0;442.5
11;2025-11-08;0;0.0;109.0;198.2
11;2025-11-08;1;0.0;2.0;5.4
11;2025-11-08;2;0.0;0.0;0.0
11;2025-11-08;3;0.0;0.0;0.0
11;2025-11-08;4;0.0;0.0;0.0
11;2025-11-08;5;119.6;205.0;318.7
11;2025-11-08;6;544.4;826.0;1160.4
11;2025-11-08;7;532.0;765.0;995.0
11;2025-11-08;8;684.6;1056.0;1388.1
11;2025-11-08;9;821.2;1210.0;1598.6
11;2025-11-08;10;878.7;1354.0;1724.6
11;2025-11-08;11;1152.3;1759.0;2285.5
11;2025-11-08;12;1258.6;1969.0;2527.8
11;2025-11-08;13;1183.2;1861.0;2466.4
11;2025-11-08;14;1312.2;1963.0;2621.8
11;2025-11-08;15;1243.5;1878.0;2472.5
11;2025-11-08;16;1264.6;1881.0;2468.6
11;2025-11-08;17;1320.5;1917.0;2531.0
11;2025-11-08;18;1192.5;1614.0;2171.3
11;2025-11-08;19;1099.3;1545.0;2073.5
11;2025-11-08;20;787.1;1117.0;1592.1
11;2025-11-08;21;552.8;787.0;1134.4
11;2025-11-08;22;305.3;463.0;695.1
11;2025-11-08;23;119.0;311.0;515.5
11;2025-11-09;0;0.0;111.0;204.4
11;2025-11-09;1;0.0;15.0;44.4
11;2025-11-09;2;0.0;0.0;0.0
11;2025-11-09;3;0.0;0.0;0.0
11;2025-11-09;4;0.0;0.0;0.0
11;2025-11-09;5;57.4;118.0;195.8
11;2025-11-09;6;354.7;507.0;716.8
11;2025-11-09;7;367.6;519.0;675.3
11;2025-11-09;8;503.8;670.0;870.7
11;2025-11-09;9;655.1;913.0;1162.8
11;2025-11-09;10;686.0;1024.0;1268.9
11;2025-11-09;11;982.9;1465.0;1868.4
11;2025-11-09;12;1085.9;1601.0;1983.5
11;2025-11-09;13;1054.0;1543.0;1953.8
11;2025-11-09;14;1099.1;1627.0;2114.8
11;2025-11-09;15;1144.4;1650.0;2176.3
11;2025-11-09;16;1059.0;1567.0;2058.2
11;2025-11-09;17;1139.5;1671.0;2160.0
11;2025-11-09;18;934.8;1323.0;1748.3
11;2025-11-09;19;775.9;1083.0;1470.4
11;2025-11-09;20;617.9;864.0;1185.7
11;2025-11-09;21;461.6;636.0;919.1
11;2025-11-09;22;241.5;367.0;544.5
11;2025-11-09;23;142.6;245.0;390.7
11;2025-11-10;0;0.0;66.0;129.1
11;2025-11-10;1;0.0;3.0;8.3
11;2025-11-10;2;0.0;0.0;0.0
11;2025-11-10;3;0.0;0.0;0.0
11;2025-11-10;4;0.0;0.0;0.0
11;2025-11-10;5;214.0;283.0;394.7
11;2025-11-10;6;1084.6;1335.0;1638.0
11;2025-11-10;7;2040.9;2444.0;2863.3
11;2025-11-10;8;2662.8;3209.0;3809.5
11;2025-11-10;9;2057.5;2452.0;2869.7
11;2025-11-10;10;1576.7;1940.0;2296.4
11;2025-11-10;11;1509.8;1876.0;2248.7
11;2025-11-10;12;1516.9;1892.0;2298.9
11;2025-11-10;13;1578.6;2040.0;2484.8
11;2025-11-10;14;1532.6;1997.0;2444.4
11;2025-11-10;15;1559.9;2048.0;2524.8
11;2025-11-10;16;1796.1;2258.0;2740.4
11;2025-11-10;17;2323.3;2833.0;3356.0
11;2025-11-10;18;2600.5;3148.0;3765.1
11;2025-11-10;19;1855.0;2305.0;2842.5
11;2025-11-10;20;1199.3;1482.0;1801.2
11;2025-11-10;21;683.7;873.0;1127.6
11;2025-11-10;22;310.2;434.0;586.6
11;2025-11-10;23;92.3;235.0;356.1
11;2025-11-11;0;0.0;66.0;129.1
11;2025-11-11;1;0.0;3.0;8.3
11;2025-11-11;2;0.0;0.0;0.0
11;2025-11-11;3;0.0;0.0;0.0
11;2025-11-11;4;0.0;0.0;0.0
11;2025-11-11;5;214.0;283.0;394.7
11;2025-11-11;6;1084.6;1335.0;1638.0
11;2025-11-11;7;2040.9;2444.0;2863.3
11;2025-11-11;8;2662.8;3209.0;3809.5
11;2025-11-11;9;2057.5;2452.0;2869.7
11;2025-11-11;10;1576.7;1940.0;2296.4
11;2025-11-11;11;1509.8;1876.0;2248.7
11;2025-11-11;12;1516.9;1892.0;2298.9
11;2025-11-11;13;1578.6;2040.0;2484.8
11;2025-11-11;14;1532.6;1997.0;2444.4
11;2025-11-11;15;1559.9;2048.0;2524.8
11;2025-11-11;16;1796.1;2258.0;2740.4
11;2025-11-11;17;2323.3;2833.0;3356.0
11;2025-11-11;18;2600.5;3148.0;3765.1
11;2025-11-11;19;1855.0;2305.0;2842.5
11;2025-11-11;20;1199.3;1482.0;1801.2
11;2025-11-11;21;683.7;873.0;1127.6
11;2025-11-11;22;310.2;434.0;586.6
11;2025-11-11;23;92.3;235.0;356.1
11;2025-11-12;0;0.0;66.0;129.1
11;2025-11-12;1;0.0;3.0;8.3
11;2025-11-12;2;0.0;0.0;0.0
11;2025-11-12;3;0.0;0.0;0.0
11;2025-11-12;4;0.0;0.0;0.0
11;2025-11-12;5;214.0;283.0;394.7
11;2025-11-12;6;1084.6;1335.0;1638.0
11;2025-11-12;7;2040.9;2444.0;2863.3
11;2025-11-12;8;2662.8;3209.0;3809.5
11;2025-11-12;9;2057.5;2452.0;2869.7
11;2025-11-12;10;1576.7;1940.0;2296.4
11;2025-11-12;11;1509.8;1876.0;2248.7
11;2025-11-12;12;1516.9;1892.0;2298.9
11;2025-11-12;13;1578.6;2040.0;2484.8
11;2025-11-12;14;1532.6;1997.0;2444.4
11;2025-11-12;15;1559.9;2048.0;2524.8
11;2025-11-12;16;1796.1;2258.0;2740.4
11;2025-11-12;17;2323.3;2833.0;3356.0
11;2025-11-12;18;2600.5;3148.0;3765.1
11;2025-11-12;19;1855.0;2305.0;2842.5
11;2025-11-12;20;1199.3;1482.0;1801.2
11;2025-11-12;21;683.7;873.0;1127.6
11;2025-11-12;22;310.2;434.0;586.6
11;2025-11-12;23;92.3;235.0;356.1
11;2025-11-13;0;0.0;66.0;129.1
11;2025-11-13;1;0.0;3.0;8.3
11;2025-11-13;2;0.0;0.0;0.0
11;2025-11-13;3;0.0;0.0;0.0
11;2025-11-13;4;0.0;0.0;0.0
11;2025-11-13;5;214.0;283.0;394.7
11;2025-11-13;6;1084.6;1335.0;1638.0
11;2025-11-13;7;2040.9;2444.0;2863.3
11;2025-11-13;8;2662.8;3209.0;3809.5
11;2025-11-13;9;2057.5;2452.0;2869.7
11;2025-11-13;10;1576.7;1940.0;2296.4
11;2025-11-13;11;1509.8;1876.0;2248.7
11;2025-11-13;12;1516.9;1892.0;2298.9
11;2025-11-13;13;1578.6;2040.0;2484.8
11;2025-11-13;14;1532.6;1997.0;2444.4
11;2025-11-13;15;1559.9;2048.0;2524.8
11;2025-11-13;16;1796.1;2258.0;2740.4
11;2025-11-13;17;2323.3;2833.0;3356.0
11;2025-11-13;18;2600.5;3148.0;3765.1
11;2025-11-13;19;1855.0;2305.0;2842.5
11;2025-11-13;20;1199.3;1482.0;1801.2
11;2025-11-13;21;683.7;873.0;1127.6
11;2025-11-13;22;310.2;434.0;586.6
11;2025-11-13;23;92.3;235.0;356.1
11;2025-11-14;0;0.0;69.0;109.4
11;2025-11-14;1;0.0;2.0;5.1
11;2025-11-14;2;0.0;0.0;0.0
11;2025-11-14;3;0.0;0.0;0.0
11;2025-11-14;4;0.0;0.0;0.0
11;2025-11-14;5;199.2;264.0;416.4
11;2025-11-14;6;937.7;1225.0;1533.3
11;2025-11-14;7;1772.1;2190.0;2692.5
11;2025-11-14;8;2423.2;2937.0;3594.7
11;2025-11-14;9;1767.0;2193.0;2632.6
11;2025-11-14;10;1422.1;1775.0;2153.2
11;2025-11-14;11;1298.0;1720.0;2088.3
11;2025-11-14;12;1353.9;1757.0;2120.3
11;2025-11-14;13;1364.2;1809.0;2290.5
11;2025-11-14;14;1462.5;1928.0;2411.8
11;2025-11-14;15;1649.7;2066.0;2609.0
11;2025-11-14;16;1766.9;2268.0;2790.4
11;2025-11-14;17;2211.9;2759.0;3294.4
11;2025-11-14;18;1857.3;2348.0;2840.8
11;2025-11-14;19;1468.0;1859.0;2319.4
11;2025-11-14;20;1043.8;1310.0;1735.4
11;2025-11-14;21;639.7;829.0;1083.3
11;2025-11-14;22;285.8;426.0;574.0
11;2025-11-14;23;121.8;290.0;442.5
11;2025-11-15;0;0.0;109.0;218.2
11;2025-11-15;1;0.0;2.0;5.7
11;2025-11-15;2;0.0;0.0;0.0
11;2025-11-15;3;0.0;0.0;0.0
11;2025-11-15;4;0.0;0.0;0.0
11;2025-11-15;5;110.4;205.0;327.2
11;2025-11-15;6;510.5;826.0;1141.5
11;2025-11-15;7;512.9;765.0;1047.3
11;2025-11-15;8;690.2;1056.0;1465.3
11;2025-11-15;9;771.6;1210.0;1629.9
11;2025-11-15;10;843.1;1354.0;1806.1
11;2025-11-15;11;1063.9;1759.0;2401.7
11;2025-11-15;12;1165.2;1969.0;2630.2
11;2025-11-15;13;1096.1;1861.0;2573.3
11;2025-11-15;14;1291.3;1963.0;2798.4
11;2025-11-15;15;1247.6;1878.0;2594.5
11;2025-11-15;16;1246.3;1881.0;2528.7
11;2025-11-15;17;1255.6;1917.0;2561.5
11;2025-11-15;18;1124.1;1614.0;2218.4
11;2025-11-15;19;1092.8;1545.0;2103.9
11;2025-11-15;20;769.5;1117.0;1528.9
11;2025-11-15;21;527.1;787.0;1106.0
11;2025-11-15;22;298.3;463.0;677.6
11;2025-11-15;23;112.7;311.0;498.1
11;2025-11-16;0;0.0;111.0;201.6
11;2025-11-16;1;0.0;15.0;44.8
11;2025-11-16;2;0.0;0.0;0.0
11;2025-11-16;3;0.0;0.0;0.0
11;2025-11-16;4;0.0;0.0;0.0
11;2025-11-16;5;53.7;118.0;209.0
11;2025-11-16;6;343.3;507.0;780.4
11;2025-11-16;7;357.1;519.0;700.1
11;2025-11-16;8;476.3;670.0;900.2
11;2025-11-16;9;617.7;913.0;1187.5
11;2025-11-16;10;680.6;1024.0;1312.0
11;2025-11-16;11;928.1;1465.0;1904.5
11;2025-11-16;12;1049.8;1601.0;2054.3
11;2025-11-16;13;1020.4;1543.0;2014.2
11;2025-11-16;14;1092.4;1627.0;2219.4
11;2025-11-16;15;1117.9;1650.0;2243.9
11;2025-11-16;16;1059.0;1567.0;2137.1
11;2025-11-16;17;1116.7;1671.0;2224.0
11;2025-11-16;18;935.5;1323.0;1803.8
11;2025-11-16;19;753.3;1083.0;1527.4
11;2025-11-16;20;606.7;864.0;1234.3
11;2025-11-16;21;448.1;636.0;905.4
11;2025-11-16;22;239.0;367.0;541.6
11;2025-11-16;23;137.1;245.0;409.3
11;2025-11-17;0;0.0;66.0;131.5
11;2025-11-17;1;0.0;3.0;7.9
11;2025-11-17;2;0.0;0.0;0.0
11;2025-11-17;3;0.0;0.0;0.0
11;2025-11-17;4;0.0;0.0;0.0
11;2025-11-17;5;212.2;283.0;401.9
11;2025-11-17;6;1055.8;1335.0;1692.1
11;2025-11-17;7;1941.9;2444.0;3165.2
11;2025-11-17;8;2524.0;3209.0;4215.8
11;2025-11-17;9;1960.3;2452.0;2972.6
11;2025-11-17;10;1490.5;1940.0;2386.0
11;2025-11-17;11;1429.8;1876.0;2369.5
11;2025-11-17;12;1428.0;1892.0;2426.5
11;2025-11-17;13;1462.3;2040.0;2640.9
11;2025-11-17;14;1430.8;1997.0;2609.6
11;2025-11-17;15;1445.8;2048.0;2718.4
11;2025-11-17;16;1653.6;2258.0;2936.1
11;2025-11-17;17;2176.4;2833.0;3547.6
11;2025-11-17;18;2500.6;3148.0;3991.1
11;2025-11-17;19;1801.0;2305.0;2997.0
11;2025-11-17;20;1179.9;1482.0;1866.4
11;2025-11-17;21;659.9;873.0;1127.1
11;2025-11-17;22;301.7;434.0;597.2
11;2025-11-17;23;85.9;235.0;364.9
11;2025-11-18;0;0.0;66.0;131.5
11;2025-11-18;1;0.0;3.0;7.9
11;2025-11-18;2;0.0;0.0;0.0
11;2025-11-18;3;0.0;0.0;0.0
11;2025-11-18;4;0.0;0.0;0.0
11;2025-11-18;5;212.2;283.0;401.9
11;2025-11-18;6;1055.8;1335.0;1692.1
11;2025-11-18;7;1941.9;2444.0;3165.2
11;2025-11-18;8;2524.0;3209.0;4215.8
11;2025-11-18;9;1960.3;2452.0;2972.6
11;2025-11-18;10;1490.5;1940.0;2386.0
11;2025-11-18;11;1429.8;1876.0;2369.5
11;2025-11-18;12;1428.0;1892.0;2426.5
11;2025-11-18;13;1462.3;2040.0;2640.9
11;2025-11-18;14;1430.8;1997.0;2609.6
11;2025-11-18;15;1445.8;2048.0;2718.4
11;2025-11-18;16;1653.6;2258.0;2936.1
11;2025-11-18;17;2176.4;2833.0;3547.6
11;2025-11-18;18;2500.6;3148.0;3991.1
11;2025-11-18;19;1801.0;2305.0;2997.0
11;2025-11-18;20;1179.9;1482.0;1866.4
11;2025-11-18;21;659.9;873.0;1127.1
11;2025-11-18;22;301.7;434.0;597.2
11;2025-11-18;23;85.9;235.0;364.9
11;2025-11-19;0;0.0;66.0;131.5
11;2025-11-19;1;0.0;3.0;7.9
11;2025-11-19;2;0.0;0.0;0.0
11;2025-11-19;3;0.0;0.0;0.0
11;2025-11-19;4;0.0;0.0;0.0
11;2025-11-19;5;212.2;283.0;401.9
11;2025-11-19;6;1055.8;1335.0;1692.1
11;2025-11-19;7;1941.9;2444.0;3165.2
11;2025-11-19;8;2524.0;3209.0;4215.8
11;2025-11-19;9;1960.3;2452.0;2972.6
11;2025-11-19;10;1490.5;1940.0;2386.0
11;2025-11-19;11;1429.8;1876.0;2369.5
11;2025-11-19;12;1428.0;1892.0;2426.5
11;2025-11-19;13;1462.3;2040.0;2640.9
11;2025-11-19;14;1430.8;1997.0;2609.6
11;2025-11-19;15;1445.8;2048.0;2718.4
11;2025-11-19;16;1653.6;2258.0;2936.1
11;2025-11-19;17;2176.4;2833.0;3547.6
11;2025-11-19;18;2500.6;3148.0;3991.1
11;2025-11-19;19;1801.0;2305.0;2997.0
11;2025-11-19;20;1179.9;1482.0;1866.4
11;2025-11-19;21;659.9;873.0;1127.1
11;2025-11-19;22;301.7;434.0;597.2
11;2025-11-19;23;85.9;235.0;364.9
11;2025-11-20;0;0.0;66.0;131.5
11;2025-11-20;1;0.0;3.0;7.9
11;2025-11-20;2;0.0;0.0;0.0
11;2025-11-20;3;0.0;0.0;0.0
11;2025-11-20;4;0.0;0.0;0.0
11;2025-11-20;5;212.2;283.0;401.9
11;2025-11-20;6;1055.8;1335.0;1692.1
11;2025-11-20;7;1941.9;2444.0;3165.2
11;2025-11-20;8;2524.0;3209.0;4215.8
11;2025-11-20;9;1960.3;2452.0;2972.6
11;2025-11-20;10;1490.5;1940.0;2386.0
11;2025-11-20;11;1429.8;1876.0;2369.5
11;2025-11-20;12;1428.0;1892.0;2426.5
11;2025-11-20;13;1462.3;2040.0;2640.9
11;2025-11-20;14;1430.8;1997.0;2609.6
11;2025-11-20;15;1445.8;2048.0;2718.4
11;2025-11-20;16;1653.6;2258.0;2936.1
11;2025-11-20;17;2176.4;2833.0;3547.6
11;2025-11-20;18;2500.6;3148.0;3991.1
11;2025-11-20;19;1801.0;2305.0;2997.0
11;2025-11-20;20;1179.9;1482.0;1866.4
11;2025-11-20;21;659.9;873.0;1127.1
11;2025-11-20;22;301.7;434.0;597.2
11;2025-11-20;23;85.9;235.0;364.9
11;2025-11-21;0;0.0;69.0;115.5
11;2025-11-21;1;0.0;2.0;5.2
11;2025-11-21;2;0.0;0.0;0.0
11;2025-11-21;3;0.0;0.0;0.0
11;2025-11-21;4;0.0;0.0;0.0
11;2025-11-21;5;196.1;264.0;390.3
11;2025-11-21;6;894.4;1225.0;1573.1
11;2025-11-21;7;1694.8;2190.0;2933.7
11;2025-11-21;8;2263.6;2937.0;3891.6
11;2025-11-21;9;1696.5;2193.0;2687.8
11;2025-11-21;10;1353.9;1775.0;2224.7
11;2025-11-21;11;1236.8;1720.0;2156.7
11;2025-11-21;12;1281.6;1757.0;2218.3
11;2025-11-21;13;1304.2;1809.0;2411.4
11;2025-11-21;14;1314.4;1928.0;2501.5
11;2025-11-21;15;1498.4;2066.0;2682.6
11;2025-11-21;16;1613.0;2268.0;2940.8
11;2025-11-21;17;2044.2;2759.0;3520.9
11;2025-11-21;18;1795.3;2348.0;2941.1
11;2025-11-21;19;1444.1;1859.0;2378.3
11;2025-11-21;20;1026.4;1310.0;1714.1
11;2025-11-21;21;620.8;829.0;1120.1
11;2025-11-21;22;277.2;426.0;584.4
11;2025-11-21;23;110.2;290.0;453.3
11;2025-11-22;0;0.0;109.0;218.2
11;2025-11-22;1;0.0;2.0;5.7
11;2025-11-22;2;0.0;0.0;0.0
11;2025-11-22;3;0.0;0.0;0.0
11;2025-11-22;4;0.0;0.0;0.0
11;2025-11-22;5;110.4;205.0;327.2
11;2025-11-22;6;510.5;826.0;1141.5
11;2025-11-22;7;512.9;765.0;1047.3
11;2025-11-22;8;690.2;1056.0;1465.3
11;2025-11-22;9;771.6;1210.0;1629.9
11;2025-11-22;10;843.1;1354.0;1806.1
11;2025-11-22;11;1063.9;1759.0;2401.7
11;2025-11-22;12;1165.2;1969.0;2630.2
11;2025-11-22;13;1096.1;1861.0;2573.3
11;2025-11-22;14;1291.3;1963.0;2798.4
11;2025-11-22;15;1247.6;1878.0;2594.5
11;2025-11-22;16;1246.3;1881.0;2528.7
11;2025-11-22;17;1255.6;1917.0;2561.5
11;2025-11-22;18;1124.1;1614.0;2218.4
11;2025-11-22;19;1092.8;1545.0;2103.9
11;2025-11-22;20;769.5;1117.0;1528.9
11;2025-11-22;21;527.1;787.0;1106.0
11;2025-11-22;22;298.3;463.0;677.6
11;2025-11-22;23;112.7;311.0;498.1
11;2025-11-23;0;0.0;111.0;201.6
11;2025-11-23;1;0.0;15.0;44.8
11;2025-11-23;2;0.0;0.0;0.0
11;2025-11-23;3;0.0;0.0;0.0
11;2025-11-23;4;0.0;0.0;0.0
11;2025-11-23;5;53.7;118.0;209.0
11;2025-11-23;6;343.3;507.0;780.4
11;2025-11-23;7;357.1;519.0;700.1
11;2025-11-23;8;476.3;670.0;900.2
11;2025-11-23;9;617.7;913.0;1187.5
11;2025-11-23;10;680.6;1024.0;1312.0
11;2025-11-23;11;928.1;1465.0;1904.5
11;2025-11-23;12;1049.8;1601.0;2054.3
11;2025-11-23;13;1020.4;1543.0;2014.2
11;2025-11-23;14;1092.4;1627.0;2219.4
11;2025-11-23;15;1117.9;1650.0;2243.9
11;2025-11-23;16;1059.0;1567.0;2137.1
11;2025-11-23;17;1116.7;1671.0;2224.0
11;2025-11-23;18;935.5;1323.0;1803.8
11;2025-11-23;19;753.3;1083.0;1527.4
11;2025-11-23;20;606.7;864.0;1234.3
11;2025-11-23;21;448.1;636.0;905.4
11;2025-11-23;22;239.0;367.0;541.6
11;2025-11-23;23;137.1;245.0;409.3
11;2025-11-24;0;0.0;66.0;131.5
11;2025-11-24;1;0.0;3.0;7.9
11;2025-11-24;2;0.0;0.0;0.0
11;2025-11-24;3;0.0;0.0;0.0
11;2025-11-24;4;0.0;0.0;0.0
11;2025-11-24;5;212.2;283.0;401.9
11;2025-11-24;6;1055.8;1335.0;1692.1
11;2025-11-24;7;1941.9;2444.0;3165.2
11;2025-11-24;8;2524.0;3209.0;4215.8
11;2025-11-24;9;1960.3;2452.0;2972.6
11;2025-11-24;10;1490.5;1940.0;2386.0
11;2025-11-24;11;1429.8;1876.0;2369.5
11;2025-11-24;12;1428.0;1892.0;2426.5
11;2025-11-24;13;1462.3;2040.0;2640.9
11;2025-11-24;14;1430.8;1997.0;2609.6
11;2025-11-24;15;1445.8;2048.0;2718.4
11;2025-11-24;16;1653.6;2258.0;2936.1
11;2025-11-24;17;2176.4;2833.0;3547.6
11;2025-11-24;18;2500.6;3148.0;3991.1
11;2025-11-24;19;1801.0;2305.0;2997.0
11;2025-11-24;20;1179.9;1482.0;1866.4
11;2025-11-24;21;659.9;873.0;1127.1
11;2025-11-24;22;301.7;434.0;597.2
11;2025-11-24;23;85.9;235.0;364.9
11;2025-11-25;0;0.0;66.0;131.5
11;2025-11-25;1;0.0;3.0;7.9
11;2025-11-25;2;0.0;0.0;0.0
11;2025-11-25;3;0.0;0.0;0.0
11;2025-11-25;4;0.0;0.0;0.0
11;2025-11-25;5;212.2;283.0;401.9
11;2025-11-25;6;1055.8;1335.0;1692.1
11;2025-11-25;7;1941.9;2444.0;3165.2
11;2025-11-25;8;2524.0;3209.0;4215.8
11;2025-11-25;9;1960.3;2452.0;2972.6
11;2025-11-25;10;1490.5;1940.0;2386.0
11;2025-11-25;11;1429.8;1876.0;2369.5
11;2025-11-25;12;1428.0;1892.0;2426.5
11;2025-11-25;13;1462.3;2040.0;2640.9
11;2025-11-25;14;1430.8;1997.0;2609.6
11;2025-11-25;15;1445.8;2048.0;2718.4
11;2025-11-25;16;1653.6;2258.0;2936.1
11;2025-11-25;17;2176.4;2833.0;3547.6
11;2025-11-25;18;2500.6;3148.0;3991.1
11;2025-11-25;19;1801.0;2305.0;2997.0
11;2025-11-25;20;1179.9;1482.0;1866.4
11;2025-11-25;21;659.9;873.0;1127.1
11;2025-11-25;22;301.7;434.0;597.2
11;2025-11-25;23;85.9;235.0;364.9
11;2025-11-26;0;0.0;66.0;131.5
11;2025-11-26;1;0.0;3.0;7.9
11;2025-11-26;2;0.0;0.0;0.0
11;2025-11-26;3;0.0;0.0;0.0
11;2025-11-26;4;0.0;0.0;0.0
11;2025-11-26;5;212.2;283.0;401.9
11;2025-11-26;6;1055.8;1335.0;1692.1
11;2025-11-26;7;1941.9;2444.0;3165.2
11;2025-11-26;8;2524.0;3209.0;4215.8
11;2025-11-26;9;1960.3;2452.0;2972.6
11;2025-11-26;10;1490.5;1940.0;2386.0
11;2025-11-26;11;1429.8;1876.0;2369.5
11;2025-11-26;12;1428.0;1892.0;2426.5
11;2025-11-26;13;1462.3;2040.0;2640.9
11;2025-11-26;14;1430.8;1997.0;2609.6
11;2025-11-26;15;1445.8;2048.0;2718.4
11;2025-11-26;16;1653.6;2258.0;2936.1
11;2025-11-26;17;2176.4;2833.0;3547.6
11;2025-11-26;18;2500.6;3148.0;3991.1
11;2025-11-26;19;1801.0;2305.0;2997.0
11;2025-11-26;20;1179.9;1482.0;1866.4
11;2025-11-26;21;659.9;873.0;1127.1
11;2025-11-26;22;301.7;434.0;597.2
11;2025-11-26;23;85.9;235.0;364.9
11;2025-11-27;0;0.0;66.0;131.5
11;2025-11-27;1;0.0;3.0;7.9
11;2025-11-27;2;0.0;0.0;0.0
11;2025-11-27;3;0.0;0.0;0.0
11;2025-11-27;4;0.0;0.0;0.0
11;2025-11-27;5;212.2;283.0;401.9
11;2025-11-27;6;1055.8;1335.0;1692.1
11;2025-11-27;7;1941.9;2444.0;3165.2
11;2025-11-27;8;2524.0;3209.0;4215.8
11;2025-11-27;9;1960.3;2452.0;2972.6
11;2025-11-27;10;1490.5;1940.0;2386.0
11;2025-11-27;11;1429.8;1876.0;2369.5
11;2025-11-27;12;1428.0;1892.0;2426.5
11;2025-11-27;13;1462.3;2040.0;2640.9
11;2025-11-27;14;1430.8;1997.0;2609.6
11;2025-11-27;15;1445.8;2048.0;2718.4
11;2025-11-27;16;1653.6;2258.0;2936.1
11;2025-11-27;17;2176.4;2833.0;3547.6
11;2025-11-27;18;2500.6;3148.0;3991.1
11;2025-11-27;19;1801.0;2305.0;2997.0
11;2025-11-27;20;1179.9;1482.0;1866.4
11;2025-11-27;21;659.9;873.0;1127.1
11;2025-11-27;22;301.7;434.0;597.2
11;2025-11-27;23;85.9;235.0;364.9
11;2025-11-28;0;0.0;69.0;115.5
11;2025-11-28;1;0.0;2.0;5.2
11;2025-11-28;2;0.0;0.0;0.0
11;2025-11-28;3;0.0;0.0;0.0
11;2025-11-28;4;0.0;0.0;0.0
11;2025-11-28;5;196.1;264.0;390.3
11;2025-11-28;6;894.4;1225.0;1573.1
11;2025-11-28;7;1694.8;2190.0;2933.7
11;2025-11-28;8;2263.6;2937.0;3891.6
11;2025-11-28;9;1696.5;2193.0;2687.8
11;2025-11-28;10;1353.9;1775.0;2224.7
11;2025-11-28;11;1236.8;1720.0;2156.7
11;2025-11-28;12;1281.6;1757.0;2218.3
11;2025-11-28;13;1304.2;1809.0;2411.4
11;2025-11-28;14;1314.4;1928.0;2501.5
11;2025-11-28;15;1498.4;2066.0;2682.6
11;2025-11-28;16;1613.0;2268.0;2940.8
11;2025-11-28;17;2044.2;2759.0;3520.9
11;2025-11-28;18;1795.3;2348.0;2941.1
11;2025-11-28;19;1444.1;1859.0;2378.3
11;2025-11-28;20;1026.4;1310.0;1714.1
11;2025-11-28;21;620.8;829.0;1120.1
11;2025-11-28;22;277.2;426.0;584.4
11;2025-11-28;23;110.2;290.0;453.3
11;2025-11-29;0;0.0;109.0;211.4
11;2025-11-29;1;0.0;2.0;5.4
11;2025-11-29;2;0.0;0.0;0.0
11;2025-11-29;3;0.0;0.0;0.0
11;2025-11-29;4;0.0;0.0;0.0
11;2025-11-29;5;114.1;205.0;315.5
11;2025-11-29;6;514.8;826.0;1172.4
11;2025-11-29;7;498.5;765.0;1076.8
11;2025-11-29;8;666.7;1056.0;1530.3
11;2025-11-29;9;785.5;1210.0;1643.3
11;2025-11-29;10;865.2;1354.0;1866.1
11;2025-11-29;11;1082.5;1759.0;2531.4
11;2025-11-29;12;1170.9;1969.0;2801.8
11;2025-11-29;13;1091.4;1861.0;2720.3
11;2025-11-29;14;1206.7;1963.0;2893.8
11;2025-11-29;15;1144.8;1878.0;2636.2
11;2025-11-29;16;1184.9;1881.0;2744.7
11;2025-11-29;17;1220.8;1917.0;2655.2
11;2025-11-29;18;1049.9;1614.0;2305.7
11;2025-11-29;19;1028.6;1545.0;2088.8
11;2025-11-29;20;748.9;1117.0;1582.9
11;2025-11-29;21;505.1;787.0;1110.8
11;2025-11-29;22;274.5;463.0;692.5
11;2025-11-29;23;112.1;311.0;517.0
11;2025-11-30;0;0.0;111.0;209.8
11;2025-11-30;1;0.0;15.0;44.2
11;2025-11-30;2;0.0;0.0;0.0
11;2025-11-30;3;0.0;0.0;0.0
11;2025-11-30;4;0.0;0.0;0.0
11;2025-11-30;5;56.0;118.0;201.0
11;2025-11-30;6;339.6;507.0;742.2
11;2025-11-30;7;370.7;519.0;720.8
11;2025-11-30;8;473.8;670.0;875.3
11;2025-11-30;9;609.7;913.0;1209.2
11;2025-11-30;10;630.8;1024.0;1325.3
11;2025-11-30;11;867.8;1465.0;1941.0
11;2025-11-30;12;957.1;1601.0;2102.8
11;2025-11-30;13;891.7;1543.0;2068.4
11;2025-11-30;14;968.0;1627.0;2209.9
11;2025-11-30;15;1050.7;1650.0;2248.4
11;2025-11-30;16;991.8;1567.0;2200.9
11;2025-11-30;17;1078.1;1671.0;2318.3
11;2025-11-30;18;858.4;1323.0;1847.2
11;2025-11-30;19;703.6;1083.0;1450.2
11;2025-11-30;20;547.2;864.0;1188.5
11;2025-11-30;21;422.5;636.0;889.8
11;2025-11-30;22;233.4;367.0;532.9
11;2025-11-30;23;138.3;245.0;399.5
11;2025-12-01;0;0.0;66.0;129.9
11;2025-12-01;1;0.0;3.0;8.4
11;2025-12-01;2;0.0;0.0;0.0
11;2025-12-01;3;0.0;0.0;0.0
11;2025-12-01;4;0.0;0.0;0.0
11;2025-12-01;5;210.2;283.0;412.1
11;2025-12-01;6;1029.0;1335.0;1728.6
11;2025-12-01;7;1885.2;2444.0;3465.2
11;2025-12-01;8;2390.3;3209.0;4523.9
11;2025-12-01;9;1879.9;2452.0;3141.6
11;2025-12-01;10;1455.0;1940.0;2484.5
11;2025-12-01;11;1369.1;1876.0;2486.1
11;2025-12-01;12;1336.6;1892.0;2494.0
11;2025-12-01;13;1378.2;2040.0;2793.6
11;2025-12-01;14;1377.8;1997.0;2801.6
11;2025-12-01;15;1356.9;2048.0;2917.4
11;2025-12-01;16;1573.9;2258.0;3162.4
11;2025-12-01;17;2106.8;2833.0;3862.5
11;2025-12-01;18;2418.2;3148.0;4211.2
11;2025-12-01;19;1762.0;2305.0;3066.1
11;2025-12-01;20;1138.6;1482.0;1910.6
11;2025-12-01;21;654.5;873.0;1135.1
11;2025-12-01;22;300.8;434.0;596.9
11;2025-12-01;23;83.7;235.0;369.9
11;2025-12-02;0;0.0;66.0;129.9
11;2025-12-02;1;0.0;3.0;8.4
11;2025-12-02;2;0.0;0.0;0.0
11;2025-12-02;3;0.0;0.0;0.0
11;2025-12-02;4;0.0;0.0;0.0
11;2025-12-02;5;210.2;283.0;412.1
11;2025-12-02;6;1029.0;1335.0;1728.6
11;2025-12-02;7;1885.2;2444.0;3465.2
11;2025-12-02;8;2390.3;3209.0;4523.9
11;2025-12-02;9;1879.9;2452.0;3141.6
11;2025-12-02;10;1455.0;1940.0;2484.5
11;2025-12-02;11;1369.1;1876.0;2486.1
11;2025-12-02;12;1336.6;1892.0;2494.0
11;2025-12-02;13;1378.2;2040.0;2793.6
11;2025-12-02;14;1377.8;1997.0;2801.6
11;2025-12-02;15;1356.9;2048.0;2917.4
11;2025-12-02;16;1573.9;2258.0;3162.4
11;2025-12-02;17;2106.8;2833.0;3862.5
11;2025-12-02;18;2418.2;3148.0;4211.2
11;2025-12-02;19;1762.0;2305.0;3066.1
11;2025-12-02;20;1138.6;1482.0;1910.6
11;2025-12-02;21;654.5;873.0;1135.1
11;2025-12-02;22;300.8;434.0;596.9
11;2025-12-02;23;83.7;235.0;369.9
11;2025-12-03;0;0.0;66.0;129.9
11;2025-12-03;1;0.0;3.0;8.4
11;2025-12-03;2;0.0;0.0;0.0
11;2025-12-03;3;0.0;0.0;0.0
11;2025-12-03;4;0.0;0.0;0.0
11;2025-12-03;5;210.2;283.0;412.1
11;2025-12-03;6;1029.0;1335.0;1728.6
11;2025-12-03;7;1885.2;2444.0;3465.2
11;2025-12-03;8;2390.3;3209.0;4523.9
11;2025-12-03;9;1879.9;2452.0;3141.6
11;2025-12-03;10;1455.0;1940.0;2484.5
11;2025-12-03;11;1369.1;1876.0;2486.1
11;2025-12-03;12;1336.6;1892.0;2494.0
11;2025-12-03;13;1378.2;2040.0;2793.6
11;2025-12-03;14;1377.8;1997.0;2801.6
11;2025-12-03;15;1356.9;2048.0;2917.4
11;2025-12-03;16;1573.9;2258.0;3162.4
11;2025-12-03;17;2106.8;2833.0;3862.5
11;2025-12-03;18;2418.2;3148.0;4211.2
11;2025-12-03;19;1762.0;2305.0;3066.1
11;2025-12-03;20;1138.6;1482.0;1910.6
11;2025-12-03;21;654.5;873.0;1135.1
11;2025-12-03;22;300.8;434.0;596.9
11;2025-12-03;23;83.7;235.0;369.9
11;2025-12-04;0;0.0;66.0;129.9
11;2025-12-04;1;0.0;3.0;8.4
11;2025-12-04;2;0.0;0.0;0.0
11;2025-12-04;3;0.0;0.0;0.0
11;2025-12-04;4;0.0;0.0;0.0
11;2025-12-04;5;210.2;283.0;412.1
11;2025-12-04;6;1029.0;1335.0;1728.6
11;2025-12-04;7;1885.2;2444.0;3465.2
11;2025-12-04;8;2390.3;3209.0;4523.9
11;2025-12-04;9;1879.9;2452.0;3141.6
11;2025-12-04;10;1455.0;1940.0;2484.5
11;2025-12-04;11;1369.1;1876.0;2486.1
11;2025-12-04;12;1336.6;1892.0;2494.0
11;2025-12-04;13;1378.2;2040.0;2793.6
11;2025-12-04;14;1377.8;1997.0;2801.6
11;2025-12-04;15;1356.9;2048.0;2917.4
11;2025-12-04;16;1573.9;2258.0;3162.4
11;2025-12-04;17;2106.8;2833.0;3862.5
11;2025-12-04;18;2418.2;3148.0;4211.2
11;2025-12-04;19;1762.0;2305.0;3066.1
11;2025-12-04;20;1138.6;1482.0;1910.6
11;2025-12-04;21;654.5;873.0;1135.1
11;2025-12-04;22;300.8;434.0;596.9
11;2025-12-04;23;83.7;235.0;369.9
11;2025-12-05;0;0.0;69.0;122.2
11;2025-12-05;1;0.0;2.0;5.3
11;2025-12-05;2;0.0;0.0;0.0
11;2025-12-05;3;0.0;0.0;0.0
11;2025-12-05;4;0.0;0.0;0.0
11;2025-12-05;5;188.4;264.0;395.2
11;2025-12-05;6;826.2;1225.0;1581.1
11;2025-12-05;7;1571.3;2190.0;3162.2
11;2025-12-05;8;2120.5;2937.0;4154.9
11;2025-12-05;9;1590.5;2193.0;2773.1
11;2025-12-05;10;1275.1;1775.0;2362.3
11;2025-12-05;11;1153.6;1720.0;2196.1
11;2025-12-05;12;1198.0;1757.0;2355.8
11;2025-12-05;13;1216.0;1809.0;2619.4
11;2025-12-05;14;1260.9;1928.0;2760.0
11;2025-12-05;15;1444.9;2066.0;2940.7
11;2025-12-05;16;1577.9;2268.0;3142.5
11;2025-12-05;17;1960.8;2759.0;3823.5
11;2025-12-05;18;1725.0;2348.0;3140.8
11;2025-12-05;19;1407.8;1859.0;2499.0
11;2025-12-05;20;1006.4;1310.0;1728.3
11;2025-12-05;21;603.3;829.0;1131.9
11;2025-12-05;22;272.2;426.0;610.2
11;2025-12-05;23;104.5;290.0;471.8
11;2025-12-06;0;0.0;109.0;211.4
11;2025-12-06;1;0.0;2.0;5.4
11;2025-12-06;2;0.0;0.0;0.0
11;2025-12-06;3;0.0;0.0;0.0
11;2025-12-06;4;0.0;0.0;0.0
11;2025-12-06;5;114.1;205.0;315.5
11;2025-12-06;6;514.8;826.0;1172.4
11;2025-12-06;7;498.5;765.0;1076.8
11;2025-12-06;8;666.7;1056.0;1530.3
11;2025-12-06;9;785.5;1210.0;1643.3
11;2025-12-06;10;865.2;1354.0;1866.1
11;2025-12-06;11;1082.5;1759.0;2531.4
11;2025-12-06;12;1170.9;1969.0;2801.8
11;2025-12-06;13;1091.4;1861.0;2720.3
11;2025-12-06;14;1206.7;1963.0;2893.8
11;2025-12-06;15;1144.8;1878.0;2636.2
11;2025-12-06;16;1184.9;1881.0;2744.7
11;2025-12-06;17;1220.8;1917.0;2655.2
11;2025-12-06;18;1049.9;1614.0;2305.7
11;2025-12-06;19;1028.6;1545.0;2088.8
11;2025-12-06;20;748.9;1117.0;1582.9
11;2025-12-06;21;505.1;787.0;1110.8
11;2025-12-06;22;274.5;463.0;692.5
11;2025-12-06;23;112.1;311.0;517.0
11;2025-12-07;0;0.0;111.0;209.8
11;2025-12-07;1;0.0;15.0;44.2
11;2025-12-07;2;0.0;0.0;0.0
11;2025-12-07;3;0.0;0.0;0.0
11;2025-12-07;4;0.0;0.0;0.0
11;2025-12-07;5;56.0;118.0;201.0
11;2025-12-07;6;339.6;507.0;742.2
11;2025-12-07;7;370.7;519.0;720.8
11;2025-12-07;8;473.8;670.0;875.3
11;2025-12-07;9;609.7;913.0;1209.2
11;2025-12-07;10;630.8;1024.0;1325.3
11;2025-12-07;11;867.8;1465.0;1941.0
11;2025-12-07;12;957.1;1601.0;2102.8
11;2025-12-07;13;891.7;1543.0;2068.4
11;2025-12-07;14;968.0;1627.0;2209.9
11;2025-12-07;15;1050.7;1650.0;2248.4
11;2025-12-07;16;991.8;1567.0;2200.9
11;2025-12-07;17;1078.1;1671.0;2318.3
11;2025-12-07;18;858.4;1323.0;1847.2
11;2025-12-07;19;703.6;1083.0;1450.2
11;2025-12-07;20;547.2;864.0;1188.5
11;2025-12-07;21;422.5;636.0;889.8
11;2025-12-07;22;233.4;367.0;532.9
11;2025-12-07;23;138.3;245.0;399.5
11;2025-12-08;0;0.0;66.0;129.9
11;2025-12-08;1;0.0;3.0;8.4
11;2025-12-08;2;0.0;0.0;0.0
11;2025-12-08;3;0.0;0.0;0.0
11;2025-12-08;4;0.0;0.0;0.0
11;2025-12-08;5;210.2;283.0;412.1
11;2025-12-08;6;1029.0;1335.0;1728.6
11;2025-12-08;7;1885.2;2444.0;3465.2
11;2025-12-08;8;2390.3;3209.0;4523.9
11;2025-12-08;9;1879.9;2452.0;3141.6
11;2025-12-08;10;1455.0;1940.0;2484.5
11;2025-12-08;11;1369.1;1876.0;2486.1
11;2025-12-08;12;1336.6;1892.0;2494.0
11;2025-12-08;13;1378.2;2040.0;2793.6
11;2025-12-08;14;1377.8;1997.0;2801.6
11;2025-12-08;15;1356.9;2048.0;2917.4
11;2025-12-08;16;1573.9;2258.0;3162.4
11;2025-12-08;17;2106.8;2833.0;3862.5
11;2025-12-08;18;2418.2;3148.0;4211.2
11;2025-12-08;19;1762.0;2305.0;3066.1
11;2025-12-08;20;1138.6;1482.0;1910.6
11;2025-12-08;21;654.5;873.0;1135.1
11;2025-12-08;22;300.8;434.0;596.9
11;2025-12-08;23;83.7;235.0;369.9
11;2025-12-09;0;0.0;66.0;129.9
11;2025-12-09;1;0.0;3.0;8.4
11;2025-12-09;2;0.0;0.0;0.0
11;2025-12-09;3;0.0;0.0;0.0
11;2025-12-09;4;0.0;0.0;0.0
11;2025-12-09;5;210.2;283.0;412.1
11;2025-12-09;6;1029.0;1335.0;1728.6
11;2025-12-09;7;1885.2;2444.0;3465.2
11;2025-12-09;8;2390.3;3209.0;4523.9
11;2025-12-09;9;1879.9;2452.0;3141.6
11;2025-12-09;10;1455.0;1940.0;2484.5
11;2025-12-09;11;1369.1;1876.0;2486.1
11;2025-12-09;12;1336.6;1892.0;2494.0
11;2025-12-09;13;1378.2;2040.0;2793.6
11;2025-12-09;14;1377.8;1997.0;2801.6
11;2025-12-09;15;1356.9;2048.0;2917.4
11;2025-12-09;16;1573.9;2258.0;3162.4
11;2025-12-09;17;2106.8;2833.0;3862.5
11;2025-12-09;18;2418.2;3148.0;4211.2
11;2025-12-09;19;1762.0;2305.0;3066.1
11;2025-12-09;20;1138.6;1482.0;1910.6
11;2025-12-09;21;654.5;873.0;1135.1
11;2025-12-09;22;300.8;434.0;596.9
11;2025-12-09;23;83.7;235.0;369.9
11;2025-12-10;0;0.0;66.0;129.9
11;2025-12-10;1;0.0;3.0;8.4
11;2025-12-10;2;0.0;0.0;0.0
11;2025-12-10;3;0.0;0.0;0.0
11;2025-12-10;4;0.0;0.0;0.0
11;2025-12-10;5;210.2;283.0;412.1
11;2025-12-10;6;1029.0;1335.0;1728.6
11;2025-12-10;7;1885.2;2444.0;3465.2
11;2025-12-10;8;2390.3;3209.0;4523.9
11;2025-12-10;9;1879.9;2452.0;3141.6
11;2025-12-10;10;1455.0;1940.0;2484.5
11;2025-12-10;11;1369.1;1876.0;2486.1
11;2025-12-10;12;1336.6;1892.0;2494.0
11;2025-12-10;13;1378.2;2040.0;2793.6
11;2025-12-10;14;1377.8;1997.0;2801.6
11;2025-12-10;15;1356.9;2048.0;2917.4
11;2025-12-10;16;1573.9;2258.0;3162.4
11;2025-12-10;17;2106.8;2833.0;3862.5
11;2025-12-10;18;2418.2;3148.0;4211.2
11;2025-12-10;19;1762.0;2305.0;3066.1
11;2025-12-10;20;1138.6;1482.0;1910.6
11;2025-12-10;21;654.5;873.0;1135.1
11;2025-12-10;22;300.8;434.0;596.9
11;2025-12-10;23;83.7;235.0;369.9
11;2025-12-11;0;0.0;66.0;129.9
11;2025-12-11;1;0.0;3.0;8.4
11;2025-12-11;2;0.0;0.0;0.0
11;2025-12-11;3;0.0;0.0;0.0
11;2025-12-11;4;0.0;0.0;0.0
11;2025-12-11;5;210.2;283.0;412.1
11;2025-12-11;6;1029.0;1335.0;1728.6
11;2025-12-11;7;1885.2;2444.0;3465.2
11;2025-12-11;8;2390.3;3209.0;4523.9
11;2025-12-11;9;1879.9;2452.0;3141.6
11;2025-12-11;10;1455.0;1940.0;2484.5
11;2025-12-11;11;1369.1;1876.0;2486.1
11;2025-12-11;12;1336.6;1892.0;2494.0
11;2025-12-11;13;1378.2;2040.0;2793.6
11;2025-12-11;14;1377.8;1997.0;2801.6
11;2025-12-11;15;1356.9;2048.0;2917.4
11;2025-12-11;16;1573.9;2258.0;3162.4
11;2025-12-11;17;2106.8;2833.0;3862.5
11;2025-12-11;18;2418.2;3148.0;4211.2
11;2025-12-11;19;1762.0;2305.0;3066.1
11;2025-12-11;20;1138.6;1482.0;1910.6
11;2025-12-11;21;654.5;873.0;1135.1
11;2025-12-11;22;300.8;434.0;596.9
11;2025-12-11;23;83.7;235.0;369.9
11;2025-12-12;0;0.0;69.0;122.2
11;2025-12-12;1;0.0;2.0;5.3
11;2025-12-12;2;0.0;0.0;0.0
11;2025-12-12;3;0.0;0.0;0.0
11;2025-12-12;4;0.0;0.0;0.0
11;2025-12-12;5;188.4;264.0;395.2
11;2025-12-12;6;826.2;1225.0;1581.1
11;2025-12-12;7;1571.3;2190.0;3162.2
11;2025-12-12;8;2120.5;2937.0;4154.9
11;2025-12-12;9;1590.5;2193.0;2773.1
11;2025-12-12;10;1275.1;1775.0;2362.3
11;2025-12-12;11;1153.6;1720.0;2196.1
11;2025-12-12;12;1198.0;1757.0;2355.8
11;2025-12-12;13;1216.0;1809.0;2619.4
11;2025-12-12;14;1260.9;1928.0;2760.0
11;2025-12-12;15;1444.9;2066.0;2940.7
11;2025-12-12;16;1577.9;2268.0;3142.5
11;2025-12-12;17;1960.8;2759.0;3823.5
11;2025-12-12;18;1725.0;2348.0;3140.8
11;2025-12-12;19;1407.8;1859.0;2499.0
11;2025-12-12;20;1006.4;1310.0;1728.3
11;2025-12-12;21;603.3;829.0;1131.9
11;2025-12-12;22;272.2;426.0;610.2
11;2025-12-12;23;104.5;290.0;471.8
11;2025-12-13;0;0.0;109.0;203.4
11;2025-12-13;1;0.0;2.0;6.0
11;2025-12-13;2;0.0;0.0;0.0
11;2025-12-13;3;0.0;0.0;0.0
11;2025-12-13;4;0.0;0.0;0.0
11;2025-12-13;5;104.7;205.0;319.4
11;2025-12-13;6;491.9;826.0;1193.1
11;2025-12-13;7;491.9;765.0;1084.4
11;2025-12-13;8;630.3;1056.0;1579.2
11;2025-12-13;9;723.1;1210.0;1703.0
11;2025-12-13;10;802.1;1354.0;1921.4
11;2025-12-13;11;1039.6;1759.0;2519.5
11;2025-12-13;12;1073.0;1969.0;2885.4
11;2025-12-13;13;924.6;1861.0;2732.8
11;2025-12-13;14;1177.3;1963.0;2952.0
11;2025-12-13;15;1097.8;1878.0;2750.5
11;2025-12-13;16;1116.8;1881.0;2772.0
11;2025-12-13;17;1132.4;1917.0;2654.7
11;2025-12-13;18;994.7;1614.0;2322.0
11;2025-12-13;19;1028.0;1545.0;2120.5
11;2025-12-13;20;737.9;1117.0;1469.8
11;2025-12-13;21;512.7;787.0;1102.2
11;2025-12-13;22;288.0;463.0;673.1
11;2025-12-13;23;104.7;311.0;502.4
11;2025-12-14;0;0.0;111.0;205.5
11;2025-12-14;1;0.0;15.0;47.5
11;2025-12-14;2;0.0;0.0;0.0
11;2025-12-14;3;0.0;0.0;0.0
11;2025-12-14;4;0.0;0.0;0.0
11;2025-12-14;5;55.4;118.0;204.5
11;2025-12-14;6;346.4;507.0;772.6
11;2025-12-14;7;358.2;519.0;682.2
11;2025-12-14;8;480.3;670.0;863.6
11;2025-12-14;9;599.4;913.0;1233.3
11;2025-12-14;10;644.8;1024.0;1364.9
11;2025-12-14;11;834.2;1465.0;1984.7
11;2025-12-14;12;984.3;1601.0;2161.9
11;2025-12-14;13;933.1;1543.0;2083.7
11;2025-12-14;14;987.7;1627.0;2283.9
11;2025-12-14;15;1038.7;1650.0;2319.3
11;2025-12-14;16;964.0;1567.0;2241.1
11;2025-12-14;17;1063.1;1671.0;2373.6
11;2025-12-14;18;866.6;1323.0;1849.9
11;2025-12-14;19;690.1;1083.0;1461.3
11;2025-12-14;20;575.3;864.0;1189.1
11;2025-12-14;21;443.0;636.0;912.6
11;2025-12-14;22;241.0;367.0;533.2
11;2025-12-14;23;133.0;245.0;396.4
11;2025-12-15;0;0.0;66.0;128.4
11;2025-12-15;1;0.0;3.0;8.6
11;2025-12-15;2;0.0;0.0;0.0
11;2025-12-15;3;0.0;0.0;0.0
11;2025-12-15;4;0.0;0.0;0.0
11;2025-12-15;5;210.1;283.0;417.1
11;2025-12-15;6;998.0;1335.0;1753.1
11;2025-12-15;7;1831.6;2444.0;3566.7
11;2025-12-15;8;2267.0;3209.0;4793.9
11;2025-12-15;9;1829.3;2452.0;3264.5
11;2025-12-15;10;1421.6;1940.0;2607.5
11;2025-12-15;11;1329.8;1876.0;2599.3
11;2025-12-15;12;1296.4;1892.0;2599.2
11;2025-12-15;13;1349.4;2040.0;2934.5
11;2025-12-15;14;1319.1;1997.0;2955.1
11;2025-12-15;15;1323.8;2048.0;3121.8
11;2025-12-15;16;1519.1;2258.0;3317.4
11;2025-12-15;17;2081.0;2833.0;4096.4
11;2025-12-15;18;2389.0;3148.0;4362.4
11;2025-12-15;19;1722.6;2305.0;3114.6
11;2025-12-15;20;1141.2;1482.0;1910.4
11;2025-12-15;21;645.3;873.0;1172.0
11;2025-12-15;22;298.4;434.0;614.7
11;2025-12-15;23;78.2;235.0;373.0
11;2025-12-16;0;0.0;66.0;128.4
11;2025-12-16;1;0.0;3.0;8.6
11;2025-12-16;2;0.0;0.0;0.0
11;2025-12-16;3;0.0;0.0;0.0
11;2025-12-16;4;0.0;0.0;0.0
11;2025-12-16;5;210.1;283.0;417.1
11;2025-12-16;6;998.0;1335.0;1753.1
11;2025-12-16;7;1831.6;2444.0;3566.7
11;2025-12-16;8;2267.0;3209.0;4793.9
11;2025-12-16;9;1829.3;2452.0;3264.5
11;2025-12-16;10;1421.6;1940.0;2607.5
11;2025-12-16;11;1329.8;1876.0;2599.3
11;2025-12-16;12;1296.4;1892.0;2599.2
11;2025-12-16;13;1349.4;2040.0;2934.5
11;2025-12-16;14;1319.1;1997.0;2955.1
11;2025-12-16;15;1323.8;2048.0;3121.8
11;2025-12-16;16;1519.1;2258.0;3317.4
11;2025-12-16;17;2081.0;2833.0;4096.4
11;2025-12-16;18;2389.0;3148.0;4362.4
11;2025-12-16;19;1722.6;2305.0;3114.6
11;2025-12-16;20;1141.2;1482.0;1910.4
11;2025-12-16;21;645.3;873.0;1172.0
11;2025-12-16;22;298.4;434.0;614.7
11;2025-12-16;23;78.2;235.0;373.0
11;2025-12-17;0;0.0;66.0;128.4
11;2025-12-17;1;0.0;3.0;8.6
11;2025-12-17;2;0.0;0.0;0.0
11;2025-12-17;3;0.0;0.0;0.0
11;2025-12-17;4;0.0;0.0;0.0
11;2025-12-17;5;210.1;283.0;417.1
11;2025-12-17;6;998.0;1335.0;1753.1
11;2025-12-17;7;1831.6;2444.0;3566.7
11;2025-12-17;8;2267.0;3209.0;4793.9
11;2025-12-17;9;1829.3;2452.0;3264.5
11;2025-12-17;10;1421.6;1940.0;2607.5
11;2025-12-17;11;1329.8;1876.0;2599.3
11;2025-12-17;12;1296.4;1892.0;2599.2
11;2025-12-17;13;1349.4;2040.0;2934.5
11;2025-12-17;14;1319.1;1997.0;2955.1
11;2025-12-17;15;1323.8;2048.0;3121.8
11;2025-12-17;16;1519.1;2258.0;3317.4
11;2025-12-17;17;2081.0;2833.0;4096.4
11;2025-12-17;18;2389.0;3148.0;4362.4
11;2025-12-17;19;1722.6;2305.0;3114.6
11;2025-12-17;20;1141.2;1482.0;1910.4
11;2025-12-17;21;645.3;873.0;1172.0
11;2025-12-17;22;298.4;434.0;614.7
11;2025-12-17;23;78.2;235.0;373.0
11;2025-12-18;0;0.0;66.0;128.4
11;2025-12-18;1;0.0;3.0;8.6
11;2025-12-18;2;0.0;0.0;0.0
11;2025-12-18;3;0.0;0.0;0.0
11;2025-12-18;4;0.0;0.0;0.0
11;2025-12-18;5;210.1;283.0;417.1
11;2025-12-18;6;998.0;1335.0;1753.1
11;2025-12-18;7;1831.6;2444.0;3566.7
11;2025-12-18;8;2267.0;3209.0;4793.9
11;2025-12-18;9;1829.3;2452.0;3264.5
11;2025-12-18;10;1421.6;1940.0;2607.5
11;2025-12-18;11;1329.8;1876.0;2599.3
11;2025-12-18;12;1296.4;1892.0;2599.2
11;2025-12-18;13;1349.4;2040.0;2934.5
11;2025-12-18;14;1319.1;1997.0;2955.1
11;2025-12-18;15;1323.8;2048.0;3121.8
11;2025-12-18;16;1519.1;2258.0;3317.4
11;2025-12-18;17;2081.0;2833.0;4096.4
11;2025-12-18;18;2389.0;3148.0;4362.4
11;2025-12-18;19;1722.6;2305.0;3114.6
11;2025-12-18;20;1141.2;1482.0;1910.4
11;2025-12-18;21;645.3;873.0;1172.0
11;2025-12-18;22;298.4;434.0;614.7
11;2025-12-18;23;78.2;235.0;373.0
11;2025-12-19;0;0.0;69.0;120.5
11;2025-12-19;1;0.0;2.0;5.5
11;2025-12-19;2;0.0;0.0;0.0
11;2025-12-19;3;0.0;0.0;0.0
11;2025-12-19;4;0.0;0.0;0.0
11;2025-12-19;5;188.8;264.0;407.4
11;2025-12-19;6;859.3;1225.0;1621.0
11;2025-12-19;7;1531.0;2190.0;3275.8
11;2025-12-19;8;1982.7;2937.0;4289.5
11;2025-12-19;9;1500.4;2193.0;2872.2
11;2025-12-19;10;1241.0;1775.0;2505.7
11;2025-12-19;11;1190.9;1720.0;2365.9
11;2025-12-19;12;1175.4;1757.0;2577.8
11;2025-12-19;13;1172.2;1809.0;2735.3
11;2025-12-19;14;1207.0;1928.0;2824.7
11;2025-12-19;15;1393.8;2066.0;3216.1
11;2025-12-19;16;1541.3;2268.0;3376.3
11;2025-12-19;17;1913.0;2759.0;3990.4
11;2025-12-19;18;1607.7;2348.0;3186.7
11;2025-12-19;19;1346.5;1859.0;2469.1
11;2025-12-19;20;967.3;1310.0;1695.6
11;2025-12-19;21;586.6;829.0;1146.8
11;2025-12-19;22;278.7;426.0;617.8
11;2025-12-19;23;96.1;290.0;502.0
11;2025-12-20;0;0.0;109.0;203.4
11;2025-12-20;1;0.0;2.0;6.0
11;2025-12-20;2;0.0;0.0;0.0
11;2025-12-20;3;0.0;0.0;0.0
11;2025-12-20;4;0.0;0.0;0.0
11;2025-12-20;5;104.7;205.0;319.4
11;2025-12-20;6;491.9;826.0;1193.1
11;2025-12-20;7;491.9;765.0;1084.4
11;2025-12-20;8;630.3;1056.0;1579.2
11;2025-12-20;9;723.1;1210.0;1703.0
11;2025-12-20;10;802.1;1354.0;1921.4
11;2025-12-20;11;1039.6;1759.0;2519.5
11;2025-12-20;12;1073.0;1969.0;2885.4
11;2025-12-20;13;924.6;1861.0;2732.8
11;2025-12-20;14;1177.3;1963.0;2952.0
11;2025-12-20;15;1097.8;1878.0;2750.5
11;2025-12-20;16;1116.8;1881.0;2772.0
11;2025-12-20;17;1132.4;1917.0;2654.7
11;2025-12-20;18;994.7;1614.0;2322.0
11;2025-12-20;19;1028.0;1545.0;2120.5
11;2025-12-20;20;737.9;1117.0;1469.8
11;2025-12-20;21;512.7;787.0;1102.2
11;2025-12-20;22;288.0;463.0;673.1
11;2025-12-20;23;104.7;311.0;502.4
11;2025-12-21;0;0.0;111.0;205.5
11;2025-12-21;1;0.0;15.0;47.5
11;2025-12-21;2;0.0;0.0;0.0
11;2025-12-21;3;0.0;0.0;0.0
11;2025-12-21;4;0.0;0.0;0.0
11;2025-12-21;5;55.4;118.0;204.5
11;2025-12-21;6;346.4;507.0;772.6
11;2025-12-21;7;358.2;519.0;682.2
11;2025-12-21;8;480.3;670.0;863.6
11;2025-12-21;9;599.4;913.0;1233.3
11;2025-12-21;10;644.8;1024.0;1364.9
11;2025-12-21;11;834.2;1465.0;1984.7
11;2025-12-21;12;984.3;1601.0;2161.9
11;2025-12-21;13;933.1;1543.0;2083.7
11;2025-12-21;14;987.7;1627.0;2283.9
11;2025-12-21;15;1038.7;1650.0;2319.3
11;2025-12-21;16;964.0;1567.0;2241.1
11;2025-12-21;17;1063.1;1671.0;2373.6
11;2025-12-21;18;866.6;1323.0;1849.9
11;2025-12-21;19;690.1;1083.0;1461.3
11;2025-12-21;20;575.3;864.0;1189.1
11;2025-12-21;21;443.0;636.0;912.6
11;2025-12-21;22;241.0;367.0;533.2
11;2025-12-21;23;133.0;245.0;396.4
11;2025-12-22;0;0.0;66.0;128.4
11;2025-12-22;1;0.0;3.0;8.6
11;2025-12-22;2;0.0;0.0;0.0
11;2025-12-22;3;0.0;0.0;0.0
11;2025-12-22;4;0.0;0.0;0.0
11;2025-12-22;5;210.1;283.0;417.1
11;2025-12-22;6;998.0;1335.0;1753.1
11;2025-12-22;7;1831.6;2444.0;3566.7
11;2025-12-22;8;2267.0;3209.0;4793.9
11;2025-12-22;9;1829.3;2452.0;3264.5
11;2025-12-22;10;1421.6;1940.0;2607.5
11;2025-12-22;11;1329.8;1876.0;2599.3
11;2025-12-22;12;1296.4;1892.0;2599.2
11;2025-12-22;13;1349.4;2040.0;2934.5
11;2025-12-22;14;1319.1;1997.0;2955.1
11;2025-12-22;15;1323.8;2048.0;3121.8
11;2025-12-22;16;1519.1;2258.0;3317.4
11;2025-12-22;17;2081.0;2833.0;4096.4
11;2025-12-22;18;2389.0;3148.0;4362.4
11;2025-12-22;19;1722.6;2305.0;3114.6
11;2025-12-22;20;1141.2;1482.0;1910.4
11;2025-12-22;21;645.3;873.0;1172.0
11;2025-12-22;22;298.4;434.0;614.7
11;2025-12-22;23;78.2;235.0;373.0
11;2025-12-23;0;0.0;66.0;128.4
11;2025-12-23;1;0.0;3.0;8.6
11;2025-12-23;2;0.0;0.0;0.0
11;2025-12-23;3;0.0;0.0;0.0
11;2025-12-23;4;0.0;0.0;0.0
11;2025-12-23;5;210.1;283.0;417.1
11;2025-12-23;6;998.0;1335.0;1753.1
11;2025-12-23;7;1831.6;2444.0;3566.7
11;2025-12-23;8;2267.0;3209.0;4793.9
11;2025-12-23;9;1829.3;2452.0;3264.5
11;2025-12-23;10;1421.6;1940.0;2607.5
11;2025-12-23;11;1329.8;1876.0;2599.3
11;2025-12-23;12;1296.4;1892.0;2599.2
11;2025-12-23;13;1349.4;2040.0;2934.5
11;2025-12-23;14;1319.1;1997.0;2955.1
11;2025-12-23;15;1323.8;2048.0;3121.8
11;2025-12-23;16;1519.1;2258.0;3317.4
11;2025-12-23;17;2081.0;2833.0;4096.4
11;2025-12-23;18;2389.0;3148.0;4362.4
11;2025-12-23;19;1722.6;2305.0;3114.6
11;2025-12-23;20;1141.2;1482.0;1910.4
11;2025-12-23;21;645.3;873.0;1172.0
11;2025-12-23;22;298.4;434.0;614.7
11;2025-12-23;23;78.2;235.0;373.0
11;2025-12-24;0;0.0;66.0;128.4
11;2025-12-24;1;0.0;3.0;8.6
11;2025-12-24;2;0.0;0.0;0.0
11;2025-12-24;3;0.0;0.0;0.0
11;2025-12-24;4;0.0;0.0;0.0
11;2025-12-24;5;210.1;283.0;417.1
11;2025-12-24;6;998.0;1335.0;1753.1
11;2025-12-24;7;1831.6;2444.0;3566.7
11;2025-12-24;8;2267.0;3209.0;4793.9
11;2025-12-24;9;1829.3;2452.0;3264.5
11;2025-12-24;10;1421.6;1940.0;2607.5
11;2025-12-24;11;1329.8;1876.0;2599.3
11;2025-12-24;12;1296.4;1892.0;2599.2
11;2025-12-24;13;1349.4;2040.0;2934.5
11;2025-12-24;14;1319.1;1997.0;2955.1
11;2025-12-24;15;1323.8;2048.0;3121.8
11;2025-12-24;16;1519.1;2258.0;3317.4
11;2025-12-24;17;2081.0;2833.0;4096.4
11;2025-12-24;18;2389.0;3148.0;4362.4
11;2025-12-24;19;1722.6;2305.0;3114.6
11;2025-12-24;20;1141.2;1482.0;1910.4
11;2025-12-24;21;645.3;873.0;1172.0
11;2025-12-24;22;298.4;434.0;614.7
11;2025-12-24;23;78.2;235.0;373.0
11;2025-12-25;0;0.0;66.0;128.4
11;2025-12-25;1;0.0;3.0;8.6
11;2025-12-25;2;0.0;0.0;0.0
11;2025-12-25;3;0.0;0.0;0.0
11;2025-12-25;4;0.0;0.0;0.0
11;2025-12-25;5;210.1;283.0;417.1
11;2025-12-25;6;998.0;1335.0;1753.1
11;2025-12-25;7;1831.6;2444.0;3566.7
11;2025-12-25;8;2267.0;3209.0;4793.9
11;2025-12-25;9;1829.3;2452.0;3264.5
11;2025-12-25;10;1421.6;1940.0;2607.5
11;2025-12-25;11;1329.8;1876.0;2599.3
11;2025-12-25;12;1296.4;1892.0;2599.2
11;2025-12-25;13;1349.4;2040.0;2934.5
11;2025-12-25;14;1319.1;1997.0;2955.1
11;2025-12-25;15;1323.8;2048.0;3121.8
11;2025-12-25;16;1519.1;2258.0;3317.4
11;2025-12-25;17;2081.0;2833.0;4096.4
11;2025-12-25;18;2389.0;3148.0;4362.4
11;2025-12-25;19;1722.6;2305.0;3114.6
11;2025-12-25;20;1141.2;1482.0;1910.4
11;2025-12-25;21;645.3;873.0;1172.0
11;2025-12-25;22;298.4;434.0;614.7
11;2025-12-25;23;78.2;235.0;373.0
11;2025-12-26;0;0.0;69.0;120.5
11;2025-12-26;1;0.0;2.0;5.5
11;2025-12-26;2;0.0;0.0;0.0
11;2025-12-26;3;0.0;0.0;0.0
11;2025-12-26;4;0.0;0.0;0.0
11;2025-12-26;5;188.8;264.0;407.4
11;2025-12-26;6;859.3;1225.0;1621.0
11;2025-12-26;7;1531.0;2190.0;3275.8
11;2025-12-26;8;1982.7;2937.0;4289.5
11;2025-12-26;9;1500.4;2193.0;2872.2
11;2025-12-26;10;1241.0;1775.0;2505.7
11;2025-12-26;11;1190.9;1720.0;2365.9
11;2025-12-26;12;1175.4;1757.0;2577.8
11;2025-12-26;13;1172.2;1809.0;2735.3
11;2025-12-26;14;1207.0;1928.0;2824.7
11;2025-12-26;15;1393.8;2066.0;3216.1
11;2025-12-26;16;1541.3;2268.0;3376.3
11;2025-12-26;17;1913.0;2759.0;3990.4
11;2025-12-26;18;1607.7;2348.0;3186.7
11;2025-12-26;19;1346.5;1859.0;2469.1
11;2025-12-26;20;967.3;1310.0;1695.6
11;2025-12-26;21;586.6;829.0;1146.8
11;2025-12-26;22;278.7;426.0;617.8
11;2025-12-26;23;96.1;290.0;502.0
11;2025-12-27;0;0.0;109.0;206.5
11;2025-12-27;1;0.0;2.0;7.0
11;2025-12-27;2;0.0;0.0;0.0
11;2025-12-27;3;0.0;0.0;0.0
11;2025-12-27;4;0.0;0.0;0.0
11;2025-12-27;5;109.7;205.0;311.6
11;2025-12-27;6;435.6;826.0;1099.1
11;2025-12-27;7;468.9;765.0;993.6
11;2025-12-27;8;604.6;1056.0;1614.1
11;2025-12-27;9;721.3;1210.0;1746.7
11;2025-12-27;10;710.7;1354.0;1809.8
11;2025-12-27;11;830.1;1759.0;2555.9
11;2025-12-27;12;919.4;1969.0;3127.9
11;2025-12-27;13;881.6;1861.0;2927.4
11;2025-12-27;14;1139.6;1963.0;3359.9
11;2025-12-27;15;1076.1;1878.0;2917.2
11;2025-12-27;16;1201.2;1881.0;3161.7
11;2025-12-27;17;1092.0;1917.0;2772.7
11;2025-12-27;18;909.1;1614.0;2286.0
11;2025-12-27;19;962.3;1545.0;2019.4
11;2025-12-27;20;753.9;1117.0;1406.8
11;2025-12-27;21;572.0;787.0;1100.2
11;2025-12-27;22;292.9;463.0;643.4
11;2025-12-27;23;89.2;311.0;480.6
11;2025-12-28;0;0.0;111.0;210.2
11;2025-12-28;1;0.0;15.0;41.6
11;2025-12-28;2;0.0;0.0;0.0
11;2025-12-28;3;0.0;0.0;0.0
11;2025-12-28;4;0.0;0.0;0.0
11;2025-12-28;5;49.8;118.0;218.7
11;2025-12-28;6;316.4;507.0;827.5
11;2025-12-28;7;366.8;519.0;753.1
11;2025-12-28;8;488.6;670.0;952.3
11;2025-12-28;9;600.5;913.0;1369.0
11;2025-12-28;10;611.6;1024.0;1489.4
11;2025-12-28;11;910.0;1465.0;2280.3
11;2025-12-28;12;1105.1;1601.0;2409.7
11;2025-12-28;13;1044.7;1543.0;2389.8
11;2025-12-28;14;1186.0;1627.0;2503.1
11;2025-12-28;15;1125.4;1650.0;2654.7
11;2025-12-28;16;1033.1;1567.0;2546.2
11;2025-12-28;17;1107.0;1671.0;2533.0
11;2025-12-28;18;866.5;1323.0;1907.2
11;2025-12-28;19;719.2;1083.0;1388.7
11;2025-12-28;20;564.5;864.0;1284.2
11;2025-12-28;21;451.2;636.0;1002.2
11;2025-12-28;22;233.8;367.0;618.7
11;2025-12-28;23;105.8;245.0;420.1
11;2025-12-29;0;0.0;59.0;118.5
11;2025-12-29;1;0.0;3.0;8.8
11;2025-12-29;2;0.0;0.0;0.0
11;2025-12-29;3;0.0;0.0;0.0
11;2025-12-29;4;0.0;0.0;0.0
11;2025-12-29;5;150.0;250.0;375.0
11;2025-12-29;6;705.0;1175.0;1762.5
11;2025-12-29;7;1290.6;2151.0;3258.4
11;2025-12-29;8;1693.8;2823.0;4409.2
11;2025-12-29;9;1294.8;2158.0;3237.0
11;2025-12-29;10;1024.2;1707.0;2560.5
11;2025-12-29;11;991.2;1652.0;2478.0
11;2025-12-29;12;998.4;1664.0;2496.0
11;2025-12-29;13;1077.0;1795.0;2692.5
11;2025-12-29;14;1053.6;1756.0;2690.6
11;2025-12-29;15;1081.2;1802.0;2856.9
11;2025-12-29;16;1192.2;1987.0;3035.7
11;2025-12-29;17;1496.4;2494.0;3789.0
11;2025-12-29;18;1662.0;2770.0;4155.0
11;2025-12-29;19;1216.8;2028.0;3042.0
11;2025-12-29;20;782.4;1304.0;1956.0
11;2025-12-29;21;461.4;769.0;1153.5
11;2025-12-29;22;229.2;382.0;573.0
11;2025-12-29;23;68.5;206.0;337.2
11;2025-12-30;0;0.0;59.0;118.5
11;2025-12-30;1;0.0;3.0;8.8
11;2025-12-30;2;0.0;0.0;0.0
11;2025-12-30;3;0.0;0.0;0.0
11;2025-12-30;4;0.0;0.0;0.0
11;2025-12-30;5;150.0;250.0;375.0
11;2025-12-30;6;705.0;1175.0;1762.5
11;2025-12-30;7;1290.6;2151.0;3258.4
11;2025-12-30;8;1693.8;2823.0;4409.2
11;2025-12-30;9;1294.8;2158.0;3237.0
11;2025-12-30;10;1024.2;1707.0;2560.5
11;2025-12-30;11;991.2;1652.0;2478.0
11;2025-12-30;12;998.4;1664.0;2496.0
11;2025-12-30;13;1077.0;1795.0;2692.5
11;2025-12-30;14;1053.6;1756.0;2690.6
11;2025-12-30;15;1081.2;1802.0;2856.9
11;2025-12-30;16;1192.2;1987.0;3035.7
11;2025-12-30;17;1496.4;2494.0;3789.0
11;2025-12-30;18;1662.0;2770.0;4155.0
11;2025-12-30;19;1216.8;2028.0;3042.0
11;2025-12-30;20;782.4;1304.0;1956.0
11;2025-12-30;21;461.4;769.0;1153.5
11;2025-12-30;22;229.2;382.0;573.0
11;2025-12-30;23;68.5;206.0;337.2
11;2025-12-31;0;0.0;89.0;168.6
11;2025-12-31;1;0.0;1.0;2.8
11;2025-12-31;2;0.0;0.0;0.0
11;2025-12-31;3;0.0;0.0;0.0
11;2025-12-31;4;0.0;0.0;0.0
11;2025-12-31;5;66.3;157.0;291.0
11;2025-12-31;6;435.6;726.0;1185.0
11;2025-12-31;7;408.6;681.0;1021.5
11;2025-12-31;8;515.4;859.0;1288.5
11;2025-12-31;9;579.0;965.0;1447.5
11;2025-12-31;10;697.1;1167.0;1750.5
11;2025-12-31;11;841.2;1402.0;2182.3
11;2025-12-31;12;999.0;1665.0;2506.0
11;2025-12-31;13;927.0;1545.0;2392.9
11;2025-12-31;14;1034.4;1724.0;2652.3
11;2025-12-31;15;990.6;1651.0;2656.3
11;2025-12-31;16;934.8;1558.0;2531.6
11;2025-12-31;17;949.8;1583.0;2399.6
11;2025-12-31;18;811.2;1352.0;2028.0
11;2025-12-31;19;810.0;1350.0;2025.0
11;2025-12-31;20;0.0;0.0;0.0
11;2025-12-31;21;0.0;0.0;0.0
11;2025-12-31;22;0.0;0.0;0.0
11;2025-12-31;23;0.0;0.0;0.0
12;2025-11-01;0;0.0;30.0;47.6
12;2025-11-01;1;0.0;3.0;7.7
12;2025-11-01;2;0.0;0.0;0.0
12;2025-11-01;3;0.0;0.0;0.0
12;2025-11-01;4;0.0;5.0;11.2
12;2025-11-01;5;200.0;265.0;418.0
12;2025-11-01;6;853.5;1115.0;1395.6
12;2025-11-01;7;1748.6;2161.0;2656.9
12;2025-11-01;8;2263.2;2743.0;3357.3
12;2025-11-01;9;1557.5;1933.0;2320.5
12;2025-11-01;10;1237.8;1545.0;1874.2
12;2025-11-01;11;1173.5;1555.0;1887.9
12;2025-11-01;12;1233.7;1601.0;1932.1
12;2025-11-01;13;1251.9;1660.0;2101.8
12;2025-11-01;14;1250.1;1648.0;2061.5
12;2025-11-01;15;1500.4;1879.0;2372.8
12;2025-11-01;16;1861.2;2389.0;2939.3
12;2025-11-01;17;1908.0;2380.0;2841.8
12;2025-11-01;18;1631.1;2062.0;2494.7
12;2025-11-01;19;1393.0;1764.0;2200.8
12;2025-11-01;20;928.2;1165.0;1543.3
12;2025-11-01;21;619.7;803.0;1049.4
12;2025-11-01;22;284.4;424.0;571.3
12;2025-11-01;23;105.5;251.0;383.0
12;2025-11-02;0;0.0;84.0;154.7
12;2025-11-02;1;0.0;4.0;11.8
12;2025-11-02;2;0.0;0.0;0.0
12;2025-11-02;3;0.0;0.0;0.0
12;2025-11-02;4;0.0;3.0;8.1
12;2025-11-02;5;72.0;148.0;245.6
12;2025-11-02;6;356.8;510.0;721.1
12;2025-11-02;7;446.9;631.0;821.0
12;2025-11-02;8;525.6;699.0;908.4
12;2025-11-02;9;640.1;892.0;1136.0
12;2025-11-02;10;734.3;1096.0;1358.1
12;2025-11-02;11;821.9;1225.0;1562.4
12;2025-11-02;12;871.6;1285.0;1592.0
12;2025-11-02;13;1018.4;1491.0;1888.0
12;2025-11-02;14;974.1;1442.0;1874.3
12;2025-11-02;15;936.3;1350.0;1780.6
12;2025-11-02;16;952.3;1409.0;1850.7
12;2025-11-02;17;1005.2;1474.0;1905.3
12;2025-11-02;18;883.2;1250.0;1651.9
12;2025-11-02;19;697.8;974.0;1322.4
12;2025-11-02;20;527.8;738.0;1012.8
12;2025-11-02;21;415.9;573.0;828.1
12;2025-11-02;22;244.8;372.0;551.9
12;2025-11-02;23;117.5;202.0;322.1
12;2025-11-03;0;0.0;84.0;154.7
12;2025-11-03;1;0.0;4.0;11.8
12;2025-11-03;2;0.0;0.0;0.0
12;2025-11-03;3;0.0;0.0;0.0
12;2025-11-03;4;0.0;3.0;8.1
12;2025-11-03;5;72.0;148.0;245.6
12;2025-11-03;6;356.8;510.0;721.1
12;2025-11-03;7;446.9;631.0;821.0
12;2025-11-03;8;525.6;699.0;908.4
12;2025-11-03;9;640.1;892.0;1136.0
12;2025-11-03;10;734.3;1096.0;1358.1
12;2025-11-03;11;821.9;1225.0;1562.4
12;2025-11-03;12;871.6;1285.0;1592.0
12;2025-11-03;13;1018.4;1491.0;1888.0
12;2025-11-03;14;974.1;1442.0;1874.3
12;2025-11-03;15;936.3;1350.0;1780.6
12;2025-11-03;16;952.3;1409.0;1850.7
12;2025-11-03;17;1005.2;1474.0;1905.3
12;2025-11-03;18;883.2;1250.0;1651.9
12;2025-11-03;19;697.8;974.0;1322.4
12;2025-11-03;20;527.8;738.0;1012.8
12;2025-11-03;21;415.9;573.0;828.1
12;2025-11-03;22;244.8;372.0;551.9
12;2025-11-03;23;117.5;202.0;322.1
12;2025-11-04;0;0.0;84.0;154.7
12;2025-11-04;1;0.0;4.0;11.8
12;2025-11-04;2;0.0;0.0;0.0
12;2025-11-04;3;0.0;0.0;0.0
12;2025-11-04;4;0.0;3.0;8.1
12;2025-11-04;5;72.0;148.0;245.6
12;2025-11-04;6;356.8;510.0;721.1
12;2025-11-04;7;446.9;631.0;821.0
12;2025-11-04;8;525.6;699.0;908.4
12;2025-11-04;9;640.1;892.0;1136.0
12;2025-11-04;10;734.3;1096.0;1358.1
12;2025-11-04;11;821.9;1225.0;1562.4
12;2025-11-04;12;871.6;1285.0;1592.0
12;2025-11-04;13;1018.4;1491.0;1888.0
12;2025-11-04;14;974.1;1442.0;1874.3
12;2025-11-04;15;936.3;1350.0;1780.6
12;2025-11-04;16;952.3;1409.0;1850.7
12;2025-11-04;17;1005.2;1474.0;1905.3
12;2025-11-04;18;883.2;1250.0;1651.9
12;2025-11-04;19;697.8;974.0;1322.4
12;2025-11-04;20;527.8;738.0;1012.8
12;2025-11-04;21;415.9;573.0;828.1
12;2025-11-04;22;244.8;372.0;551.9
12;2025-11-04;23;117.5;202.0;322.1
12;2025-11-05;0;0.0;54.0;105.7
12;2025-11-05;1;0.0;3.0;8.3
12;2025-11-05;2;0.0;0.0;0.0
12;2025-11-05;3;0.0;0.0;0.0
12;2025-11-05;4;0.0;6.0;12.5
12;2025-11-05;5;251.8;333.0;464.5
12;2025-11-05;6;1148.0;1413.0;1733.7
12;2025-11-05;7;2265.5;2713.0;3178.4
12;2025-11-05;8;2983.9;3596.0;4268.9
12;2025-11-05;9;2083.5;2483.0;2906.0
12;2025-11-05;10;1647.4;2027.0;2399.4
12;2025-11-05;11;1578.2;1961.0;2350.6
12;2025-11-05;12;1622.7;2024.0;2459.3
12;2025-11-05;13;1553.8;2008.0;2445.8
12;2025-11-05;14;1527.2;1990.0;2435.9
12;2025-11-05;15;1700.8;2233.0;2752.9
12;2025-11-05;16;2150.9;2704.0;3281.6
12;2025-11-05;17;2470.1;3012.0;3568.0
12;2025-11-05;18;2617.8;3169.0;3790.2
12;2025-11-05;19;1998.2;2483.0;3062.0
12;2025-11-05;20;1258.4;1555.0;1890.0
12;2025-11-05;21;739.3;944.0;1219.3
12;2025-11-05;22;350.2;490.0;662.3
12;2025-11-05;23;98.2;250.0;378.8
12;2025-11-06;0;0.0;54.0;105.7
12;2025-11-06;1;0.0;3.0;8.3
12;2025-11-06;2;0.0;0.0;0.0
12;2025-11-06;3;0.0;0.0;0.0
12;2025-11-06;4;0.0;6.0;12.5
12;2025-11-06;5;251.8;333.0;464.5
12;2025-11-06;6;1148.0;1413.0;1733.7
12;2025-11-06;7;2265.5;2713.0;3178.4
12;2025-11-06;8;2983.9;3596.0;4268.9
12;2025-11-06;9;2083.5;2483.0;2906.0
12;2025-11-06;10;1647.4;2027.0;2399.4
12;2025-11-06;11;1578.2;1961.0;2350.6
12;2025-11-06;12;1622.7;2024.0;2459.3
12;2025-11-06;13;1553.8;2008.0;2445.8
12;2025-11-06;14;1527.2;1990.0;2435.9
12;2025-11-06;15;1700.8;2233.0;2752.9
12;2025-11-06;16;2150.9;2704.0;3281.6
12;2025-11-06;17;2470.1;3012.0;3568.0
12;2025-11-06;18;2617.8;3169.0;3790.2
12;2025-11-06;19;1998.2;2483.0;3062.0
12;2025-11-06;20;1258.4;1555.0;1890.0
12;2025-11-06;21;739.3;944.0;1219.3
12;2025-11-06;22;350.2;490.0;662.3
12;2025-11-06;23;98.2;250.0;378.8
12;2025-11-07;0;0.0;56.0;88.8
12;2025-11-07;1;0.0;1.0;2.6
12;2025-11-07;2;0.0;0.0;0.0
12;2025-11-07;3;0.0;0.0;0.0
12;2025-11-07;4;0.0;6.0;13.4
12;2025-11-07;5;249.8;331.0;522.1
12;2025-11-07;6;1067.1;1394.0;1744.9
12;2025-11-07;7;2186.3;2702.0;3322.0
12;2025-11-07;8;2828.4;3428.0;4195.7
12;2025-11-07;9;1946.7;2416.0;2900.3
12;2025-11-07;10;1547.9;1932.0;2343.6
12;2025-11-07;11;1467.0;1944.0;2360.2
12;2025-11-07;12;1542.6;2002.0;2416.0
12;2025-11-07;13;1564.8;2075.0;2627.3
12;2025-11-07;14;1562.7;2060.0;2576.9
12;2025-11-07;15;1875.7;2349.0;2966.3
12;2025-11-07;16;2326.3;2986.0;3673.8
12;2025-11-07;17;2384.2;2974.0;3551.1
12;2025-11-07;18;2038.4;2577.0;3117.8
12;2025-11-07;19;1741.2;2205.0;2751.0
12;2025-11-07;20;1160.1;1456.0;1928.8
12;2025-11-07;21;774.0;1003.0;1310.7
12;2025-11-07;22;354.9;529.0;712.8
12;2025-11-07;23;131.5;313.0;477.6
12;2025-11-08;0;0.0;78.0;141.9
12;2025-11-08;1;0.0;3.0;8.1
12;2025-11-08;2;0.0;0.0;0.0
12;2025-11-08;3;0.0;0.0;0.0
12;2025-11-08;4;0.0;3.0;6.5
12;2025-11-08;5;137.2;235.0;365.4
12;2025-11-08;6;540.4;820.0;1151.9
12;2025-11-08;7;625.2;899.0;1169.3
12;2025-11-08;8;656.1;1012.0;1330.3
12;2025-11-08;9;811.7;1196.0;1580.1
12;2025-11-08;10;915.7;1411.0;1797.2
12;2025-11-08;11;992.4;1515.0;1968.5
12;2025-11-08;12;953.7;1492.0;1915.4
12;2025-11-08;13;1098.0;1727.0;2288.8
12;2025-11-08;14;1072.2;1604.0;2142.3
12;2025-11-08;15;1006.4;1520.0;2001.1
12;2025-11-08;16;1070.3;1592.0;2089.3
12;2025-11-08;17;1068.4;1551.0;2047.7
12;2025-11-08;18;1115.0;1509.0;2030.0
12;2025-11-08;19;1002.6;1409.0;1891.0
12;2025-11-08;20;684.2;971.0;1384.0
12;2025-11-08;21;513.4;731.0;1053.6
12;2025-11-08;22;277.6;421.0;632.1
12;2025-11-08;23;110.2;288.0;477.3
12;2025-11-09;0;0.0;84.0;154.7
12;2025-11-09;1;0.0;4.0;11.8
12;2025-11-09;2;0.0;0.0;0.0
12;2025-11-09;3;0.0;0.0;0.0
12;2025-11-09;4;0.0;3.0;8.1
12;2025-11-09;5;72.0;148.0;245.6
12;2025-11-09;6;356.8;510.0;721.1
12;2025-11-09;7;446.9;631.0;821.0
12;2025-11-09;8;525.6;699.0;908.4
12;2025-11-09;9;640.1;892.0;1136.0
12;2025-11-09;10;734.3;1096.0;1358.1
12;2025-11-09;11;821.9;1225.0;1562.4
12;2025-11-09;12;871.6;1285.0;1592.0
12;2025-11-09;13;1018.4;1491.0;1888.0
12;2025-11-09;14;974.1;1442.0;1874.3
12;2025-11-09;15;936.3;1350.0;1780.6
12;2025-11-09;16;952.3;1409.0;1850.7
12;2025-11-09;17;1005.2;1474.0;1905.3
12;2025-11-09;18;883.2;1250.0;1651.9
12;2025-11-09;19;697.8;974.0;1322.4
12;2025-11-09;20;527.8;738.0;1012.8
12;2025-11-09;21;415.9;573.0;828.1
12;2025-11-09;22;244.8;372.0;551.9
12;2025-11-09;23;117.5;202.0;322.1
12;2025-11-10;0;0.0;54.0;105.7
12;2025-11-10;1;0.0;3.0;8.3
12;2025-11-10;2;0.0;0.0;0.0
12;2025-11-10;3;0.0;0.0;0.0
12;2025-11-10;4;0.0;6.0;12.5
12;2025-11-10;5;251.8;333.0;464.5
12;2025-11-10;6;1148.0;1413.0;1733.7
12;2025-11-10;7;2265.5;2713.0;3178.4
12;2025-11-10;8;2983.9;3596.0;4268.9
12;2025-11-10;9;2083.5;2483.0;2906.0
12;2025-11-10;10;1647.4;2027.0;2399.4
12;2025-11-10;11;1578.2;1961.0;2350.6
12;2025-11-10;12;1622.7;2024.0;2459.3
12;2025-11-10;13;1553.8;2008.0;2445.8
12;2025-11-10;14;1527.2;1990.0;2435.9
12;2025-11-10;15;1700.8;2233.0;2752.9
12;2025-11-10;16;2150.9;2704.0;3281.6
12;2025-11-10;17;2470.1;3012.0;3568.0
12;2025-11-10;18;2617.8;3169.0;3790.2
12;2025-11-10;19;1998.2;2483.0;3062.0
12;2025-11-10;20;1258.4;1555.0;1890.0
12;2025-11-10;21;739.3;944.0;1219.3
12;2025-11-10;22;350.2;490.0;662.3
12;2025-11-10;23;98.2;250.0;378.8
12;2025-11-11;0;0.0;54.0;105.7
12;2025-11-11;1;0.0;3.0;8.3
12;2025-11-11;2;0.0;0.0;0.0
12;2025-11-11;3;0.0;0.0;0.0
12;2025-11-11;4;0.0;6.0;12.5
12;2025-11-11;5;251.8;333.0;464.5
12;2025-11-11;6;1148.0;1413.0;1733.7
12;2025-11-11;7;2265.5;2713.0;3178.4
12;2025-11-11;8;2983.9;3596.0;4268.9
12;2025-11-11;9;2083.5;2483.0;2906.0
12;2025-11-11;10;1647.4;2027.0;2399.4
12;2025-11-11;11;1578.2;1961.0;2350.6
12;2025-11-11;12;1622.7;2024.0;2459.3
12;2025-11-11;13;1553.8;2008.0;2445.8
12;2025-11-11;14;1527.2;1990.0;2435.9
12;2025-11-11;15;1700.8;2233.0;2752.9
12;2025-11-11;16;2150.9;2704.0;3281.6
12;2025-11-11;17;2470.1;3012.0;3568.0
12;2025-11-11;18;2617.8;3169.0;3790.2
12;2025-11-11;19;1998.2;2483.0;3062.0
12;2025-11-11;20;1258.4;1555.0;1890.0
12;2025-11-11;21;739.3;944.0;1219.3
12;2025-11-11;22;350.2;490.0;662.3
12;2025-11-11;23;98.2;250.0;378.8
12;2025-11-12;0;0.0;54.0;105.7
12;2025-11-12;1;0.0;3.0;8.3
12;2025-11-12;2;0.0;0.0;0.0
12;2025-11-12;3;0.0;0.0;0.0
12;2025-11-12;4;0.0;6.0;12.5
12;2025-11-12;5;251.8;333.0;464.5
12;2025-11-12;6;1148.0;1413.0;1733.7
12;2025-11-12;7;2265.5;2713.0;3178.4
12;2025-11-12;8;2983.9;3596.0;4268.9
12;2025-11-12;9;2083.5;2483.0;2906.0
12;2025-11-12;10;1647.4;2027.0;2399.4
12;2025-11-12;11;1578.2;1961.0;2350.6
12;2025-11-12;12;1622.7;2024.0;2459.3
12;2025-11-12;13;1553.8;2008.0;2445.8
12;2025-11-12;14;1527.2;1990.0;2435.9
12;2025-11-12;15;1700.8;2233.0;2752.9
12;2025-11-12;16;2150.9;2704.0;3281.6
12;2025-11-12;17;2470.1;3012.0;3568.0
12;2025-11-12;18;2617.8;3169.0;3790.2
12;2025-11-12;19;1998.2;2483.0;3062.0
12;2025-11-12;20;1258.4;1555.0;1890.0
12;2025-11-12;21;739.3;944.0;1219.3
12;2025-11-12;22;350.2;490.0;662.3
12;2025-11-12;23;98.2;250.0;378.8
12;2025-11-13;0;0.0;54.0;105.7
12;2025-11-13;1;0.0;3.0;8.3
12;2025-11-13;2;0.0;0.0;0.0
12;2025-11-13;3;0.0;0.0;0.0
12;2025-11-13;4;0.0;6.0;12.5
12;2025-11-13;5;251.8;333.0;464.5
12;2025-11-13;6;1148.0;1413.0;1733.7
12;2025-11-13;7;2265.5;2713.0;3178.4
12;2025-11-13;8;2983.9;3596.0;4268.9
12;2025-11-13;9;2083.5;2483.0;2906.0
12;2025-11-13;10;1647.4;2027.0;2399.4
12;2025-11-13;11;1578.2;1961.0;2350.6
12;2025-11-13;12;1622.7;2024.0;2459.3
12;2025-11-13;13;1553.8;2008.0;2445.8
12;2025-11-13;14;1527.2;1990.0;2435.9
12;2025-11-13;15;1700.8;2233.0;2752.9
12;2025-11-13;16;2150.9;2704.0;3281.6
12;2025-11-13;17;2470.1;3012.0;3568.0
12;2025-11-13;18;2617.8;3169.0;3790.2
12;2025-11-13;19;1998.2;2483.0;3062.0
12;2025-11-13;20;1258.4;1555.0;1890.0
12;2025-11-13;21;739.3;944.0;1219.3
12;2025-11-13;22;350.2;490.0;662.3
12;2025-11-13;23;98.2;250.0;378.8
12;2025-11-14;0;0.0;56.0;88.8
12;2025-11-14;1;0.0;1.0;2.6
12;2025-11-14;2;0.0;0.0;0.0
12;2025-11-14;3;0.0;0.0;0.0
12;2025-11-14;4;0.0;6.0;13.4
12;2025-11-14;5;249.8;331.0;522.1
12;2025-11-14;6;1067.1;1394.0;1744.9
12;2025-11-14;7;2186.3;2702.0;3322.0
12;2025-11-14;8;2828.4;3428.0;4195.7
12;2025-11-14;9;1946.7;2416.0;2900.3
12;2025-11-14;10;1547.9;1932.0;2343.6
12;2025-11-14;11;1467.0;1944.0;2360.2
12;2025-11-14;12;1542.6;2002.0;2416.0
12;2025-11-14;13;1564.8;2075.0;2627.3
12;2025-11-14;14;1562.7;2060.0;2576.9
12;2025-11-14;15;1875.7;2349.0;2966.3
12;2025-11-14;16;2326.3;2986.0;3673.8
12;2025-11-14;17;2384.2;2974.0;3551.1
12;2025-11-14;18;2038.4;2577.0;3117.8
12;2025-11-14;19;1741.2;2205.0;2751.0
12;2025-11-14;20;1160.1;1456.0;1928.8
12;2025-11-14;21;774.0;1003.0;1310.7
12;2025-11-14;22;354.9;529.0;712.8
12;2025-11-14;23;131.5;313.0;477.6
12;2025-11-15;0;0.0;78.0;156.1
12;2025-11-15;1;0.0;3.0;8.6
12;2025-11-15;2;0.0;0.0;0.0
12;2025-11-15;3;0.0;0.0;0.0
12;2025-11-15;4;0.0;3.0;6.9
12;2025-11-15;5;126.5;235.0;375.1
12;2025-11-15;6;506.8;820.0;1133.2
12;2025-11-15;7;602.8;899.0;1230.8
12;2025-11-15;8;661.4;1012.0;1404.2
12;2025-11-15;9;762.7;1196.0;1611.1
12;2025-11-15;10;878.6;1411.0;1882.1
12;2025-11-15;11;916.3;1515.0;2068.5
12;2025-11-15;12;882.9;1492.0;1993.0
12;2025-11-15;13;1017.2;1727.0;2388.0
12;2025-11-15;14;1055.1;1604.0;2286.6
12;2025-11-15;15;1009.8;1520.0;2100.0
12;2025-11-15;16;1054.8;1592.0;2140.2
12;2025-11-15;17;1015.8;1551.0;2072.4
12;2025-11-15;18;1051.0;1509.0;2074.0
12;2025-11-15;19;996.6;1409.0;1918.7
12;2025-11-15;20;668.9;971.0;1329.1
12;2025-11-15;21;489.6;731.0;1027.3
12;2025-11-15;22;271.2;421.0;616.1
12;2025-11-15;23;104.4;288.0;461.3
12;2025-11-16;0;0.0;84.0;152.5
12;2025-11-16;1;0.0;4.0;11.9
12;2025-11-16;2;0.0;0.0;0.0
12;2025-11-16;3;0.0;0.0;0.0
12;2025-11-16;4;0.0;3.0;8.4
12;2025-11-16;5;67.4;148.0;262.2
12;2025-11-16;6;345.4;510.0;785.1
12;2025-11-16;7;434.2;631.0;851.1
12;2025-11-16;8;496.9;699.0;939.2
12;2025-11-16;9;603.5;892.0;1160.2
12;2025-11-16;10;728.5;1096.0;1404.3
12;2025-11-16;11;776.1;1225.0;1592.5
12;2025-11-16;12;842.6;1285.0;1648.9
12;2025-11-16;13;986.0;1491.0;1946.3
12;2025-11-16;14;968.2;1442.0;1967.0
12;2025-11-16;15;914.6;1350.0;1835.9
12;2025-11-16;16;952.2;1409.0;1921.6
12;2025-11-16;17;985.0;1474.0;1961.8
12;2025-11-16;18;883.9;1250.0;1704.2
12;2025-11-16;19;677.5;974.0;1373.6
12;2025-11-16;20;518.2;738.0;1054.3
12;2025-11-16;21;403.7;573.0;815.7
12;2025-11-16;22;242.3;372.0;549.0
12;2025-11-16;23;113.0;202.0;337.5
12;2025-11-17;0;0.0;54.0;107.6
12;2025-11-17;1;0.0;3.0;7.9
12;2025-11-17;2;0.0;0.0;0.0
12;2025-11-17;3;0.0;0.0;0.0
12;2025-11-17;4;0.0;6.0;13.1
12;2025-11-17;5;249.6;333.0;472.9
12;2025-11-17;6;1117.4;1413.0;1791.0
12;2025-11-17;7;2155.6;2713.0;3513.6
12;2025-11-17;8;2828.4;3596.0;4724.2
12;2025-11-17;9;1985.1;2483.0;3010.2
12;2025-11-17;10;1557.4;2027.0;2493.0
12;2025-11-17;11;1494.5;1961.0;2476.9
12;2025-11-17;12;1527.6;2024.0;2595.8
12;2025-11-17;13;1439.4;2008.0;2599.5
12;2025-11-17;14;1425.8;1990.0;2600.4
12;2025-11-17;15;1576.4;2233.0;2964.0
12;2025-11-17;16;1980.2;2704.0;3516.1
12;2025-11-17;17;2313.9;3012.0;3771.7
12;2025-11-17;18;2517.2;3169.0;4017.7
12;2025-11-17;19;1940.1;2483.0;3228.4
12;2025-11-17;20;1238.0;1555.0;1958.3
12;2025-11-17;21;713.6;944.0;1218.7
12;2025-11-17;22;340.7;490.0;674.2
12;2025-11-17;23;91.3;250.0;388.2
12;2025-11-18;0;0.0;54.0;107.6
12;2025-11-18;1;0.0;3.0;7.9
12;2025-11-18;2;0.0;0.0;0.0
12;2025-11-18;3;0.0;0.0;0.0
12;2025-11-18;4;0.0;6.0;13.1
12;2025-11-18;5;249.6;333.0;472.9
12;2025-11-18;6;1117.4;1413.0;1791.0
12;2025-11-18;7;2155.6;2713.0;3513.6
12;2025-11-18;8;2828.4;3596.0;4724.2
12;2025-11-18;9;1985.1;2483.0;3010.2
12;2025-11-18;10;1557.4;2027.0;2493.0
12;2025-11-18;11;1494.5;1961.0;2476.9
12;2025-11-18;12;1527.6;2024.0;2595.8
12;2025-11-18;13;1439.4;2008.0;2599.5
12;2025-11-18;14;1425.8;1990.0;2600.4
12;2025-11-18;15;1576.4;2233.0;2964.0
12;2025-11-18;16;1980.2;2704.0;3516.1
12;2025-11-18;17;2313.9;3012.0;3771.7
12;2025-11-18;18;2517.2;3169.0;4017.7
12;2025-11-18;19;1940.1;2483.0;3228.4
12;2025-11-18;20;1238.0;1555.0;1958.3
12;2025-11-18;21;713.6;944.0;1218.7
12;2025-11-18;22;340.7;490.0;674.2
12;2025-11-18;23;91.3;250.0;388.2
12;2025-11-19;0;0.0;54.0;107.6
12;2025-11-19;1;0.0;3.0;7.9
12;2025-11-19;2;0.0;0.0;0.0
12;2025-11-19;3;0.0;0.0;0.0
12;2025-11-19;4;0.0;6.0;13.1
12;2025-11-19;5;249.6;333.0;472.9
12;2025-11-19;6;1117.4;1413.0;1791.0
12;2025-11-19;7;2155.6;2713.0;3513.6
12;2025-11-19;8;2828.4;3596.0;4724.2
12;2025-11-19;9;1985.1;2483.0;3010.2
12;2025-11-19;10;1557.4;2027.0;2493.0
12;2025-11-19;11;1494.5;1961.0;2476.9
12;2025-11-19;12;1527.6;2024.0;2595.8
12;2025-11-19;13;1439.4;2008.0;2599.5
12;2025-11-19;14;1425.8;1990.0;2600.4
12;2025-11-19;15;1576.4;2233.0;2964.0
12;2025-11-19;16;1980.2;2704.0;3516.1
12;2025-11-19;17;2313.9;3012.0;3771.7
12;2025-11-19;18;2517.2;3169.0;4017.7
12;2025-11-19;19;1940.1;2483.0;3228.4
12;2025-11-19;20;1238.0;1555.0;1958.3
12;2025-11-19;21;713.6;944.0;1218.7
12;2025-11-19;22;340.7;490.0;674.2
12;2025-11-19;23;91.3;250.0;388.2
12;2025-11-20;0;0.0;54.0;107.6
12;2025-11-20;1;0.0;3.0;7.9
12;2025-11-20;2;0.0;0.0;0.0
12;2025-11-20;3;0.0;0.0;0.0
12;2025-11-20;4;0.0;6.0;13.1
12;2025-11-20;5;249.6;333.0;472.9
12;2025-11-20;6;1117.4;1413.0;1791.0
12;2025-11-20;7;2155.6;2713.0;3513.6
12;2025-11-20;8;2828.4;3596.0;4724.2
12;2025-11-20;9;1985.1;2483.0;3010.2
12;2025-11-20;10;1557.4;2027.0;2493.0
12;2025-11-20;11;1494.5;1961.0;2476.9
12;2025-11-20;12;1527.6;2024.0;2595.8
12;2025-11-20;13;1439.4;2008.0;2599.5
12;2025-11-20;14;1425.8;1990.0;2600.4
12;2025-11-20;15;1576.4;2233.0;2964.0
12;2025-11-20;16;1980.2;2704.0;3516.1
12;2025-11-20;17;2313.9;3012.0;3771.7
12;2025-11-20;18;2517.2;3169.0;4017.7
12;2025-11-20;19;1940.1;2483.0;3228.4
12;2025-11-20;20;1238.0;1555.0;1958.3
12;2025-11-20;21;713.6;944.0;1218.7
12;2025-11-20;22;340.7;490.0;674.2
12;2025-11-20;23;91.3;250.0;388.2
12;2025-11-21;0;0.0;56.0;93.8
12;2025-11-21;1;0.0;1.0;2.6
12;2025-11-21;2;0.0;0.0;0.0
12;2025-11-21;3;0.0;0.0;0.0
12;2025-11-21;4;0.0;6.0;14.0
12;2025-11-21;5;245.8;331.0;489.3
12;2025-11-21;6;1017.7;1394.0;1790.2
12;2025-11-21;7;2091.0;2702.0;3619.6
12;2025-11-21;8;2642.1;3428.0;4542.1
12;2025-11-21;9;1869.0;2416.0;2961.2
12;2025-11-21;10;1473.6;1932.0;2421.5
12;2025-11-21;11;1397.9;1944.0;2437.6
12;2025-11-21;12;1460.3;2002.0;2527.7
12;2025-11-21;13;1496.0;2075.0;2766.0
12;2025-11-21;14;1404.4;2060.0;2672.8
12;2025-11-21;15;1703.6;2349.0;3050.1
12;2025-11-21;16;2123.6;2986.0;3871.8
12;2025-11-21;17;2203.5;2974.0;3795.2
12;2025-11-21;18;1970.4;2577.0;3227.9
12;2025-11-21;19;1712.8;2205.0;2821.0
12;2025-11-21;20;1140.8;1456.0;1905.2
12;2025-11-21;21;751.2;1003.0;1355.2
12;2025-11-21;22;344.2;529.0;725.7
12;2025-11-21;23;118.9;313.0;489.2
12;2025-11-22;0;0.0;78.0;156.1
12;2025-11-22;1;0.0;3.0;8.6
12;2025-11-22;2;0.0;0.0;0.0
12;2025-11-22;3;0.0;0.0;0.0
12;2025-11-22;4;0.0;3.0;6.9
12;2025-11-22;5;126.5;235.0;375.1
12;2025-11-22;6;506.8;820.0;1133.2
12;2025-11-22;7;602.8;899.0;1230.8
12;2025-11-22;8;661.4;1012.0;1404.2
12;2025-11-22;9;762.7;1196.0;1611.1
12;2025-11-22;10;878.6;1411.0;1882.1
12;2025-11-22;11;916.3;1515.0;2068.5
12;2025-11-22;12;882.9;1492.0;1993.0
12;2025-11-22;13;1017.2;1727.0;2388.0
12;2025-11-22;14;1055.1;1604.0;2286.6
12;2025-11-22;15;1009.8;1520.0;2100.0
12;2025-11-22;16;1054.8;1592.0;2140.2
12;2025-11-22;17;1015.8;1551.0;2072.4
12;2025-11-22;18;1051.0;1509.0;2074.0
12;2025-11-22;19;996.6;1409.0;1918.7
12;2025-11-22;20;668.9;971.0;1329.1
12;2025-11-22;21;489.6;731.0;1027.3
12;2025-11-22;22;271.2;421.0;616.1
12;2025-11-22;23;104.4;288.0;461.3
12;2025-11-23;0;0.0;84.0;152.5
12;2025-11-23;1;0.0;4.0;11.9
12;2025-11-23;2;0.0;0.0;0.0
12;2025-11-23;3;0.0;0.0;0.0
12;2025-11-23;4;0.0;3.0;8.4
12;2025-11-23;5;67.4;148.0;262.2
12;2025-11-23;6;345.4;510.0;785.1
12;2025-11-23;7;434.2;631.0;851.1
12;2025-11-23;8;496.9;699.0;939.2
12;2025-11-23;9;603.5;892.0;1160.2
12;2025-11-23;10;728.5;1096.0;1404.3
12;2025-11-23;11;776.1;1225.0;1592.5
12;2025-11-23;12;842.6;1285.0;1648.9
12;2025-11-23;13;986.0;1491.0;1946.3
12;2025-11-23;14;968.2;1442.0;1967.0
12;2025-11-23;15;914.6;1350.0;1835.9
12;2025-11-23;16;952.2;1409.0;1921.6
12;2025-11-23;17;985.0;1474.0;1961.8
12;2025-11-23;18;883.9;1250.0;1704.2
12;2025-11-23;19;677.5;974.0;1373.6
12;2025-11-23;20;518.2;738.0;1054.3
12;2025-11-23;21;403.7;573.0;815.7
12;2025-11-23;22;242.3;372.0;549.0
12;2025-11-23;23;113.0;202.0;337.5
12;2025-11-24;0;0.0;54.0;107.6
12;2025-11-24;1;0.0;3.0;7.9
12;2025-11-24;2;0.0;0.0;0.0
12;2025-11-24;3;0.0;0.0;0.0
12;2025-11-24;4;0.0;6.0;13.1
12;2025-11-24;5;249.6;333.0;472.9
12;2025-11-24;6;1117.4;1413.0;1791.0
12;2025-11-24;7;2155.6;2713.0;3513.6
12;2025-11-24;8;2828.4;3596.0;4724.2
12;2025-11-24;9;1985.1;2483.0;3010.2
12;2025-11-24;10;1557.4;2027.0;2493.0
12;2025-11-24;11;1494.5;1961.0;2476.9
12;2025-11-24;12;1527.6;2024.0;2595.8
12;2025-11-24;13;1439.4;2008.0;2599.5
12;2025-11-24;14;1425.8;1990.0;2600.4
12;2025-11-24;15;1576.4;2233.0;2964.0
12;2025-11-24;16;1980.2;2704.0;3516.1
12;2025-11-24;17;2313.9;3012.0;3771.7
12;2025-11-24;18;2517.2;3169.0;4017.7
12;2025-11-24;19;1940.1;2483.0;3228.4
12;2025-11-24;20;1238.0;1555.0;1958.3
12;2025-11-24;21;713.6;944.0;1218.7
12;2025-11-24;22;340.7;490.0;674.2
12;2025-11-24;23;91.3;250.0;388.2
12;2025-11-25;0;0.0;54.0;107.6
12;2025-11-25;1;0.0;3.0;7.9
12;2025-11-25;2;0.0;0.0;0.0
12;2025-11-25;3;0.0;0.0;0.0
12;2025-11-25;4;0.0;6.0;13.1
12;2025-11-25;5;249.6;333.0;472.9
12;2025-11-25;6;1117.4;1413.0;1791.0
12;2025-11-25;7;2155.6;2713.0;3513.6
12;2025-11-25;8;2828.4;3596.0;4724.2
12;2025-11-25;9;1985.1;2483.0;3010.2
12;2025-11-25;10;1557.4;2027.0;2493.0
12;2025-11-25;11;1494.5;1961.0;2476.9
12;2025-11-25;12;1527.6;2024.0;2595.8
12;2025-11-25;13;1439.4;2008.0;2599.5
12;2025-11-25;14;1425.8;1990.0;2600.4
12;2025-11-25;15;1576.4;2233.0;2964.0
12;2025-11-25;16;1980.2;2704.0;3516.1
12;2025-11-25;17;2313.9;3012.0;3771.7
12;2025-11-25;18;2517.2;3169.0;4017.7
12;2025-11-25;19;1940.1;2483.0;3228.4
12;2025-11-25;20;1238.0;1555.0;1958.3
12;2025-11-25;21;713.6;944.0;1218.7
12;2025-11-25;22;340.7;490.0;674.2
12;2025-11-25;23;91.3;250.0;388.2
12;2025-11-26;0;0.0;54.0;107.6
12;2025-11-26;1;0.0;3.0;7.9
12;2025-11-26;2;0.0;0.0;0.0
12;2025-11-26;3;0.0;0.0;0.0
12;2025-11-26;4;0.0;6.0;13.1
12;2025-11-26;5;249.6;333.0;472.9
12;2025-11-26;6;1117.4;1413.0;1791.0
12;2025-11-26;7;2155.6;2713.0;3513.6
12;2025-11-26;8;2828.4;3596.0;4724.2
12;2025-11-26;9;1985.1;2483.0;3010.2
12;2025-11-26;10;1557.4;2027.0;2493.0
12;2025-11-26;11;1494.5;1961.0;2476.9
12;2025-11-26;12;1527.6;2024.0;2595.8
12;2025-11-26;13;1439.4;2008.0;2599.5
12;2025-11-26;14;1425.8;1990.0;2600.4
12;2025-11-26;15;1576.4;2233.0;2964.0
12;2025-11-26;16;1980.2;2704.0;3516.1
12;2025-11-26;17;2313.9;3012.0;3771.7
12;2025-11-26;18;2517.2;3169.0;4017.7
12;2025-11-26;19;1940.1;2483.0;3228.4
12;2025-11-26;20;1238.0;1555.0;1958.3
12;2025-11-26;21;713.6;944.0;1218.7
12;2025-11-26;22;340.7;490.0;674.2
12;2025-11-26;23;91.3;250.0;388.2
12;2025-11-27;0;0.0;54.0;107.6
12;2025-11-27;1;0.0;3.0;7.9
12;2025-11-27;2;0.0;0.0;0.0
12;2025-11-27;3;0.0;0.0;0.0
12;2025-11-27;4;0.0;6.0;13.1
12;2025-11-27;5;249.6;333.0;472.9
12;2025-11-27;6;1117.4;1413.0;1791.0
12;2025-11-27;7;2155.6;2713.0;3513.6
12;2025-11-27;8;2828.4;3596.0;4724.2
12;2025-11-27;9;1985.1;2483.0;3010.2
12;2025-11-27;10;1557.4;2027.0;2493.0
12;2025-11-27;11;1494.5;1961.0;2476.9
12;2025-11-27;12;1527.6;2024.0;2595.8
12;2025-11-27;13;1439.4;2008.0;2599.5
12;2025-11-27;14;1425.8;1990.0;2600.4
12;2025-11-27;15;1576.4;2233.0;2964.0
12;2025-11-27;16;1980.2;2704.0;3516.1
12;2025-11-27;17;2313.9;3012.0;3771.7
12;2025-11-27;18;2517.2;3169.0;4017.7
12;2025-11-27;19;1940.1;2483.0;3228.4
12;2025-11-27;20;1238.0;1555.0;1958.3
12;2025-11-27;21;713.6;944.0;1218.7
12;2025-11-27;22;340.7;490.0;674.2
12;2025-11-27;23;91.3;250.0;388.2
12;2025-11-28;0;0.0;56.0;93.8
12;2025-11-28;1;0.0;1.0;2.6
12;2025-11-28;2;0.0;0.0;0.0
12;2025-11-28;3;0.0;0.0;0.0
12;2025-11-28;4;0.0;6.0;14.0
12;2025-11-28;5;245.8;331.0;489.3
12;2025-11-28;6;1017.7;1394.0;1790.2
12;2025-11-28;7;2091.0;2702.0;3619.6
12;2025-11-28;8;2642.1;3428.0;4542.1
12;2025-11-28;9;1869.0;2416.0;2961.2
12;2025-11-28;10;1473.6;1932.0;2421.5
12;2025-11-28;11;1397.9;1944.0;2437.6
12;2025-11-28;12;1460.3;2002.0;2527.7
12;2025-11-28;13;1496.0;2075.0;2766.0
12;2025-11-28;14;1404.4;2060.0;2672.8
12;2025-11-28;15;1703.6;2349.0;3050.1
12;2025-11-28;16;2123.6;2986.0;3871.8
12;2025-11-28;17;2203.5;2974.0;3795.2
12;2025-11-28;18;1970.4;2577.0;3227.9
12;2025-11-28;19;1712.8;2205.0;2821.0
12;2025-11-28;20;1140.8;1456.0;1905.2
12;2025-11-28;21;751.2;1003.0;1355.2
12;2025-11-28;22;344.2;529.0;725.7
12;2025-11-28;23;118.9;313.0;489.2
12;2025-11-29;0;0.0;78.0;151.3
12;2025-11-29;1;0.0;3.0;8.2
12;2025-11-29;2;0.0;0.0;0.0
12;2025-11-29;3;0.0;0.0;0.0
12;2025-11-29;4;0.0;3.0;8.2
12;2025-11-29;5;130.8;235.0;361.6
12;2025-11-29;6;511.1;820.0;1163.9
12;2025-11-29;7;585.8;899.0;1265.4
12;2025-11-29;8;638.9;1012.0;1466.6
12;2025-11-29;9;776.4;1196.0;1624.3
12;2025-11-29;10;901.7;1411.0;1944.6
12;2025-11-29;11;932.3;1515.0;2180.3
12;2025-11-29;12;887.2;1492.0;2123.0
12;2025-11-29;13;1012.8;1727.0;2524.5
12;2025-11-29;14;986.0;1604.0;2364.6
12;2025-11-29;15;926.6;1520.0;2133.7
12;2025-11-29;16;1002.9;1592.0;2323.0
12;2025-11-29;17;987.7;1551.0;2148.3
12;2025-11-29;18;981.6;1509.0;2155.7
12;2025-11-29;19;938.0;1409.0;1904.9
12;2025-11-29;20;651.0;971.0;1376.0
12;2025-11-29;21;469.2;731.0;1031.8
12;2025-11-29;22;249.6;421.0;629.7
12;2025-11-29;23;103.8;288.0;478.8
12;2025-11-30;0;0.0;84.0;158.7
12;2025-11-30;1;0.0;4.0;11.8
12;2025-11-30;2;0.0;0.0;0.0
12;2025-11-30;3;0.0;0.0;0.0
12;2025-11-30;4;0.0;3.0;8.2
12;2025-11-30;5;70.2;148.0;252.0
12;2025-11-30;6;341.6;510.0;746.5
12;2025-11-30;7;450.7;631.0;876.3
12;2025-11-30;8;494.3;699.0;913.1
12;2025-11-30;9;595.7;892.0;1181.4
12;2025-11-30;10;675.2;1096.0;1418.5
12;2025-11-30;11;725.6;1225.0;1623.0
12;2025-11-30;12;768.2;1285.0;1687.8
12;2025-11-30;13;861.7;1491.0;1998.7
12;2025-11-30;14;857.9;1442.0;1958.6
12;2025-11-30;15;859.7;1350.0;1839.6
12;2025-11-30;16;891.8;1409.0;1979.0
12;2025-11-30;17;951.0;1474.0;2045.0
12;2025-11-30;18;811.1;1250.0;1745.3
12;2025-11-30;19;632.8;974.0;1304.2
12;2025-11-30;20;467.4;738.0;1015.2
12;2025-11-30;21;380.7;573.0;801.6
12;2025-11-30;22;236.6;372.0;540.1
12;2025-11-30;23;114.1;202.0;329.4
12;2025-12-01;0;0.0;54.0;106.3
12;2025-12-01;1;0.0;3.0;8.4
12;2025-12-01;2;0.0;0.0;0.0
12;2025-12-01;3;0.0;0.0;0.0
12;2025-12-01;4;0.0;6.0;13.6
12;2025-12-01;5;247.3;333.0;484.9
12;2025-12-01;6;1089.2;1413.0;1829.6
12;2025-12-01;7;2092.6;2713.0;3846.6
12;2025-12-01;8;2678.5;3596.0;5069.5
12;2025-12-01;9;1903.7;2483.0;3181.3
12;2025-12-01;10;1520.2;2027.0;2595.9
12;2025-12-01;11;1431.1;1961.0;2598.8
12;2025-12-01;12;1429.8;2024.0;2668.0
12;2025-12-01;13;1356.6;2008.0;2749.8
12;2025-12-01;14;1372.9;1990.0;2791.8
12;2025-12-01;15;1479.4;2233.0;3180.9
12;2025-12-01;16;1884.8;2704.0;3787.0
12;2025-12-01;17;2240.0;3012.0;4106.6
12;2025-12-01;18;2434.3;3169.0;4239.3
12;2025-12-01;19;1898.1;2483.0;3302.9
12;2025-12-01;20;1194.7;1555.0;2004.7
12;2025-12-01;21;707.8;944.0;1227.4
12;2025-12-01;22;339.6;490.0;674.0
12;2025-12-01;23;89.1;250.0;393.5
12;2025-12-02;0;0.0;54.0;106.3
12;2025-12-02;1;0.0;3.0;8.4
12;2025-12-02;2;0.0;0.0;0.0
12;2025-12-02;3;0.0;0.0;0.0
12;2025-12-02;4;0.0;6.0;13.6
12;2025-12-02;5;247.3;333.0;484.9
12;2025-12-02;6;1089.2;1413.0;1829.6
12;2025-12-02;7;2092.6;2713.0;3846.6
12;2025-12-02;8;2678.5;3596.0;5069.5
12;2025-12-02;9;1903.7;2483.0;3181.3
12;2025-12-02;10;1520.2;2027.0;2595.9
12;2025-12-02;11;1431.1;1961.0;2598.8
12;2025-12-02;12;1429.8;2024.0;2668.0
12;2025-12-02;13;1356.6;2008.0;2749.8
12;2025-12-02;14;1372.9;1990.0;2791.8
12;2025-12-02;15;1479.4;2233.0;3180.9
12;2025-12-02;16;1884.8;2704.0;3787.0
12;2025-12-02;17;2240.0;3012.0;4106.6
12;2025-12-02;18;2434.3;3169.0;4239.3
12;2025-12-02;19;1898.1;2483.0;3302.9
12;2025-12-02;20;1194.7;1555.0;2004.7
12;2025-12-02;21;707.8;944.0;1227.4
12;2025-12-02;22;339.6;490.0;674.0
12;2025-12-02;23;89.1;250.0;393.5
12;2025-12-03;0;0.0;54.0;106.3
12;2025-12-03;1;0.0;3.0;8.4
12;2025-12-03;2;0.0;0.0;0.0
12;2025-12-03;3;0.0;0.0;0.0
12;2025-12-03;4;0.0;6.0;13.6
12;2025-12-03;5;247.3;333.0;484.9
12;2025-12-03;6;1089.2;1413.0;1829.6
12;2025-12-03;7;2092.6;2713.0;3846.6
12;2025-12-03;8;2678.5;3596.0;5069.5
12;2025-12-03;9;1903.7;2483.0;3181.3
12;2025-12-03;10;1520.2;2027.0;2595.9
12;2025-12-03;11;1431.1;1961.0;2598.8
12;2025-12-03;12;1429.8;2024.0;2668.0
12;2025-12-03;13;1356.6;2008.0;2749.8
12;2025-12-03;14;1372.9;1990.0;2791.8
12;2025-12-03;15;1479.4;2233.0;3180.9
12;2025-12-03;16;1884.8;2704.0;3787.0
12;2025-12-03;17;2240.0;3012.0;4106.6
12;2025-12-03;18;2434.3;3169.0;4239.3
12;2025-12-03;19;1898.1;2483.0;3302.9
12;2025-12-03;20;1194.7;1555.0;2004.7
12;2025-12-03;21;707.8;944.0;1227.4
12;2025-12-03;22;339.6;490.0;674.0
12;2025-12-03;23;89.1;250.0;393.5
12;2025-12-04;0;0.0;54.0;106.3
12;2025-12-04;1;0.0;3.0;8.4
12;2025-12-04;2;0.0;0.0;0.0
12;2025-12-04;3;0.0;0.0;0.0
12;2025-12-04;4;0.0;6.0;13.6
12;2025-12-04;5;247.3;333.0;484.9
12;2025-12-04;6;1089.2;1413.0;1829.6
12;2025-12-04;7;2092.6;2713.0;3846.6
12;2025-12-04;8;2678.5;3596.0;5069.5
12;2025-12-04;9;1903.7;2483.0;3181.3
12;2025-12-04;10;1520.2;2027.0;2595.9
12;2025-12-04;11;1431.1;1961.0;2598.8
12;2025-12-04;12;1429.8;2024.0;2668.0
12;2025-12-04;13;1356.6;2008.0;2749.8
12;2025-12-04;14;1372.9;1990.0;2791.8
12;2025-12-04;15;1479.4;2233.0;3180.9
12;2025-12-04;16;1884.8;2704.0;3787.0
12;2025-12-04;17;2240.0;3012.0;4106.6
12;2025-12-04;18;2434.3;3169.0;4239.3
12;2025-12-04;19;1898.1;2483.0;3302.9
12;2025-12-04;20;1194.7;1555.0;2004.7
12;2025-12-04;21;707.8;944.0;1227.4
12;2025-12-04;22;339.6;490.0;674.0
12;2025-12-04;23;89.1;250.0;393.5
12;2025-12-05;0;0.0;56.0;99.2
12;2025-12-05;1;0.0;1.0;2.7
12;2025-12-05;2;0.0;0.0;0.0
12;2025-12-05;3;0.0;0.0;0.0
12;2025-12-05;4;0.0;6.0;14.0
12;2025-12-05;5;236.2;331.0;495.4
12;2025-12-05;6;940.2;1394.0;1799.2
12;2025-12-05;7;1938.7;2702.0;3901.5
12;2025-12-05;8;2475.0;3428.0;4849.5
12;2025-12-05;9;1752.2;2416.0;3055.1
12;2025-12-05;10;1387.9;1932.0;2571.2
12;2025-12-05;11;1303.8;1944.0;2482.1
12;2025-12-05;12;1365.0;2002.0;2684.3
12;2025-12-05;13;1394.8;2075.0;3004.5
12;2025-12-05;14;1347.2;2060.0;2949.0
12;2025-12-05;15;1642.9;2349.0;3343.5
12;2025-12-05;16;2077.4;2986.0;4137.3
12;2025-12-05;17;2113.6;2974.0;4121.4
12;2025-12-05;18;1893.3;2577.0;3447.1
12;2025-12-05;19;1669.8;2205.0;2964.2
12;2025-12-05;20;1118.5;1456.0;1920.9
12;2025-12-05;21;729.9;1003.0;1369.5
12;2025-12-05;22;338.1;529.0;757.7
12;2025-12-05;23;112.8;313.0;509.2
12;2025-12-06;0;0.0;78.0;151.3
12;2025-12-06;1;0.0;3.0;8.2
12;2025-12-06;2;0.0;0.0;0.0
12;2025-12-06;3;0.0;0.0;0.0
12;2025-12-06;4;0.0;3.0;8.2
12;2025-12-06;5;130.8;235.0;361.6
12;2025-12-06;6;511.1;820.0;1163.9
12;2025-12-06;7;585.8;899.0;1265.4
12;2025-12-06;8;638.9;1012.0;1466.6
12;2025-12-06;9;776.4;1196.0;1624.3
12;2025-12-06;10;901.7;1411.0;1944.6
12;2025-12-06;11;932.3;1515.0;2180.3
12;2025-12-06;12;887.2;1492.0;2123.0
12;2025-12-06;13;1012.8;1727.0;2524.5
12;2025-12-06;14;986.0;1604.0;2364.6
12;2025-12-06;15;926.6;1520.0;2133.7
12;2025-12-06;16;1002.9;1592.0;2323.0
12;2025-12-06;17;987.7;1551.0;2148.3
12;2025-12-06;18;981.6;1509.0;2155.7
12;2025-12-06;19;938.0;1409.0;1904.9
12;2025-12-06;20;651.0;971.0;1376.0
12;2025-12-06;21;469.2;731.0;1031.8
12;2025-12-06;22;249.6;421.0;629.7
12;2025-12-06;23;103.8;288.0;478.8
12;2025-12-07;0;0.0;84.0;158.7
12;2025-12-07;1;0.0;4.0;11.8
12;2025-12-07;2;0.0;0.0;0.0
12;2025-12-07;3;0.0;0.0;0.0
12;2025-12-07;4;0.0;3.0;8.2
12;2025-12-07;5;70.2;148.0;252.0
12;2025-12-07;6;341.6;510.0;746.5
12;2025-12-07;7;450.7;631.0;876.3
12;2025-12-07;8;494.3;699.0;913.1
12;2025-12-07;9;595.7;892.0;1181.4
12;2025-12-07;10;675.2;1096.0;1418.5
12;2025-12-07;11;725.6;1225.0;1623.0
12;2025-12-07;12;768.2;1285.0;1687.8
12;2025-12-07;13;861.7;1491.0;1998.7
12;2025-12-07;14;857.9;1442.0;1958.6
12;2025-12-07;15;859.7;1350.0;1839.6
12;2025-12-07;16;891.8;1409.0;1979.0
12;2025-12-07;17;951.0;1474.0;2045.0
12;2025-12-07;18;811.1;1250.0;1745.3
12;2025-12-07;19;632.8;974.0;1304.2
12;2025-12-07;20;467.4;738.0;1015.2
12;2025-12-07;21;380.7;573.0;801.6
12;2025-12-07;22;236.6;372.0;540.1
12;2025-12-07;23;114.1;202.0;329.4
12;2025-12-08;0;0.0;54.0;106.3
12;2025-12-08;1;0.0;3.0;8.4
12;2025-12-08;2;0.0;0.0;0.0
12;2025-12-08;3;0.0;0.0;0.0
12;2025-12-08;4;0.0;6.0;13.6
12;2025-12-08;5;247.3;333.0;484.9
12;2025-12-08;6;1089.2;1413.0;1829.6
12;2025-12-08;7;2092.6;2713.0;3846.6
12;2025-12-08;8;2678.5;3596.0;5069.5
12;2025-12-08;9;1903.7;2483.0;3181.3
12;2025-12-08;10;1520.2;2027.0;2595.9
12;2025-12-08;11;1431.1;1961.0;2598.8
12;2025-12-08;12;1429.8;2024.0;2668.0
12;2025-12-08;13;1356.6;2008.0;2749.8
12;2025-12-08;14;1372.9;1990.0;2791.8
12;2025-12-08;15;1479.4;2233.0;3180.9
12;2025-12-08;16;1884.8;2704.0;3787.0
12;2025-12-08;17;2240.0;3012.0;4106.6
12;2025-12-08;18;2434.3;3169.0;4239.3
12;2025-12-08;19;1898.1;2483.0;3302.9
12;2025-12-08;20;1194.7;1555.0;2004.7
12;2025-12-08;21;707.8;944.0;1227.4
12;2025-12-08;22;339.6;490.0;674.0
12;2025-12-08;23;89.1;250.0;393.5
12;2025-12-09;0;0.0;54.0;106.3
12;2025-12-09;1;0.0;3.0;8.4
12;2025-12-09;2;0.0;0.0;0.0
12;2025-12-09;3;0.0;0.0;0.0
12;2025-12-09;4;0.0;6.0;13.6
12;2025-12-09;5;247.3;333.0;484.9
12;2025-12-09;6;1089.2;1413.0;1829.6
12;2025-12-09;7;2092.6;2713.0;3846.6
12;2025-12-09;8;2678.5;3596.0;5069.5
12;2025-12-09;9;1903.7;2483.0;3181.3
12;2025-12-09;10;1520.2;2027.0;2595.9
12;2025-12-09;11;1431.1;1961.0;2598.8
12;2025-12-09;12;1429.8;2024.0;2668.0
12;2025-12-09;13;1356.6;2008.0;2749.8
12;2025-12-09;14;1372.9;1990.0;2791.8
12;2025-12-09;15;1479.4;2233.0;3180.9
12;2025-12-09;16;1884.8;2704.0;3787.0
12;2025-12-09;17;2240.0;3012.0;4106.6
12;2025-12-09;18;2434.3;3169.0;4239.3
12;2025-12-09;19;1898.1;2483.0;3302.9
12;2025-12-09;20;1194.7;1555.0;2004.7
12;2025-12-09;21;707.8;944.0;1227.4
12;2025-12-09;22;339.6;490.0;674.0
12;2025-12-09;23;89.1;250.0;393.5
12;2025-12-10;0;0.0;54.0;106.3
12;2025-12-10;1;0.0;3.0;8.4
12;2025-12-10;2;0.0;0.0;0.0
12;2025-12-10;3;0.0;0.0;0.0
12;2025-12-10;4;0.0;6.0;13.6
12;2025-12-10;5;247.3;333.0;484.9
12;2025-12-10;6;1089.2;1413.0;1829.6
12;2025-12-10;7;2092.6;2713.0;3846.6
12;2025-12-10;8;2678.5;3596.0;5069.5
12;2025-12-10;9;1903.7;2483.0;3181.3
12;2025-12-10;10;1520.2;2027.0;2595.9
12;2025-12-10;11;1431.1;1961.0;2598.8
12;2025-12-10;12;1429.8;2024.0;2668.0
12;2025-12-10;13;1356.6;2008.0;2749.8
12;2025-12-10;14;1372.9;1990.0;2791.8
12;2025-12-10;15;1479.4;2233.0;3180.9
12;2025-12-10;16;1884.8;2704.0;3787.0
12;2025-12-10;17;2240.0;3012.0;4106.6
12;2025-12-10;18;2434.3;3169.0;4239.3
12;2025-12-10;19;1898.1;2483.0;3302.9
12;2025-12-10;20;1194.7;1555.0;2004.7
12;2025-12-10;21;707.8;944.0;1227.4
12;2025-12-10;22;339.6;490.0;674.0
12;2025-12-10;23;89.1;250.0;393.5
12;2025-12-11;0;0.0;54.0;106.3
12;2025-12-11;1;0.0;3.0;8.4
12;2025-12-11;2;0.0;0.0;0.0
12;2025-12-11;3;0.0;0.0;0.0
12;2025-12-11;4;0.0;6.0;13.6
12;2025-12-11;5;247.3;333.0;484.9
12;2025-12-11;6;1089.2;1413.0;1829.6
12;2025-12-11;7;2092.6;2713.0;3846.6
12;2025-12-11;8;2678.5;3596.0;5069.5
12;2025-12-11;9;1903.7;2483.0;3181.3
12;2025-12-11;10;1520.2;2027.0;2595.9
12;2025-12-11;11;1431.1;1961.0;2598.8
12;2025-12-11;12;1429.8;2024.0;2668.0
12;2025-12-11;13;1356.6;2008.0;2749.8
12;2025-12-11;14;1372.9;1990.0;2791.8
12;2025-12-11;15;1479.4;2233.0;3180.9
12;2025-12-11;16;1884.8;2704.0;3787.0
12;2025-12-11;17;2240.0;3012.0;4106.6
12;2025-12-11;18;2434.3;3169.0;4239.3
12;2025-12-11;19;1898.1;2483.0;3302.9
12;2025-12-11;20;1194.7;1555.0;2004.7
12;2025-12-11;21;707.8;944.0;1227.4
12;2025-12-11;22;339.6;490.0;674.0
12;2025-12-11;23;89.1;250.0;393.5
12;2025-12-12;0;0.0;56.0;99.2
12;2025-12-12;1;0.0;1.0;2.7
12;2025-12-12;2;0.0;0.0;0.0
12;2025-12-12;3;0.0;0.0;0.0
12;2025-12-12;4;0.0;6.0;14.0
12;2025-12-12;5;236.2;331.0;495.4
12;2025-12-12;6;940.2;1394.0;1799.2
12;2025-12-12;7;1938.7;2702.0;3901.5
12;2025-12-12;8;2475.0;3428.0;4849.5
12;2025-12-12;9;1752.2;2416.0;3055.1
12;2025-12-12;10;1387.9;1932.0;2571.2
12;2025-12-12;11;1303.8;1944.0;2482.1
12;2025-12-12;12;1365.0;2002.0;2684.3
12;2025-12-12;13;1394.8;2075.0;3004.5
12;2025-12-12;14;1347.2;2060.0;2949.0
12;2025-12-12;15;1642.9;2349.0;3343.5
12;2025-12-12;16;2077.4;2986.0;4137.3
12;2025-12-12;17;2113.6;2974.0;4121.4
12;2025-12-12;18;1893.3;2577.0;3447.1
12;2025-12-12;19;1669.8;2205.0;2964.2
12;2025-12-12;20;1118.5;1456.0;1920.9
12;2025-12-12;21;729.9;1003.0;1369.5
12;2025-12-12;22;338.1;529.0;757.7
12;2025-12-12;23;112.8;313.0;509.2
12;2025-12-13;0;0.0;78.0;145.5
12;2025-12-13;1;0.0;3.0;8.9
12;2025-12-13;2;0.0;0.0;0.0
12;2025-12-13;3;0.0;0.0;0.0
12;2025-12-13;4;0.0;3.0;7.8
12;2025-12-13;5;120.0;235.0;366.1
12;2025-12-13;6;488.4;820.0;1184.5
12;2025-12-13;7;578.1;899.0;1274.3
12;2025-12-13;8;604.0;1012.0;1513.4
12;2025-12-13;9;714.8;1196.0;1683.3
12;2025-12-13;10;835.9;1411.0;2002.3
12;2025-12-13;11;895.4;1515.0;2170.0
12;2025-12-13;12;813.0;1492.0;2186.4
12;2025-12-13;13;858.0;1727.0;2536.0
12;2025-12-13;14;962.0;1604.0;2412.1
12;2025-12-13;15;888.5;1520.0;2226.2
12;2025-12-13;16;945.2;1592.0;2346.1
12;2025-12-13;17;916.2;1551.0;2147.9
12;2025-12-13;18;930.0;1509.0;2170.9
12;2025-12-13;19;937.5;1409.0;1933.8
12;2025-12-13;20;641.4;971.0;1277.7
12;2025-12-13;21;476.2;731.0;1023.7
12;2025-12-13;22;261.9;421.0;612.1
12;2025-12-13;23;97.0;288.0;465.2
12;2025-12-14;0;0.0;84.0;155.5
12;2025-12-14;1;0.0;4.0;12.7
12;2025-12-14;2;0.0;0.0;0.0
12;2025-12-14;3;0.0;0.0;0.0
12;2025-12-14;4;0.0;3.0;9.2
12;2025-12-14;5;69.4;148.0;256.5
12;2025-12-14;6;348.5;510.0;777.2
12;2025-12-14;7;435.5;631.0;829.5
12;2025-12-14;8;501.1;699.0;901.0
12;2025-12-14;9;585.6;892.0;1204.9
12;2025-12-14;10;690.2;1096.0;1460.8
12;2025-12-14;11;697.6;1225.0;1659.6
12;2025-12-14;12;790.0;1285.0;1735.2
12;2025-12-14;13;901.7;1491.0;2013.5
12;2025-12-14;14;875.4;1442.0;2024.2
12;2025-12-14;15;849.8;1350.0;1897.6
12;2025-12-14;16;866.8;1409.0;2015.2
12;2025-12-14;17;937.7;1474.0;2093.7
12;2025-12-14;18;818.8;1250.0;1747.9
12;2025-12-14;19;620.7;974.0;1314.3
12;2025-12-14;20;491.4;738.0;1015.7
12;2025-12-14;21;399.1;573.0;822.2
12;2025-12-14;22;244.3;372.0;540.5
12;2025-12-14;23;109.7;202.0;326.9
12;2025-12-15;0;0.0;54.0;105.0
12;2025-12-15;1;0.0;3.0;8.6
12;2025-12-15;2;0.0;0.0;0.0
12;2025-12-15;3;0.0;0.0;0.0
12;2025-12-15;4;0.0;6.0;14.6
12;2025-12-15;5;247.2;333.0;490.8
12;2025-12-15;6;1056.3;1413.0;1855.5
12;2025-12-15;7;2033.2;2713.0;3959.3
12;2025-12-15;8;2540.4;3596.0;5372.0
12;2025-12-15;9;1852.4;2483.0;3305.8
12;2025-12-15;10;1485.3;2027.0;2724.4
12;2025-12-15;11;1390.1;1961.0;2717.0
12;2025-12-15;12;1386.8;2024.0;2780.6
12;2025-12-15;13;1328.3;2008.0;2888.5
12;2025-12-15;14;1314.5;1990.0;2944.7
12;2025-12-15;15;1443.4;2233.0;3403.8
12;2025-12-15;16;1819.2;2704.0;3972.6
12;2025-12-15;17;2212.4;3012.0;4355.2
12;2025-12-15;18;2404.9;3169.0;4391.5
12;2025-12-15;19;1855.7;2483.0;3355.1
12;2025-12-15;20;1197.4;1555.0;2004.5
12;2025-12-15;21;697.8;944.0;1267.3
12;2025-12-15;22;336.9;490.0;694.0
12;2025-12-15;23;83.1;250.0;396.8
12;2025-12-16;0;0.0;54.0;105.0
12;2025-12-16;1;0.0;3.0;8.6
12;2025-12-16;2;0.0;0.0;0.0
12;2025-12-16;3;0.0;0.0;0.0
12;2025-12-16;4;0.0;6.0;14.6
12;2025-12-16;5;247.2;333.0;490.8
12;2025-12-16;6;1056.3;1413.0;1855.5
12;2025-12-16;7;2033.2;2713.0;3959.3
12;2025-12-16;8;2540.4;3596.0;5372.0
12;2025-12-16;9;1852.4;2483.0;3305.8
12;2025-12-16;10;1485.3;2027.0;2724.4
12;2025-12-16;11;1390.1;1961.0;2717.0
12;2025-12-16;12;1386.8;2024.0;2780.6
12;2025-12-16;13;1328.3;2008.0;2888.5
12;2025-12-16;14;1314.5;1990.0;2944.7
12;2025-12-16;15;1443.4;2233.0;3403.8
12;2025-12-16;16;1819.2;2704.0;3972.6
12;2025-12-16;17;2212.4;3012.0;4355.2
12;2025-12-16;18;2404.9;3169.0;4391.5
12;2025-12-16;19;1855.7;2483.0;3355.1
12;2025-12-16;20;1197.4;1555.0;2004.5
12;2025-12-16;21;697.8;944.0;1267.3
12;2025-12-16;22;336.9;490.0;694.0
12;2025-12-16;23;83.1;250.0;396.8
12;2025-12-17;0;0.0;54.0;105.0
12;2025-12-17;1;0.0;3.0;8.6
12;2025-12-17;2;0.0;0.0;0.0
12;2025-12-17;3;0.0;0.0;0.0
12;2025-12-17;4;0.0;6.0;14.6
12;2025-12-17;5;247.2;333.0;490.8
12;2025-12-17;6;1056.3;1413.0;1855.5
12;2025-12-17;7;2033.2;2713.0;3959.3
12;2025-12-17;8;2540.4;3596.0;5372.0
12;2025-12-17;9;1852.4;2483.0;3305.8
12;2025-12-17;10;1485.3;2027.0;2724.4
12;2025-12-17;11;1390.1;1961.0;2717.0
12;2025-12-17;12;1386.8;2024.0;2780.6
12;2025-12-17;13;1328.3;2008.0;2888.5
12;2025-12-17;14;1314.5;1990.0;2944.7
12;2025-12-17;15;1443.4;2233.0;3403.8
12;2025-12-17;16;1819.2;2704.0;3972.6
12;2025-12-17;17;2212.4;3012.0;4355.2
12;2025-12-17;18;2404.9;3169.0;4391.5
12;2025-12-17;19;1855.7;2483.0;3355.1
12;2025-12-17;20;1197.4;1555.0;2004.5
12;2025-12-17;21;697.8;944.0;1267.3
12;2025-12-17;22;336.9;490.0;694.0
12;2025-12-17;23;83.1;250.0;396.8
12;2025-12-18;0;0.0;54.0;105.0
12;2025-12-18;1;0.0;3.0;8.6
12;2025-12-18;2;0.0;0.0;0.0
12;2025-12-18;3;0.0;0.0;0.0
12;2025-12-18;4;0.0;6.0;14.6
12;2025-12-18;5;247.2;333.0;490.8
12;2025-12-18;6;1056.3;1413.0;1855.5
12;2025-12-18;7;2033.2;2713.0;3959.3
12;2025-12-18;8;2540.4;3596.0;5372.0
12;2025-12-18;9;1852.4;2483.0;3305.8
12;2025-12-18;10;1485.3;2027.0;2724.4
12;2025-12-18;11;1390.1;1961.0;2717.0
12;2025-12-18;12;1386.8;2024.0;2780.6
12;2025-12-18;13;1328.3;2008.0;2888.5
12;2025-12-18;14;1314.5;1990.0;2944.7
12;2025-12-18;15;1443.4;2233.0;3403.8
12;2025-12-18;16;1819.2;2704.0;3972.6
12;2025-12-18;17;2212.4;3012.0;4355.2
12;2025-12-18;18;2404.9;3169.0;4391.5
12;2025-12-18;19;1855.7;2483.0;3355.1
12;2025-12-18;20;1197.4;1555.0;2004.5
12;2025-12-18;21;697.8;944.0;1267.3
12;2025-12-18;22;336.9;490.0;694.0
12;2025-12-18;23;83.1;250.0;396.8
12;2025-12-19;0;0.0;56.0;97.8
12;2025-12-19;1;0.0;1.0;2.7
12;2025-12-19;2;0.0;0.0;0.0
12;2025-12-19;3;0.0;0.0;0.0
12;2025-12-19;4;0.0;6.0;15.2
12;2025-12-19;5;236.8;331.0;510.8
12;2025-12-19;6;977.9;1394.0;1844.6
12;2025-12-19;7;1889.0;2702.0;4041.6
12;2025-12-19;8;2314.2;3428.0;5006.6
12;2025-12-19;9;1653.0;2416.0;3164.3
12;2025-12-19;10;1350.8;1932.0;2727.3
12;2025-12-19;11;1346.0;1944.0;2674.0
12;2025-12-19;12;1339.3;2002.0;2937.3
12;2025-12-19;13;1344.6;2075.0;3137.5
12;2025-12-19;14;1289.6;2060.0;3018.1
12;2025-12-19;15;1584.7;2349.0;3656.6
12;2025-12-19;16;2029.2;2986.0;4445.2
12;2025-12-19;17;2062.1;2974.0;4301.3
12;2025-12-19;18;1764.5;2577.0;3497.5
12;2025-12-19;19;1597.1;2205.0;2928.7
12;2025-12-19;20;1075.1;1456.0;1884.6
12;2025-12-19;21;709.7;1003.0;1387.5
12;2025-12-19;22;346.0;529.0;767.1
12;2025-12-19;23;103.7;313.0;541.8
12;2025-12-20;0;0.0;78.0;145.5
12;2025-12-20;1;0.0;3.0;8.9
12;2025-12-20;2;0.0;0.0;0.0
12;2025-12-20;3;0.0;0.0;0.0
12;2025-12-20;4;0.0;3.0;7.8
12;2025-12-20;5;120.0;235.0;366.1
12;2025-12-20;6;488.4;820.0;1184.5
12;2025-12-20;7;578.1;899.0;1274.3
12;2025-12-20;8;604.0;1012.0;1513.4
12;2025-12-20;9;714.8;1196.0;1683.3
12;2025-12-20;10;835.9;1411.0;2002.3
12;2025-12-20;11;895.4;1515.0;2170.0
12;2025-12-20;12;813.0;1492.0;2186.4
12;2025-12-20;13;858.0;1727.0;2536.0
12;2025-12-20;14;962.0;1604.0;2412.1
12;2025-12-20;15;888.5;1520.0;2226.2
12;2025-12-20;16;945.2;1592.0;2346.1
12;2025-12-20;17;916.2;1551.0;2147.9
12;2025-12-20;18;930.0;1509.0;2170.9
12;2025-12-20;19;937.5;1409.0;1933.8
12;2025-12-20;20;641.4;971.0;1277.7
12;2025-12-20;21;476.2;731.0;1023.7
12;2025-12-20;22;261.9;421.0;612.1
12;2025-12-20;23;97.0;288.0;465.2
12;2025-12-21;0;0.0;84.0;155.5
12;2025-12-21;1;0.0;4.0;12.7
12;2025-12-21;2;0.0;0.0;0.0
12;2025-12-21;3;0.0;0.0;0.0
12;2025-12-21;4;0.0;3.0;9.2
12;2025-12-21;5;69.4;148.0;256.5
12;2025-12-21;6;348.5;510.0;777.2
12;2025-12-21;7;435.5;631.0;829.5
12;2025-12-21;8;501.1;699.0;901.0
12;2025-12-21;9;585.6;892.0;1204.9
12;2025-12-21;10;690.2;1096.0;1460.8
12;2025-12-21;11;697.6;1225.0;1659.6
12;2025-12-21;12;790.0;1285.0;1735.2
12;2025-12-21;13;901.7;1491.0;2013.5
12;2025-12-21;14;875.4;1442.0;2024.2
12;2025-12-21;15;849.8;1350.0;1897.6
12;2025-12-21;16;866.8;1409.0;2015.2
12;2025-12-21;17;937.7;1474.0;2093.7
12;2025-12-21;18;818.8;1250.0;1747.9
12;2025-12-21;19;620.7;974.0;1314.3
12;2025-12-21;20;491.4;738.0;1015.7
12;2025-12-21;21;399.1;573.0;822.2
12;2025-12-21;22;244.3;372.0;540.5
12;2025-12-21;23;109.7;202.0;326.9
12;2025-12-22;0;0.0;54.0;105.0
12;2025-12-22;1;0.0;3.0;8.6
12;2025-12-22;2;0.0;0.0;0.0
12;2025-12-22;3;0.0;0.0;0.0
12;2025-12-22;4;0.0;6.0;14.6
12;2025-12-22;5;247.2;333.0;490.8
12;2025-12-22;6;1056.3;1413.0;1855.5
12;2025-12-22;7;2033.2;2713.0;3959.3
12;2025-12-22;8;2540.4;3596.0;5372.0
12;2025-12-22;9;1852.4;2483.0;3305.8
12;2025-12-22;10;1485.3;2027.0;2724.4
12;2025-12-22;11;1390.1;1961.0;2717.0
12;2025-12-22;12;1386.8;2024.0;2780.6
12;2025-12-22;13;1328.3;2008.0;2888.5
12;2025-12-22;14;1314.5;1990.0;2944.7
12;2025-12-22;15;1443.4;2233.0;3403.8
12;2025-12-22;16;1819.2;2704.0;3972.6
12;2025-12-22;17;2212.4;3012.0;4355.2
12;2025-12-22;18;2404.9;3169.0;4391.5
12;2025-12-22;19;1855.7;2483.0;3355.1
12;2025-12-22;20;1197.4;1555.0;2004.5
12;2025-12-22;21;697.8;944.0;1267.3
12;2025-12-22;22;336.9;490.0;694.0
12;2025-12-22;23;83.1;250.0;396.8
12;2025-12-23;0;0.0;54.0;105.0
12;2025-12-23;1;0.0;3.0;8.6
12;2025-12-23;2;0.0;0.0;0.0
12;2025-12-23;3;0.0;0.0;0.0
12;2025-12-23;4;0.0;6.0;14.6
12;2025-12-23;5;247.2;333.0;490.8
12;2025-12-23;6;1056.3;1413.0;1855.5
12;2025-12-23;7;2033.2;2713.0;3959.3
12;2025-12-23;8;2540.4;3596.0;5372.0
12;2025-12-23;9;1852.4;2483.0;3305.8
12;2025-12-23;10;1485.3;2027.0;2724.4
12;2025-12-23;11;1390.1;1961.0;2717.0
12;2025-12-23;12;1386.8;2024.0;2780.6
12;2025-12-23;13;1328.3;2008.0;2888.5
12;2025-12-23;14;1314.5;1990.0;2944.7
12;2025-12-23;15;1443.4;2233.0;3403.8
12;2025-12-23;16;1819.2;2704.0;3972.6
12;2025-12-23;17;2212.4;3012.0;4355.2
12;2025-12-23;18;2404.9;3169.0;4391.5
12;2025-12-23;19;1855.7;2483.0;3355.1
12;2025-12-23;20;1197.4;1555.0;2004.5
12;2025-12-23;21;697.8;944.0;1267.3
12;2025-12-23;22;336.9;490.0;694.0
12;2025-12-23;23;83.1;250.0;396.8
12;2025-12-24;0;0.0;54.0;105.0
12;2025-12-24;1;0.0;3.0;8.6
12;2025-12-24;2;0.0;0.0;0.0
12;2025-12-24;3;0.0;0.0;0.0
12;2025-12-24;4;0.0;6.0;14.6
12;2025-12-24;5;247.2;333.0;490.8
12;2025-12-24;6;1056.3;1413.0;1855.5
12;2025-12-24;7;2033.2;2713.0;3959.3
12;2025-12-24;8;2540.4;3596.0;5372.0
12;2025-12-24;9;1852.4;2483.0;3305.8
12;2025-12-24;10;1485.3;2027.0;2724.4
12;2025-12-24;11;1390.1;1961.0;2717.0
12;2025-12-24;12;1386.8;2024.0;2780.6
12;2025-12-24;13;1328.3;2008.0;2888.5
12;2025-12-24;14;1314.5;1990.0;2944.7
12;2025-12-24;15;1443.4;2233.0;3403.8
12;2025-12-24;16;1819.2;2704.0;3972.6
12;2025-12-24;17;2212.4;3012.0;4355.2
12;2025-12-24;18;2404.9;3169.0;4391.5
12;2025-12-24;19;1855.7;2483.0;3355.1
12;2025-12-24;20;1197.4;1555.0;2004.5
12;2025-12-24;21;697.8;944.0;1267.3
12;2025-12-24;22;336.9;490.0;694.0
12;2025-12-24;23;83.1;250.0;396.8
12;2025-12-25;0;0.0;54.0;105.0
12;2025-12-25;1;0.0;3.0;8.6
12;2025-12-25;2;0.0;0.0;0.0
12;2025-12-25;3;0.0;0.0;0.0
12;2025-12-25;4;0.0;6.0;14.6
12;2025-12-25;5;247.2;333.0;490.8
12;2025-12-25;6;1056.3;1413.0;1855.5
12;2025-12-25;7;2033.2;2713.0;3959.3
12;2025-12-25;8;2540.4;3596.0;5372.0
12;2025-12-25;9;1852.4;2483.0;3305.8
12;2025-12-25;10;1485.3;2027.0;2724.4
12;2025-12-25;11;1390.1;1961.0;2717.0
12;2025-12-25;12;1386.8;2024.0;2780.6
12;2025-12-25;13;1328.3;2008.0;2888.5
12;2025-12-25;14;1314.5;1990.0;2944.7
12;2025-12-25;15;1443.4;2233.0;3403.8
12;2025-12-25;16;1819.2;2704.0;3972.6
12;2025-12-25;17;2212.4;3012.0;4355.2
12;2025-12-25;18;2404.9;3169.0;4391.5
12;2025-12-25;19;1855.7;2483.0;3355.1
12;2025-12-25;20;1197.4;1555.0;2004.5
12;2025-12-25;21;697.8;944.0;1267.3
12;2025-12-25;22;336.9;490.0;694.0
12;2025-12-25;23;83.1;250.0;396.8
12;2025-12-26;0;0.0;56.0;97.8
12;2025-12-26;1;0.0;1.0;2.7
12;2025-12-26;2;0.0;0.0;0.0
12;2025-12-26;3;0.0;0.0;0.0
12;2025-12-26;4;0.0;6.0;15.2
12;2025-12-26;5;236.8;331.0;510.8
12;2025-12-26;6;977.9;1394.0;1844.6
12;2025-12-26;7;1889.0;2702.0;4041.6
12;2025-12-26;8;2314.2;3428.0;5006.6
12;2025-12-26;9;1653.0;2416.0;3164.3
12;2025-12-26;10;1350.8;1932.0;2727.3
12;2025-12-26;11;1346.0;1944.0;2674.0
12;2025-12-26;12;1339.3;2002.0;2937.3
12;2025-12-26;13;1344.6;2075.0;3137.5
12;2025-12-26;14;1289.6;2060.0;3018.1
12;2025-12-26;15;1584.7;2349.0;3656.6
12;2025-12-26;16;2029.2;2986.0;4445.2
12;2025-12-26;17;2062.1;2974.0;4301.3
12;2025-12-26;18;1764.5;2577.0;3497.5
12;2025-12-26;19;1597.1;2205.0;2928.7
12;2025-12-26;20;1075.1;1456.0;1884.6
12;2025-12-26;21;709.7;1003.0;1387.5
12;2025-12-26;22;346.0;529.0;767.1
12;2025-12-26;23;103.7;313.0;541.8
12;2025-12-27;0;0.0;78.0;147.8
12;2025-12-27;1;0.0;3.0;10.5
12;2025-12-27;2;0.0;0.0;0.0
12;2025-12-27;3;0.0;0.0;0.0
12;2025-12-27;4;0.0;3.0;8.9
12;2025-12-27;5;125.8;235.0;357.2
12;2025-12-27;6;432.4;820.0;1091.1
12;2025-12-27;7;551.0;899.0;1167.7
12;2025-12-27;8;579.4;1012.0;1546.9
12;2025-12-27;9;712.9;1196.0;1726.5
12;2025-12-27;10;740.6;1411.0;1885.9
12;2025-12-27;11;715.0;1515.0;2201.4
12;2025-12-27;12;696.7;1492.0;2370.1
12;2025-12-27;13;818.1;1727.0;2716.6
12;2025-12-27;14;931.2;1604.0;2745.5
12;2025-12-27;15;871.0;1520.0;2361.1
12;2025-12-27;16;1016.6;1592.0;2676.0
12;2025-12-27;17;883.5;1551.0;2243.3
12;2025-12-27;18;850.0;1509.0;2137.3
12;2025-12-27;19;877.6;1409.0;1841.6
12;2025-12-27;20;655.3;971.0;1222.9
12;2025-12-27;21;531.3;731.0;1021.9
12;2025-12-27;22;266.4;421.0;585.1
12;2025-12-27;23;82.6;288.0;445.0
12;2025-12-28;0;0.0;84.0;159.1
12;2025-12-28;1;0.0;4.0;11.1
12;2025-12-28;2;0.0;0.0;0.0
12;2025-12-28;3;0.0;0.0;0.0
12;2025-12-28;4;0.0;3.0;9.5
12;2025-12-28;5;62.5;148.0;274.3
12;2025-12-28;6;318.3;510.0;832.4
12;2025-12-28;7;445.9;631.0;915.6
12;2025-12-28;8;509.7;699.0;993.5
12;2025-12-28;9;586.7;892.0;1337.6
12;2025-12-28;10;654.6;1096.0;1594.1
12;2025-12-28;11;760.9;1225.0;1906.8
12;2025-12-28;12;887.0;1285.0;1934.1
12;2025-12-28;13;1009.5;1491.0;2309.2
12;2025-12-28;14;1051.1;1442.0;2218.5
12;2025-12-28;15;920.8;1350.0;2172.0
12;2025-12-28;16;929.0;1409.0;2289.5
12;2025-12-28;17;976.5;1474.0;2234.4
12;2025-12-28;18;818.7;1250.0;1801.9
12;2025-12-28;19;646.8;974.0;1249.0
12;2025-12-28;20;482.2;738.0;1096.9
12;2025-12-28;21;406.5;573.0;902.9
12;2025-12-28;22;237.0;372.0;627.1
12;2025-12-28;23;87.2;202.0;346.3
12;2025-12-29;0;0.0;47.0;94.4
12;2025-12-29;1;0.0;1.0;2.9
12;2025-12-29;2;0.0;0.0;0.0
12;2025-12-29;3;0.0;0.0;0.0
12;2025-12-29;4;0.0;6.0;15.9
12;2025-12-29;5;175.8;293.0;439.5
12;2025-12-29;6;745.8;1243.0;1864.5
12;2025-12-29;7;1432.2;2387.0;3615.9
12;2025-12-29;8;1898.4;3164.0;4941.8
12;2025-12-29;9;1311.0;2185.0;3277.5
12;2025-12-29;10;1070.4;1784.0;2676.0
12;2025-12-29;11;1035.6;1726.0;2589.0
12;2025-12-29;12;1068.6;1781.0;2671.5
12;2025-12-29;13;1060.2;1767.0;2650.5
12;2025-12-29;14;1051.2;1752.0;2684.5
12;2025-12-29;15;1178.4;1964.0;3113.7
12;2025-12-29;16;1428.0;2380.0;3636.1
12;2025-12-29;17;1590.0;2650.0;4026.0
12;2025-12-29;18;1672.8;2788.0;4182.0
12;2025-12-29;19;1311.0;2185.0;3277.5
12;2025-12-29;20;821.4;1369.0;2053.5
12;2025-12-29;21;498.6;831.0;1246.5
12;2025-12-29;22;259.2;432.0;648.0
12;2025-12-29;23;73.1;220.0;360.1
12;2025-12-30;0;0.0;47.0;94.4
12;2025-12-30;1;0.0;1.0;2.9
12;2025-12-30;2;0.0;0.0;0.0
12;2025-12-30;3;0.0;0.0;0.0
12;2025-12-30;4;0.0;6.0;15.9
12;2025-12-30;5;175.8;293.0;439.5
12;2025-12-30;6;745.8;1243.0;1864.5
12;2025-12-30;7;1432.2;2387.0;3615.9
12;2025-12-30;8;1898.4;3164.0;4941.8
12;2025-12-30;9;1311.0;2185.0;3277.5
12;2025-12-30;10;1070.4;1784.0;2676.0
12;2025-12-30;11;1035.6;1726.0;2589.0
12;2025-12-30;12;1068.6;1781.0;2671.5
12;2025-12-30;13;1060.2;1767.0;2650.5
12;2025-12-30;14;1051.2;1752.0;2684.5
12;2025-12-30;15;1178.4;1964.0;3113.7
12;2025-12-30;16;1428.0;2380.0;3636.1
12;2025-12-30;17;1590.0;2650.0;4026.0
12;2025-12-30;18;1672.8;2788.0;4182.0
12;2025-12-30;19;1311.0;2185.0;3277.5
12;2025-12-30;20;821.4;1369.0;2053.5
12;2025-12-30;21;498.6;831.0;1246.5
12;2025-12-30;22;259.2;432.0;648.0
12;2025-12-30;23;73.1;220.0;360.1
12;2025-12-31;0;0.0;55.0;104.2
12;2025-12-31;1;0.0;1.0;2.8
12;2025-12-31;2;0.0;0.0;0.0
12;2025-12-31;3;0.0;0.0;0.0
12;2025-12-31;4;0.0;1.0;3.2
12;2025-12-31;5;85.7;203.0;376.3
12;2025-12-31;6;378.6;631.0;1029.9
12;2025-12-31;7;391.8;653.0;979.5
12;2025-12-31;8;496.2;827.0;1240.5
12;2025-12-31;9;599.4;999.0;1498.5
12;2025-12-31;10;690.5;1156.0;1734.0
12;2025-12-31;11;721.8;1203.0;1872.5
12;2025-12-31;12;732.0;1220.0;1836.3
12;2025-12-31;13;821.4;1369.0;2120.3
12;2025-12-31;14;766.2;1277.0;1964.6
12;2025-12-31;15;690.0;1150.0;1850.3
12;2025-12-31;16;774.6;1291.0;2097.7
12;2025-12-31;17;750.0;1250.0;1894.8
12;2025-12-31;18;727.8;1213.0;1819.5
12;2025-12-31;19;640.2;1067.0;1600.5
12;2025-12-31;20;0.0;0.0;0.0
12;2025-12-31;21;0.0;0.0;0.0
12;2025-12-31;22;0.0;0.0;0.0
12;2025-12-31;23;0.0;0.0;0.0
17;2025-11-01;0;0.0;151.0;239.5
17;2025-11-01;1;0.0;30.0;76.9
17;2025-11-01;2;0.0;0.0;0.0
17;2025-11-01;3;0.0;0.0;0.0
17;2025-11-01;4;0.0;21.0;47.0
17;2025-11-01;5;200.7;266.0;419.6
17;2025-11-01;6;983.7;1285.0;1608.4
17;2025-11-01;7;2777.0;3432.0;4219.5
17;2025-11-01;8;3656.7;4432.0;5424.5
17;2025-11-01;9;2551.1;3166.0;3800.7
17;2025-11-01;10;2038.2;2544.0;3086.0
17;2025-11-01;11;1928.1;2555.0;3102.1
17;2025-11-01;12;2008.1;2606.0;3144.9
17;2025-11-01;13;2008.3;2663.0;3371.8
17;2025-11-01;14;2067.9;2726.0;3410.0
17;2025-11-01;15;2398.7;3004.0;3793.5
17;2025-11-01;16;2756.3;3538.0;4353.0
17;2025-11-01;17;3154.7;3935.0;4698.6
17;2025-11-01;18;2930.7;3705.0;4482.5
17;2025-11-01;19;2174.0;2753.0;3434.7
17;2025-11-01;20;1599.1;2007.0;2658.8
17;2025-11-01;21;1038.7;1346.0;1759.0
17;2025-11-01;22;496.4;740.0;997.1
17;2025-11-01;23;166.0;395.0;602.8
17;2025-11-02;0;0.0;195.0;359.0
17;2025-11-02;1;0.0;28.0;82.8
17;2025-11-02;2;0.0;0.0;0.0
17;2025-11-02;3;0.0;0.0;0.0
17;2025-11-02;4;0.0;5.0;13.5
17;2025-11-02;5;53.0;109.0;180.9
17;2025-11-02;6;316.9;453.0;640.5
17;2025-11-02;7;589.9;833.0;1083.8
17;2025-11-02;8;956.4;1272.0;1653.0
17;2025-11-02;9;1245.7;1736.0;2210.9
17;2025-11-02;10;1364.0;2036.0;2522.9
17;2025-11-02;11;1735.7;2587.0;3299.4
17;2025-11-02;12;2015.2;2971.0;3680.7
17;2025-11-02;13;2217.9;3247.0;4111.5
17;2025-11-02;14;2254.9;3338.0;4338.7
17;2025-11-02;15;2292.9;3306.0;4360.5
17;2025-11-02;16;2184.3;3232.0;4245.1
17;2025-11-02;17;2083.3;3055.0;3948.9
17;2025-11-02;18;1890.0;2675.0;3535.0
17;2025-11-02;19;1561.9;2180.0;2959.8
17;2025-11-02;20;1172.2;1639.0;2249.3
17;2025-11-02;21;855.0;1178.0;1702.4
17;2025-11-02;22;486.2;739.0;1096.5
17;2025-11-02;23;189.7;326.0;519.8
17;2025-11-03;0;0.0;195.0;359.0
17;2025-11-03;1;0.0;28.0;82.8
17;2025-11-03;2;0.0;0.0;0.0
17;2025-11-03;3;0.0;0.0;0.0
17;2025-11-03;4;0.0;5.0;13.5
17;2025-11-03;5;53.0;109.0;180.9
17;2025-11-03;6;316.9;453.0;640.5
17;2025-11-03;7;589.9;833.0;1083.8
17;2025-11-03;8;956.4;1272.0;1653.0
17;2025-11-03;9;1245.7;1736.0;2210.9
17;2025-11-03;10;1364.0;2036.0;2522.9
17;2025-11-03;11;1735.7;2587.0;3299.4
17;2025-11-03;12;2015.2;2971.0;3680.7
17;2025-11-03;13;2217.9;3247.0;4111.5
17;2025-11-03;14;2254.9;3338.0;4338.7
17;2025-11-03;15;2292.9;3306.0;4360.5
17;2025-11-03;16;2184.3;3232.0;4245.1
17;2025-11-03;17;2083.3;3055.0;3948.9
17;2025-11-03;18;1890.0;2675.0;3535.0
17;2025-11-03;19;1561.9;2180.0;2959.8
17;2025-11-03;20;1172.2;1639.0;2249.3
17;2025-11-03;21;855.0;1178.0;1702.4
17;2025-11-03;22;486.2;739.0;1096.5
17;2025-11-03;23;189.7;326.0;519.8
17;2025-11-04;0;0.0;195.0;359.0
17;2025-11-04;1;0.0;28.0;82.8
17;2025-11-04;2;0.0;0.0;0.0
17;2025-11-04;3;0.0;0.0;0.0
17;2025-11-04;4;0.0;5.0;13.5
17;2025-11-04;5;53.0;109.0;180.9
17;2025-11-04;6;316.9;453.0;640.5
17;2025-11-04;7;589.9;833.0;1083.8
17;2025-11-04;8;956.4;1272.0;1653.0
17;2025-11-04;9;1245.7;1736.0;2210.9
17;2025-11-04;10;1364.0;2036.0;2522.9
17;2025-11-04;11;1735.7;2587.0;3299.4
17;2025-11-04;12;2015.2;2971.0;3680.7
17;2025-11-04;13;2217.9;3247.0;4111.5
17;2025-11-04;14;2254.9;3338.0;4338.7
17;2025-11-04;15;2292.9;3306.0;4360.5
17;2025-11-04;16;2184.3;3232.0;4245.1
17;2025-11-04;17;2083.3;3055.0;3948.9
17;2025-11-04;18;1890.0;2675.0;3535.0
17;2025-11-04;19;1561.9;2180.0;2959.8
17;2025-11-04;20;1172.2;1639.0;2249.3
17;2025-11-04;21;855.0;1178.0;1702.4
17;2025-11-04;22;486.2;739.0;1096.5
17;2025-11-04;23;189.7;326.0;519.8
17;2025-11-05;0;0.0;117.0;228.9
17;2025-11-05;1;0.0;11.0;30.6
17;2025-11-05;2;0.0;0.0;0.0
17;2025-11-05;3;0.0;0.0;0.0
17;2025-11-05;4;0.0;27.0;56.4
17;2025-11-05;5;242.7;321.0;447.7
17;2025-11-05;6;1260.1;1551.0;1903.0
17;2025-11-05;7;3461.3;4145.0;4856.1
17;2025-11-05;8;4488.3;5409.0;6421.1
17;2025-11-05;9;3195.3;3808.0;4456.7
17;2025-11-05;10;2421.2;2979.0;3526.3
17;2025-11-05;11;2357.2;2929.0;3510.9
17;2025-11-05;12;2383.6;2973.0;3612.4
17;2025-11-05;13;2345.4;3031.0;3691.8
17;2025-11-05;14;2389.0;3113.0;3810.5
17;2025-11-05;15;2470.1;3243.0;3998.0
17;2025-11-05;16;2908.1;3656.0;4437.0
17;2025-11-05;17;3691.1;4501.0;5331.9
17;2025-11-05;18;4047.7;4900.0;5860.5
17;2025-11-05;19;2756.3;3425.0;4223.7
17;2025-11-05;20;1919.5;2372.0;2883.0
17;2025-11-05;21;1155.1;1475.0;1905.1
17;2025-11-05;22;548.9;768.0;1038.0
17;2025-11-05;23;143.3;365.0;553.1
17;2025-11-06;0;0.0;117.0;228.9
17;2025-11-06;1;0.0;11.0;30.6
17;2025-11-06;2;0.0;0.0;0.0
17;2025-11-06;3;0.0;0.0;0.0
17;2025-11-06;4;0.0;27.0;56.4
17;2025-11-06;5;242.7;321.0;447.7
17;2025-11-06;6;1260.1;1551.0;1903.0
17;2025-11-06;7;3461.3;4145.0;4856.1
17;2025-11-06;8;4488.3;5409.0;6421.1
17;2025-11-06;9;3195.3;3808.0;4456.7
17;2025-11-06;10;2421.2;2979.0;3526.3
17;2025-11-06;11;2357.2;2929.0;3510.9
17;2025-11-06;12;2383.6;2973.0;3612.4
17;2025-11-06;13;2345.4;3031.0;3691.8
17;2025-11-06;14;2389.0;3113.0;3810.5
17;2025-11-06;15;2470.1;3243.0;3998.0
17;2025-11-06;16;2908.1;3656.0;4437.0
17;2025-11-06;17;3691.1;4501.0;5331.9
17;2025-11-06;18;4047.7;4900.0;5860.5
17;2025-11-06;19;2756.3;3425.0;4223.7
17;2025-11-06;20;1919.5;2372.0;2883.0
17;2025-11-06;21;1155.1;1475.0;1905.1
17;2025-11-06;22;548.9;768.0;1038.0
17;2025-11-06;23;143.3;365.0;553.1
17;2025-11-07;0;0.0;152.0;241.1
17;2025-11-07;1;0.0;15.0;38.5
17;2025-11-07;2;0.0;0.0;0.0
17;2025-11-07;3;0.0;0.0;0.0
17;2025-11-07;4;0.0;27.0;60.4
17;2025-11-07;5;251.3;333.0;525.2
17;2025-11-07;6;1229.4;1606.0;2010.2
17;2025-11-07;7;3471.3;4290.0;5274.4
17;2025-11-07;8;4570.9;5540.0;6780.7
17;2025-11-07;9;3189.2;3958.0;4751.5
17;2025-11-07;10;2548.6;3181.0;3858.7
17;2025-11-07;11;2410.4;3194.0;3877.9
17;2025-11-07;12;2509.7;3257.0;3930.5
17;2025-11-07;13;2510.5;3329.0;4215.0
17;2025-11-07;14;2584.4;3407.0;4261.9
17;2025-11-07;15;2998.4;3755.0;4741.8
17;2025-11-07;16;3445.8;4423.0;5441.8
17;2025-11-07;17;3943.5;4919.0;5873.5
17;2025-11-07;18;3664.0;4632.0;5604.1
17;2025-11-07;19;2717.3;3441.0;4293.1
17;2025-11-07;20;1999.1;2509.0;3323.8
17;2025-11-07;21;1299.5;1684.0;2200.7
17;2025-11-07;22;619.8;924.0;1245.0
17;2025-11-07;23;208.0;495.0;755.4
17;2025-11-08;0;0.0;228.0;414.7
17;2025-11-08;1;0.0;28.0;75.3
17;2025-11-08;2;0.0;0.0;0.0
17;2025-11-08;3;0.0;0.0;0.0
17;2025-11-08;4;0.0;5.0;10.9
17;2025-11-08;5;81.7;140.0;217.7
17;2025-11-08;6;395.5;600.0;842.9
17;2025-11-08;7;883.9;1271.0;1653.1
17;2025-11-08;8;1183.9;1826.0;2400.3
17;2025-11-08;9;1575.8;2322.0;3067.8
17;2025-11-08;10;1677.6;2585.0;3292.5
17;2025-11-08;11;2013.7;3074.0;3994.1
17;2025-11-08;12;2195.8;3435.0;4409.9
17;2025-11-08;13;2314.9;3641.0;4825.4
17;2025-11-08;14;2472.6;3699.0;4940.4
17;2025-11-08;15;2455.2;3708.0;4881.7
17;2025-11-08;16;2498.2;3716.0;4876.8
17;2025-11-08;17;2420.5;3514.0;4639.4
17;2025-11-08;18;2351.8;3183.0;4282.1
17;2025-11-08;19;1868.5;2626.0;3524.4
17;2025-11-08;20;1436.1;2038.0;2904.8
17;2025-11-08;21;1038.8;1479.0;2131.8
17;2025-11-08;22;614.6;932.0;1399.3
17;2025-11-08;23;185.1;484.0;802.2
17;2025-11-09;0;0.0;195.0;359.0
17;2025-11-09;1;0.0;28.0;82.8
17;2025-11-09;2;0.0;0.0;0.0
17;2025-11-09;3;0.0;0.0;0.0
17;2025-11-09;4;0.0;5.0;13.5
17;2025-11-09;5;53.0;109.0;180.9
17;2025-11-09;6;316.9;453.0;640.5
17;2025-11-09;7;589.9;833.0;1083.8
17;2025-11-09;8;956.4;1272.0;1653.0
17;2025-11-09;9;1245.7;1736.0;2210.9
17;2025-11-09;10;1364.0;2036.0;2522.9
17;2025-11-09;11;1735.7;2587.0;3299.4
17;2025-11-09;12;2015.2;2971.0;3680.7
17;2025-11-09;13;2217.9;3247.0;4111.5
17;2025-11-09;14;2254.9;3338.0;4338.7
17;2025-11-09;15;2292.9;3306.0;4360.5
17;2025-11-09;16;2184.3;3232.0;4245.1
17;2025-11-09;17;2083.3;3055.0;3948.9
17;2025-11-09;18;1890.0;2675.0;3535.0
17;2025-11-09;19;1561.9;2180.0;2959.8
17;2025-11-09;20;1172.2;1639.0;2249.3
17;2025-11-09;21;855.0;1178.0;1702.4
17;2025-11-09;22;486.2;739.0;1096.5
17;2025-11-09;23;189.7;326.0;519.8
17;2025-11-10;0;0.0;117.0;228.9
17;2025-11-10;1;0.0;11.0;30.6
17;2025-11-10;2;0.0;0.0;0.0
17;2025-11-10;3;0.0;0.0;0.0
17;2025-11-10;4;0.0;27.0;56.4
17;2025-11-10;5;242.7;321.0;447.7
17;2025-11-10;6;1260.1;1551.0;1903.0
17;2025-11-10;7;3461.3;4145.0;4856.1
17;2025-11-10;8;4488.3;5409.0;6421.1
17;2025-11-10;9;3195.3;3808.0;4456.7
17;2025-11-10;10;2421.2;2979.0;3526.3
17;2025-11-10;11;2357.2;2929.0;3510.9
17;2025-11-10;12;2383.6;2973.0;3612.4
17;2025-11-10;13;2345.4;3031.0;3691.8
17;2025-11-10;14;2389.0;3113.0;3810.5
17;2025-11-10;15;2470.1;3243.0;3998.0
17;2025-11-10;16;2908.1;3656.0;4437.0
17;2025-11-10;17;3691.1;4501.0;5331.9
17;2025-11-10;18;4047.7;4900.0;5860.5
17;2025-11-10;19;2756.3;3425.0;4223.7
17;2025-11-10;20;1919.5;2372.0;2883.0
17;2025-11-10;21;1155.1;1475.0;1905.1
17;2025-11-10;22;548.9;768.0;1038.0
17;2025-11-10;23;143.3;365.0;553.1
17;2025-11-11;0;0.0;117.0;228.9
17;2025-11-11;1;0.0;11.0;30.6
17;2025-11-11;2;0.0;0.0;0.0
17;2025-11-11;3;0.0;0.0;0.0
17;2025-11-11;4;0.0;27.0;56.4
17;2025-11-11;5;242.7;321.0;447.7
17;2025-11-11;6;1260.1;1551.0;1903.0
17;2025-11-11;7;3461.3;4145.0;4856.1
17;2025-11-11;8;4488.3;5409.0;6421.1
17;2025-11-11;9;3195.3;3808.0;4456.7
17;2025-11-11;10;2421.2;2979.0;3526.3
17;2025-11-11;11;2357.2;2929.0;3510.9
17;2025-11-11;12;2383.6;2973.0;3612.4
17;2025-11-11;13;2345.4;3031.0;3691.8
17;2025-11-11;14;2389.0;3113.0;3810.5
17;2025-11-11;15;2470.1;3243.0;3998.0
17;2025-11-11;16;2908.1;3656.0;4437.0
17;2025-11-11;17;3691.1;4501.0;5331.9
17;2025-11-11;18;4047.7;4900.0;5860.5
17;2025-11-11;19;2756.3;3425.0;4223.7
17;2025-11-11;20;1919.5;2372.0;2883.0
17;2025-11-11;21;1155.1;1475.0;1905.1
17;2025-11-11;22;548.9;768.0;1038.0
17;2025-11-11;23;143.3;365.0;553.1
17;2025-11-12;0;0.0;117.0;228.9
17;2025-11-12;1;0.0;11.0;30.6
17;2025-11-12;2;0.0;0.0;0.0
17;2025-11-12;3;0.0;0.0;0.0
17;2025-11-12;4;0.0;27.0;56.4
17;2025-11-12;5;242.7;321.0;447.7
17;2025-11-12;6;1260.1;1551.0;1903.0
17;2025-11-12;7;3461.3;4145.0;4856.1
17;2025-11-12;8;4488.3;5409.0;6421.1
17;2025-11-12;9;3195.3;3808.0;4456.7
17;2025-11-12;10;2421.2;2979.0;3526.3
17;2025-11-12;11;2357.2;2929.0;3510.9
17;2025-11-12;12;2383.6;2973.0;3612.4
17;2025-11-12;13;2345.4;3031.0;3691.8
17;2025-11-12;14;2389.0;3113.0;3810.5
17;2025-11-12;15;2470.1;3243.0;3998.0
17;2025-11-12;16;2908.1;3656.0;4437.0
17;2025-11-12;17;3691.1;4501.0;5331.9
17;2025-11-12;18;4047.7;4900.0;5860.5
17;2025-11-12;19;2756.3;3425.0;4223.7
17;2025-11-12;20;1919.5;2372.0;2883.0
17;2025-11-12;21;1155.1;1475.0;1905.1
17;2025-11-12;22;548.9;768.0;1038.0
17;2025-11-12;23;143.3;365.0;553.1
17;2025-11-13;0;0.0;117.0;228.9
17;2025-11-13;1;0.0;11.0;30.6
17;2025-11-13;2;0.0;0.0;0.0
17;2025-11-13;3;0.0;0.0;0.0
17;2025-11-13;4;0.0;27.0;56.4
17;2025-11-13;5;242.7;321.0;447.7
17;2025-11-13;6;1260.1;1551.0;1903.0
17;2025-11-13;7;3461.3;4145.0;4856.1
17;2025-11-13;8;4488.3;5409.0;6421.1
17;2025-11-13;9;3195.3;3808.0;4456.7
17;2025-11-13;10;2421.2;2979.0;3526.3
17;2025-11-13;11;2357.2;2929.0;3510.9
17;2025-11-13;12;2383.6;2973.0;3612.4
17;2025-11-13;13;2345.4;3031.0;3691.8
17;2025-11-13;14;2389.0;3113.0;3810.5
17;2025-11-13;15;2470.1;3243.0;3998.0
17;2025-11-13;16;2908.1;3656.0;4437.0
17;2025-11-13;17;3691.1;4501.0;5331.9
17;2025-11-13;18;4047.7;4900.0;5860.5
17;2025-11-13;19;2756.3;3425.0;4223.7
17;2025-11-13;20;1919.5;2372.0;2883.0
17;2025-11-13;21;1155.1;1475.0;1905.1
17;2025-11-13;22;548.9;768.0;1038.0
17;2025-11-13;23;143.3;365.0;553.1
17;2025-11-14;0;0.0;152.0;241.1
17;2025-11-14;1;0.0;15.0;38.5
17;2025-11-14;2;0.0;0.0;0.0
17;2025-11-14;3;0.0;0.0;0.0
17;2025-11-14;4;0.0;27.0;60.4
17;2025-11-14;5;251.3;333.0;525.2
17;2025-11-14;6;1229.4;1606.0;2010.2
17;2025-11-14;7;3471.3;4290.0;5274.4
17;2025-11-14;8;4570.9;5540.0;6780.7
17;2025-11-14;9;3189.2;3958.0;4751.5
17;2025-11-14;10;2548.6;3181.0;3858.7
17;2025-11-14;11;2410.4;3194.0;3877.9
17;2025-11-14;12;2509.7;3257.0;3930.5
17;2025-11-14;13;2510.5;3329.0;4215.0
17;2025-11-14;14;2584.4;3407.0;4261.9
17;2025-11-14;15;2998.4;3755.0;4741.8
17;2025-11-14;16;3445.8;4423.0;5441.8
17;2025-11-14;17;3943.5;4919.0;5873.5
17;2025-11-14;18;3664.0;4632.0;5604.1
17;2025-11-14;19;2717.3;3441.0;4293.1
17;2025-11-14;20;1999.1;2509.0;3323.8
17;2025-11-14;21;1299.5;1684.0;2200.7
17;2025-11-14;22;619.8;924.0;1245.0
17;2025-11-14;23;208.0;495.0;755.4
17;2025-11-15;0;0.0;228.0;456.4
17;2025-11-15;1;0.0;28.0;80.0
17;2025-11-15;2;0.0;0.0;0.0
17;2025-11-15;3;0.0;0.0;0.0
17;2025-11-15;4;0.0;5.0;11.6
17;2025-11-15;5;75.4;140.0;223.5
17;2025-11-15;6;370.8;600.0;829.1
17;2025-11-15;7;852.2;1271.0;1740.1
17;2025-11-15;8;1193.4;1826.0;2533.7
17;2025-11-15;9;1480.7;2322.0;3127.8
17;2025-11-15;10;1609.6;2585.0;3448.1
17;2025-11-15;11;1859.2;3074.0;4197.1
17;2025-11-15;12;2032.7;3435.0;4588.5
17;2025-11-15;13;2144.5;3641.0;5034.6
17;2025-11-15;14;2433.3;3699.0;5273.1
17;2025-11-15;15;2463.3;3708.0;5122.8
17;2025-11-15;16;2462.1;3716.0;4995.5
17;2025-11-15;17;2301.5;3514.0;4695.4
17;2025-11-15;18;2216.9;3183.0;4374.9
17;2025-11-15;19;1857.4;2626.0;3575.9
17;2025-11-15;20;1404.0;2038.0;2789.6
17;2025-11-15;21;990.6;1479.0;2078.5
17;2025-11-15;22;600.5;932.0;1364.0
17;2025-11-15;23;175.4;484.0;775.2
17;2025-11-16;0;0.0;195.0;354.1
17;2025-11-16;1;0.0;28.0;83.6
17;2025-11-16;2;0.0;0.0;0.0
17;2025-11-16;3;0.0;0.0;0.0
17;2025-11-16;4;0.0;5.0;14.0
17;2025-11-16;5;49.6;109.0;193.1
17;2025-11-16;6;306.8;453.0;697.3
17;2025-11-16;7;573.2;833.0;1123.6
17;2025-11-16;8;904.2;1272.0;1709.0
17;2025-11-16;9;1174.5;1736.0;2257.9
17;2025-11-16;10;1353.3;2036.0;2608.6
17;2025-11-16;11;1638.9;2587.0;3363.1
17;2025-11-16;12;1948.2;2971.0;3812.3
17;2025-11-16;13;2147.3;3247.0;4238.5
17;2025-11-16;14;2241.1;3338.0;4553.4
17;2025-11-16;15;2239.8;3306.0;4496.0
17;2025-11-16;16;2184.2;3232.0;4407.9
17;2025-11-16;17;2041.6;3055.0;4066.0
17;2025-11-16;18;1891.4;2675.0;3647.0
17;2025-11-16;19;1516.3;2180.0;3074.5
17;2025-11-16;20;1150.8;1639.0;2341.5
17;2025-11-16;21;829.9;1178.0;1676.9
17;2025-11-16;22;481.3;739.0;1090.6
17;2025-11-16;23;182.4;326.0;544.6
17;2025-11-17;0;0.0;117.0;233.1
17;2025-11-17;1;0.0;11.0;29.1
17;2025-11-17;2;0.0;0.0;0.0
17;2025-11-17;3;0.0;0.0;0.0
17;2025-11-17;4;0.0;27.0;58.9
17;2025-11-17;5;240.7;321.0;455.9
17;2025-11-17;6;1226.6;1551.0;1965.9
17;2025-11-17;7;3293.4;4145.0;5368.1
17;2025-11-17;8;4254.4;5409.0;7106.1
17;2025-11-17;9;3044.4;3808.0;4616.5
17;2025-11-17;10;2288.8;2979.0;3663.9
17;2025-11-17;11;2232.3;2929.0;3699.5
17;2025-11-17;12;2243.8;2973.0;3812.9
17;2025-11-17;13;2172.7;3031.0;3923.8
17;2025-11-17;14;2230.4;3113.0;4067.9
17;2025-11-17;15;2289.4;3243.0;4304.6
17;2025-11-17;16;2677.4;3656.0;4754.0
17;2025-11-17;17;3457.7;4501.0;5636.3
17;2025-11-17;18;3892.2;4900.0;6212.2
17;2025-11-17;19;2676.1;3425.0;4453.2
17;2025-11-17;20;1888.5;2372.0;2987.2
17;2025-11-17;21;1115.0;1475.0;1904.3
17;2025-11-17;22;534.0;768.0;1056.8
17;2025-11-17;23;133.3;365.0;566.8
17;2025-11-18;0;0.0;117.0;233.1
17;2025-11-18;1;0.0;11.0;29.1
17;2025-11-18;2;0.0;0.0;0.0
17;2025-11-18;3;0.0;0.0;0.0
17;2025-11-18;4;0.0;27.0;58.9
17;2025-11-18;5;240.7;321.0;455.9
17;2025-11-18;6;1226.6;1551.0;1965.9
17;2025-11-18;7;3293.4;4145.0;5368.1
17;2025-11-18;8;4254.4;5409.0;7106.1
17;2025-11-18;9;3044.4;3808.0;4616.5
17;2025-11-18;10;2288.8;2979.0;3663.9
17;2025-11-18;11;2232.3;2929.0;3699.5
17;2025-11-18;12;2243.8;2973.0;3812.9
17;2025-11-18;13;2172.7;3031.0;3923.8
17;2025-11-18;14;2230.4;3113.0;4067.9
17;2025-11-18;15;2289.4;3243.0;4304.6
17;2025-11-18;16;2677.4;3656.0;4754.0
17;2025-11-18;17;3457.7;4501.0;5636.3
17;2025-11-18;18;3892.2;4900.0;6212.2
17;2025-11-18;19;2676.1;3425.0;4453.2
17;2025-11-18;20;1888.5;2372.0;2987.2
17;2025-11-18;21;1115.0;1475.0;1904.3
17;2025-11-18;22;534.0;768.0;1056.8
17;2025-11-18;23;133.3;365.0;566.8
17;2025-11-19;0;0.0;117.0;233.1
17;2025-11-19;1;0.0;11.0;29.1
17;2025-11-19;2;0.0;0.0;0.0
17;2025-11-19;3;0.0;0.0;0.0
17;2025-11-19;4;0.0;27.0;58.9
17;2025-11-19;5;240.7;321.0;455.9
17;2025-11-19;6;1226.6;1551.0;1965.9
17;2025-11-19;7;3293.4;4145.0;5368.1
17;2025-11-19;8;4254.4;5409.0;7106.1
17;2025-11-19;9;3044.4;3808.0;4616.5
17;2025-11-19;10;2288.8;2979.0;3663.9
17;2025-11-19;11;2232.3;2929.0;3699.5
17;2025-11-19;12;2243.8;2973.0;3812.9
17;2025-11-19;13;2172.7;3031.0;3923.8
17;2025-11-19;14;2230.4;3113.0;4067.9
17;2025-11-19;15;2289.4;3243.0;4304.6
17;2025-11-19;16;2677.4;3656.0;4754.0
17;2025-11-19;17;3457.7;4501.0;5636.3
17;2025-11-19;18;3892.2;4900.0;6212.2
17;2025-11-19;19;2676.1;3425.0;4453.2
17;2025-11-19;20;1888.5;2372.0;2987.2
17;2025-11-19;21;1115.0;1475.0;1904.3
17;2025-11-19;22;534.0;768.0;1056.8
17;2025-11-19;23;133.3;365.0;566.8
17;2025-11-20;0;0.0;117.0;233.1
17;2025-11-20;1;0.0;11.0;29.1
17;2025-11-20;2;0.0;0.0;0.0
17;2025-11-20;3;0.0;0.0;0.0
17;2025-11-20;4;0.0;27.0;58.9
17;2025-11-20;5;240.7;321.0;455.9
17;2025-11-20;6;1226.6;1551.0;1965.9
17;2025-11-20;7;3293.4;4145.0;5368.1
17;2025-11-20;8;4254.4;5409.0;7106.1
17;2025-11-20;9;3044.4;3808.0;4616.5
17;2025-11-20;10;2288.8;2979.0;3663.9
17;2025-11-20;11;2232.3;2929.0;3699.5
17;2025-11-20;12;2243.8;2973.0;3812.9
17;2025-11-20;13;2172.7;3031.0;3923.8
17;2025-11-20;14;2230.4;3113.0;4067.9
17;2025-11-20;15;2289.4;3243.0;4304.6
17;2025-11-20;16;2677.4;3656.0;4754.0
17;2025-11-20;17;3457.7;4501.0;5636.3
17;2025-11-20;18;3892.2;4900.0;6212.2
17;2025-11-20;19;2676.1;3425.0;4453.2
17;2025-11-20;20;1888.5;2372.0;2987.2
17;2025-11-20;21;1115.0;1475.0;1904.3
17;2025-11-20;22;534.0;768.0;1056.8
17;2025-11-20;23;133.3;365.0;566.8
17;2025-11-21;0;0.0;152.0;254.5
17;2025-11-21;1;0.0;15.0;38.8
17;2025-11-21;2;0.0;0.0;0.0
17;2025-11-21;3;0.0;0.0;0.0
17;2025-11-21;4;0.0;27.0;63.0
17;2025-11-21;5;247.3;333.0;492.3
17;2025-11-21;6;1172.5;1606.0;2062.4
17;2025-11-21;7;3319.9;4290.0;5746.9
17;2025-11-21;8;4269.8;5540.0;7340.6
17;2025-11-21;9;3061.9;3958.0;4851.1
17;2025-11-21;10;2426.3;3181.0;3987.0
17;2025-11-21;11;2296.7;3194.0;4004.9
17;2025-11-21;12;2375.8;3257.0;4112.2
17;2025-11-21;13;2400.1;3329.0;4437.5
17;2025-11-21;14;2322.8;3407.0;4420.5
17;2025-11-21;15;2723.3;3755.0;4875.8
17;2025-11-21;16;3145.6;4423.0;5735.0
17;2025-11-21;17;3644.6;4919.0;6277.3
17;2025-11-21;18;3541.6;4632.0;5802.0
17;2025-11-21;19;2673.0;3441.0;4402.3
17;2025-11-21;20;1965.9;2509.0;3283.0
17;2025-11-21;21;1261.2;1684.0;2275.3
17;2025-11-21;22;601.2;924.0;1267.6
17;2025-11-21;23;188.1;495.0;773.7
17;2025-11-22;0;0.0;228.0;456.4
17;2025-11-22;1;0.0;28.0;80.0
17;2025-11-22;2;0.0;0.0;0.0
17;2025-11-22;3;0.0;0.0;0.0
17;2025-11-22;4;0.0;5.0;11.6
17;2025-11-22;5;75.4;140.0;223.5
17;2025-11-22;6;370.8;600.0;829.1
17;2025-11-22;7;852.2;1271.0;1740.1
17;2025-11-22;8;1193.4;1826.0;2533.7
17;2025-11-22;9;1480.7;2322.0;3127.8
17;2025-11-22;10;1609.6;2585.0;3448.1
17;2025-11-22;11;1859.2;3074.0;4197.1
17;2025-11-22;12;2032.7;3435.0;4588.5
17;2025-11-22;13;2144.5;3641.0;5034.6
17;2025-11-22;14;2433.3;3699.0;5273.1
17;2025-11-22;15;2463.3;3708.0;5122.8
17;2025-11-22;16;2462.1;3716.0;4995.5
17;2025-11-22;17;2301.5;3514.0;4695.4
17;2025-11-22;18;2216.9;3183.0;4374.9
17;2025-11-22;19;1857.4;2626.0;3575.9
17;2025-11-22;20;1404.0;2038.0;2789.6
17;2025-11-22;21;990.6;1479.0;2078.5
17;2025-11-22;22;600.5;932.0;1364.0
17;2025-11-22;23;175.4;484.0;775.2
17;2025-11-23;0;0.0;195.0;354.1
17;2025-11-23;1;0.0;28.0;83.6
17;2025-11-23;2;0.0;0.0;0.0
17;2025-11-23;3;0.0;0.0;0.0
17;2025-11-23;4;0.0;5.0;14.0
17;2025-11-23;5;49.6;109.0;193.1
17;2025-11-23;6;306.8;453.0;697.3
17;2025-11-23;7;573.2;833.0;1123.6
17;2025-11-23;8;904.2;1272.0;1709.0
17;2025-11-23;9;1174.5;1736.0;2257.9
17;2025-11-23;10;1353.3;2036.0;2608.6
17;2025-11-23;11;1638.9;2587.0;3363.1
17;2025-11-23;12;1948.2;2971.0;3812.3
17;2025-11-23;13;2147.3;3247.0;4238.5
17;2025-11-23;14;2241.1;3338.0;4553.4
17;2025-11-23;15;2239.8;3306.0;4496.0
17;2025-11-23;16;2184.2;3232.0;4407.9
17;2025-11-23;17;2041.6;3055.0;4066.0
17;2025-11-23;18;1891.4;2675.0;3647.0
17;2025-11-23;19;1516.3;2180.0;3074.5
17;2025-11-23;20;1150.8;1639.0;2341.5
17;2025-11-23;21;829.9;1178.0;1676.9
17;2025-11-23;22;481.3;739.0;1090.6
17;2025-11-23;23;182.4;326.0;544.6
17;2025-11-24;0;0.0;117.0;233.1
17;2025-11-24;1;0.0;11.0;29.1
17;2025-11-24;2;0.0;0.0;0.0
17;2025-11-24;3;0.0;0.0;0.0
17;2025-11-24;4;0.0;27.0;58.9
17;2025-11-24;5;240.7;321.0;455.9
17;2025-11-24;6;1226.6;1551.0;1965.9
17;2025-11-24;7;3293.4;4145.0;5368.1
17;2025-11-24;8;4254.4;5409.0;7106.1
17;2025-11-24;9;3044.4;3808.0;4616.5
17;2025-11-24;10;2288.8;2979.0;3663.9
17;2025-11-24;11;2232.3;2929.0;3699.5
17;2025-11-24;12;2243.8;2973.0;3812.9
17;2025-11-24;13;2172.7;3031.0;3923.8
17;2025-11-24;14;2230.4;3113.0;4067.9
17;2025-11-24;15;2289.4;3243.0;4304.6
17;2025-11-24;16;2677.4;3656.0;4754.0
17;2025-11-24;17;3457.7;4501.0;5636.3
17;2025-11-24;18;3892.2;4900.0;6212.2
17;2025-11-24;19;2676.1;3425.0;4453.2
17;2025-11-24;20;1888.5;2372.0;2987.2
17;2025-11-24;21;1115.0;1475.0;1904.3
17;2025-11-24;22;534.0;768.0;1056.8
17;2025-11-24;23;133.3;365.0;566.8
17;2025-11-25;0;0.0;117.0;233.1
17;2025-11-25;1;0.0;11.0;29.1
17;2025-11-25;2;0.0;0.0;0.0
17;2025-11-25;3;0.0;0.0;0.0
17;2025-11-25;4;0.0;27.0;58.9
17;2025-11-25;5;240.7;321.0;455.9
17;2025-11-25;6;1226.6;1551.0;1965.9
17;2025-11-25;7;3293.4;4145.0;5368.1
17;2025-11-25;8;4254.4;5409.0;7106.1
17;2025-11-25;9;3044.4;3808.0;4616.5
17;2025-11-25;10;2288.8;2979.0;3663.9
17;2025-11-25;11;2232.3;2929.0;3699.5
17;2025-11-25;12;2243.8;2973.0;3812.9
17;2025-11-25;13;2172.7;3031.0;3923.8
17;2025-11-25;14;2230.4;3113.0;4067.9
17;2025-11-25;15;2289.4;3243.0;4304.6
17;2025-11-25;16;2677.4;3656.0;4754.0
17;2025-11-25;17;3457.7;4501.0;5636.3
17;2025-11-25;18;3892.2;4900.0;6212.2
17;2025-11-25;19;2676.1;3425.0;4453.2
17;2025-11-25;20;1888.5;2372.0;2987.2
17;2025-11-25;21;1115.0;1475.0;1904.3
17;2025-11-25;22;534.0;768.0;1056.8
17;2025-11-25;23;133.3;365.0;566.8
17;2025-11-26;0;0.0;117.0;233.1
17;2025-11-26;1;0.0;11.0;29.1
17;2025-11-26;2;0.0;0.0;0.0
17;2025-11-26;3;0.0;0.0;0.0
17;2025-11-26;4;0.0;27.0;58.9
17;2025-11-26;5;240.7;321.0;455.9
17;2025-11-26;6;1226.6;1551.0;1965.9
17;2025-11-26;7;3293.4;4145.0;5368.1
17;2025-11-26;8;4254.4;5409.0;7106.1
17;2025-11-26;9;3044.4;3808.0;4616.5
17;2025-11-26;10;2288.8;2979.0;3663.9
17;2025-11-26;11;2232.3;2929.0;3699.5
17;2025-11-26;12;2243.8;2973.0;3812.9
17;2025-11-26;13;2172.7;3031.0;3923.8
17;2025-11-26;14;2230.4;3113.0;4067.9
17;2025-11-26;15;2289.4;3243.0;4304.6
17;2025-11-26;16;2677.4;3656.0;4754.0
17;2025-11-26;17;3457.7;4501.0;5636.3
17;2025-11-26;18;3892.2;4900.0;6212.2
17;2025-11-26;19;2676.1;3425.0;4453.2
17;2025-11-26;20;1888.5;2372.0;2987.2
17;2025-11-26;21;1115.0;1475.0;1904.3
17;2025-11-26;22;534.0;768.0;1056.8
17;2025-11-26;23;133.3;365.0;566.8
17;2025-11-27;0;0.0;117.0;233.1
17;2025-11-27;1;0.0;11.0;29.1
17;2025-11-27;2;0.0;0.0;0.0
17;2025-11-27;3;0.0;0.0;0.0
17;2025-11-27;4;0.0;27.0;58.9
17;2025-11-27;5;240.7;321.0;455.9
17;2025-11-27;6;1226.6;1551.0;1965.9
17;2025-11-27;7;3293.4;4145.0;5368.1
17;2025-11-27;8;4254.4;5409.0;7106.1
17;2025-11-27;9;3044.4;3808.0;4616.5
17;2025-11-27;10;2288.8;2979.0;3663.9
17;2025-11-27;11;2232.3;2929.0;3699.5
17;2025-11-27;12;2243.8;2973.0;3812.9
17;2025-11-27;13;2172.7;3031.0;3923.8
17;2025-11-27;14;2230.4;3113.0;4067.9
17;2025-11-27;15;2289.4;3243.0;4304.6
17;2025-11-27;16;2677.4;3656.0;4754.0
17;2025-11-27;17;3457.7;4501.0;5636.3
17;2025-11-27;18;3892.2;4900.0;6212.2
17;2025-11-27;19;2676.1;3425.0;4453.2
17;2025-11-27;20;1888.5;2372.0;2987.2
17;2025-11-27;21;1115.0;1475.0;1904.3
17;2025-11-27;22;534.0;768.0;1056.8
17;2025-11-27;23;133.3;365.0;566.8
17;2025-11-28;0;0.0;152.0;254.5
17;2025-11-28;1;0.0;15.0;38.8
17;2025-11-28;2;0.0;0.0;0.0
17;2025-11-28;3;0.0;0.0;0.0
17;2025-11-28;4;0.0;27.0;63.0
17;2025-11-28;5;247.3;333.0;492.3
17;2025-11-28;6;1172.5;1606.0;2062.4
17;2025-11-28;7;3319.9;4290.0;5746.9
17;2025-11-28;8;4269.8;5540.0;7340.6
17;2025-11-28;9;3061.9;3958.0;4851.1
17;2025-11-28;10;2426.3;3181.0;3987.0
17;2025-11-28;11;2296.7;3194.0;4004.9
17;2025-11-28;12;2375.8;3257.0;4112.2
17;2025-11-28;13;2400.1;3329.0;4437.5
17;2025-11-28;14;2322.8;3407.0;4420.5
17;2025-11-28;15;2723.3;3755.0;4875.8
17;2025-11-28;16;3145.6;4423.0;5735.0
17;2025-11-28;17;3644.6;4919.0;6277.3
17;2025-11-28;18;3541.6;4632.0;5802.0
17;2025-11-28;19;2673.0;3441.0;4402.3
17;2025-11-28;20;1965.9;2509.0;3283.0
17;2025-11-28;21;1261.2;1684.0;2275.3
17;2025-11-28;22;601.2;924.0;1267.6
17;2025-11-28;23;188.1;495.0;773.7
17;2025-11-29;0;0.0;228.0;442.3
17;2025-11-29;1;0.0;28.0;76.1
17;2025-11-29;2;0.0;0.0;0.0
17;2025-11-29;3;0.0;0.0;0.0
17;2025-11-29;4;0.0;5.0;13.7
17;2025-11-29;5;77.9;140.0;215.4
17;2025-11-29;6;373.9;600.0;851.7
17;2025-11-29;7;828.2;1271.0;1789.0
17;2025-11-29;8;1152.9;1826.0;2646.2
17;2025-11-29;9;1507.4;2322.0;3153.5
17;2025-11-29;10;1651.9;2585.0;3562.6
17;2025-11-29;11;1891.7;3074.0;4423.8
17;2025-11-29;12;2042.7;3435.0;4887.8
17;2025-11-29;13;2135.3;3641.0;5322.3
17;2025-11-29;14;2273.9;3699.0;5453.0
17;2025-11-29;15;2260.3;3708.0;5205.0
17;2025-11-29;16;2340.9;3716.0;5422.3
17;2025-11-29;17;2237.8;3514.0;4867.2
17;2025-11-29;18;2070.6;3183.0;4547.2
17;2025-11-29;19;1748.3;2626.0;3550.2
17;2025-11-29;20;1366.4;2038.0;2888.0
17;2025-11-29;21;949.3;1479.0;2087.5
17;2025-11-29;22;552.6;932.0;1394.0
17;2025-11-29;23;174.5;484.0;804.6
17;2025-11-30;0;0.0;195.0;368.5
17;2025-11-30;1;0.0;28.0;82.6
17;2025-11-30;2;0.0;0.0;0.0
17;2025-11-30;3;0.0;0.0;0.0
17;2025-11-30;4;0.0;5.0;13.7
17;2025-11-30;5;51.7;109.0;185.6
17;2025-11-30;6;303.4;453.0;663.1
17;2025-11-30;7;595.0;833.0;1156.9
17;2025-11-30;8;899.5;1272.0;1661.7
17;2025-11-30;9;1159.3;1736.0;2299.2
17;2025-11-30;10;1254.2;2036.0;2635.1
17;2025-11-30;11;1532.4;2587.0;3427.5
17;2025-11-30;12;1776.2;2971.0;3902.3
17;2025-11-30;13;1876.5;3247.0;4352.5
17;2025-11-30;14;1986.0;3338.0;4533.9
17;2025-11-30;15;2105.2;3306.0;4505.0
17;2025-11-30;16;2045.6;3232.0;4539.5
17;2025-11-30;17;1971.1;3055.0;4238.4
17;2025-11-30;18;1735.7;2675.0;3734.9
17;2025-11-30;19;1416.4;2180.0;2919.1
17;2025-11-30;20;1038.1;1639.0;2254.6
17;2025-11-30;21;782.6;1178.0;1648.0
17;2025-11-30;22;469.9;739.0;1073.0
17;2025-11-30;23;184.1;326.0;531.6
17;2025-12-01;0;0.0;117.0;230.3
17;2025-12-01;1;0.0;11.0;30.7
17;2025-12-01;2;0.0;0.0;0.0
17;2025-12-01;3;0.0;0.0;0.0
17;2025-12-01;4;0.0;27.0;61.3
17;2025-12-01;5;238.4;321.0;467.4
17;2025-12-01;6;1195.5;1551.0;2008.2
17;2025-12-01;7;3197.2;4145.0;5876.9
17;2025-12-01;8;4029.0;5409.0;7625.4
17;2025-12-01;9;2919.5;3808.0;4878.9
17;2025-12-01;10;2234.2;2979.0;3815.1
17;2025-12-01;11;2137.5;2929.0;3881.6
17;2025-12-01;12;2100.2;2973.0;3919.0
17;2025-12-01;13;2047.7;3031.0;4150.8
17;2025-12-01;14;2147.7;3113.0;4367.3
17;2025-12-01;15;2148.6;3243.0;4619.6
17;2025-12-01;16;2548.3;3656.0;5120.3
17;2025-12-01;17;3347.3;4501.0;6136.7
17;2025-12-01;18;3764.1;4900.0;6555.0
17;2025-12-01;19;2618.2;3425.0;4556.0
17;2025-12-01;20;1822.4;2372.0;3058.0
17;2025-12-01;21;1105.9;1475.0;1917.8
17;2025-12-01;22;532.3;768.0;1056.3
17;2025-12-01;23;130.1;365.0;574.5
17;2025-12-02;0;0.0;117.0;230.3
17;2025-12-02;1;0.0;11.0;30.7
17;2025-12-02;2;0.0;0.0;0.0
17;2025-12-02;3;0.0;0.0;0.0
17;2025-12-02;4;0.0;27.0;61.3
17;2025-12-02;5;238.4;321.0;467.4
17;2025-12-02;6;1195.5;1551.0;2008.2
17;2025-12-02;7;3197.2;4145.0;5876.9
17;2025-12-02;8;4029.0;5409.0;7625.4
17;2025-12-02;9;2919.5;3808.0;4878.9
17;2025-12-02;10;2234.2;2979.0;3815.1
17;2025-12-02;11;2137.5;2929.0;3881.6
17;2025-12-02;12;2100.2;2973.0;3919.0
17;2025-12-02;13;2047.7;3031.0;4150.8
17;2025-12-02;14;2147.7;3113.0;4367.3
17;2025-12-02;15;2148.6;3243.0;4619.6
17;2025-12-02;16;2548.3;3656.0;5120.3
17;2025-12-02;17;3347.3;4501.0;6136.7
17;2025-12-02;18;3764.1;4900.0;6555.0
17;2025-12-02;19;2618.2;3425.0;4556.0
17;2025-12-02;20;1822.4;2372.0;3058.0
17;2025-12-02;21;1105.9;1475.0;1917.8
17;2025-12-02;22;532.3;768.0;1056.3
17;2025-12-02;23;130.1;365.0;574.5
17;2025-12-03;0;0.0;117.0;230.3
17;2025-12-03;1;0.0;11.0;30.7
17;2025-12-03;2;0.0;0.0;0.0
17;2025-12-03;3;0.0;0.0;0.0
17;2025-12-03;4;0.0;27.0;61.3
17;2025-12-03;5;238.4;321.0;467.4
17;2025-12-03;6;1195.5;1551.0;2008.2
17;2025-12-03;7;3197.2;4145.0;5876.9
17;2025-12-03;8;4029.0;5409.0;7625.4
17;2025-12-03;9;2919.5;3808.0;4878.9
17;2025-12-03;10;2234.2;2979.0;3815.1
17;2025-12-03;11;2137.5;2929.0;3881.6
17;2025-12-03;12;2100.2;2973.0;3919.0
17;2025-12-03;13;2047.7;3031.0;4150.8
17;2025-12-03;14;2147.7;3113.0;4367.3
17;2025-12-03;15;2148.6;3243.0;4619.6
17;2025-12-03;16;2548.3;3656.0;5120.3
17;2025-12-03;17;3347.3;4501.0;6136.7
17;2025-12-03;18;3764.1;4900.0;6555.0
17;2025-12-03;19;2618.2;3425.0;4556.0
17;2025-12-03;20;1822.4;2372.0;3058.0
17;2025-12-03;21;1105.9;1475.0;1917.8
17;2025-12-03;22;532.3;768.0;1056.3
17;2025-12-03;23;130.1;365.0;574.5
17;2025-12-04;0;0.0;117.0;230.3
17;2025-12-04;1;0.0;11.0;30.7
17;2025-12-04;2;0.0;0.0;0.0
17;2025-12-04;3;0.0;0.0;0.0
17;2025-12-04;4;0.0;27.0;61.3
17;2025-12-04;5;238.4;321.0;467.4
17;2025-12-04;6;1195.5;1551.0;2008.2
17;2025-12-04;7;3197.2;4145.0;5876.9
17;2025-12-04;8;4029.0;5409.0;7625.4
17;2025-12-04;9;2919.5;3808.0;4878.9
17;2025-12-04;10;2234.2;2979.0;3815.1
17;2025-12-04;11;2137.5;2929.0;3881.6
17;2025-12-04;12;2100.2;2973.0;3919.0
17;2025-12-04;13;2047.7;3031.0;4150.8
17;2025-12-04;14;2147.7;3113.0;4367.3
17;2025-12-04;15;2148.6;3243.0;4619.6
17;2025-12-04;16;2548.3;3656.0;5120.3
17;2025-12-04;17;3347.3;4501.0;6136.7
17;2025-12-04;18;3764.1;4900.0;6555.0
17;2025-12-04;19;2618.2;3425.0;4556.0
17;2025-12-04;20;1822.4;2372.0;3058.0
17;2025-12-04;21;1105.9;1475.0;1917.8
17;2025-12-04;22;532.3;768.0;1056.3
17;2025-12-04;23;130.1;365.0;574.5
17;2025-12-05;0;0.0;152.0;269.3
17;2025-12-05;1;0.0;15.0;40.0
17;2025-12-05;2;0.0;0.0;0.0
17;2025-12-05;3;0.0;0.0;0.0
17;2025-12-05;4;0.0;27.0;63.1
17;2025-12-05;5;237.7;333.0;498.4
17;2025-12-05;6;1083.2;1606.0;2072.8
17;2025-12-05;7;3078.1;4290.0;6194.5
17;2025-12-05;8;3999.9;5540.0;7837.3
17;2025-12-05;9;2870.5;3958.0;5005.0
17;2025-12-05;10;2285.1;3181.0;4233.5
17;2025-12-05;11;2142.2;3194.0;4078.1
17;2025-12-05;12;2220.7;3257.0;4366.9
17;2025-12-05;13;2237.7;3329.0;4820.3
17;2025-12-05;14;2228.1;3407.0;4877.3
17;2025-12-05;15;2626.2;3755.0;5344.8
17;2025-12-05;16;3077.2;4423.0;6128.4
17;2025-12-05;17;3495.9;4919.0;6816.8
17;2025-12-05;18;3403.1;4632.0;6196.0
17;2025-12-05;19;2605.8;3441.0;4625.7
17;2025-12-05;20;1927.5;2509.0;3310.1
17;2025-12-05;21;1225.4;1684.0;2299.3
17;2025-12-05;22;590.5;924.0;1323.5
17;2025-12-05;23;178.4;495.0;805.3
17;2025-12-06;0;0.0;228.0;442.3
17;2025-12-06;1;0.0;28.0;76.1
17;2025-12-06;2;0.0;0.0;0.0
17;2025-12-06;3;0.0;0.0;0.0
17;2025-12-06;4;0.0;5.0;13.7
17;2025-12-06;5;77.9;140.0;215.4
17;2025-12-06;6;373.9;600.0;851.7
17;2025-12-06;7;828.2;1271.0;1789.0
17;2025-12-06;8;1152.9;1826.0;2646.2
17;2025-12-06;9;1507.4;2322.0;3153.5
17;2025-12-06;10;1651.9;2585.0;3562.6
17;2025-12-06;11;1891.7;3074.0;4423.8
17;2025-12-06;12;2042.7;3435.0;4887.8
17;2025-12-06;13;2135.3;3641.0;5322.3
17;2025-12-06;14;2273.9;3699.0;5453.0
17;2025-12-06;15;2260.3;3708.0;5205.0
17;2025-12-06;16;2340.9;3716.0;5422.3
17;2025-12-06;17;2237.8;3514.0;4867.2
17;2025-12-06;18;2070.6;3183.0;4547.2
17;2025-12-06;19;1748.3;2626.0;3550.2
17;2025-12-06;20;1366.4;2038.0;2888.0
17;2025-12-06;21;949.3;1479.0;2087.5
17;2025-12-06;22;552.6;932.0;1394.0
17;2025-12-06;23;174.5;484.0;804.6
17;2025-12-07;0;0.0;195.0;368.5
17;2025-12-07;1;0.0;28.0;82.6
17;2025-12-07;2;0.0;0.0;0.0
17;2025-12-07;3;0.0;0.0;0.0
17;2025-12-07;4;0.0;5.0;13.7
17;2025-12-07;5;51.7;109.0;185.6
17;2025-12-07;6;303.4;453.0;663.1
17;2025-12-07;7;595.0;833.0;1156.9
17;2025-12-07;8;899.5;1272.0;1661.7
17;2025-12-07;9;1159.3;1736.0;2299.2
17;2025-12-07;10;1254.2;2036.0;2635.1
17;2025-12-07;11;1532.4;2587.0;3427.5
17;2025-12-07;12;1776.2;2971.0;3902.3
17;2025-12-07;13;1876.5;3247.0;4352.5
17;2025-12-07;14;1986.0;3338.0;4533.9
17;2025-12-07;15;2105.2;3306.0;4505.0
17;2025-12-07;16;2045.6;3232.0;4539.5
17;2025-12-07;17;1971.1;3055.0;4238.4
17;2025-12-07;18;1735.7;2675.0;3734.9
17;2025-12-07;19;1416.4;2180.0;2919.1
17;2025-12-07;20;1038.1;1639.0;2254.6
17;2025-12-07;21;782.6;1178.0;1648.0
17;2025-12-07;22;469.9;739.0;1073.0
17;2025-12-07;23;184.1;326.0;531.6
17;2025-12-08;0;0.0;117.0;230.3
17;2025-12-08;1;0.0;11.0;30.7
17;2025-12-08;2;0.0;0.0;0.0
17;2025-12-08;3;0.0;0.0;0.0
17;2025-12-08;4;0.0;27.0;61.3
17;2025-12-08;5;238.4;321.0;467.4
17;2025-12-08;6;1195.5;1551.0;2008.2
17;2025-12-08;7;3197.2;4145.0;5876.9
17;2025-12-08;8;4029.0;5409.0;7625.4
17;2025-12-08;9;2919.5;3808.0;4878.9
17;2025-12-08;10;2234.2;2979.0;3815.1
17;2025-12-08;11;2137.5;2929.0;3881.6
17;2025-12-08;12;2100.2;2973.0;3919.0
17;2025-12-08;13;2047.7;3031.0;4150.8
17;2025-12-08;14;2147.7;3113.0;4367.3
17;2025-12-08;15;2148.6;3243.0;4619.6
17;2025-12-08;16;2548.3;3656.0;5120.3
17;2025-12-08;17;3347.3;4501.0;6136.7
17;2025-12-08;18;3764.1;4900.0;6555.0
17;2025-12-08;19;2618.2;3425.0;4556.0
17;2025-12-08;20;1822.4;2372.0;3058.0
17;2025-12-08;21;1105.9;1475.0;1917.8
17;2025-12-08;22;532.3;768.0;1056.3
17;2025-12-08;23;130.1;365.0;574.5
17;2025-12-09;0;0.0;117.0;230.3
17;2025-12-09;1;0.0;11.0;30.7
17;2025-12-09;2;0.0;0.0;0.0
17;2025-12-09;3;0.0;0.0;0.0
17;2025-12-09;4;0.0;27.0;61.3
17;2025-12-09;5;238.4;321.0;467.4
17;2025-12-09;6;1195.5;1551.0;2008.2
17;2025-12-09;7;3197.2;4145.0;5876.9
17;2025-12-09;8;4029.0;5409.0;7625.4
17;2025-12-09;9;2919.5;3808.0;4878.9
17;2025-12-09;10;2234.2;2979.0;3815.1
17;2025-12-09;11;2137.5;2929.0;3881.6
17;2025-12-09;12;2100.2;2973.0;3919.0
17;2025-12-09;13;2047.7;3031.0;4150.8
17;2025-12-09;14;2147.7;3113.0;4367.3
17;2025-12-09;15;2148.6;3243.0;4619.6
17;2025-12-09;16;2548.3;3656.0;5120.3
17;2025-12-09;17;3347.3;4501.0;6136.7
17;2025-12-09;18;3764.1;4900.0;6555.0
17;2025-12-09;19;2618.2;3425.0;4556.0
17;2025-12-09;20;1822.4;2372.0;3058.0
17;2025-12-09;21;1105.9;1475.0;1917.8
17;2025-12-09;22;532.3;768.0;1056.3
17;2025-12-09;23;130.1;365.0;574.5
17;2025-12-10;0;0.0;117.0;230.3
17;2025-12-10;1;0.0;11.0;30.7
17;2025-12-10;2;0.0;0.0;0.0
17;2025-12-10;3;0.0;0.0;0.0
17;2025-12-10;4;0.0;27.0;61.3
17;2025-12-10;5;238.4;321.0;467.4
17;2025-12-10;6;1195.5;1551.0;2008.2
17;2025-12-10;7;3197.2;4145.0;5876.9
17;2025-12-10;8;4029.0;5409.0;7625.4
17;2025-12-10;9;2919.5;3808.0;4878.9
17;2025-12-10;10;2234.2;2979.0;3815.1
17;2025-12-10;11;2137.5;2929.0;3881.6
17;2025-12-10;12;2100.2;2973.0;3919.0
17;2025-12-10;13;2047.7;3031.0;4150.8
17;2025-12-10;14;2147.7;3113.0;4367.3
17;2025-12-10;15;2148.6;3243.0;4619.6
17;2025-12-10;16;2548.3;3656.0;5120.3
17;2025-12-10;17;3347.3;4501.0;6136.7
17;2025-12-10;18;3764.1;4900.0;6555.0
17;2025-12-10;19;2618.2;3425.0;4556.0
17;2025-12-10;20;1822.4;2372.0;3058.0
17;2025-12-10;21;1105.9;1475.0;1917.8
17;2025-12-10;22;532.3;768.0;1056.3
17;2025-12-10;23;130.1;365.0;574.5
17;2025-12-11;0;0.0;117.0;230.3
17;2025-12-11;1;0.0;11.0;30.7
17;2025-12-11;2;0.0;0.0;0.0
17;2025-12-11;3;0.0;0.0;0.0
17;2025-12-11;4;0.0;27.0;61.3
17;2025-12-11;5;238.4;321.0;467.4
17;2025-12-11;6;1195.5;1551.0;2008.2
17;2025-12-11;7;3197.2;4145.0;5876.9
17;2025-12-11;8;4029.0;5409.0;7625.4
17;2025-12-11;9;2919.5;3808.0;4878.9
17;2025-12-11;10;2234.2;2979.0;3815.1
17;2025-12-11;11;2137.5;2929.0;3881.6
17;2025-12-11;12;2100.2;2973.0;3919.0
17;2025-12-11;13;2047.7;3031.0;4150.8
17;2025-12-11;14;2147.7;3113.0;4367.3
17;2025-12-11;15;2148.6;3243.0;4619.6
17;2025-12-11;16;2548.3;3656.0;5120.3
17;2025-12-11;17;3347.3;4501.0;6136.7
17;2025-12-11;18;3764.1;4900.0;6555.0
17;2025-12-11;19;2618.2;3425.0;4556.0
17;2025-12-11;20;1822.4;2372.0;3058.0
17;2025-12-11;21;1105.9;1475.0;1917.8
17;2025-12-11;22;532.3;768.0;1056.3
17;2025-12-11;23;130.1;365.0;574.5
17;2025-12-12;0;0.0;152.0;269.3
17;2025-12-12;1;0.0;15.0;40.0
17;2025-12-12;2;0.0;0.0;0.0
17;2025-12-12;3;0.0;0.0;0.0
17;2025-12-12;4;0.0;27.0;63.1
17;2025-12-12;5;237.7;333.0;498.4
17;2025-12-12;6;1083.2;1606.0;2072.8
17;2025-12-12;7;3078.1;4290.0;6194.5
17;2025-12-12;8;3999.9;5540.0;7837.3
17;2025-12-12;9;2870.5;3958.0;5005.0
17;2025-12-12;10;2285.1;3181.0;4233.5
17;2025-12-12;11;2142.2;3194.0;4078.1
17;2025-12-12;12;2220.7;3257.0;4366.9
17;2025-12-12;13;2237.7;3329.0;4820.3
17;2025-12-12;14;2228.1;3407.0;4877.3
17;2025-12-12;15;2626.2;3755.0;5344.8
17;2025-12-12;16;3077.2;4423.0;6128.4
17;2025-12-12;17;3495.9;4919.0;6816.8
17;2025-12-12;18;3403.1;4632.0;6196.0
17;2025-12-12;19;2605.8;3441.0;4625.7
17;2025-12-12;20;1927.5;2509.0;3310.1
17;2025-12-12;21;1225.4;1684.0;2299.3
17;2025-12-12;22;590.5;924.0;1323.5
17;2025-12-12;23;178.4;495.0;805.3
17;2025-12-13;0;0.0;228.0;425.4
17;2025-12-13;1;0.0;28.0;83.4
17;2025-12-13;2;0.0;0.0;0.0
17;2025-12-13;3;0.0;0.0;0.0
17;2025-12-13;4;0.0;5.0;13.0
17;2025-12-13;5;71.5;140.0;218.1
17;2025-12-13;6;357.3;600.0;866.7
17;2025-12-13;7;817.3;1271.0;1801.6
17;2025-12-13;8;1089.8;1826.0;2730.8
17;2025-12-13;9;1387.7;2322.0;3268.1
17;2025-12-13;10;1531.4;2585.0;3668.3
17;2025-12-13;11;1816.8;3074.0;4403.0
17;2025-12-13;12;1871.8;3435.0;5033.7
17;2025-12-13;13;1808.9;3641.0;5346.6
17;2025-12-13;14;2218.5;3699.0;5562.6
17;2025-12-13;15;2167.6;3708.0;5430.7
17;2025-12-13;16;2206.4;3716.0;5476.2
17;2025-12-13;17;2075.7;3514.0;4866.3
17;2025-12-13;18;1961.6;3183.0;4579.3
17;2025-12-13;19;1747.3;2626.0;3604.1
17;2025-12-13;20;1346.2;2038.0;2681.7
17;2025-12-13;21;963.6;1479.0;2071.3
17;2025-12-13;22;579.8;932.0;1355.0
17;2025-12-13;23;162.9;484.0;781.8
17;2025-12-14;0;0.0;195.0;361.0
17;2025-12-14;1;0.0;28.0;88.7
17;2025-12-14;2;0.0;0.0;0.0
17;2025-12-14;3;0.0;0.0;0.0
17;2025-12-14;4;0.0;5.0;15.3
17;2025-12-14;5;51.1;109.0;188.9
17;2025-12-14;6;309.5;453.0;690.3
17;2025-12-14;7;575.0;833.0;1095.0
17;2025-12-14;8;911.9;1272.0;1639.6
17;2025-12-14;9;1139.7;1736.0;2345.1
17;2025-12-14;10;1282.1;2036.0;2713.7
17;2025-12-14;11;1473.1;2587.0;3504.7
17;2025-12-14;12;1826.5;2971.0;4011.9
17;2025-12-14;13;1963.6;3247.0;4384.9
17;2025-12-14;14;2026.3;3338.0;4685.8
17;2025-12-14;15;2081.1;3306.0;4647.0
17;2025-12-14;16;1988.3;3232.0;4622.4
17;2025-12-14;17;1943.6;3055.0;4339.4
17;2025-12-14;18;1752.3;2675.0;3740.4
17;2025-12-14;19;1389.2;2180.0;2941.6
17;2025-12-14;20;1091.4;1639.0;2255.7
17;2025-12-14;21;820.4;1178.0;1690.3
17;2025-12-14;22;485.3;739.0;1073.7
17;2025-12-14;23;177.0;326.0;527.5
17;2025-12-15;0;0.0;117.0;227.6
17;2025-12-15;1;0.0;11.0;31.6
17;2025-12-15;2;0.0;0.0;0.0
17;2025-12-15;3;0.0;0.0;0.0
17;2025-12-15;4;0.0;27.0;65.6
17;2025-12-15;5;238.3;321.0;473.1
17;2025-12-15;6;1159.5;1551.0;2036.7
17;2025-12-15;7;3106.4;4145.0;6049.1
17;2025-12-15;8;3821.3;5409.0;8080.5
17;2025-12-15;9;2840.9;3808.0;5069.9
17;2025-12-15;10;2182.9;2979.0;4003.9
17;2025-12-15;11;2076.3;2929.0;4058.2
17;2025-12-15;12;2037.1;2973.0;4084.3
17;2025-12-15;13;2005.0;3031.0;4360.1
17;2025-12-15;14;2056.2;3113.0;4606.5
17;2025-12-15;15;2096.2;3243.0;4943.3
17;2025-12-15;16;2459.6;3656.0;5371.2
17;2025-12-15;17;3306.2;4501.0;6508.2
17;2025-12-15;18;3718.6;4900.0;6790.3
17;2025-12-15;19;2559.7;3425.0;4628.0
17;2025-12-15;20;1826.6;2372.0;3057.7
17;2025-12-15;21;1090.4;1475.0;1980.1
17;2025-12-15;22;528.1;768.0;1087.7
17;2025-12-15;23;121.4;365.0;579.4
17;2025-12-16;0;0.0;117.0;227.6
17;2025-12-16;1;0.0;11.0;31.6
17;2025-12-16;2;0.0;0.0;0.0
17;2025-12-16;3;0.0;0.0;0.0
17;2025-12-16;4;0.0;27.0;65.6
17;2025-12-16;5;238.3;321.0;473.1
17;2025-12-16;6;1159.5;1551.0;2036.7
17;2025-12-16;7;3106.4;4145.0;6049.1
17;2025-12-16;8;3821.3;5409.0;8080.5
17;2025-12-16;9;2840.9;3808.0;5069.9
17;2025-12-16;10;2182.9;2979.0;4003.9
17;2025-12-16;11;2076.3;2929.0;4058.2
17;2025-12-16;12;2037.1;2973.0;4084.3
17;2025-12-16;13;2005.0;3031.0;4360.1
17;2025-12-16;14;2056.2;3113.0;4606.5
17;2025-12-16;15;2096.2;3243.0;4943.3
17;2025-12-16;16;2459.6;3656.0;5371.2
17;2025-12-16;17;3306.2;4501.0;6508.2
17;2025-12-16;18;3718.6;4900.0;6790.3
17;2025-12-16;19;2559.7;3425.0;4628.0
17;2025-12-16;20;1826.6;2372.0;3057.7
17;2025-12-16;21;1090.4;1475.0;1980.1
17;2025-12-16;22;528.1;768.0;1087.7
17;2025-12-16;23;121.4;365.0;579.4
17;2025-12-17;0;0.0;117.0;227.6
17;2025-12-17;1;0.0;11.0;31.6
17;2025-12-17;2;0.0;0.0;0.0
17;2025-12-17;3;0.0;0.0;0.0
17;2025-12-17;4;0.0;27.0;65.6
17;2025-12-17;5;238.3;321.0;473.1
17;2025-12-17;6;1159.5;1551.0;2036.7
17;2025-12-17;7;3106.4;4145.0;6049.1
17;2025-12-17;8;3821.3;5409.0;8080.5
17;2025-12-17;9;2840.9;3808.0;5069.9
17;2025-12-17;10;2182.9;2979.0;4003.9
17;2025-12-17;11;2076.3;2929.0;4058.2
17;2025-12-17;12;2037.1;2973.0;4084.3
17;2025-12-17;13;2005.0;3031.0;4360.1
17;2025-12-17;14;2056.2;3113.0;4606.5
17;2025-12-17;15;2096.2;3243.0;4943.3
17;2025-12-17;16;2459.6;3656.0;5371.2
17;2025-12-17;17;3306.2;4501.0;6508.2
17;2025-12-17;18;3718.6;4900.0;6790.3
17;2025-12-17;19;2559.7;3425.0;4628.0
17;2025-12-17;20;1826.6;2372.0;3057.7
17;2025-12-17;21;1090.4;1475.0;1980.1
17;2025-12-17;22;528.1;768.0;1087.7
17;2025-12-17;23;121.4;365.0;579.4
17;2025-12-18;0;0.0;117.0;227.6
17;2025-12-18;1;0.0;11.0;31.6
17;2025-12-18;2;0.0;0.0;0.0
17;2025-12-18;3;0.0;0.0;0.0
17;2025-12-18;4;0.0;27.0;65.6
17;2025-12-18;5;238.3;321.0;473.1
17;2025-12-18;6;1159.5;1551.0;2036.7
17;2025-12-18;7;3106.4;4145.0;6049.1
17;2025-12-18;8;3821.3;5409.0;8080.5
17;2025-12-18;9;2840.9;3808.0;5069.9
17;2025-12-18;10;2182.9;2979.0;4003.9
17;2025-12-18;11;2076.3;2929.0;4058.2
17;2025-12-18;12;2037.1;2973.0;4084.3
17;2025-12-18;13;2005.0;3031.0;4360.1
17;2025-12-18;14;2056.2;3113.0;4606.5
17;2025-12-18;15;2096.2;3243.0;4943.3
17;2025-12-18;16;2459.6;3656.0;5371.2
17;2025-12-18;17;3306.2;4501.0;6508.2
17;2025-12-18;18;3718.6;4900.0;6790.3
17;2025-12-18;19;2559.7;3425.0;4628.0
17;2025-12-18;20;1826.6;2372.0;3057.7
17;2025-12-18;21;1090.4;1475.0;1980.1
17;2025-12-18;22;528.1;768.0;1087.7
17;2025-12-18;23;121.4;365.0;579.4
17;2025-12-19;0;0.0;152.0;265.5
17;2025-12-19;1;0.0;15.0;40.9
17;2025-12-19;2;0.0;0.0;0.0
17;2025-12-19;3;0.0;0.0;0.0
17;2025-12-19;4;0.0;27.0;68.2
17;2025-12-19;5;238.2;333.0;513.9
17;2025-12-19;6;1126.6;1606.0;2125.2
17;2025-12-19;7;2999.2;4290.0;6417.0
17;2025-12-19;8;3739.9;5540.0;8091.2
17;2025-12-19;9;2708.0;3958.0;5183.9
17;2025-12-19;10;2224.0;3181.0;4490.4
17;2025-12-19;11;2211.4;3194.0;4393.4
17;2025-12-19;12;2178.9;3257.0;4778.6
17;2025-12-19;13;2157.2;3329.0;5033.6
17;2025-12-19;14;2132.9;3407.0;4991.6
17;2025-12-19;15;2533.2;3755.0;5845.3
17;2025-12-19;16;3005.8;4423.0;6584.5
17;2025-12-19;17;3410.8;4919.0;7114.4
17;2025-12-19;18;3171.7;4632.0;6286.6
17;2025-12-19;19;2492.3;3441.0;4570.3
17;2025-12-19;20;1852.6;2509.0;3247.6
17;2025-12-19;21;1191.5;1684.0;2329.5
17;2025-12-19;22;604.4;924.0;1339.9
17;2025-12-19;23;164.0;495.0;856.8
17;2025-12-20;0;0.0;228.0;425.4
17;2025-12-20;1;0.0;28.0;83.4
17;2025-12-20;2;0.0;0.0;0.0
17;2025-12-20;3;0.0;0.0;0.0
17;2025-12-20;4;0.0;5.0;13.0
17;2025-12-20;5;71.5;140.0;218.1
17;2025-12-20;6;357.3;600.0;866.7
17;2025-12-20;7;817.3;1271.0;1801.6
17;2025-12-20;8;1089.8;1826.0;2730.8
17;2025-12-20;9;1387.7;2322.0;3268.1
17;2025-12-20;10;1531.4;2585.0;3668.3
17;2025-12-20;11;1816.8;3074.0;4403.0
17;2025-12-20;12;1871.8;3435.0;5033.7
17;2025-12-20;13;1808.9;3641.0;5346.6
17;2025-12-20;14;2218.5;3699.0;5562.6
17;2025-12-20;15;2167.6;3708.0;5430.7
17;2025-12-20;16;2206.4;3716.0;5476.2
17;2025-12-20;17;2075.7;3514.0;4866.3
17;2025-12-20;18;1961.6;3183.0;4579.3
17;2025-12-20;19;1747.3;2626.0;3604.1
17;2025-12-20;20;1346.2;2038.0;2681.7
17;2025-12-20;21;963.6;1479.0;2071.3
17;2025-12-20;22;579.8;932.0;1355.0
17;2025-12-20;23;162.9;484.0;781.8
17;2025-12-21;0;0.0;195.0;361.0
17;2025-12-21;1;0.0;28.0;88.7
17;2025-12-21;2;0.0;0.0;0.0
17;2025-12-21;3;0.0;0.0;0.0
17;2025-12-21;4;0.0;5.0;15.3
17;2025-12-21;5;51.1;109.0;188.9
17;2025-12-21;6;309.5;453.0;690.3
17;2025-12-21;7;575.0;833.0;1095.0
17;2025-12-21;8;911.9;1272.0;1639.6
17;2025-12-21;9;1139.7;1736.0;2345.1
17;2025-12-21;10;1282.1;2036.0;2713.7
17;2025-12-21;11;1473.1;2587.0;3504.7
17;2025-12-21;12;1826.5;2971.0;4011.9
17;2025-12-21;13;1963.6;3247.0;4384.9
17;2025-12-21;14;2026.3;3338.0;4685.8
17;2025-12-21;15;2081.1;3306.0;4647.0
17;2025-12-21;16;1988.3;3232.0;4622.4
17;2025-12-21;17;1943.6;3055.0;4339.4
17;2025-12-21;18;1752.3;2675.0;3740.4
17;2025-12-21;19;1389.2;2180.0;2941.6
17;2025-12-21;20;1091.4;1639.0;2255.7
17;2025-12-21;21;820.4;1178.0;1690.3
17;2025-12-21;22;485.3;739.0;1073.7
17;2025-12-21;23;177.0;326.0;527.5
17;2025-12-22;0;0.0;117.0;227.6
17;2025-12-22;1;0.0;11.0;31.6
17;2025-12-22;2;0.0;0.0;0.0
17;2025-12-22;3;0.0;0.0;0.0
17;2025-12-22;4;0.0;27.0;65.6
17;2025-12-22;5;238.3;321.0;473.1
17;2025-12-22;6;1159.5;1551.0;2036.7
17;2025-12-22;7;3106.4;4145.0;6049.1
17;2025-12-22;8;3821.3;5409.0;8080.5
17;2025-12-22;9;2840.9;3808.0;5069.9
17;2025-12-22;10;2182.9;2979.0;4003.9
17;2025-12-22;11;2076.3;2929.0;4058.2
17;2025-12-22;12;2037.1;2973.0;4084.3
17;2025-12-22;13;2005.0;3031.0;4360.1
17;2025-12-22;14;2056.2;3113.0;4606.5
17;2025-12-22;15;2096.2;3243.0;4943.3
17;2025-12-22;16;2459.6;3656.0;5371.2
17;2025-12-22;17;3306.2;4501.0;6508.2
17;2025-12-22;18;3718.6;4900.0;6790.3
17;2025-12-22;19;2559.7;3425.0;4628.0
17;2025-12-22;20;1826.6;2372.0;3057.7
17;2025-12-22;21;1090.4;1475.0;1980.1
17;2025-12-22;22;528.1;768.0;1087.7
17;2025-12-22;23;121.4;365.0;579.4
17;2025-12-23;0;0.0;117.0;227.6
17;2025-12-23;1;0.0;11.0;31.6
17;2025-12-23;2;0.0;0.0;0.0
17;2025-12-23;3;0.0;0.0;0.0
17;2025-12-23;4;0.0;27.0;65.6
17;2025-12-23;5;238.3;321.0;473.1
17;2025-12-23;6;1159.5;1551.0;2036.7
17;2025-12-23;7;3106.4;4145.0;6049.1
17;2025-12-23;8;3821.3;5409.0;8080.5
17;2025-12-23;9;2840.9;3808.0;5069.9
17;2025-12-23;10;2182.9;2979.0;4003.9
17;2025-12-23;11;2076.3;2929.0;4058.2
17;2025-12-23;12;2037.1;2973.0;4084.3
17;2025-12-23;13;2005.0;3031.0;4360.1
17;2025-12-23;14;2056.2;3113.0;4606.5
17;2025-12-23;15;2096.2;3243.0;4943.3
17;2025-12-23;16;2459.6;3656.0;5371.2
17;2025-12-23;17;3306.2;4501.0;6508.2
17;2025-12-23;18;3718.6;4900.0;6790.3
17;2025-12-23;19;2559.7;3425.0;4628.0
17;2025-12-23;20;1826.6;2372.0;3057.7
17;2025-12-23;21;1090.4;1475.0;1980.1
17;2025-12-23;22;528.1;768.0;1087.7
17;2025-12-23;23;121.4;365.0;579.4
17;2025-12-24;0;0.0;117.0;227.6
17;2025-12-24;1;0.0;11.0;31.6
17;2025-12-24;2;0.0;0.0;0.0
17;2025-12-24;3;0.0;0.0;0.0
17;2025-12-24;4;0.0;27.0;65.6
17;2025-12-24;5;238.3;321.0;473.1
17;2025-12-24;6;1159.5;1551.0;2036.7
17;2025-12-24;7;3106.4;4145.0;6049.1
17;2025-12-24;8;3821.3;5409.0;8080.5
17;2025-12-24;9;2840.9;3808.0;5069.9
17;2025-12-24;10;2182.9;2979.0;4003.9
17;2025-12-24;11;2076.3;2929.0;4058.2
17;2025-12-24;12;2037.1;2973.0;4084.3
17;2025-12-24;13;2005.0;3031.0;4360.1
17;2025-12-24;14;2056.2;3113.0;4606.5
17;2025-12-24;15;2096.2;3243.0;4943.3
17;2025-12-24;16;2459.6;3656.0;5371.2
17;2025-12-24;17;3306.2;4501.0;6508.2
17;2025-12-24;18;3718.6;4900.0;6790.3
17;2025-12-24;19;2559.7;3425.0;4628.0
17;2025-12-24;20;1826.6;2372.0;3057.7
17;2025-12-24;21;1090.4;1475.0;1980.1
17;2025-12-24;22;528.1;768.0;1087.7
17;2025-12-24;23;121.4;365.0;579.4
17;2025-12-25;0;0.0;117.0;227.6
17;2025-12-25;1;0.0;11.0;31.6
17;2025-12-25;2;0.0;0.0;0.0
17;2025-12-25;3;0.0;0.0;0.0
17;2025-12-25;4;0.0;27.0;65.6
17;2025-12-25;5;238.3;321.0;473.1
17;2025-12-25;6;1159.5;1551.0;2036.7
17;2025-12-25;7;3106.4;4145.0;6049.1
17;2025-12-25;8;3821.3;5409.0;8080.5
17;2025-12-25;9;2840.9;3808.0;5069.9
17;2025-12-25;10;2182.9;2979.0;4003.9
17;2025-12-25;11;2076.3;2929.0;4058.2
17;2025-12-25;12;2037.1;2973.0;4084.3
17;2025-12-25;13;2005.0;3031.0;4360.1
17;2025-12-25;14;2056.2;3113.0;4606.5
17;2025-12-25;15;2096.2;3243.0;4943.3
17;2025-12-25;16;2459.6;3656.0;5371.2
17;2025-12-25;17;3306.2;4501.0;6508.2
17;2025-12-25;18;3718.6;4900.0;6790.3
17;2025-12-25;19;2559.7;3425.0;4628.0
17;2025-12-25;20;1826.6;2372.0;3057.7
17;2025-12-25;21;1090.4;1475.0;1980.1
17;2025-12-25;22;528.1;768.0;1087.7
17;2025-12-25;23;121.4;365.0;579.4
17;2025-12-26;0;0.0;152.0;265.5
17;2025-12-26;1;0.0;15.0;40.9
17;2025-12-26;2;0.0;0.0;0.0
17;2025-12-26;3;0.0;0.0;0.0
17;2025-12-26;4;0.0;27.0;68.2
17;2025-12-26;5;238.2;333.0;513.9
17;2025-12-26;6;1126.6;1606.0;2125.2
17;2025-12-26;7;2999.2;4290.0;6417.0
17;2025-12-26;8;3739.9;5540.0;8091.2
17;2025-12-26;9;2708.0;3958.0;5183.9
17;2025-12-26;10;2224.0;3181.0;4490.4
17;2025-12-26;11;2211.4;3194.0;4393.4
17;2025-12-26;12;2178.9;3257.0;4778.6
17;2025-12-26;13;2157.2;3329.0;5033.6
17;2025-12-26;14;2132.9;3407.0;4991.6
17;2025-12-26;15;2533.2;3755.0;5845.3
17;2025-12-26;16;3005.8;4423.0;6584.5
17;2025-12-26;17;3410.8;4919.0;7114.4
17;2025-12-26;18;3171.7;4632.0;6286.6
17;2025-12-26;19;2492.3;3441.0;4570.3
17;2025-12-26;20;1852.6;2509.0;3247.6
17;2025-12-26;21;1191.5;1684.0;2329.5
17;2025-12-26;22;604.4;924.0;1339.9
17;2025-12-26;23;164.0;495.0;856.8
17;2025-12-27;0;0.0;228.0;432.0
17;2025-12-27;1;0.0;28.0;98.1
17;2025-12-27;2;0.0;0.0;0.0
17;2025-12-27;3;0.0;0.0;0.0
17;2025-12-27;4;0.0;5.0;14.8
17;2025-12-27;5;74.9;140.0;212.8
17;2025-12-27;6;316.4;600.0;798.3
17;2025-12-27;7;779.1;1271.0;1650.8
17;2025-12-27;8;1045.4;1826.0;2791.1
17;2025-12-27;9;1384.1;2322.0;3351.9
17;2025-12-27;10;1356.9;2585.0;3455.1
17;2025-12-27;11;1450.7;3074.0;4466.7
17;2025-12-27;12;1603.9;3435.0;5456.7
17;2025-12-27;13;1724.8;3641.0;5727.4
17;2025-12-27;14;2147.4;3699.0;6331.3
17;2025-12-27;15;2124.7;3708.0;5759.9
17;2025-12-27;16;2373.0;3716.0;6246.2
17;2025-12-27;17;2001.6;3514.0;5082.6
17;2025-12-27;18;1792.9;3183.0;4508.3
17;2025-12-27;19;1635.7;2626.0;3432.3
17;2025-12-27;20;1375.5;2038.0;2566.8
17;2025-12-27;21;1075.0;1479.0;2067.6
17;2025-12-27;22;589.6;932.0;1295.2
17;2025-12-27;23;138.8;484.0;747.9
17;2025-12-28;0;0.0;195.0;369.3
17;2025-12-28;1;0.0;28.0;77.7
17;2025-12-28;2;0.0;0.0;0.0
17;2025-12-28;3;0.0;0.0;0.0
17;2025-12-28;4;0.0;5.0;15.9
17;2025-12-28;5;46.0;109.0;202.0
17;2025-12-28;6;282.7;453.0;739.4
17;2025-12-28;7;588.6;833.0;1208.7
17;2025-12-28;8;927.5;1272.0;1807.9
17;2025-12-28;9;1141.9;1736.0;2603.1
17;2025-12-28;10;1216.1;2036.0;2961.4
17;2025-12-28;11;1607.0;2587.0;4026.8
17;2025-12-28;12;2050.8;2971.0;4471.7
17;2025-12-28;13;2198.4;3247.0;5028.9
17;2025-12-28;14;2433.2;3338.0;5135.4
17;2025-12-28;15;2254.9;3306.0;5319.1
17;2025-12-28;16;2130.9;3232.0;5251.7
17;2025-12-28;17;2023.9;3055.0;4631.0
17;2025-12-28;18;1752.0;2675.0;3856.2
17;2025-12-28;19;1447.7;2180.0;2795.4
17;2025-12-28;20;1070.9;1639.0;2436.2
17;2025-12-28;21;835.6;1178.0;1856.3
17;2025-12-28;22;470.8;739.0;1245.7
17;2025-12-28;23;140.8;326.0;558.9
17;2025-12-29;0;0.0;103.0;206.8
17;2025-12-29;1;0.0;10.0;29.3
17;2025-12-29;2;0.0;0.0;0.0
17;2025-12-29;3;0.0;0.0;0.0
17;2025-12-29;4;0.0;23.0;60.8
17;2025-12-29;5;169.8;283.0;424.5
17;2025-12-29;6;819.0;1365.0;2047.5
17;2025-12-29;7;2188.8;3648.0;5526.1
17;2025-12-29;8;2856.0;4760.0;7434.6
17;2025-12-29;9;2010.6;3351.0;5026.5
17;2025-12-29;10;1573.2;2622.0;3933.0
17;2025-12-29;11;1546.8;2578.0;3867.0
17;2025-12-29;12;1569.6;2616.0;3924.0
17;2025-12-29;13;1600.8;2668.0;4002.0
17;2025-12-29;14;1644.0;2740.0;4198.3
17;2025-12-29;15;1712.4;2854.0;4524.7
17;2025-12-29;16;1930.2;3217.0;4914.9
17;2025-12-29;17;2376.0;3960.0;6016.2
17;2025-12-29;18;2587.2;4312.0;6468.0
17;2025-12-29;19;1808.4;3014.0;4521.0
17;2025-12-29;20;1252.8;2088.0;3132.0
17;2025-12-29;21;779.4;1299.0;1948.5
17;2025-12-29;22;405.6;676.0;1014.0
17;2025-12-29;23;107.0;322.0;527.0
17;2025-12-30;0;0.0;103.0;206.8
17;2025-12-30;1;0.0;10.0;29.3
17;2025-12-30;2;0.0;0.0;0.0
17;2025-12-30;3;0.0;0.0;0.0
17;2025-12-30;4;0.0;23.0;60.8
17;2025-12-30;5;169.8;283.0;424.5
17;2025-12-30;6;819.0;1365.0;2047.5
17;2025-12-30;7;2188.8;3648.0;5526.1
17;2025-12-30;8;2856.0;4760.0;7434.6
17;2025-12-30;9;2010.6;3351.0;5026.5
17;2025-12-30;10;1573.2;2622.0;3933.0
17;2025-12-30;11;1546.8;2578.0;3867.0
17;2025-12-30;12;1569.6;2616.0;3924.0
17;2025-12-30;13;1600.8;2668.0;4002.0
17;2025-12-30;14;1644.0;2740.0;4198.3
17;2025-12-30;15;1712.4;2854.0;4524.7
17;2025-12-30;16;1930.2;3217.0;4914.9
17;2025-12-30;17;2376.0;3960.0;6016.2
17;2025-12-30;18;2587.2;4312.0;6468.0
17;2025-12-30;19;1808.4;3014.0;4521.0
17;2025-12-30;20;1252.8;2088.0;3132.0
17;2025-12-30;21;779.4;1299.0;1948.5
17;2025-12-30;22;405.6;676.0;1014.0
17;2025-12-30;23;107.0;322.0;527.0
17;2025-12-31;0;0.0;171.0;323.9
17;2025-12-31;1;0.0;27.0;74.9
17;2025-12-31;2;0.0;0.0;0.0
17;2025-12-31;3;0.0;0.0;0.0
17;2025-12-31;4;0.0;6.0;19.1
17;2025-12-31;5;47.3;112.0;207.6
17;2025-12-31;6;289.8;483.0;788.3
17;2025-12-31;7;598.2;997.0;1495.5
17;2025-12-31;8;888.6;1481.0;2221.5
17;2025-12-31;9;1126.8;1878.0;2817.0
17;2025-12-31;10;1246.0;2086.0;3129.0
17;2025-12-31;11;1475.4;2459.0;3827.5
17;2025-12-31;12;1653.6;2756.0;4148.1
17;2025-12-31;13;1795.2;2992.0;4634.0
17;2025-12-31;14;1777.8;2963.0;4558.5
17;2025-12-31;15;1794.6;2991.0;4812.3
17;2025-12-31;16;1812.6;3021.0;4908.8
17;2025-12-31;17;1661.4;2769.0;4197.4
17;2025-12-31;18;1493.4;2489.0;3733.5
17;2025-12-31;19;1202.4;2004.0;3006.0
17;2025-12-31;20;0.0;0.0;0.0
17;2025-12-31;21;0.0;0.0;0.0
17;2025-12-31;22;0.0;0.0;0.0
17;2025-12-31;23;0.0;0.0;0.0
25;2025-11-01;0;0.0;0.0;0.0
25;2025-11-01;1;0.0;0.0;0.0
25;2025-11-01;2;0.0;0.0;0.0
25;2025-11-01;3;0.0;0.0;0.0
25;2025-11-01;4;0.0;0.0;0.0
25;2025-11-01;5;7.5;10.0;15.8
25;2025-11-01;6;146.2;191.0;239.1
25;2025-11-01;7;411.1;508.0;624.6
25;2025-11-01;8;665.0;806.0;986.5
25;2025-11-01;9;342.5;425.0;510.2
25;2025-11-01;10;279.6;349.0;423.4
25;2025-11-01;11;303.4;402.0;488.1
25;2025-11-01;12;306.7;398.0;480.3
25;2025-11-01;13;377.8;501.0;634.3
25;2025-11-01;14;347.4;458.0;572.9
25;2025-11-01;15;463.9;581.0;733.7
25;2025-11-01;16;557.0;715.0;879.7
25;2025-11-01;17;577.2;720.0;859.7
25;2025-11-01;18;494.4;625.0;756.2
25;2025-11-01;19;387.7;491.0;612.6
25;2025-11-01;20;244.6;307.0;406.7
25;2025-11-01;21;157.4;204.0;266.6
25;2025-11-01;22;80.5;120.0;161.7
25;2025-11-01;23;5.9;14.0;21.4
25;2025-11-02;0;0.0;20.0;36.8
25;2025-11-02;1;0.0;0.0;0.0
25;2025-11-02;2;0.0;0.0;0.0
25;2025-11-02;3;0.0;0.0;0.0
25;2025-11-02;4;0.0;0.0;0.0
25;2025-11-02;5;3.9;8.0;13.3
25;2025-11-02;6;56.0;80.0;113.1
25;2025-11-02;7;83.6;118.0;153.5
25;2025-11-02;8;164.7;219.0;284.6
25;2025-11-02;9;177.2;247.0;314.6
25;2025-11-02;10;171.5;256.0;317.2
25;2025-11-02;11;233.5;348.0;443.8
25;2025-11-02;12;282.8;417.0;516.6
25;2025-11-02;13;355.2;520.0;658.4
25;2025-11-02;14;401.9;595.0;773.4
25;2025-11-02;15;474.4;684.0;902.2
25;2025-11-02;16;391.3;579.0;760.5
25;2025-11-02;17;376.4;552.0;713.5
25;2025-11-02;18;340.6;482.0;637.0
25;2025-11-02;19;265.8;371.0;503.7
25;2025-11-02;20;186.7;261.0;358.2
25;2025-11-02;21;143.0;197.0;284.7
25;2025-11-02;22;80.3;122.0;181.0
25;2025-11-02;23;25.6;44.0;70.2
25;2025-11-03;0;0.0;20.0;36.8
25;2025-11-03;1;0.0;0.0;0.0
25;2025-11-03;2;0.0;0.0;0.0
25;2025-11-03;3;0.0;0.0;0.0
25;2025-11-03;4;0.0;0.0;0.0
25;2025-11-03;5;3.9;8.0;13.3
25;2025-11-03;6;56.0;80.0;113.1
25;2025-11-03;7;83.6;118.0;153.5
25;2025-11-03;8;164.7;219.0;284.6
25;2025-11-03;9;177.2;247.0;314.6
25;2025-11-03;10;171.5;256.0;317.2
25;2025-11-03;11;233.5;348.0;443.8
25;2025-11-03;12;282.8;417.0;516.6
25;2025-11-03;13;355.2;520.0;658.4
25;2025-11-03;14;401.9;595.0;773.4
25;2025-11-03;15;474.4;684.0;902.2
25;2025-11-03;16;391.3;579.0;760.5
25;2025-11-03;17;376.4;552.0;713.5
25;2025-11-03;18;340.6;482.0;637.0
25;2025-11-03;19;265.8;371.0;503.7
25;2025-11-03;20;186.7;261.0;358.2
25;2025-11-03;21;143.0;197.0;284.7
25;2025-11-03;22;80.3;122.0;181.0
25;2025-11-03;23;25.6;44.0;70.2
25;2025-11-04;0;0.0;20.0;36.8
25;2025-11-04;1;0.0;0.0;0.0
25;2025-11-04;2;0.0;0.0;0.0
25;2025-11-04;3;0.0;0.0;0.0
25;2025-11-04;4;0.0;0.0;0.0
25;2025-11-04;5;3.9;8.0;13.3
25;2025-11-04;6;56.0;80.0;113.1
25;2025-11-04;7;83.6;118.0;153.5
25;2025-11-04;8;164.7;219.0;284.6
25;2025-11-04;9;177.2;247.0;314.6
25;2025-11-04;10;171.5;256.0;317.2
25;2025-11-04;11;233.5;348.0;443.8
25;2025-11-04;12;282.8;417.0;516.6
25;2025-11-04;13;355.2;520.0;658.4
25;2025-11-04;14;401.9;595.0;773.4
25;2025-11-04;15;474.4;684.0;902.2
25;2025-11-04;16;391.3;579.0;760.5
25;2025-11-04;17;376.4;552.0;713.5
25;2025-11-04;18;340.6;482.0;637.0
25;2025-11-04;19;265.8;371.0;503.7
25;2025-11-04;20;186.7;261.0;358.2
25;2025-11-04;21;143.0;197.0;284.7
25;2025-11-04;22;80.3;122.0;181.0
25;2025-11-04;23;25.6;44.0;70.2
25;2025-11-05;0;0.0;4.0;7.8
25;2025-11-05;1;0.0;0.0;0.0
25;2025-11-05;2;0.0;0.0;0.0
25;2025-11-05;3;0.0;0.0;0.0
25;2025-11-05;4;0.0;0.0;0.0
25;2025-11-05;5;10.6;14.0;19.5
25;2025-11-05;6;169.8;209.0;256.4
25;2025-11-05;7;471.8;565.0;661.9
25;2025-11-05;8;798.3;962.0;1142.0
25;2025-11-05;9;421.2;502.0;587.5
25;2025-11-05;10;311.3;383.0;453.4
25;2025-11-05;11;349.3;434.0;520.2
25;2025-11-05;12;340.7;425.0;516.4
25;2025-11-05;13;419.4;542.0;660.2
25;2025-11-05;14;359.2;468.0;572.9
25;2025-11-05;15;425.8;559.0;689.1
25;2025-11-05;16;550.4;692.0;839.8
25;2025-11-05;17;633.9;773.0;915.7
25;2025-11-05;18;681.5;825.0;986.7
25;2025-11-05;19;449.1;558.0;688.1
25;2025-11-05;20;273.5;338.0;410.8
25;2025-11-05;21;175.4;224.0;289.3
25;2025-11-05;22;81.5;114.0;154.1
25;2025-11-05;23;4.3;11.0;16.7
25;2025-11-06;0;0.0;4.0;7.8
25;2025-11-06;1;0.0;0.0;0.0
25;2025-11-06;2;0.0;0.0;0.0
25;2025-11-06;3;0.0;0.0;0.0
25;2025-11-06;4;0.0;0.0;0.0
25;2025-11-06;5;10.6;14.0;19.5
25;2025-11-06;6;169.8;209.0;256.4
25;2025-11-06;7;471.8;565.0;661.9
25;2025-11-06;8;798.3;962.0;1142.0
25;2025-11-06;9;421.2;502.0;587.5
25;2025-11-06;10;311.3;383.0;453.4
25;2025-11-06;11;349.3;434.0;520.2
25;2025-11-06;12;340.7;425.0;516.4
25;2025-11-06;13;419.4;542.0;660.2
25;2025-11-06;14;359.2;468.0;572.9
25;2025-11-06;15;425.8;559.0;689.1
25;2025-11-06;16;550.4;692.0;839.8
25;2025-11-06;17;633.9;773.0;915.7
25;2025-11-06;18;681.5;825.0;986.7
25;2025-11-06;19;449.1;558.0;688.1
25;2025-11-06;20;273.5;338.0;410.8
25;2025-11-06;21;175.4;224.0;289.3
25;2025-11-06;22;81.5;114.0;154.1
25;2025-11-06;23;4.3;11.0;16.7
25;2025-11-07;0;0.0;0.0;0.0
25;2025-11-07;1;0.0;0.0;0.0
25;2025-11-07;2;0.0;0.0;0.0
25;2025-11-07;3;0.0;0.0;0.0
25;2025-11-07;4;0.0;0.0;0.0
25;2025-11-07;5;9.1;12.0;18.9
25;2025-11-07;6;183.0;239.0;299.2
25;2025-11-07;7;513.0;634.0;779.5
25;2025-11-07;8;831.7;1008.0;1233.7
25;2025-11-07;9;427.9;531.0;637.5
25;2025-11-07;10;349.3;436.0;528.9
25;2025-11-07;11;378.8;502.0;609.5
25;2025-11-07;12;383.7;498.0;601.0
25;2025-11-07;13;472.1;626.0;792.6
25;2025-11-07;14;433.9;572.0;715.5
25;2025-11-07;15;579.7;726.0;916.8
25;2025-11-07;16;697.3;895.0;1101.2
25;2025-11-07;17;722.3;901.0;1075.8
25;2025-11-07;18;617.8;781.0;944.9
25;2025-11-07;19;485.7;615.0;767.3
25;2025-11-07;20;306.0;384.0;508.7
25;2025-11-07;21;196.8;255.0;333.2
25;2025-11-07;22;100.6;150.0;202.1
25;2025-11-07;23;7.6;18.0;27.5
25;2025-11-08;0;0.0;5.0;9.1
25;2025-11-08;1;0.0;0.0;0.0
25;2025-11-08;2;0.0;0.0;0.0
25;2025-11-08;3;0.0;0.0;0.0
25;2025-11-08;4;0.0;0.0;0.0
25;2025-11-08;5;8.2;14.0;21.8
25;2025-11-08;6;63.9;97.0;136.3
25;2025-11-08;7;105.7;152.0;197.7
25;2025-11-08;8;215.9;333.0;437.7
25;2025-11-08;9;216.5;319.0;421.5
25;2025-11-08;10;204.4;315.0;401.2
25;2025-11-08;11;272.5;416.0;540.5
25;2025-11-08;12;281.9;441.0;566.2
25;2025-11-08;13;403.1;634.0;840.2
25;2025-11-08;14;432.5;647.0;864.1
25;2025-11-08;15;495.9;749.0;986.1
25;2025-11-08;16;461.9;687.0;901.6
25;2025-11-08;17;394.0;572.0;755.2
25;2025-11-08;18;399.7;541.0;727.8
25;2025-11-08;19;333.7;469.0;629.4
25;2025-11-08;20;207.9;295.0;420.5
25;2025-11-08;21;166.5;237.0;341.6
25;2025-11-08;22;96.3;146.0;219.2
25;2025-11-08;23;22.2;58.0;96.1
25;2025-11-09;0;0.0;20.0;36.8
25;2025-11-09;1;0.0;0.0;0.0
25;2025-11-09;2;0.0;0.0;0.0
25;2025-11-09;3;0.0;0.0;0.0
25;2025-11-09;4;0.0;0.0;0.0
25;2025-11-09;5;3.9;8.0;13.3
25;2025-11-09;6;56.0;80.0;113.1
25;2025-11-09;7;83.6;118.0;153.5
25;2025-11-09;8;164.7;219.0;284.6
25;2025-11-09;9;177.2;247.0;314.6
25;2025-11-09;10;171.5;256.0;317.2
25;2025-11-09;11;233.5;348.0;443.8
25;2025-11-09;12;282.8;417.0;516.6
25;2025-11-09;13;355.2;520.0;658.4
25;2025-11-09;14;401.9;595.0;773.4
25;2025-11-09;15;474.4;684.0;902.2
25;2025-11-09;16;391.3;579.0;760.5
25;2025-11-09;17;376.4;552.0;713.5
25;2025-11-09;18;340.6;482.0;637.0
25;2025-11-09;19;265.8;371.0;503.7
25;2025-11-09;20;186.7;261.0;358.2
25;2025-11-09;21;143.0;197.0;284.7
25;2025-11-09;22;80.3;122.0;181.0
25;2025-11-09;23;25.6;44.0;70.2
25;2025-11-10;0;0.0;4.0;7.8
25;2025-11-10;1;0.0;0.0;0.0
25;2025-11-10;2;0.0;0.0;0.0
25;2025-11-10;3;0.0;0.0;0.0
25;2025-11-10;4;0.0;0.0;0.0
25;2025-11-10;5;10.6;14.0;19.5
25;2025-11-10;6;169.8;209.0;256.4
25;2025-11-10;7;471.8;565.0;661.9
25;2025-11-10;8;798.3;962.0;1142.0
25;2025-11-10;9;421.2;502.0;587.5
25;2025-11-10;10;311.3;383.0;453.4
25;2025-11-10;11;349.3;434.0;520.2
25;2025-11-10;12;340.7;425.0;516.4
25;2025-11-10;13;419.4;542.0;660.2
25;2025-11-10;14;359.2;468.0;572.9
25;2025-11-10;15;425.8;559.0;689.1
25;2025-11-10;16;550.4;692.0;839.8
25;2025-11-10;17;633.9;773.0;915.7
25;2025-11-10;18;681.5;825.0;986.7
25;2025-11-10;19;449.1;558.0;688.1
25;2025-11-10;20;273.5;338.0;410.8
25;2025-11-10;21;175.4;224.0;289.3
25;2025-11-10;22;81.5;114.0;154.1
25;2025-11-10;23;4.3;11.0;16.7
25;2025-11-11;0;0.0;4.0;7.8
25;2025-11-11;1;0.0;0.0;0.0
25;2025-11-11;2;0.0;0.0;0.0
25;2025-11-11;3;0.0;0.0;0.0
25;2025-11-11;4;0.0;0.0;0.0
25;2025-11-11;5;10.6;14.0;19.5
25;2025-11-11;6;169.8;209.0;256.4
25;2025-11-11;7;471.8;565.0;661.9
25;2025-11-11;8;798.3;962.0;1142.0
25;2025-11-11;9;421.2;502.0;587.5
25;2025-11-11;10;311.3;383.0;453.4
25;2025-11-11;11;349.3;434.0;520.2
25;2025-11-11;12;340.7;425.0;516.4
25;2025-11-11;13;419.4;542.0;660.2
25;2025-11-11;14;359.2;468.0;572.9
25;2025-11-11;15;425.8;559.0;689.1
25;2025-11-11;16;550.4;692.0;839.8
25;2025-11-11;17;633.9;773.0;915.7
25;2025-11-11;18;681.5;825.0;986.7
25;2025-11-11;19;449.1;558.0;688.1
25;2025-11-11;20;273.5;338.0;410.8
25;2025-11-11;21;175.4;224.0;289.3
25;2025-11-11;22;81.5;114.0;154.1
25;2025-11-11;23;4.3;11.0;16.7
25;2025-11-12;0;0.0;4.0;7.8
25;2025-11-12;1;0.0;0.0;0.0
25;2025-11-12;2;0.0;0.0;0.0
25;2025-11-12;3;0.0;0.0;0.0
25;2025-11-12;4;0.0;0.0;0.0
25;2025-11-12;5;10.6;14.0;19.5
25;2025-11-12;6;169.8;209.0;256.4
25;2025-11-12;7;471.8;565.0;661.9
25;2025-11-12;8;798.3;962.0;1142.0
25;2025-11-12;9;421.2;502.0;587.5
25;2025-11-12;10;311.3;383.0;453.4
25;2025-11-12;11;349.3;434.0;520.2
25;2025-11-12;12;340.7;425.0;516.4
25;2025-11-12;13;419.4;542.0;660.2
25;2025-11-12;14;359.2;468.0;572.9
25;2025-11-12;15;425.8;559.0;689.1
25;2025-11-12;16;550.4;692.0;839.8
25;2025-11-12;17;633.9;773.0;915.7
25;2025-11-12;18;681.5;825.0;986.7
25;2025-11-12;19;449.1;558.0;688.1
25;2025-11-12;20;273.5;338.0;410.8
25;2025-11-12;21;175.4;224.0;289.3
25;2025-11-12;22;81.5;114.0;154.1
25;2025-11-12;23;4.3;11.0;16.7
25;2025-11-13;0;0.0;4.0;7.8
25;2025-11-13;1;0.0;0.0;0.0
25;2025-11-13;2;0.0;0.0;0.0
25;2025-11-13;3;0.0;0.0;0.0
25;2025-11-13;4;0.0;0.0;0.0
25;2025-11-13;5;10.6;14.0;19.5
25;2025-11-13;6;169.8;209.0;256.4
25;2025-11-13;7;471.8;565.0;661.9
25;2025-11-13;8;798.3;962.0;1142.0
25;2025-11-13;9;421.2;502.0;587.5
25;2025-11-13;10;311.3;383.0;453.4
25;2025-11-13;11;349.3;434.0;520.2
25;2025-11-13;12;340.7;425.0;516.4
25;2025-11-13;13;419.4;542.0;660.2
25;2025-11-13;14;359.2;468.0;572.9
25;2025-11-13;15;425.8;559.0;689.1
25;2025-11-13;16;550.4;692.0;839.8
25;2025-11-13;17;633.9;773.0;915.7
25;2025-11-13;18;681.5;825.0;986.7
25;2025-11-13;19;449.1;558.0;688.1
25;2025-11-13;20;273.5;338.0;410.8
25;2025-11-13;21;175.4;224.0;289.3
25;2025-11-13;22;81.5;114.0;154.1
25;2025-11-13;23;4.3;11.0;16.7
25;2025-11-14;0;0.0;0.0;0.0
25;2025-11-14;1;0.0;0.0;0.0
25;2025-11-14;2;0.0;0.0;0.0
25;2025-11-14;3;0.0;0.0;0.0
25;2025-11-14;4;0.0;0.0;0.0
25;2025-11-14;5;9.1;12.0;18.9
25;2025-11-14;6;183.0;239.0;299.2
25;2025-11-14;7;513.0;634.0;779.5
25;2025-11-14;8;831.7;1008.0;1233.7
25;2025-11-14;9;427.9;531.0;637.5
25;2025-11-14;10;349.3;436.0;528.9
25;2025-11-14;11;378.8;502.0;609.5
25;2025-11-14;12;383.7;498.0;601.0
25;2025-11-14;13;472.1;626.0;792.6
25;2025-11-14;14;433.9;572.0;715.5
25;2025-11-14;15;579.7;726.0;916.8
25;2025-11-14;16;697.3;895.0;1101.2
25;2025-11-14;17;722.3;901.0;1075.8
25;2025-11-14;18;617.8;781.0;944.9
25;2025-11-14;19;485.7;615.0;767.3
25;2025-11-14;20;306.0;384.0;508.7
25;2025-11-14;21;196.8;255.0;333.2
25;2025-11-14;22;100.6;150.0;202.1
25;2025-11-14;23;7.6;18.0;27.5
25;2025-11-15;0;0.0;5.0;10.0
25;2025-11-15;1;0.0;0.0;0.0
25;2025-11-15;2;0.0;0.0;0.0
25;2025-11-15;3;0.0;0.0;0.0
25;2025-11-15;4;0.0;0.0;0.0
25;2025-11-15;5;7.5;14.0;22.3
25;2025-11-15;6;59.9;97.0;134.0
25;2025-11-15;7;101.9;152.0;208.1
25;2025-11-15;8;217.6;333.0;462.1
25;2025-11-15;9;203.4;319.0;429.7
25;2025-11-15;10;196.1;315.0;420.2
25;2025-11-15;11;251.6;416.0;568.0
25;2025-11-15;12;261.0;441.0;589.1
25;2025-11-15;13;373.4;634.0;876.7
25;2025-11-15;14;425.6;647.0;922.3
25;2025-11-15;15;497.6;749.0;1034.8
25;2025-11-15;16;455.2;687.0;923.6
25;2025-11-15;17;374.6;572.0;764.3
25;2025-11-15;18;376.8;541.0;743.6
25;2025-11-15;19;331.7;469.0;638.7
25;2025-11-15;20;203.2;295.0;403.8
25;2025-11-15;21;158.7;237.0;333.1
25;2025-11-15;22;94.1;146.0;213.7
25;2025-11-15;23;21.0;58.0;92.9
25;2025-11-16;0;0.0;20.0;36.3
25;2025-11-16;1;0.0;0.0;0.0
25;2025-11-16;2;0.0;0.0;0.0
25;2025-11-16;3;0.0;0.0;0.0
25;2025-11-16;4;0.0;0.0;0.0
25;2025-11-16;5;3.6;8.0;14.2
25;2025-11-16;6;54.2;80.0;123.1
25;2025-11-16;7;81.2;118.0;159.2
25;2025-11-16;8;155.7;219.0;294.2
25;2025-11-16;9;167.1;247.0;321.3
25;2025-11-16;10;170.2;256.0;328.0
25;2025-11-16;11;220.5;348.0;452.4
25;2025-11-16;12;273.4;417.0;535.1
25;2025-11-16;13;343.9;520.0;678.8
25;2025-11-16;14;399.5;595.0;811.6
25;2025-11-16;15;463.4;684.0;930.2
25;2025-11-16;16;391.3;579.0;789.7
25;2025-11-16;17;368.9;552.0;734.7
25;2025-11-16;18;340.8;482.0;657.2
25;2025-11-16;19;258.0;371.0;523.2
25;2025-11-16;20;183.3;261.0;372.9
25;2025-11-16;21;138.8;197.0;280.4
25;2025-11-16;22;79.5;122.0;180.1
25;2025-11-16;23;24.6;44.0;73.5
25;2025-11-17;0;0.0;4.0;8.0
25;2025-11-17;1;0.0;0.0;0.0
25;2025-11-17;2;0.0;0.0;0.0
25;2025-11-17;3;0.0;0.0;0.0
25;2025-11-17;4;0.0;0.0;0.0
25;2025-11-17;5;10.5;14.0;19.9
25;2025-11-17;6;165.3;209.0;264.9
25;2025-11-17;7;448.9;565.0;731.7
25;2025-11-17;8;756.7;962.0;1263.8
25;2025-11-17;9;401.3;502.0;608.6
25;2025-11-17;10;294.3;383.0;471.1
25;2025-11-17;11;330.8;434.0;548.2
25;2025-11-17;12;320.8;425.0;545.1
25;2025-11-17;13;388.5;542.0;701.7
25;2025-11-17;14;335.3;468.0;611.6
25;2025-11-17;15;394.6;559.0;742.0
25;2025-11-17;16;506.8;692.0;899.8
25;2025-11-17;17;593.8;773.0;968.0
25;2025-11-17;18;655.3;825.0;1045.9
25;2025-11-17;19;436.0;558.0;725.5
25;2025-11-17;20;269.1;338.0;425.7
25;2025-11-17;21;169.3;224.0;289.2
25;2025-11-17;22;79.3;114.0;156.9
25;2025-11-17;23;4.0;11.0;17.1
25;2025-11-18;0;0.0;4.0;8.0
25;2025-11-18;1;0.0;0.0;0.0
25;2025-11-18;2;0.0;0.0;0.0
25;2025-11-18;3;0.0;0.0;0.0
25;2025-11-18;4;0.0;0.0;0.0
25;2025-11-18;5;10.5;14.0;19.9
25;2025-11-18;6;165.3;209.0;264.9
25;2025-11-18;7;448.9;565.0;731.7
25;2025-11-18;8;756.7;962.0;1263.8
25;2025-11-18;9;401.3;502.0;608.6
25;2025-11-18;10;294.3;383.0;471.1
25;2025-11-18;11;330.8;434.0;548.2
25;2025-11-18;12;320.8;425.0;545.1
25;2025-11-18;13;388.5;542.0;701.7
25;2025-11-18;14;335.3;468.0;611.6
25;2025-11-18;15;394.6;559.0;742.0
25;2025-11-18;16;506.8;692.0;899.8
25;2025-11-18;17;593.8;773.0;968.0
25;2025-11-18;18;655.3;825.0;1045.9
25;2025-11-18;19;436.0;558.0;725.5
25;2025-11-18;20;269.1;338.0;425.7
25;2025-11-18;21;169.3;224.0;289.2
25;2025-11-18;22;79.3;114.0;156.9
25;2025-11-18;23;4.0;11.0;17.1
25;2025-11-19;0;0.0;4.0;8.0
25;2025-11-19;1;0.0;0.0;0.0
25;2025-11-19;2;0.0;0.0;0.0
25;2025-11-19;3;0.0;0.0;0.0
25;2025-11-19;4;0.0;0.0;0.0
25;2025-11-19;5;10.5;14.0;19.9
25;2025-11-19;6;165.3;209.0;264.9
25;2025-11-19;7;448.9;565.0;731.7
25;2025-11-19;8;756.7;962.0;1263.8
25;2025-11-19;9;401.3;502.0;608.6
25;2025-11-19;10;294.3;383.0;471.1
25;2025-11-19;11;330.8;434.0;548.2
25;2025-11-19;12;320.8;425.0;545.1
25;2025-11-19;13;388.5;542.0;701.7
25;2025-11-19;14;335.3;468.0;611.6
25;2025-11-19;15;394.6;559.0;742.0
25;2025-11-19;16;506.8;692.0;899.8
25;2025-11-19;17;593.8;773.0;968.0
25;2025-11-19;18;655.3;825.0;1045.9
25;2025-11-19;19;436.0;558.0;725.5
25;2025-11-19;20;269.1;338.0;425.7
25;2025-11-19;21;169.3;224.0;289.2
25;2025-11-19;22;79.3;114.0;156.9
25;2025-11-19;23;4.0;11.0;17.1
25;2025-11-20;0;0.0;4.0;8.0
25;2025-11-20;1;0.0;0.0;0.0
25;2025-11-20;2;0.0;0.0;0.0
25;2025-11-20;3;0.0;0.0;0.0
25;2025-11-20;4;0.0;0.0;0.0
25;2025-11-20;5;10.5;14.0;19.9
25;2025-11-20;6;165.3;209.0;264.9
25;2025-11-20;7;448.9;565.0;731.7
25;2025-11-20;8;756.7;962.0;1263.8
25;2025-11-20;9;401.3;502.0;608.6
25;2025-11-20;10;294.3;383.0;471.1
25;2025-11-20;11;330.8;434.0;548.2
25;2025-11-20;12;320.8;425.0;545.1
25;2025-11-20;13;388.5;542.0;701.7
25;2025-11-20;14;335.3;468.0;611.6
25;2025-11-20;15;394.6;559.0;742.0
25;2025-11-20;16;506.8;692.0;899.8
25;2025-11-20;17;593.8;773.0;968.0
25;2025-11-20;18;655.3;825.0;1045.9
25;2025-11-20;19;436.0;558.0;725.5
25;2025-11-20;20;269.1;338.0;425.7
25;2025-11-20;21;169.3;224.0;289.2
25;2025-11-20;22;79.3;114.0;156.9
25;2025-11-20;23;4.0;11.0;17.1
25;2025-11-21;0;0.0;0.0;0.0
25;2025-11-21;1;0.0;0.0;0.0
25;2025-11-21;2;0.0;0.0;0.0
25;2025-11-21;3;0.0;0.0;0.0
25;2025-11-21;4;0.0;0.0;0.0
25;2025-11-21;5;8.9;12.0;17.7
25;2025-11-21;6;174.5;239.0;306.9
25;2025-11-21;7;490.6;634.0;849.3
25;2025-11-21;8;776.9;1008.0;1335.6
25;2025-11-21;9;410.8;531.0;650.8
25;2025-11-21;10;332.6;436.0;546.5
25;2025-11-21;11;361.0;502.0;629.5
25;2025-11-21;12;363.3;498.0;628.8
25;2025-11-21;13;451.3;626.0;834.5
25;2025-11-21;14;390.0;572.0;742.2
25;2025-11-21;15;526.5;726.0;942.7
25;2025-11-21;16;636.5;895.0;1160.5
25;2025-11-21;17;667.6;901.0;1149.8
25;2025-11-21;18;597.2;781.0;978.3
25;2025-11-21;19;477.7;615.0;786.8
25;2025-11-21;20;300.9;384.0;502.5
25;2025-11-21;21;191.0;255.0;344.5
25;2025-11-21;22;97.6;150.0;205.8
25;2025-11-21;23;6.8;18.0;28.1
25;2025-11-22;0;0.0;5.0;10.0
25;2025-11-22;1;0.0;0.0;0.0
25;2025-11-22;2;0.0;0.0;0.0
25;2025-11-22;3;0.0;0.0;0.0
25;2025-11-22;4;0.0;0.0;0.0
25;2025-11-22;5;7.5;14.0;22.3
25;2025-11-22;6;59.9;97.0;134.0
25;2025-11-22;7;101.9;152.0;208.1
25;2025-11-22;8;217.6;333.0;462.1
25;2025-11-22;9;203.4;319.0;429.7
25;2025-11-22;10;196.1;315.0;420.2
25;2025-11-22;11;251.6;416.0;568.0
25;2025-11-22;12;261.0;441.0;589.1
25;2025-11-22;13;373.4;634.0;876.7
25;2025-11-22;14;425.6;647.0;922.3
25;2025-11-22;15;497.6;749.0;1034.8
25;2025-11-22;16;455.2;687.0;923.6
25;2025-11-22;17;374.6;572.0;764.3
25;2025-11-22;18;376.8;541.0;743.6
25;2025-11-22;19;331.7;469.0;638.7
25;2025-11-22;20;203.2;295.0;403.8
25;2025-11-22;21;158.7;237.0;333.1
25;2025-11-22;22;94.1;146.0;213.7
25;2025-11-22;23;21.0;58.0;92.9
25;2025-11-23;0;0.0;20.0;36.3
25;2025-11-23;1;0.0;0.0;0.0
25;2025-11-23;2;0.0;0.0;0.0
25;2025-11-23;3;0.0;0.0;0.0
25;2025-11-23;4;0.0;0.0;0.0
25;2025-11-23;5;3.6;8.0;14.2
25;2025-11-23;6;54.2;80.0;123.1
25;2025-11-23;7;81.2;118.0;159.2
25;2025-11-23;8;155.7;219.0;294.2
25;2025-11-23;9;167.1;247.0;321.3
25;2025-11-23;10;170.2;256.0;328.0
25;2025-11-23;11;220.5;348.0;452.4
25;2025-11-23;12;273.4;417.0;535.1
25;2025-11-23;13;343.9;520.0;678.8
25;2025-11-23;14;399.5;595.0;811.6
25;2025-11-23;15;463.4;684.0;930.2
25;2025-11-23;16;391.3;579.0;789.7
25;2025-11-23;17;368.9;552.0;734.7
25;2025-11-23;18;340.8;482.0;657.2
25;2025-11-23;19;258.0;371.0;523.2
25;2025-11-23;20;183.3;261.0;372.9
25;2025-11-23;21;138.8;197.0;280.4
25;2025-11-23;22;79.5;122.0;180.1
25;2025-11-23;23;24.6;44.0;73.5
25;2025-11-24;0;0.0;4.0;8.0
25;2025-11-24;1;0.0;0.0;0.0
25;2025-11-24;2;0.0;0.0;0.0
25;2025-11-24;3;0.0;0.0;0.0
25;2025-11-24;4;0.0;0.0;0.0
25;2025-11-24;5;10.5;14.0;19.9
25;2025-11-24;6;165.3;209.0;264.9
25;2025-11-24;7;448.9;565.0;731.7
25;2025-11-24;8;756.7;962.0;1263.8
25;2025-11-24;9;401.3;502.0;608.6
25;2025-11-24;10;294.3;383.0;471.1
25;2025-11-24;11;330.8;434.0;548.2
25;2025-11-24;12;320.8;425.0;545.1
25;2025-11-24;13;388.5;542.0;701.7
25;2025-11-24;14;335.3;468.0;611.6
25;2025-11-24;15;394.6;559.0;742.0
25;2025-11-24;16;506.8;692.0;899.8
25;2025-11-24;17;593.8;773.0;968.0
25;2025-11-24;18;655.3;825.0;1045.9
25;2025-11-24;19;436.0;558.0;725.5
25;2025-11-24;20;269.1;338.0;425.7
25;2025-11-24;21;169.3;224.0;289.2
25;2025-11-24;22;79.3;114.0;156.9
25;2025-11-24;23;4.0;11.0;17.1
25;2025-11-25;0;0.0;4.0;8.0
25;2025-11-25;1;0.0;0.0;0.0
25;2025-11-25;2;0.0;0.0;0.0
25;2025-11-25;3;0.0;0.0;0.0
25;2025-11-25;4;0.0;0.0;0.0
25;2025-11-25;5;10.5;14.0;19.9
25;2025-11-25;6;165.3;209.0;264.9
25;2025-11-25;7;448.9;565.0;731.7
25;2025-11-25;8;756.7;962.0;1263.8
25;2025-11-25;9;401.3;502.0;608.6
25;2025-11-25;10;294.3;383.0;471.1
25;2025-11-25;11;330.8;434.0;548.2
25;2025-11-25;12;320.8;425.0;545.1
25;2025-11-25;13;388.5;542.0;701.7
25;2025-11-25;14;335.3;468.0;611.6
25;2025-11-25;15;394.6;559.0;742.0
25;2025-11-25;16;506.8;692.0;899.8
25;2025-11-25;17;593.8;773.0;968.0
25;2025-11-25;18;655.3;825.0;1045.9
25;2025-11-25;19;436.0;558.0;725.5
25;2025-11-25;20;269.1;338.0;425.7
25;2025-11-25;21;169.3;224.0;289.2
25;2025-11-25;22;79.3;114.0;156.9
25;2025-11-25;23;4.0;11.0;17.1
25;2025-11-26;0;0.0;4.0;8.0
25;2025-11-26;1;0.0;0.0;0.0
25;2025-11-26;2;0.0;0.0;0.0
25;2025-11-26;3;0.0;0.0;0.0
25;2025-11-26;4;0.0;0.0;0.0
25;2025-11-26;5;10.5;14.0;19.9
25;2025-11-26;6;165.3;209.0;264.9
25;2025-11-26;7;448.9;565.0;731.7
25;2025-11-26;8;756.7;962.0;1263.8
25;2025-11-26;9;401.3;502.0;608.6
25;2025-11-26;10;294.3;383.0;471.1
25;2025-11-26;11;330.8;434.0;548.2
25;2025-11-26;12;320.8;425.0;545.1
25;2025-11-26;13;388.5;542.0;701.7
25;2025-11-26;14;335.3;468.0;611.6
25;2025-11-26;15;394.6;559.0;742.0
25;2025-11-26;16;506.8;692.0;899.8
25;2025-11-26;17;593.8;773.0;968.0
25;2025-11-26;18;655.3;825.0;1045.9
25;2025-11-26;19;436.0;558.0;725.5
25;2025-11-26;20;269.1;338.0;425.7
25;2025-11-26;21;169.3;224.0;289.2
25;2025-11-26;22;79.3;114.0;156.9
25;2025-11-26;23;4.0;11.0;17.1
25;2025-11-27;0;0.0;4.0;8.0
25;2025-11-27;1;0.0;0.0;0.0
25;2025-11-27;2;0.0;0.0;0.0
25;2025-11-27;3;0.0;0.0;0.0
25;2025-11-27;4;0.0;0.0;0.0
25;2025-11-27;5;10.5;14.0;19.9
25;2025-11-27;6;165.3;209.0;264.9
25;2025-11-27;7;448.9;565.0;731.7
25;2025-11-27;8;756.7;962.0;1263.8
25;2025-11-27;9;401.3;502.0;608.6
25;2025-11-27;10;294.3;383.0;471.1
25;2025-11-27;11;330.8;434.0;548.2
25;2025-11-27;12;320.8;425.0;545.1
25;2025-11-27;13;388.5;542.0;701.7
25;2025-11-27;14;335.3;468.0;611.6
25;2025-11-27;15;394.6;559.0;742.0
25;2025-11-27;16;506.8;692.0;899.8
25;2025-11-27;17;593.8;773.0;968.0
25;2025-11-27;18;655.3;825.0;1045.9
25;2025-11-27;19;436.0;558.0;725.5
25;2025-11-27;20;269.1;338.0;425.7
25;2025-11-27;21;169.3;224.0;289.2
25;2025-11-27;22;79.3;114.0;156.9
25;2025-11-27;23;4.0;11.0;17.1
25;2025-11-28;0;0.0;0.0;0.0
25;2025-11-28;1;0.0;0.0;0.0
25;2025-11-28;2;0.0;0.0;0.0
25;2025-11-28;3;0.0;0.0;0.0
25;2025-11-28;4;0.0;0.0;0.0
25;2025-11-28;5;8.9;12.0;17.7
25;2025-11-28;6;174.5;239.0;306.9
25;2025-11-28;7;490.6;634.0;849.3
25;2025-11-28;8;776.9;1008.0;1335.6
25;2025-11-28;9;410.8;531.0;650.8
25;2025-11-28;10;332.6;436.0;546.5
25;2025-11-28;11;361.0;502.0;629.5
25;2025-11-28;12;363.3;498.0;628.8
25;2025-11-28;13;451.3;626.0;834.5
25;2025-11-28;14;390.0;572.0;742.2
25;2025-11-28;15;526.5;726.0;942.7
25;2025-11-28;16;636.5;895.0;1160.5
25;2025-11-28;17;667.6;901.0;1149.8
25;2025-11-28;18;597.2;781.0;978.3
25;2025-11-28;19;477.7;615.0;786.8
25;2025-11-28;20;300.9;384.0;502.5
25;2025-11-28;21;191.0;255.0;344.5
25;2025-11-28;22;97.6;150.0;205.8
25;2025-11-28;23;6.8;18.0;28.1
25;2025-11-29;0;0.0;5.0;9.7
25;2025-11-29;1;0.0;0.0;0.0
25;2025-11-29;2;0.0;0.0;0.0
25;2025-11-29;3;0.0;0.0;0.0
25;2025-11-29;4;0.0;0.0;0.0
25;2025-11-29;5;7.8;14.0;21.5
25;2025-11-29;6;60.5;97.0;137.7
25;2025-11-29;7;99.0;152.0;214.0
25;2025-11-29;8;210.2;333.0;482.6
25;2025-11-29;9;207.1;319.0;433.2
25;2025-11-29;10;201.3;315.0;434.1
25;2025-11-29;11;256.0;416.0;598.7
25;2025-11-29;12;262.2;441.0;627.5
25;2025-11-29;13;371.8;634.0;926.8
25;2025-11-29;14;397.7;647.0;953.8
25;2025-11-29;15;456.6;749.0;1051.4
25;2025-11-29;16;432.8;687.0;1002.4
25;2025-11-29;17;364.3;572.0;792.3
25;2025-11-29;18;351.9;541.0;772.9
25;2025-11-29;19;312.2;469.0;634.1
25;2025-11-29;20;197.8;295.0;418.0
25;2025-11-29;21;152.1;237.0;334.5
25;2025-11-29;22;86.6;146.0;218.4
25;2025-11-29;23;20.9;58.0;96.4
25;2025-11-30;0;0.0;20.0;37.8
25;2025-11-30;1;0.0;0.0;0.0
25;2025-11-30;2;0.0;0.0;0.0
25;2025-11-30;3;0.0;0.0;0.0
25;2025-11-30;4;0.0;0.0;0.0
25;2025-11-30;5;3.8;8.0;13.6
25;2025-11-30;6;53.6;80.0;117.1
25;2025-11-30;7;84.3;118.0;163.9
25;2025-11-30;8;154.9;219.0;286.1
25;2025-11-30;9;165.0;247.0;327.1
25;2025-11-30;10;157.7;256.0;331.3
25;2025-11-30;11;206.1;348.0;461.1
25;2025-11-30;12;249.3;417.0;547.7
25;2025-11-30;13;300.5;520.0;697.0
25;2025-11-30;14;354.0;595.0;808.2
25;2025-11-30;15;435.6;684.0;932.1
25;2025-11-30;16;366.5;579.0;813.2
25;2025-11-30;17;356.2;552.0;765.8
25;2025-11-30;18;312.8;482.0;673.0
25;2025-11-30;19;241.0;371.0;496.8
25;2025-11-30;20;165.3;261.0;359.0
25;2025-11-30;21;130.9;197.0;275.6
25;2025-11-30;22;77.6;122.0;177.1
25;2025-11-30;23;24.8;44.0;71.8
25;2025-12-01;0;0.0;4.0;7.9
25;2025-12-01;1;0.0;0.0;0.0
25;2025-12-01;2;0.0;0.0;0.0
25;2025-12-01;3;0.0;0.0;0.0
25;2025-12-01;4;0.0;0.0;0.0
25;2025-12-01;5;10.4;14.0;20.4
25;2025-12-01;6;161.1;209.0;270.6
25;2025-12-01;7;435.8;565.0;801.1
25;2025-12-01;8;716.6;962.0;1356.2
25;2025-12-01;9;384.9;502.0;643.2
25;2025-12-01;10;287.2;383.0;490.5
25;2025-12-01;11;316.7;434.0;575.2
25;2025-12-01;12;300.2;425.0;560.2
25;2025-12-01;13;366.2;542.0;742.2
25;2025-12-01;14;322.9;468.0;656.6
25;2025-12-01;15;370.4;559.0;796.3
25;2025-12-01;16;482.3;692.0;969.2
25;2025-12-01;17;574.9;773.0;1053.9
25;2025-12-01;18;633.7;825.0;1103.6
25;2025-12-01;19;426.6;558.0;742.3
25;2025-12-01;20;259.7;338.0;435.8
25;2025-12-01;21;167.9;224.0;291.2
25;2025-12-01;22;79.0;114.0;156.8
25;2025-12-01;23;3.9;11.0;17.3
25;2025-12-02;0;0.0;4.0;7.9
25;2025-12-02;1;0.0;0.0;0.0
25;2025-12-02;2;0.0;0.0;0.0
25;2025-12-02;3;0.0;0.0;0.0
25;2025-12-02;4;0.0;0.0;0.0
25;2025-12-02;5;10.4;14.0;20.4
25;2025-12-02;6;161.1;209.0;270.6
25;2025-12-02;7;435.8;565.0;801.1
25;2025-12-02;8;716.6;962.0;1356.2
25;2025-12-02;9;384.9;502.0;643.2
25;2025-12-02;10;287.2;383.0;490.5
25;2025-12-02;11;316.7;434.0;575.2
25;2025-12-02;12;300.2;425.0;560.2
25;2025-12-02;13;366.2;542.0;742.2
25;2025-12-02;14;322.9;468.0;656.6
25;2025-12-02;15;370.4;559.0;796.3
25;2025-12-02;16;482.3;692.0;969.2
25;2025-12-02;17;574.9;773.0;1053.9
25;2025-12-02;18;633.7;825.0;1103.6
25;2025-12-02;19;426.6;558.0;742.3
25;2025-12-02;20;259.7;338.0;435.8
25;2025-12-02;21;167.9;224.0;291.2
25;2025-12-02;22;79.0;114.0;156.8
25;2025-12-02;23;3.9;11.0;17.3
25;2025-12-03;0;0.0;4.0;7.9
25;2025-12-03;1;0.0;0.0;0.0
25;2025-12-03;2;0.0;0.0;0.0
25;2025-12-03;3;0.0;0.0;0.0
25;2025-12-03;4;0.0;0.0;0.0
25;2025-12-03;5;10.4;14.0;20.4
25;2025-12-03;6;161.1;209.0;270.6
25;2025-12-03;7;435.8;565.0;801.1
25;2025-12-03;8;716.6;962.0;1356.2
25;2025-12-03;9;384.9;502.0;643.2
25;2025-12-03;10;287.2;383.0;490.5
25;2025-12-03;11;316.7;434.0;575.2
25;2025-12-03;12;300.2;425.0;560.2
25;2025-12-03;13;366.2;542.0;742.2
25;2025-12-03;14;322.9;468.0;656.6
25;2025-12-03;15;370.4;559.0;796.3
25;2025-12-03;16;482.3;692.0;969.2
25;2025-12-03;17;574.9;773.0;1053.9
25;2025-12-03;18;633.7;825.0;1103.6
25;2025-12-03;19;426.6;558.0;742.3
25;2025-12-03;20;259.7;338.0;435.8
25;2025-12-03;21;167.9;224.0;291.2
25;2025-12-03;22;79.0;114.0;156.8
25;2025-12-03;23;3.9;11.0;17.3
25;2025-12-04;0;0.0;4.0;7.9
25;2025-12-04;1;0.0;0.0;0.0
25;2025-12-04;2;0.0;0.0;0.0
25;2025-12-04;3;0.0;0.0;0.0
25;2025-12-04;4;0.0;0.0;0.0
25;2025-12-04;5;10.4;14.0;20.4
25;2025-12-04;6;161.1;209.0;270.6
25;2025-12-04;7;435.8;565.0;801.1
25;2025-12-04;8;716.6;962.0;1356.2
25;2025-12-04;9;384.9;502.0;643.2
25;2025-12-04;10;287.2;383.0;490.5
25;2025-12-04;11;316.7;434.0;575.2
25;2025-12-04;12;300.2;425.0;560.2
25;2025-12-04;13;366.2;542.0;742.2
25;2025-12-04;14;322.9;468.0;656.6
25;2025-12-04;15;370.4;559.0;796.3
25;2025-12-04;16;482.3;692.0;969.2
25;2025-12-04;17;574.9;773.0;1053.9
25;2025-12-04;18;633.7;825.0;1103.6
25;2025-12-04;19;426.6;558.0;742.3
25;2025-12-04;20;259.7;338.0;435.8
25;2025-12-04;21;167.9;224.0;291.2
25;2025-12-04;22;79.0;114.0;156.8
25;2025-12-04;23;3.9;11.0;17.3
25;2025-12-05;0;0.0;0.0;0.0
25;2025-12-05;1;0.0;0.0;0.0
25;2025-12-05;2;0.0;0.0;0.0
25;2025-12-05;3;0.0;0.0;0.0
25;2025-12-05;4;0.0;0.0;0.0
25;2025-12-05;5;8.6;12.0;18.0
25;2025-12-05;6;161.2;239.0;308.5
25;2025-12-05;7;454.9;634.0;915.5
25;2025-12-05;8;727.8;1008.0;1426.0
25;2025-12-05;9;385.1;531.0;671.5
25;2025-12-05;10;313.2;436.0;580.3
25;2025-12-05;11;336.7;502.0;641.0
25;2025-12-05;12;339.6;498.0;667.7
25;2025-12-05;13;420.8;626.0;906.4
25;2025-12-05;14;374.1;572.0;818.9
25;2025-12-05;15;507.8;726.0;1033.4
25;2025-12-05;16;622.7;895.0;1240.1
25;2025-12-05;17;640.3;901.0;1248.6
25;2025-12-05;18;573.8;781.0;1044.7
25;2025-12-05;19;465.7;615.0;826.7
25;2025-12-05;20;295.0;384.0;506.6
25;2025-12-05;21;185.6;255.0;348.2
25;2025-12-05;22;95.9;150.0;214.8
25;2025-12-05;23;6.5;18.0;29.3
25;2025-12-06;0;0.0;5.0;9.7
25;2025-12-06;1;0.0;0.0;0.0
25;2025-12-06;2;0.0;0.0;0.0
25;2025-12-06;3;0.0;0.0;0.0
25;2025-12-06;4;0.0;0.0;0.0
25;2025-12-06;5;7.8;14.0;21.5
25;2025-12-06;6;60.5;97.0;137.7
25;2025-12-06;7;99.0;152.0;214.0
25;2025-12-06;8;210.2;333.0;482.6
25;2025-12-06;9;207.1;319.0;433.2
25;2025-12-06;10;201.3;315.0;434.1
25;2025-12-06;11;256.0;416.0;598.7
25;2025-12-06;12;262.2;441.0;627.5
25;2025-12-06;13;371.8;634.0;926.8
25;2025-12-06;14;397.7;647.0;953.8
25;2025-12-06;15;456.6;749.0;1051.4
25;2025-12-06;16;432.8;687.0;1002.4
25;2025-12-06;17;364.3;572.0;792.3
25;2025-12-06;18;351.9;541.0;772.9
25;2025-12-06;19;312.2;469.0;634.1
25;2025-12-06;20;197.8;295.0;418.0
25;2025-12-06;21;152.1;237.0;334.5
25;2025-12-06;22;86.6;146.0;218.4
25;2025-12-06;23;20.9;58.0;96.4
25;2025-12-07;0;0.0;20.0;37.8
25;2025-12-07;1;0.0;0.0;0.0
25;2025-12-07;2;0.0;0.0;0.0
25;2025-12-07;3;0.0;0.0;0.0
25;2025-12-07;4;0.0;0.0;0.0
25;2025-12-07;5;3.8;8.0;13.6
25;2025-12-07;6;53.6;80.0;117.1
25;2025-12-07;7;84.3;118.0;163.9
25;2025-12-07;8;154.9;219.0;286.1
25;2025-12-07;9;165.0;247.0;327.1
25;2025-12-07;10;157.7;256.0;331.3
25;2025-12-07;11;206.1;348.0;461.1
25;2025-12-07;12;249.3;417.0;547.7
25;2025-12-07;13;300.5;520.0;697.0
25;2025-12-07;14;354.0;595.0;808.2
25;2025-12-07;15;435.6;684.0;932.1
25;2025-12-07;16;366.5;579.0;813.2
25;2025-12-07;17;356.2;552.0;765.8
25;2025-12-07;18;312.8;482.0;673.0
25;2025-12-07;19;241.0;371.0;496.8
25;2025-12-07;20;165.3;261.0;359.0
25;2025-12-07;21;130.9;197.0;275.6
25;2025-12-07;22;77.6;122.0;177.1
25;2025-12-07;23;24.8;44.0;71.8
25;2025-12-08;0;0.0;4.0;7.9
25;2025-12-08;1;0.0;0.0;0.0
25;2025-12-08;2;0.0;0.0;0.0
25;2025-12-08;3;0.0;0.0;0.0
25;2025-12-08;4;0.0;0.0;0.0
25;2025-12-08;5;10.4;14.0;20.4
25;2025-12-08;6;161.1;209.0;270.6
25;2025-12-08;7;435.8;565.0;801.1
25;2025-12-08;8;716.6;962.0;1356.2
25;2025-12-08;9;384.9;502.0;643.2
25;2025-12-08;10;287.2;383.0;490.5
25;2025-12-08;11;316.7;434.0;575.2
25;2025-12-08;12;300.2;425.0;560.2
25;2025-12-08;13;366.2;542.0;742.2
25;2025-12-08;14;322.9;468.0;656.6
25;2025-12-08;15;370.4;559.0;796.3
25;2025-12-08;16;482.3;692.0;969.2
25;2025-12-08;17;574.9;773.0;1053.9
25;2025-12-08;18;633.7;825.0;1103.6
25;2025-12-08;19;426.6;558.0;742.3
25;2025-12-08;20;259.7;338.0;435.8
25;2025-12-08;21;167.9;224.0;291.2
25;2025-12-08;22;79.0;114.0;156.8
25;2025-12-08;23;3.9;11.0;17.3
25;2025-12-09;0;0.0;4.0;7.9
25;2025-12-09;1;0.0;0.0;0.0
25;2025-12-09;2;0.0;0.0;0.0
25;2025-12-09;3;0.0;0.0;0.0
25;2025-12-09;4;0.0;0.0;0.0
25;2025-12-09;5;10.4;14.0;20.4
25;2025-12-09;6;161.1;209.0;270.6
25;2025-12-09;7;435.8;565.0;801.1
25;2025-12-09;8;716.6;962.0;1356.2
25;2025-12-09;9;384.9;502.0;643.2
25;2025-12-09;10;287.2;383.0;490.5
25;2025-12-09;11;316.7;434.0;575.2
25;2025-12-09;12;300.2;425.0;560.2
25;2025-12-09;13;366.2;542.0;742.2
25;2025-12-09;14;322.9;468.0;656.6
25;2025-12-09;15;370.4;559.0;796.3
25;2025-12-09;16;482.3;692.0;969.2
25;2025-12-09;17;574.9;773.0;1053.9
25;2025-12-09;18;633.7;825.0;1103.6
25;2025-12-09;19;426.6;558.0;742.3
25;2025-12-09;20;259.7;338.0;435.8
25;2025-12-09;21;167.9;224.0;291.2
25;2025-12-09;22;79.0;114.0;156.8
25;2025-12-09;23;3.9;11.0;17.3
25;2025-12-10;0;0.0;4.0;7.9
25;2025-12-10;1;0.0;0.0;0.0
25;2025-12-10;2;0.0;0.0;0.0
25;2025-12-10;3;0.0;0.0;0.0
25;2025-12-10;4;0.0;0.0;0.0
25;2025-12-10;5;10.4;14.0;20.4
25;2025-12-10;6;161.1;209.0;270.6
25;2025-12-10;7;435.8;565.0;801.1
25;2025-12-10;8;716.6;962.0;1356.2
25;2025-12-10;9;384.9;502.0;643.2
25;2025-12-10;10;287.2;383.0;490.5
25;2025-12-10;11;316.7;434.0;575.2
25;2025-12-10;12;300.2;425.0;560.2
25;2025-12-10;13;366.2;542.0;742.2
25;2025-12-10;14;322.9;468.0;656.6
25;2025-12-10;15;370.4;559.0;796.3
25;2025-12-10;16;482.3;692.0;969.2
25;2025-12-10;17;574.9;773.0;1053.9
25;2025-12-10;18;633.7;825.0;1103.6
25;2025-12-10;19;426.6;558.0;742.3
25;2025-12-10;20;259.7;338.0;435.8
25;2025-12-10;21;167.9;224.0;291.2
25;2025-12-10;22;79.0;114.0;156.8
25;2025-12-10;23;3.9;11.0;17.3
25;2025-12-11;0;0.0;4.0;7.9
25;2025-12-11;1;0.0;0.0;0.0
25;2025-12-11;2;0.0;0.0;0.0
25;2025-12-11;3;0.0;0.0;0.0
25;2025-12-11;4;0.0;0.0;0.0
25;2025-12-11;5;10.4;14.0;20.4
25;2025-12-11;6;161.1;209.0;270.6
25;2025-12-11;7;435.8;565.0;801.1
25;2025-12-11;8;716.6;962.0;1356.2
25;2025-12-11;9;384.9;502.0;643.2
25;2025-12-11;10;287.2;383.0;490.5
25;2025-12-11;11;316.7;434.0;575.2
25;2025-12-11;12;300.2;425.0;560.2
25;2025-12-11;13;366.2;542.0;742.2
25;2025-12-11;14;322.9;468.0;656.6
25;2025-12-11;15;370.4;559.0;796.3
25;2025-12-11;16;482.3;692.0;969.2
25;2025-12-11;17;574.9;773.0;1053.9
25;2025-12-11;18;633.7;825.0;1103.6
25;2025-12-11;19;426.6;558.0;742.3
25;2025-12-11;20;259.7;338.0;435.8
25;2025-12-11;21;167.9;224.0;291.2
25;2025-12-11;22;79.0;114.0;156.8
25;2025-12-11;23;3.9;11.0;17.3
25;2025-12-12;0;0.0;0.0;0.0
25;2025-12-12;1;0.0;0.0;0.0
25;2025-12-12;2;0.0;0.0;0.0
25;2025-12-12;3;0.0;0.0;0.0
25;2025-12-12;4;0.0;0.0;0.0
25;2025-12-12;5;8.6;12.0;18.0
25;2025-12-12;6;161.2;239.0;308.5
25;2025-12-12;7;454.9;634.0;915.5
25;2025-12-12;8;727.8;1008.0;1426.0
25;2025-12-12;9;385.1;531.0;671.5
25;2025-12-12;10;313.2;436.0;580.3
25;2025-12-12;11;336.7;502.0;641.0
25;2025-12-12;12;339.6;498.0;667.7
25;2025-12-12;13;420.8;626.0;906.4
25;2025-12-12;14;374.1;572.0;818.9
25;2025-12-12;15;507.8;726.0;1033.4
25;2025-12-12;16;622.7;895.0;1240.1
25;2025-12-12;17;640.3;901.0;1248.6
25;2025-12-12;18;573.8;781.0;1044.7
25;2025-12-12;19;465.7;615.0;826.7
25;2025-12-12;20;295.0;384.0;506.6
25;2025-12-12;21;185.6;255.0;348.2
25;2025-12-12;22;95.9;150.0;214.8
25;2025-12-12;23;6.5;18.0;29.3
25;2025-12-13;0;0.0;5.0;9.3
25;2025-12-13;1;0.0;0.0;0.0
25;2025-12-13;2;0.0;0.0;0.0
25;2025-12-13;3;0.0;0.0;0.0
25;2025-12-13;4;0.0;0.0;0.0
25;2025-12-13;5;7.1;14.0;21.8
25;2025-12-13;6;57.8;97.0;140.1
25;2025-12-13;7;97.7;152.0;215.5
25;2025-12-13;8;198.8;333.0;498.0
25;2025-12-13;9;190.6;319.0;449.0
25;2025-12-13;10;186.6;315.0;447.0
25;2025-12-13;11;245.9;416.0;595.9
25;2025-12-13;12;240.3;441.0;646.2
25;2025-12-13;13;315.0;634.0;931.0
25;2025-12-13;14;388.0;647.0;973.0
25;2025-12-13;15;437.8;749.0;1097.0
25;2025-12-13;16;407.9;687.0;1012.4
25;2025-12-13;17;337.9;572.0;792.1
25;2025-12-13;18;333.4;541.0;778.3
25;2025-12-13;19;312.1;469.0;643.7
25;2025-12-13;20;194.9;295.0;388.2
25;2025-12-13;21;154.4;237.0;331.9
25;2025-12-13;22;90.8;146.0;212.3
25;2025-12-13;23;19.5;58.0;93.7
25;2025-12-14;0;0.0;20.0;37.0
25;2025-12-14;1;0.0;0.0;0.0
25;2025-12-14;2;0.0;0.0;0.0
25;2025-12-14;3;0.0;0.0;0.0
25;2025-12-14;4;0.0;0.0;0.0
25;2025-12-14;5;3.8;8.0;13.9
25;2025-12-14;6;54.7;80.0;121.9
25;2025-12-14;7;81.4;118.0;155.1
25;2025-12-14;8;157.0;219.0;282.3
25;2025-12-14;9;162.2;247.0;333.7
25;2025-12-14;10;161.2;256.0;341.2
25;2025-12-14;11;198.2;348.0;471.5
25;2025-12-14;12;256.4;417.0;563.1
25;2025-12-14;13;314.5;520.0;702.2
25;2025-12-14;14;361.2;595.0;835.2
25;2025-12-14;15;430.6;684.0;961.4
25;2025-12-14;16;356.2;579.0;828.1
25;2025-12-14;17;351.2;552.0;784.1
25;2025-12-14;18;315.7;482.0;674.0
25;2025-12-14;19;236.4;371.0;500.6
25;2025-12-14;20;173.8;261.0;359.2
25;2025-12-14;21;137.2;197.0;282.7
25;2025-12-14;22;80.1;122.0;177.3
25;2025-12-14;23;23.9;44.0;71.2
25;2025-12-15;0;0.0;4.0;7.8
25;2025-12-15;1;0.0;0.0;0.0
25;2025-12-15;2;0.0;0.0;0.0
25;2025-12-15;3;0.0;0.0;0.0
25;2025-12-15;4;0.0;0.0;0.0
25;2025-12-15;5;10.4;14.0;20.6
25;2025-12-15;6;156.2;209.0;274.4
25;2025-12-15;7;423.4;565.0;824.6
25;2025-12-15;8;679.6;962.0;1437.1
25;2025-12-15;9;374.5;502.0;668.3
25;2025-12-15;10;280.6;383.0;514.8
25;2025-12-15;11;307.6;434.0;601.3
25;2025-12-15;12;291.2;425.0;583.9
25;2025-12-15;13;358.5;542.0;779.7
25;2025-12-15;14;309.1;468.0;692.5
25;2025-12-15;15;361.3;559.0;852.1
25;2025-12-15;16;465.6;692.0;1016.7
25;2025-12-15;17;567.8;773.0;1117.7
25;2025-12-15;18;626.1;825.0;1143.3
25;2025-12-15;19;417.0;558.0;754.0
25;2025-12-15;20;260.3;338.0;435.7
25;2025-12-15;21;165.6;224.0;300.7
25;2025-12-15;22;78.4;114.0;161.5
25;2025-12-15;23;3.7;11.0;17.5
25;2025-12-16;0;0.0;4.0;7.8
25;2025-12-16;1;0.0;0.0;0.0
25;2025-12-16;2;0.0;0.0;0.0
25;2025-12-16;3;0.0;0.0;0.0
25;2025-12-16;4;0.0;0.0;0.0
25;2025-12-16;5;10.4;14.0;20.6
25;2025-12-16;6;156.2;209.0;274.4
25;2025-12-16;7;423.4;565.0;824.6
25;2025-12-16;8;679.6;962.0;1437.1
25;2025-12-16;9;374.5;502.0;668.3
25;2025-12-16;10;280.6;383.0;514.8
25;2025-12-16;11;307.6;434.0;601.3
25;2025-12-16;12;291.2;425.0;583.9
25;2025-12-16;13;358.5;542.0;779.7
25;2025-12-16;14;309.1;468.0;692.5
25;2025-12-16;15;361.3;559.0;852.1
25;2025-12-16;16;465.6;692.0;1016.7
25;2025-12-16;17;567.8;773.0;1117.7
25;2025-12-16;18;626.1;825.0;1143.3
25;2025-12-16;19;417.0;558.0;754.0
25;2025-12-16;20;260.3;338.0;435.7
25;2025-12-16;21;165.6;224.0;300.7
25;2025-12-16;22;78.4;114.0;161.5
25;2025-12-16;23;3.7;11.0;17.5
25;2025-12-17;0;0.0;4.0;7.8
25;2025-12-17;1;0.0;0.0;0.0
25;2025-12-17;2;0.0;0.0;0.0
25;2025-12-17;3;0.0;0.0;0.0
25;2025-12-17;4;0.0;0.0;0.0
25;2025-12-17;5;10.4;14.0;20.6
25;2025-12-17;6;156.2;209.0;274.4
25;2025-12-17;7;423.4;565.0;824.6
25;2025-12-17;8;679.6;962.0;1437.1
25;2025-12-17;9;374.5;502.0;668.3
25;2025-12-17;10;280.6;383.0;514.8
25;2025-12-17;11;307.6;434.0;601.3
25;2025-12-17;12;291.2;425.0;583.9
25;2025-12-17;13;358.5;542.0;779.7
25;2025-12-17;14;309.1;468.0;692.5
25;2025-12-17;15;361.3;559.0;852.1
25;2025-12-17;16;465.6;692.0;1016.7
25;2025-12-17;17;567.8;773.0;1117.7
25;2025-12-17;18;626.1;825.0;1143.3
25;2025-12-17;19;417.0;558.0;754.0
25;2025-12-17;20;260.3;338.0;435.7
25;2025-12-17;21;165.6;224.0;300.7
25;2025-12-17;22;78.4;114.0;161.5
25;2025-12-17;23;3.7;11.0;17.5
25;2025-12-18;0;0.0;4.0;7.8
25;2025-12-18;1;0.0;0.0;0.0
25;2025-12-18;2;0.0;0.0;0.0
25;2025-12-18;3;0.0;0.0;0.0
25;2025-12-18;4;0.0;0.0;0.0
25;2025-12-18;5;10.4;14.0;20.6
25;2025-12-18;6;156.2;209.0;274.4
25;2025-12-18;7;423.4;565.0;824.6
25;2025-12-18;8;679.6;962.0;1437.1
25;2025-12-18;9;374.5;502.0;668.3
25;2025-12-18;10;280.6;383.0;514.8
25;2025-12-18;11;307.6;434.0;601.3
25;2025-12-18;12;291.2;425.0;583.9
25;2025-12-18;13;358.5;542.0;779.7
25;2025-12-18;14;309.1;468.0;692.5
25;2025-12-18;15;361.3;559.0;852.1
25;2025-12-18;16;465.6;692.0;1016.7
25;2025-12-18;17;567.8;773.0;1117.7
25;2025-12-18;18;626.1;825.0;1143.3
25;2025-12-18;19;417.0;558.0;754.0
25;2025-12-18;20;260.3;338.0;435.7
25;2025-12-18;21;165.6;224.0;300.7
25;2025-12-18;22;78.4;114.0;161.5
25;2025-12-18;23;3.7;11.0;17.5
25;2025-12-19;0;0.0;0.0;0.0
25;2025-12-19;1;0.0;0.0;0.0
25;2025-12-19;2;0.0;0.0;0.0
25;2025-12-19;3;0.0;0.0;0.0
25;2025-12-19;4;0.0;0.0;0.0
25;2025-12-19;5;8.6;12.0;18.5
25;2025-12-19;6;167.7;239.0;316.3
25;2025-12-19;7;443.2;634.0;948.3
25;2025-12-19;8;680.5;1008.0;1472.2
25;2025-12-19;9;363.3;531.0;695.5
25;2025-12-19;10;304.8;436.0;615.5
25;2025-12-19;11;347.6;502.0;690.5
25;2025-12-19;12;333.2;498.0;730.7
25;2025-12-19;13;405.7;626.0;946.5
25;2025-12-19;14;358.1;572.0;838.0
25;2025-12-19;15;489.8;726.0;1130.1
25;2025-12-19;16;608.2;895.0;1332.4
25;2025-12-19;17;624.7;901.0;1303.1
25;2025-12-19;18;534.8;781.0;1060.0
25;2025-12-19;19;445.4;615.0;816.8
25;2025-12-19;20;283.5;384.0;497.0
25;2025-12-19;21;180.4;255.0;352.7
25;2025-12-19;22;98.1;150.0;217.5
25;2025-12-19;23;6.0;18.0;31.2
25;2025-12-20;0;0.0;5.0;9.3
25;2025-12-20;1;0.0;0.0;0.0
25;2025-12-20;2;0.0;0.0;0.0
25;2025-12-20;3;0.0;0.0;0.0
25;2025-12-20;4;0.0;0.0;0.0
25;2025-12-20;5;7.1;14.0;21.8
25;2025-12-20;6;57.8;97.0;140.1
25;2025-12-20;7;97.7;152.0;215.5
25;2025-12-20;8;198.8;333.0;498.0
25;2025-12-20;9;190.6;319.0;449.0
25;2025-12-20;10;186.6;315.0;447.0
25;2025-12-20;11;245.9;416.0;595.9
25;2025-12-20;12;240.3;441.0;646.2
25;2025-12-20;13;315.0;634.0;931.0
25;2025-12-20;14;388.0;647.0;973.0
25;2025-12-20;15;437.8;749.0;1097.0
25;2025-12-20;16;407.9;687.0;1012.4
25;2025-12-20;17;337.9;572.0;792.1
25;2025-12-20;18;333.4;541.0;778.3
25;2025-12-20;19;312.1;469.0;643.7
25;2025-12-20;20;194.9;295.0;388.2
25;2025-12-20;21;154.4;237.0;331.9
25;2025-12-20;22;90.8;146.0;212.3
25;2025-12-20;23;19.5;58.0;93.7
25;2025-12-21;0;0.0;20.0;37.0
25;2025-12-21;1;0.0;0.0;0.0
25;2025-12-21;2;0.0;0.0;0.0
25;2025-12-21;3;0.0;0.0;0.0
25;2025-12-21;4;0.0;0.0;0.0
25;2025-12-21;5;3.8;8.0;13.9
25;2025-12-21;6;54.7;80.0;121.9
25;2025-12-21;7;81.4;118.0;155.1
25;2025-12-21;8;157.0;219.0;282.3
25;2025-12-21;9;162.2;247.0;333.7
25;2025-12-21;10;161.2;256.0;341.2
25;2025-12-21;11;198.2;348.0;471.5
25;2025-12-21;12;256.4;417.0;563.1
25;2025-12-21;13;314.5;520.0;702.2
25;2025-12-21;14;361.2;595.0;835.2
25;2025-12-21;15;430.6;684.0;961.4
25;2025-12-21;16;356.2;579.0;828.1
25;2025-12-21;17;351.2;552.0;784.1
25;2025-12-21;18;315.7;482.0;674.0
25;2025-12-21;19;236.4;371.0;500.6
25;2025-12-21;20;173.8;261.0;359.2
25;2025-12-21;21;137.2;197.0;282.7
25;2025-12-21;22;80.1;122.0;177.3
25;2025-12-21;23;23.9;44.0;71.2
25;2025-12-22;0;0.0;4.0;7.8
25;2025-12-22;1;0.0;0.0;0.0
25;2025-12-22;2;0.0;0.0;0.0
25;2025-12-22;3;0.0;0.0;0.0
25;2025-12-22;4;0.0;0.0;0.0
25;2025-12-22;5;10.4;14.0;20.6
25;2025-12-22;6;156.2;209.0;274.4
25;2025-12-22;7;423.4;565.0;824.6
25;2025-12-22;8;679.6;962.0;1437.1
25;2025-12-22;9;374.5;502.0;668.3
25;2025-12-22;10;280.6;383.0;514.8
25;2025-12-22;11;307.6;434.0;601.3
25;2025-12-22;12;291.2;425.0;583.9
25;2025-12-22;13;358.5;542.0;779.7
25;2025-12-22;14;309.1;468.0;692.5
25;2025-12-22;15;361.3;559.0;852.1
25;2025-12-22;16;465.6;692.0;1016.7
25;2025-12-22;17;567.8;773.0;1117.7
25;2025-12-22;18;626.1;825.0;1143.3
25;2025-12-22;19;417.0;558.0;754.0
25;2025-12-22;20;260.3;338.0;435.7
25;2025-12-22;21;165.6;224.0;300.7
25;2025-12-22;22;78.4;114.0;161.5
25;2025-12-22;23;3.7;11.0;17.5
25;2025-12-23;0;0.0;4.0;7.8
25;2025-12-23;1;0.0;0.0;0.0
25;2025-12-23;2;0.0;0.0;0.0
25;2025-12-23;3;0.0;0.0;0.0
25;2025-12-23;4;0.0;0.0;0.0
25;2025-12-23;5;10.4;14.0;20.6
25;2025-12-23;6;156.2;209.0;274.4
25;2025-12-23;7;423.4;565.0;824.6
25;2025-12-23;8;679.6;962.0;1437.1
25;2025-12-23;9;374.5;502.0;668.3
25;2025-12-23;10;280.6;383.0;514.8
25;2025-12-23;11;307.6;434.0;601.3
25;2025-12-23;12;291.2;425.0;583.9
25;2025-12-23;13;358.5;542.0;779.7
25;2025-12-23;14;309.1;468.0;692.5
25;2025-12-23;15;361.3;559.0;852.1
25;2025-12-23;16;465.6;692.0;1016.7
25;2025-12-23;17;567.8;773.0;1117.7
25;2025-12-23;18;626.1;825.0;1143.3
25;2025-12-23;19;417.0;558.0;754.0
25;2025-12-23;20;260.3;338.0;435.7
25;2025-12-23;21;165.6;224.0;300.7
25;2025-12-23;22;78.4;114.0;161.5
25;2025-12-23;23;3.7;11.0;17.5
25;2025-12-24;0;0.0;4.0;7.8
25;2025-12-24;1;0.0;0.0;0.0
25;2025-12-24;2;0.0;0.0;0.0
25;2025-12-24;3;0.0;0.0;0.0
25;2025-12-24;4;0.0;0.0;0.0
25;2025-12-24;5;10.4;14.0;20.6
25;2025-12-24;6;156.2;209.0;274.4
25;2025-12-24;7;423.4;565.0;824.6
25;2025-12-24;8;679.6;962.0;1437.1
25;2025-12-24;9;374.5;502.0;668.3
25;2025-12-24;10;280.6;383.0;514.8
25;2025-12-24;11;307.6;434.0;601.3
25;2025-12-24;12;291.2;425.0;583.9
25;2025-12-24;13;358.5;542.0;779.7
25;2025-12-24;14;309.1;468.0;692.5
25;2025-12-24;15;361.3;559.0;852.1
25;2025-12-24;16;465.6;692.0;1016.7
25;2025-12-24;17;567.8;773.0;1117.7
25;2025-12-24;18;626.1;825.0;1143.3
25;2025-12-24;19;417.0;558.0;754.0
25;2025-12-24;20;260.3;338.0;435.7
25;2025-12-24;21;165.6;224.0;300.7
25;2025-12-24;22;78.4;114.0;161.5
25;2025-12-24;23;3.7;11.0;17.5
25;2025-12-25;0;0.0;4.0;7.8
25;2025-12-25;1;0.0;0.0;0.0
25;2025-12-25;2;0.0;0.0;0.0
25;2025-12-25;3;0.0;0.0;0.0
25;2025-12-25;4;0.0;0.0;0.0
25;2025-12-25;5;10.4;14.0;20.6
25;2025-12-25;6;156.2;209.0;274.4
25;2025-12-25;7;423.4;565.0;824.6
25;2025-12-25;8;679.6;962.0;1437.1
25;2025-12-25;9;374.5;502.0;668.3
25;2025-12-25;10;280.6;383.0;514.8
25;2025-12-25;11;307.6;434.0;601.3
25;2025-12-25;12;291.2;425.0;583.9
25;2025-12-25;13;358.5;542.0;779.7
25;2025-12-25;14;309.1;468.0;692.5
25;2025-12-25;15;361.3;559.0;852.1
25;2025-12-25;16;465.6;692.0;1016.7
25;2025-12-25;17;567.8;773.0;1117.7
25;2025-12-25;18;626.1;825.0;1143.3
25;2025-12-25;19;417.0;558.0;754.0
25;2025-12-25;20;260.3;338.0;435.7
25;2025-12-25;21;165.6;224.0;300.7
25;2025-12-25;22;78.4;114.0;161.5
25;2025-12-25;23;3.7;11.0;17.5
25;2025-12-26;0;0.0;0.0;0.0
25;2025-12-26;1;0.0;0.0;0.0
25;2025-12-26;2;0.0;0.0;0.0
25;2025-12-26;3;0.0;0.0;0.0
25;2025-12-26;4;0.0;0.0;0.0
25;2025-12-26;5;8.6;12.0;18.5
25;2025-12-26;6;167.7;239.0;316.3
25;2025-12-26;7;443.2;634.0;948.3
25;2025-12-26;8;680.5;1008.0;1472.2
25;2025-12-26;9;363.3;531.0;695.5
25;2025-12-26;10;304.8;436.0;615.5
25;2025-12-26;11;347.6;502.0;690.5
25;2025-12-26;12;333.2;498.0;730.7
25;2025-12-26;13;405.7;626.0;946.5
25;2025-12-26;14;358.1;572.0;838.0
25;2025-12-26;15;489.8;726.0;1130.1
25;2025-12-26;16;608.2;895.0;1332.4
25;2025-12-26;17;624.7;901.0;1303.1
25;2025-12-26;18;534.8;781.0;1060.0
25;2025-12-26;19;445.4;615.0;816.8
25;2025-12-26;20;283.5;384.0;497.0
25;2025-12-26;21;180.4;255.0;352.7
25;2025-12-26;22;98.1;150.0;217.5
25;2025-12-26;23;6.0;18.0;31.2
25;2025-12-27;0;0.0;5.0;9.5
25;2025-12-27;1;0.0;0.0;0.0
25;2025-12-27;2;0.0;0.0;0.0
25;2025-12-27;3;0.0;0.0;0.0
25;2025-12-27;4;0.0;0.0;0.0
25;2025-12-27;5;7.5;14.0;21.3
25;2025-12-27;6;51.2;97.0;129.1
25;2025-12-27;7;93.2;152.0;197.4
25;2025-12-27;8;190.6;333.0;509.0
25;2025-12-27;9;190.2;319.0;460.5
25;2025-12-27;10;165.3;315.0;421.0
25;2025-12-27;11;196.3;416.0;604.5
25;2025-12-27;12;205.9;441.0;700.6
25;2025-12-27;13;300.3;634.0;997.3
25;2025-12-27;14;375.6;647.0;1107.4
25;2025-12-27;15;429.2;749.0;1163.5
25;2025-12-27;16;438.7;687.0;1154.8
25;2025-12-27;17;325.8;572.0;827.3
25;2025-12-27;18;304.7;541.0;766.3
25;2025-12-27;19;292.1;469.0;613.0
25;2025-12-27;20;199.1;295.0;371.5
25;2025-12-27;21;172.3;237.0;331.3
25;2025-12-27;22;92.4;146.0;202.9
25;2025-12-27;23;16.6;58.0;89.6
25;2025-12-28;0;0.0;20.0;37.9
25;2025-12-28;1;0.0;0.0;0.0
25;2025-12-28;2;0.0;0.0;0.0
25;2025-12-28;3;0.0;0.0;0.0
25;2025-12-28;4;0.0;0.0;0.0
25;2025-12-28;5;3.4;8.0;14.8
25;2025-12-28;6;49.9;80.0;130.6
25;2025-12-28;7;83.4;118.0;171.2
25;2025-12-28;8;159.7;219.0;311.3
25;2025-12-28;9;162.5;247.0;370.4
25;2025-12-28;10;152.9;256.0;372.4
25;2025-12-28;11;216.2;348.0;541.7
25;2025-12-28;12;287.8;417.0;627.6
25;2025-12-28;13;352.1;520.0;805.4
25;2025-12-28;14;433.7;595.0;915.4
25;2025-12-28;15;466.5;684.0;1100.5
25;2025-12-28;16;381.7;579.0;940.8
25;2025-12-28;17;365.7;552.0;836.8
25;2025-12-28;18;315.7;482.0;694.8
25;2025-12-28;19;246.4;371.0;475.7
25;2025-12-28;20;170.5;261.0;387.9
25;2025-12-28;21;139.7;197.0;310.4
25;2025-12-28;22;77.7;122.0;205.7
25;2025-12-28;23;19.0;44.0;75.4
25;2025-12-29;0;0.0;4.0;8.0
25;2025-12-29;1;0.0;0.0;0.0
25;2025-12-29;2;0.0;0.0;0.0
25;2025-12-29;3;0.0;0.0;0.0
25;2025-12-29;4;0.0;0.0;0.0
25;2025-12-29;5;7.2;12.0;18.0
25;2025-12-29;6;110.4;184.0;276.0
25;2025-12-29;7;298.2;497.0;752.9
25;2025-12-29;8;508.2;847.0;1322.9
25;2025-12-29;9;264.6;441.0;661.5
25;2025-12-29;10;202.2;337.0;505.5
25;2025-12-29;11;229.2;382.0;573.0
25;2025-12-29;12;224.4;374.0;561.0
25;2025-12-29;13;285.6;476.0;714.0
25;2025-12-29;14;246.6;411.0;629.7
25;2025-12-29;15;295.2;492.0;780.0
25;2025-12-29;16;364.8;608.0;928.9
25;2025-12-29;17;408.0;680.0;1033.1
25;2025-12-29;18;435.6;726.0;1089.0
25;2025-12-29;19;294.0;490.0;735.0
25;2025-12-29;20;178.2;297.0;445.5
25;2025-12-29;21;118.2;197.0;295.5
25;2025-12-29;22;60.6;101.0;151.5
25;2025-12-29;23;3.0;9.0;14.7
25;2025-12-30;0;0.0;4.0;8.0
25;2025-12-30;1;0.0;0.0;0.0
25;2025-12-30;2;0.0;0.0;0.0
25;2025-12-30;3;0.0;0.0;0.0
25;2025-12-30;4;0.0;0.0;0.0
25;2025-12-30;5;7.2;12.0;18.0
25;2025-12-30;6;110.4;184.0;276.0
25;2025-12-30;7;298.2;497.0;752.9
25;2025-12-30;8;508.2;847.0;1322.9
25;2025-12-30;9;264.6;441.0;661.5
25;2025-12-30;10;202.2;337.0;505.5
25;2025-12-30;11;229.2;382.0;573.0
25;2025-12-30;12;224.4;374.0;561.0
25;2025-12-30;13;285.6;476.0;714.0
25;2025-12-30;14;246.6;411.0;629.7
25;2025-12-30;15;295.2;492.0;780.0
25;2025-12-30;16;364.8;608.0;928.9
25;2025-12-30;17;408.0;680.0;1033.1
25;2025-12-30;18;435.6;726.0;1089.0
25;2025-12-30;19;294.0;490.0;735.0
25;2025-12-30;20;178.2;297.0;445.5
25;2025-12-30;21;118.2;197.0;295.5
25;2025-12-30;22;60.6;101.0;151.5
25;2025-12-30;23;3.0;9.0;14.7
25;2025-12-31;0;0.0;7.0;13.3
25;2025-12-31;1;0.0;0.0;0.0
25;2025-12-31;2;0.0;0.0;0.0
25;2025-12-31;3;0.0;0.0;0.0
25;2025-12-31;4;0.0;0.0;0.0
25;2025-12-31;5;5.1;12.0;22.2
25;2025-12-31;6;49.2;82.0;133.8
25;2025-12-31;7;76.2;127.0;190.5
25;2025-12-31;8;172.8;288.0;432.0
25;2025-12-31;9;156.0;260.0;390.0
25;2025-12-31;10;163.1;273.0;409.5
25;2025-12-31;11;207.0;345.0;537.0
25;2025-12-31;12;217.2;362.0;544.9
25;2025-12-31;13;340.2;567.0;878.2
25;2025-12-31;14;333.6;556.0;855.4
25;2025-12-31;15;393.0;655.0;1053.8
25;2025-12-31;16;366.6;611.0;992.8
25;2025-12-31;17;280.8;468.0;709.4
25;2025-12-31;18;280.8;468.0;702.0
25;2025-12-31;19;278.4;464.0;696.0
25;2025-12-31;20;0.0;0.0;0.0
25;2025-12-31;21;0.0;0.0;0.0
25;2025-12-31;22;0.0;0.0;0.0
25;2025-12-31;23;0.0;0.0;0.0
26;2025-11-01;0;0.0;40.0;63.4
26;2025-11-01;1;0.0;3.0;7.7
26;2025-11-01;2;0.0;0.0;0.0
26;2025-11-01;3;0.0;0.0;0.0
26;2025-11-01;4;0.0;2.0;4.5
26;2025-11-01;5;51.3;68.0;107.3
26;2025-11-01;6;311.6;407.0;509.4
26;2025-11-01;7;688.6;851.0;1046.3
26;2025-11-01;8;1401.8;1699.0;2079.5
26;2025-11-01;9;915.4;1136.0;1363.7
26;2025-11-01;10;788.4;984.0;1193.6
26;2025-11-01;11;665.6;882.0;1070.8
26;2025-11-01;12;709.7;921.0;1111.4
26;2025-11-01;13;730.0;968.0;1225.6
26;2025-11-01;14;789.7;1041.0;1302.2
26;2025-11-01;15;898.3;1125.0;1420.7
26;2025-11-01;16;1039.3;1334.0;1641.3
26;2025-11-01;17;1122.4;1400.0;1671.7
26;2025-11-01;18;890.7;1126.0;1362.3
26;2025-11-01;19;694.1;879.0;1096.7
26;2025-11-01;20;465.3;584.0;773.7
26;2025-11-01;21;289.4;375.0;490.1
26;2025-11-01;22;128.1;191.0;257.4
26;2025-11-01;23;53.4;127.0;193.8
26;2025-11-02;0;0.0;51.0;93.9
26;2025-11-02;1;0.0;6.0;17.7
26;2025-11-02;2;0.0;0.0;0.0
26;2025-11-02;3;0.0;0.0;0.0
26;2025-11-02;4;0.0;1.0;2.7
26;2025-11-02;5;13.6;28.0;46.5
26;2025-11-02;6;109.1;156.0;220.6
26;2025-11-02;7;179.2;253.0;329.2
26;2025-11-02;8;282.7;376.0;488.6
26;2025-11-02;9;376.0;524.0;667.3
26;2025-11-02;10;392.6;586.0;726.1
26;2025-11-02;11;530.0;790.0;1007.6
26;2025-11-02;12;549.4;810.0;1003.5
26;2025-11-02;13;588.1;861.0;1090.2
26;2025-11-02;14;566.8;839.0;1090.5
26;2025-11-02;15;538.9;777.0;1024.8
26;2025-11-02;16;515.7;763.0;1002.2
26;2025-11-02;17;523.7;768.0;992.7
26;2025-11-02;18;497.4;704.0;930.3
26;2025-11-02;19;386.9;540.0;733.2
26;2025-11-02;20;288.9;404.0;554.4
26;2025-11-02;21;206.1;284.0;410.4
26;2025-11-02;22;121.7;185.0;274.5
26;2025-11-02;23;59.9;103.0;164.2
26;2025-11-03;0;0.0;51.0;93.9
26;2025-11-03;1;0.0;6.0;17.7
26;2025-11-03;2;0.0;0.0;0.0
26;2025-11-03;3;0.0;0.0;0.0
26;2025-11-03;4;0.0;1.0;2.7
26;2025-11-03;5;13.6;28.0;46.5
26;2025-11-03;6;109.1;156.0;220.6
26;2025-11-03;7;179.2;253.0;329.2
26;2025-11-03;8;282.7;376.0;488.6
26;2025-11-03;9;376.0;524.0;667.3
26;2025-11-03;10;392.6;586.0;726.1
26;2025-11-03;11;530.0;790.0;1007.6
26;2025-11-03;12;549.4;810.0;1003.5
26;2025-11-03;13;588.1;861.0;1090.2
26;2025-11-03;14;566.8;839.0;1090.5
26;2025-11-03;15;538.9;777.0;1024.8
26;2025-11-03;16;515.7;763.0;1002.2
26;2025-11-03;17;523.7;768.0;992.7
26;2025-11-03;18;497.4;704.0;930.3
26;2025-11-03;19;386.9;540.0;733.2
26;2025-11-03;20;288.9;404.0;554.4
26;2025-11-03;21;206.1;284.0;410.4
26;2025-11-03;22;121.7;185.0;274.5
26;2025-11-03;23;59.9;103.0;164.2
26;2025-11-04;0;0.0;51.0;93.9
26;2025-11-04;1;0.0;6.0;17.7
26;2025-11-04;2;0.0;0.0;0.0
26;2025-11-04;3;0.0;0.0;0.0
26;2025-11-04;4;0.0;1.0;2.7
26;2025-11-04;5;13.6;28.0;46.5
26;2025-11-04;6;109.1;156.0;220.6
26;2025-11-04;7;179.2;253.0;329.2
26;2025-11-04;8;282.7;376.0;488.6
26;2025-11-04;9;376.0;524.0;667.3
26;2025-11-04;10;392.6;586.0;726.1
26;2025-11-04;11;530.0;790.0;1007.6
26;2025-11-04;12;549.4;810.0;1003.5
26;2025-11-04;13;588.1;861.0;1090.2
26;2025-11-04;14;566.8;839.0;1090.5
26;2025-11-04;15;538.9;777.0;1024.8
26;2025-11-04;16;515.7;763.0;1002.2
26;2025-11-04;17;523.7;768.0;992.7
26;2025-11-04;18;497.4;704.0;930.3
26;2025-11-04;19;386.9;540.0;733.2
26;2025-11-04;20;288.9;404.0;554.4
26;2025-11-04;21;206.1;284.0;410.4
26;2025-11-04;22;121.7;185.0;274.5
26;2025-11-04;23;59.9;103.0;164.2
26;2025-11-05;0;0.0;31.0;60.7
26;2025-11-05;1;0.0;1.0;2.8
26;2025-11-05;2;0.0;0.0;0.0
26;2025-11-05;3;0.0;0.0;0.0
26;2025-11-05;4;0.0;3.0;6.3
26;2025-11-05;5;67.3;89.0;124.1
26;2025-11-05;6;398.9;491.0;602.4
26;2025-11-05;7;915.2;1096.0;1284.0
26;2025-11-05;8;1794.0;2162.0;2566.6
26;2025-11-05;9;1223.4;1458.0;1706.4
26;2025-11-05;10;981.0;1207.0;1428.7
26;2025-11-05;11;875.6;1088.0;1304.1
26;2025-11-05;12;906.8;1131.0;1374.2
26;2025-11-05;13;896.9;1159.0;1411.7
26;2025-11-05;14;949.3;1237.0;1514.2
26;2025-11-05;15;1003.1;1317.0;1623.6
26;2025-11-05;16;1161.4;1460.0;1771.9
26;2025-11-05;17;1371.2;1672.0;1980.6
26;2025-11-05;18;1532.4;1855.0;2218.6
26;2025-11-05;19;1014.0;1260.0;1553.8
26;2025-11-05;20;618.3;764.0;928.6
26;2025-11-05;21;372.0;475.0;613.5
26;2025-11-05;22;161.5;226.0;305.5
26;2025-11-05;23;46.7;119.0;180.3
26;2025-11-06;0;0.0;31.0;60.7
26;2025-11-06;1;0.0;1.0;2.8
26;2025-11-06;2;0.0;0.0;0.0
26;2025-11-06;3;0.0;0.0;0.0
26;2025-11-06;4;0.0;3.0;6.3
26;2025-11-06;5;67.3;89.0;124.1
26;2025-11-06;6;398.9;491.0;602.4
26;2025-11-06;7;915.2;1096.0;1284.0
26;2025-11-06;8;1794.0;2162.0;2566.6
26;2025-11-06;9;1223.4;1458.0;1706.4
26;2025-11-06;10;981.0;1207.0;1428.7
26;2025-11-06;11;875.6;1088.0;1304.1
26;2025-11-06;12;906.8;1131.0;1374.2
26;2025-11-06;13;896.9;1159.0;1411.7
26;2025-11-06;14;949.3;1237.0;1514.2
26;2025-11-06;15;1003.1;1317.0;1623.6
26;2025-11-06;16;1161.4;1460.0;1771.9
26;2025-11-06;17;1371.2;1672.0;1980.6
26;2025-11-06;18;1532.4;1855.0;2218.6
26;2025-11-06;19;1014.0;1260.0;1553.8
26;2025-11-06;20;618.3;764.0;928.6
26;2025-11-06;21;372.0;475.0;613.5
26;2025-11-06;22;161.5;226.0;305.5
26;2025-11-06;23;46.7;119.0;180.3
26;2025-11-07;0;0.0;34.0;53.9
26;2025-11-07;1;0.0;2.0;5.1
26;2025-11-07;2;0.0;0.0;0.0
26;2025-11-07;3;0.0;0.0;0.0
26;2025-11-07;4;0.0;2.0;4.5
26;2025-11-07;5;63.4;84.0;132.5
26;2025-11-07;6;389.6;509.0;637.1
26;2025-11-07;7;860.9;1064.0;1308.1
26;2025-11-07;8;1751.6;2123.0;2598.4
26;2025-11-07;9;1144.2;1420.0;1704.7
26;2025-11-07;10;985.5;1230.0;1492.0
26;2025-11-07;11;831.6;1102.0;1338.0
26;2025-11-07;12;887.7;1152.0;1390.2
26;2025-11-07;13;913.3;1211.0;1533.3
26;2025-11-07;14;986.9;1301.0;1627.4
26;2025-11-07;15;1122.7;1406.0;1775.5
26;2025-11-07;16;1299.5;1668.0;2052.2
26;2025-11-07;17;1402.2;1749.0;2088.4
26;2025-11-07;18;1113.7;1408.0;1703.5
26;2025-11-07;19;867.1;1098.0;1369.9
26;2025-11-07;20;582.4;731.0;968.4
26;2025-11-07;21;361.1;468.0;611.6
26;2025-11-07;22;159.7;238.0;320.7
26;2025-11-07;23;66.4;158.0;241.1
26;2025-11-08;0;0.0;44.0;80.0
26;2025-11-08;1;0.0;2.0;5.4
26;2025-11-08;2;0.0;0.0;0.0
26;2025-11-08;3;0.0;0.0;0.0
26;2025-11-08;4;0.0;2.0;4.4
26;2025-11-08;5;26.8;46.0;71.5
26;2025-11-08;6;166.7;253.0;355.4
26;2025-11-08;7;255.2;367.0;477.3
26;2025-11-08;8;381.2;588.0;772.9
26;2025-11-08;9;455.4;671.0;886.5
26;2025-11-08;10;519.2;800.0;1019.0
26;2025-11-08;11;636.7;972.0;1262.9
26;2025-11-08;12;662.2;1036.0;1330.0
26;2025-11-08;13;643.4;1012.0;1341.2
26;2025-11-08;14;697.2;1043.0;1393.0
26;2025-11-08;15;626.4;946.0;1245.5
26;2025-11-08;16;652.1;970.0;1273.0
26;2025-11-08;17;628.2;912.0;1204.1
26;2025-11-08;18;636.2;861.0;1158.3
26;2025-11-08;19;547.2;769.0;1032.1
26;2025-11-08;20;375.6;533.0;759.7
26;2025-11-08;21;248.6;354.0;510.2
26;2025-11-08;22;140.5;213.0;319.8
26;2025-11-08;23;55.5;145.0;240.3
26;2025-11-09;0;0.0;51.0;93.9
26;2025-11-09;1;0.0;6.0;17.7
26;2025-11-09;2;0.0;0.0;0.0
26;2025-11-09;3;0.0;0.0;0.0
26;2025-11-09;4;0.0;1.0;2.7
26;2025-11-09;5;13.6;28.0;46.5
26;2025-11-09;6;109.1;156.0;220.6
26;2025-11-09;7;179.2;253.0;329.2
26;2025-11-09;8;282.7;376.0;488.6
26;2025-11-09;9;376.0;524.0;667.3
26;2025-11-09;10;392.6;586.0;726.1
26;2025-11-09;11;530.0;790.0;1007.6
26;2025-11-09;12;549.4;810.0;1003.5
26;2025-11-09;13;588.1;861.0;1090.2
26;2025-11-09;14;566.8;839.0;1090.5
26;2025-11-09;15;538.9;777.0;1024.8
26;2025-11-09;16;515.7;763.0;1002.2
26;2025-11-09;17;523.7;768.0;992.7
26;2025-11-09;18;497.4;704.0;930.3
26;2025-11-09;19;386.9;540.0;733.2
26;2025-11-09;20;288.9;404.0;554.4
26;2025-11-09;21;206.1;284.0;410.4
26;2025-11-09;22;121.7;185.0;274.5
26;2025-11-09;23;59.9;103.0;164.2
26;2025-11-10;0;0.0;31.0;60.7
26;2025-11-10;1;0.0;1.0;2.8
26;2025-11-10;2;0.0;0.0;0.0
26;2025-11-10;3;0.0;0.0;0.0
26;2025-11-10;4;0.0;3.0;6.3
26;2025-11-10;5;67.3;89.0;124.1
26;2025-11-10;6;398.9;491.0;602.4
26;2025-11-10;7;915.2;1096.0;1284.0
26;2025-11-10;8;1794.0;2162.0;2566.6
26;2025-11-10;9;1223.4;1458.0;1706.4
26;2025-11-10;10;981.0;1207.0;1428.7
26;2025-11-10;11;875.6;1088.0;1304.1
26;2025-11-10;12;906.8;1131.0;1374.2
26;2025-11-10;13;896.9;1159.0;1411.7
26;2025-11-10;14;949.3;1237.0;1514.2
26;2025-11-10;15;1003.1;1317.0;1623.6
26;2025-11-10;16;1161.4;1460.0;1771.9
26;2025-11-10;17;1371.2;1672.0;1980.6
26;2025-11-10;18;1532.4;1855.0;2218.6
26;2025-11-10;19;1014.0;1260.0;1553.8
26;2025-11-10;20;618.3;764.0;928.6
26;2025-11-10;21;372.0;475.0;613.5
26;2025-11-10;22;161.5;226.0;305.5
26;2025-11-10;23;46.7;119.0;180.3
26;2025-11-11;0;0.0;31.0;60.7
26;2025-11-11;1;0.0;1.0;2.8
26;2025-11-11;2;0.0;0.0;0.0
26;2025-11-11;3;0.0;0.0;0.0
26;2025-11-11;4;0.0;3.0;6.3
26;2025-11-11;5;67.3;89.0;124.1
26;2025-11-11;6;398.9;491.0;602.4
26;2025-11-11;7;915.2;1096.0;1284.0
26;2025-11-11;8;1794.0;2162.0;2566.6
26;2025-11-11;9;1223.4;1458.0;1706.4
26;2025-11-11;10;981.0;1207.0;1428.7
26;2025-11-11;11;875.6;1088.0;1304.1
26;2025-11-11;12;906.8;1131.0;1374.2
26;2025-11-11;13;896.9;1159.0;1411.7
26;2025-11-11;14;949.3;1237.0;1514.2
26;2025-11-11;15;1003.1;1317.0;1623.6
26;2025-11-11;16;1161.4;1460.0;1771.9
26;2025-11-11;17;1371.2;1672.0;1980.6
26;2025-11-11;18;1532.4;1855.0;2218.6
26;2025-11-11;19;1014.0;1260.0;1553.8
26;2025-11-11;20;618.3;764.0;928.6
26;2025-11-11;21;372.0;475.0;613.5
26;2025-11-11;22;161.5;226.0;305.5
26;2025-11-11;23;46.7;119.0;180.3
26;2025-11-12;0;0.0;31.0;60.7
26;2025-11-12;1;0.0;1.0;2.8
26;2025-11-12;2;0.0;0.0;0.0
26;2025-11-12;3;0.0;0.0;0.0
26;2025-11-12;4;0.0;3.0;6.3
26;2025-11-12;5;67.3;89.0;124.1
26;2025-11-12;6;398.9;491.0;602.4
26;2025-11-12;7;915.2;1096.0;1284.0
26;2025-11-12;8;1794.0;2162.0;2566.6
26;2025-11-12;9;1223.4;1458.0;1706.4
26;2025-11-12;10;981.0;1207.0;1428.7
26;2025-11-12;11;875.6;1088.0;1304.1
26;2025-11-12;12;906.8;1131.0;1374.2
26;2025-11-12;13;896.9;1159.0;1411.7
26;2025-11-12;14;949.3;1237.0;1514.2
26;2025-11-12;15;1003.1;1317.0;1623.6
26;2025-11-12;16;1161.4;1460.0;1771.9
26;2025-11-12;17;1371.2;1672.0;1980.6
26;2025-11-12;18;1532.4;1855.0;2218.6
26;2025-11-12;19;1014.0;1260.0;1553.8
26;2025-11-12;20;618.3;764.0;928.6
26;2025-11-12;21;372.0;475.0;613.5
26;2025-11-12;22;161.5;226.0;305.5
26;2025-11-12;23;46.7;119.0;180.3
26;2025-11-13;0;0.0;31.0;60.7
26;2025-11-13;1;0.0;1.0;2.8
26;2025-11-13;2;0.0;0.0;0.0
26;2025-11-13;3;0.0;0.0;0.0
26;2025-11-13;4;0.0;3.0;6.3
26;2025-11-13;5;67.3;89.0;124.1
26;2025-11-13;6;398.9;491.0;602.4
26;2025-11-13;7;915.2;1096.0;1284.0
26;2025-11-13;8;1794.0;2162.0;2566.6
26;2025-11-13;9;1223.4;1458.0;1706.4
26;2025-11-13;10;981.0;1207.0;1428.7
26;2025-11-13;11;875.6;1088.0;1304.1
26;2025-11-13;12;906.8;1131.0;1374.2
26;2025-11-13;13;896.9;1159.0;1411.7
26;2025-11-13;14;949.3;1237.0;1514.2
26;2025-11-13;15;1003.1;1317.0;1623.6
26;2025-11-13;16;1161.4;1460.0;1771.9
26;2025-11-13;17;1371.2;1672.0;1980.6
26;2025-11-13;18;1532.4;1855.0;2218.6
26;2025-11-13;19;1014.0;1260.0;1553.8
26;2025-11-13;20;618.3;764.0;928.6
26;2025-11-13;21;372.0;475.0;613.5
26;2025-11-13;22;161.5;226.0;305.5
26;2025-11-13;23;46.7;119.0;180.3
26;2025-11-14;0;0.0;34.0;53.9
26;2025-11-14;1;0.0;2.0;5.1
26;2025-11-14;2;0.0;0.0;0.0
26;2025-11-14;3;0.0;0.0;0.0
26;2025-11-14;4;0.0;2.0;4.5
26;2025-11-14;5;63.4;84.0;132.5
26;2025-11-14;6;389.6;509.0;637.1
26;2025-11-14;7;860.9;1064.0;1308.1
26;2025-11-14;8;1751.6;2123.0;2598.4
26;2025-11-14;9;1144.2;1420.0;1704.7
26;2025-11-14;10;985.5;1230.0;1492.0
26;2025-11-14;11;831.6;1102.0;1338.0
26;2025-11-14;12;887.7;1152.0;1390.2
26;2025-11-14;13;913.3;1211.0;1533.3
26;2025-11-14;14;986.9;1301.0;1627.4
26;2025-11-14;15;1122.7;1406.0;1775.5
26;2025-11-14;16;1299.5;1668.0;2052.2
26;2025-11-14;17;1402.2;1749.0;2088.4
26;2025-11-14;18;1113.7;1408.0;1703.5
26;2025-11-14;19;867.1;1098.0;1369.9
26;2025-11-14;20;582.4;731.0;968.4
26;2025-11-14;21;361.1;468.0;611.6
26;2025-11-14;22;159.7;238.0;320.7
26;2025-11-14;23;66.4;158.0;241.1
26;2025-11-15;0;0.0;44.0;88.1
26;2025-11-15;1;0.0;2.0;5.7
26;2025-11-15;2;0.0;0.0;0.0
26;2025-11-15;3;0.0;0.0;0.0
26;2025-11-15;4;0.0;2.0;4.6
26;2025-11-15;5;24.8;46.0;73.4
26;2025-11-15;6;156.4;253.0;349.6
26;2025-11-15;7;246.1;367.0;502.4
26;2025-11-15;8;384.3;588.0;815.9
26;2025-11-15;9;427.9;671.0;903.9
26;2025-11-15;10;498.1;800.0;1067.1
26;2025-11-15;11;587.9;972.0;1327.1
26;2025-11-15;12;613.1;1036.0;1383.9
26;2025-11-15;13;596.1;1012.0;1399.4
26;2025-11-15;14;686.1;1043.0;1486.9
26;2025-11-15;15;628.4;946.0;1306.9
26;2025-11-15;16;642.7;970.0;1304.0
26;2025-11-15;17;597.3;912.0;1218.6
26;2025-11-15;18;599.7;861.0;1183.4
26;2025-11-15;19;543.9;769.0;1047.2
26;2025-11-15;20;367.2;533.0;729.6
26;2025-11-15;21;237.1;354.0;497.5
26;2025-11-15;22;137.2;213.0;311.7
26;2025-11-15;23;52.5;145.0;232.2
26;2025-11-16;0;0.0;51.0;92.6
26;2025-11-16;1;0.0;6.0;17.9
26;2025-11-16;2;0.0;0.0;0.0
26;2025-11-16;3;0.0;0.0;0.0
26;2025-11-16;4;0.0;1.0;2.8
26;2025-11-16;5;12.7;28.0;49.6
26;2025-11-16;6;105.6;156.0;240.1
26;2025-11-16;7;174.1;253.0;341.3
26;2025-11-16;8;267.3;376.0;505.2
26;2025-11-16;9;354.5;524.0;681.5
26;2025-11-16;10;389.5;586.0;750.8
26;2025-11-16;11;500.5;790.0;1027.0
26;2025-11-16;12;531.1;810.0;1039.4
26;2025-11-16;13;569.4;861.0;1123.9
26;2025-11-16;14;563.3;839.0;1144.5
26;2025-11-16;15;526.4;777.0;1056.7
26;2025-11-16;16;515.6;763.0;1040.6
26;2025-11-16;17;513.2;768.0;1022.2
26;2025-11-16;18;497.8;704.0;959.8
26;2025-11-16;19;375.6;540.0;761.6
26;2025-11-16;20;283.7;404.0;577.2
26;2025-11-16;21;200.1;284.0;404.3
26;2025-11-16;22;120.5;185.0;273.0
26;2025-11-16;23;57.6;103.0;172.1
26;2025-11-17;0;0.0;31.0;61.8
26;2025-11-17;1;0.0;1.0;2.6
26;2025-11-17;2;0.0;0.0;0.0
26;2025-11-17;3;0.0;0.0;0.0
26;2025-11-17;4;0.0;3.0;6.5
26;2025-11-17;5;66.7;89.0;126.4
26;2025-11-17;6;388.3;491.0;622.3
26;2025-11-17;7;870.8;1096.0;1419.4
26;2025-11-17;8;1700.5;2162.0;2840.3
26;2025-11-17;9;1165.6;1458.0;1767.6
26;2025-11-17;10;927.3;1207.0;1484.5
26;2025-11-17;11;829.2;1088.0;1374.2
26;2025-11-17;12;853.6;1131.0;1450.5
26;2025-11-17;13;830.8;1159.0;1500.4
26;2025-11-17;14;886.3;1237.0;1616.4
26;2025-11-17;15;929.7;1317.0;1748.1
26;2025-11-17;16;1069.2;1460.0;1898.5
26;2025-11-17;17;1284.5;1672.0;2093.7
26;2025-11-17;18;1473.5;1855.0;2351.8
26;2025-11-17;19;984.5;1260.0;1638.3
26;2025-11-17;20;608.3;764.0;962.1
26;2025-11-17;21;359.1;475.0;613.2
26;2025-11-17;22;157.1;226.0;311.0
26;2025-11-17;23;43.5;119.0;184.8
26;2025-11-18;0;0.0;31.0;61.8
26;2025-11-18;1;0.0;1.0;2.6
26;2025-11-18;2;0.0;0.0;0.0
26;2025-11-18;3;0.0;0.0;0.0
26;2025-11-18;4;0.0;3.0;6.5
26;2025-11-18;5;66.7;89.0;126.4
26;2025-11-18;6;388.3;491.0;622.3
26;2025-11-18;7;870.8;1096.0;1419.4
26;2025-11-18;8;1700.5;2162.0;2840.3
26;2025-11-18;9;1165.6;1458.0;1767.6
26;2025-11-18;10;927.3;1207.0;1484.5
26;2025-11-18;11;829.2;1088.0;1374.2
26;2025-11-18;12;853.6;1131.0;1450.5
26;2025-11-18;13;830.8;1159.0;1500.4
26;2025-11-18;14;886.3;1237.0;1616.4
26;2025-11-18;15;929.7;1317.0;1748.1
26;2025-11-18;16;1069.2;1460.0;1898.5
26;2025-11-18;17;1284.5;1672.0;2093.7
26;2025-11-18;18;1473.5;1855.0;2351.8
26;2025-11-18;19;984.5;1260.0;1638.3
26;2025-11-18;20;608.3;764.0;962.1
26;2025-11-18;21;359.1;475.0;613.2
26;2025-11-18;22;157.1;226.0;311.0
26;2025-11-18;23;43.5;119.0;184.8
26;2025-11-19;0;0.0;31.0;61.8
26;2025-11-19;1;0.0;1.0;2.6
26;2025-11-19;2;0.0;0.0;0.0
26;2025-11-19;3;0.0;0.0;0.0
26;2025-11-19;4;0.0;3.0;6.5
26;2025-11-19;5;66.7;89.0;126.4
26;2025-11-19;6;388.3;491.0;622.3
26;2025-11-19;7;870.8;1096.0;1419.4
26;2025-11-19;8;1700.5;2162.0;2840.3
26;2025-11-19;9;1165.6;1458.0;1767.6
26;2025-11-19;10;927.3;1207.0;1484.5
26;2025-11-19;11;829.2;1088.0;1374.2
26;2025-11-19;12;853.6;1131.0;1450.5
26;2025-11-19;13;830.8;1159.0;1500.4
26;2025-11-19;14;886.3;1237.0;1616.4
26;2025-11-19;15;929.7;1317.0;1748.1
26;2025-11-19;16;1069.2;1460.0;1898.5
26;2025-11-19;17;1284.5;1672.0;2093.7
26;2025-11-19;18;1473.5;1855.0;2351.8
26;2025-11-19;19;984.5;1260.0;1638.3
26;2025-11-19;20;608.3;764.0;962.1
26;2025-11-19;21;359.1;475.0;613.2
26;2025-11-19;22;157.1;226.0;311.0
26;2025-11-19;23;43.5;119.0;184.8
26;2025-11-20;0;0.0;31.0;61.8
26;2025-11-20;1;0.0;1.0;2.6
26;2025-11-20;2;0.0;0.0;0.0
26;2025-11-20;3;0.0;0.0;0.0
26;2025-11-20;4;0.0;3.0;6.5
26;2025-11-20;5;66.7;89.0;126.4
26;2025-11-20;6;388.3;491.0;622.3
26;2025-11-20;7;870.8;1096.0;1419.4
26;2025-11-20;8;1700.5;2162.0;2840.3
26;2025-11-20;9;1165.6;1458.0;1767.6
26;2025-11-20;10;927.3;1207.0;1484.5
26;2025-11-20;11;829.2;1088.0;1374.2
26;2025-11-20;12;853.6;1131.0;1450.5
26;2025-11-20;13;830.8;1159.0;1500.4
26;2025-11-20;14;886.3;1237.0;1616.4
26;2025-11-20;15;929.7;1317.0;1748.1
26;2025-11-20;16;1069.2;1460.0;1898.5
26;2025-11-20;17;1284.5;1672.0;2093.7
26;2025-11-20;18;1473.5;1855.0;2351.8
26;2025-11-20;19;984.5;1260.0;1638.3
26;2025-11-20;20;608.3;764.0;962.1
26;2025-11-20;21;359.1;475.0;613.2
26;2025-11-20;22;157.1;226.0;311.0
26;2025-11-20;23;43.5;119.0;184.8
26;2025-11-21;0;0.0;34.0;56.9
26;2025-11-21;1;0.0;2.0;5.2
26;2025-11-21;2;0.0;0.0;0.0
26;2025-11-21;3;0.0;0.0;0.0
26;2025-11-21;4;0.0;2.0;4.7
26;2025-11-21;5;62.4;84.0;124.2
26;2025-11-21;6;371.6;509.0;653.7
26;2025-11-21;7;823.4;1064.0;1425.3
26;2025-11-21;8;1636.3;2123.0;2813.0
26;2025-11-21;9;1098.5;1420.0;1740.4
26;2025-11-21;10;938.2;1230.0;1541.6
26;2025-11-21;11;792.4;1102.0;1381.8
26;2025-11-21;12;840.3;1152.0;1454.5
26;2025-11-21;13;873.1;1211.0;1614.3
26;2025-11-21;14;887.0;1301.0;1688.0
26;2025-11-21;15;1019.7;1406.0;1825.7
26;2025-11-21;16;1186.3;1668.0;2162.8
26;2025-11-21;17;1295.9;1749.0;2232.0
26;2025-11-21;18;1076.6;1408.0;1763.6
26;2025-11-21;19;852.9;1098.0;1404.7
26;2025-11-21;20;572.8;731.0;956.5
26;2025-11-21;21;350.5;468.0;632.3
26;2025-11-21;22;154.9;238.0;326.5
26;2025-11-21;23;60.0;158.0;247.0
26;2025-11-22;0;0.0;44.0;88.1
26;2025-11-22;1;0.0;2.0;5.7
26;2025-11-22;2;0.0;0.0;0.0
26;2025-11-22;3;0.0;0.0;0.0
26;2025-11-22;4;0.0;2.0;4.6
26;2025-11-22;5;24.8;46.0;73.4
26;2025-11-22;6;156.4;253.0;349.6
26;2025-11-22;7;246.1;367.0;502.4
26;2025-11-22;8;384.3;588.0;815.9
26;2025-11-22;9;427.9;671.0;903.9
26;2025-11-22;10;498.1;800.0;1067.1
26;2025-11-22;11;587.9;972.0;1327.1
26;2025-11-22;12;613.1;1036.0;1383.9
26;2025-11-22;13;596.1;1012.0;1399.4
26;2025-11-22;14;686.1;1043.0;1486.9
26;2025-11-22;15;628.4;946.0;1306.9
26;2025-11-22;16;642.7;970.0;1304.0
26;2025-11-22;17;597.3;912.0;1218.6
26;2025-11-22;18;599.7;861.0;1183.4
26;2025-11-22;19;543.9;769.0;1047.2
26;2025-11-22;20;367.2;533.0;729.6
26;2025-11-22;21;237.1;354.0;497.5
26;2025-11-22;22;137.2;213.0;311.7
26;2025-11-22;23;52.5;145.0;232.2
26;2025-11-23;0;0.0;51.0;92.6
26;2025-11-23;1;0.0;6.0;17.9
26;2025-11-23;2;0.0;0.0;0.0
26;2025-11-23;3;0.0;0.0;0.0
26;2025-11-23;4;0.0;1.0;2.8
26;2025-11-23;5;12.7;28.0;49.6
26;2025-11-23;6;105.6;156.0;240.1
26;2025-11-23;7;174.1;253.0;341.3
26;2025-11-23;8;267.3;376.0;505.2
26;2025-11-23;9;354.5;524.0;681.5
26;2025-11-23;10;389.5;586.0;750.8
26;2025-11-23;11;500.5;790.0;1027.0
26;2025-11-23;12;531.1;810.0;1039.4
26;2025-11-23;13;569.4;861.0;1123.9
26;2025-11-23;14;563.3;839.0;1144.5
26;2025-11-23;15;526.4;777.0;1056.7
26;2025-11-23;16;515.6;763.0;1040.6
26;2025-11-23;17;513.2;768.0;1022.2
26;2025-11-23;18;497.8;704.0;959.8
26;2025-11-23;19;375.6;540.0;761.6
26;2025-11-23;20;283.7;404.0;577.2
26;2025-11-23;21;200.1;284.0;404.3
26;2025-11-23;22;120.5;185.0;273.0
26;2025-11-23;23;57.6;103.0;172.1
26;2025-11-24;0;0.0;31.0;61.8
26;2025-11-24;1;0.0;1.0;2.6
26;2025-11-24;2;0.0;0.0;0.0
26;2025-11-24;3;0.0;0.0;0.0
26;2025-11-24;4;0.0;3.0;6.5
26;2025-11-24;5;66.7;89.0;126.4
26;2025-11-24;6;388.3;491.0;622.3
26;2025-11-24;7;870.8;1096.0;1419.4
26;2025-11-24;8;1700.5;2162.0;2840.3
26;2025-11-24;9;1165.6;1458.0;1767.6
26;2025-11-24;10;927.3;1207.0;1484.5
26;2025-11-24;11;829.2;1088.0;1374.2
26;2025-11-24;12;853.6;1131.0;1450.5
26;2025-11-24;13;830.8;1159.0;1500.4
26;2025-11-24;14;886.3;1237.0;1616.4
26;2025-11-24;15;929.7;1317.0;1748.1
26;2025-11-24;16;1069.2;1460.0;1898.5
26;2025-11-24;17;1284.5;1672.0;2093.7
26;2025-11-24;18;1473.5;1855.0;2351.8
26;2025-11-24;19;984.5;1260.0;1638.3
26;2025-11-24;20;608.3;764.0;962.1
26;2025-11-24;21;359.1;475.0;613.2
26;2025-11-24;22;157.1;226.0;311.0
26;2025-11-24;23;43.5;119.0;184.8
26;2025-11-25;0;0.0;31.0;61.8
26;2025-11-25;1;0.0;1.0;2.6
26;2025-11-25;2;0.0;0.0;0.0
26;2025-11-25;3;0.0;0.0;0.0
26;2025-11-25;4;0.0;3.0;6.5
26;2025-11-25;5;66.7;89.0;126.4
26;2025-11-25;6;388.3;491.0;622.3
26;2025-11-25;7;870.8;1096.0;1419.4
26;2025-11-25;8;1700.5;2162.0;2840.3
26;2025-11-25;9;1165.6;1458.0;1767.6
26;2025-11-25;10;927.3;1207.0;1484.5
26;2025-11-25;11;829.2;1088.0;1374.2
26;2025-11-25;12;853.6;1131.0;1450.5
26;2025-11-25;13;830.8;1159.0;1500.4
26;2025-11-25;14;886.3;1237.0;1616.4
26;2025-11-25;15;929.7;1317.0;1748.1
26;2025-11-25;16;1069.2;1460.0;1898.5
26;2025-11-25;17;1284.5;1672.0;2093.7
26;2025-11-25;18;1473.5;1855.0;2351.8
26;2025-11-25;19;984.5;1260.0;1638.3
26;2025-11-25;20;608.3;764.0;962.1
26;2025-11-25;21;359.1;475.0;613.2
26;2025-11-25;22;157.1;226.0;311.0
26;2025-11-25;23;43.5;119.0;184.8
26;2025-11-26;0;0.0;31.0;61.8
26;2025-11-26;1;0.0;1.0;2.6
26;2025-11-26;2;0.0;0.0;0.0
26;2025-11-26;3;0.0;0.0;0.0
26;2025-11-26;4;0.0;3.0;6.5
26;2025-11-26;5;66.7;89.0;126.4
26;2025-11-26;6;388.3;491.0;622.3
26;2025-11-26;7;870.8;1096.0;1419.4
26;2025-11-26;8;1700.5;2162.0;2840.3
26;2025-11-26;9;1165.6;1458.0;1767.6
26;2025-11-26;10;927.3;1207.0;1484.5
26;2025-11-26;11;829.2;1088.0;1374.2
26;2025-11-26;12;853.6;1131.0;1450.5
26;2025-11-26;13;830.8;1159.0;1500.4
26;2025-11-26;14;886.3;1237.0;1616.4
26;2025-11-26;15;929.7;1317.0;1748.1
26;2025-11-26;16;1069.2;1460.0;1898.5
26;2025-11-26;17;1284.5;1672.0;2093.7
26;2025-11-26;18;1473.5;1855.0;2351.8
26;2025-11-26;19;984.5;1260.0;1638.3
26;2025-11-26;20;608.3;764.0;962.1
26;2025-11-26;21;359.1;475.0;613.2
26;2025-11-26;22;157.1;226.0;311.0
26;2025-11-26;23;43.5;119.0;184.8
26;2025-11-27;0;0.0;31.0;61.8
26;2025-11-27;1;0.0;1.0;2.6
26;2025-11-27;2;0.0;0.0;0.0
26;2025-11-27;3;0.0;0.0;0.0
26;2025-11-27;4;0.0;3.0;6.5
26;2025-11-27;5;66.7;89.0;126.4
26;2025-11-27;6;388.3;491.0;622.3
26;2025-11-27;7;870.8;1096.0;1419.4
26;2025-11-27;8;1700.5;2162.0;2840.3
26;2025-11-27;9;1165.6;1458.0;1767.6
26;2025-11-27;10;927.3;1207.0;1484.5
26;2025-11-27;11;829.2;1088.0;1374.2
26;2025-11-27;12;853.6;1131.0;1450.5
26;2025-11-27;13;830.8;1159.0;1500.4
26;2025-11-27;14;886.3;1237.0;1616.4
26;2025-11-27;15;929.7;1317.0;1748.1
26;2025-11-27;16;1069.2;1460.0;1898.5
26;2025-11-27;17;1284.5;1672.0;2093.7
26;2025-11-27;18;1473.5;1855.0;2351.8
26;2025-11-27;19;984.5;1260.0;1638.3
26;2025-11-27;20;608.3;764.0;962.1
26;2025-11-27;21;359.1;475.0;613.2
26;2025-11-27;22;157.1;226.0;311.0
26;2025-11-27;23;43.5;119.0;184.8
26;2025-11-28;0;0.0;34.0;56.9
26;2025-11-28;1;0.0;2.0;5.2
26;2025-11-28;2;0.0;0.0;0.0
26;2025-11-28;3;0.0;0.0;0.0
26;2025-11-28;4;0.0;2.0;4.7
26;2025-11-28;5;62.4;84.0;124.2
26;2025-11-28;6;371.6;509.0;653.7
26;2025-11-28;7;823.4;1064.0;1425.3
26;2025-11-28;8;1636.3;2123.0;2813.0
26;2025-11-28;9;1098.5;1420.0;1740.4
26;2025-11-28;10;938.2;1230.0;1541.6
26;2025-11-28;11;792.4;1102.0;1381.8
26;2025-11-28;12;840.3;1152.0;1454.5
26;2025-11-28;13;873.1;1211.0;1614.3
26;2025-11-28;14;887.0;1301.0;1688.0
26;2025-11-28;15;1019.7;1406.0;1825.7
26;2025-11-28;16;1186.3;1668.0;2162.8
26;2025-11-28;17;1295.9;1749.0;2232.0
26;2025-11-28;18;1076.6;1408.0;1763.6
26;2025-11-28;19;852.9;1098.0;1404.7
26;2025-11-28;20;572.8;731.0;956.5
26;2025-11-28;21;350.5;468.0;632.3
26;2025-11-28;22;154.9;238.0;326.5
26;2025-11-28;23;60.0;158.0;247.0
26;2025-11-29;0;0.0;44.0;85.4
26;2025-11-29;1;0.0;2.0;5.4
26;2025-11-29;2;0.0;0.0;0.0
26;2025-11-29;3;0.0;0.0;0.0
26;2025-11-29;4;0.0;2.0;5.5
26;2025-11-29;5;25.6;46.0;70.8
26;2025-11-29;6;157.7;253.0;359.1
26;2025-11-29;7;239.1;367.0;516.6
26;2025-11-29;8;371.2;588.0;852.1
26;2025-11-29;9;435.6;671.0;911.3
26;2025-11-29;10;511.2;800.0;1102.5
26;2025-11-29;11;598.2;972.0;1398.8
26;2025-11-29;12;616.1;1036.0;1474.2
26;2025-11-29;13;593.5;1012.0;1479.3
26;2025-11-29;14;641.2;1043.0;1537.6
26;2025-11-29;15;576.7;946.0;1327.9
26;2025-11-29;16;611.0;970.0;1415.4
26;2025-11-29;17;580.8;912.0;1263.2
26;2025-11-29;18;560.1;861.0;1230.0
26;2025-11-29;19;512.0;769.0;1039.7
26;2025-11-29;20;357.3;533.0;755.3
26;2025-11-29;21;227.2;354.0;499.6
26;2025-11-29;22;126.3;213.0;318.6
26;2025-11-29;23;52.3;145.0;241.0
26;2025-11-30;0;0.0;51.0;96.4
26;2025-11-30;1;0.0;6.0;17.7
26;2025-11-30;2;0.0;0.0;0.0
26;2025-11-30;3;0.0;0.0;0.0
26;2025-11-30;4;0.0;1.0;2.7
26;2025-11-30;5;13.3;28.0;47.7
26;2025-11-30;6;104.5;156.0;228.4
26;2025-11-30;7;180.7;253.0;351.4
26;2025-11-30;8;265.9;376.0;491.2
26;2025-11-30;9;349.9;524.0;694.0
26;2025-11-30;10;361.0;586.0;758.4
26;2025-11-30;11;467.9;790.0;1046.7
26;2025-11-30;12;484.2;810.0;1063.9
26;2025-11-30;13;497.6;861.0;1154.2
26;2025-11-30;14;499.2;839.0;1139.6
26;2025-11-30;15;494.8;777.0;1058.8
26;2025-11-30;16;482.9;763.0;1071.7
26;2025-11-30;17;495.5;768.0;1065.5
26;2025-11-30;18;456.8;704.0;983.0
26;2025-11-30;19;350.8;540.0;723.1
26;2025-11-30;20;255.9;404.0;555.7
26;2025-11-30;21;188.7;284.0;397.3
26;2025-11-30;22;117.6;185.0;268.6
26;2025-11-30;23;58.2;103.0;168.0
26;2025-12-01;0;0.0;31.0;61.0
26;2025-12-01;1;0.0;1.0;2.8
26;2025-12-01;2;0.0;0.0;0.0
26;2025-12-01;3;0.0;0.0;0.0
26;2025-12-01;4;0.0;3.0;6.8
26;2025-12-01;5;66.1;89.0;129.6
26;2025-12-01;6;378.5;491.0;635.7
26;2025-12-01;7;845.4;1096.0;1553.9
26;2025-12-01;8;1610.4;2162.0;3047.9
26;2025-12-01;9;1117.8;1458.0;1868.0
26;2025-12-01;10;905.2;1207.0;1545.8
26;2025-12-01;11;794.0;1088.0;1441.9
26;2025-12-01;12;799.0;1131.0;1490.9
26;2025-12-01;13;783.0;1159.0;1587.2
26;2025-12-01;14;853.4;1237.0;1735.4
26;2025-12-01;15;872.6;1317.0;1876.1
26;2025-12-01;16;1017.7;1460.0;2044.8
26;2025-12-01;17;1243.4;1672.0;2279.6
26;2025-12-01;18;1425.0;1855.0;2481.5
26;2025-12-01;19;963.2;1260.0;1676.1
26;2025-12-01;20;587.0;764.0;985.0
26;2025-12-01;21;356.1;475.0;617.6
26;2025-12-01;22;156.7;226.0;310.9
26;2025-12-01;23;42.4;119.0;187.3
26;2025-12-02;0;0.0;31.0;61.0
26;2025-12-02;1;0.0;1.0;2.8
26;2025-12-02;2;0.0;0.0;0.0
26;2025-12-02;3;0.0;0.0;0.0
26;2025-12-02;4;0.0;3.0;6.8
26;2025-12-02;5;66.1;89.0;129.6
26;2025-12-02;6;378.5;491.0;635.7
26;2025-12-02;7;845.4;1096.0;1553.9
26;2025-12-02;8;1610.4;2162.0;3047.9
26;2025-12-02;9;1117.8;1458.0;1868.0
26;2025-12-02;10;905.2;1207.0;1545.8
26;2025-12-02;11;794.0;1088.0;1441.9
26;2025-12-02;12;799.0;1131.0;1490.9
26;2025-12-02;13;783.0;1159.0;1587.2
26;2025-12-02;14;853.4;1237.0;1735.4
26;2025-12-02;15;872.6;1317.0;1876.1
26;2025-12-02;16;1017.7;1460.0;2044.8
26;2025-12-02;17;1243.4;1672.0;2279.6
26;2025-12-02;18;1425.0;1855.0;2481.5
26;2025-12-02;19;963.2;1260.0;1676.1
26;2025-12-02;20;587.0;764.0;985.0
26;2025-12-02;21;356.1;475.0;617.6
26;2025-12-02;22;156.7;226.0;310.9
26;2025-12-02;23;42.4;119.0;187.3
26;2025-12-03;0;0.0;31.0;61.0
26;2025-12-03;1;0.0;1.0;2.8
26;2025-12-03;2;0.0;0.0;0.0
26;2025-12-03;3;0.0;0.0;0.0
26;2025-12-03;4;0.0;3.0;6.8
26;2025-12-03;5;66.1;89.0;129.6
26;2025-12-03;6;378.5;491.0;635.7
26;2025-12-03;7;845.4;1096.0;1553.9
26;2025-12-03;8;1610.4;2162.0;3047.9
26;2025-12-03;9;1117.8;1458.0;1868.0
26;2025-12-03;10;905.2;1207.0;1545.8
26;2025-12-03;11;794.0;1088.0;1441.9
26;2025-12-03;12;799.0;1131.0;1490.9
26;2025-12-03;13;783.0;1159.0;1587.2
26;2025-12-03;14;853.4;1237.0;1735.4
26;2025-12-03;15;872.6;1317.0;1876.1
26;2025-12-03;16;1017.7;1460.0;2044.8
26;2025-12-03;17;1243.4;1672.0;2279.6
26;2025-12-03;18;1425.0;1855.0;2481.5
26;2025-12-03;19;963.2;1260.0;1676.1
26;2025-12-03;20;587.0;764.0;985.0
26;2025-12-03;21;356.1;475.0;617.6
26;2025-12-03;22;156.7;226.0;310.9
26;2025-12-03;23;42.4;119.0;187.3
26;2025-12-04;0;0.0;31.0;61.0
26;2025-12-04;1;0.0;1.0;2.8
26;2025-12-04;2;0.0;0.0;0.0
26;2025-12-04;3;0.0;0.0;0.0
26;2025-12-04;4;0.0;3.0;6.8
26;2025-12-04;5;66.1;89.0;129.6
26;2025-12-04;6;378.5;491.0;635.7
26;2025-12-04;7;845.4;1096.0;1553.9
26;2025-12-04;8;1610.4;2162.0;3047.9
26;2025-12-04;9;1117.8;1458.0;1868.0
26;2025-12-04;10;905.2;1207.0;1545.8
26;2025-12-04;11;794.0;1088.0;1441.9
26;2025-12-04;12;799.0;1131.0;1490.9
26;2025-12-04;13;783.0;1159.0;1587.2
26;2025-12-04;14;853.4;1237.0;1735.4
26;2025-12-04;15;872.6;1317.0;1876.1
26;2025-12-04;16;1017.7;1460.0;2044.8
26;2025-12-04;17;1243.4;1672.0;2279.6
26;2025-12-04;18;1425.0;1855.0;2481.5
26;2025-12-04;19;963.2;1260.0;1676.1
26;2025-12-04;20;587.0;764.0;985.0
26;2025-12-04;21;356.1;475.0;617.6
26;2025-12-04;22;156.7;226.0;310.9
26;2025-12-04;23;42.4;119.0;187.3
26;2025-12-05;0;0.0;34.0;60.2
26;2025-12-05;1;0.0;2.0;5.3
26;2025-12-05;2;0.0;0.0;0.0
26;2025-12-05;3;0.0;0.0;0.0
26;2025-12-05;4;0.0;2.0;4.7
26;2025-12-05;5;59.9;84.0;125.7
26;2025-12-05;6;343.3;509.0;657.0
26;2025-12-05;7;763.4;1064.0;1536.4
26;2025-12-05;8;1532.8;2123.0;3003.4
26;2025-12-05;9;1029.8;1420.0;1795.6
26;2025-12-05;10;883.6;1230.0;1637.0
26;2025-12-05;11;739.1;1102.0;1407.0
26;2025-12-05;12;785.5;1152.0;1544.6
26;2025-12-05;13;814.0;1211.0;1753.5
26;2025-12-05;14;850.8;1301.0;1862.5
26;2025-12-05;15;983.3;1406.0;2001.3
26;2025-12-05;16;1160.5;1668.0;2311.1
26;2025-12-05;17;1243.0;1749.0;2423.8
26;2025-12-05;18;1034.4;1408.0;1883.4
26;2025-12-05;19;831.5;1098.0;1476.0
26;2025-12-05;20;561.6;731.0;964.4
26;2025-12-05;21;340.6;468.0;639.0
26;2025-12-05;22;152.1;238.0;340.9
26;2025-12-05;23;56.9;158.0;257.0
26;2025-12-06;0;0.0;44.0;85.4
26;2025-12-06;1;0.0;2.0;5.4
26;2025-12-06;2;0.0;0.0;0.0
26;2025-12-06;3;0.0;0.0;0.0
26;2025-12-06;4;0.0;2.0;5.5
26;2025-12-06;5;25.6;46.0;70.8
26;2025-12-06;6;157.7;253.0;359.1
26;2025-12-06;7;239.1;367.0;516.6
26;2025-12-06;8;371.2;588.0;852.1
26;2025-12-06;9;435.6;671.0;911.3
26;2025-12-06;10;511.2;800.0;1102.5
26;2025-12-06;11;598.2;972.0;1398.8
26;2025-12-06;12;616.1;1036.0;1474.2
26;2025-12-06;13;593.5;1012.0;1479.3
26;2025-12-06;14;641.2;1043.0;1537.6
26;2025-12-06;15;576.7;946.0;1327.9
26;2025-12-06;16;611.0;970.0;1415.4
26;2025-12-06;17;580.8;912.0;1263.2
26;2025-12-06;18;560.1;861.0;1230.0
26;2025-12-06;19;512.0;769.0;1039.7
26;2025-12-06;20;357.3;533.0;755.3
26;2025-12-06;21;227.2;354.0;499.6
26;2025-12-06;22;126.3;213.0;318.6
26;2025-12-06;23;52.3;145.0;241.0
26;2025-12-07;0;0.0;51.0;96.4
26;2025-12-07;1;0.0;6.0;17.7
26;2025-12-07;2;0.0;0.0;0.0
26;2025-12-07;3;0.0;0.0;0.0
26;2025-12-07;4;0.0;1.0;2.7
26;2025-12-07;5;13.3;28.0;47.7
26;2025-12-07;6;104.5;156.0;228.4
26;2025-12-07;7;180.7;253.0;351.4
26;2025-12-07;8;265.9;376.0;491.2
26;2025-12-07;9;349.9;524.0;694.0
26;2025-12-07;10;361.0;586.0;758.4
26;2025-12-07;11;467.9;790.0;1046.7
26;2025-12-07;12;484.2;810.0;1063.9
26;2025-12-07;13;497.6;861.0;1154.2
26;2025-12-07;14;499.2;839.0;1139.6
26;2025-12-07;15;494.8;777.0;1058.8
26;2025-12-07;16;482.9;763.0;1071.7
26;2025-12-07;17;495.5;768.0;1065.5
26;2025-12-07;18;456.8;704.0;983.0
26;2025-12-07;19;350.8;540.0;723.1
26;2025-12-07;20;255.9;404.0;555.7
26;2025-12-07;21;188.7;284.0;397.3
26;2025-12-07;22;117.6;185.0;268.6
26;2025-12-07;23;58.2;103.0;168.0
26;2025-12-08;0;0.0;31.0;61.0
26;2025-12-08;1;0.0;1.0;2.8
26;2025-12-08;2;0.0;0.0;0.0
26;2025-12-08;3;0.0;0.0;0.0
26;2025-12-08;4;0.0;3.0;6.8
26;2025-12-08;5;66.1;89.0;129.6
26;2025-12-08;6;378.5;491.0;635.7
26;2025-12-08;7;845.4;1096.0;1553.9
26;2025-12-08;8;1610.4;2162.0;3047.9
26;2025-12-08;9;1117.8;1458.0;1868.0
26;2025-12-08;10;905.2;1207.0;1545.8
26;2025-12-08;11;794.0;1088.0;1441.9
26;2025-12-08;12;799.0;1131.0;1490.9
26;2025-12-08;13;783.0;1159.0;1587.2
26;2025-12-08;14;853.4;1237.0;1735.4
26;2025-12-08;15;872.6;1317.0;1876.1
26;2025-12-08;16;1017.7;1460.0;2044.8
26;2025-12-08;17;1243.4;1672.0;2279.6
26;2025-12-08;18;1425.0;1855.0;2481.5
26;2025-12-08;19;963.2;1260.0;1676.1
26;2025-12-08;20;587.0;764.0;985.0
26;2025-12-08;21;356.1;475.0;617.6
26;2025-12-08;22;156.7;226.0;310.9
26;2025-12-08;23;42.4;119.0;187.3
26;2025-12-09;0;0.0;31.0;61.0
26;2025-12-09;1;0.0;1.0;2.8
26;2025-12-09;2;0.0;0.0;0.0
26;2025-12-09;3;0.0;0.0;0.0
26;2025-12-09;4;0.0;3.0;6.8
26;2025-12-09;5;66.1;89.0;129.6
26;2025-12-09;6;378.5;491.0;635.7
26;2025-12-09;7;845.4;1096.0;1553.9
26;2025-12-09;8;1610.4;2162.0;3047.9
26;2025-12-09;9;1117.8;1458.0;1868.0
26;2025-12-09;10;905.2;1207.0;1545.8
26;2025-12-09;11;794.0;1088.0;1441.9
26;2025-12-09;12;799.0;1131.0;1490.9
26;2025-12-09;13;783.0;1159.0;1587.2
26;2025-12-09;14;853.4;1237.0;1735.4
26;2025-12-09;15;872.6;1317.0;1876.1
26;2025-12-09;16;1017.7;1460.0;2044.8
26;2025-12-09;17;1243.4;1672.0;2279.6
26;2025-12-09;18;1425.0;1855.0;2481.5
26;2025-12-09;19;963.2;1260.0;1676.1
26;2025-12-09;20;587.0;764.0;985.0
26;2025-12-09;21;356.1;475.0;617.6
26;2025-12-09;22;156.7;226.0;310.9
26;2025-12-09;23;42.4;119.0;187.3
26;2025-12-10;0;0.0;31.0;61.0
26;2025-12-10;1;0.0;1.0;2.8
26;2025-12-10;2;0.0;0.0;0.0
26;2025-12-10;3;0.0;0.0;0.0
26;2025-12-10;4;0.0;3.0;6.8
26;2025-12-10;5;66.1;89.0;129.6
26;2025-12-10;6;378.5;491.0;635.7
26;2025-12-10;7;845.4;1096.0;1553.9
26;2025-12-10;8;1610.4;2162.0;3047.9
26;2025-12-10;9;1117.8;1458.0;1868.0
26;2025-12-10;10;905.2;1207.0;1545.8
26;2025-12-10;11;794.0;1088.0;1441.9
26;2025-12-10;12;799.0;1131.0;1490.9
26;2025-12-10;13;783.0;1159.0;1587.2
26;2025-12-10;14;853.4;1237.0;1735.4
26;2025-12-10;15;872.6;1317.0;1876.1
26;2025-12-10;16;1017.7;1460.0;2044.8
26;2025-12-10;17;1243.4;1672.0;2279.6
26;2025-12-10;18;1425.0;1855.0;2481.5
26;2025-12-10;19;963.2;1260.0;1676.1
26;2025-12-10;20;587.0;764.0;985.0
26;2025-12-10;21;356.1;475.0;617.6
26;2025-12-10;22;156.7;226.0;310.9
26;2025-12-10;23;42.4;119.0;187.3
26;2025-12-11;0;0.0;31.0;61.0
26;2025-12-11;1;0.0;1.0;2.8
26;2025-12-11;2;0.0;0.0;0.0
26;2025-12-11;3;0.0;0.0;0.0
26;2025-12-11;4;0.0;3.0;6.8
26;2025-12-11;5;66.1;89.0;129.6
26;2025-12-11;6;378.5;491.0;635.7
26;2025-12-11;7;845.4;1096.0;1553.9
26;2025-12-11;8;1610.4;2162.0;3047.9
26;2025-12-11;9;1117.8;1458.0;1868.0
26;2025-12-11;10;905.2;1207.0;1545.8
26;2025-12-11;11;794.0;1088.0;1441.9
26;2025-12-11;12;799.0;1131.0;1490.9
26;2025-12-11;13;783.0;1159.0;1587.2
26;2025-12-11;14;853.4;1237.0;1735.4
26;2025-12-11;15;872.6;1317.0;1876.1
26;2025-12-11;16;1017.7;1460.0;2044.8
26;2025-12-11;17;1243.4;1672.0;2279.6
26;2025-12-11;18;1425.0;1855.0;2481.5
26;2025-12-11;19;963.2;1260.0;1676.1
26;2025-12-11;20;587.0;764.0;985.0
26;2025-12-11;21;356.1;475.0;617.6
26;2025-12-11;22;156.7;226.0;310.9
26;2025-12-11;23;42.4;119.0;187.3
26;2025-12-12;0;0.0;34.0;60.2
26;2025-12-12;1;0.0;2.0;5.3
26;2025-12-12;2;0.0;0.0;0.0
26;2025-12-12;3;0.0;0.0;0.0
26;2025-12-12;4;0.0;2.0;4.7
26;2025-12-12;5;59.9;84.0;125.7
26;2025-12-12;6;343.3;509.0;657.0
26;2025-12-12;7;763.4;1064.0;1536.4
26;2025-12-12;8;1532.8;2123.0;3003.4
26;2025-12-12;9;1029.8;1420.0;1795.6
26;2025-12-12;10;883.6;1230.0;1637.0
26;2025-12-12;11;739.1;1102.0;1407.0
26;2025-12-12;12;785.5;1152.0;1544.6
26;2025-12-12;13;814.0;1211.0;1753.5
26;2025-12-12;14;850.8;1301.0;1862.5
26;2025-12-12;15;983.3;1406.0;2001.3
26;2025-12-12;16;1160.5;1668.0;2311.1
26;2025-12-12;17;1243.0;1749.0;2423.8
26;2025-12-12;18;1034.4;1408.0;1883.4
26;2025-12-12;19;831.5;1098.0;1476.0
26;2025-12-12;20;561.6;731.0;964.4
26;2025-12-12;21;340.6;468.0;639.0
26;2025-12-12;22;152.1;238.0;340.9
26;2025-12-12;23;56.9;158.0;257.0
26;2025-12-13;0;0.0;44.0;82.1
26;2025-12-13;1;0.0;2.0;6.0
26;2025-12-13;2;0.0;0.0;0.0
26;2025-12-13;3;0.0;0.0;0.0
26;2025-12-13;4;0.0;2.0;5.2
26;2025-12-13;5;23.5;46.0;71.7
26;2025-12-13;6;150.7;253.0;365.5
26;2025-12-13;7;236.0;367.0;520.2
26;2025-12-13;8;350.9;588.0;879.4
26;2025-12-13;9;401.0;671.0;944.4
26;2025-12-13;10;473.9;800.0;1135.2
26;2025-12-13;11;574.5;972.0;1392.2
26;2025-12-13;12;564.5;1036.0;1518.2
26;2025-12-13;13;502.8;1012.0;1486.1
26;2025-12-13;14;625.5;1043.0;1568.5
26;2025-12-13;15;553.0;946.0;1385.5
26;2025-12-13;16;575.9;970.0;1429.5
26;2025-12-13;17;538.7;912.0;1263.0
26;2025-12-13;18;530.6;861.0;1238.7
26;2025-12-13;19;511.7;769.0;1055.4
26;2025-12-13;20;352.1;533.0;701.3
26;2025-12-13;21;230.6;354.0;495.8
26;2025-12-13;22;132.5;213.0;309.7
26;2025-12-13;23;48.8;145.0;234.2
26;2025-12-14;0;0.0;51.0;94.4
26;2025-12-14;1;0.0;6.0;19.0
26;2025-12-14;2;0.0;0.0;0.0
26;2025-12-14;3;0.0;0.0;0.0
26;2025-12-14;4;0.0;1.0;3.1
26;2025-12-14;5;13.1;28.0;48.5
26;2025-12-14;6;106.6;156.0;237.7
26;2025-12-14;7;174.6;253.0;332.6
26;2025-12-14;8;269.6;376.0;484.7
26;2025-12-14;9;344.0;524.0;707.8
26;2025-12-14;10;369.0;586.0;781.1
26;2025-12-14;11;449.9;790.0;1070.3
26;2025-12-14;12;498.0;810.0;1093.8
26;2025-12-14;13;520.7;861.0;1162.7
26;2025-12-14;14;509.3;839.0;1177.8
26;2025-12-14;15;489.1;777.0;1092.2
26;2025-12-14;16;469.4;763.0;1091.2
26;2025-12-14;17;488.6;768.0;1090.9
26;2025-12-14;18;461.2;704.0;984.4
26;2025-12-14;19;344.1;540.0;728.6
26;2025-12-14;20;269.0;404.0;556.0
26;2025-12-14;21;197.8;284.0;407.5
26;2025-12-14;22;121.5;185.0;268.8
26;2025-12-14;23;55.9;103.0;166.7
26;2025-12-15;0;0.0;31.0;60.3
26;2025-12-15;1;0.0;1.0;2.9
26;2025-12-15;2;0.0;0.0;0.0
26;2025-12-15;3;0.0;0.0;0.0
26;2025-12-15;4;0.0;3.0;7.3
26;2025-12-15;5;66.1;89.0;131.2
26;2025-12-15;6;367.1;491.0;644.8
26;2025-12-15;7;821.4;1096.0;1599.5
26;2025-12-15;8;1527.4;2162.0;3229.8
26;2025-12-15;9;1087.7;1458.0;1941.1
26;2025-12-15;10;884.4;1207.0;1622.3
26;2025-12-15;11;771.2;1088.0;1507.5
26;2025-12-15;12;774.9;1131.0;1553.8
26;2025-12-15;13;766.7;1159.0;1667.2
26;2025-12-15;14;817.1;1237.0;1830.5
26;2025-12-15;15;851.3;1317.0;2007.5
26;2025-12-15;16;982.2;1460.0;2145.0
26;2025-12-15;17;1228.2;1672.0;2417.6
26;2025-12-15;18;1407.7;1855.0;2570.6
26;2025-12-15;19;941.7;1260.0;1702.5
26;2025-12-15;20;588.3;764.0;984.9
26;2025-12-15;21;351.1;475.0;637.7
26;2025-12-15;22;155.4;226.0;320.1
26;2025-12-15;23;39.6;119.0;188.9
26;2025-12-16;0;0.0;31.0;60.3
26;2025-12-16;1;0.0;1.0;2.9
26;2025-12-16;2;0.0;0.0;0.0
26;2025-12-16;3;0.0;0.0;0.0
26;2025-12-16;4;0.0;3.0;7.3
26;2025-12-16;5;66.1;89.0;131.2
26;2025-12-16;6;367.1;491.0;644.8
26;2025-12-16;7;821.4;1096.0;1599.5
26;2025-12-16;8;1527.4;2162.0;3229.8
26;2025-12-16;9;1087.7;1458.0;1941.1
26;2025-12-16;10;884.4;1207.0;1622.3
26;2025-12-16;11;771.2;1088.0;1507.5
26;2025-12-16;12;774.9;1131.0;1553.8
26;2025-12-16;13;766.7;1159.0;1667.2
26;2025-12-16;14;817.1;1237.0;1830.5
26;2025-12-16;15;851.3;1317.0;2007.5
26;2025-12-16;16;982.2;1460.0;2145.0
26;2025-12-16;17;1228.2;1672.0;2417.6
26;2025-12-16;18;1407.7;1855.0;2570.6
26;2025-12-16;19;941.7;1260.0;1702.5
26;2025-12-16;20;588.3;764.0;984.9
26;2025-12-16;21;351.1;475.0;637.7
26;2025-12-16;22;155.4;226.0;320.1
26;2025-12-16;23;39.6;119.0;188.9
26;2025-12-17;0;0.0;31.0;60.3
26;2025-12-17;1;0.0;1.0;2.9
26;2025-12-17;2;0.0;0.0;0.0
26;2025-12-17;3;0.0;0.0;0.0
26;2025-12-17;4;0.0;3.0;7.3
26;2025-12-17;5;66.1;89.0;131.2
26;2025-12-17;6;367.1;491.0;644.8
26;2025-12-17;7;821.4;1096.0;1599.5
26;2025-12-17;8;1527.4;2162.0;3229.8
26;2025-12-17;9;1087.7;1458.0;1941.1
26;2025-12-17;10;884.4;1207.0;1622.3
26;2025-12-17;11;771.2;1088.0;1507.5
26;2025-12-17;12;774.9;1131.0;1553.8
26;2025-12-17;13;766.7;1159.0;1667.2
26;2025-12-17;14;817.1;1237.0;1830.5
26;2025-12-17;15;851.3;1317.0;2007.5
26;2025-12-17;16;982.2;1460.0;2145.0
26;2025-12-17;17;1228.2;1672.0;2417.6
26;2025-12-17;18;1407.7;1855.0;2570.6
26;2025-12-17;19;941.7;1260.0;1702.5
26;2025-12-17;20;588.3;764.0;984.9
26;2025-12-17;21;351.1;475.0;637.7
26;2025-12-17;22;155.4;226.0;320.1
26;2025-12-17;23;39.6;119.0;188.9
26;2025-12-18;0;0.0;31.0;60.3
26;2025-12-18;1;0.0;1.0;2.9
26;2025-12-18;2;0.0;0.0;0.0
26;2025-12-18;3;0.0;0.0;0.0
26;2025-12-18;4;0.0;3.0;7.3
26;2025-12-18;5;66.1;89.0;131.2
26;2025-12-18;6;367.1;491.0;644.8
26;2025-12-18;7;821.4;1096.0;1599.5
26;2025-12-18;8;1527.4;2162.0;3229.8
26;2025-12-18;9;1087.7;1458.0;1941.1
26;2025-12-18;10;884.4;1207.0;1622.3
26;2025-12-18;11;771.2;1088.0;1507.5
26;2025-12-18;12;774.9;1131.0;1553.8
26;2025-12-18;13;766.7;1159.0;1667.2
26;2025-12-18;14;817.1;1237.0;1830.5
26;2025-12-18;15;851.3;1317.0;2007.5
26;2025-12-18;16;982.2;1460.0;2145.0
26;2025-12-18;17;1228.2;1672.0;2417.6
26;2025-12-18;18;1407.7;1855.0;2570.6
26;2025-12-18;19;941.7;1260.0;1702.5
26;2025-12-18;20;588.3;764.0;984.9
26;2025-12-18;21;351.1;475.0;637.7
26;2025-12-18;22;155.4;226.0;320.1
26;2025-12-18;23;39.6;119.0;188.9
26;2025-12-19;0;0.0;34.0;59.4
26;2025-12-19;1;0.0;2.0;5.5
26;2025-12-19;2;0.0;0.0;0.0
26;2025-12-19;3;0.0;0.0;0.0
26;2025-12-19;4;0.0;2.0;5.1
26;2025-12-19;5;60.1;84.0;129.6
26;2025-12-19;6;357.1;509.0;673.5
26;2025-12-19;7;743.8;1064.0;1591.5
26;2025-12-19;8;1433.2;2123.0;3100.7
26;2025-12-19;9;971.6;1420.0;1859.8
26;2025-12-19;10;860.0;1230.0;1736.3
26;2025-12-19;11;763.0;1102.0;1515.8
26;2025-12-19;12;770.7;1152.0;1690.2
26;2025-12-19;13;784.7;1211.0;1831.1
26;2025-12-19;14;814.5;1301.0;1906.1
26;2025-12-19;15;948.5;1406.0;2188.7
26;2025-12-19;16;1133.5;1668.0;2483.1
26;2025-12-19;17;1212.7;1749.0;2529.6
26;2025-12-19;18;964.1;1408.0;1910.9
26;2025-12-19;19;795.3;1098.0;1458.4
26;2025-12-19;20;539.7;731.0;946.2
26;2025-12-19;21;331.1;468.0;647.4
26;2025-12-19;22;155.7;238.0;345.1
26;2025-12-19;23;52.3;158.0;273.5
26;2025-12-20;0;0.0;44.0;82.1
26;2025-12-20;1;0.0;2.0;6.0
26;2025-12-20;2;0.0;0.0;0.0
26;2025-12-20;3;0.0;0.0;0.0
26;2025-12-20;4;0.0;2.0;5.2
26;2025-12-20;5;23.5;46.0;71.7
26;2025-12-20;6;150.7;253.0;365.5
26;2025-12-20;7;236.0;367.0;520.2
26;2025-12-20;8;350.9;588.0;879.4
26;2025-12-20;9;401.0;671.0;944.4
26;2025-12-20;10;473.9;800.0;1135.2
26;2025-12-20;11;574.5;972.0;1392.2
26;2025-12-20;12;564.5;1036.0;1518.2
26;2025-12-20;13;502.8;1012.0;1486.1
26;2025-12-20;14;625.5;1043.0;1568.5
26;2025-12-20;15;553.0;946.0;1385.5
26;2025-12-20;16;575.9;970.0;1429.5
26;2025-12-20;17;538.7;912.0;1263.0
26;2025-12-20;18;530.6;861.0;1238.7
26;2025-12-20;19;511.7;769.0;1055.4
26;2025-12-20;20;352.1;533.0;701.3
26;2025-12-20;21;230.6;354.0;495.8
26;2025-12-20;22;132.5;213.0;309.7
26;2025-12-20;23;48.8;145.0;234.2
26;2025-12-21;0;0.0;51.0;94.4
26;2025-12-21;1;0.0;6.0;19.0
26;2025-12-21;2;0.0;0.0;0.0
26;2025-12-21;3;0.0;0.0;0.0
26;2025-12-21;4;0.0;1.0;3.1
26;2025-12-21;5;13.1;28.0;48.5
26;2025-12-21;6;106.6;156.0;237.7
26;2025-12-21;7;174.6;253.0;332.6
26;2025-12-21;8;269.6;376.0;484.7
26;2025-12-21;9;344.0;524.0;707.8
26;2025-12-21;10;369.0;586.0;781.1
26;2025-12-21;11;449.9;790.0;1070.3
26;2025-12-21;12;498.0;810.0;1093.8
26;2025-12-21;13;520.7;861.0;1162.7
26;2025-12-21;14;509.3;839.0;1177.8
26;2025-12-21;15;489.1;777.0;1092.2
26;2025-12-21;16;469.4;763.0;1091.2
26;2025-12-21;17;488.6;768.0;1090.9
26;2025-12-21;18;461.2;704.0;984.4
26;2025-12-21;19;344.1;540.0;728.6
26;2025-12-21;20;269.0;404.0;556.0
26;2025-12-21;21;197.8;284.0;407.5
26;2025-12-21;22;121.5;185.0;268.8
26;2025-12-21;23;55.9;103.0;166.7
26;2025-12-22;0;0.0;31.0;60.3
26;2025-12-22;1;0.0;1.0;2.9
26;2025-12-22;2;0.0;0.0;0.0
26;2025-12-22;3;0.0;0.0;0.0
26;2025-12-22;4;0.0;3.0;7.3
26;2025-12-22;5;66.1;89.0;131.2
26;2025-12-22;6;367.1;491.0;644.8
26;2025-12-22;7;821.4;1096.0;1599.5
26;2025-12-22;8;1527.4;2162.0;3229.8
26;2025-12-22;9;1087.7;1458.0;1941.1
26;2025-12-22;10;884.4;1207.0;1622.3
26;2025-12-22;11;771.2;1088.0;1507.5
26;2025-12-22;12;774.9;1131.0;1553.8
26;2025-12-22;13;766.7;1159.0;1667.2
26;2025-12-22;14;817.1;1237.0;1830.5
26;2025-12-22;15;851.3;1317.0;2007.5
26;2025-12-22;16;982.2;1460.0;2145.0
26;2025-12-22;17;1228.2;1672.0;2417.6
26;2025-12-22;18;1407.7;1855.0;2570.6
26;2025-12-22;19;941.7;1260.0;1702.5
26;2025-12-22;20;588.3;764.0;984.9
26;2025-12-22;21;351.1;475.0;637.7
26;2025-12-22;22;155.4;226.0;320.1
26;2025-12-22;23;39.6;119.0;188.9
26;2025-12-23;0;0.0;31.0;60.3
26;2025-12-23;1;0.0;1.0;2.9
26;2025-12-23;2;0.0;0.0;0.0
26;2025-12-23;3;0.0;0.0;0.0
26;2025-12-23;4;0.0;3.0;7.3
26;2025-12-23;5;66.1;89.0;131.2
26;2025-12-23;6;367.1;491.0;644.8
26;2025-12-23;7;821.4;1096.0;1599.5
26;2025-12-23;8;1527.4;2162.0;3229.8
26;2025-12-23;9;1087.7;1458.0;1941.1
26;2025-12-23;10;884.4;1207.0;1622.3
26;2025-12-23;11;771.2;1088.0;1507.5
26;2025-12-23;12;774.9;1131.0;1553.8
26;2025-12-23;13;766.7;1159.0;1667.2
26;2025-12-23;14;817.1;1237.0;1830.5
26;2025-12-23;15;851.3;1317.0;2007.5
26;2025-12-23;16;982.2;1460.0;2145.0
26;2025-12-23;17;1228.2;1672.0;2417.6
26;2025-12-23;18;1407.7;1855.0;2570.6
26;2025-12-23;19;941.7;1260.0;1702.5
26;2025-12-23;20;588.3;764.0;984.9
26;2025-12-23;21;351.1;475.0;637.7
26;2025-12-23;22;155.4;226.0;320.1
26;2025-12-23;23;39.6;119.0;188.9
26;2025-12-24;0;0.0;31.0;60.3
26;2025-12-24;1;0.0;1.0;2.9
26;2025-12-24;2;0.0;0.0;0.0
26;2025-12-24;3;0.0;0.0;0.0
26;2025-12-24;4;0.0;3.0;7.3
26;2025-12-24;5;66.1;89.0;131.2
26;2025-12-24;6;367.1;491.0;644.8
26;2025-12-24;7;821.4;1096.0;1599.5
26;2025-12-24;8;1527.4;2162.0;3229.8
26;2025-12-24;9;1087.7;1458.0;1941.1
26;2025-12-24;10;884.4;1207.0;1622.3
26;2025-12-24;11;771.2;1088.0;1507.5
26;2025-12-24;12;774.9;1131.0;1553.8
26;2025-12-24;13;766.7;1159.0;1667.2
26;2025-12-24;14;817.1;1237.0;1830.5
26;2025-12-24;15;851.3;1317.0;2007.5
26;2025-12-24;16;982.2;1460.0;2145.0
26;2025-12-24;17;1228.2;1672.0;2417.6
26;2025-12-24;18;1407.7;1855.0;2570.6
26;2025-12-24;19;941.7;1260.0;1702.5
26;2025-12-24;20;588.3;764.0;984.9
26;2025-12-24;21;351.1;475.0;637.7
26;2025-12-24;22;155.4;226.0;320.1
26;2025-12-24;23;39.6;119.0;188.9
26;2025-12-25;0;0.0;31.0;60.3
26;2025-12-25;1;0.0;1.0;2.9
26;2025-12-25;2;0.0;0.0;0.0
26;2025-12-25;3;0.0;0.0;0.0
26;2025-12-25;4;0.0;3.0;7.3
26;2025-12-25;5;66.1;89.0;131.2
26;2025-12-25;6;367.1;491.0;644.8
26;2025-12-25;7;821.4;1096.0;1599.5
26;2025-12-25;8;1527.4;2162.0;3229.8
26;2025-12-25;9;1087.7;1458.0;1941.1
26;2025-12-25;10;884.4;1207.0;1622.3
26;2025-12-25;11;771.2;1088.0;1507.5
26;2025-12-25;12;774.9;1131.0;1553.8
26;2025-12-25;13;766.7;1159.0;1667.2
26;2025-12-25;14;817.1;1237.0;1830.5
26;2025-12-25;15;851.3;1317.0;2007.5
26;2025-12-25;16;982.2;1460.0;2145.0
26;2025-12-25;17;1228.2;1672.0;2417.6
26;2025-12-25;18;1407.7;1855.0;2570.6
26;2025-12-25;19;941.7;1260.0;1702.5
26;2025-12-25;20;588.3;764.0;984.9
26;2025-12-25;21;351.1;475.0;637.7
26;2025-12-25;22;155.4;226.0;320.1
26;2025-12-25;23;39.6;119.0;188.9
26;2025-12-26;0;0.0;34.0;59.4
26;2025-12-26;1;0.0;2.0;5.5
26;2025-12-26;2;0.0;0.0;0.0
26;2025-12-26;3;0.0;0.0;0.0
26;2025-12-26;4;0.0;2.0;5.1
26;2025-12-26;5;60.1;84.0;129.6
26;2025-12-26;6;357.1;509.0;673.5
26;2025-12-26;7;743.8;1064.0;1591.5
26;2025-12-26;8;1433.2;2123.0;3100.7
26;2025-12-26;9;971.6;1420.0;1859.8
26;2025-12-26;10;860.0;1230.0;1736.3
26;2025-12-26;11;763.0;1102.0;1515.8
26;2025-12-26;12;770.7;1152.0;1690.2
26;2025-12-26;13;784.7;1211.0;1831.1
26;2025-12-26;14;814.5;1301.0;1906.1
26;2025-12-26;15;948.5;1406.0;2188.7
26;2025-12-26;16;1133.5;1668.0;2483.1
26;2025-12-26;17;1212.7;1749.0;2529.6
26;2025-12-26;18;964.1;1408.0;1910.9
26;2025-12-26;19;795.3;1098.0;1458.4
26;2025-12-26;20;539.7;731.0;946.2
26;2025-12-26;21;331.1;468.0;647.4
26;2025-12-26;22;155.7;238.0;345.1
26;2025-12-26;23;52.3;158.0;273.5
26;2025-12-27;0;0.0;44.0;83.4
26;2025-12-27;1;0.0;2.0;7.0
26;2025-12-27;2;0.0;0.0;0.0
26;2025-12-27;3;0.0;0.0;0.0
26;2025-12-27;4;0.0;2.0;5.9
26;2025-12-27;5;24.6;46.0;69.9
26;2025-12-27;6;133.4;253.0;336.6
26;2025-12-27;7;225.0;367.0;476.7
26;2025-12-27;8;336.6;588.0;898.8
26;2025-12-27;9;400.0;671.0;968.6
26;2025-12-27;10;419.9;800.0;1069.3
26;2025-12-27;11;458.7;972.0;1412.4
26;2025-12-27;12;483.7;1036.0;1645.7
26;2025-12-27;13;479.4;1012.0;1591.9
26;2025-12-27;14;605.5;1043.0;1785.2
26;2025-12-27;15;542.1;946.0;1469.5
26;2025-12-27;16;619.4;970.0;1630.5
26;2025-12-27;17;519.5;912.0;1319.1
26;2025-12-27;18;485.0;861.0;1219.5
26;2025-12-27;19;479.0;769.0;1005.1
26;2025-12-27;20;359.7;533.0;671.3
26;2025-12-27;21;257.3;354.0;494.9
26;2025-12-27;22;134.8;213.0;296.0
26;2025-12-27;23;41.6;145.0;224.1
26;2025-12-28;0;0.0;51.0;96.6
26;2025-12-28;1;0.0;6.0;16.6
26;2025-12-28;2;0.0;0.0;0.0
26;2025-12-28;3;0.0;0.0;0.0
26;2025-12-28;4;0.0;1.0;3.2
26;2025-12-28;5;11.8;28.0;51.9
26;2025-12-28;6;97.3;156.0;254.6
26;2025-12-28;7;178.8;253.0;367.1
26;2025-12-28;8;274.2;376.0;534.4
26;2025-12-28;9;344.7;524.0;785.7
26;2025-12-28;10;350.0;586.0;852.3
26;2025-12-28;11;490.7;790.0;1229.7
26;2025-12-28;12;559.1;810.0;1219.2
26;2025-12-28;13;583.0;861.0;1333.5
26;2025-12-28;14;611.6;839.0;1290.8
26;2025-12-28;15;530.0;777.0;1250.1
26;2025-12-28;16;503.0;763.0;1239.8
26;2025-12-28;17;508.8;768.0;1164.2
26;2025-12-28;18;461.1;704.0;1014.9
26;2025-12-28;19;358.6;540.0;692.4
26;2025-12-28;20;264.0;404.0;600.5
26;2025-12-28;21;201.5;284.0;447.5
26;2025-12-28;22;117.9;185.0;311.9
26;2025-12-28;23;44.5;103.0;176.6
26;2025-12-29;0;0.0;28.0;56.2
26;2025-12-29;1;0.0;1.0;2.9
26;2025-12-29;2;0.0;0.0;0.0
26;2025-12-29;3;0.0;0.0;0.0
26;2025-12-29;4;0.0;3.0;7.9
26;2025-12-29;5;46.8;78.0;117.0
26;2025-12-29;6;259.2;432.0;648.0
26;2025-12-29;7;579.0;965.0;1461.8
26;2025-12-29;8;1141.8;1903.0;2972.3
26;2025-12-29;9;769.2;1282.0;1923.0
26;2025-12-29;10;637.2;1062.0;1593.0
26;2025-12-29;11;574.2;957.0;1435.5
26;2025-12-29;12;597.0;995.0;1492.5
26;2025-12-29;13;612.0;1020.0;1530.0
26;2025-12-29;14;652.8;1088.0;1667.1
26;2025-12-29;15;695.4;1159.0;1837.5
26;2025-12-29;16;771.0;1285.0;1963.2
26;2025-12-29;17;883.2;1472.0;2236.3
26;2025-12-29;18;979.2;1632.0;2448.0
26;2025-12-29;19;665.4;1109.0;1663.5
26;2025-12-29;20;402.6;671.0;1006.5
26;2025-12-29;21;250.8;418.0;627.0
26;2025-12-29;22;119.4;199.0;298.5
26;2025-12-29;23;34.9;105.0;171.9
26;2025-12-30;0;0.0;28.0;56.2
26;2025-12-30;1;0.0;1.0;2.9
26;2025-12-30;2;0.0;0.0;0.0
26;2025-12-30;3;0.0;0.0;0.0
26;2025-12-30;4;0.0;3.0;7.9
26;2025-12-30;5;46.8;78.0;117.0
26;2025-12-30;6;259.2;432.0;648.0
26;2025-12-30;7;579.0;965.0;1461.8
26;2025-12-30;8;1141.8;1903.0;2972.3
26;2025-12-30;9;769.2;1282.0;1923.0
26;2025-12-30;10;637.2;1062.0;1593.0
26;2025-12-30;11;574.2;957.0;1435.5
26;2025-12-30;12;597.0;995.0;1492.5
26;2025-12-30;13;612.0;1020.0;1530.0
26;2025-12-30;14;652.8;1088.0;1667.1
26;2025-12-30;15;695.4;1159.0;1837.5
26;2025-12-30;16;771.0;1285.0;1963.2
26;2025-12-30;17;883.2;1472.0;2236.3
26;2025-12-30;18;979.2;1632.0;2448.0
26;2025-12-30;19;665.4;1109.0;1663.5
26;2025-12-30;20;402.6;671.0;1006.5
26;2025-12-30;21;250.8;418.0;627.0
26;2025-12-30;22;119.4;199.0;298.5
26;2025-12-30;23;34.9;105.0;171.9
26;2025-12-31;0;0.0;45.0;85.2
26;2025-12-31;1;0.0;3.0;8.3
26;2025-12-31;2;0.0;0.0;0.0
26;2025-12-31;3;0.0;0.0;0.0
26;2025-12-31;4;0.0;1.0;3.2
26;2025-12-31;5;24.1;57.0;105.6
26;2025-12-31;6;114.6;191.0;311.7
26;2025-12-31;7;181.2;302.0;453.0
26;2025-12-31;8;304.2;507.0;760.5
26;2025-12-31;9;332.4;554.0;831.0
26;2025-12-31;10;407.4;682.0;1023.0
26;2025-12-31;11;473.4;789.0;1228.1
26;2025-12-31;12;530.4;884.0;1330.5
26;2025-12-31;13;511.8;853.0;1321.1
26;2025-12-31;14;535.2;892.0;1372.3
26;2025-12-31;15;487.8;813.0;1308.1
26;2025-12-31;16;526.2;877.0;1425.0
26;2025-12-31;17;468.6;781.0;1183.9
26;2025-12-31;18;442.2;737.0;1105.5
26;2025-12-31;19;403.2;672.0;1008.0
26;2025-12-31;20;0.0;0.0;0.0
26;2025-12-31;21;0.0;0.0;0.0
26;2025-12-31;22;0.0;0.0;0.0
26;2025-12-31;23;0.0;0.0;0.0
28;2025-11-01;0;0.0;0.0;0.0
28;2025-11-01;1;0.0;0.0;0.0
28;2025-11-01;2;0.0;0.0;0.0
28;2025-11-01;3;0.0;0.0;0.0
28;2025-11-01;4;0.0;1.0;2.2
28;2025-11-01;5;51.3;68.0;107.3
28;2025-11-01;6;176.8;231.0;289.1
28;2025-11-01;7;566.4;700.0;860.6
28;2025-11-01;8;880.4;1067.0;1306.0
28;2025-11-01;9;581.8;722.0;866.7
28;2025-11-01;10;435.8;544.0;659.9
28;2025-11-01;11;381.1;505.0;613.1
28;2025-11-01;12;489.3;635.0;766.3
28;2025-11-01;13;468.3;621.0;786.3
28;2025-11-01;14;462.0;609.0;761.8
28;2025-11-01;15;503.1;630.0;795.6
28;2025-11-01;16;636.5;817.0;1005.2
28;2025-11-01;17;691.9;863.0;1030.5
28;2025-11-01;18;574.3;726.0;878.4
28;2025-11-01;19;438.3;555.0;692.4
28;2025-11-01;20;320.3;402.0;532.6
28;2025-11-01;21;215.3;279.0;364.6
28;2025-11-01;22;81.2;121.0;163.0
28;2025-11-01;23;7.6;18.0;27.5
28;2025-11-02;0;0.0;3.0;5.5
28;2025-11-02;1;0.0;0.0;0.0
28;2025-11-02;2;0.0;0.0;0.0
28;2025-11-02;3;0.0;0.0;0.0
28;2025-11-02;4;0.0;0.0;0.0
28;2025-11-02;5;15.6;32.0;53.1
28;2025-11-02;6;60.2;86.0;121.6
28;2025-11-02;7;114.0;161.0;209.5
28;2025-11-02;8;194.7;259.0;336.6
28;2025-11-02;9;253.3;353.0;449.6
28;2025-11-02;10;264.0;394.0;488.2
28;2025-11-02;11;291.9;435.0;554.8
28;2025-11-02;12;322.9;476.0;589.7
28;2025-11-02;13;380.5;557.0;705.3
28;2025-11-02;14;362.8;537.0;698.0
28;2025-11-02;15;369.0;532.0;701.7
28;2025-11-02;16;334.5;495.0;650.2
28;2025-11-02;17;341.7;501.0;647.6
28;2025-11-02;18;308.1;436.0;576.2
28;2025-11-02;19;271.5;379.0;514.6
28;2025-11-02;20;216.7;303.0;415.8
28;2025-11-02;21;181.5;250.0;361.3
28;2025-11-02;22;73.7;112.0;166.2
28;2025-11-02;23;8.1;14.0;22.3
28;2025-11-03;0;0.0;3.0;5.5
28;2025-11-03;1;0.0;0.0;0.0
28;2025-11-03;2;0.0;0.0;0.0
28;2025-11-03;3;0.0;0.0;0.0
28;2025-11-03;4;0.0;0.0;0.0
28;2025-11-03;5;15.6;32.0;53.1
28;2025-11-03;6;60.2;86.0;121.6
28;2025-11-03;7;114.0;161.0;209.5
28;2025-11-03;8;194.7;259.0;336.6
28;2025-11-03;9;253.3;353.0;449.6
28;2025-11-03;10;264.0;394.0;488.2
28;2025-11-03;11;291.9;435.0;554.8
28;2025-11-03;12;322.9;476.0;589.7
28;2025-11-03;13;380.5;557.0;705.3
28;2025-11-03;14;362.8;537.0;698.0
28;2025-11-03;15;369.0;532.0;701.7
28;2025-11-03;16;334.5;495.0;650.2
28;2025-11-03;17;341.7;501.0;647.6
28;2025-11-03;18;308.1;436.0;576.2
28;2025-11-03;19;271.5;379.0;514.6
28;2025-11-03;20;216.7;303.0;415.8
28;2025-11-03;21;181.5;250.0;361.3
28;2025-11-03;22;73.7;112.0;166.2
28;2025-11-03;23;8.1;14.0;22.3
28;2025-11-04;0;0.0;3.0;5.5
28;2025-11-04;1;0.0;0.0;0.0
28;2025-11-04;2;0.0;0.0;0.0
28;2025-11-04;3;0.0;0.0;0.0
28;2025-11-04;4;0.0;0.0;0.0
28;2025-11-04;5;15.6;32.0;53.1
28;2025-11-04;6;60.2;86.0;121.6
28;2025-11-04;7;114.0;161.0;209.5
28;2025-11-04;8;194.7;259.0;336.6
28;2025-11-04;9;253.3;353.0;449.6
28;2025-11-04;10;264.0;394.0;488.2
28;2025-11-04;11;291.9;435.0;554.8
28;2025-11-04;12;322.9;476.0;589.7
28;2025-11-04;13;380.5;557.0;705.3
28;2025-11-04;14;362.8;537.0;698.0
28;2025-11-04;15;369.0;532.0;701.7
28;2025-11-04;16;334.5;495.0;650.2
28;2025-11-04;17;341.7;501.0;647.6
28;2025-11-04;18;308.1;436.0;576.2
28;2025-11-04;19;271.5;379.0;514.6
28;2025-11-04;20;216.7;303.0;415.8
28;2025-11-04;21;181.5;250.0;361.3
28;2025-11-04;22;73.7;112.0;166.2
28;2025-11-04;23;8.1;14.0;22.3
28;2025-11-05;0;0.0;3.0;5.9
28;2025-11-05;1;0.0;1.0;2.8
28;2025-11-05;2;0.0;0.0;0.0
28;2025-11-05;3;0.0;0.0;0.0
28;2025-11-05;4;0.0;1.0;2.1
28;2025-11-05;5;62.0;82.0;114.4
28;2025-11-05;6;221.0;272.0;333.7
28;2025-11-05;7;683.9;819.0;959.5
28;2025-11-05;8;1057.1;1274.0;1512.4
28;2025-11-05;9;730.0;870.0;1018.2
28;2025-11-05;10;521.0;641.0;758.8
28;2025-11-05;11;467.6;581.0;696.4
28;2025-11-05;12;566.0;706.0;857.8
28;2025-11-05;13;563.3;728.0;886.7
28;2025-11-05;14;515.7;672.0;822.6
28;2025-11-05;15;535.4;703.0;866.7
28;2025-11-05;16;700.8;881.0;1069.2
28;2025-11-05;17;829.9;1012.0;1198.8
28;2025-11-05;18;828.5;1003.0;1199.6
28;2025-11-05;19;606.8;754.0;929.8
28;2025-11-05;20;426.5;527.0;640.5
28;2025-11-05;21;254.5;325.0;419.8
28;2025-11-05;22;95.8;134.0;181.1
28;2025-11-05;23;7.1;18.0;27.3
28;2025-11-06;0;0.0;3.0;5.9
28;2025-11-06;1;0.0;1.0;2.8
28;2025-11-06;2;0.0;0.0;0.0
28;2025-11-06;3;0.0;0.0;0.0
28;2025-11-06;4;0.0;1.0;2.1
28;2025-11-06;5;62.0;82.0;114.4
28;2025-11-06;6;221.0;272.0;333.7
28;2025-11-06;7;683.9;819.0;959.5
28;2025-11-06;8;1057.1;1274.0;1512.4
28;2025-11-06;9;730.0;870.0;1018.2
28;2025-11-06;10;521.0;641.0;758.8
28;2025-11-06;11;467.6;581.0;696.4
28;2025-11-06;12;566.0;706.0;857.8
28;2025-11-06;13;563.3;728.0;886.7
28;2025-11-06;14;515.7;672.0;822.6
28;2025-11-06;15;535.4;703.0;866.7
28;2025-11-06;16;700.8;881.0;1069.2
28;2025-11-06;17;829.9;1012.0;1198.8
28;2025-11-06;18;828.5;1003.0;1199.6
28;2025-11-06;19;606.8;754.0;929.8
28;2025-11-06;20;426.5;527.0;640.5
28;2025-11-06;21;254.5;325.0;419.8
28;2025-11-06;22;95.8;134.0;181.1
28;2025-11-06;23;7.1;18.0;27.3
28;2025-11-07;0;0.0;3.0;4.8
28;2025-11-07;1;0.0;0.0;0.0
28;2025-11-07;2;0.0;0.0;0.0
28;2025-11-07;3;0.0;0.0;0.0
28;2025-11-07;4;0.0;2.0;4.5
28;2025-11-07;5;63.4;84.0;132.5
28;2025-11-07;6;221.2;289.0;361.7
28;2025-11-07;7;708.0;875.0;1075.8
28;2025-11-07;8;1100.7;1334.0;1632.7
28;2025-11-07;9;726.8;902.0;1082.8
28;2025-11-07;10;544.8;680.0;824.9
28;2025-11-07;11;475.4;630.0;764.9
28;2025-11-07;12;611.8;794.0;958.2
28;2025-11-07;13;585.2;776.0;982.5
28;2025-11-07;14;577.3;761.0;951.9
28;2025-11-07;15;628.4;787.0;993.8
28;2025-11-07;16;795.4;1021.0;1256.2
28;2025-11-07;17;864.2;1078.0;1287.2
28;2025-11-07;18;718.2;908.0;1098.6
28;2025-11-07;19;548.0;694.0;865.9
28;2025-11-07;20;400.8;503.0;666.4
28;2025-11-07;21;269.3;349.0;456.1
28;2025-11-07;22;102.0;152.0;204.8
28;2025-11-07;23;9.2;22.0;33.6
28;2025-11-08;0;0.0;3.0;5.5
28;2025-11-08;1;0.0;0.0;0.0
28;2025-11-08;2;0.0;0.0;0.0
28;2025-11-08;3;0.0;0.0;0.0
28;2025-11-08;4;0.0;1.0;2.2
28;2025-11-08;5;21.0;36.0;56.0
28;2025-11-08;6;68.5;104.0;146.1
28;2025-11-08;7;155.1;223.0;290.0
28;2025-11-08;8;246.4;380.0;499.5
28;2025-11-08;9;311.5;459.0;606.4
28;2025-11-08;10;312.2;481.0;612.6
28;2025-11-08;11;321.0;490.0;636.7
28;2025-11-08;12;365.6;572.0;734.3
28;2025-11-08;13;377.7;594.0;787.2
28;2025-11-08;14;395.7;592.0;790.7
28;2025-11-08;15;389.3;588.0;774.1
28;2025-11-08;16;381.9;568.0;745.4
28;2025-11-08;17;396.8;576.0;760.5
28;2025-11-08;18;367.2;497.0;668.6
28;2025-11-08;19;289.6;407.0;546.2
28;2025-11-08;20;213.5;303.0;431.9
28;2025-11-08;21;190.3;271.0;390.6
28;2025-11-08;22;85.1;129.0;193.7
28;2025-11-08;23;6.9;18.0;29.8
28;2025-11-09;0;0.0;3.0;5.5
28;2025-11-09;1;0.0;0.0;0.0
28;2025-11-09;2;0.0;0.0;0.0
28;2025-11-09;3;0.0;0.0;0.0
28;2025-11-09;4;0.0;0.0;0.0
28;2025-11-09;5;15.6;32.0;53.1
28;2025-11-09;6;60.2;86.0;121.6
28;2025-11-09;7;114.0;161.0;209.5
28;2025-11-09;8;194.7;259.0;336.6
28;2025-11-09;9;253.3;353.0;449.6
28;2025-11-09;10;264.0;394.0;488.2
28;2025-11-09;11;291.9;435.0;554.8
28;2025-11-09;12;322.9;476.0;589.7
28;2025-11-09;13;380.5;557.0;705.3
28;2025-11-09;14;362.8;537.0;698.0
28;2025-11-09;15;369.0;532.0;701.7
28;2025-11-09;16;334.5;495.0;650.2
28;2025-11-09;17;341.7;501.0;647.6
28;2025-11-09;18;308.1;436.0;576.2
28;2025-11-09;19;271.5;379.0;514.6
28;2025-11-09;20;216.7;303.0;415.8
28;2025-11-09;21;181.5;250.0;361.3
28;2025-11-09;22;73.7;112.0;166.2
28;2025-11-09;23;8.1;14.0;22.3
28;2025-11-10;0;0.0;3.0;5.9
28;2025-11-10;1;0.0;1.0;2.8
28;2025-11-10;2;0.0;0.0;0.0
28;2025-11-10;3;0.0;0.0;0.0
28;2025-11-10;4;0.0;1.0;2.1
28;2025-11-10;5;62.0;82.0;114.4
28;2025-11-10;6;221.0;272.0;333.7
28;2025-11-10;7;683.9;819.0;959.5
28;2025-11-10;8;1057.1;1274.0;1512.4
28;2025-11-10;9;730.0;870.0;1018.2
28;2025-11-10;10;521.0;641.0;758.8
28;2025-11-10;11;467.6;581.0;696.4
28;2025-11-10;12;566.0;706.0;857.8
28;2025-11-10;13;563.3;728.0;886.7
28;2025-11-10;14;515.7;672.0;822.6
28;2025-11-10;15;535.4;703.0;866.7
28;2025-11-10;16;700.8;881.0;1069.2
28;2025-11-10;17;829.9;1012.0;1198.8
28;2025-11-10;18;828.5;1003.0;1199.6
28;2025-11-10;19;606.8;754.0;929.8
28;2025-11-10;20;426.5;527.0;640.5
28;2025-11-10;21;254.5;325.0;419.8
28;2025-11-10;22;95.8;134.0;181.1
28;2025-11-10;23;7.1;18.0;27.3
28;2025-11-11;0;0.0;3.0;5.9
28;2025-11-11;1;0.0;1.0;2.8
28;2025-11-11;2;0.0;0.0;0.0
28;2025-11-11;3;0.0;0.0;0.0
28;2025-11-11;4;0.0;1.0;2.1
28;2025-11-11;5;62.0;82.0;114.4
28;2025-11-11;6;221.0;272.0;333.7
28;2025-11-11;7;683.9;819.0;959.5
28;2025-11-11;8;1057.1;1274.0;1512.4
28;2025-11-11;9;730.0;870.0;1018.2
28;2025-11-11;10;521.0;641.0;758.8
28;2025-11-11;11;467.6;581.0;696.4
28;2025-11-11;12;566.0;706.0;857.8
28;2025-11-11;13;563.3;728.0;886.7
28;2025-11-11;14;515.7;672.0;822.6
28;2025-11-11;15;535.4;703.0;866.7
28;2025-11-11;16;700.8;881.0;1069.2
28;2025-11-11;17;829.9;1012.0;1198.8
28;2025-11-11;18;828.5;1003.0;1199.6
28;2025-11-11;19;606.8;754.0;929.8
28;2025-11-11;20;426.5;527.0;640.5
28;2025-11-11;21;254.5;325.0;419.8
28;2025-11-11;22;95.8;134.0;181.1
28;2025-11-11;23;7.1;18.0;27.3
28;2025-11-12;0;0.0;3.0;5.9
28;2025-11-12;1;0.0;1.0;2.8
28;2025-11-12;2;0.0;0.0;0.0
28;2025-11-12;3;0.0;0.0;0.0
28;2025-11-12;4;0.0;1.0;2.1
28;2025-11-12;5;62.0;82.0;114.4
28;2025-11-12;6;221.0;272.0;333.7
28;2025-11-12;7;683.9;819.0;959.5
28;2025-11-12;8;1057.1;1274.0;1512.4
28;2025-11-12;9;730.0;870.0;1018.2
28;2025-11-12;10;521.0;641.0;758.8
28;2025-11-12;11;467.6;581.0;696.4
28;2025-11-12;12;566.0;706.0;857.8
28;2025-11-12;13;563.3;728.0;886.7
28;2025-11-12;14;515.7;672.0;822.6
28;2025-11-12;15;535.4;703.0;866.7
28;2025-11-12;16;700.8;881.0;1069.2
28;2025-11-12;17;829.9;1012.0;1198.8
28;2025-11-12;18;828.5;1003.0;1199.6
28;2025-11-12;19;606.8;754.0;929.8
28;2025-11-12;20;426.5;527.0;640.5
28;2025-11-12;21;254.5;325.0;419.8
28;2025-11-12;22;95.8;134.0;181.1
28;2025-11-12;23;7.1;18.0;27.3
28;2025-11-13;0;0.0;3.0;5.9
28;2025-11-13;1;0.0;1.0;2.8
28;2025-11-13;2;0.0;0.0;0.0
28;2025-11-13;3;0.0;0.0;0.0
28;2025-11-13;4;0.0;1.0;2.1
28;2025-11-13;5;62.0;82.0;114.4
28;2025-11-13;6;221.0;272.0;333.7
28;2025-11-13;7;683.9;819.0;959.5
28;2025-11-13;8;1057.1;1274.0;1512.4
28;2025-11-13;9;730.0;870.0;1018.2
28;2025-11-13;10;521.0;641.0;758.8
28;2025-11-13;11;467.6;581.0;696.4
28;2025-11-13;12;566.0;706.0;857.8
28;2025-11-13;13;563.3;728.0;886.7
28;2025-11-13;14;515.7;672.0;822.6
28;2025-11-13;15;535.4;703.0;866.7
28;2025-11-13;16;700.8;881.0;1069.2
28;2025-11-13;17;829.9;1012.0;1198.8
28;2025-11-13;18;828.5;1003.0;1199.6
28;2025-11-13;19;606.8;754.0;929.8
28;2025-11-13;20;426.5;527.0;640.5
28;2025-11-13;21;254.5;325.0;419.8
28;2025-11-13;22;95.8;134.0;181.1
28;2025-11-13;23;7.1;18.0;27.3
28;2025-11-14;0;0.0;3.0;4.8
28;2025-11-14;1;0.0;0.0;0.0
28;2025-11-14;2;0.0;0.0;0.0
28;2025-11-14;3;0.0;0.0;0.0
28;2025-11-14;4;0.0;2.0;4.5
28;2025-11-14;5;63.4;84.0;132.5
28;2025-11-14;6;221.2;289.0;361.7
28;2025-11-14;7;708.0;875.0;1075.8
28;2025-11-14;8;1100.7;1334.0;1632.7
28;2025-11-14;9;726.8;902.0;1082.8
28;2025-11-14;10;544.8;680.0;824.9
28;2025-11-14;11;475.4;630.0;764.9
28;2025-11-14;12;611.8;794.0;958.2
28;2025-11-14;13;585.2;776.0;982.5
28;2025-11-14;14;577.3;761.0;951.9
28;2025-11-14;15;628.4;787.0;993.8
28;2025-11-14;16;795.4;1021.0;1256.2
28;2025-11-14;17;864.2;1078.0;1287.2
28;2025-11-14;18;718.2;908.0;1098.6
28;2025-11-14;19;548.0;694.0;865.9
28;2025-11-14;20;400.8;503.0;666.4
28;2025-11-14;21;269.3;349.0;456.1
28;2025-11-14;22;102.0;152.0;204.8
28;2025-11-14;23;9.2;22.0;33.6
28;2025-11-15;0;0.0;3.0;6.0
28;2025-11-15;1;0.0;0.0;0.0
28;2025-11-15;2;0.0;0.0;0.0
28;2025-11-15;3;0.0;0.0;0.0
28;2025-11-15;4;0.0;1.0;2.3
28;2025-11-15;5;19.4;36.0;57.5
28;2025-11-15;6;64.3;104.0;143.7
28;2025-11-15;7;149.5;223.0;305.3
28;2025-11-15;8;248.4;380.0;527.3
28;2025-11-15;9;292.7;459.0;618.3
28;2025-11-15;10;299.5;481.0;641.6
28;2025-11-15;11;296.4;490.0;669.0
28;2025-11-15;12;338.5;572.0;764.1
28;2025-11-15;13;349.9;594.0;821.4
28;2025-11-15;14;389.4;592.0;843.9
28;2025-11-15;15;390.6;588.0;812.3
28;2025-11-15;16;376.3;568.0;763.6
28;2025-11-15;17;377.3;576.0;769.7
28;2025-11-15;18;346.1;497.0;683.1
28;2025-11-15;19;287.9;407.0;554.2
28;2025-11-15;20;208.7;303.0;414.7
28;2025-11-15;21;181.5;271.0;380.9
28;2025-11-15;22;83.1;129.0;188.8
28;2025-11-15;23;6.5;18.0;28.8
28;2025-11-16;0;0.0;3.0;5.4
28;2025-11-16;1;0.0;0.0;0.0
28;2025-11-16;2;0.0;0.0;0.0
28;2025-11-16;3;0.0;0.0;0.0
28;2025-11-16;4;0.0;0.0;0.0
28;2025-11-16;5;14.6;32.0;56.7
28;2025-11-16;6;58.2;86.0;132.4
28;2025-11-16;7;110.8;161.0;217.2
28;2025-11-16;8;184.1;259.0;348.0
28;2025-11-16;9;238.8;353.0;459.1
28;2025-11-16;10;261.9;394.0;504.8
28;2025-11-16;11;275.6;435.0;565.5
28;2025-11-16;12;312.1;476.0;610.8
28;2025-11-16;13;368.4;557.0;727.1
28;2025-11-16;14;360.5;537.0;732.5
28;2025-11-16;15;360.4;532.0;723.5
28;2025-11-16;16;334.5;495.0;675.1
28;2025-11-16;17;334.8;501.0;666.8
28;2025-11-16;18;308.3;436.0;594.4
28;2025-11-16;19;263.6;379.0;534.5
28;2025-11-16;20;212.7;303.0;432.9
28;2025-11-16;21;176.1;250.0;355.9
28;2025-11-16;22;73.0;112.0;165.3
28;2025-11-16;23;7.8;14.0;23.4
28;2025-11-17;0;0.0;3.0;6.0
28;2025-11-17;1;0.0;1.0;2.6
28;2025-11-17;2;0.0;0.0;0.0
28;2025-11-17;3;0.0;0.0;0.0
28;2025-11-17;4;0.0;1.0;2.2
28;2025-11-17;5;61.5;82.0;116.5
28;2025-11-17;6;215.1;272.0;344.8
28;2025-11-17;7;650.7;819.0;1060.7
28;2025-11-17;8;1002.1;1274.0;1673.7
28;2025-11-17;9;695.5;870.0;1054.7
28;2025-11-17;10;492.5;641.0;788.4
28;2025-11-17;11;442.8;581.0;733.8
28;2025-11-17;12;532.8;706.0;905.4
28;2025-11-17;13;521.8;728.0;942.4
28;2025-11-17;14;481.5;672.0;878.1
28;2025-11-17;15;496.3;703.0;933.1
28;2025-11-17;16;645.2;881.0;1145.6
28;2025-11-17;17;777.4;1012.0;1267.3
28;2025-11-17;18;796.7;1003.0;1271.6
28;2025-11-17;19;589.1;754.0;980.4
28;2025-11-17;20;419.6;527.0;663.7
28;2025-11-17;21;245.7;325.0;419.6
28;2025-11-17;22;93.2;134.0;184.4
28;2025-11-17;23;6.6;18.0;28.0
28;2025-11-18;0;0.0;3.0;6.0
28;2025-11-18;1;0.0;1.0;2.6
28;2025-11-18;2;0.0;0.0;0.0
28;2025-11-18;3;0.0;0.0;0.0
28;2025-11-18;4;0.0;1.0;2.2
28;2025-11-18;5;61.5;82.0;116.5
28;2025-11-18;6;215.1;272.0;344.8
28;2025-11-18;7;650.7;819.0;1060.7
28;2025-11-18;8;1002.1;1274.0;1673.7
28;2025-11-18;9;695.5;870.0;1054.7
28;2025-11-18;10;492.5;641.0;788.4
28;2025-11-18;11;442.8;581.0;733.8
28;2025-11-18;12;532.8;706.0;905.4
28;2025-11-18;13;521.8;728.0;942.4
28;2025-11-18;14;481.5;672.0;878.1
28;2025-11-18;15;496.3;703.0;933.1
28;2025-11-18;16;645.2;881.0;1145.6
28;2025-11-18;17;777.4;1012.0;1267.3
28;2025-11-18;18;796.7;1003.0;1271.6
28;2025-11-18;19;589.1;754.0;980.4
28;2025-11-18;20;419.6;527.0;663.7
28;2025-11-18;21;245.7;325.0;419.6
28;2025-11-18;22;93.2;134.0;184.4
28;2025-11-18;23;6.6;18.0;28.0
28;2025-11-19;0;0.0;3.0;6.0
28;2025-11-19;1;0.0;1.0;2.6
28;2025-11-19;2;0.0;0.0;0.0
28;2025-11-19;3;0.0;0.0;0.0
28;2025-11-19;4;0.0;1.0;2.2
28;2025-11-19;5;61.5;82.0;116.5
28;2025-11-19;6;215.1;272.0;344.8
28;2025-11-19;7;650.7;819.0;1060.7
28;2025-11-19;8;1002.1;1274.0;1673.7
28;2025-11-19;9;695.5;870.0;1054.7
28;2025-11-19;10;492.5;641.0;788.4
28;2025-11-19;11;442.8;581.0;733.8
28;2025-11-19;12;532.8;706.0;905.4
28;2025-11-19;13;521.8;728.0;942.4
28;2025-11-19;14;481.5;672.0;878.1
28;2025-11-19;15;496.3;703.0;933.1
28;2025-11-19;16;645.2;881.0;1145.6
28;2025-11-19;17;777.4;1012.0;1267.3
28;2025-11-19;18;796.7;1003.0;1271.6
28;2025-11-19;19;589.1;754.0;980.4
28;2025-11-19;20;419.6;527.0;663.7
28;2025-11-19;21;245.7;325.0;419.6
28;2025-11-19;22;93.2;134.0;184.4
28;2025-11-19;23;6.6;18.0;28.0
28;2025-11-20;0;0.0;3.0;6.0
28;2025-11-20;1;0.0;1.0;2.6
28;2025-11-20;2;0.0;0.0;0.0
28;2025-11-20;3;0.0;0.0;0.0
28;2025-11-20;4;0.0;1.0;2.2
28;2025-11-20;5;61.5;82.0;116.5
28;2025-11-20;6;215.1;272.0;344.8
28;2025-11-20;7;650.7;819.0;1060.7
28;2025-11-20;8;1002.1;1274.0;1673.7
28;2025-11-20;9;695.5;870.0;1054.7
28;2025-11-20;10;492.5;641.0;788.4
28;2025-11-20;11;442.8;581.0;733.8
28;2025-11-20;12;532.8;706.0;905.4
28;2025-11-20;13;521.8;728.0;942.4
28;2025-11-20;14;481.5;672.0;878.1
28;2025-11-20;15;496.3;703.0;933.1
28;2025-11-20;16;645.2;881.0;1145.6
28;2025-11-20;17;777.4;1012.0;1267.3
28;2025-11-20;18;796.7;1003.0;1271.6
28;2025-11-20;19;589.1;754.0;980.4
28;2025-11-20;20;419.6;527.0;663.7
28;2025-11-20;21;245.7;325.0;419.6
28;2025-11-20;22;93.2;134.0;184.4
28;2025-11-20;23;6.6;18.0;28.0
28;2025-11-21;0;0.0;3.0;5.0
28;2025-11-21;1;0.0;0.0;0.0
28;2025-11-21;2;0.0;0.0;0.0
28;2025-11-21;3;0.0;0.0;0.0
28;2025-11-21;4;0.0;2.0;4.7
28;2025-11-21;5;62.4;84.0;124.2
28;2025-11-21;6;211.0;289.0;371.1
28;2025-11-21;7;677.1;875.0;1172.2
28;2025-11-21;8;1028.2;1334.0;1767.6
28;2025-11-21;9;697.8;902.0;1105.5
28;2025-11-21;10;518.7;680.0;852.3
28;2025-11-21;11;453.0;630.0;790.0
28;2025-11-21;12;579.2;794.0;1002.5
28;2025-11-21;13;559.5;776.0;1034.4
28;2025-11-21;14;518.8;761.0;987.4
28;2025-11-21;15;570.8;787.0;1021.9
28;2025-11-21;16;726.1;1021.0;1323.9
28;2025-11-21;17;798.7;1078.0;1375.7
28;2025-11-21;18;694.3;908.0;1137.3
28;2025-11-21;19;539.1;694.0;887.9
28;2025-11-21;20;394.1;503.0;658.2
28;2025-11-21;21;261.4;349.0;471.6
28;2025-11-21;22;98.9;152.0;208.5
28;2025-11-21;23;8.4;22.0;34.4
28;2025-11-22;0;0.0;3.0;6.0
28;2025-11-22;1;0.0;0.0;0.0
28;2025-11-22;2;0.0;0.0;0.0
28;2025-11-22;3;0.0;0.0;0.0
28;2025-11-22;4;0.0;1.0;2.3
28;2025-11-22;5;19.4;36.0;57.5
28;2025-11-22;6;64.3;104.0;143.7
28;2025-11-22;7;149.5;223.0;305.3
28;2025-11-22;8;248.4;380.0;527.3
28;2025-11-22;9;292.7;459.0;618.3
28;2025-11-22;10;299.5;481.0;641.6
28;2025-11-22;11;296.4;490.0;669.0
28;2025-11-22;12;338.5;572.0;764.1
28;2025-11-22;13;349.9;594.0;821.4
28;2025-11-22;14;389.4;592.0;843.9
28;2025-11-22;15;390.6;588.0;812.3
28;2025-11-22;16;376.3;568.0;763.6
28;2025-11-22;17;377.3;576.0;769.7
28;2025-11-22;18;346.1;497.0;683.1
28;2025-11-22;19;287.9;407.0;554.2
28;2025-11-22;20;208.7;303.0;414.7
28;2025-11-22;21;181.5;271.0;380.9
28;2025-11-22;22;83.1;129.0;188.8
28;2025-11-22;23;6.5;18.0;28.8
28;2025-11-23;0;0.0;3.0;5.4
28;2025-11-23;1;0.0;0.0;0.0
28;2025-11-23;2;0.0;0.0;0.0
28;2025-11-23;3;0.0;0.0;0.0
28;2025-11-23;4;0.0;0.0;0.0
28;2025-11-23;5;14.6;32.0;56.7
28;2025-11-23;6;58.2;86.0;132.4
28;2025-11-23;7;110.8;161.0;217.2
28;2025-11-23;8;184.1;259.0;348.0
28;2025-11-23;9;238.8;353.0;459.1
28;2025-11-23;10;261.9;394.0;504.8
28;2025-11-23;11;275.6;435.0;565.5
28;2025-11-23;12;312.1;476.0;610.8
28;2025-11-23;13;368.4;557.0;727.1
28;2025-11-23;14;360.5;537.0;732.5
28;2025-11-23;15;360.4;532.0;723.5
28;2025-11-23;16;334.5;495.0;675.1
28;2025-11-23;17;334.8;501.0;666.8
28;2025-11-23;18;308.3;436.0;594.4
28;2025-11-23;19;263.6;379.0;534.5
28;2025-11-23;20;212.7;303.0;432.9
28;2025-11-23;21;176.1;250.0;355.9
28;2025-11-23;22;73.0;112.0;165.3
28;2025-11-23;23;7.8;14.0;23.4
28;2025-11-24;0;0.0;3.0;6.0
28;2025-11-24;1;0.0;1.0;2.6
28;2025-11-24;2;0.0;0.0;0.0
28;2025-11-24;3;0.0;0.0;0.0
28;2025-11-24;4;0.0;1.0;2.2
28;2025-11-24;5;61.5;82.0;116.5
28;2025-11-24;6;215.1;272.0;344.8
28;2025-11-24;7;650.7;819.0;1060.7
28;2025-11-24;8;1002.1;1274.0;1673.7
28;2025-11-24;9;695.5;870.0;1054.7
28;2025-11-24;10;492.5;641.0;788.4
28;2025-11-24;11;442.8;581.0;733.8
28;2025-11-24;12;532.8;706.0;905.4
28;2025-11-24;13;521.8;728.0;942.4
28;2025-11-24;14;481.5;672.0;878.1
28;2025-11-24;15;496.3;703.0;933.1
28;2025-11-24;16;645.2;881.0;1145.6
28;2025-11-24;17;777.4;1012.0;1267.3
28;2025-11-24;18;796.7;1003.0;1271.6
28;2025-11-24;19;589.1;754.0;980.4
28;2025-11-24;20;419.6;527.0;663.7
28;2025-11-24;21;245.7;325.0;419.6
28;2025-11-24;22;93.2;134.0;184.4
28;2025-11-24;23;6.6;18.0;28.0
28;2025-11-25;0;0.0;3.0;6.0
28;2025-11-25;1;0.0;1.0;2.6
28;2025-11-25;2;0.0;0.0;0.0
28;2025-11-25;3;0.0;0.0;0.0
28;2025-11-25;4;0.0;1.0;2.2
28;2025-11-25;5;61.5;82.0;116.5
28;2025-11-25;6;215.1;272.0;344.8
28;2025-11-25;7;650.7;819.0;1060.7
28;2025-11-25;8;1002.1;1274.0;1673.7
28;2025-11-25;9;695.5;870.0;1054.7
28;2025-11-25;10;492.5;641.0;788.4
28;2025-11-25;11;442.8;581.0;733.8
28;2025-11-25;12;532.8;706.0;905.4
28;2025-11-25;13;521.8;728.0;942.4
28;2025-11-25;14;481.5;672.0;878.1
28;2025-11-25;15;496.3;703.0;933.1
28;2025-11-25;16;645.2;881.0;1145.6
28;2025-11-25;17;777.4;1012.0;1267.3
28;2025-11-25;18;796.7;1003.0;1271.6
28;2025-11-25;19;589.1;754.0;980.4
28;2025-11-25;20;419.6;527.0;663.7
28;2025-11-25;21;245.7;325.0;419.6
28;2025-11-25;22;93.2;134.0;184.4
28;2025-11-25;23;6.6;18.0;28.0
28;2025-11-26;0;0.0;3.0;6.0
28;2025-11-26;1;0.0;1.0;2.6
28;2025-11-26;2;0.0;0.0;0.0
28;2025-11-26;3;0.0;0.0;0.0
28;2025-11-26;4;0.0;1.0;2.2
28;2025-11-26;5;61.5;82.0;116.5
28;2025-11-26;6;215.1;272.0;344.8
28;2025-11-26;7;650.7;819.0;1060.7
28;2025-11-26;8;1002.1;1274.0;1673.7
28;2025-11-26;9;695.5;870.0;1054.7
28;2025-11-26;10;492.5;641.0;788.4
28;2025-11-26;11;442.8;581.0;733.8
28;2025-11-26;12;532.8;706.0;905.4
28;2025-11-26;13;521.8;728.0;942.4
28;2025-11-26;14;481.5;672.0;878.1
28;2025-11-26;15;496.3;703.0;933.1
28;2025-11-26;16;645.2;881.0;1145.6
28;2025-11-26;17;777.4;1012.0;1267.3
28;2025-11-26;18;796.7;1003.0;1271.6
28;2025-11-26;19;589.1;754.0;980.4
28;2025-11-26;20;419.6;527.0;663.7
28;2025-11-26;21;245.7;325.0;419.6
28;2025-11-26;22;93.2;134.0;184.4
28;2025-11-26;23;6.6;18.0;28.0
28;2025-11-27;0;0.0;3.0;6.0
28;2025-11-27;1;0.0;1.0;2.6
28;2025-11-27;2;0.0;0.0;0.0
28;2025-11-27;3;0.0;0.0;0.0
28;2025-11-27;4;0.0;1.0;2.2
28;2025-11-27;5;61.5;82.0;116.5
28;2025-11-27;6;215.1;272.0;344.8
28;2025-11-27;7;650.7;819.0;1060.7
28;2025-11-27;8;1002.1;1274.0;1673.7
28;2025-11-27;9;695.5;870.0;1054.7
28;2025-11-27;10;492.5;641.0;788.4
28;2025-11-27;11;442.8;581.0;733.8
28;2025-11-27;12;532.8;706.0;905.4
28;2025-11-27;13;521.8;728.0;942.4
28;2025-11-27;14;481.5;672.0;878.1
28;2025-11-27;15;496.3;703.0;933.1
28;2025-11-27;16;645.2;881.0;1145.6
28;2025-11-27;17;777.4;1012.0;1267.3
28;2025-11-27;18;796.7;1003.0;1271.6
28;2025-11-27;19;589.1;754.0;980.4
28;2025-11-27;20;419.6;527.0;663.7
28;2025-11-27;21;245.7;325.0;419.6
28;2025-11-27;22;93.2;134.0;184.4
28;2025-11-27;23;6.6;18.0;28.0
28;2025-11-28;0;0.0;3.0;5.0
28;2025-11-28;1;0.0;0.0;0.0
28;2025-11-28;2;0.0;0.0;0.0
28;2025-11-28;3;0.0;0.0;0.0
28;2025-11-28;4;0.0;2.0;4.7
28;2025-11-28;5;62.4;84.0;124.2
28;2025-11-28;6;211.0;289.0;371.1
28;2025-11-28;7;677.1;875.0;1172.2
28;2025-11-28;8;1028.2;1334.0;1767.6
28;2025-11-28;9;697.8;902.0;1105.5
28;2025-11-28;10;518.7;680.0;852.3
28;2025-11-28;11;453.0;630.0;790.0
28;2025-11-28;12;579.2;794.0;1002.5
28;2025-11-28;13;559.5;776.0;1034.4
28;2025-11-28;14;518.8;761.0;987.4
28;2025-11-28;15;570.8;787.0;1021.9
28;2025-11-28;16;726.1;1021.0;1323.9
28;2025-11-28;17;798.7;1078.0;1375.7
28;2025-11-28;18;694.3;908.0;1137.3
28;2025-11-28;19;539.1;694.0;887.9
28;2025-11-28;20;394.1;503.0;658.2
28;2025-11-28;21;261.4;349.0;471.6
28;2025-11-28;22;98.9;152.0;208.5
28;2025-11-28;23;8.4;22.0;34.4
28;2025-11-29;0;0.0;3.0;5.8
28;2025-11-29;1;0.0;0.0;0.0
28;2025-11-29;2;0.0;0.0;0.0
28;2025-11-29;3;0.0;0.0;0.0
28;2025-11-29;4;0.0;1.0;2.7
28;2025-11-29;5;20.0;36.0;55.4
28;2025-11-29;6;64.8;104.0;147.6
28;2025-11-29;7;145.3;223.0;313.9
28;2025-11-29;8;239.9;380.0;550.7
28;2025-11-29;9;298.0;459.0;623.4
28;2025-11-29;10;307.4;481.0;662.9
28;2025-11-29;11;301.5;490.0;705.2
28;2025-11-29;12;340.1;572.0;813.9
28;2025-11-29;13;348.3;594.0;868.3
28;2025-11-29;14;363.9;592.0;872.7
28;2025-11-29;15;358.4;588.0;825.4
28;2025-11-29;16;357.8;568.0;828.8
28;2025-11-29;17;366.8;576.0;797.8
28;2025-11-29;18;323.3;497.0;710.0
28;2025-11-29;19;271.0;407.0;550.2
28;2025-11-29;20;203.1;303.0;429.4
28;2025-11-29;21;173.9;271.0;382.5
28;2025-11-29;22;76.5;129.0;192.9
28;2025-11-29;23;6.5;18.0;29.9
28;2025-11-30;0;0.0;3.0;5.7
28;2025-11-30;1;0.0;0.0;0.0
28;2025-11-30;2;0.0;0.0;0.0
28;2025-11-30;3;0.0;0.0;0.0
28;2025-11-30;4;0.0;0.0;0.0
28;2025-11-30;5;15.2;32.0;54.5
28;2025-11-30;6;57.6;86.0;125.9
28;2025-11-30;7;115.0;161.0;223.6
28;2025-11-30;8;183.2;259.0;338.3
28;2025-11-30;9;235.7;353.0;467.5
28;2025-11-30;10;242.7;394.0;509.9
28;2025-11-30;11;257.7;435.0;576.3
28;2025-11-30;12;284.6;476.0;625.2
28;2025-11-30;13;321.9;557.0;746.6
28;2025-11-30;14;319.5;537.0;729.4
28;2025-11-30;15;338.8;532.0;724.9
28;2025-11-30;16;313.3;495.0;695.2
28;2025-11-30;17;323.2;501.0;695.1
28;2025-11-30;18;282.9;436.0;608.8
28;2025-11-30;19;246.2;379.0;507.5
28;2025-11-30;20;191.9;303.0;416.8
28;2025-11-30;21;166.1;250.0;349.7
28;2025-11-30;22;71.2;112.0;162.6
28;2025-11-30;23;7.9;14.0;22.8
28;2025-12-01;0;0.0;3.0;5.9
28;2025-12-01;1;0.0;1.0;2.8
28;2025-12-01;2;0.0;0.0;0.0
28;2025-12-01;3;0.0;0.0;0.0
28;2025-12-01;4;0.0;1.0;2.3
28;2025-12-01;5;60.9;82.0;119.4
28;2025-12-01;6;209.7;272.0;352.2
28;2025-12-01;7;631.7;819.0;1161.2
28;2025-12-01;8;949.0;1274.0;1796.0
28;2025-12-01;9;667.0;870.0;1114.7
28;2025-12-01;10;480.7;641.0;820.9
28;2025-12-01;11;424.0;581.0;770.0
28;2025-12-01;12;498.7;706.0;930.6
28;2025-12-01;13;491.8;728.0;996.9
28;2025-12-01;14;463.6;672.0;942.8
28;2025-12-01;15;465.8;703.0;1001.4
28;2025-12-01;16;614.1;881.0;1233.9
28;2025-12-01;17;752.6;1012.0;1379.8
28;2025-12-01;18;770.5;1003.0;1341.8
28;2025-12-01;19;576.4;754.0;1003.0
28;2025-12-01;20;404.9;527.0;679.4
28;2025-12-01;21;243.7;325.0;422.6
28;2025-12-01;22;92.9;134.0;184.3
28;2025-12-01;23;6.4;18.0;28.3
28;2025-12-02;0;0.0;3.0;5.9
28;2025-12-02;1;0.0;1.0;2.8
28;2025-12-02;2;0.0;0.0;0.0
28;2025-12-02;3;0.0;0.0;0.0
28;2025-12-02;4;0.0;1.0;2.3
28;2025-12-02;5;60.9;82.0;119.4
28;2025-12-02;6;209.7;272.0;352.2
28;2025-12-02;7;631.7;819.0;1161.2
28;2025-12-02;8;949.0;1274.0;1796.0
28;2025-12-02;9;667.0;870.0;1114.7
28;2025-12-02;10;480.7;641.0;820.9
28;2025-12-02;11;424.0;581.0;770.0
28;2025-12-02;12;498.7;706.0;930.6
28;2025-12-02;13;491.8;728.0;996.9
28;2025-12-02;14;463.6;672.0;942.8
28;2025-12-02;15;465.8;703.0;1001.4
28;2025-12-02;16;614.1;881.0;1233.9
28;2025-12-02;17;752.6;1012.0;1379.8
28;2025-12-02;18;770.5;1003.0;1341.8
28;2025-12-02;19;576.4;754.0;1003.0
28;2025-12-02;20;404.9;527.0;679.4
28;2025-12-02;21;243.7;325.0;422.6
28;2025-12-02;22;92.9;134.0;184.3
28;2025-12-02;23;6.4;18.0;28.3
28;2025-12-03;0;0.0;3.0;5.9
28;2025-12-03;1;0.0;1.0;2.8
28;2025-12-03;2;0.0;0.0;0.0
28;2025-12-03;3;0.0;0.0;0.0
28;2025-12-03;4;0.0;1.0;2.3
28;2025-12-03;5;60.9;82.0;119.4
28;2025-12-03;6;209.7;272.0;352.2
28;2025-12-03;7;631.7;819.0;1161.2
28;2025-12-03;8;949.0;1274.0;1796.0
28;2025-12-03;9;667.0;870.0;1114.7
28;2025-12-03;10;480.7;641.0;820.9
28;2025-12-03;11;424.0;581.0;770.0
28;2025-12-03;12;498.7;706.0;930.6
28;2025-12-03;13;491.8;728.0;996.9
28;2025-12-03;14;463.6;672.0;942.8
28;2025-12-03;15;465.8;703.0;1001.4
28;2025-12-03;16;614.1;881.0;1233.9
28;2025-12-03;17;752.6;1012.0;1379.8
28;2025-12-03;18;770.5;1003.0;1341.8
28;2025-12-03;19;576.4;754.0;1003.0
28;2025-12-03;20;404.9;527.0;679.4
28;2025-12-03;21;243.7;325.0;422.6
28;2025-12-03;22;92.9;134.0;184.3
28;2025-12-03;23;6.4;18.0;28.3
28;2025-12-04;0;0.0;3.0;5.9
28;2025-12-04;1;0.0;1.0;2.8
28;2025-12-04;2;0.0;0.0;0.0
28;2025-12-04;3;0.0;0.0;0.0
28;2025-12-04;4;0.0;1.0;2.3
28;2025-12-04;5;60.9;82.0;119.4
28;2025-12-04;6;209.7;272.0;352.2
28;2025-12-04;7;631.7;819.0;1161.2
28;2025-12-04;8;949.0;1274.0;1796.0
28;2025-12-04;9;667.0;870.0;1114.7
28;2025-12-04;10;480.7;641.0;820.9
28;2025-12-04;11;424.0;581.0;770.0
28;2025-12-04;12;498.7;706.0;930.6
28;2025-12-04;13;491.8;728.0;996.9
28;2025-12-04;14;463.6;672.0;942.8
28;2025-12-04;15;465.8;703.0;1001.4
28;2025-12-04;16;614.1;881.0;1233.9
28;2025-12-04;17;752.6;1012.0;1379.8
28;2025-12-04;18;770.5;1003.0;1341.8
28;2025-12-04;19;576.4;754.0;1003.0
28;2025-12-04;20;404.9;527.0;679.4
28;2025-12-04;21;243.7;325.0;422.6
28;2025-12-04;22;92.9;134.0;184.3
28;2025-12-04;23;6.4;18.0;28.3
28;2025-12-05;0;0.0;3.0;5.3
28;2025-12-05;1;0.0;0.0;0.0
28;2025-12-05;2;0.0;0.0;0.0
28;2025-12-05;3;0.0;0.0;0.0
28;2025-12-05;4;0.0;2.0;4.7
28;2025-12-05;5;59.9;84.0;125.7
28;2025-12-05;6;194.9;289.0;373.0
28;2025-12-05;7;627.8;875.0;1263.5
28;2025-12-05;8;963.2;1334.0;1887.2
28;2025-12-05;9;654.2;902.0;1140.6
28;2025-12-05;10;488.5;680.0;905.0
28;2025-12-05;11;422.5;630.0;804.4
28;2025-12-05;12;541.4;794.0;1064.6
28;2025-12-05;13;521.6;776.0;1123.6
28;2025-12-05;14;497.7;761.0;1089.4
28;2025-12-05;15;550.4;787.0;1120.2
28;2025-12-05;16;710.3;1021.0;1414.7
28;2025-12-05;17;766.1;1078.0;1493.9
28;2025-12-05;18;667.1;908.0;1214.6
28;2025-12-05;19;525.5;694.0;932.9
28;2025-12-05;20;386.4;503.0;663.6
28;2025-12-05;21;254.0;349.0;476.5
28;2025-12-05;22;97.1;152.0;217.7
28;2025-12-05;23;7.9;22.0;35.8
28;2025-12-06;0;0.0;3.0;5.8
28;2025-12-06;1;0.0;0.0;0.0
28;2025-12-06;2;0.0;0.0;0.0
28;2025-12-06;3;0.0;0.0;0.0
28;2025-12-06;4;0.0;1.0;2.7
28;2025-12-06;5;20.0;36.0;55.4
28;2025-12-06;6;64.8;104.0;147.6
28;2025-12-06;7;145.3;223.0;313.9
28;2025-12-06;8;239.9;380.0;550.7
28;2025-12-06;9;298.0;459.0;623.4
28;2025-12-06;10;307.4;481.0;662.9
28;2025-12-06;11;301.5;490.0;705.2
28;2025-12-06;12;340.1;572.0;813.9
28;2025-12-06;13;348.3;594.0;868.3
28;2025-12-06;14;363.9;592.0;872.7
28;2025-12-06;15;358.4;588.0;825.4
28;2025-12-06;16;357.8;568.0;828.8
28;2025-12-06;17;366.8;576.0;797.8
28;2025-12-06;18;323.3;497.0;710.0
28;2025-12-06;19;271.0;407.0;550.2
28;2025-12-06;20;203.1;303.0;429.4
28;2025-12-06;21;173.9;271.0;382.5
28;2025-12-06;22;76.5;129.0;192.9
28;2025-12-06;23;6.5;18.0;29.9
28;2025-12-07;0;0.0;3.0;5.7
28;2025-12-07;1;0.0;0.0;0.0
28;2025-12-07;2;0.0;0.0;0.0
28;2025-12-07;3;0.0;0.0;0.0
28;2025-12-07;4;0.0;0.0;0.0
28;2025-12-07;5;15.2;32.0;54.5
28;2025-12-07;6;57.6;86.0;125.9
28;2025-12-07;7;115.0;161.0;223.6
28;2025-12-07;8;183.2;259.0;338.3
28;2025-12-07;9;235.7;353.0;467.5
28;2025-12-07;10;242.7;394.0;509.9
28;2025-12-07;11;257.7;435.0;576.3
28;2025-12-07;12;284.6;476.0;625.2
28;2025-12-07;13;321.9;557.0;746.6
28;2025-12-07;14;319.5;537.0;729.4
28;2025-12-07;15;338.8;532.0;724.9
28;2025-12-07;16;313.3;495.0;695.2
28;2025-12-07;17;323.2;501.0;695.1
28;2025-12-07;18;282.9;436.0;608.8
28;2025-12-07;19;246.2;379.0;507.5
28;2025-12-07;20;191.9;303.0;416.8
28;2025-12-07;21;166.1;250.0;349.7
28;2025-12-07;22;71.2;112.0;162.6
28;2025-12-07;23;7.9;14.0;22.8
28;2025-12-08;0;0.0;3.0;5.9
28;2025-12-08;1;0.0;1.0;2.8
28;2025-12-08;2;0.0;0.0;0.0
28;2025-12-08;3;0.0;0.0;0.0
28;2025-12-08;4;0.0;1.0;2.3
28;2025-12-08;5;60.9;82.0;119.4
28;2025-12-08;6;209.7;272.0;352.2
28;2025-12-08;7;631.7;819.0;1161.2
28;2025-12-08;8;949.0;1274.0;1796.0
28;2025-12-08;9;667.0;870.0;1114.7
28;2025-12-08;10;480.7;641.0;820.9
28;2025-12-08;11;424.0;581.0;770.0
28;2025-12-08;12;498.7;706.0;930.6
28;2025-12-08;13;491.8;728.0;996.9
28;2025-12-08;14;463.6;672.0;942.8
28;2025-12-08;15;465.8;703.0;1001.4
28;2025-12-08;16;614.1;881.0;1233.9
28;2025-12-08;17;752.6;1012.0;1379.8
28;2025-12-08;18;770.5;1003.0;1341.8
28;2025-12-08;19;576.4;754.0;1003.0
28;2025-12-08;20;404.9;527.0;679.4
28;2025-12-08;21;243.7;325.0;422.6
28;2025-12-08;22;92.9;134.0;184.3
28;2025-12-08;23;6.4;18.0;28.3
28;2025-12-09;0;0.0;3.0;5.9
28;2025-12-09;1;0.0;1.0;2.8
28;2025-12-09;2;0.0;0.0;0.0
28;2025-12-09;3;0.0;0.0;0.0
28;2025-12-09;4;0.0;1.0;2.3
28;2025-12-09;5;60.9;82.0;119.4
28;2025-12-09;6;209.7;272.0;352.2
28;2025-12-09;7;631.7;819.0;1161.2
28;2025-12-09;8;949.0;1274.0;1796.0
28;2025-12-09;9;667.0;870.0;1114.7
28;2025-12-09;10;480.7;641.0;820.9
28;2025-12-09;11;424.0;581.0;770.0
28;2025-12-09;12;498.7;706.0;930.6
28;2025-12-09;13;491.8;728.0;996.9
28;2025-12-09;14;463.6;672.0;942.8
28;2025-12-09;15;465.8;703.0;1001.4
28;2025-12-09;16;614.1;881.0;1233.9
28;2025-12-09;17;752.6;1012.0;1379.8
28;2025-12-09;18;770.5;1003.0;1341.8
28;2025-12-09;19;576.4;754.0;1003.0
28;2025-12-09;20;404.9;527.0;679.4
28;2025-12-09;21;243.7;325.0;422.6
28;2025-12-09;22;92.9;134.0;184.3
28;2025-12-09;23;6.4;18.0;28.3
28;2025-12-10;0;0.0;3.0;5.9
28;2025-12-10;1;0.0;1.0;2.8
28;2025-12-10;2;0.0;0.0;0.0
28;2025-12-10;3;0.0;0.0;0.0
28;2025-12-10;4;0.0;1.0;2.3
28;2025-12-10;5;60.9;82.0;119.4
28;2025-12-10;6;209.7;272.0;352.2
28;2025-12-10;7;631.7;819.0;1161.2
28;2025-12-10;8;949.0;1274.0;1796.0
28;2025-12-10;9;667.0;870.0;1114.7
28;2025-12-10;10;480.7;641.0;820.9
28;2025-12-10;11;424.0;581.0;770.0
28;2025-12-10;12;498.7;706.0;930.6
28;2025-12-10;13;491.8;728.0;996.9
28;2025-12-10;14;463.6;672.0;942.8
28;2025-12-10;15;465.8;703.0;1001.4
28;2025-12-10;16;614.1;881.0;1233.9
28;2025-12-10;17;752.6;1012.0;1379.8
28;2025-12-10;18;770.5;1003.0;1341.8
28;2025-12-10;19;576.4;754.0;1003.0
28;2025-12-10;20;404.9;527.0;679.4
28;2025-12-10;21;243.7;325.0;422.6
28;2025-12-10;22;92.9;134.0;184.3
28;2025-12-10;23;6.4;18.0;28.3
28;2025-12-11;0;0.0;3.0;5.9
28;2025-12-11;1;0.0;1.0;2.8
28;2025-12-11;2;0.0;0.0;0.0
28;2025-12-11;3;0.0;0.0;0.0
28;2025-12-11;4;0.0;1.0;2.3
28;2025-12-11;5;60.9;82.0;119.4
28;2025-12-11;6;209.7;272.0;352.2
28;2025-12-11;7;631.7;819.0;1161.2
28;2025-12-11;8;949.0;1274.0;1796.0
28;2025-12-11;9;667.0;870.0;1114.7
28;2025-12-11;10;480.7;641.0;820.9
28;2025-12-11;11;424.0;581.0;770.0
28;2025-12-11;12;498.7;706.0;930.6
28;2025-12-11;13;491.8;728.0;996.9
28;2025-12-11;14;463.6;672.0;942.8
28;2025-12-11;15;465.8;703.0;1001.4
28;2025-12-11;16;614.1;881.0;1233.9
28;2025-12-11;17;752.6;1012.0;1379.8
28;2025-12-11;18;770.5;1003.0;1341.8
28;2025-12-11;19;576.4;754.0;1003.0
28;2025-12-11;20;404.9;527.0;679.4
28;2025-12-11;21;243.7;325.0;422.6
28;2025-12-11;22;92.9;134.0;184.3
28;2025-12-11;23;6.4;18.0;28.3
28;2025-12-12;0;0.0;3.0;5.3
28;2025-12-12;1;0.0;0.0;0.0
28;2025-12-12;2;0.0;0.0;0.0
28;2025-12-12;3;0.0;0.0;0.0
28;2025-12-12;4;0.0;2.0;4.7
28;2025-12-12;5;59.9;84.0;125.7
28;2025-12-12;6;194.9;289.0;373.0
28;2025-12-12;7;627.8;875.0;1263.5
28;2025-12-12;8;963.2;1334.0;1887.2
28;2025-12-12;9;654.2;902.0;1140.6
28;2025-12-12;10;488.5;680.0;905.0
28;2025-12-12;11;422.5;630.0;804.4
28;2025-12-12;12;541.4;794.0;1064.6
28;2025-12-12;13;521.6;776.0;1123.6
28;2025-12-12;14;497.7;761.0;1089.4
28;2025-12-12;15;550.4;787.0;1120.2
28;2025-12-12;16;710.3;1021.0;1414.7
28;2025-12-12;17;766.1;1078.0;1493.9
28;2025-12-12;18;667.1;908.0;1214.6
28;2025-12-12;19;525.5;694.0;932.9
28;2025-12-12;20;386.4;503.0;663.6
28;2025-12-12;21;254.0;349.0;476.5
28;2025-12-12;22;97.1;152.0;217.7
28;2025-12-12;23;7.9;22.0;35.8
28;2025-12-13;0;0.0;3.0;5.6
28;2025-12-13;1;0.0;0.0;0.0
28;2025-12-13;2;0.0;0.0;0.0
28;2025-12-13;3;0.0;0.0;0.0
28;2025-12-13;4;0.0;1.0;2.6
28;2025-12-13;5;18.4;36.0;56.1
28;2025-12-13;6;61.9;104.0;150.2
28;2025-12-13;7;143.4;223.0;316.1
28;2025-12-13;8;226.8;380.0;568.3
28;2025-12-13;9;274.3;459.0;646.0
28;2025-12-13;10;285.0;481.0;682.6
28;2025-12-13;11;289.6;490.0;701.8
28;2025-12-13;12;311.7;572.0;838.2
28;2025-12-13;13;295.1;594.0;872.3
28;2025-12-13;14;355.1;592.0;890.3
28;2025-12-13;15;343.7;588.0;861.2
28;2025-12-13;16;337.2;568.0;837.1
28;2025-12-13;17;340.2;576.0;797.7
28;2025-12-13;18;306.3;497.0;715.0
28;2025-12-13;19;270.8;407.0;558.6
28;2025-12-13;20;200.2;303.0;398.7
28;2025-12-13;21;176.6;271.0;379.5
28;2025-12-13;22;80.3;129.0;187.5
28;2025-12-13;23;6.1;18.0;29.1
28;2025-12-14;0;0.0;3.0;5.6
28;2025-12-14;1;0.0;0.0;0.0
28;2025-12-14;2;0.0;0.0;0.0
28;2025-12-14;3;0.0;0.0;0.0
28;2025-12-14;4;0.0;0.0;0.0
28;2025-12-14;5;15.0;32.0;55.5
28;2025-12-14;6;58.8;86.0;131.1
28;2025-12-14;7;111.1;161.0;211.6
28;2025-12-14;8;185.7;259.0;333.9
28;2025-12-14;9;231.7;353.0;476.8
28;2025-12-14;10;248.1;394.0;525.2
28;2025-12-14;11;247.7;435.0;589.3
28;2025-12-14;12;292.6;476.0;642.8
28;2025-12-14;13;336.8;557.0;752.2
28;2025-12-14;14;326.0;537.0;753.8
28;2025-12-14;15;334.9;532.0;747.8
28;2025-12-14;16;304.5;495.0;708.0
28;2025-12-14;17;318.7;501.0;711.6
28;2025-12-14;18;285.6;436.0;609.7
28;2025-12-14;19;241.5;379.0;511.4
28;2025-12-14;20;201.8;303.0;417.0
28;2025-12-14;21;174.1;250.0;358.7
28;2025-12-14;22;73.5;112.0;162.7
28;2025-12-14;23;7.6;14.0;22.7
28;2025-12-15;0;0.0;3.0;5.8
28;2025-12-15;1;0.0;1.0;2.9
28;2025-12-15;2;0.0;0.0;0.0
28;2025-12-15;3;0.0;0.0;0.0
28;2025-12-15;4;0.0;1.0;2.4
28;2025-12-15;5;60.9;82.0;120.9
28;2025-12-15;6;203.3;272.0;357.2
28;2025-12-15;7;613.8;819.0;1195.2
28;2025-12-15;8;900.0;1274.0;1903.2
28;2025-12-15;9;649.0;870.0;1158.3
28;2025-12-15;10;469.7;641.0;861.5
28;2025-12-15;11;411.8;581.0;805.0
28;2025-12-15;12;483.7;706.0;969.9
28;2025-12-15;13;481.6;728.0;1047.2
28;2025-12-15;14;443.9;672.0;994.4
28;2025-12-15;15;454.4;703.0;1071.6
28;2025-12-15;16;592.7;881.0;1294.3
28;2025-12-15;17;743.4;1012.0;1463.3
28;2025-12-15;18;761.2;1003.0;1389.9
28;2025-12-15;19;563.5;754.0;1018.8
28;2025-12-15;20;405.8;527.0;679.3
28;2025-12-15;21;240.2;325.0;436.3
28;2025-12-15;22;92.1;134.0;189.8
28;2025-12-15;23;6.0;18.0;28.6
28;2025-12-16;0;0.0;3.0;5.8
28;2025-12-16;1;0.0;1.0;2.9
28;2025-12-16;2;0.0;0.0;0.0
28;2025-12-16;3;0.0;0.0;0.0
28;2025-12-16;4;0.0;1.0;2.4
28;2025-12-16;5;60.9;82.0;120.9
28;2025-12-16;6;203.3;272.0;357.2
28;2025-12-16;7;613.8;819.0;1195.2
28;2025-12-16;8;900.0;1274.0;1903.2
28;2025-12-16;9;649.0;870.0;1158.3
28;2025-12-16;10;469.7;641.0;861.5
28;2025-12-16;11;411.8;581.0;805.0
28;2025-12-16;12;483.7;706.0;969.9
28;2025-12-16;13;481.6;728.0;1047.2
28;2025-12-16;14;443.9;672.0;994.4
28;2025-12-16;15;454.4;703.0;1071.6
28;2025-12-16;16;592.7;881.0;1294.3
28;2025-12-16;17;743.4;1012.0;1463.3
28;2025-12-16;18;761.2;1003.0;1389.9
28;2025-12-16;19;563.5;754.0;1018.8
28;2025-12-16;20;405.8;527.0;679.3
28;2025-12-16;21;240.2;325.0;436.3
28;2025-12-16;22;92.1;134.0;189.8
28;2025-12-16;23;6.0;18.0;28.6
28;2025-12-17;0;0.0;3.0;5.8
28;2025-12-17;1;0.0;1.0;2.9
28;2025-12-17;2;0.0;0.0;0.0
28;2025-12-17;3;0.0;0.0;0.0
28;2025-12-17;4;0.0;1.0;2.4
28;2025-12-17;5;60.9;82.0;120.9
28;2025-12-17;6;203.3;272.0;357.2
28;2025-12-17;7;613.8;819.0;1195.2
28;2025-12-17;8;900.0;1274.0;1903.2
28;2025-12-17;9;649.0;870.0;1158.3
28;2025-12-17;10;469.7;641.0;861.5
28;2025-12-17;11;411.8;581.0;805.0
28;2025-12-17;12;483.7;706.0;969.9
28;2025-12-17;13;481.6;728.0;1047.2
28;2025-12-17;14;443.9;672.0;994.4
28;2025-12-17;15;454.4;703.0;1071.6
28;2025-12-17;16;592.7;881.0;1294.3
28;2025-12-17;17;743.4;1012.0;1463.3
28;2025-12-17;18;761.2;1003.0;1389.9
28;2025-12-17;19;563.5;754.0;1018.8
28;2025-12-17;20;405.8;527.0;679.3
28;2025-12-17;21;240.2;325.0;436.3
28;2025-12-17;22;92.1;134.0;189.8
28;2025-12-17;23;6.0;18.0;28.6
28;2025-12-18;0;0.0;3.0;5.8
28;2025-12-18;1;0.0;1.0;2.9
28;2025-12-18;2;0.0;0.0;0.0
28;2025-12-18;3;0.0;0.0;0.0
28;2025-12-18;4;0.0;1.0;2.4
28;2025-12-18;5;60.9;82.0;120.9
28;2025-12-18;6;203.3;272.0;357.2
28;2025-12-18;7;613.8;819.0;1195.2
28;2025-12-18;8;900.0;1274.0;1903.2
28;2025-12-18;9;649.0;870.0;1158.3
28;2025-12-18;10;469.7;641.0;861.5
28;2025-12-18;11;411.8;581.0;805.0
28;2025-12-18;12;483.7;706.0;969.9
28;2025-12-18;13;481.6;728.0;1047.2
28;2025-12-18;14;443.9;672.0;994.4
28;2025-12-18;15;454.4;703.0;1071.6
28;2025-12-18;16;592.7;881.0;1294.3
28;2025-12-18;17;743.4;1012.0;1463.3
28;2025-12-18;18;761.2;1003.0;1389.9
28;2025-12-18;19;563.5;754.0;1018.8
28;2025-12-18;20;405.8;527.0;679.3
28;2025-12-18;21;240.2;325.0;436.3
28;2025-12-18;22;92.1;134.0;189.8
28;2025-12-18;23;6.0;18.0;28.6
28;2025-12-19;0;0.0;3.0;5.2
28;2025-12-19;1;0.0;0.0;0.0
28;2025-12-19;2;0.0;0.0;0.0
28;2025-12-19;3;0.0;0.0;0.0
28;2025-12-19;4;0.0;2.0;5.1
28;2025-12-19;5;60.1;84.0;129.6
28;2025-12-19;6;202.7;289.0;382.4
28;2025-12-19;7;611.7;875.0;1308.8
28;2025-12-19;8;900.5;1334.0;1948.3
28;2025-12-19;9;617.1;902.0;1181.4
28;2025-12-19;10;475.4;680.0;959.9
28;2025-12-19;11;436.2;630.0;866.6
28;2025-12-19;12;531.2;794.0;1164.9
28;2025-12-19;13;502.9;776.0;1173.4
28;2025-12-19;14;476.4;761.0;1115.0
28;2025-12-19;15;530.9;787.0;1225.1
28;2025-12-19;16;693.9;1021.0;1519.9
28;2025-12-19;17;747.5;1078.0;1559.1
28;2025-12-19;18;621.7;908.0;1232.3
28;2025-12-19;19;502.7;694.0;921.8
28;2025-12-19;20;371.4;503.0;651.1
28;2025-12-19;21;246.9;349.0;482.8
28;2025-12-19;22;99.4;152.0;220.4
28;2025-12-19;23;7.3;22.0;38.1
28;2025-12-20;0;0.0;3.0;5.6
28;2025-12-20;1;0.0;0.0;0.0
28;2025-12-20;2;0.0;0.0;0.0
28;2025-12-20;3;0.0;0.0;0.0
28;2025-12-20;4;0.0;1.0;2.6
28;2025-12-20;5;18.4;36.0;56.1
28;2025-12-20;6;61.9;104.0;150.2
28;2025-12-20;7;143.4;223.0;316.1
28;2025-12-20;8;226.8;380.0;568.3
28;2025-12-20;9;274.3;459.0;646.0
28;2025-12-20;10;285.0;481.0;682.6
28;2025-12-20;11;289.6;490.0;701.8
28;2025-12-20;12;311.7;572.0;838.2
28;2025-12-20;13;295.1;594.0;872.3
28;2025-12-20;14;355.1;592.0;890.3
28;2025-12-20;15;343.7;588.0;861.2
28;2025-12-20;16;337.2;568.0;837.1
28;2025-12-20;17;340.2;576.0;797.7
28;2025-12-20;18;306.3;497.0;715.0
28;2025-12-20;19;270.8;407.0;558.6
28;2025-12-20;20;200.2;303.0;398.7
28;2025-12-20;21;176.6;271.0;379.5
28;2025-12-20;22;80.3;129.0;187.5
28;2025-12-20;23;6.1;18.0;29.1
28;2025-12-21;0;0.0;3.0;5.6
28;2025-12-21;1;0.0;0.0;0.0
28;2025-12-21;2;0.0;0.0;0.0
28;2025-12-21;3;0.0;0.0;0.0
28;2025-12-21;4;0.0;0.0;0.0
28;2025-12-21;5;15.0;32.0;55.5
28;2025-12-21;6;58.8;86.0;131.1
28;2025-12-21;7;111.1;161.0;211.6
28;2025-12-21;8;185.7;259.0;333.9
28;2025-12-21;9;231.7;353.0;476.8
28;2025-12-21;10;248.1;394.0;525.2
28;2025-12-21;11;247.7;435.0;589.3
28;2025-12-21;12;292.6;476.0;642.8
28;2025-12-21;13;336.8;557.0;752.2
28;2025-12-21;14;326.0;537.0;753.8
28;2025-12-21;15;334.9;532.0;747.8
28;2025-12-21;16;304.5;495.0;708.0
28;2025-12-21;17;318.7;501.0;711.6
28;2025-12-21;18;285.6;436.0;609.7
28;2025-12-21;19;241.5;379.0;511.4
28;2025-12-21;20;201.8;303.0;417.0
28;2025-12-21;21;174.1;250.0;358.7
28;2025-12-21;22;73.5;112.0;162.7
28;2025-12-21;23;7.6;14.0;22.7
28;2025-12-22;0;0.0;3.0;5.8
28;2025-12-22;1;0.0;1.0;2.9
28;2025-12-22;2;0.0;0.0;0.0
28;2025-12-22;3;0.0;0.0;0.0
28;2025-12-22;4;0.0;1.0;2.4
28;2025-12-22;5;60.9;82.0;120.9
28;2025-12-22;6;203.3;272.0;357.2
28;2025-12-22;7;613.8;819.0;1195.2
28;2025-12-22;8;900.0;1274.0;1903.2
28;2025-12-22;9;649.0;870.0;1158.3
28;2025-12-22;10;469.7;641.0;861.5
28;2025-12-22;11;411.8;581.0;805.0
28;2025-12-22;12;483.7;706.0;969.9
28;2025-12-22;13;481.6;728.0;1047.2
28;2025-12-22;14;443.9;672.0;994.4
28;2025-12-22;15;454.4;703.0;1071.6
28;2025-12-22;16;592.7;881.0;1294.3
28;2025-12-22;17;743.4;1012.0;1463.3
28;2025-12-22;18;761.2;1003.0;1389.9
28;2025-12-22;19;563.5;754.0;1018.8
28;2025-12-22;20;405.8;527.0;679.3
28;2025-12-22;21;240.2;325.0;436.3
28;2025-12-22;22;92.1;134.0;189.8
28;2025-12-22;23;6.0;18.0;28.6
28;2025-12-23;0;0.0;3.0;5.8
28;2025-12-23;1;0.0;1.0;2.9
28;2025-12-23;2;0.0;0.0;0.0
28;2025-12-23;3;0.0;0.0;0.0
28;2025-12-23;4;0.0;1.0;2.4
28;2025-12-23;5;60.9;82.0;120.9
28;2025-12-23;6;203.3;272.0;357.2
28;2025-12-23;7;613.8;819.0;1195.2
28;2025-12-23;8;900.0;1274.0;1903.2
28;2025-12-23;9;649.0;870.0;1158.3
28;2025-12-23;10;469.7;641.0;861.5
28;2025-12-23;11;411.8;581.0;805.0
28;2025-12-23;12;483.7;706.0;969.9
28;2025-12-23;13;481.6;728.0;1047.2
28;2025-12-23;14;443.9;672.0;994.4
28;2025-12-23;15;454.4;703.0;1071.6
28;2025-12-23;16;592.7;881.0;1294.3
28;2025-12-23;17;743.4;1012.0;1463.3
28;2025-12-23;18;761.2;1003.0;1389.9
28;2025-12-23;19;563.5;754.0;1018.8
28;2025-12-23;20;405.8;527.0;679.3
28;2025-12-23;21;240.2;325.0;436.3
28;2025-12-23;22;92.1;134.0;189.8
28;2025-12-23;23;6.0;18.0;28.6
28;2025-12-24;0;0.0;3.0;5.8
28;2025-12-24;1;0.0;1.0;2.9
28;2025-12-24;2;0.0;0.0;0.0
28;2025-12-24;3;0.0;0.0;0.0
28;2025-12-24;4;0.0;1.0;2.4
28;2025-12-24;5;60.9;82.0;120.9
28;2025-12-24;6;203.3;272.0;357.2
28;2025-12-24;7;613.8;819.0;1195.2
28;2025-12-24;8;900.0;1274.0;1903.2
28;2025-12-24;9;649.0;870.0;1158.3
28;2025-12-24;10;469.7;641.0;861.5
28;2025-12-24;11;411.8;581.0;805.0
28;2025-12-24;12;483.7;706.0;969.9
28;2025-12-24;13;481.6;728.0;1047.2
28;2025-12-24;14;443.9;672.0;994.4
28;2025-12-24;15;454.4;703.0;1071.6
28;2025-12-24;16;592.7;881.0;1294.3
28;2025-12-24;17;743.4;1012.0;1463.3
28;2025-12-24;18;761.2;1003.0;1389.9
28;2025-12-24;19;563.5;754.0;1018.8
28;2025-12-24;20;405.8;527.0;679.3
28;2025-12-24;21;240.2;325.0;436.3
28;2025-12-24;22;92.1;134.0;189.8
28;2025-12-24;23;6.0;18.0;28.6
28;2025-12-25;0;0.0;3.0;5.8
28;2025-12-25;1;0.0;1.0;2.9
28;2025-12-25;2;0.0;0.0;0.0
28;2025-12-25;3;0.0;0.0;0.0
28;2025-12-25;4;0.0;1.0;2.4
28;2025-12-25;5;60.9;82.0;120.9
28;2025-12-25;6;203.3;272.0;357.2
28;2025-12-25;7;613.8;819.0;1195.2
28;2025-12-25;8;900.0;1274.0;1903.2
28;2025-12-25;9;649.0;870.0;1158.3
28;2025-12-25;10;469.7;641.0;861.5
28;2025-12-25;11;411.8;581.0;805.0
28;2025-12-25;12;483.7;706.0;969.9
28;2025-12-25;13;481.6;728.0;1047.2
28;2025-12-25;14;443.9;672.0;994.4
28;2025-12-25;15;454.4;703.0;1071.6
28;2025-12-25;16;592.7;881.0;1294.3
28;2025-12-25;17;743.4;1012.0;1463.3
28;2025-12-25;18;761.2;1003.0;1389.9
28;2025-12-25;19;563.5;754.0;1018.8
28;2025-12-25;20;405.8;527.0;679.3
28;2025-12-25;21;240.2;325.0;436.3
28;2025-12-25;22;92.1;134.0;189.8
28;2025-12-25;23;6.0;18.0;28.6
28;2025-12-26;0;0.0;3.0;5.2
28;2025-12-26;1;0.0;0.0;0.0
28;2025-12-26;2;0.0;0.0;0.0
28;2025-12-26;3;0.0;0.0;0.0
28;2025-12-26;4;0.0;2.0;5.1
28;2025-12-26;5;60.1;84.0;129.6
28;2025-12-26;6;202.7;289.0;382.4
28;2025-12-26;7;611.7;875.0;1308.8
28;2025-12-26;8;900.5;1334.0;1948.3
28;2025-12-26;9;617.1;902.0;1181.4
28;2025-12-26;10;475.4;680.0;959.9
28;2025-12-26;11;436.2;630.0;866.6
28;2025-12-26;12;531.2;794.0;1164.9
28;2025-12-26;13;502.9;776.0;1173.4
28;2025-12-26;14;476.4;761.0;1115.0
28;2025-12-26;15;530.9;787.0;1225.1
28;2025-12-26;16;693.9;1021.0;1519.9
28;2025-12-26;17;747.5;1078.0;1559.1
28;2025-12-26;18;621.7;908.0;1232.3
28;2025-12-26;19;502.7;694.0;921.8
28;2025-12-26;20;371.4;503.0;651.1
28;2025-12-26;21;246.9;349.0;482.8
28;2025-12-26;22;99.4;152.0;220.4
28;2025-12-26;23;7.3;22.0;38.1
28;2025-12-27;0;0.0;3.0;5.7
28;2025-12-27;1;0.0;0.0;0.0
28;2025-12-27;2;0.0;0.0;0.0
28;2025-12-27;3;0.0;0.0;0.0
28;2025-12-27;4;0.0;1.0;3.0
28;2025-12-27;5;19.3;36.0;54.7
28;2025-12-27;6;54.8;104.0;138.4
28;2025-12-27;7;136.7;223.0;289.6
28;2025-12-27;8;217.6;380.0;580.8
28;2025-12-27;9;273.6;459.0;662.6
28;2025-12-27;10;252.5;481.0;642.9
28;2025-12-27;11;231.3;490.0;712.0
28;2025-12-27;12;267.1;572.0;908.7
28;2025-12-27;13;281.4;594.0;934.4
28;2025-12-27;14;343.7;592.0;1013.3
28;2025-12-27;15;336.9;588.0;913.4
28;2025-12-27;16;362.7;568.0;954.7
28;2025-12-27;17;328.1;576.0;833.1
28;2025-12-27;18;280.0;497.0;703.9
28;2025-12-27;19;253.5;407.0;532.0
28;2025-12-27;20;204.5;303.0;381.6
28;2025-12-27;21;197.0;271.0;378.9
28;2025-12-27;22;81.6;129.0;179.3
28;2025-12-27;23;5.2;18.0;27.8
28;2025-12-28;0;0.0;3.0;5.7
28;2025-12-28;1;0.0;0.0;0.0
28;2025-12-28;2;0.0;0.0;0.0
28;2025-12-28;3;0.0;0.0;0.0
28;2025-12-28;4;0.0;0.0;0.0
28;2025-12-28;5;13.5;32.0;59.3
28;2025-12-28;6;53.7;86.0;140.4
28;2025-12-28;7;113.8;161.0;233.6
28;2025-12-28;8;188.9;259.0;368.1
28;2025-12-28;9;232.2;353.0;529.3
28;2025-12-28;10;235.3;394.0;573.1
28;2025-12-28;11;270.2;435.0;677.1
28;2025-12-28;12;328.6;476.0;716.4
28;2025-12-28;13;377.1;557.0;862.7
28;2025-12-28;14;391.4;537.0;826.2
28;2025-12-28;15;362.9;532.0;855.9
28;2025-12-28;16;326.4;495.0;804.3
28;2025-12-28;17;331.9;501.0;759.4
28;2025-12-28;18;285.6;436.0;628.5
28;2025-12-28;19;251.7;379.0;486.0
28;2025-12-28;20;198.0;303.0;450.4
28;2025-12-28;21;177.3;250.0;393.9
28;2025-12-28;22;71.3;112.0;188.8
28;2025-12-28;23;6.0;14.0;24.0
28;2025-12-29;0;0.0;2.0;4.0
28;2025-12-29;1;0.0;1.0;2.9
28;2025-12-29;2;0.0;0.0;0.0
28;2025-12-29;3;0.0;0.0;0.0
28;2025-12-29;4;0.0;1.0;2.6
28;2025-12-29;5;43.2;72.0;108.0
28;2025-12-29;6;143.4;239.0;358.5
28;2025-12-29;7;432.0;720.0;1090.7
28;2025-12-29;8;672.6;1121.0;1750.9
28;2025-12-29;9;459.6;766.0;1149.0
28;2025-12-29;10;338.4;564.0;846.0
28;2025-12-29;11;306.6;511.0;766.5
28;2025-12-29;12;372.6;621.0;931.5
28;2025-12-29;13;384.0;640.0;960.0
28;2025-12-29;14;354.6;591.0;905.5
28;2025-12-29;15;371.4;619.0;981.4
28;2025-12-29;16;465.0;775.0;1184.0
28;2025-12-29;17;534.0;890.0;1352.1
28;2025-12-29;18;529.2;882.0;1323.0
28;2025-12-29;19;398.4;664.0;996.0
28;2025-12-29;20;278.4;464.0;696.0
28;2025-12-29;21;171.6;286.0;429.0
28;2025-12-29;22;70.8;118.0;177.0
28;2025-12-29;23;5.0;15.0;24.6
28;2025-12-30;0;0.0;2.0;4.0
28;2025-12-30;1;0.0;1.0;2.9
28;2025-12-30;2;0.0;0.0;0.0
28;2025-12-30;3;0.0;0.0;0.0
28;2025-12-30;4;0.0;1.0;2.6
28;2025-12-30;5;43.2;72.0;108.0
28;2025-12-30;6;143.4;239.0;358.5
28;2025-12-30;7;432.0;720.0;1090.7
28;2025-12-30;8;672.6;1121.0;1750.9
28;2025-12-30;9;459.6;766.0;1149.0
28;2025-12-30;10;338.4;564.0;846.0
28;2025-12-30;11;306.6;511.0;766.5
28;2025-12-30;12;372.6;621.0;931.5
28;2025-12-30;13;384.0;640.0;960.0
28;2025-12-30;14;354.6;591.0;905.5
28;2025-12-30;15;371.4;619.0;981.4
28;2025-12-30;16;465.0;775.0;1184.0
28;2025-12-30;17;534.0;890.0;1352.1
28;2025-12-30;18;529.2;882.0;1323.0
28;2025-12-30;19;398.4;664.0;996.0
28;2025-12-30;20;278.4;464.0;696.0
28;2025-12-30;21;171.6;286.0;429.0
28;2025-12-30;22;70.8;118.0;177.0
28;2025-12-30;23;5.0;15.0;24.6
28;2025-12-31;0;0.0;2.0;3.8
28;2025-12-31;1;0.0;0.0;0.0
28;2025-12-31;2;0.0;0.0;0.0
28;2025-12-31;3;0.0;0.0;0.0
28;2025-12-31;4;0.0;2.0;6.4
28;2025-12-31;5;13.9;33.0;61.2
28;2025-12-31;6;56.4;94.0;153.4
28;2025-12-31;7;108.0;180.0;270.0
28;2025-12-31;8;195.6;326.0;489.0
28;2025-12-31;9;216.6;361.0;541.5
28;2025-12-31;10;232.9;390.0;585.0
28;2025-12-31;11;238.8;398.0;619.5
28;2025-12-31;12;299.4;499.0;751.1
28;2025-12-31;13;289.8;483.0;748.1
28;2025-12-31;14;273.6;456.0;701.5
28;2025-12-31;15;295.8;493.0;793.2
28;2025-12-31;16;309.6;516.0;838.4
28;2025-12-31;17;277.8;463.0;701.8
28;2025-12-31;18;243.6;406.0;609.0
28;2025-12-31;19;177.6;296.0;444.0
28;2025-12-31;20;0.0;0.0;0.0
28;2025-12-31;21;0.0;0.0;0.0
28;2025-12-31;22;0.0;0.0;0.0
28;2025-12-31;23;0.0;0.0;0.0
50;2025-11-01;0;0.0;55.0;87.2
50;2025-11-01;1;0.0;6.0;15.4
50;2025-11-01;2;0.0;0.0;0.0
50;2025-11-01;3;0.0;0.0;0.0
50;2025-11-01;4;0.0;3.0;6.7
50;2025-11-01;5;40.0;53.0;83.6
50;2025-11-01;6;301.6;394.0;493.2
50;2025-11-01;7;1098.0;1357.0;1668.4
50;2025-11-01;8;1770.6;2146.0;2626.6
50;2025-11-01;9;1347.2;1672.0;2007.2
50;2025-11-01;10;931.8;1163.0;1410.8
50;2025-11-01;11;882.2;1169.0;1419.3
50;2025-11-01;12;837.6;1087.0;1311.8
50;2025-11-01;13;887.6;1177.0;1490.3
50;2025-11-01;14;851.1;1122.0;1403.5
50;2025-11-01;15;1069.2;1339.0;1690.9
50;2025-11-01;16;1366.5;1754.0;2158.0
50;2025-11-01;17;1332.4;1662.0;1984.5
50;2025-11-01;18;977.7;1236.0;1495.4
50;2025-11-01;19;724.9;918.0;1145.3
50;2025-11-01;20;528.3;663.0;878.3
50;2025-11-01;21;324.9;421.0;550.2
50;2025-11-01;22;139.5;208.0;280.3
50;2025-11-01;23;52.9;126.0;192.3
50;2025-11-02;0;0.0;4.0;7.4
50;2025-11-02;1;0.0;0.0;0.0
50;2025-11-02;2;0.0;0.0;0.0
50;2025-11-02;3;0.0;0.0;0.0
50;2025-11-02;4;0.0;0.0;0.0
50;2025-11-02;5;0.5;1.0;1.7
50;2025-11-02;6;4.2;6.0;8.5
50;2025-11-02;7;7.1;10.0;13.0
50;2025-11-02;8;15.8;21.0;27.3
50;2025-11-02;9;11.5;16.0;20.4
50;2025-11-02;10;28.8;43.0;53.3
50;2025-11-02;11;95.9;143.0;182.4
50;2025-11-02;12;74.6;110.0;136.3
50;2025-11-02;13;92.2;135.0;170.9
50;2025-11-02;14;152.7;226.0;293.8
50;2025-11-02;15;127.6;184.0;242.7
50;2025-11-02;16;146.7;217.0;285.0
50;2025-11-02;17;132.3;194.0;250.8
50;2025-11-02;18;81.3;115.0;152.0
50;2025-11-02;19;89.6;125.0;169.7
50;2025-11-02;20;65.1;91.0;124.9
50;2025-11-02;21;42.1;58.0;83.8
50;2025-11-02;22;44.7;68.0;100.9
50;2025-11-02;23;11.1;19.0;30.3
50;2025-11-03;0;0.0;5.0;9.2
50;2025-11-03;1;0.0;0.0;0.0
50;2025-11-03;2;0.0;0.0;0.0
50;2025-11-03;3;0.0;0.0;0.0
50;2025-11-03;4;0.0;0.0;0.0
50;2025-11-03;5;0.5;1.0;1.7
50;2025-11-03;6;4.9;7.0;9.9
50;2025-11-03;7;8.5;12.0;15.6
50;2025-11-03;8;18.0;24.0;31.2
50;2025-11-03;9;12.9;18.0;22.9
50;2025-11-03;10;33.5;50.0;62.0
50;2025-11-03;11;67.1;100.0;127.5
50;2025-11-03;12;67.8;100.0;123.9
50;2025-11-03;13;75.1;110.0;139.3
50;2025-11-03;14;93.9;139.0;180.7
50;2025-11-03;15;81.8;118.0;155.6
50;2025-11-03;16;84.5;125.0;164.2
50;2025-11-03;17;81.8;120.0;155.1
50;2025-11-03;18;66.4;94.0;124.2
50;2025-11-03;19;62.3;87.0;118.1
50;2025-11-03;20;49.3;69.0;94.7
50;2025-11-03;21;36.3;50.0;72.3
50;2025-11-03;22;25.0;38.0;56.4
50;2025-11-03;23;9.3;16.0;25.5
50;2025-11-04;0;0.0;5.0;9.2
50;2025-11-04;1;0.0;0.0;0.0
50;2025-11-04;2;0.0;0.0;0.0
50;2025-11-04;3;0.0;0.0;0.0
50;2025-11-04;4;0.0;0.0;0.0
50;2025-11-04;5;0.5;1.0;1.7
50;2025-11-04;6;4.9;7.0;9.9
50;2025-11-04;7;8.5;12.0;15.6
50;2025-11-04;8;18.0;24.0;31.2
50;2025-11-04;9;12.9;18.0;22.9
50;2025-11-04;10;33.5;50.0;62.0
50;2025-11-04;11;67.1;100.0;127.5
50;2025-11-04;12;67.8;100.0;123.9
50;2025-11-04;13;75.1;110.0;139.3
50;2025-11-04;14;93.9;139.0;180.7
50;2025-11-04;15;81.8;118.0;155.6
50;2025-11-04;16;84.5;125.0;164.2
50;2025-11-04;17;81.8;120.0;155.1
50;2025-11-04;18;66.4;94.0;124.2
50;2025-11-04;19;62.3;87.0;118.1
50;2025-11-04;20;49.3;69.0;94.7
50;2025-11-04;21;36.3;50.0;72.3
50;2025-11-04;22;25.0;38.0;56.4
50;2025-11-04;23;9.3;16.0;25.5
50;2025-11-05;0;0.0;30.0;58.7
50;2025-11-05;1;0.0;3.0;8.3
50;2025-11-05;2;0.0;1.0;1.0
50;2025-11-05;3;0.0;0.0;0.0
50;2025-11-05;4;0.0;3.0;6.3
50;2025-11-05;5;53.7;71.0;99.0
50;2025-11-05;6;446.0;549.0;673.6
50;2025-11-05;7;1474.7;1766.0;2069.0
50;2025-11-05;8;2288.5;2758.0;3274.1
50;2025-11-05;9;1812.5;2160.0;2528.0
50;2025-11-05;10;1354.0;1666.0;1972.1
50;2025-11-05;11;1238.6;1539.0;1844.7
50;2025-11-05;12;1150.5;1435.0;1743.6
50;2025-11-05;13;1133.6;1465.0;1784.4
50;2025-11-05;14;1090.5;1421.0;1739.4
50;2025-11-05;15;1248.4;1639.0;2020.6
50;2025-11-05;16;1345.1;1691.0;2052.2
50;2025-11-05;17;1938.7;2364.0;2800.4
50;2025-11-05;18;2048.7;2480.0;2966.1
50;2025-11-05;19;1183.0;1470.0;1812.8
50;2025-11-05;20;748.6;925.0;1124.3
50;2025-11-05;21;498.8;637.0;822.8
50;2025-11-05;22;195.1;273.0;369.0
50;2025-11-05;23;55.4;141.0;213.7
50;2025-11-06;0;0.0;30.0;58.7
50;2025-11-06;1;0.0;3.0;8.3
50;2025-11-06;2;0.0;1.0;1.0
50;2025-11-06;3;0.0;0.0;0.0
50;2025-11-06;4;0.0;3.0;6.3
50;2025-11-06;5;53.7;71.0;99.0
50;2025-11-06;6;446.0;549.0;673.6
50;2025-11-06;7;1474.7;1766.0;2069.0
50;2025-11-06;8;2288.5;2758.0;3274.1
50;2025-11-06;9;1812.5;2160.0;2528.0
50;2025-11-06;10;1354.0;1666.0;1972.1
50;2025-11-06;11;1238.6;1539.0;1844.7
50;2025-11-06;12;1150.5;1435.0;1743.6
50;2025-11-06;13;1133.6;1465.0;1784.4
50;2025-11-06;14;1090.5;1421.0;1739.4
50;2025-11-06;15;1248.4;1639.0;2020.6
50;2025-11-06;16;1345.1;1691.0;2052.2
50;2025-11-06;17;1938.7;2364.0;2800.4
50;2025-11-06;18;2048.7;2480.0;2966.1
50;2025-11-06;19;1183.0;1470.0;1812.8
50;2025-11-06;20;748.6;925.0;1124.3
50;2025-11-06;21;498.8;637.0;822.8
50;2025-11-06;22;195.1;273.0;369.0
50;2025-11-06;23;55.4;141.0;213.7
50;2025-11-07;0;0.0;38.0;60.3
50;2025-11-07;1;0.0;2.0;5.1
50;2025-11-07;2;0.0;0.0;0.0
50;2025-11-07;3;0.0;0.0;0.0
50;2025-11-07;4;0.0;3.0;6.7
50;2025-11-07;5;51.3;68.0;107.3
50;2025-11-07;6;409.5;535.0;669.7
50;2025-11-07;7;1389.3;1717.0;2111.0
50;2025-11-07;8;2210.4;2679.0;3279.0
50;2025-11-07;9;1656.7;2056.0;2468.2
50;2025-11-07;10;1236.2;1543.0;1871.7
50;2025-11-07;11;1176.5;1559.0;1892.8
50;2025-11-07;12;1152.0;1495.0;1804.1
50;2025-11-07;13;1142.5;1515.0;1918.2
50;2025-11-07;14;1097.6;1447.0;1810.1
50;2025-11-07;15;1406.2;1761.0;2223.8
50;2025-11-07;16;1664.8;2137.0;2629.2
50;2025-11-07;17;1715.6;2140.0;2555.3
50;2025-11-07;18;1365.3;1726.0;2088.2
50;2025-11-07;19;961.8;1218.0;1519.6
50;2025-11-07;20;657.3;825.0;1092.9
50;2025-11-07;21;439.9;570.0;744.9
50;2025-11-07;22;201.9;301.0;405.6
50;2025-11-07;23;72.3;172.0;262.5
50;2025-11-08;0;0.0;69.0;125.5
50;2025-11-08;1;0.0;8.0;21.5
50;2025-11-08;2;0.0;0.0;0.0
50;2025-11-08;3;0.0;3.0;3.0
50;2025-11-08;4;0.0;0.0;0.0
50;2025-11-08;5;6.4;11.0;17.1
50;2025-11-08;6;9.2;14.0;19.7
50;2025-11-08;7;15.3;22.0;28.6
50;2025-11-08;8;29.2;45.0;59.2
50;2025-11-08;9;59.7;88.0;116.3
50;2025-11-08;10;20.8;32.0;40.8
50;2025-11-08;11;36.0;55.0;71.5
50;2025-11-08;12;63.9;100.0;128.4
50;2025-11-08;13;42.0;66.0;87.5
50;2025-11-08;14;54.1;81.0;108.2
50;2025-11-08;15;78.1;118.0;155.4
50;2025-11-08;16;51.1;76.0;99.7
50;2025-11-08;17;51.0;74.0;97.7
50;2025-11-08;18;13.3;18.0;24.2
50;2025-11-08;19;12.1;17.0;22.8
50;2025-11-08;20;7.8;11.0;15.7
50;2025-11-08;21;8.4;12.0;17.3
50;2025-11-08;22;7.9;12.0;18.0
50;2025-11-08;23;1.1;3.0;5.0
50;2025-11-09;0;0.0;4.0;7.4
50;2025-11-09;1;0.0;0.0;0.0
50;2025-11-09;2;0.0;0.0;0.0
50;2025-11-09;3;0.0;0.0;0.0
50;2025-11-09;4;0.0;0.0;0.0
50;2025-11-09;5;0.5;1.0;1.7
50;2025-11-09;6;4.2;6.0;8.5
50;2025-11-09;7;7.1;10.0;13.0
50;2025-11-09;8;15.8;21.0;27.3
50;2025-11-09;9;11.5;16.0;20.4
50;2025-11-09;10;28.8;43.0;53.3
50;2025-11-09;11;95.9;143.0;182.4
50;2025-11-09;12;74.6;110.0;136.3
50;2025-11-09;13;92.2;135.0;170.9
50;2025-11-09;14;152.7;226.0;293.8
50;2025-11-09;15;127.6;184.0;242.7
50;2025-11-09;16;146.7;217.0;285.0
50;2025-11-09;17;132.3;194.0;250.8
50;2025-11-09;18;81.3;115.0;152.0
50;2025-11-09;19;89.6;125.0;169.7
50;2025-11-09;20;65.1;91.0;124.9
50;2025-11-09;21;42.1;58.0;83.8
50;2025-11-09;22;44.7;68.0;100.9
50;2025-11-09;23;11.1;19.0;30.3
50;2025-11-10;0;0.0;30.0;58.7
50;2025-11-10;1;0.0;3.0;8.3
50;2025-11-10;2;0.0;1.0;1.0
50;2025-11-10;3;0.0;0.0;0.0
50;2025-11-10;4;0.0;3.0;6.3
50;2025-11-10;5;53.7;71.0;99.0
50;2025-11-10;6;446.0;549.0;673.6
50;2025-11-10;7;1474.7;1766.0;2069.0
50;2025-11-10;8;2288.5;2758.0;3274.1
50;2025-11-10;9;1812.5;2160.0;2528.0
50;2025-11-10;10;1354.0;1666.0;1972.1
50;2025-11-10;11;1238.6;1539.0;1844.7
50;2025-11-10;12;1150.5;1435.0;1743.6
50;2025-11-10;13;1133.6;1465.0;1784.4
50;2025-11-10;14;1090.5;1421.0;1739.4
50;2025-11-10;15;1248.4;1639.0;2020.6
50;2025-11-10;16;1345.1;1691.0;2052.2
50;2025-11-10;17;1938.7;2364.0;2800.4
50;2025-11-10;18;2048.7;2480.0;2966.1
50;2025-11-10;19;1183.0;1470.0;1812.8
50;2025-11-10;20;748.6;925.0;1124.3
50;2025-11-10;21;498.8;637.0;822.8
50;2025-11-10;22;195.1;273.0;369.0
50;2025-11-10;23;55.4;141.0;213.7
50;2025-11-11;0;0.0;30.0;58.7
50;2025-11-11;1;0.0;3.0;8.3
50;2025-11-11;2;0.0;1.0;1.0
50;2025-11-11;3;0.0;0.0;0.0
50;2025-11-11;4;0.0;3.0;6.3
50;2025-11-11;5;53.7;71.0;99.0
50;2025-11-11;6;446.0;549.0;673.6
50;2025-11-11;7;1474.7;1766.0;2069.0
50;2025-11-11;8;2288.5;2758.0;3274.1
50;2025-11-11;9;1812.5;2160.0;2528.0
50;2025-11-11;10;1354.0;1666.0;1972.1
50;2025-11-11;11;1238.6;1539.0;1844.7
50;2025-11-11;12;1150.5;1435.0;1743.6
50;2025-11-11;13;1133.6;1465.0;1784.4
50;2025-11-11;14;1090.5;1421.0;1739.4
50;2025-11-11;15;1248.4;1639.0;2020.6
50;2025-11-11;16;1345.1;1691.0;2052.2
50;2025-11-11;17;1938.7;2364.0;2800.4
50;2025-11-11;18;2048.7;2480.0;2966.1
50;2025-11-11;19;1183.0;1470.0;1812.8
50;2025-11-11;20;748.6;925.0;1124.3
50;2025-11-11;21;498.8;637.0;822.8
50;2025-11-11;22;195.1;273.0;369.0
50;2025-11-11;23;55.4;141.0;213.7
50;2025-11-12;0;0.0;30.0;58.7
50;2025-11-12;1;0.0;3.0;8.3
50;2025-11-12;2;0.0;1.0;1.0
50;2025-11-12;3;0.0;0.0;0.0
50;2025-11-12;4;0.0;3.0;6.3
50;2025-11-12;5;53.7;71.0;99.0
50;2025-11-12;6;446.0;549.0;673.6
50;2025-11-12;7;1474.7;1766.0;2069.0
50;2025-11-12;8;2288.5;2758.0;3274.1
50;2025-11-12;9;1812.5;2160.0;2528.0
50;2025-11-12;10;1354.0;1666.0;1972.1
50;2025-11-12;11;1238.6;1539.0;1844.7
50;2025-11-12;12;1150.5;1435.0;1743.6
50;2025-11-12;13;1133.6;1465.0;1784.4
50;2025-11-12;14;1090.5;1421.0;1739.4
50;2025-11-12;15;1248.4;1639.0;2020.6
50;2025-11-12;16;1345.1;1691.0;2052.2
50;2025-11-12;17;1938.7;2364.0;2800.4
50;2025-11-12;18;2048.7;2480.0;2966.1
50;2025-11-12;19;1183.0;1470.0;1812.8
50;2025-11-12;20;748.6;925.0;1124.3
50;2025-11-12;21;498.8;637.0;822.8
50;2025-11-12;22;195.1;273.0;369.0
50;2025-11-12;23;55.4;141.0;213.7
50;2025-11-13;0;0.0;30.0;58.7
50;2025-11-13;1;0.0;3.0;8.3
50;2025-11-13;2;0.0;1.0;1.0
50;2025-11-13;3;0.0;0.0;0.0
50;2025-11-13;4;0.0;3.0;6.3
50;2025-11-13;5;53.7;71.0;99.0
50;2025-11-13;6;446.0;549.0;673.6
50;2025-11-13;7;1474.7;1766.0;2069.0
50;2025-11-13;8;2288.5;2758.0;3274.1
50;2025-11-13;9;1812.5;2160.0;2528.0
50;2025-11-13;10;1354.0;1666.0;1972.1
50;2025-11-13;11;1238.6;1539.0;1844.7
50;2025-11-13;12;1150.5;1435.0;1743.6
50;2025-11-13;13;1133.6;1465.0;1784.4
50;2025-11-13;14;1090.5;1421.0;1739.4
50;2025-11-13;15;1248.4;1639.0;2020.6
50;2025-11-13;16;1345.1;1691.0;2052.2
50;2025-11-13;17;1938.7;2364.0;2800.4
50;2025-11-13;18;2048.7;2480.0;2966.1
50;2025-11-13;19;1183.0;1470.0;1812.8
50;2025-11-13;20;748.6;925.0;1124.3
50;2025-11-13;21;498.8;637.0;822.8
50;2025-11-13;22;195.1;273.0;369.0
50;2025-11-13;23;55.4;141.0;213.7
50;2025-11-14;0;0.0;38.0;60.3
50;2025-11-14;1;0.0;2.0;5.1
50;2025-11-14;2;0.0;0.0;0.0
50;2025-11-14;3;0.0;0.0;0.0
50;2025-11-14;4;0.0;3.0;6.7
50;2025-11-14;5;51.3;68.0;107.3
50;2025-11-14;6;409.5;535.0;669.7
50;2025-11-14;7;1389.3;1717.0;2111.0
50;2025-11-14;8;2210.4;2679.0;3279.0
50;2025-11-14;9;1656.7;2056.0;2468.2
50;2025-11-14;10;1236.2;1543.0;1871.7
50;2025-11-14;11;1176.5;1559.0;1892.8
50;2025-11-14;12;1152.0;1495.0;1804.1
50;2025-11-14;13;1142.5;1515.0;1918.2
50;2025-11-14;14;1097.6;1447.0;1810.1
50;2025-11-14;15;1406.2;1761.0;2223.8
50;2025-11-14;16;1664.8;2137.0;2629.2
50;2025-11-14;17;1715.6;2140.0;2555.3
50;2025-11-14;18;1365.3;1726.0;2088.2
50;2025-11-14;19;961.8;1218.0;1519.6
50;2025-11-14;20;657.3;825.0;1092.9
50;2025-11-14;21;439.9;570.0;744.9
50;2025-11-14;22;201.9;301.0;405.6
50;2025-11-14;23;72.3;172.0;262.5
50;2025-11-15;0;0.0;64.0;128.1
50;2025-11-15;1;0.0;5.0;14.3
50;2025-11-15;2;0.0;0.0;0.0
50;2025-11-15;3;0.0;0.0;0.0
50;2025-11-15;4;0.0;1.0;2.3
50;2025-11-15;5;17.2;32.0;51.1
50;2025-11-15;6;103.8;173.0;259.5
50;2025-11-15;7;247.8;413.0;619.5
50;2025-11-15;8;380.4;634.0;951.0
50;2025-11-15;9;394.8;658.0;987.0
50;2025-11-15;10;393.0;655.0;982.5
50;2025-11-15;11;478.8;798.0;1197.0
50;2025-11-15;12;495.9;838.0;1257.0
50;2025-11-15;13;501.8;852.0;1278.0
50;2025-11-15;14;530.4;884.0;1326.0
50;2025-11-15;15;504.6;841.0;1261.5
50;2025-11-15;16;515.4;859.0;1288.5
50;2025-11-15;17;484.8;808.0;1212.0
50;2025-11-15;18;439.2;732.0;1098.0
50;2025-11-15;19;413.4;689.0;1033.5
50;2025-11-15;20;307.2;512.0;768.0
50;2025-11-15;21;271.8;453.0;679.5
50;2025-11-15;22;145.2;242.0;363.0
50;2025-11-15;23;54.4;150.0;240.2
50;2025-11-16;0;0.0;53.0;96.2
50;2025-11-16;1;0.0;5.0;14.9
50;2025-11-16;2;0.0;0.0;0.0
50;2025-11-16;3;0.0;0.0;0.0
50;2025-11-16;4;0.0;1.0;2.8
50;2025-11-16;5;12.7;28.0;49.6
50;2025-11-16;6;84.0;140.0;215.5
50;2025-11-16;7;159.0;265.0;397.5
50;2025-11-16;8;231.0;385.0;577.5
50;2025-11-16;9;289.2;482.0;723.0
50;2025-11-16;10;326.4;544.0;816.0
50;2025-11-16;11;386.4;644.0;966.0
50;2025-11-16;12;425.4;709.0;1063.5
50;2025-11-16;13;486.0;810.0;1215.0
50;2025-11-16;14;492.6;821.0;1231.5
50;2025-11-16;15;422.4;704.0;1056.0
50;2025-11-16;16;430.8;718.0;1077.0
50;2025-11-16;17;443.4;739.0;1108.5
50;2025-11-16;18;402.6;671.0;1006.5
50;2025-11-16;19;359.4;599.0;898.5
50;2025-11-16;20;306.6;511.0;766.5
50;2025-11-16;21;247.2;412.0;618.0
50;2025-11-16;22;129.0;215.0;322.5
50;2025-11-16;23;66.6;119.0;198.8
50;2025-11-17;0;0.0;30.0;59.8
50;2025-11-17;1;0.0;3.0;7.9
50;2025-11-17;2;0.0;1.0;1.0
50;2025-11-17;3;0.0;0.0;0.0
50;2025-11-17;4;0.0;3.0;6.5
50;2025-11-17;5;53.2;71.0;100.8
50;2025-11-17;6;434.2;549.0;695.9
50;2025-11-17;7;1403.2;1766.0;2287.1
50;2025-11-17;8;2169.3;2758.0;3623.3
50;2025-11-17;9;1726.8;2160.0;2618.6
50;2025-11-17;10;1280.0;1666.0;2049.0
50;2025-11-17;11;1172.9;1539.0;1943.8
50;2025-11-17;12;1083.0;1435.0;1840.4
50;2025-11-17;13;1050.1;1465.0;1896.5
50;2025-11-17;14;1018.1;1421.0;1856.9
50;2025-11-17;15;1157.0;1639.0;2175.5
50;2025-11-17;16;1238.4;1691.0;2198.8
50;2025-11-17;17;1816.1;2364.0;2960.3
50;2025-11-17;18;1970.0;2480.0;3144.2
50;2025-11-17;19;1148.6;1470.0;1911.3
50;2025-11-17;20;736.5;925.0;1164.9
50;2025-11-17;21;481.5;637.0;822.4
50;2025-11-17;22;189.8;273.0;375.6
50;2025-11-17;23;51.5;141.0;219.0
50;2025-11-18;0;0.0;30.0;59.8
50;2025-11-18;1;0.0;3.0;7.9
50;2025-11-18;2;0.0;1.0;1.0
50;2025-11-18;3;0.0;0.0;0.0
50;2025-11-18;4;0.0;3.0;6.5
50;2025-11-18;5;53.2;71.0;100.8
50;2025-11-18;6;434.2;549.0;695.9
50;2025-11-18;7;1403.2;1766.0;2287.1
50;2025-11-18;8;2169.3;2758.0;3623.3
50;2025-11-18;9;1726.8;2160.0;2618.6
50;2025-11-18;10;1280.0;1666.0;2049.0
50;2025-11-18;11;1172.9;1539.0;1943.8
50;2025-11-18;12;1083.0;1435.0;1840.4
50;2025-11-18;13;1050.1;1465.0;1896.5
50;2025-11-18;14;1018.1;1421.0;1856.9
50;2025-11-18;15;1157.0;1639.0;2175.5
50;2025-11-18;16;1238.4;1691.0;2198.8
50;2025-11-18;17;1816.1;2364.0;2960.3
50;2025-11-18;18;1970.0;2480.0;3144.2
50;2025-11-18;19;1148.6;1470.0;1911.3
50;2025-11-18;20;736.5;925.0;1164.9
50;2025-11-18;21;481.5;637.0;822.4
50;2025-11-18;22;189.8;273.0;375.6
50;2025-11-18;23;51.5;141.0;219.0
50;2025-11-19;0;0.0;30.0;59.8
50;2025-11-19;1;0.0;3.0;7.9
50;2025-11-19;2;0.0;1.0;1.0
50;2025-11-19;3;0.0;0.0;0.0
50;2025-11-19;4;0.0;3.0;6.5
50;2025-11-19;5;53.2;71.0;100.8
50;2025-11-19;6;434.2;549.0;695.9
50;2025-11-19;7;1403.2;1766.0;2287.1
50;2025-11-19;8;2169.3;2758.0;3623.3
50;2025-11-19;9;1726.8;2160.0;2618.6
50;2025-11-19;10;1280.0;1666.0;2049.0
50;2025-11-19;11;1172.9;1539.0;1943.8
50;2025-11-19;12;1083.0;1435.0;1840.4
50;2025-11-19;13;1050.1;1465.0;1896.5
50;2025-11-19;14;1018.1;1421.0;1856.9
50;2025-11-19;15;1157.0;1639.0;2175.5
50;2025-11-19;16;1238.4;1691.0;2198.8
50;2025-11-19;17;1816.1;2364.0;2960.3
50;2025-11-19;18;1970.0;2480.0;3144.2
50;2025-11-19;19;1148.6;1470.0;1911.3
50;2025-11-19;20;736.5;925.0;1164.9
50;2025-11-19;21;481.5;637.0;822.4
50;2025-11-19;22;189.8;273.0;375.6
50;2025-11-19;23;51.5;141.0;219.0
50;2025-11-20;0;0.0;30.0;59.8
50;2025-11-20;1;0.0;3.0;7.9
50;2025-11-20;2;0.0;1.0;1.0
50;2025-11-20;3;0.0;0.0;0.0
50;2025-11-20;4;0.0;3.0;6.5
50;2025-11-20;5;53.2;71.0;100.8
50;2025-11-20;6;434.2;549.0;695.9
50;2025-11-20;7;1403.2;1766.0;2287.1
50;2025-11-20;8;2169.3;2758.0;3623.3
50;2025-11-20;9;1726.8;2160.0;2618.6
50;2025-11-20;10;1280.0;1666.0;2049.0
50;2025-11-20;11;1172.9;1539.0;1943.8
50;2025-11-20;12;1083.0;1435.0;1840.4
50;2025-11-20;13;1050.1;1465.0;1896.5
50;2025-11-20;14;1018.1;1421.0;1856.9
50;2025-11-20;15;1157.0;1639.0;2175.5
50;2025-11-20;16;1238.4;1691.0;2198.8
50;2025-11-20;17;1816.1;2364.0;2960.3
50;2025-11-20;18;1970.0;2480.0;3144.2
50;2025-11-20;19;1148.6;1470.0;1911.3
50;2025-11-20;20;736.5;925.0;1164.9
50;2025-11-20;21;481.5;637.0;822.4
50;2025-11-20;22;189.8;273.0;375.6
50;2025-11-20;23;51.5;141.0;219.0
50;2025-11-21;0;0.0;38.0;63.6
50;2025-11-21;1;0.0;2.0;5.2
50;2025-11-21;2;0.0;0.0;0.0
50;2025-11-21;3;0.0;0.0;0.0
50;2025-11-21;4;0.0;3.0;7.0
50;2025-11-21;5;50.5;68.0;100.5
50;2025-11-21;6;390.6;535.0;687.0
50;2025-11-21;7;1328.7;1717.0;2300.1
50;2025-11-21;8;2064.8;2679.0;3549.7
50;2025-11-21;9;1590.5;2056.0;2519.9
50;2025-11-21;10;1176.9;1543.0;1934.0
50;2025-11-21;11;1121.0;1559.0;1954.8
50;2025-11-21;12;1090.5;1495.0;1887.5
50;2025-11-21;13;1092.3;1515.0;2019.5
50;2025-11-21;14;986.5;1447.0;1877.5
50;2025-11-21;15;1277.2;1761.0;2286.6
50;2025-11-21;16;1519.8;2137.0;2770.9
50;2025-11-21;17;1585.6;2140.0;2730.9
50;2025-11-21;18;1319.7;1726.0;2162.0
50;2025-11-21;19;946.1;1218.0;1558.3
50;2025-11-21;20;646.4;825.0;1079.5
50;2025-11-21;21;426.9;570.0;770.2
50;2025-11-21;22;195.8;301.0;412.9
50;2025-11-21;23;65.4;172.0;268.8
50;2025-11-22;0;0.0;64.0;128.1
50;2025-11-22;1;0.0;5.0;14.3
50;2025-11-22;2;0.0;0.0;0.0
50;2025-11-22;3;0.0;0.0;0.0
50;2025-11-22;4;0.0;1.0;2.3
50;2025-11-22;5;17.2;32.0;51.1
50;2025-11-22;6;103.8;173.0;259.5
50;2025-11-22;7;247.8;413.0;619.5
50;2025-11-22;8;380.4;634.0;951.0
50;2025-11-22;9;394.8;658.0;987.0
50;2025-11-22;10;393.0;655.0;982.5
50;2025-11-22;11;478.8;798.0;1197.0
50;2025-11-22;12;495.9;838.0;1257.0
50;2025-11-22;13;501.8;852.0;1278.0
50;2025-11-22;14;530.4;884.0;1326.0
50;2025-11-22;15;504.6;841.0;1261.5
50;2025-11-22;16;515.4;859.0;1288.5
50;2025-11-22;17;484.8;808.0;1212.0
50;2025-11-22;18;439.2;732.0;1098.0
50;2025-11-22;19;413.4;689.0;1033.5
50;2025-11-22;20;307.2;512.0;768.0
50;2025-11-22;21;271.8;453.0;679.5
50;2025-11-22;22;145.2;242.0;363.0
50;2025-11-22;23;54.4;150.0;240.2
50;2025-11-23;0;0.0;53.0;96.2
50;2025-11-23;1;0.0;5.0;14.9
50;2025-11-23;2;0.0;0.0;0.0
50;2025-11-23;3;0.0;0.0;0.0
50;2025-11-23;4;0.0;1.0;2.8
50;2025-11-23;5;12.7;28.0;49.6
50;2025-11-23;6;84.0;140.0;215.5
50;2025-11-23;7;159.0;265.0;397.5
50;2025-11-23;8;231.0;385.0;577.5
50;2025-11-23;9;289.2;482.0;723.0
50;2025-11-23;10;326.4;544.0;816.0
50;2025-11-23;11;386.4;644.0;966.0
50;2025-11-23;12;425.4;709.0;1063.5
50;2025-11-23;13;486.0;810.0;1215.0
50;2025-11-23;14;492.6;821.0;1231.5
50;2025-11-23;15;422.4;704.0;1056.0
50;2025-11-23;16;430.8;718.0;1077.0
50;2025-11-23;17;443.4;739.0;1108.5
50;2025-11-23;18;402.6;671.0;1006.5
50;2025-11-23;19;359.4;599.0;898.5
50;2025-11-23;20;306.6;511.0;766.5
50;2025-11-23;21;247.2;412.0;618.0
50;2025-11-23;22;129.0;215.0;322.5
50;2025-11-23;23;66.6;119.0;198.8
50;2025-11-24;0;0.0;30.0;59.8
50;2025-11-24;1;0.0;3.0;7.9
50;2025-11-24;2;0.0;1.0;1.0
50;2025-11-24;3;0.0;0.0;0.0
50;2025-11-24;4;0.0;3.0;6.5
50;2025-11-24;5;53.2;71.0;100.8
50;2025-11-24;6;434.2;549.0;695.9
50;2025-11-24;7;1403.2;1766.0;2287.1
50;2025-11-24;8;2169.3;2758.0;3623.3
50;2025-11-24;9;1726.8;2160.0;2618.6
50;2025-11-24;10;1280.0;1666.0;2049.0
50;2025-11-24;11;1172.9;1539.0;1943.8
50;2025-11-24;12;1083.0;1435.0;1840.4
50;2025-11-24;13;1050.1;1465.0;1896.5
50;2025-11-24;14;1018.1;1421.0;1856.9
50;2025-11-24;15;1157.0;1639.0;2175.5
50;2025-11-24;16;1238.4;1691.0;2198.8
50;2025-11-24;17;1816.1;2364.0;2960.3
50;2025-11-24;18;1970.0;2480.0;3144.2
50;2025-11-24;19;1148.6;1470.0;1911.3
50;2025-11-24;20;736.5;925.0;1164.9
50;2025-11-24;21;481.5;637.0;822.4
50;2025-11-24;22;189.8;273.0;375.6
50;2025-11-24;23;51.5;141.0;219.0
50;2025-11-25;0;0.0;30.0;59.8
50;2025-11-25;1;0.0;3.0;7.9
50;2025-11-25;2;0.0;1.0;1.0
50;2025-11-25;3;0.0;0.0;0.0
50;2025-11-25;4;0.0;3.0;6.5
50;2025-11-25;5;53.2;71.0;100.8
50;2025-11-25;6;434.2;549.0;695.9
50;2025-11-25;7;1403.2;1766.0;2287.1
50;2025-11-25;8;2169.3;2758.0;3623.3
50;2025-11-25;9;1726.8;2160.0;2618.6
50;2025-11-25;10;1280.0;1666.0;2049.0
50;2025-11-25;11;1172.9;1539.0;1943.8
50;2025-11-25;12;1083.0;1435.0;1840.4
50;2025-11-25;13;1050.1;1465.0;1896.5
50;2025-11-25;14;1018.1;1421.0;1856.9
50;2025-11-25;15;1157.0;1639.0;2175.5
50;2025-11-25;16;1238.4;1691.0;2198.8
50;2025-11-25;17;1816.1;2364.0;2960.3
50;2025-11-25;18;1970.0;2480.0;3144.2
50;2025-11-25;19;1148.6;1470.0;1911.3
50;2025-11-25;20;736.5;925.0;1164.9
50;2025-11-25;21;481.5;637.0;822.4
50;2025-11-25;22;189.8;273.0;375.6
50;2025-11-25;23;51.5;141.0;219.0
50;2025-11-26;0;0.0;30.0;59.8
50;2025-11-26;1;0.0;3.0;7.9
50;2025-11-26;2;0.0;1.0;1.0
50;2025-11-26;3;0.0;0.0;0.0
50;2025-11-26;4;0.0;3.0;6.5
50;2025-11-26;5;53.2;71.0;100.8
50;2025-11-26;6;434.2;549.0;695.9
50;2025-11-26;7;1403.2;1766.0;2287.1
50;2025-11-26;8;2169.3;2758.0;3623.3
50;2025-11-26;9;1726.8;2160.0;2618.6
50;2025-11-26;10;1280.0;1666.0;2049.0
50;2025-11-26;11;1172.9;1539.0;1943.8
50;2025-11-26;12;1083.0;1435.0;1840.4
50;2025-11-26;13;1050.1;1465.0;1896.5
50;2025-11-26;14;1018.1;1421.0;1856.9
50;2025-11-26;15;1157.0;1639.0;2175.5
50;2025-11-26;16;1238.4;1691.0;2198.8
50;2025-11-26;17;1816.1;2364.0;2960.3
50;2025-11-26;18;1970.0;2480.0;3144.2
50;2025-11-26;19;1148.6;1470.0;1911.3
50;2025-11-26;20;736.5;925.0;1164.9
50;2025-11-26;21;481.5;637.0;822.4
50;2025-11-26;22;189.8;273.0;375.6
50;2025-11-26;23;51.5;141.0;219.0
50;2025-11-27;0;0.0;30.0;59.8
50;2025-11-27;1;0.0;3.0;7.9
50;2025-11-27;2;0.0;1.0;1.0
50;2025-11-27;3;0.0;0.0;0.0
50;2025-11-27;4;0.0;3.0;6.5
50;2025-11-27;5;53.2;71.0;100.8
50;2025-11-27;6;434.2;549.0;695.9
50;2025-11-27;7;1403.2;1766.0;2287.1
50;2025-11-27;8;2169.3;2758.0;3623.3
50;2025-11-27;9;1726.8;2160.0;2618.6
50;2025-11-27;10;1280.0;1666.0;2049.0
50;2025-11-27;11;1172.9;1539.0;1943.8
50;2025-11-27;12;1083.0;1435.0;1840.4
50;2025-11-27;13;1050.1;1465.0;1896.5
50;2025-11-27;14;1018.1;1421.0;1856.9
50;2025-11-27;15;1157.0;1639.0;2175.5
50;2025-11-27;16;1238.4;1691.0;2198.8
50;2025-11-27;17;1816.1;2364.0;2960.3
50;2025-11-27;18;1970.0;2480.0;3144.2
50;2025-11-27;19;1148.6;1470.0;1911.3
50;2025-11-27;20;736.5;925.0;1164.9
50;2025-11-27;21;481.5;637.0;822.4
50;2025-11-27;22;189.8;273.0;375.6
50;2025-11-27;23;51.5;141.0;219.0
50;2025-11-28;0;0.0;38.0;63.6
50;2025-11-28;1;0.0;2.0;5.2
50;2025-11-28;2;0.0;0.0;0.0
50;2025-11-28;3;0.0;0.0;0.0
50;2025-11-28;4;0.0;3.0;7.0
50;2025-11-28;5;50.5;68.0;100.5
50;2025-11-28;6;390.6;535.0;687.0
50;2025-11-28;7;1328.7;1717.0;2300.1
50;2025-11-28;8;2064.8;2679.0;3549.7
50;2025-11-28;9;1590.5;2056.0;2519.9
50;2025-11-28;10;1176.9;1543.0;1934.0
50;2025-11-28;11;1121.0;1559.0;1954.8
50;2025-11-28;12;1090.5;1495.0;1887.5
50;2025-11-28;13;1092.3;1515.0;2019.5
50;2025-11-28;14;986.5;1447.0;1877.5
50;2025-11-28;15;1277.2;1761.0;2286.6
50;2025-11-28;16;1519.8;2137.0;2770.9
50;2025-11-28;17;1585.6;2140.0;2730.9
50;2025-11-28;18;1319.7;1726.0;2162.0
50;2025-11-28;19;946.1;1218.0;1558.3
50;2025-11-28;20;646.4;825.0;1079.5
50;2025-11-28;21;426.9;570.0;770.2
50;2025-11-28;22;195.8;301.0;412.9
50;2025-11-28;23;65.4;172.0;268.8
50;2025-11-29;0;0.0;64.0;124.2
50;2025-11-29;1;0.0;5.0;13.6
50;2025-11-29;2;0.0;0.0;0.0
50;2025-11-29;3;0.0;0.0;0.0
50;2025-11-29;4;0.0;1.0;2.7
50;2025-11-29;5;17.8;32.0;49.2
50;2025-11-29;6;103.8;173.0;259.5
50;2025-11-29;7;247.8;413.0;619.5
50;2025-11-29;8;380.4;634.0;951.0
50;2025-11-29;9;394.8;658.0;987.0
50;2025-11-29;10;393.0;655.0;982.5
50;2025-11-29;11;478.8;798.0;1197.0
50;2025-11-29;12;498.3;838.0;1257.0
50;2025-11-29;13;499.7;852.0;1278.0
50;2025-11-29;14;530.4;884.0;1326.0
50;2025-11-29;15;504.6;841.0;1261.5
50;2025-11-29;16;515.4;859.0;1288.5
50;2025-11-29;17;484.8;808.0;1212.0
50;2025-11-29;18;439.2;732.0;1098.0
50;2025-11-29;19;413.4;689.0;1033.5
50;2025-11-29;20;307.2;512.0;768.0
50;2025-11-29;21;271.8;453.0;679.5
50;2025-11-29;22;143.5;242.0;363.0
50;2025-11-29;23;54.1;150.0;249.4
50;2025-11-30;0;0.0;53.0;100.2
50;2025-11-30;1;0.0;5.0;14.7
50;2025-11-30;2;0.0;0.0;0.0
50;2025-11-30;3;0.0;0.0;0.0
50;2025-11-30;4;0.0;1.0;2.7
50;2025-11-30;5;13.3;28.0;47.7
50;2025-11-30;6;84.0;140.0;210.0
50;2025-11-30;7;159.0;265.0;397.5
50;2025-11-30;8;231.0;385.0;577.5
50;2025-11-30;9;289.2;482.0;723.0
50;2025-11-30;10;326.4;544.0;816.0
50;2025-11-30;11;381.5;644.0;966.0
50;2025-11-30;12;423.9;709.0;1063.5
50;2025-11-30;13;468.1;810.0;1215.0
50;2025-11-30;14;488.5;821.0;1231.5
50;2025-11-30;15;422.4;704.0;1056.0
50;2025-11-30;16;430.8;718.0;1077.0
50;2025-11-30;17;443.4;739.0;1108.5
50;2025-11-30;18;402.6;671.0;1006.5
50;2025-11-30;19;359.4;599.0;898.5
50;2025-11-30;20;306.6;511.0;766.5
50;2025-11-30;21;247.2;412.0;618.0
50;2025-11-30;22;129.0;215.0;322.5
50;2025-11-30;23;67.2;119.0;194.1
50;2025-12-01;0;0.0;30.0;59.1
50;2025-12-01;1;0.0;3.0;8.4
50;2025-12-01;2;0.0;1.0;1.0
50;2025-12-01;3;0.0;0.0;0.0
50;2025-12-01;4;0.0;3.0;6.8
50;2025-12-01;5;52.7;71.0;103.4
50;2025-12-01;6;423.2;549.0;710.8
50;2025-12-01;7;1362.2;1766.0;2503.9
50;2025-12-01;8;2054.3;2758.0;3888.1
50;2025-12-01;9;1656.0;2160.0;2767.4
50;2025-12-01;10;1249.5;1666.0;2133.6
50;2025-12-01;11;1123.1;1539.0;2039.5
50;2025-12-01;12;1013.7;1435.0;1891.6
50;2025-12-01;13;989.7;1465.0;2006.2
50;2025-12-01;14;980.4;1421.0;1993.6
50;2025-12-01;15;1085.9;1639.0;2334.7
50;2025-12-01;16;1178.7;1691.0;2368.3
50;2025-12-01;17;1758.0;2364.0;3223.1
50;2025-12-01;18;1905.1;2480.0;3317.6
50;2025-12-01;19;1123.7;1470.0;1955.4
50;2025-12-01;20;710.7;925.0;1192.5
50;2025-12-01;21;477.6;637.0;828.2
50;2025-12-01;22;189.2;273.0;375.5
50;2025-12-01;23;50.2;141.0;221.9
50;2025-12-02;0;0.0;30.0;59.1
50;2025-12-02;1;0.0;3.0;8.4
50;2025-12-02;2;0.0;1.0;1.0
50;2025-12-02;3;0.0;0.0;0.0
50;2025-12-02;4;0.0;3.0;6.8
50;2025-12-02;5;52.7;71.0;103.4
50;2025-12-02;6;423.2;549.0;710.8
50;2025-12-02;7;1362.2;1766.0;2503.9
50;2025-12-02;8;2054.3;2758.0;3888.1
50;2025-12-02;9;1656.0;2160.0;2767.4
50;2025-12-02;10;1249.5;1666.0;2133.6
50;2025-12-02;11;1123.1;1539.0;2039.5
50;2025-12-02;12;1013.7;1435.0;1891.6
50;2025-12-02;13;989.7;1465.0;2006.2
50;2025-12-02;14;980.4;1421.0;1993.6
50;2025-12-02;15;1085.9;1639.0;2334.7
50;2025-12-02;16;1178.7;1691.0;2368.3
50;2025-12-02;17;1758.0;2364.0;3223.1
50;2025-12-02;18;1905.1;2480.0;3317.6
50;2025-12-02;19;1123.7;1470.0;1955.4
50;2025-12-02;20;710.7;925.0;1192.5
50;2025-12-02;21;477.6;637.0;828.2
50;2025-12-02;22;189.2;273.0;375.5
50;2025-12-02;23;50.2;141.0;221.9
50;2025-12-03;0;0.0;30.0;59.1
50;2025-12-03;1;0.0;3.0;8.4
50;2025-12-03;2;0.0;1.0;1.0
50;2025-12-03;3;0.0;0.0;0.0
50;2025-12-03;4;0.0;3.0;6.8
50;2025-12-03;5;52.7;71.0;103.4
50;2025-12-03;6;423.2;549.0;710.8
50;2025-12-03;7;1362.2;1766.0;2503.9
50;2025-12-03;8;2054.3;2758.0;3888.1
50;2025-12-03;9;1656.0;2160.0;2767.4
50;2025-12-03;10;1249.5;1666.0;2133.6
50;2025-12-03;11;1123.1;1539.0;2039.5
50;2025-12-03;12;1013.7;1435.0;1891.6
50;2025-12-03;13;989.7;1465.0;2006.2
50;2025-12-03;14;980.4;1421.0;1993.6
50;2025-12-03;15;1085.9;1639.0;2334.7
50;2025-12-03;16;1178.7;1691.0;2368.3
50;2025-12-03;17;1758.0;2364.0;3223.1
50;2025-12-03;18;1905.1;2480.0;3317.6
50;2025-12-03;19;1123.7;1470.0;1955.4
50;2025-12-03;20;710.7;925.0;1192.5
50;2025-12-03;21;477.6;637.0;828.2
50;2025-12-03;22;189.2;273.0;375.5
50;2025-12-03;23;50.2;141.0;221.9
50;2025-12-04;0;0.0;30.0;59.1
50;2025-12-04;1;0.0;3.0;8.4
50;2025-12-04;2;0.0;1.0;1.0
50;2025-12-04;3;0.0;0.0;0.0
50;2025-12-04;4;0.0;3.0;6.8
50;2025-12-04;5;52.7;71.0;103.4
50;2025-12-04;6;423.2;549.0;710.8
50;2025-12-04;7;1362.2;1766.0;2503.9
50;2025-12-04;8;2054.3;2758.0;3888.1
50;2025-12-04;9;1656.0;2160.0;2767.4
50;2025-12-04;10;1249.5;1666.0;2133.6
50;2025-12-04;11;1123.1;1539.0;2039.5
50;2025-12-04;12;1013.7;1435.0;1891.6
50;2025-12-04;13;989.7;1465.0;2006.2
50;2025-12-04;14;980.4;1421.0;1993.6
50;2025-12-04;15;1085.9;1639.0;2334.7
50;2025-12-04;16;1178.7;1691.0;2368.3
50;2025-12-04;17;1758.0;2364.0;3223.1
50;2025-12-04;18;1905.1;2480.0;3317.6
50;2025-12-04;19;1123.7;1470.0;1955.4
50;2025-12-04;20;710.7;925.0;1192.5
50;2025-12-04;21;477.6;637.0;828.2
50;2025-12-04;22;189.2;273.0;375.5
50;2025-12-04;23;50.2;141.0;221.9
50;2025-12-05;0;0.0;38.0;67.3
50;2025-12-05;1;0.0;2.0;5.3
50;2025-12-05;2;0.0;0.0;0.0
50;2025-12-05;3;0.0;0.0;0.0
50;2025-12-05;4;0.0;3.0;7.0
50;2025-12-05;5;48.5;68.0;101.8
50;2025-12-05;6;360.8;535.0;690.5
50;2025-12-05;7;1232.0;1717.0;2479.3
50;2025-12-05;8;1934.3;2679.0;3789.9
50;2025-12-05;9;1491.1;2056.0;2599.9
50;2025-12-05;10;1108.4;1543.0;2053.5
50;2025-12-05;11;1045.6;1559.0;1990.6
50;2025-12-05;12;1019.3;1495.0;2004.5
50;2025-12-05;13;1018.3;1515.0;2193.7
50;2025-12-05;14;946.3;1447.0;2071.5
50;2025-12-05;15;1231.6;1761.0;2506.6
50;2025-12-05;16;1486.8;2137.0;2961.0
50;2025-12-05;17;1520.9;2140.0;2965.6
50;2025-12-05;18;1268.1;1726.0;2308.8
50;2025-12-05;19;922.4;1218.0;1637.3
50;2025-12-05;20;633.8;825.0;1088.4
50;2025-12-05;21;414.8;570.0;778.3
50;2025-12-05;22;192.3;301.0;431.1
50;2025-12-05;23;62.0;172.0;279.8
50;2025-12-06;0;0.0;64.0;124.2
50;2025-12-06;1;0.0;5.0;13.6
50;2025-12-06;2;0.0;0.0;0.0
50;2025-12-06;3;0.0;0.0;0.0
50;2025-12-06;4;0.0;1.0;2.7
50;2025-12-06;5;17.8;32.0;49.2
50;2025-12-06;6;103.8;173.0;259.5
50;2025-12-06;7;247.8;413.0;619.5
50;2025-12-06;8;380.4;634.0;951.0
50;2025-12-06;9;394.8;658.0;987.0
50;2025-12-06;10;393.0;655.0;982.5
50;2025-12-06;11;478.8;798.0;1197.0
50;2025-12-06;12;498.3;838.0;1257.0
50;2025-12-06;13;499.7;852.0;1278.0
50;2025-12-06;14;530.4;884.0;1326.0
50;2025-12-06;15;504.6;841.0;1261.5
50;2025-12-06;16;515.4;859.0;1288.5
50;2025-12-06;17;484.8;808.0;1212.0
50;2025-12-06;18;439.2;732.0;1098.0
50;2025-12-06;19;413.4;689.0;1033.5
50;2025-12-06;20;307.2;512.0;768.0
50;2025-12-06;21;271.8;453.0;679.5
50;2025-12-06;22;143.5;242.0;363.0
50;2025-12-06;23;54.1;150.0;249.4
50;2025-12-07;0;0.0;53.0;100.2
50;2025-12-07;1;0.0;5.0;14.7
50;2025-12-07;2;0.0;0.0;0.0
50;2025-12-07;3;0.0;0.0;0.0
50;2025-12-07;4;0.0;1.0;2.7
50;2025-12-07;5;13.3;28.0;47.7
50;2025-12-07;6;84.0;140.0;210.0
50;2025-12-07;7;159.0;265.0;397.5
50;2025-12-07;8;231.0;385.0;577.5
50;2025-12-07;9;289.2;482.0;723.0
50;2025-12-07;10;326.4;544.0;816.0
50;2025-12-07;11;381.5;644.0;966.0
50;2025-12-07;12;423.9;709.0;1063.5
50;2025-12-07;13;468.1;810.0;1215.0
50;2025-12-07;14;488.5;821.0;1231.5
50;2025-12-07;15;422.4;704.0;1056.0
50;2025-12-07;16;430.8;718.0;1077.0
50;2025-12-07;17;443.4;739.0;1108.5
50;2025-12-07;18;402.6;671.0;1006.5
50;2025-12-07;19;359.4;599.0;898.5
50;2025-12-07;20;306.6;511.0;766.5
50;2025-12-07;21;247.2;412.0;618.0
50;2025-12-07;22;129.0;215.0;322.5
50;2025-12-07;23;67.2;119.0;194.1
50;2025-12-08;0;0.0;30.0;59.1
50;2025-12-08;1;0.0;3.0;8.4
50;2025-12-08;2;0.0;1.0;1.0
50;2025-12-08;3;0.0;0.0;0.0
50;2025-12-08;4;0.0;3.0;6.8
50;2025-12-08;5;52.7;71.0;103.4
50;2025-12-08;6;423.2;549.0;710.8
50;2025-12-08;7;1362.2;1766.0;2503.9
50;2025-12-08;8;2054.3;2758.0;3888.1
50;2025-12-08;9;1656.0;2160.0;2767.4
50;2025-12-08;10;1249.5;1666.0;2133.6
50;2025-12-08;11;1123.1;1539.0;2039.5
50;2025-12-08;12;1013.7;1435.0;1891.6
50;2025-12-08;13;989.7;1465.0;2006.2
50;2025-12-08;14;980.4;1421.0;1993.6
50;2025-12-08;15;1085.9;1639.0;2334.7
50;2025-12-08;16;1178.7;1691.0;2368.3
50;2025-12-08;17;1758.0;2364.0;3223.1
50;2025-12-08;18;1905.1;2480.0;3317.6
50;2025-12-08;19;1123.7;1470.0;1955.4
50;2025-12-08;20;710.7;925.0;1192.5
50;2025-12-08;21;477.6;637.0;828.2
50;2025-12-08;22;189.2;273.0;375.5
50;2025-12-08;23;50.2;141.0;221.9
50;2025-12-09;0;0.0;30.0;59.1
50;2025-12-09;1;0.0;3.0;8.4
50;2025-12-09;2;0.0;1.0;1.0
50;2025-12-09;3;0.0;0.0;0.0
50;2025-12-09;4;0.0;3.0;6.8
50;2025-12-09;5;52.7;71.0;103.4
50;2025-12-09;6;423.2;549.0;710.8
50;2025-12-09;7;1362.2;1766.0;2503.9
50;2025-12-09;8;2054.3;2758.0;3888.1
50;2025-12-09;9;1656.0;2160.0;2767.4
50;2025-12-09;10;1249.5;1666.0;2133.6
50;2025-12-09;11;1123.1;1539.0;2039.5
50;2025-12-09;12;1013.7;1435.0;1891.6
50;2025-12-09;13;989.7;1465.0;2006.2
50;2025-12-09;14;980.4;1421.0;1993.6
50;2025-12-09;15;1085.9;1639.0;2334.7
50;2025-12-09;16;1178.7;1691.0;2368.3
50;2025-12-09;17;1758.0;2364.0;3223.1
50;2025-12-09;18;1905.1;2480.0;3317.6
50;2025-12-09;19;1123.7;1470.0;1955.4
50;2025-12-09;20;710.7;925.0;1192.5
50;2025-12-09;21;477.6;637.0;828.2
50;2025-12-09;22;189.2;273.0;375.5
50;2025-12-09;23;50.2;141.0;221.9
50;2025-12-10;0;0.0;30.0;59.1
50;2025-12-10;1;0.0;3.0;8.4
50;2025-12-10;2;0.0;1.0;1.0
50;2025-12-10;3;0.0;0.0;0.0
50;2025-12-10;4;0.0;3.0;6.8
50;2025-12-10;5;52.7;71.0;103.4
50;2025-12-10;6;423.2;549.0;710.8
50;2025-12-10;7;1362.2;1766.0;2503.9
50;2025-12-10;8;2054.3;2758.0;3888.1
50;2025-12-10;9;1656.0;2160.0;2767.4
50;2025-12-10;10;1249.5;1666.0;2133.6
50;2025-12-10;11;1123.1;1539.0;2039.5
50;2025-12-10;12;1013.7;1435.0;1891.6
50;2025-12-10;13;989.7;1465.0;2006.2
50;2025-12-10;14;980.4;1421.0;1993.6
50;2025-12-10;15;1085.9;1639.0;2334.7
50;2025-12-10;16;1178.7;1691.0;2368.3
50;2025-12-10;17;1758.0;2364.0;3223.1
50;2025-12-10;18;1905.1;2480.0;3317.6
50;2025-12-10;19;1123.7;1470.0;1955.4
50;2025-12-10;20;710.7;925.0;1192.5
50;2025-12-10;21;477.6;637.0;828.2
50;2025-12-10;22;189.2;273.0;375.5
50;2025-12-10;23;50.2;141.0;221.9
50;2025-12-11;0;0.0;30.0;59.1
50;2025-12-11;1;0.0;3.0;8.4
50;2025-12-11;2;0.0;1.0;1.0
50;2025-12-11;3;0.0;0.0;0.0
50;2025-12-11;4;0.0;3.0;6.8
50;2025-12-11;5;52.7;71.0;103.4
50;2025-12-11;6;423.2;549.0;710.8
50;2025-12-11;7;1362.2;1766.0;2503.9
50;2025-12-11;8;2054.3;2758.0;3888.1
50;2025-12-11;9;1656.0;2160.0;2767.4
50;2025-12-11;10;1249.5;1666.0;2133.6
50;2025-12-11;11;1123.1;1539.0;2039.5
50;2025-12-11;12;1013.7;1435.0;1891.6
50;2025-12-11;13;989.7;1465.0;2006.2
50;2025-12-11;14;980.4;1421.0;1993.6
50;2025-12-11;15;1085.9;1639.0;2334.7
50;2025-12-11;16;1178.7;1691.0;2368.3
50;2025-12-11;17;1758.0;2364.0;3223.1
50;2025-12-11;18;1905.1;2480.0;3317.6
50;2025-12-11;19;1123.7;1470.0;1955.4
50;2025-12-11;20;710.7;925.0;1192.5
50;2025-12-11;21;477.6;637.0;828.2
50;2025-12-11;22;189.2;273.0;375.5
50;2025-12-11;23;50.2;141.0;221.9
50;2025-12-12;0;0.0;38.0;67.3
50;2025-12-12;1;0.0;2.0;5.3
50;2025-12-12;2;0.0;0.0;0.0
50;2025-12-12;3;0.0;0.0;0.0
50;2025-12-12;4;0.0;3.0;7.0
50;2025-12-12;5;48.5;68.0;101.8
50;2025-12-12;6;360.8;535.0;690.5
50;2025-12-12;7;1232.0;1717.0;2479.3
50;2025-12-12;8;1934.3;2679.0;3789.9
50;2025-12-12;9;1491.1;2056.0;2599.9
50;2025-12-12;10;1108.4;1543.0;2053.5
50;2025-12-12;11;1045.6;1559.0;1990.6
50;2025-12-12;12;1019.3;1495.0;2004.5
50;2025-12-12;13;1018.3;1515.0;2193.7
50;2025-12-12;14;946.3;1447.0;2071.5
50;2025-12-12;15;1231.6;1761.0;2506.6
50;2025-12-12;16;1486.8;2137.0;2961.0
50;2025-12-12;17;1520.9;2140.0;2965.6
50;2025-12-12;18;1268.1;1726.0;2308.8
50;2025-12-12;19;922.4;1218.0;1637.3
50;2025-12-12;20;633.8;825.0;1088.4
50;2025-12-12;21;414.8;570.0;778.3
50;2025-12-12;22;192.3;301.0;431.1
50;2025-12-12;23;62.0;172.0;279.8
50;2025-12-13;0;0.0;64.0;119.4
50;2025-12-13;1;0.0;5.0;14.9
50;2025-12-13;2;0.0;0.0;0.0
50;2025-12-13;3;0.0;0.0;0.0
50;2025-12-13;4;0.0;1.0;2.6
50;2025-12-13;5;16.3;32.0;49.9
50;2025-12-13;6;103.0;173.0;259.5
50;2025-12-13;7;247.8;413.0;619.5
50;2025-12-13;8;378.4;634.0;951.0
50;2025-12-13;9;393.2;658.0;987.0
50;2025-12-13;10;388.0;655.0;982.5
50;2025-12-13;11;471.6;798.0;1197.0
50;2025-12-13;12;456.7;838.0;1257.0
50;2025-12-13;13;423.3;852.0;1278.0
50;2025-12-13;14;530.2;884.0;1329.4
50;2025-12-13;15;491.6;841.0;1261.5
50;2025-12-13;16;510.0;859.0;1288.5
50;2025-12-13;17;477.3;808.0;1212.0
50;2025-12-13;18;439.2;732.0;1098.0
50;2025-12-13;19;413.4;689.0;1033.5
50;2025-12-13;20;307.2;512.0;768.0
50;2025-12-13;21;271.8;453.0;679.5
50;2025-12-13;22;145.2;242.0;363.0
50;2025-12-13;23;50.5;150.0;242.3
50;2025-12-14;0;0.0;53.0;98.1
50;2025-12-14;1;0.0;5.0;15.8
50;2025-12-14;2;0.0;0.0;0.0
50;2025-12-14;3;0.0;0.0;0.0
50;2025-12-14;4;0.0;1.0;3.1
50;2025-12-14;5;13.1;28.0;48.5
50;2025-12-14;6;84.0;140.0;213.3
50;2025-12-14;7;159.0;265.0;397.5
50;2025-12-14;8;231.0;385.0;577.5
50;2025-12-14;9;289.2;482.0;723.0
50;2025-12-14;10;326.4;544.0;816.0
50;2025-12-14;11;366.7;644.0;966.0
50;2025-12-14;12;425.4;709.0;1063.5
50;2025-12-14;13;486.0;810.0;1215.0
50;2025-12-14;14;492.6;821.0;1231.5
50;2025-12-14;15;422.4;704.0;1056.0
50;2025-12-14;16;430.8;718.0;1077.0
50;2025-12-14;17;443.4;739.0;1108.5
50;2025-12-14;18;402.6;671.0;1006.5
50;2025-12-14;19;359.4;599.0;898.5
50;2025-12-14;20;306.6;511.0;766.5
50;2025-12-14;21;247.2;412.0;618.0
50;2025-12-14;22;129.0;215.0;322.5
50;2025-12-14;23;64.6;119.0;192.6
50;2025-12-15;0;0.0;30.0;58.4
50;2025-12-15;1;0.0;3.0;8.6
50;2025-12-15;2;0.0;1.0;1.0
50;2025-12-15;3;0.0;0.0;0.0
50;2025-12-15;4;0.0;3.0;7.3
50;2025-12-15;5;52.7;71.0;104.7
50;2025-12-15;6;410.4;549.0;720.9
50;2025-12-15;7;1323.5;1766.0;2577.3
50;2025-12-15;8;1948.4;2758.0;4120.2
50;2025-12-15;9;1611.4;2160.0;2875.8
50;2025-12-15;10;1220.8;1666.0;2239.2
50;2025-12-15;11;1090.9;1539.0;2132.3
50;2025-12-15;12;983.2;1435.0;1971.4
50;2025-12-15;13;969.1;1465.0;2107.4
50;2025-12-15;14;938.6;1421.0;2102.8
50;2025-12-15;15;1059.4;1639.0;2498.3
50;2025-12-15;16;1137.6;1691.0;2484.3
50;2025-12-15;17;1736.5;2364.0;3418.2
50;2025-12-15;18;1882.1;2480.0;3436.7
50;2025-12-15;19;1098.6;1470.0;1986.3
50;2025-12-15;20;712.3;925.0;1192.4
50;2025-12-15;21;470.9;637.0;855.1
50;2025-12-15;22;187.7;273.0;386.6
50;2025-12-15;23;46.9;141.0;223.8
50;2025-12-16;0;0.0;30.0;58.4
50;2025-12-16;1;0.0;3.0;8.6
50;2025-12-16;2;0.0;1.0;1.0
50;2025-12-16;3;0.0;0.0;0.0
50;2025-12-16;4;0.0;3.0;7.3
50;2025-12-16;5;52.7;71.0;104.7
50;2025-12-16;6;410.4;549.0;720.9
50;2025-12-16;7;1323.5;1766.0;2577.3
50;2025-12-16;8;1948.4;2758.0;4120.2
50;2025-12-16;9;1611.4;2160.0;2875.8
50;2025-12-16;10;1220.8;1666.0;2239.2
50;2025-12-16;11;1090.9;1539.0;2132.3
50;2025-12-16;12;983.2;1435.0;1971.4
50;2025-12-16;13;969.1;1465.0;2107.4
50;2025-12-16;14;938.6;1421.0;2102.8
50;2025-12-16;15;1059.4;1639.0;2498.3
50;2025-12-16;16;1137.6;1691.0;2484.3
50;2025-12-16;17;1736.5;2364.0;3418.2
50;2025-12-16;18;1882.1;2480.0;3436.7
50;2025-12-16;19;1098.6;1470.0;1986.3
50;2025-12-16;20;712.3;925.0;1192.4
50;2025-12-16;21;470.9;637.0;855.1
50;2025-12-16;22;187.7;273.0;386.6
50;2025-12-16;23;46.9;141.0;223.8
50;2025-12-17;0;0.0;30.0;58.4
50;2025-12-17;1;0.0;3.0;8.6
50;2025-12-17;2;0.0;1.0;1.0
50;2025-12-17;3;0.0;0.0;0.0
50;2025-12-17;4;0.0;3.0;7.3
50;2025-12-17;5;52.7;71.0;104.7
50;2025-12-17;6;410.4;549.0;720.9
50;2025-12-17;7;1323.5;1766.0;2577.3
50;2025-12-17;8;1948.4;2758.0;4120.2
50;2025-12-17;9;1611.4;2160.0;2875.8
50;2025-12-17;10;1220.8;1666.0;2239.2
50;2025-12-17;11;1090.9;1539.0;2132.3
50;2025-12-17;12;983.2;1435.0;1971.4
50;2025-12-17;13;969.1;1465.0;2107.4
50;2025-12-17;14;938.6;1421.0;2102.8
50;2025-12-17;15;1059.4;1639.0;2498.3
50;2025-12-17;16;1137.6;1691.0;2484.3
50;2025-12-17;17;1736.5;2364.0;3418.2
50;2025-12-17;18;1882.1;2480.0;3436.7
50;2025-12-17;19;1098.6;1470.0;1986.3
50;2025-12-17;20;712.3;925.0;1192.4
50;2025-12-17;21;470.9;637.0;855.1
50;2025-12-17;22;187.7;273.0;386.6
50;2025-12-17;23;46.9;141.0;223.8
50;2025-12-18;0;0.0;30.0;58.4
50;2025-12-18;1;0.0;3.0;8.6
50;2025-12-18;2;0.0;1.0;1.0
50;2025-12-18;3;0.0;0.0;0.0
50;2025-12-18;4;0.0;3.0;7.3
50;2025-12-18;5;52.7;71.0;104.7
50;2025-12-18;6;410.4;549.0;720.9
50;2025-12-18;7;1323.5;1766.0;2577.3
50;2025-12-18;8;1948.4;2758.0;4120.2
50;2025-12-18;9;1611.4;2160.0;2875.8
50;2025-12-18;10;1220.8;1666.0;2239.2
50;2025-12-18;11;1090.9;1539.0;2132.3
50;2025-12-18;12;983.2;1435.0;1971.4
50;2025-12-18;13;969.1;1465.0;2107.4
50;2025-12-18;14;938.6;1421.0;2102.8
50;2025-12-18;15;1059.4;1639.0;2498.3
50;2025-12-18;16;1137.6;1691.0;2484.3
50;2025-12-18;17;1736.5;2364.0;3418.2
50;2025-12-18;18;1882.1;2480.0;3436.7
50;2025-12-18;19;1098.6;1470.0;1986.3
50;2025-12-18;20;712.3;925.0;1192.4
50;2025-12-18;21;470.9;637.0;855.1
50;2025-12-18;22;187.7;273.0;386.6
50;2025-12-18;23;46.9;141.0;223.8
50;2025-12-19;0;0.0;38.0;66.4
50;2025-12-19;1;0.0;2.0;5.5
50;2025-12-19;2;0.0;0.0;0.0
50;2025-12-19;3;0.0;0.0;0.0
50;2025-12-19;4;0.0;3.0;7.6
50;2025-12-19;5;48.6;68.0;104.9
50;2025-12-19;6;375.3;535.0;707.9
50;2025-12-19;7;1200.4;1717.0;2568.3
50;2025-12-19;8;1808.5;2679.0;3912.7
50;2025-12-19;9;1406.7;2056.0;2692.8
50;2025-12-19;10;1078.8;1543.0;2178.2
50;2025-12-19;11;1079.4;1559.0;2144.4
50;2025-12-19;12;1000.1;1495.0;2193.4
50;2025-12-19;13;981.7;1515.0;2290.8
50;2025-12-19;14;905.9;1447.0;2120.0
50;2025-12-19;15;1188.0;1761.0;2741.3
50;2025-12-19;16;1452.3;2137.0;3181.3
50;2025-12-19;17;1483.8;2140.0;3095.1
50;2025-12-19;18;1181.8;1726.0;2342.5
50;2025-12-19;19;882.2;1218.0;1617.7
50;2025-12-19;20;609.2;825.0;1067.9
50;2025-12-19;21;403.3;570.0;788.5
50;2025-12-19;22;196.9;301.0;436.5
50;2025-12-19;23;57.0;172.0;297.7
50;2025-12-20;0;0.0;64.0;119.4
50;2025-12-20;1;0.0;5.0;14.9
50;2025-12-20;2;0.0;0.0;0.0
50;2025-12-20;3;0.0;0.0;0.0
50;2025-12-20;4;0.0;1.0;2.6
50;2025-12-20;5;16.3;32.0;49.9
50;2025-12-20;6;103.0;173.0;259.5
50;2025-12-20;7;247.8;413.0;619.5
50;2025-12-20;8;378.4;634.0;951.0
50;2025-12-20;9;393.2;658.0;987.0
50;2025-12-20;10;388.0;655.0;982.5
50;2025-12-20;11;471.6;798.0;1197.0
50;2025-12-20;12;456.7;838.0;1257.0
50;2025-12-20;13;423.3;852.0;1278.0
50;2025-12-20;14;530.2;884.0;1329.4
50;2025-12-20;15;491.6;841.0;1261.5
50;2025-12-20;16;510.0;859.0;1288.5
50;2025-12-20;17;477.3;808.0;1212.0
50;2025-12-20;18;439.2;732.0;1098.0
50;2025-12-20;19;413.4;689.0;1033.5
50;2025-12-20;20;307.2;512.0;768.0
50;2025-12-20;21;271.8;453.0;679.5
50;2025-12-20;22;145.2;242.0;363.0
50;2025-12-20;23;50.5;150.0;242.3
50;2025-12-21;0;0.0;53.0;98.1
50;2025-12-21;1;0.0;5.0;15.8
50;2025-12-21;2;0.0;0.0;0.0
50;2025-12-21;3;0.0;0.0;0.0
50;2025-12-21;4;0.0;1.0;3.1
50;2025-12-21;5;13.1;28.0;48.5
50;2025-12-21;6;84.0;140.0;213.3
50;2025-12-21;7;159.0;265.0;397.5
50;2025-12-21;8;231.0;385.0;577.5
50;2025-12-21;9;289.2;482.0;723.0
50;2025-12-21;10;326.4;544.0;816.0
50;2025-12-21;11;366.7;644.0;966.0
50;2025-12-21;12;425.4;709.0;1063.5
50;2025-12-21;13;486.0;810.0;1215.0
50;2025-12-21;14;492.6;821.0;1231.5
50;2025-12-21;15;422.4;704.0;1056.0
50;2025-12-21;16;430.8;718.0;1077.0
50;2025-12-21;17;443.4;739.0;1108.5
50;2025-12-21;18;402.6;671.0;1006.5
50;2025-12-21;19;359.4;599.0;898.5
50;2025-12-21;20;306.6;511.0;766.5
50;2025-12-21;21;247.2;412.0;618.0
50;2025-12-21;22;129.0;215.0;322.5
50;2025-12-21;23;64.6;119.0;192.6
50;2025-12-22;0;0.0;30.0;58.4
50;2025-12-22;1;0.0;3.0;8.6
50;2025-12-22;2;0.0;1.0;1.0
50;2025-12-22;3;0.0;0.0;0.0
50;2025-12-22;4;0.0;3.0;7.3
50;2025-12-22;5;52.7;71.0;104.7
50;2025-12-22;6;410.4;549.0;720.9
50;2025-12-22;7;1323.5;1766.0;2577.3
50;2025-12-22;8;1948.4;2758.0;4120.2
50;2025-12-22;9;1611.4;2160.0;2875.8
50;2025-12-22;10;1220.8;1666.0;2239.2
50;2025-12-22;11;1090.9;1539.0;2132.3
50;2025-12-22;12;983.2;1435.0;1971.4
50;2025-12-22;13;969.1;1465.0;2107.4
50;2025-12-22;14;938.6;1421.0;2102.8
50;2025-12-22;15;1059.4;1639.0;2498.3
50;2025-12-22;16;1137.6;1691.0;2484.3
50;2025-12-22;17;1736.5;2364.0;3418.2
50;2025-12-22;18;1882.1;2480.0;3436.7
50;2025-12-22;19;1098.6;1470.0;1986.3
50;2025-12-22;20;712.3;925.0;1192.4
50;2025-12-22;21;470.9;637.0;855.1
50;2025-12-22;22;187.7;273.0;386.6
50;2025-12-22;23;46.9;141.0;223.8
50;2025-12-23;0;0.0;30.0;58.4
50;2025-12-23;1;0.0;3.0;8.6
50;2025-12-23;2;0.0;1.0;1.0
50;2025-12-23;3;0.0;0.0;0.0
50;2025-12-23;4;0.0;3.0;7.3
50;2025-12-23;5;52.7;71.0;104.7
50;2025-12-23;6;410.4;549.0;720.9
50;2025-12-23;7;1323.5;1766.0;2577.3
50;2025-12-23;8;1948.4;2758.0;4120.2
50;2025-12-23;9;1611.4;2160.0;2875.8
50;2025-12-23;10;1220.8;1666.0;2239.2
50;2025-12-23;11;1090.9;1539.0;2132.3
50;2025-12-23;12;983.2;1435.0;1971.4
50;2025-12-23;13;969.1;1465.0;2107.4
50;2025-12-23;14;938.6;1421.0;2102.8
50;2025-12-23;15;1059.4;1639.0;2498.3
50;2025-12-23;16;1137.6;1691.0;2484.3
50;2025-12-23;17;1736.5;2364.0;3418.2
50;2025-12-23;18;1882.1;2480.0;3436.7
50;2025-12-23;19;1098.6;1470.0;1986.3
50;2025-12-23;20;712.3;925.0;1192.4
50;2025-12-23;21;470.9;637.0;855.1
50;2025-12-23;22;187.7;273.0;386.6
50;2025-12-23;23;46.9;141.0;223.8
50;2025-12-24;0;0.0;30.0;58.4
50;2025-12-24;1;0.0;3.0;8.6
50;2025-12-24;2;0.0;1.0;1.0
50;2025-12-24;3;0.0;0.0;0.0
50;2025-12-24;4;0.0;3.0;7.3
50;2025-12-24;5;52.7;71.0;104.7
50;2025-12-24;6;410.4;549.0;720.9
50;2025-12-24;7;1323.5;1766.0;2577.3
50;2025-12-24;8;1948.4;2758.0;4120.2
50;2025-12-24;9;1611.4;2160.0;2875.8
50;2025-12-24;10;1220.8;1666.0;2239.2
50;2025-12-24;11;1090.9;1539.0;2132.3
50;2025-12-24;12;983.2;1435.0;1971.4
50;2025-12-24;13;969.1;1465.0;2107.4
50;2025-12-24;14;938.6;1421.0;2102.8
50;2025-12-24;15;1059.4;1639.0;2498.3
50;2025-12-24;16;1137.6;1691.0;2484.3
50;2025-12-24;17;1736.5;2364.0;3418.2
50;2025-12-24;18;1882.1;2480.0;3436.7
50;2025-12-24;19;1098.6;1470.0;1986.3
50;2025-12-24;20;712.3;925.0;1192.4
50;2025-12-24;21;470.9;637.0;855.1
50;2025-12-24;22;187.7;273.0;386.6
50;2025-12-24;23;46.9;141.0;223.8
50;2025-12-25;0;0.0;30.0;58.4
50;2025-12-25;1;0.0;3.0;8.6
50;2025-12-25;2;0.0;1.0;1.0
50;2025-12-25;3;0.0;0.0;0.0
50;2025-12-25;4;0.0;3.0;7.3
50;2025-12-25;5;52.7;71.0;104.7
50;2025-12-25;6;410.4;549.0;720.9
50;2025-12-25;7;1323.5;1766.0;2577.3
50;2025-12-25;8;1948.4;2758.0;4120.2
50;2025-12-25;9;1611.4;2160.0;2875.8
50;2025-12-25;10;1220.8;1666.0;2239.2
50;2025-12-25;11;1090.9;1539.0;2132.3
50;2025-12-25;12;983.2;1435.0;1971.4
50;2025-12-25;13;969.1;1465.0;2107.4
50;2025-12-25;14;938.6;1421.0;2102.8
50;2025-12-25;15;1059.4;1639.0;2498.3
50;2025-12-25;16;1137.6;1691.0;2484.3
50;2025-12-25;17;1736.5;2364.0;3418.2
50;2025-12-25;18;1882.1;2480.0;3436.7
50;2025-12-25;19;1098.6;1470.0;1986.3
50;2025-12-25;20;712.3;925.0;1192.4
50;2025-12-25;21;470.9;637.0;855.1
50;2025-12-25;22;187.7;273.0;386.6
50;2025-12-25;23;46.9;141.0;223.8
50;2025-12-26;0;0.0;38.0;66.4
50;2025-12-26;1;0.0;2.0;5.5
50;2025-12-26;2;0.0;0.0;0.0
50;2025-12-26;3;0.0;0.0;0.0
50;2025-12-26;4;0.0;3.0;7.6
50;2025-12-26;5;48.6;68.0;104.9
50;2025-12-26;6;375.3;535.0;707.9
50;2025-12-26;7;1200.4;1717.0;2568.3
50;2025-12-26;8;1808.5;2679.0;3912.7
50;2025-12-26;9;1406.7;2056.0;2692.8
50;2025-12-26;10;1078.8;1543.0;2178.2
50;2025-12-26;11;1079.4;1559.0;2144.4
50;2025-12-26;12;1000.1;1495.0;2193.4
50;2025-12-26;13;981.7;1515.0;2290.8
50;2025-12-26;14;905.9;1447.0;2120.0
50;2025-12-26;15;1188.0;1761.0;2741.3
50;2025-12-26;16;1452.3;2137.0;3181.3
50;2025-12-26;17;1483.8;2140.0;3095.1
50;2025-12-26;18;1181.8;1726.0;2342.5
50;2025-12-26;19;882.2;1218.0;1617.7
50;2025-12-26;20;609.2;825.0;1067.9
50;2025-12-26;21;403.3;570.0;788.5
50;2025-12-26;22;196.9;301.0;436.5
50;2025-12-26;23;57.0;172.0;297.7
50;2025-12-27;0;0.0;64.0;121.3
50;2025-12-27;1;0.0;5.0;17.5
50;2025-12-27;2;0.0;0.0;0.0
50;2025-12-27;3;0.0;0.0;0.0
50;2025-12-27;4;0.0;1.0;3.0
50;2025-12-27;5;17.1;32.0;48.6
50;2025-12-27;6;91.2;173.0;259.5
50;2025-12-27;7;247.8;413.0;619.5
50;2025-12-27;8;363.0;634.0;969.1
50;2025-12-27;9;392.2;658.0;987.0
50;2025-12-27;10;343.8;655.0;982.5
50;2025-12-27;11;376.6;798.0;1197.0
50;2025-12-27;12;391.3;838.0;1331.2
50;2025-12-27;13;403.6;852.0;1340.2
50;2025-12-27;14;513.2;884.0;1513.1
50;2025-12-27;15;481.9;841.0;1306.4
50;2025-12-27;16;515.4;859.0;1443.9
50;2025-12-27;17;460.3;808.0;1212.0
50;2025-12-27;18;412.3;732.0;1098.0
50;2025-12-27;19;413.4;689.0;1033.5
50;2025-12-27;20;307.2;512.0;768.0
50;2025-12-27;21;271.8;453.0;679.5
50;2025-12-27;22;145.2;242.0;363.0
50;2025-12-27;23;43.0;150.0;231.8
50;2025-12-28;0;0.0;53.0;100.4
50;2025-12-28;1;0.0;5.0;13.9
50;2025-12-28;2;0.0;0.0;0.0
50;2025-12-28;3;0.0;0.0;0.0
50;2025-12-28;4;0.0;1.0;3.2
50;2025-12-28;5;11.8;28.0;51.9
50;2025-12-28;6;84.0;140.0;228.5
50;2025-12-28;7;159.0;265.0;397.5
50;2025-12-28;8;231.0;385.0;577.5
50;2025-12-28;9;289.2;482.0;723.0
50;2025-12-28;10;324.9;544.0;816.0
50;2025-12-28;11;386.4;644.0;1002.4
50;2025-12-28;12;425.4;709.0;1067.1
50;2025-12-28;13;486.0;810.0;1254.5
50;2025-12-28;14;492.6;821.0;1263.1
50;2025-12-28;15;422.4;704.0;1132.7
50;2025-12-28;16;430.8;718.0;1166.7
50;2025-12-28;17;443.4;739.0;1120.2
50;2025-12-28;18;402.6;671.0;1006.5
50;2025-12-28;19;359.4;599.0;898.5
50;2025-12-28;20;306.6;511.0;766.5
50;2025-12-28;21;247.2;412.0;649.2
50;2025-12-28;22;129.0;215.0;362.4
50;2025-12-28;23;51.4;119.0;204.0
50;2025-12-29;0;0.0;27.0;54.2
50;2025-12-29;1;0.0;3.0;8.8
50;2025-12-29;2;0.0;0.0;0.0
50;2025-12-29;3;0.0;0.0;0.0
50;2025-12-29;4;0.0;2.0;5.3
50;2025-12-29;5;37.8;63.0;94.5
50;2025-12-29;6;289.8;483.0;724.5
50;2025-12-29;7;933.0;1555.0;2355.6
50;2025-12-29;8;1456.8;2428.0;3792.3
50;2025-12-29;9;1140.6;1901.0;2851.5
50;2025-12-29;10;879.6;1466.0;2199.0
50;2025-12-29;11;813.0;1355.0;2032.5
50;2025-12-29;12;757.2;1262.0;1893.0
50;2025-12-29;13;773.4;1289.0;1933.5
50;2025-12-29;14;750.6;1251.0;1916.8
50;2025-12-29;15;865.2;1442.0;2286.2
50;2025-12-29;16;892.8;1488.0;2273.3
50;2025-12-29;17;1248.6;2081.0;3161.5
50;2025-12-29;18;1309.8;2183.0;3274.5
50;2025-12-29;19;775.8;1293.0;1939.5
50;2025-12-29;20;488.4;814.0;1221.0
50;2025-12-29;21;336.0;560.0;840.0
50;2025-12-29;22;144.0;240.0;360.0
50;2025-12-29;23;40.9;123.0;201.3
50;2025-12-30;0;0.0;27.0;54.2
50;2025-12-30;1;0.0;3.0;8.8
50;2025-12-30;2;0.0;0.0;0.0
50;2025-12-30;3;0.0;0.0;0.0
50;2025-12-30;4;0.0;2.0;5.3
50;2025-12-30;5;37.8;63.0;94.5
50;2025-12-30;6;289.8;483.0;724.5
50;2025-12-30;7;933.0;1555.0;2355.6
50;2025-12-30;8;1456.8;2428.0;3792.3
50;2025-12-30;9;1140.6;1901.0;2851.5
50;2025-12-30;10;879.6;1466.0;2199.0
50;2025-12-30;11;813.0;1355.0;2032.5
50;2025-12-30;12;757.2;1262.0;1893.0
50;2025-12-30;13;773.4;1289.0;1933.5
50;2025-12-30;14;750.6;1251.0;1916.8
50;2025-12-30;15;865.2;1442.0;2286.2
50;2025-12-30;16;892.8;1488.0;2273.3
50;2025-12-30;17;1248.6;2081.0;3161.5
50;2025-12-30;18;1309.8;2183.0;3274.5
50;2025-12-30;19;775.8;1293.0;1939.5
50;2025-12-30;20;488.4;814.0;1221.0
50;2025-12-30;21;336.0;560.0;840.0
50;2025-12-30;22;144.0;240.0;360.0
50;2025-12-30;23;40.9;123.0;201.3
50;2025-12-31;0;0.0;63.0;119.3
50;2025-12-31;1;0.0;7.0;19.4
50;2025-12-31;2;0.0;0.0;0.0
50;2025-12-31;3;0.0;2.0;3.0
50;2025-12-31;4;0.0;0.0;0.0
50;2025-12-31;5;4.2;10.0;18.5
50;2025-12-31;6;7.8;13.0;21.2
50;2025-12-31;7;12.6;21.0;31.5
50;2025-12-31;8;25.2;42.0;63.0
50;2025-12-31;9;48.6;81.0;121.5
50;2025-12-31;10;17.9;30.0;45.0
50;2025-12-31;11;18.6;31.0;48.3
50;2025-12-31;12;43.8;73.0;109.9
50;2025-12-31;13;25.8;43.0;66.6
50;2025-12-31;14;24.0;40.0;61.5
50;2025-12-31;15;36.0;60.0;96.5
50;2025-12-31;16;21.0;35.0;56.9
50;2025-12-31;17;22.2;37.0;56.1
50;2025-12-31;18;7.2;12.0;18.0
50;2025-12-31;19;5.4;9.0;13.5
50;2025-12-31;20;0.0;0.0;0.0
50;2025-12-31;21;0.0;0.0;0.0
50;2025-12-31;22;0.0;0.0;0.0
50;2025-12-31;23;0.0;0.0;0.0
