route;date;hour;prediction
1;2025-11-01;0;2
1;2025-11-01;1;0
1;2025-11-01;2;0
1;2025-11-01;3;0
1;2025-11-01;4;5
1;2025-11-01;5;110
1;2025-11-01;6;387
1;2025-11-01;7;1218
1;2025-11-01;8;1479
1;2025-11-01;9;1150
1;2025-11-01;10;1024
1;2025-11-01;11;1092
1;2025-11-01;12;1089
1;2025-11-01;13;1128
1;2025-11-01;14;1060
1;2025-11-01;15;1196
1;2025-11-01;16;1288
1;2025-11-01;17;1472
1;2025-11-01;18;1190
1;2025-11-01;19;995
1;2025-11-01;20;638
1;2025-11-01;21;388
1;2025-11-01;22;142
1;2025-11-01;23;32
1;2025-11-02;0;0
1;2025-11-02;1;0
1;2025-11-02;2;0
1;2025-11-02;3;0
1;2025-11-02;4;0
1;2025-11-02;5;20
1;2025-11-02;6;112
1;2025-11-02;7;258
1;2025-11-02;8;347
1;2025-11-02;9;601
1;2025-11-02;10;669
1;2025-11-02;11;708
1;2025-11-02;12;814
1;2025-11-02;13;846
1;2025-11-02;14;788
1;2025-11-02;15;703
1;2025-11-02;16;647
1;2025-11-02;17;568
1;2025-11-02;18;491
1;2025-11-02;19;427
1;2025-11-02;20;327
1;2025-11-02;21;268
1;2025-11-02;22;97
1;2025-11-02;23;25
1;2025-11-03;0;0
1;2025-11-03;1;0
1;2025-11-03;2;0
1;2025-11-03;3;0
1;2025-11-03;4;0
1;2025-11-03;5;20
1;2025-11-03;6;109
1;2025-11-03;7;253
1;2025-11-03;8;340
1;2025-11-03;9;590
1;2025-11-03;10;657
1;2025-11-03;11;695
1;2025-11-03;12;799
1;2025-11-03;13;830
1;2025-11-03;14;773
1;2025-11-03;15;690
1;2025-11-03;16;635
1;2025-11-03;17;557
1;2025-11-03;18;482
1;2025-11-03;19;419
1;2025-11-03;20;321
1;2025-11-03;21;263
1;2025-11-03;22;96
1;2025-11-03;23;25
1;2025-11-04;0;0
1;2025-11-04;1;0
1;2025-11-04;2;0
1;2025-11-04;3;0
1;2025-11-04;4;0
1;2025-11-04;5;20
1;2025-11-04;6;108
1;2025-11-04;7;250
1;2025-11-04;8;337
1;2025-11-04;9;584
1;2025-11-04;10;650
1;2025-11-04;11;688
1;2025-11-04;12;791
1;2025-11-04;13;822
1;2025-11-04;14;766
1;2025-11-04;15;683
1;2025-11-04;16;629
1;2025-11-04;17;552
1;2025-11-04;18;477
1;2025-11-04;19;415
1;2025-11-04;20;317
1;2025-11-04;21;260
1;2025-11-04;22;95
1;2025-11-04;23;25
1;2025-11-05;0;4
1;2025-11-05;1;0
1;2025-11-05;2;0
1;2025-11-05;3;0
1;2025-11-05;4;10
1;2025-11-05;5;121
1;2025-11-05;6;503
1;2025-11-05;7;1494
1;2025-11-05;8;1985
1;2025-11-05;9;1487
1;2025-11-05;10;1349
1;2025-11-05;11;1337
1;2025-11-05;12;1401
1;2025-11-05;13;1460
1;2025-11-05;14;1400
1;2025-11-05;15;1526
1;2025-11-05;16;1545
1;2025-11-05;17;1815
1;2025-11-05;18;1883
1;2025-11-05;19;1381
1;2025-11-05;20;896
1;2025-11-05;21;472
1;2025-11-05;22;184
1;2025-11-05;23;40
1;2025-11-06;0;4
1;2025-11-06;1;0
1;2025-11-06;2;0
1;2025-11-06;3;0
1;2025-11-06;4;10
1;2025-11-06;5;119
1;2025-11-06;6;494
1;2025-11-06;7;1470
1;2025-11-06;8;1952
1;2025-11-06;9;1463
1;2025-11-06;10;1327
1;2025-11-06;11;1315
1;2025-11-06;12;1378
1;2025-11-06;13;1436
1;2025-11-06;14;1377
1;2025-11-06;15;1501
1;2025-11-06;16;1520
1;2025-11-06;17;1786
1;2025-11-06;18;1853
1;2025-11-06;19;1358
1;2025-11-06;20;882
1;2025-11-06;21;464
1;2025-11-06;22;181
1;2025-11-06;23;39
1;2025-11-07;0;3
1;2025-11-07;1;0
1;2025-11-07;2;0
1;2025-11-07;3;0
1;2025-11-07;4;7
1;2025-11-07;5;136
1;2025-11-07;6;481
1;2025-11-07;7;1514
1;2025-11-07;8;1839
1;2025-11-07;9;1431
1;2025-11-07;10;1273
1;2025-11-07;11;1358
1;2025-11-07;12;1354
1;2025-11-07;13;1402
1;2025-11-07;14;1318
1;2025-11-07;15;1486
1;2025-11-07;16;1601
1;2025-11-07;17;1831
1;2025-11-07;18;1479
1;2025-11-07;19;1237
1;2025-11-07;20;793
1;2025-11-07;21;483
1;2025-11-07;22;177
1;2025-11-07;23;40
1;2025-11-08;0;4
1;2025-11-08;1;0
1;2025-11-08;2;0
1;2025-11-08;3;0
1;2025-11-08;4;1
1;2025-11-08;5;34
1;2025-11-08;6;165
1;2025-11-08;7;384
1;2025-11-08;8;531
1;2025-11-08;9;819
1;2025-11-08;10;1004
1;2025-11-08;11;985
1;2025-11-08;12;1188
1;2025-11-08;13;1242
1;2025-11-08;14;1152
1;2025-11-08;15;1000
1;2025-11-08;16;851
1;2025-11-08;17;798
1;2025-11-08;18;700
1;2025-11-08;19;603
1;2025-11-08;20;463
1;2025-11-08;21;325
1;2025-11-08;22;129
1;2025-11-08;23;26
1;2025-11-09;0;0
1;2025-11-09;1;0
1;2025-11-09;2;0
1;2025-11-09;3;0
1;2025-11-09;4;0
1;2025-11-09;5;20
1;2025-11-09;6;112
1;2025-11-09;7;258
1;2025-11-09;8;347
1;2025-11-09;9;602
1;2025-11-09;10;670
1;2025-11-09;11;709
1;2025-11-09;12;815
1;2025-11-09;13;847
1;2025-11-09;14;789
1;2025-11-09;15;704
1;2025-11-09;16;648
1;2025-11-09;17;569
1;2025-11-09;18;491
1;2025-11-09;19;427
1;2025-11-09;20;327
1;2025-11-09;21;268
1;2025-11-09;22;97
1;2025-11-09;23;25
1;2025-11-10;0;4
1;2025-11-10;1;0
1;2025-11-10;2;0
1;2025-11-10;3;0
1;2025-11-10;4;10
1;2025-11-10;5;121
1;2025-11-10;6;503
1;2025-11-10;7;1494
1;2025-11-10;8;1985
1;2025-11-10;9;1487
1;2025-11-10;10;1349
1;2025-11-10;11;1337
1;2025-11-10;12;1401
1;2025-11-10;13;1460
1;2025-11-10;14;1400
1;2025-11-10;15;1526
1;2025-11-10;16;1545
1;2025-11-10;17;1815
1;2025-11-10;18;1883
1;2025-11-10;19;1381
1;2025-11-10;20;896
1;2025-11-10;21;472
1;2025-11-10;22;184
1;2025-11-10;23;40
1;2025-11-11;0;4
1;2025-11-11;1;0
1;2025-11-11;2;0
1;2025-11-11;3;0
1;2025-11-11;4;10
1;2025-11-11;5;121
1;2025-11-11;6;503
1;2025-11-11;7;1494
1;2025-11-11;8;1985
1;2025-11-11;9;1487
1;2025-11-11;10;1349
1;2025-11-11;11;1337
1;2025-11-11;12;1401
1;2025-11-11;13;1460
1;2025-11-11;14;1400
1;2025-11-11;15;1526
1;2025-11-11;16;1545
1;2025-11-11;17;1815
1;2025-11-11;18;1883
1;2025-11-11;19;1381
1;2025-11-11;20;896
1;2025-11-11;21;472
1;2025-11-11;22;184
1;2025-11-11;23;40
1;2025-11-12;0;4
1;2025-11-12;1;0
1;2025-11-12;2;0
1;2025-11-12;3;0
1;2025-11-12;4;10
1;2025-11-12;5;119
1;2025-11-12;6;497
1;2025-11-12;7;1478
1;2025-11-12;8;1963
1;2025-11-12;9;1471
1;2025-11-12;10;1335
1;2025-11-12;11;1322
1;2025-11-12;12;1386
1;2025-11-12;13;1444
1;2025-11-12;14;1385
1;2025-11-12;15;1509
1;2025-11-12;16;1528
1;2025-11-12;17;1795
1;2025-11-12;18;1863
1;2025-11-12;19;1366
1;2025-11-12;20;887
1;2025-11-12;21;467
1;2025-11-12;22;182
1;2025-11-12;23;39
1;2025-11-13;0;4
1;2025-11-13;1;0
1;2025-11-13;2;0
1;2025-11-13;3;0
1;2025-11-13;4;10
1;2025-11-13;5;121
1;2025-11-13;6;502
1;2025-11-13;7;1493
1;2025-11-13;8;1983
1;2025-11-13;9;1486
1;2025-11-13;10;1348
1;2025-11-13;11;1336
1;2025-11-13;12;1400
1;2025-11-13;13;1458
1;2025-11-13;14;1399
1;2025-11-13;15;1524
1;2025-11-13;16;1544
1;2025-11-13;17;1813
1;2025-11-13;18;1881
1;2025-11-13;19;1379
1;2025-11-13;20;896
1;2025-11-13;21;472
1;2025-11-13;22;184
1;2025-11-13;23;40
1;2025-11-14;0;3
1;2025-11-14;1;0
1;2025-11-14;2;0
1;2025-11-14;3;0
1;2025-11-14;4;7
1;2025-11-14;5;137
1;2025-11-14;6;482
1;2025-11-14;7;1517
1;2025-11-14;8;1843
1;2025-11-14;9;1434
1;2025-11-14;10;1276
1;2025-11-14;11;1361
1;2025-11-14;12;1357
1;2025-11-14;13;1406
1;2025-11-14;14;1321
1;2025-11-14;15;1490
1;2025-11-14;16;1605
1;2025-11-14;17;1835
1;2025-11-14;18;1482
1;2025-11-14;19;1240
1;2025-11-14;20;794
1;2025-11-14;21;484
1;2025-11-14;22;177
1;2025-11-14;23;40
1;2025-11-15;0;4
1;2025-11-15;1;0
1;2025-11-15;2;0
1;2025-11-15;3;0
1;2025-11-15;4;1
1;2025-11-15;5;31
1;2025-11-15;6;154
1;2025-11-15;7;358
1;2025-11-15;8;495
1;2025-11-15;9;764
1;2025-11-15;10;937
1;2025-11-15;11;919
1;2025-11-15;12;1108
1;2025-11-15;13;1159
1;2025-11-15;14;1075
1;2025-11-15;15;933
1;2025-11-15;16;794
1;2025-11-15;17;745
1;2025-11-15;18;653
1;2025-11-15;19;563
1;2025-11-15;20;432
1;2025-11-15;21;303
1;2025-11-15;22;120
1;2025-11-15;23;25
1;2025-11-16;0;0
1;2025-11-16;1;0
1;2025-11-16;2;0
1;2025-11-16;3;0
1;2025-11-16;4;0
1;2025-11-16;5;20
1;2025-11-16;6;112
1;2025-11-16;7;258
1;2025-11-16;8;347
1;2025-11-16;9;602
1;2025-11-16;10;670
1;2025-11-16;11;709
1;2025-11-16;12;815
1;2025-11-16;13;847
1;2025-11-16;14;789
1;2025-11-16;15;704
1;2025-11-16;16;648
1;2025-11-16;17;569
1;2025-11-16;18;491
1;2025-11-16;19;427
1;2025-11-16;20;327
1;2025-11-16;21;268
1;2025-11-16;22;97
1;2025-11-16;23;25
1;2025-11-17;0;4
1;2025-11-17;1;0
1;2025-11-17;2;0
1;2025-11-17;3;0
1;2025-11-17;4;10
1;2025-11-17;5;117
1;2025-11-17;6;487
1;2025-11-17;7;1448
1;2025-11-17;8;1923
1;2025-11-17;9;1441
1;2025-11-17;10;1307
1;2025-11-17;11;1295
1;2025-11-17;12;1357
1;2025-11-17;13;1414
1;2025-11-17;14;1356
1;2025-11-17;15;1478
1;2025-11-17;16;1497
1;2025-11-17;17;1758
1;2025-11-17;18;1824
1;2025-11-17;19;1337
1;2025-11-17;20;868
1;2025-11-17;21;457
1;2025-11-17;22;178
1;2025-11-17;23;38
1;2025-11-18;0;4
1;2025-11-18;1;0
1;2025-11-18;2;0
1;2025-11-18;3;0
1;2025-11-18;4;10
1;2025-11-18;5;115
1;2025-11-18;6;477
1;2025-11-18;7;1419
1;2025-11-18;8;1885
1;2025-11-18;9;1412
1;2025-11-18;10;1281
1;2025-11-18;11;1270
1;2025-11-18;12;1330
1;2025-11-18;13;1386
1;2025-11-18;14;1330
1;2025-11-18;15;1449
1;2025-11-18;16;1467
1;2025-11-18;17;1724
1;2025-11-18;18;1788
1;2025-11-18;19;1311
1;2025-11-18;20;851
1;2025-11-18;21;448
1;2025-11-18;22;175
1;2025-11-18;23;38
1;2025-11-19;0;4
1;2025-11-19;1;0
1;2025-11-19;2;0
1;2025-11-19;3;0
1;2025-11-19;4;10
1;2025-11-19;5;121
1;2025-11-19;6;503
1;2025-11-19;7;1494
1;2025-11-19;8;1985
1;2025-11-19;9;1487
1;2025-11-19;10;1349
1;2025-11-19;11;1337
1;2025-11-19;12;1401
1;2025-11-19;13;1460
1;2025-11-19;14;1400
1;2025-11-19;15;1526
1;2025-11-19;16;1545
1;2025-11-19;17;1815
1;2025-11-19;18;1883
1;2025-11-19;19;1381
1;2025-11-19;20;896
1;2025-11-19;21;472
1;2025-11-19;22;184
1;2025-11-19;23;40
1;2025-11-20;0;4
1;2025-11-20;1;0
1;2025-11-20;2;0
1;2025-11-20;3;0
1;2025-11-20;4;10
1;2025-11-20;5;121
1;2025-11-20;6;503
1;2025-11-20;7;1494
1;2025-11-20;8;1985
1;2025-11-20;9;1487
1;2025-11-20;10;1349
1;2025-11-20;11;1337
1;2025-11-20;12;1401
1;2025-11-20;13;1460
1;2025-11-20;14;1400
1;2025-11-20;15;1526
1;2025-11-20;16;1545
1;2025-11-20;17;1815
1;2025-11-20;18;1883
1;2025-11-20;19;1381
1;2025-11-20;20;896
1;2025-11-20;21;472
1;2025-11-20;22;184
1;2025-11-20;23;40
1;2025-11-21;0;3
1;2025-11-21;1;0
1;2025-11-21;2;0
1;2025-11-21;3;0
1;2025-11-21;4;7
1;2025-11-21;5;137
1;2025-11-21;6;482
1;2025-11-21;7;1517
1;2025-11-21;8;1843
1;2025-11-21;9;1434
1;2025-11-21;10;1276
1;2025-11-21;11;1361
1;2025-11-21;12;1357
1;2025-11-21;13;1406
1;2025-11-21;14;1321
1;2025-11-21;15;1490
1;2025-11-21;16;1605
1;2025-11-21;17;1835
1;2025-11-21;18;1482
1;2025-11-21;19;1240
1;2025-11-21;20;794
1;2025-11-21;21;484
1;2025-11-21;22;177
1;2025-11-21;23;40
1;2025-11-22;0;4
1;2025-11-22;1;0
1;2025-11-22;2;0
1;2025-11-22;3;0
1;2025-11-22;4;1
1;2025-11-22;5;33
1;2025-11-22;6;164
1;2025-11-22;7;379
1;2025-11-22;8;525
1;2025-11-22;9;809
1;2025-11-22;10;992
1;2025-11-22;11;973
1;2025-11-22;12;1174
1;2025-11-22;13;1227
1;2025-11-22;14;1138
1;2025-11-22;15;988
1;2025-11-22;16;841
1;2025-11-22;17;788
1;2025-11-22;18;691
1;2025-11-22;19;596
1;2025-11-22;20;457
1;2025-11-22;21;321
1;2025-11-22;22;127
1;2025-11-22;23;26
1;2025-11-23;0;0
1;2025-11-23;1;0
1;2025-11-23;2;0
1;2025-11-23;3;0
1;2025-11-23;4;0
1;2025-11-23;5;20
1;2025-11-23;6;112
1;2025-11-23;7;258
1;2025-11-23;8;347
1;2025-11-23;9;602
1;2025-11-23;10;670
1;2025-11-23;11;709
1;2025-11-23;12;815
1;2025-11-23;13;847
1;2025-11-23;14;789
1;2025-11-23;15;704
1;2025-11-23;16;648
1;2025-11-23;17;569
1;2025-11-23;18;491
1;2025-11-23;19;427
1;2025-11-23;20;327
1;2025-11-23;21;268
1;2025-11-23;22;97
1;2025-11-23;23;25
1;2025-11-24;0;4
1;2025-11-24;1;0
1;2025-11-24;2;0
1;2025-11-24;3;0
1;2025-11-24;4;10
1;2025-11-24;5;115
1;2025-11-24;6;480
1;2025-11-24;7;1427
1;2025-11-24;8;1895
1;2025-11-24;9;1420
1;2025-11-24;10;1288
1;2025-11-24;11;1277
1;2025-11-24;12;1338
1;2025-11-24;13;1394
1;2025-11-24;14;1337
1;2025-11-24;15;1457
1;2025-11-24;16;1475
1;2025-11-24;17;1733
1;2025-11-24;18;1798
1;2025-11-24;19;1318
1;2025-11-24;20;856
1;2025-11-24;21;451
1;2025-11-24;22;175
1;2025-11-24;23;38
1;2025-11-25;0;4
1;2025-11-25;1;0
1;2025-11-25;2;0
1;2025-11-25;3;0
1;2025-11-25;4;10
1;2025-11-25;5;121
1;2025-11-25;6;503
1;2025-11-25;7;1494
1;2025-11-25;8;1985
1;2025-11-25;9;1487
1;2025-11-25;10;1349
1;2025-11-25;11;1337
1;2025-11-25;12;1401
1;2025-11-25;13;1460
1;2025-11-25;14;1400
1;2025-11-25;15;1526
1;2025-11-25;16;1545
1;2025-11-25;17;1815
1;2025-11-25;18;1883
1;2025-11-25;19;1381
1;2025-11-25;20;896
1;2025-11-25;21;472
1;2025-11-25;22;184
1;2025-11-25;23;40
1;2025-11-26;0;4
1;2025-11-26;1;0
1;2025-11-26;2;0
1;2025-11-26;3;0
1;2025-11-26;4;10
1;2025-11-26;5;115
1;2025-11-26;6;478
1;2025-11-26;7;1422
1;2025-11-26;8;1889
1;2025-11-26;9;1416
1;2025-11-26;10;1284
1;2025-11-26;11;1273
1;2025-11-26;12;1333
1;2025-11-26;13;1389
1;2025-11-26;14;1332
1;2025-11-26;15;1452
1;2025-11-26;16;1471
1;2025-11-26;17;1728
1;2025-11-26;18;1792
1;2025-11-26;19;1314
1;2025-11-26;20;853
1;2025-11-26;21;449
1;2025-11-26;22;175
1;2025-11-26;23;38
1;2025-11-27;0;4
1;2025-11-27;1;0
1;2025-11-27;2;0
1;2025-11-27;3;0
1;2025-11-27;4;10
1;2025-11-27;5;116
1;2025-11-27;6;483
1;2025-11-27;7;1436
1;2025-11-27;8;1908
1;2025-11-27;9;1430
1;2025-11-27;10;1297
1;2025-11-27;11;1285
1;2025-11-27;12;1347
1;2025-11-27;13;1403
1;2025-11-27;14;1346
1;2025-11-27;15;1467
1;2025-11-27;16;1485
1;2025-11-27;17;1745
1;2025-11-27;18;1810
1;2025-11-27;19;1327
1;2025-11-27;20;862
1;2025-11-27;21;454
1;2025-11-27;22;177
1;2025-11-27;23;38
1;2025-11-28;0;3
1;2025-11-28;1;0
1;2025-11-28;2;0
1;2025-11-28;3;0
1;2025-11-28;4;7
1;2025-11-28;5;137
1;2025-11-28;6;483
1;2025-11-28;7;1522
1;2025-11-28;8;1849
1;2025-11-28;9;1439
1;2025-11-28;10;1280
1;2025-11-28;11;1366
1;2025-11-28;12;1361
1;2025-11-28;13;1410
1;2025-11-28;14;1325
1;2025-11-28;15;1494
1;2025-11-28;16;1610
1;2025-11-28;17;1841
1;2025-11-28;18;1487
1;2025-11-28;19;1244
1;2025-11-28;20;797
1;2025-11-28;21;485
1;2025-11-28;22;178
1;2025-11-28;23;41
1;2025-11-29;0;4
1;2025-11-29;1;0
1;2025-11-29;2;0
1;2025-11-29;3;0
1;2025-11-29;4;1
1;2025-11-29;5;34
1;2025-11-29;6;165
1;2025-11-29;7;384
1;2025-11-29;8;531
1;2025-11-29;9;819
1;2025-11-29;10;1004
1;2025-11-29;11;985
1;2025-11-29;12;1188
1;2025-11-29;13;1242
1;2025-11-29;14;1152
1;2025-11-29;15;1000
1;2025-11-29;16;851
1;2025-11-29;17;798
1;2025-11-29;18;700
1;2025-11-29;19;603
1;2025-11-29;20;463
1;2025-11-29;21;325
1;2025-11-29;22;129
1;2025-11-29;23;26
1;2025-11-30;0;0
1;2025-11-30;1;0
1;2025-11-30;2;0
1;2025-11-30;3;0
1;2025-11-30;4;0
1;2025-11-30;5;20
1;2025-11-30;6;112
1;2025-11-30;7;258
1;2025-11-30;8;347
1;2025-11-30;9;602
1;2025-11-30;10;670
1;2025-11-30;11;709
1;2025-11-30;12;815
1;2025-11-30;13;847
1;2025-11-30;14;789
1;2025-11-30;15;704
1;2025-11-30;16;648
1;2025-11-30;17;569
1;2025-11-30;18;491
1;2025-11-30;19;427
1;2025-11-30;20;327
1;2025-11-30;21;268
1;2025-11-30;22;97
1;2025-11-30;23;25
1;2025-12-01;0;4
1;2025-12-01;1;0
1;2025-12-01;2;0
1;2025-12-01;3;0
1;2025-12-01;4;10
1;2025-12-01;5;121
1;2025-12-01;6;503
1;2025-12-01;7;1494
1;2025-12-01;8;1985
1;2025-12-01;9;1487
1;2025-12-01;10;1349
1;2025-12-01;11;1337
1;2025-12-01;12;1401
1;2025-12-01;13;1460
1;2025-12-01;14;1400
1;2025-12-01;15;1526
1;2025-12-01;16;1545
1;2025-12-01;17;1815
1;2025-12-01;18;1883
1;2025-12-01;19;1381
1;2025-12-01;20;896
1;2025-12-01;21;472
1;2025-12-01;22;184
1;2025-12-01;23;40
1;2025-12-02;0;4
1;2025-12-02;1;0
1;2025-12-02;2;0
1;2025-12-02;3;0
1;2025-12-02;4;10
1;2025-12-02;5;121
1;2025-12-02;6;503
1;2025-12-02;7;1494
1;2025-12-02;8;1985
1;2025-12-02;9;1487
1;2025-12-02;10;1349
1;2025-12-02;11;1337
1;2025-12-02;12;1401
1;2025-12-02;13;1460
1;2025-12-02;14;1400
1;2025-12-02;15;1526
1;2025-12-02;16;1545
1;2025-12-02;17;1815
1;2025-12-02;18;1883
1;2025-12-02;19;1381
1;2025-12-02;20;896
1;2025-12-02;21;472
1;2025-12-02;22;184
1;2025-12-02;23;40
1;2025-12-03;0;4
1;2025-12-03;1;0
1;2025-12-03;2;0
1;2025-12-03;3;0
1;2025-12-03;4;10
1;2025-12-03;5;121
1;2025-12-03;6;503
1;2025-12-03;7;1494
1;2025-12-03;8;1985
1;2025-12-03;9;1487
1;2025-12-03;10;1349
1;2025-12-03;11;1337
1;2025-12-03;12;1401
1;2025-12-03;13;1460
1;2025-12-03;14;1400
1;2025-12-03;15;1526
1;2025-12-03;16;1545
1;2025-12-03;17;1815
1;2025-12-03;18;1883
1;2025-12-03;19;1381
1;2025-12-03;20;896
1;2025-12-03;21;472
1;2025-12-03;22;184
1;2025-12-03;23;40
1;2025-12-04;0;4
1;2025-12-04;1;0
1;2025-12-04;2;0
1;2025-12-04;3;0
1;2025-12-04;4;10
1;2025-12-04;5;121
1;2025-12-04;6;503
1;2025-12-04;7;1494
1;2025-12-04;8;1985
1;2025-12-04;9;1487
1;2025-12-04;10;1349
1;2025-12-04;11;1337
1;2025-12-04;12;1401
1;2025-12-04;13;1460
1;2025-12-04;14;1400
1;2025-12-04;15;1526
1;2025-12-04;16;1545
1;2025-12-04;17;1815
1;2025-12-04;18;1883
1;2025-12-04;19;1381
1;2025-12-04;20;896
1;2025-12-04;21;472
1;2025-12-04;22;184
1;2025-12-04;23;40
1;2025-12-05;0;3
1;2025-12-05;1;0
1;2025-12-05;2;0
1;2025-12-05;3;0
1;2025-12-05;4;7
1;2025-12-05;5;137
1;2025-12-05;6;483
1;2025-12-05;7;1522
1;2025-12-05;8;1849
1;2025-12-05;9;1439
1;2025-12-05;10;1280
1;2025-12-05;11;1366
1;2025-12-05;12;1361
1;2025-12-05;13;1410
1;2025-12-05;14;1325
1;2025-12-05;15;1494
1;2025-12-05;16;1610
1;2025-12-05;17;1841
1;2025-12-05;18;1487
1;2025-12-05;19;1244
1;2025-12-05;20;797
1;2025-12-05;21;485
1;2025-12-05;22;178
1;2025-12-05;23;41
1;2025-12-06;0;4
1;2025-12-06;1;0
1;2025-12-06;2;0
1;2025-12-06;3;0
1;2025-12-06;4;1
1;2025-12-06;5;34
1;2025-12-06;6;165
1;2025-12-06;7;384
1;2025-12-06;8;531
1;2025-12-06;9;819
1;2025-12-06;10;1004
1;2025-12-06;11;985
1;2025-12-06;12;1188
1;2025-12-06;13;1242
1;2025-12-06;14;1152
1;2025-12-06;15;1000
1;2025-12-06;16;851
1;2025-12-06;17;798
1;2025-12-06;18;700
1;2025-12-06;19;603
1;2025-12-06;20;463
1;2025-12-06;21;325
1;2025-12-06;22;129
1;2025-12-06;23;26
1;2025-12-07;0;0
1;2025-12-07;1;0
1;2025-12-07;2;0
1;2025-12-07;3;0
1;2025-12-07;4;0
1;2025-12-07;5;20
1;2025-12-07;6;112
1;2025-12-07;7;258
1;2025-12-07;8;347
1;2025-12-07;9;602
1;2025-12-07;10;670
1;2025-12-07;11;709
1;2025-12-07;12;815
1;2025-12-07;13;847
1;2025-12-07;14;789
1;2025-12-07;15;704
1;2025-12-07;16;648
1;2025-12-07;17;569
1;2025-12-07;18;491
1;2025-12-07;19;427
1;2025-12-07;20;327
1;2025-12-07;21;268
1;2025-12-07;22;97
1;2025-12-07;23;25
1;2025-12-08;0;4
1;2025-12-08;1;0
1;2025-12-08;2;0
1;2025-12-08;3;0
1;2025-12-08;4;10
1;2025-12-08;5;121
1;2025-12-08;6;503
1;2025-12-08;7;1494
1;2025-12-08;8;1985
1;2025-12-08;9;1487
1;2025-12-08;10;1349
1;2025-12-08;11;1337
1;2025-12-08;12;1401
1;2025-12-08;13;1460
1;2025-12-08;14;1400
1;2025-12-08;15;1526
1;2025-12-08;16;1545
1;2025-12-08;17;1815
1;2025-12-08;18;1883
1;2025-12-08;19;1381
1;2025-12-08;20;896
1;2025-12-08;21;472
1;2025-12-08;22;184
1;2025-12-08;23;40
1;2025-12-09;0;4
1;2025-12-09;1;0
1;2025-12-09;2;0
1;2025-12-09;3;0
1;2025-12-09;4;10
1;2025-12-09;5;121
1;2025-12-09;6;503
1;2025-12-09;7;1494
1;2025-12-09;8;1985
1;2025-12-09;9;1487
1;2025-12-09;10;1349
1;2025-12-09;11;1337
1;2025-12-09;12;1401
1;2025-12-09;13;1460
1;2025-12-09;14;1400
1;2025-12-09;15;1526
1;2025-12-09;16;1545
1;2025-12-09;17;1815
1;2025-12-09;18;1883
1;2025-12-09;19;1381
1;2025-12-09;20;896
1;2025-12-09;21;472
1;2025-12-09;22;184
1;2025-12-09;23;40
1;2025-12-10;0;4
1;2025-12-10;1;0
1;2025-12-10;2;0
1;2025-12-10;3;0
1;2025-12-10;4;10
1;2025-12-10;5;120
1;2025-12-10;6;498
1;2025-12-10;7;1481
1;2025-12-10;8;1967
1;2025-12-10;9;1474
1;2025-12-10;10;1337
1;2025-12-10;11;1325
1;2025-12-10;12;1389
1;2025-12-10;13;1447
1;2025-12-10;14;1388
1;2025-12-10;15;1513
1;2025-12-10;16;1532
1;2025-12-10;17;1799
1;2025-12-10;18;1867
1;2025-12-10;19;1369
1;2025-12-10;20;889
1;2025-12-10;21;468
1;2025-12-10;22;182
1;2025-12-10;23;39
1;2025-12-11;0;4
1;2025-12-11;1;0
1;2025-12-11;2;0
1;2025-12-11;3;0
1;2025-12-11;4;10
1;2025-12-11;5;115
1;2025-12-11;6;480
1;2025-12-11;7;1429
1;2025-12-11;8;1897
1;2025-12-11;9;1422
1;2025-12-11;10;1290
1;2025-12-11;11;1278
1;2025-12-11;12;1339
1;2025-12-11;13;1396
1;2025-12-11;14;1338
1;2025-12-11;15;1459
1;2025-12-11;16;1477
1;2025-12-11;17;1735
1;2025-12-11;18;1800
1;2025-12-11;19;1320
1;2025-12-11;20;857
1;2025-12-11;21;451
1;2025-12-11;22;176
1;2025-12-11;23;38
1;2025-12-12;0;3
1;2025-12-12;1;0
1;2025-12-12;2;0
1;2025-12-12;3;0
1;2025-12-12;4;7
1;2025-12-12;5;132
1;2025-12-12;6;466
1;2025-12-12;7;1466
1;2025-12-12;8;1781
1;2025-12-12;9;1386
1;2025-12-12;10;1233
1;2025-12-12;11;1315
1;2025-12-12;12;1312
1;2025-12-12;13;1358
1;2025-12-12;14;1276
1;2025-12-12;15;1440
1;2025-12-12;16;1551
1;2025-12-12;17;1773
1;2025-12-12;18;1433
1;2025-12-12;19;1198
1;2025-12-12;20;768
1;2025-12-12;21;467
1;2025-12-12;22;171
1;2025-12-12;23;39
1;2025-12-13;0;4
1;2025-12-13;1;0
1;2025-12-13;2;0
1;2025-12-13;3;0
1;2025-12-13;4;1
1;2025-12-13;5;33
1;2025-12-13;6;165
1;2025-12-13;7;382
1;2025-12-13;8;529
1;2025-12-13;9;816
1;2025-12-13;10;1000
1;2025-12-13;11;980
1;2025-12-13;12;1183
1;2025-12-13;13;1236
1;2025-12-13;14;1147
1;2025-12-13;15;996
1;2025-12-13;16;847
1;2025-12-13;17;795
1;2025-12-13;18;696
1;2025-12-13;19;600
1;2025-12-13;20;461
1;2025-12-13;21;323
1;2025-12-13;22;128
1;2025-12-13;23;26
1;2025-12-14;0;0
1;2025-12-14;1;0
1;2025-12-14;2;0
1;2025-12-14;3;0
1;2025-12-14;4;0
1;2025-12-14;5;20
1;2025-12-14;6;112
1;2025-12-14;7;258
1;2025-12-14;8;347
1;2025-12-14;9;601
1;2025-12-14;10;669
1;2025-12-14;11;708
1;2025-12-14;12;814
1;2025-12-14;13;846
1;2025-12-14;14;788
1;2025-12-14;15;703
1;2025-12-14;16;647
1;2025-12-14;17;568
1;2025-12-14;18;491
1;2025-12-14;19;427
1;2025-12-14;20;327
1;2025-12-14;21;268
1;2025-12-14;22;97
1;2025-12-14;23;25
1;2025-12-15;0;4
1;2025-12-15;1;0
1;2025-12-15;2;0
1;2025-12-15;3;0
1;2025-12-15;4;10
1;2025-12-15;5;121
1;2025-12-15;6;502
1;2025-12-15;7;1493
1;2025-12-15;8;1983
1;2025-12-15;9;1486
1;2025-12-15;10;1348
1;2025-12-15;11;1336
1;2025-12-15;12;1400
1;2025-12-15;13;1458
1;2025-12-15;14;1399
1;2025-12-15;15;1524
1;2025-12-15;16;1544
1;2025-12-15;17;1813
1;2025-12-15;18;1881
1;2025-12-15;19;1379
1;2025-12-15;20;896
1;2025-12-15;21;472
1;2025-12-15;22;184
1;2025-12-15;23;40
1;2025-12-16;0;4
1;2025-12-16;1;0
1;2025-12-16;2;0
1;2025-12-16;3;0
1;2025-12-16;4;10
1;2025-12-16;5;119
1;2025-12-16;6;495
1;2025-12-16;7;1472
1;2025-12-16;8;1955
1;2025-12-16;9;1465
1;2025-12-16;10;1329
1;2025-12-16;11;1317
1;2025-12-16;12;1380
1;2025-12-16;13;1438
1;2025-12-16;14;1379
1;2025-12-16;15;1503
1;2025-12-16;16;1522
1;2025-12-16;17;1788
1;2025-12-16;18;1855
1;2025-12-16;19;1360
1;2025-12-16;20;883
1;2025-12-16;21;465
1;2025-12-16;22;181
1;2025-12-16;23;39
1;2025-12-17;0;4
1;2025-12-17;1;0
1;2025-12-17;2;0
1;2025-12-17;3;0
1;2025-12-17;4;10
1;2025-12-17;5;121
1;2025-12-17;6;503
1;2025-12-17;7;1494
1;2025-12-17;8;1985
1;2025-12-17;9;1487
1;2025-12-17;10;1349
1;2025-12-17;11;1337
1;2025-12-17;12;1401
1;2025-12-17;13;1460
1;2025-12-17;14;1400
1;2025-12-17;15;1526
1;2025-12-17;16;1545
1;2025-12-17;17;1815
1;2025-12-17;18;1883
1;2025-12-17;19;1381
1;2025-12-17;20;896
1;2025-12-17;21;472
1;2025-12-17;22;184
1;2025-12-17;23;40
1;2025-12-18;0;4
1;2025-12-18;1;0
1;2025-12-18;2;0
1;2025-12-18;3;0
1;2025-12-18;4;10
1;2025-12-18;5;121
1;2025-12-18;6;503
1;2025-12-18;7;1494
1;2025-12-18;8;1985
1;2025-12-18;9;1487
1;2025-12-18;10;1349
1;2025-12-18;11;1337
1;2025-12-18;12;1401
1;2025-12-18;13;1460
1;2025-12-18;14;1400
1;2025-12-18;15;1526
1;2025-12-18;16;1545
1;2025-12-18;17;1815
1;2025-12-18;18;1883
1;2025-12-18;19;1381
1;2025-12-18;20;896
1;2025-12-18;21;472
1;2025-12-18;22;184
1;2025-12-18;23;40
1;2025-12-19;0;3
1;2025-12-19;1;0
1;2025-12-19;2;0
1;2025-12-19;3;0
1;2025-12-19;4;7
1;2025-12-19;5;137
1;2025-12-19;6;482
1;2025-12-19;7;1519
1;2025-12-19;8;1845
1;2025-12-19;9;1435
1;2025-12-19;10;1277
1;2025-12-19;11;1363
1;2025-12-19;12;1358
1;2025-12-19;13;1407
1;2025-12-19;14;1322
1;2025-12-19;15;1491
1;2025-12-19;16;1607
1;2025-12-19;17;1837
1;2025-12-19;18;1484
1;2025-12-19;19;1241
1;2025-12-19;20;795
1;2025-12-19;21;484
1;2025-12-19;22;177
1;2025-12-19;23;41
1;2025-12-20;0;4
1;2025-12-20;1;0
1;2025-12-20;2;0
1;2025-12-20;3;0
1;2025-12-20;4;1
1;2025-12-20;5;34
1;2025-12-20;6;165
1;2025-12-20;7;384
1;2025-12-20;8;531
1;2025-12-20;9;819
1;2025-12-20;10;1004
1;2025-12-20;11;985
1;2025-12-20;12;1188
1;2025-12-20;13;1242
1;2025-12-20;14;1152
1;2025-12-20;15;1000
1;2025-12-20;16;851
1;2025-12-20;17;798
1;2025-12-20;18;700
1;2025-12-20;19;603
1;2025-12-20;20;463
1;2025-12-20;21;325
1;2025-12-20;22;129
1;2025-12-20;23;26
1;2025-12-21;0;0
1;2025-12-21;1;0
1;2025-12-21;2;0
1;2025-12-21;3;0
1;2025-12-21;4;0
1;2025-12-21;5;20
1;2025-12-21;6;111
1;2025-12-21;7;257
1;2025-12-21;8;346
1;2025-12-21;9;599
1;2025-12-21;10;667
1;2025-12-21;11;706
1;2025-12-21;12;812
1;2025-12-21;13;843
1;2025-12-21;14;785
1;2025-12-21;15;700
1;2025-12-21;16;645
1;2025-12-21;17;566
1;2025-12-21;18;489
1;2025-12-21;19;426
1;2025-12-21;20;325
1;2025-12-21;21;267
1;2025-12-21;22;97
1;2025-12-21;23;25
1;2025-12-22;0;4
1;2025-12-22;1;0
1;2025-12-22;2;0
1;2025-12-22;3;0
1;2025-12-22;4;10
1;2025-12-22;5;120
1;2025-12-22;6;498
1;2025-12-22;7;1481
1;2025-12-22;8;1967
1;2025-12-22;9;1474
1;2025-12-22;10;1337
1;2025-12-22;11;1325
1;2025-12-22;12;1389
1;2025-12-22;13;1447
1;2025-12-22;14;1388
1;2025-12-22;15;1513
1;2025-12-22;16;1532
1;2025-12-22;17;1799
1;2025-12-22;18;1867
1;2025-12-22;19;1369
1;2025-12-22;20;889
1;2025-12-22;21;468
1;2025-12-22;22;182
1;2025-12-22;23;39
1;2025-12-23;0;4
1;2025-12-23;1;0
1;2025-12-23;2;0
1;2025-12-23;3;0
1;2025-12-23;4;10
1;2025-12-23;5;117
1;2025-12-23;6;486
1;2025-12-23;7;1445
1;2025-12-23;8;1919
1;2025-12-23;9;1438
1;2025-12-23;10;1304
1;2025-12-23;11;1292
1;2025-12-23;12;1354
1;2025-12-23;13;1411
1;2025-12-23;14;1353
1;2025-12-23;15;1475
1;2025-12-23;16;1494
1;2025-12-23;17;1755
1;2025-12-23;18;1820
1;2025-12-23;19;1335
1;2025-12-23;20;867
1;2025-12-23;21;456
1;2025-12-23;22;178
1;2025-12-23;23;38
1;2025-12-24;0;4
1;2025-12-24;1;0
1;2025-12-24;2;0
1;2025-12-24;3;0
1;2025-12-24;4;10
1;2025-12-24;5;116
1;2025-12-24;6;483
1;2025-12-24;7;1437
1;2025-12-24;8;1908
1;2025-12-24;9;1430
1;2025-12-24;10;1297
1;2025-12-24;11;1285
1;2025-12-24;12;1347
1;2025-12-24;13;1403
1;2025-12-24;14;1346
1;2025-12-24;15;1467
1;2025-12-24;16;1485
1;2025-12-24;17;1745
1;2025-12-24;18;1810
1;2025-12-24;19;1327
1;2025-12-24;20;862
1;2025-12-24;21;454
1;2025-12-24;22;177
1;2025-12-24;23;38
1;2025-12-25;0;4
1;2025-12-25;1;0
1;2025-12-25;2;0
1;2025-12-25;3;0
1;2025-12-25;4;10
1;2025-12-25;5;119
1;2025-12-25;6;494
1;2025-12-25;7;1468
1;2025-12-25;8;1950
1;2025-12-25;9;1461
1;2025-12-25;10;1326
1;2025-12-25;11;1314
1;2025-12-25;12;1377
1;2025-12-25;13;1435
1;2025-12-25;14;1376
1;2025-12-25;15;1499
1;2025-12-25;16;1518
1;2025-12-25;17;1784
1;2025-12-25;18;1850
1;2025-12-25;19;1357
1;2025-12-25;20;881
1;2025-12-25;21;464
1;2025-12-25;22;181
1;2025-12-25;23;39
1;2025-12-26;0;3
1;2025-12-26;1;0
1;2025-12-26;2;0
1;2025-12-26;3;0
1;2025-12-26;4;7
1;2025-12-26;5;130
1;2025-12-26;6;457
1;2025-12-26;7;1439
1;2025-12-26;8;1748
1;2025-12-26;9;1360
1;2025-12-26;10;1210
1;2025-12-26;11;1291
1;2025-12-26;12;1287
1;2025-12-26;13;1333
1;2025-12-26;14;1253
1;2025-12-26;15;1413
1;2025-12-26;16;1522
1;2025-12-26;17;1740
1;2025-12-26;18;1406
1;2025-12-26;19;1176
1;2025-12-26;20;754
1;2025-12-26;21;459
1;2025-12-26;22;168
1;2025-12-26;23;38
1;2025-12-27;0;4
1;2025-12-27;1;0
1;2025-12-27;2;0
1;2025-12-27;3;0
1;2025-12-27;4;1
1;2025-12-27;5;33
1;2025-12-27;6;165
1;2025-12-27;7;383
1;2025-12-27;8;530
1;2025-12-27;9;818
1;2025-12-27;10;1002
1;2025-12-27;11;983
1;2025-12-27;12;1185
1;2025-12-27;13;1239
1;2025-12-27;14;1150
1;2025-12-27;15;998
1;2025-12-27;16;849
1;2025-12-27;17;796
1;2025-12-27;18;698
1;2025-12-27;19;602
1;2025-12-27;20;462
1;2025-12-27;21;324
1;2025-12-27;22;129
1;2025-12-27;23;26
1;2025-12-28;0;0
1;2025-12-28;1;0
1;2025-12-28;2;0
1;2025-12-28;3;0
1;2025-12-28;4;0
1;2025-12-28;5;20
1;2025-12-28;6;109
1;2025-12-28;7;253
1;2025-12-28;8;340
1;2025-12-28;9;590
1;2025-12-28;10;656
1;2025-12-28;11;694
1;2025-12-28;12;798
1;2025-12-28;13;829
1;2025-12-28;14;773
1;2025-12-28;15;689
1;2025-12-28;16;634
1;2025-12-28;17;557
1;2025-12-28;18;481
1;2025-12-28;19;419
1;2025-12-28;20;320
1;2025-12-28;21;262
1;2025-12-28;22;95
1;2025-12-28;23;25
1;2025-12-29;0;4
1;2025-12-29;1;0
1;2025-12-29;2;0
1;2025-12-29;3;0
1;2025-12-29;4;8
1;2025-12-29;5;105
1;2025-12-29;6;434
1;2025-12-29;7;1292
1;2025-12-29;8;1716
1;2025-12-29;9;1286
1;2025-12-29;10;1166
1;2025-12-29;11;1156
1;2025-12-29;12;1211
1;2025-12-29;13;1262
1;2025-12-29;14;1211
1;2025-12-29;15;1320
1;2025-12-29;16;1336
1;2025-12-29;17;1570
1;2025-12-29;18;1629
1;2025-12-29;19;1193
1;2025-12-29;20;775
1;2025-12-29;21;408
1;2025-12-29;22;159
1;2025-12-29;23;34
1;2025-12-30;0;4
1;2025-12-30;1;0
1;2025-12-30;2;0
1;2025-12-30;3;0
1;2025-12-30;4;8
1;2025-12-30;5;103
1;2025-12-30;6;425
1;2025-12-30;7;1267
1;2025-12-30;8;1682
1;2025-12-30;9;1261
1;2025-12-30;10;1143
1;2025-12-30;11;1134
1;2025-12-30;12;1187
1;2025-12-30;13;1237
1;2025-12-30;14;1187
1;2025-12-30;15;1294
1;2025-12-30;16;1310
1;2025-12-30;17;1539
1;2025-12-30;18;1597
1;2025-12-30;19;1170
1;2025-12-30;20;760
1;2025-12-30;21;400
1;2025-12-30;22;156
1;2025-12-30;23;33
1;2025-12-31;0;3
1;2025-12-31;1;0
1;2025-12-31;2;0
1;2025-12-31;3;0
1;2025-12-31;4;0
1;2025-12-31;5;27
1;2025-12-31;6;130
1;2025-12-31;7;302
1;2025-12-31;8;419
1;2025-12-31;9;646
1;2025-12-31;10;792
1;2025-12-31;11;777
1;2025-12-31;12;937
1;2025-12-31;13;979
1;2025-12-31;14;909
1;2025-12-31;15;789
1;2025-12-31;16;672
1;2025-12-31;17;630
1;2025-12-31;18;551
1;2025-12-31;19;475
1;2025-12-31;20;0
1;2025-12-31;21;0
1;2025-12-31;22;0
1;2025-12-31;23;0
5;2025-11-01;0;0
5;2025-11-01;1;0
5;2025-11-01;2;0
5;2025-11-01;3;0
5;2025-11-01;4;0
5;2025-11-01;5;0
5;2025-11-01;6;0
5;2025-11-01;7;0
5;2025-11-01;8;0
5;2025-11-01;9;0
5;2025-11-01;10;0
5;2025-11-01;11;0
5;2025-11-01;12;0
5;2025-11-01;13;0
5;2025-11-01;14;0
5;2025-11-01;15;0
5;2025-11-01;16;0
5;2025-11-01;17;0
5;2025-11-01;18;0
5;2025-11-01;19;0
5;2025-11-01;20;0
5;2025-11-01;21;0
5;2025-11-01;22;0
5;2025-11-01;23;0
5;2025-11-02;0;0
5;2025-11-02;1;0
5;2025-11-02;2;0
5;2025-11-02;3;0
5;2025-11-02;4;0
5;2025-11-02;5;0
5;2025-11-02;6;0
5;2025-11-02;7;0
5;2025-11-02;8;0
5;2025-11-02;9;0
5;2025-11-02;10;0
5;2025-11-02;11;0
5;2025-11-02;12;0
5;2025-11-02;13;0
5;2025-11-02;14;0
5;2025-11-02;15;0
5;2025-11-02;16;0
5;2025-11-02;17;0
5;2025-11-02;18;0
5;2025-11-02;19;0
5;2025-11-02;20;0
5;2025-11-02;21;0
5;2025-11-02;22;0
5;2025-11-02;23;0
5;2025-11-03;0;0
5;2025-11-03;1;0
5;2025-11-03;2;0
5;2025-11-03;3;0
5;2025-11-03;4;0
5;2025-11-03;5;0
5;2025-11-03;6;0
5;2025-11-03;7;0
5;2025-11-03;8;0
5;2025-11-03;9;0
5;2025-11-03;10;0
5;2025-11-03;11;0
5;2025-11-03;12;0
5;2025-11-03;13;0
5;2025-11-03;14;0
5;2025-11-03;15;0
5;2025-11-03;16;0
5;2025-11-03;17;0
5;2025-11-03;18;0
5;2025-11-03;19;0
5;2025-11-03;20;0
5;2025-11-03;21;0
5;2025-11-03;22;0
5;2025-11-03;23;0
5;2025-11-04;0;0
5;2025-11-04;1;0
5;2025-11-04;2;0
5;2025-11-04;3;0
5;2025-11-04;4;0
5;2025-11-04;5;0
5;2025-11-04;6;0
5;2025-11-04;7;0
5;2025-11-04;8;0
5;2025-11-04;9;0
5;2025-11-04;10;0
5;2025-11-04;11;0
5;2025-11-04;12;0
5;2025-11-04;13;0
5;2025-11-04;14;0
5;2025-11-04;15;0
5;2025-11-04;16;0
5;2025-11-04;17;0
5;2025-11-04;18;0
5;2025-11-04;19;0
5;2025-11-04;20;0
5;2025-11-04;21;0
5;2025-11-04;22;0
5;2025-11-04;23;0
5;2025-11-05;0;0
5;2025-11-05;1;0
5;2025-11-05;2;0
5;2025-11-05;3;0
5;2025-11-05;4;0
5;2025-11-05;5;0
5;2025-11-05;6;0
5;2025-11-05;7;0
5;2025-11-05;8;0
5;2025-11-05;9;0
5;2025-11-05;10;0
5;2025-11-05;11;0
5;2025-11-05;12;0
5;2025-11-05;13;0
5;2025-11-05;14;0
5;2025-11-05;15;0
5;2025-11-05;16;0
5;2025-11-05;17;0
5;2025-11-05;18;0
5;2025-11-05;19;0
5;2025-11-05;20;0
5;2025-11-05;21;0
5;2025-11-05;22;0
5;2025-11-05;23;0
5;2025-11-06;0;0
5;2025-11-06;1;0
5;2025-11-06;2;0
5;2025-11-06;3;0
5;2025-11-06;4;0
5;2025-11-06;5;0
5;2025-11-06;6;0
5;2025-11-06;7;0
5;2025-11-06;8;0
5;2025-11-06;9;0
5;2025-11-06;10;0
5;2025-11-06;11;0
5;2025-11-06;12;0
5;2025-11-06;13;0
5;2025-11-06;14;0
5;2025-11-06;15;0
5;2025-11-06;16;0
5;2025-11-06;17;0
5;2025-11-06;18;0
5;2025-11-06;19;0
5;2025-11-06;20;0
5;2025-11-06;21;0
5;2025-11-06;22;0
5;2025-11-06;23;0
5;2025-11-07;0;0
5;2025-11-07;1;0
5;2025-11-07;2;0
5;2025-11-07;3;0
5;2025-11-07;4;0
5;2025-11-07;5;0
5;2025-11-07;6;0
5;2025-11-07;7;0
5;2025-11-07;8;0
5;2025-11-07;9;0
5;2025-11-07;10;0
5;2025-11-07;11;0
5;2025-11-07;12;0
5;2025-11-07;13;0
5;2025-11-07;14;0
5;2025-11-07;15;0
5;2025-11-07;16;0
5;2025-11-07;17;0
5;2025-11-07;18;0
5;2025-11-07;19;0
5;2025-11-07;20;0
5;2025-11-07;21;0
5;2025-11-07;22;0
5;2025-11-07;23;0
5;2025-11-08;0;0
5;2025-11-08;1;0
5;2025-11-08;2;0
5;2025-11-08;3;0
5;2025-11-08;4;0
5;2025-11-08;5;0
5;2025-11-08;6;0
5;2025-11-08;7;0
5;2025-11-08;8;0
5;2025-11-08;9;0
5;2025-11-08;10;0
5;2025-11-08;11;0
5;2025-11-08;12;0
5;2025-11-08;13;0
5;2025-11-08;14;0
5;2025-11-08;15;0
5;2025-11-08;16;0
5;2025-11-08;17;0
5;2025-11-08;18;0
5;2025-11-08;19;0
5;2025-11-08;20;0
5;2025-11-08;21;0
5;2025-11-08;22;0
5;2025-11-08;23;0
5;2025-11-09;0;0
5;2025-11-09;1;0
5;2025-11-09;2;0
5;2025-11-09;3;0
5;2025-11-09;4;0
5;2025-11-09;5;0
5;2025-11-09;6;0
5;2025-11-09;7;0
5;2025-11-09;8;0
5;2025-11-09;9;0
5;2025-11-09;10;0
5;2025-11-09;11;0
5;2025-11-09;12;0
5;2025-11-09;13;0
5;2025-11-09;14;0
5;2025-11-09;15;0
5;2025-11-09;16;0
5;2025-11-09;17;0
5;2025-11-09;18;0
5;2025-11-09;19;0
5;2025-11-09;20;0
5;2025-11-09;21;0
5;2025-11-09;22;0
5;2025-11-09;23;0
5;2025-11-10;0;0
5;2025-11-10;1;0
5;2025-11-10;2;0
5;2025-11-10;3;0
5;2025-11-10;4;0
5;2025-11-10;5;0
5;2025-11-10;6;0
5;2025-11-10;7;0
5;2025-11-10;8;0
5;2025-11-10;9;0
5;2025-11-10;10;0
5;2025-11-10;11;0
5;2025-11-10;12;0
5;2025-11-10;13;0
5;2025-11-10;14;0
5;2025-11-10;15;0
5;2025-11-10;16;0
5;2025-11-10;17;0
5;2025-11-10;18;0
5;2025-11-10;19;0
5;2025-11-10;20;0
5;2025-11-10;21;0
5;2025-11-10;22;0
5;2025-11-10;23;0
5;2025-11-11;0;0
5;2025-11-11;1;0
5;2025-11-11;2;0
5;2025-11-11;3;0
5;2025-11-11;4;0
5;2025-11-11;5;0
5;2025-11-11;6;0
5;2025-11-11;7;0
5;2025-11-11;8;0
5;2025-11-11;9;0
5;2025-11-11;10;0
5;2025-11-11;11;0
5;2025-11-11;12;0
5;2025-11-11;13;0
5;2025-11-11;14;0
5;2025-11-11;15;0
5;2025-11-11;16;0
5;2025-11-11;17;0
5;2025-11-11;18;0
5;2025-11-11;19;0
5;2025-11-11;20;0
5;2025-11-11;21;0
5;2025-11-11;22;0
5;2025-11-11;23;0
5;2025-11-12;0;0
5;2025-11-12;1;0
5;2025-11-12;2;0
5;2025-11-12;3;0
5;2025-11-12;4;0
5;2025-11-12;5;0
5;2025-11-12;6;0
5;2025-11-12;7;0
5;2025-11-12;8;0
5;2025-11-12;9;0
5;2025-11-12;10;0
5;2025-11-12;11;0
5;2025-11-12;12;0
5;2025-11-12;13;0
5;2025-11-12;14;0
5;2025-11-12;15;0
5;2025-11-12;16;0
5;2025-11-12;17;0
5;2025-11-12;18;0
5;2025-11-12;19;0
5;2025-11-12;20;0
5;2025-11-12;21;0
5;2025-11-12;22;0
5;2025-11-12;23;0
5;2025-11-13;0;0
5;2025-11-13;1;0
5;2025-11-13;2;0
5;2025-11-13;3;0
5;2025-11-13;4;0
5;2025-11-13;5;0
5;2025-11-13;6;0
5;2025-11-13;7;0
5;2025-11-13;8;0
5;2025-11-13;9;0
5;2025-11-13;10;0
5;2025-11-13;11;0
5;2025-11-13;12;0
5;2025-11-13;13;0
5;2025-11-13;14;0
5;2025-11-13;15;0
5;2025-11-13;16;0
5;2025-11-13;17;0
5;2025-11-13;18;0
5;2025-11-13;19;0
5;2025-11-13;20;0
5;2025-11-13;21;0
5;2025-11-13;22;0
5;2025-11-13;23;0
5;2025-11-14;0;0
5;2025-11-14;1;0
5;2025-11-14;2;0
5;2025-11-14;3;0
5;2025-11-14;4;0
5;2025-11-14;5;0
5;2025-11-14;6;0
5;2025-11-14;7;0
5;2025-11-14;8;0
5;2025-11-14;9;0
5;2025-11-14;10;0
5;2025-11-14;11;0
5;2025-11-14;12;0
5;2025-11-14;13;0
5;2025-11-14;14;0
5;2025-11-14;15;0
5;2025-11-14;16;0
5;2025-11-14;17;0
5;2025-11-14;18;0
5;2025-11-14;19;0
5;2025-11-14;20;0
5;2025-11-14;21;0
5;2025-11-14;22;0
5;2025-11-14;23;0
5;2025-11-15;0;0
5;2025-11-15;1;0
5;2025-11-15;2;0
5;2025-11-15;3;0
5;2025-11-15;4;0
5;2025-11-15;5;0
5;2025-11-15;6;0
5;2025-11-15;7;0
5;2025-11-15;8;0
5;2025-11-15;9;0
5;2025-11-15;10;0
5;2025-11-15;11;0
5;2025-11-15;12;0
5;2025-11-15;13;0
5;2025-11-15;14;0
5;2025-11-15;15;0
5;2025-11-15;16;0
5;2025-11-15;17;0
5;2025-11-15;18;0
5;2025-11-15;19;0
5;2025-11-15;20;0
5;2025-11-15;21;0
5;2025-11-15;22;0
5;2025-11-15;23;0
5;2025-11-16;0;0
5;2025-11-16;1;0
5;2025-11-16;2;0
5;2025-11-16;3;0
5;2025-11-16;4;0
5;2025-11-16;5;0
5;2025-11-16;6;0
5;2025-11-16;7;0
5;2025-11-16;8;0
5;2025-11-16;9;0
5;2025-11-16;10;0
5;2025-11-16;11;0
5;2025-11-16;12;0
5;2025-11-16;13;0
5;2025-11-16;14;0
5;2025-11-16;15;0
5;2025-11-16;16;0
5;2025-11-16;17;0
5;2025-11-16;18;0
5;2025-11-16;19;0
5;2025-11-16;20;0
5;2025-11-16;21;0
5;2025-11-16;22;0
5;2025-11-16;23;0
5;2025-11-17;0;0
5;2025-11-17;1;0
5;2025-11-17;2;0
5;2025-11-17;3;0
5;2025-11-17;4;0
5;2025-11-17;5;0
5;2025-11-17;6;0
5;2025-11-17;7;0
5;2025-11-17;8;0
5;2025-11-17;9;0
5;2025-11-17;10;0
5;2025-11-17;11;0
5;2025-11-17;12;0
5;2025-11-17;13;0
5;2025-11-17;14;0
5;2025-11-17;15;0
5;2025-11-17;16;0
5;2025-11-17;17;0
5;2025-11-17;18;0
5;2025-11-17;19;0
5;2025-11-17;20;0
5;2025-11-17;21;0
5;2025-11-17;22;0
5;2025-11-17;23;0
5;2025-11-18;0;0
5;2025-11-18;1;0
5;2025-11-18;2;0
5;2025-11-18;3;0
5;2025-11-18;4;0
5;2025-11-18;5;0
5;2025-11-18;6;0
5;2025-11-18;7;0
5;2025-11-18;8;0
5;2025-11-18;9;0
5;2025-11-18;10;0
5;2025-11-18;11;0
5;2025-11-18;12;0
5;2025-11-18;13;0
5;2025-11-18;14;0
5;2025-11-18;15;0
5;2025-11-18;16;0
5;2025-11-18;17;0
5;2025-11-18;18;0
5;2025-11-18;19;0
5;2025-11-18;20;0
5;2025-11-18;21;0
5;2025-11-18;22;0
5;2025-11-18;23;0
5;2025-11-19;0;0
5;2025-11-19;1;0
5;2025-11-19;2;0
5;2025-11-19;3;0
5;2025-11-19;4;0
5;2025-11-19;5;0
5;2025-11-19;6;0
5;2025-11-19;7;0
5;2025-11-19;8;0
5;2025-11-19;9;0
5;2025-11-19;10;0
5;2025-11-19;11;0
5;2025-11-19;12;0
5;2025-11-19;13;0
5;2025-11-19;14;0
5;2025-11-19;15;0
5;2025-11-19;16;0
5;2025-11-19;17;0
5;2025-11-19;18;0
5;2025-11-19;19;0
5;2025-11-19;20;0
5;2025-11-19;21;0
5;2025-11-19;22;0
5;2025-11-19;23;0
5;2025-11-20;0;0
5;2025-11-20;1;0
5;2025-11-20;2;0
5;2025-11-20;3;0
5;2025-11-20;4;0
5;2025-11-20;5;0
5;2025-11-20;6;0
5;2025-11-20;7;0
5;2025-11-20;8;0
5;2025-11-20;9;0
5;2025-11-20;10;0
5;2025-11-20;11;0
5;2025-11-20;12;0
5;2025-11-20;13;0
5;2025-11-20;14;0
5;2025-11-20;15;0
5;2025-11-20;16;0
5;2025-11-20;17;0
5;2025-11-20;18;0
5;2025-11-20;19;0
5;2025-11-20;20;0
5;2025-11-20;21;0
5;2025-11-20;22;0
5;2025-11-20;23;0
5;2025-11-21;0;0
5;2025-11-21;1;0
5;2025-11-21;2;0
5;2025-11-21;3;0
5;2025-11-21;4;0
5;2025-11-21;5;0
5;2025-11-21;6;0
5;2025-11-21;7;0
5;2025-11-21;8;0
5;2025-11-21;9;0
5;2025-11-21;10;0
5;2025-11-21;11;0
5;2025-11-21;12;0
5;2025-11-21;13;0
5;2025-11-21;14;0
5;2025-11-21;15;0
5;2025-11-21;16;0
5;2025-11-21;17;0
5;2025-11-21;18;0
5;2025-11-21;19;0
5;2025-11-21;20;0
5;2025-11-21;21;0
5;2025-11-21;22;0
5;2025-11-21;23;0
5;2025-11-22;0;0
5;2025-11-22;1;0
5;2025-11-22;2;0
5;2025-11-22;3;0
5;2025-11-22;4;0
5;2025-11-22;5;0
5;2025-11-22;6;0
5;2025-11-22;7;0
5;2025-11-22;8;0
5;2025-11-22;9;0
5;2025-11-22;10;0
5;2025-11-22;11;0
5;2025-11-22;12;0
5;2025-11-22;13;0
5;2025-11-22;14;0
5;2025-11-22;15;0
5;2025-11-22;16;0
5;2025-11-22;17;0
5;2025-11-22;18;0
5;2025-11-22;19;0
5;2025-11-22;20;0
5;2025-11-22;21;0
5;2025-11-22;22;0
5;2025-11-22;23;0
5;2025-11-23;0;0
5;2025-11-23;1;0
5;2025-11-23;2;0
5;2025-11-23;3;0
5;2025-11-23;4;0
5;2025-11-23;5;0
5;2025-11-23;6;0
5;2025-11-23;7;0
5;2025-11-23;8;0
5;2025-11-23;9;0
5;2025-11-23;10;0
5;2025-11-23;11;0
5;2025-11-23;12;0
5;2025-11-23;13;0
5;2025-11-23;14;0
5;2025-11-23;15;0
5;2025-11-23;16;0
5;2025-11-23;17;0
5;2025-11-23;18;0
5;2025-11-23;19;0
5;2025-11-23;20;0
5;2025-11-23;21;0
5;2025-11-23;22;0
5;2025-11-23;23;0
5;2025-11-24;0;0
5;2025-11-24;1;0
5;2025-11-24;2;0
5;2025-11-24;3;0
5;2025-11-24;4;0
5;2025-11-24;5;0
5;2025-11-24;6;0
5;2025-11-24;7;0
5;2025-11-24;8;0
5;2025-11-24;9;0
5;2025-11-24;10;0
5;2025-11-24;11;0
5;2025-11-24;12;0
5;2025-11-24;13;0
5;2025-11-24;14;0
5;2025-11-24;15;0
5;2025-11-24;16;0
5;2025-11-24;17;0
5;2025-11-24;18;0
5;2025-11-24;19;0
5;2025-11-24;20;0
5;2025-11-24;21;0
5;2025-11-24;22;0
5;2025-11-24;23;0
5;2025-11-25;0;0
5;2025-11-25;1;0
5;2025-11-25;2;0
5;2025-11-25;3;0
5;2025-11-25;4;0
5;2025-11-25;5;0
5;2025-11-25;6;0
5;2025-11-25;7;0
5;2025-11-25;8;0
5;2025-11-25;9;0
5;2025-11-25;10;0
5;2025-11-25;11;0
5;2025-11-25;12;0
5;2025-11-25;13;0
5;2025-11-25;14;0
5;2025-11-25;15;0
5;2025-11-25;16;0
5;2025-11-25;17;0
5;2025-11-25;18;0
5;2025-11-25;19;0
5;2025-11-25;20;0
5;2025-11-25;21;0
5;2025-11-25;22;0
5;2025-11-25;23;0
5;2025-11-26;0;0
5;2025-11-26;1;0
5;2025-11-26;2;0
5;2025-11-26;3;0
5;2025-11-26;4;0
5;2025-11-26;5;0
5;2025-11-26;6;0
5;2025-11-26;7;0
5;2025-11-26;8;0
5;2025-11-26;9;0
5;2025-11-26;10;0
5;2025-11-26;11;0
5;2025-11-26;12;0
5;2025-11-26;13;0
5;2025-11-26;14;0
5;2025-11-26;15;0
5;2025-11-26;16;0
5;2025-11-26;17;0
5;2025-11-26;18;0
5;2025-11-26;19;0
5;2025-11-26;20;0
5;2025-11-26;21;0
5;2025-11-26;22;0
5;2025-11-26;23;0
5;2025-11-27;0;0
5;2025-11-27;1;0
5;2025-11-27;2;0
5;2025-11-27;3;0
5;2025-11-27;4;0
5;2025-11-27;5;0
5;2025-11-27;6;0
5;2025-11-27;7;0
5;2025-11-27;8;0
5;2025-11-27;9;0
5;2025-11-27;10;0
5;2025-11-27;11;0
5;2025-11-27;12;0
5;2025-11-27;13;0
5;2025-11-27;14;0
5;2025-11-27;15;0
5;2025-11-27;16;0
5;2025-11-27;17;0
5;2025-11-27;18;0
5;2025-11-27;19;0
5;2025-11-27;20;0
5;2025-11-27;21;0
5;2025-11-27;22;0
5;2025-11-27;23;0
5;2025-11-28;0;0
5;2025-11-28;1;0
5;2025-11-28;2;0
5;2025-11-28;3;0
5;2025-11-28;4;0
5;2025-11-28;5;0
5;2025-11-28;6;0
5;2025-11-28;7;0
5;2025-11-28;8;0
5;2025-11-28;9;0
5;2025-11-28;10;0
5;2025-11-28;11;0
5;2025-11-28;12;0
5;2025-11-28;13;0
5;2025-11-28;14;0
5;2025-11-28;15;0
5;2025-11-28;16;0
5;2025-11-28;17;0
5;2025-11-28;18;0
5;2025-11-28;19;0
5;2025-11-28;20;0
5;2025-11-28;21;0
5;2025-11-28;22;0
5;2025-11-28;23;0
5;2025-11-29;0;0
5;2025-11-29;1;0
5;2025-11-29;2;0
5;2025-11-29;3;0
5;2025-11-29;4;0
5;2025-11-29;5;0
5;2025-11-29;6;0
5;2025-11-29;7;0
5;2025-11-29;8;0
5;2025-11-29;9;0
5;2025-11-29;10;0
5;2025-11-29;11;0
5;2025-11-29;12;0
5;2025-11-29;13;0
5;2025-11-29;14;0
5;2025-11-29;15;0
5;2025-11-29;16;0
5;2025-11-29;17;0
5;2025-11-29;18;0
5;2025-11-29;19;0
5;2025-11-29;20;0
5;2025-11-29;21;0
5;2025-11-29;22;0
5;2025-11-29;23;0
5;2025-11-30;0;0
5;2025-11-30;1;0
5;2025-11-30;2;0
5;2025-11-30;3;0
5;2025-11-30;4;0
5;2025-11-30;5;0
5;2025-11-30;6;0
5;2025-11-30;7;0
5;2025-11-30;8;0
5;2025-11-30;9;0
5;2025-11-30;10;0
5;2025-11-30;11;0
5;2025-11-30;12;0
5;2025-11-30;13;0
5;2025-11-30;14;0
5;2025-11-30;15;0
5;2025-11-30;16;0
5;2025-11-30;17;0
5;2025-11-30;18;0
5;2025-11-30;19;0
5;2025-11-30;20;0
5;2025-11-30;21;0
5;2025-11-30;22;0
5;2025-11-30;23;0
5;2025-12-01;0;0
5;2025-12-01;1;0
5;2025-12-01;2;0
5;2025-12-01;3;0
5;2025-12-01;4;0
5;2025-12-01;5;0
5;2025-12-01;6;0
5;2025-12-01;7;0
5;2025-12-01;8;0
5;2025-12-01;9;0
5;2025-12-01;10;0
5;2025-12-01;11;0
5;2025-12-01;12;0
5;2025-12-01;13;0
5;2025-12-01;14;0
5;2025-12-01;15;0
5;2025-12-01;16;0
5;2025-12-01;17;0
5;2025-12-01;18;0
5;2025-12-01;19;0
5;2025-12-01;20;0
5;2025-12-01;21;0
5;2025-12-01;22;0
5;2025-12-01;23;0
5;2025-12-02;0;0
5;2025-12-02;1;0
5;2025-12-02;2;0
5;2025-12-02;3;0
5;2025-12-02;4;0
5;2025-12-02;5;0
5;2025-12-02;6;0
5;2025-12-02;7;0
5;2025-12-02;8;0
5;2025-12-02;9;0
5;2025-12-02;10;0
5;2025-12-02;11;0
5;2025-12-02;12;0
5;2025-12-02;13;0
5;2025-12-02;14;0
5;2025-12-02;15;0
5;2025-12-02;16;0
5;2025-12-02;17;0
5;2025-12-02;18;0
5;2025-12-02;19;0
5;2025-12-02;20;0
5;2025-12-02;21;0
5;2025-12-02;22;0
5;2025-12-02;23;0
5;2025-12-03;0;0
5;2025-12-03;1;0
5;2025-12-03;2;0
5;2025-12-03;3;0
5;2025-12-03;4;0
5;2025-12-03;5;0
5;2025-12-03;6;0
5;2025-12-03;7;0
5;2025-12-03;8;0
5;2025-12-03;9;0
5;2025-12-03;10;0
5;2025-12-03;11;0
5;2025-12-03;12;0
5;2025-12-03;13;0
5;2025-12-03;14;0
5;2025-12-03;15;0
5;2025-12-03;16;0
5;2025-12-03;17;0
5;2025-12-03;18;0
5;2025-12-03;19;0
5;2025-12-03;20;0
5;2025-12-03;21;0
5;2025-12-03;22;0
5;2025-12-03;23;0
5;2025-12-04;0;0
5;2025-12-04;1;0
5;2025-12-04;2;0
5;2025-12-04;3;0
5;2025-12-04;4;0
5;2025-12-04;5;0
5;2025-12-04;6;0
5;2025-12-04;7;0
5;2025-12-04;8;0
5;2025-12-04;9;0
5;2025-12-04;10;0
5;2025-12-04;11;0
5;2025-12-04;12;0
5;2025-12-04;13;0
5;2025-12-04;14;0
5;2025-12-04;15;0
5;2025-12-04;16;0
5;2025-12-04;17;0
5;2025-12-04;18;0
5;2025-12-04;19;0
5;2025-12-04;20;0
5;2025-12-04;21;0
5;2025-12-04;22;0
5;2025-12-04;23;0
5;2025-12-05;0;0
5;2025-12-05;1;0
5;2025-12-05;2;0
5;2025-12-05;3;0
5;2025-12-05;4;0
5;2025-12-05;5;0
5;2025-12-05;6;0
5;2025-12-05;7;0
5;2025-12-05;8;0
5;2025-12-05;9;0
5;2025-12-05;10;0
5;2025-12-05;11;0
5;2025-12-05;12;0
5;2025-12-05;13;0
5;2025-12-05;14;0
5;2025-12-05;15;0
5;2025-12-05;16;0
5;2025-12-05;17;0
5;2025-12-05;18;0
5;2025-12-05;19;0
5;2025-12-05;20;0
5;2025-12-05;21;0
5;2025-12-05;22;0
5;2025-12-05;23;0
5;2025-12-06;0;0
5;2025-12-06;1;0
5;2025-12-06;2;0
5;2025-12-06;3;0
5;2025-12-06;4;0
5;2025-12-06;5;0
5;2025-12-06;6;0
5;2025-12-06;7;0
5;2025-12-06;8;0
5;2025-12-06;9;0
5;2025-12-06;10;0
5;2025-12-06;11;0
5;2025-12-06;12;0
5;2025-12-06;13;0
5;2025-12-06;14;0
5;2025-12-06;15;0
5;2025-12-06;16;0
5;2025-12-06;17;0
5;2025-12-06;18;0
5;2025-12-06;19;0
5;2025-12-06;20;0
5;2025-12-06;21;0
5;2025-12-06;22;0
5;2025-12-06;23;0
5;2025-12-07;0;0
5;2025-12-07;1;0
5;2025-12-07;2;0
5;2025-12-07;3;0
5;2025-12-07;4;0
5;2025-12-07;5;0
5;2025-12-07;6;0
5;2025-12-07;7;0
5;2025-12-07;8;0
5;2025-12-07;9;0
5;2025-12-07;10;0
5;2025-12-07;11;0
5;2025-12-07;12;0
5;2025-12-07;13;0
5;2025-12-07;14;0
5;2025-12-07;15;0
5;2025-12-07;16;0
5;2025-12-07;17;0
5;2025-12-07;18;0
5;2025-12-07;19;0
5;2025-12-07;20;0
5;2025-12-07;21;0
5;2025-12-07;22;0
5;2025-12-07;23;0
5;2025-12-08;0;0
5;2025-12-08;1;0
5;2025-12-08;2;0
5;2025-12-08;3;0
5;2025-12-08;4;0
5;2025-12-08;5;0
5;2025-12-08;6;0
5;2025-12-08;7;0
5;2025-12-08;8;0
5;2025-12-08;9;0
5;2025-12-08;10;0
5;2025-12-08;11;0
5;2025-12-08;12;0
5;2025-12-08;13;0
5;2025-12-08;14;0
5;2025-12-08;15;0
5;2025-12-08;16;0
5;2025-12-08;17;0
5;2025-12-08;18;0
5;2025-12-08;19;0
5;2025-12-08;20;0
5;2025-12-08;21;0
5;2025-12-08;22;0
5;2025-12-08;23;0
5;2025-12-09;0;0
5;2025-12-09;1;0
5;2025-12-09;2;0
5;2025-12-09;3;0
5;2025-12-09;4;0
5;2025-12-09;5;0
5;2025-12-09;6;0
5;2025-12-09;7;0
5;2025-12-09;8;0
5;2025-12-09;9;0
5;2025-12-09;10;0
5;2025-12-09;11;0
5;2025-12-09;12;0
5;2025-12-09;13;0
5;2025-12-09;14;0
5;2025-12-09;15;0
5;2025-12-09;16;0
5;2025-12-09;17;0
5;2025-12-09;18;0
5;2025-12-09;19;0
5;2025-12-09;20;0
5;2025-12-09;21;0
5;2025-12-09;22;0
5;2025-12-09;23;0
5;2025-12-10;0;0
5;2025-12-10;1;0
5;2025-12-10;2;0
5;2025-12-10;3;0
5;2025-12-10;4;0
5;2025-12-10;5;0
5;2025-12-10;6;0
5;2025-12-10;7;0
5;2025-12-10;8;0
5;2025-12-10;9;0
5;2025-12-10;10;0
5;2025-12-10;11;0
5;2025-12-10;12;0
5;2025-12-10;13;0
5;2025-12-10;14;0
5;2025-12-10;15;0
5;2025-12-10;16;0
5;2025-12-10;17;0
5;2025-12-10;18;0
5;2025-12-10;19;0
5;2025-12-10;20;0
5;2025-12-10;21;0
5;2025-12-10;22;0
5;2025-12-10;23;0
5;2025-12-11;0;0
5;2025-12-11;1;0
5;2025-12-11;2;0
5;2025-12-11;3;0
5;2025-12-11;4;0
5;2025-12-11;5;0
5;2025-12-11;6;0
5;2025-12-11;7;0
5;2025-12-11;8;0
5;2025-12-11;9;0
5;2025-12-11;10;0
5;2025-12-11;11;0
5;2025-12-11;12;0
5;2025-12-11;13;0
5;2025-12-11;14;0
5;2025-12-11;15;0
5;2025-12-11;16;0
5;2025-12-11;17;0
5;2025-12-11;18;0
5;2025-12-11;19;0
5;2025-12-11;20;0
5;2025-12-11;21;0
5;2025-12-11;22;0
5;2025-12-11;23;0
5;2025-12-12;0;0
5;2025-12-12;1;0
5;2025-12-12;2;0
5;2025-12-12;3;0
5;2025-12-12;4;0
5;2025-12-12;5;0
5;2025-12-12;6;0
5;2025-12-12;7;0
5;2025-12-12;8;0
5;2025-12-12;9;0
5;2025-12-12;10;0
5;2025-12-12;11;0
5;2025-12-12;12;0
5;2025-12-12;13;0
5;2025-12-12;14;0
5;2025-12-12;15;0
5;2025-12-12;16;0
5;2025-12-12;17;0
5;2025-12-12;18;0
5;2025-12-12;19;0
5;2025-12-12;20;0
5;2025-12-12;21;0
5;2025-12-12;22;0
5;2025-12-12;23;0
5;2025-12-13;0;0
5;2025-12-13;1;0
5;2025-12-13;2;0
5;2025-12-13;3;0
5;2025-12-13;4;0
5;2025-12-13;5;0
5;2025-12-13;6;0
5;2025-12-13;7;0
5;2025-12-13;8;0
5;2025-12-13;9;0
5;2025-12-13;10;0
5;2025-12-13;11;0
5;2025-12-13;12;0
5;2025-12-13;13;0
5;2025-12-13;14;0
5;2025-12-13;15;0
5;2025-12-13;16;0
5;2025-12-13;17;0
5;2025-12-13;18;0
5;2025-12-13;19;0
5;2025-12-13;20;0
5;2025-12-13;21;0
5;2025-12-13;22;0
5;2025-12-13;23;0
5;2025-12-14;0;0
5;2025-12-14;1;0
5;2025-12-14;2;0
5;2025-12-14;3;0
5;2025-12-14;4;0
5;2025-12-14;5;0
5;2025-12-14;6;0
5;2025-12-14;7;0
5;2025-12-14;8;0
5;2025-12-14;9;0
5;2025-12-14;10;0
5;2025-12-14;11;0
5;2025-12-14;12;0
5;2025-12-14;13;0
5;2025-12-14;14;0
5;2025-12-14;15;0
5;2025-12-14;16;0
5;2025-12-14;17;0
5;2025-12-14;18;0
5;2025-12-14;19;0
5;2025-12-14;20;0
5;2025-12-14;21;0
5;2025-12-14;22;0
5;2025-12-14;23;0
5;2025-12-15;0;0
5;2025-12-15;1;0
5;2025-12-15;2;0
5;2025-12-15;3;0
5;2025-12-15;4;0
5;2025-12-15;5;0
5;2025-12-15;6;0
5;2025-12-15;7;0
5;2025-12-15;8;0
5;2025-12-15;9;0
5;2025-12-15;10;0
5;2025-12-15;11;0
5;2025-12-15;12;0
5;2025-12-15;13;0
5;2025-12-15;14;0
5;2025-12-15;15;0
5;2025-12-15;16;0
5;2025-12-15;17;0
5;2025-12-15;18;0
5;2025-12-15;19;0
5;2025-12-15;20;0
5;2025-12-15;21;0
5;2025-12-15;22;0
5;2025-12-15;23;0
5;2025-12-16;0;2
5;2025-12-16;1;0
5;2025-12-16;2;0
5;2025-12-16;3;0
5;2025-12-16;4;0
5;2025-12-16;5;39
5;2025-12-16;6;126
5;2025-12-16;7;394
5;2025-12-16;8;646
5;2025-12-16;9;415
5;2025-12-16;10;308
5;2025-12-16;11;282
5;2025-12-16;12;352
5;2025-12-16;13;354
5;2025-12-16;14;334
5;2025-12-16;15;348
5;2025-12-16;16;447
5;2025-12-16;17;527
5;2025-12-16;18;511
5;2025-12-16;19;378
5;2025-12-16;20;260
5;2025-12-16;21;162
5;2025-12-16;22;58
5;2025-12-16;23;6
5;2025-12-17;0;2
5;2025-12-17;1;0
5;2025-12-17;2;0
5;2025-12-17;3;0
5;2025-12-17;4;0
5;2025-12-17;5;39
5;2025-12-17;6;126
5;2025-12-17;7;394
5;2025-12-17;8;646
5;2025-12-17;9;415
5;2025-12-17;10;308
5;2025-12-17;11;282
5;2025-12-17;12;352
5;2025-12-17;13;354
5;2025-12-17;14;334
5;2025-12-17;15;348
5;2025-12-17;16;447
5;2025-12-17;17;527
5;2025-12-17;18;511
5;2025-12-17;19;378
5;2025-12-17;20;260
5;2025-12-17;21;162
5;2025-12-17;22;58
5;2025-12-17;23;6
5;2025-12-18;0;2
5;2025-12-18;1;0
5;2025-12-18;2;0
5;2025-12-18;3;0
5;2025-12-18;4;0
5;2025-12-18;5;39
5;2025-12-18;6;126
5;2025-12-18;7;394
5;2025-12-18;8;646
5;2025-12-18;9;415
5;2025-12-18;10;308
5;2025-12-18;11;282
5;2025-12-18;12;352
5;2025-12-18;13;354
5;2025-12-18;14;334
5;2025-12-18;15;348
5;2025-12-18;16;447
5;2025-12-18;17;527
5;2025-12-18;18;511
5;2025-12-18;19;378
5;2025-12-18;20;260
5;2025-12-18;21;162
5;2025-12-18;22;58
5;2025-12-18;23;6
5;2025-12-19;0;1
5;2025-12-19;1;0
5;2025-12-19;2;0
5;2025-12-19;3;0
5;2025-12-19;4;1
5;2025-12-19;5;38
5;2025-12-19;6;140
5;2025-12-19;7;430
5;2025-12-19;8;660
5;2025-12-19;9;423
5;2025-12-19;10;318
5;2025-12-19;11;304
5;2025-12-19;12;400
5;2025-12-19;13;364
5;2025-12-19;14;358
5;2025-12-19;15;368
5;2025-12-19;16;482
5;2025-12-19;17;506
5;2025-12-19;18;442
5;2025-12-19;19;330
5;2025-12-19;20;214
5;2025-12-19;21;166
5;2025-12-19;22;64
5;2025-12-19;23;10
5;2025-12-20;0;1
5;2025-12-20;1;0
5;2025-12-20;2;0
5;2025-12-20;3;0
5;2025-12-20;4;0
5;2025-12-20;5;20
5;2025-12-20;6;54
5;2025-12-20;7;118
5;2025-12-20;8;204
5;2025-12-20;9;230
5;2025-12-20;10;251
5;2025-12-20;11;254
5;2025-12-20;12;300
5;2025-12-20;13;303
5;2025-12-20;14;281
5;2025-12-20;15;304
5;2025-12-20;16;306
5;2025-12-20;17;294
5;2025-12-20;18;254
5;2025-12-20;19;192
5;2025-12-20;20;142
5;2025-12-20;21;129
5;2025-12-20;22;52
5;2025-12-20;23;6
5;2025-12-21;0;1
5;2025-12-21;1;0
5;2025-12-21;2;0
5;2025-12-21;3;0
5;2025-12-21;4;0
5;2025-12-21;5;15
5;2025-12-21;6;39
5;2025-12-21;7;84
5;2025-12-21;8;130
5;2025-12-21;9;180
5;2025-12-21;10;202
5;2025-12-21;11;222
5;2025-12-21;12;230
5;2025-12-21;13;280
5;2025-12-21;14;265
5;2025-12-21;15;262
5;2025-12-21;16;235
5;2025-12-21;17;254
5;2025-12-21;18;218
5;2025-12-21;19;197
5;2025-12-21;20;148
5;2025-12-21;21;119
5;2025-12-21;22;56
5;2025-12-21;23;6
5;2025-12-22;0;2
5;2025-12-22;1;0
5;2025-12-22;2;0
5;2025-12-22;3;0
5;2025-12-22;4;0
5;2025-12-22;5;39
5;2025-12-22;6;126
5;2025-12-22;7;394
5;2025-12-22;8;646
5;2025-12-22;9;415
5;2025-12-22;10;308
5;2025-12-22;11;282
5;2025-12-22;12;352
5;2025-12-22;13;354
5;2025-12-22;14;334
5;2025-12-22;15;348
5;2025-12-22;16;447
5;2025-12-22;17;527
5;2025-12-22;18;511
5;2025-12-22;19;378
5;2025-12-22;20;260
5;2025-12-22;21;162
5;2025-12-22;22;58
5;2025-12-22;23;6
5;2025-12-23;0;2
5;2025-12-23;1;0
5;2025-12-23;2;0
5;2025-12-23;3;0
5;2025-12-23;4;0
5;2025-12-23;5;39
5;2025-12-23;6;126
5;2025-12-23;7;394
5;2025-12-23;8;646
5;2025-12-23;9;415
5;2025-12-23;10;308
5;2025-12-23;11;282
5;2025-12-23;12;352
5;2025-12-23;13;354
5;2025-12-23;14;334
5;2025-12-23;15;348
5;2025-12-23;16;447
5;2025-12-23;17;527
5;2025-12-23;18;511
5;2025-12-23;19;378
5;2025-12-23;20;260
5;2025-12-23;21;162
5;2025-12-23;22;58
5;2025-12-23;23;6
5;2025-12-24;0;2
5;2025-12-24;1;0
5;2025-12-24;2;0
5;2025-12-24;3;0
5;2025-12-24;4;0
5;2025-12-24;5;39
5;2025-12-24;6;126
5;2025-12-24;7;394
5;2025-12-24;8;646
5;2025-12-24;9;415
5;2025-12-24;10;308
5;2025-12-24;11;282
5;2025-12-24;12;352
5;2025-12-24;13;354
5;2025-12-24;14;334
5;2025-12-24;15;348
5;2025-12-24;16;447
5;2025-12-24;17;527
5;2025-12-24;18;511
5;2025-12-24;19;378
5;2025-12-24;20;260
5;2025-12-24;21;162
5;2025-12-24;22;58
5;2025-12-24;23;6
5;2025-12-25;0;2
5;2025-12-25;1;0
5;2025-12-25;2;0
5;2025-12-25;3;0
5;2025-12-25;4;0
5;2025-12-25;5;39
5;2025-12-25;6;126
5;2025-12-25;7;394
5;2025-12-25;8;646
5;2025-12-25;9;415
5;2025-12-25;10;308
5;2025-12-25;11;282
5;2025-12-25;12;352
5;2025-12-25;13;354
5;2025-12-25;14;334
5;2025-12-25;15;348
5;2025-12-25;16;447
5;2025-12-25;17;527
5;2025-12-25;18;511
5;2025-12-25;19;378
5;2025-12-25;20;260
5;2025-12-25;21;162
5;2025-12-25;22;58
5;2025-12-25;23;6
5;2025-12-26;0;1
5;2025-12-26;1;0
5;2025-12-26;2;0
5;2025-12-26;3;0
5;2025-12-26;4;1
5;2025-12-26;5;38
5;2025-12-26;6;140
5;2025-12-26;7;430
5;2025-12-26;8;660
5;2025-12-26;9;423
5;2025-12-26;10;318
5;2025-12-26;11;304
5;2025-12-26;12;400
5;2025-12-26;13;364
5;2025-12-26;14;358
5;2025-12-26;15;368
5;2025-12-26;16;482
5;2025-12-26;17;506
5;2025-12-26;18;442
5;2025-12-26;19;330
5;2025-12-26;20;214
5;2025-12-26;21;166
5;2025-12-26;22;64
5;2025-12-26;23;10
5;2025-12-27;0;1
5;2025-12-27;1;0
5;2025-12-27;2;0
5;2025-12-27;3;0
5;2025-12-27;4;0
5;2025-12-27;5;20
5;2025-12-27;6;54
5;2025-12-27;7;118
5;2025-12-27;8;204
5;2025-12-27;9;230
5;2025-12-27;10;251
5;2025-12-27;11;254
5;2025-12-27;12;300
5;2025-12-27;13;303
5;2025-12-27;14;281
5;2025-12-27;15;304
5;2025-12-27;16;306
5;2025-12-27;17;294
5;2025-12-27;18;254
5;2025-12-27;19;192
5;2025-12-27;20;142
5;2025-12-27;21;129
5;2025-12-27;22;52
5;2025-12-27;23;6
5;2025-12-28;0;1
5;2025-12-28;1;0
5;2025-12-28;2;0
5;2025-12-28;3;0
5;2025-12-28;4;0
5;2025-12-28;5;15
5;2025-12-28;6;39
5;2025-12-28;7;84
5;2025-12-28;8;130
5;2025-12-28;9;180
5;2025-12-28;10;202
5;2025-12-28;11;222
5;2025-12-28;12;230
5;2025-12-28;13;280
5;2025-12-28;14;265
5;2025-12-28;15;262
5;2025-12-28;16;235
5;2025-12-28;17;254
5;2025-12-28;18;218
5;2025-12-28;19;197
5;2025-12-28;20;148
5;2025-12-28;21;119
5;2025-12-28;22;56
5;2025-12-28;23;6
5;2025-12-29;0;1
5;2025-12-29;1;0
5;2025-12-29;2;0
5;2025-12-29;3;0
5;2025-12-29;4;0
5;2025-12-29;5;34
5;2025-12-29;6;110
5;2025-12-29;7;347
5;2025-12-29;8;568
5;2025-12-29;9;366
5;2025-12-29;10;272
5;2025-12-29;11;248
5;2025-12-29;12;310
5;2025-12-29;13;311
5;2025-12-29;14;294
5;2025-12-29;15;306
5;2025-12-29;16;394
5;2025-12-29;17;464
5;2025-12-29;18;450
5;2025-12-29;19;333
5;2025-12-29;20;230
5;2025-12-29;21;142
5;2025-12-29;22;52
5;2025-12-29;23;5
5;2025-12-30;0;1
5;2025-12-30;1;0
5;2025-12-30;2;0
5;2025-12-30;3;0
5;2025-12-30;4;0
5;2025-12-30;5;34
5;2025-12-30;6;110
5;2025-12-30;7;347
5;2025-12-30;8;568
5;2025-12-30;9;366
5;2025-12-30;10;272
5;2025-12-30;11;248
5;2025-12-30;12;310
5;2025-12-30;13;311
5;2025-12-30;14;294
5;2025-12-30;15;306
5;2025-12-30;16;394
5;2025-12-30;17;464
5;2025-12-30;18;450
5;2025-12-30;19;333
5;2025-12-30;20;230
5;2025-12-30;21;142
5;2025-12-30;22;52
5;2025-12-30;23;5
5;2025-12-31;0;0
5;2025-12-31;1;0
5;2025-12-31;2;0
5;2025-12-31;3;0
5;2025-12-31;4;0
5;2025-12-31;5;16
5;2025-12-31;6;42
5;2025-12-31;7;94
5;2025-12-31;8;164
5;2025-12-31;9;184
5;2025-12-31;10;200
5;2025-12-31;11;203
5;2025-12-31;12;240
5;2025-12-31;13;242
5;2025-12-31;14;225
5;2025-12-31;15;244
5;2025-12-31;16;245
5;2025-12-31;17;235
5;2025-12-31;18;203
5;2025-12-31;19;154
5;2025-12-31;20;0
5;2025-12-31;21;0
5;2025-12-31;22;0
5;2025-12-31;23;0
7;2025-11-01;0;111
7;2025-11-01;1;25
7;2025-11-01;2;0
7;2025-11-01;3;0
7;2025-11-01;4;1
7;2025-11-01;5;139
7;2025-11-01;6;475
7;2025-11-01;7;1190
7;2025-11-01;8;1804
7;2025-11-01;9;1340
7;2025-11-01;10;1373
7;2025-11-01;11;1258
7;2025-11-01;12;1326
7;2025-11-01;13;1342
7;2025-11-01;14;1385
7;2025-11-01;15;1502
7;2025-11-01;16;1675
7;2025-11-01;17;1849
7;2025-11-01;18;1592
7;2025-11-01;19;1084
7;2025-11-01;20;783
7;2025-11-01;21;472
7;2025-11-01;22;260
7;2025-11-01;23;197
7;2025-11-02;0;100
7;2025-11-02;1;23
7;2025-11-02;2;0
7;2025-11-02;3;0
7;2025-11-02;4;1
7;2025-11-02;5;29
7;2025-11-02;6;126
7;2025-11-02;7;169
7;2025-11-02;8;380
7;2025-11-02;9;504
7;2025-11-02;10;390
7;2025-11-02;11;580
7;2025-11-02;12;627
7;2025-11-02;13;623
7;2025-11-02;14;651
7;2025-11-02;15;705
7;2025-11-02;16;607
7;2025-11-02;17;618
7;2025-11-02;18;641
7;2025-11-02;19;475
7;2025-11-02;20;392
7;2025-11-02;21;288
7;2025-11-02;22;149
7;2025-11-02;23;119
7;2025-11-03;0;99
7;2025-11-03;1;23
7;2025-11-03;2;0
7;2025-11-03;3;0
7;2025-11-03;4;1
7;2025-11-03;5;29
7;2025-11-03;6;123
7;2025-11-03;7;166
7;2025-11-03;8;373
7;2025-11-03;9;495
7;2025-11-03;10;383
7;2025-11-03;11;569
7;2025-11-03;12;615
7;2025-11-03;13;611
7;2025-11-03;14;639
7;2025-11-03;15;692
7;2025-11-03;16;596
7;2025-11-03;17;606
7;2025-11-03;18;629
7;2025-11-03;19;466
7;2025-11-03;20;385
7;2025-11-03;21;283
7;2025-11-03;22;146
7;2025-11-03;23;116
7;2025-11-04;0;98
7;2025-11-04;1;23
7;2025-11-04;2;0
7;2025-11-04;3;0
7;2025-11-04;4;1
7;2025-11-04;5;29
7;2025-11-04;6;122
7;2025-11-04;7;165
7;2025-11-04;8;370
7;2025-11-04;9;490
7;2025-11-04;10;379
7;2025-11-04;11;564
7;2025-11-04;12;609
7;2025-11-04;13;605
7;2025-11-04;14;633
7;2025-11-04;15;685
7;2025-11-04;16;590
7;2025-11-04;17;600
7;2025-11-04;18;623
7;2025-11-04;19;461
7;2025-11-04;20;381
7;2025-11-04;21;280
7;2025-11-04;22;145
7;2025-11-04;23;115
7;2025-11-05;0;59
7;2025-11-05;1;12
7;2025-11-05;2;0
7;2025-11-05;3;0
7;2025-11-05;4;1
7;2025-11-05;5;186
7;2025-11-05;6;591
7;2025-11-05;7;1606
7;2025-11-05;8;2491
7;2025-11-05;9;1854
7;2025-11-05;10;1665
7;2025-11-05;11;1562
7;2025-11-05;12;1687
7;2025-11-05;13;1570
7;2025-11-05;14;1621
7;2025-11-05;15;1762
7;2025-11-05;16;1840
7;2025-11-05;17;2386
7;2025-11-05;18;2594
7;2025-11-05;19;1676
7;2025-11-05;20;1072
7;2025-11-05;21;635
7;2025-11-05;22;303
7;2025-11-05;23;195
7;2025-11-06;0;58
7;2025-11-06;1;12
7;2025-11-06;2;0
7;2025-11-06;3;0
7;2025-11-06;4;1
7;2025-11-06;5;183
7;2025-11-06;6;581
7;2025-11-06;7;1580
7;2025-11-06;8;2451
7;2025-11-06;9;1824
7;2025-11-06;10;1638
7;2025-11-06;11;1536
7;2025-11-06;12;1660
7;2025-11-06;13;1544
7;2025-11-06;14;1595
7;2025-11-06;15;1733
7;2025-11-06;16;1810
7;2025-11-06;17;2347
7;2025-11-06;18;2552
7;2025-11-06;19;1649
7;2025-11-06;20;1055
7;2025-11-06;21;624
7;2025-11-06;22;298
7;2025-11-06;23;192
7;2025-11-07;0;77
7;2025-11-07;1;14
7;2025-11-07;2;0
7;2025-11-07;3;0
7;2025-11-07;4;2
7;2025-11-07;5;173
7;2025-11-07;6;591
7;2025-11-07;7;1480
7;2025-11-07;8;2243
7;2025-11-07;9;1666
7;2025-11-07;10;1706
7;2025-11-07;11;1564
7;2025-11-07;12;1649
7;2025-11-07;13;1668
7;2025-11-07;14;1721
7;2025-11-07;15;1866
7;2025-11-07;16;2083
7;2025-11-07;17;2298
7;2025-11-07;18;1979
7;2025-11-07;19;1348
7;2025-11-07;20;972
7;2025-11-07;21;587
7;2025-11-07;22;323
7;2025-11-07;23;245
7;2025-11-08;0;131
7;2025-11-08;1;29
7;2025-11-08;2;0
7;2025-11-08;3;0
7;2025-11-08;4;1
7;2025-11-08;5;53
7;2025-11-08;6;287
7;2025-11-08;7;320
7;2025-11-08;8;762
7;2025-11-08;9;615
7;2025-11-08;10;683
7;2025-11-08;11;724
7;2025-11-08;12;1008
7;2025-11-08;13;948
7;2025-11-08;14;906
7;2025-11-08;15;889
7;2025-11-08;16;888
7;2025-11-08;17;875
7;2025-11-08;18;821
7;2025-11-08;19;650
7;2025-11-08;20;576
7;2025-11-08;21;403
7;2025-11-08;22;226
7;2025-11-08;23;184
7;2025-11-09;0;101
7;2025-11-09;1;23
7;2025-11-09;2;0
7;2025-11-09;3;0
7;2025-11-09;4;1
7;2025-11-09;5;29
7;2025-11-09;6;126
7;2025-11-09;7;170
7;2025-11-09;8;381
7;2025-11-09;9;505
7;2025-11-09;10;391
7;2025-11-09;11;581
7;2025-11-09;12;627
7;2025-11-09;13;623
7;2025-11-09;14;652
7;2025-11-09;15;706
7;2025-11-09;16;608
7;2025-11-09;17;618
7;2025-11-09;18;642
7;2025-11-09;19;475
7;2025-11-09;20;393
7;2025-11-09;21;288
7;2025-11-09;22;149
7;2025-11-09;23;119
7;2025-11-10;0;59
7;2025-11-10;1;12
7;2025-11-10;2;0
7;2025-11-10;3;0
7;2025-11-10;4;1
7;2025-11-10;5;186
7;2025-11-10;6;591
7;2025-11-10;7;1606
7;2025-11-10;8;2491
7;2025-11-10;9;1854
7;2025-11-10;10;1665
7;2025-11-10;11;1562
7;2025-11-10;12;1687
7;2025-11-10;13;1570
7;2025-11-10;14;1621
7;2025-11-10;15;1762
7;2025-11-10;16;1840
7;2025-11-10;17;2386
7;2025-11-10;18;2594
7;2025-11-10;19;1676
7;2025-11-10;20;1072
7;2025-11-10;21;635
7;2025-11-10;22;303
7;2025-11-10;23;195
7;2025-11-11;0;59
7;2025-11-11;1;12
7;2025-11-11;2;0
7;2025-11-11;3;0
7;2025-11-11;4;1
7;2025-11-11;5;186
7;2025-11-11;6;591
7;2025-11-11;7;1606
7;2025-11-11;8;2491
7;2025-11-11;9;1854
7;2025-11-11;10;1665
7;2025-11-11;11;1562
7;2025-11-11;12;1687
7;2025-11-11;13;1570
7;2025-11-11;14;1621
7;2025-11-11;15;1762
7;2025-11-11;16;1840
7;2025-11-11;17;2386
7;2025-11-11;18;2594
7;2025-11-11;19;1676
7;2025-11-11;20;1072
7;2025-11-11;21;635
7;2025-11-11;22;303
7;2025-11-11;23;195
7;2025-11-12;0;58
7;2025-11-12;1;12
7;2025-11-12;2;0
7;2025-11-12;3;0
7;2025-11-12;4;1
7;2025-11-12;5;184
7;2025-11-12;6;584
7;2025-11-12;7;1589
7;2025-11-12;8;2464
7;2025-11-12;9;1834
7;2025-11-12;10;1647
7;2025-11-12;11;1544
7;2025-11-12;12;1669
7;2025-11-12;13;1552
7;2025-11-12;14;1604
7;2025-11-12;15;1742
7;2025-11-12;16;1820
7;2025-11-12;17;2360
7;2025-11-12;18;2566
7;2025-11-12;19;1658
7;2025-11-12;20;1060
7;2025-11-12;21;628
7;2025-11-12;22;299
7;2025-11-12;23;193
7;2025-11-13;0;59
7;2025-11-13;1;12
7;2025-11-13;2;0
7;2025-11-13;3;0
7;2025-11-13;4;1
7;2025-11-13;5;186
7;2025-11-13;6;590
7;2025-11-13;7;1604
7;2025-11-13;8;2489
7;2025-11-13;9;1852
7;2025-11-13;10;1663
7;2025-11-13;11;1560
7;2025-11-13;12;1686
7;2025-11-13;13;1568
7;2025-11-13;14;1620
7;2025-11-13;15;1760
7;2025-11-13;16;1838
7;2025-11-13;17;2383
7;2025-11-13;18;2591
7;2025-11-13;19;1674
7;2025-11-13;20;1071
7;2025-11-13;21;634
7;2025-11-13;22;302
7;2025-11-13;23;195
7;2025-11-14;0;77
7;2025-11-14;1;14
7;2025-11-14;2;0
7;2025-11-14;3;0
7;2025-11-14;4;2
7;2025-11-14;5;173
7;2025-11-14;6;592
7;2025-11-14;7;1483
7;2025-11-14;8;2248
7;2025-11-14;9;1670
7;2025-11-14;10;1710
7;2025-11-14;11;1567
7;2025-11-14;12;1652
7;2025-11-14;13;1672
7;2025-11-14;14;1724
7;2025-11-14;15;1870
7;2025-11-14;16;2088
7;2025-11-14;17;2303
7;2025-11-14;18;1983
7;2025-11-14;19;1351
7;2025-11-14;20;974
7;2025-11-14;21;588
7;2025-11-14;22;324
7;2025-11-14;23;246
7;2025-11-15;0;122
7;2025-11-15;1;27
7;2025-11-15;2;0
7;2025-11-15;3;0
7;2025-11-15;4;1
7;2025-11-15;5;49
7;2025-11-15;6;268
7;2025-11-15;7;298
7;2025-11-15;8;711
7;2025-11-15;9;574
7;2025-11-15;10;638
7;2025-11-15;11;675
7;2025-11-15;12;941
7;2025-11-15;13;885
7;2025-11-15;14;845
7;2025-11-15;15;830
7;2025-11-15;16;829
7;2025-11-15;17;817
7;2025-11-15;18;766
7;2025-11-15;19;606
7;2025-11-15;20;537
7;2025-11-15;21;376
7;2025-11-15;22;211
7;2025-11-15;23;171
7;2025-11-16;0;101
7;2025-11-16;1;23
7;2025-11-16;2;0
7;2025-11-16;3;0
7;2025-11-16;4;1
7;2025-11-16;5;29
7;2025-11-16;6;126
7;2025-11-16;7;170
7;2025-11-16;8;381
7;2025-11-16;9;505
7;2025-11-16;10;391
7;2025-11-16;11;581
7;2025-11-16;12;627
7;2025-11-16;13;623
7;2025-11-16;14;652
7;2025-11-16;15;706
7;2025-11-16;16;608
7;2025-11-16;17;618
7;2025-11-16;18;642
7;2025-11-16;19;475
7;2025-11-16;20;393
7;2025-11-16;21;288
7;2025-11-16;22;149
7;2025-11-16;23;119
7;2025-11-17;0;57
7;2025-11-17;1;12
7;2025-11-17;2;0
7;2025-11-17;3;0
7;2025-11-17;4;1
7;2025-11-17;5;180
7;2025-11-17;6;572
7;2025-11-17;7;1556
7;2025-11-17;8;2413
7;2025-11-17;9;1796
7;2025-11-17;10;1613
7;2025-11-17;11;1512
7;2025-11-17;12;1634
7;2025-11-17;13;1520
7;2025-11-17;14;1570
7;2025-11-17;15;1706
7;2025-11-17;16;1782
7;2025-11-17;17;2311
7;2025-11-17;18;2513
7;2025-11-17;19;1624
7;2025-11-17;20;1038
7;2025-11-17;21;615
7;2025-11-17;22;293
7;2025-11-17;23;189
7;2025-11-18;0;56
7;2025-11-18;1;12
7;2025-11-18;2;0
7;2025-11-18;3;0
7;2025-11-18;4;1
7;2025-11-18;5;176
7;2025-11-18;6;561
7;2025-11-18;7;1525
7;2025-11-18;8;2366
7;2025-11-18;9;1760
7;2025-11-18;10;1581
7;2025-11-18;11;1483
7;2025-11-18;12;1602
7;2025-11-18;13;1491
7;2025-11-18;14;1540
7;2025-11-18;15;1673
7;2025-11-18;16;1747
7;2025-11-18;17;2266
7;2025-11-18;18;2463
7;2025-11-18;19;1592
7;2025-11-18;20;1018
7;2025-11-18;21;603
7;2025-11-18;22;287
7;2025-11-18;23;185
7;2025-11-19;0;59
7;2025-11-19;1;12
7;2025-11-19;2;0
7;2025-11-19;3;0
7;2025-11-19;4;1
7;2025-11-19;5;186
7;2025-11-19;6;591
7;2025-11-19;7;1606
7;2025-11-19;8;2491
7;2025-11-19;9;1854
7;2025-11-19;10;1665
7;2025-11-19;11;1562
7;2025-11-19;12;1687
7;2025-11-19;13;1570
7;2025-11-19;14;1621
7;2025-11-19;15;1762
7;2025-11-19;16;1840
7;2025-11-19;17;2386
7;2025-11-19;18;2594
7;2025-11-19;19;1676
7;2025-11-19;20;1072
7;2025-11-19;21;635
7;2025-11-19;22;303
7;2025-11-19;23;195
7;2025-11-20;0;59
7;2025-11-20;1;12
7;2025-11-20;2;0
7;2025-11-20;3;0
7;2025-11-20;4;1
7;2025-11-20;5;186
7;2025-11-20;6;591
7;2025-11-20;7;1606
7;2025-11-20;8;2491
7;2025-11-20;9;1854
7;2025-11-20;10;1665
7;2025-11-20;11;1562
7;2025-11-20;12;1687
7;2025-11-20;13;1570
7;2025-11-20;14;1621
7;2025-11-20;15;1762
7;2025-11-20;16;1840
7;2025-11-20;17;2386
7;2025-11-20;18;2594
7;2025-11-20;19;1676
7;2025-11-20;20;1072
7;2025-11-20;21;635
7;2025-11-20;22;303
7;2025-11-20;23;195
7;2025-11-21;0;77
7;2025-11-21;1;14
7;2025-11-21;2;0
7;2025-11-21;3;0
7;2025-11-21;4;2
7;2025-11-21;5;173
7;2025-11-21;6;592
7;2025-11-21;7;1483
7;2025-11-21;8;2248
7;2025-11-21;9;1670
7;2025-11-21;10;1710
7;2025-11-21;11;1567
7;2025-11-21;12;1652
7;2025-11-21;13;1672
7;2025-11-21;14;1724
7;2025-11-21;15;1870
7;2025-11-21;16;2088
7;2025-11-21;17;2303
7;2025-11-21;18;1983
7;2025-11-21;19;1351
7;2025-11-21;20;974
7;2025-11-21;21;588
7;2025-11-21;22;324
7;2025-11-21;23;246
7;2025-11-22;0;129
7;2025-11-22;1;29
7;2025-11-22;2;0
7;2025-11-22;3;0
7;2025-11-22;4;1
7;2025-11-22;5;52
7;2025-11-22;6;284
7;2025-11-22;7;316
7;2025-11-22;8;753
7;2025-11-22;9;608
7;2025-11-22;10;675
7;2025-11-22;11;715
7;2025-11-22;12;996
7;2025-11-22;13;937
7;2025-11-22;14;895
7;2025-11-22;15;879
7;2025-11-22;16;878
7;2025-11-22;17;865
7;2025-11-22;18;811
7;2025-11-22;19;642
7;2025-11-22;20;569
7;2025-11-22;21;398
7;2025-11-22;22;224
7;2025-11-22;23;182
7;2025-11-23;0;101
7;2025-11-23;1;23
7;2025-11-23;2;0
7;2025-11-23;3;0
7;2025-11-23;4;1
7;2025-11-23;5;29
7;2025-11-23;6;126
7;2025-11-23;7;170
7;2025-11-23;8;381
7;2025-11-23;9;505
7;2025-11-23;10;391
7;2025-11-23;11;581
7;2025-11-23;12;627
7;2025-11-23;13;623
7;2025-11-23;14;652
7;2025-11-23;15;706
7;2025-11-23;16;608
7;2025-11-23;17;618
7;2025-11-23;18;642
7;2025-11-23;19;475
7;2025-11-23;20;393
7;2025-11-23;21;288
7;2025-11-23;22;149
7;2025-11-23;23;119
7;2025-11-24;0;56
7;2025-11-24;1;12
7;2025-11-24;2;0
7;2025-11-24;3;0
7;2025-11-24;4;1
7;2025-11-24;5;177
7;2025-11-24;6;564
7;2025-11-24;7;1534
7;2025-11-24;8;2379
7;2025-11-24;9;1770
7;2025-11-24;10;1590
7;2025-11-24;11;1491
7;2025-11-24;12;1611
7;2025-11-24;13;1499
7;2025-11-24;14;1548
7;2025-11-24;15;1682
7;2025-11-24;16;1757
7;2025-11-24;17;2278
7;2025-11-24;18;2477
7;2025-11-24;19;1601
7;2025-11-24;20;1024
7;2025-11-24;21;606
7;2025-11-24;22;289
7;2025-11-24;23;186
7;2025-11-25;0;59
7;2025-11-25;1;12
7;2025-11-25;2;0
7;2025-11-25;3;0
7;2025-11-25;4;1
7;2025-11-25;5;186
7;2025-11-25;6;591
7;2025-11-25;7;1606
7;2025-11-25;8;2491
7;2025-11-25;9;1854
7;2025-11-25;10;1665
7;2025-11-25;11;1562
7;2025-11-25;12;1687
7;2025-11-25;13;1570
7;2025-11-25;14;1621
7;2025-11-25;15;1762
7;2025-11-25;16;1840
7;2025-11-25;17;2386
7;2025-11-25;18;2594
7;2025-11-25;19;1676
7;2025-11-25;20;1072
7;2025-11-25;21;635
7;2025-11-25;22;303
7;2025-11-25;23;195
7;2025-11-26;0;56
7;2025-11-26;1;12
7;2025-11-26;2;0
7;2025-11-26;3;0
7;2025-11-26;4;1
7;2025-11-26;5;177
7;2025-11-26;6;562
7;2025-11-26;7;1529
7;2025-11-26;8;2371
7;2025-11-26;9;1764
7;2025-11-26;10;1585
7;2025-11-26;11;1486
7;2025-11-26;12;1606
7;2025-11-26;13;1494
7;2025-11-26;14;1543
7;2025-11-26;15;1676
7;2025-11-26;16;1751
7;2025-11-26;17;2271
7;2025-11-26;18;2469
7;2025-11-26;19;1595
7;2025-11-26;20;1020
7;2025-11-26;21;604
7;2025-11-26;22;288
7;2025-11-26;23;186
7;2025-11-27;0;57
7;2025-11-27;1;12
7;2025-11-27;2;0
7;2025-11-27;3;0
7;2025-11-27;4;1
7;2025-11-27;5;179
7;2025-11-27;6;568
7;2025-11-27;7;1544
7;2025-11-27;8;2395
7;2025-11-27;9;1782
7;2025-11-27;10;1600
7;2025-11-27;11;1501
7;2025-11-27;12;1622
7;2025-11-27;13;1509
7;2025-11-27;14;1558
7;2025-11-27;15;1693
7;2025-11-27;16;1768
7;2025-11-27;17;2293
7;2025-11-27;18;2493
7;2025-11-27;19;1611
7;2025-11-27;20;1031
7;2025-11-27;21;610
7;2025-11-27;22;291
7;2025-11-27;23;187
7;2025-11-28;0;77
7;2025-11-28;1;14
7;2025-11-28;2;0
7;2025-11-28;3;0
7;2025-11-28;4;2
7;2025-11-28;5;174
7;2025-11-28;6;594
7;2025-11-28;7;1488
7;2025-11-28;8;2255
7;2025-11-28;9;1675
7;2025-11-28;10;1716
7;2025-11-28;11;1573
7;2025-11-28;12;1658
7;2025-11-28;13;1677
7;2025-11-28;14;1730
7;2025-11-28;15;1876
7;2025-11-28;16;2095
7;2025-11-28;17;2311
7;2025-11-28;18;1990
7;2025-11-28;19;1355
7;2025-11-28;20;978
7;2025-11-28;21;590
7;2025-11-28;22;325
7;2025-11-28;23;247
7;2025-11-29;0;131
7;2025-11-29;1;29
7;2025-11-29;2;0
7;2025-11-29;3;0
7;2025-11-29;4;1
7;2025-11-29;5;53
7;2025-11-29;6;287
7;2025-11-29;7;320
7;2025-11-29;8;762
7;2025-11-29;9;615
7;2025-11-29;10;683
7;2025-11-29;11;724
7;2025-11-29;12;1008
7;2025-11-29;13;948
7;2025-11-29;14;906
7;2025-11-29;15;889
7;2025-11-29;16;888
7;2025-11-29;17;875
7;2025-11-29;18;821
7;2025-11-29;19;650
7;2025-11-29;20;576
7;2025-11-29;21;403
7;2025-11-29;22;226
7;2025-11-29;23;184
7;2025-11-30;0;101
7;2025-11-30;1;23
7;2025-11-30;2;0
7;2025-11-30;3;0
7;2025-11-30;4;1
7;2025-11-30;5;29
7;2025-11-30;6;126
7;2025-11-30;7;170
7;2025-11-30;8;381
7;2025-11-30;9;505
7;2025-11-30;10;391
7;2025-11-30;11;581
7;2025-11-30;12;627
7;2025-11-30;13;623
7;2025-11-30;14;652
7;2025-11-30;15;706
7;2025-11-30;16;608
7;2025-11-30;17;618
7;2025-11-30;18;642
7;2025-11-30;19;475
7;2025-11-30;20;393
7;2025-11-30;21;288
7;2025-11-30;22;149
7;2025-11-30;23;119
7;2025-12-01;0;59
7;2025-12-01;1;12
7;2025-12-01;2;0
7;2025-12-01;3;0
7;2025-12-01;4;1
7;2025-12-01;5;186
7;2025-12-01;6;591
7;2025-12-01;7;1606
7;2025-12-01;8;2491
7;2025-12-01;9;1854
7;2025-12-01;10;1665
7;2025-12-01;11;1562
7;2025-12-01;12;1687
7;2025-12-01;13;1570
7;2025-12-01;14;1621
7;2025-12-01;15;1762
7;2025-12-01;16;1840
7;2025-12-01;17;2386
7;2025-12-01;18;2594
7;2025-12-01;19;1676
7;2025-12-01;20;1072
7;2025-12-01;21;635
7;2025-12-01;22;303
7;2025-12-01;23;195
7;2025-12-02;0;59
7;2025-12-02;1;12
7;2025-12-02;2;0
7;2025-12-02;3;0
7;2025-12-02;4;1
7;2025-12-02;5;186
7;2025-12-02;6;591
7;2025-12-02;7;1606
7;2025-12-02;8;2491
7;2025-12-02;9;1854
7;2025-12-02;10;1665
7;2025-12-02;11;1562
7;2025-12-02;12;1687
7;2025-12-02;13;1570
7;2025-12-02;14;1621
7;2025-12-02;15;1762
7;2025-12-02;16;1840
7;2025-12-02;17;2386
7;2025-12-02;18;2594
7;2025-12-02;19;1676
7;2025-12-02;20;1072
7;2025-12-02;21;635
7;2025-12-02;22;303
7;2025-12-02;23;195
7;2025-12-03;0;59
7;2025-12-03;1;12
7;2025-12-03;2;0
7;2025-12-03;3;0
7;2025-12-03;4;1
7;2025-12-03;5;186
7;2025-12-03;6;591
7;2025-12-03;7;1606
7;2025-12-03;8;2491
7;2025-12-03;9;1854
7;2025-12-03;10;1665
7;2025-12-03;11;1562
7;2025-12-03;12;1687
7;2025-12-03;13;1570
7;2025-12-03;14;1621
7;2025-12-03;15;1762
7;2025-12-03;16;1840
7;2025-12-03;17;2386
7;2025-12-03;18;2594
7;2025-12-03;19;1676
7;2025-12-03;20;1072
7;2025-12-03;21;635
7;2025-12-03;22;303
7;2025-12-03;23;195
7;2025-12-04;0;59
7;2025-12-04;1;12
7;2025-12-04;2;0
7;2025-12-04;3;0
7;2025-12-04;4;1
7;2025-12-04;5;186
7;2025-12-04;6;591
7;2025-12-04;7;1606
7;2025-12-04;8;2491
7;2025-12-04;9;1854
7;2025-12-04;10;1665
7;2025-12-04;11;1562
7;2025-12-04;12;1687
7;2025-12-04;13;1570
7;2025-12-04;14;1621
7;2025-12-04;15;1762
7;2025-12-04;16;1840
7;2025-12-04;17;2386
7;2025-12-04;18;2594
7;2025-12-04;19;1676
7;2025-12-04;20;1072
7;2025-12-04;21;635
7;2025-12-04;22;303
7;2025-12-04;23;195
7;2025-12-05;0;77
7;2025-12-05;1;14
7;2025-12-05;2;0
7;2025-12-05;3;0
7;2025-12-05;4;2
7;2025-12-05;5;174
7;2025-12-05;6;594
7;2025-12-05;7;1488
7;2025-12-05;8;2255
7;2025-12-05;9;1675
7;2025-12-05;10;1716
7;2025-12-05;11;1573
7;2025-12-05;12;1658
7;2025-12-05;13;1677
7;2025-12-05;14;1730
7;2025-12-05;15;1876
7;2025-12-05;16;2095
7;2025-12-05;17;2311
7;2025-12-05;18;1990
7;2025-12-05;19;1355
7;2025-12-05;20;978
7;2025-12-05;21;590
7;2025-12-05;22;325
7;2025-12-05;23;247
7;2025-12-06;0;131
7;2025-12-06;1;29
7;2025-12-06;2;0
7;2025-12-06;3;0
7;2025-12-06;4;1
7;2025-12-06;5;53
7;2025-12-06;6;287
7;2025-12-06;7;320
7;2025-12-06;8;762
7;2025-12-06;9;615
7;2025-12-06;10;683
7;2025-12-06;11;724
7;2025-12-06;12;1008
7;2025-12-06;13;948
7;2025-12-06;14;906
7;2025-12-06;15;889
7;2025-12-06;16;888
7;2025-12-06;17;875
7;2025-12-06;18;821
7;2025-12-06;19;650
7;2025-12-06;20;576
7;2025-12-06;21;403
7;2025-12-06;22;226
7;2025-12-06;23;184
7;2025-12-07;0;101
7;2025-12-07;1;23
7;2025-12-07;2;0
7;2025-12-07;3;0
7;2025-12-07;4;1
7;2025-12-07;5;29
7;2025-12-07;6;126
7;2025-12-07;7;170
7;2025-12-07;8;381
7;2025-12-07;9;505
7;2025-12-07;10;391
7;2025-12-07;11;581
7;2025-12-07;12;627
7;2025-12-07;13;623
7;2025-12-07;14;652
7;2025-12-07;15;706
7;2025-12-07;16;608
7;2025-12-07;17;618
7;2025-12-07;18;642
7;2025-12-07;19;475
7;2025-12-07;20;393
7;2025-12-07;21;288
7;2025-12-07;22;149
7;2025-12-07;23;119
7;2025-12-08;0;59
7;2025-12-08;1;12
7;2025-12-08;2;0
7;2025-12-08;3;0
7;2025-12-08;4;1
7;2025-12-08;5;186
7;2025-12-08;6;591
7;2025-12-08;7;1606
7;2025-12-08;8;2491
7;2025-12-08;9;1854
7;2025-12-08;10;1665
7;2025-12-08;11;1562
7;2025-12-08;12;1687
7;2025-12-08;13;1570
7;2025-12-08;14;1621
7;2025-12-08;15;1762
7;2025-12-08;16;1840
7;2025-12-08;17;2386
7;2025-12-08;18;2594
7;2025-12-08;19;1676
7;2025-12-08;20;1072
7;2025-12-08;21;635
7;2025-12-08;22;303
7;2025-12-08;23;195
7;2025-12-09;0;59
7;2025-12-09;1;12
7;2025-12-09;2;0
7;2025-12-09;3;0
7;2025-12-09;4;1
7;2025-12-09;5;186
7;2025-12-09;6;591
7;2025-12-09;7;1606
7;2025-12-09;8;2491
7;2025-12-09;9;1854
7;2025-12-09;10;1665
7;2025-12-09;11;1562
7;2025-12-09;12;1687
7;2025-12-09;13;1570
7;2025-12-09;14;1621
7;2025-12-09;15;1762
7;2025-12-09;16;1840
7;2025-12-09;17;2386
7;2025-12-09;18;2594
7;2025-12-09;19;1676
7;2025-12-09;20;1072
7;2025-12-09;21;635
7;2025-12-09;22;303
7;2025-12-09;23;195
7;2025-12-10;0;58
7;2025-12-10;1;12
7;2025-12-10;2;0
7;2025-12-10;3;0
7;2025-12-10;4;1
7;2025-12-10;5;184
7;2025-12-10;6;586
7;2025-12-10;7;1592
7;2025-12-10;8;2470
7;2025-12-10;9;1838
7;2025-12-10;10;1650
7;2025-12-10;11;1548
7;2025-12-10;12;1673
7;2025-12-10;13;1556
7;2025-12-10;14;1607
7;2025-12-10;15;1746
7;2025-12-10;16;1824
7;2025-12-10;17;2365
7;2025-12-10;18;2571
7;2025-12-10;19;1662
7;2025-12-10;20;1063
7;2025-12-10;21;629
7;2025-12-10;22;300
7;2025-12-10;23;193
7;2025-12-11;0;56
7;2025-12-11;1;12
7;2025-12-11;2;0
7;2025-12-11;3;0
7;2025-12-11;4;1
7;2025-12-11;5;178
7;2025-12-11;6;565
7;2025-12-11;7;1535
7;2025-12-11;8;2382
7;2025-12-11;9;1772
7;2025-12-11;10;1592
7;2025-12-11;11;1493
7;2025-12-11;12;1613
7;2025-12-11;13;1500
7;2025-12-11;14;1550
7;2025-12-11;15;1684
7;2025-12-11;16;1759
7;2025-12-11;17;2281
7;2025-12-11;18;2480
7;2025-12-11;19;1602
7;2025-12-11;20;1025
7;2025-12-11;21;607
7;2025-12-11;22;289
7;2025-12-11;23;186
7;2025-12-12;0;74
7;2025-12-12;1;14
7;2025-12-12;2;0
7;2025-12-12;3;0
7;2025-12-12;4;2
7;2025-12-12;5;167
7;2025-12-12;6;572
7;2025-12-12;7;1434
7;2025-12-12;8;2172
7;2025-12-12;9;1614
7;2025-12-12;10;1653
7;2025-12-12;11;1515
7;2025-12-12;12;1597
7;2025-12-12;13;1616
7;2025-12-12;14;1667
7;2025-12-12;15;1807
7;2025-12-12;16;2018
7;2025-12-12;17;2226
7;2025-12-12;18;1917
7;2025-12-12;19;1306
7;2025-12-12;20;942
7;2025-12-12;21;568
7;2025-12-12;22;313
7;2025-12-12;23;238
7;2025-12-13;0;130
7;2025-12-13;1;29
7;2025-12-13;2;0
7;2025-12-13;3;0
7;2025-12-13;4;1
7;2025-12-13;5;53
7;2025-12-13;6;286
7;2025-12-13;7;318
7;2025-12-13;8;759
7;2025-12-13;9;613
7;2025-12-13;10;680
7;2025-12-13;11;721
7;2025-12-13;12;1004
7;2025-12-13;13;944
7;2025-12-13;14;902
7;2025-12-13;15;885
7;2025-12-13;16;884
7;2025-12-13;17;871
7;2025-12-13;18;818
7;2025-12-13;19;647
7;2025-12-13;20;573
7;2025-12-13;21;401
7;2025-12-13;22;225
7;2025-12-13;23;183
7;2025-12-14;0;100
7;2025-12-14;1;23
7;2025-12-14;2;0
7;2025-12-14;3;0
7;2025-12-14;4;1
7;2025-12-14;5;29
7;2025-12-14;6;126
7;2025-12-14;7;169
7;2025-12-14;8;380
7;2025-12-14;9;504
7;2025-12-14;10;390
7;2025-12-14;11;580
7;2025-12-14;12;627
7;2025-12-14;13;623
7;2025-12-14;14;651
7;2025-12-14;15;705
7;2025-12-14;16;607
7;2025-12-14;17;618
7;2025-12-14;18;641
7;2025-12-14;19;475
7;2025-12-14;20;392
7;2025-12-14;21;288
7;2025-12-14;22;149
7;2025-12-14;23;119
7;2025-12-15;0;59
7;2025-12-15;1;12
7;2025-12-15;2;0
7;2025-12-15;3;0
7;2025-12-15;4;1
7;2025-12-15;5;186
7;2025-12-15;6;590
7;2025-12-15;7;1604
7;2025-12-15;8;2489
7;2025-12-15;9;1852
7;2025-12-15;10;1663
7;2025-12-15;11;1560
7;2025-12-15;12;1686
7;2025-12-15;13;1568
7;2025-12-15;14;1620
7;2025-12-15;15;1760
7;2025-12-15;16;1838
7;2025-12-15;17;2383
7;2025-12-15;18;2591
7;2025-12-15;19;1674
7;2025-12-15;20;1071
7;2025-12-15;21;634
7;2025-12-15;22;302
7;2025-12-15;23;195
7;2025-12-16;0;58
7;2025-12-16;1;12
7;2025-12-16;2;0
7;2025-12-16;3;0
7;2025-12-16;4;1
7;2025-12-16;5;183
7;2025-12-16;6;582
7;2025-12-16;7;1582
7;2025-12-16;8;2453
7;2025-12-16;9;1826
7;2025-12-16;10;1640
7;2025-12-16;11;1538
7;2025-12-16;12;1662
7;2025-12-16;13;1546
7;2025-12-16;14;1597
7;2025-12-16;15;1735
7;2025-12-16;16;1812
7;2025-12-16;17;2349
7;2025-12-16;18;2554
7;2025-12-16;19;1651
7;2025-12-16;20;1056
7;2025-12-16;21;625
7;2025-12-16;22;298
7;2025-12-16;23;192
7;2025-12-17;0;59
7;2025-12-17;1;12
7;2025-12-17;2;0
7;2025-12-17;3;0
7;2025-12-17;4;1
7;2025-12-17;5;186
7;2025-12-17;6;591
7;2025-12-17;7;1606
7;2025-12-17;8;2491
7;2025-12-17;9;1854
7;2025-12-17;10;1665
7;2025-12-17;11;1562
7;2025-12-17;12;1687
7;2025-12-17;13;1570
7;2025-12-17;14;1621
7;2025-12-17;15;1762
7;2025-12-17;16;1840
7;2025-12-17;17;2386
7;2025-12-17;18;2594
7;2025-12-17;19;1676
7;2025-12-17;20;1072
7;2025-12-17;21;635
7;2025-12-17;22;303
7;2025-12-17;23;195
7;2025-12-18;0;59
7;2025-12-18;1;12
7;2025-12-18;2;0
7;2025-12-18;3;0
7;2025-12-18;4;1
7;2025-12-18;5;186
7;2025-12-18;6;591
7;2025-12-18;7;1606
7;2025-12-18;8;2491
7;2025-12-18;9;1854
7;2025-12-18;10;1665
7;2025-12-18;11;1562
7;2025-12-18;12;1687
7;2025-12-18;13;1570
7;2025-12-18;14;1621
7;2025-12-18;15;1762
7;2025-12-18;16;1840
7;2025-12-18;17;2386
7;2025-12-18;18;2594
7;2025-12-18;19;1676
7;2025-12-18;20;1072
7;2025-12-18;21;635
7;2025-12-18;22;303
7;2025-12-18;23;195
7;2025-12-19;0;77
7;2025-12-19;1;14
7;2025-12-19;2;0
7;2025-12-19;3;0
7;2025-12-19;4;2
7;2025-12-19;5;173
7;2025-12-19;6;593
7;2025-12-19;7;1485
7;2025-12-19;8;2250
7;2025-12-19;9;1672
7;2025-12-19;10;1712
7;2025-12-19;11;1569
7;2025-12-19;12;1654
7;2025-12-19;13;1674
7;2025-12-19;14;1726
7;2025-12-19;15;1872
7;2025-12-19;16;2090
7;2025-12-19;17;2306
7;2025-12-19;18;1986
7;2025-12-19;19;1352
7;2025-12-19;20;976
7;2025-12-19;21;589
7;2025-12-19;22;324
7;2025-12-19;23;246
7;2025-12-20;0;131
7;2025-12-20;1;29
7;2025-12-20;2;0
7;2025-12-20;3;0
7;2025-12-20;4;1
7;2025-12-20;5;53
7;2025-12-20;6;287
7;2025-12-20;7;320
7;2025-12-20;8;762
7;2025-12-20;9;615
7;2025-12-20;10;683
7;2025-12-20;11;724
7;2025-12-20;12;1008
7;2025-12-20;13;948
7;2025-12-20;14;906
7;2025-12-20;15;889
7;2025-12-20;16;888
7;2025-12-20;17;875
7;2025-12-20;18;821
7;2025-12-20;19;650
7;2025-12-20;20;576
7;2025-12-20;21;403
7;2025-12-20;22;226
7;2025-12-20;23;184
7;2025-12-21;0;100
7;2025-12-21;1;23
7;2025-12-21;2;0
7;2025-12-21;3;0
7;2025-12-21;4;1
7;2025-12-21;5;29
7;2025-12-21;6;125
7;2025-12-21;7;169
7;2025-12-21;8;379
7;2025-12-21;9;502
7;2025-12-21;10;389
7;2025-12-21;11;578
7;2025-12-21;12;625
7;2025-12-21;13;621
7;2025-12-21;14;649
7;2025-12-21;15;703
7;2025-12-21;16;605
7;2025-12-21;17;616
7;2025-12-21;18;639
7;2025-12-21;19;473
7;2025-12-21;20;391
7;2025-12-21;21;287
7;2025-12-21;22;149
7;2025-12-21;23;118
7;2025-12-22;0;58
7;2025-12-22;1;12
7;2025-12-22;2;0
7;2025-12-22;3;0
7;2025-12-22;4;1
7;2025-12-22;5;184
7;2025-12-22;6;586
7;2025-12-22;7;1592
7;2025-12-22;8;2470
7;2025-12-22;9;1838
7;2025-12-22;10;1650
7;2025-12-22;11;1548
7;2025-12-22;12;1673
7;2025-12-22;13;1556
7;2025-12-22;14;1607
7;2025-12-22;15;1746
7;2025-12-22;16;1824
7;2025-12-22;17;2365
7;2025-12-22;18;2571
7;2025-12-22;19;1662
7;2025-12-22;20;1063
7;2025-12-22;21;629
7;2025-12-22;22;300
7;2025-12-22;23;193
7;2025-12-23;0;57
7;2025-12-23;1;12
7;2025-12-23;2;0
7;2025-12-23;3;0
7;2025-12-23;4;1
7;2025-12-23;5;180
7;2025-12-23;6;571
7;2025-12-23;7;1552
7;2025-12-23;8;2408
7;2025-12-23;9;1792
7;2025-12-23;10;1609
7;2025-12-23;11;1509
7;2025-12-23;12;1631
7;2025-12-23;13;1517
7;2025-12-23;14;1567
7;2025-12-23;15;1703
7;2025-12-23;16;1778
7;2025-12-23;17;2306
7;2025-12-23;18;2507
7;2025-12-23;19;1620
7;2025-12-23;20;1036
7;2025-12-23;21;613
7;2025-12-23;22;292
7;2025-12-23;23;188
7;2025-12-24;0;57
7;2025-12-24;1;12
7;2025-12-24;2;0
7;2025-12-24;3;0
7;2025-12-24;4;1
7;2025-12-24;5;179
7;2025-12-24;6;568
7;2025-12-24;7;1544
7;2025-12-24;8;2395
7;2025-12-24;9;1782
7;2025-12-24;10;1601
7;2025-12-24;11;1501
7;2025-12-24;12;1622
7;2025-12-24;13;1509
7;2025-12-24;14;1559
7;2025-12-24;15;1693
7;2025-12-24;16;1768
7;2025-12-24;17;2294
7;2025-12-24;18;2494
7;2025-12-24;19;1611
7;2025-12-24;20;1031
7;2025-12-24;21;610
7;2025-12-24;22;291
7;2025-12-24;23;187
7;2025-12-25;0;58
7;2025-12-25;1;12
7;2025-12-25;2;0
7;2025-12-25;3;0
7;2025-12-25;4;1
7;2025-12-25;5;183
7;2025-12-25;6;581
7;2025-12-25;7;1578
7;2025-12-25;8;2448
7;2025-12-25;9;1822
7;2025-12-25;10;1636
7;2025-12-25;11;1534
7;2025-12-25;12;1658
7;2025-12-25;13;1542
7;2025-12-25;14;1593
7;2025-12-25;15;1731
7;2025-12-25;16;1808
7;2025-12-25;17;2344
7;2025-12-25;18;2549
7;2025-12-25;19;1647
7;2025-12-25;20;1053
7;2025-12-25;21;623
7;2025-12-25;22;297
7;2025-12-25;23;192
7;2025-12-26;0;73
7;2025-12-26;1;13
7;2025-12-26;2;0
7;2025-12-26;3;0
7;2025-12-26;4;2
7;2025-12-26;5;164
7;2025-12-26;6;562
7;2025-12-26;7;1407
7;2025-12-26;8;2132
7;2025-12-26;9;1584
7;2025-12-26;10;1622
7;2025-12-26;11;1487
7;2025-12-26;12;1568
7;2025-12-26;13;1586
7;2025-12-26;14;1636
7;2025-12-26;15;1774
7;2025-12-26;16;1980
7;2025-12-26;17;2185
7;2025-12-26;18;1881
7;2025-12-26;19;1281
7;2025-12-26;20;924
7;2025-12-26;21;558
7;2025-12-26;22;307
7;2025-12-26;23;233
7;2025-12-27;0;131
7;2025-12-27;1;29
7;2025-12-27;2;0
7;2025-12-27;3;0
7;2025-12-27;4;1
7;2025-12-27;5;53
7;2025-12-27;6;287
7;2025-12-27;7;319
7;2025-12-27;8;761
7;2025-12-27;9;614
7;2025-12-27;10;682
7;2025-12-27;11;722
7;2025-12-27;12;1006
7;2025-12-27;13;946
7;2025-12-27;14;904
7;2025-12-27;15;887
7;2025-12-27;16;886
7;2025-12-27;17;873
7;2025-12-27;18;820
7;2025-12-27;19;648
7;2025-12-27;20;574
7;2025-12-27;21;402
7;2025-12-27;22;226
7;2025-12-27;23;183
7;2025-12-28;0;98
7;2025-12-28;1;23
7;2025-12-28;2;0
7;2025-12-28;3;0
7;2025-12-28;4;1
7;2025-12-28;5;29
7;2025-12-28;6;123
7;2025-12-28;7;166
7;2025-12-28;8;373
7;2025-12-28;9;494
7;2025-12-28;10;383
7;2025-12-28;11;569
7;2025-12-28;12;614
7;2025-12-28;13;610
7;2025-12-28;14;638
7;2025-12-28;15;691
7;2025-12-28;16;596
7;2025-12-28;17;606
7;2025-12-28;18;628
7;2025-12-28;19;465
7;2025-12-28;20;385
7;2025-12-28;21;282
7;2025-12-28;22;146
7;2025-12-28;23;116
7;2025-12-29;0;51
7;2025-12-29;1;11
7;2025-12-29;2;0
7;2025-12-29;3;0
7;2025-12-29;4;1
7;2025-12-29;5;161
7;2025-12-29;6;511
7;2025-12-29;7;1389
7;2025-12-29;8;2155
7;2025-12-29;9;1603
7;2025-12-29;10;1439
7;2025-12-29;11;1350
7;2025-12-29;12;1459
7;2025-12-29;13;1358
7;2025-12-29;14;1402
7;2025-12-29;15;1523
7;2025-12-29;16;1590
7;2025-12-29;17;2063
7;2025-12-29;18;2244
7;2025-12-29;19;1449
7;2025-12-29;20;927
7;2025-12-29;21;549
7;2025-12-29;22;262
7;2025-12-29;23;169
7;2025-12-30;0;50
7;2025-12-30;1;11
7;2025-12-30;2;0
7;2025-12-30;3;0
7;2025-12-30;4;1
7;2025-12-30;5;157
7;2025-12-30;6;501
7;2025-12-30;7;1361
7;2025-12-30;8;2113
7;2025-12-30;9;1572
7;2025-12-30;10;1411
7;2025-12-30;11;1323
7;2025-12-30;12;1431
7;2025-12-30;13;1331
7;2025-12-30;14;1374
7;2025-12-30;15;1493
7;2025-12-30;16;1559
7;2025-12-30;17;2023
7;2025-12-30;18;2200
7;2025-12-30;19;1421
7;2025-12-30;20;909
7;2025-12-30;21;538
7;2025-12-30;22;257
7;2025-12-30;23;165
7;2025-12-31;0;103
7;2025-12-31;1;23
7;2025-12-31;2;0
7;2025-12-31;3;0
7;2025-12-31;4;1
7;2025-12-31;5;42
7;2025-12-31;6;226
7;2025-12-31;7;252
7;2025-12-31;8;602
7;2025-12-31;9;485
7;2025-12-31;10;538
7;2025-12-31;11;571
7;2025-12-31;12;796
7;2025-12-31;13;748
7;2025-12-31;14;715
7;2025-12-31;15;701
7;2025-12-31;16;701
7;2025-12-31;17;690
7;2025-12-31;18;648
7;2025-12-31;19;512
7;2025-12-31;20;0
7;2025-12-31;21;0
7;2025-12-31;22;0
7;2025-12-31;23;0
11;2025-11-01;0;110
11;2025-11-01;1;0
11;2025-11-01;2;0
11;2025-11-01;3;0
11;2025-11-01;4;0
11;2025-11-01;5;200
11;2025-11-01;6;1016
11;2025-11-01;7;1897
11;2025-11-01;8;2572
11;2025-11-01;9;1738
11;2025-11-01;10;1443
11;2025-11-01;11;1364
11;2025-11-01;12;1482
11;2025-11-01;13;1456
11;2025-11-01;14;1620
11;2025-11-01;15;1608
11;2025-11-01;16;1785
11;2025-11-01;17;2261
11;2025-11-01;18;1889
11;2025-11-01;19;1415
11;2025-11-01;20;1028
11;2025-11-01;21;642
11;2025-11-01;22;289
11;2025-11-01;23;261
11;2025-11-02;0;105
11;2025-11-02;1;14
11;2025-11-02;2;0
11;2025-11-02;3;0
11;2025-11-02;4;0
11;2025-11-02;5;100
11;2025-11-02;6;462
11;2025-11-02;7;458
11;2025-11-02;8;644
11;2025-11-02;9;875
11;2025-11-02;10;969
11;2025-11-02;11;1421
11;2025-11-02;12;1491
11;2025-11-02;13;1440
11;2025-11-02;14;1542
11;2025-11-02;15;1512
11;2025-11-02;16;1426
11;2025-11-02;17;1585
11;2025-11-02;18;1166
11;2025-11-02;19;931
11;2025-11-02;20;718
11;2025-11-02;21;550
11;2025-11-02;22;321
11;2025-11-02;23;223
11;2025-11-03;0;104
11;2025-11-03;1;14
11;2025-11-03;2;0
11;2025-11-03;3;0
11;2025-11-03;4;0
11;2025-11-03;5;99
11;2025-11-03;6;454
11;2025-11-03;7;450
11;2025-11-03;8;632
11;2025-11-03;9;859
11;2025-11-03;10;951
11;2025-11-03;11;1395
11;2025-11-03;12;1463
11;2025-11-03;13;1413
11;2025-11-03;14;1513
11;2025-11-03;15;1484
11;2025-11-03;16;1399
11;2025-11-03;17;1556
11;2025-11-03;18;1145
11;2025-11-03;19;914
11;2025-11-03;20;705
11;2025-11-03;21;539
11;2025-11-03;22;316
11;2025-11-03;23;219
11;2025-11-04;0;102
11;2025-11-04;1;14
11;2025-11-04;2;0
11;2025-11-04;3;0
11;2025-11-04;4;0
11;2025-11-04;5;98
11;2025-11-04;6;449
11;2025-11-04;7;445
11;2025-11-04;8;626
11;2025-11-04;9;851
11;2025-11-04;10;941
11;2025-11-04;11;1381
11;2025-11-04;12;1449
11;2025-11-04;13;1400
11;2025-11-04;14;1498
11;2025-11-04;15;1469
11;2025-11-04;16;1386
11;2025-11-04;17;1540
11;2025-11-04;18;1133
11;2025-11-04;19;905
11;2025-11-04;20;698
11;2025-11-04;21;534
11;2025-11-04;22;312
11;2025-11-04;23;217
11;2025-11-05;0;62
11;2025-11-05;1;3
11;2025-11-05;2;0
11;2025-11-05;3;0
11;2025-11-05;4;0
11;2025-11-05;5;249
11;2025-11-05;6;1337
11;2025-11-05;7;2516
11;2025-11-05;8;3277
11;2025-11-05;9;2469
11;2025-11-05;10;2054
11;2025-11-05;11;1926
11;2025-11-05;12;1978
11;2025-11-05;13;2101
11;2025-11-05;14;2075
11;2025-11-05;15;1973
11;2025-11-05;16;2215
11;2025-11-05;17;2794
11;2025-11-05;18;3128
11;2025-11-05;19;2240
11;2025-11-05;20;1396
11;2025-11-05;21;809
11;2025-11-05;22;374
11;2025-11-05;23;240
11;2025-11-06;0;61
11;2025-11-06;1;3
11;2025-11-06;2;0
11;2025-11-06;3;0
11;2025-11-06;4;0
11;2025-11-06;5;245
11;2025-11-06;6;1315
11;2025-11-06;7;2475
11;2025-11-06;8;3224
11;2025-11-06;9;2429
11;2025-11-06;10;2020
11;2025-11-06;11;1894
11;2025-11-06;12;1945
11;2025-11-06;13;2066
11;2025-11-06;14;2041
11;2025-11-06;15;1940
11;2025-11-06;16;2179
11;2025-11-06;17;2748
11;2025-11-06;18;3077
11;2025-11-06;19;2203
11;2025-11-06;20;1373
11;2025-11-06;21;796
11;2025-11-06;22;368
11;2025-11-06;23;236
11;2025-11-07;0;67
11;2025-11-07;1;2
11;2025-11-07;2;0
11;2025-11-07;3;0
11;2025-11-07;4;0
11;2025-11-07;5;248
11;2025-11-07;6;1263
11;2025-11-07;7;2358
11;2025-11-07;8;3197
11;2025-11-07;9;2161
11;2025-11-07;10;1793
11;2025-11-07;11;1695
11;2025-11-07;12;1843
11;2025-11-07;13;1810
11;2025-11-07;14;2014
11;2025-11-07;15;1999
11;2025-11-07;16;2218
11;2025-11-07;17;2811
11;2025-11-07;18;2349
11;2025-11-07;19;1759
11;2025-11-07;20;1279
11;2025-11-07;21;798
11;2025-11-07;22;360
11;2025-11-07;23;324
11;2025-11-08;0;107
11;2025-11-08;1;1
11;2025-11-08;2;0
11;2025-11-08;3;0
11;2025-11-08;4;0
11;2025-11-08;5;167
11;2025-11-08;6;828
11;2025-11-08;7;752
11;2025-11-08;8;1034
11;2025-11-08;9;1156
11;2025-11-08;10;1381
11;2025-11-08;11;1702
11;2025-11-08;12;1940
11;2025-11-08;13;1804
11;2025-11-08;14;2045
11;2025-11-08;15;1893
11;2025-11-08;16;1775
11;2025-11-08;17;1879
11;2025-11-08;18;1491
11;2025-11-08;19;1452
11;2025-11-08;20;971
11;2025-11-08;21;704
11;2025-11-08;22;411
11;2025-11-08;23;275
11;2025-11-09;0;106
11;2025-11-09;1;14
11;2025-11-09;2;0
11;2025-11-09;3;0
11;2025-11-09;4;0
11;2025-11-09;5;101
11;2025-11-09;6;463
11;2025-11-09;7;459
11;2025-11-09;8;645
11;2025-11-09;9;876
11;2025-11-09;10;970
11;2025-11-09;11;1422
11;2025-11-09;12;1492
11;2025-11-09;13;1442
11;2025-11-09;14;1543
11;2025-11-09;15;1514
11;2025-11-09;16;1427
11;2025-11-09;17;1587
11;2025-11-09;18;1168
11;2025-11-09;19;932
11;2025-11-09;20;719
11;2025-11-09;21;550
11;2025-11-09;22;322
11;2025-11-09;23;223
11;2025-11-10;0;62
11;2025-11-10;1;3
11;2025-11-10;2;0
11;2025-11-10;3;0
11;2025-11-10;4;0
11;2025-11-10;5;249
11;2025-11-10;6;1337
11;2025-11-10;7;2516
11;2025-11-10;8;3277
11;2025-11-10;9;2469
11;2025-11-10;10;2054
11;2025-11-10;11;1926
11;2025-11-10;12;1978
11;2025-11-10;13;2101
11;2025-11-10;14;2075
11;2025-11-10;15;1973
11;2025-11-10;16;2215
11;2025-11-10;17;2794
11;2025-11-10;18;3128
11;2025-11-10;19;2240
11;2025-11-10;20;1396
11;2025-11-10;21;809
11;2025-11-10;22;374
11;2025-11-10;23;240
11;2025-11-11;0;62
11;2025-11-11;1;3
11;2025-11-11;2;0
11;2025-11-11;3;0
11;2025-11-11;4;0
11;2025-11-11;5;249
11;2025-11-11;6;1337
11;2025-11-11;7;2516
11;2025-11-11;8;3277
11;2025-11-11;9;2469
11;2025-11-11;10;2054
11;2025-11-11;11;1926
11;2025-11-11;12;1978
11;2025-11-11;13;2101
11;2025-11-11;14;2075
11;2025-11-11;15;1973
11;2025-11-11;16;2215
11;2025-11-11;17;2794
11;2025-11-11;18;3128
11;2025-11-11;19;2240
11;2025-11-11;20;1396
11;2025-11-11;21;809
11;2025-11-11;22;374
11;2025-11-11;23;240
11;2025-11-12;0;61
11;2025-11-12;1;3
11;2025-11-12;2;0
11;2025-11-12;3;0
11;2025-11-12;4;0
11;2025-11-12;5;246
11;2025-11-12;6;1322
11;2025-11-12;7;2488
11;2025-11-12;8;3241
11;2025-11-12;9;2442
11;2025-11-12;10;2031
11;2025-11-12;11;1905
11;2025-11-12;12;1956
11;2025-11-12;13;2078
11;2025-11-12;14;2053
11;2025-11-12;15;1951
11;2025-11-12;16;2191
11;2025-11-12;17;2763
11;2025-11-12;18;3094
11;2025-11-12;19;2215
11;2025-11-12;20;1381
11;2025-11-12;21;800
11;2025-11-12;22;370
11;2025-11-12;23;237
11;2025-11-13;0;62
11;2025-11-13;1;3
11;2025-11-13;2;0
11;2025-11-13;3;0
11;2025-11-13;4;0
11;2025-11-13;5;248
11;2025-11-13;6;1336
11;2025-11-13;7;2513
11;2025-11-13;8;3274
11;2025-11-13;9;2466
11;2025-11-13;10;2052
11;2025-11-13;11;1924
11;2025-11-13;12;1976
11;2025-11-13;13;2098
11;2025-11-13;14;2073
11;2025-11-13;15;1971
11;2025-11-13;16;2213
11;2025-11-13;17;2791
11;2025-11-13;18;3125
11;2025-11-13;19;2237
11;2025-11-13;20;1394
11;2025-11-13;21;808
11;2025-11-13;22;373
11;2025-11-13;23;239
11;2025-11-14;0;67
11;2025-11-14;1;2
11;2025-11-14;2;0
11;2025-11-14;3;0
11;2025-11-14;4;0
11;2025-11-14;5;249
11;2025-11-14;6;1266
11;2025-11-14;7;2363
11;2025-11-14;8;3204
11;2025-11-14;9;2166
11;2025-11-14;10;1797
11;2025-11-14;11;1699
11;2025-11-14;12;1847
11;2025-11-14;13;1814
11;2025-11-14;14;2019
11;2025-11-14;15;2004
11;2025-11-14;16;2223
11;2025-11-14;17;2817
11;2025-11-14;18;2354
11;2025-11-14;19;1763
11;2025-11-14;20;1282
11;2025-11-14;21;799
11;2025-11-14;22;361
11;2025-11-14;23;325
11;2025-11-15;0;99
11;2025-11-15;1;1
11;2025-11-15;2;0
11;2025-11-15;3;0
11;2025-11-15;4;0
11;2025-11-15;5;155
11;2025-11-15;6;773
11;2025-11-15;7;702
11;2025-11-15;8;964
11;2025-11-15;9;1079
11;2025-11-15;10;1288
11;2025-11-15;11;1588
11;2025-11-15;12;1810
11;2025-11-15;13;1683
11;2025-11-15;14;1908
11;2025-11-15;15;1767
11;2025-11-15;16;1656
11;2025-11-15;17;1753
11;2025-11-15;18;1392
11;2025-11-15;19;1355
11;2025-11-15;20;906
11;2025-11-15;21;656
11;2025-11-15;22;384
11;2025-11-15;23;257
11;2025-11-16;0;106
11;2025-11-16;1;14
11;2025-11-16;2;0
11;2025-11-16;3;0
11;2025-11-16;4;0
11;2025-11-16;5;101
11;2025-11-16;6;463
11;2025-11-16;7;459
11;2025-11-16;8;645
11;2025-11-16;9;876
11;2025-11-16;10;970
11;2025-11-16;11;1422
11;2025-11-16;12;1492
11;2025-11-16;13;1442
11;2025-11-16;14;1543
11;2025-11-16;15;1514
11;2025-11-16;16;1427
11;2025-11-16;17;1587
11;2025-11-16;18;1168
11;2025-11-16;19;932
11;2025-11-16;20;719
11;2025-11-16;21;550
11;2025-11-16;22;322
11;2025-11-16;23;223
11;2025-11-17;0;60
11;2025-11-17;1;3
11;2025-11-17;2;0
11;2025-11-17;3;0
11;2025-11-17;4;0
11;2025-11-17;5;241
11;2025-11-17;6;1295
11;2025-11-17;7;2437
11;2025-11-17;8;3174
11;2025-11-17;9;2392
11;2025-11-17;10;1989
11;2025-11-17;11;1866
11;2025-11-17;12;1916
11;2025-11-17;13;2035
11;2025-11-17;14;2010
11;2025-11-17;15;1911
11;2025-11-17;16;2146
11;2025-11-17;17;2706
11;2025-11-17;18;3030
11;2025-11-17;19;2169
11;2025-11-17;20;1352
11;2025-11-17;21;784
11;2025-11-17;22;362
11;2025-11-17;23;232
11;2025-11-18;0;59
11;2025-11-18;1;3
11;2025-11-18;2;0
11;2025-11-18;3;0
11;2025-11-18;4;0
11;2025-11-18;5;236
11;2025-11-18;6;1270
11;2025-11-18;7;2389
11;2025-11-18;8;3112
11;2025-11-18;9;2345
11;2025-11-18;10;1950
11;2025-11-18;11;1829
11;2025-11-18;12;1878
11;2025-11-18;13;1995
11;2025-11-18;14;1971
11;2025-11-18;15;1873
11;2025-11-18;16;2104
11;2025-11-18;17;2653
11;2025-11-18;18;2970
11;2025-11-18;19;2127
11;2025-11-18;20;1326
11;2025-11-18;21;768
11;2025-11-18;22;355
11;2025-11-18;23;228
11;2025-11-19;0;62
11;2025-11-19;1;3
11;2025-11-19;2;0
11;2025-11-19;3;0
11;2025-11-19;4;0
11;2025-11-19;5;249
11;2025-11-19;6;1337
11;2025-11-19;7;2516
11;2025-11-19;8;3277
11;2025-11-19;9;2469
11;2025-11-19;10;2054
11;2025-11-19;11;1926
11;2025-11-19;12;1978
11;2025-11-19;13;2101
11;2025-11-19;14;2075
11;2025-11-19;15;1973
11;2025-11-19;16;2215
11;2025-11-19;17;2794
11;2025-11-19;18;3128
11;2025-11-19;19;2240
11;2025-11-19;20;1396
11;2025-11-19;21;809
11;2025-11-19;22;374
11;2025-11-19;23;240
11;2025-11-20;0;62
11;2025-11-20;1;3
11;2025-11-20;2;0
11;2025-11-20;3;0
11;2025-11-20;4;0
11;2025-11-20;5;249
11;2025-11-20;6;1337
11;2025-11-20;7;2516
11;2025-11-20;8;3277
11;2025-11-20;9;2469
11;2025-11-20;10;2054
11;2025-11-20;11;1926
11;2025-11-20;12;1978
11;2025-11-20;13;2101
11;2025-11-20;14;2075
11;2025-11-20;15;1973
11;2025-11-20;16;2215
11;2025-11-20;17;2794
11;2025-11-20;18;3128
11;2025-11-20;19;2240
11;2025-11-20;20;1396
11;2025-11-20;21;809
11;2025-11-20;22;374
11;2025-11-20;23;240
11;2025-11-21;0;67
11;2025-11-21;1;2
11;2025-11-21;2;0
11;2025-11-21;3;0
11;2025-11-21;4;0
11;2025-11-21;5;249
11;2025-11-21;6;1266
11;2025-11-21;7;2363
11;2025-11-21;8;3204
11;2025-11-21;9;2166
11;2025-11-21;10;1797
11;2025-11-21;11;1699
11;2025-11-21;12;1847
11;2025-11-21;13;1814
11;2025-11-21;14;2019
11;2025-11-21;15;2004
11;2025-11-21;16;2223
11;2025-11-21;17;2817
11;2025-11-21;18;2354
11;2025-11-21;19;1763
11;2025-11-21;20;1282
11;2025-11-21;21;799
11;2025-11-21;22;361
11;2025-11-21;23;325
11;2025-11-22;0;105
11;2025-11-22;1;1
11;2025-11-22;2;0
11;2025-11-22;3;0
11;2025-11-22;4;0
11;2025-11-22;5;165
11;2025-11-22;6;819
11;2025-11-22;7;743
11;2025-11-22;8;1021
11;2025-11-22;9;1142
11;2025-11-22;10;1364
11;2025-11-22;11;1681
11;2025-11-22;12;1917
11;2025-11-22;13;1782
11;2025-11-22;14;2020
11;2025-11-22;15;1871
11;2025-11-22;16;1753
11;2025-11-22;17;1857
11;2025-11-22;18;1474
11;2025-11-22;19;1434
11;2025-11-22;20;959
11;2025-11-22;21;695
11;2025-11-22;22;406
11;2025-11-22;23;272
11;2025-11-23;0;106
11;2025-11-23;1;14
11;2025-11-23;2;0
11;2025-11-23;3;0
11;2025-11-23;4;0
11;2025-11-23;5;101
11;2025-11-23;6;463
11;2025-11-23;7;459
11;2025-11-23;8;645
11;2025-11-23;9;876
11;2025-11-23;10;970
11;2025-11-23;11;1422
11;2025-11-23;12;1492
11;2025-11-23;13;1442
11;2025-11-23;14;1543
11;2025-11-23;15;1514
11;2025-11-23;16;1427
11;2025-11-23;17;1587
11;2025-11-23;18;1168
11;2025-11-23;19;932
11;2025-11-23;20;719
11;2025-11-23;21;550
11;2025-11-23;22;322
11;2025-11-23;23;223
11;2025-11-24;0;59
11;2025-11-24;1;3
11;2025-11-24;2;0
11;2025-11-24;3;0
11;2025-11-24;4;0
11;2025-11-24;5;238
11;2025-11-24;6;1277
11;2025-11-24;7;2402
11;2025-11-24;8;3129
11;2025-11-24;9;2358
11;2025-11-24;10;1961
11;2025-11-24;11;1839
11;2025-11-24;12;1888
11;2025-11-24;13;2006
11;2025-11-24;14;1982
11;2025-11-24;15;1884
11;2025-11-24;16;2115
11;2025-11-24;17;2668
11;2025-11-24;18;2987
11;2025-11-24;19;2139
11;2025-11-24;20;1333
11;2025-11-24;21;773
11;2025-11-24;22;357
11;2025-11-24;23;229
11;2025-11-25;0;62
11;2025-11-25;1;3
11;2025-11-25;2;0
11;2025-11-25;3;0
11;2025-11-25;4;0
11;2025-11-25;5;249
11;2025-11-25;6;1337
11;2025-11-25;7;2516
11;2025-11-25;8;3277
11;2025-11-25;9;2469
11;2025-11-25;10;2054
11;2025-11-25;11;1926
11;2025-11-25;12;1978
11;2025-11-25;13;2101
11;2025-11-25;14;2075
11;2025-11-25;15;1973
11;2025-11-25;16;2215
11;2025-11-25;17;2794
11;2025-11-25;18;3128
11;2025-11-25;19;2240
11;2025-11-25;20;1396
11;2025-11-25;21;809
11;2025-11-25;22;374
11;2025-11-25;23;240
11;2025-11-26;0;59
11;2025-11-26;1;3
11;2025-11-26;2;0
11;2025-11-26;3;0
11;2025-11-26;4;0
11;2025-11-26;5;237
11;2025-11-26;6;1273
11;2025-11-26;7;2394
11;2025-11-26;8;3119
11;2025-11-26;9;2350
11;2025-11-26;10;1955
11;2025-11-26;11;1833
11;2025-11-26;12;1882
11;2025-11-26;13;1999
11;2025-11-26;14;1975
11;2025-11-26;15;1877
11;2025-11-26;16;2108
11;2025-11-26;17;2659
11;2025-11-26;18;2977
11;2025-11-26;19;2132
11;2025-11-26;20;1329
11;2025-11-26;21;770
11;2025-11-26;22;356
11;2025-11-26;23;228
11;2025-11-27;0;60
11;2025-11-27;1;3
11;2025-11-27;2;0
11;2025-11-27;3;0
11;2025-11-27;4;0
11;2025-11-27;5;239
11;2025-11-27;6;1285
11;2025-11-27;7;2418
11;2025-11-27;8;3150
11;2025-11-27;9;2373
11;2025-11-27;10;1974
11;2025-11-27;11;1851
11;2025-11-27;12;1901
11;2025-11-27;13;2019
11;2025-11-27;14;1995
11;2025-11-27;15;1896
11;2025-11-27;16;2129
11;2025-11-27;17;2686
11;2025-11-27;18;3007
11;2025-11-27;19;2153
11;2025-11-27;20;1342
11;2025-11-27;21;778
11;2025-11-27;22;359
11;2025-11-27;23;230
11;2025-11-28;0;67
11;2025-11-28;1;2
11;2025-11-28;2;0
11;2025-11-28;3;0
11;2025-11-28;4;0
11;2025-11-28;5;250
11;2025-11-28;6;1270
11;2025-11-28;7;2371
11;2025-11-28;8;3214
11;2025-11-28;9;2173
11;2025-11-28;10;1803
11;2025-11-28;11;1705
11;2025-11-28;12;1853
11;2025-11-28;13;1820
11;2025-11-28;14;2025
11;2025-11-28;15;2010
11;2025-11-28;16;2231
11;2025-11-28;17;2827
11;2025-11-28;18;2362
11;2025-11-28;19;1769
11;2025-11-28;20;1286
11;2025-11-28;21;802
11;2025-11-28;22;362
11;2025-11-28;23;326
11;2025-11-29;0;107
11;2025-11-29;1;1
11;2025-11-29;2;0
11;2025-11-29;3;0
11;2025-11-29;4;0
11;2025-11-29;5;167
11;2025-11-29;6;828
11;2025-11-29;7;752
11;2025-11-29;8;1034
11;2025-11-29;9;1156
11;2025-11-29;10;1381
11;2025-11-29;11;1702
11;2025-11-29;12;1940
11;2025-11-29;13;1804
11;2025-11-29;14;2045
11;2025-11-29;15;1893
11;2025-11-29;16;1775
11;2025-11-29;17;1879
11;2025-11-29;18;1491
11;2025-11-29;19;1452
11;2025-11-29;20;971
11;2025-11-29;21;704
11;2025-11-29;22;411
11;2025-11-29;23;275
11;2025-11-30;0;106
11;2025-11-30;1;14
11;2025-11-30;2;0
11;2025-11-30;3;0
11;2025-11-30;4;0
11;2025-11-30;5;101
11;2025-11-30;6;463
11;2025-11-30;7;459
11;2025-11-30;8;645
11;2025-11-30;9;876
11;2025-11-30;10;970
11;2025-11-30;11;1422
11;2025-11-30;12;1492
11;2025-11-30;13;1442
11;2025-11-30;14;1543
11;2025-11-30;15;1514
11;2025-11-30;16;1427
11;2025-11-30;17;1587
11;2025-11-30;18;1168
11;2025-11-30;19;932
11;2025-11-30;20;719
11;2025-11-30;21;550
11;2025-11-30;22;322
11;2025-11-30;23;223
11;2025-12-01;0;62
11;2025-12-01;1;3
11;2025-12-01;2;0
11;2025-12-01;3;0
11;2025-12-01;4;0
11;2025-12-01;5;249
11;2025-12-01;6;1337
11;2025-12-01;7;2516
11;2025-12-01;8;3277
11;2025-12-01;9;2469
11;2025-12-01;10;2054
11;2025-12-01;11;1926
11;2025-12-01;12;1978
11;2025-12-01;13;2101
11;2025-12-01;14;2075
11;2025-12-01;15;1973
11;2025-12-01;16;2215
11;2025-12-01;17;2794
11;2025-12-01;18;3128
11;2025-12-01;19;2240
11;2025-12-01;20;1396
11;2025-12-01;21;809
11;2025-12-01;22;374
11;2025-12-01;23;240
11;2025-12-02;0;62
11;2025-12-02;1;3
11;2025-12-02;2;0
11;2025-12-02;3;0
11;2025-12-02;4;0
11;2025-12-02;5;249
11;2025-12-02;6;1337
11;2025-12-02;7;2516
11;2025-12-02;8;3277
11;2025-12-02;9;2469
11;2025-12-02;10;2054
11;2025-12-02;11;1926
11;2025-12-02;12;1978
11;2025-12-02;13;2101
11;2025-12-02;14;2075
11;2025-12-02;15;1973
11;2025-12-02;16;2215
11;2025-12-02;17;2794
11;2025-12-02;18;3128
11;2025-12-02;19;2240
11;2025-12-02;20;1396
11;2025-12-02;21;809
11;2025-12-02;22;374
11;2025-12-02;23;240
11;2025-12-03;0;62
11;2025-12-03;1;3
11;2025-12-03;2;0
11;2025-12-03;3;0
11;2025-12-03;4;0
11;2025-12-03;5;249
11;2025-12-03;6;1337
11;2025-12-03;7;2516
11;2025-12-03;8;3277
11;2025-12-03;9;2469
11;2025-12-03;10;2054
11;2025-12-03;11;1926
11;2025-12-03;12;1978
11;2025-12-03;13;2101
11;2025-12-03;14;2075
11;2025-12-03;15;1973
11;2025-12-03;16;2215
11;2025-12-03;17;2794
11;2025-12-03;18;3128
11;2025-12-03;19;2240
11;2025-12-03;20;1396
11;2025-12-03;21;809
11;2025-12-03;22;374
11;2025-12-03;23;240
11;2025-12-04;0;62
11;2025-12-04;1;3
11;2025-12-04;2;0
11;2025-12-04;3;0
11;2025-12-04;4;0
11;2025-12-04;5;249
11;2025-12-04;6;1337
11;2025-12-04;7;2516
11;2025-12-04;8;3277
11;2025-12-04;9;2469
11;2025-12-04;10;2054
11;2025-12-04;11;1926
11;2025-12-04;12;1978
11;2025-12-04;13;2101
11;2025-12-04;14;2075
11;2025-12-04;15;1973
11;2025-12-04;16;2215
11;2025-12-04;17;2794
11;2025-12-04;18;3128
11;2025-12-04;19;2240
11;2025-12-04;20;1396
11;2025-12-04;21;809
11;2025-12-04;22;374
11;2025-12-04;23;240
11;2025-12-05;0;67
11;2025-12-05;1;2
11;2025-12-05;2;0
11;2025-12-05;3;0
11;2025-12-05;4;0
11;2025-12-05;5;250
11;2025-12-05;6;1270
11;2025-12-05;7;2371
11;2025-12-05;8;3214
11;2025-12-05;9;2173
11;2025-12-05;10;1803
11;2025-12-05;11;1705
11;2025-12-05;12;1853
11;2025-12-05;13;1820
11;2025-12-05;14;2025
11;2025-12-05;15;2010
11;2025-12-05;16;2231
11;2025-12-05;17;2827
11;2025-12-05;18;2362
11;2025-12-05;19;1769
11;2025-12-05;20;1286
11;2025-12-05;21;802
11;2025-12-05;22;362
11;2025-12-05;23;326
11;2025-12-06;0;107
11;2025-12-06;1;1
11;2025-12-06;2;0
11;2025-12-06;3;0
11;2025-12-06;4;0
11;2025-12-06;5;167
11;2025-12-06;6;828
11;2025-12-06;7;752
11;2025-12-06;8;1034
11;2025-12-06;9;1156
11;2025-12-06;10;1381
11;2025-12-06;11;1702
11;2025-12-06;12;1940
11;2025-12-06;13;1804
11;2025-12-06;14;2045
11;2025-12-06;15;1893
11;2025-12-06;16;1775
11;2025-12-06;17;1879
11;2025-12-06;18;1491
11;2025-12-06;19;1452
11;2025-12-06;20;971
11;2025-12-06;21;704
11;2025-12-06;22;411
11;2025-12-06;23;275
11;2025-12-07;0;106
11;2025-12-07;1;14
11;2025-12-07;2;0
11;2025-12-07;3;0
11;2025-12-07;4;0
11;2025-12-07;5;101
11;2025-12-07;6;463
11;2025-12-07;7;459
11;2025-12-07;8;645
11;2025-12-07;9;876
11;2025-12-07;10;970
11;2025-12-07;11;1422
11;2025-12-07;12;1492
11;2025-12-07;13;1442
11;2025-12-07;14;1543
11;2025-12-07;15;1514
11;2025-12-07;16;1427
11;2025-12-07;17;1587
11;2025-12-07;18;1168
11;2025-12-07;19;932
11;2025-12-07;20;719
11;2025-12-07;21;550
11;2025-12-07;22;322
11;2025-12-07;23;223
11;2025-12-08;0;62
11;2025-12-08;1;3
11;2025-12-08;2;0
11;2025-12-08;3;0
11;2025-12-08;4;0
11;2025-12-08;5;249
11;2025-12-08;6;1337
11;2025-12-08;7;2516
11;2025-12-08;8;3277
11;2025-12-08;9;2469
11;2025-12-08;10;2054
11;2025-12-08;11;1926
11;2025-12-08;12;1978
11;2025-12-08;13;2101
11;2025-12-08;14;2075
11;2025-12-08;15;1973
11;2025-12-08;16;2215
11;2025-12-08;17;2794
11;2025-12-08;18;3128
11;2025-12-08;19;2240
11;2025-12-08;20;1396
11;2025-12-08;21;809
11;2025-12-08;22;374
11;2025-12-08;23;240
11;2025-12-09;0;62
11;2025-12-09;1;3
11;2025-12-09;2;0
11;2025-12-09;3;0
11;2025-12-09;4;0
11;2025-12-09;5;249
11;2025-12-09;6;1337
11;2025-12-09;7;2516
11;2025-12-09;8;3277
11;2025-12-09;9;2469
11;2025-12-09;10;2054
11;2025-12-09;11;1926
11;2025-12-09;12;1978
11;2025-12-09;13;2101
11;2025-12-09;14;2075
11;2025-12-09;15;1973
11;2025-12-09;16;2215
11;2025-12-09;17;2794
11;2025-12-09;18;3128
11;2025-12-09;19;2240
11;2025-12-09;20;1396
11;2025-12-09;21;809
11;2025-12-09;22;374
11;2025-12-09;23;240
11;2025-12-10;0;61
11;2025-12-10;1;3
11;2025-12-10;2;0
11;2025-12-10;3;0
11;2025-12-10;4;0
11;2025-12-10;5;247
11;2025-12-10;6;1325
11;2025-12-10;7;2494
11;2025-12-10;8;3249
11;2025-12-10;9;2448
11;2025-12-10;10;2036
11;2025-12-10;11;1909
11;2025-12-10;12;1960
11;2025-12-10;13;2082
11;2025-12-10;14;2057
11;2025-12-10;15;1955
11;2025-12-10;16;2196
11;2025-12-10;17;2770
11;2025-12-10;18;3101
11;2025-12-10;19;2220
11;2025-12-10;20;1384
11;2025-12-10;21;802
11;2025-12-10;22;370
11;2025-12-10;23;238
11;2025-12-11;0;59
11;2025-12-11;1;3
11;2025-12-11;2;0
11;2025-12-11;3;0
11;2025-12-11;4;0
11;2025-12-11;5;238
11;2025-12-11;6;1278
11;2025-12-11;7;2405
11;2025-12-11;8;3133
11;2025-12-11;9;2360
11;2025-12-11;10;1963
11;2025-12-11;11;1841
11;2025-12-11;12;1891
11;2025-12-11;13;2008
11;2025-12-11;14;1984
11;2025-12-11;15;1886
11;2025-12-11;16;2118
11;2025-12-11;17;2671
11;2025-12-11;18;2990
11;2025-12-11;19;2141
11;2025-12-11;20;1334
11;2025-12-11;21;773
11;2025-12-11;22;357
11;2025-12-11;23;229
11;2025-12-12;0;65
11;2025-12-12;1;2
11;2025-12-12;2;0
11;2025-12-12;3;0
11;2025-12-12;4;0
11;2025-12-12;5;241
11;2025-12-12;6;1223
11;2025-12-12;7;2284
11;2025-12-12;8;3096
11;2025-12-12;9;2093
11;2025-12-12;10;1737
11;2025-12-12;11;1642
11;2025-12-12;12;1785
11;2025-12-12;13;1754
11;2025-12-12;14;1951
11;2025-12-12;15;1936
11;2025-12-12;16;2149
11;2025-12-12;17;2723
11;2025-12-12;18;2275
11;2025-12-12;19;1704
11;2025-12-12;20;1239
11;2025-12-12;21;773
11;2025-12-12;22;349
11;2025-12-12;23;314
11;2025-12-13;0;106
11;2025-12-13;1;1
11;2025-12-13;2;0
11;2025-12-13;3;0
11;2025-12-13;4;0
11;2025-12-13;5;166
11;2025-12-13;6;825
11;2025-12-13;7;749
11;2025-12-13;8;1029
11;2025-12-13;9;1151
11;2025-12-13;10;1375
11;2025-12-13;11;1694
11;2025-12-13;12;1932
11;2025-12-13;13;1796
11;2025-12-13;14;2036
11;2025-12-13;15;1885
11;2025-12-13;16;1767
11;2025-12-13;17;1871
11;2025-12-13;18;1485
11;2025-12-13;19;1445
11;2025-12-13;20;966
11;2025-12-13;21;700
11;2025-12-13;22;409
11;2025-12-13;23;274
11;2025-12-14;0;105
11;2025-12-14;1;14
11;2025-12-14;2;0
11;2025-12-14;3;0
11;2025-12-14;4;0
11;2025-12-14;5;100
11;2025-12-14;6;462
11;2025-12-14;7;458
11;2025-12-14;8;644
11;2025-12-14;9;875
11;2025-12-14;10;969
11;2025-12-14;11;1421
11;2025-12-14;12;1491
11;2025-12-14;13;1440
11;2025-12-14;14;1542
11;2025-12-14;15;1512
11;2025-12-14;16;1426
11;2025-12-14;17;1585
11;2025-12-14;18;1166
11;2025-12-14;19;931
11;2025-12-14;20;718
11;2025-12-14;21;550
11;2025-12-14;22;321
11;2025-12-14;23;223
11;2025-12-15;0;62
11;2025-12-15;1;3
11;2025-12-15;2;0
11;2025-12-15;3;0
11;2025-12-15;4;0
11;2025-12-15;5;248
11;2025-12-15;6;1336
11;2025-12-15;7;2513
11;2025-12-15;8;3274
11;2025-12-15;9;2466
11;2025-12-15;10;2052
11;2025-12-15;11;1924
11;2025-12-15;12;1976
11;2025-12-15;13;2098
11;2025-12-15;14;2073
11;2025-12-15;15;1971
11;2025-12-15;16;2213
11;2025-12-15;17;2791
11;2025-12-15;18;3125
11;2025-12-15;19;2237
11;2025-12-15;20;1394
11;2025-12-15;21;808
11;2025-12-15;22;373
11;2025-12-15;23;239
11;2025-12-16;0;61
11;2025-12-16;1;3
11;2025-12-16;2;0
11;2025-12-16;3;0
11;2025-12-16;4;0
11;2025-12-16;5;245
11;2025-12-16;6;1317
11;2025-12-16;7;2477
11;2025-12-16;8;3227
11;2025-12-16;9;2431
11;2025-12-16;10;2023
11;2025-12-16;11;1897
11;2025-12-16;12;1948
11;2025-12-16;13;2069
11;2025-12-16;14;2044
11;2025-12-16;15;1943
11;2025-12-16;16;2181
11;2025-12-16;17;2751
11;2025-12-16;18;3080
11;2025-12-16;19;2205
11;2025-12-16;20;1375
11;2025-12-16;21;797
11;2025-12-16;22;368
11;2025-12-16;23;236
11;2025-12-17;0;62
11;2025-12-17;1;3
11;2025-12-17;2;0
11;2025-12-17;3;0
11;2025-12-17;4;0
11;2025-12-17;5;249
11;2025-12-17;6;1337
11;2025-12-17;7;2516
11;2025-12-17;8;3277
11;2025-12-17;9;2469
11;2025-12-17;10;2054
11;2025-12-17;11;1926
11;2025-12-17;12;1978
11;2025-12-17;13;2101
11;2025-12-17;14;2075
11;2025-12-17;15;1973
11;2025-12-17;16;2215
11;2025-12-17;17;2794
11;2025-12-17;18;3128
11;2025-12-17;19;2240
11;2025-12-17;20;1396
11;2025-12-17;21;809
11;2025-12-17;22;374
11;2025-12-17;23;240
11;2025-12-18;0;62
11;2025-12-18;1;3
11;2025-12-18;2;0
11;2025-12-18;3;0
11;2025-12-18;4;0
11;2025-12-18;5;249
11;2025-12-18;6;1337
11;2025-12-18;7;2516
11;2025-12-18;8;3277
11;2025-12-18;9;2469
11;2025-12-18;10;2054
11;2025-12-18;11;1926
11;2025-12-18;12;1978
11;2025-12-18;13;2101
11;2025-12-18;14;2075
11;2025-12-18;15;1973
11;2025-12-18;16;2215
11;2025-12-18;17;2794
11;2025-12-18;18;3128
11;2025-12-18;19;2240
11;2025-12-18;20;1396
11;2025-12-18;21;809
11;2025-12-18;22;374
11;2025-12-18;23;240
11;2025-12-19;0;67
11;2025-12-19;1;2
11;2025-12-19;2;0
11;2025-12-19;3;0
11;2025-12-19;4;0
11;2025-12-19;5;249
11;2025-12-19;6;1267
11;2025-12-19;7;2365
11;2025-12-19;8;3207
11;2025-12-19;9;2168
11;2025-12-19;10;1799
11;2025-12-19;11;1701
11;2025-12-19;12;1849
11;2025-12-19;13;1816
11;2025-12-19;14;2021
11;2025-12-19;15;2006
11;2025-12-19;16;2226
11;2025-12-19;17;2820
11;2025-12-19;18;2356
11;2025-12-19;19;1765
11;2025-12-19;20;1284
11;2025-12-19;21;800
11;2025-12-19;22;362
11;2025-12-19;23;325
11;2025-12-20;0;107
11;2025-12-20;1;1
11;2025-12-20;2;0
11;2025-12-20;3;0
11;2025-12-20;4;0
11;2025-12-20;5;167
11;2025-12-20;6;828
11;2025-12-20;7;752
11;2025-12-20;8;1034
11;2025-12-20;9;1156
11;2025-12-20;10;1381
11;2025-12-20;11;1702
11;2025-12-20;12;1940
11;2025-12-20;13;1804
11;2025-12-20;14;2045
11;2025-12-20;15;1893
11;2025-12-20;16;1775
11;2025-12-20;17;1879
11;2025-12-20;18;1491
11;2025-12-20;19;1452
11;2025-12-20;20;971
11;2025-12-20;21;704
11;2025-12-20;22;411
11;2025-12-20;23;275
11;2025-12-21;0;105
11;2025-12-21;1;14
11;2025-12-21;2;0
11;2025-12-21;3;0
11;2025-12-21;4;0
11;2025-12-21;5;100
11;2025-12-21;6;461
11;2025-12-21;7;457
11;2025-12-21;8;642
11;2025-12-21;9;872
11;2025-12-21;10;965
11;2025-12-21;11;1416
11;2025-12-21;12;1486
11;2025-12-21;13;1435
11;2025-12-21;14;1536
11;2025-12-21;15;1507
11;2025-12-21;16;1421
11;2025-12-21;17;1580
11;2025-12-21;18;1162
11;2025-12-21;19;928
11;2025-12-21;20;716
11;2025-12-21;21;548
11;2025-12-21;22;320
11;2025-12-21;23;222
11;2025-12-22;0;61
11;2025-12-22;1;3
11;2025-12-22;2;0
11;2025-12-22;3;0
11;2025-12-22;4;0
11;2025-12-22;5;247
11;2025-12-22;6;1325
11;2025-12-22;7;2494
11;2025-12-22;8;3249
11;2025-12-22;9;2448
11;2025-12-22;10;2036
11;2025-12-22;11;1909
11;2025-12-22;12;1960
11;2025-12-22;13;2082
11;2025-12-22;14;2057
11;2025-12-22;15;1955
11;2025-12-22;16;2196
11;2025-12-22;17;2770
11;2025-12-22;18;3101
11;2025-12-22;19;2220
11;2025-12-22;20;1384
11;2025-12-22;21;802
11;2025-12-22;22;370
11;2025-12-22;23;238
11;2025-12-23;0;60
11;2025-12-23;1;3
11;2025-12-23;2;0
11;2025-12-23;3;0
11;2025-12-23;4;0
11;2025-12-23;5;240
11;2025-12-23;6;1292
11;2025-12-23;7;2432
11;2025-12-23;8;3168
11;2025-12-23;9;2387
11;2025-12-23;10;1985
11;2025-12-23;11;1862
11;2025-12-23;12;1912
11;2025-12-23;13;2030
11;2025-12-23;14;2006
11;2025-12-23;15;1907
11;2025-12-23;16;2141
11;2025-12-23;17;2701
11;2025-12-23;18;3024
11;2025-12-23;19;2165
11;2025-12-23;20;1349
11;2025-12-23;21;782
11;2025-12-23;22;361
11;2025-12-23;23;232
11;2025-12-24;0;60
11;2025-12-24;1;3
11;2025-12-24;2;0
11;2025-12-24;3;0
11;2025-12-24;4;0
11;2025-12-24;5;239
11;2025-12-24;6;1285
11;2025-12-24;7;2418
11;2025-12-24;8;3150
11;2025-12-24;9;2374
11;2025-12-24;10;1974
11;2025-12-24;11;1851
11;2025-12-24;12;1901
11;2025-12-24;13;2019
11;2025-12-24;14;1995
11;2025-12-24;15;1896
11;2025-12-24;16;2130
11;2025-12-24;17;2686
11;2025-12-24;18;3007
11;2025-12-24;19;2153
11;2025-12-24;20;1342
11;2025-12-24;21;778
11;2025-12-24;22;359
11;2025-12-24;23;230
11;2025-12-25;0;61
11;2025-12-25;1;3
11;2025-12-25;2;0
11;2025-12-25;3;0
11;2025-12-25;4;0
11;2025-12-25;5;244
11;2025-12-25;6;1314
11;2025-12-25;7;2472
11;2025-12-25;8;3220
11;2025-12-25;9;2426
11;2025-12-25;10;2018
11;2025-12-25;11;1892
11;2025-12-25;12;1943
11;2025-12-25;13;2064
11;2025-12-25;14;2039
11;2025-12-25;15;1938
11;2025-12-25;16;2177
11;2025-12-25;17;2745
11;2025-12-25;18;3074
11;2025-12-25;19;2201
11;2025-12-25;20;1372
11;2025-12-25;21;795
11;2025-12-25;22;367
11;2025-12-25;23;235
11;2025-12-26;0;63
11;2025-12-26;1;2
11;2025-12-26;2;0
11;2025-12-26;3;0
11;2025-12-26;4;0
11;2025-12-26;5;236
11;2025-12-26;6;1201
11;2025-12-26;7;2241
11;2025-12-26;8;3039
11;2025-12-26;9;2054
11;2025-12-26;10;1705
11;2025-12-26;11;1612
11;2025-12-26;12;1752
11;2025-12-26;13;1721
11;2025-12-26;14;1915
11;2025-12-26;15;1901
11;2025-12-26;16;2109
11;2025-12-26;17;2672
11;2025-12-26;18;2233
11;2025-12-26;19;1672
11;2025-12-26;20;1216
11;2025-12-26;21;758
11;2025-12-26;22;343
11;2025-12-26;23;308
11;2025-12-27;0;106
11;2025-12-27;1;1
11;2025-12-27;2;0
11;2025-12-27;3;0
11;2025-12-27;4;0
11;2025-12-27;5;166
11;2025-12-27;6;827
11;2025-12-27;7;751
11;2025-12-27;8;1031
11;2025-12-27;9;1154
11;2025-12-27;10;1378
11;2025-12-27;11;1698
11;2025-12-27;12;1936
11;2025-12-27;13;1800
11;2025-12-27;14;2040
11;2025-12-27;15;1889
11;2025-12-27;16;1771
11;2025-12-27;17;1875
11;2025-12-27;18;1488
11;2025-12-27;19;1449
11;2025-12-27;20;968
11;2025-12-27;21;702
11;2025-12-27;22;410
11;2025-12-27;23;275
11;2025-12-28;0;103
11;2025-12-28;1;14
11;2025-12-28;2;0
11;2025-12-28;3;0
11;2025-12-28;4;0
11;2025-12-28;5;98
11;2025-12-28;6;453
11;2025-12-28;7;449
11;2025-12-28;8;631
11;2025-12-28;9;858
11;2025-12-28;10;950
11;2025-12-28;11;1393
11;2025-12-28;12;1462
11;2025-12-28;13;1412
11;2025-12-28;14;1511
11;2025-12-28;15;1482
11;2025-12-28;16;1398
11;2025-12-28;17;1554
11;2025-12-28;18;1143
11;2025-12-28;19;913
11;2025-12-28;20;704
11;2025-12-28;21;539
11;2025-12-28;22;315
11;2025-12-28;23;219
11;2025-12-29;0;54
11;2025-12-29;1;3
11;2025-12-29;2;0
11;2025-12-29;3;0
11;2025-12-29;4;0
11;2025-12-29;5;215
11;2025-12-29;6;1156
11;2025-12-29;7;2176
11;2025-12-29;8;2833
11;2025-12-29;9;2135
11;2025-12-29;10;1776
11;2025-12-29;11;1666
11;2025-12-29;12;1710
11;2025-12-29;13;1817
11;2025-12-29;14;1794
11;2025-12-29;15;1706
11;2025-12-29;16;1915
11;2025-12-29;17;2416
11;2025-12-29;18;2704
11;2025-12-29;19;1936
11;2025-12-29;20;1207
11;2025-12-29;21;700
11;2025-12-29;22;323
11;2025-12-29;23;206
11;2025-12-30;0;53
11;2025-12-30;1;3
11;2025-12-30;2;0
11;2025-12-30;3;0
11;2025-12-30;4;0
11;2025-12-30;5;211
11;2025-12-30;6;1134
11;2025-12-30;7;2133
11;2025-12-30;8;2778
11;2025-12-30;9;2093
11;2025-12-30;10;1741
11;2025-12-30;11;1633
11;2025-12-30;12;1676
11;2025-12-30;13;1781
11;2025-12-30;14;1758
11;2025-12-30;15;1672
11;2025-12-30;16;1878
11;2025-12-30;17;2369
11;2025-12-30;18;2651
11;2025-12-30;19;1898
11;2025-12-30;20;1183
11;2025-12-30;21;687
11;2025-12-30;22;317
11;2025-12-30;23;202
11;2025-12-31;0;84
11;2025-12-31;1;1
11;2025-12-31;2;0
11;2025-12-31;3;0
11;2025-12-31;4;0
11;2025-12-31;5;131
11;2025-12-31;6;654
11;2025-12-31;7;594
11;2025-12-31;8;815
11;2025-12-31;9;913
11;2025-12-31;10;1089
11;2025-12-31;11;1342
11;2025-12-31;12;1530
11;2025-12-31;13;1423
11;2025-12-31;14;1612
11;2025-12-31;15;1493
11;2025-12-31;16;1399
11;2025-12-31;17;1482
11;2025-12-31;18;1176
11;2025-12-31;19;1145
11;2025-12-31;20;0
11;2025-12-31;21;0
11;2025-12-31;22;0
11;2025-12-31;23;0
12;2025-11-01;0;30
12;2025-11-01;1;3
12;2025-11-01;2;0
12;2025-11-01;3;0
12;2025-11-01;4;4
12;2025-11-01;5;271
12;2025-11-01;6;1173
12;2025-11-01;7;2249
12;2025-11-01;8;2777
12;2025-11-01;9;2083
12;2025-11-01;10;1567
12;2025-11-01;11;1556
12;2025-11-01;12;1591
12;2025-11-01;13;1802
12;2025-11-01;14;1631
12;2025-11-01;15;1831
12;2025-11-01;16;2405
12;2025-11-01;17;2403
12;2025-11-01;18;2109
12;2025-11-01;19;1738
12;2025-11-01;20;1138
12;2025-11-01;21;827
12;2025-11-01;22;415
12;2025-11-01;23;275
12;2025-11-02;0;83
12;2025-11-02;1;3
12;2025-11-02;2;0
12;2025-11-02;3;0
12;2025-11-02;4;3
12;2025-11-02;5;132
12;2025-11-02;6;520
12;2025-11-02;7;708
12;2025-11-02;8;722
12;2025-11-02;9;907
12;2025-11-02;10;1145
12;2025-11-02;11;1247
12;2025-11-02;12;1324
12;2025-11-02;13;1555
12;2025-11-02;14;1455
12;2025-11-02;15;1487
12;2025-11-02;16;1489
12;2025-11-02;17;1541
12;2025-11-02;18;1338
12;2025-11-02;19;996
12;2025-11-02;20;776
12;2025-11-02;21;594
12;2025-11-02;22;388
12;2025-11-02;23;196
12;2025-11-03;0;82
12;2025-11-03;1;3
12;2025-11-03;2;0
12;2025-11-03;3;0
12;2025-11-03;4;3
12;2025-11-03;5;129
12;2025-11-03;6;511
12;2025-11-03;7;695
12;2025-11-03;8;709
12;2025-11-03;9;890
12;2025-11-03;10;1124
12;2025-11-03;11;1224
12;2025-11-03;12;1300
12;2025-11-03;13;1526
12;2025-11-03;14;1428
12;2025-11-03;15;1459
12;2025-11-03;16;1461
12;2025-11-03;17;1512
12;2025-11-03;18;1313
12;2025-11-03;19;977
12;2025-11-03;20;761
12;2025-11-03;21;583
12;2025-11-03;22;381
12;2025-11-03;23;192
12;2025-11-04;0;81
12;2025-11-04;1;3
12;2025-11-04;2;0
12;2025-11-04;3;0
12;2025-11-04;4;3
12;2025-11-04;5;128
12;2025-11-04;6;506
12;2025-11-04;7;688
12;2025-11-04;8;702
12;2025-11-04;9;881
12;2025-11-04;10;1113
12;2025-11-04;11;1212
12;2025-11-04;12;1287
12;2025-11-04;13;1511
12;2025-11-04;14;1414
12;2025-11-04;15;1445
12;2025-11-04;16;1447
12;2025-11-04;17;1497
12;2025-11-04;18;1300
12;2025-11-04;19;968
12;2025-11-04;20;754
12;2025-11-04;21;578
12;2025-11-04;22;377
12;2025-11-04;23;190
12;2025-11-05;0;55
12;2025-11-05;1;2
12;2025-11-05;2;0
12;2025-11-05;3;0
12;2025-11-05;4;7
12;2025-11-05;5;321
12;2025-11-05;6;1463
12;2025-11-05;7;2764
12;2025-11-05;8;3716
12;2025-11-05;9;2622
12;2025-11-05;10;2124
12;2025-11-05;11;1986
12;2025-11-05;12;2096
12;2025-11-05;13;2115
12;2025-11-05;14;2008
12;2025-11-05;15;2245
12;2025-11-05;16;2737
12;2025-11-05;17;3052
12;2025-11-05;18;3236
12;2025-11-05;19;2418
12;2025-11-05;20;1591
12;2025-11-05;21;985
12;2025-11-05;22;495
12;2025-11-05;23;259
12;2025-11-06;0;54
12;2025-11-06;1;2
12;2025-11-06;2;0
12;2025-11-06;3;0
12;2025-11-06;4;7
12;2025-11-06;5;316
12;2025-11-06;6;1439
12;2025-11-06;7;2718
12;2025-11-06;8;3655
12;2025-11-06;9;2580
12;2025-11-06;10;2089
12;2025-11-06;11;1953
12;2025-11-06;12;2061
12;2025-11-06;13;2080
12;2025-11-06;14;1975
12;2025-11-06;15;2208
12;2025-11-06;16;2692
12;2025-11-06;17;3002
12;2025-11-06;18;3183
12;2025-11-06;19;2379
12;2025-11-06;20;1565
12;2025-11-06;21;969
12;2025-11-06;22;487
12;2025-11-06;23;255
12;2025-11-07;0;57
12;2025-11-07;1;1
12;2025-11-07;2;0
12;2025-11-07;3;0
12;2025-11-07;4;5
12;2025-11-07;5;336
12;2025-11-07;6;1458
12;2025-11-07;7;2796
12;2025-11-07;8;3451
12;2025-11-07;9;2590
12;2025-11-07;10;1948
12;2025-11-07;11;1935
12;2025-11-07;12;1978
12;2025-11-07;13;2241
12;2025-11-07;14;2027
12;2025-11-07;15;2276
12;2025-11-07;16;2990
12;2025-11-07;17;2987
12;2025-11-07;18;2621
12;2025-11-07;19;2161
12;2025-11-07;20;1415
12;2025-11-07;21;1029
12;2025-11-07;22;516
12;2025-11-07;23;341
12;2025-11-08;0;68
12;2025-11-08;1;2
12;2025-11-08;2;0
12;2025-11-08;3;0
12;2025-11-08;4;2
12;2025-11-08;5;227
12;2025-11-08;6;806
12;2025-11-08;7;916
12;2025-11-08;8;1068
12;2025-11-08;9;1272
12;2025-11-08;10;1512
12;2025-11-08;11;1533
12;2025-11-08;12;1574
12;2025-11-08;13;1786
12;2025-11-08;14;1613
12;2025-11-08;15;1585
12;2025-11-08;16;1707
12;2025-11-08;17;1635
12;2025-11-08;18;1624
12;2025-11-08;19;1366
12;2025-11-08;20;959
12;2025-11-08;21;779
12;2025-11-08;22;396
12;2025-11-08;23;297
12;2025-11-09;0;83
12;2025-11-09;1;3
12;2025-11-09;2;0
12;2025-11-09;3;0
12;2025-11-09;4;3
12;2025-11-09;5;132
12;2025-11-09;6;521
12;2025-11-09;7;709
12;2025-11-09;8;723
12;2025-11-09;9;908
12;2025-11-09;10;1146
12;2025-11-09;11;1249
12;2025-11-09;12;1326
12;2025-11-09;13;1556
12;2025-11-09;14;1457
12;2025-11-09;15;1488
12;2025-11-09;16;1490
12;2025-11-09;17;1542
12;2025-11-09;18;1339
12;2025-11-09;19;997
12;2025-11-09;20;777
12;2025-11-09;21;595
12;2025-11-09;22;389
12;2025-11-09;23;196
12;2025-11-10;0;55
12;2025-11-10;1;2
12;2025-11-10;2;0
12;2025-11-10;3;0
12;2025-11-10;4;7
12;2025-11-10;5;321
12;2025-11-10;6;1463
12;2025-11-10;7;2764
12;2025-11-10;8;3716
12;2025-11-10;9;2622
12;2025-11-10;10;2124
12;2025-11-10;11;1986
12;2025-11-10;12;2096
12;2025-11-10;13;2115
12;2025-11-10;14;2008
12;2025-11-10;15;2245
12;2025-11-10;16;2737
12;2025-11-10;17;3052
12;2025-11-10;18;3236
12;2025-11-10;19;2418
12;2025-11-10;20;1591
12;2025-11-10;21;985
12;2025-11-10;22;495
12;2025-11-10;23;259
12;2025-11-11;0;55
12;2025-11-11;1;2
12;2025-11-11;2;0
12;2025-11-11;3;0
12;2025-11-11;4;7
12;2025-11-11;5;321
12;2025-11-11;6;1463
12;2025-11-11;7;2764
12;2025-11-11;8;3716
12;2025-11-11;9;2622
12;2025-11-11;10;2124
12;2025-11-11;11;1986
12;2025-11-11;12;2096
12;2025-11-11;13;2115
12;2025-11-11;14;2008
12;2025-11-11;15;2245
12;2025-11-11;16;2737
12;2025-11-11;17;3052
12;2025-11-11;18;3236
12;2025-11-11;19;2418
12;2025-11-11;20;1591
12;2025-11-11;21;985
12;2025-11-11;22;495
12;2025-11-11;23;259
12;2025-11-12;0;54
12;2025-11-12;1;2
12;2025-11-12;2;0
12;2025-11-12;3;0
12;2025-11-12;4;7
12;2025-11-12;5;317
12;2025-11-12;6;1447
12;2025-11-12;7;2733
12;2025-11-12;8;3675
12;2025-11-12;9;2594
12;2025-11-12;10;2101
12;2025-11-12;11;1964
12;2025-11-12;12;2073
12;2025-11-12;13;2092
12;2025-11-12;14;1986
12;2025-11-12;15;2220
12;2025-11-12;16;2707
12;2025-11-12;17;3019
12;2025-11-12;18;3200
12;2025-11-12;19;2392
12;2025-11-12;20;1574
12;2025-11-12;21;974
12;2025-11-12;22;490
12;2025-11-12;23;256
12;2025-11-13;0;55
12;2025-11-13;1;2
12;2025-11-13;2;0
12;2025-11-13;3;0
12;2025-11-13;4;7
12;2025-11-13;5;320
12;2025-11-13;6;1461
12;2025-11-13;7;2761
12;2025-11-13;8;3712
12;2025-11-13;9;2620
12;2025-11-13;10;2122
12;2025-11-13;11;1984
12;2025-11-13;12;2093
12;2025-11-13;13;2113
12;2025-11-13;14;2006
12;2025-11-13;15;2242
12;2025-11-13;16;2734
12;2025-11-13;17;3049
12;2025-11-13;18;3232
12;2025-11-13;19;2416
12;2025-11-13;20;1589
12;2025-11-13;21;984
12;2025-11-13;22;495
12;2025-11-13;23;259
12;2025-11-14;0;57
12;2025-11-14;1;1
12;2025-11-14;2;0
12;2025-11-14;3;0
12;2025-11-14;4;5
12;2025-11-14;5;337
12;2025-11-14;6;1461
12;2025-11-14;7;2802
12;2025-11-14;8;3459
12;2025-11-14;9;2596
12;2025-11-14;10;1952
12;2025-11-14;11;1939
12;2025-11-14;12;1982
12;2025-11-14;13;2245
12;2025-11-14;14;2032
12;2025-11-14;15;2281
12;2025-11-14;16;2996
12;2025-11-14;17;2993
12;2025-11-14;18;2627
12;2025-11-14;19;2166
12;2025-11-14;20;1418
12;2025-11-14;21;1031
12;2025-11-14;22;517
12;2025-11-14;23;342
12;2025-11-15;0;63
12;2025-11-15;1;2
12;2025-11-15;2;0
12;2025-11-15;3;0
12;2025-11-15;4;2
12;2025-11-15;5;212
12;2025-11-15;6;752
12;2025-11-15;7;854
12;2025-11-15;8;997
12;2025-11-15;9;1187
12;2025-11-15;10;1411
12;2025-11-15;11;1430
12;2025-11-15;12;1468
12;2025-11-15;13;1666
12;2025-11-15;14;1505
12;2025-11-15;15;1479
12;2025-11-15;16;1592
12;2025-11-15;17;1525
12;2025-11-15;18;1516
12;2025-11-15;19;1274
12;2025-11-15;20;895
12;2025-11-15;21;727
12;2025-11-15;22;369
12;2025-11-15;23;278
12;2025-11-16;0;83
12;2025-11-16;1;3
12;2025-11-16;2;0
12;2025-11-16;3;0
12;2025-11-16;4;3
12;2025-11-16;5;132
12;2025-11-16;6;521
12;2025-11-16;7;709
12;2025-11-16;8;723
12;2025-11-16;9;908
12;2025-11-16;10;1146
12;2025-11-16;11;1249
12;2025-11-16;12;1326
12;2025-11-16;13;1556
12;2025-11-16;14;1457
12;2025-11-16;15;1488
12;2025-11-16;16;1490
12;2025-11-16;17;1542
12;2025-11-16;18;1339
12;2025-11-16;19;997
12;2025-11-16;20;777
12;2025-11-16;21;595
12;2025-11-16;22;389
12;2025-11-16;23;196
12;2025-11-17;0;53
12;2025-11-17;1;2
12;2025-11-17;2;0
12;2025-11-17;3;0
12;2025-11-17;4;7
12;2025-11-17;5;311
12;2025-11-17;6;1417
12;2025-11-17;7;2677
12;2025-11-17;8;3599
12;2025-11-17;9;2540
12;2025-11-17;10;2057
12;2025-11-17;11;1924
12;2025-11-17;12;2030
12;2025-11-17;13;2048
12;2025-11-17;14;1945
12;2025-11-17;15;2174
12;2025-11-17;16;2651
12;2025-11-17;17;2956
12;2025-11-17;18;3134
12;2025-11-17;19;2342
12;2025-11-17;20;1541
12;2025-11-17;21;954
12;2025-11-17;22;480
12;2025-11-17;23;251
12;2025-11-18;0;52
12;2025-11-18;1;2
12;2025-11-18;2;0
12;2025-11-18;3;0
12;2025-11-18;4;7
12;2025-11-18;5;305
12;2025-11-18;6;1389
12;2025-11-18;7;2624
12;2025-11-18;8;3529
12;2025-11-18;9;2490
12;2025-11-18;10;2017
12;2025-11-18;11;1886
12;2025-11-18;12;1990
12;2025-11-18;13;2008
12;2025-11-18;14;1907
12;2025-11-18;15;2132
12;2025-11-18;16;2599
12;2025-11-18;17;2898
12;2025-11-18;18;3073
12;2025-11-18;19;2297
12;2025-11-18;20;1511
12;2025-11-18;21;935
12;2025-11-18;22;470
12;2025-11-18;23;246
12;2025-11-19;0;55
12;2025-11-19;1;2
12;2025-11-19;2;0
12;2025-11-19;3;0
12;2025-11-19;4;7
12;2025-11-19;5;321
12;2025-11-19;6;1463
12;2025-11-19;7;2764
12;2025-11-19;8;3716
12;2025-11-19;9;2622
12;2025-11-19;10;2124
12;2025-11-19;11;1986
12;2025-11-19;12;2096
12;2025-11-19;13;2115
12;2025-11-19;14;2008
12;2025-11-19;15;2245
12;2025-11-19;16;2737
12;2025-11-19;17;3052
12;2025-11-19;18;3236
12;2025-11-19;19;2418
12;2025-11-19;20;1591
12;2025-11-19;21;985
12;2025-11-19;22;495
12;2025-11-19;23;259
12;2025-11-20;0;55
12;2025-11-20;1;2
12;2025-11-20;2;0
12;2025-11-20;3;0
12;2025-11-20;4;7
12;2025-11-20;5;321
12;2025-11-20;6;1463
12;2025-11-20;7;2764
12;2025-11-20;8;3716
12;2025-11-20;9;2622
12;2025-11-20;10;2124
12;2025-11-20;11;1986
12;2025-11-20;12;2096
12;2025-11-20;13;2115
12;2025-11-20;14;2008
12;2025-11-20;15;2245
12;2025-11-20;16;2737
12;2025-11-20;17;3052
12;2025-11-20;18;3236
12;2025-11-20;19;2418
12;2025-11-20;20;1591
12;2025-11-20;21;985
12;2025-11-20;22;495
12;2025-11-20;23;259
12;2025-11-21;0;57
12;2025-11-21;1;1
12;2025-11-21;2;0
12;2025-11-21;3;0
12;2025-11-21;4;5
12;2025-11-21;5;337
12;2025-11-21;6;1461
12;2025-11-21;7;2802
12;2025-11-21;8;3459
12;2025-11-21;9;2596
12;2025-11-21;10;1952
12;2025-11-21;11;1939
12;2025-11-21;12;1982
12;2025-11-21;13;2245
12;2025-11-21;14;2032
12;2025-11-21;15;2281
12;2025-11-21;16;2996
12;2025-11-21;17;2993
12;2025-11-21;18;2627
12;2025-11-21;19;2166
12;2025-11-21;20;1418
12;2025-11-21;21;1031
12;2025-11-21;22;517
12;2025-11-21;23;342
12;2025-11-22;0;67
12;2025-11-22;1;2
12;2025-11-22;2;0
12;2025-11-22;3;0
12;2025-11-22;4;2
12;2025-11-22;5;225
12;2025-11-22;6;796
12;2025-11-22;7;905
12;2025-11-22;8;1055
12;2025-11-22;9;1257
12;2025-11-22;10;1494
12;2025-11-22;11;1515
12;2025-11-22;12;1555
12;2025-11-22;13;1764
12;2025-11-22;14;1594
12;2025-11-22;15;1566
12;2025-11-22;16;1686
12;2025-11-22;17;1615
12;2025-11-22;18;1605
12;2025-11-22;19;1349
12;2025-11-22;20;948
12;2025-11-22;21;769
12;2025-11-22;22;391
12;2025-11-22;23;294
12;2025-11-23;0;83
12;2025-11-23;1;3
12;2025-11-23;2;0
12;2025-11-23;3;0
12;2025-11-23;4;3
12;2025-11-23;5;132
12;2025-11-23;6;521
12;2025-11-23;7;709
12;2025-11-23;8;723
12;2025-11-23;9;908
12;2025-11-23;10;1146
12;2025-11-23;11;1249
12;2025-11-23;12;1326
12;2025-11-23;13;1556
12;2025-11-23;14;1457
12;2025-11-23;15;1488
12;2025-11-23;16;1490
12;2025-11-23;17;1542
12;2025-11-23;18;1339
12;2025-11-23;19;997
12;2025-11-23;20;777
12;2025-11-23;21;595
12;2025-11-23;22;389
12;2025-11-23;23;196
12;2025-11-24;0;52
12;2025-11-24;1;2
12;2025-11-24;2;0
12;2025-11-24;3;0
12;2025-11-24;4;7
12;2025-11-24;5;306
12;2025-11-24;6;1397
12;2025-11-24;7;2639
12;2025-11-24;8;3548
12;2025-11-24;9;2504
12;2025-11-24;10;2028
12;2025-11-24;11;1896
12;2025-11-24;12;2001
12;2025-11-24;13;2019
12;2025-11-24;14;1918
12;2025-11-24;15;2143
12;2025-11-24;16;2614
12;2025-11-24;17;2914
12;2025-11-24;18;3090
12;2025-11-24;19;2309
12;2025-11-24;20;1519
12;2025-11-24;21;940
12;2025-11-24;22;473
12;2025-11-24;23;247
12;2025-11-25;0;55
12;2025-11-25;1;2
12;2025-11-25;2;0
12;2025-11-25;3;0
12;2025-11-25;4;7
12;2025-11-25;5;321
12;2025-11-25;6;1463
12;2025-11-25;7;2764
12;2025-11-25;8;3716
12;2025-11-25;9;2622
12;2025-11-25;10;2124
12;2025-11-25;11;1986
12;2025-11-25;12;2096
12;2025-11-25;13;2115
12;2025-11-25;14;2008
12;2025-11-25;15;2245
12;2025-11-25;16;2737
12;2025-11-25;17;3052
12;2025-11-25;18;3236
12;2025-11-25;19;2418
12;2025-11-25;20;1591
12;2025-11-25;21;985
12;2025-11-25;22;495
12;2025-11-25;23;259
12;2025-11-26;0;52
12;2025-11-26;1;2
12;2025-11-26;2;0
12;2025-11-26;3;0
12;2025-11-26;4;7
12;2025-11-26;5;305
12;2025-11-26;6;1392
12;2025-11-26;7;2630
12;2025-11-26;8;3536
12;2025-11-26;9;2496
12;2025-11-26;10;2021
12;2025-11-26;11;1890
12;2025-11-26;12;1994
12;2025-11-26;13;2013
12;2025-11-26;14;1911
12;2025-11-26;15;2136
12;2025-11-26;16;2605
12;2025-11-26;17;2905
12;2025-11-26;18;3079
12;2025-11-26;19;2302
12;2025-11-26;20;1514
12;2025-11-26;21;937
12;2025-11-26;22;472
12;2025-11-26;23;246
12;2025-11-27;0;53
12;2025-11-27;1;2
12;2025-11-27;2;0
12;2025-11-27;3;0
12;2025-11-27;4;7
12;2025-11-27;5;308
12;2025-11-27;6;1406
12;2025-11-27;7;2656
12;2025-11-27;8;3572
12;2025-11-27;9;2521
12;2025-11-27;10;2042
12;2025-11-27;11;1909
12;2025-11-27;12;2014
12;2025-11-27;13;2033
12;2025-11-27;14;1930
12;2025-11-27;15;2158
12;2025-11-27;16;2631
12;2025-11-27;17;2933
12;2025-11-27;18;3110
12;2025-11-27;19;2324
12;2025-11-27;20;1529
12;2025-11-27;21;947
12;2025-11-27;22;476
12;2025-11-27;23;249
12;2025-11-28;0;57
12;2025-11-28;1;1
12;2025-11-28;2;0
12;2025-11-28;3;0
12;2025-11-28;4;5
12;2025-11-28;5;338
12;2025-11-28;6;1466
12;2025-11-28;7;2811
12;2025-11-28;8;3470
12;2025-11-28;9;2604
12;2025-11-28;10;1958
12;2025-11-28;11;1945
12;2025-11-28;12;1989
12;2025-11-28;13;2253
12;2025-11-28;14;2039
12;2025-11-28;15;2288
12;2025-11-28;16;3006
12;2025-11-28;17;3003
12;2025-11-28;18;2636
12;2025-11-28;19;2173
12;2025-11-28;20;1422
12;2025-11-28;21;1035
12;2025-11-28;22;519
12;2025-11-28;23;343
12;2025-11-29;0;68
12;2025-11-29;1;2
12;2025-11-29;2;0
12;2025-11-29;3;0
12;2025-11-29;4;2
12;2025-11-29;5;227
12;2025-11-29;6;806
12;2025-11-29;7;916
12;2025-11-29;8;1068
12;2025-11-29;9;1272
12;2025-11-29;10;1512
12;2025-11-29;11;1533
12;2025-11-29;12;1574
12;2025-11-29;13;1786
12;2025-11-29;14;1613
12;2025-11-29;15;1585
12;2025-11-29;16;1707
12;2025-11-29;17;1635
12;2025-11-29;18;1624
12;2025-11-29;19;1366
12;2025-11-29;20;959
12;2025-11-29;21;779
12;2025-11-29;22;396
12;2025-11-29;23;297
12;2025-11-30;0;83
12;2025-11-30;1;3
12;2025-11-30;2;0
12;2025-11-30;3;0
12;2025-11-30;4;3
12;2025-11-30;5;132
12;2025-11-30;6;521
12;2025-11-30;7;709
12;2025-11-30;8;723
12;2025-11-30;9;908
12;2025-11-30;10;1146
12;2025-11-30;11;1249
12;2025-11-30;12;1326
12;2025-11-30;13;1556
12;2025-11-30;14;1457
12;2025-11-30;15;1488
12;2025-11-30;16;1490
12;2025-11-30;17;1542
12;2025-11-30;18;1339
12;2025-11-30;19;997
12;2025-11-30;20;777
12;2025-11-30;21;595
12;2025-11-30;22;389
12;2025-11-30;23;196
12;2025-12-01;0;55
12;2025-12-01;1;2
12;2025-12-01;2;0
12;2025-12-01;3;0
12;2025-12-01;4;7
12;2025-12-01;5;321
12;2025-12-01;6;1463
12;2025-12-01;7;2764
12;2025-12-01;8;3716
12;2025-12-01;9;2622
12;2025-12-01;10;2124
12;2025-12-01;11;1986
12;2025-12-01;12;2096
12;2025-12-01;13;2115
12;2025-12-01;14;2008
12;2025-12-01;15;2245
12;2025-12-01;16;2737
12;2025-12-01;17;3052
12;2025-12-01;18;3236
12;2025-12-01;19;2418
12;2025-12-01;20;1591
12;2025-12-01;21;985
12;2025-12-01;22;495
12;2025-12-01;23;259
12;2025-12-02;0;55
12;2025-12-02;1;2
12;2025-12-02;2;0
12;2025-12-02;3;0
12;2025-12-02;4;7
12;2025-12-02;5;321
12;2025-12-02;6;1463
12;2025-12-02;7;2764
12;2025-12-02;8;3716
12;2025-12-02;9;2622
12;2025-12-02;10;2124
12;2025-12-02;11;1986
12;2025-12-02;12;2096
12;2025-12-02;13;2115
12;2025-12-02;14;2008
12;2025-12-02;15;2245
12;2025-12-02;16;2737
12;2025-12-02;17;3052
12;2025-12-02;18;3236
12;2025-12-02;19;2418
12;2025-12-02;20;1591
12;2025-12-02;21;985
12;2025-12-02;22;495
12;2025-12-02;23;259
12;2025-12-03;0;55
12;2025-12-03;1;2
12;2025-12-03;2;0
12;2025-12-03;3;0
12;2025-12-03;4;7
12;2025-12-03;5;321
12;2025-12-03;6;1463
12;2025-12-03;7;2764
12;2025-12-03;8;3716
12;2025-12-03;9;2622
12;2025-12-03;10;2124
12;2025-12-03;11;1986
12;2025-12-03;12;2096
12;2025-12-03;13;2115
12;2025-12-03;14;2008
12;2025-12-03;15;2245
12;2025-12-03;16;2737
12;2025-12-03;17;3052
12;2025-12-03;18;3236
12;2025-12-03;19;2418
12;2025-12-03;20;1591
12;2025-12-03;21;985
12;2025-12-03;22;495
12;2025-12-03;23;259
12;2025-12-04;0;55
12;2025-12-04;1;2
12;2025-12-04;2;0
12;2025-12-04;3;0
12;2025-12-04;4;7
12;2025-12-04;5;321
12;2025-12-04;6;1463
12;2025-12-04;7;2764
12;2025-12-04;8;3716
12;2025-12-04;9;2622
12;2025-12-04;10;2124
12;2025-12-04;11;1986
12;2025-12-04;12;2096
12;2025-12-04;13;2115
12;2025-12-04;14;2008
12;2025-12-04;15;2245
12;2025-12-04;16;2737
12;2025-12-04;17;3052
12;2025-12-04;18;3236
12;2025-12-04;19;2418
12;2025-12-04;20;1591
12;2025-12-04;21;985
12;2025-12-04;22;495
12;2025-12-04;23;259
12;2025-12-05;0;57
12;2025-12-05;1;1
12;2025-12-05;2;0
12;2025-12-05;3;0
12;2025-12-05;4;5
12;2025-12-05;5;338
12;2025-12-05;6;1466
12;2025-12-05;7;2811
12;2025-12-05;8;3470
12;2025-12-05;9;2604
12;2025-12-05;10;1958
12;2025-12-05;11;1945
12;2025-12-05;12;1989
12;2025-12-05;13;2253
12;2025-12-05;14;2039
12;2025-12-05;15;2288
12;2025-12-05;16;3006
12;2025-12-05;17;3003
12;2025-12-05;18;2636
12;2025-12-05;19;2173
12;2025-12-05;20;1422
12;2025-12-05;21;1035
12;2025-12-05;22;519
12;2025-12-05;23;343
12;2025-12-06;0;68
12;2025-12-06;1;2
12;2025-12-06;2;0
12;2025-12-06;3;0
12;2025-12-06;4;2
12;2025-12-06;5;227
12;2025-12-06;6;806
12;2025-12-06;7;916
12;2025-12-06;8;1068
12;2025-12-06;9;1272
12;2025-12-06;10;1512
12;2025-12-06;11;1533
12;2025-12-06;12;1574
12;2025-12-06;13;1786
12;2025-12-06;14;1613
12;2025-12-06;15;1585
12;2025-12-06;16;1707
12;2025-12-06;17;1635
12;2025-12-06;18;1624
12;2025-12-06;19;1366
12;2025-12-06;20;959
12;2025-12-06;21;779
12;2025-12-06;22;396
12;2025-12-06;23;297
12;2025-12-07;0;83
12;2025-12-07;1;3
12;2025-12-07;2;0
12;2025-12-07;3;0
12;2025-12-07;4;3
12;2025-12-07;5;132
12;2025-12-07;6;521
12;2025-12-07;7;709
12;2025-12-07;8;723
12;2025-12-07;9;908
12;2025-12-07;10;1146
12;2025-12-07;11;1249
12;2025-12-07;12;1326
12;2025-12-07;13;1556
12;2025-12-07;14;1457
12;2025-12-07;15;1488
12;2025-12-07;16;1490
12;2025-12-07;17;1542
12;2025-12-07;18;1339
12;2025-12-07;19;997
12;2025-12-07;20;777
12;2025-12-07;21;595
12;2025-12-07;22;389
12;2025-12-07;23;196
12;2025-12-08;0;55
12;2025-12-08;1;2
12;2025-12-08;2;0
12;2025-12-08;3;0
12;2025-12-08;4;7
12;2025-12-08;5;321
12;2025-12-08;6;1463
12;2025-12-08;7;2764
12;2025-12-08;8;3716
12;2025-12-08;9;2622
12;2025-12-08;10;2124
12;2025-12-08;11;1986
12;2025-12-08;12;2096
12;2025-12-08;13;2115
12;2025-12-08;14;2008
12;2025-12-08;15;2245
12;2025-12-08;16;2737
12;2025-12-08;17;3052
12;2025-12-08;18;3236
12;2025-12-08;19;2418
12;2025-12-08;20;1591
12;2025-12-08;21;985
12;2025-12-08;22;495
12;2025-12-08;23;259
12;2025-12-09;0;55
12;2025-12-09;1;2
12;2025-12-09;2;0
12;2025-12-09;3;0
12;2025-12-09;4;7
12;2025-12-09;5;321
12;2025-12-09;6;1463
12;2025-12-09;7;2764
12;2025-12-09;8;3716
12;2025-12-09;9;2622
12;2025-12-09;10;2124
12;2025-12-09;11;1986
12;2025-12-09;12;2096
12;2025-12-09;13;2115
12;2025-12-09;14;2008
12;2025-12-09;15;2245
12;2025-12-09;16;2737
12;2025-12-09;17;3052
12;2025-12-09;18;3236
12;2025-12-09;19;2418
12;2025-12-09;20;1591
12;2025-12-09;21;985
12;2025-12-09;22;495
12;2025-12-09;23;259
12;2025-12-10;0;54
12;2025-12-10;1;2
12;2025-12-10;2;0
12;2025-12-10;3;0
12;2025-12-10;4;7
12;2025-12-10;5;318
12;2025-12-10;6;1450
12;2025-12-10;7;2739
12;2025-12-10;8;3683
12;2025-12-10;9;2599
12;2025-12-10;10;2105
12;2025-12-10;11;1968
12;2025-12-10;12;2077
12;2025-12-10;13;2096
12;2025-12-10;14;1991
12;2025-12-10;15;2225
12;2025-12-10;16;2713
12;2025-12-10;17;3025
12;2025-12-10;18;3207
12;2025-12-10;19;2397
12;2025-12-10;20;1577
12;2025-12-10;21;976
12;2025-12-10;22;491
12;2025-12-10;23;257
12;2025-12-11;0;52
12;2025-12-11;1;2
12;2025-12-11;2;0
12;2025-12-11;3;0
12;2025-12-11;4;7
12;2025-12-11;5;307
12;2025-12-11;6;1399
12;2025-12-11;7;2642
12;2025-12-11;8;3552
12;2025-12-11;9;2507
12;2025-12-11;10;2030
12;2025-12-11;11;1898
12;2025-12-11;12;2003
12;2025-12-11;13;2022
12;2025-12-11;14;1920
12;2025-12-11;15;2146
12;2025-12-11;16;2616
12;2025-12-11;17;2917
12;2025-12-11;18;3093
12;2025-12-11;19;2312
12;2025-12-11;20;1521
12;2025-12-11;21;941
12;2025-12-11;22;474
12;2025-12-11;23;247
12;2025-12-12;0;55
12;2025-12-12;1;1
12;2025-12-12;2;0
12;2025-12-12;3;0
12;2025-12-12;4;5
12;2025-12-12;5;326
12;2025-12-12;6;1412
12;2025-12-12;7;2708
12;2025-12-12;8;3343
12;2025-12-12;9;2509
12;2025-12-12;10;1887
12;2025-12-12;11;1874
12;2025-12-12;12;1916
12;2025-12-12;13;2170
12;2025-12-12;14;1964
12;2025-12-12;15;2204
12;2025-12-12;16;2896
12;2025-12-12;17;2893
12;2025-12-12;18;2539
12;2025-12-12;19;2093
12;2025-12-12;20;1370
12;2025-12-12;21;997
12;2025-12-12;22;500
12;2025-12-12;23;331
12;2025-12-13;0;68
12;2025-12-13;1;2
12;2025-12-13;2;0
12;2025-12-13;3;0
12;2025-12-13;4;2
12;2025-12-13;5;226
12;2025-12-13;6;803
12;2025-12-13;7;912
12;2025-12-13;8;1063
12;2025-12-13;9;1267
12;2025-12-13;10;1505
12;2025-12-13;11;1526
12;2025-12-13;12;1567
12;2025-12-13;13;1778
12;2025-12-13;14;1606
12;2025-12-13;15;1578
12;2025-12-13;16;1699
12;2025-12-13;17;1627
12;2025-12-13;18;1617
12;2025-12-13;19;1360
12;2025-12-13;20;955
12;2025-12-13;21;775
12;2025-12-13;22;394
12;2025-12-13;23;296
12;2025-12-14;0;83
12;2025-12-14;1;3
12;2025-12-14;2;0
12;2025-12-14;3;0
12;2025-12-14;4;3
12;2025-12-14;5;132
12;2025-12-14;6;520
12;2025-12-14;7;708
12;2025-12-14;8;722
12;2025-12-14;9;907
12;2025-12-14;10;1145
12;2025-12-14;11;1247
12;2025-12-14;12;1324
12;2025-12-14;13;1555
12;2025-12-14;14;1455
12;2025-12-14;15;1487
12;2025-12-14;16;1489
12;2025-12-14;17;1541
12;2025-12-14;18;1338
12;2025-12-14;19;996
12;2025-12-14;20;776
12;2025-12-14;21;594
12;2025-12-14;22;388
12;2025-12-14;23;196
12;2025-12-15;0;55
12;2025-12-15;1;2
12;2025-12-15;2;0
12;2025-12-15;3;0
12;2025-12-15;4;7
12;2025-12-15;5;320
12;2025-12-15;6;1461
12;2025-12-15;7;2761
12;2025-12-15;8;3712
12;2025-12-15;9;2620
12;2025-12-15;10;2122
12;2025-12-15;11;1984
12;2025-12-15;12;2093
12;2025-12-15;13;2113
12;2025-12-15;14;2006
12;2025-12-15;15;2242
12;2025-12-15;16;2734
12;2025-12-15;17;3049
12;2025-12-15;18;3232
12;2025-12-15;19;2416
12;2025-12-15;20;1589
12;2025-12-15;21;984
12;2025-12-15;22;495
12;2025-12-15;23;259
12;2025-12-16;0;54
12;2025-12-16;1;2
12;2025-12-16;2;0
12;2025-12-16;3;0
12;2025-12-16;4;7
12;2025-12-16;5;316
12;2025-12-16;6;1441
12;2025-12-16;7;2721
12;2025-12-16;8;3659
12;2025-12-16;9;2582
12;2025-12-16;10;2092
12;2025-12-16;11;1956
12;2025-12-16;12;2064
12;2025-12-16;13;2083
12;2025-12-16;14;1978
12;2025-12-16;15;2210
12;2025-12-16;16;2695
12;2025-12-16;17;3005
12;2025-12-16;18;3186
12;2025-12-16;19;2381
12;2025-12-16;20;1567
12;2025-12-16;21;970
12;2025-12-16;22;488
12;2025-12-16;23;255
12;2025-12-17;0;55
12;2025-12-17;1;2
12;2025-12-17;2;0
12;2025-12-17;3;0
12;2025-12-17;4;7
12;2025-12-17;5;321
12;2025-12-17;6;1463
12;2025-12-17;7;2764
12;2025-12-17;8;3716
12;2025-12-17;9;2622
12;2025-12-17;10;2124
12;2025-12-17;11;1986
12;2025-12-17;12;2096
12;2025-12-17;13;2115
12;2025-12-17;14;2008
12;2025-12-17;15;2245
12;2025-12-17;16;2737
12;2025-12-17;17;3052
12;2025-12-17;18;3236
12;2025-12-17;19;2418
12;2025-12-17;20;1591
12;2025-12-17;21;985
12;2025-12-17;22;495
12;2025-12-17;23;259
12;2025-12-18;0;55
12;2025-12-18;1;2
12;2025-12-18;2;0
12;2025-12-18;3;0
12;2025-12-18;4;7
12;2025-12-18;5;321
12;2025-12-18;6;1463
12;2025-12-18;7;2764
12;2025-12-18;8;3716
12;2025-12-18;9;2622
12;2025-12-18;10;2124
12;2025-12-18;11;1986
12;2025-12-18;12;2096
12;2025-12-18;13;2115
12;2025-12-18;14;2008
12;2025-12-18;15;2245
12;2025-12-18;16;2737
12;2025-12-18;17;3052
12;2025-12-18;18;3236
12;2025-12-18;19;2418
12;2025-12-18;20;1591
12;2025-12-18;21;985
12;2025-12-18;22;495
12;2025-12-18;23;259
12;2025-12-19;0;57
12;2025-12-19;1;1
12;2025-12-19;2;0
12;2025-12-19;3;0
12;2025-12-19;4;5
12;2025-12-19;5;337
12;2025-12-19;6;1463
12;2025-12-19;7;2805
12;2025-12-19;8;3463
12;2025-12-19;9;2598
12;2025-12-19;10;1954
12;2025-12-19;11;1941
12;2025-12-19;12;1985
12;2025-12-19;13;2248
12;2025-12-19;14;2034
12;2025-12-19;15;2283
12;2025-12-19;16;3000
12;2025-12-19;17;2997
12;2025-12-19;18;2630
12;2025-12-19;19;2168
12;2025-12-19;20;1419
12;2025-12-19;21;1032
12;2025-12-19;22;518
12;2025-12-19;23;342
12;2025-12-20;0;68
12;2025-12-20;1;2
12;2025-12-20;2;0
12;2025-12-20;3;0
12;2025-12-20;4;2
12;2025-12-20;5;227
12;2025-12-20;6;806
12;2025-12-20;7;916
12;2025-12-20;8;1068
12;2025-12-20;9;1272
12;2025-12-20;10;1512
12;2025-12-20;11;1533
12;2025-12-20;12;1574
12;2025-12-20;13;1786
12;2025-12-20;14;1613
12;2025-12-20;15;1585
12;2025-12-20;16;1707
12;2025-12-20;17;1635
12;2025-12-20;18;1624
12;2025-12-20;19;1366
12;2025-12-20;20;959
12;2025-12-20;21;779
12;2025-12-20;22;396
12;2025-12-20;23;297
12;2025-12-21;0;83
12;2025-12-21;1;3
12;2025-12-21;2;0
12;2025-12-21;3;0
12;2025-12-21;4;3
12;2025-12-21;5;131
12;2025-12-21;6;519
12;2025-12-21;7;706
12;2025-12-21;8;720
12;2025-12-21;9;904
12;2025-12-21;10;1141
12;2025-12-21;11;1243
12;2025-12-21;12;1320
12;2025-12-21;13;1550
12;2025-12-21;14;1451
12;2025-12-21;15;1482
12;2025-12-21;16;1484
12;2025-12-21;17;1535
12;2025-12-21;18;1333
12;2025-12-21;19;993
12;2025-12-21;20;773
12;2025-12-21;21;592
12;2025-12-21;22;387
12;2025-12-21;23;195
12;2025-12-22;0;54
12;2025-12-22;1;2
12;2025-12-22;2;0
12;2025-12-22;3;0
12;2025-12-22;4;7
12;2025-12-22;5;318
12;2025-12-22;6;1450
12;2025-12-22;7;2739
12;2025-12-22;8;3683
12;2025-12-22;9;2599
12;2025-12-22;10;2105
12;2025-12-22;11;1968
12;2025-12-22;12;2077
12;2025-12-22;13;2096
12;2025-12-22;14;1991
12;2025-12-22;15;2225
12;2025-12-22;16;2713
12;2025-12-22;17;3025
12;2025-12-22;18;3207
12;2025-12-22;19;2397
12;2025-12-22;20;1577
12;2025-12-22;21;976
12;2025-12-22;22;491
12;2025-12-22;23;257
12;2025-12-23;0;53
12;2025-12-23;1;2
12;2025-12-23;2;0
12;2025-12-23;3;0
12;2025-12-23;4;7
12;2025-12-23;5;310
12;2025-12-23;6;1414
12;2025-12-23;7;2671
12;2025-12-23;8;3592
12;2025-12-23;9;2535
12;2025-12-23;10;2053
12;2025-12-23;11;1920
12;2025-12-23;12;2025
12;2025-12-23;13;2044
12;2025-12-23;14;1941
12;2025-12-23;15;2170
12;2025-12-23;16;2646
12;2025-12-23;17;2950
12;2025-12-23;18;3128
12;2025-12-23;19;2338
12;2025-12-23;20;1538
12;2025-12-23;21;952
12;2025-12-23;22;479
12;2025-12-23;23;250
12;2025-12-24;0;53
12;2025-12-24;1;2
12;2025-12-24;2;0
12;2025-12-24;3;0
12;2025-12-24;4;7
12;2025-12-24;5;308
12;2025-12-24;6;1406
12;2025-12-24;7;2657
12;2025-12-24;8;3572
12;2025-12-24;9;2521
12;2025-12-24;10;2042
12;2025-12-24;11;1909
12;2025-12-24;12;2014
12;2025-12-24;13;2033
12;2025-12-24;14;1930
12;2025-12-24;15;2158
12;2025-12-24;16;2631
12;2025-12-24;17;2934
12;2025-12-24;18;3110
12;2025-12-24;19;2325
12;2025-12-24;20;1529
12;2025-12-24;21;947
12;2025-12-24;22;476
12;2025-12-24;23;249
12;2025-12-25;0;54
12;2025-12-25;1;2
12;2025-12-25;2;0
12;2025-12-25;3;0
12;2025-12-25;4;7
12;2025-12-25;5;315
12;2025-12-25;6;1437
12;2025-12-25;7;2715
12;2025-12-25;8;3651
12;2025-12-25;9;2577
12;2025-12-25;10;2087
12;2025-12-25;11;1951
12;2025-12-25;12;2059
12;2025-12-25;13;2078
12;2025-12-25;14;1973
12;2025-12-25;15;2206
12;2025-12-25;16;2689
12;2025-12-25;17;2999
12;2025-12-25;18;3179
12;2025-12-25;19;2376
12;2025-12-25;20;1563
12;2025-12-25;21;968
12;2025-12-25;22;487
12;2025-12-25;23;254
12;2025-12-26;0;54
12;2025-12-26;1;1
12;2025-12-26;2;0
12;2025-12-26;3;0
12;2025-12-26;4;5
12;2025-12-26;5;320
12;2025-12-26;6;1386
12;2025-12-26;7;2658
12;2025-12-26;8;3281
12;2025-12-26;9;2462
12;2025-12-26;10;1852
12;2025-12-26;11;1839
12;2025-12-26;12;1880
12;2025-12-26;13;2130
12;2025-12-26;14;1927
12;2025-12-26;15;2164
12;2025-12-26;16;2842
12;2025-12-26;17;2839
12;2025-12-26;18;2492
12;2025-12-26;19;2054
12;2025-12-26;20;1345
12;2025-12-26;21;978
12;2025-12-26;22;491
12;2025-12-26;23;324
12;2025-12-27;0;68
12;2025-12-27;1;2
12;2025-12-27;2;0
12;2025-12-27;3;0
12;2025-12-27;4;2
12;2025-12-27;5;227
12;2025-12-27;6;804
12;2025-12-27;7;914
12;2025-12-27;8;1066
12;2025-12-27;9;1269
12;2025-12-27;10;1508
12;2025-12-27;11;1530
12;2025-12-27;12;1570
12;2025-12-27;13;1782
12;2025-12-27;14;1610
12;2025-12-27;15;1581
12;2025-12-27;16;1703
12;2025-12-27;17;1631
12;2025-12-27;18;1621
12;2025-12-27;19;1363
12;2025-12-27;20;957
12;2025-12-27;21;777
12;2025-12-27;22;395
12;2025-12-27;23;297
12;2025-12-28;0;82
12;2025-12-28;1;3
12;2025-12-28;2;0
12;2025-12-28;3;0
12;2025-12-28;4;3
12;2025-12-28;5;129
12;2025-12-28;6;510
12;2025-12-28;7;694
12;2025-12-28;8;708
12;2025-12-28;9;889
12;2025-12-28;10;1123
12;2025-12-28;11;1223
12;2025-12-28;12;1299
12;2025-12-28;13;1524
12;2025-12-28;14;1427
12;2025-12-28;15;1458
12;2025-12-28;16;1460
12;2025-12-28;17;1510
12;2025-12-28;18;1311
12;2025-12-28;19;976
12;2025-12-28;20;761
12;2025-12-28;21;583
12;2025-12-28;22;381
12;2025-12-28;23;192
12;2025-12-29;0;47
12;2025-12-29;1;1
12;2025-12-29;2;0
12;2025-12-29;3;0
12;2025-12-29;4;6
12;2025-12-29;5;277
12;2025-12-29;6;1265
12;2025-12-29;7;2389
12;2025-12-29;8;3212
12;2025-12-29;9;2267
12;2025-12-29;10;1837
12;2025-12-29;11;1717
12;2025-12-29;12;1812
12;2025-12-29;13;1829
12;2025-12-29;14;1737
12;2025-12-29;15;1940
12;2025-12-29;16;2367
12;2025-12-29;17;2639
12;2025-12-29;18;2797
12;2025-12-29;19;2091
12;2025-12-29;20;1376
12;2025-12-29;21;852
12;2025-12-29;22;429
12;2025-12-29;23;223
12;2025-12-30;0;46
12;2025-12-30;1;1
12;2025-12-30;2;0
12;2025-12-30;3;0
12;2025-12-30;4;6
12;2025-12-30;5;272
12;2025-12-30;6;1240
12;2025-12-30;7;2342
12;2025-12-30;8;3149
12;2025-12-30;9;2223
12;2025-12-30;10;1801
12;2025-12-30;11;1683
12;2025-12-30;12;1776
12;2025-12-30;13;1793
12;2025-12-30;14;1703
12;2025-12-30;15;1902
12;2025-12-30;16;2321
12;2025-12-30;17;2587
12;2025-12-30;18;2742
12;2025-12-30;19;2050
12;2025-12-30;20;1349
12;2025-12-30;21;835
12;2025-12-30;22;421
12;2025-12-30;23;219
12;2025-12-31;0;54
12;2025-12-31;1;1
12;2025-12-31;2;0
12;2025-12-31;3;0
12;2025-12-31;4;1
12;2025-12-31;5;179
12;2025-12-31;6;636
12;2025-12-31;7;723
12;2025-12-31;8;843
12;2025-12-31;9;1003
12;2025-12-31;10;1192
12;2025-12-31;11;1209
12;2025-12-31;12;1241
12;2025-12-31;13;1409
12;2025-12-31;14;1272
12;2025-12-31;15;1250
12;2025-12-31;16;1346
12;2025-12-31;17;1289
12;2025-12-31;18;1281
12;2025-12-31;19;1077
12;2025-12-31;20;0
12;2025-12-31;21;0
12;2025-12-31;22;0
12;2025-12-31;23;0
17;2025-11-01;0;153
17;2025-11-01;1;30
17;2025-11-01;2;0
17;2025-11-01;3;0
17;2025-11-01;4;19
17;2025-11-01;5;250
17;2025-11-01;6;1227
17;2025-11-01;7;3327
17;2025-11-01;8;4214
17;2025-11-01;9;3045
17;2025-11-01;10;2411
17;2025-11-01;11;2454
17;2025-11-01;12;2424
17;2025-11-01;13;2497
17;2025-11-01;14;2552
17;2025-11-01;15;2773
17;2025-11-01;16;3352
17;2025-11-01;17;3812
17;2025-11-01;18;3459
17;2025-11-01;19;2560
17;2025-11-01;20;1885
17;2025-11-01;21;1268
17;2025-11-01;22;611
17;2025-11-01;23;380
17;2025-11-02;0;187
17;2025-11-02;1;23
17;2025-11-02;2;0
17;2025-11-02;3;0
17;2025-11-02;4;3
17;2025-11-02;5;106
17;2025-11-02;6;439
17;2025-11-02;7;853
17;2025-11-02;8;1242
17;2025-11-02;9;1701
17;2025-11-02;10;2007
17;2025-11-02;11;2580
17;2025-11-02;12;2928
17;2025-11-02;13;3179
17;2025-11-02;14;3314
17;2025-11-02;15;3245
17;2025-11-02;16;3156
17;2025-11-02;17;2996
17;2025-11-02;18;2583
17;2025-11-02;19;2067
17;2025-11-02;20;1523
17;2025-11-02;21;1126
17;2025-11-02;22;690
17;2025-11-02;23;316
17;2025-11-03;0;183
17;2025-11-03;1;23
17;2025-11-03;2;0
17;2025-11-03;3;0
17;2025-11-03;4;3
17;2025-11-03;5;105
17;2025-11-03;6;431
17;2025-11-03;7;837
17;2025-11-03;8;1219
17;2025-11-03;9;1669
17;2025-11-03;10;1970
17;2025-11-03;11;2532
17;2025-11-03;12;2874
17;2025-11-03;13;3121
17;2025-11-03;14;3253
17;2025-11-03;15;3185
17;2025-11-03;16;3098
17;2025-11-03;17;2940
17;2025-11-03;18;2535
17;2025-11-03;19;2029
17;2025-11-03;20;1495
17;2025-11-03;21;1105
17;2025-11-03;22;677
17;2025-11-03;23;311
17;2025-11-04;0;181
17;2025-11-04;1;23
17;2025-11-04;2;0
17;2025-11-04;3;0
17;2025-11-04;4;3
17;2025-11-04;5;103
17;2025-11-04;6;427
17;2025-11-04;7;829
17;2025-11-04;8;1207
17;2025-11-04;9;1653
17;2025-11-04;10;1950
17;2025-11-04;11;2507
17;2025-11-04;12;2845
17;2025-11-04;13;3090
17;2025-11-04;14;3221
17;2025-11-04;15;3154
17;2025-11-04;16;3067
17;2025-11-04;17;2911
17;2025-11-04;18;2510
17;2025-11-04;19;2009
17;2025-11-04;20;1480
17;2025-11-04;21;1094
17;2025-11-04;22;670
17;2025-11-04;23;307
17;2025-11-05;0;122
17;2025-11-05;1;12
17;2025-11-05;2;0
17;2025-11-05;3;0
17;2025-11-05;4;26
17;2025-11-05;5;315
17;2025-11-05;6;1567
17;2025-11-05;7;4273
17;2025-11-05;8;5500
17;2025-11-05;9;3937
17;2025-11-05;10;3083
17;2025-11-05;11;3057
17;2025-11-05;12;3082
17;2025-11-05;13;3139
17;2025-11-05;14;3252
17;2025-11-05;15;3310
17;2025-11-05;16;3751
17;2025-11-05;17;4574
17;2025-11-05;18;4810
17;2025-11-05;19;3249
17;2025-11-05;20;2313
17;2025-11-05;21;1451
17;2025-11-05;22;696
17;2025-11-05;23;367
17;2025-11-06;0;120
17;2025-11-06;1;12
17;2025-11-06;2;0
17;2025-11-06;3;0
17;2025-11-06;4;26
17;2025-11-06;5;310
17;2025-11-06;6;1541
17;2025-11-06;7;4203
17;2025-11-06;8;5410
17;2025-11-06;9;3873
17;2025-11-06;10;3033
17;2025-11-06;11;3007
17;2025-11-06;12;3032
17;2025-11-06;13;3088
17;2025-11-06;14;3199
17;2025-11-06;15;3256
17;2025-11-06;16;3690
17;2025-11-06;17;4499
17;2025-11-06;18;4732
17;2025-11-06;19;3196
17;2025-11-06;20;2275
17;2025-11-06;21;1427
17;2025-11-06;22;685
17;2025-11-06;23;361
17;2025-11-07;0;143
17;2025-11-07;1;17
17;2025-11-07;2;0
17;2025-11-07;3;0
17;2025-11-07;4;24
17;2025-11-07;5;311
17;2025-11-07;6;1526
17;2025-11-07;7;4136
17;2025-11-07;8;5239
17;2025-11-07;9;3785
17;2025-11-07;10;2998
17;2025-11-07;11;3050
17;2025-11-07;12;3014
17;2025-11-07;13;3104
17;2025-11-07;14;3173
17;2025-11-07;15;3447
17;2025-11-07;16;4168
17;2025-11-07;17;4740
17;2025-11-07;18;4300
17;2025-11-07;19;3182
17;2025-11-07;20;2344
17;2025-11-07;21;1577
17;2025-11-07;22;759
17;2025-11-07;23;473
17;2025-11-08;0;204
17;2025-11-08;1;28
17;2025-11-08;2;0
17;2025-11-08;3;0
17;2025-11-08;4;5
17;2025-11-08;5;137
17;2025-11-08;6;586
17;2025-11-08;7;1276
17;2025-11-08;8;1810
17;2025-11-08;9;2303
17;2025-11-08;10;2574
17;2025-11-08;11;3068
17;2025-11-08;12;3398
17;2025-11-08;13;3666
17;2025-11-08;14;3681
17;2025-11-08;15;3673
17;2025-11-08;16;3691
17;2025-11-08;17;3398
17;2025-11-08;18;3008
17;2025-11-08;19;2378
17;2025-11-08;20;1872
17;2025-11-08;21;1343
17;2025-11-08;22;809
17;2025-11-08;23;454
17;2025-11-09;0;187
17;2025-11-09;1;23
17;2025-11-09;2;0
17;2025-11-09;3;0
17;2025-11-09;4;3
17;2025-11-09;5;107
17;2025-11-09;6;440
17;2025-11-09;7;854
17;2025-11-09;8;1244
17;2025-11-09;9;1703
17;2025-11-09;10;2009
17;2025-11-09;11;2583
17;2025-11-09;12;2931
17;2025-11-09;13;3183
17;2025-11-09;14;3318
17;2025-11-09;15;3249
17;2025-11-09;16;3160
17;2025-11-09;17;2999
17;2025-11-09;18;2586
17;2025-11-09;19;2069
17;2025-11-09;20;1525
17;2025-11-09;21;1127
17;2025-11-09;22;690
17;2025-11-09;23;317
17;2025-11-10;0;122
17;2025-11-10;1;12
17;2025-11-10;2;0
17;2025-11-10;3;0
17;2025-11-10;4;26
17;2025-11-10;5;315
17;2025-11-10;6;1567
17;2025-11-10;7;4273
17;2025-11-10;8;5500
17;2025-11-10;9;3937
17;2025-11-10;10;3083
17;2025-11-10;11;3057
17;2025-11-10;12;3082
17;2025-11-10;13;3139
17;2025-11-10;14;3252
17;2025-11-10;15;3310
17;2025-11-10;16;3751
17;2025-11-10;17;4574
17;2025-11-10;18;4810
17;2025-11-10;19;3249
17;2025-11-10;20;2313
17;2025-11-10;21;1451
17;2025-11-10;22;696
17;2025-11-10;23;367
17;2025-11-11;0;122
17;2025-11-11;1;12
17;2025-11-11;2;0
17;2025-11-11;3;0
17;2025-11-11;4;26
17;2025-11-11;5;315
17;2025-11-11;6;1567
17;2025-11-11;7;4273
17;2025-11-11;8;5500
17;2025-11-11;9;3937
17;2025-11-11;10;3083
17;2025-11-11;11;3057
17;2025-11-11;12;3082
17;2025-11-11;13;3139
17;2025-11-11;14;3252
17;2025-11-11;15;3310
17;2025-11-11;16;3751
17;2025-11-11;17;4574
17;2025-11-11;18;4810
17;2025-11-11;19;3249
17;2025-11-11;20;2313
17;2025-11-11;21;1451
17;2025-11-11;22;696
17;2025-11-11;23;367
17;2025-11-12;0;121
17;2025-11-12;1;12
17;2025-11-12;2;0
17;2025-11-12;3;0
17;2025-11-12;4;26
17;2025-11-12;5;311
17;2025-11-12;6;1549
17;2025-11-12;7;4227
17;2025-11-12;8;5440
17;2025-11-12;9;3894
17;2025-11-12;10;3050
17;2025-11-12;11;3024
17;2025-11-12;12;3049
17;2025-11-12;13;3105
17;2025-11-12;14;3216
17;2025-11-12;15;3274
17;2025-11-12;16;3710
17;2025-11-12;17;4524
17;2025-11-12;18;4758
17;2025-11-12;19;3213
17;2025-11-12;20;2288
17;2025-11-12;21;1435
17;2025-11-12;22;689
17;2025-11-12;23;363
17;2025-11-13;0;122
17;2025-11-13;1;12
17;2025-11-13;2;0
17;2025-11-13;3;0
17;2025-11-13;4;26
17;2025-11-13;5;314
17;2025-11-13;6;1565
17;2025-11-13;7;4269
17;2025-11-13;8;5494
17;2025-11-13;9;3933
17;2025-11-13;10;3080
17;2025-11-13;11;3054
17;2025-11-13;12;3079
17;2025-11-13;13;3136
17;2025-11-13;14;3248
17;2025-11-13;15;3306
17;2025-11-13;16;3747
17;2025-11-13;17;4569
17;2025-11-13;18;4805
17;2025-11-13;19;3245
17;2025-11-13;20;2310
17;2025-11-13;21;1449
17;2025-11-13;22;696
17;2025-11-13;23;366
17;2025-11-14;0;144
17;2025-11-14;1;17
17;2025-11-14;2;0
17;2025-11-14;3;0
17;2025-11-14;4;24
17;2025-11-14;5;312
17;2025-11-14;6;1529
17;2025-11-14;7;4145
17;2025-11-14;8;5251
17;2025-11-14;9;3794
17;2025-11-14;10;3004
17;2025-11-14;11;3057
17;2025-11-14;12;3021
17;2025-11-14;13;3111
17;2025-11-14;14;3179
17;2025-11-14;15;3455
17;2025-11-14;16;4177
17;2025-11-14;17;4750
17;2025-11-14;18;4310
17;2025-11-14;19;3189
17;2025-11-14;20;2349
17;2025-11-14;21;1581
17;2025-11-14;22;761
17;2025-11-14;23;474
17;2025-11-15;0;190
17;2025-11-15;1;27
17;2025-11-15;2;0
17;2025-11-15;3;0
17;2025-11-15;4;5
17;2025-11-15;5;128
17;2025-11-15;6;547
17;2025-11-15;7;1191
17;2025-11-15;8;1689
17;2025-11-15;9;2148
17;2025-11-15;10;2401
17;2025-11-15;11;2863
17;2025-11-15;12;3171
17;2025-11-15;13;3421
17;2025-11-15;14;3435
17;2025-11-15;15;3427
17;2025-11-15;16;3443
17;2025-11-15;17;3171
17;2025-11-15;18;2807
17;2025-11-15;19;2219
17;2025-11-15;20;1747
17;2025-11-15;21;1253
17;2025-11-15;22;755
17;2025-11-15;23;423
17;2025-11-16;0;187
17;2025-11-16;1;23
17;2025-11-16;2;0
17;2025-11-16;3;0
17;2025-11-16;4;3
17;2025-11-16;5;107
17;2025-11-16;6;440
17;2025-11-16;7;854
17;2025-11-16;8;1244
17;2025-11-16;9;1703
17;2025-11-16;10;2009
17;2025-11-16;11;2583
17;2025-11-16;12;2931
17;2025-11-16;13;3183
17;2025-11-16;14;3318
17;2025-11-16;15;3249
17;2025-11-16;16;3160
17;2025-11-16;17;2999
17;2025-11-16;18;2586
17;2025-11-16;19;2069
17;2025-11-16;20;1525
17;2025-11-16;21;1127
17;2025-11-16;22;690
17;2025-11-16;23;317
17;2025-11-17;0;118
17;2025-11-17;1;12
17;2025-11-17;2;0
17;2025-11-17;3;0
17;2025-11-17;4;26
17;2025-11-17;5;305
17;2025-11-17;6;1517
17;2025-11-17;7;4139
17;2025-11-17;8;5327
17;2025-11-17;9;3814
17;2025-11-17;10;2987
17;2025-11-17;11;2961
17;2025-11-17;12;2986
17;2025-11-17;13;3041
17;2025-11-17;14;3150
17;2025-11-17;15;3206
17;2025-11-17;16;3634
17;2025-11-17;17;4430
17;2025-11-17;18;4659
17;2025-11-17;19;3147
17;2025-11-17;20;2240
17;2025-11-17;21;1405
17;2025-11-17;22;675
17;2025-11-17;23;355
17;2025-11-18;0;116
17;2025-11-18;1;12
17;2025-11-18;2;0
17;2025-11-18;3;0
17;2025-11-18;4;25
17;2025-11-18;5;299
17;2025-11-18;6;1488
17;2025-11-18;7;4058
17;2025-11-18;8;5223
17;2025-11-18;9;3739
17;2025-11-18;10;2928
17;2025-11-18;11;2903
17;2025-11-18;12;2927
17;2025-11-18;13;2981
17;2025-11-18;14;3088
17;2025-11-18;15;3143
17;2025-11-18;16;3562
17;2025-11-18;17;4343
17;2025-11-18;18;4568
17;2025-11-18;19;3085
17;2025-11-18;20;2196
17;2025-11-18;21;1378
17;2025-11-18;22;661
17;2025-11-18;23;348
17;2025-11-19;0;122
17;2025-11-19;1;12
17;2025-11-19;2;0
17;2025-11-19;3;0
17;2025-11-19;4;26
17;2025-11-19;5;315
17;2025-11-19;6;1567
17;2025-11-19;7;4273
17;2025-11-19;8;5500
17;2025-11-19;9;3937
17;2025-11-19;10;3083
17;2025-11-19;11;3057
17;2025-11-19;12;3082
17;2025-11-19;13;3139
17;2025-11-19;14;3252
17;2025-11-19;15;3310
17;2025-11-19;16;3751
17;2025-11-19;17;4574
17;2025-11-19;18;4810
17;2025-11-19;19;3249
17;2025-11-19;20;2313
17;2025-11-19;21;1451
17;2025-11-19;22;696
17;2025-11-19;23;367
17;2025-11-20;0;122
17;2025-11-20;1;12
17;2025-11-20;2;0
17;2025-11-20;3;0
17;2025-11-20;4;26
17;2025-11-20;5;315
17;2025-11-20;6;1567
17;2025-11-20;7;4273
17;2025-11-20;8;5500
17;2025-11-20;9;3937
17;2025-11-20;10;3083
17;2025-11-20;11;3057
17;2025-11-20;12;3082
17;2025-11-20;13;3139
17;2025-11-20;14;3252
17;2025-11-20;15;3310
17;2025-11-20;16;3751
17;2025-11-20;17;4574
17;2025-11-20;18;4810
17;2025-11-20;19;3249
17;2025-11-20;20;2313
17;2025-11-20;21;1451
17;2025-11-20;22;696
17;2025-11-20;23;367
17;2025-11-21;0;144
17;2025-11-21;1;17
17;2025-11-21;2;0
17;2025-11-21;3;0
17;2025-11-21;4;24
17;2025-11-21;5;312
17;2025-11-21;6;1529
17;2025-11-21;7;4145
17;2025-11-21;8;5251
17;2025-11-21;9;3794
17;2025-11-21;10;3004
17;2025-11-21;11;3057
17;2025-11-21;12;3021
17;2025-11-21;13;3111
17;2025-11-21;14;3179
17;2025-11-21;15;3455
17;2025-11-21;16;4177
17;2025-11-21;17;4750
17;2025-11-21;18;4310
17;2025-11-21;19;3189
17;2025-11-21;20;2349
17;2025-11-21;21;1581
17;2025-11-21;22;761
17;2025-11-21;23;474
17;2025-11-22;0;202
17;2025-11-22;1;28
17;2025-11-22;2;0
17;2025-11-22;3;0
17;2025-11-22;4;5
17;2025-11-22;5;135
17;2025-11-22;6;579
17;2025-11-22;7;1261
17;2025-11-22;8;1788
17;2025-11-22;9;2275
17;2025-11-22;10;2543
17;2025-11-22;11;3031
17;2025-11-22;12;3357
17;2025-11-22;13;3622
17;2025-11-22;14;3637
17;2025-11-22;15;3629
17;2025-11-22;16;3646
17;2025-11-22;17;3357
17;2025-11-22;18;2972
17;2025-11-22;19;2349
17;2025-11-22;20;1850
17;2025-11-22;21;1327
17;2025-11-22;22;799
17;2025-11-22;23;448
17;2025-11-23;0;187
17;2025-11-23;1;23
17;2025-11-23;2;0
17;2025-11-23;3;0
17;2025-11-23;4;3
17;2025-11-23;5;107
17;2025-11-23;6;440
17;2025-11-23;7;854
17;2025-11-23;8;1244
17;2025-11-23;9;1703
17;2025-11-23;10;2009
17;2025-11-23;11;2583
17;2025-11-23;12;2931
17;2025-11-23;13;3183
17;2025-11-23;14;3318
17;2025-11-23;15;3249
17;2025-11-23;16;3160
17;2025-11-23;17;2999
17;2025-11-23;18;2586
17;2025-11-23;19;2069
17;2025-11-23;20;1525
17;2025-11-23;21;1127
17;2025-11-23;22;690
17;2025-11-23;23;317
17;2025-11-24;0;116
17;2025-11-24;1;12
17;2025-11-24;2;0
17;2025-11-24;3;0
17;2025-11-24;4;25
17;2025-11-24;5;301
17;2025-11-24;6;1496
17;2025-11-24;7;4080
17;2025-11-24;8;5251
17;2025-11-24;9;3759
17;2025-11-24;10;2944
17;2025-11-24;11;2919
17;2025-11-24;12;2943
17;2025-11-24;13;2998
17;2025-11-24;14;3105
17;2025-11-24;15;3160
17;2025-11-24;16;3582
17;2025-11-24;17;4367
17;2025-11-24;18;4593
17;2025-11-24;19;3102
17;2025-11-24;20;2208
17;2025-11-24;21;1385
17;2025-11-24;22;665
17;2025-11-24;23;350
17;2025-11-25;0;122
17;2025-11-25;1;12
17;2025-11-25;2;0
17;2025-11-25;3;0
17;2025-11-25;4;26
17;2025-11-25;5;315
17;2025-11-25;6;1567
17;2025-11-25;7;4273
17;2025-11-25;8;5500
17;2025-11-25;9;3937
17;2025-11-25;10;3083
17;2025-11-25;11;3057
17;2025-11-25;12;3082
17;2025-11-25;13;3139
17;2025-11-25;14;3252
17;2025-11-25;15;3310
17;2025-11-25;16;3751
17;2025-11-25;17;4574
17;2025-11-25;18;4810
17;2025-11-25;19;3249
17;2025-11-25;20;2313
17;2025-11-25;21;1451
17;2025-11-25;22;696
17;2025-11-25;23;367
17;2025-11-26;0;116
17;2025-11-26;1;12
17;2025-11-26;2;0
17;2025-11-26;3;0
17;2025-11-26;4;25
17;2025-11-26;5;300
17;2025-11-26;6;1491
17;2025-11-26;7;4067
17;2025-11-26;8;5234
17;2025-11-26;9;3747
17;2025-11-26;10;2934
17;2025-11-26;11;2909
17;2025-11-26;12;2934
17;2025-11-26;13;2988
17;2025-11-26;14;3095
17;2025-11-26;15;3150
17;2025-11-26;16;3570
17;2025-11-26;17;4353
17;2025-11-26;18;4578
17;2025-11-26;19;3092
17;2025-11-26;20;2201
17;2025-11-26;21;1381
17;2025-11-26;22;663
17;2025-11-26;23;349
17;2025-11-27;0;117
17;2025-11-27;1;12
17;2025-11-27;2;0
17;2025-11-27;3;0
17;2025-11-27;4;25
17;2025-11-27;5;303
17;2025-11-27;6;1506
17;2025-11-27;7;4107
17;2025-11-27;8;5286
17;2025-11-27;9;3784
17;2025-11-27;10;2964
17;2025-11-27;11;2938
17;2025-11-27;12;2963
17;2025-11-27;13;3017
17;2025-11-27;14;3126
17;2025-11-27;15;3181
17;2025-11-27;16;3606
17;2025-11-27;17;4396
17;2025-11-27;18;4624
17;2025-11-27;19;3123
17;2025-11-27;20;2223
17;2025-11-27;21;1395
17;2025-11-27;22;669
17;2025-11-27;23;352
17;2025-11-28;0;144
17;2025-11-28;1;17
17;2025-11-28;2;0
17;2025-11-28;3;0
17;2025-11-28;4;24
17;2025-11-28;5;313
17;2025-11-28;6;1534
17;2025-11-28;7;4159
17;2025-11-28;8;5268
17;2025-11-28;9;3806
17;2025-11-28;10;3014
17;2025-11-28;11;3067
17;2025-11-28;12;3031
17;2025-11-28;13;3121
17;2025-11-28;14;3190
17;2025-11-28;15;3466
17;2025-11-28;16;4191
17;2025-11-28;17;4766
17;2025-11-28;18;4324
17;2025-11-28;19;3199
17;2025-11-28;20;2356
17;2025-11-28;21;1586
17;2025-11-28;22;763
17;2025-11-28;23;475
17;2025-11-29;0;204
17;2025-11-29;1;28
17;2025-11-29;2;0
17;2025-11-29;3;0
17;2025-11-29;4;5
17;2025-11-29;5;137
17;2025-11-29;6;586
17;2025-11-29;7;1276
17;2025-11-29;8;1810
17;2025-11-29;9;2303
17;2025-11-29;10;2574
17;2025-11-29;11;3068
17;2025-11-29;12;3398
17;2025-11-29;13;3666
17;2025-11-29;14;3681
17;2025-11-29;15;3673
17;2025-11-29;16;3691
17;2025-11-29;17;3398
17;2025-11-29;18;3008
17;2025-11-29;19;2378
17;2025-11-29;20;1872
17;2025-11-29;21;1343
17;2025-11-29;22;809
17;2025-11-29;23;454
17;2025-11-30;0;187
17;2025-11-30;1;23
17;2025-11-30;2;0
17;2025-11-30;3;0
17;2025-11-30;4;3
17;2025-11-30;5;107
17;2025-11-30;6;440
17;2025-11-30;7;854
17;2025-11-30;8;1244
17;2025-11-30;9;1703
17;2025-11-30;10;2009
17;2025-11-30;11;2583
17;2025-11-30;12;2931
17;2025-11-30;13;3183
17;2025-11-30;14;3318
17;2025-11-30;15;3249
17;2025-11-30;16;3160
17;2025-11-30;17;2999
17;2025-11-30;18;2586
17;2025-11-30;19;2069
17;2025-11-30;20;1525
17;2025-11-30;21;1127
17;2025-11-30;22;690
17;2025-11-30;23;317
17;2025-12-01;0;122
17;2025-12-01;1;12
17;2025-12-01;2;0
17;2025-12-01;3;0
17;2025-12-01;4;26
17;2025-12-01;5;315
17;2025-12-01;6;1567
17;2025-12-01;7;4273
17;2025-12-01;8;5500
17;2025-12-01;9;3937
17;2025-12-01;10;3083
17;2025-12-01;11;3057
17;2025-12-01;12;3082
17;2025-12-01;13;3139
17;2025-12-01;14;3252
17;2025-12-01;15;3310
17;2025-12-01;16;3751
17;2025-12-01;17;4574
17;2025-12-01;18;4810
17;2025-12-01;19;3249
17;2025-12-01;20;2313
17;2025-12-01;21;1451
17;2025-12-01;22;696
17;2025-12-01;23;367
17;2025-12-02;0;122
17;2025-12-02;1;12
17;2025-12-02;2;0
17;2025-12-02;3;0
17;2025-12-02;4;26
17;2025-12-02;5;315
17;2025-12-02;6;1567
17;2025-12-02;7;4273
17;2025-12-02;8;5500
17;2025-12-02;9;3937
17;2025-12-02;10;3083
17;2025-12-02;11;3057
17;2025-12-02;12;3082
17;2025-12-02;13;3139
17;2025-12-02;14;3252
17;2025-12-02;15;3310
17;2025-12-02;16;3751
17;2025-12-02;17;4574
17;2025-12-02;18;4810
17;2025-12-02;19;3249
17;2025-12-02;20;2313
17;2025-12-02;21;1451
17;2025-12-02;22;696
17;2025-12-02;23;367
17;2025-12-03;0;122
17;2025-12-03;1;12
17;2025-12-03;2;0
17;2025-12-03;3;0
17;2025-12-03;4;26
17;2025-12-03;5;315
17;2025-12-03;6;1567
17;2025-12-03;7;4273
17;2025-12-03;8;5500
17;2025-12-03;9;3937
17;2025-12-03;10;3083
17;2025-12-03;11;3057
17;2025-12-03;12;3082
17;2025-12-03;13;3139
17;2025-12-03;14;3252
17;2025-12-03;15;3310
17;2025-12-03;16;3751
17;2025-12-03;17;4574
17;2025-12-03;18;4810
17;2025-12-03;19;3249
17;2025-12-03;20;2313
17;2025-12-03;21;1451
17;2025-12-03;22;696
17;2025-12-03;23;367
17;2025-12-04;0;122
17;2025-12-04;1;12
17;2025-12-04;2;0
17;2025-12-04;3;0
17;2025-12-04;4;26
17;2025-12-04;5;315
17;2025-12-04;6;1567
17;2025-12-04;7;4273
17;2025-12-04;8;5500
17;2025-12-04;9;3937
17;2025-12-04;10;3083
17;2025-12-04;11;3057
17;2025-12-04;12;3082
17;2025-12-04;13;3139
17;2025-12-04;14;3252
17;2025-12-04;15;3310
17;2025-12-04;16;3751
17;2025-12-04;17;4574
17;2025-12-04;18;4810
17;2025-12-04;19;3249
17;2025-12-04;20;2313
17;2025-12-04;21;1451
17;2025-12-04;22;696
17;2025-12-04;23;367
17;2025-12-05;0;144
17;2025-12-05;1;17
17;2025-12-05;2;0
17;2025-12-05;3;0
17;2025-12-05;4;24
17;2025-12-05;5;313
17;2025-12-05;6;1534
17;2025-12-05;7;4159
17;2025-12-05;8;5268
17;2025-12-05;9;3806
17;2025-12-05;10;3014
17;2025-12-05;11;3067
17;2025-12-05;12;3031
17;2025-12-05;13;3121
17;2025-12-05;14;3190
17;2025-12-05;15;3466
17;2025-12-05;16;4191
17;2025-12-05;17;4766
17;2025-12-05;18;4324
17;2025-12-05;19;3199
17;2025-12-05;20;2356
17;2025-12-05;21;1586
17;2025-12-05;22;763
17;2025-12-05;23;475
17;2025-12-06;0;204
17;2025-12-06;1;28
17;2025-12-06;2;0
17;2025-12-06;3;0
17;2025-12-06;4;5
17;2025-12-06;5;137
17;2025-12-06;6;586
17;2025-12-06;7;1276
17;2025-12-06;8;1810
17;2025-12-06;9;2303
17;2025-12-06;10;2574
17;2025-12-06;11;3068
17;2025-12-06;12;3398
17;2025-12-06;13;3666
17;2025-12-06;14;3681
17;2025-12-06;15;3673
17;2025-12-06;16;3691
17;2025-12-06;17;3398
17;2025-12-06;18;3008
17;2025-12-06;19;2378
17;2025-12-06;20;1872
17;2025-12-06;21;1343
17;2025-12-06;22;809
17;2025-12-06;23;454
17;2025-12-07;0;187
17;2025-12-07;1;23
17;2025-12-07;2;0
17;2025-12-07;3;0
17;2025-12-07;4;3
17;2025-12-07;5;107
17;2025-12-07;6;440
17;2025-12-07;7;854
17;2025-12-07;8;1244
17;2025-12-07;9;1703
17;2025-12-07;10;2009
17;2025-12-07;11;2583
17;2025-12-07;12;2931
17;2025-12-07;13;3183
17;2025-12-07;14;3318
17;2025-12-07;15;3249
17;2025-12-07;16;3160
17;2025-12-07;17;2999
17;2025-12-07;18;2586
17;2025-12-07;19;2069
17;2025-12-07;20;1525
17;2025-12-07;21;1127
17;2025-12-07;22;690
17;2025-12-07;23;317
17;2025-12-08;0;122
17;2025-12-08;1;12
17;2025-12-08;2;0
17;2025-12-08;3;0
17;2025-12-08;4;26
17;2025-12-08;5;315
17;2025-12-08;6;1567
17;2025-12-08;7;4273
17;2025-12-08;8;5500
17;2025-12-08;9;3937
17;2025-12-08;10;3083
17;2025-12-08;11;3057
17;2025-12-08;12;3082
17;2025-12-08;13;3139
17;2025-12-08;14;3252
17;2025-12-08;15;3310
17;2025-12-08;16;3751
17;2025-12-08;17;4574
17;2025-12-08;18;4810
17;2025-12-08;19;3249
17;2025-12-08;20;2313
17;2025-12-08;21;1451
17;2025-12-08;22;696
17;2025-12-08;23;367
17;2025-12-09;0;122
17;2025-12-09;1;12
17;2025-12-09;2;0
17;2025-12-09;3;0
17;2025-12-09;4;26
17;2025-12-09;5;315
17;2025-12-09;6;1567
17;2025-12-09;7;4273
17;2025-12-09;8;5500
17;2025-12-09;9;3937
17;2025-12-09;10;3083
17;2025-12-09;11;3057
17;2025-12-09;12;3082
17;2025-12-09;13;3139
17;2025-12-09;14;3252
17;2025-12-09;15;3310
17;2025-12-09;16;3751
17;2025-12-09;17;4574
17;2025-12-09;18;4810
17;2025-12-09;19;3249
17;2025-12-09;20;2313
17;2025-12-09;21;1451
17;2025-12-09;22;696
17;2025-12-09;23;367
17;2025-12-10;0;121
17;2025-12-10;1;12
17;2025-12-10;2;0
17;2025-12-10;3;0
17;2025-12-10;4;26
17;2025-12-10;5;312
17;2025-12-10;6;1553
17;2025-12-10;7;4236
17;2025-12-10;8;5452
17;2025-12-10;9;3903
17;2025-12-10;10;3056
17;2025-12-10;11;3030
17;2025-12-10;12;3055
17;2025-12-10;13;3112
17;2025-12-10;14;3223
17;2025-12-10;15;3281
17;2025-12-10;16;3719
17;2025-12-10;17;4534
17;2025-12-10;18;4768
17;2025-12-10;19;3220
17;2025-12-10;20;2293
17;2025-12-10;21;1438
17;2025-12-10;22;690
17;2025-12-10;23;363
17;2025-12-11;0;116
17;2025-12-11;1;12
17;2025-12-11;2;0
17;2025-12-11;3;0
17;2025-12-11;4;25
17;2025-12-11;5;301
17;2025-12-11;6;1497
17;2025-12-11;7;4085
17;2025-12-11;8;5257
17;2025-12-11;9;3764
17;2025-12-11;10;2947
17;2025-12-11;11;2922
17;2025-12-11;12;2946
17;2025-12-11;13;3001
17;2025-12-11;14;3109
17;2025-12-11;15;3164
17;2025-12-11;16;3586
17;2025-12-11;17;4372
17;2025-12-11;18;4598
17;2025-12-11;19;3106
17;2025-12-11;20;2211
17;2025-12-11;21;1387
17;2025-12-11;22;666
17;2025-12-11;23;350
17;2025-12-12;0;139
17;2025-12-12;1;17
17;2025-12-12;2;0
17;2025-12-12;3;0
17;2025-12-12;4;23
17;2025-12-12;5;301
17;2025-12-12;6;1478
17;2025-12-12;7;4006
17;2025-12-12;8;5075
17;2025-12-12;9;3667
17;2025-12-12;10;2904
17;2025-12-12;11;2955
17;2025-12-12;12;2919
17;2025-12-12;13;3006
17;2025-12-12;14;3073
17;2025-12-12;15;3339
17;2025-12-12;16;4037
17;2025-12-12;17;4591
17;2025-12-12;18;4165
17;2025-12-12;19;3082
17;2025-12-12;20;2270
17;2025-12-12;21;1528
17;2025-12-12;22;735
17;2025-12-12;23;458
17;2025-12-13;0;203
17;2025-12-13;1;28
17;2025-12-13;2;0
17;2025-12-13;3;0
17;2025-12-13;4;5
17;2025-12-13;5;136
17;2025-12-13;6;583
17;2025-12-13;7;1271
17;2025-12-13;8;1802
17;2025-12-13;9;2293
17;2025-12-13;10;2562
17;2025-12-13;11;3055
17;2025-12-13;12;3383
17;2025-12-13;13;3650
17;2025-12-13;14;3665
17;2025-12-13;15;3657
17;2025-12-13;16;3674
17;2025-12-13;17;3383
17;2025-12-13;18;2995
17;2025-12-13;19;2367
17;2025-12-13;20;1864
17;2025-12-13;21;1337
17;2025-12-13;22;806
17;2025-12-13;23;452
17;2025-12-14;0;187
17;2025-12-14;1;23
17;2025-12-14;2;0
17;2025-12-14;3;0
17;2025-12-14;4;3
17;2025-12-14;5;106
17;2025-12-14;6;439
17;2025-12-14;7;853
17;2025-12-14;8;1242
17;2025-12-14;9;1701
17;2025-12-14;10;2007
17;2025-12-14;11;2580
17;2025-12-14;12;2928
17;2025-12-14;13;3179
17;2025-12-14;14;3314
17;2025-12-14;15;3245
17;2025-12-14;16;3156
17;2025-12-14;17;2996
17;2025-12-14;18;2583
17;2025-12-14;19;2067
17;2025-12-14;20;1523
17;2025-12-14;21;1126
17;2025-12-14;22;690
17;2025-12-14;23;316
17;2025-12-15;0;122
17;2025-12-15;1;12
17;2025-12-15;2;0
17;2025-12-15;3;0
17;2025-12-15;4;26
17;2025-12-15;5;314
17;2025-12-15;6;1565
17;2025-12-15;7;4269
17;2025-12-15;8;5494
17;2025-12-15;9;3933
17;2025-12-15;10;3080
17;2025-12-15;11;3054
17;2025-12-15;12;3079
17;2025-12-15;13;3136
17;2025-12-15;14;3248
17;2025-12-15;15;3306
17;2025-12-15;16;3747
17;2025-12-15;17;4569
17;2025-12-15;18;4805
17;2025-12-15;19;3245
17;2025-12-15;20;2310
17;2025-12-15;21;1449
17;2025-12-15;22;696
17;2025-12-15;23;366
17;2025-12-16;0;120
17;2025-12-16;1;12
17;2025-12-16;2;0
17;2025-12-16;3;0
17;2025-12-16;4;26
17;2025-12-16;5;310
17;2025-12-16;6;1543
17;2025-12-16;7;4208
17;2025-12-16;8;5416
17;2025-12-16;9;3877
17;2025-12-16;10;3036
17;2025-12-16;11;3010
17;2025-12-16;12;3035
17;2025-12-16;13;3091
17;2025-12-16;14;3202
17;2025-12-16;15;3259
17;2025-12-16;16;3694
17;2025-12-16;17;4504
17;2025-12-16;18;4737
17;2025-12-16;19;3199
17;2025-12-16;20;2277
17;2025-12-16;21;1429
17;2025-12-16;22;686
17;2025-12-16;23;361
17;2025-12-17;0;122
17;2025-12-17;1;12
17;2025-12-17;2;0
17;2025-12-17;3;0
17;2025-12-17;4;26
17;2025-12-17;5;315
17;2025-12-17;6;1567
17;2025-12-17;7;4273
17;2025-12-17;8;5500
17;2025-12-17;9;3937
17;2025-12-17;10;3083
17;2025-12-17;11;3057
17;2025-12-17;12;3082
17;2025-12-17;13;3139
17;2025-12-17;14;3252
17;2025-12-17;15;3310
17;2025-12-17;16;3751
17;2025-12-17;17;4574
17;2025-12-17;18;4810
17;2025-12-17;19;3249
17;2025-12-17;20;2313
17;2025-12-17;21;1451
17;2025-12-17;22;696
17;2025-12-17;23;367
17;2025-12-18;0;122
17;2025-12-18;1;12
17;2025-12-18;2;0
17;2025-12-18;3;0
17;2025-12-18;4;26
17;2025-12-18;5;315
17;2025-12-18;6;1567
17;2025-12-18;7;4273
17;2025-12-18;8;5500
17;2025-12-18;9;3937
17;2025-12-18;10;3083
17;2025-12-18;11;3057
17;2025-12-18;12;3082
17;2025-12-18;13;3139
17;2025-12-18;14;3252
17;2025-12-18;15;3310
17;2025-12-18;16;3751
17;2025-12-18;17;4574
17;2025-12-18;18;4810
17;2025-12-18;19;3249
17;2025-12-18;20;2313
17;2025-12-18;21;1451
17;2025-12-18;22;696
17;2025-12-18;23;367
17;2025-12-19;0;144
17;2025-12-19;1;17
17;2025-12-19;2;0
17;2025-12-19;3;0
17;2025-12-19;4;24
17;2025-12-19;5;312
17;2025-12-19;6;1531
17;2025-12-19;7;4149
17;2025-12-19;8;5257
17;2025-12-19;9;3798
17;2025-12-19;10;3008
17;2025-12-19;11;3060
17;2025-12-19;12;3024
17;2025-12-19;13;3114
17;2025-12-19;14;3183
17;2025-12-19;15;3459
17;2025-12-19;16;4182
17;2025-12-19;17;4755
17;2025-12-19;18;4315
17;2025-12-19;19;3192
17;2025-12-19;20;2351
17;2025-12-19;21;1582
17;2025-12-19;22;762
17;2025-12-19;23;474
17;2025-12-20;0;204
17;2025-12-20;1;28
17;2025-12-20;2;0
17;2025-12-20;3;0
17;2025-12-20;4;5
17;2025-12-20;5;137
17;2025-12-20;6;586
17;2025-12-20;7;1276
17;2025-12-20;8;1810
17;2025-12-20;9;2303
17;2025-12-20;10;2574
17;2025-12-20;11;3068
17;2025-12-20;12;3398
17;2025-12-20;13;3666
17;2025-12-20;14;3681
17;2025-12-20;15;3673
17;2025-12-20;16;3691
17;2025-12-20;17;3398
17;2025-12-20;18;3008
17;2025-12-20;19;2378
17;2025-12-20;20;1872
17;2025-12-20;21;1343
17;2025-12-20;22;809
17;2025-12-20;23;454
17;2025-12-21;0;186
17;2025-12-21;1;23
17;2025-12-21;2;0
17;2025-12-21;3;0
17;2025-12-21;4;3
17;2025-12-21;5;106
17;2025-12-21;6;438
17;2025-12-21;7;850
17;2025-12-21;8;1238
17;2025-12-21;9;1695
17;2025-12-21;10;2000
17;2025-12-21;11;2572
17;2025-12-21;12;2918
17;2025-12-21;13;3169
17;2025-12-21;14;3303
17;2025-12-21;15;3235
17;2025-12-21;16;3146
17;2025-12-21;17;2986
17;2025-12-21;18;2575
17;2025-12-21;19;2060
17;2025-12-21;20;1518
17;2025-12-21;21;1122
17;2025-12-21;22;687
17;2025-12-21;23;315
17;2025-12-22;0;121
17;2025-12-22;1;12
17;2025-12-22;2;0
17;2025-12-22;3;0
17;2025-12-22;4;26
17;2025-12-22;5;312
17;2025-12-22;6;1553
17;2025-12-22;7;4236
17;2025-12-22;8;5452
17;2025-12-22;9;3903
17;2025-12-22;10;3056
17;2025-12-22;11;3030
17;2025-12-22;12;3055
17;2025-12-22;13;3112
17;2025-12-22;14;3223
17;2025-12-22;15;3281
17;2025-12-22;16;3719
17;2025-12-22;17;4534
17;2025-12-22;18;4768
17;2025-12-22;19;3220
17;2025-12-22;20;2293
17;2025-12-22;21;1438
17;2025-12-22;22;690
17;2025-12-22;23;363
17;2025-12-23;0;118
17;2025-12-23;1;12
17;2025-12-23;2;0
17;2025-12-23;3;0
17;2025-12-23;4;26
17;2025-12-23;5;304
17;2025-12-23;6;1514
17;2025-12-23;7;4130
17;2025-12-23;8;5316
17;2025-12-23;9;3806
17;2025-12-23;10;2980
17;2025-12-23;11;2955
17;2025-12-23;12;2979
17;2025-12-23;13;3034
17;2025-12-23;14;3143
17;2025-12-23;15;3199
17;2025-12-23;16;3626
17;2025-12-23;17;4421
17;2025-12-23;18;4650
17;2025-12-23;19;3140
17;2025-12-23;20;2235
17;2025-12-23;21;1402
17;2025-12-23;22;673
17;2025-12-23;23;354
17;2025-12-24;0;117
17;2025-12-24;1;12
17;2025-12-24;2;0
17;2025-12-24;3;0
17;2025-12-24;4;25
17;2025-12-24;5;303
17;2025-12-24;6;1506
17;2025-12-24;7;4108
17;2025-12-24;8;5287
17;2025-12-24;9;3785
17;2025-12-24;10;2964
17;2025-12-24;11;2939
17;2025-12-24;12;2963
17;2025-12-24;13;3018
17;2025-12-24;14;3126
17;2025-12-24;15;3182
17;2025-12-24;16;3606
17;2025-12-24;17;4397
17;2025-12-24;18;4624
17;2025-12-24;19;3123
17;2025-12-24;20;2223
17;2025-12-24;21;1395
17;2025-12-24;22;670
17;2025-12-24;23;352
17;2025-12-25;0;120
17;2025-12-25;1;12
17;2025-12-25;2;0
17;2025-12-25;3;0
17;2025-12-25;4;26
17;2025-12-25;5;309
17;2025-12-25;6;1539
17;2025-12-25;7;4199
17;2025-12-25;8;5404
17;2025-12-25;9;3869
17;2025-12-25;10;3030
17;2025-12-25;11;3004
17;2025-12-25;12;3029
17;2025-12-25;13;3084
17;2025-12-25;14;3195
17;2025-12-25;15;3252
17;2025-12-25;16;3686
17;2025-12-25;17;4494
17;2025-12-25;18;4726
17;2025-12-25;19;3192
17;2025-12-25;20;2272
17;2025-12-25;21;1426
17;2025-12-25;22;684
17;2025-12-25;23;360
17;2025-12-26;0;136
17;2025-12-26;1;16
17;2025-12-26;2;0
17;2025-12-26;3;0
17;2025-12-26;4;23
17;2025-12-26;5;296
17;2025-12-26;6;1450
17;2025-12-26;7;3932
17;2025-12-26;8;4981
17;2025-12-26;9;3599
17;2025-12-26;10;2850
17;2025-12-26;11;2900
17;2025-12-26;12;2865
17;2025-12-26;13;2951
17;2025-12-26;14;3016
17;2025-12-26;15;3277
17;2025-12-26;16;3962
17;2025-12-26;17;4506
17;2025-12-26;18;4088
17;2025-12-26;19;3025
17;2025-12-26;20;2228
17;2025-12-26;21;1499
17;2025-12-26;22;722
17;2025-12-26;23;449
17;2025-12-27;0;204
17;2025-12-27;1;28
17;2025-12-27;2;0
17;2025-12-27;3;0
17;2025-12-27;4;5
17;2025-12-27;5;137
17;2025-12-27;6;585
17;2025-12-27;7;1273
17;2025-12-27;8;1806
17;2025-12-27;9;2298
17;2025-12-27;10;2568
17;2025-12-27;11;3061
17;2025-12-27;12;3391
17;2025-12-27;13;3658
17;2025-12-27;14;3673
17;2025-12-27;15;3665
17;2025-12-27;16;3682
17;2025-12-27;17;3391
17;2025-12-27;18;3002
17;2025-12-27;19;2373
17;2025-12-27;20;1868
17;2025-12-27;21;1340
17;2025-12-27;22;807
17;2025-12-27;23;453
17;2025-12-28;0;183
17;2025-12-28;1;23
17;2025-12-28;2;0
17;2025-12-28;3;0
17;2025-12-28;4;3
17;2025-12-28;5;104
17;2025-12-28;6;431
17;2025-12-28;7;836
17;2025-12-28;8;1218
17;2025-12-28;9;1667
17;2025-12-28;10;1968
17;2025-12-28;11;2529
17;2025-12-28;12;2870
17;2025-12-28;13;3117
17;2025-12-28;14;3249
17;2025-12-28;15;3182
17;2025-12-28;16;3094
17;2025-12-28;17;2937
17;2025-12-28;18;2532
17;2025-12-28;19;2026
17;2025-12-28;20;1493
17;2025-12-28;21;1104
17;2025-12-28;22;676
17;2025-12-28;23;310
17;2025-12-29;0;106
17;2025-12-29;1;11
17;2025-12-29;2;0
17;2025-12-29;3;0
17;2025-12-29;4;22
17;2025-12-29;5;272
17;2025-12-29;6;1355
17;2025-12-29;7;3695
17;2025-12-29;8;4755
17;2025-12-29;9;3405
17;2025-12-29;10;2666
17;2025-12-29;11;2644
17;2025-12-29;12;2665
17;2025-12-29;13;2714
17;2025-12-29;14;2812
17;2025-12-29;15;2862
17;2025-12-29;16;3243
17;2025-12-29;17;3954
17;2025-12-29;18;4159
17;2025-12-29;19;2809
17;2025-12-29;20;2000
17;2025-12-29;21;1255
17;2025-12-29;22;603
17;2025-12-29;23;317
17;2025-12-30;0;104
17;2025-12-30;1;11
17;2025-12-30;2;0
17;2025-12-30;3;0
17;2025-12-30;4;22
17;2025-12-30;5;267
17;2025-12-30;6;1328
17;2025-12-30;7;3623
17;2025-12-30;8;4662
17;2025-12-30;9;3338
17;2025-12-30;10;2614
17;2025-12-30;11;2592
17;2025-12-30;12;2613
17;2025-12-30;13;2661
17;2025-12-30;14;2757
17;2025-12-30;15;2806
17;2025-12-30;16;3180
17;2025-12-30;17;3877
17;2025-12-30;18;4077
17;2025-12-30;19;2754
17;2025-12-30;20;1961
17;2025-12-30;21;1230
17;2025-12-30;22;591
17;2025-12-30;23;311
17;2025-12-31;0;161
17;2025-12-31;1;22
17;2025-12-31;2;0
17;2025-12-31;3;0
17;2025-12-31;4;4
17;2025-12-31;5;108
17;2025-12-31;6;461
17;2025-12-31;7;1007
17;2025-12-31;8;1427
17;2025-12-31;9;1817
17;2025-12-31;10;2030
17;2025-12-31;11;2420
17;2025-12-31;12;2680
17;2025-12-31;13;2891
17;2025-12-31;14;2904
17;2025-12-31;15;2898
17;2025-12-31;16;2911
17;2025-12-31;17;2680
17;2025-12-31;18;2372
17;2025-12-31;19;1876
17;2025-12-31;20;0
17;2025-12-31;21;0
17;2025-12-31;22;0
17;2025-12-31;23;0
25;2025-11-01;0;0
25;2025-11-01;1;0
25;2025-11-01;2;0
25;2025-11-01;3;0
25;2025-11-01;4;0
25;2025-11-01;5;14
25;2025-11-01;6;238
25;2025-11-01;7;487
25;2025-11-01;8;747
25;2025-11-01;9;380
25;2025-11-01;10;348
25;2025-11-01;11;385
25;2025-11-01;12;367
25;2025-11-01;13;485
25;2025-11-01;14;403
25;2025-11-01;15;558
25;2025-11-01;16;711
25;2025-11-01;17;683
25;2025-11-01;18;602
25;2025-11-01;19;554
25;2025-11-01;20;295
25;2025-11-01;21;192
25;2025-11-01;22;94
25;2025-11-01;23;12
25;2025-11-02;0;15
25;2025-11-02;1;0
25;2025-11-02;2;0
25;2025-11-02;3;0
25;2025-11-02;4;0
25;2025-11-02;5;10
25;2025-11-02;6;104
25;2025-11-02;7;97
25;2025-11-02;8;185
25;2025-11-02;9;208
25;2025-11-02;10;212
25;2025-11-02;11;303
25;2025-11-02;12;363
25;2025-11-02;13;479
25;2025-11-02;14;565
25;2025-11-02;15;646
25;2025-11-02;16;550
25;2025-11-02;17;548
25;2025-11-02;18;420
25;2025-11-02;19;281
25;2025-11-02;20;223
25;2025-11-02;21;139
25;2025-11-02;22;88
25;2025-11-02;23;33
25;2025-11-03;0;15
25;2025-11-03;1;0
25;2025-11-03;2;0
25;2025-11-03;3;0
25;2025-11-03;4;0
25;2025-11-03;5;10
25;2025-11-03;6;103
25;2025-11-03;7;96
25;2025-11-03;8;181
25;2025-11-03;9;204
25;2025-11-03;10;208
25;2025-11-03;11;298
25;2025-11-03;12;356
25;2025-11-03;13;470
25;2025-11-03;14;554
25;2025-11-03;15;634
25;2025-11-03;16;539
25;2025-11-03;17;538
25;2025-11-03;18;412
25;2025-11-03;19;276
25;2025-11-03;20;219
25;2025-11-03;21;136
25;2025-11-03;22;87
25;2025-11-03;23;33
25;2025-11-04;0;15
25;2025-11-04;1;0
25;2025-11-04;2;0
25;2025-11-04;3;0
25;2025-11-04;4;0
25;2025-11-04;5;10
25;2025-11-04;6;102
25;2025-11-04;7;95
25;2025-11-04;8;179
25;2025-11-04;9;202
25;2025-11-04;10;206
25;2025-11-04;11;295
25;2025-11-04;12;353
25;2025-11-04;13;465
25;2025-11-04;14;549
25;2025-11-04;15;628
25;2025-11-04;16;534
25;2025-11-04;17;532
25;2025-11-04;18;408
25;2025-11-04;19;273
25;2025-11-04;20;217
25;2025-11-04;21;135
25;2025-11-04;22;86
25;2025-11-04;23;33
25;2025-11-05;0;3
25;2025-11-05;1;0
25;2025-11-05;2;0
25;2025-11-05;3;0
25;2025-11-05;4;0
25;2025-11-05;5;20
25;2025-11-05;6;265
25;2025-11-05;7;530
25;2025-11-05;8;915
25;2025-11-05;9;478
25;2025-11-05;10;380
25;2025-11-05;11;441
25;2025-11-05;12;431
25;2025-11-05;13;546
25;2025-11-05;14;462
25;2025-11-05;15;562
25;2025-11-05;16;681
25;2025-11-05;17;786
25;2025-11-05;18;785
25;2025-11-05;19;612
25;2025-11-05;20;317
25;2025-11-05;21;225
25;2025-11-05;22;88
25;2025-11-05;23;8
25;2025-11-06;0;3
25;2025-11-06;1;0
25;2025-11-06;2;0
25;2025-11-06;3;0
25;2025-11-06;4;0
25;2025-11-06;5;20
25;2025-11-06;6;261
25;2025-11-06;7;521
25;2025-11-06;8;900
25;2025-11-06;9;470
25;2025-11-06;10;374
25;2025-11-06;11;433
25;2025-11-06;12;424
25;2025-11-06;13;537
25;2025-11-06;14;454
25;2025-11-06;15;553
25;2025-11-06;16;670
25;2025-11-06;17;773
25;2025-11-06;18;772
25;2025-11-06;19;602
25;2025-11-06;20;312
25;2025-11-06;21;222
25;2025-11-06;22;87
25;2025-11-06;23;8
25;2025-11-07;0;0
25;2025-11-07;1;0
25;2025-11-07;2;0
25;2025-11-07;3;0
25;2025-11-07;4;0
25;2025-11-07;5;17
25;2025-11-07;6;295
25;2025-11-07;7;605
25;2025-11-07;8;930
25;2025-11-07;9;473
25;2025-11-07;10;432
25;2025-11-07;11;478
25;2025-11-07;12;456
25;2025-11-07;13;603
25;2025-11-07;14;501
25;2025-11-07;15;694
25;2025-11-07;16;885
25;2025-11-07;17;850
25;2025-11-07;18;748
25;2025-11-07;19;690
25;2025-11-07;20;368
25;2025-11-07;21;238
25;2025-11-07;22;117
25;2025-11-07;23;15
25;2025-11-08;0;6
25;2025-11-08;1;0
25;2025-11-08;2;0
25;2025-11-08;3;0
25;2025-11-08;4;0
25;2025-11-08;5;20
25;2025-11-08;6;135
25;2025-11-08;7;132
25;2025-11-08;8;305
25;2025-11-08;9;274
25;2025-11-08;10;282
25;2025-11-08;11;376
25;2025-11-08;12;395
25;2025-11-08;13;654
25;2025-11-08;14;660
25;2025-11-08;15;775
25;2025-11-08;16;726
25;2025-11-08;17;581
25;2025-11-08;18;510
25;2025-11-08;19;441
25;2025-11-08;20;250
25;2025-11-08;21;191
25;2025-11-08;22;111
25;2025-11-08;23;42
25;2025-11-09;0;15
25;2025-11-09;1;0
25;2025-11-09;2;0
25;2025-11-09;3;0
25;2025-11-09;4;0
25;2025-11-09;5;10
25;2025-11-09;6;105
25;2025-11-09;7;97
25;2025-11-09;8;185
25;2025-11-09;9;208
25;2025-11-09;10;212
25;2025-11-09;11;304
25;2025-11-09;12;363
25;2025-11-09;13;479
25;2025-11-09;14;566
25;2025-11-09;15;647
25;2025-11-09;16;550
25;2025-11-09;17;548
25;2025-11-09;18;420
25;2025-11-09;19;281
25;2025-11-09;20;223
25;2025-11-09;21;139
25;2025-11-09;22;88
25;2025-11-09;23;34
25;2025-11-10;0;3
25;2025-11-10;1;0
25;2025-11-10;2;0
25;2025-11-10;3;0
25;2025-11-10;4;0
25;2025-11-10;5;20
25;2025-11-10;6;265
25;2025-11-10;7;530
25;2025-11-10;8;915
25;2025-11-10;9;478
25;2025-11-10;10;380
25;2025-11-10;11;441
25;2025-11-10;12;431
25;2025-11-10;13;546
25;2025-11-10;14;462
25;2025-11-10;15;562
25;2025-11-10;16;681
25;2025-11-10;17;786
25;2025-11-10;18;785
25;2025-11-10;19;612
25;2025-11-10;20;317
25;2025-11-10;21;225
25;2025-11-10;22;88
25;2025-11-10;23;8
25;2025-11-11;0;3
25;2025-11-11;1;0
25;2025-11-11;2;0
25;2025-11-11;3;0
25;2025-11-11;4;0
25;2025-11-11;5;20
25;2025-11-11;6;265
25;2025-11-11;7;530
25;2025-11-11;8;915
25;2025-11-11;9;478
25;2025-11-11;10;380
25;2025-11-11;11;441
25;2025-11-11;12;431
25;2025-11-11;13;546
25;2025-11-11;14;462
25;2025-11-11;15;562
25;2025-11-11;16;681
25;2025-11-11;17;786
25;2025-11-11;18;785
25;2025-11-11;19;612
25;2025-11-11;20;317
25;2025-11-11;21;225
25;2025-11-11;22;88
25;2025-11-11;23;8
25;2025-11-12;0;3
25;2025-11-12;1;0
25;2025-11-12;2;0
25;2025-11-12;3;0
25;2025-11-12;4;0
25;2025-11-12;5;20
25;2025-11-12;6;262
25;2025-11-12;7;524
25;2025-11-12;8;905
25;2025-11-12;9;473
25;2025-11-12;10;376
25;2025-11-12;11;436
25;2025-11-12;12;427
25;2025-11-12;13;540
25;2025-11-12;14;457
25;2025-11-12;15;556
25;2025-11-12;16;674
25;2025-11-12;17;777
25;2025-11-12;18;776
25;2025-11-12;19;606
25;2025-11-12;20;313
25;2025-11-12;21;223
25;2025-11-12;22;87
25;2025-11-12;23;8
25;2025-11-13;0;3
25;2025-11-13;1;0
25;2025-11-13;2;0
25;2025-11-13;3;0
25;2025-11-13;4;0
25;2025-11-13;5;20
25;2025-11-13;6;265
25;2025-11-13;7;529
25;2025-11-13;8;914
25;2025-11-13;9;478
25;2025-11-13;10;379
25;2025-11-13;11;440
25;2025-11-13;12;431
25;2025-11-13;13;546
25;2025-11-13;14;461
25;2025-11-13;15;562
25;2025-11-13;16;681
25;2025-11-13;17;785
25;2025-11-13;18;784
25;2025-11-13;19;612
25;2025-11-13;20;316
25;2025-11-13;21;225
25;2025-11-13;22;88
25;2025-11-13;23;8
25;2025-11-14;0;0
25;2025-11-14;1;0
25;2025-11-14;2;0
25;2025-11-14;3;0
25;2025-11-14;4;0
25;2025-11-14;5;17
25;2025-11-14;6;295
25;2025-11-14;7;606
25;2025-11-14;8;932
25;2025-11-14;9;474
25;2025-11-14;10;433
25;2025-11-14;11;479
25;2025-11-14;12;457
25;2025-11-14;13;604
25;2025-11-14;14;502
25;2025-11-14;15;695
25;2025-11-14;16;886
25;2025-11-14;17;852
25;2025-11-14;18;750
25;2025-11-14;19;691
25;2025-11-14;20;368
25;2025-11-14;21;239
25;2025-11-14;22;117
25;2025-11-14;23;15
25;2025-11-15;0;6
25;2025-11-15;1;0
25;2025-11-15;2;0
25;2025-11-15;3;0
25;2025-11-15;4;0
25;2025-11-15;5;19
25;2025-11-15;6;126
25;2025-11-15;7;123
25;2025-11-15;8;284
25;2025-11-15;9;256
25;2025-11-15;10;263
25;2025-11-15;11;351
25;2025-11-15;12;369
25;2025-11-15;13;610
25;2025-11-15;14;616
25;2025-11-15;15;723
25;2025-11-15;16;677
25;2025-11-15;17;542
25;2025-11-15;18;476
25;2025-11-15;19;411
25;2025-11-15;20;233
25;2025-11-15;21;178
25;2025-11-15;22;103
25;2025-11-15;23;39
25;2025-11-16;0;15
25;2025-11-16;1;0
25;2025-11-16;2;0
25;2025-11-16;3;0
25;2025-11-16;4;0
25;2025-11-16;5;10
25;2025-11-16;6;105
25;2025-11-16;7;97
25;2025-11-16;8;185
25;2025-11-16;9;208
25;2025-11-16;10;212
25;2025-11-16;11;304
25;2025-11-16;12;363
25;2025-11-16;13;479
25;2025-11-16;14;566
25;2025-11-16;15;647
25;2025-11-16;16;550
25;2025-11-16;17;548
25;2025-11-16;18;420
25;2025-11-16;19;281
25;2025-11-16;20;223
25;2025-11-16;21;139
25;2025-11-16;22;88
25;2025-11-16;23;34
25;2025-11-17;0;3
25;2025-11-17;1;0
25;2025-11-17;2;0
25;2025-11-17;3;0
25;2025-11-17;4;0
25;2025-11-17;5;20
25;2025-11-17;6;257
25;2025-11-17;7;513
25;2025-11-17;8;886
25;2025-11-17;9;463
25;2025-11-17;10;368
25;2025-11-17;11;427
25;2025-11-17;12;418
25;2025-11-17;13;529
25;2025-11-17;14;447
25;2025-11-17;15;545
25;2025-11-17;16;660
25;2025-11-17;17;761
25;2025-11-17;18;760
25;2025-11-17;19;593
25;2025-11-17;20;307
25;2025-11-17;21;218
25;2025-11-17;22;86
25;2025-11-17;23;8
25;2025-11-18;0;3
25;2025-11-18;1;0
25;2025-11-18;2;0
25;2025-11-18;3;0
25;2025-11-18;4;0
25;2025-11-18;5;19
25;2025-11-18;6;252
25;2025-11-18;7;503
25;2025-11-18;8;869
25;2025-11-18;9;454
25;2025-11-18;10;361
25;2025-11-18;11;418
25;2025-11-18;12;410
25;2025-11-18;13;519
25;2025-11-18;14;439
25;2025-11-18;15;534
25;2025-11-18;16;647
25;2025-11-18;17;746
25;2025-11-18;18;745
25;2025-11-18;19;581
25;2025-11-18;20;301
25;2025-11-18;21;214
25;2025-11-18;22;84
25;2025-11-18;23;8
25;2025-11-19;0;3
25;2025-11-19;1;0
25;2025-11-19;2;0
25;2025-11-19;3;0
25;2025-11-19;4;0
25;2025-11-19;5;20
25;2025-11-19;6;265
25;2025-11-19;7;530
25;2025-11-19;8;915
25;2025-11-19;9;478
25;2025-11-19;10;380
25;2025-11-19;11;441
25;2025-11-19;12;431
25;2025-11-19;13;546
25;2025-11-19;14;462
25;2025-11-19;15;562
25;2025-11-19;16;681
25;2025-11-19;17;786
25;2025-11-19;18;785
25;2025-11-19;19;612
25;2025-11-19;20;317
25;2025-11-19;21;225
25;2025-11-19;22;88
25;2025-11-19;23;8
25;2025-11-20;0;3
25;2025-11-20;1;0
25;2025-11-20;2;0
25;2025-11-20;3;0
25;2025-11-20;4;0
25;2025-11-20;5;20
25;2025-11-20;6;265
25;2025-11-20;7;530
25;2025-11-20;8;915
25;2025-11-20;9;478
25;2025-11-20;10;380
25;2025-11-20;11;441
25;2025-11-20;12;431
25;2025-11-20;13;546
25;2025-11-20;14;462
25;2025-11-20;15;562
25;2025-11-20;16;681
25;2025-11-20;17;786
25;2025-11-20;18;785
25;2025-11-20;19;612
25;2025-11-20;20;317
25;2025-11-20;21;225
25;2025-11-20;22;88
25;2025-11-20;23;8
25;2025-11-21;0;0
25;2025-11-21;1;0
25;2025-11-21;2;0
25;2025-11-21;3;0
25;2025-11-21;4;0
25;2025-11-21;5;17
25;2025-11-21;6;295
25;2025-11-21;7;606
25;2025-11-21;8;932
25;2025-11-21;9;474
25;2025-11-21;10;433
25;2025-11-21;11;479
25;2025-11-21;12;457
25;2025-11-21;13;604
25;2025-11-21;14;502
25;2025-11-21;15;695
25;2025-11-21;16;886
25;2025-11-21;17;852
25;2025-11-21;18;750
25;2025-11-21;19;691
25;2025-11-21;20;368
25;2025-11-21;21;239
25;2025-11-21;22;117
25;2025-11-21;23;15
25;2025-11-22;0;6
25;2025-11-22;1;0
25;2025-11-22;2;0
25;2025-11-22;3;0
25;2025-11-22;4;0
25;2025-11-22;5;20
25;2025-11-22;6;133
25;2025-11-22;7;130
25;2025-11-22;8;301
25;2025-11-22;9;271
25;2025-11-22;10;279
25;2025-11-22;11;371
25;2025-11-22;12;390
25;2025-11-22;13;646
25;2025-11-22;14;652
25;2025-11-22;15;765
25;2025-11-22;16;717
25;2025-11-22;17;574
25;2025-11-22;18;504
25;2025-11-22;19;435
25;2025-11-22;20;247
25;2025-11-22;21;189
25;2025-11-22;22;109
25;2025-11-22;23;41
25;2025-11-23;0;15
25;2025-11-23;1;0
25;2025-11-23;2;0
25;2025-11-23;3;0
25;2025-11-23;4;0
25;2025-11-23;5;10
25;2025-11-23;6;105
25;2025-11-23;7;97
25;2025-11-23;8;185
25;2025-11-23;9;208
25;2025-11-23;10;212
25;2025-11-23;11;304
25;2025-11-23;12;363
25;2025-11-23;13;479
25;2025-11-23;14;566
25;2025-11-23;15;647
25;2025-11-23;16;550
25;2025-11-23;17;548
25;2025-11-23;18;420
25;2025-11-23;19;281
25;2025-11-23;20;223
25;2025-11-23;21;139
25;2025-11-23;22;88
25;2025-11-23;23;34
25;2025-11-24;0;3
25;2025-11-24;1;0
25;2025-11-24;2;0
25;2025-11-24;3;0
25;2025-11-24;4;0
25;2025-11-24;5;19
25;2025-11-24;6;253
25;2025-11-24;7;506
25;2025-11-24;8;873
25;2025-11-24;9;457
25;2025-11-24;10;363
25;2025-11-24;11;421
25;2025-11-24;12;412
25;2025-11-24;13;522
25;2025-11-24;14;441
25;2025-11-24;15;537
25;2025-11-24;16;650
25;2025-11-24;17;750
25;2025-11-24;18;749
25;2025-11-24;19;585
25;2025-11-24;20;302
25;2025-11-24;21;215
25;2025-11-24;22;84
25;2025-11-24;23;8
25;2025-11-25;0;3
25;2025-11-25;1;0
25;2025-11-25;2;0
25;2025-11-25;3;0
25;2025-11-25;4;0
25;2025-11-25;5;20
25;2025-11-25;6;265
25;2025-11-25;7;530
25;2025-11-25;8;915
25;2025-11-25;9;478
25;2025-11-25;10;380
25;2025-11-25;11;441
25;2025-11-25;12;431
25;2025-11-25;13;546
25;2025-11-25;14;462
25;2025-11-25;15;562
25;2025-11-25;16;681
25;2025-11-25;17;786
25;2025-11-25;18;785
25;2025-11-25;19;612
25;2025-11-25;20;317
25;2025-11-25;21;225
25;2025-11-25;22;88
25;2025-11-25;23;8
25;2025-11-26;0;3
25;2025-11-26;1;0
25;2025-11-26;2;0
25;2025-11-26;3;0
25;2025-11-26;4;0
25;2025-11-26;5;19
25;2025-11-26;6;252
25;2025-11-26;7;504
25;2025-11-26;8;871
25;2025-11-26;9;455
25;2025-11-26;10;361
25;2025-11-26;11;419
25;2025-11-26;12;411
25;2025-11-26;13;520
25;2025-11-26;14;440
25;2025-11-26;15;535
25;2025-11-26;16;648
25;2025-11-26;17;748
25;2025-11-26;18;747
25;2025-11-26;19;583
25;2025-11-26;20;301
25;2025-11-26;21;215
25;2025-11-26;22;84
25;2025-11-26;23;8
25;2025-11-27;0;3
25;2025-11-27;1;0
25;2025-11-27;2;0
25;2025-11-27;3;0
25;2025-11-27;4;0
25;2025-11-27;5;20
25;2025-11-27;6;255
25;2025-11-27;7;509
25;2025-11-27;8;879
25;2025-11-27;9;460
25;2025-11-27;10;365
25;2025-11-27;11;424
25;2025-11-27;12;415
25;2025-11-27;13;525
25;2025-11-27;14;444
25;2025-11-27;15;541
25;2025-11-27;16;655
25;2025-11-27;17;755
25;2025-11-27;18;754
25;2025-11-27;19;588
25;2025-11-27;20;304
25;2025-11-27;21;217
25;2025-11-27;22;85
25;2025-11-27;23;8
25;2025-11-28;0;0
25;2025-11-28;1;0
25;2025-11-28;2;0
25;2025-11-28;3;0
25;2025-11-28;4;0
25;2025-11-28;5;17
25;2025-11-28;6;296
25;2025-11-28;7;608
25;2025-11-28;8;935
25;2025-11-28;9;475
25;2025-11-28;10;435
25;2025-11-28;11;480
25;2025-11-28;12;459
25;2025-11-28;13;606
25;2025-11-28;14;504
25;2025-11-28;15;697
25;2025-11-28;16;889
25;2025-11-28;17;855
25;2025-11-28;18;752
25;2025-11-28;19;693
25;2025-11-28;20;370
25;2025-11-28;21;240
25;2025-11-28;22;118
25;2025-11-28;23;15
25;2025-11-29;0;6
25;2025-11-29;1;0
25;2025-11-29;2;0
25;2025-11-29;3;0
25;2025-11-29;4;0
25;2025-11-29;5;20
25;2025-11-29;6;135
25;2025-11-29;7;132
25;2025-11-29;8;305
25;2025-11-29;9;274
25;2025-11-29;10;282
25;2025-11-29;11;376
25;2025-11-29;12;395
25;2025-11-29;13;654
25;2025-11-29;14;660
25;2025-11-29;15;775
25;2025-11-29;16;726
25;2025-11-29;17;581
25;2025-11-29;18;510
25;2025-11-29;19;441
25;2025-11-29;20;250
25;2025-11-29;21;191
25;2025-11-29;22;111
25;2025-11-29;23;42
25;2025-11-30;0;15
25;2025-11-30;1;0
25;2025-11-30;2;0
25;2025-11-30;3;0
25;2025-11-30;4;0
25;2025-11-30;5;10
25;2025-11-30;6;105
25;2025-11-30;7;97
25;2025-11-30;8;185
25;2025-11-30;9;208
25;2025-11-30;10;212
25;2025-11-30;11;304
25;2025-11-30;12;363
25;2025-11-30;13;479
25;2025-11-30;14;566
25;2025-11-30;15;647
25;2025-11-30;16;550
25;2025-11-30;17;548
25;2025-11-30;18;420
25;2025-11-30;19;281
25;2025-11-30;20;223
25;2025-11-30;21;139
25;2025-11-30;22;88
25;2025-11-30;23;34
25;2025-12-01;0;3
25;2025-12-01;1;0
25;2025-12-01;2;0
25;2025-12-01;3;0
25;2025-12-01;4;0
25;2025-12-01;5;20
25;2025-12-01;6;265
25;2025-12-01;7;530
25;2025-12-01;8;915
25;2025-12-01;9;478
25;2025-12-01;10;380
25;2025-12-01;11;441
25;2025-12-01;12;431
25;2025-12-01;13;546
25;2025-12-01;14;462
25;2025-12-01;15;562
25;2025-12-01;16;681
25;2025-12-01;17;786
25;2025-12-01;18;785
25;2025-12-01;19;612
25;2025-12-01;20;317
25;2025-12-01;21;225
25;2025-12-01;22;88
25;2025-12-01;23;8
25;2025-12-02;0;3
25;2025-12-02;1;0
25;2025-12-02;2;0
25;2025-12-02;3;0
25;2025-12-02;4;0
25;2025-12-02;5;20
25;2025-12-02;6;265
25;2025-12-02;7;530
25;2025-12-02;8;915
25;2025-12-02;9;478
25;2025-12-02;10;380
25;2025-12-02;11;441
25;2025-12-02;12;431
25;2025-12-02;13;546
25;2025-12-02;14;462
25;2025-12-02;15;562
25;2025-12-02;16;681
25;2025-12-02;17;786
25;2025-12-02;18;785
25;2025-12-02;19;612
25;2025-12-02;20;317
25;2025-12-02;21;225
25;2025-12-02;22;88
25;2025-12-02;23;8
25;2025-12-03;0;3
25;2025-12-03;1;0
25;2025-12-03;2;0
25;2025-12-03;3;0
25;2025-12-03;4;0
25;2025-12-03;5;20
25;2025-12-03;6;265
25;2025-12-03;7;530
25;2025-12-03;8;915
25;2025-12-03;9;478
25;2025-12-03;10;380
25;2025-12-03;11;441
25;2025-12-03;12;431
25;2025-12-03;13;546
25;2025-12-03;14;462
25;2025-12-03;15;562
25;2025-12-03;16;681
25;2025-12-03;17;786
25;2025-12-03;18;785
25;2025-12-03;19;612
25;2025-12-03;20;317
25;2025-12-03;21;225
25;2025-12-03;22;88
25;2025-12-03;23;8
25;2025-12-04;0;3
25;2025-12-04;1;0
25;2025-12-04;2;0
25;2025-12-04;3;0
25;2025-12-04;4;0
25;2025-12-04;5;20
25;2025-12-04;6;265
25;2025-12-04;7;530
25;2025-12-04;8;915
25;2025-12-04;9;478
25;2025-12-04;10;380
25;2025-12-04;11;441
25;2025-12-04;12;431
25;2025-12-04;13;546
25;2025-12-04;14;462
25;2025-12-04;15;562
25;2025-12-04;16;681
25;2025-12-04;17;786
25;2025-12-04;18;785
25;2025-12-04;19;612
25;2025-12-04;20;317
25;2025-12-04;21;225
25;2025-12-04;22;88
25;2025-12-04;23;8
25;2025-12-05;0;0
25;2025-12-05;1;0
25;2025-12-05;2;0
25;2025-12-05;3;0
25;2025-12-05;4;0
25;2025-12-05;5;17
25;2025-12-05;6;296
25;2025-12-05;7;608
25;2025-12-05;8;935
25;2025-12-05;9;475
25;2025-12-05;10;435
25;2025-12-05;11;480
25;2025-12-05;12;459
25;2025-12-05;13;606
25;2025-12-05;14;504
25;2025-12-05;15;697
25;2025-12-05;16;889
25;2025-12-05;17;855
25;2025-12-05;18;752
25;2025-12-05;19;693
25;2025-12-05;20;370
25;2025-12-05;21;240
25;2025-12-05;22;118
25;2025-12-05;23;15
25;2025-12-06;0;6
25;2025-12-06;1;0
25;2025-12-06;2;0
25;2025-12-06;3;0
25;2025-12-06;4;0
25;2025-12-06;5;20
25;2025-12-06;6;135
25;2025-12-06;7;132
25;2025-12-06;8;305
25;2025-12-06;9;274
25;2025-12-06;10;282
25;2025-12-06;11;376
25;2025-12-06;12;395
25;2025-12-06;13;654
25;2025-12-06;14;660
25;2025-12-06;15;775
25;2025-12-06;16;726
25;2025-12-06;17;581
25;2025-12-06;18;510
25;2025-12-06;19;441
25;2025-12-06;20;250
25;2025-12-06;21;191
25;2025-12-06;22;111
25;2025-12-06;23;42
25;2025-12-07;0;15
25;2025-12-07;1;0
25;2025-12-07;2;0
25;2025-12-07;3;0
25;2025-12-07;4;0
25;2025-12-07;5;10
25;2025-12-07;6;105
25;2025-12-07;7;97
25;2025-12-07;8;185
25;2025-12-07;9;208
25;2025-12-07;10;212
25;2025-12-07;11;304
25;2025-12-07;12;363
25;2025-12-07;13;479
25;2025-12-07;14;566
25;2025-12-07;15;647
25;2025-12-07;16;550
25;2025-12-07;17;548
25;2025-12-07;18;420
25;2025-12-07;19;281
25;2025-12-07;20;223
25;2025-12-07;21;139
25;2025-12-07;22;88
25;2025-12-07;23;34
25;2025-12-08;0;3
25;2025-12-08;1;0
25;2025-12-08;2;0
25;2025-12-08;3;0
25;2025-12-08;4;0
25;2025-12-08;5;20
25;2025-12-08;6;265
25;2025-12-08;7;530
25;2025-12-08;8;915
25;2025-12-08;9;478
25;2025-12-08;10;380
25;2025-12-08;11;441
25;2025-12-08;12;431
25;2025-12-08;13;546
25;2025-12-08;14;462
25;2025-12-08;15;562
25;2025-12-08;16;681
25;2025-12-08;17;786
25;2025-12-08;18;785
25;2025-12-08;19;612
25;2025-12-08;20;317
25;2025-12-08;21;225
25;2025-12-08;22;88
25;2025-12-08;23;8
25;2025-12-09;0;3
25;2025-12-09;1;0
25;2025-12-09;2;0
25;2025-12-09;3;0
25;2025-12-09;4;0
25;2025-12-09;5;20
25;2025-12-09;6;265
25;2025-12-09;7;530
25;2025-12-09;8;915
25;2025-12-09;9;478
25;2025-12-09;10;380
25;2025-12-09;11;441
25;2025-12-09;12;431
25;2025-12-09;13;546
25;2025-12-09;14;462
25;2025-12-09;15;562
25;2025-12-09;16;681
25;2025-12-09;17;786
25;2025-12-09;18;785
25;2025-12-09;19;612
25;2025-12-09;20;317
25;2025-12-09;21;225
25;2025-12-09;22;88
25;2025-12-09;23;8
25;2025-12-10;0;3
25;2025-12-10;1;0
25;2025-12-10;2;0
25;2025-12-10;3;0
25;2025-12-10;4;0
25;2025-12-10;5;20
25;2025-12-10;6;263
25;2025-12-10;7;525
25;2025-12-10;8;907
25;2025-12-10;9;474
25;2025-12-10;10;376
25;2025-12-10;11;437
25;2025-12-10;12;428
25;2025-12-10;13;541
25;2025-12-10;14;458
25;2025-12-10;15;558
25;2025-12-10;16;675
25;2025-12-10;17;779
25;2025-12-10;18;778
25;2025-12-10;19;607
25;2025-12-10;20;314
25;2025-12-10;21;223
25;2025-12-10;22;88
25;2025-12-10;23;8
25;2025-12-11;0;3
25;2025-12-11;1;0
25;2025-12-11;2;0
25;2025-12-11;3;0
25;2025-12-11;4;0
25;2025-12-11;5;19
25;2025-12-11;6;253
25;2025-12-11;7;507
25;2025-12-11;8;874
25;2025-12-11;9;457
25;2025-12-11;10;363
25;2025-12-11;11;421
25;2025-12-11;12;412
25;2025-12-11;13;522
25;2025-12-11;14;442
25;2025-12-11;15;538
25;2025-12-11;16;651
25;2025-12-11;17;751
25;2025-12-11;18;750
25;2025-12-11;19;585
25;2025-12-11;20;303
25;2025-12-11;21;215
25;2025-12-11;22;84
25;2025-12-11;23;8
25;2025-12-12;0;0
25;2025-12-12;1;0
25;2025-12-12;2;0
25;2025-12-12;3;0
25;2025-12-12;4;0
25;2025-12-12;5;17
25;2025-12-12;6;286
25;2025-12-12;7;586
25;2025-12-12;8;901
25;2025-12-12;9;458
25;2025-12-12;10;419
25;2025-12-12;11;463
25;2025-12-12;12;442
25;2025-12-12;13;584
25;2025-12-12;14;485
25;2025-12-12;15;672
25;2025-12-12;16;857
25;2025-12-12;17;823
25;2025-12-12;18;725
25;2025-12-12;19;668
25;2025-12-12;20;356
25;2025-12-12;21;231
25;2025-12-12;22;113
25;2025-12-12;23;15
25;2025-12-13;0;6
25;2025-12-13;1;0
25;2025-12-13;2;0
25;2025-12-13;3;0
25;2025-12-13;4;0
25;2025-12-13;5;20
25;2025-12-13;6;134
25;2025-12-13;7;131
25;2025-12-13;8;303
25;2025-12-13;9;273
25;2025-12-13;10;281
25;2025-12-13;11;374
25;2025-12-13;12;393
25;2025-12-13;13;651
25;2025-12-13;14;657
25;2025-12-13;15;771
25;2025-12-13;16;723
25;2025-12-13;17;578
25;2025-12-13;18;507
25;2025-12-13;19;439
25;2025-12-13;20;249
25;2025-12-13;21;190
25;2025-12-13;22;110
25;2025-12-13;23;41
25;2025-12-14;0;15
25;2025-12-14;1;0
25;2025-12-14;2;0
25;2025-12-14;3;0
25;2025-12-14;4;0
25;2025-12-14;5;10
25;2025-12-14;6;104
25;2025-12-14;7;97
25;2025-12-14;8;185
25;2025-12-14;9;208
25;2025-12-14;10;212
25;2025-12-14;11;303
25;2025-12-14;12;363
25;2025-12-14;13;479
25;2025-12-14;14;565
25;2025-12-14;15;646
25;2025-12-14;16;550
25;2025-12-14;17;548
25;2025-12-14;18;420
25;2025-12-14;19;281
25;2025-12-14;20;223
25;2025-12-14;21;139
25;2025-12-14;22;88
25;2025-12-14;23;33
25;2025-12-15;0;3
25;2025-12-15;1;0
25;2025-12-15;2;0
25;2025-12-15;3;0
25;2025-12-15;4;0
25;2025-12-15;5;20
25;2025-12-15;6;265
25;2025-12-15;7;529
25;2025-12-15;8;914
25;2025-12-15;9;478
25;2025-12-15;10;379
25;2025-12-15;11;440
25;2025-12-15;12;431
25;2025-12-15;13;546
25;2025-12-15;14;461
25;2025-12-15;15;562
25;2025-12-15;16;681
25;2025-12-15;17;785
25;2025-12-15;18;784
25;2025-12-15;19;612
25;2025-12-15;20;316
25;2025-12-15;21;225
25;2025-12-15;22;88
25;2025-12-15;23;8
25;2025-12-16;0;3
25;2025-12-16;1;0
25;2025-12-16;2;0
25;2025-12-16;3;0
25;2025-12-16;4;0
25;2025-12-16;5;20
25;2025-12-16;6;261
25;2025-12-16;7;522
25;2025-12-16;8;901
25;2025-12-16;9;471
25;2025-12-16;10;374
25;2025-12-16;11;434
25;2025-12-16;12;425
25;2025-12-16;13;538
25;2025-12-16;14;455
25;2025-12-16;15;554
25;2025-12-16;16;671
25;2025-12-16;17;774
25;2025-12-16;18;773
25;2025-12-16;19;603
25;2025-12-16;20;312
25;2025-12-16;21;222
25;2025-12-16;22;87
25;2025-12-16;23;8
25;2025-12-17;0;3
25;2025-12-17;1;0
25;2025-12-17;2;0
25;2025-12-17;3;0
25;2025-12-17;4;0
25;2025-12-17;5;20
25;2025-12-17;6;265
25;2025-12-17;7;530
25;2025-12-17;8;915
25;2025-12-17;9;478
25;2025-12-17;10;380
25;2025-12-17;11;441
25;2025-12-17;12;431
25;2025-12-17;13;546
25;2025-12-17;14;462
25;2025-12-17;15;562
25;2025-12-17;16;681
25;2025-12-17;17;786
25;2025-12-17;18;785
25;2025-12-17;19;612
25;2025-12-17;20;317
25;2025-12-17;21;225
25;2025-12-17;22;88
25;2025-12-17;23;8
25;2025-12-18;0;3
25;2025-12-18;1;0
25;2025-12-18;2;0
25;2025-12-18;3;0
25;2025-12-18;4;0
25;2025-12-18;5;20
25;2025-12-18;6;265
25;2025-12-18;7;530
25;2025-12-18;8;915
25;2025-12-18;9;478
25;2025-12-18;10;380
25;2025-12-18;11;441
25;2025-12-18;12;431
25;2025-12-18;13;546
25;2025-12-18;14;462
25;2025-12-18;15;562
25;2025-12-18;16;681
25;2025-12-18;17;786
25;2025-12-18;18;785
25;2025-12-18;19;612
25;2025-12-18;20;317
25;2025-12-18;21;225
25;2025-12-18;22;88
25;2025-12-18;23;8
25;2025-12-19;0;0
25;2025-12-19;1;0
25;2025-12-19;2;0
25;2025-12-19;3;0
25;2025-12-19;4;0
25;2025-12-19;5;17
25;2025-12-19;6;296
25;2025-12-19;7;607
25;2025-12-19;8;933
25;2025-12-19;9;474
25;2025-12-19;10;434
25;2025-12-19;11;479
25;2025-12-19;12;458
25;2025-12-19;13;605
25;2025-12-19;14;502
25;2025-12-19;15;696
25;2025-12-19;16;887
25;2025-12-19;17;853
25;2025-12-19;18;751
25;2025-12-19;19;692
25;2025-12-19;20;369
25;2025-12-19;21;239
25;2025-12-19;22;118
25;2025-12-19;23;15
25;2025-12-20;0;6
25;2025-12-20;1;0
25;2025-12-20;2;0
25;2025-12-20;3;0
25;2025-12-20;4;0
25;2025-12-20;5;20
25;2025-12-20;6;135
25;2025-12-20;7;132
25;2025-12-20;8;305
25;2025-12-20;9;274
25;2025-12-20;10;282
25;2025-12-20;11;376
25;2025-12-20;12;395
25;2025-12-20;13;654
25;2025-12-20;14;660
25;2025-12-20;15;775
25;2025-12-20;16;726
25;2025-12-20;17;581
25;2025-12-20;18;510
25;2025-12-20;19;441
25;2025-12-20;20;250
25;2025-12-20;21;191
25;2025-12-20;22;111
25;2025-12-20;23;42
25;2025-12-21;0;15
25;2025-12-21;1;0
25;2025-12-21;2;0
25;2025-12-21;3;0
25;2025-12-21;4;0
25;2025-12-21;5;10
25;2025-12-21;6;104
25;2025-12-21;7;97
25;2025-12-21;8;184
25;2025-12-21;9;207
25;2025-12-21;10;211
25;2025-12-21;11;302
25;2025-12-21;12;362
25;2025-12-21;13;477
25;2025-12-21;14;563
25;2025-12-21;15;644
25;2025-12-21;16;548
25;2025-12-21;17;546
25;2025-12-21;18;418
25;2025-12-21;19;280
25;2025-12-21;20;222
25;2025-12-21;21;138
25;2025-12-21;22;88
25;2025-12-21;23;33
25;2025-12-22;0;3
25;2025-12-22;1;0
25;2025-12-22;2;0
25;2025-12-22;3;0
25;2025-12-22;4;0
25;2025-12-22;5;20
25;2025-12-22;6;263
25;2025-12-22;7;525
25;2025-12-22;8;907
25;2025-12-22;9;474
25;2025-12-22;10;376
25;2025-12-22;11;437
25;2025-12-22;12;428
25;2025-12-22;13;541
25;2025-12-22;14;458
25;2025-12-22;15;558
25;2025-12-22;16;675
25;2025-12-22;17;779
25;2025-12-22;18;778
25;2025-12-22;19;607
25;2025-12-22;20;314
25;2025-12-22;21;223
25;2025-12-22;22;88
25;2025-12-22;23;8
25;2025-12-23;0;3
25;2025-12-23;1;0
25;2025-12-23;2;0
25;2025-12-23;3;0
25;2025-12-23;4;0
25;2025-12-23;5;20
25;2025-12-23;6;256
25;2025-12-23;7;512
25;2025-12-23;8;884
25;2025-12-23;9;462
25;2025-12-23;10;367
25;2025-12-23;11;426
25;2025-12-23;12;417
25;2025-12-23;13;528
25;2025-12-23;14;447
25;2025-12-23;15;544
25;2025-12-23;16;658
25;2025-12-23;17;760
25;2025-12-23;18;759
25;2025-12-23;19;592
25;2025-12-23;20;306
25;2025-12-23;21;218
25;2025-12-23;22;85
25;2025-12-23;23;8
25;2025-12-24;0;3
25;2025-12-24;1;0
25;2025-12-24;2;0
25;2025-12-24;3;0
25;2025-12-24;4;0
25;2025-12-24;5;20
25;2025-12-24;6;255
25;2025-12-24;7;509
25;2025-12-24;8;879
25;2025-12-24;9;460
25;2025-12-24;10;365
25;2025-12-24;11;424
25;2025-12-24;12;415
25;2025-12-24;13;525
25;2025-12-24;14;444
25;2025-12-24;15;541
25;2025-12-24;16;655
25;2025-12-24;17;755
25;2025-12-24;18;754
25;2025-12-24;19;589
25;2025-12-24;20;304
25;2025-12-24;21;217
25;2025-12-24;22;85
25;2025-12-24;23;8
25;2025-12-25;0;3
25;2025-12-25;1;0
25;2025-12-25;2;0
25;2025-12-25;3;0
25;2025-12-25;4;0
25;2025-12-25;5;20
25;2025-12-25;6;260
25;2025-12-25;7;521
25;2025-12-25;8;899
25;2025-12-25;9;470
25;2025-12-25;10;373
25;2025-12-25;11;433
25;2025-12-25;12;424
25;2025-12-25;13;537
25;2025-12-25;14;454
25;2025-12-25;15;553
25;2025-12-25;16;669
25;2025-12-25;17;772
25;2025-12-25;18;771
25;2025-12-25;19;602
25;2025-12-25;20;311
25;2025-12-25;21;221
25;2025-12-25;22;87
25;2025-12-25;23;8
25;2025-12-26;0;0
25;2025-12-26;1;0
25;2025-12-26;2;0
25;2025-12-26;3;0
25;2025-12-26;4;0
25;2025-12-26;5;16
25;2025-12-26;6;280
25;2025-12-26;7;575
25;2025-12-26;8;884
25;2025-12-26;9;449
25;2025-12-26;10;411
25;2025-12-26;11;454
25;2025-12-26;12;434
25;2025-12-26;13;573
25;2025-12-26;14;476
25;2025-12-26;15;659
25;2025-12-26;16;841
25;2025-12-26;17;808
25;2025-12-26;18;711
25;2025-12-26;19;656
25;2025-12-26;20;349
25;2025-12-26;21;227
25;2025-12-26;22;111
25;2025-12-26;23;14
25;2025-12-27;0;6
25;2025-12-27;1;0
25;2025-12-27;2;0
25;2025-12-27;3;0
25;2025-12-27;4;0
25;2025-12-27;5;20
25;2025-12-27;6;135
25;2025-12-27;7;132
25;2025-12-27;8;304
25;2025-12-27;9;274
25;2025-12-27;10;282
25;2025-12-27;11;375
25;2025-12-27;12;394
25;2025-12-27;13;652
25;2025-12-27;14;658
25;2025-12-27;15;773
25;2025-12-27;16;724
25;2025-12-27;17;579
25;2025-12-27;18;509
25;2025-12-27;19;440
25;2025-12-27;20;249
25;2025-12-27;21;190
25;2025-12-27;22;110
25;2025-12-27;23;42
25;2025-12-28;0;15
25;2025-12-28;1;0
25;2025-12-28;2;0
25;2025-12-28;3;0
25;2025-12-28;4;0
25;2025-12-28;5;10
25;2025-12-28;6;102
25;2025-12-28;7;95
25;2025-12-28;8;181
25;2025-12-28;9;204
25;2025-12-28;10;208
25;2025-12-28;11;297
25;2025-12-28;12;356
25;2025-12-28;13;469
25;2025-12-28;14;554
25;2025-12-28;15;633
25;2025-12-28;16;539
25;2025-12-28;17;537
25;2025-12-28;18;412
25;2025-12-28;19;275
25;2025-12-28;20;219
25;2025-12-28;21;136
25;2025-12-28;22;87
25;2025-12-28;23;33
25;2025-12-29;0;3
25;2025-12-29;1;0
25;2025-12-29;2;0
25;2025-12-29;3;0
25;2025-12-29;4;0
25;2025-12-29;5;18
25;2025-12-29;6;229
25;2025-12-29;7;458
25;2025-12-29;8;791
25;2025-12-29;9;413
25;2025-12-29;10;328
25;2025-12-29;11;381
25;2025-12-29;12;373
25;2025-12-29;13;472
25;2025-12-29;14;399
25;2025-12-29;15;487
25;2025-12-29;16;589
25;2025-12-29;17;679
25;2025-12-29;18;678
25;2025-12-29;19;529
25;2025-12-29;20;273
25;2025-12-29;21;196
25;2025-12-29;22;77
25;2025-12-29;23;7
25;2025-12-30;0;3
25;2025-12-30;1;0
25;2025-12-30;2;0
25;2025-12-30;3;0
25;2025-12-30;4;0
25;2025-12-30;5;18
25;2025-12-30;6;225
25;2025-12-30;7;449
25;2025-12-30;8;776
25;2025-12-30;9;405
25;2025-12-30;10;322
25;2025-12-30;11;374
25;2025-12-30;12;366
25;2025-12-30;13;463
25;2025-12-30;14;391
25;2025-12-30;15;477
25;2025-12-30;16;577
25;2025-12-30;17;666
25;2025-12-30;18;665
25;2025-12-30;19;518
25;2025-12-30;20;268
25;2025-12-30;21;192
25;2025-12-30;22;75
25;2025-12-30;23;7
25;2025-12-31;0;5
25;2025-12-31;1;0
25;2025-12-31;2;0
25;2025-12-31;3;0
25;2025-12-31;4;0
25;2025-12-31;5;16
25;2025-12-31;6;106
25;2025-12-31;7;104
25;2025-12-31;8;240
25;2025-12-31;9;216
25;2025-12-31;10;223
25;2025-12-31;11;296
25;2025-12-31;12;311
25;2025-12-31;13;515
25;2025-12-31;14;520
25;2025-12-31;15;611
25;2025-12-31;16;572
25;2025-12-31;17;458
25;2025-12-31;18;402
25;2025-12-31;19;347
25;2025-12-31;20;0
25;2025-12-31;21;0
25;2025-12-31;22;0
25;2025-12-31;23;0
26;2025-11-01;0;41
26;2025-11-01;1;3
26;2025-11-01;2;0
26;2025-11-01;3;0
26;2025-11-01;4;1
26;2025-11-01;5;65
26;2025-11-01;6;378
26;2025-11-01;7;796
26;2025-11-01;8;1726
26;2025-11-01;9;1080
26;2025-11-01;10;971
26;2025-11-01;11;867
26;2025-11-01;12;860
26;2025-11-01;13;886
26;2025-11-01;14;1062
26;2025-11-01;15;1049
26;2025-11-01;16;1282
26;2025-11-01;17;1382
26;2025-11-01;18;1012
26;2025-11-01;19;794
26;2025-11-01;20;505
26;2025-11-01;21;360
26;2025-11-01;22;151
26;2025-11-01;23;119
26;2025-11-02;0;49
26;2025-11-02;1;4
26;2025-11-02;2;0
26;2025-11-02;3;0
26;2025-11-02;4;1
26;2025-11-02;5;20
26;2025-11-02;6;154
26;2025-11-02;7;254
26;2025-11-02;8;375
26;2025-11-02;9;515
26;2025-11-02;10;579
26;2025-11-02;11;810
26;2025-11-02;12;800
26;2025-11-02;13;861
26;2025-11-02;14;841
26;2025-11-02;15;769
26;2025-11-02;16;734
26;2025-11-02;17;759
26;2025-11-02;18;681
26;2025-11-02;19;498
26;2025-11-02;20;390
26;2025-11-02;21;271
26;2025-11-02;22;156
26;2025-11-02;23;103
26;2025-11-03;0;48
26;2025-11-03;1;4
26;2025-11-03;2;0
26;2025-11-03;3;0
26;2025-11-03;4;1
26;2025-11-03;5;20
26;2025-11-03;6;151
26;2025-11-03;7;249
26;2025-11-03;8;368
26;2025-11-03;9;506
26;2025-11-03;10;568
26;2025-11-03;11;795
26;2025-11-03;12;785
26;2025-11-03;13;845
26;2025-11-03;14;825
26;2025-11-03;15;754
26;2025-11-03;16;721
26;2025-11-03;17;745
26;2025-11-03;18;668
26;2025-11-03;19;489
26;2025-11-03;20;383
26;2025-11-03;21;266
26;2025-11-03;22;153
26;2025-11-03;23;102
26;2025-11-04;0;47
26;2025-11-04;1;4
26;2025-11-04;2;0
26;2025-11-04;3;0
26;2025-11-04;4;1
26;2025-11-04;5;20
26;2025-11-04;6;150
26;2025-11-04;7;246
26;2025-11-04;8;365
26;2025-11-04;9;501
26;2025-11-04;10;563
26;2025-11-04;11;787
26;2025-11-04;12;778
26;2025-11-04;13;837
26;2025-11-04;14;817
26;2025-11-04;15;747
26;2025-11-04;16;714
26;2025-11-04;17;737
26;2025-11-04;18;661
26;2025-11-04;19;484
26;2025-11-04;20;379
26;2025-11-04;21;263
26;2025-11-04;22;152
26;2025-11-04;23;101
26;2025-11-05;0;32
26;2025-11-05;1;1
26;2025-11-05;2;0
26;2025-11-05;3;0
26;2025-11-05;4;2
26;2025-11-05;5;97
26;2025-11-05;6;463
26;2025-11-05;7;1113
26;2025-11-05;8;2288
26;2025-11-05;9;1476
26;2025-11-05;10;1239
26;2025-11-05;11;1110
26;2025-11-05;12;1167
26;2025-11-05;13;1180
26;2025-11-05;14;1335
26;2025-11-05;15;1388
26;2025-11-05;16;1481
26;2025-11-05;17;1732
26;2025-11-05;18;1901
26;2025-11-05;19;1243
26;2025-11-05;20;748
26;2025-11-05;21;499
26;2025-11-05;22;203
26;2025-11-05;23;122
26;2025-11-06;0;32
26;2025-11-06;1;1
26;2025-11-06;2;0
26;2025-11-06;3;0
26;2025-11-06;4;2
26;2025-11-06;5;96
26;2025-11-06;6;455
26;2025-11-06;7;1095
26;2025-11-06;8;2251
26;2025-11-06;9;1452
26;2025-11-06;10;1218
26;2025-11-06;11;1092
26;2025-11-06;12;1147
26;2025-11-06;13;1160
26;2025-11-06;14;1313
26;2025-11-06;15;1365
26;2025-11-06;16;1457
26;2025-11-06;17;1704
26;2025-11-06;18;1870
26;2025-11-06;19;1222
26;2025-11-06;20;736
26;2025-11-06;21;490
26;2025-11-06;22;200
26;2025-11-06;23;120
26;2025-11-07;0;30
26;2025-11-07;1;1
26;2025-11-07;2;0
26;2025-11-07;3;0
26;2025-11-07;4;1
26;2025-11-07;5;81
26;2025-11-07;6;470
26;2025-11-07;7;990
26;2025-11-07;8;2145
26;2025-11-07;9;1343
26;2025-11-07;10;1207
26;2025-11-07;11;1077
26;2025-11-07;12;1069
26;2025-11-07;13;1103
26;2025-11-07;14;1320
26;2025-11-07;15;1305
26;2025-11-07;16;1594
26;2025-11-07;17;1718
26;2025-11-07;18;1258
26;2025-11-07;19;986
26;2025-11-07;20;628
26;2025-11-07;21;448
26;2025-11-07;22;188
26;2025-11-07;23;147
26;2025-11-08;0;53
26;2025-11-08;1;2
26;2025-11-08;2;0
26;2025-11-08;3;0
26;2025-11-08;4;2
26;2025-11-08;5;52
26;2025-11-08;6;237
26;2025-11-08;7;378
26;2025-11-08;8;632
26;2025-11-08;9;682
26;2025-11-08;10;845
26;2025-11-08;11;1013
26;2025-11-08;12;1092
26;2025-11-08;13;1067
26;2025-11-08;14;1118
26;2025-11-08;15;1006
26;2025-11-08;16;1056
26;2025-11-08;17;966
26;2025-11-08;18;891
26;2025-11-08;19;776
26;2025-11-08;20;546
26;2025-11-08;21;355
26;2025-11-08;22;204
26;2025-11-08;23;159
26;2025-11-09;0;49
26;2025-11-09;1;4
26;2025-11-09;2;0
26;2025-11-09;3;0
26;2025-11-09;4;1
26;2025-11-09;5;20
26;2025-11-09;6;154
26;2025-11-09;7;254
26;2025-11-09;8;376
26;2025-11-09;9;516
26;2025-11-09;10;580
26;2025-11-09;11;811
26;2025-11-09;12;801
26;2025-11-09;13;862
26;2025-11-09;14;842
26;2025-11-09;15;770
26;2025-11-09;16;735
26;2025-11-09;17;759
26;2025-11-09;18;681
26;2025-11-09;19;499
26;2025-11-09;20;391
26;2025-11-09;21;271
26;2025-11-09;22;156
26;2025-11-09;23;104
26;2025-11-10;0;32
26;2025-11-10;1;1
26;2025-11-10;2;0
26;2025-11-10;3;0
26;2025-11-10;4;2
26;2025-11-10;5;97
26;2025-11-10;6;463
26;2025-11-10;7;1113
26;2025-11-10;8;2288
26;2025-11-10;9;1476
26;2025-11-10;10;1239
26;2025-11-10;11;1110
26;2025-11-10;12;1167
26;2025-11-10;13;1180
26;2025-11-10;14;1335
26;2025-11-10;15;1388
26;2025-11-10;16;1481
26;2025-11-10;17;1732
26;2025-11-10;18;1901
26;2025-11-10;19;1243
26;2025-11-10;20;748
26;2025-11-10;21;499
26;2025-11-10;22;203
26;2025-11-10;23;122
26;2025-11-11;0;32
26;2025-11-11;1;1
26;2025-11-11;2;0
26;2025-11-11;3;0
26;2025-11-11;4;2
26;2025-11-11;5;97
26;2025-11-11;6;463
26;2025-11-11;7;1113
26;2025-11-11;8;2288
26;2025-11-11;9;1476
26;2025-11-11;10;1239
26;2025-11-11;11;1110
26;2025-11-11;12;1167
26;2025-11-11;13;1180
26;2025-11-11;14;1335
26;2025-11-11;15;1388
26;2025-11-11;16;1481
26;2025-11-11;17;1732
26;2025-11-11;18;1901
26;2025-11-11;19;1243
26;2025-11-11;20;748
26;2025-11-11;21;499
26;2025-11-11;22;203
26;2025-11-11;23;122
26;2025-11-12;0;32
26;2025-11-12;1;1
26;2025-11-12;2;0
26;2025-11-12;3;0
26;2025-11-12;4;2
26;2025-11-12;5;96
26;2025-11-12;6;458
26;2025-11-12;7;1101
26;2025-11-12;8;2263
26;2025-11-12;9;1460
26;2025-11-12;10;1225
26;2025-11-12;11;1098
26;2025-11-12;12;1154
26;2025-11-12;13;1167
26;2025-11-12;14;1320
26;2025-11-12;15;1373
26;2025-11-12;16;1465
26;2025-11-12;17;1713
26;2025-11-12;18;1880
26;2025-11-12;19;1229
26;2025-11-12;20;740
26;2025-11-12;21;493
26;2025-11-12;22;201
26;2025-11-12;23;121
26;2025-11-13;0;32
26;2025-11-13;1;1
26;2025-11-13;2;0
26;2025-11-13;3;0
26;2025-11-13;4;2
26;2025-11-13;5;97
26;2025-11-13;6;462
26;2025-11-13;7;1112
26;2025-11-13;8;2286
26;2025-11-13;9;1475
26;2025-11-13;10;1237
26;2025-11-13;11;1108
26;2025-11-13;12;1165
26;2025-11-13;13;1178
26;2025-11-13;14;1334
26;2025-11-13;15;1386
26;2025-11-13;16;1480
26;2025-11-13;17;1730
26;2025-11-13;18;1899
26;2025-11-13;19;1241
26;2025-11-13;20;747
26;2025-11-13;21;498
26;2025-11-13;22;203
26;2025-11-13;23;122
26;2025-11-14;0;30
26;2025-11-14;1;1
26;2025-11-14;2;0
26;2025-11-14;3;0
26;2025-11-14;4;1
26;2025-11-14;5;81
26;2025-11-14;6;471
26;2025-11-14;7;992
26;2025-11-14;8;2149
26;2025-11-14;9;1346
26;2025-11-14;10;1209
26;2025-11-14;11;1080
26;2025-11-14;12;1072
26;2025-11-14;13;1105
26;2025-11-14;14;1323
26;2025-11-14;15;1307
26;2025-11-14;16;1598
26;2025-11-14;17;1721
26;2025-11-14;18;1261
26;2025-11-14;19;989
26;2025-11-14;20;629
26;2025-11-14;21;449
26;2025-11-14;22;188
26;2025-11-14;23;148
26;2025-11-15;0;49
26;2025-11-15;1;2
26;2025-11-15;2;0
26;2025-11-15;3;0
26;2025-11-15;4;2
26;2025-11-15;5;48
26;2025-11-15;6;221
26;2025-11-15;7;352
26;2025-11-15;8;589
26;2025-11-15;9;637
26;2025-11-15;10;788
26;2025-11-15;11;945
26;2025-11-15;12;1019
26;2025-11-15;13;996
26;2025-11-15;14;1043
26;2025-11-15;15;939
26;2025-11-15;16;985
26;2025-11-15;17;901
26;2025-11-15;18;832
26;2025-11-15;19;724
26;2025-11-15;20;510
26;2025-11-15;21;332
26;2025-11-15;22;190
26;2025-11-15;23;149
26;2025-11-16;0;49
26;2025-11-16;1;4
26;2025-11-16;2;0
26;2025-11-16;3;0
26;2025-11-16;4;1
26;2025-11-16;5;20
26;2025-11-16;6;154
26;2025-11-16;7;254
26;2025-11-16;8;376
26;2025-11-16;9;516
26;2025-11-16;10;580
26;2025-11-16;11;811
26;2025-11-16;12;801
26;2025-11-16;13;862
26;2025-11-16;14;842
26;2025-11-16;15;770
26;2025-11-16;16;735
26;2025-11-16;17;759
26;2025-11-16;18;681
26;2025-11-16;19;499
26;2025-11-16;20;391
26;2025-11-16;21;271
26;2025-11-16;22;156
26;2025-11-16;23;104
26;2025-11-17;0;31
26;2025-11-17;1;1
26;2025-11-17;2;0
26;2025-11-17;3;0
26;2025-11-17;4;2
26;2025-11-17;5;94
26;2025-11-17;6;448
26;2025-11-17;7;1078
26;2025-11-17;8;2217
26;2025-11-17;9;1430
26;2025-11-17;10;1200
26;2025-11-17;11;1075
26;2025-11-17;12;1130
26;2025-11-17;13;1143
26;2025-11-17;14;1293
26;2025-11-17;15;1344
26;2025-11-17;16;1435
26;2025-11-17;17;1678
26;2025-11-17;18;1841
26;2025-11-17;19;1204
26;2025-11-17;20;725
26;2025-11-17;21;483
26;2025-11-17;22;197
26;2025-11-17;23;118
26;2025-11-18;0;31
26;2025-11-18;1;1
26;2025-11-18;2;0
26;2025-11-18;3;0
26;2025-11-18;4;2
26;2025-11-18;5;93
26;2025-11-18;6;440
26;2025-11-18;7;1057
26;2025-11-18;8;2173
26;2025-11-18;9;1402
26;2025-11-18;10;1176
26;2025-11-18;11;1054
26;2025-11-18;12;1108
26;2025-11-18;13;1120
26;2025-11-18;14;1268
26;2025-11-18;15;1318
26;2025-11-18;16;1407
26;2025-11-18;17;1645
26;2025-11-18;18;1805
26;2025-11-18;19;1180
26;2025-11-18;20;711
26;2025-11-18;21;473
26;2025-11-18;22;193
26;2025-11-18;23;116
26;2025-11-19;0;32
26;2025-11-19;1;1
26;2025-11-19;2;0
26;2025-11-19;3;0
26;2025-11-19;4;2
26;2025-11-19;5;97
26;2025-11-19;6;463
26;2025-11-19;7;1113
26;2025-11-19;8;2288
26;2025-11-19;9;1476
26;2025-11-19;10;1239
26;2025-11-19;11;1110
26;2025-11-19;12;1167
26;2025-11-19;13;1180
26;2025-11-19;14;1335
26;2025-11-19;15;1388
26;2025-11-19;16;1481
26;2025-11-19;17;1732
26;2025-11-19;18;1901
26;2025-11-19;19;1243
26;2025-11-19;20;748
26;2025-11-19;21;499
26;2025-11-19;22;203
26;2025-11-19;23;122
26;2025-11-20;0;32
26;2025-11-20;1;1
26;2025-11-20;2;0
26;2025-11-20;3;0
26;2025-11-20;4;2
26;2025-11-20;5;97
26;2025-11-20;6;463
26;2025-11-20;7;1113
26;2025-11-20;8;2288
26;2025-11-20;9;1476
26;2025-11-20;10;1239
26;2025-11-20;11;1110
26;2025-11-20;12;1167
26;2025-11-20;13;1180
26;2025-11-20;14;1335
26;2025-11-20;15;1388
26;2025-11-20;16;1481
26;2025-11-20;17;1732
26;2025-11-20;18;1901
26;2025-11-20;19;1243
26;2025-11-20;20;748
26;2025-11-20;21;499
26;2025-11-20;22;203
26;2025-11-20;23;122
26;2025-11-21;0;30
26;2025-11-21;1;1
26;2025-11-21;2;0
26;2025-11-21;3;0
26;2025-11-21;4;1
26;2025-11-21;5;81
26;2025-11-21;6;471
26;2025-11-21;7;992
26;2025-11-21;8;2149
26;2025-11-21;9;1346
26;2025-11-21;10;1209
26;2025-11-21;11;1080
26;2025-11-21;12;1072
26;2025-11-21;13;1105
26;2025-11-21;14;1323
26;2025-11-21;15;1307
26;2025-11-21;16;1598
26;2025-11-21;17;1721
26;2025-11-21;18;1261
26;2025-11-21;19;989
26;2025-11-21;20;629
26;2025-11-21;21;449
26;2025-11-21;22;188
26;2025-11-21;23;148
26;2025-11-22;0;52
26;2025-11-22;1;2
26;2025-11-22;2;0
26;2025-11-22;3;0
26;2025-11-22;4;2
26;2025-11-22;5;51
26;2025-11-22;6;234
26;2025-11-22;7;373
26;2025-11-22;8;624
26;2025-11-22;9;674
26;2025-11-22;10;835
26;2025-11-22;11;1001
26;2025-11-22;12;1079
26;2025-11-22;13;1054
26;2025-11-22;14;1104
26;2025-11-22;15;994
26;2025-11-22;16;1043
26;2025-11-22;17;954
26;2025-11-22;18;881
26;2025-11-22;19;766
26;2025-11-22;20;540
26;2025-11-22;21;351
26;2025-11-22;22;202
26;2025-11-22;23;157
26;2025-11-23;0;49
26;2025-11-23;1;4
26;2025-11-23;2;0
26;2025-11-23;3;0
26;2025-11-23;4;1
26;2025-11-23;5;20
26;2025-11-23;6;154
26;2025-11-23;7;254
26;2025-11-23;8;376
26;2025-11-23;9;516
26;2025-11-23;10;580
26;2025-11-23;11;811
26;2025-11-23;12;801
26;2025-11-23;13;862
26;2025-11-23;14;842
26;2025-11-23;15;770
26;2025-11-23;16;735
26;2025-11-23;17;759
26;2025-11-23;18;681
26;2025-11-23;19;499
26;2025-11-23;20;391
26;2025-11-23;21;271
26;2025-11-23;22;156
26;2025-11-23;23;104
26;2025-11-24;0;31
26;2025-11-24;1;1
26;2025-11-24;2;0
26;2025-11-24;3;0
26;2025-11-24;4;2
26;2025-11-24;5;93
26;2025-11-24;6;442
26;2025-11-24;7;1063
26;2025-11-24;8;2185
26;2025-11-24;9;1410
26;2025-11-24;10;1183
26;2025-11-24;11;1060
26;2025-11-24;12;1114
26;2025-11-24;13;1126
26;2025-11-24;14;1275
26;2025-11-24;15;1325
26;2025-11-24;16;1414
26;2025-11-24;17;1654
26;2025-11-24;18;1815
26;2025-11-24;19;1187
26;2025-11-24;20;714
26;2025-11-24;21;476
26;2025-11-24;22;194
26;2025-11-24;23;116
26;2025-11-25;0;32
26;2025-11-25;1;1
26;2025-11-25;2;0
26;2025-11-25;3;0
26;2025-11-25;4;2
26;2025-11-25;5;97
26;2025-11-25;6;463
26;2025-11-25;7;1113
26;2025-11-25;8;2288
26;2025-11-25;9;1476
26;2025-11-25;10;1239
26;2025-11-25;11;1110
26;2025-11-25;12;1167
26;2025-11-25;13;1180
26;2025-11-25;14;1335
26;2025-11-25;15;1388
26;2025-11-25;16;1481
26;2025-11-25;17;1732
26;2025-11-25;18;1901
26;2025-11-25;19;1243
26;2025-11-25;20;748
26;2025-11-25;21;499
26;2025-11-25;22;203
26;2025-11-25;23;122
26;2025-11-26;0;31
26;2025-11-26;1;1
26;2025-11-26;2;0
26;2025-11-26;3;0
26;2025-11-26;4;2
26;2025-11-26;5;93
26;2025-11-26;6;441
26;2025-11-26;7;1059
26;2025-11-26;8;2178
26;2025-11-26;9;1405
26;2025-11-26;10;1179
26;2025-11-26;11;1056
26;2025-11-26;12;1110
26;2025-11-26;13;1123
26;2025-11-26;14;1271
26;2025-11-26;15;1321
26;2025-11-26;16;1410
26;2025-11-26;17;1648
26;2025-11-26;18;1809
26;2025-11-26;19;1183
26;2025-11-26;20;712
26;2025-11-26;21;474
26;2025-11-26;22;193
26;2025-11-26;23;116
26;2025-11-27;0;31
26;2025-11-27;1;1
26;2025-11-27;2;0
26;2025-11-27;3;0
26;2025-11-27;4;2
26;2025-11-27;5;94
26;2025-11-27;6;445
26;2025-11-27;7;1070
26;2025-11-27;8;2200
26;2025-11-27;9;1419
26;2025-11-27;10;1191
26;2025-11-27;11;1067
26;2025-11-27;12;1121
26;2025-11-27;13;1134
26;2025-11-27;14;1283
26;2025-11-27;15;1334
26;2025-11-27;16;1424
26;2025-11-27;17;1665
26;2025-11-27;18;1827
26;2025-11-27;19;1194
26;2025-11-27;20;719
26;2025-11-27;21;479
26;2025-11-27;22;195
26;2025-11-27;23;117
26;2025-11-28;0;30
26;2025-11-28;1;1
26;2025-11-28;2;0
26;2025-11-28;3;0
26;2025-11-28;4;1
26;2025-11-28;5;81
26;2025-11-28;6;472
26;2025-11-28;7;995
26;2025-11-28;8;2156
26;2025-11-28;9;1350
26;2025-11-28;10;1213
26;2025-11-28;11;1083
26;2025-11-28;12;1075
26;2025-11-28;13;1109
26;2025-11-28;14;1327
26;2025-11-28;15;1312
26;2025-11-28;16;1603
26;2025-11-28;17;1727
26;2025-11-28;18;1265
26;2025-11-28;19;992
26;2025-11-28;20;632
26;2025-11-28;21;451
26;2025-11-28;22;189
26;2025-11-28;23;148
26;2025-11-29;0;53
26;2025-11-29;1;2
26;2025-11-29;2;0
26;2025-11-29;3;0
26;2025-11-29;4;2
26;2025-11-29;5;52
26;2025-11-29;6;237
26;2025-11-29;7;378
26;2025-11-29;8;632
26;2025-11-29;9;682
26;2025-11-29;10;845
26;2025-11-29;11;1013
26;2025-11-29;12;1092
26;2025-11-29;13;1067
26;2025-11-29;14;1118
26;2025-11-29;15;1006
26;2025-11-29;16;1056
26;2025-11-29;17;966
26;2025-11-29;18;891
26;2025-11-29;19;776
26;2025-11-29;20;546
26;2025-11-29;21;355
26;2025-11-29;22;204
26;2025-11-29;23;159
26;2025-11-30;0;49
26;2025-11-30;1;4
26;2025-11-30;2;0
26;2025-11-30;3;0
26;2025-11-30;4;1
26;2025-11-30;5;20
26;2025-11-30;6;154
26;2025-11-30;7;254
26;2025-11-30;8;376
26;2025-11-30;9;516
26;2025-11-30;10;580
26;2025-11-30;11;811
26;2025-11-30;12;801
26;2025-11-30;13;862
26;2025-11-30;14;842
26;2025-11-30;15;770
26;2025-11-30;16;735
26;2025-11-30;17;759
26;2025-11-30;18;681
26;2025-11-30;19;499
26;2025-11-30;20;391
26;2025-11-30;21;271
26;2025-11-30;22;156
26;2025-11-30;23;104
26;2025-12-01;0;32
26;2025-12-01;1;1
26;2025-12-01;2;0
26;2025-12-01;3;0
26;2025-12-01;4;2
26;2025-12-01;5;97
26;2025-12-01;6;463
26;2025-12-01;7;1113
26;2025-12-01;8;2288
26;2025-12-01;9;1476
26;2025-12-01;10;1239
26;2025-12-01;11;1110
26;2025-12-01;12;1167
26;2025-12-01;13;1180
26;2025-12-01;14;1335
26;2025-12-01;15;1388
26;2025-12-01;16;1481
26;2025-12-01;17;1732
26;2025-12-01;18;1901
26;2025-12-01;19;1243
26;2025-12-01;20;748
26;2025-12-01;21;499
26;2025-12-01;22;203
26;2025-12-01;23;122
26;2025-12-02;0;32
26;2025-12-02;1;1
26;2025-12-02;2;0
26;2025-12-02;3;0
26;2025-12-02;4;2
26;2025-12-02;5;97
26;2025-12-02;6;463
26;2025-12-02;7;1113
26;2025-12-02;8;2288
26;2025-12-02;9;1476
26;2025-12-02;10;1239
26;2025-12-02;11;1110
26;2025-12-02;12;1167
26;2025-12-02;13;1180
26;2025-12-02;14;1335
26;2025-12-02;15;1388
26;2025-12-02;16;1481
26;2025-12-02;17;1732
26;2025-12-02;18;1901
26;2025-12-02;19;1243
26;2025-12-02;20;748
26;2025-12-02;21;499
26;2025-12-02;22;203
26;2025-12-02;23;122
26;2025-12-03;0;32
26;2025-12-03;1;1
26;2025-12-03;2;0
26;2025-12-03;3;0
26;2025-12-03;4;2
26;2025-12-03;5;97
26;2025-12-03;6;463
26;2025-12-03;7;1113
26;2025-12-03;8;2288
26;2025-12-03;9;1476
26;2025-12-03;10;1239
26;2025-12-03;11;1110
26;2025-12-03;12;1167
26;2025-12-03;13;1180
26;2025-12-03;14;1335
26;2025-12-03;15;1388
26;2025-12-03;16;1481
26;2025-12-03;17;1732
26;2025-12-03;18;1901
26;2025-12-03;19;1243
26;2025-12-03;20;748
26;2025-12-03;21;499
26;2025-12-03;22;203
26;2025-12-03;23;122
26;2025-12-04;0;32
26;2025-12-04;1;1
26;2025-12-04;2;0
26;2025-12-04;3;0
26;2025-12-04;4;2
26;2025-12-04;5;97
26;2025-12-04;6;463
26;2025-12-04;7;1113
26;2025-12-04;8;2288
26;2025-12-04;9;1476
26;2025-12-04;10;1239
26;2025-12-04;11;1110
26;2025-12-04;12;1167
26;2025-12-04;13;1180
26;2025-12-04;14;1335
26;2025-12-04;15;1388
26;2025-12-04;16;1481
26;2025-12-04;17;1732
26;2025-12-04;18;1901
26;2025-12-04;19;1243
26;2025-12-04;20;748
26;2025-12-04;21;499
26;2025-12-04;22;203
26;2025-12-04;23;122
26;2025-12-05;0;30
26;2025-12-05;1;1
26;2025-12-05;2;0
26;2025-12-05;3;0
26;2025-12-05;4;1
26;2025-12-05;5;81
26;2025-12-05;6;472
26;2025-12-05;7;995
26;2025-12-05;8;2156
26;2025-12-05;9;1350
26;2025-12-05;10;1213
26;2025-12-05;11;1083
26;2025-12-05;12;1075
26;2025-12-05;13;1109
26;2025-12-05;14;1327
26;2025-12-05;15;1312
26;2025-12-05;16;1603
26;2025-12-05;17;1727
26;2025-12-05;18;1265
26;2025-12-05;19;992
26;2025-12-05;20;632
26;2025-12-05;21;451
26;2025-12-05;22;189
26;2025-12-05;23;148
26;2025-12-06;0;53
26;2025-12-06;1;2
26;2025-12-06;2;0
26;2025-12-06;3;0
26;2025-12-06;4;2
26;2025-12-06;5;52
26;2025-12-06;6;237
26;2025-12-06;7;378
26;2025-12-06;8;632
26;2025-12-06;9;682
26;2025-12-06;10;845
26;2025-12-06;11;1013
26;2025-12-06;12;1092
26;2025-12-06;13;1067
26;2025-12-06;14;1118
26;2025-12-06;15;1006
26;2025-12-06;16;1056
26;2025-12-06;17;966
26;2025-12-06;18;891
26;2025-12-06;19;776
26;2025-12-06;20;546
26;2025-12-06;21;355
26;2025-12-06;22;204
26;2025-12-06;23;159
26;2025-12-07;0;49
26;2025-12-07;1;4
26;2025-12-07;2;0
26;2025-12-07;3;0
26;2025-12-07;4;1
26;2025-12-07;5;20
26;2025-12-07;6;154
26;2025-12-07;7;254
26;2025-12-07;8;376
26;2025-12-07;9;516
26;2025-12-07;10;580
26;2025-12-07;11;811
26;2025-12-07;12;801
26;2025-12-07;13;862
26;2025-12-07;14;842
26;2025-12-07;15;770
26;2025-12-07;16;735
26;2025-12-07;17;759
26;2025-12-07;18;681
26;2025-12-07;19;499
26;2025-12-07;20;391
26;2025-12-07;21;271
26;2025-12-07;22;156
26;2025-12-07;23;104
26;2025-12-08;0;32
26;2025-12-08;1;1
26;2025-12-08;2;0
26;2025-12-08;3;0
26;2025-12-08;4;2
26;2025-12-08;5;97
26;2025-12-08;6;463
26;2025-12-08;7;1113
26;2025-12-08;8;2288
26;2025-12-08;9;1476
26;2025-12-08;10;1239
26;2025-12-08;11;1110
26;2025-12-08;12;1167
26;2025-12-08;13;1180
26;2025-12-08;14;1335
26;2025-12-08;15;1388
26;2025-12-08;16;1481
26;2025-12-08;17;1732
26;2025-12-08;18;1901
26;2025-12-08;19;1243
26;2025-12-08;20;748
26;2025-12-08;21;499
26;2025-12-08;22;203
26;2025-12-08;23;122
26;2025-12-09;0;32
26;2025-12-09;1;1
26;2025-12-09;2;0
26;2025-12-09;3;0
26;2025-12-09;4;2
26;2025-12-09;5;97
26;2025-12-09;6;463
26;2025-12-09;7;1113
26;2025-12-09;8;2288
26;2025-12-09;9;1476
26;2025-12-09;10;1239
26;2025-12-09;11;1110
26;2025-12-09;12;1167
26;2025-12-09;13;1180
26;2025-12-09;14;1335
26;2025-12-09;15;1388
26;2025-12-09;16;1481
26;2025-12-09;17;1732
26;2025-12-09;18;1901
26;2025-12-09;19;1243
26;2025-12-09;20;748
26;2025-12-09;21;499
26;2025-12-09;22;203
26;2025-12-09;23;122
26;2025-12-10;0;32
26;2025-12-10;1;1
26;2025-12-10;2;0
26;2025-12-10;3;0
26;2025-12-10;4;2
26;2025-12-10;5;97
26;2025-12-10;6;459
26;2025-12-10;7;1103
26;2025-12-10;8;2268
26;2025-12-10;9;1463
26;2025-12-10;10;1228
26;2025-12-10;11;1100
26;2025-12-10;12;1156
26;2025-12-10;13;1169
26;2025-12-10;14;1323
26;2025-12-10;15;1376
26;2025-12-10;16;1468
26;2025-12-10;17;1717
26;2025-12-10;18;1884
26;2025-12-10;19;1232
26;2025-12-10;20;742
26;2025-12-10;21;494
26;2025-12-10;22;201
26;2025-12-10;23;121
26;2025-12-11;0;31
26;2025-12-11;1;1
26;2025-12-11;2;0
26;2025-12-11;3;0
26;2025-12-11;4;2
26;2025-12-11;5;93
26;2025-12-11;6;443
26;2025-12-11;7;1064
26;2025-12-11;8;2188
26;2025-12-11;9;1411
26;2025-12-11;10;1184
26;2025-12-11;11;1061
26;2025-12-11;12;1115
26;2025-12-11;13;1128
26;2025-12-11;14;1276
26;2025-12-11;15;1327
26;2025-12-11;16;1416
26;2025-12-11;17;1656
26;2025-12-11;18;1817
26;2025-12-11;19;1188
26;2025-12-11;20;715
26;2025-12-11;21;477
26;2025-12-11;22;194
26;2025-12-11;23;116
26;2025-12-12;0;29
26;2025-12-12;1;1
26;2025-12-12;2;0
26;2025-12-12;3;0
26;2025-12-12;4;1
26;2025-12-12;5;78
26;2025-12-12;6;455
26;2025-12-12;7;958
26;2025-12-12;8;2077
26;2025-12-12;9;1301
26;2025-12-12;10;1169
26;2025-12-12;11;1044
26;2025-12-12;12;1036
26;2025-12-12;13;1068
26;2025-12-12;14;1278
26;2025-12-12;15;1264
26;2025-12-12;16;1544
26;2025-12-12;17;1664
26;2025-12-12;18;1219
26;2025-12-12;19;956
26;2025-12-12;20;608
26;2025-12-12;21;434
26;2025-12-12;22;182
26;2025-12-12;23;143
26;2025-12-13;0;53
26;2025-12-13;1;2
26;2025-12-13;2;0
26;2025-12-13;3;0
26;2025-12-13;4;2
26;2025-12-13;5;52
26;2025-12-13;6;236
26;2025-12-13;7;376
26;2025-12-13;8;629
26;2025-12-13;9;679
26;2025-12-13;10;841
26;2025-12-13;11;1009
26;2025-12-13;12;1088
26;2025-12-13;13;1062
26;2025-12-13;14;1113
26;2025-12-13;15;1002
26;2025-12-13;16;1051
26;2025-12-13;17;961
26;2025-12-13;18;888
26;2025-12-13;19;772
26;2025-12-13;20;544
26;2025-12-13;21;354
26;2025-12-13;22;203
26;2025-12-13;23;159
26;2025-12-14;0;49
26;2025-12-14;1;4
26;2025-12-14;2;0
26;2025-12-14;3;0
26;2025-12-14;4;1
26;2025-12-14;5;20
26;2025-12-14;6;154
26;2025-12-14;7;254
26;2025-12-14;8;375
26;2025-12-14;9;515
26;2025-12-14;10;579
26;2025-12-14;11;810
26;2025-12-14;12;800
26;2025-12-14;13;861
26;2025-12-14;14;841
26;2025-12-14;15;769
26;2025-12-14;16;734
26;2025-12-14;17;759
26;2025-12-14;18;681
26;2025-12-14;19;498
26;2025-12-14;20;390
26;2025-12-14;21;271
26;2025-12-14;22;156
26;2025-12-14;23;103
26;2025-12-15;0;32
26;2025-12-15;1;1
26;2025-12-15;2;0
26;2025-12-15;3;0
26;2025-12-15;4;2
26;2025-12-15;5;97
26;2025-12-15;6;462
26;2025-12-15;7;1112
26;2025-12-15;8;2286
26;2025-12-15;9;1475
26;2025-12-15;10;1237
26;2025-12-15;11;1108
26;2025-12-15;12;1165
26;2025-12-15;13;1178
26;2025-12-15;14;1334
26;2025-12-15;15;1386
26;2025-12-15;16;1480
26;2025-12-15;17;1730
26;2025-12-15;18;1899
26;2025-12-15;19;1241
26;2025-12-15;20;747
26;2025-12-15;21;498
26;2025-12-15;22;203
26;2025-12-15;23;122
26;2025-12-16;0;32
26;2025-12-16;1;1
26;2025-12-16;2;0
26;2025-12-16;3;0
26;2025-12-16;4;2
26;2025-12-16;5;96
26;2025-12-16;6;456
26;2025-12-16;7;1096
26;2025-12-16;8;2253
26;2025-12-16;9;1454
26;2025-12-16;10;1220
26;2025-12-16;11;1093
26;2025-12-16;12;1149
26;2025-12-16;13;1162
26;2025-12-16;14;1315
26;2025-12-16;15;1367
26;2025-12-16;16;1459
26;2025-12-16;17;1706
26;2025-12-16;18;1872
26;2025-12-16;19;1224
26;2025-12-16;20;737
26;2025-12-16;21;491
26;2025-12-16;22;200
26;2025-12-16;23;120
26;2025-12-17;0;32
26;2025-12-17;1;1
26;2025-12-17;2;0
26;2025-12-17;3;0
26;2025-12-17;4;2
26;2025-12-17;5;97
26;2025-12-17;6;463
26;2025-12-17;7;1113
26;2025-12-17;8;2288
26;2025-12-17;9;1476
26;2025-12-17;10;1239
26;2025-12-17;11;1110
26;2025-12-17;12;1167
26;2025-12-17;13;1180
26;2025-12-17;14;1335
26;2025-12-17;15;1388
26;2025-12-17;16;1481
26;2025-12-17;17;1732
26;2025-12-17;18;1901
26;2025-12-17;19;1243
26;2025-12-17;20;748
26;2025-12-17;21;499
26;2025-12-17;22;203
26;2025-12-17;23;122
26;2025-12-18;0;32
26;2025-12-18;1;1
26;2025-12-18;2;0
26;2025-12-18;3;0
26;2025-12-18;4;2
26;2025-12-18;5;97
26;2025-12-18;6;463
26;2025-12-18;7;1113
26;2025-12-18;8;2288
26;2025-12-18;9;1476
26;2025-12-18;10;1239
26;2025-12-18;11;1110
26;2025-12-18;12;1167
26;2025-12-18;13;1180
26;2025-12-18;14;1335
26;2025-12-18;15;1388
26;2025-12-18;16;1481
26;2025-12-18;17;1732
26;2025-12-18;18;1901
26;2025-12-18;19;1243
26;2025-12-18;20;748
26;2025-12-18;21;499
26;2025-12-18;22;203
26;2025-12-18;23;122
26;2025-12-19;0;30
26;2025-12-19;1;1
26;2025-12-19;2;0
26;2025-12-19;3;0
26;2025-12-19;4;1
26;2025-12-19;5;81
26;2025-12-19;6;471
26;2025-12-19;7;993
26;2025-12-19;8;2152
26;2025-12-19;9;1347
26;2025-12-19;10;1211
26;2025-12-19;11;1081
26;2025-12-19;12;1073
26;2025-12-19;13;1106
26;2025-12-19;14;1324
26;2025-12-19;15;1309
26;2025-12-19;16;1600
26;2025-12-19;17;1723
26;2025-12-19;18;1262
26;2025-12-19;19;990
26;2025-12-19;20;630
26;2025-12-19;21;450
26;2025-12-19;22;188
26;2025-12-19;23;148
26;2025-12-20;0;53
26;2025-12-20;1;2
26;2025-12-20;2;0
26;2025-12-20;3;0
26;2025-12-20;4;2
26;2025-12-20;5;52
26;2025-12-20;6;237
26;2025-12-20;7;378
26;2025-12-20;8;632
26;2025-12-20;9;682
26;2025-12-20;10;845
26;2025-12-20;11;1013
26;2025-12-20;12;1092
26;2025-12-20;13;1067
26;2025-12-20;14;1118
26;2025-12-20;15;1006
26;2025-12-20;16;1056
26;2025-12-20;17;966
26;2025-12-20;18;891
26;2025-12-20;19;776
26;2025-12-20;20;546
26;2025-12-20;21;355
26;2025-12-20;22;204
26;2025-12-20;23;159
26;2025-12-21;0;49
26;2025-12-21;1;4
26;2025-12-21;2;0
26;2025-12-21;3;0
26;2025-12-21;4;1
26;2025-12-21;5;20
26;2025-12-21;6;154
26;2025-12-21;7;253
26;2025-12-21;8;374
26;2025-12-21;9;513
26;2025-12-21;10;577
26;2025-12-21;11;808
26;2025-12-21;12;798
26;2025-12-21;13;858
26;2025-12-21;14;838
26;2025-12-21;15;766
26;2025-12-21;16;732
26;2025-12-21;17;756
26;2025-12-21;18;678
26;2025-12-21;19;496
26;2025-12-21;20;389
26;2025-12-21;21;270
26;2025-12-21;22;156
26;2025-12-21;23;103
26;2025-12-22;0;32
26;2025-12-22;1;1
26;2025-12-22;2;0
26;2025-12-22;3;0
26;2025-12-22;4;2
26;2025-12-22;5;97
26;2025-12-22;6;459
26;2025-12-22;7;1103
26;2025-12-22;8;2268
26;2025-12-22;9;1463
26;2025-12-22;10;1228
26;2025-12-22;11;1100
26;2025-12-22;12;1156
26;2025-12-22;13;1169
26;2025-12-22;14;1323
26;2025-12-22;15;1376
26;2025-12-22;16;1468
26;2025-12-22;17;1717
26;2025-12-22;18;1884
26;2025-12-22;19;1232
26;2025-12-22;20;742
26;2025-12-22;21;494
26;2025-12-22;22;201
26;2025-12-22;23;121
26;2025-12-23;0;31
26;2025-12-23;1;1
26;2025-12-23;2;0
26;2025-12-23;3;0
26;2025-12-23;4;2
26;2025-12-23;5;94
26;2025-12-23;6;447
26;2025-12-23;7;1076
26;2025-12-23;8;2212
26;2025-12-23;9;1427
26;2025-12-23;10;1197
26;2025-12-23;11;1073
26;2025-12-23;12;1128
26;2025-12-23;13;1140
26;2025-12-23;14;1290
26;2025-12-23;15;1341
26;2025-12-23;16;1432
26;2025-12-23;17;1674
26;2025-12-23;18;1837
26;2025-12-23;19;1201
26;2025-12-23;20;723
26;2025-12-23;21;482
26;2025-12-23;22;196
26;2025-12-23;23;118
26;2025-12-24;0;31
26;2025-12-24;1;1
26;2025-12-24;2;0
26;2025-12-24;3;0
26;2025-12-24;4;2
26;2025-12-24;5;94
26;2025-12-24;6;445
26;2025-12-24;7;1070
26;2025-12-24;8;2200
26;2025-12-24;9;1419
26;2025-12-24;10;1191
26;2025-12-24;11;1067
26;2025-12-24;12;1121
26;2025-12-24;13;1134
26;2025-12-24;14;1283
26;2025-12-24;15;1334
26;2025-12-24;16;1424
26;2025-12-24;17;1665
26;2025-12-24;18;1827
26;2025-12-24;19;1195
26;2025-12-24;20;719
26;2025-12-24;21;479
26;2025-12-24;22;195
26;2025-12-24;23;117
26;2025-12-25;0;32
26;2025-12-25;1;1
26;2025-12-25;2;0
26;2025-12-25;3;0
26;2025-12-25;4;2
26;2025-12-25;5;96
26;2025-12-25;6;455
26;2025-12-25;7;1093
26;2025-12-25;8;2249
26;2025-12-25;9;1450
26;2025-12-25;10;1217
26;2025-12-25;11;1090
26;2025-12-25;12;1146
26;2025-12-25;13;1159
26;2025-12-25;14;1312
26;2025-12-25;15;1364
26;2025-12-25;16;1455
26;2025-12-25;17;1702
26;2025-12-25;18;1867
26;2025-12-25;19;1221
26;2025-12-25;20;735
26;2025-12-25;21;490
26;2025-12-25;22;200
26;2025-12-25;23;120
26;2025-12-26;0;29
26;2025-12-26;1;1
26;2025-12-26;2;0
26;2025-12-26;3;0
26;2025-12-26;4;1
26;2025-12-26;5;77
26;2025-12-26;6;446
26;2025-12-26;7;941
26;2025-12-26;8;2039
26;2025-12-26;9;1277
26;2025-12-26;10;1147
26;2025-12-26;11;1024
26;2025-12-26;12;1017
26;2025-12-26;13;1048
26;2025-12-26;14;1255
26;2025-12-26;15;1240
26;2025-12-26;16;1516
26;2025-12-26;17;1633
26;2025-12-26;18;1196
26;2025-12-26;19;938
26;2025-12-26;20;597
26;2025-12-26;21;426
26;2025-12-26;22;179
26;2025-12-26;23;140
26;2025-12-27;0;53
26;2025-12-27;1;2
26;2025-12-27;2;0
26;2025-12-27;3;0
26;2025-12-27;4;2
26;2025-12-27;5;52
26;2025-12-27;6;236
26;2025-12-27;7;377
26;2025-12-27;8;630
26;2025-12-27;9;681
26;2025-12-27;10;843
26;2025-12-27;11;1011
26;2025-12-27;12;1090
26;2025-12-27;13;1065
26;2025-12-27;14;1115
26;2025-12-27;15;1004
26;2025-12-27;16;1054
26;2025-12-27;17;963
26;2025-12-27;18;889
26;2025-12-27;19;774
26;2025-12-27;20;545
26;2025-12-27;21;355
26;2025-12-27;22;204
26;2025-12-27;23;159
26;2025-12-28;0;48
26;2025-12-28;1;4
26;2025-12-28;2;0
26;2025-12-28;3;0
26;2025-12-28;4;1
26;2025-12-28;5;20
26;2025-12-28;6;151
26;2025-12-28;7;249
26;2025-12-28;8;368
26;2025-12-28;9;505
26;2025-12-28;10;568
26;2025-12-28;11;794
26;2025-12-28;12;784
26;2025-12-28;13;844
26;2025-12-28;14;824
26;2025-12-28;15;754
26;2025-12-28;16;720
26;2025-12-28;17;744
26;2025-12-28;18;667
26;2025-12-28;19;488
26;2025-12-28;20;383
26;2025-12-28;21;265
26;2025-12-28;22;153
26;2025-12-28;23;101
26;2025-12-29;0;28
26;2025-12-29;1;1
26;2025-12-29;2;0
26;2025-12-29;3;0
26;2025-12-29;4;2
26;2025-12-29;5;84
26;2025-12-29;6;400
26;2025-12-29;7;963
26;2025-12-29;8;1979
26;2025-12-29;9;1276
26;2025-12-29;10;1071
26;2025-12-29;11;960
26;2025-12-29;12;1009
26;2025-12-29;13;1021
26;2025-12-29;14;1154
26;2025-12-29;15;1200
26;2025-12-29;16;1281
26;2025-12-29;17;1498
26;2025-12-29;18;1643
26;2025-12-29;19;1074
26;2025-12-29;20;646
26;2025-12-29;21;431
26;2025-12-29;22;176
26;2025-12-29;23;106
26;2025-12-30;0;27
26;2025-12-30;1;1
26;2025-12-30;2;0
26;2025-12-30;3;0
26;2025-12-30;4;2
26;2025-12-30;5;82
26;2025-12-30;6;392
26;2025-12-30;7;944
26;2025-12-30;8;1940
26;2025-12-30;9;1251
26;2025-12-30;10;1050
26;2025-12-30;11;941
26;2025-12-30;12;989
26;2025-12-30;13;1001
26;2025-12-30;14;1132
26;2025-12-30;15;1177
26;2025-12-30;16;1256
26;2025-12-30;17;1469
26;2025-12-30;18;1611
26;2025-12-30;19;1053
26;2025-12-30;20;634
26;2025-12-30;21;423
26;2025-12-30;22;172
26;2025-12-30;23;104
26;2025-12-31;0;42
26;2025-12-31;1;2
26;2025-12-31;2;0
26;2025-12-31;3;0
26;2025-12-31;4;1
26;2025-12-31;5;41
26;2025-12-31;6;186
26;2025-12-31;7;298
26;2025-12-31;8;498
26;2025-12-31;9;537
26;2025-12-31;10;666
26;2025-12-31;11;799
26;2025-12-31;12;862
26;2025-12-31;13;842
26;2025-12-31;14;882
26;2025-12-31;15;794
26;2025-12-31;16;833
26;2025-12-31;17;762
26;2025-12-31;18;704
26;2025-12-31;19;612
26;2025-12-31;20;0
26;2025-12-31;21;0
26;2025-12-31;22;0
26;2025-12-31;23;0
28;2025-11-01;0;0
28;2025-11-01;1;0
28;2025-11-01;2;0
28;2025-11-01;3;0
28;2025-11-01;4;1
28;2025-11-01;5;62
28;2025-11-01;6;227
28;2025-11-01;7;697
28;2025-11-01;8;1072
28;2025-11-01;9;687
28;2025-11-01;10;516
28;2025-11-01;11;493
28;2025-11-01;12;650
28;2025-11-01;13;592
28;2025-11-01;14;582
28;2025-11-01;15;597
28;2025-11-01;16;784
28;2025-11-01;17;821
28;2025-11-01;18;719
28;2025-11-01;19;535
28;2025-11-01;20;348
28;2025-11-01;21;270
28;2025-11-01;22;105
28;2025-11-01;23;15
28;2025-11-02;0;2
28;2025-11-02;1;0
28;2025-11-02;2;0
28;2025-11-02;3;0
28;2025-11-02;4;0
28;2025-11-02;5;30
28;2025-11-02;6;79
28;2025-11-02;7;170
28;2025-11-02;8;264
28;2025-11-02;9;365
28;2025-11-02;10;411
28;2025-11-02;11;450
28;2025-11-02;12;466
28;2025-11-02;13;567
28;2025-11-02;14;538
28;2025-11-02;15;532
28;2025-11-02;16;477
28;2025-11-02;17;515
28;2025-11-02;18;442
28;2025-11-02;19;400
28;2025-11-02;20;301
28;2025-11-02;21;241
28;2025-11-02;22;114
28;2025-11-02;23;13
28;2025-11-03;0;2
28;2025-11-03;1;0
28;2025-11-03;2;0
28;2025-11-03;3;0
28;2025-11-03;4;0
28;2025-11-03;5;30
28;2025-11-03;6;78
28;2025-11-03;7;167
28;2025-11-03;8;259
28;2025-11-03;9;358
28;2025-11-03;10;403
28;2025-11-03;11;442
28;2025-11-03;12;457
28;2025-11-03;13;556
28;2025-11-03;14;528
28;2025-11-03;15;523
28;2025-11-03;16;468
28;2025-11-03;17;506
28;2025-11-03;18;434
28;2025-11-03;19;392
28;2025-11-03;20;296
28;2025-11-03;21;237
28;2025-11-03;22;111
28;2025-11-03;23;13
28;2025-11-04;0;2
28;2025-11-04;1;0
28;2025-11-04;2;0
28;2025-11-04;3;0
28;2025-11-04;4;0
28;2025-11-04;5;30
28;2025-11-04;6;77
28;2025-11-04;7;166
28;2025-11-04;8;256
28;2025-11-04;9;355
28;2025-11-04;10;399
28;2025-11-04;11;438
28;2025-11-04;12;452
28;2025-11-04;13;551
28;2025-11-04;14;522
28;2025-11-04;15;517
28;2025-11-04;16;463
28;2025-11-04;17;501
28;2025-11-04;18;430
28;2025-11-04;19;388
28;2025-11-04;20;293
28;2025-11-04;21;235
28;2025-11-04;22;110
28;2025-11-04;23;13
28;2025-11-05;0;3
28;2025-11-05;1;1
28;2025-11-05;2;0
28;2025-11-05;3;0
28;2025-11-05;4;1
28;2025-11-05;5;79
28;2025-11-05;6;255
28;2025-11-05;7;801
28;2025-11-05;8;1311
28;2025-11-05;9;843
28;2025-11-05;10;626
28;2025-11-05;11;573
28;2025-11-05;12;716
28;2025-11-05;13;718
28;2025-11-05;14;678
28;2025-11-05;15;706
28;2025-11-05;16;908
28;2025-11-05;17;1070
28;2025-11-05;18;1038
28;2025-11-05;19;769
28;2025-11-05;20;529
28;2025-11-05;21;328
28;2025-11-05;22;119
28;2025-11-05;23;12
28;2025-11-06;0;3
28;2025-11-06;1;1
28;2025-11-06;2;0
28;2025-11-06;3;0
28;2025-11-06;4;1
28;2025-11-06;5;78
28;2025-11-06;6;251
28;2025-11-06;7;788
28;2025-11-06;8;1289
28;2025-11-06;9;829
28;2025-11-06;10;616
28;2025-11-06;11;563
28;2025-11-06;12;704
28;2025-11-06;13;706
28;2025-11-06;14;667
28;2025-11-06;15;694
28;2025-11-06;16;893
28;2025-11-06;17;1053
28;2025-11-06;18;1021
28;2025-11-06;19;756
28;2025-11-06;20;520
28;2025-11-06;21;323
28;2025-11-06;22;117
28;2025-11-06;23;12
28;2025-11-07;0;2
28;2025-11-07;1;0
28;2025-11-07;2;0
28;2025-11-07;3;0
28;2025-11-07;4;2
28;2025-11-07;5;77
28;2025-11-07;6;283
28;2025-11-07;7;867
28;2025-11-07;8;1333
28;2025-11-07;9;854
28;2025-11-07;10;641
28;2025-11-07;11;613
28;2025-11-07;12;808
28;2025-11-07;13;736
28;2025-11-07;14;723
28;2025-11-07;15;742
28;2025-11-07;16;974
28;2025-11-07;17;1021
28;2025-11-07;18;894
28;2025-11-07;19;665
28;2025-11-07;20;433
28;2025-11-07;21;336
28;2025-11-07;22;130
28;2025-11-07;23;19
28;2025-11-08;0;2
28;2025-11-08;1;0
28;2025-11-08;2;0
28;2025-11-08;3;0
28;2025-11-08;4;1
28;2025-11-08;5;40
28;2025-11-08;6;109
28;2025-11-08;7;239
28;2025-11-08;8;414
28;2025-11-08;9;467
28;2025-11-08;10;510
28;2025-11-08;11;515
28;2025-11-08;12;610
28;2025-11-08;13;615
28;2025-11-08;14;571
28;2025-11-08;15;618
28;2025-11-08;16;622
28;2025-11-08;17;597
28;2025-11-08;18;515
28;2025-11-08;19;390
28;2025-11-08;20;288
28;2025-11-08;21;262
28;2025-11-08;22;105
28;2025-11-08;23;12
28;2025-11-09;0;2
28;2025-11-09;1;0
28;2025-11-09;2;0
28;2025-11-09;3;0
28;2025-11-09;4;0
28;2025-11-09;5;30
28;2025-11-09;6;79
28;2025-11-09;7;171
28;2025-11-09;8;264
28;2025-11-09;9;366
28;2025-11-09;10;411
28;2025-11-09;11;451
28;2025-11-09;12;466
28;2025-11-09;13;568
28;2025-11-09;14;538
28;2025-11-09;15;533
28;2025-11-09;16;477
28;2025-11-09;17;516
28;2025-11-09;18;443
28;2025-11-09;19;400
28;2025-11-09;20;302
28;2025-11-09;21;242
28;2025-11-09;22;114
28;2025-11-09;23;13
28;2025-11-10;0;3
28;2025-11-10;1;1
28;2025-11-10;2;0
28;2025-11-10;3;0
28;2025-11-10;4;1
28;2025-11-10;5;79
28;2025-11-10;6;255
28;2025-11-10;7;801
28;2025-11-10;8;1311
28;2025-11-10;9;843
28;2025-11-10;10;626
28;2025-11-10;11;573
28;2025-11-10;12;716
28;2025-11-10;13;718
28;2025-11-10;14;678
28;2025-11-10;15;706
28;2025-11-10;16;908
28;2025-11-10;17;1070
28;2025-11-10;18;1038
28;2025-11-10;19;769
28;2025-11-10;20;529
28;2025-11-10;21;328
28;2025-11-10;22;119
28;2025-11-10;23;12
28;2025-11-11;0;3
28;2025-11-11;1;1
28;2025-11-11;2;0
28;2025-11-11;3;0
28;2025-11-11;4;1
28;2025-11-11;5;79
28;2025-11-11;6;255
28;2025-11-11;7;801
28;2025-11-11;8;1311
28;2025-11-11;9;843
28;2025-11-11;10;626
28;2025-11-11;11;573
28;2025-11-11;12;716
28;2025-11-11;13;718
28;2025-11-11;14;678
28;2025-11-11;15;706
28;2025-11-11;16;908
28;2025-11-11;17;1070
28;2025-11-11;18;1038
28;2025-11-11;19;769
28;2025-11-11;20;529
28;2025-11-11;21;328
28;2025-11-11;22;119
28;2025-11-11;23;12
28;2025-11-12;0;3
28;2025-11-12;1;1
28;2025-11-12;2;0
28;2025-11-12;3;0
28;2025-11-12;4;1
28;2025-11-12;5;78
28;2025-11-12;6;252
28;2025-11-12;7;792
28;2025-11-12;8;1296
28;2025-11-12;9;833
28;2025-11-12;10;620
28;2025-11-12;11;566
28;2025-11-12;12;708
28;2025-11-12;13;710
28;2025-11-12;14;671
28;2025-11-12;15;698
28;2025-11-12;16;898
28;2025-11-12;17;1058
28;2025-11-12;18;1026
28;2025-11-12;19;760
28;2025-11-12;20;523
28;2025-11-12;21;324
28;2025-11-12;22;117
28;2025-11-12;23;12
28;2025-11-13;0;3
28;2025-11-13;1;1
28;2025-11-13;2;0
28;2025-11-13;3;0
28;2025-11-13;4;1
28;2025-11-13;5;79
28;2025-11-13;6;255
28;2025-11-13;7;800
28;2025-11-13;8;1309
28;2025-11-13;9;842
28;2025-11-13;10;626
28;2025-11-13;11;572
28;2025-11-13;12;715
28;2025-11-13;13;717
28;2025-11-13;14;677
28;2025-11-13;15;705
28;2025-11-13;16;907
28;2025-11-13;17;1069
28;2025-11-13;18;1036
28;2025-11-13;19;768
28;2025-11-13;20;528
28;2025-11-13;21;328
28;2025-11-13;22;119
28;2025-11-13;23;12
28;2025-11-14;0;2
28;2025-11-14;1;0
28;2025-11-14;2;0
28;2025-11-14;3;0
28;2025-11-14;4;2
28;2025-11-14;5;77
28;2025-11-14;6;283
28;2025-11-14;7;869
28;2025-11-14;8;1336
28;2025-11-14;9;856
28;2025-11-14;10;643
28;2025-11-14;11;614
28;2025-11-14;12;810
28;2025-11-14;13;738
28;2025-11-14;14;725
28;2025-11-14;15;744
28;2025-11-14;16;977
28;2025-11-14;17;1023
28;2025-11-14;18;896
28;2025-11-14;19;667
28;2025-11-14;20;434
28;2025-11-14;21;337
28;2025-11-14;22;131
28;2025-11-14;23;19
28;2025-11-15;0;2
28;2025-11-15;1;0
28;2025-11-15;2;0
28;2025-11-15;3;0
28;2025-11-15;4;1
28;2025-11-15;5;37
28;2025-11-15;6;101
28;2025-11-15;7;223
28;2025-11-15;8;386
28;2025-11-15;9;436
28;2025-11-15;10;476
28;2025-11-15;11;480
28;2025-11-15;12;569
28;2025-11-15;13;574
28;2025-11-15;14;532
28;2025-11-15;15;577
28;2025-11-15;16;581
28;2025-11-15;17;557
28;2025-11-15;18;480
28;2025-11-15;19;364
28;2025-11-15;20;269
28;2025-11-15;21;244
28;2025-11-15;22;98
28;2025-11-15;23;11
28;2025-11-16;0;2
28;2025-11-16;1;0
28;2025-11-16;2;0
28;2025-11-16;3;0
28;2025-11-16;4;0
28;2025-11-16;5;30
28;2025-11-16;6;79
28;2025-11-16;7;171
28;2025-11-16;8;264
28;2025-11-16;9;366
28;2025-11-16;10;411
28;2025-11-16;11;451
28;2025-11-16;12;466
28;2025-11-16;13;568
28;2025-11-16;14;538
28;2025-11-16;15;533
28;2025-11-16;16;477
28;2025-11-16;17;516
28;2025-11-16;18;443
28;2025-11-16;19;400
28;2025-11-16;20;302
28;2025-11-16;21;242
28;2025-11-16;22;114
28;2025-11-16;23;13
28;2025-11-17;0;3
28;2025-11-17;1;1
28;2025-11-17;2;0
28;2025-11-17;3;0
28;2025-11-17;4;1
28;2025-11-17;5;77
28;2025-11-17;6;247
28;2025-11-17;7;776
28;2025-11-17;8;1270
28;2025-11-17;9;816
28;2025-11-17;10;607
28;2025-11-17;11;555
28;2025-11-17;12;693
28;2025-11-17;13;695
28;2025-11-17;14;657
28;2025-11-17;15;683
28;2025-11-17;16;879
28;2025-11-17;17;1037
28;2025-11-17;18;1005
28;2025-11-17;19;744
28;2025-11-17;20;512
28;2025-11-17;21;318
28;2025-11-17;22;115
28;2025-11-17;23;12
28;2025-11-18;0;3
28;2025-11-18;1;1
28;2025-11-18;2;0
28;2025-11-18;3;0
28;2025-11-18;4;1
28;2025-11-18;5;75
28;2025-11-18;6;242
28;2025-11-18;7;761
28;2025-11-18;8;1245
28;2025-11-18;9;800
28;2025-11-18;10;595
28;2025-11-18;11;544
28;2025-11-18;12;680
28;2025-11-18;13;682
28;2025-11-18;14;644
28;2025-11-18;15;670
28;2025-11-18;16;862
28;2025-11-18;17;1016
28;2025-11-18;18;985
28;2025-11-18;19;730
28;2025-11-18;20;502
28;2025-11-18;21;311
28;2025-11-18;22;113
28;2025-11-18;23;12
28;2025-11-19;0;3
28;2025-11-19;1;1
28;2025-11-19;2;0
28;2025-11-19;3;0
28;2025-11-19;4;1
28;2025-11-19;5;79
28;2025-11-19;6;255
28;2025-11-19;7;801
28;2025-11-19;8;1311
28;2025-11-19;9;843
28;2025-11-19;10;626
28;2025-11-19;11;573
28;2025-11-19;12;716
28;2025-11-19;13;718
28;2025-11-19;14;678
28;2025-11-19;15;706
28;2025-11-19;16;908
28;2025-11-19;17;1070
28;2025-11-19;18;1038
28;2025-11-19;19;769
28;2025-11-19;20;529
28;2025-11-19;21;328
28;2025-11-19;22;119
28;2025-11-19;23;12
28;2025-11-20;0;3
28;2025-11-20;1;1
28;2025-11-20;2;0
28;2025-11-20;3;0
28;2025-11-20;4;1
28;2025-11-20;5;79
28;2025-11-20;6;255
28;2025-11-20;7;801
28;2025-11-20;8;1311
28;2025-11-20;9;843
28;2025-11-20;10;626
28;2025-11-20;11;573
28;2025-11-20;12;716
28;2025-11-20;13;718
28;2025-11-20;14;678
28;2025-11-20;15;706
28;2025-11-20;16;908
28;2025-11-20;17;1070
28;2025-11-20;18;1038
28;2025-11-20;19;769
28;2025-11-20;20;529
28;2025-11-20;21;328
28;2025-11-20;22;119
28;2025-11-20;23;12
28;2025-11-21;0;2
28;2025-11-21;1;0
28;2025-11-21;2;0
28;2025-11-21;3;0
28;2025-11-21;4;2
28;2025-11-21;5;77
28;2025-11-21;6;283
28;2025-11-21;7;869
28;2025-11-21;8;1336
28;2025-11-21;9;856
28;2025-11-21;10;643
28;2025-11-21;11;614
28;2025-11-21;12;810
28;2025-11-21;13;738
28;2025-11-21;14;725
28;2025-11-21;15;744
28;2025-11-21;16;977
28;2025-11-21;17;1023
28;2025-11-21;18;896
28;2025-11-21;19;667
28;2025-11-21;20;434
28;2025-11-21;21;337
28;2025-11-21;22;131
28;2025-11-21;23;19
28;2025-11-22;0;2
28;2025-11-22;1;0
28;2025-11-22;2;0
28;2025-11-22;3;0
28;2025-11-22;4;1
28;2025-11-22;5;39
28;2025-11-22;6;107
28;2025-11-22;7;236
28;2025-11-22;8;409
28;2025-11-22;9;461
28;2025-11-22;10;504
28;2025-11-22;11;509
28;2025-11-22;12;603
28;2025-11-22;13;608
28;2025-11-22;14;564
28;2025-11-22;15;611
28;2025-11-22;16;615
28;2025-11-22;17;590
28;2025-11-22;18;509
28;2025-11-22;19;385
28;2025-11-22;20;285
28;2025-11-22;21;259
28;2025-11-22;22;103
28;2025-11-22;23;12
28;2025-11-23;0;2
28;2025-11-23;1;0
28;2025-11-23;2;0
28;2025-11-23;3;0
28;2025-11-23;4;0
28;2025-11-23;5;30
28;2025-11-23;6;79
28;2025-11-23;7;171
28;2025-11-23;8;264
28;2025-11-23;9;366
28;2025-11-23;10;411
28;2025-11-23;11;451
28;2025-11-23;12;466
28;2025-11-23;13;568
28;2025-11-23;14;538
28;2025-11-23;15;533
28;2025-11-23;16;477
28;2025-11-23;17;516
28;2025-11-23;18;443
28;2025-11-23;19;400
28;2025-11-23;20;302
28;2025-11-23;21;242
28;2025-11-23;22;114
28;2025-11-23;23;13
28;2025-11-24;0;3
28;2025-11-24;1;1
28;2025-11-24;2;0
28;2025-11-24;3;0
28;2025-11-24;4;1
28;2025-11-24;5;76
28;2025-11-24;6;243
28;2025-11-24;7;765
28;2025-11-24;8;1252
28;2025-11-24;9;805
28;2025-11-24;10;598
28;2025-11-24;11;547
28;2025-11-24;12;683
28;2025-11-24;13;685
28;2025-11-24;14;648
28;2025-11-24;15;674
28;2025-11-24;16;867
28;2025-11-24;17;1022
28;2025-11-24;18;991
28;2025-11-24;19;734
28;2025-11-24;20;505
28;2025-11-24;21;313
28;2025-11-24;22;113
28;2025-11-24;23;12
28;2025-11-25;0;3
28;2025-11-25;1;1
28;2025-11-25;2;0
28;2025-11-25;3;0
28;2025-11-25;4;1
28;2025-11-25;5;79
28;2025-11-25;6;255
28;2025-11-25;7;801
28;2025-11-25;8;1311
28;2025-11-25;9;843
28;2025-11-25;10;626
28;2025-11-25;11;573
28;2025-11-25;12;716
28;2025-11-25;13;718
28;2025-11-25;14;678
28;2025-11-25;15;706
28;2025-11-25;16;908
28;2025-11-25;17;1070
28;2025-11-25;18;1038
28;2025-11-25;19;769
28;2025-11-25;20;529
28;2025-11-25;21;328
28;2025-11-25;22;119
28;2025-11-25;23;12
28;2025-11-26;0;3
28;2025-11-26;1;1
28;2025-11-26;2;0
28;2025-11-26;3;0
28;2025-11-26;4;1
28;2025-11-26;5;75
28;2025-11-26;6;243
28;2025-11-26;7;762
28;2025-11-26;8;1247
28;2025-11-26;9;802
28;2025-11-26;10;596
28;2025-11-26;11;545
28;2025-11-26;12;681
28;2025-11-26;13;683
28;2025-11-26;14;645
28;2025-11-26;15;672
28;2025-11-26;16;864
28;2025-11-26;17;1018
28;2025-11-26;18;988
28;2025-11-26;19;731
28;2025-11-26;20;503
28;2025-11-26;21;312
28;2025-11-26;22;113
28;2025-11-26;23;12
28;2025-11-27;0;3
28;2025-11-27;1;1
28;2025-11-27;2;0
28;2025-11-27;3;0
28;2025-11-27;4;1
28;2025-11-27;5;76
28;2025-11-27;6;245
28;2025-11-27;7;770
28;2025-11-27;8;1260
28;2025-11-27;9;810
28;2025-11-27;10;602
28;2025-11-27;11;550
28;2025-11-27;12;688
28;2025-11-27;13;690
28;2025-11-27;14;652
28;2025-11-27;15;678
28;2025-11-27;16;872
28;2025-11-27;17;1029
28;2025-11-27;18;997
28;2025-11-27;19;739
28;2025-11-27;20;508
28;2025-11-27;21;315
28;2025-11-27;22;114
28;2025-11-27;23;12
28;2025-11-28;0;2
28;2025-11-28;1;0
28;2025-11-28;2;0
28;2025-11-28;3;0
28;2025-11-28;4;2
28;2025-11-28;5;77
28;2025-11-28;6;284
28;2025-11-28;7;872
28;2025-11-28;8;1340
28;2025-11-28;9;859
28;2025-11-28;10;645
28;2025-11-28;11;616
28;2025-11-28;12;812
28;2025-11-28;13;740
28;2025-11-28;14;727
28;2025-11-28;15;746
28;2025-11-28;16;980
28;2025-11-28;17;1026
28;2025-11-28;18;899
28;2025-11-28;19;669
28;2025-11-28;20;436
28;2025-11-28;21;338
28;2025-11-28;22;131
28;2025-11-28;23;19
28;2025-11-29;0;2
28;2025-11-29;1;0
28;2025-11-29;2;0
28;2025-11-29;3;0
28;2025-11-29;4;1
28;2025-11-29;5;40
28;2025-11-29;6;109
28;2025-11-29;7;239
28;2025-11-29;8;414
28;2025-11-29;9;467
28;2025-11-29;10;510
28;2025-11-29;11;515
28;2025-11-29;12;610
28;2025-11-29;13;615
28;2025-11-29;14;571
28;2025-11-29;15;618
28;2025-11-29;16;622
28;2025-11-29;17;597
28;2025-11-29;18;515
28;2025-11-29;19;390
28;2025-11-29;20;288
28;2025-11-29;21;262
28;2025-11-29;22;105
28;2025-11-29;23;12
28;2025-11-30;0;2
28;2025-11-30;1;0
28;2025-11-30;2;0
28;2025-11-30;3;0
28;2025-11-30;4;0
28;2025-11-30;5;30
28;2025-11-30;6;79
28;2025-11-30;7;171
28;2025-11-30;8;264
28;2025-11-30;9;366
28;2025-11-30;10;411
28;2025-11-30;11;451
28;2025-11-30;12;466
28;2025-11-30;13;568
28;2025-11-30;14;538
28;2025-11-30;15;533
28;2025-11-30;16;477
28;2025-11-30;17;516
28;2025-11-30;18;443
28;2025-11-30;19;400
28;2025-11-30;20;302
28;2025-11-30;21;242
28;2025-11-30;22;114
28;2025-11-30;23;13
28;2025-12-01;0;3
28;2025-12-01;1;1
28;2025-12-01;2;0
28;2025-12-01;3;0
28;2025-12-01;4;1
28;2025-12-01;5;79
28;2025-12-01;6;255
28;2025-12-01;7;801
28;2025-12-01;8;1311
28;2025-12-01;9;843
28;2025-12-01;10;626
28;2025-12-01;11;573
28;2025-12-01;12;716
28;2025-12-01;13;718
28;2025-12-01;14;678
28;2025-12-01;15;706
28;2025-12-01;16;908
28;2025-12-01;17;1070
28;2025-12-01;18;1038
28;2025-12-01;19;769
28;2025-12-01;20;529
28;2025-12-01;21;328
28;2025-12-01;22;119
28;2025-12-01;23;12
28;2025-12-02;0;3
28;2025-12-02;1;1
28;2025-12-02;2;0
28;2025-12-02;3;0
28;2025-12-02;4;1
28;2025-12-02;5;79
28;2025-12-02;6;255
28;2025-12-02;7;801
28;2025-12-02;8;1311
28;2025-12-02;9;843
28;2025-12-02;10;626
28;2025-12-02;11;573
28;2025-12-02;12;716
28;2025-12-02;13;718
28;2025-12-02;14;678
28;2025-12-02;15;706
28;2025-12-02;16;908
28;2025-12-02;17;1070
28;2025-12-02;18;1038
28;2025-12-02;19;769
28;2025-12-02;20;529
28;2025-12-02;21;328
28;2025-12-02;22;119
28;2025-12-02;23;12
28;2025-12-03;0;3
28;2025-12-03;1;1
28;2025-12-03;2;0
28;2025-12-03;3;0
28;2025-12-03;4;1
28;2025-12-03;5;79
28;2025-12-03;6;255
28;2025-12-03;7;801
28;2025-12-03;8;1311
28;2025-12-03;9;843
28;2025-12-03;10;626
28;2025-12-03;11;573
28;2025-12-03;12;716
28;2025-12-03;13;718
28;2025-12-03;14;678
28;2025-12-03;15;706
28;2025-12-03;16;908
28;2025-12-03;17;1070
28;2025-12-03;18;1038
28;2025-12-03;19;769
28;2025-12-03;20;529
28;2025-12-03;21;328
28;2025-12-03;22;119
28;2025-12-03;23;12
28;2025-12-04;0;3
28;2025-12-04;1;1
28;2025-12-04;2;0
28;2025-12-04;3;0
28;2025-12-04;4;1
28;2025-12-04;5;79
28;2025-12-04;6;255
28;2025-12-04;7;801
28;2025-12-04;8;1311
28;2025-12-04;9;843
28;2025-12-04;10;626
28;2025-12-04;11;573
28;2025-12-04;12;716
28;2025-12-04;13;718
28;2025-12-04;14;678
28;2025-12-04;15;706
28;2025-12-04;16;908
28;2025-12-04;17;1070
28;2025-12-04;18;1038
28;2025-12-04;19;769
28;2025-12-04;20;529
28;2025-12-04;21;328
28;2025-12-04;22;119
28;2025-12-04;23;12
28;2025-12-05;0;2
28;2025-12-05;1;0
28;2025-12-05;2;0
28;2025-12-05;3;0
28;2025-12-05;4;2
28;2025-12-05;5;77
28;2025-12-05;6;284
28;2025-12-05;7;872
28;2025-12-05;8;1340
28;2025-12-05;9;859
28;2025-12-05;10;645
28;2025-12-05;11;616
28;2025-12-05;12;812
28;2025-12-05;13;740
28;2025-12-05;14;727
28;2025-12-05;15;746
28;2025-12-05;16;980
28;2025-12-05;17;1026
28;2025-12-05;18;899
28;2025-12-05;19;669
28;2025-12-05;20;436
28;2025-12-05;21;338
28;2025-12-05;22;131
28;2025-12-05;23;19
28;2025-12-06;0;2
28;2025-12-06;1;0
28;2025-12-06;2;0
28;2025-12-06;3;0
28;2025-12-06;4;1
28;2025-12-06;5;40
28;2025-12-06;6;109
28;2025-12-06;7;239
28;2025-12-06;8;414
28;2025-12-06;9;467
28;2025-12-06;10;510
28;2025-12-06;11;515
28;2025-12-06;12;610
28;2025-12-06;13;615
28;2025-12-06;14;571
28;2025-12-06;15;618
28;2025-12-06;16;622
28;2025-12-06;17;597
28;2025-12-06;18;515
28;2025-12-06;19;390
28;2025-12-06;20;288
28;2025-12-06;21;262
28;2025-12-06;22;105
28;2025-12-06;23;12
28;2025-12-07;0;2
28;2025-12-07;1;0
28;2025-12-07;2;0
28;2025-12-07;3;0
28;2025-12-07;4;0
28;2025-12-07;5;30
28;2025-12-07;6;79
28;2025-12-07;7;171
28;2025-12-07;8;264
28;2025-12-07;9;366
28;2025-12-07;10;411
28;2025-12-07;11;451
28;2025-12-07;12;466
28;2025-12-07;13;568
28;2025-12-07;14;538
28;2025-12-07;15;533
28;2025-12-07;16;477
28;2025-12-07;17;516
28;2025-12-07;18;443
28;2025-12-07;19;400
28;2025-12-07;20;302
28;2025-12-07;21;242
28;2025-12-07;22;114
28;2025-12-07;23;13
28;2025-12-08;0;3
28;2025-12-08;1;1
28;2025-12-08;2;0
28;2025-12-08;3;0
28;2025-12-08;4;1
28;2025-12-08;5;79
28;2025-12-08;6;255
28;2025-12-08;7;801
28;2025-12-08;8;1311
28;2025-12-08;9;843
28;2025-12-08;10;626
28;2025-12-08;11;573
28;2025-12-08;12;716
28;2025-12-08;13;718
28;2025-12-08;14;678
28;2025-12-08;15;706
28;2025-12-08;16;908
28;2025-12-08;17;1070
28;2025-12-08;18;1038
28;2025-12-08;19;769
28;2025-12-08;20;529
28;2025-12-08;21;328
28;2025-12-08;22;119
28;2025-12-08;23;12
28;2025-12-09;0;3
28;2025-12-09;1;1
28;2025-12-09;2;0
28;2025-12-09;3;0
28;2025-12-09;4;1
28;2025-12-09;5;79
28;2025-12-09;6;255
28;2025-12-09;7;801
28;2025-12-09;8;1311
28;2025-12-09;9;843
28;2025-12-09;10;626
28;2025-12-09;11;573
28;2025-12-09;12;716
28;2025-12-09;13;718
28;2025-12-09;14;678
28;2025-12-09;15;706
28;2025-12-09;16;908
28;2025-12-09;17;1070
28;2025-12-09;18;1038
28;2025-12-09;19;769
28;2025-12-09;20;529
28;2025-12-09;21;328
28;2025-12-09;22;119
28;2025-12-09;23;12
28;2025-12-10;0;3
28;2025-12-10;1;1
28;2025-12-10;2;0
28;2025-12-10;3;0
28;2025-12-10;4;1
28;2025-12-10;5;78
28;2025-12-10;6;253
28;2025-12-10;7;794
28;2025-12-10;8;1299
28;2025-12-10;9;835
28;2025-12-10;10;621
28;2025-12-10;11;568
28;2025-12-10;12;710
28;2025-12-10;13;712
28;2025-12-10;14;672
28;2025-12-10;15;699
28;2025-12-10;16;900
28;2025-12-10;17;1061
28;2025-12-10;18;1029
28;2025-12-10;19;762
28;2025-12-10;20;524
28;2025-12-10;21;325
28;2025-12-10;22;118
28;2025-12-10;23;12
28;2025-12-11;0;3
28;2025-12-11;1;1
28;2025-12-11;2;0
28;2025-12-11;3;0
28;2025-12-11;4;1
28;2025-12-11;5;76
28;2025-12-11;6;244
28;2025-12-11;7;766
28;2025-12-11;8;1253
28;2025-12-11;9;806
28;2025-12-11;10;599
28;2025-12-11;11;547
28;2025-12-11;12;684
28;2025-12-11;13;686
28;2025-12-11;14;648
28;2025-12-11;15;675
28;2025-12-11;16;868
28;2025-12-11;17;1023
28;2025-12-11;18;992
28;2025-12-11;19;735
28;2025-12-11;20;506
28;2025-12-11;21;313
28;2025-12-11;22;114
28;2025-12-11;23;12
28;2025-12-12;0;2
28;2025-12-12;1;0
28;2025-12-12;2;0
28;2025-12-12;3;0
28;2025-12-12;4;2
28;2025-12-12;5;74
28;2025-12-12;6;274
28;2025-12-12;7;840
28;2025-12-12;8;1291
28;2025-12-12;9;827
28;2025-12-12;10;621
28;2025-12-12;11;594
28;2025-12-12;12;782
28;2025-12-12;13;713
28;2025-12-12;14;700
28;2025-12-12;15;719
28;2025-12-12;16;944
28;2025-12-12;17;989
28;2025-12-12;18;866
28;2025-12-12;19;645
28;2025-12-12;20;420
28;2025-12-12;21;326
28;2025-12-12;22;126
28;2025-12-12;23;19
28;2025-12-13;0;2
28;2025-12-13;1;0
28;2025-12-13;2;0
28;2025-12-13;3;0
28;2025-12-13;4;1
28;2025-12-13;5;39
28;2025-12-13;6;108
28;2025-12-13;7;238
28;2025-12-13;8;412
28;2025-12-13;9;465
28;2025-12-13;10;507
28;2025-12-13;11;512
28;2025-12-13;12;608
28;2025-12-13;13;613
28;2025-12-13;14;568
28;2025-12-13;15;616
28;2025-12-13;16;620
28;2025-12-13;17;594
28;2025-12-13;18;512
28;2025-12-13;19;388
28;2025-12-13;20;287
28;2025-12-13;21;261
28;2025-12-13;22;104
28;2025-12-13;23;12
28;2025-12-14;0;2
28;2025-12-14;1;0
28;2025-12-14;2;0
28;2025-12-14;3;0
28;2025-12-14;4;0
28;2025-12-14;5;30
28;2025-12-14;6;79
28;2025-12-14;7;170
28;2025-12-14;8;264
28;2025-12-14;9;365
28;2025-12-14;10;411
28;2025-12-14;11;450
28;2025-12-14;12;466
28;2025-12-14;13;567
28;2025-12-14;14;538
28;2025-12-14;15;532
28;2025-12-14;16;477
28;2025-12-14;17;515
28;2025-12-14;18;442
28;2025-12-14;19;400
28;2025-12-14;20;301
28;2025-12-14;21;241
28;2025-12-14;22;114
28;2025-12-14;23;13
28;2025-12-15;0;3
28;2025-12-15;1;1
28;2025-12-15;2;0
28;2025-12-15;3;0
28;2025-12-15;4;1
28;2025-12-15;5;79
28;2025-12-15;6;255
28;2025-12-15;7;800
28;2025-12-15;8;1309
28;2025-12-15;9;842
28;2025-12-15;10;626
28;2025-12-15;11;572
28;2025-12-15;12;715
28;2025-12-15;13;717
28;2025-12-15;14;677
28;2025-12-15;15;705
28;2025-12-15;16;907
28;2025-12-15;17;1069
28;2025-12-15;18;1036
28;2025-12-15;19;768
28;2025-12-15;20;528
28;2025-12-15;21;328
28;2025-12-15;22;119
28;2025-12-15;23;12
28;2025-12-16;0;3
28;2025-12-16;1;1
28;2025-12-16;2;0
28;2025-12-16;3;0
28;2025-12-16;4;1
28;2025-12-16;5;78
28;2025-12-16;6;251
28;2025-12-16;7;789
28;2025-12-16;8;1291
28;2025-12-16;9;830
28;2025-12-16;10;617
28;2025-12-16;11;564
28;2025-12-16;12;705
28;2025-12-16;13;707
28;2025-12-16;14;668
28;2025-12-16;15;695
28;2025-12-16;16;894
28;2025-12-16;17;1054
28;2025-12-16;18;1022
28;2025-12-16;19;757
28;2025-12-16;20;521
28;2025-12-16;21;323
28;2025-12-16;22;117
28;2025-12-16;23;12
28;2025-12-17;0;3
28;2025-12-17;1;1
28;2025-12-17;2;0
28;2025-12-17;3;0
28;2025-12-17;4;1
28;2025-12-17;5;79
28;2025-12-17;6;255
28;2025-12-17;7;801
28;2025-12-17;8;1311
28;2025-12-17;9;843
28;2025-12-17;10;626
28;2025-12-17;11;573
28;2025-12-17;12;716
28;2025-12-17;13;718
28;2025-12-17;14;678
28;2025-12-17;15;706
28;2025-12-17;16;908
28;2025-12-17;17;1070
28;2025-12-17;18;1038
28;2025-12-17;19;769
28;2025-12-17;20;529
28;2025-12-17;21;328
28;2025-12-17;22;119
28;2025-12-17;23;12
28;2025-12-18;0;3
28;2025-12-18;1;1
28;2025-12-18;2;0
28;2025-12-18;3;0
28;2025-12-18;4;1
28;2025-12-18;5;79
28;2025-12-18;6;255
28;2025-12-18;7;801
28;2025-12-18;8;1311
28;2025-12-18;9;843
28;2025-12-18;10;626
28;2025-12-18;11;573
28;2025-12-18;12;716
28;2025-12-18;13;718
28;2025-12-18;14;678
28;2025-12-18;15;706
28;2025-12-18;16;908
28;2025-12-18;17;1070
28;2025-12-18;18;1038
28;2025-12-18;19;769
28;2025-12-18;20;529
28;2025-12-18;21;328
28;2025-12-18;22;119
28;2025-12-18;23;12
28;2025-12-19;0;2
28;2025-12-19;1;0
28;2025-12-19;2;0
28;2025-12-19;3;0
28;2025-12-19;4;2
28;2025-12-19;5;77
28;2025-12-19;6;284
28;2025-12-19;7;870
28;2025-12-19;8;1337
28;2025-12-19;9;857
28;2025-12-19;10;643
28;2025-12-19;11;615
28;2025-12-19;12;810
28;2025-12-19;13;739
28;2025-12-19;14;725
28;2025-12-19;15;745
28;2025-12-19;16;978
28;2025-12-19;17;1024
28;2025-12-19;18;897
28;2025-12-19;19;668
28;2025-12-19;20;435
28;2025-12-19;21;337
28;2025-12-19;22;131
28;2025-12-19;23;19
28;2025-12-20;0;2
28;2025-12-20;1;0
28;2025-12-20;2;0
28;2025-12-20;3;0
28;2025-12-20;4;1
28;2025-12-20;5;40
28;2025-12-20;6;109
28;2025-12-20;7;239
28;2025-12-20;8;414
28;2025-12-20;9;467
28;2025-12-20;10;510
28;2025-12-20;11;515
28;2025-12-20;12;610
28;2025-12-20;13;615
28;2025-12-20;14;571
28;2025-12-20;15;618
28;2025-12-20;16;622
28;2025-12-20;17;597
28;2025-12-20;18;515
28;2025-12-20;19;390
28;2025-12-20;20;288
28;2025-12-20;21;262
28;2025-12-20;22;105
28;2025-12-20;23;12
28;2025-12-21;0;2
28;2025-12-21;1;0
28;2025-12-21;2;0
28;2025-12-21;3;0
28;2025-12-21;4;0
28;2025-12-21;5;30
28;2025-12-21;6;79
28;2025-12-21;7;170
28;2025-12-21;8;263
28;2025-12-21;9;364
28;2025-12-21;10;409
28;2025-12-21;11;449
28;2025-12-21;12;464
28;2025-12-21;13;565
28;2025-12-21;14;536
28;2025-12-21;15;531
28;2025-12-21;16;475
28;2025-12-21;17;513
28;2025-12-21;18;441
28;2025-12-21;19;398
28;2025-12-21;20;300
28;2025-12-21;21;241
28;2025-12-21;22;113
28;2025-12-21;23;13
28;2025-12-22;0;3
28;2025-12-22;1;1
28;2025-12-22;2;0
28;2025-12-22;3;0
28;2025-12-22;4;1
28;2025-12-22;5;78
28;2025-12-22;6;253
28;2025-12-22;7;794
28;2025-12-22;8;1299
28;2025-12-22;9;835
28;2025-12-22;10;621
28;2025-12-22;11;568
28;2025-12-22;12;710
28;2025-12-22;13;712
28;2025-12-22;14;672
28;2025-12-22;15;699
28;2025-12-22;16;900
28;2025-12-22;17;1061
28;2025-12-22;18;1029
28;2025-12-22;19;762
28;2025-12-22;20;524
28;2025-12-22;21;325
28;2025-12-22;22;118
28;2025-12-22;23;12
28;2025-12-23;0;3
28;2025-12-23;1;1
28;2025-12-23;2;0
28;2025-12-23;3;0
28;2025-12-23;4;1
28;2025-12-23;5;77
28;2025-12-23;6;246
28;2025-12-23;7;774
28;2025-12-23;8;1267
28;2025-12-23;9;815
28;2025-12-23;10;605
28;2025-12-23;11;553
28;2025-12-23;12;692
28;2025-12-23;13;694
28;2025-12-23;14;656
28;2025-12-23;15;682
28;2025-12-23;16;877
28;2025-12-23;17;1034
28;2025-12-23;18;1003
28;2025-12-23;19;743
28;2025-12-23;20;511
28;2025-12-23;21;317
28;2025-12-23;22;115
28;2025-12-23;23;12
28;2025-12-24;0;3
28;2025-12-24;1;1
28;2025-12-24;2;0
28;2025-12-24;3;0
28;2025-12-24;4;1
28;2025-12-24;5;76
28;2025-12-24;6;245
28;2025-12-24;7;770
28;2025-12-24;8;1260
28;2025-12-24;9;810
28;2025-12-24;10;602
28;2025-12-24;11;550
28;2025-12-24;12;688
28;2025-12-24;13;690
28;2025-12-24;14;652
28;2025-12-24;15;678
28;2025-12-24;16;873
28;2025-12-24;17;1029
28;2025-12-24;18;997
28;2025-12-24;19;739
28;2025-12-24;20;508
28;2025-12-24;21;315
28;2025-12-24;22;114
28;2025-12-24;23;12
28;2025-12-25;0;3
28;2025-12-25;1;1
28;2025-12-25;2;0
28;2025-12-25;3;0
28;2025-12-25;4;1
28;2025-12-25;5;78
28;2025-12-25;6;250
28;2025-12-25;7;787
28;2025-12-25;8;1288
28;2025-12-25;9;828
28;2025-12-25;10;615
28;2025-12-25;11;563
28;2025-12-25;12;703
28;2025-12-25;13;705
28;2025-12-25;14;666
28;2025-12-25;15;693
28;2025-12-25;16;892
28;2025-12-25;17;1051
28;2025-12-25;18;1020
28;2025-12-25;19;755
28;2025-12-25;20;520
28;2025-12-25;21;322
28;2025-12-25;22;117
28;2025-12-25;23;12
28;2025-12-26;0;2
28;2025-12-26;1;0
28;2025-12-26;2;0
28;2025-12-26;3;0
28;2025-12-26;4;2
28;2025-12-26;5;73
28;2025-12-26;6;269
28;2025-12-26;7;825
28;2025-12-26;8;1267
28;2025-12-26;9;812
28;2025-12-26;10;610
28;2025-12-26;11;583
28;2025-12-26;12;768
28;2025-12-26;13;700
28;2025-12-26;14;687
28;2025-12-26;15;706
28;2025-12-26;16;926
28;2025-12-26;17;970
28;2025-12-26;18;850
28;2025-12-26;19;633
28;2025-12-26;20;412
28;2025-12-26;21;320
28;2025-12-26;22;124
28;2025-12-26;23;18
28;2025-12-27;0;2
28;2025-12-27;1;0
28;2025-12-27;2;0
28;2025-12-27;3;0
28;2025-12-27;4;1
28;2025-12-27;5;40
28;2025-12-27;6;108
28;2025-12-27;7;238
28;2025-12-27;8;413
28;2025-12-27;9;466
28;2025-12-27;10;509
28;2025-12-27;11;514
28;2025-12-27;12;609
28;2025-12-27;13;614
28;2025-12-27;14;569
28;2025-12-27;15;617
28;2025-12-27;16;621
28;2025-12-27;17;596
28;2025-12-27;18;514
28;2025-12-27;19;389
28;2025-12-27;20;288
28;2025-12-27;21;261
28;2025-12-27;22;104
28;2025-12-27;23;12
28;2025-12-28;0;2
28;2025-12-28;1;0
28;2025-12-28;2;0
28;2025-12-28;3;0
28;2025-12-28;4;0
28;2025-12-28;5;30
28;2025-12-28;6;78
28;2025-12-28;7;167
28;2025-12-28;8;259
28;2025-12-28;9;358
28;2025-12-28;10;403
28;2025-12-28;11;441
28;2025-12-28;12;456
28;2025-12-28;13;556
28;2025-12-28;14;527
28;2025-12-28;15;522
28;2025-12-28;16;467
28;2025-12-28;17;505
28;2025-12-28;18;434
28;2025-12-28;19;392
28;2025-12-28;20;295
28;2025-12-28;21;237
28;2025-12-28;22;111
28;2025-12-28;23;13
28;2025-12-29;0;2
28;2025-12-29;1;1
28;2025-12-29;2;0
28;2025-12-29;3;0
28;2025-12-29;4;1
28;2025-12-29;5;68
28;2025-12-29;6;220
28;2025-12-29;7;692
28;2025-12-29;8;1133
28;2025-12-29;9;729
28;2025-12-29;10;542
28;2025-12-29;11;495
28;2025-12-29;12;618
28;2025-12-29;13;620
28;2025-12-29;14;587
28;2025-12-29;15;611
28;2025-12-29;16;785
28;2025-12-29;17;925
28;2025-12-29;18;897
28;2025-12-29;19;664
28;2025-12-29;20;458
28;2025-12-29;21;283
28;2025-12-29;22;103
28;2025-12-29;23;10
28;2025-12-30;0;2
28;2025-12-30;1;1
28;2025-12-30;2;0
28;2025-12-30;3;0
28;2025-12-30;4;1
28;2025-12-30;5;67
28;2025-12-30;6;216
28;2025-12-30;7;679
28;2025-12-30;8;1111
28;2025-12-30;9;715
28;2025-12-30;10;531
28;2025-12-30;11;485
28;2025-12-30;12;606
28;2025-12-30;13;608
28;2025-12-30;14;575
28;2025-12-30;15;599
28;2025-12-30;16;770
28;2025-12-30;17;907
28;2025-12-30;18;879
28;2025-12-30;19;651
28;2025-12-30;20;449
28;2025-12-30;21;278
28;2025-12-30;22;101
28;2025-12-30;23;10
28;2025-12-31;0;1
28;2025-12-31;1;0
28;2025-12-31;2;0
28;2025-12-31;3;0
28;2025-12-31;4;1
28;2025-12-31;5;31
28;2025-12-31;6;85
28;2025-12-31;7;188
28;2025-12-31;8;327
28;2025-12-31;9;368
28;2025-12-31;10;401
28;2025-12-31;11;406
28;2025-12-31;12;481
28;2025-12-31;13;485
28;2025-12-31;14;450
28;2025-12-31;15;487
28;2025-12-31;16;490
28;2025-12-31;17;470
28;2025-12-31;18;406
28;2025-12-31;19;307
28;2025-12-31;20;0
28;2025-12-31;21;0
28;2025-12-31;22;0
28;2025-12-31;23;0
50;2025-11-01;0;56
50;2025-11-01;1;6
50;2025-11-01;2;0
50;2025-11-01;3;0
50;2025-11-01;4;3
50;2025-11-01;5;54
50;2025-11-01;6;400
50;2025-11-01;7;1378
50;2025-11-01;8;2179
50;2025-11-01;9;1698
50;2025-11-01;10;1181
50;2025-11-01;11;1187
50;2025-11-01;12;1104
50;2025-11-01;13;1195
50;2025-11-01;14;1139
50;2025-11-01;15;1359
50;2025-11-01;16;1781
50;2025-11-01;17;1687
50;2025-11-01;18;1255
50;2025-11-01;19;932
50;2025-11-01;20;673
50;2025-11-01;21;427
50;2025-11-01;22;211
50;2025-11-01;23;128
50;2025-11-02;0;4
50;2025-11-02;1;0
50;2025-11-02;2;0
50;2025-11-02;3;0
50;2025-11-02;4;0
50;2025-11-02;5;1
50;2025-11-02;6;6
50;2025-11-02;7;10
50;2025-11-02;8;21
50;2025-11-02;9;16
50;2025-11-02;10;44
50;2025-11-02;11;145
50;2025-11-02;12;112
50;2025-11-02;13;137
50;2025-11-02;14;229
50;2025-11-02;15;187
50;2025-11-02;16;220
50;2025-11-02;17;197
50;2025-11-02;18;117
50;2025-11-02;19;127
50;2025-11-02;20;92
50;2025-11-02;21;59
50;2025-11-02;22;69
50;2025-11-02;23;19
50;2025-11-03;0;4
50;2025-11-03;1;0
50;2025-11-03;2;0
50;2025-11-03;3;0
50;2025-11-03;4;0
50;2025-11-03;5;1
50;2025-11-03;6;6
50;2025-11-03;7;10
50;2025-11-03;8;21
50;2025-11-03;9;16
50;2025-11-03;10;43
50;2025-11-03;11;142
50;2025-11-03;12;109
50;2025-11-03;13;134
50;2025-11-03;14;225
50;2025-11-03;15;183
50;2025-11-03;16;216
50;2025-11-03;17;193
50;2025-11-03;18;114
50;2025-11-03;19;124
50;2025-11-03;20;91
50;2025-11-03;21;58
50;2025-11-03;22;68
50;2025-11-03;23;19
50;2025-11-04;0;4
50;2025-11-04;1;0
50;2025-11-04;2;0
50;2025-11-04;3;0
50;2025-11-04;4;0
50;2025-11-04;5;1
50;2025-11-04;6;6
50;2025-11-04;7;10
50;2025-11-04;8;21
50;2025-11-04;9;16
50;2025-11-04;10;42
50;2025-11-04;11;141
50;2025-11-04;12;108
50;2025-11-04;13;133
50;2025-11-04;14;223
50;2025-11-04;15;181
50;2025-11-04;16;214
50;2025-11-04;17;191
50;2025-11-04;18;113
50;2025-11-04;19;123
50;2025-11-04;20;90
50;2025-11-04;21;57
50;2025-11-04;22;67
50;2025-11-04;23;19
50;2025-11-05;0;25
50;2025-11-05;1;3
50;2025-11-05;2;1
50;2025-11-05;3;0
50;2025-11-05;4;4
50;2025-11-05;5;77
50;2025-11-05;6;540
50;2025-11-05;7;1755
50;2025-11-05;8;2898
50;2025-11-05;9;2288
50;2025-11-05;10;1776
50;2025-11-05;11;1565
50;2025-11-05;12;1479
50;2025-11-05;13;1557
50;2025-11-05;14;1480
50;2025-11-05;15;1712
50;2025-11-05;16;1728
50;2025-11-05;17;2491
50;2025-11-05;18;2563
50;2025-11-05;19;1456
50;2025-11-05;20;974
50;2025-11-05;21;664
50;2025-11-05;22;254
50;2025-11-05;23;148
50;2025-11-06;0;25
50;2025-11-06;1;3
50;2025-11-06;2;1
50;2025-11-06;3;0
50;2025-11-06;4;4
50;2025-11-06;5;76
50;2025-11-06;6;531
50;2025-11-06;7;1727
50;2025-11-06;8;2850
50;2025-11-06;9;2251
50;2025-11-06;10;1747
50;2025-11-06;11;1539
50;2025-11-06;12;1455
50;2025-11-06;13;1532
50;2025-11-06;14;1456
50;2025-11-06;15;1684
50;2025-11-06;16;1700
50;2025-11-06;17;2451
50;2025-11-06;18;2521
50;2025-11-06;19;1432
50;2025-11-06;20;958
50;2025-11-06;21;653
50;2025-11-06;22;250
50;2025-11-06;23;146
50;2025-11-07;0;35
50;2025-11-07;1;1
50;2025-11-07;2;0
50;2025-11-07;3;0
50;2025-11-07;4;4
50;2025-11-07;5;68
50;2025-11-07;6;498
50;2025-11-07;7;1712
50;2025-11-07;8;2708
50;2025-11-07;9;2110
50;2025-11-07;10;1467
50;2025-11-07;11;1475
50;2025-11-07;12;1371
50;2025-11-07;13;1485
50;2025-11-07;14;1416
50;2025-11-07;15;1689
50;2025-11-07;16;2214
50;2025-11-07;17;2098
50;2025-11-07;18;1560
50;2025-11-07;19;1158
50;2025-11-07;20;837
50;2025-11-07;21;531
50;2025-11-07;22;264
50;2025-11-07;23;159
50;2025-11-08;0;70
50;2025-11-08;1;8
50;2025-11-08;2;0
50;2025-11-08;3;3
50;2025-11-08;4;0
50;2025-11-08;5;11
50;2025-11-08;6;14
50;2025-11-08;7;22
50;2025-11-08;8;46
50;2025-11-08;9;89
50;2025-11-08;10;32
50;2025-11-08;11;56
50;2025-11-08;12;102
50;2025-11-08;13;67
50;2025-11-08;14;82
50;2025-11-08;15;120
50;2025-11-08;16;77
50;2025-11-08;17;75
50;2025-11-08;18;18
50;2025-11-08;19;17
50;2025-11-08;20;11
50;2025-11-08;21;12
50;2025-11-08;22;12
50;2025-11-08;23;3
50;2025-11-09;0;4
50;2025-11-09;1;0
50;2025-11-09;2;0
50;2025-11-09;3;0
50;2025-11-09;4;0
50;2025-11-09;5;1
50;2025-11-09;6;6
50;2025-11-09;7;10
50;2025-11-09;8;21
50;2025-11-09;9;16
50;2025-11-09;10;44
50;2025-11-09;11;145
50;2025-11-09;12;112
50;2025-11-09;13;137
50;2025-11-09;14;229
50;2025-11-09;15;187
50;2025-11-09;16;220
50;2025-11-09;17;197
50;2025-11-09;18;117
50;2025-11-09;19;127
50;2025-11-09;20;92
50;2025-11-09;21;59
50;2025-11-09;22;69
50;2025-11-09;23;19
50;2025-11-10;0;25
50;2025-11-10;1;3
50;2025-11-10;2;1
50;2025-11-10;3;0
50;2025-11-10;4;4
50;2025-11-10;5;77
50;2025-11-10;6;540
50;2025-11-10;7;1755
50;2025-11-10;8;2898
50;2025-11-10;9;2288
50;2025-11-10;10;1776
50;2025-11-10;11;1565
50;2025-11-10;12;1479
50;2025-11-10;13;1557
50;2025-11-10;14;1480
50;2025-11-10;15;1712
50;2025-11-10;16;1728
50;2025-11-10;17;2491
50;2025-11-10;18;2563
50;2025-11-10;19;1456
50;2025-11-10;20;974
50;2025-11-10;21;664
50;2025-11-10;22;254
50;2025-11-10;23;148
50;2025-11-11;0;25
50;2025-11-11;1;3
50;2025-11-11;2;1
50;2025-11-11;3;0
50;2025-11-11;4;4
50;2025-11-11;5;77
50;2025-11-11;6;540
50;2025-11-11;7;1755
50;2025-11-11;8;2898
50;2025-11-11;9;2288
50;2025-11-11;10;1776
50;2025-11-11;11;1565
50;2025-11-11;12;1479
50;2025-11-11;13;1557
50;2025-11-11;14;1480
50;2025-11-11;15;1712
50;2025-11-11;16;1728
50;2025-11-11;17;2491
50;2025-11-11;18;2563
50;2025-11-11;19;1456
50;2025-11-11;20;974
50;2025-11-11;21;664
50;2025-11-11;22;254
50;2025-11-11;23;148
50;2025-11-12;0;25
50;2025-11-12;1;3
50;2025-11-12;2;1
50;2025-11-12;3;0
50;2025-11-12;4;4
50;2025-11-12;5;76
50;2025-11-12;6;534
50;2025-11-12;7;1736
50;2025-11-12;8;2866
50;2025-11-12;9;2263
50;2025-11-12;10;1756
50;2025-11-12;11;1547
50;2025-11-12;12;1463
50;2025-11-12;13;1540
50;2025-11-12;14;1464
50;2025-11-12;15;1693
50;2025-11-12;16;1709
50;2025-11-12;17;2464
50;2025-11-12;18;2535
50;2025-11-12;19;1440
50;2025-11-12;20;963
50;2025-11-12;21;657
50;2025-11-12;22;251
50;2025-11-12;23;147
50;2025-11-13;0;25
50;2025-11-13;1;3
50;2025-11-13;2;1
50;2025-11-13;3;0
50;2025-11-13;4;4
50;2025-11-13;5;77
50;2025-11-13;6;540
50;2025-11-13;7;1753
50;2025-11-13;8;2894
50;2025-11-13;9;2286
50;2025-11-13;10;1774
50;2025-11-13;11;1563
50;2025-11-13;12;1478
50;2025-11-13;13;1556
50;2025-11-13;14;1479
50;2025-11-13;15;1710
50;2025-11-13;16;1726
50;2025-11-13;17;2489
50;2025-11-13;18;2560
50;2025-11-13;19;1454
50;2025-11-13;20;973
50;2025-11-13;21;663
50;2025-11-13;22;254
50;2025-11-13;23;148
50;2025-11-14;0;35
50;2025-11-14;1;1
50;2025-11-14;2;0
50;2025-11-14;3;0
50;2025-11-14;4;4
50;2025-11-14;5;68
50;2025-11-14;6;499
50;2025-11-14;7;1716
50;2025-11-14;8;2714
50;2025-11-14;9;2115
50;2025-11-14;10;1470
50;2025-11-14;11;1478
50;2025-11-14;12;1374
50;2025-11-14;13;1489
50;2025-11-14;14;1419
50;2025-11-14;15;1693
50;2025-11-14;16;2219
50;2025-11-14;17;2103
50;2025-11-14;18;1563
50;2025-11-14;19;1161
50;2025-11-14;20;839
50;2025-11-14;21;532
50;2025-11-14;22;264
50;2025-11-14;23;159
50;2025-11-15;0;65
50;2025-11-15;1;8
50;2025-11-15;2;0
50;2025-11-15;3;3
50;2025-11-15;4;0
50;2025-11-15;5;10
50;2025-11-15;6;13
50;2025-11-15;7;21
50;2025-11-15;8;43
50;2025-11-15;9;83
50;2025-11-15;10;30
50;2025-11-15;11;52
50;2025-11-15;12;95
50;2025-11-15;13;63
50;2025-11-15;14;77
50;2025-11-15;15;112
50;2025-11-15;16;72
50;2025-11-15;17;70
50;2025-11-15;18;17
50;2025-11-15;19;16
50;2025-11-15;20;10
50;2025-11-15;21;11
50;2025-11-15;22;11
50;2025-11-15;23;3
50;2025-11-16;0;4
50;2025-11-16;1;0
50;2025-11-16;2;0
50;2025-11-16;3;0
50;2025-11-16;4;0
50;2025-11-16;5;1
50;2025-11-16;6;6
50;2025-11-16;7;10
50;2025-11-16;8;21
50;2025-11-16;9;16
50;2025-11-16;10;44
50;2025-11-16;11;145
50;2025-11-16;12;112
50;2025-11-16;13;137
50;2025-11-16;14;229
50;2025-11-16;15;187
50;2025-11-16;16;220
50;2025-11-16;17;197
50;2025-11-16;18;117
50;2025-11-16;19;127
50;2025-11-16;20;92
50;2025-11-16;21;59
50;2025-11-16;22;69
50;2025-11-16;23;19
50;2025-11-17;0;25
50;2025-11-17;1;3
50;2025-11-17;2;1
50;2025-11-17;3;0
50;2025-11-17;4;4
50;2025-11-17;5;75
50;2025-11-17;6;523
50;2025-11-17;7;1700
50;2025-11-17;8;2807
50;2025-11-17;9;2217
50;2025-11-17;10;1720
50;2025-11-17;11;1515
50;2025-11-17;12;1433
50;2025-11-17;13;1509
50;2025-11-17;14;1434
50;2025-11-17;15;1658
50;2025-11-17;16;1674
50;2025-11-17;17;2413
50;2025-11-17;18;2482
50;2025-11-17;19;1410
50;2025-11-17;20;943
50;2025-11-17;21;643
50;2025-11-17;22;246
50;2025-11-17;23;144
50;2025-11-18;0;24
50;2025-11-18;1;3
50;2025-11-18;2;1
50;2025-11-18;3;0
50;2025-11-18;4;4
50;2025-11-18;5;73
50;2025-11-18;6;513
50;2025-11-18;7;1667
50;2025-11-18;8;2752
50;2025-11-18;9;2173
50;2025-11-18;10;1686
50;2025-11-18;11;1486
50;2025-11-18;12;1405
50;2025-11-18;13;1479
50;2025-11-18;14;1406
50;2025-11-18;15;1626
50;2025-11-18;16;1641
50;2025-11-18;17;2366
50;2025-11-18;18;2433
50;2025-11-18;19;1383
50;2025-11-18;20;925
50;2025-11-18;21;631
50;2025-11-18;22;241
50;2025-11-18;23;141
50;2025-11-19;0;25
50;2025-11-19;1;3
50;2025-11-19;2;1
50;2025-11-19;3;0
50;2025-11-19;4;4
50;2025-11-19;5;77
50;2025-11-19;6;540
50;2025-11-19;7;1755
50;2025-11-19;8;2898
50;2025-11-19;9;2288
50;2025-11-19;10;1776
50;2025-11-19;11;1565
50;2025-11-19;12;1479
50;2025-11-19;13;1557
50;2025-11-19;14;1480
50;2025-11-19;15;1712
50;2025-11-19;16;1728
50;2025-11-19;17;2491
50;2025-11-19;18;2563
50;2025-11-19;19;1456
50;2025-11-19;20;974
50;2025-11-19;21;664
50;2025-11-19;22;254
50;2025-11-19;23;148
50;2025-11-20;0;25
50;2025-11-20;1;3
50;2025-11-20;2;1
50;2025-11-20;3;0
50;2025-11-20;4;4
50;2025-11-20;5;77
50;2025-11-20;6;540
50;2025-11-20;7;1755
50;2025-11-20;8;2898
50;2025-11-20;9;2288
50;2025-11-20;10;1776
50;2025-11-20;11;1565
50;2025-11-20;12;1479
50;2025-11-20;13;1557
50;2025-11-20;14;1480
50;2025-11-20;15;1712
50;2025-11-20;16;1728
50;2025-11-20;17;2491
50;2025-11-20;18;2563
50;2025-11-20;19;1456
50;2025-11-20;20;974
50;2025-11-20;21;664
50;2025-11-20;22;254
50;2025-11-20;23;148
50;2025-11-21;0;35
50;2025-11-21;1;1
50;2025-11-21;2;0
50;2025-11-21;3;0
50;2025-11-21;4;4
50;2025-11-21;5;68
50;2025-11-21;6;499
50;2025-11-21;7;1716
50;2025-11-21;8;2714
50;2025-11-21;9;2115
50;2025-11-21;10;1470
50;2025-11-21;11;1478
50;2025-11-21;12;1374
50;2025-11-21;13;1489
50;2025-11-21;14;1419
50;2025-11-21;15;1693
50;2025-11-21;16;2219
50;2025-11-21;17;2103
50;2025-11-21;18;1563
50;2025-11-21;19;1161
50;2025-11-21;20;839
50;2025-11-21;21;532
50;2025-11-21;22;264
50;2025-11-21;23;159
50;2025-11-22;0;69
50;2025-11-22;1;8
50;2025-11-22;2;0
50;2025-11-22;3;3
50;2025-11-22;4;0
50;2025-11-22;5;11
50;2025-11-22;6;14
50;2025-11-22;7;22
50;2025-11-22;8;45
50;2025-11-22;9;88
50;2025-11-22;10;32
50;2025-11-22;11;55
50;2025-11-22;12;100
50;2025-11-22;13;66
50;2025-11-22;14;81
50;2025-11-22;15;118
50;2025-11-22;16;76
50;2025-11-22;17;74
50;2025-11-22;18;18
50;2025-11-22;19;17
50;2025-11-22;20;11
50;2025-11-22;21;12
50;2025-11-22;22;12
50;2025-11-22;23;3
50;2025-11-23;0;4
50;2025-11-23;1;0
50;2025-11-23;2;0
50;2025-11-23;3;0
50;2025-11-23;4;0
50;2025-11-23;5;1
50;2025-11-23;6;6
50;2025-11-23;7;10
50;2025-11-23;8;21
50;2025-11-23;9;16
50;2025-11-23;10;44
50;2025-11-23;11;145
50;2025-11-23;12;112
50;2025-11-23;13;137
50;2025-11-23;14;229
50;2025-11-23;15;187
50;2025-11-23;16;220
50;2025-11-23;17;197
50;2025-11-23;18;117
50;2025-11-23;19;127
50;2025-11-23;20;92
50;2025-11-23;21;59
50;2025-11-23;22;69
50;2025-11-23;23;19
50;2025-11-24;0;24
50;2025-11-24;1;3
50;2025-11-24;2;1
50;2025-11-24;3;0
50;2025-11-24;4;4
50;2025-11-24;5;74
50;2025-11-24;6;516
50;2025-11-24;7;1676
50;2025-11-24;8;2767
50;2025-11-24;9;2185
50;2025-11-24;10;1696
50;2025-11-24;11;1494
50;2025-11-24;12;1412
50;2025-11-24;13;1487
50;2025-11-24;14;1413
50;2025-11-24;15;1634
50;2025-11-24;16;1650
50;2025-11-24;17;2379
50;2025-11-24;18;2447
50;2025-11-24;19;1390
50;2025-11-24;20;930
50;2025-11-24;21;634
50;2025-11-24;22;242
50;2025-11-24;23;142
50;2025-11-25;0;25
50;2025-11-25;1;3
50;2025-11-25;2;1
50;2025-11-25;3;0
50;2025-11-25;4;4
50;2025-11-25;5;77
50;2025-11-25;6;540
50;2025-11-25;7;1755
50;2025-11-25;8;2898
50;2025-11-25;9;2288
50;2025-11-25;10;1776
50;2025-11-25;11;1565
50;2025-11-25;12;1479
50;2025-11-25;13;1557
50;2025-11-25;14;1480
50;2025-11-25;15;1712
50;2025-11-25;16;1728
50;2025-11-25;17;2491
50;2025-11-25;18;2563
50;2025-11-25;19;1456
50;2025-11-25;20;974
50;2025-11-25;21;664
50;2025-11-25;22;254
50;2025-11-25;23;148
50;2025-11-26;0;24
50;2025-11-26;1;3
50;2025-11-26;2;1
50;2025-11-26;3;0
50;2025-11-26;4;4
50;2025-11-26;5;73
50;2025-11-26;6;514
50;2025-11-26;7;1671
50;2025-11-26;8;2758
50;2025-11-26;9;2178
50;2025-11-26;10;1690
50;2025-11-26;11;1489
50;2025-11-26;12;1408
50;2025-11-26;13;1482
50;2025-11-26;14;1409
50;2025-11-26;15;1629
50;2025-11-26;16;1645
50;2025-11-26;17;2371
50;2025-11-26;18;2439
50;2025-11-26;19;1386
50;2025-11-26;20;927
50;2025-11-26;21;632
50;2025-11-26;22;242
50;2025-11-26;23;141
50;2025-11-27;0;24
50;2025-11-27;1;3
50;2025-11-27;2;1
50;2025-11-27;3;0
50;2025-11-27;4;4
50;2025-11-27;5;74
50;2025-11-27;6;519
50;2025-11-27;7;1687
50;2025-11-27;8;2785
50;2025-11-27;9;2200
50;2025-11-27;10;1707
50;2025-11-27;11;1504
50;2025-11-27;12;1422
50;2025-11-27;13;1497
50;2025-11-27;14;1423
50;2025-11-27;15;1645
50;2025-11-27;16;1661
50;2025-11-27;17;2395
50;2025-11-27;18;2463
50;2025-11-27;19;1399
50;2025-11-27;20;936
50;2025-11-27;21;638
50;2025-11-27;22;244
50;2025-11-27;23;142
50;2025-11-28;0;36
50;2025-11-28;1;1
50;2025-11-28;2;0
50;2025-11-28;3;0
50;2025-11-28;4;4
50;2025-11-28;5;68
50;2025-11-28;6;501
50;2025-11-28;7;1722
50;2025-11-28;8;2723
50;2025-11-28;9;2122
50;2025-11-28;10;1475
50;2025-11-28;11;1483
50;2025-11-28;12;1379
50;2025-11-28;13;1493
50;2025-11-28;14;1423
50;2025-11-28;15;1699
50;2025-11-28;16;2227
50;2025-11-28;17;2110
50;2025-11-28;18;1569
50;2025-11-28;19;1165
50;2025-11-28;20;842
50;2025-11-28;21;534
50;2025-11-28;22;265
50;2025-11-28;23;159
50;2025-11-29;0;70
50;2025-11-29;1;8
50;2025-11-29;2;0
50;2025-11-29;3;3
50;2025-11-29;4;0
50;2025-11-29;5;11
50;2025-11-29;6;14
50;2025-11-29;7;22
50;2025-11-29;8;46
50;2025-11-29;9;89
50;2025-11-29;10;32
50;2025-11-29;11;56
50;2025-11-29;12;102
50;2025-11-29;13;67
50;2025-11-29;14;82
50;2025-11-29;15;120
50;2025-11-29;16;77
50;2025-11-29;17;75
50;2025-11-29;18;18
50;2025-11-29;19;17
50;2025-11-29;20;11
50;2025-11-29;21;12
50;2025-11-29;22;12
50;2025-11-29;23;3
50;2025-11-30;0;4
50;2025-11-30;1;0
50;2025-11-30;2;0
50;2025-11-30;3;0
50;2025-11-30;4;0
50;2025-11-30;5;1
50;2025-11-30;6;6
50;2025-11-30;7;10
50;2025-11-30;8;21
50;2025-11-30;9;16
50;2025-11-30;10;44
50;2025-11-30;11;145
50;2025-11-30;12;112
50;2025-11-30;13;137
50;2025-11-30;14;229
50;2025-11-30;15;187
50;2025-11-30;16;220
50;2025-11-30;17;197
50;2025-11-30;18;117
50;2025-11-30;19;127
50;2025-11-30;20;92
50;2025-11-30;21;59
50;2025-11-30;22;69
50;2025-11-30;23;19
50;2025-12-01;0;25
50;2025-12-01;1;3
50;2025-12-01;2;1
50;2025-12-01;3;0
50;2025-12-01;4;4
50;2025-12-01;5;77
50;2025-12-01;6;540
50;2025-12-01;7;1755
50;2025-12-01;8;2898
50;2025-12-01;9;2288
50;2025-12-01;10;1776
50;2025-12-01;11;1565
50;2025-12-01;12;1479
50;2025-12-01;13;1557
50;2025-12-01;14;1480
50;2025-12-01;15;1712
50;2025-12-01;16;1728
50;2025-12-01;17;2491
50;2025-12-01;18;2563
50;2025-12-01;19;1456
50;2025-12-01;20;974
50;2025-12-01;21;664
50;2025-12-01;22;254
50;2025-12-01;23;148
50;2025-12-02;0;25
50;2025-12-02;1;3
50;2025-12-02;2;1
50;2025-12-02;3;0
50;2025-12-02;4;4
50;2025-12-02;5;77
50;2025-12-02;6;540
50;2025-12-02;7;1755
50;2025-12-02;8;2898
50;2025-12-02;9;2288
50;2025-12-02;10;1776
50;2025-12-02;11;1565
50;2025-12-02;12;1479
50;2025-12-02;13;1557
50;2025-12-02;14;1480
50;2025-12-02;15;1712
50;2025-12-02;16;1728
50;2025-12-02;17;2491
50;2025-12-02;18;2563
50;2025-12-02;19;1456
50;2025-12-02;20;974
50;2025-12-02;21;664
50;2025-12-02;22;254
50;2025-12-02;23;148
50;2025-12-03;0;25
50;2025-12-03;1;3
50;2025-12-03;2;1
50;2025-12-03;3;0
50;2025-12-03;4;4
50;2025-12-03;5;77
50;2025-12-03;6;540
50;2025-12-03;7;1755
50;2025-12-03;8;2898
50;2025-12-03;9;2288
50;2025-12-03;10;1776
50;2025-12-03;11;1565
50;2025-12-03;12;1479
50;2025-12-03;13;1557
50;2025-12-03;14;1480
50;2025-12-03;15;1712
50;2025-12-03;16;1728
50;2025-12-03;17;2491
50;2025-12-03;18;2563
50;2025-12-03;19;1456
50;2025-12-03;20;974
50;2025-12-03;21;664
50;2025-12-03;22;254
50;2025-12-03;23;148
50;2025-12-04;0;25
50;2025-12-04;1;3
50;2025-12-04;2;1
50;2025-12-04;3;0
50;2025-12-04;4;4
50;2025-12-04;5;77
50;2025-12-04;6;540
50;2025-12-04;7;1755
50;2025-12-04;8;2898
50;2025-12-04;9;2288
50;2025-12-04;10;1776
50;2025-12-04;11;1565
50;2025-12-04;12;1479
50;2025-12-04;13;1557
50;2025-12-04;14;1480
50;2025-12-04;15;1712
50;2025-12-04;16;1728
50;2025-12-04;17;2491
50;2025-12-04;18;2563
50;2025-12-04;19;1456
50;2025-12-04;20;974
50;2025-12-04;21;664
50;2025-12-04;22;254
50;2025-12-04;23;148
50;2025-12-05;0;36
50;2025-12-05;1;1
50;2025-12-05;2;0
50;2025-12-05;3;0
50;2025-12-05;4;4
50;2025-12-05;5;68
50;2025-12-05;6;501
50;2025-12-05;7;1722
50;2025-12-05;8;2723
50;2025-12-05;9;2122
50;2025-12-05;10;1475
50;2025-12-05;11;1483
50;2025-12-05;12;1379
50;2025-12-05;13;1493
50;2025-12-05;14;1423
50;2025-12-05;15;1699
50;2025-12-05;16;2227
50;2025-12-05;17;2110
50;2025-12-05;18;1569
50;2025-12-05;19;1165
50;2025-12-05;20;842
50;2025-12-05;21;534
50;2025-12-05;22;265
50;2025-12-05;23;159
50;2025-12-06;0;70
50;2025-12-06;1;8
50;2025-12-06;2;0
50;2025-12-06;3;3
50;2025-12-06;4;0
50;2025-12-06;5;11
50;2025-12-06;6;14
50;2025-12-06;7;22
50;2025-12-06;8;46
50;2025-12-06;9;89
50;2025-12-06;10;32
50;2025-12-06;11;56
50;2025-12-06;12;102
50;2025-12-06;13;67
50;2025-12-06;14;82
50;2025-12-06;15;120
50;2025-12-06;16;77
50;2025-12-06;17;75
50;2025-12-06;18;18
50;2025-12-06;19;17
50;2025-12-06;20;11
50;2025-12-06;21;12
50;2025-12-06;22;12
50;2025-12-06;23;3
50;2025-12-07;0;4
50;2025-12-07;1;0
50;2025-12-07;2;0
50;2025-12-07;3;0
50;2025-12-07;4;0
50;2025-12-07;5;1
50;2025-12-07;6;6
50;2025-12-07;7;10
50;2025-12-07;8;21
50;2025-12-07;9;16
50;2025-12-07;10;44
50;2025-12-07;11;145
50;2025-12-07;12;112
50;2025-12-07;13;137
50;2025-12-07;14;229
50;2025-12-07;15;187
50;2025-12-07;16;220
50;2025-12-07;17;197
50;2025-12-07;18;117
50;2025-12-07;19;127
50;2025-12-07;20;92
50;2025-12-07;21;59
50;2025-12-07;22;69
50;2025-12-07;23;19
50;2025-12-08;0;25
50;2025-12-08;1;3
50;2025-12-08;2;1
50;2025-12-08;3;0
50;2025-12-08;4;4
50;2025-12-08;5;77
50;2025-12-08;6;540
50;2025-12-08;7;1755
50;2025-12-08;8;2898
50;2025-12-08;9;2288
50;2025-12-08;10;1776
50;2025-12-08;11;1565
50;2025-12-08;12;1479
50;2025-12-08;13;1557
50;2025-12-08;14;1480
50;2025-12-08;15;1712
50;2025-12-08;16;1728
50;2025-12-08;17;2491
50;2025-12-08;18;2563
50;2025-12-08;19;1456
50;2025-12-08;20;974
50;2025-12-08;21;664
50;2025-12-08;22;254
50;2025-12-08;23;148
50;2025-12-09;0;25
50;2025-12-09;1;3
50;2025-12-09;2;1
50;2025-12-09;3;0
50;2025-12-09;4;4
50;2025-12-09;5;77
50;2025-12-09;6;540
50;2025-12-09;7;1755
50;2025-12-09;8;2898
50;2025-12-09;9;2288
50;2025-12-09;10;1776
50;2025-12-09;11;1565
50;2025-12-09;12;1479
50;2025-12-09;13;1557
50;2025-12-09;14;1480
50;2025-12-09;15;1712
50;2025-12-09;16;1728
50;2025-12-09;17;2491
50;2025-12-09;18;2563
50;2025-12-09;19;1456
50;2025-12-09;20;974
50;2025-12-09;21;664
50;2025-12-09;22;254
50;2025-12-09;23;148
50;2025-12-10;0;25
50;2025-12-10;1;3
50;2025-12-10;2;1
50;2025-12-10;3;0
50;2025-12-10;4;4
50;2025-12-10;5;76
50;2025-12-10;6;535
50;2025-12-10;7;1740
50;2025-12-10;8;2872
50;2025-12-10;9;2268
50;2025-12-10;10;1760
50;2025-12-10;11;1551
50;2025-12-10;12;1466
50;2025-12-10;13;1544
50;2025-12-10;14;1467
50;2025-12-10;15;1697
50;2025-12-10;16;1713
50;2025-12-10;17;2470
50;2025-12-10;18;2540
50;2025-12-10;19;1443
50;2025-12-10;20;965
50;2025-12-10;21;658
50;2025-12-10;22;252
50;2025-12-10;23;147
50;2025-12-11;0;24
50;2025-12-11;1;3
50;2025-12-11;2;1
50;2025-12-11;3;0
50;2025-12-11;4;4
50;2025-12-11;5;74
50;2025-12-11;6;516
50;2025-12-11;7;1678
50;2025-12-11;8;2770
50;2025-12-11;9;2188
50;2025-12-11;10;1697
50;2025-12-11;11;1496
50;2025-12-11;12;1414
50;2025-12-11;13;1489
50;2025-12-11;14;1415
50;2025-12-11;15;1636
50;2025-12-11;16;1652
50;2025-12-11;17;2382
50;2025-12-11;18;2450
50;2025-12-11;19;1392
50;2025-12-11;20;931
50;2025-12-11;21;635
50;2025-12-11;22;243
50;2025-12-11;23;142
50;2025-12-12;0;34
50;2025-12-12;1;1
50;2025-12-12;2;0
50;2025-12-12;3;0
50;2025-12-12;4;4
50;2025-12-12;5;66
50;2025-12-12;6;482
50;2025-12-12;7;1659
50;2025-12-12;8;2623
50;2025-12-12;9;2044
50;2025-12-12;10;1421
50;2025-12-12;11;1429
50;2025-12-12;12;1328
50;2025-12-12;13;1439
50;2025-12-12;14;1371
50;2025-12-12;15;1636
50;2025-12-12;16;2145
50;2025-12-12;17;2032
50;2025-12-12;18;1511
50;2025-12-12;19;1122
50;2025-12-12;20;811
50;2025-12-12;21;514
50;2025-12-12;22;255
50;2025-12-12;23;154
50;2025-12-13;0;70
50;2025-12-13;1;8
50;2025-12-13;2;0
50;2025-12-13;3;3
50;2025-12-13;4;0
50;2025-12-13;5;11
50;2025-12-13;6;14
50;2025-12-13;7;22
50;2025-12-13;8;45
50;2025-12-13;9;89
50;2025-12-13;10;32
50;2025-12-13;11;56
50;2025-12-13;12;101
50;2025-12-13;13;67
50;2025-12-13;14;82
50;2025-12-13;15;119
50;2025-12-13;16;77
50;2025-12-13;17;75
50;2025-12-13;18;18
50;2025-12-13;19;17
50;2025-12-13;20;11
50;2025-12-13;21;12
50;2025-12-13;22;12
50;2025-12-13;23;3
50;2025-12-14;0;4
50;2025-12-14;1;0
50;2025-12-14;2;0
50;2025-12-14;3;0
50;2025-12-14;4;0
50;2025-12-14;5;1
50;2025-12-14;6;6
50;2025-12-14;7;10
50;2025-12-14;8;21
50;2025-12-14;9;16
50;2025-12-14;10;44
50;2025-12-14;11;145
50;2025-12-14;12;112
50;2025-12-14;13;137
50;2025-12-14;14;229
50;2025-12-14;15;187
50;2025-12-14;16;220
50;2025-12-14;17;197
50;2025-12-14;18;117
50;2025-12-14;19;127
50;2025-12-14;20;92
50;2025-12-14;21;59
50;2025-12-14;22;69
50;2025-12-14;23;19
50;2025-12-15;0;25
50;2025-12-15;1;3
50;2025-12-15;2;1
50;2025-12-15;3;0
50;2025-12-15;4;4
50;2025-12-15;5;77
50;2025-12-15;6;540
50;2025-12-15;7;1753
50;2025-12-15;8;2894
50;2025-12-15;9;2286
50;2025-12-15;10;1774
50;2025-12-15;11;1563
50;2025-12-15;12;1478
50;2025-12-15;13;1556
50;2025-12-15;14;1479
50;2025-12-15;15;1710
50;2025-12-15;16;1726
50;2025-12-15;17;2489
50;2025-12-15;18;2560
50;2025-12-15;19;1454
50;2025-12-15;20;973
50;2025-12-15;21;663
50;2025-12-15;22;254
50;2025-12-15;23;148
50;2025-12-16;0;25
50;2025-12-16;1;3
50;2025-12-16;2;1
50;2025-12-16;3;0
50;2025-12-16;4;4
50;2025-12-16;5;76
50;2025-12-16;6;532
50;2025-12-16;7;1729
50;2025-12-16;8;2853
50;2025-12-16;9;2253
50;2025-12-16;10;1749
50;2025-12-16;11;1541
50;2025-12-16;12;1457
50;2025-12-16;13;1534
50;2025-12-16;14;1458
50;2025-12-16;15;1686
50;2025-12-16;16;1702
50;2025-12-16;17;2453
50;2025-12-16;18;2523
50;2025-12-16;19;1434
50;2025-12-16;20;959
50;2025-12-16;21;654
50;2025-12-16;22;250
50;2025-12-16;23;146
50;2025-12-17;0;25
50;2025-12-17;1;3
50;2025-12-17;2;1
50;2025-12-17;3;0
50;2025-12-17;4;4
50;2025-12-17;5;77
50;2025-12-17;6;540
50;2025-12-17;7;1755
50;2025-12-17;8;2898
50;2025-12-17;9;2288
50;2025-12-17;10;1776
50;2025-12-17;11;1565
50;2025-12-17;12;1479
50;2025-12-17;13;1557
50;2025-12-17;14;1480
50;2025-12-17;15;1712
50;2025-12-17;16;1728
50;2025-12-17;17;2491
50;2025-12-17;18;2563
50;2025-12-17;19;1456
50;2025-12-17;20;974
50;2025-12-17;21;664
50;2025-12-17;22;254
50;2025-12-17;23;148
50;2025-12-18;0;25
50;2025-12-18;1;3
50;2025-12-18;2;1
50;2025-12-18;3;0
50;2025-12-18;4;4
50;2025-12-18;5;77
50;2025-12-18;6;540
50;2025-12-18;7;1755
50;2025-12-18;8;2898
50;2025-12-18;9;2288
50;2025-12-18;10;1776
50;2025-12-18;11;1565
50;2025-12-18;12;1479
50;2025-12-18;13;1557
50;2025-12-18;14;1480
50;2025-12-18;15;1712
50;2025-12-18;16;1728
50;2025-12-18;17;2491
50;2025-12-18;18;2563
50;2025-12-18;19;1456
50;2025-12-18;20;974
50;2025-12-18;21;664
50;2025-12-18;22;254
50;2025-12-18;23;148
50;2025-12-19;0;35
50;2025-12-19;1;1
50;2025-12-19;2;0
50;2025-12-19;3;0
50;2025-12-19;4;4
50;2025-12-19;5;68
50;2025-12-19;6;499
50;2025-12-19;7;1718
50;2025-12-19;8;2717
50;2025-12-19;9;2117
50;2025-12-19;10;1472
50;2025-12-19;11;1480
50;2025-12-19;12;1376
50;2025-12-19;13;1490
50;2025-12-19;14;1420
50;2025-12-19;15;1695
50;2025-12-19;16;2222
50;2025-12-19;17;2105
50;2025-12-19;18;1565
50;2025-12-19;19;1162
50;2025-12-19;20;840
50;2025-12-19;21;533
50;2025-12-19;22;264
50;2025-12-19;23;159
50;2025-12-20;0;70
50;2025-12-20;1;8
50;2025-12-20;2;0
50;2025-12-20;3;3
50;2025-12-20;4;0
50;2025-12-20;5;11
50;2025-12-20;6;14
50;2025-12-20;7;22
50;2025-12-20;8;46
50;2025-12-20;9;89
50;2025-12-20;10;32
50;2025-12-20;11;56
50;2025-12-20;12;102
50;2025-12-20;13;67
50;2025-12-20;14;82
50;2025-12-20;15;120
50;2025-12-20;16;77
50;2025-12-20;17;75
50;2025-12-20;18;18
50;2025-12-20;19;17
50;2025-12-20;20;11
50;2025-12-20;21;12
50;2025-12-20;22;12
50;2025-12-20;23;3
50;2025-12-21;0;4
50;2025-12-21;1;0
50;2025-12-21;2;0
50;2025-12-21;3;0
50;2025-12-21;4;0
50;2025-12-21;5;1
50;2025-12-21;6;6
50;2025-12-21;7;10
50;2025-12-21;8;21
50;2025-12-21;9;16
50;2025-12-21;10;43
50;2025-12-21;11;145
50;2025-12-21;12;111
50;2025-12-21;13;136
50;2025-12-21;14;228
50;2025-12-21;15;186
50;2025-12-21;16;219
50;2025-12-21;17;196
50;2025-12-21;18;116
50;2025-12-21;19;126
50;2025-12-21;20;92
50;2025-12-21;21;59
50;2025-12-21;22;69
50;2025-12-21;23;19
50;2025-12-22;0;25
50;2025-12-22;1;3
50;2025-12-22;2;1
50;2025-12-22;3;0
50;2025-12-22;4;4
50;2025-12-22;5;76
50;2025-12-22;6;535
50;2025-12-22;7;1740
50;2025-12-22;8;2872
50;2025-12-22;9;2268
50;2025-12-22;10;1760
50;2025-12-22;11;1551
50;2025-12-22;12;1466
50;2025-12-22;13;1544
50;2025-12-22;14;1467
50;2025-12-22;15;1697
50;2025-12-22;16;1713
50;2025-12-22;17;2470
50;2025-12-22;18;2540
50;2025-12-22;19;1443
50;2025-12-22;20;965
50;2025-12-22;21;658
50;2025-12-22;22;252
50;2025-12-22;23;147
50;2025-12-23;0;25
50;2025-12-23;1;3
50;2025-12-23;2;1
50;2025-12-23;3;0
50;2025-12-23;4;4
50;2025-12-23;5;75
50;2025-12-23;6;522
50;2025-12-23;7;1697
50;2025-12-23;8;2801
50;2025-12-23;9;2212
50;2025-12-23;10;1716
50;2025-12-23;11;1512
50;2025-12-23;12;1430
50;2025-12-23;13;1505
50;2025-12-23;14;1431
50;2025-12-23;15;1655
50;2025-12-23;16;1670
50;2025-12-23;17;2408
50;2025-12-23;18;2477
50;2025-12-23;19;1407
50;2025-12-23;20;941
50;2025-12-23;21;642
50;2025-12-23;22;245
50;2025-12-23;23;143
50;2025-12-24;0;24
50;2025-12-24;1;3
50;2025-12-24;2;1
50;2025-12-24;3;0
50;2025-12-24;4;4
50;2025-12-24;5;74
50;2025-12-24;6;519
50;2025-12-24;7;1687
50;2025-12-24;8;2785
50;2025-12-24;9;2200
50;2025-12-24;10;1707
50;2025-12-24;11;1504
50;2025-12-24;12;1422
50;2025-12-24;13;1497
50;2025-12-24;14;1423
50;2025-12-24;15;1645
50;2025-12-24;16;1661
50;2025-12-24;17;2395
50;2025-12-24;18;2463
50;2025-12-24;19;1400
50;2025-12-24;20;936
50;2025-12-24;21;638
50;2025-12-24;22;244
50;2025-12-24;23;142
50;2025-12-25;0;25
50;2025-12-25;1;3
50;2025-12-25;2;1
50;2025-12-25;3;0
50;2025-12-25;4;4
50;2025-12-25;5;76
50;2025-12-25;6;531
50;2025-12-25;7;1725
50;2025-12-25;8;2847
50;2025-12-25;9;2249
50;2025-12-25;10;1745
50;2025-12-25;11;1537
50;2025-12-25;12;1453
50;2025-12-25;13;1530
50;2025-12-25;14;1454
50;2025-12-25;15;1682
50;2025-12-25;16;1698
50;2025-12-25;17;2448
50;2025-12-25;18;2518
50;2025-12-25;19;1431
50;2025-12-25;20;957
50;2025-12-25;21;652
50;2025-12-25;22;249
50;2025-12-25;23;146
50;2025-12-26;0;34
50;2025-12-26;1;1
50;2025-12-26;2;0
50;2025-12-26;3;0
50;2025-12-26;4;4
50;2025-12-26;5;64
50;2025-12-26;6;473
50;2025-12-26;7;1628
50;2025-12-26;8;2574
50;2025-12-26;9;2006
50;2025-12-26;10;1395
50;2025-12-26;11;1402
50;2025-12-26;12;1304
50;2025-12-26;13;1412
50;2025-12-26;14;1346
50;2025-12-26;15;1606
50;2025-12-26;16;2105
50;2025-12-26;17;1995
50;2025-12-26;18;1483
50;2025-12-26;19;1101
50;2025-12-26;20;796
50;2025-12-26;21;505
50;2025-12-26;22;251
50;2025-12-26;23;151
50;2025-12-27;0;70
50;2025-12-27;1;8
50;2025-12-27;2;0
50;2025-12-27;3;3
50;2025-12-27;4;0
50;2025-12-27;5;11
50;2025-12-27;6;14
50;2025-12-27;7;22
50;2025-12-27;8;46
50;2025-12-27;9;89
50;2025-12-27;10;32
50;2025-12-27;11;56
50;2025-12-27;12;101
50;2025-12-27;13;67
50;2025-12-27;14;82
50;2025-12-27;15;120
50;2025-12-27;16;77
50;2025-12-27;17;75
50;2025-12-27;18;18
50;2025-12-27;19;17
50;2025-12-27;20;11
50;2025-12-27;21;12
50;2025-12-27;22;12
50;2025-12-27;23;3
50;2025-12-28;0;4
50;2025-12-28;1;0
50;2025-12-28;2;0
50;2025-12-28;3;0
50;2025-12-28;4;0
50;2025-12-28;5;1
50;2025-12-28;6;6
50;2025-12-28;7;10
50;2025-12-28;8;21
50;2025-12-28;9;16
50;2025-12-28;10;43
50;2025-12-28;11;142
50;2025-12-28;12;109
50;2025-12-28;13;134
50;2025-12-28;14;225
50;2025-12-28;15;183
50;2025-12-28;16;216
50;2025-12-28;17;193
50;2025-12-28;18;114
50;2025-12-28;19;124
50;2025-12-28;20;90
50;2025-12-28;21;58
50;2025-12-28;22;68
50;2025-12-28;23;19
50;2025-12-29;0;22
50;2025-12-29;1;3
50;2025-12-29;2;0
50;2025-12-29;3;0
50;2025-12-29;4;3
50;2025-12-29;5;67
50;2025-12-29;6;467
50;2025-12-29;7;1518
50;2025-12-29;8;2506
50;2025-12-29;9;1979
50;2025-12-29;10;1535
50;2025-12-29;11;1353
50;2025-12-29;12;1279
50;2025-12-29;13;1347
50;2025-12-29;14;1280
50;2025-12-29;15;1480
50;2025-12-29;16;1494
50;2025-12-29;17;2155
50;2025-12-29;18;2216
50;2025-12-29;19;1259
50;2025-12-29;20;842
50;2025-12-29;21;574
50;2025-12-29;22;219
50;2025-12-29;23;128
50;2025-12-30;0;22
50;2025-12-30;1;3
50;2025-12-30;2;0
50;2025-12-30;3;0
50;2025-12-30;4;3
50;2025-12-30;5;66
50;2025-12-30;6;458
50;2025-12-30;7;1489
50;2025-12-30;8;2457
50;2025-12-30;9;1940
50;2025-12-30;10;1505
50;2025-12-30;11;1326
50;2025-12-30;12;1254
50;2025-12-30;13;1320
50;2025-12-30;14;1255
50;2025-12-30;15;1451
50;2025-12-30;16;1465
50;2025-12-30;17;2113
50;2025-12-30;18;2172
50;2025-12-30;19;1234
50;2025-12-30;20;825
50;2025-12-30;21;562
50;2025-12-30;22;215
50;2025-12-30;23;125
50;2025-12-31;0;55
50;2025-12-31;1;7
50;2025-12-31;2;0
50;2025-12-31;3;2
50;2025-12-31;4;0
50;2025-12-31;5;9
50;2025-12-31;6;11
50;2025-12-31;7;18
50;2025-12-31;8;36
50;2025-12-31;9;70
50;2025-12-31;10;26
50;2025-12-31;11;44
50;2025-12-31;12;80
50;2025-12-31;13;53
50;2025-12-31;14;65
50;2025-12-31;15;94
50;2025-12-31;16;60
50;2025-12-31;17;59
50;2025-12-31;18;15
50;2025-12-31;19;13
50;2025-12-31;20;0
50;2025-12-31;21;0
50;2025-12-31;22;0
50;2025-12-31;23;0
