route;date;hour;prediction
1;2025-11-01;0;2
1;2025-11-01;1;0
1;2025-11-01;2;0
1;2025-11-01;3;0
1;2025-11-01;4;5
1;2025-11-01;5;108
1;2025-11-01;6;381
1;2025-11-01;7;1200
1;2025-11-01;8;1457
1;2025-11-01;9;1133
1;2025-11-01;10;1009
1;2025-11-01;11;1076
1;2025-11-01;12;1073
1;2025-11-01;13;1111
1;2025-11-01;14;1044
1;2025-11-01;15;1178
1;2025-11-01;16;1269
1;2025-11-01;17;1450
1;2025-11-01;18;1172
1;2025-11-01;19;980
1;2025-11-01;20;628
1;2025-11-01;21;382
1;2025-11-01;22;140
1;2025-11-01;23;32
1;2025-11-02;0;0
1;2025-11-02;1;0
1;2025-11-02;2;0
1;2025-11-02;3;0
1;2025-11-02;4;0
1;2025-11-02;5;20
1;2025-11-02;6;110
1;2025-11-02;7;254
1;2025-11-02;8;342
1;2025-11-02;9;593
1;2025-11-02;10;660
1;2025-11-02;11;698
1;2025-11-02;12;803
1;2025-11-02;13;834
1;2025-11-02;14;777
1;2025-11-02;15;693
1;2025-11-02;16;638
1;2025-11-02;17;560
1;2025-11-02;18;484
1;2025-11-02;19;421
1;2025-11-02;20;322
1;2025-11-02;21;264
1;2025-11-02;22;96
1;2025-11-02;23;25
1;2025-11-03;0;0
1;2025-11-03;1;0
1;2025-11-03;2;0
1;2025-11-03;3;0
1;2025-11-03;4;0
1;2025-11-03;5;20
1;2025-11-03;6;110
1;2025-11-03;7;254
1;2025-11-03;8;342
1;2025-11-03;9;593
1;2025-11-03;10;660
1;2025-11-03;11;698
1;2025-11-03;12;803
1;2025-11-03;13;834
1;2025-11-03;14;777
1;2025-11-03;15;693
1;2025-11-03;16;638
1;2025-11-03;17;560
1;2025-11-03;18;484
1;2025-11-03;19;421
1;2025-11-03;20;322
1;2025-11-03;21;264
1;2025-11-03;22;96
1;2025-11-03;23;25
1;2025-11-04;0;0
1;2025-11-04;1;0
1;2025-11-04;2;0
1;2025-11-04;3;0
1;2025-11-04;4;0
1;2025-11-04;5;20
1;2025-11-04;6;110
1;2025-11-04;7;254
1;2025-11-04;8;342
1;2025-11-04;9;593
1;2025-11-04;10;660
1;2025-11-04;11;698
1;2025-11-04;12;803
1;2025-11-04;13;834
1;2025-11-04;14;777
1;2025-11-04;15;693
1;2025-11-04;16;638
1;2025-11-04;17;560
1;2025-11-04;18;484
1;2025-11-04;19;421
1;2025-11-04;20;322
1;2025-11-04;21;264
1;2025-11-04;22;96
1;2025-11-04;23;25
1;2025-11-05;0;4
1;2025-11-05;1;0
1;2025-11-05;2;0
1;2025-11-05;3;0
1;2025-11-05;4;10
1;2025-11-05;5;124
1;2025-11-05;6;515
1;2025-11-05;7;1531
1;2025-11-05;8;2033
1;2025-11-05;9;1524
1;2025-11-05;10;1382
1;2025-11-05;11;1370
1;2025-11-05;12;1435
1;2025-11-05;13;1496
1;2025-11-05;14;1434
1;2025-11-05;15;1563
1;2025-11-05;16;1583
1;2025-11-05;17;1860
1;2025-11-05;18;1929
1;2025-11-05;19;1414
1;2025-11-05;20;918
1;2025-11-05;21;484
1;2025-11-05;22;188
1;2025-11-05;23;41
1;2025-11-06;0;4
1;2025-11-06;1;0
1;2025-11-06;2;0
1;2025-11-06;3;0
1;2025-11-06;4;10
1;2025-11-06;5;124
1;2025-11-06;6;515
1;2025-11-06;7;1531
1;2025-11-06;8;2033
1;2025-11-06;9;1524
1;2025-11-06;10;1382
1;2025-11-06;11;1370
1;2025-11-06;12;1435
1;2025-11-06;13;1496
1;2025-11-06;14;1434
1;2025-11-06;15;1563
1;2025-11-06;16;1583
1;2025-11-06;17;1860
1;2025-11-06;18;1929
1;2025-11-06;19;1414
1;2025-11-06;20;918
1;2025-11-06;21;484
1;2025-11-06;22;188
1;2025-11-06;23;41
1;2025-11-07;0;3
1;2025-11-07;1;0
1;2025-11-07;2;0
1;2025-11-07;3;0
1;2025-11-07;4;7
1;2025-11-07;5;140
1;2025-11-07;6;495
1;2025-11-07;7;1559
1;2025-11-07;8;1894
1;2025-11-07;9;1474
1;2025-11-07;10;1311
1;2025-11-07;11;1399
1;2025-11-07;12;1395
1;2025-11-07;13;1445
1;2025-11-07;14;1357
1;2025-11-07;15;1531
1;2025-11-07;16;1649
1;2025-11-07;17;1886
1;2025-11-07;18;1524
1;2025-11-07;19;1274
1;2025-11-07;20;816
1;2025-11-07;21;497
1;2025-11-07;22;182
1;2025-11-07;23;42
1;2025-11-08;0;4
1;2025-11-08;1;0
1;2025-11-08;2;0
1;2025-11-08;3;0
1;2025-11-08;4;1
1;2025-11-08;5;34
1;2025-11-08;6;170
1;2025-11-08;7;393
1;2025-11-08;8;544
1;2025-11-08;9;839
1;2025-11-08;10;1029
1;2025-11-08;11;1009
1;2025-11-08;12;1217
1;2025-11-08;13;1272
1;2025-11-08;14;1180
1;2025-11-08;15;1024
1;2025-11-08;16;872
1;2025-11-08;17;817
1;2025-11-08;18;717
1;2025-11-08;19;618
1;2025-11-08;20;474
1;2025-11-08;21;333
1;2025-11-08;22;132
1;2025-11-08;23;27
1;2025-11-09;0;0
1;2025-11-09;1;0
1;2025-11-09;2;0
1;2025-11-09;3;0
1;2025-11-09;4;0
1;2025-11-09;5;21
1;2025-11-09;6;114
1;2025-11-09;7;264
1;2025-11-09;8;356
1;2025-11-09;9;617
1;2025-11-09;10;686
1;2025-11-09;11;726
1;2025-11-09;12;835
1;2025-11-09;13;867
1;2025-11-09;14;808
1;2025-11-09;15;721
1;2025-11-09;16;664
1;2025-11-09;17;582
1;2025-11-09;18;503
1;2025-11-09;19;438
1;2025-11-09;20;335
1;2025-11-09;21;275
1;2025-11-09;22;100
1;2025-11-09;23;26
1;2025-11-10;0;4
1;2025-11-10;1;0
1;2025-11-10;2;0
1;2025-11-10;3;0
1;2025-11-10;4;10
1;2025-11-10;5;124
1;2025-11-10;6;515
1;2025-11-10;7;1531
1;2025-11-10;8;2033
1;2025-11-10;9;1524
1;2025-11-10;10;1382
1;2025-11-10;11;1370
1;2025-11-10;12;1435
1;2025-11-10;13;1496
1;2025-11-10;14;1434
1;2025-11-10;15;1563
1;2025-11-10;16;1583
1;2025-11-10;17;1860
1;2025-11-10;18;1929
1;2025-11-10;19;1414
1;2025-11-10;20;918
1;2025-11-10;21;484
1;2025-11-10;22;188
1;2025-11-10;23;41
1;2025-11-11;0;4
1;2025-11-11;1;0
1;2025-11-11;2;0
1;2025-11-11;3;0
1;2025-11-11;4;10
1;2025-11-11;5;124
1;2025-11-11;6;515
1;2025-11-11;7;1531
1;2025-11-11;8;2033
1;2025-11-11;9;1524
1;2025-11-11;10;1382
1;2025-11-11;11;1370
1;2025-11-11;12;1435
1;2025-11-11;13;1496
1;2025-11-11;14;1434
1;2025-11-11;15;1563
1;2025-11-11;16;1583
1;2025-11-11;17;1860
1;2025-11-11;18;1929
1;2025-11-11;19;1414
1;2025-11-11;20;918
1;2025-11-11;21;484
1;2025-11-11;22;188
1;2025-11-11;23;41
1;2025-11-12;0;4
1;2025-11-12;1;0
1;2025-11-12;2;0
1;2025-11-12;3;0
1;2025-11-12;4;10
1;2025-11-12;5;124
1;2025-11-12;6;515
1;2025-11-12;7;1531
1;2025-11-12;8;2033
1;2025-11-12;9;1524
1;2025-11-12;10;1382
1;2025-11-12;11;1370
1;2025-11-12;12;1435
1;2025-11-12;13;1496
1;2025-11-12;14;1434
1;2025-11-12;15;1563
1;2025-11-12;16;1583
1;2025-11-12;17;1860
1;2025-11-12;18;1929
1;2025-11-12;19;1414
1;2025-11-12;20;918
1;2025-11-12;21;484
1;2025-11-12;22;188
1;2025-11-12;23;41
1;2025-11-13;0;4
1;2025-11-13;1;0
1;2025-11-13;2;0
1;2025-11-13;3;0
1;2025-11-13;4;10
1;2025-11-13;5;124
1;2025-11-13;6;515
1;2025-11-13;7;1531
1;2025-11-13;8;2033
1;2025-11-13;9;1524
1;2025-11-13;10;1382
1;2025-11-13;11;1370
1;2025-11-13;12;1435
1;2025-11-13;13;1496
1;2025-11-13;14;1434
1;2025-11-13;15;1563
1;2025-11-13;16;1583
1;2025-11-13;17;1860
1;2025-11-13;18;1929
1;2025-11-13;19;1414
1;2025-11-13;20;918
1;2025-11-13;21;484
1;2025-11-13;22;188
1;2025-11-13;23;41
1;2025-11-14;0;3
1;2025-11-14;1;0
1;2025-11-14;2;0
1;2025-11-14;3;0
1;2025-11-14;4;7
1;2025-11-14;5;140
1;2025-11-14;6;495
1;2025-11-14;7;1559
1;2025-11-14;8;1894
1;2025-11-14;9;1474
1;2025-11-14;10;1311
1;2025-11-14;11;1399
1;2025-11-14;12;1395
1;2025-11-14;13;1445
1;2025-11-14;14;1357
1;2025-11-14;15;1531
1;2025-11-14;16;1649
1;2025-11-14;17;1886
1;2025-11-14;18;1524
1;2025-11-14;19;1274
1;2025-11-14;20;816
1;2025-11-14;21;497
1;2025-11-14;22;182
1;2025-11-14;23;42
1;2025-11-15;0;4
1;2025-11-15;1;0
1;2025-11-15;2;0
1;2025-11-15;3;0
1;2025-11-15;4;1
1;2025-11-15;5;34
1;2025-11-15;6;170
1;2025-11-15;7;393
1;2025-11-15;8;544
1;2025-11-15;9;839
1;2025-11-15;10;1029
1;2025-11-15;11;1009
1;2025-11-15;12;1217
1;2025-11-15;13;1272
1;2025-11-15;14;1180
1;2025-11-15;15;1024
1;2025-11-15;16;872
1;2025-11-15;17;817
1;2025-11-15;18;717
1;2025-11-15;19;618
1;2025-11-15;20;474
1;2025-11-15;21;333
1;2025-11-15;22;132
1;2025-11-15;23;27
1;2025-11-16;0;0
1;2025-11-16;1;0
1;2025-11-16;2;0
1;2025-11-16;3;0
1;2025-11-16;4;0
1;2025-11-16;5;21
1;2025-11-16;6;114
1;2025-11-16;7;264
1;2025-11-16;8;356
1;2025-11-16;9;617
1;2025-11-16;10;686
1;2025-11-16;11;726
1;2025-11-16;12;835
1;2025-11-16;13;867
1;2025-11-16;14;808
1;2025-11-16;15;721
1;2025-11-16;16;664
1;2025-11-16;17;582
1;2025-11-16;18;503
1;2025-11-16;19;438
1;2025-11-16;20;335
1;2025-11-16;21;275
1;2025-11-16;22;100
1;2025-11-16;23;26
1;2025-11-17;0;4
1;2025-11-17;1;0
1;2025-11-17;2;0
1;2025-11-17;3;0
1;2025-11-17;4;10
1;2025-11-17;5;124
1;2025-11-17;6;515
1;2025-11-17;7;1531
1;2025-11-17;8;2033
1;2025-11-17;9;1524
1;2025-11-17;10;1382
1;2025-11-17;11;1370
1;2025-11-17;12;1435
1;2025-11-17;13;1496
1;2025-11-17;14;1434
1;2025-11-17;15;1563
1;2025-11-17;16;1583
1;2025-11-17;17;1860
1;2025-11-17;18;1929
1;2025-11-17;19;1414
1;2025-11-17;20;918
1;2025-11-17;21;484
1;2025-11-17;22;188
1;2025-11-17;23;41
1;2025-11-18;0;4
1;2025-11-18;1;0
1;2025-11-18;2;0
1;2025-11-18;3;0
1;2025-11-18;4;10
1;2025-11-18;5;124
1;2025-11-18;6;515
1;2025-11-18;7;1531
1;2025-11-18;8;2033
1;2025-11-18;9;1524
1;2025-11-18;10;1382
1;2025-11-18;11;1370
1;2025-11-18;12;1435
1;2025-11-18;13;1496
1;2025-11-18;14;1434
1;2025-11-18;15;1563
1;2025-11-18;16;1583
1;2025-11-18;17;1860
1;2025-11-18;18;1929
1;2025-11-18;19;1414
1;2025-11-18;20;918
1;2025-11-18;21;484
1;2025-11-18;22;188
1;2025-11-18;23;41
1;2025-11-19;0;4
1;2025-11-19;1;0
1;2025-11-19;2;0
1;2025-11-19;3;0
1;2025-11-19;4;10
1;2025-11-19;5;124
1;2025-11-19;6;515
1;2025-11-19;7;1531
1;2025-11-19;8;2033
1;2025-11-19;9;1524
1;2025-11-19;10;1382
1;2025-11-19;11;1370
1;2025-11-19;12;1435
1;2025-11-19;13;1496
1;2025-11-19;14;1434
1;2025-11-19;15;1563
1;2025-11-19;16;1583
1;2025-11-19;17;1860
1;2025-11-19;18;1929
1;2025-11-19;19;1414
1;2025-11-19;20;918
1;2025-11-19;21;484
1;2025-11-19;22;188
1;2025-11-19;23;41
1;2025-11-20;0;4
1;2025-11-20;1;0
1;2025-11-20;2;0
1;2025-11-20;3;0
1;2025-11-20;4;10
1;2025-11-20;5;124
1;2025-11-20;6;515
1;2025-11-20;7;1531
1;2025-11-20;8;2033
1;2025-11-20;9;1524
1;2025-11-20;10;1382
1;2025-11-20;11;1370
1;2025-11-20;12;1435
1;2025-11-20;13;1496
1;2025-11-20;14;1434
1;2025-11-20;15;1563
1;2025-11-20;16;1583
1;2025-11-20;17;1860
1;2025-11-20;18;1929
1;2025-11-20;19;1414
1;2025-11-20;20;918
1;2025-11-20;21;484
1;2025-11-20;22;188
1;2025-11-20;23;41
1;2025-11-21;0;3
1;2025-11-21;1;0
1;2025-11-21;2;0
1;2025-11-21;3;0
1;2025-11-21;4;7
1;2025-11-21;5;140
1;2025-11-21;6;495
1;2025-11-21;7;1559
1;2025-11-21;8;1894
1;2025-11-21;9;1474
1;2025-11-21;10;1311
1;2025-11-21;11;1399
1;2025-11-21;12;1395
1;2025-11-21;13;1445
1;2025-11-21;14;1357
1;2025-11-21;15;1531
1;2025-11-21;16;1649
1;2025-11-21;17;1886
1;2025-11-21;18;1524
1;2025-11-21;19;1274
1;2025-11-21;20;816
1;2025-11-21;21;497
1;2025-11-21;22;182
1;2025-11-21;23;42
1;2025-11-22;0;4
1;2025-11-22;1;0
1;2025-11-22;2;0
1;2025-11-22;3;0
1;2025-11-22;4;1
1;2025-11-22;5;34
1;2025-11-22;6;170
1;2025-11-22;7;393
1;2025-11-22;8;544
1;2025-11-22;9;839
1;2025-11-22;10;1029
1;2025-11-22;11;1009
1;2025-11-22;12;1217
1;2025-11-22;13;1272
1;2025-11-22;14;1180
1;2025-11-22;15;1024
1;2025-11-22;16;872
1;2025-11-22;17;817
1;2025-11-22;18;717
1;2025-11-22;19;618
1;2025-11-22;20;474
1;2025-11-22;21;333
1;2025-11-22;22;132
1;2025-11-22;23;27
1;2025-11-23;0;0
1;2025-11-23;1;0
1;2025-11-23;2;0
1;2025-11-23;3;0
1;2025-11-23;4;0
1;2025-11-23;5;21
1;2025-11-23;6;114
1;2025-11-23;7;264
1;2025-11-23;8;356
1;2025-11-23;9;617
1;2025-11-23;10;686
1;2025-11-23;11;726
1;2025-11-23;12;835
1;2025-11-23;13;867
1;2025-11-23;14;808
1;2025-11-23;15;721
1;2025-11-23;16;664
1;2025-11-23;17;582
1;2025-11-23;18;503
1;2025-11-23;19;438
1;2025-11-23;20;335
1;2025-11-23;21;275
1;2025-11-23;22;100
1;2025-11-23;23;26
1;2025-11-24;0;4
1;2025-11-24;1;0
1;2025-11-24;2;0
1;2025-11-24;3;0
1;2025-11-24;4;10
1;2025-11-24;5;124
1;2025-11-24;6;515
1;2025-11-24;7;1531
1;2025-11-24;8;2033
1;2025-11-24;9;1524
1;2025-11-24;10;1382
1;2025-11-24;11;1370
1;2025-11-24;12;1435
1;2025-11-24;13;1496
1;2025-11-24;14;1434
1;2025-11-24;15;1563
1;2025-11-24;16;1583
1;2025-11-24;17;1860
1;2025-11-24;18;1929
1;2025-11-24;19;1414
1;2025-11-24;20;918
1;2025-11-24;21;484
1;2025-11-24;22;188
1;2025-11-24;23;41
1;2025-11-25;0;4
1;2025-11-25;1;0
1;2025-11-25;2;0
1;2025-11-25;3;0
1;2025-11-25;4;10
1;2025-11-25;5;124
1;2025-11-25;6;515
1;2025-11-25;7;1531
1;2025-11-25;8;2033
1;2025-11-25;9;1524
1;2025-11-25;10;1382
1;2025-11-25;11;1370
1;2025-11-25;12;1435
1;2025-11-25;13;1496
1;2025-11-25;14;1434
1;2025-11-25;15;1563
1;2025-11-25;16;1583
1;2025-11-25;17;1860
1;2025-11-25;18;1929
1;2025-11-25;19;1414
1;2025-11-25;20;918
1;2025-11-25;21;484
1;2025-11-25;22;188
1;2025-11-25;23;41
1;2025-11-26;0;4
1;2025-11-26;1;0
1;2025-11-26;2;0
1;2025-11-26;3;0
1;2025-11-26;4;10
1;2025-11-26;5;124
1;2025-11-26;6;515
1;2025-11-26;7;1531
1;2025-11-26;8;2033
1;2025-11-26;9;1524
1;2025-11-26;10;1382
1;2025-11-26;11;1370
1;2025-11-26;12;1435
1;2025-11-26;13;1496
1;2025-11-26;14;1434
1;2025-11-26;15;1563
1;2025-11-26;16;1583
1;2025-11-26;17;1860
1;2025-11-26;18;1929
1;2025-11-26;19;1414
1;2025-11-26;20;918
1;2025-11-26;21;484
1;2025-11-26;22;188
1;2025-11-26;23;41
1;2025-11-27;0;4
1;2025-11-27;1;0
1;2025-11-27;2;0
1;2025-11-27;3;0
1;2025-11-27;4;10
1;2025-11-27;5;124
1;2025-11-27;6;515
1;2025-11-27;7;1531
1;2025-11-27;8;2033
1;2025-11-27;9;1524
1;2025-11-27;10;1382
1;2025-11-27;11;1370
1;2025-11-27;12;1435
1;2025-11-27;13;1496
1;2025-11-27;14;1434
1;2025-11-27;15;1563
1;2025-11-27;16;1583
1;2025-11-27;17;1860
1;2025-11-27;18;1929
1;2025-11-27;19;1414
1;2025-11-27;20;918
1;2025-11-27;21;484
1;2025-11-27;22;188
1;2025-11-27;23;41
1;2025-11-28;0;3
1;2025-11-28;1;0
1;2025-11-28;2;0
1;2025-11-28;3;0
1;2025-11-28;4;7
1;2025-11-28;5;140
1;2025-11-28;6;495
1;2025-11-28;7;1559
1;2025-11-28;8;1894
1;2025-11-28;9;1474
1;2025-11-28;10;1311
1;2025-11-28;11;1399
1;2025-11-28;12;1395
1;2025-11-28;13;1445
1;2025-11-28;14;1357
1;2025-11-28;15;1531
1;2025-11-28;16;1649
1;2025-11-28;17;1886
1;2025-11-28;18;1524
1;2025-11-28;19;1274
1;2025-11-28;20;816
1;2025-11-28;21;497
1;2025-11-28;22;182
1;2025-11-28;23;42
1;2025-11-29;0;4
1;2025-11-29;1;0
1;2025-11-29;2;0
1;2025-11-29;3;0
1;2025-11-29;4;1
1;2025-11-29;5;34
1;2025-11-29;6;170
1;2025-11-29;7;393
1;2025-11-29;8;544
1;2025-11-29;9;839
1;2025-11-29;10;1029
1;2025-11-29;11;1009
1;2025-11-29;12;1217
1;2025-11-29;13;1272
1;2025-11-29;14;1180
1;2025-11-29;15;1024
1;2025-11-29;16;872
1;2025-11-29;17;817
1;2025-11-29;18;717
1;2025-11-29;19;618
1;2025-11-29;20;474
1;2025-11-29;21;333
1;2025-11-29;22;132
1;2025-11-29;23;27
1;2025-11-30;0;0
1;2025-11-30;1;0
1;2025-11-30;2;0
1;2025-11-30;3;0
1;2025-11-30;4;0
1;2025-11-30;5;21
1;2025-11-30;6;114
1;2025-11-30;7;264
1;2025-11-30;8;356
1;2025-11-30;9;617
1;2025-11-30;10;686
1;2025-11-30;11;726
1;2025-11-30;12;835
1;2025-11-30;13;867
1;2025-11-30;14;808
1;2025-11-30;15;721
1;2025-11-30;16;664
1;2025-11-30;17;582
1;2025-11-30;18;503
1;2025-11-30;19;438
1;2025-11-30;20;335
1;2025-11-30;21;275
1;2025-11-30;22;100
1;2025-11-30;23;26
1;2025-12-01;0;4
1;2025-12-01;1;0
1;2025-12-01;2;0
1;2025-12-01;3;0
1;2025-12-01;4;10
1;2025-12-01;5;124
1;2025-12-01;6;515
1;2025-12-01;7;1531
1;2025-12-01;8;2033
1;2025-12-01;9;1524
1;2025-12-01;10;1382
1;2025-12-01;11;1370
1;2025-12-01;12;1435
1;2025-12-01;13;1496
1;2025-12-01;14;1434
1;2025-12-01;15;1563
1;2025-12-01;16;1583
1;2025-12-01;17;1860
1;2025-12-01;18;1929
1;2025-12-01;19;1414
1;2025-12-01;20;918
1;2025-12-01;21;484
1;2025-12-01;22;188
1;2025-12-01;23;41
1;2025-12-02;0;4
1;2025-12-02;1;0
1;2025-12-02;2;0
1;2025-12-02;3;0
1;2025-12-02;4;10
1;2025-12-02;5;124
1;2025-12-02;6;515
1;2025-12-02;7;1531
1;2025-12-02;8;2033
1;2025-12-02;9;1524
1;2025-12-02;10;1382
1;2025-12-02;11;1370
1;2025-12-02;12;1435
1;2025-12-02;13;1496
1;2025-12-02;14;1434
1;2025-12-02;15;1563
1;2025-12-02;16;1583
1;2025-12-02;17;1860
1;2025-12-02;18;1929
1;2025-12-02;19;1414
1;2025-12-02;20;918
1;2025-12-02;21;484
1;2025-12-02;22;188
1;2025-12-02;23;41
1;2025-12-03;0;4
1;2025-12-03;1;0
1;2025-12-03;2;0
1;2025-12-03;3;0
1;2025-12-03;4;10
1;2025-12-03;5;124
1;2025-12-03;6;515
1;2025-12-03;7;1531
1;2025-12-03;8;2033
1;2025-12-03;9;1524
1;2025-12-03;10;1382
1;2025-12-03;11;1370
1;2025-12-03;12;1435
1;2025-12-03;13;1496
1;2025-12-03;14;1434
1;2025-12-03;15;1563
1;2025-12-03;16;1583
1;2025-12-03;17;1860
1;2025-12-03;18;1929
1;2025-12-03;19;1414
1;2025-12-03;20;918
1;2025-12-03;21;484
1;2025-12-03;22;188
1;2025-12-03;23;41
1;2025-12-04;0;4
1;2025-12-04;1;0
1;2025-12-04;2;0
1;2025-12-04;3;0
1;2025-12-04;4;10
1;2025-12-04;5;124
1;2025-12-04;6;515
1;2025-12-04;7;1531
1;2025-12-04;8;2033
1;2025-12-04;9;1524
1;2025-12-04;10;1382
1;2025-12-04;11;1370
1;2025-12-04;12;1435
1;2025-12-04;13;1496
1;2025-12-04;14;1434
1;2025-12-04;15;1563
1;2025-12-04;16;1583
1;2025-12-04;17;1860
1;2025-12-04;18;1929
1;2025-12-04;19;1414
1;2025-12-04;20;918
1;2025-12-04;21;484
1;2025-12-04;22;188
1;2025-12-04;23;41
1;2025-12-05;0;3
1;2025-12-05;1;0
1;2025-12-05;2;0
1;2025-12-05;3;0
1;2025-12-05;4;7
1;2025-12-05;5;140
1;2025-12-05;6;495
1;2025-12-05;7;1559
1;2025-12-05;8;1894
1;2025-12-05;9;1474
1;2025-12-05;10;1311
1;2025-12-05;11;1399
1;2025-12-05;12;1395
1;2025-12-05;13;1445
1;2025-12-05;14;1357
1;2025-12-05;15;1531
1;2025-12-05;16;1649
1;2025-12-05;17;1886
1;2025-12-05;18;1524
1;2025-12-05;19;1274
1;2025-12-05;20;816
1;2025-12-05;21;497
1;2025-12-05;22;182
1;2025-12-05;23;42
1;2025-12-06;0;4
1;2025-12-06;1;0
1;2025-12-06;2;0
1;2025-12-06;3;0
1;2025-12-06;4;1
1;2025-12-06;5;34
1;2025-12-06;6;170
1;2025-12-06;7;393
1;2025-12-06;8;544
1;2025-12-06;9;839
1;2025-12-06;10;1029
1;2025-12-06;11;1009
1;2025-12-06;12;1217
1;2025-12-06;13;1272
1;2025-12-06;14;1180
1;2025-12-06;15;1024
1;2025-12-06;16;872
1;2025-12-06;17;817
1;2025-12-06;18;717
1;2025-12-06;19;618
1;2025-12-06;20;474
1;2025-12-06;21;333
1;2025-12-06;22;132
1;2025-12-06;23;27
1;2025-12-07;0;0
1;2025-12-07;1;0
1;2025-12-07;2;0
1;2025-12-07;3;0
1;2025-12-07;4;0
1;2025-12-07;5;21
1;2025-12-07;6;114
1;2025-12-07;7;264
1;2025-12-07;8;356
1;2025-12-07;9;617
1;2025-12-07;10;686
1;2025-12-07;11;726
1;2025-12-07;12;835
1;2025-12-07;13;867
1;2025-12-07;14;808
1;2025-12-07;15;721
1;2025-12-07;16;664
1;2025-12-07;17;582
1;2025-12-07;18;503
1;2025-12-07;19;438
1;2025-12-07;20;335
1;2025-12-07;21;275
1;2025-12-07;22;100
1;2025-12-07;23;26
1;2025-12-08;0;4
1;2025-12-08;1;0
1;2025-12-08;2;0
1;2025-12-08;3;0
1;2025-12-08;4;10
1;2025-12-08;5;124
1;2025-12-08;6;515
1;2025-12-08;7;1531
1;2025-12-08;8;2033
1;2025-12-08;9;1524
1;2025-12-08;10;1382
1;2025-12-08;11;1370
1;2025-12-08;12;1435
1;2025-12-08;13;1496
1;2025-12-08;14;1434
1;2025-12-08;15;1563
1;2025-12-08;16;1583
1;2025-12-08;17;1860
1;2025-12-08;18;1929
1;2025-12-08;19;1414
1;2025-12-08;20;918
1;2025-12-08;21;484
1;2025-12-08;22;188
1;2025-12-08;23;41
1;2025-12-09;0;4
1;2025-12-09;1;0
1;2025-12-09;2;0
1;2025-12-09;3;0
1;2025-12-09;4;10
1;2025-12-09;5;124
1;2025-12-09;6;515
1;2025-12-09;7;1531
1;2025-12-09;8;2033
1;2025-12-09;9;1524
1;2025-12-09;10;1382
1;2025-12-09;11;1370
1;2025-12-09;12;1435
1;2025-12-09;13;1496
1;2025-12-09;14;1434
1;2025-12-09;15;1563
1;2025-12-09;16;1583
1;2025-12-09;17;1860
1;2025-12-09;18;1929
1;2025-12-09;19;1414
1;2025-12-09;20;918
1;2025-12-09;21;484
1;2025-12-09;22;188
1;2025-12-09;23;41
1;2025-12-10;0;4
1;2025-12-10;1;0
1;2025-12-10;2;0
1;2025-12-10;3;0
1;2025-12-10;4;10
1;2025-12-10;5;124
1;2025-12-10;6;515
1;2025-12-10;7;1531
1;2025-12-10;8;2033
1;2025-12-10;9;1524
1;2025-12-10;10;1382
1;2025-12-10;11;1370
1;2025-12-10;12;1435
1;2025-12-10;13;1496
1;2025-12-10;14;1434
1;2025-12-10;15;1563
1;2025-12-10;16;1583
1;2025-12-10;17;1860
1;2025-12-10;18;1929
1;2025-12-10;19;1414
1;2025-12-10;20;918
1;2025-12-10;21;484
1;2025-12-10;22;188
1;2025-12-10;23;41
1;2025-12-11;0;4
1;2025-12-11;1;0
1;2025-12-11;2;0
1;2025-12-11;3;0
1;2025-12-11;4;10
1;2025-12-11;5;124
1;2025-12-11;6;515
1;2025-12-11;7;1531
1;2025-12-11;8;2033
1;2025-12-11;9;1524
1;2025-12-11;10;1382
1;2025-12-11;11;1370
1;2025-12-11;12;1435
1;2025-12-11;13;1496
1;2025-12-11;14;1434
1;2025-12-11;15;1563
1;2025-12-11;16;1583
1;2025-12-11;17;1860
1;2025-12-11;18;1929
1;2025-12-11;19;1414
1;2025-12-11;20;918
1;2025-12-11;21;484
1;2025-12-11;22;188
1;2025-12-11;23;41
1;2025-12-12;0;3
1;2025-12-12;1;0
1;2025-12-12;2;0
1;2025-12-12;3;0
1;2025-12-12;4;7
1;2025-12-12;5;140
1;2025-12-12;6;495
1;2025-12-12;7;1559
1;2025-12-12;8;1894
1;2025-12-12;9;1474
1;2025-12-12;10;1311
1;2025-12-12;11;1399
1;2025-12-12;12;1395
1;2025-12-12;13;1445
1;2025-12-12;14;1357
1;2025-12-12;15;1531
1;2025-12-12;16;1649
1;2025-12-12;17;1886
1;2025-12-12;18;1524
1;2025-12-12;19;1274
1;2025-12-12;20;816
1;2025-12-12;21;497
1;2025-12-12;22;182
1;2025-12-12;23;42
1;2025-12-13;0;4
1;2025-12-13;1;0
1;2025-12-13;2;0
1;2025-12-13;3;0
1;2025-12-13;4;1
1;2025-12-13;5;34
1;2025-12-13;6;170
1;2025-12-13;7;393
1;2025-12-13;8;544
1;2025-12-13;9;839
1;2025-12-13;10;1029
1;2025-12-13;11;1009
1;2025-12-13;12;1217
1;2025-12-13;13;1272
1;2025-12-13;14;1180
1;2025-12-13;15;1024
1;2025-12-13;16;872
1;2025-12-13;17;817
1;2025-12-13;18;717
1;2025-12-13;19;618
1;2025-12-13;20;474
1;2025-12-13;21;333
1;2025-12-13;22;132
1;2025-12-13;23;27
1;2025-12-14;0;0
1;2025-12-14;1;0
1;2025-12-14;2;0
1;2025-12-14;3;0
1;2025-12-14;4;0
1;2025-12-14;5;21
1;2025-12-14;6;114
1;2025-12-14;7;264
1;2025-12-14;8;356
1;2025-12-14;9;617
1;2025-12-14;10;686
1;2025-12-14;11;726
1;2025-12-14;12;835
1;2025-12-14;13;867
1;2025-12-14;14;808
1;2025-12-14;15;721
1;2025-12-14;16;664
1;2025-12-14;17;582
1;2025-12-14;18;503
1;2025-12-14;19;438
1;2025-12-14;20;335
1;2025-12-14;21;275
1;2025-12-14;22;100
1;2025-12-14;23;26
1;2025-12-15;0;4
1;2025-12-15;1;0
1;2025-12-15;2;0
1;2025-12-15;3;0
1;2025-12-15;4;10
1;2025-12-15;5;124
1;2025-12-15;6;515
1;2025-12-15;7;1531
1;2025-12-15;8;2033
1;2025-12-15;9;1524
1;2025-12-15;10;1382
1;2025-12-15;11;1370
1;2025-12-15;12;1435
1;2025-12-15;13;1496
1;2025-12-15;14;1434
1;2025-12-15;15;1563
1;2025-12-15;16;1583
1;2025-12-15;17;1860
1;2025-12-15;18;1929
1;2025-12-15;19;1414
1;2025-12-15;20;918
1;2025-12-15;21;484
1;2025-12-15;22;188
1;2025-12-15;23;41
1;2025-12-16;0;4
1;2025-12-16;1;0
1;2025-12-16;2;0
1;2025-12-16;3;0
1;2025-12-16;4;10
1;2025-12-16;5;124
1;2025-12-16;6;515
1;2025-12-16;7;1531
1;2025-12-16;8;2033
1;2025-12-16;9;1524
1;2025-12-16;10;1382
1;2025-12-16;11;1370
1;2025-12-16;12;1435
1;2025-12-16;13;1496
1;2025-12-16;14;1434
1;2025-12-16;15;1563
1;2025-12-16;16;1583
1;2025-12-16;17;1860
1;2025-12-16;18;1929
1;2025-12-16;19;1414
1;2025-12-16;20;918
1;2025-12-16;21;484
1;2025-12-16;22;188
1;2025-12-16;23;41
1;2025-12-17;0;4
1;2025-12-17;1;0
1;2025-12-17;2;0
1;2025-12-17;3;0
1;2025-12-17;4;10
1;2025-12-17;5;124
1;2025-12-17;6;515
1;2025-12-17;7;1531
1;2025-12-17;8;2033
1;2025-12-17;9;1524
1;2025-12-17;10;1382
1;2025-12-17;11;1370
1;2025-12-17;12;1435
1;2025-12-17;13;1496
1;2025-12-17;14;1434
1;2025-12-17;15;1563
1;2025-12-17;16;1583
1;2025-12-17;17;1860
1;2025-12-17;18;1929
1;2025-12-17;19;1414
1;2025-12-17;20;918
1;2025-12-17;21;484
1;2025-12-17;22;188
1;2025-12-17;23;41
1;2025-12-18;0;4
1;2025-12-18;1;0
1;2025-12-18;2;0
1;2025-12-18;3;0
1;2025-12-18;4;10
1;2025-12-18;5;124
1;2025-12-18;6;515
1;2025-12-18;7;1531
1;2025-12-18;8;2033
1;2025-12-18;9;1524
1;2025-12-18;10;1382
1;2025-12-18;11;1370
1;2025-12-18;12;1435
1;2025-12-18;13;1496
1;2025-12-18;14;1434
1;2025-12-18;15;1563
1;2025-12-18;16;1583
1;2025-12-18;17;1860
1;2025-12-18;18;1929
1;2025-12-18;19;1414
1;2025-12-18;20;918
1;2025-12-18;21;484
1;2025-12-18;22;188
1;2025-12-18;23;41
1;2025-12-19;0;3
1;2025-12-19;1;0
1;2025-12-19;2;0
1;2025-12-19;3;0
1;2025-12-19;4;7
1;2025-12-19;5;140
1;2025-12-19;6;495
1;2025-12-19;7;1559
1;2025-12-19;8;1894
1;2025-12-19;9;1474
1;2025-12-19;10;1311
1;2025-12-19;11;1399
1;2025-12-19;12;1395
1;2025-12-19;13;1445
1;2025-12-19;14;1357
1;2025-12-19;15;1531
1;2025-12-19;16;1649
1;2025-12-19;17;1886
1;2025-12-19;18;1524
1;2025-12-19;19;1274
1;2025-12-19;20;816
1;2025-12-19;21;497
1;2025-12-19;22;182
1;2025-12-19;23;42
1;2025-12-20;0;4
1;2025-12-20;1;0
1;2025-12-20;2;0
1;2025-12-20;3;0
1;2025-12-20;4;1
1;2025-12-20;5;34
1;2025-12-20;6;170
1;2025-12-20;7;393
1;2025-12-20;8;544
1;2025-12-20;9;839
1;2025-12-20;10;1029
1;2025-12-20;11;1009
1;2025-12-20;12;1217
1;2025-12-20;13;1272
1;2025-12-20;14;1180
1;2025-12-20;15;1024
1;2025-12-20;16;872
1;2025-12-20;17;817
1;2025-12-20;18;717
1;2025-12-20;19;618
1;2025-12-20;20;474
1;2025-12-20;21;333
1;2025-12-20;22;132
1;2025-12-20;23;27
1;2025-12-21;0;0
1;2025-12-21;1;0
1;2025-12-21;2;0
1;2025-12-21;3;0
1;2025-12-21;4;0
1;2025-12-21;5;21
1;2025-12-21;6;114
1;2025-12-21;7;264
1;2025-12-21;8;356
1;2025-12-21;9;617
1;2025-12-21;10;686
1;2025-12-21;11;726
1;2025-12-21;12;835
1;2025-12-21;13;867
1;2025-12-21;14;808
1;2025-12-21;15;721
1;2025-12-21;16;664
1;2025-12-21;17;582
1;2025-12-21;18;503
1;2025-12-21;19;438
1;2025-12-21;20;335
1;2025-12-21;21;275
1;2025-12-21;22;100
1;2025-12-21;23;26
1;2025-12-22;0;4
1;2025-12-22;1;0
1;2025-12-22;2;0
1;2025-12-22;3;0
1;2025-12-22;4;10
1;2025-12-22;5;124
1;2025-12-22;6;515
1;2025-12-22;7;1531
1;2025-12-22;8;2033
1;2025-12-22;9;1524
1;2025-12-22;10;1382
1;2025-12-22;11;1370
1;2025-12-22;12;1435
1;2025-12-22;13;1496
1;2025-12-22;14;1434
1;2025-12-22;15;1563
1;2025-12-22;16;1583
1;2025-12-22;17;1860
1;2025-12-22;18;1929
1;2025-12-22;19;1414
1;2025-12-22;20;918
1;2025-12-22;21;484
1;2025-12-22;22;188
1;2025-12-22;23;41
1;2025-12-23;0;4
1;2025-12-23;1;0
1;2025-12-23;2;0
1;2025-12-23;3;0
1;2025-12-23;4;10
1;2025-12-23;5;124
1;2025-12-23;6;515
1;2025-12-23;7;1531
1;2025-12-23;8;2033
1;2025-12-23;9;1524
1;2025-12-23;10;1382
1;2025-12-23;11;1370
1;2025-12-23;12;1435
1;2025-12-23;13;1496
1;2025-12-23;14;1434
1;2025-12-23;15;1563
1;2025-12-23;16;1583
1;2025-12-23;17;1860
1;2025-12-23;18;1929
1;2025-12-23;19;1414
1;2025-12-23;20;918
1;2025-12-23;21;484
1;2025-12-23;22;188
1;2025-12-23;23;41
1;2025-12-24;0;4
1;2025-12-24;1;0
1;2025-12-24;2;0
1;2025-12-24;3;0
1;2025-12-24;4;10
1;2025-12-24;5;124
1;2025-12-24;6;515
1;2025-12-24;7;1531
1;2025-12-24;8;2033
1;2025-12-24;9;1524
1;2025-12-24;10;1382
1;2025-12-24;11;1370
1;2025-12-24;12;1435
1;2025-12-24;13;1496
1;2025-12-24;14;1434
1;2025-12-24;15;1563
1;2025-12-24;16;1583
1;2025-12-24;17;1860
1;2025-12-24;18;1929
1;2025-12-24;19;1414
1;2025-12-24;20;918
1;2025-12-24;21;484
1;2025-12-24;22;188
1;2025-12-24;23;41
1;2025-12-25;0;4
1;2025-12-25;1;0
1;2025-12-25;2;0
1;2025-12-25;3;0
1;2025-12-25;4;10
1;2025-12-25;5;124
1;2025-12-25;6;515
1;2025-12-25;7;1531
1;2025-12-25;8;2033
1;2025-12-25;9;1524
1;2025-12-25;10;1382
1;2025-12-25;11;1370
1;2025-12-25;12;1435
1;2025-12-25;13;1496
1;2025-12-25;14;1434
1;2025-12-25;15;1563
1;2025-12-25;16;1583
1;2025-12-25;17;1860
1;2025-12-25;18;1929
1;2025-12-25;19;1414
1;2025-12-25;20;918
1;2025-12-25;21;484
1;2025-12-25;22;188
1;2025-12-25;23;41
1;2025-12-26;0;3
1;2025-12-26;1;0
1;2025-12-26;2;0
1;2025-12-26;3;0
1;2025-12-26;4;7
1;2025-12-26;5;135
1;2025-12-26;6;476
1;2025-12-26;7;1499
1;2025-12-26;8;1821
1;2025-12-26;9;1417
1;2025-12-26;10;1261
1;2025-12-26;11;1345
1;2025-12-26;12;1341
1;2025-12-26;13;1389
1;2025-12-26;14;1305
1;2025-12-26;15;1472
1;2025-12-26;16;1586
1;2025-12-26;17;1813
1;2025-12-26;18;1465
1;2025-12-26;19;1225
1;2025-12-26;20;785
1;2025-12-26;21;478
1;2025-12-26;22;175
1;2025-12-26;23;40
1;2025-12-27;0;4
1;2025-12-27;1;0
1;2025-12-27;2;0
1;2025-12-27;3;0
1;2025-12-27;4;1
1;2025-12-27;5;33
1;2025-12-27;6;163
1;2025-12-27;7;378
1;2025-12-27;8;523
1;2025-12-27;9;807
1;2025-12-27;10;989
1;2025-12-27;11;970
1;2025-12-27;12;1170
1;2025-12-27;13;1223
1;2025-12-27;14;1135
1;2025-12-27;15;985
1;2025-12-27;16;838
1;2025-12-27;17;786
1;2025-12-27;18;689
1;2025-12-27;19;594
1;2025-12-27;20;456
1;2025-12-27;21;320
1;2025-12-27;22;127
1;2025-12-27;23;26
1;2025-12-28;0;0
1;2025-12-28;1;0
1;2025-12-28;2;0
1;2025-12-28;3;0
1;2025-12-28;4;0
1;2025-12-28;5;20
1;2025-12-28;6;110
1;2025-12-28;7;254
1;2025-12-28;8;342
1;2025-12-28;9;593
1;2025-12-28;10;660
1;2025-12-28;11;698
1;2025-12-28;12;803
1;2025-12-28;13;834
1;2025-12-28;14;777
1;2025-12-28;15;693
1;2025-12-28;16;638
1;2025-12-28;17;560
1;2025-12-28;18;484
1;2025-12-28;19;421
1;2025-12-28;20;322
1;2025-12-28;21;264
1;2025-12-28;22;96
1;2025-12-28;23;25
1;2025-12-29;0;4
1;2025-12-29;1;0
1;2025-12-29;2;0
1;2025-12-29;3;0
1;2025-12-29;4;8
1;2025-12-29;5;105
1;2025-12-29;6;435
1;2025-12-29;7;1295
1;2025-12-29;8;1720
1;2025-12-29;9;1289
1;2025-12-29;10;1169
1;2025-12-29;11;1159
1;2025-12-29;12;1214
1;2025-12-29;13;1265
1;2025-12-29;14;1214
1;2025-12-29;15;1323
1;2025-12-29;16;1339
1;2025-12-29;17;1574
1;2025-12-29;18;1633
1;2025-12-29;19;1196
1;2025-12-29;20;777
1;2025-12-29;21;409
1;2025-12-29;22;159
1;2025-12-29;23;34
1;2025-12-30;0;4
1;2025-12-30;1;0
1;2025-12-30;2;0
1;2025-12-30;3;0
1;2025-12-30;4;8
1;2025-12-30;5;105
1;2025-12-30;6;435
1;2025-12-30;7;1295
1;2025-12-30;8;1720
1;2025-12-30;9;1289
1;2025-12-30;10;1169
1;2025-12-30;11;1159
1;2025-12-30;12;1214
1;2025-12-30;13;1265
1;2025-12-30;14;1214
1;2025-12-30;15;1323
1;2025-12-30;16;1339
1;2025-12-30;17;1574
1;2025-12-30;18;1633
1;2025-12-30;19;1196
1;2025-12-30;20;777
1;2025-12-30;21;409
1;2025-12-30;22;159
1;2025-12-30;23;34
1;2025-12-31;0;3
1;2025-12-31;1;0
1;2025-12-31;2;0
1;2025-12-31;3;0
1;2025-12-31;4;0
1;2025-12-31;5;27
1;2025-12-31;6;130
1;2025-12-31;7;302
1;2025-12-31;8;419
1;2025-12-31;9;645
1;2025-12-31;10;791
1;2025-12-31;11;776
1;2025-12-31;12;936
1;2025-12-31;13;978
1;2025-12-31;14;908
1;2025-12-31;15;788
1;2025-12-31;16;671
1;2025-12-31;17;629
1;2025-12-31;18;551
1;2025-12-31;19;475
1;2025-12-31;20;0
1;2025-12-31;21;0
1;2025-12-31;22;0
1;2025-12-31;23;0
5;2025-11-01;0;0
5;2025-11-01;1;0
5;2025-11-01;2;0
5;2025-11-01;3;0
5;2025-11-01;4;0
5;2025-11-01;5;0
5;2025-11-01;6;0
5;2025-11-01;7;0
5;2025-11-01;8;0
5;2025-11-01;9;0
5;2025-11-01;10;0
5;2025-11-01;11;0
5;2025-11-01;12;0
5;2025-11-01;13;0
5;2025-11-01;14;0
5;2025-11-01;15;0
5;2025-11-01;16;0
5;2025-11-01;17;0
5;2025-11-01;18;0
5;2025-11-01;19;0
5;2025-11-01;20;0
5;2025-11-01;21;0
5;2025-11-01;22;0
5;2025-11-01;23;0
5;2025-11-02;0;0
5;2025-11-02;1;0
5;2025-11-02;2;0
5;2025-11-02;3;0
5;2025-11-02;4;0
5;2025-11-02;5;0
5;2025-11-02;6;0
5;2025-11-02;7;0
5;2025-11-02;8;0
5;2025-11-02;9;0
5;2025-11-02;10;0
5;2025-11-02;11;0
5;2025-11-02;12;0
5;2025-11-02;13;0
5;2025-11-02;14;0
5;2025-11-02;15;0
5;2025-11-02;16;0
5;2025-11-02;17;0
5;2025-11-02;18;0
5;2025-11-02;19;0
5;2025-11-02;20;0
5;2025-11-02;21;0
5;2025-11-02;22;0
5;2025-11-02;23;0
5;2025-11-03;0;0
5;2025-11-03;1;0
5;2025-11-03;2;0
5;2025-11-03;3;0
5;2025-11-03;4;0
5;2025-11-03;5;0
5;2025-11-03;6;0
5;2025-11-03;7;0
5;2025-11-03;8;0
5;2025-11-03;9;0
5;2025-11-03;10;0
5;2025-11-03;11;0
5;2025-11-03;12;0
5;2025-11-03;13;0
5;2025-11-03;14;0
5;2025-11-03;15;0
5;2025-11-03;16;0
5;2025-11-03;17;0
5;2025-11-03;18;0
5;2025-11-03;19;0
5;2025-11-03;20;0
5;2025-11-03;21;0
5;2025-11-03;22;0
5;2025-11-03;23;0
5;2025-11-04;0;0
5;2025-11-04;1;0
5;2025-11-04;2;0
5;2025-11-04;3;0
5;2025-11-04;4;0
5;2025-11-04;5;0
5;2025-11-04;6;0
5;2025-11-04;7;0
5;2025-11-04;8;0
5;2025-11-04;9;0
5;2025-11-04;10;0
5;2025-11-04;11;0
5;2025-11-04;12;0
5;2025-11-04;13;0
5;2025-11-04;14;0
5;2025-11-04;15;0
5;2025-11-04;16;0
5;2025-11-04;17;0
5;2025-11-04;18;0
5;2025-11-04;19;0
5;2025-11-04;20;0
5;2025-11-04;21;0
5;2025-11-04;22;0
5;2025-11-04;23;0
5;2025-11-05;0;0
5;2025-11-05;1;0
5;2025-11-05;2;0
5;2025-11-05;3;0
5;2025-11-05;4;0
5;2025-11-05;5;0
5;2025-11-05;6;0
5;2025-11-05;7;0
5;2025-11-05;8;0
5;2025-11-05;9;0
5;2025-11-05;10;0
5;2025-11-05;11;0
5;2025-11-05;12;0
5;2025-11-05;13;0
5;2025-11-05;14;0
5;2025-11-05;15;0
5;2025-11-05;16;0
5;2025-11-05;17;0
5;2025-11-05;18;0
5;2025-11-05;19;0
5;2025-11-05;20;0
5;2025-11-05;21;0
5;2025-11-05;22;0
5;2025-11-05;23;0
5;2025-11-06;0;0
5;2025-11-06;1;0
5;2025-11-06;2;0
5;2025-11-06;3;0
5;2025-11-06;4;0
5;2025-11-06;5;0
5;2025-11-06;6;0
5;2025-11-06;7;0
5;2025-11-06;8;0
5;2025-11-06;9;0
5;2025-11-06;10;0
5;2025-11-06;11;0
5;2025-11-06;12;0
5;2025-11-06;13;0
5;2025-11-06;14;0
5;2025-11-06;15;0
5;2025-11-06;16;0
5;2025-11-06;17;0
5;2025-11-06;18;0
5;2025-11-06;19;0
5;2025-11-06;20;0
5;2025-11-06;21;0
5;2025-11-06;22;0
5;2025-11-06;23;0
5;2025-11-07;0;0
5;2025-11-07;1;0
5;2025-11-07;2;0
5;2025-11-07;3;0
5;2025-11-07;4;0
5;2025-11-07;5;0
5;2025-11-07;6;0
5;2025-11-07;7;0
5;2025-11-07;8;0
5;2025-11-07;9;0
5;2025-11-07;10;0
5;2025-11-07;11;0
5;2025-11-07;12;0
5;2025-11-07;13;0
5;2025-11-07;14;0
5;2025-11-07;15;0
5;2025-11-07;16;0
5;2025-11-07;17;0
5;2025-11-07;18;0
5;2025-11-07;19;0
5;2025-11-07;20;0
5;2025-11-07;21;0
5;2025-11-07;22;0
5;2025-11-07;23;0
5;2025-11-08;0;0
5;2025-11-08;1;0
5;2025-11-08;2;0
5;2025-11-08;3;0
5;2025-11-08;4;0
5;2025-11-08;5;0
5;2025-11-08;6;0
5;2025-11-08;7;0
5;2025-11-08;8;0
5;2025-11-08;9;0
5;2025-11-08;10;0
5;2025-11-08;11;0
5;2025-11-08;12;0
5;2025-11-08;13;0
5;2025-11-08;14;0
5;2025-11-08;15;0
5;2025-11-08;16;0
5;2025-11-08;17;0
5;2025-11-08;18;0
5;2025-11-08;19;0
5;2025-11-08;20;0
5;2025-11-08;21;0
5;2025-11-08;22;0
5;2025-11-08;23;0
5;2025-11-09;0;0
5;2025-11-09;1;0
5;2025-11-09;2;0
5;2025-11-09;3;0
5;2025-11-09;4;0
5;2025-11-09;5;0
5;2025-11-09;6;0
5;2025-11-09;7;0
5;2025-11-09;8;0
5;2025-11-09;9;0
5;2025-11-09;10;0
5;2025-11-09;11;0
5;2025-11-09;12;0
5;2025-11-09;13;0
5;2025-11-09;14;0
5;2025-11-09;15;0
5;2025-11-09;16;0
5;2025-11-09;17;0
5;2025-11-09;18;0
5;2025-11-09;19;0
5;2025-11-09;20;0
5;2025-11-09;21;0
5;2025-11-09;22;0
5;2025-11-09;23;0
5;2025-11-10;0;0
5;2025-11-10;1;0
5;2025-11-10;2;0
5;2025-11-10;3;0
5;2025-11-10;4;0
5;2025-11-10;5;0
5;2025-11-10;6;0
5;2025-11-10;7;0
5;2025-11-10;8;0
5;2025-11-10;9;0
5;2025-11-10;10;0
5;2025-11-10;11;0
5;2025-11-10;12;0
5;2025-11-10;13;0
5;2025-11-10;14;0
5;2025-11-10;15;0
5;2025-11-10;16;0
5;2025-11-10;17;0
5;2025-11-10;18;0
5;2025-11-10;19;0
5;2025-11-10;20;0
5;2025-11-10;21;0
5;2025-11-10;22;0
5;2025-11-10;23;0
5;2025-11-11;0;0
5;2025-11-11;1;0
5;2025-11-11;2;0
5;2025-11-11;3;0
5;2025-11-11;4;0
5;2025-11-11;5;0
5;2025-11-11;6;0
5;2025-11-11;7;0
5;2025-11-11;8;0
5;2025-11-11;9;0
5;2025-11-11;10;0
5;2025-11-11;11;0
5;2025-11-11;12;0
5;2025-11-11;13;0
5;2025-11-11;14;0
5;2025-11-11;15;0
5;2025-11-11;16;0
5;2025-11-11;17;0
5;2025-11-11;18;0
5;2025-11-11;19;0
5;2025-11-11;20;0
5;2025-11-11;21;0
5;2025-11-11;22;0
5;2025-11-11;23;0
5;2025-11-12;0;0
5;2025-11-12;1;0
5;2025-11-12;2;0
5;2025-11-12;3;0
5;2025-11-12;4;0
5;2025-11-12;5;0
5;2025-11-12;6;0
5;2025-11-12;7;0
5;2025-11-12;8;0
5;2025-11-12;9;0
5;2025-11-12;10;0
5;2025-11-12;11;0
5;2025-11-12;12;0
5;2025-11-12;13;0
5;2025-11-12;14;0
5;2025-11-12;15;0
5;2025-11-12;16;0
5;2025-11-12;17;0
5;2025-11-12;18;0
5;2025-11-12;19;0
5;2025-11-12;20;0
5;2025-11-12;21;0
5;2025-11-12;22;0
5;2025-11-12;23;0
5;2025-11-13;0;0
5;2025-11-13;1;0
5;2025-11-13;2;0
5;2025-11-13;3;0
5;2025-11-13;4;0
5;2025-11-13;5;0
5;2025-11-13;6;0
5;2025-11-13;7;0
5;2025-11-13;8;0
5;2025-11-13;9;0
5;2025-11-13;10;0
5;2025-11-13;11;0
5;2025-11-13;12;0
5;2025-11-13;13;0
5;2025-11-13;14;0
5;2025-11-13;15;0
5;2025-11-13;16;0
5;2025-11-13;17;0
5;2025-11-13;18;0
5;2025-11-13;19;0
5;2025-11-13;20;0
5;2025-11-13;21;0
5;2025-11-13;22;0
5;2025-11-13;23;0
5;2025-11-14;0;0
5;2025-11-14;1;0
5;2025-11-14;2;0
5;2025-11-14;3;0
5;2025-11-14;4;0
5;2025-11-14;5;0
5;2025-11-14;6;0
5;2025-11-14;7;0
5;2025-11-14;8;0
5;2025-11-14;9;0
5;2025-11-14;10;0
5;2025-11-14;11;0
5;2025-11-14;12;0
5;2025-11-14;13;0
5;2025-11-14;14;0
5;2025-11-14;15;0
5;2025-11-14;16;0
5;2025-11-14;17;0
5;2025-11-14;18;0
5;2025-11-14;19;0
5;2025-11-14;20;0
5;2025-11-14;21;0
5;2025-11-14;22;0
5;2025-11-14;23;0
5;2025-11-15;0;0
5;2025-11-15;1;0
5;2025-11-15;2;0
5;2025-11-15;3;0
5;2025-11-15;4;0
5;2025-11-15;5;0
5;2025-11-15;6;0
5;2025-11-15;7;0
5;2025-11-15;8;0
5;2025-11-15;9;0
5;2025-11-15;10;0
5;2025-11-15;11;0
5;2025-11-15;12;0
5;2025-11-15;13;0
5;2025-11-15;14;0
5;2025-11-15;15;0
5;2025-11-15;16;0
5;2025-11-15;17;0
5;2025-11-15;18;0
5;2025-11-15;19;0
5;2025-11-15;20;0
5;2025-11-15;21;0
5;2025-11-15;22;0
5;2025-11-15;23;0
5;2025-11-16;0;0
5;2025-11-16;1;0
5;2025-11-16;2;0
5;2025-11-16;3;0
5;2025-11-16;4;0
5;2025-11-16;5;0
5;2025-11-16;6;0
5;2025-11-16;7;0
5;2025-11-16;8;0
5;2025-11-16;9;0
5;2025-11-16;10;0
5;2025-11-16;11;0
5;2025-11-16;12;0
5;2025-11-16;13;0
5;2025-11-16;14;0
5;2025-11-16;15;0
5;2025-11-16;16;0
5;2025-11-16;17;0
5;2025-11-16;18;0
5;2025-11-16;19;0
5;2025-11-16;20;0
5;2025-11-16;21;0
5;2025-11-16;22;0
5;2025-11-16;23;0
5;2025-11-17;0;0
5;2025-11-17;1;0
5;2025-11-17;2;0
5;2025-11-17;3;0
5;2025-11-17;4;0
5;2025-11-17;5;0
5;2025-11-17;6;0
5;2025-11-17;7;0
5;2025-11-17;8;0
5;2025-11-17;9;0
5;2025-11-17;10;0
5;2025-11-17;11;0
5;2025-11-17;12;0
5;2025-11-17;13;0
5;2025-11-17;14;0
5;2025-11-17;15;0
5;2025-11-17;16;0
5;2025-11-17;17;0
5;2025-11-17;18;0
5;2025-11-17;19;0
5;2025-11-17;20;0
5;2025-11-17;21;0
5;2025-11-17;22;0
5;2025-11-17;23;0
5;2025-11-18;0;0
5;2025-11-18;1;0
5;2025-11-18;2;0
5;2025-11-18;3;0
5;2025-11-18;4;0
5;2025-11-18;5;0
5;2025-11-18;6;0
5;2025-11-18;7;0
5;2025-11-18;8;0
5;2025-11-18;9;0
5;2025-11-18;10;0
5;2025-11-18;11;0
5;2025-11-18;12;0
5;2025-11-18;13;0
5;2025-11-18;14;0
5;2025-11-18;15;0
5;2025-11-18;16;0
5;2025-11-18;17;0
5;2025-11-18;18;0
5;2025-11-18;19;0
5;2025-11-18;20;0
5;2025-11-18;21;0
5;2025-11-18;22;0
5;2025-11-18;23;0
5;2025-11-19;0;0
5;2025-11-19;1;0
5;2025-11-19;2;0
5;2025-11-19;3;0
5;2025-11-19;4;0
5;2025-11-19;5;0
5;2025-11-19;6;0
5;2025-11-19;7;0
5;2025-11-19;8;0
5;2025-11-19;9;0
5;2025-11-19;10;0
5;2025-11-19;11;0
5;2025-11-19;12;0
5;2025-11-19;13;0
5;2025-11-19;14;0
5;2025-11-19;15;0
5;2025-11-19;16;0
5;2025-11-19;17;0
5;2025-11-19;18;0
5;2025-11-19;19;0
5;2025-11-19;20;0
5;2025-11-19;21;0
5;2025-11-19;22;0
5;2025-11-19;23;0
5;2025-11-20;0;0
5;2025-11-20;1;0
5;2025-11-20;2;0
5;2025-11-20;3;0
5;2025-11-20;4;0
5;2025-11-20;5;0
5;2025-11-20;6;0
5;2025-11-20;7;0
5;2025-11-20;8;0
5;2025-11-20;9;0
5;2025-11-20;10;0
5;2025-11-20;11;0
5;2025-11-20;12;0
5;2025-11-20;13;0
5;2025-11-20;14;0
5;2025-11-20;15;0
5;2025-11-20;16;0
5;2025-11-20;17;0
5;2025-11-20;18;0
5;2025-11-20;19;0
5;2025-11-20;20;0
5;2025-11-20;21;0
5;2025-11-20;22;0
5;2025-11-20;23;0
5;2025-11-21;0;0
5;2025-11-21;1;0
5;2025-11-21;2;0
5;2025-11-21;3;0
5;2025-11-21;4;0
5;2025-11-21;5;0
5;2025-11-21;6;0
5;2025-11-21;7;0
5;2025-11-21;8;0
5;2025-11-21;9;0
5;2025-11-21;10;0
5;2025-11-21;11;0
5;2025-11-21;12;0
5;2025-11-21;13;0
5;2025-11-21;14;0
5;2025-11-21;15;0
5;2025-11-21;16;0
5;2025-11-21;17;0
5;2025-11-21;18;0
5;2025-11-21;19;0
5;2025-11-21;20;0
5;2025-11-21;21;0
5;2025-11-21;22;0
5;2025-11-21;23;0
5;2025-11-22;0;0
5;2025-11-22;1;0
5;2025-11-22;2;0
5;2025-11-22;3;0
5;2025-11-22;4;0
5;2025-11-22;5;0
5;2025-11-22;6;0
5;2025-11-22;7;0
5;2025-11-22;8;0
5;2025-11-22;9;0
5;2025-11-22;10;0
5;2025-11-22;11;0
5;2025-11-22;12;0
5;2025-11-22;13;0
5;2025-11-22;14;0
5;2025-11-22;15;0
5;2025-11-22;16;0
5;2025-11-22;17;0
5;2025-11-22;18;0
5;2025-11-22;19;0
5;2025-11-22;20;0
5;2025-11-22;21;0
5;2025-11-22;22;0
5;2025-11-22;23;0
5;2025-11-23;0;0
5;2025-11-23;1;0
5;2025-11-23;2;0
5;2025-11-23;3;0
5;2025-11-23;4;0
5;2025-11-23;5;0
5;2025-11-23;6;0
5;2025-11-23;7;0
5;2025-11-23;8;0
5;2025-11-23;9;0
5;2025-11-23;10;0
5;2025-11-23;11;0
5;2025-11-23;12;0
5;2025-11-23;13;0
5;2025-11-23;14;0
5;2025-11-23;15;0
5;2025-11-23;16;0
5;2025-11-23;17;0
5;2025-11-23;18;0
5;2025-11-23;19;0
5;2025-11-23;20;0
5;2025-11-23;21;0
5;2025-11-23;22;0
5;2025-11-23;23;0
5;2025-11-24;0;0
5;2025-11-24;1;0
5;2025-11-24;2;0
5;2025-11-24;3;0
5;2025-11-24;4;0
5;2025-11-24;5;0
5;2025-11-24;6;0
5;2025-11-24;7;0
5;2025-11-24;8;0
5;2025-11-24;9;0
5;2025-11-24;10;0
5;2025-11-24;11;0
5;2025-11-24;12;0
5;2025-11-24;13;0
5;2025-11-24;14;0
5;2025-11-24;15;0
5;2025-11-24;16;0
5;2025-11-24;17;0
5;2025-11-24;18;0
5;2025-11-24;19;0
5;2025-11-24;20;0
5;2025-11-24;21;0
5;2025-11-24;22;0
5;2025-11-24;23;0
5;2025-11-25;0;0
5;2025-11-25;1;0
5;2025-11-25;2;0
5;2025-11-25;3;0
5;2025-11-25;4;0
5;2025-11-25;5;0
5;2025-11-25;6;0
5;2025-11-25;7;0
5;2025-11-25;8;0
5;2025-11-25;9;0
5;2025-11-25;10;0
5;2025-11-25;11;0
5;2025-11-25;12;0
5;2025-11-25;13;0
5;2025-11-25;14;0
5;2025-11-25;15;0
5;2025-11-25;16;0
5;2025-11-25;17;0
5;2025-11-25;18;0
5;2025-11-25;19;0
5;2025-11-25;20;0
5;2025-11-25;21;0
5;2025-11-25;22;0
5;2025-11-25;23;0
5;2025-11-26;0;0
5;2025-11-26;1;0
5;2025-11-26;2;0
5;2025-11-26;3;0
5;2025-11-26;4;0
5;2025-11-26;5;0
5;2025-11-26;6;0
5;2025-11-26;7;0
5;2025-11-26;8;0
5;2025-11-26;9;0
5;2025-11-26;10;0
5;2025-11-26;11;0
5;2025-11-26;12;0
5;2025-11-26;13;0
5;2025-11-26;14;0
5;2025-11-26;15;0
5;2025-11-26;16;0
5;2025-11-26;17;0
5;2025-11-26;18;0
5;2025-11-26;19;0
5;2025-11-26;20;0
5;2025-11-26;21;0
5;2025-11-26;22;0
5;2025-11-26;23;0
5;2025-11-27;0;0
5;2025-11-27;1;0
5;2025-11-27;2;0
5;2025-11-27;3;0
5;2025-11-27;4;0
5;2025-11-27;5;0
5;2025-11-27;6;0
5;2025-11-27;7;0
5;2025-11-27;8;0
5;2025-11-27;9;0
5;2025-11-27;10;0
5;2025-11-27;11;0
5;2025-11-27;12;0
5;2025-11-27;13;0
5;2025-11-27;14;0
5;2025-11-27;15;0
5;2025-11-27;16;0
5;2025-11-27;17;0
5;2025-11-27;18;0
5;2025-11-27;19;0
5;2025-11-27;20;0
5;2025-11-27;21;0
5;2025-11-27;22;0
5;2025-11-27;23;0
5;2025-11-28;0;0
5;2025-11-28;1;0
5;2025-11-28;2;0
5;2025-11-28;3;0
5;2025-11-28;4;0
5;2025-11-28;5;0
5;2025-11-28;6;0
5;2025-11-28;7;0
5;2025-11-28;8;0
5;2025-11-28;9;0
5;2025-11-28;10;0
5;2025-11-28;11;0
5;2025-11-28;12;0
5;2025-11-28;13;0
5;2025-11-28;14;0
5;2025-11-28;15;0
5;2025-11-28;16;0
5;2025-11-28;17;0
5;2025-11-28;18;0
5;2025-11-28;19;0
5;2025-11-28;20;0
5;2025-11-28;21;0
5;2025-11-28;22;0
5;2025-11-28;23;0
5;2025-11-29;0;0
5;2025-11-29;1;0
5;2025-11-29;2;0
5;2025-11-29;3;0
5;2025-11-29;4;0
5;2025-11-29;5;0
5;2025-11-29;6;0
5;2025-11-29;7;0
5;2025-11-29;8;0
5;2025-11-29;9;0
5;2025-11-29;10;0
5;2025-11-29;11;0
5;2025-11-29;12;0
5;2025-11-29;13;0
5;2025-11-29;14;0
5;2025-11-29;15;0
5;2025-11-29;16;0
5;2025-11-29;17;0
5;2025-11-29;18;0
5;2025-11-29;19;0
5;2025-11-29;20;0
5;2025-11-29;21;0
5;2025-11-29;22;0
5;2025-11-29;23;0
5;2025-11-30;0;0
5;2025-11-30;1;0
5;2025-11-30;2;0
5;2025-11-30;3;0
5;2025-11-30;4;0
5;2025-11-30;5;0
5;2025-11-30;6;0
5;2025-11-30;7;0
5;2025-11-30;8;0
5;2025-11-30;9;0
5;2025-11-30;10;0
5;2025-11-30;11;0
5;2025-11-30;12;0
5;2025-11-30;13;0
5;2025-11-30;14;0
5;2025-11-30;15;0
5;2025-11-30;16;0
5;2025-11-30;17;0
5;2025-11-30;18;0
5;2025-11-30;19;0
5;2025-11-30;20;0
5;2025-11-30;21;0
5;2025-11-30;22;0
5;2025-11-30;23;0
5;2025-12-01;0;0
5;2025-12-01;1;0
5;2025-12-01;2;0
5;2025-12-01;3;0
5;2025-12-01;4;0
5;2025-12-01;5;0
5;2025-12-01;6;0
5;2025-12-01;7;0
5;2025-12-01;8;0
5;2025-12-01;9;0
5;2025-12-01;10;0
5;2025-12-01;11;0
5;2025-12-01;12;0
5;2025-12-01;13;0
5;2025-12-01;14;0
5;2025-12-01;15;0
5;2025-12-01;16;0
5;2025-12-01;17;0
5;2025-12-01;18;0
5;2025-12-01;19;0
5;2025-12-01;20;0
5;2025-12-01;21;0
5;2025-12-01;22;0
5;2025-12-01;23;0
5;2025-12-02;0;0
5;2025-12-02;1;0
5;2025-12-02;2;0
5;2025-12-02;3;0
5;2025-12-02;4;0
5;2025-12-02;5;0
5;2025-12-02;6;0
5;2025-12-02;7;0
5;2025-12-02;8;0
5;2025-12-02;9;0
5;2025-12-02;10;0
5;2025-12-02;11;0
5;2025-12-02;12;0
5;2025-12-02;13;0
5;2025-12-02;14;0
5;2025-12-02;15;0
5;2025-12-02;16;0
5;2025-12-02;17;0
5;2025-12-02;18;0
5;2025-12-02;19;0
5;2025-12-02;20;0
5;2025-12-02;21;0
5;2025-12-02;22;0
5;2025-12-02;23;0
5;2025-12-03;0;0
5;2025-12-03;1;0
5;2025-12-03;2;0
5;2025-12-03;3;0
5;2025-12-03;4;0
5;2025-12-03;5;0
5;2025-12-03;6;0
5;2025-12-03;7;0
5;2025-12-03;8;0
5;2025-12-03;9;0
5;2025-12-03;10;0
5;2025-12-03;11;0
5;2025-12-03;12;0
5;2025-12-03;13;0
5;2025-12-03;14;0
5;2025-12-03;15;0
5;2025-12-03;16;0
5;2025-12-03;17;0
5;2025-12-03;18;0
5;2025-12-03;19;0
5;2025-12-03;20;0
5;2025-12-03;21;0
5;2025-12-03;22;0
5;2025-12-03;23;0
5;2025-12-04;0;0
5;2025-12-04;1;0
5;2025-12-04;2;0
5;2025-12-04;3;0
5;2025-12-04;4;0
5;2025-12-04;5;0
5;2025-12-04;6;0
5;2025-12-04;7;0
5;2025-12-04;8;0
5;2025-12-04;9;0
5;2025-12-04;10;0
5;2025-12-04;11;0
5;2025-12-04;12;0
5;2025-12-04;13;0
5;2025-12-04;14;0
5;2025-12-04;15;0
5;2025-12-04;16;0
5;2025-12-04;17;0
5;2025-12-04;18;0
5;2025-12-04;19;0
5;2025-12-04;20;0
5;2025-12-04;21;0
5;2025-12-04;22;0
5;2025-12-04;23;0
5;2025-12-05;0;0
5;2025-12-05;1;0
5;2025-12-05;2;0
5;2025-12-05;3;0
5;2025-12-05;4;0
5;2025-12-05;5;0
5;2025-12-05;6;0
5;2025-12-05;7;0
5;2025-12-05;8;0
5;2025-12-05;9;0
5;2025-12-05;10;0
5;2025-12-05;11;0
5;2025-12-05;12;0
5;2025-12-05;13;0
5;2025-12-05;14;0
5;2025-12-05;15;0
5;2025-12-05;16;0
5;2025-12-05;17;0
5;2025-12-05;18;0
5;2025-12-05;19;0
5;2025-12-05;20;0
5;2025-12-05;21;0
5;2025-12-05;22;0
5;2025-12-05;23;0
5;2025-12-06;0;0
5;2025-12-06;1;0
5;2025-12-06;2;0
5;2025-12-06;3;0
5;2025-12-06;4;0
5;2025-12-06;5;0
5;2025-12-06;6;0
5;2025-12-06;7;0
5;2025-12-06;8;0
5;2025-12-06;9;0
5;2025-12-06;10;0
5;2025-12-06;11;0
5;2025-12-06;12;0
5;2025-12-06;13;0
5;2025-12-06;14;0
5;2025-12-06;15;0
5;2025-12-06;16;0
5;2025-12-06;17;0
5;2025-12-06;18;0
5;2025-12-06;19;0
5;2025-12-06;20;0
5;2025-12-06;21;0
5;2025-12-06;22;0
5;2025-12-06;23;0
5;2025-12-07;0;0
5;2025-12-07;1;0
5;2025-12-07;2;0
5;2025-12-07;3;0
5;2025-12-07;4;0
5;2025-12-07;5;0
5;2025-12-07;6;0
5;2025-12-07;7;0
5;2025-12-07;8;0
5;2025-12-07;9;0
5;2025-12-07;10;0
5;2025-12-07;11;0
5;2025-12-07;12;0
5;2025-12-07;13;0
5;2025-12-07;14;0
5;2025-12-07;15;0
5;2025-12-07;16;0
5;2025-12-07;17;0
5;2025-12-07;18;0
5;2025-12-07;19;0
5;2025-12-07;20;0
5;2025-12-07;21;0
5;2025-12-07;22;0
5;2025-12-07;23;0
5;2025-12-08;0;0
5;2025-12-08;1;0
5;2025-12-08;2;0
5;2025-12-08;3;0
5;2025-12-08;4;0
5;2025-12-08;5;0
5;2025-12-08;6;0
5;2025-12-08;7;0
5;2025-12-08;8;0
5;2025-12-08;9;0
5;2025-12-08;10;0
5;2025-12-08;11;0
5;2025-12-08;12;0
5;2025-12-08;13;0
5;2025-12-08;14;0
5;2025-12-08;15;0
5;2025-12-08;16;0
5;2025-12-08;17;0
5;2025-12-08;18;0
5;2025-12-08;19;0
5;2025-12-08;20;0
5;2025-12-08;21;0
5;2025-12-08;22;0
5;2025-12-08;23;0
5;2025-12-09;0;0
5;2025-12-09;1;0
5;2025-12-09;2;0
5;2025-12-09;3;0
5;2025-12-09;4;0
5;2025-12-09;5;0
5;2025-12-09;6;0
5;2025-12-09;7;0
5;2025-12-09;8;0
5;2025-12-09;9;0
5;2025-12-09;10;0
5;2025-12-09;11;0
5;2025-12-09;12;0
5;2025-12-09;13;0
5;2025-12-09;14;0
5;2025-12-09;15;0
5;2025-12-09;16;0
5;2025-12-09;17;0
5;2025-12-09;18;0
5;2025-12-09;19;0
5;2025-12-09;20;0
5;2025-12-09;21;0
5;2025-12-09;22;0
5;2025-12-09;23;0
5;2025-12-10;0;0
5;2025-12-10;1;0
5;2025-12-10;2;0
5;2025-12-10;3;0
5;2025-12-10;4;0
5;2025-12-10;5;0
5;2025-12-10;6;0
5;2025-12-10;7;0
5;2025-12-10;8;0
5;2025-12-10;9;0
5;2025-12-10;10;0
5;2025-12-10;11;0
5;2025-12-10;12;0
5;2025-12-10;13;0
5;2025-12-10;14;0
5;2025-12-10;15;0
5;2025-12-10;16;0
5;2025-12-10;17;0
5;2025-12-10;18;0
5;2025-12-10;19;0
5;2025-12-10;20;0
5;2025-12-10;21;0
5;2025-12-10;22;0
5;2025-12-10;23;0
5;2025-12-11;0;0
5;2025-12-11;1;0
5;2025-12-11;2;0
5;2025-12-11;3;0
5;2025-12-11;4;0
5;2025-12-11;5;0
5;2025-12-11;6;0
5;2025-12-11;7;0
5;2025-12-11;8;0
5;2025-12-11;9;0
5;2025-12-11;10;0
5;2025-12-11;11;0
5;2025-12-11;12;0
5;2025-12-11;13;0
5;2025-12-11;14;0
5;2025-12-11;15;0
5;2025-12-11;16;0
5;2025-12-11;17;0
5;2025-12-11;18;0
5;2025-12-11;19;0
5;2025-12-11;20;0
5;2025-12-11;21;0
5;2025-12-11;22;0
5;2025-12-11;23;0
5;2025-12-12;0;0
5;2025-12-12;1;0
5;2025-12-12;2;0
5;2025-12-12;3;0
5;2025-12-12;4;0
5;2025-12-12;5;0
5;2025-12-12;6;0
5;2025-12-12;7;0
5;2025-12-12;8;0
5;2025-12-12;9;0
5;2025-12-12;10;0
5;2025-12-12;11;0
5;2025-12-12;12;0
5;2025-12-12;13;0
5;2025-12-12;14;0
5;2025-12-12;15;0
5;2025-12-12;16;0
5;2025-12-12;17;0
5;2025-12-12;18;0
5;2025-12-12;19;0
5;2025-12-12;20;0
5;2025-12-12;21;0
5;2025-12-12;22;0
5;2025-12-12;23;0
5;2025-12-13;0;0
5;2025-12-13;1;0
5;2025-12-13;2;0
5;2025-12-13;3;0
5;2025-12-13;4;0
5;2025-12-13;5;0
5;2025-12-13;6;0
5;2025-12-13;7;0
5;2025-12-13;8;0
5;2025-12-13;9;0
5;2025-12-13;10;0
5;2025-12-13;11;0
5;2025-12-13;12;0
5;2025-12-13;13;0
5;2025-12-13;14;0
5;2025-12-13;15;0
5;2025-12-13;16;0
5;2025-12-13;17;0
5;2025-12-13;18;0
5;2025-12-13;19;0
5;2025-12-13;20;0
5;2025-12-13;21;0
5;2025-12-13;22;0
5;2025-12-13;23;0
5;2025-12-14;0;0
5;2025-12-14;1;0
5;2025-12-14;2;0
5;2025-12-14;3;0
5;2025-12-14;4;0
5;2025-12-14;5;0
5;2025-12-14;6;0
5;2025-12-14;7;0
5;2025-12-14;8;0
5;2025-12-14;9;0
5;2025-12-14;10;0
5;2025-12-14;11;0
5;2025-12-14;12;0
5;2025-12-14;13;0
5;2025-12-14;14;0
5;2025-12-14;15;0
5;2025-12-14;16;0
5;2025-12-14;17;0
5;2025-12-14;18;0
5;2025-12-14;19;0
5;2025-12-14;20;0
5;2025-12-14;21;0
5;2025-12-14;22;0
5;2025-12-14;23;0
5;2025-12-15;0;0
5;2025-12-15;1;0
5;2025-12-15;2;0
5;2025-12-15;3;0
5;2025-12-15;4;0
5;2025-12-15;5;0
5;2025-12-15;6;0
5;2025-12-15;7;0
5;2025-12-15;8;0
5;2025-12-15;9;0
5;2025-12-15;10;0
5;2025-12-15;11;0
5;2025-12-15;12;0
5;2025-12-15;13;0
5;2025-12-15;14;0
5;2025-12-15;15;0
5;2025-12-15;16;0
5;2025-12-15;17;0
5;2025-12-15;18;0
5;2025-12-15;19;0
5;2025-12-15;20;0
5;2025-12-15;21;0
5;2025-12-15;22;0
5;2025-12-15;23;0
5;2025-12-16;0;2
5;2025-12-16;1;0
5;2025-12-16;2;0
5;2025-12-16;3;0
5;2025-12-16;4;0
5;2025-12-16;5;39
5;2025-12-16;6;126
5;2025-12-16;7;394
5;2025-12-16;8;646
5;2025-12-16;9;415
5;2025-12-16;10;308
5;2025-12-16;11;282
5;2025-12-16;12;352
5;2025-12-16;13;354
5;2025-12-16;14;334
5;2025-12-16;15;348
5;2025-12-16;16;447
5;2025-12-16;17;527
5;2025-12-16;18;511
5;2025-12-16;19;378
5;2025-12-16;20;260
5;2025-12-16;21;162
5;2025-12-16;22;58
5;2025-12-16;23;6
5;2025-12-17;0;2
5;2025-12-17;1;0
5;2025-12-17;2;0
5;2025-12-17;3;0
5;2025-12-17;4;0
5;2025-12-17;5;39
5;2025-12-17;6;126
5;2025-12-17;7;394
5;2025-12-17;8;646
5;2025-12-17;9;415
5;2025-12-17;10;308
5;2025-12-17;11;282
5;2025-12-17;12;352
5;2025-12-17;13;354
5;2025-12-17;14;334
5;2025-12-17;15;348
5;2025-12-17;16;447
5;2025-12-17;17;527
5;2025-12-17;18;511
5;2025-12-17;19;378
5;2025-12-17;20;260
5;2025-12-17;21;162
5;2025-12-17;22;58
5;2025-12-17;23;6
5;2025-12-18;0;2
5;2025-12-18;1;0
5;2025-12-18;2;0
5;2025-12-18;3;0
5;2025-12-18;4;0
5;2025-12-18;5;39
5;2025-12-18;6;126
5;2025-12-18;7;394
5;2025-12-18;8;646
5;2025-12-18;9;415
5;2025-12-18;10;308
5;2025-12-18;11;282
5;2025-12-18;12;352
5;2025-12-18;13;354
5;2025-12-18;14;334
5;2025-12-18;15;348
5;2025-12-18;16;447
5;2025-12-18;17;527
5;2025-12-18;18;511
5;2025-12-18;19;378
5;2025-12-18;20;260
5;2025-12-18;21;162
5;2025-12-18;22;58
5;2025-12-18;23;6
5;2025-12-19;0;1
5;2025-12-19;1;0
5;2025-12-19;2;0
5;2025-12-19;3;0
5;2025-12-19;4;1
5;2025-12-19;5;38
5;2025-12-19;6;140
5;2025-12-19;7;430
5;2025-12-19;8;660
5;2025-12-19;9;423
5;2025-12-19;10;318
5;2025-12-19;11;304
5;2025-12-19;12;400
5;2025-12-19;13;364
5;2025-12-19;14;358
5;2025-12-19;15;368
5;2025-12-19;16;482
5;2025-12-19;17;506
5;2025-12-19;18;442
5;2025-12-19;19;330
5;2025-12-19;20;214
5;2025-12-19;21;166
5;2025-12-19;22;64
5;2025-12-19;23;10
5;2025-12-20;0;1
5;2025-12-20;1;0
5;2025-12-20;2;0
5;2025-12-20;3;0
5;2025-12-20;4;0
5;2025-12-20;5;20
5;2025-12-20;6;54
5;2025-12-20;7;118
5;2025-12-20;8;204
5;2025-12-20;9;230
5;2025-12-20;10;251
5;2025-12-20;11;254
5;2025-12-20;12;300
5;2025-12-20;13;303
5;2025-12-20;14;281
5;2025-12-20;15;304
5;2025-12-20;16;306
5;2025-12-20;17;294
5;2025-12-20;18;254
5;2025-12-20;19;192
5;2025-12-20;20;142
5;2025-12-20;21;129
5;2025-12-20;22;52
5;2025-12-20;23;6
5;2025-12-21;0;1
5;2025-12-21;1;0
5;2025-12-21;2;0
5;2025-12-21;3;0
5;2025-12-21;4;0
5;2025-12-21;5;15
5;2025-12-21;6;39
5;2025-12-21;7;84
5;2025-12-21;8;130
5;2025-12-21;9;180
5;2025-12-21;10;202
5;2025-12-21;11;222
5;2025-12-21;12;230
5;2025-12-21;13;280
5;2025-12-21;14;265
5;2025-12-21;15;262
5;2025-12-21;16;235
5;2025-12-21;17;254
5;2025-12-21;18;218
5;2025-12-21;19;197
5;2025-12-21;20;148
5;2025-12-21;21;119
5;2025-12-21;22;56
5;2025-12-21;23;6
5;2025-12-22;0;2
5;2025-12-22;1;0
5;2025-12-22;2;0
5;2025-12-22;3;0
5;2025-12-22;4;0
5;2025-12-22;5;39
5;2025-12-22;6;126
5;2025-12-22;7;394
5;2025-12-22;8;646
5;2025-12-22;9;415
5;2025-12-22;10;308
5;2025-12-22;11;282
5;2025-12-22;12;352
5;2025-12-22;13;354
5;2025-12-22;14;334
5;2025-12-22;15;348
5;2025-12-22;16;447
5;2025-12-22;17;527
5;2025-12-22;18;511
5;2025-12-22;19;378
5;2025-12-22;20;260
5;2025-12-22;21;162
5;2025-12-22;22;58
5;2025-12-22;23;6
5;2025-12-23;0;2
5;2025-12-23;1;0
5;2025-12-23;2;0
5;2025-12-23;3;0
5;2025-12-23;4;0
5;2025-12-23;5;39
5;2025-12-23;6;126
5;2025-12-23;7;394
5;2025-12-23;8;646
5;2025-12-23;9;415
5;2025-12-23;10;308
5;2025-12-23;11;282
5;2025-12-23;12;352
5;2025-12-23;13;354
5;2025-12-23;14;334
5;2025-12-23;15;348
5;2025-12-23;16;447
5;2025-12-23;17;527
5;2025-12-23;18;511
5;2025-12-23;19;378
5;2025-12-23;20;260
5;2025-12-23;21;162
5;2025-12-23;22;58
5;2025-12-23;23;6
5;2025-12-24;0;2
5;2025-12-24;1;0
5;2025-12-24;2;0
5;2025-12-24;3;0
5;2025-12-24;4;0
5;2025-12-24;5;39
5;2025-12-24;6;126
5;2025-12-24;7;394
5;2025-12-24;8;646
5;2025-12-24;9;415
5;2025-12-24;10;308
5;2025-12-24;11;282
5;2025-12-24;12;352
5;2025-12-24;13;354
5;2025-12-24;14;334
5;2025-12-24;15;348
5;2025-12-24;16;447
5;2025-12-24;17;527
5;2025-12-24;18;511
5;2025-12-24;19;378
5;2025-12-24;20;260
5;2025-12-24;21;162
5;2025-12-24;22;58
5;2025-12-24;23;6
5;2025-12-25;0;2
5;2025-12-25;1;0
5;2025-12-25;2;0
5;2025-12-25;3;0
5;2025-12-25;4;0
5;2025-12-25;5;39
5;2025-12-25;6;126
5;2025-12-25;7;394
5;2025-12-25;8;646
5;2025-12-25;9;415
5;2025-12-25;10;308
5;2025-12-25;11;282
5;2025-12-25;12;352
5;2025-12-25;13;354
5;2025-12-25;14;334
5;2025-12-25;15;348
5;2025-12-25;16;447
5;2025-12-25;17;527
5;2025-12-25;18;511
5;2025-12-25;19;378
5;2025-12-25;20;260
5;2025-12-25;21;162
5;2025-12-25;22;58
5;2025-12-25;23;6
5;2025-12-26;0;1
5;2025-12-26;1;0
5;2025-12-26;2;0
5;2025-12-26;3;0
5;2025-12-26;4;1
5;2025-12-26;5;38
5;2025-12-26;6;140
5;2025-12-26;7;430
5;2025-12-26;8;660
5;2025-12-26;9;423
5;2025-12-26;10;318
5;2025-12-26;11;304
5;2025-12-26;12;400
5;2025-12-26;13;364
5;2025-12-26;14;358
5;2025-12-26;15;368
5;2025-12-26;16;482
5;2025-12-26;17;506
5;2025-12-26;18;442
5;2025-12-26;19;330
5;2025-12-26;20;214
5;2025-12-26;21;166
5;2025-12-26;22;64
5;2025-12-26;23;10
5;2025-12-27;0;1
5;2025-12-27;1;0
5;2025-12-27;2;0
5;2025-12-27;3;0
5;2025-12-27;4;0
5;2025-12-27;5;20
5;2025-12-27;6;54
5;2025-12-27;7;118
5;2025-12-27;8;204
5;2025-12-27;9;230
5;2025-12-27;10;251
5;2025-12-27;11;254
5;2025-12-27;12;300
5;2025-12-27;13;303
5;2025-12-27;14;281
5;2025-12-27;15;304
5;2025-12-27;16;306
5;2025-12-27;17;294
5;2025-12-27;18;254
5;2025-12-27;19;192
5;2025-12-27;20;142
5;2025-12-27;21;129
5;2025-12-27;22;52
5;2025-12-27;23;6
5;2025-12-28;0;1
5;2025-12-28;1;0
5;2025-12-28;2;0
5;2025-12-28;3;0
5;2025-12-28;4;0
5;2025-12-28;5;15
5;2025-12-28;6;39
5;2025-12-28;7;84
5;2025-12-28;8;130
5;2025-12-28;9;180
5;2025-12-28;10;202
5;2025-12-28;11;222
5;2025-12-28;12;230
5;2025-12-28;13;280
5;2025-12-28;14;265
5;2025-12-28;15;262
5;2025-12-28;16;235
5;2025-12-28;17;254
5;2025-12-28;18;218
5;2025-12-28;19;197
5;2025-12-28;20;148
5;2025-12-28;21;119
5;2025-12-28;22;56
5;2025-12-28;23;6
5;2025-12-29;0;1
5;2025-12-29;1;0
5;2025-12-29;2;0
5;2025-12-29;3;0
5;2025-12-29;4;0
5;2025-12-29;5;34
5;2025-12-29;6;110
5;2025-12-29;7;347
5;2025-12-29;8;568
5;2025-12-29;9;366
5;2025-12-29;10;272
5;2025-12-29;11;248
5;2025-12-29;12;310
5;2025-12-29;13;311
5;2025-12-29;14;294
5;2025-12-29;15;306
5;2025-12-29;16;394
5;2025-12-29;17;464
5;2025-12-29;18;450
5;2025-12-29;19;333
5;2025-12-29;20;230
5;2025-12-29;21;142
5;2025-12-29;22;52
5;2025-12-29;23;5
5;2025-12-30;0;1
5;2025-12-30;1;0
5;2025-12-30;2;0
5;2025-12-30;3;0
5;2025-12-30;4;0
5;2025-12-30;5;34
5;2025-12-30;6;110
5;2025-12-30;7;347
5;2025-12-30;8;568
5;2025-12-30;9;366
5;2025-12-30;10;272
5;2025-12-30;11;248
5;2025-12-30;12;310
5;2025-12-30;13;311
5;2025-12-30;14;294
5;2025-12-30;15;306
5;2025-12-30;16;394
5;2025-12-30;17;464
5;2025-12-30;18;450
5;2025-12-30;19;333
5;2025-12-30;20;230
5;2025-12-30;21;142
5;2025-12-30;22;52
5;2025-12-30;23;5
5;2025-12-31;0;0
5;2025-12-31;1;0
5;2025-12-31;2;0
5;2025-12-31;3;0
5;2025-12-31;4;0
5;2025-12-31;5;16
5;2025-12-31;6;42
5;2025-12-31;7;94
5;2025-12-31;8;164
5;2025-12-31;9;184
5;2025-12-31;10;200
5;2025-12-31;11;203
5;2025-12-31;12;240
5;2025-12-31;13;242
5;2025-12-31;14;225
5;2025-12-31;15;244
5;2025-12-31;16;245
5;2025-12-31;17;235
5;2025-12-31;18;203
5;2025-12-31;19;154
5;2025-12-31;20;0
5;2025-12-31;21;0
5;2025-12-31;22;0
5;2025-12-31;23;0
7;2025-11-01;0;109
7;2025-11-01;1;25
7;2025-11-01;2;0
7;2025-11-01;3;0
7;2025-11-01;4;1
7;2025-11-01;5;137
7;2025-11-01;6;468
7;2025-11-01;7;1172
7;2025-11-01;8;1777
7;2025-11-01;9;1320
7;2025-11-01;10;1352
7;2025-11-01;11;1239
7;2025-11-01;12;1306
7;2025-11-01;13;1322
7;2025-11-01;14;1364
7;2025-11-01;15;1479
7;2025-11-01;16;1650
7;2025-11-01;17;1821
7;2025-11-01;18;1568
7;2025-11-01;19;1068
7;2025-11-01;20;771
7;2025-11-01;21;465
7;2025-11-01;22;256
7;2025-11-01;23;194
7;2025-11-02;0;99
7;2025-11-02;1;23
7;2025-11-02;2;0
7;2025-11-02;3;0
7;2025-11-02;4;1
7;2025-11-02;5;29
7;2025-11-02;6;124
7;2025-11-02;7;167
7;2025-11-02;8;375
7;2025-11-02;9;497
7;2025-11-02;10;385
7;2025-11-02;11;572
7;2025-11-02;12;618
7;2025-11-02;13;614
7;2025-11-02;14;642
7;2025-11-02;15;695
7;2025-11-02;16;599
7;2025-11-02;17;609
7;2025-11-02;18;632
7;2025-11-02;19;468
7;2025-11-02;20;387
7;2025-11-02;21;284
7;2025-11-02;22;147
7;2025-11-02;23;117
7;2025-11-03;0;99
7;2025-11-03;1;23
7;2025-11-03;2;0
7;2025-11-03;3;0
7;2025-11-03;4;1
7;2025-11-03;5;29
7;2025-11-03;6;124
7;2025-11-03;7;167
7;2025-11-03;8;375
7;2025-11-03;9;497
7;2025-11-03;10;385
7;2025-11-03;11;572
7;2025-11-03;12;618
7;2025-11-03;13;614
7;2025-11-03;14;642
7;2025-11-03;15;695
7;2025-11-03;16;599
7;2025-11-03;17;609
7;2025-11-03;18;632
7;2025-11-03;19;468
7;2025-11-03;20;387
7;2025-11-03;21;284
7;2025-11-03;22;147
7;2025-11-03;23;117
7;2025-11-04;0;99
7;2025-11-04;1;23
7;2025-11-04;2;0
7;2025-11-04;3;0
7;2025-11-04;4;1
7;2025-11-04;5;29
7;2025-11-04;6;124
7;2025-11-04;7;167
7;2025-11-04;8;375
7;2025-11-04;9;497
7;2025-11-04;10;385
7;2025-11-04;11;572
7;2025-11-04;12;618
7;2025-11-04;13;614
7;2025-11-04;14;642
7;2025-11-04;15;695
7;2025-11-04;16;599
7;2025-11-04;17;609
7;2025-11-04;18;632
7;2025-11-04;19;468
7;2025-11-04;20;387
7;2025-11-04;21;284
7;2025-11-04;22;147
7;2025-11-04;23;117
7;2025-11-05;0;60
7;2025-11-05;1;12
7;2025-11-05;2;0
7;2025-11-05;3;0
7;2025-11-05;4;1
7;2025-11-05;5;190
7;2025-11-05;6;605
7;2025-11-05;7;1645
7;2025-11-05;8;2552
7;2025-11-05;9;1899
7;2025-11-05;10;1706
7;2025-11-05;11;1600
7;2025-11-05;12;1728
7;2025-11-05;13;1608
7;2025-11-05;14;1661
7;2025-11-05;15;1804
7;2025-11-05;16;1884
7;2025-11-05;17;2444
7;2025-11-05;18;2657
7;2025-11-05;19;1717
7;2025-11-05;20;1098
7;2025-11-05;21;650
7;2025-11-05;22;310
7;2025-11-05;23;200
7;2025-11-06;0;60
7;2025-11-06;1;12
7;2025-11-06;2;0
7;2025-11-06;3;0
7;2025-11-06;4;1
7;2025-11-06;5;190
7;2025-11-06;6;605
7;2025-11-06;7;1645
7;2025-11-06;8;2552
7;2025-11-06;9;1899
7;2025-11-06;10;1706
7;2025-11-06;11;1600
7;2025-11-06;12;1728
7;2025-11-06;13;1608
7;2025-11-06;14;1661
7;2025-11-06;15;1804
7;2025-11-06;16;1884
7;2025-11-06;17;2444
7;2025-11-06;18;2657
7;2025-11-06;19;1717
7;2025-11-06;20;1098
7;2025-11-06;21;650
7;2025-11-06;22;310
7;2025-11-06;23;200
7;2025-11-07;0;79
7;2025-11-07;1;15
7;2025-11-07;2;0
7;2025-11-07;3;0
7;2025-11-07;4;2
7;2025-11-07;5;178
7;2025-11-07;6;608
7;2025-11-07;7;1525
7;2025-11-07;8;2310
7;2025-11-07;9;1716
7;2025-11-07;10;1758
7;2025-11-07;11;1611
7;2025-11-07;12;1698
7;2025-11-07;13;1718
7;2025-11-07;14;1772
7;2025-11-07;15;1922
7;2025-11-07;16;2146
7;2025-11-07;17;2367
7;2025-11-07;18;2038
7;2025-11-07;19;1388
7;2025-11-07;20;1002
7;2025-11-07;21;604
7;2025-11-07;22;333
7;2025-11-07;23;253
7;2025-11-08;0;134
7;2025-11-08;1;30
7;2025-11-08;2;0
7;2025-11-08;3;0
7;2025-11-08;4;1
7;2025-11-08;5;54
7;2025-11-08;6;294
7;2025-11-08;7;328
7;2025-11-08;8;781
7;2025-11-08;9;630
7;2025-11-08;10;700
7;2025-11-08;11;742
7;2025-11-08;12;1033
7;2025-11-08;13;971
7;2025-11-08;14;928
7;2025-11-08;15;911
7;2025-11-08;16;910
7;2025-11-08;17;896
7;2025-11-08;18;841
7;2025-11-08;19;666
7;2025-11-08;20;590
7;2025-11-08;21;413
7;2025-11-08;22;232
7;2025-11-08;23;188
7;2025-11-09;0;103
7;2025-11-09;1;24
7;2025-11-09;2;0
7;2025-11-09;3;0
7;2025-11-09;4;1
7;2025-11-09;5;30
7;2025-11-09;6;129
7;2025-11-09;7;174
7;2025-11-09;8;390
7;2025-11-09;9;517
7;2025-11-09;10;400
7;2025-11-09;11;595
7;2025-11-09;12;643
7;2025-11-09;13;639
7;2025-11-09;14;668
7;2025-11-09;15;723
7;2025-11-09;16;623
7;2025-11-09;17;633
7;2025-11-09;18;657
7;2025-11-09;19;487
7;2025-11-09;20;402
7;2025-11-09;21;295
7;2025-11-09;22;153
7;2025-11-09;23;122
7;2025-11-10;0;60
7;2025-11-10;1;12
7;2025-11-10;2;0
7;2025-11-10;3;0
7;2025-11-10;4;1
7;2025-11-10;5;190
7;2025-11-10;6;605
7;2025-11-10;7;1645
7;2025-11-10;8;2552
7;2025-11-10;9;1899
7;2025-11-10;10;1706
7;2025-11-10;11;1600
7;2025-11-10;12;1728
7;2025-11-10;13;1608
7;2025-11-10;14;1661
7;2025-11-10;15;1804
7;2025-11-10;16;1884
7;2025-11-10;17;2444
7;2025-11-10;18;2657
7;2025-11-10;19;1717
7;2025-11-10;20;1098
7;2025-11-10;21;650
7;2025-11-10;22;310
7;2025-11-10;23;200
7;2025-11-11;0;60
7;2025-11-11;1;12
7;2025-11-11;2;0
7;2025-11-11;3;0
7;2025-11-11;4;1
7;2025-11-11;5;190
7;2025-11-11;6;605
7;2025-11-11;7;1645
7;2025-11-11;8;2552
7;2025-11-11;9;1899
7;2025-11-11;10;1706
7;2025-11-11;11;1600
7;2025-11-11;12;1728
7;2025-11-11;13;1608
7;2025-11-11;14;1661
7;2025-11-11;15;1804
7;2025-11-11;16;1884
7;2025-11-11;17;2444
7;2025-11-11;18;2657
7;2025-11-11;19;1717
7;2025-11-11;20;1098
7;2025-11-11;21;650
7;2025-11-11;22;310
7;2025-11-11;23;200
7;2025-11-12;0;60
7;2025-11-12;1;12
7;2025-11-12;2;0
7;2025-11-12;3;0
7;2025-11-12;4;1
7;2025-11-12;5;190
7;2025-11-12;6;605
7;2025-11-12;7;1645
7;2025-11-12;8;2552
7;2025-11-12;9;1899
7;2025-11-12;10;1706
7;2025-11-12;11;1600
7;2025-11-12;12;1728
7;2025-11-12;13;1608
7;2025-11-12;14;1661
7;2025-11-12;15;1804
7;2025-11-12;16;1884
7;2025-11-12;17;2444
7;2025-11-12;18;2657
7;2025-11-12;19;1717
7;2025-11-12;20;1098
7;2025-11-12;21;650
7;2025-11-12;22;310
7;2025-11-12;23;200
7;2025-11-13;0;60
7;2025-11-13;1;12
7;2025-11-13;2;0
7;2025-11-13;3;0
7;2025-11-13;4;1
7;2025-11-13;5;190
7;2025-11-13;6;605
7;2025-11-13;7;1645
7;2025-11-13;8;2552
7;2025-11-13;9;1899
7;2025-11-13;10;1706
7;2025-11-13;11;1600
7;2025-11-13;12;1728
7;2025-11-13;13;1608
7;2025-11-13;14;1661
7;2025-11-13;15;1804
7;2025-11-13;16;1884
7;2025-11-13;17;2444
7;2025-11-13;18;2657
7;2025-11-13;19;1717
7;2025-11-13;20;1098
7;2025-11-13;21;650
7;2025-11-13;22;310
7;2025-11-13;23;200
7;2025-11-14;0;79
7;2025-11-14;1;15
7;2025-11-14;2;0
7;2025-11-14;3;0
7;2025-11-14;4;2
7;2025-11-14;5;178
7;2025-11-14;6;608
7;2025-11-14;7;1525
7;2025-11-14;8;2310
7;2025-11-14;9;1716
7;2025-11-14;10;1758
7;2025-11-14;11;1611
7;2025-11-14;12;1698
7;2025-11-14;13;1718
7;2025-11-14;14;1772
7;2025-11-14;15;1922
7;2025-11-14;16;2146
7;2025-11-14;17;2367
7;2025-11-14;18;2038
7;2025-11-14;19;1388
7;2025-11-14;20;1002
7;2025-11-14;21;604
7;2025-11-14;22;333
7;2025-11-14;23;253
7;2025-11-15;0;134
7;2025-11-15;1;30
7;2025-11-15;2;0
7;2025-11-15;3;0
7;2025-11-15;4;1
7;2025-11-15;5;54
7;2025-11-15;6;294
7;2025-11-15;7;328
7;2025-11-15;8;781
7;2025-11-15;9;630
7;2025-11-15;10;700
7;2025-11-15;11;742
7;2025-11-15;12;1033
7;2025-11-15;13;971
7;2025-11-15;14;928
7;2025-11-15;15;911
7;2025-11-15;16;910
7;2025-11-15;17;896
7;2025-11-15;18;841
7;2025-11-15;19;666
7;2025-11-15;20;590
7;2025-11-15;21;413
7;2025-11-15;22;232
7;2025-11-15;23;188
7;2025-11-16;0;103
7;2025-11-16;1;24
7;2025-11-16;2;0
7;2025-11-16;3;0
7;2025-11-16;4;1
7;2025-11-16;5;30
7;2025-11-16;6;129
7;2025-11-16;7;174
7;2025-11-16;8;390
7;2025-11-16;9;517
7;2025-11-16;10;400
7;2025-11-16;11;595
7;2025-11-16;12;643
7;2025-11-16;13;639
7;2025-11-16;14;668
7;2025-11-16;15;723
7;2025-11-16;16;623
7;2025-11-16;17;633
7;2025-11-16;18;657
7;2025-11-16;19;487
7;2025-11-16;20;402
7;2025-11-16;21;295
7;2025-11-16;22;153
7;2025-11-16;23;122
7;2025-11-17;0;60
7;2025-11-17;1;12
7;2025-11-17;2;0
7;2025-11-17;3;0
7;2025-11-17;4;1
7;2025-11-17;5;190
7;2025-11-17;6;605
7;2025-11-17;7;1645
7;2025-11-17;8;2552
7;2025-11-17;9;1899
7;2025-11-17;10;1706
7;2025-11-17;11;1600
7;2025-11-17;12;1728
7;2025-11-17;13;1608
7;2025-11-17;14;1661
7;2025-11-17;15;1804
7;2025-11-17;16;1884
7;2025-11-17;17;2444
7;2025-11-17;18;2657
7;2025-11-17;19;1717
7;2025-11-17;20;1098
7;2025-11-17;21;650
7;2025-11-17;22;310
7;2025-11-17;23;200
7;2025-11-18;0;60
7;2025-11-18;1;12
7;2025-11-18;2;0
7;2025-11-18;3;0
7;2025-11-18;4;1
7;2025-11-18;5;190
7;2025-11-18;6;605
7;2025-11-18;7;1645
7;2025-11-18;8;2552
7;2025-11-18;9;1899
7;2025-11-18;10;1706
7;2025-11-18;11;1600
7;2025-11-18;12;1728
7;2025-11-18;13;1608
7;2025-11-18;14;1661
7;2025-11-18;15;1804
7;2025-11-18;16;1884
7;2025-11-18;17;2444
7;2025-11-18;18;2657
7;2025-11-18;19;1717
7;2025-11-18;20;1098
7;2025-11-18;21;650
7;2025-11-18;22;310
7;2025-11-18;23;200
7;2025-11-19;0;60
7;2025-11-19;1;12
7;2025-11-19;2;0
7;2025-11-19;3;0
7;2025-11-19;4;1
7;2025-11-19;5;190
7;2025-11-19;6;605
7;2025-11-19;7;1645
7;2025-11-19;8;2552
7;2025-11-19;9;1899
7;2025-11-19;10;1706
7;2025-11-19;11;1600
7;2025-11-19;12;1728
7;2025-11-19;13;1608
7;2025-11-19;14;1661
7;2025-11-19;15;1804
7;2025-11-19;16;1884
7;2025-11-19;17;2444
7;2025-11-19;18;2657
7;2025-11-19;19;1717
7;2025-11-19;20;1098
7;2025-11-19;21;650
7;2025-11-19;22;310
7;2025-11-19;23;200
7;2025-11-20;0;60
7;2025-11-20;1;12
7;2025-11-20;2;0
7;2025-11-20;3;0
7;2025-11-20;4;1
7;2025-11-20;5;190
7;2025-11-20;6;605
7;2025-11-20;7;1645
7;2025-11-20;8;2552
7;2025-11-20;9;1899
7;2025-11-20;10;1706
7;2025-11-20;11;1600
7;2025-11-20;12;1728
7;2025-11-20;13;1608
7;2025-11-20;14;1661
7;2025-11-20;15;1804
7;2025-11-20;16;1884
7;2025-11-20;17;2444
7;2025-11-20;18;2657
7;2025-11-20;19;1717
7;2025-11-20;20;1098
7;2025-11-20;21;650
7;2025-11-20;22;310
7;2025-11-20;23;200
7;2025-11-21;0;79
7;2025-11-21;1;15
7;2025-11-21;2;0
7;2025-11-21;3;0
7;2025-11-21;4;2
7;2025-11-21;5;178
7;2025-11-21;6;608
7;2025-11-21;7;1525
7;2025-11-21;8;2310
7;2025-11-21;9;1716
7;2025-11-21;10;1758
7;2025-11-21;11;1611
7;2025-11-21;12;1698
7;2025-11-21;13;1718
7;2025-11-21;14;1772
7;2025-11-21;15;1922
7;2025-11-21;16;2146
7;2025-11-21;17;2367
7;2025-11-21;18;2038
7;2025-11-21;19;1388
7;2025-11-21;20;1002
7;2025-11-21;21;604
7;2025-11-21;22;333
7;2025-11-21;23;253
7;2025-11-22;0;134
7;2025-11-22;1;30
7;2025-11-22;2;0
7;2025-11-22;3;0
7;2025-11-22;4;1
7;2025-11-22;5;54
7;2025-11-22;6;294
7;2025-11-22;7;328
7;2025-11-22;8;781
7;2025-11-22;9;630
7;2025-11-22;10;700
7;2025-11-22;11;742
7;2025-11-22;12;1033
7;2025-11-22;13;971
7;2025-11-22;14;928
7;2025-11-22;15;911
7;2025-11-22;16;910
7;2025-11-22;17;896
7;2025-11-22;18;841
7;2025-11-22;19;666
7;2025-11-22;20;590
7;2025-11-22;21;413
7;2025-11-22;22;232
7;2025-11-22;23;188
7;2025-11-23;0;103
7;2025-11-23;1;24
7;2025-11-23;2;0
7;2025-11-23;3;0
7;2025-11-23;4;1
7;2025-11-23;5;30
7;2025-11-23;6;129
7;2025-11-23;7;174
7;2025-11-23;8;390
7;2025-11-23;9;517
7;2025-11-23;10;400
7;2025-11-23;11;595
7;2025-11-23;12;643
7;2025-11-23;13;639
7;2025-11-23;14;668
7;2025-11-23;15;723
7;2025-11-23;16;623
7;2025-11-23;17;633
7;2025-11-23;18;657
7;2025-11-23;19;487
7;2025-11-23;20;402
7;2025-11-23;21;295
7;2025-11-23;22;153
7;2025-11-23;23;122
7;2025-11-24;0;60
7;2025-11-24;1;12
7;2025-11-24;2;0
7;2025-11-24;3;0
7;2025-11-24;4;1
7;2025-11-24;5;190
7;2025-11-24;6;605
7;2025-11-24;7;1645
7;2025-11-24;8;2552
7;2025-11-24;9;1899
7;2025-11-24;10;1706
7;2025-11-24;11;1600
7;2025-11-24;12;1728
7;2025-11-24;13;1608
7;2025-11-24;14;1661
7;2025-11-24;15;1804
7;2025-11-24;16;1884
7;2025-11-24;17;2444
7;2025-11-24;18;2657
7;2025-11-24;19;1717
7;2025-11-24;20;1098
7;2025-11-24;21;650
7;2025-11-24;22;310
7;2025-11-24;23;200
7;2025-11-25;0;60
7;2025-11-25;1;12
7;2025-11-25;2;0
7;2025-11-25;3;0
7;2025-11-25;4;1
7;2025-11-25;5;190
7;2025-11-25;6;605
7;2025-11-25;7;1645
7;2025-11-25;8;2552
7;2025-11-25;9;1899
7;2025-11-25;10;1706
7;2025-11-25;11;1600
7;2025-11-25;12;1728
7;2025-11-25;13;1608
7;2025-11-25;14;1661
7;2025-11-25;15;1804
7;2025-11-25;16;1884
7;2025-11-25;17;2444
7;2025-11-25;18;2657
7;2025-11-25;19;1717
7;2025-11-25;20;1098
7;2025-11-25;21;650
7;2025-11-25;22;310
7;2025-11-25;23;200
7;2025-11-26;0;60
7;2025-11-26;1;12
7;2025-11-26;2;0
7;2025-11-26;3;0
7;2025-11-26;4;1
7;2025-11-26;5;190
7;2025-11-26;6;605
7;2025-11-26;7;1645
7;2025-11-26;8;2552
7;2025-11-26;9;1899
7;2025-11-26;10;1706
7;2025-11-26;11;1600
7;2025-11-26;12;1728
7;2025-11-26;13;1608
7;2025-11-26;14;1661
7;2025-11-26;15;1804
7;2025-11-26;16;1884
7;2025-11-26;17;2444
7;2025-11-26;18;2657
7;2025-11-26;19;1717
7;2025-11-26;20;1098
7;2025-11-26;21;650
7;2025-11-26;22;310
7;2025-11-26;23;200
7;2025-11-27;0;60
7;2025-11-27;1;12
7;2025-11-27;2;0
7;2025-11-27;3;0
7;2025-11-27;4;1
7;2025-11-27;5;190
7;2025-11-27;6;605
7;2025-11-27;7;1645
7;2025-11-27;8;2552
7;2025-11-27;9;1899
7;2025-11-27;10;1706
7;2025-11-27;11;1600
7;2025-11-27;12;1728
7;2025-11-27;13;1608
7;2025-11-27;14;1661
7;2025-11-27;15;1804
7;2025-11-27;16;1884
7;2025-11-27;17;2444
7;2025-11-27;18;2657
7;2025-11-27;19;1717
7;2025-11-27;20;1098
7;2025-11-27;21;650
7;2025-11-27;22;310
7;2025-11-27;23;200
7;2025-11-28;0;79
7;2025-11-28;1;15
7;2025-11-28;2;0
7;2025-11-28;3;0
7;2025-11-28;4;2
7;2025-11-28;5;178
7;2025-11-28;6;608
7;2025-11-28;7;1525
7;2025-11-28;8;2310
7;2025-11-28;9;1716
7;2025-11-28;10;1758
7;2025-11-28;11;1611
7;2025-11-28;12;1698
7;2025-11-28;13;1718
7;2025-11-28;14;1772
7;2025-11-28;15;1922
7;2025-11-28;16;2146
7;2025-11-28;17;2367
7;2025-11-28;18;2038
7;2025-11-28;19;1388
7;2025-11-28;20;1002
7;2025-11-28;21;604
7;2025-11-28;22;333
7;2025-11-28;23;253
7;2025-11-29;0;134
7;2025-11-29;1;30
7;2025-11-29;2;0
7;2025-11-29;3;0
7;2025-11-29;4;1
7;2025-11-29;5;54
7;2025-11-29;6;294
7;2025-11-29;7;328
7;2025-11-29;8;781
7;2025-11-29;9;630
7;2025-11-29;10;700
7;2025-11-29;11;742
7;2025-11-29;12;1033
7;2025-11-29;13;971
7;2025-11-29;14;928
7;2025-11-29;15;911
7;2025-11-29;16;910
7;2025-11-29;17;896
7;2025-11-29;18;841
7;2025-11-29;19;666
7;2025-11-29;20;590
7;2025-11-29;21;413
7;2025-11-29;22;232
7;2025-11-29;23;188
7;2025-11-30;0;103
7;2025-11-30;1;24
7;2025-11-30;2;0
7;2025-11-30;3;0
7;2025-11-30;4;1
7;2025-11-30;5;30
7;2025-11-30;6;129
7;2025-11-30;7;174
7;2025-11-30;8;390
7;2025-11-30;9;517
7;2025-11-30;10;400
7;2025-11-30;11;595
7;2025-11-30;12;643
7;2025-11-30;13;639
7;2025-11-30;14;668
7;2025-11-30;15;723
7;2025-11-30;16;623
7;2025-11-30;17;633
7;2025-11-30;18;657
7;2025-11-30;19;487
7;2025-11-30;20;402
7;2025-11-30;21;295
7;2025-11-30;22;153
7;2025-11-30;23;122
7;2025-12-01;0;60
7;2025-12-01;1;12
7;2025-12-01;2;0
7;2025-12-01;3;0
7;2025-12-01;4;1
7;2025-12-01;5;190
7;2025-12-01;6;605
7;2025-12-01;7;1645
7;2025-12-01;8;2552
7;2025-12-01;9;1899
7;2025-12-01;10;1706
7;2025-12-01;11;1600
7;2025-12-01;12;1728
7;2025-12-01;13;1608
7;2025-12-01;14;1661
7;2025-12-01;15;1804
7;2025-12-01;16;1884
7;2025-12-01;17;2444
7;2025-12-01;18;2657
7;2025-12-01;19;1717
7;2025-12-01;20;1098
7;2025-12-01;21;650
7;2025-12-01;22;310
7;2025-12-01;23;200
7;2025-12-02;0;60
7;2025-12-02;1;12
7;2025-12-02;2;0
7;2025-12-02;3;0
7;2025-12-02;4;1
7;2025-12-02;5;190
7;2025-12-02;6;605
7;2025-12-02;7;1645
7;2025-12-02;8;2552
7;2025-12-02;9;1899
7;2025-12-02;10;1706
7;2025-12-02;11;1600
7;2025-12-02;12;1728
7;2025-12-02;13;1608
7;2025-12-02;14;1661
7;2025-12-02;15;1804
7;2025-12-02;16;1884
7;2025-12-02;17;2444
7;2025-12-02;18;2657
7;2025-12-02;19;1717
7;2025-12-02;20;1098
7;2025-12-02;21;650
7;2025-12-02;22;310
7;2025-12-02;23;200
7;2025-12-03;0;60
7;2025-12-03;1;12
7;2025-12-03;2;0
7;2025-12-03;3;0
7;2025-12-03;4;1
7;2025-12-03;5;190
7;2025-12-03;6;605
7;2025-12-03;7;1645
7;2025-12-03;8;2552
7;2025-12-03;9;1899
7;2025-12-03;10;1706
7;2025-12-03;11;1600
7;2025-12-03;12;1728
7;2025-12-03;13;1608
7;2025-12-03;14;1661
7;2025-12-03;15;1804
7;2025-12-03;16;1884
7;2025-12-03;17;2444
7;2025-12-03;18;2657
7;2025-12-03;19;1717
7;2025-12-03;20;1098
7;2025-12-03;21;650
7;2025-12-03;22;310
7;2025-12-03;23;200
7;2025-12-04;0;60
7;2025-12-04;1;12
7;2025-12-04;2;0
7;2025-12-04;3;0
7;2025-12-04;4;1
7;2025-12-04;5;190
7;2025-12-04;6;605
7;2025-12-04;7;1645
7;2025-12-04;8;2552
7;2025-12-04;9;1899
7;2025-12-04;10;1706
7;2025-12-04;11;1600
7;2025-12-04;12;1728
7;2025-12-04;13;1608
7;2025-12-04;14;1661
7;2025-12-04;15;1804
7;2025-12-04;16;1884
7;2025-12-04;17;2444
7;2025-12-04;18;2657
7;2025-12-04;19;1717
7;2025-12-04;20;1098
7;2025-12-04;21;650
7;2025-12-04;22;310
7;2025-12-04;23;200
7;2025-12-05;0;79
7;2025-12-05;1;15
7;2025-12-05;2;0
7;2025-12-05;3;0
7;2025-12-05;4;2
7;2025-12-05;5;178
7;2025-12-05;6;608
7;2025-12-05;7;1525
7;2025-12-05;8;2310
7;2025-12-05;9;1716
7;2025-12-05;10;1758
7;2025-12-05;11;1611
7;2025-12-05;12;1698
7;2025-12-05;13;1718
7;2025-12-05;14;1772
7;2025-12-05;15;1922
7;2025-12-05;16;2146
7;2025-12-05;17;2367
7;2025-12-05;18;2038
7;2025-12-05;19;1388
7;2025-12-05;20;1002
7;2025-12-05;21;604
7;2025-12-05;22;333
7;2025-12-05;23;253
7;2025-12-06;0;105
7;2025-12-06;1;23
7;2025-12-06;2;0
7;2025-12-06;3;0
7;2025-12-06;4;0
7;2025-12-06;5;60
7;2025-12-06;6;291
7;2025-12-06;7;472
7;2025-12-06;8;726
7;2025-12-06;9;873
7;2025-12-06;10;976
7;2025-12-06;11;1010
7;2025-12-06;12;1165
7;2025-12-06;13;1308
7;2025-12-06;14;1316
7;2025-12-06;15;1223
7;2025-12-06;16;1168
7;2025-12-06;17;1169
7;2025-12-06;18;1080
7;2025-12-06;19;1083
7;2025-12-06;20;811
7;2025-12-06;21;626
7;2025-12-06;22;366
7;2025-12-06;23;216
7;2025-12-07;0;91
7;2025-12-07;1;13
7;2025-12-07;2;0
7;2025-12-07;3;0
7;2025-12-07;4;1
7;2025-12-07;5;39
7;2025-12-07;6;207
7;2025-12-07;7;325
7;2025-12-07;8;530
7;2025-12-07;9;671
7;2025-12-07;10;774
7;2025-12-07;11;918
7;2025-12-07;12;1037
7;2025-12-07;13;1069
7;2025-12-07;14;1224
7;2025-12-07;15;1104
7;2025-12-07;16;913
7;2025-12-07;17;1039
7;2025-12-07;18;872
7;2025-12-07;19;845
7;2025-12-07;20;646
7;2025-12-07;21;510
7;2025-12-07;22;297
7;2025-12-07;23;167
7;2025-12-08;0;60
7;2025-12-08;1;12
7;2025-12-08;2;0
7;2025-12-08;3;0
7;2025-12-08;4;1
7;2025-12-08;5;190
7;2025-12-08;6;605
7;2025-12-08;7;1645
7;2025-12-08;8;2552
7;2025-12-08;9;1899
7;2025-12-08;10;1706
7;2025-12-08;11;1600
7;2025-12-08;12;1728
7;2025-12-08;13;1608
7;2025-12-08;14;1661
7;2025-12-08;15;1804
7;2025-12-08;16;1884
7;2025-12-08;17;2444
7;2025-12-08;18;2657
7;2025-12-08;19;1717
7;2025-12-08;20;1098
7;2025-12-08;21;650
7;2025-12-08;22;310
7;2025-12-08;23;200
7;2025-12-09;0;60
7;2025-12-09;1;12
7;2025-12-09;2;0
7;2025-12-09;3;0
7;2025-12-09;4;1
7;2025-12-09;5;190
7;2025-12-09;6;605
7;2025-12-09;7;1645
7;2025-12-09;8;2552
7;2025-12-09;9;1899
7;2025-12-09;10;1706
7;2025-12-09;11;1600
7;2025-12-09;12;1728
7;2025-12-09;13;1608
7;2025-12-09;14;1661
7;2025-12-09;15;1804
7;2025-12-09;16;1884
7;2025-12-09;17;2444
7;2025-12-09;18;2657
7;2025-12-09;19;1717
7;2025-12-09;20;1098
7;2025-12-09;21;650
7;2025-12-09;22;310
7;2025-12-09;23;200
7;2025-12-10;0;60
7;2025-12-10;1;12
7;2025-12-10;2;0
7;2025-12-10;3;0
7;2025-12-10;4;1
7;2025-12-10;5;190
7;2025-12-10;6;605
7;2025-12-10;7;1645
7;2025-12-10;8;2552
7;2025-12-10;9;1899
7;2025-12-10;10;1706
7;2025-12-10;11;1600
7;2025-12-10;12;1728
7;2025-12-10;13;1608
7;2025-12-10;14;1661
7;2025-12-10;15;1804
7;2025-12-10;16;1884
7;2025-12-10;17;2444
7;2025-12-10;18;2657
7;2025-12-10;19;1717
7;2025-12-10;20;1098
7;2025-12-10;21;650
7;2025-12-10;22;310
7;2025-12-10;23;200
7;2025-12-11;0;60
7;2025-12-11;1;12
7;2025-12-11;2;0
7;2025-12-11;3;0
7;2025-12-11;4;1
7;2025-12-11;5;190
7;2025-12-11;6;605
7;2025-12-11;7;1645
7;2025-12-11;8;2552
7;2025-12-11;9;1899
7;2025-12-11;10;1706
7;2025-12-11;11;1600
7;2025-12-11;12;1728
7;2025-12-11;13;1608
7;2025-12-11;14;1661
7;2025-12-11;15;1804
7;2025-12-11;16;1884
7;2025-12-11;17;2444
7;2025-12-11;18;2657
7;2025-12-11;19;1717
7;2025-12-11;20;1098
7;2025-12-11;21;650
7;2025-12-11;22;310
7;2025-12-11;23;200
7;2025-12-12;0;79
7;2025-12-12;1;15
7;2025-12-12;2;0
7;2025-12-12;3;0
7;2025-12-12;4;2
7;2025-12-12;5;178
7;2025-12-12;6;608
7;2025-12-12;7;1525
7;2025-12-12;8;2310
7;2025-12-12;9;1716
7;2025-12-12;10;1758
7;2025-12-12;11;1611
7;2025-12-12;12;1698
7;2025-12-12;13;1718
7;2025-12-12;14;1772
7;2025-12-12;15;1922
7;2025-12-12;16;2146
7;2025-12-12;17;2367
7;2025-12-12;18;2038
7;2025-12-12;19;1388
7;2025-12-12;20;1002
7;2025-12-12;21;604
7;2025-12-12;22;333
7;2025-12-12;23;253
7;2025-12-13;0;105
7;2025-12-13;1;23
7;2025-12-13;2;0
7;2025-12-13;3;0
7;2025-12-13;4;0
7;2025-12-13;5;60
7;2025-12-13;6;291
7;2025-12-13;7;472
7;2025-12-13;8;726
7;2025-12-13;9;873
7;2025-12-13;10;976
7;2025-12-13;11;1010
7;2025-12-13;12;1165
7;2025-12-13;13;1308
7;2025-12-13;14;1316
7;2025-12-13;15;1223
7;2025-12-13;16;1168
7;2025-12-13;17;1169
7;2025-12-13;18;1080
7;2025-12-13;19;1083
7;2025-12-13;20;811
7;2025-12-13;21;626
7;2025-12-13;22;366
7;2025-12-13;23;216
7;2025-12-14;0;91
7;2025-12-14;1;13
7;2025-12-14;2;0
7;2025-12-14;3;0
7;2025-12-14;4;1
7;2025-12-14;5;39
7;2025-12-14;6;207
7;2025-12-14;7;325
7;2025-12-14;8;530
7;2025-12-14;9;671
7;2025-12-14;10;774
7;2025-12-14;11;918
7;2025-12-14;12;1037
7;2025-12-14;13;1069
7;2025-12-14;14;1224
7;2025-12-14;15;1104
7;2025-12-14;16;913
7;2025-12-14;17;1039
7;2025-12-14;18;872
7;2025-12-14;19;845
7;2025-12-14;20;646
7;2025-12-14;21;510
7;2025-12-14;22;297
7;2025-12-14;23;167
7;2025-12-15;0;60
7;2025-12-15;1;12
7;2025-12-15;2;0
7;2025-12-15;3;0
7;2025-12-15;4;1
7;2025-12-15;5;190
7;2025-12-15;6;605
7;2025-12-15;7;1645
7;2025-12-15;8;2552
7;2025-12-15;9;1899
7;2025-12-15;10;1706
7;2025-12-15;11;1600
7;2025-12-15;12;1728
7;2025-12-15;13;1608
7;2025-12-15;14;1661
7;2025-12-15;15;1804
7;2025-12-15;16;1884
7;2025-12-15;17;2444
7;2025-12-15;18;2657
7;2025-12-15;19;1717
7;2025-12-15;20;1098
7;2025-12-15;21;650
7;2025-12-15;22;310
7;2025-12-15;23;200
7;2025-12-16;0;60
7;2025-12-16;1;12
7;2025-12-16;2;0
7;2025-12-16;3;0
7;2025-12-16;4;1
7;2025-12-16;5;190
7;2025-12-16;6;605
7;2025-12-16;7;1645
7;2025-12-16;8;2552
7;2025-12-16;9;1899
7;2025-12-16;10;1706
7;2025-12-16;11;1600
7;2025-12-16;12;1728
7;2025-12-16;13;1608
7;2025-12-16;14;1661
7;2025-12-16;15;1804
7;2025-12-16;16;1884
7;2025-12-16;17;2444
7;2025-12-16;18;2657
7;2025-12-16;19;1717
7;2025-12-16;20;1098
7;2025-12-16;21;650
7;2025-12-16;22;310
7;2025-12-16;23;200
7;2025-12-17;0;60
7;2025-12-17;1;12
7;2025-12-17;2;0
7;2025-12-17;3;0
7;2025-12-17;4;1
7;2025-12-17;5;190
7;2025-12-17;6;605
7;2025-12-17;7;1645
7;2025-12-17;8;2552
7;2025-12-17;9;1899
7;2025-12-17;10;1706
7;2025-12-17;11;1600
7;2025-12-17;12;1728
7;2025-12-17;13;1608
7;2025-12-17;14;1661
7;2025-12-17;15;1804
7;2025-12-17;16;1884
7;2025-12-17;17;2444
7;2025-12-17;18;2657
7;2025-12-17;19;1717
7;2025-12-17;20;1098
7;2025-12-17;21;650
7;2025-12-17;22;310
7;2025-12-17;23;200
7;2025-12-18;0;60
7;2025-12-18;1;12
7;2025-12-18;2;0
7;2025-12-18;3;0
7;2025-12-18;4;1
7;2025-12-18;5;190
7;2025-12-18;6;605
7;2025-12-18;7;1645
7;2025-12-18;8;2552
7;2025-12-18;9;1899
7;2025-12-18;10;1706
7;2025-12-18;11;1600
7;2025-12-18;12;1728
7;2025-12-18;13;1608
7;2025-12-18;14;1661
7;2025-12-18;15;1804
7;2025-12-18;16;1884
7;2025-12-18;17;2444
7;2025-12-18;18;2657
7;2025-12-18;19;1717
7;2025-12-18;20;1098
7;2025-12-18;21;650
7;2025-12-18;22;310
7;2025-12-18;23;200
7;2025-12-19;0;79
7;2025-12-19;1;15
7;2025-12-19;2;0
7;2025-12-19;3;0
7;2025-12-19;4;2
7;2025-12-19;5;178
7;2025-12-19;6;608
7;2025-12-19;7;1525
7;2025-12-19;8;2310
7;2025-12-19;9;1716
7;2025-12-19;10;1758
7;2025-12-19;11;1611
7;2025-12-19;12;1698
7;2025-12-19;13;1718
7;2025-12-19;14;1772
7;2025-12-19;15;1922
7;2025-12-19;16;2146
7;2025-12-19;17;2367
7;2025-12-19;18;2038
7;2025-12-19;19;1388
7;2025-12-19;20;1002
7;2025-12-19;21;604
7;2025-12-19;22;333
7;2025-12-19;23;253
7;2025-12-20;0;105
7;2025-12-20;1;23
7;2025-12-20;2;0
7;2025-12-20;3;0
7;2025-12-20;4;0
7;2025-12-20;5;60
7;2025-12-20;6;291
7;2025-12-20;7;472
7;2025-12-20;8;726
7;2025-12-20;9;873
7;2025-12-20;10;976
7;2025-12-20;11;1010
7;2025-12-20;12;1165
7;2025-12-20;13;1308
7;2025-12-20;14;1316
7;2025-12-20;15;1223
7;2025-12-20;16;1168
7;2025-12-20;17;1169
7;2025-12-20;18;1080
7;2025-12-20;19;1083
7;2025-12-20;20;811
7;2025-12-20;21;626
7;2025-12-20;22;366
7;2025-12-20;23;216
7;2025-12-21;0;91
7;2025-12-21;1;13
7;2025-12-21;2;0
7;2025-12-21;3;0
7;2025-12-21;4;1
7;2025-12-21;5;39
7;2025-12-21;6;207
7;2025-12-21;7;325
7;2025-12-21;8;530
7;2025-12-21;9;671
7;2025-12-21;10;774
7;2025-12-21;11;918
7;2025-12-21;12;1037
7;2025-12-21;13;1069
7;2025-12-21;14;1224
7;2025-12-21;15;1104
7;2025-12-21;16;913
7;2025-12-21;17;1039
7;2025-12-21;18;872
7;2025-12-21;19;845
7;2025-12-21;20;646
7;2025-12-21;21;510
7;2025-12-21;22;297
7;2025-12-21;23;167
7;2025-12-22;0;60
7;2025-12-22;1;12
7;2025-12-22;2;0
7;2025-12-22;3;0
7;2025-12-22;4;1
7;2025-12-22;5;190
7;2025-12-22;6;605
7;2025-12-22;7;1645
7;2025-12-22;8;2552
7;2025-12-22;9;1899
7;2025-12-22;10;1706
7;2025-12-22;11;1600
7;2025-12-22;12;1728
7;2025-12-22;13;1608
7;2025-12-22;14;1661
7;2025-12-22;15;1804
7;2025-12-22;16;1884
7;2025-12-22;17;2444
7;2025-12-22;18;2657
7;2025-12-22;19;1717
7;2025-12-22;20;1098
7;2025-12-22;21;650
7;2025-12-22;22;310
7;2025-12-22;23;200
7;2025-12-23;0;60
7;2025-12-23;1;12
7;2025-12-23;2;0
7;2025-12-23;3;0
7;2025-12-23;4;1
7;2025-12-23;5;190
7;2025-12-23;6;605
7;2025-12-23;7;1645
7;2025-12-23;8;2552
7;2025-12-23;9;1899
7;2025-12-23;10;1706
7;2025-12-23;11;1600
7;2025-12-23;12;1728
7;2025-12-23;13;1608
7;2025-12-23;14;1661
7;2025-12-23;15;1804
7;2025-12-23;16;1884
7;2025-12-23;17;2444
7;2025-12-23;18;2657
7;2025-12-23;19;1717
7;2025-12-23;20;1098
7;2025-12-23;21;650
7;2025-12-23;22;310
7;2025-12-23;23;200
7;2025-12-24;0;60
7;2025-12-24;1;12
7;2025-12-24;2;0
7;2025-12-24;3;0
7;2025-12-24;4;1
7;2025-12-24;5;190
7;2025-12-24;6;605
7;2025-12-24;7;1645
7;2025-12-24;8;2552
7;2025-12-24;9;1899
7;2025-12-24;10;1706
7;2025-12-24;11;1600
7;2025-12-24;12;1728
7;2025-12-24;13;1608
7;2025-12-24;14;1661
7;2025-12-24;15;1804
7;2025-12-24;16;1884
7;2025-12-24;17;2444
7;2025-12-24;18;2657
7;2025-12-24;19;1717
7;2025-12-24;20;1098
7;2025-12-24;21;650
7;2025-12-24;22;310
7;2025-12-24;23;200
7;2025-12-25;0;60
7;2025-12-25;1;12
7;2025-12-25;2;0
7;2025-12-25;3;0
7;2025-12-25;4;1
7;2025-12-25;5;190
7;2025-12-25;6;605
7;2025-12-25;7;1645
7;2025-12-25;8;2552
7;2025-12-25;9;1899
7;2025-12-25;10;1706
7;2025-12-25;11;1600
7;2025-12-25;12;1728
7;2025-12-25;13;1608
7;2025-12-25;14;1661
7;2025-12-25;15;1804
7;2025-12-25;16;1884
7;2025-12-25;17;2444
7;2025-12-25;18;2657
7;2025-12-25;19;1717
7;2025-12-25;20;1098
7;2025-12-25;21;650
7;2025-12-25;22;310
7;2025-12-25;23;200
7;2025-12-26;0;76
7;2025-12-26;1;14
7;2025-12-26;2;0
7;2025-12-26;3;0
7;2025-12-26;4;2
7;2025-12-26;5;171
7;2025-12-26;6;585
7;2025-12-26;7;1466
7;2025-12-26;8;2221
7;2025-12-26;9;1650
7;2025-12-26;10;1690
7;2025-12-26;11;1549
7;2025-12-26;12;1633
7;2025-12-26;13;1652
7;2025-12-26;14;1704
7;2025-12-26;15;1848
7;2025-12-26;16;2063
7;2025-12-26;17;2276
7;2025-12-26;18;1960
7;2025-12-26;19;1335
7;2025-12-26;20;963
7;2025-12-26;21;581
7;2025-12-26;22;320
7;2025-12-26;23;243
7;2025-12-27;0;105
7;2025-12-27;1;23
7;2025-12-27;2;0
7;2025-12-27;3;0
7;2025-12-27;4;0
7;2025-12-27;5;60
7;2025-12-27;6;291
7;2025-12-27;7;472
7;2025-12-27;8;726
7;2025-12-27;9;873
7;2025-12-27;10;976
7;2025-12-27;11;1010
7;2025-12-27;12;1165
7;2025-12-27;13;1308
7;2025-12-27;14;1316
7;2025-12-27;15;1223
7;2025-12-27;16;1168
7;2025-12-27;17;1169
7;2025-12-27;18;1080
7;2025-12-27;19;1083
7;2025-12-27;20;811
7;2025-12-27;21;626
7;2025-12-27;22;366
7;2025-12-27;23;216
7;2025-12-28;0;91
7;2025-12-28;1;13
7;2025-12-28;2;0
7;2025-12-28;3;0
7;2025-12-28;4;1
7;2025-12-28;5;39
7;2025-12-28;6;207
7;2025-12-28;7;325
7;2025-12-28;8;530
7;2025-12-28;9;671
7;2025-12-28;10;774
7;2025-12-28;11;918
7;2025-12-28;12;1037
7;2025-12-28;13;1069
7;2025-12-28;14;1224
7;2025-12-28;15;1104
7;2025-12-28;16;913
7;2025-12-28;17;1039
7;2025-12-28;18;872
7;2025-12-28;19;845
7;2025-12-28;20;646
7;2025-12-28;21;510
7;2025-12-28;22;297
7;2025-12-28;23;167
7;2025-12-29;0;51
7;2025-12-29;1;11
7;2025-12-29;2;0
7;2025-12-29;3;0
7;2025-12-29;4;1
7;2025-12-29;5;161
7;2025-12-29;6;512
7;2025-12-29;7;1392
7;2025-12-29;8;2160
7;2025-12-29;9;1607
7;2025-12-29;10;1443
7;2025-12-29;11;1353
7;2025-12-29;12;1463
7;2025-12-29;13;1361
7;2025-12-29;14;1405
7;2025-12-29;15;1527
7;2025-12-29;16;1594
7;2025-12-29;17;2068
7;2025-12-29;18;2249
7;2025-12-29;19;1453
7;2025-12-29;20;929
7;2025-12-29;21;550
7;2025-12-29;22;263
7;2025-12-29;23;169
7;2025-12-30;0;51
7;2025-12-30;1;11
7;2025-12-30;2;0
7;2025-12-30;3;0
7;2025-12-30;4;1
7;2025-12-30;5;161
7;2025-12-30;6;512
7;2025-12-30;7;1392
7;2025-12-30;8;2160
7;2025-12-30;9;1607
7;2025-12-30;10;1443
7;2025-12-30;11;1353
7;2025-12-30;12;1463
7;2025-12-30;13;1361
7;2025-12-30;14;1405
7;2025-12-30;15;1527
7;2025-12-30;16;1594
7;2025-12-30;17;2068
7;2025-12-30;18;2249
7;2025-12-30;19;1453
7;2025-12-30;20;929
7;2025-12-30;21;550
7;2025-12-30;22;263
7;2025-12-30;23;169
7;2025-12-31;0;103
7;2025-12-31;1;23
7;2025-12-31;2;0
7;2025-12-31;3;0
7;2025-12-31;4;1
7;2025-12-31;5;42
7;2025-12-31;6;226
7;2025-12-31;7;252
7;2025-12-31;8;601
7;2025-12-31;9;485
7;2025-12-31;10;538
7;2025-12-31;11;571
7;2025-12-31;12;795
7;2025-12-31;13;747
7;2025-12-31;14;714
7;2025-12-31;15;700
7;2025-12-31;16;700
7;2025-12-31;17;689
7;2025-12-31;18;647
7;2025-12-31;19;512
7;2025-12-31;20;0
7;2025-12-31;21;0
7;2025-12-31;22;0
7;2025-12-31;23;0
11;2025-11-01;0;108
11;2025-11-01;1;0
11;2025-11-01;2;0
11;2025-11-01;3;0
11;2025-11-01;4;0
11;2025-11-01;5;197
11;2025-11-01;6;1001
11;2025-11-01;7;1868
11;2025-11-01;8;2533
11;2025-11-01;9;1712
11;2025-11-01;10;1421
11;2025-11-01;11;1343
11;2025-11-01;12;1460
11;2025-11-01;13;1434
11;2025-11-01;14;1596
11;2025-11-01;15;1584
11;2025-11-01;16;1758
11;2025-11-01;17;2227
11;2025-11-01;18;1861
11;2025-11-01;19;1394
11;2025-11-01;20;1013
11;2025-11-01;21;632
11;2025-11-01;22;285
11;2025-11-01;23;257
11;2025-11-02;0;104
11;2025-11-02;1;14
11;2025-11-02;2;0
11;2025-11-02;3;0
11;2025-11-02;4;0
11;2025-11-02;5;99
11;2025-11-02;6;456
11;2025-11-02;7;452
11;2025-11-02;8;635
11;2025-11-02;9;863
11;2025-11-02;10;955
11;2025-11-02;11;1401
11;2025-11-02;12;1470
11;2025-11-02;13;1420
11;2025-11-02;14;1520
11;2025-11-02;15;1491
11;2025-11-02;16;1406
11;2025-11-02;17;1563
11;2025-11-02;18;1150
11;2025-11-02;19;918
11;2025-11-02;20;708
11;2025-11-02;21;542
11;2025-11-02;22;317
11;2025-11-02;23;220
11;2025-11-03;0;104
11;2025-11-03;1;14
11;2025-11-03;2;0
11;2025-11-03;3;0
11;2025-11-03;4;0
11;2025-11-03;5;99
11;2025-11-03;6;456
11;2025-11-03;7;452
11;2025-11-03;8;635
11;2025-11-03;9;863
11;2025-11-03;10;955
11;2025-11-03;11;1401
11;2025-11-03;12;1470
11;2025-11-03;13;1420
11;2025-11-03;14;1520
11;2025-11-03;15;1491
11;2025-11-03;16;1406
11;2025-11-03;17;1563
11;2025-11-03;18;1150
11;2025-11-03;19;918
11;2025-11-03;20;708
11;2025-11-03;21;542
11;2025-11-03;22;317
11;2025-11-03;23;220
11;2025-11-04;0;104
11;2025-11-04;1;14
11;2025-11-04;2;0
11;2025-11-04;3;0
11;2025-11-04;4;0
11;2025-11-04;5;99
11;2025-11-04;6;456
11;2025-11-04;7;452
11;2025-11-04;8;635
11;2025-11-04;9;863
11;2025-11-04;10;955
11;2025-11-04;11;1401
11;2025-11-04;12;1470
11;2025-11-04;13;1420
11;2025-11-04;14;1520
11;2025-11-04;15;1491
11;2025-11-04;16;1406
11;2025-11-04;17;1563
11;2025-11-04;18;1150
11;2025-11-04;19;918
11;2025-11-04;20;708
11;2025-11-04;21;542
11;2025-11-04;22;317
11;2025-11-04;23;220
11;2025-11-05;0;63
11;2025-11-05;1;3
11;2025-11-05;2;0
11;2025-11-05;3;0
11;2025-11-05;4;0
11;2025-11-05;5;255
11;2025-11-05;6;1370
11;2025-11-05;7;2577
11;2025-11-05;8;3357
11;2025-11-05;9;2529
11;2025-11-05;10;2104
11;2025-11-05;11;1973
11;2025-11-05;12;2026
11;2025-11-05;13;2152
11;2025-11-05;14;2126
11;2025-11-05;15;2021
11;2025-11-05;16;2269
11;2025-11-05;17;2862
11;2025-11-05;18;3204
11;2025-11-05;19;2294
11;2025-11-05;20;1430
11;2025-11-05;21;829
11;2025-11-05;22;383
11;2025-11-05;23;245
11;2025-11-06;0;63
11;2025-11-06;1;3
11;2025-11-06;2;0
11;2025-11-06;3;0
11;2025-11-06;4;0
11;2025-11-06;5;255
11;2025-11-06;6;1370
11;2025-11-06;7;2577
11;2025-11-06;8;3357
11;2025-11-06;9;2529
11;2025-11-06;10;2104
11;2025-11-06;11;1973
11;2025-11-06;12;2026
11;2025-11-06;13;2152
11;2025-11-06;14;2126
11;2025-11-06;15;2021
11;2025-11-06;16;2269
11;2025-11-06;17;2862
11;2025-11-06;18;3204
11;2025-11-06;19;2294
11;2025-11-06;20;1430
11;2025-11-06;21;829
11;2025-11-06;22;383
11;2025-11-06;23;245
11;2025-11-07;0;69
11;2025-11-07;1;2
11;2025-11-07;2;0
11;2025-11-07;3;0
11;2025-11-07;4;0
11;2025-11-07;5;256
11;2025-11-07;6;1301
11;2025-11-07;7;2428
11;2025-11-07;8;3293
11;2025-11-07;9;2226
11;2025-11-07;10;1847
11;2025-11-07;11;1746
11;2025-11-07;12;1898
11;2025-11-07;13;1865
11;2025-11-07;14;2075
11;2025-11-07;15;2059
11;2025-11-07;16;2285
11;2025-11-07;17;2895
11;2025-11-07;18;2419
11;2025-11-07;19;1812
11;2025-11-07;20;1318
11;2025-11-07;21;822
11;2025-11-07;22;371
11;2025-11-07;23;334
11;2025-11-08;0;109
11;2025-11-08;1;1
11;2025-11-08;2;0
11;2025-11-08;3;0
11;2025-11-08;4;0
11;2025-11-08;5;171
11;2025-11-08;6;849
11;2025-11-08;7;771
11;2025-11-08;8;1059
11;2025-11-08;9;1185
11;2025-11-08;10;1414
11;2025-11-08;11;1743
11;2025-11-08;12;1987
11;2025-11-08;13;1848
11;2025-11-08;14;2095
11;2025-11-08;15;1940
11;2025-11-08;16;1818
11;2025-11-08;17;1925
11;2025-11-08;18;1528
11;2025-11-08;19;1487
11;2025-11-08;20;994
11;2025-11-08;21;721
11;2025-11-08;22;421
11;2025-11-08;23;282
11;2025-11-09;0;108
11;2025-11-09;1;15
11;2025-11-09;2;0
11;2025-11-09;3;0
11;2025-11-09;4;0
11;2025-11-09;5;103
11;2025-11-09;6;474
11;2025-11-09;7;470
11;2025-11-09;8;660
11;2025-11-09;9;898
11;2025-11-09;10;993
11;2025-11-09;11;1457
11;2025-11-09;12;1529
11;2025-11-09;13;1477
11;2025-11-09;14;1581
11;2025-11-09;15;1551
11;2025-11-09;16;1462
11;2025-11-09;17;1626
11;2025-11-09;18;1196
11;2025-11-09;19;955
11;2025-11-09;20;736
11;2025-11-09;21;564
11;2025-11-09;22;330
11;2025-11-09;23;229
11;2025-11-10;0;63
11;2025-11-10;1;3
11;2025-11-10;2;0
11;2025-11-10;3;0
11;2025-11-10;4;0
11;2025-11-10;5;255
11;2025-11-10;6;1370
11;2025-11-10;7;2577
11;2025-11-10;8;3357
11;2025-11-10;9;2529
11;2025-11-10;10;2104
11;2025-11-10;11;1973
11;2025-11-10;12;2026
11;2025-11-10;13;2152
11;2025-11-10;14;2126
11;2025-11-10;15;2021
11;2025-11-10;16;2269
11;2025-11-10;17;2862
11;2025-11-10;18;3204
11;2025-11-10;19;2294
11;2025-11-10;20;1430
11;2025-11-10;21;829
11;2025-11-10;22;383
11;2025-11-10;23;245
11;2025-11-11;0;63
11;2025-11-11;1;3
11;2025-11-11;2;0
11;2025-11-11;3;0
11;2025-11-11;4;0
11;2025-11-11;5;255
11;2025-11-11;6;1370
11;2025-11-11;7;2577
11;2025-11-11;8;3357
11;2025-11-11;9;2529
11;2025-11-11;10;2104
11;2025-11-11;11;1973
11;2025-11-11;12;2026
11;2025-11-11;13;2152
11;2025-11-11;14;2126
11;2025-11-11;15;2021
11;2025-11-11;16;2269
11;2025-11-11;17;2862
11;2025-11-11;18;3204
11;2025-11-11;19;2294
11;2025-11-11;20;1430
11;2025-11-11;21;829
11;2025-11-11;22;383
11;2025-11-11;23;245
11;2025-11-12;0;63
11;2025-11-12;1;3
11;2025-11-12;2;0
11;2025-11-12;3;0
11;2025-11-12;4;0
11;2025-11-12;5;255
11;2025-11-12;6;1370
11;2025-11-12;7;2577
11;2025-11-12;8;3357
11;2025-11-12;9;2529
11;2025-11-12;10;2104
11;2025-11-12;11;1973
11;2025-11-12;12;2026
11;2025-11-12;13;2152
11;2025-11-12;14;2126
11;2025-11-12;15;2021
11;2025-11-12;16;2269
11;2025-11-12;17;2862
11;2025-11-12;18;3204
11;2025-11-12;19;2294
11;2025-11-12;20;1430
11;2025-11-12;21;829
11;2025-11-12;22;383
11;2025-11-12;23;245
11;2025-11-13;0;63
11;2025-11-13;1;3
11;2025-11-13;2;0
11;2025-11-13;3;0
11;2025-11-13;4;0
11;2025-11-13;5;255
11;2025-11-13;6;1370
11;2025-11-13;7;2577
11;2025-11-13;8;3357
11;2025-11-13;9;2529
11;2025-11-13;10;2104
11;2025-11-13;11;1973
11;2025-11-13;12;2026
11;2025-11-13;13;2152
11;2025-11-13;14;2126
11;2025-11-13;15;2021
11;2025-11-13;16;2269
11;2025-11-13;17;2862
11;2025-11-13;18;3204
11;2025-11-13;19;2294
11;2025-11-13;20;1430
11;2025-11-13;21;829
11;2025-11-13;22;383
11;2025-11-13;23;245
11;2025-11-14;0;69
11;2025-11-14;1;2
11;2025-11-14;2;0
11;2025-11-14;3;0
11;2025-11-14;4;0
11;2025-11-14;5;256
11;2025-11-14;6;1301
11;2025-11-14;7;2428
11;2025-11-14;8;3293
11;2025-11-14;9;2226
11;2025-11-14;10;1847
11;2025-11-14;11;1746
11;2025-11-14;12;1898
11;2025-11-14;13;1865
11;2025-11-14;14;2075
11;2025-11-14;15;2059
11;2025-11-14;16;2285
11;2025-11-14;17;2895
11;2025-11-14;18;2419
11;2025-11-14;19;1812
11;2025-11-14;20;1318
11;2025-11-14;21;822
11;2025-11-14;22;371
11;2025-11-14;23;334
11;2025-11-15;0;109
11;2025-11-15;1;1
11;2025-11-15;2;0
11;2025-11-15;3;0
11;2025-11-15;4;0
11;2025-11-15;5;171
11;2025-11-15;6;849
11;2025-11-15;7;771
11;2025-11-15;8;1059
11;2025-11-15;9;1185
11;2025-11-15;10;1414
11;2025-11-15;11;1743
11;2025-11-15;12;1987
11;2025-11-15;13;1848
11;2025-11-15;14;2095
11;2025-11-15;15;1940
11;2025-11-15;16;1818
11;2025-11-15;17;1925
11;2025-11-15;18;1528
11;2025-11-15;19;1487
11;2025-11-15;20;994
11;2025-11-15;21;721
11;2025-11-15;22;421
11;2025-11-15;23;282
11;2025-11-16;0;108
11;2025-11-16;1;15
11;2025-11-16;2;0
11;2025-11-16;3;0
11;2025-11-16;4;0
11;2025-11-16;5;103
11;2025-11-16;6;474
11;2025-11-16;7;470
11;2025-11-16;8;660
11;2025-11-16;9;898
11;2025-11-16;10;993
11;2025-11-16;11;1457
11;2025-11-16;12;1529
11;2025-11-16;13;1477
11;2025-11-16;14;1581
11;2025-11-16;15;1551
11;2025-11-16;16;1462
11;2025-11-16;17;1626
11;2025-11-16;18;1196
11;2025-11-16;19;955
11;2025-11-16;20;736
11;2025-11-16;21;564
11;2025-11-16;22;330
11;2025-11-16;23;229
11;2025-11-17;0;63
11;2025-11-17;1;3
11;2025-11-17;2;0
11;2025-11-17;3;0
11;2025-11-17;4;0
11;2025-11-17;5;255
11;2025-11-17;6;1370
11;2025-11-17;7;2577
11;2025-11-17;8;3357
11;2025-11-17;9;2529
11;2025-11-17;10;2104
11;2025-11-17;11;1973
11;2025-11-17;12;2026
11;2025-11-17;13;2152
11;2025-11-17;14;2126
11;2025-11-17;15;2021
11;2025-11-17;16;2269
11;2025-11-17;17;2862
11;2025-11-17;18;3204
11;2025-11-17;19;2294
11;2025-11-17;20;1430
11;2025-11-17;21;829
11;2025-11-17;22;383
11;2025-11-17;23;245
11;2025-11-18;0;63
11;2025-11-18;1;3
11;2025-11-18;2;0
11;2025-11-18;3;0
11;2025-11-18;4;0
11;2025-11-18;5;255
11;2025-11-18;6;1370
11;2025-11-18;7;2577
11;2025-11-18;8;3357
11;2025-11-18;9;2529
11;2025-11-18;10;2104
11;2025-11-18;11;1973
11;2025-11-18;12;2026
11;2025-11-18;13;2152
11;2025-11-18;14;2126
11;2025-11-18;15;2021
11;2025-11-18;16;2269
11;2025-11-18;17;2862
11;2025-11-18;18;3204
11;2025-11-18;19;2294
11;2025-11-18;20;1430
11;2025-11-18;21;829
11;2025-11-18;22;383
11;2025-11-18;23;245
11;2025-11-19;0;63
11;2025-11-19;1;3
11;2025-11-19;2;0
11;2025-11-19;3;0
11;2025-11-19;4;0
11;2025-11-19;5;255
11;2025-11-19;6;1370
11;2025-11-19;7;2577
11;2025-11-19;8;3357
11;2025-11-19;9;2529
11;2025-11-19;10;2104
11;2025-11-19;11;1973
11;2025-11-19;12;2026
11;2025-11-19;13;2152
11;2025-11-19;14;2126
11;2025-11-19;15;2021
11;2025-11-19;16;2269
11;2025-11-19;17;2862
11;2025-11-19;18;3204
11;2025-11-19;19;2294
11;2025-11-19;20;1430
11;2025-11-19;21;829
11;2025-11-19;22;383
11;2025-11-19;23;245
11;2025-11-20;0;63
11;2025-11-20;1;3
11;2025-11-20;2;0
11;2025-11-20;3;0
11;2025-11-20;4;0
11;2025-11-20;5;255
11;2025-11-20;6;1370
11;2025-11-20;7;2577
11;2025-11-20;8;3357
11;2025-11-20;9;2529
11;2025-11-20;10;2104
11;2025-11-20;11;1973
11;2025-11-20;12;2026
11;2025-11-20;13;2152
11;2025-11-20;14;2126
11;2025-11-20;15;2021
11;2025-11-20;16;2269
11;2025-11-20;17;2862
11;2025-11-20;18;3204
11;2025-11-20;19;2294
11;2025-11-20;20;1430
11;2025-11-20;21;829
11;2025-11-20;22;383
11;2025-11-20;23;245
11;2025-11-21;0;69
11;2025-11-21;1;2
11;2025-11-21;2;0
11;2025-11-21;3;0
11;2025-11-21;4;0
11;2025-11-21;5;256
11;2025-11-21;6;1301
11;2025-11-21;7;2428
11;2025-11-21;8;3293
11;2025-11-21;9;2226
11;2025-11-21;10;1847
11;2025-11-21;11;1746
11;2025-11-21;12;1898
11;2025-11-21;13;1865
11;2025-11-21;14;2075
11;2025-11-21;15;2059
11;2025-11-21;16;2285
11;2025-11-21;17;2895
11;2025-11-21;18;2419
11;2025-11-21;19;1812
11;2025-11-21;20;1318
11;2025-11-21;21;822
11;2025-11-21;22;371
11;2025-11-21;23;334
11;2025-11-22;0;109
11;2025-11-22;1;1
11;2025-11-22;2;0
11;2025-11-22;3;0
11;2025-11-22;4;0
11;2025-11-22;5;171
11;2025-11-22;6;849
11;2025-11-22;7;771
11;2025-11-22;8;1059
11;2025-11-22;9;1185
11;2025-11-22;10;1414
11;2025-11-22;11;1743
11;2025-11-22;12;1987
11;2025-11-22;13;1848
11;2025-11-22;14;2095
11;2025-11-22;15;1940
11;2025-11-22;16;1818
11;2025-11-22;17;1925
11;2025-11-22;18;1528
11;2025-11-22;19;1487
11;2025-11-22;20;994
11;2025-11-22;21;721
11;2025-11-22;22;421
11;2025-11-22;23;282
11;2025-11-23;0;108
11;2025-11-23;1;15
11;2025-11-23;2;0
11;2025-11-23;3;0
11;2025-11-23;4;0
11;2025-11-23;5;103
11;2025-11-23;6;474
11;2025-11-23;7;470
11;2025-11-23;8;660
11;2025-11-23;9;898
11;2025-11-23;10;993
11;2025-11-23;11;1457
11;2025-11-23;12;1529
11;2025-11-23;13;1477
11;2025-11-23;14;1581
11;2025-11-23;15;1551
11;2025-11-23;16;1462
11;2025-11-23;17;1626
11;2025-11-23;18;1196
11;2025-11-23;19;955
11;2025-11-23;20;736
11;2025-11-23;21;564
11;2025-11-23;22;330
11;2025-11-23;23;229
11;2025-11-24;0;63
11;2025-11-24;1;3
11;2025-11-24;2;0
11;2025-11-24;3;0
11;2025-11-24;4;0
11;2025-11-24;5;255
11;2025-11-24;6;1370
11;2025-11-24;7;2577
11;2025-11-24;8;3357
11;2025-11-24;9;2529
11;2025-11-24;10;2104
11;2025-11-24;11;1973
11;2025-11-24;12;2026
11;2025-11-24;13;2152
11;2025-11-24;14;2126
11;2025-11-24;15;2021
11;2025-11-24;16;2269
11;2025-11-24;17;2862
11;2025-11-24;18;3204
11;2025-11-24;19;2294
11;2025-11-24;20;1430
11;2025-11-24;21;829
11;2025-11-24;22;383
11;2025-11-24;23;245
11;2025-11-25;0;63
11;2025-11-25;1;3
11;2025-11-25;2;0
11;2025-11-25;3;0
11;2025-11-25;4;0
11;2025-11-25;5;255
11;2025-11-25;6;1370
11;2025-11-25;7;2577
11;2025-11-25;8;3357
11;2025-11-25;9;2529
11;2025-11-25;10;2104
11;2025-11-25;11;1973
11;2025-11-25;12;2026
11;2025-11-25;13;2152
11;2025-11-25;14;2126
11;2025-11-25;15;2021
11;2025-11-25;16;2269
11;2025-11-25;17;2862
11;2025-11-25;18;3204
11;2025-11-25;19;2294
11;2025-11-25;20;1430
11;2025-11-25;21;829
11;2025-11-25;22;383
11;2025-11-25;23;245
11;2025-11-26;0;63
11;2025-11-26;1;3
11;2025-11-26;2;0
11;2025-11-26;3;0
11;2025-11-26;4;0
11;2025-11-26;5;255
11;2025-11-26;6;1370
11;2025-11-26;7;2577
11;2025-11-26;8;3357
11;2025-11-26;9;2529
11;2025-11-26;10;2104
11;2025-11-26;11;1973
11;2025-11-26;12;2026
11;2025-11-26;13;2152
11;2025-11-26;14;2126
11;2025-11-26;15;2021
11;2025-11-26;16;2269
11;2025-11-26;17;2862
11;2025-11-26;18;3204
11;2025-11-26;19;2294
11;2025-11-26;20;1430
11;2025-11-26;21;829
11;2025-11-26;22;383
11;2025-11-26;23;245
11;2025-11-27;0;63
11;2025-11-27;1;3
11;2025-11-27;2;0
11;2025-11-27;3;0
11;2025-11-27;4;0
11;2025-11-27;5;255
11;2025-11-27;6;1370
11;2025-11-27;7;2577
11;2025-11-27;8;3357
11;2025-11-27;9;2529
11;2025-11-27;10;2104
11;2025-11-27;11;1973
11;2025-11-27;12;2026
11;2025-11-27;13;2152
11;2025-11-27;14;2126
11;2025-11-27;15;2021
11;2025-11-27;16;2269
11;2025-11-27;17;2862
11;2025-11-27;18;3204
11;2025-11-27;19;2294
11;2025-11-27;20;1430
11;2025-11-27;21;829
11;2025-11-27;22;383
11;2025-11-27;23;245
11;2025-11-28;0;69
11;2025-11-28;1;2
11;2025-11-28;2;0
11;2025-11-28;3;0
11;2025-11-28;4;0
11;2025-11-28;5;256
11;2025-11-28;6;1301
11;2025-11-28;7;2428
11;2025-11-28;8;3293
11;2025-11-28;9;2226
11;2025-11-28;10;1847
11;2025-11-28;11;1746
11;2025-11-28;12;1898
11;2025-11-28;13;1865
11;2025-11-28;14;2075
11;2025-11-28;15;2059
11;2025-11-28;16;2285
11;2025-11-28;17;2895
11;2025-11-28;18;2419
11;2025-11-28;19;1812
11;2025-11-28;20;1318
11;2025-11-28;21;822
11;2025-11-28;22;371
11;2025-11-28;23;334
11;2025-11-29;0;109
11;2025-11-29;1;1
11;2025-11-29;2;0
11;2025-11-29;3;0
11;2025-11-29;4;0
11;2025-11-29;5;171
11;2025-11-29;6;849
11;2025-11-29;7;771
11;2025-11-29;8;1059
11;2025-11-29;9;1185
11;2025-11-29;10;1414
11;2025-11-29;11;1743
11;2025-11-29;12;1987
11;2025-11-29;13;1848
11;2025-11-29;14;2095
11;2025-11-29;15;1940
11;2025-11-29;16;1818
11;2025-11-29;17;1925
11;2025-11-29;18;1528
11;2025-11-29;19;1487
11;2025-11-29;20;994
11;2025-11-29;21;721
11;2025-11-29;22;421
11;2025-11-29;23;282
11;2025-11-30;0;108
11;2025-11-30;1;15
11;2025-11-30;2;0
11;2025-11-30;3;0
11;2025-11-30;4;0
11;2025-11-30;5;103
11;2025-11-30;6;474
11;2025-11-30;7;470
11;2025-11-30;8;660
11;2025-11-30;9;898
11;2025-11-30;10;993
11;2025-11-30;11;1457
11;2025-11-30;12;1529
11;2025-11-30;13;1477
11;2025-11-30;14;1581
11;2025-11-30;15;1551
11;2025-11-30;16;1462
11;2025-11-30;17;1626
11;2025-11-30;18;1196
11;2025-11-30;19;955
11;2025-11-30;20;736
11;2025-11-30;21;564
11;2025-11-30;22;330
11;2025-11-30;23;229
11;2025-12-01;0;63
11;2025-12-01;1;3
11;2025-12-01;2;0
11;2025-12-01;3;0
11;2025-12-01;4;0
11;2025-12-01;5;255
11;2025-12-01;6;1370
11;2025-12-01;7;2577
11;2025-12-01;8;3357
11;2025-12-01;9;2529
11;2025-12-01;10;2104
11;2025-12-01;11;1973
11;2025-12-01;12;2026
11;2025-12-01;13;2152
11;2025-12-01;14;2126
11;2025-12-01;15;2021
11;2025-12-01;16;2269
11;2025-12-01;17;2862
11;2025-12-01;18;3204
11;2025-12-01;19;2294
11;2025-12-01;20;1430
11;2025-12-01;21;829
11;2025-12-01;22;383
11;2025-12-01;23;245
11;2025-12-02;0;63
11;2025-12-02;1;3
11;2025-12-02;2;0
11;2025-12-02;3;0
11;2025-12-02;4;0
11;2025-12-02;5;255
11;2025-12-02;6;1370
11;2025-12-02;7;2577
11;2025-12-02;8;3357
11;2025-12-02;9;2529
11;2025-12-02;10;2104
11;2025-12-02;11;1973
11;2025-12-02;12;2026
11;2025-12-02;13;2152
11;2025-12-02;14;2126
11;2025-12-02;15;2021
11;2025-12-02;16;2269
11;2025-12-02;17;2862
11;2025-12-02;18;3204
11;2025-12-02;19;2294
11;2025-12-02;20;1430
11;2025-12-02;21;829
11;2025-12-02;22;383
11;2025-12-02;23;245
11;2025-12-03;0;63
11;2025-12-03;1;3
11;2025-12-03;2;0
11;2025-12-03;3;0
11;2025-12-03;4;0
11;2025-12-03;5;255
11;2025-12-03;6;1370
11;2025-12-03;7;2577
11;2025-12-03;8;3357
11;2025-12-03;9;2529
11;2025-12-03;10;2104
11;2025-12-03;11;1973
11;2025-12-03;12;2026
11;2025-12-03;13;2152
11;2025-12-03;14;2126
11;2025-12-03;15;2021
11;2025-12-03;16;2269
11;2025-12-03;17;2862
11;2025-12-03;18;3204
11;2025-12-03;19;2294
11;2025-12-03;20;1430
11;2025-12-03;21;829
11;2025-12-03;22;383
11;2025-12-03;23;245
11;2025-12-04;0;63
11;2025-12-04;1;3
11;2025-12-04;2;0
11;2025-12-04;3;0
11;2025-12-04;4;0
11;2025-12-04;5;255
11;2025-12-04;6;1370
11;2025-12-04;7;2577
11;2025-12-04;8;3357
11;2025-12-04;9;2529
11;2025-12-04;10;2104
11;2025-12-04;11;1973
11;2025-12-04;12;2026
11;2025-12-04;13;2152
11;2025-12-04;14;2126
11;2025-12-04;15;2021
11;2025-12-04;16;2269
11;2025-12-04;17;2862
11;2025-12-04;18;3204
11;2025-12-04;19;2294
11;2025-12-04;20;1430
11;2025-12-04;21;829
11;2025-12-04;22;383
11;2025-12-04;23;245
11;2025-12-05;0;69
11;2025-12-05;1;2
11;2025-12-05;2;0
11;2025-12-05;3;0
11;2025-12-05;4;0
11;2025-12-05;5;256
11;2025-12-05;6;1301
11;2025-12-05;7;2428
11;2025-12-05;8;3293
11;2025-12-05;9;2226
11;2025-12-05;10;1847
11;2025-12-05;11;1746
11;2025-12-05;12;1898
11;2025-12-05;13;1865
11;2025-12-05;14;2075
11;2025-12-05;15;2059
11;2025-12-05;16;2285
11;2025-12-05;17;2895
11;2025-12-05;18;2419
11;2025-12-05;19;1812
11;2025-12-05;20;1318
11;2025-12-05;21;822
11;2025-12-05;22;371
11;2025-12-05;23;334
11;2025-12-06;0;109
11;2025-12-06;1;1
11;2025-12-06;2;0
11;2025-12-06;3;0
11;2025-12-06;4;0
11;2025-12-06;5;171
11;2025-12-06;6;849
11;2025-12-06;7;771
11;2025-12-06;8;1059
11;2025-12-06;9;1185
11;2025-12-06;10;1414
11;2025-12-06;11;1743
11;2025-12-06;12;1987
11;2025-12-06;13;1848
11;2025-12-06;14;2095
11;2025-12-06;15;1940
11;2025-12-06;16;1818
11;2025-12-06;17;1925
11;2025-12-06;18;1528
11;2025-12-06;19;1487
11;2025-12-06;20;994
11;2025-12-06;21;721
11;2025-12-06;22;421
11;2025-12-06;23;282
11;2025-12-07;0;108
11;2025-12-07;1;15
11;2025-12-07;2;0
11;2025-12-07;3;0
11;2025-12-07;4;0
11;2025-12-07;5;103
11;2025-12-07;6;474
11;2025-12-07;7;470
11;2025-12-07;8;660
11;2025-12-07;9;898
11;2025-12-07;10;993
11;2025-12-07;11;1457
11;2025-12-07;12;1529
11;2025-12-07;13;1477
11;2025-12-07;14;1581
11;2025-12-07;15;1551
11;2025-12-07;16;1462
11;2025-12-07;17;1626
11;2025-12-07;18;1196
11;2025-12-07;19;955
11;2025-12-07;20;736
11;2025-12-07;21;564
11;2025-12-07;22;330
11;2025-12-07;23;229
11;2025-12-08;0;63
11;2025-12-08;1;3
11;2025-12-08;2;0
11;2025-12-08;3;0
11;2025-12-08;4;0
11;2025-12-08;5;255
11;2025-12-08;6;1370
11;2025-12-08;7;2577
11;2025-12-08;8;3357
11;2025-12-08;9;2529
11;2025-12-08;10;2104
11;2025-12-08;11;1973
11;2025-12-08;12;2026
11;2025-12-08;13;2152
11;2025-12-08;14;2126
11;2025-12-08;15;2021
11;2025-12-08;16;2269
11;2025-12-08;17;2862
11;2025-12-08;18;3204
11;2025-12-08;19;2294
11;2025-12-08;20;1430
11;2025-12-08;21;829
11;2025-12-08;22;383
11;2025-12-08;23;245
11;2025-12-09;0;63
11;2025-12-09;1;3
11;2025-12-09;2;0
11;2025-12-09;3;0
11;2025-12-09;4;0
11;2025-12-09;5;255
11;2025-12-09;6;1370
11;2025-12-09;7;2577
11;2025-12-09;8;3357
11;2025-12-09;9;2529
11;2025-12-09;10;2104
11;2025-12-09;11;1973
11;2025-12-09;12;2026
11;2025-12-09;13;2152
11;2025-12-09;14;2126
11;2025-12-09;15;2021
11;2025-12-09;16;2269
11;2025-12-09;17;2862
11;2025-12-09;18;3204
11;2025-12-09;19;2294
11;2025-12-09;20;1430
11;2025-12-09;21;829
11;2025-12-09;22;383
11;2025-12-09;23;245
11;2025-12-10;0;63
11;2025-12-10;1;3
11;2025-12-10;2;0
11;2025-12-10;3;0
11;2025-12-10;4;0
11;2025-12-10;5;255
11;2025-12-10;6;1370
11;2025-12-10;7;2577
11;2025-12-10;8;3357
11;2025-12-10;9;2529
11;2025-12-10;10;2104
11;2025-12-10;11;1973
11;2025-12-10;12;2026
11;2025-12-10;13;2152
11;2025-12-10;14;2126
11;2025-12-10;15;2021
11;2025-12-10;16;2269
11;2025-12-10;17;2862
11;2025-12-10;18;3204
11;2025-12-10;19;2294
11;2025-12-10;20;1430
11;2025-12-10;21;829
11;2025-12-10;22;383
11;2025-12-10;23;245
11;2025-12-11;0;63
11;2025-12-11;1;3
11;2025-12-11;2;0
11;2025-12-11;3;0
11;2025-12-11;4;0
11;2025-12-11;5;255
11;2025-12-11;6;1370
11;2025-12-11;7;2577
11;2025-12-11;8;3357
11;2025-12-11;9;2529
11;2025-12-11;10;2104
11;2025-12-11;11;1973
11;2025-12-11;12;2026
11;2025-12-11;13;2152
11;2025-12-11;14;2126
11;2025-12-11;15;2021
11;2025-12-11;16;2269
11;2025-12-11;17;2862
11;2025-12-11;18;3204
11;2025-12-11;19;2294
11;2025-12-11;20;1430
11;2025-12-11;21;829
11;2025-12-11;22;383
11;2025-12-11;23;245
11;2025-12-12;0;69
11;2025-12-12;1;2
11;2025-12-12;2;0
11;2025-12-12;3;0
11;2025-12-12;4;0
11;2025-12-12;5;256
11;2025-12-12;6;1301
11;2025-12-12;7;2428
11;2025-12-12;8;3293
11;2025-12-12;9;2226
11;2025-12-12;10;1847
11;2025-12-12;11;1746
11;2025-12-12;12;1898
11;2025-12-12;13;1865
11;2025-12-12;14;2075
11;2025-12-12;15;2059
11;2025-12-12;16;2285
11;2025-12-12;17;2895
11;2025-12-12;18;2419
11;2025-12-12;19;1812
11;2025-12-12;20;1318
11;2025-12-12;21;822
11;2025-12-12;22;371
11;2025-12-12;23;334
11;2025-12-13;0;109
11;2025-12-13;1;1
11;2025-12-13;2;0
11;2025-12-13;3;0
11;2025-12-13;4;0
11;2025-12-13;5;171
11;2025-12-13;6;849
11;2025-12-13;7;771
11;2025-12-13;8;1059
11;2025-12-13;9;1185
11;2025-12-13;10;1414
11;2025-12-13;11;1743
11;2025-12-13;12;1987
11;2025-12-13;13;1848
11;2025-12-13;14;2095
11;2025-12-13;15;1940
11;2025-12-13;16;1818
11;2025-12-13;17;1925
11;2025-12-13;18;1528
11;2025-12-13;19;1487
11;2025-12-13;20;994
11;2025-12-13;21;721
11;2025-12-13;22;421
11;2025-12-13;23;282
11;2025-12-14;0;108
11;2025-12-14;1;15
11;2025-12-14;2;0
11;2025-12-14;3;0
11;2025-12-14;4;0
11;2025-12-14;5;103
11;2025-12-14;6;474
11;2025-12-14;7;470
11;2025-12-14;8;660
11;2025-12-14;9;898
11;2025-12-14;10;993
11;2025-12-14;11;1457
11;2025-12-14;12;1529
11;2025-12-14;13;1477
11;2025-12-14;14;1581
11;2025-12-14;15;1551
11;2025-12-14;16;1462
11;2025-12-14;17;1626
11;2025-12-14;18;1196
11;2025-12-14;19;955
11;2025-12-14;20;736
11;2025-12-14;21;564
11;2025-12-14;22;330
11;2025-12-14;23;229
11;2025-12-15;0;63
11;2025-12-15;1;3
11;2025-12-15;2;0
11;2025-12-15;3;0
11;2025-12-15;4;0
11;2025-12-15;5;255
11;2025-12-15;6;1370
11;2025-12-15;7;2577
11;2025-12-15;8;3357
11;2025-12-15;9;2529
11;2025-12-15;10;2104
11;2025-12-15;11;1973
11;2025-12-15;12;2026
11;2025-12-15;13;2152
11;2025-12-15;14;2126
11;2025-12-15;15;2021
11;2025-12-15;16;2269
11;2025-12-15;17;2862
11;2025-12-15;18;3204
11;2025-12-15;19;2294
11;2025-12-15;20;1430
11;2025-12-15;21;829
11;2025-12-15;22;383
11;2025-12-15;23;245
11;2025-12-16;0;63
11;2025-12-16;1;3
11;2025-12-16;2;0
11;2025-12-16;3;0
11;2025-12-16;4;0
11;2025-12-16;5;255
11;2025-12-16;6;1370
11;2025-12-16;7;2577
11;2025-12-16;8;3357
11;2025-12-16;9;2529
11;2025-12-16;10;2104
11;2025-12-16;11;1973
11;2025-12-16;12;2026
11;2025-12-16;13;2152
11;2025-12-16;14;2126
11;2025-12-16;15;2021
11;2025-12-16;16;2269
11;2025-12-16;17;2862
11;2025-12-16;18;3204
11;2025-12-16;19;2294
11;2025-12-16;20;1430
11;2025-12-16;21;829
11;2025-12-16;22;383
11;2025-12-16;23;245
11;2025-12-17;0;63
11;2025-12-17;1;3
11;2025-12-17;2;0
11;2025-12-17;3;0
11;2025-12-17;4;0
11;2025-12-17;5;255
11;2025-12-17;6;1370
11;2025-12-17;7;2577
11;2025-12-17;8;3357
11;2025-12-17;9;2529
11;2025-12-17;10;2104
11;2025-12-17;11;1973
11;2025-12-17;12;2026
11;2025-12-17;13;2152
11;2025-12-17;14;2126
11;2025-12-17;15;2021
11;2025-12-17;16;2269
11;2025-12-17;17;2862
11;2025-12-17;18;3204
11;2025-12-17;19;2294
11;2025-12-17;20;1430
11;2025-12-17;21;829
11;2025-12-17;22;383
11;2025-12-17;23;245
11;2025-12-18;0;63
11;2025-12-18;1;3
11;2025-12-18;2;0
11;2025-12-18;3;0
11;2025-12-18;4;0
11;2025-12-18;5;255
11;2025-12-18;6;1370
11;2025-12-18;7;2577
11;2025-12-18;8;3357
11;2025-12-18;9;2529
11;2025-12-18;10;2104
11;2025-12-18;11;1973
11;2025-12-18;12;2026
11;2025-12-18;13;2152
11;2025-12-18;14;2126
11;2025-12-18;15;2021
11;2025-12-18;16;2269
11;2025-12-18;17;2862
11;2025-12-18;18;3204
11;2025-12-18;19;2294
11;2025-12-18;20;1430
11;2025-12-18;21;829
11;2025-12-18;22;383
11;2025-12-18;23;245
11;2025-12-19;0;69
11;2025-12-19;1;2
11;2025-12-19;2;0
11;2025-12-19;3;0
11;2025-12-19;4;0
11;2025-12-19;5;256
11;2025-12-19;6;1301
11;2025-12-19;7;2428
11;2025-12-19;8;3293
11;2025-12-19;9;2226
11;2025-12-19;10;1847
11;2025-12-19;11;1746
11;2025-12-19;12;1898
11;2025-12-19;13;1865
11;2025-12-19;14;2075
11;2025-12-19;15;2059
11;2025-12-19;16;2285
11;2025-12-19;17;2895
11;2025-12-19;18;2419
11;2025-12-19;19;1812
11;2025-12-19;20;1318
11;2025-12-19;21;822
11;2025-12-19;22;371
11;2025-12-19;23;334
11;2025-12-20;0;109
11;2025-12-20;1;1
11;2025-12-20;2;0
11;2025-12-20;3;0
11;2025-12-20;4;0
11;2025-12-20;5;171
11;2025-12-20;6;849
11;2025-12-20;7;771
11;2025-12-20;8;1059
11;2025-12-20;9;1185
11;2025-12-20;10;1414
11;2025-12-20;11;1743
11;2025-12-20;12;1987
11;2025-12-20;13;1848
11;2025-12-20;14;2095
11;2025-12-20;15;1940
11;2025-12-20;16;1818
11;2025-12-20;17;1925
11;2025-12-20;18;1528
11;2025-12-20;19;1487
11;2025-12-20;20;994
11;2025-12-20;21;721
11;2025-12-20;22;421
11;2025-12-20;23;282
11;2025-12-21;0;108
11;2025-12-21;1;15
11;2025-12-21;2;0
11;2025-12-21;3;0
11;2025-12-21;4;0
11;2025-12-21;5;103
11;2025-12-21;6;474
11;2025-12-21;7;470
11;2025-12-21;8;660
11;2025-12-21;9;898
11;2025-12-21;10;993
11;2025-12-21;11;1457
11;2025-12-21;12;1529
11;2025-12-21;13;1477
11;2025-12-21;14;1581
11;2025-12-21;15;1551
11;2025-12-21;16;1462
11;2025-12-21;17;1626
11;2025-12-21;18;1196
11;2025-12-21;19;955
11;2025-12-21;20;736
11;2025-12-21;21;564
11;2025-12-21;22;330
11;2025-12-21;23;229
11;2025-12-22;0;63
11;2025-12-22;1;3
11;2025-12-22;2;0
11;2025-12-22;3;0
11;2025-12-22;4;0
11;2025-12-22;5;255
11;2025-12-22;6;1370
11;2025-12-22;7;2577
11;2025-12-22;8;3357
11;2025-12-22;9;2529
11;2025-12-22;10;2104
11;2025-12-22;11;1973
11;2025-12-22;12;2026
11;2025-12-22;13;2152
11;2025-12-22;14;2126
11;2025-12-22;15;2021
11;2025-12-22;16;2269
11;2025-12-22;17;2862
11;2025-12-22;18;3204
11;2025-12-22;19;2294
11;2025-12-22;20;1430
11;2025-12-22;21;829
11;2025-12-22;22;383
11;2025-12-22;23;245
11;2025-12-23;0;63
11;2025-12-23;1;3
11;2025-12-23;2;0
11;2025-12-23;3;0
11;2025-12-23;4;0
11;2025-12-23;5;255
11;2025-12-23;6;1370
11;2025-12-23;7;2577
11;2025-12-23;8;3357
11;2025-12-23;9;2529
11;2025-12-23;10;2104
11;2025-12-23;11;1973
11;2025-12-23;12;2026
11;2025-12-23;13;2152
11;2025-12-23;14;2126
11;2025-12-23;15;2021
11;2025-12-23;16;2269
11;2025-12-23;17;2862
11;2025-12-23;18;3204
11;2025-12-23;19;2294
11;2025-12-23;20;1430
11;2025-12-23;21;829
11;2025-12-23;22;383
11;2025-12-23;23;245
11;2025-12-24;0;63
11;2025-12-24;1;3
11;2025-12-24;2;0
11;2025-12-24;3;0
11;2025-12-24;4;0
11;2025-12-24;5;255
11;2025-12-24;6;1370
11;2025-12-24;7;2577
11;2025-12-24;8;3357
11;2025-12-24;9;2529
11;2025-12-24;10;2104
11;2025-12-24;11;1973
11;2025-12-24;12;2026
11;2025-12-24;13;2152
11;2025-12-24;14;2126
11;2025-12-24;15;2021
11;2025-12-24;16;2269
11;2025-12-24;17;2862
11;2025-12-24;18;3204
11;2025-12-24;19;2294
11;2025-12-24;20;1430
11;2025-12-24;21;829
11;2025-12-24;22;383
11;2025-12-24;23;245
11;2025-12-25;0;63
11;2025-12-25;1;3
11;2025-12-25;2;0
11;2025-12-25;3;0
11;2025-12-25;4;0
11;2025-12-25;5;255
11;2025-12-25;6;1370
11;2025-12-25;7;2577
11;2025-12-25;8;3357
11;2025-12-25;9;2529
11;2025-12-25;10;2104
11;2025-12-25;11;1973
11;2025-12-25;12;2026
11;2025-12-25;13;2152
11;2025-12-25;14;2126
11;2025-12-25;15;2021
11;2025-12-25;16;2269
11;2025-12-25;17;2862
11;2025-12-25;18;3204
11;2025-12-25;19;2294
11;2025-12-25;20;1430
11;2025-12-25;21;829
11;2025-12-25;22;383
11;2025-12-25;23;245
11;2025-12-26;0;66
11;2025-12-26;1;2
11;2025-12-26;2;0
11;2025-12-26;3;0
11;2025-12-26;4;0
11;2025-12-26;5;246
11;2025-12-26;6;1251
11;2025-12-26;7;2335
11;2025-12-26;8;3166
11;2025-12-26;9;2140
11;2025-12-26;10;1776
11;2025-12-26;11;1679
11;2025-12-26;12;1825
11;2025-12-26;13;1793
11;2025-12-26;14;1995
11;2025-12-26;15;1980
11;2025-12-26;16;2197
11;2025-12-26;17;2784
11;2025-12-26;18;2326
11;2025-12-26;19;1742
11;2025-12-26;20;1267
11;2025-12-26;21;790
11;2025-12-26;22;357
11;2025-12-26;23;321
11;2025-12-27;0;105
11;2025-12-27;1;1
11;2025-12-27;2;0
11;2025-12-27;3;0
11;2025-12-27;4;0
11;2025-12-27;5;164
11;2025-12-27;6;816
11;2025-12-27;7;741
11;2025-12-27;8;1018
11;2025-12-27;9;1139
11;2025-12-27;10;1360
11;2025-12-27;11;1676
11;2025-12-27;12;1911
11;2025-12-27;13;1777
11;2025-12-27;14;2014
11;2025-12-27;15;1865
11;2025-12-27;16;1748
11;2025-12-27;17;1851
11;2025-12-27;18;1469
11;2025-12-27;19;1430
11;2025-12-27;20;956
11;2025-12-27;21;693
11;2025-12-27;22;405
11;2025-12-27;23;271
11;2025-12-28;0;104
11;2025-12-28;1;14
11;2025-12-28;2;0
11;2025-12-28;3;0
11;2025-12-28;4;0
11;2025-12-28;5;99
11;2025-12-28;6;456
11;2025-12-28;7;452
11;2025-12-28;8;635
11;2025-12-28;9;863
11;2025-12-28;10;955
11;2025-12-28;11;1401
11;2025-12-28;12;1470
11;2025-12-28;13;1420
11;2025-12-28;14;1520
11;2025-12-28;15;1491
11;2025-12-28;16;1406
11;2025-12-28;17;1563
11;2025-12-28;18;1150
11;2025-12-28;19;918
11;2025-12-28;20;708
11;2025-12-28;21;542
11;2025-12-28;22;317
11;2025-12-28;23;220
11;2025-12-29;0;54
11;2025-12-29;1;3
11;2025-12-29;2;0
11;2025-12-29;3;0
11;2025-12-29;4;0
11;2025-12-29;5;216
11;2025-12-29;6;1159
11;2025-12-29;7;2181
11;2025-12-29;8;2840
11;2025-12-29;9;2140
11;2025-12-29;10;1780
11;2025-12-29;11;1670
11;2025-12-29;12;1714
11;2025-12-29;13;1821
11;2025-12-29;14;1798
11;2025-12-29;15;1710
11;2025-12-29;16;1920
11;2025-12-29;17;2422
11;2025-12-29;18;2711
11;2025-12-29;19;1941
11;2025-12-29;20;1210
11;2025-12-29;21;702
11;2025-12-29;22;324
11;2025-12-29;23;207
11;2025-12-30;0;54
11;2025-12-30;1;3
11;2025-12-30;2;0
11;2025-12-30;3;0
11;2025-12-30;4;0
11;2025-12-30;5;216
11;2025-12-30;6;1159
11;2025-12-30;7;2181
11;2025-12-30;8;2840
11;2025-12-30;9;2140
11;2025-12-30;10;1780
11;2025-12-30;11;1670
11;2025-12-30;12;1714
11;2025-12-30;13;1821
11;2025-12-30;14;1798
11;2025-12-30;15;1710
11;2025-12-30;16;1920
11;2025-12-30;17;2422
11;2025-12-30;18;2711
11;2025-12-30;19;1941
11;2025-12-30;20;1210
11;2025-12-30;21;702
11;2025-12-30;22;324
11;2025-12-30;23;207
11;2025-12-31;0;84
11;2025-12-31;1;1
11;2025-12-31;2;0
11;2025-12-31;3;0
11;2025-12-31;4;0
11;2025-12-31;5;131
11;2025-12-31;6;653
11;2025-12-31;7;593
11;2025-12-31;8;814
11;2025-12-31;9;912
11;2025-12-31;10;1088
11;2025-12-31;11;1341
11;2025-12-31;12;1529
11;2025-12-31;13;1422
11;2025-12-31;14;1611
11;2025-12-31;15;1492
11;2025-12-31;16;1398
11;2025-12-31;17;1481
11;2025-12-31;18;1175
11;2025-12-31;19;1144
11;2025-12-31;20;0
11;2025-12-31;21;0
11;2025-12-31;22;0
11;2025-12-31;23;0
12;2025-11-01;0;30
12;2025-11-01;1;3
12;2025-11-01;2;0
12;2025-11-01;3;0
12;2025-11-01;4;4
12;2025-11-01;5;267
12;2025-11-01;6;1155
12;2025-11-01;7;2215
12;2025-11-01;8;2735
12;2025-11-01;9;2052
12;2025-11-01;10;1543
12;2025-11-01;11;1533
12;2025-11-01;12;1567
12;2025-11-01;13;1775
12;2025-11-01;14;1606
12;2025-11-01;15;1803
12;2025-11-01;16;2369
12;2025-11-01;17;2367
12;2025-11-01;18;2077
12;2025-11-01;19;1712
12;2025-11-01;20;1121
12;2025-11-01;21;815
12;2025-11-01;22;409
12;2025-11-01;23;271
12;2025-11-02;0;82
12;2025-11-02;1;3
12;2025-11-02;2;0
12;2025-11-02;3;0
12;2025-11-02;4;3
12;2025-11-02;5;130
12;2025-11-02;6;513
12;2025-11-02;7;698
12;2025-11-02;8;712
12;2025-11-02;9;894
12;2025-11-02;10;1129
12;2025-11-02;11;1230
12;2025-11-02;12;1306
12;2025-11-02;13;1533
12;2025-11-02;14;1435
12;2025-11-02;15;1466
12;2025-11-02;16;1468
12;2025-11-02;17;1519
12;2025-11-02;18;1319
12;2025-11-02;19;982
12;2025-11-02;20;765
12;2025-11-02;21;586
12;2025-11-02;22;383
12;2025-11-02;23;193
12;2025-11-03;0;82
12;2025-11-03;1;3
12;2025-11-03;2;0
12;2025-11-03;3;0
12;2025-11-03;4;3
12;2025-11-03;5;130
12;2025-11-03;6;513
12;2025-11-03;7;698
12;2025-11-03;8;712
12;2025-11-03;9;894
12;2025-11-03;10;1129
12;2025-11-03;11;1230
12;2025-11-03;12;1306
12;2025-11-03;13;1533
12;2025-11-03;14;1435
12;2025-11-03;15;1466
12;2025-11-03;16;1468
12;2025-11-03;17;1519
12;2025-11-03;18;1319
12;2025-11-03;19;982
12;2025-11-03;20;765
12;2025-11-03;21;586
12;2025-11-03;22;383
12;2025-11-03;23;193
12;2025-11-04;0;82
12;2025-11-04;1;3
12;2025-11-04;2;0
12;2025-11-04;3;0
12;2025-11-04;4;3
12;2025-11-04;5;130
12;2025-11-04;6;513
12;2025-11-04;7;698
12;2025-11-04;8;712
12;2025-11-04;9;894
12;2025-11-04;10;1129
12;2025-11-04;11;1230
12;2025-11-04;12;1306
12;2025-11-04;13;1533
12;2025-11-04;14;1435
12;2025-11-04;15;1466
12;2025-11-04;16;1468
12;2025-11-04;17;1519
12;2025-11-04;18;1319
12;2025-11-04;19;982
12;2025-11-04;20;765
12;2025-11-04;21;586
12;2025-11-04;22;383
12;2025-11-04;23;193
12;2025-11-05;0;56
12;2025-11-05;1;2
12;2025-11-05;2;0
12;2025-11-05;3;0
12;2025-11-05;4;7
12;2025-11-05;5;329
12;2025-11-05;6;1499
12;2025-11-05;7;2831
12;2025-11-05;8;3806
12;2025-11-05;9;2686
12;2025-11-05;10;2176
12;2025-11-05;11;2034
12;2025-11-05;12;2147
12;2025-11-05;13;2166
12;2025-11-05;14;2057
12;2025-11-05;15;2299
12;2025-11-05;16;2804
12;2025-11-05;17;3126
12;2025-11-05;18;3314
12;2025-11-05;19;2477
12;2025-11-05;20;1630
12;2025-11-05;21;1009
12;2025-11-05;22;508
12;2025-11-05;23;265
12;2025-11-06;0;56
12;2025-11-06;1;2
12;2025-11-06;2;0
12;2025-11-06;3;0
12;2025-11-06;4;7
12;2025-11-06;5;329
12;2025-11-06;6;1499
12;2025-11-06;7;2831
12;2025-11-06;8;3806
12;2025-11-06;9;2686
12;2025-11-06;10;2176
12;2025-11-06;11;2034
12;2025-11-06;12;2147
12;2025-11-06;13;2166
12;2025-11-06;14;2057
12;2025-11-06;15;2299
12;2025-11-06;16;2804
12;2025-11-06;17;3126
12;2025-11-06;18;3314
12;2025-11-06;19;2477
12;2025-11-06;20;1630
12;2025-11-06;21;1009
12;2025-11-06;22;508
12;2025-11-06;23;265
12;2025-11-07;0;58
12;2025-11-07;1;1
12;2025-11-07;2;0
12;2025-11-07;3;0
12;2025-11-07;4;5
12;2025-11-07;5;346
12;2025-11-07;6;1502
12;2025-11-07;7;2880
12;2025-11-07;8;3555
12;2025-11-07;9;2668
12;2025-11-07;10;2006
12;2025-11-07;11;1993
12;2025-11-07;12;2037
12;2025-11-07;13;2308
12;2025-11-07;14;2088
12;2025-11-07;15;2344
12;2025-11-07;16;3079
12;2025-11-07;17;3076
12;2025-11-07;18;2700
12;2025-11-07;19;2226
12;2025-11-07;20;1457
12;2025-11-07;21;1060
12;2025-11-07;22;531
12;2025-11-07;23;352
12;2025-11-08;0;70
12;2025-11-08;1;2
12;2025-11-08;2;0
12;2025-11-08;3;0
12;2025-11-08;4;2
12;2025-11-08;5;233
12;2025-11-08;6;826
12;2025-11-08;7;938
12;2025-11-08;8;1094
12;2025-11-08;9;1303
12;2025-11-08;10;1549
12;2025-11-08;11;1570
12;2025-11-08;12;1612
12;2025-11-08;13;1829
12;2025-11-08;14;1653
12;2025-11-08;15;1623
12;2025-11-08;16;1748
12;2025-11-08;17;1674
12;2025-11-08;18;1664
12;2025-11-08;19;1399
12;2025-11-08;20;983
12;2025-11-08;21;798
12;2025-11-08;22;406
12;2025-11-08;23;305
12;2025-11-09;0;85
12;2025-11-09;1;3
12;2025-11-09;2;0
12;2025-11-09;3;0
12;2025-11-09;4;3
12;2025-11-09;5;135
12;2025-11-09;6;534
12;2025-11-09;7;726
12;2025-11-09;8;740
12;2025-11-09;9;930
12;2025-11-09;10;1174
12;2025-11-09;11;1279
12;2025-11-09;12;1358
12;2025-11-09;13;1594
12;2025-11-09;14;1492
12;2025-11-09;15;1525
12;2025-11-09;16;1527
12;2025-11-09;17;1580
12;2025-11-09;18;1372
12;2025-11-09;19;1021
12;2025-11-09;20;796
12;2025-11-09;21;609
12;2025-11-09;22;398
12;2025-11-09;23;201
12;2025-11-10;0;56
12;2025-11-10;1;2
12;2025-11-10;2;0
12;2025-11-10;3;0
12;2025-11-10;4;7
12;2025-11-10;5;329
12;2025-11-10;6;1499
12;2025-11-10;7;2831
12;2025-11-10;8;3806
12;2025-11-10;9;2686
12;2025-11-10;10;2176
12;2025-11-10;11;2034
12;2025-11-10;12;2147
12;2025-11-10;13;2166
12;2025-11-10;14;2057
12;2025-11-10;15;2299
12;2025-11-10;16;2804
12;2025-11-10;17;3126
12;2025-11-10;18;3314
12;2025-11-10;19;2477
12;2025-11-10;20;1630
12;2025-11-10;21;1009
12;2025-11-10;22;508
12;2025-11-10;23;265
12;2025-11-11;0;56
12;2025-11-11;1;2
12;2025-11-11;2;0
12;2025-11-11;3;0
12;2025-11-11;4;7
12;2025-11-11;5;329
12;2025-11-11;6;1499
12;2025-11-11;7;2831
12;2025-11-11;8;3806
12;2025-11-11;9;2686
12;2025-11-11;10;2176
12;2025-11-11;11;2034
12;2025-11-11;12;2147
12;2025-11-11;13;2166
12;2025-11-11;14;2057
12;2025-11-11;15;2299
12;2025-11-11;16;2804
12;2025-11-11;17;3126
12;2025-11-11;18;3314
12;2025-11-11;19;2477
12;2025-11-11;20;1630
12;2025-11-11;21;1009
12;2025-11-11;22;508
12;2025-11-11;23;265
12;2025-11-12;0;56
12;2025-11-12;1;2
12;2025-11-12;2;0
12;2025-11-12;3;0
12;2025-11-12;4;7
12;2025-11-12;5;329
12;2025-11-12;6;1499
12;2025-11-12;7;2831
12;2025-11-12;8;3806
12;2025-11-12;9;2686
12;2025-11-12;10;2176
12;2025-11-12;11;2034
12;2025-11-12;12;2147
12;2025-11-12;13;2166
12;2025-11-12;14;2057
12;2025-11-12;15;2299
12;2025-11-12;16;2804
12;2025-11-12;17;3126
12;2025-11-12;18;3314
12;2025-11-12;19;2477
12;2025-11-12;20;1630
12;2025-11-12;21;1009
12;2025-11-12;22;508
12;2025-11-12;23;265
12;2025-11-13;0;56
12;2025-11-13;1;2
12;2025-11-13;2;0
12;2025-11-13;3;0
12;2025-11-13;4;7
12;2025-11-13;5;329
12;2025-11-13;6;1499
12;2025-11-13;7;2831
12;2025-11-13;8;3806
12;2025-11-13;9;2686
12;2025-11-13;10;2176
12;2025-11-13;11;2034
12;2025-11-13;12;2147
12;2025-11-13;13;2166
12;2025-11-13;14;2057
12;2025-11-13;15;2299
12;2025-11-13;16;2804
12;2025-11-13;17;3126
12;2025-11-13;18;3314
12;2025-11-13;19;2477
12;2025-11-13;20;1630
12;2025-11-13;21;1009
12;2025-11-13;22;508
12;2025-11-13;23;265
12;2025-11-14;0;58
12;2025-11-14;1;1
12;2025-11-14;2;0
12;2025-11-14;3;0
12;2025-11-14;4;5
12;2025-11-14;5;346
12;2025-11-14;6;1502
12;2025-11-14;7;2880
12;2025-11-14;8;3555
12;2025-11-14;9;2668
12;2025-11-14;10;2006
12;2025-11-14;11;1993
12;2025-11-14;12;2037
12;2025-11-14;13;2308
12;2025-11-14;14;2088
12;2025-11-14;15;2344
12;2025-11-14;16;3079
12;2025-11-14;17;3076
12;2025-11-14;18;2700
12;2025-11-14;19;2226
12;2025-11-14;20;1457
12;2025-11-14;21;1060
12;2025-11-14;22;531
12;2025-11-14;23;352
12;2025-11-15;0;70
12;2025-11-15;1;2
12;2025-11-15;2;0
12;2025-11-15;3;0
12;2025-11-15;4;2
12;2025-11-15;5;233
12;2025-11-15;6;826
12;2025-11-15;7;938
12;2025-11-15;8;1094
12;2025-11-15;9;1303
12;2025-11-15;10;1549
12;2025-11-15;11;1570
12;2025-11-15;12;1612
12;2025-11-15;13;1829
12;2025-11-15;14;1653
12;2025-11-15;15;1623
12;2025-11-15;16;1748
12;2025-11-15;17;1674
12;2025-11-15;18;1664
12;2025-11-15;19;1399
12;2025-11-15;20;983
12;2025-11-15;21;798
12;2025-11-15;22;406
12;2025-11-15;23;305
12;2025-11-16;0;85
12;2025-11-16;1;3
12;2025-11-16;2;0
12;2025-11-16;3;0
12;2025-11-16;4;3
12;2025-11-16;5;135
12;2025-11-16;6;534
12;2025-11-16;7;726
12;2025-11-16;8;740
12;2025-11-16;9;930
12;2025-11-16;10;1174
12;2025-11-16;11;1279
12;2025-11-16;12;1358
12;2025-11-16;13;1594
12;2025-11-16;14;1492
12;2025-11-16;15;1525
12;2025-11-16;16;1527
12;2025-11-16;17;1580
12;2025-11-16;18;1372
12;2025-11-16;19;1021
12;2025-11-16;20;796
12;2025-11-16;21;609
12;2025-11-16;22;398
12;2025-11-16;23;201
12;2025-11-17;0;56
12;2025-11-17;1;2
12;2025-11-17;2;0
12;2025-11-17;3;0
12;2025-11-17;4;7
12;2025-11-17;5;329
12;2025-11-17;6;1499
12;2025-11-17;7;2831
12;2025-11-17;8;3806
12;2025-11-17;9;2686
12;2025-11-17;10;2176
12;2025-11-17;11;2034
12;2025-11-17;12;2147
12;2025-11-17;13;2166
12;2025-11-17;14;2057
12;2025-11-17;15;2299
12;2025-11-17;16;2804
12;2025-11-17;17;3126
12;2025-11-17;18;3314
12;2025-11-17;19;2477
12;2025-11-17;20;1630
12;2025-11-17;21;1009
12;2025-11-17;22;508
12;2025-11-17;23;265
12;2025-11-18;0;56
12;2025-11-18;1;2
12;2025-11-18;2;0
12;2025-11-18;3;0
12;2025-11-18;4;7
12;2025-11-18;5;329
12;2025-11-18;6;1499
12;2025-11-18;7;2831
12;2025-11-18;8;3806
12;2025-11-18;9;2686
12;2025-11-18;10;2176
12;2025-11-18;11;2034
12;2025-11-18;12;2147
12;2025-11-18;13;2166
12;2025-11-18;14;2057
12;2025-11-18;15;2299
12;2025-11-18;16;2804
12;2025-11-18;17;3126
12;2025-11-18;18;3314
12;2025-11-18;19;2477
12;2025-11-18;20;1630
12;2025-11-18;21;1009
12;2025-11-18;22;508
12;2025-11-18;23;265
12;2025-11-19;0;56
12;2025-11-19;1;2
12;2025-11-19;2;0
12;2025-11-19;3;0
12;2025-11-19;4;7
12;2025-11-19;5;329
12;2025-11-19;6;1499
12;2025-11-19;7;2831
12;2025-11-19;8;3806
12;2025-11-19;9;2686
12;2025-11-19;10;2176
12;2025-11-19;11;2034
12;2025-11-19;12;2147
12;2025-11-19;13;2166
12;2025-11-19;14;2057
12;2025-11-19;15;2299
12;2025-11-19;16;2804
12;2025-11-19;17;3126
12;2025-11-19;18;3314
12;2025-11-19;19;2477
12;2025-11-19;20;1630
12;2025-11-19;21;1009
12;2025-11-19;22;508
12;2025-11-19;23;265
12;2025-11-20;0;56
12;2025-11-20;1;2
12;2025-11-20;2;0
12;2025-11-20;3;0
12;2025-11-20;4;7
12;2025-11-20;5;329
12;2025-11-20;6;1499
12;2025-11-20;7;2831
12;2025-11-20;8;3806
12;2025-11-20;9;2686
12;2025-11-20;10;2176
12;2025-11-20;11;2034
12;2025-11-20;12;2147
12;2025-11-20;13;2166
12;2025-11-20;14;2057
12;2025-11-20;15;2299
12;2025-11-20;16;2804
12;2025-11-20;17;3126
12;2025-11-20;18;3314
12;2025-11-20;19;2477
12;2025-11-20;20;1630
12;2025-11-20;21;1009
12;2025-11-20;22;508
12;2025-11-20;23;265
12;2025-11-21;0;58
12;2025-11-21;1;1
12;2025-11-21;2;0
12;2025-11-21;3;0
12;2025-11-21;4;5
12;2025-11-21;5;346
12;2025-11-21;6;1502
12;2025-11-21;7;2880
12;2025-11-21;8;3555
12;2025-11-21;9;2668
12;2025-11-21;10;2006
12;2025-11-21;11;1993
12;2025-11-21;12;2037
12;2025-11-21;13;2308
12;2025-11-21;14;2088
12;2025-11-21;15;2344
12;2025-11-21;16;3079
12;2025-11-21;17;3076
12;2025-11-21;18;2700
12;2025-11-21;19;2226
12;2025-11-21;20;1457
12;2025-11-21;21;1060
12;2025-11-21;22;531
12;2025-11-21;23;352
12;2025-11-22;0;70
12;2025-11-22;1;2
12;2025-11-22;2;0
12;2025-11-22;3;0
12;2025-11-22;4;2
12;2025-11-22;5;233
12;2025-11-22;6;826
12;2025-11-22;7;938
12;2025-11-22;8;1094
12;2025-11-22;9;1303
12;2025-11-22;10;1549
12;2025-11-22;11;1570
12;2025-11-22;12;1612
12;2025-11-22;13;1829
12;2025-11-22;14;1653
12;2025-11-22;15;1623
12;2025-11-22;16;1748
12;2025-11-22;17;1674
12;2025-11-22;18;1664
12;2025-11-22;19;1399
12;2025-11-22;20;983
12;2025-11-22;21;798
12;2025-11-22;22;406
12;2025-11-22;23;305
12;2025-11-23;0;85
12;2025-11-23;1;3
12;2025-11-23;2;0
12;2025-11-23;3;0
12;2025-11-23;4;3
12;2025-11-23;5;135
12;2025-11-23;6;534
12;2025-11-23;7;726
12;2025-11-23;8;740
12;2025-11-23;9;930
12;2025-11-23;10;1174
12;2025-11-23;11;1279
12;2025-11-23;12;1358
12;2025-11-23;13;1594
12;2025-11-23;14;1492
12;2025-11-23;15;1525
12;2025-11-23;16;1527
12;2025-11-23;17;1580
12;2025-11-23;18;1372
12;2025-11-23;19;1021
12;2025-11-23;20;796
12;2025-11-23;21;609
12;2025-11-23;22;398
12;2025-11-23;23;201
12;2025-11-24;0;56
12;2025-11-24;1;2
12;2025-11-24;2;0
12;2025-11-24;3;0
12;2025-11-24;4;7
12;2025-11-24;5;329
12;2025-11-24;6;1499
12;2025-11-24;7;2831
12;2025-11-24;8;3806
12;2025-11-24;9;2686
12;2025-11-24;10;2176
12;2025-11-24;11;2034
12;2025-11-24;12;2147
12;2025-11-24;13;2166
12;2025-11-24;14;2057
12;2025-11-24;15;2299
12;2025-11-24;16;2804
12;2025-11-24;17;3126
12;2025-11-24;18;3314
12;2025-11-24;19;2477
12;2025-11-24;20;1630
12;2025-11-24;21;1009
12;2025-11-24;22;508
12;2025-11-24;23;265
12;2025-11-25;0;56
12;2025-11-25;1;2
12;2025-11-25;2;0
12;2025-11-25;3;0
12;2025-11-25;4;7
12;2025-11-25;5;329
12;2025-11-25;6;1499
12;2025-11-25;7;2831
12;2025-11-25;8;3806
12;2025-11-25;9;2686
12;2025-11-25;10;2176
12;2025-11-25;11;2034
12;2025-11-25;12;2147
12;2025-11-25;13;2166
12;2025-11-25;14;2057
12;2025-11-25;15;2299
12;2025-11-25;16;2804
12;2025-11-25;17;3126
12;2025-11-25;18;3314
12;2025-11-25;19;2477
12;2025-11-25;20;1630
12;2025-11-25;21;1009
12;2025-11-25;22;508
12;2025-11-25;23;265
12;2025-11-26;0;56
12;2025-11-26;1;2
12;2025-11-26;2;0
12;2025-11-26;3;0
12;2025-11-26;4;7
12;2025-11-26;5;329
12;2025-11-26;6;1499
12;2025-11-26;7;2831
12;2025-11-26;8;3806
12;2025-11-26;9;2686
12;2025-11-26;10;2176
12;2025-11-26;11;2034
12;2025-11-26;12;2147
12;2025-11-26;13;2166
12;2025-11-26;14;2057
12;2025-11-26;15;2299
12;2025-11-26;16;2804
12;2025-11-26;17;3126
12;2025-11-26;18;3314
12;2025-11-26;19;2477
12;2025-11-26;20;1630
12;2025-11-26;21;1009
12;2025-11-26;22;508
12;2025-11-26;23;265
12;2025-11-27;0;56
12;2025-11-27;1;2
12;2025-11-27;2;0
12;2025-11-27;3;0
12;2025-11-27;4;7
12;2025-11-27;5;329
12;2025-11-27;6;1499
12;2025-11-27;7;2831
12;2025-11-27;8;3806
12;2025-11-27;9;2686
12;2025-11-27;10;2176
12;2025-11-27;11;2034
12;2025-11-27;12;2147
12;2025-11-27;13;2166
12;2025-11-27;14;2057
12;2025-11-27;15;2299
12;2025-11-27;16;2804
12;2025-11-27;17;3126
12;2025-11-27;18;3314
12;2025-11-27;19;2477
12;2025-11-27;20;1630
12;2025-11-27;21;1009
12;2025-11-27;22;508
12;2025-11-27;23;265
12;2025-11-28;0;58
12;2025-11-28;1;1
12;2025-11-28;2;0
12;2025-11-28;3;0
12;2025-11-28;4;5
12;2025-11-28;5;346
12;2025-11-28;6;1502
12;2025-11-28;7;2880
12;2025-11-28;8;3555
12;2025-11-28;9;2668
12;2025-11-28;10;2006
12;2025-11-28;11;1993
12;2025-11-28;12;2037
12;2025-11-28;13;2308
12;2025-11-28;14;2088
12;2025-11-28;15;2344
12;2025-11-28;16;3079
12;2025-11-28;17;3076
12;2025-11-28;18;2700
12;2025-11-28;19;2226
12;2025-11-28;20;1457
12;2025-11-28;21;1060
12;2025-11-28;22;531
12;2025-11-28;23;352
12;2025-11-29;0;70
12;2025-11-29;1;2
12;2025-11-29;2;0
12;2025-11-29;3;0
12;2025-11-29;4;2
12;2025-11-29;5;233
12;2025-11-29;6;826
12;2025-11-29;7;938
12;2025-11-29;8;1094
12;2025-11-29;9;1303
12;2025-11-29;10;1549
12;2025-11-29;11;1570
12;2025-11-29;12;1612
12;2025-11-29;13;1829
12;2025-11-29;14;1653
12;2025-11-29;15;1623
12;2025-11-29;16;1748
12;2025-11-29;17;1674
12;2025-11-29;18;1664
12;2025-11-29;19;1399
12;2025-11-29;20;983
12;2025-11-29;21;798
12;2025-11-29;22;406
12;2025-11-29;23;305
12;2025-11-30;0;85
12;2025-11-30;1;3
12;2025-11-30;2;0
12;2025-11-30;3;0
12;2025-11-30;4;3
12;2025-11-30;5;135
12;2025-11-30;6;534
12;2025-11-30;7;726
12;2025-11-30;8;740
12;2025-11-30;9;930
12;2025-11-30;10;1174
12;2025-11-30;11;1279
12;2025-11-30;12;1358
12;2025-11-30;13;1594
12;2025-11-30;14;1492
12;2025-11-30;15;1525
12;2025-11-30;16;1527
12;2025-11-30;17;1580
12;2025-11-30;18;1372
12;2025-11-30;19;1021
12;2025-11-30;20;796
12;2025-11-30;21;609
12;2025-11-30;22;398
12;2025-11-30;23;201
12;2025-12-01;0;56
12;2025-12-01;1;2
12;2025-12-01;2;0
12;2025-12-01;3;0
12;2025-12-01;4;7
12;2025-12-01;5;329
12;2025-12-01;6;1499
12;2025-12-01;7;2831
12;2025-12-01;8;3806
12;2025-12-01;9;2686
12;2025-12-01;10;2176
12;2025-12-01;11;2034
12;2025-12-01;12;2147
12;2025-12-01;13;2166
12;2025-12-01;14;2057
12;2025-12-01;15;2299
12;2025-12-01;16;2804
12;2025-12-01;17;3126
12;2025-12-01;18;3314
12;2025-12-01;19;2477
12;2025-12-01;20;1630
12;2025-12-01;21;1009
12;2025-12-01;22;508
12;2025-12-01;23;265
12;2025-12-02;0;56
12;2025-12-02;1;2
12;2025-12-02;2;0
12;2025-12-02;3;0
12;2025-12-02;4;7
12;2025-12-02;5;329
12;2025-12-02;6;1499
12;2025-12-02;7;2831
12;2025-12-02;8;3806
12;2025-12-02;9;2686
12;2025-12-02;10;2176
12;2025-12-02;11;2034
12;2025-12-02;12;2147
12;2025-12-02;13;2166
12;2025-12-02;14;2057
12;2025-12-02;15;2299
12;2025-12-02;16;2804
12;2025-12-02;17;3126
12;2025-12-02;18;3314
12;2025-12-02;19;2477
12;2025-12-02;20;1630
12;2025-12-02;21;1009
12;2025-12-02;22;508
12;2025-12-02;23;265
12;2025-12-03;0;56
12;2025-12-03;1;2
12;2025-12-03;2;0
12;2025-12-03;3;0
12;2025-12-03;4;7
12;2025-12-03;5;329
12;2025-12-03;6;1499
12;2025-12-03;7;2831
12;2025-12-03;8;3806
12;2025-12-03;9;2686
12;2025-12-03;10;2176
12;2025-12-03;11;2034
12;2025-12-03;12;2147
12;2025-12-03;13;2166
12;2025-12-03;14;2057
12;2025-12-03;15;2299
12;2025-12-03;16;2804
12;2025-12-03;17;3126
12;2025-12-03;18;3314
12;2025-12-03;19;2477
12;2025-12-03;20;1630
12;2025-12-03;21;1009
12;2025-12-03;22;508
12;2025-12-03;23;265
12;2025-12-04;0;56
12;2025-12-04;1;2
12;2025-12-04;2;0
12;2025-12-04;3;0
12;2025-12-04;4;7
12;2025-12-04;5;329
12;2025-12-04;6;1499
12;2025-12-04;7;2831
12;2025-12-04;8;3806
12;2025-12-04;9;2686
12;2025-12-04;10;2176
12;2025-12-04;11;2034
12;2025-12-04;12;2147
12;2025-12-04;13;2166
12;2025-12-04;14;2057
12;2025-12-04;15;2299
12;2025-12-04;16;2804
12;2025-12-04;17;3126
12;2025-12-04;18;3314
12;2025-12-04;19;2477
12;2025-12-04;20;1630
12;2025-12-04;21;1009
12;2025-12-04;22;508
12;2025-12-04;23;265
12;2025-12-05;0;58
12;2025-12-05;1;1
12;2025-12-05;2;0
12;2025-12-05;3;0
12;2025-12-05;4;5
12;2025-12-05;5;346
12;2025-12-05;6;1502
12;2025-12-05;7;2880
12;2025-12-05;8;3555
12;2025-12-05;9;2668
12;2025-12-05;10;2006
12;2025-12-05;11;1993
12;2025-12-05;12;2037
12;2025-12-05;13;2308
12;2025-12-05;14;2088
12;2025-12-05;15;2344
12;2025-12-05;16;3079
12;2025-12-05;17;3076
12;2025-12-05;18;2700
12;2025-12-05;19;2226
12;2025-12-05;20;1457
12;2025-12-05;21;1060
12;2025-12-05;22;531
12;2025-12-05;23;352
12;2025-12-06;0;70
12;2025-12-06;1;2
12;2025-12-06;2;0
12;2025-12-06;3;0
12;2025-12-06;4;2
12;2025-12-06;5;233
12;2025-12-06;6;826
12;2025-12-06;7;938
12;2025-12-06;8;1094
12;2025-12-06;9;1303
12;2025-12-06;10;1549
12;2025-12-06;11;1570
12;2025-12-06;12;1612
12;2025-12-06;13;1829
12;2025-12-06;14;1653
12;2025-12-06;15;1623
12;2025-12-06;16;1748
12;2025-12-06;17;1674
12;2025-12-06;18;1664
12;2025-12-06;19;1399
12;2025-12-06;20;983
12;2025-12-06;21;798
12;2025-12-06;22;406
12;2025-12-06;23;305
12;2025-12-07;0;85
12;2025-12-07;1;3
12;2025-12-07;2;0
12;2025-12-07;3;0
12;2025-12-07;4;3
12;2025-12-07;5;135
12;2025-12-07;6;534
12;2025-12-07;7;726
12;2025-12-07;8;740
12;2025-12-07;9;930
12;2025-12-07;10;1174
12;2025-12-07;11;1279
12;2025-12-07;12;1358
12;2025-12-07;13;1594
12;2025-12-07;14;1492
12;2025-12-07;15;1525
12;2025-12-07;16;1527
12;2025-12-07;17;1580
12;2025-12-07;18;1372
12;2025-12-07;19;1021
12;2025-12-07;20;796
12;2025-12-07;21;609
12;2025-12-07;22;398
12;2025-12-07;23;201
12;2025-12-08;0;56
12;2025-12-08;1;2
12;2025-12-08;2;0
12;2025-12-08;3;0
12;2025-12-08;4;7
12;2025-12-08;5;329
12;2025-12-08;6;1499
12;2025-12-08;7;2831
12;2025-12-08;8;3806
12;2025-12-08;9;2686
12;2025-12-08;10;2176
12;2025-12-08;11;2034
12;2025-12-08;12;2147
12;2025-12-08;13;2166
12;2025-12-08;14;2057
12;2025-12-08;15;2299
12;2025-12-08;16;2804
12;2025-12-08;17;3126
12;2025-12-08;18;3314
12;2025-12-08;19;2477
12;2025-12-08;20;1630
12;2025-12-08;21;1009
12;2025-12-08;22;508
12;2025-12-08;23;265
12;2025-12-09;0;56
12;2025-12-09;1;2
12;2025-12-09;2;0
12;2025-12-09;3;0
12;2025-12-09;4;7
12;2025-12-09;5;329
12;2025-12-09;6;1499
12;2025-12-09;7;2831
12;2025-12-09;8;3806
12;2025-12-09;9;2686
12;2025-12-09;10;2176
12;2025-12-09;11;2034
12;2025-12-09;12;2147
12;2025-12-09;13;2166
12;2025-12-09;14;2057
12;2025-12-09;15;2299
12;2025-12-09;16;2804
12;2025-12-09;17;3126
12;2025-12-09;18;3314
12;2025-12-09;19;2477
12;2025-12-09;20;1630
12;2025-12-09;21;1009
12;2025-12-09;22;508
12;2025-12-09;23;265
12;2025-12-10;0;56
12;2025-12-10;1;2
12;2025-12-10;2;0
12;2025-12-10;3;0
12;2025-12-10;4;7
12;2025-12-10;5;329
12;2025-12-10;6;1499
12;2025-12-10;7;2831
12;2025-12-10;8;3806
12;2025-12-10;9;2686
12;2025-12-10;10;2176
12;2025-12-10;11;2034
12;2025-12-10;12;2147
12;2025-12-10;13;2166
12;2025-12-10;14;2057
12;2025-12-10;15;2299
12;2025-12-10;16;2804
12;2025-12-10;17;3126
12;2025-12-10;18;3314
12;2025-12-10;19;2477
12;2025-12-10;20;1630
12;2025-12-10;21;1009
12;2025-12-10;22;508
12;2025-12-10;23;265
12;2025-12-11;0;56
12;2025-12-11;1;2
12;2025-12-11;2;0
12;2025-12-11;3;0
12;2025-12-11;4;7
12;2025-12-11;5;329
12;2025-12-11;6;1499
12;2025-12-11;7;2831
12;2025-12-11;8;3806
12;2025-12-11;9;2686
12;2025-12-11;10;2176
12;2025-12-11;11;2034
12;2025-12-11;12;2147
12;2025-12-11;13;2166
12;2025-12-11;14;2057
12;2025-12-11;15;2299
12;2025-12-11;16;2804
12;2025-12-11;17;3126
12;2025-12-11;18;3314
12;2025-12-11;19;2477
12;2025-12-11;20;1630
12;2025-12-11;21;1009
12;2025-12-11;22;508
12;2025-12-11;23;265
12;2025-12-12;0;58
12;2025-12-12;1;1
12;2025-12-12;2;0
12;2025-12-12;3;0
12;2025-12-12;4;5
12;2025-12-12;5;346
12;2025-12-12;6;1502
12;2025-12-12;7;2880
12;2025-12-12;8;3555
12;2025-12-12;9;2668
12;2025-12-12;10;2006
12;2025-12-12;11;1993
12;2025-12-12;12;2037
12;2025-12-12;13;2308
12;2025-12-12;14;2088
12;2025-12-12;15;2344
12;2025-12-12;16;3079
12;2025-12-12;17;3076
12;2025-12-12;18;2700
12;2025-12-12;19;2226
12;2025-12-12;20;1457
12;2025-12-12;21;1060
12;2025-12-12;22;531
12;2025-12-12;23;352
12;2025-12-13;0;70
12;2025-12-13;1;2
12;2025-12-13;2;0
12;2025-12-13;3;0
12;2025-12-13;4;2
12;2025-12-13;5;233
12;2025-12-13;6;826
12;2025-12-13;7;938
12;2025-12-13;8;1094
12;2025-12-13;9;1303
12;2025-12-13;10;1549
12;2025-12-13;11;1570
12;2025-12-13;12;1612
12;2025-12-13;13;1829
12;2025-12-13;14;1653
12;2025-12-13;15;1623
12;2025-12-13;16;1748
12;2025-12-13;17;1674
12;2025-12-13;18;1664
12;2025-12-13;19;1399
12;2025-12-13;20;983
12;2025-12-13;21;798
12;2025-12-13;22;406
12;2025-12-13;23;305
12;2025-12-14;0;85
12;2025-12-14;1;3
12;2025-12-14;2;0
12;2025-12-14;3;0
12;2025-12-14;4;3
12;2025-12-14;5;135
12;2025-12-14;6;534
12;2025-12-14;7;726
12;2025-12-14;8;740
12;2025-12-14;9;930
12;2025-12-14;10;1174
12;2025-12-14;11;1279
12;2025-12-14;12;1358
12;2025-12-14;13;1594
12;2025-12-14;14;1492
12;2025-12-14;15;1525
12;2025-12-14;16;1527
12;2025-12-14;17;1580
12;2025-12-14;18;1372
12;2025-12-14;19;1021
12;2025-12-14;20;796
12;2025-12-14;21;609
12;2025-12-14;22;398
12;2025-12-14;23;201
12;2025-12-15;0;56
12;2025-12-15;1;2
12;2025-12-15;2;0
12;2025-12-15;3;0
12;2025-12-15;4;7
12;2025-12-15;5;329
12;2025-12-15;6;1499
12;2025-12-15;7;2831
12;2025-12-15;8;3806
12;2025-12-15;9;2686
12;2025-12-15;10;2176
12;2025-12-15;11;2034
12;2025-12-15;12;2147
12;2025-12-15;13;2166
12;2025-12-15;14;2057
12;2025-12-15;15;2299
12;2025-12-15;16;2804
12;2025-12-15;17;3126
12;2025-12-15;18;3314
12;2025-12-15;19;2477
12;2025-12-15;20;1630
12;2025-12-15;21;1009
12;2025-12-15;22;508
12;2025-12-15;23;265
12;2025-12-16;0;56
12;2025-12-16;1;2
12;2025-12-16;2;0
12;2025-12-16;3;0
12;2025-12-16;4;7
12;2025-12-16;5;329
12;2025-12-16;6;1499
12;2025-12-16;7;2831
12;2025-12-16;8;3806
12;2025-12-16;9;2686
12;2025-12-16;10;2176
12;2025-12-16;11;2034
12;2025-12-16;12;2147
12;2025-12-16;13;2166
12;2025-12-16;14;2057
12;2025-12-16;15;2299
12;2025-12-16;16;2804
12;2025-12-16;17;3126
12;2025-12-16;18;3314
12;2025-12-16;19;2477
12;2025-12-16;20;1630
12;2025-12-16;21;1009
12;2025-12-16;22;508
12;2025-12-16;23;265
12;2025-12-17;0;56
12;2025-12-17;1;2
12;2025-12-17;2;0
12;2025-12-17;3;0
12;2025-12-17;4;7
12;2025-12-17;5;329
12;2025-12-17;6;1499
12;2025-12-17;7;2831
12;2025-12-17;8;3806
12;2025-12-17;9;2686
12;2025-12-17;10;2176
12;2025-12-17;11;2034
12;2025-12-17;12;2147
12;2025-12-17;13;2166
12;2025-12-17;14;2057
12;2025-12-17;15;2299
12;2025-12-17;16;2804
12;2025-12-17;17;3126
12;2025-12-17;18;3314
12;2025-12-17;19;2477
12;2025-12-17;20;1630
12;2025-12-17;21;1009
12;2025-12-17;22;508
12;2025-12-17;23;265
12;2025-12-18;0;56
12;2025-12-18;1;2
12;2025-12-18;2;0
12;2025-12-18;3;0
12;2025-12-18;4;7
12;2025-12-18;5;329
12;2025-12-18;6;1499
12;2025-12-18;7;2831
12;2025-12-18;8;3806
12;2025-12-18;9;2686
12;2025-12-18;10;2176
12;2025-12-18;11;2034
12;2025-12-18;12;2147
12;2025-12-18;13;2166
12;2025-12-18;14;2057
12;2025-12-18;15;2299
12;2025-12-18;16;2804
12;2025-12-18;17;3126
12;2025-12-18;18;3314
12;2025-12-18;19;2477
12;2025-12-18;20;1630
12;2025-12-18;21;1009
12;2025-12-18;22;508
12;2025-12-18;23;265
12;2025-12-19;0;58
12;2025-12-19;1;1
12;2025-12-19;2;0
12;2025-12-19;3;0
12;2025-12-19;4;5
12;2025-12-19;5;346
12;2025-12-19;6;1502
12;2025-12-19;7;2880
12;2025-12-19;8;3555
12;2025-12-19;9;2668
12;2025-12-19;10;2006
12;2025-12-19;11;1993
12;2025-12-19;12;2037
12;2025-12-19;13;2308
12;2025-12-19;14;2088
12;2025-12-19;15;2344
12;2025-12-19;16;3079
12;2025-12-19;17;3076
12;2025-12-19;18;2700
12;2025-12-19;19;2226
12;2025-12-19;20;1457
12;2025-12-19;21;1060
12;2025-12-19;22;531
12;2025-12-19;23;352
12;2025-12-20;0;70
12;2025-12-20;1;2
12;2025-12-20;2;0
12;2025-12-20;3;0
12;2025-12-20;4;2
12;2025-12-20;5;233
12;2025-12-20;6;826
12;2025-12-20;7;938
12;2025-12-20;8;1094
12;2025-12-20;9;1303
12;2025-12-20;10;1549
12;2025-12-20;11;1570
12;2025-12-20;12;1612
12;2025-12-20;13;1829
12;2025-12-20;14;1653
12;2025-12-20;15;1623
12;2025-12-20;16;1748
12;2025-12-20;17;1674
12;2025-12-20;18;1664
12;2025-12-20;19;1399
12;2025-12-20;20;983
12;2025-12-20;21;798
12;2025-12-20;22;406
12;2025-12-20;23;305
12;2025-12-21;0;85
12;2025-12-21;1;3
12;2025-12-21;2;0
12;2025-12-21;3;0
12;2025-12-21;4;3
12;2025-12-21;5;135
12;2025-12-21;6;534
12;2025-12-21;7;726
12;2025-12-21;8;740
12;2025-12-21;9;930
12;2025-12-21;10;1174
12;2025-12-21;11;1279
12;2025-12-21;12;1358
12;2025-12-21;13;1594
12;2025-12-21;14;1492
12;2025-12-21;15;1525
12;2025-12-21;16;1527
12;2025-12-21;17;1580
12;2025-12-21;18;1372
12;2025-12-21;19;1021
12;2025-12-21;20;796
12;2025-12-21;21;609
12;2025-12-21;22;398
12;2025-12-21;23;201
12;2025-12-22;0;56
12;2025-12-22;1;2
12;2025-12-22;2;0
12;2025-12-22;3;0
12;2025-12-22;4;7
12;2025-12-22;5;329
12;2025-12-22;6;1499
12;2025-12-22;7;2831
12;2025-12-22;8;3806
12;2025-12-22;9;2686
12;2025-12-22;10;2176
12;2025-12-22;11;2034
12;2025-12-22;12;2147
12;2025-12-22;13;2166
12;2025-12-22;14;2057
12;2025-12-22;15;2299
12;2025-12-22;16;2804
12;2025-12-22;17;3126
12;2025-12-22;18;3314
12;2025-12-22;19;2477
12;2025-12-22;20;1630
12;2025-12-22;21;1009
12;2025-12-22;22;508
12;2025-12-22;23;265
12;2025-12-23;0;56
12;2025-12-23;1;2
12;2025-12-23;2;0
12;2025-12-23;3;0
12;2025-12-23;4;7
12;2025-12-23;5;329
12;2025-12-23;6;1499
12;2025-12-23;7;2831
12;2025-12-23;8;3806
12;2025-12-23;9;2686
12;2025-12-23;10;2176
12;2025-12-23;11;2034
12;2025-12-23;12;2147
12;2025-12-23;13;2166
12;2025-12-23;14;2057
12;2025-12-23;15;2299
12;2025-12-23;16;2804
12;2025-12-23;17;3126
12;2025-12-23;18;3314
12;2025-12-23;19;2477
12;2025-12-23;20;1630
12;2025-12-23;21;1009
12;2025-12-23;22;508
12;2025-12-23;23;265
12;2025-12-24;0;56
12;2025-12-24;1;2
12;2025-12-24;2;0
12;2025-12-24;3;0
12;2025-12-24;4;7
12;2025-12-24;5;329
12;2025-12-24;6;1499
12;2025-12-24;7;2831
12;2025-12-24;8;3806
12;2025-12-24;9;2686
12;2025-12-24;10;2176
12;2025-12-24;11;2034
12;2025-12-24;12;2147
12;2025-12-24;13;2166
12;2025-12-24;14;2057
12;2025-12-24;15;2299
12;2025-12-24;16;2804
12;2025-12-24;17;3126
12;2025-12-24;18;3314
12;2025-12-24;19;2477
12;2025-12-24;20;1630
12;2025-12-24;21;1009
12;2025-12-24;22;508
12;2025-12-24;23;265
12;2025-12-25;0;56
12;2025-12-25;1;2
12;2025-12-25;2;0
12;2025-12-25;3;0
12;2025-12-25;4;7
12;2025-12-25;5;329
12;2025-12-25;6;1499
12;2025-12-25;7;2831
12;2025-12-25;8;3806
12;2025-12-25;9;2686
12;2025-12-25;10;2176
12;2025-12-25;11;2034
12;2025-12-25;12;2147
12;2025-12-25;13;2166
12;2025-12-25;14;2057
12;2025-12-25;15;2299
12;2025-12-25;16;2804
12;2025-12-25;17;3126
12;2025-12-25;18;3314
12;2025-12-25;19;2477
12;2025-12-25;20;1630
12;2025-12-25;21;1009
12;2025-12-25;22;508
12;2025-12-25;23;265
12;2025-12-26;0;56
12;2025-12-26;1;1
12;2025-12-26;2;0
12;2025-12-26;3;0
12;2025-12-26;4;5
12;2025-12-26;5;333
12;2025-12-26;6;1444
12;2025-12-26;7;2769
12;2025-12-26;8;3418
12;2025-12-26;9;2565
12;2025-12-26;10;1929
12;2025-12-26;11;1916
12;2025-12-26;12;1959
12;2025-12-26;13;2219
12;2025-12-26;14;2008
12;2025-12-26;15;2254
12;2025-12-26;16;2961
12;2025-12-26;17;2958
12;2025-12-26;18;2596
12;2025-12-26;19;2140
12;2025-12-26;20;1401
12;2025-12-26;21;1019
12;2025-12-26;22;511
12;2025-12-26;23;338
12;2025-12-27;0;67
12;2025-12-27;1;2
12;2025-12-27;2;0
12;2025-12-27;3;0
12;2025-12-27;4;2
12;2025-12-27;5;224
12;2025-12-27;6;794
12;2025-12-27;7;902
12;2025-12-27;8;1052
12;2025-12-27;9;1253
12;2025-12-27;10;1489
12;2025-12-27;11;1510
12;2025-12-27;12;1550
12;2025-12-27;13;1759
12;2025-12-27;14;1589
12;2025-12-27;15;1561
12;2025-12-27;16;1681
12;2025-12-27;17;1610
12;2025-12-27;18;1600
12;2025-12-27;19;1345
12;2025-12-27;20;945
12;2025-12-27;21;767
12;2025-12-27;22;390
12;2025-12-27;23;293
12;2025-12-28;0;82
12;2025-12-28;1;3
12;2025-12-28;2;0
12;2025-12-28;3;0
12;2025-12-28;4;3
12;2025-12-28;5;130
12;2025-12-28;6;513
12;2025-12-28;7;698
12;2025-12-28;8;712
12;2025-12-28;9;894
12;2025-12-28;10;1129
12;2025-12-28;11;1230
12;2025-12-28;12;1306
12;2025-12-28;13;1533
12;2025-12-28;14;1435
12;2025-12-28;15;1466
12;2025-12-28;16;1468
12;2025-12-28;17;1519
12;2025-12-28;18;1319
12;2025-12-28;19;982
12;2025-12-28;20;765
12;2025-12-28;21;586
12;2025-12-28;22;383
12;2025-12-28;23;193
12;2025-12-29;0;47
12;2025-12-29;1;1
12;2025-12-29;2;0
12;2025-12-29;3;0
12;2025-12-29;4;6
12;2025-12-29;5;278
12;2025-12-29;6;1268
12;2025-12-29;7;2395
12;2025-12-29;8;3220
12;2025-12-29;9;2273
12;2025-12-29;10;1841
12;2025-12-29;11;1721
12;2025-12-29;12;1816
12;2025-12-29;13;1833
12;2025-12-29;14;1741
12;2025-12-29;15;1945
12;2025-12-29;16;2373
12;2025-12-29;17;2645
12;2025-12-29;18;2804
12;2025-12-29;19;2096
12;2025-12-29;20;1379
12;2025-12-29;21;854
12;2025-12-29;22;430
12;2025-12-29;23;224
12;2025-12-30;0;47
12;2025-12-30;1;1
12;2025-12-30;2;0
12;2025-12-30;3;0
12;2025-12-30;4;6
12;2025-12-30;5;278
12;2025-12-30;6;1268
12;2025-12-30;7;2395
12;2025-12-30;8;3220
12;2025-12-30;9;2273
12;2025-12-30;10;1841
12;2025-12-30;11;1721
12;2025-12-30;12;1816
12;2025-12-30;13;1833
12;2025-12-30;14;1741
12;2025-12-30;15;1945
12;2025-12-30;16;2373
12;2025-12-30;17;2645
12;2025-12-30;18;2804
12;2025-12-30;19;2096
12;2025-12-30;20;1379
12;2025-12-30;21;854
12;2025-12-30;22;430
12;2025-12-30;23;224
12;2025-12-31;0;54
12;2025-12-31;1;1
12;2025-12-31;2;0
12;2025-12-31;3;0
12;2025-12-31;4;1
12;2025-12-31;5;179
12;2025-12-31;6;635
12;2025-12-31;7;722
12;2025-12-31;8;842
12;2025-12-31;9;1002
12;2025-12-31;10;1191
12;2025-12-31;11;1208
12;2025-12-31;12;1240
12;2025-12-31;13;1408
12;2025-12-31;14;1271
12;2025-12-31;15;1249
12;2025-12-31;16;1345
12;2025-12-31;17;1288
12;2025-12-31;18;1280
12;2025-12-31;19;1076
12;2025-12-31;20;0
12;2025-12-31;21;0
12;2025-12-31;22;0
12;2025-12-31;23;0
17;2025-11-01;0;151
17;2025-11-01;1;30
17;2025-11-01;2;0
17;2025-11-01;3;0
17;2025-11-01;4;19
17;2025-11-01;5;246
17;2025-11-01;6;1209
17;2025-11-01;7;3277
17;2025-11-01;8;4151
17;2025-11-01;9;2999
17;2025-11-01;10;2375
17;2025-11-01;11;2417
17;2025-11-01;12;2388
17;2025-11-01;13;2459
17;2025-11-01;14;2514
17;2025-11-01;15;2731
17;2025-11-01;16;3302
17;2025-11-01;17;3755
17;2025-11-01;18;3407
17;2025-11-01;19;2521
17;2025-11-01;20;1857
17;2025-11-01;21;1249
17;2025-11-01;22;602
17;2025-11-01;23;374
17;2025-11-02;0;184
17;2025-11-02;1;23
17;2025-11-02;2;0
17;2025-11-02;3;0
17;2025-11-02;4;3
17;2025-11-02;5;105
17;2025-11-02;6;433
17;2025-11-02;7;841
17;2025-11-02;8;1225
17;2025-11-02;9;1677
17;2025-11-02;10;1979
17;2025-11-02;11;2544
17;2025-11-02;12;2887
17;2025-11-02;13;3135
17;2025-11-02;14;3268
17;2025-11-02;15;3200
17;2025-11-02;16;3112
17;2025-11-02;17;2954
17;2025-11-02;18;2547
17;2025-11-02;19;2038
17;2025-11-02;20;1502
17;2025-11-02;21;1110
17;2025-11-02;22;680
17;2025-11-02;23;312
17;2025-11-03;0;184
17;2025-11-03;1;23
17;2025-11-03;2;0
17;2025-11-03;3;0
17;2025-11-03;4;3
17;2025-11-03;5;105
17;2025-11-03;6;433
17;2025-11-03;7;841
17;2025-11-03;8;1225
17;2025-11-03;9;1677
17;2025-11-03;10;1979
17;2025-11-03;11;2544
17;2025-11-03;12;2887
17;2025-11-03;13;3135
17;2025-11-03;14;3268
17;2025-11-03;15;3200
17;2025-11-03;16;3112
17;2025-11-03;17;2954
17;2025-11-03;18;2547
17;2025-11-03;19;2038
17;2025-11-03;20;1502
17;2025-11-03;21;1110
17;2025-11-03;22;680
17;2025-11-03;23;312
17;2025-11-04;0;184
17;2025-11-04;1;23
17;2025-11-04;2;0
17;2025-11-04;3;0
17;2025-11-04;4;3
17;2025-11-04;5;105
17;2025-11-04;6;433
17;2025-11-04;7;841
17;2025-11-04;8;1225
17;2025-11-04;9;1677
17;2025-11-04;10;1979
17;2025-11-04;11;2544
17;2025-11-04;12;2887
17;2025-11-04;13;3135
17;2025-11-04;14;3268
17;2025-11-04;15;3200
17;2025-11-04;16;3112
17;2025-11-04;17;2954
17;2025-11-04;18;2547
17;2025-11-04;19;2038
17;2025-11-04;20;1502
17;2025-11-04;21;1110
17;2025-11-04;22;680
17;2025-11-04;23;312
17;2025-11-05;0;125
17;2025-11-05;1;12
17;2025-11-05;2;0
17;2025-11-05;3;0
17;2025-11-05;4;27
17;2025-11-05;5;322
17;2025-11-05;6;1605
17;2025-11-05;7;4377
17;2025-11-05;8;5634
17;2025-11-05;9;4033
17;2025-11-05;10;3158
17;2025-11-05;11;3131
17;2025-11-05;12;3157
17;2025-11-05;13;3216
17;2025-11-05;14;3331
17;2025-11-05;15;3390
17;2025-11-05;16;3843
17;2025-11-05;17;4685
17;2025-11-05;18;4928
17;2025-11-05;19;3328
17;2025-11-05;20;2369
17;2025-11-05;21;1486
17;2025-11-05;22;713
17;2025-11-05;23;375
17;2025-11-06;0;125
17;2025-11-06;1;12
17;2025-11-06;2;0
17;2025-11-06;3;0
17;2025-11-06;4;27
17;2025-11-06;5;322
17;2025-11-06;6;1605
17;2025-11-06;7;4377
17;2025-11-06;8;5634
17;2025-11-06;9;4033
17;2025-11-06;10;3158
17;2025-11-06;11;3131
17;2025-11-06;12;3157
17;2025-11-06;13;3216
17;2025-11-06;14;3331
17;2025-11-06;15;3390
17;2025-11-06;16;3843
17;2025-11-06;17;4685
17;2025-11-06;18;4928
17;2025-11-06;19;3328
17;2025-11-06;20;2369
17;2025-11-06;21;1486
17;2025-11-06;22;713
17;2025-11-06;23;375
17;2025-11-07;0;148
17;2025-11-07;1;18
17;2025-11-07;2;0
17;2025-11-07;3;0
17;2025-11-07;4;25
17;2025-11-07;5;320
17;2025-11-07;6;1571
17;2025-11-07;7;4260
17;2025-11-07;8;5397
17;2025-11-07;9;3899
17;2025-11-07;10;3088
17;2025-11-07;11;3142
17;2025-11-07;12;3104
17;2025-11-07;13;3197
17;2025-11-07;14;3268
17;2025-11-07;15;3551
17;2025-11-07;16;4293
17;2025-11-07;17;4882
17;2025-11-07;18;4429
17;2025-11-07;19;3277
17;2025-11-07;20;2414
17;2025-11-07;21;1624
17;2025-11-07;22;782
17;2025-11-07;23;487
17;2025-11-08;0;209
17;2025-11-08;1;29
17;2025-11-08;2;0
17;2025-11-08;3;0
17;2025-11-08;4;5
17;2025-11-08;5;140
17;2025-11-08;6;600
17;2025-11-08;7;1307
17;2025-11-08;8;1854
17;2025-11-08;9;2359
17;2025-11-08;10;2636
17;2025-11-08;11;3143
17;2025-11-08;12;3481
17;2025-11-08;13;3755
17;2025-11-08;14;3771
17;2025-11-08;15;3763
17;2025-11-08;16;3780
17;2025-11-08;17;3481
17;2025-11-08;18;3082
17;2025-11-08;19;2436
17;2025-11-08;20;1918
17;2025-11-08;21;1376
17;2025-11-08;22;829
17;2025-11-08;23;465
17;2025-11-09;0;191
17;2025-11-09;1;24
17;2025-11-09;2;0
17;2025-11-09;3;0
17;2025-11-09;4;3
17;2025-11-09;5;109
17;2025-11-09;6;450
17;2025-11-09;7;875
17;2025-11-09;8;1274
17;2025-11-09;9;1744
17;2025-11-09;10;2058
17;2025-11-09;11;2646
17;2025-11-09;12;3002
17;2025-11-09;13;3260
17;2025-11-09;14;3399
17;2025-11-09;15;3328
17;2025-11-09;16;3236
17;2025-11-09;17;3072
17;2025-11-09;18;2649
17;2025-11-09;19;2120
17;2025-11-09;20;1562
17;2025-11-09;21;1154
17;2025-11-09;22;707
17;2025-11-09;23;324
17;2025-11-10;0;125
17;2025-11-10;1;12
17;2025-11-10;2;0
17;2025-11-10;3;0
17;2025-11-10;4;27
17;2025-11-10;5;322
17;2025-11-10;6;1605
17;2025-11-10;7;4377
17;2025-11-10;8;5634
17;2025-11-10;9;4033
17;2025-11-10;10;3158
17;2025-11-10;11;3131
17;2025-11-10;12;3157
17;2025-11-10;13;3216
17;2025-11-10;14;3331
17;2025-11-10;15;3390
17;2025-11-10;16;3843
17;2025-11-10;17;4685
17;2025-11-10;18;4928
17;2025-11-10;19;3328
17;2025-11-10;20;2369
17;2025-11-10;21;1486
17;2025-11-10;22;713
17;2025-11-10;23;375
17;2025-11-11;0;125
17;2025-11-11;1;12
17;2025-11-11;2;0
17;2025-11-11;3;0
17;2025-11-11;4;27
17;2025-11-11;5;322
17;2025-11-11;6;1605
17;2025-11-11;7;4377
17;2025-11-11;8;5634
17;2025-11-11;9;4033
17;2025-11-11;10;3158
17;2025-11-11;11;3131
17;2025-11-11;12;3157
17;2025-11-11;13;3216
17;2025-11-11;14;3331
17;2025-11-11;15;3390
17;2025-11-11;16;3843
17;2025-11-11;17;4685
17;2025-11-11;18;4928
17;2025-11-11;19;3328
17;2025-11-11;20;2369
17;2025-11-11;21;1486
17;2025-11-11;22;713
17;2025-11-11;23;375
17;2025-11-12;0;125
17;2025-11-12;1;12
17;2025-11-12;2;0
17;2025-11-12;3;0
17;2025-11-12;4;27
17;2025-11-12;5;322
17;2025-11-12;6;1605
17;2025-11-12;7;4377
17;2025-11-12;8;5634
17;2025-11-12;9;4033
17;2025-11-12;10;3158
17;2025-11-12;11;3131
17;2025-11-12;12;3157
17;2025-11-12;13;3216
17;2025-11-12;14;3331
17;2025-11-12;15;3390
17;2025-11-12;16;3843
17;2025-11-12;17;4685
17;2025-11-12;18;4928
17;2025-11-12;19;3328
17;2025-11-12;20;2369
17;2025-11-12;21;1486
17;2025-11-12;22;713
17;2025-11-12;23;375
17;2025-11-13;0;125
17;2025-11-13;1;12
17;2025-11-13;2;0
17;2025-11-13;3;0
17;2025-11-13;4;27
17;2025-11-13;5;322
17;2025-11-13;6;1605
17;2025-11-13;7;4377
17;2025-11-13;8;5634
17;2025-11-13;9;4033
17;2025-11-13;10;3158
17;2025-11-13;11;3131
17;2025-11-13;12;3157
17;2025-11-13;13;3216
17;2025-11-13;14;3331
17;2025-11-13;15;3390
17;2025-11-13;16;3843
17;2025-11-13;17;4685
17;2025-11-13;18;4928
17;2025-11-13;19;3328
17;2025-11-13;20;2369
17;2025-11-13;21;1486
17;2025-11-13;22;713
17;2025-11-13;23;375
17;2025-11-14;0;148
17;2025-11-14;1;18
17;2025-11-14;2;0
17;2025-11-14;3;0
17;2025-11-14;4;25
17;2025-11-14;5;320
17;2025-11-14;6;1571
17;2025-11-14;7;4260
17;2025-11-14;8;5397
17;2025-11-14;9;3899
17;2025-11-14;10;3088
17;2025-11-14;11;3142
17;2025-11-14;12;3104
17;2025-11-14;13;3197
17;2025-11-14;14;3268
17;2025-11-14;15;3551
17;2025-11-14;16;4293
17;2025-11-14;17;4882
17;2025-11-14;18;4429
17;2025-11-14;19;3277
17;2025-11-14;20;2414
17;2025-11-14;21;1624
17;2025-11-14;22;782
17;2025-11-14;23;487
17;2025-11-15;0;209
17;2025-11-15;1;29
17;2025-11-15;2;0
17;2025-11-15;3;0
17;2025-11-15;4;5
17;2025-11-15;5;140
17;2025-11-15;6;600
17;2025-11-15;7;1307
17;2025-11-15;8;1854
17;2025-11-15;9;2359
17;2025-11-15;10;2636
17;2025-11-15;11;3143
17;2025-11-15;12;3481
17;2025-11-15;13;3755
17;2025-11-15;14;3771
17;2025-11-15;15;3763
17;2025-11-15;16;3780
17;2025-11-15;17;3481
17;2025-11-15;18;3082
17;2025-11-15;19;2436
17;2025-11-15;20;1918
17;2025-11-15;21;1376
17;2025-11-15;22;829
17;2025-11-15;23;465
17;2025-11-16;0;191
17;2025-11-16;1;24
17;2025-11-16;2;0
17;2025-11-16;3;0
17;2025-11-16;4;3
17;2025-11-16;5;109
17;2025-11-16;6;450
17;2025-11-16;7;875
17;2025-11-16;8;1274
17;2025-11-16;9;1744
17;2025-11-16;10;2058
17;2025-11-16;11;2646
17;2025-11-16;12;3002
17;2025-11-16;13;3260
17;2025-11-16;14;3399
17;2025-11-16;15;3328
17;2025-11-16;16;3236
17;2025-11-16;17;3072
17;2025-11-16;18;2649
17;2025-11-16;19;2120
17;2025-11-16;20;1562
17;2025-11-16;21;1154
17;2025-11-16;22;707
17;2025-11-16;23;324
17;2025-11-17;0;125
17;2025-11-17;1;12
17;2025-11-17;2;0
17;2025-11-17;3;0
17;2025-11-17;4;27
17;2025-11-17;5;322
17;2025-11-17;6;1605
17;2025-11-17;7;4377
17;2025-11-17;8;5634
17;2025-11-17;9;4033
17;2025-11-17;10;3158
17;2025-11-17;11;3131
17;2025-11-17;12;3157
17;2025-11-17;13;3216
17;2025-11-17;14;3331
17;2025-11-17;15;3390
17;2025-11-17;16;3843
17;2025-11-17;17;4685
17;2025-11-17;18;4928
17;2025-11-17;19;3328
17;2025-11-17;20;2369
17;2025-11-17;21;1486
17;2025-11-17;22;713
17;2025-11-17;23;375
17;2025-11-18;0;125
17;2025-11-18;1;12
17;2025-11-18;2;0
17;2025-11-18;3;0
17;2025-11-18;4;27
17;2025-11-18;5;322
17;2025-11-18;6;1605
17;2025-11-18;7;4377
17;2025-11-18;8;5634
17;2025-11-18;9;4033
17;2025-11-18;10;3158
17;2025-11-18;11;3131
17;2025-11-18;12;3157
17;2025-11-18;13;3216
17;2025-11-18;14;3331
17;2025-11-18;15;3390
17;2025-11-18;16;3843
17;2025-11-18;17;4685
17;2025-11-18;18;4928
17;2025-11-18;19;3328
17;2025-11-18;20;2369
17;2025-11-18;21;1486
17;2025-11-18;22;713
17;2025-11-18;23;375
17;2025-11-19;0;125
17;2025-11-19;1;12
17;2025-11-19;2;0
17;2025-11-19;3;0
17;2025-11-19;4;27
17;2025-11-19;5;322
17;2025-11-19;6;1605
17;2025-11-19;7;4377
17;2025-11-19;8;5634
17;2025-11-19;9;4033
17;2025-11-19;10;3158
17;2025-11-19;11;3131
17;2025-11-19;12;3157
17;2025-11-19;13;3216
17;2025-11-19;14;3331
17;2025-11-19;15;3390
17;2025-11-19;16;3843
17;2025-11-19;17;4685
17;2025-11-19;18;4928
17;2025-11-19;19;3328
17;2025-11-19;20;2369
17;2025-11-19;21;1486
17;2025-11-19;22;713
17;2025-11-19;23;375
17;2025-11-20;0;125
17;2025-11-20;1;12
17;2025-11-20;2;0
17;2025-11-20;3;0
17;2025-11-20;4;27
17;2025-11-20;5;322
17;2025-11-20;6;1605
17;2025-11-20;7;4377
17;2025-11-20;8;5634
17;2025-11-20;9;4033
17;2025-11-20;10;3158
17;2025-11-20;11;3131
17;2025-11-20;12;3157
17;2025-11-20;13;3216
17;2025-11-20;14;3331
17;2025-11-20;15;3390
17;2025-11-20;16;3843
17;2025-11-20;17;4685
17;2025-11-20;18;4928
17;2025-11-20;19;3328
17;2025-11-20;20;2369
17;2025-11-20;21;1486
17;2025-11-20;22;713
17;2025-11-20;23;375
17;2025-11-21;0;148
17;2025-11-21;1;18
17;2025-11-21;2;0
17;2025-11-21;3;0
17;2025-11-21;4;25
17;2025-11-21;5;320
17;2025-11-21;6;1571
17;2025-11-21;7;4260
17;2025-11-21;8;5397
17;2025-11-21;9;3899
17;2025-11-21;10;3088
17;2025-11-21;11;3142
17;2025-11-21;12;3104
17;2025-11-21;13;3197
17;2025-11-21;14;3268
17;2025-11-21;15;3551
17;2025-11-21;16;4293
17;2025-11-21;17;4882
17;2025-11-21;18;4429
17;2025-11-21;19;3277
17;2025-11-21;20;2414
17;2025-11-21;21;1624
17;2025-11-21;22;782
17;2025-11-21;23;487
17;2025-11-22;0;209
17;2025-11-22;1;29
17;2025-11-22;2;0
17;2025-11-22;3;0
17;2025-11-22;4;5
17;2025-11-22;5;140
17;2025-11-22;6;600
17;2025-11-22;7;1307
17;2025-11-22;8;1854
17;2025-11-22;9;2359
17;2025-11-22;10;2636
17;2025-11-22;11;3143
17;2025-11-22;12;3481
17;2025-11-22;13;3755
17;2025-11-22;14;3771
17;2025-11-22;15;3763
17;2025-11-22;16;3780
17;2025-11-22;17;3481
17;2025-11-22;18;3082
17;2025-11-22;19;2436
17;2025-11-22;20;1918
17;2025-11-22;21;1376
17;2025-11-22;22;829
17;2025-11-22;23;465
17;2025-11-23;0;191
17;2025-11-23;1;24
17;2025-11-23;2;0
17;2025-11-23;3;0
17;2025-11-23;4;3
17;2025-11-23;5;109
17;2025-11-23;6;450
17;2025-11-23;7;875
17;2025-11-23;8;1274
17;2025-11-23;9;1744
17;2025-11-23;10;2058
17;2025-11-23;11;2646
17;2025-11-23;12;3002
17;2025-11-23;13;3260
17;2025-11-23;14;3399
17;2025-11-23;15;3328
17;2025-11-23;16;3236
17;2025-11-23;17;3072
17;2025-11-23;18;2649
17;2025-11-23;19;2120
17;2025-11-23;20;1562
17;2025-11-23;21;1154
17;2025-11-23;22;707
17;2025-11-23;23;324
17;2025-11-24;0;125
17;2025-11-24;1;12
17;2025-11-24;2;0
17;2025-11-24;3;0
17;2025-11-24;4;27
17;2025-11-24;5;322
17;2025-11-24;6;1605
17;2025-11-24;7;4377
17;2025-11-24;8;5634
17;2025-11-24;9;4033
17;2025-11-24;10;3158
17;2025-11-24;11;3131
17;2025-11-24;12;3157
17;2025-11-24;13;3216
17;2025-11-24;14;3331
17;2025-11-24;15;3390
17;2025-11-24;16;3843
17;2025-11-24;17;4685
17;2025-11-24;18;4928
17;2025-11-24;19;3328
17;2025-11-24;20;2369
17;2025-11-24;21;1486
17;2025-11-24;22;713
17;2025-11-24;23;375
17;2025-11-25;0;125
17;2025-11-25;1;12
17;2025-11-25;2;0
17;2025-11-25;3;0
17;2025-11-25;4;27
17;2025-11-25;5;322
17;2025-11-25;6;1605
17;2025-11-25;7;4377
17;2025-11-25;8;5634
17;2025-11-25;9;4033
17;2025-11-25;10;3158
17;2025-11-25;11;3131
17;2025-11-25;12;3157
17;2025-11-25;13;3216
17;2025-11-25;14;3331
17;2025-11-25;15;3390
17;2025-11-25;16;3843
17;2025-11-25;17;4685
17;2025-11-25;18;4928
17;2025-11-25;19;3328
17;2025-11-25;20;2369
17;2025-11-25;21;1486
17;2025-11-25;22;713
17;2025-11-25;23;375
17;2025-11-26;0;125
17;2025-11-26;1;12
17;2025-11-26;2;0
17;2025-11-26;3;0
17;2025-11-26;4;27
17;2025-11-26;5;322
17;2025-11-26;6;1605
17;2025-11-26;7;4377
17;2025-11-26;8;5634
17;2025-11-26;9;4033
17;2025-11-26;10;3158
17;2025-11-26;11;3131
17;2025-11-26;12;3157
17;2025-11-26;13;3216
17;2025-11-26;14;3331
17;2025-11-26;15;3390
17;2025-11-26;16;3843
17;2025-11-26;17;4685
17;2025-11-26;18;4928
17;2025-11-26;19;3328
17;2025-11-26;20;2369
17;2025-11-26;21;1486
17;2025-11-26;22;713
17;2025-11-26;23;375
17;2025-11-27;0;125
17;2025-11-27;1;12
17;2025-11-27;2;0
17;2025-11-27;3;0
17;2025-11-27;4;27
17;2025-11-27;5;322
17;2025-11-27;6;1605
17;2025-11-27;7;4377
17;2025-11-27;8;5634
17;2025-11-27;9;4033
17;2025-11-27;10;3158
17;2025-11-27;11;3131
17;2025-11-27;12;3157
17;2025-11-27;13;3216
17;2025-11-27;14;3331
17;2025-11-27;15;3390
17;2025-11-27;16;3843
17;2025-11-27;17;4685
17;2025-11-27;18;4928
17;2025-11-27;19;3328
17;2025-11-27;20;2369
17;2025-11-27;21;1486
17;2025-11-27;22;713
17;2025-11-27;23;375
17;2025-11-28;0;148
17;2025-11-28;1;18
17;2025-11-28;2;0
17;2025-11-28;3;0
17;2025-11-28;4;25
17;2025-11-28;5;320
17;2025-11-28;6;1571
17;2025-11-28;7;4260
17;2025-11-28;8;5397
17;2025-11-28;9;3899
17;2025-11-28;10;3088
17;2025-11-28;11;3142
17;2025-11-28;12;3104
17;2025-11-28;13;3197
17;2025-11-28;14;3268
17;2025-11-28;15;3551
17;2025-11-28;16;4293
17;2025-11-28;17;4882
17;2025-11-28;18;4429
17;2025-11-28;19;3277
17;2025-11-28;20;2414
17;2025-11-28;21;1624
17;2025-11-28;22;782
17;2025-11-28;23;487
17;2025-11-29;0;209
17;2025-11-29;1;29
17;2025-11-29;2;0
17;2025-11-29;3;0
17;2025-11-29;4;5
17;2025-11-29;5;140
17;2025-11-29;6;600
17;2025-11-29;7;1307
17;2025-11-29;8;1854
17;2025-11-29;9;2359
17;2025-11-29;10;2636
17;2025-11-29;11;3143
17;2025-11-29;12;3481
17;2025-11-29;13;3755
17;2025-11-29;14;3771
17;2025-11-29;15;3763
17;2025-11-29;16;3780
17;2025-11-29;17;3481
17;2025-11-29;18;3082
17;2025-11-29;19;2436
17;2025-11-29;20;1918
17;2025-11-29;21;1376
17;2025-11-29;22;829
17;2025-11-29;23;465
17;2025-11-30;0;191
17;2025-11-30;1;24
17;2025-11-30;2;0
17;2025-11-30;3;0
17;2025-11-30;4;3
17;2025-11-30;5;109
17;2025-11-30;6;450
17;2025-11-30;7;875
17;2025-11-30;8;1274
17;2025-11-30;9;1744
17;2025-11-30;10;2058
17;2025-11-30;11;2646
17;2025-11-30;12;3002
17;2025-11-30;13;3260
17;2025-11-30;14;3399
17;2025-11-30;15;3328
17;2025-11-30;16;3236
17;2025-11-30;17;3072
17;2025-11-30;18;2649
17;2025-11-30;19;2120
17;2025-11-30;20;1562
17;2025-11-30;21;1154
17;2025-11-30;22;707
17;2025-11-30;23;324
17;2025-12-01;0;125
17;2025-12-01;1;12
17;2025-12-01;2;0
17;2025-12-01;3;0
17;2025-12-01;4;27
17;2025-12-01;5;322
17;2025-12-01;6;1605
17;2025-12-01;7;4377
17;2025-12-01;8;5634
17;2025-12-01;9;4033
17;2025-12-01;10;3158
17;2025-12-01;11;3131
17;2025-12-01;12;3157
17;2025-12-01;13;3216
17;2025-12-01;14;3331
17;2025-12-01;15;3390
17;2025-12-01;16;3843
17;2025-12-01;17;4685
17;2025-12-01;18;4928
17;2025-12-01;19;3328
17;2025-12-01;20;2369
17;2025-12-01;21;1486
17;2025-12-01;22;713
17;2025-12-01;23;375
17;2025-12-02;0;125
17;2025-12-02;1;12
17;2025-12-02;2;0
17;2025-12-02;3;0
17;2025-12-02;4;27
17;2025-12-02;5;322
17;2025-12-02;6;1605
17;2025-12-02;7;4377
17;2025-12-02;8;5634
17;2025-12-02;9;4033
17;2025-12-02;10;3158
17;2025-12-02;11;3131
17;2025-12-02;12;3157
17;2025-12-02;13;3216
17;2025-12-02;14;3331
17;2025-12-02;15;3390
17;2025-12-02;16;3843
17;2025-12-02;17;4685
17;2025-12-02;18;4928
17;2025-12-02;19;3328
17;2025-12-02;20;2369
17;2025-12-02;21;1486
17;2025-12-02;22;713
17;2025-12-02;23;375
17;2025-12-03;0;125
17;2025-12-03;1;12
17;2025-12-03;2;0
17;2025-12-03;3;0
17;2025-12-03;4;27
17;2025-12-03;5;322
17;2025-12-03;6;1605
17;2025-12-03;7;4377
17;2025-12-03;8;5634
17;2025-12-03;9;4033
17;2025-12-03;10;3158
17;2025-12-03;11;3131
17;2025-12-03;12;3157
17;2025-12-03;13;3216
17;2025-12-03;14;3331
17;2025-12-03;15;3390
17;2025-12-03;16;3843
17;2025-12-03;17;4685
17;2025-12-03;18;4928
17;2025-12-03;19;3328
17;2025-12-03;20;2369
17;2025-12-03;21;1486
17;2025-12-03;22;713
17;2025-12-03;23;375
17;2025-12-04;0;125
17;2025-12-04;1;12
17;2025-12-04;2;0
17;2025-12-04;3;0
17;2025-12-04;4;27
17;2025-12-04;5;322
17;2025-12-04;6;1605
17;2025-12-04;7;4377
17;2025-12-04;8;5634
17;2025-12-04;9;4033
17;2025-12-04;10;3158
17;2025-12-04;11;3131
17;2025-12-04;12;3157
17;2025-12-04;13;3216
17;2025-12-04;14;3331
17;2025-12-04;15;3390
17;2025-12-04;16;3843
17;2025-12-04;17;4685
17;2025-12-04;18;4928
17;2025-12-04;19;3328
17;2025-12-04;20;2369
17;2025-12-04;21;1486
17;2025-12-04;22;713
17;2025-12-04;23;375
17;2025-12-05;0;148
17;2025-12-05;1;18
17;2025-12-05;2;0
17;2025-12-05;3;0
17;2025-12-05;4;25
17;2025-12-05;5;320
17;2025-12-05;6;1571
17;2025-12-05;7;4260
17;2025-12-05;8;5397
17;2025-12-05;9;3899
17;2025-12-05;10;3088
17;2025-12-05;11;3142
17;2025-12-05;12;3104
17;2025-12-05;13;3197
17;2025-12-05;14;3268
17;2025-12-05;15;3551
17;2025-12-05;16;4293
17;2025-12-05;17;4882
17;2025-12-05;18;4429
17;2025-12-05;19;3277
17;2025-12-05;20;2414
17;2025-12-05;21;1624
17;2025-12-05;22;782
17;2025-12-05;23;487
17;2025-12-06;0;209
17;2025-12-06;1;29
17;2025-12-06;2;0
17;2025-12-06;3;0
17;2025-12-06;4;5
17;2025-12-06;5;140
17;2025-12-06;6;600
17;2025-12-06;7;1307
17;2025-12-06;8;1854
17;2025-12-06;9;2359
17;2025-12-06;10;2636
17;2025-12-06;11;3143
17;2025-12-06;12;3481
17;2025-12-06;13;3755
17;2025-12-06;14;3771
17;2025-12-06;15;3763
17;2025-12-06;16;3780
17;2025-12-06;17;3481
17;2025-12-06;18;3082
17;2025-12-06;19;2436
17;2025-12-06;20;1918
17;2025-12-06;21;1376
17;2025-12-06;22;829
17;2025-12-06;23;465
17;2025-12-07;0;191
17;2025-12-07;1;24
17;2025-12-07;2;0
17;2025-12-07;3;0
17;2025-12-07;4;3
17;2025-12-07;5;109
17;2025-12-07;6;450
17;2025-12-07;7;875
17;2025-12-07;8;1274
17;2025-12-07;9;1744
17;2025-12-07;10;2058
17;2025-12-07;11;2646
17;2025-12-07;12;3002
17;2025-12-07;13;3260
17;2025-12-07;14;3399
17;2025-12-07;15;3328
17;2025-12-07;16;3236
17;2025-12-07;17;3072
17;2025-12-07;18;2649
17;2025-12-07;19;2120
17;2025-12-07;20;1562
17;2025-12-07;21;1154
17;2025-12-07;22;707
17;2025-12-07;23;324
17;2025-12-08;0;125
17;2025-12-08;1;12
17;2025-12-08;2;0
17;2025-12-08;3;0
17;2025-12-08;4;27
17;2025-12-08;5;322
17;2025-12-08;6;1605
17;2025-12-08;7;4377
17;2025-12-08;8;5634
17;2025-12-08;9;4033
17;2025-12-08;10;3158
17;2025-12-08;11;3131
17;2025-12-08;12;3157
17;2025-12-08;13;3216
17;2025-12-08;14;3331
17;2025-12-08;15;3390
17;2025-12-08;16;3843
17;2025-12-08;17;4685
17;2025-12-08;18;4928
17;2025-12-08;19;3328
17;2025-12-08;20;2369
17;2025-12-08;21;1486
17;2025-12-08;22;713
17;2025-12-08;23;375
17;2025-12-09;0;125
17;2025-12-09;1;12
17;2025-12-09;2;0
17;2025-12-09;3;0
17;2025-12-09;4;27
17;2025-12-09;5;322
17;2025-12-09;6;1605
17;2025-12-09;7;4377
17;2025-12-09;8;5634
17;2025-12-09;9;4033
17;2025-12-09;10;3158
17;2025-12-09;11;3131
17;2025-12-09;12;3157
17;2025-12-09;13;3216
17;2025-12-09;14;3331
17;2025-12-09;15;3390
17;2025-12-09;16;3843
17;2025-12-09;17;4685
17;2025-12-09;18;4928
17;2025-12-09;19;3328
17;2025-12-09;20;2369
17;2025-12-09;21;1486
17;2025-12-09;22;713
17;2025-12-09;23;375
17;2025-12-10;0;125
17;2025-12-10;1;12
17;2025-12-10;2;0
17;2025-12-10;3;0
17;2025-12-10;4;27
17;2025-12-10;5;322
17;2025-12-10;6;1605
17;2025-12-10;7;4377
17;2025-12-10;8;5634
17;2025-12-10;9;4033
17;2025-12-10;10;3158
17;2025-12-10;11;3131
17;2025-12-10;12;3157
17;2025-12-10;13;3216
17;2025-12-10;14;3331
17;2025-12-10;15;3390
17;2025-12-10;16;3843
17;2025-12-10;17;4685
17;2025-12-10;18;4928
17;2025-12-10;19;3328
17;2025-12-10;20;2369
17;2025-12-10;21;1486
17;2025-12-10;22;713
17;2025-12-10;23;375
17;2025-12-11;0;125
17;2025-12-11;1;12
17;2025-12-11;2;0
17;2025-12-11;3;0
17;2025-12-11;4;27
17;2025-12-11;5;322
17;2025-12-11;6;1605
17;2025-12-11;7;4377
17;2025-12-11;8;5634
17;2025-12-11;9;4033
17;2025-12-11;10;3158
17;2025-12-11;11;3131
17;2025-12-11;12;3157
17;2025-12-11;13;3216
17;2025-12-11;14;3331
17;2025-12-11;15;3390
17;2025-12-11;16;3843
17;2025-12-11;17;4685
17;2025-12-11;18;4928
17;2025-12-11;19;3328
17;2025-12-11;20;2369
17;2025-12-11;21;1486
17;2025-12-11;22;713
17;2025-12-11;23;375
17;2025-12-12;0;148
17;2025-12-12;1;18
17;2025-12-12;2;0
17;2025-12-12;3;0
17;2025-12-12;4;25
17;2025-12-12;5;320
17;2025-12-12;6;1571
17;2025-12-12;7;4260
17;2025-12-12;8;5397
17;2025-12-12;9;3899
17;2025-12-12;10;3088
17;2025-12-12;11;3142
17;2025-12-12;12;3104
17;2025-12-12;13;3197
17;2025-12-12;14;3268
17;2025-12-12;15;3551
17;2025-12-12;16;4293
17;2025-12-12;17;4882
17;2025-12-12;18;4429
17;2025-12-12;19;3277
17;2025-12-12;20;2414
17;2025-12-12;21;1624
17;2025-12-12;22;782
17;2025-12-12;23;487
17;2025-12-13;0;209
17;2025-12-13;1;29
17;2025-12-13;2;0
17;2025-12-13;3;0
17;2025-12-13;4;5
17;2025-12-13;5;140
17;2025-12-13;6;600
17;2025-12-13;7;1307
17;2025-12-13;8;1854
17;2025-12-13;9;2359
17;2025-12-13;10;2636
17;2025-12-13;11;3143
17;2025-12-13;12;3481
17;2025-12-13;13;3755
17;2025-12-13;14;3771
17;2025-12-13;15;3763
17;2025-12-13;16;3780
17;2025-12-13;17;3481
17;2025-12-13;18;3082
17;2025-12-13;19;2436
17;2025-12-13;20;1918
17;2025-12-13;21;1376
17;2025-12-13;22;829
17;2025-12-13;23;465
17;2025-12-14;0;191
17;2025-12-14;1;24
17;2025-12-14;2;0
17;2025-12-14;3;0
17;2025-12-14;4;3
17;2025-12-14;5;109
17;2025-12-14;6;450
17;2025-12-14;7;875
17;2025-12-14;8;1274
17;2025-12-14;9;1744
17;2025-12-14;10;2058
17;2025-12-14;11;2646
17;2025-12-14;12;3002
17;2025-12-14;13;3260
17;2025-12-14;14;3399
17;2025-12-14;15;3328
17;2025-12-14;16;3236
17;2025-12-14;17;3072
17;2025-12-14;18;2649
17;2025-12-14;19;2120
17;2025-12-14;20;1562
17;2025-12-14;21;1154
17;2025-12-14;22;707
17;2025-12-14;23;324
17;2025-12-15;0;125
17;2025-12-15;1;12
17;2025-12-15;2;0
17;2025-12-15;3;0
17;2025-12-15;4;27
17;2025-12-15;5;322
17;2025-12-15;6;1605
17;2025-12-15;7;4377
17;2025-12-15;8;5634
17;2025-12-15;9;4033
17;2025-12-15;10;3158
17;2025-12-15;11;3131
17;2025-12-15;12;3157
17;2025-12-15;13;3216
17;2025-12-15;14;3331
17;2025-12-15;15;3390
17;2025-12-15;16;3843
17;2025-12-15;17;4685
17;2025-12-15;18;4928
17;2025-12-15;19;3328
17;2025-12-15;20;2369
17;2025-12-15;21;1486
17;2025-12-15;22;713
17;2025-12-15;23;375
17;2025-12-16;0;125
17;2025-12-16;1;12
17;2025-12-16;2;0
17;2025-12-16;3;0
17;2025-12-16;4;27
17;2025-12-16;5;322
17;2025-12-16;6;1605
17;2025-12-16;7;4377
17;2025-12-16;8;5634
17;2025-12-16;9;4033
17;2025-12-16;10;3158
17;2025-12-16;11;3131
17;2025-12-16;12;3157
17;2025-12-16;13;3216
17;2025-12-16;14;3331
17;2025-12-16;15;3390
17;2025-12-16;16;3843
17;2025-12-16;17;4685
17;2025-12-16;18;4928
17;2025-12-16;19;3328
17;2025-12-16;20;2369
17;2025-12-16;21;1486
17;2025-12-16;22;713
17;2025-12-16;23;375
17;2025-12-17;0;125
17;2025-12-17;1;12
17;2025-12-17;2;0
17;2025-12-17;3;0
17;2025-12-17;4;27
17;2025-12-17;5;322
17;2025-12-17;6;1605
17;2025-12-17;7;4377
17;2025-12-17;8;5634
17;2025-12-17;9;4033
17;2025-12-17;10;3158
17;2025-12-17;11;3131
17;2025-12-17;12;3157
17;2025-12-17;13;3216
17;2025-12-17;14;3331
17;2025-12-17;15;3390
17;2025-12-17;16;3843
17;2025-12-17;17;4685
17;2025-12-17;18;4928
17;2025-12-17;19;3328
17;2025-12-17;20;2369
17;2025-12-17;21;1486
17;2025-12-17;22;713
17;2025-12-17;23;375
17;2025-12-18;0;125
17;2025-12-18;1;12
17;2025-12-18;2;0
17;2025-12-18;3;0
17;2025-12-18;4;27
17;2025-12-18;5;322
17;2025-12-18;6;1605
17;2025-12-18;7;4377
17;2025-12-18;8;5634
17;2025-12-18;9;4033
17;2025-12-18;10;3158
17;2025-12-18;11;3131
17;2025-12-18;12;3157
17;2025-12-18;13;3216
17;2025-12-18;14;3331
17;2025-12-18;15;3390
17;2025-12-18;16;3843
17;2025-12-18;17;4685
17;2025-12-18;18;4928
17;2025-12-18;19;3328
17;2025-12-18;20;2369
17;2025-12-18;21;1486
17;2025-12-18;22;713
17;2025-12-18;23;375
17;2025-12-19;0;148
17;2025-12-19;1;18
17;2025-12-19;2;0
17;2025-12-19;3;0
17;2025-12-19;4;25
17;2025-12-19;5;320
17;2025-12-19;6;1571
17;2025-12-19;7;4260
17;2025-12-19;8;5397
17;2025-12-19;9;3899
17;2025-12-19;10;3088
17;2025-12-19;11;3142
17;2025-12-19;12;3104
17;2025-12-19;13;3197
17;2025-12-19;14;3268
17;2025-12-19;15;3551
17;2025-12-19;16;4293
17;2025-12-19;17;4882
17;2025-12-19;18;4429
17;2025-12-19;19;3277
17;2025-12-19;20;2414
17;2025-12-19;21;1624
17;2025-12-19;22;782
17;2025-12-19;23;487
17;2025-12-20;0;209
17;2025-12-20;1;29
17;2025-12-20;2;0
17;2025-12-20;3;0
17;2025-12-20;4;5
17;2025-12-20;5;140
17;2025-12-20;6;600
17;2025-12-20;7;1307
17;2025-12-20;8;1854
17;2025-12-20;9;2359
17;2025-12-20;10;2636
17;2025-12-20;11;3143
17;2025-12-20;12;3481
17;2025-12-20;13;3755
17;2025-12-20;14;3771
17;2025-12-20;15;3763
17;2025-12-20;16;3780
17;2025-12-20;17;3481
17;2025-12-20;18;3082
17;2025-12-20;19;2436
17;2025-12-20;20;1918
17;2025-12-20;21;1376
17;2025-12-20;22;829
17;2025-12-20;23;465
17;2025-12-21;0;191
17;2025-12-21;1;24
17;2025-12-21;2;0
17;2025-12-21;3;0
17;2025-12-21;4;3
17;2025-12-21;5;109
17;2025-12-21;6;450
17;2025-12-21;7;875
17;2025-12-21;8;1274
17;2025-12-21;9;1744
17;2025-12-21;10;2058
17;2025-12-21;11;2646
17;2025-12-21;12;3002
17;2025-12-21;13;3260
17;2025-12-21;14;3399
17;2025-12-21;15;3328
17;2025-12-21;16;3236
17;2025-12-21;17;3072
17;2025-12-21;18;2649
17;2025-12-21;19;2120
17;2025-12-21;20;1562
17;2025-12-21;21;1154
17;2025-12-21;22;707
17;2025-12-21;23;324
17;2025-12-22;0;125
17;2025-12-22;1;12
17;2025-12-22;2;0
17;2025-12-22;3;0
17;2025-12-22;4;27
17;2025-12-22;5;322
17;2025-12-22;6;1605
17;2025-12-22;7;4377
17;2025-12-22;8;5634
17;2025-12-22;9;4033
17;2025-12-22;10;3158
17;2025-12-22;11;3131
17;2025-12-22;12;3157
17;2025-12-22;13;3216
17;2025-12-22;14;3331
17;2025-12-22;15;3390
17;2025-12-22;16;3843
17;2025-12-22;17;4685
17;2025-12-22;18;4928
17;2025-12-22;19;3328
17;2025-12-22;20;2369
17;2025-12-22;21;1486
17;2025-12-22;22;713
17;2025-12-22;23;375
17;2025-12-23;0;125
17;2025-12-23;1;12
17;2025-12-23;2;0
17;2025-12-23;3;0
17;2025-12-23;4;27
17;2025-12-23;5;322
17;2025-12-23;6;1605
17;2025-12-23;7;4377
17;2025-12-23;8;5634
17;2025-12-23;9;4033
17;2025-12-23;10;3158
17;2025-12-23;11;3131
17;2025-12-23;12;3157
17;2025-12-23;13;3216
17;2025-12-23;14;3331
17;2025-12-23;15;3390
17;2025-12-23;16;3843
17;2025-12-23;17;4685
17;2025-12-23;18;4928
17;2025-12-23;19;3328
17;2025-12-23;20;2369
17;2025-12-23;21;1486
17;2025-12-23;22;713
17;2025-12-23;23;375
17;2025-12-24;0;125
17;2025-12-24;1;12
17;2025-12-24;2;0
17;2025-12-24;3;0
17;2025-12-24;4;27
17;2025-12-24;5;322
17;2025-12-24;6;1605
17;2025-12-24;7;4377
17;2025-12-24;8;5634
17;2025-12-24;9;4033
17;2025-12-24;10;3158
17;2025-12-24;11;3131
17;2025-12-24;12;3157
17;2025-12-24;13;3216
17;2025-12-24;14;3331
17;2025-12-24;15;3390
17;2025-12-24;16;3843
17;2025-12-24;17;4685
17;2025-12-24;18;4928
17;2025-12-24;19;3328
17;2025-12-24;20;2369
17;2025-12-24;21;1486
17;2025-12-24;22;713
17;2025-12-24;23;375
17;2025-12-25;0;125
17;2025-12-25;1;12
17;2025-12-25;2;0
17;2025-12-25;3;0
17;2025-12-25;4;27
17;2025-12-25;5;322
17;2025-12-25;6;1605
17;2025-12-25;7;4377
17;2025-12-25;8;5634
17;2025-12-25;9;4033
17;2025-12-25;10;3158
17;2025-12-25;11;3131
17;2025-12-25;12;3157
17;2025-12-25;13;3216
17;2025-12-25;14;3331
17;2025-12-25;15;3390
17;2025-12-25;16;3843
17;2025-12-25;17;4685
17;2025-12-25;18;4928
17;2025-12-25;19;3328
17;2025-12-25;20;2369
17;2025-12-25;21;1486
17;2025-12-25;22;713
17;2025-12-25;23;375
17;2025-12-26;0;142
17;2025-12-26;1;17
17;2025-12-26;2;0
17;2025-12-26;3;0
17;2025-12-26;4;24
17;2025-12-26;5;308
17;2025-12-26;6;1511
17;2025-12-26;7;4096
17;2025-12-26;8;5189
17;2025-12-26;9;3749
17;2025-12-26;10;2969
17;2025-12-26;11;3021
17;2025-12-26;12;2985
17;2025-12-26;13;3074
17;2025-12-26;14;3142
17;2025-12-26;15;3414
17;2025-12-26;16;4128
17;2025-12-26;17;4694
17;2025-12-26;18;4259
17;2025-12-26;19;3151
17;2025-12-26;20;2321
17;2025-12-26;21;1562
17;2025-12-26;22;752
17;2025-12-26;23;468
17;2025-12-27;0;201
17;2025-12-27;1;28
17;2025-12-27;2;0
17;2025-12-27;3;0
17;2025-12-27;4;5
17;2025-12-27;5;135
17;2025-12-27;6;577
17;2025-12-27;7;1257
17;2025-12-27;8;1783
17;2025-12-27;9;2268
17;2025-12-27;10;2535
17;2025-12-27;11;3022
17;2025-12-27;12;3347
17;2025-12-27;13;3611
17;2025-12-27;14;3626
17;2025-12-27;15;3618
17;2025-12-27;16;3635
17;2025-12-27;17;3347
17;2025-12-27;18;2963
17;2025-12-27;19;2342
17;2025-12-27;20;1844
17;2025-12-27;21;1323
17;2025-12-27;22;797
17;2025-12-27;23;447
17;2025-12-28;0;184
17;2025-12-28;1;23
17;2025-12-28;2;0
17;2025-12-28;3;0
17;2025-12-28;4;3
17;2025-12-28;5;105
17;2025-12-28;6;433
17;2025-12-28;7;841
17;2025-12-28;8;1225
17;2025-12-28;9;1677
17;2025-12-28;10;1979
17;2025-12-28;11;2544
17;2025-12-28;12;2887
17;2025-12-28;13;3135
17;2025-12-28;14;3268
17;2025-12-28;15;3200
17;2025-12-28;16;3112
17;2025-12-28;17;2954
17;2025-12-28;18;2547
17;2025-12-28;19;2038
17;2025-12-28;20;1502
17;2025-12-28;21;1110
17;2025-12-28;22;680
17;2025-12-28;23;312
17;2025-12-29;0;106
17;2025-12-29;1;11
17;2025-12-29;2;0
17;2025-12-29;3;0
17;2025-12-29;4;22
17;2025-12-29;5;273
17;2025-12-29;6;1358
17;2025-12-29;7;3704
17;2025-12-29;8;4767
17;2025-12-29;9;3413
17;2025-12-29;10;2673
17;2025-12-29;11;2650
17;2025-12-29;12;2672
17;2025-12-29;13;2721
17;2025-12-29;14;2819
17;2025-12-29;15;2869
17;2025-12-29;16;3251
17;2025-12-29;17;3964
17;2025-12-29;18;4169
17;2025-12-29;19;2816
17;2025-12-29;20;2005
17;2025-12-29;21;1258
17;2025-12-29;22;604
17;2025-12-29;23;318
17;2025-12-30;0;106
17;2025-12-30;1;11
17;2025-12-30;2;0
17;2025-12-30;3;0
17;2025-12-30;4;22
17;2025-12-30;5;273
17;2025-12-30;6;1358
17;2025-12-30;7;3704
17;2025-12-30;8;4767
17;2025-12-30;9;3413
17;2025-12-30;10;2673
17;2025-12-30;11;2650
17;2025-12-30;12;2672
17;2025-12-30;13;2721
17;2025-12-30;14;2819
17;2025-12-30;15;2869
17;2025-12-30;16;3251
17;2025-12-30;17;3964
17;2025-12-30;18;4169
17;2025-12-30;19;2816
17;2025-12-30;20;2005
17;2025-12-30;21;1258
17;2025-12-30;22;604
17;2025-12-30;23;318
17;2025-12-31;0;161
17;2025-12-31;1;22
17;2025-12-31;2;0
17;2025-12-31;3;0
17;2025-12-31;4;4
17;2025-12-31;5;108
17;2025-12-31;6;461
17;2025-12-31;7;1006
17;2025-12-31;8;1426
17;2025-12-31;9;1815
17;2025-12-31;10;2028
17;2025-12-31;11;2418
17;2025-12-31;12;2678
17;2025-12-31;13;2889
17;2025-12-31;14;2901
17;2025-12-31;15;2895
17;2025-12-31;16;2908
17;2025-12-31;17;2678
17;2025-12-31;18;2370
17;2025-12-31;19;1874
17;2025-12-31;20;0
17;2025-12-31;21;0
17;2025-12-31;22;0
17;2025-12-31;23;0
25;2025-11-01;0;0
25;2025-11-01;1;0
25;2025-11-01;2;0
25;2025-11-01;3;0
25;2025-11-01;4;0
25;2025-11-01;5;14
25;2025-11-01;6;234
25;2025-11-01;7;480
25;2025-11-01;8;736
25;2025-11-01;9;374
25;2025-11-01;10;343
25;2025-11-01;11;379
25;2025-11-01;12;361
25;2025-11-01;13;478
25;2025-11-01;14;397
25;2025-11-01;15;550
25;2025-11-01;16;700
25;2025-11-01;17;673
25;2025-11-01;18;593
25;2025-11-01;19;546
25;2025-11-01;20;291
25;2025-11-01;21;189
25;2025-11-01;22;93
25;2025-11-01;23;12
25;2025-11-02;0;15
25;2025-11-02;1;0
25;2025-11-02;2;0
25;2025-11-02;3;0
25;2025-11-02;4;0
25;2025-11-02;5;10
25;2025-11-02;6;103
25;2025-11-02;7;96
25;2025-11-02;8;182
25;2025-11-02;9;205
25;2025-11-02;10;209
25;2025-11-02;11;299
25;2025-11-02;12;358
25;2025-11-02;13;472
25;2025-11-02;14;557
25;2025-11-02;15;637
25;2025-11-02;16;542
25;2025-11-02;17;540
25;2025-11-02;18;414
25;2025-11-02;19;277
25;2025-11-02;20;220
25;2025-11-02;21;137
25;2025-11-02;22;87
25;2025-11-02;23;33
25;2025-11-03;0;15
25;2025-11-03;1;0
25;2025-11-03;2;0
25;2025-11-03;3;0
25;2025-11-03;4;0
25;2025-11-03;5;10
25;2025-11-03;6;103
25;2025-11-03;7;96
25;2025-11-03;8;182
25;2025-11-03;9;205
25;2025-11-03;10;209
25;2025-11-03;11;299
25;2025-11-03;12;358
25;2025-11-03;13;472
25;2025-11-03;14;557
25;2025-11-03;15;637
25;2025-11-03;16;542
25;2025-11-03;17;540
25;2025-11-03;18;414
25;2025-11-03;19;277
25;2025-11-03;20;220
25;2025-11-03;21;137
25;2025-11-03;22;87
25;2025-11-03;23;33
25;2025-11-04;0;15
25;2025-11-04;1;0
25;2025-11-04;2;0
25;2025-11-04;3;0
25;2025-11-04;4;0
25;2025-11-04;5;10
25;2025-11-04;6;103
25;2025-11-04;7;96
25;2025-11-04;8;182
25;2025-11-04;9;205
25;2025-11-04;10;209
25;2025-11-04;11;299
25;2025-11-04;12;358
25;2025-11-04;13;472
25;2025-11-04;14;557
25;2025-11-04;15;637
25;2025-11-04;16;542
25;2025-11-04;17;540
25;2025-11-04;18;414
25;2025-11-04;19;277
25;2025-11-04;20;220
25;2025-11-04;21;137
25;2025-11-04;22;87
25;2025-11-04;23;33
25;2025-11-05;0;3
25;2025-11-05;1;0
25;2025-11-05;2;0
25;2025-11-05;3;0
25;2025-11-05;4;0
25;2025-11-05;5;21
25;2025-11-05;6;271
25;2025-11-05;7;543
25;2025-11-05;8;937
25;2025-11-05;9;490
25;2025-11-05;10;389
25;2025-11-05;11;451
25;2025-11-05;12;442
25;2025-11-05;13;560
25;2025-11-05;14;473
25;2025-11-05;15;576
25;2025-11-05;16;698
25;2025-11-05;17;805
25;2025-11-05;18;804
25;2025-11-05;19;627
25;2025-11-05;20;324
25;2025-11-05;21;231
25;2025-11-05;22;90
25;2025-11-05;23;8
25;2025-11-06;0;3
25;2025-11-06;1;0
25;2025-11-06;2;0
25;2025-11-06;3;0
25;2025-11-06;4;0
25;2025-11-06;5;21
25;2025-11-06;6;271
25;2025-11-06;7;543
25;2025-11-06;8;937
25;2025-11-06;9;490
25;2025-11-06;10;389
25;2025-11-06;11;451
25;2025-11-06;12;442
25;2025-11-06;13;560
25;2025-11-06;14;473
25;2025-11-06;15;576
25;2025-11-06;16;698
25;2025-11-06;17;805
25;2025-11-06;18;804
25;2025-11-06;19;627
25;2025-11-06;20;324
25;2025-11-06;21;231
25;2025-11-06;22;90
25;2025-11-06;23;8
25;2025-11-07;0;0
25;2025-11-07;1;0
25;2025-11-07;2;0
25;2025-11-07;3;0
25;2025-11-07;4;0
25;2025-11-07;5;18
25;2025-11-07;6;304
25;2025-11-07;7;623
25;2025-11-07;8;958
25;2025-11-07;9;487
25;2025-11-07;10;445
25;2025-11-07;11;492
25;2025-11-07;12;470
25;2025-11-07;13;621
25;2025-11-07;14;516
25;2025-11-07;15;714
25;2025-11-07;16;911
25;2025-11-07;17;876
25;2025-11-07;18;771
25;2025-11-07;19;710
25;2025-11-07;20;379
25;2025-11-07;21;245
25;2025-11-07;22;121
25;2025-11-07;23;16
25;2025-11-08;0;6
25;2025-11-08;1;0
25;2025-11-08;2;0
25;2025-11-08;3;0
25;2025-11-08;4;0
25;2025-11-08;5;21
25;2025-11-08;6;138
25;2025-11-08;7;135
25;2025-11-08;8;312
25;2025-11-08;9;281
25;2025-11-08;10;289
25;2025-11-08;11;385
25;2025-11-08;12;405
25;2025-11-08;13;670
25;2025-11-08;14;676
25;2025-11-08;15;794
25;2025-11-08;16;744
25;2025-11-08;17;595
25;2025-11-08;18;522
25;2025-11-08;19;451
25;2025-11-08;20;256
25;2025-11-08;21;196
25;2025-11-08;22;113
25;2025-11-08;23;43
25;2025-11-09;0;16
25;2025-11-09;1;0
25;2025-11-09;2;0
25;2025-11-09;3;0
25;2025-11-09;4;0
25;2025-11-09;5;10
25;2025-11-09;6;107
25;2025-11-09;7;100
25;2025-11-09;8;189
25;2025-11-09;9;213
25;2025-11-09;10;217
25;2025-11-09;11;311
25;2025-11-09;12;372
25;2025-11-09;13;491
25;2025-11-09;14;579
25;2025-11-09;15;662
25;2025-11-09;16;564
25;2025-11-09;17;562
25;2025-11-09;18;431
25;2025-11-09;19;288
25;2025-11-09;20;229
25;2025-11-09;21;142
25;2025-11-09;22;90
25;2025-11-09;23;34
25;2025-11-10;0;3
25;2025-11-10;1;0
25;2025-11-10;2;0
25;2025-11-10;3;0
25;2025-11-10;4;0
25;2025-11-10;5;21
25;2025-11-10;6;271
25;2025-11-10;7;543
25;2025-11-10;8;937
25;2025-11-10;9;490
25;2025-11-10;10;389
25;2025-11-10;11;451
25;2025-11-10;12;442
25;2025-11-10;13;560
25;2025-11-10;14;473
25;2025-11-10;15;576
25;2025-11-10;16;698
25;2025-11-10;17;805
25;2025-11-10;18;804
25;2025-11-10;19;627
25;2025-11-10;20;324
25;2025-11-10;21;231
25;2025-11-10;22;90
25;2025-11-10;23;8
25;2025-11-11;0;3
25;2025-11-11;1;0
25;2025-11-11;2;0
25;2025-11-11;3;0
25;2025-11-11;4;0
25;2025-11-11;5;21
25;2025-11-11;6;271
25;2025-11-11;7;543
25;2025-11-11;8;937
25;2025-11-11;9;490
25;2025-11-11;10;389
25;2025-11-11;11;451
25;2025-11-11;12;442
25;2025-11-11;13;560
25;2025-11-11;14;473
25;2025-11-11;15;576
25;2025-11-11;16;698
25;2025-11-11;17;805
25;2025-11-11;18;804
25;2025-11-11;19;627
25;2025-11-11;20;324
25;2025-11-11;21;231
25;2025-11-11;22;90
25;2025-11-11;23;8
25;2025-11-12;0;3
25;2025-11-12;1;0
25;2025-11-12;2;0
25;2025-11-12;3;0
25;2025-11-12;4;0
25;2025-11-12;5;21
25;2025-11-12;6;271
25;2025-11-12;7;543
25;2025-11-12;8;937
25;2025-11-12;9;490
25;2025-11-12;10;389
25;2025-11-12;11;451
25;2025-11-12;12;442
25;2025-11-12;13;560
25;2025-11-12;14;473
25;2025-11-12;15;576
25;2025-11-12;16;698
25;2025-11-12;17;805
25;2025-11-12;18;804
25;2025-11-12;19;627
25;2025-11-12;20;324
25;2025-11-12;21;231
25;2025-11-12;22;90
25;2025-11-12;23;8
25;2025-11-13;0;3
25;2025-11-13;1;0
25;2025-11-13;2;0
25;2025-11-13;3;0
25;2025-11-13;4;0
25;2025-11-13;5;21
25;2025-11-13;6;271
25;2025-11-13;7;543
25;2025-11-13;8;937
25;2025-11-13;9;490
25;2025-11-13;10;389
25;2025-11-13;11;451
25;2025-11-13;12;442
25;2025-11-13;13;560
25;2025-11-13;14;473
25;2025-11-13;15;576
25;2025-11-13;16;698
25;2025-11-13;17;805
25;2025-11-13;18;804
25;2025-11-13;19;627
25;2025-11-13;20;324
25;2025-11-13;21;231
25;2025-11-13;22;90
25;2025-11-13;23;8
25;2025-11-14;0;0
25;2025-11-14;1;0
25;2025-11-14;2;0
25;2025-11-14;3;0
25;2025-11-14;4;0
25;2025-11-14;5;18
25;2025-11-14;6;304
25;2025-11-14;7;623
25;2025-11-14;8;958
25;2025-11-14;9;487
25;2025-11-14;10;445
25;2025-11-14;11;492
25;2025-11-14;12;470
25;2025-11-14;13;621
25;2025-11-14;14;516
25;2025-11-14;15;714
25;2025-11-14;16;911
25;2025-11-14;17;876
25;2025-11-14;18;771
25;2025-11-14;19;710
25;2025-11-14;20;379
25;2025-11-14;21;245
25;2025-11-14;22;121
25;2025-11-14;23;16
25;2025-11-15;0;6
25;2025-11-15;1;0
25;2025-11-15;2;0
25;2025-11-15;3;0
25;2025-11-15;4;0
25;2025-11-15;5;21
25;2025-11-15;6;138
25;2025-11-15;7;135
25;2025-11-15;8;312
25;2025-11-15;9;281
25;2025-11-15;10;289
25;2025-11-15;11;385
25;2025-11-15;12;405
25;2025-11-15;13;670
25;2025-11-15;14;676
25;2025-11-15;15;794
25;2025-11-15;16;744
25;2025-11-15;17;595
25;2025-11-15;18;522
25;2025-11-15;19;451
25;2025-11-15;20;256
25;2025-11-15;21;196
25;2025-11-15;22;113
25;2025-11-15;23;43
25;2025-11-16;0;16
25;2025-11-16;1;0
25;2025-11-16;2;0
25;2025-11-16;3;0
25;2025-11-16;4;0
25;2025-11-16;5;10
25;2025-11-16;6;107
25;2025-11-16;7;100
25;2025-11-16;8;189
25;2025-11-16;9;213
25;2025-11-16;10;217
25;2025-11-16;11;311
25;2025-11-16;12;372
25;2025-11-16;13;491
25;2025-11-16;14;579
25;2025-11-16;15;662
25;2025-11-16;16;564
25;2025-11-16;17;562
25;2025-11-16;18;431
25;2025-11-16;19;288
25;2025-11-16;20;229
25;2025-11-16;21;142
25;2025-11-16;22;90
25;2025-11-16;23;34
25;2025-11-17;0;3
25;2025-11-17;1;0
25;2025-11-17;2;0
25;2025-11-17;3;0
25;2025-11-17;4;0
25;2025-11-17;5;21
25;2025-11-17;6;271
25;2025-11-17;7;543
25;2025-11-17;8;937
25;2025-11-17;9;490
25;2025-11-17;10;389
25;2025-11-17;11;451
25;2025-11-17;12;442
25;2025-11-17;13;560
25;2025-11-17;14;473
25;2025-11-17;15;576
25;2025-11-17;16;698
25;2025-11-17;17;805
25;2025-11-17;18;804
25;2025-11-17;19;627
25;2025-11-17;20;324
25;2025-11-17;21;231
25;2025-11-17;22;90
25;2025-11-17;23;8
25;2025-11-18;0;3
25;2025-11-18;1;0
25;2025-11-18;2;0
25;2025-11-18;3;0
25;2025-11-18;4;0
25;2025-11-18;5;21
25;2025-11-18;6;271
25;2025-11-18;7;543
25;2025-11-18;8;937
25;2025-11-18;9;490
25;2025-11-18;10;389
25;2025-11-18;11;451
25;2025-11-18;12;442
25;2025-11-18;13;560
25;2025-11-18;14;473
25;2025-11-18;15;576
25;2025-11-18;16;698
25;2025-11-18;17;805
25;2025-11-18;18;804
25;2025-11-18;19;627
25;2025-11-18;20;324
25;2025-11-18;21;231
25;2025-11-18;22;90
25;2025-11-18;23;8
25;2025-11-19;0;3
25;2025-11-19;1;0
25;2025-11-19;2;0
25;2025-11-19;3;0
25;2025-11-19;4;0
25;2025-11-19;5;21
25;2025-11-19;6;271
25;2025-11-19;7;543
25;2025-11-19;8;937
25;2025-11-19;9;490
25;2025-11-19;10;389
25;2025-11-19;11;451
25;2025-11-19;12;442
25;2025-11-19;13;560
25;2025-11-19;14;473
25;2025-11-19;15;576
25;2025-11-19;16;698
25;2025-11-19;17;805
25;2025-11-19;18;804
25;2025-11-19;19;627
25;2025-11-19;20;324
25;2025-11-19;21;231
25;2025-11-19;22;90
25;2025-11-19;23;8
25;2025-11-20;0;3
25;2025-11-20;1;0
25;2025-11-20;2;0
25;2025-11-20;3;0
25;2025-11-20;4;0
25;2025-11-20;5;21
25;2025-11-20;6;271
25;2025-11-20;7;543
25;2025-11-20;8;937
25;2025-11-20;9;490
25;2025-11-20;10;389
25;2025-11-20;11;451
25;2025-11-20;12;442
25;2025-11-20;13;560
25;2025-11-20;14;473
25;2025-11-20;15;576
25;2025-11-20;16;698
25;2025-11-20;17;805
25;2025-11-20;18;804
25;2025-11-20;19;627
25;2025-11-20;20;324
25;2025-11-20;21;231
25;2025-11-20;22;90
25;2025-11-20;23;8
25;2025-11-21;0;0
25;2025-11-21;1;0
25;2025-11-21;2;0
25;2025-11-21;3;0
25;2025-11-21;4;0
25;2025-11-21;5;18
25;2025-11-21;6;304
25;2025-11-21;7;623
25;2025-11-21;8;958
25;2025-11-21;9;487
25;2025-11-21;10;445
25;2025-11-21;11;492
25;2025-11-21;12;470
25;2025-11-21;13;621
25;2025-11-21;14;516
25;2025-11-21;15;714
25;2025-11-21;16;911
25;2025-11-21;17;876
25;2025-11-21;18;771
25;2025-11-21;19;710
25;2025-11-21;20;379
25;2025-11-21;21;245
25;2025-11-21;22;121
25;2025-11-21;23;16
25;2025-11-22;0;6
25;2025-11-22;1;0
25;2025-11-22;2;0
25;2025-11-22;3;0
25;2025-11-22;4;0
25;2025-11-22;5;21
25;2025-11-22;6;138
25;2025-11-22;7;135
25;2025-11-22;8;312
25;2025-11-22;9;281
25;2025-11-22;10;289
25;2025-11-22;11;385
25;2025-11-22;12;405
25;2025-11-22;13;670
25;2025-11-22;14;676
25;2025-11-22;15;794
25;2025-11-22;16;744
25;2025-11-22;17;595
25;2025-11-22;18;522
25;2025-11-22;19;451
25;2025-11-22;20;256
25;2025-11-22;21;196
25;2025-11-22;22;113
25;2025-11-22;23;43
25;2025-11-23;0;16
25;2025-11-23;1;0
25;2025-11-23;2;0
25;2025-11-23;3;0
25;2025-11-23;4;0
25;2025-11-23;5;10
25;2025-11-23;6;107
25;2025-11-23;7;100
25;2025-11-23;8;189
25;2025-11-23;9;213
25;2025-11-23;10;217
25;2025-11-23;11;311
25;2025-11-23;12;372
25;2025-11-23;13;491
25;2025-11-23;14;579
25;2025-11-23;15;662
25;2025-11-23;16;564
25;2025-11-23;17;562
25;2025-11-23;18;431
25;2025-11-23;19;288
25;2025-11-23;20;229
25;2025-11-23;21;142
25;2025-11-23;22;90
25;2025-11-23;23;34
25;2025-11-24;0;3
25;2025-11-24;1;0
25;2025-11-24;2;0
25;2025-11-24;3;0
25;2025-11-24;4;0
25;2025-11-24;5;21
25;2025-11-24;6;271
25;2025-11-24;7;543
25;2025-11-24;8;937
25;2025-11-24;9;490
25;2025-11-24;10;389
25;2025-11-24;11;451
25;2025-11-24;12;442
25;2025-11-24;13;560
25;2025-11-24;14;473
25;2025-11-24;15;576
25;2025-11-24;16;698
25;2025-11-24;17;805
25;2025-11-24;18;804
25;2025-11-24;19;627
25;2025-11-24;20;324
25;2025-11-24;21;231
25;2025-11-24;22;90
25;2025-11-24;23;8
25;2025-11-25;0;3
25;2025-11-25;1;0
25;2025-11-25;2;0
25;2025-11-25;3;0
25;2025-11-25;4;0
25;2025-11-25;5;21
25;2025-11-25;6;271
25;2025-11-25;7;543
25;2025-11-25;8;937
25;2025-11-25;9;490
25;2025-11-25;10;389
25;2025-11-25;11;451
25;2025-11-25;12;442
25;2025-11-25;13;560
25;2025-11-25;14;473
25;2025-11-25;15;576
25;2025-11-25;16;698
25;2025-11-25;17;805
25;2025-11-25;18;804
25;2025-11-25;19;627
25;2025-11-25;20;324
25;2025-11-25;21;231
25;2025-11-25;22;90
25;2025-11-25;23;8
25;2025-11-26;0;3
25;2025-11-26;1;0
25;2025-11-26;2;0
25;2025-11-26;3;0
25;2025-11-26;4;0
25;2025-11-26;5;21
25;2025-11-26;6;271
25;2025-11-26;7;543
25;2025-11-26;8;937
25;2025-11-26;9;490
25;2025-11-26;10;389
25;2025-11-26;11;451
25;2025-11-26;12;442
25;2025-11-26;13;560
25;2025-11-26;14;473
25;2025-11-26;15;576
25;2025-11-26;16;698
25;2025-11-26;17;805
25;2025-11-26;18;804
25;2025-11-26;19;627
25;2025-11-26;20;324
25;2025-11-26;21;231
25;2025-11-26;22;90
25;2025-11-26;23;8
25;2025-11-27;0;3
25;2025-11-27;1;0
25;2025-11-27;2;0
25;2025-11-27;3;0
25;2025-11-27;4;0
25;2025-11-27;5;21
25;2025-11-27;6;271
25;2025-11-27;7;543
25;2025-11-27;8;937
25;2025-11-27;9;490
25;2025-11-27;10;389
25;2025-11-27;11;451
25;2025-11-27;12;442
25;2025-11-27;13;560
25;2025-11-27;14;473
25;2025-11-27;15;576
25;2025-11-27;16;698
25;2025-11-27;17;805
25;2025-11-27;18;804
25;2025-11-27;19;627
25;2025-11-27;20;324
25;2025-11-27;21;231
25;2025-11-27;22;90
25;2025-11-27;23;8
25;2025-11-28;0;0
25;2025-11-28;1;0
25;2025-11-28;2;0
25;2025-11-28;3;0
25;2025-11-28;4;0
25;2025-11-28;5;18
25;2025-11-28;6;304
25;2025-11-28;7;623
25;2025-11-28;8;958
25;2025-11-28;9;487
25;2025-11-28;10;445
25;2025-11-28;11;492
25;2025-11-28;12;470
25;2025-11-28;13;621
25;2025-11-28;14;516
25;2025-11-28;15;714
25;2025-11-28;16;911
25;2025-11-28;17;876
25;2025-11-28;18;771
25;2025-11-28;19;710
25;2025-11-28;20;379
25;2025-11-28;21;245
25;2025-11-28;22;121
25;2025-11-28;23;16
25;2025-11-29;0;6
25;2025-11-29;1;0
25;2025-11-29;2;0
25;2025-11-29;3;0
25;2025-11-29;4;0
25;2025-11-29;5;21
25;2025-11-29;6;138
25;2025-11-29;7;135
25;2025-11-29;8;312
25;2025-11-29;9;281
25;2025-11-29;10;289
25;2025-11-29;11;385
25;2025-11-29;12;405
25;2025-11-29;13;670
25;2025-11-29;14;676
25;2025-11-29;15;794
25;2025-11-29;16;744
25;2025-11-29;17;595
25;2025-11-29;18;522
25;2025-11-29;19;451
25;2025-11-29;20;256
25;2025-11-29;21;196
25;2025-11-29;22;113
25;2025-11-29;23;43
25;2025-11-30;0;16
25;2025-11-30;1;0
25;2025-11-30;2;0
25;2025-11-30;3;0
25;2025-11-30;4;0
25;2025-11-30;5;10
25;2025-11-30;6;107
25;2025-11-30;7;100
25;2025-11-30;8;189
25;2025-11-30;9;213
25;2025-11-30;10;217
25;2025-11-30;11;311
25;2025-11-30;12;372
25;2025-11-30;13;491
25;2025-11-30;14;579
25;2025-11-30;15;662
25;2025-11-30;16;564
25;2025-11-30;17;562
25;2025-11-30;18;431
25;2025-11-30;19;288
25;2025-11-30;20;229
25;2025-11-30;21;142
25;2025-11-30;22;90
25;2025-11-30;23;34
25;2025-12-01;0;3
25;2025-12-01;1;0
25;2025-12-01;2;0
25;2025-12-01;3;0
25;2025-12-01;4;0
25;2025-12-01;5;21
25;2025-12-01;6;271
25;2025-12-01;7;543
25;2025-12-01;8;937
25;2025-12-01;9;490
25;2025-12-01;10;389
25;2025-12-01;11;451
25;2025-12-01;12;442
25;2025-12-01;13;560
25;2025-12-01;14;473
25;2025-12-01;15;576
25;2025-12-01;16;698
25;2025-12-01;17;805
25;2025-12-01;18;804
25;2025-12-01;19;627
25;2025-12-01;20;324
25;2025-12-01;21;231
25;2025-12-01;22;90
25;2025-12-01;23;8
25;2025-12-02;0;3
25;2025-12-02;1;0
25;2025-12-02;2;0
25;2025-12-02;3;0
25;2025-12-02;4;0
25;2025-12-02;5;21
25;2025-12-02;6;271
25;2025-12-02;7;543
25;2025-12-02;8;937
25;2025-12-02;9;490
25;2025-12-02;10;389
25;2025-12-02;11;451
25;2025-12-02;12;442
25;2025-12-02;13;560
25;2025-12-02;14;473
25;2025-12-02;15;576
25;2025-12-02;16;698
25;2025-12-02;17;805
25;2025-12-02;18;804
25;2025-12-02;19;627
25;2025-12-02;20;324
25;2025-12-02;21;231
25;2025-12-02;22;90
25;2025-12-02;23;8
25;2025-12-03;0;3
25;2025-12-03;1;0
25;2025-12-03;2;0
25;2025-12-03;3;0
25;2025-12-03;4;0
25;2025-12-03;5;21
25;2025-12-03;6;271
25;2025-12-03;7;543
25;2025-12-03;8;937
25;2025-12-03;9;490
25;2025-12-03;10;389
25;2025-12-03;11;451
25;2025-12-03;12;442
25;2025-12-03;13;560
25;2025-12-03;14;473
25;2025-12-03;15;576
25;2025-12-03;16;698
25;2025-12-03;17;805
25;2025-12-03;18;804
25;2025-12-03;19;627
25;2025-12-03;20;324
25;2025-12-03;21;231
25;2025-12-03;22;90
25;2025-12-03;23;8
25;2025-12-04;0;3
25;2025-12-04;1;0
25;2025-12-04;2;0
25;2025-12-04;3;0
25;2025-12-04;4;0
25;2025-12-04;5;21
25;2025-12-04;6;271
25;2025-12-04;7;543
25;2025-12-04;8;937
25;2025-12-04;9;490
25;2025-12-04;10;389
25;2025-12-04;11;451
25;2025-12-04;12;442
25;2025-12-04;13;560
25;2025-12-04;14;473
25;2025-12-04;15;576
25;2025-12-04;16;698
25;2025-12-04;17;805
25;2025-12-04;18;804
25;2025-12-04;19;627
25;2025-12-04;20;324
25;2025-12-04;21;231
25;2025-12-04;22;90
25;2025-12-04;23;8
25;2025-12-05;0;0
25;2025-12-05;1;0
25;2025-12-05;2;0
25;2025-12-05;3;0
25;2025-12-05;4;0
25;2025-12-05;5;18
25;2025-12-05;6;304
25;2025-12-05;7;623
25;2025-12-05;8;958
25;2025-12-05;9;487
25;2025-12-05;10;445
25;2025-12-05;11;492
25;2025-12-05;12;470
25;2025-12-05;13;621
25;2025-12-05;14;516
25;2025-12-05;15;714
25;2025-12-05;16;911
25;2025-12-05;17;876
25;2025-12-05;18;771
25;2025-12-05;19;710
25;2025-12-05;20;379
25;2025-12-05;21;245
25;2025-12-05;22;121
25;2025-12-05;23;16
25;2025-12-06;0;6
25;2025-12-06;1;0
25;2025-12-06;2;0
25;2025-12-06;3;0
25;2025-12-06;4;0
25;2025-12-06;5;21
25;2025-12-06;6;138
25;2025-12-06;7;135
25;2025-12-06;8;312
25;2025-12-06;9;281
25;2025-12-06;10;289
25;2025-12-06;11;385
25;2025-12-06;12;405
25;2025-12-06;13;670
25;2025-12-06;14;676
25;2025-12-06;15;794
25;2025-12-06;16;744
25;2025-12-06;17;595
25;2025-12-06;18;522
25;2025-12-06;19;451
25;2025-12-06;20;256
25;2025-12-06;21;196
25;2025-12-06;22;113
25;2025-12-06;23;43
25;2025-12-07;0;16
25;2025-12-07;1;0
25;2025-12-07;2;0
25;2025-12-07;3;0
25;2025-12-07;4;0
25;2025-12-07;5;10
25;2025-12-07;6;107
25;2025-12-07;7;100
25;2025-12-07;8;189
25;2025-12-07;9;213
25;2025-12-07;10;217
25;2025-12-07;11;311
25;2025-12-07;12;372
25;2025-12-07;13;491
25;2025-12-07;14;579
25;2025-12-07;15;662
25;2025-12-07;16;564
25;2025-12-07;17;562
25;2025-12-07;18;431
25;2025-12-07;19;288
25;2025-12-07;20;229
25;2025-12-07;21;142
25;2025-12-07;22;90
25;2025-12-07;23;34
25;2025-12-08;0;3
25;2025-12-08;1;0
25;2025-12-08;2;0
25;2025-12-08;3;0
25;2025-12-08;4;0
25;2025-12-08;5;21
25;2025-12-08;6;271
25;2025-12-08;7;543
25;2025-12-08;8;937
25;2025-12-08;9;490
25;2025-12-08;10;389
25;2025-12-08;11;451
25;2025-12-08;12;442
25;2025-12-08;13;560
25;2025-12-08;14;473
25;2025-12-08;15;576
25;2025-12-08;16;698
25;2025-12-08;17;805
25;2025-12-08;18;804
25;2025-12-08;19;627
25;2025-12-08;20;324
25;2025-12-08;21;231
25;2025-12-08;22;90
25;2025-12-08;23;8
25;2025-12-09;0;3
25;2025-12-09;1;0
25;2025-12-09;2;0
25;2025-12-09;3;0
25;2025-12-09;4;0
25;2025-12-09;5;21
25;2025-12-09;6;271
25;2025-12-09;7;543
25;2025-12-09;8;937
25;2025-12-09;9;490
25;2025-12-09;10;389
25;2025-12-09;11;451
25;2025-12-09;12;442
25;2025-12-09;13;560
25;2025-12-09;14;473
25;2025-12-09;15;576
25;2025-12-09;16;698
25;2025-12-09;17;805
25;2025-12-09;18;804
25;2025-12-09;19;627
25;2025-12-09;20;324
25;2025-12-09;21;231
25;2025-12-09;22;90
25;2025-12-09;23;8
25;2025-12-10;0;3
25;2025-12-10;1;0
25;2025-12-10;2;0
25;2025-12-10;3;0
25;2025-12-10;4;0
25;2025-12-10;5;21
25;2025-12-10;6;271
25;2025-12-10;7;543
25;2025-12-10;8;937
25;2025-12-10;9;490
25;2025-12-10;10;389
25;2025-12-10;11;451
25;2025-12-10;12;442
25;2025-12-10;13;560
25;2025-12-10;14;473
25;2025-12-10;15;576
25;2025-12-10;16;698
25;2025-12-10;17;805
25;2025-12-10;18;804
25;2025-12-10;19;627
25;2025-12-10;20;324
25;2025-12-10;21;231
25;2025-12-10;22;90
25;2025-12-10;23;8
25;2025-12-11;0;3
25;2025-12-11;1;0
25;2025-12-11;2;0
25;2025-12-11;3;0
25;2025-12-11;4;0
25;2025-12-11;5;21
25;2025-12-11;6;271
25;2025-12-11;7;543
25;2025-12-11;8;937
25;2025-12-11;9;490
25;2025-12-11;10;389
25;2025-12-11;11;451
25;2025-12-11;12;442
25;2025-12-11;13;560
25;2025-12-11;14;473
25;2025-12-11;15;576
25;2025-12-11;16;698
25;2025-12-11;17;805
25;2025-12-11;18;804
25;2025-12-11;19;627
25;2025-12-11;20;324
25;2025-12-11;21;231
25;2025-12-11;22;90
25;2025-12-11;23;8
25;2025-12-12;0;0
25;2025-12-12;1;0
25;2025-12-12;2;0
25;2025-12-12;3;0
25;2025-12-12;4;0
25;2025-12-12;5;18
25;2025-12-12;6;304
25;2025-12-12;7;623
25;2025-12-12;8;958
25;2025-12-12;9;487
25;2025-12-12;10;445
25;2025-12-12;11;492
25;2025-12-12;12;470
25;2025-12-12;13;621
25;2025-12-12;14;516
25;2025-12-12;15;714
25;2025-12-12;16;911
25;2025-12-12;17;876
25;2025-12-12;18;771
25;2025-12-12;19;710
25;2025-12-12;20;379
25;2025-12-12;21;245
25;2025-12-12;22;121
25;2025-12-12;23;16
25;2025-12-13;0;6
25;2025-12-13;1;0
25;2025-12-13;2;0
25;2025-12-13;3;0
25;2025-12-13;4;0
25;2025-12-13;5;21
25;2025-12-13;6;138
25;2025-12-13;7;135
25;2025-12-13;8;312
25;2025-12-13;9;281
25;2025-12-13;10;289
25;2025-12-13;11;385
25;2025-12-13;12;405
25;2025-12-13;13;670
25;2025-12-13;14;676
25;2025-12-13;15;794
25;2025-12-13;16;744
25;2025-12-13;17;595
25;2025-12-13;18;522
25;2025-12-13;19;451
25;2025-12-13;20;256
25;2025-12-13;21;196
25;2025-12-13;22;113
25;2025-12-13;23;43
25;2025-12-14;0;16
25;2025-12-14;1;0
25;2025-12-14;2;0
25;2025-12-14;3;0
25;2025-12-14;4;0
25;2025-12-14;5;10
25;2025-12-14;6;107
25;2025-12-14;7;100
25;2025-12-14;8;189
25;2025-12-14;9;213
25;2025-12-14;10;217
25;2025-12-14;11;311
25;2025-12-14;12;372
25;2025-12-14;13;491
25;2025-12-14;14;579
25;2025-12-14;15;662
25;2025-12-14;16;564
25;2025-12-14;17;562
25;2025-12-14;18;431
25;2025-12-14;19;288
25;2025-12-14;20;229
25;2025-12-14;21;142
25;2025-12-14;22;90
25;2025-12-14;23;34
25;2025-12-15;0;3
25;2025-12-15;1;0
25;2025-12-15;2;0
25;2025-12-15;3;0
25;2025-12-15;4;0
25;2025-12-15;5;21
25;2025-12-15;6;271
25;2025-12-15;7;543
25;2025-12-15;8;937
25;2025-12-15;9;490
25;2025-12-15;10;389
25;2025-12-15;11;451
25;2025-12-15;12;442
25;2025-12-15;13;560
25;2025-12-15;14;473
25;2025-12-15;15;576
25;2025-12-15;16;698
25;2025-12-15;17;805
25;2025-12-15;18;804
25;2025-12-15;19;627
25;2025-12-15;20;324
25;2025-12-15;21;231
25;2025-12-15;22;90
25;2025-12-15;23;8
25;2025-12-16;0;3
25;2025-12-16;1;0
25;2025-12-16;2;0
25;2025-12-16;3;0
25;2025-12-16;4;0
25;2025-12-16;5;21
25;2025-12-16;6;271
25;2025-12-16;7;543
25;2025-12-16;8;937
25;2025-12-16;9;490
25;2025-12-16;10;389
25;2025-12-16;11;451
25;2025-12-16;12;442
25;2025-12-16;13;560
25;2025-12-16;14;473
25;2025-12-16;15;576
25;2025-12-16;16;698
25;2025-12-16;17;805
25;2025-12-16;18;804
25;2025-12-16;19;627
25;2025-12-16;20;324
25;2025-12-16;21;231
25;2025-12-16;22;90
25;2025-12-16;23;8
25;2025-12-17;0;3
25;2025-12-17;1;0
25;2025-12-17;2;0
25;2025-12-17;3;0
25;2025-12-17;4;0
25;2025-12-17;5;21
25;2025-12-17;6;271
25;2025-12-17;7;543
25;2025-12-17;8;937
25;2025-12-17;9;490
25;2025-12-17;10;389
25;2025-12-17;11;451
25;2025-12-17;12;442
25;2025-12-17;13;560
25;2025-12-17;14;473
25;2025-12-17;15;576
25;2025-12-17;16;698
25;2025-12-17;17;805
25;2025-12-17;18;804
25;2025-12-17;19;627
25;2025-12-17;20;324
25;2025-12-17;21;231
25;2025-12-17;22;90
25;2025-12-17;23;8
25;2025-12-18;0;3
25;2025-12-18;1;0
25;2025-12-18;2;0
25;2025-12-18;3;0
25;2025-12-18;4;0
25;2025-12-18;5;21
25;2025-12-18;6;271
25;2025-12-18;7;543
25;2025-12-18;8;937
25;2025-12-18;9;490
25;2025-12-18;10;389
25;2025-12-18;11;451
25;2025-12-18;12;442
25;2025-12-18;13;560
25;2025-12-18;14;473
25;2025-12-18;15;576
25;2025-12-18;16;698
25;2025-12-18;17;805
25;2025-12-18;18;804
25;2025-12-18;19;627
25;2025-12-18;20;324
25;2025-12-18;21;231
25;2025-12-18;22;90
25;2025-12-18;23;8
25;2025-12-19;0;0
25;2025-12-19;1;0
25;2025-12-19;2;0
25;2025-12-19;3;0
25;2025-12-19;4;0
25;2025-12-19;5;18
25;2025-12-19;6;304
25;2025-12-19;7;623
25;2025-12-19;8;958
25;2025-12-19;9;487
25;2025-12-19;10;445
25;2025-12-19;11;492
25;2025-12-19;12;470
25;2025-12-19;13;621
25;2025-12-19;14;516
25;2025-12-19;15;714
25;2025-12-19;16;911
25;2025-12-19;17;876
25;2025-12-19;18;771
25;2025-12-19;19;710
25;2025-12-19;20;379
25;2025-12-19;21;245
25;2025-12-19;22;121
25;2025-12-19;23;16
25;2025-12-20;0;6
25;2025-12-20;1;0
25;2025-12-20;2;0
25;2025-12-20;3;0
25;2025-12-20;4;0
25;2025-12-20;5;21
25;2025-12-20;6;138
25;2025-12-20;7;135
25;2025-12-20;8;312
25;2025-12-20;9;281
25;2025-12-20;10;289
25;2025-12-20;11;385
25;2025-12-20;12;405
25;2025-12-20;13;670
25;2025-12-20;14;676
25;2025-12-20;15;794
25;2025-12-20;16;744
25;2025-12-20;17;595
25;2025-12-20;18;522
25;2025-12-20;19;451
25;2025-12-20;20;256
25;2025-12-20;21;196
25;2025-12-20;22;113
25;2025-12-20;23;43
25;2025-12-21;0;16
25;2025-12-21;1;0
25;2025-12-21;2;0
25;2025-12-21;3;0
25;2025-12-21;4;0
25;2025-12-21;5;10
25;2025-12-21;6;107
25;2025-12-21;7;100
25;2025-12-21;8;189
25;2025-12-21;9;213
25;2025-12-21;10;217
25;2025-12-21;11;311
25;2025-12-21;12;372
25;2025-12-21;13;491
25;2025-12-21;14;579
25;2025-12-21;15;662
25;2025-12-21;16;564
25;2025-12-21;17;562
25;2025-12-21;18;431
25;2025-12-21;19;288
25;2025-12-21;20;229
25;2025-12-21;21;142
25;2025-12-21;22;90
25;2025-12-21;23;34
25;2025-12-22;0;3
25;2025-12-22;1;0
25;2025-12-22;2;0
25;2025-12-22;3;0
25;2025-12-22;4;0
25;2025-12-22;5;21
25;2025-12-22;6;271
25;2025-12-22;7;543
25;2025-12-22;8;937
25;2025-12-22;9;490
25;2025-12-22;10;389
25;2025-12-22;11;451
25;2025-12-22;12;442
25;2025-12-22;13;560
25;2025-12-22;14;473
25;2025-12-22;15;576
25;2025-12-22;16;698
25;2025-12-22;17;805
25;2025-12-22;18;804
25;2025-12-22;19;627
25;2025-12-22;20;324
25;2025-12-22;21;231
25;2025-12-22;22;90
25;2025-12-22;23;8
25;2025-12-23;0;3
25;2025-12-23;1;0
25;2025-12-23;2;0
25;2025-12-23;3;0
25;2025-12-23;4;0
25;2025-12-23;5;21
25;2025-12-23;6;271
25;2025-12-23;7;543
25;2025-12-23;8;937
25;2025-12-23;9;490
25;2025-12-23;10;389
25;2025-12-23;11;451
25;2025-12-23;12;442
25;2025-12-23;13;560
25;2025-12-23;14;473
25;2025-12-23;15;576
25;2025-12-23;16;698
25;2025-12-23;17;805
25;2025-12-23;18;804
25;2025-12-23;19;627
25;2025-12-23;20;324
25;2025-12-23;21;231
25;2025-12-23;22;90
25;2025-12-23;23;8
25;2025-12-24;0;3
25;2025-12-24;1;0
25;2025-12-24;2;0
25;2025-12-24;3;0
25;2025-12-24;4;0
25;2025-12-24;5;21
25;2025-12-24;6;271
25;2025-12-24;7;543
25;2025-12-24;8;937
25;2025-12-24;9;490
25;2025-12-24;10;389
25;2025-12-24;11;451
25;2025-12-24;12;442
25;2025-12-24;13;560
25;2025-12-24;14;473
25;2025-12-24;15;576
25;2025-12-24;16;698
25;2025-12-24;17;805
25;2025-12-24;18;804
25;2025-12-24;19;627
25;2025-12-24;20;324
25;2025-12-24;21;231
25;2025-12-24;22;90
25;2025-12-24;23;8
25;2025-12-25;0;3
25;2025-12-25;1;0
25;2025-12-25;2;0
25;2025-12-25;3;0
25;2025-12-25;4;0
25;2025-12-25;5;21
25;2025-12-25;6;271
25;2025-12-25;7;543
25;2025-12-25;8;937
25;2025-12-25;9;490
25;2025-12-25;10;389
25;2025-12-25;11;451
25;2025-12-25;12;442
25;2025-12-25;13;560
25;2025-12-25;14;473
25;2025-12-25;15;576
25;2025-12-25;16;698
25;2025-12-25;17;805
25;2025-12-25;18;804
25;2025-12-25;19;627
25;2025-12-25;20;324
25;2025-12-25;21;231
25;2025-12-25;22;90
25;2025-12-25;23;8
25;2025-12-26;0;0
25;2025-12-26;1;0
25;2025-12-26;2;0
25;2025-12-26;3;0
25;2025-12-26;4;0
25;2025-12-26;5;17
25;2025-12-26;6;292
25;2025-12-26;7;599
25;2025-12-26;8;921
25;2025-12-26;9;468
25;2025-12-26;10;428
25;2025-12-26;11;473
25;2025-12-26;12;452
25;2025-12-26;13;597
25;2025-12-26;14;496
25;2025-12-26;15;687
25;2025-12-26;16;876
25;2025-12-26;17;842
25;2025-12-26;18;741
25;2025-12-26;19;683
25;2025-12-26;20;364
25;2025-12-26;21;236
25;2025-12-26;22;116
25;2025-12-26;23;15
25;2025-12-27;0;6
25;2025-12-27;1;0
25;2025-12-27;2;0
25;2025-12-27;3;0
25;2025-12-27;4;0
25;2025-12-27;5;20
25;2025-12-27;6;133
25;2025-12-27;7;130
25;2025-12-27;8;300
25;2025-12-27;9;270
25;2025-12-27;10;278
25;2025-12-27;11;370
25;2025-12-27;12;389
25;2025-12-27;13;644
25;2025-12-27;14;650
25;2025-12-27;15;763
25;2025-12-27;16;715
25;2025-12-27;17;572
25;2025-12-27;18;502
25;2025-12-27;19;434
25;2025-12-27;20;246
25;2025-12-27;21;188
25;2025-12-27;22;109
25;2025-12-27;23;41
25;2025-12-28;0;15
25;2025-12-28;1;0
25;2025-12-28;2;0
25;2025-12-28;3;0
25;2025-12-28;4;0
25;2025-12-28;5;10
25;2025-12-28;6;103
25;2025-12-28;7;96
25;2025-12-28;8;182
25;2025-12-28;9;205
25;2025-12-28;10;209
25;2025-12-28;11;299
25;2025-12-28;12;358
25;2025-12-28;13;472
25;2025-12-28;14;557
25;2025-12-28;15;637
25;2025-12-28;16;542
25;2025-12-28;17;540
25;2025-12-28;18;414
25;2025-12-28;19;277
25;2025-12-28;20;220
25;2025-12-28;21;137
25;2025-12-28;22;87
25;2025-12-28;23;33
25;2025-12-29;0;3
25;2025-12-29;1;0
25;2025-12-29;2;0
25;2025-12-29;3;0
25;2025-12-29;4;0
25;2025-12-29;5;18
25;2025-12-29;6;230
25;2025-12-29;7;459
25;2025-12-29;8;793
25;2025-12-29;9;414
25;2025-12-29;10;329
25;2025-12-29;11;382
25;2025-12-29;12;374
25;2025-12-29;13;473
25;2025-12-29;14;400
25;2025-12-29;15;488
25;2025-12-29;16;590
25;2025-12-29;17;681
25;2025-12-29;18;680
25;2025-12-29;19;530
25;2025-12-29;20;274
25;2025-12-29;21;196
25;2025-12-29;22;77
25;2025-12-29;23;7
25;2025-12-30;0;3
25;2025-12-30;1;0
25;2025-12-30;2;0
25;2025-12-30;3;0
25;2025-12-30;4;0
25;2025-12-30;5;18
25;2025-12-30;6;230
25;2025-12-30;7;459
25;2025-12-30;8;793
25;2025-12-30;9;414
25;2025-12-30;10;329
25;2025-12-30;11;382
25;2025-12-30;12;374
25;2025-12-30;13;473
25;2025-12-30;14;400
25;2025-12-30;15;488
25;2025-12-30;16;590
25;2025-12-30;17;681
25;2025-12-30;18;680
25;2025-12-30;19;530
25;2025-12-30;20;274
25;2025-12-30;21;196
25;2025-12-30;22;77
25;2025-12-30;23;7
25;2025-12-31;0;5
25;2025-12-31;1;0
25;2025-12-31;2;0
25;2025-12-31;3;0
25;2025-12-31;4;0
25;2025-12-31;5;16
25;2025-12-31;6;106
25;2025-12-31;7;104
25;2025-12-31;8;240
25;2025-12-31;9;216
25;2025-12-31;10;223
25;2025-12-31;11;296
25;2025-12-31;12;311
25;2025-12-31;13;515
25;2025-12-31;14;520
25;2025-12-31;15;610
25;2025-12-31;16;572
25;2025-12-31;17;458
25;2025-12-31;18;402
25;2025-12-31;19;347
25;2025-12-31;20;0
25;2025-12-31;21;0
25;2025-12-31;22;0
25;2025-12-31;23;0
26;2025-11-01;0;40
26;2025-11-01;1;3
26;2025-11-01;2;0
26;2025-11-01;3;0
26;2025-11-01;4;1
26;2025-11-01;5;64
26;2025-11-01;6;372
26;2025-11-01;7;784
26;2025-11-01;8;1700
26;2025-11-01;9;1064
26;2025-11-01;10;956
26;2025-11-01;11;854
26;2025-11-01;12;847
26;2025-11-01;13;873
26;2025-11-01;14;1046
26;2025-11-01;15;1033
26;2025-11-01;16;1263
26;2025-11-01;17;1361
26;2025-11-01;18;997
26;2025-11-01;19;782
26;2025-11-01;20;497
26;2025-11-01;21;355
26;2025-11-01;22;149
26;2025-11-01;23;117
26;2025-11-02;0;48
26;2025-11-02;1;4
26;2025-11-02;2;0
26;2025-11-02;3;0
26;2025-11-02;4;1
26;2025-11-02;5;20
26;2025-11-02;6;152
26;2025-11-02;7;250
26;2025-11-02;8;370
26;2025-11-02;9;508
26;2025-11-02;10;571
26;2025-11-02;11;799
26;2025-11-02;12;789
26;2025-11-02;13;849
26;2025-11-02;14;829
26;2025-11-02;15;758
26;2025-11-02;16;724
26;2025-11-02;17;748
26;2025-11-02;18;671
26;2025-11-02;19;491
26;2025-11-02;20;385
26;2025-11-02;21;267
26;2025-11-02;22;154
26;2025-11-02;23;102
26;2025-11-03;0;48
26;2025-11-03;1;4
26;2025-11-03;2;0
26;2025-11-03;3;0
26;2025-11-03;4;1
26;2025-11-03;5;20
26;2025-11-03;6;152
26;2025-11-03;7;250
26;2025-11-03;8;370
26;2025-11-03;9;508
26;2025-11-03;10;571
26;2025-11-03;11;799
26;2025-11-03;12;789
26;2025-11-03;13;849
26;2025-11-03;14;829
26;2025-11-03;15;758
26;2025-11-03;16;724
26;2025-11-03;17;748
26;2025-11-03;18;671
26;2025-11-03;19;491
26;2025-11-03;20;385
26;2025-11-03;21;267
26;2025-11-03;22;154
26;2025-11-03;23;102
26;2025-11-04;0;48
26;2025-11-04;1;4
26;2025-11-04;2;0
26;2025-11-04;3;0
26;2025-11-04;4;1
26;2025-11-04;5;20
26;2025-11-04;6;152
26;2025-11-04;7;250
26;2025-11-04;8;370
26;2025-11-04;9;508
26;2025-11-04;10;571
26;2025-11-04;11;799
26;2025-11-04;12;789
26;2025-11-04;13;849
26;2025-11-04;14;829
26;2025-11-04;15;758
26;2025-11-04;16;724
26;2025-11-04;17;748
26;2025-11-04;18;671
26;2025-11-04;19;491
26;2025-11-04;20;385
26;2025-11-04;21;267
26;2025-11-04;22;154
26;2025-11-04;23;102
26;2025-11-05;0;33
26;2025-11-05;1;1
26;2025-11-05;2;0
26;2025-11-05;3;0
26;2025-11-05;4;2
26;2025-11-05;5;100
26;2025-11-05;6;474
26;2025-11-05;7;1140
26;2025-11-05;8;2344
26;2025-11-05;9;1512
26;2025-11-05;10;1269
26;2025-11-05;11;1137
26;2025-11-05;12;1195
26;2025-11-05;13;1208
26;2025-11-05;14;1368
26;2025-11-05;15;1422
26;2025-11-05;16;1517
26;2025-11-05;17;1774
26;2025-11-05;18;1947
26;2025-11-05;19;1273
26;2025-11-05;20;766
26;2025-11-05;21;511
26;2025-11-05;22;208
26;2025-11-05;23;125
26;2025-11-06;0;33
26;2025-11-06;1;1
26;2025-11-06;2;0
26;2025-11-06;3;0
26;2025-11-06;4;2
26;2025-11-06;5;100
26;2025-11-06;6;474
26;2025-11-06;7;1140
26;2025-11-06;8;2344
26;2025-11-06;9;1512
26;2025-11-06;10;1269
26;2025-11-06;11;1137
26;2025-11-06;12;1195
26;2025-11-06;13;1208
26;2025-11-06;14;1368
26;2025-11-06;15;1422
26;2025-11-06;16;1517
26;2025-11-06;17;1774
26;2025-11-06;18;1947
26;2025-11-06;19;1273
26;2025-11-06;20;766
26;2025-11-06;21;511
26;2025-11-06;22;208
26;2025-11-06;23;125
26;2025-11-07;0;31
26;2025-11-07;1;1
26;2025-11-07;2;0
26;2025-11-07;3;0
26;2025-11-07;4;1
26;2025-11-07;5;83
26;2025-11-07;6;484
26;2025-11-07;7;1019
26;2025-11-07;8;2209
26;2025-11-07;9;1383
26;2025-11-07;10;1243
26;2025-11-07;11;1110
26;2025-11-07;12;1101
26;2025-11-07;13;1136
26;2025-11-07;14;1359
26;2025-11-07;15;1344
26;2025-11-07;16;1642
26;2025-11-07;17;1769
26;2025-11-07;18;1296
26;2025-11-07;19;1016
26;2025-11-07;20;647
26;2025-11-07;21;462
26;2025-11-07;22;193
26;2025-11-07;23;152
26;2025-11-08;0;54
26;2025-11-08;1;2
26;2025-11-08;2;0
26;2025-11-08;3;0
26;2025-11-08;4;2
26;2025-11-08;5;53
26;2025-11-08;6;242
26;2025-11-08;7;387
26;2025-11-08;8;647
26;2025-11-08;9;699
26;2025-11-08;10;865
26;2025-11-08;11;1038
26;2025-11-08;12;1119
26;2025-11-08;13;1093
26;2025-11-08;14;1145
26;2025-11-08;15;1031
26;2025-11-08;16;1082
26;2025-11-08;17;989
26;2025-11-08;18;913
26;2025-11-08;19;795
26;2025-11-08;20;560
26;2025-11-08;21;364
26;2025-11-08;22;209
26;2025-11-08;23;163
26;2025-11-09;0;50
26;2025-11-09;1;4
26;2025-11-09;2;0
26;2025-11-09;3;0
26;2025-11-09;4;1
26;2025-11-09;5;21
26;2025-11-09;6;158
26;2025-11-09;7;260
26;2025-11-09;8;385
26;2025-11-09;9;528
26;2025-11-09;10;594
26;2025-11-09;11;831
26;2025-11-09;12;821
26;2025-11-09;13;883
26;2025-11-09;14;862
26;2025-11-09;15;788
26;2025-11-09;16;753
26;2025-11-09;17;778
26;2025-11-09;18;698
26;2025-11-09;19;511
26;2025-11-09;20;400
26;2025-11-09;21;278
26;2025-11-09;22;160
26;2025-11-09;23;106
26;2025-11-10;0;33
26;2025-11-10;1;1
26;2025-11-10;2;0
26;2025-11-10;3;0
26;2025-11-10;4;2
26;2025-11-10;5;100
26;2025-11-10;6;474
26;2025-11-10;7;1140
26;2025-11-10;8;2344
26;2025-11-10;9;1512
26;2025-11-10;10;1269
26;2025-11-10;11;1137
26;2025-11-10;12;1195
26;2025-11-10;13;1208
26;2025-11-10;14;1368
26;2025-11-10;15;1422
26;2025-11-10;16;1517
26;2025-11-10;17;1774
26;2025-11-10;18;1947
26;2025-11-10;19;1273
26;2025-11-10;20;766
26;2025-11-10;21;511
26;2025-11-10;22;208
26;2025-11-10;23;125
26;2025-11-11;0;33
26;2025-11-11;1;1
26;2025-11-11;2;0
26;2025-11-11;3;0
26;2025-11-11;4;2
26;2025-11-11;5;100
26;2025-11-11;6;474
26;2025-11-11;7;1140
26;2025-11-11;8;2344
26;2025-11-11;9;1512
26;2025-11-11;10;1269
26;2025-11-11;11;1137
26;2025-11-11;12;1195
26;2025-11-11;13;1208
26;2025-11-11;14;1368
26;2025-11-11;15;1422
26;2025-11-11;16;1517
26;2025-11-11;17;1774
26;2025-11-11;18;1947
26;2025-11-11;19;1273
26;2025-11-11;20;766
26;2025-11-11;21;511
26;2025-11-11;22;208
26;2025-11-11;23;125
26;2025-11-12;0;33
26;2025-11-12;1;1
26;2025-11-12;2;0
26;2025-11-12;3;0
26;2025-11-12;4;2
26;2025-11-12;5;100
26;2025-11-12;6;474
26;2025-11-12;7;1140
26;2025-11-12;8;2344
26;2025-11-12;9;1512
26;2025-11-12;10;1269
26;2025-11-12;11;1137
26;2025-11-12;12;1195
26;2025-11-12;13;1208
26;2025-11-12;14;1368
26;2025-11-12;15;1422
26;2025-11-12;16;1517
26;2025-11-12;17;1774
26;2025-11-12;18;1947
26;2025-11-12;19;1273
26;2025-11-12;20;766
26;2025-11-12;21;511
26;2025-11-12;22;208
26;2025-11-12;23;125
26;2025-11-13;0;33
26;2025-11-13;1;1
26;2025-11-13;2;0
26;2025-11-13;3;0
26;2025-11-13;4;2
26;2025-11-13;5;100
26;2025-11-13;6;474
26;2025-11-13;7;1140
26;2025-11-13;8;2344
26;2025-11-13;9;1512
26;2025-11-13;10;1269
26;2025-11-13;11;1137
26;2025-11-13;12;1195
26;2025-11-13;13;1208
26;2025-11-13;14;1368
26;2025-11-13;15;1422
26;2025-11-13;16;1517
26;2025-11-13;17;1774
26;2025-11-13;18;1947
26;2025-11-13;19;1273
26;2025-11-13;20;766
26;2025-11-13;21;511
26;2025-11-13;22;208
26;2025-11-13;23;125
26;2025-11-14;0;31
26;2025-11-14;1;1
26;2025-11-14;2;0
26;2025-11-14;3;0
26;2025-11-14;4;1
26;2025-11-14;5;83
26;2025-11-14;6;484
26;2025-11-14;7;1019
26;2025-11-14;8;2209
26;2025-11-14;9;1383
26;2025-11-14;10;1243
26;2025-11-14;11;1110
26;2025-11-14;12;1101
26;2025-11-14;13;1136
26;2025-11-14;14;1359
26;2025-11-14;15;1344
26;2025-11-14;16;1642
26;2025-11-14;17;1769
26;2025-11-14;18;1296
26;2025-11-14;19;1016
26;2025-11-14;20;647
26;2025-11-14;21;462
26;2025-11-14;22;193
26;2025-11-14;23;152
26;2025-11-15;0;54
26;2025-11-15;1;2
26;2025-11-15;2;0
26;2025-11-15;3;0
26;2025-11-15;4;2
26;2025-11-15;5;53
26;2025-11-15;6;242
26;2025-11-15;7;387
26;2025-11-15;8;647
26;2025-11-15;9;699
26;2025-11-15;10;865
26;2025-11-15;11;1038
26;2025-11-15;12;1119
26;2025-11-15;13;1093
26;2025-11-15;14;1145
26;2025-11-15;15;1031
26;2025-11-15;16;1082
26;2025-11-15;17;989
26;2025-11-15;18;913
26;2025-11-15;19;795
26;2025-11-15;20;560
26;2025-11-15;21;364
26;2025-11-15;22;209
26;2025-11-15;23;163
26;2025-11-16;0;50
26;2025-11-16;1;4
26;2025-11-16;2;0
26;2025-11-16;3;0
26;2025-11-16;4;1
26;2025-11-16;5;21
26;2025-11-16;6;158
26;2025-11-16;7;260
26;2025-11-16;8;385
26;2025-11-16;9;528
26;2025-11-16;10;594
26;2025-11-16;11;831
26;2025-11-16;12;821
26;2025-11-16;13;883
26;2025-11-16;14;862
26;2025-11-16;15;788
26;2025-11-16;16;753
26;2025-11-16;17;778
26;2025-11-16;18;698
26;2025-11-16;19;511
26;2025-11-16;20;400
26;2025-11-16;21;278
26;2025-11-16;22;160
26;2025-11-16;23;106
26;2025-11-17;0;33
26;2025-11-17;1;1
26;2025-11-17;2;0
26;2025-11-17;3;0
26;2025-11-17;4;2
26;2025-11-17;5;100
26;2025-11-17;6;474
26;2025-11-17;7;1140
26;2025-11-17;8;2344
26;2025-11-17;9;1512
26;2025-11-17;10;1269
26;2025-11-17;11;1137
26;2025-11-17;12;1195
26;2025-11-17;13;1208
26;2025-11-17;14;1368
26;2025-11-17;15;1422
26;2025-11-17;16;1517
26;2025-11-17;17;1774
26;2025-11-17;18;1947
26;2025-11-17;19;1273
26;2025-11-17;20;766
26;2025-11-17;21;511
26;2025-11-17;22;208
26;2025-11-17;23;125
26;2025-11-18;0;33
26;2025-11-18;1;1
26;2025-11-18;2;0
26;2025-11-18;3;0
26;2025-11-18;4;2
26;2025-11-18;5;100
26;2025-11-18;6;474
26;2025-11-18;7;1140
26;2025-11-18;8;2344
26;2025-11-18;9;1512
26;2025-11-18;10;1269
26;2025-11-18;11;1137
26;2025-11-18;12;1195
26;2025-11-18;13;1208
26;2025-11-18;14;1368
26;2025-11-18;15;1422
26;2025-11-18;16;1517
26;2025-11-18;17;1774
26;2025-11-18;18;1947
26;2025-11-18;19;1273
26;2025-11-18;20;766
26;2025-11-18;21;511
26;2025-11-18;22;208
26;2025-11-18;23;125
26;2025-11-19;0;33
26;2025-11-19;1;1
26;2025-11-19;2;0
26;2025-11-19;3;0
26;2025-11-19;4;2
26;2025-11-19;5;100
26;2025-11-19;6;474
26;2025-11-19;7;1140
26;2025-11-19;8;2344
26;2025-11-19;9;1512
26;2025-11-19;10;1269
26;2025-11-19;11;1137
26;2025-11-19;12;1195
26;2025-11-19;13;1208
26;2025-11-19;14;1368
26;2025-11-19;15;1422
26;2025-11-19;16;1517
26;2025-11-19;17;1774
26;2025-11-19;18;1947
26;2025-11-19;19;1273
26;2025-11-19;20;766
26;2025-11-19;21;511
26;2025-11-19;22;208
26;2025-11-19;23;125
26;2025-11-20;0;33
26;2025-11-20;1;1
26;2025-11-20;2;0
26;2025-11-20;3;0
26;2025-11-20;4;2
26;2025-11-20;5;100
26;2025-11-20;6;474
26;2025-11-20;7;1140
26;2025-11-20;8;2344
26;2025-11-20;9;1512
26;2025-11-20;10;1269
26;2025-11-20;11;1137
26;2025-11-20;12;1195
26;2025-11-20;13;1208
26;2025-11-20;14;1368
26;2025-11-20;15;1422
26;2025-11-20;16;1517
26;2025-11-20;17;1774
26;2025-11-20;18;1947
26;2025-11-20;19;1273
26;2025-11-20;20;766
26;2025-11-20;21;511
26;2025-11-20;22;208
26;2025-11-20;23;125
26;2025-11-21;0;31
26;2025-11-21;1;1
26;2025-11-21;2;0
26;2025-11-21;3;0
26;2025-11-21;4;1
26;2025-11-21;5;83
26;2025-11-21;6;484
26;2025-11-21;7;1019
26;2025-11-21;8;2209
26;2025-11-21;9;1383
26;2025-11-21;10;1243
26;2025-11-21;11;1110
26;2025-11-21;12;1101
26;2025-11-21;13;1136
26;2025-11-21;14;1359
26;2025-11-21;15;1344
26;2025-11-21;16;1642
26;2025-11-21;17;1769
26;2025-11-21;18;1296
26;2025-11-21;19;1016
26;2025-11-21;20;647
26;2025-11-21;21;462
26;2025-11-21;22;193
26;2025-11-21;23;152
26;2025-11-22;0;54
26;2025-11-22;1;2
26;2025-11-22;2;0
26;2025-11-22;3;0
26;2025-11-22;4;2
26;2025-11-22;5;53
26;2025-11-22;6;242
26;2025-11-22;7;387
26;2025-11-22;8;647
26;2025-11-22;9;699
26;2025-11-22;10;865
26;2025-11-22;11;1038
26;2025-11-22;12;1119
26;2025-11-22;13;1093
26;2025-11-22;14;1145
26;2025-11-22;15;1031
26;2025-11-22;16;1082
26;2025-11-22;17;989
26;2025-11-22;18;913
26;2025-11-22;19;795
26;2025-11-22;20;560
26;2025-11-22;21;364
26;2025-11-22;22;209
26;2025-11-22;23;163
26;2025-11-23;0;50
26;2025-11-23;1;4
26;2025-11-23;2;0
26;2025-11-23;3;0
26;2025-11-23;4;1
26;2025-11-23;5;21
26;2025-11-23;6;158
26;2025-11-23;7;260
26;2025-11-23;8;385
26;2025-11-23;9;528
26;2025-11-23;10;594
26;2025-11-23;11;831
26;2025-11-23;12;821
26;2025-11-23;13;883
26;2025-11-23;14;862
26;2025-11-23;15;788
26;2025-11-23;16;753
26;2025-11-23;17;778
26;2025-11-23;18;698
26;2025-11-23;19;511
26;2025-11-23;20;400
26;2025-11-23;21;278
26;2025-11-23;22;160
26;2025-11-23;23;106
26;2025-11-24;0;33
26;2025-11-24;1;1
26;2025-11-24;2;0
26;2025-11-24;3;0
26;2025-11-24;4;2
26;2025-11-24;5;100
26;2025-11-24;6;474
26;2025-11-24;7;1140
26;2025-11-24;8;2344
26;2025-11-24;9;1512
26;2025-11-24;10;1269
26;2025-11-24;11;1137
26;2025-11-24;12;1195
26;2025-11-24;13;1208
26;2025-11-24;14;1368
26;2025-11-24;15;1422
26;2025-11-24;16;1517
26;2025-11-24;17;1774
26;2025-11-24;18;1947
26;2025-11-24;19;1273
26;2025-11-24;20;766
26;2025-11-24;21;511
26;2025-11-24;22;208
26;2025-11-24;23;125
26;2025-11-25;0;33
26;2025-11-25;1;1
26;2025-11-25;2;0
26;2025-11-25;3;0
26;2025-11-25;4;2
26;2025-11-25;5;100
26;2025-11-25;6;474
26;2025-11-25;7;1140
26;2025-11-25;8;2344
26;2025-11-25;9;1512
26;2025-11-25;10;1269
26;2025-11-25;11;1137
26;2025-11-25;12;1195
26;2025-11-25;13;1208
26;2025-11-25;14;1368
26;2025-11-25;15;1422
26;2025-11-25;16;1517
26;2025-11-25;17;1774
26;2025-11-25;18;1947
26;2025-11-25;19;1273
26;2025-11-25;20;766
26;2025-11-25;21;511
26;2025-11-25;22;208
26;2025-11-25;23;125
26;2025-11-26;0;33
26;2025-11-26;1;1
26;2025-11-26;2;0
26;2025-11-26;3;0
26;2025-11-26;4;2
26;2025-11-26;5;100
26;2025-11-26;6;474
26;2025-11-26;7;1140
26;2025-11-26;8;2344
26;2025-11-26;9;1512
26;2025-11-26;10;1269
26;2025-11-26;11;1137
26;2025-11-26;12;1195
26;2025-11-26;13;1208
26;2025-11-26;14;1368
26;2025-11-26;15;1422
26;2025-11-26;16;1517
26;2025-11-26;17;1774
26;2025-11-26;18;1947
26;2025-11-26;19;1273
26;2025-11-26;20;766
26;2025-11-26;21;511
26;2025-11-26;22;208
26;2025-11-26;23;125
26;2025-11-27;0;33
26;2025-11-27;1;1
26;2025-11-27;2;0
26;2025-11-27;3;0
26;2025-11-27;4;2
26;2025-11-27;5;100
26;2025-11-27;6;474
26;2025-11-27;7;1140
26;2025-11-27;8;2344
26;2025-11-27;9;1512
26;2025-11-27;10;1269
26;2025-11-27;11;1137
26;2025-11-27;12;1195
26;2025-11-27;13;1208
26;2025-11-27;14;1368
26;2025-11-27;15;1422
26;2025-11-27;16;1517
26;2025-11-27;17;1774
26;2025-11-27;18;1947
26;2025-11-27;19;1273
26;2025-11-27;20;766
26;2025-11-27;21;511
26;2025-11-27;22;208
26;2025-11-27;23;125
26;2025-11-28;0;31
26;2025-11-28;1;1
26;2025-11-28;2;0
26;2025-11-28;3;0
26;2025-11-28;4;1
26;2025-11-28;5;83
26;2025-11-28;6;484
26;2025-11-28;7;1019
26;2025-11-28;8;2209
26;2025-11-28;9;1383
26;2025-11-28;10;1243
26;2025-11-28;11;1110
26;2025-11-28;12;1101
26;2025-11-28;13;1136
26;2025-11-28;14;1359
26;2025-11-28;15;1344
26;2025-11-28;16;1642
26;2025-11-28;17;1769
26;2025-11-28;18;1296
26;2025-11-28;19;1016
26;2025-11-28;20;647
26;2025-11-28;21;462
26;2025-11-28;22;193
26;2025-11-28;23;152
26;2025-11-29;0;54
26;2025-11-29;1;2
26;2025-11-29;2;0
26;2025-11-29;3;0
26;2025-11-29;4;2
26;2025-11-29;5;53
26;2025-11-29;6;242
26;2025-11-29;7;387
26;2025-11-29;8;647
26;2025-11-29;9;699
26;2025-11-29;10;865
26;2025-11-29;11;1038
26;2025-11-29;12;1119
26;2025-11-29;13;1093
26;2025-11-29;14;1145
26;2025-11-29;15;1031
26;2025-11-29;16;1082
26;2025-11-29;17;989
26;2025-11-29;18;913
26;2025-11-29;19;795
26;2025-11-29;20;560
26;2025-11-29;21;364
26;2025-11-29;22;209
26;2025-11-29;23;163
26;2025-11-30;0;50
26;2025-11-30;1;4
26;2025-11-30;2;0
26;2025-11-30;3;0
26;2025-11-30;4;1
26;2025-11-30;5;21
26;2025-11-30;6;158
26;2025-11-30;7;260
26;2025-11-30;8;385
26;2025-11-30;9;528
26;2025-11-30;10;594
26;2025-11-30;11;831
26;2025-11-30;12;821
26;2025-11-30;13;883
26;2025-11-30;14;862
26;2025-11-30;15;788
26;2025-11-30;16;753
26;2025-11-30;17;778
26;2025-11-30;18;698
26;2025-11-30;19;511
26;2025-11-30;20;400
26;2025-11-30;21;278
26;2025-11-30;22;160
26;2025-11-30;23;106
26;2025-12-01;0;33
26;2025-12-01;1;1
26;2025-12-01;2;0
26;2025-12-01;3;0
26;2025-12-01;4;2
26;2025-12-01;5;100
26;2025-12-01;6;474
26;2025-12-01;7;1140
26;2025-12-01;8;2344
26;2025-12-01;9;1512
26;2025-12-01;10;1269
26;2025-12-01;11;1137
26;2025-12-01;12;1195
26;2025-12-01;13;1208
26;2025-12-01;14;1368
26;2025-12-01;15;1422
26;2025-12-01;16;1517
26;2025-12-01;17;1774
26;2025-12-01;18;1947
26;2025-12-01;19;1273
26;2025-12-01;20;766
26;2025-12-01;21;511
26;2025-12-01;22;208
26;2025-12-01;23;125
26;2025-12-02;0;33
26;2025-12-02;1;1
26;2025-12-02;2;0
26;2025-12-02;3;0
26;2025-12-02;4;2
26;2025-12-02;5;100
26;2025-12-02;6;474
26;2025-12-02;7;1140
26;2025-12-02;8;2344
26;2025-12-02;9;1512
26;2025-12-02;10;1269
26;2025-12-02;11;1137
26;2025-12-02;12;1195
26;2025-12-02;13;1208
26;2025-12-02;14;1368
26;2025-12-02;15;1422
26;2025-12-02;16;1517
26;2025-12-02;17;1774
26;2025-12-02;18;1947
26;2025-12-02;19;1273
26;2025-12-02;20;766
26;2025-12-02;21;511
26;2025-12-02;22;208
26;2025-12-02;23;125
26;2025-12-03;0;33
26;2025-12-03;1;1
26;2025-12-03;2;0
26;2025-12-03;3;0
26;2025-12-03;4;2
26;2025-12-03;5;100
26;2025-12-03;6;474
26;2025-12-03;7;1140
26;2025-12-03;8;2344
26;2025-12-03;9;1512
26;2025-12-03;10;1269
26;2025-12-03;11;1137
26;2025-12-03;12;1195
26;2025-12-03;13;1208
26;2025-12-03;14;1368
26;2025-12-03;15;1422
26;2025-12-03;16;1517
26;2025-12-03;17;1774
26;2025-12-03;18;1947
26;2025-12-03;19;1273
26;2025-12-03;20;766
26;2025-12-03;21;511
26;2025-12-03;22;208
26;2025-12-03;23;125
26;2025-12-04;0;33
26;2025-12-04;1;1
26;2025-12-04;2;0
26;2025-12-04;3;0
26;2025-12-04;4;2
26;2025-12-04;5;100
26;2025-12-04;6;474
26;2025-12-04;7;1140
26;2025-12-04;8;2344
26;2025-12-04;9;1512
26;2025-12-04;10;1269
26;2025-12-04;11;1137
26;2025-12-04;12;1195
26;2025-12-04;13;1208
26;2025-12-04;14;1368
26;2025-12-04;15;1422
26;2025-12-04;16;1517
26;2025-12-04;17;1774
26;2025-12-04;18;1947
26;2025-12-04;19;1273
26;2025-12-04;20;766
26;2025-12-04;21;511
26;2025-12-04;22;208
26;2025-12-04;23;125
26;2025-12-05;0;31
26;2025-12-05;1;1
26;2025-12-05;2;0
26;2025-12-05;3;0
26;2025-12-05;4;1
26;2025-12-05;5;83
26;2025-12-05;6;484
26;2025-12-05;7;1019
26;2025-12-05;8;2209
26;2025-12-05;9;1383
26;2025-12-05;10;1243
26;2025-12-05;11;1110
26;2025-12-05;12;1101
26;2025-12-05;13;1136
26;2025-12-05;14;1359
26;2025-12-05;15;1344
26;2025-12-05;16;1642
26;2025-12-05;17;1769
26;2025-12-05;18;1296
26;2025-12-05;19;1016
26;2025-12-05;20;647
26;2025-12-05;21;462
26;2025-12-05;22;193
26;2025-12-05;23;152
26;2025-12-06;0;54
26;2025-12-06;1;2
26;2025-12-06;2;0
26;2025-12-06;3;0
26;2025-12-06;4;2
26;2025-12-06;5;53
26;2025-12-06;6;242
26;2025-12-06;7;387
26;2025-12-06;8;647
26;2025-12-06;9;699
26;2025-12-06;10;865
26;2025-12-06;11;1038
26;2025-12-06;12;1119
26;2025-12-06;13;1093
26;2025-12-06;14;1145
26;2025-12-06;15;1031
26;2025-12-06;16;1082
26;2025-12-06;17;989
26;2025-12-06;18;913
26;2025-12-06;19;795
26;2025-12-06;20;560
26;2025-12-06;21;364
26;2025-12-06;22;209
26;2025-12-06;23;163
26;2025-12-07;0;50
26;2025-12-07;1;4
26;2025-12-07;2;0
26;2025-12-07;3;0
26;2025-12-07;4;1
26;2025-12-07;5;21
26;2025-12-07;6;158
26;2025-12-07;7;260
26;2025-12-07;8;385
26;2025-12-07;9;528
26;2025-12-07;10;594
26;2025-12-07;11;831
26;2025-12-07;12;821
26;2025-12-07;13;883
26;2025-12-07;14;862
26;2025-12-07;15;788
26;2025-12-07;16;753
26;2025-12-07;17;778
26;2025-12-07;18;698
26;2025-12-07;19;511
26;2025-12-07;20;400
26;2025-12-07;21;278
26;2025-12-07;22;160
26;2025-12-07;23;106
26;2025-12-08;0;33
26;2025-12-08;1;1
26;2025-12-08;2;0
26;2025-12-08;3;0
26;2025-12-08;4;2
26;2025-12-08;5;100
26;2025-12-08;6;474
26;2025-12-08;7;1140
26;2025-12-08;8;2344
26;2025-12-08;9;1512
26;2025-12-08;10;1269
26;2025-12-08;11;1137
26;2025-12-08;12;1195
26;2025-12-08;13;1208
26;2025-12-08;14;1368
26;2025-12-08;15;1422
26;2025-12-08;16;1517
26;2025-12-08;17;1774
26;2025-12-08;18;1947
26;2025-12-08;19;1273
26;2025-12-08;20;766
26;2025-12-08;21;511
26;2025-12-08;22;208
26;2025-12-08;23;125
26;2025-12-09;0;33
26;2025-12-09;1;1
26;2025-12-09;2;0
26;2025-12-09;3;0
26;2025-12-09;4;2
26;2025-12-09;5;100
26;2025-12-09;6;474
26;2025-12-09;7;1140
26;2025-12-09;8;2344
26;2025-12-09;9;1512
26;2025-12-09;10;1269
26;2025-12-09;11;1137
26;2025-12-09;12;1195
26;2025-12-09;13;1208
26;2025-12-09;14;1368
26;2025-12-09;15;1422
26;2025-12-09;16;1517
26;2025-12-09;17;1774
26;2025-12-09;18;1947
26;2025-12-09;19;1273
26;2025-12-09;20;766
26;2025-12-09;21;511
26;2025-12-09;22;208
26;2025-12-09;23;125
26;2025-12-10;0;33
26;2025-12-10;1;1
26;2025-12-10;2;0
26;2025-12-10;3;0
26;2025-12-10;4;2
26;2025-12-10;5;100
26;2025-12-10;6;474
26;2025-12-10;7;1140
26;2025-12-10;8;2344
26;2025-12-10;9;1512
26;2025-12-10;10;1269
26;2025-12-10;11;1137
26;2025-12-10;12;1195
26;2025-12-10;13;1208
26;2025-12-10;14;1368
26;2025-12-10;15;1422
26;2025-12-10;16;1517
26;2025-12-10;17;1774
26;2025-12-10;18;1947
26;2025-12-10;19;1273
26;2025-12-10;20;766
26;2025-12-10;21;511
26;2025-12-10;22;208
26;2025-12-10;23;125
26;2025-12-11;0;33
26;2025-12-11;1;1
26;2025-12-11;2;0
26;2025-12-11;3;0
26;2025-12-11;4;2
26;2025-12-11;5;100
26;2025-12-11;6;474
26;2025-12-11;7;1140
26;2025-12-11;8;2344
26;2025-12-11;9;1512
26;2025-12-11;10;1269
26;2025-12-11;11;1137
26;2025-12-11;12;1195
26;2025-12-11;13;1208
26;2025-12-11;14;1368
26;2025-12-11;15;1422
26;2025-12-11;16;1517
26;2025-12-11;17;1774
26;2025-12-11;18;1947
26;2025-12-11;19;1273
26;2025-12-11;20;766
26;2025-12-11;21;511
26;2025-12-11;22;208
26;2025-12-11;23;125
26;2025-12-12;0;31
26;2025-12-12;1;1
26;2025-12-12;2;0
26;2025-12-12;3;0
26;2025-12-12;4;1
26;2025-12-12;5;83
26;2025-12-12;6;484
26;2025-12-12;7;1019
26;2025-12-12;8;2209
26;2025-12-12;9;1383
26;2025-12-12;10;1243
26;2025-12-12;11;1110
26;2025-12-12;12;1101
26;2025-12-12;13;1136
26;2025-12-12;14;1359
26;2025-12-12;15;1344
26;2025-12-12;16;1642
26;2025-12-12;17;1769
26;2025-12-12;18;1296
26;2025-12-12;19;1016
26;2025-12-12;20;647
26;2025-12-12;21;462
26;2025-12-12;22;193
26;2025-12-12;23;152
26;2025-12-13;0;54
26;2025-12-13;1;2
26;2025-12-13;2;0
26;2025-12-13;3;0
26;2025-12-13;4;2
26;2025-12-13;5;53
26;2025-12-13;6;242
26;2025-12-13;7;387
26;2025-12-13;8;647
26;2025-12-13;9;699
26;2025-12-13;10;865
26;2025-12-13;11;1038
26;2025-12-13;12;1119
26;2025-12-13;13;1093
26;2025-12-13;14;1145
26;2025-12-13;15;1031
26;2025-12-13;16;1082
26;2025-12-13;17;989
26;2025-12-13;18;913
26;2025-12-13;19;795
26;2025-12-13;20;560
26;2025-12-13;21;364
26;2025-12-13;22;209
26;2025-12-13;23;163
26;2025-12-14;0;50
26;2025-12-14;1;4
26;2025-12-14;2;0
26;2025-12-14;3;0
26;2025-12-14;4;1
26;2025-12-14;5;21
26;2025-12-14;6;158
26;2025-12-14;7;260
26;2025-12-14;8;385
26;2025-12-14;9;528
26;2025-12-14;10;594
26;2025-12-14;11;831
26;2025-12-14;12;821
26;2025-12-14;13;883
26;2025-12-14;14;862
26;2025-12-14;15;788
26;2025-12-14;16;753
26;2025-12-14;17;778
26;2025-12-14;18;698
26;2025-12-14;19;511
26;2025-12-14;20;400
26;2025-12-14;21;278
26;2025-12-14;22;160
26;2025-12-14;23;106
26;2025-12-15;0;33
26;2025-12-15;1;1
26;2025-12-15;2;0
26;2025-12-15;3;0
26;2025-12-15;4;2
26;2025-12-15;5;100
26;2025-12-15;6;474
26;2025-12-15;7;1140
26;2025-12-15;8;2344
26;2025-12-15;9;1512
26;2025-12-15;10;1269
26;2025-12-15;11;1137
26;2025-12-15;12;1195
26;2025-12-15;13;1208
26;2025-12-15;14;1368
26;2025-12-15;15;1422
26;2025-12-15;16;1517
26;2025-12-15;17;1774
26;2025-12-15;18;1947
26;2025-12-15;19;1273
26;2025-12-15;20;766
26;2025-12-15;21;511
26;2025-12-15;22;208
26;2025-12-15;23;125
26;2025-12-16;0;33
26;2025-12-16;1;1
26;2025-12-16;2;0
26;2025-12-16;3;0
26;2025-12-16;4;2
26;2025-12-16;5;100
26;2025-12-16;6;474
26;2025-12-16;7;1140
26;2025-12-16;8;2344
26;2025-12-16;9;1512
26;2025-12-16;10;1269
26;2025-12-16;11;1137
26;2025-12-16;12;1195
26;2025-12-16;13;1208
26;2025-12-16;14;1368
26;2025-12-16;15;1422
26;2025-12-16;16;1517
26;2025-12-16;17;1774
26;2025-12-16;18;1947
26;2025-12-16;19;1273
26;2025-12-16;20;766
26;2025-12-16;21;511
26;2025-12-16;22;208
26;2025-12-16;23;125
26;2025-12-17;0;33
26;2025-12-17;1;1
26;2025-12-17;2;0
26;2025-12-17;3;0
26;2025-12-17;4;2
26;2025-12-17;5;100
26;2025-12-17;6;474
26;2025-12-17;7;1140
26;2025-12-17;8;2344
26;2025-12-17;9;1512
26;2025-12-17;10;1269
26;2025-12-17;11;1137
26;2025-12-17;12;1195
26;2025-12-17;13;1208
26;2025-12-17;14;1368
26;2025-12-17;15;1422
26;2025-12-17;16;1517
26;2025-12-17;17;1774
26;2025-12-17;18;1947
26;2025-12-17;19;1273
26;2025-12-17;20;766
26;2025-12-17;21;511
26;2025-12-17;22;208
26;2025-12-17;23;125
26;2025-12-18;0;33
26;2025-12-18;1;1
26;2025-12-18;2;0
26;2025-12-18;3;0
26;2025-12-18;4;2
26;2025-12-18;5;100
26;2025-12-18;6;474
26;2025-12-18;7;1140
26;2025-12-18;8;2344
26;2025-12-18;9;1512
26;2025-12-18;10;1269
26;2025-12-18;11;1137
26;2025-12-18;12;1195
26;2025-12-18;13;1208
26;2025-12-18;14;1368
26;2025-12-18;15;1422
26;2025-12-18;16;1517
26;2025-12-18;17;1774
26;2025-12-18;18;1947
26;2025-12-18;19;1273
26;2025-12-18;20;766
26;2025-12-18;21;511
26;2025-12-18;22;208
26;2025-12-18;23;125
26;2025-12-19;0;31
26;2025-12-19;1;1
26;2025-12-19;2;0
26;2025-12-19;3;0
26;2025-12-19;4;1
26;2025-12-19;5;83
26;2025-12-19;6;484
26;2025-12-19;7;1019
26;2025-12-19;8;2209
26;2025-12-19;9;1383
26;2025-12-19;10;1243
26;2025-12-19;11;1110
26;2025-12-19;12;1101
26;2025-12-19;13;1136
26;2025-12-19;14;1359
26;2025-12-19;15;1344
26;2025-12-19;16;1642
26;2025-12-19;17;1769
26;2025-12-19;18;1296
26;2025-12-19;19;1016
26;2025-12-19;20;647
26;2025-12-19;21;462
26;2025-12-19;22;193
26;2025-12-19;23;152
26;2025-12-20;0;54
26;2025-12-20;1;2
26;2025-12-20;2;0
26;2025-12-20;3;0
26;2025-12-20;4;2
26;2025-12-20;5;53
26;2025-12-20;6;242
26;2025-12-20;7;387
26;2025-12-20;8;647
26;2025-12-20;9;699
26;2025-12-20;10;865
26;2025-12-20;11;1038
26;2025-12-20;12;1119
26;2025-12-20;13;1093
26;2025-12-20;14;1145
26;2025-12-20;15;1031
26;2025-12-20;16;1082
26;2025-12-20;17;989
26;2025-12-20;18;913
26;2025-12-20;19;795
26;2025-12-20;20;560
26;2025-12-20;21;364
26;2025-12-20;22;209
26;2025-12-20;23;163
26;2025-12-21;0;50
26;2025-12-21;1;4
26;2025-12-21;2;0
26;2025-12-21;3;0
26;2025-12-21;4;1
26;2025-12-21;5;21
26;2025-12-21;6;158
26;2025-12-21;7;260
26;2025-12-21;8;385
26;2025-12-21;9;528
26;2025-12-21;10;594
26;2025-12-21;11;831
26;2025-12-21;12;821
26;2025-12-21;13;883
26;2025-12-21;14;862
26;2025-12-21;15;788
26;2025-12-21;16;753
26;2025-12-21;17;778
26;2025-12-21;18;698
26;2025-12-21;19;511
26;2025-12-21;20;400
26;2025-12-21;21;278
26;2025-12-21;22;160
26;2025-12-21;23;106
26;2025-12-22;0;33
26;2025-12-22;1;1
26;2025-12-22;2;0
26;2025-12-22;3;0
26;2025-12-22;4;2
26;2025-12-22;5;100
26;2025-12-22;6;474
26;2025-12-22;7;1140
26;2025-12-22;8;2344
26;2025-12-22;9;1512
26;2025-12-22;10;1269
26;2025-12-22;11;1137
26;2025-12-22;12;1195
26;2025-12-22;13;1208
26;2025-12-22;14;1368
26;2025-12-22;15;1422
26;2025-12-22;16;1517
26;2025-12-22;17;1774
26;2025-12-22;18;1947
26;2025-12-22;19;1273
26;2025-12-22;20;766
26;2025-12-22;21;511
26;2025-12-22;22;208
26;2025-12-22;23;125
26;2025-12-23;0;33
26;2025-12-23;1;1
26;2025-12-23;2;0
26;2025-12-23;3;0
26;2025-12-23;4;2
26;2025-12-23;5;100
26;2025-12-23;6;474
26;2025-12-23;7;1140
26;2025-12-23;8;2344
26;2025-12-23;9;1512
26;2025-12-23;10;1269
26;2025-12-23;11;1137
26;2025-12-23;12;1195
26;2025-12-23;13;1208
26;2025-12-23;14;1368
26;2025-12-23;15;1422
26;2025-12-23;16;1517
26;2025-12-23;17;1774
26;2025-12-23;18;1947
26;2025-12-23;19;1273
26;2025-12-23;20;766
26;2025-12-23;21;511
26;2025-12-23;22;208
26;2025-12-23;23;125
26;2025-12-24;0;33
26;2025-12-24;1;1
26;2025-12-24;2;0
26;2025-12-24;3;0
26;2025-12-24;4;2
26;2025-12-24;5;100
26;2025-12-24;6;474
26;2025-12-24;7;1140
26;2025-12-24;8;2344
26;2025-12-24;9;1512
26;2025-12-24;10;1269
26;2025-12-24;11;1137
26;2025-12-24;12;1195
26;2025-12-24;13;1208
26;2025-12-24;14;1368
26;2025-12-24;15;1422
26;2025-12-24;16;1517
26;2025-12-24;17;1774
26;2025-12-24;18;1947
26;2025-12-24;19;1273
26;2025-12-24;20;766
26;2025-12-24;21;511
26;2025-12-24;22;208
26;2025-12-24;23;125
26;2025-12-25;0;33
26;2025-12-25;1;1
26;2025-12-25;2;0
26;2025-12-25;3;0
26;2025-12-25;4;2
26;2025-12-25;5;100
26;2025-12-25;6;474
26;2025-12-25;7;1140
26;2025-12-25;8;2344
26;2025-12-25;9;1512
26;2025-12-25;10;1269
26;2025-12-25;11;1137
26;2025-12-25;12;1195
26;2025-12-25;13;1208
26;2025-12-25;14;1368
26;2025-12-25;15;1422
26;2025-12-25;16;1517
26;2025-12-25;17;1774
26;2025-12-25;18;1947
26;2025-12-25;19;1273
26;2025-12-25;20;766
26;2025-12-25;21;511
26;2025-12-25;22;208
26;2025-12-25;23;125
26;2025-12-26;0;30
26;2025-12-26;1;1
26;2025-12-26;2;0
26;2025-12-26;3;0
26;2025-12-26;4;1
26;2025-12-26;5;80
26;2025-12-26;6;465
26;2025-12-26;7;980
26;2025-12-26;8;2124
26;2025-12-26;9;1330
26;2025-12-26;10;1195
26;2025-12-26;11;1067
26;2025-12-26;12;1059
26;2025-12-26;13;1092
26;2025-12-26;14;1307
26;2025-12-26;15;1292
26;2025-12-26;16;1579
26;2025-12-26;17;1701
26;2025-12-26;18;1246
26;2025-12-26;19;977
26;2025-12-26;20;622
26;2025-12-26;21;444
26;2025-12-26;22;186
26;2025-12-26;23;146
26;2025-12-27;0;52
26;2025-12-27;1;2
26;2025-12-27;2;0
26;2025-12-27;3;0
26;2025-12-27;4;2
26;2025-12-27;5;51
26;2025-12-27;6;233
26;2025-12-27;7;372
26;2025-12-27;8;622
26;2025-12-27;9;672
26;2025-12-27;10;832
26;2025-12-27;11;998
26;2025-12-27;12;1076
26;2025-12-27;13;1051
26;2025-12-27;14;1101
26;2025-12-27;15;991
26;2025-12-27;16;1040
26;2025-12-27;17;951
26;2025-12-27;18;878
26;2025-12-27;19;764
26;2025-12-27;20;538
26;2025-12-27;21;350
26;2025-12-27;22;201
26;2025-12-27;23;157
26;2025-12-28;0;48
26;2025-12-28;1;4
26;2025-12-28;2;0
26;2025-12-28;3;0
26;2025-12-28;4;1
26;2025-12-28;5;20
26;2025-12-28;6;152
26;2025-12-28;7;250
26;2025-12-28;8;370
26;2025-12-28;9;508
26;2025-12-28;10;571
26;2025-12-28;11;799
26;2025-12-28;12;789
26;2025-12-28;13;849
26;2025-12-28;14;829
26;2025-12-28;15;758
26;2025-12-28;16;724
26;2025-12-28;17;748
26;2025-12-28;18;671
26;2025-12-28;19;491
26;2025-12-28;20;385
26;2025-12-28;21;267
26;2025-12-28;22;154
26;2025-12-28;23;102
26;2025-12-29;0;28
26;2025-12-29;1;1
26;2025-12-29;2;0
26;2025-12-29;3;0
26;2025-12-29;4;2
26;2025-12-29;5;84
26;2025-12-29;6;401
26;2025-12-29;7;965
26;2025-12-29;8;1984
26;2025-12-29;9;1279
26;2025-12-29;10;1074
26;2025-12-29;11;962
26;2025-12-29;12;1011
26;2025-12-29;13;1023
26;2025-12-29;14;1157
26;2025-12-29;15;1203
26;2025-12-29;16;1284
26;2025-12-29;17;1502
26;2025-12-29;18;1647
26;2025-12-29;19;1077
26;2025-12-29;20;648
26;2025-12-29;21;432
26;2025-12-29;22;176
26;2025-12-29;23;106
26;2025-12-30;0;28
26;2025-12-30;1;1
26;2025-12-30;2;0
26;2025-12-30;3;0
26;2025-12-30;4;2
26;2025-12-30;5;84
26;2025-12-30;6;401
26;2025-12-30;7;965
26;2025-12-30;8;1984
26;2025-12-30;9;1279
26;2025-12-30;10;1074
26;2025-12-30;11;962
26;2025-12-30;12;1011
26;2025-12-30;13;1023
26;2025-12-30;14;1157
26;2025-12-30;15;1203
26;2025-12-30;16;1284
26;2025-12-30;17;1502
26;2025-12-30;18;1647
26;2025-12-30;19;1077
26;2025-12-30;20;648
26;2025-12-30;21;432
26;2025-12-30;22;176
26;2025-12-30;23;106
26;2025-12-31;0;42
26;2025-12-31;1;2
26;2025-12-31;2;0
26;2025-12-31;3;0
26;2025-12-31;4;1
26;2025-12-31;5;41
26;2025-12-31;6;186
26;2025-12-31;7;298
26;2025-12-31;8;498
26;2025-12-31;9;537
26;2025-12-31;10;665
26;2025-12-31;11;798
26;2025-12-31;12;861
26;2025-12-31;13;841
26;2025-12-31;14;881
26;2025-12-31;15;793
26;2025-12-31;16;832
26;2025-12-31;17;761
26;2025-12-31;18;703
26;2025-12-31;19;611
26;2025-12-31;20;0
26;2025-12-31;21;0
26;2025-12-31;22;0
26;2025-12-31;23;0
28;2025-11-01;0;0
28;2025-11-01;1;0
28;2025-11-01;2;0
28;2025-11-01;3;0
28;2025-11-01;4;1
28;2025-11-01;5;61
28;2025-11-01;6;224
28;2025-11-01;7;687
28;2025-11-01;8;1056
28;2025-11-01;9;677
28;2025-11-01;10;508
28;2025-11-01;11;486
28;2025-11-01;12;640
28;2025-11-01;13;583
28;2025-11-01;14;573
28;2025-11-01;15;588
28;2025-11-01;16;772
28;2025-11-01;17;809
28;2025-11-01;18;708
28;2025-11-01;19;527
28;2025-11-01;20;343
28;2025-11-01;21;266
28;2025-11-01;22;103
28;2025-11-01;23;15
28;2025-11-02;0;2
28;2025-11-02;1;0
28;2025-11-02;2;0
28;2025-11-02;3;0
28;2025-11-02;4;0
28;2025-11-02;5;30
28;2025-11-02;6;78
28;2025-11-02;7;168
28;2025-11-02;8;260
28;2025-11-02;9;360
28;2025-11-02;10;405
28;2025-11-02;11;444
28;2025-11-02;12;459
28;2025-11-02;13;559
28;2025-11-02;14;530
28;2025-11-02;15;525
28;2025-11-02;16;470
28;2025-11-02;17;508
28;2025-11-02;18;436
28;2025-11-02;19;394
28;2025-11-02;20;297
28;2025-11-02;21;238
28;2025-11-02;22;112
28;2025-11-02;23;13
28;2025-11-03;0;2
28;2025-11-03;1;0
28;2025-11-03;2;0
28;2025-11-03;3;0
28;2025-11-03;4;0
28;2025-11-03;5;30
28;2025-11-03;6;78
28;2025-11-03;7;168
28;2025-11-03;8;260
28;2025-11-03;9;360
28;2025-11-03;10;405
28;2025-11-03;11;444
28;2025-11-03;12;459
28;2025-11-03;13;559
28;2025-11-03;14;530
28;2025-11-03;15;525
28;2025-11-03;16;470
28;2025-11-03;17;508
28;2025-11-03;18;436
28;2025-11-03;19;394
28;2025-11-03;20;297
28;2025-11-03;21;238
28;2025-11-03;22;112
28;2025-11-03;23;13
28;2025-11-04;0;2
28;2025-11-04;1;0
28;2025-11-04;2;0
28;2025-11-04;3;0
28;2025-11-04;4;0
28;2025-11-04;5;30
28;2025-11-04;6;78
28;2025-11-04;7;168
28;2025-11-04;8;260
28;2025-11-04;9;360
28;2025-11-04;10;405
28;2025-11-04;11;444
28;2025-11-04;12;459
28;2025-11-04;13;559
28;2025-11-04;14;530
28;2025-11-04;15;525
28;2025-11-04;16;470
28;2025-11-04;17;508
28;2025-11-04;18;436
28;2025-11-04;19;394
28;2025-11-04;20;297
28;2025-11-04;21;238
28;2025-11-04;22;112
28;2025-11-04;23;13
28;2025-11-05;0;3
28;2025-11-05;1;1
28;2025-11-05;2;0
28;2025-11-05;3;0
28;2025-11-05;4;1
28;2025-11-05;5;81
28;2025-11-05;6;261
28;2025-11-05;7;821
28;2025-11-05;8;1343
28;2025-11-05;9;863
28;2025-11-05;10;642
28;2025-11-05;11;587
28;2025-11-05;12;733
28;2025-11-05;13;735
28;2025-11-05;14;695
28;2025-11-05;15;723
28;2025-11-05;16;930
28;2025-11-05;17;1096
28;2025-11-05;18;1063
28;2025-11-05;19;787
28;2025-11-05;20;542
28;2025-11-05;21;336
28;2025-11-05;22;122
28;2025-11-05;23;12
28;2025-11-06;0;3
28;2025-11-06;1;1
28;2025-11-06;2;0
28;2025-11-06;3;0
28;2025-11-06;4;1
28;2025-11-06;5;81
28;2025-11-06;6;261
28;2025-11-06;7;821
28;2025-11-06;8;1343
28;2025-11-06;9;863
28;2025-11-06;10;642
28;2025-11-06;11;587
28;2025-11-06;12;733
28;2025-11-06;13;735
28;2025-11-06;14;695
28;2025-11-06;15;723
28;2025-11-06;16;930
28;2025-11-06;17;1096
28;2025-11-06;18;1063
28;2025-11-06;19;787
28;2025-11-06;20;542
28;2025-11-06;21;336
28;2025-11-06;22;122
28;2025-11-06;23;12
28;2025-11-07;0;2
28;2025-11-07;1;0
28;2025-11-07;2;0
28;2025-11-07;3;0
28;2025-11-07;4;2
28;2025-11-07;5;79
28;2025-11-07;6;291
28;2025-11-07;7;893
28;2025-11-07;8;1373
28;2025-11-07;9;880
28;2025-11-07;10;660
28;2025-11-07;11;631
28;2025-11-07;12;832
28;2025-11-07;13;758
28;2025-11-07;14;745
28;2025-11-07;15;764
28;2025-11-07;16;1004
28;2025-11-07;17;1051
28;2025-11-07;18;920
28;2025-11-07;19;685
28;2025-11-07;20;446
28;2025-11-07;21;346
28;2025-11-07;22;134
28;2025-11-07;23;20
28;2025-11-08;0;2
28;2025-11-08;1;0
28;2025-11-08;2;0
28;2025-11-08;3;0
28;2025-11-08;4;1
28;2025-11-08;5;41
28;2025-11-08;6;111
28;2025-11-08;7;244
28;2025-11-08;8;424
28;2025-11-08;9;478
28;2025-11-08;10;522
28;2025-11-08;11;527
28;2025-11-08;12;625
28;2025-11-08;13;630
28;2025-11-08;14;584
28;2025-11-08;15;633
28;2025-11-08;16;638
28;2025-11-08;17;612
28;2025-11-08;18;527
28;2025-11-08;19;399
28;2025-11-08;20;295
28;2025-11-08;21;268
28;2025-11-08;22;107
28;2025-11-08;23;12
28;2025-11-09;0;2
28;2025-11-09;1;0
28;2025-11-09;2;0
28;2025-11-09;3;0
28;2025-11-09;4;0
28;2025-11-09;5;31
28;2025-11-09;6;81
28;2025-11-09;7;175
28;2025-11-09;8;270
28;2025-11-09;9;374
28;2025-11-09;10;421
28;2025-11-09;11;462
28;2025-11-09;12;477
28;2025-11-09;13;581
28;2025-11-09;14;551
28;2025-11-09;15;546
28;2025-11-09;16;489
28;2025-11-09;17;528
28;2025-11-09;18;453
28;2025-11-09;19;410
28;2025-11-09;20;309
28;2025-11-09;21;248
28;2025-11-09;22;116
28;2025-11-09;23;14
28;2025-11-10;0;3
28;2025-11-10;1;1
28;2025-11-10;2;0
28;2025-11-10;3;0
28;2025-11-10;4;1
28;2025-11-10;5;81
28;2025-11-10;6;261
28;2025-11-10;7;821
28;2025-11-10;8;1343
28;2025-11-10;9;863
28;2025-11-10;10;642
28;2025-11-10;11;587
28;2025-11-10;12;733
28;2025-11-10;13;735
28;2025-11-10;14;695
28;2025-11-10;15;723
28;2025-11-10;16;930
28;2025-11-10;17;1096
28;2025-11-10;18;1063
28;2025-11-10;19;787
28;2025-11-10;20;542
28;2025-11-10;21;336
28;2025-11-10;22;122
28;2025-11-10;23;12
28;2025-11-11;0;3
28;2025-11-11;1;1
28;2025-11-11;2;0
28;2025-11-11;3;0
28;2025-11-11;4;1
28;2025-11-11;5;81
28;2025-11-11;6;261
28;2025-11-11;7;821
28;2025-11-11;8;1343
28;2025-11-11;9;863
28;2025-11-11;10;642
28;2025-11-11;11;587
28;2025-11-11;12;733
28;2025-11-11;13;735
28;2025-11-11;14;695
28;2025-11-11;15;723
28;2025-11-11;16;930
28;2025-11-11;17;1096
28;2025-11-11;18;1063
28;2025-11-11;19;787
28;2025-11-11;20;542
28;2025-11-11;21;336
28;2025-11-11;22;122
28;2025-11-11;23;12
28;2025-11-12;0;3
28;2025-11-12;1;1
28;2025-11-12;2;0
28;2025-11-12;3;0
28;2025-11-12;4;1
28;2025-11-12;5;81
28;2025-11-12;6;261
28;2025-11-12;7;821
28;2025-11-12;8;1343
28;2025-11-12;9;863
28;2025-11-12;10;642
28;2025-11-12;11;587
28;2025-11-12;12;733
28;2025-11-12;13;735
28;2025-11-12;14;695
28;2025-11-12;15;723
28;2025-11-12;16;930
28;2025-11-12;17;1096
28;2025-11-12;18;1063
28;2025-11-12;19;787
28;2025-11-12;20;542
28;2025-11-12;21;336
28;2025-11-12;22;122
28;2025-11-12;23;12
28;2025-11-13;0;3
28;2025-11-13;1;1
28;2025-11-13;2;0
28;2025-11-13;3;0
28;2025-11-13;4;1
28;2025-11-13;5;81
28;2025-11-13;6;261
28;2025-11-13;7;821
28;2025-11-13;8;1343
28;2025-11-13;9;863
28;2025-11-13;10;642
28;2025-11-13;11;587
28;2025-11-13;12;733
28;2025-11-13;13;735
28;2025-11-13;14;695
28;2025-11-13;15;723
28;2025-11-13;16;930
28;2025-11-13;17;1096
28;2025-11-13;18;1063
28;2025-11-13;19;787
28;2025-11-13;20;542
28;2025-11-13;21;336
28;2025-11-13;22;122
28;2025-11-13;23;12
28;2025-11-14;0;2
28;2025-11-14;1;0
28;2025-11-14;2;0
28;2025-11-14;3;0
28;2025-11-14;4;2
28;2025-11-14;5;79
28;2025-11-14;6;291
28;2025-11-14;7;893
28;2025-11-14;8;1373
28;2025-11-14;9;880
28;2025-11-14;10;660
28;2025-11-14;11;631
28;2025-11-14;12;832
28;2025-11-14;13;758
28;2025-11-14;14;745
28;2025-11-14;15;764
28;2025-11-14;16;1004
28;2025-11-14;17;1051
28;2025-11-14;18;920
28;2025-11-14;19;685
28;2025-11-14;20;446
28;2025-11-14;21;346
28;2025-11-14;22;134
28;2025-11-14;23;20
28;2025-11-15;0;2
28;2025-11-15;1;0
28;2025-11-15;2;0
28;2025-11-15;3;0
28;2025-11-15;4;1
28;2025-11-15;5;41
28;2025-11-15;6;111
28;2025-11-15;7;244
28;2025-11-15;8;424
28;2025-11-15;9;478
28;2025-11-15;10;522
28;2025-11-15;11;527
28;2025-11-15;12;625
28;2025-11-15;13;630
28;2025-11-15;14;584
28;2025-11-15;15;633
28;2025-11-15;16;638
28;2025-11-15;17;612
28;2025-11-15;18;527
28;2025-11-15;19;399
28;2025-11-15;20;295
28;2025-11-15;21;268
28;2025-11-15;22;107
28;2025-11-15;23;12
28;2025-11-16;0;2
28;2025-11-16;1;0
28;2025-11-16;2;0
28;2025-11-16;3;0
28;2025-11-16;4;0
28;2025-11-16;5;31
28;2025-11-16;6;81
28;2025-11-16;7;175
28;2025-11-16;8;270
28;2025-11-16;9;374
28;2025-11-16;10;421
28;2025-11-16;11;462
28;2025-11-16;12;477
28;2025-11-16;13;581
28;2025-11-16;14;551
28;2025-11-16;15;546
28;2025-11-16;16;489
28;2025-11-16;17;528
28;2025-11-16;18;453
28;2025-11-16;19;410
28;2025-11-16;20;309
28;2025-11-16;21;248
28;2025-11-16;22;116
28;2025-11-16;23;14
28;2025-11-17;0;3
28;2025-11-17;1;1
28;2025-11-17;2;0
28;2025-11-17;3;0
28;2025-11-17;4;1
28;2025-11-17;5;81
28;2025-11-17;6;261
28;2025-11-17;7;821
28;2025-11-17;8;1343
28;2025-11-17;9;863
28;2025-11-17;10;642
28;2025-11-17;11;587
28;2025-11-17;12;733
28;2025-11-17;13;735
28;2025-11-17;14;695
28;2025-11-17;15;723
28;2025-11-17;16;930
28;2025-11-17;17;1096
28;2025-11-17;18;1063
28;2025-11-17;19;787
28;2025-11-17;20;542
28;2025-11-17;21;336
28;2025-11-17;22;122
28;2025-11-17;23;12
28;2025-11-18;0;3
28;2025-11-18;1;1
28;2025-11-18;2;0
28;2025-11-18;3;0
28;2025-11-18;4;1
28;2025-11-18;5;81
28;2025-11-18;6;261
28;2025-11-18;7;821
28;2025-11-18;8;1343
28;2025-11-18;9;863
28;2025-11-18;10;642
28;2025-11-18;11;587
28;2025-11-18;12;733
28;2025-11-18;13;735
28;2025-11-18;14;695
28;2025-11-18;15;723
28;2025-11-18;16;930
28;2025-11-18;17;1096
28;2025-11-18;18;1063
28;2025-11-18;19;787
28;2025-11-18;20;542
28;2025-11-18;21;336
28;2025-11-18;22;122
28;2025-11-18;23;12
28;2025-11-19;0;3
28;2025-11-19;1;1
28;2025-11-19;2;0
28;2025-11-19;3;0
28;2025-11-19;4;1
28;2025-11-19;5;81
28;2025-11-19;6;261
28;2025-11-19;7;821
28;2025-11-19;8;1343
28;2025-11-19;9;863
28;2025-11-19;10;642
28;2025-11-19;11;587
28;2025-11-19;12;733
28;2025-11-19;13;735
28;2025-11-19;14;695
28;2025-11-19;15;723
28;2025-11-19;16;930
28;2025-11-19;17;1096
28;2025-11-19;18;1063
28;2025-11-19;19;787
28;2025-11-19;20;542
28;2025-11-19;21;336
28;2025-11-19;22;122
28;2025-11-19;23;12
28;2025-11-20;0;3
28;2025-11-20;1;1
28;2025-11-20;2;0
28;2025-11-20;3;0
28;2025-11-20;4;1
28;2025-11-20;5;81
28;2025-11-20;6;261
28;2025-11-20;7;821
28;2025-11-20;8;1343
28;2025-11-20;9;863
28;2025-11-20;10;642
28;2025-11-20;11;587
28;2025-11-20;12;733
28;2025-11-20;13;735
28;2025-11-20;14;695
28;2025-11-20;15;723
28;2025-11-20;16;930
28;2025-11-20;17;1096
28;2025-11-20;18;1063
28;2025-11-20;19;787
28;2025-11-20;20;542
28;2025-11-20;21;336
28;2025-11-20;22;122
28;2025-11-20;23;12
28;2025-11-21;0;2
28;2025-11-21;1;0
28;2025-11-21;2;0
28;2025-11-21;3;0
28;2025-11-21;4;2
28;2025-11-21;5;79
28;2025-11-21;6;291
28;2025-11-21;7;893
28;2025-11-21;8;1373
28;2025-11-21;9;880
28;2025-11-21;10;660
28;2025-11-21;11;631
28;2025-11-21;12;832
28;2025-11-21;13;758
28;2025-11-21;14;745
28;2025-11-21;15;764
28;2025-11-21;16;1004
28;2025-11-21;17;1051
28;2025-11-21;18;920
28;2025-11-21;19;685
28;2025-11-21;20;446
28;2025-11-21;21;346
28;2025-11-21;22;134
28;2025-11-21;23;20
28;2025-11-22;0;2
28;2025-11-22;1;0
28;2025-11-22;2;0
28;2025-11-22;3;0
28;2025-11-22;4;1
28;2025-11-22;5;41
28;2025-11-22;6;111
28;2025-11-22;7;244
28;2025-11-22;8;424
28;2025-11-22;9;478
28;2025-11-22;10;522
28;2025-11-22;11;527
28;2025-11-22;12;625
28;2025-11-22;13;630
28;2025-11-22;14;584
28;2025-11-22;15;633
28;2025-11-22;16;638
28;2025-11-22;17;612
28;2025-11-22;18;527
28;2025-11-22;19;399
28;2025-11-22;20;295
28;2025-11-22;21;268
28;2025-11-22;22;107
28;2025-11-22;23;12
28;2025-11-23;0;2
28;2025-11-23;1;0
28;2025-11-23;2;0
28;2025-11-23;3;0
28;2025-11-23;4;0
28;2025-11-23;5;31
28;2025-11-23;6;81
28;2025-11-23;7;175
28;2025-11-23;8;270
28;2025-11-23;9;374
28;2025-11-23;10;421
28;2025-11-23;11;462
28;2025-11-23;12;477
28;2025-11-23;13;581
28;2025-11-23;14;551
28;2025-11-23;15;546
28;2025-11-23;16;489
28;2025-11-23;17;528
28;2025-11-23;18;453
28;2025-11-23;19;410
28;2025-11-23;20;309
28;2025-11-23;21;248
28;2025-11-23;22;116
28;2025-11-23;23;14
28;2025-11-24;0;3
28;2025-11-24;1;1
28;2025-11-24;2;0
28;2025-11-24;3;0
28;2025-11-24;4;1
28;2025-11-24;5;81
28;2025-11-24;6;261
28;2025-11-24;7;821
28;2025-11-24;8;1343
28;2025-11-24;9;863
28;2025-11-24;10;642
28;2025-11-24;11;587
28;2025-11-24;12;733
28;2025-11-24;13;735
28;2025-11-24;14;695
28;2025-11-24;15;723
28;2025-11-24;16;930
28;2025-11-24;17;1096
28;2025-11-24;18;1063
28;2025-11-24;19;787
28;2025-11-24;20;542
28;2025-11-24;21;336
28;2025-11-24;22;122
28;2025-11-24;23;12
28;2025-11-25;0;3
28;2025-11-25;1;1
28;2025-11-25;2;0
28;2025-11-25;3;0
28;2025-11-25;4;1
28;2025-11-25;5;81
28;2025-11-25;6;261
28;2025-11-25;7;821
28;2025-11-25;8;1343
28;2025-11-25;9;863
28;2025-11-25;10;642
28;2025-11-25;11;587
28;2025-11-25;12;733
28;2025-11-25;13;735
28;2025-11-25;14;695
28;2025-11-25;15;723
28;2025-11-25;16;930
28;2025-11-25;17;1096
28;2025-11-25;18;1063
28;2025-11-25;19;787
28;2025-11-25;20;542
28;2025-11-25;21;336
28;2025-11-25;22;122
28;2025-11-25;23;12
28;2025-11-26;0;3
28;2025-11-26;1;1
28;2025-11-26;2;0
28;2025-11-26;3;0
28;2025-11-26;4;1
28;2025-11-26;5;81
28;2025-11-26;6;261
28;2025-11-26;7;821
28;2025-11-26;8;1343
28;2025-11-26;9;863
28;2025-11-26;10;642
28;2025-11-26;11;587
28;2025-11-26;12;733
28;2025-11-26;13;735
28;2025-11-26;14;695
28;2025-11-26;15;723
28;2025-11-26;16;930
28;2025-11-26;17;1096
28;2025-11-26;18;1063
28;2025-11-26;19;787
28;2025-11-26;20;542
28;2025-11-26;21;336
28;2025-11-26;22;122
28;2025-11-26;23;12
28;2025-11-27;0;3
28;2025-11-27;1;1
28;2025-11-27;2;0
28;2025-11-27;3;0
28;2025-11-27;4;1
28;2025-11-27;5;81
28;2025-11-27;6;261
28;2025-11-27;7;821
28;2025-11-27;8;1343
28;2025-11-27;9;863
28;2025-11-27;10;642
28;2025-11-27;11;587
28;2025-11-27;12;733
28;2025-11-27;13;735
28;2025-11-27;14;695
28;2025-11-27;15;723
28;2025-11-27;16;930
28;2025-11-27;17;1096
28;2025-11-27;18;1063
28;2025-11-27;19;787
28;2025-11-27;20;542
28;2025-11-27;21;336
28;2025-11-27;22;122
28;2025-11-27;23;12
28;2025-11-28;0;2
28;2025-11-28;1;0
28;2025-11-28;2;0
28;2025-11-28;3;0
28;2025-11-28;4;2
28;2025-11-28;5;79
28;2025-11-28;6;291
28;2025-11-28;7;893
28;2025-11-28;8;1373
28;2025-11-28;9;880
28;2025-11-28;10;660
28;2025-11-28;11;631
28;2025-11-28;12;832
28;2025-11-28;13;758
28;2025-11-28;14;745
28;2025-11-28;15;764
28;2025-11-28;16;1004
28;2025-11-28;17;1051
28;2025-11-28;18;920
28;2025-11-28;19;685
28;2025-11-28;20;446
28;2025-11-28;21;346
28;2025-11-28;22;134
28;2025-11-28;23;20
28;2025-11-29;0;2
28;2025-11-29;1;0
28;2025-11-29;2;0
28;2025-11-29;3;0
28;2025-11-29;4;1
28;2025-11-29;5;41
28;2025-11-29;6;111
28;2025-11-29;7;244
28;2025-11-29;8;424
28;2025-11-29;9;478
28;2025-11-29;10;522
28;2025-11-29;11;527
28;2025-11-29;12;625
28;2025-11-29;13;630
28;2025-11-29;14;584
28;2025-11-29;15;633
28;2025-11-29;16;638
28;2025-11-29;17;612
28;2025-11-29;18;527
28;2025-11-29;19;399
28;2025-11-29;20;295
28;2025-11-29;21;268
28;2025-11-29;22;107
28;2025-11-29;23;12
28;2025-11-30;0;2
28;2025-11-30;1;0
28;2025-11-30;2;0
28;2025-11-30;3;0
28;2025-11-30;4;0
28;2025-11-30;5;31
28;2025-11-30;6;81
28;2025-11-30;7;175
28;2025-11-30;8;270
28;2025-11-30;9;374
28;2025-11-30;10;421
28;2025-11-30;11;462
28;2025-11-30;12;477
28;2025-11-30;13;581
28;2025-11-30;14;551
28;2025-11-30;15;546
28;2025-11-30;16;489
28;2025-11-30;17;528
28;2025-11-30;18;453
28;2025-11-30;19;410
28;2025-11-30;20;309
28;2025-11-30;21;248
28;2025-11-30;22;116
28;2025-11-30;23;14
28;2025-12-01;0;3
28;2025-12-01;1;1
28;2025-12-01;2;0
28;2025-12-01;3;0
28;2025-12-01;4;1
28;2025-12-01;5;81
28;2025-12-01;6;261
28;2025-12-01;7;821
28;2025-12-01;8;1343
28;2025-12-01;9;863
28;2025-12-01;10;642
28;2025-12-01;11;587
28;2025-12-01;12;733
28;2025-12-01;13;735
28;2025-12-01;14;695
28;2025-12-01;15;723
28;2025-12-01;16;930
28;2025-12-01;17;1096
28;2025-12-01;18;1063
28;2025-12-01;19;787
28;2025-12-01;20;542
28;2025-12-01;21;336
28;2025-12-01;22;122
28;2025-12-01;23;12
28;2025-12-02;0;3
28;2025-12-02;1;1
28;2025-12-02;2;0
28;2025-12-02;3;0
28;2025-12-02;4;1
28;2025-12-02;5;81
28;2025-12-02;6;261
28;2025-12-02;7;821
28;2025-12-02;8;1343
28;2025-12-02;9;863
28;2025-12-02;10;642
28;2025-12-02;11;587
28;2025-12-02;12;733
28;2025-12-02;13;735
28;2025-12-02;14;695
28;2025-12-02;15;723
28;2025-12-02;16;930
28;2025-12-02;17;1096
28;2025-12-02;18;1063
28;2025-12-02;19;787
28;2025-12-02;20;542
28;2025-12-02;21;336
28;2025-12-02;22;122
28;2025-12-02;23;12
28;2025-12-03;0;3
28;2025-12-03;1;1
28;2025-12-03;2;0
28;2025-12-03;3;0
28;2025-12-03;4;1
28;2025-12-03;5;81
28;2025-12-03;6;261
28;2025-12-03;7;821
28;2025-12-03;8;1343
28;2025-12-03;9;863
28;2025-12-03;10;642
28;2025-12-03;11;587
28;2025-12-03;12;733
28;2025-12-03;13;735
28;2025-12-03;14;695
28;2025-12-03;15;723
28;2025-12-03;16;930
28;2025-12-03;17;1096
28;2025-12-03;18;1063
28;2025-12-03;19;787
28;2025-12-03;20;542
28;2025-12-03;21;336
28;2025-12-03;22;122
28;2025-12-03;23;12
28;2025-12-04;0;3
28;2025-12-04;1;1
28;2025-12-04;2;0
28;2025-12-04;3;0
28;2025-12-04;4;1
28;2025-12-04;5;81
28;2025-12-04;6;261
28;2025-12-04;7;821
28;2025-12-04;8;1343
28;2025-12-04;9;863
28;2025-12-04;10;642
28;2025-12-04;11;587
28;2025-12-04;12;733
28;2025-12-04;13;735
28;2025-12-04;14;695
28;2025-12-04;15;723
28;2025-12-04;16;930
28;2025-12-04;17;1096
28;2025-12-04;18;1063
28;2025-12-04;19;787
28;2025-12-04;20;542
28;2025-12-04;21;336
28;2025-12-04;22;122
28;2025-12-04;23;12
28;2025-12-05;0;2
28;2025-12-05;1;0
28;2025-12-05;2;0
28;2025-12-05;3;0
28;2025-12-05;4;2
28;2025-12-05;5;79
28;2025-12-05;6;291
28;2025-12-05;7;893
28;2025-12-05;8;1373
28;2025-12-05;9;880
28;2025-12-05;10;660
28;2025-12-05;11;631
28;2025-12-05;12;832
28;2025-12-05;13;758
28;2025-12-05;14;745
28;2025-12-05;15;764
28;2025-12-05;16;1004
28;2025-12-05;17;1051
28;2025-12-05;18;920
28;2025-12-05;19;685
28;2025-12-05;20;446
28;2025-12-05;21;346
28;2025-12-05;22;134
28;2025-12-05;23;20
28;2025-12-06;0;2
28;2025-12-06;1;0
28;2025-12-06;2;0
28;2025-12-06;3;0
28;2025-12-06;4;1
28;2025-12-06;5;41
28;2025-12-06;6;111
28;2025-12-06;7;244
28;2025-12-06;8;424
28;2025-12-06;9;478
28;2025-12-06;10;522
28;2025-12-06;11;527
28;2025-12-06;12;625
28;2025-12-06;13;630
28;2025-12-06;14;584
28;2025-12-06;15;633
28;2025-12-06;16;638
28;2025-12-06;17;612
28;2025-12-06;18;527
28;2025-12-06;19;399
28;2025-12-06;20;295
28;2025-12-06;21;268
28;2025-12-06;22;107
28;2025-12-06;23;12
28;2025-12-07;0;2
28;2025-12-07;1;0
28;2025-12-07;2;0
28;2025-12-07;3;0
28;2025-12-07;4;0
28;2025-12-07;5;31
28;2025-12-07;6;81
28;2025-12-07;7;175
28;2025-12-07;8;270
28;2025-12-07;9;374
28;2025-12-07;10;421
28;2025-12-07;11;462
28;2025-12-07;12;477
28;2025-12-07;13;581
28;2025-12-07;14;551
28;2025-12-07;15;546
28;2025-12-07;16;489
28;2025-12-07;17;528
28;2025-12-07;18;453
28;2025-12-07;19;410
28;2025-12-07;20;309
28;2025-12-07;21;248
28;2025-12-07;22;116
28;2025-12-07;23;14
28;2025-12-08;0;3
28;2025-12-08;1;1
28;2025-12-08;2;0
28;2025-12-08;3;0
28;2025-12-08;4;1
28;2025-12-08;5;81
28;2025-12-08;6;261
28;2025-12-08;7;821
28;2025-12-08;8;1343
28;2025-12-08;9;863
28;2025-12-08;10;642
28;2025-12-08;11;587
28;2025-12-08;12;733
28;2025-12-08;13;735
28;2025-12-08;14;695
28;2025-12-08;15;723
28;2025-12-08;16;930
28;2025-12-08;17;1096
28;2025-12-08;18;1063
28;2025-12-08;19;787
28;2025-12-08;20;542
28;2025-12-08;21;336
28;2025-12-08;22;122
28;2025-12-08;23;12
28;2025-12-09;0;3
28;2025-12-09;1;1
28;2025-12-09;2;0
28;2025-12-09;3;0
28;2025-12-09;4;1
28;2025-12-09;5;81
28;2025-12-09;6;261
28;2025-12-09;7;821
28;2025-12-09;8;1343
28;2025-12-09;9;863
28;2025-12-09;10;642
28;2025-12-09;11;587
28;2025-12-09;12;733
28;2025-12-09;13;735
28;2025-12-09;14;695
28;2025-12-09;15;723
28;2025-12-09;16;930
28;2025-12-09;17;1096
28;2025-12-09;18;1063
28;2025-12-09;19;787
28;2025-12-09;20;542
28;2025-12-09;21;336
28;2025-12-09;22;122
28;2025-12-09;23;12
28;2025-12-10;0;3
28;2025-12-10;1;1
28;2025-12-10;2;0
28;2025-12-10;3;0
28;2025-12-10;4;1
28;2025-12-10;5;81
28;2025-12-10;6;261
28;2025-12-10;7;821
28;2025-12-10;8;1343
28;2025-12-10;9;863
28;2025-12-10;10;642
28;2025-12-10;11;587
28;2025-12-10;12;733
28;2025-12-10;13;735
28;2025-12-10;14;695
28;2025-12-10;15;723
28;2025-12-10;16;930
28;2025-12-10;17;1096
28;2025-12-10;18;1063
28;2025-12-10;19;787
28;2025-12-10;20;542
28;2025-12-10;21;336
28;2025-12-10;22;122
28;2025-12-10;23;12
28;2025-12-11;0;3
28;2025-12-11;1;1
28;2025-12-11;2;0
28;2025-12-11;3;0
28;2025-12-11;4;1
28;2025-12-11;5;81
28;2025-12-11;6;261
28;2025-12-11;7;821
28;2025-12-11;8;1343
28;2025-12-11;9;863
28;2025-12-11;10;642
28;2025-12-11;11;587
28;2025-12-11;12;733
28;2025-12-11;13;735
28;2025-12-11;14;695
28;2025-12-11;15;723
28;2025-12-11;16;930
28;2025-12-11;17;1096
28;2025-12-11;18;1063
28;2025-12-11;19;787
28;2025-12-11;20;542
28;2025-12-11;21;336
28;2025-12-11;22;122
28;2025-12-11;23;12
28;2025-12-12;0;2
28;2025-12-12;1;0
28;2025-12-12;2;0
28;2025-12-12;3;0
28;2025-12-12;4;2
28;2025-12-12;5;79
28;2025-12-12;6;291
28;2025-12-12;7;893
28;2025-12-12;8;1373
28;2025-12-12;9;880
28;2025-12-12;10;660
28;2025-12-12;11;631
28;2025-12-12;12;832
28;2025-12-12;13;758
28;2025-12-12;14;745
28;2025-12-12;15;764
28;2025-12-12;16;1004
28;2025-12-12;17;1051
28;2025-12-12;18;920
28;2025-12-12;19;685
28;2025-12-12;20;446
28;2025-12-12;21;346
28;2025-12-12;22;134
28;2025-12-12;23;20
28;2025-12-13;0;2
28;2025-12-13;1;0
28;2025-12-13;2;0
28;2025-12-13;3;0
28;2025-12-13;4;1
28;2025-12-13;5;41
28;2025-12-13;6;111
28;2025-12-13;7;244
28;2025-12-13;8;424
28;2025-12-13;9;478
28;2025-12-13;10;522
28;2025-12-13;11;527
28;2025-12-13;12;625
28;2025-12-13;13;630
28;2025-12-13;14;584
28;2025-12-13;15;633
28;2025-12-13;16;638
28;2025-12-13;17;612
28;2025-12-13;18;527
28;2025-12-13;19;399
28;2025-12-13;20;295
28;2025-12-13;21;268
28;2025-12-13;22;107
28;2025-12-13;23;12
28;2025-12-14;0;2
28;2025-12-14;1;0
28;2025-12-14;2;0
28;2025-12-14;3;0
28;2025-12-14;4;0
28;2025-12-14;5;31
28;2025-12-14;6;81
28;2025-12-14;7;175
28;2025-12-14;8;270
28;2025-12-14;9;374
28;2025-12-14;10;421
28;2025-12-14;11;462
28;2025-12-14;12;477
28;2025-12-14;13;581
28;2025-12-14;14;551
28;2025-12-14;15;546
28;2025-12-14;16;489
28;2025-12-14;17;528
28;2025-12-14;18;453
28;2025-12-14;19;410
28;2025-12-14;20;309
28;2025-12-14;21;248
28;2025-12-14;22;116
28;2025-12-14;23;14
28;2025-12-15;0;3
28;2025-12-15;1;1
28;2025-12-15;2;0
28;2025-12-15;3;0
28;2025-12-15;4;1
28;2025-12-15;5;81
28;2025-12-15;6;261
28;2025-12-15;7;821
28;2025-12-15;8;1343
28;2025-12-15;9;863
28;2025-12-15;10;642
28;2025-12-15;11;587
28;2025-12-15;12;733
28;2025-12-15;13;735
28;2025-12-15;14;695
28;2025-12-15;15;723
28;2025-12-15;16;930
28;2025-12-15;17;1096
28;2025-12-15;18;1063
28;2025-12-15;19;787
28;2025-12-15;20;542
28;2025-12-15;21;336
28;2025-12-15;22;122
28;2025-12-15;23;12
28;2025-12-16;0;3
28;2025-12-16;1;1
28;2025-12-16;2;0
28;2025-12-16;3;0
28;2025-12-16;4;1
28;2025-12-16;5;81
28;2025-12-16;6;261
28;2025-12-16;7;821
28;2025-12-16;8;1343
28;2025-12-16;9;863
28;2025-12-16;10;642
28;2025-12-16;11;587
28;2025-12-16;12;733
28;2025-12-16;13;735
28;2025-12-16;14;695
28;2025-12-16;15;723
28;2025-12-16;16;930
28;2025-12-16;17;1096
28;2025-12-16;18;1063
28;2025-12-16;19;787
28;2025-12-16;20;542
28;2025-12-16;21;336
28;2025-12-16;22;122
28;2025-12-16;23;12
28;2025-12-17;0;3
28;2025-12-17;1;1
28;2025-12-17;2;0
28;2025-12-17;3;0
28;2025-12-17;4;1
28;2025-12-17;5;81
28;2025-12-17;6;261
28;2025-12-17;7;821
28;2025-12-17;8;1343
28;2025-12-17;9;863
28;2025-12-17;10;642
28;2025-12-17;11;587
28;2025-12-17;12;733
28;2025-12-17;13;735
28;2025-12-17;14;695
28;2025-12-17;15;723
28;2025-12-17;16;930
28;2025-12-17;17;1096
28;2025-12-17;18;1063
28;2025-12-17;19;787
28;2025-12-17;20;542
28;2025-12-17;21;336
28;2025-12-17;22;122
28;2025-12-17;23;12
28;2025-12-18;0;3
28;2025-12-18;1;1
28;2025-12-18;2;0
28;2025-12-18;3;0
28;2025-12-18;4;1
28;2025-12-18;5;81
28;2025-12-18;6;261
28;2025-12-18;7;821
28;2025-12-18;8;1343
28;2025-12-18;9;863
28;2025-12-18;10;642
28;2025-12-18;11;587
28;2025-12-18;12;733
28;2025-12-18;13;735
28;2025-12-18;14;695
28;2025-12-18;15;723
28;2025-12-18;16;930
28;2025-12-18;17;1096
28;2025-12-18;18;1063
28;2025-12-18;19;787
28;2025-12-18;20;542
28;2025-12-18;21;336
28;2025-12-18;22;122
28;2025-12-18;23;12
28;2025-12-19;0;2
28;2025-12-19;1;0
28;2025-12-19;2;0
28;2025-12-19;3;0
28;2025-12-19;4;2
28;2025-12-19;5;79
28;2025-12-19;6;291
28;2025-12-19;7;893
28;2025-12-19;8;1373
28;2025-12-19;9;880
28;2025-12-19;10;660
28;2025-12-19;11;631
28;2025-12-19;12;832
28;2025-12-19;13;758
28;2025-12-19;14;745
28;2025-12-19;15;764
28;2025-12-19;16;1004
28;2025-12-19;17;1051
28;2025-12-19;18;920
28;2025-12-19;19;685
28;2025-12-19;20;446
28;2025-12-19;21;346
28;2025-12-19;22;134
28;2025-12-19;23;20
28;2025-12-20;0;2
28;2025-12-20;1;0
28;2025-12-20;2;0
28;2025-12-20;3;0
28;2025-12-20;4;1
28;2025-12-20;5;41
28;2025-12-20;6;111
28;2025-12-20;7;244
28;2025-12-20;8;424
28;2025-12-20;9;478
28;2025-12-20;10;522
28;2025-12-20;11;527
28;2025-12-20;12;625
28;2025-12-20;13;630
28;2025-12-20;14;584
28;2025-12-20;15;633
28;2025-12-20;16;638
28;2025-12-20;17;612
28;2025-12-20;18;527
28;2025-12-20;19;399
28;2025-12-20;20;295
28;2025-12-20;21;268
28;2025-12-20;22;107
28;2025-12-20;23;12
28;2025-12-21;0;2
28;2025-12-21;1;0
28;2025-12-21;2;0
28;2025-12-21;3;0
28;2025-12-21;4;0
28;2025-12-21;5;31
28;2025-12-21;6;81
28;2025-12-21;7;175
28;2025-12-21;8;270
28;2025-12-21;9;374
28;2025-12-21;10;421
28;2025-12-21;11;462
28;2025-12-21;12;477
28;2025-12-21;13;581
28;2025-12-21;14;551
28;2025-12-21;15;546
28;2025-12-21;16;489
28;2025-12-21;17;528
28;2025-12-21;18;453
28;2025-12-21;19;410
28;2025-12-21;20;309
28;2025-12-21;21;248
28;2025-12-21;22;116
28;2025-12-21;23;14
28;2025-12-22;0;3
28;2025-12-22;1;1
28;2025-12-22;2;0
28;2025-12-22;3;0
28;2025-12-22;4;1
28;2025-12-22;5;81
28;2025-12-22;6;261
28;2025-12-22;7;821
28;2025-12-22;8;1343
28;2025-12-22;9;863
28;2025-12-22;10;642
28;2025-12-22;11;587
28;2025-12-22;12;733
28;2025-12-22;13;735
28;2025-12-22;14;695
28;2025-12-22;15;723
28;2025-12-22;16;930
28;2025-12-22;17;1096
28;2025-12-22;18;1063
28;2025-12-22;19;787
28;2025-12-22;20;542
28;2025-12-22;21;336
28;2025-12-22;22;122
28;2025-12-22;23;12
28;2025-12-23;0;3
28;2025-12-23;1;1
28;2025-12-23;2;0
28;2025-12-23;3;0
28;2025-12-23;4;1
28;2025-12-23;5;81
28;2025-12-23;6;261
28;2025-12-23;7;821
28;2025-12-23;8;1343
28;2025-12-23;9;863
28;2025-12-23;10;642
28;2025-12-23;11;587
28;2025-12-23;12;733
28;2025-12-23;13;735
28;2025-12-23;14;695
28;2025-12-23;15;723
28;2025-12-23;16;930
28;2025-12-23;17;1096
28;2025-12-23;18;1063
28;2025-12-23;19;787
28;2025-12-23;20;542
28;2025-12-23;21;336
28;2025-12-23;22;122
28;2025-12-23;23;12
28;2025-12-24;0;3
28;2025-12-24;1;1
28;2025-12-24;2;0
28;2025-12-24;3;0
28;2025-12-24;4;1
28;2025-12-24;5;81
28;2025-12-24;6;261
28;2025-12-24;7;821
28;2025-12-24;8;1343
28;2025-12-24;9;863
28;2025-12-24;10;642
28;2025-12-24;11;587
28;2025-12-24;12;733
28;2025-12-24;13;735
28;2025-12-24;14;695
28;2025-12-24;15;723
28;2025-12-24;16;930
28;2025-12-24;17;1096
28;2025-12-24;18;1063
28;2025-12-24;19;787
28;2025-12-24;20;542
28;2025-12-24;21;336
28;2025-12-24;22;122
28;2025-12-24;23;12
28;2025-12-25;0;3
28;2025-12-25;1;1
28;2025-12-25;2;0
28;2025-12-25;3;0
28;2025-12-25;4;1
28;2025-12-25;5;81
28;2025-12-25;6;261
28;2025-12-25;7;821
28;2025-12-25;8;1343
28;2025-12-25;9;863
28;2025-12-25;10;642
28;2025-12-25;11;587
28;2025-12-25;12;733
28;2025-12-25;13;735
28;2025-12-25;14;695
28;2025-12-25;15;723
28;2025-12-25;16;930
28;2025-12-25;17;1096
28;2025-12-25;18;1063
28;2025-12-25;19;787
28;2025-12-25;20;542
28;2025-12-25;21;336
28;2025-12-25;22;122
28;2025-12-25;23;12
28;2025-12-26;0;2
28;2025-12-26;1;0
28;2025-12-26;2;0
28;2025-12-26;3;0
28;2025-12-26;4;2
28;2025-12-26;5;76
28;2025-12-26;6;280
28;2025-12-26;7;859
28;2025-12-26;8;1320
28;2025-12-26;9;846
28;2025-12-26;10;635
28;2025-12-26;11;607
28;2025-12-26;12;800
28;2025-12-26;13;729
28;2025-12-26;14;716
28;2025-12-26;15;735
28;2025-12-26;16;965
28;2025-12-26;17;1011
28;2025-12-26;18;885
28;2025-12-26;19;659
28;2025-12-26;20;429
28;2025-12-26;21;333
28;2025-12-26;22;129
28;2025-12-26;23;19
28;2025-12-27;0;2
28;2025-12-27;1;0
28;2025-12-27;2;0
28;2025-12-27;3;0
28;2025-12-27;4;1
28;2025-12-27;5;39
28;2025-12-27;6;107
28;2025-12-27;7;235
28;2025-12-27;8;408
28;2025-12-27;9;460
28;2025-12-27;10;502
28;2025-12-27;11;507
28;2025-12-27;12;601
28;2025-12-27;13;606
28;2025-12-27;14;562
28;2025-12-27;15;609
28;2025-12-27;16;613
28;2025-12-27;17;588
28;2025-12-27;18;507
28;2025-12-27;19;384
28;2025-12-27;20;284
28;2025-12-27;21;258
28;2025-12-27;22;103
28;2025-12-27;23;12
28;2025-12-28;0;2
28;2025-12-28;1;0
28;2025-12-28;2;0
28;2025-12-28;3;0
28;2025-12-28;4;0
28;2025-12-28;5;30
28;2025-12-28;6;78
28;2025-12-28;7;168
28;2025-12-28;8;260
28;2025-12-28;9;360
28;2025-12-28;10;405
28;2025-12-28;11;444
28;2025-12-28;12;459
28;2025-12-28;13;559
28;2025-12-28;14;530
28;2025-12-28;15;525
28;2025-12-28;16;470
28;2025-12-28;17;508
28;2025-12-28;18;436
28;2025-12-28;19;394
28;2025-12-28;20;297
28;2025-12-28;21;238
28;2025-12-28;22;112
28;2025-12-28;23;13
28;2025-12-29;0;2
28;2025-12-29;1;1
28;2025-12-29;2;0
28;2025-12-29;3;0
28;2025-12-29;4;1
28;2025-12-29;5;68
28;2025-12-29;6;221
28;2025-12-29;7;694
28;2025-12-29;8;1136
28;2025-12-29;9;731
28;2025-12-29;10;543
28;2025-12-29;11;496
28;2025-12-29;12;620
28;2025-12-29;13;622
28;2025-12-29;14;588
28;2025-12-29;15;612
28;2025-12-29;16;787
28;2025-12-29;17;927
28;2025-12-29;18;899
28;2025-12-29;19;666
28;2025-12-29;20;459
28;2025-12-29;21;284
28;2025-12-29;22;103
28;2025-12-29;23;10
28;2025-12-30;0;2
28;2025-12-30;1;1
28;2025-12-30;2;0
28;2025-12-30;3;0
28;2025-12-30;4;1
28;2025-12-30;5;68
28;2025-12-30;6;221
28;2025-12-30;7;694
28;2025-12-30;8;1136
28;2025-12-30;9;731
28;2025-12-30;10;543
28;2025-12-30;11;496
28;2025-12-30;12;620
28;2025-12-30;13;622
28;2025-12-30;14;588
28;2025-12-30;15;612
28;2025-12-30;16;787
28;2025-12-30;17;927
28;2025-12-30;18;899
28;2025-12-30;19;666
28;2025-12-30;20;459
28;2025-12-30;21;284
28;2025-12-30;22;103
28;2025-12-30;23;10
28;2025-12-31;0;1
28;2025-12-31;1;0
28;2025-12-31;2;0
28;2025-12-31;3;0
28;2025-12-31;4;1
28;2025-12-31;5;31
28;2025-12-31;6;85
28;2025-12-31;7;188
28;2025-12-31;8;327
28;2025-12-31;9;368
28;2025-12-31;10;401
28;2025-12-31;11;406
28;2025-12-31;12;481
28;2025-12-31;13;485
28;2025-12-31;14;450
28;2025-12-31;15;487
28;2025-12-31;16;490
28;2025-12-31;17;470
28;2025-12-31;18;406
28;2025-12-31;19;307
28;2025-12-31;20;0
28;2025-12-31;21;0
28;2025-12-31;22;0
28;2025-12-31;23;0
50;2025-11-01;0;55
50;2025-11-01;1;6
50;2025-11-01;2;0
50;2025-11-01;3;0
50;2025-11-01;4;3
50;2025-11-01;5;53
50;2025-11-01;6;394
50;2025-11-01;7;1357
50;2025-11-01;8;2146
50;2025-11-01;9;1672
50;2025-11-01;10;1163
50;2025-11-01;11;1169
50;2025-11-01;12;1087
50;2025-11-01;13;1177
50;2025-11-01;14;1122
50;2025-11-01;15;1339
50;2025-11-01;16;1754
50;2025-11-01;17;1662
50;2025-11-01;18;1236
50;2025-11-01;19;918
50;2025-11-01;20;663
50;2025-11-01;21;421
50;2025-11-01;22;208
50;2025-11-01;23;126
50;2025-11-02;0;4
50;2025-11-02;1;0
50;2025-11-02;2;0
50;2025-11-02;3;0
50;2025-11-02;4;0
50;2025-11-02;5;1
50;2025-11-02;6;6
50;2025-11-02;7;10
50;2025-11-02;8;21
50;2025-11-02;9;16
50;2025-11-02;10;43
50;2025-11-02;11;143
50;2025-11-02;12;110
50;2025-11-02;13;135
50;2025-11-02;14;226
50;2025-11-02;15;184
50;2025-11-02;16;217
50;2025-11-02;17;194
50;2025-11-02;18;115
50;2025-11-02;19;125
50;2025-11-02;20;91
50;2025-11-02;21;58
50;2025-11-02;22;68
50;2025-11-02;23;19
50;2025-11-03;0;4
50;2025-11-03;1;0
50;2025-11-03;2;0
50;2025-11-03;3;0
50;2025-11-03;4;0
50;2025-11-03;5;1
50;2025-11-03;6;6
50;2025-11-03;7;10
50;2025-11-03;8;21
50;2025-11-03;9;16
50;2025-11-03;10;43
50;2025-11-03;11;143
50;2025-11-03;12;110
50;2025-11-03;13;135
50;2025-11-03;14;226
50;2025-11-03;15;184
50;2025-11-03;16;217
50;2025-11-03;17;194
50;2025-11-03;18;115
50;2025-11-03;19;125
50;2025-11-03;20;91
50;2025-11-03;21;58
50;2025-11-03;22;68
50;2025-11-03;23;19
50;2025-11-04;0;4
50;2025-11-04;1;0
50;2025-11-04;2;0
50;2025-11-04;3;0
50;2025-11-04;4;0
50;2025-11-04;5;1
50;2025-11-04;6;6
50;2025-11-04;7;10
50;2025-11-04;8;21
50;2025-11-04;9;16
50;2025-11-04;10;43
50;2025-11-04;11;143
50;2025-11-04;12;110
50;2025-11-04;13;135
50;2025-11-04;14;226
50;2025-11-04;15;184
50;2025-11-04;16;217
50;2025-11-04;17;194
50;2025-11-04;18;115
50;2025-11-04;19;125
50;2025-11-04;20;91
50;2025-11-04;21;58
50;2025-11-04;22;68
50;2025-11-04;23;19
50;2025-11-05;0;26
50;2025-11-05;1;3
50;2025-11-05;2;1
50;2025-11-05;3;0
50;2025-11-05;4;4
50;2025-11-05;5;79
50;2025-11-05;6;553
50;2025-11-05;7;1798
50;2025-11-05;8;2968
50;2025-11-05;9;2344
50;2025-11-05;10;1819
50;2025-11-05;11;1603
50;2025-11-05;12;1515
50;2025-11-05;13;1595
50;2025-11-05;14;1516
50;2025-11-05;15;1753
50;2025-11-05;16;1770
50;2025-11-05;17;2552
50;2025-11-05;18;2625
50;2025-11-05;19;1491
50;2025-11-05;20;997
50;2025-11-05;21;680
50;2025-11-05;22;260
50;2025-11-05;23;152
50;2025-11-06;0;26
50;2025-11-06;1;3
50;2025-11-06;2;1
50;2025-11-06;3;0
50;2025-11-06;4;4
50;2025-11-06;5;79
50;2025-11-06;6;553
50;2025-11-06;7;1798
50;2025-11-06;8;2968
50;2025-11-06;9;2344
50;2025-11-06;10;1819
50;2025-11-06;11;1603
50;2025-11-06;12;1515
50;2025-11-06;13;1595
50;2025-11-06;14;1516
50;2025-11-06;15;1753
50;2025-11-06;16;1770
50;2025-11-06;17;2552
50;2025-11-06;18;2625
50;2025-11-06;19;1491
50;2025-11-06;20;997
50;2025-11-06;21;680
50;2025-11-06;22;260
50;2025-11-06;23;152
50;2025-11-07;0;36
50;2025-11-07;1;1
50;2025-11-07;2;0
50;2025-11-07;3;0
50;2025-11-07;4;4
50;2025-11-07;5;70
50;2025-11-07;6;513
50;2025-11-07;7;1764
50;2025-11-07;8;2789
50;2025-11-07;9;2174
50;2025-11-07;10;1511
50;2025-11-07;11;1519
50;2025-11-07;12;1412
50;2025-11-07;13;1530
50;2025-11-07;14;1458
50;2025-11-07;15;1740
50;2025-11-07;16;2281
50;2025-11-07;17;2161
50;2025-11-07;18;1607
50;2025-11-07;19;1193
50;2025-11-07;20;862
50;2025-11-07;21;547
50;2025-11-07;22;271
50;2025-11-07;23;163
50;2025-11-08;0;72
50;2025-11-08;1;8
50;2025-11-08;2;0
50;2025-11-08;3;3
50;2025-11-08;4;0
50;2025-11-08;5;11
50;2025-11-08;6;15
50;2025-11-08;7;23
50;2025-11-08;8;47
50;2025-11-08;9;92
50;2025-11-08;10;33
50;2025-11-08;11;57
50;2025-11-08;12;104
50;2025-11-08;13;69
50;2025-11-08;14;84
50;2025-11-08;15;123
50;2025-11-08;16;79
50;2025-11-08;17;77
50;2025-11-08;18;19
50;2025-11-08;19;18
50;2025-11-08;20;11
50;2025-11-08;21;12
50;2025-11-08;22;12
50;2025-11-08;23;3
50;2025-11-09;0;4
50;2025-11-09;1;0
50;2025-11-09;2;0
50;2025-11-09;3;0
50;2025-11-09;4;0
50;2025-11-09;5;1
50;2025-11-09;6;6
50;2025-11-09;7;10
50;2025-11-09;8;22
50;2025-11-09;9;17
50;2025-11-09;10;45
50;2025-11-09;11;149
50;2025-11-09;12;114
50;2025-11-09;13;140
50;2025-11-09;14;235
50;2025-11-09;15;191
50;2025-11-09;16;226
50;2025-11-09;17;202
50;2025-11-09;18;120
50;2025-11-09;19;130
50;2025-11-09;20;95
50;2025-11-09;21;60
50;2025-11-09;22;71
50;2025-11-09;23;20
50;2025-11-10;0;26
50;2025-11-10;1;3
50;2025-11-10;2;1
50;2025-11-10;3;0
50;2025-11-10;4;4
50;2025-11-10;5;79
50;2025-11-10;6;553
50;2025-11-10;7;1798
50;2025-11-10;8;2968
50;2025-11-10;9;2344
50;2025-11-10;10;1819
50;2025-11-10;11;1603
50;2025-11-10;12;1515
50;2025-11-10;13;1595
50;2025-11-10;14;1516
50;2025-11-10;15;1753
50;2025-11-10;16;1770
50;2025-11-10;17;2552
50;2025-11-10;18;2625
50;2025-11-10;19;1491
50;2025-11-10;20;997
50;2025-11-10;21;680
50;2025-11-10;22;260
50;2025-11-10;23;152
50;2025-11-11;0;26
50;2025-11-11;1;3
50;2025-11-11;2;1
50;2025-11-11;3;0
50;2025-11-11;4;4
50;2025-11-11;5;79
50;2025-11-11;6;553
50;2025-11-11;7;1798
50;2025-11-11;8;2968
50;2025-11-11;9;2344
50;2025-11-11;10;1819
50;2025-11-11;11;1603
50;2025-11-11;12;1515
50;2025-11-11;13;1595
50;2025-11-11;14;1516
50;2025-11-11;15;1753
50;2025-11-11;16;1770
50;2025-11-11;17;2552
50;2025-11-11;18;2625
50;2025-11-11;19;1491
50;2025-11-11;20;997
50;2025-11-11;21;680
50;2025-11-11;22;260
50;2025-11-11;23;152
50;2025-11-12;0;26
50;2025-11-12;1;3
50;2025-11-12;2;1
50;2025-11-12;3;0
50;2025-11-12;4;4
50;2025-11-12;5;79
50;2025-11-12;6;553
50;2025-11-12;7;1798
50;2025-11-12;8;2968
50;2025-11-12;9;2344
50;2025-11-12;10;1819
50;2025-11-12;11;1603
50;2025-11-12;12;1515
50;2025-11-12;13;1595
50;2025-11-12;14;1516
50;2025-11-12;15;1753
50;2025-11-12;16;1770
50;2025-11-12;17;2552
50;2025-11-12;18;2625
50;2025-11-12;19;1491
50;2025-11-12;20;997
50;2025-11-12;21;680
50;2025-11-12;22;260
50;2025-11-12;23;152
50;2025-11-13;0;26
50;2025-11-13;1;3
50;2025-11-13;2;1
50;2025-11-13;3;0
50;2025-11-13;4;4
50;2025-11-13;5;79
50;2025-11-13;6;553
50;2025-11-13;7;1798
50;2025-11-13;8;2968
50;2025-11-13;9;2344
50;2025-11-13;10;1819
50;2025-11-13;11;1603
50;2025-11-13;12;1515
50;2025-11-13;13;1595
50;2025-11-13;14;1516
50;2025-11-13;15;1753
50;2025-11-13;16;1770
50;2025-11-13;17;2552
50;2025-11-13;18;2625
50;2025-11-13;19;1491
50;2025-11-13;20;997
50;2025-11-13;21;680
50;2025-11-13;22;260
50;2025-11-13;23;152
50;2025-11-14;0;36
50;2025-11-14;1;1
50;2025-11-14;2;0
50;2025-11-14;3;0
50;2025-11-14;4;4
50;2025-11-14;5;70
50;2025-11-14;6;513
50;2025-11-14;7;1764
50;2025-11-14;8;2789
50;2025-11-14;9;2174
50;2025-11-14;10;1511
50;2025-11-14;11;1519
50;2025-11-14;12;1412
50;2025-11-14;13;1530
50;2025-11-14;14;1458
50;2025-11-14;15;1740
50;2025-11-14;16;2281
50;2025-11-14;17;2161
50;2025-11-14;18;1607
50;2025-11-14;19;1193
50;2025-11-14;20;862
50;2025-11-14;21;547
50;2025-11-14;22;271
50;2025-11-14;23;163
50;2025-11-15;0;72
50;2025-11-15;1;8
50;2025-11-15;2;0
50;2025-11-15;3;3
50;2025-11-15;4;0
50;2025-11-15;5;11
50;2025-11-15;6;15
50;2025-11-15;7;23
50;2025-11-15;8;47
50;2025-11-15;9;92
50;2025-11-15;10;33
50;2025-11-15;11;57
50;2025-11-15;12;104
50;2025-11-15;13;69
50;2025-11-15;14;84
50;2025-11-15;15;123
50;2025-11-15;16;79
50;2025-11-15;17;77
50;2025-11-15;18;19
50;2025-11-15;19;18
50;2025-11-15;20;11
50;2025-11-15;21;12
50;2025-11-15;22;12
50;2025-11-15;23;3
50;2025-11-16;0;4
50;2025-11-16;1;0
50;2025-11-16;2;0
50;2025-11-16;3;0
50;2025-11-16;4;0
50;2025-11-16;5;1
50;2025-11-16;6;6
50;2025-11-16;7;10
50;2025-11-16;8;22
50;2025-11-16;9;17
50;2025-11-16;10;45
50;2025-11-16;11;149
50;2025-11-16;12;114
50;2025-11-16;13;140
50;2025-11-16;14;235
50;2025-11-16;15;191
50;2025-11-16;16;226
50;2025-11-16;17;202
50;2025-11-16;18;120
50;2025-11-16;19;130
50;2025-11-16;20;95
50;2025-11-16;21;60
50;2025-11-16;22;71
50;2025-11-16;23;20
50;2025-11-17;0;26
50;2025-11-17;1;3
50;2025-11-17;2;1
50;2025-11-17;3;0
50;2025-11-17;4;4
50;2025-11-17;5;79
50;2025-11-17;6;553
50;2025-11-17;7;1798
50;2025-11-17;8;2968
50;2025-11-17;9;2344
50;2025-11-17;10;1819
50;2025-11-17;11;1603
50;2025-11-17;12;1515
50;2025-11-17;13;1595
50;2025-11-17;14;1516
50;2025-11-17;15;1753
50;2025-11-17;16;1770
50;2025-11-17;17;2552
50;2025-11-17;18;2625
50;2025-11-17;19;1491
50;2025-11-17;20;997
50;2025-11-17;21;680
50;2025-11-17;22;260
50;2025-11-17;23;152
50;2025-11-18;0;26
50;2025-11-18;1;3
50;2025-11-18;2;1
50;2025-11-18;3;0
50;2025-11-18;4;4
50;2025-11-18;5;79
50;2025-11-18;6;553
50;2025-11-18;7;1798
50;2025-11-18;8;2968
50;2025-11-18;9;2344
50;2025-11-18;10;1819
50;2025-11-18;11;1603
50;2025-11-18;12;1515
50;2025-11-18;13;1595
50;2025-11-18;14;1516
50;2025-11-18;15;1753
50;2025-11-18;16;1770
50;2025-11-18;17;2552
50;2025-11-18;18;2625
50;2025-11-18;19;1491
50;2025-11-18;20;997
50;2025-11-18;21;680
50;2025-11-18;22;260
50;2025-11-18;23;152
50;2025-11-19;0;26
50;2025-11-19;1;3
50;2025-11-19;2;1
50;2025-11-19;3;0
50;2025-11-19;4;4
50;2025-11-19;5;79
50;2025-11-19;6;553
50;2025-11-19;7;1798
50;2025-11-19;8;2968
50;2025-11-19;9;2344
50;2025-11-19;10;1819
50;2025-11-19;11;1603
50;2025-11-19;12;1515
50;2025-11-19;13;1595
50;2025-11-19;14;1516
50;2025-11-19;15;1753
50;2025-11-19;16;1770
50;2025-11-19;17;2552
50;2025-11-19;18;2625
50;2025-11-19;19;1491
50;2025-11-19;20;997
50;2025-11-19;21;680
50;2025-11-19;22;260
50;2025-11-19;23;152
50;2025-11-20;0;26
50;2025-11-20;1;3
50;2025-11-20;2;1
50;2025-11-20;3;0
50;2025-11-20;4;4
50;2025-11-20;5;79
50;2025-11-20;6;553
50;2025-11-20;7;1798
50;2025-11-20;8;2968
50;2025-11-20;9;2344
50;2025-11-20;10;1819
50;2025-11-20;11;1603
50;2025-11-20;12;1515
50;2025-11-20;13;1595
50;2025-11-20;14;1516
50;2025-11-20;15;1753
50;2025-11-20;16;1770
50;2025-11-20;17;2552
50;2025-11-20;18;2625
50;2025-11-20;19;1491
50;2025-11-20;20;997
50;2025-11-20;21;680
50;2025-11-20;22;260
50;2025-11-20;23;152
50;2025-11-21;0;36
50;2025-11-21;1;1
50;2025-11-21;2;0
50;2025-11-21;3;0
50;2025-11-21;4;4
50;2025-11-21;5;70
50;2025-11-21;6;513
50;2025-11-21;7;1764
50;2025-11-21;8;2789
50;2025-11-21;9;2174
50;2025-11-21;10;1511
50;2025-11-21;11;1519
50;2025-11-21;12;1412
50;2025-11-21;13;1530
50;2025-11-21;14;1458
50;2025-11-21;15;1740
50;2025-11-21;16;2281
50;2025-11-21;17;2161
50;2025-11-21;18;1607
50;2025-11-21;19;1193
50;2025-11-21;20;862
50;2025-11-21;21;547
50;2025-11-21;22;271
50;2025-11-21;23;163
50;2025-11-22;0;72
50;2025-11-22;1;8
50;2025-11-22;2;0
50;2025-11-22;3;3
50;2025-11-22;4;0
50;2025-11-22;5;11
50;2025-11-22;6;15
50;2025-11-22;7;23
50;2025-11-22;8;47
50;2025-11-22;9;92
50;2025-11-22;10;33
50;2025-11-22;11;57
50;2025-11-22;12;104
50;2025-11-22;13;69
50;2025-11-22;14;84
50;2025-11-22;15;123
50;2025-11-22;16;79
50;2025-11-22;17;77
50;2025-11-22;18;19
50;2025-11-22;19;18
50;2025-11-22;20;11
50;2025-11-22;21;12
50;2025-11-22;22;12
50;2025-11-22;23;3
50;2025-11-23;0;4
50;2025-11-23;1;0
50;2025-11-23;2;0
50;2025-11-23;3;0
50;2025-11-23;4;0
50;2025-11-23;5;1
50;2025-11-23;6;6
50;2025-11-23;7;10
50;2025-11-23;8;22
50;2025-11-23;9;17
50;2025-11-23;10;45
50;2025-11-23;11;149
50;2025-11-23;12;114
50;2025-11-23;13;140
50;2025-11-23;14;235
50;2025-11-23;15;191
50;2025-11-23;16;226
50;2025-11-23;17;202
50;2025-11-23;18;120
50;2025-11-23;19;130
50;2025-11-23;20;95
50;2025-11-23;21;60
50;2025-11-23;22;71
50;2025-11-23;23;20
50;2025-11-24;0;26
50;2025-11-24;1;3
50;2025-11-24;2;1
50;2025-11-24;3;0
50;2025-11-24;4;4
50;2025-11-24;5;79
50;2025-11-24;6;553
50;2025-11-24;7;1798
50;2025-11-24;8;2968
50;2025-11-24;9;2344
50;2025-11-24;10;1819
50;2025-11-24;11;1603
50;2025-11-24;12;1515
50;2025-11-24;13;1595
50;2025-11-24;14;1516
50;2025-11-24;15;1753
50;2025-11-24;16;1770
50;2025-11-24;17;2552
50;2025-11-24;18;2625
50;2025-11-24;19;1491
50;2025-11-24;20;997
50;2025-11-24;21;680
50;2025-11-24;22;260
50;2025-11-24;23;152
50;2025-11-25;0;26
50;2025-11-25;1;3
50;2025-11-25;2;1
50;2025-11-25;3;0
50;2025-11-25;4;4
50;2025-11-25;5;79
50;2025-11-25;6;553
50;2025-11-25;7;1798
50;2025-11-25;8;2968
50;2025-11-25;9;2344
50;2025-11-25;10;1819
50;2025-11-25;11;1603
50;2025-11-25;12;1515
50;2025-11-25;13;1595
50;2025-11-25;14;1516
50;2025-11-25;15;1753
50;2025-11-25;16;1770
50;2025-11-25;17;2552
50;2025-11-25;18;2625
50;2025-11-25;19;1491
50;2025-11-25;20;997
50;2025-11-25;21;680
50;2025-11-25;22;260
50;2025-11-25;23;152
50;2025-11-26;0;26
50;2025-11-26;1;3
50;2025-11-26;2;1
50;2025-11-26;3;0
50;2025-11-26;4;4
50;2025-11-26;5;79
50;2025-11-26;6;553
50;2025-11-26;7;1798
50;2025-11-26;8;2968
50;2025-11-26;9;2344
50;2025-11-26;10;1819
50;2025-11-26;11;1603
50;2025-11-26;12;1515
50;2025-11-26;13;1595
50;2025-11-26;14;1516
50;2025-11-26;15;1753
50;2025-11-26;16;1770
50;2025-11-26;17;2552
50;2025-11-26;18;2625
50;2025-11-26;19;1491
50;2025-11-26;20;997
50;2025-11-26;21;680
50;2025-11-26;22;260
50;2025-11-26;23;152
50;2025-11-27;0;26
50;2025-11-27;1;3
50;2025-11-27;2;1
50;2025-11-27;3;0
50;2025-11-27;4;4
50;2025-11-27;5;79
50;2025-11-27;6;553
50;2025-11-27;7;1798
50;2025-11-27;8;2968
50;2025-11-27;9;2344
50;2025-11-27;10;1819
50;2025-11-27;11;1603
50;2025-11-27;12;1515
50;2025-11-27;13;1595
50;2025-11-27;14;1516
50;2025-11-27;15;1753
50;2025-11-27;16;1770
50;2025-11-27;17;2552
50;2025-11-27;18;2625
50;2025-11-27;19;1491
50;2025-11-27;20;997
50;2025-11-27;21;680
50;2025-11-27;22;260
50;2025-11-27;23;152
50;2025-11-28;0;36
50;2025-11-28;1;1
50;2025-11-28;2;0
50;2025-11-28;3;0
50;2025-11-28;4;4
50;2025-11-28;5;70
50;2025-11-28;6;513
50;2025-11-28;7;1764
50;2025-11-28;8;2789
50;2025-11-28;9;2174
50;2025-11-28;10;1511
50;2025-11-28;11;1519
50;2025-11-28;12;1412
50;2025-11-28;13;1530
50;2025-11-28;14;1458
50;2025-11-28;15;1740
50;2025-11-28;16;2281
50;2025-11-28;17;2161
50;2025-11-28;18;1607
50;2025-11-28;19;1193
50;2025-11-28;20;862
50;2025-11-28;21;547
50;2025-11-28;22;271
50;2025-11-28;23;163
50;2025-11-29;0;72
50;2025-11-29;1;8
50;2025-11-29;2;0
50;2025-11-29;3;3
50;2025-11-29;4;0
50;2025-11-29;5;11
50;2025-11-29;6;15
50;2025-11-29;7;23
50;2025-11-29;8;47
50;2025-11-29;9;92
50;2025-11-29;10;33
50;2025-11-29;11;57
50;2025-11-29;12;104
50;2025-11-29;13;69
50;2025-11-29;14;84
50;2025-11-29;15;123
50;2025-11-29;16;79
50;2025-11-29;17;77
50;2025-11-29;18;19
50;2025-11-29;19;18
50;2025-11-29;20;11
50;2025-11-29;21;12
50;2025-11-29;22;12
50;2025-11-29;23;3
50;2025-11-30;0;4
50;2025-11-30;1;0
50;2025-11-30;2;0
50;2025-11-30;3;0
50;2025-11-30;4;0
50;2025-11-30;5;1
50;2025-11-30;6;6
50;2025-11-30;7;10
50;2025-11-30;8;22
50;2025-11-30;9;17
50;2025-11-30;10;45
50;2025-11-30;11;149
50;2025-11-30;12;114
50;2025-11-30;13;140
50;2025-11-30;14;235
50;2025-11-30;15;191
50;2025-11-30;16;226
50;2025-11-30;17;202
50;2025-11-30;18;120
50;2025-11-30;19;130
50;2025-11-30;20;95
50;2025-11-30;21;60
50;2025-11-30;22;71
50;2025-11-30;23;20
50;2025-12-01;0;26
50;2025-12-01;1;3
50;2025-12-01;2;1
50;2025-12-01;3;0
50;2025-12-01;4;4
50;2025-12-01;5;79
50;2025-12-01;6;553
50;2025-12-01;7;1798
50;2025-12-01;8;2968
50;2025-12-01;9;2344
50;2025-12-01;10;1819
50;2025-12-01;11;1603
50;2025-12-01;12;1515
50;2025-12-01;13;1595
50;2025-12-01;14;1516
50;2025-12-01;15;1753
50;2025-12-01;16;1770
50;2025-12-01;17;2552
50;2025-12-01;18;2625
50;2025-12-01;19;1491
50;2025-12-01;20;997
50;2025-12-01;21;680
50;2025-12-01;22;260
50;2025-12-01;23;152
50;2025-12-02;0;26
50;2025-12-02;1;3
50;2025-12-02;2;1
50;2025-12-02;3;0
50;2025-12-02;4;4
50;2025-12-02;5;79
50;2025-12-02;6;553
50;2025-12-02;7;1798
50;2025-12-02;8;2968
50;2025-12-02;9;2344
50;2025-12-02;10;1819
50;2025-12-02;11;1603
50;2025-12-02;12;1515
50;2025-12-02;13;1595
50;2025-12-02;14;1516
50;2025-12-02;15;1753
50;2025-12-02;16;1770
50;2025-12-02;17;2552
50;2025-12-02;18;2625
50;2025-12-02;19;1491
50;2025-12-02;20;997
50;2025-12-02;21;680
50;2025-12-02;22;260
50;2025-12-02;23;152
50;2025-12-03;0;26
50;2025-12-03;1;3
50;2025-12-03;2;1
50;2025-12-03;3;0
50;2025-12-03;4;4
50;2025-12-03;5;79
50;2025-12-03;6;553
50;2025-12-03;7;1798
50;2025-12-03;8;2968
50;2025-12-03;9;2344
50;2025-12-03;10;1819
50;2025-12-03;11;1603
50;2025-12-03;12;1515
50;2025-12-03;13;1595
50;2025-12-03;14;1516
50;2025-12-03;15;1753
50;2025-12-03;16;1770
50;2025-12-03;17;2552
50;2025-12-03;18;2625
50;2025-12-03;19;1491
50;2025-12-03;20;997
50;2025-12-03;21;680
50;2025-12-03;22;260
50;2025-12-03;23;152
50;2025-12-04;0;26
50;2025-12-04;1;3
50;2025-12-04;2;1
50;2025-12-04;3;0
50;2025-12-04;4;4
50;2025-12-04;5;79
50;2025-12-04;6;553
50;2025-12-04;7;1798
50;2025-12-04;8;2968
50;2025-12-04;9;2344
50;2025-12-04;10;1819
50;2025-12-04;11;1603
50;2025-12-04;12;1515
50;2025-12-04;13;1595
50;2025-12-04;14;1516
50;2025-12-04;15;1753
50;2025-12-04;16;1770
50;2025-12-04;17;2552
50;2025-12-04;18;2625
50;2025-12-04;19;1491
50;2025-12-04;20;997
50;2025-12-04;21;680
50;2025-12-04;22;260
50;2025-12-04;23;152
50;2025-12-05;0;36
50;2025-12-05;1;1
50;2025-12-05;2;0
50;2025-12-05;3;0
50;2025-12-05;4;4
50;2025-12-05;5;70
50;2025-12-05;6;513
50;2025-12-05;7;1764
50;2025-12-05;8;2789
50;2025-12-05;9;2174
50;2025-12-05;10;1511
50;2025-12-05;11;1519
50;2025-12-05;12;1412
50;2025-12-05;13;1530
50;2025-12-05;14;1458
50;2025-12-05;15;1740
50;2025-12-05;16;2281
50;2025-12-05;17;2161
50;2025-12-05;18;1607
50;2025-12-05;19;1193
50;2025-12-05;20;862
50;2025-12-05;21;547
50;2025-12-05;22;271
50;2025-12-05;23;163
50;2025-12-06;0;64
50;2025-12-06;1;5
50;2025-12-06;2;0
50;2025-12-06;3;0
50;2025-12-06;4;1
50;2025-12-06;5;32
50;2025-12-06;6;173
50;2025-12-06;7;413
50;2025-12-06;8;634
50;2025-12-06;9;658
50;2025-12-06;10;655
50;2025-12-06;11;798
50;2025-12-06;12;838
50;2025-12-06;13;852
50;2025-12-06;14;884
50;2025-12-06;15;841
50;2025-12-06;16;859
50;2025-12-06;17;808
50;2025-12-06;18;732
50;2025-12-06;19;689
50;2025-12-06;20;512
50;2025-12-06;21;453
50;2025-12-06;22;242
50;2025-12-06;23;150
50;2025-12-07;0;53
50;2025-12-07;1;5
50;2025-12-07;2;0
50;2025-12-07;3;0
50;2025-12-07;4;1
50;2025-12-07;5;28
50;2025-12-07;6;140
50;2025-12-07;7;265
50;2025-12-07;8;385
50;2025-12-07;9;482
50;2025-12-07;10;544
50;2025-12-07;11;644
50;2025-12-07;12;709
50;2025-12-07;13;810
50;2025-12-07;14;821
50;2025-12-07;15;704
50;2025-12-07;16;718
50;2025-12-07;17;739
50;2025-12-07;18;671
50;2025-12-07;19;599
50;2025-12-07;20;511
50;2025-12-07;21;412
50;2025-12-07;22;215
50;2025-12-07;23;119
50;2025-12-08;0;26
50;2025-12-08;1;3
50;2025-12-08;2;1
50;2025-12-08;3;0
50;2025-12-08;4;4
50;2025-12-08;5;79
50;2025-12-08;6;553
50;2025-12-08;7;1798
50;2025-12-08;8;2968
50;2025-12-08;9;2344
50;2025-12-08;10;1819
50;2025-12-08;11;1603
50;2025-12-08;12;1515
50;2025-12-08;13;1595
50;2025-12-08;14;1516
50;2025-12-08;15;1753
50;2025-12-08;16;1770
50;2025-12-08;17;2552
50;2025-12-08;18;2625
50;2025-12-08;19;1491
50;2025-12-08;20;997
50;2025-12-08;21;680
50;2025-12-08;22;260
50;2025-12-08;23;152
50;2025-12-09;0;26
50;2025-12-09;1;3
50;2025-12-09;2;1
50;2025-12-09;3;0
50;2025-12-09;4;4
50;2025-12-09;5;79
50;2025-12-09;6;553
50;2025-12-09;7;1798
50;2025-12-09;8;2968
50;2025-12-09;9;2344
50;2025-12-09;10;1819
50;2025-12-09;11;1603
50;2025-12-09;12;1515
50;2025-12-09;13;1595
50;2025-12-09;14;1516
50;2025-12-09;15;1753
50;2025-12-09;16;1770
50;2025-12-09;17;2552
50;2025-12-09;18;2625
50;2025-12-09;19;1491
50;2025-12-09;20;997
50;2025-12-09;21;680
50;2025-12-09;22;260
50;2025-12-09;23;152
50;2025-12-10;0;26
50;2025-12-10;1;3
50;2025-12-10;2;1
50;2025-12-10;3;0
50;2025-12-10;4;4
50;2025-12-10;5;79
50;2025-12-10;6;553
50;2025-12-10;7;1798
50;2025-12-10;8;2968
50;2025-12-10;9;2344
50;2025-12-10;10;1819
50;2025-12-10;11;1603
50;2025-12-10;12;1515
50;2025-12-10;13;1595
50;2025-12-10;14;1516
50;2025-12-10;15;1753
50;2025-12-10;16;1770
50;2025-12-10;17;2552
50;2025-12-10;18;2625
50;2025-12-10;19;1491
50;2025-12-10;20;997
50;2025-12-10;21;680
50;2025-12-10;22;260
50;2025-12-10;23;152
50;2025-12-11;0;26
50;2025-12-11;1;3
50;2025-12-11;2;1
50;2025-12-11;3;0
50;2025-12-11;4;4
50;2025-12-11;5;79
50;2025-12-11;6;553
50;2025-12-11;7;1798
50;2025-12-11;8;2968
50;2025-12-11;9;2344
50;2025-12-11;10;1819
50;2025-12-11;11;1603
50;2025-12-11;12;1515
50;2025-12-11;13;1595
50;2025-12-11;14;1516
50;2025-12-11;15;1753
50;2025-12-11;16;1770
50;2025-12-11;17;2552
50;2025-12-11;18;2625
50;2025-12-11;19;1491
50;2025-12-11;20;997
50;2025-12-11;21;680
50;2025-12-11;22;260
50;2025-12-11;23;152
50;2025-12-12;0;36
50;2025-12-12;1;1
50;2025-12-12;2;0
50;2025-12-12;3;0
50;2025-12-12;4;4
50;2025-12-12;5;70
50;2025-12-12;6;513
50;2025-12-12;7;1764
50;2025-12-12;8;2789
50;2025-12-12;9;2174
50;2025-12-12;10;1511
50;2025-12-12;11;1519
50;2025-12-12;12;1412
50;2025-12-12;13;1530
50;2025-12-12;14;1458
50;2025-12-12;15;1740
50;2025-12-12;16;2281
50;2025-12-12;17;2161
50;2025-12-12;18;1607
50;2025-12-12;19;1193
50;2025-12-12;20;862
50;2025-12-12;21;547
50;2025-12-12;22;271
50;2025-12-12;23;163
50;2025-12-13;0;64
50;2025-12-13;1;5
50;2025-12-13;2;0
50;2025-12-13;3;0
50;2025-12-13;4;1
50;2025-12-13;5;32
50;2025-12-13;6;173
50;2025-12-13;7;413
50;2025-12-13;8;634
50;2025-12-13;9;658
50;2025-12-13;10;655
50;2025-12-13;11;798
50;2025-12-13;12;838
50;2025-12-13;13;852
50;2025-12-13;14;884
50;2025-12-13;15;841
50;2025-12-13;16;859
50;2025-12-13;17;808
50;2025-12-13;18;732
50;2025-12-13;19;689
50;2025-12-13;20;512
50;2025-12-13;21;453
50;2025-12-13;22;242
50;2025-12-13;23;150
50;2025-12-14;0;53
50;2025-12-14;1;5
50;2025-12-14;2;0
50;2025-12-14;3;0
50;2025-12-14;4;1
50;2025-12-14;5;28
50;2025-12-14;6;140
50;2025-12-14;7;265
50;2025-12-14;8;385
50;2025-12-14;9;482
50;2025-12-14;10;544
50;2025-12-14;11;644
50;2025-12-14;12;709
50;2025-12-14;13;810
50;2025-12-14;14;821
50;2025-12-14;15;704
50;2025-12-14;16;718
50;2025-12-14;17;739
50;2025-12-14;18;671
50;2025-12-14;19;599
50;2025-12-14;20;511
50;2025-12-14;21;412
50;2025-12-14;22;215
50;2025-12-14;23;119
50;2025-12-15;0;26
50;2025-12-15;1;3
50;2025-12-15;2;1
50;2025-12-15;3;0
50;2025-12-15;4;4
50;2025-12-15;5;79
50;2025-12-15;6;553
50;2025-12-15;7;1798
50;2025-12-15;8;2968
50;2025-12-15;9;2344
50;2025-12-15;10;1819
50;2025-12-15;11;1603
50;2025-12-15;12;1515
50;2025-12-15;13;1595
50;2025-12-15;14;1516
50;2025-12-15;15;1753
50;2025-12-15;16;1770
50;2025-12-15;17;2552
50;2025-12-15;18;2625
50;2025-12-15;19;1491
50;2025-12-15;20;997
50;2025-12-15;21;680
50;2025-12-15;22;260
50;2025-12-15;23;152
50;2025-12-16;0;26
50;2025-12-16;1;3
50;2025-12-16;2;1
50;2025-12-16;3;0
50;2025-12-16;4;4
50;2025-12-16;5;79
50;2025-12-16;6;553
50;2025-12-16;7;1798
50;2025-12-16;8;2968
50;2025-12-16;9;2344
50;2025-12-16;10;1819
50;2025-12-16;11;1603
50;2025-12-16;12;1515
50;2025-12-16;13;1595
50;2025-12-16;14;1516
50;2025-12-16;15;1753
50;2025-12-16;16;1770
50;2025-12-16;17;2552
50;2025-12-16;18;2625
50;2025-12-16;19;1491
50;2025-12-16;20;997
50;2025-12-16;21;680
50;2025-12-16;22;260
50;2025-12-16;23;152
50;2025-12-17;0;26
50;2025-12-17;1;3
50;2025-12-17;2;1
50;2025-12-17;3;0
50;2025-12-17;4;4
50;2025-12-17;5;79
50;2025-12-17;6;553
50;2025-12-17;7;1798
50;2025-12-17;8;2968
50;2025-12-17;9;2344
50;2025-12-17;10;1819
50;2025-12-17;11;1603
50;2025-12-17;12;1515
50;2025-12-17;13;1595
50;2025-12-17;14;1516
50;2025-12-17;15;1753
50;2025-12-17;16;1770
50;2025-12-17;17;2552
50;2025-12-17;18;2625
50;2025-12-17;19;1491
50;2025-12-17;20;997
50;2025-12-17;21;680
50;2025-12-17;22;260
50;2025-12-17;23;152
50;2025-12-18;0;26
50;2025-12-18;1;3
50;2025-12-18;2;1
50;2025-12-18;3;0
50;2025-12-18;4;4
50;2025-12-18;5;79
50;2025-12-18;6;553
50;2025-12-18;7;1798
50;2025-12-18;8;2968
50;2025-12-18;9;2344
50;2025-12-18;10;1819
50;2025-12-18;11;1603
50;2025-12-18;12;1515
50;2025-12-18;13;1595
50;2025-12-18;14;1516
50;2025-12-18;15;1753
50;2025-12-18;16;1770
50;2025-12-18;17;2552
50;2025-12-18;18;2625
50;2025-12-18;19;1491
50;2025-12-18;20;997
50;2025-12-18;21;680
50;2025-12-18;22;260
50;2025-12-18;23;152
50;2025-12-19;0;36
50;2025-12-19;1;1
50;2025-12-19;2;0
50;2025-12-19;3;0
50;2025-12-19;4;4
50;2025-12-19;5;70
50;2025-12-19;6;513
50;2025-12-19;7;1764
50;2025-12-19;8;2789
50;2025-12-19;9;2174
50;2025-12-19;10;1511
50;2025-12-19;11;1519
50;2025-12-19;12;1412
50;2025-12-19;13;1530
50;2025-12-19;14;1458
50;2025-12-19;15;1740
50;2025-12-19;16;2281
50;2025-12-19;17;2161
50;2025-12-19;18;1607
50;2025-12-19;19;1193
50;2025-12-19;20;862
50;2025-12-19;21;547
50;2025-12-19;22;271
50;2025-12-19;23;163
50;2025-12-20;0;64
50;2025-12-20;1;5
50;2025-12-20;2;0
50;2025-12-20;3;0
50;2025-12-20;4;1
50;2025-12-20;5;32
50;2025-12-20;6;173
50;2025-12-20;7;413
50;2025-12-20;8;634
50;2025-12-20;9;658
50;2025-12-20;10;655
50;2025-12-20;11;798
50;2025-12-20;12;838
50;2025-12-20;13;852
50;2025-12-20;14;884
50;2025-12-20;15;841
50;2025-12-20;16;859
50;2025-12-20;17;808
50;2025-12-20;18;732
50;2025-12-20;19;689
50;2025-12-20;20;512
50;2025-12-20;21;453
50;2025-12-20;22;242
50;2025-12-20;23;150
50;2025-12-21;0;53
50;2025-12-21;1;5
50;2025-12-21;2;0
50;2025-12-21;3;0
50;2025-12-21;4;1
50;2025-12-21;5;28
50;2025-12-21;6;140
50;2025-12-21;7;265
50;2025-12-21;8;385
50;2025-12-21;9;482
50;2025-12-21;10;544
50;2025-12-21;11;644
50;2025-12-21;12;709
50;2025-12-21;13;810
50;2025-12-21;14;821
50;2025-12-21;15;704
50;2025-12-21;16;718
50;2025-12-21;17;739
50;2025-12-21;18;671
50;2025-12-21;19;599
50;2025-12-21;20;511
50;2025-12-21;21;412
50;2025-12-21;22;215
50;2025-12-21;23;119
50;2025-12-22;0;26
50;2025-12-22;1;3
50;2025-12-22;2;1
50;2025-12-22;3;0
50;2025-12-22;4;4
50;2025-12-22;5;79
50;2025-12-22;6;553
50;2025-12-22;7;1798
50;2025-12-22;8;2968
50;2025-12-22;9;2344
50;2025-12-22;10;1819
50;2025-12-22;11;1603
50;2025-12-22;12;1515
50;2025-12-22;13;1595
50;2025-12-22;14;1516
50;2025-12-22;15;1753
50;2025-12-22;16;1770
50;2025-12-22;17;2552
50;2025-12-22;18;2625
50;2025-12-22;19;1491
50;2025-12-22;20;997
50;2025-12-22;21;680
50;2025-12-22;22;260
50;2025-12-22;23;152
50;2025-12-23;0;26
50;2025-12-23;1;3
50;2025-12-23;2;1
50;2025-12-23;3;0
50;2025-12-23;4;4
50;2025-12-23;5;79
50;2025-12-23;6;553
50;2025-12-23;7;1798
50;2025-12-23;8;2968
50;2025-12-23;9;2344
50;2025-12-23;10;1819
50;2025-12-23;11;1603
50;2025-12-23;12;1515
50;2025-12-23;13;1595
50;2025-12-23;14;1516
50;2025-12-23;15;1753
50;2025-12-23;16;1770
50;2025-12-23;17;2552
50;2025-12-23;18;2625
50;2025-12-23;19;1491
50;2025-12-23;20;997
50;2025-12-23;21;680
50;2025-12-23;22;260
50;2025-12-23;23;152
50;2025-12-24;0;26
50;2025-12-24;1;3
50;2025-12-24;2;1
50;2025-12-24;3;0
50;2025-12-24;4;4
50;2025-12-24;5;79
50;2025-12-24;6;553
50;2025-12-24;7;1798
50;2025-12-24;8;2968
50;2025-12-24;9;2344
50;2025-12-24;10;1819
50;2025-12-24;11;1603
50;2025-12-24;12;1515
50;2025-12-24;13;1595
50;2025-12-24;14;1516
50;2025-12-24;15;1753
50;2025-12-24;16;1770
50;2025-12-24;17;2552
50;2025-12-24;18;2625
50;2025-12-24;19;1491
50;2025-12-24;20;997
50;2025-12-24;21;680
50;2025-12-24;22;260
50;2025-12-24;23;152
50;2025-12-25;0;26
50;2025-12-25;1;3
50;2025-12-25;2;1
50;2025-12-25;3;0
50;2025-12-25;4;4
50;2025-12-25;5;79
50;2025-12-25;6;553
50;2025-12-25;7;1798
50;2025-12-25;8;2968
50;2025-12-25;9;2344
50;2025-12-25;10;1819
50;2025-12-25;11;1603
50;2025-12-25;12;1515
50;2025-12-25;13;1595
50;2025-12-25;14;1516
50;2025-12-25;15;1753
50;2025-12-25;16;1770
50;2025-12-25;17;2552
50;2025-12-25;18;2625
50;2025-12-25;19;1491
50;2025-12-25;20;997
50;2025-12-25;21;680
50;2025-12-25;22;260
50;2025-12-25;23;152
50;2025-12-26;0;35
50;2025-12-26;1;1
50;2025-12-26;2;0
50;2025-12-26;3;0
50;2025-12-26;4;4
50;2025-12-26;5;67
50;2025-12-26;6;493
50;2025-12-26;7;1696
50;2025-12-26;8;2682
50;2025-12-26;9;2090
50;2025-12-26;10;1453
50;2025-12-26;11;1461
50;2025-12-26;12;1358
50;2025-12-26;13;1471
50;2025-12-26;14;1402
50;2025-12-26;15;1673
50;2025-12-26;16;2193
50;2025-12-26;17;2078
50;2025-12-26;18;1545
50;2025-12-26;19;1147
50;2025-12-26;20;829
50;2025-12-26;21;526
50;2025-12-26;22;261
50;2025-12-26;23;157
50;2025-12-27;0;64
50;2025-12-27;1;5
50;2025-12-27;2;0
50;2025-12-27;3;0
50;2025-12-27;4;1
50;2025-12-27;5;32
50;2025-12-27;6;173
50;2025-12-27;7;413
50;2025-12-27;8;634
50;2025-12-27;9;658
50;2025-12-27;10;655
50;2025-12-27;11;798
50;2025-12-27;12;838
50;2025-12-27;13;852
50;2025-12-27;14;884
50;2025-12-27;15;841
50;2025-12-27;16;859
50;2025-12-27;17;808
50;2025-12-27;18;732
50;2025-12-27;19;689
50;2025-12-27;20;512
50;2025-12-27;21;453
50;2025-12-27;22;242
50;2025-12-27;23;150
50;2025-12-28;0;53
50;2025-12-28;1;5
50;2025-12-28;2;0
50;2025-12-28;3;0
50;2025-12-28;4;1
50;2025-12-28;5;28
50;2025-12-28;6;140
50;2025-12-28;7;265
50;2025-12-28;8;385
50;2025-12-28;9;482
50;2025-12-28;10;544
50;2025-12-28;11;644
50;2025-12-28;12;709
50;2025-12-28;13;810
50;2025-12-28;14;821
50;2025-12-28;15;704
50;2025-12-28;16;718
50;2025-12-28;17;739
50;2025-12-28;18;671
50;2025-12-28;19;599
50;2025-12-28;20;511
50;2025-12-28;21;412
50;2025-12-28;22;215
50;2025-12-28;23;119
50;2025-12-29;0;22
50;2025-12-29;1;3
50;2025-12-29;2;0
50;2025-12-29;3;0
50;2025-12-29;4;3
50;2025-12-29;5;67
50;2025-12-29;6;468
50;2025-12-29;7;1522
50;2025-12-29;8;2512
50;2025-12-29;9;1984
50;2025-12-29;10;1539
50;2025-12-29;11;1356
50;2025-12-29;12;1282
50;2025-12-29;13;1350
50;2025-12-29;14;1283
50;2025-12-29;15;1484
50;2025-12-29;16;1498
50;2025-12-29;17;2160
50;2025-12-29;18;2221
50;2025-12-29;19;1262
50;2025-12-29;20;844
50;2025-12-29;21;575
50;2025-12-29;22;220
50;2025-12-29;23;128
50;2025-12-30;0;22
50;2025-12-30;1;3
50;2025-12-30;2;0
50;2025-12-30;3;0
50;2025-12-30;4;3
50;2025-12-30;5;67
50;2025-12-30;6;468
50;2025-12-30;7;1522
50;2025-12-30;8;2512
50;2025-12-30;9;1984
50;2025-12-30;10;1539
50;2025-12-30;11;1356
50;2025-12-30;12;1282
50;2025-12-30;13;1350
50;2025-12-30;14;1283
50;2025-12-30;15;1484
50;2025-12-30;16;1498
50;2025-12-30;17;2160
50;2025-12-30;18;2221
50;2025-12-30;19;1262
50;2025-12-30;20;844
50;2025-12-30;21;575
50;2025-12-30;22;220
50;2025-12-30;23;128
50;2025-12-31;0;55
50;2025-12-31;1;7
50;2025-12-31;2;0
50;2025-12-31;3;2
50;2025-12-31;4;0
50;2025-12-31;5;9
50;2025-12-31;6;11
50;2025-12-31;7;18
50;2025-12-31;8;36
50;2025-12-31;9;70
50;2025-12-31;10;26
50;2025-12-31;11;44
50;2025-12-31;12;80
50;2025-12-31;13;53
50;2025-12-31;14;65
50;2025-12-31;15;94
50;2025-12-31;16;60
50;2025-12-31;17;59
50;2025-12-31;18;15
50;2025-12-31;19;13
50;2025-12-31;20;0
50;2025-12-31;21;0
50;2025-12-31;22;0
50;2025-12-31;23;0
