route;date;hour;prediction
1;2025-11-01;0;2
1;2025-11-01;1;0
1;2025-11-01;2;0
1;2025-11-01;3;0
1;2025-11-01;4;5
1;2025-11-01;5;113
1;2025-11-01;6;423
1;2025-11-01;7;1251
1;2025-11-01;8;1523
1;2025-11-01;9;1161
1;2025-11-01;10;1073
1;2025-11-01;11;1146
1;2025-11-01;12;1121
1;2025-11-01;13;1168
1;2025-11-01;14;1107
1;2025-11-01;15;1258
1;2025-11-01;16;1323
1;2025-11-01;17;1453
1;2025-11-01;18;1267
1;2025-11-01;19;995
1;2025-11-01;20;673
1;2025-11-01;21;411
1;2025-11-01;22;194
1;2025-11-01;23;46
1;2025-11-02;0;0
1;2025-11-02;1;0
1;2025-11-02;2;0
1;2025-11-02;3;0
1;2025-11-02;4;0
1;2025-11-02;5;26
1;2025-11-02;6;132
1;2025-11-02;7;268
1;2025-11-02;8;372
1;2025-11-02;9;617
1;2025-11-02;10;719
1;2025-11-02;11;718
1;2025-11-02;12;857
1;2025-11-02;13;904
1;2025-11-02;14;801
1;2025-11-02;15;725
1;2025-11-02;16;667
1;2025-11-02;17;613
1;2025-11-02;18;558
1;2025-11-02;19;464
1;2025-11-02;20;358
1;2025-11-02;21;274
1;2025-11-02;22;108
1;2025-11-02;23;31
1;2025-11-03;0;0
1;2025-11-03;1;0
1;2025-11-03;2;0
1;2025-11-03;3;0
1;2025-11-03;4;0
1;2025-11-03;5;26
1;2025-11-03;6;130
1;2025-11-03;7;263
1;2025-11-03;8;365
1;2025-11-03;9;606
1;2025-11-03;10;706
1;2025-11-03;11;705
1;2025-11-03;12;841
1;2025-11-03;13;887
1;2025-11-03;14;786
1;2025-11-03;15;712
1;2025-11-03;16;655
1;2025-11-03;17;602
1;2025-11-03;18;547
1;2025-11-03;19;455
1;2025-11-03;20;352
1;2025-11-03;21;269
1;2025-11-03;22;106
1;2025-11-03;23;31
1;2025-11-04;0;0
1;2025-11-04;1;0
1;2025-11-04;2;0
1;2025-11-04;3;0
1;2025-11-04;4;0
1;2025-11-04;5;25
1;2025-11-04;6;128
1;2025-11-04;7;261
1;2025-11-04;8;361
1;2025-11-04;9;600
1;2025-11-04;10;699
1;2025-11-04;11;698
1;2025-11-04;12;833
1;2025-11-04;13;878
1;2025-11-04;14;779
1;2025-11-04;15;705
1;2025-11-04;16;648
1;2025-11-04;17;596
1;2025-11-04;18;542
1;2025-11-04;19;451
1;2025-11-04;20;348
1;2025-11-04;21;266
1;2025-11-04;22;105
1;2025-11-04;23;30
1;2025-11-05;0;5
1;2025-11-05;1;0
1;2025-11-05;2;0
1;2025-11-05;3;0
1;2025-11-05;4;10
1;2025-11-05;5;139
1;2025-11-05;6;575
1;2025-11-05;7;1614
1;2025-11-05;8;2078
1;2025-11-05;9;1556
1;2025-11-05;10;1410
1;2025-11-05;11;1416
1;2025-11-05;12;1457
1;2025-11-05;13;1502
1;2025-11-05;14;1443
1;2025-11-05;15;1604
1;2025-11-05;16;1626
1;2025-11-05;17;1894
1;2025-11-05;18;1969
1;2025-11-05;19;1491
1;2025-11-05;20;965
1;2025-11-05;21;518
1;2025-11-05;22;243
1;2025-11-05;23;50
1;2025-11-06;0;5
1;2025-11-06;1;0
1;2025-11-06;2;0
1;2025-11-06;3;0
1;2025-11-06;4;10
1;2025-11-06;5;136
1;2025-11-06;6;566
1;2025-11-06;7;1588
1;2025-11-06;8;2044
1;2025-11-06;9;1531
1;2025-11-06;10;1387
1;2025-11-06;11;1393
1;2025-11-06;12;1433
1;2025-11-06;13;1477
1;2025-11-06;14;1420
1;2025-11-06;15;1577
1;2025-11-06;16;1600
1;2025-11-06;17;1863
1;2025-11-06;18;1937
1;2025-11-06;19;1467
1;2025-11-06;20;949
1;2025-11-06;21;510
1;2025-11-06;22;239
1;2025-11-06;23;49
1;2025-11-07;0;5
1;2025-11-07;1;0
1;2025-11-07;2;0
1;2025-11-07;3;0
1;2025-11-07;4;8
1;2025-11-07;5;145
1;2025-11-07;6;541
1;2025-11-07;7;1600
1;2025-11-07;8;1950
1;2025-11-07;9;1488
1;2025-11-07;10;1374
1;2025-11-07;11;1467
1;2025-11-07;12;1435
1;2025-11-07;13;1496
1;2025-11-07;14;1418
1;2025-11-07;15;1610
1;2025-11-07;16;1693
1;2025-11-07;17;1861
1;2025-11-07;18;1623
1;2025-11-07;19;1274
1;2025-11-07;20;862
1;2025-11-07;21;527
1;2025-11-07;22;249
1;2025-11-07;23;59
1;2025-11-08;0;6
1;2025-11-08;1;0
1;2025-11-08;2;0
1;2025-11-08;3;0
1;2025-11-08;4;1
1;2025-11-08;5;37
1;2025-11-08;6;184
1;2025-11-08;7;382
1;2025-11-08;8;513
1;2025-11-08;9;815
1;2025-11-08;10;962
1;2025-11-08;11;906
1;2025-11-08;12;1116
1;2025-11-08;13;1141
1;2025-11-08;14;1073
1;2025-11-08;15;929
1;2025-11-08;16;844
1;2025-11-08;17;781
1;2025-11-08;18;705
1;2025-11-08;19;632
1;2025-11-08;20;471
1;2025-11-08;21;337
1;2025-11-08;22;155
1;2025-11-08;23;38
1;2025-11-09;0;0
1;2025-11-09;1;0
1;2025-11-09;2;0
1;2025-11-09;3;0
1;2025-11-09;4;0
1;2025-11-09;5;27
1;2025-11-09;6;136
1;2025-11-09;7;277
1;2025-11-09;8;383
1;2025-11-09;9;636
1;2025-11-09;10;741
1;2025-11-09;11;741
1;2025-11-09;12;884
1;2025-11-09;13;932
1;2025-11-09;14;826
1;2025-11-09;15;748
1;2025-11-09;16;688
1;2025-11-09;17;632
1;2025-11-09;18;575
1;2025-11-09;19;478
1;2025-11-09;20;370
1;2025-11-09;21;283
1;2025-11-09;22;111
1;2025-11-09;23;32
1;2025-11-10;0;5
1;2025-11-10;1;0
1;2025-11-10;2;0
1;2025-11-10;3;0
1;2025-11-10;4;10
1;2025-11-10;5;139
1;2025-11-10;6;575
1;2025-11-10;7;1614
1;2025-11-10;8;2078
1;2025-11-10;9;1556
1;2025-11-10;10;1410
1;2025-11-10;11;1416
1;2025-11-10;12;1457
1;2025-11-10;13;1502
1;2025-11-10;14;1443
1;2025-11-10;15;1604
1;2025-11-10;16;1626
1;2025-11-10;17;1894
1;2025-11-10;18;1969
1;2025-11-10;19;1491
1;2025-11-10;20;965
1;2025-11-10;21;518
1;2025-11-10;22;243
1;2025-11-10;23;50
1;2025-11-11;0;5
1;2025-11-11;1;0
1;2025-11-11;2;0
1;2025-11-11;3;0
1;2025-11-11;4;10
1;2025-11-11;5;139
1;2025-11-11;6;575
1;2025-11-11;7;1614
1;2025-11-11;8;2078
1;2025-11-11;9;1556
1;2025-11-11;10;1410
1;2025-11-11;11;1416
1;2025-11-11;12;1457
1;2025-11-11;13;1502
1;2025-11-11;14;1443
1;2025-11-11;15;1604
1;2025-11-11;16;1626
1;2025-11-11;17;1894
1;2025-11-11;18;1969
1;2025-11-11;19;1491
1;2025-11-11;20;965
1;2025-11-11;21;518
1;2025-11-11;22;243
1;2025-11-11;23;50
1;2025-11-12;0;5
1;2025-11-12;1;0
1;2025-11-12;2;0
1;2025-11-12;3;0
1;2025-11-12;4;10
1;2025-11-12;5;137
1;2025-11-12;6;569
1;2025-11-12;7;1597
1;2025-11-12;8;2055
1;2025-11-12;9;1539
1;2025-11-12;10;1394
1;2025-11-12;11;1400
1;2025-11-12;12;1441
1;2025-11-12;13;1485
1;2025-11-12;14;1428
1;2025-11-12;15;1586
1;2025-11-12;16;1609
1;2025-11-12;17;1874
1;2025-11-12;18;1948
1;2025-11-12;19;1475
1;2025-11-12;20;955
1;2025-11-12;21;513
1;2025-11-12;22;240
1;2025-11-12;23;49
1;2025-11-13;0;5
1;2025-11-13;1;0
1;2025-11-13;2;0
1;2025-11-13;3;0
1;2025-11-13;4;10
1;2025-11-13;5;139
1;2025-11-13;6;574
1;2025-11-13;7;1612
1;2025-11-13;8;2075
1;2025-11-13;9;1555
1;2025-11-13;10;1408
1;2025-11-13;11;1414
1;2025-11-13;12;1455
1;2025-11-13;13;1500
1;2025-11-13;14;1442
1;2025-11-13;15;1602
1;2025-11-13;16;1625
1;2025-11-13;17;1892
1;2025-11-13;18;1967
1;2025-11-13;19;1490
1;2025-11-13;20;964
1;2025-11-13;21;518
1;2025-11-13;22;242
1;2025-11-13;23;50
1;2025-11-14;0;5
1;2025-11-14;1;0
1;2025-11-14;2;0
1;2025-11-14;3;0
1;2025-11-14;4;8
1;2025-11-14;5;146
1;2025-11-14;6;542
1;2025-11-14;7;1604
1;2025-11-14;8;1954
1;2025-11-14;9;1491
1;2025-11-14;10;1377
1;2025-11-14;11;1470
1;2025-11-14;12;1438
1;2025-11-14;13;1499
1;2025-11-14;14;1421
1;2025-11-14;15;1613
1;2025-11-14;16;1697
1;2025-11-14;17;1865
1;2025-11-14;18;1626
1;2025-11-14;19;1277
1;2025-11-14;20;864
1;2025-11-14;21;529
1;2025-11-14;22;249
1;2025-11-14;23;59
1;2025-11-15;0;6
1;2025-11-15;1;0
1;2025-11-15;2;0
1;2025-11-15;3;0
1;2025-11-15;4;1
1;2025-11-15;5;34
1;2025-11-15;6;171
1;2025-11-15;7;356
1;2025-11-15;8;479
1;2025-11-15;9;760
1;2025-11-15;10;897
1;2025-11-15;11;846
1;2025-11-15;12;1042
1;2025-11-15;13;1065
1;2025-11-15;14;1001
1;2025-11-15;15;867
1;2025-11-15;16;787
1;2025-11-15;17;728
1;2025-11-15;18;657
1;2025-11-15;19;589
1;2025-11-15;20;439
1;2025-11-15;21;314
1;2025-11-15;22;145
1;2025-11-15;23;36
1;2025-11-16;0;0
1;2025-11-16;1;0
1;2025-11-16;2;0
1;2025-11-16;3;0
1;2025-11-16;4;0
1;2025-11-16;5;27
1;2025-11-16;6;136
1;2025-11-16;7;277
1;2025-11-16;8;383
1;2025-11-16;9;636
1;2025-11-16;10;741
1;2025-11-16;11;741
1;2025-11-16;12;884
1;2025-11-16;13;932
1;2025-11-16;14;826
1;2025-11-16;15;748
1;2025-11-16;16;688
1;2025-11-16;17;632
1;2025-11-16;18;575
1;2025-11-16;19;478
1;2025-11-16;20;370
1;2025-11-16;21;283
1;2025-11-16;22;111
1;2025-11-16;23;32
1;2025-11-17;0;5
1;2025-11-17;1;0
1;2025-11-17;2;0
1;2025-11-17;3;0
1;2025-11-17;4;9
1;2025-11-17;5;134
1;2025-11-17;6;557
1;2025-11-17;7;1564
1;2025-11-17;8;2012
1;2025-11-17;9;1508
1;2025-11-17;10;1366
1;2025-11-17;11;1371
1;2025-11-17;12;1411
1;2025-11-17;13;1455
1;2025-11-17;14;1398
1;2025-11-17;15;1553
1;2025-11-17;16;1575
1;2025-11-17;17;1835
1;2025-11-17;18;1907
1;2025-11-17;19;1445
1;2025-11-17;20;935
1;2025-11-17;21;502
1;2025-11-17;22;235
1;2025-11-17;23;48
1;2025-11-18;0;5
1;2025-11-18;1;0
1;2025-11-18;2;0
1;2025-11-18;3;0
1;2025-11-18;4;9
1;2025-11-18;5;132
1;2025-11-18;6;546
1;2025-11-18;7;1533
1;2025-11-18;8;1973
1;2025-11-18;9;1478
1;2025-11-18;10;1339
1;2025-11-18;11;1344
1;2025-11-18;12;1383
1;2025-11-18;13;1426
1;2025-11-18;14;1371
1;2025-11-18;15;1523
1;2025-11-18;16;1544
1;2025-11-18;17;1799
1;2025-11-18;18;1870
1;2025-11-18;19;1416
1;2025-11-18;20;917
1;2025-11-18;21;492
1;2025-11-18;22;231
1;2025-11-18;23;47
1;2025-11-19;0;5
1;2025-11-19;1;0
1;2025-11-19;2;0
1;2025-11-19;3;0
1;2025-11-19;4;10
1;2025-11-19;5;139
1;2025-11-19;6;575
1;2025-11-19;7;1614
1;2025-11-19;8;2078
1;2025-11-19;9;1556
1;2025-11-19;10;1410
1;2025-11-19;11;1416
1;2025-11-19;12;1457
1;2025-11-19;13;1502
1;2025-11-19;14;1443
1;2025-11-19;15;1604
1;2025-11-19;16;1626
1;2025-11-19;17;1894
1;2025-11-19;18;1969
1;2025-11-19;19;1491
1;2025-11-19;20;965
1;2025-11-19;21;518
1;2025-11-19;22;243
1;2025-11-19;23;50
1;2025-11-20;0;5
1;2025-11-20;1;0
1;2025-11-20;2;0
1;2025-11-20;3;0
1;2025-11-20;4;10
1;2025-11-20;5;139
1;2025-11-20;6;575
1;2025-11-20;7;1614
1;2025-11-20;8;2078
1;2025-11-20;9;1556
1;2025-11-20;10;1410
1;2025-11-20;11;1416
1;2025-11-20;12;1457
1;2025-11-20;13;1502
1;2025-11-20;14;1443
1;2025-11-20;15;1604
1;2025-11-20;16;1626
1;2025-11-20;17;1894
1;2025-11-20;18;1969
1;2025-11-20;19;1491
1;2025-11-20;20;965
1;2025-11-20;21;518
1;2025-11-20;22;243
1;2025-11-20;23;50
1;2025-11-21;0;5
1;2025-11-21;1;0
1;2025-11-21;2;0
1;2025-11-21;3;0
1;2025-11-21;4;8
1;2025-11-21;5;146
1;2025-11-21;6;542
1;2025-11-21;7;1604
1;2025-11-21;8;1954
1;2025-11-21;9;1491
1;2025-11-21;10;1377
1;2025-11-21;11;1470
1;2025-11-21;12;1438
1;2025-11-21;13;1499
1;2025-11-21;14;1421
1;2025-11-21;15;1613
1;2025-11-21;16;1697
1;2025-11-21;17;1865
1;2025-11-21;18;1626
1;2025-11-21;19;1277
1;2025-11-21;20;864
1;2025-11-21;21;529
1;2025-11-21;22;249
1;2025-11-21;23;59
1;2025-11-22;0;6
1;2025-11-22;1;0
1;2025-11-22;2;0
1;2025-11-22;3;0
1;2025-11-22;4;1
1;2025-11-22;5;36
1;2025-11-22;6;181
1;2025-11-22;7;377
1;2025-11-22;8;507
1;2025-11-22;9;805
1;2025-11-22;10;950
1;2025-11-22;11;895
1;2025-11-22;12;1103
1;2025-11-22;13;1127
1;2025-11-22;14;1060
1;2025-11-22;15;918
1;2025-11-22;16;834
1;2025-11-22;17;771
1;2025-11-22;18;696
1;2025-11-22;19;624
1;2025-11-22;20;465
1;2025-11-22;21;333
1;2025-11-22;22;153
1;2025-11-22;23;38
1;2025-11-23;0;0
1;2025-11-23;1;0
1;2025-11-23;2;0
1;2025-11-23;3;0
1;2025-11-23;4;0
1;2025-11-23;5;27
1;2025-11-23;6;136
1;2025-11-23;7;277
1;2025-11-23;8;383
1;2025-11-23;9;636
1;2025-11-23;10;741
1;2025-11-23;11;741
1;2025-11-23;12;884
1;2025-11-23;13;932
1;2025-11-23;14;826
1;2025-11-23;15;748
1;2025-11-23;16;688
1;2025-11-23;17;632
1;2025-11-23;18;575
1;2025-11-23;19;478
1;2025-11-23;20;370
1;2025-11-23;21;283
1;2025-11-23;22;111
1;2025-11-23;23;32
1;2025-11-24;0;5
1;2025-11-24;1;0
1;2025-11-24;2;0
1;2025-11-24;3;0
1;2025-11-24;4;9
1;2025-11-24;5;132
1;2025-11-24;6;549
1;2025-11-24;7;1541
1;2025-11-24;8;1984
1;2025-11-24;9;1486
1;2025-11-24;10;1346
1;2025-11-24;11;1352
1;2025-11-24;12;1391
1;2025-11-24;13;1434
1;2025-11-24;14;1378
1;2025-11-24;15;1531
1;2025-11-24;16;1553
1;2025-11-24;17;1809
1;2025-11-24;18;1880
1;2025-11-24;19;1424
1;2025-11-24;20;922
1;2025-11-24;21;495
1;2025-11-24;22;232
1;2025-11-24;23;47
1;2025-11-25;0;5
1;2025-11-25;1;0
1;2025-11-25;2;0
1;2025-11-25;3;0
1;2025-11-25;4;10
1;2025-11-25;5;139
1;2025-11-25;6;575
1;2025-11-25;7;1614
1;2025-11-25;8;2078
1;2025-11-25;9;1556
1;2025-11-25;10;1410
1;2025-11-25;11;1416
1;2025-11-25;12;1457
1;2025-11-25;13;1502
1;2025-11-25;14;1443
1;2025-11-25;15;1604
1;2025-11-25;16;1626
1;2025-11-25;17;1894
1;2025-11-25;18;1969
1;2025-11-25;19;1491
1;2025-11-25;20;965
1;2025-11-25;21;518
1;2025-11-25;22;243
1;2025-11-25;23;50
1;2025-11-26;0;5
1;2025-11-26;1;0
1;2025-11-26;2;0
1;2025-11-26;3;0
1;2025-11-26;4;9
1;2025-11-26;5;132
1;2025-11-26;6;547
1;2025-11-26;7;1536
1;2025-11-26;8;1977
1;2025-11-26;9;1481
1;2025-11-26;10;1342
1;2025-11-26;11;1347
1;2025-11-26;12;1386
1;2025-11-26;13;1429
1;2025-11-26;14;1374
1;2025-11-26;15;1526
1;2025-11-26;16;1548
1;2025-11-26;17;1803
1;2025-11-26;18;1874
1;2025-11-26;19;1419
1;2025-11-26;20;919
1;2025-11-26;21;493
1;2025-11-26;22;231
1;2025-11-26;23;47
1;2025-11-27;0;5
1;2025-11-27;1;0
1;2025-11-27;2;0
1;2025-11-27;3;0
1;2025-11-27;4;9
1;2025-11-27;5;133
1;2025-11-27;6;553
1;2025-11-27;7;1552
1;2025-11-27;8;1997
1;2025-11-27;9;1496
1;2025-11-27;10;1355
1;2025-11-27;11;1361
1;2025-11-27;12;1400
1;2025-11-27;13;1443
1;2025-11-27;14;1387
1;2025-11-27;15;1541
1;2025-11-27;16;1563
1;2025-11-27;17;1821
1;2025-11-27;18;1893
1;2025-11-27;19;1434
1;2025-11-27;20;928
1;2025-11-27;21;498
1;2025-11-27;22;233
1;2025-11-27;23;48
1;2025-11-28;0;5
1;2025-11-28;1;0
1;2025-11-28;2;0
1;2025-11-28;3;0
1;2025-11-28;4;8
1;2025-11-28;5;146
1;2025-11-28;6;544
1;2025-11-28;7;1609
1;2025-11-28;8;1961
1;2025-11-28;9;1496
1;2025-11-28;10;1381
1;2025-11-28;11;1475
1;2025-11-28;12;1443
1;2025-11-28;13;1504
1;2025-11-28;14;1426
1;2025-11-28;15;1619
1;2025-11-28;16;1703
1;2025-11-28;17;1871
1;2025-11-28;18;1632
1;2025-11-28;19;1281
1;2025-11-28;20;866
1;2025-11-28;21;530
1;2025-11-28;22;250
1;2025-11-28;23;59
1;2025-11-29;0;6
1;2025-11-29;1;0
1;2025-11-29;2;0
1;2025-11-29;3;0
1;2025-11-29;4;1
1;2025-11-29;5;37
1;2025-11-29;6;184
1;2025-11-29;7;382
1;2025-11-29;8;513
1;2025-11-29;9;815
1;2025-11-29;10;962
1;2025-11-29;11;906
1;2025-11-29;12;1116
1;2025-11-29;13;1141
1;2025-11-29;14;1073
1;2025-11-29;15;929
1;2025-11-29;16;844
1;2025-11-29;17;781
1;2025-11-29;18;705
1;2025-11-29;19;632
1;2025-11-29;20;471
1;2025-11-29;21;337
1;2025-11-29;22;155
1;2025-11-29;23;38
1;2025-11-30;0;0
1;2025-11-30;1;0
1;2025-11-30;2;0
1;2025-11-30;3;0
1;2025-11-30;4;0
1;2025-11-30;5;27
1;2025-11-30;6;136
1;2025-11-30;7;277
1;2025-11-30;8;383
1;2025-11-30;9;636
1;2025-11-30;10;741
1;2025-11-30;11;741
1;2025-11-30;12;884
1;2025-11-30;13;932
1;2025-11-30;14;826
1;2025-11-30;15;748
1;2025-11-30;16;688
1;2025-11-30;17;632
1;2025-11-30;18;575
1;2025-11-30;19;478
1;2025-11-30;20;370
1;2025-11-30;21;283
1;2025-11-30;22;111
1;2025-11-30;23;32
1;2025-12-01;0;5
1;2025-12-01;1;0
1;2025-12-01;2;0
1;2025-12-01;3;0
1;2025-12-01;4;10
1;2025-12-01;5;135
1;2025-12-01;6;558
1;2025-12-01;7;1567
1;2025-12-01;8;2017
1;2025-12-01;9;1511
1;2025-12-01;10;1369
1;2025-12-01;11;1375
1;2025-12-01;12;1414
1;2025-12-01;13;1458
1;2025-12-01;14;1401
1;2025-12-01;15;1557
1;2025-12-01;16;1579
1;2025-12-01;17;1839
1;2025-12-01;18;1912
1;2025-12-01;19;1448
1;2025-12-01;20;937
1;2025-12-01;21;503
1;2025-12-01;22;236
1;2025-12-01;23;48
1;2025-12-02;0;5
1;2025-12-02;1;0
1;2025-12-02;2;0
1;2025-12-02;3;0
1;2025-12-02;4;10
1;2025-12-02;5;135
1;2025-12-02;6;558
1;2025-12-02;7;1567
1;2025-12-02;8;2017
1;2025-12-02;9;1511
1;2025-12-02;10;1369
1;2025-12-02;11;1375
1;2025-12-02;12;1414
1;2025-12-02;13;1458
1;2025-12-02;14;1401
1;2025-12-02;15;1557
1;2025-12-02;16;1579
1;2025-12-02;17;1839
1;2025-12-02;18;1912
1;2025-12-02;19;1448
1;2025-12-02;20;937
1;2025-12-02;21;503
1;2025-12-02;22;236
1;2025-12-02;23;48
1;2025-12-03;0;5
1;2025-12-03;1;0
1;2025-12-03;2;0
1;2025-12-03;3;0
1;2025-12-03;4;10
1;2025-12-03;5;135
1;2025-12-03;6;558
1;2025-12-03;7;1567
1;2025-12-03;8;2017
1;2025-12-03;9;1511
1;2025-12-03;10;1369
1;2025-12-03;11;1375
1;2025-12-03;12;1414
1;2025-12-03;13;1458
1;2025-12-03;14;1401
1;2025-12-03;15;1557
1;2025-12-03;16;1579
1;2025-12-03;17;1839
1;2025-12-03;18;1912
1;2025-12-03;19;1448
1;2025-12-03;20;937
1;2025-12-03;21;503
1;2025-12-03;22;236
1;2025-12-03;23;48
1;2025-12-04;0;5
1;2025-12-04;1;0
1;2025-12-04;2;0
1;2025-12-04;3;0
1;2025-12-04;4;10
1;2025-12-04;5;135
1;2025-12-04;6;558
1;2025-12-04;7;1567
1;2025-12-04;8;2017
1;2025-12-04;9;1511
1;2025-12-04;10;1369
1;2025-12-04;11;1375
1;2025-12-04;12;1414
1;2025-12-04;13;1458
1;2025-12-04;14;1401
1;2025-12-04;15;1557
1;2025-12-04;16;1579
1;2025-12-04;17;1839
1;2025-12-04;18;1912
1;2025-12-04;19;1448
1;2025-12-04;20;937
1;2025-12-04;21;503
1;2025-12-04;22;236
1;2025-12-04;23;48
1;2025-12-05;0;5
1;2025-12-05;1;0
1;2025-12-05;2;0
1;2025-12-05;3;0
1;2025-12-05;4;7
1;2025-12-05;5;142
1;2025-12-05;6;528
1;2025-12-05;7;1562
1;2025-12-05;8;1903
1;2025-12-05;9;1452
1;2025-12-05;10;1341
1;2025-12-05;11;1432
1;2025-12-05;12;1401
1;2025-12-05;13;1460
1;2025-12-05;14;1384
1;2025-12-05;15;1572
1;2025-12-05;16;1653
1;2025-12-05;17;1817
1;2025-12-05;18;1584
1;2025-12-05;19;1244
1;2025-12-05;20;841
1;2025-12-05;21;515
1;2025-12-05;22;243
1;2025-12-05;23;57
1;2025-12-06;0;6
1;2025-12-06;1;0
1;2025-12-06;2;0
1;2025-12-06;3;0
1;2025-12-06;4;1
1;2025-12-06;5;35
1;2025-12-06;6;178
1;2025-12-06;7;371
1;2025-12-06;8;498
1;2025-12-06;9;791
1;2025-12-06;10;934
1;2025-12-06;11;880
1;2025-12-06;12;1084
1;2025-12-06;13;1108
1;2025-12-06;14;1042
1;2025-12-06;15;902
1;2025-12-06;16;819
1;2025-12-06;17;758
1;2025-12-06;18;684
1;2025-12-06;19;613
1;2025-12-06;20;457
1;2025-12-06;21;327
1;2025-12-06;22;151
1;2025-12-06;23;37
1;2025-12-07;0;0
1;2025-12-07;1;0
1;2025-12-07;2;0
1;2025-12-07;3;0
1;2025-12-07;4;0
1;2025-12-07;5;26
1;2025-12-07;6;132
1;2025-12-07;7;269
1;2025-12-07;8;372
1;2025-12-07;9;618
1;2025-12-07;10;720
1;2025-12-07;11;719
1;2025-12-07;12;858
1;2025-12-07;13;905
1;2025-12-07;14;802
1;2025-12-07;15;726
1;2025-12-07;16;668
1;2025-12-07;17;614
1;2025-12-07;18;558
1;2025-12-07;19;465
1;2025-12-07;20;359
1;2025-12-07;21;274
1;2025-12-07;22;108
1;2025-12-07;23;31
1;2025-12-08;0;5
1;2025-12-08;1;0
1;2025-12-08;2;0
1;2025-12-08;3;0
1;2025-12-08;4;10
1;2025-12-08;5;135
1;2025-12-08;6;558
1;2025-12-08;7;1567
1;2025-12-08;8;2017
1;2025-12-08;9;1511
1;2025-12-08;10;1369
1;2025-12-08;11;1375
1;2025-12-08;12;1414
1;2025-12-08;13;1458
1;2025-12-08;14;1401
1;2025-12-08;15;1557
1;2025-12-08;16;1579
1;2025-12-08;17;1839
1;2025-12-08;18;1912
1;2025-12-08;19;1448
1;2025-12-08;20;937
1;2025-12-08;21;503
1;2025-12-08;22;236
1;2025-12-08;23;48
1;2025-12-09;0;5
1;2025-12-09;1;0
1;2025-12-09;2;0
1;2025-12-09;3;0
1;2025-12-09;4;10
1;2025-12-09;5;135
1;2025-12-09;6;558
1;2025-12-09;7;1567
1;2025-12-09;8;2017
1;2025-12-09;9;1511
1;2025-12-09;10;1369
1;2025-12-09;11;1375
1;2025-12-09;12;1414
1;2025-12-09;13;1458
1;2025-12-09;14;1401
1;2025-12-09;15;1557
1;2025-12-09;16;1579
1;2025-12-09;17;1839
1;2025-12-09;18;1912
1;2025-12-09;19;1448
1;2025-12-09;20;937
1;2025-12-09;21;503
1;2025-12-09;22;236
1;2025-12-09;23;48
1;2025-12-10;0;5
1;2025-12-10;1;0
1;2025-12-10;2;0
1;2025-12-10;3;0
1;2025-12-10;4;9
1;2025-12-10;5;133
1;2025-12-10;6;553
1;2025-12-10;7;1553
1;2025-12-10;8;1999
1;2025-12-10;9;1498
1;2025-12-10;10;1357
1;2025-12-10;11;1363
1;2025-12-10;12;1402
1;2025-12-10;13;1445
1;2025-12-10;14;1389
1;2025-12-10;15;1543
1;2025-12-10;16;1565
1;2025-12-10;17;1823
1;2025-12-10;18;1895
1;2025-12-10;19;1435
1;2025-12-10;20;929
1;2025-12-10;21;499
1;2025-12-10;22;234
1;2025-12-10;23;48
1;2025-12-11;0;5
1;2025-12-11;1;0
1;2025-12-11;2;0
1;2025-12-11;3;0
1;2025-12-11;4;9
1;2025-12-11;5;129
1;2025-12-11;6;534
1;2025-12-11;7;1498
1;2025-12-11;8;1928
1;2025-12-11;9;1444
1;2025-12-11;10;1308
1;2025-12-11;11;1314
1;2025-12-11;12;1352
1;2025-12-11;13;1394
1;2025-12-11;14;1340
1;2025-12-11;15;1488
1;2025-12-11;16;1509
1;2025-12-11;17;1758
1;2025-12-11;18;1827
1;2025-12-11;19;1384
1;2025-12-11;20;896
1;2025-12-11;21;481
1;2025-12-11;22;225
1;2025-12-11;23;46
1;2025-12-12;0;5
1;2025-12-12;1;0
1;2025-12-12;2;0
1;2025-12-12;3;0
1;2025-12-12;4;7
1;2025-12-12;5;137
1;2025-12-12;6;509
1;2025-12-12;7;1505
1;2025-12-12;8;1834
1;2025-12-12;9;1399
1;2025-12-12;10;1292
1;2025-12-12;11;1380
1;2025-12-12;12;1350
1;2025-12-12;13;1407
1;2025-12-12;14;1333
1;2025-12-12;15;1514
1;2025-12-12;16;1592
1;2025-12-12;17;1750
1;2025-12-12;18;1526
1;2025-12-12;19;1198
1;2025-12-12;20;810
1;2025-12-12;21;496
1;2025-12-12;22;234
1;2025-12-12;23;55
1;2025-12-13;0;6
1;2025-12-13;1;0
1;2025-12-13;2;0
1;2025-12-13;3;0
1;2025-12-13;4;1
1;2025-12-13;5;35
1;2025-12-13;6;178
1;2025-12-13;7;369
1;2025-12-13;8;496
1;2025-12-13;9;788
1;2025-12-13;10;929
1;2025-12-13;11;876
1;2025-12-13;12;1079
1;2025-12-13;13;1103
1;2025-12-13;14;1037
1;2025-12-13;15;898
1;2025-12-13;16;816
1;2025-12-13;17;755
1;2025-12-13;18;681
1;2025-12-13;19;611
1;2025-12-13;20;455
1;2025-12-13;21;326
1;2025-12-13;22;150
1;2025-12-13;23;37
1;2025-12-14;0;0
1;2025-12-14;1;0
1;2025-12-14;2;0
1;2025-12-14;3;0
1;2025-12-14;4;0
1;2025-12-14;5;26
1;2025-12-14;6;132
1;2025-12-14;7;268
1;2025-12-14;8;372
1;2025-12-14;9;617
1;2025-12-14;10;719
1;2025-12-14;11;718
1;2025-12-14;12;857
1;2025-12-14;13;904
1;2025-12-14;14;801
1;2025-12-14;15;725
1;2025-12-14;16;667
1;2025-12-14;17;613
1;2025-12-14;18;558
1;2025-12-14;19;464
1;2025-12-14;20;358
1;2025-12-14;21;274
1;2025-12-14;22;108
1;2025-12-14;23;31
1;2025-12-15;0;5
1;2025-12-15;1;0
1;2025-12-15;2;0
1;2025-12-15;3;0
1;2025-12-15;4;10
1;2025-12-15;5;135
1;2025-12-15;6;558
1;2025-12-15;7;1566
1;2025-12-15;8;2015
1;2025-12-15;9;1509
1;2025-12-15;10;1367
1;2025-12-15;11;1373
1;2025-12-15;12;1413
1;2025-12-15;13;1456
1;2025-12-15;14;1400
1;2025-12-15;15;1555
1;2025-12-15;16;1577
1;2025-12-15;17;1837
1;2025-12-15;18;1910
1;2025-12-15;19;1446
1;2025-12-15;20;936
1;2025-12-15;21;503
1;2025-12-15;22;235
1;2025-12-15;23;48
1;2025-12-16;0;5
1;2025-12-16;1;0
1;2025-12-16;2;0
1;2025-12-16;3;0
1;2025-12-16;4;9
1;2025-12-16;5;133
1;2025-12-16;6;550
1;2025-12-16;7;1543
1;2025-12-16;8;1986
1;2025-12-16;9;1488
1;2025-12-16;10;1348
1;2025-12-16;11;1354
1;2025-12-16;12;1393
1;2025-12-16;13;1436
1;2025-12-16;14;1380
1;2025-12-16;15;1533
1;2025-12-16;16;1555
1;2025-12-16;17;1811
1;2025-12-16;18;1882
1;2025-12-16;19;1426
1;2025-12-16;20;923
1;2025-12-16;21;495
1;2025-12-16;22;232
1;2025-12-16;23;47
1;2025-12-17;0;5
1;2025-12-17;1;0
1;2025-12-17;2;0
1;2025-12-17;3;0
1;2025-12-17;4;10
1;2025-12-17;5;135
1;2025-12-17;6;558
1;2025-12-17;7;1567
1;2025-12-17;8;2017
1;2025-12-17;9;1511
1;2025-12-17;10;1369
1;2025-12-17;11;1375
1;2025-12-17;12;1414
1;2025-12-17;13;1458
1;2025-12-17;14;1401
1;2025-12-17;15;1557
1;2025-12-17;16;1579
1;2025-12-17;17;1839
1;2025-12-17;18;1912
1;2025-12-17;19;1448
1;2025-12-17;20;937
1;2025-12-17;21;503
1;2025-12-17;22;236
1;2025-12-17;23;48
1;2025-12-18;0;5
1;2025-12-18;1;0
1;2025-12-18;2;0
1;2025-12-18;3;0
1;2025-12-18;4;10
1;2025-12-18;5;135
1;2025-12-18;6;558
1;2025-12-18;7;1567
1;2025-12-18;8;2017
1;2025-12-18;9;1511
1;2025-12-18;10;1369
1;2025-12-18;11;1375
1;2025-12-18;12;1414
1;2025-12-18;13;1458
1;2025-12-18;14;1401
1;2025-12-18;15;1557
1;2025-12-18;16;1579
1;2025-12-18;17;1839
1;2025-12-18;18;1912
1;2025-12-18;19;1448
1;2025-12-18;20;937
1;2025-12-18;21;503
1;2025-12-18;22;236
1;2025-12-18;23;48
1;2025-12-19;0;5
1;2025-12-19;1;0
1;2025-12-19;2;0
1;2025-12-19;3;0
1;2025-12-19;4;7
1;2025-12-19;5;142
1;2025-12-19;6;527
1;2025-12-19;7;1559
1;2025-12-19;8;1899
1;2025-12-19;9;1449
1;2025-12-19;10;1338
1;2025-12-19;11;1429
1;2025-12-19;12;1398
1;2025-12-19;13;1457
1;2025-12-19;14;1381
1;2025-12-19;15;1568
1;2025-12-19;16;1649
1;2025-12-19;17;1813
1;2025-12-19;18;1581
1;2025-12-19;19;1241
1;2025-12-19;20;839
1;2025-12-19;21;514
1;2025-12-19;22;242
1;2025-12-19;23;57
1;2025-12-20;0;6
1;2025-12-20;1;0
1;2025-12-20;2;0
1;2025-12-20;3;0
1;2025-12-20;4;1
1;2025-12-20;5;35
1;2025-12-20;6;178
1;2025-12-20;7;371
1;2025-12-20;8;498
1;2025-12-20;9;791
1;2025-12-20;10;934
1;2025-12-20;11;880
1;2025-12-20;12;1084
1;2025-12-20;13;1108
1;2025-12-20;14;1042
1;2025-12-20;15;902
1;2025-12-20;16;819
1;2025-12-20;17;758
1;2025-12-20;18;684
1;2025-12-20;19;613
1;2025-12-20;20;457
1;2025-12-20;21;327
1;2025-12-20;22;151
1;2025-12-20;23;37
1;2025-12-21;0;0
1;2025-12-21;1;0
1;2025-12-21;2;0
1;2025-12-21;3;0
1;2025-12-21;4;0
1;2025-12-21;5;26
1;2025-12-21;6;132
1;2025-12-21;7;268
1;2025-12-21;8;370
1;2025-12-21;9;615
1;2025-12-21;10;717
1;2025-12-21;11;716
1;2025-12-21;12;854
1;2025-12-21;13;901
1;2025-12-21;14;798
1;2025-12-21;15;723
1;2025-12-21;16;665
1;2025-12-21;17;611
1;2025-12-21;18;556
1;2025-12-21;19;462
1;2025-12-21;20;357
1;2025-12-21;21;273
1;2025-12-21;22;108
1;2025-12-21;23;31
1;2025-12-22;0;5
1;2025-12-22;1;0
1;2025-12-22;2;0
1;2025-12-22;3;0
1;2025-12-22;4;9
1;2025-12-22;5;133
1;2025-12-22;6;553
1;2025-12-22;7;1553
1;2025-12-22;8;1999
1;2025-12-22;9;1498
1;2025-12-22;10;1357
1;2025-12-22;11;1363
1;2025-12-22;12;1402
1;2025-12-22;13;1445
1;2025-12-22;14;1389
1;2025-12-22;15;1543
1;2025-12-22;16;1565
1;2025-12-22;17;1823
1;2025-12-22;18;1895
1;2025-12-22;19;1435
1;2025-12-22;20;929
1;2025-12-22;21;499
1;2025-12-22;22;234
1;2025-12-22;23;48
1;2025-12-23;0;5
1;2025-12-23;1;0
1;2025-12-23;2;0
1;2025-12-23;3;0
1;2025-12-23;4;9
1;2025-12-23;5;130
1;2025-12-23;6;540
1;2025-12-23;7;1515
1;2025-12-23;8;1950
1;2025-12-23;9;1461
1;2025-12-23;10;1323
1;2025-12-23;11;1329
1;2025-12-23;12;1367
1;2025-12-23;13;1409
1;2025-12-23;14;1354
1;2025-12-23;15;1505
1;2025-12-23;16;1526
1;2025-12-23;17;1778
1;2025-12-23;18;1848
1;2025-12-23;19;1400
1;2025-12-23;20;906
1;2025-12-23;21;486
1;2025-12-23;22;228
1;2025-12-23;23;47
1;2025-12-24;0;5
1;2025-12-24;1;0
1;2025-12-24;2;0
1;2025-12-24;3;0
1;2025-12-24;4;9
1;2025-12-24;5;129
1;2025-12-24;6;537
1;2025-12-24;7;1507
1;2025-12-24;8;1939
1;2025-12-24;9;1453
1;2025-12-24;10;1316
1;2025-12-24;11;1321
1;2025-12-24;12;1360
1;2025-12-24;13;1401
1;2025-12-24;14;1347
1;2025-12-24;15;1497
1;2025-12-24;16;1518
1;2025-12-24;17;1768
1;2025-12-24;18;1838
1;2025-12-24;19;1392
1;2025-12-24;20;901
1;2025-12-24;21;484
1;2025-12-24;22;227
1;2025-12-24;23;46
1;2025-12-25;0;5
1;2025-12-25;1;0
1;2025-12-25;2;0
1;2025-12-25;3;0
1;2025-12-25;4;9
1;2025-12-25;5;132
1;2025-12-25;6;548
1;2025-12-25;7;1540
1;2025-12-25;8;1982
1;2025-12-25;9;1485
1;2025-12-25;10;1345
1;2025-12-25;11;1351
1;2025-12-25;12;1390
1;2025-12-25;13;1432
1;2025-12-25;14;1377
1;2025-12-25;15;1530
1;2025-12-25;16;1552
1;2025-12-25;17;1807
1;2025-12-25;18;1878
1;2025-12-25;19;1423
1;2025-12-25;20;921
1;2025-12-25;21;494
1;2025-12-25;22;232
1;2025-12-25;23;47
1;2025-12-26;0;4
1;2025-12-26;1;0
1;2025-12-26;2;0
1;2025-12-26;3;0
1;2025-12-26;4;7
1;2025-12-26;5;134
1;2025-12-26;6;499
1;2025-12-26;7;1477
1;2025-12-26;8;1800
1;2025-12-26;9;1373
1;2025-12-26;10;1268
1;2025-12-26;11;1354
1;2025-12-26;12;1325
1;2025-12-26;13;1381
1;2025-12-26;14;1309
1;2025-12-26;15;1486
1;2025-12-26;16;1563
1;2025-12-26;17;1718
1;2025-12-26;18;1498
1;2025-12-26;19;1176
1;2025-12-26;20;795
1;2025-12-26;21;487
1;2025-12-26;22;230
1;2025-12-26;23;54
1;2025-12-27;0;6
1;2025-12-27;1;0
1;2025-12-27;2;0
1;2025-12-27;3;0
1;2025-12-27;4;1
1;2025-12-27;5;35
1;2025-12-27;6;178
1;2025-12-27;7;370
1;2025-12-27;8;497
1;2025-12-27;9;789
1;2025-12-27;10;932
1;2025-12-27;11;878
1;2025-12-27;12;1082
1;2025-12-27;13;1105
1;2025-12-27;14;1039
1;2025-12-27;15;900
1;2025-12-27;16;817
1;2025-12-27;17;756
1;2025-12-27;18;683
1;2025-12-27;19;612
1;2025-12-27;20;456
1;2025-12-27;21;327
1;2025-12-27;22;151
1;2025-12-27;23;37
1;2025-12-28;0;0
1;2025-12-28;1;0
1;2025-12-28;2;0
1;2025-12-28;3;0
1;2025-12-28;4;0
1;2025-12-28;5;26
1;2025-12-28;6;129
1;2025-12-28;7;263
1;2025-12-28;8;364
1;2025-12-28;9;605
1;2025-12-28;10;705
1;2025-12-28;11;704
1;2025-12-28;12;840
1;2025-12-28;13;886
1;2025-12-28;14;785
1;2025-12-28;15;711
1;2025-12-28;16;654
1;2025-12-28;17;601
1;2025-12-28;18;547
1;2025-12-28;19;455
1;2025-12-28;20;351
1;2025-12-28;21;269
1;2025-12-28;22;106
1;2025-12-28;23;31
1;2025-12-29;0;5
1;2025-12-29;1;0
1;2025-12-29;2;0
1;2025-12-29;3;0
1;2025-12-29;4;7
1;2025-12-29;5;117
1;2025-12-29;6;482
1;2025-12-29;7;1355
1;2025-12-29;8;1744
1;2025-12-29;9;1306
1;2025-12-29;10;1183
1;2025-12-29;11;1189
1;2025-12-29;12;1222
1;2025-12-29;13;1260
1;2025-12-29;14;1212
1;2025-12-29;15;1347
1;2025-12-29;16;1365
1;2025-12-29;17;1591
1;2025-12-29;18;1654
1;2025-12-29;19;1251
1;2025-12-29;20;810
1;2025-12-29;21;435
1;2025-12-29;22;203
1;2025-12-29;23;41
1;2025-12-30;0;5
1;2025-12-30;1;0
1;2025-12-30;2;0
1;2025-12-30;3;0
1;2025-12-30;4;7
1;2025-12-30;5;114
1;2025-12-30;6;473
1;2025-12-30;7;1328
1;2025-12-30;8;1710
1;2025-12-30;9;1281
1;2025-12-30;10;1160
1;2025-12-30;11;1165
1;2025-12-30;12;1198
1;2025-12-30;13;1235
1;2025-12-30;14;1188
1;2025-12-30;15;1320
1;2025-12-30;16;1338
1;2025-12-30;17;1560
1;2025-12-30;18;1621
1;2025-12-30;19;1227
1;2025-12-30;20;794
1;2025-12-30;21;426
1;2025-12-30;22;199
1;2025-12-30;23;40
1;2025-12-31;0;3
1;2025-12-31;1;0
1;2025-12-31;2;0
1;2025-12-31;3;0
1;2025-12-31;4;0
1;2025-12-31;5;35
1;2025-12-31;6;154
1;2025-12-31;7;315
1;2025-12-31;8;449
1;2025-12-31;9;662
1;2025-12-31;10;850
1;2025-12-31;11;788
1;2025-12-31;12;986
1;2025-12-31;13;1046
1;2025-12-31;14;924
1;2025-12-31;15;814
1;2025-12-31;16;693
1;2025-12-31;17;680
1;2025-12-31;18;627
1;2025-12-31;19;517
1;2025-12-31;20;0
1;2025-12-31;21;0
1;2025-12-31;22;0
1;2025-12-31;23;0
5;2025-11-01;0;0
5;2025-11-01;1;0
5;2025-11-01;2;0
5;2025-11-01;3;0
5;2025-11-01;4;0
5;2025-11-01;5;0
5;2025-11-01;6;0
5;2025-11-01;7;0
5;2025-11-01;8;0
5;2025-11-01;9;0
5;2025-11-01;10;0
5;2025-11-01;11;0
5;2025-11-01;12;0
5;2025-11-01;13;0
5;2025-11-01;14;0
5;2025-11-01;15;0
5;2025-11-01;16;0
5;2025-11-01;17;0
5;2025-11-01;18;0
5;2025-11-01;19;0
5;2025-11-01;20;0
5;2025-11-01;21;0
5;2025-11-01;22;0
5;2025-11-01;23;0
5;2025-11-02;0;0
5;2025-11-02;1;0
5;2025-11-02;2;0
5;2025-11-02;3;0
5;2025-11-02;4;0
5;2025-11-02;5;0
5;2025-11-02;6;0
5;2025-11-02;7;0
5;2025-11-02;8;0
5;2025-11-02;9;0
5;2025-11-02;10;0
5;2025-11-02;11;0
5;2025-11-02;12;0
5;2025-11-02;13;0
5;2025-11-02;14;0
5;2025-11-02;15;0
5;2025-11-02;16;0
5;2025-11-02;17;0
5;2025-11-02;18;0
5;2025-11-02;19;0
5;2025-11-02;20;0
5;2025-11-02;21;0
5;2025-11-02;22;0
5;2025-11-02;23;0
5;2025-11-03;0;0
5;2025-11-03;1;0
5;2025-11-03;2;0
5;2025-11-03;3;0
5;2025-11-03;4;0
5;2025-11-03;5;0
5;2025-11-03;6;0
5;2025-11-03;7;0
5;2025-11-03;8;0
5;2025-11-03;9;0
5;2025-11-03;10;0
5;2025-11-03;11;0
5;2025-11-03;12;0
5;2025-11-03;13;0
5;2025-11-03;14;0
5;2025-11-03;15;0
5;2025-11-03;16;0
5;2025-11-03;17;0
5;2025-11-03;18;0
5;2025-11-03;19;0
5;2025-11-03;20;0
5;2025-11-03;21;0
5;2025-11-03;22;0
5;2025-11-03;23;0
5;2025-11-04;0;0
5;2025-11-04;1;0
5;2025-11-04;2;0
5;2025-11-04;3;0
5;2025-11-04;4;0
5;2025-11-04;5;0
5;2025-11-04;6;0
5;2025-11-04;7;0
5;2025-11-04;8;0
5;2025-11-04;9;0
5;2025-11-04;10;0
5;2025-11-04;11;0
5;2025-11-04;12;0
5;2025-11-04;13;0
5;2025-11-04;14;0
5;2025-11-04;15;0
5;2025-11-04;16;0
5;2025-11-04;17;0
5;2025-11-04;18;0
5;2025-11-04;19;0
5;2025-11-04;20;0
5;2025-11-04;21;0
5;2025-11-04;22;0
5;2025-11-04;23;0
5;2025-11-05;0;0
5;2025-11-05;1;0
5;2025-11-05;2;0
5;2025-11-05;3;0
5;2025-11-05;4;0
5;2025-11-05;5;0
5;2025-11-05;6;0
5;2025-11-05;7;0
5;2025-11-05;8;0
5;2025-11-05;9;0
5;2025-11-05;10;0
5;2025-11-05;11;0
5;2025-11-05;12;0
5;2025-11-05;13;0
5;2025-11-05;14;0
5;2025-11-05;15;0
5;2025-11-05;16;0
5;2025-11-05;17;0
5;2025-11-05;18;0
5;2025-11-05;19;0
5;2025-11-05;20;0
5;2025-11-05;21;0
5;2025-11-05;22;0
5;2025-11-05;23;0
5;2025-11-06;0;0
5;2025-11-06;1;0
5;2025-11-06;2;0
5;2025-11-06;3;0
5;2025-11-06;4;0
5;2025-11-06;5;0
5;2025-11-06;6;0
5;2025-11-06;7;0
5;2025-11-06;8;0
5;2025-11-06;9;0
5;2025-11-06;10;0
5;2025-11-06;11;0
5;2025-11-06;12;0
5;2025-11-06;13;0
5;2025-11-06;14;0
5;2025-11-06;15;0
5;2025-11-06;16;0
5;2025-11-06;17;0
5;2025-11-06;18;0
5;2025-11-06;19;0
5;2025-11-06;20;0
5;2025-11-06;21;0
5;2025-11-06;22;0
5;2025-11-06;23;0
5;2025-11-07;0;0
5;2025-11-07;1;0
5;2025-11-07;2;0
5;2025-11-07;3;0
5;2025-11-07;4;0
5;2025-11-07;5;0
5;2025-11-07;6;0
5;2025-11-07;7;0
5;2025-11-07;8;0
5;2025-11-07;9;0
5;2025-11-07;10;0
5;2025-11-07;11;0
5;2025-11-07;12;0
5;2025-11-07;13;0
5;2025-11-07;14;0
5;2025-11-07;15;0
5;2025-11-07;16;0
5;2025-11-07;17;0
5;2025-11-07;18;0
5;2025-11-07;19;0
5;2025-11-07;20;0
5;2025-11-07;21;0
5;2025-11-07;22;0
5;2025-11-07;23;0
5;2025-11-08;0;0
5;2025-11-08;1;0
5;2025-11-08;2;0
5;2025-11-08;3;0
5;2025-11-08;4;0
5;2025-11-08;5;0
5;2025-11-08;6;0
5;2025-11-08;7;0
5;2025-11-08;8;0
5;2025-11-08;9;0
5;2025-11-08;10;0
5;2025-11-08;11;0
5;2025-11-08;12;0
5;2025-11-08;13;0
5;2025-11-08;14;0
5;2025-11-08;15;0
5;2025-11-08;16;0
5;2025-11-08;17;0
5;2025-11-08;18;0
5;2025-11-08;19;0
5;2025-11-08;20;0
5;2025-11-08;21;0
5;2025-11-08;22;0
5;2025-11-08;23;0
5;2025-11-09;0;0
5;2025-11-09;1;0
5;2025-11-09;2;0
5;2025-11-09;3;0
5;2025-11-09;4;0
5;2025-11-09;5;0
5;2025-11-09;6;0
5;2025-11-09;7;0
5;2025-11-09;8;0
5;2025-11-09;9;0
5;2025-11-09;10;0
5;2025-11-09;11;0
5;2025-11-09;12;0
5;2025-11-09;13;0
5;2025-11-09;14;0
5;2025-11-09;15;0
5;2025-11-09;16;0
5;2025-11-09;17;0
5;2025-11-09;18;0
5;2025-11-09;19;0
5;2025-11-09;20;0
5;2025-11-09;21;0
5;2025-11-09;22;0
5;2025-11-09;23;0
5;2025-11-10;0;0
5;2025-11-10;1;0
5;2025-11-10;2;0
5;2025-11-10;3;0
5;2025-11-10;4;0
5;2025-11-10;5;0
5;2025-11-10;6;0
5;2025-11-10;7;0
5;2025-11-10;8;0
5;2025-11-10;9;0
5;2025-11-10;10;0
5;2025-11-10;11;0
5;2025-11-10;12;0
5;2025-11-10;13;0
5;2025-11-10;14;0
5;2025-11-10;15;0
5;2025-11-10;16;0
5;2025-11-10;17;0
5;2025-11-10;18;0
5;2025-11-10;19;0
5;2025-11-10;20;0
5;2025-11-10;21;0
5;2025-11-10;22;0
5;2025-11-10;23;0
5;2025-11-11;0;0
5;2025-11-11;1;0
5;2025-11-11;2;0
5;2025-11-11;3;0
5;2025-11-11;4;0
5;2025-11-11;5;0
5;2025-11-11;6;0
5;2025-11-11;7;0
5;2025-11-11;8;0
5;2025-11-11;9;0
5;2025-11-11;10;0
5;2025-11-11;11;0
5;2025-11-11;12;0
5;2025-11-11;13;0
5;2025-11-11;14;0
5;2025-11-11;15;0
5;2025-11-11;16;0
5;2025-11-11;17;0
5;2025-11-11;18;0
5;2025-11-11;19;0
5;2025-11-11;20;0
5;2025-11-11;21;0
5;2025-11-11;22;0
5;2025-11-11;23;0
5;2025-11-12;0;0
5;2025-11-12;1;0
5;2025-11-12;2;0
5;2025-11-12;3;0
5;2025-11-12;4;0
5;2025-11-12;5;0
5;2025-11-12;6;0
5;2025-11-12;7;0
5;2025-11-12;8;0
5;2025-11-12;9;0
5;2025-11-12;10;0
5;2025-11-12;11;0
5;2025-11-12;12;0
5;2025-11-12;13;0
5;2025-11-12;14;0
5;2025-11-12;15;0
5;2025-11-12;16;0
5;2025-11-12;17;0
5;2025-11-12;18;0
5;2025-11-12;19;0
5;2025-11-12;20;0
5;2025-11-12;21;0
5;2025-11-12;22;0
5;2025-11-12;23;0
5;2025-11-13;0;0
5;2025-11-13;1;0
5;2025-11-13;2;0
5;2025-11-13;3;0
5;2025-11-13;4;0
5;2025-11-13;5;0
5;2025-11-13;6;0
5;2025-11-13;7;0
5;2025-11-13;8;0
5;2025-11-13;9;0
5;2025-11-13;10;0
5;2025-11-13;11;0
5;2025-11-13;12;0
5;2025-11-13;13;0
5;2025-11-13;14;0
5;2025-11-13;15;0
5;2025-11-13;16;0
5;2025-11-13;17;0
5;2025-11-13;18;0
5;2025-11-13;19;0
5;2025-11-13;20;0
5;2025-11-13;21;0
5;2025-11-13;22;0
5;2025-11-13;23;0
5;2025-11-14;0;0
5;2025-11-14;1;0
5;2025-11-14;2;0
5;2025-11-14;3;0
5;2025-11-14;4;0
5;2025-11-14;5;0
5;2025-11-14;6;0
5;2025-11-14;7;0
5;2025-11-14;8;0
5;2025-11-14;9;0
5;2025-11-14;10;0
5;2025-11-14;11;0
5;2025-11-14;12;0
5;2025-11-14;13;0
5;2025-11-14;14;0
5;2025-11-14;15;0
5;2025-11-14;16;0
5;2025-11-14;17;0
5;2025-11-14;18;0
5;2025-11-14;19;0
5;2025-11-14;20;0
5;2025-11-14;21;0
5;2025-11-14;22;0
5;2025-11-14;23;0
5;2025-11-15;0;0
5;2025-11-15;1;0
5;2025-11-15;2;0
5;2025-11-15;3;0
5;2025-11-15;4;0
5;2025-11-15;5;0
5;2025-11-15;6;0
5;2025-11-15;7;0
5;2025-11-15;8;0
5;2025-11-15;9;0
5;2025-11-15;10;0
5;2025-11-15;11;0
5;2025-11-15;12;0
5;2025-11-15;13;0
5;2025-11-15;14;0
5;2025-11-15;15;0
5;2025-11-15;16;0
5;2025-11-15;17;0
5;2025-11-15;18;0
5;2025-11-15;19;0
5;2025-11-15;20;0
5;2025-11-15;21;0
5;2025-11-15;22;0
5;2025-11-15;23;0
5;2025-11-16;0;0
5;2025-11-16;1;0
5;2025-11-16;2;0
5;2025-11-16;3;0
5;2025-11-16;4;0
5;2025-11-16;5;0
5;2025-11-16;6;0
5;2025-11-16;7;0
5;2025-11-16;8;0
5;2025-11-16;9;0
5;2025-11-16;10;0
5;2025-11-16;11;0
5;2025-11-16;12;0
5;2025-11-16;13;0
5;2025-11-16;14;0
5;2025-11-16;15;0
5;2025-11-16;16;0
5;2025-11-16;17;0
5;2025-11-16;18;0
5;2025-11-16;19;0
5;2025-11-16;20;0
5;2025-11-16;21;0
5;2025-11-16;22;0
5;2025-11-16;23;0
5;2025-11-17;0;0
5;2025-11-17;1;0
5;2025-11-17;2;0
5;2025-11-17;3;0
5;2025-11-17;4;0
5;2025-11-17;5;0
5;2025-11-17;6;0
5;2025-11-17;7;0
5;2025-11-17;8;0
5;2025-11-17;9;0
5;2025-11-17;10;0
5;2025-11-17;11;0
5;2025-11-17;12;0
5;2025-11-17;13;0
5;2025-11-17;14;0
5;2025-11-17;15;0
5;2025-11-17;16;0
5;2025-11-17;17;0
5;2025-11-17;18;0
5;2025-11-17;19;0
5;2025-11-17;20;0
5;2025-11-17;21;0
5;2025-11-17;22;0
5;2025-11-17;23;0
5;2025-11-18;0;0
5;2025-11-18;1;0
5;2025-11-18;2;0
5;2025-11-18;3;0
5;2025-11-18;4;0
5;2025-11-18;5;0
5;2025-11-18;6;0
5;2025-11-18;7;0
5;2025-11-18;8;0
5;2025-11-18;9;0
5;2025-11-18;10;0
5;2025-11-18;11;0
5;2025-11-18;12;0
5;2025-11-18;13;0
5;2025-11-18;14;0
5;2025-11-18;15;0
5;2025-11-18;16;0
5;2025-11-18;17;0
5;2025-11-18;18;0
5;2025-11-18;19;0
5;2025-11-18;20;0
5;2025-11-18;21;0
5;2025-11-18;22;0
5;2025-11-18;23;0
5;2025-11-19;0;0
5;2025-11-19;1;0
5;2025-11-19;2;0
5;2025-11-19;3;0
5;2025-11-19;4;0
5;2025-11-19;5;0
5;2025-11-19;6;0
5;2025-11-19;7;0
5;2025-11-19;8;0
5;2025-11-19;9;0
5;2025-11-19;10;0
5;2025-11-19;11;0
5;2025-11-19;12;0
5;2025-11-19;13;0
5;2025-11-19;14;0
5;2025-11-19;15;0
5;2025-11-19;16;0
5;2025-11-19;17;0
5;2025-11-19;18;0
5;2025-11-19;19;0
5;2025-11-19;20;0
5;2025-11-19;21;0
5;2025-11-19;22;0
5;2025-11-19;23;0
5;2025-11-20;0;0
5;2025-11-20;1;0
5;2025-11-20;2;0
5;2025-11-20;3;0
5;2025-11-20;4;0
5;2025-11-20;5;0
5;2025-11-20;6;0
5;2025-11-20;7;0
5;2025-11-20;8;0
5;2025-11-20;9;0
5;2025-11-20;10;0
5;2025-11-20;11;0
5;2025-11-20;12;0
5;2025-11-20;13;0
5;2025-11-20;14;0
5;2025-11-20;15;0
5;2025-11-20;16;0
5;2025-11-20;17;0
5;2025-11-20;18;0
5;2025-11-20;19;0
5;2025-11-20;20;0
5;2025-11-20;21;0
5;2025-11-20;22;0
5;2025-11-20;23;0
5;2025-11-21;0;0
5;2025-11-21;1;0
5;2025-11-21;2;0
5;2025-11-21;3;0
5;2025-11-21;4;0
5;2025-11-21;5;0
5;2025-11-21;6;0
5;2025-11-21;7;0
5;2025-11-21;8;0
5;2025-11-21;9;0
5;2025-11-21;10;0
5;2025-11-21;11;0
5;2025-11-21;12;0
5;2025-11-21;13;0
5;2025-11-21;14;0
5;2025-11-21;15;0
5;2025-11-21;16;0
5;2025-11-21;17;0
5;2025-11-21;18;0
5;2025-11-21;19;0
5;2025-11-21;20;0
5;2025-11-21;21;0
5;2025-11-21;22;0
5;2025-11-21;23;0
5;2025-11-22;0;0
5;2025-11-22;1;0
5;2025-11-22;2;0
5;2025-11-22;3;0
5;2025-11-22;4;0
5;2025-11-22;5;0
5;2025-11-22;6;0
5;2025-11-22;7;0
5;2025-11-22;8;0
5;2025-11-22;9;0
5;2025-11-22;10;0
5;2025-11-22;11;0
5;2025-11-22;12;0
5;2025-11-22;13;0
5;2025-11-22;14;0
5;2025-11-22;15;0
5;2025-11-22;16;0
5;2025-11-22;17;0
5;2025-11-22;18;0
5;2025-11-22;19;0
5;2025-11-22;20;0
5;2025-11-22;21;0
5;2025-11-22;22;0
5;2025-11-22;23;0
5;2025-11-23;0;0
5;2025-11-23;1;0
5;2025-11-23;2;0
5;2025-11-23;3;0
5;2025-11-23;4;0
5;2025-11-23;5;0
5;2025-11-23;6;0
5;2025-11-23;7;0
5;2025-11-23;8;0
5;2025-11-23;9;0
5;2025-11-23;10;0
5;2025-11-23;11;0
5;2025-11-23;12;0
5;2025-11-23;13;0
5;2025-11-23;14;0
5;2025-11-23;15;0
5;2025-11-23;16;0
5;2025-11-23;17;0
5;2025-11-23;18;0
5;2025-11-23;19;0
5;2025-11-23;20;0
5;2025-11-23;21;0
5;2025-11-23;22;0
5;2025-11-23;23;0
5;2025-11-24;0;0
5;2025-11-24;1;0
5;2025-11-24;2;0
5;2025-11-24;3;0
5;2025-11-24;4;0
5;2025-11-24;5;0
5;2025-11-24;6;0
5;2025-11-24;7;0
5;2025-11-24;8;0
5;2025-11-24;9;0
5;2025-11-24;10;0
5;2025-11-24;11;0
5;2025-11-24;12;0
5;2025-11-24;13;0
5;2025-11-24;14;0
5;2025-11-24;15;0
5;2025-11-24;16;0
5;2025-11-24;17;0
5;2025-11-24;18;0
5;2025-11-24;19;0
5;2025-11-24;20;0
5;2025-11-24;21;0
5;2025-11-24;22;0
5;2025-11-24;23;0
5;2025-11-25;0;0
5;2025-11-25;1;0
5;2025-11-25;2;0
5;2025-11-25;3;0
5;2025-11-25;4;0
5;2025-11-25;5;0
5;2025-11-25;6;0
5;2025-11-25;7;0
5;2025-11-25;8;0
5;2025-11-25;9;0
5;2025-11-25;10;0
5;2025-11-25;11;0
5;2025-11-25;12;0
5;2025-11-25;13;0
5;2025-11-25;14;0
5;2025-11-25;15;0
5;2025-11-25;16;0
5;2025-11-25;17;0
5;2025-11-25;18;0
5;2025-11-25;19;0
5;2025-11-25;20;0
5;2025-11-25;21;0
5;2025-11-25;22;0
5;2025-11-25;23;0
5;2025-11-26;0;0
5;2025-11-26;1;0
5;2025-11-26;2;0
5;2025-11-26;3;0
5;2025-11-26;4;0
5;2025-11-26;5;0
5;2025-11-26;6;0
5;2025-11-26;7;0
5;2025-11-26;8;0
5;2025-11-26;9;0
5;2025-11-26;10;0
5;2025-11-26;11;0
5;2025-11-26;12;0
5;2025-11-26;13;0
5;2025-11-26;14;0
5;2025-11-26;15;0
5;2025-11-26;16;0
5;2025-11-26;17;0
5;2025-11-26;18;0
5;2025-11-26;19;0
5;2025-11-26;20;0
5;2025-11-26;21;0
5;2025-11-26;22;0
5;2025-11-26;23;0
5;2025-11-27;0;0
5;2025-11-27;1;0
5;2025-11-27;2;0
5;2025-11-27;3;0
5;2025-11-27;4;0
5;2025-11-27;5;0
5;2025-11-27;6;0
5;2025-11-27;7;0
5;2025-11-27;8;0
5;2025-11-27;9;0
5;2025-11-27;10;0
5;2025-11-27;11;0
5;2025-11-27;12;0
5;2025-11-27;13;0
5;2025-11-27;14;0
5;2025-11-27;15;0
5;2025-11-27;16;0
5;2025-11-27;17;0
5;2025-11-27;18;0
5;2025-11-27;19;0
5;2025-11-27;20;0
5;2025-11-27;21;0
5;2025-11-27;22;0
5;2025-11-27;23;0
5;2025-11-28;0;0
5;2025-11-28;1;0
5;2025-11-28;2;0
5;2025-11-28;3;0
5;2025-11-28;4;0
5;2025-11-28;5;0
5;2025-11-28;6;0
5;2025-11-28;7;0
5;2025-11-28;8;0
5;2025-11-28;9;0
5;2025-11-28;10;0
5;2025-11-28;11;0
5;2025-11-28;12;0
5;2025-11-28;13;0
5;2025-11-28;14;0
5;2025-11-28;15;0
5;2025-11-28;16;0
5;2025-11-28;17;0
5;2025-11-28;18;0
5;2025-11-28;19;0
5;2025-11-28;20;0
5;2025-11-28;21;0
5;2025-11-28;22;0
5;2025-11-28;23;0
5;2025-11-29;0;0
5;2025-11-29;1;0
5;2025-11-29;2;0
5;2025-11-29;3;0
5;2025-11-29;4;0
5;2025-11-29;5;0
5;2025-11-29;6;0
5;2025-11-29;7;0
5;2025-11-29;8;0
5;2025-11-29;9;0
5;2025-11-29;10;0
5;2025-11-29;11;0
5;2025-11-29;12;0
5;2025-11-29;13;0
5;2025-11-29;14;0
5;2025-11-29;15;0
5;2025-11-29;16;0
5;2025-11-29;17;0
5;2025-11-29;18;0
5;2025-11-29;19;0
5;2025-11-29;20;0
5;2025-11-29;21;0
5;2025-11-29;22;0
5;2025-11-29;23;0
5;2025-11-30;0;0
5;2025-11-30;1;0
5;2025-11-30;2;0
5;2025-11-30;3;0
5;2025-11-30;4;0
5;2025-11-30;5;0
5;2025-11-30;6;0
5;2025-11-30;7;0
5;2025-11-30;8;0
5;2025-11-30;9;0
5;2025-11-30;10;0
5;2025-11-30;11;0
5;2025-11-30;12;0
5;2025-11-30;13;0
5;2025-11-30;14;0
5;2025-11-30;15;0
5;2025-11-30;16;0
5;2025-11-30;17;0
5;2025-11-30;18;0
5;2025-11-30;19;0
5;2025-11-30;20;0
5;2025-11-30;21;0
5;2025-11-30;22;0
5;2025-11-30;23;0
5;2025-12-01;0;0
5;2025-12-01;1;0
5;2025-12-01;2;0
5;2025-12-01;3;0
5;2025-12-01;4;0
5;2025-12-01;5;0
5;2025-12-01;6;0
5;2025-12-01;7;0
5;2025-12-01;8;0
5;2025-12-01;9;0
5;2025-12-01;10;0
5;2025-12-01;11;0
5;2025-12-01;12;0
5;2025-12-01;13;0
5;2025-12-01;14;0
5;2025-12-01;15;0
5;2025-12-01;16;0
5;2025-12-01;17;0
5;2025-12-01;18;0
5;2025-12-01;19;0
5;2025-12-01;20;0
5;2025-12-01;21;0
5;2025-12-01;22;0
5;2025-12-01;23;0
5;2025-12-02;0;0
5;2025-12-02;1;0
5;2025-12-02;2;0
5;2025-12-02;3;0
5;2025-12-02;4;0
5;2025-12-02;5;0
5;2025-12-02;6;0
5;2025-12-02;7;0
5;2025-12-02;8;0
5;2025-12-02;9;0
5;2025-12-02;10;0
5;2025-12-02;11;0
5;2025-12-02;12;0
5;2025-12-02;13;0
5;2025-12-02;14;0
5;2025-12-02;15;0
5;2025-12-02;16;0
5;2025-12-02;17;0
5;2025-12-02;18;0
5;2025-12-02;19;0
5;2025-12-02;20;0
5;2025-12-02;21;0
5;2025-12-02;22;0
5;2025-12-02;23;0
5;2025-12-03;0;0
5;2025-12-03;1;0
5;2025-12-03;2;0
5;2025-12-03;3;0
5;2025-12-03;4;0
5;2025-12-03;5;0
5;2025-12-03;6;0
5;2025-12-03;7;0
5;2025-12-03;8;0
5;2025-12-03;9;0
5;2025-12-03;10;0
5;2025-12-03;11;0
5;2025-12-03;12;0
5;2025-12-03;13;0
5;2025-12-03;14;0
5;2025-12-03;15;0
5;2025-12-03;16;0
5;2025-12-03;17;0
5;2025-12-03;18;0
5;2025-12-03;19;0
5;2025-12-03;20;0
5;2025-12-03;21;0
5;2025-12-03;22;0
5;2025-12-03;23;0
5;2025-12-04;0;0
5;2025-12-04;1;0
5;2025-12-04;2;0
5;2025-12-04;3;0
5;2025-12-04;4;0
5;2025-12-04;5;0
5;2025-12-04;6;0
5;2025-12-04;7;0
5;2025-12-04;8;0
5;2025-12-04;9;0
5;2025-12-04;10;0
5;2025-12-04;11;0
5;2025-12-04;12;0
5;2025-12-04;13;0
5;2025-12-04;14;0
5;2025-12-04;15;0
5;2025-12-04;16;0
5;2025-12-04;17;0
5;2025-12-04;18;0
5;2025-12-04;19;0
5;2025-12-04;20;0
5;2025-12-04;21;0
5;2025-12-04;22;0
5;2025-12-04;23;0
5;2025-12-05;0;0
5;2025-12-05;1;0
5;2025-12-05;2;0
5;2025-12-05;3;0
5;2025-12-05;4;0
5;2025-12-05;5;0
5;2025-12-05;6;0
5;2025-12-05;7;0
5;2025-12-05;8;0
5;2025-12-05;9;0
5;2025-12-05;10;0
5;2025-12-05;11;0
5;2025-12-05;12;0
5;2025-12-05;13;0
5;2025-12-05;14;0
5;2025-12-05;15;0
5;2025-12-05;16;0
5;2025-12-05;17;0
5;2025-12-05;18;0
5;2025-12-05;19;0
5;2025-12-05;20;0
5;2025-12-05;21;0
5;2025-12-05;22;0
5;2025-12-05;23;0
5;2025-12-06;0;0
5;2025-12-06;1;0
5;2025-12-06;2;0
5;2025-12-06;3;0
5;2025-12-06;4;0
5;2025-12-06;5;0
5;2025-12-06;6;0
5;2025-12-06;7;0
5;2025-12-06;8;0
5;2025-12-06;9;0
5;2025-12-06;10;0
5;2025-12-06;11;0
5;2025-12-06;12;0
5;2025-12-06;13;0
5;2025-12-06;14;0
5;2025-12-06;15;0
5;2025-12-06;16;0
5;2025-12-06;17;0
5;2025-12-06;18;0
5;2025-12-06;19;0
5;2025-12-06;20;0
5;2025-12-06;21;0
5;2025-12-06;22;0
5;2025-12-06;23;0
5;2025-12-07;0;0
5;2025-12-07;1;0
5;2025-12-07;2;0
5;2025-12-07;3;0
5;2025-12-07;4;0
5;2025-12-07;5;0
5;2025-12-07;6;0
5;2025-12-07;7;0
5;2025-12-07;8;0
5;2025-12-07;9;0
5;2025-12-07;10;0
5;2025-12-07;11;0
5;2025-12-07;12;0
5;2025-12-07;13;0
5;2025-12-07;14;0
5;2025-12-07;15;0
5;2025-12-07;16;0
5;2025-12-07;17;0
5;2025-12-07;18;0
5;2025-12-07;19;0
5;2025-12-07;20;0
5;2025-12-07;21;0
5;2025-12-07;22;0
5;2025-12-07;23;0
5;2025-12-08;0;0
5;2025-12-08;1;0
5;2025-12-08;2;0
5;2025-12-08;3;0
5;2025-12-08;4;0
5;2025-12-08;5;0
5;2025-12-08;6;0
5;2025-12-08;7;0
5;2025-12-08;8;0
5;2025-12-08;9;0
5;2025-12-08;10;0
5;2025-12-08;11;0
5;2025-12-08;12;0
5;2025-12-08;13;0
5;2025-12-08;14;0
5;2025-12-08;15;0
5;2025-12-08;16;0
5;2025-12-08;17;0
5;2025-12-08;18;0
5;2025-12-08;19;0
5;2025-12-08;20;0
5;2025-12-08;21;0
5;2025-12-08;22;0
5;2025-12-08;23;0
5;2025-12-09;0;0
5;2025-12-09;1;0
5;2025-12-09;2;0
5;2025-12-09;3;0
5;2025-12-09;4;0
5;2025-12-09;5;0
5;2025-12-09;6;0
5;2025-12-09;7;0
5;2025-12-09;8;0
5;2025-12-09;9;0
5;2025-12-09;10;0
5;2025-12-09;11;0
5;2025-12-09;12;0
5;2025-12-09;13;0
5;2025-12-09;14;0
5;2025-12-09;15;0
5;2025-12-09;16;0
5;2025-12-09;17;0
5;2025-12-09;18;0
5;2025-12-09;19;0
5;2025-12-09;20;0
5;2025-12-09;21;0
5;2025-12-09;22;0
5;2025-12-09;23;0
5;2025-12-10;0;0
5;2025-12-10;1;0
5;2025-12-10;2;0
5;2025-12-10;3;0
5;2025-12-10;4;0
5;2025-12-10;5;0
5;2025-12-10;6;0
5;2025-12-10;7;0
5;2025-12-10;8;0
5;2025-12-10;9;0
5;2025-12-10;10;0
5;2025-12-10;11;0
5;2025-12-10;12;0
5;2025-12-10;13;0
5;2025-12-10;14;0
5;2025-12-10;15;0
5;2025-12-10;16;0
5;2025-12-10;17;0
5;2025-12-10;18;0
5;2025-12-10;19;0
5;2025-12-10;20;0
5;2025-12-10;21;0
5;2025-12-10;22;0
5;2025-12-10;23;0
5;2025-12-11;0;0
5;2025-12-11;1;0
5;2025-12-11;2;0
5;2025-12-11;3;0
5;2025-12-11;4;0
5;2025-12-11;5;0
5;2025-12-11;6;0
5;2025-12-11;7;0
5;2025-12-11;8;0
5;2025-12-11;9;0
5;2025-12-11;10;0
5;2025-12-11;11;0
5;2025-12-11;12;0
5;2025-12-11;13;0
5;2025-12-11;14;0
5;2025-12-11;15;0
5;2025-12-11;16;0
5;2025-12-11;17;0
5;2025-12-11;18;0
5;2025-12-11;19;0
5;2025-12-11;20;0
5;2025-12-11;21;0
5;2025-12-11;22;0
5;2025-12-11;23;0
5;2025-12-12;0;0
5;2025-12-12;1;0
5;2025-12-12;2;0
5;2025-12-12;3;0
5;2025-12-12;4;0
5;2025-12-12;5;0
5;2025-12-12;6;0
5;2025-12-12;7;0
5;2025-12-12;8;0
5;2025-12-12;9;0
5;2025-12-12;10;0
5;2025-12-12;11;0
5;2025-12-12;12;0
5;2025-12-12;13;0
5;2025-12-12;14;0
5;2025-12-12;15;0
5;2025-12-12;16;0
5;2025-12-12;17;0
5;2025-12-12;18;0
5;2025-12-12;19;0
5;2025-12-12;20;0
5;2025-12-12;21;0
5;2025-12-12;22;0
5;2025-12-12;23;0
5;2025-12-13;0;0
5;2025-12-13;1;0
5;2025-12-13;2;0
5;2025-12-13;3;0
5;2025-12-13;4;0
5;2025-12-13;5;0
5;2025-12-13;6;0
5;2025-12-13;7;0
5;2025-12-13;8;0
5;2025-12-13;9;0
5;2025-12-13;10;0
5;2025-12-13;11;0
5;2025-12-13;12;0
5;2025-12-13;13;0
5;2025-12-13;14;0
5;2025-12-13;15;0
5;2025-12-13;16;0
5;2025-12-13;17;0
5;2025-12-13;18;0
5;2025-12-13;19;0
5;2025-12-13;20;0
5;2025-12-13;21;0
5;2025-12-13;22;0
5;2025-12-13;23;0
5;2025-12-14;0;0
5;2025-12-14;1;0
5;2025-12-14;2;0
5;2025-12-14;3;0
5;2025-12-14;4;0
5;2025-12-14;5;0
5;2025-12-14;6;0
5;2025-12-14;7;0
5;2025-12-14;8;0
5;2025-12-14;9;0
5;2025-12-14;10;0
5;2025-12-14;11;0
5;2025-12-14;12;0
5;2025-12-14;13;0
5;2025-12-14;14;0
5;2025-12-14;15;0
5;2025-12-14;16;0
5;2025-12-14;17;0
5;2025-12-14;18;0
5;2025-12-14;19;0
5;2025-12-14;20;0
5;2025-12-14;21;0
5;2025-12-14;22;0
5;2025-12-14;23;0
5;2025-12-15;0;0
5;2025-12-15;1;0
5;2025-12-15;2;0
5;2025-12-15;3;0
5;2025-12-15;4;0
5;2025-12-15;5;0
5;2025-12-15;6;0
5;2025-12-15;7;0
5;2025-12-15;8;0
5;2025-12-15;9;0
5;2025-12-15;10;0
5;2025-12-15;11;0
5;2025-12-15;12;0
5;2025-12-15;13;0
5;2025-12-15;14;0
5;2025-12-15;15;0
5;2025-12-15;16;0
5;2025-12-15;17;0
5;2025-12-15;18;0
5;2025-12-15;19;0
5;2025-12-15;20;0
5;2025-12-15;21;0
5;2025-12-15;22;0
5;2025-12-15;23;0
5;2025-12-16;0;0
5;2025-12-16;1;0
5;2025-12-16;2;0
5;2025-12-16;3;0
5;2025-12-16;4;0
5;2025-12-16;5;0
5;2025-12-16;6;0
5;2025-12-16;7;0
5;2025-12-16;8;0
5;2025-12-16;9;0
5;2025-12-16;10;0
5;2025-12-16;11;0
5;2025-12-16;12;0
5;2025-12-16;13;0
5;2025-12-16;14;0
5;2025-12-16;15;0
5;2025-12-16;16;0
5;2025-12-16;17;0
5;2025-12-16;18;502
5;2025-12-16;19;377
5;2025-12-16;20;263
5;2025-12-16;21;163
5;2025-12-16;22;67
5;2025-12-16;23;9
5;2025-12-17;0;1
5;2025-12-17;1;0
5;2025-12-17;2;0
5;2025-12-17;3;0
5;2025-12-17;4;1
5;2025-12-17;5;41
5;2025-12-17;6;136
5;2025-12-17;7;410
5;2025-12-17;8;637
5;2025-12-17;9;435
5;2025-12-17;10;320
5;2025-12-17;11;290
5;2025-12-17;12;353
5;2025-12-17;13;364
5;2025-12-17;14;336
5;2025-12-17;15;352
5;2025-12-17;16;440
5;2025-12-17;17;506
5;2025-12-17;18;502
5;2025-12-17;19;377
5;2025-12-17;20;263
5;2025-12-17;21;163
5;2025-12-17;22;67
5;2025-12-17;23;9
5;2025-12-18;0;1
5;2025-12-18;1;0
5;2025-12-18;2;0
5;2025-12-18;3;0
5;2025-12-18;4;1
5;2025-12-18;5;41
5;2025-12-18;6;136
5;2025-12-18;7;410
5;2025-12-18;8;637
5;2025-12-18;9;435
5;2025-12-18;10;320
5;2025-12-18;11;290
5;2025-12-18;12;353
5;2025-12-18;13;364
5;2025-12-18;14;336
5;2025-12-18;15;352
5;2025-12-18;16;440
5;2025-12-18;17;506
5;2025-12-18;18;502
5;2025-12-18;19;377
5;2025-12-18;20;263
5;2025-12-18;21;163
5;2025-12-18;22;67
5;2025-12-18;23;9
5;2025-12-19;0;1
5;2025-12-19;1;0
5;2025-12-19;2;0
5;2025-12-19;3;0
5;2025-12-19;4;1
5;2025-12-19;5;42
5;2025-12-19;6;145
5;2025-12-19;7;437
5;2025-12-19;8;667
5;2025-12-19;9;451
5;2025-12-19;10;340
5;2025-12-19;11;315
5;2025-12-19;12;397
5;2025-12-19;13;388
5;2025-12-19;14;380
5;2025-12-19;15;394
5;2025-12-19;16;510
5;2025-12-19;17;539
5;2025-12-19;18;454
5;2025-12-19;19;347
5;2025-12-19;20;251
5;2025-12-19;21;174
5;2025-12-19;22;76
5;2025-12-19;23;11
5;2025-12-20;0;1
5;2025-12-20;1;0
5;2025-12-20;2;0
5;2025-12-20;3;0
5;2025-12-20;4;0
5;2025-12-20;5;18
5;2025-12-20;6;52
5;2025-12-20;7;111
5;2025-12-20;8;190
5;2025-12-20;9;229
5;2025-12-20;10;240
5;2025-12-20;11;245
5;2025-12-20;12;286
5;2025-12-20;13;297
5;2025-12-20;14;296
5;2025-12-20;15;294
5;2025-12-20;16;284
5;2025-12-20;17;288
5;2025-12-20;18;248
5;2025-12-20;19;203
5;2025-12-20;20;152
5;2025-12-20;21;135
5;2025-12-20;22;64
5;2025-12-20;23;9
5;2025-12-21;0;2
5;2025-12-21;1;0
5;2025-12-21;2;0
5;2025-12-21;3;0
5;2025-12-21;4;0
5;2025-12-21;5;16
5;2025-12-21;6;43
5;2025-12-21;7;80
5;2025-12-21;8;129
5;2025-12-21;9;177
5;2025-12-21;10;197
5;2025-12-21;11;217
5;2025-12-21;12;238
5;2025-12-21;13;278
5;2025-12-21;14;268
5;2025-12-21;15;266
5;2025-12-21;16;248
5;2025-12-21;17;250
5;2025-12-21;18;218
5;2025-12-21;19;190
5;2025-12-21;20;151
5;2025-12-21;21;125
5;2025-12-21;22;56
5;2025-12-21;23;7
5;2025-12-22;0;1
5;2025-12-22;1;0
5;2025-12-22;2;0
5;2025-12-22;3;0
5;2025-12-22;4;1
5;2025-12-22;5;41
5;2025-12-22;6;136
5;2025-12-22;7;410
5;2025-12-22;8;637
5;2025-12-22;9;435
5;2025-12-22;10;320
5;2025-12-22;11;290
5;2025-12-22;12;353
5;2025-12-22;13;364
5;2025-12-22;14;336
5;2025-12-22;15;352
5;2025-12-22;16;440
5;2025-12-22;17;506
5;2025-12-22;18;502
5;2025-12-22;19;377
5;2025-12-22;20;263
5;2025-12-22;21;163
5;2025-12-22;22;67
5;2025-12-22;23;9
5;2025-12-23;0;1
5;2025-12-23;1;0
5;2025-12-23;2;0
5;2025-12-23;3;0
5;2025-12-23;4;1
5;2025-12-23;5;41
5;2025-12-23;6;136
5;2025-12-23;7;410
5;2025-12-23;8;637
5;2025-12-23;9;435
5;2025-12-23;10;320
5;2025-12-23;11;290
5;2025-12-23;12;353
5;2025-12-23;13;364
5;2025-12-23;14;336
5;2025-12-23;15;352
5;2025-12-23;16;440
5;2025-12-23;17;506
5;2025-12-23;18;502
5;2025-12-23;19;377
5;2025-12-23;20;263
5;2025-12-23;21;163
5;2025-12-23;22;67
5;2025-12-23;23;9
5;2025-12-24;0;1
5;2025-12-24;1;0
5;2025-12-24;2;0
5;2025-12-24;3;0
5;2025-12-24;4;1
5;2025-12-24;5;41
5;2025-12-24;6;136
5;2025-12-24;7;410
5;2025-12-24;8;637
5;2025-12-24;9;435
5;2025-12-24;10;320
5;2025-12-24;11;290
5;2025-12-24;12;353
5;2025-12-24;13;364
5;2025-12-24;14;336
5;2025-12-24;15;352
5;2025-12-24;16;440
5;2025-12-24;17;506
5;2025-12-24;18;502
5;2025-12-24;19;377
5;2025-12-24;20;263
5;2025-12-24;21;163
5;2025-12-24;22;67
5;2025-12-24;23;9
5;2025-12-25;0;1
5;2025-12-25;1;0
5;2025-12-25;2;0
5;2025-12-25;3;0
5;2025-12-25;4;1
5;2025-12-25;5;41
5;2025-12-25;6;136
5;2025-12-25;7;410
5;2025-12-25;8;637
5;2025-12-25;9;435
5;2025-12-25;10;320
5;2025-12-25;11;290
5;2025-12-25;12;353
5;2025-12-25;13;364
5;2025-12-25;14;336
5;2025-12-25;15;352
5;2025-12-25;16;440
5;2025-12-25;17;506
5;2025-12-25;18;502
5;2025-12-25;19;377
5;2025-12-25;20;263
5;2025-12-25;21;163
5;2025-12-25;22;67
5;2025-12-25;23;9
5;2025-12-26;0;1
5;2025-12-26;1;0
5;2025-12-26;2;0
5;2025-12-26;3;0
5;2025-12-26;4;1
5;2025-12-26;5;42
5;2025-12-26;6;145
5;2025-12-26;7;437
5;2025-12-26;8;667
5;2025-12-26;9;451
5;2025-12-26;10;340
5;2025-12-26;11;315
5;2025-12-26;12;397
5;2025-12-26;13;388
5;2025-12-26;14;380
5;2025-12-26;15;394
5;2025-12-26;16;510
5;2025-12-26;17;539
5;2025-12-26;18;454
5;2025-12-26;19;347
5;2025-12-26;20;251
5;2025-12-26;21;174
5;2025-12-26;22;76
5;2025-12-26;23;11
5;2025-12-27;0;1
5;2025-12-27;1;0
5;2025-12-27;2;0
5;2025-12-27;3;0
5;2025-12-27;4;0
5;2025-12-27;5;18
5;2025-12-27;6;52
5;2025-12-27;7;111
5;2025-12-27;8;190
5;2025-12-27;9;229
5;2025-12-27;10;240
5;2025-12-27;11;245
5;2025-12-27;12;286
5;2025-12-27;13;297
5;2025-12-27;14;296
5;2025-12-27;15;294
5;2025-12-27;16;284
5;2025-12-27;17;288
5;2025-12-27;18;248
5;2025-12-27;19;203
5;2025-12-27;20;152
5;2025-12-27;21;135
5;2025-12-27;22;64
5;2025-12-27;23;9
5;2025-12-28;0;2
5;2025-12-28;1;0
5;2025-12-28;2;0
5;2025-12-28;3;0
5;2025-12-28;4;0
5;2025-12-28;5;16
5;2025-12-28;6;43
5;2025-12-28;7;80
5;2025-12-28;8;129
5;2025-12-28;9;177
5;2025-12-28;10;197
5;2025-12-28;11;217
5;2025-12-28;12;238
5;2025-12-28;13;278
5;2025-12-28;14;268
5;2025-12-28;15;266
5;2025-12-28;16;248
5;2025-12-28;17;250
5;2025-12-28;18;218
5;2025-12-28;19;190
5;2025-12-28;20;151
5;2025-12-28;21;125
5;2025-12-28;22;56
5;2025-12-28;23;7
5;2025-12-29;0;1
5;2025-12-29;1;0
5;2025-12-29;2;0
5;2025-12-29;3;0
5;2025-12-29;4;1
5;2025-12-29;5;36
5;2025-12-29;6;120
5;2025-12-29;7;360
5;2025-12-29;8;561
5;2025-12-29;9;383
5;2025-12-29;10;282
5;2025-12-29;11;255
5;2025-12-29;12;311
5;2025-12-29;13;320
5;2025-12-29;14;296
5;2025-12-29;15;310
5;2025-12-29;16;388
5;2025-12-29;17;445
5;2025-12-29;18;441
5;2025-12-29;19;332
5;2025-12-29;20;232
5;2025-12-29;21;143
5;2025-12-29;22;59
5;2025-12-29;23;8
5;2025-12-30;0;1
5;2025-12-30;1;0
5;2025-12-30;2;0
5;2025-12-30;3;0
5;2025-12-30;4;1
5;2025-12-30;5;36
5;2025-12-30;6;120
5;2025-12-30;7;360
5;2025-12-30;8;561
5;2025-12-30;9;383
5;2025-12-30;10;282
5;2025-12-30;11;255
5;2025-12-30;12;311
5;2025-12-30;13;320
5;2025-12-30;14;296
5;2025-12-30;15;310
5;2025-12-30;16;388
5;2025-12-30;17;445
5;2025-12-30;18;441
5;2025-12-30;19;332
5;2025-12-30;20;232
5;2025-12-30;21;143
5;2025-12-30;22;59
5;2025-12-30;23;8
5;2025-12-31;0;1
5;2025-12-31;1;0
5;2025-12-31;2;0
5;2025-12-31;3;0
5;2025-12-31;4;1
5;2025-12-31;5;16
5;2025-12-31;6;47
5;2025-12-31;7;90
5;2025-12-31;8;163
5;2025-12-31;9;180
5;2025-12-31;10;195
5;2025-12-31;11;199
5;2025-12-31;12;250
5;2025-12-31;13;242
5;2025-12-31;14;228
5;2025-12-31;15;247
5;2025-12-31;16;258
5;2025-12-31;17;232
5;2025-12-31;18;203
5;2025-12-31;19;148
5;2025-12-31;20;0
5;2025-12-31;21;0
5;2025-12-31;22;0
5;2025-12-31;23;0
7;2025-11-01;0;111
7;2025-11-01;1;25
7;2025-11-01;2;0
7;2025-11-01;3;0
7;2025-11-01;4;1
7;2025-11-01;5;149
7;2025-11-01;6;524
7;2025-11-01;7;1271
7;2025-11-01;8;1877
7;2025-11-01;9;1407
7;2025-11-01;10;1276
7;2025-11-01;11;1217
7;2025-11-01;12;1291
7;2025-11-01;13;1339
7;2025-11-01;14;1401
7;2025-11-01;15;1497
7;2025-11-01;16;1665
7;2025-11-01;17;1843
7;2025-11-01;18;1668
7;2025-11-01;19;1184
7;2025-11-01;20;832
7;2025-11-01;21;506
7;2025-11-01;22;285
7;2025-11-01;23;188
7;2025-11-02;0;78
7;2025-11-02;1;18
7;2025-11-02;2;0
7;2025-11-02;3;0
7;2025-11-02;4;1
7;2025-11-02;5;26
7;2025-11-02;6;134
7;2025-11-02;7;197
7;2025-11-02;8;355
7;2025-11-02;9;461
7;2025-11-02;10;452
7;2025-11-02;11;598
7;2025-11-02;12;664
7;2025-11-02;13;676
7;2025-11-02;14;727
7;2025-11-02;15;707
7;2025-11-02;16;652
7;2025-11-02;17;662
7;2025-11-02;18;617
7;2025-11-02;19;501
7;2025-11-02;20;417
7;2025-11-02;21;319
7;2025-11-02;22;177
7;2025-11-02;23;111
7;2025-11-03;0;77
7;2025-11-03;1;18
7;2025-11-03;2;0
7;2025-11-03;3;0
7;2025-11-03;4;1
7;2025-11-03;5;26
7;2025-11-03;6;131
7;2025-11-03;7;194
7;2025-11-03;8;348
7;2025-11-03;9;452
7;2025-11-03;10;444
7;2025-11-03;11;586
7;2025-11-03;12;652
7;2025-11-03;13;664
7;2025-11-03;14;714
7;2025-11-03;15;694
7;2025-11-03;16;640
7;2025-11-03;17;649
7;2025-11-03;18;606
7;2025-11-03;19;492
7;2025-11-03;20;409
7;2025-11-03;21;313
7;2025-11-03;22;173
7;2025-11-03;23;109
7;2025-11-04;0;76
7;2025-11-04;1;18
7;2025-11-04;2;0
7;2025-11-04;3;0
7;2025-11-04;4;1
7;2025-11-04;5;26
7;2025-11-04;6;130
7;2025-11-04;7;192
7;2025-11-04;8;345
7;2025-11-04;9;448
7;2025-11-04;10;439
7;2025-11-04;11;581
7;2025-11-04;12;646
7;2025-11-04;13;657
7;2025-11-04;14;707
7;2025-11-04;15;687
7;2025-11-04;16;633
7;2025-11-04;17;643
7;2025-11-04;18;600
7;2025-11-04;19;487
7;2025-11-04;20;405
7;2025-11-04;21;310
7;2025-11-04;22;172
7;2025-11-04;23;108
7;2025-11-05;0;66
7;2025-11-05;1;12
7;2025-11-05;2;0
7;2025-11-05;3;0
7;2025-11-05;4;1
7;2025-11-05;5;216
7;2025-11-05;6;762
7;2025-11-05;7;1824
7;2025-11-05;8;2779
7;2025-11-05;9;2057
7;2025-11-05;10;1784
7;2025-11-05;11;1622
7;2025-11-05;12;1722
7;2025-11-05;13;1683
7;2025-11-05;14;1787
7;2025-11-05;15;1935
7;2025-11-05;16;2033
7;2025-11-05;17;2593
7;2025-11-05;18;2857
7;2025-11-05;19;1918
7;2025-11-05;20;1210
7;2025-11-05;21;703
7;2025-11-05;22;352
7;2025-11-05;23;209
7;2025-11-06;0;65
7;2025-11-06;1;12
7;2025-11-06;2;0
7;2025-11-06;3;0
7;2025-11-06;4;1
7;2025-11-06;5;213
7;2025-11-06;6;750
7;2025-11-06;7;1794
7;2025-11-06;8;2733
7;2025-11-06;9;2023
7;2025-11-06;10;1755
7;2025-11-06;11;1595
7;2025-11-06;12;1694
7;2025-11-06;13;1656
7;2025-11-06;14;1757
7;2025-11-06;15;1903
7;2025-11-06;16;2000
7;2025-11-06;17;2551
7;2025-11-06;18;2811
7;2025-11-06;19;1887
7;2025-11-06;20;1191
7;2025-11-06;21;691
7;2025-11-06;22;346
7;2025-11-06;23;205
7;2025-11-07;0;70
7;2025-11-07;1;13
7;2025-11-07;2;0
7;2025-11-07;3;0
7;2025-11-07;4;2
7;2025-11-07;5;190
7;2025-11-07;6;671
7;2025-11-07;7;1629
7;2025-11-07;8;2403
7;2025-11-07;9;1802
7;2025-11-07;10;1633
7;2025-11-07;11;1559
7;2025-11-07;12;1654
7;2025-11-07;13;1714
7;2025-11-07;14;1792
7;2025-11-07;15;1916
7;2025-11-07;16;2132
7;2025-11-07;17;2359
7;2025-11-07;18;2136
7;2025-11-07;19;1516
7;2025-11-07;20;1064
7;2025-11-07;21;648
7;2025-11-07;22;365
7;2025-11-07;23;241
7;2025-11-08;0;93
7;2025-11-08;1;20
7;2025-11-08;2;0
7;2025-11-08;3;0
7;2025-11-08;4;1
7;2025-11-08;5;47
7;2025-11-08;6;246
7;2025-11-08;7;345
7;2025-11-08;8;623
7;2025-11-08;9;624
7;2025-11-08;10;672
7;2025-11-08;11;772
7;2025-11-08;12;948
7;2025-11-08;13;928
7;2025-11-08;14;952
7;2025-11-08;15;895
7;2025-11-08;16;857
7;2025-11-08;17;846
7;2025-11-08;18;802
7;2025-11-08;19;720
7;2025-11-08;20;559
7;2025-11-08;21;434
7;2025-11-08;22;233
7;2025-11-08;23;161
7;2025-11-09;0;81
7;2025-11-09;1;19
7;2025-11-09;2;0
7;2025-11-09;3;0
7;2025-11-09;4;1
7;2025-11-09;5;27
7;2025-11-09;6;138
7;2025-11-09;7;203
7;2025-11-09;8;366
7;2025-11-09;9;475
7;2025-11-09;10;466
7;2025-11-09;11;616
7;2025-11-09;12;685
7;2025-11-09;13;697
7;2025-11-09;14;750
7;2025-11-09;15;729
7;2025-11-09;16;672
7;2025-11-09;17;682
7;2025-11-09;18;636
7;2025-11-09;19;517
7;2025-11-09;20;430
7;2025-11-09;21;329
7;2025-11-09;22;182
7;2025-11-09;23;115
7;2025-11-10;0;66
7;2025-11-10;1;12
7;2025-11-10;2;0
7;2025-11-10;3;0
7;2025-11-10;4;1
7;2025-11-10;5;216
7;2025-11-10;6;762
7;2025-11-10;7;1824
7;2025-11-10;8;2779
7;2025-11-10;9;2057
7;2025-11-10;10;1784
7;2025-11-10;11;1622
7;2025-11-10;12;1722
7;2025-11-10;13;1683
7;2025-11-10;14;1787
7;2025-11-10;15;1935
7;2025-11-10;16;2033
7;2025-11-10;17;2593
7;2025-11-10;18;2857
7;2025-11-10;19;1918
7;2025-11-10;20;1210
7;2025-11-10;21;703
7;2025-11-10;22;352
7;2025-11-10;23;209
7;2025-11-11;0;66
7;2025-11-11;1;12
7;2025-11-11;2;0
7;2025-11-11;3;0
7;2025-11-11;4;1
7;2025-11-11;5;216
7;2025-11-11;6;762
7;2025-11-11;7;1824
7;2025-11-11;8;2779
7;2025-11-11;9;2057
7;2025-11-11;10;1784
7;2025-11-11;11;1622
7;2025-11-11;12;1722
7;2025-11-11;13;1683
7;2025-11-11;14;1787
7;2025-11-11;15;1935
7;2025-11-11;16;2033
7;2025-11-11;17;2593
7;2025-11-11;18;2857
7;2025-11-11;19;1918
7;2025-11-11;20;1210
7;2025-11-11;21;703
7;2025-11-11;22;352
7;2025-11-11;23;209
7;2025-11-12;0;66
7;2025-11-12;1;12
7;2025-11-12;2;0
7;2025-11-12;3;0
7;2025-11-12;4;1
7;2025-11-12;5;214
7;2025-11-12;6;754
7;2025-11-12;7;1804
7;2025-11-12;8;2748
7;2025-11-12;9;2034
7;2025-11-12;10;1764
7;2025-11-12;11;1604
7;2025-11-12;12;1703
7;2025-11-12;13;1665
7;2025-11-12;14;1767
7;2025-11-12;15;1914
7;2025-11-12;16;2011
7;2025-11-12;17;2565
7;2025-11-12;18;2826
7;2025-11-12;19;1897
7;2025-11-12;20;1197
7;2025-11-12;21;695
7;2025-11-12;22;348
7;2025-11-12;23;207
7;2025-11-13;0;66
7;2025-11-13;1;12
7;2025-11-13;2;0
7;2025-11-13;3;0
7;2025-11-13;4;1
7;2025-11-13;5;216
7;2025-11-13;6;761
7;2025-11-13;7;1822
7;2025-11-13;8;2776
7;2025-11-13;9;2055
7;2025-11-13;10;1782
7;2025-11-13;11;1620
7;2025-11-13;12;1720
7;2025-11-13;13;1682
7;2025-11-13;14;1785
7;2025-11-13;15;1933
7;2025-11-13;16;2031
7;2025-11-13;17;2590
7;2025-11-13;18;2854
7;2025-11-13;19;1916
7;2025-11-13;20;1209
7;2025-11-13;21;702
7;2025-11-13;22;351
7;2025-11-13;23;209
7;2025-11-14;0;70
7;2025-11-14;1;13
7;2025-11-14;2;0
7;2025-11-14;3;0
7;2025-11-14;4;2
7;2025-11-14;5;191
7;2025-11-14;6;673
7;2025-11-14;7;1632
7;2025-11-14;8;2408
7;2025-11-14;9;1806
7;2025-11-14;10;1637
7;2025-11-14;11;1562
7;2025-11-14;12;1657
7;2025-11-14;13;1718
7;2025-11-14;14;1796
7;2025-11-14;15;1920
7;2025-11-14;16;2137
7;2025-11-14;17;2364
7;2025-11-14;18;2141
7;2025-11-14;19;1519
7;2025-11-14;20;1067
7;2025-11-14;21;649
7;2025-11-14;22;366
7;2025-11-14;23;241
7;2025-11-15;0;103
7;2025-11-15;1;23
7;2025-11-15;2;0
7;2025-11-15;3;0
7;2025-11-15;4;0
7;2025-11-15;5;59
7;2025-11-15;6;284
7;2025-11-15;7;461
7;2025-11-15;8;708
7;2025-11-15;9;852
7;2025-11-15;10;952
7;2025-11-15;11;986
7;2025-11-15;12;1136
7;2025-11-15;13;1276
7;2025-11-15;14;1284
7;2025-11-15;15;1194
7;2025-11-15;16;1139
7;2025-11-15;17;1141
7;2025-11-15;18;1053
7;2025-11-15;19;1057
7;2025-11-15;20;791
7;2025-11-15;21;611
7;2025-11-15;22;357
7;2025-11-15;23;210
7;2025-11-16;0;96
7;2025-11-16;1;14
7;2025-11-16;2;0
7;2025-11-16;3;0
7;2025-11-16;4;1
7;2025-11-16;5;41
7;2025-11-16;6;217
7;2025-11-16;7;340
7;2025-11-16;8;554
7;2025-11-16;9;702
7;2025-11-16;10;810
7;2025-11-16;11;960
7;2025-11-16;12;1084
7;2025-11-16;13;1118
7;2025-11-16;14;1280
7;2025-11-16;15;1154
7;2025-11-16;16;955
7;2025-11-16;17;1086
7;2025-11-16;18;912
7;2025-11-16;19;884
7;2025-11-16;20;675
7;2025-11-16;21;533
7;2025-11-16;22;311
7;2025-11-16;23;175
7;2025-11-17;0;64
7;2025-11-17;1;12
7;2025-11-17;2;0
7;2025-11-17;3;0
7;2025-11-17;4;1
7;2025-11-17;5;209
7;2025-11-17;6;738
7;2025-11-17;7;1767
7;2025-11-17;8;2691
7;2025-11-17;9;1992
7;2025-11-17;10;1728
7;2025-11-17;11;1571
7;2025-11-17;12;1668
7;2025-11-17;13;1631
7;2025-11-17;14;1731
7;2025-11-17;15;1874
7;2025-11-17;16;1969
7;2025-11-17;17;2512
7;2025-11-17;18;2768
7;2025-11-17;19;1858
7;2025-11-17;20;1172
7;2025-11-17;21;681
7;2025-11-17;22;341
7;2025-11-17;23;202
7;2025-11-18;0;63
7;2025-11-18;1;12
7;2025-11-18;2;0
7;2025-11-18;3;0
7;2025-11-18;4;1
7;2025-11-18;5;205
7;2025-11-18;6;724
7;2025-11-18;7;1732
7;2025-11-18;8;2639
7;2025-11-18;9;1953
7;2025-11-18;10;1694
7;2025-11-18;11;1540
7;2025-11-18;12;1635
7;2025-11-18;13;1599
7;2025-11-18;14;1697
7;2025-11-18;15;1838
7;2025-11-18;16;1931
7;2025-11-18;17;2462
7;2025-11-18;18;2713
7;2025-11-18;19;1821
7;2025-11-18;20;1149
7;2025-11-18;21;668
7;2025-11-18;22;334
7;2025-11-18;23;198
7;2025-11-19;0;66
7;2025-11-19;1;12
7;2025-11-19;2;0
7;2025-11-19;3;0
7;2025-11-19;4;1
7;2025-11-19;5;216
7;2025-11-19;6;762
7;2025-11-19;7;1824
7;2025-11-19;8;2779
7;2025-11-19;9;2057
7;2025-11-19;10;1784
7;2025-11-19;11;1622
7;2025-11-19;12;1722
7;2025-11-19;13;1683
7;2025-11-19;14;1787
7;2025-11-19;15;1935
7;2025-11-19;16;2033
7;2025-11-19;17;2593
7;2025-11-19;18;2857
7;2025-11-19;19;1918
7;2025-11-19;20;1210
7;2025-11-19;21;703
7;2025-11-19;22;352
7;2025-11-19;23;209
7;2025-11-20;0;66
7;2025-11-20;1;12
7;2025-11-20;2;0
7;2025-11-20;3;0
7;2025-11-20;4;1
7;2025-11-20;5;216
7;2025-11-20;6;762
7;2025-11-20;7;1824
7;2025-11-20;8;2779
7;2025-11-20;9;2057
7;2025-11-20;10;1784
7;2025-11-20;11;1622
7;2025-11-20;12;1722
7;2025-11-20;13;1683
7;2025-11-20;14;1787
7;2025-11-20;15;1935
7;2025-11-20;16;2033
7;2025-11-20;17;2593
7;2025-11-20;18;2857
7;2025-11-20;19;1918
7;2025-11-20;20;1210
7;2025-11-20;21;703
7;2025-11-20;22;352
7;2025-11-20;23;209
7;2025-11-21;0;70
7;2025-11-21;1;13
7;2025-11-21;2;0
7;2025-11-21;3;0
7;2025-11-21;4;2
7;2025-11-21;5;191
7;2025-11-21;6;673
7;2025-11-21;7;1632
7;2025-11-21;8;2408
7;2025-11-21;9;1806
7;2025-11-21;10;1637
7;2025-11-21;11;1562
7;2025-11-21;12;1657
7;2025-11-21;13;1718
7;2025-11-21;14;1796
7;2025-11-21;15;1920
7;2025-11-21;16;2137
7;2025-11-21;17;2364
7;2025-11-21;18;2141
7;2025-11-21;19;1519
7;2025-11-21;20;1067
7;2025-11-21;21;649
7;2025-11-21;22;366
7;2025-11-21;23;241
7;2025-11-22;0;109
7;2025-11-22;1;24
7;2025-11-22;2;0
7;2025-11-22;3;0
7;2025-11-22;4;0
7;2025-11-22;5;62
7;2025-11-22;6;301
7;2025-11-22;7;488
7;2025-11-22;8;750
7;2025-11-22;9;902
7;2025-11-22;10;1008
7;2025-11-22;11;1044
7;2025-11-22;12;1203
7;2025-11-22;13;1351
7;2025-11-22;14;1359
7;2025-11-22;15;1264
7;2025-11-22;16;1206
7;2025-11-22;17;1208
7;2025-11-22;18;1115
7;2025-11-22;19;1119
7;2025-11-22;20;838
7;2025-11-22;21;647
7;2025-11-22;22;378
7;2025-11-22;23;223
7;2025-11-23;0;96
7;2025-11-23;1;14
7;2025-11-23;2;0
7;2025-11-23;3;0
7;2025-11-23;4;1
7;2025-11-23;5;41
7;2025-11-23;6;217
7;2025-11-23;7;340
7;2025-11-23;8;554
7;2025-11-23;9;702
7;2025-11-23;10;810
7;2025-11-23;11;960
7;2025-11-23;12;1084
7;2025-11-23;13;1118
7;2025-11-23;14;1280
7;2025-11-23;15;1154
7;2025-11-23;16;955
7;2025-11-23;17;1086
7;2025-11-23;18;912
7;2025-11-23;19;884
7;2025-11-23;20;675
7;2025-11-23;21;533
7;2025-11-23;22;311
7;2025-11-23;23;175
7;2025-11-24;0;63
7;2025-11-24;1;12
7;2025-11-24;2;0
7;2025-11-24;3;0
7;2025-11-24;4;1
7;2025-11-24;5;206
7;2025-11-24;6;728
7;2025-11-24;7;1742
7;2025-11-24;8;2653
7;2025-11-24;9;1964
7;2025-11-24;10;1703
7;2025-11-24;11;1549
7;2025-11-24;12;1644
7;2025-11-24;13;1607
7;2025-11-24;14;1706
7;2025-11-24;15;1848
7;2025-11-24;16;1941
7;2025-11-24;17;2476
7;2025-11-24;18;2728
7;2025-11-24;19;1831
7;2025-11-24;20;1156
7;2025-11-24;21;671
7;2025-11-24;22;336
7;2025-11-24;23;199
7;2025-11-25;0;66
7;2025-11-25;1;12
7;2025-11-25;2;0
7;2025-11-25;3;0
7;2025-11-25;4;1
7;2025-11-25;5;216
7;2025-11-25;6;762
7;2025-11-25;7;1824
7;2025-11-25;8;2779
7;2025-11-25;9;2057
7;2025-11-25;10;1784
7;2025-11-25;11;1622
7;2025-11-25;12;1722
7;2025-11-25;13;1683
7;2025-11-25;14;1787
7;2025-11-25;15;1935
7;2025-11-25;16;2033
7;2025-11-25;17;2593
7;2025-11-25;18;2857
7;2025-11-25;19;1918
7;2025-11-25;20;1210
7;2025-11-25;21;703
7;2025-11-25;22;352
7;2025-11-25;23;209
7;2025-11-26;0;63
7;2025-11-26;1;12
7;2025-11-26;2;0
7;2025-11-26;3;0
7;2025-11-26;4;1
7;2025-11-26;5;206
7;2025-11-26;6;725
7;2025-11-26;7;1736
7;2025-11-26;8;2644
7;2025-11-26;9;1958
7;2025-11-26;10;1698
7;2025-11-26;11;1543
7;2025-11-26;12;1639
7;2025-11-26;13;1602
7;2025-11-26;14;1700
7;2025-11-26;15;1842
7;2025-11-26;16;1935
7;2025-11-26;17;2468
7;2025-11-26;18;2719
7;2025-11-26;19;1825
7;2025-11-26;20;1152
7;2025-11-26;21;669
7;2025-11-26;22;335
7;2025-11-26;23;199
7;2025-11-27;0;64
7;2025-11-27;1;12
7;2025-11-27;2;0
7;2025-11-27;3;0
7;2025-11-27;4;1
7;2025-11-27;5;208
7;2025-11-27;6;733
7;2025-11-27;7;1753
7;2025-11-27;8;2671
7;2025-11-27;9;1977
7;2025-11-27;10;1715
7;2025-11-27;11;1559
7;2025-11-27;12;1655
7;2025-11-27;13;1618
7;2025-11-27;14;1717
7;2025-11-27;15;1860
7;2025-11-27;16;1954
7;2025-11-27;17;2492
7;2025-11-27;18;2746
7;2025-11-27;19;1843
7;2025-11-27;20;1163
7;2025-11-27;21;676
7;2025-11-27;22;338
7;2025-11-27;23;201
7;2025-11-28;0;71
7;2025-11-28;1;13
7;2025-11-28;2;0
7;2025-11-28;3;0
7;2025-11-28;4;2
7;2025-11-28;5;191
7;2025-11-28;6;675
7;2025-11-28;7;1638
7;2025-11-28;8;2416
7;2025-11-28;9;1812
7;2025-11-28;10;1642
7;2025-11-28;11;1567
7;2025-11-28;12;1663
7;2025-11-28;13;1724
7;2025-11-28;14;1802
7;2025-11-28;15;1926
7;2025-11-28;16;2144
7;2025-11-28;17;2372
7;2025-11-28;18;2148
7;2025-11-28;19;1524
7;2025-11-28;20;1070
7;2025-11-28;21;651
7;2025-11-28;22;367
7;2025-11-28;23;242
7;2025-11-29;0;110
7;2025-11-29;1;24
7;2025-11-29;2;0
7;2025-11-29;3;0
7;2025-11-29;4;0
7;2025-11-29;5;63
7;2025-11-29;6;305
7;2025-11-29;7;494
7;2025-11-29;8;759
7;2025-11-29;9;913
7;2025-11-29;10;1020
7;2025-11-29;11;1056
7;2025-11-29;12;1218
7;2025-11-29;13;1368
7;2025-11-29;14;1376
7;2025-11-29;15;1279
7;2025-11-29;16;1221
7;2025-11-29;17;1223
7;2025-11-29;18;1129
7;2025-11-29;19;1132
7;2025-11-29;20;848
7;2025-11-29;21;655
7;2025-11-29;22;383
7;2025-11-29;23;225
7;2025-11-30;0;96
7;2025-11-30;1;14
7;2025-11-30;2;0
7;2025-11-30;3;0
7;2025-11-30;4;1
7;2025-11-30;5;41
7;2025-11-30;6;217
7;2025-11-30;7;340
7;2025-11-30;8;554
7;2025-11-30;9;702
7;2025-11-30;10;810
7;2025-11-30;11;960
7;2025-11-30;12;1084
7;2025-11-30;13;1118
7;2025-11-30;14;1280
7;2025-11-30;15;1154
7;2025-11-30;16;955
7;2025-11-30;17;1086
7;2025-11-30;18;912
7;2025-11-30;19;884
7;2025-11-30;20;675
7;2025-11-30;21;533
7;2025-11-30;22;311
7;2025-11-30;23;175
7;2025-12-01;0;64
7;2025-12-01;1;12
7;2025-12-01;2;0
7;2025-12-01;3;0
7;2025-12-01;4;1
7;2025-12-01;5;210
7;2025-12-01;6;740
7;2025-12-01;7;1771
7;2025-12-01;8;2698
7;2025-12-01;9;1997
7;2025-12-01;10;1732
7;2025-12-01;11;1574
7;2025-12-01;12;1672
7;2025-12-01;13;1634
7;2025-12-01;14;1735
7;2025-12-01;15;1879
7;2025-12-01;16;1974
7;2025-12-01;17;2518
7;2025-12-01;18;2774
7;2025-12-01;19;1862
7;2025-12-01;20;1175
7;2025-12-01;21;682
7;2025-12-01;22;341
7;2025-12-01;23;203
7;2025-12-02;0;64
7;2025-12-02;1;12
7;2025-12-02;2;0
7;2025-12-02;3;0
7;2025-12-02;4;1
7;2025-12-02;5;210
7;2025-12-02;6;740
7;2025-12-02;7;1771
7;2025-12-02;8;2698
7;2025-12-02;9;1997
7;2025-12-02;10;1732
7;2025-12-02;11;1574
7;2025-12-02;12;1672
7;2025-12-02;13;1634
7;2025-12-02;14;1735
7;2025-12-02;15;1879
7;2025-12-02;16;1974
7;2025-12-02;17;2518
7;2025-12-02;18;2774
7;2025-12-02;19;1862
7;2025-12-02;20;1175
7;2025-12-02;21;682
7;2025-12-02;22;341
7;2025-12-02;23;203
7;2025-12-03;0;64
7;2025-12-03;1;12
7;2025-12-03;2;0
7;2025-12-03;3;0
7;2025-12-03;4;1
7;2025-12-03;5;210
7;2025-12-03;6;740
7;2025-12-03;7;1771
7;2025-12-03;8;2698
7;2025-12-03;9;1997
7;2025-12-03;10;1732
7;2025-12-03;11;1574
7;2025-12-03;12;1672
7;2025-12-03;13;1634
7;2025-12-03;14;1735
7;2025-12-03;15;1879
7;2025-12-03;16;1974
7;2025-12-03;17;2518
7;2025-12-03;18;2774
7;2025-12-03;19;1862
7;2025-12-03;20;1175
7;2025-12-03;21;682
7;2025-12-03;22;341
7;2025-12-03;23;203
7;2025-12-04;0;64
7;2025-12-04;1;12
7;2025-12-04;2;0
7;2025-12-04;3;0
7;2025-12-04;4;1
7;2025-12-04;5;210
7;2025-12-04;6;740
7;2025-12-04;7;1771
7;2025-12-04;8;2698
7;2025-12-04;9;1997
7;2025-12-04;10;1732
7;2025-12-04;11;1574
7;2025-12-04;12;1672
7;2025-12-04;13;1634
7;2025-12-04;14;1735
7;2025-12-04;15;1879
7;2025-12-04;16;1974
7;2025-12-04;17;2518
7;2025-12-04;18;2774
7;2025-12-04;19;1862
7;2025-12-04;20;1175
7;2025-12-04;21;682
7;2025-12-04;22;341
7;2025-12-04;23;203
7;2025-12-05;0;68
7;2025-12-05;1;12
7;2025-12-05;2;0
7;2025-12-05;3;0
7;2025-12-05;4;2
7;2025-12-05;5;186
7;2025-12-05;6;655
7;2025-12-05;7;1590
7;2025-12-05;8;2345
7;2025-12-05;9;1759
7;2025-12-05;10;1594
7;2025-12-05;11;1522
7;2025-12-05;12;1614
7;2025-12-05;13;1674
7;2025-12-05;14;1750
7;2025-12-05;15;1870
7;2025-12-05;16;2082
7;2025-12-05;17;2303
7;2025-12-05;18;2085
7;2025-12-05;19;1480
7;2025-12-05;20;1039
7;2025-12-05;21;632
7;2025-12-05;22;356
7;2025-12-05;23;235
7;2025-12-06;0;107
7;2025-12-06;1;24
7;2025-12-06;2;0
7;2025-12-06;3;0
7;2025-12-06;4;0
7;2025-12-06;5;61
7;2025-12-06;6;296
7;2025-12-06;7;480
7;2025-12-06;8;737
7;2025-12-06;9;886
7;2025-12-06;10;991
7;2025-12-06;11;1026
7;2025-12-06;12;1183
7;2025-12-06;13;1328
7;2025-12-06;14;1336
7;2025-12-06;15;1242
7;2025-12-06;16;1185
7;2025-12-06;17;1187
7;2025-12-06;18;1096
7;2025-12-06;19;1099
7;2025-12-06;20;823
7;2025-12-06;21;636
7;2025-12-06;22;371
7;2025-12-06;23;219
7;2025-12-07;0;93
7;2025-12-07;1;14
7;2025-12-07;2;0
7;2025-12-07;3;0
7;2025-12-07;4;1
7;2025-12-07;5;40
7;2025-12-07;6;211
7;2025-12-07;7;330
7;2025-12-07;8;538
7;2025-12-07;9;681
7;2025-12-07;10;786
7;2025-12-07;11;932
7;2025-12-07;12;1053
7;2025-12-07;13;1085
7;2025-12-07;14;1243
7;2025-12-07;15;1121
7;2025-12-07;16;927
7;2025-12-07;17;1055
7;2025-12-07;18;885
7;2025-12-07;19;858
7;2025-12-07;20;656
7;2025-12-07;21;517
7;2025-12-07;22;302
7;2025-12-07;23;170
7;2025-12-08;0;64
7;2025-12-08;1;12
7;2025-12-08;2;0
7;2025-12-08;3;0
7;2025-12-08;4;1
7;2025-12-08;5;210
7;2025-12-08;6;740
7;2025-12-08;7;1771
7;2025-12-08;8;2698
7;2025-12-08;9;1997
7;2025-12-08;10;1732
7;2025-12-08;11;1574
7;2025-12-08;12;1672
7;2025-12-08;13;1634
7;2025-12-08;14;1735
7;2025-12-08;15;1879
7;2025-12-08;16;1974
7;2025-12-08;17;2518
7;2025-12-08;18;2774
7;2025-12-08;19;1862
7;2025-12-08;20;1175
7;2025-12-08;21;682
7;2025-12-08;22;341
7;2025-12-08;23;203
7;2025-12-09;0;64
7;2025-12-09;1;12
7;2025-12-09;2;0
7;2025-12-09;3;0
7;2025-12-09;4;1
7;2025-12-09;5;210
7;2025-12-09;6;740
7;2025-12-09;7;1771
7;2025-12-09;8;2698
7;2025-12-09;9;1997
7;2025-12-09;10;1732
7;2025-12-09;11;1574
7;2025-12-09;12;1672
7;2025-12-09;13;1634
7;2025-12-09;14;1735
7;2025-12-09;15;1879
7;2025-12-09;16;1974
7;2025-12-09;17;2518
7;2025-12-09;18;2774
7;2025-12-09;19;1862
7;2025-12-09;20;1175
7;2025-12-09;21;682
7;2025-12-09;22;341
7;2025-12-09;23;203
7;2025-12-10;0;64
7;2025-12-10;1;12
7;2025-12-10;2;0
7;2025-12-10;3;0
7;2025-12-10;4;1
7;2025-12-10;5;208
7;2025-12-10;6;734
7;2025-12-10;7;1755
7;2025-12-10;8;2674
7;2025-12-10;9;1980
7;2025-12-10;10;1717
7;2025-12-10;11;1561
7;2025-12-10;12;1657
7;2025-12-10;13;1620
7;2025-12-10;14;1719
7;2025-12-10;15;1862
7;2025-12-10;16;1957
7;2025-12-10;17;2495
7;2025-12-10;18;2750
7;2025-12-10;19;1846
7;2025-12-10;20;1165
7;2025-12-10;21;676
7;2025-12-10;22;338
7;2025-12-10;23;201
7;2025-12-11;0;61
7;2025-12-11;1;11
7;2025-12-11;2;0
7;2025-12-11;3;0
7;2025-12-11;4;1
7;2025-12-11;5;201
7;2025-12-11;6;707
7;2025-12-11;7;1693
7;2025-12-11;8;2579
7;2025-12-11;9;1909
7;2025-12-11;10;1656
7;2025-12-11;11;1505
7;2025-12-11;12;1598
7;2025-12-11;13;1562
7;2025-12-11;14;1658
7;2025-12-11;15;1796
7;2025-12-11;16;1887
7;2025-12-11;17;2407
7;2025-12-11;18;2652
7;2025-12-11;19;1780
7;2025-12-11;20;1123
7;2025-12-11;21;652
7;2025-12-11;22;326
7;2025-12-11;23;194
7;2025-12-12;0;66
7;2025-12-12;1;12
7;2025-12-12;2;0
7;2025-12-12;3;0
7;2025-12-12;4;2
7;2025-12-12;5;179
7;2025-12-12;6;631
7;2025-12-12;7;1531
7;2025-12-12;8;2259
7;2025-12-12;9;1694
7;2025-12-12;10;1536
7;2025-12-12;11;1466
7;2025-12-12;12;1555
7;2025-12-12;13;1612
7;2025-12-12;14;1686
7;2025-12-12;15;1801
7;2025-12-12;16;2005
7;2025-12-12;17;2219
7;2025-12-12;18;2009
7;2025-12-12;19;1425
7;2025-12-12;20;1001
7;2025-12-12;21;609
7;2025-12-12;22;343
7;2025-12-12;23;226
7;2025-12-13;0;106
7;2025-12-13;1;24
7;2025-12-13;2;0
7;2025-12-13;3;0
7;2025-12-13;4;0
7;2025-12-13;5;61
7;2025-12-13;6;294
7;2025-12-13;7;478
7;2025-12-13;8;734
7;2025-12-13;9;883
7;2025-12-13;10;986
7;2025-12-13;11;1021
7;2025-12-13;12;1177
7;2025-12-13;13;1322
7;2025-12-13;14;1330
7;2025-12-13;15;1237
7;2025-12-13;16;1180
7;2025-12-13;17;1182
7;2025-12-13;18;1091
7;2025-12-13;19;1095
7;2025-12-13;20;820
7;2025-12-13;21;633
7;2025-12-13;22;370
7;2025-12-13;23;218
7;2025-12-14;0;93
7;2025-12-14;1;14
7;2025-12-14;2;0
7;2025-12-14;3;0
7;2025-12-14;4;1
7;2025-12-14;5;40
7;2025-12-14;6;210
7;2025-12-14;7;330
7;2025-12-14;8;538
7;2025-12-14;9;680
7;2025-12-14;10;785
7;2025-12-14;11;931
7;2025-12-14;12;1051
7;2025-12-14;13;1084
7;2025-12-14;14;1242
7;2025-12-14;15;1119
7;2025-12-14;16;926
7;2025-12-14;17;1053
7;2025-12-14;18;884
7;2025-12-14;19;857
7;2025-12-14;20;655
7;2025-12-14;21;517
7;2025-12-14;22;302
7;2025-12-14;23;169
7;2025-12-15;0;64
7;2025-12-15;1;12
7;2025-12-15;2;0
7;2025-12-15;3;0
7;2025-12-15;4;1
7;2025-12-15;5;210
7;2025-12-15;6;739
7;2025-12-15;7;1769
7;2025-12-15;8;2695
7;2025-12-15;9;1995
7;2025-12-15;10;1730
7;2025-12-15;11;1573
7;2025-12-15;12;1670
7;2025-12-15;13;1633
7;2025-12-15;14;1733
7;2025-12-15;15;1877
7;2025-12-15;16;1972
7;2025-12-15;17;2515
7;2025-12-15;18;2771
7;2025-12-15;19;1860
7;2025-12-15;20;1174
7;2025-12-15;21;682
7;2025-12-15;22;341
7;2025-12-15;23;202
7;2025-12-16;0;63
7;2025-12-16;1;12
7;2025-12-16;2;0
7;2025-12-16;3;0
7;2025-12-16;4;1
7;2025-12-16;5;207
7;2025-12-16;6;729
7;2025-12-16;7;1744
7;2025-12-16;8;2656
7;2025-12-16;9;1967
7;2025-12-16;10;1705
7;2025-12-16;11;1550
7;2025-12-16;12;1646
7;2025-12-16;13;1609
7;2025-12-16;14;1708
7;2025-12-16;15;1850
7;2025-12-16;16;1944
7;2025-12-16;17;2479
7;2025-12-16;18;2732
7;2025-12-16;19;1834
7;2025-12-16;20;1157
7;2025-12-16;21;672
7;2025-12-16;22;336
7;2025-12-16;23;200
7;2025-12-17;0;64
7;2025-12-17;1;12
7;2025-12-17;2;0
7;2025-12-17;3;0
7;2025-12-17;4;1
7;2025-12-17;5;210
7;2025-12-17;6;740
7;2025-12-17;7;1771
7;2025-12-17;8;2698
7;2025-12-17;9;1997
7;2025-12-17;10;1732
7;2025-12-17;11;1574
7;2025-12-17;12;1672
7;2025-12-17;13;1634
7;2025-12-17;14;1735
7;2025-12-17;15;1879
7;2025-12-17;16;1974
7;2025-12-17;17;2518
7;2025-12-17;18;2774
7;2025-12-17;19;1862
7;2025-12-17;20;1175
7;2025-12-17;21;682
7;2025-12-17;22;341
7;2025-12-17;23;203
7;2025-12-18;0;64
7;2025-12-18;1;12
7;2025-12-18;2;0
7;2025-12-18;3;0
7;2025-12-18;4;1
7;2025-12-18;5;210
7;2025-12-18;6;740
7;2025-12-18;7;1771
7;2025-12-18;8;2698
7;2025-12-18;9;1997
7;2025-12-18;10;1732
7;2025-12-18;11;1574
7;2025-12-18;12;1672
7;2025-12-18;13;1634
7;2025-12-18;14;1735
7;2025-12-18;15;1879
7;2025-12-18;16;1974
7;2025-12-18;17;2518
7;2025-12-18;18;2774
7;2025-12-18;19;1862
7;2025-12-18;20;1175
7;2025-12-18;21;682
7;2025-12-18;22;341
7;2025-12-18;23;203
7;2025-12-19;0;68
7;2025-12-19;1;12
7;2025-12-19;2;0
7;2025-12-19;3;0
7;2025-12-19;4;2
7;2025-12-19;5;185
7;2025-12-19;6;654
7;2025-12-19;7;1586
7;2025-12-19;8;2340
7;2025-12-19;9;1755
7;2025-12-19;10;1591
7;2025-12-19;11;1518
7;2025-12-19;12;1611
7;2025-12-19;13;1670
7;2025-12-19;14;1746
7;2025-12-19;15;1866
7;2025-12-19;16;2077
7;2025-12-19;17;2298
7;2025-12-19;18;2081
7;2025-12-19;19;1476
7;2025-12-19;20;1037
7;2025-12-19;21;631
7;2025-12-19;22;355
7;2025-12-19;23;234
7;2025-12-20;0;107
7;2025-12-20;1;24
7;2025-12-20;2;0
7;2025-12-20;3;0
7;2025-12-20;4;0
7;2025-12-20;5;61
7;2025-12-20;6;296
7;2025-12-20;7;480
7;2025-12-20;8;737
7;2025-12-20;9;886
7;2025-12-20;10;991
7;2025-12-20;11;1026
7;2025-12-20;12;1183
7;2025-12-20;13;1328
7;2025-12-20;14;1336
7;2025-12-20;15;1242
7;2025-12-20;16;1185
7;2025-12-20;17;1187
7;2025-12-20;18;1096
7;2025-12-20;19;1099
7;2025-12-20;20;823
7;2025-12-20;21;636
7;2025-12-20;22;371
7;2025-12-20;23;219
7;2025-12-21;0;92
7;2025-12-21;1;13
7;2025-12-21;2;0
7;2025-12-21;3;0
7;2025-12-21;4;1
7;2025-12-21;5;39
7;2025-12-21;6;210
7;2025-12-21;7;328
7;2025-12-21;8;536
7;2025-12-21;9;678
7;2025-12-21;10;783
7;2025-12-21;11;928
7;2025-12-21;12;1048
7;2025-12-21;13;1080
7;2025-12-21;14;1237
7;2025-12-21;15;1116
7;2025-12-21;16;923
7;2025-12-21;17;1050
7;2025-12-21;18;882
7;2025-12-21;19;855
7;2025-12-21;20;653
7;2025-12-21;21;515
7;2025-12-21;22;301
7;2025-12-21;23;169
7;2025-12-22;0;64
7;2025-12-22;1;12
7;2025-12-22;2;0
7;2025-12-22;3;0
7;2025-12-22;4;1
7;2025-12-22;5;208
7;2025-12-22;6;734
7;2025-12-22;7;1755
7;2025-12-22;8;2674
7;2025-12-22;9;1980
7;2025-12-22;10;1717
7;2025-12-22;11;1561
7;2025-12-22;12;1657
7;2025-12-22;13;1620
7;2025-12-22;14;1719
7;2025-12-22;15;1862
7;2025-12-22;16;1957
7;2025-12-22;17;2495
7;2025-12-22;18;2750
7;2025-12-22;19;1846
7;2025-12-22;20;1165
7;2025-12-22;21;676
7;2025-12-22;22;338
7;2025-12-22;23;201
7;2025-12-23;0;62
7;2025-12-23;1;12
7;2025-12-23;2;0
7;2025-12-23;3;0
7;2025-12-23;4;1
7;2025-12-23;5;203
7;2025-12-23;6;715
7;2025-12-23;7;1712
7;2025-12-23;8;2607
7;2025-12-23;9;1930
7;2025-12-23;10;1674
7;2025-12-23;11;1522
7;2025-12-23;12;1616
7;2025-12-23;13;1580
7;2025-12-23;14;1677
7;2025-12-23;15;1816
7;2025-12-23;16;1908
7;2025-12-23;17;2433
7;2025-12-23;18;2681
7;2025-12-23;19;1800
7;2025-12-23;20;1136
7;2025-12-23;21;660
7;2025-12-23;22;330
7;2025-12-23;23;196
7;2025-12-24;0;62
7;2025-12-24;1;12
7;2025-12-24;2;0
7;2025-12-24;3;0
7;2025-12-24;4;1
7;2025-12-24;5;202
7;2025-12-24;6;711
7;2025-12-24;7;1702
7;2025-12-24;8;2593
7;2025-12-24;9;1920
7;2025-12-24;10;1665
7;2025-12-24;11;1514
7;2025-12-24;12;1607
7;2025-12-24;13;1571
7;2025-12-24;14;1668
7;2025-12-24;15;1806
7;2025-12-24;16;1898
7;2025-12-24;17;2420
7;2025-12-24;18;2667
7;2025-12-24;19;1790
7;2025-12-24;20;1130
7;2025-12-24;21;656
7;2025-12-24;22;328
7;2025-12-24;23;195
7;2025-12-25;0;63
7;2025-12-25;1;12
7;2025-12-25;2;0
7;2025-12-25;3;0
7;2025-12-25;4;1
7;2025-12-25;5;206
7;2025-12-25;6;727
7;2025-12-25;7;1740
7;2025-12-25;8;2651
7;2025-12-25;9;1962
7;2025-12-25;10;1702
7;2025-12-25;11;1547
7;2025-12-25;12;1643
7;2025-12-25;13;1606
7;2025-12-25;14;1704
7;2025-12-25;15;1846
7;2025-12-25;16;1940
7;2025-12-25;17;2474
7;2025-12-25;18;2726
7;2025-12-25;19;1830
7;2025-12-25;20;1155
7;2025-12-25;21;671
7;2025-12-25;22;335
7;2025-12-25;23;199
7;2025-12-26;0;65
7;2025-12-26;1;12
7;2025-12-26;2;0
7;2025-12-26;3;0
7;2025-12-26;4;2
7;2025-12-26;5;176
7;2025-12-26;6;620
7;2025-12-26;7;1503
7;2025-12-26;8;2217
7;2025-12-26;9;1663
7;2025-12-26;10;1507
7;2025-12-26;11;1439
7;2025-12-26;12;1526
7;2025-12-26;13;1582
7;2025-12-26;14;1654
7;2025-12-26;15;1768
7;2025-12-26;16;1968
7;2025-12-26;17;2177
7;2025-12-26;18;1971
7;2025-12-26;19;1399
7;2025-12-26;20;982
7;2025-12-26;21;598
7;2025-12-26;22;337
7;2025-12-26;23;222
7;2025-12-27;0;107
7;2025-12-27;1;24
7;2025-12-27;2;0
7;2025-12-27;3;0
7;2025-12-27;4;0
7;2025-12-27;5;61
7;2025-12-27;6;295
7;2025-12-27;7;479
7;2025-12-27;8;736
7;2025-12-27;9;884
7;2025-12-27;10;989
7;2025-12-27;11;1023
7;2025-12-27;12;1180
7;2025-12-27;13;1325
7;2025-12-27;14;1333
7;2025-12-27;15;1239
7;2025-12-27;16;1183
7;2025-12-27;17;1184
7;2025-12-27;18;1094
7;2025-12-27;19;1097
7;2025-12-27;20;821
7;2025-12-27;21;634
7;2025-12-27;22;371
7;2025-12-27;23;218
7;2025-12-28;0;91
7;2025-12-28;1;13
7;2025-12-28;2;0
7;2025-12-28;3;0
7;2025-12-28;4;1
7;2025-12-28;5;39
7;2025-12-28;6;206
7;2025-12-28;7;323
7;2025-12-28;8;527
7;2025-12-28;9;667
7;2025-12-28;10;770
7;2025-12-28;11;913
7;2025-12-28;12;1031
7;2025-12-28;13;1063
7;2025-12-28;14;1217
7;2025-12-28;15;1098
7;2025-12-28;16;908
7;2025-12-28;17;1033
7;2025-12-28;18;867
7;2025-12-28;19;841
7;2025-12-28;20;642
7;2025-12-28;21;507
7;2025-12-28;22;296
7;2025-12-28;23;166
7;2025-12-29;0;56
7;2025-12-29;1;11
7;2025-12-29;2;0
7;2025-12-29;3;0
7;2025-12-29;4;1
7;2025-12-29;5;181
7;2025-12-29;6;640
7;2025-12-29;7;1531
7;2025-12-29;8;2333
7;2025-12-29;9;1727
7;2025-12-29;10;1497
7;2025-12-29;11;1361
7;2025-12-29;12;1446
7;2025-12-29;13;1414
7;2025-12-29;14;1500
7;2025-12-29;15;1625
7;2025-12-29;16;1706
7;2025-12-29;17;2177
7;2025-12-29;18;2399
7;2025-12-29;19;1610
7;2025-12-29;20;1016
7;2025-12-29;21;590
7;2025-12-29;22;296
7;2025-12-29;23;175
7;2025-12-30;0;54
7;2025-12-30;1;11
7;2025-12-30;2;0
7;2025-12-30;3;0
7;2025-12-30;4;1
7;2025-12-30;5;178
7;2025-12-30;6;627
7;2025-12-30;7;1501
7;2025-12-30;8;2287
7;2025-12-30;9;1693
7;2025-12-30;10;1468
7;2025-12-30;11;1334
7;2025-12-30;12;1418
7;2025-12-30;13;1386
7;2025-12-30;14;1470
7;2025-12-30;15;1593
7;2025-12-30;16;1673
7;2025-12-30;17;2134
7;2025-12-30;18;2352
7;2025-12-30;19;1579
7;2025-12-30;20;996
7;2025-12-30;21;579
7;2025-12-30;22;290
7;2025-12-30;23;172
7;2025-12-31;0;81
7;2025-12-31;1;18
7;2025-12-31;2;0
7;2025-12-31;3;0
7;2025-12-31;4;1
7;2025-12-31;5;38
7;2025-12-31;6;241
7;2025-12-31;7;294
7;2025-12-31;8;561
7;2025-12-31;9;444
7;2025-12-31;10;624
7;2025-12-31;11;589
7;2025-12-31;12;844
7;2025-12-31;13;812
7;2025-12-31;14;798
7;2025-12-31;15;703
7;2025-12-31;16;752
7;2025-12-31;17;739
7;2025-12-31;18;623
7;2025-12-31;19;541
7;2025-12-31;20;0
7;2025-12-31;21;0
7;2025-12-31;22;0
7;2025-12-31;23;0
11;2025-11-01;0;110
11;2025-11-01;1;0
11;2025-11-01;2;0
11;2025-11-01;3;0
11;2025-11-01;4;0
11;2025-11-01;5;215
11;2025-11-01;6;995
11;2025-11-01;7;1779
11;2025-11-01;8;2386
11;2025-11-01;9;1781
11;2025-11-01;10;1442
11;2025-11-01;11;1397
11;2025-11-01;12;1427
11;2025-11-01;13;1469
11;2025-11-01;14;1566
11;2025-11-01;15;1678
11;2025-11-01;16;1843
11;2025-11-01;17;2241
11;2025-11-01;18;1908
11;2025-11-01;19;1510
11;2025-11-01;20;1064
11;2025-11-01;21;673
11;2025-11-01;22;345
11;2025-11-01;23;235
11;2025-11-02;0;112
11;2025-11-02;1;15
11;2025-11-02;2;0
11;2025-11-02;3;0
11;2025-11-02;4;0
11;2025-11-02;5;120
11;2025-11-02;6;514
11;2025-11-02;7;526
11;2025-11-02;8;679
11;2025-11-02;9;926
11;2025-11-02;10;1039
11;2025-11-02;11;1485
11;2025-11-02;12;1623
11;2025-11-02;13;1565
11;2025-11-02;14;1650
11;2025-11-02;15;1673
11;2025-11-02;16;1589
11;2025-11-02;17;1695
11;2025-11-02;18;1342
11;2025-11-02;19;1098
11;2025-11-02;20;876
11;2025-11-02;21;645
11;2025-11-02;22;373
11;2025-11-02;23;249
11;2025-11-03;0;110
11;2025-11-03;1;15
11;2025-11-03;2;0
11;2025-11-03;3;0
11;2025-11-03;4;0
11;2025-11-03;5;118
11;2025-11-03;6;504
11;2025-11-03;7;516
11;2025-11-03;8;667
11;2025-11-03;9;909
11;2025-11-03;10;1020
11;2025-11-03;11;1458
11;2025-11-03;12;1593
11;2025-11-03;13;1536
11;2025-11-03;14;1619
11;2025-11-03;15;1642
11;2025-11-03;16;1559
11;2025-11-03;17;1663
11;2025-11-03;18;1317
11;2025-11-03;19;1078
11;2025-11-03;20;860
11;2025-11-03;21;633
11;2025-11-03;22;366
11;2025-11-03;23;244
11;2025-11-04;0;109
11;2025-11-04;1;15
11;2025-11-04;2;0
11;2025-11-04;3;0
11;2025-11-04;4;0
11;2025-11-04;5;117
11;2025-11-04;6;500
11;2025-11-04;7;511
11;2025-11-04;8;660
11;2025-11-04;9;900
11;2025-11-04;10;1010
11;2025-11-04;11;1444
11;2025-11-04;12;1578
11;2025-11-04;13;1521
11;2025-11-04;14;1603
11;2025-11-04;15;1626
11;2025-11-04;16;1544
11;2025-11-04;17;1647
11;2025-11-04;18;1304
11;2025-11-04;19;1067
11;2025-11-04;20;851
11;2025-11-04;21;626
11;2025-11-04;22;362
11;2025-11-04;23;242
11;2025-11-05;0;69
11;2025-11-05;1;3
11;2025-11-05;2;0
11;2025-11-05;3;0
11;2025-11-05;4;0
11;2025-11-05;5;296
11;2025-11-05;6;1396
11;2025-11-05;7;2556
11;2025-11-05;8;3356
11;2025-11-05;9;2564
11;2025-11-05;10;2029
11;2025-11-05;11;1962
11;2025-11-05;12;1978
11;2025-11-05;13;2133
11;2025-11-05;14;2088
11;2025-11-05;15;2142
11;2025-11-05;16;2361
11;2025-11-05;17;2963
11;2025-11-05;18;3292
11;2025-11-05;19;2411
11;2025-11-05;20;1550
11;2025-11-05;21;913
11;2025-11-05;22;454
11;2025-11-05;23;246
11;2025-11-06;0;68
11;2025-11-06;1;3
11;2025-11-06;2;0
11;2025-11-06;3;0
11;2025-11-06;4;0
11;2025-11-06;5;292
11;2025-11-06;6;1373
11;2025-11-06;7;2514
11;2025-11-06;8;3301
11;2025-11-06;9;2523
11;2025-11-06;10;1996
11;2025-11-06;11;1930
11;2025-11-06;12;1946
11;2025-11-06;13;2098
11;2025-11-06;14;2054
11;2025-11-06;15;2107
11;2025-11-06;16;2323
11;2025-11-06;17;2915
11;2025-11-06;18;3238
11;2025-11-06;19;2371
11;2025-11-06;20;1524
11;2025-11-06;21;898
11;2025-11-06;22;446
11;2025-11-06;23;242
11;2025-11-07;0;72
11;2025-11-07;1;2
11;2025-11-07;2;0
11;2025-11-07;3;0
11;2025-11-07;4;0
11;2025-11-07;5;275
11;2025-11-07;6;1274
11;2025-11-07;7;2278
11;2025-11-07;8;3054
11;2025-11-07;9;2280
11;2025-11-07;10;1846
11;2025-11-07;11;1789
11;2025-11-07;12;1827
11;2025-11-07;13;1882
11;2025-11-07;14;2005
11;2025-11-07;15;2148
11;2025-11-07;16;2359
11;2025-11-07;17;2869
11;2025-11-07;18;2442
11;2025-11-07;19;1933
11;2025-11-07;20;1363
11;2025-11-07;21;862
11;2025-11-07;22;443
11;2025-11-07;23;301
11;2025-11-08;0;114
11;2025-11-08;1;2
11;2025-11-08;2;0
11;2025-11-08;3;0
11;2025-11-08;4;0
11;2025-11-08;5;215
11;2025-11-08;6;863
11;2025-11-08;7;800
11;2025-11-08;8;1105
11;2025-11-08;9;1265
11;2025-11-08;10;1416
11;2025-11-08;11;1839
11;2025-11-08;12;2059
11;2025-11-08;13;1946
11;2025-11-08;14;2053
11;2025-11-08;15;1964
11;2025-11-08;16;1967
11;2025-11-08;17;2004
11;2025-11-08;18;1687
11;2025-11-08;19;1616
11;2025-11-08;20;1169
11;2025-11-08;21;823
11;2025-11-08;22;484
11;2025-11-08;23;326
11;2025-11-09;0;116
11;2025-11-09;1;16
11;2025-11-09;2;0
11;2025-11-09;3;0
11;2025-11-09;4;0
11;2025-11-09;5;124
11;2025-11-09;6;530
11;2025-11-09;7;542
11;2025-11-09;8;700
11;2025-11-09;9;955
11;2025-11-09;10;1071
11;2025-11-09;11;1532
11;2025-11-09;12;1674
11;2025-11-09;13;1613
11;2025-11-09;14;1701
11;2025-11-09;15;1726
11;2025-11-09;16;1638
11;2025-11-09;17;1747
11;2025-11-09;18;1384
11;2025-11-09;19;1132
11;2025-11-09;20;903
11;2025-11-09;21;665
11;2025-11-09;22;384
11;2025-11-09;23;256
11;2025-11-10;0;69
11;2025-11-10;1;3
11;2025-11-10;2;0
11;2025-11-10;3;0
11;2025-11-10;4;0
11;2025-11-10;5;296
11;2025-11-10;6;1396
11;2025-11-10;7;2556
11;2025-11-10;8;3356
11;2025-11-10;9;2564
11;2025-11-10;10;2029
11;2025-11-10;11;1962
11;2025-11-10;12;1978
11;2025-11-10;13;2133
11;2025-11-10;14;2088
11;2025-11-10;15;2142
11;2025-11-10;16;2361
11;2025-11-10;17;2963
11;2025-11-10;18;3292
11;2025-11-10;19;2411
11;2025-11-10;20;1550
11;2025-11-10;21;913
11;2025-11-10;22;454
11;2025-11-10;23;246
11;2025-11-11;0;69
11;2025-11-11;1;3
11;2025-11-11;2;0
11;2025-11-11;3;0
11;2025-11-11;4;0
11;2025-11-11;5;296
11;2025-11-11;6;1396
11;2025-11-11;7;2556
11;2025-11-11;8;3356
11;2025-11-11;9;2564
11;2025-11-11;10;2029
11;2025-11-11;11;1962
11;2025-11-11;12;1978
11;2025-11-11;13;2133
11;2025-11-11;14;2088
11;2025-11-11;15;2142
11;2025-11-11;16;2361
11;2025-11-11;17;2963
11;2025-11-11;18;3292
11;2025-11-11;19;2411
11;2025-11-11;20;1550
11;2025-11-11;21;913
11;2025-11-11;22;454
11;2025-11-11;23;246
11;2025-11-12;0;68
11;2025-11-12;1;3
11;2025-11-12;2;0
11;2025-11-12;3;0
11;2025-11-12;4;0
11;2025-11-12;5;293
11;2025-11-12;6;1380
11;2025-11-12;7;2528
11;2025-11-12;8;3319
11;2025-11-12;9;2536
11;2025-11-12;10;2007
11;2025-11-12;11;1941
11;2025-11-12;12;1956
11;2025-11-12;13;2110
11;2025-11-12;14;2065
11;2025-11-12;15;2118
11;2025-11-12;16;2336
11;2025-11-12;17;2931
11;2025-11-12;18;3256
11;2025-11-12;19;2384
11;2025-11-12;20;1533
11;2025-11-12;21;903
11;2025-11-12;22;449
11;2025-11-12;23;243
11;2025-11-13;0;69
11;2025-11-13;1;3
11;2025-11-13;2;0
11;2025-11-13;3;0
11;2025-11-13;4;0
11;2025-11-13;5;296
11;2025-11-13;6;1394
11;2025-11-13;7;2553
11;2025-11-13;8;3352
11;2025-11-13;9;2562
11;2025-11-13;10;2027
11;2025-11-13;11;1960
11;2025-11-13;12;1976
11;2025-11-13;13;2131
11;2025-11-13;14;2086
11;2025-11-13;15;2139
11;2025-11-13;16;2359
11;2025-11-13;17;2960
11;2025-11-13;18;3288
11;2025-11-13;19;2408
11;2025-11-13;20;1548
11;2025-11-13;21;912
11;2025-11-13;22;453
11;2025-11-13;23;245
11;2025-11-14;0;72
11;2025-11-14;1;2
11;2025-11-14;2;0
11;2025-11-14;3;0
11;2025-11-14;4;0
11;2025-11-14;5;275
11;2025-11-14;6;1277
11;2025-11-14;7;2283
11;2025-11-14;8;3061
11;2025-11-14;9;2285
11;2025-11-14;10;1850
11;2025-11-14;11;1793
11;2025-11-14;12;1831
11;2025-11-14;13;1886
11;2025-11-14;14;2010
11;2025-11-14;15;2153
11;2025-11-14;16;2364
11;2025-11-14;17;2876
11;2025-11-14;18;2448
11;2025-11-14;19;1937
11;2025-11-14;20;1366
11;2025-11-14;21;864
11;2025-11-14;22;444
11;2025-11-14;23;302
11;2025-11-15;0;106
11;2025-11-15;1;2
11;2025-11-15;2;0
11;2025-11-15;3;0
11;2025-11-15;4;0
11;2025-11-15;5;200
11;2025-11-15;6;806
11;2025-11-15;7;746
11;2025-11-15;8;1031
11;2025-11-15;9;1180
11;2025-11-15;10;1321
11;2025-11-15;11;1716
11;2025-11-15;12;1921
11;2025-11-15;13;1815
11;2025-11-15;14;1916
11;2025-11-15;15;1832
11;2025-11-15;16;1835
11;2025-11-15;17;1870
11;2025-11-15;18;1574
11;2025-11-15;19;1508
11;2025-11-15;20;1090
11;2025-11-15;21;768
11;2025-11-15;22;452
11;2025-11-15;23;304
11;2025-11-16;0;116
11;2025-11-16;1;16
11;2025-11-16;2;0
11;2025-11-16;3;0
11;2025-11-16;4;0
11;2025-11-16;5;124
11;2025-11-16;6;530
11;2025-11-16;7;542
11;2025-11-16;8;700
11;2025-11-16;9;955
11;2025-11-16;10;1071
11;2025-11-16;11;1532
11;2025-11-16;12;1674
11;2025-11-16;13;1613
11;2025-11-16;14;1701
11;2025-11-16;15;1726
11;2025-11-16;16;1638
11;2025-11-16;17;1747
11;2025-11-16;18;1384
11;2025-11-16;19;1132
11;2025-11-16;20;903
11;2025-11-16;21;665
11;2025-11-16;22;384
11;2025-11-16;23;256
11;2025-11-17;0;67
11;2025-11-17;1;3
11;2025-11-17;2;0
11;2025-11-17;3;0
11;2025-11-17;4;0
11;2025-11-17;5;287
11;2025-11-17;6;1352
11;2025-11-17;7;2476
11;2025-11-17;8;3250
11;2025-11-17;9;2484
11;2025-11-17;10;1965
11;2025-11-17;11;1901
11;2025-11-17;12;1916
11;2025-11-17;13;2066
11;2025-11-17;14;2022
11;2025-11-17;15;2074
11;2025-11-17;16;2287
11;2025-11-17;17;2870
11;2025-11-17;18;3189
11;2025-11-17;19;2335
11;2025-11-17;20;1501
11;2025-11-17;21;884
11;2025-11-17;22;440
11;2025-11-17;23;238
11;2025-11-18;0;66
11;2025-11-18;1;3
11;2025-11-18;2;0
11;2025-11-18;3;0
11;2025-11-18;4;0
11;2025-11-18;5;281
11;2025-11-18;6;1325
11;2025-11-18;7;2427
11;2025-11-18;8;3187
11;2025-11-18;9;2435
11;2025-11-18;10;1927
11;2025-11-18;11;1863
11;2025-11-18;12;1878
11;2025-11-18;13;2026
11;2025-11-18;14;1983
11;2025-11-18;15;2034
11;2025-11-18;16;2242
11;2025-11-18;17;2814
11;2025-11-18;18;3126
11;2025-11-18;19;2289
11;2025-11-18;20;1472
11;2025-11-18;21;867
11;2025-11-18;22;431
11;2025-11-18;23;233
11;2025-11-19;0;69
11;2025-11-19;1;3
11;2025-11-19;2;0
11;2025-11-19;3;0
11;2025-11-19;4;0
11;2025-11-19;5;296
11;2025-11-19;6;1396
11;2025-11-19;7;2556
11;2025-11-19;8;3356
11;2025-11-19;9;2564
11;2025-11-19;10;2029
11;2025-11-19;11;1962
11;2025-11-19;12;1978
11;2025-11-19;13;2133
11;2025-11-19;14;2088
11;2025-11-19;15;2142
11;2025-11-19;16;2361
11;2025-11-19;17;2963
11;2025-11-19;18;3292
11;2025-11-19;19;2411
11;2025-11-19;20;1550
11;2025-11-19;21;913
11;2025-11-19;22;454
11;2025-11-19;23;246
11;2025-11-20;0;69
11;2025-11-20;1;3
11;2025-11-20;2;0
11;2025-11-20;3;0
11;2025-11-20;4;0
11;2025-11-20;5;296
11;2025-11-20;6;1396
11;2025-11-20;7;2556
11;2025-11-20;8;3356
11;2025-11-20;9;2564
11;2025-11-20;10;2029
11;2025-11-20;11;1962
11;2025-11-20;12;1978
11;2025-11-20;13;2133
11;2025-11-20;14;2088
11;2025-11-20;15;2142
11;2025-11-20;16;2361
11;2025-11-20;17;2963
11;2025-11-20;18;3292
11;2025-11-20;19;2411
11;2025-11-20;20;1550
11;2025-11-20;21;913
11;2025-11-20;22;454
11;2025-11-20;23;246
11;2025-11-21;0;72
11;2025-11-21;1;2
11;2025-11-21;2;0
11;2025-11-21;3;0
11;2025-11-21;4;0
11;2025-11-21;5;275
11;2025-11-21;6;1277
11;2025-11-21;7;2283
11;2025-11-21;8;3061
11;2025-11-21;9;2285
11;2025-11-21;10;1850
11;2025-11-21;11;1793
11;2025-11-21;12;1831
11;2025-11-21;13;1886
11;2025-11-21;14;2010
11;2025-11-21;15;2153
11;2025-11-21;16;2364
11;2025-11-21;17;2876
11;2025-11-21;18;2448
11;2025-11-21;19;1937
11;2025-11-21;20;1366
11;2025-11-21;21;864
11;2025-11-21;22;444
11;2025-11-21;23;302
11;2025-11-22;0;113
11;2025-11-22;1;2
11;2025-11-22;2;0
11;2025-11-22;3;0
11;2025-11-22;4;0
11;2025-11-22;5;212
11;2025-11-22;6;853
11;2025-11-22;7;790
11;2025-11-22;8;1091
11;2025-11-22;9;1250
11;2025-11-22;10;1399
11;2025-11-22;11;1817
11;2025-11-22;12;2034
11;2025-11-22;13;1922
11;2025-11-22;14;2029
11;2025-11-22;15;1940
11;2025-11-22;16;1943
11;2025-11-22;17;1980
11;2025-11-22;18;1667
11;2025-11-22;19;1597
11;2025-11-22;20;1154
11;2025-11-22;21;814
11;2025-11-22;22;478
11;2025-11-22;23;322
11;2025-11-23;0;116
11;2025-11-23;1;16
11;2025-11-23;2;0
11;2025-11-23;3;0
11;2025-11-23;4;0
11;2025-11-23;5;124
11;2025-11-23;6;530
11;2025-11-23;7;542
11;2025-11-23;8;700
11;2025-11-23;9;955
11;2025-11-23;10;1071
11;2025-11-23;11;1532
11;2025-11-23;12;1674
11;2025-11-23;13;1613
11;2025-11-23;14;1701
11;2025-11-23;15;1726
11;2025-11-23;16;1638
11;2025-11-23;17;1747
11;2025-11-23;18;1384
11;2025-11-23;19;1132
11;2025-11-23;20;903
11;2025-11-23;21;665
11;2025-11-23;22;384
11;2025-11-23;23;256
11;2025-11-24;0;66
11;2025-11-24;1;3
11;2025-11-24;2;0
11;2025-11-24;3;0
11;2025-11-24;4;0
11;2025-11-24;5;283
11;2025-11-24;6;1333
11;2025-11-24;7;2440
11;2025-11-24;8;3204
11;2025-11-24;9;2449
11;2025-11-24;10;1937
11;2025-11-24;11;1874
11;2025-11-24;12;1889
11;2025-11-24;13;2037
11;2025-11-24;14;1994
11;2025-11-24;15;2045
11;2025-11-24;16;2255
11;2025-11-24;17;2829
11;2025-11-24;18;3143
11;2025-11-24;19;2302
11;2025-11-24;20;1480
11;2025-11-24;21;871
11;2025-11-24;22;433
11;2025-11-24;23;235
11;2025-11-25;0;69
11;2025-11-25;1;3
11;2025-11-25;2;0
11;2025-11-25;3;0
11;2025-11-25;4;0
11;2025-11-25;5;296
11;2025-11-25;6;1396
11;2025-11-25;7;2556
11;2025-11-25;8;3356
11;2025-11-25;9;2564
11;2025-11-25;10;2029
11;2025-11-25;11;1962
11;2025-11-25;12;1978
11;2025-11-25;13;2133
11;2025-11-25;14;2088
11;2025-11-25;15;2142
11;2025-11-25;16;2361
11;2025-11-25;17;2963
11;2025-11-25;18;3292
11;2025-11-25;19;2411
11;2025-11-25;20;1550
11;2025-11-25;21;913
11;2025-11-25;22;454
11;2025-11-25;23;246
11;2025-11-26;0;66
11;2025-11-26;1;3
11;2025-11-26;2;0
11;2025-11-26;3;0
11;2025-11-26;4;0
11;2025-11-26;5;282
11;2025-11-26;6;1328
11;2025-11-26;7;2432
11;2025-11-26;8;3194
11;2025-11-26;9;2441
11;2025-11-26;10;1931
11;2025-11-26;11;1867
11;2025-11-26;12;1883
11;2025-11-26;13;2030
11;2025-11-26;14;1987
11;2025-11-26;15;2038
11;2025-11-26;16;2247
11;2025-11-26;17;2820
11;2025-11-26;18;3133
11;2025-11-26;19;2294
11;2025-11-26;20;1475
11;2025-11-26;21;868
11;2025-11-26;22;432
11;2025-11-26;23;234
11;2025-11-27;0;67
11;2025-11-27;1;3
11;2025-11-27;2;0
11;2025-11-27;3;0
11;2025-11-27;4;0
11;2025-11-27;5;285
11;2025-11-27;6;1341
11;2025-11-27;7;2457
11;2025-11-27;8;3226
11;2025-11-27;9;2465
11;2025-11-27;10;1950
11;2025-11-27;11;1886
11;2025-11-27;12;1901
11;2025-11-27;13;2050
11;2025-11-27;14;2007
11;2025-11-27;15;2059
11;2025-11-27;16;2270
11;2025-11-27;17;2848
11;2025-11-27;18;3164
11;2025-11-27;19;2317
11;2025-11-27;20;1490
11;2025-11-27;21;877
11;2025-11-27;22;436
11;2025-11-27;23;236
11;2025-11-28;0;73
11;2025-11-28;1;2
11;2025-11-28;2;0
11;2025-11-28;3;0
11;2025-11-28;4;0
11;2025-11-28;5;276
11;2025-11-28;6;1281
11;2025-11-28;7;2290
11;2025-11-28;8;3071
11;2025-11-28;9;2293
11;2025-11-28;10;1857
11;2025-11-28;11;1799
11;2025-11-28;12;1837
11;2025-11-28;13;1892
11;2025-11-28;14;2016
11;2025-11-28;15;2160
11;2025-11-28;16;2372
11;2025-11-28;17;2885
11;2025-11-28;18;2456
11;2025-11-28;19;1944
11;2025-11-28;20;1370
11;2025-11-28;21;867
11;2025-11-28;22;445
11;2025-11-28;23;303
11;2025-11-29;0;114
11;2025-11-29;1;2
11;2025-11-29;2;0
11;2025-11-29;3;0
11;2025-11-29;4;0
11;2025-11-29;5;215
11;2025-11-29;6;863
11;2025-11-29;7;800
11;2025-11-29;8;1105
11;2025-11-29;9;1265
11;2025-11-29;10;1416
11;2025-11-29;11;1839
11;2025-11-29;12;2059
11;2025-11-29;13;1946
11;2025-11-29;14;2053
11;2025-11-29;15;1964
11;2025-11-29;16;1967
11;2025-11-29;17;2004
11;2025-11-29;18;1687
11;2025-11-29;19;1616
11;2025-11-29;20;1169
11;2025-11-29;21;823
11;2025-11-29;22;484
11;2025-11-29;23;326
11;2025-11-30;0;116
11;2025-11-30;1;16
11;2025-11-30;2;0
11;2025-11-30;3;0
11;2025-11-30;4;0
11;2025-11-30;5;124
11;2025-11-30;6;530
11;2025-11-30;7;542
11;2025-11-30;8;700
11;2025-11-30;9;955
11;2025-11-30;10;1071
11;2025-11-30;11;1532
11;2025-11-30;12;1674
11;2025-11-30;13;1613
11;2025-11-30;14;1701
11;2025-11-30;15;1726
11;2025-11-30;16;1638
11;2025-11-30;17;1747
11;2025-11-30;18;1384
11;2025-11-30;19;1132
11;2025-11-30;20;903
11;2025-11-30;21;665
11;2025-11-30;22;384
11;2025-11-30;23;256
11;2025-12-01;0;67
11;2025-12-01;1;3
11;2025-12-01;2;0
11;2025-12-01;3;0
11;2025-12-01;4;0
11;2025-12-01;5;288
11;2025-12-01;6;1355
11;2025-12-01;7;2481
11;2025-12-01;8;3258
11;2025-12-01;9;2490
11;2025-12-01;10;1970
11;2025-12-01;11;1905
11;2025-12-01;12;1920
11;2025-12-01;13;2071
11;2025-12-01;14;2027
11;2025-12-01;15;2079
11;2025-12-01;16;2293
11;2025-12-01;17;2877
11;2025-12-01;18;3196
11;2025-12-01;19;2341
11;2025-12-01;20;1505
11;2025-12-01;21;886
11;2025-12-01;22;441
11;2025-12-01;23;238
11;2025-12-02;0;67
11;2025-12-02;1;3
11;2025-12-02;2;0
11;2025-12-02;3;0
11;2025-12-02;4;0
11;2025-12-02;5;288
11;2025-12-02;6;1355
11;2025-12-02;7;2481
11;2025-12-02;8;3258
11;2025-12-02;9;2490
11;2025-12-02;10;1970
11;2025-12-02;11;1905
11;2025-12-02;12;1920
11;2025-12-02;13;2071
11;2025-12-02;14;2027
11;2025-12-02;15;2079
11;2025-12-02;16;2293
11;2025-12-02;17;2877
11;2025-12-02;18;3196
11;2025-12-02;19;2341
11;2025-12-02;20;1505
11;2025-12-02;21;886
11;2025-12-02;22;441
11;2025-12-02;23;238
11;2025-12-03;0;67
11;2025-12-03;1;3
11;2025-12-03;2;0
11;2025-12-03;3;0
11;2025-12-03;4;0
11;2025-12-03;5;288
11;2025-12-03;6;1355
11;2025-12-03;7;2481
11;2025-12-03;8;3258
11;2025-12-03;9;2490
11;2025-12-03;10;1970
11;2025-12-03;11;1905
11;2025-12-03;12;1920
11;2025-12-03;13;2071
11;2025-12-03;14;2027
11;2025-12-03;15;2079
11;2025-12-03;16;2293
11;2025-12-03;17;2877
11;2025-12-03;18;3196
11;2025-12-03;19;2341
11;2025-12-03;20;1505
11;2025-12-03;21;886
11;2025-12-03;22;441
11;2025-12-03;23;238
11;2025-12-04;0;67
11;2025-12-04;1;3
11;2025-12-04;2;0
11;2025-12-04;3;0
11;2025-12-04;4;0
11;2025-12-04;5;288
11;2025-12-04;6;1355
11;2025-12-04;7;2481
11;2025-12-04;8;3258
11;2025-12-04;9;2490
11;2025-12-04;10;1970
11;2025-12-04;11;1905
11;2025-12-04;12;1920
11;2025-12-04;13;2071
11;2025-12-04;14;2027
11;2025-12-04;15;2079
11;2025-12-04;16;2293
11;2025-12-04;17;2877
11;2025-12-04;18;3196
11;2025-12-04;19;2341
11;2025-12-04;20;1505
11;2025-12-04;21;886
11;2025-12-04;22;441
11;2025-12-04;23;238
11;2025-12-05;0;70
11;2025-12-05;1;2
11;2025-12-05;2;0
11;2025-12-05;3;0
11;2025-12-05;4;0
11;2025-12-05;5;268
11;2025-12-05;6;1244
11;2025-12-05;7;2224
11;2025-12-05;8;2982
11;2025-12-05;9;2226
11;2025-12-05;10;1802
11;2025-12-05;11;1746
11;2025-12-05;12;1783
11;2025-12-05;13;1837
11;2025-12-05;14;1958
11;2025-12-05;15;2097
11;2025-12-05;16;2303
11;2025-12-05;17;2801
11;2025-12-05;18;2384
11;2025-12-05;19;1887
11;2025-12-05;20;1330
11;2025-12-05;21;841
11;2025-12-05;22;432
11;2025-12-05;23;294
11;2025-12-06;0;111
11;2025-12-06;1;2
11;2025-12-06;2;0
11;2025-12-06;3;0
11;2025-12-06;4;0
11;2025-12-06;5;208
11;2025-12-06;6;838
11;2025-12-06;7;776
11;2025-12-06;8;1072
11;2025-12-06;9;1228
11;2025-12-06;10;1375
11;2025-12-06;11;1786
11;2025-12-06;12;1999
11;2025-12-06;13;1889
11;2025-12-06;14;1993
11;2025-12-06;15;1907
11;2025-12-06;16;1909
11;2025-12-06;17;1946
11;2025-12-06;18;1638
11;2025-12-06;19;1569
11;2025-12-06;20;1134
11;2025-12-06;21;800
11;2025-12-06;22;470
11;2025-12-06;23;316
11;2025-12-07;0;112
11;2025-12-07;1;15
11;2025-12-07;2;0
11;2025-12-07;3;0
11;2025-12-07;4;0
11;2025-12-07;5;120
11;2025-12-07;6;515
11;2025-12-07;7;527
11;2025-12-07;8;680
11;2025-12-07;9;927
11;2025-12-07;10;1040
11;2025-12-07;11;1487
11;2025-12-07;12;1625
11;2025-12-07;13;1566
11;2025-12-07;14;1652
11;2025-12-07;15;1675
11;2025-12-07;16;1590
11;2025-12-07;17;1697
11;2025-12-07;18;1344
11;2025-12-07;19;1100
11;2025-12-07;20;877
11;2025-12-07;21;645
11;2025-12-07;22;373
11;2025-12-07;23;249
11;2025-12-08;0;67
11;2025-12-08;1;3
11;2025-12-08;2;0
11;2025-12-08;3;0
11;2025-12-08;4;0
11;2025-12-08;5;288
11;2025-12-08;6;1355
11;2025-12-08;7;2481
11;2025-12-08;8;3258
11;2025-12-08;9;2490
11;2025-12-08;10;1970
11;2025-12-08;11;1905
11;2025-12-08;12;1920
11;2025-12-08;13;2071
11;2025-12-08;14;2027
11;2025-12-08;15;2079
11;2025-12-08;16;2293
11;2025-12-08;17;2877
11;2025-12-08;18;3196
11;2025-12-08;19;2341
11;2025-12-08;20;1505
11;2025-12-08;21;886
11;2025-12-08;22;441
11;2025-12-08;23;238
11;2025-12-09;0;67
11;2025-12-09;1;3
11;2025-12-09;2;0
11;2025-12-09;3;0
11;2025-12-09;4;0
11;2025-12-09;5;288
11;2025-12-09;6;1355
11;2025-12-09;7;2481
11;2025-12-09;8;3258
11;2025-12-09;9;2490
11;2025-12-09;10;1970
11;2025-12-09;11;1905
11;2025-12-09;12;1920
11;2025-12-09;13;2071
11;2025-12-09;14;2027
11;2025-12-09;15;2079
11;2025-12-09;16;2293
11;2025-12-09;17;2877
11;2025-12-09;18;3196
11;2025-12-09;19;2341
11;2025-12-09;20;1505
11;2025-12-09;21;886
11;2025-12-09;22;441
11;2025-12-09;23;238
11;2025-12-10;0;67
11;2025-12-10;1;3
11;2025-12-10;2;0
11;2025-12-10;3;0
11;2025-12-10;4;0
11;2025-12-10;5;285
11;2025-12-10;6;1343
11;2025-12-10;7;2460
11;2025-12-10;8;3230
11;2025-12-10;9;2468
11;2025-12-10;10;1953
11;2025-12-10;11;1888
11;2025-12-10;12;1904
11;2025-12-10;13;2053
11;2025-12-10;14;2009
11;2025-12-10;15;2061
11;2025-12-10;16;2273
11;2025-12-10;17;2852
11;2025-12-10;18;3168
11;2025-12-10;19;2320
11;2025-12-10;20;1491
11;2025-12-10;21;878
11;2025-12-10;22;437
11;2025-12-10;23;236
11;2025-12-11;0;64
11;2025-12-11;1;3
11;2025-12-11;2;0
11;2025-12-11;3;0
11;2025-12-11;4;0
11;2025-12-11;5;275
11;2025-12-11;6;1295
11;2025-12-11;7;2372
11;2025-12-11;8;3114
11;2025-12-11;9;2380
11;2025-12-11;10;1883
11;2025-12-11;11;1821
11;2025-12-11;12;1836
11;2025-12-11;13;1980
11;2025-12-11;14;1938
11;2025-12-11;15;1988
11;2025-12-11;16;2192
11;2025-12-11;17;2750
11;2025-12-11;18;3055
11;2025-12-11;19;2237
11;2025-12-11;20;1438
11;2025-12-11;21;847
11;2025-12-11;22;421
11;2025-12-11;23;228
11;2025-12-12;0;68
11;2025-12-12;1;2
11;2025-12-12;2;0
11;2025-12-12;3;0
11;2025-12-12;4;0
11;2025-12-12;5;258
11;2025-12-12;6;1198
11;2025-12-12;7;2142
11;2025-12-12;8;2872
11;2025-12-12;9;2144
11;2025-12-12;10;1736
11;2025-12-12;11;1682
11;2025-12-12;12;1718
11;2025-12-12;13;1770
11;2025-12-12;14;1886
11;2025-12-12;15;2020
11;2025-12-12;16;2218
11;2025-12-12;17;2698
11;2025-12-12;18;2297
11;2025-12-12;19;1818
11;2025-12-12;20;1282
11;2025-12-12;21;810
11;2025-12-12;22;416
11;2025-12-12;23;283
11;2025-12-13;0;110
11;2025-12-13;1;2
11;2025-12-13;2;0
11;2025-12-13;3;0
11;2025-12-13;4;0
11;2025-12-13;5;207
11;2025-12-13;6;835
11;2025-12-13;7;773
11;2025-12-13;8;1068
11;2025-12-13;9;1223
11;2025-12-13;10;1369
11;2025-12-13;11;1778
11;2025-12-13;12;1990
11;2025-12-13;13;1881
11;2025-12-13;14;1985
11;2025-12-13;15;1898
11;2025-12-13;16;1901
11;2025-12-13;17;1937
11;2025-12-13;18;1631
11;2025-12-13;19;1562
11;2025-12-13;20;1130
11;2025-12-13;21;796
11;2025-12-13;22;468
11;2025-12-13;23;315
11;2025-12-14;0;112
11;2025-12-14;1;15
11;2025-12-14;2;0
11;2025-12-14;3;0
11;2025-12-14;4;0
11;2025-12-14;5;120
11;2025-12-14;6;514
11;2025-12-14;7;526
11;2025-12-14;8;679
11;2025-12-14;9;926
11;2025-12-14;10;1039
11;2025-12-14;11;1485
11;2025-12-14;12;1623
11;2025-12-14;13;1565
11;2025-12-14;14;1650
11;2025-12-14;15;1673
11;2025-12-14;16;1589
11;2025-12-14;17;1695
11;2025-12-14;18;1342
11;2025-12-14;19;1098
11;2025-12-14;20;876
11;2025-12-14;21;645
11;2025-12-14;22;373
11;2025-12-14;23;249
11;2025-12-15;0;67
11;2025-12-15;1;3
11;2025-12-15;2;0
11;2025-12-15;3;0
11;2025-12-15;4;0
11;2025-12-15;5;287
11;2025-12-15;6;1354
11;2025-12-15;7;2479
11;2025-12-15;8;3255
11;2025-12-15;9;2487
11;2025-12-15;10;1968
11;2025-12-15;11;1903
11;2025-12-15;12;1918
11;2025-12-15;13;2069
11;2025-12-15;14;2025
11;2025-12-15;15;2077
11;2025-12-15;16;2290
11;2025-12-15;17;2874
11;2025-12-15;18;3193
11;2025-12-15;19;2338
11;2025-12-15;20;1503
11;2025-12-15;21;885
11;2025-12-15;22;440
11;2025-12-15;23;238
11;2025-12-16;0;66
11;2025-12-16;1;3
11;2025-12-16;2;0
11;2025-12-16;3;0
11;2025-12-16;4;0
11;2025-12-16;5;283
11;2025-12-16;6;1334
11;2025-12-16;7;2443
11;2025-12-16;8;3208
11;2025-12-16;9;2452
11;2025-12-16;10;1940
11;2025-12-16;11;1876
11;2025-12-16;12;1891
11;2025-12-16;13;2039
11;2025-12-16;14;1996
11;2025-12-16;15;2048
11;2025-12-16;16;2258
11;2025-12-16;17;2833
11;2025-12-16;18;3147
11;2025-12-16;19;2305
11;2025-12-16;20;1482
11;2025-12-16;21;872
11;2025-12-16;22;434
11;2025-12-16;23;235
11;2025-12-17;0;67
11;2025-12-17;1;3
11;2025-12-17;2;0
11;2025-12-17;3;0
11;2025-12-17;4;0
11;2025-12-17;5;288
11;2025-12-17;6;1355
11;2025-12-17;7;2481
11;2025-12-17;8;3258
11;2025-12-17;9;2490
11;2025-12-17;10;1970
11;2025-12-17;11;1905
11;2025-12-17;12;1920
11;2025-12-17;13;2071
11;2025-12-17;14;2027
11;2025-12-17;15;2079
11;2025-12-17;16;2293
11;2025-12-17;17;2877
11;2025-12-17;18;3196
11;2025-12-17;19;2341
11;2025-12-17;20;1505
11;2025-12-17;21;886
11;2025-12-17;22;441
11;2025-12-17;23;238
11;2025-12-18;0;67
11;2025-12-18;1;3
11;2025-12-18;2;0
11;2025-12-18;3;0
11;2025-12-18;4;0
11;2025-12-18;5;288
11;2025-12-18;6;1355
11;2025-12-18;7;2481
11;2025-12-18;8;3258
11;2025-12-18;9;2490
11;2025-12-18;10;1970
11;2025-12-18;11;1905
11;2025-12-18;12;1920
11;2025-12-18;13;2071
11;2025-12-18;14;2027
11;2025-12-18;15;2079
11;2025-12-18;16;2293
11;2025-12-18;17;2877
11;2025-12-18;18;3196
11;2025-12-18;19;2341
11;2025-12-18;20;1505
11;2025-12-18;21;886
11;2025-12-18;22;441
11;2025-12-18;23;238
11;2025-12-19;0;70
11;2025-12-19;1;2
11;2025-12-19;2;0
11;2025-12-19;3;0
11;2025-12-19;4;0
11;2025-12-19;5;268
11;2025-12-19;6;1241
11;2025-12-19;7;2219
11;2025-12-19;8;2975
11;2025-12-19;9;2221
11;2025-12-19;10;1799
11;2025-12-19;11;1743
11;2025-12-19;12;1780
11;2025-12-19;13;1833
11;2025-12-19;14;1953
11;2025-12-19;15;2093
11;2025-12-19;16;2298
11;2025-12-19;17;2795
11;2025-12-19;18;2379
11;2025-12-19;19;1883
11;2025-12-19;20;1327
11;2025-12-19;21;840
11;2025-12-19;22;431
11;2025-12-19;23;293
11;2025-12-20;0;111
11;2025-12-20;1;2
11;2025-12-20;2;0
11;2025-12-20;3;0
11;2025-12-20;4;0
11;2025-12-20;5;208
11;2025-12-20;6;838
11;2025-12-20;7;776
11;2025-12-20;8;1072
11;2025-12-20;9;1228
11;2025-12-20;10;1375
11;2025-12-20;11;1786
11;2025-12-20;12;1999
11;2025-12-20;13;1889
11;2025-12-20;14;1993
11;2025-12-20;15;1907
11;2025-12-20;16;1909
11;2025-12-20;17;1946
11;2025-12-20;18;1638
11;2025-12-20;19;1569
11;2025-12-20;20;1134
11;2025-12-20;21;800
11;2025-12-20;22;470
11;2025-12-20;23;316
11;2025-12-21;0;112
11;2025-12-21;1;15
11;2025-12-21;2;0
11;2025-12-21;3;0
11;2025-12-21;4;0
11;2025-12-21;5;120
11;2025-12-21;6;512
11;2025-12-21;7;524
11;2025-12-21;8;677
11;2025-12-21;9;923
11;2025-12-21;10;1035
11;2025-12-21;11;1481
11;2025-12-21;12;1618
11;2025-12-21;13;1560
11;2025-12-21;14;1644
11;2025-12-21;15;1668
11;2025-12-21;16;1583
11;2025-12-21;17;1689
11;2025-12-21;18;1338
11;2025-12-21;19;1095
11;2025-12-21;20;873
11;2025-12-21;21;642
11;2025-12-21;22;371
11;2025-12-21;23;248
11;2025-12-22;0;67
11;2025-12-22;1;3
11;2025-12-22;2;0
11;2025-12-22;3;0
11;2025-12-22;4;0
11;2025-12-22;5;285
11;2025-12-22;6;1343
11;2025-12-22;7;2460
11;2025-12-22;8;3230
11;2025-12-22;9;2468
11;2025-12-22;10;1953
11;2025-12-22;11;1888
11;2025-12-22;12;1904
11;2025-12-22;13;2053
11;2025-12-22;14;2009
11;2025-12-22;15;2061
11;2025-12-22;16;2273
11;2025-12-22;17;2852
11;2025-12-22;18;3168
11;2025-12-22;19;2320
11;2025-12-22;20;1491
11;2025-12-22;21;878
11;2025-12-22;22;437
11;2025-12-22;23;236
11;2025-12-23;0;65
11;2025-12-23;1;3
11;2025-12-23;2;0
11;2025-12-23;3;0
11;2025-12-23;4;0
11;2025-12-23;5;278
11;2025-12-23;6;1310
11;2025-12-23;7;2398
11;2025-12-23;8;3149
11;2025-12-23;9;2407
11;2025-12-23;10;1904
11;2025-12-23;11;1841
11;2025-12-23;12;1856
11;2025-12-23;13;2002
11;2025-12-23;14;1959
11;2025-12-23;15;2010
11;2025-12-23;16;2216
11;2025-12-23;17;2781
11;2025-12-23;18;3089
11;2025-12-23;19;2262
11;2025-12-23;20;1454
11;2025-12-23;21;856
11;2025-12-23;22;426
11;2025-12-23;23;230
11;2025-12-24;0;65
11;2025-12-24;1;3
11;2025-12-24;2;0
11;2025-12-24;3;0
11;2025-12-24;4;0
11;2025-12-24;5;277
11;2025-12-24;6;1303
11;2025-12-24;7;2385
11;2025-12-24;8;3132
11;2025-12-24;9;2393
11;2025-12-24;10;1894
11;2025-12-24;11;1831
11;2025-12-24;12;1846
11;2025-12-24;13;1991
11;2025-12-24;14;1949
11;2025-12-24;15;1999
11;2025-12-24;16;2204
11;2025-12-24;17;2765
11;2025-12-24;18;3072
11;2025-12-24;19;2250
11;2025-12-24;20;1446
11;2025-12-24;21;852
11;2025-12-24;22;424
11;2025-12-24;23;229
11;2025-12-25;0;66
11;2025-12-25;1;3
11;2025-12-25;2;0
11;2025-12-25;3;0
11;2025-12-25;4;0
11;2025-12-25;5;283
11;2025-12-25;6;1331
11;2025-12-25;7;2438
11;2025-12-25;8;3201
11;2025-12-25;9;2446
11;2025-12-25;10;1935
11;2025-12-25;11;1872
11;2025-12-25;12;1887
11;2025-12-25;13;2035
11;2025-12-25;14;1992
11;2025-12-25;15;2043
11;2025-12-25;16;2253
11;2025-12-25;17;2827
11;2025-12-25;18;3140
11;2025-12-25;19;2300
11;2025-12-25;20;1478
11;2025-12-25;21;870
11;2025-12-25;22;433
11;2025-12-25;23;234
11;2025-12-26;0;67
11;2025-12-26;1;2
11;2025-12-26;2;0
11;2025-12-26;3;0
11;2025-12-26;4;0
11;2025-12-26;5;254
11;2025-12-26;6;1176
11;2025-12-26;7;2102
11;2025-12-26;8;2819
11;2025-12-26;9;2105
11;2025-12-26;10;1704
11;2025-12-26;11;1651
11;2025-12-26;12;1686
11;2025-12-26;13;1737
11;2025-12-26;14;1851
11;2025-12-26;15;1983
11;2025-12-26;16;2177
11;2025-12-26;17;2648
11;2025-12-26;18;2254
11;2025-12-26;19;1784
11;2025-12-26;20;1258
11;2025-12-26;21;795
11;2025-12-26;22;409
11;2025-12-26;23;278
11;2025-12-27;0;110
11;2025-12-27;1;2
11;2025-12-27;2;0
11;2025-12-27;3;0
11;2025-12-27;4;0
11;2025-12-27;5;208
11;2025-12-27;6;836
11;2025-12-27;7;775
11;2025-12-27;8;1070
11;2025-12-27;9;1225
11;2025-12-27;10;1372
11;2025-12-27;11;1782
11;2025-12-27;12;1995
11;2025-12-27;13;1885
11;2025-12-27;14;1989
11;2025-12-27;15;1902
11;2025-12-27;16;1905
11;2025-12-27;17;1942
11;2025-12-27;18;1635
11;2025-12-27;19;1566
11;2025-12-27;20;1132
11;2025-12-27;21;798
11;2025-12-27;22;469
11;2025-12-27;23;315
11;2025-12-28;0;110
11;2025-12-28;1;15
11;2025-12-28;2;0
11;2025-12-28;3;0
11;2025-12-28;4;0
11;2025-12-28;5;118
11;2025-12-28;6;504
11;2025-12-28;7;516
11;2025-12-28;8;666
11;2025-12-28;9;908
11;2025-12-28;10;1018
11;2025-12-28;11;1456
11;2025-12-28;12;1592
11;2025-12-28;13;1534
11;2025-12-28;14;1617
11;2025-12-28;15;1641
11;2025-12-28;16;1558
11;2025-12-28;17;1661
11;2025-12-28;18;1316
11;2025-12-28;19;1077
11;2025-12-28;20;859
11;2025-12-28;21;632
11;2025-12-28;22;365
11;2025-12-28;23;244
11;2025-12-29;0;58
11;2025-12-29;1;3
11;2025-12-29;2;0
11;2025-12-29;3;0
11;2025-12-29;4;0
11;2025-12-29;5;249
11;2025-12-29;6;1172
11;2025-12-29;7;2146
11;2025-12-29;8;2816
11;2025-12-29;9;2153
11;2025-12-29;10;1703
11;2025-12-29;11;1648
11;2025-12-29;12;1660
11;2025-12-29;13;1791
11;2025-12-29;14;1752
11;2025-12-29;15;1798
11;2025-12-29;16;1982
11;2025-12-29;17;2488
11;2025-12-29;18;2763
11;2025-12-29;19;2024
11;2025-12-29;20;1301
11;2025-12-29;21;767
11;2025-12-29;22;381
11;2025-12-29;23;206
11;2025-12-30;0;57
11;2025-12-30;1;3
11;2025-12-30;2;0
11;2025-12-30;3;0
11;2025-12-30;4;0
11;2025-12-30;5;244
11;2025-12-30;6;1149
11;2025-12-30;7;2104
11;2025-12-30;8;2761
11;2025-12-30;9;2110
11;2025-12-30;10;1670
11;2025-12-30;11;1615
11;2025-12-30;12;1628
11;2025-12-30;13;1756
11;2025-12-30;14;1718
11;2025-12-30;15;1763
11;2025-12-30;16;1943
11;2025-12-30;17;2439
11;2025-12-30;18;2709
11;2025-12-30;19;1984
11;2025-12-30;20;1275
11;2025-12-30;21;752
11;2025-12-30;22;374
11;2025-12-30;23;201
11;2025-12-31;0;90
11;2025-12-31;1;1
11;2025-12-31;2;0
11;2025-12-31;3;0
11;2025-12-31;4;0
11;2025-12-31;5;157
11;2025-12-31;6;726
11;2025-12-31;7;681
11;2025-12-31;8;859
11;2025-12-31;9;966
11;2025-12-31;10;1168
11;2025-12-31;11;1403
11;2025-12-31;12;1666
11;2025-12-31;13;1546
11;2025-12-31;14;1726
11;2025-12-31;15;1653
11;2025-12-31;16;1559
11;2025-12-31;17;1585
11;2025-12-31;18;1353
11;2025-12-31;19;1351
11;2025-12-31;20;0
11;2025-12-31;21;0
11;2025-12-31;22;0
11;2025-12-31;23;0
12;2025-11-01;0;30
12;2025-11-01;1;3
12;2025-11-01;2;0
12;2025-11-01;3;0
12;2025-11-01;4;5
12;2025-11-01;5;269
12;2025-11-01;6;1132
12;2025-11-01;7;2194
12;2025-11-01;8;2785
12;2025-11-01;9;1963
12;2025-11-01;10;1569
12;2025-11-01;11;1579
12;2025-11-01;12;1626
12;2025-11-01;13;1685
12;2025-11-01;14;1673
12;2025-11-01;15;1908
12;2025-11-01;16;2425
12;2025-11-01;17;2416
12;2025-11-01;18;2093
12;2025-11-01;19;1791
12;2025-11-01;20;1183
12;2025-11-01;21;815
12;2025-11-01;22;430
12;2025-11-01;23;255
12;2025-11-02;0;85
12;2025-11-02;1;4
12;2025-11-02;2;0
12;2025-11-02;3;0
12;2025-11-02;4;3
12;2025-11-02;5;150
12;2025-11-02;6;517
12;2025-11-02;7;640
12;2025-11-02;8;709
12;2025-11-02;9;904
12;2025-11-02;10;1111
12;2025-11-02;11;1243
12;2025-11-02;12;1303
12;2025-11-02;13;1512
12;2025-11-02;14;1462
12;2025-11-02;15;1369
12;2025-11-02;16;1429
12;2025-11-02;17;1495
12;2025-11-02;18;1268
12;2025-11-02;19;988
12;2025-11-02;20;749
12;2025-11-02;21;581
12;2025-11-02;22;377
12;2025-11-02;23;205
12;2025-11-03;0;84
12;2025-11-03;1;4
12;2025-11-03;2;0
12;2025-11-03;3;0
12;2025-11-03;4;3
12;2025-11-03;5;147
12;2025-11-03;6;507
12;2025-11-03;7;628
12;2025-11-03;8;696
12;2025-11-03;9;887
12;2025-11-03;10;1091
12;2025-11-03;11;1220
12;2025-11-03;12;1279
12;2025-11-03;13;1484
12;2025-11-03;14;1435
12;2025-11-03;15;1344
12;2025-11-03;16;1403
12;2025-11-03;17;1467
12;2025-11-03;18;1244
12;2025-11-03;19;970
12;2025-11-03;20;735
12;2025-11-03;21;570
12;2025-11-03;22;370
12;2025-11-03;23;201
12;2025-11-04;0;83
12;2025-11-04;1;4
12;2025-11-04;2;0
12;2025-11-04;3;0
12;2025-11-04;4;3
12;2025-11-04;5;146
12;2025-11-04;6;502
12;2025-11-04;7;622
12;2025-11-04;8;689
12;2025-11-04;9;879
12;2025-11-04;10;1080
12;2025-11-04;11;1208
12;2025-11-04;12;1266
12;2025-11-04;13;1470
12;2025-11-04;14;1421
12;2025-11-04;15;1331
12;2025-11-04;16;1389
12;2025-11-04;17;1453
12;2025-11-04;18;1232
12;2025-11-04;19;960
12;2025-11-04;20;728
12;2025-11-04;21;564
12;2025-11-04;22;367
12;2025-11-04;23;199
12;2025-11-05;0;57
12;2025-11-05;1;3
12;2025-11-05;2;0
12;2025-11-05;3;0
12;2025-11-05;4;7
12;2025-11-05;5;348
12;2025-11-05;6;1477
12;2025-11-05;7;2837
12;2025-11-05;8;3761
12;2025-11-05;9;2597
12;2025-11-05;10;2120
12;2025-11-05;11;2051
12;2025-11-05;12;2116
12;2025-11-05;13;2100
12;2025-11-05;14;2081
12;2025-11-05;15;2335
12;2025-11-05;16;2828
12;2025-11-05;17;3150
12;2025-11-05;18;3314
12;2025-11-05;19;2597
12;2025-11-05;20;1627
12;2025-11-05;21;987
12;2025-11-05;22;512
12;2025-11-05;23;262
12;2025-11-06;0;56
12;2025-11-06;1;3
12;2025-11-06;2;0
12;2025-11-06;3;0
12;2025-11-06;4;7
12;2025-11-06;5;343
12;2025-11-06;6;1453
12;2025-11-06;7;2791
12;2025-11-06;8;3699
12;2025-11-06;9;2554
12;2025-11-06;10;2085
12;2025-11-06;11;2017
12;2025-11-06;12;2082
12;2025-11-06;13;2066
12;2025-11-06;14;2047
12;2025-11-06;15;2297
12;2025-11-06;16;2782
12;2025-11-06;17;3098
12;2025-11-06;18;3260
12;2025-11-06;19;2554
12;2025-11-06;20;1600
12;2025-11-06;21;971
12;2025-11-06;22;504
12;2025-11-06;23;257
12;2025-11-07;0;59
12;2025-11-07;1;2
12;2025-11-07;2;0
12;2025-11-07;3;0
12;2025-11-07;4;6
12;2025-11-07;5;344
12;2025-11-07;6;1450
12;2025-11-07;7;2810
12;2025-11-07;8;3566
12;2025-11-07;9;2513
12;2025-11-07;10;2009
12;2025-11-07;11;2021
12;2025-11-07;12;2082
12;2025-11-07;13;2158
12;2025-11-07;14;2143
12;2025-11-07;15;2443
12;2025-11-07;16;3105
12;2025-11-07;17;3093
12;2025-11-07;18;2680
12;2025-11-07;19;2293
12;2025-11-07;20;1515
12;2025-11-07;21;1044
12;2025-11-07;22;551
12;2025-11-07;23;325
12;2025-11-08;0;82
12;2025-11-08;1;3
12;2025-11-08;2;0
12;2025-11-08;3;0
12;2025-11-08;4;3
12;2025-11-08;5;245
12;2025-11-08;6;858
12;2025-11-08;7;940
12;2025-11-08;8;1059
12;2025-11-08;9;1251
12;2025-11-08;10;1476
12;2025-11-08;11;1584
12;2025-11-08;12;1560
12;2025-11-08;13;1806
12;2025-11-08;14;1678
12;2025-11-08;15;1589
12;2025-11-08;16;1665
12;2025-11-08;17;1622
12;2025-11-08;18;1578
12;2025-11-08;19;1473
12;2025-11-08;20;1015
12;2025-11-08;21;764
12;2025-11-08;22;440
12;2025-11-08;23;301
12;2025-11-09;0;88
12;2025-11-09;1;5
12;2025-11-09;2;0
12;2025-11-09;3;0
12;2025-11-09;4;3
12;2025-11-09;5;154
12;2025-11-09;6;533
12;2025-11-09;7;660
12;2025-11-09;8;731
12;2025-11-09;9;932
12;2025-11-09;10;1146
12;2025-11-09;11;1281
12;2025-11-09;12;1344
12;2025-11-09;13;1559
12;2025-11-09;14;1507
12;2025-11-09;15;1412
12;2025-11-09;16;1474
12;2025-11-09;17;1542
12;2025-11-09;18;1307
12;2025-11-09;19;1019
12;2025-11-09;20;772
12;2025-11-09;21;599
12;2025-11-09;22;389
12;2025-11-09;23;211
12;2025-11-10;0;57
12;2025-11-10;1;3
12;2025-11-10;2;0
12;2025-11-10;3;0
12;2025-11-10;4;7
12;2025-11-10;5;348
12;2025-11-10;6;1477
12;2025-11-10;7;2837
12;2025-11-10;8;3761
12;2025-11-10;9;2597
12;2025-11-10;10;2120
12;2025-11-10;11;2051
12;2025-11-10;12;2116
12;2025-11-10;13;2100
12;2025-11-10;14;2081
12;2025-11-10;15;2335
12;2025-11-10;16;2828
12;2025-11-10;17;3150
12;2025-11-10;18;3314
12;2025-11-10;19;2597
12;2025-11-10;20;1627
12;2025-11-10;21;987
12;2025-11-10;22;512
12;2025-11-10;23;262
12;2025-11-11;0;57
12;2025-11-11;1;3
12;2025-11-11;2;0
12;2025-11-11;3;0
12;2025-11-11;4;7
12;2025-11-11;5;348
12;2025-11-11;6;1477
12;2025-11-11;7;2837
12;2025-11-11;8;3761
12;2025-11-11;9;2597
12;2025-11-11;10;2120
12;2025-11-11;11;2051
12;2025-11-11;12;2116
12;2025-11-11;13;2100
12;2025-11-11;14;2081
12;2025-11-11;15;2335
12;2025-11-11;16;2828
12;2025-11-11;17;3150
12;2025-11-11;18;3314
12;2025-11-11;19;2597
12;2025-11-11;20;1627
12;2025-11-11;21;987
12;2025-11-11;22;512
12;2025-11-11;23;262
12;2025-11-12;0;56
12;2025-11-12;1;3
12;2025-11-12;2;0
12;2025-11-12;3;0
12;2025-11-12;4;7
12;2025-11-12;5;345
12;2025-11-12;6;1461
12;2025-11-12;7;2806
12;2025-11-12;8;3719
12;2025-11-12;9;2568
12;2025-11-12;10;2097
12;2025-11-12;11;2028
12;2025-11-12;12;2093
12;2025-11-12;13;2077
12;2025-11-12;14;2058
12;2025-11-12;15;2310
12;2025-11-12;16;2797
12;2025-11-12;17;3115
12;2025-11-12;18;3278
12;2025-11-12;19;2568
12;2025-11-12;20;1609
12;2025-11-12;21;976
12;2025-11-12;22;507
12;2025-11-12;23;259
12;2025-11-13;0;57
12;2025-11-13;1;3
12;2025-11-13;2;0
12;2025-11-13;3;0
12;2025-11-13;4;7
12;2025-11-13;5;348
12;2025-11-13;6;1476
12;2025-11-13;7;2834
12;2025-11-13;8;3756
12;2025-11-13;9;2594
12;2025-11-13;10;2117
12;2025-11-13;11;2049
12;2025-11-13;12;2114
12;2025-11-13;13;2098
12;2025-11-13;14;2079
12;2025-11-13;15;2332
12;2025-11-13;16;2825
12;2025-11-13;17;3146
12;2025-11-13;18;3311
12;2025-11-13;19;2594
12;2025-11-13;20;1625
12;2025-11-13;21;986
12;2025-11-13;22;512
12;2025-11-13;23;261
12;2025-11-14;0;59
12;2025-11-14;1;2
12;2025-11-14;2;0
12;2025-11-14;3;0
12;2025-11-14;4;6
12;2025-11-14;5;345
12;2025-11-14;6;1453
12;2025-11-14;7;2816
12;2025-11-14;8;3573
12;2025-11-14;9;2519
12;2025-11-14;10;2014
12;2025-11-14;11;2026
12;2025-11-14;12;2086
12;2025-11-14;13;2162
12;2025-11-14;14;2147
12;2025-11-14;15;2449
12;2025-11-14;16;3112
12;2025-11-14;17;3100
12;2025-11-14;18;2686
12;2025-11-14;19;2298
12;2025-11-14;20;1518
12;2025-11-14;21;1046
12;2025-11-14;22;552
12;2025-11-14;23;326
12;2025-11-15;0;76
12;2025-11-15;1;3
12;2025-11-15;2;0
12;2025-11-15;3;0
12;2025-11-15;4;3
12;2025-11-15;5;229
12;2025-11-15;6;800
12;2025-11-15;7;877
12;2025-11-15;8;988
12;2025-11-15;9;1167
12;2025-11-15;10;1377
12;2025-11-15;11;1478
12;2025-11-15;12;1456
12;2025-11-15;13;1685
12;2025-11-15;14;1565
12;2025-11-15;15;1483
12;2025-11-15;16;1553
12;2025-11-15;17;1513
12;2025-11-15;18;1473
12;2025-11-15;19;1374
12;2025-11-15;20;947
12;2025-11-15;21;713
12;2025-11-15;22;411
12;2025-11-15;23;281
12;2025-11-16;0;88
12;2025-11-16;1;5
12;2025-11-16;2;0
12;2025-11-16;3;0
12;2025-11-16;4;3
12;2025-11-16;5;154
12;2025-11-16;6;533
12;2025-11-16;7;660
12;2025-11-16;8;731
12;2025-11-16;9;932
12;2025-11-16;10;1146
12;2025-11-16;11;1281
12;2025-11-16;12;1344
12;2025-11-16;13;1559
12;2025-11-16;14;1507
12;2025-11-16;15;1412
12;2025-11-16;16;1474
12;2025-11-16;17;1542
12;2025-11-16;18;1307
12;2025-11-16;19;1019
12;2025-11-16;20;772
12;2025-11-16;21;599
12;2025-11-16;22;389
12;2025-11-16;23;211
12;2025-11-17;0;55
12;2025-11-17;1;3
12;2025-11-17;2;0
12;2025-11-17;3;0
12;2025-11-17;4;7
12;2025-11-17;5;338
12;2025-11-17;6;1431
12;2025-11-17;7;2748
12;2025-11-17;8;3642
12;2025-11-17;9;2515
12;2025-11-17;10;2053
12;2025-11-17;11;1986
12;2025-11-17;12;2050
12;2025-11-17;13;2034
12;2025-11-17;14;2016
12;2025-11-17;15;2262
12;2025-11-17;16;2739
12;2025-11-17;17;3051
12;2025-11-17;18;3210
12;2025-11-17;19;2515
12;2025-11-17;20;1575
12;2025-11-17;21;956
12;2025-11-17;22;496
12;2025-11-17;23;253
12;2025-11-18;0;54
12;2025-11-18;1;3
12;2025-11-18;2;0
12;2025-11-18;3;0
12;2025-11-18;4;6
12;2025-11-18;5;331
12;2025-11-18;6;1403
12;2025-11-18;7;2694
12;2025-11-18;8;3571
12;2025-11-18;9;2466
12;2025-11-18;10;2013
12;2025-11-18;11;1948
12;2025-11-18;12;2010
12;2025-11-18;13;1994
12;2025-11-18;14;1976
12;2025-11-18;15;2217
12;2025-11-18;16;2686
12;2025-11-18;17;2991
12;2025-11-18;18;3147
12;2025-11-18;19;2466
12;2025-11-18;20;1545
12;2025-11-18;21;937
12;2025-11-18;22;486
12;2025-11-18;23;248
12;2025-11-19;0;57
12;2025-11-19;1;3
12;2025-11-19;2;0
12;2025-11-19;3;0
12;2025-11-19;4;7
12;2025-11-19;5;348
12;2025-11-19;6;1477
12;2025-11-19;7;2837
12;2025-11-19;8;3761
12;2025-11-19;9;2597
12;2025-11-19;10;2120
12;2025-11-19;11;2051
12;2025-11-19;12;2116
12;2025-11-19;13;2100
12;2025-11-19;14;2081
12;2025-11-19;15;2335
12;2025-11-19;16;2828
12;2025-11-19;17;3150
12;2025-11-19;18;3314
12;2025-11-19;19;2597
12;2025-11-19;20;1627
12;2025-11-19;21;987
12;2025-11-19;22;512
12;2025-11-19;23;262
12;2025-11-20;0;57
12;2025-11-20;1;3
12;2025-11-20;2;0
12;2025-11-20;3;0
12;2025-11-20;4;7
12;2025-11-20;5;348
12;2025-11-20;6;1477
12;2025-11-20;7;2837
12;2025-11-20;8;3761
12;2025-11-20;9;2597
12;2025-11-20;10;2120
12;2025-11-20;11;2051
12;2025-11-20;12;2116
12;2025-11-20;13;2100
12;2025-11-20;14;2081
12;2025-11-20;15;2335
12;2025-11-20;16;2828
12;2025-11-20;17;3150
12;2025-11-20;18;3314
12;2025-11-20;19;2597
12;2025-11-20;20;1627
12;2025-11-20;21;987
12;2025-11-20;22;512
12;2025-11-20;23;262
12;2025-11-21;0;59
12;2025-11-21;1;2
12;2025-11-21;2;0
12;2025-11-21;3;0
12;2025-11-21;4;6
12;2025-11-21;5;345
12;2025-11-21;6;1453
12;2025-11-21;7;2816
12;2025-11-21;8;3573
12;2025-11-21;9;2519
12;2025-11-21;10;2014
12;2025-11-21;11;2026
12;2025-11-21;12;2086
12;2025-11-21;13;2162
12;2025-11-21;14;2147
12;2025-11-21;15;2449
12;2025-11-21;16;3112
12;2025-11-21;17;3100
12;2025-11-21;18;2686
12;2025-11-21;19;2298
12;2025-11-21;20;1518
12;2025-11-21;21;1046
12;2025-11-21;22;552
12;2025-11-21;23;326
12;2025-11-22;0;81
12;2025-11-22;1;3
12;2025-11-22;2;0
12;2025-11-22;3;0
12;2025-11-22;4;3
12;2025-11-22;5;242
12;2025-11-22;6;847
12;2025-11-22;7;929
12;2025-11-22;8;1046
12;2025-11-22;9;1236
12;2025-11-22;10;1458
12;2025-11-22;11;1565
12;2025-11-22;12;1541
12;2025-11-22;13;1784
12;2025-11-22;14;1658
12;2025-11-22;15;1570
12;2025-11-22;16;1645
12;2025-11-22;17;1602
12;2025-11-22;18;1559
12;2025-11-22;19;1455
12;2025-11-22;20;1003
12;2025-11-22;21;755
12;2025-11-22;22;435
12;2025-11-22;23;297
12;2025-11-23;0;88
12;2025-11-23;1;5
12;2025-11-23;2;0
12;2025-11-23;3;0
12;2025-11-23;4;3
12;2025-11-23;5;154
12;2025-11-23;6;533
12;2025-11-23;7;660
12;2025-11-23;8;731
12;2025-11-23;9;932
12;2025-11-23;10;1146
12;2025-11-23;11;1281
12;2025-11-23;12;1344
12;2025-11-23;13;1559
12;2025-11-23;14;1507
12;2025-11-23;15;1412
12;2025-11-23;16;1474
12;2025-11-23;17;1542
12;2025-11-23;18;1307
12;2025-11-23;19;1019
12;2025-11-23;20;772
12;2025-11-23;21;599
12;2025-11-23;22;389
12;2025-11-23;23;211
12;2025-11-24;0;54
12;2025-11-24;1;3
12;2025-11-24;2;0
12;2025-11-24;3;0
12;2025-11-24;4;6
12;2025-11-24;5;333
12;2025-11-24;6;1410
12;2025-11-24;7;2709
12;2025-11-24;8;3591
12;2025-11-24;9;2480
12;2025-11-24;10;2024
12;2025-11-24;11;1958
12;2025-11-24;12;2021
12;2025-11-24;13;2005
12;2025-11-24;14;1987
12;2025-11-24;15;2230
12;2025-11-24;16;2700
12;2025-11-24;17;3007
12;2025-11-24;18;3165
12;2025-11-24;19;2479
12;2025-11-24;20;1553
12;2025-11-24;21;942
12;2025-11-24;22;489
12;2025-11-24;23;250
12;2025-11-25;0;57
12;2025-11-25;1;3
12;2025-11-25;2;0
12;2025-11-25;3;0
12;2025-11-25;4;7
12;2025-11-25;5;348
12;2025-11-25;6;1477
12;2025-11-25;7;2837
12;2025-11-25;8;3761
12;2025-11-25;9;2597
12;2025-11-25;10;2120
12;2025-11-25;11;2051
12;2025-11-25;12;2116
12;2025-11-25;13;2100
12;2025-11-25;14;2081
12;2025-11-25;15;2335
12;2025-11-25;16;2828
12;2025-11-25;17;3150
12;2025-11-25;18;3314
12;2025-11-25;19;2597
12;2025-11-25;20;1627
12;2025-11-25;21;987
12;2025-11-25;22;512
12;2025-11-25;23;262
12;2025-11-26;0;54
12;2025-11-26;1;3
12;2025-11-26;2;0
12;2025-11-26;3;0
12;2025-11-26;4;6
12;2025-11-26;5;332
12;2025-11-26;6;1406
12;2025-11-26;7;2700
12;2025-11-26;8;3579
12;2025-11-26;9;2471
12;2025-11-26;10;2017
12;2025-11-26;11;1952
12;2025-11-26;12;2014
12;2025-11-26;13;1999
12;2025-11-26;14;1981
12;2025-11-26;15;2222
12;2025-11-26;16;2692
12;2025-11-26;17;2997
12;2025-11-26;18;3154
12;2025-11-26;19;2471
12;2025-11-26;20;1548
12;2025-11-26;21;939
12;2025-11-26;22;487
12;2025-11-26;23;249
12;2025-11-27;0;54
12;2025-11-27;1;3
12;2025-11-27;2;0
12;2025-11-27;3;0
12;2025-11-27;4;6
12;2025-11-27;5;335
12;2025-11-27;6;1420
12;2025-11-27;7;2727
12;2025-11-27;8;3615
12;2025-11-27;9;2496
12;2025-11-27;10;2038
12;2025-11-27;11;1971
12;2025-11-27;12;2034
12;2025-11-27;13;2019
12;2025-11-27;14;2000
12;2025-11-27;15;2244
12;2025-11-27;16;2718
12;2025-11-27;17;3027
12;2025-11-27;18;3185
12;2025-11-27;19;2496
12;2025-11-27;20;1563
12;2025-11-27;21;948
12;2025-11-27;22;492
12;2025-11-27;23;251
12;2025-11-28;0;59
12;2025-11-28;1;2
12;2025-11-28;2;0
12;2025-11-28;3;0
12;2025-11-28;4;6
12;2025-11-28;5;346
12;2025-11-28;6;1458
12;2025-11-28;7;2825
12;2025-11-28;8;3585
12;2025-11-28;9;2527
12;2025-11-28;10;2020
12;2025-11-28;11;2032
12;2025-11-28;12;2093
12;2025-11-28;13;2170
12;2025-11-28;14;2154
12;2025-11-28;15;2457
12;2025-11-28;16;3122
12;2025-11-28;17;3110
12;2025-11-28;18;2695
12;2025-11-28;19;2305
12;2025-11-28;20;1523
12;2025-11-28;21;1049
12;2025-11-28;22;554
12;2025-11-28;23;327
12;2025-11-29;0;82
12;2025-11-29;1;3
12;2025-11-29;2;0
12;2025-11-29;3;0
12;2025-11-29;4;3
12;2025-11-29;5;245
12;2025-11-29;6;858
12;2025-11-29;7;940
12;2025-11-29;8;1059
12;2025-11-29;9;1251
12;2025-11-29;10;1476
12;2025-11-29;11;1584
12;2025-11-29;12;1560
12;2025-11-29;13;1806
12;2025-11-29;14;1678
12;2025-11-29;15;1589
12;2025-11-29;16;1665
12;2025-11-29;17;1622
12;2025-11-29;18;1578
12;2025-11-29;19;1473
12;2025-11-29;20;1015
12;2025-11-29;21;764
12;2025-11-29;22;440
12;2025-11-29;23;301
12;2025-11-30;0;88
12;2025-11-30;1;5
12;2025-11-30;2;0
12;2025-11-30;3;0
12;2025-11-30;4;3
12;2025-11-30;5;154
12;2025-11-30;6;533
12;2025-11-30;7;660
12;2025-11-30;8;731
12;2025-11-30;9;932
12;2025-11-30;10;1146
12;2025-11-30;11;1281
12;2025-11-30;12;1344
12;2025-11-30;13;1559
12;2025-11-30;14;1507
12;2025-11-30;15;1412
12;2025-11-30;16;1474
12;2025-11-30;17;1542
12;2025-11-30;18;1307
12;2025-11-30;19;1019
12;2025-11-30;20;772
12;2025-11-30;21;599
12;2025-11-30;22;389
12;2025-11-30;23;211
12;2025-12-01;0;55
12;2025-12-01;1;3
12;2025-12-01;2;0
12;2025-12-01;3;0
12;2025-12-01;4;7
12;2025-12-01;5;338
12;2025-12-01;6;1434
12;2025-12-01;7;2754
12;2025-12-01;8;3651
12;2025-12-01;9;2521
12;2025-12-01;10;2058
12;2025-12-01;11;1991
12;2025-12-01;12;2055
12;2025-12-01;13;2039
12;2025-12-01;14;2020
12;2025-12-01;15;2267
12;2025-12-01;16;2746
12;2025-12-01;17;3058
12;2025-12-01;18;3218
12;2025-12-01;19;2521
12;2025-12-01;20;1579
12;2025-12-01;21;958
12;2025-12-01;22;497
12;2025-12-01;23;254
12;2025-12-02;0;55
12;2025-12-02;1;3
12;2025-12-02;2;0
12;2025-12-02;3;0
12;2025-12-02;4;7
12;2025-12-02;5;338
12;2025-12-02;6;1434
12;2025-12-02;7;2754
12;2025-12-02;8;3651
12;2025-12-02;9;2521
12;2025-12-02;10;2058
12;2025-12-02;11;1991
12;2025-12-02;12;2055
12;2025-12-02;13;2039
12;2025-12-02;14;2020
12;2025-12-02;15;2267
12;2025-12-02;16;2746
12;2025-12-02;17;3058
12;2025-12-02;18;3218
12;2025-12-02;19;2521
12;2025-12-02;20;1579
12;2025-12-02;21;958
12;2025-12-02;22;497
12;2025-12-02;23;254
12;2025-12-03;0;55
12;2025-12-03;1;3
12;2025-12-03;2;0
12;2025-12-03;3;0
12;2025-12-03;4;7
12;2025-12-03;5;338
12;2025-12-03;6;1434
12;2025-12-03;7;2754
12;2025-12-03;8;3651
12;2025-12-03;9;2521
12;2025-12-03;10;2058
12;2025-12-03;11;1991
12;2025-12-03;12;2055
12;2025-12-03;13;2039
12;2025-12-03;14;2020
12;2025-12-03;15;2267
12;2025-12-03;16;2746
12;2025-12-03;17;3058
12;2025-12-03;18;3218
12;2025-12-03;19;2521
12;2025-12-03;20;1579
12;2025-12-03;21;958
12;2025-12-03;22;497
12;2025-12-03;23;254
12;2025-12-04;0;55
12;2025-12-04;1;3
12;2025-12-04;2;0
12;2025-12-04;3;0
12;2025-12-04;4;7
12;2025-12-04;5;338
12;2025-12-04;6;1434
12;2025-12-04;7;2754
12;2025-12-04;8;3651
12;2025-12-04;9;2521
12;2025-12-04;10;2058
12;2025-12-04;11;1991
12;2025-12-04;12;2055
12;2025-12-04;13;2039
12;2025-12-04;14;2020
12;2025-12-04;15;2267
12;2025-12-04;16;2746
12;2025-12-04;17;3058
12;2025-12-04;18;3218
12;2025-12-04;19;2521
12;2025-12-04;20;1579
12;2025-12-04;21;958
12;2025-12-04;22;497
12;2025-12-04;23;254
12;2025-12-05;0;57
12;2025-12-05;1;2
12;2025-12-05;2;0
12;2025-12-05;3;0
12;2025-12-05;4;6
12;2025-12-05;5;336
12;2025-12-05;6;1415
12;2025-12-05;7;2743
12;2025-12-05;8;3481
12;2025-12-05;9;2453
12;2025-12-05;10;1962
12;2025-12-05;11;1973
12;2025-12-05;12;2032
12;2025-12-05;13;2106
12;2025-12-05;14;2092
12;2025-12-05;15;2385
12;2025-12-05;16;3031
12;2025-12-05;17;3020
12;2025-12-05;18;2616
12;2025-12-05;19;2238
12;2025-12-05;20;1479
12;2025-12-05;21;1019
12;2025-12-05;22;537
12;2025-12-05;23;318
12;2025-12-06;0;79
12;2025-12-06;1;3
12;2025-12-06;2;0
12;2025-12-06;3;0
12;2025-12-06;4;3
12;2025-12-06;5;238
12;2025-12-06;6;833
12;2025-12-06;7;913
12;2025-12-06;8;1028
12;2025-12-06;9;1215
12;2025-12-06;10;1433
12;2025-12-06;11;1538
12;2025-12-06;12;1515
12;2025-12-06;13;1753
12;2025-12-06;14;1629
12;2025-12-06;15;1543
12;2025-12-06;16;1616
12;2025-12-06;17;1575
12;2025-12-06;18;1532
12;2025-12-06;19;1430
12;2025-12-06;20;986
12;2025-12-06;21;742
12;2025-12-06;22;427
12;2025-12-06;23;292
12;2025-12-07;0;85
12;2025-12-07;1;4
12;2025-12-07;2;0
12;2025-12-07;3;0
12;2025-12-07;4;3
12;2025-12-07;5;150
12;2025-12-07;6;517
12;2025-12-07;7;641
12;2025-12-07;8;710
12;2025-12-07;9;905
12;2025-12-07;10;1112
12;2025-12-07;11;1244
12;2025-12-07;12;1304
12;2025-12-07;13;1514
12;2025-12-07;14;1464
12;2025-12-07;15;1371
12;2025-12-07;16;1431
12;2025-12-07;17;1497
12;2025-12-07;18;1269
12;2025-12-07;19;989
12;2025-12-07;20;750
12;2025-12-07;21;581
12;2025-12-07;22;378
12;2025-12-07;23;205
12;2025-12-08;0;55
12;2025-12-08;1;3
12;2025-12-08;2;0
12;2025-12-08;3;0
12;2025-12-08;4;7
12;2025-12-08;5;338
12;2025-12-08;6;1434
12;2025-12-08;7;2754
12;2025-12-08;8;3651
12;2025-12-08;9;2521
12;2025-12-08;10;2058
12;2025-12-08;11;1991
12;2025-12-08;12;2055
12;2025-12-08;13;2039
12;2025-12-08;14;2020
12;2025-12-08;15;2267
12;2025-12-08;16;2746
12;2025-12-08;17;3058
12;2025-12-08;18;3218
12;2025-12-08;19;2521
12;2025-12-08;20;1579
12;2025-12-08;21;958
12;2025-12-08;22;497
12;2025-12-08;23;254
12;2025-12-09;0;55
12;2025-12-09;1;3
12;2025-12-09;2;0
12;2025-12-09;3;0
12;2025-12-09;4;7
12;2025-12-09;5;338
12;2025-12-09;6;1434
12;2025-12-09;7;2754
12;2025-12-09;8;3651
12;2025-12-09;9;2521
12;2025-12-09;10;2058
12;2025-12-09;11;1991
12;2025-12-09;12;2055
12;2025-12-09;13;2039
12;2025-12-09;14;2020
12;2025-12-09;15;2267
12;2025-12-09;16;2746
12;2025-12-09;17;3058
12;2025-12-09;18;3218
12;2025-12-09;19;2521
12;2025-12-09;20;1579
12;2025-12-09;21;958
12;2025-12-09;22;497
12;2025-12-09;23;254
12;2025-12-10;0;55
12;2025-12-10;1;3
12;2025-12-10;2;0
12;2025-12-10;3;0
12;2025-12-10;4;6
12;2025-12-10;5;335
12;2025-12-10;6;1422
12;2025-12-10;7;2730
12;2025-12-10;8;3619
12;2025-12-10;9;2499
12;2025-12-10;10;2040
12;2025-12-10;11;1974
12;2025-12-10;12;2037
12;2025-12-10;13;2021
12;2025-12-10;14;2003
12;2025-12-10;15;2247
12;2025-12-10;16;2722
12;2025-12-10;17;3031
12;2025-12-10;18;3189
12;2025-12-10;19;2499
12;2025-12-10;20;1565
12;2025-12-10;21;950
12;2025-12-10;22;493
12;2025-12-10;23;252
12;2025-12-11;0;53
12;2025-12-11;1;3
12;2025-12-11;2;0
12;2025-12-11;3;0
12;2025-12-11;4;6
12;2025-12-11;5;323
12;2025-12-11;6;1371
12;2025-12-11;7;2633
12;2025-12-11;8;3490
12;2025-12-11;9;2410
12;2025-12-11;10;1967
12;2025-12-11;11;1903
12;2025-12-11;12;1964
12;2025-12-11;13;1949
12;2025-12-11;14;1931
12;2025-12-11;15;2167
12;2025-12-11;16;2625
12;2025-12-11;17;2923
12;2025-12-11;18;3076
12;2025-12-11;19;2410
12;2025-12-11;20;1510
12;2025-12-11;21;916
12;2025-12-11;22;475
12;2025-12-11;23;243
12;2025-12-12;0;55
12;2025-12-12;1;1
12;2025-12-12;2;0
12;2025-12-12;3;0
12;2025-12-12;4;6
12;2025-12-12;5;324
12;2025-12-12;6;1363
12;2025-12-12;7;2642
12;2025-12-12;8;3353
12;2025-12-12;9;2363
12;2025-12-12;10;1890
12;2025-12-12;11;1901
12;2025-12-12;12;1958
12;2025-12-12;13;2029
12;2025-12-12;14;2015
12;2025-12-12;15;2298
12;2025-12-12;16;2920
12;2025-12-12;17;2909
12;2025-12-12;18;2520
12;2025-12-12;19;2156
12;2025-12-12;20;1424
12;2025-12-12;21;981
12;2025-12-12;22;518
12;2025-12-12;23;306
12;2025-12-13;0;79
12;2025-12-13;1;3
12;2025-12-13;2;0
12;2025-12-13;3;0
12;2025-12-13;4;3
12;2025-12-13;5;237
12;2025-12-13;6;829
12;2025-12-13;7;909
12;2025-12-13;8;1023
12;2025-12-13;9;1209
12;2025-12-13;10;1426
12;2025-12-13;11;1531
12;2025-12-13;12;1508
12;2025-12-13;13;1746
12;2025-12-13;14;1622
12;2025-12-13;15;1536
12;2025-12-13;16;1609
12;2025-12-13;17;1568
12;2025-12-13;18;1526
12;2025-12-13;19;1424
12;2025-12-13;20;981
12;2025-12-13;21;739
12;2025-12-13;22;426
12;2025-12-13;23;291
12;2025-12-14;0;85
12;2025-12-14;1;4
12;2025-12-14;2;0
12;2025-12-14;3;0
12;2025-12-14;4;3
12;2025-12-14;5;150
12;2025-12-14;6;517
12;2025-12-14;7;640
12;2025-12-14;8;709
12;2025-12-14;9;904
12;2025-12-14;10;1111
12;2025-12-14;11;1243
12;2025-12-14;12;1303
12;2025-12-14;13;1512
12;2025-12-14;14;1462
12;2025-12-14;15;1369
12;2025-12-14;16;1429
12;2025-12-14;17;1495
12;2025-12-14;18;1268
12;2025-12-14;19;988
12;2025-12-14;20;749
12;2025-12-14;21;581
12;2025-12-14;22;377
12;2025-12-14;23;205
12;2025-12-15;0;55
12;2025-12-15;1;3
12;2025-12-15;2;0
12;2025-12-15;3;0
12;2025-12-15;4;7
12;2025-12-15;5;338
12;2025-12-15;6;1433
12;2025-12-15;7;2751
12;2025-12-15;8;3647
12;2025-12-15;9;2518
12;2025-12-15;10;2056
12;2025-12-15;11;1989
12;2025-12-15;12;2052
12;2025-12-15;13;2037
12;2025-12-15;14;2018
12;2025-12-15;15;2265
12;2025-12-15;16;2743
12;2025-12-15;17;3054
12;2025-12-15;18;3214
12;2025-12-15;19;2518
12;2025-12-15;20;1577
12;2025-12-15;21;957
12;2025-12-15;22;497
12;2025-12-15;23;254
12;2025-12-16;0;54
12;2025-12-16;1;3
12;2025-12-16;2;0
12;2025-12-16;3;0
12;2025-12-16;4;6
12;2025-12-16;5;333
12;2025-12-16;6;1412
12;2025-12-16;7;2712
12;2025-12-16;8;3595
12;2025-12-16;9;2483
12;2025-12-16;10;2027
12;2025-12-16;11;1961
12;2025-12-16;12;2023
12;2025-12-16;13;2008
12;2025-12-16;14;1990
12;2025-12-16;15;2232
12;2025-12-16;16;2704
12;2025-12-16;17;3011
12;2025-12-16;18;3168
12;2025-12-16;19;2483
12;2025-12-16;20;1555
12;2025-12-16;21;943
12;2025-12-16;22;490
12;2025-12-16;23;250
12;2025-12-17;0;55
12;2025-12-17;1;3
12;2025-12-17;2;0
12;2025-12-17;3;0
12;2025-12-17;4;7
12;2025-12-17;5;338
12;2025-12-17;6;1434
12;2025-12-17;7;2754
12;2025-12-17;8;3651
12;2025-12-17;9;2521
12;2025-12-17;10;2058
12;2025-12-17;11;1991
12;2025-12-17;12;2055
12;2025-12-17;13;2039
12;2025-12-17;14;2020
12;2025-12-17;15;2267
12;2025-12-17;16;2746
12;2025-12-17;17;3058
12;2025-12-17;18;3218
12;2025-12-17;19;2521
12;2025-12-17;20;1579
12;2025-12-17;21;958
12;2025-12-17;22;497
12;2025-12-17;23;254
12;2025-12-18;0;55
12;2025-12-18;1;3
12;2025-12-18;2;0
12;2025-12-18;3;0
12;2025-12-18;4;7
12;2025-12-18;5;338
12;2025-12-18;6;1434
12;2025-12-18;7;2754
12;2025-12-18;8;3651
12;2025-12-18;9;2521
12;2025-12-18;10;2058
12;2025-12-18;11;1991
12;2025-12-18;12;2055
12;2025-12-18;13;2039
12;2025-12-18;14;2020
12;2025-12-18;15;2267
12;2025-12-18;16;2746
12;2025-12-18;17;3058
12;2025-12-18;18;3218
12;2025-12-18;19;2521
12;2025-12-18;20;1579
12;2025-12-18;21;958
12;2025-12-18;22;497
12;2025-12-18;23;254
12;2025-12-19;0;57
12;2025-12-19;1;2
12;2025-12-19;2;0
12;2025-12-19;3;0
12;2025-12-19;4;6
12;2025-12-19;5;335
12;2025-12-19;6;1412
12;2025-12-19;7;2737
12;2025-12-19;8;3473
12;2025-12-19;9;2448
12;2025-12-19;10;1957
12;2025-12-19;11;1969
12;2025-12-19;12;2028
12;2025-12-19;13;2102
12;2025-12-19;14;2087
12;2025-12-19;15;2380
12;2025-12-19;16;3025
12;2025-12-19;17;3013
12;2025-12-19;18;2610
12;2025-12-19;19;2233
12;2025-12-19;20;1475
12;2025-12-19;21;1017
12;2025-12-19;22;536
12;2025-12-19;23;317
12;2025-12-20;0;79
12;2025-12-20;1;3
12;2025-12-20;2;0
12;2025-12-20;3;0
12;2025-12-20;4;3
12;2025-12-20;5;238
12;2025-12-20;6;833
12;2025-12-20;7;913
12;2025-12-20;8;1028
12;2025-12-20;9;1215
12;2025-12-20;10;1433
12;2025-12-20;11;1538
12;2025-12-20;12;1515
12;2025-12-20;13;1753
12;2025-12-20;14;1629
12;2025-12-20;15;1543
12;2025-12-20;16;1616
12;2025-12-20;17;1575
12;2025-12-20;18;1532
12;2025-12-20;19;1430
12;2025-12-20;20;986
12;2025-12-20;21;742
12;2025-12-20;22;427
12;2025-12-20;23;292
12;2025-12-21;0;85
12;2025-12-21;1;4
12;2025-12-21;2;0
12;2025-12-21;3;0
12;2025-12-21;4;3
12;2025-12-21;5;149
12;2025-12-21;6;515
12;2025-12-21;7;638
12;2025-12-21;8;707
12;2025-12-21;9;901
12;2025-12-21;10;1108
12;2025-12-21;11;1239
12;2025-12-21;12;1299
12;2025-12-21;13;1507
12;2025-12-21;14;1457
12;2025-12-21;15;1365
12;2025-12-21;16;1425
12;2025-12-21;17;1490
12;2025-12-21;18;1264
12;2025-12-21;19;985
12;2025-12-21;20;746
12;2025-12-21;21;579
12;2025-12-21;22;376
12;2025-12-21;23;204
12;2025-12-22;0;55
12;2025-12-22;1;3
12;2025-12-22;2;0
12;2025-12-22;3;0
12;2025-12-22;4;6
12;2025-12-22;5;335
12;2025-12-22;6;1422
12;2025-12-22;7;2730
12;2025-12-22;8;3619
12;2025-12-22;9;2499
12;2025-12-22;10;2040
12;2025-12-22;11;1974
12;2025-12-22;12;2037
12;2025-12-22;13;2021
12;2025-12-22;14;2003
12;2025-12-22;15;2247
12;2025-12-22;16;2722
12;2025-12-22;17;3031
12;2025-12-22;18;3189
12;2025-12-22;19;2499
12;2025-12-22;20;1565
12;2025-12-22;21;950
12;2025-12-22;22;493
12;2025-12-22;23;252
12;2025-12-23;0;53
12;2025-12-23;1;3
12;2025-12-23;2;0
12;2025-12-23;3;0
12;2025-12-23;4;6
12;2025-12-23;5;327
12;2025-12-23;6;1386
12;2025-12-23;7;2662
12;2025-12-23;8;3529
12;2025-12-23;9;2437
12;2025-12-23;10;1989
12;2025-12-23;11;1925
12;2025-12-23;12;1986
12;2025-12-23;13;1971
12;2025-12-23;14;1953
12;2025-12-23;15;2191
12;2025-12-23;16;2654
12;2025-12-23;17;2956
12;2025-12-23;18;3110
12;2025-12-23;19;2437
12;2025-12-23;20;1526
12;2025-12-23;21;926
12;2025-12-23;22;481
12;2025-12-23;23;246
12;2025-12-24;0;53
12;2025-12-24;1;3
12;2025-12-24;2;0
12;2025-12-24;3;0
12;2025-12-24;4;6
12;2025-12-24;5;325
12;2025-12-24;6;1379
12;2025-12-24;7;2648
12;2025-12-24;8;3510
12;2025-12-24;9;2424
12;2025-12-24;10;1978
12;2025-12-24;11;1914
12;2025-12-24;12;1975
12;2025-12-24;13;1960
12;2025-12-24;14;1942
12;2025-12-24;15;2179
12;2025-12-24;16;2639
12;2025-12-24;17;2939
12;2025-12-24;18;3093
12;2025-12-24;19;2423
12;2025-12-24;20;1518
12;2025-12-24;21;921
12;2025-12-24;22;478
12;2025-12-24;23;244
12;2025-12-25;0;54
12;2025-12-25;1;3
12;2025-12-25;2;0
12;2025-12-25;3;0
12;2025-12-25;4;6
12;2025-12-25;5;332
12;2025-12-25;6;1409
12;2025-12-25;7;2706
12;2025-12-25;8;3587
12;2025-12-25;9;2477
12;2025-12-25;10;2022
12;2025-12-25;11;1956
12;2025-12-25;12;2019
12;2025-12-25;13;2003
12;2025-12-25;14;1985
12;2025-12-25;15;2227
12;2025-12-25;16;2698
12;2025-12-25;17;3004
12;2025-12-25;18;3162
12;2025-12-25;19;2477
12;2025-12-25;20;1552
12;2025-12-25;21;941
12;2025-12-25;22;489
12;2025-12-25;23;250
12;2025-12-26;0;54
12;2025-12-26;1;1
12;2025-12-26;2;0
12;2025-12-26;3;0
12;2025-12-26;4;6
12;2025-12-26;5;318
12;2025-12-26;6;1338
12;2025-12-26;7;2593
12;2025-12-26;8;3291
12;2025-12-26;9;2320
12;2025-12-26;10;1855
12;2025-12-26;11;1866
12;2025-12-26;12;1921
12;2025-12-26;13;1992
12;2025-12-26;14;1978
12;2025-12-26;15;2255
12;2025-12-26;16;2866
12;2025-12-26;17;2855
12;2025-12-26;18;2473
12;2025-12-26;19;2116
12;2025-12-26;20;1398
12;2025-12-26;21;963
12;2025-12-26;22;508
12;2025-12-26;23;300
12;2025-12-27;0;79
12;2025-12-27;1;3
12;2025-12-27;2;0
12;2025-12-27;3;0
12;2025-12-27;4;3
12;2025-12-27;5;238
12;2025-12-27;6;831
12;2025-12-27;7;911
12;2025-12-27;8;1026
12;2025-12-27;9;1212
12;2025-12-27;10;1430
12;2025-12-27;11;1534
12;2025-12-27;12;1511
12;2025-12-27;13;1749
12;2025-12-27;14;1625
12;2025-12-27;15;1539
12;2025-12-27;16;1613
12;2025-12-27;17;1571
12;2025-12-27;18;1529
12;2025-12-27;19;1427
12;2025-12-27;20;984
12;2025-12-27;21;740
12;2025-12-27;22;427
12;2025-12-27;23;291
12;2025-12-28;0;84
12;2025-12-28;1;4
12;2025-12-28;2;0
12;2025-12-28;3;0
12;2025-12-28;4;3
12;2025-12-28;5;147
12;2025-12-28;6;507
12;2025-12-28;7;628
12;2025-12-28;8;695
12;2025-12-28;9;886
12;2025-12-28;10;1089
12;2025-12-28;11;1218
12;2025-12-28;12;1277
12;2025-12-28;13;1482
12;2025-12-28;14;1433
12;2025-12-28;15;1342
12;2025-12-28;16;1401
12;2025-12-28;17;1466
12;2025-12-28;18;1243
12;2025-12-28;19;969
12;2025-12-28;20;734
12;2025-12-28;21;569
12;2025-12-28;22;370
12;2025-12-28;23;201
12;2025-12-29;0;47
12;2025-12-29;1;1
12;2025-12-29;2;0
12;2025-12-29;3;0
12;2025-12-29;4;6
12;2025-12-29;5;292
12;2025-12-29;6;1240
12;2025-12-29;7;2381
12;2025-12-29;8;3156
12;2025-12-29;9;2180
12;2025-12-29;10;1780
12;2025-12-29;11;1721
12;2025-12-29;12;1776
12;2025-12-29;13;1763
12;2025-12-29;14;1747
12;2025-12-29;15;1960
12;2025-12-29;16;2375
12;2025-12-29;17;2644
12;2025-12-29;18;2782
12;2025-12-29;19;2180
12;2025-12-29;20;1365
12;2025-12-29;21;829
12;2025-12-29;22;430
12;2025-12-29;23;219
12;2025-12-30;0;46
12;2025-12-30;1;1
12;2025-12-30;2;0
12;2025-12-30;3;0
12;2025-12-30;4;5
12;2025-12-30;5;287
12;2025-12-30;6;1216
12;2025-12-30;7;2334
12;2025-12-30;8;3094
12;2025-12-30;9;2137
12;2025-12-30;10;1745
12;2025-12-30;11;1688
12;2025-12-30;12;1741
12;2025-12-30;13;1728
12;2025-12-30;14;1713
12;2025-12-30;15;1921
12;2025-12-30;16;2328
12;2025-12-30;17;2592
12;2025-12-30;18;2727
12;2025-12-30;19;2137
12;2025-12-30;20;1339
12;2025-12-30;21;812
12;2025-12-30;22;422
12;2025-12-30;23;215
12;2025-12-31;0;55
12;2025-12-31;1;1
12;2025-12-31;2;0
12;2025-12-31;3;0
12;2025-12-31;4;1
12;2025-12-31;5;204
12;2025-12-31;6;631
12;2025-12-31;7;654
12;2025-12-31;8;828
12;2025-12-31;9;1000
12;2025-12-31;10;1157
12;2025-12-31;11;1204
12;2025-12-31;12;1221
12;2025-12-31;13;1371
12;2025-12-31;14;1278
12;2025-12-31;15;1151
12;2025-12-31;16;1293
12;2025-12-31;17;1251
12;2025-12-31;18;1214
12;2025-12-31;19;1068
12;2025-12-31;20;0
12;2025-12-31;21;0
12;2025-12-31;22;0
12;2025-12-31;23;0
17;2025-11-01;0;153
17;2025-11-01;1;30
17;2025-11-01;2;0
17;2025-11-01;3;0
17;2025-11-01;4;21
17;2025-11-01;5;270
17;2025-11-01;6;1304
17;2025-11-01;7;3484
17;2025-11-01;8;4500
17;2025-11-01;9;3214
17;2025-11-01;10;2583
17;2025-11-01;11;2595
17;2025-11-01;12;2646
17;2025-11-01;13;2704
17;2025-11-01;14;2768
17;2025-11-01;15;3050
17;2025-11-01;16;3592
17;2025-11-01;17;3995
17;2025-11-01;18;3762
17;2025-11-01;19;2795
17;2025-11-01;20;2038
17;2025-11-01;21;1367
17;2025-11-01;22;751
17;2025-11-01;23;401
17;2025-11-02;0;198
17;2025-11-02;1;29
17;2025-11-02;2;0
17;2025-11-02;3;0
17;2025-11-02;4;5
17;2025-11-02;5;111
17;2025-11-02;6;460
17;2025-11-02;7;845
17;2025-11-02;8;1290
17;2025-11-02;9;1760
17;2025-11-02;10;2065
17;2025-11-02;11;2623
17;2025-11-02;12;3013
17;2025-11-02;13;3293
17;2025-11-02;14;3385
17;2025-11-02;15;3353
17;2025-11-02;16;3278
17;2025-11-02;17;3098
17;2025-11-02;18;2713
17;2025-11-02;19;2211
17;2025-11-02;20;1662
17;2025-11-02;21;1195
17;2025-11-02;22;749
17;2025-11-02;23;330
17;2025-11-03;0;195
17;2025-11-03;1;28
17;2025-11-03;2;0
17;2025-11-03;3;0
17;2025-11-03;4;4
17;2025-11-03;5;109
17;2025-11-03;6;451
17;2025-11-03;7;830
17;2025-11-03;8;1266
17;2025-11-03;9;1728
17;2025-11-03;10;2027
17;2025-11-03;11;2575
17;2025-11-03;12;2957
17;2025-11-03;13;3232
17;2025-11-03;14;3322
17;2025-11-03;15;3291
17;2025-11-03;16;3218
17;2025-11-03;17;3041
17;2025-11-03;18;2663
17;2025-11-03;19;2170
17;2025-11-03;20;1631
17;2025-11-03;21;1173
17;2025-11-03;22;735
17;2025-11-03;23;324
17;2025-11-04;0;193
17;2025-11-04;1;28
17;2025-11-04;2;0
17;2025-11-04;3;0
17;2025-11-04;4;4
17;2025-11-04;5;108
17;2025-11-04;6;447
17;2025-11-04;7;821
17;2025-11-04;8;1254
17;2025-11-04;9;1711
17;2025-11-04;10;2007
17;2025-11-04;11;2549
17;2025-11-04;12;2928
17;2025-11-04;13;3200
17;2025-11-04;14;3289
17;2025-11-04;15;3259
17;2025-11-04;16;3186
17;2025-11-04;17;3011
17;2025-11-04;18;2637
17;2025-11-04;19;2148
17;2025-11-04;20;1615
17;2025-11-04;21;1161
17;2025-11-04;22;728
17;2025-11-04;23;321
17;2025-11-05;0;122
17;2025-11-05;1;11
17;2025-11-05;2;0
17;2025-11-05;3;0
17;2025-11-05;4;28
17;2025-11-05;5;335
17;2025-11-05;6;1622
17;2025-11-05;7;4335
17;2025-11-05;8;5657
17;2025-11-05;9;3982
17;2025-11-05;10;3115
17;2025-11-05;11;3063
17;2025-11-05;12;3109
17;2025-11-05;13;3170
17;2025-11-05;14;3256
17;2025-11-05;15;3391
17;2025-11-05;16;3824
17;2025-11-05;17;4706
17;2025-11-05;18;5124
17;2025-11-05;19;3581
17;2025-11-05;20;2480
17;2025-11-05;21;1543
17;2025-11-05;22;803
17;2025-11-05;23;382
17;2025-11-06;0;120
17;2025-11-06;1;11
17;2025-11-06;2;0
17;2025-11-06;3;0
17;2025-11-06;4;28
17;2025-11-06;5;330
17;2025-11-06;6;1596
17;2025-11-06;7;4264
17;2025-11-06;8;5564
17;2025-11-06;9;3917
17;2025-11-06;10;3064
17;2025-11-06;11;3013
17;2025-11-06;12;3058
17;2025-11-06;13;3118
17;2025-11-06;14;3203
17;2025-11-06;15;3335
17;2025-11-06;16;3761
17;2025-11-06;17;4629
17;2025-11-06;18;5040
17;2025-11-06;19;3523
17;2025-11-06;20;2440
17;2025-11-06;21;1517
17;2025-11-06;22;790
17;2025-11-06;23;376
17;2025-11-07;0;158
17;2025-11-07;1;16
17;2025-11-07;2;0
17;2025-11-07;3;0
17;2025-11-07;4;28
17;2025-11-07;5;346
17;2025-11-07;6;1670
17;2025-11-07;7;4461
17;2025-11-07;8;5762
17;2025-11-07;9;4116
17;2025-11-07;10;3308
17;2025-11-07;11;3322
17;2025-11-07;12;3388
17;2025-11-07;13;3462
17;2025-11-07;14;3543
17;2025-11-07;15;3906
17;2025-11-07;16;4600
17;2025-11-07;17;5116
17;2025-11-07;18;4817
17;2025-11-07;19;3579
17;2025-11-07;20;2609
17;2025-11-07;21;1751
17;2025-11-07;22;961
17;2025-11-07;23;515
17;2025-11-08;0;238
17;2025-11-08;1;30
17;2025-11-08;2;0
17;2025-11-08;3;0
17;2025-11-08;4;5
17;2025-11-08;5;146
17;2025-11-08;6;627
17;2025-11-08;7;1329
17;2025-11-08;8;1909
17;2025-11-08;9;2428
17;2025-11-08;10;2703
17;2025-11-08;11;3215
17;2025-11-08;12;3592
17;2025-11-08;13;3808
17;2025-11-08;14;3868
17;2025-11-08;15;3877
17;2025-11-08;16;3886
17;2025-11-08;17;3675
17;2025-11-08;18;3328
17;2025-11-08;19;2746
17;2025-11-08;20;2131
17;2025-11-08;21;1546
17;2025-11-08;22;975
17;2025-11-08;23;506
17;2025-11-09;0;204
17;2025-11-09;1;30
17;2025-11-09;2;0
17;2025-11-09;3;0
17;2025-11-09;4;5
17;2025-11-09;5;114
17;2025-11-09;6;474
17;2025-11-09;7;872
17;2025-11-09;8;1330
17;2025-11-09;9;1815
17;2025-11-09;10;2129
17;2025-11-09;11;2705
17;2025-11-09;12;3107
17;2025-11-09;13;3396
17;2025-11-09;14;3490
17;2025-11-09;15;3457
17;2025-11-09;16;3380
17;2025-11-09;17;3194
17;2025-11-09;18;2798
17;2025-11-09;19;2280
17;2025-11-09;20;1714
17;2025-11-09;21;1232
17;2025-11-09;22;772
17;2025-11-09;23;341
17;2025-11-10;0;122
17;2025-11-10;1;11
17;2025-11-10;2;0
17;2025-11-10;3;0
17;2025-11-10;4;28
17;2025-11-10;5;335
17;2025-11-10;6;1622
17;2025-11-10;7;4335
17;2025-11-10;8;5657
17;2025-11-10;9;3982
17;2025-11-10;10;3115
17;2025-11-10;11;3063
17;2025-11-10;12;3109
17;2025-11-10;13;3170
17;2025-11-10;14;3256
17;2025-11-10;15;3391
17;2025-11-10;16;3824
17;2025-11-10;17;4706
17;2025-11-10;18;5124
17;2025-11-10;19;3581
17;2025-11-10;20;2480
17;2025-11-10;21;1543
17;2025-11-10;22;803
17;2025-11-10;23;382
17;2025-11-11;0;122
17;2025-11-11;1;11
17;2025-11-11;2;0
17;2025-11-11;3;0
17;2025-11-11;4;28
17;2025-11-11;5;335
17;2025-11-11;6;1622
17;2025-11-11;7;4335
17;2025-11-11;8;5657
17;2025-11-11;9;3982
17;2025-11-11;10;3115
17;2025-11-11;11;3063
17;2025-11-11;12;3109
17;2025-11-11;13;3170
17;2025-11-11;14;3256
17;2025-11-11;15;3391
17;2025-11-11;16;3824
17;2025-11-11;17;4706
17;2025-11-11;18;5124
17;2025-11-11;19;3581
17;2025-11-11;20;2480
17;2025-11-11;21;1543
17;2025-11-11;22;803
17;2025-11-11;23;382
17;2025-11-12;0;121
17;2025-11-12;1;11
17;2025-11-12;2;0
17;2025-11-12;3;0
17;2025-11-12;4;28
17;2025-11-12;5;332
17;2025-11-12;6;1605
17;2025-11-12;7;4287
17;2025-11-12;8;5595
17;2025-11-12;9;3938
17;2025-11-12;10;3081
17;2025-11-12;11;3030
17;2025-11-12;12;3075
17;2025-11-12;13;3135
17;2025-11-12;14;3220
17;2025-11-12;15;3354
17;2025-11-12;16;3782
17;2025-11-12;17;4655
17;2025-11-12;18;5068
17;2025-11-12;19;3542
17;2025-11-12;20;2453
17;2025-11-12;21;1526
17;2025-11-12;22;795
17;2025-11-12;23;378
17;2025-11-13;0;122
17;2025-11-13;1;11
17;2025-11-13;2;0
17;2025-11-13;3;0
17;2025-11-13;4;28
17;2025-11-13;5;335
17;2025-11-13;6;1621
17;2025-11-13;7;4330
17;2025-11-13;8;5651
17;2025-11-13;9;3978
17;2025-11-13;10;3112
17;2025-11-13;11;3060
17;2025-11-13;12;3105
17;2025-11-13;13;3167
17;2025-11-13;14;3252
17;2025-11-13;15;3387
17;2025-11-13;16;3819
17;2025-11-13;17;4701
17;2025-11-13;18;5119
17;2025-11-13;19;3578
17;2025-11-13;20;2478
17;2025-11-13;21;1541
17;2025-11-13;22;802
17;2025-11-13;23;382
17;2025-11-14;0;158
17;2025-11-14;1;16
17;2025-11-14;2;0
17;2025-11-14;3;0
17;2025-11-14;4;28
17;2025-11-14;5;347
17;2025-11-14;6;1673
17;2025-11-14;7;4471
17;2025-11-14;8;5774
17;2025-11-14;9;4125
17;2025-11-14;10;3315
17;2025-11-14;11;3329
17;2025-11-14;12;3395
17;2025-11-14;13;3470
17;2025-11-14;14;3551
17;2025-11-14;15;3914
17;2025-11-14;16;4611
17;2025-11-14;17;5127
17;2025-11-14;18;4827
17;2025-11-14;19;3587
17;2025-11-14;20;2615
17;2025-11-14;21;1755
17;2025-11-14;22;963
17;2025-11-14;23;516
17;2025-11-15;0;222
17;2025-11-15;1;28
17;2025-11-15;2;0
17;2025-11-15;3;0
17;2025-11-15;4;5
17;2025-11-15;5;137
17;2025-11-15;6;585
17;2025-11-15;7;1240
17;2025-11-15;8;1781
17;2025-11-15;9;2265
17;2025-11-15;10;2522
17;2025-11-15;11;3000
17;2025-11-15;12;3351
17;2025-11-15;13;3553
17;2025-11-15;14;3609
17;2025-11-15;15;3617
17;2025-11-15;16;3626
17;2025-11-15;17;3429
17;2025-11-15;18;3106
17;2025-11-15;19;2563
17;2025-11-15;20;1988
17;2025-11-15;21;1443
17;2025-11-15;22;909
17;2025-11-15;23;472
17;2025-11-16;0;204
17;2025-11-16;1;30
17;2025-11-16;2;0
17;2025-11-16;3;0
17;2025-11-16;4;5
17;2025-11-16;5;114
17;2025-11-16;6;474
17;2025-11-16;7;872
17;2025-11-16;8;1330
17;2025-11-16;9;1815
17;2025-11-16;10;2129
17;2025-11-16;11;2705
17;2025-11-16;12;3107
17;2025-11-16;13;3396
17;2025-11-16;14;3490
17;2025-11-16;15;3457
17;2025-11-16;16;3380
17;2025-11-16;17;3194
17;2025-11-16;18;2798
17;2025-11-16;19;2280
17;2025-11-16;20;1714
17;2025-11-16;21;1232
17;2025-11-16;22;772
17;2025-11-16;23;341
17;2025-11-17;0;119
17;2025-11-17;1;11
17;2025-11-17;2;0
17;2025-11-17;3;0
17;2025-11-17;4;27
17;2025-11-17;5;325
17;2025-11-17;6;1571
17;2025-11-17;7;4198
17;2025-11-17;8;5479
17;2025-11-17;9;3857
17;2025-11-17;10;3017
17;2025-11-17;11;2967
17;2025-11-17;12;3011
17;2025-11-17;13;3071
17;2025-11-17;14;3154
17;2025-11-17;15;3284
17;2025-11-17;16;3704
17;2025-11-17;17;4559
17;2025-11-17;18;4963
17;2025-11-17;19;3469
17;2025-11-17;20;2403
17;2025-11-17;21;1494
17;2025-11-17;22;778
17;2025-11-17;23;370
17;2025-11-18;0;116
17;2025-11-18;1;11
17;2025-11-18;2;0
17;2025-11-18;3;0
17;2025-11-18;4;27
17;2025-11-18;5;319
17;2025-11-18;6;1541
17;2025-11-18;7;4116
17;2025-11-18;8;5372
17;2025-11-18;9;3781
17;2025-11-18;10;2958
17;2025-11-18;11;2909
17;2025-11-18;12;2952
17;2025-11-18;13;3010
17;2025-11-18;14;3092
17;2025-11-18;15;3220
17;2025-11-18;16;3631
17;2025-11-18;17;4469
17;2025-11-18;18;4866
17;2025-11-18;19;3401
17;2025-11-18;20;2355
17;2025-11-18;21;1465
17;2025-11-18;22;763
17;2025-11-18;23;363
17;2025-11-19;0;122
17;2025-11-19;1;11
17;2025-11-19;2;0
17;2025-11-19;3;0
17;2025-11-19;4;28
17;2025-11-19;5;335
17;2025-11-19;6;1622
17;2025-11-19;7;4335
17;2025-11-19;8;5657
17;2025-11-19;9;3982
17;2025-11-19;10;3115
17;2025-11-19;11;3063
17;2025-11-19;12;3109
17;2025-11-19;13;3170
17;2025-11-19;14;3256
17;2025-11-19;15;3391
17;2025-11-19;16;3824
17;2025-11-19;17;4706
17;2025-11-19;18;5124
17;2025-11-19;19;3581
17;2025-11-19;20;2480
17;2025-11-19;21;1543
17;2025-11-19;22;803
17;2025-11-19;23;382
17;2025-11-20;0;122
17;2025-11-20;1;11
17;2025-11-20;2;0
17;2025-11-20;3;0
17;2025-11-20;4;28
17;2025-11-20;5;335
17;2025-11-20;6;1622
17;2025-11-20;7;4335
17;2025-11-20;8;5657
17;2025-11-20;9;3982
17;2025-11-20;10;3115
17;2025-11-20;11;3063
17;2025-11-20;12;3109
17;2025-11-20;13;3170
17;2025-11-20;14;3256
17;2025-11-20;15;3391
17;2025-11-20;16;3824
17;2025-11-20;17;4706
17;2025-11-20;18;5124
17;2025-11-20;19;3581
17;2025-11-20;20;2480
17;2025-11-20;21;1543
17;2025-11-20;22;803
17;2025-11-20;23;382
17;2025-11-21;0;158
17;2025-11-21;1;16
17;2025-11-21;2;0
17;2025-11-21;3;0
17;2025-11-21;4;28
17;2025-11-21;5;347
17;2025-11-21;6;1673
17;2025-11-21;7;4471
17;2025-11-21;8;5774
17;2025-11-21;9;4125
17;2025-11-21;10;3315
17;2025-11-21;11;3329
17;2025-11-21;12;3395
17;2025-11-21;13;3470
17;2025-11-21;14;3551
17;2025-11-21;15;3914
17;2025-11-21;16;4611
17;2025-11-21;17;5127
17;2025-11-21;18;4827
17;2025-11-21;19;3587
17;2025-11-21;20;2615
17;2025-11-21;21;1755
17;2025-11-21;22;963
17;2025-11-21;23;516
17;2025-11-22;0;235
17;2025-11-22;1;29
17;2025-11-22;2;0
17;2025-11-22;3;0
17;2025-11-22;4;5
17;2025-11-22;5;145
17;2025-11-22;6;620
17;2025-11-22;7;1313
17;2025-11-22;8;1886
17;2025-11-22;9;2399
17;2025-11-22;10;2671
17;2025-11-22;11;3176
17;2025-11-22;12;3548
17;2025-11-22;13;3762
17;2025-11-22;14;3821
17;2025-11-22;15;3830
17;2025-11-22;16;3839
17;2025-11-22;17;3631
17;2025-11-22;18;3288
17;2025-11-22;19;2713
17;2025-11-22;20;2105
17;2025-11-22;21;1528
17;2025-11-22;22;963
17;2025-11-22;23;500
17;2025-11-23;0;204
17;2025-11-23;1;30
17;2025-11-23;2;0
17;2025-11-23;3;0
17;2025-11-23;4;5
17;2025-11-23;5;114
17;2025-11-23;6;474
17;2025-11-23;7;872
17;2025-11-23;8;1330
17;2025-11-23;9;1815
17;2025-11-23;10;2129
17;2025-11-23;11;2705
17;2025-11-23;12;3107
17;2025-11-23;13;3396
17;2025-11-23;14;3490
17;2025-11-23;15;3457
17;2025-11-23;16;3380
17;2025-11-23;17;3194
17;2025-11-23;18;2798
17;2025-11-23;19;2280
17;2025-11-23;20;1714
17;2025-11-23;21;1232
17;2025-11-23;22;772
17;2025-11-23;23;341
17;2025-11-24;0;117
17;2025-11-24;1;11
17;2025-11-24;2;0
17;2025-11-24;3;0
17;2025-11-24;4;27
17;2025-11-24;5;320
17;2025-11-24;6;1549
17;2025-11-24;7;4139
17;2025-11-24;8;5401
17;2025-11-24;9;3802
17;2025-11-24;10;2975
17;2025-11-24;11;2925
17;2025-11-24;12;2968
17;2025-11-24;13;3027
17;2025-11-24;14;3109
17;2025-11-24;15;3238
17;2025-11-24;16;3651
17;2025-11-24;17;4494
17;2025-11-24;18;4893
17;2025-11-24;19;3420
17;2025-11-24;20;2368
17;2025-11-24;21;1473
17;2025-11-24;22;767
17;2025-11-24;23;365
17;2025-11-25;0;122
17;2025-11-25;1;11
17;2025-11-25;2;0
17;2025-11-25;3;0
17;2025-11-25;4;28
17;2025-11-25;5;335
17;2025-11-25;6;1622
17;2025-11-25;7;4335
17;2025-11-25;8;5657
17;2025-11-25;9;3982
17;2025-11-25;10;3115
17;2025-11-25;11;3063
17;2025-11-25;12;3109
17;2025-11-25;13;3170
17;2025-11-25;14;3256
17;2025-11-25;15;3391
17;2025-11-25;16;3824
17;2025-11-25;17;4706
17;2025-11-25;18;5124
17;2025-11-25;19;3581
17;2025-11-25;20;2480
17;2025-11-25;21;1543
17;2025-11-25;22;803
17;2025-11-25;23;382
17;2025-11-26;0;116
17;2025-11-26;1;11
17;2025-11-26;2;0
17;2025-11-26;3;0
17;2025-11-26;4;27
17;2025-11-26;5;319
17;2025-11-26;6;1544
17;2025-11-26;7;4125
17;2025-11-26;8;5384
17;2025-11-26;9;3790
17;2025-11-26;10;2965
17;2025-11-26;11;2915
17;2025-11-26;12;2959
17;2025-11-26;13;3017
17;2025-11-26;14;3099
17;2025-11-26;15;3227
17;2025-11-26;16;3639
17;2025-11-26;17;4479
17;2025-11-26;18;4877
17;2025-11-26;19;3409
17;2025-11-26;20;2361
17;2025-11-26;21;1468
17;2025-11-26;22;765
17;2025-11-26;23;364
17;2025-11-27;0;118
17;2025-11-27;1;11
17;2025-11-27;2;0
17;2025-11-27;3;0
17;2025-11-27;4;27
17;2025-11-27;5;322
17;2025-11-27;6;1559
17;2025-11-27;7;4166
17;2025-11-27;8;5437
17;2025-11-27;9;3827
17;2025-11-27;10;2994
17;2025-11-27;11;2944
17;2025-11-27;12;2988
17;2025-11-27;13;3047
17;2025-11-27;14;3129
17;2025-11-27;15;3259
17;2025-11-27;16;3675
17;2025-11-27;17;4524
17;2025-11-27;18;4925
17;2025-11-27;19;3442
17;2025-11-27;20;2384
17;2025-11-27;21;1483
17;2025-11-27;22;772
17;2025-11-27;23;367
17;2025-11-28;0;158
17;2025-11-28;1;16
17;2025-11-28;2;0
17;2025-11-28;3;0
17;2025-11-28;4;28
17;2025-11-28;5;348
17;2025-11-28;6;1679
17;2025-11-28;7;4486
17;2025-11-28;8;5794
17;2025-11-28;9;4139
17;2025-11-28;10;3326
17;2025-11-28;11;3340
17;2025-11-28;12;3406
17;2025-11-28;13;3482
17;2025-11-28;14;3563
17;2025-11-28;15;3927
17;2025-11-28;16;4626
17;2025-11-28;17;5144
17;2025-11-28;18;4843
17;2025-11-28;19;3599
17;2025-11-28;20;2623
17;2025-11-28;21;1761
17;2025-11-28;22;966
17;2025-11-28;23;517
17;2025-11-29;0;238
17;2025-11-29;1;30
17;2025-11-29;2;0
17;2025-11-29;3;0
17;2025-11-29;4;5
17;2025-11-29;5;146
17;2025-11-29;6;627
17;2025-11-29;7;1329
17;2025-11-29;8;1909
17;2025-11-29;9;2428
17;2025-11-29;10;2703
17;2025-11-29;11;3215
17;2025-11-29;12;3592
17;2025-11-29;13;3808
17;2025-11-29;14;3868
17;2025-11-29;15;3877
17;2025-11-29;16;3886
17;2025-11-29;17;3675
17;2025-11-29;18;3328
17;2025-11-29;19;2746
17;2025-11-29;20;2131
17;2025-11-29;21;1546
17;2025-11-29;22;975
17;2025-11-29;23;506
17;2025-11-30;0;204
17;2025-11-30;1;30
17;2025-11-30;2;0
17;2025-11-30;3;0
17;2025-11-30;4;5
17;2025-11-30;5;114
17;2025-11-30;6;474
17;2025-11-30;7;872
17;2025-11-30;8;1330
17;2025-11-30;9;1815
17;2025-11-30;10;2129
17;2025-11-30;11;2705
17;2025-11-30;12;3107
17;2025-11-30;13;3396
17;2025-11-30;14;3490
17;2025-11-30;15;3457
17;2025-11-30;16;3380
17;2025-11-30;17;3194
17;2025-11-30;18;2798
17;2025-11-30;19;2280
17;2025-11-30;20;1714
17;2025-11-30;21;1232
17;2025-11-30;22;772
17;2025-11-30;23;341
17;2025-12-01;0;119
17;2025-12-01;1;11
17;2025-12-01;2;0
17;2025-12-01;3;0
17;2025-12-01;4;27
17;2025-12-01;5;326
17;2025-12-01;6;1575
17;2025-12-01;7;4208
17;2025-12-01;8;5492
17;2025-12-01;9;3866
17;2025-12-01;10;3024
17;2025-12-01;11;2974
17;2025-12-01;12;3018
17;2025-12-01;13;3078
17;2025-12-01;14;3161
17;2025-12-01;15;3292
17;2025-12-01;16;3712
17;2025-12-01;17;4569
17;2025-12-01;18;4975
17;2025-12-01;19;3477
17;2025-12-01;20;2408
17;2025-12-01;21;1498
17;2025-12-01;22;780
17;2025-12-01;23;371
17;2025-12-02;0;119
17;2025-12-02;1;11
17;2025-12-02;2;0
17;2025-12-02;3;0
17;2025-12-02;4;27
17;2025-12-02;5;326
17;2025-12-02;6;1575
17;2025-12-02;7;4208
17;2025-12-02;8;5492
17;2025-12-02;9;3866
17;2025-12-02;10;3024
17;2025-12-02;11;2974
17;2025-12-02;12;3018
17;2025-12-02;13;3078
17;2025-12-02;14;3161
17;2025-12-02;15;3292
17;2025-12-02;16;3712
17;2025-12-02;17;4569
17;2025-12-02;18;4975
17;2025-12-02;19;3477
17;2025-12-02;20;2408
17;2025-12-02;21;1498
17;2025-12-02;22;780
17;2025-12-02;23;371
17;2025-12-03;0;119
17;2025-12-03;1;11
17;2025-12-03;2;0
17;2025-12-03;3;0
17;2025-12-03;4;27
17;2025-12-03;5;326
17;2025-12-03;6;1575
17;2025-12-03;7;4208
17;2025-12-03;8;5492
17;2025-12-03;9;3866
17;2025-12-03;10;3024
17;2025-12-03;11;2974
17;2025-12-03;12;3018
17;2025-12-03;13;3078
17;2025-12-03;14;3161
17;2025-12-03;15;3292
17;2025-12-03;16;3712
17;2025-12-03;17;4569
17;2025-12-03;18;4975
17;2025-12-03;19;3477
17;2025-12-03;20;2408
17;2025-12-03;21;1498
17;2025-12-03;22;780
17;2025-12-03;23;371
17;2025-12-04;0;119
17;2025-12-04;1;11
17;2025-12-04;2;0
17;2025-12-04;3;0
17;2025-12-04;4;27
17;2025-12-04;5;326
17;2025-12-04;6;1575
17;2025-12-04;7;4208
17;2025-12-04;8;5492
17;2025-12-04;9;3866
17;2025-12-04;10;3024
17;2025-12-04;11;2974
17;2025-12-04;12;3018
17;2025-12-04;13;3078
17;2025-12-04;14;3161
17;2025-12-04;15;3292
17;2025-12-04;16;3712
17;2025-12-04;17;4569
17;2025-12-04;18;4975
17;2025-12-04;19;3477
17;2025-12-04;20;2408
17;2025-12-04;21;1498
17;2025-12-04;22;780
17;2025-12-04;23;371
17;2025-12-05;0;154
17;2025-12-05;1;15
17;2025-12-05;2;0
17;2025-12-05;3;0
17;2025-12-05;4;27
17;2025-12-05;5;338
17;2025-12-05;6;1630
17;2025-12-05;7;4355
17;2025-12-05;8;5625
17;2025-12-05;9;4018
17;2025-12-05;10;3229
17;2025-12-05;11;3243
17;2025-12-05;12;3307
17;2025-12-05;13;3380
17;2025-12-05;14;3459
17;2025-12-05;15;3813
17;2025-12-05;16;4491
17;2025-12-05;17;4994
17;2025-12-05;18;4702
17;2025-12-05;19;3494
17;2025-12-05;20;2547
17;2025-12-05;21;1709
17;2025-12-05;22;938
17;2025-12-05;23;502
17;2025-12-06;0;231
17;2025-12-06;1;29
17;2025-12-06;2;0
17;2025-12-06;3;0
17;2025-12-06;4;5
17;2025-12-06;5;142
17;2025-12-06;6;609
17;2025-12-06;7;1291
17;2025-12-06;8;1854
17;2025-12-06;9;2357
17;2025-12-06;10;2625
17;2025-12-06;11;3121
17;2025-12-06;12;3487
17;2025-12-06;13;3697
17;2025-12-06;14;3755
17;2025-12-06;15;3764
17;2025-12-06;16;3773
17;2025-12-06;17;3568
17;2025-12-06;18;3232
17;2025-12-06;19;2666
17;2025-12-06;20;2069
17;2025-12-06;21;1501
17;2025-12-06;22;946
17;2025-12-06;23;491
17;2025-12-07;0;198
17;2025-12-07;1;29
17;2025-12-07;2;0
17;2025-12-07;3;0
17;2025-12-07;4;5
17;2025-12-07;5;111
17;2025-12-07;6;460
17;2025-12-07;7;846
17;2025-12-07;8;1292
17;2025-12-07;9;1762
17;2025-12-07;10;2067
17;2025-12-07;11;2626
17;2025-12-07;12;3016
17;2025-12-07;13;3297
17;2025-12-07;14;3389
17;2025-12-07;15;3357
17;2025-12-07;16;3282
17;2025-12-07;17;3101
17;2025-12-07;18;2716
17;2025-12-07;19;2213
17;2025-12-07;20;1664
17;2025-12-07;21;1196
17;2025-12-07;22;750
17;2025-12-07;23;331
17;2025-12-08;0;119
17;2025-12-08;1;11
17;2025-12-08;2;0
17;2025-12-08;3;0
17;2025-12-08;4;27
17;2025-12-08;5;326
17;2025-12-08;6;1575
17;2025-12-08;7;4208
17;2025-12-08;8;5492
17;2025-12-08;9;3866
17;2025-12-08;10;3024
17;2025-12-08;11;2974
17;2025-12-08;12;3018
17;2025-12-08;13;3078
17;2025-12-08;14;3161
17;2025-12-08;15;3292
17;2025-12-08;16;3712
17;2025-12-08;17;4569
17;2025-12-08;18;4975
17;2025-12-08;19;3477
17;2025-12-08;20;2408
17;2025-12-08;21;1498
17;2025-12-08;22;780
17;2025-12-08;23;371
17;2025-12-09;0;119
17;2025-12-09;1;11
17;2025-12-09;2;0
17;2025-12-09;3;0
17;2025-12-09;4;27
17;2025-12-09;5;326
17;2025-12-09;6;1575
17;2025-12-09;7;4208
17;2025-12-09;8;5492
17;2025-12-09;9;3866
17;2025-12-09;10;3024
17;2025-12-09;11;2974
17;2025-12-09;12;3018
17;2025-12-09;13;3078
17;2025-12-09;14;3161
17;2025-12-09;15;3292
17;2025-12-09;16;3712
17;2025-12-09;17;4569
17;2025-12-09;18;4975
17;2025-12-09;19;3477
17;2025-12-09;20;2408
17;2025-12-09;21;1498
17;2025-12-09;22;780
17;2025-12-09;23;371
17;2025-12-10;0;118
17;2025-12-10;1;11
17;2025-12-10;2;0
17;2025-12-10;3;0
17;2025-12-10;4;27
17;2025-12-10;5;323
17;2025-12-10;6;1561
17;2025-12-10;7;4171
17;2025-12-10;8;5444
17;2025-12-10;9;3832
17;2025-12-10;10;2998
17;2025-12-10;11;2948
17;2025-12-10;12;2992
17;2025-12-10;13;3051
17;2025-12-10;14;3133
17;2025-12-10;15;3263
17;2025-12-10;16;3680
17;2025-12-10;17;4529
17;2025-12-10;18;4931
17;2025-12-10;19;3447
17;2025-12-10;20;2387
17;2025-12-10;21;1485
17;2025-12-10;22;773
17;2025-12-10;23;368
17;2025-12-11;0;114
17;2025-12-11;1;11
17;2025-12-11;2;0
17;2025-12-11;3;0
17;2025-12-11;4;26
17;2025-12-11;5;311
17;2025-12-11;6;1506
17;2025-12-11;7;4023
17;2025-12-11;8;5250
17;2025-12-11;9;3696
17;2025-12-11;10;2891
17;2025-12-11;11;2843
17;2025-12-11;12;2885
17;2025-12-11;13;2942
17;2025-12-11;14;3022
17;2025-12-11;15;3147
17;2025-12-11;16;3549
17;2025-12-11;17;4368
17;2025-12-11;18;4756
17;2025-12-11;19;3324
17;2025-12-11;20;2302
17;2025-12-11;21;1432
17;2025-12-11;22;746
17;2025-12-11;23;355
17;2025-12-12;0;148
17;2025-12-12;1;15
17;2025-12-12;2;0
17;2025-12-12;3;0
17;2025-12-12;4;26
17;2025-12-12;5;325
17;2025-12-12;6;1570
17;2025-12-12;7;4195
17;2025-12-12;8;5418
17;2025-12-12;9;3871
17;2025-12-12;10;3111
17;2025-12-12;11;3124
17;2025-12-12;12;3186
17;2025-12-12;13;3256
17;2025-12-12;14;3332
17;2025-12-12;15;3673
17;2025-12-12;16;4326
17;2025-12-12;17;4811
17;2025-12-12;18;4530
17;2025-12-12;19;3366
17;2025-12-12;20;2453
17;2025-12-12;21;1647
17;2025-12-12;22;904
17;2025-12-12;23;484
17;2025-12-13;0;230
17;2025-12-13;1;29
17;2025-12-13;2;0
17;2025-12-13;3;0
17;2025-12-13;4;5
17;2025-12-13;5;141
17;2025-12-13;6;606
17;2025-12-13;7;1285
17;2025-12-13;8;1845
17;2025-12-13;9;2347
17;2025-12-13;10;2613
17;2025-12-13;11;3108
17;2025-12-13;12;3472
17;2025-12-13;13;3681
17;2025-12-13;14;3739
17;2025-12-13;15;3748
17;2025-12-13;16;3756
17;2025-12-13;17;3552
17;2025-12-13;18;3217
17;2025-12-13;19;2655
17;2025-12-13;20;2060
17;2025-12-13;21;1495
17;2025-12-13;22;942
17;2025-12-13;23;489
17;2025-12-14;0;198
17;2025-12-14;1;29
17;2025-12-14;2;0
17;2025-12-14;3;0
17;2025-12-14;4;5
17;2025-12-14;5;111
17;2025-12-14;6;460
17;2025-12-14;7;845
17;2025-12-14;8;1290
17;2025-12-14;9;1760
17;2025-12-14;10;2065
17;2025-12-14;11;2623
17;2025-12-14;12;3013
17;2025-12-14;13;3293
17;2025-12-14;14;3385
17;2025-12-14;15;3353
17;2025-12-14;16;3278
17;2025-12-14;17;3098
17;2025-12-14;18;2713
17;2025-12-14;19;2211
17;2025-12-14;20;1662
17;2025-12-14;21;1195
17;2025-12-14;22;749
17;2025-12-14;23;330
17;2025-12-15;0;119
17;2025-12-15;1;11
17;2025-12-15;2;0
17;2025-12-15;3;0
17;2025-12-15;4;27
17;2025-12-15;5;325
17;2025-12-15;6;1573
17;2025-12-15;7;4204
17;2025-12-15;8;5486
17;2025-12-15;9;3862
17;2025-12-15;10;3021
17;2025-12-15;11;2971
17;2025-12-15;12;3015
17;2025-12-15;13;3074
17;2025-12-15;14;3158
17;2025-12-15;15;3288
17;2025-12-15;16;3708
17;2025-12-15;17;4564
17;2025-12-15;18;4970
17;2025-12-15;19;3473
17;2025-12-15;20;2406
17;2025-12-15;21;1496
17;2025-12-15;22;779
17;2025-12-15;23;370
17;2025-12-16;0;117
17;2025-12-16;1;11
17;2025-12-16;2;0
17;2025-12-16;3;0
17;2025-12-16;4;27
17;2025-12-16;5;321
17;2025-12-16;6;1551
17;2025-12-16;7;4144
17;2025-12-16;8;5408
17;2025-12-16;9;3807
17;2025-12-16;10;2978
17;2025-12-16;11;2929
17;2025-12-16;12;2972
17;2025-12-16;13;3031
17;2025-12-16;14;3113
17;2025-12-16;15;3242
17;2025-12-16;16;3656
17;2025-12-16;17;4500
17;2025-12-16;18;4899
17;2025-12-16;19;3424
17;2025-12-16;20;2371
17;2025-12-16;21;1475
17;2025-12-16;22;768
17;2025-12-16;23;365
17;2025-12-17;0;119
17;2025-12-17;1;11
17;2025-12-17;2;0
17;2025-12-17;3;0
17;2025-12-17;4;27
17;2025-12-17;5;326
17;2025-12-17;6;1575
17;2025-12-17;7;4208
17;2025-12-17;8;5492
17;2025-12-17;9;3866
17;2025-12-17;10;3024
17;2025-12-17;11;2974
17;2025-12-17;12;3018
17;2025-12-17;13;3078
17;2025-12-17;14;3161
17;2025-12-17;15;3292
17;2025-12-17;16;3712
17;2025-12-17;17;4569
17;2025-12-17;18;4975
17;2025-12-17;19;3477
17;2025-12-17;20;2408
17;2025-12-17;21;1498
17;2025-12-17;22;780
17;2025-12-17;23;371
17;2025-12-18;0;119
17;2025-12-18;1;11
17;2025-12-18;2;0
17;2025-12-18;3;0
17;2025-12-18;4;27
17;2025-12-18;5;326
17;2025-12-18;6;1575
17;2025-12-18;7;4208
17;2025-12-18;8;5492
17;2025-12-18;9;3866
17;2025-12-18;10;3024
17;2025-12-18;11;2974
17;2025-12-18;12;3018
17;2025-12-18;13;3078
17;2025-12-18;14;3161
17;2025-12-18;15;3292
17;2025-12-18;16;3712
17;2025-12-18;17;4569
17;2025-12-18;18;4975
17;2025-12-18;19;3477
17;2025-12-18;20;2408
17;2025-12-18;21;1498
17;2025-12-18;22;780
17;2025-12-18;23;371
17;2025-12-19;0;154
17;2025-12-19;1;15
17;2025-12-19;2;0
17;2025-12-19;3;0
17;2025-12-19;4;27
17;2025-12-19;5;337
17;2025-12-19;6;1626
17;2025-12-19;7;4346
17;2025-12-19;8;5612
17;2025-12-19;9;4009
17;2025-12-19;10;3222
17;2025-12-19;11;3236
17;2025-12-19;12;3300
17;2025-12-19;13;3373
17;2025-12-19;14;3451
17;2025-12-19;15;3804
17;2025-12-19;16;4481
17;2025-12-19;17;4983
17;2025-12-19;18;4692
17;2025-12-19;19;3486
17;2025-12-19;20;2541
17;2025-12-19;21;1706
17;2025-12-19;22;936
17;2025-12-19;23;501
17;2025-12-20;0;231
17;2025-12-20;1;29
17;2025-12-20;2;0
17;2025-12-20;3;0
17;2025-12-20;4;5
17;2025-12-20;5;142
17;2025-12-20;6;609
17;2025-12-20;7;1291
17;2025-12-20;8;1854
17;2025-12-20;9;2357
17;2025-12-20;10;2625
17;2025-12-20;11;3121
17;2025-12-20;12;3487
17;2025-12-20;13;3697
17;2025-12-20;14;3755
17;2025-12-20;15;3764
17;2025-12-20;16;3773
17;2025-12-20;17;3568
17;2025-12-20;18;3232
17;2025-12-20;19;2666
17;2025-12-20;20;2069
17;2025-12-20;21;1501
17;2025-12-20;22;946
17;2025-12-20;23;491
17;2025-12-21;0;198
17;2025-12-21;1;29
17;2025-12-21;2;0
17;2025-12-21;3;0
17;2025-12-21;4;5
17;2025-12-21;5;110
17;2025-12-21;6;458
17;2025-12-21;7;842
17;2025-12-21;8;1286
17;2025-12-21;9;1754
17;2025-12-21;10;2058
17;2025-12-21;11;2615
17;2025-12-21;12;3003
17;2025-12-21;13;3282
17;2025-12-21;14;3374
17;2025-12-21;15;3342
17;2025-12-21;16;3267
17;2025-12-21;17;3088
17;2025-12-21;18;2704
17;2025-12-21;19;2203
17;2025-12-21;20;1656
17;2025-12-21;21;1191
17;2025-12-21;22;747
17;2025-12-21;23;329
17;2025-12-22;0;118
17;2025-12-22;1;11
17;2025-12-22;2;0
17;2025-12-22;3;0
17;2025-12-22;4;27
17;2025-12-22;5;323
17;2025-12-22;6;1561
17;2025-12-22;7;4171
17;2025-12-22;8;5444
17;2025-12-22;9;3832
17;2025-12-22;10;2998
17;2025-12-22;11;2948
17;2025-12-22;12;2992
17;2025-12-22;13;3051
17;2025-12-22;14;3133
17;2025-12-22;15;3263
17;2025-12-22;16;3680
17;2025-12-22;17;4529
17;2025-12-22;18;4931
17;2025-12-22;19;3447
17;2025-12-22;20;2387
17;2025-12-22;21;1485
17;2025-12-22;22;773
17;2025-12-22;23;368
17;2025-12-23;0;115
17;2025-12-23;1;11
17;2025-12-23;2;0
17;2025-12-23;3;0
17;2025-12-23;4;26
17;2025-12-23;5;315
17;2025-12-23;6;1523
17;2025-12-23;7;4068
17;2025-12-23;8;5308
17;2025-12-23;9;3737
17;2025-12-23;10;2923
17;2025-12-23;11;2875
17;2025-12-23;12;2917
17;2025-12-23;13;2975
17;2025-12-23;14;3055
17;2025-12-23;15;3182
17;2025-12-23;16;3588
17;2025-12-23;17;4417
17;2025-12-23;18;4809
17;2025-12-23;19;3361
17;2025-12-23;20;2328
17;2025-12-23;21;1448
17;2025-12-23;22;754
17;2025-12-23;23;358
17;2025-12-24;0;114
17;2025-12-24;1;11
17;2025-12-24;2;0
17;2025-12-24;3;0
17;2025-12-24;4;26
17;2025-12-24;5;313
17;2025-12-24;6;1514
17;2025-12-24;7;4045
17;2025-12-24;8;5279
17;2025-12-24;9;3716
17;2025-12-24;10;2907
17;2025-12-24;11;2859
17;2025-12-24;12;2901
17;2025-12-24;13;2959
17;2025-12-24;14;3039
17;2025-12-24;15;3165
17;2025-12-24;16;3568
17;2025-12-24;17;4392
17;2025-12-24;18;4782
17;2025-12-24;19;3342
17;2025-12-24;20;2315
17;2025-12-24;21;1440
17;2025-12-24;22;750
17;2025-12-24;23;356
17;2025-12-25;0;117
17;2025-12-25;1;11
17;2025-12-25;2;0
17;2025-12-25;3;0
17;2025-12-25;4;27
17;2025-12-25;5;320
17;2025-12-25;6;1548
17;2025-12-25;7;4135
17;2025-12-25;8;5396
17;2025-12-25;9;3799
17;2025-12-25;10;2972
17;2025-12-25;11;2922
17;2025-12-25;12;2966
17;2025-12-25;13;3024
17;2025-12-25;14;3106
17;2025-12-25;15;3235
17;2025-12-25;16;3647
17;2025-12-25;17;4490
17;2025-12-25;18;4888
17;2025-12-25;19;3416
17;2025-12-25;20;2366
17;2025-12-25;21;1472
17;2025-12-25;22;766
17;2025-12-25;23;364
17;2025-12-26;0;145
17;2025-12-26;1;14
17;2025-12-26;2;0
17;2025-12-26;3;0
17;2025-12-26;4;25
17;2025-12-26;5;319
17;2025-12-26;6;1541
17;2025-12-26;7;4118
17;2025-12-26;8;5318
17;2025-12-26;9;3799
17;2025-12-26;10;3053
17;2025-12-26;11;3066
17;2025-12-26;12;3127
17;2025-12-26;13;3196
17;2025-12-26;14;3270
17;2025-12-26;15;3605
17;2025-12-26;16;4246
17;2025-12-26;17;4722
17;2025-12-26;18;4446
17;2025-12-26;19;3303
17;2025-12-26;20;2408
17;2025-12-26;21;1616
17;2025-12-26;22;887
17;2025-12-26;23;475
17;2025-12-27;0;231
17;2025-12-27;1;29
17;2025-12-27;2;0
17;2025-12-27;3;0
17;2025-12-27;4;5
17;2025-12-27;5;142
17;2025-12-27;6;608
17;2025-12-27;7;1288
17;2025-12-27;8;1849
17;2025-12-27;9;2352
17;2025-12-27;10;2619
17;2025-12-27;11;3115
17;2025-12-27;12;3479
17;2025-12-27;13;3689
17;2025-12-27;14;3747
17;2025-12-27;15;3756
17;2025-12-27;16;3764
17;2025-12-27;17;3560
17;2025-12-27;18;3224
17;2025-12-27;19;2661
17;2025-12-27;20;2064
17;2025-12-27;21;1498
17;2025-12-27;22;944
17;2025-12-27;23;490
17;2025-12-28;0;194
17;2025-12-28;1;28
17;2025-12-28;2;0
17;2025-12-28;3;0
17;2025-12-28;4;4
17;2025-12-28;5;109
17;2025-12-28;6;451
17;2025-12-28;7;829
17;2025-12-28;8;1265
17;2025-12-28;9;1726
17;2025-12-28;10;2024
17;2025-12-28;11;2572
17;2025-12-28;12;2954
17;2025-12-28;13;3229
17;2025-12-28;14;3318
17;2025-12-28;15;3287
17;2025-12-28;16;3214
17;2025-12-28;17;3037
17;2025-12-28;18;2660
17;2025-12-28;19;2167
17;2025-12-28;20;1629
17;2025-12-28;21;1171
17;2025-12-28;22;734
17;2025-12-28;23;324
17;2025-12-29;0;103
17;2025-12-29;1;10
17;2025-12-29;2;0
17;2025-12-29;3;0
17;2025-12-29;4;23
17;2025-12-29;5;282
17;2025-12-29;6;1362
17;2025-12-29;7;3639
17;2025-12-29;8;4749
17;2025-12-29;9;3343
17;2025-12-29;10;2616
17;2025-12-29;11;2572
17;2025-12-29;12;2610
17;2025-12-29;13;2661
17;2025-12-29;14;2734
17;2025-12-29;15;2847
17;2025-12-29;16;3209
17;2025-12-29;17;3951
17;2025-12-29;18;4301
17;2025-12-29;19;3007
17;2025-12-29;20;2083
17;2025-12-29;21;1296
17;2025-12-29;22;675
17;2025-12-29;23;321
17;2025-12-30;0;101
17;2025-12-30;1;10
17;2025-12-30;2;0
17;2025-12-30;3;0
17;2025-12-30;4;22
17;2025-12-30;5;276
17;2025-12-30;6;1335
17;2025-12-30;7;3567
17;2025-12-30;8;4656
17;2025-12-30;9;3278
17;2025-12-30;10;2564
17;2025-12-30;11;2521
17;2025-12-30;12;2559
17;2025-12-30;13;2609
17;2025-12-30;14;2680
17;2025-12-30;15;2791
17;2025-12-30;16;3146
17;2025-12-30;17;3873
17;2025-12-30;18;4217
17;2025-12-30;19;2948
17;2025-12-30;20;2042
17;2025-12-30;21;1270
17;2025-12-30;22;662
17;2025-12-30;23;315
17;2025-12-31;0;171
17;2025-12-31;1;27
17;2025-12-31;2;0
17;2025-12-31;3;0
17;2025-12-31;4;6
17;2025-12-31;5;112
17;2025-12-31;6;483
17;2025-12-31;7;998
17;2025-12-31;8;1482
17;2025-12-31;9;1880
17;2025-12-31;10;2088
17;2025-12-31;11;2461
17;2025-12-31;12;2758
17;2025-12-31;13;2995
17;2025-12-31;14;2965
17;2025-12-31;15;2994
17;2025-12-31;16;3023
17;2025-12-31;17;2772
17;2025-12-31;18;2491
17;2025-12-31;19;2006
17;2025-12-31;20;0
17;2025-12-31;21;0
17;2025-12-31;22;0
17;2025-12-31;23;0
25;2025-11-01;0;0
25;2025-11-01;1;0
25;2025-11-01;2;0
25;2025-11-01;3;0
25;2025-11-01;4;0
25;2025-11-01;5;10
25;2025-11-01;6;194
25;2025-11-01;7;516
25;2025-11-01;8;818
25;2025-11-01;9;431
25;2025-11-01;10;355
25;2025-11-01;11;408
25;2025-11-01;12;404
25;2025-11-01;13;509
25;2025-11-01;14;465
25;2025-11-01;15;590
25;2025-11-01;16;726
25;2025-11-01;17;731
25;2025-11-01;18;634
25;2025-11-01;19;499
25;2025-11-01;20;311
25;2025-11-01;21;207
25;2025-11-01;22;122
25;2025-11-01;23;15
25;2025-11-02;0;21
25;2025-11-02;1;0
25;2025-11-02;2;0
25;2025-11-02;3;0
25;2025-11-02;4;0
25;2025-11-02;5;8
25;2025-11-02;6;81
25;2025-11-02;7;119
25;2025-11-02;8;222
25;2025-11-02;9;250
25;2025-11-02;10;259
25;2025-11-02;11;353
25;2025-11-02;12;423
25;2025-11-02;13;527
25;2025-11-02;14;604
25;2025-11-02;15;694
25;2025-11-02;16;587
25;2025-11-02;17;560
25;2025-11-02;18;488
25;2025-11-02;19;376
25;2025-11-02;20;264
25;2025-11-02;21;200
25;2025-11-02;22;124
25;2025-11-02;23;45
25;2025-11-03;0;20
25;2025-11-03;1;0
25;2025-11-03;2;0
25;2025-11-03;3;0
25;2025-11-03;4;0
25;2025-11-03;5;8
25;2025-11-03;6;79
25;2025-11-03;7;117
25;2025-11-03;8;218
25;2025-11-03;9;246
25;2025-11-03;10;254
25;2025-11-03;11;347
25;2025-11-03;12;415
25;2025-11-03;13;517
25;2025-11-03;14;593
25;2025-11-03;15;681
25;2025-11-03;16;576
25;2025-11-03;17;550
25;2025-11-03;18;479
25;2025-11-03;19;369
25;2025-11-03;20;259
25;2025-11-03;21;196
25;2025-11-03;22;122
25;2025-11-03;23;44
25;2025-11-04;0;20
25;2025-11-04;1;0
25;2025-11-04;2;0
25;2025-11-04;3;0
25;2025-11-04;4;0
25;2025-11-04;5;7
25;2025-11-04;6;78
25;2025-11-04;7;116
25;2025-11-04;8;215
25;2025-11-04;9;243
25;2025-11-04;10;252
25;2025-11-04;11;343
25;2025-11-04;12;411
25;2025-11-04;13;512
25;2025-11-04;14;587
25;2025-11-04;15;674
25;2025-11-04;16;571
25;2025-11-04;17;544
25;2025-11-04;18;475
25;2025-11-04;19;365
25;2025-11-04;20;257
25;2025-11-04;21;194
25;2025-11-04;22;121
25;2025-11-04;23;44
25;2025-11-05;0;4
25;2025-11-05;1;0
25;2025-11-05;2;0
25;2025-11-05;3;0
25;2025-11-05;4;0
25;2025-11-05;5;14
25;2025-11-05;6;218
25;2025-11-05;7;591
25;2025-11-05;8;1006
25;2025-11-05;9;525
25;2025-11-05;10;400
25;2025-11-05;11;454
25;2025-11-05;12;444
25;2025-11-05;13;566
25;2025-11-05;14;489
25;2025-11-05;15;584
25;2025-11-05;16;723
25;2025-11-05;17;808
25;2025-11-05;18;863
25;2025-11-05;19;583
25;2025-11-05;20;353
25;2025-11-05;21;234
25;2025-11-05;22;119
25;2025-11-05;23;11
25;2025-11-06;0;4
25;2025-11-06;1;0
25;2025-11-06;2;0
25;2025-11-06;3;0
25;2025-11-06;4;0
25;2025-11-06;5;14
25;2025-11-06;6;215
25;2025-11-06;7;582
25;2025-11-06;8;990
25;2025-11-06;9;516
25;2025-11-06;10;394
25;2025-11-06;11;446
25;2025-11-06;12;437
25;2025-11-06;13;557
25;2025-11-06;14;481
25;2025-11-06;15;575
25;2025-11-06;16;711
25;2025-11-06;17;795
25;2025-11-06;18;849
25;2025-11-06;19;574
25;2025-11-06;20;347
25;2025-11-06;21;230
25;2025-11-06;22;117
25;2025-11-06;23;11
25;2025-11-07;0;0
25;2025-11-07;1;0
25;2025-11-07;2;0
25;2025-11-07;3;0
25;2025-11-07;4;0
25;2025-11-07;5;12
25;2025-11-07;6;248
25;2025-11-07;7;660
25;2025-11-07;8;1049
25;2025-11-07;9;553
25;2025-11-07;10;453
25;2025-11-07;11;522
25;2025-11-07;12;518
25;2025-11-07;13;651
25;2025-11-07;14;595
25;2025-11-07;15;755
25;2025-11-07;16;931
25;2025-11-07;17;937
25;2025-11-07;18;812
25;2025-11-07;19;639
25;2025-11-07;20;399
25;2025-11-07;21;265
25;2025-11-07;22;156
25;2025-11-07;23;19
25;2025-11-08;0;5
25;2025-11-08;1;0
25;2025-11-08;2;0
25;2025-11-08;3;0
25;2025-11-08;4;0
25;2025-11-08;5;15
25;2025-11-08;6;102
25;2025-11-08;7;159
25;2025-11-08;8;349
25;2025-11-08;9;334
25;2025-11-08;10;330
25;2025-11-08;11;436
25;2025-11-08;12;461
25;2025-11-08;13;663
25;2025-11-08;14;676
25;2025-11-08;15;783
25;2025-11-08;16;718
25;2025-11-08;17;598
25;2025-11-08;18;566
25;2025-11-08;19;491
25;2025-11-08;20;309
25;2025-11-08;21;248
25;2025-11-08;22;153
25;2025-11-08;23;61
25;2025-11-09;0;21
25;2025-11-09;1;0
25;2025-11-09;2;0
25;2025-11-09;3;0
25;2025-11-09;4;0
25;2025-11-09;5;8
25;2025-11-09;6;83
25;2025-11-09;7;123
25;2025-11-09;8;229
25;2025-11-09;9;258
25;2025-11-09;10;267
25;2025-11-09;11;364
25;2025-11-09;12;436
25;2025-11-09;13;544
25;2025-11-09;14;623
25;2025-11-09;15;716
25;2025-11-09;16;605
25;2025-11-09;17;577
25;2025-11-09;18;504
25;2025-11-09;19;388
25;2025-11-09;20;272
25;2025-11-09;21;206
25;2025-11-09;22;128
25;2025-11-09;23;46
25;2025-11-10;0;4
25;2025-11-10;1;0
25;2025-11-10;2;0
25;2025-11-10;3;0
25;2025-11-10;4;0
25;2025-11-10;5;14
25;2025-11-10;6;218
25;2025-11-10;7;591
25;2025-11-10;8;1006
25;2025-11-10;9;525
25;2025-11-10;10;400
25;2025-11-10;11;454
25;2025-11-10;12;444
25;2025-11-10;13;566
25;2025-11-10;14;489
25;2025-11-10;15;584
25;2025-11-10;16;723
25;2025-11-10;17;808
25;2025-11-10;18;863
25;2025-11-10;19;583
25;2025-11-10;20;353
25;2025-11-10;21;234
25;2025-11-10;22;119
25;2025-11-10;23;11
25;2025-11-11;0;4
25;2025-11-11;1;0
25;2025-11-11;2;0
25;2025-11-11;3;0
25;2025-11-11;4;0
25;2025-11-11;5;14
25;2025-11-11;6;218
25;2025-11-11;7;591
25;2025-11-11;8;1006
25;2025-11-11;9;525
25;2025-11-11;10;400
25;2025-11-11;11;454
25;2025-11-11;12;444
25;2025-11-11;13;566
25;2025-11-11;14;489
25;2025-11-11;15;584
25;2025-11-11;16;723
25;2025-11-11;17;808
25;2025-11-11;18;863
25;2025-11-11;19;583
25;2025-11-11;20;353
25;2025-11-11;21;234
25;2025-11-11;22;119
25;2025-11-11;23;11
25;2025-11-12;0;4
25;2025-11-12;1;0
25;2025-11-12;2;0
25;2025-11-12;3;0
25;2025-11-12;4;0
25;2025-11-12;5;14
25;2025-11-12;6;216
25;2025-11-12;7;585
25;2025-11-12;8;995
25;2025-11-12;9;519
25;2025-11-12;10;396
25;2025-11-12;11;449
25;2025-11-12;12;439
25;2025-11-12;13;560
25;2025-11-12;14;484
25;2025-11-12;15;578
25;2025-11-12;16;715
25;2025-11-12;17;800
25;2025-11-12;18;854
25;2025-11-12;19;577
25;2025-11-12;20;349
25;2025-11-12;21;231
25;2025-11-12;22;118
25;2025-11-12;23;11
25;2025-11-13;0;4
25;2025-11-13;1;0
25;2025-11-13;2;0
25;2025-11-13;3;0
25;2025-11-13;4;0
25;2025-11-13;5;14
25;2025-11-13;6;218
25;2025-11-13;7;591
25;2025-11-13;8;1005
25;2025-11-13;9;524
25;2025-11-13;10;400
25;2025-11-13;11;453
25;2025-11-13;12;444
25;2025-11-13;13;566
25;2025-11-13;14;489
25;2025-11-13;15;584
25;2025-11-13;16;722
25;2025-11-13;17;808
25;2025-11-13;18;862
25;2025-11-13;19;583
25;2025-11-13;20;353
25;2025-11-13;21;234
25;2025-11-13;22;119
25;2025-11-13;23;11
25;2025-11-14;0;0
25;2025-11-14;1;0
25;2025-11-14;2;0
25;2025-11-14;3;0
25;2025-11-14;4;0
25;2025-11-14;5;12
25;2025-11-14;6;249
25;2025-11-14;7;661
25;2025-11-14;8;1051
25;2025-11-14;9;554
25;2025-11-14;10;454
25;2025-11-14;11;523
25;2025-11-14;12;519
25;2025-11-14;13;653
25;2025-11-14;14;597
25;2025-11-14;15;756
25;2025-11-14;16;933
25;2025-11-14;17;939
25;2025-11-14;18;814
25;2025-11-14;19;641
25;2025-11-14;20;400
25;2025-11-14;21;266
25;2025-11-14;22;156
25;2025-11-14;23;19
25;2025-11-15;0;5
25;2025-11-15;1;0
25;2025-11-15;2;0
25;2025-11-15;3;0
25;2025-11-15;4;0
25;2025-11-15;5;14
25;2025-11-15;6;95
25;2025-11-15;7;148
25;2025-11-15;8;325
25;2025-11-15;9;311
25;2025-11-15;10;308
25;2025-11-15;11;406
25;2025-11-15;12;430
25;2025-11-15;13;618
25;2025-11-15;14;631
25;2025-11-15;15;731
25;2025-11-15;16;670
25;2025-11-15;17;558
25;2025-11-15;18;528
25;2025-11-15;19;458
25;2025-11-15;20;288
25;2025-11-15;21;231
25;2025-11-15;22;143
25;2025-11-15;23;56
25;2025-11-16;0;21
25;2025-11-16;1;0
25;2025-11-16;2;0
25;2025-11-16;3;0
25;2025-11-16;4;0
25;2025-11-16;5;8
25;2025-11-16;6;83
25;2025-11-16;7;123
25;2025-11-16;8;229
25;2025-11-16;9;258
25;2025-11-16;10;267
25;2025-11-16;11;364
25;2025-11-16;12;436
25;2025-11-16;13;544
25;2025-11-16;14;623
25;2025-11-16;15;716
25;2025-11-16;16;605
25;2025-11-16;17;577
25;2025-11-16;18;504
25;2025-11-16;19;388
25;2025-11-16;20;272
25;2025-11-16;21;206
25;2025-11-16;22;128
25;2025-11-16;23;46
25;2025-11-17;0;4
25;2025-11-17;1;0
25;2025-11-17;2;0
25;2025-11-17;3;0
25;2025-11-17;4;0
25;2025-11-17;5;14
25;2025-11-17;6;212
25;2025-11-17;7;573
25;2025-11-17;8;975
25;2025-11-17;9;508
25;2025-11-17;10;388
25;2025-11-17;11;439
25;2025-11-17;12;430
25;2025-11-17;13;549
25;2025-11-17;14;474
25;2025-11-17;15;566
25;2025-11-17;16;701
25;2025-11-17;17;783
25;2025-11-17;18;836
25;2025-11-17;19;565
25;2025-11-17;20;342
25;2025-11-17;21;226
25;2025-11-17;22;115
25;2025-11-17;23;11
25;2025-11-18;0;4
25;2025-11-18;1;0
25;2025-11-18;2;0
25;2025-11-18;3;0
25;2025-11-18;4;0
25;2025-11-18;5;14
25;2025-11-18;6;207
25;2025-11-18;7;561
25;2025-11-18;8;955
25;2025-11-18;9;498
25;2025-11-18;10;380
25;2025-11-18;11;431
25;2025-11-18;12;422
25;2025-11-18;13;538
25;2025-11-18;14;465
25;2025-11-18;15;555
25;2025-11-18;16;687
25;2025-11-18;17;768
25;2025-11-18;18;820
25;2025-11-18;19;554
25;2025-11-18;20;335
25;2025-11-18;21;222
25;2025-11-18;22;113
25;2025-11-18;23;11
25;2025-11-19;0;4
25;2025-11-19;1;0
25;2025-11-19;2;0
25;2025-11-19;3;0
25;2025-11-19;4;0
25;2025-11-19;5;14
25;2025-11-19;6;218
25;2025-11-19;7;591
25;2025-11-19;8;1006
25;2025-11-19;9;525
25;2025-11-19;10;400
25;2025-11-19;11;454
25;2025-11-19;12;444
25;2025-11-19;13;566
25;2025-11-19;14;489
25;2025-11-19;15;584
25;2025-11-19;16;723
25;2025-11-19;17;808
25;2025-11-19;18;863
25;2025-11-19;19;583
25;2025-11-19;20;353
25;2025-11-19;21;234
25;2025-11-19;22;119
25;2025-11-19;23;11
25;2025-11-20;0;4
25;2025-11-20;1;0
25;2025-11-20;2;0
25;2025-11-20;3;0
25;2025-11-20;4;0
25;2025-11-20;5;14
25;2025-11-20;6;218
25;2025-11-20;7;591
25;2025-11-20;8;1006
25;2025-11-20;9;525
25;2025-11-20;10;400
25;2025-11-20;11;454
25;2025-11-20;12;444
25;2025-11-20;13;566
25;2025-11-20;14;489
25;2025-11-20;15;584
25;2025-11-20;16;723
25;2025-11-20;17;808
25;2025-11-20;18;863
25;2025-11-20;19;583
25;2025-11-20;20;353
25;2025-11-20;21;234
25;2025-11-20;22;119
25;2025-11-20;23;11
25;2025-11-21;0;0
25;2025-11-21;1;0
25;2025-11-21;2;0
25;2025-11-21;3;0
25;2025-11-21;4;0
25;2025-11-21;5;12
25;2025-11-21;6;249
25;2025-11-21;7;661
25;2025-11-21;8;1051
25;2025-11-21;9;554
25;2025-11-21;10;454
25;2025-11-21;11;523
25;2025-11-21;12;519
25;2025-11-21;13;653
25;2025-11-21;14;597
25;2025-11-21;15;756
25;2025-11-21;16;933
25;2025-11-21;17;939
25;2025-11-21;18;814
25;2025-11-21;19;641
25;2025-11-21;20;400
25;2025-11-21;21;266
25;2025-11-21;22;156
25;2025-11-21;23;19
25;2025-11-22;0;5
25;2025-11-22;1;0
25;2025-11-22;2;0
25;2025-11-22;3;0
25;2025-11-22;4;0
25;2025-11-22;5;15
25;2025-11-22;6;100
25;2025-11-22;7;157
25;2025-11-22;8;345
25;2025-11-22;9;330
25;2025-11-22;10;326
25;2025-11-22;11;430
25;2025-11-22;12;456
25;2025-11-22;13;655
25;2025-11-22;14;668
25;2025-11-22;15;774
25;2025-11-22;16;709
25;2025-11-22;17;591
25;2025-11-22;18;559
25;2025-11-22;19;485
25;2025-11-22;20;305
25;2025-11-22;21;245
25;2025-11-22;22;151
25;2025-11-22;23;60
25;2025-11-23;0;21
25;2025-11-23;1;0
25;2025-11-23;2;0
25;2025-11-23;3;0
25;2025-11-23;4;0
25;2025-11-23;5;8
25;2025-11-23;6;83
25;2025-11-23;7;123
25;2025-11-23;8;229
25;2025-11-23;9;258
25;2025-11-23;10;267
25;2025-11-23;11;364
25;2025-11-23;12;436
25;2025-11-23;13;544
25;2025-11-23;14;623
25;2025-11-23;15;716
25;2025-11-23;16;605
25;2025-11-23;17;577
25;2025-11-23;18;504
25;2025-11-23;19;388
25;2025-11-23;20;272
25;2025-11-23;21;206
25;2025-11-23;22;128
25;2025-11-23;23;46
25;2025-11-24;0;4
25;2025-11-24;1;0
25;2025-11-24;2;0
25;2025-11-24;3;0
25;2025-11-24;4;0
25;2025-11-24;5;14
25;2025-11-24;6;209
25;2025-11-24;7;565
25;2025-11-24;8;961
25;2025-11-24;9;501
25;2025-11-24;10;382
25;2025-11-24;11;433
25;2025-11-24;12;424
25;2025-11-24;13;541
25;2025-11-24;14;467
25;2025-11-24;15;558
25;2025-11-24;16;691
25;2025-11-24;17;772
25;2025-11-24;18;824
25;2025-11-24;19;557
25;2025-11-24;20;337
25;2025-11-24;21;223
25;2025-11-24;22;114
25;2025-11-24;23;11
25;2025-11-25;0;4
25;2025-11-25;1;0
25;2025-11-25;2;0
25;2025-11-25;3;0
25;2025-11-25;4;0
25;2025-11-25;5;14
25;2025-11-25;6;218
25;2025-11-25;7;591
25;2025-11-25;8;1006
25;2025-11-25;9;525
25;2025-11-25;10;400
25;2025-11-25;11;454
25;2025-11-25;12;444
25;2025-11-25;13;566
25;2025-11-25;14;489
25;2025-11-25;15;584
25;2025-11-25;16;723
25;2025-11-25;17;808
25;2025-11-25;18;863
25;2025-11-25;19;583
25;2025-11-25;20;353
25;2025-11-25;21;234
25;2025-11-25;22;119
25;2025-11-25;23;11
25;2025-11-26;0;4
25;2025-11-26;1;0
25;2025-11-26;2;0
25;2025-11-26;3;0
25;2025-11-26;4;0
25;2025-11-26;5;14
25;2025-11-26;6;208
25;2025-11-26;7;563
25;2025-11-26;8;958
25;2025-11-26;9;500
25;2025-11-26;10;381
25;2025-11-26;11;432
25;2025-11-26;12;423
25;2025-11-26;13;539
25;2025-11-26;14;466
25;2025-11-26;15;556
25;2025-11-26;16;688
25;2025-11-26;17;769
25;2025-11-26;18;821
25;2025-11-26;19;555
25;2025-11-26;20;336
25;2025-11-26;21;223
25;2025-11-26;22;113
25;2025-11-26;23;11
25;2025-11-27;0;4
25;2025-11-27;1;0
25;2025-11-27;2;0
25;2025-11-27;3;0
25;2025-11-27;4;0
25;2025-11-27;5;14
25;2025-11-27;6;210
25;2025-11-27;7;568
25;2025-11-27;8;967
25;2025-11-27;9;505
25;2025-11-27;10;385
25;2025-11-27;11;436
25;2025-11-27;12;427
25;2025-11-27;13;544
25;2025-11-27;14;470
25;2025-11-27;15;562
25;2025-11-27;16;695
25;2025-11-27;17;777
25;2025-11-27;18;830
25;2025-11-27;19;561
25;2025-11-27;20;340
25;2025-11-27;21;225
25;2025-11-27;22;115
25;2025-11-27;23;11
25;2025-11-28;0;0
25;2025-11-28;1;0
25;2025-11-28;2;0
25;2025-11-28;3;0
25;2025-11-28;4;0
25;2025-11-28;5;12
25;2025-11-28;6;249
25;2025-11-28;7;663
25;2025-11-28;8;1054
25;2025-11-28;9;556
25;2025-11-28;10;456
25;2025-11-28;11;525
25;2025-11-28;12;521
25;2025-11-28;13;655
25;2025-11-28;14;599
25;2025-11-28;15;759
25;2025-11-28;16;936
25;2025-11-28;17;942
25;2025-11-28;18;816
25;2025-11-28;19;643
25;2025-11-28;20;401
25;2025-11-28;21;267
25;2025-11-28;22;157
25;2025-11-28;23;19
25;2025-11-29;0;5
25;2025-11-29;1;0
25;2025-11-29;2;0
25;2025-11-29;3;0
25;2025-11-29;4;0
25;2025-11-29;5;15
25;2025-11-29;6;102
25;2025-11-29;7;159
25;2025-11-29;8;349
25;2025-11-29;9;334
25;2025-11-29;10;330
25;2025-11-29;11;436
25;2025-11-29;12;461
25;2025-11-29;13;663
25;2025-11-29;14;676
25;2025-11-29;15;783
25;2025-11-29;16;718
25;2025-11-29;17;598
25;2025-11-29;18;566
25;2025-11-29;19;491
25;2025-11-29;20;309
25;2025-11-29;21;248
25;2025-11-29;22;153
25;2025-11-29;23;61
25;2025-11-30;0;21
25;2025-11-30;1;0
25;2025-11-30;2;0
25;2025-11-30;3;0
25;2025-11-30;4;0
25;2025-11-30;5;8
25;2025-11-30;6;83
25;2025-11-30;7;123
25;2025-11-30;8;229
25;2025-11-30;9;258
25;2025-11-30;10;267
25;2025-11-30;11;364
25;2025-11-30;12;436
25;2025-11-30;13;544
25;2025-11-30;14;623
25;2025-11-30;15;716
25;2025-11-30;16;605
25;2025-11-30;17;577
25;2025-11-30;18;504
25;2025-11-30;19;388
25;2025-11-30;20;272
25;2025-11-30;21;206
25;2025-11-30;22;128
25;2025-11-30;23;46
25;2025-12-01;0;4
25;2025-12-01;1;0
25;2025-12-01;2;0
25;2025-12-01;3;0
25;2025-12-01;4;0
25;2025-12-01;5;14
25;2025-12-01;6;212
25;2025-12-01;7;574
25;2025-12-01;8;977
25;2025-12-01;9;510
25;2025-12-01;10;389
25;2025-12-01;11;440
25;2025-12-01;12;431
25;2025-12-01;13;550
25;2025-12-01;14;475
25;2025-12-01;15;567
25;2025-12-01;16;702
25;2025-12-01;17;785
25;2025-12-01;18;838
25;2025-12-01;19;566
25;2025-12-01;20;343
25;2025-12-01;21;227
25;2025-12-01;22;116
25;2025-12-01;23;11
25;2025-12-02;0;4
25;2025-12-02;1;0
25;2025-12-02;2;0
25;2025-12-02;3;0
25;2025-12-02;4;0
25;2025-12-02;5;14
25;2025-12-02;6;212
25;2025-12-02;7;574
25;2025-12-02;8;977
25;2025-12-02;9;510
25;2025-12-02;10;389
25;2025-12-02;11;440
25;2025-12-02;12;431
25;2025-12-02;13;550
25;2025-12-02;14;475
25;2025-12-02;15;567
25;2025-12-02;16;702
25;2025-12-02;17;785
25;2025-12-02;18;838
25;2025-12-02;19;566
25;2025-12-02;20;343
25;2025-12-02;21;227
25;2025-12-02;22;116
25;2025-12-02;23;11
25;2025-12-03;0;4
25;2025-12-03;1;0
25;2025-12-03;2;0
25;2025-12-03;3;0
25;2025-12-03;4;0
25;2025-12-03;5;14
25;2025-12-03;6;212
25;2025-12-03;7;574
25;2025-12-03;8;977
25;2025-12-03;9;510
25;2025-12-03;10;389
25;2025-12-03;11;440
25;2025-12-03;12;431
25;2025-12-03;13;550
25;2025-12-03;14;475
25;2025-12-03;15;567
25;2025-12-03;16;702
25;2025-12-03;17;785
25;2025-12-03;18;838
25;2025-12-03;19;566
25;2025-12-03;20;343
25;2025-12-03;21;227
25;2025-12-03;22;116
25;2025-12-03;23;11
25;2025-12-04;0;4
25;2025-12-04;1;0
25;2025-12-04;2;0
25;2025-12-04;3;0
25;2025-12-04;4;0
25;2025-12-04;5;14
25;2025-12-04;6;212
25;2025-12-04;7;574
25;2025-12-04;8;977
25;2025-12-04;9;510
25;2025-12-04;10;389
25;2025-12-04;11;440
25;2025-12-04;12;431
25;2025-12-04;13;550
25;2025-12-04;14;475
25;2025-12-04;15;567
25;2025-12-04;16;702
25;2025-12-04;17;785
25;2025-12-04;18;838
25;2025-12-04;19;566
25;2025-12-04;20;343
25;2025-12-04;21;227
25;2025-12-04;22;116
25;2025-12-04;23;11
25;2025-12-05;0;0
25;2025-12-05;1;0
25;2025-12-05;2;0
25;2025-12-05;3;0
25;2025-12-05;4;0
25;2025-12-05;5;12
25;2025-12-05;6;242
25;2025-12-05;7;644
25;2025-12-05;8;1024
25;2025-12-05;9;540
25;2025-12-05;10;442
25;2025-12-05;11;510
25;2025-12-05;12;506
25;2025-12-05;13;636
25;2025-12-05;14;581
25;2025-12-05;15;737
25;2025-12-05;16;909
25;2025-12-05;17;915
25;2025-12-05;18;792
25;2025-12-05;19;624
25;2025-12-05;20;390
25;2025-12-05;21;259
25;2025-12-05;22;152
25;2025-12-05;23;18
25;2025-12-06;0;5
25;2025-12-06;1;0
25;2025-12-06;2;0
25;2025-12-06;3;0
25;2025-12-06;4;0
25;2025-12-06;5;14
25;2025-12-06;6;99
25;2025-12-06;7;154
25;2025-12-06;8;339
25;2025-12-06;9;324
25;2025-12-06;10;320
25;2025-12-06;11;423
25;2025-12-06;12;448
25;2025-12-06;13;643
25;2025-12-06;14;657
25;2025-12-06;15;760
25;2025-12-06;16;697
25;2025-12-06;17;580
25;2025-12-06;18;550
25;2025-12-06;19;476
25;2025-12-06;20;300
25;2025-12-06;21;240
25;2025-12-06;22;148
25;2025-12-06;23;59
25;2025-12-07;0;21
25;2025-12-07;1;0
25;2025-12-07;2;0
25;2025-12-07;3;0
25;2025-12-07;4;0
25;2025-12-07;5;8
25;2025-12-07;6;81
25;2025-12-07;7;119
25;2025-12-07;8;222
25;2025-12-07;9;251
25;2025-12-07;10;259
25;2025-12-07;11;354
25;2025-12-07;12;423
25;2025-12-07;13;528
25;2025-12-07;14;604
25;2025-12-07;15;695
25;2025-12-07;16;588
25;2025-12-07;17;561
25;2025-12-07;18;489
25;2025-12-07;19;376
25;2025-12-07;20;265
25;2025-12-07;21;200
25;2025-12-07;22;124
25;2025-12-07;23;45
25;2025-12-08;0;4
25;2025-12-08;1;0
25;2025-12-08;2;0
25;2025-12-08;3;0
25;2025-12-08;4;0
25;2025-12-08;5;14
25;2025-12-08;6;212
25;2025-12-08;7;574
25;2025-12-08;8;977
25;2025-12-08;9;510
25;2025-12-08;10;389
25;2025-12-08;11;440
25;2025-12-08;12;431
25;2025-12-08;13;550
25;2025-12-08;14;475
25;2025-12-08;15;567
25;2025-12-08;16;702
25;2025-12-08;17;785
25;2025-12-08;18;838
25;2025-12-08;19;566
25;2025-12-08;20;343
25;2025-12-08;21;227
25;2025-12-08;22;116
25;2025-12-08;23;11
25;2025-12-09;0;4
25;2025-12-09;1;0
25;2025-12-09;2;0
25;2025-12-09;3;0
25;2025-12-09;4;0
25;2025-12-09;5;14
25;2025-12-09;6;212
25;2025-12-09;7;574
25;2025-12-09;8;977
25;2025-12-09;9;510
25;2025-12-09;10;389
25;2025-12-09;11;440
25;2025-12-09;12;431
25;2025-12-09;13;550
25;2025-12-09;14;475
25;2025-12-09;15;567
25;2025-12-09;16;702
25;2025-12-09;17;785
25;2025-12-09;18;838
25;2025-12-09;19;566
25;2025-12-09;20;343
25;2025-12-09;21;227
25;2025-12-09;22;116
25;2025-12-09;23;11
25;2025-12-10;0;4
25;2025-12-10;1;0
25;2025-12-10;2;0
25;2025-12-10;3;0
25;2025-12-10;4;0
25;2025-12-10;5;14
25;2025-12-10;6;210
25;2025-12-10;7;569
25;2025-12-10;8;968
25;2025-12-10;9;505
25;2025-12-10;10;385
25;2025-12-10;11;437
25;2025-12-10;12;427
25;2025-12-10;13;545
25;2025-12-10;14;471
25;2025-12-10;15;562
25;2025-12-10;16;696
25;2025-12-10;17;778
25;2025-12-10;18;831
25;2025-12-10;19;561
25;2025-12-10;20;340
25;2025-12-10;21;225
25;2025-12-10;22;115
25;2025-12-10;23;11
25;2025-12-11;0;3
25;2025-12-11;1;0
25;2025-12-11;2;0
25;2025-12-11;3;0
25;2025-12-11;4;0
25;2025-12-11;5;13
25;2025-12-11;6;203
25;2025-12-11;7;549
25;2025-12-11;8;934
25;2025-12-11;9;487
25;2025-12-11;10;371
25;2025-12-11;11;421
25;2025-12-11;12;412
25;2025-12-11;13;526
25;2025-12-11;14;454
25;2025-12-11;15;542
25;2025-12-11;16;671
25;2025-12-11;17;750
25;2025-12-11;18;801
25;2025-12-11;19;541
25;2025-12-11;20;328
25;2025-12-11;21;217
25;2025-12-11;22;111
25;2025-12-11;23;10
25;2025-12-12;0;0
25;2025-12-12;1;0
25;2025-12-12;2;0
25;2025-12-12;3;0
25;2025-12-12;4;0
25;2025-12-12;5;12
25;2025-12-12;6;233
25;2025-12-12;7;620
25;2025-12-12;8;986
25;2025-12-12;9;520
25;2025-12-12;10;426
25;2025-12-12;11;491
25;2025-12-12;12;487
25;2025-12-12;13;612
25;2025-12-12;14;560
25;2025-12-12;15;710
25;2025-12-12;16;875
25;2025-12-12;17;881
25;2025-12-12;18;763
25;2025-12-12;19;601
25;2025-12-12;20;375
25;2025-12-12;21;250
25;2025-12-12;22;147
25;2025-12-12;23;18
25;2025-12-13;0;5
25;2025-12-13;1;0
25;2025-12-13;2;0
25;2025-12-13;3;0
25;2025-12-13;4;0
25;2025-12-13;5;14
25;2025-12-13;6;98
25;2025-12-13;7;153
25;2025-12-13;8;337
25;2025-12-13;9;323
25;2025-12-13;10;319
25;2025-12-13;11;421
25;2025-12-13;12;446
25;2025-12-13;13;640
25;2025-12-13;14;654
25;2025-12-13;15;757
25;2025-12-13;16;694
25;2025-12-13;17;578
25;2025-12-13;18;547
25;2025-12-13;19;474
25;2025-12-13;20;298
25;2025-12-13;21;239
25;2025-12-13;22;148
25;2025-12-13;23;59
25;2025-12-14;0;21
25;2025-12-14;1;0
25;2025-12-14;2;0
25;2025-12-14;3;0
25;2025-12-14;4;0
25;2025-12-14;5;8
25;2025-12-14;6;81
25;2025-12-14;7;119
25;2025-12-14;8;222
25;2025-12-14;9;250
25;2025-12-14;10;259
25;2025-12-14;11;353
25;2025-12-14;12;423
25;2025-12-14;13;527
25;2025-12-14;14;604
25;2025-12-14;15;694
25;2025-12-14;16;587
25;2025-12-14;17;560
25;2025-12-14;18;488
25;2025-12-14;19;376
25;2025-12-14;20;264
25;2025-12-14;21;200
25;2025-12-14;22;124
25;2025-12-14;23;45
25;2025-12-15;0;4
25;2025-12-15;1;0
25;2025-12-15;2;0
25;2025-12-15;3;0
25;2025-12-15;4;0
25;2025-12-15;5;14
25;2025-12-15;6;212
25;2025-12-15;7;573
25;2025-12-15;8;976
25;2025-12-15;9;509
25;2025-12-15;10;388
25;2025-12-15;11;440
25;2025-12-15;12;431
25;2025-12-15;13;549
25;2025-12-15;14;474
25;2025-12-15;15;567
25;2025-12-15;16;701
25;2025-12-15;17;784
25;2025-12-15;18;837
25;2025-12-15;19;566
25;2025-12-15;20;343
25;2025-12-15;21;227
25;2025-12-15;22;116
25;2025-12-15;23;11
25;2025-12-16;0;4
25;2025-12-16;1;0
25;2025-12-16;2;0
25;2025-12-16;3;0
25;2025-12-16;4;0
25;2025-12-16;5;14
25;2025-12-16;6;209
25;2025-12-16;7;565
25;2025-12-16;8;962
25;2025-12-16;9;502
25;2025-12-16;10;383
25;2025-12-16;11;434
25;2025-12-16;12;425
25;2025-12-16;13;542
25;2025-12-16;14;468
25;2025-12-16;15;559
25;2025-12-16;16;691
25;2025-12-16;17;773
25;2025-12-16;18;825
25;2025-12-16;19;558
25;2025-12-16;20;338
25;2025-12-16;21;224
25;2025-12-16;22;114
25;2025-12-16;23;11
25;2025-12-17;0;4
25;2025-12-17;1;0
25;2025-12-17;2;0
25;2025-12-17;3;0
25;2025-12-17;4;0
25;2025-12-17;5;14
25;2025-12-17;6;212
25;2025-12-17;7;574
25;2025-12-17;8;977
25;2025-12-17;9;510
25;2025-12-17;10;389
25;2025-12-17;11;440
25;2025-12-17;12;431
25;2025-12-17;13;550
25;2025-12-17;14;475
25;2025-12-17;15;567
25;2025-12-17;16;702
25;2025-12-17;17;785
25;2025-12-17;18;838
25;2025-12-17;19;566
25;2025-12-17;20;343
25;2025-12-17;21;227
25;2025-12-17;22;116
25;2025-12-17;23;11
25;2025-12-18;0;4
25;2025-12-18;1;0
25;2025-12-18;2;0
25;2025-12-18;3;0
25;2025-12-18;4;0
25;2025-12-18;5;14
25;2025-12-18;6;212
25;2025-12-18;7;574
25;2025-12-18;8;977
25;2025-12-18;9;510
25;2025-12-18;10;389
25;2025-12-18;11;440
25;2025-12-18;12;431
25;2025-12-18;13;550
25;2025-12-18;14;475
25;2025-12-18;15;567
25;2025-12-18;16;702
25;2025-12-18;17;785
25;2025-12-18;18;838
25;2025-12-18;19;566
25;2025-12-18;20;343
25;2025-12-18;21;227
25;2025-12-18;22;116
25;2025-12-18;23;11
25;2025-12-19;0;0
25;2025-12-19;1;0
25;2025-12-19;2;0
25;2025-12-19;3;0
25;2025-12-19;4;0
25;2025-12-19;5;12
25;2025-12-19;6;242
25;2025-12-19;7;642
25;2025-12-19;8;1021
25;2025-12-19;9;538
25;2025-12-19;10;441
25;2025-12-19;11;509
25;2025-12-19;12;505
25;2025-12-19;13;634
25;2025-12-19;14;580
25;2025-12-19;15;735
25;2025-12-19;16;907
25;2025-12-19;17;913
25;2025-12-19;18;791
25;2025-12-19;19;623
25;2025-12-19;20;389
25;2025-12-19;21;259
25;2025-12-19;22;152
25;2025-12-19;23;18
25;2025-12-20;0;5
25;2025-12-20;1;0
25;2025-12-20;2;0
25;2025-12-20;3;0
25;2025-12-20;4;0
25;2025-12-20;5;14
25;2025-12-20;6;99
25;2025-12-20;7;154
25;2025-12-20;8;339
25;2025-12-20;9;324
25;2025-12-20;10;320
25;2025-12-20;11;423
25;2025-12-20;12;448
25;2025-12-20;13;643
25;2025-12-20;14;657
25;2025-12-20;15;760
25;2025-12-20;16;697
25;2025-12-20;17;580
25;2025-12-20;18;550
25;2025-12-20;19;476
25;2025-12-20;20;300
25;2025-12-20;21;240
25;2025-12-20;22;148
25;2025-12-20;23;59
25;2025-12-21;0;20
25;2025-12-21;1;0
25;2025-12-21;2;0
25;2025-12-21;3;0
25;2025-12-21;4;0
25;2025-12-21;5;8
25;2025-12-21;6;80
25;2025-12-21;7;119
25;2025-12-21;8;221
25;2025-12-21;9;250
25;2025-12-21;10;258
25;2025-12-21;11;352
25;2025-12-21;12;421
25;2025-12-21;13;526
25;2025-12-21;14;602
25;2025-12-21;15;692
25;2025-12-21;16;585
25;2025-12-21;17;558
25;2025-12-21;18;487
25;2025-12-21;19;375
25;2025-12-21;20;263
25;2025-12-21;21;199
25;2025-12-21;22;124
25;2025-12-21;23;45
25;2025-12-22;0;4
25;2025-12-22;1;0
25;2025-12-22;2;0
25;2025-12-22;3;0
25;2025-12-22;4;0
25;2025-12-22;5;14
25;2025-12-22;6;210
25;2025-12-22;7;569
25;2025-12-22;8;968
25;2025-12-22;9;505
25;2025-12-22;10;385
25;2025-12-22;11;437
25;2025-12-22;12;427
25;2025-12-22;13;545
25;2025-12-22;14;471
25;2025-12-22;15;562
25;2025-12-22;16;696
25;2025-12-22;17;778
25;2025-12-22;18;831
25;2025-12-22;19;561
25;2025-12-22;20;340
25;2025-12-22;21;225
25;2025-12-22;22;115
25;2025-12-22;23;11
25;2025-12-23;0;3
25;2025-12-23;1;0
25;2025-12-23;2;0
25;2025-12-23;3;0
25;2025-12-23;4;0
25;2025-12-23;5;13
25;2025-12-23;6;205
25;2025-12-23;7;555
25;2025-12-23;8;944
25;2025-12-23;9;493
25;2025-12-23;10;376
25;2025-12-23;11;426
25;2025-12-23;12;417
25;2025-12-23;13;532
25;2025-12-23;14;459
25;2025-12-23;15;548
25;2025-12-23;16;679
25;2025-12-23;17;759
25;2025-12-23;18;810
25;2025-12-23;19;547
25;2025-12-23;20;331
25;2025-12-23;21;219
25;2025-12-23;22;112
25;2025-12-23;23;11
25;2025-12-24;0;3
25;2025-12-24;1;0
25;2025-12-24;2;0
25;2025-12-24;3;0
25;2025-12-24;4;0
25;2025-12-24;5;13
25;2025-12-24;6;204
25;2025-12-24;7;552
25;2025-12-24;8;939
25;2025-12-24;9;490
25;2025-12-24;10;374
25;2025-12-24;11;423
25;2025-12-24;12;415
25;2025-12-24;13;529
25;2025-12-24;14;457
25;2025-12-24;15;545
25;2025-12-24;16;675
25;2025-12-24;17;754
25;2025-12-24;18;806
25;2025-12-24;19;544
25;2025-12-24;20;330
25;2025-12-24;21;218
25;2025-12-24;22;111
25;2025-12-24;23;10
25;2025-12-25;0;4
25;2025-12-25;1;0
25;2025-12-25;2;0
25;2025-12-25;3;0
25;2025-12-25;4;0
25;2025-12-25;5;14
25;2025-12-25;6;208
25;2025-12-25;7;564
25;2025-12-25;8;960
25;2025-12-25;9;501
25;2025-12-25;10;382
25;2025-12-25;11;433
25;2025-12-25;12;424
25;2025-12-25;13;540
25;2025-12-25;14;467
25;2025-12-25;15;557
25;2025-12-25;16;690
25;2025-12-25;17;771
25;2025-12-25;18;823
25;2025-12-25;19;557
25;2025-12-25;20;337
25;2025-12-25;21;223
25;2025-12-25;22;114
25;2025-12-25;23;11
25;2025-12-26;0;0
25;2025-12-26;1;0
25;2025-12-26;2;0
25;2025-12-26;3;0
25;2025-12-26;4;0
25;2025-12-26;5;11
25;2025-12-26;6;229
25;2025-12-26;7;609
25;2025-12-26;8;968
25;2025-12-26;9;510
25;2025-12-26;10;418
25;2025-12-26;11;482
25;2025-12-26;12;478
25;2025-12-26;13;601
25;2025-12-26;14;549
25;2025-12-26;15;696
25;2025-12-26;16;859
25;2025-12-26;17;865
25;2025-12-26;18;749
25;2025-12-26;19;590
25;2025-12-26;20;368
25;2025-12-26;21;245
25;2025-12-26;22;144
25;2025-12-26;23;17
25;2025-12-27;0;5
25;2025-12-27;1;0
25;2025-12-27;2;0
25;2025-12-27;3;0
25;2025-12-27;4;0
25;2025-12-27;5;14
25;2025-12-27;6;98
25;2025-12-27;7;154
25;2025-12-27;8;338
25;2025-12-27;9;323
25;2025-12-27;10;319
25;2025-12-27;11;422
25;2025-12-27;12;447
25;2025-12-27;13;642
25;2025-12-27;14;655
25;2025-12-27;15;758
25;2025-12-27;16;696
25;2025-12-27;17;579
25;2025-12-27;18;548
25;2025-12-27;19;475
25;2025-12-27;20;299
25;2025-12-27;21;240
25;2025-12-27;22;148
25;2025-12-27;23;59
25;2025-12-28;0;20
25;2025-12-28;1;0
25;2025-12-28;2;0
25;2025-12-28;3;0
25;2025-12-28;4;0
25;2025-12-28;5;8
25;2025-12-28;6;79
25;2025-12-28;7;117
25;2025-12-28;8;217
25;2025-12-28;9;246
25;2025-12-28;10;254
25;2025-12-28;11;346
25;2025-12-28;12;415
25;2025-12-28;13;517
25;2025-12-28;14;592
25;2025-12-28;15;680
25;2025-12-28;16;576
25;2025-12-28;17;549
25;2025-12-28;18;479
25;2025-12-28;19;368
25;2025-12-28;20;259
25;2025-12-28;21;196
25;2025-12-28;22;122
25;2025-12-28;23;44
25;2025-12-29;0;4
25;2025-12-29;1;0
25;2025-12-29;2;0
25;2025-12-29;3;0
25;2025-12-29;4;0
25;2025-12-29;5;12
25;2025-12-29;6;184
25;2025-12-29;7;496
25;2025-12-29;8;845
25;2025-12-29;9;440
25;2025-12-29;10;336
25;2025-12-29;11;381
25;2025-12-29;12;373
25;2025-12-29;13;475
25;2025-12-29;14;410
25;2025-12-29;15;491
25;2025-12-29;16;607
25;2025-12-29;17;678
25;2025-12-29;18;724
25;2025-12-29;19;489
25;2025-12-29;20;296
25;2025-12-29;21;197
25;2025-12-29;22;101
25;2025-12-29;23;9
25;2025-12-30;0;3
25;2025-12-30;1;0
25;2025-12-30;2;0
25;2025-12-30;3;0
25;2025-12-30;4;0
25;2025-12-30;5;12
25;2025-12-30;6;180
25;2025-12-30;7;486
25;2025-12-30;8;828
25;2025-12-30;9;432
25;2025-12-30;10;329
25;2025-12-30;11;373
25;2025-12-30;12;366
25;2025-12-30;13;466
25;2025-12-30;14;402
25;2025-12-30;15;481
25;2025-12-30;16;595
25;2025-12-30;17;665
25;2025-12-30;18;710
25;2025-12-30;19;480
25;2025-12-30;20;290
25;2025-12-30;21;193
25;2025-12-30;22;99
25;2025-12-30;23;9
25;2025-12-31;0;7
25;2025-12-31;1;0
25;2025-12-31;2;0
25;2025-12-31;3;0
25;2025-12-31;4;0
25;2025-12-31;5;12
25;2025-12-31;6;82
25;2025-12-31;7;127
25;2025-12-31;8;289
25;2025-12-31;9;260
25;2025-12-31;10;273
25;2025-12-31;11;345
25;2025-12-31;12;363
25;2025-12-31;13;568
25;2025-12-31;14;556
25;2025-12-31;15;656
25;2025-12-31;16;611
25;2025-12-31;17;469
25;2025-12-31;18;468
25;2025-12-31;19;465
25;2025-12-31;20;0
25;2025-12-31;21;0
25;2025-12-31;22;0
25;2025-12-31;23;0
26;2025-11-01;0;41
26;2025-11-01;1;3
26;2025-11-01;2;0
26;2025-11-01;3;0
26;2025-11-01;4;2
26;2025-11-01;5;69
26;2025-11-01;6;413
26;2025-11-01;7;864
26;2025-11-01;8;1725
26;2025-11-01;9;1154
26;2025-11-01;10;999
26;2025-11-01;11;896
26;2025-11-01;12;935
26;2025-11-01;13;983
26;2025-11-01;14;1057
26;2025-11-01;15;1142
26;2025-11-01;16;1354
26;2025-11-01;17;1421
26;2025-11-01;18;1144
26;2025-11-01;19;893
26;2025-11-01;20;593
26;2025-11-01;21;380
26;2025-11-01;22;194
26;2025-11-01;23;129
26;2025-11-02;0;52
26;2025-11-02;1;6
26;2025-11-02;2;0
26;2025-11-02;3;0
26;2025-11-02;4;1
26;2025-11-02;5;28
26;2025-11-02;6;158
26;2025-11-02;7;257
26;2025-11-02;8;382
26;2025-11-02;9;531
26;2025-11-02;10;594
26;2025-11-02;11;801
26;2025-11-02;12;821
26;2025-11-02;13;873
26;2025-11-02;14;851
26;2025-11-02;15;788
26;2025-11-02;16;774
26;2025-11-02;17;778
26;2025-11-02;18;714
26;2025-11-02;19;548
26;2025-11-02;20;409
26;2025-11-02;21;288
26;2025-11-02;22;188
26;2025-11-02;23;105
26;2025-11-03;0;51
26;2025-11-03;1;5
26;2025-11-03;2;0
26;2025-11-03;3;0
26;2025-11-03;4;1
26;2025-11-03;5;28
26;2025-11-03;6;155
26;2025-11-03;7;252
26;2025-11-03;8;375
26;2025-11-03;9;521
26;2025-11-03;10;583
26;2025-11-03;11;786
26;2025-11-03;12;806
26;2025-11-03;13;857
26;2025-11-03;14;835
26;2025-11-03;15;774
26;2025-11-03;16;760
26;2025-11-03;17;764
26;2025-11-03;18;700
26;2025-11-03;19;538
26;2025-11-03;20;402
26;2025-11-03;21;283
26;2025-11-03;22;184
26;2025-11-03;23;103
26;2025-11-04;0;51
26;2025-11-04;1;5
26;2025-11-04;2;0
26;2025-11-04;3;0
26;2025-11-04;4;1
26;2025-11-04;5;27
26;2025-11-04;6;154
26;2025-11-04;7;249
26;2025-11-04;8;371
26;2025-11-04;9;516
26;2025-11-04;10;578
26;2025-11-04;11;778
26;2025-11-04;12;798
26;2025-11-04;13;849
26;2025-11-04;14;827
26;2025-11-04;15;766
26;2025-11-04;16;752
26;2025-11-04;17;756
26;2025-11-04;18;693
26;2025-11-04;19;532
26;2025-11-04;20;398
26;2025-11-04;21;280
26;2025-11-04;22;183
26;2025-11-04;23;102
26;2025-11-05;0;33
26;2025-11-05;1;1
26;2025-11-05;2;0
26;2025-11-05;3;0
26;2025-11-05;4;3
26;2025-11-05;5;93
26;2025-11-05;6;514
26;2025-11-05;7;1146
26;2025-11-05;8;2261
26;2025-11-05;9;1524
26;2025-11-05;10;1262
26;2025-11-05;11;1137
26;2025-11-05;12;1183
26;2025-11-05;13;1212
26;2025-11-05;14;1294
26;2025-11-05;15;1377
26;2025-11-05;16;1527
26;2025-11-05;17;1748
26;2025-11-05;18;1940
26;2025-11-05;19;1318
26;2025-11-05;20;799
26;2025-11-05;21;497
26;2025-11-05;22;237
26;2025-11-05;23;125
26;2025-11-06;0;32
26;2025-11-06;1;1
26;2025-11-06;2;0
26;2025-11-06;3;0
26;2025-11-06;4;3
26;2025-11-06;5;92
26;2025-11-06;6;505
26;2025-11-06;7;1127
26;2025-11-06;8;2224
26;2025-11-06;9;1499
26;2025-11-06;10;1241
26;2025-11-06;11;1119
26;2025-11-06;12;1164
26;2025-11-06;13;1192
26;2025-11-06;14;1272
26;2025-11-06;15;1354
26;2025-11-06;16;1502
26;2025-11-06;17;1720
26;2025-11-06;18;1908
26;2025-11-06;19;1296
26;2025-11-06;20;785
26;2025-11-06;21;489
26;2025-11-06;22;233
26;2025-11-06;23;123
26;2025-11-07;0;35
26;2025-11-07;1;2
26;2025-11-07;2;0
26;2025-11-07;3;0
26;2025-11-07;4;2
26;2025-11-07;5;88
26;2025-11-07;6;529
26;2025-11-07;7;1107
26;2025-11-07;8;2208
26;2025-11-07;9;1477
26;2025-11-07;10;1279
26;2025-11-07;11;1146
26;2025-11-07;12;1198
26;2025-11-07;13;1260
26;2025-11-07;14;1353
26;2025-11-07;15;1463
26;2025-11-07;16;1735
26;2025-11-07;17;1819
26;2025-11-07;18;1464
26;2025-11-07;19;1142
26;2025-11-07;20;760
26;2025-11-07;21;487
26;2025-11-07;22;248
26;2025-11-07;23;165
26;2025-11-08;0;47
26;2025-11-08;1;2
26;2025-11-08;2;0
26;2025-11-08;3;0
26;2025-11-08;4;2
26;2025-11-08;5;48
26;2025-11-08;6;265
26;2025-11-08;7;383
26;2025-11-08;8;615
26;2025-11-08;9;701
26;2025-11-08;10;837
26;2025-11-08;11;1017
26;2025-11-08;12;1083
26;2025-11-08;13;1058
26;2025-11-08;14;1091
26;2025-11-08;15;989
26;2025-11-08;16;1015
26;2025-11-08;17;953
26;2025-11-08;18;900
26;2025-11-08;19;804
26;2025-11-08;20;557
26;2025-11-08;21;370
26;2025-11-08;22;222
26;2025-11-08;23;151
26;2025-11-09;0;54
26;2025-11-09;1;6
26;2025-11-09;2;0
26;2025-11-09;3;0
26;2025-11-09;4;1
26;2025-11-09;5;29
26;2025-11-09;6;163
26;2025-11-09;7;265
26;2025-11-09;8;394
26;2025-11-09;9;548
26;2025-11-09;10;613
26;2025-11-09;11;826
26;2025-11-09;12;847
26;2025-11-09;13;900
26;2025-11-09;14;878
26;2025-11-09;15;813
26;2025-11-09;16;798
26;2025-11-09;17;803
26;2025-11-09;18;736
26;2025-11-09;19;565
26;2025-11-09;20;422
26;2025-11-09;21;297
26;2025-11-09;22;194
26;2025-11-09;23;108
26;2025-11-10;0;33
26;2025-11-10;1;1
26;2025-11-10;2;0
26;2025-11-10;3;0
26;2025-11-10;4;3
26;2025-11-10;5;93
26;2025-11-10;6;514
26;2025-11-10;7;1146
26;2025-11-10;8;2261
26;2025-11-10;9;1524
26;2025-11-10;10;1262
26;2025-11-10;11;1137
26;2025-11-10;12;1183
26;2025-11-10;13;1212
26;2025-11-10;14;1294
26;2025-11-10;15;1377
26;2025-11-10;16;1527
26;2025-11-10;17;1748
26;2025-11-10;18;1940
26;2025-11-10;19;1318
26;2025-11-10;20;799
26;2025-11-10;21;497
26;2025-11-10;22;237
26;2025-11-10;23;125
26;2025-11-11;0;33
26;2025-11-11;1;1
26;2025-11-11;2;0
26;2025-11-11;3;0
26;2025-11-11;4;3
26;2025-11-11;5;93
26;2025-11-11;6;514
26;2025-11-11;7;1146
26;2025-11-11;8;2261
26;2025-11-11;9;1524
26;2025-11-11;10;1262
26;2025-11-11;11;1137
26;2025-11-11;12;1183
26;2025-11-11;13;1212
26;2025-11-11;14;1294
26;2025-11-11;15;1377
26;2025-11-11;16;1527
26;2025-11-11;17;1748
26;2025-11-11;18;1940
26;2025-11-11;19;1318
26;2025-11-11;20;799
26;2025-11-11;21;497
26;2025-11-11;22;237
26;2025-11-11;23;125
26;2025-11-12;0;33
26;2025-11-12;1;1
26;2025-11-12;2;0
26;2025-11-12;3;0
26;2025-11-12;4;3
26;2025-11-12;5;92
26;2025-11-12;6;508
26;2025-11-12;7;1134
26;2025-11-12;8;2236
26;2025-11-12;9;1508
26;2025-11-12;10;1248
26;2025-11-12;11;1125
26;2025-11-12;12;1170
26;2025-11-12;13;1199
26;2025-11-12;14;1279
26;2025-11-12;15;1362
26;2025-11-12;16;1510
26;2025-11-12;17;1729
26;2025-11-12;18;1918
26;2025-11-12;19;1303
26;2025-11-12;20;790
26;2025-11-12;21;492
26;2025-11-12;22;234
26;2025-11-12;23;123
26;2025-11-13;0;33
26;2025-11-13;1;1
26;2025-11-13;2;0
26;2025-11-13;3;0
26;2025-11-13;4;3
26;2025-11-13;5;93
26;2025-11-13;6;513
26;2025-11-13;7;1145
26;2025-11-13;8;2259
26;2025-11-13;9;1523
26;2025-11-13;10;1261
26;2025-11-13;11;1136
26;2025-11-13;12;1182
26;2025-11-13;13;1211
26;2025-11-13;14;1292
26;2025-11-13;15;1375
26;2025-11-13;16;1525
26;2025-11-13;17;1747
26;2025-11-13;18;1938
26;2025-11-13;19;1316
26;2025-11-13;20;798
26;2025-11-13;21;497
26;2025-11-13;22;236
26;2025-11-13;23;125
26;2025-11-14;0;36
26;2025-11-14;1;2
26;2025-11-14;2;0
26;2025-11-14;3;0
26;2025-11-14;4;2
26;2025-11-14;5;88
26;2025-11-14;6;530
26;2025-11-14;7;1109
26;2025-11-14;8;2213
26;2025-11-14;9;1481
26;2025-11-14;10;1282
26;2025-11-14;11;1149
26;2025-11-14;12;1201
26;2025-11-14;13;1262
26;2025-11-14;14;1356
26;2025-11-14;15;1466
26;2025-11-14;16;1738
26;2025-11-14;17;1823
26;2025-11-14;18;1467
26;2025-11-14;19;1145
26;2025-11-14;20;762
26;2025-11-14;21;488
26;2025-11-14;22;248
26;2025-11-14;23;165
26;2025-11-15;0;43
26;2025-11-15;1;2
26;2025-11-15;2;0
26;2025-11-15;3;0
26;2025-11-15;4;2
26;2025-11-15;5;45
26;2025-11-15;6;247
26;2025-11-15;7;358
26;2025-11-15;8;573
26;2025-11-15;9;654
26;2025-11-15;10;781
26;2025-11-15;11;949
26;2025-11-15;12;1011
26;2025-11-15;13;988
26;2025-11-15;14;1018
26;2025-11-15;15;923
26;2025-11-15;16;947
26;2025-11-15;17;890
26;2025-11-15;18;840
26;2025-11-15;19;750
26;2025-11-15;20;520
26;2025-11-15;21;346
26;2025-11-15;22;207
26;2025-11-15;23;141
26;2025-11-16;0;54
26;2025-11-16;1;6
26;2025-11-16;2;0
26;2025-11-16;3;0
26;2025-11-16;4;1
26;2025-11-16;5;29
26;2025-11-16;6;163
26;2025-11-16;7;265
26;2025-11-16;8;394
26;2025-11-16;9;548
26;2025-11-16;10;613
26;2025-11-16;11;826
26;2025-11-16;12;847
26;2025-11-16;13;900
26;2025-11-16;14;878
26;2025-11-16;15;813
26;2025-11-16;16;798
26;2025-11-16;17;803
26;2025-11-16;18;736
26;2025-11-16;19;565
26;2025-11-16;20;422
26;2025-11-16;21;297
26;2025-11-16;22;194
26;2025-11-16;23;108
26;2025-11-17;0;32
26;2025-11-17;1;1
26;2025-11-17;2;0
26;2025-11-17;3;0
26;2025-11-17;4;3
26;2025-11-17;5;90
26;2025-11-17;6;498
26;2025-11-17;7;1110
26;2025-11-17;8;2190
26;2025-11-17;9;1476
26;2025-11-17;10;1222
26;2025-11-17;11;1102
26;2025-11-17;12;1146
26;2025-11-17;13;1174
26;2025-11-17;14;1253
26;2025-11-17;15;1334
26;2025-11-17;16;1479
26;2025-11-17;17;1694
26;2025-11-17;18;1879
26;2025-11-17;19;1277
26;2025-11-17;20;773
26;2025-11-17;21;482
26;2025-11-17;22;229
26;2025-11-17;23;121
26;2025-11-18;0;31
26;2025-11-18;1;1
26;2025-11-18;2;0
26;2025-11-18;3;0
26;2025-11-18;4;3
26;2025-11-18;5;89
26;2025-11-18;6;488
26;2025-11-18;7;1088
26;2025-11-18;8;2147
26;2025-11-18;9;1448
26;2025-11-18;10;1198
26;2025-11-18;11;1080
26;2025-11-18;12;1123
26;2025-11-18;13;1151
26;2025-11-18;14;1228
26;2025-11-18;15;1308
26;2025-11-18;16;1450
26;2025-11-18;17;1660
26;2025-11-18;18;1842
26;2025-11-18;19;1252
26;2025-11-18;20;758
26;2025-11-18;21;472
26;2025-11-18;22;225
26;2025-11-18;23;119
26;2025-11-19;0;33
26;2025-11-19;1;1
26;2025-11-19;2;0
26;2025-11-19;3;0
26;2025-11-19;4;3
26;2025-11-19;5;93
26;2025-11-19;6;514
26;2025-11-19;7;1146
26;2025-11-19;8;2261
26;2025-11-19;9;1524
26;2025-11-19;10;1262
26;2025-11-19;11;1137
26;2025-11-19;12;1183
26;2025-11-19;13;1212
26;2025-11-19;14;1294
26;2025-11-19;15;1377
26;2025-11-19;16;1527
26;2025-11-19;17;1748
26;2025-11-19;18;1940
26;2025-11-19;19;1318
26;2025-11-19;20;799
26;2025-11-19;21;497
26;2025-11-19;22;237
26;2025-11-19;23;125
26;2025-11-20;0;33
26;2025-11-20;1;1
26;2025-11-20;2;0
26;2025-11-20;3;0
26;2025-11-20;4;3
26;2025-11-20;5;93
26;2025-11-20;6;514
26;2025-11-20;7;1146
26;2025-11-20;8;2261
26;2025-11-20;9;1524
26;2025-11-20;10;1262
26;2025-11-20;11;1137
26;2025-11-20;12;1183
26;2025-11-20;13;1212
26;2025-11-20;14;1294
26;2025-11-20;15;1377
26;2025-11-20;16;1527
26;2025-11-20;17;1748
26;2025-11-20;18;1940
26;2025-11-20;19;1318
26;2025-11-20;20;799
26;2025-11-20;21;497
26;2025-11-20;22;237
26;2025-11-20;23;125
26;2025-11-21;0;36
26;2025-11-21;1;2
26;2025-11-21;2;0
26;2025-11-21;3;0
26;2025-11-21;4;2
26;2025-11-21;5;88
26;2025-11-21;6;530
26;2025-11-21;7;1109
26;2025-11-21;8;2213
26;2025-11-21;9;1481
26;2025-11-21;10;1282
26;2025-11-21;11;1149
26;2025-11-21;12;1201
26;2025-11-21;13;1262
26;2025-11-21;14;1356
26;2025-11-21;15;1466
26;2025-11-21;16;1738
26;2025-11-21;17;1823
26;2025-11-21;18;1467
26;2025-11-21;19;1145
26;2025-11-21;20;762
26;2025-11-21;21;488
26;2025-11-21;22;248
26;2025-11-21;23;165
26;2025-11-22;0;46
26;2025-11-22;1;2
26;2025-11-22;2;0
26;2025-11-22;3;0
26;2025-11-22;4;2
26;2025-11-22;5;47
26;2025-11-22;6;262
26;2025-11-22;7;379
26;2025-11-22;8;607
26;2025-11-22;9;693
26;2025-11-22;10;827
26;2025-11-22;11;1004
26;2025-11-22;12;1070
26;2025-11-22;13;1046
26;2025-11-22;14;1078
26;2025-11-22;15;977
26;2025-11-22;16;1002
26;2025-11-22;17;942
26;2025-11-22;18;889
26;2025-11-22;19;794
26;2025-11-22;20;551
26;2025-11-22;21;366
26;2025-11-22;22;220
26;2025-11-22;23;150
26;2025-11-23;0;54
26;2025-11-23;1;6
26;2025-11-23;2;0
26;2025-11-23;3;0
26;2025-11-23;4;1
26;2025-11-23;5;29
26;2025-11-23;6;163
26;2025-11-23;7;265
26;2025-11-23;8;394
26;2025-11-23;9;548
26;2025-11-23;10;613
26;2025-11-23;11;826
26;2025-11-23;12;847
26;2025-11-23;13;900
26;2025-11-23;14;878
26;2025-11-23;15;813
26;2025-11-23;16;798
26;2025-11-23;17;803
26;2025-11-23;18;736
26;2025-11-23;19;565
26;2025-11-23;20;422
26;2025-11-23;21;297
26;2025-11-23;22;194
26;2025-11-23;23;108
26;2025-11-24;0;31
26;2025-11-24;1;1
26;2025-11-24;2;0
26;2025-11-24;3;0
26;2025-11-24;4;3
26;2025-11-24;5;89
26;2025-11-24;6;491
26;2025-11-24;7;1094
26;2025-11-24;8;2159
26;2025-11-24;9;1456
26;2025-11-24;10;1205
26;2025-11-24;11;1086
26;2025-11-24;12;1129
26;2025-11-24;13;1157
26;2025-11-24;14;1235
26;2025-11-24;15;1315
26;2025-11-24;16;1458
26;2025-11-24;17;1670
26;2025-11-24;18;1852
26;2025-11-24;19;1258
26;2025-11-24;20;762
26;2025-11-24;21;475
26;2025-11-24;22;226
26;2025-11-24;23;119
26;2025-11-25;0;33
26;2025-11-25;1;1
26;2025-11-25;2;0
26;2025-11-25;3;0
26;2025-11-25;4;3
26;2025-11-25;5;93
26;2025-11-25;6;514
26;2025-11-25;7;1146
26;2025-11-25;8;2261
26;2025-11-25;9;1524
26;2025-11-25;10;1262
26;2025-11-25;11;1137
26;2025-11-25;12;1183
26;2025-11-25;13;1212
26;2025-11-25;14;1294
26;2025-11-25;15;1377
26;2025-11-25;16;1527
26;2025-11-25;17;1748
26;2025-11-25;18;1940
26;2025-11-25;19;1318
26;2025-11-25;20;799
26;2025-11-25;21;497
26;2025-11-25;22;237
26;2025-11-25;23;125
26;2025-11-26;0;31
26;2025-11-26;1;1
26;2025-11-26;2;0
26;2025-11-26;3;0
26;2025-11-26;4;3
26;2025-11-26;5;89
26;2025-11-26;6;489
26;2025-11-26;7;1091
26;2025-11-26;8;2152
26;2025-11-26;9;1451
26;2025-11-26;10;1201
26;2025-11-26;11;1082
26;2025-11-26;12;1126
26;2025-11-26;13;1153
26;2025-11-26;14;1231
26;2025-11-26;15;1310
26;2025-11-26;16;1453
26;2025-11-26;17;1664
26;2025-11-26;18;1846
26;2025-11-26;19;1254
26;2025-11-26;20;760
26;2025-11-26;21;473
26;2025-11-26;22;225
26;2025-11-26;23;119
26;2025-11-27;0;32
26;2025-11-27;1;1
26;2025-11-27;2;0
26;2025-11-27;3;0
26;2025-11-27;4;3
26;2025-11-27;5;90
26;2025-11-27;6;494
26;2025-11-27;7;1102
26;2025-11-27;8;2173
26;2025-11-27;9;1465
26;2025-11-27;10;1213
26;2025-11-27;11;1093
26;2025-11-27;12;1137
26;2025-11-27;13;1165
26;2025-11-27;14;1243
26;2025-11-27;15;1324
26;2025-11-27;16;1468
26;2025-11-27;17;1681
26;2025-11-27;18;1864
26;2025-11-27;19;1267
26;2025-11-27;20;768
26;2025-11-27;21;478
26;2025-11-27;22;228
26;2025-11-27;23;120
26;2025-11-28;0;36
26;2025-11-28;1;2
26;2025-11-28;2;0
26;2025-11-28;3;0
26;2025-11-28;4;2
26;2025-11-28;5;88
26;2025-11-28;6;532
26;2025-11-28;7;1113
26;2025-11-28;8;2220
26;2025-11-28;9;1485
26;2025-11-28;10;1286
26;2025-11-28;11;1153
26;2025-11-28;12;1205
26;2025-11-28;13;1266
26;2025-11-28;14;1361
26;2025-11-28;15;1471
26;2025-11-28;16;1744
26;2025-11-28;17;1829
26;2025-11-28;18;1472
26;2025-11-28;19;1149
26;2025-11-28;20;765
26;2025-11-28;21;490
26;2025-11-28;22;249
26;2025-11-28;23;166
26;2025-11-29;0;47
26;2025-11-29;1;2
26;2025-11-29;2;0
26;2025-11-29;3;0
26;2025-11-29;4;2
26;2025-11-29;5;48
26;2025-11-29;6;265
26;2025-11-29;7;383
26;2025-11-29;8;615
26;2025-11-29;9;701
26;2025-11-29;10;837
26;2025-11-29;11;1017
26;2025-11-29;12;1083
26;2025-11-29;13;1058
26;2025-11-29;14;1091
26;2025-11-29;15;989
26;2025-11-29;16;1015
26;2025-11-29;17;953
26;2025-11-29;18;900
26;2025-11-29;19;804
26;2025-11-29;20;557
26;2025-11-29;21;370
26;2025-11-29;22;222
26;2025-11-29;23;151
26;2025-11-30;0;54
26;2025-11-30;1;6
26;2025-11-30;2;0
26;2025-11-30;3;0
26;2025-11-30;4;1
26;2025-11-30;5;29
26;2025-11-30;6;163
26;2025-11-30;7;265
26;2025-11-30;8;394
26;2025-11-30;9;548
26;2025-11-30;10;613
26;2025-11-30;11;826
26;2025-11-30;12;847
26;2025-11-30;13;900
26;2025-11-30;14;878
26;2025-11-30;15;813
26;2025-11-30;16;798
26;2025-11-30;17;803
26;2025-11-30;18;736
26;2025-11-30;19;565
26;2025-11-30;20;422
26;2025-11-30;21;297
26;2025-11-30;22;194
26;2025-11-30;23;108
26;2025-12-01;0;32
26;2025-12-01;1;1
26;2025-12-01;2;0
26;2025-12-01;3;0
26;2025-12-01;4;3
26;2025-12-01;5;91
26;2025-12-01;6;499
26;2025-12-01;7;1113
26;2025-12-01;8;2195
26;2025-12-01;9;1480
26;2025-12-01;10;1225
26;2025-12-01;11;1104
26;2025-12-01;12;1148
26;2025-12-01;13;1177
26;2025-12-01;14;1256
26;2025-12-01;15;1337
26;2025-12-01;16;1482
26;2025-12-01;17;1698
26;2025-12-01;18;1883
26;2025-12-01;19;1280
26;2025-12-01;20;775
26;2025-12-01;21;483
26;2025-12-01;22;230
26;2025-12-01;23;121
26;2025-12-02;0;32
26;2025-12-02;1;1
26;2025-12-02;2;0
26;2025-12-02;3;0
26;2025-12-02;4;3
26;2025-12-02;5;91
26;2025-12-02;6;499
26;2025-12-02;7;1113
26;2025-12-02;8;2195
26;2025-12-02;9;1480
26;2025-12-02;10;1225
26;2025-12-02;11;1104
26;2025-12-02;12;1148
26;2025-12-02;13;1177
26;2025-12-02;14;1256
26;2025-12-02;15;1337
26;2025-12-02;16;1482
26;2025-12-02;17;1698
26;2025-12-02;18;1883
26;2025-12-02;19;1280
26;2025-12-02;20;775
26;2025-12-02;21;483
26;2025-12-02;22;230
26;2025-12-02;23;121
26;2025-12-03;0;32
26;2025-12-03;1;1
26;2025-12-03;2;0
26;2025-12-03;3;0
26;2025-12-03;4;3
26;2025-12-03;5;91
26;2025-12-03;6;499
26;2025-12-03;7;1113
26;2025-12-03;8;2195
26;2025-12-03;9;1480
26;2025-12-03;10;1225
26;2025-12-03;11;1104
26;2025-12-03;12;1148
26;2025-12-03;13;1177
26;2025-12-03;14;1256
26;2025-12-03;15;1337
26;2025-12-03;16;1482
26;2025-12-03;17;1698
26;2025-12-03;18;1883
26;2025-12-03;19;1280
26;2025-12-03;20;775
26;2025-12-03;21;483
26;2025-12-03;22;230
26;2025-12-03;23;121
26;2025-12-04;0;32
26;2025-12-04;1;1
26;2025-12-04;2;0
26;2025-12-04;3;0
26;2025-12-04;4;3
26;2025-12-04;5;91
26;2025-12-04;6;499
26;2025-12-04;7;1113
26;2025-12-04;8;2195
26;2025-12-04;9;1480
26;2025-12-04;10;1225
26;2025-12-04;11;1104
26;2025-12-04;12;1148
26;2025-12-04;13;1177
26;2025-12-04;14;1256
26;2025-12-04;15;1337
26;2025-12-04;16;1482
26;2025-12-04;17;1698
26;2025-12-04;18;1883
26;2025-12-04;19;1280
26;2025-12-04;20;775
26;2025-12-04;21;483
26;2025-12-04;22;230
26;2025-12-04;23;121
26;2025-12-05;0;35
26;2025-12-05;1;2
26;2025-12-05;2;0
26;2025-12-05;3;0
26;2025-12-05;4;2
26;2025-12-05;5;86
26;2025-12-05;6;516
26;2025-12-05;7;1080
26;2025-12-05;8;2155
26;2025-12-05;9;1442
26;2025-12-05;10;1249
26;2025-12-05;11;1119
26;2025-12-05;12;1169
26;2025-12-05;13;1230
26;2025-12-05;14;1321
26;2025-12-05;15;1428
26;2025-12-05;16;1693
26;2025-12-05;17;1776
26;2025-12-05;18;1429
26;2025-12-05;19;1115
26;2025-12-05;20;742
26;2025-12-05;21;476
26;2025-12-05;22;242
26;2025-12-05;23;161
26;2025-12-06;0;45
26;2025-12-06;1;2
26;2025-12-06;2;0
26;2025-12-06;3;0
26;2025-12-06;4;2
26;2025-12-06;5;47
26;2025-12-06;6;257
26;2025-12-06;7;372
26;2025-12-06;8;597
26;2025-12-06;9;681
26;2025-12-06;10;813
26;2025-12-06;11;987
26;2025-12-06;12;1052
26;2025-12-06;13;1028
26;2025-12-06;14;1059
26;2025-12-06;15;960
26;2025-12-06;16;985
26;2025-12-06;17;926
26;2025-12-06;18;874
26;2025-12-06;19;781
26;2025-12-06;20;541
26;2025-12-06;21;360
26;2025-12-06;22;216
26;2025-12-06;23;147
26;2025-12-07;0;52
26;2025-12-07;1;6
26;2025-12-07;2;0
26;2025-12-07;3;0
26;2025-12-07;4;1
26;2025-12-07;5;28
26;2025-12-07;6;158
26;2025-12-07;7;257
26;2025-12-07;8;382
26;2025-12-07;9;532
26;2025-12-07;10;595
26;2025-12-07;11;802
26;2025-12-07;12;822
26;2025-12-07;13;874
26;2025-12-07;14;852
26;2025-12-07;15;789
26;2025-12-07;16;775
26;2025-12-07;17;779
26;2025-12-07;18;714
26;2025-12-07;19;548
26;2025-12-07;20;410
26;2025-12-07;21;289
26;2025-12-07;22;188
26;2025-12-07;23;105
26;2025-12-08;0;32
26;2025-12-08;1;1
26;2025-12-08;2;0
26;2025-12-08;3;0
26;2025-12-08;4;3
26;2025-12-08;5;91
26;2025-12-08;6;499
26;2025-12-08;7;1113
26;2025-12-08;8;2195
26;2025-12-08;9;1480
26;2025-12-08;10;1225
26;2025-12-08;11;1104
26;2025-12-08;12;1148
26;2025-12-08;13;1177
26;2025-12-08;14;1256
26;2025-12-08;15;1337
26;2025-12-08;16;1482
26;2025-12-08;17;1698
26;2025-12-08;18;1883
26;2025-12-08;19;1280
26;2025-12-08;20;775
26;2025-12-08;21;483
26;2025-12-08;22;230
26;2025-12-08;23;121
26;2025-12-09;0;32
26;2025-12-09;1;1
26;2025-12-09;2;0
26;2025-12-09;3;0
26;2025-12-09;4;3
26;2025-12-09;5;91
26;2025-12-09;6;499
26;2025-12-09;7;1113
26;2025-12-09;8;2195
26;2025-12-09;9;1480
26;2025-12-09;10;1225
26;2025-12-09;11;1104
26;2025-12-09;12;1148
26;2025-12-09;13;1177
26;2025-12-09;14;1256
26;2025-12-09;15;1337
26;2025-12-09;16;1482
26;2025-12-09;17;1698
26;2025-12-09;18;1883
26;2025-12-09;19;1280
26;2025-12-09;20;775
26;2025-12-09;21;483
26;2025-12-09;22;230
26;2025-12-09;23;121
26;2025-12-10;0;32
26;2025-12-10;1;1
26;2025-12-10;2;0
26;2025-12-10;3;0
26;2025-12-10;4;3
26;2025-12-10;5;90
26;2025-12-10;6;494
26;2025-12-10;7;1103
26;2025-12-10;8;2176
26;2025-12-10;9;1467
26;2025-12-10;10;1214
26;2025-12-10;11;1094
26;2025-12-10;12;1138
26;2025-12-10;13;1166
26;2025-12-10;14;1245
26;2025-12-10;15;1325
26;2025-12-10;16;1469
26;2025-12-10;17;1683
26;2025-12-10;18;1867
26;2025-12-10;19;1268
26;2025-12-10;20;768
26;2025-12-10;21;479
26;2025-12-10;22;228
26;2025-12-10;23;120
26;2025-12-11;0;31
26;2025-12-11;1;1
26;2025-12-11;2;0
26;2025-12-11;3;0
26;2025-12-11;4;3
26;2025-12-11;5;87
26;2025-12-11;6;477
26;2025-12-11;7;1064
26;2025-12-11;8;2098
26;2025-12-11;9;1415
26;2025-12-11;10;1171
26;2025-12-11;11;1055
26;2025-12-11;12;1098
26;2025-12-11;13;1125
26;2025-12-11;14;1200
26;2025-12-11;15;1278
26;2025-12-11;16;1417
26;2025-12-11;17;1623
26;2025-12-11;18;1800
26;2025-12-11;19;1223
26;2025-12-11;20;741
26;2025-12-11;21;461
26;2025-12-11;22;220
26;2025-12-11;23;116
26;2025-12-12;0;33
26;2025-12-12;1;2
26;2025-12-12;2;0
26;2025-12-12;3;0
26;2025-12-12;4;2
26;2025-12-12;5;83
26;2025-12-12;6;497
26;2025-12-12;7;1041
26;2025-12-12;8;2076
26;2025-12-12;9;1389
26;2025-12-12;10;1203
26;2025-12-12;11;1078
26;2025-12-12;12;1127
26;2025-12-12;13;1184
26;2025-12-12;14;1273
26;2025-12-12;15;1376
26;2025-12-12;16;1631
26;2025-12-12;17;1711
26;2025-12-12;18;1377
26;2025-12-12;19;1074
26;2025-12-12;20;715
26;2025-12-12;21;458
26;2025-12-12;22;233
26;2025-12-12;23;155
26;2025-12-13;0;45
26;2025-12-13;1;2
26;2025-12-13;2;0
26;2025-12-13;3;0
26;2025-12-13;4;2
26;2025-12-13;5;46
26;2025-12-13;6;256
26;2025-12-13;7;371
26;2025-12-13;8;594
26;2025-12-13;9;678
26;2025-12-13;10;809
26;2025-12-13;11;983
26;2025-12-13;12;1047
26;2025-12-13;13;1023
26;2025-12-13;14;1055
26;2025-12-13;15;956
26;2025-12-13;16;981
26;2025-12-13;17;922
26;2025-12-13;18;870
26;2025-12-13;19;777
26;2025-12-13;20;539
26;2025-12-13;21;358
26;2025-12-13;22;215
26;2025-12-13;23;146
26;2025-12-14;0;52
26;2025-12-14;1;6
26;2025-12-14;2;0
26;2025-12-14;3;0
26;2025-12-14;4;1
26;2025-12-14;5;28
26;2025-12-14;6;158
26;2025-12-14;7;257
26;2025-12-14;8;382
26;2025-12-14;9;531
26;2025-12-14;10;594
26;2025-12-14;11;801
26;2025-12-14;12;821
26;2025-12-14;13;873
26;2025-12-14;14;851
26;2025-12-14;15;788
26;2025-12-14;16;774
26;2025-12-14;17;778
26;2025-12-14;18;714
26;2025-12-14;19;548
26;2025-12-14;20;409
26;2025-12-14;21;288
26;2025-12-14;22;188
26;2025-12-14;23;105
26;2025-12-15;0;32
26;2025-12-15;1;1
26;2025-12-15;2;0
26;2025-12-15;3;0
26;2025-12-15;4;3
26;2025-12-15;5;90
26;2025-12-15;6;498
26;2025-12-15;7;1112
26;2025-12-15;8;2193
26;2025-12-15;9;1478
26;2025-12-15;10;1224
26;2025-12-15;11;1103
26;2025-12-15;12;1147
26;2025-12-15;13;1175
26;2025-12-15;14;1254
26;2025-12-15;15;1335
26;2025-12-15;16;1481
26;2025-12-15;17;1696
26;2025-12-15;18;1881
26;2025-12-15;19;1278
26;2025-12-15;20;774
26;2025-12-15;21;482
26;2025-12-15;22;230
26;2025-12-15;23;121
26;2025-12-16;0;31
26;2025-12-16;1;1
26;2025-12-16;2;0
26;2025-12-16;3;0
26;2025-12-16;4;3
26;2025-12-16;5;89
26;2025-12-16;6;491
26;2025-12-16;7;1096
26;2025-12-16;8;2162
26;2025-12-16;9;1457
26;2025-12-16;10;1206
26;2025-12-16;11;1087
26;2025-12-16;12;1131
26;2025-12-16;13;1159
26;2025-12-16;14;1237
26;2025-12-16;15;1316
26;2025-12-16;16;1460
26;2025-12-16;17;1672
26;2025-12-16;18;1854
26;2025-12-16;19;1260
26;2025-12-16;20;763
26;2025-12-16;21;475
26;2025-12-16;22;226
26;2025-12-16;23;119
26;2025-12-17;0;32
26;2025-12-17;1;1
26;2025-12-17;2;0
26;2025-12-17;3;0
26;2025-12-17;4;3
26;2025-12-17;5;91
26;2025-12-17;6;499
26;2025-12-17;7;1113
26;2025-12-17;8;2195
26;2025-12-17;9;1480
26;2025-12-17;10;1225
26;2025-12-17;11;1104
26;2025-12-17;12;1148
26;2025-12-17;13;1177
26;2025-12-17;14;1256
26;2025-12-17;15;1337
26;2025-12-17;16;1482
26;2025-12-17;17;1698
26;2025-12-17;18;1883
26;2025-12-17;19;1280
26;2025-12-17;20;775
26;2025-12-17;21;483
26;2025-12-17;22;230
26;2025-12-17;23;121
26;2025-12-18;0;32
26;2025-12-18;1;1
26;2025-12-18;2;0
26;2025-12-18;3;0
26;2025-12-18;4;3
26;2025-12-18;5;91
26;2025-12-18;6;499
26;2025-12-18;7;1113
26;2025-12-18;8;2195
26;2025-12-18;9;1480
26;2025-12-18;10;1225
26;2025-12-18;11;1104
26;2025-12-18;12;1148
26;2025-12-18;13;1177
26;2025-12-18;14;1256
26;2025-12-18;15;1337
26;2025-12-18;16;1482
26;2025-12-18;17;1698
26;2025-12-18;18;1883
26;2025-12-18;19;1280
26;2025-12-18;20;775
26;2025-12-18;21;483
26;2025-12-18;22;230
26;2025-12-18;23;121
26;2025-12-19;0;35
26;2025-12-19;1;2
26;2025-12-19;2;0
26;2025-12-19;3;0
26;2025-12-19;4;2
26;2025-12-19;5;86
26;2025-12-19;6;515
26;2025-12-19;7;1078
26;2025-12-19;8;2151
26;2025-12-19;9;1439
26;2025-12-19;10;1246
26;2025-12-19;11;1117
26;2025-12-19;12;1167
26;2025-12-19;13;1227
26;2025-12-19;14;1318
26;2025-12-19;15;1425
26;2025-12-19;16;1690
26;2025-12-19;17;1772
26;2025-12-19;18;1426
26;2025-12-19;19;1113
26;2025-12-19;20;741
26;2025-12-19;21;475
26;2025-12-19;22;241
26;2025-12-19;23;160
26;2025-12-20;0;45
26;2025-12-20;1;2
26;2025-12-20;2;0
26;2025-12-20;3;0
26;2025-12-20;4;2
26;2025-12-20;5;47
26;2025-12-20;6;257
26;2025-12-20;7;372
26;2025-12-20;8;597
26;2025-12-20;9;681
26;2025-12-20;10;813
26;2025-12-20;11;987
26;2025-12-20;12;1052
26;2025-12-20;13;1028
26;2025-12-20;14;1059
26;2025-12-20;15;960
26;2025-12-20;16;985
26;2025-12-20;17;926
26;2025-12-20;18;874
26;2025-12-20;19;781
26;2025-12-20;20;541
26;2025-12-20;21;360
26;2025-12-20;22;216
26;2025-12-20;23;147
26;2025-12-21;0;52
26;2025-12-21;1;6
26;2025-12-21;2;0
26;2025-12-21;3;0
26;2025-12-21;4;1
26;2025-12-21;5;28
26;2025-12-21;6;158
26;2025-12-21;7;256
26;2025-12-21;8;380
26;2025-12-21;9;529
26;2025-12-21;10;592
26;2025-12-21;11;798
26;2025-12-21;12;818
26;2025-12-21;13;870
26;2025-12-21;14;848
26;2025-12-21;15;786
26;2025-12-21;16;771
26;2025-12-21;17;776
26;2025-12-21;18;711
26;2025-12-21;19;546
26;2025-12-21;20;408
26;2025-12-21;21;287
26;2025-12-21;22;187
26;2025-12-21;23;104
26;2025-12-22;0;32
26;2025-12-22;1;1
26;2025-12-22;2;0
26;2025-12-22;3;0
26;2025-12-22;4;3
26;2025-12-22;5;90
26;2025-12-22;6;494
26;2025-12-22;7;1103
26;2025-12-22;8;2176
26;2025-12-22;9;1467
26;2025-12-22;10;1214
26;2025-12-22;11;1094
26;2025-12-22;12;1138
26;2025-12-22;13;1166
26;2025-12-22;14;1245
26;2025-12-22;15;1325
26;2025-12-22;16;1469
26;2025-12-22;17;1683
26;2025-12-22;18;1867
26;2025-12-22;19;1268
26;2025-12-22;20;768
26;2025-12-22;21;479
26;2025-12-22;22;228
26;2025-12-22;23;120
26;2025-12-23;0;31
26;2025-12-23;1;1
26;2025-12-23;2;0
26;2025-12-23;3;0
26;2025-12-23;4;3
26;2025-12-23;5;88
26;2025-12-23;6;482
26;2025-12-23;7;1076
26;2025-12-23;8;2122
26;2025-12-23;9;1430
26;2025-12-23;10;1184
26;2025-12-23;11;1067
26;2025-12-23;12;1110
26;2025-12-23;13;1137
26;2025-12-23;14;1214
26;2025-12-23;15;1292
26;2025-12-23;16;1433
26;2025-12-23;17;1641
26;2025-12-23;18;1820
26;2025-12-23;19;1237
26;2025-12-23;20;749
26;2025-12-23;21;467
26;2025-12-23;22;222
26;2025-12-23;23;117
26;2025-12-24;0;31
26;2025-12-24;1;1
26;2025-12-24;2;0
26;2025-12-24;3;0
26;2025-12-24;4;3
26;2025-12-24;5;87
26;2025-12-24;6;480
26;2025-12-24;7;1070
26;2025-12-24;8;2110
26;2025-12-24;9;1423
26;2025-12-24;10;1178
26;2025-12-24;11;1061
26;2025-12-24;12;1104
26;2025-12-24;13;1131
26;2025-12-24;14;1207
26;2025-12-24;15;1285
26;2025-12-24;16;1425
26;2025-12-24;17;1632
26;2025-12-24;18;1810
26;2025-12-24;19;1230
26;2025-12-24;20;745
26;2025-12-24;21;464
26;2025-12-24;22;221
26;2025-12-24;23;117
26;2025-12-25;0;31
26;2025-12-25;1;1
26;2025-12-25;2;0
26;2025-12-25;3;0
26;2025-12-25;4;3
26;2025-12-25;5;89
26;2025-12-25;6;490
26;2025-12-25;7;1093
26;2025-12-25;8;2157
26;2025-12-25;9;1454
26;2025-12-25;10;1204
26;2025-12-25;11;1085
26;2025-12-25;12;1128
26;2025-12-25;13;1156
26;2025-12-25;14;1234
26;2025-12-25;15;1314
26;2025-12-25;16;1456
26;2025-12-25;17;1668
26;2025-12-25;18;1850
26;2025-12-25;19;1257
26;2025-12-25;20;762
26;2025-12-25;21;474
26;2025-12-25;22;226
26;2025-12-25;23;119
26;2025-12-26;0;33
26;2025-12-26;1;2
26;2025-12-26;2;0
26;2025-12-26;3;0
26;2025-12-26;4;2
26;2025-12-26;5;81
26;2025-12-26;6;488
26;2025-12-26;7;1022
26;2025-12-26;8;2038
26;2025-12-26;9;1363
26;2025-12-26;10;1181
26;2025-12-26;11;1058
26;2025-12-26;12;1106
26;2025-12-26;13;1162
26;2025-12-26;14;1249
26;2025-12-26;15;1350
26;2025-12-26;16;1601
26;2025-12-26;17;1679
26;2025-12-26;18;1351
26;2025-12-26;19;1054
26;2025-12-26;20;702
26;2025-12-26;21;450
26;2025-12-26;22;229
26;2025-12-26;23;152
26;2025-12-27;0;45
26;2025-12-27;1;2
26;2025-12-27;2;0
26;2025-12-27;3;0
26;2025-12-27;4;2
26;2025-12-27;5;47
26;2025-12-27;6;257
26;2025-12-27;7;371
26;2025-12-27;8;595
26;2025-12-27;9;679
26;2025-12-27;10;811
26;2025-12-27;11;985
26;2025-12-27;12;1049
26;2025-12-27;13;1025
26;2025-12-27;14;1057
26;2025-12-27;15;958
26;2025-12-27;16;983
26;2025-12-27;17;924
26;2025-12-27;18;872
26;2025-12-27;19;779
26;2025-12-27;20;540
26;2025-12-27;21;359
26;2025-12-27;22;215
26;2025-12-27;23;147
26;2025-12-28;0;51
26;2025-12-28;1;5
26;2025-12-28;2;0
26;2025-12-28;3;0
26;2025-12-28;4;1
26;2025-12-28;5;28
26;2025-12-28;6;155
26;2025-12-28;7;252
26;2025-12-28;8;374
26;2025-12-28;9;521
26;2025-12-28;10;583
26;2025-12-28;11;785
26;2025-12-28;12;805
26;2025-12-28;13;856
26;2025-12-28;14;834
26;2025-12-28;15;773
26;2025-12-28;16;759
26;2025-12-28;17;763
26;2025-12-28;18;700
26;2025-12-28;19;537
26;2025-12-28;20;401
26;2025-12-28;21;283
26;2025-12-28;22;184
26;2025-12-28;23;103
26;2025-12-29;0;27
26;2025-12-29;1;1
26;2025-12-29;2;0
26;2025-12-29;3;0
26;2025-12-29;4;3
26;2025-12-29;5;78
26;2025-12-29;6;431
26;2025-12-29;7;963
26;2025-12-29;8;1899
26;2025-12-29;9;1279
26;2025-12-29;10;1060
26;2025-12-29;11;955
26;2025-12-29;12;993
26;2025-12-29;13;1018
26;2025-12-29;14;1086
26;2025-12-29;15;1156
26;2025-12-29;16;1282
26;2025-12-29;17;1468
26;2025-12-29;18;1628
26;2025-12-29;19;1106
26;2025-12-29;20;670
26;2025-12-29;21;417
26;2025-12-29;22;199
26;2025-12-29;23;105
26;2025-12-30;0;27
26;2025-12-30;1;1
26;2025-12-30;2;0
26;2025-12-30;3;0
26;2025-12-30;4;3
26;2025-12-30;5;76
26;2025-12-30;6;423
26;2025-12-30;7;944
26;2025-12-30;8;1861
26;2025-12-30;9;1254
26;2025-12-30;10;1039
26;2025-12-30;11;936
26;2025-12-30;12;973
26;2025-12-30;13;998
26;2025-12-30;14;1064
26;2025-12-30;15;1133
26;2025-12-30;16;1257
26;2025-12-30;17;1440
26;2025-12-30;18;1596
26;2025-12-30;19;1085
26;2025-12-30;20;657
26;2025-12-30;21;409
26;2025-12-30;22;195
26;2025-12-30;23;103
26;2025-12-31;0;45
26;2025-12-31;1;3
26;2025-12-31;2;0
26;2025-12-31;3;0
26;2025-12-31;4;1
26;2025-12-31;5;57
26;2025-12-31;6;191
26;2025-12-31;7;302
26;2025-12-31;8;507
26;2025-12-31;9;554
26;2025-12-31;10;683
26;2025-12-31;11;789
26;2025-12-31;12;884
26;2025-12-31;13;854
26;2025-12-31;14;893
26;2025-12-31;15;814
26;2025-12-31;16;878
26;2025-12-31;17;782
26;2025-12-31;18;738
26;2025-12-31;19;673
26;2025-12-31;20;0
26;2025-12-31;21;0
26;2025-12-31;22;0
26;2025-12-31;23;0
28;2025-11-01;0;0
28;2025-11-01;1;0
28;2025-11-01;2;0
28;2025-11-01;3;0
28;2025-11-01;4;1
28;2025-11-01;5;69
28;2025-11-01;6;235
28;2025-11-01;7;710
28;2025-11-01;8;1083
28;2025-11-01;9;733
28;2025-11-01;10;552
28;2025-11-01;11;513
28;2025-11-01;12;645
28;2025-11-01;13;630
28;2025-11-01;14;618
28;2025-11-01;15;639
28;2025-11-01;16;829
28;2025-11-01;17;876
28;2025-11-01;18;737
28;2025-11-01;19;564
28;2025-11-01;20;408
28;2025-11-01;21;283
28;2025-11-01;22;123
28;2025-11-01;23;18
28;2025-11-02;0;3
28;2025-11-02;1;0
28;2025-11-02;2;0
28;2025-11-02;3;0
28;2025-11-02;4;0
28;2025-11-02;5;32
28;2025-11-02;6;87
28;2025-11-02;7;163
28;2025-11-02;8;262
28;2025-11-02;9;358
28;2025-11-02;10;400
28;2025-11-02;11;441
28;2025-11-02;12;483
28;2025-11-02;13;565
28;2025-11-02;14;544
28;2025-11-02;15;539
28;2025-11-02;16;502
28;2025-11-02;17;508
28;2025-11-02;18;442
28;2025-11-02;19;385
28;2025-11-02;20;307
28;2025-11-02;21;254
28;2025-11-02;22;114
28;2025-11-02;23;14
28;2025-11-03;0;3
28;2025-11-03;1;0
28;2025-11-03;2;0
28;2025-11-03;3;0
28;2025-11-03;4;0
28;2025-11-03;5;32
28;2025-11-03;6;85
28;2025-11-03;7;160
28;2025-11-03;8;258
28;2025-11-03;9;352
28;2025-11-03;10;392
28;2025-11-03;11;433
28;2025-11-03;12;474
28;2025-11-03;13;554
28;2025-11-03;14;534
28;2025-11-03;15;529
28;2025-11-03;16;493
28;2025-11-03;17;498
28;2025-11-03;18;434
28;2025-11-03;19;378
28;2025-11-03;20;302
28;2025-11-03;21;249
28;2025-11-03;22;112
28;2025-11-03;23;14
28;2025-11-04;0;3
28;2025-11-04;1;0
28;2025-11-04;2;0
28;2025-11-04;3;0
28;2025-11-04;4;0
28;2025-11-04;5;31
28;2025-11-04;6;85
28;2025-11-04;7;158
28;2025-11-04;8;255
28;2025-11-04;9;348
28;2025-11-04;10;388
28;2025-11-04;11;428
28;2025-11-04;12;470
28;2025-11-04;13;549
28;2025-11-04;14;529
28;2025-11-04;15;524
28;2025-11-04;16;488
28;2025-11-04;17;494
28;2025-11-04;18;430
28;2025-11-04;19;374
28;2025-11-04;20;299
28;2025-11-04;21;247
28;2025-11-04;22;111
28;2025-11-04;23;14
28;2025-11-05;0;3
28;2025-11-05;1;1
28;2025-11-05;2;0
28;2025-11-05;3;0
28;2025-11-05;4;1
28;2025-11-05;5;86
28;2025-11-05;6;284
28;2025-11-05;7;857
28;2025-11-05;8;1333
28;2025-11-05;9;910
28;2025-11-05;10;670
28;2025-11-05;11;607
28;2025-11-05;12;739
28;2025-11-05;13;761
28;2025-11-05;14;703
28;2025-11-05;15;735
28;2025-11-05;16;921
28;2025-11-05;17;1058
28;2025-11-05;18;1049
28;2025-11-05;19;789
28;2025-11-05;20;551
28;2025-11-05;21;340
28;2025-11-05;22;140
28;2025-11-05;23;19
28;2025-11-06;0;3
28;2025-11-06;1;1
28;2025-11-06;2;0
28;2025-11-06;3;0
28;2025-11-06;4;1
28;2025-11-06;5;85
28;2025-11-06;6;280
28;2025-11-06;7;843
28;2025-11-06;8;1311
28;2025-11-06;9;895
28;2025-11-06;10;659
28;2025-11-06;11;597
28;2025-11-06;12;727
28;2025-11-06;13;749
28;2025-11-06;14;691
28;2025-11-06;15;723
28;2025-11-06;16;906
28;2025-11-06;17;1041
28;2025-11-06;18;1032
28;2025-11-06;19;776
28;2025-11-06;20;542
28;2025-11-06;21;334
28;2025-11-06;22;138
28;2025-11-06;23;19
28;2025-11-07;0;3
28;2025-11-07;1;0
28;2025-11-07;2;0
28;2025-11-07;3;0
28;2025-11-07;4;3
28;2025-11-07;5;88
28;2025-11-07;6;301
28;2025-11-07;7;910
28;2025-11-07;8;1387
28;2025-11-07;9;938
28;2025-11-07;10;707
28;2025-11-07;11;656
28;2025-11-07;12;825
28;2025-11-07;13;807
28;2025-11-07;14;791
28;2025-11-07;15;819
28;2025-11-07;16;1062
28;2025-11-07;17;1121
28;2025-11-07;18;944
28;2025-11-07;19;722
28;2025-11-07;20;523
28;2025-11-07;21;363
28;2025-11-07;22;158
28;2025-11-07;23;23
28;2025-11-08;0;3
28;2025-11-08;1;0
28;2025-11-08;2;0
28;2025-11-08;3;0
28;2025-11-08;4;1
28;2025-11-08;5;38
28;2025-11-08;6;108
28;2025-11-08;7;233
28;2025-11-08;8;397
28;2025-11-08;9;480
28;2025-11-08;10;503
28;2025-11-08;11;512
28;2025-11-08;12;598
28;2025-11-08;13;621
28;2025-11-08;14;619
28;2025-11-08;15;615
28;2025-11-08;16;594
28;2025-11-08;17;603
28;2025-11-08;18;520
28;2025-11-08;19;425
28;2025-11-08;20;317
28;2025-11-08;21;283
28;2025-11-08;22;135
28;2025-11-08;23;19
28;2025-11-09;0;3
28;2025-11-09;1;0
28;2025-11-09;2;0
28;2025-11-09;3;0
28;2025-11-09;4;0
28;2025-11-09;5;33
28;2025-11-09;6;90
28;2025-11-09;7;168
28;2025-11-09;8;271
28;2025-11-09;9;369
28;2025-11-09;10;412
28;2025-11-09;11;455
28;2025-11-09;12;498
28;2025-11-09;13;582
28;2025-11-09;14;561
28;2025-11-09;15;556
28;2025-11-09;16;518
28;2025-11-09;17;524
28;2025-11-09;18;456
28;2025-11-09;19;397
28;2025-11-09;20;317
28;2025-11-09;21;262
28;2025-11-09;22;117
28;2025-11-09;23;15
28;2025-11-10;0;3
28;2025-11-10;1;1
28;2025-11-10;2;0
28;2025-11-10;3;0
28;2025-11-10;4;1
28;2025-11-10;5;86
28;2025-11-10;6;284
28;2025-11-10;7;857
28;2025-11-10;8;1333
28;2025-11-10;9;910
28;2025-11-10;10;670
28;2025-11-10;11;607
28;2025-11-10;12;739
28;2025-11-10;13;761
28;2025-11-10;14;703
28;2025-11-10;15;735
28;2025-11-10;16;921
28;2025-11-10;17;1058
28;2025-11-10;18;1049
28;2025-11-10;19;789
28;2025-11-10;20;551
28;2025-11-10;21;340
28;2025-11-10;22;140
28;2025-11-10;23;19
28;2025-11-11;0;3
28;2025-11-11;1;1
28;2025-11-11;2;0
28;2025-11-11;3;0
28;2025-11-11;4;1
28;2025-11-11;5;86
28;2025-11-11;6;284
28;2025-11-11;7;857
28;2025-11-11;8;1333
28;2025-11-11;9;910
28;2025-11-11;10;670
28;2025-11-11;11;607
28;2025-11-11;12;739
28;2025-11-11;13;761
28;2025-11-11;14;703
28;2025-11-11;15;735
28;2025-11-11;16;921
28;2025-11-11;17;1058
28;2025-11-11;18;1049
28;2025-11-11;19;789
28;2025-11-11;20;551
28;2025-11-11;21;340
28;2025-11-11;22;140
28;2025-11-11;23;19
28;2025-11-12;0;3
28;2025-11-12;1;1
28;2025-11-12;2;0
28;2025-11-12;3;0
28;2025-11-12;4;1
28;2025-11-12;5;85
28;2025-11-12;6;281
28;2025-11-12;7;847
28;2025-11-12;8;1318
28;2025-11-12;9;900
28;2025-11-12;10;663
28;2025-11-12;11;601
28;2025-11-12;12;731
28;2025-11-12;13;753
28;2025-11-12;14;695
28;2025-11-12;15;727
28;2025-11-12;16;911
28;2025-11-12;17;1047
28;2025-11-12;18;1038
28;2025-11-12;19;780
28;2025-11-12;20;545
28;2025-11-12;21;336
28;2025-11-12;22;139
28;2025-11-12;23;19
28;2025-11-13;0;3
28;2025-11-13;1;1
28;2025-11-13;2;0
28;2025-11-13;3;0
28;2025-11-13;4;1
28;2025-11-13;5;86
28;2025-11-13;6;284
28;2025-11-13;7;856
28;2025-11-13;8;1331
28;2025-11-13;9;909
28;2025-11-13;10;669
28;2025-11-13;11;607
28;2025-11-13;12;738
28;2025-11-13;13;760
28;2025-11-13;14;702
28;2025-11-13;15;735
28;2025-11-13;16;920
28;2025-11-13;17;1057
28;2025-11-13;18;1048
28;2025-11-13;19;788
28;2025-11-13;20;550
28;2025-11-13;21;340
28;2025-11-13;22;140
28;2025-11-13;23;19
28;2025-11-14;0;3
28;2025-11-14;1;0
28;2025-11-14;2;0
28;2025-11-14;3;0
28;2025-11-14;4;3
28;2025-11-14;5;88
28;2025-11-14;6;301
28;2025-11-14;7;912
28;2025-11-14;8;1390
28;2025-11-14;9;940
28;2025-11-14;10;709
28;2025-11-14;11;657
28;2025-11-14;12;827
28;2025-11-14;13;809
28;2025-11-14;14;793
28;2025-11-14;15;820
28;2025-11-14;16;1064
28;2025-11-14;17;1124
28;2025-11-14;18;946
28;2025-11-14;19;724
28;2025-11-14;20;524
28;2025-11-14;21;363
28;2025-11-14;22;158
28;2025-11-14;23;23
28;2025-11-15;0;3
28;2025-11-15;1;0
28;2025-11-15;2;0
28;2025-11-15;3;0
28;2025-11-15;4;1
28;2025-11-15;5;35
28;2025-11-15;6;101
28;2025-11-15;7;217
28;2025-11-15;8;371
28;2025-11-15;9;448
28;2025-11-15;10;469
28;2025-11-15;11;478
28;2025-11-15;12;558
28;2025-11-15;13;580
28;2025-11-15;14;577
28;2025-11-15;15;574
28;2025-11-15;16;555
28;2025-11-15;17;562
28;2025-11-15;18;485
28;2025-11-15;19;397
28;2025-11-15;20;296
28;2025-11-15;21;264
28;2025-11-15;22;126
28;2025-11-15;23;17
28;2025-11-16;0;3
28;2025-11-16;1;0
28;2025-11-16;2;0
28;2025-11-16;3;0
28;2025-11-16;4;0
28;2025-11-16;5;33
28;2025-11-16;6;90
28;2025-11-16;7;168
28;2025-11-16;8;271
28;2025-11-16;9;369
28;2025-11-16;10;412
28;2025-11-16;11;455
28;2025-11-16;12;498
28;2025-11-16;13;582
28;2025-11-16;14;561
28;2025-11-16;15;556
28;2025-11-16;16;518
28;2025-11-16;17;524
28;2025-11-16;18;456
28;2025-11-16;19;397
28;2025-11-16;20;317
28;2025-11-16;21;262
28;2025-11-16;22;117
28;2025-11-16;23;15
28;2025-11-17;0;3
28;2025-11-17;1;1
28;2025-11-17;2;0
28;2025-11-17;3;0
28;2025-11-17;4;1
28;2025-11-17;5;83
28;2025-11-17;6;275
28;2025-11-17;7;830
28;2025-11-17;8;1291
28;2025-11-17;9;881
28;2025-11-17;10;649
28;2025-11-17;11;588
28;2025-11-17;12;716
28;2025-11-17;13;737
28;2025-11-17;14;681
28;2025-11-17;15;712
28;2025-11-17;16;892
28;2025-11-17;17;1025
28;2025-11-17;18;1016
28;2025-11-17;19;764
28;2025-11-17;20;533
28;2025-11-17;21;329
28;2025-11-17;22;136
28;2025-11-17;23;18
28;2025-11-18;0;3
28;2025-11-18;1;1
28;2025-11-18;2;0
28;2025-11-18;3;0
28;2025-11-18;4;1
28;2025-11-18;5;82
28;2025-11-18;6;270
28;2025-11-18;7;813
28;2025-11-18;8;1265
28;2025-11-18;9;864
28;2025-11-18;10;636
28;2025-11-18;11;577
28;2025-11-18;12;702
28;2025-11-18;13;723
28;2025-11-18;14;667
28;2025-11-18;15;698
28;2025-11-18;16;875
28;2025-11-18;17;1005
28;2025-11-18;18;996
28;2025-11-18;19;749
28;2025-11-18;20;523
28;2025-11-18;21;323
28;2025-11-18;22;133
28;2025-11-18;23;18
28;2025-11-19;0;3
28;2025-11-19;1;1
28;2025-11-19;2;0
28;2025-11-19;3;0
28;2025-11-19;4;1
28;2025-11-19;5;86
28;2025-11-19;6;284
28;2025-11-19;7;857
28;2025-11-19;8;1333
28;2025-11-19;9;910
28;2025-11-19;10;670
28;2025-11-19;11;607
28;2025-11-19;12;739
28;2025-11-19;13;761
28;2025-11-19;14;703
28;2025-11-19;15;735
28;2025-11-19;16;921
28;2025-11-19;17;1058
28;2025-11-19;18;1049
28;2025-11-19;19;789
28;2025-11-19;20;551
28;2025-11-19;21;340
28;2025-11-19;22;140
28;2025-11-19;23;19
28;2025-11-20;0;3
28;2025-11-20;1;1
28;2025-11-20;2;0
28;2025-11-20;3;0
28;2025-11-20;4;1
28;2025-11-20;5;86
28;2025-11-20;6;284
28;2025-11-20;7;857
28;2025-11-20;8;1333
28;2025-11-20;9;910
28;2025-11-20;10;670
28;2025-11-20;11;607
28;2025-11-20;12;739
28;2025-11-20;13;761
28;2025-11-20;14;703
28;2025-11-20;15;735
28;2025-11-20;16;921
28;2025-11-20;17;1058
28;2025-11-20;18;1049
28;2025-11-20;19;789
28;2025-11-20;20;551
28;2025-11-20;21;340
28;2025-11-20;22;140
28;2025-11-20;23;19
28;2025-11-21;0;3
28;2025-11-21;1;0
28;2025-11-21;2;0
28;2025-11-21;3;0
28;2025-11-21;4;3
28;2025-11-21;5;88
28;2025-11-21;6;301
28;2025-11-21;7;912
28;2025-11-21;8;1390
28;2025-11-21;9;940
28;2025-11-21;10;709
28;2025-11-21;11;657
28;2025-11-21;12;827
28;2025-11-21;13;809
28;2025-11-21;14;793
28;2025-11-21;15;820
28;2025-11-21;16;1064
28;2025-11-21;17;1124
28;2025-11-21;18;946
28;2025-11-21;19;724
28;2025-11-21;20;524
28;2025-11-21;21;363
28;2025-11-21;22;158
28;2025-11-21;23;23
28;2025-11-22;0;3
28;2025-11-22;1;0
28;2025-11-22;2;0
28;2025-11-22;3;0
28;2025-11-22;4;1
28;2025-11-22;5;37
28;2025-11-22;6;107
28;2025-11-22;7;230
28;2025-11-22;8;393
28;2025-11-22;9;474
28;2025-11-22;10;497
28;2025-11-22;11;506
28;2025-11-22;12;591
28;2025-11-22;13;614
28;2025-11-22;14;611
28;2025-11-22;15;607
28;2025-11-22;16;587
28;2025-11-22;17;595
28;2025-11-22;18;513
28;2025-11-22;19;420
28;2025-11-22;20;313
28;2025-11-22;21;279
28;2025-11-22;22;133
28;2025-11-22;23;18
28;2025-11-23;0;3
28;2025-11-23;1;0
28;2025-11-23;2;0
28;2025-11-23;3;0
28;2025-11-23;4;0
28;2025-11-23;5;33
28;2025-11-23;6;90
28;2025-11-23;7;168
28;2025-11-23;8;271
28;2025-11-23;9;369
28;2025-11-23;10;412
28;2025-11-23;11;455
28;2025-11-23;12;498
28;2025-11-23;13;582
28;2025-11-23;14;561
28;2025-11-23;15;556
28;2025-11-23;16;518
28;2025-11-23;17;524
28;2025-11-23;18;456
28;2025-11-23;19;397
28;2025-11-23;20;317
28;2025-11-23;21;262
28;2025-11-23;22;117
28;2025-11-23;23;15
28;2025-11-24;0;3
28;2025-11-24;1;1
28;2025-11-24;2;0
28;2025-11-24;3;0
28;2025-11-24;4;1
28;2025-11-24;5;82
28;2025-11-24;6;271
28;2025-11-24;7;818
28;2025-11-24;8;1272
28;2025-11-24;9;869
28;2025-11-24;10;640
28;2025-11-24;11;580
28;2025-11-24;12;705
28;2025-11-24;13;727
28;2025-11-24;14;671
28;2025-11-24;15;702
28;2025-11-24;16;880
28;2025-11-24;17;1011
28;2025-11-24;18;1002
28;2025-11-24;19;753
28;2025-11-24;20;526
28;2025-11-24;21;325
28;2025-11-24;22;134
28;2025-11-24;23;18
28;2025-11-25;0;3
28;2025-11-25;1;1
28;2025-11-25;2;0
28;2025-11-25;3;0
28;2025-11-25;4;1
28;2025-11-25;5;86
28;2025-11-25;6;284
28;2025-11-25;7;857
28;2025-11-25;8;1333
28;2025-11-25;9;910
28;2025-11-25;10;670
28;2025-11-25;11;607
28;2025-11-25;12;739
28;2025-11-25;13;761
28;2025-11-25;14;703
28;2025-11-25;15;735
28;2025-11-25;16;921
28;2025-11-25;17;1058
28;2025-11-25;18;1049
28;2025-11-25;19;789
28;2025-11-25;20;551
28;2025-11-25;21;340
28;2025-11-25;22;140
28;2025-11-25;23;19
28;2025-11-26;0;3
28;2025-11-26;1;1
28;2025-11-26;2;0
28;2025-11-26;3;0
28;2025-11-26;4;1
28;2025-11-26;5;82
28;2025-11-26;6;271
28;2025-11-26;7;815
28;2025-11-26;8;1268
28;2025-11-26;9;866
28;2025-11-26;10;638
28;2025-11-26;11;578
28;2025-11-26;12;703
28;2025-11-26;13;724
28;2025-11-26;14;669
28;2025-11-26;15;700
28;2025-11-26;16;877
28;2025-11-26;17;1007
28;2025-11-26;18;998
28;2025-11-26;19;751
28;2025-11-26;20;524
28;2025-11-26;21;323
28;2025-11-26;22;133
28;2025-11-26;23;18
28;2025-11-27;0;3
28;2025-11-27;1;1
28;2025-11-27;2;0
28;2025-11-27;3;0
28;2025-11-27;4;1
28;2025-11-27;5;83
28;2025-11-27;6;273
28;2025-11-27;7;823
28;2025-11-27;8;1281
28;2025-11-27;9;875
28;2025-11-27;10;644
28;2025-11-27;11;584
28;2025-11-27;12;710
28;2025-11-27;13;732
28;2025-11-27;14;675
28;2025-11-27;15;707
28;2025-11-27;16;885
28;2025-11-27;17;1017
28;2025-11-27;18;1008
28;2025-11-27;19;758
28;2025-11-27;20;529
28;2025-11-27;21;327
28;2025-11-27;22;135
28;2025-11-27;23;18
28;2025-11-28;0;3
28;2025-11-28;1;0
28;2025-11-28;2;0
28;2025-11-28;3;0
28;2025-11-28;4;3
28;2025-11-28;5;88
28;2025-11-28;6;302
28;2025-11-28;7;915
28;2025-11-28;8;1395
28;2025-11-28;9;943
28;2025-11-28;10;711
28;2025-11-28;11;659
28;2025-11-28;12;830
28;2025-11-28;13;812
28;2025-11-28;14;796
28;2025-11-28;15;823
28;2025-11-28;16;1068
28;2025-11-28;17;1128
28;2025-11-28;18;949
28;2025-11-28;19;726
28;2025-11-28;20;526
28;2025-11-28;21;365
28;2025-11-28;22;159
28;2025-11-28;23;23
28;2025-11-29;0;3
28;2025-11-29;1;0
28;2025-11-29;2;0
28;2025-11-29;3;0
28;2025-11-29;4;1
28;2025-11-29;5;38
28;2025-11-29;6;108
28;2025-11-29;7;233
28;2025-11-29;8;397
28;2025-11-29;9;480
28;2025-11-29;10;503
28;2025-11-29;11;512
28;2025-11-29;12;598
28;2025-11-29;13;621
28;2025-11-29;14;619
28;2025-11-29;15;615
28;2025-11-29;16;594
28;2025-11-29;17;603
28;2025-11-29;18;520
28;2025-11-29;19;425
28;2025-11-29;20;317
28;2025-11-29;21;283
28;2025-11-29;22;135
28;2025-11-29;23;19
28;2025-11-30;0;3
28;2025-11-30;1;0
28;2025-11-30;2;0
28;2025-11-30;3;0
28;2025-11-30;4;0
28;2025-11-30;5;33
28;2025-11-30;6;90
28;2025-11-30;7;168
28;2025-11-30;8;271
28;2025-11-30;9;369
28;2025-11-30;10;412
28;2025-11-30;11;455
28;2025-11-30;12;498
28;2025-11-30;13;582
28;2025-11-30;14;561
28;2025-11-30;15;556
28;2025-11-30;16;518
28;2025-11-30;17;524
28;2025-11-30;18;456
28;2025-11-30;19;397
28;2025-11-30;20;317
28;2025-11-30;21;262
28;2025-11-30;22;117
28;2025-11-30;23;15
28;2025-12-01;0;3
28;2025-12-01;1;1
28;2025-12-01;2;0
28;2025-12-01;3;0
28;2025-12-01;4;1
28;2025-12-01;5;84
28;2025-12-01;6;276
28;2025-12-01;7;832
28;2025-12-01;8;1294
28;2025-12-01;9;883
28;2025-12-01;10;650
28;2025-12-01;11;590
28;2025-12-01;12;717
28;2025-12-01;13;739
28;2025-12-01;14;682
28;2025-12-01;15;714
28;2025-12-01;16;894
28;2025-12-01;17;1028
28;2025-12-01;18;1019
28;2025-12-01;19;766
28;2025-12-01;20;535
28;2025-12-01;21;330
28;2025-12-01;22;136
28;2025-12-01;23;18
28;2025-12-02;0;3
28;2025-12-02;1;1
28;2025-12-02;2;0
28;2025-12-02;3;0
28;2025-12-02;4;1
28;2025-12-02;5;84
28;2025-12-02;6;276
28;2025-12-02;7;832
28;2025-12-02;8;1294
28;2025-12-02;9;883
28;2025-12-02;10;650
28;2025-12-02;11;590
28;2025-12-02;12;717
28;2025-12-02;13;739
28;2025-12-02;14;682
28;2025-12-02;15;714
28;2025-12-02;16;894
28;2025-12-02;17;1028
28;2025-12-02;18;1019
28;2025-12-02;19;766
28;2025-12-02;20;535
28;2025-12-02;21;330
28;2025-12-02;22;136
28;2025-12-02;23;18
28;2025-12-03;0;3
28;2025-12-03;1;1
28;2025-12-03;2;0
28;2025-12-03;3;0
28;2025-12-03;4;1
28;2025-12-03;5;84
28;2025-12-03;6;276
28;2025-12-03;7;832
28;2025-12-03;8;1294
28;2025-12-03;9;883
28;2025-12-03;10;650
28;2025-12-03;11;590
28;2025-12-03;12;717
28;2025-12-03;13;739
28;2025-12-03;14;682
28;2025-12-03;15;714
28;2025-12-03;16;894
28;2025-12-03;17;1028
28;2025-12-03;18;1019
28;2025-12-03;19;766
28;2025-12-03;20;535
28;2025-12-03;21;330
28;2025-12-03;22;136
28;2025-12-03;23;18
28;2025-12-04;0;3
28;2025-12-04;1;1
28;2025-12-04;2;0
28;2025-12-04;3;0
28;2025-12-04;4;1
28;2025-12-04;5;84
28;2025-12-04;6;276
28;2025-12-04;7;832
28;2025-12-04;8;1294
28;2025-12-04;9;883
28;2025-12-04;10;650
28;2025-12-04;11;590
28;2025-12-04;12;717
28;2025-12-04;13;739
28;2025-12-04;14;682
28;2025-12-04;15;714
28;2025-12-04;16;894
28;2025-12-04;17;1028
28;2025-12-04;18;1019
28;2025-12-04;19;766
28;2025-12-04;20;535
28;2025-12-04;21;330
28;2025-12-04;22;136
28;2025-12-04;23;18
28;2025-12-05;0;3
28;2025-12-05;1;0
28;2025-12-05;2;0
28;2025-12-05;3;0
28;2025-12-05;4;2
28;2025-12-05;5;86
28;2025-12-05;6;294
28;2025-12-05;7;888
28;2025-12-05;8;1354
28;2025-12-05;9;916
28;2025-12-05;10;691
28;2025-12-05;11;640
28;2025-12-05;12;806
28;2025-12-05;13;788
28;2025-12-05;14;773
28;2025-12-05;15;799
28;2025-12-05;16;1036
28;2025-12-05;17;1095
28;2025-12-05;18;921
28;2025-12-05;19;705
28;2025-12-05;20;510
28;2025-12-05;21;354
28;2025-12-05;22;154
28;2025-12-05;23;23
28;2025-12-06;0;3
28;2025-12-06;1;0
28;2025-12-06;2;0
28;2025-12-06;3;0
28;2025-12-06;4;1
28;2025-12-06;5;37
28;2025-12-06;6;105
28;2025-12-06;7;226
28;2025-12-06;8;386
28;2025-12-06;9;466
28;2025-12-06;10;488
28;2025-12-06;11;497
28;2025-12-06;12;581
28;2025-12-06;13;603
28;2025-12-06;14;601
28;2025-12-06;15;597
28;2025-12-06;16;577
28;2025-12-06;17;585
28;2025-12-06;18;504
28;2025-12-06;19;413
28;2025-12-06;20;308
28;2025-12-06;21;275
28;2025-12-06;22;131
28;2025-12-06;23;18
28;2025-12-07;0;3
28;2025-12-07;1;0
28;2025-12-07;2;0
28;2025-12-07;3;0
28;2025-12-07;4;0
28;2025-12-07;5;32
28;2025-12-07;6;87
28;2025-12-07;7;163
28;2025-12-07;8;263
28;2025-12-07;9;359
28;2025-12-07;10;400
28;2025-12-07;11;441
28;2025-12-07;12;484
28;2025-12-07;13;565
28;2025-12-07;14;545
28;2025-12-07;15;540
28;2025-12-07;16;503
28;2025-12-07;17;508
28;2025-12-07;18;443
28;2025-12-07;19;385
28;2025-12-07;20;308
28;2025-12-07;21;254
28;2025-12-07;22;114
28;2025-12-07;23;14
28;2025-12-08;0;3
28;2025-12-08;1;1
28;2025-12-08;2;0
28;2025-12-08;3;0
28;2025-12-08;4;1
28;2025-12-08;5;84
28;2025-12-08;6;276
28;2025-12-08;7;832
28;2025-12-08;8;1294
28;2025-12-08;9;883
28;2025-12-08;10;650
28;2025-12-08;11;590
28;2025-12-08;12;717
28;2025-12-08;13;739
28;2025-12-08;14;682
28;2025-12-08;15;714
28;2025-12-08;16;894
28;2025-12-08;17;1028
28;2025-12-08;18;1019
28;2025-12-08;19;766
28;2025-12-08;20;535
28;2025-12-08;21;330
28;2025-12-08;22;136
28;2025-12-08;23;18
28;2025-12-09;0;3
28;2025-12-09;1;1
28;2025-12-09;2;0
28;2025-12-09;3;0
28;2025-12-09;4;1
28;2025-12-09;5;84
28;2025-12-09;6;276
28;2025-12-09;7;832
28;2025-12-09;8;1294
28;2025-12-09;9;883
28;2025-12-09;10;650
28;2025-12-09;11;590
28;2025-12-09;12;717
28;2025-12-09;13;739
28;2025-12-09;14;682
28;2025-12-09;15;714
28;2025-12-09;16;894
28;2025-12-09;17;1028
28;2025-12-09;18;1019
28;2025-12-09;19;766
28;2025-12-09;20;535
28;2025-12-09;21;330
28;2025-12-09;22;136
28;2025-12-09;23;18
28;2025-12-10;0;3
28;2025-12-10;1;1
28;2025-12-10;2;0
28;2025-12-10;3;0
28;2025-12-10;4;1
28;2025-12-10;5;83
28;2025-12-10;6;274
28;2025-12-10;7;824
28;2025-12-10;8;1282
28;2025-12-10;9;876
28;2025-12-10;10;645
28;2025-12-10;11;584
28;2025-12-10;12;711
28;2025-12-10;13;732
28;2025-12-10;14;676
28;2025-12-10;15;708
28;2025-12-10;16;887
28;2025-12-10;17;1019
28;2025-12-10;18;1010
28;2025-12-10;19;759
28;2025-12-10;20;530
28;2025-12-10;21;327
28;2025-12-10;22;135
28;2025-12-10;23;18
28;2025-12-11;0;3
28;2025-12-11;1;1
28;2025-12-11;2;0
28;2025-12-11;3;0
28;2025-12-11;4;1
28;2025-12-11;5;80
28;2025-12-11;6;264
28;2025-12-11;7;795
28;2025-12-11;8;1237
28;2025-12-11;9;844
28;2025-12-11;10;622
28;2025-12-11;11;564
28;2025-12-11;12;686
28;2025-12-11;13;706
28;2025-12-11;14;652
28;2025-12-11;15;682
28;2025-12-11;16;855
28;2025-12-11;17;982
28;2025-12-11;18;974
28;2025-12-11;19;732
28;2025-12-11;20;511
28;2025-12-11;21;315
28;2025-12-11;22;130
28;2025-12-11;23;18
28;2025-12-12;0;3
28;2025-12-12;1;0
28;2025-12-12;2;0
28;2025-12-12;3;0
28;2025-12-12;4;2
28;2025-12-12;5;83
28;2025-12-12;6;283
28;2025-12-12;7;856
28;2025-12-12;8;1305
28;2025-12-12;9;882
28;2025-12-12;10;665
28;2025-12-12;11;617
28;2025-12-12;12;776
28;2025-12-12;13;759
28;2025-12-12;14;744
28;2025-12-12;15;770
28;2025-12-12;16;998
28;2025-12-12;17;1055
28;2025-12-12;18;888
28;2025-12-12;19;679
28;2025-12-12;20;492
28;2025-12-12;21;341
28;2025-12-12;22;148
28;2025-12-12;23;22
28;2025-12-13;0;3
28;2025-12-13;1;0
28;2025-12-13;2;0
28;2025-12-13;3;0
28;2025-12-13;4;1
28;2025-12-13;5;37
28;2025-12-13;6;105
28;2025-12-13;7;225
28;2025-12-13;8;384
28;2025-12-13;9;464
28;2025-12-13;10;486
28;2025-12-13;11;495
28;2025-12-13;12;578
28;2025-12-13;13;600
28;2025-12-13;14;598
28;2025-12-13;15;594
28;2025-12-13;16;574
28;2025-12-13;17;583
28;2025-12-13;18;502
28;2025-12-13;19;411
28;2025-12-13;20;307
28;2025-12-13;21;273
28;2025-12-13;22;130
28;2025-12-13;23;18
28;2025-12-14;0;3
28;2025-12-14;1;0
28;2025-12-14;2;0
28;2025-12-14;3;0
28;2025-12-14;4;0
28;2025-12-14;5;32
28;2025-12-14;6;87
28;2025-12-14;7;163
28;2025-12-14;8;262
28;2025-12-14;9;358
28;2025-12-14;10;400
28;2025-12-14;11;441
28;2025-12-14;12;483
28;2025-12-14;13;565
28;2025-12-14;14;544
28;2025-12-14;15;539
28;2025-12-14;16;502
28;2025-12-14;17;508
28;2025-12-14;18;442
28;2025-12-14;19;385
28;2025-12-14;20;307
28;2025-12-14;21;254
28;2025-12-14;22;114
28;2025-12-14;23;14
28;2025-12-15;0;3
28;2025-12-15;1;1
28;2025-12-15;2;0
28;2025-12-15;3;0
28;2025-12-15;4;1
28;2025-12-15;5;83
28;2025-12-15;6;276
28;2025-12-15;7;831
28;2025-12-15;8;1292
28;2025-12-15;9;882
28;2025-12-15;10;650
28;2025-12-15;11;589
28;2025-12-15;12;716
28;2025-12-15;13;738
28;2025-12-15;14;681
28;2025-12-15;15;713
28;2025-12-15;16;893
28;2025-12-15;17;1027
28;2025-12-15;18;1017
28;2025-12-15;19;765
28;2025-12-15;20;534
28;2025-12-15;21;330
28;2025-12-15;22;136
28;2025-12-15;23;18
28;2025-12-16;0;3
28;2025-12-16;1;1
28;2025-12-16;2;0
28;2025-12-16;3;0
28;2025-12-16;4;1
28;2025-12-16;5;82
28;2025-12-16;6;272
28;2025-12-16;7;819
28;2025-12-16;8;1274
28;2025-12-16;9;870
28;2025-12-16;10;640
28;2025-12-16;11;581
28;2025-12-16;12;706
28;2025-12-16;13;728
28;2025-12-16;14;672
28;2025-12-16;15;703
28;2025-12-16;16;881
28;2025-12-16;17;1012
28;2025-12-16;18;1003
28;2025-12-16;19;754
28;2025-12-16;20;527
28;2025-12-16;21;325
28;2025-12-16;22;134
28;2025-12-16;23;18
28;2025-12-17;0;3
28;2025-12-17;1;1
28;2025-12-17;2;0
28;2025-12-17;3;0
28;2025-12-17;4;1
28;2025-12-17;5;84
28;2025-12-17;6;276
28;2025-12-17;7;832
28;2025-12-17;8;1294
28;2025-12-17;9;883
28;2025-12-17;10;650
28;2025-12-17;11;590
28;2025-12-17;12;717
28;2025-12-17;13;739
28;2025-12-17;14;682
28;2025-12-17;15;714
28;2025-12-17;16;894
28;2025-12-17;17;1028
28;2025-12-17;18;1019
28;2025-12-17;19;766
28;2025-12-17;20;535
28;2025-12-17;21;330
28;2025-12-17;22;136
28;2025-12-17;23;18
28;2025-12-18;0;3
28;2025-12-18;1;1
28;2025-12-18;2;0
28;2025-12-18;3;0
28;2025-12-18;4;1
28;2025-12-18;5;84
28;2025-12-18;6;276
28;2025-12-18;7;832
28;2025-12-18;8;1294
28;2025-12-18;9;883
28;2025-12-18;10;650
28;2025-12-18;11;590
28;2025-12-18;12;717
28;2025-12-18;13;739
28;2025-12-18;14;682
28;2025-12-18;15;714
28;2025-12-18;16;894
28;2025-12-18;17;1028
28;2025-12-18;18;1019
28;2025-12-18;19;766
28;2025-12-18;20;535
28;2025-12-18;21;330
28;2025-12-18;22;136
28;2025-12-18;23;18
28;2025-12-19;0;3
28;2025-12-19;1;0
28;2025-12-19;2;0
28;2025-12-19;3;0
28;2025-12-19;4;2
28;2025-12-19;5;86
28;2025-12-19;6;293
28;2025-12-19;7;886
28;2025-12-19;8;1351
28;2025-12-19;9;914
28;2025-12-19;10;689
28;2025-12-19;11;639
28;2025-12-19;12;804
28;2025-12-19;13;786
28;2025-12-19;14;771
28;2025-12-19;15;797
28;2025-12-19;16;1034
28;2025-12-19;17;1092
28;2025-12-19;18;919
28;2025-12-19;19;703
28;2025-12-19;20;509
28;2025-12-19;21;353
28;2025-12-19;22;154
28;2025-12-19;23;23
28;2025-12-20;0;3
28;2025-12-20;1;0
28;2025-12-20;2;0
28;2025-12-20;3;0
28;2025-12-20;4;1
28;2025-12-20;5;37
28;2025-12-20;6;105
28;2025-12-20;7;226
28;2025-12-20;8;386
28;2025-12-20;9;466
28;2025-12-20;10;488
28;2025-12-20;11;497
28;2025-12-20;12;581
28;2025-12-20;13;603
28;2025-12-20;14;601
28;2025-12-20;15;597
28;2025-12-20;16;577
28;2025-12-20;17;585
28;2025-12-20;18;504
28;2025-12-20;19;413
28;2025-12-20;20;308
28;2025-12-20;21;275
28;2025-12-20;22;131
28;2025-12-20;23;18
28;2025-12-21;0;3
28;2025-12-21;1;0
28;2025-12-21;2;0
28;2025-12-21;3;0
28;2025-12-21;4;0
28;2025-12-21;5;32
28;2025-12-21;6;87
28;2025-12-21;7;162
28;2025-12-21;8;262
28;2025-12-21;9;357
28;2025-12-21;10;398
28;2025-12-21;11;439
28;2025-12-21;12;482
28;2025-12-21;13;563
28;2025-12-21;14;542
28;2025-12-21;15;538
28;2025-12-21;16;501
28;2025-12-21;17;506
28;2025-12-21;18;441
28;2025-12-21;19;384
28;2025-12-21;20;306
28;2025-12-21;21;253
28;2025-12-21;22;113
28;2025-12-21;23;14
28;2025-12-22;0;3
28;2025-12-22;1;1
28;2025-12-22;2;0
28;2025-12-22;3;0
28;2025-12-22;4;1
28;2025-12-22;5;83
28;2025-12-22;6;274
28;2025-12-22;7;824
28;2025-12-22;8;1282
28;2025-12-22;9;876
28;2025-12-22;10;645
28;2025-12-22;11;584
28;2025-12-22;12;711
28;2025-12-22;13;732
28;2025-12-22;14;676
28;2025-12-22;15;708
28;2025-12-22;16;887
28;2025-12-22;17;1019
28;2025-12-22;18;1010
28;2025-12-22;19;759
28;2025-12-22;20;530
28;2025-12-22;21;327
28;2025-12-22;22;135
28;2025-12-22;23;18
28;2025-12-23;0;3
28;2025-12-23;1;1
28;2025-12-23;2;0
28;2025-12-23;3;0
28;2025-12-23;4;1
28;2025-12-23;5;81
28;2025-12-23;6;267
28;2025-12-23;7;804
28;2025-12-23;8;1250
28;2025-12-23;9;854
28;2025-12-23;10;629
28;2025-12-23;11;570
28;2025-12-23;12;693
28;2025-12-23;13;714
28;2025-12-23;14;659
28;2025-12-23;15;690
28;2025-12-23;16;864
28;2025-12-23;17;993
28;2025-12-23;18;984
28;2025-12-23;19;740
28;2025-12-23;20;517
28;2025-12-23;21;319
28;2025-12-23;22;132
28;2025-12-23;23;18
28;2025-12-24;0;3
28;2025-12-24;1;1
28;2025-12-24;2;0
28;2025-12-24;3;0
28;2025-12-24;4;1
28;2025-12-24;5;80
28;2025-12-24;6;265
28;2025-12-24;7;799
28;2025-12-24;8;1244
28;2025-12-24;9;849
28;2025-12-24;10;625
28;2025-12-24;11;567
28;2025-12-24;12;690
28;2025-12-24;13;710
28;2025-12-24;14;656
28;2025-12-24;15;686
28;2025-12-24;16;860
28;2025-12-24;17;988
28;2025-12-24;18;979
28;2025-12-24;19;736
28;2025-12-24;20;514
28;2025-12-24;21;317
28;2025-12-24;22;131
28;2025-12-24;23;18
28;2025-12-25;0;3
28;2025-12-25;1;1
28;2025-12-25;2;0
28;2025-12-25;3;0
28;2025-12-25;4;1
28;2025-12-25;5;82
28;2025-12-25;6;271
28;2025-12-25;7;817
28;2025-12-25;8;1271
28;2025-12-25;9;868
28;2025-12-25;10;639
28;2025-12-25;11;579
28;2025-12-25;12;705
28;2025-12-25;13;726
28;2025-12-25;14;670
28;2025-12-25;15;702
28;2025-12-25;16;879
28;2025-12-25;17;1010
28;2025-12-25;18;1001
28;2025-12-25;19;752
28;2025-12-25;20;525
28;2025-12-25;21;324
28;2025-12-25;22;134
28;2025-12-25;23;18
28;2025-12-26;0;3
28;2025-12-26;1;0
28;2025-12-26;2;0
28;2025-12-26;3;0
28;2025-12-26;4;2
28;2025-12-26;5;81
28;2025-12-26;6;278
28;2025-12-26;7;840
28;2025-12-26;8;1280
28;2025-12-26;9;866
28;2025-12-26;10;653
28;2025-12-26;11;605
28;2025-12-26;12;762
28;2025-12-26;13;745
28;2025-12-26;14;730
28;2025-12-26;15;756
28;2025-12-26;16;980
28;2025-12-26;17;1035
28;2025-12-26;18;871
28;2025-12-26;19;666
28;2025-12-26;20;483
28;2025-12-26;21;335
28;2025-12-26;22;146
28;2025-12-26;23;21
28;2025-12-27;0;3
28;2025-12-27;1;0
28;2025-12-27;2;0
28;2025-12-27;3;0
28;2025-12-27;4;1
28;2025-12-27;5;37
28;2025-12-27;6;105
28;2025-12-27;7;226
28;2025-12-27;8;385
28;2025-12-27;9;465
28;2025-12-27;10;487
28;2025-12-27;11;496
28;2025-12-27;12;579
28;2025-12-27;13;602
28;2025-12-27;14;599
28;2025-12-27;15;596
28;2025-12-27;16;576
28;2025-12-27;17;584
28;2025-12-27;18;503
28;2025-12-27;19;412
28;2025-12-27;20;307
28;2025-12-27;21;274
28;2025-12-27;22;131
28;2025-12-27;23;18
28;2025-12-28;0;3
28;2025-12-28;1;0
28;2025-12-28;2;0
28;2025-12-28;3;0
28;2025-12-28;4;0
28;2025-12-28;5;32
28;2025-12-28;6;85
28;2025-12-28;7;160
28;2025-12-28;8;257
28;2025-12-28;9;351
28;2025-12-28;10;392
28;2025-12-28;11;432
28;2025-12-28;12;474
28;2025-12-28;13;554
28;2025-12-28;14;534
28;2025-12-28;15;529
28;2025-12-28;16;492
28;2025-12-28;17;498
28;2025-12-28;18;434
28;2025-12-28;19;377
28;2025-12-28;20;301
28;2025-12-28;21;249
28;2025-12-28;22;112
28;2025-12-28;23;14
28;2025-12-29;0;2
28;2025-12-29;1;1
28;2025-12-29;2;0
28;2025-12-29;3;0
28;2025-12-29;4;1
28;2025-12-29;5;72
28;2025-12-29;6;239
28;2025-12-29;7;719
28;2025-12-29;8;1119
28;2025-12-29;9;764
28;2025-12-29;10;562
28;2025-12-29;11;509
28;2025-12-29;12;620
28;2025-12-29;13;639
28;2025-12-29;14;590
28;2025-12-29;15;618
28;2025-12-29;16;774
28;2025-12-29;17;888
28;2025-12-29;18;880
28;2025-12-29;19;662
28;2025-12-29;20;463
28;2025-12-29;21;285
28;2025-12-29;22;118
28;2025-12-29;23;15
28;2025-12-30;0;2
28;2025-12-30;1;1
28;2025-12-30;2;0
28;2025-12-30;3;0
28;2025-12-30;4;1
28;2025-12-30;5;70
28;2025-12-30;6;234
28;2025-12-30;7;705
28;2025-12-30;8;1097
28;2025-12-30;9;749
28;2025-12-30;10;551
28;2025-12-30;11;500
28;2025-12-30;12;608
28;2025-12-30;13;626
28;2025-12-30;14;578
28;2025-12-30;15;606
28;2025-12-30;16;758
28;2025-12-30;17;871
28;2025-12-30;18;863
28;2025-12-30;19;649
28;2025-12-30;20;454
28;2025-12-30;21;280
28;2025-12-30;22;115
28;2025-12-30;23;15
28;2025-12-31;0;2
28;2025-12-31;1;0
28;2025-12-31;2;0
28;2025-12-31;3;0
28;2025-12-31;4;2
28;2025-12-31;5;33
28;2025-12-31;6;94
28;2025-12-31;7;180
28;2025-12-31;8;326
28;2025-12-31;9;361
28;2025-12-31;10;391
28;2025-12-31;11;398
28;2025-12-31;12;500
28;2025-12-31;13;484
28;2025-12-31;14;456
28;2025-12-31;15;494
28;2025-12-31;16;517
28;2025-12-31;17;464
28;2025-12-31;18;407
28;2025-12-31;19;296
28;2025-12-31;20;0
28;2025-12-31;21;0
28;2025-12-31;22;0
28;2025-12-31;23;0
50;2025-11-01;0;56
50;2025-11-01;1;6
50;2025-11-01;2;0
50;2025-11-01;3;0
50;2025-11-01;4;3
50;2025-11-01;5;54
50;2025-11-01;6;400
50;2025-11-01;7;1378
50;2025-11-01;8;2179
50;2025-11-01;9;1698
50;2025-11-01;10;1181
50;2025-11-01;11;1187
50;2025-11-01;12;1104
50;2025-11-01;13;1195
50;2025-11-01;14;1139
50;2025-11-01;15;1359
50;2025-11-01;16;1781
50;2025-11-01;17;1687
50;2025-11-01;18;1255
50;2025-11-01;19;932
50;2025-11-01;20;673
50;2025-11-01;21;427
50;2025-11-01;22;211
50;2025-11-01;23;128
50;2025-11-02;0;4
50;2025-11-02;1;0
50;2025-11-02;2;0
50;2025-11-02;3;0
50;2025-11-02;4;0
50;2025-11-02;5;1
50;2025-11-02;6;6
50;2025-11-02;7;10
50;2025-11-02;8;21
50;2025-11-02;9;16
50;2025-11-02;10;44
50;2025-11-02;11;145
50;2025-11-02;12;112
50;2025-11-02;13;137
50;2025-11-02;14;229
50;2025-11-02;15;187
50;2025-11-02;16;220
50;2025-11-02;17;197
50;2025-11-02;18;117
50;2025-11-02;19;127
50;2025-11-02;20;92
50;2025-11-02;21;59
50;2025-11-02;22;69
50;2025-11-02;23;19
50;2025-11-03;0;5
50;2025-11-03;1;0
50;2025-11-03;2;0
50;2025-11-03;3;0
50;2025-11-03;4;0
50;2025-11-03;5;1
50;2025-11-03;6;7
50;2025-11-03;7;11
50;2025-11-03;8;24
50;2025-11-03;9;18
50;2025-11-03;10;49
50;2025-11-03;11;99
50;2025-11-03;12;100
50;2025-11-03;13;110
50;2025-11-03;14;139
50;2025-11-03;15;117
50;2025-11-03;16;125
50;2025-11-03;17;120
50;2025-11-03;18;94
50;2025-11-03;19;86
50;2025-11-03;20;68
50;2025-11-03;21;50
50;2025-11-03;22;38
50;2025-11-03;23;16
50;2025-11-04;0;5
50;2025-11-04;1;0
50;2025-11-04;2;0
50;2025-11-04;3;0
50;2025-11-04;4;0
50;2025-11-04;5;1
50;2025-11-04;6;7
50;2025-11-04;7;11
50;2025-11-04;8;24
50;2025-11-04;9;18
50;2025-11-04;10;49
50;2025-11-04;11;98
50;2025-11-04;12;99
50;2025-11-04;13;109
50;2025-11-04;14;137
50;2025-11-04;15;116
50;2025-11-04;16;124
50;2025-11-04;17;119
50;2025-11-04;18;93
50;2025-11-04;19;85
50;2025-11-04;20;68
50;2025-11-04;21;49
50;2025-11-04;22;38
50;2025-11-04;23;16
50;2025-11-05;0;32
50;2025-11-05;1;3
50;2025-11-05;2;1
50;2025-11-05;3;0
50;2025-11-05;4;3
50;2025-11-05;5;75
50;2025-11-05;6;574
50;2025-11-05;7;1847
50;2025-11-05;8;2884
50;2025-11-05;9;2259
50;2025-11-05;10;1742
50;2025-11-05;11;1610
50;2025-11-05;12;1500
50;2025-11-05;13;1532
50;2025-11-05;14;1486
50;2025-11-05;15;1714
50;2025-11-05;16;1768
50;2025-11-05;17;2472
50;2025-11-05;18;2594
50;2025-11-05;19;1537
50;2025-11-05;20;967
50;2025-11-05;21;666
50;2025-11-05;22;285
50;2025-11-05;23;147
50;2025-11-06;0;31
50;2025-11-06;1;3
50;2025-11-06;2;1
50;2025-11-06;3;0
50;2025-11-06;4;3
50;2025-11-06;5;73
50;2025-11-06;6;565
50;2025-11-06;7;1817
50;2025-11-06;8;2837
50;2025-11-06;9;2222
50;2025-11-06;10;1714
50;2025-11-06;11;1584
50;2025-11-06;12;1476
50;2025-11-06;13;1507
50;2025-11-06;14;1462
50;2025-11-06;15;1685
50;2025-11-06;16;1739
50;2025-11-06;17;2432
50;2025-11-06;18;2551
50;2025-11-06;19;1512
50;2025-11-06;20;951
50;2025-11-06;21;655
50;2025-11-06;22;281
50;2025-11-06;23;145
50;2025-11-07;0;40
50;2025-11-07;1;2
50;2025-11-07;2;0
50;2025-11-07;3;0
50;2025-11-07;4;3
50;2025-11-07;5;71
50;2025-11-07;6;557
50;2025-11-07;7;1785
50;2025-11-07;8;2787
50;2025-11-07;9;2138
50;2025-11-07;10;1605
50;2025-11-07;11;1621
50;2025-11-07;12;1555
50;2025-11-07;13;1576
50;2025-11-07;14;1505
50;2025-11-07;15;1831
50;2025-11-07;16;2223
50;2025-11-07;17;2226
50;2025-11-07;18;1795
50;2025-11-07;19;1267
50;2025-11-07;20;858
50;2025-11-07;21;593
50;2025-11-07;22;313
50;2025-11-07;23;178
50;2025-11-08;0;72
50;2025-11-08;1;8
50;2025-11-08;2;0
50;2025-11-08;3;3
50;2025-11-08;4;0
50;2025-11-08;5;12
50;2025-11-08;6;15
50;2025-11-08;7;23
50;2025-11-08;8;47
50;2025-11-08;9;92
50;2025-11-08;10;33
50;2025-11-08;11;58
50;2025-11-08;12;105
50;2025-11-08;13;69
50;2025-11-08;14;85
50;2025-11-08;15;123
50;2025-11-08;16;79
50;2025-11-08;17;77
50;2025-11-08;18;19
50;2025-11-08;19;18
50;2025-11-08;20;12
50;2025-11-08;21;13
50;2025-11-08;22;13
50;2025-11-08;23;3
50;2025-11-09;0;4
50;2025-11-09;1;0
50;2025-11-09;2;0
50;2025-11-09;3;0
50;2025-11-09;4;0
50;2025-11-09;5;1
50;2025-11-09;6;6
50;2025-11-09;7;10
50;2025-11-09;8;22
50;2025-11-09;9;17
50;2025-11-09;10;45
50;2025-11-09;11;150
50;2025-11-09;12;115
50;2025-11-09;13;141
50;2025-11-09;14;236
50;2025-11-09;15;192
50;2025-11-09;16;227
50;2025-11-09;17;203
50;2025-11-09;18;120
50;2025-11-09;19;131
50;2025-11-09;20;95
50;2025-11-09;21;61
50;2025-11-09;22;71
50;2025-11-09;23;20
50;2025-11-10;0;32
50;2025-11-10;1;3
50;2025-11-10;2;1
50;2025-11-10;3;0
50;2025-11-10;4;3
50;2025-11-10;5;75
50;2025-11-10;6;574
50;2025-11-10;7;1847
50;2025-11-10;8;2884
50;2025-11-10;9;2259
50;2025-11-10;10;1742
50;2025-11-10;11;1610
50;2025-11-10;12;1500
50;2025-11-10;13;1532
50;2025-11-10;14;1486
50;2025-11-10;15;1714
50;2025-11-10;16;1768
50;2025-11-10;17;2472
50;2025-11-10;18;2594
50;2025-11-10;19;1537
50;2025-11-10;20;967
50;2025-11-10;21;666
50;2025-11-10;22;285
50;2025-11-10;23;147
50;2025-11-11;0;32
50;2025-11-11;1;3
50;2025-11-11;2;1
50;2025-11-11;3;0
50;2025-11-11;4;3
50;2025-11-11;5;75
50;2025-11-11;6;574
50;2025-11-11;7;1847
50;2025-11-11;8;2884
50;2025-11-11;9;2259
50;2025-11-11;10;1742
50;2025-11-11;11;1610
50;2025-11-11;12;1500
50;2025-11-11;13;1532
50;2025-11-11;14;1486
50;2025-11-11;15;1714
50;2025-11-11;16;1768
50;2025-11-11;17;2472
50;2025-11-11;18;2594
50;2025-11-11;19;1537
50;2025-11-11;20;967
50;2025-11-11;21;666
50;2025-11-11;22;285
50;2025-11-11;23;147
50;2025-11-12;0;31
50;2025-11-12;1;3
50;2025-11-12;2;1
50;2025-11-12;3;0
50;2025-11-12;4;3
50;2025-11-12;5;74
50;2025-11-12;6;568
50;2025-11-12;7;1827
50;2025-11-12;8;2853
50;2025-11-12;9;2234
50;2025-11-12;10;1723
50;2025-11-12;11;1592
50;2025-11-12;12;1484
50;2025-11-12;13;1515
50;2025-11-12;14;1470
50;2025-11-12;15;1695
50;2025-11-12;16;1748
50;2025-11-12;17;2445
50;2025-11-12;18;2565
50;2025-11-12;19;1520
50;2025-11-12;20;956
50;2025-11-12;21;659
50;2025-11-12;22;282
50;2025-11-12;23;146
50;2025-11-13;0;32
50;2025-11-13;1;3
50;2025-11-13;2;1
50;2025-11-13;3;0
50;2025-11-13;4;3
50;2025-11-13;5;74
50;2025-11-13;6;573
50;2025-11-13;7;1845
50;2025-11-13;8;2881
50;2025-11-13;9;2256
50;2025-11-13;10;1740
50;2025-11-13;11;1608
50;2025-11-13;12;1499
50;2025-11-13;13;1530
50;2025-11-13;14;1485
50;2025-11-13;15;1712
50;2025-11-13;16;1766
50;2025-11-13;17;2469
50;2025-11-13;18;2591
50;2025-11-13;19;1535
50;2025-11-13;20;966
50;2025-11-13;21;665
50;2025-11-13;22;285
50;2025-11-13;23;147
50;2025-11-14;0;40
50;2025-11-14;1;2
50;2025-11-14;2;0
50;2025-11-14;3;0
50;2025-11-14;4;3
50;2025-11-14;5;71
50;2025-11-14;6;558
50;2025-11-14;7;1789
50;2025-11-14;8;2793
50;2025-11-14;9;2143
50;2025-11-14;10;1608
50;2025-11-14;11;1625
50;2025-11-14;12;1558
50;2025-11-14;13;1579
50;2025-11-14;14;1508
50;2025-11-14;15;1835
50;2025-11-14;16;2228
50;2025-11-14;17;2231
50;2025-11-14;18;1799
50;2025-11-14;19;1270
50;2025-11-14;20;860
50;2025-11-14;21;594
50;2025-11-14;22;314
50;2025-11-14;23;179
50;2025-11-15;0;62
50;2025-11-15;1;4
50;2025-11-15;2;0
50;2025-11-15;3;0
50;2025-11-15;4;0
50;2025-11-15;5;31
50;2025-11-15;6;169
50;2025-11-15;7;403
50;2025-11-15;8;619
50;2025-11-15;9;642
50;2025-11-15;10;639
50;2025-11-15;11;778
50;2025-11-15;12;818
50;2025-11-15;13;831
50;2025-11-15;14;863
50;2025-11-15;15;821
50;2025-11-15;16;838
50;2025-11-15;17;788
50;2025-11-15;18;714
50;2025-11-15;19;672
50;2025-11-15;20;499
50;2025-11-15;21;442
50;2025-11-15;22;236
50;2025-11-15;23;146
50;2025-11-16;0;55
50;2025-11-16;1;5
50;2025-11-16;2;0
50;2025-11-16;3;0
50;2025-11-16;4;1
50;2025-11-16;5;30
50;2025-11-16;6;147
50;2025-11-16;7;277
50;2025-11-16;8;402
50;2025-11-16;9;504
50;2025-11-16;10;569
50;2025-11-16;11;674
50;2025-11-16;12;742
50;2025-11-16;13;847
50;2025-11-16;14;859
50;2025-11-16;15;736
50;2025-11-16;16;751
50;2025-11-16;17;773
50;2025-11-16;18;701
50;2025-11-16;19;626
50;2025-11-16;20;535
50;2025-11-16;21;431
50;2025-11-16;22;225
50;2025-11-16;23;124
50;2025-11-17;0;31
50;2025-11-17;1;3
50;2025-11-17;2;1
50;2025-11-17;3;0
50;2025-11-17;4;3
50;2025-11-17;5;72
50;2025-11-17;6;556
50;2025-11-17;7;1789
50;2025-11-17;8;2794
50;2025-11-17;9;2188
50;2025-11-17;10;1688
50;2025-11-17;11;1559
50;2025-11-17;12;1453
50;2025-11-17;13;1484
50;2025-11-17;14;1440
50;2025-11-17;15;1660
50;2025-11-17;16;1712
50;2025-11-17;17;2395
50;2025-11-17;18;2512
50;2025-11-17;19;1489
50;2025-11-17;20;937
50;2025-11-17;21;645
50;2025-11-17;22;276
50;2025-11-17;23;143
50;2025-11-18;0;30
50;2025-11-18;1;3
50;2025-11-18;2;1
50;2025-11-18;3;0
50;2025-11-18;4;3
50;2025-11-18;5;71
50;2025-11-18;6;545
50;2025-11-18;7;1754
50;2025-11-18;8;2739
50;2025-11-18;9;2145
50;2025-11-18;10;1654
50;2025-11-18;11;1529
50;2025-11-18;12;1425
50;2025-11-18;13;1455
50;2025-11-18;14;1412
50;2025-11-18;15;1627
50;2025-11-18;16;1679
50;2025-11-18;17;2348
50;2025-11-18;18;2463
50;2025-11-18;19;1460
50;2025-11-18;20;918
50;2025-11-18;21;632
50;2025-11-18;22;271
50;2025-11-18;23;140
50;2025-11-19;0;32
50;2025-11-19;1;3
50;2025-11-19;2;1
50;2025-11-19;3;0
50;2025-11-19;4;3
50;2025-11-19;5;75
50;2025-11-19;6;574
50;2025-11-19;7;1847
50;2025-11-19;8;2884
50;2025-11-19;9;2259
50;2025-11-19;10;1742
50;2025-11-19;11;1610
50;2025-11-19;12;1500
50;2025-11-19;13;1532
50;2025-11-19;14;1486
50;2025-11-19;15;1714
50;2025-11-19;16;1768
50;2025-11-19;17;2472
50;2025-11-19;18;2594
50;2025-11-19;19;1537
50;2025-11-19;20;967
50;2025-11-19;21;666
50;2025-11-19;22;285
50;2025-11-19;23;147
50;2025-11-20;0;32
50;2025-11-20;1;3
50;2025-11-20;2;1
50;2025-11-20;3;0
50;2025-11-20;4;3
50;2025-11-20;5;75
50;2025-11-20;6;574
50;2025-11-20;7;1847
50;2025-11-20;8;2884
50;2025-11-20;9;2259
50;2025-11-20;10;1742
50;2025-11-20;11;1610
50;2025-11-20;12;1500
50;2025-11-20;13;1532
50;2025-11-20;14;1486
50;2025-11-20;15;1714
50;2025-11-20;16;1768
50;2025-11-20;17;2472
50;2025-11-20;18;2594
50;2025-11-20;19;1537
50;2025-11-20;20;967
50;2025-11-20;21;666
50;2025-11-20;22;285
50;2025-11-20;23;147
50;2025-11-21;0;40
50;2025-11-21;1;2
50;2025-11-21;2;0
50;2025-11-21;3;0
50;2025-11-21;4;3
50;2025-11-21;5;71
50;2025-11-21;6;558
50;2025-11-21;7;1789
50;2025-11-21;8;2793
50;2025-11-21;9;2143
50;2025-11-21;10;1608
50;2025-11-21;11;1625
50;2025-11-21;12;1558
50;2025-11-21;13;1579
50;2025-11-21;14;1508
50;2025-11-21;15;1835
50;2025-11-21;16;2228
50;2025-11-21;17;2231
50;2025-11-21;18;1799
50;2025-11-21;19;1270
50;2025-11-21;20;860
50;2025-11-21;21;594
50;2025-11-21;22;314
50;2025-11-21;23;179
50;2025-11-22;0;66
50;2025-11-22;1;5
50;2025-11-22;2;0
50;2025-11-22;3;0
50;2025-11-22;4;1
50;2025-11-22;5;33
50;2025-11-22;6;179
50;2025-11-22;7;426
50;2025-11-22;8;655
50;2025-11-22;9;680
50;2025-11-22;10;676
50;2025-11-22;11;824
50;2025-11-22;12;866
50;2025-11-22;13;880
50;2025-11-22;14;914
50;2025-11-22;15;869
50;2025-11-22;16;888
50;2025-11-22;17;835
50;2025-11-22;18;756
50;2025-11-22;19;712
50;2025-11-22;20;529
50;2025-11-22;21;468
50;2025-11-22;22;250
50;2025-11-22;23;155
50;2025-11-23;0;55
50;2025-11-23;1;5
50;2025-11-23;2;0
50;2025-11-23;3;0
50;2025-11-23;4;1
50;2025-11-23;5;30
50;2025-11-23;6;147
50;2025-11-23;7;277
50;2025-11-23;8;402
50;2025-11-23;9;504
50;2025-11-23;10;569
50;2025-11-23;11;674
50;2025-11-23;12;742
50;2025-11-23;13;847
50;2025-11-23;14;859
50;2025-11-23;15;736
50;2025-11-23;16;751
50;2025-11-23;17;773
50;2025-11-23;18;701
50;2025-11-23;19;626
50;2025-11-23;20;535
50;2025-11-23;21;431
50;2025-11-23;22;225
50;2025-11-23;23;124
50;2025-11-24;0;30
50;2025-11-24;1;3
50;2025-11-24;2;1
50;2025-11-24;3;0
50;2025-11-24;4;3
50;2025-11-24;5;71
50;2025-11-24;6;548
50;2025-11-24;7;1763
50;2025-11-24;8;2754
50;2025-11-24;9;2157
50;2025-11-24;10;1664
50;2025-11-24;11;1537
50;2025-11-24;12;1433
50;2025-11-24;13;1463
50;2025-11-24;14;1419
50;2025-11-24;15;1636
50;2025-11-24;16;1688
50;2025-11-24;17;2361
50;2025-11-24;18;2477
50;2025-11-24;19;1468
50;2025-11-24;20;923
50;2025-11-24;21;636
50;2025-11-24;22;273
50;2025-11-24;23;141
50;2025-11-25;0;32
50;2025-11-25;1;3
50;2025-11-25;2;1
50;2025-11-25;3;0
50;2025-11-25;4;3
50;2025-11-25;5;75
50;2025-11-25;6;574
50;2025-11-25;7;1847
50;2025-11-25;8;2884
50;2025-11-25;9;2259
50;2025-11-25;10;1742
50;2025-11-25;11;1610
50;2025-11-25;12;1500
50;2025-11-25;13;1532
50;2025-11-25;14;1486
50;2025-11-25;15;1714
50;2025-11-25;16;1768
50;2025-11-25;17;2472
50;2025-11-25;18;2594
50;2025-11-25;19;1537
50;2025-11-25;20;967
50;2025-11-25;21;666
50;2025-11-25;22;285
50;2025-11-25;23;147
50;2025-11-26;0;30
50;2025-11-26;1;3
50;2025-11-26;2;1
50;2025-11-26;3;0
50;2025-11-26;4;3
50;2025-11-26;5;71
50;2025-11-26;6;546
50;2025-11-26;7;1758
50;2025-11-26;8;2745
50;2025-11-26;9;2150
50;2025-11-26;10;1658
50;2025-11-26;11;1532
50;2025-11-26;12;1428
50;2025-11-26;13;1458
50;2025-11-26;14;1415
50;2025-11-26;15;1631
50;2025-11-26;16;1682
50;2025-11-26;17;2353
50;2025-11-26;18;2469
50;2025-11-26;19;1463
50;2025-11-26;20;920
50;2025-11-26;21;634
50;2025-11-26;22;272
50;2025-11-26;23;140
50;2025-11-27;0;30
50;2025-11-27;1;3
50;2025-11-27;2;1
50;2025-11-27;3;0
50;2025-11-27;4;3
50;2025-11-27;5;72
50;2025-11-27;6;552
50;2025-11-27;7;1775
50;2025-11-27;8;2772
50;2025-11-27;9;2171
50;2025-11-27;10;1675
50;2025-11-27;11;1547
50;2025-11-27;12;1442
50;2025-11-27;13;1473
50;2025-11-27;14;1429
50;2025-11-27;15;1647
50;2025-11-27;16;1699
50;2025-11-27;17;2376
50;2025-11-27;18;2493
50;2025-11-27;19;1477
50;2025-11-27;20;930
50;2025-11-27;21;640
50;2025-11-27;22;274
50;2025-11-27;23;141
50;2025-11-28;0;40
50;2025-11-28;1;2
50;2025-11-28;2;0
50;2025-11-28;3;0
50;2025-11-28;4;3
50;2025-11-28;5;71
50;2025-11-28;6;560
50;2025-11-28;7;1795
50;2025-11-28;8;2802
50;2025-11-28;9;2150
50;2025-11-28;10;1613
50;2025-11-28;11;1630
50;2025-11-28;12;1563
50;2025-11-28;13;1585
50;2025-11-28;14;1513
50;2025-11-28;15;1842
50;2025-11-28;16;2235
50;2025-11-28;17;2238
50;2025-11-28;18;1805
50;2025-11-28;19;1274
50;2025-11-28;20;862
50;2025-11-28;21;596
50;2025-11-28;22;315
50;2025-11-28;23;179
50;2025-11-29;0;67
50;2025-11-29;1;5
50;2025-11-29;2;0
50;2025-11-29;3;0
50;2025-11-29;4;1
50;2025-11-29;5;33
50;2025-11-29;6;181
50;2025-11-29;7;431
50;2025-11-29;8;663
50;2025-11-29;9;688
50;2025-11-29;10;685
50;2025-11-29;11;834
50;2025-11-29;12;876
50;2025-11-29;13;891
50;2025-11-29;14;925
50;2025-11-29;15;880
50;2025-11-29;16;899
50;2025-11-29;17;845
50;2025-11-29;18;766
50;2025-11-29;19;720
50;2025-11-29;20;535
50;2025-11-29;21;474
50;2025-11-29;22;253
50;2025-11-29;23;156
50;2025-11-30;0;55
50;2025-11-30;1;5
50;2025-11-30;2;0
50;2025-11-30;3;0
50;2025-11-30;4;1
50;2025-11-30;5;30
50;2025-11-30;6;147
50;2025-11-30;7;277
50;2025-11-30;8;402
50;2025-11-30;9;504
50;2025-11-30;10;569
50;2025-11-30;11;674
50;2025-11-30;12;742
50;2025-11-30;13;847
50;2025-11-30;14;859
50;2025-11-30;15;736
50;2025-11-30;16;751
50;2025-11-30;17;773
50;2025-11-30;18;701
50;2025-11-30;19;626
50;2025-11-30;20;535
50;2025-11-30;21;431
50;2025-11-30;22;225
50;2025-11-30;23;124
50;2025-12-01;0;31
50;2025-12-01;1;3
50;2025-12-01;2;1
50;2025-12-01;3;0
50;2025-12-01;4;3
50;2025-12-01;5;72
50;2025-12-01;6;557
50;2025-12-01;7;1793
50;2025-12-01;8;2800
50;2025-12-01;9;2193
50;2025-12-01;10;1692
50;2025-12-01;11;1563
50;2025-12-01;12;1457
50;2025-12-01;13;1487
50;2025-12-01;14;1443
50;2025-12-01;15;1664
50;2025-12-01;16;1716
50;2025-12-01;17;2400
50;2025-12-01;18;2518
50;2025-12-01;19;1492
50;2025-12-01;20;939
50;2025-12-01;21;647
50;2025-12-01;22;277
50;2025-12-01;23;143
50;2025-12-02;0;31
50;2025-12-02;1;3
50;2025-12-02;2;1
50;2025-12-02;3;0
50;2025-12-02;4;3
50;2025-12-02;5;72
50;2025-12-02;6;557
50;2025-12-02;7;1793
50;2025-12-02;8;2800
50;2025-12-02;9;2193
50;2025-12-02;10;1692
50;2025-12-02;11;1563
50;2025-12-02;12;1457
50;2025-12-02;13;1487
50;2025-12-02;14;1443
50;2025-12-02;15;1664
50;2025-12-02;16;1716
50;2025-12-02;17;2400
50;2025-12-02;18;2518
50;2025-12-02;19;1492
50;2025-12-02;20;939
50;2025-12-02;21;647
50;2025-12-02;22;277
50;2025-12-02;23;143
50;2025-12-03;0;31
50;2025-12-03;1;3
50;2025-12-03;2;1
50;2025-12-03;3;0
50;2025-12-03;4;3
50;2025-12-03;5;72
50;2025-12-03;6;557
50;2025-12-03;7;1793
50;2025-12-03;8;2800
50;2025-12-03;9;2193
50;2025-12-03;10;1692
50;2025-12-03;11;1563
50;2025-12-03;12;1457
50;2025-12-03;13;1487
50;2025-12-03;14;1443
50;2025-12-03;15;1664
50;2025-12-03;16;1716
50;2025-12-03;17;2400
50;2025-12-03;18;2518
50;2025-12-03;19;1492
50;2025-12-03;20;939
50;2025-12-03;21;647
50;2025-12-03;22;277
50;2025-12-03;23;143
50;2025-12-04;0;31
50;2025-12-04;1;3
50;2025-12-04;2;1
50;2025-12-04;3;0
50;2025-12-04;4;3
50;2025-12-04;5;72
50;2025-12-04;6;557
50;2025-12-04;7;1793
50;2025-12-04;8;2800
50;2025-12-04;9;2193
50;2025-12-04;10;1692
50;2025-12-04;11;1563
50;2025-12-04;12;1457
50;2025-12-04;13;1487
50;2025-12-04;14;1443
50;2025-12-04;15;1664
50;2025-12-04;16;1716
50;2025-12-04;17;2400
50;2025-12-04;18;2518
50;2025-12-04;19;1492
50;2025-12-04;20;939
50;2025-12-04;21;647
50;2025-12-04;22;277
50;2025-12-04;23;143
50;2025-12-05;0;39
50;2025-12-05;1;2
50;2025-12-05;2;0
50;2025-12-05;3;0
50;2025-12-05;4;3
50;2025-12-05;5;69
50;2025-12-05;6;544
50;2025-12-05;7;1743
50;2025-12-05;8;2720
50;2025-12-05;9;2087
50;2025-12-05;10;1566
50;2025-12-05;11;1583
50;2025-12-05;12;1518
50;2025-12-05;13;1538
50;2025-12-05;14;1469
50;2025-12-05;15;1788
50;2025-12-05;16;2170
50;2025-12-05;17;2173
50;2025-12-05;18;1752
50;2025-12-05;19;1237
50;2025-12-05;20;837
50;2025-12-05;21;579
50;2025-12-05;22;306
50;2025-12-05;23;174
50;2025-12-06;0;65
50;2025-12-06;1;5
50;2025-12-06;2;0
50;2025-12-06;3;0
50;2025-12-06;4;1
50;2025-12-06;5;32
50;2025-12-06;6;176
50;2025-12-06;7;419
50;2025-12-06;8;644
50;2025-12-06;9;668
50;2025-12-06;10;665
50;2025-12-06;11;810
50;2025-12-06;12;851
50;2025-12-06;13;865
50;2025-12-06;14;898
50;2025-12-06;15;854
50;2025-12-06;16;872
50;2025-12-06;17;820
50;2025-12-06;18;743
50;2025-12-06;19;699
50;2025-12-06;20;520
50;2025-12-06;21;460
50;2025-12-06;22;246
50;2025-12-06;23;152
50;2025-12-07;0;54
50;2025-12-07;1;5
50;2025-12-07;2;0
50;2025-12-07;3;0
50;2025-12-07;4;1
50;2025-12-07;5;29
50;2025-12-07;6;143
50;2025-12-07;7;269
50;2025-12-07;8;391
50;2025-12-07;9;489
50;2025-12-07;10;552
50;2025-12-07;11;654
50;2025-12-07;12;720
50;2025-12-07;13;822
50;2025-12-07;14;834
50;2025-12-07;15;715
50;2025-12-07;16;729
50;2025-12-07;17;750
50;2025-12-07;18;681
50;2025-12-07;19;608
50;2025-12-07;20;519
50;2025-12-07;21;418
50;2025-12-07;22;218
50;2025-12-07;23;121
50;2025-12-08;0;31
50;2025-12-08;1;3
50;2025-12-08;2;1
50;2025-12-08;3;0
50;2025-12-08;4;3
50;2025-12-08;5;72
50;2025-12-08;6;557
50;2025-12-08;7;1793
50;2025-12-08;8;2800
50;2025-12-08;9;2193
50;2025-12-08;10;1692
50;2025-12-08;11;1563
50;2025-12-08;12;1457
50;2025-12-08;13;1487
50;2025-12-08;14;1443
50;2025-12-08;15;1664
50;2025-12-08;16;1716
50;2025-12-08;17;2400
50;2025-12-08;18;2518
50;2025-12-08;19;1492
50;2025-12-08;20;939
50;2025-12-08;21;647
50;2025-12-08;22;277
50;2025-12-08;23;143
50;2025-12-09;0;31
50;2025-12-09;1;3
50;2025-12-09;2;1
50;2025-12-09;3;0
50;2025-12-09;4;3
50;2025-12-09;5;72
50;2025-12-09;6;557
50;2025-12-09;7;1793
50;2025-12-09;8;2800
50;2025-12-09;9;2193
50;2025-12-09;10;1692
50;2025-12-09;11;1563
50;2025-12-09;12;1457
50;2025-12-09;13;1487
50;2025-12-09;14;1443
50;2025-12-09;15;1664
50;2025-12-09;16;1716
50;2025-12-09;17;2400
50;2025-12-09;18;2518
50;2025-12-09;19;1492
50;2025-12-09;20;939
50;2025-12-09;21;647
50;2025-12-09;22;277
50;2025-12-09;23;143
50;2025-12-10;0;30
50;2025-12-10;1;3
50;2025-12-10;2;1
50;2025-12-10;3;0
50;2025-12-10;4;3
50;2025-12-10;5;72
50;2025-12-10;6;553
50;2025-12-10;7;1777
50;2025-12-10;8;2776
50;2025-12-10;9;2174
50;2025-12-10;10;1677
50;2025-12-10;11;1549
50;2025-12-10;12;1444
50;2025-12-10;13;1474
50;2025-12-10;14;1430
50;2025-12-10;15;1649
50;2025-12-10;16;1701
50;2025-12-10;17;2379
50;2025-12-10;18;2496
50;2025-12-10;19;1479
50;2025-12-10;20;931
50;2025-12-10;21;641
50;2025-12-10;22;275
50;2025-12-10;23;142
50;2025-12-11;0;29
50;2025-12-11;1;3
50;2025-12-11;2;1
50;2025-12-11;3;0
50;2025-12-11;4;3
50;2025-12-11;5;69
50;2025-12-11;6;533
50;2025-12-11;7;1714
50;2025-12-11;8;2677
50;2025-12-11;9;2096
50;2025-12-11;10;1617
50;2025-12-11;11;1494
50;2025-12-11;12;1392
50;2025-12-11;13;1422
50;2025-12-11;14;1380
50;2025-12-11;15;1590
50;2025-12-11;16;1641
50;2025-12-11;17;2294
50;2025-12-11;18;2407
50;2025-12-11;19;1426
50;2025-12-11;20;897
50;2025-12-11;21;618
50;2025-12-11;22;265
50;2025-12-11;23;137
50;2025-12-12;0;37
50;2025-12-12;1;2
50;2025-12-12;2;0
50;2025-12-12;3;0
50;2025-12-12;4;3
50;2025-12-12;5;67
50;2025-12-12;6;524
50;2025-12-12;7;1679
50;2025-12-12;8;2620
50;2025-12-12;9;2011
50;2025-12-12;10;1509
50;2025-12-12;11;1524
50;2025-12-12;12;1462
50;2025-12-12;13;1482
50;2025-12-12;14;1415
50;2025-12-12;15;1722
50;2025-12-12;16;2090
50;2025-12-12;17;2093
50;2025-12-12;18;1688
50;2025-12-12;19;1192
50;2025-12-12;20;807
50;2025-12-12;21;557
50;2025-12-12;22;295
50;2025-12-12;23;168
50;2025-12-13;0;64
50;2025-12-13;1;5
50;2025-12-13;2;0
50;2025-12-13;3;0
50;2025-12-13;4;1
50;2025-12-13;5;32
50;2025-12-13;6;175
50;2025-12-13;7;417
50;2025-12-13;8;641
50;2025-12-13;9;665
50;2025-12-13;10;662
50;2025-12-13;11;806
50;2025-12-13;12;847
50;2025-12-13;13;861
50;2025-12-13;14;894
50;2025-12-13;15;851
50;2025-12-13;16;869
50;2025-12-13;17;817
50;2025-12-13;18;740
50;2025-12-13;19;696
50;2025-12-13;20;517
50;2025-12-13;21;458
50;2025-12-13;22;245
50;2025-12-13;23;151
50;2025-12-14;0;54
50;2025-12-14;1;5
50;2025-12-14;2;0
50;2025-12-14;3;0
50;2025-12-14;4;1
50;2025-12-14;5;29
50;2025-12-14;6;142
50;2025-12-14;7;269
50;2025-12-14;8;390
50;2025-12-14;9;489
50;2025-12-14;10;552
50;2025-12-14;11;653
50;2025-12-14;12;719
50;2025-12-14;13;821
50;2025-12-14;14;833
50;2025-12-14;15;714
50;2025-12-14;16;728
50;2025-12-14;17;749
50;2025-12-14;18;680
50;2025-12-14;19;607
50;2025-12-14;20;519
50;2025-12-14;21;418
50;2025-12-14;22;218
50;2025-12-14;23;121
50;2025-12-15;0;31
50;2025-12-15;1;3
50;2025-12-15;2;1
50;2025-12-15;3;0
50;2025-12-15;4;3
50;2025-12-15;5;72
50;2025-12-15;6;557
50;2025-12-15;7;1791
50;2025-12-15;8;2797
50;2025-12-15;9;2191
50;2025-12-15;10;1690
50;2025-12-15;11;1561
50;2025-12-15;12;1455
50;2025-12-15;13;1486
50;2025-12-15;14;1442
50;2025-12-15;15;1662
50;2025-12-15;16;1714
50;2025-12-15;17;2398
50;2025-12-15;18;2516
50;2025-12-15;19;1491
50;2025-12-15;20;938
50;2025-12-15;21;646
50;2025-12-15;22;277
50;2025-12-15;23;143
50;2025-12-16;0;30
50;2025-12-16;1;3
50;2025-12-16;2;1
50;2025-12-16;3;0
50;2025-12-16;4;3
50;2025-12-16;5;71
50;2025-12-16;6;549
50;2025-12-16;7;1766
50;2025-12-16;8;2757
50;2025-12-16;9;2159
50;2025-12-16;10;1666
50;2025-12-16;11;1539
50;2025-12-16;12;1434
50;2025-12-16;13;1465
50;2025-12-16;14;1421
50;2025-12-16;15;1638
50;2025-12-16;16;1690
50;2025-12-16;17;2364
50;2025-12-16;18;2480
50;2025-12-16;19;1469
50;2025-12-16;20;925
50;2025-12-16;21;637
50;2025-12-16;22;273
50;2025-12-16;23;141
50;2025-12-17;0;31
50;2025-12-17;1;3
50;2025-12-17;2;1
50;2025-12-17;3;0
50;2025-12-17;4;3
50;2025-12-17;5;72
50;2025-12-17;6;557
50;2025-12-17;7;1793
50;2025-12-17;8;2800
50;2025-12-17;9;2193
50;2025-12-17;10;1692
50;2025-12-17;11;1563
50;2025-12-17;12;1457
50;2025-12-17;13;1487
50;2025-12-17;14;1443
50;2025-12-17;15;1664
50;2025-12-17;16;1716
50;2025-12-17;17;2400
50;2025-12-17;18;2518
50;2025-12-17;19;1492
50;2025-12-17;20;939
50;2025-12-17;21;647
50;2025-12-17;22;277
50;2025-12-17;23;143
50;2025-12-18;0;31
50;2025-12-18;1;3
50;2025-12-18;2;1
50;2025-12-18;3;0
50;2025-12-18;4;3
50;2025-12-18;5;72
50;2025-12-18;6;557
50;2025-12-18;7;1793
50;2025-12-18;8;2800
50;2025-12-18;9;2193
50;2025-12-18;10;1692
50;2025-12-18;11;1563
50;2025-12-18;12;1457
50;2025-12-18;13;1487
50;2025-12-18;14;1443
50;2025-12-18;15;1664
50;2025-12-18;16;1716
50;2025-12-18;17;2400
50;2025-12-18;18;2518
50;2025-12-18;19;1492
50;2025-12-18;20;939
50;2025-12-18;21;647
50;2025-12-18;22;277
50;2025-12-18;23;143
50;2025-12-19;0;39
50;2025-12-19;1;2
50;2025-12-19;2;0
50;2025-12-19;3;0
50;2025-12-19;4;3
50;2025-12-19;5;69
50;2025-12-19;6;542
50;2025-12-19;7;1739
50;2025-12-19;8;2714
50;2025-12-19;9;2083
50;2025-12-19;10;1563
50;2025-12-19;11;1579
50;2025-12-19;12;1514
50;2025-12-19;13;1535
50;2025-12-19;14;1466
50;2025-12-19;15;1784
50;2025-12-19;16;2165
50;2025-12-19;17;2168
50;2025-12-19;18;1748
50;2025-12-19;19;1234
50;2025-12-19;20;836
50;2025-12-19;21;577
50;2025-12-19;22;305
50;2025-12-19;23;174
50;2025-12-20;0;65
50;2025-12-20;1;5
50;2025-12-20;2;0
50;2025-12-20;3;0
50;2025-12-20;4;1
50;2025-12-20;5;32
50;2025-12-20;6;176
50;2025-12-20;7;419
50;2025-12-20;8;644
50;2025-12-20;9;668
50;2025-12-20;10;665
50;2025-12-20;11;810
50;2025-12-20;12;851
50;2025-12-20;13;865
50;2025-12-20;14;898
50;2025-12-20;15;854
50;2025-12-20;16;872
50;2025-12-20;17;820
50;2025-12-20;18;743
50;2025-12-20;19;699
50;2025-12-20;20;520
50;2025-12-20;21;460
50;2025-12-20;22;246
50;2025-12-20;23;152
50;2025-12-21;0;53
50;2025-12-21;1;5
50;2025-12-21;2;0
50;2025-12-21;3;0
50;2025-12-21;4;1
50;2025-12-21;5;29
50;2025-12-21;6;142
50;2025-12-21;7;268
50;2025-12-21;8;389
50;2025-12-21;9;487
50;2025-12-21;10;550
50;2025-12-21;11;651
50;2025-12-21;12;717
50;2025-12-21;13;819
50;2025-12-21;14;830
50;2025-12-21;15;712
50;2025-12-21;16;726
50;2025-12-21;17;747
50;2025-12-21;18;678
50;2025-12-21;19;605
50;2025-12-21;20;517
50;2025-12-21;21;417
50;2025-12-21;22;217
50;2025-12-21;23;120
50;2025-12-22;0;30
50;2025-12-22;1;3
50;2025-12-22;2;1
50;2025-12-22;3;0
50;2025-12-22;4;3
50;2025-12-22;5;72
50;2025-12-22;6;553
50;2025-12-22;7;1777
50;2025-12-22;8;2776
50;2025-12-22;9;2174
50;2025-12-22;10;1677
50;2025-12-22;11;1549
50;2025-12-22;12;1444
50;2025-12-22;13;1474
50;2025-12-22;14;1430
50;2025-12-22;15;1649
50;2025-12-22;16;1701
50;2025-12-22;17;2379
50;2025-12-22;18;2496
50;2025-12-22;19;1479
50;2025-12-22;20;931
50;2025-12-22;21;641
50;2025-12-22;22;275
50;2025-12-22;23;142
50;2025-12-23;0;30
50;2025-12-23;1;3
50;2025-12-23;2;1
50;2025-12-23;3;0
50;2025-12-23;4;3
50;2025-12-23;5;70
50;2025-12-23;6;539
50;2025-12-23;7;1733
50;2025-12-23;8;2707
50;2025-12-23;9;2120
50;2025-12-23;10;1635
50;2025-12-23;11;1511
50;2025-12-23;12;1408
50;2025-12-23;13;1438
50;2025-12-23;14;1395
50;2025-12-23;15;1608
50;2025-12-23;16;1659
50;2025-12-23;17;2320
50;2025-12-23;18;2434
50;2025-12-23;19;1442
50;2025-12-23;20;908
50;2025-12-23;21;625
50;2025-12-23;22;268
50;2025-12-23;23;138
50;2025-12-24;0;30
50;2025-12-24;1;3
50;2025-12-24;2;1
50;2025-12-24;3;0
50;2025-12-24;4;3
50;2025-12-24;5;70
50;2025-12-24;6;536
50;2025-12-24;7;1724
50;2025-12-24;8;2692
50;2025-12-24;9;2108
50;2025-12-24;10;1626
50;2025-12-24;11;1502
50;2025-12-24;12;1400
50;2025-12-24;13;1430
50;2025-12-24;14;1387
50;2025-12-24;15;1599
50;2025-12-24;16;1650
50;2025-12-24;17;2307
50;2025-12-24;18;2421
50;2025-12-24;19;1434
50;2025-12-24;20;903
50;2025-12-24;21;621
50;2025-12-24;22;266
50;2025-12-24;23;137
50;2025-12-25;0;30
50;2025-12-25;1;3
50;2025-12-25;2;1
50;2025-12-25;3;0
50;2025-12-25;4;3
50;2025-12-25;5;71
50;2025-12-25;6;548
50;2025-12-25;7;1762
50;2025-12-25;8;2751
50;2025-12-25;9;2155
50;2025-12-25;10;1662
50;2025-12-25;11;1536
50;2025-12-25;12;1431
50;2025-12-25;13;1461
50;2025-12-25;14;1418
50;2025-12-25;15;1635
50;2025-12-25;16;1686
50;2025-12-25;17;2358
50;2025-12-25;18;2474
50;2025-12-25;19;1466
50;2025-12-25;20;923
50;2025-12-25;21;635
50;2025-12-25;22;272
50;2025-12-25;23;140
50;2025-12-26;0;36
50;2025-12-26;1;1
50;2025-12-26;2;0
50;2025-12-26;3;0
50;2025-12-26;4;3
50;2025-12-26;5;65
50;2025-12-26;6;514
50;2025-12-26;7;1648
50;2025-12-26;8;2572
50;2025-12-26;9;1973
50;2025-12-26;10;1481
50;2025-12-26;11;1496
50;2025-12-26;12;1435
50;2025-12-26;13;1455
50;2025-12-26;14;1389
50;2025-12-26;15;1690
50;2025-12-26;16;2052
50;2025-12-26;17;2054
50;2025-12-26;18;1657
50;2025-12-26;19;1169
50;2025-12-26;20;792
50;2025-12-26;21;547
50;2025-12-26;22;289
50;2025-12-26;23;165
50;2025-12-27;0;64
50;2025-12-27;1;5
50;2025-12-27;2;0
50;2025-12-27;3;0
50;2025-12-27;4;1
50;2025-12-27;5;32
50;2025-12-27;6;176
50;2025-12-27;7;418
50;2025-12-27;8;643
50;2025-12-27;9;667
50;2025-12-27;10;663
50;2025-12-27;11;808
50;2025-12-27;12;849
50;2025-12-27;13;863
50;2025-12-27;14;896
50;2025-12-27;15;852
50;2025-12-27;16;871
50;2025-12-27;17;818
50;2025-12-27;18;742
50;2025-12-27;19;698
50;2025-12-27;20;518
50;2025-12-27;21;459
50;2025-12-27;22;245
50;2025-12-27;23;152
50;2025-12-28;0;53
50;2025-12-28;1;5
50;2025-12-28;2;0
50;2025-12-28;3;0
50;2025-12-28;4;1
50;2025-12-28;5;28
50;2025-12-28;6;140
50;2025-12-28;7;264
50;2025-12-28;8;382
50;2025-12-28;9;479
50;2025-12-28;10;541
50;2025-12-28;11;640
50;2025-12-28;12;705
50;2025-12-28;13;805
50;2025-12-28;14;816
50;2025-12-28;15;700
50;2025-12-28;16;714
50;2025-12-28;17;735
50;2025-12-28;18;667
50;2025-12-28;19;595
50;2025-12-28;20;508
50;2025-12-28;21;410
50;2025-12-28;22;213
50;2025-12-28;23;118
50;2025-12-29;0;27
50;2025-12-29;1;3
50;2025-12-29;2;0
50;2025-12-29;3;0
50;2025-12-29;4;2
50;2025-12-29;5;63
50;2025-12-29;6;482
50;2025-12-29;7;1551
50;2025-12-29;8;2422
50;2025-12-29;9;1897
50;2025-12-29;10;1462
50;2025-12-29;11;1351
50;2025-12-29;12;1259
50;2025-12-29;13;1286
50;2025-12-29;14;1248
50;2025-12-29;15;1439
50;2025-12-29;16;1484
50;2025-12-29;17;2076
50;2025-12-29;18;2177
50;2025-12-29;19;1290
50;2025-12-29;20;812
50;2025-12-29;21;559
50;2025-12-29;22;240
50;2025-12-29;23;123
50;2025-12-30;0;26
50;2025-12-30;1;3
50;2025-12-30;2;0
50;2025-12-30;3;0
50;2025-12-30;4;2
50;2025-12-30;5;61
50;2025-12-30;6;472
50;2025-12-30;7;1520
50;2025-12-30;8;2374
50;2025-12-30;9;1859
50;2025-12-30;10;1434
50;2025-12-30;11;1325
50;2025-12-30;12;1235
50;2025-12-30;13;1261
50;2025-12-30;14;1223
50;2025-12-30;15;1411
50;2025-12-30;16;1455
50;2025-12-30;17;2035
50;2025-12-30;18;2135
50;2025-12-30;19;1265
50;2025-12-30;20;796
50;2025-12-30;21;548
50;2025-12-30;22;235
50;2025-12-30;23;121
50;2025-12-31;0;64
50;2025-12-31;1;7
50;2025-12-31;2;0
50;2025-12-31;3;2
50;2025-12-31;4;0
50;2025-12-31;5;10
50;2025-12-31;6;13
50;2025-12-31;7;21
50;2025-12-31;8;42
50;2025-12-31;9;81
50;2025-12-31;10;30
50;2025-12-31;11;31
50;2025-12-31;12;73
50;2025-12-31;13;43
50;2025-12-31;14;40
50;2025-12-31;15;60
50;2025-12-31;16;35
50;2025-12-31;17;37
50;2025-12-31;18;12
50;2025-12-31;19;9
50;2025-12-31;20;0
50;2025-12-31;21;0
50;2025-12-31;22;0
50;2025-12-31;23;0
