route;date;hour;prediction
1;2025-11-01;0;2
1;2025-11-01;1;0
1;2025-11-01;2;0
1;2025-11-01;3;0
1;2025-11-01;4;5
1;2025-11-01;5;108
1;2025-11-01;6;381
1;2025-11-01;7;1200
1;2025-11-01;8;1457
1;2025-11-01;9;1133
1;2025-11-01;10;1009
1;2025-11-01;11;1076
1;2025-11-01;12;1073
1;2025-11-01;13;1111
1;2025-11-01;14;1044
1;2025-11-01;15;1178
1;2025-11-01;16;1269
1;2025-11-01;17;1450
1;2025-11-01;18;1172
1;2025-11-01;19;980
1;2025-11-01;20;628
1;2025-11-01;21;382
1;2025-11-01;22;140
1;2025-11-01;23;32
1;2025-11-02;0;0
1;2025-11-02;1;0
1;2025-11-02;2;0
1;2025-11-02;3;0
1;2025-11-02;4;0
1;2025-11-02;5;20
1;2025-11-02;6;110
1;2025-11-02;7;254
1;2025-11-02;8;342
1;2025-11-02;9;593
1;2025-11-02;10;660
1;2025-11-02;11;698
1;2025-11-02;12;803
1;2025-11-02;13;834
1;2025-11-02;14;777
1;2025-11-02;15;693
1;2025-11-02;16;638
1;2025-11-02;17;560
1;2025-11-02;18;484
1;2025-11-02;19;421
1;2025-11-02;20;322
1;2025-11-02;21;264
1;2025-11-02;22;96
1;2025-11-02;23;25
1;2025-11-03;0;0
1;2025-11-03;1;0
1;2025-11-03;2;0
1;2025-11-03;3;0
1;2025-11-03;4;0
1;2025-11-03;5;20
1;2025-11-03;6;110
1;2025-11-03;7;254
1;2025-11-03;8;342
1;2025-11-03;9;593
1;2025-11-03;10;660
1;2025-11-03;11;698
1;2025-11-03;12;803
1;2025-11-03;13;834
1;2025-11-03;14;777
1;2025-11-03;15;693
1;2025-11-03;16;638
1;2025-11-03;17;560
1;2025-11-03;18;484
1;2025-11-03;19;421
1;2025-11-03;20;322
1;2025-11-03;21;264
1;2025-11-03;22;96
1;2025-11-03;23;25
1;2025-11-04;0;0
1;2025-11-04;1;0
1;2025-11-04;2;0
1;2025-11-04;3;0
1;2025-11-04;4;0
1;2025-11-04;5;20
1;2025-11-04;6;110
1;2025-11-04;7;254
1;2025-11-04;8;342
1;2025-11-04;9;593
1;2025-11-04;10;660
1;2025-11-04;11;698
1;2025-11-04;12;803
1;2025-11-04;13;834
1;2025-11-04;14;777
1;2025-11-04;15;693
1;2025-11-04;16;638
1;2025-11-04;17;560
1;2025-11-04;18;484
1;2025-11-04;19;421
1;2025-11-04;20;322
1;2025-11-04;21;264
1;2025-11-04;22;96
1;2025-11-04;23;25
1;2025-11-05;0;4
1;2025-11-05;1;0
1;2025-11-05;2;0
1;2025-11-05;3;0
1;2025-11-05;4;10
1;2025-11-05;5;119
1;2025-11-05;6;495
1;2025-11-05;7;1472
1;2025-11-05;8;1955
1;2025-11-05;9;1465
1;2025-11-05;10;1329
1;2025-11-05;11;1317
1;2025-11-05;12;1380
1;2025-11-05;13;1438
1;2025-11-05;14;1379
1;2025-11-05;15;1503
1;2025-11-05;16;1522
1;2025-11-05;17;1788
1;2025-11-05;18;1855
1;2025-11-05;19;1360
1;2025-11-05;20;883
1;2025-11-05;21;465
1;2025-11-05;22;181
1;2025-11-05;23;39
1;2025-11-06;0;4
1;2025-11-06;1;0
1;2025-11-06;2;0
1;2025-11-06;3;0
1;2025-11-06;4;10
1;2025-11-06;5;119
1;2025-11-06;6;495
1;2025-11-06;7;1472
1;2025-11-06;8;1955
1;2025-11-06;9;1465
1;2025-11-06;10;1329
1;2025-11-06;11;1317
1;2025-11-06;12;1380
1;2025-11-06;13;1438
1;2025-11-06;14;1379
1;2025-11-06;15;1503
1;2025-11-06;16;1522
1;2025-11-06;17;1788
1;2025-11-06;18;1855
1;2025-11-06;19;1360
1;2025-11-06;20;883
1;2025-11-06;21;465
1;2025-11-06;22;181
1;2025-11-06;23;39
1;2025-11-07;0;3
1;2025-11-07;1;0
1;2025-11-07;2;0
1;2025-11-07;3;0
1;2025-11-07;4;7
1;2025-11-07;5;135
1;2025-11-07;6;476
1;2025-11-07;7;1499
1;2025-11-07;8;1821
1;2025-11-07;9;1417
1;2025-11-07;10;1261
1;2025-11-07;11;1345
1;2025-11-07;12;1341
1;2025-11-07;13;1389
1;2025-11-07;14;1305
1;2025-11-07;15;1472
1;2025-11-07;16;1586
1;2025-11-07;17;1813
1;2025-11-07;18;1465
1;2025-11-07;19;1225
1;2025-11-07;20;785
1;2025-11-07;21;478
1;2025-11-07;22;175
1;2025-11-07;23;40
1;2025-11-08;0;4
1;2025-11-08;1;0
1;2025-11-08;2;0
1;2025-11-08;3;0
1;2025-11-08;4;1
1;2025-11-08;5;33
1;2025-11-08;6;163
1;2025-11-08;7;378
1;2025-11-08;8;523
1;2025-11-08;9;807
1;2025-11-08;10;989
1;2025-11-08;11;970
1;2025-11-08;12;1170
1;2025-11-08;13;1223
1;2025-11-08;14;1135
1;2025-11-08;15;985
1;2025-11-08;16;838
1;2025-11-08;17;786
1;2025-11-08;18;689
1;2025-11-08;19;594
1;2025-11-08;20;456
1;2025-11-08;21;320
1;2025-11-08;22;127
1;2025-11-08;23;26
1;2025-11-09;0;0
1;2025-11-09;1;0
1;2025-11-09;2;0
1;2025-11-09;3;0
1;2025-11-09;4;0
1;2025-11-09;5;20
1;2025-11-09;6;110
1;2025-11-09;7;254
1;2025-11-09;8;342
1;2025-11-09;9;593
1;2025-11-09;10;660
1;2025-11-09;11;698
1;2025-11-09;12;803
1;2025-11-09;13;834
1;2025-11-09;14;777
1;2025-11-09;15;693
1;2025-11-09;16;638
1;2025-11-09;17;560
1;2025-11-09;18;484
1;2025-11-09;19;421
1;2025-11-09;20;322
1;2025-11-09;21;264
1;2025-11-09;22;96
1;2025-11-09;23;25
1;2025-11-10;0;4
1;2025-11-10;1;0
1;2025-11-10;2;0
1;2025-11-10;3;0
1;2025-11-10;4;10
1;2025-11-10;5;119
1;2025-11-10;6;495
1;2025-11-10;7;1472
1;2025-11-10;8;1955
1;2025-11-10;9;1465
1;2025-11-10;10;1329
1;2025-11-10;11;1317
1;2025-11-10;12;1380
1;2025-11-10;13;1438
1;2025-11-10;14;1379
1;2025-11-10;15;1503
1;2025-11-10;16;1522
1;2025-11-10;17;1788
1;2025-11-10;18;1855
1;2025-11-10;19;1360
1;2025-11-10;20;883
1;2025-11-10;21;465
1;2025-11-10;22;181
1;2025-11-10;23;39
1;2025-11-11;0;4
1;2025-11-11;1;0
1;2025-11-11;2;0
1;2025-11-11;3;0
1;2025-11-11;4;10
1;2025-11-11;5;119
1;2025-11-11;6;495
1;2025-11-11;7;1472
1;2025-11-11;8;1955
1;2025-11-11;9;1465
1;2025-11-11;10;1329
1;2025-11-11;11;1317
1;2025-11-11;12;1380
1;2025-11-11;13;1438
1;2025-11-11;14;1379
1;2025-11-11;15;1503
1;2025-11-11;16;1522
1;2025-11-11;17;1788
1;2025-11-11;18;1855
1;2025-11-11;19;1360
1;2025-11-11;20;883
1;2025-11-11;21;465
1;2025-11-11;22;181
1;2025-11-11;23;39
1;2025-11-12;0;4
1;2025-11-12;1;0
1;2025-11-12;2;0
1;2025-11-12;3;0
1;2025-11-12;4;10
1;2025-11-12;5;119
1;2025-11-12;6;495
1;2025-11-12;7;1472
1;2025-11-12;8;1955
1;2025-11-12;9;1465
1;2025-11-12;10;1329
1;2025-11-12;11;1317
1;2025-11-12;12;1380
1;2025-11-12;13;1438
1;2025-11-12;14;1379
1;2025-11-12;15;1503
1;2025-11-12;16;1522
1;2025-11-12;17;1788
1;2025-11-12;18;1855
1;2025-11-12;19;1360
1;2025-11-12;20;883
1;2025-11-12;21;465
1;2025-11-12;22;181
1;2025-11-12;23;39
1;2025-11-13;0;4
1;2025-11-13;1;0
1;2025-11-13;2;0
1;2025-11-13;3;0
1;2025-11-13;4;10
1;2025-11-13;5;119
1;2025-11-13;6;495
1;2025-11-13;7;1472
1;2025-11-13;8;1955
1;2025-11-13;9;1465
1;2025-11-13;10;1329
1;2025-11-13;11;1317
1;2025-11-13;12;1380
1;2025-11-13;13;1438
1;2025-11-13;14;1379
1;2025-11-13;15;1503
1;2025-11-13;16;1522
1;2025-11-13;17;1788
1;2025-11-13;18;1855
1;2025-11-13;19;1360
1;2025-11-13;20;883
1;2025-11-13;21;465
1;2025-11-13;22;181
1;2025-11-13;23;39
1;2025-11-14;0;3
1;2025-11-14;1;0
1;2025-11-14;2;0
1;2025-11-14;3;0
1;2025-11-14;4;7
1;2025-11-14;5;135
1;2025-11-14;6;476
1;2025-11-14;7;1499
1;2025-11-14;8;1821
1;2025-11-14;9;1417
1;2025-11-14;10;1261
1;2025-11-14;11;1345
1;2025-11-14;12;1341
1;2025-11-14;13;1389
1;2025-11-14;14;1305
1;2025-11-14;15;1472
1;2025-11-14;16;1586
1;2025-11-14;17;1813
1;2025-11-14;18;1465
1;2025-11-14;19;1225
1;2025-11-14;20;785
1;2025-11-14;21;478
1;2025-11-14;22;175
1;2025-11-14;23;40
1;2025-11-15;0;4
1;2025-11-15;1;0
1;2025-11-15;2;0
1;2025-11-15;3;0
1;2025-11-15;4;1
1;2025-11-15;5;33
1;2025-11-15;6;163
1;2025-11-15;7;378
1;2025-11-15;8;523
1;2025-11-15;9;807
1;2025-11-15;10;989
1;2025-11-15;11;970
1;2025-11-15;12;1170
1;2025-11-15;13;1223
1;2025-11-15;14;1135
1;2025-11-15;15;985
1;2025-11-15;16;838
1;2025-11-15;17;786
1;2025-11-15;18;689
1;2025-11-15;19;594
1;2025-11-15;20;456
1;2025-11-15;21;320
1;2025-11-15;22;127
1;2025-11-15;23;26
1;2025-11-16;0;0
1;2025-11-16;1;0
1;2025-11-16;2;0
1;2025-11-16;3;0
1;2025-11-16;4;0
1;2025-11-16;5;20
1;2025-11-16;6;110
1;2025-11-16;7;254
1;2025-11-16;8;342
1;2025-11-16;9;593
1;2025-11-16;10;660
1;2025-11-16;11;698
1;2025-11-16;12;803
1;2025-11-16;13;834
1;2025-11-16;14;777
1;2025-11-16;15;693
1;2025-11-16;16;638
1;2025-11-16;17;560
1;2025-11-16;18;484
1;2025-11-16;19;421
1;2025-11-16;20;322
1;2025-11-16;21;264
1;2025-11-16;22;96
1;2025-11-16;23;25
1;2025-11-17;0;4
1;2025-11-17;1;0
1;2025-11-17;2;0
1;2025-11-17;3;0
1;2025-11-17;4;10
1;2025-11-17;5;119
1;2025-11-17;6;495
1;2025-11-17;7;1472
1;2025-11-17;8;1955
1;2025-11-17;9;1465
1;2025-11-17;10;1329
1;2025-11-17;11;1317
1;2025-11-17;12;1380
1;2025-11-17;13;1438
1;2025-11-17;14;1379
1;2025-11-17;15;1503
1;2025-11-17;16;1522
1;2025-11-17;17;1788
1;2025-11-17;18;1855
1;2025-11-17;19;1360
1;2025-11-17;20;883
1;2025-11-17;21;465
1;2025-11-17;22;181
1;2025-11-17;23;39
1;2025-11-18;0;4
1;2025-11-18;1;0
1;2025-11-18;2;0
1;2025-11-18;3;0
1;2025-11-18;4;10
1;2025-11-18;5;119
1;2025-11-18;6;495
1;2025-11-18;7;1472
1;2025-11-18;8;1955
1;2025-11-18;9;1465
1;2025-11-18;10;1329
1;2025-11-18;11;1317
1;2025-11-18;12;1380
1;2025-11-18;13;1438
1;2025-11-18;14;1379
1;2025-11-18;15;1503
1;2025-11-18;16;1522
1;2025-11-18;17;1788
1;2025-11-18;18;1855
1;2025-11-18;19;1360
1;2025-11-18;20;883
1;2025-11-18;21;465
1;2025-11-18;22;181
1;2025-11-18;23;39
1;2025-11-19;0;4
1;2025-11-19;1;0
1;2025-11-19;2;0
1;2025-11-19;3;0
1;2025-11-19;4;10
1;2025-11-19;5;119
1;2025-11-19;6;495
1;2025-11-19;7;1472
1;2025-11-19;8;1955
1;2025-11-19;9;1465
1;2025-11-19;10;1329
1;2025-11-19;11;1317
1;2025-11-19;12;1380
1;2025-11-19;13;1438
1;2025-11-19;14;1379
1;2025-11-19;15;1503
1;2025-11-19;16;1522
1;2025-11-19;17;1788
1;2025-11-19;18;1855
1;2025-11-19;19;1360
1;2025-11-19;20;883
1;2025-11-19;21;465
1;2025-11-19;22;181
1;2025-11-19;23;39
1;2025-11-20;0;4
1;2025-11-20;1;0
1;2025-11-20;2;0
1;2025-11-20;3;0
1;2025-11-20;4;10
1;2025-11-20;5;119
1;2025-11-20;6;495
1;2025-11-20;7;1472
1;2025-11-20;8;1955
1;2025-11-20;9;1465
1;2025-11-20;10;1329
1;2025-11-20;11;1317
1;2025-11-20;12;1380
1;2025-11-20;13;1438
1;2025-11-20;14;1379
1;2025-11-20;15;1503
1;2025-11-20;16;1522
1;2025-11-20;17;1788
1;2025-11-20;18;1855
1;2025-11-20;19;1360
1;2025-11-20;20;883
1;2025-11-20;21;465
1;2025-11-20;22;181
1;2025-11-20;23;39
1;2025-11-21;0;3
1;2025-11-21;1;0
1;2025-11-21;2;0
1;2025-11-21;3;0
1;2025-11-21;4;7
1;2025-11-21;5;135
1;2025-11-21;6;476
1;2025-11-21;7;1499
1;2025-11-21;8;1821
1;2025-11-21;9;1417
1;2025-11-21;10;1261
1;2025-11-21;11;1345
1;2025-11-21;12;1341
1;2025-11-21;13;1389
1;2025-11-21;14;1305
1;2025-11-21;15;1472
1;2025-11-21;16;1586
1;2025-11-21;17;1813
1;2025-11-21;18;1465
1;2025-11-21;19;1225
1;2025-11-21;20;785
1;2025-11-21;21;478
1;2025-11-21;22;175
1;2025-11-21;23;40
1;2025-11-22;0;4
1;2025-11-22;1;0
1;2025-11-22;2;0
1;2025-11-22;3;0
1;2025-11-22;4;1
1;2025-11-22;5;33
1;2025-11-22;6;163
1;2025-11-22;7;378
1;2025-11-22;8;523
1;2025-11-22;9;807
1;2025-11-22;10;989
1;2025-11-22;11;970
1;2025-11-22;12;1170
1;2025-11-22;13;1223
1;2025-11-22;14;1135
1;2025-11-22;15;985
1;2025-11-22;16;838
1;2025-11-22;17;786
1;2025-11-22;18;689
1;2025-11-22;19;594
1;2025-11-22;20;456
1;2025-11-22;21;320
1;2025-11-22;22;127
1;2025-11-22;23;26
1;2025-11-23;0;0
1;2025-11-23;1;0
1;2025-11-23;2;0
1;2025-11-23;3;0
1;2025-11-23;4;0
1;2025-11-23;5;20
1;2025-11-23;6;110
1;2025-11-23;7;254
1;2025-11-23;8;342
1;2025-11-23;9;593
1;2025-11-23;10;660
1;2025-11-23;11;698
1;2025-11-23;12;803
1;2025-11-23;13;834
1;2025-11-23;14;777
1;2025-11-23;15;693
1;2025-11-23;16;638
1;2025-11-23;17;560
1;2025-11-23;18;484
1;2025-11-23;19;421
1;2025-11-23;20;322
1;2025-11-23;21;264
1;2025-11-23;22;96
1;2025-11-23;23;25
1;2025-11-24;0;4
1;2025-11-24;1;0
1;2025-11-24;2;0
1;2025-11-24;3;0
1;2025-11-24;4;10
1;2025-11-24;5;119
1;2025-11-24;6;495
1;2025-11-24;7;1472
1;2025-11-24;8;1955
1;2025-11-24;9;1465
1;2025-11-24;10;1329
1;2025-11-24;11;1317
1;2025-11-24;12;1380
1;2025-11-24;13;1438
1;2025-11-24;14;1379
1;2025-11-24;15;1503
1;2025-11-24;16;1522
1;2025-11-24;17;1788
1;2025-11-24;18;1855
1;2025-11-24;19;1360
1;2025-11-24;20;883
1;2025-11-24;21;465
1;2025-11-24;22;181
1;2025-11-24;23;39
1;2025-11-25;0;4
1;2025-11-25;1;0
1;2025-11-25;2;0
1;2025-11-25;3;0
1;2025-11-25;4;10
1;2025-11-25;5;119
1;2025-11-25;6;495
1;2025-11-25;7;1472
1;2025-11-25;8;1955
1;2025-11-25;9;1465
1;2025-11-25;10;1329
1;2025-11-25;11;1317
1;2025-11-25;12;1380
1;2025-11-25;13;1438
1;2025-11-25;14;1379
1;2025-11-25;15;1503
1;2025-11-25;16;1522
1;2025-11-25;17;1788
1;2025-11-25;18;1855
1;2025-11-25;19;1360
1;2025-11-25;20;883
1;2025-11-25;21;465
1;2025-11-25;22;181
1;2025-11-25;23;39
1;2025-11-26;0;4
1;2025-11-26;1;0
1;2025-11-26;2;0
1;2025-11-26;3;0
1;2025-11-26;4;10
1;2025-11-26;5;119
1;2025-11-26;6;495
1;2025-11-26;7;1472
1;2025-11-26;8;1955
1;2025-11-26;9;1465
1;2025-11-26;10;1329
1;2025-11-26;11;1317
1;2025-11-26;12;1380
1;2025-11-26;13;1438
1;2025-11-26;14;1379
1;2025-11-26;15;1503
1;2025-11-26;16;1522
1;2025-11-26;17;1788
1;2025-11-26;18;1855
1;2025-11-26;19;1360
1;2025-11-26;20;883
1;2025-11-26;21;465
1;2025-11-26;22;181
1;2025-11-26;23;39
1;2025-11-27;0;4
1;2025-11-27;1;0
1;2025-11-27;2;0
1;2025-11-27;3;0
1;2025-11-27;4;10
1;2025-11-27;5;119
1;2025-11-27;6;495
1;2025-11-27;7;1472
1;2025-11-27;8;1955
1;2025-11-27;9;1465
1;2025-11-27;10;1329
1;2025-11-27;11;1317
1;2025-11-27;12;1380
1;2025-11-27;13;1438
1;2025-11-27;14;1379
1;2025-11-27;15;1503
1;2025-11-27;16;1522
1;2025-11-27;17;1788
1;2025-11-27;18;1855
1;2025-11-27;19;1360
1;2025-11-27;20;883
1;2025-11-27;21;465
1;2025-11-27;22;181
1;2025-11-27;23;39
1;2025-11-28;0;3
1;2025-11-28;1;0
1;2025-11-28;2;0
1;2025-11-28;3;0
1;2025-11-28;4;7
1;2025-11-28;5;135
1;2025-11-28;6;476
1;2025-11-28;7;1499
1;2025-11-28;8;1821
1;2025-11-28;9;1417
1;2025-11-28;10;1261
1;2025-11-28;11;1345
1;2025-11-28;12;1341
1;2025-11-28;13;1389
1;2025-11-28;14;1305
1;2025-11-28;15;1472
1;2025-11-28;16;1586
1;2025-11-28;17;1813
1;2025-11-28;18;1465
1;2025-11-28;19;1225
1;2025-11-28;20;785
1;2025-11-28;21;478
1;2025-11-28;22;175
1;2025-11-28;23;40
1;2025-11-29;0;4
1;2025-11-29;1;0
1;2025-11-29;2;0
1;2025-11-29;3;0
1;2025-11-29;4;1
1;2025-11-29;5;33
1;2025-11-29;6;163
1;2025-11-29;7;378
1;2025-11-29;8;523
1;2025-11-29;9;807
1;2025-11-29;10;989
1;2025-11-29;11;970
1;2025-11-29;12;1170
1;2025-11-29;13;1223
1;2025-11-29;14;1135
1;2025-11-29;15;985
1;2025-11-29;16;838
1;2025-11-29;17;786
1;2025-11-29;18;689
1;2025-11-29;19;594
1;2025-11-29;20;456
1;2025-11-29;21;320
1;2025-11-29;22;127
1;2025-11-29;23;26
1;2025-11-30;0;0
1;2025-11-30;1;0
1;2025-11-30;2;0
1;2025-11-30;3;0
1;2025-11-30;4;0
1;2025-11-30;5;20
1;2025-11-30;6;110
1;2025-11-30;7;254
1;2025-11-30;8;342
1;2025-11-30;9;593
1;2025-11-30;10;660
1;2025-11-30;11;698
1;2025-11-30;12;803
1;2025-11-30;13;834
1;2025-11-30;14;777
1;2025-11-30;15;693
1;2025-11-30;16;638
1;2025-11-30;17;560
1;2025-11-30;18;484
1;2025-11-30;19;421
1;2025-11-30;20;322
1;2025-11-30;21;264
1;2025-11-30;22;96
1;2025-11-30;23;25
1;2025-12-01;0;4
1;2025-12-01;1;0
1;2025-12-01;2;0
1;2025-12-01;3;0
1;2025-12-01;4;10
1;2025-12-01;5;119
1;2025-12-01;6;495
1;2025-12-01;7;1472
1;2025-12-01;8;1955
1;2025-12-01;9;1465
1;2025-12-01;10;1329
1;2025-12-01;11;1317
1;2025-12-01;12;1380
1;2025-12-01;13;1438
1;2025-12-01;14;1379
1;2025-12-01;15;1503
1;2025-12-01;16;1522
1;2025-12-01;17;1788
1;2025-12-01;18;1855
1;2025-12-01;19;1360
1;2025-12-01;20;883
1;2025-12-01;21;465
1;2025-12-01;22;181
1;2025-12-01;23;39
1;2025-12-02;0;4
1;2025-12-02;1;0
1;2025-12-02;2;0
1;2025-12-02;3;0
1;2025-12-02;4;10
1;2025-12-02;5;119
1;2025-12-02;6;495
1;2025-12-02;7;1472
1;2025-12-02;8;1955
1;2025-12-02;9;1465
1;2025-12-02;10;1329
1;2025-12-02;11;1317
1;2025-12-02;12;1380
1;2025-12-02;13;1438
1;2025-12-02;14;1379
1;2025-12-02;15;1503
1;2025-12-02;16;1522
1;2025-12-02;17;1788
1;2025-12-02;18;1855
1;2025-12-02;19;1360
1;2025-12-02;20;883
1;2025-12-02;21;465
1;2025-12-02;22;181
1;2025-12-02;23;39
1;2025-12-03;0;4
1;2025-12-03;1;0
1;2025-12-03;2;0
1;2025-12-03;3;0
1;2025-12-03;4;10
1;2025-12-03;5;119
1;2025-12-03;6;495
1;2025-12-03;7;1472
1;2025-12-03;8;1955
1;2025-12-03;9;1465
1;2025-12-03;10;1329
1;2025-12-03;11;1317
1;2025-12-03;12;1380
1;2025-12-03;13;1438
1;2025-12-03;14;1379
1;2025-12-03;15;1503
1;2025-12-03;16;1522
1;2025-12-03;17;1788
1;2025-12-03;18;1855
1;2025-12-03;19;1360
1;2025-12-03;20;883
1;2025-12-03;21;465
1;2025-12-03;22;181
1;2025-12-03;23;39
1;2025-12-04;0;4
1;2025-12-04;1;0
1;2025-12-04;2;0
1;2025-12-04;3;0
1;2025-12-04;4;10
1;2025-12-04;5;119
1;2025-12-04;6;495
1;2025-12-04;7;1472
1;2025-12-04;8;1955
1;2025-12-04;9;1465
1;2025-12-04;10;1329
1;2025-12-04;11;1317
1;2025-12-04;12;1380
1;2025-12-04;13;1438
1;2025-12-04;14;1379
1;2025-12-04;15;1503
1;2025-12-04;16;1522
1;2025-12-04;17;1788
1;2025-12-04;18;1855
1;2025-12-04;19;1360
1;2025-12-04;20;883
1;2025-12-04;21;465
1;2025-12-04;22;181
1;2025-12-04;23;39
1;2025-12-05;0;3
1;2025-12-05;1;0
1;2025-12-05;2;0
1;2025-12-05;3;0
1;2025-12-05;4;7
1;2025-12-05;5;135
1;2025-12-05;6;476
1;2025-12-05;7;1499
1;2025-12-05;8;1821
1;2025-12-05;9;1417
1;2025-12-05;10;1261
1;2025-12-05;11;1345
1;2025-12-05;12;1341
1;2025-12-05;13;1389
1;2025-12-05;14;1305
1;2025-12-05;15;1472
1;2025-12-05;16;1586
1;2025-12-05;17;1813
1;2025-12-05;18;1465
1;2025-12-05;19;1225
1;2025-12-05;20;785
1;2025-12-05;21;478
1;2025-12-05;22;175
1;2025-12-05;23;40
1;2025-12-06;0;4
1;2025-12-06;1;0
1;2025-12-06;2;0
1;2025-12-06;3;0
1;2025-12-06;4;1
1;2025-12-06;5;33
1;2025-12-06;6;163
1;2025-12-06;7;378
1;2025-12-06;8;523
1;2025-12-06;9;807
1;2025-12-06;10;989
1;2025-12-06;11;970
1;2025-12-06;12;1170
1;2025-12-06;13;1223
1;2025-12-06;14;1135
1;2025-12-06;15;985
1;2025-12-06;16;838
1;2025-12-06;17;786
1;2025-12-06;18;689
1;2025-12-06;19;594
1;2025-12-06;20;456
1;2025-12-06;21;320
1;2025-12-06;22;127
1;2025-12-06;23;26
1;2025-12-07;0;0
1;2025-12-07;1;0
1;2025-12-07;2;0
1;2025-12-07;3;0
1;2025-12-07;4;0
1;2025-12-07;5;20
1;2025-12-07;6;110
1;2025-12-07;7;254
1;2025-12-07;8;342
1;2025-12-07;9;593
1;2025-12-07;10;660
1;2025-12-07;11;698
1;2025-12-07;12;803
1;2025-12-07;13;834
1;2025-12-07;14;777
1;2025-12-07;15;693
1;2025-12-07;16;638
1;2025-12-07;17;560
1;2025-12-07;18;484
1;2025-12-07;19;421
1;2025-12-07;20;322
1;2025-12-07;21;264
1;2025-12-07;22;96
1;2025-12-07;23;25
1;2025-12-08;0;4
1;2025-12-08;1;0
1;2025-12-08;2;0
1;2025-12-08;3;0
1;2025-12-08;4;10
1;2025-12-08;5;119
1;2025-12-08;6;495
1;2025-12-08;7;1472
1;2025-12-08;8;1955
1;2025-12-08;9;1465
1;2025-12-08;10;1329
1;2025-12-08;11;1317
1;2025-12-08;12;1380
1;2025-12-08;13;1438
1;2025-12-08;14;1379
1;2025-12-08;15;1503
1;2025-12-08;16;1522
1;2025-12-08;17;1788
1;2025-12-08;18;1855
1;2025-12-08;19;1360
1;2025-12-08;20;883
1;2025-12-08;21;465
1;2025-12-08;22;181
1;2025-12-08;23;39
1;2025-12-09;0;4
1;2025-12-09;1;0
1;2025-12-09;2;0
1;2025-12-09;3;0
1;2025-12-09;4;10
1;2025-12-09;5;119
1;2025-12-09;6;495
1;2025-12-09;7;1472
1;2025-12-09;8;1955
1;2025-12-09;9;1465
1;2025-12-09;10;1329
1;2025-12-09;11;1317
1;2025-12-09;12;1380
1;2025-12-09;13;1438
1;2025-12-09;14;1379
1;2025-12-09;15;1503
1;2025-12-09;16;1522
1;2025-12-09;17;1788
1;2025-12-09;18;1855
1;2025-12-09;19;1360
1;2025-12-09;20;883
1;2025-12-09;21;465
1;2025-12-09;22;181
1;2025-12-09;23;39
1;2025-12-10;0;4
1;2025-12-10;1;0
1;2025-12-10;2;0
1;2025-12-10;3;0
1;2025-12-10;4;10
1;2025-12-10;5;119
1;2025-12-10;6;495
1;2025-12-10;7;1472
1;2025-12-10;8;1955
1;2025-12-10;9;1465
1;2025-12-10;10;1329
1;2025-12-10;11;1317
1;2025-12-10;12;1380
1;2025-12-10;13;1438
1;2025-12-10;14;1379
1;2025-12-10;15;1503
1;2025-12-10;16;1522
1;2025-12-10;17;1788
1;2025-12-10;18;1855
1;2025-12-10;19;1360
1;2025-12-10;20;883
1;2025-12-10;21;465
1;2025-12-10;22;181
1;2025-12-10;23;39
1;2025-12-11;0;4
1;2025-12-11;1;0
1;2025-12-11;2;0
1;2025-12-11;3;0
1;2025-12-11;4;10
1;2025-12-11;5;119
1;2025-12-11;6;495
1;2025-12-11;7;1472
1;2025-12-11;8;1955
1;2025-12-11;9;1465
1;2025-12-11;10;1329
1;2025-12-11;11;1317
1;2025-12-11;12;1380
1;2025-12-11;13;1438
1;2025-12-11;14;1379
1;2025-12-11;15;1503
1;2025-12-11;16;1522
1;2025-12-11;17;1788
1;2025-12-11;18;1855
1;2025-12-11;19;1360
1;2025-12-11;20;883
1;2025-12-11;21;465
1;2025-12-11;22;181
1;2025-12-11;23;39
1;2025-12-12;0;3
1;2025-12-12;1;0
1;2025-12-12;2;0
1;2025-12-12;3;0
1;2025-12-12;4;7
1;2025-12-12;5;135
1;2025-12-12;6;476
1;2025-12-12;7;1499
1;2025-12-12;8;1821
1;2025-12-12;9;1417
1;2025-12-12;10;1261
1;2025-12-12;11;1345
1;2025-12-12;12;1341
1;2025-12-12;13;1389
1;2025-12-12;14;1305
1;2025-12-12;15;1472
1;2025-12-12;16;1586
1;2025-12-12;17;1813
1;2025-12-12;18;1465
1;2025-12-12;19;1225
1;2025-12-12;20;785
1;2025-12-12;21;478
1;2025-12-12;22;175
1;2025-12-12;23;40
1;2025-12-13;0;4
1;2025-12-13;1;0
1;2025-12-13;2;0
1;2025-12-13;3;0
1;2025-12-13;4;1
1;2025-12-13;5;33
1;2025-12-13;6;163
1;2025-12-13;7;378
1;2025-12-13;8;523
1;2025-12-13;9;807
1;2025-12-13;10;989
1;2025-12-13;11;970
1;2025-12-13;12;1170
1;2025-12-13;13;1223
1;2025-12-13;14;1135
1;2025-12-13;15;985
1;2025-12-13;16;838
1;2025-12-13;17;786
1;2025-12-13;18;689
1;2025-12-13;19;594
1;2025-12-13;20;456
1;2025-12-13;21;320
1;2025-12-13;22;127
1;2025-12-13;23;26
1;2025-12-14;0;0
1;2025-12-14;1;0
1;2025-12-14;2;0
1;2025-12-14;3;0
1;2025-12-14;4;0
1;2025-12-14;5;20
1;2025-12-14;6;110
1;2025-12-14;7;254
1;2025-12-14;8;342
1;2025-12-14;9;593
1;2025-12-14;10;660
1;2025-12-14;11;698
1;2025-12-14;12;803
1;2025-12-14;13;834
1;2025-12-14;14;777
1;2025-12-14;15;693
1;2025-12-14;16;638
1;2025-12-14;17;560
1;2025-12-14;18;484
1;2025-12-14;19;421
1;2025-12-14;20;322
1;2025-12-14;21;264
1;2025-12-14;22;96
1;2025-12-14;23;25
1;2025-12-15;0;4
1;2025-12-15;1;0
1;2025-12-15;2;0
1;2025-12-15;3;0
1;2025-12-15;4;10
1;2025-12-15;5;119
1;2025-12-15;6;495
1;2025-12-15;7;1472
1;2025-12-15;8;1955
1;2025-12-15;9;1465
1;2025-12-15;10;1329
1;2025-12-15;11;1317
1;2025-12-15;12;1380
1;2025-12-15;13;1438
1;2025-12-15;14;1379
1;2025-12-15;15;1503
1;2025-12-15;16;1522
1;2025-12-15;17;1788
1;2025-12-15;18;1855
1;2025-12-15;19;1360
1;2025-12-15;20;883
1;2025-12-15;21;465
1;2025-12-15;22;181
1;2025-12-15;23;39
1;2025-12-16;0;4
1;2025-12-16;1;0
1;2025-12-16;2;0
1;2025-12-16;3;0
1;2025-12-16;4;10
1;2025-12-16;5;119
1;2025-12-16;6;495
1;2025-12-16;7;1472
1;2025-12-16;8;1955
1;2025-12-16;9;1465
1;2025-12-16;10;1329
1;2025-12-16;11;1317
1;2025-12-16;12;1380
1;2025-12-16;13;1438
1;2025-12-16;14;1379
1;2025-12-16;15;1503
1;2025-12-16;16;1522
1;2025-12-16;17;1788
1;2025-12-16;18;1855
1;2025-12-16;19;1360
1;2025-12-16;20;883
1;2025-12-16;21;465
1;2025-12-16;22;181
1;2025-12-16;23;39
1;2025-12-17;0;4
1;2025-12-17;1;0
1;2025-12-17;2;0
1;2025-12-17;3;0
1;2025-12-17;4;10
1;2025-12-17;5;119
1;2025-12-17;6;495
1;2025-12-17;7;1472
1;2025-12-17;8;1955
1;2025-12-17;9;1465
1;2025-12-17;10;1329
1;2025-12-17;11;1317
1;2025-12-17;12;1380
1;2025-12-17;13;1438
1;2025-12-17;14;1379
1;2025-12-17;15;1503
1;2025-12-17;16;1522
1;2025-12-17;17;1788
1;2025-12-17;18;1855
1;2025-12-17;19;1360
1;2025-12-17;20;883
1;2025-12-17;21;465
1;2025-12-17;22;181
1;2025-12-17;23;39
1;2025-12-18;0;4
1;2025-12-18;1;0
1;2025-12-18;2;0
1;2025-12-18;3;0
1;2025-12-18;4;10
1;2025-12-18;5;119
1;2025-12-18;6;495
1;2025-12-18;7;1472
1;2025-12-18;8;1955
1;2025-12-18;9;1465
1;2025-12-18;10;1329
1;2025-12-18;11;1317
1;2025-12-18;12;1380
1;2025-12-18;13;1438
1;2025-12-18;14;1379
1;2025-12-18;15;1503
1;2025-12-18;16;1522
1;2025-12-18;17;1788
1;2025-12-18;18;1855
1;2025-12-18;19;1360
1;2025-12-18;20;883
1;2025-12-18;21;465
1;2025-12-18;22;181
1;2025-12-18;23;39
1;2025-12-19;0;3
1;2025-12-19;1;0
1;2025-12-19;2;0
1;2025-12-19;3;0
1;2025-12-19;4;7
1;2025-12-19;5;135
1;2025-12-19;6;476
1;2025-12-19;7;1499
1;2025-12-19;8;1821
1;2025-12-19;9;1417
1;2025-12-19;10;1261
1;2025-12-19;11;1345
1;2025-12-19;12;1341
1;2025-12-19;13;1389
1;2025-12-19;14;1305
1;2025-12-19;15;1472
1;2025-12-19;16;1586
1;2025-12-19;17;1813
1;2025-12-19;18;1465
1;2025-12-19;19;1225
1;2025-12-19;20;785
1;2025-12-19;21;478
1;2025-12-19;22;175
1;2025-12-19;23;40
1;2025-12-20;0;4
1;2025-12-20;1;0
1;2025-12-20;2;0
1;2025-12-20;3;0
1;2025-12-20;4;1
1;2025-12-20;5;33
1;2025-12-20;6;163
1;2025-12-20;7;378
1;2025-12-20;8;523
1;2025-12-20;9;807
1;2025-12-20;10;989
1;2025-12-20;11;970
1;2025-12-20;12;1170
1;2025-12-20;13;1223
1;2025-12-20;14;1135
1;2025-12-20;15;985
1;2025-12-20;16;838
1;2025-12-20;17;786
1;2025-12-20;18;689
1;2025-12-20;19;594
1;2025-12-20;20;456
1;2025-12-20;21;320
1;2025-12-20;22;127
1;2025-12-20;23;26
1;2025-12-21;0;0
1;2025-12-21;1;0
1;2025-12-21;2;0
1;2025-12-21;3;0
1;2025-12-21;4;0
1;2025-12-21;5;20
1;2025-12-21;6;110
1;2025-12-21;7;254
1;2025-12-21;8;342
1;2025-12-21;9;593
1;2025-12-21;10;660
1;2025-12-21;11;698
1;2025-12-21;12;803
1;2025-12-21;13;834
1;2025-12-21;14;777
1;2025-12-21;15;693
1;2025-12-21;16;638
1;2025-12-21;17;560
1;2025-12-21;18;484
1;2025-12-21;19;421
1;2025-12-21;20;322
1;2025-12-21;21;264
1;2025-12-21;22;96
1;2025-12-21;23;25
1;2025-12-22;0;4
1;2025-12-22;1;0
1;2025-12-22;2;0
1;2025-12-22;3;0
1;2025-12-22;4;10
1;2025-12-22;5;119
1;2025-12-22;6;495
1;2025-12-22;7;1472
1;2025-12-22;8;1955
1;2025-12-22;9;1465
1;2025-12-22;10;1329
1;2025-12-22;11;1317
1;2025-12-22;12;1380
1;2025-12-22;13;1438
1;2025-12-22;14;1379
1;2025-12-22;15;1503
1;2025-12-22;16;1522
1;2025-12-22;17;1788
1;2025-12-22;18;1855
1;2025-12-22;19;1360
1;2025-12-22;20;883
1;2025-12-22;21;465
1;2025-12-22;22;181
1;2025-12-22;23;39
1;2025-12-23;0;4
1;2025-12-23;1;0
1;2025-12-23;2;0
1;2025-12-23;3;0
1;2025-12-23;4;10
1;2025-12-23;5;119
1;2025-12-23;6;495
1;2025-12-23;7;1472
1;2025-12-23;8;1955
1;2025-12-23;9;1465
1;2025-12-23;10;1329
1;2025-12-23;11;1317
1;2025-12-23;12;1380
1;2025-12-23;13;1438
1;2025-12-23;14;1379
1;2025-12-23;15;1503
1;2025-12-23;16;1522
1;2025-12-23;17;1788
1;2025-12-23;18;1855
1;2025-12-23;19;1360
1;2025-12-23;20;883
1;2025-12-23;21;465
1;2025-12-23;22;181
1;2025-12-23;23;39
1;2025-12-24;0;4
1;2025-12-24;1;0
1;2025-12-24;2;0
1;2025-12-24;3;0
1;2025-12-24;4;10
1;2025-12-24;5;119
1;2025-12-24;6;495
1;2025-12-24;7;1472
1;2025-12-24;8;1955
1;2025-12-24;9;1465
1;2025-12-24;10;1329
1;2025-12-24;11;1317
1;2025-12-24;12;1380
1;2025-12-24;13;1438
1;2025-12-24;14;1379
1;2025-12-24;15;1503
1;2025-12-24;16;1522
1;2025-12-24;17;1788
1;2025-12-24;18;1855
1;2025-12-24;19;1360
1;2025-12-24;20;883
1;2025-12-24;21;465
1;2025-12-24;22;181
1;2025-12-24;23;39
1;2025-12-25;0;4
1;2025-12-25;1;0
1;2025-12-25;2;0
1;2025-12-25;3;0
1;2025-12-25;4;10
1;2025-12-25;5;119
1;2025-12-25;6;495
1;2025-12-25;7;1472
1;2025-12-25;8;1955
1;2025-12-25;9;1465
1;2025-12-25;10;1329
1;2025-12-25;11;1317
1;2025-12-25;12;1380
1;2025-12-25;13;1438
1;2025-12-25;14;1379
1;2025-12-25;15;1503
1;2025-12-25;16;1522
1;2025-12-25;17;1788
1;2025-12-25;18;1855
1;2025-12-25;19;1360
1;2025-12-25;20;883
1;2025-12-25;21;465
1;2025-12-25;22;181
1;2025-12-25;23;39
1;2025-12-26;0;3
1;2025-12-26;1;0
1;2025-12-26;2;0
1;2025-12-26;3;0
1;2025-12-26;4;7
1;2025-12-26;5;135
1;2025-12-26;6;476
1;2025-12-26;7;1499
1;2025-12-26;8;1821
1;2025-12-26;9;1417
1;2025-12-26;10;1261
1;2025-12-26;11;1345
1;2025-12-26;12;1341
1;2025-12-26;13;1389
1;2025-12-26;14;1305
1;2025-12-26;15;1472
1;2025-12-26;16;1586
1;2025-12-26;17;1813
1;2025-12-26;18;1465
1;2025-12-26;19;1225
1;2025-12-26;20;785
1;2025-12-26;21;478
1;2025-12-26;22;175
1;2025-12-26;23;40
1;2025-12-27;0;4
1;2025-12-27;1;0
1;2025-12-27;2;0
1;2025-12-27;3;0
1;2025-12-27;4;1
1;2025-12-27;5;33
1;2025-12-27;6;163
1;2025-12-27;7;378
1;2025-12-27;8;523
1;2025-12-27;9;807
1;2025-12-27;10;989
1;2025-12-27;11;970
1;2025-12-27;12;1170
1;2025-12-27;13;1223
1;2025-12-27;14;1135
1;2025-12-27;15;985
1;2025-12-27;16;838
1;2025-12-27;17;786
1;2025-12-27;18;689
1;2025-12-27;19;594
1;2025-12-27;20;456
1;2025-12-27;21;320
1;2025-12-27;22;127
1;2025-12-27;23;26
1;2025-12-28;0;0
1;2025-12-28;1;0
1;2025-12-28;2;0
1;2025-12-28;3;0
1;2025-12-28;4;0
1;2025-12-28;5;20
1;2025-12-28;6;110
1;2025-12-28;7;254
1;2025-12-28;8;342
1;2025-12-28;9;593
1;2025-12-28;10;660
1;2025-12-28;11;698
1;2025-12-28;12;803
1;2025-12-28;13;834
1;2025-12-28;14;777
1;2025-12-28;15;693
1;2025-12-28;16;638
1;2025-12-28;17;560
1;2025-12-28;18;484
1;2025-12-28;19;421
1;2025-12-28;20;322
1;2025-12-28;21;264
1;2025-12-28;22;96
1;2025-12-28;23;25
1;2025-12-29;0;4
1;2025-12-29;1;0
1;2025-12-29;2;0
1;2025-12-29;3;0
1;2025-12-29;4;8
1;2025-12-29;5;105
1;2025-12-29;6;435
1;2025-12-29;7;1295
1;2025-12-29;8;1720
1;2025-12-29;9;1289
1;2025-12-29;10;1169
1;2025-12-29;11;1159
1;2025-12-29;12;1214
1;2025-12-29;13;1265
1;2025-12-29;14;1214
1;2025-12-29;15;1323
1;2025-12-29;16;1339
1;2025-12-29;17;1574
1;2025-12-29;18;1633
1;2025-12-29;19;1196
1;2025-12-29;20;777
1;2025-12-29;21;409
1;2025-12-29;22;159
1;2025-12-29;23;34
1;2025-12-30;0;4
1;2025-12-30;1;0
1;2025-12-30;2;0
1;2025-12-30;3;0
1;2025-12-30;4;8
1;2025-12-30;5;105
1;2025-12-30;6;435
1;2025-12-30;7;1295
1;2025-12-30;8;1720
1;2025-12-30;9;1289
1;2025-12-30;10;1169
1;2025-12-30;11;1159
1;2025-12-30;12;1214
1;2025-12-30;13;1265
1;2025-12-30;14;1214
1;2025-12-30;15;1323
1;2025-12-30;16;1339
1;2025-12-30;17;1574
1;2025-12-30;18;1633
1;2025-12-30;19;1196
1;2025-12-30;20;777
1;2025-12-30;21;409
1;2025-12-30;22;159
1;2025-12-30;23;34
1;2025-12-31;0;3
1;2025-12-31;1;0
1;2025-12-31;2;0
1;2025-12-31;3;0
1;2025-12-31;4;0
1;2025-12-31;5;27
1;2025-12-31;6;130
1;2025-12-31;7;302
1;2025-12-31;8;419
1;2025-12-31;9;645
1;2025-12-31;10;791
1;2025-12-31;11;776
1;2025-12-31;12;936
1;2025-12-31;13;978
1;2025-12-31;14;908
1;2025-12-31;15;788
1;2025-12-31;16;671
1;2025-12-31;17;629
1;2025-12-31;18;551
1;2025-12-31;19;475
1;2025-12-31;20;0
1;2025-12-31;21;0
1;2025-12-31;22;0
1;2025-12-31;23;0
5;2025-11-01;0;0
5;2025-11-01;1;0
5;2025-11-01;2;0
5;2025-11-01;3;0
5;2025-11-01;4;0
5;2025-11-01;5;0
5;2025-11-01;6;0
5;2025-11-01;7;0
5;2025-11-01;8;0
5;2025-11-01;9;0
5;2025-11-01;10;0
5;2025-11-01;11;0
5;2025-11-01;12;0
5;2025-11-01;13;0
5;2025-11-01;14;0
5;2025-11-01;15;0
5;2025-11-01;16;0
5;2025-11-01;17;0
5;2025-11-01;18;0
5;2025-11-01;19;0
5;2025-11-01;20;0
5;2025-11-01;21;0
5;2025-11-01;22;0
5;2025-11-01;23;0
5;2025-11-02;0;0
5;2025-11-02;1;0
5;2025-11-02;2;0
5;2025-11-02;3;0
5;2025-11-02;4;0
5;2025-11-02;5;0
5;2025-11-02;6;0
5;2025-11-02;7;0
5;2025-11-02;8;0
5;2025-11-02;9;0
5;2025-11-02;10;0
5;2025-11-02;11;0
5;2025-11-02;12;0
5;2025-11-02;13;0
5;2025-11-02;14;0
5;2025-11-02;15;0
5;2025-11-02;16;0
5;2025-11-02;17;0
5;2025-11-02;18;0
5;2025-11-02;19;0
5;2025-11-02;20;0
5;2025-11-02;21;0
5;2025-11-02;22;0
5;2025-11-02;23;0
5;2025-11-03;0;0
5;2025-11-03;1;0
5;2025-11-03;2;0
5;2025-11-03;3;0
5;2025-11-03;4;0
5;2025-11-03;5;0
5;2025-11-03;6;0
5;2025-11-03;7;0
5;2025-11-03;8;0
5;2025-11-03;9;0
5;2025-11-03;10;0
5;2025-11-03;11;0
5;2025-11-03;12;0
5;2025-11-03;13;0
5;2025-11-03;14;0
5;2025-11-03;15;0
5;2025-11-03;16;0
5;2025-11-03;17;0
5;2025-11-03;18;0
5;2025-11-03;19;0
5;2025-11-03;20;0
5;2025-11-03;21;0
5;2025-11-03;22;0
5;2025-11-03;23;0
5;2025-11-04;0;0
5;2025-11-04;1;0
5;2025-11-04;2;0
5;2025-11-04;3;0
5;2025-11-04;4;0
5;2025-11-04;5;0
5;2025-11-04;6;0
5;2025-11-04;7;0
5;2025-11-04;8;0
5;2025-11-04;9;0
5;2025-11-04;10;0
5;2025-11-04;11;0
5;2025-11-04;12;0
5;2025-11-04;13;0
5;2025-11-04;14;0
5;2025-11-04;15;0
5;2025-11-04;16;0
5;2025-11-04;17;0
5;2025-11-04;18;0
5;2025-11-04;19;0
5;2025-11-04;20;0
5;2025-11-04;21;0
5;2025-11-04;22;0
5;2025-11-04;23;0
5;2025-11-05;0;0
5;2025-11-05;1;0
5;2025-11-05;2;0
5;2025-11-05;3;0
5;2025-11-05;4;0
5;2025-11-05;5;0
5;2025-11-05;6;0
5;2025-11-05;7;0
5;2025-11-05;8;0
5;2025-11-05;9;0
5;2025-11-05;10;0
5;2025-11-05;11;0
5;2025-11-05;12;0
5;2025-11-05;13;0
5;2025-11-05;14;0
5;2025-11-05;15;0
5;2025-11-05;16;0
5;2025-11-05;17;0
5;2025-11-05;18;0
5;2025-11-05;19;0
5;2025-11-05;20;0
5;2025-11-05;21;0
5;2025-11-05;22;0
5;2025-11-05;23;0
5;2025-11-06;0;0
5;2025-11-06;1;0
5;2025-11-06;2;0
5;2025-11-06;3;0
5;2025-11-06;4;0
5;2025-11-06;5;0
5;2025-11-06;6;0
5;2025-11-06;7;0
5;2025-11-06;8;0
5;2025-11-06;9;0
5;2025-11-06;10;0
5;2025-11-06;11;0
5;2025-11-06;12;0
5;2025-11-06;13;0
5;2025-11-06;14;0
5;2025-11-06;15;0
5;2025-11-06;16;0
5;2025-11-06;17;0
5;2025-11-06;18;0
5;2025-11-06;19;0
5;2025-11-06;20;0
5;2025-11-06;21;0
5;2025-11-06;22;0
5;2025-11-06;23;0
5;2025-11-07;0;0
5;2025-11-07;1;0
5;2025-11-07;2;0
5;2025-11-07;3;0
5;2025-11-07;4;0
5;2025-11-07;5;0
5;2025-11-07;6;0
5;2025-11-07;7;0
5;2025-11-07;8;0
5;2025-11-07;9;0
5;2025-11-07;10;0
5;2025-11-07;11;0
5;2025-11-07;12;0
5;2025-11-07;13;0
5;2025-11-07;14;0
5;2025-11-07;15;0
5;2025-11-07;16;0
5;2025-11-07;17;0
5;2025-11-07;18;0
5;2025-11-07;19;0
5;2025-11-07;20;0
5;2025-11-07;21;0
5;2025-11-07;22;0
5;2025-11-07;23;0
5;2025-11-08;0;0
5;2025-11-08;1;0
5;2025-11-08;2;0
5;2025-11-08;3;0
5;2025-11-08;4;0
5;2025-11-08;5;0
5;2025-11-08;6;0
5;2025-11-08;7;0
5;2025-11-08;8;0
5;2025-11-08;9;0
5;2025-11-08;10;0
5;2025-11-08;11;0
5;2025-11-08;12;0
5;2025-11-08;13;0
5;2025-11-08;14;0
5;2025-11-08;15;0
5;2025-11-08;16;0
5;2025-11-08;17;0
5;2025-11-08;18;0
5;2025-11-08;19;0
5;2025-11-08;20;0
5;2025-11-08;21;0
5;2025-11-08;22;0
5;2025-11-08;23;0
5;2025-11-09;0;0
5;2025-11-09;1;0
5;2025-11-09;2;0
5;2025-11-09;3;0
5;2025-11-09;4;0
5;2025-11-09;5;0
5;2025-11-09;6;0
5;2025-11-09;7;0
5;2025-11-09;8;0
5;2025-11-09;9;0
5;2025-11-09;10;0
5;2025-11-09;11;0
5;2025-11-09;12;0
5;2025-11-09;13;0
5;2025-11-09;14;0
5;2025-11-09;15;0
5;2025-11-09;16;0
5;2025-11-09;17;0
5;2025-11-09;18;0
5;2025-11-09;19;0
5;2025-11-09;20;0
5;2025-11-09;21;0
5;2025-11-09;22;0
5;2025-11-09;23;0
5;2025-11-10;0;0
5;2025-11-10;1;0
5;2025-11-10;2;0
5;2025-11-10;3;0
5;2025-11-10;4;0
5;2025-11-10;5;0
5;2025-11-10;6;0
5;2025-11-10;7;0
5;2025-11-10;8;0
5;2025-11-10;9;0
5;2025-11-10;10;0
5;2025-11-10;11;0
5;2025-11-10;12;0
5;2025-11-10;13;0
5;2025-11-10;14;0
5;2025-11-10;15;0
5;2025-11-10;16;0
5;2025-11-10;17;0
5;2025-11-10;18;0
5;2025-11-10;19;0
5;2025-11-10;20;0
5;2025-11-10;21;0
5;2025-11-10;22;0
5;2025-11-10;23;0
5;2025-11-11;0;0
5;2025-11-11;1;0
5;2025-11-11;2;0
5;2025-11-11;3;0
5;2025-11-11;4;0
5;2025-11-11;5;0
5;2025-11-11;6;0
5;2025-11-11;7;0
5;2025-11-11;8;0
5;2025-11-11;9;0
5;2025-11-11;10;0
5;2025-11-11;11;0
5;2025-11-11;12;0
5;2025-11-11;13;0
5;2025-11-11;14;0
5;2025-11-11;15;0
5;2025-11-11;16;0
5;2025-11-11;17;0
5;2025-11-11;18;0
5;2025-11-11;19;0
5;2025-11-11;20;0
5;2025-11-11;21;0
5;2025-11-11;22;0
5;2025-11-11;23;0
5;2025-11-12;0;0
5;2025-11-12;1;0
5;2025-11-12;2;0
5;2025-11-12;3;0
5;2025-11-12;4;0
5;2025-11-12;5;0
5;2025-11-12;6;0
5;2025-11-12;7;0
5;2025-11-12;8;0
5;2025-11-12;9;0
5;2025-11-12;10;0
5;2025-11-12;11;0
5;2025-11-12;12;0
5;2025-11-12;13;0
5;2025-11-12;14;0
5;2025-11-12;15;0
5;2025-11-12;16;0
5;2025-11-12;17;0
5;2025-11-12;18;0
5;2025-11-12;19;0
5;2025-11-12;20;0
5;2025-11-12;21;0
5;2025-11-12;22;0
5;2025-11-12;23;0
5;2025-11-13;0;0
5;2025-11-13;1;0
5;2025-11-13;2;0
5;2025-11-13;3;0
5;2025-11-13;4;0
5;2025-11-13;5;0
5;2025-11-13;6;0
5;2025-11-13;7;0
5;2025-11-13;8;0
5;2025-11-13;9;0
5;2025-11-13;10;0
5;2025-11-13;11;0
5;2025-11-13;12;0
5;2025-11-13;13;0
5;2025-11-13;14;0
5;2025-11-13;15;0
5;2025-11-13;16;0
5;2025-11-13;17;0
5;2025-11-13;18;0
5;2025-11-13;19;0
5;2025-11-13;20;0
5;2025-11-13;21;0
5;2025-11-13;22;0
5;2025-11-13;23;0
5;2025-11-14;0;0
5;2025-11-14;1;0
5;2025-11-14;2;0
5;2025-11-14;3;0
5;2025-11-14;4;0
5;2025-11-14;5;0
5;2025-11-14;6;0
5;2025-11-14;7;0
5;2025-11-14;8;0
5;2025-11-14;9;0
5;2025-11-14;10;0
5;2025-11-14;11;0
5;2025-11-14;12;0
5;2025-11-14;13;0
5;2025-11-14;14;0
5;2025-11-14;15;0
5;2025-11-14;16;0
5;2025-11-14;17;0
5;2025-11-14;18;0
5;2025-11-14;19;0
5;2025-11-14;20;0
5;2025-11-14;21;0
5;2025-11-14;22;0
5;2025-11-14;23;0
5;2025-11-15;0;0
5;2025-11-15;1;0
5;2025-11-15;2;0
5;2025-11-15;3;0
5;2025-11-15;4;0
5;2025-11-15;5;0
5;2025-11-15;6;0
5;2025-11-15;7;0
5;2025-11-15;8;0
5;2025-11-15;9;0
5;2025-11-15;10;0
5;2025-11-15;11;0
5;2025-11-15;12;0
5;2025-11-15;13;0
5;2025-11-15;14;0
5;2025-11-15;15;0
5;2025-11-15;16;0
5;2025-11-15;17;0
5;2025-11-15;18;0
5;2025-11-15;19;0
5;2025-11-15;20;0
5;2025-11-15;21;0
5;2025-11-15;22;0
5;2025-11-15;23;0
5;2025-11-16;0;0
5;2025-11-16;1;0
5;2025-11-16;2;0
5;2025-11-16;3;0
5;2025-11-16;4;0
5;2025-11-16;5;0
5;2025-11-16;6;0
5;2025-11-16;7;0
5;2025-11-16;8;0
5;2025-11-16;9;0
5;2025-11-16;10;0
5;2025-11-16;11;0
5;2025-11-16;12;0
5;2025-11-16;13;0
5;2025-11-16;14;0
5;2025-11-16;15;0
5;2025-11-16;16;0
5;2025-11-16;17;0
5;2025-11-16;18;0
5;2025-11-16;19;0
5;2025-11-16;20;0
5;2025-11-16;21;0
5;2025-11-16;22;0
5;2025-11-16;23;0
5;2025-11-17;0;0
5;2025-11-17;1;0
5;2025-11-17;2;0
5;2025-11-17;3;0
5;2025-11-17;4;0
5;2025-11-17;5;0
5;2025-11-17;6;0
5;2025-11-17;7;0
5;2025-11-17;8;0
5;2025-11-17;9;0
5;2025-11-17;10;0
5;2025-11-17;11;0
5;2025-11-17;12;0
5;2025-11-17;13;0
5;2025-11-17;14;0
5;2025-11-17;15;0
5;2025-11-17;16;0
5;2025-11-17;17;0
5;2025-11-17;18;0
5;2025-11-17;19;0
5;2025-11-17;20;0
5;2025-11-17;21;0
5;2025-11-17;22;0
5;2025-11-17;23;0
5;2025-11-18;0;0
5;2025-11-18;1;0
5;2025-11-18;2;0
5;2025-11-18;3;0
5;2025-11-18;4;0
5;2025-11-18;5;0
5;2025-11-18;6;0
5;2025-11-18;7;0
5;2025-11-18;8;0
5;2025-11-18;9;0
5;2025-11-18;10;0
5;2025-11-18;11;0
5;2025-11-18;12;0
5;2025-11-18;13;0
5;2025-11-18;14;0
5;2025-11-18;15;0
5;2025-11-18;16;0
5;2025-11-18;17;0
5;2025-11-18;18;0
5;2025-11-18;19;0
5;2025-11-18;20;0
5;2025-11-18;21;0
5;2025-11-18;22;0
5;2025-11-18;23;0
5;2025-11-19;0;0
5;2025-11-19;1;0
5;2025-11-19;2;0
5;2025-11-19;3;0
5;2025-11-19;4;0
5;2025-11-19;5;0
5;2025-11-19;6;0
5;2025-11-19;7;0
5;2025-11-19;8;0
5;2025-11-19;9;0
5;2025-11-19;10;0
5;2025-11-19;11;0
5;2025-11-19;12;0
5;2025-11-19;13;0
5;2025-11-19;14;0
5;2025-11-19;15;0
5;2025-11-19;16;0
5;2025-11-19;17;0
5;2025-11-19;18;0
5;2025-11-19;19;0
5;2025-11-19;20;0
5;2025-11-19;21;0
5;2025-11-19;22;0
5;2025-11-19;23;0
5;2025-11-20;0;0
5;2025-11-20;1;0
5;2025-11-20;2;0
5;2025-11-20;3;0
5;2025-11-20;4;0
5;2025-11-20;5;0
5;2025-11-20;6;0
5;2025-11-20;7;0
5;2025-11-20;8;0
5;2025-11-20;9;0
5;2025-11-20;10;0
5;2025-11-20;11;0
5;2025-11-20;12;0
5;2025-11-20;13;0
5;2025-11-20;14;0
5;2025-11-20;15;0
5;2025-11-20;16;0
5;2025-11-20;17;0
5;2025-11-20;18;0
5;2025-11-20;19;0
5;2025-11-20;20;0
5;2025-11-20;21;0
5;2025-11-20;22;0
5;2025-11-20;23;0
5;2025-11-21;0;0
5;2025-11-21;1;0
5;2025-11-21;2;0
5;2025-11-21;3;0
5;2025-11-21;4;0
5;2025-11-21;5;0
5;2025-11-21;6;0
5;2025-11-21;7;0
5;2025-11-21;8;0
5;2025-11-21;9;0
5;2025-11-21;10;0
5;2025-11-21;11;0
5;2025-11-21;12;0
5;2025-11-21;13;0
5;2025-11-21;14;0
5;2025-11-21;15;0
5;2025-11-21;16;0
5;2025-11-21;17;0
5;2025-11-21;18;0
5;2025-11-21;19;0
5;2025-11-21;20;0
5;2025-11-21;21;0
5;2025-11-21;22;0
5;2025-11-21;23;0
5;2025-11-22;0;0
5;2025-11-22;1;0
5;2025-11-22;2;0
5;2025-11-22;3;0
5;2025-11-22;4;0
5;2025-11-22;5;0
5;2025-11-22;6;0
5;2025-11-22;7;0
5;2025-11-22;8;0
5;2025-11-22;9;0
5;2025-11-22;10;0
5;2025-11-22;11;0
5;2025-11-22;12;0
5;2025-11-22;13;0
5;2025-11-22;14;0
5;2025-11-22;15;0
5;2025-11-22;16;0
5;2025-11-22;17;0
5;2025-11-22;18;0
5;2025-11-22;19;0
5;2025-11-22;20;0
5;2025-11-22;21;0
5;2025-11-22;22;0
5;2025-11-22;23;0
5;2025-11-23;0;0
5;2025-11-23;1;0
5;2025-11-23;2;0
5;2025-11-23;3;0
5;2025-11-23;4;0
5;2025-11-23;5;0
5;2025-11-23;6;0
5;2025-11-23;7;0
5;2025-11-23;8;0
5;2025-11-23;9;0
5;2025-11-23;10;0
5;2025-11-23;11;0
5;2025-11-23;12;0
5;2025-11-23;13;0
5;2025-11-23;14;0
5;2025-11-23;15;0
5;2025-11-23;16;0
5;2025-11-23;17;0
5;2025-11-23;18;0
5;2025-11-23;19;0
5;2025-11-23;20;0
5;2025-11-23;21;0
5;2025-11-23;22;0
5;2025-11-23;23;0
5;2025-11-24;0;0
5;2025-11-24;1;0
5;2025-11-24;2;0
5;2025-11-24;3;0
5;2025-11-24;4;0
5;2025-11-24;5;0
5;2025-11-24;6;0
5;2025-11-24;7;0
5;2025-11-24;8;0
5;2025-11-24;9;0
5;2025-11-24;10;0
5;2025-11-24;11;0
5;2025-11-24;12;0
5;2025-11-24;13;0
5;2025-11-24;14;0
5;2025-11-24;15;0
5;2025-11-24;16;0
5;2025-11-24;17;0
5;2025-11-24;18;0
5;2025-11-24;19;0
5;2025-11-24;20;0
5;2025-11-24;21;0
5;2025-11-24;22;0
5;2025-11-24;23;0
5;2025-11-25;0;0
5;2025-11-25;1;0
5;2025-11-25;2;0
5;2025-11-25;3;0
5;2025-11-25;4;0
5;2025-11-25;5;0
5;2025-11-25;6;0
5;2025-11-25;7;0
5;2025-11-25;8;0
5;2025-11-25;9;0
5;2025-11-25;10;0
5;2025-11-25;11;0
5;2025-11-25;12;0
5;2025-11-25;13;0
5;2025-11-25;14;0
5;2025-11-25;15;0
5;2025-11-25;16;0
5;2025-11-25;17;0
5;2025-11-25;18;0
5;2025-11-25;19;0
5;2025-11-25;20;0
5;2025-11-25;21;0
5;2025-11-25;22;0
5;2025-11-25;23;0
5;2025-11-26;0;0
5;2025-11-26;1;0
5;2025-11-26;2;0
5;2025-11-26;3;0
5;2025-11-26;4;0
5;2025-11-26;5;0
5;2025-11-26;6;0
5;2025-11-26;7;0
5;2025-11-26;8;0
5;2025-11-26;9;0
5;2025-11-26;10;0
5;2025-11-26;11;0
5;2025-11-26;12;0
5;2025-11-26;13;0
5;2025-11-26;14;0
5;2025-11-26;15;0
5;2025-11-26;16;0
5;2025-11-26;17;0
5;2025-11-26;18;0
5;2025-11-26;19;0
5;2025-11-26;20;0
5;2025-11-26;21;0
5;2025-11-26;22;0
5;2025-11-26;23;0
5;2025-11-27;0;0
5;2025-11-27;1;0
5;2025-11-27;2;0
5;2025-11-27;3;0
5;2025-11-27;4;0
5;2025-11-27;5;0
5;2025-11-27;6;0
5;2025-11-27;7;0
5;2025-11-27;8;0
5;2025-11-27;9;0
5;2025-11-27;10;0
5;2025-11-27;11;0
5;2025-11-27;12;0
5;2025-11-27;13;0
5;2025-11-27;14;0
5;2025-11-27;15;0
5;2025-11-27;16;0
5;2025-11-27;17;0
5;2025-11-27;18;0
5;2025-11-27;19;0
5;2025-11-27;20;0
5;2025-11-27;21;0
5;2025-11-27;22;0
5;2025-11-27;23;0
5;2025-11-28;0;0
5;2025-11-28;1;0
5;2025-11-28;2;0
5;2025-11-28;3;0
5;2025-11-28;4;0
5;2025-11-28;5;0
5;2025-11-28;6;0
5;2025-11-28;7;0
5;2025-11-28;8;0
5;2025-11-28;9;0
5;2025-11-28;10;0
5;2025-11-28;11;0
5;2025-11-28;12;0
5;2025-11-28;13;0
5;2025-11-28;14;0
5;2025-11-28;15;0
5;2025-11-28;16;0
5;2025-11-28;17;0
5;2025-11-28;18;0
5;2025-11-28;19;0
5;2025-11-28;20;0
5;2025-11-28;21;0
5;2025-11-28;22;0
5;2025-11-28;23;0
5;2025-11-29;0;0
5;2025-11-29;1;0
5;2025-11-29;2;0
5;2025-11-29;3;0
5;2025-11-29;4;0
5;2025-11-29;5;0
5;2025-11-29;6;0
5;2025-11-29;7;0
5;2025-11-29;8;0
5;2025-11-29;9;0
5;2025-11-29;10;0
5;2025-11-29;11;0
5;2025-11-29;12;0
5;2025-11-29;13;0
5;2025-11-29;14;0
5;2025-11-29;15;0
5;2025-11-29;16;0
5;2025-11-29;17;0
5;2025-11-29;18;0
5;2025-11-29;19;0
5;2025-11-29;20;0
5;2025-11-29;21;0
5;2025-11-29;22;0
5;2025-11-29;23;0
5;2025-11-30;0;0
5;2025-11-30;1;0
5;2025-11-30;2;0
5;2025-11-30;3;0
5;2025-11-30;4;0
5;2025-11-30;5;0
5;2025-11-30;6;0
5;2025-11-30;7;0
5;2025-11-30;8;0
5;2025-11-30;9;0
5;2025-11-30;10;0
5;2025-11-30;11;0
5;2025-11-30;12;0
5;2025-11-30;13;0
5;2025-11-30;14;0
5;2025-11-30;15;0
5;2025-11-30;16;0
5;2025-11-30;17;0
5;2025-11-30;18;0
5;2025-11-30;19;0
5;2025-11-30;20;0
5;2025-11-30;21;0
5;2025-11-30;22;0
5;2025-11-30;23;0
5;2025-12-01;0;0
5;2025-12-01;1;0
5;2025-12-01;2;0
5;2025-12-01;3;0
5;2025-12-01;4;0
5;2025-12-01;5;0
5;2025-12-01;6;0
5;2025-12-01;7;0
5;2025-12-01;8;0
5;2025-12-01;9;0
5;2025-12-01;10;0
5;2025-12-01;11;0
5;2025-12-01;12;0
5;2025-12-01;13;0
5;2025-12-01;14;0
5;2025-12-01;15;0
5;2025-12-01;16;0
5;2025-12-01;17;0
5;2025-12-01;18;0
5;2025-12-01;19;0
5;2025-12-01;20;0
5;2025-12-01;21;0
5;2025-12-01;22;0
5;2025-12-01;23;0
5;2025-12-02;0;0
5;2025-12-02;1;0
5;2025-12-02;2;0
5;2025-12-02;3;0
5;2025-12-02;4;0
5;2025-12-02;5;0
5;2025-12-02;6;0
5;2025-12-02;7;0
5;2025-12-02;8;0
5;2025-12-02;9;0
5;2025-12-02;10;0
5;2025-12-02;11;0
5;2025-12-02;12;0
5;2025-12-02;13;0
5;2025-12-02;14;0
5;2025-12-02;15;0
5;2025-12-02;16;0
5;2025-12-02;17;0
5;2025-12-02;18;0
5;2025-12-02;19;0
5;2025-12-02;20;0
5;2025-12-02;21;0
5;2025-12-02;22;0
5;2025-12-02;23;0
5;2025-12-03;0;0
5;2025-12-03;1;0
5;2025-12-03;2;0
5;2025-12-03;3;0
5;2025-12-03;4;0
5;2025-12-03;5;0
5;2025-12-03;6;0
5;2025-12-03;7;0
5;2025-12-03;8;0
5;2025-12-03;9;0
5;2025-12-03;10;0
5;2025-12-03;11;0
5;2025-12-03;12;0
5;2025-12-03;13;0
5;2025-12-03;14;0
5;2025-12-03;15;0
5;2025-12-03;16;0
5;2025-12-03;17;0
5;2025-12-03;18;0
5;2025-12-03;19;0
5;2025-12-03;20;0
5;2025-12-03;21;0
5;2025-12-03;22;0
5;2025-12-03;23;0
5;2025-12-04;0;0
5;2025-12-04;1;0
5;2025-12-04;2;0
5;2025-12-04;3;0
5;2025-12-04;4;0
5;2025-12-04;5;0
5;2025-12-04;6;0
5;2025-12-04;7;0
5;2025-12-04;8;0
5;2025-12-04;9;0
5;2025-12-04;10;0
5;2025-12-04;11;0
5;2025-12-04;12;0
5;2025-12-04;13;0
5;2025-12-04;14;0
5;2025-12-04;15;0
5;2025-12-04;16;0
5;2025-12-04;17;0
5;2025-12-04;18;0
5;2025-12-04;19;0
5;2025-12-04;20;0
5;2025-12-04;21;0
5;2025-12-04;22;0
5;2025-12-04;23;0
5;2025-12-05;0;0
5;2025-12-05;1;0
5;2025-12-05;2;0
5;2025-12-05;3;0
5;2025-12-05;4;0
5;2025-12-05;5;0
5;2025-12-05;6;0
5;2025-12-05;7;0
5;2025-12-05;8;0
5;2025-12-05;9;0
5;2025-12-05;10;0
5;2025-12-05;11;0
5;2025-12-05;12;0
5;2025-12-05;13;0
5;2025-12-05;14;0
5;2025-12-05;15;0
5;2025-12-05;16;0
5;2025-12-05;17;0
5;2025-12-05;18;0
5;2025-12-05;19;0
5;2025-12-05;20;0
5;2025-12-05;21;0
5;2025-12-05;22;0
5;2025-12-05;23;0
5;2025-12-06;0;0
5;2025-12-06;1;0
5;2025-12-06;2;0
5;2025-12-06;3;0
5;2025-12-06;4;0
5;2025-12-06;5;0
5;2025-12-06;6;0
5;2025-12-06;7;0
5;2025-12-06;8;0
5;2025-12-06;9;0
5;2025-12-06;10;0
5;2025-12-06;11;0
5;2025-12-06;12;0
5;2025-12-06;13;0
5;2025-12-06;14;0
5;2025-12-06;15;0
5;2025-12-06;16;0
5;2025-12-06;17;0
5;2025-12-06;18;0
5;2025-12-06;19;0
5;2025-12-06;20;0
5;2025-12-06;21;0
5;2025-12-06;22;0
5;2025-12-06;23;0
5;2025-12-07;0;0
5;2025-12-07;1;0
5;2025-12-07;2;0
5;2025-12-07;3;0
5;2025-12-07;4;0
5;2025-12-07;5;0
5;2025-12-07;6;0
5;2025-12-07;7;0
5;2025-12-07;8;0
5;2025-12-07;9;0
5;2025-12-07;10;0
5;2025-12-07;11;0
5;2025-12-07;12;0
5;2025-12-07;13;0
5;2025-12-07;14;0
5;2025-12-07;15;0
5;2025-12-07;16;0
5;2025-12-07;17;0
5;2025-12-07;18;0
5;2025-12-07;19;0
5;2025-12-07;20;0
5;2025-12-07;21;0
5;2025-12-07;22;0
5;2025-12-07;23;0
5;2025-12-08;0;0
5;2025-12-08;1;0
5;2025-12-08;2;0
5;2025-12-08;3;0
5;2025-12-08;4;0
5;2025-12-08;5;0
5;2025-12-08;6;0
5;2025-12-08;7;0
5;2025-12-08;8;0
5;2025-12-08;9;0
5;2025-12-08;10;0
5;2025-12-08;11;0
5;2025-12-08;12;0
5;2025-12-08;13;0
5;2025-12-08;14;0
5;2025-12-08;15;0
5;2025-12-08;16;0
5;2025-12-08;17;0
5;2025-12-08;18;0
5;2025-12-08;19;0
5;2025-12-08;20;0
5;2025-12-08;21;0
5;2025-12-08;22;0
5;2025-12-08;23;0
5;2025-12-09;0;0
5;2025-12-09;1;0
5;2025-12-09;2;0
5;2025-12-09;3;0
5;2025-12-09;4;0
5;2025-12-09;5;0
5;2025-12-09;6;0
5;2025-12-09;7;0
5;2025-12-09;8;0
5;2025-12-09;9;0
5;2025-12-09;10;0
5;2025-12-09;11;0
5;2025-12-09;12;0
5;2025-12-09;13;0
5;2025-12-09;14;0
5;2025-12-09;15;0
5;2025-12-09;16;0
5;2025-12-09;17;0
5;2025-12-09;18;0
5;2025-12-09;19;0
5;2025-12-09;20;0
5;2025-12-09;21;0
5;2025-12-09;22;0
5;2025-12-09;23;0
5;2025-12-10;0;0
5;2025-12-10;1;0
5;2025-12-10;2;0
5;2025-12-10;3;0
5;2025-12-10;4;0
5;2025-12-10;5;0
5;2025-12-10;6;0
5;2025-12-10;7;0
5;2025-12-10;8;0
5;2025-12-10;9;0
5;2025-12-10;10;0
5;2025-12-10;11;0
5;2025-12-10;12;0
5;2025-12-10;13;0
5;2025-12-10;14;0
5;2025-12-10;15;0
5;2025-12-10;16;0
5;2025-12-10;17;0
5;2025-12-10;18;0
5;2025-12-10;19;0
5;2025-12-10;20;0
5;2025-12-10;21;0
5;2025-12-10;22;0
5;2025-12-10;23;0
5;2025-12-11;0;0
5;2025-12-11;1;0
5;2025-12-11;2;0
5;2025-12-11;3;0
5;2025-12-11;4;0
5;2025-12-11;5;0
5;2025-12-11;6;0
5;2025-12-11;7;0
5;2025-12-11;8;0
5;2025-12-11;9;0
5;2025-12-11;10;0
5;2025-12-11;11;0
5;2025-12-11;12;0
5;2025-12-11;13;0
5;2025-12-11;14;0
5;2025-12-11;15;0
5;2025-12-11;16;0
5;2025-12-11;17;0
5;2025-12-11;18;0
5;2025-12-11;19;0
5;2025-12-11;20;0
5;2025-12-11;21;0
5;2025-12-11;22;0
5;2025-12-11;23;0
5;2025-12-12;0;0
5;2025-12-12;1;0
5;2025-12-12;2;0
5;2025-12-12;3;0
5;2025-12-12;4;0
5;2025-12-12;5;0
5;2025-12-12;6;0
5;2025-12-12;7;0
5;2025-12-12;8;0
5;2025-12-12;9;0
5;2025-12-12;10;0
5;2025-12-12;11;0
5;2025-12-12;12;0
5;2025-12-12;13;0
5;2025-12-12;14;0
5;2025-12-12;15;0
5;2025-12-12;16;0
5;2025-12-12;17;0
5;2025-12-12;18;0
5;2025-12-12;19;0
5;2025-12-12;20;0
5;2025-12-12;21;0
5;2025-12-12;22;0
5;2025-12-12;23;0
5;2025-12-13;0;0
5;2025-12-13;1;0
5;2025-12-13;2;0
5;2025-12-13;3;0
5;2025-12-13;4;0
5;2025-12-13;5;0
5;2025-12-13;6;0
5;2025-12-13;7;0
5;2025-12-13;8;0
5;2025-12-13;9;0
5;2025-12-13;10;0
5;2025-12-13;11;0
5;2025-12-13;12;0
5;2025-12-13;13;0
5;2025-12-13;14;0
5;2025-12-13;15;0
5;2025-12-13;16;0
5;2025-12-13;17;0
5;2025-12-13;18;0
5;2025-12-13;19;0
5;2025-12-13;20;0
5;2025-12-13;21;0
5;2025-12-13;22;0
5;2025-12-13;23;0
5;2025-12-14;0;0
5;2025-12-14;1;0
5;2025-12-14;2;0
5;2025-12-14;3;0
5;2025-12-14;4;0
5;2025-12-14;5;0
5;2025-12-14;6;0
5;2025-12-14;7;0
5;2025-12-14;8;0
5;2025-12-14;9;0
5;2025-12-14;10;0
5;2025-12-14;11;0
5;2025-12-14;12;0
5;2025-12-14;13;0
5;2025-12-14;14;0
5;2025-12-14;15;0
5;2025-12-14;16;0
5;2025-12-14;17;0
5;2025-12-14;18;0
5;2025-12-14;19;0
5;2025-12-14;20;0
5;2025-12-14;21;0
5;2025-12-14;22;0
5;2025-12-14;23;0
5;2025-12-15;0;0
5;2025-12-15;1;0
5;2025-12-15;2;0
5;2025-12-15;3;0
5;2025-12-15;4;0
5;2025-12-15;5;0
5;2025-12-15;6;0
5;2025-12-15;7;0
5;2025-12-15;8;0
5;2025-12-15;9;0
5;2025-12-15;10;0
5;2025-12-15;11;0
5;2025-12-15;12;0
5;2025-12-15;13;0
5;2025-12-15;14;0
5;2025-12-15;15;0
5;2025-12-15;16;0
5;2025-12-15;17;0
5;2025-12-15;18;0
5;2025-12-15;19;0
5;2025-12-15;20;0
5;2025-12-15;21;0
5;2025-12-15;22;0
5;2025-12-15;23;0
5;2025-12-16;0;0
5;2025-12-16;1;0
5;2025-12-16;2;0
5;2025-12-16;3;0
5;2025-12-16;4;0
5;2025-12-16;5;0
5;2025-12-16;6;0
5;2025-12-16;7;0
5;2025-12-16;8;0
5;2025-12-16;9;0
5;2025-12-16;10;0
5;2025-12-16;11;0
5;2025-12-16;12;0
5;2025-12-16;13;0
5;2025-12-16;14;0
5;2025-12-16;15;0
5;2025-12-16;16;0
5;2025-12-16;17;0
5;2025-12-16;18;0
5;2025-12-16;19;0
5;2025-12-16;20;0
5;2025-12-16;21;0
5;2025-12-16;22;0
5;2025-12-16;23;0
5;2025-12-17;0;0
5;2025-12-17;1;0
5;2025-12-17;2;0
5;2025-12-17;3;0
5;2025-12-17;4;0
5;2025-12-17;5;0
5;2025-12-17;6;0
5;2025-12-17;7;0
5;2025-12-17;8;0
5;2025-12-17;9;0
5;2025-12-17;10;0
5;2025-12-17;11;0
5;2025-12-17;12;0
5;2025-12-17;13;0
5;2025-12-17;14;0
5;2025-12-17;15;0
5;2025-12-17;16;0
5;2025-12-17;17;0
5;2025-12-17;18;0
5;2025-12-17;19;0
5;2025-12-17;20;0
5;2025-12-17;21;0
5;2025-12-17;22;0
5;2025-12-17;23;0
5;2025-12-18;0;0
5;2025-12-18;1;0
5;2025-12-18;2;0
5;2025-12-18;3;0
5;2025-12-18;4;0
5;2025-12-18;5;0
5;2025-12-18;6;0
5;2025-12-18;7;0
5;2025-12-18;8;0
5;2025-12-18;9;0
5;2025-12-18;10;0
5;2025-12-18;11;0
5;2025-12-18;12;0
5;2025-12-18;13;0
5;2025-12-18;14;0
5;2025-12-18;15;0
5;2025-12-18;16;0
5;2025-12-18;17;0
5;2025-12-18;18;0
5;2025-12-18;19;0
5;2025-12-18;20;0
5;2025-12-18;21;0
5;2025-12-18;22;0
5;2025-12-18;23;0
5;2025-12-19;0;0
5;2025-12-19;1;0
5;2025-12-19;2;0
5;2025-12-19;3;0
5;2025-12-19;4;0
5;2025-12-19;5;0
5;2025-12-19;6;0
5;2025-12-19;7;0
5;2025-12-19;8;0
5;2025-12-19;9;0
5;2025-12-19;10;0
5;2025-12-19;11;0
5;2025-12-19;12;0
5;2025-12-19;13;0
5;2025-12-19;14;0
5;2025-12-19;15;0
5;2025-12-19;16;0
5;2025-12-19;17;0
5;2025-12-19;18;0
5;2025-12-19;19;0
5;2025-12-19;20;0
5;2025-12-19;21;0
5;2025-12-19;22;0
5;2025-12-19;23;0
5;2025-12-20;0;0
5;2025-12-20;1;0
5;2025-12-20;2;0
5;2025-12-20;3;0
5;2025-12-20;4;0
5;2025-12-20;5;0
5;2025-12-20;6;0
5;2025-12-20;7;0
5;2025-12-20;8;0
5;2025-12-20;9;0
5;2025-12-20;10;0
5;2025-12-20;11;0
5;2025-12-20;12;0
5;2025-12-20;13;0
5;2025-12-20;14;0
5;2025-12-20;15;0
5;2025-12-20;16;0
5;2025-12-20;17;0
5;2025-12-20;18;0
5;2025-12-20;19;0
5;2025-12-20;20;0
5;2025-12-20;21;0
5;2025-12-20;22;0
5;2025-12-20;23;0
5;2025-12-21;0;0
5;2025-12-21;1;0
5;2025-12-21;2;0
5;2025-12-21;3;0
5;2025-12-21;4;0
5;2025-12-21;5;0
5;2025-12-21;6;0
5;2025-12-21;7;0
5;2025-12-21;8;0
5;2025-12-21;9;0
5;2025-12-21;10;0
5;2025-12-21;11;0
5;2025-12-21;12;0
5;2025-12-21;13;0
5;2025-12-21;14;0
5;2025-12-21;15;0
5;2025-12-21;16;0
5;2025-12-21;17;0
5;2025-12-21;18;0
5;2025-12-21;19;0
5;2025-12-21;20;0
5;2025-12-21;21;0
5;2025-12-21;22;0
5;2025-12-21;23;0
5;2025-12-22;0;0
5;2025-12-22;1;0
5;2025-12-22;2;0
5;2025-12-22;3;0
5;2025-12-22;4;0
5;2025-12-22;5;0
5;2025-12-22;6;0
5;2025-12-22;7;0
5;2025-12-22;8;0
5;2025-12-22;9;0
5;2025-12-22;10;0
5;2025-12-22;11;0
5;2025-12-22;12;0
5;2025-12-22;13;0
5;2025-12-22;14;0
5;2025-12-22;15;0
5;2025-12-22;16;0
5;2025-12-22;17;0
5;2025-12-22;18;0
5;2025-12-22;19;0
5;2025-12-22;20;0
5;2025-12-22;21;0
5;2025-12-22;22;0
5;2025-12-22;23;0
5;2025-12-23;0;0
5;2025-12-23;1;0
5;2025-12-23;2;0
5;2025-12-23;3;0
5;2025-12-23;4;0
5;2025-12-23;5;0
5;2025-12-23;6;0
5;2025-12-23;7;0
5;2025-12-23;8;0
5;2025-12-23;9;0
5;2025-12-23;10;0
5;2025-12-23;11;0
5;2025-12-23;12;0
5;2025-12-23;13;0
5;2025-12-23;14;0
5;2025-12-23;15;0
5;2025-12-23;16;0
5;2025-12-23;17;0
5;2025-12-23;18;0
5;2025-12-23;19;0
5;2025-12-23;20;0
5;2025-12-23;21;0
5;2025-12-23;22;0
5;2025-12-23;23;0
5;2025-12-24;0;0
5;2025-12-24;1;0
5;2025-12-24;2;0
5;2025-12-24;3;0
5;2025-12-24;4;0
5;2025-12-24;5;0
5;2025-12-24;6;0
5;2025-12-24;7;0
5;2025-12-24;8;0
5;2025-12-24;9;0
5;2025-12-24;10;0
5;2025-12-24;11;0
5;2025-12-24;12;0
5;2025-12-24;13;0
5;2025-12-24;14;0
5;2025-12-24;15;0
5;2025-12-24;16;0
5;2025-12-24;17;0
5;2025-12-24;18;0
5;2025-12-24;19;0
5;2025-12-24;20;0
5;2025-12-24;21;0
5;2025-12-24;22;0
5;2025-12-24;23;0
5;2025-12-25;0;0
5;2025-12-25;1;0
5;2025-12-25;2;0
5;2025-12-25;3;0
5;2025-12-25;4;0
5;2025-12-25;5;0
5;2025-12-25;6;0
5;2025-12-25;7;0
5;2025-12-25;8;0
5;2025-12-25;9;0
5;2025-12-25;10;0
5;2025-12-25;11;0
5;2025-12-25;12;0
5;2025-12-25;13;0
5;2025-12-25;14;0
5;2025-12-25;15;0
5;2025-12-25;16;0
5;2025-12-25;17;0
5;2025-12-25;18;0
5;2025-12-25;19;0
5;2025-12-25;20;0
5;2025-12-25;21;0
5;2025-12-25;22;0
5;2025-12-25;23;0
5;2025-12-26;0;0
5;2025-12-26;1;0
5;2025-12-26;2;0
5;2025-12-26;3;0
5;2025-12-26;4;0
5;2025-12-26;5;0
5;2025-12-26;6;0
5;2025-12-26;7;0
5;2025-12-26;8;0
5;2025-12-26;9;0
5;2025-12-26;10;0
5;2025-12-26;11;0
5;2025-12-26;12;0
5;2025-12-26;13;0
5;2025-12-26;14;0
5;2025-12-26;15;0
5;2025-12-26;16;0
5;2025-12-26;17;0
5;2025-12-26;18;0
5;2025-12-26;19;0
5;2025-12-26;20;0
5;2025-12-26;21;0
5;2025-12-26;22;0
5;2025-12-26;23;0
5;2025-12-27;0;0
5;2025-12-27;1;0
5;2025-12-27;2;0
5;2025-12-27;3;0
5;2025-12-27;4;0
5;2025-12-27;5;0
5;2025-12-27;6;0
5;2025-12-27;7;0
5;2025-12-27;8;0
5;2025-12-27;9;0
5;2025-12-27;10;0
5;2025-12-27;11;0
5;2025-12-27;12;0
5;2025-12-27;13;0
5;2025-12-27;14;0
5;2025-12-27;15;0
5;2025-12-27;16;0
5;2025-12-27;17;0
5;2025-12-27;18;0
5;2025-12-27;19;0
5;2025-12-27;20;0
5;2025-12-27;21;0
5;2025-12-27;22;0
5;2025-12-27;23;0
5;2025-12-28;0;0
5;2025-12-28;1;0
5;2025-12-28;2;0
5;2025-12-28;3;0
5;2025-12-28;4;0
5;2025-12-28;5;0
5;2025-12-28;6;0
5;2025-12-28;7;0
5;2025-12-28;8;0
5;2025-12-28;9;0
5;2025-12-28;10;0
5;2025-12-28;11;0
5;2025-12-28;12;0
5;2025-12-28;13;0
5;2025-12-28;14;0
5;2025-12-28;15;0
5;2025-12-28;16;0
5;2025-12-28;17;0
5;2025-12-28;18;0
5;2025-12-28;19;0
5;2025-12-28;20;0
5;2025-12-28;21;0
5;2025-12-28;22;0
5;2025-12-28;23;0
5;2025-12-29;0;0
5;2025-12-29;1;0
5;2025-12-29;2;0
5;2025-12-29;3;0
5;2025-12-29;4;0
5;2025-12-29;5;0
5;2025-12-29;6;0
5;2025-12-29;7;0
5;2025-12-29;8;0
5;2025-12-29;9;0
5;2025-12-29;10;0
5;2025-12-29;11;0
5;2025-12-29;12;0
5;2025-12-29;13;0
5;2025-12-29;14;0
5;2025-12-29;15;0
5;2025-12-29;16;0
5;2025-12-29;17;0
5;2025-12-29;18;0
5;2025-12-29;19;0
5;2025-12-29;20;0
5;2025-12-29;21;0
5;2025-12-29;22;0
5;2025-12-29;23;0
5;2025-12-30;0;0
5;2025-12-30;1;0
5;2025-12-30;2;0
5;2025-12-30;3;0
5;2025-12-30;4;0
5;2025-12-30;5;0
5;2025-12-30;6;0
5;2025-12-30;7;0
5;2025-12-30;8;0
5;2025-12-30;9;0
5;2025-12-30;10;0
5;2025-12-30;11;0
5;2025-12-30;12;0
5;2025-12-30;13;0
5;2025-12-30;14;0
5;2025-12-30;15;0
5;2025-12-30;16;0
5;2025-12-30;17;0
5;2025-12-30;18;0
5;2025-12-30;19;0
5;2025-12-30;20;0
5;2025-12-30;21;0
5;2025-12-30;22;0
5;2025-12-30;23;0
5;2025-12-31;0;0
5;2025-12-31;1;0
5;2025-12-31;2;0
5;2025-12-31;3;0
5;2025-12-31;4;0
5;2025-12-31;5;0
5;2025-12-31;6;0
5;2025-12-31;7;0
5;2025-12-31;8;0
5;2025-12-31;9;0
5;2025-12-31;10;0
5;2025-12-31;11;0
5;2025-12-31;12;0
5;2025-12-31;13;0
5;2025-12-31;14;0
5;2025-12-31;15;0
5;2025-12-31;16;0
5;2025-12-31;17;0
5;2025-12-31;18;0
5;2025-12-31;19;0
5;2025-12-31;20;0
5;2025-12-31;21;0
5;2025-12-31;22;0
5;2025-12-31;23;0
7;2025-11-01;0;109
7;2025-11-01;1;25
7;2025-11-01;2;0
7;2025-11-01;3;0
7;2025-11-01;4;1
7;2025-11-01;5;137
7;2025-11-01;6;468
7;2025-11-01;7;1172
7;2025-11-01;8;1777
7;2025-11-01;9;1320
7;2025-11-01;10;1352
7;2025-11-01;11;1239
7;2025-11-01;12;1306
7;2025-11-01;13;1322
7;2025-11-01;14;1364
7;2025-11-01;15;1479
7;2025-11-01;16;1650
7;2025-11-01;17;1821
7;2025-11-01;18;1568
7;2025-11-01;19;1068
7;2025-11-01;20;771
7;2025-11-01;21;465
7;2025-11-01;22;256
7;2025-11-01;23;194
7;2025-11-02;0;99
7;2025-11-02;1;23
7;2025-11-02;2;0
7;2025-11-02;3;0
7;2025-11-02;4;1
7;2025-11-02;5;29
7;2025-11-02;6;124
7;2025-11-02;7;167
7;2025-11-02;8;375
7;2025-11-02;9;497
7;2025-11-02;10;385
7;2025-11-02;11;572
7;2025-11-02;12;618
7;2025-11-02;13;614
7;2025-11-02;14;642
7;2025-11-02;15;695
7;2025-11-02;16;599
7;2025-11-02;17;609
7;2025-11-02;18;632
7;2025-11-02;19;468
7;2025-11-02;20;387
7;2025-11-02;21;284
7;2025-11-02;22;147
7;2025-11-02;23;117
7;2025-11-03;0;99
7;2025-11-03;1;23
7;2025-11-03;2;0
7;2025-11-03;3;0
7;2025-11-03;4;1
7;2025-11-03;5;29
7;2025-11-03;6;124
7;2025-11-03;7;167
7;2025-11-03;8;375
7;2025-11-03;9;497
7;2025-11-03;10;385
7;2025-11-03;11;572
7;2025-11-03;12;618
7;2025-11-03;13;614
7;2025-11-03;14;642
7;2025-11-03;15;695
7;2025-11-03;16;599
7;2025-11-03;17;609
7;2025-11-03;18;632
7;2025-11-03;19;468
7;2025-11-03;20;387
7;2025-11-03;21;284
7;2025-11-03;22;147
7;2025-11-03;23;117
7;2025-11-04;0;99
7;2025-11-04;1;23
7;2025-11-04;2;0
7;2025-11-04;3;0
7;2025-11-04;4;1
7;2025-11-04;5;29
7;2025-11-04;6;124
7;2025-11-04;7;167
7;2025-11-04;8;375
7;2025-11-04;9;497
7;2025-11-04;10;385
7;2025-11-04;11;572
7;2025-11-04;12;618
7;2025-11-04;13;614
7;2025-11-04;14;642
7;2025-11-04;15;695
7;2025-11-04;16;599
7;2025-11-04;17;609
7;2025-11-04;18;632
7;2025-11-04;19;468
7;2025-11-04;20;387
7;2025-11-04;21;284
7;2025-11-04;22;147
7;2025-11-04;23;117
7;2025-11-05;0;58
7;2025-11-05;1;12
7;2025-11-05;2;0
7;2025-11-05;3;0
7;2025-11-05;4;1
7;2025-11-05;5;183
7;2025-11-05;6;582
7;2025-11-05;7;1582
7;2025-11-05;8;2454
7;2025-11-05;9;1826
7;2025-11-05;10;1640
7;2025-11-05;11;1538
7;2025-11-05;12;1662
7;2025-11-05;13;1546
7;2025-11-05;14;1597
7;2025-11-05;15;1735
7;2025-11-05;16;1812
7;2025-11-05;17;2350
7;2025-11-05;18;2555
7;2025-11-05;19;1651
7;2025-11-05;20;1056
7;2025-11-05;21;625
7;2025-11-05;22;298
7;2025-11-05;23;192
7;2025-11-06;0;58
7;2025-11-06;1;12
7;2025-11-06;2;0
7;2025-11-06;3;0
7;2025-11-06;4;1
7;2025-11-06;5;183
7;2025-11-06;6;582
7;2025-11-06;7;1582
7;2025-11-06;8;2454
7;2025-11-06;9;1826
7;2025-11-06;10;1640
7;2025-11-06;11;1538
7;2025-11-06;12;1662
7;2025-11-06;13;1546
7;2025-11-06;14;1597
7;2025-11-06;15;1735
7;2025-11-06;16;1812
7;2025-11-06;17;2350
7;2025-11-06;18;2555
7;2025-11-06;19;1651
7;2025-11-06;20;1056
7;2025-11-06;21;625
7;2025-11-06;22;298
7;2025-11-06;23;192
7;2025-11-07;0;76
7;2025-11-07;1;14
7;2025-11-07;2;0
7;2025-11-07;3;0
7;2025-11-07;4;2
7;2025-11-07;5;171
7;2025-11-07;6;585
7;2025-11-07;7;1466
7;2025-11-07;8;2221
7;2025-11-07;9;1650
7;2025-11-07;10;1690
7;2025-11-07;11;1549
7;2025-11-07;12;1633
7;2025-11-07;13;1652
7;2025-11-07;14;1704
7;2025-11-07;15;1848
7;2025-11-07;16;2063
7;2025-11-07;17;2276
7;2025-11-07;18;1960
7;2025-11-07;19;1335
7;2025-11-07;20;963
7;2025-11-07;21;581
7;2025-11-07;22;320
7;2025-11-07;23;243
7;2025-11-08;0;129
7;2025-11-08;1;29
7;2025-11-08;2;0
7;2025-11-08;3;0
7;2025-11-08;4;1
7;2025-11-08;5;52
7;2025-11-08;6;283
7;2025-11-08;7;315
7;2025-11-08;8;751
7;2025-11-08;9;606
7;2025-11-08;10;673
7;2025-11-08;11;713
7;2025-11-08;12;993
7;2025-11-08;13;934
7;2025-11-08;14;892
7;2025-11-08;15;876
7;2025-11-08;16;875
7;2025-11-08;17;862
7;2025-11-08;18;809
7;2025-11-08;19;640
7;2025-11-08;20;567
7;2025-11-08;21;397
7;2025-11-08;22;223
7;2025-11-08;23;181
7;2025-11-09;0;99
7;2025-11-09;1;23
7;2025-11-09;2;0
7;2025-11-09;3;0
7;2025-11-09;4;1
7;2025-11-09;5;29
7;2025-11-09;6;124
7;2025-11-09;7;167
7;2025-11-09;8;375
7;2025-11-09;9;497
7;2025-11-09;10;385
7;2025-11-09;11;572
7;2025-11-09;12;618
7;2025-11-09;13;614
7;2025-11-09;14;642
7;2025-11-09;15;695
7;2025-11-09;16;599
7;2025-11-09;17;609
7;2025-11-09;18;632
7;2025-11-09;19;468
7;2025-11-09;20;387
7;2025-11-09;21;284
7;2025-11-09;22;147
7;2025-11-09;23;117
7;2025-11-10;0;58
7;2025-11-10;1;12
7;2025-11-10;2;0
7;2025-11-10;3;0
7;2025-11-10;4;1
7;2025-11-10;5;183
7;2025-11-10;6;582
7;2025-11-10;7;1582
7;2025-11-10;8;2454
7;2025-11-10;9;1826
7;2025-11-10;10;1640
7;2025-11-10;11;1538
7;2025-11-10;12;1662
7;2025-11-10;13;1546
7;2025-11-10;14;1597
7;2025-11-10;15;1735
7;2025-11-10;16;1812
7;2025-11-10;17;2350
7;2025-11-10;18;2555
7;2025-11-10;19;1651
7;2025-11-10;20;1056
7;2025-11-10;21;625
7;2025-11-10;22;298
7;2025-11-10;23;192
7;2025-11-11;0;58
7;2025-11-11;1;12
7;2025-11-11;2;0
7;2025-11-11;3;0
7;2025-11-11;4;1
7;2025-11-11;5;183
7;2025-11-11;6;582
7;2025-11-11;7;1582
7;2025-11-11;8;2454
7;2025-11-11;9;1826
7;2025-11-11;10;1640
7;2025-11-11;11;1538
7;2025-11-11;12;1662
7;2025-11-11;13;1546
7;2025-11-11;14;1597
7;2025-11-11;15;1735
7;2025-11-11;16;1812
7;2025-11-11;17;2350
7;2025-11-11;18;2555
7;2025-11-11;19;1651
7;2025-11-11;20;1056
7;2025-11-11;21;625
7;2025-11-11;22;298
7;2025-11-11;23;192
7;2025-11-12;0;58
7;2025-11-12;1;12
7;2025-11-12;2;0
7;2025-11-12;3;0
7;2025-11-12;4;1
7;2025-11-12;5;183
7;2025-11-12;6;582
7;2025-11-12;7;1582
7;2025-11-12;8;2454
7;2025-11-12;9;1826
7;2025-11-12;10;1640
7;2025-11-12;11;1538
7;2025-11-12;12;1662
7;2025-11-12;13;1546
7;2025-11-12;14;1597
7;2025-11-12;15;1735
7;2025-11-12;16;1812
7;2025-11-12;17;2350
7;2025-11-12;18;2555
7;2025-11-12;19;1651
7;2025-11-12;20;1056
7;2025-11-12;21;625
7;2025-11-12;22;298
7;2025-11-12;23;192
7;2025-11-13;0;58
7;2025-11-13;1;12
7;2025-11-13;2;0
7;2025-11-13;3;0
7;2025-11-13;4;1
7;2025-11-13;5;183
7;2025-11-13;6;582
7;2025-11-13;7;1582
7;2025-11-13;8;2454
7;2025-11-13;9;1826
7;2025-11-13;10;1640
7;2025-11-13;11;1538
7;2025-11-13;12;1662
7;2025-11-13;13;1546
7;2025-11-13;14;1597
7;2025-11-13;15;1735
7;2025-11-13;16;1812
7;2025-11-13;17;2350
7;2025-11-13;18;2555
7;2025-11-13;19;1651
7;2025-11-13;20;1056
7;2025-11-13;21;625
7;2025-11-13;22;298
7;2025-11-13;23;192
7;2025-11-14;0;76
7;2025-11-14;1;14
7;2025-11-14;2;0
7;2025-11-14;3;0
7;2025-11-14;4;2
7;2025-11-14;5;171
7;2025-11-14;6;585
7;2025-11-14;7;1466
7;2025-11-14;8;2221
7;2025-11-14;9;1650
7;2025-11-14;10;1690
7;2025-11-14;11;1549
7;2025-11-14;12;1633
7;2025-11-14;13;1652
7;2025-11-14;14;1704
7;2025-11-14;15;1848
7;2025-11-14;16;2063
7;2025-11-14;17;2276
7;2025-11-14;18;1960
7;2025-11-14;19;1335
7;2025-11-14;20;963
7;2025-11-14;21;581
7;2025-11-14;22;320
7;2025-11-14;23;243
7;2025-11-15;0;129
7;2025-11-15;1;29
7;2025-11-15;2;0
7;2025-11-15;3;0
7;2025-11-15;4;1
7;2025-11-15;5;52
7;2025-11-15;6;283
7;2025-11-15;7;315
7;2025-11-15;8;751
7;2025-11-15;9;606
7;2025-11-15;10;673
7;2025-11-15;11;713
7;2025-11-15;12;993
7;2025-11-15;13;934
7;2025-11-15;14;892
7;2025-11-15;15;876
7;2025-11-15;16;875
7;2025-11-15;17;862
7;2025-11-15;18;809
7;2025-11-15;19;640
7;2025-11-15;20;567
7;2025-11-15;21;397
7;2025-11-15;22;223
7;2025-11-15;23;181
7;2025-11-16;0;99
7;2025-11-16;1;23
7;2025-11-16;2;0
7;2025-11-16;3;0
7;2025-11-16;4;1
7;2025-11-16;5;29
7;2025-11-16;6;124
7;2025-11-16;7;167
7;2025-11-16;8;375
7;2025-11-16;9;497
7;2025-11-16;10;385
7;2025-11-16;11;572
7;2025-11-16;12;618
7;2025-11-16;13;614
7;2025-11-16;14;642
7;2025-11-16;15;695
7;2025-11-16;16;599
7;2025-11-16;17;609
7;2025-11-16;18;632
7;2025-11-16;19;468
7;2025-11-16;20;387
7;2025-11-16;21;284
7;2025-11-16;22;147
7;2025-11-16;23;117
7;2025-11-17;0;58
7;2025-11-17;1;12
7;2025-11-17;2;0
7;2025-11-17;3;0
7;2025-11-17;4;1
7;2025-11-17;5;183
7;2025-11-17;6;582
7;2025-11-17;7;1582
7;2025-11-17;8;2454
7;2025-11-17;9;1826
7;2025-11-17;10;1640
7;2025-11-17;11;1538
7;2025-11-17;12;1662
7;2025-11-17;13;1546
7;2025-11-17;14;1597
7;2025-11-17;15;1735
7;2025-11-17;16;1812
7;2025-11-17;17;2350
7;2025-11-17;18;2555
7;2025-11-17;19;1651
7;2025-11-17;20;1056
7;2025-11-17;21;625
7;2025-11-17;22;298
7;2025-11-17;23;192
7;2025-11-18;0;58
7;2025-11-18;1;12
7;2025-11-18;2;0
7;2025-11-18;3;0
7;2025-11-18;4;1
7;2025-11-18;5;183
7;2025-11-18;6;582
7;2025-11-18;7;1582
7;2025-11-18;8;2454
7;2025-11-18;9;1826
7;2025-11-18;10;1640
7;2025-11-18;11;1538
7;2025-11-18;12;1662
7;2025-11-18;13;1546
7;2025-11-18;14;1597
7;2025-11-18;15;1735
7;2025-11-18;16;1812
7;2025-11-18;17;2350
7;2025-11-18;18;2555
7;2025-11-18;19;1651
7;2025-11-18;20;1056
7;2025-11-18;21;625
7;2025-11-18;22;298
7;2025-11-18;23;192
7;2025-11-19;0;58
7;2025-11-19;1;12
7;2025-11-19;2;0
7;2025-11-19;3;0
7;2025-11-19;4;1
7;2025-11-19;5;183
7;2025-11-19;6;582
7;2025-11-19;7;1582
7;2025-11-19;8;2454
7;2025-11-19;9;1826
7;2025-11-19;10;1640
7;2025-11-19;11;1538
7;2025-11-19;12;1662
7;2025-11-19;13;1546
7;2025-11-19;14;1597
7;2025-11-19;15;1735
7;2025-11-19;16;1812
7;2025-11-19;17;2350
7;2025-11-19;18;2555
7;2025-11-19;19;1651
7;2025-11-19;20;1056
7;2025-11-19;21;625
7;2025-11-19;22;298
7;2025-11-19;23;192
7;2025-11-20;0;58
7;2025-11-20;1;12
7;2025-11-20;2;0
7;2025-11-20;3;0
7;2025-11-20;4;1
7;2025-11-20;5;183
7;2025-11-20;6;582
7;2025-11-20;7;1582
7;2025-11-20;8;2454
7;2025-11-20;9;1826
7;2025-11-20;10;1640
7;2025-11-20;11;1538
7;2025-11-20;12;1662
7;2025-11-20;13;1546
7;2025-11-20;14;1597
7;2025-11-20;15;1735
7;2025-11-20;16;1812
7;2025-11-20;17;2350
7;2025-11-20;18;2555
7;2025-11-20;19;1651
7;2025-11-20;20;1056
7;2025-11-20;21;625
7;2025-11-20;22;298
7;2025-11-20;23;192
7;2025-11-21;0;76
7;2025-11-21;1;14
7;2025-11-21;2;0
7;2025-11-21;3;0
7;2025-11-21;4;2
7;2025-11-21;5;171
7;2025-11-21;6;585
7;2025-11-21;7;1466
7;2025-11-21;8;2221
7;2025-11-21;9;1650
7;2025-11-21;10;1690
7;2025-11-21;11;1549
7;2025-11-21;12;1633
7;2025-11-21;13;1652
7;2025-11-21;14;1704
7;2025-11-21;15;1848
7;2025-11-21;16;2063
7;2025-11-21;17;2276
7;2025-11-21;18;1960
7;2025-11-21;19;1335
7;2025-11-21;20;963
7;2025-11-21;21;581
7;2025-11-21;22;320
7;2025-11-21;23;243
7;2025-11-22;0;129
7;2025-11-22;1;29
7;2025-11-22;2;0
7;2025-11-22;3;0
7;2025-11-22;4;1
7;2025-11-22;5;52
7;2025-11-22;6;283
7;2025-11-22;7;315
7;2025-11-22;8;751
7;2025-11-22;9;606
7;2025-11-22;10;673
7;2025-11-22;11;713
7;2025-11-22;12;993
7;2025-11-22;13;934
7;2025-11-22;14;892
7;2025-11-22;15;876
7;2025-11-22;16;875
7;2025-11-22;17;862
7;2025-11-22;18;809
7;2025-11-22;19;640
7;2025-11-22;20;567
7;2025-11-22;21;397
7;2025-11-22;22;223
7;2025-11-22;23;181
7;2025-11-23;0;99
7;2025-11-23;1;23
7;2025-11-23;2;0
7;2025-11-23;3;0
7;2025-11-23;4;1
7;2025-11-23;5;29
7;2025-11-23;6;124
7;2025-11-23;7;167
7;2025-11-23;8;375
7;2025-11-23;9;497
7;2025-11-23;10;385
7;2025-11-23;11;572
7;2025-11-23;12;618
7;2025-11-23;13;614
7;2025-11-23;14;642
7;2025-11-23;15;695
7;2025-11-23;16;599
7;2025-11-23;17;609
7;2025-11-23;18;632
7;2025-11-23;19;468
7;2025-11-23;20;387
7;2025-11-23;21;284
7;2025-11-23;22;147
7;2025-11-23;23;117
7;2025-11-24;0;58
7;2025-11-24;1;12
7;2025-11-24;2;0
7;2025-11-24;3;0
7;2025-11-24;4;1
7;2025-11-24;5;183
7;2025-11-24;6;582
7;2025-11-24;7;1582
7;2025-11-24;8;2454
7;2025-11-24;9;1826
7;2025-11-24;10;1640
7;2025-11-24;11;1538
7;2025-11-24;12;1662
7;2025-11-24;13;1546
7;2025-11-24;14;1597
7;2025-11-24;15;1735
7;2025-11-24;16;1812
7;2025-11-24;17;2350
7;2025-11-24;18;2555
7;2025-11-24;19;1651
7;2025-11-24;20;1056
7;2025-11-24;21;625
7;2025-11-24;22;298
7;2025-11-24;23;192
7;2025-11-25;0;58
7;2025-11-25;1;12
7;2025-11-25;2;0
7;2025-11-25;3;0
7;2025-11-25;4;1
7;2025-11-25;5;183
7;2025-11-25;6;582
7;2025-11-25;7;1582
7;2025-11-25;8;2454
7;2025-11-25;9;1826
7;2025-11-25;10;1640
7;2025-11-25;11;1538
7;2025-11-25;12;1662
7;2025-11-25;13;1546
7;2025-11-25;14;1597
7;2025-11-25;15;1735
7;2025-11-25;16;1812
7;2025-11-25;17;2350
7;2025-11-25;18;2555
7;2025-11-25;19;1651
7;2025-11-25;20;1056
7;2025-11-25;21;625
7;2025-11-25;22;298
7;2025-11-25;23;192
7;2025-11-26;0;58
7;2025-11-26;1;12
7;2025-11-26;2;0
7;2025-11-26;3;0
7;2025-11-26;4;1
7;2025-11-26;5;183
7;2025-11-26;6;582
7;2025-11-26;7;1582
7;2025-11-26;8;2454
7;2025-11-26;9;1826
7;2025-11-26;10;1640
7;2025-11-26;11;1538
7;2025-11-26;12;1662
7;2025-11-26;13;1546
7;2025-11-26;14;1597
7;2025-11-26;15;1735
7;2025-11-26;16;1812
7;2025-11-26;17;2350
7;2025-11-26;18;2555
7;2025-11-26;19;1651
7;2025-11-26;20;1056
7;2025-11-26;21;625
7;2025-11-26;22;298
7;2025-11-26;23;192
7;2025-11-27;0;58
7;2025-11-27;1;12
7;2025-11-27;2;0
7;2025-11-27;3;0
7;2025-11-27;4;1
7;2025-11-27;5;183
7;2025-11-27;6;582
7;2025-11-27;7;1582
7;2025-11-27;8;2454
7;2025-11-27;9;1826
7;2025-11-27;10;1640
7;2025-11-27;11;1538
7;2025-11-27;12;1662
7;2025-11-27;13;1546
7;2025-11-27;14;1597
7;2025-11-27;15;1735
7;2025-11-27;16;1812
7;2025-11-27;17;2350
7;2025-11-27;18;2555
7;2025-11-27;19;1651
7;2025-11-27;20;1056
7;2025-11-27;21;625
7;2025-11-27;22;298
7;2025-11-27;23;192
7;2025-11-28;0;76
7;2025-11-28;1;14
7;2025-11-28;2;0
7;2025-11-28;3;0
7;2025-11-28;4;2
7;2025-11-28;5;171
7;2025-11-28;6;585
7;2025-11-28;7;1466
7;2025-11-28;8;2221
7;2025-11-28;9;1650
7;2025-11-28;10;1690
7;2025-11-28;11;1549
7;2025-11-28;12;1633
7;2025-11-28;13;1652
7;2025-11-28;14;1704
7;2025-11-28;15;1848
7;2025-11-28;16;2063
7;2025-11-28;17;2276
7;2025-11-28;18;1960
7;2025-11-28;19;1335
7;2025-11-28;20;963
7;2025-11-28;21;581
7;2025-11-28;22;320
7;2025-11-28;23;243
7;2025-11-29;0;129
7;2025-11-29;1;29
7;2025-11-29;2;0
7;2025-11-29;3;0
7;2025-11-29;4;1
7;2025-11-29;5;52
7;2025-11-29;6;283
7;2025-11-29;7;315
7;2025-11-29;8;751
7;2025-11-29;9;606
7;2025-11-29;10;673
7;2025-11-29;11;713
7;2025-11-29;12;993
7;2025-11-29;13;934
7;2025-11-29;14;892
7;2025-11-29;15;876
7;2025-11-29;16;875
7;2025-11-29;17;862
7;2025-11-29;18;809
7;2025-11-29;19;640
7;2025-11-29;20;567
7;2025-11-29;21;397
7;2025-11-29;22;223
7;2025-11-29;23;181
7;2025-11-30;0;99
7;2025-11-30;1;23
7;2025-11-30;2;0
7;2025-11-30;3;0
7;2025-11-30;4;1
7;2025-11-30;5;29
7;2025-11-30;6;124
7;2025-11-30;7;167
7;2025-11-30;8;375
7;2025-11-30;9;497
7;2025-11-30;10;385
7;2025-11-30;11;572
7;2025-11-30;12;618
7;2025-11-30;13;614
7;2025-11-30;14;642
7;2025-11-30;15;695
7;2025-11-30;16;599
7;2025-11-30;17;609
7;2025-11-30;18;632
7;2025-11-30;19;468
7;2025-11-30;20;387
7;2025-11-30;21;284
7;2025-11-30;22;147
7;2025-11-30;23;117
7;2025-12-01;0;58
7;2025-12-01;1;12
7;2025-12-01;2;0
7;2025-12-01;3;0
7;2025-12-01;4;1
7;2025-12-01;5;183
7;2025-12-01;6;582
7;2025-12-01;7;1582
7;2025-12-01;8;2454
7;2025-12-01;9;1826
7;2025-12-01;10;1640
7;2025-12-01;11;1538
7;2025-12-01;12;1662
7;2025-12-01;13;1546
7;2025-12-01;14;1597
7;2025-12-01;15;1735
7;2025-12-01;16;1812
7;2025-12-01;17;2350
7;2025-12-01;18;2555
7;2025-12-01;19;1651
7;2025-12-01;20;1056
7;2025-12-01;21;625
7;2025-12-01;22;298
7;2025-12-01;23;192
7;2025-12-02;0;58
7;2025-12-02;1;12
7;2025-12-02;2;0
7;2025-12-02;3;0
7;2025-12-02;4;1
7;2025-12-02;5;183
7;2025-12-02;6;582
7;2025-12-02;7;1582
7;2025-12-02;8;2454
7;2025-12-02;9;1826
7;2025-12-02;10;1640
7;2025-12-02;11;1538
7;2025-12-02;12;1662
7;2025-12-02;13;1546
7;2025-12-02;14;1597
7;2025-12-02;15;1735
7;2025-12-02;16;1812
7;2025-12-02;17;2350
7;2025-12-02;18;2555
7;2025-12-02;19;1651
7;2025-12-02;20;1056
7;2025-12-02;21;625
7;2025-12-02;22;298
7;2025-12-02;23;192
7;2025-12-03;0;58
7;2025-12-03;1;12
7;2025-12-03;2;0
7;2025-12-03;3;0
7;2025-12-03;4;1
7;2025-12-03;5;183
7;2025-12-03;6;582
7;2025-12-03;7;1582
7;2025-12-03;8;2454
7;2025-12-03;9;1826
7;2025-12-03;10;1640
7;2025-12-03;11;1538
7;2025-12-03;12;1662
7;2025-12-03;13;1546
7;2025-12-03;14;1597
7;2025-12-03;15;1735
7;2025-12-03;16;1812
7;2025-12-03;17;2350
7;2025-12-03;18;2555
7;2025-12-03;19;1651
7;2025-12-03;20;1056
7;2025-12-03;21;625
7;2025-12-03;22;298
7;2025-12-03;23;192
7;2025-12-04;0;58
7;2025-12-04;1;12
7;2025-12-04;2;0
7;2025-12-04;3;0
7;2025-12-04;4;1
7;2025-12-04;5;183
7;2025-12-04;6;582
7;2025-12-04;7;1582
7;2025-12-04;8;2454
7;2025-12-04;9;1826
7;2025-12-04;10;1640
7;2025-12-04;11;1538
7;2025-12-04;12;1662
7;2025-12-04;13;1546
7;2025-12-04;14;1597
7;2025-12-04;15;1735
7;2025-12-04;16;1812
7;2025-12-04;17;2350
7;2025-12-04;18;2555
7;2025-12-04;19;1651
7;2025-12-04;20;1056
7;2025-12-04;21;625
7;2025-12-04;22;298
7;2025-12-04;23;192
7;2025-12-05;0;76
7;2025-12-05;1;14
7;2025-12-05;2;0
7;2025-12-05;3;0
7;2025-12-05;4;2
7;2025-12-05;5;171
7;2025-12-05;6;585
7;2025-12-05;7;1466
7;2025-12-05;8;2221
7;2025-12-05;9;1650
7;2025-12-05;10;1690
7;2025-12-05;11;1549
7;2025-12-05;12;1633
7;2025-12-05;13;1652
7;2025-12-05;14;1704
7;2025-12-05;15;1848
7;2025-12-05;16;2063
7;2025-12-05;17;2276
7;2025-12-05;18;1960
7;2025-12-05;19;1335
7;2025-12-05;20;963
7;2025-12-05;21;581
7;2025-12-05;22;320
7;2025-12-05;23;243
7;2025-12-06;0;106
7;2025-12-06;1;23
7;2025-12-06;2;0
7;2025-12-06;3;0
7;2025-12-06;4;0
7;2025-12-06;5;61
7;2025-12-06;6;293
7;2025-12-06;7;475
7;2025-12-06;8;730
7;2025-12-06;9;877
7;2025-12-06;10;981
7;2025-12-06;11;1015
7;2025-12-06;12;1170
7;2025-12-06;13;1314
7;2025-12-06;14;1322
7;2025-12-06;15;1229
7;2025-12-06;16;1173
7;2025-12-06;17;1175
7;2025-12-06;18;1085
7;2025-12-06;19;1088
7;2025-12-06;20;815
7;2025-12-06;21;629
7;2025-12-06;22;368
7;2025-12-06;23;217
7;2025-12-07;0;70
7;2025-12-07;1;12
7;2025-12-07;2;0
7;2025-12-07;3;0
7;2025-12-07;4;2
7;2025-12-07;5;200
7;2025-12-07;6;665
7;2025-12-07;7;1541
7;2025-12-07;8;2345
7;2025-12-07;9;1738
7;2025-12-07;10;1483
7;2025-12-07;11;1345
7;2025-12-07;12;1412
7;2025-12-07;13;1409
7;2025-12-07;14;1490
7;2025-12-07;15;1619
7;2025-12-07;16;1717
7;2025-12-07;17;2110
7;2025-12-07;18;2301
7;2025-12-07;19;1646
7;2025-12-07;20;1037
7;2025-12-07;21;640
7;2025-12-07;22;341
7;2025-12-07;23;194
7;2025-12-08;0;58
7;2025-12-08;1;12
7;2025-12-08;2;0
7;2025-12-08;3;0
7;2025-12-08;4;1
7;2025-12-08;5;183
7;2025-12-08;6;582
7;2025-12-08;7;1582
7;2025-12-08;8;2454
7;2025-12-08;9;1826
7;2025-12-08;10;1640
7;2025-12-08;11;1538
7;2025-12-08;12;1662
7;2025-12-08;13;1546
7;2025-12-08;14;1597
7;2025-12-08;15;1735
7;2025-12-08;16;1812
7;2025-12-08;17;2350
7;2025-12-08;18;2555
7;2025-12-08;19;1651
7;2025-12-08;20;1056
7;2025-12-08;21;625
7;2025-12-08;22;298
7;2025-12-08;23;192
7;2025-12-09;0;58
7;2025-12-09;1;12
7;2025-12-09;2;0
7;2025-12-09;3;0
7;2025-12-09;4;1
7;2025-12-09;5;183
7;2025-12-09;6;582
7;2025-12-09;7;1582
7;2025-12-09;8;2454
7;2025-12-09;9;1826
7;2025-12-09;10;1640
7;2025-12-09;11;1538
7;2025-12-09;12;1662
7;2025-12-09;13;1546
7;2025-12-09;14;1597
7;2025-12-09;15;1735
7;2025-12-09;16;1812
7;2025-12-09;17;2350
7;2025-12-09;18;2555
7;2025-12-09;19;1651
7;2025-12-09;20;1056
7;2025-12-09;21;625
7;2025-12-09;22;298
7;2025-12-09;23;192
7;2025-12-10;0;58
7;2025-12-10;1;12
7;2025-12-10;2;0
7;2025-12-10;3;0
7;2025-12-10;4;1
7;2025-12-10;5;183
7;2025-12-10;6;582
7;2025-12-10;7;1582
7;2025-12-10;8;2454
7;2025-12-10;9;1826
7;2025-12-10;10;1640
7;2025-12-10;11;1538
7;2025-12-10;12;1662
7;2025-12-10;13;1546
7;2025-12-10;14;1597
7;2025-12-10;15;1735
7;2025-12-10;16;1812
7;2025-12-10;17;2350
7;2025-12-10;18;2555
7;2025-12-10;19;1651
7;2025-12-10;20;1056
7;2025-12-10;21;625
7;2025-12-10;22;298
7;2025-12-10;23;192
7;2025-12-11;0;58
7;2025-12-11;1;12
7;2025-12-11;2;0
7;2025-12-11;3;0
7;2025-12-11;4;1
7;2025-12-11;5;183
7;2025-12-11;6;582
7;2025-12-11;7;1582
7;2025-12-11;8;2454
7;2025-12-11;9;1826
7;2025-12-11;10;1640
7;2025-12-11;11;1538
7;2025-12-11;12;1662
7;2025-12-11;13;1546
7;2025-12-11;14;1597
7;2025-12-11;15;1735
7;2025-12-11;16;1812
7;2025-12-11;17;2350
7;2025-12-11;18;2555
7;2025-12-11;19;1651
7;2025-12-11;20;1056
7;2025-12-11;21;625
7;2025-12-11;22;298
7;2025-12-11;23;192
7;2025-12-12;0;76
7;2025-12-12;1;14
7;2025-12-12;2;0
7;2025-12-12;3;0
7;2025-12-12;4;2
7;2025-12-12;5;171
7;2025-12-12;6;585
7;2025-12-12;7;1466
7;2025-12-12;8;2221
7;2025-12-12;9;1650
7;2025-12-12;10;1690
7;2025-12-12;11;1549
7;2025-12-12;12;1633
7;2025-12-12;13;1652
7;2025-12-12;14;1704
7;2025-12-12;15;1848
7;2025-12-12;16;2063
7;2025-12-12;17;2276
7;2025-12-12;18;1960
7;2025-12-12;19;1335
7;2025-12-12;20;963
7;2025-12-12;21;581
7;2025-12-12;22;320
7;2025-12-12;23;243
7;2025-12-13;0;106
7;2025-12-13;1;23
7;2025-12-13;2;0
7;2025-12-13;3;0
7;2025-12-13;4;0
7;2025-12-13;5;61
7;2025-12-13;6;293
7;2025-12-13;7;475
7;2025-12-13;8;730
7;2025-12-13;9;877
7;2025-12-13;10;981
7;2025-12-13;11;1015
7;2025-12-13;12;1170
7;2025-12-13;13;1314
7;2025-12-13;14;1322
7;2025-12-13;15;1229
7;2025-12-13;16;1173
7;2025-12-13;17;1175
7;2025-12-13;18;1085
7;2025-12-13;19;1088
7;2025-12-13;20;815
7;2025-12-13;21;629
7;2025-12-13;22;368
7;2025-12-13;23;217
7;2025-12-14;0;70
7;2025-12-14;1;12
7;2025-12-14;2;0
7;2025-12-14;3;0
7;2025-12-14;4;2
7;2025-12-14;5;200
7;2025-12-14;6;665
7;2025-12-14;7;1541
7;2025-12-14;8;2345
7;2025-12-14;9;1738
7;2025-12-14;10;1483
7;2025-12-14;11;1345
7;2025-12-14;12;1412
7;2025-12-14;13;1409
7;2025-12-14;14;1490
7;2025-12-14;15;1619
7;2025-12-14;16;1717
7;2025-12-14;17;2110
7;2025-12-14;18;2301
7;2025-12-14;19;1646
7;2025-12-14;20;1037
7;2025-12-14;21;640
7;2025-12-14;22;341
7;2025-12-14;23;194
7;2025-12-15;0;58
7;2025-12-15;1;12
7;2025-12-15;2;0
7;2025-12-15;3;0
7;2025-12-15;4;1
7;2025-12-15;5;183
7;2025-12-15;6;582
7;2025-12-15;7;1582
7;2025-12-15;8;2454
7;2025-12-15;9;1826
7;2025-12-15;10;1640
7;2025-12-15;11;1538
7;2025-12-15;12;1662
7;2025-12-15;13;1546
7;2025-12-15;14;1597
7;2025-12-15;15;1735
7;2025-12-15;16;1812
7;2025-12-15;17;2350
7;2025-12-15;18;2555
7;2025-12-15;19;1651
7;2025-12-15;20;1056
7;2025-12-15;21;625
7;2025-12-15;22;298
7;2025-12-15;23;192
7;2025-12-16;0;58
7;2025-12-16;1;12
7;2025-12-16;2;0
7;2025-12-16;3;0
7;2025-12-16;4;1
7;2025-12-16;5;183
7;2025-12-16;6;582
7;2025-12-16;7;1582
7;2025-12-16;8;2454
7;2025-12-16;9;1826
7;2025-12-16;10;1640
7;2025-12-16;11;1538
7;2025-12-16;12;1662
7;2025-12-16;13;1546
7;2025-12-16;14;1597
7;2025-12-16;15;1735
7;2025-12-16;16;1812
7;2025-12-16;17;2350
7;2025-12-16;18;2555
7;2025-12-16;19;1651
7;2025-12-16;20;1056
7;2025-12-16;21;625
7;2025-12-16;22;298
7;2025-12-16;23;192
7;2025-12-17;0;58
7;2025-12-17;1;12
7;2025-12-17;2;0
7;2025-12-17;3;0
7;2025-12-17;4;1
7;2025-12-17;5;183
7;2025-12-17;6;582
7;2025-12-17;7;1582
7;2025-12-17;8;2454
7;2025-12-17;9;1826
7;2025-12-17;10;1640
7;2025-12-17;11;1538
7;2025-12-17;12;1662
7;2025-12-17;13;1546
7;2025-12-17;14;1597
7;2025-12-17;15;1735
7;2025-12-17;16;1812
7;2025-12-17;17;2350
7;2025-12-17;18;2555
7;2025-12-17;19;1651
7;2025-12-17;20;1056
7;2025-12-17;21;625
7;2025-12-17;22;298
7;2025-12-17;23;192
7;2025-12-18;0;58
7;2025-12-18;1;12
7;2025-12-18;2;0
7;2025-12-18;3;0
7;2025-12-18;4;1
7;2025-12-18;5;183
7;2025-12-18;6;582
7;2025-12-18;7;1582
7;2025-12-18;8;2454
7;2025-12-18;9;1826
7;2025-12-18;10;1640
7;2025-12-18;11;1538
7;2025-12-18;12;1662
7;2025-12-18;13;1546
7;2025-12-18;14;1597
7;2025-12-18;15;1735
7;2025-12-18;16;1812
7;2025-12-18;17;2350
7;2025-12-18;18;2555
7;2025-12-18;19;1651
7;2025-12-18;20;1056
7;2025-12-18;21;625
7;2025-12-18;22;298
7;2025-12-18;23;192
7;2025-12-19;0;76
7;2025-12-19;1;14
7;2025-12-19;2;0
7;2025-12-19;3;0
7;2025-12-19;4;2
7;2025-12-19;5;171
7;2025-12-19;6;585
7;2025-12-19;7;1466
7;2025-12-19;8;2221
7;2025-12-19;9;1650
7;2025-12-19;10;1690
7;2025-12-19;11;1549
7;2025-12-19;12;1633
7;2025-12-19;13;1652
7;2025-12-19;14;1704
7;2025-12-19;15;1848
7;2025-12-19;16;2063
7;2025-12-19;17;2276
7;2025-12-19;18;1960
7;2025-12-19;19;1335
7;2025-12-19;20;963
7;2025-12-19;21;581
7;2025-12-19;22;320
7;2025-12-19;23;243
7;2025-12-20;0;106
7;2025-12-20;1;23
7;2025-12-20;2;0
7;2025-12-20;3;0
7;2025-12-20;4;0
7;2025-12-20;5;61
7;2025-12-20;6;293
7;2025-12-20;7;475
7;2025-12-20;8;730
7;2025-12-20;9;877
7;2025-12-20;10;981
7;2025-12-20;11;1015
7;2025-12-20;12;1170
7;2025-12-20;13;1314
7;2025-12-20;14;1322
7;2025-12-20;15;1229
7;2025-12-20;16;1173
7;2025-12-20;17;1175
7;2025-12-20;18;1085
7;2025-12-20;19;1088
7;2025-12-20;20;815
7;2025-12-20;21;629
7;2025-12-20;22;368
7;2025-12-20;23;217
7;2025-12-21;0;70
7;2025-12-21;1;12
7;2025-12-21;2;0
7;2025-12-21;3;0
7;2025-12-21;4;2
7;2025-12-21;5;200
7;2025-12-21;6;665
7;2025-12-21;7;1541
7;2025-12-21;8;2345
7;2025-12-21;9;1738
7;2025-12-21;10;1483
7;2025-12-21;11;1345
7;2025-12-21;12;1412
7;2025-12-21;13;1409
7;2025-12-21;14;1490
7;2025-12-21;15;1619
7;2025-12-21;16;1717
7;2025-12-21;17;2110
7;2025-12-21;18;2301
7;2025-12-21;19;1646
7;2025-12-21;20;1037
7;2025-12-21;21;640
7;2025-12-21;22;341
7;2025-12-21;23;194
7;2025-12-22;0;58
7;2025-12-22;1;12
7;2025-12-22;2;0
7;2025-12-22;3;0
7;2025-12-22;4;1
7;2025-12-22;5;183
7;2025-12-22;6;582
7;2025-12-22;7;1582
7;2025-12-22;8;2454
7;2025-12-22;9;1826
7;2025-12-22;10;1640
7;2025-12-22;11;1538
7;2025-12-22;12;1662
7;2025-12-22;13;1546
7;2025-12-22;14;1597
7;2025-12-22;15;1735
7;2025-12-22;16;1812
7;2025-12-22;17;2350
7;2025-12-22;18;2555
7;2025-12-22;19;1651
7;2025-12-22;20;1056
7;2025-12-22;21;625
7;2025-12-22;22;298
7;2025-12-22;23;192
7;2025-12-23;0;58
7;2025-12-23;1;12
7;2025-12-23;2;0
7;2025-12-23;3;0
7;2025-12-23;4;1
7;2025-12-23;5;183
7;2025-12-23;6;582
7;2025-12-23;7;1582
7;2025-12-23;8;2454
7;2025-12-23;9;1826
7;2025-12-23;10;1640
7;2025-12-23;11;1538
7;2025-12-23;12;1662
7;2025-12-23;13;1546
7;2025-12-23;14;1597
7;2025-12-23;15;1735
7;2025-12-23;16;1812
7;2025-12-23;17;2350
7;2025-12-23;18;2555
7;2025-12-23;19;1651
7;2025-12-23;20;1056
7;2025-12-23;21;625
7;2025-12-23;22;298
7;2025-12-23;23;192
7;2025-12-24;0;58
7;2025-12-24;1;12
7;2025-12-24;2;0
7;2025-12-24;3;0
7;2025-12-24;4;1
7;2025-12-24;5;183
7;2025-12-24;6;582
7;2025-12-24;7;1582
7;2025-12-24;8;2454
7;2025-12-24;9;1826
7;2025-12-24;10;1640
7;2025-12-24;11;1538
7;2025-12-24;12;1662
7;2025-12-24;13;1546
7;2025-12-24;14;1597
7;2025-12-24;15;1735
7;2025-12-24;16;1812
7;2025-12-24;17;2350
7;2025-12-24;18;2555
7;2025-12-24;19;1651
7;2025-12-24;20;1056
7;2025-12-24;21;625
7;2025-12-24;22;298
7;2025-12-24;23;192
7;2025-12-25;0;58
7;2025-12-25;1;12
7;2025-12-25;2;0
7;2025-12-25;3;0
7;2025-12-25;4;1
7;2025-12-25;5;183
7;2025-12-25;6;582
7;2025-12-25;7;1582
7;2025-12-25;8;2454
7;2025-12-25;9;1826
7;2025-12-25;10;1640
7;2025-12-25;11;1538
7;2025-12-25;12;1662
7;2025-12-25;13;1546
7;2025-12-25;14;1597
7;2025-12-25;15;1735
7;2025-12-25;16;1812
7;2025-12-25;17;2350
7;2025-12-25;18;2555
7;2025-12-25;19;1651
7;2025-12-25;20;1056
7;2025-12-25;21;625
7;2025-12-25;22;298
7;2025-12-25;23;192
7;2025-12-26;0;76
7;2025-12-26;1;14
7;2025-12-26;2;0
7;2025-12-26;3;0
7;2025-12-26;4;2
7;2025-12-26;5;171
7;2025-12-26;6;585
7;2025-12-26;7;1466
7;2025-12-26;8;2221
7;2025-12-26;9;1650
7;2025-12-26;10;1690
7;2025-12-26;11;1549
7;2025-12-26;12;1633
7;2025-12-26;13;1652
7;2025-12-26;14;1704
7;2025-12-26;15;1848
7;2025-12-26;16;2063
7;2025-12-26;17;2276
7;2025-12-26;18;1960
7;2025-12-26;19;1335
7;2025-12-26;20;963
7;2025-12-26;21;581
7;2025-12-26;22;320
7;2025-12-26;23;243
7;2025-12-27;0;106
7;2025-12-27;1;23
7;2025-12-27;2;0
7;2025-12-27;3;0
7;2025-12-27;4;0
7;2025-12-27;5;61
7;2025-12-27;6;293
7;2025-12-27;7;475
7;2025-12-27;8;730
7;2025-12-27;9;877
7;2025-12-27;10;981
7;2025-12-27;11;1015
7;2025-12-27;12;1170
7;2025-12-27;13;1314
7;2025-12-27;14;1322
7;2025-12-27;15;1229
7;2025-12-27;16;1173
7;2025-12-27;17;1175
7;2025-12-27;18;1085
7;2025-12-27;19;1088
7;2025-12-27;20;815
7;2025-12-27;21;629
7;2025-12-27;22;368
7;2025-12-27;23;217
7;2025-12-28;0;70
7;2025-12-28;1;12
7;2025-12-28;2;0
7;2025-12-28;3;0
7;2025-12-28;4;2
7;2025-12-28;5;200
7;2025-12-28;6;665
7;2025-12-28;7;1541
7;2025-12-28;8;2345
7;2025-12-28;9;1738
7;2025-12-28;10;1483
7;2025-12-28;11;1345
7;2025-12-28;12;1412
7;2025-12-28;13;1409
7;2025-12-28;14;1490
7;2025-12-28;15;1619
7;2025-12-28;16;1717
7;2025-12-28;17;2110
7;2025-12-28;18;2301
7;2025-12-28;19;1646
7;2025-12-28;20;1037
7;2025-12-28;21;640
7;2025-12-28;22;341
7;2025-12-28;23;194
7;2025-12-29;0;51
7;2025-12-29;1;11
7;2025-12-29;2;0
7;2025-12-29;3;0
7;2025-12-29;4;1
7;2025-12-29;5;161
7;2025-12-29;6;512
7;2025-12-29;7;1392
7;2025-12-29;8;2160
7;2025-12-29;9;1607
7;2025-12-29;10;1443
7;2025-12-29;11;1353
7;2025-12-29;12;1463
7;2025-12-29;13;1361
7;2025-12-29;14;1405
7;2025-12-29;15;1527
7;2025-12-29;16;1594
7;2025-12-29;17;2068
7;2025-12-29;18;2249
7;2025-12-29;19;1453
7;2025-12-29;20;929
7;2025-12-29;21;550
7;2025-12-29;22;263
7;2025-12-29;23;169
7;2025-12-30;0;51
7;2025-12-30;1;11
7;2025-12-30;2;0
7;2025-12-30;3;0
7;2025-12-30;4;1
7;2025-12-30;5;161
7;2025-12-30;6;512
7;2025-12-30;7;1392
7;2025-12-30;8;2160
7;2025-12-30;9;1607
7;2025-12-30;10;1443
7;2025-12-30;11;1353
7;2025-12-30;12;1463
7;2025-12-30;13;1361
7;2025-12-30;14;1405
7;2025-12-30;15;1527
7;2025-12-30;16;1594
7;2025-12-30;17;2068
7;2025-12-30;18;2249
7;2025-12-30;19;1453
7;2025-12-30;20;929
7;2025-12-30;21;550
7;2025-12-30;22;263
7;2025-12-30;23;169
7;2025-12-31;0;103
7;2025-12-31;1;23
7;2025-12-31;2;0
7;2025-12-31;3;0
7;2025-12-31;4;1
7;2025-12-31;5;42
7;2025-12-31;6;226
7;2025-12-31;7;252
7;2025-12-31;8;601
7;2025-12-31;9;485
7;2025-12-31;10;538
7;2025-12-31;11;571
7;2025-12-31;12;795
7;2025-12-31;13;747
7;2025-12-31;14;714
7;2025-12-31;15;700
7;2025-12-31;16;700
7;2025-12-31;17;689
7;2025-12-31;18;647
7;2025-12-31;19;512
7;2025-12-31;20;0
7;2025-12-31;21;0
7;2025-12-31;22;0
7;2025-12-31;23;0
11;2025-11-01;0;108
11;2025-11-01;1;0
11;2025-11-01;2;0
11;2025-11-01;3;0
11;2025-11-01;4;0
11;2025-11-01;5;197
11;2025-11-01;6;1001
11;2025-11-01;7;1868
11;2025-11-01;8;2533
11;2025-11-01;9;1712
11;2025-11-01;10;1421
11;2025-11-01;11;1343
11;2025-11-01;12;1460
11;2025-11-01;13;1434
11;2025-11-01;14;1596
11;2025-11-01;15;1584
11;2025-11-01;16;1758
11;2025-11-01;17;2227
11;2025-11-01;18;1861
11;2025-11-01;19;1394
11;2025-11-01;20;1013
11;2025-11-01;21;632
11;2025-11-01;22;285
11;2025-11-01;23;257
11;2025-11-02;0;104
11;2025-11-02;1;14
11;2025-11-02;2;0
11;2025-11-02;3;0
11;2025-11-02;4;0
11;2025-11-02;5;99
11;2025-11-02;6;456
11;2025-11-02;7;452
11;2025-11-02;8;635
11;2025-11-02;9;863
11;2025-11-02;10;955
11;2025-11-02;11;1401
11;2025-11-02;12;1470
11;2025-11-02;13;1420
11;2025-11-02;14;1520
11;2025-11-02;15;1491
11;2025-11-02;16;1406
11;2025-11-02;17;1563
11;2025-11-02;18;1150
11;2025-11-02;19;918
11;2025-11-02;20;708
11;2025-11-02;21;542
11;2025-11-02;22;317
11;2025-11-02;23;220
11;2025-11-03;0;104
11;2025-11-03;1;14
11;2025-11-03;2;0
11;2025-11-03;3;0
11;2025-11-03;4;0
11;2025-11-03;5;99
11;2025-11-03;6;456
11;2025-11-03;7;452
11;2025-11-03;8;635
11;2025-11-03;9;863
11;2025-11-03;10;955
11;2025-11-03;11;1401
11;2025-11-03;12;1470
11;2025-11-03;13;1420
11;2025-11-03;14;1520
11;2025-11-03;15;1491
11;2025-11-03;16;1406
11;2025-11-03;17;1563
11;2025-11-03;18;1150
11;2025-11-03;19;918
11;2025-11-03;20;708
11;2025-11-03;21;542
11;2025-11-03;22;317
11;2025-11-03;23;220
11;2025-11-04;0;104
11;2025-11-04;1;14
11;2025-11-04;2;0
11;2025-11-04;3;0
11;2025-11-04;4;0
11;2025-11-04;5;99
11;2025-11-04;6;456
11;2025-11-04;7;452
11;2025-11-04;8;635
11;2025-11-04;9;863
11;2025-11-04;10;955
11;2025-11-04;11;1401
11;2025-11-04;12;1470
11;2025-11-04;13;1420
11;2025-11-04;14;1520
11;2025-11-04;15;1491
11;2025-11-04;16;1406
11;2025-11-04;17;1563
11;2025-11-04;18;1150
11;2025-11-04;19;918
11;2025-11-04;20;708
11;2025-11-04;21;542
11;2025-11-04;22;317
11;2025-11-04;23;220
11;2025-11-05;0;61
11;2025-11-05;1;3
11;2025-11-05;2;0
11;2025-11-05;3;0
11;2025-11-05;4;0
11;2025-11-05;5;245
11;2025-11-05;6;1317
11;2025-11-05;7;2478
11;2025-11-05;8;3228
11;2025-11-05;9;2432
11;2025-11-05;10;2023
11;2025-11-05;11;1897
11;2025-11-05;12;1948
11;2025-11-05;13;2069
11;2025-11-05;14;2044
11;2025-11-05;15;1943
11;2025-11-05;16;2182
11;2025-11-05;17;2752
11;2025-11-05;18;3081
11;2025-11-05;19;2206
11;2025-11-05;20;1375
11;2025-11-05;21;797
11;2025-11-05;22;368
11;2025-11-05;23;236
11;2025-11-06;0;61
11;2025-11-06;1;3
11;2025-11-06;2;0
11;2025-11-06;3;0
11;2025-11-06;4;0
11;2025-11-06;5;245
11;2025-11-06;6;1317
11;2025-11-06;7;2478
11;2025-11-06;8;3228
11;2025-11-06;9;2432
11;2025-11-06;10;2023
11;2025-11-06;11;1897
11;2025-11-06;12;1948
11;2025-11-06;13;2069
11;2025-11-06;14;2044
11;2025-11-06;15;1943
11;2025-11-06;16;2182
11;2025-11-06;17;2752
11;2025-11-06;18;3081
11;2025-11-06;19;2206
11;2025-11-06;20;1375
11;2025-11-06;21;797
11;2025-11-06;22;368
11;2025-11-06;23;236
11;2025-11-07;0;66
11;2025-11-07;1;2
11;2025-11-07;2;0
11;2025-11-07;3;0
11;2025-11-07;4;0
11;2025-11-07;5;246
11;2025-11-07;6;1251
11;2025-11-07;7;2335
11;2025-11-07;8;3166
11;2025-11-07;9;2140
11;2025-11-07;10;1776
11;2025-11-07;11;1679
11;2025-11-07;12;1825
11;2025-11-07;13;1793
11;2025-11-07;14;1995
11;2025-11-07;15;1980
11;2025-11-07;16;2197
11;2025-11-07;17;2784
11;2025-11-07;18;2326
11;2025-11-07;19;1742
11;2025-11-07;20;1267
11;2025-11-07;21;790
11;2025-11-07;22;357
11;2025-11-07;23;321
11;2025-11-08;0;105
11;2025-11-08;1;1
11;2025-11-08;2;0
11;2025-11-08;3;0
11;2025-11-08;4;0
11;2025-11-08;5;164
11;2025-11-08;6;816
11;2025-11-08;7;741
11;2025-11-08;8;1018
11;2025-11-08;9;1139
11;2025-11-08;10;1360
11;2025-11-08;11;1676
11;2025-11-08;12;1911
11;2025-11-08;13;1777
11;2025-11-08;14;2014
11;2025-11-08;15;1865
11;2025-11-08;16;1748
11;2025-11-08;17;1851
11;2025-11-08;18;1469
11;2025-11-08;19;1430
11;2025-11-08;20;956
11;2025-11-08;21;693
11;2025-11-08;22;405
11;2025-11-08;23;271
11;2025-11-09;0;104
11;2025-11-09;1;14
11;2025-11-09;2;0
11;2025-11-09;3;0
11;2025-11-09;4;0
11;2025-11-09;5;99
11;2025-11-09;6;456
11;2025-11-09;7;452
11;2025-11-09;8;635
11;2025-11-09;9;863
11;2025-11-09;10;955
11;2025-11-09;11;1401
11;2025-11-09;12;1470
11;2025-11-09;13;1420
11;2025-11-09;14;1520
11;2025-11-09;15;1491
11;2025-11-09;16;1406
11;2025-11-09;17;1563
11;2025-11-09;18;1150
11;2025-11-09;19;918
11;2025-11-09;20;708
11;2025-11-09;21;542
11;2025-11-09;22;317
11;2025-11-09;23;220
11;2025-11-10;0;61
11;2025-11-10;1;3
11;2025-11-10;2;0
11;2025-11-10;3;0
11;2025-11-10;4;0
11;2025-11-10;5;245
11;2025-11-10;6;1317
11;2025-11-10;7;2478
11;2025-11-10;8;3228
11;2025-11-10;9;2432
11;2025-11-10;10;2023
11;2025-11-10;11;1897
11;2025-11-10;12;1948
11;2025-11-10;13;2069
11;2025-11-10;14;2044
11;2025-11-10;15;1943
11;2025-11-10;16;2182
11;2025-11-10;17;2752
11;2025-11-10;18;3081
11;2025-11-10;19;2206
11;2025-11-10;20;1375
11;2025-11-10;21;797
11;2025-11-10;22;368
11;2025-11-10;23;236
11;2025-11-11;0;61
11;2025-11-11;1;3
11;2025-11-11;2;0
11;2025-11-11;3;0
11;2025-11-11;4;0
11;2025-11-11;5;245
11;2025-11-11;6;1317
11;2025-11-11;7;2478
11;2025-11-11;8;3228
11;2025-11-11;9;2432
11;2025-11-11;10;2023
11;2025-11-11;11;1897
11;2025-11-11;12;1948
11;2025-11-11;13;2069
11;2025-11-11;14;2044
11;2025-11-11;15;1943
11;2025-11-11;16;2182
11;2025-11-11;17;2752
11;2025-11-11;18;3081
11;2025-11-11;19;2206
11;2025-11-11;20;1375
11;2025-11-11;21;797
11;2025-11-11;22;368
11;2025-11-11;23;236
11;2025-11-12;0;61
11;2025-11-12;1;3
11;2025-11-12;2;0
11;2025-11-12;3;0
11;2025-11-12;4;0
11;2025-11-12;5;245
11;2025-11-12;6;1317
11;2025-11-12;7;2478
11;2025-11-12;8;3228
11;2025-11-12;9;2432
11;2025-11-12;10;2023
11;2025-11-12;11;1897
11;2025-11-12;12;1948
11;2025-11-12;13;2069
11;2025-11-12;14;2044
11;2025-11-12;15;1943
11;2025-11-12;16;2182
11;2025-11-12;17;2752
11;2025-11-12;18;3081
11;2025-11-12;19;2206
11;2025-11-12;20;1375
11;2025-11-12;21;797
11;2025-11-12;22;368
11;2025-11-12;23;236
11;2025-11-13;0;61
11;2025-11-13;1;3
11;2025-11-13;2;0
11;2025-11-13;3;0
11;2025-11-13;4;0
11;2025-11-13;5;245
11;2025-11-13;6;1317
11;2025-11-13;7;2478
11;2025-11-13;8;3228
11;2025-11-13;9;2432
11;2025-11-13;10;2023
11;2025-11-13;11;1897
11;2025-11-13;12;1948
11;2025-11-13;13;2069
11;2025-11-13;14;2044
11;2025-11-13;15;1943
11;2025-11-13;16;2182
11;2025-11-13;17;2752
11;2025-11-13;18;3081
11;2025-11-13;19;2206
11;2025-11-13;20;1375
11;2025-11-13;21;797
11;2025-11-13;22;368
11;2025-11-13;23;236
11;2025-11-14;0;66
11;2025-11-14;1;2
11;2025-11-14;2;0
11;2025-11-14;3;0
11;2025-11-14;4;0
11;2025-11-14;5;246
11;2025-11-14;6;1251
11;2025-11-14;7;2335
11;2025-11-14;8;3166
11;2025-11-14;9;2140
11;2025-11-14;10;1776
11;2025-11-14;11;1679
11;2025-11-14;12;1825
11;2025-11-14;13;1793
11;2025-11-14;14;1995
11;2025-11-14;15;1980
11;2025-11-14;16;2197
11;2025-11-14;17;2784
11;2025-11-14;18;2326
11;2025-11-14;19;1742
11;2025-11-14;20;1267
11;2025-11-14;21;790
11;2025-11-14;22;357
11;2025-11-14;23;321
11;2025-11-15;0;105
11;2025-11-15;1;1
11;2025-11-15;2;0
11;2025-11-15;3;0
11;2025-11-15;4;0
11;2025-11-15;5;164
11;2025-11-15;6;816
11;2025-11-15;7;741
11;2025-11-15;8;1018
11;2025-11-15;9;1139
11;2025-11-15;10;1360
11;2025-11-15;11;1676
11;2025-11-15;12;1911
11;2025-11-15;13;1777
11;2025-11-15;14;2014
11;2025-11-15;15;1865
11;2025-11-15;16;1748
11;2025-11-15;17;1851
11;2025-11-15;18;1469
11;2025-11-15;19;1430
11;2025-11-15;20;956
11;2025-11-15;21;693
11;2025-11-15;22;405
11;2025-11-15;23;271
11;2025-11-16;0;104
11;2025-11-16;1;14
11;2025-11-16;2;0
11;2025-11-16;3;0
11;2025-11-16;4;0
11;2025-11-16;5;99
11;2025-11-16;6;456
11;2025-11-16;7;452
11;2025-11-16;8;635
11;2025-11-16;9;863
11;2025-11-16;10;955
11;2025-11-16;11;1401
11;2025-11-16;12;1470
11;2025-11-16;13;1420
11;2025-11-16;14;1520
11;2025-11-16;15;1491
11;2025-11-16;16;1406
11;2025-11-16;17;1563
11;2025-11-16;18;1150
11;2025-11-16;19;918
11;2025-11-16;20;708
11;2025-11-16;21;542
11;2025-11-16;22;317
11;2025-11-16;23;220
11;2025-11-17;0;61
11;2025-11-17;1;3
11;2025-11-17;2;0
11;2025-11-17;3;0
11;2025-11-17;4;0
11;2025-11-17;5;245
11;2025-11-17;6;1317
11;2025-11-17;7;2478
11;2025-11-17;8;3228
11;2025-11-17;9;2432
11;2025-11-17;10;2023
11;2025-11-17;11;1897
11;2025-11-17;12;1948
11;2025-11-17;13;2069
11;2025-11-17;14;2044
11;2025-11-17;15;1943
11;2025-11-17;16;2182
11;2025-11-17;17;2752
11;2025-11-17;18;3081
11;2025-11-17;19;2206
11;2025-11-17;20;1375
11;2025-11-17;21;797
11;2025-11-17;22;368
11;2025-11-17;23;236
11;2025-11-18;0;61
11;2025-11-18;1;3
11;2025-11-18;2;0
11;2025-11-18;3;0
11;2025-11-18;4;0
11;2025-11-18;5;245
11;2025-11-18;6;1317
11;2025-11-18;7;2478
11;2025-11-18;8;3228
11;2025-11-18;9;2432
11;2025-11-18;10;2023
11;2025-11-18;11;1897
11;2025-11-18;12;1948
11;2025-11-18;13;2069
11;2025-11-18;14;2044
11;2025-11-18;15;1943
11;2025-11-18;16;2182
11;2025-11-18;17;2752
11;2025-11-18;18;3081
11;2025-11-18;19;2206
11;2025-11-18;20;1375
11;2025-11-18;21;797
11;2025-11-18;22;368
11;2025-11-18;23;236
11;2025-11-19;0;61
11;2025-11-19;1;3
11;2025-11-19;2;0
11;2025-11-19;3;0
11;2025-11-19;4;0
11;2025-11-19;5;245
11;2025-11-19;6;1317
11;2025-11-19;7;2478
11;2025-11-19;8;3228
11;2025-11-19;9;2432
11;2025-11-19;10;2023
11;2025-11-19;11;1897
11;2025-11-19;12;1948
11;2025-11-19;13;2069
11;2025-11-19;14;2044
11;2025-11-19;15;1943
11;2025-11-19;16;2182
11;2025-11-19;17;2752
11;2025-11-19;18;3081
11;2025-11-19;19;2206
11;2025-11-19;20;1375
11;2025-11-19;21;797
11;2025-11-19;22;368
11;2025-11-19;23;236
11;2025-11-20;0;61
11;2025-11-20;1;3
11;2025-11-20;2;0
11;2025-11-20;3;0
11;2025-11-20;4;0
11;2025-11-20;5;245
11;2025-11-20;6;1317
11;2025-11-20;7;2478
11;2025-11-20;8;3228
11;2025-11-20;9;2432
11;2025-11-20;10;2023
11;2025-11-20;11;1897
11;2025-11-20;12;1948
11;2025-11-20;13;2069
11;2025-11-20;14;2044
11;2025-11-20;15;1943
11;2025-11-20;16;2182
11;2025-11-20;17;2752
11;2025-11-20;18;3081
11;2025-11-20;19;2206
11;2025-11-20;20;1375
11;2025-11-20;21;797
11;2025-11-20;22;368
11;2025-11-20;23;236
11;2025-11-21;0;66
11;2025-11-21;1;2
11;2025-11-21;2;0
11;2025-11-21;3;0
11;2025-11-21;4;0
11;2025-11-21;5;246
11;2025-11-21;6;1251
11;2025-11-21;7;2335
11;2025-11-21;8;3166
11;2025-11-21;9;2140
11;2025-11-21;10;1776
11;2025-11-21;11;1679
11;2025-11-21;12;1825
11;2025-11-21;13;1793
11;2025-11-21;14;1995
11;2025-11-21;15;1980
11;2025-11-21;16;2197
11;2025-11-21;17;2784
11;2025-11-21;18;2326
11;2025-11-21;19;1742
11;2025-11-21;20;1267
11;2025-11-21;21;790
11;2025-11-21;22;357
11;2025-11-21;23;321
11;2025-11-22;0;105
11;2025-11-22;1;1
11;2025-11-22;2;0
11;2025-11-22;3;0
11;2025-11-22;4;0
11;2025-11-22;5;164
11;2025-11-22;6;816
11;2025-11-22;7;741
11;2025-11-22;8;1018
11;2025-11-22;9;1139
11;2025-11-22;10;1360
11;2025-11-22;11;1676
11;2025-11-22;12;1911
11;2025-11-22;13;1777
11;2025-11-22;14;2014
11;2025-11-22;15;1865
11;2025-11-22;16;1748
11;2025-11-22;17;1851
11;2025-11-22;18;1469
11;2025-11-22;19;1430
11;2025-11-22;20;956
11;2025-11-22;21;693
11;2025-11-22;22;405
11;2025-11-22;23;271
11;2025-11-23;0;104
11;2025-11-23;1;14
11;2025-11-23;2;0
11;2025-11-23;3;0
11;2025-11-23;4;0
11;2025-11-23;5;99
11;2025-11-23;6;456
11;2025-11-23;7;452
11;2025-11-23;8;635
11;2025-11-23;9;863
11;2025-11-23;10;955
11;2025-11-23;11;1401
11;2025-11-23;12;1470
11;2025-11-23;13;1420
11;2025-11-23;14;1520
11;2025-11-23;15;1491
11;2025-11-23;16;1406
11;2025-11-23;17;1563
11;2025-11-23;18;1150
11;2025-11-23;19;918
11;2025-11-23;20;708
11;2025-11-23;21;542
11;2025-11-23;22;317
11;2025-11-23;23;220
11;2025-11-24;0;61
11;2025-11-24;1;3
11;2025-11-24;2;0
11;2025-11-24;3;0
11;2025-11-24;4;0
11;2025-11-24;5;245
11;2025-11-24;6;1317
11;2025-11-24;7;2478
11;2025-11-24;8;3228
11;2025-11-24;9;2432
11;2025-11-24;10;2023
11;2025-11-24;11;1897
11;2025-11-24;12;1948
11;2025-11-24;13;2069
11;2025-11-24;14;2044
11;2025-11-24;15;1943
11;2025-11-24;16;2182
11;2025-11-24;17;2752
11;2025-11-24;18;3081
11;2025-11-24;19;2206
11;2025-11-24;20;1375
11;2025-11-24;21;797
11;2025-11-24;22;368
11;2025-11-24;23;236
11;2025-11-25;0;61
11;2025-11-25;1;3
11;2025-11-25;2;0
11;2025-11-25;3;0
11;2025-11-25;4;0
11;2025-11-25;5;245
11;2025-11-25;6;1317
11;2025-11-25;7;2478
11;2025-11-25;8;3228
11;2025-11-25;9;2432
11;2025-11-25;10;2023
11;2025-11-25;11;1897
11;2025-11-25;12;1948
11;2025-11-25;13;2069
11;2025-11-25;14;2044
11;2025-11-25;15;1943
11;2025-11-25;16;2182
11;2025-11-25;17;2752
11;2025-11-25;18;3081
11;2025-11-25;19;2206
11;2025-11-25;20;1375
11;2025-11-25;21;797
11;2025-11-25;22;368
11;2025-11-25;23;236
11;2025-11-26;0;61
11;2025-11-26;1;3
11;2025-11-26;2;0
11;2025-11-26;3;0
11;2025-11-26;4;0
11;2025-11-26;5;245
11;2025-11-26;6;1317
11;2025-11-26;7;2478
11;2025-11-26;8;3228
11;2025-11-26;9;2432
11;2025-11-26;10;2023
11;2025-11-26;11;1897
11;2025-11-26;12;1948
11;2025-11-26;13;2069
11;2025-11-26;14;2044
11;2025-11-26;15;1943
11;2025-11-26;16;2182
11;2025-11-26;17;2752
11;2025-11-26;18;3081
11;2025-11-26;19;2206
11;2025-11-26;20;1375
11;2025-11-26;21;797
11;2025-11-26;22;368
11;2025-11-26;23;236
11;2025-11-27;0;61
11;2025-11-27;1;3
11;2025-11-27;2;0
11;2025-11-27;3;0
11;2025-11-27;4;0
11;2025-11-27;5;245
11;2025-11-27;6;1317
11;2025-11-27;7;2478
11;2025-11-27;8;3228
11;2025-11-27;9;2432
11;2025-11-27;10;2023
11;2025-11-27;11;1897
11;2025-11-27;12;1948
11;2025-11-27;13;2069
11;2025-11-27;14;2044
11;2025-11-27;15;1943
11;2025-11-27;16;2182
11;2025-11-27;17;2752
11;2025-11-27;18;3081
11;2025-11-27;19;2206
11;2025-11-27;20;1375
11;2025-11-27;21;797
11;2025-11-27;22;368
11;2025-11-27;23;236
11;2025-11-28;0;66
11;2025-11-28;1;2
11;2025-11-28;2;0
11;2025-11-28;3;0
11;2025-11-28;4;0
11;2025-11-28;5;246
11;2025-11-28;6;1251
11;2025-11-28;7;2335
11;2025-11-28;8;3166
11;2025-11-28;9;2140
11;2025-11-28;10;1776
11;2025-11-28;11;1679
11;2025-11-28;12;1825
11;2025-11-28;13;1793
11;2025-11-28;14;1995
11;2025-11-28;15;1980
11;2025-11-28;16;2197
11;2025-11-28;17;2784
11;2025-11-28;18;2326
11;2025-11-28;19;1742
11;2025-11-28;20;1267
11;2025-11-28;21;790
11;2025-11-28;22;357
11;2025-11-28;23;321
11;2025-11-29;0;105
11;2025-11-29;1;1
11;2025-11-29;2;0
11;2025-11-29;3;0
11;2025-11-29;4;0
11;2025-11-29;5;164
11;2025-11-29;6;816
11;2025-11-29;7;741
11;2025-11-29;8;1018
11;2025-11-29;9;1139
11;2025-11-29;10;1360
11;2025-11-29;11;1676
11;2025-11-29;12;1911
11;2025-11-29;13;1777
11;2025-11-29;14;2014
11;2025-11-29;15;1865
11;2025-11-29;16;1748
11;2025-11-29;17;1851
11;2025-11-29;18;1469
11;2025-11-29;19;1430
11;2025-11-29;20;956
11;2025-11-29;21;693
11;2025-11-29;22;405
11;2025-11-29;23;271
11;2025-11-30;0;104
11;2025-11-30;1;14
11;2025-11-30;2;0
11;2025-11-30;3;0
11;2025-11-30;4;0
11;2025-11-30;5;99
11;2025-11-30;6;456
11;2025-11-30;7;452
11;2025-11-30;8;635
11;2025-11-30;9;863
11;2025-11-30;10;955
11;2025-11-30;11;1401
11;2025-11-30;12;1470
11;2025-11-30;13;1420
11;2025-11-30;14;1520
11;2025-11-30;15;1491
11;2025-11-30;16;1406
11;2025-11-30;17;1563
11;2025-11-30;18;1150
11;2025-11-30;19;918
11;2025-11-30;20;708
11;2025-11-30;21;542
11;2025-11-30;22;317
11;2025-11-30;23;220
11;2025-12-01;0;61
11;2025-12-01;1;3
11;2025-12-01;2;0
11;2025-12-01;3;0
11;2025-12-01;4;0
11;2025-12-01;5;245
11;2025-12-01;6;1317
11;2025-12-01;7;2478
11;2025-12-01;8;3228
11;2025-12-01;9;2432
11;2025-12-01;10;2023
11;2025-12-01;11;1897
11;2025-12-01;12;1948
11;2025-12-01;13;2069
11;2025-12-01;14;2044
11;2025-12-01;15;1943
11;2025-12-01;16;2182
11;2025-12-01;17;2752
11;2025-12-01;18;3081
11;2025-12-01;19;2206
11;2025-12-01;20;1375
11;2025-12-01;21;797
11;2025-12-01;22;368
11;2025-12-01;23;236
11;2025-12-02;0;61
11;2025-12-02;1;3
11;2025-12-02;2;0
11;2025-12-02;3;0
11;2025-12-02;4;0
11;2025-12-02;5;245
11;2025-12-02;6;1317
11;2025-12-02;7;2478
11;2025-12-02;8;3228
11;2025-12-02;9;2432
11;2025-12-02;10;2023
11;2025-12-02;11;1897
11;2025-12-02;12;1948
11;2025-12-02;13;2069
11;2025-12-02;14;2044
11;2025-12-02;15;1943
11;2025-12-02;16;2182
11;2025-12-02;17;2752
11;2025-12-02;18;3081
11;2025-12-02;19;2206
11;2025-12-02;20;1375
11;2025-12-02;21;797
11;2025-12-02;22;368
11;2025-12-02;23;236
11;2025-12-03;0;61
11;2025-12-03;1;3
11;2025-12-03;2;0
11;2025-12-03;3;0
11;2025-12-03;4;0
11;2025-12-03;5;245
11;2025-12-03;6;1317
11;2025-12-03;7;2478
11;2025-12-03;8;3228
11;2025-12-03;9;2432
11;2025-12-03;10;2023
11;2025-12-03;11;1897
11;2025-12-03;12;1948
11;2025-12-03;13;2069
11;2025-12-03;14;2044
11;2025-12-03;15;1943
11;2025-12-03;16;2182
11;2025-12-03;17;2752
11;2025-12-03;18;3081
11;2025-12-03;19;2206
11;2025-12-03;20;1375
11;2025-12-03;21;797
11;2025-12-03;22;368
11;2025-12-03;23;236
11;2025-12-04;0;61
11;2025-12-04;1;3
11;2025-12-04;2;0
11;2025-12-04;3;0
11;2025-12-04;4;0
11;2025-12-04;5;245
11;2025-12-04;6;1317
11;2025-12-04;7;2478
11;2025-12-04;8;3228
11;2025-12-04;9;2432
11;2025-12-04;10;2023
11;2025-12-04;11;1897
11;2025-12-04;12;1948
11;2025-12-04;13;2069
11;2025-12-04;14;2044
11;2025-12-04;15;1943
11;2025-12-04;16;2182
11;2025-12-04;17;2752
11;2025-12-04;18;3081
11;2025-12-04;19;2206
11;2025-12-04;20;1375
11;2025-12-04;21;797
11;2025-12-04;22;368
11;2025-12-04;23;236
11;2025-12-05;0;66
11;2025-12-05;1;2
11;2025-12-05;2;0
11;2025-12-05;3;0
11;2025-12-05;4;0
11;2025-12-05;5;246
11;2025-12-05;6;1251
11;2025-12-05;7;2335
11;2025-12-05;8;3166
11;2025-12-05;9;2140
11;2025-12-05;10;1776
11;2025-12-05;11;1679
11;2025-12-05;12;1825
11;2025-12-05;13;1793
11;2025-12-05;14;1995
11;2025-12-05;15;1980
11;2025-12-05;16;2197
11;2025-12-05;17;2784
11;2025-12-05;18;2326
11;2025-12-05;19;1742
11;2025-12-05;20;1267
11;2025-12-05;21;790
11;2025-12-05;22;357
11;2025-12-05;23;321
11;2025-12-06;0;105
11;2025-12-06;1;1
11;2025-12-06;2;0
11;2025-12-06;3;0
11;2025-12-06;4;0
11;2025-12-06;5;164
11;2025-12-06;6;816
11;2025-12-06;7;741
11;2025-12-06;8;1018
11;2025-12-06;9;1139
11;2025-12-06;10;1360
11;2025-12-06;11;1676
11;2025-12-06;12;1911
11;2025-12-06;13;1777
11;2025-12-06;14;2014
11;2025-12-06;15;1865
11;2025-12-06;16;1748
11;2025-12-06;17;1851
11;2025-12-06;18;1469
11;2025-12-06;19;1430
11;2025-12-06;20;956
11;2025-12-06;21;693
11;2025-12-06;22;405
11;2025-12-06;23;271
11;2025-12-07;0;104
11;2025-12-07;1;14
11;2025-12-07;2;0
11;2025-12-07;3;0
11;2025-12-07;4;0
11;2025-12-07;5;99
11;2025-12-07;6;456
11;2025-12-07;7;452
11;2025-12-07;8;635
11;2025-12-07;9;863
11;2025-12-07;10;955
11;2025-12-07;11;1401
11;2025-12-07;12;1470
11;2025-12-07;13;1420
11;2025-12-07;14;1520
11;2025-12-07;15;1491
11;2025-12-07;16;1406
11;2025-12-07;17;1563
11;2025-12-07;18;1150
11;2025-12-07;19;918
11;2025-12-07;20;708
11;2025-12-07;21;542
11;2025-12-07;22;317
11;2025-12-07;23;220
11;2025-12-08;0;61
11;2025-12-08;1;3
11;2025-12-08;2;0
11;2025-12-08;3;0
11;2025-12-08;4;0
11;2025-12-08;5;245
11;2025-12-08;6;1317
11;2025-12-08;7;2478
11;2025-12-08;8;3228
11;2025-12-08;9;2432
11;2025-12-08;10;2023
11;2025-12-08;11;1897
11;2025-12-08;12;1948
11;2025-12-08;13;2069
11;2025-12-08;14;2044
11;2025-12-08;15;1943
11;2025-12-08;16;2182
11;2025-12-08;17;2752
11;2025-12-08;18;3081
11;2025-12-08;19;2206
11;2025-12-08;20;1375
11;2025-12-08;21;797
11;2025-12-08;22;368
11;2025-12-08;23;236
11;2025-12-09;0;61
11;2025-12-09;1;3
11;2025-12-09;2;0
11;2025-12-09;3;0
11;2025-12-09;4;0
11;2025-12-09;5;245
11;2025-12-09;6;1317
11;2025-12-09;7;2478
11;2025-12-09;8;3228
11;2025-12-09;9;2432
11;2025-12-09;10;2023
11;2025-12-09;11;1897
11;2025-12-09;12;1948
11;2025-12-09;13;2069
11;2025-12-09;14;2044
11;2025-12-09;15;1943
11;2025-12-09;16;2182
11;2025-12-09;17;2752
11;2025-12-09;18;3081
11;2025-12-09;19;2206
11;2025-12-09;20;1375
11;2025-12-09;21;797
11;2025-12-09;22;368
11;2025-12-09;23;236
11;2025-12-10;0;61
11;2025-12-10;1;3
11;2025-12-10;2;0
11;2025-12-10;3;0
11;2025-12-10;4;0
11;2025-12-10;5;245
11;2025-12-10;6;1317
11;2025-12-10;7;2478
11;2025-12-10;8;3228
11;2025-12-10;9;2432
11;2025-12-10;10;2023
11;2025-12-10;11;1897
11;2025-12-10;12;1948
11;2025-12-10;13;2069
11;2025-12-10;14;2044
11;2025-12-10;15;1943
11;2025-12-10;16;2182
11;2025-12-10;17;2752
11;2025-12-10;18;3081
11;2025-12-10;19;2206
11;2025-12-10;20;1375
11;2025-12-10;21;797
11;2025-12-10;22;368
11;2025-12-10;23;236
11;2025-12-11;0;61
11;2025-12-11;1;3
11;2025-12-11;2;0
11;2025-12-11;3;0
11;2025-12-11;4;0
11;2025-12-11;5;245
11;2025-12-11;6;1317
11;2025-12-11;7;2478
11;2025-12-11;8;3228
11;2025-12-11;9;2432
11;2025-12-11;10;2023
11;2025-12-11;11;1897
11;2025-12-11;12;1948
11;2025-12-11;13;2069
11;2025-12-11;14;2044
11;2025-12-11;15;1943
11;2025-12-11;16;2182
11;2025-12-11;17;2752
11;2025-12-11;18;3081
11;2025-12-11;19;2206
11;2025-12-11;20;1375
11;2025-12-11;21;797
11;2025-12-11;22;368
11;2025-12-11;23;236
11;2025-12-12;0;66
11;2025-12-12;1;2
11;2025-12-12;2;0
11;2025-12-12;3;0
11;2025-12-12;4;0
11;2025-12-12;5;246
11;2025-12-12;6;1251
11;2025-12-12;7;2335
11;2025-12-12;8;3166
11;2025-12-12;9;2140
11;2025-12-12;10;1776
11;2025-12-12;11;1679
11;2025-12-12;12;1825
11;2025-12-12;13;1793
11;2025-12-12;14;1995
11;2025-12-12;15;1980
11;2025-12-12;16;2197
11;2025-12-12;17;2784
11;2025-12-12;18;2326
11;2025-12-12;19;1742
11;2025-12-12;20;1267
11;2025-12-12;21;790
11;2025-12-12;22;357
11;2025-12-12;23;321
11;2025-12-13;0;105
11;2025-12-13;1;1
11;2025-12-13;2;0
11;2025-12-13;3;0
11;2025-12-13;4;0
11;2025-12-13;5;164
11;2025-12-13;6;816
11;2025-12-13;7;741
11;2025-12-13;8;1018
11;2025-12-13;9;1139
11;2025-12-13;10;1360
11;2025-12-13;11;1676
11;2025-12-13;12;1911
11;2025-12-13;13;1777
11;2025-12-13;14;2014
11;2025-12-13;15;1865
11;2025-12-13;16;1748
11;2025-12-13;17;1851
11;2025-12-13;18;1469
11;2025-12-13;19;1430
11;2025-12-13;20;956
11;2025-12-13;21;693
11;2025-12-13;22;405
11;2025-12-13;23;271
11;2025-12-14;0;104
11;2025-12-14;1;14
11;2025-12-14;2;0
11;2025-12-14;3;0
11;2025-12-14;4;0
11;2025-12-14;5;99
11;2025-12-14;6;456
11;2025-12-14;7;452
11;2025-12-14;8;635
11;2025-12-14;9;863
11;2025-12-14;10;955
11;2025-12-14;11;1401
11;2025-12-14;12;1470
11;2025-12-14;13;1420
11;2025-12-14;14;1520
11;2025-12-14;15;1491
11;2025-12-14;16;1406
11;2025-12-14;17;1563
11;2025-12-14;18;1150
11;2025-12-14;19;918
11;2025-12-14;20;708
11;2025-12-14;21;542
11;2025-12-14;22;317
11;2025-12-14;23;220
11;2025-12-15;0;61
11;2025-12-15;1;3
11;2025-12-15;2;0
11;2025-12-15;3;0
11;2025-12-15;4;0
11;2025-12-15;5;245
11;2025-12-15;6;1317
11;2025-12-15;7;2478
11;2025-12-15;8;3228
11;2025-12-15;9;2432
11;2025-12-15;10;2023
11;2025-12-15;11;1897
11;2025-12-15;12;1948
11;2025-12-15;13;2069
11;2025-12-15;14;2044
11;2025-12-15;15;1943
11;2025-12-15;16;2182
11;2025-12-15;17;2752
11;2025-12-15;18;3081
11;2025-12-15;19;2206
11;2025-12-15;20;1375
11;2025-12-15;21;797
11;2025-12-15;22;368
11;2025-12-15;23;236
11;2025-12-16;0;61
11;2025-12-16;1;3
11;2025-12-16;2;0
11;2025-12-16;3;0
11;2025-12-16;4;0
11;2025-12-16;5;245
11;2025-12-16;6;1317
11;2025-12-16;7;2478
11;2025-12-16;8;3228
11;2025-12-16;9;2432
11;2025-12-16;10;2023
11;2025-12-16;11;1897
11;2025-12-16;12;1948
11;2025-12-16;13;2069
11;2025-12-16;14;2044
11;2025-12-16;15;1943
11;2025-12-16;16;2182
11;2025-12-16;17;2752
11;2025-12-16;18;3081
11;2025-12-16;19;2206
11;2025-12-16;20;1375
11;2025-12-16;21;797
11;2025-12-16;22;368
11;2025-12-16;23;236
11;2025-12-17;0;61
11;2025-12-17;1;3
11;2025-12-17;2;0
11;2025-12-17;3;0
11;2025-12-17;4;0
11;2025-12-17;5;245
11;2025-12-17;6;1317
11;2025-12-17;7;2478
11;2025-12-17;8;3228
11;2025-12-17;9;2432
11;2025-12-17;10;2023
11;2025-12-17;11;1897
11;2025-12-17;12;1948
11;2025-12-17;13;2069
11;2025-12-17;14;2044
11;2025-12-17;15;1943
11;2025-12-17;16;2182
11;2025-12-17;17;2752
11;2025-12-17;18;3081
11;2025-12-17;19;2206
11;2025-12-17;20;1375
11;2025-12-17;21;797
11;2025-12-17;22;368
11;2025-12-17;23;236
11;2025-12-18;0;61
11;2025-12-18;1;3
11;2025-12-18;2;0
11;2025-12-18;3;0
11;2025-12-18;4;0
11;2025-12-18;5;245
11;2025-12-18;6;1317
11;2025-12-18;7;2478
11;2025-12-18;8;3228
11;2025-12-18;9;2432
11;2025-12-18;10;2023
11;2025-12-18;11;1897
11;2025-12-18;12;1948
11;2025-12-18;13;2069
11;2025-12-18;14;2044
11;2025-12-18;15;1943
11;2025-12-18;16;2182
11;2025-12-18;17;2752
11;2025-12-18;18;3081
11;2025-12-18;19;2206
11;2025-12-18;20;1375
11;2025-12-18;21;797
11;2025-12-18;22;368
11;2025-12-18;23;236
11;2025-12-19;0;66
11;2025-12-19;1;2
11;2025-12-19;2;0
11;2025-12-19;3;0
11;2025-12-19;4;0
11;2025-12-19;5;246
11;2025-12-19;6;1251
11;2025-12-19;7;2335
11;2025-12-19;8;3166
11;2025-12-19;9;2140
11;2025-12-19;10;1776
11;2025-12-19;11;1679
11;2025-12-19;12;1825
11;2025-12-19;13;1793
11;2025-12-19;14;1995
11;2025-12-19;15;1980
11;2025-12-19;16;2197
11;2025-12-19;17;2784
11;2025-12-19;18;2326
11;2025-12-19;19;1742
11;2025-12-19;20;1267
11;2025-12-19;21;790
11;2025-12-19;22;357
11;2025-12-19;23;321
11;2025-12-20;0;105
11;2025-12-20;1;1
11;2025-12-20;2;0
11;2025-12-20;3;0
11;2025-12-20;4;0
11;2025-12-20;5;164
11;2025-12-20;6;816
11;2025-12-20;7;741
11;2025-12-20;8;1018
11;2025-12-20;9;1139
11;2025-12-20;10;1360
11;2025-12-20;11;1676
11;2025-12-20;12;1911
11;2025-12-20;13;1777
11;2025-12-20;14;2014
11;2025-12-20;15;1865
11;2025-12-20;16;1748
11;2025-12-20;17;1851
11;2025-12-20;18;1469
11;2025-12-20;19;1430
11;2025-12-20;20;956
11;2025-12-20;21;693
11;2025-12-20;22;405
11;2025-12-20;23;271
11;2025-12-21;0;104
11;2025-12-21;1;14
11;2025-12-21;2;0
11;2025-12-21;3;0
11;2025-12-21;4;0
11;2025-12-21;5;99
11;2025-12-21;6;456
11;2025-12-21;7;452
11;2025-12-21;8;635
11;2025-12-21;9;863
11;2025-12-21;10;955
11;2025-12-21;11;1401
11;2025-12-21;12;1470
11;2025-12-21;13;1420
11;2025-12-21;14;1520
11;2025-12-21;15;1491
11;2025-12-21;16;1406
11;2025-12-21;17;1563
11;2025-12-21;18;1150
11;2025-12-21;19;918
11;2025-12-21;20;708
11;2025-12-21;21;542
11;2025-12-21;22;317
11;2025-12-21;23;220
11;2025-12-22;0;61
11;2025-12-22;1;3
11;2025-12-22;2;0
11;2025-12-22;3;0
11;2025-12-22;4;0
11;2025-12-22;5;245
11;2025-12-22;6;1317
11;2025-12-22;7;2478
11;2025-12-22;8;3228
11;2025-12-22;9;2432
11;2025-12-22;10;2023
11;2025-12-22;11;1897
11;2025-12-22;12;1948
11;2025-12-22;13;2069
11;2025-12-22;14;2044
11;2025-12-22;15;1943
11;2025-12-22;16;2182
11;2025-12-22;17;2752
11;2025-12-22;18;3081
11;2025-12-22;19;2206
11;2025-12-22;20;1375
11;2025-12-22;21;797
11;2025-12-22;22;368
11;2025-12-22;23;236
11;2025-12-23;0;61
11;2025-12-23;1;3
11;2025-12-23;2;0
11;2025-12-23;3;0
11;2025-12-23;4;0
11;2025-12-23;5;245
11;2025-12-23;6;1317
11;2025-12-23;7;2478
11;2025-12-23;8;3228
11;2025-12-23;9;2432
11;2025-12-23;10;2023
11;2025-12-23;11;1897
11;2025-12-23;12;1948
11;2025-12-23;13;2069
11;2025-12-23;14;2044
11;2025-12-23;15;1943
11;2025-12-23;16;2182
11;2025-12-23;17;2752
11;2025-12-23;18;3081
11;2025-12-23;19;2206
11;2025-12-23;20;1375
11;2025-12-23;21;797
11;2025-12-23;22;368
11;2025-12-23;23;236
11;2025-12-24;0;61
11;2025-12-24;1;3
11;2025-12-24;2;0
11;2025-12-24;3;0
11;2025-12-24;4;0
11;2025-12-24;5;245
11;2025-12-24;6;1317
11;2025-12-24;7;2478
11;2025-12-24;8;3228
11;2025-12-24;9;2432
11;2025-12-24;10;2023
11;2025-12-24;11;1897
11;2025-12-24;12;1948
11;2025-12-24;13;2069
11;2025-12-24;14;2044
11;2025-12-24;15;1943
11;2025-12-24;16;2182
11;2025-12-24;17;2752
11;2025-12-24;18;3081
11;2025-12-24;19;2206
11;2025-12-24;20;1375
11;2025-12-24;21;797
11;2025-12-24;22;368
11;2025-12-24;23;236
11;2025-12-25;0;61
11;2025-12-25;1;3
11;2025-12-25;2;0
11;2025-12-25;3;0
11;2025-12-25;4;0
11;2025-12-25;5;245
11;2025-12-25;6;1317
11;2025-12-25;7;2478
11;2025-12-25;8;3228
11;2025-12-25;9;2432
11;2025-12-25;10;2023
11;2025-12-25;11;1897
11;2025-12-25;12;1948
11;2025-12-25;13;2069
11;2025-12-25;14;2044
11;2025-12-25;15;1943
11;2025-12-25;16;2182
11;2025-12-25;17;2752
11;2025-12-25;18;3081
11;2025-12-25;19;2206
11;2025-12-25;20;1375
11;2025-12-25;21;797
11;2025-12-25;22;368
11;2025-12-25;23;236
11;2025-12-26;0;66
11;2025-12-26;1;2
11;2025-12-26;2;0
11;2025-12-26;3;0
11;2025-12-26;4;0
11;2025-12-26;5;246
11;2025-12-26;6;1251
11;2025-12-26;7;2335
11;2025-12-26;8;3166
11;2025-12-26;9;2140
11;2025-12-26;10;1776
11;2025-12-26;11;1679
11;2025-12-26;12;1825
11;2025-12-26;13;1793
11;2025-12-26;14;1995
11;2025-12-26;15;1980
11;2025-12-26;16;2197
11;2025-12-26;17;2784
11;2025-12-26;18;2326
11;2025-12-26;19;1742
11;2025-12-26;20;1267
11;2025-12-26;21;790
11;2025-12-26;22;357
11;2025-12-26;23;321
11;2025-12-27;0;105
11;2025-12-27;1;1
11;2025-12-27;2;0
11;2025-12-27;3;0
11;2025-12-27;4;0
11;2025-12-27;5;164
11;2025-12-27;6;816
11;2025-12-27;7;741
11;2025-12-27;8;1018
11;2025-12-27;9;1139
11;2025-12-27;10;1360
11;2025-12-27;11;1676
11;2025-12-27;12;1911
11;2025-12-27;13;1777
11;2025-12-27;14;2014
11;2025-12-27;15;1865
11;2025-12-27;16;1748
11;2025-12-27;17;1851
11;2025-12-27;18;1469
11;2025-12-27;19;1430
11;2025-12-27;20;956
11;2025-12-27;21;693
11;2025-12-27;22;405
11;2025-12-27;23;271
11;2025-12-28;0;104
11;2025-12-28;1;14
11;2025-12-28;2;0
11;2025-12-28;3;0
11;2025-12-28;4;0
11;2025-12-28;5;99
11;2025-12-28;6;456
11;2025-12-28;7;452
11;2025-12-28;8;635
11;2025-12-28;9;863
11;2025-12-28;10;955
11;2025-12-28;11;1401
11;2025-12-28;12;1470
11;2025-12-28;13;1420
11;2025-12-28;14;1520
11;2025-12-28;15;1491
11;2025-12-28;16;1406
11;2025-12-28;17;1563
11;2025-12-28;18;1150
11;2025-12-28;19;918
11;2025-12-28;20;708
11;2025-12-28;21;542
11;2025-12-28;22;317
11;2025-12-28;23;220
11;2025-12-29;0;54
11;2025-12-29;1;3
11;2025-12-29;2;0
11;2025-12-29;3;0
11;2025-12-29;4;0
11;2025-12-29;5;216
11;2025-12-29;6;1159
11;2025-12-29;7;2181
11;2025-12-29;8;2840
11;2025-12-29;9;2140
11;2025-12-29;10;1780
11;2025-12-29;11;1670
11;2025-12-29;12;1714
11;2025-12-29;13;1821
11;2025-12-29;14;1798
11;2025-12-29;15;1710
11;2025-12-29;16;1920
11;2025-12-29;17;2422
11;2025-12-29;18;2711
11;2025-12-29;19;1941
11;2025-12-29;20;1210
11;2025-12-29;21;702
11;2025-12-29;22;324
11;2025-12-29;23;207
11;2025-12-30;0;54
11;2025-12-30;1;3
11;2025-12-30;2;0
11;2025-12-30;3;0
11;2025-12-30;4;0
11;2025-12-30;5;216
11;2025-12-30;6;1159
11;2025-12-30;7;2181
11;2025-12-30;8;2840
11;2025-12-30;9;2140
11;2025-12-30;10;1780
11;2025-12-30;11;1670
11;2025-12-30;12;1714
11;2025-12-30;13;1821
11;2025-12-30;14;1798
11;2025-12-30;15;1710
11;2025-12-30;16;1920
11;2025-12-30;17;2422
11;2025-12-30;18;2711
11;2025-12-30;19;1941
11;2025-12-30;20;1210
11;2025-12-30;21;702
11;2025-12-30;22;324
11;2025-12-30;23;207
11;2025-12-31;0;84
11;2025-12-31;1;1
11;2025-12-31;2;0
11;2025-12-31;3;0
11;2025-12-31;4;0
11;2025-12-31;5;131
11;2025-12-31;6;653
11;2025-12-31;7;593
11;2025-12-31;8;814
11;2025-12-31;9;912
11;2025-12-31;10;1088
11;2025-12-31;11;1341
11;2025-12-31;12;1529
11;2025-12-31;13;1422
11;2025-12-31;14;1611
11;2025-12-31;15;1492
11;2025-12-31;16;1398
11;2025-12-31;17;1481
11;2025-12-31;18;1175
11;2025-12-31;19;1144
11;2025-12-31;20;0
11;2025-12-31;21;0
11;2025-12-31;22;0
11;2025-12-31;23;0
12;2025-11-01;0;30
12;2025-11-01;1;3
12;2025-11-01;2;0
12;2025-11-01;3;0
12;2025-11-01;4;4
12;2025-11-01;5;267
12;2025-11-01;6;1155
12;2025-11-01;7;2215
12;2025-11-01;8;2735
12;2025-11-01;9;2052
12;2025-11-01;10;1543
12;2025-11-01;11;1533
12;2025-11-01;12;1567
12;2025-11-01;13;1775
12;2025-11-01;14;1606
12;2025-11-01;15;1803
12;2025-11-01;16;2369
12;2025-11-01;17;2367
12;2025-11-01;18;2077
12;2025-11-01;19;1712
12;2025-11-01;20;1121
12;2025-11-01;21;815
12;2025-11-01;22;409
12;2025-11-01;23;271
12;2025-11-02;0;82
12;2025-11-02;1;3
12;2025-11-02;2;0
12;2025-11-02;3;0
12;2025-11-02;4;3
12;2025-11-02;5;130
12;2025-11-02;6;513
12;2025-11-02;7;698
12;2025-11-02;8;712
12;2025-11-02;9;894
12;2025-11-02;10;1129
12;2025-11-02;11;1230
12;2025-11-02;12;1306
12;2025-11-02;13;1533
12;2025-11-02;14;1435
12;2025-11-02;15;1466
12;2025-11-02;16;1468
12;2025-11-02;17;1519
12;2025-11-02;18;1319
12;2025-11-02;19;982
12;2025-11-02;20;765
12;2025-11-02;21;586
12;2025-11-02;22;383
12;2025-11-02;23;193
12;2025-11-03;0;82
12;2025-11-03;1;3
12;2025-11-03;2;0
12;2025-11-03;3;0
12;2025-11-03;4;3
12;2025-11-03;5;130
12;2025-11-03;6;513
12;2025-11-03;7;698
12;2025-11-03;8;712
12;2025-11-03;9;894
12;2025-11-03;10;1129
12;2025-11-03;11;1230
12;2025-11-03;12;1306
12;2025-11-03;13;1533
12;2025-11-03;14;1435
12;2025-11-03;15;1466
12;2025-11-03;16;1468
12;2025-11-03;17;1519
12;2025-11-03;18;1319
12;2025-11-03;19;982
12;2025-11-03;20;765
12;2025-11-03;21;586
12;2025-11-03;22;383
12;2025-11-03;23;193
12;2025-11-04;0;82
12;2025-11-04;1;3
12;2025-11-04;2;0
12;2025-11-04;3;0
12;2025-11-04;4;3
12;2025-11-04;5;130
12;2025-11-04;6;513
12;2025-11-04;7;698
12;2025-11-04;8;712
12;2025-11-04;9;894
12;2025-11-04;10;1129
12;2025-11-04;11;1230
12;2025-11-04;12;1306
12;2025-11-04;13;1533
12;2025-11-04;14;1435
12;2025-11-04;15;1466
12;2025-11-04;16;1468
12;2025-11-04;17;1519
12;2025-11-04;18;1319
12;2025-11-04;19;982
12;2025-11-04;20;765
12;2025-11-04;21;586
12;2025-11-04;22;383
12;2025-11-04;23;193
12;2025-11-05;0;54
12;2025-11-05;1;2
12;2025-11-05;2;0
12;2025-11-05;3;0
12;2025-11-05;4;7
12;2025-11-05;5;316
12;2025-11-05;6;1441
12;2025-11-05;7;2722
12;2025-11-05;8;3660
12;2025-11-05;9;2583
12;2025-11-05;10;2092
12;2025-11-05;11;1956
12;2025-11-05;12;2064
12;2025-11-05;13;2083
12;2025-11-05;14;1978
12;2025-11-05;15;2211
12;2025-11-05;16;2696
12;2025-11-05;17;3006
12;2025-11-05;18;3187
12;2025-11-05;19;2382
12;2025-11-05;20;1567
12;2025-11-05;21;970
12;2025-11-05;22;488
12;2025-11-05;23;255
12;2025-11-06;0;54
12;2025-11-06;1;2
12;2025-11-06;2;0
12;2025-11-06;3;0
12;2025-11-06;4;7
12;2025-11-06;5;316
12;2025-11-06;6;1441
12;2025-11-06;7;2722
12;2025-11-06;8;3660
12;2025-11-06;9;2583
12;2025-11-06;10;2092
12;2025-11-06;11;1956
12;2025-11-06;12;2064
12;2025-11-06;13;2083
12;2025-11-06;14;1978
12;2025-11-06;15;2211
12;2025-11-06;16;2696
12;2025-11-06;17;3006
12;2025-11-06;18;3187
12;2025-11-06;19;2382
12;2025-11-06;20;1567
12;2025-11-06;21;970
12;2025-11-06;22;488
12;2025-11-06;23;255
12;2025-11-07;0;56
12;2025-11-07;1;1
12;2025-11-07;2;0
12;2025-11-07;3;0
12;2025-11-07;4;5
12;2025-11-07;5;333
12;2025-11-07;6;1444
12;2025-11-07;7;2769
12;2025-11-07;8;3418
12;2025-11-07;9;2565
12;2025-11-07;10;1929
12;2025-11-07;11;1916
12;2025-11-07;12;1959
12;2025-11-07;13;2219
12;2025-11-07;14;2008
12;2025-11-07;15;2254
12;2025-11-07;16;2961
12;2025-11-07;17;2958
12;2025-11-07;18;2596
12;2025-11-07;19;2140
12;2025-11-07;20;1401
12;2025-11-07;21;1019
12;2025-11-07;22;511
12;2025-11-07;23;338
12;2025-11-08;0;67
12;2025-11-08;1;2
12;2025-11-08;2;0
12;2025-11-08;3;0
12;2025-11-08;4;2
12;2025-11-08;5;224
12;2025-11-08;6;794
12;2025-11-08;7;902
12;2025-11-08;8;1052
12;2025-11-08;9;1253
12;2025-11-08;10;1489
12;2025-11-08;11;1510
12;2025-11-08;12;1550
12;2025-11-08;13;1759
12;2025-11-08;14;1589
12;2025-11-08;15;1561
12;2025-11-08;16;1681
12;2025-11-08;17;1610
12;2025-11-08;18;1600
12;2025-11-08;19;1345
12;2025-11-08;20;945
12;2025-11-08;21;767
12;2025-11-08;22;390
12;2025-11-08;23;293
12;2025-11-09;0;82
12;2025-11-09;1;3
12;2025-11-09;2;0
12;2025-11-09;3;0
12;2025-11-09;4;3
12;2025-11-09;5;130
12;2025-11-09;6;513
12;2025-11-09;7;698
12;2025-11-09;8;712
12;2025-11-09;9;894
12;2025-11-09;10;1129
12;2025-11-09;11;1230
12;2025-11-09;12;1306
12;2025-11-09;13;1533
12;2025-11-09;14;1435
12;2025-11-09;15;1466
12;2025-11-09;16;1468
12;2025-11-09;17;1519
12;2025-11-09;18;1319
12;2025-11-09;19;982
12;2025-11-09;20;765
12;2025-11-09;21;586
12;2025-11-09;22;383
12;2025-11-09;23;193
12;2025-11-10;0;54
12;2025-11-10;1;2
12;2025-11-10;2;0
12;2025-11-10;3;0
12;2025-11-10;4;7
12;2025-11-10;5;316
12;2025-11-10;6;1441
12;2025-11-10;7;2722
12;2025-11-10;8;3660
12;2025-11-10;9;2583
12;2025-11-10;10;2092
12;2025-11-10;11;1956
12;2025-11-10;12;2064
12;2025-11-10;13;2083
12;2025-11-10;14;1978
12;2025-11-10;15;2211
12;2025-11-10;16;2696
12;2025-11-10;17;3006
12;2025-11-10;18;3187
12;2025-11-10;19;2382
12;2025-11-10;20;1567
12;2025-11-10;21;970
12;2025-11-10;22;488
12;2025-11-10;23;255
12;2025-11-11;0;54
12;2025-11-11;1;2
12;2025-11-11;2;0
12;2025-11-11;3;0
12;2025-11-11;4;7
12;2025-11-11;5;316
12;2025-11-11;6;1441
12;2025-11-11;7;2722
12;2025-11-11;8;3660
12;2025-11-11;9;2583
12;2025-11-11;10;2092
12;2025-11-11;11;1956
12;2025-11-11;12;2064
12;2025-11-11;13;2083
12;2025-11-11;14;1978
12;2025-11-11;15;2211
12;2025-11-11;16;2696
12;2025-11-11;17;3006
12;2025-11-11;18;3187
12;2025-11-11;19;2382
12;2025-11-11;20;1567
12;2025-11-11;21;970
12;2025-11-11;22;488
12;2025-11-11;23;255
12;2025-11-12;0;54
12;2025-11-12;1;2
12;2025-11-12;2;0
12;2025-11-12;3;0
12;2025-11-12;4;7
12;2025-11-12;5;316
12;2025-11-12;6;1441
12;2025-11-12;7;2722
12;2025-11-12;8;3660
12;2025-11-12;9;2583
12;2025-11-12;10;2092
12;2025-11-12;11;1956
12;2025-11-12;12;2064
12;2025-11-12;13;2083
12;2025-11-12;14;1978
12;2025-11-12;15;2211
12;2025-11-12;16;2696
12;2025-11-12;17;3006
12;2025-11-12;18;3187
12;2025-11-12;19;2382
12;2025-11-12;20;1567
12;2025-11-12;21;970
12;2025-11-12;22;488
12;2025-11-12;23;255
12;2025-11-13;0;54
12;2025-11-13;1;2
12;2025-11-13;2;0
12;2025-11-13;3;0
12;2025-11-13;4;7
12;2025-11-13;5;316
12;2025-11-13;6;1441
12;2025-11-13;7;2722
12;2025-11-13;8;3660
12;2025-11-13;9;2583
12;2025-11-13;10;2092
12;2025-11-13;11;1956
12;2025-11-13;12;2064
12;2025-11-13;13;2083
12;2025-11-13;14;1978
12;2025-11-13;15;2211
12;2025-11-13;16;2696
12;2025-11-13;17;3006
12;2025-11-13;18;3187
12;2025-11-13;19;2382
12;2025-11-13;20;1567
12;2025-11-13;21;970
12;2025-11-13;22;488
12;2025-11-13;23;255
12;2025-11-14;0;56
12;2025-11-14;1;1
12;2025-11-14;2;0
12;2025-11-14;3;0
12;2025-11-14;4;5
12;2025-11-14;5;333
12;2025-11-14;6;1444
12;2025-11-14;7;2769
12;2025-11-14;8;3418
12;2025-11-14;9;2565
12;2025-11-14;10;1929
12;2025-11-14;11;1916
12;2025-11-14;12;1959
12;2025-11-14;13;2219
12;2025-11-14;14;2008
12;2025-11-14;15;2254
12;2025-11-14;16;2961
12;2025-11-14;17;2958
12;2025-11-14;18;2596
12;2025-11-14;19;2140
12;2025-11-14;20;1401
12;2025-11-14;21;1019
12;2025-11-14;22;511
12;2025-11-14;23;338
12;2025-11-15;0;67
12;2025-11-15;1;2
12;2025-11-15;2;0
12;2025-11-15;3;0
12;2025-11-15;4;2
12;2025-11-15;5;224
12;2025-11-15;6;794
12;2025-11-15;7;902
12;2025-11-15;8;1052
12;2025-11-15;9;1253
12;2025-11-15;10;1489
12;2025-11-15;11;1510
12;2025-11-15;12;1550
12;2025-11-15;13;1759
12;2025-11-15;14;1589
12;2025-11-15;15;1561
12;2025-11-15;16;1681
12;2025-11-15;17;1610
12;2025-11-15;18;1600
12;2025-11-15;19;1345
12;2025-11-15;20;945
12;2025-11-15;21;767
12;2025-11-15;22;390
12;2025-11-15;23;293
12;2025-11-16;0;82
12;2025-11-16;1;3
12;2025-11-16;2;0
12;2025-11-16;3;0
12;2025-11-16;4;3
12;2025-11-16;5;130
12;2025-11-16;6;513
12;2025-11-16;7;698
12;2025-11-16;8;712
12;2025-11-16;9;894
12;2025-11-16;10;1129
12;2025-11-16;11;1230
12;2025-11-16;12;1306
12;2025-11-16;13;1533
12;2025-11-16;14;1435
12;2025-11-16;15;1466
12;2025-11-16;16;1468
12;2025-11-16;17;1519
12;2025-11-16;18;1319
12;2025-11-16;19;982
12;2025-11-16;20;765
12;2025-11-16;21;586
12;2025-11-16;22;383
12;2025-11-16;23;193
12;2025-11-17;0;54
12;2025-11-17;1;2
12;2025-11-17;2;0
12;2025-11-17;3;0
12;2025-11-17;4;7
12;2025-11-17;5;316
12;2025-11-17;6;1441
12;2025-11-17;7;2722
12;2025-11-17;8;3660
12;2025-11-17;9;2583
12;2025-11-17;10;2092
12;2025-11-17;11;1956
12;2025-11-17;12;2064
12;2025-11-17;13;2083
12;2025-11-17;14;1978
12;2025-11-17;15;2211
12;2025-11-17;16;2696
12;2025-11-17;17;3006
12;2025-11-17;18;3187
12;2025-11-17;19;2382
12;2025-11-17;20;1567
12;2025-11-17;21;970
12;2025-11-17;22;488
12;2025-11-17;23;255
12;2025-11-18;0;54
12;2025-11-18;1;2
12;2025-11-18;2;0
12;2025-11-18;3;0
12;2025-11-18;4;7
12;2025-11-18;5;316
12;2025-11-18;6;1441
12;2025-11-18;7;2722
12;2025-11-18;8;3660
12;2025-11-18;9;2583
12;2025-11-18;10;2092
12;2025-11-18;11;1956
12;2025-11-18;12;2064
12;2025-11-18;13;2083
12;2025-11-18;14;1978
12;2025-11-18;15;2211
12;2025-11-18;16;2696
12;2025-11-18;17;3006
12;2025-11-18;18;3187
12;2025-11-18;19;2382
12;2025-11-18;20;1567
12;2025-11-18;21;970
12;2025-11-18;22;488
12;2025-11-18;23;255
12;2025-11-19;0;54
12;2025-11-19;1;2
12;2025-11-19;2;0
12;2025-11-19;3;0
12;2025-11-19;4;7
12;2025-11-19;5;316
12;2025-11-19;6;1441
12;2025-11-19;7;2722
12;2025-11-19;8;3660
12;2025-11-19;9;2583
12;2025-11-19;10;2092
12;2025-11-19;11;1956
12;2025-11-19;12;2064
12;2025-11-19;13;2083
12;2025-11-19;14;1978
12;2025-11-19;15;2211
12;2025-11-19;16;2696
12;2025-11-19;17;3006
12;2025-11-19;18;3187
12;2025-11-19;19;2382
12;2025-11-19;20;1567
12;2025-11-19;21;970
12;2025-11-19;22;488
12;2025-11-19;23;255
12;2025-11-20;0;54
12;2025-11-20;1;2
12;2025-11-20;2;0
12;2025-11-20;3;0
12;2025-11-20;4;7
12;2025-11-20;5;316
12;2025-11-20;6;1441
12;2025-11-20;7;2722
12;2025-11-20;8;3660
12;2025-11-20;9;2583
12;2025-11-20;10;2092
12;2025-11-20;11;1956
12;2025-11-20;12;2064
12;2025-11-20;13;2083
12;2025-11-20;14;1978
12;2025-11-20;15;2211
12;2025-11-20;16;2696
12;2025-11-20;17;3006
12;2025-11-20;18;3187
12;2025-11-20;19;2382
12;2025-11-20;20;1567
12;2025-11-20;21;970
12;2025-11-20;22;488
12;2025-11-20;23;255
12;2025-11-21;0;56
12;2025-11-21;1;1
12;2025-11-21;2;0
12;2025-11-21;3;0
12;2025-11-21;4;5
12;2025-11-21;5;333
12;2025-11-21;6;1444
12;2025-11-21;7;2769
12;2025-11-21;8;3418
12;2025-11-21;9;2565
12;2025-11-21;10;1929
12;2025-11-21;11;1916
12;2025-11-21;12;1959
12;2025-11-21;13;2219
12;2025-11-21;14;2008
12;2025-11-21;15;2254
12;2025-11-21;16;2961
12;2025-11-21;17;2958
12;2025-11-21;18;2596
12;2025-11-21;19;2140
12;2025-11-21;20;1401
12;2025-11-21;21;1019
12;2025-11-21;22;511
12;2025-11-21;23;338
12;2025-11-22;0;67
12;2025-11-22;1;2
12;2025-11-22;2;0
12;2025-11-22;3;0
12;2025-11-22;4;2
12;2025-11-22;5;224
12;2025-11-22;6;794
12;2025-11-22;7;902
12;2025-11-22;8;1052
12;2025-11-22;9;1253
12;2025-11-22;10;1489
12;2025-11-22;11;1510
12;2025-11-22;12;1550
12;2025-11-22;13;1759
12;2025-11-22;14;1589
12;2025-11-22;15;1561
12;2025-11-22;16;1681
12;2025-11-22;17;1610
12;2025-11-22;18;1600
12;2025-11-22;19;1345
12;2025-11-22;20;945
12;2025-11-22;21;767
12;2025-11-22;22;390
12;2025-11-22;23;293
12;2025-11-23;0;82
12;2025-11-23;1;3
12;2025-11-23;2;0
12;2025-11-23;3;0
12;2025-11-23;4;3
12;2025-11-23;5;130
12;2025-11-23;6;513
12;2025-11-23;7;698
12;2025-11-23;8;712
12;2025-11-23;9;894
12;2025-11-23;10;1129
12;2025-11-23;11;1230
12;2025-11-23;12;1306
12;2025-11-23;13;1533
12;2025-11-23;14;1435
12;2025-11-23;15;1466
12;2025-11-23;16;1468
12;2025-11-23;17;1519
12;2025-11-23;18;1319
12;2025-11-23;19;982
12;2025-11-23;20;765
12;2025-11-23;21;586
12;2025-11-23;22;383
12;2025-11-23;23;193
12;2025-11-24;0;54
12;2025-11-24;1;2
12;2025-11-24;2;0
12;2025-11-24;3;0
12;2025-11-24;4;7
12;2025-11-24;5;316
12;2025-11-24;6;1441
12;2025-11-24;7;2722
12;2025-11-24;8;3660
12;2025-11-24;9;2583
12;2025-11-24;10;2092
12;2025-11-24;11;1956
12;2025-11-24;12;2064
12;2025-11-24;13;2083
12;2025-11-24;14;1978
12;2025-11-24;15;2211
12;2025-11-24;16;2696
12;2025-11-24;17;3006
12;2025-11-24;18;3187
12;2025-11-24;19;2382
12;2025-11-24;20;1567
12;2025-11-24;21;970
12;2025-11-24;22;488
12;2025-11-24;23;255
12;2025-11-25;0;54
12;2025-11-25;1;2
12;2025-11-25;2;0
12;2025-11-25;3;0
12;2025-11-25;4;7
12;2025-11-25;5;316
12;2025-11-25;6;1441
12;2025-11-25;7;2722
12;2025-11-25;8;3660
12;2025-11-25;9;2583
12;2025-11-25;10;2092
12;2025-11-25;11;1956
12;2025-11-25;12;2064
12;2025-11-25;13;2083
12;2025-11-25;14;1978
12;2025-11-25;15;2211
12;2025-11-25;16;2696
12;2025-11-25;17;3006
12;2025-11-25;18;3187
12;2025-11-25;19;2382
12;2025-11-25;20;1567
12;2025-11-25;21;970
12;2025-11-25;22;488
12;2025-11-25;23;255
12;2025-11-26;0;54
12;2025-11-26;1;2
12;2025-11-26;2;0
12;2025-11-26;3;0
12;2025-11-26;4;7
12;2025-11-26;5;316
12;2025-11-26;6;1441
12;2025-11-26;7;2722
12;2025-11-26;8;3660
12;2025-11-26;9;2583
12;2025-11-26;10;2092
12;2025-11-26;11;1956
12;2025-11-26;12;2064
12;2025-11-26;13;2083
12;2025-11-26;14;1978
12;2025-11-26;15;2211
12;2025-11-26;16;2696
12;2025-11-26;17;3006
12;2025-11-26;18;3187
12;2025-11-26;19;2382
12;2025-11-26;20;1567
12;2025-11-26;21;970
12;2025-11-26;22;488
12;2025-11-26;23;255
12;2025-11-27;0;54
12;2025-11-27;1;2
12;2025-11-27;2;0
12;2025-11-27;3;0
12;2025-11-27;4;7
12;2025-11-27;5;316
12;2025-11-27;6;1441
12;2025-11-27;7;2722
12;2025-11-27;8;3660
12;2025-11-27;9;2583
12;2025-11-27;10;2092
12;2025-11-27;11;1956
12;2025-11-27;12;2064
12;2025-11-27;13;2083
12;2025-11-27;14;1978
12;2025-11-27;15;2211
12;2025-11-27;16;2696
12;2025-11-27;17;3006
12;2025-11-27;18;3187
12;2025-11-27;19;2382
12;2025-11-27;20;1567
12;2025-11-27;21;970
12;2025-11-27;22;488
12;2025-11-27;23;255
12;2025-11-28;0;56
12;2025-11-28;1;1
12;2025-11-28;2;0
12;2025-11-28;3;0
12;2025-11-28;4;5
12;2025-11-28;5;333
12;2025-11-28;6;1444
12;2025-11-28;7;2769
12;2025-11-28;8;3418
12;2025-11-28;9;2565
12;2025-11-28;10;1929
12;2025-11-28;11;1916
12;2025-11-28;12;1959
12;2025-11-28;13;2219
12;2025-11-28;14;2008
12;2025-11-28;15;2254
12;2025-11-28;16;2961
12;2025-11-28;17;2958
12;2025-11-28;18;2596
12;2025-11-28;19;2140
12;2025-11-28;20;1401
12;2025-11-28;21;1019
12;2025-11-28;22;511
12;2025-11-28;23;338
12;2025-11-29;0;67
12;2025-11-29;1;2
12;2025-11-29;2;0
12;2025-11-29;3;0
12;2025-11-29;4;2
12;2025-11-29;5;224
12;2025-11-29;6;794
12;2025-11-29;7;902
12;2025-11-29;8;1052
12;2025-11-29;9;1253
12;2025-11-29;10;1489
12;2025-11-29;11;1510
12;2025-11-29;12;1550
12;2025-11-29;13;1759
12;2025-11-29;14;1589
12;2025-11-29;15;1561
12;2025-11-29;16;1681
12;2025-11-29;17;1610
12;2025-11-29;18;1600
12;2025-11-29;19;1345
12;2025-11-29;20;945
12;2025-11-29;21;767
12;2025-11-29;22;390
12;2025-11-29;23;293
12;2025-11-30;0;82
12;2025-11-30;1;3
12;2025-11-30;2;0
12;2025-11-30;3;0
12;2025-11-30;4;3
12;2025-11-30;5;130
12;2025-11-30;6;513
12;2025-11-30;7;698
12;2025-11-30;8;712
12;2025-11-30;9;894
12;2025-11-30;10;1129
12;2025-11-30;11;1230
12;2025-11-30;12;1306
12;2025-11-30;13;1533
12;2025-11-30;14;1435
12;2025-11-30;15;1466
12;2025-11-30;16;1468
12;2025-11-30;17;1519
12;2025-11-30;18;1319
12;2025-11-30;19;982
12;2025-11-30;20;765
12;2025-11-30;21;586
12;2025-11-30;22;383
12;2025-11-30;23;193
12;2025-12-01;0;54
12;2025-12-01;1;2
12;2025-12-01;2;0
12;2025-12-01;3;0
12;2025-12-01;4;7
12;2025-12-01;5;316
12;2025-12-01;6;1441
12;2025-12-01;7;2722
12;2025-12-01;8;3660
12;2025-12-01;9;2583
12;2025-12-01;10;2092
12;2025-12-01;11;1956
12;2025-12-01;12;2064
12;2025-12-01;13;2083
12;2025-12-01;14;1978
12;2025-12-01;15;2211
12;2025-12-01;16;2696
12;2025-12-01;17;3006
12;2025-12-01;18;3187
12;2025-12-01;19;2382
12;2025-12-01;20;1567
12;2025-12-01;21;970
12;2025-12-01;22;488
12;2025-12-01;23;255
12;2025-12-02;0;54
12;2025-12-02;1;2
12;2025-12-02;2;0
12;2025-12-02;3;0
12;2025-12-02;4;7
12;2025-12-02;5;316
12;2025-12-02;6;1441
12;2025-12-02;7;2722
12;2025-12-02;8;3660
12;2025-12-02;9;2583
12;2025-12-02;10;2092
12;2025-12-02;11;1956
12;2025-12-02;12;2064
12;2025-12-02;13;2083
12;2025-12-02;14;1978
12;2025-12-02;15;2211
12;2025-12-02;16;2696
12;2025-12-02;17;3006
12;2025-12-02;18;3187
12;2025-12-02;19;2382
12;2025-12-02;20;1567
12;2025-12-02;21;970
12;2025-12-02;22;488
12;2025-12-02;23;255
12;2025-12-03;0;54
12;2025-12-03;1;2
12;2025-12-03;2;0
12;2025-12-03;3;0
12;2025-12-03;4;7
12;2025-12-03;5;316
12;2025-12-03;6;1441
12;2025-12-03;7;2722
12;2025-12-03;8;3660
12;2025-12-03;9;2583
12;2025-12-03;10;2092
12;2025-12-03;11;1956
12;2025-12-03;12;2064
12;2025-12-03;13;2083
12;2025-12-03;14;1978
12;2025-12-03;15;2211
12;2025-12-03;16;2696
12;2025-12-03;17;3006
12;2025-12-03;18;3187
12;2025-12-03;19;2382
12;2025-12-03;20;1567
12;2025-12-03;21;970
12;2025-12-03;22;488
12;2025-12-03;23;255
12;2025-12-04;0;54
12;2025-12-04;1;2
12;2025-12-04;2;0
12;2025-12-04;3;0
12;2025-12-04;4;7
12;2025-12-04;5;316
12;2025-12-04;6;1441
12;2025-12-04;7;2722
12;2025-12-04;8;3660
12;2025-12-04;9;2583
12;2025-12-04;10;2092
12;2025-12-04;11;1956
12;2025-12-04;12;2064
12;2025-12-04;13;2083
12;2025-12-04;14;1978
12;2025-12-04;15;2211
12;2025-12-04;16;2696
12;2025-12-04;17;3006
12;2025-12-04;18;3187
12;2025-12-04;19;2382
12;2025-12-04;20;1567
12;2025-12-04;21;970
12;2025-12-04;22;488
12;2025-12-04;23;255
12;2025-12-05;0;56
12;2025-12-05;1;1
12;2025-12-05;2;0
12;2025-12-05;3;0
12;2025-12-05;4;5
12;2025-12-05;5;333
12;2025-12-05;6;1444
12;2025-12-05;7;2769
12;2025-12-05;8;3418
12;2025-12-05;9;2565
12;2025-12-05;10;1929
12;2025-12-05;11;1916
12;2025-12-05;12;1959
12;2025-12-05;13;2219
12;2025-12-05;14;2008
12;2025-12-05;15;2254
12;2025-12-05;16;2961
12;2025-12-05;17;2958
12;2025-12-05;18;2596
12;2025-12-05;19;2140
12;2025-12-05;20;1401
12;2025-12-05;21;1019
12;2025-12-05;22;511
12;2025-12-05;23;338
12;2025-12-06;0;67
12;2025-12-06;1;2
12;2025-12-06;2;0
12;2025-12-06;3;0
12;2025-12-06;4;2
12;2025-12-06;5;224
12;2025-12-06;6;794
12;2025-12-06;7;902
12;2025-12-06;8;1052
12;2025-12-06;9;1253
12;2025-12-06;10;1489
12;2025-12-06;11;1510
12;2025-12-06;12;1550
12;2025-12-06;13;1759
12;2025-12-06;14;1589
12;2025-12-06;15;1561
12;2025-12-06;16;1681
12;2025-12-06;17;1610
12;2025-12-06;18;1600
12;2025-12-06;19;1345
12;2025-12-06;20;945
12;2025-12-06;21;767
12;2025-12-06;22;390
12;2025-12-06;23;293
12;2025-12-07;0;82
12;2025-12-07;1;3
12;2025-12-07;2;0
12;2025-12-07;3;0
12;2025-12-07;4;3
12;2025-12-07;5;130
12;2025-12-07;6;513
12;2025-12-07;7;698
12;2025-12-07;8;712
12;2025-12-07;9;894
12;2025-12-07;10;1129
12;2025-12-07;11;1230
12;2025-12-07;12;1306
12;2025-12-07;13;1533
12;2025-12-07;14;1435
12;2025-12-07;15;1466
12;2025-12-07;16;1468
12;2025-12-07;17;1519
12;2025-12-07;18;1319
12;2025-12-07;19;982
12;2025-12-07;20;765
12;2025-12-07;21;586
12;2025-12-07;22;383
12;2025-12-07;23;193
12;2025-12-08;0;54
12;2025-12-08;1;2
12;2025-12-08;2;0
12;2025-12-08;3;0
12;2025-12-08;4;7
12;2025-12-08;5;316
12;2025-12-08;6;1441
12;2025-12-08;7;2722
12;2025-12-08;8;3660
12;2025-12-08;9;2583
12;2025-12-08;10;2092
12;2025-12-08;11;1956
12;2025-12-08;12;2064
12;2025-12-08;13;2083
12;2025-12-08;14;1978
12;2025-12-08;15;2211
12;2025-12-08;16;2696
12;2025-12-08;17;3006
12;2025-12-08;18;3187
12;2025-12-08;19;2382
12;2025-12-08;20;1567
12;2025-12-08;21;970
12;2025-12-08;22;488
12;2025-12-08;23;255
12;2025-12-09;0;54
12;2025-12-09;1;2
12;2025-12-09;2;0
12;2025-12-09;3;0
12;2025-12-09;4;7
12;2025-12-09;5;316
12;2025-12-09;6;1441
12;2025-12-09;7;2722
12;2025-12-09;8;3660
12;2025-12-09;9;2583
12;2025-12-09;10;2092
12;2025-12-09;11;1956
12;2025-12-09;12;2064
12;2025-12-09;13;2083
12;2025-12-09;14;1978
12;2025-12-09;15;2211
12;2025-12-09;16;2696
12;2025-12-09;17;3006
12;2025-12-09;18;3187
12;2025-12-09;19;2382
12;2025-12-09;20;1567
12;2025-12-09;21;970
12;2025-12-09;22;488
12;2025-12-09;23;255
12;2025-12-10;0;54
12;2025-12-10;1;2
12;2025-12-10;2;0
12;2025-12-10;3;0
12;2025-12-10;4;7
12;2025-12-10;5;316
12;2025-12-10;6;1441
12;2025-12-10;7;2722
12;2025-12-10;8;3660
12;2025-12-10;9;2583
12;2025-12-10;10;2092
12;2025-12-10;11;1956
12;2025-12-10;12;2064
12;2025-12-10;13;2083
12;2025-12-10;14;1978
12;2025-12-10;15;2211
12;2025-12-10;16;2696
12;2025-12-10;17;3006
12;2025-12-10;18;3187
12;2025-12-10;19;2382
12;2025-12-10;20;1567
12;2025-12-10;21;970
12;2025-12-10;22;488
12;2025-12-10;23;255
12;2025-12-11;0;54
12;2025-12-11;1;2
12;2025-12-11;2;0
12;2025-12-11;3;0
12;2025-12-11;4;7
12;2025-12-11;5;316
12;2025-12-11;6;1441
12;2025-12-11;7;2722
12;2025-12-11;8;3660
12;2025-12-11;9;2583
12;2025-12-11;10;2092
12;2025-12-11;11;1956
12;2025-12-11;12;2064
12;2025-12-11;13;2083
12;2025-12-11;14;1978
12;2025-12-11;15;2211
12;2025-12-11;16;2696
12;2025-12-11;17;3006
12;2025-12-11;18;3187
12;2025-12-11;19;2382
12;2025-12-11;20;1567
12;2025-12-11;21;970
12;2025-12-11;22;488
12;2025-12-11;23;255
12;2025-12-12;0;56
12;2025-12-12;1;1
12;2025-12-12;2;0
12;2025-12-12;3;0
12;2025-12-12;4;5
12;2025-12-12;5;333
12;2025-12-12;6;1444
12;2025-12-12;7;2769
12;2025-12-12;8;3418
12;2025-12-12;9;2565
12;2025-12-12;10;1929
12;2025-12-12;11;1916
12;2025-12-12;12;1959
12;2025-12-12;13;2219
12;2025-12-12;14;2008
12;2025-12-12;15;2254
12;2025-12-12;16;2961
12;2025-12-12;17;2958
12;2025-12-12;18;2596
12;2025-12-12;19;2140
12;2025-12-12;20;1401
12;2025-12-12;21;1019
12;2025-12-12;22;511
12;2025-12-12;23;338
12;2025-12-13;0;67
12;2025-12-13;1;2
12;2025-12-13;2;0
12;2025-12-13;3;0
12;2025-12-13;4;2
12;2025-12-13;5;224
12;2025-12-13;6;794
12;2025-12-13;7;902
12;2025-12-13;8;1052
12;2025-12-13;9;1253
12;2025-12-13;10;1489
12;2025-12-13;11;1510
12;2025-12-13;12;1550
12;2025-12-13;13;1759
12;2025-12-13;14;1589
12;2025-12-13;15;1561
12;2025-12-13;16;1681
12;2025-12-13;17;1610
12;2025-12-13;18;1600
12;2025-12-13;19;1345
12;2025-12-13;20;945
12;2025-12-13;21;767
12;2025-12-13;22;390
12;2025-12-13;23;293
12;2025-12-14;0;82
12;2025-12-14;1;3
12;2025-12-14;2;0
12;2025-12-14;3;0
12;2025-12-14;4;3
12;2025-12-14;5;130
12;2025-12-14;6;513
12;2025-12-14;7;698
12;2025-12-14;8;712
12;2025-12-14;9;894
12;2025-12-14;10;1129
12;2025-12-14;11;1230
12;2025-12-14;12;1306
12;2025-12-14;13;1533
12;2025-12-14;14;1435
12;2025-12-14;15;1466
12;2025-12-14;16;1468
12;2025-12-14;17;1519
12;2025-12-14;18;1319
12;2025-12-14;19;982
12;2025-12-14;20;765
12;2025-12-14;21;586
12;2025-12-14;22;383
12;2025-12-14;23;193
12;2025-12-15;0;54
12;2025-12-15;1;2
12;2025-12-15;2;0
12;2025-12-15;3;0
12;2025-12-15;4;7
12;2025-12-15;5;316
12;2025-12-15;6;1441
12;2025-12-15;7;2722
12;2025-12-15;8;3660
12;2025-12-15;9;2583
12;2025-12-15;10;2092
12;2025-12-15;11;1956
12;2025-12-15;12;2064
12;2025-12-15;13;2083
12;2025-12-15;14;1978
12;2025-12-15;15;2211
12;2025-12-15;16;2696
12;2025-12-15;17;3006
12;2025-12-15;18;3187
12;2025-12-15;19;2382
12;2025-12-15;20;1567
12;2025-12-15;21;970
12;2025-12-15;22;488
12;2025-12-15;23;255
12;2025-12-16;0;54
12;2025-12-16;1;2
12;2025-12-16;2;0
12;2025-12-16;3;0
12;2025-12-16;4;7
12;2025-12-16;5;316
12;2025-12-16;6;1441
12;2025-12-16;7;2722
12;2025-12-16;8;3660
12;2025-12-16;9;2583
12;2025-12-16;10;2092
12;2025-12-16;11;1956
12;2025-12-16;12;2064
12;2025-12-16;13;2083
12;2025-12-16;14;1978
12;2025-12-16;15;2211
12;2025-12-16;16;2696
12;2025-12-16;17;3006
12;2025-12-16;18;3187
12;2025-12-16;19;2382
12;2025-12-16;20;1567
12;2025-12-16;21;970
12;2025-12-16;22;488
12;2025-12-16;23;255
12;2025-12-17;0;54
12;2025-12-17;1;2
12;2025-12-17;2;0
12;2025-12-17;3;0
12;2025-12-17;4;7
12;2025-12-17;5;316
12;2025-12-17;6;1441
12;2025-12-17;7;2722
12;2025-12-17;8;3660
12;2025-12-17;9;2583
12;2025-12-17;10;2092
12;2025-12-17;11;1956
12;2025-12-17;12;2064
12;2025-12-17;13;2083
12;2025-12-17;14;1978
12;2025-12-17;15;2211
12;2025-12-17;16;2696
12;2025-12-17;17;3006
12;2025-12-17;18;3187
12;2025-12-17;19;2382
12;2025-12-17;20;1567
12;2025-12-17;21;970
12;2025-12-17;22;488
12;2025-12-17;23;255
12;2025-12-18;0;54
12;2025-12-18;1;2
12;2025-12-18;2;0
12;2025-12-18;3;0
12;2025-12-18;4;7
12;2025-12-18;5;316
12;2025-12-18;6;1441
12;2025-12-18;7;2722
12;2025-12-18;8;3660
12;2025-12-18;9;2583
12;2025-12-18;10;2092
12;2025-12-18;11;1956
12;2025-12-18;12;2064
12;2025-12-18;13;2083
12;2025-12-18;14;1978
12;2025-12-18;15;2211
12;2025-12-18;16;2696
12;2025-12-18;17;3006
12;2025-12-18;18;3187
12;2025-12-18;19;2382
12;2025-12-18;20;1567
12;2025-12-18;21;970
12;2025-12-18;22;488
12;2025-12-18;23;255
12;2025-12-19;0;56
12;2025-12-19;1;1
12;2025-12-19;2;0
12;2025-12-19;3;0
12;2025-12-19;4;5
12;2025-12-19;5;333
12;2025-12-19;6;1444
12;2025-12-19;7;2769
12;2025-12-19;8;3418
12;2025-12-19;9;2565
12;2025-12-19;10;1929
12;2025-12-19;11;1916
12;2025-12-19;12;1959
12;2025-12-19;13;2219
12;2025-12-19;14;2008
12;2025-12-19;15;2254
12;2025-12-19;16;2961
12;2025-12-19;17;2958
12;2025-12-19;18;2596
12;2025-12-19;19;2140
12;2025-12-19;20;1401
12;2025-12-19;21;1019
12;2025-12-19;22;511
12;2025-12-19;23;338
12;2025-12-20;0;67
12;2025-12-20;1;2
12;2025-12-20;2;0
12;2025-12-20;3;0
12;2025-12-20;4;2
12;2025-12-20;5;224
12;2025-12-20;6;794
12;2025-12-20;7;902
12;2025-12-20;8;1052
12;2025-12-20;9;1253
12;2025-12-20;10;1489
12;2025-12-20;11;1510
12;2025-12-20;12;1550
12;2025-12-20;13;1759
12;2025-12-20;14;1589
12;2025-12-20;15;1561
12;2025-12-20;16;1681
12;2025-12-20;17;1610
12;2025-12-20;18;1600
12;2025-12-20;19;1345
12;2025-12-20;20;945
12;2025-12-20;21;767
12;2025-12-20;22;390
12;2025-12-20;23;293
12;2025-12-21;0;82
12;2025-12-21;1;3
12;2025-12-21;2;0
12;2025-12-21;3;0
12;2025-12-21;4;3
12;2025-12-21;5;130
12;2025-12-21;6;513
12;2025-12-21;7;698
12;2025-12-21;8;712
12;2025-12-21;9;894
12;2025-12-21;10;1129
12;2025-12-21;11;1230
12;2025-12-21;12;1306
12;2025-12-21;13;1533
12;2025-12-21;14;1435
12;2025-12-21;15;1466
12;2025-12-21;16;1468
12;2025-12-21;17;1519
12;2025-12-21;18;1319
12;2025-12-21;19;982
12;2025-12-21;20;765
12;2025-12-21;21;586
12;2025-12-21;22;383
12;2025-12-21;23;193
12;2025-12-22;0;54
12;2025-12-22;1;2
12;2025-12-22;2;0
12;2025-12-22;3;0
12;2025-12-22;4;7
12;2025-12-22;5;316
12;2025-12-22;6;1441
12;2025-12-22;7;2722
12;2025-12-22;8;3660
12;2025-12-22;9;2583
12;2025-12-22;10;2092
12;2025-12-22;11;1956
12;2025-12-22;12;2064
12;2025-12-22;13;2083
12;2025-12-22;14;1978
12;2025-12-22;15;2211
12;2025-12-22;16;2696
12;2025-12-22;17;3006
12;2025-12-22;18;3187
12;2025-12-22;19;2382
12;2025-12-22;20;1567
12;2025-12-22;21;970
12;2025-12-22;22;488
12;2025-12-22;23;255
12;2025-12-23;0;54
12;2025-12-23;1;2
12;2025-12-23;2;0
12;2025-12-23;3;0
12;2025-12-23;4;7
12;2025-12-23;5;316
12;2025-12-23;6;1441
12;2025-12-23;7;2722
12;2025-12-23;8;3660
12;2025-12-23;9;2583
12;2025-12-23;10;2092
12;2025-12-23;11;1956
12;2025-12-23;12;2064
12;2025-12-23;13;2083
12;2025-12-23;14;1978
12;2025-12-23;15;2211
12;2025-12-23;16;2696
12;2025-12-23;17;3006
12;2025-12-23;18;3187
12;2025-12-23;19;2382
12;2025-12-23;20;1567
12;2025-12-23;21;970
12;2025-12-23;22;488
12;2025-12-23;23;255
12;2025-12-24;0;54
12;2025-12-24;1;2
12;2025-12-24;2;0
12;2025-12-24;3;0
12;2025-12-24;4;7
12;2025-12-24;5;316
12;2025-12-24;6;1441
12;2025-12-24;7;2722
12;2025-12-24;8;3660
12;2025-12-24;9;2583
12;2025-12-24;10;2092
12;2025-12-24;11;1956
12;2025-12-24;12;2064
12;2025-12-24;13;2083
12;2025-12-24;14;1978
12;2025-12-24;15;2211
12;2025-12-24;16;2696
12;2025-12-24;17;3006
12;2025-12-24;18;3187
12;2025-12-24;19;2382
12;2025-12-24;20;1567
12;2025-12-24;21;970
12;2025-12-24;22;488
12;2025-12-24;23;255
12;2025-12-25;0;54
12;2025-12-25;1;2
12;2025-12-25;2;0
12;2025-12-25;3;0
12;2025-12-25;4;7
12;2025-12-25;5;316
12;2025-12-25;6;1441
12;2025-12-25;7;2722
12;2025-12-25;8;3660
12;2025-12-25;9;2583
12;2025-12-25;10;2092
12;2025-12-25;11;1956
12;2025-12-25;12;2064
12;2025-12-25;13;2083
12;2025-12-25;14;1978
12;2025-12-25;15;2211
12;2025-12-25;16;2696
12;2025-12-25;17;3006
12;2025-12-25;18;3187
12;2025-12-25;19;2382
12;2025-12-25;20;1567
12;2025-12-25;21;970
12;2025-12-25;22;488
12;2025-12-25;23;255
12;2025-12-26;0;56
12;2025-12-26;1;1
12;2025-12-26;2;0
12;2025-12-26;3;0
12;2025-12-26;4;5
12;2025-12-26;5;333
12;2025-12-26;6;1444
12;2025-12-26;7;2769
12;2025-12-26;8;3418
12;2025-12-26;9;2565
12;2025-12-26;10;1929
12;2025-12-26;11;1916
12;2025-12-26;12;1959
12;2025-12-26;13;2219
12;2025-12-26;14;2008
12;2025-12-26;15;2254
12;2025-12-26;16;2961
12;2025-12-26;17;2958
12;2025-12-26;18;2596
12;2025-12-26;19;2140
12;2025-12-26;20;1401
12;2025-12-26;21;1019
12;2025-12-26;22;511
12;2025-12-26;23;338
12;2025-12-27;0;67
12;2025-12-27;1;2
12;2025-12-27;2;0
12;2025-12-27;3;0
12;2025-12-27;4;2
12;2025-12-27;5;224
12;2025-12-27;6;794
12;2025-12-27;7;902
12;2025-12-27;8;1052
12;2025-12-27;9;1253
12;2025-12-27;10;1489
12;2025-12-27;11;1510
12;2025-12-27;12;1550
12;2025-12-27;13;1759
12;2025-12-27;14;1589
12;2025-12-27;15;1561
12;2025-12-27;16;1681
12;2025-12-27;17;1610
12;2025-12-27;18;1600
12;2025-12-27;19;1345
12;2025-12-27;20;945
12;2025-12-27;21;767
12;2025-12-27;22;390
12;2025-12-27;23;293
12;2025-12-28;0;82
12;2025-12-28;1;3
12;2025-12-28;2;0
12;2025-12-28;3;0
12;2025-12-28;4;3
12;2025-12-28;5;130
12;2025-12-28;6;513
12;2025-12-28;7;698
12;2025-12-28;8;712
12;2025-12-28;9;894
12;2025-12-28;10;1129
12;2025-12-28;11;1230
12;2025-12-28;12;1306
12;2025-12-28;13;1533
12;2025-12-28;14;1435
12;2025-12-28;15;1466
12;2025-12-28;16;1468
12;2025-12-28;17;1519
12;2025-12-28;18;1319
12;2025-12-28;19;982
12;2025-12-28;20;765
12;2025-12-28;21;586
12;2025-12-28;22;383
12;2025-12-28;23;193
12;2025-12-29;0;47
12;2025-12-29;1;1
12;2025-12-29;2;0
12;2025-12-29;3;0
12;2025-12-29;4;6
12;2025-12-29;5;278
12;2025-12-29;6;1268
12;2025-12-29;7;2395
12;2025-12-29;8;3220
12;2025-12-29;9;2273
12;2025-12-29;10;1841
12;2025-12-29;11;1721
12;2025-12-29;12;1816
12;2025-12-29;13;1833
12;2025-12-29;14;1741
12;2025-12-29;15;1945
12;2025-12-29;16;2373
12;2025-12-29;17;2645
12;2025-12-29;18;2804
12;2025-12-29;19;2096
12;2025-12-29;20;1379
12;2025-12-29;21;854
12;2025-12-29;22;430
12;2025-12-29;23;224
12;2025-12-30;0;47
12;2025-12-30;1;1
12;2025-12-30;2;0
12;2025-12-30;3;0
12;2025-12-30;4;6
12;2025-12-30;5;278
12;2025-12-30;6;1268
12;2025-12-30;7;2395
12;2025-12-30;8;3220
12;2025-12-30;9;2273
12;2025-12-30;10;1841
12;2025-12-30;11;1721
12;2025-12-30;12;1816
12;2025-12-30;13;1833
12;2025-12-30;14;1741
12;2025-12-30;15;1945
12;2025-12-30;16;2373
12;2025-12-30;17;2645
12;2025-12-30;18;2804
12;2025-12-30;19;2096
12;2025-12-30;20;1379
12;2025-12-30;21;854
12;2025-12-30;22;430
12;2025-12-30;23;224
12;2025-12-31;0;54
12;2025-12-31;1;1
12;2025-12-31;2;0
12;2025-12-31;3;0
12;2025-12-31;4;1
12;2025-12-31;5;179
12;2025-12-31;6;635
12;2025-12-31;7;722
12;2025-12-31;8;842
12;2025-12-31;9;1002
12;2025-12-31;10;1191
12;2025-12-31;11;1208
12;2025-12-31;12;1240
12;2025-12-31;13;1408
12;2025-12-31;14;1271
12;2025-12-31;15;1249
12;2025-12-31;16;1345
12;2025-12-31;17;1288
12;2025-12-31;18;1280
12;2025-12-31;19;1076
12;2025-12-31;20;0
12;2025-12-31;21;0
12;2025-12-31;22;0
12;2025-12-31;23;0
17;2025-11-01;0;151
17;2025-11-01;1;30
17;2025-11-01;2;0
17;2025-11-01;3;0
17;2025-11-01;4;19
17;2025-11-01;5;246
17;2025-11-01;6;1209
17;2025-11-01;7;3277
17;2025-11-01;8;4151
17;2025-11-01;9;2999
17;2025-11-01;10;2375
17;2025-11-01;11;2417
17;2025-11-01;12;2388
17;2025-11-01;13;2459
17;2025-11-01;14;2514
17;2025-11-01;15;2731
17;2025-11-01;16;3302
17;2025-11-01;17;3755
17;2025-11-01;18;3407
17;2025-11-01;19;2521
17;2025-11-01;20;1857
17;2025-11-01;21;1249
17;2025-11-01;22;602
17;2025-11-01;23;374
17;2025-11-02;0;184
17;2025-11-02;1;23
17;2025-11-02;2;0
17;2025-11-02;3;0
17;2025-11-02;4;3
17;2025-11-02;5;105
17;2025-11-02;6;433
17;2025-11-02;7;841
17;2025-11-02;8;1225
17;2025-11-02;9;1677
17;2025-11-02;10;1979
17;2025-11-02;11;2544
17;2025-11-02;12;2887
17;2025-11-02;13;3135
17;2025-11-02;14;3268
17;2025-11-02;15;3200
17;2025-11-02;16;3112
17;2025-11-02;17;2954
17;2025-11-02;18;2547
17;2025-11-02;19;2038
17;2025-11-02;20;1502
17;2025-11-02;21;1110
17;2025-11-02;22;680
17;2025-11-02;23;312
17;2025-11-03;0;184
17;2025-11-03;1;23
17;2025-11-03;2;0
17;2025-11-03;3;0
17;2025-11-03;4;3
17;2025-11-03;5;105
17;2025-11-03;6;433
17;2025-11-03;7;841
17;2025-11-03;8;1225
17;2025-11-03;9;1677
17;2025-11-03;10;1979
17;2025-11-03;11;2544
17;2025-11-03;12;2887
17;2025-11-03;13;3135
17;2025-11-03;14;3268
17;2025-11-03;15;3200
17;2025-11-03;16;3112
17;2025-11-03;17;2954
17;2025-11-03;18;2547
17;2025-11-03;19;2038
17;2025-11-03;20;1502
17;2025-11-03;21;1110
17;2025-11-03;22;680
17;2025-11-03;23;312
17;2025-11-04;0;184
17;2025-11-04;1;23
17;2025-11-04;2;0
17;2025-11-04;3;0
17;2025-11-04;4;3
17;2025-11-04;5;105
17;2025-11-04;6;433
17;2025-11-04;7;841
17;2025-11-04;8;1225
17;2025-11-04;9;1677
17;2025-11-04;10;1979
17;2025-11-04;11;2544
17;2025-11-04;12;2887
17;2025-11-04;13;3135
17;2025-11-04;14;3268
17;2025-11-04;15;3200
17;2025-11-04;16;3112
17;2025-11-04;17;2954
17;2025-11-04;18;2547
17;2025-11-04;19;2038
17;2025-11-04;20;1502
17;2025-11-04;21;1110
17;2025-11-04;22;680
17;2025-11-04;23;312
17;2025-11-05;0;120
17;2025-11-05;1;12
17;2025-11-05;2;0
17;2025-11-05;3;0
17;2025-11-05;4;26
17;2025-11-05;5;310
17;2025-11-05;6;1543
17;2025-11-05;7;4209
17;2025-11-05;8;5417
17;2025-11-05;9;3878
17;2025-11-05;10;3037
17;2025-11-05;11;3011
17;2025-11-05;12;3036
17;2025-11-05;13;3092
17;2025-11-05;14;3203
17;2025-11-05;15;3260
17;2025-11-05;16;3695
17;2025-11-05;17;4505
17;2025-11-05;18;4738
17;2025-11-05;19;3200
17;2025-11-05;20;2278
17;2025-11-05;21;1429
17;2025-11-05;22;686
17;2025-11-05;23;361
17;2025-11-06;0;120
17;2025-11-06;1;12
17;2025-11-06;2;0
17;2025-11-06;3;0
17;2025-11-06;4;26
17;2025-11-06;5;310
17;2025-11-06;6;1543
17;2025-11-06;7;4209
17;2025-11-06;8;5417
17;2025-11-06;9;3878
17;2025-11-06;10;3037
17;2025-11-06;11;3011
17;2025-11-06;12;3036
17;2025-11-06;13;3092
17;2025-11-06;14;3203
17;2025-11-06;15;3260
17;2025-11-06;16;3695
17;2025-11-06;17;4505
17;2025-11-06;18;4738
17;2025-11-06;19;3200
17;2025-11-06;20;2278
17;2025-11-06;21;1429
17;2025-11-06;22;686
17;2025-11-06;23;361
17;2025-11-07;0;142
17;2025-11-07;1;17
17;2025-11-07;2;0
17;2025-11-07;3;0
17;2025-11-07;4;24
17;2025-11-07;5;308
17;2025-11-07;6;1511
17;2025-11-07;7;4096
17;2025-11-07;8;5189
17;2025-11-07;9;3749
17;2025-11-07;10;2969
17;2025-11-07;11;3021
17;2025-11-07;12;2985
17;2025-11-07;13;3074
17;2025-11-07;14;3142
17;2025-11-07;15;3414
17;2025-11-07;16;4128
17;2025-11-07;17;4694
17;2025-11-07;18;4259
17;2025-11-07;19;3151
17;2025-11-07;20;2321
17;2025-11-07;21;1562
17;2025-11-07;22;752
17;2025-11-07;23;468
17;2025-11-08;0;201
17;2025-11-08;1;28
17;2025-11-08;2;0
17;2025-11-08;3;0
17;2025-11-08;4;5
17;2025-11-08;5;135
17;2025-11-08;6;577
17;2025-11-08;7;1257
17;2025-11-08;8;1783
17;2025-11-08;9;2268
17;2025-11-08;10;2535
17;2025-11-08;11;3022
17;2025-11-08;12;3347
17;2025-11-08;13;3611
17;2025-11-08;14;3626
17;2025-11-08;15;3618
17;2025-11-08;16;3635
17;2025-11-08;17;3347
17;2025-11-08;18;2963
17;2025-11-08;19;2342
17;2025-11-08;20;1844
17;2025-11-08;21;1323
17;2025-11-08;22;797
17;2025-11-08;23;447
17;2025-11-09;0;184
17;2025-11-09;1;23
17;2025-11-09;2;0
17;2025-11-09;3;0
17;2025-11-09;4;3
17;2025-11-09;5;105
17;2025-11-09;6;433
17;2025-11-09;7;841
17;2025-11-09;8;1225
17;2025-11-09;9;1677
17;2025-11-09;10;1979
17;2025-11-09;11;2544
17;2025-11-09;12;2887
17;2025-11-09;13;3135
17;2025-11-09;14;3268
17;2025-11-09;15;3200
17;2025-11-09;16;3112
17;2025-11-09;17;2954
17;2025-11-09;18;2547
17;2025-11-09;19;2038
17;2025-11-09;20;1502
17;2025-11-09;21;1110
17;2025-11-09;22;680
17;2025-11-09;23;312
17;2025-11-10;0;120
17;2025-11-10;1;12
17;2025-11-10;2;0
17;2025-11-10;3;0
17;2025-11-10;4;26
17;2025-11-10;5;310
17;2025-11-10;6;1543
17;2025-11-10;7;4209
17;2025-11-10;8;5417
17;2025-11-10;9;3878
17;2025-11-10;10;3037
17;2025-11-10;11;3011
17;2025-11-10;12;3036
17;2025-11-10;13;3092
17;2025-11-10;14;3203
17;2025-11-10;15;3260
17;2025-11-10;16;3695
17;2025-11-10;17;4505
17;2025-11-10;18;4738
17;2025-11-10;19;3200
17;2025-11-10;20;2278
17;2025-11-10;21;1429
17;2025-11-10;22;686
17;2025-11-10;23;361
17;2025-11-11;0;120
17;2025-11-11;1;12
17;2025-11-11;2;0
17;2025-11-11;3;0
17;2025-11-11;4;26
17;2025-11-11;5;310
17;2025-11-11;6;1543
17;2025-11-11;7;4209
17;2025-11-11;8;5417
17;2025-11-11;9;3878
17;2025-11-11;10;3037
17;2025-11-11;11;3011
17;2025-11-11;12;3036
17;2025-11-11;13;3092
17;2025-11-11;14;3203
17;2025-11-11;15;3260
17;2025-11-11;16;3695
17;2025-11-11;17;4505
17;2025-11-11;18;4738
17;2025-11-11;19;3200
17;2025-11-11;20;2278
17;2025-11-11;21;1429
17;2025-11-11;22;686
17;2025-11-11;23;361
17;2025-11-12;0;120
17;2025-11-12;1;12
17;2025-11-12;2;0
17;2025-11-12;3;0
17;2025-11-12;4;26
17;2025-11-12;5;310
17;2025-11-12;6;1543
17;2025-11-12;7;4209
17;2025-11-12;8;5417
17;2025-11-12;9;3878
17;2025-11-12;10;3037
17;2025-11-12;11;3011
17;2025-11-12;12;3036
17;2025-11-12;13;3092
17;2025-11-12;14;3203
17;2025-11-12;15;3260
17;2025-11-12;16;3695
17;2025-11-12;17;4505
17;2025-11-12;18;4738
17;2025-11-12;19;3200
17;2025-11-12;20;2278
17;2025-11-12;21;1429
17;2025-11-12;22;686
17;2025-11-12;23;361
17;2025-11-13;0;120
17;2025-11-13;1;12
17;2025-11-13;2;0
17;2025-11-13;3;0
17;2025-11-13;4;26
17;2025-11-13;5;310
17;2025-11-13;6;1543
17;2025-11-13;7;4209
17;2025-11-13;8;5417
17;2025-11-13;9;3878
17;2025-11-13;10;3037
17;2025-11-13;11;3011
17;2025-11-13;12;3036
17;2025-11-13;13;3092
17;2025-11-13;14;3203
17;2025-11-13;15;3260
17;2025-11-13;16;3695
17;2025-11-13;17;4505
17;2025-11-13;18;4738
17;2025-11-13;19;3200
17;2025-11-13;20;2278
17;2025-11-13;21;1429
17;2025-11-13;22;686
17;2025-11-13;23;361
17;2025-11-14;0;142
17;2025-11-14;1;17
17;2025-11-14;2;0
17;2025-11-14;3;0
17;2025-11-14;4;24
17;2025-11-14;5;308
17;2025-11-14;6;1511
17;2025-11-14;7;4096
17;2025-11-14;8;5189
17;2025-11-14;9;3749
17;2025-11-14;10;2969
17;2025-11-14;11;3021
17;2025-11-14;12;2985
17;2025-11-14;13;3074
17;2025-11-14;14;3142
17;2025-11-14;15;3414
17;2025-11-14;16;4128
17;2025-11-14;17;4694
17;2025-11-14;18;4259
17;2025-11-14;19;3151
17;2025-11-14;20;2321
17;2025-11-14;21;1562
17;2025-11-14;22;752
17;2025-11-14;23;468
17;2025-11-15;0;201
17;2025-11-15;1;28
17;2025-11-15;2;0
17;2025-11-15;3;0
17;2025-11-15;4;5
17;2025-11-15;5;135
17;2025-11-15;6;577
17;2025-11-15;7;1257
17;2025-11-15;8;1783
17;2025-11-15;9;2268
17;2025-11-15;10;2535
17;2025-11-15;11;3022
17;2025-11-15;12;3347
17;2025-11-15;13;3611
17;2025-11-15;14;3626
17;2025-11-15;15;3618
17;2025-11-15;16;3635
17;2025-11-15;17;3347
17;2025-11-15;18;2963
17;2025-11-15;19;2342
17;2025-11-15;20;1844
17;2025-11-15;21;1323
17;2025-11-15;22;797
17;2025-11-15;23;447
17;2025-11-16;0;184
17;2025-11-16;1;23
17;2025-11-16;2;0
17;2025-11-16;3;0
17;2025-11-16;4;3
17;2025-11-16;5;105
17;2025-11-16;6;433
17;2025-11-16;7;841
17;2025-11-16;8;1225
17;2025-11-16;9;1677
17;2025-11-16;10;1979
17;2025-11-16;11;2544
17;2025-11-16;12;2887
17;2025-11-16;13;3135
17;2025-11-16;14;3268
17;2025-11-16;15;3200
17;2025-11-16;16;3112
17;2025-11-16;17;2954
17;2025-11-16;18;2547
17;2025-11-16;19;2038
17;2025-11-16;20;1502
17;2025-11-16;21;1110
17;2025-11-16;22;680
17;2025-11-16;23;312
17;2025-11-17;0;120
17;2025-11-17;1;12
17;2025-11-17;2;0
17;2025-11-17;3;0
17;2025-11-17;4;26
17;2025-11-17;5;310
17;2025-11-17;6;1543
17;2025-11-17;7;4209
17;2025-11-17;8;5417
17;2025-11-17;9;3878
17;2025-11-17;10;3037
17;2025-11-17;11;3011
17;2025-11-17;12;3036
17;2025-11-17;13;3092
17;2025-11-17;14;3203
17;2025-11-17;15;3260
17;2025-11-17;16;3695
17;2025-11-17;17;4505
17;2025-11-17;18;4738
17;2025-11-17;19;3200
17;2025-11-17;20;2278
17;2025-11-17;21;1429
17;2025-11-17;22;686
17;2025-11-17;23;361
17;2025-11-18;0;120
17;2025-11-18;1;12
17;2025-11-18;2;0
17;2025-11-18;3;0
17;2025-11-18;4;26
17;2025-11-18;5;310
17;2025-11-18;6;1543
17;2025-11-18;7;4209
17;2025-11-18;8;5417
17;2025-11-18;9;3878
17;2025-11-18;10;3037
17;2025-11-18;11;3011
17;2025-11-18;12;3036
17;2025-11-18;13;3092
17;2025-11-18;14;3203
17;2025-11-18;15;3260
17;2025-11-18;16;3695
17;2025-11-18;17;4505
17;2025-11-18;18;4738
17;2025-11-18;19;3200
17;2025-11-18;20;2278
17;2025-11-18;21;1429
17;2025-11-18;22;686
17;2025-11-18;23;361
17;2025-11-19;0;120
17;2025-11-19;1;12
17;2025-11-19;2;0
17;2025-11-19;3;0
17;2025-11-19;4;26
17;2025-11-19;5;310
17;2025-11-19;6;1543
17;2025-11-19;7;4209
17;2025-11-19;8;5417
17;2025-11-19;9;3878
17;2025-11-19;10;3037
17;2025-11-19;11;3011
17;2025-11-19;12;3036
17;2025-11-19;13;3092
17;2025-11-19;14;3203
17;2025-11-19;15;3260
17;2025-11-19;16;3695
17;2025-11-19;17;4505
17;2025-11-19;18;4738
17;2025-11-19;19;3200
17;2025-11-19;20;2278
17;2025-11-19;21;1429
17;2025-11-19;22;686
17;2025-11-19;23;361
17;2025-11-20;0;120
17;2025-11-20;1;12
17;2025-11-20;2;0
17;2025-11-20;3;0
17;2025-11-20;4;26
17;2025-11-20;5;310
17;2025-11-20;6;1543
17;2025-11-20;7;4209
17;2025-11-20;8;5417
17;2025-11-20;9;3878
17;2025-11-20;10;3037
17;2025-11-20;11;3011
17;2025-11-20;12;3036
17;2025-11-20;13;3092
17;2025-11-20;14;3203
17;2025-11-20;15;3260
17;2025-11-20;16;3695
17;2025-11-20;17;4505
17;2025-11-20;18;4738
17;2025-11-20;19;3200
17;2025-11-20;20;2278
17;2025-11-20;21;1429
17;2025-11-20;22;686
17;2025-11-20;23;361
17;2025-11-21;0;142
17;2025-11-21;1;17
17;2025-11-21;2;0
17;2025-11-21;3;0
17;2025-11-21;4;24
17;2025-11-21;5;308
17;2025-11-21;6;1511
17;2025-11-21;7;4096
17;2025-11-21;8;5189
17;2025-11-21;9;3749
17;2025-11-21;10;2969
17;2025-11-21;11;3021
17;2025-11-21;12;2985
17;2025-11-21;13;3074
17;2025-11-21;14;3142
17;2025-11-21;15;3414
17;2025-11-21;16;4128
17;2025-11-21;17;4694
17;2025-11-21;18;4259
17;2025-11-21;19;3151
17;2025-11-21;20;2321
17;2025-11-21;21;1562
17;2025-11-21;22;752
17;2025-11-21;23;468
17;2025-11-22;0;201
17;2025-11-22;1;28
17;2025-11-22;2;0
17;2025-11-22;3;0
17;2025-11-22;4;5
17;2025-11-22;5;135
17;2025-11-22;6;577
17;2025-11-22;7;1257
17;2025-11-22;8;1783
17;2025-11-22;9;2268
17;2025-11-22;10;2535
17;2025-11-22;11;3022
17;2025-11-22;12;3347
17;2025-11-22;13;3611
17;2025-11-22;14;3626
17;2025-11-22;15;3618
17;2025-11-22;16;3635
17;2025-11-22;17;3347
17;2025-11-22;18;2963
17;2025-11-22;19;2342
17;2025-11-22;20;1844
17;2025-11-22;21;1323
17;2025-11-22;22;797
17;2025-11-22;23;447
17;2025-11-23;0;184
17;2025-11-23;1;23
17;2025-11-23;2;0
17;2025-11-23;3;0
17;2025-11-23;4;3
17;2025-11-23;5;105
17;2025-11-23;6;433
17;2025-11-23;7;841
17;2025-11-23;8;1225
17;2025-11-23;9;1677
17;2025-11-23;10;1979
17;2025-11-23;11;2544
17;2025-11-23;12;2887
17;2025-11-23;13;3135
17;2025-11-23;14;3268
17;2025-11-23;15;3200
17;2025-11-23;16;3112
17;2025-11-23;17;2954
17;2025-11-23;18;2547
17;2025-11-23;19;2038
17;2025-11-23;20;1502
17;2025-11-23;21;1110
17;2025-11-23;22;680
17;2025-11-23;23;312
17;2025-11-24;0;120
17;2025-11-24;1;12
17;2025-11-24;2;0
17;2025-11-24;3;0
17;2025-11-24;4;26
17;2025-11-24;5;310
17;2025-11-24;6;1543
17;2025-11-24;7;4209
17;2025-11-24;8;5417
17;2025-11-24;9;3878
17;2025-11-24;10;3037
17;2025-11-24;11;3011
17;2025-11-24;12;3036
17;2025-11-24;13;3092
17;2025-11-24;14;3203
17;2025-11-24;15;3260
17;2025-11-24;16;3695
17;2025-11-24;17;4505
17;2025-11-24;18;4738
17;2025-11-24;19;3200
17;2025-11-24;20;2278
17;2025-11-24;21;1429
17;2025-11-24;22;686
17;2025-11-24;23;361
17;2025-11-25;0;120
17;2025-11-25;1;12
17;2025-11-25;2;0
17;2025-11-25;3;0
17;2025-11-25;4;26
17;2025-11-25;5;310
17;2025-11-25;6;1543
17;2025-11-25;7;4209
17;2025-11-25;8;5417
17;2025-11-25;9;3878
17;2025-11-25;10;3037
17;2025-11-25;11;3011
17;2025-11-25;12;3036
17;2025-11-25;13;3092
17;2025-11-25;14;3203
17;2025-11-25;15;3260
17;2025-11-25;16;3695
17;2025-11-25;17;4505
17;2025-11-25;18;4738
17;2025-11-25;19;3200
17;2025-11-25;20;2278
17;2025-11-25;21;1429
17;2025-11-25;22;686
17;2025-11-25;23;361
17;2025-11-26;0;120
17;2025-11-26;1;12
17;2025-11-26;2;0
17;2025-11-26;3;0
17;2025-11-26;4;26
17;2025-11-26;5;310
17;2025-11-26;6;1543
17;2025-11-26;7;4209
17;2025-11-26;8;5417
17;2025-11-26;9;3878
17;2025-11-26;10;3037
17;2025-11-26;11;3011
17;2025-11-26;12;3036
17;2025-11-26;13;3092
17;2025-11-26;14;3203
17;2025-11-26;15;3260
17;2025-11-26;16;3695
17;2025-11-26;17;4505
17;2025-11-26;18;4738
17;2025-11-26;19;3200
17;2025-11-26;20;2278
17;2025-11-26;21;1429
17;2025-11-26;22;686
17;2025-11-26;23;361
17;2025-11-27;0;120
17;2025-11-27;1;12
17;2025-11-27;2;0
17;2025-11-27;3;0
17;2025-11-27;4;26
17;2025-11-27;5;310
17;2025-11-27;6;1543
17;2025-11-27;7;4209
17;2025-11-27;8;5417
17;2025-11-27;9;3878
17;2025-11-27;10;3037
17;2025-11-27;11;3011
17;2025-11-27;12;3036
17;2025-11-27;13;3092
17;2025-11-27;14;3203
17;2025-11-27;15;3260
17;2025-11-27;16;3695
17;2025-11-27;17;4505
17;2025-11-27;18;4738
17;2025-11-27;19;3200
17;2025-11-27;20;2278
17;2025-11-27;21;1429
17;2025-11-27;22;686
17;2025-11-27;23;361
17;2025-11-28;0;142
17;2025-11-28;1;17
17;2025-11-28;2;0
17;2025-11-28;3;0
17;2025-11-28;4;24
17;2025-11-28;5;308
17;2025-11-28;6;1511
17;2025-11-28;7;4096
17;2025-11-28;8;5189
17;2025-11-28;9;3749
17;2025-11-28;10;2969
17;2025-11-28;11;3021
17;2025-11-28;12;2985
17;2025-11-28;13;3074
17;2025-11-28;14;3142
17;2025-11-28;15;3414
17;2025-11-28;16;4128
17;2025-11-28;17;4694
17;2025-11-28;18;4259
17;2025-11-28;19;3151
17;2025-11-28;20;2321
17;2025-11-28;21;1562
17;2025-11-28;22;752
17;2025-11-28;23;468
17;2025-11-29;0;201
17;2025-11-29;1;28
17;2025-11-29;2;0
17;2025-11-29;3;0
17;2025-11-29;4;5
17;2025-11-29;5;135
17;2025-11-29;6;577
17;2025-11-29;7;1257
17;2025-11-29;8;1783
17;2025-11-29;9;2268
17;2025-11-29;10;2535
17;2025-11-29;11;3022
17;2025-11-29;12;3347
17;2025-11-29;13;3611
17;2025-11-29;14;3626
17;2025-11-29;15;3618
17;2025-11-29;16;3635
17;2025-11-29;17;3347
17;2025-11-29;18;2963
17;2025-11-29;19;2342
17;2025-11-29;20;1844
17;2025-11-29;21;1323
17;2025-11-29;22;797
17;2025-11-29;23;447
17;2025-11-30;0;184
17;2025-11-30;1;23
17;2025-11-30;2;0
17;2025-11-30;3;0
17;2025-11-30;4;3
17;2025-11-30;5;105
17;2025-11-30;6;433
17;2025-11-30;7;841
17;2025-11-30;8;1225
17;2025-11-30;9;1677
17;2025-11-30;10;1979
17;2025-11-30;11;2544
17;2025-11-30;12;2887
17;2025-11-30;13;3135
17;2025-11-30;14;3268
17;2025-11-30;15;3200
17;2025-11-30;16;3112
17;2025-11-30;17;2954
17;2025-11-30;18;2547
17;2025-11-30;19;2038
17;2025-11-30;20;1502
17;2025-11-30;21;1110
17;2025-11-30;22;680
17;2025-11-30;23;312
17;2025-12-01;0;120
17;2025-12-01;1;12
17;2025-12-01;2;0
17;2025-12-01;3;0
17;2025-12-01;4;26
17;2025-12-01;5;310
17;2025-12-01;6;1543
17;2025-12-01;7;4209
17;2025-12-01;8;5417
17;2025-12-01;9;3878
17;2025-12-01;10;3037
17;2025-12-01;11;3011
17;2025-12-01;12;3036
17;2025-12-01;13;3092
17;2025-12-01;14;3203
17;2025-12-01;15;3260
17;2025-12-01;16;3695
17;2025-12-01;17;4505
17;2025-12-01;18;4738
17;2025-12-01;19;3200
17;2025-12-01;20;2278
17;2025-12-01;21;1429
17;2025-12-01;22;686
17;2025-12-01;23;361
17;2025-12-02;0;120
17;2025-12-02;1;12
17;2025-12-02;2;0
17;2025-12-02;3;0
17;2025-12-02;4;26
17;2025-12-02;5;310
17;2025-12-02;6;1543
17;2025-12-02;7;4209
17;2025-12-02;8;5417
17;2025-12-02;9;3878
17;2025-12-02;10;3037
17;2025-12-02;11;3011
17;2025-12-02;12;3036
17;2025-12-02;13;3092
17;2025-12-02;14;3203
17;2025-12-02;15;3260
17;2025-12-02;16;3695
17;2025-12-02;17;4505
17;2025-12-02;18;4738
17;2025-12-02;19;3200
17;2025-12-02;20;2278
17;2025-12-02;21;1429
17;2025-12-02;22;686
17;2025-12-02;23;361
17;2025-12-03;0;120
17;2025-12-03;1;12
17;2025-12-03;2;0
17;2025-12-03;3;0
17;2025-12-03;4;26
17;2025-12-03;5;310
17;2025-12-03;6;1543
17;2025-12-03;7;4209
17;2025-12-03;8;5417
17;2025-12-03;9;3878
17;2025-12-03;10;3037
17;2025-12-03;11;3011
17;2025-12-03;12;3036
17;2025-12-03;13;3092
17;2025-12-03;14;3203
17;2025-12-03;15;3260
17;2025-12-03;16;3695
17;2025-12-03;17;4505
17;2025-12-03;18;4738
17;2025-12-03;19;3200
17;2025-12-03;20;2278
17;2025-12-03;21;1429
17;2025-12-03;22;686
17;2025-12-03;23;361
17;2025-12-04;0;120
17;2025-12-04;1;12
17;2025-12-04;2;0
17;2025-12-04;3;0
17;2025-12-04;4;26
17;2025-12-04;5;310
17;2025-12-04;6;1543
17;2025-12-04;7;4209
17;2025-12-04;8;5417
17;2025-12-04;9;3878
17;2025-12-04;10;3037
17;2025-12-04;11;3011
17;2025-12-04;12;3036
17;2025-12-04;13;3092
17;2025-12-04;14;3203
17;2025-12-04;15;3260
17;2025-12-04;16;3695
17;2025-12-04;17;4505
17;2025-12-04;18;4738
17;2025-12-04;19;3200
17;2025-12-04;20;2278
17;2025-12-04;21;1429
17;2025-12-04;22;686
17;2025-12-04;23;361
17;2025-12-05;0;142
17;2025-12-05;1;17
17;2025-12-05;2;0
17;2025-12-05;3;0
17;2025-12-05;4;24
17;2025-12-05;5;308
17;2025-12-05;6;1511
17;2025-12-05;7;4096
17;2025-12-05;8;5189
17;2025-12-05;9;3749
17;2025-12-05;10;2969
17;2025-12-05;11;3021
17;2025-12-05;12;2985
17;2025-12-05;13;3074
17;2025-12-05;14;3142
17;2025-12-05;15;3414
17;2025-12-05;16;4128
17;2025-12-05;17;4694
17;2025-12-05;18;4259
17;2025-12-05;19;3151
17;2025-12-05;20;2321
17;2025-12-05;21;1562
17;2025-12-05;22;752
17;2025-12-05;23;468
17;2025-12-06;0;201
17;2025-12-06;1;28
17;2025-12-06;2;0
17;2025-12-06;3;0
17;2025-12-06;4;5
17;2025-12-06;5;135
17;2025-12-06;6;577
17;2025-12-06;7;1257
17;2025-12-06;8;1783
17;2025-12-06;9;2268
17;2025-12-06;10;2535
17;2025-12-06;11;3022
17;2025-12-06;12;3347
17;2025-12-06;13;3611
17;2025-12-06;14;3626
17;2025-12-06;15;3618
17;2025-12-06;16;3635
17;2025-12-06;17;3347
17;2025-12-06;18;2963
17;2025-12-06;19;2342
17;2025-12-06;20;1844
17;2025-12-06;21;1323
17;2025-12-06;22;797
17;2025-12-06;23;447
17;2025-12-07;0;184
17;2025-12-07;1;23
17;2025-12-07;2;0
17;2025-12-07;3;0
17;2025-12-07;4;3
17;2025-12-07;5;105
17;2025-12-07;6;433
17;2025-12-07;7;841
17;2025-12-07;8;1225
17;2025-12-07;9;1677
17;2025-12-07;10;1979
17;2025-12-07;11;2544
17;2025-12-07;12;2887
17;2025-12-07;13;3135
17;2025-12-07;14;3268
17;2025-12-07;15;3200
17;2025-12-07;16;3112
17;2025-12-07;17;2954
17;2025-12-07;18;2547
17;2025-12-07;19;2038
17;2025-12-07;20;1502
17;2025-12-07;21;1110
17;2025-12-07;22;680
17;2025-12-07;23;312
17;2025-12-08;0;120
17;2025-12-08;1;12
17;2025-12-08;2;0
17;2025-12-08;3;0
17;2025-12-08;4;26
17;2025-12-08;5;310
17;2025-12-08;6;1543
17;2025-12-08;7;4209
17;2025-12-08;8;5417
17;2025-12-08;9;3878
17;2025-12-08;10;3037
17;2025-12-08;11;3011
17;2025-12-08;12;3036
17;2025-12-08;13;3092
17;2025-12-08;14;3203
17;2025-12-08;15;3260
17;2025-12-08;16;3695
17;2025-12-08;17;4505
17;2025-12-08;18;4738
17;2025-12-08;19;3200
17;2025-12-08;20;2278
17;2025-12-08;21;1429
17;2025-12-08;22;686
17;2025-12-08;23;361
17;2025-12-09;0;120
17;2025-12-09;1;12
17;2025-12-09;2;0
17;2025-12-09;3;0
17;2025-12-09;4;26
17;2025-12-09;5;310
17;2025-12-09;6;1543
17;2025-12-09;7;4209
17;2025-12-09;8;5417
17;2025-12-09;9;3878
17;2025-12-09;10;3037
17;2025-12-09;11;3011
17;2025-12-09;12;3036
17;2025-12-09;13;3092
17;2025-12-09;14;3203
17;2025-12-09;15;3260
17;2025-12-09;16;3695
17;2025-12-09;17;4505
17;2025-12-09;18;4738
17;2025-12-09;19;3200
17;2025-12-09;20;2278
17;2025-12-09;21;1429
17;2025-12-09;22;686
17;2025-12-09;23;361
17;2025-12-10;0;120
17;2025-12-10;1;12
17;2025-12-10;2;0
17;2025-12-10;3;0
17;2025-12-10;4;26
17;2025-12-10;5;310
17;2025-12-10;6;1543
17;2025-12-10;7;4209
17;2025-12-10;8;5417
17;2025-12-10;9;3878
17;2025-12-10;10;3037
17;2025-12-10;11;3011
17;2025-12-10;12;3036
17;2025-12-10;13;3092
17;2025-12-10;14;3203
17;2025-12-10;15;3260
17;2025-12-10;16;3695
17;2025-12-10;17;4505
17;2025-12-10;18;4738
17;2025-12-10;19;3200
17;2025-12-10;20;2278
17;2025-12-10;21;1429
17;2025-12-10;22;686
17;2025-12-10;23;361
17;2025-12-11;0;120
17;2025-12-11;1;12
17;2025-12-11;2;0
17;2025-12-11;3;0
17;2025-12-11;4;26
17;2025-12-11;5;310
17;2025-12-11;6;1543
17;2025-12-11;7;4209
17;2025-12-11;8;5417
17;2025-12-11;9;3878
17;2025-12-11;10;3037
17;2025-12-11;11;3011
17;2025-12-11;12;3036
17;2025-12-11;13;3092
17;2025-12-11;14;3203
17;2025-12-11;15;3260
17;2025-12-11;16;3695
17;2025-12-11;17;4505
17;2025-12-11;18;4738
17;2025-12-11;19;3200
17;2025-12-11;20;2278
17;2025-12-11;21;1429
17;2025-12-11;22;686
17;2025-12-11;23;361
17;2025-12-12;0;142
17;2025-12-12;1;17
17;2025-12-12;2;0
17;2025-12-12;3;0
17;2025-12-12;4;24
17;2025-12-12;5;308
17;2025-12-12;6;1511
17;2025-12-12;7;4096
17;2025-12-12;8;5189
17;2025-12-12;9;3749
17;2025-12-12;10;2969
17;2025-12-12;11;3021
17;2025-12-12;12;2985
17;2025-12-12;13;3074
17;2025-12-12;14;3142
17;2025-12-12;15;3414
17;2025-12-12;16;4128
17;2025-12-12;17;4694
17;2025-12-12;18;4259
17;2025-12-12;19;3151
17;2025-12-12;20;2321
17;2025-12-12;21;1562
17;2025-12-12;22;752
17;2025-12-12;23;468
17;2025-12-13;0;201
17;2025-12-13;1;28
17;2025-12-13;2;0
17;2025-12-13;3;0
17;2025-12-13;4;5
17;2025-12-13;5;135
17;2025-12-13;6;577
17;2025-12-13;7;1257
17;2025-12-13;8;1783
17;2025-12-13;9;2268
17;2025-12-13;10;2535
17;2025-12-13;11;3022
17;2025-12-13;12;3347
17;2025-12-13;13;3611
17;2025-12-13;14;3626
17;2025-12-13;15;3618
17;2025-12-13;16;3635
17;2025-12-13;17;3347
17;2025-12-13;18;2963
17;2025-12-13;19;2342
17;2025-12-13;20;1844
17;2025-12-13;21;1323
17;2025-12-13;22;797
17;2025-12-13;23;447
17;2025-12-14;0;184
17;2025-12-14;1;23
17;2025-12-14;2;0
17;2025-12-14;3;0
17;2025-12-14;4;3
17;2025-12-14;5;105
17;2025-12-14;6;433
17;2025-12-14;7;841
17;2025-12-14;8;1225
17;2025-12-14;9;1677
17;2025-12-14;10;1979
17;2025-12-14;11;2544
17;2025-12-14;12;2887
17;2025-12-14;13;3135
17;2025-12-14;14;3268
17;2025-12-14;15;3200
17;2025-12-14;16;3112
17;2025-12-14;17;2954
17;2025-12-14;18;2547
17;2025-12-14;19;2038
17;2025-12-14;20;1502
17;2025-12-14;21;1110
17;2025-12-14;22;680
17;2025-12-14;23;312
17;2025-12-15;0;120
17;2025-12-15;1;12
17;2025-12-15;2;0
17;2025-12-15;3;0
17;2025-12-15;4;26
17;2025-12-15;5;310
17;2025-12-15;6;1543
17;2025-12-15;7;4209
17;2025-12-15;8;5417
17;2025-12-15;9;3878
17;2025-12-15;10;3037
17;2025-12-15;11;3011
17;2025-12-15;12;3036
17;2025-12-15;13;3092
17;2025-12-15;14;3203
17;2025-12-15;15;3260
17;2025-12-15;16;3695
17;2025-12-15;17;4505
17;2025-12-15;18;4738
17;2025-12-15;19;3200
17;2025-12-15;20;2278
17;2025-12-15;21;1429
17;2025-12-15;22;686
17;2025-12-15;23;361
17;2025-12-16;0;120
17;2025-12-16;1;12
17;2025-12-16;2;0
17;2025-12-16;3;0
17;2025-12-16;4;26
17;2025-12-16;5;310
17;2025-12-16;6;1543
17;2025-12-16;7;4209
17;2025-12-16;8;5417
17;2025-12-16;9;3878
17;2025-12-16;10;3037
17;2025-12-16;11;3011
17;2025-12-16;12;3036
17;2025-12-16;13;3092
17;2025-12-16;14;3203
17;2025-12-16;15;3260
17;2025-12-16;16;3695
17;2025-12-16;17;4505
17;2025-12-16;18;4738
17;2025-12-16;19;3200
17;2025-12-16;20;2278
17;2025-12-16;21;1429
17;2025-12-16;22;686
17;2025-12-16;23;361
17;2025-12-17;0;120
17;2025-12-17;1;12
17;2025-12-17;2;0
17;2025-12-17;3;0
17;2025-12-17;4;26
17;2025-12-17;5;310
17;2025-12-17;6;1543
17;2025-12-17;7;4209
17;2025-12-17;8;5417
17;2025-12-17;9;3878
17;2025-12-17;10;3037
17;2025-12-17;11;3011
17;2025-12-17;12;3036
17;2025-12-17;13;3092
17;2025-12-17;14;3203
17;2025-12-17;15;3260
17;2025-12-17;16;3695
17;2025-12-17;17;4505
17;2025-12-17;18;4738
17;2025-12-17;19;3200
17;2025-12-17;20;2278
17;2025-12-17;21;1429
17;2025-12-17;22;686
17;2025-12-17;23;361
17;2025-12-18;0;120
17;2025-12-18;1;12
17;2025-12-18;2;0
17;2025-12-18;3;0
17;2025-12-18;4;26
17;2025-12-18;5;310
17;2025-12-18;6;1543
17;2025-12-18;7;4209
17;2025-12-18;8;5417
17;2025-12-18;9;3878
17;2025-12-18;10;3037
17;2025-12-18;11;3011
17;2025-12-18;12;3036
17;2025-12-18;13;3092
17;2025-12-18;14;3203
17;2025-12-18;15;3260
17;2025-12-18;16;3695
17;2025-12-18;17;4505
17;2025-12-18;18;4738
17;2025-12-18;19;3200
17;2025-12-18;20;2278
17;2025-12-18;21;1429
17;2025-12-18;22;686
17;2025-12-18;23;361
17;2025-12-19;0;142
17;2025-12-19;1;17
17;2025-12-19;2;0
17;2025-12-19;3;0
17;2025-12-19;4;24
17;2025-12-19;5;308
17;2025-12-19;6;1511
17;2025-12-19;7;4096
17;2025-12-19;8;5189
17;2025-12-19;9;3749
17;2025-12-19;10;2969
17;2025-12-19;11;3021
17;2025-12-19;12;2985
17;2025-12-19;13;3074
17;2025-12-19;14;3142
17;2025-12-19;15;3414
17;2025-12-19;16;4128
17;2025-12-19;17;4694
17;2025-12-19;18;4259
17;2025-12-19;19;3151
17;2025-12-19;20;2321
17;2025-12-19;21;1562
17;2025-12-19;22;752
17;2025-12-19;23;468
17;2025-12-20;0;201
17;2025-12-20;1;28
17;2025-12-20;2;0
17;2025-12-20;3;0
17;2025-12-20;4;5
17;2025-12-20;5;135
17;2025-12-20;6;577
17;2025-12-20;7;1257
17;2025-12-20;8;1783
17;2025-12-20;9;2268
17;2025-12-20;10;2535
17;2025-12-20;11;3022
17;2025-12-20;12;3347
17;2025-12-20;13;3611
17;2025-12-20;14;3626
17;2025-12-20;15;3618
17;2025-12-20;16;3635
17;2025-12-20;17;3347
17;2025-12-20;18;2963
17;2025-12-20;19;2342
17;2025-12-20;20;1844
17;2025-12-20;21;1323
17;2025-12-20;22;797
17;2025-12-20;23;447
17;2025-12-21;0;184
17;2025-12-21;1;23
17;2025-12-21;2;0
17;2025-12-21;3;0
17;2025-12-21;4;3
17;2025-12-21;5;105
17;2025-12-21;6;433
17;2025-12-21;7;841
17;2025-12-21;8;1225
17;2025-12-21;9;1677
17;2025-12-21;10;1979
17;2025-12-21;11;2544
17;2025-12-21;12;2887
17;2025-12-21;13;3135
17;2025-12-21;14;3268
17;2025-12-21;15;3200
17;2025-12-21;16;3112
17;2025-12-21;17;2954
17;2025-12-21;18;2547
17;2025-12-21;19;2038
17;2025-12-21;20;1502
17;2025-12-21;21;1110
17;2025-12-21;22;680
17;2025-12-21;23;312
17;2025-12-22;0;120
17;2025-12-22;1;12
17;2025-12-22;2;0
17;2025-12-22;3;0
17;2025-12-22;4;26
17;2025-12-22;5;310
17;2025-12-22;6;1543
17;2025-12-22;7;4209
17;2025-12-22;8;5417
17;2025-12-22;9;3878
17;2025-12-22;10;3037
17;2025-12-22;11;3011
17;2025-12-22;12;3036
17;2025-12-22;13;3092
17;2025-12-22;14;3203
17;2025-12-22;15;3260
17;2025-12-22;16;3695
17;2025-12-22;17;4505
17;2025-12-22;18;4738
17;2025-12-22;19;3200
17;2025-12-22;20;2278
17;2025-12-22;21;1429
17;2025-12-22;22;686
17;2025-12-22;23;361
17;2025-12-23;0;120
17;2025-12-23;1;12
17;2025-12-23;2;0
17;2025-12-23;3;0
17;2025-12-23;4;26
17;2025-12-23;5;310
17;2025-12-23;6;1543
17;2025-12-23;7;4209
17;2025-12-23;8;5417
17;2025-12-23;9;3878
17;2025-12-23;10;3037
17;2025-12-23;11;3011
17;2025-12-23;12;3036
17;2025-12-23;13;3092
17;2025-12-23;14;3203
17;2025-12-23;15;3260
17;2025-12-23;16;3695
17;2025-12-23;17;4505
17;2025-12-23;18;4738
17;2025-12-23;19;3200
17;2025-12-23;20;2278
17;2025-12-23;21;1429
17;2025-12-23;22;686
17;2025-12-23;23;361
17;2025-12-24;0;120
17;2025-12-24;1;12
17;2025-12-24;2;0
17;2025-12-24;3;0
17;2025-12-24;4;26
17;2025-12-24;5;310
17;2025-12-24;6;1543
17;2025-12-24;7;4209
17;2025-12-24;8;5417
17;2025-12-24;9;3878
17;2025-12-24;10;3037
17;2025-12-24;11;3011
17;2025-12-24;12;3036
17;2025-12-24;13;3092
17;2025-12-24;14;3203
17;2025-12-24;15;3260
17;2025-12-24;16;3695
17;2025-12-24;17;4505
17;2025-12-24;18;4738
17;2025-12-24;19;3200
17;2025-12-24;20;2278
17;2025-12-24;21;1429
17;2025-12-24;22;686
17;2025-12-24;23;361
17;2025-12-25;0;120
17;2025-12-25;1;12
17;2025-12-25;2;0
17;2025-12-25;3;0
17;2025-12-25;4;26
17;2025-12-25;5;310
17;2025-12-25;6;1543
17;2025-12-25;7;4209
17;2025-12-25;8;5417
17;2025-12-25;9;3878
17;2025-12-25;10;3037
17;2025-12-25;11;3011
17;2025-12-25;12;3036
17;2025-12-25;13;3092
17;2025-12-25;14;3203
17;2025-12-25;15;3260
17;2025-12-25;16;3695
17;2025-12-25;17;4505
17;2025-12-25;18;4738
17;2025-12-25;19;3200
17;2025-12-25;20;2278
17;2025-12-25;21;1429
17;2025-12-25;22;686
17;2025-12-25;23;361
17;2025-12-26;0;142
17;2025-12-26;1;17
17;2025-12-26;2;0
17;2025-12-26;3;0
17;2025-12-26;4;24
17;2025-12-26;5;308
17;2025-12-26;6;1511
17;2025-12-26;7;4096
17;2025-12-26;8;5189
17;2025-12-26;9;3749
17;2025-12-26;10;2969
17;2025-12-26;11;3021
17;2025-12-26;12;2985
17;2025-12-26;13;3074
17;2025-12-26;14;3142
17;2025-12-26;15;3414
17;2025-12-26;16;4128
17;2025-12-26;17;4694
17;2025-12-26;18;4259
17;2025-12-26;19;3151
17;2025-12-26;20;2321
17;2025-12-26;21;1562
17;2025-12-26;22;752
17;2025-12-26;23;468
17;2025-12-27;0;201
17;2025-12-27;1;28
17;2025-12-27;2;0
17;2025-12-27;3;0
17;2025-12-27;4;5
17;2025-12-27;5;135
17;2025-12-27;6;577
17;2025-12-27;7;1257
17;2025-12-27;8;1783
17;2025-12-27;9;2268
17;2025-12-27;10;2535
17;2025-12-27;11;3022
17;2025-12-27;12;3347
17;2025-12-27;13;3611
17;2025-12-27;14;3626
17;2025-12-27;15;3618
17;2025-12-27;16;3635
17;2025-12-27;17;3347
17;2025-12-27;18;2963
17;2025-12-27;19;2342
17;2025-12-27;20;1844
17;2025-12-27;21;1323
17;2025-12-27;22;797
17;2025-12-27;23;447
17;2025-12-28;0;184
17;2025-12-28;1;23
17;2025-12-28;2;0
17;2025-12-28;3;0
17;2025-12-28;4;3
17;2025-12-28;5;105
17;2025-12-28;6;433
17;2025-12-28;7;841
17;2025-12-28;8;1225
17;2025-12-28;9;1677
17;2025-12-28;10;1979
17;2025-12-28;11;2544
17;2025-12-28;12;2887
17;2025-12-28;13;3135
17;2025-12-28;14;3268
17;2025-12-28;15;3200
17;2025-12-28;16;3112
17;2025-12-28;17;2954
17;2025-12-28;18;2547
17;2025-12-28;19;2038
17;2025-12-28;20;1502
17;2025-12-28;21;1110
17;2025-12-28;22;680
17;2025-12-28;23;312
17;2025-12-29;0;106
17;2025-12-29;1;11
17;2025-12-29;2;0
17;2025-12-29;3;0
17;2025-12-29;4;22
17;2025-12-29;5;273
17;2025-12-29;6;1358
17;2025-12-29;7;3704
17;2025-12-29;8;4767
17;2025-12-29;9;3413
17;2025-12-29;10;2673
17;2025-12-29;11;2650
17;2025-12-29;12;2672
17;2025-12-29;13;2721
17;2025-12-29;14;2819
17;2025-12-29;15;2869
17;2025-12-29;16;3251
17;2025-12-29;17;3964
17;2025-12-29;18;4169
17;2025-12-29;19;2816
17;2025-12-29;20;2005
17;2025-12-29;21;1258
17;2025-12-29;22;604
17;2025-12-29;23;318
17;2025-12-30;0;106
17;2025-12-30;1;11
17;2025-12-30;2;0
17;2025-12-30;3;0
17;2025-12-30;4;22
17;2025-12-30;5;273
17;2025-12-30;6;1358
17;2025-12-30;7;3704
17;2025-12-30;8;4767
17;2025-12-30;9;3413
17;2025-12-30;10;2673
17;2025-12-30;11;2650
17;2025-12-30;12;2672
17;2025-12-30;13;2721
17;2025-12-30;14;2819
17;2025-12-30;15;2869
17;2025-12-30;16;3251
17;2025-12-30;17;3964
17;2025-12-30;18;4169
17;2025-12-30;19;2816
17;2025-12-30;20;2005
17;2025-12-30;21;1258
17;2025-12-30;22;604
17;2025-12-30;23;318
17;2025-12-31;0;161
17;2025-12-31;1;22
17;2025-12-31;2;0
17;2025-12-31;3;0
17;2025-12-31;4;4
17;2025-12-31;5;108
17;2025-12-31;6;461
17;2025-12-31;7;1006
17;2025-12-31;8;1426
17;2025-12-31;9;1815
17;2025-12-31;10;2028
17;2025-12-31;11;2418
17;2025-12-31;12;2678
17;2025-12-31;13;2889
17;2025-12-31;14;2901
17;2025-12-31;15;2895
17;2025-12-31;16;2908
17;2025-12-31;17;2678
17;2025-12-31;18;2370
17;2025-12-31;19;1874
17;2025-12-31;20;0
17;2025-12-31;21;0
17;2025-12-31;22;0
17;2025-12-31;23;0
25;2025-11-01;0;0
25;2025-11-01;1;0
25;2025-11-01;2;0
25;2025-11-01;3;0
25;2025-11-01;4;0
25;2025-11-01;5;14
25;2025-11-01;6;234
25;2025-11-01;7;480
25;2025-11-01;8;736
25;2025-11-01;9;374
25;2025-11-01;10;343
25;2025-11-01;11;379
25;2025-11-01;12;361
25;2025-11-01;13;478
25;2025-11-01;14;397
25;2025-11-01;15;550
25;2025-11-01;16;700
25;2025-11-01;17;673
25;2025-11-01;18;593
25;2025-11-01;19;546
25;2025-11-01;20;291
25;2025-11-01;21;189
25;2025-11-01;22;93
25;2025-11-01;23;12
25;2025-11-02;0;15
25;2025-11-02;1;0
25;2025-11-02;2;0
25;2025-11-02;3;0
25;2025-11-02;4;0
25;2025-11-02;5;10
25;2025-11-02;6;103
25;2025-11-02;7;96
25;2025-11-02;8;182
25;2025-11-02;9;205
25;2025-11-02;10;209
25;2025-11-02;11;299
25;2025-11-02;12;358
25;2025-11-02;13;472
25;2025-11-02;14;557
25;2025-11-02;15;637
25;2025-11-02;16;542
25;2025-11-02;17;540
25;2025-11-02;18;414
25;2025-11-02;19;277
25;2025-11-02;20;220
25;2025-11-02;21;137
25;2025-11-02;22;87
25;2025-11-02;23;33
25;2025-11-03;0;15
25;2025-11-03;1;0
25;2025-11-03;2;0
25;2025-11-03;3;0
25;2025-11-03;4;0
25;2025-11-03;5;10
25;2025-11-03;6;103
25;2025-11-03;7;96
25;2025-11-03;8;182
25;2025-11-03;9;205
25;2025-11-03;10;209
25;2025-11-03;11;299
25;2025-11-03;12;358
25;2025-11-03;13;472
25;2025-11-03;14;557
25;2025-11-03;15;637
25;2025-11-03;16;542
25;2025-11-03;17;540
25;2025-11-03;18;414
25;2025-11-03;19;277
25;2025-11-03;20;220
25;2025-11-03;21;137
25;2025-11-03;22;87
25;2025-11-03;23;33
25;2025-11-04;0;15
25;2025-11-04;1;0
25;2025-11-04;2;0
25;2025-11-04;3;0
25;2025-11-04;4;0
25;2025-11-04;5;10
25;2025-11-04;6;103
25;2025-11-04;7;96
25;2025-11-04;8;182
25;2025-11-04;9;205
25;2025-11-04;10;209
25;2025-11-04;11;299
25;2025-11-04;12;358
25;2025-11-04;13;472
25;2025-11-04;14;557
25;2025-11-04;15;637
25;2025-11-04;16;542
25;2025-11-04;17;540
25;2025-11-04;18;414
25;2025-11-04;19;277
25;2025-11-04;20;220
25;2025-11-04;21;137
25;2025-11-04;22;87
25;2025-11-04;23;33
25;2025-11-05;0;3
25;2025-11-05;1;0
25;2025-11-05;2;0
25;2025-11-05;3;0
25;2025-11-05;4;0
25;2025-11-05;5;20
25;2025-11-05;6;261
25;2025-11-05;7;522
25;2025-11-05;8;901
25;2025-11-05;9;471
25;2025-11-05;10;374
25;2025-11-05;11;434
25;2025-11-05;12;425
25;2025-11-05;13;538
25;2025-11-05;14;455
25;2025-11-05;15;554
25;2025-11-05;16;671
25;2025-11-05;17;774
25;2025-11-05;18;773
25;2025-11-05;19;603
25;2025-11-05;20;312
25;2025-11-05;21;222
25;2025-11-05;22;87
25;2025-11-05;23;8
25;2025-11-06;0;3
25;2025-11-06;1;0
25;2025-11-06;2;0
25;2025-11-06;3;0
25;2025-11-06;4;0
25;2025-11-06;5;20
25;2025-11-06;6;261
25;2025-11-06;7;522
25;2025-11-06;8;901
25;2025-11-06;9;471
25;2025-11-06;10;374
25;2025-11-06;11;434
25;2025-11-06;12;425
25;2025-11-06;13;538
25;2025-11-06;14;455
25;2025-11-06;15;554
25;2025-11-06;16;671
25;2025-11-06;17;774
25;2025-11-06;18;773
25;2025-11-06;19;603
25;2025-11-06;20;312
25;2025-11-06;21;222
25;2025-11-06;22;87
25;2025-11-06;23;8
25;2025-11-07;0;0
25;2025-11-07;1;0
25;2025-11-07;2;0
25;2025-11-07;3;0
25;2025-11-07;4;0
25;2025-11-07;5;17
25;2025-11-07;6;292
25;2025-11-07;7;599
25;2025-11-07;8;921
25;2025-11-07;9;468
25;2025-11-07;10;428
25;2025-11-07;11;473
25;2025-11-07;12;452
25;2025-11-07;13;597
25;2025-11-07;14;496
25;2025-11-07;15;687
25;2025-11-07;16;876
25;2025-11-07;17;842
25;2025-11-07;18;741
25;2025-11-07;19;683
25;2025-11-07;20;364
25;2025-11-07;21;236
25;2025-11-07;22;116
25;2025-11-07;23;15
25;2025-11-08;0;6
25;2025-11-08;1;0
25;2025-11-08;2;0
25;2025-11-08;3;0
25;2025-11-08;4;0
25;2025-11-08;5;20
25;2025-11-08;6;133
25;2025-11-08;7;130
25;2025-11-08;8;300
25;2025-11-08;9;270
25;2025-11-08;10;278
25;2025-11-08;11;370
25;2025-11-08;12;389
25;2025-11-08;13;644
25;2025-11-08;14;650
25;2025-11-08;15;763
25;2025-11-08;16;715
25;2025-11-08;17;572
25;2025-11-08;18;502
25;2025-11-08;19;434
25;2025-11-08;20;246
25;2025-11-08;21;188
25;2025-11-08;22;109
25;2025-11-08;23;41
25;2025-11-09;0;15
25;2025-11-09;1;0
25;2025-11-09;2;0
25;2025-11-09;3;0
25;2025-11-09;4;0
25;2025-11-09;5;10
25;2025-11-09;6;103
25;2025-11-09;7;96
25;2025-11-09;8;182
25;2025-11-09;9;205
25;2025-11-09;10;209
25;2025-11-09;11;299
25;2025-11-09;12;358
25;2025-11-09;13;472
25;2025-11-09;14;557
25;2025-11-09;15;637
25;2025-11-09;16;542
25;2025-11-09;17;540
25;2025-11-09;18;414
25;2025-11-09;19;277
25;2025-11-09;20;220
25;2025-11-09;21;137
25;2025-11-09;22;87
25;2025-11-09;23;33
25;2025-11-10;0;3
25;2025-11-10;1;0
25;2025-11-10;2;0
25;2025-11-10;3;0
25;2025-11-10;4;0
25;2025-11-10;5;20
25;2025-11-10;6;261
25;2025-11-10;7;522
25;2025-11-10;8;901
25;2025-11-10;9;471
25;2025-11-10;10;374
25;2025-11-10;11;434
25;2025-11-10;12;425
25;2025-11-10;13;538
25;2025-11-10;14;455
25;2025-11-10;15;554
25;2025-11-10;16;671
25;2025-11-10;17;774
25;2025-11-10;18;773
25;2025-11-10;19;603
25;2025-11-10;20;312
25;2025-11-10;21;222
25;2025-11-10;22;87
25;2025-11-10;23;8
25;2025-11-11;0;3
25;2025-11-11;1;0
25;2025-11-11;2;0
25;2025-11-11;3;0
25;2025-11-11;4;0
25;2025-11-11;5;20
25;2025-11-11;6;261
25;2025-11-11;7;522
25;2025-11-11;8;901
25;2025-11-11;9;471
25;2025-11-11;10;374
25;2025-11-11;11;434
25;2025-11-11;12;425
25;2025-11-11;13;538
25;2025-11-11;14;455
25;2025-11-11;15;554
25;2025-11-11;16;671
25;2025-11-11;17;774
25;2025-11-11;18;773
25;2025-11-11;19;603
25;2025-11-11;20;312
25;2025-11-11;21;222
25;2025-11-11;22;87
25;2025-11-11;23;8
25;2025-11-12;0;3
25;2025-11-12;1;0
25;2025-11-12;2;0
25;2025-11-12;3;0
25;2025-11-12;4;0
25;2025-11-12;5;20
25;2025-11-12;6;261
25;2025-11-12;7;522
25;2025-11-12;8;901
25;2025-11-12;9;471
25;2025-11-12;10;374
25;2025-11-12;11;434
25;2025-11-12;12;425
25;2025-11-12;13;538
25;2025-11-12;14;455
25;2025-11-12;15;554
25;2025-11-12;16;671
25;2025-11-12;17;774
25;2025-11-12;18;773
25;2025-11-12;19;603
25;2025-11-12;20;312
25;2025-11-12;21;222
25;2025-11-12;22;87
25;2025-11-12;23;8
25;2025-11-13;0;3
25;2025-11-13;1;0
25;2025-11-13;2;0
25;2025-11-13;3;0
25;2025-11-13;4;0
25;2025-11-13;5;20
25;2025-11-13;6;261
25;2025-11-13;7;522
25;2025-11-13;8;901
25;2025-11-13;9;471
25;2025-11-13;10;374
25;2025-11-13;11;434
25;2025-11-13;12;425
25;2025-11-13;13;538
25;2025-11-13;14;455
25;2025-11-13;15;554
25;2025-11-13;16;671
25;2025-11-13;17;774
25;2025-11-13;18;773
25;2025-11-13;19;603
25;2025-11-13;20;312
25;2025-11-13;21;222
25;2025-11-13;22;87
25;2025-11-13;23;8
25;2025-11-14;0;0
25;2025-11-14;1;0
25;2025-11-14;2;0
25;2025-11-14;3;0
25;2025-11-14;4;0
25;2025-11-14;5;17
25;2025-11-14;6;292
25;2025-11-14;7;599
25;2025-11-14;8;921
25;2025-11-14;9;468
25;2025-11-14;10;428
25;2025-11-14;11;473
25;2025-11-14;12;452
25;2025-11-14;13;597
25;2025-11-14;14;496
25;2025-11-14;15;687
25;2025-11-14;16;876
25;2025-11-14;17;842
25;2025-11-14;18;741
25;2025-11-14;19;683
25;2025-11-14;20;364
25;2025-11-14;21;236
25;2025-11-14;22;116
25;2025-11-14;23;15
25;2025-11-15;0;6
25;2025-11-15;1;0
25;2025-11-15;2;0
25;2025-11-15;3;0
25;2025-11-15;4;0
25;2025-11-15;5;20
25;2025-11-15;6;133
25;2025-11-15;7;130
25;2025-11-15;8;300
25;2025-11-15;9;270
25;2025-11-15;10;278
25;2025-11-15;11;370
25;2025-11-15;12;389
25;2025-11-15;13;644
25;2025-11-15;14;650
25;2025-11-15;15;763
25;2025-11-15;16;715
25;2025-11-15;17;572
25;2025-11-15;18;502
25;2025-11-15;19;434
25;2025-11-15;20;246
25;2025-11-15;21;188
25;2025-11-15;22;109
25;2025-11-15;23;41
25;2025-11-16;0;15
25;2025-11-16;1;0
25;2025-11-16;2;0
25;2025-11-16;3;0
25;2025-11-16;4;0
25;2025-11-16;5;10
25;2025-11-16;6;103
25;2025-11-16;7;96
25;2025-11-16;8;182
25;2025-11-16;9;205
25;2025-11-16;10;209
25;2025-11-16;11;299
25;2025-11-16;12;358
25;2025-11-16;13;472
25;2025-11-16;14;557
25;2025-11-16;15;637
25;2025-11-16;16;542
25;2025-11-16;17;540
25;2025-11-16;18;414
25;2025-11-16;19;277
25;2025-11-16;20;220
25;2025-11-16;21;137
25;2025-11-16;22;87
25;2025-11-16;23;33
25;2025-11-17;0;3
25;2025-11-17;1;0
25;2025-11-17;2;0
25;2025-11-17;3;0
25;2025-11-17;4;0
25;2025-11-17;5;20
25;2025-11-17;6;261
25;2025-11-17;7;522
25;2025-11-17;8;901
25;2025-11-17;9;471
25;2025-11-17;10;374
25;2025-11-17;11;434
25;2025-11-17;12;425
25;2025-11-17;13;538
25;2025-11-17;14;455
25;2025-11-17;15;554
25;2025-11-17;16;671
25;2025-11-17;17;774
25;2025-11-17;18;773
25;2025-11-17;19;603
25;2025-11-17;20;312
25;2025-11-17;21;222
25;2025-11-17;22;87
25;2025-11-17;23;8
25;2025-11-18;0;3
25;2025-11-18;1;0
25;2025-11-18;2;0
25;2025-11-18;3;0
25;2025-11-18;4;0
25;2025-11-18;5;20
25;2025-11-18;6;261
25;2025-11-18;7;522
25;2025-11-18;8;901
25;2025-11-18;9;471
25;2025-11-18;10;374
25;2025-11-18;11;434
25;2025-11-18;12;425
25;2025-11-18;13;538
25;2025-11-18;14;455
25;2025-11-18;15;554
25;2025-11-18;16;671
25;2025-11-18;17;774
25;2025-11-18;18;773
25;2025-11-18;19;603
25;2025-11-18;20;312
25;2025-11-18;21;222
25;2025-11-18;22;87
25;2025-11-18;23;8
25;2025-11-19;0;3
25;2025-11-19;1;0
25;2025-11-19;2;0
25;2025-11-19;3;0
25;2025-11-19;4;0
25;2025-11-19;5;20
25;2025-11-19;6;261
25;2025-11-19;7;522
25;2025-11-19;8;901
25;2025-11-19;9;471
25;2025-11-19;10;374
25;2025-11-19;11;434
25;2025-11-19;12;425
25;2025-11-19;13;538
25;2025-11-19;14;455
25;2025-11-19;15;554
25;2025-11-19;16;671
25;2025-11-19;17;774
25;2025-11-19;18;773
25;2025-11-19;19;603
25;2025-11-19;20;312
25;2025-11-19;21;222
25;2025-11-19;22;87
25;2025-11-19;23;8
25;2025-11-20;0;3
25;2025-11-20;1;0
25;2025-11-20;2;0
25;2025-11-20;3;0
25;2025-11-20;4;0
25;2025-11-20;5;20
25;2025-11-20;6;261
25;2025-11-20;7;522
25;2025-11-20;8;901
25;2025-11-20;9;471
25;2025-11-20;10;374
25;2025-11-20;11;434
25;2025-11-20;12;425
25;2025-11-20;13;538
25;2025-11-20;14;455
25;2025-11-20;15;554
25;2025-11-20;16;671
25;2025-11-20;17;774
25;2025-11-20;18;773
25;2025-11-20;19;603
25;2025-11-20;20;312
25;2025-11-20;21;222
25;2025-11-20;22;87
25;2025-11-20;23;8
25;2025-11-21;0;0
25;2025-11-21;1;0
25;2025-11-21;2;0
25;2025-11-21;3;0
25;2025-11-21;4;0
25;2025-11-21;5;17
25;2025-11-21;6;292
25;2025-11-21;7;599
25;2025-11-21;8;921
25;2025-11-21;9;468
25;2025-11-21;10;428
25;2025-11-21;11;473
25;2025-11-21;12;452
25;2025-11-21;13;597
25;2025-11-21;14;496
25;2025-11-21;15;687
25;2025-11-21;16;876
25;2025-11-21;17;842
25;2025-11-21;18;741
25;2025-11-21;19;683
25;2025-11-21;20;364
25;2025-11-21;21;236
25;2025-11-21;22;116
25;2025-11-21;23;15
25;2025-11-22;0;6
25;2025-11-22;1;0
25;2025-11-22;2;0
25;2025-11-22;3;0
25;2025-11-22;4;0
25;2025-11-22;5;20
25;2025-11-22;6;133
25;2025-11-22;7;130
25;2025-11-22;8;300
25;2025-11-22;9;270
25;2025-11-22;10;278
25;2025-11-22;11;370
25;2025-11-22;12;389
25;2025-11-22;13;644
25;2025-11-22;14;650
25;2025-11-22;15;763
25;2025-11-22;16;715
25;2025-11-22;17;572
25;2025-11-22;18;502
25;2025-11-22;19;434
25;2025-11-22;20;246
25;2025-11-22;21;188
25;2025-11-22;22;109
25;2025-11-22;23;41
25;2025-11-23;0;15
25;2025-11-23;1;0
25;2025-11-23;2;0
25;2025-11-23;3;0
25;2025-11-23;4;0
25;2025-11-23;5;10
25;2025-11-23;6;103
25;2025-11-23;7;96
25;2025-11-23;8;182
25;2025-11-23;9;205
25;2025-11-23;10;209
25;2025-11-23;11;299
25;2025-11-23;12;358
25;2025-11-23;13;472
25;2025-11-23;14;557
25;2025-11-23;15;637
25;2025-11-23;16;542
25;2025-11-23;17;540
25;2025-11-23;18;414
25;2025-11-23;19;277
25;2025-11-23;20;220
25;2025-11-23;21;137
25;2025-11-23;22;87
25;2025-11-23;23;33
25;2025-11-24;0;3
25;2025-11-24;1;0
25;2025-11-24;2;0
25;2025-11-24;3;0
25;2025-11-24;4;0
25;2025-11-24;5;20
25;2025-11-24;6;261
25;2025-11-24;7;522
25;2025-11-24;8;901
25;2025-11-24;9;471
25;2025-11-24;10;374
25;2025-11-24;11;434
25;2025-11-24;12;425
25;2025-11-24;13;538
25;2025-11-24;14;455
25;2025-11-24;15;554
25;2025-11-24;16;671
25;2025-11-24;17;774
25;2025-11-24;18;773
25;2025-11-24;19;603
25;2025-11-24;20;312
25;2025-11-24;21;222
25;2025-11-24;22;87
25;2025-11-24;23;8
25;2025-11-25;0;3
25;2025-11-25;1;0
25;2025-11-25;2;0
25;2025-11-25;3;0
25;2025-11-25;4;0
25;2025-11-25;5;20
25;2025-11-25;6;261
25;2025-11-25;7;522
25;2025-11-25;8;901
25;2025-11-25;9;471
25;2025-11-25;10;374
25;2025-11-25;11;434
25;2025-11-25;12;425
25;2025-11-25;13;538
25;2025-11-25;14;455
25;2025-11-25;15;554
25;2025-11-25;16;671
25;2025-11-25;17;774
25;2025-11-25;18;773
25;2025-11-25;19;603
25;2025-11-25;20;312
25;2025-11-25;21;222
25;2025-11-25;22;87
25;2025-11-25;23;8
25;2025-11-26;0;3
25;2025-11-26;1;0
25;2025-11-26;2;0
25;2025-11-26;3;0
25;2025-11-26;4;0
25;2025-11-26;5;20
25;2025-11-26;6;261
25;2025-11-26;7;522
25;2025-11-26;8;901
25;2025-11-26;9;471
25;2025-11-26;10;374
25;2025-11-26;11;434
25;2025-11-26;12;425
25;2025-11-26;13;538
25;2025-11-26;14;455
25;2025-11-26;15;554
25;2025-11-26;16;671
25;2025-11-26;17;774
25;2025-11-26;18;773
25;2025-11-26;19;603
25;2025-11-26;20;312
25;2025-11-26;21;222
25;2025-11-26;22;87
25;2025-11-26;23;8
25;2025-11-27;0;3
25;2025-11-27;1;0
25;2025-11-27;2;0
25;2025-11-27;3;0
25;2025-11-27;4;0
25;2025-11-27;5;20
25;2025-11-27;6;261
25;2025-11-27;7;522
25;2025-11-27;8;901
25;2025-11-27;9;471
25;2025-11-27;10;374
25;2025-11-27;11;434
25;2025-11-27;12;425
25;2025-11-27;13;538
25;2025-11-27;14;455
25;2025-11-27;15;554
25;2025-11-27;16;671
25;2025-11-27;17;774
25;2025-11-27;18;773
25;2025-11-27;19;603
25;2025-11-27;20;312
25;2025-11-27;21;222
25;2025-11-27;22;87
25;2025-11-27;23;8
25;2025-11-28;0;0
25;2025-11-28;1;0
25;2025-11-28;2;0
25;2025-11-28;3;0
25;2025-11-28;4;0
25;2025-11-28;5;17
25;2025-11-28;6;292
25;2025-11-28;7;599
25;2025-11-28;8;921
25;2025-11-28;9;468
25;2025-11-28;10;428
25;2025-11-28;11;473
25;2025-11-28;12;452
25;2025-11-28;13;597
25;2025-11-28;14;496
25;2025-11-28;15;687
25;2025-11-28;16;876
25;2025-11-28;17;842
25;2025-11-28;18;741
25;2025-11-28;19;683
25;2025-11-28;20;364
25;2025-11-28;21;236
25;2025-11-28;22;116
25;2025-11-28;23;15
25;2025-11-29;0;6
25;2025-11-29;1;0
25;2025-11-29;2;0
25;2025-11-29;3;0
25;2025-11-29;4;0
25;2025-11-29;5;20
25;2025-11-29;6;133
25;2025-11-29;7;130
25;2025-11-29;8;300
25;2025-11-29;9;270
25;2025-11-29;10;278
25;2025-11-29;11;370
25;2025-11-29;12;389
25;2025-11-29;13;644
25;2025-11-29;14;650
25;2025-11-29;15;763
25;2025-11-29;16;715
25;2025-11-29;17;572
25;2025-11-29;18;502
25;2025-11-29;19;434
25;2025-11-29;20;246
25;2025-11-29;21;188
25;2025-11-29;22;109
25;2025-11-29;23;41
25;2025-11-30;0;15
25;2025-11-30;1;0
25;2025-11-30;2;0
25;2025-11-30;3;0
25;2025-11-30;4;0
25;2025-11-30;5;10
25;2025-11-30;6;103
25;2025-11-30;7;96
25;2025-11-30;8;182
25;2025-11-30;9;205
25;2025-11-30;10;209
25;2025-11-30;11;299
25;2025-11-30;12;358
25;2025-11-30;13;472
25;2025-11-30;14;557
25;2025-11-30;15;637
25;2025-11-30;16;542
25;2025-11-30;17;540
25;2025-11-30;18;414
25;2025-11-30;19;277
25;2025-11-30;20;220
25;2025-11-30;21;137
25;2025-11-30;22;87
25;2025-11-30;23;33
25;2025-12-01;0;3
25;2025-12-01;1;0
25;2025-12-01;2;0
25;2025-12-01;3;0
25;2025-12-01;4;0
25;2025-12-01;5;20
25;2025-12-01;6;261
25;2025-12-01;7;522
25;2025-12-01;8;901
25;2025-12-01;9;471
25;2025-12-01;10;374
25;2025-12-01;11;434
25;2025-12-01;12;425
25;2025-12-01;13;538
25;2025-12-01;14;455
25;2025-12-01;15;554
25;2025-12-01;16;671
25;2025-12-01;17;774
25;2025-12-01;18;773
25;2025-12-01;19;603
25;2025-12-01;20;312
25;2025-12-01;21;222
25;2025-12-01;22;87
25;2025-12-01;23;8
25;2025-12-02;0;3
25;2025-12-02;1;0
25;2025-12-02;2;0
25;2025-12-02;3;0
25;2025-12-02;4;0
25;2025-12-02;5;20
25;2025-12-02;6;261
25;2025-12-02;7;522
25;2025-12-02;8;901
25;2025-12-02;9;471
25;2025-12-02;10;374
25;2025-12-02;11;434
25;2025-12-02;12;425
25;2025-12-02;13;538
25;2025-12-02;14;455
25;2025-12-02;15;554
25;2025-12-02;16;671
25;2025-12-02;17;774
25;2025-12-02;18;773
25;2025-12-02;19;603
25;2025-12-02;20;312
25;2025-12-02;21;222
25;2025-12-02;22;87
25;2025-12-02;23;8
25;2025-12-03;0;3
25;2025-12-03;1;0
25;2025-12-03;2;0
25;2025-12-03;3;0
25;2025-12-03;4;0
25;2025-12-03;5;20
25;2025-12-03;6;261
25;2025-12-03;7;522
25;2025-12-03;8;901
25;2025-12-03;9;471
25;2025-12-03;10;374
25;2025-12-03;11;434
25;2025-12-03;12;425
25;2025-12-03;13;538
25;2025-12-03;14;455
25;2025-12-03;15;554
25;2025-12-03;16;671
25;2025-12-03;17;774
25;2025-12-03;18;773
25;2025-12-03;19;603
25;2025-12-03;20;312
25;2025-12-03;21;222
25;2025-12-03;22;87
25;2025-12-03;23;8
25;2025-12-04;0;3
25;2025-12-04;1;0
25;2025-12-04;2;0
25;2025-12-04;3;0
25;2025-12-04;4;0
25;2025-12-04;5;20
25;2025-12-04;6;261
25;2025-12-04;7;522
25;2025-12-04;8;901
25;2025-12-04;9;471
25;2025-12-04;10;374
25;2025-12-04;11;434
25;2025-12-04;12;425
25;2025-12-04;13;538
25;2025-12-04;14;455
25;2025-12-04;15;554
25;2025-12-04;16;671
25;2025-12-04;17;774
25;2025-12-04;18;773
25;2025-12-04;19;603
25;2025-12-04;20;312
25;2025-12-04;21;222
25;2025-12-04;22;87
25;2025-12-04;23;8
25;2025-12-05;0;0
25;2025-12-05;1;0
25;2025-12-05;2;0
25;2025-12-05;3;0
25;2025-12-05;4;0
25;2025-12-05;5;17
25;2025-12-05;6;292
25;2025-12-05;7;599
25;2025-12-05;8;921
25;2025-12-05;9;468
25;2025-12-05;10;428
25;2025-12-05;11;473
25;2025-12-05;12;452
25;2025-12-05;13;597
25;2025-12-05;14;496
25;2025-12-05;15;687
25;2025-12-05;16;876
25;2025-12-05;17;842
25;2025-12-05;18;741
25;2025-12-05;19;683
25;2025-12-05;20;364
25;2025-12-05;21;236
25;2025-12-05;22;116
25;2025-12-05;23;15
25;2025-12-06;0;6
25;2025-12-06;1;0
25;2025-12-06;2;0
25;2025-12-06;3;0
25;2025-12-06;4;0
25;2025-12-06;5;20
25;2025-12-06;6;133
25;2025-12-06;7;130
25;2025-12-06;8;300
25;2025-12-06;9;270
25;2025-12-06;10;278
25;2025-12-06;11;370
25;2025-12-06;12;389
25;2025-12-06;13;644
25;2025-12-06;14;650
25;2025-12-06;15;763
25;2025-12-06;16;715
25;2025-12-06;17;572
25;2025-12-06;18;502
25;2025-12-06;19;434
25;2025-12-06;20;246
25;2025-12-06;21;188
25;2025-12-06;22;109
25;2025-12-06;23;41
25;2025-12-07;0;15
25;2025-12-07;1;0
25;2025-12-07;2;0
25;2025-12-07;3;0
25;2025-12-07;4;0
25;2025-12-07;5;10
25;2025-12-07;6;103
25;2025-12-07;7;96
25;2025-12-07;8;182
25;2025-12-07;9;205
25;2025-12-07;10;209
25;2025-12-07;11;299
25;2025-12-07;12;358
25;2025-12-07;13;472
25;2025-12-07;14;557
25;2025-12-07;15;637
25;2025-12-07;16;542
25;2025-12-07;17;540
25;2025-12-07;18;414
25;2025-12-07;19;277
25;2025-12-07;20;220
25;2025-12-07;21;137
25;2025-12-07;22;87
25;2025-12-07;23;33
25;2025-12-08;0;3
25;2025-12-08;1;0
25;2025-12-08;2;0
25;2025-12-08;3;0
25;2025-12-08;4;0
25;2025-12-08;5;20
25;2025-12-08;6;261
25;2025-12-08;7;522
25;2025-12-08;8;901
25;2025-12-08;9;471
25;2025-12-08;10;374
25;2025-12-08;11;434
25;2025-12-08;12;425
25;2025-12-08;13;538
25;2025-12-08;14;455
25;2025-12-08;15;554
25;2025-12-08;16;671
25;2025-12-08;17;774
25;2025-12-08;18;773
25;2025-12-08;19;603
25;2025-12-08;20;312
25;2025-12-08;21;222
25;2025-12-08;22;87
25;2025-12-08;23;8
25;2025-12-09;0;3
25;2025-12-09;1;0
25;2025-12-09;2;0
25;2025-12-09;3;0
25;2025-12-09;4;0
25;2025-12-09;5;20
25;2025-12-09;6;261
25;2025-12-09;7;522
25;2025-12-09;8;901
25;2025-12-09;9;471
25;2025-12-09;10;374
25;2025-12-09;11;434
25;2025-12-09;12;425
25;2025-12-09;13;538
25;2025-12-09;14;455
25;2025-12-09;15;554
25;2025-12-09;16;671
25;2025-12-09;17;774
25;2025-12-09;18;773
25;2025-12-09;19;603
25;2025-12-09;20;312
25;2025-12-09;21;222
25;2025-12-09;22;87
25;2025-12-09;23;8
25;2025-12-10;0;3
25;2025-12-10;1;0
25;2025-12-10;2;0
25;2025-12-10;3;0
25;2025-12-10;4;0
25;2025-12-10;5;20
25;2025-12-10;6;261
25;2025-12-10;7;522
25;2025-12-10;8;901
25;2025-12-10;9;471
25;2025-12-10;10;374
25;2025-12-10;11;434
25;2025-12-10;12;425
25;2025-12-10;13;538
25;2025-12-10;14;455
25;2025-12-10;15;554
25;2025-12-10;16;671
25;2025-12-10;17;774
25;2025-12-10;18;773
25;2025-12-10;19;603
25;2025-12-10;20;312
25;2025-12-10;21;222
25;2025-12-10;22;87
25;2025-12-10;23;8
25;2025-12-11;0;3
25;2025-12-11;1;0
25;2025-12-11;2;0
25;2025-12-11;3;0
25;2025-12-11;4;0
25;2025-12-11;5;20
25;2025-12-11;6;261
25;2025-12-11;7;522
25;2025-12-11;8;901
25;2025-12-11;9;471
25;2025-12-11;10;374
25;2025-12-11;11;434
25;2025-12-11;12;425
25;2025-12-11;13;538
25;2025-12-11;14;455
25;2025-12-11;15;554
25;2025-12-11;16;671
25;2025-12-11;17;774
25;2025-12-11;18;773
25;2025-12-11;19;603
25;2025-12-11;20;312
25;2025-12-11;21;222
25;2025-12-11;22;87
25;2025-12-11;23;8
25;2025-12-12;0;0
25;2025-12-12;1;0
25;2025-12-12;2;0
25;2025-12-12;3;0
25;2025-12-12;4;0
25;2025-12-12;5;17
25;2025-12-12;6;292
25;2025-12-12;7;599
25;2025-12-12;8;921
25;2025-12-12;9;468
25;2025-12-12;10;428
25;2025-12-12;11;473
25;2025-12-12;12;452
25;2025-12-12;13;597
25;2025-12-12;14;496
25;2025-12-12;15;687
25;2025-12-12;16;876
25;2025-12-12;17;842
25;2025-12-12;18;741
25;2025-12-12;19;683
25;2025-12-12;20;364
25;2025-12-12;21;236
25;2025-12-12;22;116
25;2025-12-12;23;15
25;2025-12-13;0;6
25;2025-12-13;1;0
25;2025-12-13;2;0
25;2025-12-13;3;0
25;2025-12-13;4;0
25;2025-12-13;5;20
25;2025-12-13;6;133
25;2025-12-13;7;130
25;2025-12-13;8;300
25;2025-12-13;9;270
25;2025-12-13;10;278
25;2025-12-13;11;370
25;2025-12-13;12;389
25;2025-12-13;13;644
25;2025-12-13;14;650
25;2025-12-13;15;763
25;2025-12-13;16;715
25;2025-12-13;17;572
25;2025-12-13;18;502
25;2025-12-13;19;434
25;2025-12-13;20;246
25;2025-12-13;21;188
25;2025-12-13;22;109
25;2025-12-13;23;41
25;2025-12-14;0;15
25;2025-12-14;1;0
25;2025-12-14;2;0
25;2025-12-14;3;0
25;2025-12-14;4;0
25;2025-12-14;5;10
25;2025-12-14;6;103
25;2025-12-14;7;96
25;2025-12-14;8;182
25;2025-12-14;9;205
25;2025-12-14;10;209
25;2025-12-14;11;299
25;2025-12-14;12;358
25;2025-12-14;13;472
25;2025-12-14;14;557
25;2025-12-14;15;637
25;2025-12-14;16;542
25;2025-12-14;17;540
25;2025-12-14;18;414
25;2025-12-14;19;277
25;2025-12-14;20;220
25;2025-12-14;21;137
25;2025-12-14;22;87
25;2025-12-14;23;33
25;2025-12-15;0;3
25;2025-12-15;1;0
25;2025-12-15;2;0
25;2025-12-15;3;0
25;2025-12-15;4;0
25;2025-12-15;5;20
25;2025-12-15;6;261
25;2025-12-15;7;522
25;2025-12-15;8;901
25;2025-12-15;9;471
25;2025-12-15;10;374
25;2025-12-15;11;434
25;2025-12-15;12;425
25;2025-12-15;13;538
25;2025-12-15;14;455
25;2025-12-15;15;554
25;2025-12-15;16;671
25;2025-12-15;17;774
25;2025-12-15;18;773
25;2025-12-15;19;603
25;2025-12-15;20;312
25;2025-12-15;21;222
25;2025-12-15;22;87
25;2025-12-15;23;8
25;2025-12-16;0;3
25;2025-12-16;1;0
25;2025-12-16;2;0
25;2025-12-16;3;0
25;2025-12-16;4;0
25;2025-12-16;5;20
25;2025-12-16;6;261
25;2025-12-16;7;522
25;2025-12-16;8;901
25;2025-12-16;9;471
25;2025-12-16;10;374
25;2025-12-16;11;434
25;2025-12-16;12;425
25;2025-12-16;13;538
25;2025-12-16;14;455
25;2025-12-16;15;554
25;2025-12-16;16;671
25;2025-12-16;17;774
25;2025-12-16;18;773
25;2025-12-16;19;603
25;2025-12-16;20;312
25;2025-12-16;21;222
25;2025-12-16;22;87
25;2025-12-16;23;8
25;2025-12-17;0;3
25;2025-12-17;1;0
25;2025-12-17;2;0
25;2025-12-17;3;0
25;2025-12-17;4;0
25;2025-12-17;5;20
25;2025-12-17;6;261
25;2025-12-17;7;522
25;2025-12-17;8;901
25;2025-12-17;9;471
25;2025-12-17;10;374
25;2025-12-17;11;434
25;2025-12-17;12;425
25;2025-12-17;13;538
25;2025-12-17;14;455
25;2025-12-17;15;554
25;2025-12-17;16;671
25;2025-12-17;17;774
25;2025-12-17;18;773
25;2025-12-17;19;603
25;2025-12-17;20;312
25;2025-12-17;21;222
25;2025-12-17;22;87
25;2025-12-17;23;8
25;2025-12-18;0;3
25;2025-12-18;1;0
25;2025-12-18;2;0
25;2025-12-18;3;0
25;2025-12-18;4;0
25;2025-12-18;5;20
25;2025-12-18;6;261
25;2025-12-18;7;522
25;2025-12-18;8;901
25;2025-12-18;9;471
25;2025-12-18;10;374
25;2025-12-18;11;434
25;2025-12-18;12;425
25;2025-12-18;13;538
25;2025-12-18;14;455
25;2025-12-18;15;554
25;2025-12-18;16;671
25;2025-12-18;17;774
25;2025-12-18;18;773
25;2025-12-18;19;603
25;2025-12-18;20;312
25;2025-12-18;21;222
25;2025-12-18;22;87
25;2025-12-18;23;8
25;2025-12-19;0;0
25;2025-12-19;1;0
25;2025-12-19;2;0
25;2025-12-19;3;0
25;2025-12-19;4;0
25;2025-12-19;5;17
25;2025-12-19;6;292
25;2025-12-19;7;599
25;2025-12-19;8;921
25;2025-12-19;9;468
25;2025-12-19;10;428
25;2025-12-19;11;473
25;2025-12-19;12;452
25;2025-12-19;13;597
25;2025-12-19;14;496
25;2025-12-19;15;687
25;2025-12-19;16;876
25;2025-12-19;17;842
25;2025-12-19;18;741
25;2025-12-19;19;683
25;2025-12-19;20;364
25;2025-12-19;21;236
25;2025-12-19;22;116
25;2025-12-19;23;15
25;2025-12-20;0;6
25;2025-12-20;1;0
25;2025-12-20;2;0
25;2025-12-20;3;0
25;2025-12-20;4;0
25;2025-12-20;5;20
25;2025-12-20;6;133
25;2025-12-20;7;130
25;2025-12-20;8;300
25;2025-12-20;9;270
25;2025-12-20;10;278
25;2025-12-20;11;370
25;2025-12-20;12;389
25;2025-12-20;13;644
25;2025-12-20;14;650
25;2025-12-20;15;763
25;2025-12-20;16;715
25;2025-12-20;17;572
25;2025-12-20;18;502
25;2025-12-20;19;434
25;2025-12-20;20;246
25;2025-12-20;21;188
25;2025-12-20;22;109
25;2025-12-20;23;41
25;2025-12-21;0;15
25;2025-12-21;1;0
25;2025-12-21;2;0
25;2025-12-21;3;0
25;2025-12-21;4;0
25;2025-12-21;5;10
25;2025-12-21;6;103
25;2025-12-21;7;96
25;2025-12-21;8;182
25;2025-12-21;9;205
25;2025-12-21;10;209
25;2025-12-21;11;299
25;2025-12-21;12;358
25;2025-12-21;13;472
25;2025-12-21;14;557
25;2025-12-21;15;637
25;2025-12-21;16;542
25;2025-12-21;17;540
25;2025-12-21;18;414
25;2025-12-21;19;277
25;2025-12-21;20;220
25;2025-12-21;21;137
25;2025-12-21;22;87
25;2025-12-21;23;33
25;2025-12-22;0;3
25;2025-12-22;1;0
25;2025-12-22;2;0
25;2025-12-22;3;0
25;2025-12-22;4;0
25;2025-12-22;5;20
25;2025-12-22;6;261
25;2025-12-22;7;522
25;2025-12-22;8;901
25;2025-12-22;9;471
25;2025-12-22;10;374
25;2025-12-22;11;434
25;2025-12-22;12;425
25;2025-12-22;13;538
25;2025-12-22;14;455
25;2025-12-22;15;554
25;2025-12-22;16;671
25;2025-12-22;17;774
25;2025-12-22;18;773
25;2025-12-22;19;603
25;2025-12-22;20;312
25;2025-12-22;21;222
25;2025-12-22;22;87
25;2025-12-22;23;8
25;2025-12-23;0;3
25;2025-12-23;1;0
25;2025-12-23;2;0
25;2025-12-23;3;0
25;2025-12-23;4;0
25;2025-12-23;5;20
25;2025-12-23;6;261
25;2025-12-23;7;522
25;2025-12-23;8;901
25;2025-12-23;9;471
25;2025-12-23;10;374
25;2025-12-23;11;434
25;2025-12-23;12;425
25;2025-12-23;13;538
25;2025-12-23;14;455
25;2025-12-23;15;554
25;2025-12-23;16;671
25;2025-12-23;17;774
25;2025-12-23;18;773
25;2025-12-23;19;603
25;2025-12-23;20;312
25;2025-12-23;21;222
25;2025-12-23;22;87
25;2025-12-23;23;8
25;2025-12-24;0;3
25;2025-12-24;1;0
25;2025-12-24;2;0
25;2025-12-24;3;0
25;2025-12-24;4;0
25;2025-12-24;5;20
25;2025-12-24;6;261
25;2025-12-24;7;522
25;2025-12-24;8;901
25;2025-12-24;9;471
25;2025-12-24;10;374
25;2025-12-24;11;434
25;2025-12-24;12;425
25;2025-12-24;13;538
25;2025-12-24;14;455
25;2025-12-24;15;554
25;2025-12-24;16;671
25;2025-12-24;17;774
25;2025-12-24;18;773
25;2025-12-24;19;603
25;2025-12-24;20;312
25;2025-12-24;21;222
25;2025-12-24;22;87
25;2025-12-24;23;8
25;2025-12-25;0;3
25;2025-12-25;1;0
25;2025-12-25;2;0
25;2025-12-25;3;0
25;2025-12-25;4;0
25;2025-12-25;5;20
25;2025-12-25;6;261
25;2025-12-25;7;522
25;2025-12-25;8;901
25;2025-12-25;9;471
25;2025-12-25;10;374
25;2025-12-25;11;434
25;2025-12-25;12;425
25;2025-12-25;13;538
25;2025-12-25;14;455
25;2025-12-25;15;554
25;2025-12-25;16;671
25;2025-12-25;17;774
25;2025-12-25;18;773
25;2025-12-25;19;603
25;2025-12-25;20;312
25;2025-12-25;21;222
25;2025-12-25;22;87
25;2025-12-25;23;8
25;2025-12-26;0;0
25;2025-12-26;1;0
25;2025-12-26;2;0
25;2025-12-26;3;0
25;2025-12-26;4;0
25;2025-12-26;5;17
25;2025-12-26;6;292
25;2025-12-26;7;599
25;2025-12-26;8;921
25;2025-12-26;9;468
25;2025-12-26;10;428
25;2025-12-26;11;473
25;2025-12-26;12;452
25;2025-12-26;13;597
25;2025-12-26;14;496
25;2025-12-26;15;687
25;2025-12-26;16;876
25;2025-12-26;17;842
25;2025-12-26;18;741
25;2025-12-26;19;683
25;2025-12-26;20;364
25;2025-12-26;21;236
25;2025-12-26;22;116
25;2025-12-26;23;15
25;2025-12-27;0;6
25;2025-12-27;1;0
25;2025-12-27;2;0
25;2025-12-27;3;0
25;2025-12-27;4;0
25;2025-12-27;5;20
25;2025-12-27;6;133
25;2025-12-27;7;130
25;2025-12-27;8;300
25;2025-12-27;9;270
25;2025-12-27;10;278
25;2025-12-27;11;370
25;2025-12-27;12;389
25;2025-12-27;13;644
25;2025-12-27;14;650
25;2025-12-27;15;763
25;2025-12-27;16;715
25;2025-12-27;17;572
25;2025-12-27;18;502
25;2025-12-27;19;434
25;2025-12-27;20;246
25;2025-12-27;21;188
25;2025-12-27;22;109
25;2025-12-27;23;41
25;2025-12-28;0;15
25;2025-12-28;1;0
25;2025-12-28;2;0
25;2025-12-28;3;0
25;2025-12-28;4;0
25;2025-12-28;5;10
25;2025-12-28;6;103
25;2025-12-28;7;96
25;2025-12-28;8;182
25;2025-12-28;9;205
25;2025-12-28;10;209
25;2025-12-28;11;299
25;2025-12-28;12;358
25;2025-12-28;13;472
25;2025-12-28;14;557
25;2025-12-28;15;637
25;2025-12-28;16;542
25;2025-12-28;17;540
25;2025-12-28;18;414
25;2025-12-28;19;277
25;2025-12-28;20;220
25;2025-12-28;21;137
25;2025-12-28;22;87
25;2025-12-28;23;33
25;2025-12-29;0;3
25;2025-12-29;1;0
25;2025-12-29;2;0
25;2025-12-29;3;0
25;2025-12-29;4;0
25;2025-12-29;5;18
25;2025-12-29;6;230
25;2025-12-29;7;459
25;2025-12-29;8;793
25;2025-12-29;9;414
25;2025-12-29;10;329
25;2025-12-29;11;382
25;2025-12-29;12;374
25;2025-12-29;13;473
25;2025-12-29;14;400
25;2025-12-29;15;488
25;2025-12-29;16;590
25;2025-12-29;17;681
25;2025-12-29;18;680
25;2025-12-29;19;530
25;2025-12-29;20;274
25;2025-12-29;21;196
25;2025-12-29;22;77
25;2025-12-29;23;7
25;2025-12-30;0;3
25;2025-12-30;1;0
25;2025-12-30;2;0
25;2025-12-30;3;0
25;2025-12-30;4;0
25;2025-12-30;5;18
25;2025-12-30;6;230
25;2025-12-30;7;459
25;2025-12-30;8;793
25;2025-12-30;9;414
25;2025-12-30;10;329
25;2025-12-30;11;382
25;2025-12-30;12;374
25;2025-12-30;13;473
25;2025-12-30;14;400
25;2025-12-30;15;488
25;2025-12-30;16;590
25;2025-12-30;17;681
25;2025-12-30;18;680
25;2025-12-30;19;530
25;2025-12-30;20;274
25;2025-12-30;21;196
25;2025-12-30;22;77
25;2025-12-30;23;7
25;2025-12-31;0;5
25;2025-12-31;1;0
25;2025-12-31;2;0
25;2025-12-31;3;0
25;2025-12-31;4;0
25;2025-12-31;5;16
25;2025-12-31;6;106
25;2025-12-31;7;104
25;2025-12-31;8;240
25;2025-12-31;9;216
25;2025-12-31;10;223
25;2025-12-31;11;296
25;2025-12-31;12;311
25;2025-12-31;13;515
25;2025-12-31;14;520
25;2025-12-31;15;610
25;2025-12-31;16;572
25;2025-12-31;17;458
25;2025-12-31;18;402
25;2025-12-31;19;347
25;2025-12-31;20;0
25;2025-12-31;21;0
25;2025-12-31;22;0
25;2025-12-31;23;0
26;2025-11-01;0;40
26;2025-11-01;1;3
26;2025-11-01;2;0
26;2025-11-01;3;0
26;2025-11-01;4;1
26;2025-11-01;5;64
26;2025-11-01;6;372
26;2025-11-01;7;784
26;2025-11-01;8;1700
26;2025-11-01;9;1064
26;2025-11-01;10;956
26;2025-11-01;11;854
26;2025-11-01;12;847
26;2025-11-01;13;873
26;2025-11-01;14;1046
26;2025-11-01;15;1033
26;2025-11-01;16;1263
26;2025-11-01;17;1361
26;2025-11-01;18;997
26;2025-11-01;19;782
26;2025-11-01;20;497
26;2025-11-01;21;355
26;2025-11-01;22;149
26;2025-11-01;23;117
26;2025-11-02;0;48
26;2025-11-02;1;4
26;2025-11-02;2;0
26;2025-11-02;3;0
26;2025-11-02;4;1
26;2025-11-02;5;20
26;2025-11-02;6;152
26;2025-11-02;7;250
26;2025-11-02;8;370
26;2025-11-02;9;508
26;2025-11-02;10;571
26;2025-11-02;11;799
26;2025-11-02;12;789
26;2025-11-02;13;849
26;2025-11-02;14;829
26;2025-11-02;15;758
26;2025-11-02;16;724
26;2025-11-02;17;748
26;2025-11-02;18;671
26;2025-11-02;19;491
26;2025-11-02;20;385
26;2025-11-02;21;267
26;2025-11-02;22;154
26;2025-11-02;23;102
26;2025-11-03;0;48
26;2025-11-03;1;4
26;2025-11-03;2;0
26;2025-11-03;3;0
26;2025-11-03;4;1
26;2025-11-03;5;20
26;2025-11-03;6;152
26;2025-11-03;7;250
26;2025-11-03;8;370
26;2025-11-03;9;508
26;2025-11-03;10;571
26;2025-11-03;11;799
26;2025-11-03;12;789
26;2025-11-03;13;849
26;2025-11-03;14;829
26;2025-11-03;15;758
26;2025-11-03;16;724
26;2025-11-03;17;748
26;2025-11-03;18;671
26;2025-11-03;19;491
26;2025-11-03;20;385
26;2025-11-03;21;267
26;2025-11-03;22;154
26;2025-11-03;23;102
26;2025-11-04;0;48
26;2025-11-04;1;4
26;2025-11-04;2;0
26;2025-11-04;3;0
26;2025-11-04;4;1
26;2025-11-04;5;20
26;2025-11-04;6;152
26;2025-11-04;7;250
26;2025-11-04;8;370
26;2025-11-04;9;508
26;2025-11-04;10;571
26;2025-11-04;11;799
26;2025-11-04;12;789
26;2025-11-04;13;849
26;2025-11-04;14;829
26;2025-11-04;15;758
26;2025-11-04;16;724
26;2025-11-04;17;748
26;2025-11-04;18;671
26;2025-11-04;19;491
26;2025-11-04;20;385
26;2025-11-04;21;267
26;2025-11-04;22;154
26;2025-11-04;23;102
26;2025-11-05;0;32
26;2025-11-05;1;1
26;2025-11-05;2;0
26;2025-11-05;3;0
26;2025-11-05;4;2
26;2025-11-05;5;96
26;2025-11-05;6;456
26;2025-11-05;7;1096
26;2025-11-05;8;2254
26;2025-11-05;9;1454
26;2025-11-05;10;1220
26;2025-11-05;11;1093
26;2025-11-05;12;1149
26;2025-11-05;13;1162
26;2025-11-05;14;1315
26;2025-11-05;15;1367
26;2025-11-05;16;1459
26;2025-11-05;17;1706
26;2025-11-05;18;1872
26;2025-11-05;19;1224
26;2025-11-05;20;737
26;2025-11-05;21;491
26;2025-11-05;22;200
26;2025-11-05;23;120
26;2025-11-06;0;32
26;2025-11-06;1;1
26;2025-11-06;2;0
26;2025-11-06;3;0
26;2025-11-06;4;2
26;2025-11-06;5;96
26;2025-11-06;6;456
26;2025-11-06;7;1096
26;2025-11-06;8;2254
26;2025-11-06;9;1454
26;2025-11-06;10;1220
26;2025-11-06;11;1093
26;2025-11-06;12;1149
26;2025-11-06;13;1162
26;2025-11-06;14;1315
26;2025-11-06;15;1367
26;2025-11-06;16;1459
26;2025-11-06;17;1706
26;2025-11-06;18;1872
26;2025-11-06;19;1224
26;2025-11-06;20;737
26;2025-11-06;21;491
26;2025-11-06;22;200
26;2025-11-06;23;120
26;2025-11-07;0;30
26;2025-11-07;1;1
26;2025-11-07;2;0
26;2025-11-07;3;0
26;2025-11-07;4;1
26;2025-11-07;5;80
26;2025-11-07;6;465
26;2025-11-07;7;980
26;2025-11-07;8;2124
26;2025-11-07;9;1330
26;2025-11-07;10;1195
26;2025-11-07;11;1067
26;2025-11-07;12;1059
26;2025-11-07;13;1092
26;2025-11-07;14;1307
26;2025-11-07;15;1292
26;2025-11-07;16;1579
26;2025-11-07;17;1701
26;2025-11-07;18;1246
26;2025-11-07;19;977
26;2025-11-07;20;622
26;2025-11-07;21;444
26;2025-11-07;22;186
26;2025-11-07;23;146
26;2025-11-08;0;52
26;2025-11-08;1;2
26;2025-11-08;2;0
26;2025-11-08;3;0
26;2025-11-08;4;2
26;2025-11-08;5;51
26;2025-11-08;6;233
26;2025-11-08;7;372
26;2025-11-08;8;622
26;2025-11-08;9;672
26;2025-11-08;10;832
26;2025-11-08;11;998
26;2025-11-08;12;1076
26;2025-11-08;13;1051
26;2025-11-08;14;1101
26;2025-11-08;15;991
26;2025-11-08;16;1040
26;2025-11-08;17;951
26;2025-11-08;18;878
26;2025-11-08;19;764
26;2025-11-08;20;538
26;2025-11-08;21;350
26;2025-11-08;22;201
26;2025-11-08;23;157
26;2025-11-09;0;48
26;2025-11-09;1;4
26;2025-11-09;2;0
26;2025-11-09;3;0
26;2025-11-09;4;1
26;2025-11-09;5;20
26;2025-11-09;6;152
26;2025-11-09;7;250
26;2025-11-09;8;370
26;2025-11-09;9;508
26;2025-11-09;10;571
26;2025-11-09;11;799
26;2025-11-09;12;789
26;2025-11-09;13;849
26;2025-11-09;14;829
26;2025-11-09;15;758
26;2025-11-09;16;724
26;2025-11-09;17;748
26;2025-11-09;18;671
26;2025-11-09;19;491
26;2025-11-09;20;385
26;2025-11-09;21;267
26;2025-11-09;22;154
26;2025-11-09;23;102
26;2025-11-10;0;32
26;2025-11-10;1;1
26;2025-11-10;2;0
26;2025-11-10;3;0
26;2025-11-10;4;2
26;2025-11-10;5;96
26;2025-11-10;6;456
26;2025-11-10;7;1096
26;2025-11-10;8;2254
26;2025-11-10;9;1454
26;2025-11-10;10;1220
26;2025-11-10;11;1093
26;2025-11-10;12;1149
26;2025-11-10;13;1162
26;2025-11-10;14;1315
26;2025-11-10;15;1367
26;2025-11-10;16;1459
26;2025-11-10;17;1706
26;2025-11-10;18;1872
26;2025-11-10;19;1224
26;2025-11-10;20;737
26;2025-11-10;21;491
26;2025-11-10;22;200
26;2025-11-10;23;120
26;2025-11-11;0;32
26;2025-11-11;1;1
26;2025-11-11;2;0
26;2025-11-11;3;0
26;2025-11-11;4;2
26;2025-11-11;5;96
26;2025-11-11;6;456
26;2025-11-11;7;1096
26;2025-11-11;8;2254
26;2025-11-11;9;1454
26;2025-11-11;10;1220
26;2025-11-11;11;1093
26;2025-11-11;12;1149
26;2025-11-11;13;1162
26;2025-11-11;14;1315
26;2025-11-11;15;1367
26;2025-11-11;16;1459
26;2025-11-11;17;1706
26;2025-11-11;18;1872
26;2025-11-11;19;1224
26;2025-11-11;20;737
26;2025-11-11;21;491
26;2025-11-11;22;200
26;2025-11-11;23;120
26;2025-11-12;0;32
26;2025-11-12;1;1
26;2025-11-12;2;0
26;2025-11-12;3;0
26;2025-11-12;4;2
26;2025-11-12;5;96
26;2025-11-12;6;456
26;2025-11-12;7;1096
26;2025-11-12;8;2254
26;2025-11-12;9;1454
26;2025-11-12;10;1220
26;2025-11-12;11;1093
26;2025-11-12;12;1149
26;2025-11-12;13;1162
26;2025-11-12;14;1315
26;2025-11-12;15;1367
26;2025-11-12;16;1459
26;2025-11-12;17;1706
26;2025-11-12;18;1872
26;2025-11-12;19;1224
26;2025-11-12;20;737
26;2025-11-12;21;491
26;2025-11-12;22;200
26;2025-11-12;23;120
26;2025-11-13;0;32
26;2025-11-13;1;1
26;2025-11-13;2;0
26;2025-11-13;3;0
26;2025-11-13;4;2
26;2025-11-13;5;96
26;2025-11-13;6;456
26;2025-11-13;7;1096
26;2025-11-13;8;2254
26;2025-11-13;9;1454
26;2025-11-13;10;1220
26;2025-11-13;11;1093
26;2025-11-13;12;1149
26;2025-11-13;13;1162
26;2025-11-13;14;1315
26;2025-11-13;15;1367
26;2025-11-13;16;1459
26;2025-11-13;17;1706
26;2025-11-13;18;1872
26;2025-11-13;19;1224
26;2025-11-13;20;737
26;2025-11-13;21;491
26;2025-11-13;22;200
26;2025-11-13;23;120
26;2025-11-14;0;30
26;2025-11-14;1;1
26;2025-11-14;2;0
26;2025-11-14;3;0
26;2025-11-14;4;1
26;2025-11-14;5;80
26;2025-11-14;6;465
26;2025-11-14;7;980
26;2025-11-14;8;2124
26;2025-11-14;9;1330
26;2025-11-14;10;1195
26;2025-11-14;11;1067
26;2025-11-14;12;1059
26;2025-11-14;13;1092
26;2025-11-14;14;1307
26;2025-11-14;15;1292
26;2025-11-14;16;1579
26;2025-11-14;17;1701
26;2025-11-14;18;1246
26;2025-11-14;19;977
26;2025-11-14;20;622
26;2025-11-14;21;444
26;2025-11-14;22;186
26;2025-11-14;23;146
26;2025-11-15;0;52
26;2025-11-15;1;2
26;2025-11-15;2;0
26;2025-11-15;3;0
26;2025-11-15;4;2
26;2025-11-15;5;51
26;2025-11-15;6;233
26;2025-11-15;7;372
26;2025-11-15;8;622
26;2025-11-15;9;672
26;2025-11-15;10;832
26;2025-11-15;11;998
26;2025-11-15;12;1076
26;2025-11-15;13;1051
26;2025-11-15;14;1101
26;2025-11-15;15;991
26;2025-11-15;16;1040
26;2025-11-15;17;951
26;2025-11-15;18;878
26;2025-11-15;19;764
26;2025-11-15;20;538
26;2025-11-15;21;350
26;2025-11-15;22;201
26;2025-11-15;23;157
26;2025-11-16;0;48
26;2025-11-16;1;4
26;2025-11-16;2;0
26;2025-11-16;3;0
26;2025-11-16;4;1
26;2025-11-16;5;20
26;2025-11-16;6;152
26;2025-11-16;7;250
26;2025-11-16;8;370
26;2025-11-16;9;508
26;2025-11-16;10;571
26;2025-11-16;11;799
26;2025-11-16;12;789
26;2025-11-16;13;849
26;2025-11-16;14;829
26;2025-11-16;15;758
26;2025-11-16;16;724
26;2025-11-16;17;748
26;2025-11-16;18;671
26;2025-11-16;19;491
26;2025-11-16;20;385
26;2025-11-16;21;267
26;2025-11-16;22;154
26;2025-11-16;23;102
26;2025-11-17;0;32
26;2025-11-17;1;1
26;2025-11-17;2;0
26;2025-11-17;3;0
26;2025-11-17;4;2
26;2025-11-17;5;96
26;2025-11-17;6;456
26;2025-11-17;7;1096
26;2025-11-17;8;2254
26;2025-11-17;9;1454
26;2025-11-17;10;1220
26;2025-11-17;11;1093
26;2025-11-17;12;1149
26;2025-11-17;13;1162
26;2025-11-17;14;1315
26;2025-11-17;15;1367
26;2025-11-17;16;1459
26;2025-11-17;17;1706
26;2025-11-17;18;1872
26;2025-11-17;19;1224
26;2025-11-17;20;737
26;2025-11-17;21;491
26;2025-11-17;22;200
26;2025-11-17;23;120
26;2025-11-18;0;32
26;2025-11-18;1;1
26;2025-11-18;2;0
26;2025-11-18;3;0
26;2025-11-18;4;2
26;2025-11-18;5;96
26;2025-11-18;6;456
26;2025-11-18;7;1096
26;2025-11-18;8;2254
26;2025-11-18;9;1454
26;2025-11-18;10;1220
26;2025-11-18;11;1093
26;2025-11-18;12;1149
26;2025-11-18;13;1162
26;2025-11-18;14;1315
26;2025-11-18;15;1367
26;2025-11-18;16;1459
26;2025-11-18;17;1706
26;2025-11-18;18;1872
26;2025-11-18;19;1224
26;2025-11-18;20;737
26;2025-11-18;21;491
26;2025-11-18;22;200
26;2025-11-18;23;120
26;2025-11-19;0;32
26;2025-11-19;1;1
26;2025-11-19;2;0
26;2025-11-19;3;0
26;2025-11-19;4;2
26;2025-11-19;5;96
26;2025-11-19;6;456
26;2025-11-19;7;1096
26;2025-11-19;8;2254
26;2025-11-19;9;1454
26;2025-11-19;10;1220
26;2025-11-19;11;1093
26;2025-11-19;12;1149
26;2025-11-19;13;1162
26;2025-11-19;14;1315
26;2025-11-19;15;1367
26;2025-11-19;16;1459
26;2025-11-19;17;1706
26;2025-11-19;18;1872
26;2025-11-19;19;1224
26;2025-11-19;20;737
26;2025-11-19;21;491
26;2025-11-19;22;200
26;2025-11-19;23;120
26;2025-11-20;0;32
26;2025-11-20;1;1
26;2025-11-20;2;0
26;2025-11-20;3;0
26;2025-11-20;4;2
26;2025-11-20;5;96
26;2025-11-20;6;456
26;2025-11-20;7;1096
26;2025-11-20;8;2254
26;2025-11-20;9;1454
26;2025-11-20;10;1220
26;2025-11-20;11;1093
26;2025-11-20;12;1149
26;2025-11-20;13;1162
26;2025-11-20;14;1315
26;2025-11-20;15;1367
26;2025-11-20;16;1459
26;2025-11-20;17;1706
26;2025-11-20;18;1872
26;2025-11-20;19;1224
26;2025-11-20;20;737
26;2025-11-20;21;491
26;2025-11-20;22;200
26;2025-11-20;23;120
26;2025-11-21;0;30
26;2025-11-21;1;1
26;2025-11-21;2;0
26;2025-11-21;3;0
26;2025-11-21;4;1
26;2025-11-21;5;80
26;2025-11-21;6;465
26;2025-11-21;7;980
26;2025-11-21;8;2124
26;2025-11-21;9;1330
26;2025-11-21;10;1195
26;2025-11-21;11;1067
26;2025-11-21;12;1059
26;2025-11-21;13;1092
26;2025-11-21;14;1307
26;2025-11-21;15;1292
26;2025-11-21;16;1579
26;2025-11-21;17;1701
26;2025-11-21;18;1246
26;2025-11-21;19;977
26;2025-11-21;20;622
26;2025-11-21;21;444
26;2025-11-21;22;186
26;2025-11-21;23;146
26;2025-11-22;0;52
26;2025-11-22;1;2
26;2025-11-22;2;0
26;2025-11-22;3;0
26;2025-11-22;4;2
26;2025-11-22;5;51
26;2025-11-22;6;233
26;2025-11-22;7;372
26;2025-11-22;8;622
26;2025-11-22;9;672
26;2025-11-22;10;832
26;2025-11-22;11;998
26;2025-11-22;12;1076
26;2025-11-22;13;1051
26;2025-11-22;14;1101
26;2025-11-22;15;991
26;2025-11-22;16;1040
26;2025-11-22;17;951
26;2025-11-22;18;878
26;2025-11-22;19;764
26;2025-11-22;20;538
26;2025-11-22;21;350
26;2025-11-22;22;201
26;2025-11-22;23;157
26;2025-11-23;0;48
26;2025-11-23;1;4
26;2025-11-23;2;0
26;2025-11-23;3;0
26;2025-11-23;4;1
26;2025-11-23;5;20
26;2025-11-23;6;152
26;2025-11-23;7;250
26;2025-11-23;8;370
26;2025-11-23;9;508
26;2025-11-23;10;571
26;2025-11-23;11;799
26;2025-11-23;12;789
26;2025-11-23;13;849
26;2025-11-23;14;829
26;2025-11-23;15;758
26;2025-11-23;16;724
26;2025-11-23;17;748
26;2025-11-23;18;671
26;2025-11-23;19;491
26;2025-11-23;20;385
26;2025-11-23;21;267
26;2025-11-23;22;154
26;2025-11-23;23;102
26;2025-11-24;0;32
26;2025-11-24;1;1
26;2025-11-24;2;0
26;2025-11-24;3;0
26;2025-11-24;4;2
26;2025-11-24;5;96
26;2025-11-24;6;456
26;2025-11-24;7;1096
26;2025-11-24;8;2254
26;2025-11-24;9;1454
26;2025-11-24;10;1220
26;2025-11-24;11;1093
26;2025-11-24;12;1149
26;2025-11-24;13;1162
26;2025-11-24;14;1315
26;2025-11-24;15;1367
26;2025-11-24;16;1459
26;2025-11-24;17;1706
26;2025-11-24;18;1872
26;2025-11-24;19;1224
26;2025-11-24;20;737
26;2025-11-24;21;491
26;2025-11-24;22;200
26;2025-11-24;23;120
26;2025-11-25;0;32
26;2025-11-25;1;1
26;2025-11-25;2;0
26;2025-11-25;3;0
26;2025-11-25;4;2
26;2025-11-25;5;96
26;2025-11-25;6;456
26;2025-11-25;7;1096
26;2025-11-25;8;2254
26;2025-11-25;9;1454
26;2025-11-25;10;1220
26;2025-11-25;11;1093
26;2025-11-25;12;1149
26;2025-11-25;13;1162
26;2025-11-25;14;1315
26;2025-11-25;15;1367
26;2025-11-25;16;1459
26;2025-11-25;17;1706
26;2025-11-25;18;1872
26;2025-11-25;19;1224
26;2025-11-25;20;737
26;2025-11-25;21;491
26;2025-11-25;22;200
26;2025-11-25;23;120
26;2025-11-26;0;32
26;2025-11-26;1;1
26;2025-11-26;2;0
26;2025-11-26;3;0
26;2025-11-26;4;2
26;2025-11-26;5;96
26;2025-11-26;6;456
26;2025-11-26;7;1096
26;2025-11-26;8;2254
26;2025-11-26;9;1454
26;2025-11-26;10;1220
26;2025-11-26;11;1093
26;2025-11-26;12;1149
26;2025-11-26;13;1162
26;2025-11-26;14;1315
26;2025-11-26;15;1367
26;2025-11-26;16;1459
26;2025-11-26;17;1706
26;2025-11-26;18;1872
26;2025-11-26;19;1224
26;2025-11-26;20;737
26;2025-11-26;21;491
26;2025-11-26;22;200
26;2025-11-26;23;120
26;2025-11-27;0;32
26;2025-11-27;1;1
26;2025-11-27;2;0
26;2025-11-27;3;0
26;2025-11-27;4;2
26;2025-11-27;5;96
26;2025-11-27;6;456
26;2025-11-27;7;1096
26;2025-11-27;8;2254
26;2025-11-27;9;1454
26;2025-11-27;10;1220
26;2025-11-27;11;1093
26;2025-11-27;12;1149
26;2025-11-27;13;1162
26;2025-11-27;14;1315
26;2025-11-27;15;1367
26;2025-11-27;16;1459
26;2025-11-27;17;1706
26;2025-11-27;18;1872
26;2025-11-27;19;1224
26;2025-11-27;20;737
26;2025-11-27;21;491
26;2025-11-27;22;200
26;2025-11-27;23;120
26;2025-11-28;0;30
26;2025-11-28;1;1
26;2025-11-28;2;0
26;2025-11-28;3;0
26;2025-11-28;4;1
26;2025-11-28;5;80
26;2025-11-28;6;465
26;2025-11-28;7;980
26;2025-11-28;8;2124
26;2025-11-28;9;1330
26;2025-11-28;10;1195
26;2025-11-28;11;1067
26;2025-11-28;12;1059
26;2025-11-28;13;1092
26;2025-11-28;14;1307
26;2025-11-28;15;1292
26;2025-11-28;16;1579
26;2025-11-28;17;1701
26;2025-11-28;18;1246
26;2025-11-28;19;977
26;2025-11-28;20;622
26;2025-11-28;21;444
26;2025-11-28;22;186
26;2025-11-28;23;146
26;2025-11-29;0;52
26;2025-11-29;1;2
26;2025-11-29;2;0
26;2025-11-29;3;0
26;2025-11-29;4;2
26;2025-11-29;5;51
26;2025-11-29;6;233
26;2025-11-29;7;372
26;2025-11-29;8;622
26;2025-11-29;9;672
26;2025-11-29;10;832
26;2025-11-29;11;998
26;2025-11-29;12;1076
26;2025-11-29;13;1051
26;2025-11-29;14;1101
26;2025-11-29;15;991
26;2025-11-29;16;1040
26;2025-11-29;17;951
26;2025-11-29;18;878
26;2025-11-29;19;764
26;2025-11-29;20;538
26;2025-11-29;21;350
26;2025-11-29;22;201
26;2025-11-29;23;157
26;2025-11-30;0;48
26;2025-11-30;1;4
26;2025-11-30;2;0
26;2025-11-30;3;0
26;2025-11-30;4;1
26;2025-11-30;5;20
26;2025-11-30;6;152
26;2025-11-30;7;250
26;2025-11-30;8;370
26;2025-11-30;9;508
26;2025-11-30;10;571
26;2025-11-30;11;799
26;2025-11-30;12;789
26;2025-11-30;13;849
26;2025-11-30;14;829
26;2025-11-30;15;758
26;2025-11-30;16;724
26;2025-11-30;17;748
26;2025-11-30;18;671
26;2025-11-30;19;491
26;2025-11-30;20;385
26;2025-11-30;21;267
26;2025-11-30;22;154
26;2025-11-30;23;102
26;2025-12-01;0;32
26;2025-12-01;1;1
26;2025-12-01;2;0
26;2025-12-01;3;0
26;2025-12-01;4;2
26;2025-12-01;5;96
26;2025-12-01;6;456
26;2025-12-01;7;1096
26;2025-12-01;8;2254
26;2025-12-01;9;1454
26;2025-12-01;10;1220
26;2025-12-01;11;1093
26;2025-12-01;12;1149
26;2025-12-01;13;1162
26;2025-12-01;14;1315
26;2025-12-01;15;1367
26;2025-12-01;16;1459
26;2025-12-01;17;1706
26;2025-12-01;18;1872
26;2025-12-01;19;1224
26;2025-12-01;20;737
26;2025-12-01;21;491
26;2025-12-01;22;200
26;2025-12-01;23;120
26;2025-12-02;0;32
26;2025-12-02;1;1
26;2025-12-02;2;0
26;2025-12-02;3;0
26;2025-12-02;4;2
26;2025-12-02;5;96
26;2025-12-02;6;456
26;2025-12-02;7;1096
26;2025-12-02;8;2254
26;2025-12-02;9;1454
26;2025-12-02;10;1220
26;2025-12-02;11;1093
26;2025-12-02;12;1149
26;2025-12-02;13;1162
26;2025-12-02;14;1315
26;2025-12-02;15;1367
26;2025-12-02;16;1459
26;2025-12-02;17;1706
26;2025-12-02;18;1872
26;2025-12-02;19;1224
26;2025-12-02;20;737
26;2025-12-02;21;491
26;2025-12-02;22;200
26;2025-12-02;23;120
26;2025-12-03;0;32
26;2025-12-03;1;1
26;2025-12-03;2;0
26;2025-12-03;3;0
26;2025-12-03;4;2
26;2025-12-03;5;96
26;2025-12-03;6;456
26;2025-12-03;7;1096
26;2025-12-03;8;2254
26;2025-12-03;9;1454
26;2025-12-03;10;1220
26;2025-12-03;11;1093
26;2025-12-03;12;1149
26;2025-12-03;13;1162
26;2025-12-03;14;1315
26;2025-12-03;15;1367
26;2025-12-03;16;1459
26;2025-12-03;17;1706
26;2025-12-03;18;1872
26;2025-12-03;19;1224
26;2025-12-03;20;737
26;2025-12-03;21;491
26;2025-12-03;22;200
26;2025-12-03;23;120
26;2025-12-04;0;32
26;2025-12-04;1;1
26;2025-12-04;2;0
26;2025-12-04;3;0
26;2025-12-04;4;2
26;2025-12-04;5;96
26;2025-12-04;6;456
26;2025-12-04;7;1096
26;2025-12-04;8;2254
26;2025-12-04;9;1454
26;2025-12-04;10;1220
26;2025-12-04;11;1093
26;2025-12-04;12;1149
26;2025-12-04;13;1162
26;2025-12-04;14;1315
26;2025-12-04;15;1367
26;2025-12-04;16;1459
26;2025-12-04;17;1706
26;2025-12-04;18;1872
26;2025-12-04;19;1224
26;2025-12-04;20;737
26;2025-12-04;21;491
26;2025-12-04;22;200
26;2025-12-04;23;120
26;2025-12-05;0;30
26;2025-12-05;1;1
26;2025-12-05;2;0
26;2025-12-05;3;0
26;2025-12-05;4;1
26;2025-12-05;5;80
26;2025-12-05;6;465
26;2025-12-05;7;980
26;2025-12-05;8;2124
26;2025-12-05;9;1330
26;2025-12-05;10;1195
26;2025-12-05;11;1067
26;2025-12-05;12;1059
26;2025-12-05;13;1092
26;2025-12-05;14;1307
26;2025-12-05;15;1292
26;2025-12-05;16;1579
26;2025-12-05;17;1701
26;2025-12-05;18;1246
26;2025-12-05;19;977
26;2025-12-05;20;622
26;2025-12-05;21;444
26;2025-12-05;22;186
26;2025-12-05;23;146
26;2025-12-06;0;52
26;2025-12-06;1;2
26;2025-12-06;2;0
26;2025-12-06;3;0
26;2025-12-06;4;2
26;2025-12-06;5;51
26;2025-12-06;6;233
26;2025-12-06;7;372
26;2025-12-06;8;622
26;2025-12-06;9;672
26;2025-12-06;10;832
26;2025-12-06;11;998
26;2025-12-06;12;1076
26;2025-12-06;13;1051
26;2025-12-06;14;1101
26;2025-12-06;15;991
26;2025-12-06;16;1040
26;2025-12-06;17;951
26;2025-12-06;18;878
26;2025-12-06;19;764
26;2025-12-06;20;538
26;2025-12-06;21;350
26;2025-12-06;22;201
26;2025-12-06;23;157
26;2025-12-07;0;48
26;2025-12-07;1;4
26;2025-12-07;2;0
26;2025-12-07;3;0
26;2025-12-07;4;1
26;2025-12-07;5;20
26;2025-12-07;6;152
26;2025-12-07;7;250
26;2025-12-07;8;370
26;2025-12-07;9;508
26;2025-12-07;10;571
26;2025-12-07;11;799
26;2025-12-07;12;789
26;2025-12-07;13;849
26;2025-12-07;14;829
26;2025-12-07;15;758
26;2025-12-07;16;724
26;2025-12-07;17;748
26;2025-12-07;18;671
26;2025-12-07;19;491
26;2025-12-07;20;385
26;2025-12-07;21;267
26;2025-12-07;22;154
26;2025-12-07;23;102
26;2025-12-08;0;32
26;2025-12-08;1;1
26;2025-12-08;2;0
26;2025-12-08;3;0
26;2025-12-08;4;2
26;2025-12-08;5;96
26;2025-12-08;6;456
26;2025-12-08;7;1096
26;2025-12-08;8;2254
26;2025-12-08;9;1454
26;2025-12-08;10;1220
26;2025-12-08;11;1093
26;2025-12-08;12;1149
26;2025-12-08;13;1162
26;2025-12-08;14;1315
26;2025-12-08;15;1367
26;2025-12-08;16;1459
26;2025-12-08;17;1706
26;2025-12-08;18;1872
26;2025-12-08;19;1224
26;2025-12-08;20;737
26;2025-12-08;21;491
26;2025-12-08;22;200
26;2025-12-08;23;120
26;2025-12-09;0;32
26;2025-12-09;1;1
26;2025-12-09;2;0
26;2025-12-09;3;0
26;2025-12-09;4;2
26;2025-12-09;5;96
26;2025-12-09;6;456
26;2025-12-09;7;1096
26;2025-12-09;8;2254
26;2025-12-09;9;1454
26;2025-12-09;10;1220
26;2025-12-09;11;1093
26;2025-12-09;12;1149
26;2025-12-09;13;1162
26;2025-12-09;14;1315
26;2025-12-09;15;1367
26;2025-12-09;16;1459
26;2025-12-09;17;1706
26;2025-12-09;18;1872
26;2025-12-09;19;1224
26;2025-12-09;20;737
26;2025-12-09;21;491
26;2025-12-09;22;200
26;2025-12-09;23;120
26;2025-12-10;0;32
26;2025-12-10;1;1
26;2025-12-10;2;0
26;2025-12-10;3;0
26;2025-12-10;4;2
26;2025-12-10;5;96
26;2025-12-10;6;456
26;2025-12-10;7;1096
26;2025-12-10;8;2254
26;2025-12-10;9;1454
26;2025-12-10;10;1220
26;2025-12-10;11;1093
26;2025-12-10;12;1149
26;2025-12-10;13;1162
26;2025-12-10;14;1315
26;2025-12-10;15;1367
26;2025-12-10;16;1459
26;2025-12-10;17;1706
26;2025-12-10;18;1872
26;2025-12-10;19;1224
26;2025-12-10;20;737
26;2025-12-10;21;491
26;2025-12-10;22;200
26;2025-12-10;23;120
26;2025-12-11;0;32
26;2025-12-11;1;1
26;2025-12-11;2;0
26;2025-12-11;3;0
26;2025-12-11;4;2
26;2025-12-11;5;96
26;2025-12-11;6;456
26;2025-12-11;7;1096
26;2025-12-11;8;2254
26;2025-12-11;9;1454
26;2025-12-11;10;1220
26;2025-12-11;11;1093
26;2025-12-11;12;1149
26;2025-12-11;13;1162
26;2025-12-11;14;1315
26;2025-12-11;15;1367
26;2025-12-11;16;1459
26;2025-12-11;17;1706
26;2025-12-11;18;1872
26;2025-12-11;19;1224
26;2025-12-11;20;737
26;2025-12-11;21;491
26;2025-12-11;22;200
26;2025-12-11;23;120
26;2025-12-12;0;30
26;2025-12-12;1;1
26;2025-12-12;2;0
26;2025-12-12;3;0
26;2025-12-12;4;1
26;2025-12-12;5;80
26;2025-12-12;6;465
26;2025-12-12;7;980
26;2025-12-12;8;2124
26;2025-12-12;9;1330
26;2025-12-12;10;1195
26;2025-12-12;11;1067
26;2025-12-12;12;1059
26;2025-12-12;13;1092
26;2025-12-12;14;1307
26;2025-12-12;15;1292
26;2025-12-12;16;1579
26;2025-12-12;17;1701
26;2025-12-12;18;1246
26;2025-12-12;19;977
26;2025-12-12;20;622
26;2025-12-12;21;444
26;2025-12-12;22;186
26;2025-12-12;23;146
26;2025-12-13;0;52
26;2025-12-13;1;2
26;2025-12-13;2;0
26;2025-12-13;3;0
26;2025-12-13;4;2
26;2025-12-13;5;51
26;2025-12-13;6;233
26;2025-12-13;7;372
26;2025-12-13;8;622
26;2025-12-13;9;672
26;2025-12-13;10;832
26;2025-12-13;11;998
26;2025-12-13;12;1076
26;2025-12-13;13;1051
26;2025-12-13;14;1101
26;2025-12-13;15;991
26;2025-12-13;16;1040
26;2025-12-13;17;951
26;2025-12-13;18;878
26;2025-12-13;19;764
26;2025-12-13;20;538
26;2025-12-13;21;350
26;2025-12-13;22;201
26;2025-12-13;23;157
26;2025-12-14;0;48
26;2025-12-14;1;4
26;2025-12-14;2;0
26;2025-12-14;3;0
26;2025-12-14;4;1
26;2025-12-14;5;20
26;2025-12-14;6;152
26;2025-12-14;7;250
26;2025-12-14;8;370
26;2025-12-14;9;508
26;2025-12-14;10;571
26;2025-12-14;11;799
26;2025-12-14;12;789
26;2025-12-14;13;849
26;2025-12-14;14;829
26;2025-12-14;15;758
26;2025-12-14;16;724
26;2025-12-14;17;748
26;2025-12-14;18;671
26;2025-12-14;19;491
26;2025-12-14;20;385
26;2025-12-14;21;267
26;2025-12-14;22;154
26;2025-12-14;23;102
26;2025-12-15;0;32
26;2025-12-15;1;1
26;2025-12-15;2;0
26;2025-12-15;3;0
26;2025-12-15;4;2
26;2025-12-15;5;96
26;2025-12-15;6;456
26;2025-12-15;7;1096
26;2025-12-15;8;2254
26;2025-12-15;9;1454
26;2025-12-15;10;1220
26;2025-12-15;11;1093
26;2025-12-15;12;1149
26;2025-12-15;13;1162
26;2025-12-15;14;1315
26;2025-12-15;15;1367
26;2025-12-15;16;1459
26;2025-12-15;17;1706
26;2025-12-15;18;1872
26;2025-12-15;19;1224
26;2025-12-15;20;737
26;2025-12-15;21;491
26;2025-12-15;22;200
26;2025-12-15;23;120
26;2025-12-16;0;32
26;2025-12-16;1;1
26;2025-12-16;2;0
26;2025-12-16;3;0
26;2025-12-16;4;2
26;2025-12-16;5;96
26;2025-12-16;6;456
26;2025-12-16;7;1096
26;2025-12-16;8;2254
26;2025-12-16;9;1454
26;2025-12-16;10;1220
26;2025-12-16;11;1093
26;2025-12-16;12;1149
26;2025-12-16;13;1162
26;2025-12-16;14;1315
26;2025-12-16;15;1367
26;2025-12-16;16;1459
26;2025-12-16;17;1706
26;2025-12-16;18;1872
26;2025-12-16;19;1224
26;2025-12-16;20;737
26;2025-12-16;21;491
26;2025-12-16;22;200
26;2025-12-16;23;120
26;2025-12-17;0;32
26;2025-12-17;1;1
26;2025-12-17;2;0
26;2025-12-17;3;0
26;2025-12-17;4;2
26;2025-12-17;5;96
26;2025-12-17;6;456
26;2025-12-17;7;1096
26;2025-12-17;8;2254
26;2025-12-17;9;1454
26;2025-12-17;10;1220
26;2025-12-17;11;1093
26;2025-12-17;12;1149
26;2025-12-17;13;1162
26;2025-12-17;14;1315
26;2025-12-17;15;1367
26;2025-12-17;16;1459
26;2025-12-17;17;1706
26;2025-12-17;18;1872
26;2025-12-17;19;1224
26;2025-12-17;20;737
26;2025-12-17;21;491
26;2025-12-17;22;200
26;2025-12-17;23;120
26;2025-12-18;0;32
26;2025-12-18;1;1
26;2025-12-18;2;0
26;2025-12-18;3;0
26;2025-12-18;4;2
26;2025-12-18;5;96
26;2025-12-18;6;456
26;2025-12-18;7;1096
26;2025-12-18;8;2254
26;2025-12-18;9;1454
26;2025-12-18;10;1220
26;2025-12-18;11;1093
26;2025-12-18;12;1149
26;2025-12-18;13;1162
26;2025-12-18;14;1315
26;2025-12-18;15;1367
26;2025-12-18;16;1459
26;2025-12-18;17;1706
26;2025-12-18;18;1872
26;2025-12-18;19;1224
26;2025-12-18;20;737
26;2025-12-18;21;491
26;2025-12-18;22;200
26;2025-12-18;23;120
26;2025-12-19;0;30
26;2025-12-19;1;1
26;2025-12-19;2;0
26;2025-12-19;3;0
26;2025-12-19;4;1
26;2025-12-19;5;80
26;2025-12-19;6;465
26;2025-12-19;7;980
26;2025-12-19;8;2124
26;2025-12-19;9;1330
26;2025-12-19;10;1195
26;2025-12-19;11;1067
26;2025-12-19;12;1059
26;2025-12-19;13;1092
26;2025-12-19;14;1307
26;2025-12-19;15;1292
26;2025-12-19;16;1579
26;2025-12-19;17;1701
26;2025-12-19;18;1246
26;2025-12-19;19;977
26;2025-12-19;20;622
26;2025-12-19;21;444
26;2025-12-19;22;186
26;2025-12-19;23;146
26;2025-12-20;0;52
26;2025-12-20;1;2
26;2025-12-20;2;0
26;2025-12-20;3;0
26;2025-12-20;4;2
26;2025-12-20;5;51
26;2025-12-20;6;233
26;2025-12-20;7;372
26;2025-12-20;8;622
26;2025-12-20;9;672
26;2025-12-20;10;832
26;2025-12-20;11;998
26;2025-12-20;12;1076
26;2025-12-20;13;1051
26;2025-12-20;14;1101
26;2025-12-20;15;991
26;2025-12-20;16;1040
26;2025-12-20;17;951
26;2025-12-20;18;878
26;2025-12-20;19;764
26;2025-12-20;20;538
26;2025-12-20;21;350
26;2025-12-20;22;201
26;2025-12-20;23;157
26;2025-12-21;0;48
26;2025-12-21;1;4
26;2025-12-21;2;0
26;2025-12-21;3;0
26;2025-12-21;4;1
26;2025-12-21;5;20
26;2025-12-21;6;152
26;2025-12-21;7;250
26;2025-12-21;8;370
26;2025-12-21;9;508
26;2025-12-21;10;571
26;2025-12-21;11;799
26;2025-12-21;12;789
26;2025-12-21;13;849
26;2025-12-21;14;829
26;2025-12-21;15;758
26;2025-12-21;16;724
26;2025-12-21;17;748
26;2025-12-21;18;671
26;2025-12-21;19;491
26;2025-12-21;20;385
26;2025-12-21;21;267
26;2025-12-21;22;154
26;2025-12-21;23;102
26;2025-12-22;0;32
26;2025-12-22;1;1
26;2025-12-22;2;0
26;2025-12-22;3;0
26;2025-12-22;4;2
26;2025-12-22;5;96
26;2025-12-22;6;456
26;2025-12-22;7;1096
26;2025-12-22;8;2254
26;2025-12-22;9;1454
26;2025-12-22;10;1220
26;2025-12-22;11;1093
26;2025-12-22;12;1149
26;2025-12-22;13;1162
26;2025-12-22;14;1315
26;2025-12-22;15;1367
26;2025-12-22;16;1459
26;2025-12-22;17;1706
26;2025-12-22;18;1872
26;2025-12-22;19;1224
26;2025-12-22;20;737
26;2025-12-22;21;491
26;2025-12-22;22;200
26;2025-12-22;23;120
26;2025-12-23;0;32
26;2025-12-23;1;1
26;2025-12-23;2;0
26;2025-12-23;3;0
26;2025-12-23;4;2
26;2025-12-23;5;96
26;2025-12-23;6;456
26;2025-12-23;7;1096
26;2025-12-23;8;2254
26;2025-12-23;9;1454
26;2025-12-23;10;1220
26;2025-12-23;11;1093
26;2025-12-23;12;1149
26;2025-12-23;13;1162
26;2025-12-23;14;1315
26;2025-12-23;15;1367
26;2025-12-23;16;1459
26;2025-12-23;17;1706
26;2025-12-23;18;1872
26;2025-12-23;19;1224
26;2025-12-23;20;737
26;2025-12-23;21;491
26;2025-12-23;22;200
26;2025-12-23;23;120
26;2025-12-24;0;32
26;2025-12-24;1;1
26;2025-12-24;2;0
26;2025-12-24;3;0
26;2025-12-24;4;2
26;2025-12-24;5;96
26;2025-12-24;6;456
26;2025-12-24;7;1096
26;2025-12-24;8;2254
26;2025-12-24;9;1454
26;2025-12-24;10;1220
26;2025-12-24;11;1093
26;2025-12-24;12;1149
26;2025-12-24;13;1162
26;2025-12-24;14;1315
26;2025-12-24;15;1367
26;2025-12-24;16;1459
26;2025-12-24;17;1706
26;2025-12-24;18;1872
26;2025-12-24;19;1224
26;2025-12-24;20;737
26;2025-12-24;21;491
26;2025-12-24;22;200
26;2025-12-24;23;120
26;2025-12-25;0;32
26;2025-12-25;1;1
26;2025-12-25;2;0
26;2025-12-25;3;0
26;2025-12-25;4;2
26;2025-12-25;5;96
26;2025-12-25;6;456
26;2025-12-25;7;1096
26;2025-12-25;8;2254
26;2025-12-25;9;1454
26;2025-12-25;10;1220
26;2025-12-25;11;1093
26;2025-12-25;12;1149
26;2025-12-25;13;1162
26;2025-12-25;14;1315
26;2025-12-25;15;1367
26;2025-12-25;16;1459
26;2025-12-25;17;1706
26;2025-12-25;18;1872
26;2025-12-25;19;1224
26;2025-12-25;20;737
26;2025-12-25;21;491
26;2025-12-25;22;200
26;2025-12-25;23;120
26;2025-12-26;0;30
26;2025-12-26;1;1
26;2025-12-26;2;0
26;2025-12-26;3;0
26;2025-12-26;4;1
26;2025-12-26;5;80
26;2025-12-26;6;465
26;2025-12-26;7;980
26;2025-12-26;8;2124
26;2025-12-26;9;1330
26;2025-12-26;10;1195
26;2025-12-26;11;1067
26;2025-12-26;12;1059
26;2025-12-26;13;1092
26;2025-12-26;14;1307
26;2025-12-26;15;1292
26;2025-12-26;16;1579
26;2025-12-26;17;1701
26;2025-12-26;18;1246
26;2025-12-26;19;977
26;2025-12-26;20;622
26;2025-12-26;21;444
26;2025-12-26;22;186
26;2025-12-26;23;146
26;2025-12-27;0;52
26;2025-12-27;1;2
26;2025-12-27;2;0
26;2025-12-27;3;0
26;2025-12-27;4;2
26;2025-12-27;5;51
26;2025-12-27;6;233
26;2025-12-27;7;372
26;2025-12-27;8;622
26;2025-12-27;9;672
26;2025-12-27;10;832
26;2025-12-27;11;998
26;2025-12-27;12;1076
26;2025-12-27;13;1051
26;2025-12-27;14;1101
26;2025-12-27;15;991
26;2025-12-27;16;1040
26;2025-12-27;17;951
26;2025-12-27;18;878
26;2025-12-27;19;764
26;2025-12-27;20;538
26;2025-12-27;21;350
26;2025-12-27;22;201
26;2025-12-27;23;157
26;2025-12-28;0;48
26;2025-12-28;1;4
26;2025-12-28;2;0
26;2025-12-28;3;0
26;2025-12-28;4;1
26;2025-12-28;5;20
26;2025-12-28;6;152
26;2025-12-28;7;250
26;2025-12-28;8;370
26;2025-12-28;9;508
26;2025-12-28;10;571
26;2025-12-28;11;799
26;2025-12-28;12;789
26;2025-12-28;13;849
26;2025-12-28;14;829
26;2025-12-28;15;758
26;2025-12-28;16;724
26;2025-12-28;17;748
26;2025-12-28;18;671
26;2025-12-28;19;491
26;2025-12-28;20;385
26;2025-12-28;21;267
26;2025-12-28;22;154
26;2025-12-28;23;102
26;2025-12-29;0;28
26;2025-12-29;1;1
26;2025-12-29;2;0
26;2025-12-29;3;0
26;2025-12-29;4;2
26;2025-12-29;5;84
26;2025-12-29;6;401
26;2025-12-29;7;965
26;2025-12-29;8;1984
26;2025-12-29;9;1279
26;2025-12-29;10;1074
26;2025-12-29;11;962
26;2025-12-29;12;1011
26;2025-12-29;13;1023
26;2025-12-29;14;1157
26;2025-12-29;15;1203
26;2025-12-29;16;1284
26;2025-12-29;17;1502
26;2025-12-29;18;1647
26;2025-12-29;19;1077
26;2025-12-29;20;648
26;2025-12-29;21;432
26;2025-12-29;22;176
26;2025-12-29;23;106
26;2025-12-30;0;28
26;2025-12-30;1;1
26;2025-12-30;2;0
26;2025-12-30;3;0
26;2025-12-30;4;2
26;2025-12-30;5;84
26;2025-12-30;6;401
26;2025-12-30;7;965
26;2025-12-30;8;1984
26;2025-12-30;9;1279
26;2025-12-30;10;1074
26;2025-12-30;11;962
26;2025-12-30;12;1011
26;2025-12-30;13;1023
26;2025-12-30;14;1157
26;2025-12-30;15;1203
26;2025-12-30;16;1284
26;2025-12-30;17;1502
26;2025-12-30;18;1647
26;2025-12-30;19;1077
26;2025-12-30;20;648
26;2025-12-30;21;432
26;2025-12-30;22;176
26;2025-12-30;23;106
26;2025-12-31;0;42
26;2025-12-31;1;2
26;2025-12-31;2;0
26;2025-12-31;3;0
26;2025-12-31;4;1
26;2025-12-31;5;41
26;2025-12-31;6;186
26;2025-12-31;7;298
26;2025-12-31;8;498
26;2025-12-31;9;537
26;2025-12-31;10;665
26;2025-12-31;11;798
26;2025-12-31;12;861
26;2025-12-31;13;841
26;2025-12-31;14;881
26;2025-12-31;15;793
26;2025-12-31;16;832
26;2025-12-31;17;761
26;2025-12-31;18;703
26;2025-12-31;19;611
26;2025-12-31;20;0
26;2025-12-31;21;0
26;2025-12-31;22;0
26;2025-12-31;23;0
28;2025-11-01;0;0
28;2025-11-01;1;0
28;2025-11-01;2;0
28;2025-11-01;3;0
28;2025-11-01;4;1
28;2025-11-01;5;61
28;2025-11-01;6;224
28;2025-11-01;7;687
28;2025-11-01;8;1056
28;2025-11-01;9;677
28;2025-11-01;10;508
28;2025-11-01;11;486
28;2025-11-01;12;640
28;2025-11-01;13;583
28;2025-11-01;14;573
28;2025-11-01;15;588
28;2025-11-01;16;772
28;2025-11-01;17;809
28;2025-11-01;18;708
28;2025-11-01;19;527
28;2025-11-01;20;343
28;2025-11-01;21;266
28;2025-11-01;22;103
28;2025-11-01;23;15
28;2025-11-02;0;2
28;2025-11-02;1;0
28;2025-11-02;2;0
28;2025-11-02;3;0
28;2025-11-02;4;0
28;2025-11-02;5;30
28;2025-11-02;6;78
28;2025-11-02;7;168
28;2025-11-02;8;260
28;2025-11-02;9;360
28;2025-11-02;10;405
28;2025-11-02;11;444
28;2025-11-02;12;459
28;2025-11-02;13;559
28;2025-11-02;14;530
28;2025-11-02;15;525
28;2025-11-02;16;470
28;2025-11-02;17;508
28;2025-11-02;18;436
28;2025-11-02;19;394
28;2025-11-02;20;297
28;2025-11-02;21;238
28;2025-11-02;22;112
28;2025-11-02;23;13
28;2025-11-03;0;2
28;2025-11-03;1;0
28;2025-11-03;2;0
28;2025-11-03;3;0
28;2025-11-03;4;0
28;2025-11-03;5;30
28;2025-11-03;6;78
28;2025-11-03;7;168
28;2025-11-03;8;260
28;2025-11-03;9;360
28;2025-11-03;10;405
28;2025-11-03;11;444
28;2025-11-03;12;459
28;2025-11-03;13;559
28;2025-11-03;14;530
28;2025-11-03;15;525
28;2025-11-03;16;470
28;2025-11-03;17;508
28;2025-11-03;18;436
28;2025-11-03;19;394
28;2025-11-03;20;297
28;2025-11-03;21;238
28;2025-11-03;22;112
28;2025-11-03;23;13
28;2025-11-04;0;2
28;2025-11-04;1;0
28;2025-11-04;2;0
28;2025-11-04;3;0
28;2025-11-04;4;0
28;2025-11-04;5;30
28;2025-11-04;6;78
28;2025-11-04;7;168
28;2025-11-04;8;260
28;2025-11-04;9;360
28;2025-11-04;10;405
28;2025-11-04;11;444
28;2025-11-04;12;459
28;2025-11-04;13;559
28;2025-11-04;14;530
28;2025-11-04;15;525
28;2025-11-04;16;470
28;2025-11-04;17;508
28;2025-11-04;18;436
28;2025-11-04;19;394
28;2025-11-04;20;297
28;2025-11-04;21;238
28;2025-11-04;22;112
28;2025-11-04;23;13
28;2025-11-05;0;3
28;2025-11-05;1;1
28;2025-11-05;2;0
28;2025-11-05;3;0
28;2025-11-05;4;1
28;2025-11-05;5;78
28;2025-11-05;6;251
28;2025-11-05;7;789
28;2025-11-05;8;1291
28;2025-11-05;9;830
28;2025-11-05;10;617
28;2025-11-05;11;564
28;2025-11-05;12;705
28;2025-11-05;13;707
28;2025-11-05;14;668
28;2025-11-05;15;695
28;2025-11-05;16;894
28;2025-11-05;17;1054
28;2025-11-05;18;1022
28;2025-11-05;19;757
28;2025-11-05;20;521
28;2025-11-05;21;323
28;2025-11-05;22;117
28;2025-11-05;23;12
28;2025-11-06;0;3
28;2025-11-06;1;1
28;2025-11-06;2;0
28;2025-11-06;3;0
28;2025-11-06;4;1
28;2025-11-06;5;78
28;2025-11-06;6;251
28;2025-11-06;7;789
28;2025-11-06;8;1291
28;2025-11-06;9;830
28;2025-11-06;10;617
28;2025-11-06;11;564
28;2025-11-06;12;705
28;2025-11-06;13;707
28;2025-11-06;14;668
28;2025-11-06;15;695
28;2025-11-06;16;894
28;2025-11-06;17;1054
28;2025-11-06;18;1022
28;2025-11-06;19;757
28;2025-11-06;20;521
28;2025-11-06;21;323
28;2025-11-06;22;117
28;2025-11-06;23;12
28;2025-11-07;0;2
28;2025-11-07;1;0
28;2025-11-07;2;0
28;2025-11-07;3;0
28;2025-11-07;4;2
28;2025-11-07;5;76
28;2025-11-07;6;280
28;2025-11-07;7;859
28;2025-11-07;8;1320
28;2025-11-07;9;846
28;2025-11-07;10;635
28;2025-11-07;11;607
28;2025-11-07;12;800
28;2025-11-07;13;729
28;2025-11-07;14;716
28;2025-11-07;15;735
28;2025-11-07;16;965
28;2025-11-07;17;1011
28;2025-11-07;18;885
28;2025-11-07;19;659
28;2025-11-07;20;429
28;2025-11-07;21;333
28;2025-11-07;22;129
28;2025-11-07;23;19
28;2025-11-08;0;2
28;2025-11-08;1;0
28;2025-11-08;2;0
28;2025-11-08;3;0
28;2025-11-08;4;1
28;2025-11-08;5;39
28;2025-11-08;6;107
28;2025-11-08;7;235
28;2025-11-08;8;408
28;2025-11-08;9;460
28;2025-11-08;10;502
28;2025-11-08;11;507
28;2025-11-08;12;601
28;2025-11-08;13;606
28;2025-11-08;14;562
28;2025-11-08;15;609
28;2025-11-08;16;613
28;2025-11-08;17;588
28;2025-11-08;18;507
28;2025-11-08;19;384
28;2025-11-08;20;284
28;2025-11-08;21;258
28;2025-11-08;22;103
28;2025-11-08;23;12
28;2025-11-09;0;2
28;2025-11-09;1;0
28;2025-11-09;2;0
28;2025-11-09;3;0
28;2025-11-09;4;0
28;2025-11-09;5;30
28;2025-11-09;6;78
28;2025-11-09;7;168
28;2025-11-09;8;260
28;2025-11-09;9;360
28;2025-11-09;10;405
28;2025-11-09;11;444
28;2025-11-09;12;459
28;2025-11-09;13;559
28;2025-11-09;14;530
28;2025-11-09;15;525
28;2025-11-09;16;470
28;2025-11-09;17;508
28;2025-11-09;18;436
28;2025-11-09;19;394
28;2025-11-09;20;297
28;2025-11-09;21;238
28;2025-11-09;22;112
28;2025-11-09;23;13
28;2025-11-10;0;3
28;2025-11-10;1;1
28;2025-11-10;2;0
28;2025-11-10;3;0
28;2025-11-10;4;1
28;2025-11-10;5;78
28;2025-11-10;6;251
28;2025-11-10;7;789
28;2025-11-10;8;1291
28;2025-11-10;9;830
28;2025-11-10;10;617
28;2025-11-10;11;564
28;2025-11-10;12;705
28;2025-11-10;13;707
28;2025-11-10;14;668
28;2025-11-10;15;695
28;2025-11-10;16;894
28;2025-11-10;17;1054
28;2025-11-10;18;1022
28;2025-11-10;19;757
28;2025-11-10;20;521
28;2025-11-10;21;323
28;2025-11-10;22;117
28;2025-11-10;23;12
28;2025-11-11;0;3
28;2025-11-11;1;1
28;2025-11-11;2;0
28;2025-11-11;3;0
28;2025-11-11;4;1
28;2025-11-11;5;78
28;2025-11-11;6;251
28;2025-11-11;7;789
28;2025-11-11;8;1291
28;2025-11-11;9;830
28;2025-11-11;10;617
28;2025-11-11;11;564
28;2025-11-11;12;705
28;2025-11-11;13;707
28;2025-11-11;14;668
28;2025-11-11;15;695
28;2025-11-11;16;894
28;2025-11-11;17;1054
28;2025-11-11;18;1022
28;2025-11-11;19;757
28;2025-11-11;20;521
28;2025-11-11;21;323
28;2025-11-11;22;117
28;2025-11-11;23;12
28;2025-11-12;0;3
28;2025-11-12;1;1
28;2025-11-12;2;0
28;2025-11-12;3;0
28;2025-11-12;4;1
28;2025-11-12;5;78
28;2025-11-12;6;251
28;2025-11-12;7;789
28;2025-11-12;8;1291
28;2025-11-12;9;830
28;2025-11-12;10;617
28;2025-11-12;11;564
28;2025-11-12;12;705
28;2025-11-12;13;707
28;2025-11-12;14;668
28;2025-11-12;15;695
28;2025-11-12;16;894
28;2025-11-12;17;1054
28;2025-11-12;18;1022
28;2025-11-12;19;757
28;2025-11-12;20;521
28;2025-11-12;21;323
28;2025-11-12;22;117
28;2025-11-12;23;12
28;2025-11-13;0;3
28;2025-11-13;1;1
28;2025-11-13;2;0
28;2025-11-13;3;0
28;2025-11-13;4;1
28;2025-11-13;5;78
28;2025-11-13;6;251
28;2025-11-13;7;789
28;2025-11-13;8;1291
28;2025-11-13;9;830
28;2025-11-13;10;617
28;2025-11-13;11;564
28;2025-11-13;12;705
28;2025-11-13;13;707
28;2025-11-13;14;668
28;2025-11-13;15;695
28;2025-11-13;16;894
28;2025-11-13;17;1054
28;2025-11-13;18;1022
28;2025-11-13;19;757
28;2025-11-13;20;521
28;2025-11-13;21;323
28;2025-11-13;22;117
28;2025-11-13;23;12
28;2025-11-14;0;2
28;2025-11-14;1;0
28;2025-11-14;2;0
28;2025-11-14;3;0
28;2025-11-14;4;2
28;2025-11-14;5;76
28;2025-11-14;6;280
28;2025-11-14;7;859
28;2025-11-14;8;1320
28;2025-11-14;9;846
28;2025-11-14;10;635
28;2025-11-14;11;607
28;2025-11-14;12;800
28;2025-11-14;13;729
28;2025-11-14;14;716
28;2025-11-14;15;735
28;2025-11-14;16;965
28;2025-11-14;17;1011
28;2025-11-14;18;885
28;2025-11-14;19;659
28;2025-11-14;20;429
28;2025-11-14;21;333
28;2025-11-14;22;129
28;2025-11-14;23;19
28;2025-11-15;0;2
28;2025-11-15;1;0
28;2025-11-15;2;0
28;2025-11-15;3;0
28;2025-11-15;4;1
28;2025-11-15;5;39
28;2025-11-15;6;107
28;2025-11-15;7;235
28;2025-11-15;8;408
28;2025-11-15;9;460
28;2025-11-15;10;502
28;2025-11-15;11;507
28;2025-11-15;12;601
28;2025-11-15;13;606
28;2025-11-15;14;562
28;2025-11-15;15;609
28;2025-11-15;16;613
28;2025-11-15;17;588
28;2025-11-15;18;507
28;2025-11-15;19;384
28;2025-11-15;20;284
28;2025-11-15;21;258
28;2025-11-15;22;103
28;2025-11-15;23;12
28;2025-11-16;0;2
28;2025-11-16;1;0
28;2025-11-16;2;0
28;2025-11-16;3;0
28;2025-11-16;4;0
28;2025-11-16;5;30
28;2025-11-16;6;78
28;2025-11-16;7;168
28;2025-11-16;8;260
28;2025-11-16;9;360
28;2025-11-16;10;405
28;2025-11-16;11;444
28;2025-11-16;12;459
28;2025-11-16;13;559
28;2025-11-16;14;530
28;2025-11-16;15;525
28;2025-11-16;16;470
28;2025-11-16;17;508
28;2025-11-16;18;436
28;2025-11-16;19;394
28;2025-11-16;20;297
28;2025-11-16;21;238
28;2025-11-16;22;112
28;2025-11-16;23;13
28;2025-11-17;0;3
28;2025-11-17;1;1
28;2025-11-17;2;0
28;2025-11-17;3;0
28;2025-11-17;4;1
28;2025-11-17;5;78
28;2025-11-17;6;251
28;2025-11-17;7;789
28;2025-11-17;8;1291
28;2025-11-17;9;830
28;2025-11-17;10;617
28;2025-11-17;11;564
28;2025-11-17;12;705
28;2025-11-17;13;707
28;2025-11-17;14;668
28;2025-11-17;15;695
28;2025-11-17;16;894
28;2025-11-17;17;1054
28;2025-11-17;18;1022
28;2025-11-17;19;757
28;2025-11-17;20;521
28;2025-11-17;21;323
28;2025-11-17;22;117
28;2025-11-17;23;12
28;2025-11-18;0;3
28;2025-11-18;1;1
28;2025-11-18;2;0
28;2025-11-18;3;0
28;2025-11-18;4;1
28;2025-11-18;5;78
28;2025-11-18;6;251
28;2025-11-18;7;789
28;2025-11-18;8;1291
28;2025-11-18;9;830
28;2025-11-18;10;617
28;2025-11-18;11;564
28;2025-11-18;12;705
28;2025-11-18;13;707
28;2025-11-18;14;668
28;2025-11-18;15;695
28;2025-11-18;16;894
28;2025-11-18;17;1054
28;2025-11-18;18;1022
28;2025-11-18;19;757
28;2025-11-18;20;521
28;2025-11-18;21;323
28;2025-11-18;22;117
28;2025-11-18;23;12
28;2025-11-19;0;3
28;2025-11-19;1;1
28;2025-11-19;2;0
28;2025-11-19;3;0
28;2025-11-19;4;1
28;2025-11-19;5;78
28;2025-11-19;6;251
28;2025-11-19;7;789
28;2025-11-19;8;1291
28;2025-11-19;9;830
28;2025-11-19;10;617
28;2025-11-19;11;564
28;2025-11-19;12;705
28;2025-11-19;13;707
28;2025-11-19;14;668
28;2025-11-19;15;695
28;2025-11-19;16;894
28;2025-11-19;17;1054
28;2025-11-19;18;1022
28;2025-11-19;19;757
28;2025-11-19;20;521
28;2025-11-19;21;323
28;2025-11-19;22;117
28;2025-11-19;23;12
28;2025-11-20;0;3
28;2025-11-20;1;1
28;2025-11-20;2;0
28;2025-11-20;3;0
28;2025-11-20;4;1
28;2025-11-20;5;78
28;2025-11-20;6;251
28;2025-11-20;7;789
28;2025-11-20;8;1291
28;2025-11-20;9;830
28;2025-11-20;10;617
28;2025-11-20;11;564
28;2025-11-20;12;705
28;2025-11-20;13;707
28;2025-11-20;14;668
28;2025-11-20;15;695
28;2025-11-20;16;894
28;2025-11-20;17;1054
28;2025-11-20;18;1022
28;2025-11-20;19;757
28;2025-11-20;20;521
28;2025-11-20;21;323
28;2025-11-20;22;117
28;2025-11-20;23;12
28;2025-11-21;0;2
28;2025-11-21;1;0
28;2025-11-21;2;0
28;2025-11-21;3;0
28;2025-11-21;4;2
28;2025-11-21;5;76
28;2025-11-21;6;280
28;2025-11-21;7;859
28;2025-11-21;8;1320
28;2025-11-21;9;846
28;2025-11-21;10;635
28;2025-11-21;11;607
28;2025-11-21;12;800
28;2025-11-21;13;729
28;2025-11-21;14;716
28;2025-11-21;15;735
28;2025-11-21;16;965
28;2025-11-21;17;1011
28;2025-11-21;18;885
28;2025-11-21;19;659
28;2025-11-21;20;429
28;2025-11-21;21;333
28;2025-11-21;22;129
28;2025-11-21;23;19
28;2025-11-22;0;2
28;2025-11-22;1;0
28;2025-11-22;2;0
28;2025-11-22;3;0
28;2025-11-22;4;1
28;2025-11-22;5;39
28;2025-11-22;6;107
28;2025-11-22;7;235
28;2025-11-22;8;408
28;2025-11-22;9;460
28;2025-11-22;10;502
28;2025-11-22;11;507
28;2025-11-22;12;601
28;2025-11-22;13;606
28;2025-11-22;14;562
28;2025-11-22;15;609
28;2025-11-22;16;613
28;2025-11-22;17;588
28;2025-11-22;18;507
28;2025-11-22;19;384
28;2025-11-22;20;284
28;2025-11-22;21;258
28;2025-11-22;22;103
28;2025-11-22;23;12
28;2025-11-23;0;2
28;2025-11-23;1;0
28;2025-11-23;2;0
28;2025-11-23;3;0
28;2025-11-23;4;0
28;2025-11-23;5;30
28;2025-11-23;6;78
28;2025-11-23;7;168
28;2025-11-23;8;260
28;2025-11-23;9;360
28;2025-11-23;10;405
28;2025-11-23;11;444
28;2025-11-23;12;459
28;2025-11-23;13;559
28;2025-11-23;14;530
28;2025-11-23;15;525
28;2025-11-23;16;470
28;2025-11-23;17;508
28;2025-11-23;18;436
28;2025-11-23;19;394
28;2025-11-23;20;297
28;2025-11-23;21;238
28;2025-11-23;22;112
28;2025-11-23;23;13
28;2025-11-24;0;3
28;2025-11-24;1;1
28;2025-11-24;2;0
28;2025-11-24;3;0
28;2025-11-24;4;1
28;2025-11-24;5;78
28;2025-11-24;6;251
28;2025-11-24;7;789
28;2025-11-24;8;1291
28;2025-11-24;9;830
28;2025-11-24;10;617
28;2025-11-24;11;564
28;2025-11-24;12;705
28;2025-11-24;13;707
28;2025-11-24;14;668
28;2025-11-24;15;695
28;2025-11-24;16;894
28;2025-11-24;17;1054
28;2025-11-24;18;1022
28;2025-11-24;19;757
28;2025-11-24;20;521
28;2025-11-24;21;323
28;2025-11-24;22;117
28;2025-11-24;23;12
28;2025-11-25;0;3
28;2025-11-25;1;1
28;2025-11-25;2;0
28;2025-11-25;3;0
28;2025-11-25;4;1
28;2025-11-25;5;78
28;2025-11-25;6;251
28;2025-11-25;7;789
28;2025-11-25;8;1291
28;2025-11-25;9;830
28;2025-11-25;10;617
28;2025-11-25;11;564
28;2025-11-25;12;705
28;2025-11-25;13;707
28;2025-11-25;14;668
28;2025-11-25;15;695
28;2025-11-25;16;894
28;2025-11-25;17;1054
28;2025-11-25;18;1022
28;2025-11-25;19;757
28;2025-11-25;20;521
28;2025-11-25;21;323
28;2025-11-25;22;117
28;2025-11-25;23;12
28;2025-11-26;0;3
28;2025-11-26;1;1
28;2025-11-26;2;0
28;2025-11-26;3;0
28;2025-11-26;4;1
28;2025-11-26;5;78
28;2025-11-26;6;251
28;2025-11-26;7;789
28;2025-11-26;8;1291
28;2025-11-26;9;830
28;2025-11-26;10;617
28;2025-11-26;11;564
28;2025-11-26;12;705
28;2025-11-26;13;707
28;2025-11-26;14;668
28;2025-11-26;15;695
28;2025-11-26;16;894
28;2025-11-26;17;1054
28;2025-11-26;18;1022
28;2025-11-26;19;757
28;2025-11-26;20;521
28;2025-11-26;21;323
28;2025-11-26;22;117
28;2025-11-26;23;12
28;2025-11-27;0;3
28;2025-11-27;1;1
28;2025-11-27;2;0
28;2025-11-27;3;0
28;2025-11-27;4;1
28;2025-11-27;5;78
28;2025-11-27;6;251
28;2025-11-27;7;789
28;2025-11-27;8;1291
28;2025-11-27;9;830
28;2025-11-27;10;617
28;2025-11-27;11;564
28;2025-11-27;12;705
28;2025-11-27;13;707
28;2025-11-27;14;668
28;2025-11-27;15;695
28;2025-11-27;16;894
28;2025-11-27;17;1054
28;2025-11-27;18;1022
28;2025-11-27;19;757
28;2025-11-27;20;521
28;2025-11-27;21;323
28;2025-11-27;22;117
28;2025-11-27;23;12
28;2025-11-28;0;2
28;2025-11-28;1;0
28;2025-11-28;2;0
28;2025-11-28;3;0
28;2025-11-28;4;2
28;2025-11-28;5;76
28;2025-11-28;6;280
28;2025-11-28;7;859
28;2025-11-28;8;1320
28;2025-11-28;9;846
28;2025-11-28;10;635
28;2025-11-28;11;607
28;2025-11-28;12;800
28;2025-11-28;13;729
28;2025-11-28;14;716
28;2025-11-28;15;735
28;2025-11-28;16;965
28;2025-11-28;17;1011
28;2025-11-28;18;885
28;2025-11-28;19;659
28;2025-11-28;20;429
28;2025-11-28;21;333
28;2025-11-28;22;129
28;2025-11-28;23;19
28;2025-11-29;0;2
28;2025-11-29;1;0
28;2025-11-29;2;0
28;2025-11-29;3;0
28;2025-11-29;4;1
28;2025-11-29;5;39
28;2025-11-29;6;107
28;2025-11-29;7;235
28;2025-11-29;8;408
28;2025-11-29;9;460
28;2025-11-29;10;502
28;2025-11-29;11;507
28;2025-11-29;12;601
28;2025-11-29;13;606
28;2025-11-29;14;562
28;2025-11-29;15;609
28;2025-11-29;16;613
28;2025-11-29;17;588
28;2025-11-29;18;507
28;2025-11-29;19;384
28;2025-11-29;20;284
28;2025-11-29;21;258
28;2025-11-29;22;103
28;2025-11-29;23;12
28;2025-11-30;0;2
28;2025-11-30;1;0
28;2025-11-30;2;0
28;2025-11-30;3;0
28;2025-11-30;4;0
28;2025-11-30;5;30
28;2025-11-30;6;78
28;2025-11-30;7;168
28;2025-11-30;8;260
28;2025-11-30;9;360
28;2025-11-30;10;405
28;2025-11-30;11;444
28;2025-11-30;12;459
28;2025-11-30;13;559
28;2025-11-30;14;530
28;2025-11-30;15;525
28;2025-11-30;16;470
28;2025-11-30;17;508
28;2025-11-30;18;436
28;2025-11-30;19;394
28;2025-11-30;20;297
28;2025-11-30;21;238
28;2025-11-30;22;112
28;2025-11-30;23;13
28;2025-12-01;0;3
28;2025-12-01;1;1
28;2025-12-01;2;0
28;2025-12-01;3;0
28;2025-12-01;4;1
28;2025-12-01;5;78
28;2025-12-01;6;251
28;2025-12-01;7;789
28;2025-12-01;8;1291
28;2025-12-01;9;830
28;2025-12-01;10;617
28;2025-12-01;11;564
28;2025-12-01;12;705
28;2025-12-01;13;707
28;2025-12-01;14;668
28;2025-12-01;15;695
28;2025-12-01;16;894
28;2025-12-01;17;1054
28;2025-12-01;18;1022
28;2025-12-01;19;757
28;2025-12-01;20;521
28;2025-12-01;21;323
28;2025-12-01;22;117
28;2025-12-01;23;12
28;2025-12-02;0;3
28;2025-12-02;1;1
28;2025-12-02;2;0
28;2025-12-02;3;0
28;2025-12-02;4;1
28;2025-12-02;5;78
28;2025-12-02;6;251
28;2025-12-02;7;789
28;2025-12-02;8;1291
28;2025-12-02;9;830
28;2025-12-02;10;617
28;2025-12-02;11;564
28;2025-12-02;12;705
28;2025-12-02;13;707
28;2025-12-02;14;668
28;2025-12-02;15;695
28;2025-12-02;16;894
28;2025-12-02;17;1054
28;2025-12-02;18;1022
28;2025-12-02;19;757
28;2025-12-02;20;521
28;2025-12-02;21;323
28;2025-12-02;22;117
28;2025-12-02;23;12
28;2025-12-03;0;3
28;2025-12-03;1;1
28;2025-12-03;2;0
28;2025-12-03;3;0
28;2025-12-03;4;1
28;2025-12-03;5;78
28;2025-12-03;6;251
28;2025-12-03;7;789
28;2025-12-03;8;1291
28;2025-12-03;9;830
28;2025-12-03;10;617
28;2025-12-03;11;564
28;2025-12-03;12;705
28;2025-12-03;13;707
28;2025-12-03;14;668
28;2025-12-03;15;695
28;2025-12-03;16;894
28;2025-12-03;17;1054
28;2025-12-03;18;1022
28;2025-12-03;19;757
28;2025-12-03;20;521
28;2025-12-03;21;323
28;2025-12-03;22;117
28;2025-12-03;23;12
28;2025-12-04;0;3
28;2025-12-04;1;1
28;2025-12-04;2;0
28;2025-12-04;3;0
28;2025-12-04;4;1
28;2025-12-04;5;78
28;2025-12-04;6;251
28;2025-12-04;7;789
28;2025-12-04;8;1291
28;2025-12-04;9;830
28;2025-12-04;10;617
28;2025-12-04;11;564
28;2025-12-04;12;705
28;2025-12-04;13;707
28;2025-12-04;14;668
28;2025-12-04;15;695
28;2025-12-04;16;894
28;2025-12-04;17;1054
28;2025-12-04;18;1022
28;2025-12-04;19;757
28;2025-12-04;20;521
28;2025-12-04;21;323
28;2025-12-04;22;117
28;2025-12-04;23;12
28;2025-12-05;0;2
28;2025-12-05;1;0
28;2025-12-05;2;0
28;2025-12-05;3;0
28;2025-12-05;4;2
28;2025-12-05;5;76
28;2025-12-05;6;280
28;2025-12-05;7;859
28;2025-12-05;8;1320
28;2025-12-05;9;846
28;2025-12-05;10;635
28;2025-12-05;11;607
28;2025-12-05;12;800
28;2025-12-05;13;729
28;2025-12-05;14;716
28;2025-12-05;15;735
28;2025-12-05;16;965
28;2025-12-05;17;1011
28;2025-12-05;18;885
28;2025-12-05;19;659
28;2025-12-05;20;429
28;2025-12-05;21;333
28;2025-12-05;22;129
28;2025-12-05;23;19
28;2025-12-06;0;2
28;2025-12-06;1;0
28;2025-12-06;2;0
28;2025-12-06;3;0
28;2025-12-06;4;1
28;2025-12-06;5;39
28;2025-12-06;6;107
28;2025-12-06;7;235
28;2025-12-06;8;408
28;2025-12-06;9;460
28;2025-12-06;10;502
28;2025-12-06;11;507
28;2025-12-06;12;601
28;2025-12-06;13;606
28;2025-12-06;14;562
28;2025-12-06;15;609
28;2025-12-06;16;613
28;2025-12-06;17;588
28;2025-12-06;18;507
28;2025-12-06;19;384
28;2025-12-06;20;284
28;2025-12-06;21;258
28;2025-12-06;22;103
28;2025-12-06;23;12
28;2025-12-07;0;2
28;2025-12-07;1;0
28;2025-12-07;2;0
28;2025-12-07;3;0
28;2025-12-07;4;0
28;2025-12-07;5;30
28;2025-12-07;6;78
28;2025-12-07;7;168
28;2025-12-07;8;260
28;2025-12-07;9;360
28;2025-12-07;10;405
28;2025-12-07;11;444
28;2025-12-07;12;459
28;2025-12-07;13;559
28;2025-12-07;14;530
28;2025-12-07;15;525
28;2025-12-07;16;470
28;2025-12-07;17;508
28;2025-12-07;18;436
28;2025-12-07;19;394
28;2025-12-07;20;297
28;2025-12-07;21;238
28;2025-12-07;22;112
28;2025-12-07;23;13
28;2025-12-08;0;3
28;2025-12-08;1;1
28;2025-12-08;2;0
28;2025-12-08;3;0
28;2025-12-08;4;1
28;2025-12-08;5;78
28;2025-12-08;6;251
28;2025-12-08;7;789
28;2025-12-08;8;1291
28;2025-12-08;9;830
28;2025-12-08;10;617
28;2025-12-08;11;564
28;2025-12-08;12;705
28;2025-12-08;13;707
28;2025-12-08;14;668
28;2025-12-08;15;695
28;2025-12-08;16;894
28;2025-12-08;17;1054
28;2025-12-08;18;1022
28;2025-12-08;19;757
28;2025-12-08;20;521
28;2025-12-08;21;323
28;2025-12-08;22;117
28;2025-12-08;23;12
28;2025-12-09;0;3
28;2025-12-09;1;1
28;2025-12-09;2;0
28;2025-12-09;3;0
28;2025-12-09;4;1
28;2025-12-09;5;78
28;2025-12-09;6;251
28;2025-12-09;7;789
28;2025-12-09;8;1291
28;2025-12-09;9;830
28;2025-12-09;10;617
28;2025-12-09;11;564
28;2025-12-09;12;705
28;2025-12-09;13;707
28;2025-12-09;14;668
28;2025-12-09;15;695
28;2025-12-09;16;894
28;2025-12-09;17;1054
28;2025-12-09;18;1022
28;2025-12-09;19;757
28;2025-12-09;20;521
28;2025-12-09;21;323
28;2025-12-09;22;117
28;2025-12-09;23;12
28;2025-12-10;0;3
28;2025-12-10;1;1
28;2025-12-10;2;0
28;2025-12-10;3;0
28;2025-12-10;4;1
28;2025-12-10;5;78
28;2025-12-10;6;251
28;2025-12-10;7;789
28;2025-12-10;8;1291
28;2025-12-10;9;830
28;2025-12-10;10;617
28;2025-12-10;11;564
28;2025-12-10;12;705
28;2025-12-10;13;707
28;2025-12-10;14;668
28;2025-12-10;15;695
28;2025-12-10;16;894
28;2025-12-10;17;1054
28;2025-12-10;18;1022
28;2025-12-10;19;757
28;2025-12-10;20;521
28;2025-12-10;21;323
28;2025-12-10;22;117
28;2025-12-10;23;12
28;2025-12-11;0;3
28;2025-12-11;1;1
28;2025-12-11;2;0
28;2025-12-11;3;0
28;2025-12-11;4;1
28;2025-12-11;5;78
28;2025-12-11;6;251
28;2025-12-11;7;789
28;2025-12-11;8;1291
28;2025-12-11;9;830
28;2025-12-11;10;617
28;2025-12-11;11;564
28;2025-12-11;12;705
28;2025-12-11;13;707
28;2025-12-11;14;668
28;2025-12-11;15;695
28;2025-12-11;16;894
28;2025-12-11;17;1054
28;2025-12-11;18;1022
28;2025-12-11;19;757
28;2025-12-11;20;521
28;2025-12-11;21;323
28;2025-12-11;22;117
28;2025-12-11;23;12
28;2025-12-12;0;2
28;2025-12-12;1;0
28;2025-12-12;2;0
28;2025-12-12;3;0
28;2025-12-12;4;2
28;2025-12-12;5;76
28;2025-12-12;6;280
28;2025-12-12;7;859
28;2025-12-12;8;1320
28;2025-12-12;9;846
28;2025-12-12;10;635
28;2025-12-12;11;607
28;2025-12-12;12;800
28;2025-12-12;13;729
28;2025-12-12;14;716
28;2025-12-12;15;735
28;2025-12-12;16;965
28;2025-12-12;17;1011
28;2025-12-12;18;885
28;2025-12-12;19;659
28;2025-12-12;20;429
28;2025-12-12;21;333
28;2025-12-12;22;129
28;2025-12-12;23;19
28;2025-12-13;0;2
28;2025-12-13;1;0
28;2025-12-13;2;0
28;2025-12-13;3;0
28;2025-12-13;4;1
28;2025-12-13;5;39
28;2025-12-13;6;107
28;2025-12-13;7;235
28;2025-12-13;8;408
28;2025-12-13;9;460
28;2025-12-13;10;502
28;2025-12-13;11;507
28;2025-12-13;12;601
28;2025-12-13;13;606
28;2025-12-13;14;562
28;2025-12-13;15;609
28;2025-12-13;16;613
28;2025-12-13;17;588
28;2025-12-13;18;507
28;2025-12-13;19;384
28;2025-12-13;20;284
28;2025-12-13;21;258
28;2025-12-13;22;103
28;2025-12-13;23;12
28;2025-12-14;0;2
28;2025-12-14;1;0
28;2025-12-14;2;0
28;2025-12-14;3;0
28;2025-12-14;4;0
28;2025-12-14;5;30
28;2025-12-14;6;78
28;2025-12-14;7;168
28;2025-12-14;8;260
28;2025-12-14;9;360
28;2025-12-14;10;405
28;2025-12-14;11;444
28;2025-12-14;12;459
28;2025-12-14;13;559
28;2025-12-14;14;530
28;2025-12-14;15;525
28;2025-12-14;16;470
28;2025-12-14;17;508
28;2025-12-14;18;436
28;2025-12-14;19;394
28;2025-12-14;20;297
28;2025-12-14;21;238
28;2025-12-14;22;112
28;2025-12-14;23;13
28;2025-12-15;0;3
28;2025-12-15;1;1
28;2025-12-15;2;0
28;2025-12-15;3;0
28;2025-12-15;4;1
28;2025-12-15;5;78
28;2025-12-15;6;251
28;2025-12-15;7;789
28;2025-12-15;8;1291
28;2025-12-15;9;830
28;2025-12-15;10;617
28;2025-12-15;11;564
28;2025-12-15;12;705
28;2025-12-15;13;707
28;2025-12-15;14;668
28;2025-12-15;15;695
28;2025-12-15;16;894
28;2025-12-15;17;1054
28;2025-12-15;18;1022
28;2025-12-15;19;757
28;2025-12-15;20;521
28;2025-12-15;21;323
28;2025-12-15;22;117
28;2025-12-15;23;12
28;2025-12-16;0;3
28;2025-12-16;1;1
28;2025-12-16;2;0
28;2025-12-16;3;0
28;2025-12-16;4;1
28;2025-12-16;5;78
28;2025-12-16;6;251
28;2025-12-16;7;789
28;2025-12-16;8;1291
28;2025-12-16;9;830
28;2025-12-16;10;617
28;2025-12-16;11;564
28;2025-12-16;12;705
28;2025-12-16;13;707
28;2025-12-16;14;668
28;2025-12-16;15;695
28;2025-12-16;16;894
28;2025-12-16;17;1054
28;2025-12-16;18;1022
28;2025-12-16;19;757
28;2025-12-16;20;521
28;2025-12-16;21;323
28;2025-12-16;22;117
28;2025-12-16;23;12
28;2025-12-17;0;3
28;2025-12-17;1;1
28;2025-12-17;2;0
28;2025-12-17;3;0
28;2025-12-17;4;1
28;2025-12-17;5;78
28;2025-12-17;6;251
28;2025-12-17;7;789
28;2025-12-17;8;1291
28;2025-12-17;9;830
28;2025-12-17;10;617
28;2025-12-17;11;564
28;2025-12-17;12;705
28;2025-12-17;13;707
28;2025-12-17;14;668
28;2025-12-17;15;695
28;2025-12-17;16;894
28;2025-12-17;17;1054
28;2025-12-17;18;1022
28;2025-12-17;19;757
28;2025-12-17;20;521
28;2025-12-17;21;323
28;2025-12-17;22;117
28;2025-12-17;23;12
28;2025-12-18;0;3
28;2025-12-18;1;1
28;2025-12-18;2;0
28;2025-12-18;3;0
28;2025-12-18;4;1
28;2025-12-18;5;78
28;2025-12-18;6;251
28;2025-12-18;7;789
28;2025-12-18;8;1291
28;2025-12-18;9;830
28;2025-12-18;10;617
28;2025-12-18;11;564
28;2025-12-18;12;705
28;2025-12-18;13;707
28;2025-12-18;14;668
28;2025-12-18;15;695
28;2025-12-18;16;894
28;2025-12-18;17;1054
28;2025-12-18;18;1022
28;2025-12-18;19;757
28;2025-12-18;20;521
28;2025-12-18;21;323
28;2025-12-18;22;117
28;2025-12-18;23;12
28;2025-12-19;0;2
28;2025-12-19;1;0
28;2025-12-19;2;0
28;2025-12-19;3;0
28;2025-12-19;4;2
28;2025-12-19;5;76
28;2025-12-19;6;280
28;2025-12-19;7;859
28;2025-12-19;8;1320
28;2025-12-19;9;846
28;2025-12-19;10;635
28;2025-12-19;11;607
28;2025-12-19;12;800
28;2025-12-19;13;729
28;2025-12-19;14;716
28;2025-12-19;15;735
28;2025-12-19;16;965
28;2025-12-19;17;1011
28;2025-12-19;18;885
28;2025-12-19;19;659
28;2025-12-19;20;429
28;2025-12-19;21;333
28;2025-12-19;22;129
28;2025-12-19;23;19
28;2025-12-20;0;2
28;2025-12-20;1;0
28;2025-12-20;2;0
28;2025-12-20;3;0
28;2025-12-20;4;1
28;2025-12-20;5;39
28;2025-12-20;6;107
28;2025-12-20;7;235
28;2025-12-20;8;408
28;2025-12-20;9;460
28;2025-12-20;10;502
28;2025-12-20;11;507
28;2025-12-20;12;601
28;2025-12-20;13;606
28;2025-12-20;14;562
28;2025-12-20;15;609
28;2025-12-20;16;613
28;2025-12-20;17;588
28;2025-12-20;18;507
28;2025-12-20;19;384
28;2025-12-20;20;284
28;2025-12-20;21;258
28;2025-12-20;22;103
28;2025-12-20;23;12
28;2025-12-21;0;2
28;2025-12-21;1;0
28;2025-12-21;2;0
28;2025-12-21;3;0
28;2025-12-21;4;0
28;2025-12-21;5;30
28;2025-12-21;6;78
28;2025-12-21;7;168
28;2025-12-21;8;260
28;2025-12-21;9;360
28;2025-12-21;10;405
28;2025-12-21;11;444
28;2025-12-21;12;459
28;2025-12-21;13;559
28;2025-12-21;14;530
28;2025-12-21;15;525
28;2025-12-21;16;470
28;2025-12-21;17;508
28;2025-12-21;18;436
28;2025-12-21;19;394
28;2025-12-21;20;297
28;2025-12-21;21;238
28;2025-12-21;22;112
28;2025-12-21;23;13
28;2025-12-22;0;3
28;2025-12-22;1;1
28;2025-12-22;2;0
28;2025-12-22;3;0
28;2025-12-22;4;1
28;2025-12-22;5;78
28;2025-12-22;6;251
28;2025-12-22;7;789
28;2025-12-22;8;1291
28;2025-12-22;9;830
28;2025-12-22;10;617
28;2025-12-22;11;564
28;2025-12-22;12;705
28;2025-12-22;13;707
28;2025-12-22;14;668
28;2025-12-22;15;695
28;2025-12-22;16;894
28;2025-12-22;17;1054
28;2025-12-22;18;1022
28;2025-12-22;19;757
28;2025-12-22;20;521
28;2025-12-22;21;323
28;2025-12-22;22;117
28;2025-12-22;23;12
28;2025-12-23;0;3
28;2025-12-23;1;1
28;2025-12-23;2;0
28;2025-12-23;3;0
28;2025-12-23;4;1
28;2025-12-23;5;78
28;2025-12-23;6;251
28;2025-12-23;7;789
28;2025-12-23;8;1291
28;2025-12-23;9;830
28;2025-12-23;10;617
28;2025-12-23;11;564
28;2025-12-23;12;705
28;2025-12-23;13;707
28;2025-12-23;14;668
28;2025-12-23;15;695
28;2025-12-23;16;894
28;2025-12-23;17;1054
28;2025-12-23;18;1022
28;2025-12-23;19;757
28;2025-12-23;20;521
28;2025-12-23;21;323
28;2025-12-23;22;117
28;2025-12-23;23;12
28;2025-12-24;0;3
28;2025-12-24;1;1
28;2025-12-24;2;0
28;2025-12-24;3;0
28;2025-12-24;4;1
28;2025-12-24;5;78
28;2025-12-24;6;251
28;2025-12-24;7;789
28;2025-12-24;8;1291
28;2025-12-24;9;830
28;2025-12-24;10;617
28;2025-12-24;11;564
28;2025-12-24;12;705
28;2025-12-24;13;707
28;2025-12-24;14;668
28;2025-12-24;15;695
28;2025-12-24;16;894
28;2025-12-24;17;1054
28;2025-12-24;18;1022
28;2025-12-24;19;757
28;2025-12-24;20;521
28;2025-12-24;21;323
28;2025-12-24;22;117
28;2025-12-24;23;12
28;2025-12-25;0;3
28;2025-12-25;1;1
28;2025-12-25;2;0
28;2025-12-25;3;0
28;2025-12-25;4;1
28;2025-12-25;5;78
28;2025-12-25;6;251
28;2025-12-25;7;789
28;2025-12-25;8;1291
28;2025-12-25;9;830
28;2025-12-25;10;617
28;2025-12-25;11;564
28;2025-12-25;12;705
28;2025-12-25;13;707
28;2025-12-25;14;668
28;2025-12-25;15;695
28;2025-12-25;16;894
28;2025-12-25;17;1054
28;2025-12-25;18;1022
28;2025-12-25;19;757
28;2025-12-25;20;521
28;2025-12-25;21;323
28;2025-12-25;22;117
28;2025-12-25;23;12
28;2025-12-26;0;2
28;2025-12-26;1;0
28;2025-12-26;2;0
28;2025-12-26;3;0
28;2025-12-26;4;2
28;2025-12-26;5;76
28;2025-12-26;6;280
28;2025-12-26;7;859
28;2025-12-26;8;1320
28;2025-12-26;9;846
28;2025-12-26;10;635
28;2025-12-26;11;607
28;2025-12-26;12;800
28;2025-12-26;13;729
28;2025-12-26;14;716
28;2025-12-26;15;735
28;2025-12-26;16;965
28;2025-12-26;17;1011
28;2025-12-26;18;885
28;2025-12-26;19;659
28;2025-12-26;20;429
28;2025-12-26;21;333
28;2025-12-26;22;129
28;2025-12-26;23;19
28;2025-12-27;0;2
28;2025-12-27;1;0
28;2025-12-27;2;0
28;2025-12-27;3;0
28;2025-12-27;4;1
28;2025-12-27;5;39
28;2025-12-27;6;107
28;2025-12-27;7;235
28;2025-12-27;8;408
28;2025-12-27;9;460
28;2025-12-27;10;502
28;2025-12-27;11;507
28;2025-12-27;12;601
28;2025-12-27;13;606
28;2025-12-27;14;562
28;2025-12-27;15;609
28;2025-12-27;16;613
28;2025-12-27;17;588
28;2025-12-27;18;507
28;2025-12-27;19;384
28;2025-12-27;20;284
28;2025-12-27;21;258
28;2025-12-27;22;103
28;2025-12-27;23;12
28;2025-12-28;0;2
28;2025-12-28;1;0
28;2025-12-28;2;0
28;2025-12-28;3;0
28;2025-12-28;4;0
28;2025-12-28;5;30
28;2025-12-28;6;78
28;2025-12-28;7;168
28;2025-12-28;8;260
28;2025-12-28;9;360
28;2025-12-28;10;405
28;2025-12-28;11;444
28;2025-12-28;12;459
28;2025-12-28;13;559
28;2025-12-28;14;530
28;2025-12-28;15;525
28;2025-12-28;16;470
28;2025-12-28;17;508
28;2025-12-28;18;436
28;2025-12-28;19;394
28;2025-12-28;20;297
28;2025-12-28;21;238
28;2025-12-28;22;112
28;2025-12-28;23;13
28;2025-12-29;0;2
28;2025-12-29;1;1
28;2025-12-29;2;0
28;2025-12-29;3;0
28;2025-12-29;4;1
28;2025-12-29;5;68
28;2025-12-29;6;221
28;2025-12-29;7;694
28;2025-12-29;8;1136
28;2025-12-29;9;731
28;2025-12-29;10;543
28;2025-12-29;11;496
28;2025-12-29;12;620
28;2025-12-29;13;622
28;2025-12-29;14;588
28;2025-12-29;15;612
28;2025-12-29;16;787
28;2025-12-29;17;927
28;2025-12-29;18;899
28;2025-12-29;19;666
28;2025-12-29;20;459
28;2025-12-29;21;284
28;2025-12-29;22;103
28;2025-12-29;23;10
28;2025-12-30;0;2
28;2025-12-30;1;1
28;2025-12-30;2;0
28;2025-12-30;3;0
28;2025-12-30;4;1
28;2025-12-30;5;68
28;2025-12-30;6;221
28;2025-12-30;7;694
28;2025-12-30;8;1136
28;2025-12-30;9;731
28;2025-12-30;10;543
28;2025-12-30;11;496
28;2025-12-30;12;620
28;2025-12-30;13;622
28;2025-12-30;14;588
28;2025-12-30;15;612
28;2025-12-30;16;787
28;2025-12-30;17;927
28;2025-12-30;18;899
28;2025-12-30;19;666
28;2025-12-30;20;459
28;2025-12-30;21;284
28;2025-12-30;22;103
28;2025-12-30;23;10
28;2025-12-31;0;1
28;2025-12-31;1;0
28;2025-12-31;2;0
28;2025-12-31;3;0
28;2025-12-31;4;1
28;2025-12-31;5;31
28;2025-12-31;6;85
28;2025-12-31;7;188
28;2025-12-31;8;327
28;2025-12-31;9;368
28;2025-12-31;10;401
28;2025-12-31;11;406
28;2025-12-31;12;481
28;2025-12-31;13;485
28;2025-12-31;14;450
28;2025-12-31;15;487
28;2025-12-31;16;490
28;2025-12-31;17;470
28;2025-12-31;18;406
28;2025-12-31;19;307
28;2025-12-31;20;0
28;2025-12-31;21;0
28;2025-12-31;22;0
28;2025-12-31;23;0
50;2025-11-01;0;55
50;2025-11-01;1;6
50;2025-11-01;2;0
50;2025-11-01;3;0
50;2025-11-01;4;3
50;2025-11-01;5;53
50;2025-11-01;6;394
50;2025-11-01;7;1357
50;2025-11-01;8;2146
50;2025-11-01;9;1672
50;2025-11-01;10;1163
50;2025-11-01;11;1169
50;2025-11-01;12;1087
50;2025-11-01;13;1177
50;2025-11-01;14;1122
50;2025-11-01;15;1339
50;2025-11-01;16;1754
50;2025-11-01;17;1662
50;2025-11-01;18;1236
50;2025-11-01;19;918
50;2025-11-01;20;663
50;2025-11-01;21;421
50;2025-11-01;22;208
50;2025-11-01;23;126
50;2025-11-02;0;4
50;2025-11-02;1;0
50;2025-11-02;2;0
50;2025-11-02;3;0
50;2025-11-02;4;0
50;2025-11-02;5;1
50;2025-11-02;6;6
50;2025-11-02;7;10
50;2025-11-02;8;21
50;2025-11-02;9;16
50;2025-11-02;10;43
50;2025-11-02;11;143
50;2025-11-02;12;110
50;2025-11-02;13;135
50;2025-11-02;14;226
50;2025-11-02;15;184
50;2025-11-02;16;217
50;2025-11-02;17;194
50;2025-11-02;18;115
50;2025-11-02;19;125
50;2025-11-02;20;91
50;2025-11-02;21;58
50;2025-11-02;22;68
50;2025-11-02;23;19
50;2025-11-03;0;4
50;2025-11-03;1;0
50;2025-11-03;2;0
50;2025-11-03;3;0
50;2025-11-03;4;0
50;2025-11-03;5;1
50;2025-11-03;6;6
50;2025-11-03;7;10
50;2025-11-03;8;21
50;2025-11-03;9;16
50;2025-11-03;10;43
50;2025-11-03;11;143
50;2025-11-03;12;110
50;2025-11-03;13;135
50;2025-11-03;14;226
50;2025-11-03;15;184
50;2025-11-03;16;217
50;2025-11-03;17;194
50;2025-11-03;18;115
50;2025-11-03;19;125
50;2025-11-03;20;91
50;2025-11-03;21;58
50;2025-11-03;22;68
50;2025-11-03;23;19
50;2025-11-04;0;4
50;2025-11-04;1;0
50;2025-11-04;2;0
50;2025-11-04;3;0
50;2025-11-04;4;0
50;2025-11-04;5;1
50;2025-11-04;6;6
50;2025-11-04;7;10
50;2025-11-04;8;21
50;2025-11-04;9;16
50;2025-11-04;10;43
50;2025-11-04;11;143
50;2025-11-04;12;110
50;2025-11-04;13;135
50;2025-11-04;14;226
50;2025-11-04;15;184
50;2025-11-04;16;217
50;2025-11-04;17;194
50;2025-11-04;18;115
50;2025-11-04;19;125
50;2025-11-04;20;91
50;2025-11-04;21;58
50;2025-11-04;22;68
50;2025-11-04;23;19
50;2025-11-05;0;25
50;2025-11-05;1;3
50;2025-11-05;2;1
50;2025-11-05;3;0
50;2025-11-05;4;4
50;2025-11-05;5;76
50;2025-11-05;6;532
50;2025-11-05;7;1729
50;2025-11-05;8;2854
50;2025-11-05;9;2254
50;2025-11-05;10;1749
50;2025-11-05;11;1541
50;2025-11-05;12;1457
50;2025-11-05;13;1534
50;2025-11-05;14;1458
50;2025-11-05;15;1686
50;2025-11-05;16;1702
50;2025-11-05;17;2454
50;2025-11-05;18;2524
50;2025-11-05;19;1434
50;2025-11-05;20;959
50;2025-11-05;21;654
50;2025-11-05;22;250
50;2025-11-05;23;146
50;2025-11-06;0;25
50;2025-11-06;1;3
50;2025-11-06;2;1
50;2025-11-06;3;0
50;2025-11-06;4;4
50;2025-11-06;5;76
50;2025-11-06;6;532
50;2025-11-06;7;1729
50;2025-11-06;8;2854
50;2025-11-06;9;2254
50;2025-11-06;10;1749
50;2025-11-06;11;1541
50;2025-11-06;12;1457
50;2025-11-06;13;1534
50;2025-11-06;14;1458
50;2025-11-06;15;1686
50;2025-11-06;16;1702
50;2025-11-06;17;2454
50;2025-11-06;18;2524
50;2025-11-06;19;1434
50;2025-11-06;20;959
50;2025-11-06;21;654
50;2025-11-06;22;250
50;2025-11-06;23;146
50;2025-11-07;0;35
50;2025-11-07;1;1
50;2025-11-07;2;0
50;2025-11-07;3;0
50;2025-11-07;4;4
50;2025-11-07;5;67
50;2025-11-07;6;493
50;2025-11-07;7;1696
50;2025-11-07;8;2682
50;2025-11-07;9;2090
50;2025-11-07;10;1453
50;2025-11-07;11;1461
50;2025-11-07;12;1358
50;2025-11-07;13;1471
50;2025-11-07;14;1402
50;2025-11-07;15;1673
50;2025-11-07;16;2193
50;2025-11-07;17;2078
50;2025-11-07;18;1545
50;2025-11-07;19;1147
50;2025-11-07;20;829
50;2025-11-07;21;526
50;2025-11-07;22;261
50;2025-11-07;23;157
50;2025-11-08;0;69
50;2025-11-08;1;8
50;2025-11-08;2;0
50;2025-11-08;3;3
50;2025-11-08;4;0
50;2025-11-08;5;11
50;2025-11-08;6;14
50;2025-11-08;7;22
50;2025-11-08;8;45
50;2025-11-08;9;88
50;2025-11-08;10;32
50;2025-11-08;11;55
50;2025-11-08;12;100
50;2025-11-08;13;66
50;2025-11-08;14;81
50;2025-11-08;15;118
50;2025-11-08;16;76
50;2025-11-08;17;74
50;2025-11-08;18;18
50;2025-11-08;19;17
50;2025-11-08;20;11
50;2025-11-08;21;12
50;2025-11-08;22;12
50;2025-11-08;23;3
50;2025-11-09;0;4
50;2025-11-09;1;0
50;2025-11-09;2;0
50;2025-11-09;3;0
50;2025-11-09;4;0
50;2025-11-09;5;1
50;2025-11-09;6;6
50;2025-11-09;7;10
50;2025-11-09;8;21
50;2025-11-09;9;16
50;2025-11-09;10;43
50;2025-11-09;11;143
50;2025-11-09;12;110
50;2025-11-09;13;135
50;2025-11-09;14;226
50;2025-11-09;15;184
50;2025-11-09;16;217
50;2025-11-09;17;194
50;2025-11-09;18;115
50;2025-11-09;19;125
50;2025-11-09;20;91
50;2025-11-09;21;58
50;2025-11-09;22;68
50;2025-11-09;23;19
50;2025-11-10;0;25
50;2025-11-10;1;3
50;2025-11-10;2;1
50;2025-11-10;3;0
50;2025-11-10;4;4
50;2025-11-10;5;76
50;2025-11-10;6;532
50;2025-11-10;7;1729
50;2025-11-10;8;2854
50;2025-11-10;9;2254
50;2025-11-10;10;1749
50;2025-11-10;11;1541
50;2025-11-10;12;1457
50;2025-11-10;13;1534
50;2025-11-10;14;1458
50;2025-11-10;15;1686
50;2025-11-10;16;1702
50;2025-11-10;17;2454
50;2025-11-10;18;2524
50;2025-11-10;19;1434
50;2025-11-10;20;959
50;2025-11-10;21;654
50;2025-11-10;22;250
50;2025-11-10;23;146
50;2025-11-11;0;25
50;2025-11-11;1;3
50;2025-11-11;2;1
50;2025-11-11;3;0
50;2025-11-11;4;4
50;2025-11-11;5;76
50;2025-11-11;6;532
50;2025-11-11;7;1729
50;2025-11-11;8;2854
50;2025-11-11;9;2254
50;2025-11-11;10;1749
50;2025-11-11;11;1541
50;2025-11-11;12;1457
50;2025-11-11;13;1534
50;2025-11-11;14;1458
50;2025-11-11;15;1686
50;2025-11-11;16;1702
50;2025-11-11;17;2454
50;2025-11-11;18;2524
50;2025-11-11;19;1434
50;2025-11-11;20;959
50;2025-11-11;21;654
50;2025-11-11;22;250
50;2025-11-11;23;146
50;2025-11-12;0;25
50;2025-11-12;1;3
50;2025-11-12;2;1
50;2025-11-12;3;0
50;2025-11-12;4;4
50;2025-11-12;5;76
50;2025-11-12;6;532
50;2025-11-12;7;1729
50;2025-11-12;8;2854
50;2025-11-12;9;2254
50;2025-11-12;10;1749
50;2025-11-12;11;1541
50;2025-11-12;12;1457
50;2025-11-12;13;1534
50;2025-11-12;14;1458
50;2025-11-12;15;1686
50;2025-11-12;16;1702
50;2025-11-12;17;2454
50;2025-11-12;18;2524
50;2025-11-12;19;1434
50;2025-11-12;20;959
50;2025-11-12;21;654
50;2025-11-12;22;250
50;2025-11-12;23;146
50;2025-11-13;0;25
50;2025-11-13;1;3
50;2025-11-13;2;1
50;2025-11-13;3;0
50;2025-11-13;4;4
50;2025-11-13;5;76
50;2025-11-13;6;532
50;2025-11-13;7;1729
50;2025-11-13;8;2854
50;2025-11-13;9;2254
50;2025-11-13;10;1749
50;2025-11-13;11;1541
50;2025-11-13;12;1457
50;2025-11-13;13;1534
50;2025-11-13;14;1458
50;2025-11-13;15;1686
50;2025-11-13;16;1702
50;2025-11-13;17;2454
50;2025-11-13;18;2524
50;2025-11-13;19;1434
50;2025-11-13;20;959
50;2025-11-13;21;654
50;2025-11-13;22;250
50;2025-11-13;23;146
50;2025-11-14;0;35
50;2025-11-14;1;1
50;2025-11-14;2;0
50;2025-11-14;3;0
50;2025-11-14;4;4
50;2025-11-14;5;67
50;2025-11-14;6;493
50;2025-11-14;7;1696
50;2025-11-14;8;2682
50;2025-11-14;9;2090
50;2025-11-14;10;1453
50;2025-11-14;11;1461
50;2025-11-14;12;1358
50;2025-11-14;13;1471
50;2025-11-14;14;1402
50;2025-11-14;15;1673
50;2025-11-14;16;2193
50;2025-11-14;17;2078
50;2025-11-14;18;1545
50;2025-11-14;19;1147
50;2025-11-14;20;829
50;2025-11-14;21;526
50;2025-11-14;22;261
50;2025-11-14;23;157
50;2025-11-15;0;69
50;2025-11-15;1;8
50;2025-11-15;2;0
50;2025-11-15;3;3
50;2025-11-15;4;0
50;2025-11-15;5;11
50;2025-11-15;6;14
50;2025-11-15;7;22
50;2025-11-15;8;45
50;2025-11-15;9;88
50;2025-11-15;10;32
50;2025-11-15;11;55
50;2025-11-15;12;100
50;2025-11-15;13;66
50;2025-11-15;14;81
50;2025-11-15;15;118
50;2025-11-15;16;76
50;2025-11-15;17;74
50;2025-11-15;18;18
50;2025-11-15;19;17
50;2025-11-15;20;11
50;2025-11-15;21;12
50;2025-11-15;22;12
50;2025-11-15;23;3
50;2025-11-16;0;4
50;2025-11-16;1;0
50;2025-11-16;2;0
50;2025-11-16;3;0
50;2025-11-16;4;0
50;2025-11-16;5;1
50;2025-11-16;6;6
50;2025-11-16;7;10
50;2025-11-16;8;21
50;2025-11-16;9;16
50;2025-11-16;10;43
50;2025-11-16;11;143
50;2025-11-16;12;110
50;2025-11-16;13;135
50;2025-11-16;14;226
50;2025-11-16;15;184
50;2025-11-16;16;217
50;2025-11-16;17;194
50;2025-11-16;18;115
50;2025-11-16;19;125
50;2025-11-16;20;91
50;2025-11-16;21;58
50;2025-11-16;22;68
50;2025-11-16;23;19
50;2025-11-17;0;25
50;2025-11-17;1;3
50;2025-11-17;2;1
50;2025-11-17;3;0
50;2025-11-17;4;4
50;2025-11-17;5;76
50;2025-11-17;6;532
50;2025-11-17;7;1729
50;2025-11-17;8;2854
50;2025-11-17;9;2254
50;2025-11-17;10;1749
50;2025-11-17;11;1541
50;2025-11-17;12;1457
50;2025-11-17;13;1534
50;2025-11-17;14;1458
50;2025-11-17;15;1686
50;2025-11-17;16;1702
50;2025-11-17;17;2454
50;2025-11-17;18;2524
50;2025-11-17;19;1434
50;2025-11-17;20;959
50;2025-11-17;21;654
50;2025-11-17;22;250
50;2025-11-17;23;146
50;2025-11-18;0;25
50;2025-11-18;1;3
50;2025-11-18;2;1
50;2025-11-18;3;0
50;2025-11-18;4;4
50;2025-11-18;5;76
50;2025-11-18;6;532
50;2025-11-18;7;1729
50;2025-11-18;8;2854
50;2025-11-18;9;2254
50;2025-11-18;10;1749
50;2025-11-18;11;1541
50;2025-11-18;12;1457
50;2025-11-18;13;1534
50;2025-11-18;14;1458
50;2025-11-18;15;1686
50;2025-11-18;16;1702
50;2025-11-18;17;2454
50;2025-11-18;18;2524
50;2025-11-18;19;1434
50;2025-11-18;20;959
50;2025-11-18;21;654
50;2025-11-18;22;250
50;2025-11-18;23;146
50;2025-11-19;0;25
50;2025-11-19;1;3
50;2025-11-19;2;1
50;2025-11-19;3;0
50;2025-11-19;4;4
50;2025-11-19;5;76
50;2025-11-19;6;532
50;2025-11-19;7;1729
50;2025-11-19;8;2854
50;2025-11-19;9;2254
50;2025-11-19;10;1749
50;2025-11-19;11;1541
50;2025-11-19;12;1457
50;2025-11-19;13;1534
50;2025-11-19;14;1458
50;2025-11-19;15;1686
50;2025-11-19;16;1702
50;2025-11-19;17;2454
50;2025-11-19;18;2524
50;2025-11-19;19;1434
50;2025-11-19;20;959
50;2025-11-19;21;654
50;2025-11-19;22;250
50;2025-11-19;23;146
50;2025-11-20;0;25
50;2025-11-20;1;3
50;2025-11-20;2;1
50;2025-11-20;3;0
50;2025-11-20;4;4
50;2025-11-20;5;76
50;2025-11-20;6;532
50;2025-11-20;7;1729
50;2025-11-20;8;2854
50;2025-11-20;9;2254
50;2025-11-20;10;1749
50;2025-11-20;11;1541
50;2025-11-20;12;1457
50;2025-11-20;13;1534
50;2025-11-20;14;1458
50;2025-11-20;15;1686
50;2025-11-20;16;1702
50;2025-11-20;17;2454
50;2025-11-20;18;2524
50;2025-11-20;19;1434
50;2025-11-20;20;959
50;2025-11-20;21;654
50;2025-11-20;22;250
50;2025-11-20;23;146
50;2025-11-21;0;35
50;2025-11-21;1;1
50;2025-11-21;2;0
50;2025-11-21;3;0
50;2025-11-21;4;4
50;2025-11-21;5;67
50;2025-11-21;6;493
50;2025-11-21;7;1696
50;2025-11-21;8;2682
50;2025-11-21;9;2090
50;2025-11-21;10;1453
50;2025-11-21;11;1461
50;2025-11-21;12;1358
50;2025-11-21;13;1471
50;2025-11-21;14;1402
50;2025-11-21;15;1673
50;2025-11-21;16;2193
50;2025-11-21;17;2078
50;2025-11-21;18;1545
50;2025-11-21;19;1147
50;2025-11-21;20;829
50;2025-11-21;21;526
50;2025-11-21;22;261
50;2025-11-21;23;157
50;2025-11-22;0;69
50;2025-11-22;1;8
50;2025-11-22;2;0
50;2025-11-22;3;3
50;2025-11-22;4;0
50;2025-11-22;5;11
50;2025-11-22;6;14
50;2025-11-22;7;22
50;2025-11-22;8;45
50;2025-11-22;9;88
50;2025-11-22;10;32
50;2025-11-22;11;55
50;2025-11-22;12;100
50;2025-11-22;13;66
50;2025-11-22;14;81
50;2025-11-22;15;118
50;2025-11-22;16;76
50;2025-11-22;17;74
50;2025-11-22;18;18
50;2025-11-22;19;17
50;2025-11-22;20;11
50;2025-11-22;21;12
50;2025-11-22;22;12
50;2025-11-22;23;3
50;2025-11-23;0;4
50;2025-11-23;1;0
50;2025-11-23;2;0
50;2025-11-23;3;0
50;2025-11-23;4;0
50;2025-11-23;5;1
50;2025-11-23;6;6
50;2025-11-23;7;10
50;2025-11-23;8;21
50;2025-11-23;9;16
50;2025-11-23;10;43
50;2025-11-23;11;143
50;2025-11-23;12;110
50;2025-11-23;13;135
50;2025-11-23;14;226
50;2025-11-23;15;184
50;2025-11-23;16;217
50;2025-11-23;17;194
50;2025-11-23;18;115
50;2025-11-23;19;125
50;2025-11-23;20;91
50;2025-11-23;21;58
50;2025-11-23;22;68
50;2025-11-23;23;19
50;2025-11-24;0;25
50;2025-11-24;1;3
50;2025-11-24;2;1
50;2025-11-24;3;0
50;2025-11-24;4;4
50;2025-11-24;5;76
50;2025-11-24;6;532
50;2025-11-24;7;1729
50;2025-11-24;8;2854
50;2025-11-24;9;2254
50;2025-11-24;10;1749
50;2025-11-24;11;1541
50;2025-11-24;12;1457
50;2025-11-24;13;1534
50;2025-11-24;14;1458
50;2025-11-24;15;1686
50;2025-11-24;16;1702
50;2025-11-24;17;2454
50;2025-11-24;18;2524
50;2025-11-24;19;1434
50;2025-11-24;20;959
50;2025-11-24;21;654
50;2025-11-24;22;250
50;2025-11-24;23;146
50;2025-11-25;0;25
50;2025-11-25;1;3
50;2025-11-25;2;1
50;2025-11-25;3;0
50;2025-11-25;4;4
50;2025-11-25;5;76
50;2025-11-25;6;532
50;2025-11-25;7;1729
50;2025-11-25;8;2854
50;2025-11-25;9;2254
50;2025-11-25;10;1749
50;2025-11-25;11;1541
50;2025-11-25;12;1457
50;2025-11-25;13;1534
50;2025-11-25;14;1458
50;2025-11-25;15;1686
50;2025-11-25;16;1702
50;2025-11-25;17;2454
50;2025-11-25;18;2524
50;2025-11-25;19;1434
50;2025-11-25;20;959
50;2025-11-25;21;654
50;2025-11-25;22;250
50;2025-11-25;23;146
50;2025-11-26;0;25
50;2025-11-26;1;3
50;2025-11-26;2;1
50;2025-11-26;3;0
50;2025-11-26;4;4
50;2025-11-26;5;76
50;2025-11-26;6;532
50;2025-11-26;7;1729
50;2025-11-26;8;2854
50;2025-11-26;9;2254
50;2025-11-26;10;1749
50;2025-11-26;11;1541
50;2025-11-26;12;1457
50;2025-11-26;13;1534
50;2025-11-26;14;1458
50;2025-11-26;15;1686
50;2025-11-26;16;1702
50;2025-11-26;17;2454
50;2025-11-26;18;2524
50;2025-11-26;19;1434
50;2025-11-26;20;959
50;2025-11-26;21;654
50;2025-11-26;22;250
50;2025-11-26;23;146
50;2025-11-27;0;25
50;2025-11-27;1;3
50;2025-11-27;2;1
50;2025-11-27;3;0
50;2025-11-27;4;4
50;2025-11-27;5;76
50;2025-11-27;6;532
50;2025-11-27;7;1729
50;2025-11-27;8;2854
50;2025-11-27;9;2254
50;2025-11-27;10;1749
50;2025-11-27;11;1541
50;2025-11-27;12;1457
50;2025-11-27;13;1534
50;2025-11-27;14;1458
50;2025-11-27;15;1686
50;2025-11-27;16;1702
50;2025-11-27;17;2454
50;2025-11-27;18;2524
50;2025-11-27;19;1434
50;2025-11-27;20;959
50;2025-11-27;21;654
50;2025-11-27;22;250
50;2025-11-27;23;146
50;2025-11-28;0;35
50;2025-11-28;1;1
50;2025-11-28;2;0
50;2025-11-28;3;0
50;2025-11-28;4;4
50;2025-11-28;5;67
50;2025-11-28;6;493
50;2025-11-28;7;1696
50;2025-11-28;8;2682
50;2025-11-28;9;2090
50;2025-11-28;10;1453
50;2025-11-28;11;1461
50;2025-11-28;12;1358
50;2025-11-28;13;1471
50;2025-11-28;14;1402
50;2025-11-28;15;1673
50;2025-11-28;16;2193
50;2025-11-28;17;2078
50;2025-11-28;18;1545
50;2025-11-28;19;1147
50;2025-11-28;20;829
50;2025-11-28;21;526
50;2025-11-28;22;261
50;2025-11-28;23;157
50;2025-11-29;0;69
50;2025-11-29;1;8
50;2025-11-29;2;0
50;2025-11-29;3;3
50;2025-11-29;4;0
50;2025-11-29;5;11
50;2025-11-29;6;14
50;2025-11-29;7;22
50;2025-11-29;8;45
50;2025-11-29;9;88
50;2025-11-29;10;32
50;2025-11-29;11;55
50;2025-11-29;12;100
50;2025-11-29;13;66
50;2025-11-29;14;81
50;2025-11-29;15;118
50;2025-11-29;16;76
50;2025-11-29;17;74
50;2025-11-29;18;18
50;2025-11-29;19;17
50;2025-11-29;20;11
50;2025-11-29;21;12
50;2025-11-29;22;12
50;2025-11-29;23;3
50;2025-11-30;0;4
50;2025-11-30;1;0
50;2025-11-30;2;0
50;2025-11-30;3;0
50;2025-11-30;4;0
50;2025-11-30;5;1
50;2025-11-30;6;6
50;2025-11-30;7;10
50;2025-11-30;8;21
50;2025-11-30;9;16
50;2025-11-30;10;43
50;2025-11-30;11;143
50;2025-11-30;12;110
50;2025-11-30;13;135
50;2025-11-30;14;226
50;2025-11-30;15;184
50;2025-11-30;16;217
50;2025-11-30;17;194
50;2025-11-30;18;115
50;2025-11-30;19;125
50;2025-11-30;20;91
50;2025-11-30;21;58
50;2025-11-30;22;68
50;2025-11-30;23;19
50;2025-12-01;0;25
50;2025-12-01;1;3
50;2025-12-01;2;1
50;2025-12-01;3;0
50;2025-12-01;4;4
50;2025-12-01;5;76
50;2025-12-01;6;532
50;2025-12-01;7;1729
50;2025-12-01;8;2854
50;2025-12-01;9;2254
50;2025-12-01;10;1749
50;2025-12-01;11;1541
50;2025-12-01;12;1457
50;2025-12-01;13;1534
50;2025-12-01;14;1458
50;2025-12-01;15;1686
50;2025-12-01;16;1702
50;2025-12-01;17;2454
50;2025-12-01;18;2524
50;2025-12-01;19;1434
50;2025-12-01;20;959
50;2025-12-01;21;654
50;2025-12-01;22;250
50;2025-12-01;23;146
50;2025-12-02;0;25
50;2025-12-02;1;3
50;2025-12-02;2;1
50;2025-12-02;3;0
50;2025-12-02;4;4
50;2025-12-02;5;76
50;2025-12-02;6;532
50;2025-12-02;7;1729
50;2025-12-02;8;2854
50;2025-12-02;9;2254
50;2025-12-02;10;1749
50;2025-12-02;11;1541
50;2025-12-02;12;1457
50;2025-12-02;13;1534
50;2025-12-02;14;1458
50;2025-12-02;15;1686
50;2025-12-02;16;1702
50;2025-12-02;17;2454
50;2025-12-02;18;2524
50;2025-12-02;19;1434
50;2025-12-02;20;959
50;2025-12-02;21;654
50;2025-12-02;22;250
50;2025-12-02;23;146
50;2025-12-03;0;25
50;2025-12-03;1;3
50;2025-12-03;2;1
50;2025-12-03;3;0
50;2025-12-03;4;4
50;2025-12-03;5;76
50;2025-12-03;6;532
50;2025-12-03;7;1729
50;2025-12-03;8;2854
50;2025-12-03;9;2254
50;2025-12-03;10;1749
50;2025-12-03;11;1541
50;2025-12-03;12;1457
50;2025-12-03;13;1534
50;2025-12-03;14;1458
50;2025-12-03;15;1686
50;2025-12-03;16;1702
50;2025-12-03;17;2454
50;2025-12-03;18;2524
50;2025-12-03;19;1434
50;2025-12-03;20;959
50;2025-12-03;21;654
50;2025-12-03;22;250
50;2025-12-03;23;146
50;2025-12-04;0;25
50;2025-12-04;1;3
50;2025-12-04;2;1
50;2025-12-04;3;0
50;2025-12-04;4;4
50;2025-12-04;5;76
50;2025-12-04;6;532
50;2025-12-04;7;1729
50;2025-12-04;8;2854
50;2025-12-04;9;2254
50;2025-12-04;10;1749
50;2025-12-04;11;1541
50;2025-12-04;12;1457
50;2025-12-04;13;1534
50;2025-12-04;14;1458
50;2025-12-04;15;1686
50;2025-12-04;16;1702
50;2025-12-04;17;2454
50;2025-12-04;18;2524
50;2025-12-04;19;1434
50;2025-12-04;20;959
50;2025-12-04;21;654
50;2025-12-04;22;250
50;2025-12-04;23;146
50;2025-12-05;0;35
50;2025-12-05;1;1
50;2025-12-05;2;0
50;2025-12-05;3;0
50;2025-12-05;4;4
50;2025-12-05;5;67
50;2025-12-05;6;493
50;2025-12-05;7;1696
50;2025-12-05;8;2682
50;2025-12-05;9;2090
50;2025-12-05;10;1453
50;2025-12-05;11;1461
50;2025-12-05;12;1358
50;2025-12-05;13;1471
50;2025-12-05;14;1402
50;2025-12-05;15;1673
50;2025-12-05;16;2193
50;2025-12-05;17;2078
50;2025-12-05;18;1545
50;2025-12-05;19;1147
50;2025-12-05;20;829
50;2025-12-05;21;526
50;2025-12-05;22;261
50;2025-12-05;23;157
50;2025-12-06;0;69
50;2025-12-06;1;8
50;2025-12-06;2;0
50;2025-12-06;3;3
50;2025-12-06;4;0
50;2025-12-06;5;11
50;2025-12-06;6;14
50;2025-12-06;7;22
50;2025-12-06;8;45
50;2025-12-06;9;88
50;2025-12-06;10;32
50;2025-12-06;11;55
50;2025-12-06;12;100
50;2025-12-06;13;66
50;2025-12-06;14;81
50;2025-12-06;15;118
50;2025-12-06;16;76
50;2025-12-06;17;74
50;2025-12-06;18;18
50;2025-12-06;19;17
50;2025-12-06;20;11
50;2025-12-06;21;12
50;2025-12-06;22;12
50;2025-12-06;23;3
50;2025-12-07;0;4
50;2025-12-07;1;0
50;2025-12-07;2;0
50;2025-12-07;3;0
50;2025-12-07;4;0
50;2025-12-07;5;1
50;2025-12-07;6;6
50;2025-12-07;7;10
50;2025-12-07;8;21
50;2025-12-07;9;16
50;2025-12-07;10;43
50;2025-12-07;11;143
50;2025-12-07;12;110
50;2025-12-07;13;135
50;2025-12-07;14;226
50;2025-12-07;15;184
50;2025-12-07;16;217
50;2025-12-07;17;194
50;2025-12-07;18;115
50;2025-12-07;19;125
50;2025-12-07;20;91
50;2025-12-07;21;58
50;2025-12-07;22;68
50;2025-12-07;23;19
50;2025-12-08;0;25
50;2025-12-08;1;3
50;2025-12-08;2;1
50;2025-12-08;3;0
50;2025-12-08;4;4
50;2025-12-08;5;76
50;2025-12-08;6;532
50;2025-12-08;7;1729
50;2025-12-08;8;2854
50;2025-12-08;9;2254
50;2025-12-08;10;1749
50;2025-12-08;11;1541
50;2025-12-08;12;1457
50;2025-12-08;13;1534
50;2025-12-08;14;1458
50;2025-12-08;15;1686
50;2025-12-08;16;1702
50;2025-12-08;17;2454
50;2025-12-08;18;2524
50;2025-12-08;19;1434
50;2025-12-08;20;959
50;2025-12-08;21;654
50;2025-12-08;22;250
50;2025-12-08;23;146
50;2025-12-09;0;25
50;2025-12-09;1;3
50;2025-12-09;2;1
50;2025-12-09;3;0
50;2025-12-09;4;4
50;2025-12-09;5;76
50;2025-12-09;6;532
50;2025-12-09;7;1729
50;2025-12-09;8;2854
50;2025-12-09;9;2254
50;2025-12-09;10;1749
50;2025-12-09;11;1541
50;2025-12-09;12;1457
50;2025-12-09;13;1534
50;2025-12-09;14;1458
50;2025-12-09;15;1686
50;2025-12-09;16;1702
50;2025-12-09;17;2454
50;2025-12-09;18;2524
50;2025-12-09;19;1434
50;2025-12-09;20;959
50;2025-12-09;21;654
50;2025-12-09;22;250
50;2025-12-09;23;146
50;2025-12-10;0;25
50;2025-12-10;1;3
50;2025-12-10;2;1
50;2025-12-10;3;0
50;2025-12-10;4;4
50;2025-12-10;5;76
50;2025-12-10;6;532
50;2025-12-10;7;1729
50;2025-12-10;8;2854
50;2025-12-10;9;2254
50;2025-12-10;10;1749
50;2025-12-10;11;1541
50;2025-12-10;12;1457
50;2025-12-10;13;1534
50;2025-12-10;14;1458
50;2025-12-10;15;1686
50;2025-12-10;16;1702
50;2025-12-10;17;2454
50;2025-12-10;18;2524
50;2025-12-10;19;1434
50;2025-12-10;20;959
50;2025-12-10;21;654
50;2025-12-10;22;250
50;2025-12-10;23;146
50;2025-12-11;0;25
50;2025-12-11;1;3
50;2025-12-11;2;1
50;2025-12-11;3;0
50;2025-12-11;4;4
50;2025-12-11;5;76
50;2025-12-11;6;532
50;2025-12-11;7;1729
50;2025-12-11;8;2854
50;2025-12-11;9;2254
50;2025-12-11;10;1749
50;2025-12-11;11;1541
50;2025-12-11;12;1457
50;2025-12-11;13;1534
50;2025-12-11;14;1458
50;2025-12-11;15;1686
50;2025-12-11;16;1702
50;2025-12-11;17;2454
50;2025-12-11;18;2524
50;2025-12-11;19;1434
50;2025-12-11;20;959
50;2025-12-11;21;654
50;2025-12-11;22;250
50;2025-12-11;23;146
50;2025-12-12;0;35
50;2025-12-12;1;1
50;2025-12-12;2;0
50;2025-12-12;3;0
50;2025-12-12;4;4
50;2025-12-12;5;67
50;2025-12-12;6;493
50;2025-12-12;7;1696
50;2025-12-12;8;2682
50;2025-12-12;9;2090
50;2025-12-12;10;1453
50;2025-12-12;11;1461
50;2025-12-12;12;1358
50;2025-12-12;13;1471
50;2025-12-12;14;1402
50;2025-12-12;15;1673
50;2025-12-12;16;2193
50;2025-12-12;17;2078
50;2025-12-12;18;1545
50;2025-12-12;19;1147
50;2025-12-12;20;829
50;2025-12-12;21;526
50;2025-12-12;22;261
50;2025-12-12;23;157
50;2025-12-13;0;69
50;2025-12-13;1;8
50;2025-12-13;2;0
50;2025-12-13;3;3
50;2025-12-13;4;0
50;2025-12-13;5;11
50;2025-12-13;6;14
50;2025-12-13;7;22
50;2025-12-13;8;45
50;2025-12-13;9;88
50;2025-12-13;10;32
50;2025-12-13;11;55
50;2025-12-13;12;100
50;2025-12-13;13;66
50;2025-12-13;14;81
50;2025-12-13;15;118
50;2025-12-13;16;76
50;2025-12-13;17;74
50;2025-12-13;18;18
50;2025-12-13;19;17
50;2025-12-13;20;11
50;2025-12-13;21;12
50;2025-12-13;22;12
50;2025-12-13;23;3
50;2025-12-14;0;4
50;2025-12-14;1;0
50;2025-12-14;2;0
50;2025-12-14;3;0
50;2025-12-14;4;0
50;2025-12-14;5;1
50;2025-12-14;6;6
50;2025-12-14;7;10
50;2025-12-14;8;21
50;2025-12-14;9;16
50;2025-12-14;10;43
50;2025-12-14;11;143
50;2025-12-14;12;110
50;2025-12-14;13;135
50;2025-12-14;14;226
50;2025-12-14;15;184
50;2025-12-14;16;217
50;2025-12-14;17;194
50;2025-12-14;18;115
50;2025-12-14;19;125
50;2025-12-14;20;91
50;2025-12-14;21;58
50;2025-12-14;22;68
50;2025-12-14;23;19
50;2025-12-15;0;25
50;2025-12-15;1;3
50;2025-12-15;2;1
50;2025-12-15;3;0
50;2025-12-15;4;4
50;2025-12-15;5;76
50;2025-12-15;6;532
50;2025-12-15;7;1729
50;2025-12-15;8;2854
50;2025-12-15;9;2254
50;2025-12-15;10;1749
50;2025-12-15;11;1541
50;2025-12-15;12;1457
50;2025-12-15;13;1534
50;2025-12-15;14;1458
50;2025-12-15;15;1686
50;2025-12-15;16;1702
50;2025-12-15;17;2454
50;2025-12-15;18;2524
50;2025-12-15;19;1434
50;2025-12-15;20;959
50;2025-12-15;21;654
50;2025-12-15;22;250
50;2025-12-15;23;146
50;2025-12-16;0;25
50;2025-12-16;1;3
50;2025-12-16;2;1
50;2025-12-16;3;0
50;2025-12-16;4;4
50;2025-12-16;5;76
50;2025-12-16;6;532
50;2025-12-16;7;1729
50;2025-12-16;8;2854
50;2025-12-16;9;2254
50;2025-12-16;10;1749
50;2025-12-16;11;1541
50;2025-12-16;12;1457
50;2025-12-16;13;1534
50;2025-12-16;14;1458
50;2025-12-16;15;1686
50;2025-12-16;16;1702
50;2025-12-16;17;2454
50;2025-12-16;18;2524
50;2025-12-16;19;1434
50;2025-12-16;20;959
50;2025-12-16;21;654
50;2025-12-16;22;250
50;2025-12-16;23;146
50;2025-12-17;0;25
50;2025-12-17;1;3
50;2025-12-17;2;1
50;2025-12-17;3;0
50;2025-12-17;4;4
50;2025-12-17;5;76
50;2025-12-17;6;532
50;2025-12-17;7;1729
50;2025-12-17;8;2854
50;2025-12-17;9;2254
50;2025-12-17;10;1749
50;2025-12-17;11;1541
50;2025-12-17;12;1457
50;2025-12-17;13;1534
50;2025-12-17;14;1458
50;2025-12-17;15;1686
50;2025-12-17;16;1702
50;2025-12-17;17;2454
50;2025-12-17;18;2524
50;2025-12-17;19;1434
50;2025-12-17;20;959
50;2025-12-17;21;654
50;2025-12-17;22;250
50;2025-12-17;23;146
50;2025-12-18;0;25
50;2025-12-18;1;3
50;2025-12-18;2;1
50;2025-12-18;3;0
50;2025-12-18;4;4
50;2025-12-18;5;76
50;2025-12-18;6;532
50;2025-12-18;7;1729
50;2025-12-18;8;2854
50;2025-12-18;9;2254
50;2025-12-18;10;1749
50;2025-12-18;11;1541
50;2025-12-18;12;1457
50;2025-12-18;13;1534
50;2025-12-18;14;1458
50;2025-12-18;15;1686
50;2025-12-18;16;1702
50;2025-12-18;17;2454
50;2025-12-18;18;2524
50;2025-12-18;19;1434
50;2025-12-18;20;959
50;2025-12-18;21;654
50;2025-12-18;22;250
50;2025-12-18;23;146
50;2025-12-19;0;35
50;2025-12-19;1;1
50;2025-12-19;2;0
50;2025-12-19;3;0
50;2025-12-19;4;4
50;2025-12-19;5;67
50;2025-12-19;6;493
50;2025-12-19;7;1696
50;2025-12-19;8;2682
50;2025-12-19;9;2090
50;2025-12-19;10;1453
50;2025-12-19;11;1461
50;2025-12-19;12;1358
50;2025-12-19;13;1471
50;2025-12-19;14;1402
50;2025-12-19;15;1673
50;2025-12-19;16;2193
50;2025-12-19;17;2078
50;2025-12-19;18;1545
50;2025-12-19;19;1147
50;2025-12-19;20;829
50;2025-12-19;21;526
50;2025-12-19;22;261
50;2025-12-19;23;157
50;2025-12-20;0;69
50;2025-12-20;1;8
50;2025-12-20;2;0
50;2025-12-20;3;3
50;2025-12-20;4;0
50;2025-12-20;5;11
50;2025-12-20;6;14
50;2025-12-20;7;22
50;2025-12-20;8;45
50;2025-12-20;9;88
50;2025-12-20;10;32
50;2025-12-20;11;55
50;2025-12-20;12;100
50;2025-12-20;13;66
50;2025-12-20;14;81
50;2025-12-20;15;118
50;2025-12-20;16;76
50;2025-12-20;17;74
50;2025-12-20;18;18
50;2025-12-20;19;17
50;2025-12-20;20;11
50;2025-12-20;21;12
50;2025-12-20;22;12
50;2025-12-20;23;3
50;2025-12-21;0;4
50;2025-12-21;1;0
50;2025-12-21;2;0
50;2025-12-21;3;0
50;2025-12-21;4;0
50;2025-12-21;5;1
50;2025-12-21;6;6
50;2025-12-21;7;10
50;2025-12-21;8;21
50;2025-12-21;9;16
50;2025-12-21;10;43
50;2025-12-21;11;143
50;2025-12-21;12;110
50;2025-12-21;13;135
50;2025-12-21;14;226
50;2025-12-21;15;184
50;2025-12-21;16;217
50;2025-12-21;17;194
50;2025-12-21;18;115
50;2025-12-21;19;125
50;2025-12-21;20;91
50;2025-12-21;21;58
50;2025-12-21;22;68
50;2025-12-21;23;19
50;2025-12-22;0;25
50;2025-12-22;1;3
50;2025-12-22;2;1
50;2025-12-22;3;0
50;2025-12-22;4;4
50;2025-12-22;5;76
50;2025-12-22;6;532
50;2025-12-22;7;1729
50;2025-12-22;8;2854
50;2025-12-22;9;2254
50;2025-12-22;10;1749
50;2025-12-22;11;1541
50;2025-12-22;12;1457
50;2025-12-22;13;1534
50;2025-12-22;14;1458
50;2025-12-22;15;1686
50;2025-12-22;16;1702
50;2025-12-22;17;2454
50;2025-12-22;18;2524
50;2025-12-22;19;1434
50;2025-12-22;20;959
50;2025-12-22;21;654
50;2025-12-22;22;250
50;2025-12-22;23;146
50;2025-12-23;0;25
50;2025-12-23;1;3
50;2025-12-23;2;1
50;2025-12-23;3;0
50;2025-12-23;4;4
50;2025-12-23;5;76
50;2025-12-23;6;532
50;2025-12-23;7;1729
50;2025-12-23;8;2854
50;2025-12-23;9;2254
50;2025-12-23;10;1749
50;2025-12-23;11;1541
50;2025-12-23;12;1457
50;2025-12-23;13;1534
50;2025-12-23;14;1458
50;2025-12-23;15;1686
50;2025-12-23;16;1702
50;2025-12-23;17;2454
50;2025-12-23;18;2524
50;2025-12-23;19;1434
50;2025-12-23;20;959
50;2025-12-23;21;654
50;2025-12-23;22;250
50;2025-12-23;23;146
50;2025-12-24;0;25
50;2025-12-24;1;3
50;2025-12-24;2;1
50;2025-12-24;3;0
50;2025-12-24;4;4
50;2025-12-24;5;76
50;2025-12-24;6;532
50;2025-12-24;7;1729
50;2025-12-24;8;2854
50;2025-12-24;9;2254
50;2025-12-24;10;1749
50;2025-12-24;11;1541
50;2025-12-24;12;1457
50;2025-12-24;13;1534
50;2025-12-24;14;1458
50;2025-12-24;15;1686
50;2025-12-24;16;1702
50;2025-12-24;17;2454
50;2025-12-24;18;2524
50;2025-12-24;19;1434
50;2025-12-24;20;959
50;2025-12-24;21;654
50;2025-12-24;22;250
50;2025-12-24;23;146
50;2025-12-25;0;25
50;2025-12-25;1;3
50;2025-12-25;2;1
50;2025-12-25;3;0
50;2025-12-25;4;4
50;2025-12-25;5;76
50;2025-12-25;6;532
50;2025-12-25;7;1729
50;2025-12-25;8;2854
50;2025-12-25;9;2254
50;2025-12-25;10;1749
50;2025-12-25;11;1541
50;2025-12-25;12;1457
50;2025-12-25;13;1534
50;2025-12-25;14;1458
50;2025-12-25;15;1686
50;2025-12-25;16;1702
50;2025-12-25;17;2454
50;2025-12-25;18;2524
50;2025-12-25;19;1434
50;2025-12-25;20;959
50;2025-12-25;21;654
50;2025-12-25;22;250
50;2025-12-25;23;146
50;2025-12-26;0;35
50;2025-12-26;1;1
50;2025-12-26;2;0
50;2025-12-26;3;0
50;2025-12-26;4;4
50;2025-12-26;5;67
50;2025-12-26;6;493
50;2025-12-26;7;1696
50;2025-12-26;8;2682
50;2025-12-26;9;2090
50;2025-12-26;10;1453
50;2025-12-26;11;1461
50;2025-12-26;12;1358
50;2025-12-26;13;1471
50;2025-12-26;14;1402
50;2025-12-26;15;1673
50;2025-12-26;16;2193
50;2025-12-26;17;2078
50;2025-12-26;18;1545
50;2025-12-26;19;1147
50;2025-12-26;20;829
50;2025-12-26;21;526
50;2025-12-26;22;261
50;2025-12-26;23;157
50;2025-12-27;0;69
50;2025-12-27;1;8
50;2025-12-27;2;0
50;2025-12-27;3;3
50;2025-12-27;4;0
50;2025-12-27;5;11
50;2025-12-27;6;14
50;2025-12-27;7;22
50;2025-12-27;8;45
50;2025-12-27;9;88
50;2025-12-27;10;32
50;2025-12-27;11;55
50;2025-12-27;12;100
50;2025-12-27;13;66
50;2025-12-27;14;81
50;2025-12-27;15;118
50;2025-12-27;16;76
50;2025-12-27;17;74
50;2025-12-27;18;18
50;2025-12-27;19;17
50;2025-12-27;20;11
50;2025-12-27;21;12
50;2025-12-27;22;12
50;2025-12-27;23;3
50;2025-12-28;0;4
50;2025-12-28;1;0
50;2025-12-28;2;0
50;2025-12-28;3;0
50;2025-12-28;4;0
50;2025-12-28;5;1
50;2025-12-28;6;6
50;2025-12-28;7;10
50;2025-12-28;8;21
50;2025-12-28;9;16
50;2025-12-28;10;43
50;2025-12-28;11;143
50;2025-12-28;12;110
50;2025-12-28;13;135
50;2025-12-28;14;226
50;2025-12-28;15;184
50;2025-12-28;16;217
50;2025-12-28;17;194
50;2025-12-28;18;115
50;2025-12-28;19;125
50;2025-12-28;20;91
50;2025-12-28;21;58
50;2025-12-28;22;68
50;2025-12-28;23;19
50;2025-12-29;0;22
50;2025-12-29;1;3
50;2025-12-29;2;0
50;2025-12-29;3;0
50;2025-12-29;4;3
50;2025-12-29;5;67
50;2025-12-29;6;468
50;2025-12-29;7;1522
50;2025-12-29;8;2512
50;2025-12-29;9;1984
50;2025-12-29;10;1539
50;2025-12-29;11;1356
50;2025-12-29;12;1282
50;2025-12-29;13;1350
50;2025-12-29;14;1283
50;2025-12-29;15;1484
50;2025-12-29;16;1498
50;2025-12-29;17;2160
50;2025-12-29;18;2221
50;2025-12-29;19;1262
50;2025-12-29;20;844
50;2025-12-29;21;575
50;2025-12-29;22;220
50;2025-12-29;23;128
50;2025-12-30;0;22
50;2025-12-30;1;3
50;2025-12-30;2;0
50;2025-12-30;3;0
50;2025-12-30;4;3
50;2025-12-30;5;67
50;2025-12-30;6;468
50;2025-12-30;7;1522
50;2025-12-30;8;2512
50;2025-12-30;9;1984
50;2025-12-30;10;1539
50;2025-12-30;11;1356
50;2025-12-30;12;1282
50;2025-12-30;13;1350
50;2025-12-30;14;1283
50;2025-12-30;15;1484
50;2025-12-30;16;1498
50;2025-12-30;17;2160
50;2025-12-30;18;2221
50;2025-12-30;19;1262
50;2025-12-30;20;844
50;2025-12-30;21;575
50;2025-12-30;22;220
50;2025-12-30;23;128
50;2025-12-31;0;55
50;2025-12-31;1;7
50;2025-12-31;2;0
50;2025-12-31;3;2
50;2025-12-31;4;0
50;2025-12-31;5;9
50;2025-12-31;6;11
50;2025-12-31;7;18
50;2025-12-31;8;36
50;2025-12-31;9;70
50;2025-12-31;10;26
50;2025-12-31;11;44
50;2025-12-31;12;80
50;2025-12-31;13;53
50;2025-12-31;14;65
50;2025-12-31;15;94
50;2025-12-31;16;60
50;2025-12-31;17;59
50;2025-12-31;18;15
50;2025-12-31;19;13
50;2025-12-31;20;0
50;2025-12-31;21;0
50;2025-12-31;22;0
50;2025-12-31;23;0
