route;date;hour;base;special_mult;weather_mult;rules_mult;prediction;note
1;2025-11-01;0;3.435;0.8;1.0;0.728;2.0;
1;2025-11-01;1;0.0;0.8;1.0;1.0;0.0;
1;2025-11-01;2;0.0;0.8;1.0;1.0;0.0;
1;2025-11-01;3;0.0;0.8;1.0;1.0;0.0;
1;2025-11-01;4;6.625;0.8;1.0;0.943;5.0;
1;2025-11-01;5;135.196;0.8;1.0;0.999;108.0;
1;2025-11-01;6;476.006;0.8;1.0;1.0;381.0;
1;2025-11-01;7;1499.42;0.8;1.0;1.0;1200.0;
1;2025-11-01;8;1820.847;0.8;1.0;1.0;1457.0;
1;2025-11-01;9;1416.732;0.8;1.0;1.0;1133.0;
1;2025-11-01;10;1260.926;0.8;1.0;1.0;1009.0;
1;2025-11-01;11;1345.331;0.8;1.0;1.0;1076.0;
1;2025-11-01;12;1341.406;0.8;1.0;1.0;1073.0;
1;2025-11-01;13;1388.761;0.8;1.0;1.0;1111.0;
1;2025-11-01;14;1304.846;0.8;1.0;1.0;1044.0;
1;2025-11-01;15;1472.185;0.8;1.0;1.0;1178.0;
1;2025-11-01;16;1586.279;0.8;1.0;1.0;1269.0;
1;2025-11-01;17;1812.505;0.8;1.0;1.0;1450.0;
1;2025-11-01;18;1464.824;0.8;1.0;1.0;1172.0;
1;2025-11-01;19;1225.103;0.8;1.0;1.0;980.0;
1;2025-11-01;20;785.411;0.8;1.0;1.0;628.0;
1;2025-11-01;21;477.724;0.8;1.0;1.0;382.0;
1;2025-11-01;22;175.435;0.8;1.0;0.998;140.0;
1;2025-11-01;23;39.504;0.8;1.0;1.013;32.0;
1;2025-11-02;0;0.0;1.0;1.0;1.0;0.0;
1;2025-11-02;1;0.0;1.0;1.0;1.0;0.0;
1;2025-11-02;2;0.0;1.0;1.0;1.0;0.0;
1;2025-11-02;3;0.0;1.0;1.0;1.0;0.0;
1;2025-11-02;4;0.0;1.0;1.0;1.0;0.0;
1;2025-11-02;5;19.692;1.0;1.0;1.016;20.0;
1;2025-11-02;6;110.324;1.0;1.0;0.997;110.0;
1;2025-11-02;7;253.864;1.0;1.0;1.0;254.0;
1;2025-11-02;8;342.361;1.0;1.0;0.999;342.0;
1;2025-11-02;9;593.377;1.0;1.0;0.999;593.0;
1;2025-11-02;10;660.284;1.0;1.0;1.0;660.0;
1;2025-11-02;11;697.533;1.0;1.0;1.001;698.0;
1;2025-11-02;12;803.349;1.0;1.0;1.0;803.0;
1;2025-11-02;13;834.192;1.0;1.0;1.0;834.0;
1;2025-11-02;14;776.776;1.0;1.0;1.0;777.0;
1;2025-11-02;15;693.5;1.0;1.0;0.999;693.0;
1;2025-11-02;16;638.219;1.0;1.0;1.0;638.0;
1;2025-11-02;17;559.687;1.0;1.0;1.001;560.0;
1;2025-11-02;18;484.477;1.0;1.0;0.999;484.0;
1;2025-11-02;19;421.13;1.0;1.0;1.0;421.0;
1;2025-11-02;20;322.431;1.0;1.0;0.999;322.0;
1;2025-11-02;21;264.066;1.0;1.0;1.0;264.0;
1;2025-11-02;22;96.089;1.0;1.0;0.999;96.0;
1;2025-11-02;23;25.149;1.0;1.0;0.994;25.0;
1;2025-11-03;0;0.0;1.0;1.0;1.0;0.0;
1;2025-11-03;1;0.0;1.0;1.0;1.0;0.0;
1;2025-11-03;2;0.0;1.0;1.0;1.0;0.0;
1;2025-11-03;3;0.0;1.0;1.0;1.0;0.0;
1;2025-11-03;4;0.0;1.0;1.0;1.0;0.0;
1;2025-11-03;5;19.692;1.0;1.0;1.016;20.0;
1;2025-11-03;6;110.324;1.0;1.0;0.997;110.0;
1;2025-11-03;7;253.864;1.0;1.0;1.0;254.0;
1;2025-11-03;8;342.361;1.0;1.0;0.999;342.0;
1;2025-11-03;9;593.377;1.0;1.0;0.999;593.0;
1;2025-11-03;10;660.284;1.0;1.0;1.0;660.0;
1;2025-11-03;11;697.533;1.0;1.0;1.001;698.0;
1;2025-11-03;12;803.349;1.0;1.0;1.0;803.0;
1;2025-11-03;13;834.192;1.0;1.0;1.0;834.0;
1;2025-11-03;14;776.776;1.0;1.0;1.0;777.0;
1;2025-11-03;15;693.5;1.0;1.0;0.999;693.0;
1;2025-11-03;16;638.219;1.0;1.0;1.0;638.0;
1;2025-11-03;17;559.687;1.0;1.0;1.001;560.0;
1;2025-11-03;18;484.477;1.0;1.0;0.999;484.0;
1;2025-11-03;19;421.13;1.0;1.0;1.0;421.0;
1;2025-11-03;20;322.431;1.0;1.0;0.999;322.0;
1;2025-11-03;21;264.066;1.0;1.0;1.0;264.0;
1;2025-11-03;22;96.089;1.0;1.0;0.999;96.0;
1;2025-11-03;23;25.149;1.0;1.0;0.994;25.0;
1;2025-11-04;0;0.0;1.0;1.0;1.0;0.0;
1;2025-11-04;1;0.0;1.0;1.0;1.0;0.0;
1;2025-11-04;2;0.0;1.0;1.0;1.0;0.0;
1;2025-11-04;3;0.0;1.0;1.0;1.0;0.0;
1;2025-11-04;4;0.0;1.0;1.0;1.0;0.0;
1;2025-11-04;5;19.692;1.0;1.0;1.016;20.0;
1;2025-11-04;6;110.324;1.0;1.0;0.997;110.0;
1;2025-11-04;7;253.864;1.0;1.0;1.0;254.0;
1;2025-11-04;8;342.361;1.0;1.0;0.999;342.0;
1;2025-11-04;9;593.377;1.0;1.0;0.999;593.0;
1;2025-11-04;10;660.284;1.0;1.0;1.0;660.0;
1;2025-11-04;11;697.533;1.0;1.0;1.001;698.0;
1;2025-11-04;12;803.349;1.0;1.0;1.0;803.0;
1;2025-11-04;13;834.192;1.0;1.0;1.0;834.0;
1;2025-11-04;14;776.776;1.0;1.0;1.0;777.0;
1;2025-11-04;15;693.5;1.0;1.0;0.999;693.0;
1;2025-11-04;16;638.219;1.0;1.0;1.0;638.0;
1;2025-11-04;17;559.687;1.0;1.0;1.001;560.0;
1;2025-11-04;18;484.477;1.0;1.0;0.999;484.0;
1;2025-11-04;19;421.13;1.0;1.0;1.0;421.0;
1;2025-11-04;20;322.431;1.0;1.0;0.999;322.0;
1;2025-11-04;21;264.066;1.0;1.0;1.0;264.0;
1;2025-11-04;22;96.089;1.0;1.0;0.999;96.0;
1;2025-11-04;23;25.149;1.0;1.0;0.994;25.0;
1;2025-11-05;0;4.003;1.0;1.0;0.999;4.0;
1;2025-11-05;1;0.0;1.0;1.0;1.0;0.0;
1;2025-11-05;2;0.0;1.0;1.0;1.0;0.0;
1;2025-11-05;3;0.0;1.0;1.0;1.0;0.0;
1;2025-11-05;4;9.608;1.0;1.0;1.041;10.0;
1;2025-11-05;5;119.487;1.0;1.0;0.996;119.0;
1;2025-11-05;6;494.7;1.0;1.0;1.001;495.0;
1;2025-11-05;7;1471.844;1.0;1.0;1.0;1472.0;
1;2025-11-05;8;1954.78;1.0;1.0;1.0;1955.0;
1;2025-11-05;9;1465.13;1.0;1.0;1.0;1465.0;
1;2025-11-05;10;1328.521;1.0;1.0;1.0;1329.0;
1;2025-11-05;11;1316.511;1.0;1.0;1.0;1317.0;
1;2025-11-05;12;1379.765;1.0;1.0;1.0;1380.0;
1;2025-11-05;13;1437.907;1.0;1.0;1.0;1438.0;
1;2025-11-05;14;1379.088;1.0;1.0;1.0;1379.0;
1;2025-11-05;15;1503.132;1.0;1.0;1.0;1503.0;
1;2025-11-05;16;1521.733;1.0;1.0;1.0;1522.0;
1;2025-11-05;17;1788.422;1.0;1.0;1.0;1788.0;
1;2025-11-05;18;1855.249;1.0;1.0;1.0;1855.0;
1;2025-11-05;19;1359.563;1.0;1.0;1.0;1360.0;
1;2025-11-05;20;882.786;1.0;1.0;1.0;883.0;
1;2025-11-05;21;464.705;1.0;1.0;1.001;465.0;
1;2025-11-05;22;180.893;1.0;1.0;1.001;181.0;
1;2025-11-05;23;39.172;1.0;1.0;0.996;39.0;
1;2025-11-06;0;4.003;1.0;1.0;0.999;4.0;
1;2025-11-06;1;0.0;1.0;1.0;1.0;0.0;
1;2025-11-06;2;0.0;1.0;1.0;1.0;0.0;
1;2025-11-06;3;0.0;1.0;1.0;1.0;0.0;
1;2025-11-06;4;9.608;1.0;1.0;1.041;10.0;
1;2025-11-06;5;119.487;1.0;1.0;0.996;119.0;
1;2025-11-06;6;494.7;1.0;1.0;1.001;495.0;
1;2025-11-06;7;1471.844;1.0;1.0;1.0;1472.0;
1;2025-11-06;8;1954.78;1.0;1.0;1.0;1955.0;
1;2025-11-06;9;1465.13;1.0;1.0;1.0;1465.0;
1;2025-11-06;10;1328.521;1.0;1.0;1.0;1329.0;
1;2025-11-06;11;1316.511;1.0;1.0;1.0;1317.0;
1;2025-11-06;12;1379.765;1.0;1.0;1.0;1380.0;
1;2025-11-06;13;1437.907;1.0;1.0;1.0;1438.0;
1;2025-11-06;14;1379.088;1.0;1.0;1.0;1379.0;
1;2025-11-06;15;1503.132;1.0;1.0;1.0;1503.0;
1;2025-11-06;16;1521.733;1.0;1.0;1.0;1522.0;
1;2025-11-06;17;1788.422;1.0;1.0;1.0;1788.0;
1;2025-11-06;18;1855.249;1.0;1.0;1.0;1855.0;
1;2025-11-06;19;1359.563;1.0;1.0;1.0;1360.0;
1;2025-11-06;20;882.786;1.0;1.0;1.0;883.0;
1;2025-11-06;21;464.705;1.0;1.0;1.001;465.0;
1;2025-11-06;22;180.893;1.0;1.0;1.001;181.0;
1;2025-11-06;23;39.172;1.0;1.0;0.996;39.0;
1;2025-11-07;0;3.435;1.0;1.0;0.873;3.0;
1;2025-11-07;1;0.0;1.0;1.0;1.0;0.0;
1;2025-11-07;2;0.0;1.0;1.0;1.0;0.0;
1;2025-11-07;3;0.0;1.0;1.0;1.0;0.0;
1;2025-11-07;4;6.625;1.0;1.0;1.057;7.0;
1;2025-11-07;5;135.196;1.0;1.0;0.999;135.0;
1;2025-11-07;6;476.006;1.0;1.0;1.0;476.0;
1;2025-11-07;7;1499.42;1.0;1.0;1.0;1499.0;
1;2025-11-07;8;1820.847;1.0;1.0;1.0;1821.0;
1;2025-11-07;9;1416.732;1.0;1.0;1.0;1417.0;
1;2025-11-07;10;1260.926;1.0;1.0;1.0;1261.0;
1;2025-11-07;11;1345.331;1.0;1.0;1.0;1345.0;
1;2025-11-07;12;1341.406;1.0;1.0;1.0;1341.0;
1;2025-11-07;13;1388.761;1.0;1.0;1.0;1389.0;
1;2025-11-07;14;1304.846;1.0;1.0;1.0;1305.0;
1;2025-11-07;15;1472.185;1.0;1.0;1.0;1472.0;
1;2025-11-07;16;1586.279;1.0;1.0;1.0;1586.0;
1;2025-11-07;17;1812.505;1.0;1.0;1.0;1813.0;
1;2025-11-07;18;1464.824;1.0;1.0;1.0;1465.0;
1;2025-11-07;19;1225.103;1.0;1.0;1.0;1225.0;
1;2025-11-07;20;785.411;1.0;1.0;1.0;785.0;
1;2025-11-07;21;477.724;1.0;1.0;1.001;478.0;
1;2025-11-07;22;175.435;1.0;1.0;0.998;175.0;
1;2025-11-07;23;39.504;1.0;1.0;1.013;40.0;
1;2025-11-08;0;4.244;1.0;1.0;0.942;4.0;
1;2025-11-08;1;0.0;1.0;1.0;1.0;0.0;
1;2025-11-08;2;0.0;1.0;1.0;1.0;0.0;
1;2025-11-08;3;0.0;1.0;1.0;1.0;0.0;
1;2025-11-08;4;0.531;1.0;1.0;1.885;1.0;
1;2025-11-08;5;33.157;1.0;1.0;0.995;33.0;
1;2025-11-08;6;162.868;1.0;1.0;1.001;163.0;
1;2025-11-08;7;377.992;1.0;1.0;1.0;378.0;
1;2025-11-08;8;523.353;1.0;1.0;0.999;523.0;
1;2025-11-08;9;806.648;1.0;1.0;1.0;807.0;
1;2025-11-08;10;988.88;1.0;1.0;1.0;989.0;
1;2025-11-08;11;969.782;1.0;1.0;1.0;970.0;
1;2025-11-08;12;1170.317;1.0;1.0;1.0;1170.0;
1;2025-11-08;13;1223.103;1.0;1.0;1.0;1223.0;
1;2025-11-08;14;1135.303;1.0;1.0;1.0;1135.0;
1;2025-11-08;15;984.901;1.0;1.0;1.0;985.0;
1;2025-11-08;16;838.214;1.0;1.0;1.0;838.0;
1;2025-11-08;17;786.489;1.0;1.0;0.999;786.0;
1;2025-11-08;18;689.139;1.0;1.0;1.0;689.0;
1;2025-11-08;19;593.647;1.0;1.0;1.001;594.0;
1;2025-11-08;20;455.978;1.0;1.0;1.0;456.0;
1;2025-11-08;21;320.166;1.0;1.0;1.0;320.0;
1;2025-11-08;22;126.528;1.0;1.0;1.004;127.0;
1;2025-11-08;23;26.261;1.0;1.0;0.99;26.0;
1;2025-11-09;0;0.0;1.0;1.0;1.0;0.0;
1;2025-11-09;1;0.0;1.0;1.0;1.0;0.0;
1;2025-11-09;2;0.0;1.0;1.0;1.0;0.0;
1;2025-11-09;3;0.0;1.0;1.0;1.0;0.0;
1;2025-11-09;4;0.0;1.0;1.0;1.0;0.0;
1;2025-11-09;5;19.692;1.0;1.0;1.016;20.0;
1;2025-11-09;6;110.324;1.0;1.0;0.997;110.0;
1;2025-11-09;7;253.864;1.0;1.0;1.0;254.0;
1;2025-11-09;8;342.361;1.0;1.0;0.999;342.0;
1;2025-11-09;9;593.377;1.0;1.0;0.999;593.0;
1;2025-11-09;10;660.284;1.0;1.0;1.0;660.0;
1;2025-11-09;11;697.533;1.0;1.0;1.001;698.0;
1;2025-11-09;12;803.349;1.0;1.0;1.0;803.0;
1;2025-11-09;13;834.192;1.0;1.0;1.0;834.0;
1;2025-11-09;14;776.776;1.0;1.0;1.0;777.0;
1;2025-11-09;15;693.5;1.0;1.0;0.999;693.0;
1;2025-11-09;16;638.219;1.0;1.0;1.0;638.0;
1;2025-11-09;17;559.687;1.0;1.0;1.001;560.0;
1;2025-11-09;18;484.477;1.0;1.0;0.999;484.0;
1;2025-11-09;19;421.13;1.0;1.0;1.0;421.0;
1;2025-11-09;20;322.431;1.0;1.0;0.999;322.0;
1;2025-11-09;21;264.066;1.0;1.0;1.0;264.0;
1;2025-11-09;22;96.089;1.0;1.0;0.999;96.0;
1;2025-11-09;23;25.149;1.0;1.0;0.994;25.0;
1;2025-11-10;0;4.003;1.0;1.0;0.999;4.0;
1;2025-11-10;1;0.0;1.0;1.0;1.0;0.0;
1;2025-11-10;2;0.0;1.0;1.0;1.0;0.0;
1;2025-11-10;3;0.0;1.0;1.0;1.0;0.0;
1;2025-11-10;4;9.608;1.0;1.0;1.041;10.0;
1;2025-11-10;5;119.487;1.0;1.0;0.996;119.0;
1;2025-11-10;6;494.7;1.0;1.0;1.001;495.0;
1;2025-11-10;7;1471.844;1.0;1.0;1.0;1472.0;
1;2025-11-10;8;1954.78;1.0;1.0;1.0;1955.0;
1;2025-11-10;9;1465.13;1.0;1.0;1.0;1465.0;
1;2025-11-10;10;1328.521;1.0;1.0;1.0;1329.0;
1;2025-11-10;11;1316.511;1.0;1.0;1.0;1317.0;
1;2025-11-10;12;1379.765;1.0;1.0;1.0;1380.0;
1;2025-11-10;13;1437.907;1.0;1.0;1.0;1438.0;
1;2025-11-10;14;1379.088;1.0;1.0;1.0;1379.0;
1;2025-11-10;15;1503.132;1.0;1.0;1.0;1503.0;
1;2025-11-10;16;1521.733;1.0;1.0;1.0;1522.0;
1;2025-11-10;17;1788.422;1.0;1.0;1.0;1788.0;
1;2025-11-10;18;1855.249;1.0;1.0;1.0;1855.0;
1;2025-11-10;19;1359.563;1.0;1.0;1.0;1360.0;
1;2025-11-10;20;882.786;1.0;1.0;1.0;883.0;
1;2025-11-10;21;464.705;1.0;1.0;1.001;465.0;
1;2025-11-10;22;180.893;1.0;1.0;1.001;181.0;
1;2025-11-10;23;39.172;1.0;1.0;0.996;39.0;
1;2025-11-11;0;4.003;1.0;1.0;0.999;4.0;
1;2025-11-11;1;0.0;1.0;1.0;1.0;0.0;
1;2025-11-11;2;0.0;1.0;1.0;1.0;0.0;
1;2025-11-11;3;0.0;1.0;1.0;1.0;0.0;
1;2025-11-11;4;9.608;1.0;1.0;1.041;10.0;
1;2025-11-11;5;119.487;1.0;1.0;0.996;119.0;
1;2025-11-11;6;494.7;1.0;1.0;1.001;495.0;
1;2025-11-11;7;1471.844;1.0;1.0;1.0;1472.0;
1;2025-11-11;8;1954.78;1.0;1.0;1.0;1955.0;
1;2025-11-11;9;1465.13;1.0;1.0;1.0;1465.0;
1;2025-11-11;10;1328.521;1.0;1.0;1.0;1329.0;
1;2025-11-11;11;1316.511;1.0;1.0;1.0;1317.0;
1;2025-11-11;12;1379.765;1.0;1.0;1.0;1380.0;
1;2025-11-11;13;1437.907;1.0;1.0;1.0;1438.0;
1;2025-11-11;14;1379.088;1.0;1.0;1.0;1379.0;
1;2025-11-11;15;1503.132;1.0;1.0;1.0;1503.0;
1;2025-11-11;16;1521.733;1.0;1.0;1.0;1522.0;
1;2025-11-11;17;1788.422;1.0;1.0;1.0;1788.0;
1;2025-11-11;18;1855.249;1.0;1.0;1.0;1855.0;
1;2025-11-11;19;1359.563;1.0;1.0;1.0;1360.0;
1;2025-11-11;20;882.786;1.0;1.0;1.0;883.0;
1;2025-11-11;21;464.705;1.0;1.0;1.001;465.0;
1;2025-11-11;22;180.893;1.0;1.0;1.001;181.0;
1;2025-11-11;23;39.172;1.0;1.0;0.996;39.0;
1;2025-11-12;0;4.003;1.0;1.0;0.999;4.0;
1;2025-11-12;1;0.0;1.0;1.0;1.0;0.0;
1;2025-11-12;2;0.0;1.0;1.0;1.0;0.0;
1;2025-11-12;3;0.0;1.0;1.0;1.0;0.0;
1;2025-11-12;4;9.608;1.0;1.0;1.041;10.0;
1;2025-11-12;5;119.487;1.0;1.0;0.996;119.0;
1;2025-11-12;6;494.7;1.0;1.0;1.001;495.0;
1;2025-11-12;7;1471.844;1.0;1.0;1.0;1472.0;
1;2025-11-12;8;1954.78;1.0;1.0;1.0;1955.0;
1;2025-11-12;9;1465.13;1.0;1.0;1.0;1465.0;
1;2025-11-12;10;1328.521;1.0;1.0;1.0;1329.0;
1;2025-11-12;11;1316.511;1.0;1.0;1.0;1317.0;
1;2025-11-12;12;1379.765;1.0;1.0;1.0;1380.0;
1;2025-11-12;13;1437.907;1.0;1.0;1.0;1438.0;
1;2025-11-12;14;1379.088;1.0;1.0;1.0;1379.0;
1;2025-11-12;15;1503.132;1.0;1.0;1.0;1503.0;
1;2025-11-12;16;1521.733;1.0;1.0;1.0;1522.0;
1;2025-11-12;17;1788.422;1.0;1.0;1.0;1788.0;
1;2025-11-12;18;1855.249;1.0;1.0;1.0;1855.0;
1;2025-11-12;19;1359.563;1.0;1.0;1.0;1360.0;
1;2025-11-12;20;882.786;1.0;1.0;1.0;883.0;
1;2025-11-12;21;464.705;1.0;1.0;1.001;465.0;
1;2025-11-12;22;180.893;1.0;1.0;1.001;181.0;
1;2025-11-12;23;39.172;1.0;1.0;0.996;39.0;
1;2025-11-13;0;4.003;1.0;1.0;0.999;4.0;
1;2025-11-13;1;0.0;1.0;1.0;1.0;0.0;
1;2025-11-13;2;0.0;1.0;1.0;1.0;0.0;
1;2025-11-13;3;0.0;1.0;1.0;1.0;0.0;
1;2025-11-13;4;9.608;1.0;1.0;1.041;10.0;
1;2025-11-13;5;119.487;1.0;1.0;0.996;119.0;
1;2025-11-13;6;494.7;1.0;1.0;1.001;495.0;
1;2025-11-13;7;1471.844;1.0;1.0;1.0;1472.0;
1;2025-11-13;8;1954.78;1.0;1.0;1.0;1955.0;
1;2025-11-13;9;1465.13;1.0;1.0;1.0;1465.0;
1;2025-11-13;10;1328.521;1.0;1.0;1.0;1329.0;
1;2025-11-13;11;1316.511;1.0;1.0;1.0;1317.0;
1;2025-11-13;12;1379.765;1.0;1.0;1.0;1380.0;
1;2025-11-13;13;1437.907;1.0;1.0;1.0;1438.0;
1;2025-11-13;14;1379.088;1.0;1.0;1.0;1379.0;
1;2025-11-13;15;1503.132;1.0;1.0;1.0;1503.0;
1;2025-11-13;16;1521.733;1.0;1.0;1.0;1522.0;
1;2025-11-13;17;1788.422;1.0;1.0;1.0;1788.0;
1;2025-11-13;18;1855.249;1.0;1.0;1.0;1855.0;
1;2025-11-13;19;1359.563;1.0;1.0;1.0;1360.0;
1;2025-11-13;20;882.786;1.0;1.0;1.0;883.0;
1;2025-11-13;21;464.705;1.0;1.0;1.001;465.0;
1;2025-11-13;22;180.893;1.0;1.0;1.001;181.0;
1;2025-11-13;23;39.172;1.0;1.0;0.996;39.0;
1;2025-11-14;0;3.435;1.0;1.0;0.873;3.0;
1;2025-11-14;1;0.0;1.0;1.0;1.0;0.0;
1;2025-11-14;2;0.0;1.0;1.0;1.0;0.0;
1;2025-11-14;3;0.0;1.0;1.0;1.0;0.0;
1;2025-11-14;4;6.625;1.0;1.0;1.057;7.0;
1;2025-11-14;5;135.196;1.0;1.0;0.999;135.0;
1;2025-11-14;6;476.006;1.0;1.0;1.0;476.0;
1;2025-11-14;7;1499.42;1.0;1.0;1.0;1499.0;
1;2025-11-14;8;1820.847;1.0;1.0;1.0;1821.0;
1;2025-11-14;9;1416.732;1.0;1.0;1.0;1417.0;
1;2025-11-14;10;1260.926;1.0;1.0;1.0;1261.0;
1;2025-11-14;11;1345.331;1.0;1.0;1.0;1345.0;
1;2025-11-14;12;1341.406;1.0;1.0;1.0;1341.0;
1;2025-11-14;13;1388.761;1.0;1.0;1.0;1389.0;
1;2025-11-14;14;1304.846;1.0;1.0;1.0;1305.0;
1;2025-11-14;15;1472.185;1.0;1.0;1.0;1472.0;
1;2025-11-14;16;1586.279;1.0;1.0;1.0;1586.0;
1;2025-11-14;17;1812.505;1.0;1.0;1.0;1813.0;
1;2025-11-14;18;1464.824;1.0;1.0;1.0;1465.0;
1;2025-11-14;19;1225.103;1.0;1.0;1.0;1225.0;
1;2025-11-14;20;785.411;1.0;1.0;1.0;785.0;
1;2025-11-14;21;477.724;1.0;1.0;1.001;478.0;
1;2025-11-14;22;175.435;1.0;1.0;0.998;175.0;
1;2025-11-14;23;39.504;1.0;1.0;1.013;40.0;
1;2025-11-15;0;4.244;1.0;1.0;0.942;4.0;
1;2025-11-15;1;0.0;1.0;1.0;1.0;0.0;
1;2025-11-15;2;0.0;1.0;1.0;1.0;0.0;
1;2025-11-15;3;0.0;1.0;1.0;1.0;0.0;
1;2025-11-15;4;0.531;1.0;1.0;1.885;1.0;
1;2025-11-15;5;33.157;1.0;1.0;0.995;33.0;
1;2025-11-15;6;162.868;1.0;1.0;1.001;163.0;
1;2025-11-15;7;377.992;1.0;1.0;1.0;378.0;
1;2025-11-15;8;523.353;1.0;1.0;0.999;523.0;
1;2025-11-15;9;806.648;1.0;1.0;1.0;807.0;
1;2025-11-15;10;988.88;1.0;1.0;1.0;989.0;
1;2025-11-15;11;969.782;1.0;1.0;1.0;970.0;
1;2025-11-15;12;1170.317;1.0;1.0;1.0;1170.0;
1;2025-11-15;13;1223.103;1.0;1.0;1.0;1223.0;
1;2025-11-15;14;1135.303;1.0;1.0;1.0;1135.0;
1;2025-11-15;15;984.901;1.0;1.0;1.0;985.0;
1;2025-11-15;16;838.214;1.0;1.0;1.0;838.0;
1;2025-11-15;17;786.489;1.0;1.0;0.999;786.0;
1;2025-11-15;18;689.139;1.0;1.0;1.0;689.0;
1;2025-11-15;19;593.647;1.0;1.0;1.001;594.0;
1;2025-11-15;20;455.978;1.0;1.0;1.0;456.0;
1;2025-11-15;21;320.166;1.0;1.0;1.0;320.0;
1;2025-11-15;22;126.528;1.0;1.0;1.004;127.0;
1;2025-11-15;23;26.261;1.0;1.0;0.99;26.0;
1;2025-11-16;0;0.0;1.0;1.0;1.0;0.0;
1;2025-11-16;1;0.0;1.0;1.0;1.0;0.0;
1;2025-11-16;2;0.0;1.0;1.0;1.0;0.0;
1;2025-11-16;3;0.0;1.0;1.0;1.0;0.0;
1;2025-11-16;4;0.0;1.0;1.0;1.0;0.0;
1;2025-11-16;5;19.692;1.0;1.0;1.016;20.0;
1;2025-11-16;6;110.324;1.0;1.0;0.997;110.0;
1;2025-11-16;7;253.864;1.0;1.0;1.0;254.0;
1;2025-11-16;8;342.361;1.0;1.0;0.999;342.0;
1;2025-11-16;9;593.377;1.0;1.0;0.999;593.0;
1;2025-11-16;10;660.284;1.0;1.0;1.0;660.0;
1;2025-11-16;11;697.533;1.0;1.0;1.001;698.0;
1;2025-11-16;12;803.349;1.0;1.0;1.0;803.0;
1;2025-11-16;13;834.192;1.0;1.0;1.0;834.0;
1;2025-11-16;14;776.776;1.0;1.0;1.0;777.0;
1;2025-11-16;15;693.5;1.0;1.0;0.999;693.0;
1;2025-11-16;16;638.219;1.0;1.0;1.0;638.0;
1;2025-11-16;17;559.687;1.0;1.0;1.001;560.0;
1;2025-11-16;18;484.477;1.0;1.0;0.999;484.0;
1;2025-11-16;19;421.13;1.0;1.0;1.0;421.0;
1;2025-11-16;20;322.431;1.0;1.0;0.999;322.0;
1;2025-11-16;21;264.066;1.0;1.0;1.0;264.0;
1;2025-11-16;22;96.089;1.0;1.0;0.999;96.0;
1;2025-11-16;23;25.149;1.0;1.0;0.994;25.0;
1;2025-11-17;0;4.003;1.0;1.0;0.999;4.0;
1;2025-11-17;1;0.0;1.0;1.0;1.0;0.0;
1;2025-11-17;2;0.0;1.0;1.0;1.0;0.0;
1;2025-11-17;3;0.0;1.0;1.0;1.0;0.0;
1;2025-11-17;4;9.608;1.0;1.0;1.041;10.0;
1;2025-11-17;5;119.487;1.0;1.0;0.996;119.0;
1;2025-11-17;6;494.7;1.0;1.0;1.001;495.0;
1;2025-11-17;7;1471.844;1.0;1.0;1.0;1472.0;
1;2025-11-17;8;1954.78;1.0;1.0;1.0;1955.0;
1;2025-11-17;9;1465.13;1.0;1.0;1.0;1465.0;
1;2025-11-17;10;1328.521;1.0;1.0;1.0;1329.0;
1;2025-11-17;11;1316.511;1.0;1.0;1.0;1317.0;
1;2025-11-17;12;1379.765;1.0;1.0;1.0;1380.0;
1;2025-11-17;13;1437.907;1.0;1.0;1.0;1438.0;
1;2025-11-17;14;1379.088;1.0;1.0;1.0;1379.0;
1;2025-11-17;15;1503.132;1.0;1.0;1.0;1503.0;
1;2025-11-17;16;1521.733;1.0;1.0;1.0;1522.0;
1;2025-11-17;17;1788.422;1.0;1.0;1.0;1788.0;
1;2025-11-17;18;1855.249;1.0;1.0;1.0;1855.0;
1;2025-11-17;19;1359.563;1.0;1.0;1.0;1360.0;
1;2025-11-17;20;882.786;1.0;1.0;1.0;883.0;
1;2025-11-17;21;464.705;1.0;1.0;1.001;465.0;
1;2025-11-17;22;180.893;1.0;1.0;1.001;181.0;
1;2025-11-17;23;39.172;1.0;1.0;0.996;39.0;
1;2025-11-18;0;4.003;1.0;1.0;0.999;4.0;
1;2025-11-18;1;0.0;1.0;1.0;1.0;0.0;
1;2025-11-18;2;0.0;1.0;1.0;1.0;0.0;
1;2025-11-18;3;0.0;1.0;1.0;1.0;0.0;
1;2025-11-18;4;9.608;1.0;1.0;1.041;10.0;
1;2025-11-18;5;119.487;1.0;1.0;0.996;119.0;
1;2025-11-18;6;494.7;1.0;1.0;1.001;495.0;
1;2025-11-18;7;1471.844;1.0;1.0;1.0;1472.0;
1;2025-11-18;8;1954.78;1.0;1.0;1.0;1955.0;
1;2025-11-18;9;1465.13;1.0;1.0;1.0;1465.0;
1;2025-11-18;10;1328.521;1.0;1.0;1.0;1329.0;
1;2025-11-18;11;1316.511;1.0;1.0;1.0;1317.0;
1;2025-11-18;12;1379.765;1.0;1.0;1.0;1380.0;
1;2025-11-18;13;1437.907;1.0;1.0;1.0;1438.0;
1;2025-11-18;14;1379.088;1.0;1.0;1.0;1379.0;
1;2025-11-18;15;1503.132;1.0;1.0;1.0;1503.0;
1;2025-11-18;16;1521.733;1.0;1.0;1.0;1522.0;
1;2025-11-18;17;1788.422;1.0;1.0;1.0;1788.0;
1;2025-11-18;18;1855.249;1.0;1.0;1.0;1855.0;
1;2025-11-18;19;1359.563;1.0;1.0;1.0;1360.0;
1;2025-11-18;20;882.786;1.0;1.0;1.0;883.0;
1;2025-11-18;21;464.705;1.0;1.0;1.001;465.0;
1;2025-11-18;22;180.893;1.0;1.0;1.001;181.0;
1;2025-11-18;23;39.172;1.0;1.0;0.996;39.0;
1;2025-11-19;0;4.003;1.0;1.0;0.999;4.0;
1;2025-11-19;1;0.0;1.0;1.0;1.0;0.0;
1;2025-11-19;2;0.0;1.0;1.0;1.0;0.0;
1;2025-11-19;3;0.0;1.0;1.0;1.0;0.0;
1;2025-11-19;4;9.608;1.0;1.0;1.041;10.0;
1;2025-11-19;5;119.487;1.0;1.0;0.996;119.0;
1;2025-11-19;6;494.7;1.0;1.0;1.001;495.0;
1;2025-11-19;7;1471.844;1.0;1.0;1.0;1472.0;
1;2025-11-19;8;1954.78;1.0;1.0;1.0;1955.0;
1;2025-11-19;9;1465.13;1.0;1.0;1.0;1465.0;
1;2025-11-19;10;1328.521;1.0;1.0;1.0;1329.0;
1;2025-11-19;11;1316.511;1.0;1.0;1.0;1317.0;
1;2025-11-19;12;1379.765;1.0;1.0;1.0;1380.0;
1;2025-11-19;13;1437.907;1.0;1.0;1.0;1438.0;
1;2025-11-19;14;1379.088;1.0;1.0;1.0;1379.0;
1;2025-11-19;15;1503.132;1.0;1.0;1.0;1503.0;
1;2025-11-19;16;1521.733;1.0;1.0;1.0;1522.0;
1;2025-11-19;17;1788.422;1.0;1.0;1.0;1788.0;
1;2025-11-19;18;1855.249;1.0;1.0;1.0;1855.0;
1;2025-11-19;19;1359.563;1.0;1.0;1.0;1360.0;
1;2025-11-19;20;882.786;1.0;1.0;1.0;883.0;
1;2025-11-19;21;464.705;1.0;1.0;1.001;465.0;
1;2025-11-19;22;180.893;1.0;1.0;1.001;181.0;
1;2025-11-19;23;39.172;1.0;1.0;0.996;39.0;
1;2025-11-20;0;4.003;1.0;1.0;0.999;4.0;
1;2025-11-20;1;0.0;1.0;1.0;1.0;0.0;
1;2025-11-20;2;0.0;1.0;1.0;1.0;0.0;
1;2025-11-20;3;0.0;1.0;1.0;1.0;0.0;
1;2025-11-20;4;9.608;1.0;1.0;1.041;10.0;
1;2025-11-20;5;119.487;1.0;1.0;0.996;119.0;
1;2025-11-20;6;494.7;1.0;1.0;1.001;495.0;
1;2025-11-20;7;1471.844;1.0;1.0;1.0;1472.0;
1;2025-11-20;8;1954.78;1.0;1.0;1.0;1955.0;
1;2025-11-20;9;1465.13;1.0;1.0;1.0;1465.0;
1;2025-11-20;10;1328.521;1.0;1.0;1.0;1329.0;
1;2025-11-20;11;1316.511;1.0;1.0;1.0;1317.0;
1;2025-11-20;12;1379.765;1.0;1.0;1.0;1380.0;
1;2025-11-20;13;1437.907;1.0;1.0;1.0;1438.0;
1;2025-11-20;14;1379.088;1.0;1.0;1.0;1379.0;
1;2025-11-20;15;1503.132;1.0;1.0;1.0;1503.0;
1;2025-11-20;16;1521.733;1.0;1.0;1.0;1522.0;
1;2025-11-20;17;1788.422;1.0;1.0;1.0;1788.0;
1;2025-11-20;18;1855.249;1.0;1.0;1.0;1855.0;
1;2025-11-20;19;1359.563;1.0;1.0;1.0;1360.0;
1;2025-11-20;20;882.786;1.0;1.0;1.0;883.0;
1;2025-11-20;21;464.705;1.0;1.0;1.001;465.0;
1;2025-11-20;22;180.893;1.0;1.0;1.001;181.0;
1;2025-11-20;23;39.172;1.0;1.0;0.996;39.0;
1;2025-11-21;0;3.435;1.0;1.0;0.873;3.0;
1;2025-11-21;1;0.0;1.0;1.0;1.0;0.0;
1;2025-11-21;2;0.0;1.0;1.0;1.0;0.0;
1;2025-11-21;3;0.0;1.0;1.0;1.0;0.0;
1;2025-11-21;4;6.625;1.0;1.0;1.057;7.0;
1;2025-11-21;5;135.196;1.0;1.0;0.999;135.0;
1;2025-11-21;6;476.006;1.0;1.0;1.0;476.0;
1;2025-11-21;7;1499.42;1.0;1.0;1.0;1499.0;
1;2025-11-21;8;1820.847;1.0;1.0;1.0;1821.0;
1;2025-11-21;9;1416.732;1.0;1.0;1.0;1417.0;
1;2025-11-21;10;1260.926;1.0;1.0;1.0;1261.0;
1;2025-11-21;11;1345.331;1.0;1.0;1.0;1345.0;
1;2025-11-21;12;1341.406;1.0;1.0;1.0;1341.0;
1;2025-11-21;13;1388.761;1.0;1.0;1.0;1389.0;
1;2025-11-21;14;1304.846;1.0;1.0;1.0;1305.0;
1;2025-11-21;15;1472.185;1.0;1.0;1.0;1472.0;
1;2025-11-21;16;1586.279;1.0;1.0;1.0;1586.0;
1;2025-11-21;17;1812.505;1.0;1.0;1.0;1813.0;
1;2025-11-21;18;1464.824;1.0;1.0;1.0;1465.0;
1;2025-11-21;19;1225.103;1.0;1.0;1.0;1225.0;
1;2025-11-21;20;785.411;1.0;1.0;1.0;785.0;
1;2025-11-21;21;477.724;1.0;1.0;1.001;478.0;
1;2025-11-21;22;175.435;1.0;1.0;0.998;175.0;
1;2025-11-21;23;39.504;1.0;1.0;1.013;40.0;
1;2025-11-22;0;4.244;1.0;1.0;0.942;4.0;
1;2025-11-22;1;0.0;1.0;1.0;1.0;0.0;
1;2025-11-22;2;0.0;1.0;1.0;1.0;0.0;
1;2025-11-22;3;0.0;1.0;1.0;1.0;0.0;
1;2025-11-22;4;0.531;1.0;1.0;1.885;1.0;
1;2025-11-22;5;33.157;1.0;1.0;0.995;33.0;
1;2025-11-22;6;162.868;1.0;1.0;1.001;163.0;
1;2025-11-22;7;377.992;1.0;1.0;1.0;378.0;
1;2025-11-22;8;523.353;1.0;1.0;0.999;523.0;
1;2025-11-22;9;806.648;1.0;1.0;1.0;807.0;
1;2025-11-22;10;988.88;1.0;1.0;1.0;989.0;
1;2025-11-22;11;969.782;1.0;1.0;1.0;970.0;
1;2025-11-22;12;1170.317;1.0;1.0;1.0;1170.0;
1;2025-11-22;13;1223.103;1.0;1.0;1.0;1223.0;
1;2025-11-22;14;1135.303;1.0;1.0;1.0;1135.0;
1;2025-11-22;15;984.901;1.0;1.0;1.0;985.0;
1;2025-11-22;16;838.214;1.0;1.0;1.0;838.0;
1;2025-11-22;17;786.489;1.0;1.0;0.999;786.0;
1;2025-11-22;18;689.139;1.0;1.0;1.0;689.0;
1;2025-11-22;19;593.647;1.0;1.0;1.001;594.0;
1;2025-11-22;20;455.978;1.0;1.0;1.0;456.0;
1;2025-11-22;21;320.166;1.0;1.0;1.0;320.0;
1;2025-11-22;22;126.528;1.0;1.0;1.004;127.0;
1;2025-11-22;23;26.261;1.0;1.0;0.99;26.0;
1;2025-11-23;0;0.0;1.0;1.0;1.0;0.0;
1;2025-11-23;1;0.0;1.0;1.0;1.0;0.0;
1;2025-11-23;2;0.0;1.0;1.0;1.0;0.0;
1;2025-11-23;3;0.0;1.0;1.0;1.0;0.0;
1;2025-11-23;4;0.0;1.0;1.0;1.0;0.0;
1;2025-11-23;5;19.692;1.0;1.0;1.016;20.0;
1;2025-11-23;6;110.324;1.0;1.0;0.997;110.0;
1;2025-11-23;7;253.864;1.0;1.0;1.0;254.0;
1;2025-11-23;8;342.361;1.0;1.0;0.999;342.0;
1;2025-11-23;9;593.377;1.0;1.0;0.999;593.0;
1;2025-11-23;10;660.284;1.0;1.0;1.0;660.0;
1;2025-11-23;11;697.533;1.0;1.0;1.001;698.0;
1;2025-11-23;12;803.349;1.0;1.0;1.0;803.0;
1;2025-11-23;13;834.192;1.0;1.0;1.0;834.0;
1;2025-11-23;14;776.776;1.0;1.0;1.0;777.0;
1;2025-11-23;15;693.5;1.0;1.0;0.999;693.0;
1;2025-11-23;16;638.219;1.0;1.0;1.0;638.0;
1;2025-11-23;17;559.687;1.0;1.0;1.001;560.0;
1;2025-11-23;18;484.477;1.0;1.0;0.999;484.0;
1;2025-11-23;19;421.13;1.0;1.0;1.0;421.0;
1;2025-11-23;20;322.431;1.0;1.0;0.999;322.0;
1;2025-11-23;21;264.066;1.0;1.0;1.0;264.0;
1;2025-11-23;22;96.089;1.0;1.0;0.999;96.0;
1;2025-11-23;23;25.149;1.0;1.0;0.994;25.0;
1;2025-11-24;0;4.003;1.0;1.0;0.999;4.0;
1;2025-11-24;1;0.0;1.0;1.0;1.0;0.0;
1;2025-11-24;2;0.0;1.0;1.0;1.0;0.0;
1;2025-11-24;3;0.0;1.0;1.0;1.0;0.0;
1;2025-11-24;4;9.608;1.0;1.0;1.041;10.0;
1;2025-11-24;5;119.487;1.0;1.0;0.996;119.0;
1;2025-11-24;6;494.7;1.0;1.0;1.001;495.0;
1;2025-11-24;7;1471.844;1.0;1.0;1.0;1472.0;
1;2025-11-24;8;1954.78;1.0;1.0;1.0;1955.0;
1;2025-11-24;9;1465.13;1.0;1.0;1.0;1465.0;
1;2025-11-24;10;1328.521;1.0;1.0;1.0;1329.0;
1;2025-11-24;11;1316.511;1.0;1.0;1.0;1317.0;
1;2025-11-24;12;1379.765;1.0;1.0;1.0;1380.0;
1;2025-11-24;13;1437.907;1.0;1.0;1.0;1438.0;
1;2025-11-24;14;1379.088;1.0;1.0;1.0;1379.0;
1;2025-11-24;15;1503.132;1.0;1.0;1.0;1503.0;
1;2025-11-24;16;1521.733;1.0;1.0;1.0;1522.0;
1;2025-11-24;17;1788.422;1.0;1.0;1.0;1788.0;
1;2025-11-24;18;1855.249;1.0;1.0;1.0;1855.0;
1;2025-11-24;19;1359.563;1.0;1.0;1.0;1360.0;
1;2025-11-24;20;882.786;1.0;1.0;1.0;883.0;
1;2025-11-24;21;464.705;1.0;1.0;1.001;465.0;
1;2025-11-24;22;180.893;1.0;1.0;1.001;181.0;
1;2025-11-24;23;39.172;1.0;1.0;0.996;39.0;
1;2025-11-25;0;4.003;1.0;1.0;0.999;4.0;
1;2025-11-25;1;0.0;1.0;1.0;1.0;0.0;
1;2025-11-25;2;0.0;1.0;1.0;1.0;0.0;
1;2025-11-25;3;0.0;1.0;1.0;1.0;0.0;
1;2025-11-25;4;9.608;1.0;1.0;1.041;10.0;
1;2025-11-25;5;119.487;1.0;1.0;0.996;119.0;
1;2025-11-25;6;494.7;1.0;1.0;1.001;495.0;
1;2025-11-25;7;1471.844;1.0;1.0;1.0;1472.0;
1;2025-11-25;8;1954.78;1.0;1.0;1.0;1955.0;
1;2025-11-25;9;1465.13;1.0;1.0;1.0;1465.0;
1;2025-11-25;10;1328.521;1.0;1.0;1.0;1329.0;
1;2025-11-25;11;1316.511;1.0;1.0;1.0;1317.0;
1;2025-11-25;12;1379.765;1.0;1.0;1.0;1380.0;
1;2025-11-25;13;1437.907;1.0;1.0;1.0;1438.0;
1;2025-11-25;14;1379.088;1.0;1.0;1.0;1379.0;
1;2025-11-25;15;1503.132;1.0;1.0;1.0;1503.0;
1;2025-11-25;16;1521.733;1.0;1.0;1.0;1522.0;
1;2025-11-25;17;1788.422;1.0;1.0;1.0;1788.0;
1;2025-11-25;18;1855.249;1.0;1.0;1.0;1855.0;
1;2025-11-25;19;1359.563;1.0;1.0;1.0;1360.0;
1;2025-11-25;20;882.786;1.0;1.0;1.0;883.0;
1;2025-11-25;21;464.705;1.0;1.0;1.001;465.0;
1;2025-11-25;22;180.893;1.0;1.0;1.001;181.0;
1;2025-11-25;23;39.172;1.0;1.0;0.996;39.0;
1;2025-11-26;0;4.003;1.0;1.0;0.999;4.0;
1;2025-11-26;1;0.0;1.0;1.0;1.0;0.0;
1;2025-11-26;2;0.0;1.0;1.0;1.0;0.0;
1;2025-11-26;3;0.0;1.0;1.0;1.0;0.0;
1;2025-11-26;4;9.608;1.0;1.0;1.041;10.0;
1;2025-11-26;5;119.487;1.0;1.0;0.996;119.0;
1;2025-11-26;6;494.7;1.0;1.0;1.001;495.0;
1;2025-11-26;7;1471.844;1.0;1.0;1.0;1472.0;
1;2025-11-26;8;1954.78;1.0;1.0;1.0;1955.0;
1;2025-11-26;9;1465.13;1.0;1.0;1.0;1465.0;
1;2025-11-26;10;1328.521;1.0;1.0;1.0;1329.0;
1;2025-11-26;11;1316.511;1.0;1.0;1.0;1317.0;
1;2025-11-26;12;1379.765;1.0;1.0;1.0;1380.0;
1;2025-11-26;13;1437.907;1.0;1.0;1.0;1438.0;
1;2025-11-26;14;1379.088;1.0;1.0;1.0;1379.0;
1;2025-11-26;15;1503.132;1.0;1.0;1.0;1503.0;
1;2025-11-26;16;1521.733;1.0;1.0;1.0;1522.0;
1;2025-11-26;17;1788.422;1.0;1.0;1.0;1788.0;
1;2025-11-26;18;1855.249;1.0;1.0;1.0;1855.0;
1;2025-11-26;19;1359.563;1.0;1.0;1.0;1360.0;
1;2025-11-26;20;882.786;1.0;1.0;1.0;883.0;
1;2025-11-26;21;464.705;1.0;1.0;1.001;465.0;
1;2025-11-26;22;180.893;1.0;1.0;1.001;181.0;
1;2025-11-26;23;39.172;1.0;1.0;0.996;39.0;
1;2025-11-27;0;4.003;1.0;1.0;0.999;4.0;
1;2025-11-27;1;0.0;1.0;1.0;1.0;0.0;
1;2025-11-27;2;0.0;1.0;1.0;1.0;0.0;
1;2025-11-27;3;0.0;1.0;1.0;1.0;0.0;
1;2025-11-27;4;9.608;1.0;1.0;1.041;10.0;
1;2025-11-27;5;119.487;1.0;1.0;0.996;119.0;
1;2025-11-27;6;494.7;1.0;1.0;1.001;495.0;
1;2025-11-27;7;1471.844;1.0;1.0;1.0;1472.0;
1;2025-11-27;8;1954.78;1.0;1.0;1.0;1955.0;
1;2025-11-27;9;1465.13;1.0;1.0;1.0;1465.0;
1;2025-11-27;10;1328.521;1.0;1.0;1.0;1329.0;
1;2025-11-27;11;1316.511;1.0;1.0;1.0;1317.0;
1;2025-11-27;12;1379.765;1.0;1.0;1.0;1380.0;
1;2025-11-27;13;1437.907;1.0;1.0;1.0;1438.0;
1;2025-11-27;14;1379.088;1.0;1.0;1.0;1379.0;
1;2025-11-27;15;1503.132;1.0;1.0;1.0;1503.0;
1;2025-11-27;16;1521.733;1.0;1.0;1.0;1522.0;
1;2025-11-27;17;1788.422;1.0;1.0;1.0;1788.0;
1;2025-11-27;18;1855.249;1.0;1.0;1.0;1855.0;
1;2025-11-27;19;1359.563;1.0;1.0;1.0;1360.0;
1;2025-11-27;20;882.786;1.0;1.0;1.0;883.0;
1;2025-11-27;21;464.705;1.0;1.0;1.001;465.0;
1;2025-11-27;22;180.893;1.0;1.0;1.001;181.0;
1;2025-11-27;23;39.172;1.0;1.0;0.996;39.0;
1;2025-11-28;0;3.435;1.0;1.0;0.873;3.0;
1;2025-11-28;1;0.0;1.0;1.0;1.0;0.0;
1;2025-11-28;2;0.0;1.0;1.0;1.0;0.0;
1;2025-11-28;3;0.0;1.0;1.0;1.0;0.0;
1;2025-11-28;4;6.625;1.0;1.0;1.057;7.0;
1;2025-11-28;5;135.196;1.0;1.0;0.999;135.0;
1;2025-11-28;6;476.006;1.0;1.0;1.0;476.0;
1;2025-11-28;7;1499.42;1.0;1.0;1.0;1499.0;
1;2025-11-28;8;1820.847;1.0;1.0;1.0;1821.0;
1;2025-11-28;9;1416.732;1.0;1.0;1.0;1417.0;
1;2025-11-28;10;1260.926;1.0;1.0;1.0;1261.0;
1;2025-11-28;11;1345.331;1.0;1.0;1.0;1345.0;
1;2025-11-28;12;1341.406;1.0;1.0;1.0;1341.0;
1;2025-11-28;13;1388.761;1.0;1.0;1.0;1389.0;
1;2025-11-28;14;1304.846;1.0;1.0;1.0;1305.0;
1;2025-11-28;15;1472.185;1.0;1.0;1.0;1472.0;
1;2025-11-28;16;1586.279;1.0;1.0;1.0;1586.0;
1;2025-11-28;17;1812.505;1.0;1.0;1.0;1813.0;
1;2025-11-28;18;1464.824;1.0;1.0;1.0;1465.0;
1;2025-11-28;19;1225.103;1.0;1.0;1.0;1225.0;
1;2025-11-28;20;785.411;1.0;1.0;1.0;785.0;
1;2025-11-28;21;477.724;1.0;1.0;1.001;478.0;
1;2025-11-28;22;175.435;1.0;1.0;0.998;175.0;
1;2025-11-28;23;39.504;1.0;1.0;1.013;40.0;
1;2025-11-29;0;4.244;1.0;1.0;0.942;4.0;
1;2025-11-29;1;0.0;1.0;1.0;1.0;0.0;
1;2025-11-29;2;0.0;1.0;1.0;1.0;0.0;
1;2025-11-29;3;0.0;1.0;1.0;1.0;0.0;
1;2025-11-29;4;0.531;1.0;1.0;1.885;1.0;
1;2025-11-29;5;33.157;1.0;1.0;0.995;33.0;
1;2025-11-29;6;162.868;1.0;1.0;1.001;163.0;
1;2025-11-29;7;377.992;1.0;1.0;1.0;378.0;
1;2025-11-29;8;523.353;1.0;1.0;0.999;523.0;
1;2025-11-29;9;806.648;1.0;1.0;1.0;807.0;
1;2025-11-29;10;988.88;1.0;1.0;1.0;989.0;
1;2025-11-29;11;969.782;1.0;1.0;1.0;970.0;
1;2025-11-29;12;1170.317;1.0;1.0;1.0;1170.0;
1;2025-11-29;13;1223.103;1.0;1.0;1.0;1223.0;
1;2025-11-29;14;1135.303;1.0;1.0;1.0;1135.0;
1;2025-11-29;15;984.901;1.0;1.0;1.0;985.0;
1;2025-11-29;16;838.214;1.0;1.0;1.0;838.0;
1;2025-11-29;17;786.489;1.0;1.0;0.999;786.0;
1;2025-11-29;18;689.139;1.0;1.0;1.0;689.0;
1;2025-11-29;19;593.647;1.0;1.0;1.001;594.0;
1;2025-11-29;20;455.978;1.0;1.0;1.0;456.0;
1;2025-11-29;21;320.166;1.0;1.0;1.0;320.0;
1;2025-11-29;22;126.528;1.0;1.0;1.004;127.0;
1;2025-11-29;23;26.261;1.0;1.0;0.99;26.0;
1;2025-11-30;0;0.0;1.0;1.0;1.0;0.0;
1;2025-11-30;1;0.0;1.0;1.0;1.0;0.0;
1;2025-11-30;2;0.0;1.0;1.0;1.0;0.0;
1;2025-11-30;3;0.0;1.0;1.0;1.0;0.0;
1;2025-11-30;4;0.0;1.0;1.0;1.0;0.0;
1;2025-11-30;5;19.692;1.0;1.0;1.016;20.0;
1;2025-11-30;6;110.324;1.0;1.0;0.997;110.0;
1;2025-11-30;7;253.864;1.0;1.0;1.0;254.0;
1;2025-11-30;8;342.361;1.0;1.0;0.999;342.0;
1;2025-11-30;9;593.377;1.0;1.0;0.999;593.0;
1;2025-11-30;10;660.284;1.0;1.0;1.0;660.0;
1;2025-11-30;11;697.533;1.0;1.0;1.001;698.0;
1;2025-11-30;12;803.349;1.0;1.0;1.0;803.0;
1;2025-11-30;13;834.192;1.0;1.0;1.0;834.0;
1;2025-11-30;14;776.776;1.0;1.0;1.0;777.0;
1;2025-11-30;15;693.5;1.0;1.0;0.999;693.0;
1;2025-11-30;16;638.219;1.0;1.0;1.0;638.0;
1;2025-11-30;17;559.687;1.0;1.0;1.001;560.0;
1;2025-11-30;18;484.477;1.0;1.0;0.999;484.0;
1;2025-11-30;19;421.13;1.0;1.0;1.0;421.0;
1;2025-11-30;20;322.431;1.0;1.0;0.999;322.0;
1;2025-11-30;21;264.066;1.0;1.0;1.0;264.0;
1;2025-11-30;22;96.089;1.0;1.0;0.999;96.0;
1;2025-11-30;23;25.149;1.0;1.0;0.994;25.0;
1;2025-12-01;0;4.003;1.0;1.0;0.999;4.0;
1;2025-12-01;1;0.0;1.0;1.0;1.0;0.0;
1;2025-12-01;2;0.0;1.0;1.0;1.0;0.0;
1;2025-12-01;3;0.0;1.0;1.0;1.0;0.0;
1;2025-12-01;4;9.608;1.0;1.0;1.041;10.0;
1;2025-12-01;5;119.487;1.0;1.0;0.996;119.0;
1;2025-12-01;6;494.7;1.0;1.0;1.001;495.0;
1;2025-12-01;7;1471.844;1.0;1.0;1.0;1472.0;
1;2025-12-01;8;1954.78;1.0;1.0;1.0;1955.0;
1;2025-12-01;9;1465.13;1.0;1.0;1.0;1465.0;
1;2025-12-01;10;1328.521;1.0;1.0;1.0;1329.0;
1;2025-12-01;11;1316.511;1.0;1.0;1.0;1317.0;
1;2025-12-01;12;1379.765;1.0;1.0;1.0;1380.0;
1;2025-12-01;13;1437.907;1.0;1.0;1.0;1438.0;
1;2025-12-01;14;1379.088;1.0;1.0;1.0;1379.0;
1;2025-12-01;15;1503.132;1.0;1.0;1.0;1503.0;
1;2025-12-01;16;1521.733;1.0;1.0;1.0;1522.0;
1;2025-12-01;17;1788.422;1.0;1.0;1.0;1788.0;
1;2025-12-01;18;1855.249;1.0;1.0;1.0;1855.0;
1;2025-12-01;19;1359.563;1.0;1.0;1.0;1360.0;
1;2025-12-01;20;882.786;1.0;1.0;1.0;883.0;
1;2025-12-01;21;464.705;1.0;1.0;1.001;465.0;
1;2025-12-01;22;180.893;1.0;1.0;1.001;181.0;
1;2025-12-01;23;39.172;1.0;1.0;0.996;39.0;
1;2025-12-02;0;4.003;1.0;1.0;0.999;4.0;
1;2025-12-02;1;0.0;1.0;1.0;1.0;0.0;
1;2025-12-02;2;0.0;1.0;1.0;1.0;0.0;
1;2025-12-02;3;0.0;1.0;1.0;1.0;0.0;
1;2025-12-02;4;9.608;1.0;1.0;1.041;10.0;
1;2025-12-02;5;119.487;1.0;1.0;0.996;119.0;
1;2025-12-02;6;494.7;1.0;1.0;1.001;495.0;
1;2025-12-02;7;1471.844;1.0;1.0;1.0;1472.0;
1;2025-12-02;8;1954.78;1.0;1.0;1.0;1955.0;
1;2025-12-02;9;1465.13;1.0;1.0;1.0;1465.0;
1;2025-12-02;10;1328.521;1.0;1.0;1.0;1329.0;
1;2025-12-02;11;1316.511;1.0;1.0;1.0;1317.0;
1;2025-12-02;12;1379.765;1.0;1.0;1.0;1380.0;
1;2025-12-02;13;1437.907;1.0;1.0;1.0;1438.0;
1;2025-12-02;14;1379.088;1.0;1.0;1.0;1379.0;
1;2025-12-02;15;1503.132;1.0;1.0;1.0;1503.0;
1;2025-12-02;16;1521.733;1.0;1.0;1.0;1522.0;
1;2025-12-02;17;1788.422;1.0;1.0;1.0;1788.0;
1;2025-12-02;18;1855.249;1.0;1.0;1.0;1855.0;
1;2025-12-02;19;1359.563;1.0;1.0;1.0;1360.0;
1;2025-12-02;20;882.786;1.0;1.0;1.0;883.0;
1;2025-12-02;21;464.705;1.0;1.0;1.001;465.0;
1;2025-12-02;22;180.893;1.0;1.0;1.001;181.0;
1;2025-12-02;23;39.172;1.0;1.0;0.996;39.0;
1;2025-12-03;0;4.003;1.0;1.0;0.999;4.0;
1;2025-12-03;1;0.0;1.0;1.0;1.0;0.0;
1;2025-12-03;2;0.0;1.0;1.0;1.0;0.0;
1;2025-12-03;3;0.0;1.0;1.0;1.0;0.0;
1;2025-12-03;4;9.608;1.0;1.0;1.041;10.0;
1;2025-12-03;5;119.487;1.0;1.0;0.996;119.0;
1;2025-12-03;6;494.7;1.0;1.0;1.001;495.0;
1;2025-12-03;7;1471.844;1.0;1.0;1.0;1472.0;
1;2025-12-03;8;1954.78;1.0;1.0;1.0;1955.0;
1;2025-12-03;9;1465.13;1.0;1.0;1.0;1465.0;
1;2025-12-03;10;1328.521;1.0;1.0;1.0;1329.0;
1;2025-12-03;11;1316.511;1.0;1.0;1.0;1317.0;
1;2025-12-03;12;1379.765;1.0;1.0;1.0;1380.0;
1;2025-12-03;13;1437.907;1.0;1.0;1.0;1438.0;
1;2025-12-03;14;1379.088;1.0;1.0;1.0;1379.0;
1;2025-12-03;15;1503.132;1.0;1.0;1.0;1503.0;
1;2025-12-03;16;1521.733;1.0;1.0;1.0;1522.0;
1;2025-12-03;17;1788.422;1.0;1.0;1.0;1788.0;
1;2025-12-03;18;1855.249;1.0;1.0;1.0;1855.0;
1;2025-12-03;19;1359.563;1.0;1.0;1.0;1360.0;
1;2025-12-03;20;882.786;1.0;1.0;1.0;883.0;
1;2025-12-03;21;464.705;1.0;1.0;1.001;465.0;
1;2025-12-03;22;180.893;1.0;1.0;1.001;181.0;
1;2025-12-03;23;39.172;1.0;1.0;0.996;39.0;
1;2025-12-04;0;4.003;1.0;1.0;0.999;4.0;
1;2025-12-04;1;0.0;1.0;1.0;1.0;0.0;
1;2025-12-04;2;0.0;1.0;1.0;1.0;0.0;
1;2025-12-04;3;0.0;1.0;1.0;1.0;0.0;
1;2025-12-04;4;9.608;1.0;1.0;1.041;10.0;
1;2025-12-04;5;119.487;1.0;1.0;0.996;119.0;
1;2025-12-04;6;494.7;1.0;1.0;1.001;495.0;
1;2025-12-04;7;1471.844;1.0;1.0;1.0;1472.0;
1;2025-12-04;8;1954.78;1.0;1.0;1.0;1955.0;
1;2025-12-04;9;1465.13;1.0;1.0;1.0;1465.0;
1;2025-12-04;10;1328.521;1.0;1.0;1.0;1329.0;
1;2025-12-04;11;1316.511;1.0;1.0;1.0;1317.0;
1;2025-12-04;12;1379.765;1.0;1.0;1.0;1380.0;
1;2025-12-04;13;1437.907;1.0;1.0;1.0;1438.0;
1;2025-12-04;14;1379.088;1.0;1.0;1.0;1379.0;
1;2025-12-04;15;1503.132;1.0;1.0;1.0;1503.0;
1;2025-12-04;16;1521.733;1.0;1.0;1.0;1522.0;
1;2025-12-04;17;1788.422;1.0;1.0;1.0;1788.0;
1;2025-12-04;18;1855.249;1.0;1.0;1.0;1855.0;
1;2025-12-04;19;1359.563;1.0;1.0;1.0;1360.0;
1;2025-12-04;20;882.786;1.0;1.0;1.0;883.0;
1;2025-12-04;21;464.705;1.0;1.0;1.001;465.0;
1;2025-12-04;22;180.893;1.0;1.0;1.001;181.0;
1;2025-12-04;23;39.172;1.0;1.0;0.996;39.0;
1;2025-12-05;0;3.435;1.0;1.0;0.873;3.0;
1;2025-12-05;1;0.0;1.0;1.0;1.0;0.0;
1;2025-12-05;2;0.0;1.0;1.0;1.0;0.0;
1;2025-12-05;3;0.0;1.0;1.0;1.0;0.0;
1;2025-12-05;4;6.625;1.0;1.0;1.057;7.0;
1;2025-12-05;5;135.196;1.0;1.0;0.999;135.0;
1;2025-12-05;6;476.006;1.0;1.0;1.0;476.0;
1;2025-12-05;7;1499.42;1.0;1.0;1.0;1499.0;
1;2025-12-05;8;1820.847;1.0;1.0;1.0;1821.0;
1;2025-12-05;9;1416.732;1.0;1.0;1.0;1417.0;
1;2025-12-05;10;1260.926;1.0;1.0;1.0;1261.0;
1;2025-12-05;11;1345.331;1.0;1.0;1.0;1345.0;
1;2025-12-05;12;1341.406;1.0;1.0;1.0;1341.0;
1;2025-12-05;13;1388.761;1.0;1.0;1.0;1389.0;
1;2025-12-05;14;1304.846;1.0;1.0;1.0;1305.0;
1;2025-12-05;15;1472.185;1.0;1.0;1.0;1472.0;
1;2025-12-05;16;1586.279;1.0;1.0;1.0;1586.0;
1;2025-12-05;17;1812.505;1.0;1.0;1.0;1813.0;
1;2025-12-05;18;1464.824;1.0;1.0;1.0;1465.0;
1;2025-12-05;19;1225.103;1.0;1.0;1.0;1225.0;
1;2025-12-05;20;785.411;1.0;1.0;1.0;785.0;
1;2025-12-05;21;477.724;1.0;1.0;1.001;478.0;
1;2025-12-05;22;175.435;1.0;1.0;0.998;175.0;
1;2025-12-05;23;39.504;1.0;1.0;1.013;40.0;
1;2025-12-06;0;4.244;1.0;1.0;0.942;4.0;
1;2025-12-06;1;0.0;1.0;1.0;1.0;0.0;
1;2025-12-06;2;0.0;1.0;1.0;1.0;0.0;
1;2025-12-06;3;0.0;1.0;1.0;1.0;0.0;
1;2025-12-06;4;0.531;1.0;1.0;1.885;1.0;
1;2025-12-06;5;33.157;1.0;1.0;0.995;33.0;
1;2025-12-06;6;162.868;1.0;1.0;1.001;163.0;
1;2025-12-06;7;377.992;1.0;1.0;1.0;378.0;
1;2025-12-06;8;523.353;1.0;1.0;0.999;523.0;
1;2025-12-06;9;806.648;1.0;1.0;1.0;807.0;
1;2025-12-06;10;988.88;1.0;1.0;1.0;989.0;
1;2025-12-06;11;969.782;1.0;1.0;1.0;970.0;
1;2025-12-06;12;1170.317;1.0;1.0;1.0;1170.0;
1;2025-12-06;13;1223.103;1.0;1.0;1.0;1223.0;
1;2025-12-06;14;1135.303;1.0;1.0;1.0;1135.0;
1;2025-12-06;15;984.901;1.0;1.0;1.0;985.0;
1;2025-12-06;16;838.214;1.0;1.0;1.0;838.0;
1;2025-12-06;17;786.489;1.0;1.0;0.999;786.0;
1;2025-12-06;18;689.139;1.0;1.0;1.0;689.0;
1;2025-12-06;19;593.647;1.0;1.0;1.001;594.0;
1;2025-12-06;20;455.978;1.0;1.0;1.0;456.0;
1;2025-12-06;21;320.166;1.0;1.0;1.0;320.0;
1;2025-12-06;22;126.528;1.0;1.0;1.004;127.0;
1;2025-12-06;23;26.261;1.0;1.0;0.99;26.0;
1;2025-12-07;0;0.0;1.0;1.0;1.0;0.0;
1;2025-12-07;1;0.0;1.0;1.0;1.0;0.0;
1;2025-12-07;2;0.0;1.0;1.0;1.0;0.0;
1;2025-12-07;3;0.0;1.0;1.0;1.0;0.0;
1;2025-12-07;4;0.0;1.0;1.0;1.0;0.0;
1;2025-12-07;5;19.692;1.0;1.0;1.016;20.0;
1;2025-12-07;6;110.324;1.0;1.0;0.997;110.0;
1;2025-12-07;7;253.864;1.0;1.0;1.0;254.0;
1;2025-12-07;8;342.361;1.0;1.0;0.999;342.0;
1;2025-12-07;9;593.377;1.0;1.0;0.999;593.0;
1;2025-12-07;10;660.284;1.0;1.0;1.0;660.0;
1;2025-12-07;11;697.533;1.0;1.0;1.001;698.0;
1;2025-12-07;12;803.349;1.0;1.0;1.0;803.0;
1;2025-12-07;13;834.192;1.0;1.0;1.0;834.0;
1;2025-12-07;14;776.776;1.0;1.0;1.0;777.0;
1;2025-12-07;15;693.5;1.0;1.0;0.999;693.0;
1;2025-12-07;16;638.219;1.0;1.0;1.0;638.0;
1;2025-12-07;17;559.687;1.0;1.0;1.001;560.0;
1;2025-12-07;18;484.477;1.0;1.0;0.999;484.0;
1;2025-12-07;19;421.13;1.0;1.0;1.0;421.0;
1;2025-12-07;20;322.431;1.0;1.0;0.999;322.0;
1;2025-12-07;21;264.066;1.0;1.0;1.0;264.0;
1;2025-12-07;22;96.089;1.0;1.0;0.999;96.0;
1;2025-12-07;23;25.149;1.0;1.0;0.994;25.0;
1;2025-12-08;0;4.003;1.0;1.0;0.999;4.0;
1;2025-12-08;1;0.0;1.0;1.0;1.0;0.0;
1;2025-12-08;2;0.0;1.0;1.0;1.0;0.0;
1;2025-12-08;3;0.0;1.0;1.0;1.0;0.0;
1;2025-12-08;4;9.608;1.0;1.0;1.041;10.0;
1;2025-12-08;5;119.487;1.0;1.0;0.996;119.0;
1;2025-12-08;6;494.7;1.0;1.0;1.001;495.0;
1;2025-12-08;7;1471.844;1.0;1.0;1.0;1472.0;
1;2025-12-08;8;1954.78;1.0;1.0;1.0;1955.0;
1;2025-12-08;9;1465.13;1.0;1.0;1.0;1465.0;
1;2025-12-08;10;1328.521;1.0;1.0;1.0;1329.0;
1;2025-12-08;11;1316.511;1.0;1.0;1.0;1317.0;
1;2025-12-08;12;1379.765;1.0;1.0;1.0;1380.0;
1;2025-12-08;13;1437.907;1.0;1.0;1.0;1438.0;
1;2025-12-08;14;1379.088;1.0;1.0;1.0;1379.0;
1;2025-12-08;15;1503.132;1.0;1.0;1.0;1503.0;
1;2025-12-08;16;1521.733;1.0;1.0;1.0;1522.0;
1;2025-12-08;17;1788.422;1.0;1.0;1.0;1788.0;
1;2025-12-08;18;1855.249;1.0;1.0;1.0;1855.0;
1;2025-12-08;19;1359.563;1.0;1.0;1.0;1360.0;
1;2025-12-08;20;882.786;1.0;1.0;1.0;883.0;
1;2025-12-08;21;464.705;1.0;1.0;1.001;465.0;
1;2025-12-08;22;180.893;1.0;1.0;1.001;181.0;
1;2025-12-08;23;39.172;1.0;1.0;0.996;39.0;
1;2025-12-09;0;4.003;1.0;1.0;0.999;4.0;
1;2025-12-09;1;0.0;1.0;1.0;1.0;0.0;
1;2025-12-09;2;0.0;1.0;1.0;1.0;0.0;
1;2025-12-09;3;0.0;1.0;1.0;1.0;0.0;
1;2025-12-09;4;9.608;1.0;1.0;1.041;10.0;
1;2025-12-09;5;119.487;1.0;1.0;0.996;119.0;
1;2025-12-09;6;494.7;1.0;1.0;1.001;495.0;
1;2025-12-09;7;1471.844;1.0;1.0;1.0;1472.0;
1;2025-12-09;8;1954.78;1.0;1.0;1.0;1955.0;
1;2025-12-09;9;1465.13;1.0;1.0;1.0;1465.0;
1;2025-12-09;10;1328.521;1.0;1.0;1.0;1329.0;
1;2025-12-09;11;1316.511;1.0;1.0;1.0;1317.0;
1;2025-12-09;12;1379.765;1.0;1.0;1.0;1380.0;
1;2025-12-09;13;1437.907;1.0;1.0;1.0;1438.0;
1;2025-12-09;14;1379.088;1.0;1.0;1.0;1379.0;
1;2025-12-09;15;1503.132;1.0;1.0;1.0;1503.0;
1;2025-12-09;16;1521.733;1.0;1.0;1.0;1522.0;
1;2025-12-09;17;1788.422;1.0;1.0;1.0;1788.0;
1;2025-12-09;18;1855.249;1.0;1.0;1.0;1855.0;
1;2025-12-09;19;1359.563;1.0;1.0;1.0;1360.0;
1;2025-12-09;20;882.786;1.0;1.0;1.0;883.0;
1;2025-12-09;21;464.705;1.0;1.0;1.001;465.0;
1;2025-12-09;22;180.893;1.0;1.0;1.001;181.0;
1;2025-12-09;23;39.172;1.0;1.0;0.996;39.0;
1;2025-12-10;0;4.003;1.0;1.0;0.999;4.0;
1;2025-12-10;1;0.0;1.0;1.0;1.0;0.0;
1;2025-12-10;2;0.0;1.0;1.0;1.0;0.0;
1;2025-12-10;3;0.0;1.0;1.0;1.0;0.0;
1;2025-12-10;4;9.608;1.0;1.0;1.041;10.0;
1;2025-12-10;5;119.487;1.0;1.0;0.996;119.0;
1;2025-12-10;6;494.7;1.0;1.0;1.001;495.0;
1;2025-12-10;7;1471.844;1.0;1.0;1.0;1472.0;
1;2025-12-10;8;1954.78;1.0;1.0;1.0;1955.0;
1;2025-12-10;9;1465.13;1.0;1.0;1.0;1465.0;
1;2025-12-10;10;1328.521;1.0;1.0;1.0;1329.0;
1;2025-12-10;11;1316.511;1.0;1.0;1.0;1317.0;
1;2025-12-10;12;1379.765;1.0;1.0;1.0;1380.0;
1;2025-12-10;13;1437.907;1.0;1.0;1.0;1438.0;
1;2025-12-10;14;1379.088;1.0;1.0;1.0;1379.0;
1;2025-12-10;15;1503.132;1.0;1.0;1.0;1503.0;
1;2025-12-10;16;1521.733;1.0;1.0;1.0;1522.0;
1;2025-12-10;17;1788.422;1.0;1.0;1.0;1788.0;
1;2025-12-10;18;1855.249;1.0;1.0;1.0;1855.0;
1;2025-12-10;19;1359.563;1.0;1.0;1.0;1360.0;
1;2025-12-10;20;882.786;1.0;1.0;1.0;883.0;
1;2025-12-10;21;464.705;1.0;1.0;1.001;465.0;
1;2025-12-10;22;180.893;1.0;1.0;1.001;181.0;
1;2025-12-10;23;39.172;1.0;1.0;0.996;39.0;
1;2025-12-11;0;4.003;1.0;1.0;0.999;4.0;
1;2025-12-11;1;0.0;1.0;1.0;1.0;0.0;
1;2025-12-11;2;0.0;1.0;1.0;1.0;0.0;
1;2025-12-11;3;0.0;1.0;1.0;1.0;0.0;
1;2025-12-11;4;9.608;1.0;1.0;1.041;10.0;
1;2025-12-11;5;119.487;1.0;1.0;0.996;119.0;
1;2025-12-11;6;494.7;1.0;1.0;1.001;495.0;
1;2025-12-11;7;1471.844;1.0;1.0;1.0;1472.0;
1;2025-12-11;8;1954.78;1.0;1.0;1.0;1955.0;
1;2025-12-11;9;1465.13;1.0;1.0;1.0;1465.0;
1;2025-12-11;10;1328.521;1.0;1.0;1.0;1329.0;
1;2025-12-11;11;1316.511;1.0;1.0;1.0;1317.0;
1;2025-12-11;12;1379.765;1.0;1.0;1.0;1380.0;
1;2025-12-11;13;1437.907;1.0;1.0;1.0;1438.0;
1;2025-12-11;14;1379.088;1.0;1.0;1.0;1379.0;
1;2025-12-11;15;1503.132;1.0;1.0;1.0;1503.0;
1;2025-12-11;16;1521.733;1.0;1.0;1.0;1522.0;
1;2025-12-11;17;1788.422;1.0;1.0;1.0;1788.0;
1;2025-12-11;18;1855.249;1.0;1.0;1.0;1855.0;
1;2025-12-11;19;1359.563;1.0;1.0;1.0;1360.0;
1;2025-12-11;20;882.786;1.0;1.0;1.0;883.0;
1;2025-12-11;21;464.705;1.0;1.0;1.001;465.0;
1;2025-12-11;22;180.893;1.0;1.0;1.001;181.0;
1;2025-12-11;23;39.172;1.0;1.0;0.996;39.0;
1;2025-12-12;0;3.435;1.0;1.0;0.873;3.0;
1;2025-12-12;1;0.0;1.0;1.0;1.0;0.0;
1;2025-12-12;2;0.0;1.0;1.0;1.0;0.0;
1;2025-12-12;3;0.0;1.0;1.0;1.0;0.0;
1;2025-12-12;4;6.625;1.0;1.0;1.057;7.0;
1;2025-12-12;5;135.196;1.0;1.0;0.999;135.0;
1;2025-12-12;6;476.006;1.0;1.0;1.0;476.0;
1;2025-12-12;7;1499.42;1.0;1.0;1.0;1499.0;
1;2025-12-12;8;1820.847;1.0;1.0;1.0;1821.0;
1;2025-12-12;9;1416.732;1.0;1.0;1.0;1417.0;
1;2025-12-12;10;1260.926;1.0;1.0;1.0;1261.0;
1;2025-12-12;11;1345.331;1.0;1.0;1.0;1345.0;
1;2025-12-12;12;1341.406;1.0;1.0;1.0;1341.0;
1;2025-12-12;13;1388.761;1.0;1.0;1.0;1389.0;
1;2025-12-12;14;1304.846;1.0;1.0;1.0;1305.0;
1;2025-12-12;15;1472.185;1.0;1.0;1.0;1472.0;
1;2025-12-12;16;1586.279;1.0;1.0;1.0;1586.0;
1;2025-12-12;17;1812.505;1.0;1.0;1.0;1813.0;
1;2025-12-12;18;1464.824;1.0;1.0;1.0;1465.0;
1;2025-12-12;19;1225.103;1.0;1.0;1.0;1225.0;
1;2025-12-12;20;785.411;1.0;1.0;1.0;785.0;
1;2025-12-12;21;477.724;1.0;1.0;1.001;478.0;
1;2025-12-12;22;175.435;1.0;1.0;0.998;175.0;
1;2025-12-12;23;39.504;1.0;1.0;1.013;40.0;
1;2025-12-13;0;4.244;1.0;1.0;0.942;4.0;
1;2025-12-13;1;0.0;1.0;1.0;1.0;0.0;
1;2025-12-13;2;0.0;1.0;1.0;1.0;0.0;
1;2025-12-13;3;0.0;1.0;1.0;1.0;0.0;
1;2025-12-13;4;0.531;1.0;1.0;1.885;1.0;
1;2025-12-13;5;33.157;1.0;1.0;0.995;33.0;
1;2025-12-13;6;162.868;1.0;1.0;1.001;163.0;
1;2025-12-13;7;377.992;1.0;1.0;1.0;378.0;
1;2025-12-13;8;523.353;1.0;1.0;0.999;523.0;
1;2025-12-13;9;806.648;1.0;1.0;1.0;807.0;
1;2025-12-13;10;988.88;1.0;1.0;1.0;989.0;
1;2025-12-13;11;969.782;1.0;1.0;1.0;970.0;
1;2025-12-13;12;1170.317;1.0;1.0;1.0;1170.0;
1;2025-12-13;13;1223.103;1.0;1.0;1.0;1223.0;
1;2025-12-13;14;1135.303;1.0;1.0;1.0;1135.0;
1;2025-12-13;15;984.901;1.0;1.0;1.0;985.0;
1;2025-12-13;16;838.214;1.0;1.0;1.0;838.0;
1;2025-12-13;17;786.489;1.0;1.0;0.999;786.0;
1;2025-12-13;18;689.139;1.0;1.0;1.0;689.0;
1;2025-12-13;19;593.647;1.0;1.0;1.001;594.0;
1;2025-12-13;20;455.978;1.0;1.0;1.0;456.0;
1;2025-12-13;21;320.166;1.0;1.0;1.0;320.0;
1;2025-12-13;22;126.528;1.0;1.0;1.004;127.0;
1;2025-12-13;23;26.261;1.0;1.0;0.99;26.0;
1;2025-12-14;0;0.0;1.0;1.0;1.0;0.0;
1;2025-12-14;1;0.0;1.0;1.0;1.0;0.0;
1;2025-12-14;2;0.0;1.0;1.0;1.0;0.0;
1;2025-12-14;3;0.0;1.0;1.0;1.0;0.0;
1;2025-12-14;4;0.0;1.0;1.0;1.0;0.0;
1;2025-12-14;5;19.692;1.0;1.0;1.016;20.0;
1;2025-12-14;6;110.324;1.0;1.0;0.997;110.0;
1;2025-12-14;7;253.864;1.0;1.0;1.0;254.0;
1;2025-12-14;8;342.361;1.0;1.0;0.999;342.0;
1;2025-12-14;9;593.377;1.0;1.0;0.999;593.0;
1;2025-12-14;10;660.284;1.0;1.0;1.0;660.0;
1;2025-12-14;11;697.533;1.0;1.0;1.001;698.0;
1;2025-12-14;12;803.349;1.0;1.0;1.0;803.0;
1;2025-12-14;13;834.192;1.0;1.0;1.0;834.0;
1;2025-12-14;14;776.776;1.0;1.0;1.0;777.0;
1;2025-12-14;15;693.5;1.0;1.0;0.999;693.0;
1;2025-12-14;16;638.219;1.0;1.0;1.0;638.0;
1;2025-12-14;17;559.687;1.0;1.0;1.001;560.0;
1;2025-12-14;18;484.477;1.0;1.0;0.999;484.0;
1;2025-12-14;19;421.13;1.0;1.0;1.0;421.0;
1;2025-12-14;20;322.431;1.0;1.0;0.999;322.0;
1;2025-12-14;21;264.066;1.0;1.0;1.0;264.0;
1;2025-12-14;22;96.089;1.0;1.0;0.999;96.0;
1;2025-12-14;23;25.149;1.0;1.0;0.994;25.0;
1;2025-12-15;0;4.003;1.0;1.0;0.999;4.0;
1;2025-12-15;1;0.0;1.0;1.0;1.0;0.0;
1;2025-12-15;2;0.0;1.0;1.0;1.0;0.0;
1;2025-12-15;3;0.0;1.0;1.0;1.0;0.0;
1;2025-12-15;4;9.608;1.0;1.0;1.041;10.0;
1;2025-12-15;5;119.487;1.0;1.0;0.996;119.0;
1;2025-12-15;6;494.7;1.0;1.0;1.001;495.0;
1;2025-12-15;7;1471.844;1.0;1.0;1.0;1472.0;
1;2025-12-15;8;1954.78;1.0;1.0;1.0;1955.0;
1;2025-12-15;9;1465.13;1.0;1.0;1.0;1465.0;
1;2025-12-15;10;1328.521;1.0;1.0;1.0;1329.0;
1;2025-12-15;11;1316.511;1.0;1.0;1.0;1317.0;
1;2025-12-15;12;1379.765;1.0;1.0;1.0;1380.0;
1;2025-12-15;13;1437.907;1.0;1.0;1.0;1438.0;
1;2025-12-15;14;1379.088;1.0;1.0;1.0;1379.0;
1;2025-12-15;15;1503.132;1.0;1.0;1.0;1503.0;
1;2025-12-15;16;1521.733;1.0;1.0;1.0;1522.0;
1;2025-12-15;17;1788.422;1.0;1.0;1.0;1788.0;
1;2025-12-15;18;1855.249;1.0;1.0;1.0;1855.0;
1;2025-12-15;19;1359.563;1.0;1.0;1.0;1360.0;
1;2025-12-15;20;882.786;1.0;1.0;1.0;883.0;
1;2025-12-15;21;464.705;1.0;1.0;1.001;465.0;
1;2025-12-15;22;180.893;1.0;1.0;1.001;181.0;
1;2025-12-15;23;39.172;1.0;1.0;0.996;39.0;
1;2025-12-16;0;4.003;1.0;1.0;0.999;4.0;
1;2025-12-16;1;0.0;1.0;1.0;1.0;0.0;
1;2025-12-16;2;0.0;1.0;1.0;1.0;0.0;
1;2025-12-16;3;0.0;1.0;1.0;1.0;0.0;
1;2025-12-16;4;9.608;1.0;1.0;1.041;10.0;
1;2025-12-16;5;119.487;1.0;1.0;0.996;119.0;
1;2025-12-16;6;494.7;1.0;1.0;1.001;495.0;
1;2025-12-16;7;1471.844;1.0;1.0;1.0;1472.0;
1;2025-12-16;8;1954.78;1.0;1.0;1.0;1955.0;
1;2025-12-16;9;1465.13;1.0;1.0;1.0;1465.0;
1;2025-12-16;10;1328.521;1.0;1.0;1.0;1329.0;
1;2025-12-16;11;1316.511;1.0;1.0;1.0;1317.0;
1;2025-12-16;12;1379.765;1.0;1.0;1.0;1380.0;
1;2025-12-16;13;1437.907;1.0;1.0;1.0;1438.0;
1;2025-12-16;14;1379.088;1.0;1.0;1.0;1379.0;
1;2025-12-16;15;1503.132;1.0;1.0;1.0;1503.0;
1;2025-12-16;16;1521.733;1.0;1.0;1.0;1522.0;
1;2025-12-16;17;1788.422;1.0;1.0;1.0;1788.0;
1;2025-12-16;18;1855.249;1.0;1.0;1.0;1855.0;
1;2025-12-16;19;1359.563;1.0;1.0;1.0;1360.0;
1;2025-12-16;20;882.786;1.0;1.0;1.0;883.0;
1;2025-12-16;21;464.705;1.0;1.0;1.001;465.0;
1;2025-12-16;22;180.893;1.0;1.0;1.001;181.0;
1;2025-12-16;23;39.172;1.0;1.0;0.996;39.0;
1;2025-12-17;0;4.003;1.0;1.0;0.999;4.0;
1;2025-12-17;1;0.0;1.0;1.0;1.0;0.0;
1;2025-12-17;2;0.0;1.0;1.0;1.0;0.0;
1;2025-12-17;3;0.0;1.0;1.0;1.0;0.0;
1;2025-12-17;4;9.608;1.0;1.0;1.041;10.0;
1;2025-12-17;5;119.487;1.0;1.0;0.996;119.0;
1;2025-12-17;6;494.7;1.0;1.0;1.001;495.0;
1;2025-12-17;7;1471.844;1.0;1.0;1.0;1472.0;
1;2025-12-17;8;1954.78;1.0;1.0;1.0;1955.0;
1;2025-12-17;9;1465.13;1.0;1.0;1.0;1465.0;
1;2025-12-17;10;1328.521;1.0;1.0;1.0;1329.0;
1;2025-12-17;11;1316.511;1.0;1.0;1.0;1317.0;
1;2025-12-17;12;1379.765;1.0;1.0;1.0;1380.0;
1;2025-12-17;13;1437.907;1.0;1.0;1.0;1438.0;
1;2025-12-17;14;1379.088;1.0;1.0;1.0;1379.0;
1;2025-12-17;15;1503.132;1.0;1.0;1.0;1503.0;
1;2025-12-17;16;1521.733;1.0;1.0;1.0;1522.0;
1;2025-12-17;17;1788.422;1.0;1.0;1.0;1788.0;
1;2025-12-17;18;1855.249;1.0;1.0;1.0;1855.0;
1;2025-12-17;19;1359.563;1.0;1.0;1.0;1360.0;
1;2025-12-17;20;882.786;1.0;1.0;1.0;883.0;
1;2025-12-17;21;464.705;1.0;1.0;1.001;465.0;
1;2025-12-17;22;180.893;1.0;1.0;1.001;181.0;
1;2025-12-17;23;39.172;1.0;1.0;0.996;39.0;
1;2025-12-18;0;4.003;1.0;1.0;0.999;4.0;
1;2025-12-18;1;0.0;1.0;1.0;1.0;0.0;
1;2025-12-18;2;0.0;1.0;1.0;1.0;0.0;
1;2025-12-18;3;0.0;1.0;1.0;1.0;0.0;
1;2025-12-18;4;9.608;1.0;1.0;1.041;10.0;
1;2025-12-18;5;119.487;1.0;1.0;0.996;119.0;
1;2025-12-18;6;494.7;1.0;1.0;1.001;495.0;
1;2025-12-18;7;1471.844;1.0;1.0;1.0;1472.0;
1;2025-12-18;8;1954.78;1.0;1.0;1.0;1955.0;
1;2025-12-18;9;1465.13;1.0;1.0;1.0;1465.0;
1;2025-12-18;10;1328.521;1.0;1.0;1.0;1329.0;
1;2025-12-18;11;1316.511;1.0;1.0;1.0;1317.0;
1;2025-12-18;12;1379.765;1.0;1.0;1.0;1380.0;
1;2025-12-18;13;1437.907;1.0;1.0;1.0;1438.0;
1;2025-12-18;14;1379.088;1.0;1.0;1.0;1379.0;
1;2025-12-18;15;1503.132;1.0;1.0;1.0;1503.0;
1;2025-12-18;16;1521.733;1.0;1.0;1.0;1522.0;
1;2025-12-18;17;1788.422;1.0;1.0;1.0;1788.0;
1;2025-12-18;18;1855.249;1.0;1.0;1.0;1855.0;
1;2025-12-18;19;1359.563;1.0;1.0;1.0;1360.0;
1;2025-12-18;20;882.786;1.0;1.0;1.0;883.0;
1;2025-12-18;21;464.705;1.0;1.0;1.001;465.0;
1;2025-12-18;22;180.893;1.0;1.0;1.001;181.0;
1;2025-12-18;23;39.172;1.0;1.0;0.996;39.0;
1;2025-12-19;0;3.435;1.0;1.0;0.873;3.0;
1;2025-12-19;1;0.0;1.0;1.0;1.0;0.0;
1;2025-12-19;2;0.0;1.0;1.0;1.0;0.0;
1;2025-12-19;3;0.0;1.0;1.0;1.0;0.0;
1;2025-12-19;4;6.625;1.0;1.0;1.057;7.0;
1;2025-12-19;5;135.196;1.0;1.0;0.999;135.0;
1;2025-12-19;6;476.006;1.0;1.0;1.0;476.0;
1;2025-12-19;7;1499.42;1.0;1.0;1.0;1499.0;
1;2025-12-19;8;1820.847;1.0;1.0;1.0;1821.0;
1;2025-12-19;9;1416.732;1.0;1.0;1.0;1417.0;
1;2025-12-19;10;1260.926;1.0;1.0;1.0;1261.0;
1;2025-12-19;11;1345.331;1.0;1.0;1.0;1345.0;
1;2025-12-19;12;1341.406;1.0;1.0;1.0;1341.0;
1;2025-12-19;13;1388.761;1.0;1.0;1.0;1389.0;
1;2025-12-19;14;1304.846;1.0;1.0;1.0;1305.0;
1;2025-12-19;15;1472.185;1.0;1.0;1.0;1472.0;
1;2025-12-19;16;1586.279;1.0;1.0;1.0;1586.0;
1;2025-12-19;17;1812.505;1.0;1.0;1.0;1813.0;
1;2025-12-19;18;1464.824;1.0;1.0;1.0;1465.0;
1;2025-12-19;19;1225.103;1.0;1.0;1.0;1225.0;
1;2025-12-19;20;785.411;1.0;1.0;1.0;785.0;
1;2025-12-19;21;477.724;1.0;1.0;1.001;478.0;
1;2025-12-19;22;175.435;1.0;1.0;0.998;175.0;
1;2025-12-19;23;39.504;1.0;1.0;1.013;40.0;
1;2025-12-20;0;4.244;1.0;1.0;0.942;4.0;
1;2025-12-20;1;0.0;1.0;1.0;1.0;0.0;
1;2025-12-20;2;0.0;1.0;1.0;1.0;0.0;
1;2025-12-20;3;0.0;1.0;1.0;1.0;0.0;
1;2025-12-20;4;0.531;1.0;1.0;1.885;1.0;
1;2025-12-20;5;33.157;1.0;1.0;0.995;33.0;
1;2025-12-20;6;162.868;1.0;1.0;1.001;163.0;
1;2025-12-20;7;377.992;1.0;1.0;1.0;378.0;
1;2025-12-20;8;523.353;1.0;1.0;0.999;523.0;
1;2025-12-20;9;806.648;1.0;1.0;1.0;807.0;
1;2025-12-20;10;988.88;1.0;1.0;1.0;989.0;
1;2025-12-20;11;969.782;1.0;1.0;1.0;970.0;
1;2025-12-20;12;1170.317;1.0;1.0;1.0;1170.0;
1;2025-12-20;13;1223.103;1.0;1.0;1.0;1223.0;
1;2025-12-20;14;1135.303;1.0;1.0;1.0;1135.0;
1;2025-12-20;15;984.901;1.0;1.0;1.0;985.0;
1;2025-12-20;16;838.214;1.0;1.0;1.0;838.0;
1;2025-12-20;17;786.489;1.0;1.0;0.999;786.0;
1;2025-12-20;18;689.139;1.0;1.0;1.0;689.0;
1;2025-12-20;19;593.647;1.0;1.0;1.001;594.0;
1;2025-12-20;20;455.978;1.0;1.0;1.0;456.0;
1;2025-12-20;21;320.166;1.0;1.0;1.0;320.0;
1;2025-12-20;22;126.528;1.0;1.0;1.004;127.0;
1;2025-12-20;23;26.261;1.0;1.0;0.99;26.0;
1;2025-12-21;0;0.0;1.0;1.0;1.0;0.0;
1;2025-12-21;1;0.0;1.0;1.0;1.0;0.0;
1;2025-12-21;2;0.0;1.0;1.0;1.0;0.0;
1;2025-12-21;3;0.0;1.0;1.0;1.0;0.0;
1;2025-12-21;4;0.0;1.0;1.0;1.0;0.0;
1;2025-12-21;5;19.692;1.0;1.0;1.016;20.0;
1;2025-12-21;6;110.324;1.0;1.0;0.997;110.0;
1;2025-12-21;7;253.864;1.0;1.0;1.0;254.0;
1;2025-12-21;8;342.361;1.0;1.0;0.999;342.0;
1;2025-12-21;9;593.377;1.0;1.0;0.999;593.0;
1;2025-12-21;10;660.284;1.0;1.0;1.0;660.0;
1;2025-12-21;11;697.533;1.0;1.0;1.001;698.0;
1;2025-12-21;12;803.349;1.0;1.0;1.0;803.0;
1;2025-12-21;13;834.192;1.0;1.0;1.0;834.0;
1;2025-12-21;14;776.776;1.0;1.0;1.0;777.0;
1;2025-12-21;15;693.5;1.0;1.0;0.999;693.0;
1;2025-12-21;16;638.219;1.0;1.0;1.0;638.0;
1;2025-12-21;17;559.687;1.0;1.0;1.001;560.0;
1;2025-12-21;18;484.477;1.0;1.0;0.999;484.0;
1;2025-12-21;19;421.13;1.0;1.0;1.0;421.0;
1;2025-12-21;20;322.431;1.0;1.0;0.999;322.0;
1;2025-12-21;21;264.066;1.0;1.0;1.0;264.0;
1;2025-12-21;22;96.089;1.0;1.0;0.999;96.0;
1;2025-12-21;23;25.149;1.0;1.0;0.994;25.0;
1;2025-12-22;0;4.003;1.0;1.0;0.999;4.0;
1;2025-12-22;1;0.0;1.0;1.0;1.0;0.0;
1;2025-12-22;2;0.0;1.0;1.0;1.0;0.0;
1;2025-12-22;3;0.0;1.0;1.0;1.0;0.0;
1;2025-12-22;4;9.608;1.0;1.0;1.041;10.0;
1;2025-12-22;5;119.487;1.0;1.0;0.996;119.0;
1;2025-12-22;6;494.7;1.0;1.0;1.001;495.0;
1;2025-12-22;7;1471.844;1.0;1.0;1.0;1472.0;
1;2025-12-22;8;1954.78;1.0;1.0;1.0;1955.0;
1;2025-12-22;9;1465.13;1.0;1.0;1.0;1465.0;
1;2025-12-22;10;1328.521;1.0;1.0;1.0;1329.0;
1;2025-12-22;11;1316.511;1.0;1.0;1.0;1317.0;
1;2025-12-22;12;1379.765;1.0;1.0;1.0;1380.0;
1;2025-12-22;13;1437.907;1.0;1.0;1.0;1438.0;
1;2025-12-22;14;1379.088;1.0;1.0;1.0;1379.0;
1;2025-12-22;15;1503.132;1.0;1.0;1.0;1503.0;
1;2025-12-22;16;1521.733;1.0;1.0;1.0;1522.0;
1;2025-12-22;17;1788.422;1.0;1.0;1.0;1788.0;
1;2025-12-22;18;1855.249;1.0;1.0;1.0;1855.0;
1;2025-12-22;19;1359.563;1.0;1.0;1.0;1360.0;
1;2025-12-22;20;882.786;1.0;1.0;1.0;883.0;
1;2025-12-22;21;464.705;1.0;1.0;1.001;465.0;
1;2025-12-22;22;180.893;1.0;1.0;1.001;181.0;
1;2025-12-22;23;39.172;1.0;1.0;0.996;39.0;
1;2025-12-23;0;4.003;1.0;1.0;0.999;4.0;
1;2025-12-23;1;0.0;1.0;1.0;1.0;0.0;
1;2025-12-23;2;0.0;1.0;1.0;1.0;0.0;
1;2025-12-23;3;0.0;1.0;1.0;1.0;0.0;
1;2025-12-23;4;9.608;1.0;1.0;1.041;10.0;
1;2025-12-23;5;119.487;1.0;1.0;0.996;119.0;
1;2025-12-23;6;494.7;1.0;1.0;1.001;495.0;
1;2025-12-23;7;1471.844;1.0;1.0;1.0;1472.0;
1;2025-12-23;8;1954.78;1.0;1.0;1.0;1955.0;
1;2025-12-23;9;1465.13;1.0;1.0;1.0;1465.0;
1;2025-12-23;10;1328.521;1.0;1.0;1.0;1329.0;
1;2025-12-23;11;1316.511;1.0;1.0;1.0;1317.0;
1;2025-12-23;12;1379.765;1.0;1.0;1.0;1380.0;
1;2025-12-23;13;1437.907;1.0;1.0;1.0;1438.0;
1;2025-12-23;14;1379.088;1.0;1.0;1.0;1379.0;
1;2025-12-23;15;1503.132;1.0;1.0;1.0;1503.0;
1;2025-12-23;16;1521.733;1.0;1.0;1.0;1522.0;
1;2025-12-23;17;1788.422;1.0;1.0;1.0;1788.0;
1;2025-12-23;18;1855.249;1.0;1.0;1.0;1855.0;
1;2025-12-23;19;1359.563;1.0;1.0;1.0;1360.0;
1;2025-12-23;20;882.786;1.0;1.0;1.0;883.0;
1;2025-12-23;21;464.705;1.0;1.0;1.001;465.0;
1;2025-12-23;22;180.893;1.0;1.0;1.001;181.0;
1;2025-12-23;23;39.172;1.0;1.0;0.996;39.0;
1;2025-12-24;0;4.003;1.0;1.0;0.999;4.0;
1;2025-12-24;1;0.0;1.0;1.0;1.0;0.0;
1;2025-12-24;2;0.0;1.0;1.0;1.0;0.0;
1;2025-12-24;3;0.0;1.0;1.0;1.0;0.0;
1;2025-12-24;4;9.608;1.0;1.0;1.041;10.0;
1;2025-12-24;5;119.487;1.0;1.0;0.996;119.0;
1;2025-12-24;6;494.7;1.0;1.0;1.001;495.0;
1;2025-12-24;7;1471.844;1.0;1.0;1.0;1472.0;
1;2025-12-24;8;1954.78;1.0;1.0;1.0;1955.0;
1;2025-12-24;9;1465.13;1.0;1.0;1.0;1465.0;
1;2025-12-24;10;1328.521;1.0;1.0;1.0;1329.0;
1;2025-12-24;11;1316.511;1.0;1.0;1.0;1317.0;
1;2025-12-24;12;1379.765;1.0;1.0;1.0;1380.0;
1;2025-12-24;13;1437.907;1.0;1.0;1.0;1438.0;
1;2025-12-24;14;1379.088;1.0;1.0;1.0;1379.0;
1;2025-12-24;15;1503.132;1.0;1.0;1.0;1503.0;
1;2025-12-24;16;1521.733;1.0;1.0;1.0;1522.0;
1;2025-12-24;17;1788.422;1.0;1.0;1.0;1788.0;
1;2025-12-24;18;1855.249;1.0;1.0;1.0;1855.0;
1;2025-12-24;19;1359.563;1.0;1.0;1.0;1360.0;
1;2025-12-24;20;882.786;1.0;1.0;1.0;883.0;
1;2025-12-24;21;464.705;1.0;1.0;1.001;465.0;
1;2025-12-24;22;180.893;1.0;1.0;1.001;181.0;
1;2025-12-24;23;39.172;1.0;1.0;0.996;39.0;
1;2025-12-25;0;4.003;1.0;1.0;0.999;4.0;
1;2025-12-25;1;0.0;1.0;1.0;1.0;0.0;
1;2025-12-25;2;0.0;1.0;1.0;1.0;0.0;
1;2025-12-25;3;0.0;1.0;1.0;1.0;0.0;
1;2025-12-25;4;9.608;1.0;1.0;1.041;10.0;
1;2025-12-25;5;119.487;1.0;1.0;0.996;119.0;
1;2025-12-25;6;494.7;1.0;1.0;1.001;495.0;
1;2025-12-25;7;1471.844;1.0;1.0;1.0;1472.0;
1;2025-12-25;8;1954.78;1.0;1.0;1.0;1955.0;
1;2025-12-25;9;1465.13;1.0;1.0;1.0;1465.0;
1;2025-12-25;10;1328.521;1.0;1.0;1.0;1329.0;
1;2025-12-25;11;1316.511;1.0;1.0;1.0;1317.0;
1;2025-12-25;12;1379.765;1.0;1.0;1.0;1380.0;
1;2025-12-25;13;1437.907;1.0;1.0;1.0;1438.0;
1;2025-12-25;14;1379.088;1.0;1.0;1.0;1379.0;
1;2025-12-25;15;1503.132;1.0;1.0;1.0;1503.0;
1;2025-12-25;16;1521.733;1.0;1.0;1.0;1522.0;
1;2025-12-25;17;1788.422;1.0;1.0;1.0;1788.0;
1;2025-12-25;18;1855.249;1.0;1.0;1.0;1855.0;
1;2025-12-25;19;1359.563;1.0;1.0;1.0;1360.0;
1;2025-12-25;20;882.786;1.0;1.0;1.0;883.0;
1;2025-12-25;21;464.705;1.0;1.0;1.001;465.0;
1;2025-12-25;22;180.893;1.0;1.0;1.001;181.0;
1;2025-12-25;23;39.172;1.0;1.0;0.996;39.0;
1;2025-12-26;0;3.435;1.0;1.0;0.873;3.0;
1;2025-12-26;1;0.0;1.0;1.0;1.0;0.0;
1;2025-12-26;2;0.0;1.0;1.0;1.0;0.0;
1;2025-12-26;3;0.0;1.0;1.0;1.0;0.0;
1;2025-12-26;4;6.625;1.0;1.0;1.057;7.0;
1;2025-12-26;5;135.196;1.0;1.0;0.999;135.0;
1;2025-12-26;6;476.006;1.0;1.0;1.0;476.0;
1;2025-12-26;7;1499.42;1.0;1.0;1.0;1499.0;
1;2025-12-26;8;1820.847;1.0;1.0;1.0;1821.0;
1;2025-12-26;9;1416.732;1.0;1.0;1.0;1417.0;
1;2025-12-26;10;1260.926;1.0;1.0;1.0;1261.0;
1;2025-12-26;11;1345.331;1.0;1.0;1.0;1345.0;
1;2025-12-26;12;1341.406;1.0;1.0;1.0;1341.0;
1;2025-12-26;13;1388.761;1.0;1.0;1.0;1389.0;
1;2025-12-26;14;1304.846;1.0;1.0;1.0;1305.0;
1;2025-12-26;15;1472.185;1.0;1.0;1.0;1472.0;
1;2025-12-26;16;1586.279;1.0;1.0;1.0;1586.0;
1;2025-12-26;17;1812.505;1.0;1.0;1.0;1813.0;
1;2025-12-26;18;1464.824;1.0;1.0;1.0;1465.0;
1;2025-12-26;19;1225.103;1.0;1.0;1.0;1225.0;
1;2025-12-26;20;785.411;1.0;1.0;1.0;785.0;
1;2025-12-26;21;477.724;1.0;1.0;1.001;478.0;
1;2025-12-26;22;175.435;1.0;1.0;0.998;175.0;
1;2025-12-26;23;39.504;1.0;1.0;1.013;40.0;
1;2025-12-27;0;4.244;1.0;1.0;0.942;4.0;
1;2025-12-27;1;0.0;1.0;1.0;1.0;0.0;
1;2025-12-27;2;0.0;1.0;1.0;1.0;0.0;
1;2025-12-27;3;0.0;1.0;1.0;1.0;0.0;
1;2025-12-27;4;0.531;1.0;1.0;1.885;1.0;
1;2025-12-27;5;33.157;1.0;1.0;0.995;33.0;
1;2025-12-27;6;162.868;1.0;1.0;1.001;163.0;
1;2025-12-27;7;377.992;1.0;1.0;1.0;378.0;
1;2025-12-27;8;523.353;1.0;1.0;0.999;523.0;
1;2025-12-27;9;806.648;1.0;1.0;1.0;807.0;
1;2025-12-27;10;988.88;1.0;1.0;1.0;989.0;
1;2025-12-27;11;969.782;1.0;1.0;1.0;970.0;
1;2025-12-27;12;1170.317;1.0;1.0;1.0;1170.0;
1;2025-12-27;13;1223.103;1.0;1.0;1.0;1223.0;
1;2025-12-27;14;1135.303;1.0;1.0;1.0;1135.0;
1;2025-12-27;15;984.901;1.0;1.0;1.0;985.0;
1;2025-12-27;16;838.214;1.0;1.0;1.0;838.0;
1;2025-12-27;17;786.489;1.0;1.0;0.999;786.0;
1;2025-12-27;18;689.139;1.0;1.0;1.0;689.0;
1;2025-12-27;19;593.647;1.0;1.0;1.001;594.0;
1;2025-12-27;20;455.978;1.0;1.0;1.0;456.0;
1;2025-12-27;21;320.166;1.0;1.0;1.0;320.0;
1;2025-12-27;22;126.528;1.0;1.0;1.004;127.0;
1;2025-12-27;23;26.261;1.0;1.0;0.99;26.0;
1;2025-12-28;0;0.0;1.0;1.0;1.0;0.0;
1;2025-12-28;1;0.0;1.0;1.0;1.0;0.0;
1;2025-12-28;2;0.0;1.0;1.0;1.0;0.0;
1;2025-12-28;3;0.0;1.0;1.0;1.0;0.0;
1;2025-12-28;4;0.0;1.0;1.0;1.0;0.0;
1;2025-12-28;5;19.692;1.0;1.0;1.016;20.0;
1;2025-12-28;6;110.324;1.0;1.0;0.997;110.0;
1;2025-12-28;7;253.864;1.0;1.0;1.0;254.0;
1;2025-12-28;8;342.361;1.0;1.0;0.999;342.0;
1;2025-12-28;9;593.377;1.0;1.0;0.999;593.0;
1;2025-12-28;10;660.284;1.0;1.0;1.0;660.0;
1;2025-12-28;11;697.533;1.0;1.0;1.001;698.0;
1;2025-12-28;12;803.349;1.0;1.0;1.0;803.0;
1;2025-12-28;13;834.192;1.0;1.0;1.0;834.0;
1;2025-12-28;14;776.776;1.0;1.0;1.0;777.0;
1;2025-12-28;15;693.5;1.0;1.0;0.999;693.0;
1;2025-12-28;16;638.219;1.0;1.0;1.0;638.0;
1;2025-12-28;17;559.687;1.0;1.0;1.001;560.0;
1;2025-12-28;18;484.477;1.0;1.0;0.999;484.0;
1;2025-12-28;19;421.13;1.0;1.0;1.0;421.0;
1;2025-12-28;20;322.431;1.0;1.0;0.999;322.0;
1;2025-12-28;21;264.066;1.0;1.0;1.0;264.0;
1;2025-12-28;22;96.089;1.0;1.0;0.999;96.0;
1;2025-12-28;23;25.149;1.0;1.0;0.994;25.0;
1;2025-12-29;0;4.003;0.88;1.0;1.135;4.0;
1;2025-12-29;1;0.0;0.88;1.0;1.0;0.0;
1;2025-12-29;2;0.0;0.88;1.0;1.0;0.0;
1;2025-12-29;3;0.0;0.88;1.0;1.0;0.0;
1;2025-12-29;4;9.608;0.88;1.0;0.946;8.0;
1;2025-12-29;5;119.487;0.88;1.0;0.999;105.0;
1;2025-12-29;6;494.7;0.88;1.0;0.999;435.0;
1;2025-12-29;7;1471.844;0.88;1.0;1.0;1295.0;
1;2025-12-29;8;1954.78;0.88;1.0;1.0;1720.0;
1;2025-12-29;9;1465.13;0.88;1.0;1.0;1289.0;
1;2025-12-29;10;1328.521;0.88;1.0;1.0;1169.0;
1;2025-12-29;11;1316.511;0.88;1.0;1.0;1159.0;
1;2025-12-29;12;1379.765;0.88;1.0;1.0;1214.0;
1;2025-12-29;13;1437.907;0.88;1.0;1.0;1265.0;
1;2025-12-29;14;1379.088;0.88;1.0;1.0;1214.0;
1;2025-12-29;15;1503.132;0.88;1.0;1.0;1323.0;
1;2025-12-29;16;1521.733;0.88;1.0;1.0;1339.0;
1;2025-12-29;17;1788.422;0.88;1.0;1.0;1574.0;
1;2025-12-29;18;1855.249;0.88;1.0;1.0;1633.0;
1;2025-12-29;19;1359.563;0.88;1.0;1.0;1196.0;
1;2025-12-29;20;882.786;0.88;1.0;1.0;777.0;
1;2025-12-29;21;464.705;0.88;1.0;1.0;409.0;
1;2025-12-29;22;180.893;0.88;1.0;0.999;159.0;
1;2025-12-29;23;39.172;0.88;1.0;0.986;34.0;
1;2025-12-30;0;4.003;0.88;1.0;1.135;4.0;
1;2025-12-30;1;0.0;0.88;1.0;1.0;0.0;
1;2025-12-30;2;0.0;0.88;1.0;1.0;0.0;
1;2025-12-30;3;0.0;0.88;1.0;1.0;0.0;
1;2025-12-30;4;9.608;0.88;1.0;0.946;8.0;
1;2025-12-30;5;119.487;0.88;1.0;0.999;105.0;
1;2025-12-30;6;494.7;0.88;1.0;0.999;435.0;
1;2025-12-30;7;1471.844;0.88;1.0;1.0;1295.0;
1;2025-12-30;8;1954.78;0.88;1.0;1.0;1720.0;
1;2025-12-30;9;1465.13;0.88;1.0;1.0;1289.0;
1;2025-12-30;10;1328.521;0.88;1.0;1.0;1169.0;
1;2025-12-30;11;1316.511;0.88;1.0;1.0;1159.0;
1;2025-12-30;12;1379.765;0.88;1.0;1.0;1214.0;
1;2025-12-30;13;1437.907;0.88;1.0;1.0;1265.0;
1;2025-12-30;14;1379.088;0.88;1.0;1.0;1214.0;
1;2025-12-30;15;1503.132;0.88;1.0;1.0;1323.0;
1;2025-12-30;16;1521.733;0.88;1.0;1.0;1339.0;
1;2025-12-30;17;1788.422;0.88;1.0;1.0;1574.0;
1;2025-12-30;18;1855.249;0.88;1.0;1.0;1633.0;
1;2025-12-30;19;1359.563;0.88;1.0;1.0;1196.0;
1;2025-12-30;20;882.786;0.88;1.0;1.0;777.0;
1;2025-12-30;21;464.705;0.88;1.0;1.0;409.0;
1;2025-12-30;22;180.893;0.88;1.0;0.999;159.0;
1;2025-12-30;23;39.172;0.88;1.0;0.986;34.0;
1;2025-12-31;0;4.244;0.8;1.0;0.884;3.0;
1;2025-12-31;1;0.0;0.8;1.0;1.0;0.0;
1;2025-12-31;2;0.0;0.8;1.0;1.0;0.0;
1;2025-12-31;3;0.0;0.8;1.0;1.0;0.0;
1;2025-12-31;4;0.531;0.8;1.0;0.0;0.0;
1;2025-12-31;5;33.157;0.8;1.0;1.018;27.0;
1;2025-12-31;6;162.868;0.8;1.0;0.998;130.0;
1;2025-12-31;7;377.992;0.8;1.0;0.999;302.0;
1;2025-12-31;8;523.353;0.8;1.0;1.001;419.0;
1;2025-12-31;9;806.648;0.8;1.0;1.0;645.0;
1;2025-12-31;10;988.88;0.8;1.0;1.0;791.0;
1;2025-12-31;11;969.782;0.8;1.0;1.0;776.0;
1;2025-12-31;12;1170.317;0.8;1.0;1.0;936.0;
1;2025-12-31;13;1223.103;0.8;1.0;1.0;978.0;
1;2025-12-31;14;1135.303;0.8;1.0;1.0;908.0;
1;2025-12-31;15;984.901;0.8;1.0;1.0;788.0;
1;2025-12-31;16;838.214;0.8;1.0;1.001;671.0;
1;2025-12-31;17;786.489;0.8;1.0;1.0;629.0;
1;2025-12-31;18;689.139;0.8;1.0;0.999;551.0;
1;2025-12-31;19;593.647;0.8;1.0;1.0;475.0;
1;2025-12-31;20;455.978;0.8;1.0;0.0;0.0;free fare New Year night
1;2025-12-31;21;320.166;0.8;1.0;0.0;0.0;free fare New Year night
1;2025-12-31;22;126.528;0.8;1.0;0.0;0.0;free fare New Year night
1;2025-12-31;23;26.261;0.8;1.0;0.0;0.0;free fare New Year night
5;2025-11-01;0;0.0;0.8;1.0;1.0;0.0;
5;2025-11-01;1;0.0;0.8;1.0;1.0;0.0;
5;2025-11-01;2;0.0;0.8;1.0;1.0;0.0;
5;2025-11-01;3;0.0;0.8;1.0;1.0;0.0;
5;2025-11-01;4;0.0;0.8;1.0;1.0;0.0;
5;2025-11-01;5;0.0;0.8;1.0;1.0;0.0;
5;2025-11-01;6;0.0;0.8;1.0;1.0;0.0;
5;2025-11-01;7;0.0;0.8;1.0;1.0;0.0;
5;2025-11-01;8;0.0;0.8;1.0;1.0;0.0;
5;2025-11-01;9;0.0;0.8;1.0;1.0;0.0;
5;2025-11-01;10;0.0;0.8;1.0;1.0;0.0;
5;2025-11-01;11;0.0;0.8;1.0;1.0;0.0;
5;2025-11-01;12;0.0;0.8;1.0;1.0;0.0;
5;2025-11-01;13;0.0;0.8;1.0;1.0;0.0;
5;2025-11-01;14;0.0;0.8;1.0;1.0;0.0;
5;2025-11-01;15;0.0;0.8;1.0;1.0;0.0;
5;2025-11-01;16;0.0;0.8;1.0;1.0;0.0;
5;2025-11-01;17;0.0;0.8;1.0;1.0;0.0;
5;2025-11-01;18;0.0;0.8;1.0;1.0;0.0;
5;2025-11-01;19;0.0;0.8;1.0;1.0;0.0;
5;2025-11-01;20;0.0;0.8;1.0;1.0;0.0;
5;2025-11-01;21;0.0;0.8;1.0;1.0;0.0;
5;2025-11-01;22;0.0;0.8;1.0;1.0;0.0;
5;2025-11-01;23;0.0;0.8;1.0;1.0;0.0;
5;2025-11-02;0;0.0;1.0;1.0;1.0;0.0;
5;2025-11-02;1;0.0;1.0;1.0;1.0;0.0;
5;2025-11-02;2;0.0;1.0;1.0;1.0;0.0;
5;2025-11-02;3;0.0;1.0;1.0;1.0;0.0;
5;2025-11-02;4;0.0;1.0;1.0;1.0;0.0;
5;2025-11-02;5;0.0;1.0;1.0;1.0;0.0;
5;2025-11-02;6;0.0;1.0;1.0;1.0;0.0;
5;2025-11-02;7;0.0;1.0;1.0;1.0;0.0;
5;2025-11-02;8;0.0;1.0;1.0;1.0;0.0;
5;2025-11-02;9;0.0;1.0;1.0;1.0;0.0;
5;2025-11-02;10;0.0;1.0;1.0;1.0;0.0;
5;2025-11-02;11;0.0;1.0;1.0;1.0;0.0;
5;2025-11-02;12;0.0;1.0;1.0;1.0;0.0;
5;2025-11-02;13;0.0;1.0;1.0;1.0;0.0;
5;2025-11-02;14;0.0;1.0;1.0;1.0;0.0;
5;2025-11-02;15;0.0;1.0;1.0;1.0;0.0;
5;2025-11-02;16;0.0;1.0;1.0;1.0;0.0;
5;2025-11-02;17;0.0;1.0;1.0;1.0;0.0;
5;2025-11-02;18;0.0;1.0;1.0;1.0;0.0;
5;2025-11-02;19;0.0;1.0;1.0;1.0;0.0;
5;2025-11-02;20;0.0;1.0;1.0;1.0;0.0;
5;2025-11-02;21;0.0;1.0;1.0;1.0;0.0;
5;2025-11-02;22;0.0;1.0;1.0;1.0;0.0;
5;2025-11-02;23;0.0;1.0;1.0;1.0;0.0;
5;2025-11-03;0;0.0;1.0;1.0;1.0;0.0;
5;2025-11-03;1;0.0;1.0;1.0;1.0;0.0;
5;2025-11-03;2;0.0;1.0;1.0;1.0;0.0;
5;2025-11-03;3;0.0;1.0;1.0;1.0;0.0;
5;2025-11-03;4;0.0;1.0;1.0;1.0;0.0;
5;2025-11-03;5;0.0;1.0;1.0;1.0;0.0;
5;2025-11-03;6;0.0;1.0;1.0;1.0;0.0;
5;2025-11-03;7;0.0;1.0;1.0;1.0;0.0;
5;2025-11-03;8;0.0;1.0;1.0;1.0;0.0;
5;2025-11-03;9;0.0;1.0;1.0;1.0;0.0;
5;2025-11-03;10;0.0;1.0;1.0;1.0;0.0;
5;2025-11-03;11;0.0;1.0;1.0;1.0;0.0;
5;2025-11-03;12;0.0;1.0;1.0;1.0;0.0;
5;2025-11-03;13;0.0;1.0;1.0;1.0;0.0;
5;2025-11-03;14;0.0;1.0;1.0;1.0;0.0;
5;2025-11-03;15;0.0;1.0;1.0;1.0;0.0;
5;2025-11-03;16;0.0;1.0;1.0;1.0;0.0;
5;2025-11-03;17;0.0;1.0;1.0;1.0;0.0;
5;2025-11-03;18;0.0;1.0;1.0;1.0;0.0;
5;2025-11-03;19;0.0;1.0;1.0;1.0;0.0;
5;2025-11-03;20;0.0;1.0;1.0;1.0;0.0;
5;2025-11-03;21;0.0;1.0;1.0;1.0;0.0;
5;2025-11-03;22;0.0;1.0;1.0;1.0;0.0;
5;2025-11-03;23;0.0;1.0;1.0;1.0;0.0;
5;2025-11-04;0;0.0;1.0;1.0;1.0;0.0;
5;2025-11-04;1;0.0;1.0;1.0;1.0;0.0;
5;2025-11-04;2;0.0;1.0;1.0;1.0;0.0;
5;2025-11-04;3;0.0;1.0;1.0;1.0;0.0;
5;2025-11-04;4;0.0;1.0;1.0;1.0;0.0;
5;2025-11-04;5;0.0;1.0;1.0;1.0;0.0;
5;2025-11-04;6;0.0;1.0;1.0;1.0;0.0;
5;2025-11-04;7;0.0;1.0;1.0;1.0;0.0;
5;2025-11-04;8;0.0;1.0;1.0;1.0;0.0;
5;2025-11-04;9;0.0;1.0;1.0;1.0;0.0;
5;2025-11-04;10;0.0;1.0;1.0;1.0;0.0;
5;2025-11-04;11;0.0;1.0;1.0;1.0;0.0;
5;2025-11-04;12;0.0;1.0;1.0;1.0;0.0;
5;2025-11-04;13;0.0;1.0;1.0;1.0;0.0;
5;2025-11-04;14;0.0;1.0;1.0;1.0;0.0;
5;2025-11-04;15;0.0;1.0;1.0;1.0;0.0;
5;2025-11-04;16;0.0;1.0;1.0;1.0;0.0;
5;2025-11-04;17;0.0;1.0;1.0;1.0;0.0;
5;2025-11-04;18;0.0;1.0;1.0;1.0;0.0;
5;2025-11-04;19;0.0;1.0;1.0;1.0;0.0;
5;2025-11-04;20;0.0;1.0;1.0;1.0;0.0;
5;2025-11-04;21;0.0;1.0;1.0;1.0;0.0;
5;2025-11-04;22;0.0;1.0;1.0;1.0;0.0;
5;2025-11-04;23;0.0;1.0;1.0;1.0;0.0;
5;2025-11-05;0;0.0;1.0;1.0;1.0;0.0;
5;2025-11-05;1;0.0;1.0;1.0;1.0;0.0;
5;2025-11-05;2;0.0;1.0;1.0;1.0;0.0;
5;2025-11-05;3;0.0;1.0;1.0;1.0;0.0;
5;2025-11-05;4;0.0;1.0;1.0;1.0;0.0;
5;2025-11-05;5;0.0;1.0;1.0;1.0;0.0;
5;2025-11-05;6;0.0;1.0;1.0;1.0;0.0;
5;2025-11-05;7;0.0;1.0;1.0;1.0;0.0;
5;2025-11-05;8;0.0;1.0;1.0;1.0;0.0;
5;2025-11-05;9;0.0;1.0;1.0;1.0;0.0;
5;2025-11-05;10;0.0;1.0;1.0;1.0;0.0;
5;2025-11-05;11;0.0;1.0;1.0;1.0;0.0;
5;2025-11-05;12;0.0;1.0;1.0;1.0;0.0;
5;2025-11-05;13;0.0;1.0;1.0;1.0;0.0;
5;2025-11-05;14;0.0;1.0;1.0;1.0;0.0;
5;2025-11-05;15;0.0;1.0;1.0;1.0;0.0;
5;2025-11-05;16;0.0;1.0;1.0;1.0;0.0;
5;2025-11-05;17;0.0;1.0;1.0;1.0;0.0;
5;2025-11-05;18;0.0;1.0;1.0;1.0;0.0;
5;2025-11-05;19;0.0;1.0;1.0;1.0;0.0;
5;2025-11-05;20;0.0;1.0;1.0;1.0;0.0;
5;2025-11-05;21;0.0;1.0;1.0;1.0;0.0;
5;2025-11-05;22;0.0;1.0;1.0;1.0;0.0;
5;2025-11-05;23;0.0;1.0;1.0;1.0;0.0;
5;2025-11-06;0;0.0;1.0;1.0;1.0;0.0;
5;2025-11-06;1;0.0;1.0;1.0;1.0;0.0;
5;2025-11-06;2;0.0;1.0;1.0;1.0;0.0;
5;2025-11-06;3;0.0;1.0;1.0;1.0;0.0;
5;2025-11-06;4;0.0;1.0;1.0;1.0;0.0;
5;2025-11-06;5;0.0;1.0;1.0;1.0;0.0;
5;2025-11-06;6;0.0;1.0;1.0;1.0;0.0;
5;2025-11-06;7;0.0;1.0;1.0;1.0;0.0;
5;2025-11-06;8;0.0;1.0;1.0;1.0;0.0;
5;2025-11-06;9;0.0;1.0;1.0;1.0;0.0;
5;2025-11-06;10;0.0;1.0;1.0;1.0;0.0;
5;2025-11-06;11;0.0;1.0;1.0;1.0;0.0;
5;2025-11-06;12;0.0;1.0;1.0;1.0;0.0;
5;2025-11-06;13;0.0;1.0;1.0;1.0;0.0;
5;2025-11-06;14;0.0;1.0;1.0;1.0;0.0;
5;2025-11-06;15;0.0;1.0;1.0;1.0;0.0;
5;2025-11-06;16;0.0;1.0;1.0;1.0;0.0;
5;2025-11-06;17;0.0;1.0;1.0;1.0;0.0;
5;2025-11-06;18;0.0;1.0;1.0;1.0;0.0;
5;2025-11-06;19;0.0;1.0;1.0;1.0;0.0;
5;2025-11-06;20;0.0;1.0;1.0;1.0;0.0;
5;2025-11-06;21;0.0;1.0;1.0;1.0;0.0;
5;2025-11-06;22;0.0;1.0;1.0;1.0;0.0;
5;2025-11-06;23;0.0;1.0;1.0;1.0;0.0;
5;2025-11-07;0;0.0;1.0;1.0;1.0;0.0;
5;2025-11-07;1;0.0;1.0;1.0;1.0;0.0;
5;2025-11-07;2;0.0;1.0;1.0;1.0;0.0;
5;2025-11-07;3;0.0;1.0;1.0;1.0;0.0;
5;2025-11-07;4;0.0;1.0;1.0;1.0;0.0;
5;2025-11-07;5;0.0;1.0;1.0;1.0;0.0;
5;2025-11-07;6;0.0;1.0;1.0;1.0;0.0;
5;2025-11-07;7;0.0;1.0;1.0;1.0;0.0;
5;2025-11-07;8;0.0;1.0;1.0;1.0;0.0;
5;2025-11-07;9;0.0;1.0;1.0;1.0;0.0;
5;2025-11-07;10;0.0;1.0;1.0;1.0;0.0;
5;2025-11-07;11;0.0;1.0;1.0;1.0;0.0;
5;2025-11-07;12;0.0;1.0;1.0;1.0;0.0;
5;2025-11-07;13;0.0;1.0;1.0;1.0;0.0;
5;2025-11-07;14;0.0;1.0;1.0;1.0;0.0;
5;2025-11-07;15;0.0;1.0;1.0;1.0;0.0;
5;2025-11-07;16;0.0;1.0;1.0;1.0;0.0;
5;2025-11-07;17;0.0;1.0;1.0;1.0;0.0;
5;2025-11-07;18;0.0;1.0;1.0;1.0;0.0;
5;2025-11-07;19;0.0;1.0;1.0;1.0;0.0;
5;2025-11-07;20;0.0;1.0;1.0;1.0;0.0;
5;2025-11-07;21;0.0;1.0;1.0;1.0;0.0;
5;2025-11-07;22;0.0;1.0;1.0;1.0;0.0;
5;2025-11-07;23;0.0;1.0;1.0;1.0;0.0;
5;2025-11-08;0;0.0;1.0;1.0;1.0;0.0;
5;2025-11-08;1;0.0;1.0;1.0;1.0;0.0;
5;2025-11-08;2;0.0;1.0;1.0;1.0;0.0;
5;2025-11-08;3;0.0;1.0;1.0;1.0;0.0;
5;2025-11-08;4;0.0;1.0;1.0;1.0;0.0;
5;2025-11-08;5;0.0;1.0;1.0;1.0;0.0;
5;2025-11-08;6;0.0;1.0;1.0;1.0;0.0;
5;2025-11-08;7;0.0;1.0;1.0;1.0;0.0;
5;2025-11-08;8;0.0;1.0;1.0;1.0;0.0;
5;2025-11-08;9;0.0;1.0;1.0;1.0;0.0;
5;2025-11-08;10;0.0;1.0;1.0;1.0;0.0;
5;2025-11-08;11;0.0;1.0;1.0;1.0;0.0;
5;2025-11-08;12;0.0;1.0;1.0;1.0;0.0;
5;2025-11-08;13;0.0;1.0;1.0;1.0;0.0;
5;2025-11-08;14;0.0;1.0;1.0;1.0;0.0;
5;2025-11-08;15;0.0;1.0;1.0;1.0;0.0;
5;2025-11-08;16;0.0;1.0;1.0;1.0;0.0;
5;2025-11-08;17;0.0;1.0;1.0;1.0;0.0;
5;2025-11-08;18;0.0;1.0;1.0;1.0;0.0;
5;2025-11-08;19;0.0;1.0;1.0;1.0;0.0;
5;2025-11-08;20;0.0;1.0;1.0;1.0;0.0;
5;2025-11-08;21;0.0;1.0;1.0;1.0;0.0;
5;2025-11-08;22;0.0;1.0;1.0;1.0;0.0;
5;2025-11-08;23;0.0;1.0;1.0;1.0;0.0;
5;2025-11-09;0;0.0;1.0;1.0;1.0;0.0;
5;2025-11-09;1;0.0;1.0;1.0;1.0;0.0;
5;2025-11-09;2;0.0;1.0;1.0;1.0;0.0;
5;2025-11-09;3;0.0;1.0;1.0;1.0;0.0;
5;2025-11-09;4;0.0;1.0;1.0;1.0;0.0;
5;2025-11-09;5;0.0;1.0;1.0;1.0;0.0;
5;2025-11-09;6;0.0;1.0;1.0;1.0;0.0;
5;2025-11-09;7;0.0;1.0;1.0;1.0;0.0;
5;2025-11-09;8;0.0;1.0;1.0;1.0;0.0;
5;2025-11-09;9;0.0;1.0;1.0;1.0;0.0;
5;2025-11-09;10;0.0;1.0;1.0;1.0;0.0;
5;2025-11-09;11;0.0;1.0;1.0;1.0;0.0;
5;2025-11-09;12;0.0;1.0;1.0;1.0;0.0;
5;2025-11-09;13;0.0;1.0;1.0;1.0;0.0;
5;2025-11-09;14;0.0;1.0;1.0;1.0;0.0;
5;2025-11-09;15;0.0;1.0;1.0;1.0;0.0;
5;2025-11-09;16;0.0;1.0;1.0;1.0;0.0;
5;2025-11-09;17;0.0;1.0;1.0;1.0;0.0;
5;2025-11-09;18;0.0;1.0;1.0;1.0;0.0;
5;2025-11-09;19;0.0;1.0;1.0;1.0;0.0;
5;2025-11-09;20;0.0;1.0;1.0;1.0;0.0;
5;2025-11-09;21;0.0;1.0;1.0;1.0;0.0;
5;2025-11-09;22;0.0;1.0;1.0;1.0;0.0;
5;2025-11-09;23;0.0;1.0;1.0;1.0;0.0;
5;2025-11-10;0;0.0;1.0;1.0;1.0;0.0;
5;2025-11-10;1;0.0;1.0;1.0;1.0;0.0;
5;2025-11-10;2;0.0;1.0;1.0;1.0;0.0;
5;2025-11-10;3;0.0;1.0;1.0;1.0;0.0;
5;2025-11-10;4;0.0;1.0;1.0;1.0;0.0;
5;2025-11-10;5;0.0;1.0;1.0;1.0;0.0;
5;2025-11-10;6;0.0;1.0;1.0;1.0;0.0;
5;2025-11-10;7;0.0;1.0;1.0;1.0;0.0;
5;2025-11-10;8;0.0;1.0;1.0;1.0;0.0;
5;2025-11-10;9;0.0;1.0;1.0;1.0;0.0;
5;2025-11-10;10;0.0;1.0;1.0;1.0;0.0;
5;2025-11-10;11;0.0;1.0;1.0;1.0;0.0;
5;2025-11-10;12;0.0;1.0;1.0;1.0;0.0;
5;2025-11-10;13;0.0;1.0;1.0;1.0;0.0;
5;2025-11-10;14;0.0;1.0;1.0;1.0;0.0;
5;2025-11-10;15;0.0;1.0;1.0;1.0;0.0;
5;2025-11-10;16;0.0;1.0;1.0;1.0;0.0;
5;2025-11-10;17;0.0;1.0;1.0;1.0;0.0;
5;2025-11-10;18;0.0;1.0;1.0;1.0;0.0;
5;2025-11-10;19;0.0;1.0;1.0;1.0;0.0;
5;2025-11-10;20;0.0;1.0;1.0;1.0;0.0;
5;2025-11-10;21;0.0;1.0;1.0;1.0;0.0;
5;2025-11-10;22;0.0;1.0;1.0;1.0;0.0;
5;2025-11-10;23;0.0;1.0;1.0;1.0;0.0;
5;2025-11-11;0;0.0;1.0;1.0;1.0;0.0;
5;2025-11-11;1;0.0;1.0;1.0;1.0;0.0;
5;2025-11-11;2;0.0;1.0;1.0;1.0;0.0;
5;2025-11-11;3;0.0;1.0;1.0;1.0;0.0;
5;2025-11-11;4;0.0;1.0;1.0;1.0;0.0;
5;2025-11-11;5;0.0;1.0;1.0;1.0;0.0;
5;2025-11-11;6;0.0;1.0;1.0;1.0;0.0;
5;2025-11-11;7;0.0;1.0;1.0;1.0;0.0;
5;2025-11-11;8;0.0;1.0;1.0;1.0;0.0;
5;2025-11-11;9;0.0;1.0;1.0;1.0;0.0;
5;2025-11-11;10;0.0;1.0;1.0;1.0;0.0;
5;2025-11-11;11;0.0;1.0;1.0;1.0;0.0;
5;2025-11-11;12;0.0;1.0;1.0;1.0;0.0;
5;2025-11-11;13;0.0;1.0;1.0;1.0;0.0;
5;2025-11-11;14;0.0;1.0;1.0;1.0;0.0;
5;2025-11-11;15;0.0;1.0;1.0;1.0;0.0;
5;2025-11-11;16;0.0;1.0;1.0;1.0;0.0;
5;2025-11-11;17;0.0;1.0;1.0;1.0;0.0;
5;2025-11-11;18;0.0;1.0;1.0;1.0;0.0;
5;2025-11-11;19;0.0;1.0;1.0;1.0;0.0;
5;2025-11-11;20;0.0;1.0;1.0;1.0;0.0;
5;2025-11-11;21;0.0;1.0;1.0;1.0;0.0;
5;2025-11-11;22;0.0;1.0;1.0;1.0;0.0;
5;2025-11-11;23;0.0;1.0;1.0;1.0;0.0;
5;2025-11-12;0;0.0;1.0;1.0;1.0;0.0;
5;2025-11-12;1;0.0;1.0;1.0;1.0;0.0;
5;2025-11-12;2;0.0;1.0;1.0;1.0;0.0;
5;2025-11-12;3;0.0;1.0;1.0;1.0;0.0;
5;2025-11-12;4;0.0;1.0;1.0;1.0;0.0;
5;2025-11-12;5;0.0;1.0;1.0;1.0;0.0;
5;2025-11-12;6;0.0;1.0;1.0;1.0;0.0;
5;2025-11-12;7;0.0;1.0;1.0;1.0;0.0;
5;2025-11-12;8;0.0;1.0;1.0;1.0;0.0;
5;2025-11-12;9;0.0;1.0;1.0;1.0;0.0;
5;2025-11-12;10;0.0;1.0;1.0;1.0;0.0;
5;2025-11-12;11;0.0;1.0;1.0;1.0;0.0;
5;2025-11-12;12;0.0;1.0;1.0;1.0;0.0;
5;2025-11-12;13;0.0;1.0;1.0;1.0;0.0;
5;2025-11-12;14;0.0;1.0;1.0;1.0;0.0;
5;2025-11-12;15;0.0;1.0;1.0;1.0;0.0;
5;2025-11-12;16;0.0;1.0;1.0;1.0;0.0;
5;2025-11-12;17;0.0;1.0;1.0;1.0;0.0;
5;2025-11-12;18;0.0;1.0;1.0;1.0;0.0;
5;2025-11-12;19;0.0;1.0;1.0;1.0;0.0;
5;2025-11-12;20;0.0;1.0;1.0;1.0;0.0;
5;2025-11-12;21;0.0;1.0;1.0;1.0;0.0;
5;2025-11-12;22;0.0;1.0;1.0;1.0;0.0;
5;2025-11-12;23;0.0;1.0;1.0;1.0;0.0;
5;2025-11-13;0;0.0;1.0;1.0;1.0;0.0;
5;2025-11-13;1;0.0;1.0;1.0;1.0;0.0;
5;2025-11-13;2;0.0;1.0;1.0;1.0;0.0;
5;2025-11-13;3;0.0;1.0;1.0;1.0;0.0;
5;2025-11-13;4;0.0;1.0;1.0;1.0;0.0;
5;2025-11-13;5;0.0;1.0;1.0;1.0;0.0;
5;2025-11-13;6;0.0;1.0;1.0;1.0;0.0;
5;2025-11-13;7;0.0;1.0;1.0;1.0;0.0;
5;2025-11-13;8;0.0;1.0;1.0;1.0;0.0;
5;2025-11-13;9;0.0;1.0;1.0;1.0;0.0;
5;2025-11-13;10;0.0;1.0;1.0;1.0;0.0;
5;2025-11-13;11;0.0;1.0;1.0;1.0;0.0;
5;2025-11-13;12;0.0;1.0;1.0;1.0;0.0;
5;2025-11-13;13;0.0;1.0;1.0;1.0;0.0;
5;2025-11-13;14;0.0;1.0;1.0;1.0;0.0;
5;2025-11-13;15;0.0;1.0;1.0;1.0;0.0;
5;2025-11-13;16;0.0;1.0;1.0;1.0;0.0;
5;2025-11-13;17;0.0;1.0;1.0;1.0;0.0;
5;2025-11-13;18;0.0;1.0;1.0;1.0;0.0;
5;2025-11-13;19;0.0;1.0;1.0;1.0;0.0;
5;2025-11-13;20;0.0;1.0;1.0;1.0;0.0;
5;2025-11-13;21;0.0;1.0;1.0;1.0;0.0;
5;2025-11-13;22;0.0;1.0;1.0;1.0;0.0;
5;2025-11-13;23;0.0;1.0;1.0;1.0;0.0;
5;2025-11-14;0;0.0;1.0;1.0;1.0;0.0;
5;2025-11-14;1;0.0;1.0;1.0;1.0;0.0;
5;2025-11-14;2;0.0;1.0;1.0;1.0;0.0;
5;2025-11-14;3;0.0;1.0;1.0;1.0;0.0;
5;2025-11-14;4;0.0;1.0;1.0;1.0;0.0;
5;2025-11-14;5;0.0;1.0;1.0;1.0;0.0;
5;2025-11-14;6;0.0;1.0;1.0;1.0;0.0;
5;2025-11-14;7;0.0;1.0;1.0;1.0;0.0;
5;2025-11-14;8;0.0;1.0;1.0;1.0;0.0;
5;2025-11-14;9;0.0;1.0;1.0;1.0;0.0;
5;2025-11-14;10;0.0;1.0;1.0;1.0;0.0;
5;2025-11-14;11;0.0;1.0;1.0;1.0;0.0;
5;2025-11-14;12;0.0;1.0;1.0;1.0;0.0;
5;2025-11-14;13;0.0;1.0;1.0;1.0;0.0;
5;2025-11-14;14;0.0;1.0;1.0;1.0;0.0;
5;2025-11-14;15;0.0;1.0;1.0;1.0;0.0;
5;2025-11-14;16;0.0;1.0;1.0;1.0;0.0;
5;2025-11-14;17;0.0;1.0;1.0;1.0;0.0;
5;2025-11-14;18;0.0;1.0;1.0;1.0;0.0;
5;2025-11-14;19;0.0;1.0;1.0;1.0;0.0;
5;2025-11-14;20;0.0;1.0;1.0;1.0;0.0;
5;2025-11-14;21;0.0;1.0;1.0;1.0;0.0;
5;2025-11-14;22;0.0;1.0;1.0;1.0;0.0;
5;2025-11-14;23;0.0;1.0;1.0;1.0;0.0;
5;2025-11-15;0;0.0;1.0;1.0;1.0;0.0;
5;2025-11-15;1;0.0;1.0;1.0;1.0;0.0;
5;2025-11-15;2;0.0;1.0;1.0;1.0;0.0;
5;2025-11-15;3;0.0;1.0;1.0;1.0;0.0;
5;2025-11-15;4;0.0;1.0;1.0;1.0;0.0;
5;2025-11-15;5;0.0;1.0;1.0;1.0;0.0;
5;2025-11-15;6;0.0;1.0;1.0;1.0;0.0;
5;2025-11-15;7;0.0;1.0;1.0;1.0;0.0;
5;2025-11-15;8;0.0;1.0;1.0;1.0;0.0;
5;2025-11-15;9;0.0;1.0;1.0;1.0;0.0;
5;2025-11-15;10;0.0;1.0;1.0;1.0;0.0;
5;2025-11-15;11;0.0;1.0;1.0;1.0;0.0;
5;2025-11-15;12;0.0;1.0;1.0;1.0;0.0;
5;2025-11-15;13;0.0;1.0;1.0;1.0;0.0;
5;2025-11-15;14;0.0;1.0;1.0;1.0;0.0;
5;2025-11-15;15;0.0;1.0;1.0;1.0;0.0;
5;2025-11-15;16;0.0;1.0;1.0;1.0;0.0;
5;2025-11-15;17;0.0;1.0;1.0;1.0;0.0;
5;2025-11-15;18;0.0;1.0;1.0;1.0;0.0;
5;2025-11-15;19;0.0;1.0;1.0;1.0;0.0;
5;2025-11-15;20;0.0;1.0;1.0;1.0;0.0;
5;2025-11-15;21;0.0;1.0;1.0;1.0;0.0;
5;2025-11-15;22;0.0;1.0;1.0;1.0;0.0;
5;2025-11-15;23;0.0;1.0;1.0;1.0;0.0;
5;2025-11-16;0;0.0;1.0;1.0;1.0;0.0;
5;2025-11-16;1;0.0;1.0;1.0;1.0;0.0;
5;2025-11-16;2;0.0;1.0;1.0;1.0;0.0;
5;2025-11-16;3;0.0;1.0;1.0;1.0;0.0;
5;2025-11-16;4;0.0;1.0;1.0;1.0;0.0;
5;2025-11-16;5;0.0;1.0;1.0;1.0;0.0;
5;2025-11-16;6;0.0;1.0;1.0;1.0;0.0;
5;2025-11-16;7;0.0;1.0;1.0;1.0;0.0;
5;2025-11-16;8;0.0;1.0;1.0;1.0;0.0;
5;2025-11-16;9;0.0;1.0;1.0;1.0;0.0;
5;2025-11-16;10;0.0;1.0;1.0;1.0;0.0;
5;2025-11-16;11;0.0;1.0;1.0;1.0;0.0;
5;2025-11-16;12;0.0;1.0;1.0;1.0;0.0;
5;2025-11-16;13;0.0;1.0;1.0;1.0;0.0;
5;2025-11-16;14;0.0;1.0;1.0;1.0;0.0;
5;2025-11-16;15;0.0;1.0;1.0;1.0;0.0;
5;2025-11-16;16;0.0;1.0;1.0;1.0;0.0;
5;2025-11-16;17;0.0;1.0;1.0;1.0;0.0;
5;2025-11-16;18;0.0;1.0;1.0;1.0;0.0;
5;2025-11-16;19;0.0;1.0;1.0;1.0;0.0;
5;2025-11-16;20;0.0;1.0;1.0;1.0;0.0;
5;2025-11-16;21;0.0;1.0;1.0;1.0;0.0;
5;2025-11-16;22;0.0;1.0;1.0;1.0;0.0;
5;2025-11-16;23;0.0;1.0;1.0;1.0;0.0;
5;2025-11-17;0;0.0;1.0;1.0;1.0;0.0;
5;2025-11-17;1;0.0;1.0;1.0;1.0;0.0;
5;2025-11-17;2;0.0;1.0;1.0;1.0;0.0;
5;2025-11-17;3;0.0;1.0;1.0;1.0;0.0;
5;2025-11-17;4;0.0;1.0;1.0;1.0;0.0;
5;2025-11-17;5;0.0;1.0;1.0;1.0;0.0;
5;2025-11-17;6;0.0;1.0;1.0;1.0;0.0;
5;2025-11-17;7;0.0;1.0;1.0;1.0;0.0;
5;2025-11-17;8;0.0;1.0;1.0;1.0;0.0;
5;2025-11-17;9;0.0;1.0;1.0;1.0;0.0;
5;2025-11-17;10;0.0;1.0;1.0;1.0;0.0;
5;2025-11-17;11;0.0;1.0;1.0;1.0;0.0;
5;2025-11-17;12;0.0;1.0;1.0;1.0;0.0;
5;2025-11-17;13;0.0;1.0;1.0;1.0;0.0;
5;2025-11-17;14;0.0;1.0;1.0;1.0;0.0;
5;2025-11-17;15;0.0;1.0;1.0;1.0;0.0;
5;2025-11-17;16;0.0;1.0;1.0;1.0;0.0;
5;2025-11-17;17;0.0;1.0;1.0;1.0;0.0;
5;2025-11-17;18;0.0;1.0;1.0;1.0;0.0;
5;2025-11-17;19;0.0;1.0;1.0;1.0;0.0;
5;2025-11-17;20;0.0;1.0;1.0;1.0;0.0;
5;2025-11-17;21;0.0;1.0;1.0;1.0;0.0;
5;2025-11-17;22;0.0;1.0;1.0;1.0;0.0;
5;2025-11-17;23;0.0;1.0;1.0;1.0;0.0;
5;2025-11-18;0;0.0;1.0;1.0;1.0;0.0;
5;2025-11-18;1;0.0;1.0;1.0;1.0;0.0;
5;2025-11-18;2;0.0;1.0;1.0;1.0;0.0;
5;2025-11-18;3;0.0;1.0;1.0;1.0;0.0;
5;2025-11-18;4;0.0;1.0;1.0;1.0;0.0;
5;2025-11-18;5;0.0;1.0;1.0;1.0;0.0;
5;2025-11-18;6;0.0;1.0;1.0;1.0;0.0;
5;2025-11-18;7;0.0;1.0;1.0;1.0;0.0;
5;2025-11-18;8;0.0;1.0;1.0;1.0;0.0;
5;2025-11-18;9;0.0;1.0;1.0;1.0;0.0;
5;2025-11-18;10;0.0;1.0;1.0;1.0;0.0;
5;2025-11-18;11;0.0;1.0;1.0;1.0;0.0;
5;2025-11-18;12;0.0;1.0;1.0;1.0;0.0;
5;2025-11-18;13;0.0;1.0;1.0;1.0;0.0;
5;2025-11-18;14;0.0;1.0;1.0;1.0;0.0;
5;2025-11-18;15;0.0;1.0;1.0;1.0;0.0;
5;2025-11-18;16;0.0;1.0;1.0;1.0;0.0;
5;2025-11-18;17;0.0;1.0;1.0;1.0;0.0;
5;2025-11-18;18;0.0;1.0;1.0;1.0;0.0;
5;2025-11-18;19;0.0;1.0;1.0;1.0;0.0;
5;2025-11-18;20;0.0;1.0;1.0;1.0;0.0;
5;2025-11-18;21;0.0;1.0;1.0;1.0;0.0;
5;2025-11-18;22;0.0;1.0;1.0;1.0;0.0;
5;2025-11-18;23;0.0;1.0;1.0;1.0;0.0;
5;2025-11-19;0;0.0;1.0;1.0;1.0;0.0;
5;2025-11-19;1;0.0;1.0;1.0;1.0;0.0;
5;2025-11-19;2;0.0;1.0;1.0;1.0;0.0;
5;2025-11-19;3;0.0;1.0;1.0;1.0;0.0;
5;2025-11-19;4;0.0;1.0;1.0;1.0;0.0;
5;2025-11-19;5;0.0;1.0;1.0;1.0;0.0;
5;2025-11-19;6;0.0;1.0;1.0;1.0;0.0;
5;2025-11-19;7;0.0;1.0;1.0;1.0;0.0;
5;2025-11-19;8;0.0;1.0;1.0;1.0;0.0;
5;2025-11-19;9;0.0;1.0;1.0;1.0;0.0;
5;2025-11-19;10;0.0;1.0;1.0;1.0;0.0;
5;2025-11-19;11;0.0;1.0;1.0;1.0;0.0;
5;2025-11-19;12;0.0;1.0;1.0;1.0;0.0;
5;2025-11-19;13;0.0;1.0;1.0;1.0;0.0;
5;2025-11-19;14;0.0;1.0;1.0;1.0;0.0;
5;2025-11-19;15;0.0;1.0;1.0;1.0;0.0;
5;2025-11-19;16;0.0;1.0;1.0;1.0;0.0;
5;2025-11-19;17;0.0;1.0;1.0;1.0;0.0;
5;2025-11-19;18;0.0;1.0;1.0;1.0;0.0;
5;2025-11-19;19;0.0;1.0;1.0;1.0;0.0;
5;2025-11-19;20;0.0;1.0;1.0;1.0;0.0;
5;2025-11-19;21;0.0;1.0;1.0;1.0;0.0;
5;2025-11-19;22;0.0;1.0;1.0;1.0;0.0;
5;2025-11-19;23;0.0;1.0;1.0;1.0;0.0;
5;2025-11-20;0;0.0;1.0;1.0;1.0;0.0;
5;2025-11-20;1;0.0;1.0;1.0;1.0;0.0;
5;2025-11-20;2;0.0;1.0;1.0;1.0;0.0;
5;2025-11-20;3;0.0;1.0;1.0;1.0;0.0;
5;2025-11-20;4;0.0;1.0;1.0;1.0;0.0;
5;2025-11-20;5;0.0;1.0;1.0;1.0;0.0;
5;2025-11-20;6;0.0;1.0;1.0;1.0;0.0;
5;2025-11-20;7;0.0;1.0;1.0;1.0;0.0;
5;2025-11-20;8;0.0;1.0;1.0;1.0;0.0;
5;2025-11-20;9;0.0;1.0;1.0;1.0;0.0;
5;2025-11-20;10;0.0;1.0;1.0;1.0;0.0;
5;2025-11-20;11;0.0;1.0;1.0;1.0;0.0;
5;2025-11-20;12;0.0;1.0;1.0;1.0;0.0;
5;2025-11-20;13;0.0;1.0;1.0;1.0;0.0;
5;2025-11-20;14;0.0;1.0;1.0;1.0;0.0;
5;2025-11-20;15;0.0;1.0;1.0;1.0;0.0;
5;2025-11-20;16;0.0;1.0;1.0;1.0;0.0;
5;2025-11-20;17;0.0;1.0;1.0;1.0;0.0;
5;2025-11-20;18;0.0;1.0;1.0;1.0;0.0;
5;2025-11-20;19;0.0;1.0;1.0;1.0;0.0;
5;2025-11-20;20;0.0;1.0;1.0;1.0;0.0;
5;2025-11-20;21;0.0;1.0;1.0;1.0;0.0;
5;2025-11-20;22;0.0;1.0;1.0;1.0;0.0;
5;2025-11-20;23;0.0;1.0;1.0;1.0;0.0;
5;2025-11-21;0;0.0;1.0;1.0;1.0;0.0;
5;2025-11-21;1;0.0;1.0;1.0;1.0;0.0;
5;2025-11-21;2;0.0;1.0;1.0;1.0;0.0;
5;2025-11-21;3;0.0;1.0;1.0;1.0;0.0;
5;2025-11-21;4;0.0;1.0;1.0;1.0;0.0;
5;2025-11-21;5;0.0;1.0;1.0;1.0;0.0;
5;2025-11-21;6;0.0;1.0;1.0;1.0;0.0;
5;2025-11-21;7;0.0;1.0;1.0;1.0;0.0;
5;2025-11-21;8;0.0;1.0;1.0;1.0;0.0;
5;2025-11-21;9;0.0;1.0;1.0;1.0;0.0;
5;2025-11-21;10;0.0;1.0;1.0;1.0;0.0;
5;2025-11-21;11;0.0;1.0;1.0;1.0;0.0;
5;2025-11-21;12;0.0;1.0;1.0;1.0;0.0;
5;2025-11-21;13;0.0;1.0;1.0;1.0;0.0;
5;2025-11-21;14;0.0;1.0;1.0;1.0;0.0;
5;2025-11-21;15;0.0;1.0;1.0;1.0;0.0;
5;2025-11-21;16;0.0;1.0;1.0;1.0;0.0;
5;2025-11-21;17;0.0;1.0;1.0;1.0;0.0;
5;2025-11-21;18;0.0;1.0;1.0;1.0;0.0;
5;2025-11-21;19;0.0;1.0;1.0;1.0;0.0;
5;2025-11-21;20;0.0;1.0;1.0;1.0;0.0;
5;2025-11-21;21;0.0;1.0;1.0;1.0;0.0;
5;2025-11-21;22;0.0;1.0;1.0;1.0;0.0;
5;2025-11-21;23;0.0;1.0;1.0;1.0;0.0;
5;2025-11-22;0;0.0;1.0;1.0;1.0;0.0;
5;2025-11-22;1;0.0;1.0;1.0;1.0;0.0;
5;2025-11-22;2;0.0;1.0;1.0;1.0;0.0;
5;2025-11-22;3;0.0;1.0;1.0;1.0;0.0;
5;2025-11-22;4;0.0;1.0;1.0;1.0;0.0;
5;2025-11-22;5;0.0;1.0;1.0;1.0;0.0;
5;2025-11-22;6;0.0;1.0;1.0;1.0;0.0;
5;2025-11-22;7;0.0;1.0;1.0;1.0;0.0;
5;2025-11-22;8;0.0;1.0;1.0;1.0;0.0;
5;2025-11-22;9;0.0;1.0;1.0;1.0;0.0;
5;2025-11-22;10;0.0;1.0;1.0;1.0;0.0;
5;2025-11-22;11;0.0;1.0;1.0;1.0;0.0;
5;2025-11-22;12;0.0;1.0;1.0;1.0;0.0;
5;2025-11-22;13;0.0;1.0;1.0;1.0;0.0;
5;2025-11-22;14;0.0;1.0;1.0;1.0;0.0;
5;2025-11-22;15;0.0;1.0;1.0;1.0;0.0;
5;2025-11-22;16;0.0;1.0;1.0;1.0;0.0;
5;2025-11-22;17;0.0;1.0;1.0;1.0;0.0;
5;2025-11-22;18;0.0;1.0;1.0;1.0;0.0;
5;2025-11-22;19;0.0;1.0;1.0;1.0;0.0;
5;2025-11-22;20;0.0;1.0;1.0;1.0;0.0;
5;2025-11-22;21;0.0;1.0;1.0;1.0;0.0;
5;2025-11-22;22;0.0;1.0;1.0;1.0;0.0;
5;2025-11-22;23;0.0;1.0;1.0;1.0;0.0;
5;2025-11-23;0;0.0;1.0;1.0;1.0;0.0;
5;2025-11-23;1;0.0;1.0;1.0;1.0;0.0;
5;2025-11-23;2;0.0;1.0;1.0;1.0;0.0;
5;2025-11-23;3;0.0;1.0;1.0;1.0;0.0;
5;2025-11-23;4;0.0;1.0;1.0;1.0;0.0;
5;2025-11-23;5;0.0;1.0;1.0;1.0;0.0;
5;2025-11-23;6;0.0;1.0;1.0;1.0;0.0;
5;2025-11-23;7;0.0;1.0;1.0;1.0;0.0;
5;2025-11-23;8;0.0;1.0;1.0;1.0;0.0;
5;2025-11-23;9;0.0;1.0;1.0;1.0;0.0;
5;2025-11-23;10;0.0;1.0;1.0;1.0;0.0;
5;2025-11-23;11;0.0;1.0;1.0;1.0;0.0;
5;2025-11-23;12;0.0;1.0;1.0;1.0;0.0;
5;2025-11-23;13;0.0;1.0;1.0;1.0;0.0;
5;2025-11-23;14;0.0;1.0;1.0;1.0;0.0;
5;2025-11-23;15;0.0;1.0;1.0;1.0;0.0;
5;2025-11-23;16;0.0;1.0;1.0;1.0;0.0;
5;2025-11-23;17;0.0;1.0;1.0;1.0;0.0;
5;2025-11-23;18;0.0;1.0;1.0;1.0;0.0;
5;2025-11-23;19;0.0;1.0;1.0;1.0;0.0;
5;2025-11-23;20;0.0;1.0;1.0;1.0;0.0;
5;2025-11-23;21;0.0;1.0;1.0;1.0;0.0;
5;2025-11-23;22;0.0;1.0;1.0;1.0;0.0;
5;2025-11-23;23;0.0;1.0;1.0;1.0;0.0;
5;2025-11-24;0;0.0;1.0;1.0;1.0;0.0;
5;2025-11-24;1;0.0;1.0;1.0;1.0;0.0;
5;2025-11-24;2;0.0;1.0;1.0;1.0;0.0;
5;2025-11-24;3;0.0;1.0;1.0;1.0;0.0;
5;2025-11-24;4;0.0;1.0;1.0;1.0;0.0;
5;2025-11-24;5;0.0;1.0;1.0;1.0;0.0;
5;2025-11-24;6;0.0;1.0;1.0;1.0;0.0;
5;2025-11-24;7;0.0;1.0;1.0;1.0;0.0;
5;2025-11-24;8;0.0;1.0;1.0;1.0;0.0;
5;2025-11-24;9;0.0;1.0;1.0;1.0;0.0;
5;2025-11-24;10;0.0;1.0;1.0;1.0;0.0;
5;2025-11-24;11;0.0;1.0;1.0;1.0;0.0;
5;2025-11-24;12;0.0;1.0;1.0;1.0;0.0;
5;2025-11-24;13;0.0;1.0;1.0;1.0;0.0;
5;2025-11-24;14;0.0;1.0;1.0;1.0;0.0;
5;2025-11-24;15;0.0;1.0;1.0;1.0;0.0;
5;2025-11-24;16;0.0;1.0;1.0;1.0;0.0;
5;2025-11-24;17;0.0;1.0;1.0;1.0;0.0;
5;2025-11-24;18;0.0;1.0;1.0;1.0;0.0;
5;2025-11-24;19;0.0;1.0;1.0;1.0;0.0;
5;2025-11-24;20;0.0;1.0;1.0;1.0;0.0;
5;2025-11-24;21;0.0;1.0;1.0;1.0;0.0;
5;2025-11-24;22;0.0;1.0;1.0;1.0;0.0;
5;2025-11-24;23;0.0;1.0;1.0;1.0;0.0;
5;2025-11-25;0;0.0;1.0;1.0;1.0;0.0;
5;2025-11-25;1;0.0;1.0;1.0;1.0;0.0;
5;2025-11-25;2;0.0;1.0;1.0;1.0;0.0;
5;2025-11-25;3;0.0;1.0;1.0;1.0;0.0;
5;2025-11-25;4;0.0;1.0;1.0;1.0;0.0;
5;2025-11-25;5;0.0;1.0;1.0;1.0;0.0;
5;2025-11-25;6;0.0;1.0;1.0;1.0;0.0;
5;2025-11-25;7;0.0;1.0;1.0;1.0;0.0;
5;2025-11-25;8;0.0;1.0;1.0;1.0;0.0;
5;2025-11-25;9;0.0;1.0;1.0;1.0;0.0;
5;2025-11-25;10;0.0;1.0;1.0;1.0;0.0;
5;2025-11-25;11;0.0;1.0;1.0;1.0;0.0;
5;2025-11-25;12;0.0;1.0;1.0;1.0;0.0;
5;2025-11-25;13;0.0;1.0;1.0;1.0;0.0;
5;2025-11-25;14;0.0;1.0;1.0;1.0;0.0;
5;2025-11-25;15;0.0;1.0;1.0;1.0;0.0;
5;2025-11-25;16;0.0;1.0;1.0;1.0;0.0;
5;2025-11-25;17;0.0;1.0;1.0;1.0;0.0;
5;2025-11-25;18;0.0;1.0;1.0;1.0;0.0;
5;2025-11-25;19;0.0;1.0;1.0;1.0;0.0;
5;2025-11-25;20;0.0;1.0;1.0;1.0;0.0;
5;2025-11-25;21;0.0;1.0;1.0;1.0;0.0;
5;2025-11-25;22;0.0;1.0;1.0;1.0;0.0;
5;2025-11-25;23;0.0;1.0;1.0;1.0;0.0;
5;2025-11-26;0;0.0;1.0;1.0;1.0;0.0;
5;2025-11-26;1;0.0;1.0;1.0;1.0;0.0;
5;2025-11-26;2;0.0;1.0;1.0;1.0;0.0;
5;2025-11-26;3;0.0;1.0;1.0;1.0;0.0;
5;2025-11-26;4;0.0;1.0;1.0;1.0;0.0;
5;2025-11-26;5;0.0;1.0;1.0;1.0;0.0;
5;2025-11-26;6;0.0;1.0;1.0;1.0;0.0;
5;2025-11-26;7;0.0;1.0;1.0;1.0;0.0;
5;2025-11-26;8;0.0;1.0;1.0;1.0;0.0;
5;2025-11-26;9;0.0;1.0;1.0;1.0;0.0;
5;2025-11-26;10;0.0;1.0;1.0;1.0;0.0;
5;2025-11-26;11;0.0;1.0;1.0;1.0;0.0;
5;2025-11-26;12;0.0;1.0;1.0;1.0;0.0;
5;2025-11-26;13;0.0;1.0;1.0;1.0;0.0;
5;2025-11-26;14;0.0;1.0;1.0;1.0;0.0;
5;2025-11-26;15;0.0;1.0;1.0;1.0;0.0;
5;2025-11-26;16;0.0;1.0;1.0;1.0;0.0;
5;2025-11-26;17;0.0;1.0;1.0;1.0;0.0;
5;2025-11-26;18;0.0;1.0;1.0;1.0;0.0;
5;2025-11-26;19;0.0;1.0;1.0;1.0;0.0;
5;2025-11-26;20;0.0;1.0;1.0;1.0;0.0;
5;2025-11-26;21;0.0;1.0;1.0;1.0;0.0;
5;2025-11-26;22;0.0;1.0;1.0;1.0;0.0;
5;2025-11-26;23;0.0;1.0;1.0;1.0;0.0;
5;2025-11-27;0;0.0;1.0;1.0;1.0;0.0;
5;2025-11-27;1;0.0;1.0;1.0;1.0;0.0;
5;2025-11-27;2;0.0;1.0;1.0;1.0;0.0;
5;2025-11-27;3;0.0;1.0;1.0;1.0;0.0;
5;2025-11-27;4;0.0;1.0;1.0;1.0;0.0;
5;2025-11-27;5;0.0;1.0;1.0;1.0;0.0;
5;2025-11-27;6;0.0;1.0;1.0;1.0;0.0;
5;2025-11-27;7;0.0;1.0;1.0;1.0;0.0;
5;2025-11-27;8;0.0;1.0;1.0;1.0;0.0;
5;2025-11-27;9;0.0;1.0;1.0;1.0;0.0;
5;2025-11-27;10;0.0;1.0;1.0;1.0;0.0;
5;2025-11-27;11;0.0;1.0;1.0;1.0;0.0;
5;2025-11-27;12;0.0;1.0;1.0;1.0;0.0;
5;2025-11-27;13;0.0;1.0;1.0;1.0;0.0;
5;2025-11-27;14;0.0;1.0;1.0;1.0;0.0;
5;2025-11-27;15;0.0;1.0;1.0;1.0;0.0;
5;2025-11-27;16;0.0;1.0;1.0;1.0;0.0;
5;2025-11-27;17;0.0;1.0;1.0;1.0;0.0;
5;2025-11-27;18;0.0;1.0;1.0;1.0;0.0;
5;2025-11-27;19;0.0;1.0;1.0;1.0;0.0;
5;2025-11-27;20;0.0;1.0;1.0;1.0;0.0;
5;2025-11-27;21;0.0;1.0;1.0;1.0;0.0;
5;2025-11-27;22;0.0;1.0;1.0;1.0;0.0;
5;2025-11-27;23;0.0;1.0;1.0;1.0;0.0;
5;2025-11-28;0;0.0;1.0;1.0;1.0;0.0;
5;2025-11-28;1;0.0;1.0;1.0;1.0;0.0;
5;2025-11-28;2;0.0;1.0;1.0;1.0;0.0;
5;2025-11-28;3;0.0;1.0;1.0;1.0;0.0;
5;2025-11-28;4;0.0;1.0;1.0;1.0;0.0;
5;2025-11-28;5;0.0;1.0;1.0;1.0;0.0;
5;2025-11-28;6;0.0;1.0;1.0;1.0;0.0;
5;2025-11-28;7;0.0;1.0;1.0;1.0;0.0;
5;2025-11-28;8;0.0;1.0;1.0;1.0;0.0;
5;2025-11-28;9;0.0;1.0;1.0;1.0;0.0;
5;2025-11-28;10;0.0;1.0;1.0;1.0;0.0;
5;2025-11-28;11;0.0;1.0;1.0;1.0;0.0;
5;2025-11-28;12;0.0;1.0;1.0;1.0;0.0;
5;2025-11-28;13;0.0;1.0;1.0;1.0;0.0;
5;2025-11-28;14;0.0;1.0;1.0;1.0;0.0;
5;2025-11-28;15;0.0;1.0;1.0;1.0;0.0;
5;2025-11-28;16;0.0;1.0;1.0;1.0;0.0;
5;2025-11-28;17;0.0;1.0;1.0;1.0;0.0;
5;2025-11-28;18;0.0;1.0;1.0;1.0;0.0;
5;2025-11-28;19;0.0;1.0;1.0;1.0;0.0;
5;2025-11-28;20;0.0;1.0;1.0;1.0;0.0;
5;2025-11-28;21;0.0;1.0;1.0;1.0;0.0;
5;2025-11-28;22;0.0;1.0;1.0;1.0;0.0;
5;2025-11-28;23;0.0;1.0;1.0;1.0;0.0;
5;2025-11-29;0;0.0;1.0;1.0;1.0;0.0;
5;2025-11-29;1;0.0;1.0;1.0;1.0;0.0;
5;2025-11-29;2;0.0;1.0;1.0;1.0;0.0;
5;2025-11-29;3;0.0;1.0;1.0;1.0;0.0;
5;2025-11-29;4;0.0;1.0;1.0;1.0;0.0;
5;2025-11-29;5;0.0;1.0;1.0;1.0;0.0;
5;2025-11-29;6;0.0;1.0;1.0;1.0;0.0;
5;2025-11-29;7;0.0;1.0;1.0;1.0;0.0;
5;2025-11-29;8;0.0;1.0;1.0;1.0;0.0;
5;2025-11-29;9;0.0;1.0;1.0;1.0;0.0;
5;2025-11-29;10;0.0;1.0;1.0;1.0;0.0;
5;2025-11-29;11;0.0;1.0;1.0;1.0;0.0;
5;2025-11-29;12;0.0;1.0;1.0;1.0;0.0;
5;2025-11-29;13;0.0;1.0;1.0;1.0;0.0;
5;2025-11-29;14;0.0;1.0;1.0;1.0;0.0;
5;2025-11-29;15;0.0;1.0;1.0;1.0;0.0;
5;2025-11-29;16;0.0;1.0;1.0;1.0;0.0;
5;2025-11-29;17;0.0;1.0;1.0;1.0;0.0;
5;2025-11-29;18;0.0;1.0;1.0;1.0;0.0;
5;2025-11-29;19;0.0;1.0;1.0;1.0;0.0;
5;2025-11-29;20;0.0;1.0;1.0;1.0;0.0;
5;2025-11-29;21;0.0;1.0;1.0;1.0;0.0;
5;2025-11-29;22;0.0;1.0;1.0;1.0;0.0;
5;2025-11-29;23;0.0;1.0;1.0;1.0;0.0;
5;2025-11-30;0;0.0;1.0;1.0;1.0;0.0;
5;2025-11-30;1;0.0;1.0;1.0;1.0;0.0;
5;2025-11-30;2;0.0;1.0;1.0;1.0;0.0;
5;2025-11-30;3;0.0;1.0;1.0;1.0;0.0;
5;2025-11-30;4;0.0;1.0;1.0;1.0;0.0;
5;2025-11-30;5;0.0;1.0;1.0;1.0;0.0;
5;2025-11-30;6;0.0;1.0;1.0;1.0;0.0;
5;2025-11-30;7;0.0;1.0;1.0;1.0;0.0;
5;2025-11-30;8;0.0;1.0;1.0;1.0;0.0;
5;2025-11-30;9;0.0;1.0;1.0;1.0;0.0;
5;2025-11-30;10;0.0;1.0;1.0;1.0;0.0;
5;2025-11-30;11;0.0;1.0;1.0;1.0;0.0;
5;2025-11-30;12;0.0;1.0;1.0;1.0;0.0;
5;2025-11-30;13;0.0;1.0;1.0;1.0;0.0;
5;2025-11-30;14;0.0;1.0;1.0;1.0;0.0;
5;2025-11-30;15;0.0;1.0;1.0;1.0;0.0;
5;2025-11-30;16;0.0;1.0;1.0;1.0;0.0;
5;2025-11-30;17;0.0;1.0;1.0;1.0;0.0;
5;2025-11-30;18;0.0;1.0;1.0;1.0;0.0;
5;2025-11-30;19;0.0;1.0;1.0;1.0;0.0;
5;2025-11-30;20;0.0;1.0;1.0;1.0;0.0;
5;2025-11-30;21;0.0;1.0;1.0;1.0;0.0;
5;2025-11-30;22;0.0;1.0;1.0;1.0;0.0;
5;2025-11-30;23;0.0;1.0;1.0;1.0;0.0;
5;2025-12-01;0;0.0;1.0;1.0;1.0;0.0;
5;2025-12-01;1;0.0;1.0;1.0;1.0;0.0;
5;2025-12-01;2;0.0;1.0;1.0;1.0;0.0;
5;2025-12-01;3;0.0;1.0;1.0;1.0;0.0;
5;2025-12-01;4;0.0;1.0;1.0;1.0;0.0;
5;2025-12-01;5;0.0;1.0;1.0;1.0;0.0;
5;2025-12-01;6;0.0;1.0;1.0;1.0;0.0;
5;2025-12-01;7;0.0;1.0;1.0;1.0;0.0;
5;2025-12-01;8;0.0;1.0;1.0;1.0;0.0;
5;2025-12-01;9;0.0;1.0;1.0;1.0;0.0;
5;2025-12-01;10;0.0;1.0;1.0;1.0;0.0;
5;2025-12-01;11;0.0;1.0;1.0;1.0;0.0;
5;2025-12-01;12;0.0;1.0;1.0;1.0;0.0;
5;2025-12-01;13;0.0;1.0;1.0;1.0;0.0;
5;2025-12-01;14;0.0;1.0;1.0;1.0;0.0;
5;2025-12-01;15;0.0;1.0;1.0;1.0;0.0;
5;2025-12-01;16;0.0;1.0;1.0;1.0;0.0;
5;2025-12-01;17;0.0;1.0;1.0;1.0;0.0;
5;2025-12-01;18;0.0;1.0;1.0;1.0;0.0;
5;2025-12-01;19;0.0;1.0;1.0;1.0;0.0;
5;2025-12-01;20;0.0;1.0;1.0;1.0;0.0;
5;2025-12-01;21;0.0;1.0;1.0;1.0;0.0;
5;2025-12-01;22;0.0;1.0;1.0;1.0;0.0;
5;2025-12-01;23;0.0;1.0;1.0;1.0;0.0;
5;2025-12-02;0;0.0;1.0;1.0;1.0;0.0;
5;2025-12-02;1;0.0;1.0;1.0;1.0;0.0;
5;2025-12-02;2;0.0;1.0;1.0;1.0;0.0;
5;2025-12-02;3;0.0;1.0;1.0;1.0;0.0;
5;2025-12-02;4;0.0;1.0;1.0;1.0;0.0;
5;2025-12-02;5;0.0;1.0;1.0;1.0;0.0;
5;2025-12-02;6;0.0;1.0;1.0;1.0;0.0;
5;2025-12-02;7;0.0;1.0;1.0;1.0;0.0;
5;2025-12-02;8;0.0;1.0;1.0;1.0;0.0;
5;2025-12-02;9;0.0;1.0;1.0;1.0;0.0;
5;2025-12-02;10;0.0;1.0;1.0;1.0;0.0;
5;2025-12-02;11;0.0;1.0;1.0;1.0;0.0;
5;2025-12-02;12;0.0;1.0;1.0;1.0;0.0;
5;2025-12-02;13;0.0;1.0;1.0;1.0;0.0;
5;2025-12-02;14;0.0;1.0;1.0;1.0;0.0;
5;2025-12-02;15;0.0;1.0;1.0;1.0;0.0;
5;2025-12-02;16;0.0;1.0;1.0;1.0;0.0;
5;2025-12-02;17;0.0;1.0;1.0;1.0;0.0;
5;2025-12-02;18;0.0;1.0;1.0;1.0;0.0;
5;2025-12-02;19;0.0;1.0;1.0;1.0;0.0;
5;2025-12-02;20;0.0;1.0;1.0;1.0;0.0;
5;2025-12-02;21;0.0;1.0;1.0;1.0;0.0;
5;2025-12-02;22;0.0;1.0;1.0;1.0;0.0;
5;2025-12-02;23;0.0;1.0;1.0;1.0;0.0;
5;2025-12-03;0;0.0;1.0;1.0;1.0;0.0;
5;2025-12-03;1;0.0;1.0;1.0;1.0;0.0;
5;2025-12-03;2;0.0;1.0;1.0;1.0;0.0;
5;2025-12-03;3;0.0;1.0;1.0;1.0;0.0;
5;2025-12-03;4;0.0;1.0;1.0;1.0;0.0;
5;2025-12-03;5;0.0;1.0;1.0;1.0;0.0;
5;2025-12-03;6;0.0;1.0;1.0;1.0;0.0;
5;2025-12-03;7;0.0;1.0;1.0;1.0;0.0;
5;2025-12-03;8;0.0;1.0;1.0;1.0;0.0;
5;2025-12-03;9;0.0;1.0;1.0;1.0;0.0;
5;2025-12-03;10;0.0;1.0;1.0;1.0;0.0;
5;2025-12-03;11;0.0;1.0;1.0;1.0;0.0;
5;2025-12-03;12;0.0;1.0;1.0;1.0;0.0;
5;2025-12-03;13;0.0;1.0;1.0;1.0;0.0;
5;2025-12-03;14;0.0;1.0;1.0;1.0;0.0;
5;2025-12-03;15;0.0;1.0;1.0;1.0;0.0;
5;2025-12-03;16;0.0;1.0;1.0;1.0;0.0;
5;2025-12-03;17;0.0;1.0;1.0;1.0;0.0;
5;2025-12-03;18;0.0;1.0;1.0;1.0;0.0;
5;2025-12-03;19;0.0;1.0;1.0;1.0;0.0;
5;2025-12-03;20;0.0;1.0;1.0;1.0;0.0;
5;2025-12-03;21;0.0;1.0;1.0;1.0;0.0;
5;2025-12-03;22;0.0;1.0;1.0;1.0;0.0;
5;2025-12-03;23;0.0;1.0;1.0;1.0;0.0;
5;2025-12-04;0;0.0;1.0;1.0;1.0;0.0;
5;2025-12-04;1;0.0;1.0;1.0;1.0;0.0;
5;2025-12-04;2;0.0;1.0;1.0;1.0;0.0;
5;2025-12-04;3;0.0;1.0;1.0;1.0;0.0;
5;2025-12-04;4;0.0;1.0;1.0;1.0;0.0;
5;2025-12-04;5;0.0;1.0;1.0;1.0;0.0;
5;2025-12-04;6;0.0;1.0;1.0;1.0;0.0;
5;2025-12-04;7;0.0;1.0;1.0;1.0;0.0;
5;2025-12-04;8;0.0;1.0;1.0;1.0;0.0;
5;2025-12-04;9;0.0;1.0;1.0;1.0;0.0;
5;2025-12-04;10;0.0;1.0;1.0;1.0;0.0;
5;2025-12-04;11;0.0;1.0;1.0;1.0;0.0;
5;2025-12-04;12;0.0;1.0;1.0;1.0;0.0;
5;2025-12-04;13;0.0;1.0;1.0;1.0;0.0;
5;2025-12-04;14;0.0;1.0;1.0;1.0;0.0;
5;2025-12-04;15;0.0;1.0;1.0;1.0;0.0;
5;2025-12-04;16;0.0;1.0;1.0;1.0;0.0;
5;2025-12-04;17;0.0;1.0;1.0;1.0;0.0;
5;2025-12-04;18;0.0;1.0;1.0;1.0;0.0;
5;2025-12-04;19;0.0;1.0;1.0;1.0;0.0;
5;2025-12-04;20;0.0;1.0;1.0;1.0;0.0;
5;2025-12-04;21;0.0;1.0;1.0;1.0;0.0;
5;2025-12-04;22;0.0;1.0;1.0;1.0;0.0;
5;2025-12-04;23;0.0;1.0;1.0;1.0;0.0;
5;2025-12-05;0;0.0;1.0;1.0;1.0;0.0;
5;2025-12-05;1;0.0;1.0;1.0;1.0;0.0;
5;2025-12-05;2;0.0;1.0;1.0;1.0;0.0;
5;2025-12-05;3;0.0;1.0;1.0;1.0;0.0;
5;2025-12-05;4;0.0;1.0;1.0;1.0;0.0;
5;2025-12-05;5;0.0;1.0;1.0;1.0;0.0;
5;2025-12-05;6;0.0;1.0;1.0;1.0;0.0;
5;2025-12-05;7;0.0;1.0;1.0;1.0;0.0;
5;2025-12-05;8;0.0;1.0;1.0;1.0;0.0;
5;2025-12-05;9;0.0;1.0;1.0;1.0;0.0;
5;2025-12-05;10;0.0;1.0;1.0;1.0;0.0;
5;2025-12-05;11;0.0;1.0;1.0;1.0;0.0;
5;2025-12-05;12;0.0;1.0;1.0;1.0;0.0;
5;2025-12-05;13;0.0;1.0;1.0;1.0;0.0;
5;2025-12-05;14;0.0;1.0;1.0;1.0;0.0;
5;2025-12-05;15;0.0;1.0;1.0;1.0;0.0;
5;2025-12-05;16;0.0;1.0;1.0;1.0;0.0;
5;2025-12-05;17;0.0;1.0;1.0;1.0;0.0;
5;2025-12-05;18;0.0;1.0;1.0;1.0;0.0;
5;2025-12-05;19;0.0;1.0;1.0;1.0;0.0;
5;2025-12-05;20;0.0;1.0;1.0;1.0;0.0;
5;2025-12-05;21;0.0;1.0;1.0;1.0;0.0;
5;2025-12-05;22;0.0;1.0;1.0;1.0;0.0;
5;2025-12-05;23;0.0;1.0;1.0;1.0;0.0;
5;2025-12-06;0;0.0;1.0;1.0;1.0;0.0;
5;2025-12-06;1;0.0;1.0;1.0;1.0;0.0;
5;2025-12-06;2;0.0;1.0;1.0;1.0;0.0;
5;2025-12-06;3;0.0;1.0;1.0;1.0;0.0;
5;2025-12-06;4;0.0;1.0;1.0;1.0;0.0;
5;2025-12-06;5;0.0;1.0;1.0;1.0;0.0;
5;2025-12-06;6;0.0;1.0;1.0;1.0;0.0;
5;2025-12-06;7;0.0;1.0;1.0;1.0;0.0;
5;2025-12-06;8;0.0;1.0;1.0;1.0;0.0;
5;2025-12-06;9;0.0;1.0;1.0;1.0;0.0;
5;2025-12-06;10;0.0;1.0;1.0;1.0;0.0;
5;2025-12-06;11;0.0;1.0;1.0;1.0;0.0;
5;2025-12-06;12;0.0;1.0;1.0;1.0;0.0;
5;2025-12-06;13;0.0;1.0;1.0;1.0;0.0;
5;2025-12-06;14;0.0;1.0;1.0;1.0;0.0;
5;2025-12-06;15;0.0;1.0;1.0;1.0;0.0;
5;2025-12-06;16;0.0;1.0;1.0;1.0;0.0;
5;2025-12-06;17;0.0;1.0;1.0;1.0;0.0;
5;2025-12-06;18;0.0;1.0;1.0;1.0;0.0;
5;2025-12-06;19;0.0;1.0;1.0;1.0;0.0;
5;2025-12-06;20;0.0;1.0;1.0;1.0;0.0;
5;2025-12-06;21;0.0;1.0;1.0;1.0;0.0;
5;2025-12-06;22;0.0;1.0;1.0;1.0;0.0;
5;2025-12-06;23;0.0;1.0;1.0;1.0;0.0;
5;2025-12-07;0;0.0;1.0;1.0;1.0;0.0;
5;2025-12-07;1;0.0;1.0;1.0;1.0;0.0;
5;2025-12-07;2;0.0;1.0;1.0;1.0;0.0;
5;2025-12-07;3;0.0;1.0;1.0;1.0;0.0;
5;2025-12-07;4;0.0;1.0;1.0;1.0;0.0;
5;2025-12-07;5;0.0;1.0;1.0;1.0;0.0;
5;2025-12-07;6;0.0;1.0;1.0;1.0;0.0;
5;2025-12-07;7;0.0;1.0;1.0;1.0;0.0;
5;2025-12-07;8;0.0;1.0;1.0;1.0;0.0;
5;2025-12-07;9;0.0;1.0;1.0;1.0;0.0;
5;2025-12-07;10;0.0;1.0;1.0;1.0;0.0;
5;2025-12-07;11;0.0;1.0;1.0;1.0;0.0;
5;2025-12-07;12;0.0;1.0;1.0;1.0;0.0;
5;2025-12-07;13;0.0;1.0;1.0;1.0;0.0;
5;2025-12-07;14;0.0;1.0;1.0;1.0;0.0;
5;2025-12-07;15;0.0;1.0;1.0;1.0;0.0;
5;2025-12-07;16;0.0;1.0;1.0;1.0;0.0;
5;2025-12-07;17;0.0;1.0;1.0;1.0;0.0;
5;2025-12-07;18;0.0;1.0;1.0;1.0;0.0;
5;2025-12-07;19;0.0;1.0;1.0;1.0;0.0;
5;2025-12-07;20;0.0;1.0;1.0;1.0;0.0;
5;2025-12-07;21;0.0;1.0;1.0;1.0;0.0;
5;2025-12-07;22;0.0;1.0;1.0;1.0;0.0;
5;2025-12-07;23;0.0;1.0;1.0;1.0;0.0;
5;2025-12-08;0;0.0;1.0;1.0;1.0;0.0;
5;2025-12-08;1;0.0;1.0;1.0;1.0;0.0;
5;2025-12-08;2;0.0;1.0;1.0;1.0;0.0;
5;2025-12-08;3;0.0;1.0;1.0;1.0;0.0;
5;2025-12-08;4;0.0;1.0;1.0;1.0;0.0;
5;2025-12-08;5;0.0;1.0;1.0;1.0;0.0;
5;2025-12-08;6;0.0;1.0;1.0;1.0;0.0;
5;2025-12-08;7;0.0;1.0;1.0;1.0;0.0;
5;2025-12-08;8;0.0;1.0;1.0;1.0;0.0;
5;2025-12-08;9;0.0;1.0;1.0;1.0;0.0;
5;2025-12-08;10;0.0;1.0;1.0;1.0;0.0;
5;2025-12-08;11;0.0;1.0;1.0;1.0;0.0;
5;2025-12-08;12;0.0;1.0;1.0;1.0;0.0;
5;2025-12-08;13;0.0;1.0;1.0;1.0;0.0;
5;2025-12-08;14;0.0;1.0;1.0;1.0;0.0;
5;2025-12-08;15;0.0;1.0;1.0;1.0;0.0;
5;2025-12-08;16;0.0;1.0;1.0;1.0;0.0;
5;2025-12-08;17;0.0;1.0;1.0;1.0;0.0;
5;2025-12-08;18;0.0;1.0;1.0;1.0;0.0;
5;2025-12-08;19;0.0;1.0;1.0;1.0;0.0;
5;2025-12-08;20;0.0;1.0;1.0;1.0;0.0;
5;2025-12-08;21;0.0;1.0;1.0;1.0;0.0;
5;2025-12-08;22;0.0;1.0;1.0;1.0;0.0;
5;2025-12-08;23;0.0;1.0;1.0;1.0;0.0;
5;2025-12-09;0;0.0;1.0;1.0;1.0;0.0;
5;2025-12-09;1;0.0;1.0;1.0;1.0;0.0;
5;2025-12-09;2;0.0;1.0;1.0;1.0;0.0;
5;2025-12-09;3;0.0;1.0;1.0;1.0;0.0;
5;2025-12-09;4;0.0;1.0;1.0;1.0;0.0;
5;2025-12-09;5;0.0;1.0;1.0;1.0;0.0;
5;2025-12-09;6;0.0;1.0;1.0;1.0;0.0;
5;2025-12-09;7;0.0;1.0;1.0;1.0;0.0;
5;2025-12-09;8;0.0;1.0;1.0;1.0;0.0;
5;2025-12-09;9;0.0;1.0;1.0;1.0;0.0;
5;2025-12-09;10;0.0;1.0;1.0;1.0;0.0;
5;2025-12-09;11;0.0;1.0;1.0;1.0;0.0;
5;2025-12-09;12;0.0;1.0;1.0;1.0;0.0;
5;2025-12-09;13;0.0;1.0;1.0;1.0;0.0;
5;2025-12-09;14;0.0;1.0;1.0;1.0;0.0;
5;2025-12-09;15;0.0;1.0;1.0;1.0;0.0;
5;2025-12-09;16;0.0;1.0;1.0;1.0;0.0;
5;2025-12-09;17;0.0;1.0;1.0;1.0;0.0;
5;2025-12-09;18;0.0;1.0;1.0;1.0;0.0;
5;2025-12-09;19;0.0;1.0;1.0;1.0;0.0;
5;2025-12-09;20;0.0;1.0;1.0;1.0;0.0;
5;2025-12-09;21;0.0;1.0;1.0;1.0;0.0;
5;2025-12-09;22;0.0;1.0;1.0;1.0;0.0;
5;2025-12-09;23;0.0;1.0;1.0;1.0;0.0;
5;2025-12-10;0;0.0;1.0;1.0;1.0;0.0;
5;2025-12-10;1;0.0;1.0;1.0;1.0;0.0;
5;2025-12-10;2;0.0;1.0;1.0;1.0;0.0;
5;2025-12-10;3;0.0;1.0;1.0;1.0;0.0;
5;2025-12-10;4;0.0;1.0;1.0;1.0;0.0;
5;2025-12-10;5;0.0;1.0;1.0;1.0;0.0;
5;2025-12-10;6;0.0;1.0;1.0;1.0;0.0;
5;2025-12-10;7;0.0;1.0;1.0;1.0;0.0;
5;2025-12-10;8;0.0;1.0;1.0;1.0;0.0;
5;2025-12-10;9;0.0;1.0;1.0;1.0;0.0;
5;2025-12-10;10;0.0;1.0;1.0;1.0;0.0;
5;2025-12-10;11;0.0;1.0;1.0;1.0;0.0;
5;2025-12-10;12;0.0;1.0;1.0;1.0;0.0;
5;2025-12-10;13;0.0;1.0;1.0;1.0;0.0;
5;2025-12-10;14;0.0;1.0;1.0;1.0;0.0;
5;2025-12-10;15;0.0;1.0;1.0;1.0;0.0;
5;2025-12-10;16;0.0;1.0;1.0;1.0;0.0;
5;2025-12-10;17;0.0;1.0;1.0;1.0;0.0;
5;2025-12-10;18;0.0;1.0;1.0;1.0;0.0;
5;2025-12-10;19;0.0;1.0;1.0;1.0;0.0;
5;2025-12-10;20;0.0;1.0;1.0;1.0;0.0;
5;2025-12-10;21;0.0;1.0;1.0;1.0;0.0;
5;2025-12-10;22;0.0;1.0;1.0;1.0;0.0;
5;2025-12-10;23;0.0;1.0;1.0;1.0;0.0;
5;2025-12-11;0;0.0;1.0;1.0;1.0;0.0;
5;2025-12-11;1;0.0;1.0;1.0;1.0;0.0;
5;2025-12-11;2;0.0;1.0;1.0;1.0;0.0;
5;2025-12-11;3;0.0;1.0;1.0;1.0;0.0;
5;2025-12-11;4;0.0;1.0;1.0;1.0;0.0;
5;2025-12-11;5;0.0;1.0;1.0;1.0;0.0;
5;2025-12-11;6;0.0;1.0;1.0;1.0;0.0;
5;2025-12-11;7;0.0;1.0;1.0;1.0;0.0;
5;2025-12-11;8;0.0;1.0;1.0;1.0;0.0;
5;2025-12-11;9;0.0;1.0;1.0;1.0;0.0;
5;2025-12-11;10;0.0;1.0;1.0;1.0;0.0;
5;2025-12-11;11;0.0;1.0;1.0;1.0;0.0;
5;2025-12-11;12;0.0;1.0;1.0;1.0;0.0;
5;2025-12-11;13;0.0;1.0;1.0;1.0;0.0;
5;2025-12-11;14;0.0;1.0;1.0;1.0;0.0;
5;2025-12-11;15;0.0;1.0;1.0;1.0;0.0;
5;2025-12-11;16;0.0;1.0;1.0;1.0;0.0;
5;2025-12-11;17;0.0;1.0;1.0;1.0;0.0;
5;2025-12-11;18;0.0;1.0;1.0;1.0;0.0;
5;2025-12-11;19;0.0;1.0;1.0;1.0;0.0;
5;2025-12-11;20;0.0;1.0;1.0;1.0;0.0;
5;2025-12-11;21;0.0;1.0;1.0;1.0;0.0;
5;2025-12-11;22;0.0;1.0;1.0;1.0;0.0;
5;2025-12-11;23;0.0;1.0;1.0;1.0;0.0;
5;2025-12-12;0;0.0;1.0;1.0;1.0;0.0;
5;2025-12-12;1;0.0;1.0;1.0;1.0;0.0;
5;2025-12-12;2;0.0;1.0;1.0;1.0;0.0;
5;2025-12-12;3;0.0;1.0;1.0;1.0;0.0;
5;2025-12-12;4;0.0;1.0;1.0;1.0;0.0;
5;2025-12-12;5;0.0;1.0;1.0;1.0;0.0;
5;2025-12-12;6;0.0;1.0;1.0;1.0;0.0;
5;2025-12-12;7;0.0;1.0;1.0;1.0;0.0;
5;2025-12-12;8;0.0;1.0;1.0;1.0;0.0;
5;2025-12-12;9;0.0;1.0;1.0;1.0;0.0;
5;2025-12-12;10;0.0;1.0;1.0;1.0;0.0;
5;2025-12-12;11;0.0;1.0;1.0;1.0;0.0;
5;2025-12-12;12;0.0;1.0;1.0;1.0;0.0;
5;2025-12-12;13;0.0;1.0;1.0;1.0;0.0;
5;2025-12-12;14;0.0;1.0;1.0;1.0;0.0;
5;2025-12-12;15;0.0;1.0;1.0;1.0;0.0;
5;2025-12-12;16;0.0;1.0;1.0;1.0;0.0;
5;2025-12-12;17;0.0;1.0;1.0;1.0;0.0;
5;2025-12-12;18;0.0;1.0;1.0;1.0;0.0;
5;2025-12-12;19;0.0;1.0;1.0;1.0;0.0;
5;2025-12-12;20;0.0;1.0;1.0;1.0;0.0;
5;2025-12-12;21;0.0;1.0;1.0;1.0;0.0;
5;2025-12-12;22;0.0;1.0;1.0;1.0;0.0;
5;2025-12-12;23;0.0;1.0;1.0;1.0;0.0;
5;2025-12-13;0;0.0;1.0;1.0;1.0;0.0;
5;2025-12-13;1;0.0;1.0;1.0;1.0;0.0;
5;2025-12-13;2;0.0;1.0;1.0;1.0;0.0;
5;2025-12-13;3;0.0;1.0;1.0;1.0;0.0;
5;2025-12-13;4;0.0;1.0;1.0;1.0;0.0;
5;2025-12-13;5;0.0;1.0;1.0;1.0;0.0;
5;2025-12-13;6;0.0;1.0;1.0;1.0;0.0;
5;2025-12-13;7;0.0;1.0;1.0;1.0;0.0;
5;2025-12-13;8;0.0;1.0;1.0;1.0;0.0;
5;2025-12-13;9;0.0;1.0;1.0;1.0;0.0;
5;2025-12-13;10;0.0;1.0;1.0;1.0;0.0;
5;2025-12-13;11;0.0;1.0;1.0;1.0;0.0;
5;2025-12-13;12;0.0;1.0;1.0;1.0;0.0;
5;2025-12-13;13;0.0;1.0;1.0;1.0;0.0;
5;2025-12-13;14;0.0;1.0;1.0;1.0;0.0;
5;2025-12-13;15;0.0;1.0;1.0;1.0;0.0;
5;2025-12-13;16;0.0;1.0;1.0;1.0;0.0;
5;2025-12-13;17;0.0;1.0;1.0;1.0;0.0;
5;2025-12-13;18;0.0;1.0;1.0;1.0;0.0;
5;2025-12-13;19;0.0;1.0;1.0;1.0;0.0;
5;2025-12-13;20;0.0;1.0;1.0;1.0;0.0;
5;2025-12-13;21;0.0;1.0;1.0;1.0;0.0;
5;2025-12-13;22;0.0;1.0;1.0;1.0;0.0;
5;2025-12-13;23;0.0;1.0;1.0;1.0;0.0;
5;2025-12-14;0;0.0;1.0;1.0;1.0;0.0;
5;2025-12-14;1;0.0;1.0;1.0;1.0;0.0;
5;2025-12-14;2;0.0;1.0;1.0;1.0;0.0;
5;2025-12-14;3;0.0;1.0;1.0;1.0;0.0;
5;2025-12-14;4;0.0;1.0;1.0;1.0;0.0;
5;2025-12-14;5;0.0;1.0;1.0;1.0;0.0;
5;2025-12-14;6;0.0;1.0;1.0;1.0;0.0;
5;2025-12-14;7;0.0;1.0;1.0;1.0;0.0;
5;2025-12-14;8;0.0;1.0;1.0;1.0;0.0;
5;2025-12-14;9;0.0;1.0;1.0;1.0;0.0;
5;2025-12-14;10;0.0;1.0;1.0;1.0;0.0;
5;2025-12-14;11;0.0;1.0;1.0;1.0;0.0;
5;2025-12-14;12;0.0;1.0;1.0;1.0;0.0;
5;2025-12-14;13;0.0;1.0;1.0;1.0;0.0;
5;2025-12-14;14;0.0;1.0;1.0;1.0;0.0;
5;2025-12-14;15;0.0;1.0;1.0;1.0;0.0;
5;2025-12-14;16;0.0;1.0;1.0;1.0;0.0;
5;2025-12-14;17;0.0;1.0;1.0;1.0;0.0;
5;2025-12-14;18;0.0;1.0;1.0;1.0;0.0;
5;2025-12-14;19;0.0;1.0;1.0;1.0;0.0;
5;2025-12-14;20;0.0;1.0;1.0;1.0;0.0;
5;2025-12-14;21;0.0;1.0;1.0;1.0;0.0;
5;2025-12-14;22;0.0;1.0;1.0;1.0;0.0;
5;2025-12-14;23;0.0;1.0;1.0;1.0;0.0;
5;2025-12-15;0;0.0;1.0;1.0;1.0;0.0;
5;2025-12-15;1;0.0;1.0;1.0;1.0;0.0;
5;2025-12-15;2;0.0;1.0;1.0;1.0;0.0;
5;2025-12-15;3;0.0;1.0;1.0;1.0;0.0;
5;2025-12-15;4;0.0;1.0;1.0;1.0;0.0;
5;2025-12-15;5;0.0;1.0;1.0;1.0;0.0;
5;2025-12-15;6;0.0;1.0;1.0;1.0;0.0;
5;2025-12-15;7;0.0;1.0;1.0;1.0;0.0;
5;2025-12-15;8;0.0;1.0;1.0;1.0;0.0;
5;2025-12-15;9;0.0;1.0;1.0;1.0;0.0;
5;2025-12-15;10;0.0;1.0;1.0;1.0;0.0;
5;2025-12-15;11;0.0;1.0;1.0;1.0;0.0;
5;2025-12-15;12;0.0;1.0;1.0;1.0;0.0;
5;2025-12-15;13;0.0;1.0;1.0;1.0;0.0;
5;2025-12-15;14;0.0;1.0;1.0;1.0;0.0;
5;2025-12-15;15;0.0;1.0;1.0;1.0;0.0;
5;2025-12-15;16;0.0;1.0;1.0;1.0;0.0;
5;2025-12-15;17;0.0;1.0;1.0;1.0;0.0;
5;2025-12-15;18;0.0;1.0;1.0;1.0;0.0;
5;2025-12-15;19;0.0;1.0;1.0;1.0;0.0;
5;2025-12-15;20;0.0;1.0;1.0;1.0;0.0;
5;2025-12-15;21;0.0;1.0;1.0;1.0;0.0;
5;2025-12-15;22;0.0;1.0;1.0;1.0;0.0;
5;2025-12-15;23;0.0;1.0;1.0;1.0;0.0;
5;2025-12-16;0;1.5;1.0;1.0;1.0;1.5;new route 5 from 2025-12-16: profile of route 28 x0.5
5;2025-12-16;1;0.5;1.0;1.0;1.0;0.5;new route 5 from 2025-12-16: profile of route 28 x0.5
5;2025-12-16;2;0.0;1.0;1.0;1.0;0.0;
5;2025-12-16;3;0.0;1.0;1.0;1.0;0.0;
5;2025-12-16;4;0.5;1.0;1.0;1.0;0.5;new route 5 from 2025-12-16: profile of route 28 x0.5
5;2025-12-16;5;39.0;1.0;1.0;1.0;39.0;new route 5 from 2025-12-16: profile of route 28 x0.5
5;2025-12-16;6;125.5;1.0;1.0;1.0;125.5;new route 5 from 2025-12-16: profile of route 28 x0.5
5;2025-12-16;7;394.5;1.0;1.0;1.0;394.5;new route 5 from 2025-12-16: profile of route 28 x0.5
5;2025-12-16;8;645.5;1.0;1.0;1.0;645.5;new route 5 from 2025-12-16: profile of route 28 x0.5
5;2025-12-16;9;415.0;1.0;1.0;1.0;415.0;new route 5 from 2025-12-16: profile of route 28 x0.5
5;2025-12-16;10;308.5;1.0;1.0;1.0;308.5;new route 5 from 2025-12-16: profile of route 28 x0.5
5;2025-12-16;11;282.0;1.0;1.0;1.0;282.0;new route 5 from 2025-12-16: profile of route 28 x0.5
5;2025-12-16;12;352.5;1.0;1.0;1.0;352.5;new route 5 from 2025-12-16: profile of route 28 x0.5
5;2025-12-16;13;353.5;1.0;1.0;1.0;353.5;new route 5 from 2025-12-16: profile of route 28 x0.5
5;2025-12-16;14;334.0;1.0;1.0;1.0;334.0;new route 5 from 2025-12-16: profile of route 28 x0.5
5;2025-12-16;15;347.5;1.0;1.0;1.0;347.5;new route 5 from 2025-12-16: profile of route 28 x0.5
5;2025-12-16;16;447.0;1.0;1.0;1.0;447.0;new route 5 from 2025-12-16: profile of route 28 x0.5
5;2025-12-16;17;527.0;1.0;1.0;1.0;527.0;new route 5 from 2025-12-16: profile of route 28 x0.5
5;2025-12-16;18;511.0;1.0;1.0;1.0;511.0;new route 5 from 2025-12-16: profile of route 28 x0.5
5;2025-12-16;19;378.5;1.0;1.0;1.0;378.5;new route 5 from 2025-12-16: profile of route 28 x0.5
5;2025-12-16;20;260.5;1.0;1.0;1.0;260.5;new route 5 from 2025-12-16: profile of route 28 x0.5
5;2025-12-16;21;161.5;1.0;1.0;1.0;161.5;new route 5 from 2025-12-16: profile of route 28 x0.5
5;2025-12-16;22;58.5;1.0;1.0;1.0;58.5;new route 5 from 2025-12-16: profile of route 28 x0.5
5;2025-12-16;23;6.0;1.0;1.0;1.0;6.0;new route 5 from 2025-12-16: profile of route 28 x0.5
5;2025-12-17;0;1.5;1.0;1.0;1.0;1.5;new route 5 from 2025-12-16: profile of route 28 x0.5
5;2025-12-17;1;0.5;1.0;1.0;1.0;0.5;new route 5 from 2025-12-16: profile of route 28 x0.5
5;2025-12-17;2;0.0;1.0;1.0;1.0;0.0;
5;2025-12-17;3;0.0;1.0;1.0;1.0;0.0;
5;2025-12-17;4;0.5;1.0;1.0;1.0;0.5;new route 5 from 2025-12-16: profile of route 28 x0.5
5;2025-12-17;5;39.0;1.0;1.0;1.0;39.0;new route 5 from 2025-12-16: profile of route 28 x0.5
5;2025-12-17;6;125.5;1.0;1.0;1.0;125.5;new route 5 from 2025-12-16: profile of route 28 x0.5
5;2025-12-17;7;394.5;1.0;1.0;1.0;394.5;new route 5 from 2025-12-16: profile of route 28 x0.5
5;2025-12-17;8;645.5;1.0;1.0;1.0;645.5;new route 5 from 2025-12-16: profile of route 28 x0.5
5;2025-12-17;9;415.0;1.0;1.0;1.0;415.0;new route 5 from 2025-12-16: profile of route 28 x0.5
5;2025-12-17;10;308.5;1.0;1.0;1.0;308.5;new route 5 from 2025-12-16: profile of route 28 x0.5
5;2025-12-17;11;282.0;1.0;1.0;1.0;282.0;new route 5 from 2025-12-16: profile of route 28 x0.5
5;2025-12-17;12;352.5;1.0;1.0;1.0;352.5;new route 5 from 2025-12-16: profile of route 28 x0.5
5;2025-12-17;13;353.5;1.0;1.0;1.0;353.5;new route 5 from 2025-12-16: profile of route 28 x0.5
5;2025-12-17;14;334.0;1.0;1.0;1.0;334.0;new route 5 from 2025-12-16: profile of route 28 x0.5
5;2025-12-17;15;347.5;1.0;1.0;1.0;347.5;new route 5 from 2025-12-16: profile of route 28 x0.5
5;2025-12-17;16;447.0;1.0;1.0;1.0;447.0;new route 5 from 2025-12-16: profile of route 28 x0.5
5;2025-12-17;17;527.0;1.0;1.0;1.0;527.0;new route 5 from 2025-12-16: profile of route 28 x0.5
5;2025-12-17;18;511.0;1.0;1.0;1.0;511.0;new route 5 from 2025-12-16: profile of route 28 x0.5
5;2025-12-17;19;378.5;1.0;1.0;1.0;378.5;new route 5 from 2025-12-16: profile of route 28 x0.5
5;2025-12-17;20;260.5;1.0;1.0;1.0;260.5;new route 5 from 2025-12-16: profile of route 28 x0.5
5;2025-12-17;21;161.5;1.0;1.0;1.0;161.5;new route 5 from 2025-12-16: profile of route 28 x0.5
5;2025-12-17;22;58.5;1.0;1.0;1.0;58.5;new route 5 from 2025-12-16: profile of route 28 x0.5
5;2025-12-17;23;6.0;1.0;1.0;1.0;6.0;new route 5 from 2025-12-16: profile of route 28 x0.5
5;2025-12-18;0;1.5;1.0;1.0;1.0;1.5;new route 5 from 2025-12-16: profile of route 28 x0.5
5;2025-12-18;1;0.5;1.0;1.0;1.0;0.5;new route 5 from 2025-12-16: profile of route 28 x0.5
5;2025-12-18;2;0.0;1.0;1.0;1.0;0.0;
5;2025-12-18;3;0.0;1.0;1.0;1.0;0.0;
5;2025-12-18;4;0.5;1.0;1.0;1.0;0.5;new route 5 from 2025-12-16: profile of route 28 x0.5
5;2025-12-18;5;39.0;1.0;1.0;1.0;39.0;new route 5 from 2025-12-16: profile of route 28 x0.5
5;2025-12-18;6;125.5;1.0;1.0;1.0;125.5;new route 5 from 2025-12-16: profile of route 28 x0.5
5;2025-12-18;7;394.5;1.0;1.0;1.0;394.5;new route 5 from 2025-12-16: profile of route 28 x0.5
5;2025-12-18;8;645.5;1.0;1.0;1.0;645.5;new route 5 from 2025-12-16: profile of route 28 x0.5
5;2025-12-18;9;415.0;1.0;1.0;1.0;415.0;new route 5 from 2025-12-16: profile of route 28 x0.5
5;2025-12-18;10;308.5;1.0;1.0;1.0;308.5;new route 5 from 2025-12-16: profile of route 28 x0.5
5;2025-12-18;11;282.0;1.0;1.0;1.0;282.0;new route 5 from 2025-12-16: profile of route 28 x0.5
5;2025-12-18;12;352.5;1.0;1.0;1.0;352.5;new route 5 from 2025-12-16: profile of route 28 x0.5
5;2025-12-18;13;353.5;1.0;1.0;1.0;353.5;new route 5 from 2025-12-16: profile of route 28 x0.5
5;2025-12-18;14;334.0;1.0;1.0;1.0;334.0;new route 5 from 2025-12-16: profile of route 28 x0.5
5;2025-12-18;15;347.5;1.0;1.0;1.0;347.5;new route 5 from 2025-12-16: profile of route 28 x0.5
5;2025-12-18;16;447.0;1.0;1.0;1.0;447.0;new route 5 from 2025-12-16: profile of route 28 x0.5
5;2025-12-18;17;527.0;1.0;1.0;1.0;527.0;new route 5 from 2025-12-16: profile of route 28 x0.5
5;2025-12-18;18;511.0;1.0;1.0;1.0;511.0;new route 5 from 2025-12-16: profile of route 28 x0.5
5;2025-12-18;19;378.5;1.0;1.0;1.0;378.5;new route 5 from 2025-12-16: profile of route 28 x0.5
5;2025-12-18;20;260.5;1.0;1.0;1.0;260.5;new route 5 from 2025-12-16: profile of route 28 x0.5
5;2025-12-18;21;161.5;1.0;1.0;1.0;161.5;new route 5 from 2025-12-16: profile of route 28 x0.5
5;2025-12-18;22;58.5;1.0;1.0;1.0;58.5;new route 5 from 2025-12-16: profile of route 28 x0.5
5;2025-12-18;23;6.0;1.0;1.0;1.0;6.0;new route 5 from 2025-12-16: profile of route 28 x0.5
5;2025-12-19;0;1.0;1.0;1.0;1.0;1.0;new route 5 from 2025-12-16: profile of route 28 x0.5
5;2025-12-19;1;0.0;1.0;1.0;1.0;0.0;
5;2025-12-19;2;0.0;1.0;1.0;1.0;0.0;
5;2025-12-19;3;0.0;1.0;1.0;1.0;0.0;
5;2025-12-19;4;1.0;1.0;1.0;1.0;1.0;new route 5 from 2025-12-16: profile of route 28 x0.5
5;2025-12-19;5;38.0;1.0;1.0;1.0;38.0;new route 5 from 2025-12-16: profile of route 28 x0.5
5;2025-12-19;6;140.0;1.0;1.0;1.0;140.0;new route 5 from 2025-12-16: profile of route 28 x0.5
5;2025-12-19;7;429.5;1.0;1.0;1.0;429.5;new route 5 from 2025-12-16: profile of route 28 x0.5
5;2025-12-19;8;660.0;1.0;1.0;1.0;660.0;new route 5 from 2025-12-16: profile of route 28 x0.5
5;2025-12-19;9;423.0;1.0;1.0;1.0;423.0;new route 5 from 2025-12-16: profile of route 28 x0.5
5;2025-12-19;10;317.5;1.0;1.0;1.0;317.5;new route 5 from 2025-12-16: profile of route 28 x0.5
5;2025-12-19;11;303.5;1.0;1.0;1.0;303.5;new route 5 from 2025-12-16: profile of route 28 x0.5
5;2025-12-19;12;400.0;1.0;1.0;1.0;400.0;new route 5 from 2025-12-16: profile of route 28 x0.5
5;2025-12-19;13;364.5;1.0;1.0;1.0;364.5;new route 5 from 2025-12-16: profile of route 28 x0.5
5;2025-12-19;14;358.0;1.0;1.0;1.0;358.0;new route 5 from 2025-12-16: profile of route 28 x0.5
5;2025-12-19;15;367.5;1.0;1.0;1.0;367.5;new route 5 from 2025-12-16: profile of route 28 x0.5
5;2025-12-19;16;482.5;1.0;1.0;1.0;482.5;new route 5 from 2025-12-16: profile of route 28 x0.5
5;2025-12-19;17;505.5;1.0;1.0;1.0;505.5;new route 5 from 2025-12-16: profile of route 28 x0.5
5;2025-12-19;18;442.5;1.0;1.0;1.0;442.5;new route 5 from 2025-12-16: profile of route 28 x0.5
5;2025-12-19;19;329.5;1.0;1.0;1.0;329.5;new route 5 from 2025-12-16: profile of route 28 x0.5
5;2025-12-19;20;214.5;1.0;1.0;1.0;214.5;new route 5 from 2025-12-16: profile of route 28 x0.5
5;2025-12-19;21;166.5;1.0;1.0;1.0;166.5;new route 5 from 2025-12-16: profile of route 28 x0.5
5;2025-12-19;22;64.5;1.0;1.0;1.0;64.5;new route 5 from 2025-12-16: profile of route 28 x0.5
5;2025-12-19;23;9.5;1.0;1.0;1.0;9.5;new route 5 from 2025-12-16: profile of route 28 x0.5
5;2025-12-20;0;1.0;1.0;1.0;1.0;1.0;new route 5 from 2025-12-16: profile of route 28 x0.5
5;2025-12-20;1;0.0;1.0;1.0;1.0;0.0;
5;2025-12-20;2;0.0;1.0;1.0;1.0;0.0;
5;2025-12-20;3;0.0;1.0;1.0;1.0;0.0;
5;2025-12-20;4;0.5;1.0;1.0;1.0;0.5;new route 5 from 2025-12-16: profile of route 28 x0.5
5;2025-12-20;5;19.5;1.0;1.0;1.0;19.5;new route 5 from 2025-12-16: profile of route 28 x0.5
5;2025-12-20;6;53.5;1.0;1.0;1.0;53.5;new route 5 from 2025-12-16: profile of route 28 x0.5
5;2025-12-20;7;117.5;1.0;1.0;1.0;117.5;new route 5 from 2025-12-16: profile of route 28 x0.5
5;2025-12-20;8;204.0;1.0;1.0;1.0;204.0;new route 5 from 2025-12-16: profile of route 28 x0.5
5;2025-12-20;9;230.0;1.0;1.0;1.0;230.0;new route 5 from 2025-12-16: profile of route 28 x0.5
5;2025-12-20;10;251.0;1.0;1.0;1.0;251.0;new route 5 from 2025-12-16: profile of route 28 x0.5
5;2025-12-20;11;253.5;1.0;1.0;1.0;253.5;new route 5 from 2025-12-16: profile of route 28 x0.5
5;2025-12-20;12;300.5;1.0;1.0;1.0;300.5;new route 5 from 2025-12-16: profile of route 28 x0.5
5;2025-12-20;13;303.0;1.0;1.0;1.0;303.0;new route 5 from 2025-12-16: profile of route 28 x0.5
5;2025-12-20;14;281.0;1.0;1.0;1.0;281.0;new route 5 from 2025-12-16: profile of route 28 x0.5
5;2025-12-20;15;304.5;1.0;1.0;1.0;304.5;new route 5 from 2025-12-16: profile of route 28 x0.5
5;2025-12-20;16;306.5;1.0;1.0;1.0;306.5;new route 5 from 2025-12-16: profile of route 28 x0.5
5;2025-12-20;17;294.0;1.0;1.0;1.0;294.0;new route 5 from 2025-12-16: profile of route 28 x0.5
5;2025-12-20;18;253.5;1.0;1.0;1.0;253.5;new route 5 from 2025-12-16: profile of route 28 x0.5
5;2025-12-20;19;192.0;1.0;1.0;1.0;192.0;new route 5 from 2025-12-16: profile of route 28 x0.5
5;2025-12-20;20;142.0;1.0;1.0;1.0;142.0;new route 5 from 2025-12-16: profile of route 28 x0.5
5;2025-12-20;21;129.0;1.0;1.0;1.0;129.0;new route 5 from 2025-12-16: profile of route 28 x0.5
5;2025-12-20;22;51.5;1.0;1.0;1.0;51.5;new route 5 from 2025-12-16: profile of route 28 x0.5
5;2025-12-20;23;6.0;1.0;1.0;1.0;6.0;new route 5 from 2025-12-16: profile of route 28 x0.5
5;2025-12-21;0;1.0;1.0;1.0;1.0;1.0;new route 5 from 2025-12-16: profile of route 28 x0.5
5;2025-12-21;1;0.0;1.0;1.0;1.0;0.0;
5;2025-12-21;2;0.0;1.0;1.0;1.0;0.0;
5;2025-12-21;3;0.0;1.0;1.0;1.0;0.0;
5;2025-12-21;4;0.0;1.0;1.0;1.0;0.0;
5;2025-12-21;5;15.0;1.0;1.0;1.0;15.0;new route 5 from 2025-12-16: profile of route 28 x0.5
5;2025-12-21;6;39.0;1.0;1.0;1.0;39.0;new route 5 from 2025-12-16: profile of route 28 x0.5
5;2025-12-21;7;84.0;1.0;1.0;1.0;84.0;new route 5 from 2025-12-16: profile of route 28 x0.5
5;2025-12-21;8;130.0;1.0;1.0;1.0;130.0;new route 5 from 2025-12-16: profile of route 28 x0.5
5;2025-12-21;9;180.0;1.0;1.0;1.0;180.0;new route 5 from 2025-12-16: profile of route 28 x0.5
5;2025-12-21;10;202.5;1.0;1.0;1.0;202.5;new route 5 from 2025-12-16: profile of route 28 x0.5
5;2025-12-21;11;222.0;1.0;1.0;1.0;222.0;new route 5 from 2025-12-16: profile of route 28 x0.5
5;2025-12-21;12;229.5;1.0;1.0;1.0;229.5;new route 5 from 2025-12-16: profile of route 28 x0.5
5;2025-12-21;13;279.5;1.0;1.0;1.0;279.5;new route 5 from 2025-12-16: profile of route 28 x0.5
5;2025-12-21;14;265.0;1.0;1.0;1.0;265.0;new route 5 from 2025-12-16: profile of route 28 x0.5
5;2025-12-21;15;262.5;1.0;1.0;1.0;262.5;new route 5 from 2025-12-16: profile of route 28 x0.5
5;2025-12-21;16;235.0;1.0;1.0;1.0;235.0;new route 5 from 2025-12-16: profile of route 28 x0.5
5;2025-12-21;17;254.0;1.0;1.0;1.0;254.0;new route 5 from 2025-12-16: profile of route 28 x0.5
5;2025-12-21;18;218.0;1.0;1.0;1.0;218.0;new route 5 from 2025-12-16: profile of route 28 x0.5
5;2025-12-21;19;197.0;1.0;1.0;1.0;197.0;new route 5 from 2025-12-16: profile of route 28 x0.5
5;2025-12-21;20;148.5;1.0;1.0;1.0;148.5;new route 5 from 2025-12-16: profile of route 28 x0.5
5;2025-12-21;21;119.0;1.0;1.0;1.0;119.0;new route 5 from 2025-12-16: profile of route 28 x0.5
5;2025-12-21;22;56.0;1.0;1.0;1.0;56.0;new route 5 from 2025-12-16: profile of route 28 x0.5
5;2025-12-21;23;6.5;1.0;1.0;1.0;6.5;new route 5 from 2025-12-16: profile of route 28 x0.5
5;2025-12-22;0;1.5;1.0;1.0;1.0;1.5;new route 5 from 2025-12-16: profile of route 28 x0.5
5;2025-12-22;1;0.5;1.0;1.0;1.0;0.5;new route 5 from 2025-12-16: profile of route 28 x0.5
5;2025-12-22;2;0.0;1.0;1.0;1.0;0.0;
5;2025-12-22;3;0.0;1.0;1.0;1.0;0.0;
5;2025-12-22;4;0.5;1.0;1.0;1.0;0.5;new route 5 from 2025-12-16: profile of route 28 x0.5
5;2025-12-22;5;39.0;1.0;1.0;1.0;39.0;new route 5 from 2025-12-16: profile of route 28 x0.5
5;2025-12-22;6;125.5;1.0;1.0;1.0;125.5;new route 5 from 2025-12-16: profile of route 28 x0.5
5;2025-12-22;7;394.5;1.0;1.0;1.0;394.5;new route 5 from 2025-12-16: profile of route 28 x0.5
5;2025-12-22;8;645.5;1.0;1.0;1.0;645.5;new route 5 from 2025-12-16: profile of route 28 x0.5
5;2025-12-22;9;415.0;1.0;1.0;1.0;415.0;new route 5 from 2025-12-16: profile of route 28 x0.5
5;2025-12-22;10;308.5;1.0;1.0;1.0;308.5;new route 5 from 2025-12-16: profile of route 28 x0.5
5;2025-12-22;11;282.0;1.0;1.0;1.0;282.0;new route 5 from 2025-12-16: profile of route 28 x0.5
5;2025-12-22;12;352.5;1.0;1.0;1.0;352.5;new route 5 from 2025-12-16: profile of route 28 x0.5
5;2025-12-22;13;353.5;1.0;1.0;1.0;353.5;new route 5 from 2025-12-16: profile of route 28 x0.5
5;2025-12-22;14;334.0;1.0;1.0;1.0;334.0;new route 5 from 2025-12-16: profile of route 28 x0.5
5;2025-12-22;15;347.5;1.0;1.0;1.0;347.5;new route 5 from 2025-12-16: profile of route 28 x0.5
5;2025-12-22;16;447.0;1.0;1.0;1.0;447.0;new route 5 from 2025-12-16: profile of route 28 x0.5
5;2025-12-22;17;527.0;1.0;1.0;1.0;527.0;new route 5 from 2025-12-16: profile of route 28 x0.5
5;2025-12-22;18;511.0;1.0;1.0;1.0;511.0;new route 5 from 2025-12-16: profile of route 28 x0.5
5;2025-12-22;19;378.5;1.0;1.0;1.0;378.5;new route 5 from 2025-12-16: profile of route 28 x0.5
5;2025-12-22;20;260.5;1.0;1.0;1.0;260.5;new route 5 from 2025-12-16: profile of route 28 x0.5
5;2025-12-22;21;161.5;1.0;1.0;1.0;161.5;new route 5 from 2025-12-16: profile of route 28 x0.5
5;2025-12-22;22;58.5;1.0;1.0;1.0;58.5;new route 5 from 2025-12-16: profile of route 28 x0.5
5;2025-12-22;23;6.0;1.0;1.0;1.0;6.0;new route 5 from 2025-12-16: profile of route 28 x0.5
5;2025-12-23;0;1.5;1.0;1.0;1.0;1.5;new route 5 from 2025-12-16: profile of route 28 x0.5
5;2025-12-23;1;0.5;1.0;1.0;1.0;0.5;new route 5 from 2025-12-16: profile of route 28 x0.5
5;2025-12-23;2;0.0;1.0;1.0;1.0;0.0;
5;2025-12-23;3;0.0;1.0;1.0;1.0;0.0;
5;2025-12-23;4;0.5;1.0;1.0;1.0;0.5;new route 5 from 2025-12-16: profile of route 28 x0.5
5;2025-12-23;5;39.0;1.0;1.0;1.0;39.0;new route 5 from 2025-12-16: profile of route 28 x0.5
5;2025-12-23;6;125.5;1.0;1.0;1.0;125.5;new route 5 from 2025-12-16: profile of route 28 x0.5
5;2025-12-23;7;394.5;1.0;1.0;1.0;394.5;new route 5 from 2025-12-16: profile of route 28 x0.5
5;2025-12-23;8;645.5;1.0;1.0;1.0;645.5;new route 5 from 2025-12-16: profile of route 28 x0.5
5;2025-12-23;9;415.0;1.0;1.0;1.0;415.0;new route 5 from 2025-12-16: profile of route 28 x0.5
5;2025-12-23;10;308.5;1.0;1.0;1.0;308.5;new route 5 from 2025-12-16: profile of route 28 x0.5
5;2025-12-23;11;282.0;1.0;1.0;1.0;282.0;new route 5 from 2025-12-16: profile of route 28 x0.5
5;2025-12-23;12;352.5;1.0;1.0;1.0;352.5;new route 5 from 2025-12-16: profile of route 28 x0.5
5;2025-12-23;13;353.5;1.0;1.0;1.0;353.5;new route 5 from 2025-12-16: profile of route 28 x0.5
5;2025-12-23;14;334.0;1.0;1.0;1.0;334.0;new route 5 from 2025-12-16: profile of route 28 x0.5
5;2025-12-23;15;347.5;1.0;1.0;1.0;347.5;new route 5 from 2025-12-16: profile of route 28 x0.5
5;2025-12-23;16;447.0;1.0;1.0;1.0;447.0;new route 5 from 2025-12-16: profile of route 28 x0.5
5;2025-12-23;17;527.0;1.0;1.0;1.0;527.0;new route 5 from 2025-12-16: profile of route 28 x0.5
5;2025-12-23;18;511.0;1.0;1.0;1.0;511.0;new route 5 from 2025-12-16: profile of route 28 x0.5
5;2025-12-23;19;378.5;1.0;1.0;1.0;378.5;new route 5 from 2025-12-16: profile of route 28 x0.5
5;2025-12-23;20;260.5;1.0;1.0;1.0;260.5;new route 5 from 2025-12-16: profile of route 28 x0.5
5;2025-12-23;21;161.5;1.0;1.0;1.0;161.5;new route 5 from 2025-12-16: profile of route 28 x0.5
5;2025-12-23;22;58.5;1.0;1.0;1.0;58.5;new route 5 from 2025-12-16: profile of route 28 x0.5
5;2025-12-23;23;6.0;1.0;1.0;1.0;6.0;new route 5 from 2025-12-16: profile of route 28 x0.5
5;2025-12-24;0;1.5;1.0;1.0;1.0;1.5;new route 5 from 2025-12-16: profile of route 28 x0.5
5;2025-12-24;1;0.5;1.0;1.0;1.0;0.5;new route 5 from 2025-12-16: profile of route 28 x0.5
5;2025-12-24;2;0.0;1.0;1.0;1.0;0.0;
5;2025-12-24;3;0.0;1.0;1.0;1.0;0.0;
5;2025-12-24;4;0.5;1.0;1.0;1.0;0.5;new route 5 from 2025-12-16: profile of route 28 x0.5
5;2025-12-24;5;39.0;1.0;1.0;1.0;39.0;new route 5 from 2025-12-16: profile of route 28 x0.5
5;2025-12-24;6;125.5;1.0;1.0;1.0;125.5;new route 5 from 2025-12-16: profile of route 28 x0.5
5;2025-12-24;7;394.5;1.0;1.0;1.0;394.5;new route 5 from 2025-12-16: profile of route 28 x0.5
5;2025-12-24;8;645.5;1.0;1.0;1.0;645.5;new route 5 from 2025-12-16: profile of route 28 x0.5
5;2025-12-24;9;415.0;1.0;1.0;1.0;415.0;new route 5 from 2025-12-16: profile of route 28 x0.5
5;2025-12-24;10;308.5;1.0;1.0;1.0;308.5;new route 5 from 2025-12-16: profile of route 28 x0.5
5;2025-12-24;11;282.0;1.0;1.0;1.0;282.0;new route 5 from 2025-12-16: profile of route 28 x0.5
5;2025-12-24;12;352.5;1.0;1.0;1.0;352.5;new route 5 from 2025-12-16: profile of route 28 x0.5
5;2025-12-24;13;353.5;1.0;1.0;1.0;353.5;new route 5 from 2025-12-16: profile of route 28 x0.5
5;2025-12-24;14;334.0;1.0;1.0;1.0;334.0;new route 5 from 2025-12-16: profile of route 28 x0.5
5;2025-12-24;15;347.5;1.0;1.0;1.0;347.5;new route 5 from 2025-12-16: profile of route 28 x0.5
5;2025-12-24;16;447.0;1.0;1.0;1.0;447.0;new route 5 from 2025-12-16: profile of route 28 x0.5
5;2025-12-24;17;527.0;1.0;1.0;1.0;527.0;new route 5 from 2025-12-16: profile of route 28 x0.5
5;2025-12-24;18;511.0;1.0;1.0;1.0;511.0;new route 5 from 2025-12-16: profile of route 28 x0.5
5;2025-12-24;19;378.5;1.0;1.0;1.0;378.5;new route 5 from 2025-12-16: profile of route 28 x0.5
5;2025-12-24;20;260.5;1.0;1.0;1.0;260.5;new route 5 from 2025-12-16: profile of route 28 x0.5
5;2025-12-24;21;161.5;1.0;1.0;1.0;161.5;new route 5 from 2025-12-16: profile of route 28 x0.5
5;2025-12-24;22;58.5;1.0;1.0;1.0;58.5;new route 5 from 2025-12-16: profile of route 28 x0.5
5;2025-12-24;23;6.0;1.0;1.0;1.0;6.0;new route 5 from 2025-12-16: profile of route 28 x0.5
5;2025-12-25;0;1.5;1.0;1.0;1.0;1.5;new route 5 from 2025-12-16: profile of route 28 x0.5
5;2025-12-25;1;0.5;1.0;1.0;1.0;0.5;new route 5 from 2025-12-16: profile of route 28 x0.5
5;2025-12-25;2;0.0;1.0;1.0;1.0;0.0;
5;2025-12-25;3;0.0;1.0;1.0;1.0;0.0;
5;2025-12-25;4;0.5;1.0;1.0;1.0;0.5;new route 5 from 2025-12-16: profile of route 28 x0.5
5;2025-12-25;5;39.0;1.0;1.0;1.0;39.0;new route 5 from 2025-12-16: profile of route 28 x0.5
5;2025-12-25;6;125.5;1.0;1.0;1.0;125.5;new route 5 from 2025-12-16: profile of route 28 x0.5
5;2025-12-25;7;394.5;1.0;1.0;1.0;394.5;new route 5 from 2025-12-16: profile of route 28 x0.5
5;2025-12-25;8;645.5;1.0;1.0;1.0;645.5;new route 5 from 2025-12-16: profile of route 28 x0.5
5;2025-12-25;9;415.0;1.0;1.0;1.0;415.0;new route 5 from 2025-12-16: profile of route 28 x0.5
5;2025-12-25;10;308.5;1.0;1.0;1.0;308.5;new route 5 from 2025-12-16: profile of route 28 x0.5
5;2025-12-25;11;282.0;1.0;1.0;1.0;282.0;new route 5 from 2025-12-16: profile of route 28 x0.5
5;2025-12-25;12;352.5;1.0;1.0;1.0;352.5;new route 5 from 2025-12-16: profile of route 28 x0.5
5;2025-12-25;13;353.5;1.0;1.0;1.0;353.5;new route 5 from 2025-12-16: profile of route 28 x0.5
5;2025-12-25;14;334.0;1.0;1.0;1.0;334.0;new route 5 from 2025-12-16: profile of route 28 x0.5
5;2025-12-25;15;347.5;1.0;1.0;1.0;347.5;new route 5 from 2025-12-16: profile of route 28 x0.5
5;2025-12-25;16;447.0;1.0;1.0;1.0;447.0;new route 5 from 2025-12-16: profile of route 28 x0.5
5;2025-12-25;17;527.0;1.0;1.0;1.0;527.0;new route 5 from 2025-12-16: profile of route 28 x0.5
5;2025-12-25;18;511.0;1.0;1.0;1.0;511.0;new route 5 from 2025-12-16: profile of route 28 x0.5
5;2025-12-25;19;378.5;1.0;1.0;1.0;378.5;new route 5 from 2025-12-16: profile of route 28 x0.5
5;2025-12-25;20;260.5;1.0;1.0;1.0;260.5;new route 5 from 2025-12-16: profile of route 28 x0.5
5;2025-12-25;21;161.5;1.0;1.0;1.0;161.5;new route 5 from 2025-12-16: profile of route 28 x0.5
5;2025-12-25;22;58.5;1.0;1.0;1.0;58.5;new route 5 from 2025-12-16: profile of route 28 x0.5
5;2025-12-25;23;6.0;1.0;1.0;1.0;6.0;new route 5 from 2025-12-16: profile of route 28 x0.5
5;2025-12-26;0;1.0;1.0;1.0;1.0;1.0;new route 5 from 2025-12-16: profile of route 28 x0.5
5;2025-12-26;1;0.0;1.0;1.0;1.0;0.0;
5;2025-12-26;2;0.0;1.0;1.0;1.0;0.0;
5;2025-12-26;3;0.0;1.0;1.0;1.0;0.0;
5;2025-12-26;4;1.0;1.0;1.0;1.0;1.0;new route 5 from 2025-12-16: profile of route 28 x0.5
5;2025-12-26;5;38.0;1.0;1.0;1.0;38.0;new route 5 from 2025-12-16: profile of route 28 x0.5
5;2025-12-26;6;140.0;1.0;1.0;1.0;140.0;new route 5 from 2025-12-16: profile of route 28 x0.5
5;2025-12-26;7;429.5;1.0;1.0;1.0;429.5;new route 5 from 2025-12-16: profile of route 28 x0.5
5;2025-12-26;8;660.0;1.0;1.0;1.0;660.0;new route 5 from 2025-12-16: profile of route 28 x0.5
5;2025-12-26;9;423.0;1.0;1.0;1.0;423.0;new route 5 from 2025-12-16: profile of route 28 x0.5
5;2025-12-26;10;317.5;1.0;1.0;1.0;317.5;new route 5 from 2025-12-16: profile of route 28 x0.5
5;2025-12-26;11;303.5;1.0;1.0;1.0;303.5;new route 5 from 2025-12-16: profile of route 28 x0.5
5;2025-12-26;12;400.0;1.0;1.0;1.0;400.0;new route 5 from 2025-12-16: profile of route 28 x0.5
5;2025-12-26;13;364.5;1.0;1.0;1.0;364.5;new route 5 from 2025-12-16: profile of route 28 x0.5
5;2025-12-26;14;358.0;1.0;1.0;1.0;358.0;new route 5 from 2025-12-16: profile of route 28 x0.5
5;2025-12-26;15;367.5;1.0;1.0;1.0;367.5;new route 5 from 2025-12-16: profile of route 28 x0.5
5;2025-12-26;16;482.5;1.0;1.0;1.0;482.5;new route 5 from 2025-12-16: profile of route 28 x0.5
5;2025-12-26;17;505.5;1.0;1.0;1.0;505.5;new route 5 from 2025-12-16: profile of route 28 x0.5
5;2025-12-26;18;442.5;1.0;1.0;1.0;442.5;new route 5 from 2025-12-16: profile of route 28 x0.5
5;2025-12-26;19;329.5;1.0;1.0;1.0;329.5;new route 5 from 2025-12-16: profile of route 28 x0.5
5;2025-12-26;20;214.5;1.0;1.0;1.0;214.5;new route 5 from 2025-12-16: profile of route 28 x0.5
5;2025-12-26;21;166.5;1.0;1.0;1.0;166.5;new route 5 from 2025-12-16: profile of route 28 x0.5
5;2025-12-26;22;64.5;1.0;1.0;1.0;64.5;new route 5 from 2025-12-16: profile of route 28 x0.5
5;2025-12-26;23;9.5;1.0;1.0;1.0;9.5;new route 5 from 2025-12-16: profile of route 28 x0.5
5;2025-12-27;0;1.0;1.0;1.0;1.0;1.0;new route 5 from 2025-12-16: profile of route 28 x0.5
5;2025-12-27;1;0.0;1.0;1.0;1.0;0.0;
5;2025-12-27;2;0.0;1.0;1.0;1.0;0.0;
5;2025-12-27;3;0.0;1.0;1.0;1.0;0.0;
5;2025-12-27;4;0.5;1.0;1.0;1.0;0.5;new route 5 from 2025-12-16: profile of route 28 x0.5
5;2025-12-27;5;19.5;1.0;1.0;1.0;19.5;new route 5 from 2025-12-16: profile of route 28 x0.5
5;2025-12-27;6;53.5;1.0;1.0;1.0;53.5;new route 5 from 2025-12-16: profile of route 28 x0.5
5;2025-12-27;7;117.5;1.0;1.0;1.0;117.5;new route 5 from 2025-12-16: profile of route 28 x0.5
5;2025-12-27;8;204.0;1.0;1.0;1.0;204.0;new route 5 from 2025-12-16: profile of route 28 x0.5
5;2025-12-27;9;230.0;1.0;1.0;1.0;230.0;new route 5 from 2025-12-16: profile of route 28 x0.5
5;2025-12-27;10;251.0;1.0;1.0;1.0;251.0;new route 5 from 2025-12-16: profile of route 28 x0.5
5;2025-12-27;11;253.5;1.0;1.0;1.0;253.5;new route 5 from 2025-12-16: profile of route 28 x0.5
5;2025-12-27;12;300.5;1.0;1.0;1.0;300.5;new route 5 from 2025-12-16: profile of route 28 x0.5
5;2025-12-27;13;303.0;1.0;1.0;1.0;303.0;new route 5 from 2025-12-16: profile of route 28 x0.5
5;2025-12-27;14;281.0;1.0;1.0;1.0;281.0;new route 5 from 2025-12-16: profile of route 28 x0.5
5;2025-12-27;15;304.5;1.0;1.0;1.0;304.5;new route 5 from 2025-12-16: profile of route 28 x0.5
5;2025-12-27;16;306.5;1.0;1.0;1.0;306.5;new route 5 from 2025-12-16: profile of route 28 x0.5
5;2025-12-27;17;294.0;1.0;1.0;1.0;294.0;new route 5 from 2025-12-16: profile of route 28 x0.5
5;2025-12-27;18;253.5;1.0;1.0;1.0;253.5;new route 5 from 2025-12-16: profile of route 28 x0.5
5;2025-12-27;19;192.0;1.0;1.0;1.0;192.0;new route 5 from 2025-12-16: profile of route 28 x0.5
5;2025-12-27;20;142.0;1.0;1.0;1.0;142.0;new route 5 from 2025-12-16: profile of route 28 x0.5
5;2025-12-27;21;129.0;1.0;1.0;1.0;129.0;new route 5 from 2025-12-16: profile of route 28 x0.5
5;2025-12-27;22;51.5;1.0;1.0;1.0;51.5;new route 5 from 2025-12-16: profile of route 28 x0.5
5;2025-12-27;23;6.0;1.0;1.0;1.0;6.0;new route 5 from 2025-12-16: profile of route 28 x0.5
5;2025-12-28;0;1.0;1.0;1.0;1.0;1.0;new route 5 from 2025-12-16: profile of route 28 x0.5
5;2025-12-28;1;0.0;1.0;1.0;1.0;0.0;
5;2025-12-28;2;0.0;1.0;1.0;1.0;0.0;
5;2025-12-28;3;0.0;1.0;1.0;1.0;0.0;
5;2025-12-28;4;0.0;1.0;1.0;1.0;0.0;
5;2025-12-28;5;15.0;1.0;1.0;1.0;15.0;new route 5 from 2025-12-16: profile of route 28 x0.5
5;2025-12-28;6;39.0;1.0;1.0;1.0;39.0;new route 5 from 2025-12-16: profile of route 28 x0.5
5;2025-12-28;7;84.0;1.0;1.0;1.0;84.0;new route 5 from 2025-12-16: profile of route 28 x0.5
5;2025-12-28;8;130.0;1.0;1.0;1.0;130.0;new route 5 from 2025-12-16: profile of route 28 x0.5
5;2025-12-28;9;180.0;1.0;1.0;1.0;180.0;new route 5 from 2025-12-16: profile of route 28 x0.5
5;2025-12-28;10;202.5;1.0;1.0;1.0;202.5;new route 5 from 2025-12-16: profile of route 28 x0.5
5;2025-12-28;11;222.0;1.0;1.0;1.0;222.0;new route 5 from 2025-12-16: profile of route 28 x0.5
5;2025-12-28;12;229.5;1.0;1.0;1.0;229.5;new route 5 from 2025-12-16: profile of route 28 x0.5
5;2025-12-28;13;279.5;1.0;1.0;1.0;279.5;new route 5 from 2025-12-16: profile of route 28 x0.5
5;2025-12-28;14;265.0;1.0;1.0;1.0;265.0;new route 5 from 2025-12-16: profile of route 28 x0.5
5;2025-12-28;15;262.5;1.0;1.0;1.0;262.5;new route 5 from 2025-12-16: profile of route 28 x0.5
5;2025-12-28;16;235.0;1.0;1.0;1.0;235.0;new route 5 from 2025-12-16: profile of route 28 x0.5
5;2025-12-28;17;254.0;1.0;1.0;1.0;254.0;new route 5 from 2025-12-16: profile of route 28 x0.5
5;2025-12-28;18;218.0;1.0;1.0;1.0;218.0;new route 5 from 2025-12-16: profile of route 28 x0.5
5;2025-12-28;19;197.0;1.0;1.0;1.0;197.0;new route 5 from 2025-12-16: profile of route 28 x0.5
5;2025-12-28;20;148.5;1.0;1.0;1.0;148.5;new route 5 from 2025-12-16: profile of route 28 x0.5
5;2025-12-28;21;119.0;1.0;1.0;1.0;119.0;new route 5 from 2025-12-16: profile of route 28 x0.5
5;2025-12-28;22;56.0;1.0;1.0;1.0;56.0;new route 5 from 2025-12-16: profile of route 28 x0.5
5;2025-12-28;23;6.5;1.0;1.0;1.0;6.5;new route 5 from 2025-12-16: profile of route 28 x0.5
5;2025-12-29;0;1.0;0.88;1.0;1.136;1.0;new route 5 from 2025-12-16: profile of route 28 x0.5
5;2025-12-29;1;0.5;0.88;1.0;1.136;0.5;new route 5 from 2025-12-16: profile of route 28 x0.5
5;2025-12-29;2;0.0;0.88;1.0;1.0;0.0;
5;2025-12-29;3;0.0;0.88;1.0;1.0;0.0;
5;2025-12-29;4;0.5;0.88;1.0;1.136;0.5;new route 5 from 2025-12-16: profile of route 28 x0.5
5;2025-12-29;5;34.0;0.88;1.0;1.136;34.0;new route 5 from 2025-12-16: profile of route 28 x0.5
5;2025-12-29;6;110.5;0.88;1.0;1.136;110.5;new route 5 from 2025-12-16: profile of route 28 x0.5
5;2025-12-29;7;347.0;0.88;1.0;1.136;347.0;new route 5 from 2025-12-16: profile of route 28 x0.5
5;2025-12-29;8;568.0;0.88;1.0;1.136;568.0;new route 5 from 2025-12-16: profile of route 28 x0.5
5;2025-12-29;9;365.5;0.88;1.0;1.136;365.5;new route 5 from 2025-12-16: profile of route 28 x0.5
5;2025-12-29;10;271.5;0.88;1.0;1.136;271.5;new route 5 from 2025-12-16: profile of route 28 x0.5
5;2025-12-29;11;248.0;0.88;1.0;1.136;248.0;new route 5 from 2025-12-16: profile of route 28 x0.5
5;2025-12-29;12;310.0;0.88;1.0;1.136;310.0;new route 5 from 2025-12-16: profile of route 28 x0.5
5;2025-12-29;13;311.0;0.88;1.0;1.136;311.0;new route 5 from 2025-12-16: profile of route 28 x0.5
5;2025-12-29;14;294.0;0.88;1.0;1.136;294.0;new route 5 from 2025-12-16: profile of route 28 x0.5
5;2025-12-29;15;306.0;0.88;1.0;1.136;306.0;new route 5 from 2025-12-16: profile of route 28 x0.5
5;2025-12-29;16;393.5;0.88;1.0;1.136;393.5;new route 5 from 2025-12-16: profile of route 28 x0.5
5;2025-12-29;17;463.5;0.88;1.0;1.136;463.5;new route 5 from 2025-12-16: profile of route 28 x0.5
5;2025-12-29;18;449.5;0.88;1.0;1.136;449.5;new route 5 from 2025-12-16: profile of route 28 x0.5
5;2025-12-29;19;333.0;0.88;1.0;1.136;333.0;new route 5 from 2025-12-16: profile of route 28 x0.5
5;2025-12-29;20;229.5;0.88;1.0;1.136;229.5;new route 5 from 2025-12-16: profile of route 28 x0.5
5;2025-12-29;21;142.0;0.88;1.0;1.136;142.0;new route 5 from 2025-12-16: profile of route 28 x0.5
5;2025-12-29;22;51.5;0.88;1.0;1.136;51.5;new route 5 from 2025-12-16: profile of route 28 x0.5
5;2025-12-29;23;5.0;0.88;1.0;1.136;5.0;new route 5 from 2025-12-16: profile of route 28 x0.5
5;2025-12-30;0;1.0;0.88;1.0;1.136;1.0;new route 5 from 2025-12-16: profile of route 28 x0.5
5;2025-12-30;1;0.5;0.88;1.0;1.136;0.5;new route 5 from 2025-12-16: profile of route 28 x0.5
5;2025-12-30;2;0.0;0.88;1.0;1.0;0.0;
5;2025-12-30;3;0.0;0.88;1.0;1.0;0.0;
5;2025-12-30;4;0.5;0.88;1.0;1.136;0.5;new route 5 from 2025-12-16: profile of route 28 x0.5
5;2025-12-30;5;34.0;0.88;1.0;1.136;34.0;new route 5 from 2025-12-16: profile of route 28 x0.5
5;2025-12-30;6;110.5;0.88;1.0;1.136;110.5;new route 5 from 2025-12-16: profile of route 28 x0.5
5;2025-12-30;7;347.0;0.88;1.0;1.136;347.0;new route 5 from 2025-12-16: profile of route 28 x0.5
5;2025-12-30;8;568.0;0.88;1.0;1.136;568.0;new route 5 from 2025-12-16: profile of route 28 x0.5
5;2025-12-30;9;365.5;0.88;1.0;1.136;365.5;new route 5 from 2025-12-16: profile of route 28 x0.5
5;2025-12-30;10;271.5;0.88;1.0;1.136;271.5;new route 5 from 2025-12-16: profile of route 28 x0.5
5;2025-12-30;11;248.0;0.88;1.0;1.136;248.0;new route 5 from 2025-12-16: profile of route 28 x0.5
5;2025-12-30;12;310.0;0.88;1.0;1.136;310.0;new route 5 from 2025-12-16: profile of route 28 x0.5
5;2025-12-30;13;311.0;0.88;1.0;1.136;311.0;new route 5 from 2025-12-16: profile of route 28 x0.5
5;2025-12-30;14;294.0;0.88;1.0;1.136;294.0;new route 5 from 2025-12-16: profile of route 28 x0.5
5;2025-12-30;15;306.0;0.88;1.0;1.136;306.0;new route 5 from 2025-12-16: profile of route 28 x0.5
5;2025-12-30;16;393.5;0.88;1.0;1.136;393.5;new route 5 from 2025-12-16: profile of route 28 x0.5
5;2025-12-30;17;463.5;0.88;1.0;1.136;463.5;new route 5 from 2025-12-16: profile of route 28 x0.5
5;2025-12-30;18;449.5;0.88;1.0;1.136;449.5;new route 5 from 2025-12-16: profile of route 28 x0.5
5;2025-12-30;19;333.0;0.88;1.0;1.136;333.0;new route 5 from 2025-12-16: profile of route 28 x0.5
5;2025-12-30;20;229.5;0.88;1.0;1.136;229.5;new route 5 from 2025-12-16: profile of route 28 x0.5
5;2025-12-30;21;142.0;0.88;1.0;1.136;142.0;new route 5 from 2025-12-16: profile of route 28 x0.5
5;2025-12-30;22;51.5;0.88;1.0;1.136;51.5;new route 5 from 2025-12-16: profile of route 28 x0.5
5;2025-12-30;23;5.0;0.88;1.0;1.136;5.0;new route 5 from 2025-12-16: profile of route 28 x0.5
5;2025-12-31;0;0.5;0.8;1.0;1.25;0.5;new route 5 from 2025-12-16: profile of route 28 x0.5
5;2025-12-31;1;0.0;0.8;1.0;1.0;0.0;
5;2025-12-31;2;0.0;0.8;1.0;1.0;0.0;
5;2025-12-31;3;0.0;0.8;1.0;1.0;0.0;
5;2025-12-31;4;0.5;0.8;1.0;1.25;0.5;new route 5 from 2025-12-16: profile of route 28 x0.5
5;2025-12-31;5;15.5;0.8;1.0;1.25;15.5;new route 5 from 2025-12-16: profile of route 28 x0.5
5;2025-12-31;6;42.5;0.8;1.0;1.25;42.5;new route 5 from 2025-12-16: profile of route 28 x0.5
5;2025-12-31;7;94.0;0.8;1.0;1.25;94.0;new route 5 from 2025-12-16: profile of route 28 x0.5
5;2025-12-31;8;163.5;0.8;1.0;1.25;163.5;new route 5 from 2025-12-16: profile of route 28 x0.5
5;2025-12-31;9;184.0;0.8;1.0;1.25;184.0;new route 5 from 2025-12-16: profile of route 28 x0.5
5;2025-12-31;10;200.5;0.8;1.0;1.25;200.5;new route 5 from 2025-12-16: profile of route 28 x0.5
5;2025-12-31;11;203.0;0.8;1.0;1.25;203.0;new route 5 from 2025-12-16: profile of route 28 x0.5
5;2025-12-31;12;240.5;0.8;1.0;1.25;240.5;new route 5 from 2025-12-16: profile of route 28 x0.5
5;2025-12-31;13;242.5;0.8;1.0;1.25;242.5;new route 5 from 2025-12-16: profile of route 28 x0.5
5;2025-12-31;14;225.0;0.8;1.0;1.25;225.0;new route 5 from 2025-12-16: profile of route 28 x0.5
5;2025-12-31;15;243.5;0.8;1.0;1.25;243.5;new route 5 from 2025-12-16: profile of route 28 x0.5
5;2025-12-31;16;245.0;0.8;1.0;1.25;245.0;new route 5 from 2025-12-16: profile of route 28 x0.5
5;2025-12-31;17;235.0;0.8;1.0;1.25;235.0;new route 5 from 2025-12-16: profile of route 28 x0.5
5;2025-12-31;18;203.0;0.8;1.0;1.25;203.0;new route 5 from 2025-12-16: profile of route 28 x0.5
5;2025-12-31;19;153.5;0.8;1.0;1.25;153.5;new route 5 from 2025-12-16: profile of route 28 x0.5
5;2025-12-31;20;0.0;0.8;1.0;1.0;0.0;free fare New Year night
5;2025-12-31;21;0.0;0.8;1.0;1.0;0.0;free fare New Year night
5;2025-12-31;22;0.0;0.8;1.0;1.0;0.0;free fare New Year night
5;2025-12-31;23;0.0;0.8;1.0;1.0;0.0;free fare New Year night
7;2025-11-01;0;75.784;0.8;1.0;1.798;109.0;
7;2025-11-01;1;14.459;0.8;1.0;2.161;25.0;
7;2025-11-01;2;0.499;0.8;1.0;0.0;0.0;
7;2025-11-01;3;0.0;0.8;1.0;1.0;0.0;
7;2025-11-01;4;1.745;0.8;1.0;0.716;1.0;
7;2025-11-01;5;171.012;0.8;1.0;1.001;137.0;
7;2025-11-01;6;584.83;0.8;1.0;1.0;468.0;
7;2025-11-01;7;1465.565;0.8;1.0;1.0;1172.0;
7;2025-11-01;8;2221.407;0.8;1.0;1.0;1777.0;
7;2025-11-01;9;1649.54;0.8;1.0;1.0;1320.0;
7;2025-11-01;10;1689.924;0.8;1.0;1.0;1352.0;
7;2025-11-01;11;1549.326;0.8;1.0;1.0;1239.0;
7;2025-11-01;12;1632.837;0.8;1.0;1.0;1306.0;
7;2025-11-01;13;1652.033;0.8;1.0;1.0;1322.0;
7;2025-11-01;14;1704.383;0.8;1.0;1.0;1364.0;
7;2025-11-01;15;1848.472;0.8;1.0;1.0;1479.0;
7;2025-11-01;16;2062.61;0.8;1.0;1.0;1650.0;
7;2025-11-01;17;2275.752;0.8;1.0;1.0;1821.0;
7;2025-11-01;18;1960.402;0.8;1.0;1.0;1568.0;
7;2025-11-01;19;1334.938;0.8;1.0;1.0;1068.0;
7;2025-11-01;20;963.499;0.8;1.0;1.0;771.0;
7;2025-11-01;21;581.091;0.8;1.0;1.0;465.0;
7;2025-11-01;22;319.837;0.8;1.0;1.0;256.0;
7;2025-11-01;23;242.557;0.8;1.0;1.0;194.0;
7;2025-11-02;0;98.797;1.0;1.0;1.002;99.0;
7;2025-11-02;1;23.489;1.0;1.0;0.979;23.0;
7;2025-11-02;2;0.0;1.0;1.0;1.0;0.0;
7;2025-11-02;3;0.0;1.0;1.0;1.0;0.0;
7;2025-11-02;4;0.969;1.0;1.0;1.032;1.0;
7;2025-11-02;5;28.574;1.0;1.0;1.015;29.0;
7;2025-11-02;6;123.981;1.0;1.0;1.0;124.0;
7;2025-11-02;7;166.6;1.0;1.0;1.002;167.0;
7;2025-11-02;8;375.333;1.0;1.0;0.999;375.0;
7;2025-11-02;9;496.893;1.0;1.0;1.0;497.0;
7;2025-11-02;10;384.777;1.0;1.0;1.001;385.0;
7;2025-11-02;11;572.202;1.0;1.0;1.0;572.0;
7;2025-11-02;12;618.21;1.0;1.0;1.0;618.0;
7;2025-11-02;13;614.336;1.0;1.0;1.0;614.0;
7;2025-11-02;14;641.699;1.0;1.0;1.0;642.0;
7;2025-11-02;15;695.214;1.0;1.0;1.0;695.0;
7;2025-11-02;16;598.596;1.0;1.0;1.001;599.0;
7;2025-11-02;17;609.009;1.0;1.0;1.0;609.0;
7;2025-11-02;18;632.013;1.0;1.0;1.0;632.0;
7;2025-11-02;19;467.835;1.0;1.0;1.0;468.0;
7;2025-11-02;20;386.714;1.0;1.0;1.001;387.0;
7;2025-11-02;21;283.558;1.0;1.0;1.002;284.0;
7;2025-11-02;22;146.501;1.0;1.0;1.003;147.0;
7;2025-11-02;23;117.201;1.0;1.0;0.998;117.0;
7;2025-11-03;0;98.797;1.0;1.0;1.002;99.0;
7;2025-11-03;1;23.489;1.0;1.0;0.979;23.0;
7;2025-11-03;2;0.0;1.0;1.0;1.0;0.0;
7;2025-11-03;3;0.0;1.0;1.0;1.0;0.0;
7;2025-11-03;4;0.969;1.0;1.0;1.032;1.0;
7;2025-11-03;5;28.574;1.0;1.0;1.015;29.0;
7;2025-11-03;6;123.981;1.0;1.0;1.0;124.0;
7;2025-11-03;7;166.6;1.0;1.0;1.002;167.0;
7;2025-11-03;8;375.333;1.0;1.0;0.999;375.0;
7;2025-11-03;9;496.893;1.0;1.0;1.0;497.0;
7;2025-11-03;10;384.777;1.0;1.0;1.001;385.0;
7;2025-11-03;11;572.202;1.0;1.0;1.0;572.0;
7;2025-11-03;12;618.21;1.0;1.0;1.0;618.0;
7;2025-11-03;13;614.336;1.0;1.0;1.0;614.0;
7;2025-11-03;14;641.699;1.0;1.0;1.0;642.0;
7;2025-11-03;15;695.214;1.0;1.0;1.0;695.0;
7;2025-11-03;16;598.596;1.0;1.0;1.001;599.0;
7;2025-11-03;17;609.009;1.0;1.0;1.0;609.0;
7;2025-11-03;18;632.013;1.0;1.0;1.0;632.0;
7;2025-11-03;19;467.835;1.0;1.0;1.0;468.0;
7;2025-11-03;20;386.714;1.0;1.0;1.001;387.0;
7;2025-11-03;21;283.558;1.0;1.0;1.002;284.0;
7;2025-11-03;22;146.501;1.0;1.0;1.003;147.0;
7;2025-11-03;23;117.201;1.0;1.0;0.998;117.0;
7;2025-11-04;0;98.797;1.0;1.0;1.002;99.0;
7;2025-11-04;1;23.489;1.0;1.0;0.979;23.0;
7;2025-11-04;2;0.0;1.0;1.0;1.0;0.0;
7;2025-11-04;3;0.0;1.0;1.0;1.0;0.0;
7;2025-11-04;4;0.969;1.0;1.0;1.032;1.0;
7;2025-11-04;5;28.574;1.0;1.0;1.015;29.0;
7;2025-11-04;6;123.981;1.0;1.0;1.0;124.0;
7;2025-11-04;7;166.6;1.0;1.0;1.002;167.0;
7;2025-11-04;8;375.333;1.0;1.0;0.999;375.0;
7;2025-11-04;9;496.893;1.0;1.0;1.0;497.0;
7;2025-11-04;10;384.777;1.0;1.0;1.001;385.0;
7;2025-11-04;11;572.202;1.0;1.0;1.0;572.0;
7;2025-11-04;12;618.21;1.0;1.0;1.0;618.0;
7;2025-11-04;13;614.336;1.0;1.0;1.0;614.0;
7;2025-11-04;14;641.699;1.0;1.0;1.0;642.0;
7;2025-11-04;15;695.214;1.0;1.0;1.0;695.0;
7;2025-11-04;16;598.596;1.0;1.0;1.001;599.0;
7;2025-11-04;17;609.009;1.0;1.0;1.0;609.0;
7;2025-11-04;18;632.013;1.0;1.0;1.0;632.0;
7;2025-11-04;19;467.835;1.0;1.0;1.0;468.0;
7;2025-11-04;20;386.714;1.0;1.0;1.001;387.0;
7;2025-11-04;21;283.558;1.0;1.0;1.002;284.0;
7;2025-11-04;22;146.501;1.0;1.0;1.003;147.0;
7;2025-11-04;23;117.201;1.0;1.0;0.998;117.0;
7;2025-11-05;0;58.259;1.0;1.0;0.996;58.0;
7;2025-11-05;1;12.365;1.0;1.0;0.97;12.0;
7;2025-11-05;2;0.062;1.0;1.0;0.0;0.0;
7;2025-11-05;3;0.0;1.0;1.0;1.0;0.0;
7;2025-11-05;4;1.476;1.0;1.0;0.677;1.0;
7;2025-11-05;5;182.59;1.0;1.0;1.002;183.0;
7;2025-11-05;6;582.038;1.0;1.0;1.0;582.0;
7;2025-11-05;7;1581.794;1.0;1.0;1.0;1582.0;
7;2025-11-05;8;2454.205;1.0;1.0;1.0;2454.0;
7;2025-11-05;9;1825.658;1.0;1.0;1.0;1826.0;
7;2025-11-05;10;1639.622;1.0;1.0;1.0;1640.0;
7;2025-11-05;11;1537.561;1.0;1.0;1.0;1538.0;
7;2025-11-05;12;1662.446;1.0;1.0;1.0;1662.0;
7;2025-11-05;13;1546.42;1.0;1.0;1.0;1546.0;
7;2025-11-05;14;1597.112;1.0;1.0;1.0;1597.0;
7;2025-11-05;15;1735.163;1.0;1.0;1.0;1735.0;
7;2025-11-05;16;1811.755;1.0;1.0;1.0;1812.0;
7;2025-11-05;17;2350.482;1.0;1.0;1.0;2350.0;
7;2025-11-05;18;2555.404;1.0;1.0;1.0;2555.0;
7;2025-11-05;19;1650.942;1.0;1.0;1.0;1651.0;
7;2025-11-05;20;1055.801;1.0;1.0;1.0;1056.0;
7;2025-11-05;21;624.917;1.0;1.0;1.0;625.0;
7;2025-11-05;22;298.432;1.0;1.0;0.999;298.0;
7;2025-11-05;23;192.495;1.0;1.0;0.997;192.0;
7;2025-11-06;0;58.259;1.0;1.0;0.996;58.0;
7;2025-11-06;1;12.365;1.0;1.0;0.97;12.0;
7;2025-11-06;2;0.062;1.0;1.0;0.0;0.0;
7;2025-11-06;3;0.0;1.0;1.0;1.0;0.0;
7;2025-11-06;4;1.476;1.0;1.0;0.677;1.0;
7;2025-11-06;5;182.59;1.0;1.0;1.002;183.0;
7;2025-11-06;6;582.038;1.0;1.0;1.0;582.0;
7;2025-11-06;7;1581.794;1.0;1.0;1.0;1582.0;
7;2025-11-06;8;2454.205;1.0;1.0;1.0;2454.0;
7;2025-11-06;9;1825.658;1.0;1.0;1.0;1826.0;
7;2025-11-06;10;1639.622;1.0;1.0;1.0;1640.0;
7;2025-11-06;11;1537.561;1.0;1.0;1.0;1538.0;
7;2025-11-06;12;1662.446;1.0;1.0;1.0;1662.0;
7;2025-11-06;13;1546.42;1.0;1.0;1.0;1546.0;
7;2025-11-06;14;1597.112;1.0;1.0;1.0;1597.0;
7;2025-11-06;15;1735.163;1.0;1.0;1.0;1735.0;
7;2025-11-06;16;1811.755;1.0;1.0;1.0;1812.0;
7;2025-11-06;17;2350.482;1.0;1.0;1.0;2350.0;
7;2025-11-06;18;2555.404;1.0;1.0;1.0;2555.0;
7;2025-11-06;19;1650.942;1.0;1.0;1.0;1651.0;
7;2025-11-06;20;1055.801;1.0;1.0;1.0;1056.0;
7;2025-11-06;21;624.917;1.0;1.0;1.0;625.0;
7;2025-11-06;22;298.432;1.0;1.0;0.999;298.0;
7;2025-11-06;23;192.495;1.0;1.0;0.997;192.0;
7;2025-11-07;0;75.784;1.0;1.0;1.003;76.0;
7;2025-11-07;1;14.459;1.0;1.0;0.968;14.0;
7;2025-11-07;2;0.499;1.0;1.0;0.0;0.0;
7;2025-11-07;3;0.0;1.0;1.0;1.0;0.0;
7;2025-11-07;4;1.745;1.0;1.0;1.146;2.0;
7;2025-11-07;5;171.012;1.0;1.0;1.0;171.0;
7;2025-11-07;6;584.83;1.0;1.0;1.0;585.0;
7;2025-11-07;7;1465.565;1.0;1.0;1.0;1466.0;
7;2025-11-07;8;2221.407;1.0;1.0;1.0;2221.0;
7;2025-11-07;9;1649.54;1.0;1.0;1.0;1650.0;
7;2025-11-07;10;1689.924;1.0;1.0;1.0;1690.0;
7;2025-11-07;11;1549.326;1.0;1.0;1.0;1549.0;
7;2025-11-07;12;1632.837;1.0;1.0;1.0;1633.0;
7;2025-11-07;13;1652.033;1.0;1.0;1.0;1652.0;
7;2025-11-07;14;1704.383;1.0;1.0;1.0;1704.0;
7;2025-11-07;15;1848.472;1.0;1.0;1.0;1848.0;
7;2025-11-07;16;2062.61;1.0;1.0;1.0;2063.0;
7;2025-11-07;17;2275.752;1.0;1.0;1.0;2276.0;
7;2025-11-07;18;1960.402;1.0;1.0;1.0;1960.0;
7;2025-11-07;19;1334.938;1.0;1.0;1.0;1335.0;
7;2025-11-07;20;963.499;1.0;1.0;1.0;963.0;
7;2025-11-07;21;581.091;1.0;1.0;1.0;581.0;
7;2025-11-07;22;319.837;1.0;1.0;1.0;320.0;
7;2025-11-07;23;242.557;1.0;1.0;1.002;243.0;
7;2025-11-08;0;128.617;1.0;1.0;1.003;129.0;
7;2025-11-08;1;28.728;1.0;1.0;1.01;29.0;
7;2025-11-08;2;0.0;1.0;1.0;1.0;0.0;
7;2025-11-08;3;0.0;1.0;1.0;1.0;0.0;
7;2025-11-08;4;1.318;1.0;1.0;0.759;1.0;
7;2025-11-08;5;52.449;1.0;1.0;0.991;52.0;
7;2025-11-08;6;283.064;1.0;1.0;1.0;283.0;
7;2025-11-08;7;314.955;1.0;1.0;1.0;315.0;
7;2025-11-08;8;751.147;1.0;1.0;1.0;751.0;
7;2025-11-08;9;605.662;1.0;1.0;1.001;606.0;
7;2025-11-08;10;672.87;1.0;1.0;1.0;673.0;
7;2025-11-08;11;713.458;1.0;1.0;0.999;713.0;
7;2025-11-08;12;993.359;1.0;1.0;1.0;993.0;
7;2025-11-08;13;934.322;1.0;1.0;1.0;934.0;
7;2025-11-08;14;892.416;1.0;1.0;1.0;892.0;
7;2025-11-08;15;875.548;1.0;1.0;1.0;876.0;
7;2025-11-08;16;874.757;1.0;1.0;1.0;875.0;
7;2025-11-08;17;861.579;1.0;1.0;1.0;862.0;
7;2025-11-08;18;809.131;1.0;1.0;1.0;809.0;
7;2025-11-08;19;640.452;1.0;1.0;0.999;640.0;
7;2025-11-08;20;567.446;1.0;1.0;0.999;567.0;
7;2025-11-08;21;396.658;1.0;1.0;1.001;397.0;
7;2025-11-08;22;223.236;1.0;1.0;0.999;223.0;
7;2025-11-08;23;181.33;1.0;1.0;0.998;181.0;
7;2025-11-09;0;98.797;1.0;1.0;1.002;99.0;
7;2025-11-09;1;23.489;1.0;1.0;0.979;23.0;
7;2025-11-09;2;0.0;1.0;1.0;1.0;0.0;
7;2025-11-09;3;0.0;1.0;1.0;1.0;0.0;
7;2025-11-09;4;0.969;1.0;1.0;1.032;1.0;
7;2025-11-09;5;28.574;1.0;1.0;1.015;29.0;
7;2025-11-09;6;123.981;1.0;1.0;1.0;124.0;
7;2025-11-09;7;166.6;1.0;1.0;1.002;167.0;
7;2025-11-09;8;375.333;1.0;1.0;0.999;375.0;
7;2025-11-09;9;496.893;1.0;1.0;1.0;497.0;
7;2025-11-09;10;384.777;1.0;1.0;1.001;385.0;
7;2025-11-09;11;572.202;1.0;1.0;1.0;572.0;
7;2025-11-09;12;618.21;1.0;1.0;1.0;618.0;
7;2025-11-09;13;614.336;1.0;1.0;1.0;614.0;
7;2025-11-09;14;641.699;1.0;1.0;1.0;642.0;
7;2025-11-09;15;695.214;1.0;1.0;1.0;695.0;
7;2025-11-09;16;598.596;1.0;1.0;1.001;599.0;
7;2025-11-09;17;609.009;1.0;1.0;1.0;609.0;
7;2025-11-09;18;632.013;1.0;1.0;1.0;632.0;
7;2025-11-09;19;467.835;1.0;1.0;1.0;468.0;
7;2025-11-09;20;386.714;1.0;1.0;1.001;387.0;
7;2025-11-09;21;283.558;1.0;1.0;1.002;284.0;
7;2025-11-09;22;146.501;1.0;1.0;1.003;147.0;
7;2025-11-09;23;117.201;1.0;1.0;0.998;117.0;
7;2025-11-10;0;58.259;1.0;1.0;0.996;58.0;
7;2025-11-10;1;12.365;1.0;1.0;0.97;12.0;
7;2025-11-10;2;0.062;1.0;1.0;0.0;0.0;
7;2025-11-10;3;0.0;1.0;1.0;1.0;0.0;
7;2025-11-10;4;1.476;1.0;1.0;0.677;1.0;
7;2025-11-10;5;182.59;1.0;1.0;1.002;183.0;
7;2025-11-10;6;582.038;1.0;1.0;1.0;582.0;
7;2025-11-10;7;1581.794;1.0;1.0;1.0;1582.0;
7;2025-11-10;8;2454.205;1.0;1.0;1.0;2454.0;
7;2025-11-10;9;1825.658;1.0;1.0;1.0;1826.0;
7;2025-11-10;10;1639.622;1.0;1.0;1.0;1640.0;
7;2025-11-10;11;1537.561;1.0;1.0;1.0;1538.0;
7;2025-11-10;12;1662.446;1.0;1.0;1.0;1662.0;
7;2025-11-10;13;1546.42;1.0;1.0;1.0;1546.0;
7;2025-11-10;14;1597.112;1.0;1.0;1.0;1597.0;
7;2025-11-10;15;1735.163;1.0;1.0;1.0;1735.0;
7;2025-11-10;16;1811.755;1.0;1.0;1.0;1812.0;
7;2025-11-10;17;2350.482;1.0;1.0;1.0;2350.0;
7;2025-11-10;18;2555.404;1.0;1.0;1.0;2555.0;
7;2025-11-10;19;1650.942;1.0;1.0;1.0;1651.0;
7;2025-11-10;20;1055.801;1.0;1.0;1.0;1056.0;
7;2025-11-10;21;624.917;1.0;1.0;1.0;625.0;
7;2025-11-10;22;298.432;1.0;1.0;0.999;298.0;
7;2025-11-10;23;192.495;1.0;1.0;0.997;192.0;
7;2025-11-11;0;58.259;1.0;1.0;0.996;58.0;
7;2025-11-11;1;12.365;1.0;1.0;0.97;12.0;
7;2025-11-11;2;0.062;1.0;1.0;0.0;0.0;
7;2025-11-11;3;0.0;1.0;1.0;1.0;0.0;
7;2025-11-11;4;1.476;1.0;1.0;0.677;1.0;
7;2025-11-11;5;182.59;1.0;1.0;1.002;183.0;
7;2025-11-11;6;582.038;1.0;1.0;1.0;582.0;
7;2025-11-11;7;1581.794;1.0;1.0;1.0;1582.0;
7;2025-11-11;8;2454.205;1.0;1.0;1.0;2454.0;
7;2025-11-11;9;1825.658;1.0;1.0;1.0;1826.0;
7;2025-11-11;10;1639.622;1.0;1.0;1.0;1640.0;
7;2025-11-11;11;1537.561;1.0;1.0;1.0;1538.0;
7;2025-11-11;12;1662.446;1.0;1.0;1.0;1662.0;
7;2025-11-11;13;1546.42;1.0;1.0;1.0;1546.0;
7;2025-11-11;14;1597.112;1.0;1.0;1.0;1597.0;
7;2025-11-11;15;1735.163;1.0;1.0;1.0;1735.0;
7;2025-11-11;16;1811.755;1.0;1.0;1.0;1812.0;
7;2025-11-11;17;2350.482;1.0;1.0;1.0;2350.0;
7;2025-11-11;18;2555.404;1.0;1.0;1.0;2555.0;
7;2025-11-11;19;1650.942;1.0;1.0;1.0;1651.0;
7;2025-11-11;20;1055.801;1.0;1.0;1.0;1056.0;
7;2025-11-11;21;624.917;1.0;1.0;1.0;625.0;
7;2025-11-11;22;298.432;1.0;1.0;0.999;298.0;
7;2025-11-11;23;192.495;1.0;1.0;0.997;192.0;
7;2025-11-12;0;58.259;1.0;1.0;0.996;58.0;
7;2025-11-12;1;12.365;1.0;1.0;0.97;12.0;
7;2025-11-12;2;0.062;1.0;1.0;0.0;0.0;
7;2025-11-12;3;0.0;1.0;1.0;1.0;0.0;
7;2025-11-12;4;1.476;1.0;1.0;0.677;1.0;
7;2025-11-12;5;182.59;1.0;1.0;1.002;183.0;
7;2025-11-12;6;582.038;1.0;1.0;1.0;582.0;
7;2025-11-12;7;1581.794;1.0;1.0;1.0;1582.0;
7;2025-11-12;8;2454.205;1.0;1.0;1.0;2454.0;
7;2025-11-12;9;1825.658;1.0;1.0;1.0;1826.0;
7;2025-11-12;10;1639.622;1.0;1.0;1.0;1640.0;
7;2025-11-12;11;1537.561;1.0;1.0;1.0;1538.0;
7;2025-11-12;12;1662.446;1.0;1.0;1.0;1662.0;
7;2025-11-12;13;1546.42;1.0;1.0;1.0;1546.0;
7;2025-11-12;14;1597.112;1.0;1.0;1.0;1597.0;
7;2025-11-12;15;1735.163;1.0;1.0;1.0;1735.0;
7;2025-11-12;16;1811.755;1.0;1.0;1.0;1812.0;
7;2025-11-12;17;2350.482;1.0;1.0;1.0;2350.0;
7;2025-11-12;18;2555.404;1.0;1.0;1.0;2555.0;
7;2025-11-12;19;1650.942;1.0;1.0;1.0;1651.0;
7;2025-11-12;20;1055.801;1.0;1.0;1.0;1056.0;
7;2025-11-12;21;624.917;1.0;1.0;1.0;625.0;
7;2025-11-12;22;298.432;1.0;1.0;0.999;298.0;
7;2025-11-12;23;192.495;1.0;1.0;0.997;192.0;
7;2025-11-13;0;58.259;1.0;1.0;0.996;58.0;
7;2025-11-13;1;12.365;1.0;1.0;0.97;12.0;
7;2025-11-13;2;0.062;1.0;1.0;0.0;0.0;
7;2025-11-13;3;0.0;1.0;1.0;1.0;0.0;
7;2025-11-13;4;1.476;1.0;1.0;0.677;1.0;
7;2025-11-13;5;182.59;1.0;1.0;1.002;183.0;
7;2025-11-13;6;582.038;1.0;1.0;1.0;582.0;
7;2025-11-13;7;1581.794;1.0;1.0;1.0;1582.0;
7;2025-11-13;8;2454.205;1.0;1.0;1.0;2454.0;
7;2025-11-13;9;1825.658;1.0;1.0;1.0;1826.0;
7;2025-11-13;10;1639.622;1.0;1.0;1.0;1640.0;
7;2025-11-13;11;1537.561;1.0;1.0;1.0;1538.0;
7;2025-11-13;12;1662.446;1.0;1.0;1.0;1662.0;
7;2025-11-13;13;1546.42;1.0;1.0;1.0;1546.0;
7;2025-11-13;14;1597.112;1.0;1.0;1.0;1597.0;
7;2025-11-13;15;1735.163;1.0;1.0;1.0;1735.0;
7;2025-11-13;16;1811.755;1.0;1.0;1.0;1812.0;
7;2025-11-13;17;2350.482;1.0;1.0;1.0;2350.0;
7;2025-11-13;18;2555.404;1.0;1.0;1.0;2555.0;
7;2025-11-13;19;1650.942;1.0;1.0;1.0;1651.0;
7;2025-11-13;20;1055.801;1.0;1.0;1.0;1056.0;
7;2025-11-13;21;624.917;1.0;1.0;1.0;625.0;
7;2025-11-13;22;298.432;1.0;1.0;0.999;298.0;
7;2025-11-13;23;192.495;1.0;1.0;0.997;192.0;
7;2025-11-14;0;75.784;1.0;1.0;1.003;76.0;
7;2025-11-14;1;14.459;1.0;1.0;0.968;14.0;
7;2025-11-14;2;0.499;1.0;1.0;0.0;0.0;
7;2025-11-14;3;0.0;1.0;1.0;1.0;0.0;
7;2025-11-14;4;1.745;1.0;1.0;1.146;2.0;
7;2025-11-14;5;171.012;1.0;1.0;1.0;171.0;
7;2025-11-14;6;584.83;1.0;1.0;1.0;585.0;
7;2025-11-14;7;1465.565;1.0;1.0;1.0;1466.0;
7;2025-11-14;8;2221.407;1.0;1.0;1.0;2221.0;
7;2025-11-14;9;1649.54;1.0;1.0;1.0;1650.0;
7;2025-11-14;10;1689.924;1.0;1.0;1.0;1690.0;
7;2025-11-14;11;1549.326;1.0;1.0;1.0;1549.0;
7;2025-11-14;12;1632.837;1.0;1.0;1.0;1633.0;
7;2025-11-14;13;1652.033;1.0;1.0;1.0;1652.0;
7;2025-11-14;14;1704.383;1.0;1.0;1.0;1704.0;
7;2025-11-14;15;1848.472;1.0;1.0;1.0;1848.0;
7;2025-11-14;16;2062.61;1.0;1.0;1.0;2063.0;
7;2025-11-14;17;2275.752;1.0;1.0;1.0;2276.0;
7;2025-11-14;18;1960.402;1.0;1.0;1.0;1960.0;
7;2025-11-14;19;1334.938;1.0;1.0;1.0;1335.0;
7;2025-11-14;20;963.499;1.0;1.0;1.0;963.0;
7;2025-11-14;21;581.091;1.0;1.0;1.0;581.0;
7;2025-11-14;22;319.837;1.0;1.0;1.0;320.0;
7;2025-11-14;23;242.557;1.0;1.0;1.002;243.0;
7;2025-11-15;0;128.617;1.0;1.0;1.003;129.0;
7;2025-11-15;1;28.728;1.0;1.0;1.01;29.0;
7;2025-11-15;2;0.0;1.0;1.0;1.0;0.0;
7;2025-11-15;3;0.0;1.0;1.0;1.0;0.0;
7;2025-11-15;4;1.318;1.0;1.0;0.759;1.0;
7;2025-11-15;5;52.449;1.0;1.0;0.991;52.0;
7;2025-11-15;6;283.064;1.0;1.0;1.0;283.0;
7;2025-11-15;7;314.955;1.0;1.0;1.0;315.0;
7;2025-11-15;8;751.147;1.0;1.0;1.0;751.0;
7;2025-11-15;9;605.662;1.0;1.0;1.001;606.0;
7;2025-11-15;10;672.87;1.0;1.0;1.0;673.0;
7;2025-11-15;11;713.458;1.0;1.0;0.999;713.0;
7;2025-11-15;12;993.359;1.0;1.0;1.0;993.0;
7;2025-11-15;13;934.322;1.0;1.0;1.0;934.0;
7;2025-11-15;14;892.416;1.0;1.0;1.0;892.0;
7;2025-11-15;15;875.548;1.0;1.0;1.0;876.0;
7;2025-11-15;16;874.757;1.0;1.0;1.0;875.0;
7;2025-11-15;17;861.579;1.0;1.0;1.0;862.0;
7;2025-11-15;18;809.131;1.0;1.0;1.0;809.0;
7;2025-11-15;19;640.452;1.0;1.0;0.999;640.0;
7;2025-11-15;20;567.446;1.0;1.0;0.999;567.0;
7;2025-11-15;21;396.658;1.0;1.0;1.001;397.0;
7;2025-11-15;22;223.236;1.0;1.0;0.999;223.0;
7;2025-11-15;23;181.33;1.0;1.0;0.998;181.0;
7;2025-11-16;0;98.797;1.0;1.0;1.002;99.0;
7;2025-11-16;1;23.489;1.0;1.0;0.979;23.0;
7;2025-11-16;2;0.0;1.0;1.0;1.0;0.0;
7;2025-11-16;3;0.0;1.0;1.0;1.0;0.0;
7;2025-11-16;4;0.969;1.0;1.0;1.032;1.0;
7;2025-11-16;5;28.574;1.0;1.0;1.015;29.0;
7;2025-11-16;6;123.981;1.0;1.0;1.0;124.0;
7;2025-11-16;7;166.6;1.0;1.0;1.002;167.0;
7;2025-11-16;8;375.333;1.0;1.0;0.999;375.0;
7;2025-11-16;9;496.893;1.0;1.0;1.0;497.0;
7;2025-11-16;10;384.777;1.0;1.0;1.001;385.0;
7;2025-11-16;11;572.202;1.0;1.0;1.0;572.0;
7;2025-11-16;12;618.21;1.0;1.0;1.0;618.0;
7;2025-11-16;13;614.336;1.0;1.0;1.0;614.0;
7;2025-11-16;14;641.699;1.0;1.0;1.0;642.0;
7;2025-11-16;15;695.214;1.0;1.0;1.0;695.0;
7;2025-11-16;16;598.596;1.0;1.0;1.001;599.0;
7;2025-11-16;17;609.009;1.0;1.0;1.0;609.0;
7;2025-11-16;18;632.013;1.0;1.0;1.0;632.0;
7;2025-11-16;19;467.835;1.0;1.0;1.0;468.0;
7;2025-11-16;20;386.714;1.0;1.0;1.001;387.0;
7;2025-11-16;21;283.558;1.0;1.0;1.002;284.0;
7;2025-11-16;22;146.501;1.0;1.0;1.003;147.0;
7;2025-11-16;23;117.201;1.0;1.0;0.998;117.0;
7;2025-11-17;0;58.259;1.0;1.0;0.996;58.0;
7;2025-11-17;1;12.365;1.0;1.0;0.97;12.0;
7;2025-11-17;2;0.062;1.0;1.0;0.0;0.0;
7;2025-11-17;3;0.0;1.0;1.0;1.0;0.0;
7;2025-11-17;4;1.476;1.0;1.0;0.677;1.0;
7;2025-11-17;5;182.59;1.0;1.0;1.002;183.0;
7;2025-11-17;6;582.038;1.0;1.0;1.0;582.0;
7;2025-11-17;7;1581.794;1.0;1.0;1.0;1582.0;
7;2025-11-17;8;2454.205;1.0;1.0;1.0;2454.0;
7;2025-11-17;9;1825.658;1.0;1.0;1.0;1826.0;
7;2025-11-17;10;1639.622;1.0;1.0;1.0;1640.0;
7;2025-11-17;11;1537.561;1.0;1.0;1.0;1538.0;
7;2025-11-17;12;1662.446;1.0;1.0;1.0;1662.0;
7;2025-11-17;13;1546.42;1.0;1.0;1.0;1546.0;
7;2025-11-17;14;1597.112;1.0;1.0;1.0;1597.0;
7;2025-11-17;15;1735.163;1.0;1.0;1.0;1735.0;
7;2025-11-17;16;1811.755;1.0;1.0;1.0;1812.0;
7;2025-11-17;17;2350.482;1.0;1.0;1.0;2350.0;
7;2025-11-17;18;2555.404;1.0;1.0;1.0;2555.0;
7;2025-11-17;19;1650.942;1.0;1.0;1.0;1651.0;
7;2025-11-17;20;1055.801;1.0;1.0;1.0;1056.0;
7;2025-11-17;21;624.917;1.0;1.0;1.0;625.0;
7;2025-11-17;22;298.432;1.0;1.0;0.999;298.0;
7;2025-11-17;23;192.495;1.0;1.0;0.997;192.0;
7;2025-11-18;0;58.259;1.0;1.0;0.996;58.0;
7;2025-11-18;1;12.365;1.0;1.0;0.97;12.0;
7;2025-11-18;2;0.062;1.0;1.0;0.0;0.0;
7;2025-11-18;3;0.0;1.0;1.0;1.0;0.0;
7;2025-11-18;4;1.476;1.0;1.0;0.677;1.0;
7;2025-11-18;5;182.59;1.0;1.0;1.002;183.0;
7;2025-11-18;6;582.038;1.0;1.0;1.0;582.0;
7;2025-11-18;7;1581.794;1.0;1.0;1.0;1582.0;
7;2025-11-18;8;2454.205;1.0;1.0;1.0;2454.0;
7;2025-11-18;9;1825.658;1.0;1.0;1.0;1826.0;
7;2025-11-18;10;1639.622;1.0;1.0;1.0;1640.0;
7;2025-11-18;11;1537.561;1.0;1.0;1.0;1538.0;
7;2025-11-18;12;1662.446;1.0;1.0;1.0;1662.0;
7;2025-11-18;13;1546.42;1.0;1.0;1.0;1546.0;
7;2025-11-18;14;1597.112;1.0;1.0;1.0;1597.0;
7;2025-11-18;15;1735.163;1.0;1.0;1.0;1735.0;
7;2025-11-18;16;1811.755;1.0;1.0;1.0;1812.0;
7;2025-11-18;17;2350.482;1.0;1.0;1.0;2350.0;
7;2025-11-18;18;2555.404;1.0;1.0;1.0;2555.0;
7;2025-11-18;19;1650.942;1.0;1.0;1.0;1651.0;
7;2025-11-18;20;1055.801;1.0;1.0;1.0;1056.0;
7;2025-11-18;21;624.917;1.0;1.0;1.0;625.0;
7;2025-11-18;22;298.432;1.0;1.0;0.999;298.0;
7;2025-11-18;23;192.495;1.0;1.0;0.997;192.0;
7;2025-11-19;0;58.259;1.0;1.0;0.996;58.0;
7;2025-11-19;1;12.365;1.0;1.0;0.97;12.0;
7;2025-11-19;2;0.062;1.0;1.0;0.0;0.0;
7;2025-11-19;3;0.0;1.0;1.0;1.0;0.0;
7;2025-11-19;4;1.476;1.0;1.0;0.677;1.0;
7;2025-11-19;5;182.59;1.0;1.0;1.002;183.0;
7;2025-11-19;6;582.038;1.0;1.0;1.0;582.0;
7;2025-11-19;7;1581.794;1.0;1.0;1.0;1582.0;
7;2025-11-19;8;2454.205;1.0;1.0;1.0;2454.0;
7;2025-11-19;9;1825.658;1.0;1.0;1.0;1826.0;
7;2025-11-19;10;1639.622;1.0;1.0;1.0;1640.0;
7;2025-11-19;11;1537.561;1.0;1.0;1.0;1538.0;
7;2025-11-19;12;1662.446;1.0;1.0;1.0;1662.0;
7;2025-11-19;13;1546.42;1.0;1.0;1.0;1546.0;
7;2025-11-19;14;1597.112;1.0;1.0;1.0;1597.0;
7;2025-11-19;15;1735.163;1.0;1.0;1.0;1735.0;
7;2025-11-19;16;1811.755;1.0;1.0;1.0;1812.0;
7;2025-11-19;17;2350.482;1.0;1.0;1.0;2350.0;
7;2025-11-19;18;2555.404;1.0;1.0;1.0;2555.0;
7;2025-11-19;19;1650.942;1.0;1.0;1.0;1651.0;
7;2025-11-19;20;1055.801;1.0;1.0;1.0;1056.0;
7;2025-11-19;21;624.917;1.0;1.0;1.0;625.0;
7;2025-11-19;22;298.432;1.0;1.0;0.999;298.0;
7;2025-11-19;23;192.495;1.0;1.0;0.997;192.0;
7;2025-11-20;0;58.259;1.0;1.0;0.996;58.0;
7;2025-11-20;1;12.365;1.0;1.0;0.97;12.0;
7;2025-11-20;2;0.062;1.0;1.0;0.0;0.0;
7;2025-11-20;3;0.0;1.0;1.0;1.0;0.0;
7;2025-11-20;4;1.476;1.0;1.0;0.677;1.0;
7;2025-11-20;5;182.59;1.0;1.0;1.002;183.0;
7;2025-11-20;6;582.038;1.0;1.0;1.0;582.0;
7;2025-11-20;7;1581.794;1.0;1.0;1.0;1582.0;
7;2025-11-20;8;2454.205;1.0;1.0;1.0;2454.0;
7;2025-11-20;9;1825.658;1.0;1.0;1.0;1826.0;
7;2025-11-20;10;1639.622;1.0;1.0;1.0;1640.0;
7;2025-11-20;11;1537.561;1.0;1.0;1.0;1538.0;
7;2025-11-20;12;1662.446;1.0;1.0;1.0;1662.0;
7;2025-11-20;13;1546.42;1.0;1.0;1.0;1546.0;
7;2025-11-20;14;1597.112;1.0;1.0;1.0;1597.0;
7;2025-11-20;15;1735.163;1.0;1.0;1.0;1735.0;
7;2025-11-20;16;1811.755;1.0;1.0;1.0;1812.0;
7;2025-11-20;17;2350.482;1.0;1.0;1.0;2350.0;
7;2025-11-20;18;2555.404;1.0;1.0;1.0;2555.0;
7;2025-11-20;19;1650.942;1.0;1.0;1.0;1651.0;
7;2025-11-20;20;1055.801;1.0;1.0;1.0;1056.0;
7;2025-11-20;21;624.917;1.0;1.0;1.0;625.0;
7;2025-11-20;22;298.432;1.0;1.0;0.999;298.0;
7;2025-11-20;23;192.495;1.0;1.0;0.997;192.0;
7;2025-11-21;0;75.784;1.0;1.0;1.003;76.0;
7;2025-11-21;1;14.459;1.0;1.0;0.968;14.0;
7;2025-11-21;2;0.499;1.0;1.0;0.0;0.0;
7;2025-11-21;3;0.0;1.0;1.0;1.0;0.0;
7;2025-11-21;4;1.745;1.0;1.0;1.146;2.0;
7;2025-11-21;5;171.012;1.0;1.0;1.0;171.0;
7;2025-11-21;6;584.83;1.0;1.0;1.0;585.0;
7;2025-11-21;7;1465.565;1.0;1.0;1.0;1466.0;
7;2025-11-21;8;2221.407;1.0;1.0;1.0;2221.0;
7;2025-11-21;9;1649.54;1.0;1.0;1.0;1650.0;
7;2025-11-21;10;1689.924;1.0;1.0;1.0;1690.0;
7;2025-11-21;11;1549.326;1.0;1.0;1.0;1549.0;
7;2025-11-21;12;1632.837;1.0;1.0;1.0;1633.0;
7;2025-11-21;13;1652.033;1.0;1.0;1.0;1652.0;
7;2025-11-21;14;1704.383;1.0;1.0;1.0;1704.0;
7;2025-11-21;15;1848.472;1.0;1.0;1.0;1848.0;
7;2025-11-21;16;2062.61;1.0;1.0;1.0;2063.0;
7;2025-11-21;17;2275.752;1.0;1.0;1.0;2276.0;
7;2025-11-21;18;1960.402;1.0;1.0;1.0;1960.0;
7;2025-11-21;19;1334.938;1.0;1.0;1.0;1335.0;
7;2025-11-21;20;963.499;1.0;1.0;1.0;963.0;
7;2025-11-21;21;581.091;1.0;1.0;1.0;581.0;
7;2025-11-21;22;319.837;1.0;1.0;1.0;320.0;
7;2025-11-21;23;242.557;1.0;1.0;1.002;243.0;
7;2025-11-22;0;128.617;1.0;1.0;1.003;129.0;
7;2025-11-22;1;28.728;1.0;1.0;1.01;29.0;
7;2025-11-22;2;0.0;1.0;1.0;1.0;0.0;
7;2025-11-22;3;0.0;1.0;1.0;1.0;0.0;
7;2025-11-22;4;1.318;1.0;1.0;0.759;1.0;
7;2025-11-22;5;52.449;1.0;1.0;0.991;52.0;
7;2025-11-22;6;283.064;1.0;1.0;1.0;283.0;
7;2025-11-22;7;314.955;1.0;1.0;1.0;315.0;
7;2025-11-22;8;751.147;1.0;1.0;1.0;751.0;
7;2025-11-22;9;605.662;1.0;1.0;1.001;606.0;
7;2025-11-22;10;672.87;1.0;1.0;1.0;673.0;
7;2025-11-22;11;713.458;1.0;1.0;0.999;713.0;
7;2025-11-22;12;993.359;1.0;1.0;1.0;993.0;
7;2025-11-22;13;934.322;1.0;1.0;1.0;934.0;
7;2025-11-22;14;892.416;1.0;1.0;1.0;892.0;
7;2025-11-22;15;875.548;1.0;1.0;1.0;876.0;
7;2025-11-22;16;874.757;1.0;1.0;1.0;875.0;
7;2025-11-22;17;861.579;1.0;1.0;1.0;862.0;
7;2025-11-22;18;809.131;1.0;1.0;1.0;809.0;
7;2025-11-22;19;640.452;1.0;1.0;0.999;640.0;
7;2025-11-22;20;567.446;1.0;1.0;0.999;567.0;
7;2025-11-22;21;396.658;1.0;1.0;1.001;397.0;
7;2025-11-22;22;223.236;1.0;1.0;0.999;223.0;
7;2025-11-22;23;181.33;1.0;1.0;0.998;181.0;
7;2025-11-23;0;98.797;1.0;1.0;1.002;99.0;
7;2025-11-23;1;23.489;1.0;1.0;0.979;23.0;
7;2025-11-23;2;0.0;1.0;1.0;1.0;0.0;
7;2025-11-23;3;0.0;1.0;1.0;1.0;0.0;
7;2025-11-23;4;0.969;1.0;1.0;1.032;1.0;
7;2025-11-23;5;28.574;1.0;1.0;1.015;29.0;
7;2025-11-23;6;123.981;1.0;1.0;1.0;124.0;
7;2025-11-23;7;166.6;1.0;1.0;1.002;167.0;
7;2025-11-23;8;375.333;1.0;1.0;0.999;375.0;
7;2025-11-23;9;496.893;1.0;1.0;1.0;497.0;
7;2025-11-23;10;384.777;1.0;1.0;1.001;385.0;
7;2025-11-23;11;572.202;1.0;1.0;1.0;572.0;
7;2025-11-23;12;618.21;1.0;1.0;1.0;618.0;
7;2025-11-23;13;614.336;1.0;1.0;1.0;614.0;
7;2025-11-23;14;641.699;1.0;1.0;1.0;642.0;
7;2025-11-23;15;695.214;1.0;1.0;1.0;695.0;
7;2025-11-23;16;598.596;1.0;1.0;1.001;599.0;
7;2025-11-23;17;609.009;1.0;1.0;1.0;609.0;
7;2025-11-23;18;632.013;1.0;1.0;1.0;632.0;
7;2025-11-23;19;467.835;1.0;1.0;1.0;468.0;
7;2025-11-23;20;386.714;1.0;1.0;1.001;387.0;
7;2025-11-23;21;283.558;1.0;1.0;1.002;284.0;
7;2025-11-23;22;146.501;1.0;1.0;1.003;147.0;
7;2025-11-23;23;117.201;1.0;1.0;0.998;117.0;
7;2025-11-24;0;58.259;1.0;1.0;0.996;58.0;
7;2025-11-24;1;12.365;1.0;1.0;0.97;12.0;
7;2025-11-24;2;0.062;1.0;1.0;0.0;0.0;
7;2025-11-24;3;0.0;1.0;1.0;1.0;0.0;
7;2025-11-24;4;1.476;1.0;1.0;0.677;1.0;
7;2025-11-24;5;182.59;1.0;1.0;1.002;183.0;
7;2025-11-24;6;582.038;1.0;1.0;1.0;582.0;
7;2025-11-24;7;1581.794;1.0;1.0;1.0;1582.0;
7;2025-11-24;8;2454.205;1.0;1.0;1.0;2454.0;
7;2025-11-24;9;1825.658;1.0;1.0;1.0;1826.0;
7;2025-11-24;10;1639.622;1.0;1.0;1.0;1640.0;
7;2025-11-24;11;1537.561;1.0;1.0;1.0;1538.0;
7;2025-11-24;12;1662.446;1.0;1.0;1.0;1662.0;
7;2025-11-24;13;1546.42;1.0;1.0;1.0;1546.0;
7;2025-11-24;14;1597.112;1.0;1.0;1.0;1597.0;
7;2025-11-24;15;1735.163;1.0;1.0;1.0;1735.0;
7;2025-11-24;16;1811.755;1.0;1.0;1.0;1812.0;
7;2025-11-24;17;2350.482;1.0;1.0;1.0;2350.0;
7;2025-11-24;18;2555.404;1.0;1.0;1.0;2555.0;
7;2025-11-24;19;1650.942;1.0;1.0;1.0;1651.0;
7;2025-11-24;20;1055.801;1.0;1.0;1.0;1056.0;
7;2025-11-24;21;624.917;1.0;1.0;1.0;625.0;
7;2025-11-24;22;298.432;1.0;1.0;0.999;298.0;
7;2025-11-24;23;192.495;1.0;1.0;0.997;192.0;
7;2025-11-25;0;58.259;1.0;1.0;0.996;58.0;
7;2025-11-25;1;12.365;1.0;1.0;0.97;12.0;
7;2025-11-25;2;0.062;1.0;1.0;0.0;0.0;
7;2025-11-25;3;0.0;1.0;1.0;1.0;0.0;
7;2025-11-25;4;1.476;1.0;1.0;0.677;1.0;
7;2025-11-25;5;182.59;1.0;1.0;1.002;183.0;
7;2025-11-25;6;582.038;1.0;1.0;1.0;582.0;
7;2025-11-25;7;1581.794;1.0;1.0;1.0;1582.0;
7;2025-11-25;8;2454.205;1.0;1.0;1.0;2454.0;
7;2025-11-25;9;1825.658;1.0;1.0;1.0;1826.0;
7;2025-11-25;10;1639.622;1.0;1.0;1.0;1640.0;
7;2025-11-25;11;1537.561;1.0;1.0;1.0;1538.0;
7;2025-11-25;12;1662.446;1.0;1.0;1.0;1662.0;
7;2025-11-25;13;1546.42;1.0;1.0;1.0;1546.0;
7;2025-11-25;14;1597.112;1.0;1.0;1.0;1597.0;
7;2025-11-25;15;1735.163;1.0;1.0;1.0;1735.0;
7;2025-11-25;16;1811.755;1.0;1.0;1.0;1812.0;
7;2025-11-25;17;2350.482;1.0;1.0;1.0;2350.0;
7;2025-11-25;18;2555.404;1.0;1.0;1.0;2555.0;
7;2025-11-25;19;1650.942;1.0;1.0;1.0;1651.0;
7;2025-11-25;20;1055.801;1.0;1.0;1.0;1056.0;
7;2025-11-25;21;624.917;1.0;1.0;1.0;625.0;
7;2025-11-25;22;298.432;1.0;1.0;0.999;298.0;
7;2025-11-25;23;192.495;1.0;1.0;0.997;192.0;
7;2025-11-26;0;58.259;1.0;1.0;0.996;58.0;
7;2025-11-26;1;12.365;1.0;1.0;0.97;12.0;
7;2025-11-26;2;0.062;1.0;1.0;0.0;0.0;
7;2025-11-26;3;0.0;1.0;1.0;1.0;0.0;
7;2025-11-26;4;1.476;1.0;1.0;0.677;1.0;
7;2025-11-26;5;182.59;1.0;1.0;1.002;183.0;
7;2025-11-26;6;582.038;1.0;1.0;1.0;582.0;
7;2025-11-26;7;1581.794;1.0;1.0;1.0;1582.0;
7;2025-11-26;8;2454.205;1.0;1.0;1.0;2454.0;
7;2025-11-26;9;1825.658;1.0;1.0;1.0;1826.0;
7;2025-11-26;10;1639.622;1.0;1.0;1.0;1640.0;
7;2025-11-26;11;1537.561;1.0;1.0;1.0;1538.0;
7;2025-11-26;12;1662.446;1.0;1.0;1.0;1662.0;
7;2025-11-26;13;1546.42;1.0;1.0;1.0;1546.0;
7;2025-11-26;14;1597.112;1.0;1.0;1.0;1597.0;
7;2025-11-26;15;1735.163;1.0;1.0;1.0;1735.0;
7;2025-11-26;16;1811.755;1.0;1.0;1.0;1812.0;
7;2025-11-26;17;2350.482;1.0;1.0;1.0;2350.0;
7;2025-11-26;18;2555.404;1.0;1.0;1.0;2555.0;
7;2025-11-26;19;1650.942;1.0;1.0;1.0;1651.0;
7;2025-11-26;20;1055.801;1.0;1.0;1.0;1056.0;
7;2025-11-26;21;624.917;1.0;1.0;1.0;625.0;
7;2025-11-26;22;298.432;1.0;1.0;0.999;298.0;
7;2025-11-26;23;192.495;1.0;1.0;0.997;192.0;
7;2025-11-27;0;58.259;1.0;1.0;0.996;58.0;
7;2025-11-27;1;12.365;1.0;1.0;0.97;12.0;
7;2025-11-27;2;0.062;1.0;1.0;0.0;0.0;
7;2025-11-27;3;0.0;1.0;1.0;1.0;0.0;
7;2025-11-27;4;1.476;1.0;1.0;0.677;1.0;
7;2025-11-27;5;182.59;1.0;1.0;1.002;183.0;
7;2025-11-27;6;582.038;1.0;1.0;1.0;582.0;
7;2025-11-27;7;1581.794;1.0;1.0;1.0;1582.0;
7;2025-11-27;8;2454.205;1.0;1.0;1.0;2454.0;
7;2025-11-27;9;1825.658;1.0;1.0;1.0;1826.0;
7;2025-11-27;10;1639.622;1.0;1.0;1.0;1640.0;
7;2025-11-27;11;1537.561;1.0;1.0;1.0;1538.0;
7;2025-11-27;12;1662.446;1.0;1.0;1.0;1662.0;
7;2025-11-27;13;1546.42;1.0;1.0;1.0;1546.0;
7;2025-11-27;14;1597.112;1.0;1.0;1.0;1597.0;
7;2025-11-27;15;1735.163;1.0;1.0;1.0;1735.0;
7;2025-11-27;16;1811.755;1.0;1.0;1.0;1812.0;
7;2025-11-27;17;2350.482;1.0;1.0;1.0;2350.0;
7;2025-11-27;18;2555.404;1.0;1.0;1.0;2555.0;
7;2025-11-27;19;1650.942;1.0;1.0;1.0;1651.0;
7;2025-11-27;20;1055.801;1.0;1.0;1.0;1056.0;
7;2025-11-27;21;624.917;1.0;1.0;1.0;625.0;
7;2025-11-27;22;298.432;1.0;1.0;0.999;298.0;
7;2025-11-27;23;192.495;1.0;1.0;0.997;192.0;
7;2025-11-28;0;75.784;1.0;1.0;1.003;76.0;
7;2025-11-28;1;14.459;1.0;1.0;0.968;14.0;
7;2025-11-28;2;0.499;1.0;1.0;0.0;0.0;
7;2025-11-28;3;0.0;1.0;1.0;1.0;0.0;
7;2025-11-28;4;1.745;1.0;1.0;1.146;2.0;
7;2025-11-28;5;171.012;1.0;1.0;1.0;171.0;
7;2025-11-28;6;584.83;1.0;1.0;1.0;585.0;
7;2025-11-28;7;1465.565;1.0;1.0;1.0;1466.0;
7;2025-11-28;8;2221.407;1.0;1.0;1.0;2221.0;
7;2025-11-28;9;1649.54;1.0;1.0;1.0;1650.0;
7;2025-11-28;10;1689.924;1.0;1.0;1.0;1690.0;
7;2025-11-28;11;1549.326;1.0;1.0;1.0;1549.0;
7;2025-11-28;12;1632.837;1.0;1.0;1.0;1633.0;
7;2025-11-28;13;1652.033;1.0;1.0;1.0;1652.0;
7;2025-11-28;14;1704.383;1.0;1.0;1.0;1704.0;
7;2025-11-28;15;1848.472;1.0;1.0;1.0;1848.0;
7;2025-11-28;16;2062.61;1.0;1.0;1.0;2063.0;
7;2025-11-28;17;2275.752;1.0;1.0;1.0;2276.0;
7;2025-11-28;18;1960.402;1.0;1.0;1.0;1960.0;
7;2025-11-28;19;1334.938;1.0;1.0;1.0;1335.0;
7;2025-11-28;20;963.499;1.0;1.0;1.0;963.0;
7;2025-11-28;21;581.091;1.0;1.0;1.0;581.0;
7;2025-11-28;22;319.837;1.0;1.0;1.0;320.0;
7;2025-11-28;23;242.557;1.0;1.0;1.002;243.0;
7;2025-11-29;0;128.617;1.0;1.0;1.003;129.0;
7;2025-11-29;1;28.728;1.0;1.0;1.01;29.0;
7;2025-11-29;2;0.0;1.0;1.0;1.0;0.0;
7;2025-11-29;3;0.0;1.0;1.0;1.0;0.0;
7;2025-11-29;4;1.318;1.0;1.0;0.759;1.0;
7;2025-11-29;5;52.449;1.0;1.0;0.991;52.0;
7;2025-11-29;6;283.064;1.0;1.0;1.0;283.0;
7;2025-11-29;7;314.955;1.0;1.0;1.0;315.0;
7;2025-11-29;8;751.147;1.0;1.0;1.0;751.0;
7;2025-11-29;9;605.662;1.0;1.0;1.001;606.0;
7;2025-11-29;10;672.87;1.0;1.0;1.0;673.0;
7;2025-11-29;11;713.458;1.0;1.0;0.999;713.0;
7;2025-11-29;12;993.359;1.0;1.0;1.0;993.0;
7;2025-11-29;13;934.322;1.0;1.0;1.0;934.0;
7;2025-11-29;14;892.416;1.0;1.0;1.0;892.0;
7;2025-11-29;15;875.548;1.0;1.0;1.0;876.0;
7;2025-11-29;16;874.757;1.0;1.0;1.0;875.0;
7;2025-11-29;17;861.579;1.0;1.0;1.0;862.0;
7;2025-11-29;18;809.131;1.0;1.0;1.0;809.0;
7;2025-11-29;19;640.452;1.0;1.0;0.999;640.0;
7;2025-11-29;20;567.446;1.0;1.0;0.999;567.0;
7;2025-11-29;21;396.658;1.0;1.0;1.001;397.0;
7;2025-11-29;22;223.236;1.0;1.0;0.999;223.0;
7;2025-11-29;23;181.33;1.0;1.0;0.998;181.0;
7;2025-11-30;0;98.797;1.0;1.0;1.002;99.0;
7;2025-11-30;1;23.489;1.0;1.0;0.979;23.0;
7;2025-11-30;2;0.0;1.0;1.0;1.0;0.0;
7;2025-11-30;3;0.0;1.0;1.0;1.0;0.0;
7;2025-11-30;4;0.969;1.0;1.0;1.032;1.0;
7;2025-11-30;5;28.574;1.0;1.0;1.015;29.0;
7;2025-11-30;6;123.981;1.0;1.0;1.0;124.0;
7;2025-11-30;7;166.6;1.0;1.0;1.002;167.0;
7;2025-11-30;8;375.333;1.0;1.0;0.999;375.0;
7;2025-11-30;9;496.893;1.0;1.0;1.0;497.0;
7;2025-11-30;10;384.777;1.0;1.0;1.001;385.0;
7;2025-11-30;11;572.202;1.0;1.0;1.0;572.0;
7;2025-11-30;12;618.21;1.0;1.0;1.0;618.0;
7;2025-11-30;13;614.336;1.0;1.0;1.0;614.0;
7;2025-11-30;14;641.699;1.0;1.0;1.0;642.0;
7;2025-11-30;15;695.214;1.0;1.0;1.0;695.0;
7;2025-11-30;16;598.596;1.0;1.0;1.001;599.0;
7;2025-11-30;17;609.009;1.0;1.0;1.0;609.0;
7;2025-11-30;18;632.013;1.0;1.0;1.0;632.0;
7;2025-11-30;19;467.835;1.0;1.0;1.0;468.0;
7;2025-11-30;20;386.714;1.0;1.0;1.001;387.0;
7;2025-11-30;21;283.558;1.0;1.0;1.002;284.0;
7;2025-11-30;22;146.501;1.0;1.0;1.003;147.0;
7;2025-11-30;23;117.201;1.0;1.0;0.998;117.0;
7;2025-12-01;0;58.259;1.0;1.0;0.996;58.0;
7;2025-12-01;1;12.365;1.0;1.0;0.97;12.0;
7;2025-12-01;2;0.062;1.0;1.0;0.0;0.0;
7;2025-12-01;3;0.0;1.0;1.0;1.0;0.0;
7;2025-12-01;4;1.476;1.0;1.0;0.677;1.0;
7;2025-12-01;5;182.59;1.0;1.0;1.002;183.0;
7;2025-12-01;6;582.038;1.0;1.0;1.0;582.0;
7;2025-12-01;7;1581.794;1.0;1.0;1.0;1582.0;
7;2025-12-01;8;2454.205;1.0;1.0;1.0;2454.0;
7;2025-12-01;9;1825.658;1.0;1.0;1.0;1826.0;
7;2025-12-01;10;1639.622;1.0;1.0;1.0;1640.0;
7;2025-12-01;11;1537.561;1.0;1.0;1.0;1538.0;
7;2025-12-01;12;1662.446;1.0;1.0;1.0;1662.0;
7;2025-12-01;13;1546.42;1.0;1.0;1.0;1546.0;
7;2025-12-01;14;1597.112;1.0;1.0;1.0;1597.0;
7;2025-12-01;15;1735.163;1.0;1.0;1.0;1735.0;
7;2025-12-01;16;1811.755;1.0;1.0;1.0;1812.0;
7;2025-12-01;17;2350.482;1.0;1.0;1.0;2350.0;
7;2025-12-01;18;2555.404;1.0;1.0;1.0;2555.0;
7;2025-12-01;19;1650.942;1.0;1.0;1.0;1651.0;
7;2025-12-01;20;1055.801;1.0;1.0;1.0;1056.0;
7;2025-12-01;21;624.917;1.0;1.0;1.0;625.0;
7;2025-12-01;22;298.432;1.0;1.0;0.999;298.0;
7;2025-12-01;23;192.495;1.0;1.0;0.997;192.0;
7;2025-12-02;0;58.259;1.0;1.0;0.996;58.0;
7;2025-12-02;1;12.365;1.0;1.0;0.97;12.0;
7;2025-12-02;2;0.062;1.0;1.0;0.0;0.0;
7;2025-12-02;3;0.0;1.0;1.0;1.0;0.0;
7;2025-12-02;4;1.476;1.0;1.0;0.677;1.0;
7;2025-12-02;5;182.59;1.0;1.0;1.002;183.0;
7;2025-12-02;6;582.038;1.0;1.0;1.0;582.0;
7;2025-12-02;7;1581.794;1.0;1.0;1.0;1582.0;
7;2025-12-02;8;2454.205;1.0;1.0;1.0;2454.0;
7;2025-12-02;9;1825.658;1.0;1.0;1.0;1826.0;
7;2025-12-02;10;1639.622;1.0;1.0;1.0;1640.0;
7;2025-12-02;11;1537.561;1.0;1.0;1.0;1538.0;
7;2025-12-02;12;1662.446;1.0;1.0;1.0;1662.0;
7;2025-12-02;13;1546.42;1.0;1.0;1.0;1546.0;
7;2025-12-02;14;1597.112;1.0;1.0;1.0;1597.0;
7;2025-12-02;15;1735.163;1.0;1.0;1.0;1735.0;
7;2025-12-02;16;1811.755;1.0;1.0;1.0;1812.0;
7;2025-12-02;17;2350.482;1.0;1.0;1.0;2350.0;
7;2025-12-02;18;2555.404;1.0;1.0;1.0;2555.0;
7;2025-12-02;19;1650.942;1.0;1.0;1.0;1651.0;
7;2025-12-02;20;1055.801;1.0;1.0;1.0;1056.0;
7;2025-12-02;21;624.917;1.0;1.0;1.0;625.0;
7;2025-12-02;22;298.432;1.0;1.0;0.999;298.0;
7;2025-12-02;23;192.495;1.0;1.0;0.997;192.0;
7;2025-12-03;0;58.259;1.0;1.0;0.996;58.0;
7;2025-12-03;1;12.365;1.0;1.0;0.97;12.0;
7;2025-12-03;2;0.062;1.0;1.0;0.0;0.0;
7;2025-12-03;3;0.0;1.0;1.0;1.0;0.0;
7;2025-12-03;4;1.476;1.0;1.0;0.677;1.0;
7;2025-12-03;5;182.59;1.0;1.0;1.002;183.0;
7;2025-12-03;6;582.038;1.0;1.0;1.0;582.0;
7;2025-12-03;7;1581.794;1.0;1.0;1.0;1582.0;
7;2025-12-03;8;2454.205;1.0;1.0;1.0;2454.0;
7;2025-12-03;9;1825.658;1.0;1.0;1.0;1826.0;
7;2025-12-03;10;1639.622;1.0;1.0;1.0;1640.0;
7;2025-12-03;11;1537.561;1.0;1.0;1.0;1538.0;
7;2025-12-03;12;1662.446;1.0;1.0;1.0;1662.0;
7;2025-12-03;13;1546.42;1.0;1.0;1.0;1546.0;
7;2025-12-03;14;1597.112;1.0;1.0;1.0;1597.0;
7;2025-12-03;15;1735.163;1.0;1.0;1.0;1735.0;
7;2025-12-03;16;1811.755;1.0;1.0;1.0;1812.0;
7;2025-12-03;17;2350.482;1.0;1.0;1.0;2350.0;
7;2025-12-03;18;2555.404;1.0;1.0;1.0;2555.0;
7;2025-12-03;19;1650.942;1.0;1.0;1.0;1651.0;
7;2025-12-03;20;1055.801;1.0;1.0;1.0;1056.0;
7;2025-12-03;21;624.917;1.0;1.0;1.0;625.0;
7;2025-12-03;22;298.432;1.0;1.0;0.999;298.0;
7;2025-12-03;23;192.495;1.0;1.0;0.997;192.0;
7;2025-12-04;0;58.259;1.0;1.0;0.996;58.0;
7;2025-12-04;1;12.365;1.0;1.0;0.97;12.0;
7;2025-12-04;2;0.062;1.0;1.0;0.0;0.0;
7;2025-12-04;3;0.0;1.0;1.0;1.0;0.0;
7;2025-12-04;4;1.476;1.0;1.0;0.677;1.0;
7;2025-12-04;5;182.59;1.0;1.0;1.002;183.0;
7;2025-12-04;6;582.038;1.0;1.0;1.0;582.0;
7;2025-12-04;7;1581.794;1.0;1.0;1.0;1582.0;
7;2025-12-04;8;2454.205;1.0;1.0;1.0;2454.0;
7;2025-12-04;9;1825.658;1.0;1.0;1.0;1826.0;
7;2025-12-04;10;1639.622;1.0;1.0;1.0;1640.0;
7;2025-12-04;11;1537.561;1.0;1.0;1.0;1538.0;
7;2025-12-04;12;1662.446;1.0;1.0;1.0;1662.0;
7;2025-12-04;13;1546.42;1.0;1.0;1.0;1546.0;
7;2025-12-04;14;1597.112;1.0;1.0;1.0;1597.0;
7;2025-12-04;15;1735.163;1.0;1.0;1.0;1735.0;
7;2025-12-04;16;1811.755;1.0;1.0;1.0;1812.0;
7;2025-12-04;17;2350.482;1.0;1.0;1.0;2350.0;
7;2025-12-04;18;2555.404;1.0;1.0;1.0;2555.0;
7;2025-12-04;19;1650.942;1.0;1.0;1.0;1651.0;
7;2025-12-04;20;1055.801;1.0;1.0;1.0;1056.0;
7;2025-12-04;21;624.917;1.0;1.0;1.0;625.0;
7;2025-12-04;22;298.432;1.0;1.0;0.999;298.0;
7;2025-12-04;23;192.495;1.0;1.0;0.997;192.0;
7;2025-12-05;0;75.784;1.0;1.0;1.003;76.0;
7;2025-12-05;1;14.459;1.0;1.0;0.968;14.0;
7;2025-12-05;2;0.499;1.0;1.0;0.0;0.0;
7;2025-12-05;3;0.0;1.0;1.0;1.0;0.0;
7;2025-12-05;4;1.745;1.0;1.0;1.146;2.0;
7;2025-12-05;5;171.012;1.0;1.0;1.0;171.0;
7;2025-12-05;6;584.83;1.0;1.0;1.0;585.0;
7;2025-12-05;7;1465.565;1.0;1.0;1.0;1466.0;
7;2025-12-05;8;2221.407;1.0;1.0;1.0;2221.0;
7;2025-12-05;9;1649.54;1.0;1.0;1.0;1650.0;
7;2025-12-05;10;1689.924;1.0;1.0;1.0;1690.0;
7;2025-12-05;11;1549.326;1.0;1.0;1.0;1549.0;
7;2025-12-05;12;1632.837;1.0;1.0;1.0;1633.0;
7;2025-12-05;13;1652.033;1.0;1.0;1.0;1652.0;
7;2025-12-05;14;1704.383;1.0;1.0;1.0;1704.0;
7;2025-12-05;15;1848.472;1.0;1.0;1.0;1848.0;
7;2025-12-05;16;2062.61;1.0;1.0;1.0;2063.0;
7;2025-12-05;17;2275.752;1.0;1.0;1.0;2276.0;
7;2025-12-05;18;1960.402;1.0;1.0;1.0;1960.0;
7;2025-12-05;19;1334.938;1.0;1.0;1.0;1335.0;
7;2025-12-05;20;963.499;1.0;1.0;1.0;963.0;
7;2025-12-05;21;581.091;1.0;1.0;1.0;581.0;
7;2025-12-05;22;319.837;1.0;1.0;1.0;320.0;
7;2025-12-05;23;242.557;1.0;1.0;1.002;243.0;
7;2025-12-06;0;128.617;1.0;1.0;0.818;105.152;
7;2025-12-06;1;28.728;1.0;1.0;0.812;23.314;
7;2025-12-06;2;0.0;1.0;1.0;1.0;0.0;
7;2025-12-06;3;0.0;1.0;1.0;1.0;0.0;
7;2025-12-06;4;1.318;1.0;1.0;0.0;0.0;
7;2025-12-06;5;52.449;1.0;1.0;1.152;60.426;
7;2025-12-06;6;283.064;1.0;1.0;1.029;291.189;
7;2025-12-06;7;314.955;1.0;1.0;1.5;472.468;
7;2025-12-06;8;751.147;1.0;1.0;0.967;726.069;
7;2025-12-06;9;605.662;1.0;1.0;1.442;873.091;
7;2025-12-06;10;672.87;1.0;1.0;1.45;975.863;
7;2025-12-06;11;713.458;1.0;1.0;1.416;1010.121;
7;2025-12-06;12;993.359;1.0;1.0;1.172;1164.755;
7;2025-12-06;13;934.322;1.0;1.0;1.4;1307.971;
7;2025-12-06;14;892.416;1.0;1.0;1.474;1315.584;
7;2025-12-06;15;875.548;1.0;1.0;1.397;1223.279;
7;2025-12-06;16;874.757;1.0;1.0;1.335;1167.61;
7;2025-12-06;17;861.579;1.0;1.0;1.357;1169.038;
7;2025-12-06;18;809.131;1.0;1.0;1.334;1079.587;
7;2025-12-06;19;640.452;1.0;1.0;1.691;1082.918;
7;2025-12-06;20;567.446;1.0;1.0;1.429;810.761;
7;2025-12-06;21;396.658;1.0;1.0;1.579;626.151;
7;2025-12-06;22;223.236;1.0;1.0;1.639;365.889;
7;2025-12-06;23;181.33;1.0;1.0;1.189;215.537;
7;2025-12-07;0;98.797;1.0;1.0;0.925;91.353;
7;2025-12-07;1;23.489;1.0;1.0;0.567;13.322;
7;2025-12-07;2;0.0;1.0;1.0;1.0;0.0;
7;2025-12-07;3;0.0;1.0;1.0;1.0;0.0;
7;2025-12-07;4;0.969;1.0;1.0;0.982;0.952;
7;2025-12-07;5;28.574;1.0;1.0;1.365;39.015;
7;2025-12-07;6;123.981;1.0;1.0;1.673;207.448;
7;2025-12-07;7;166.6;1.0;1.0;1.951;324.971;
7;2025-12-07;8;375.333;1.0;1.0;1.412;530.04;
7;2025-12-07;9;496.893;1.0;1.0;1.35;670.876;
7;2025-12-07;10;384.777;1.0;1.0;2.012;774.125;
7;2025-12-07;11;572.202;1.0;1.0;1.605;918.292;
7;2025-12-07;12;618.21;1.0;1.0;1.677;1036.765;
7;2025-12-07;13;614.336;1.0;1.0;1.74;1068.644;
7;2025-12-07;14;641.699;1.0;1.0;1.908;1224.23;
7;2025-12-07;15;695.214;1.0;1.0;1.588;1103.853;
7;2025-12-07;16;598.596;1.0;1.0;1.525;913.058;
7;2025-12-07;17;609.009;1.0;1.0;1.706;1038.669;
7;2025-12-07;18;632.013;1.0;1.0;1.38;872.139;
7;2025-12-07;19;467.835;1.0;1.0;1.807;845.494;
7;2025-12-07;20;386.714;1.0;1.0;1.67;645.659;
7;2025-12-07;21;283.558;1.0;1.0;1.797;509.58;
7;2025-12-07;22;146.501;1.0;1.0;2.03;297.374;
7;2025-12-07;23;117.201;1.0;1.0;1.425;167.005;
7;2025-12-08;0;58.259;1.0;1.0;0.996;58.0;
7;2025-12-08;1;12.365;1.0;1.0;0.97;12.0;
7;2025-12-08;2;0.062;1.0;1.0;0.0;0.0;
7;2025-12-08;3;0.0;1.0;1.0;1.0;0.0;
7;2025-12-08;4;1.476;1.0;1.0;0.677;1.0;
7;2025-12-08;5;182.59;1.0;1.0;1.002;183.0;
7;2025-12-08;6;582.038;1.0;1.0;1.0;582.0;
7;2025-12-08;7;1581.794;1.0;1.0;1.0;1582.0;
7;2025-12-08;8;2454.205;1.0;1.0;1.0;2454.0;
7;2025-12-08;9;1825.658;1.0;1.0;1.0;1826.0;
7;2025-12-08;10;1639.622;1.0;1.0;1.0;1640.0;
7;2025-12-08;11;1537.561;1.0;1.0;1.0;1538.0;
7;2025-12-08;12;1662.446;1.0;1.0;1.0;1662.0;
7;2025-12-08;13;1546.42;1.0;1.0;1.0;1546.0;
7;2025-12-08;14;1597.112;1.0;1.0;1.0;1597.0;
7;2025-12-08;15;1735.163;1.0;1.0;1.0;1735.0;
7;2025-12-08;16;1811.755;1.0;1.0;1.0;1812.0;
7;2025-12-08;17;2350.482;1.0;1.0;1.0;2350.0;
7;2025-12-08;18;2555.404;1.0;1.0;1.0;2555.0;
7;2025-12-08;19;1650.942;1.0;1.0;1.0;1651.0;
7;2025-12-08;20;1055.801;1.0;1.0;1.0;1056.0;
7;2025-12-08;21;624.917;1.0;1.0;1.0;625.0;
7;2025-12-08;22;298.432;1.0;1.0;0.999;298.0;
7;2025-12-08;23;192.495;1.0;1.0;0.997;192.0;
7;2025-12-09;0;58.259;1.0;1.0;0.996;58.0;
7;2025-12-09;1;12.365;1.0;1.0;0.97;12.0;
7;2025-12-09;2;0.062;1.0;1.0;0.0;0.0;
7;2025-12-09;3;0.0;1.0;1.0;1.0;0.0;
7;2025-12-09;4;1.476;1.0;1.0;0.677;1.0;
7;2025-12-09;5;182.59;1.0;1.0;1.002;183.0;
7;2025-12-09;6;582.038;1.0;1.0;1.0;582.0;
7;2025-12-09;7;1581.794;1.0;1.0;1.0;1582.0;
7;2025-12-09;8;2454.205;1.0;1.0;1.0;2454.0;
7;2025-12-09;9;1825.658;1.0;1.0;1.0;1826.0;
7;2025-12-09;10;1639.622;1.0;1.0;1.0;1640.0;
7;2025-12-09;11;1537.561;1.0;1.0;1.0;1538.0;
7;2025-12-09;12;1662.446;1.0;1.0;1.0;1662.0;
7;2025-12-09;13;1546.42;1.0;1.0;1.0;1546.0;
7;2025-12-09;14;1597.112;1.0;1.0;1.0;1597.0;
7;2025-12-09;15;1735.163;1.0;1.0;1.0;1735.0;
7;2025-12-09;16;1811.755;1.0;1.0;1.0;1812.0;
7;2025-12-09;17;2350.482;1.0;1.0;1.0;2350.0;
7;2025-12-09;18;2555.404;1.0;1.0;1.0;2555.0;
7;2025-12-09;19;1650.942;1.0;1.0;1.0;1651.0;
7;2025-12-09;20;1055.801;1.0;1.0;1.0;1056.0;
7;2025-12-09;21;624.917;1.0;1.0;1.0;625.0;
7;2025-12-09;22;298.432;1.0;1.0;0.999;298.0;
7;2025-12-09;23;192.495;1.0;1.0;0.997;192.0;
7;2025-12-10;0;58.259;1.0;1.0;0.996;58.0;
7;2025-12-10;1;12.365;1.0;1.0;0.97;12.0;
7;2025-12-10;2;0.062;1.0;1.0;0.0;0.0;
7;2025-12-10;3;0.0;1.0;1.0;1.0;0.0;
7;2025-12-10;4;1.476;1.0;1.0;0.677;1.0;
7;2025-12-10;5;182.59;1.0;1.0;1.002;183.0;
7;2025-12-10;6;582.038;1.0;1.0;1.0;582.0;
7;2025-12-10;7;1581.794;1.0;1.0;1.0;1582.0;
7;2025-12-10;8;2454.205;1.0;1.0;1.0;2454.0;
7;2025-12-10;9;1825.658;1.0;1.0;1.0;1826.0;
7;2025-12-10;10;1639.622;1.0;1.0;1.0;1640.0;
7;2025-12-10;11;1537.561;1.0;1.0;1.0;1538.0;
7;2025-12-10;12;1662.446;1.0;1.0;1.0;1662.0;
7;2025-12-10;13;1546.42;1.0;1.0;1.0;1546.0;
7;2025-12-10;14;1597.112;1.0;1.0;1.0;1597.0;
7;2025-12-10;15;1735.163;1.0;1.0;1.0;1735.0;
7;2025-12-10;16;1811.755;1.0;1.0;1.0;1812.0;
7;2025-12-10;17;2350.482;1.0;1.0;1.0;2350.0;
7;2025-12-10;18;2555.404;1.0;1.0;1.0;2555.0;
7;2025-12-10;19;1650.942;1.0;1.0;1.0;1651.0;
7;2025-12-10;20;1055.801;1.0;1.0;1.0;1056.0;
7;2025-12-10;21;624.917;1.0;1.0;1.0;625.0;
7;2025-12-10;22;298.432;1.0;1.0;0.999;298.0;
7;2025-12-10;23;192.495;1.0;1.0;0.997;192.0;
7;2025-12-11;0;58.259;1.0;1.0;0.996;58.0;
7;2025-12-11;1;12.365;1.0;1.0;0.97;12.0;
7;2025-12-11;2;0.062;1.0;1.0;0.0;0.0;
7;2025-12-11;3;0.0;1.0;1.0;1.0;0.0;
7;2025-12-11;4;1.476;1.0;1.0;0.677;1.0;
7;2025-12-11;5;182.59;1.0;1.0;1.002;183.0;
7;2025-12-11;6;582.038;1.0;1.0;1.0;582.0;
7;2025-12-11;7;1581.794;1.0;1.0;1.0;1582.0;
7;2025-12-11;8;2454.205;1.0;1.0;1.0;2454.0;
7;2025-12-11;9;1825.658;1.0;1.0;1.0;1826.0;
7;2025-12-11;10;1639.622;1.0;1.0;1.0;1640.0;
7;2025-12-11;11;1537.561;1.0;1.0;1.0;1538.0;
7;2025-12-11;12;1662.446;1.0;1.0;1.0;1662.0;
7;2025-12-11;13;1546.42;1.0;1.0;1.0;1546.0;
7;2025-12-11;14;1597.112;1.0;1.0;1.0;1597.0;
7;2025-12-11;15;1735.163;1.0;1.0;1.0;1735.0;
7;2025-12-11;16;1811.755;1.0;1.0;1.0;1812.0;
7;2025-12-11;17;2350.482;1.0;1.0;1.0;2350.0;
7;2025-12-11;18;2555.404;1.0;1.0;1.0;2555.0;
7;2025-12-11;19;1650.942;1.0;1.0;1.0;1651.0;
7;2025-12-11;20;1055.801;1.0;1.0;1.0;1056.0;
7;2025-12-11;21;624.917;1.0;1.0;1.0;625.0;
7;2025-12-11;22;298.432;1.0;1.0;0.999;298.0;
7;2025-12-11;23;192.495;1.0;1.0;0.997;192.0;
7;2025-12-12;0;75.784;1.0;1.0;1.003;76.0;
7;2025-12-12;1;14.459;1.0;1.0;0.968;14.0;
7;2025-12-12;2;0.499;1.0;1.0;0.0;0.0;
7;2025-12-12;3;0.0;1.0;1.0;1.0;0.0;
7;2025-12-12;4;1.745;1.0;1.0;1.146;2.0;
7;2025-12-12;5;171.012;1.0;1.0;1.0;171.0;
7;2025-12-12;6;584.83;1.0;1.0;1.0;585.0;
7;2025-12-12;7;1465.565;1.0;1.0;1.0;1466.0;
7;2025-12-12;8;2221.407;1.0;1.0;1.0;2221.0;
7;2025-12-12;9;1649.54;1.0;1.0;1.0;1650.0;
7;2025-12-12;10;1689.924;1.0;1.0;1.0;1690.0;
7;2025-12-12;11;1549.326;1.0;1.0;1.0;1549.0;
7;2025-12-12;12;1632.837;1.0;1.0;1.0;1633.0;
7;2025-12-12;13;1652.033;1.0;1.0;1.0;1652.0;
7;2025-12-12;14;1704.383;1.0;1.0;1.0;1704.0;
7;2025-12-12;15;1848.472;1.0;1.0;1.0;1848.0;
7;2025-12-12;16;2062.61;1.0;1.0;1.0;2063.0;
7;2025-12-12;17;2275.752;1.0;1.0;1.0;2276.0;
7;2025-12-12;18;1960.402;1.0;1.0;1.0;1960.0;
7;2025-12-12;19;1334.938;1.0;1.0;1.0;1335.0;
7;2025-12-12;20;963.499;1.0;1.0;1.0;963.0;
7;2025-12-12;21;581.091;1.0;1.0;1.0;581.0;
7;2025-12-12;22;319.837;1.0;1.0;1.0;320.0;
7;2025-12-12;23;242.557;1.0;1.0;1.002;243.0;
7;2025-12-13;0;128.617;1.0;1.0;0.818;105.152;
7;2025-12-13;1;28.728;1.0;1.0;0.812;23.314;
7;2025-12-13;2;0.0;1.0;1.0;1.0;0.0;
7;2025-12-13;3;0.0;1.0;1.0;1.0;0.0;
7;2025-12-13;4;1.318;1.0;1.0;0.0;0.0;
7;2025-12-13;5;52.449;1.0;1.0;1.152;60.426;
7;2025-12-13;6;283.064;1.0;1.0;1.029;291.189;
7;2025-12-13;7;314.955;1.0;1.0;1.5;472.468;
7;2025-12-13;8;751.147;1.0;1.0;0.967;726.069;
7;2025-12-13;9;605.662;1.0;1.0;1.442;873.091;
7;2025-12-13;10;672.87;1.0;1.0;1.45;975.863;
7;2025-12-13;11;713.458;1.0;1.0;1.416;1010.121;
7;2025-12-13;12;993.359;1.0;1.0;1.172;1164.755;
7;2025-12-13;13;934.322;1.0;1.0;1.4;1307.971;
7;2025-12-13;14;892.416;1.0;1.0;1.474;1315.584;
7;2025-12-13;15;875.548;1.0;1.0;1.397;1223.279;
7;2025-12-13;16;874.757;1.0;1.0;1.335;1167.61;
7;2025-12-13;17;861.579;1.0;1.0;1.357;1169.038;
7;2025-12-13;18;809.131;1.0;1.0;1.334;1079.587;
7;2025-12-13;19;640.452;1.0;1.0;1.691;1082.918;
7;2025-12-13;20;567.446;1.0;1.0;1.429;810.761;
7;2025-12-13;21;396.658;1.0;1.0;1.579;626.151;
7;2025-12-13;22;223.236;1.0;1.0;1.639;365.889;
7;2025-12-13;23;181.33;1.0;1.0;1.189;215.537;
7;2025-12-14;0;98.797;1.0;1.0;0.925;91.353;
7;2025-12-14;1;23.489;1.0;1.0;0.567;13.322;
7;2025-12-14;2;0.0;1.0;1.0;1.0;0.0;
7;2025-12-14;3;0.0;1.0;1.0;1.0;0.0;
7;2025-12-14;4;0.969;1.0;1.0;0.982;0.952;
7;2025-12-14;5;28.574;1.0;1.0;1.365;39.015;
7;2025-12-14;6;123.981;1.0;1.0;1.673;207.448;
7;2025-12-14;7;166.6;1.0;1.0;1.951;324.971;
7;2025-12-14;8;375.333;1.0;1.0;1.412;530.04;
7;2025-12-14;9;496.893;1.0;1.0;1.35;670.876;
7;2025-12-14;10;384.777;1.0;1.0;2.012;774.125;
7;2025-12-14;11;572.202;1.0;1.0;1.605;918.292;
7;2025-12-14;12;618.21;1.0;1.0;1.677;1036.765;
7;2025-12-14;13;614.336;1.0;1.0;1.74;1068.644;
7;2025-12-14;14;641.699;1.0;1.0;1.908;1224.23;
7;2025-12-14;15;695.214;1.0;1.0;1.588;1103.853;
7;2025-12-14;16;598.596;1.0;1.0;1.525;913.058;
7;2025-12-14;17;609.009;1.0;1.0;1.706;1038.669;
7;2025-12-14;18;632.013;1.0;1.0;1.38;872.139;
7;2025-12-14;19;467.835;1.0;1.0;1.807;845.494;
7;2025-12-14;20;386.714;1.0;1.0;1.67;645.659;
7;2025-12-14;21;283.558;1.0;1.0;1.797;509.58;
7;2025-12-14;22;146.501;1.0;1.0;2.03;297.374;
7;2025-12-14;23;117.201;1.0;1.0;1.425;167.005;
7;2025-12-15;0;58.259;1.0;1.0;0.996;58.0;
7;2025-12-15;1;12.365;1.0;1.0;0.97;12.0;
7;2025-12-15;2;0.062;1.0;1.0;0.0;0.0;
7;2025-12-15;3;0.0;1.0;1.0;1.0;0.0;
7;2025-12-15;4;1.476;1.0;1.0;0.677;1.0;
7;2025-12-15;5;182.59;1.0;1.0;1.002;183.0;
7;2025-12-15;6;582.038;1.0;1.0;1.0;582.0;
7;2025-12-15;7;1581.794;1.0;1.0;1.0;1582.0;
7;2025-12-15;8;2454.205;1.0;1.0;1.0;2454.0;
7;2025-12-15;9;1825.658;1.0;1.0;1.0;1826.0;
7;2025-12-15;10;1639.622;1.0;1.0;1.0;1640.0;
7;2025-12-15;11;1537.561;1.0;1.0;1.0;1538.0;
7;2025-12-15;12;1662.446;1.0;1.0;1.0;1662.0;
7;2025-12-15;13;1546.42;1.0;1.0;1.0;1546.0;
7;2025-12-15;14;1597.112;1.0;1.0;1.0;1597.0;
7;2025-12-15;15;1735.163;1.0;1.0;1.0;1735.0;
7;2025-12-15;16;1811.755;1.0;1.0;1.0;1812.0;
7;2025-12-15;17;2350.482;1.0;1.0;1.0;2350.0;
7;2025-12-15;18;2555.404;1.0;1.0;1.0;2555.0;
7;2025-12-15;19;1650.942;1.0;1.0;1.0;1651.0;
7;2025-12-15;20;1055.801;1.0;1.0;1.0;1056.0;
7;2025-12-15;21;624.917;1.0;1.0;1.0;625.0;
7;2025-12-15;22;298.432;1.0;1.0;0.999;298.0;
7;2025-12-15;23;192.495;1.0;1.0;0.997;192.0;
7;2025-12-16;0;58.259;1.0;1.0;0.996;58.0;
7;2025-12-16;1;12.365;1.0;1.0;0.97;12.0;
7;2025-12-16;2;0.062;1.0;1.0;0.0;0.0;
7;2025-12-16;3;0.0;1.0;1.0;1.0;0.0;
7;2025-12-16;4;1.476;1.0;1.0;0.677;1.0;
7;2025-12-16;5;182.59;1.0;1.0;1.002;183.0;
7;2025-12-16;6;582.038;1.0;1.0;1.0;582.0;
7;2025-12-16;7;1581.794;1.0;1.0;1.0;1582.0;
7;2025-12-16;8;2454.205;1.0;1.0;1.0;2454.0;
7;2025-12-16;9;1825.658;1.0;1.0;1.0;1826.0;
7;2025-12-16;10;1639.622;1.0;1.0;1.0;1640.0;
7;2025-12-16;11;1537.561;1.0;1.0;1.0;1538.0;
7;2025-12-16;12;1662.446;1.0;1.0;1.0;1662.0;
7;2025-12-16;13;1546.42;1.0;1.0;1.0;1546.0;
7;2025-12-16;14;1597.112;1.0;1.0;1.0;1597.0;
7;2025-12-16;15;1735.163;1.0;1.0;1.0;1735.0;
7;2025-12-16;16;1811.755;1.0;1.0;1.0;1812.0;
7;2025-12-16;17;2350.482;1.0;1.0;1.0;2350.0;
7;2025-12-16;18;2555.404;1.0;1.0;1.0;2555.0;
7;2025-12-16;19;1650.942;1.0;1.0;1.0;1651.0;
7;2025-12-16;20;1055.801;1.0;1.0;1.0;1056.0;
7;2025-12-16;21;624.917;1.0;1.0;1.0;625.0;
7;2025-12-16;22;298.432;1.0;1.0;0.999;298.0;
7;2025-12-16;23;192.495;1.0;1.0;0.997;192.0;
7;2025-12-17;0;58.259;1.0;1.0;0.996;58.0;
7;2025-12-17;1;12.365;1.0;1.0;0.97;12.0;
7;2025-12-17;2;0.062;1.0;1.0;0.0;0.0;
7;2025-12-17;3;0.0;1.0;1.0;1.0;0.0;
7;2025-12-17;4;1.476;1.0;1.0;0.677;1.0;
7;2025-12-17;5;182.59;1.0;1.0;1.002;183.0;
7;2025-12-17;6;582.038;1.0;1.0;1.0;582.0;
7;2025-12-17;7;1581.794;1.0;1.0;1.0;1582.0;
7;2025-12-17;8;2454.205;1.0;1.0;1.0;2454.0;
7;2025-12-17;9;1825.658;1.0;1.0;1.0;1826.0;
7;2025-12-17;10;1639.622;1.0;1.0;1.0;1640.0;
7;2025-12-17;11;1537.561;1.0;1.0;1.0;1538.0;
7;2025-12-17;12;1662.446;1.0;1.0;1.0;1662.0;
7;2025-12-17;13;1546.42;1.0;1.0;1.0;1546.0;
7;2025-12-17;14;1597.112;1.0;1.0;1.0;1597.0;
7;2025-12-17;15;1735.163;1.0;1.0;1.0;1735.0;
7;2025-12-17;16;1811.755;1.0;1.0;1.0;1812.0;
7;2025-12-17;17;2350.482;1.0;1.0;1.0;2350.0;
7;2025-12-17;18;2555.404;1.0;1.0;1.0;2555.0;
7;2025-12-17;19;1650.942;1.0;1.0;1.0;1651.0;
7;2025-12-17;20;1055.801;1.0;1.0;1.0;1056.0;
7;2025-12-17;21;624.917;1.0;1.0;1.0;625.0;
7;2025-12-17;22;298.432;1.0;1.0;0.999;298.0;
7;2025-12-17;23;192.495;1.0;1.0;0.997;192.0;
7;2025-12-18;0;58.259;1.0;1.0;0.996;58.0;
7;2025-12-18;1;12.365;1.0;1.0;0.97;12.0;
7;2025-12-18;2;0.062;1.0;1.0;0.0;0.0;
7;2025-12-18;3;0.0;1.0;1.0;1.0;0.0;
7;2025-12-18;4;1.476;1.0;1.0;0.677;1.0;
7;2025-12-18;5;182.59;1.0;1.0;1.002;183.0;
7;2025-12-18;6;582.038;1.0;1.0;1.0;582.0;
7;2025-12-18;7;1581.794;1.0;1.0;1.0;1582.0;
7;2025-12-18;8;2454.205;1.0;1.0;1.0;2454.0;
7;2025-12-18;9;1825.658;1.0;1.0;1.0;1826.0;
7;2025-12-18;10;1639.622;1.0;1.0;1.0;1640.0;
7;2025-12-18;11;1537.561;1.0;1.0;1.0;1538.0;
7;2025-12-18;12;1662.446;1.0;1.0;1.0;1662.0;
7;2025-12-18;13;1546.42;1.0;1.0;1.0;1546.0;
7;2025-12-18;14;1597.112;1.0;1.0;1.0;1597.0;
7;2025-12-18;15;1735.163;1.0;1.0;1.0;1735.0;
7;2025-12-18;16;1811.755;1.0;1.0;1.0;1812.0;
7;2025-12-18;17;2350.482;1.0;1.0;1.0;2350.0;
7;2025-12-18;18;2555.404;1.0;1.0;1.0;2555.0;
7;2025-12-18;19;1650.942;1.0;1.0;1.0;1651.0;
7;2025-12-18;20;1055.801;1.0;1.0;1.0;1056.0;
7;2025-12-18;21;624.917;1.0;1.0;1.0;625.0;
7;2025-12-18;22;298.432;1.0;1.0;0.999;298.0;
7;2025-12-18;23;192.495;1.0;1.0;0.997;192.0;
7;2025-12-19;0;75.784;1.0;1.0;1.003;76.0;
7;2025-12-19;1;14.459;1.0;1.0;0.968;14.0;
7;2025-12-19;2;0.499;1.0;1.0;0.0;0.0;
7;2025-12-19;3;0.0;1.0;1.0;1.0;0.0;
7;2025-12-19;4;1.745;1.0;1.0;1.146;2.0;
7;2025-12-19;5;171.012;1.0;1.0;1.0;171.0;
7;2025-12-19;6;584.83;1.0;1.0;1.0;585.0;
7;2025-12-19;7;1465.565;1.0;1.0;1.0;1466.0;
7;2025-12-19;8;2221.407;1.0;1.0;1.0;2221.0;
7;2025-12-19;9;1649.54;1.0;1.0;1.0;1650.0;
7;2025-12-19;10;1689.924;1.0;1.0;1.0;1690.0;
7;2025-12-19;11;1549.326;1.0;1.0;1.0;1549.0;
7;2025-12-19;12;1632.837;1.0;1.0;1.0;1633.0;
7;2025-12-19;13;1652.033;1.0;1.0;1.0;1652.0;
7;2025-12-19;14;1704.383;1.0;1.0;1.0;1704.0;
7;2025-12-19;15;1848.472;1.0;1.0;1.0;1848.0;
7;2025-12-19;16;2062.61;1.0;1.0;1.0;2063.0;
7;2025-12-19;17;2275.752;1.0;1.0;1.0;2276.0;
7;2025-12-19;18;1960.402;1.0;1.0;1.0;1960.0;
7;2025-12-19;19;1334.938;1.0;1.0;1.0;1335.0;
7;2025-12-19;20;963.499;1.0;1.0;1.0;963.0;
7;2025-12-19;21;581.091;1.0;1.0;1.0;581.0;
7;2025-12-19;22;319.837;1.0;1.0;1.0;320.0;
7;2025-12-19;23;242.557;1.0;1.0;1.002;243.0;
7;2025-12-20;0;128.617;1.0;1.0;0.818;105.152;
7;2025-12-20;1;28.728;1.0;1.0;0.812;23.314;
7;2025-12-20;2;0.0;1.0;1.0;1.0;0.0;
7;2025-12-20;3;0.0;1.0;1.0;1.0;0.0;
7;2025-12-20;4;1.318;1.0;1.0;0.0;0.0;
7;2025-12-20;5;52.449;1.0;1.0;1.152;60.426;
7;2025-12-20;6;283.064;1.0;1.0;1.029;291.189;
7;2025-12-20;7;314.955;1.0;1.0;1.5;472.468;
7;2025-12-20;8;751.147;1.0;1.0;0.967;726.069;
7;2025-12-20;9;605.662;1.0;1.0;1.442;873.091;
7;2025-12-20;10;672.87;1.0;1.0;1.45;975.863;
7;2025-12-20;11;713.458;1.0;1.0;1.416;1010.121;
7;2025-12-20;12;993.359;1.0;1.0;1.172;1164.755;
7;2025-12-20;13;934.322;1.0;1.0;1.4;1307.971;
7;2025-12-20;14;892.416;1.0;1.0;1.474;1315.584;
7;2025-12-20;15;875.548;1.0;1.0;1.397;1223.279;
7;2025-12-20;16;874.757;1.0;1.0;1.335;1167.61;
7;2025-12-20;17;861.579;1.0;1.0;1.357;1169.038;
7;2025-12-20;18;809.131;1.0;1.0;1.334;1079.587;
7;2025-12-20;19;640.452;1.0;1.0;1.691;1082.918;
7;2025-12-20;20;567.446;1.0;1.0;1.429;810.761;
7;2025-12-20;21;396.658;1.0;1.0;1.579;626.151;
7;2025-12-20;22;223.236;1.0;1.0;1.639;365.889;
7;2025-12-20;23;181.33;1.0;1.0;1.189;215.537;
7;2025-12-21;0;98.797;1.0;1.0;0.925;91.353;
7;2025-12-21;1;23.489;1.0;1.0;0.567;13.322;
7;2025-12-21;2;0.0;1.0;1.0;1.0;0.0;
7;2025-12-21;3;0.0;1.0;1.0;1.0;0.0;
7;2025-12-21;4;0.969;1.0;1.0;0.982;0.952;
7;2025-12-21;5;28.574;1.0;1.0;1.365;39.015;
7;2025-12-21;6;123.981;1.0;1.0;1.673;207.448;
7;2025-12-21;7;166.6;1.0;1.0;1.951;324.971;
7;2025-12-21;8;375.333;1.0;1.0;1.412;530.04;
7;2025-12-21;9;496.893;1.0;1.0;1.35;670.876;
7;2025-12-21;10;384.777;1.0;1.0;2.012;774.125;
7;2025-12-21;11;572.202;1.0;1.0;1.605;918.292;
7;2025-12-21;12;618.21;1.0;1.0;1.677;1036.765;
7;2025-12-21;13;614.336;1.0;1.0;1.74;1068.644;
7;2025-12-21;14;641.699;1.0;1.0;1.908;1224.23;
7;2025-12-21;15;695.214;1.0;1.0;1.588;1103.853;
7;2025-12-21;16;598.596;1.0;1.0;1.525;913.058;
7;2025-12-21;17;609.009;1.0;1.0;1.706;1038.669;
7;2025-12-21;18;632.013;1.0;1.0;1.38;872.139;
7;2025-12-21;19;467.835;1.0;1.0;1.807;845.494;
7;2025-12-21;20;386.714;1.0;1.0;1.67;645.659;
7;2025-12-21;21;283.558;1.0;1.0;1.797;509.58;
7;2025-12-21;22;146.501;1.0;1.0;2.03;297.374;
7;2025-12-21;23;117.201;1.0;1.0;1.425;167.005;
7;2025-12-22;0;58.259;1.0;1.0;0.996;58.0;
7;2025-12-22;1;12.365;1.0;1.0;0.97;12.0;
7;2025-12-22;2;0.062;1.0;1.0;0.0;0.0;
7;2025-12-22;3;0.0;1.0;1.0;1.0;0.0;
7;2025-12-22;4;1.476;1.0;1.0;0.677;1.0;
7;2025-12-22;5;182.59;1.0;1.0;1.002;183.0;
7;2025-12-22;6;582.038;1.0;1.0;1.0;582.0;
7;2025-12-22;7;1581.794;1.0;1.0;1.0;1582.0;
7;2025-12-22;8;2454.205;1.0;1.0;1.0;2454.0;
7;2025-12-22;9;1825.658;1.0;1.0;1.0;1826.0;
7;2025-12-22;10;1639.622;1.0;1.0;1.0;1640.0;
7;2025-12-22;11;1537.561;1.0;1.0;1.0;1538.0;
7;2025-12-22;12;1662.446;1.0;1.0;1.0;1662.0;
7;2025-12-22;13;1546.42;1.0;1.0;1.0;1546.0;
7;2025-12-22;14;1597.112;1.0;1.0;1.0;1597.0;
7;2025-12-22;15;1735.163;1.0;1.0;1.0;1735.0;
7;2025-12-22;16;1811.755;1.0;1.0;1.0;1812.0;
7;2025-12-22;17;2350.482;1.0;1.0;1.0;2350.0;
7;2025-12-22;18;2555.404;1.0;1.0;1.0;2555.0;
7;2025-12-22;19;1650.942;1.0;1.0;1.0;1651.0;
7;2025-12-22;20;1055.801;1.0;1.0;1.0;1056.0;
7;2025-12-22;21;624.917;1.0;1.0;1.0;625.0;
7;2025-12-22;22;298.432;1.0;1.0;0.999;298.0;
7;2025-12-22;23;192.495;1.0;1.0;0.997;192.0;
7;2025-12-23;0;58.259;1.0;1.0;0.996;58.0;
7;2025-12-23;1;12.365;1.0;1.0;0.97;12.0;
7;2025-12-23;2;0.062;1.0;1.0;0.0;0.0;
7;2025-12-23;3;0.0;1.0;1.0;1.0;0.0;
7;2025-12-23;4;1.476;1.0;1.0;0.677;1.0;
7;2025-12-23;5;182.59;1.0;1.0;1.002;183.0;
7;2025-12-23;6;582.038;1.0;1.0;1.0;582.0;
7;2025-12-23;7;1581.794;1.0;1.0;1.0;1582.0;
7;2025-12-23;8;2454.205;1.0;1.0;1.0;2454.0;
7;2025-12-23;9;1825.658;1.0;1.0;1.0;1826.0;
7;2025-12-23;10;1639.622;1.0;1.0;1.0;1640.0;
7;2025-12-23;11;1537.561;1.0;1.0;1.0;1538.0;
7;2025-12-23;12;1662.446;1.0;1.0;1.0;1662.0;
7;2025-12-23;13;1546.42;1.0;1.0;1.0;1546.0;
7;2025-12-23;14;1597.112;1.0;1.0;1.0;1597.0;
7;2025-12-23;15;1735.163;1.0;1.0;1.0;1735.0;
7;2025-12-23;16;1811.755;1.0;1.0;1.0;1812.0;
7;2025-12-23;17;2350.482;1.0;1.0;1.0;2350.0;
7;2025-12-23;18;2555.404;1.0;1.0;1.0;2555.0;
7;2025-12-23;19;1650.942;1.0;1.0;1.0;1651.0;
7;2025-12-23;20;1055.801;1.0;1.0;1.0;1056.0;
7;2025-12-23;21;624.917;1.0;1.0;1.0;625.0;
7;2025-12-23;22;298.432;1.0;1.0;0.999;298.0;
7;2025-12-23;23;192.495;1.0;1.0;0.997;192.0;
7;2025-12-24;0;58.259;1.0;1.0;0.996;58.0;
7;2025-12-24;1;12.365;1.0;1.0;0.97;12.0;
7;2025-12-24;2;0.062;1.0;1.0;0.0;0.0;
7;2025-12-24;3;0.0;1.0;1.0;1.0;0.0;
7;2025-12-24;4;1.476;1.0;1.0;0.677;1.0;
7;2025-12-24;5;182.59;1.0;1.0;1.002;183.0;
7;2025-12-24;6;582.038;1.0;1.0;1.0;582.0;
7;2025-12-24;7;1581.794;1.0;1.0;1.0;1582.0;
7;2025-12-24;8;2454.205;1.0;1.0;1.0;2454.0;
7;2025-12-24;9;1825.658;1.0;1.0;1.0;1826.0;
7;2025-12-24;10;1639.622;1.0;1.0;1.0;1640.0;
7;2025-12-24;11;1537.561;1.0;1.0;1.0;1538.0;
7;2025-12-24;12;1662.446;1.0;1.0;1.0;1662.0;
7;2025-12-24;13;1546.42;1.0;1.0;1.0;1546.0;
7;2025-12-24;14;1597.112;1.0;1.0;1.0;1597.0;
7;2025-12-24;15;1735.163;1.0;1.0;1.0;1735.0;
7;2025-12-24;16;1811.755;1.0;1.0;1.0;1812.0;
7;2025-12-24;17;2350.482;1.0;1.0;1.0;2350.0;
7;2025-12-24;18;2555.404;1.0;1.0;1.0;2555.0;
7;2025-12-24;19;1650.942;1.0;1.0;1.0;1651.0;
7;2025-12-24;20;1055.801;1.0;1.0;1.0;1056.0;
7;2025-12-24;21;624.917;1.0;1.0;1.0;625.0;
7;2025-12-24;22;298.432;1.0;1.0;0.999;298.0;
7;2025-12-24;23;192.495;1.0;1.0;0.997;192.0;
7;2025-12-25;0;58.259;1.0;1.0;0.996;58.0;
7;2025-12-25;1;12.365;1.0;1.0;0.97;12.0;
7;2025-12-25;2;0.062;1.0;1.0;0.0;0.0;
7;2025-12-25;3;0.0;1.0;1.0;1.0;0.0;
7;2025-12-25;4;1.476;1.0;1.0;0.677;1.0;
7;2025-12-25;5;182.59;1.0;1.0;1.002;183.0;
7;2025-12-25;6;582.038;1.0;1.0;1.0;582.0;
7;2025-12-25;7;1581.794;1.0;1.0;1.0;1582.0;
7;2025-12-25;8;2454.205;1.0;1.0;1.0;2454.0;
7;2025-12-25;9;1825.658;1.0;1.0;1.0;1826.0;
7;2025-12-25;10;1639.622;1.0;1.0;1.0;1640.0;
7;2025-12-25;11;1537.561;1.0;1.0;1.0;1538.0;
7;2025-12-25;12;1662.446;1.0;1.0;1.0;1662.0;
7;2025-12-25;13;1546.42;1.0;1.0;1.0;1546.0;
7;2025-12-25;14;1597.112;1.0;1.0;1.0;1597.0;
7;2025-12-25;15;1735.163;1.0;1.0;1.0;1735.0;
7;2025-12-25;16;1811.755;1.0;1.0;1.0;1812.0;
7;2025-12-25;17;2350.482;1.0;1.0;1.0;2350.0;
7;2025-12-25;18;2555.404;1.0;1.0;1.0;2555.0;
7;2025-12-25;19;1650.942;1.0;1.0;1.0;1651.0;
7;2025-12-25;20;1055.801;1.0;1.0;1.0;1056.0;
7;2025-12-25;21;624.917;1.0;1.0;1.0;625.0;
7;2025-12-25;22;298.432;1.0;1.0;0.999;298.0;
7;2025-12-25;23;192.495;1.0;1.0;0.997;192.0;
7;2025-12-26;0;75.784;1.0;1.0;1.003;76.0;
7;2025-12-26;1;14.459;1.0;1.0;0.968;14.0;
7;2025-12-26;2;0.499;1.0;1.0;0.0;0.0;
7;2025-12-26;3;0.0;1.0;1.0;1.0;0.0;
7;2025-12-26;4;1.745;1.0;1.0;1.146;2.0;
7;2025-12-26;5;171.012;1.0;1.0;1.0;171.0;
7;2025-12-26;6;584.83;1.0;1.0;1.0;585.0;
7;2025-12-26;7;1465.565;1.0;1.0;1.0;1466.0;
7;2025-12-26;8;2221.407;1.0;1.0;1.0;2221.0;
7;2025-12-26;9;1649.54;1.0;1.0;1.0;1650.0;
7;2025-12-26;10;1689.924;1.0;1.0;1.0;1690.0;
7;2025-12-26;11;1549.326;1.0;1.0;1.0;1549.0;
7;2025-12-26;12;1632.837;1.0;1.0;1.0;1633.0;
7;2025-12-26;13;1652.033;1.0;1.0;1.0;1652.0;
7;2025-12-26;14;1704.383;1.0;1.0;1.0;1704.0;
7;2025-12-26;15;1848.472;1.0;1.0;1.0;1848.0;
7;2025-12-26;16;2062.61;1.0;1.0;1.0;2063.0;
7;2025-12-26;17;2275.752;1.0;1.0;1.0;2276.0;
7;2025-12-26;18;1960.402;1.0;1.0;1.0;1960.0;
7;2025-12-26;19;1334.938;1.0;1.0;1.0;1335.0;
7;2025-12-26;20;963.499;1.0;1.0;1.0;963.0;
7;2025-12-26;21;581.091;1.0;1.0;1.0;581.0;
7;2025-12-26;22;319.837;1.0;1.0;1.0;320.0;
7;2025-12-26;23;242.557;1.0;1.0;1.002;243.0;
7;2025-12-27;0;128.617;1.0;1.0;0.818;105.152;
7;2025-12-27;1;28.728;1.0;1.0;0.812;23.314;
7;2025-12-27;2;0.0;1.0;1.0;1.0;0.0;
7;2025-12-27;3;0.0;1.0;1.0;1.0;0.0;
7;2025-12-27;4;1.318;1.0;1.0;0.0;0.0;
7;2025-12-27;5;52.449;1.0;1.0;1.152;60.426;
7;2025-12-27;6;283.064;1.0;1.0;1.029;291.189;
7;2025-12-27;7;314.955;1.0;1.0;1.5;472.468;
7;2025-12-27;8;751.147;1.0;1.0;0.967;726.069;
7;2025-12-27;9;605.662;1.0;1.0;1.442;873.091;
7;2025-12-27;10;672.87;1.0;1.0;1.45;975.863;
7;2025-12-27;11;713.458;1.0;1.0;1.416;1010.121;
7;2025-12-27;12;993.359;1.0;1.0;1.172;1164.755;
7;2025-12-27;13;934.322;1.0;1.0;1.4;1307.971;
7;2025-12-27;14;892.416;1.0;1.0;1.474;1315.584;
7;2025-12-27;15;875.548;1.0;1.0;1.397;1223.279;
7;2025-12-27;16;874.757;1.0;1.0;1.335;1167.61;
7;2025-12-27;17;861.579;1.0;1.0;1.357;1169.038;
7;2025-12-27;18;809.131;1.0;1.0;1.334;1079.587;
7;2025-12-27;19;640.452;1.0;1.0;1.691;1082.918;
7;2025-12-27;20;567.446;1.0;1.0;1.429;810.761;
7;2025-12-27;21;396.658;1.0;1.0;1.579;626.151;
7;2025-12-27;22;223.236;1.0;1.0;1.639;365.889;
7;2025-12-27;23;181.33;1.0;1.0;1.189;215.537;
7;2025-12-28;0;98.797;1.0;1.0;0.925;91.353;
7;2025-12-28;1;23.489;1.0;1.0;0.567;13.322;
7;2025-12-28;2;0.0;1.0;1.0;1.0;0.0;
7;2025-12-28;3;0.0;1.0;1.0;1.0;0.0;
7;2025-12-28;4;0.969;1.0;1.0;0.982;0.952;
7;2025-12-28;5;28.574;1.0;1.0;1.365;39.015;
7;2025-12-28;6;123.981;1.0;1.0;1.673;207.448;
7;2025-12-28;7;166.6;1.0;1.0;1.951;324.971;
7;2025-12-28;8;375.333;1.0;1.0;1.412;530.04;
7;2025-12-28;9;496.893;1.0;1.0;1.35;670.876;
7;2025-12-28;10;384.777;1.0;1.0;2.012;774.125;
7;2025-12-28;11;572.202;1.0;1.0;1.605;918.292;
7;2025-12-28;12;618.21;1.0;1.0;1.677;1036.765;
7;2025-12-28;13;614.336;1.0;1.0;1.74;1068.644;
7;2025-12-28;14;641.699;1.0;1.0;1.908;1224.23;
7;2025-12-28;15;695.214;1.0;1.0;1.588;1103.853;
7;2025-12-28;16;598.596;1.0;1.0;1.525;913.058;
7;2025-12-28;17;609.009;1.0;1.0;1.706;1038.669;
7;2025-12-28;18;632.013;1.0;1.0;1.38;872.139;
7;2025-12-28;19;467.835;1.0;1.0;1.807;845.494;
7;2025-12-28;20;386.714;1.0;1.0;1.67;645.659;
7;2025-12-28;21;283.558;1.0;1.0;1.797;509.58;
7;2025-12-28;22;146.501;1.0;1.0;2.03;297.374;
7;2025-12-28;23;117.201;1.0;1.0;1.425;167.005;
7;2025-12-29;0;58.259;0.88;1.0;0.995;51.0;
7;2025-12-29;1;12.365;0.88;1.0;1.011;11.0;
7;2025-12-29;2;0.062;0.88;1.0;0.0;0.0;
7;2025-12-29;3;0.0;0.88;1.0;1.0;0.0;
7;2025-12-29;4;1.476;0.88;1.0;0.77;1.0;
7;2025-12-29;5;182.59;0.88;1.0;1.002;161.0;
7;2025-12-29;6;582.038;0.88;1.0;1.0;512.0;
7;2025-12-29;7;1581.794;0.88;1.0;1.0;1392.0;
7;2025-12-29;8;2454.205;0.88;1.0;1.0;2160.0;
7;2025-12-29;9;1825.658;0.88;1.0;1.0;1607.0;
7;2025-12-29;10;1639.622;0.88;1.0;1.0;1443.0;
7;2025-12-29;11;1537.561;0.88;1.0;1.0;1353.0;
7;2025-12-29;12;1662.446;0.88;1.0;1.0;1463.0;
7;2025-12-29;13;1546.42;0.88;1.0;1.0;1361.0;
7;2025-12-29;14;1597.112;0.88;1.0;1.0;1405.0;
7;2025-12-29;15;1735.163;0.88;1.0;1.0;1527.0;
7;2025-12-29;16;1811.755;0.88;1.0;1.0;1594.0;
7;2025-12-29;17;2350.482;0.88;1.0;1.0;2068.0;
7;2025-12-29;18;2555.404;0.88;1.0;1.0;2249.0;
7;2025-12-29;19;1650.942;0.88;1.0;1.0;1453.0;
7;2025-12-29;20;1055.801;0.88;1.0;1.0;929.0;
7;2025-12-29;21;624.917;0.88;1.0;1.0;550.0;
7;2025-12-29;22;298.432;0.88;1.0;1.001;263.0;
7;2025-12-29;23;192.495;0.88;1.0;0.998;169.0;
7;2025-12-30;0;58.259;0.88;1.0;0.995;51.0;
7;2025-12-30;1;12.365;0.88;1.0;1.011;11.0;
7;2025-12-30;2;0.062;0.88;1.0;0.0;0.0;
7;2025-12-30;3;0.0;0.88;1.0;1.0;0.0;
7;2025-12-30;4;1.476;0.88;1.0;0.77;1.0;
7;2025-12-30;5;182.59;0.88;1.0;1.002;161.0;
7;2025-12-30;6;582.038;0.88;1.0;1.0;512.0;
7;2025-12-30;7;1581.794;0.88;1.0;1.0;1392.0;
7;2025-12-30;8;2454.205;0.88;1.0;1.0;2160.0;
7;2025-12-30;9;1825.658;0.88;1.0;1.0;1607.0;
7;2025-12-30;10;1639.622;0.88;1.0;1.0;1443.0;
7;2025-12-30;11;1537.561;0.88;1.0;1.0;1353.0;
7;2025-12-30;12;1662.446;0.88;1.0;1.0;1463.0;
7;2025-12-30;13;1546.42;0.88;1.0;1.0;1361.0;
7;2025-12-30;14;1597.112;0.88;1.0;1.0;1405.0;
7;2025-12-30;15;1735.163;0.88;1.0;1.0;1527.0;
7;2025-12-30;16;1811.755;0.88;1.0;1.0;1594.0;
7;2025-12-30;17;2350.482;0.88;1.0;1.0;2068.0;
7;2025-12-30;18;2555.404;0.88;1.0;1.0;2249.0;
7;2025-12-30;19;1650.942;0.88;1.0;1.0;1453.0;
7;2025-12-30;20;1055.801;0.88;1.0;1.0;929.0;
7;2025-12-30;21;624.917;0.88;1.0;1.0;550.0;
7;2025-12-30;22;298.432;0.88;1.0;1.001;263.0;
7;2025-12-30;23;192.495;0.88;1.0;0.998;169.0;
7;2025-12-31;0;128.617;0.8;1.0;1.001;103.0;
7;2025-12-31;1;28.728;0.8;1.0;1.001;23.0;
7;2025-12-31;2;0.0;0.8;1.0;1.0;0.0;
7;2025-12-31;3;0.0;0.8;1.0;1.0;0.0;
7;2025-12-31;4;1.318;0.8;1.0;0.948;1.0;
7;2025-12-31;5;52.449;0.8;1.0;1.001;42.0;
7;2025-12-31;6;283.064;0.8;1.0;0.998;226.0;
7;2025-12-31;7;314.955;0.8;1.0;1.0;252.0;
7;2025-12-31;8;751.147;0.8;1.0;1.0;601.0;
7;2025-12-31;9;605.662;0.8;1.0;1.001;485.0;
7;2025-12-31;10;672.87;0.8;1.0;1.0;538.0;
7;2025-12-31;11;713.458;0.8;1.0;1.0;571.0;
7;2025-12-31;12;993.359;0.8;1.0;1.0;795.0;
7;2025-12-31;13;934.322;0.8;1.0;0.999;747.0;
7;2025-12-31;14;892.416;0.8;1.0;1.0;714.0;
7;2025-12-31;15;875.548;0.8;1.0;0.999;700.0;
7;2025-12-31;16;874.757;0.8;1.0;1.0;700.0;
7;2025-12-31;17;861.579;0.8;1.0;1.0;689.0;
7;2025-12-31;18;809.131;0.8;1.0;1.0;647.0;
7;2025-12-31;19;640.452;0.8;1.0;0.999;512.0;
7;2025-12-31;20;567.446;0.8;1.0;0.0;0.0;free fare New Year night
7;2025-12-31;21;396.658;0.8;1.0;0.0;0.0;free fare New Year night
7;2025-12-31;22;223.236;0.8;1.0;0.0;0.0;free fare New Year night
7;2025-12-31;23;181.33;0.8;1.0;0.0;0.0;free fare New Year night
11;2025-11-01;0;66.475;0.8;1.0;2.031;108.0;
11;2025-11-01;1;2.417;0.8;1.0;0.0;0.0;
11;2025-11-01;2;0.0;0.8;1.0;1.0;0.0;
11;2025-11-01;3;0.0;0.8;1.0;1.0;0.0;
11;2025-11-01;4;0.0;0.8;1.0;1.0;0.0;
11;2025-11-01;5;246.322;0.8;1.0;1.0;197.0;
11;2025-11-01;6;1250.705;0.8;1.0;1.0;1001.0;
11;2025-11-01;7;2334.617;0.8;1.0;1.0;1868.0;
11;2025-11-01;8;3166.406;0.8;1.0;1.0;2533.0;
11;2025-11-01;9;2140.267;0.8;1.0;1.0;1712.0;
11;2025-11-01;10;1776.224;0.8;1.0;1.0;1421.0;
11;2025-11-01;11;1679.049;0.8;1.0;1.0;1343.0;
11;2025-11-01;12;1824.811;0.8;1.0;1.0;1460.0;
11;2025-11-01;13;1792.661;0.8;1.0;1.0;1434.0;
11;2025-11-01;14;1994.746;0.8;1.0;1.0;1596.0;
11;2025-11-01;15;1980.001;0.8;1.0;1.0;1584.0;
11;2025-11-01;16;2197.315;0.8;1.0;1.0;1758.0;
11;2025-11-01;17;2783.749;0.8;1.0;1.0;2227.0;
11;2025-11-01;18;2325.915;0.8;1.0;1.0;1861.0;
11;2025-11-01;19;1742.14;0.8;1.0;1.0;1394.0;
11;2025-11-01;20;1266.659;0.8;1.0;1.0;1013.0;
11;2025-11-01;21;789.97;0.8;1.0;1.0;632.0;
11;2025-11-01;22;356.792;0.8;1.0;0.998;285.0;
11;2025-11-01;23;321.258;0.8;1.0;1.0;257.0;
11;2025-11-02;0;104.061;1.0;1.0;0.999;104.0;
11;2025-11-02;1;14.211;1.0;1.0;0.985;14.0;
11;2025-11-02;2;0.0;1.0;1.0;1.0;0.0;
11;2025-11-02;3;0.0;1.0;1.0;1.0;0.0;
11;2025-11-02;4;0.0;1.0;1.0;1.0;0.0;
11;2025-11-02;5;98.789;1.0;1.0;1.002;99.0;
11;2025-11-02;6;456.357;1.0;1.0;0.999;456.0;
11;2025-11-02;7;452.002;1.0;1.0;1.0;452.0;
11;2025-11-02;8;634.682;1.0;1.0;1.0;635.0;
11;2025-11-02;9;863.204;1.0;1.0;1.0;863.0;
11;2025-11-02;10;955.117;1.0;1.0;1.0;955.0;
11;2025-11-02;11;1401.389;1.0;1.0;1.0;1401.0;
11;2025-11-02;12;1470.381;1.0;1.0;1.0;1470.0;
11;2025-11-02;13;1420.413;1.0;1.0;1.0;1420.0;
11;2025-11-02;14;1519.89;1.0;1.0;1.0;1520.0;
11;2025-11-02;15;1491.468;1.0;1.0;1.0;1491.0;
11;2025-11-02;16;1405.515;1.0;1.0;1.0;1406.0;
11;2025-11-02;17;1563.44;1.0;1.0;1.0;1563.0;
11;2025-11-02;18;1150.175;1.0;1.0;1.0;1150.0;
11;2025-11-02;19;917.527;1.0;1.0;1.0;918.0;
11;2025-11-02;20;708.029;1.0;1.0;1.0;708.0;
11;2025-11-02;21;541.852;1.0;1.0;1.0;542.0;
11;2025-11-02;22;316.997;1.0;1.0;1.0;317.0;
11;2025-11-02;23;220.5;1.0;1.0;0.998;220.0;
11;2025-11-03;0;104.061;1.0;1.0;0.999;104.0;
11;2025-11-03;1;14.211;1.0;1.0;0.985;14.0;
11;2025-11-03;2;0.0;1.0;1.0;1.0;0.0;
11;2025-11-03;3;0.0;1.0;1.0;1.0;0.0;
11;2025-11-03;4;0.0;1.0;1.0;1.0;0.0;
11;2025-11-03;5;98.789;1.0;1.0;1.002;99.0;
11;2025-11-03;6;456.357;1.0;1.0;0.999;456.0;
11;2025-11-03;7;452.002;1.0;1.0;1.0;452.0;
11;2025-11-03;8;634.682;1.0;1.0;1.0;635.0;
11;2025-11-03;9;863.204;1.0;1.0;1.0;863.0;
11;2025-11-03;10;955.117;1.0;1.0;1.0;955.0;
11;2025-11-03;11;1401.389;1.0;1.0;1.0;1401.0;
11;2025-11-03;12;1470.381;1.0;1.0;1.0;1470.0;
11;2025-11-03;13;1420.413;1.0;1.0;1.0;1420.0;
11;2025-11-03;14;1519.89;1.0;1.0;1.0;1520.0;
11;2025-11-03;15;1491.468;1.0;1.0;1.0;1491.0;
11;2025-11-03;16;1405.515;1.0;1.0;1.0;1406.0;
11;2025-11-03;17;1563.44;1.0;1.0;1.0;1563.0;
11;2025-11-03;18;1150.175;1.0;1.0;1.0;1150.0;
11;2025-11-03;19;917.527;1.0;1.0;1.0;918.0;
11;2025-11-03;20;708.029;1.0;1.0;1.0;708.0;
11;2025-11-03;21;541.852;1.0;1.0;1.0;542.0;
11;2025-11-03;22;316.997;1.0;1.0;1.0;317.0;
11;2025-11-03;23;220.5;1.0;1.0;0.998;220.0;
11;2025-11-04;0;104.061;1.0;1.0;0.999;104.0;
11;2025-11-04;1;14.211;1.0;1.0;0.985;14.0;
11;2025-11-04;2;0.0;1.0;1.0;1.0;0.0;
11;2025-11-04;3;0.0;1.0;1.0;1.0;0.0;
11;2025-11-04;4;0.0;1.0;1.0;1.0;0.0;
11;2025-11-04;5;98.789;1.0;1.0;1.002;99.0;
11;2025-11-04;6;456.357;1.0;1.0;0.999;456.0;
11;2025-11-04;7;452.002;1.0;1.0;1.0;452.0;
11;2025-11-04;8;634.682;1.0;1.0;1.0;635.0;
11;2025-11-04;9;863.204;1.0;1.0;1.0;863.0;
11;2025-11-04;10;955.117;1.0;1.0;1.0;955.0;
11;2025-11-04;11;1401.389;1.0;1.0;1.0;1401.0;
11;2025-11-04;12;1470.381;1.0;1.0;1.0;1470.0;
11;2025-11-04;13;1420.413;1.0;1.0;1.0;1420.0;
11;2025-11-04;14;1519.89;1.0;1.0;1.0;1520.0;
11;2025-11-04;15;1491.468;1.0;1.0;1.0;1491.0;
11;2025-11-04;16;1405.515;1.0;1.0;1.0;1406.0;
11;2025-11-04;17;1563.44;1.0;1.0;1.0;1563.0;
11;2025-11-04;18;1150.175;1.0;1.0;1.0;1150.0;
11;2025-11-04;19;917.527;1.0;1.0;1.0;918.0;
11;2025-11-04;20;708.029;1.0;1.0;1.0;708.0;
11;2025-11-04;21;541.852;1.0;1.0;1.0;542.0;
11;2025-11-04;22;316.997;1.0;1.0;1.0;317.0;
11;2025-11-04;23;220.5;1.0;1.0;0.998;220.0;
11;2025-11-05;0;61.005;1.0;1.0;1.0;61.0;
11;2025-11-05;1;3.308;1.0;1.0;0.907;3.0;
11;2025-11-05;2;0.0;1.0;1.0;1.0;0.0;
11;2025-11-05;3;0.0;1.0;1.0;1.0;0.0;
11;2025-11-05;4;0.254;1.0;1.0;0.0;0.0;
11;2025-11-05;5;245.164;1.0;1.0;0.999;245.0;
11;2025-11-05;6;1317.361;1.0;1.0;1.0;1317.0;
11;2025-11-05;7;2478.234;1.0;1.0;1.0;2478.0;
11;2025-11-05;8;3227.722;1.0;1.0;1.0;3228.0;
11;2025-11-05;9;2432.369;1.0;1.0;1.0;2432.0;
11;2025-11-05;10;2022.574;1.0;1.0;1.0;2023.0;
11;2025-11-05;11;1897.448;1.0;1.0;1.0;1897.0;
11;2025-11-05;12;1948.211;1.0;1.0;1.0;1948.0;
11;2025-11-05;13;2069.139;1.0;1.0;1.0;2069.0;
11;2025-11-05;14;2043.63;1.0;1.0;1.0;2044.0;
11;2025-11-05;15;1943.44;1.0;1.0;1.0;1943.0;
11;2025-11-05;16;2181.543;1.0;1.0;1.0;2182.0;
11;2025-11-05;17;2752.024;1.0;1.0;1.0;2752.0;
11;2025-11-05;18;3081.222;1.0;1.0;1.0;3081.0;
11;2025-11-05;19;2206.225;1.0;1.0;1.0;2206.0;
11;2025-11-05;20;1375.185;1.0;1.0;1.0;1375.0;
11;2025-11-05;21;797.261;1.0;1.0;1.0;797.0;
11;2025-11-05;22;367.619;1.0;1.0;1.001;368.0;
11;2025-11-05;23;235.559;1.0;1.0;1.002;236.0;
11;2025-11-06;0;61.005;1.0;1.0;1.0;61.0;
11;2025-11-06;1;3.308;1.0;1.0;0.907;3.0;
11;2025-11-06;2;0.0;1.0;1.0;1.0;0.0;
11;2025-11-06;3;0.0;1.0;1.0;1.0;0.0;
11;2025-11-06;4;0.254;1.0;1.0;0.0;0.0;
11;2025-11-06;5;245.164;1.0;1.0;0.999;245.0;
11;2025-11-06;6;1317.361;1.0;1.0;1.0;1317.0;
11;2025-11-06;7;2478.234;1.0;1.0;1.0;2478.0;
11;2025-11-06;8;3227.722;1.0;1.0;1.0;3228.0;
11;2025-11-06;9;2432.369;1.0;1.0;1.0;2432.0;
11;2025-11-06;10;2022.574;1.0;1.0;1.0;2023.0;
11;2025-11-06;11;1897.448;1.0;1.0;1.0;1897.0;
11;2025-11-06;12;1948.211;1.0;1.0;1.0;1948.0;
11;2025-11-06;13;2069.139;1.0;1.0;1.0;2069.0;
11;2025-11-06;14;2043.63;1.0;1.0;1.0;2044.0;
11;2025-11-06;15;1943.44;1.0;1.0;1.0;1943.0;
11;2025-11-06;16;2181.543;1.0;1.0;1.0;2182.0;
11;2025-11-06;17;2752.024;1.0;1.0;1.0;2752.0;
11;2025-11-06;18;3081.222;1.0;1.0;1.0;3081.0;
11;2025-11-06;19;2206.225;1.0;1.0;1.0;2206.0;
11;2025-11-06;20;1375.185;1.0;1.0;1.0;1375.0;
11;2025-11-06;21;797.261;1.0;1.0;1.0;797.0;
11;2025-11-06;22;367.619;1.0;1.0;1.001;368.0;
11;2025-11-06;23;235.559;1.0;1.0;1.002;236.0;
11;2025-11-07;0;66.475;1.0;1.0;0.993;66.0;
11;2025-11-07;1;2.417;1.0;1.0;0.827;2.0;
11;2025-11-07;2;0.0;1.0;1.0;1.0;0.0;
11;2025-11-07;3;0.0;1.0;1.0;1.0;0.0;
11;2025-11-07;4;0.0;1.0;1.0;1.0;0.0;
11;2025-11-07;5;246.322;1.0;1.0;0.999;246.0;
11;2025-11-07;6;1250.705;1.0;1.0;1.0;1251.0;
11;2025-11-07;7;2334.617;1.0;1.0;1.0;2335.0;
11;2025-11-07;8;3166.406;1.0;1.0;1.0;3166.0;
11;2025-11-07;9;2140.267;1.0;1.0;1.0;2140.0;
11;2025-11-07;10;1776.224;1.0;1.0;1.0;1776.0;
11;2025-11-07;11;1679.049;1.0;1.0;1.0;1679.0;
11;2025-11-07;12;1824.811;1.0;1.0;1.0;1825.0;
11;2025-11-07;13;1792.661;1.0;1.0;1.0;1793.0;
11;2025-11-07;14;1994.746;1.0;1.0;1.0;1995.0;
11;2025-11-07;15;1980.001;1.0;1.0;1.0;1980.0;
11;2025-11-07;16;2197.315;1.0;1.0;1.0;2197.0;
11;2025-11-07;17;2783.749;1.0;1.0;1.0;2784.0;
11;2025-11-07;18;2325.915;1.0;1.0;1.0;2326.0;
11;2025-11-07;19;1742.14;1.0;1.0;1.0;1742.0;
11;2025-11-07;20;1266.659;1.0;1.0;1.0;1267.0;
11;2025-11-07;21;789.97;1.0;1.0;1.0;790.0;
11;2025-11-07;22;356.792;1.0;1.0;1.001;357.0;
11;2025-11-07;23;321.258;1.0;1.0;0.999;321.0;
11;2025-11-08;0;104.58;1.0;1.0;1.004;105.0;
11;2025-11-08;1;1.219;1.0;1.0;0.82;1.0;
11;2025-11-08;2;0.0;1.0;1.0;1.0;0.0;
11;2025-11-08;3;0.0;1.0;1.0;1.0;0.0;
11;2025-11-08;4;0.0;1.0;1.0;1.0;0.0;
11;2025-11-08;5;163.573;1.0;1.0;1.003;164.0;
11;2025-11-08;6;816.16;1.0;1.0;1.0;816.0;
11;2025-11-08;7;741.321;1.0;1.0;1.0;741.0;
11;2025-11-08;8;1017.518;1.0;1.0;1.0;1018.0;
11;2025-11-08;9;1139.406;1.0;1.0;1.0;1139.0;
11;2025-11-08;10;1360.266;1.0;1.0;1.0;1360.0;
11;2025-11-08;11;1675.955;1.0;1.0;1.0;1676.0;
11;2025-11-08;12;1910.711;1.0;1.0;1.0;1911.0;
11;2025-11-08;13;1777.366;1.0;1.0;1.0;1777.0;
11;2025-11-08;14;2014.315;1.0;1.0;1.0;2014.0;
11;2025-11-08;15;1864.637;1.0;1.0;1.0;1865.0;
11;2025-11-08;16;1747.869;1.0;1.0;1.0;1748.0;
11;2025-11-08;17;1850.742;1.0;1.0;1.0;1851.0;
11;2025-11-08;18;1468.99;1.0;1.0;1.0;1469.0;
11;2025-11-08;19;1429.986;1.0;1.0;1.0;1430.0;
11;2025-11-08;20;956.087;1.0;1.0;1.0;956.0;
11;2025-11-08;21;693.297;1.0;1.0;1.0;693.0;
11;2025-11-08;22;404.911;1.0;1.0;1.0;405.0;
11;2025-11-08;23;270.591;1.0;1.0;1.002;271.0;
11;2025-11-09;0;104.061;1.0;1.0;0.999;104.0;
11;2025-11-09;1;14.211;1.0;1.0;0.985;14.0;
11;2025-11-09;2;0.0;1.0;1.0;1.0;0.0;
11;2025-11-09;3;0.0;1.0;1.0;1.0;0.0;
11;2025-11-09;4;0.0;1.0;1.0;1.0;0.0;
11;2025-11-09;5;98.789;1.0;1.0;1.002;99.0;
11;2025-11-09;6;456.357;1.0;1.0;0.999;456.0;
11;2025-11-09;7;452.002;1.0;1.0;1.0;452.0;
11;2025-11-09;8;634.682;1.0;1.0;1.0;635.0;
11;2025-11-09;9;863.204;1.0;1.0;1.0;863.0;
11;2025-11-09;10;955.117;1.0;1.0;1.0;955.0;
11;2025-11-09;11;1401.389;1.0;1.0;1.0;1401.0;
11;2025-11-09;12;1470.381;1.0;1.0;1.0;1470.0;
11;2025-11-09;13;1420.413;1.0;1.0;1.0;1420.0;
11;2025-11-09;14;1519.89;1.0;1.0;1.0;1520.0;
11;2025-11-09;15;1491.468;1.0;1.0;1.0;1491.0;
11;2025-11-09;16;1405.515;1.0;1.0;1.0;1406.0;
11;2025-11-09;17;1563.44;1.0;1.0;1.0;1563.0;
11;2025-11-09;18;1150.175;1.0;1.0;1.0;1150.0;
11;2025-11-09;19;917.527;1.0;1.0;1.0;918.0;
11;2025-11-09;20;708.029;1.0;1.0;1.0;708.0;
11;2025-11-09;21;541.852;1.0;1.0;1.0;542.0;
11;2025-11-09;22;316.997;1.0;1.0;1.0;317.0;
11;2025-11-09;23;220.5;1.0;1.0;0.998;220.0;
11;2025-11-10;0;61.005;1.0;1.0;1.0;61.0;
11;2025-11-10;1;3.308;1.0;1.0;0.907;3.0;
11;2025-11-10;2;0.0;1.0;1.0;1.0;0.0;
11;2025-11-10;3;0.0;1.0;1.0;1.0;0.0;
11;2025-11-10;4;0.254;1.0;1.0;0.0;0.0;
11;2025-11-10;5;245.164;1.0;1.0;0.999;245.0;
11;2025-11-10;6;1317.361;1.0;1.0;1.0;1317.0;
11;2025-11-10;7;2478.234;1.0;1.0;1.0;2478.0;
11;2025-11-10;8;3227.722;1.0;1.0;1.0;3228.0;
11;2025-11-10;9;2432.369;1.0;1.0;1.0;2432.0;
11;2025-11-10;10;2022.574;1.0;1.0;1.0;2023.0;
11;2025-11-10;11;1897.448;1.0;1.0;1.0;1897.0;
11;2025-11-10;12;1948.211;1.0;1.0;1.0;1948.0;
11;2025-11-10;13;2069.139;1.0;1.0;1.0;2069.0;
11;2025-11-10;14;2043.63;1.0;1.0;1.0;2044.0;
11;2025-11-10;15;1943.44;1.0;1.0;1.0;1943.0;
11;2025-11-10;16;2181.543;1.0;1.0;1.0;2182.0;
11;2025-11-10;17;2752.024;1.0;1.0;1.0;2752.0;
11;2025-11-10;18;3081.222;1.0;1.0;1.0;3081.0;
11;2025-11-10;19;2206.225;1.0;1.0;1.0;2206.0;
11;2025-11-10;20;1375.185;1.0;1.0;1.0;1375.0;
11;2025-11-10;21;797.261;1.0;1.0;1.0;797.0;
11;2025-11-10;22;367.619;1.0;1.0;1.001;368.0;
11;2025-11-10;23;235.559;1.0;1.0;1.002;236.0;
11;2025-11-11;0;61.005;1.0;1.0;1.0;61.0;
11;2025-11-11;1;3.308;1.0;1.0;0.907;3.0;
11;2025-11-11;2;0.0;1.0;1.0;1.0;0.0;
11;2025-11-11;3;0.0;1.0;1.0;1.0;0.0;
11;2025-11-11;4;0.254;1.0;1.0;0.0;0.0;
11;2025-11-11;5;245.164;1.0;1.0;0.999;245.0;
11;2025-11-11;6;1317.361;1.0;1.0;1.0;1317.0;
11;2025-11-11;7;2478.234;1.0;1.0;1.0;2478.0;
11;2025-11-11;8;3227.722;1.0;1.0;1.0;3228.0;
11;2025-11-11;9;2432.369;1.0;1.0;1.0;2432.0;
11;2025-11-11;10;2022.574;1.0;1.0;1.0;2023.0;
11;2025-11-11;11;1897.448;1.0;1.0;1.0;1897.0;
11;2025-11-11;12;1948.211;1.0;1.0;1.0;1948.0;
11;2025-11-11;13;2069.139;1.0;1.0;1.0;2069.0;
11;2025-11-11;14;2043.63;1.0;1.0;1.0;2044.0;
11;2025-11-11;15;1943.44;1.0;1.0;1.0;1943.0;
11;2025-11-11;16;2181.543;1.0;1.0;1.0;2182.0;
11;2025-11-11;17;2752.024;1.0;1.0;1.0;2752.0;
11;2025-11-11;18;3081.222;1.0;1.0;1.0;3081.0;
11;2025-11-11;19;2206.225;1.0;1.0;1.0;2206.0;
11;2025-11-11;20;1375.185;1.0;1.0;1.0;1375.0;
11;2025-11-11;21;797.261;1.0;1.0;1.0;797.0;
11;2025-11-11;22;367.619;1.0;1.0;1.001;368.0;
11;2025-11-11;23;235.559;1.0;1.0;1.002;236.0;
11;2025-11-12;0;61.005;1.0;1.0;1.0;61.0;
11;2025-11-12;1;3.308;1.0;1.0;0.907;3.0;
11;2025-11-12;2;0.0;1.0;1.0;1.0;0.0;
11;2025-11-12;3;0.0;1.0;1.0;1.0;0.0;
11;2025-11-12;4;0.254;1.0;1.0;0.0;0.0;
11;2025-11-12;5;245.164;1.0;1.0;0.999;245.0;
11;2025-11-12;6;1317.361;1.0;1.0;1.0;1317.0;
11;2025-11-12;7;2478.234;1.0;1.0;1.0;2478.0;
11;2025-11-12;8;3227.722;1.0;1.0;1.0;3228.0;
11;2025-11-12;9;2432.369;1.0;1.0;1.0;2432.0;
11;2025-11-12;10;2022.574;1.0;1.0;1.0;2023.0;
11;2025-11-12;11;1897.448;1.0;1.0;1.0;1897.0;
11;2025-11-12;12;1948.211;1.0;1.0;1.0;1948.0;
11;2025-11-12;13;2069.139;1.0;1.0;1.0;2069.0;
11;2025-11-12;14;2043.63;1.0;1.0;1.0;2044.0;
11;2025-11-12;15;1943.44;1.0;1.0;1.0;1943.0;
11;2025-11-12;16;2181.543;1.0;1.0;1.0;2182.0;
11;2025-11-12;17;2752.024;1.0;1.0;1.0;2752.0;
11;2025-11-12;18;3081.222;1.0;1.0;1.0;3081.0;
11;2025-11-12;19;2206.225;1.0;1.0;1.0;2206.0;
11;2025-11-12;20;1375.185;1.0;1.0;1.0;1375.0;
11;2025-11-12;21;797.261;1.0;1.0;1.0;797.0;
11;2025-11-12;22;367.619;1.0;1.0;1.001;368.0;
11;2025-11-12;23;235.559;1.0;1.0;1.002;236.0;
11;2025-11-13;0;61.005;1.0;1.0;1.0;61.0;
11;2025-11-13;1;3.308;1.0;1.0;0.907;3.0;
11;2025-11-13;2;0.0;1.0;1.0;1.0;0.0;
11;2025-11-13;3;0.0;1.0;1.0;1.0;0.0;
11;2025-11-13;4;0.254;1.0;1.0;0.0;0.0;
11;2025-11-13;5;245.164;1.0;1.0;0.999;245.0;
11;2025-11-13;6;1317.361;1.0;1.0;1.0;1317.0;
11;2025-11-13;7;2478.234;1.0;1.0;1.0;2478.0;
11;2025-11-13;8;3227.722;1.0;1.0;1.0;3228.0;
11;2025-11-13;9;2432.369;1.0;1.0;1.0;2432.0;
11;2025-11-13;10;2022.574;1.0;1.0;1.0;2023.0;
11;2025-11-13;11;1897.448;1.0;1.0;1.0;1897.0;
11;2025-11-13;12;1948.211;1.0;1.0;1.0;1948.0;
11;2025-11-13;13;2069.139;1.0;1.0;1.0;2069.0;
11;2025-11-13;14;2043.63;1.0;1.0;1.0;2044.0;
11;2025-11-13;15;1943.44;1.0;1.0;1.0;1943.0;
11;2025-11-13;16;2181.543;1.0;1.0;1.0;2182.0;
11;2025-11-13;17;2752.024;1.0;1.0;1.0;2752.0;
11;2025-11-13;18;3081.222;1.0;1.0;1.0;3081.0;
11;2025-11-13;19;2206.225;1.0;1.0;1.0;2206.0;
11;2025-11-13;20;1375.185;1.0;1.0;1.0;1375.0;
11;2025-11-13;21;797.261;1.0;1.0;1.0;797.0;
11;2025-11-13;22;367.619;1.0;1.0;1.001;368.0;
11;2025-11-13;23;235.559;1.0;1.0;1.002;236.0;
11;2025-11-14;0;66.475;1.0;1.0;0.993;66.0;
11;2025-11-14;1;2.417;1.0;1.0;0.827;2.0;
11;2025-11-14;2;0.0;1.0;1.0;1.0;0.0;
11;2025-11-14;3;0.0;1.0;1.0;1.0;0.0;
11;2025-11-14;4;0.0;1.0;1.0;1.0;0.0;
11;2025-11-14;5;246.322;1.0;1.0;0.999;246.0;
11;2025-11-14;6;1250.705;1.0;1.0;1.0;1251.0;
11;2025-11-14;7;2334.617;1.0;1.0;1.0;2335.0;
11;2025-11-14;8;3166.406;1.0;1.0;1.0;3166.0;
11;2025-11-14;9;2140.267;1.0;1.0;1.0;2140.0;
11;2025-11-14;10;1776.224;1.0;1.0;1.0;1776.0;
11;2025-11-14;11;1679.049;1.0;1.0;1.0;1679.0;
11;2025-11-14;12;1824.811;1.0;1.0;1.0;1825.0;
11;2025-11-14;13;1792.661;1.0;1.0;1.0;1793.0;
11;2025-11-14;14;1994.746;1.0;1.0;1.0;1995.0;
11;2025-11-14;15;1980.001;1.0;1.0;1.0;1980.0;
11;2025-11-14;16;2197.315;1.0;1.0;1.0;2197.0;
11;2025-11-14;17;2783.749;1.0;1.0;1.0;2784.0;
11;2025-11-14;18;2325.915;1.0;1.0;1.0;2326.0;
11;2025-11-14;19;1742.14;1.0;1.0;1.0;1742.0;
11;2025-11-14;20;1266.659;1.0;1.0;1.0;1267.0;
11;2025-11-14;21;789.97;1.0;1.0;1.0;790.0;
11;2025-11-14;22;356.792;1.0;1.0;1.001;357.0;
11;2025-11-14;23;321.258;1.0;1.0;0.999;321.0;
11;2025-11-15;0;104.58;1.0;1.0;1.004;105.0;
11;2025-11-15;1;1.219;1.0;1.0;0.82;1.0;
11;2025-11-15;2;0.0;1.0;1.0;1.0;0.0;
11;2025-11-15;3;0.0;1.0;1.0;1.0;0.0;
11;2025-11-15;4;0.0;1.0;1.0;1.0;0.0;
11;2025-11-15;5;163.573;1.0;1.0;1.003;164.0;
11;2025-11-15;6;816.16;1.0;1.0;1.0;816.0;
11;2025-11-15;7;741.321;1.0;1.0;1.0;741.0;
11;2025-11-15;8;1017.518;1.0;1.0;1.0;1018.0;
11;2025-11-15;9;1139.406;1.0;1.0;1.0;1139.0;
11;2025-11-15;10;1360.266;1.0;1.0;1.0;1360.0;
11;2025-11-15;11;1675.955;1.0;1.0;1.0;1676.0;
11;2025-11-15;12;1910.711;1.0;1.0;1.0;1911.0;
11;2025-11-15;13;1777.366;1.0;1.0;1.0;1777.0;
11;2025-11-15;14;2014.315;1.0;1.0;1.0;2014.0;
11;2025-11-15;15;1864.637;1.0;1.0;1.0;1865.0;
11;2025-11-15;16;1747.869;1.0;1.0;1.0;1748.0;
11;2025-11-15;17;1850.742;1.0;1.0;1.0;1851.0;
11;2025-11-15;18;1468.99;1.0;1.0;1.0;1469.0;
11;2025-11-15;19;1429.986;1.0;1.0;1.0;1430.0;
11;2025-11-15;20;956.087;1.0;1.0;1.0;956.0;
11;2025-11-15;21;693.297;1.0;1.0;1.0;693.0;
11;2025-11-15;22;404.911;1.0;1.0;1.0;405.0;
11;2025-11-15;23;270.591;1.0;1.0;1.002;271.0;
11;2025-11-16;0;104.061;1.0;1.0;0.999;104.0;
11;2025-11-16;1;14.211;1.0;1.0;0.985;14.0;
11;2025-11-16;2;0.0;1.0;1.0;1.0;0.0;
11;2025-11-16;3;0.0;1.0;1.0;1.0;0.0;
11;2025-11-16;4;0.0;1.0;1.0;1.0;0.0;
11;2025-11-16;5;98.789;1.0;1.0;1.002;99.0;
11;2025-11-16;6;456.357;1.0;1.0;0.999;456.0;
11;2025-11-16;7;452.002;1.0;1.0;1.0;452.0;
11;2025-11-16;8;634.682;1.0;1.0;1.0;635.0;
11;2025-11-16;9;863.204;1.0;1.0;1.0;863.0;
11;2025-11-16;10;955.117;1.0;1.0;1.0;955.0;
11;2025-11-16;11;1401.389;1.0;1.0;1.0;1401.0;
11;2025-11-16;12;1470.381;1.0;1.0;1.0;1470.0;
11;2025-11-16;13;1420.413;1.0;1.0;1.0;1420.0;
11;2025-11-16;14;1519.89;1.0;1.0;1.0;1520.0;
11;2025-11-16;15;1491.468;1.0;1.0;1.0;1491.0;
11;2025-11-16;16;1405.515;1.0;1.0;1.0;1406.0;
11;2025-11-16;17;1563.44;1.0;1.0;1.0;1563.0;
11;2025-11-16;18;1150.175;1.0;1.0;1.0;1150.0;
11;2025-11-16;19;917.527;1.0;1.0;1.0;918.0;
11;2025-11-16;20;708.029;1.0;1.0;1.0;708.0;
11;2025-11-16;21;541.852;1.0;1.0;1.0;542.0;
11;2025-11-16;22;316.997;1.0;1.0;1.0;317.0;
11;2025-11-16;23;220.5;1.0;1.0;0.998;220.0;
11;2025-11-17;0;61.005;1.0;1.0;1.0;61.0;
11;2025-11-17;1;3.308;1.0;1.0;0.907;3.0;
11;2025-11-17;2;0.0;1.0;1.0;1.0;0.0;
11;2025-11-17;3;0.0;1.0;1.0;1.0;0.0;
11;2025-11-17;4;0.254;1.0;1.0;0.0;0.0;
11;2025-11-17;5;245.164;1.0;1.0;0.999;245.0;
11;2025-11-17;6;1317.361;1.0;1.0;1.0;1317.0;
11;2025-11-17;7;2478.234;1.0;1.0;1.0;2478.0;
11;2025-11-17;8;3227.722;1.0;1.0;1.0;3228.0;
11;2025-11-17;9;2432.369;1.0;1.0;1.0;2432.0;
11;2025-11-17;10;2022.574;1.0;1.0;1.0;2023.0;
11;2025-11-17;11;1897.448;1.0;1.0;1.0;1897.0;
11;2025-11-17;12;1948.211;1.0;1.0;1.0;1948.0;
11;2025-11-17;13;2069.139;1.0;1.0;1.0;2069.0;
11;2025-11-17;14;2043.63;1.0;1.0;1.0;2044.0;
11;2025-11-17;15;1943.44;1.0;1.0;1.0;1943.0;
11;2025-11-17;16;2181.543;1.0;1.0;1.0;2182.0;
11;2025-11-17;17;2752.024;1.0;1.0;1.0;2752.0;
11;2025-11-17;18;3081.222;1.0;1.0;1.0;3081.0;
11;2025-11-17;19;2206.225;1.0;1.0;1.0;2206.0;
11;2025-11-17;20;1375.185;1.0;1.0;1.0;1375.0;
11;2025-11-17;21;797.261;1.0;1.0;1.0;797.0;
11;2025-11-17;22;367.619;1.0;1.0;1.001;368.0;
11;2025-11-17;23;235.559;1.0;1.0;1.002;236.0;
11;2025-11-18;0;61.005;1.0;1.0;1.0;61.0;
11;2025-11-18;1;3.308;1.0;1.0;0.907;3.0;
11;2025-11-18;2;0.0;1.0;1.0;1.0;0.0;
11;2025-11-18;3;0.0;1.0;1.0;1.0;0.0;
11;2025-11-18;4;0.254;1.0;1.0;0.0;0.0;
11;2025-11-18;5;245.164;1.0;1.0;0.999;245.0;
11;2025-11-18;6;1317.361;1.0;1.0;1.0;1317.0;
11;2025-11-18;7;2478.234;1.0;1.0;1.0;2478.0;
11;2025-11-18;8;3227.722;1.0;1.0;1.0;3228.0;
11;2025-11-18;9;2432.369;1.0;1.0;1.0;2432.0;
11;2025-11-18;10;2022.574;1.0;1.0;1.0;2023.0;
11;2025-11-18;11;1897.448;1.0;1.0;1.0;1897.0;
11;2025-11-18;12;1948.211;1.0;1.0;1.0;1948.0;
11;2025-11-18;13;2069.139;1.0;1.0;1.0;2069.0;
11;2025-11-18;14;2043.63;1.0;1.0;1.0;2044.0;
11;2025-11-18;15;1943.44;1.0;1.0;1.0;1943.0;
11;2025-11-18;16;2181.543;1.0;1.0;1.0;2182.0;
11;2025-11-18;17;2752.024;1.0;1.0;1.0;2752.0;
11;2025-11-18;18;3081.222;1.0;1.0;1.0;3081.0;
11;2025-11-18;19;2206.225;1.0;1.0;1.0;2206.0;
11;2025-11-18;20;1375.185;1.0;1.0;1.0;1375.0;
11;2025-11-18;21;797.261;1.0;1.0;1.0;797.0;
11;2025-11-18;22;367.619;1.0;1.0;1.001;368.0;
11;2025-11-18;23;235.559;1.0;1.0;1.002;236.0;
11;2025-11-19;0;61.005;1.0;1.0;1.0;61.0;
11;2025-11-19;1;3.308;1.0;1.0;0.907;3.0;
11;2025-11-19;2;0.0;1.0;1.0;1.0;0.0;
11;2025-11-19;3;0.0;1.0;1.0;1.0;0.0;
11;2025-11-19;4;0.254;1.0;1.0;0.0;0.0;
11;2025-11-19;5;245.164;1.0;1.0;0.999;245.0;
11;2025-11-19;6;1317.361;1.0;1.0;1.0;1317.0;
11;2025-11-19;7;2478.234;1.0;1.0;1.0;2478.0;
11;2025-11-19;8;3227.722;1.0;1.0;1.0;3228.0;
11;2025-11-19;9;2432.369;1.0;1.0;1.0;2432.0;
11;2025-11-19;10;2022.574;1.0;1.0;1.0;2023.0;
11;2025-11-19;11;1897.448;1.0;1.0;1.0;1897.0;
11;2025-11-19;12;1948.211;1.0;1.0;1.0;1948.0;
11;2025-11-19;13;2069.139;1.0;1.0;1.0;2069.0;
11;2025-11-19;14;2043.63;1.0;1.0;1.0;2044.0;
11;2025-11-19;15;1943.44;1.0;1.0;1.0;1943.0;
11;2025-11-19;16;2181.543;1.0;1.0;1.0;2182.0;
11;2025-11-19;17;2752.024;1.0;1.0;1.0;2752.0;
11;2025-11-19;18;3081.222;1.0;1.0;1.0;3081.0;
11;2025-11-19;19;2206.225;1.0;1.0;1.0;2206.0;
11;2025-11-19;20;1375.185;1.0;1.0;1.0;1375.0;
11;2025-11-19;21;797.261;1.0;1.0;1.0;797.0;
11;2025-11-19;22;367.619;1.0;1.0;1.001;368.0;
11;2025-11-19;23;235.559;1.0;1.0;1.002;236.0;
11;2025-11-20;0;61.005;1.0;1.0;1.0;61.0;
11;2025-11-20;1;3.308;1.0;1.0;0.907;3.0;
11;2025-11-20;2;0.0;1.0;1.0;1.0;0.0;
11;2025-11-20;3;0.0;1.0;1.0;1.0;0.0;
11;2025-11-20;4;0.254;1.0;1.0;0.0;0.0;
11;2025-11-20;5;245.164;1.0;1.0;0.999;245.0;
11;2025-11-20;6;1317.361;1.0;1.0;1.0;1317.0;
11;2025-11-20;7;2478.234;1.0;1.0;1.0;2478.0;
11;2025-11-20;8;3227.722;1.0;1.0;1.0;3228.0;
11;2025-11-20;9;2432.369;1.0;1.0;1.0;2432.0;
11;2025-11-20;10;2022.574;1.0;1.0;1.0;2023.0;
11;2025-11-20;11;1897.448;1.0;1.0;1.0;1897.0;
11;2025-11-20;12;1948.211;1.0;1.0;1.0;1948.0;
11;2025-11-20;13;2069.139;1.0;1.0;1.0;2069.0;
11;2025-11-20;14;2043.63;1.0;1.0;1.0;2044.0;
11;2025-11-20;15;1943.44;1.0;1.0;1.0;1943.0;
11;2025-11-20;16;2181.543;1.0;1.0;1.0;2182.0;
11;2025-11-20;17;2752.024;1.0;1.0;1.0;2752.0;
11;2025-11-20;18;3081.222;1.0;1.0;1.0;3081.0;
11;2025-11-20;19;2206.225;1.0;1.0;1.0;2206.0;
11;2025-11-20;20;1375.185;1.0;1.0;1.0;1375.0;
11;2025-11-20;21;797.261;1.0;1.0;1.0;797.0;
11;2025-11-20;22;367.619;1.0;1.0;1.001;368.0;
11;2025-11-20;23;235.559;1.0;1.0;1.002;236.0;
11;2025-11-21;0;66.475;1.0;1.0;0.993;66.0;
11;2025-11-21;1;2.417;1.0;1.0;0.827;2.0;
11;2025-11-21;2;0.0;1.0;1.0;1.0;0.0;
11;2025-11-21;3;0.0;1.0;1.0;1.0;0.0;
11;2025-11-21;4;0.0;1.0;1.0;1.0;0.0;
11;2025-11-21;5;246.322;1.0;1.0;0.999;246.0;
11;2025-11-21;6;1250.705;1.0;1.0;1.0;1251.0;
11;2025-11-21;7;2334.617;1.0;1.0;1.0;2335.0;
11;2025-11-21;8;3166.406;1.0;1.0;1.0;3166.0;
11;2025-11-21;9;2140.267;1.0;1.0;1.0;2140.0;
11;2025-11-21;10;1776.224;1.0;1.0;1.0;1776.0;
11;2025-11-21;11;1679.049;1.0;1.0;1.0;1679.0;
11;2025-11-21;12;1824.811;1.0;1.0;1.0;1825.0;
11;2025-11-21;13;1792.661;1.0;1.0;1.0;1793.0;
11;2025-11-21;14;1994.746;1.0;1.0;1.0;1995.0;
11;2025-11-21;15;1980.001;1.0;1.0;1.0;1980.0;
11;2025-11-21;16;2197.315;1.0;1.0;1.0;2197.0;
11;2025-11-21;17;2783.749;1.0;1.0;1.0;2784.0;
11;2025-11-21;18;2325.915;1.0;1.0;1.0;2326.0;
11;2025-11-21;19;1742.14;1.0;1.0;1.0;1742.0;
11;2025-11-21;20;1266.659;1.0;1.0;1.0;1267.0;
11;2025-11-21;21;789.97;1.0;1.0;1.0;790.0;
11;2025-11-21;22;356.792;1.0;1.0;1.001;357.0;
11;2025-11-21;23;321.258;1.0;1.0;0.999;321.0;
11;2025-11-22;0;104.58;1.0;1.0;1.004;105.0;
11;2025-11-22;1;1.219;1.0;1.0;0.82;1.0;
11;2025-11-22;2;0.0;1.0;1.0;1.0;0.0;
11;2025-11-22;3;0.0;1.0;1.0;1.0;0.0;
11;2025-11-22;4;0.0;1.0;1.0;1.0;0.0;
11;2025-11-22;5;163.573;1.0;1.0;1.003;164.0;
11;2025-11-22;6;816.16;1.0;1.0;1.0;816.0;
11;2025-11-22;7;741.321;1.0;1.0;1.0;741.0;
11;2025-11-22;8;1017.518;1.0;1.0;1.0;1018.0;
11;2025-11-22;9;1139.406;1.0;1.0;1.0;1139.0;
11;2025-11-22;10;1360.266;1.0;1.0;1.0;1360.0;
11;2025-11-22;11;1675.955;1.0;1.0;1.0;1676.0;
11;2025-11-22;12;1910.711;1.0;1.0;1.0;1911.0;
11;2025-11-22;13;1777.366;1.0;1.0;1.0;1777.0;
11;2025-11-22;14;2014.315;1.0;1.0;1.0;2014.0;
11;2025-11-22;15;1864.637;1.0;1.0;1.0;1865.0;
11;2025-11-22;16;1747.869;1.0;1.0;1.0;1748.0;
11;2025-11-22;17;1850.742;1.0;1.0;1.0;1851.0;
11;2025-11-22;18;1468.99;1.0;1.0;1.0;1469.0;
11;2025-11-22;19;1429.986;1.0;1.0;1.0;1430.0;
11;2025-11-22;20;956.087;1.0;1.0;1.0;956.0;
11;2025-11-22;21;693.297;1.0;1.0;1.0;693.0;
11;2025-11-22;22;404.911;1.0;1.0;1.0;405.0;
11;2025-11-22;23;270.591;1.0;1.0;1.002;271.0;
11;2025-11-23;0;104.061;1.0;1.0;0.999;104.0;
11;2025-11-23;1;14.211;1.0;1.0;0.985;14.0;
11;2025-11-23;2;0.0;1.0;1.0;1.0;0.0;
11;2025-11-23;3;0.0;1.0;1.0;1.0;0.0;
11;2025-11-23;4;0.0;1.0;1.0;1.0;0.0;
11;2025-11-23;5;98.789;1.0;1.0;1.002;99.0;
11;2025-11-23;6;456.357;1.0;1.0;0.999;456.0;
11;2025-11-23;7;452.002;1.0;1.0;1.0;452.0;
11;2025-11-23;8;634.682;1.0;1.0;1.0;635.0;
11;2025-11-23;9;863.204;1.0;1.0;1.0;863.0;
11;2025-11-23;10;955.117;1.0;1.0;1.0;955.0;
11;2025-11-23;11;1401.389;1.0;1.0;1.0;1401.0;
11;2025-11-23;12;1470.381;1.0;1.0;1.0;1470.0;
11;2025-11-23;13;1420.413;1.0;1.0;1.0;1420.0;
11;2025-11-23;14;1519.89;1.0;1.0;1.0;1520.0;
11;2025-11-23;15;1491.468;1.0;1.0;1.0;1491.0;
11;2025-11-23;16;1405.515;1.0;1.0;1.0;1406.0;
11;2025-11-23;17;1563.44;1.0;1.0;1.0;1563.0;
11;2025-11-23;18;1150.175;1.0;1.0;1.0;1150.0;
11;2025-11-23;19;917.527;1.0;1.0;1.0;918.0;
11;2025-11-23;20;708.029;1.0;1.0;1.0;708.0;
11;2025-11-23;21;541.852;1.0;1.0;1.0;542.0;
11;2025-11-23;22;316.997;1.0;1.0;1.0;317.0;
11;2025-11-23;23;220.5;1.0;1.0;0.998;220.0;
11;2025-11-24;0;61.005;1.0;1.0;1.0;61.0;
11;2025-11-24;1;3.308;1.0;1.0;0.907;3.0;
11;2025-11-24;2;0.0;1.0;1.0;1.0;0.0;
11;2025-11-24;3;0.0;1.0;1.0;1.0;0.0;
11;2025-11-24;4;0.254;1.0;1.0;0.0;0.0;
11;2025-11-24;5;245.164;1.0;1.0;0.999;245.0;
11;2025-11-24;6;1317.361;1.0;1.0;1.0;1317.0;
11;2025-11-24;7;2478.234;1.0;1.0;1.0;2478.0;
11;2025-11-24;8;3227.722;1.0;1.0;1.0;3228.0;
11;2025-11-24;9;2432.369;1.0;1.0;1.0;2432.0;
11;2025-11-24;10;2022.574;1.0;1.0;1.0;2023.0;
11;2025-11-24;11;1897.448;1.0;1.0;1.0;1897.0;
11;2025-11-24;12;1948.211;1.0;1.0;1.0;1948.0;
11;2025-11-24;13;2069.139;1.0;1.0;1.0;2069.0;
11;2025-11-24;14;2043.63;1.0;1.0;1.0;2044.0;
11;2025-11-24;15;1943.44;1.0;1.0;1.0;1943.0;
11;2025-11-24;16;2181.543;1.0;1.0;1.0;2182.0;
11;2025-11-24;17;2752.024;1.0;1.0;1.0;2752.0;
11;2025-11-24;18;3081.222;1.0;1.0;1.0;3081.0;
11;2025-11-24;19;2206.225;1.0;1.0;1.0;2206.0;
11;2025-11-24;20;1375.185;1.0;1.0;1.0;1375.0;
11;2025-11-24;21;797.261;1.0;1.0;1.0;797.0;
11;2025-11-24;22;367.619;1.0;1.0;1.001;368.0;
11;2025-11-24;23;235.559;1.0;1.0;1.002;236.0;
11;2025-11-25;0;61.005;1.0;1.0;1.0;61.0;
11;2025-11-25;1;3.308;1.0;1.0;0.907;3.0;
11;2025-11-25;2;0.0;1.0;1.0;1.0;0.0;
11;2025-11-25;3;0.0;1.0;1.0;1.0;0.0;
11;2025-11-25;4;0.254;1.0;1.0;0.0;0.0;
11;2025-11-25;5;245.164;1.0;1.0;0.999;245.0;
11;2025-11-25;6;1317.361;1.0;1.0;1.0;1317.0;
11;2025-11-25;7;2478.234;1.0;1.0;1.0;2478.0;
11;2025-11-25;8;3227.722;1.0;1.0;1.0;3228.0;
11;2025-11-25;9;2432.369;1.0;1.0;1.0;2432.0;
11;2025-11-25;10;2022.574;1.0;1.0;1.0;2023.0;
11;2025-11-25;11;1897.448;1.0;1.0;1.0;1897.0;
11;2025-11-25;12;1948.211;1.0;1.0;1.0;1948.0;
11;2025-11-25;13;2069.139;1.0;1.0;1.0;2069.0;
11;2025-11-25;14;2043.63;1.0;1.0;1.0;2044.0;
11;2025-11-25;15;1943.44;1.0;1.0;1.0;1943.0;
11;2025-11-25;16;2181.543;1.0;1.0;1.0;2182.0;
11;2025-11-25;17;2752.024;1.0;1.0;1.0;2752.0;
11;2025-11-25;18;3081.222;1.0;1.0;1.0;3081.0;
11;2025-11-25;19;2206.225;1.0;1.0;1.0;2206.0;
11;2025-11-25;20;1375.185;1.0;1.0;1.0;1375.0;
11;2025-11-25;21;797.261;1.0;1.0;1.0;797.0;
11;2025-11-25;22;367.619;1.0;1.0;1.001;368.0;
11;2025-11-25;23;235.559;1.0;1.0;1.002;236.0;
11;2025-11-26;0;61.005;1.0;1.0;1.0;61.0;
11;2025-11-26;1;3.308;1.0;1.0;0.907;3.0;
11;2025-11-26;2;0.0;1.0;1.0;1.0;0.0;
11;2025-11-26;3;0.0;1.0;1.0;1.0;0.0;
11;2025-11-26;4;0.254;1.0;1.0;0.0;0.0;
11;2025-11-26;5;245.164;1.0;1.0;0.999;245.0;
11;2025-11-26;6;1317.361;1.0;1.0;1.0;1317.0;
11;2025-11-26;7;2478.234;1.0;1.0;1.0;2478.0;
11;2025-11-26;8;3227.722;1.0;1.0;1.0;3228.0;
11;2025-11-26;9;2432.369;1.0;1.0;1.0;2432.0;
11;2025-11-26;10;2022.574;1.0;1.0;1.0;2023.0;
11;2025-11-26;11;1897.448;1.0;1.0;1.0;1897.0;
11;2025-11-26;12;1948.211;1.0;1.0;1.0;1948.0;
11;2025-11-26;13;2069.139;1.0;1.0;1.0;2069.0;
11;2025-11-26;14;2043.63;1.0;1.0;1.0;2044.0;
11;2025-11-26;15;1943.44;1.0;1.0;1.0;1943.0;
11;2025-11-26;16;2181.543;1.0;1.0;1.0;2182.0;
11;2025-11-26;17;2752.024;1.0;1.0;1.0;2752.0;
11;2025-11-26;18;3081.222;1.0;1.0;1.0;3081.0;
11;2025-11-26;19;2206.225;1.0;1.0;1.0;2206.0;
11;2025-11-26;20;1375.185;1.0;1.0;1.0;1375.0;
11;2025-11-26;21;797.261;1.0;1.0;1.0;797.0;
11;2025-11-26;22;367.619;1.0;1.0;1.001;368.0;
11;2025-11-26;23;235.559;1.0;1.0;1.002;236.0;
11;2025-11-27;0;61.005;1.0;1.0;1.0;61.0;
11;2025-11-27;1;3.308;1.0;1.0;0.907;3.0;
11;2025-11-27;2;0.0;1.0;1.0;1.0;0.0;
11;2025-11-27;3;0.0;1.0;1.0;1.0;0.0;
11;2025-11-27;4;0.254;1.0;1.0;0.0;0.0;
11;2025-11-27;5;245.164;1.0;1.0;0.999;245.0;
11;2025-11-27;6;1317.361;1.0;1.0;1.0;1317.0;
11;2025-11-27;7;2478.234;1.0;1.0;1.0;2478.0;
11;2025-11-27;8;3227.722;1.0;1.0;1.0;3228.0;
11;2025-11-27;9;2432.369;1.0;1.0;1.0;2432.0;
11;2025-11-27;10;2022.574;1.0;1.0;1.0;2023.0;
11;2025-11-27;11;1897.448;1.0;1.0;1.0;1897.0;
11;2025-11-27;12;1948.211;1.0;1.0;1.0;1948.0;
11;2025-11-27;13;2069.139;1.0;1.0;1.0;2069.0;
11;2025-11-27;14;2043.63;1.0;1.0;1.0;2044.0;
11;2025-11-27;15;1943.44;1.0;1.0;1.0;1943.0;
11;2025-11-27;16;2181.543;1.0;1.0;1.0;2182.0;
11;2025-11-27;17;2752.024;1.0;1.0;1.0;2752.0;
11;2025-11-27;18;3081.222;1.0;1.0;1.0;3081.0;
11;2025-11-27;19;2206.225;1.0;1.0;1.0;2206.0;
11;2025-11-27;20;1375.185;1.0;1.0;1.0;1375.0;
11;2025-11-27;21;797.261;1.0;1.0;1.0;797.0;
11;2025-11-27;22;367.619;1.0;1.0;1.001;368.0;
11;2025-11-27;23;235.559;1.0;1.0;1.002;236.0;
11;2025-11-28;0;66.475;1.0;1.0;0.993;66.0;
11;2025-11-28;1;2.417;1.0;1.0;0.827;2.0;
11;2025-11-28;2;0.0;1.0;1.0;1.0;0.0;
11;2025-11-28;3;0.0;1.0;1.0;1.0;0.0;
11;2025-11-28;4;0.0;1.0;1.0;1.0;0.0;
11;2025-11-28;5;246.322;1.0;1.0;0.999;246.0;
11;2025-11-28;6;1250.705;1.0;1.0;1.0;1251.0;
11;2025-11-28;7;2334.617;1.0;1.0;1.0;2335.0;
11;2025-11-28;8;3166.406;1.0;1.0;1.0;3166.0;
11;2025-11-28;9;2140.267;1.0;1.0;1.0;2140.0;
11;2025-11-28;10;1776.224;1.0;1.0;1.0;1776.0;
11;2025-11-28;11;1679.049;1.0;1.0;1.0;1679.0;
11;2025-11-28;12;1824.811;1.0;1.0;1.0;1825.0;
11;2025-11-28;13;1792.661;1.0;1.0;1.0;1793.0;
11;2025-11-28;14;1994.746;1.0;1.0;1.0;1995.0;
11;2025-11-28;15;1980.001;1.0;1.0;1.0;1980.0;
11;2025-11-28;16;2197.315;1.0;1.0;1.0;2197.0;
11;2025-11-28;17;2783.749;1.0;1.0;1.0;2784.0;
11;2025-11-28;18;2325.915;1.0;1.0;1.0;2326.0;
11;2025-11-28;19;1742.14;1.0;1.0;1.0;1742.0;
11;2025-11-28;20;1266.659;1.0;1.0;1.0;1267.0;
11;2025-11-28;21;789.97;1.0;1.0;1.0;790.0;
11;2025-11-28;22;356.792;1.0;1.0;1.001;357.0;
11;2025-11-28;23;321.258;1.0;1.0;0.999;321.0;
11;2025-11-29;0;104.58;1.0;1.0;1.004;105.0;
11;2025-11-29;1;1.219;1.0;1.0;0.82;1.0;
11;2025-11-29;2;0.0;1.0;1.0;1.0;0.0;
11;2025-11-29;3;0.0;1.0;1.0;1.0;0.0;
11;2025-11-29;4;0.0;1.0;1.0;1.0;0.0;
11;2025-11-29;5;163.573;1.0;1.0;1.003;164.0;
11;2025-11-29;6;816.16;1.0;1.0;1.0;816.0;
11;2025-11-29;7;741.321;1.0;1.0;1.0;741.0;
11;2025-11-29;8;1017.518;1.0;1.0;1.0;1018.0;
11;2025-11-29;9;1139.406;1.0;1.0;1.0;1139.0;
11;2025-11-29;10;1360.266;1.0;1.0;1.0;1360.0;
11;2025-11-29;11;1675.955;1.0;1.0;1.0;1676.0;
11;2025-11-29;12;1910.711;1.0;1.0;1.0;1911.0;
11;2025-11-29;13;1777.366;1.0;1.0;1.0;1777.0;
11;2025-11-29;14;2014.315;1.0;1.0;1.0;2014.0;
11;2025-11-29;15;1864.637;1.0;1.0;1.0;1865.0;
11;2025-11-29;16;1747.869;1.0;1.0;1.0;1748.0;
11;2025-11-29;17;1850.742;1.0;1.0;1.0;1851.0;
11;2025-11-29;18;1468.99;1.0;1.0;1.0;1469.0;
11;2025-11-29;19;1429.986;1.0;1.0;1.0;1430.0;
11;2025-11-29;20;956.087;1.0;1.0;1.0;956.0;
11;2025-11-29;21;693.297;1.0;1.0;1.0;693.0;
11;2025-11-29;22;404.911;1.0;1.0;1.0;405.0;
11;2025-11-29;23;270.591;1.0;1.0;1.002;271.0;
11;2025-11-30;0;104.061;1.0;1.0;0.999;104.0;
11;2025-11-30;1;14.211;1.0;1.0;0.985;14.0;
11;2025-11-30;2;0.0;1.0;1.0;1.0;0.0;
11;2025-11-30;3;0.0;1.0;1.0;1.0;0.0;
11;2025-11-30;4;0.0;1.0;1.0;1.0;0.0;
11;2025-11-30;5;98.789;1.0;1.0;1.002;99.0;
11;2025-11-30;6;456.357;1.0;1.0;0.999;456.0;
11;2025-11-30;7;452.002;1.0;1.0;1.0;452.0;
11;2025-11-30;8;634.682;1.0;1.0;1.0;635.0;
11;2025-11-30;9;863.204;1.0;1.0;1.0;863.0;
11;2025-11-30;10;955.117;1.0;1.0;1.0;955.0;
11;2025-11-30;11;1401.389;1.0;1.0;1.0;1401.0;
11;2025-11-30;12;1470.381;1.0;1.0;1.0;1470.0;
11;2025-11-30;13;1420.413;1.0;1.0;1.0;1420.0;
11;2025-11-30;14;1519.89;1.0;1.0;1.0;1520.0;
11;2025-11-30;15;1491.468;1.0;1.0;1.0;1491.0;
11;2025-11-30;16;1405.515;1.0;1.0;1.0;1406.0;
11;2025-11-30;17;1563.44;1.0;1.0;1.0;1563.0;
11;2025-11-30;18;1150.175;1.0;1.0;1.0;1150.0;
11;2025-11-30;19;917.527;1.0;1.0;1.0;918.0;
11;2025-11-30;20;708.029;1.0;1.0;1.0;708.0;
11;2025-11-30;21;541.852;1.0;1.0;1.0;542.0;
11;2025-11-30;22;316.997;1.0;1.0;1.0;317.0;
11;2025-11-30;23;220.5;1.0;1.0;0.998;220.0;
11;2025-12-01;0;61.005;1.0;1.0;1.0;61.0;
11;2025-12-01;1;3.308;1.0;1.0;0.907;3.0;
11;2025-12-01;2;0.0;1.0;1.0;1.0;0.0;
11;2025-12-01;3;0.0;1.0;1.0;1.0;0.0;
11;2025-12-01;4;0.254;1.0;1.0;0.0;0.0;
11;2025-12-01;5;245.164;1.0;1.0;0.999;245.0;
11;2025-12-01;6;1317.361;1.0;1.0;1.0;1317.0;
11;2025-12-01;7;2478.234;1.0;1.0;1.0;2478.0;
11;2025-12-01;8;3227.722;1.0;1.0;1.0;3228.0;
11;2025-12-01;9;2432.369;1.0;1.0;1.0;2432.0;
11;2025-12-01;10;2022.574;1.0;1.0;1.0;2023.0;
11;2025-12-01;11;1897.448;1.0;1.0;1.0;1897.0;
11;2025-12-01;12;1948.211;1.0;1.0;1.0;1948.0;
11;2025-12-01;13;2069.139;1.0;1.0;1.0;2069.0;
11;2025-12-01;14;2043.63;1.0;1.0;1.0;2044.0;
11;2025-12-01;15;1943.44;1.0;1.0;1.0;1943.0;
11;2025-12-01;16;2181.543;1.0;1.0;1.0;2182.0;
11;2025-12-01;17;2752.024;1.0;1.0;1.0;2752.0;
11;2025-12-01;18;3081.222;1.0;1.0;1.0;3081.0;
11;2025-12-01;19;2206.225;1.0;1.0;1.0;2206.0;
11;2025-12-01;20;1375.185;1.0;1.0;1.0;1375.0;
11;2025-12-01;21;797.261;1.0;1.0;1.0;797.0;
11;2025-12-01;22;367.619;1.0;1.0;1.001;368.0;
11;2025-12-01;23;235.559;1.0;1.0;1.002;236.0;
11;2025-12-02;0;61.005;1.0;1.0;1.0;61.0;
11;2025-12-02;1;3.308;1.0;1.0;0.907;3.0;
11;2025-12-02;2;0.0;1.0;1.0;1.0;0.0;
11;2025-12-02;3;0.0;1.0;1.0;1.0;0.0;
11;2025-12-02;4;0.254;1.0;1.0;0.0;0.0;
11;2025-12-02;5;245.164;1.0;1.0;0.999;245.0;
11;2025-12-02;6;1317.361;1.0;1.0;1.0;1317.0;
11;2025-12-02;7;2478.234;1.0;1.0;1.0;2478.0;
11;2025-12-02;8;3227.722;1.0;1.0;1.0;3228.0;
11;2025-12-02;9;2432.369;1.0;1.0;1.0;2432.0;
11;2025-12-02;10;2022.574;1.0;1.0;1.0;2023.0;
11;2025-12-02;11;1897.448;1.0;1.0;1.0;1897.0;
11;2025-12-02;12;1948.211;1.0;1.0;1.0;1948.0;
11;2025-12-02;13;2069.139;1.0;1.0;1.0;2069.0;
11;2025-12-02;14;2043.63;1.0;1.0;1.0;2044.0;
11;2025-12-02;15;1943.44;1.0;1.0;1.0;1943.0;
11;2025-12-02;16;2181.543;1.0;1.0;1.0;2182.0;
11;2025-12-02;17;2752.024;1.0;1.0;1.0;2752.0;
11;2025-12-02;18;3081.222;1.0;1.0;1.0;3081.0;
11;2025-12-02;19;2206.225;1.0;1.0;1.0;2206.0;
11;2025-12-02;20;1375.185;1.0;1.0;1.0;1375.0;
11;2025-12-02;21;797.261;1.0;1.0;1.0;797.0;
11;2025-12-02;22;367.619;1.0;1.0;1.001;368.0;
11;2025-12-02;23;235.559;1.0;1.0;1.002;236.0;
11;2025-12-03;0;61.005;1.0;1.0;1.0;61.0;
11;2025-12-03;1;3.308;1.0;1.0;0.907;3.0;
11;2025-12-03;2;0.0;1.0;1.0;1.0;0.0;
11;2025-12-03;3;0.0;1.0;1.0;1.0;0.0;
11;2025-12-03;4;0.254;1.0;1.0;0.0;0.0;
11;2025-12-03;5;245.164;1.0;1.0;0.999;245.0;
11;2025-12-03;6;1317.361;1.0;1.0;1.0;1317.0;
11;2025-12-03;7;2478.234;1.0;1.0;1.0;2478.0;
11;2025-12-03;8;3227.722;1.0;1.0;1.0;3228.0;
11;2025-12-03;9;2432.369;1.0;1.0;1.0;2432.0;
11;2025-12-03;10;2022.574;1.0;1.0;1.0;2023.0;
11;2025-12-03;11;1897.448;1.0;1.0;1.0;1897.0;
11;2025-12-03;12;1948.211;1.0;1.0;1.0;1948.0;
11;2025-12-03;13;2069.139;1.0;1.0;1.0;2069.0;
11;2025-12-03;14;2043.63;1.0;1.0;1.0;2044.0;
11;2025-12-03;15;1943.44;1.0;1.0;1.0;1943.0;
11;2025-12-03;16;2181.543;1.0;1.0;1.0;2182.0;
11;2025-12-03;17;2752.024;1.0;1.0;1.0;2752.0;
11;2025-12-03;18;3081.222;1.0;1.0;1.0;3081.0;
11;2025-12-03;19;2206.225;1.0;1.0;1.0;2206.0;
11;2025-12-03;20;1375.185;1.0;1.0;1.0;1375.0;
11;2025-12-03;21;797.261;1.0;1.0;1.0;797.0;
11;2025-12-03;22;367.619;1.0;1.0;1.001;368.0;
11;2025-12-03;23;235.559;1.0;1.0;1.002;236.0;
11;2025-12-04;0;61.005;1.0;1.0;1.0;61.0;
11;2025-12-04;1;3.308;1.0;1.0;0.907;3.0;
11;2025-12-04;2;0.0;1.0;1.0;1.0;0.0;
11;2025-12-04;3;0.0;1.0;1.0;1.0;0.0;
11;2025-12-04;4;0.254;1.0;1.0;0.0;0.0;
11;2025-12-04;5;245.164;1.0;1.0;0.999;245.0;
11;2025-12-04;6;1317.361;1.0;1.0;1.0;1317.0;
11;2025-12-04;7;2478.234;1.0;1.0;1.0;2478.0;
11;2025-12-04;8;3227.722;1.0;1.0;1.0;3228.0;
11;2025-12-04;9;2432.369;1.0;1.0;1.0;2432.0;
11;2025-12-04;10;2022.574;1.0;1.0;1.0;2023.0;
11;2025-12-04;11;1897.448;1.0;1.0;1.0;1897.0;
11;2025-12-04;12;1948.211;1.0;1.0;1.0;1948.0;
11;2025-12-04;13;2069.139;1.0;1.0;1.0;2069.0;
11;2025-12-04;14;2043.63;1.0;1.0;1.0;2044.0;
11;2025-12-04;15;1943.44;1.0;1.0;1.0;1943.0;
11;2025-12-04;16;2181.543;1.0;1.0;1.0;2182.0;
11;2025-12-04;17;2752.024;1.0;1.0;1.0;2752.0;
11;2025-12-04;18;3081.222;1.0;1.0;1.0;3081.0;
11;2025-12-04;19;2206.225;1.0;1.0;1.0;2206.0;
11;2025-12-04;20;1375.185;1.0;1.0;1.0;1375.0;
11;2025-12-04;21;797.261;1.0;1.0;1.0;797.0;
11;2025-12-04;22;367.619;1.0;1.0;1.001;368.0;
11;2025-12-04;23;235.559;1.0;1.0;1.002;236.0;
11;2025-12-05;0;66.475;1.0;1.0;0.993;66.0;
11;2025-12-05;1;2.417;1.0;1.0;0.827;2.0;
11;2025-12-05;2;0.0;1.0;1.0;1.0;0.0;
11;2025-12-05;3;0.0;1.0;1.0;1.0;0.0;
11;2025-12-05;4;0.0;1.0;1.0;1.0;0.0;
11;2025-12-05;5;246.322;1.0;1.0;0.999;246.0;
11;2025-12-05;6;1250.705;1.0;1.0;1.0;1251.0;
11;2025-12-05;7;2334.617;1.0;1.0;1.0;2335.0;
11;2025-12-05;8;3166.406;1.0;1.0;1.0;3166.0;
11;2025-12-05;9;2140.267;1.0;1.0;1.0;2140.0;
11;2025-12-05;10;1776.224;1.0;1.0;1.0;1776.0;
11;2025-12-05;11;1679.049;1.0;1.0;1.0;1679.0;
11;2025-12-05;12;1824.811;1.0;1.0;1.0;1825.0;
11;2025-12-05;13;1792.661;1.0;1.0;1.0;1793.0;
11;2025-12-05;14;1994.746;1.0;1.0;1.0;1995.0;
11;2025-12-05;15;1980.001;1.0;1.0;1.0;1980.0;
11;2025-12-05;16;2197.315;1.0;1.0;1.0;2197.0;
11;2025-12-05;17;2783.749;1.0;1.0;1.0;2784.0;
11;2025-12-05;18;2325.915;1.0;1.0;1.0;2326.0;
11;2025-12-05;19;1742.14;1.0;1.0;1.0;1742.0;
11;2025-12-05;20;1266.659;1.0;1.0;1.0;1267.0;
11;2025-12-05;21;789.97;1.0;1.0;1.0;790.0;
11;2025-12-05;22;356.792;1.0;1.0;1.001;357.0;
11;2025-12-05;23;321.258;1.0;1.0;0.999;321.0;
11;2025-12-06;0;104.58;1.0;1.0;1.004;105.0;
11;2025-12-06;1;1.219;1.0;1.0;0.82;1.0;
11;2025-12-06;2;0.0;1.0;1.0;1.0;0.0;
11;2025-12-06;3;0.0;1.0;1.0;1.0;0.0;
11;2025-12-06;4;0.0;1.0;1.0;1.0;0.0;
11;2025-12-06;5;163.573;1.0;1.0;1.003;164.0;
11;2025-12-06;6;816.16;1.0;1.0;1.0;816.0;
11;2025-12-06;7;741.321;1.0;1.0;1.0;741.0;
11;2025-12-06;8;1017.518;1.0;1.0;1.0;1018.0;
11;2025-12-06;9;1139.406;1.0;1.0;1.0;1139.0;
11;2025-12-06;10;1360.266;1.0;1.0;1.0;1360.0;
11;2025-12-06;11;1675.955;1.0;1.0;1.0;1676.0;
11;2025-12-06;12;1910.711;1.0;1.0;1.0;1911.0;
11;2025-12-06;13;1777.366;1.0;1.0;1.0;1777.0;
11;2025-12-06;14;2014.315;1.0;1.0;1.0;2014.0;
11;2025-12-06;15;1864.637;1.0;1.0;1.0;1865.0;
11;2025-12-06;16;1747.869;1.0;1.0;1.0;1748.0;
11;2025-12-06;17;1850.742;1.0;1.0;1.0;1851.0;
11;2025-12-06;18;1468.99;1.0;1.0;1.0;1469.0;
11;2025-12-06;19;1429.986;1.0;1.0;1.0;1430.0;
11;2025-12-06;20;956.087;1.0;1.0;1.0;956.0;
11;2025-12-06;21;693.297;1.0;1.0;1.0;693.0;
11;2025-12-06;22;404.911;1.0;1.0;1.0;405.0;
11;2025-12-06;23;270.591;1.0;1.0;1.002;271.0;
11;2025-12-07;0;104.061;1.0;1.0;0.999;104.0;
11;2025-12-07;1;14.211;1.0;1.0;0.985;14.0;
11;2025-12-07;2;0.0;1.0;1.0;1.0;0.0;
11;2025-12-07;3;0.0;1.0;1.0;1.0;0.0;
11;2025-12-07;4;0.0;1.0;1.0;1.0;0.0;
11;2025-12-07;5;98.789;1.0;1.0;1.002;99.0;
11;2025-12-07;6;456.357;1.0;1.0;0.999;456.0;
11;2025-12-07;7;452.002;1.0;1.0;1.0;452.0;
11;2025-12-07;8;634.682;1.0;1.0;1.0;635.0;
11;2025-12-07;9;863.204;1.0;1.0;1.0;863.0;
11;2025-12-07;10;955.117;1.0;1.0;1.0;955.0;
11;2025-12-07;11;1401.389;1.0;1.0;1.0;1401.0;
11;2025-12-07;12;1470.381;1.0;1.0;1.0;1470.0;
11;2025-12-07;13;1420.413;1.0;1.0;1.0;1420.0;
11;2025-12-07;14;1519.89;1.0;1.0;1.0;1520.0;
11;2025-12-07;15;1491.468;1.0;1.0;1.0;1491.0;
11;2025-12-07;16;1405.515;1.0;1.0;1.0;1406.0;
11;2025-12-07;17;1563.44;1.0;1.0;1.0;1563.0;
11;2025-12-07;18;1150.175;1.0;1.0;1.0;1150.0;
11;2025-12-07;19;917.527;1.0;1.0;1.0;918.0;
11;2025-12-07;20;708.029;1.0;1.0;1.0;708.0;
11;2025-12-07;21;541.852;1.0;1.0;1.0;542.0;
11;2025-12-07;22;316.997;1.0;1.0;1.0;317.0;
11;2025-12-07;23;220.5;1.0;1.0;0.998;220.0;
11;2025-12-08;0;61.005;1.0;1.0;1.0;61.0;
11;2025-12-08;1;3.308;1.0;1.0;0.907;3.0;
11;2025-12-08;2;0.0;1.0;1.0;1.0;0.0;
11;2025-12-08;3;0.0;1.0;1.0;1.0;0.0;
11;2025-12-08;4;0.254;1.0;1.0;0.0;0.0;
11;2025-12-08;5;245.164;1.0;1.0;0.999;245.0;
11;2025-12-08;6;1317.361;1.0;1.0;1.0;1317.0;
11;2025-12-08;7;2478.234;1.0;1.0;1.0;2478.0;
11;2025-12-08;8;3227.722;1.0;1.0;1.0;3228.0;
11;2025-12-08;9;2432.369;1.0;1.0;1.0;2432.0;
11;2025-12-08;10;2022.574;1.0;1.0;1.0;2023.0;
11;2025-12-08;11;1897.448;1.0;1.0;1.0;1897.0;
11;2025-12-08;12;1948.211;1.0;1.0;1.0;1948.0;
11;2025-12-08;13;2069.139;1.0;1.0;1.0;2069.0;
11;2025-12-08;14;2043.63;1.0;1.0;1.0;2044.0;
11;2025-12-08;15;1943.44;1.0;1.0;1.0;1943.0;
11;2025-12-08;16;2181.543;1.0;1.0;1.0;2182.0;
11;2025-12-08;17;2752.024;1.0;1.0;1.0;2752.0;
11;2025-12-08;18;3081.222;1.0;1.0;1.0;3081.0;
11;2025-12-08;19;2206.225;1.0;1.0;1.0;2206.0;
11;2025-12-08;20;1375.185;1.0;1.0;1.0;1375.0;
11;2025-12-08;21;797.261;1.0;1.0;1.0;797.0;
11;2025-12-08;22;367.619;1.0;1.0;1.001;368.0;
11;2025-12-08;23;235.559;1.0;1.0;1.002;236.0;
11;2025-12-09;0;61.005;1.0;1.0;1.0;61.0;
11;2025-12-09;1;3.308;1.0;1.0;0.907;3.0;
11;2025-12-09;2;0.0;1.0;1.0;1.0;0.0;
11;2025-12-09;3;0.0;1.0;1.0;1.0;0.0;
11;2025-12-09;4;0.254;1.0;1.0;0.0;0.0;
11;2025-12-09;5;245.164;1.0;1.0;0.999;245.0;
11;2025-12-09;6;1317.361;1.0;1.0;1.0;1317.0;
11;2025-12-09;7;2478.234;1.0;1.0;1.0;2478.0;
11;2025-12-09;8;3227.722;1.0;1.0;1.0;3228.0;
11;2025-12-09;9;2432.369;1.0;1.0;1.0;2432.0;
11;2025-12-09;10;2022.574;1.0;1.0;1.0;2023.0;
11;2025-12-09;11;1897.448;1.0;1.0;1.0;1897.0;
11;2025-12-09;12;1948.211;1.0;1.0;1.0;1948.0;
11;2025-12-09;13;2069.139;1.0;1.0;1.0;2069.0;
11;2025-12-09;14;2043.63;1.0;1.0;1.0;2044.0;
11;2025-12-09;15;1943.44;1.0;1.0;1.0;1943.0;
11;2025-12-09;16;2181.543;1.0;1.0;1.0;2182.0;
11;2025-12-09;17;2752.024;1.0;1.0;1.0;2752.0;
11;2025-12-09;18;3081.222;1.0;1.0;1.0;3081.0;
11;2025-12-09;19;2206.225;1.0;1.0;1.0;2206.0;
11;2025-12-09;20;1375.185;1.0;1.0;1.0;1375.0;
11;2025-12-09;21;797.261;1.0;1.0;1.0;797.0;
11;2025-12-09;22;367.619;1.0;1.0;1.001;368.0;
11;2025-12-09;23;235.559;1.0;1.0;1.002;236.0;
11;2025-12-10;0;61.005;1.0;1.0;1.0;61.0;
11;2025-12-10;1;3.308;1.0;1.0;0.907;3.0;
11;2025-12-10;2;0.0;1.0;1.0;1.0;0.0;
11;2025-12-10;3;0.0;1.0;1.0;1.0;0.0;
11;2025-12-10;4;0.254;1.0;1.0;0.0;0.0;
11;2025-12-10;5;245.164;1.0;1.0;0.999;245.0;
11;2025-12-10;6;1317.361;1.0;1.0;1.0;1317.0;
11;2025-12-10;7;2478.234;1.0;1.0;1.0;2478.0;
11;2025-12-10;8;3227.722;1.0;1.0;1.0;3228.0;
11;2025-12-10;9;2432.369;1.0;1.0;1.0;2432.0;
11;2025-12-10;10;2022.574;1.0;1.0;1.0;2023.0;
11;2025-12-10;11;1897.448;1.0;1.0;1.0;1897.0;
11;2025-12-10;12;1948.211;1.0;1.0;1.0;1948.0;
11;2025-12-10;13;2069.139;1.0;1.0;1.0;2069.0;
11;2025-12-10;14;2043.63;1.0;1.0;1.0;2044.0;
11;2025-12-10;15;1943.44;1.0;1.0;1.0;1943.0;
11;2025-12-10;16;2181.543;1.0;1.0;1.0;2182.0;
11;2025-12-10;17;2752.024;1.0;1.0;1.0;2752.0;
11;2025-12-10;18;3081.222;1.0;1.0;1.0;3081.0;
11;2025-12-10;19;2206.225;1.0;1.0;1.0;2206.0;
11;2025-12-10;20;1375.185;1.0;1.0;1.0;1375.0;
11;2025-12-10;21;797.261;1.0;1.0;1.0;797.0;
11;2025-12-10;22;367.619;1.0;1.0;1.001;368.0;
11;2025-12-10;23;235.559;1.0;1.0;1.002;236.0;
11;2025-12-11;0;61.005;1.0;1.0;1.0;61.0;
11;2025-12-11;1;3.308;1.0;1.0;0.907;3.0;
11;2025-12-11;2;0.0;1.0;1.0;1.0;0.0;
11;2025-12-11;3;0.0;1.0;1.0;1.0;0.0;
11;2025-12-11;4;0.254;1.0;1.0;0.0;0.0;
11;2025-12-11;5;245.164;1.0;1.0;0.999;245.0;
11;2025-12-11;6;1317.361;1.0;1.0;1.0;1317.0;
11;2025-12-11;7;2478.234;1.0;1.0;1.0;2478.0;
11;2025-12-11;8;3227.722;1.0;1.0;1.0;3228.0;
11;2025-12-11;9;2432.369;1.0;1.0;1.0;2432.0;
11;2025-12-11;10;2022.574;1.0;1.0;1.0;2023.0;
11;2025-12-11;11;1897.448;1.0;1.0;1.0;1897.0;
11;2025-12-11;12;1948.211;1.0;1.0;1.0;1948.0;
11;2025-12-11;13;2069.139;1.0;1.0;1.0;2069.0;
11;2025-12-11;14;2043.63;1.0;1.0;1.0;2044.0;
11;2025-12-11;15;1943.44;1.0;1.0;1.0;1943.0;
11;2025-12-11;16;2181.543;1.0;1.0;1.0;2182.0;
11;2025-12-11;17;2752.024;1.0;1.0;1.0;2752.0;
11;2025-12-11;18;3081.222;1.0;1.0;1.0;3081.0;
11;2025-12-11;19;2206.225;1.0;1.0;1.0;2206.0;
11;2025-12-11;20;1375.185;1.0;1.0;1.0;1375.0;
11;2025-12-11;21;797.261;1.0;1.0;1.0;797.0;
11;2025-12-11;22;367.619;1.0;1.0;1.001;368.0;
11;2025-12-11;23;235.559;1.0;1.0;1.002;236.0;
11;2025-12-12;0;66.475;1.0;1.0;0.993;66.0;
11;2025-12-12;1;2.417;1.0;1.0;0.827;2.0;
11;2025-12-12;2;0.0;1.0;1.0;1.0;0.0;
11;2025-12-12;3;0.0;1.0;1.0;1.0;0.0;
11;2025-12-12;4;0.0;1.0;1.0;1.0;0.0;
11;2025-12-12;5;246.322;1.0;1.0;0.999;246.0;
11;2025-12-12;6;1250.705;1.0;1.0;1.0;1251.0;
11;2025-12-12;7;2334.617;1.0;1.0;1.0;2335.0;
11;2025-12-12;8;3166.406;1.0;1.0;1.0;3166.0;
11;2025-12-12;9;2140.267;1.0;1.0;1.0;2140.0;
11;2025-12-12;10;1776.224;1.0;1.0;1.0;1776.0;
11;2025-12-12;11;1679.049;1.0;1.0;1.0;1679.0;
11;2025-12-12;12;1824.811;1.0;1.0;1.0;1825.0;
11;2025-12-12;13;1792.661;1.0;1.0;1.0;1793.0;
11;2025-12-12;14;1994.746;1.0;1.0;1.0;1995.0;
11;2025-12-12;15;1980.001;1.0;1.0;1.0;1980.0;
11;2025-12-12;16;2197.315;1.0;1.0;1.0;2197.0;
11;2025-12-12;17;2783.749;1.0;1.0;1.0;2784.0;
11;2025-12-12;18;2325.915;1.0;1.0;1.0;2326.0;
11;2025-12-12;19;1742.14;1.0;1.0;1.0;1742.0;
11;2025-12-12;20;1266.659;1.0;1.0;1.0;1267.0;
11;2025-12-12;21;789.97;1.0;1.0;1.0;790.0;
11;2025-12-12;22;356.792;1.0;1.0;1.001;357.0;
11;2025-12-12;23;321.258;1.0;1.0;0.999;321.0;
11;2025-12-13;0;104.58;1.0;1.0;1.004;105.0;
11;2025-12-13;1;1.219;1.0;1.0;0.82;1.0;
11;2025-12-13;2;0.0;1.0;1.0;1.0;0.0;
11;2025-12-13;3;0.0;1.0;1.0;1.0;0.0;
11;2025-12-13;4;0.0;1.0;1.0;1.0;0.0;
11;2025-12-13;5;163.573;1.0;1.0;1.003;164.0;
11;2025-12-13;6;816.16;1.0;1.0;1.0;816.0;
11;2025-12-13;7;741.321;1.0;1.0;1.0;741.0;
11;2025-12-13;8;1017.518;1.0;1.0;1.0;1018.0;
11;2025-12-13;9;1139.406;1.0;1.0;1.0;1139.0;
11;2025-12-13;10;1360.266;1.0;1.0;1.0;1360.0;
11;2025-12-13;11;1675.955;1.0;1.0;1.0;1676.0;
11;2025-12-13;12;1910.711;1.0;1.0;1.0;1911.0;
11;2025-12-13;13;1777.366;1.0;1.0;1.0;1777.0;
11;2025-12-13;14;2014.315;1.0;1.0;1.0;2014.0;
11;2025-12-13;15;1864.637;1.0;1.0;1.0;1865.0;
11;2025-12-13;16;1747.869;1.0;1.0;1.0;1748.0;
11;2025-12-13;17;1850.742;1.0;1.0;1.0;1851.0;
11;2025-12-13;18;1468.99;1.0;1.0;1.0;1469.0;
11;2025-12-13;19;1429.986;1.0;1.0;1.0;1430.0;
11;2025-12-13;20;956.087;1.0;1.0;1.0;956.0;
11;2025-12-13;21;693.297;1.0;1.0;1.0;693.0;
11;2025-12-13;22;404.911;1.0;1.0;1.0;405.0;
11;2025-12-13;23;270.591;1.0;1.0;1.002;271.0;
11;2025-12-14;0;104.061;1.0;1.0;0.999;104.0;
11;2025-12-14;1;14.211;1.0;1.0;0.985;14.0;
11;2025-12-14;2;0.0;1.0;1.0;1.0;0.0;
11;2025-12-14;3;0.0;1.0;1.0;1.0;0.0;
11;2025-12-14;4;0.0;1.0;1.0;1.0;0.0;
11;2025-12-14;5;98.789;1.0;1.0;1.002;99.0;
11;2025-12-14;6;456.357;1.0;1.0;0.999;456.0;
11;2025-12-14;7;452.002;1.0;1.0;1.0;452.0;
11;2025-12-14;8;634.682;1.0;1.0;1.0;635.0;
11;2025-12-14;9;863.204;1.0;1.0;1.0;863.0;
11;2025-12-14;10;955.117;1.0;1.0;1.0;955.0;
11;2025-12-14;11;1401.389;1.0;1.0;1.0;1401.0;
11;2025-12-14;12;1470.381;1.0;1.0;1.0;1470.0;
11;2025-12-14;13;1420.413;1.0;1.0;1.0;1420.0;
11;2025-12-14;14;1519.89;1.0;1.0;1.0;1520.0;
11;2025-12-14;15;1491.468;1.0;1.0;1.0;1491.0;
11;2025-12-14;16;1405.515;1.0;1.0;1.0;1406.0;
11;2025-12-14;17;1563.44;1.0;1.0;1.0;1563.0;
11;2025-12-14;18;1150.175;1.0;1.0;1.0;1150.0;
11;2025-12-14;19;917.527;1.0;1.0;1.0;918.0;
11;2025-12-14;20;708.029;1.0;1.0;1.0;708.0;
11;2025-12-14;21;541.852;1.0;1.0;1.0;542.0;
11;2025-12-14;22;316.997;1.0;1.0;1.0;317.0;
11;2025-12-14;23;220.5;1.0;1.0;0.998;220.0;
11;2025-12-15;0;61.005;1.0;1.0;1.0;61.0;
11;2025-12-15;1;3.308;1.0;1.0;0.907;3.0;
11;2025-12-15;2;0.0;1.0;1.0;1.0;0.0;
11;2025-12-15;3;0.0;1.0;1.0;1.0;0.0;
11;2025-12-15;4;0.254;1.0;1.0;0.0;0.0;
11;2025-12-15;5;245.164;1.0;1.0;0.999;245.0;
11;2025-12-15;6;1317.361;1.0;1.0;1.0;1317.0;
11;2025-12-15;7;2478.234;1.0;1.0;1.0;2478.0;
11;2025-12-15;8;3227.722;1.0;1.0;1.0;3228.0;
11;2025-12-15;9;2432.369;1.0;1.0;1.0;2432.0;
11;2025-12-15;10;2022.574;1.0;1.0;1.0;2023.0;
11;2025-12-15;11;1897.448;1.0;1.0;1.0;1897.0;
11;2025-12-15;12;1948.211;1.0;1.0;1.0;1948.0;
11;2025-12-15;13;2069.139;1.0;1.0;1.0;2069.0;
11;2025-12-15;14;2043.63;1.0;1.0;1.0;2044.0;
11;2025-12-15;15;1943.44;1.0;1.0;1.0;1943.0;
11;2025-12-15;16;2181.543;1.0;1.0;1.0;2182.0;
11;2025-12-15;17;2752.024;1.0;1.0;1.0;2752.0;
11;2025-12-15;18;3081.222;1.0;1.0;1.0;3081.0;
11;2025-12-15;19;2206.225;1.0;1.0;1.0;2206.0;
11;2025-12-15;20;1375.185;1.0;1.0;1.0;1375.0;
11;2025-12-15;21;797.261;1.0;1.0;1.0;797.0;
11;2025-12-15;22;367.619;1.0;1.0;1.001;368.0;
11;2025-12-15;23;235.559;1.0;1.0;1.002;236.0;
11;2025-12-16;0;61.005;1.0;1.0;1.0;61.0;
11;2025-12-16;1;3.308;1.0;1.0;0.907;3.0;
11;2025-12-16;2;0.0;1.0;1.0;1.0;0.0;
11;2025-12-16;3;0.0;1.0;1.0;1.0;0.0;
11;2025-12-16;4;0.254;1.0;1.0;0.0;0.0;
11;2025-12-16;5;245.164;1.0;1.0;0.999;245.0;
11;2025-12-16;6;1317.361;1.0;1.0;1.0;1317.0;
11;2025-12-16;7;2478.234;1.0;1.0;1.0;2478.0;
11;2025-12-16;8;3227.722;1.0;1.0;1.0;3228.0;
11;2025-12-16;9;2432.369;1.0;1.0;1.0;2432.0;
11;2025-12-16;10;2022.574;1.0;1.0;1.0;2023.0;
11;2025-12-16;11;1897.448;1.0;1.0;1.0;1897.0;
11;2025-12-16;12;1948.211;1.0;1.0;1.0;1948.0;
11;2025-12-16;13;2069.139;1.0;1.0;1.0;2069.0;
11;2025-12-16;14;2043.63;1.0;1.0;1.0;2044.0;
11;2025-12-16;15;1943.44;1.0;1.0;1.0;1943.0;
11;2025-12-16;16;2181.543;1.0;1.0;1.0;2182.0;
11;2025-12-16;17;2752.024;1.0;1.0;1.0;2752.0;
11;2025-12-16;18;3081.222;1.0;1.0;1.0;3081.0;
11;2025-12-16;19;2206.225;1.0;1.0;1.0;2206.0;
11;2025-12-16;20;1375.185;1.0;1.0;1.0;1375.0;
11;2025-12-16;21;797.261;1.0;1.0;1.0;797.0;
11;2025-12-16;22;367.619;1.0;1.0;1.001;368.0;
11;2025-12-16;23;235.559;1.0;1.0;1.002;236.0;
11;2025-12-17;0;61.005;1.0;1.0;1.0;61.0;
11;2025-12-17;1;3.308;1.0;1.0;0.907;3.0;
11;2025-12-17;2;0.0;1.0;1.0;1.0;0.0;
11;2025-12-17;3;0.0;1.0;1.0;1.0;0.0;
11;2025-12-17;4;0.254;1.0;1.0;0.0;0.0;
11;2025-12-17;5;245.164;1.0;1.0;0.999;245.0;
11;2025-12-17;6;1317.361;1.0;1.0;1.0;1317.0;
11;2025-12-17;7;2478.234;1.0;1.0;1.0;2478.0;
11;2025-12-17;8;3227.722;1.0;1.0;1.0;3228.0;
11;2025-12-17;9;2432.369;1.0;1.0;1.0;2432.0;
11;2025-12-17;10;2022.574;1.0;1.0;1.0;2023.0;
11;2025-12-17;11;1897.448;1.0;1.0;1.0;1897.0;
11;2025-12-17;12;1948.211;1.0;1.0;1.0;1948.0;
11;2025-12-17;13;2069.139;1.0;1.0;1.0;2069.0;
11;2025-12-17;14;2043.63;1.0;1.0;1.0;2044.0;
11;2025-12-17;15;1943.44;1.0;1.0;1.0;1943.0;
11;2025-12-17;16;2181.543;1.0;1.0;1.0;2182.0;
11;2025-12-17;17;2752.024;1.0;1.0;1.0;2752.0;
11;2025-12-17;18;3081.222;1.0;1.0;1.0;3081.0;
11;2025-12-17;19;2206.225;1.0;1.0;1.0;2206.0;
11;2025-12-17;20;1375.185;1.0;1.0;1.0;1375.0;
11;2025-12-17;21;797.261;1.0;1.0;1.0;797.0;
11;2025-12-17;22;367.619;1.0;1.0;1.001;368.0;
11;2025-12-17;23;235.559;1.0;1.0;1.002;236.0;
11;2025-12-18;0;61.005;1.0;1.0;1.0;61.0;
11;2025-12-18;1;3.308;1.0;1.0;0.907;3.0;
11;2025-12-18;2;0.0;1.0;1.0;1.0;0.0;
11;2025-12-18;3;0.0;1.0;1.0;1.0;0.0;
11;2025-12-18;4;0.254;1.0;1.0;0.0;0.0;
11;2025-12-18;5;245.164;1.0;1.0;0.999;245.0;
11;2025-12-18;6;1317.361;1.0;1.0;1.0;1317.0;
11;2025-12-18;7;2478.234;1.0;1.0;1.0;2478.0;
11;2025-12-18;8;3227.722;1.0;1.0;1.0;3228.0;
11;2025-12-18;9;2432.369;1.0;1.0;1.0;2432.0;
11;2025-12-18;10;2022.574;1.0;1.0;1.0;2023.0;
11;2025-12-18;11;1897.448;1.0;1.0;1.0;1897.0;
11;2025-12-18;12;1948.211;1.0;1.0;1.0;1948.0;
11;2025-12-18;13;2069.139;1.0;1.0;1.0;2069.0;
11;2025-12-18;14;2043.63;1.0;1.0;1.0;2044.0;
11;2025-12-18;15;1943.44;1.0;1.0;1.0;1943.0;
11;2025-12-18;16;2181.543;1.0;1.0;1.0;2182.0;
11;2025-12-18;17;2752.024;1.0;1.0;1.0;2752.0;
11;2025-12-18;18;3081.222;1.0;1.0;1.0;3081.0;
11;2025-12-18;19;2206.225;1.0;1.0;1.0;2206.0;
11;2025-12-18;20;1375.185;1.0;1.0;1.0;1375.0;
11;2025-12-18;21;797.261;1.0;1.0;1.0;797.0;
11;2025-12-18;22;367.619;1.0;1.0;1.001;368.0;
11;2025-12-18;23;235.559;1.0;1.0;1.002;236.0;
11;2025-12-19;0;66.475;1.0;1.0;0.993;66.0;
11;2025-12-19;1;2.417;1.0;1.0;0.827;2.0;
11;2025-12-19;2;0.0;1.0;1.0;1.0;0.0;
11;2025-12-19;3;0.0;1.0;1.0;1.0;0.0;
11;2025-12-19;4;0.0;1.0;1.0;1.0;0.0;
11;2025-12-19;5;246.322;1.0;1.0;0.999;246.0;
11;2025-12-19;6;1250.705;1.0;1.0;1.0;1251.0;
11;2025-12-19;7;2334.617;1.0;1.0;1.0;2335.0;
11;2025-12-19;8;3166.406;1.0;1.0;1.0;3166.0;
11;2025-12-19;9;2140.267;1.0;1.0;1.0;2140.0;
11;2025-12-19;10;1776.224;1.0;1.0;1.0;1776.0;
11;2025-12-19;11;1679.049;1.0;1.0;1.0;1679.0;
11;2025-12-19;12;1824.811;1.0;1.0;1.0;1825.0;
11;2025-12-19;13;1792.661;1.0;1.0;1.0;1793.0;
11;2025-12-19;14;1994.746;1.0;1.0;1.0;1995.0;
11;2025-12-19;15;1980.001;1.0;1.0;1.0;1980.0;
11;2025-12-19;16;2197.315;1.0;1.0;1.0;2197.0;
11;2025-12-19;17;2783.749;1.0;1.0;1.0;2784.0;
11;2025-12-19;18;2325.915;1.0;1.0;1.0;2326.0;
11;2025-12-19;19;1742.14;1.0;1.0;1.0;1742.0;
11;2025-12-19;20;1266.659;1.0;1.0;1.0;1267.0;
11;2025-12-19;21;789.97;1.0;1.0;1.0;790.0;
11;2025-12-19;22;356.792;1.0;1.0;1.001;357.0;
11;2025-12-19;23;321.258;1.0;1.0;0.999;321.0;
11;2025-12-20;0;104.58;1.0;1.0;1.004;105.0;
11;2025-12-20;1;1.219;1.0;1.0;0.82;1.0;
11;2025-12-20;2;0.0;1.0;1.0;1.0;0.0;
11;2025-12-20;3;0.0;1.0;1.0;1.0;0.0;
11;2025-12-20;4;0.0;1.0;1.0;1.0;0.0;
11;2025-12-20;5;163.573;1.0;1.0;1.003;164.0;
11;2025-12-20;6;816.16;1.0;1.0;1.0;816.0;
11;2025-12-20;7;741.321;1.0;1.0;1.0;741.0;
11;2025-12-20;8;1017.518;1.0;1.0;1.0;1018.0;
11;2025-12-20;9;1139.406;1.0;1.0;1.0;1139.0;
11;2025-12-20;10;1360.266;1.0;1.0;1.0;1360.0;
11;2025-12-20;11;1675.955;1.0;1.0;1.0;1676.0;
11;2025-12-20;12;1910.711;1.0;1.0;1.0;1911.0;
11;2025-12-20;13;1777.366;1.0;1.0;1.0;1777.0;
11;2025-12-20;14;2014.315;1.0;1.0;1.0;2014.0;
11;2025-12-20;15;1864.637;1.0;1.0;1.0;1865.0;
11;2025-12-20;16;1747.869;1.0;1.0;1.0;1748.0;
11;2025-12-20;17;1850.742;1.0;1.0;1.0;1851.0;
11;2025-12-20;18;1468.99;1.0;1.0;1.0;1469.0;
11;2025-12-20;19;1429.986;1.0;1.0;1.0;1430.0;
11;2025-12-20;20;956.087;1.0;1.0;1.0;956.0;
11;2025-12-20;21;693.297;1.0;1.0;1.0;693.0;
11;2025-12-20;22;404.911;1.0;1.0;1.0;405.0;
11;2025-12-20;23;270.591;1.0;1.0;1.002;271.0;
11;2025-12-21;0;104.061;1.0;1.0;0.999;104.0;
11;2025-12-21;1;14.211;1.0;1.0;0.985;14.0;
11;2025-12-21;2;0.0;1.0;1.0;1.0;0.0;
11;2025-12-21;3;0.0;1.0;1.0;1.0;0.0;
11;2025-12-21;4;0.0;1.0;1.0;1.0;0.0;
11;2025-12-21;5;98.789;1.0;1.0;1.002;99.0;
11;2025-12-21;6;456.357;1.0;1.0;0.999;456.0;
11;2025-12-21;7;452.002;1.0;1.0;1.0;452.0;
11;2025-12-21;8;634.682;1.0;1.0;1.0;635.0;
11;2025-12-21;9;863.204;1.0;1.0;1.0;863.0;
11;2025-12-21;10;955.117;1.0;1.0;1.0;955.0;
11;2025-12-21;11;1401.389;1.0;1.0;1.0;1401.0;
11;2025-12-21;12;1470.381;1.0;1.0;1.0;1470.0;
11;2025-12-21;13;1420.413;1.0;1.0;1.0;1420.0;
11;2025-12-21;14;1519.89;1.0;1.0;1.0;1520.0;
11;2025-12-21;15;1491.468;1.0;1.0;1.0;1491.0;
11;2025-12-21;16;1405.515;1.0;1.0;1.0;1406.0;
11;2025-12-21;17;1563.44;1.0;1.0;1.0;1563.0;
11;2025-12-21;18;1150.175;1.0;1.0;1.0;1150.0;
11;2025-12-21;19;917.527;1.0;1.0;1.0;918.0;
11;2025-12-21;20;708.029;1.0;1.0;1.0;708.0;
11;2025-12-21;21;541.852;1.0;1.0;1.0;542.0;
11;2025-12-21;22;316.997;1.0;1.0;1.0;317.0;
11;2025-12-21;23;220.5;1.0;1.0;0.998;220.0;
11;2025-12-22;0;61.005;1.0;1.0;1.0;61.0;
11;2025-12-22;1;3.308;1.0;1.0;0.907;3.0;
11;2025-12-22;2;0.0;1.0;1.0;1.0;0.0;
11;2025-12-22;3;0.0;1.0;1.0;1.0;0.0;
11;2025-12-22;4;0.254;1.0;1.0;0.0;0.0;
11;2025-12-22;5;245.164;1.0;1.0;0.999;245.0;
11;2025-12-22;6;1317.361;1.0;1.0;1.0;1317.0;
11;2025-12-22;7;2478.234;1.0;1.0;1.0;2478.0;
11;2025-12-22;8;3227.722;1.0;1.0;1.0;3228.0;
11;2025-12-22;9;2432.369;1.0;1.0;1.0;2432.0;
11;2025-12-22;10;2022.574;1.0;1.0;1.0;2023.0;
11;2025-12-22;11;1897.448;1.0;1.0;1.0;1897.0;
11;2025-12-22;12;1948.211;1.0;1.0;1.0;1948.0;
11;2025-12-22;13;2069.139;1.0;1.0;1.0;2069.0;
11;2025-12-22;14;2043.63;1.0;1.0;1.0;2044.0;
11;2025-12-22;15;1943.44;1.0;1.0;1.0;1943.0;
11;2025-12-22;16;2181.543;1.0;1.0;1.0;2182.0;
11;2025-12-22;17;2752.024;1.0;1.0;1.0;2752.0;
11;2025-12-22;18;3081.222;1.0;1.0;1.0;3081.0;
11;2025-12-22;19;2206.225;1.0;1.0;1.0;2206.0;
11;2025-12-22;20;1375.185;1.0;1.0;1.0;1375.0;
11;2025-12-22;21;797.261;1.0;1.0;1.0;797.0;
11;2025-12-22;22;367.619;1.0;1.0;1.001;368.0;
11;2025-12-22;23;235.559;1.0;1.0;1.002;236.0;
11;2025-12-23;0;61.005;1.0;1.0;1.0;61.0;
11;2025-12-23;1;3.308;1.0;1.0;0.907;3.0;
11;2025-12-23;2;0.0;1.0;1.0;1.0;0.0;
11;2025-12-23;3;0.0;1.0;1.0;1.0;0.0;
11;2025-12-23;4;0.254;1.0;1.0;0.0;0.0;
11;2025-12-23;5;245.164;1.0;1.0;0.999;245.0;
11;2025-12-23;6;1317.361;1.0;1.0;1.0;1317.0;
11;2025-12-23;7;2478.234;1.0;1.0;1.0;2478.0;
11;2025-12-23;8;3227.722;1.0;1.0;1.0;3228.0;
11;2025-12-23;9;2432.369;1.0;1.0;1.0;2432.0;
11;2025-12-23;10;2022.574;1.0;1.0;1.0;2023.0;
11;2025-12-23;11;1897.448;1.0;1.0;1.0;1897.0;
11;2025-12-23;12;1948.211;1.0;1.0;1.0;1948.0;
11;2025-12-23;13;2069.139;1.0;1.0;1.0;2069.0;
11;2025-12-23;14;2043.63;1.0;1.0;1.0;2044.0;
11;2025-12-23;15;1943.44;1.0;1.0;1.0;1943.0;
11;2025-12-23;16;2181.543;1.0;1.0;1.0;2182.0;
11;2025-12-23;17;2752.024;1.0;1.0;1.0;2752.0;
11;2025-12-23;18;3081.222;1.0;1.0;1.0;3081.0;
11;2025-12-23;19;2206.225;1.0;1.0;1.0;2206.0;
11;2025-12-23;20;1375.185;1.0;1.0;1.0;1375.0;
11;2025-12-23;21;797.261;1.0;1.0;1.0;797.0;
11;2025-12-23;22;367.619;1.0;1.0;1.001;368.0;
11;2025-12-23;23;235.559;1.0;1.0;1.002;236.0;
11;2025-12-24;0;61.005;1.0;1.0;1.0;61.0;
11;2025-12-24;1;3.308;1.0;1.0;0.907;3.0;
11;2025-12-24;2;0.0;1.0;1.0;1.0;0.0;
11;2025-12-24;3;0.0;1.0;1.0;1.0;0.0;
11;2025-12-24;4;0.254;1.0;1.0;0.0;0.0;
11;2025-12-24;5;245.164;1.0;1.0;0.999;245.0;
11;2025-12-24;6;1317.361;1.0;1.0;1.0;1317.0;
11;2025-12-24;7;2478.234;1.0;1.0;1.0;2478.0;
11;2025-12-24;8;3227.722;1.0;1.0;1.0;3228.0;
11;2025-12-24;9;2432.369;1.0;1.0;1.0;2432.0;
11;2025-12-24;10;2022.574;1.0;1.0;1.0;2023.0;
11;2025-12-24;11;1897.448;1.0;1.0;1.0;1897.0;
11;2025-12-24;12;1948.211;1.0;1.0;1.0;1948.0;
11;2025-12-24;13;2069.139;1.0;1.0;1.0;2069.0;
11;2025-12-24;14;2043.63;1.0;1.0;1.0;2044.0;
11;2025-12-24;15;1943.44;1.0;1.0;1.0;1943.0;
11;2025-12-24;16;2181.543;1.0;1.0;1.0;2182.0;
11;2025-12-24;17;2752.024;1.0;1.0;1.0;2752.0;
11;2025-12-24;18;3081.222;1.0;1.0;1.0;3081.0;
11;2025-12-24;19;2206.225;1.0;1.0;1.0;2206.0;
11;2025-12-24;20;1375.185;1.0;1.0;1.0;1375.0;
11;2025-12-24;21;797.261;1.0;1.0;1.0;797.0;
11;2025-12-24;22;367.619;1.0;1.0;1.001;368.0;
11;2025-12-24;23;235.559;1.0;1.0;1.002;236.0;
11;2025-12-25;0;61.005;1.0;1.0;1.0;61.0;
11;2025-12-25;1;3.308;1.0;1.0;0.907;3.0;
11;2025-12-25;2;0.0;1.0;1.0;1.0;0.0;
11;2025-12-25;3;0.0;1.0;1.0;1.0;0.0;
11;2025-12-25;4;0.254;1.0;1.0;0.0;0.0;
11;2025-12-25;5;245.164;1.0;1.0;0.999;245.0;
11;2025-12-25;6;1317.361;1.0;1.0;1.0;1317.0;
11;2025-12-25;7;2478.234;1.0;1.0;1.0;2478.0;
11;2025-12-25;8;3227.722;1.0;1.0;1.0;3228.0;
11;2025-12-25;9;2432.369;1.0;1.0;1.0;2432.0;
11;2025-12-25;10;2022.574;1.0;1.0;1.0;2023.0;
11;2025-12-25;11;1897.448;1.0;1.0;1.0;1897.0;
11;2025-12-25;12;1948.211;1.0;1.0;1.0;1948.0;
11;2025-12-25;13;2069.139;1.0;1.0;1.0;2069.0;
11;2025-12-25;14;2043.63;1.0;1.0;1.0;2044.0;
11;2025-12-25;15;1943.44;1.0;1.0;1.0;1943.0;
11;2025-12-25;16;2181.543;1.0;1.0;1.0;2182.0;
11;2025-12-25;17;2752.024;1.0;1.0;1.0;2752.0;
11;2025-12-25;18;3081.222;1.0;1.0;1.0;3081.0;
11;2025-12-25;19;2206.225;1.0;1.0;1.0;2206.0;
11;2025-12-25;20;1375.185;1.0;1.0;1.0;1375.0;
11;2025-12-25;21;797.261;1.0;1.0;1.0;797.0;
11;2025-12-25;22;367.619;1.0;1.0;1.001;368.0;
11;2025-12-25;23;235.559;1.0;1.0;1.002;236.0;
11;2025-12-26;0;66.475;1.0;1.0;0.993;66.0;
11;2025-12-26;1;2.417;1.0;1.0;0.827;2.0;
11;2025-12-26;2;0.0;1.0;1.0;1.0;0.0;
11;2025-12-26;3;0.0;1.0;1.0;1.0;0.0;
11;2025-12-26;4;0.0;1.0;1.0;1.0;0.0;
11;2025-12-26;5;246.322;1.0;1.0;0.999;246.0;
11;2025-12-26;6;1250.705;1.0;1.0;1.0;1251.0;
11;2025-12-26;7;2334.617;1.0;1.0;1.0;2335.0;
11;2025-12-26;8;3166.406;1.0;1.0;1.0;3166.0;
11;2025-12-26;9;2140.267;1.0;1.0;1.0;2140.0;
11;2025-12-26;10;1776.224;1.0;1.0;1.0;1776.0;
11;2025-12-26;11;1679.049;1.0;1.0;1.0;1679.0;
11;2025-12-26;12;1824.811;1.0;1.0;1.0;1825.0;
11;2025-12-26;13;1792.661;1.0;1.0;1.0;1793.0;
11;2025-12-26;14;1994.746;1.0;1.0;1.0;1995.0;
11;2025-12-26;15;1980.001;1.0;1.0;1.0;1980.0;
11;2025-12-26;16;2197.315;1.0;1.0;1.0;2197.0;
11;2025-12-26;17;2783.749;1.0;1.0;1.0;2784.0;
11;2025-12-26;18;2325.915;1.0;1.0;1.0;2326.0;
11;2025-12-26;19;1742.14;1.0;1.0;1.0;1742.0;
11;2025-12-26;20;1266.659;1.0;1.0;1.0;1267.0;
11;2025-12-26;21;789.97;1.0;1.0;1.0;790.0;
11;2025-12-26;22;356.792;1.0;1.0;1.001;357.0;
11;2025-12-26;23;321.258;1.0;1.0;0.999;321.0;
11;2025-12-27;0;104.58;1.0;1.0;1.004;105.0;
11;2025-12-27;1;1.219;1.0;1.0;0.82;1.0;
11;2025-12-27;2;0.0;1.0;1.0;1.0;0.0;
11;2025-12-27;3;0.0;1.0;1.0;1.0;0.0;
11;2025-12-27;4;0.0;1.0;1.0;1.0;0.0;
11;2025-12-27;5;163.573;1.0;1.0;1.003;164.0;
11;2025-12-27;6;816.16;1.0;1.0;1.0;816.0;
11;2025-12-27;7;741.321;1.0;1.0;1.0;741.0;
11;2025-12-27;8;1017.518;1.0;1.0;1.0;1018.0;
11;2025-12-27;9;1139.406;1.0;1.0;1.0;1139.0;
11;2025-12-27;10;1360.266;1.0;1.0;1.0;1360.0;
11;2025-12-27;11;1675.955;1.0;1.0;1.0;1676.0;
11;2025-12-27;12;1910.711;1.0;1.0;1.0;1911.0;
11;2025-12-27;13;1777.366;1.0;1.0;1.0;1777.0;
11;2025-12-27;14;2014.315;1.0;1.0;1.0;2014.0;
11;2025-12-27;15;1864.637;1.0;1.0;1.0;1865.0;
11;2025-12-27;16;1747.869;1.0;1.0;1.0;1748.0;
11;2025-12-27;17;1850.742;1.0;1.0;1.0;1851.0;
11;2025-12-27;18;1468.99;1.0;1.0;1.0;1469.0;
11;2025-12-27;19;1429.986;1.0;1.0;1.0;1430.0;
11;2025-12-27;20;956.087;1.0;1.0;1.0;956.0;
11;2025-12-27;21;693.297;1.0;1.0;1.0;693.0;
11;2025-12-27;22;404.911;1.0;1.0;1.0;405.0;
11;2025-12-27;23;270.591;1.0;1.0;1.002;271.0;
11;2025-12-28;0;104.061;1.0;1.0;0.999;104.0;
11;2025-12-28;1;14.211;1.0;1.0;0.985;14.0;
11;2025-12-28;2;0.0;1.0;1.0;1.0;0.0;
11;2025-12-28;3;0.0;1.0;1.0;1.0;0.0;
11;2025-12-28;4;0.0;1.0;1.0;1.0;0.0;
11;2025-12-28;5;98.789;1.0;1.0;1.002;99.0;
11;2025-12-28;6;456.357;1.0;1.0;0.999;456.0;
11;2025-12-28;7;452.002;1.0;1.0;1.0;452.0;
11;2025-12-28;8;634.682;1.0;1.0;1.0;635.0;
11;2025-12-28;9;863.204;1.0;1.0;1.0;863.0;
11;2025-12-28;10;955.117;1.0;1.0;1.0;955.0;
11;2025-12-28;11;1401.389;1.0;1.0;1.0;1401.0;
11;2025-12-28;12;1470.381;1.0;1.0;1.0;1470.0;
11;2025-12-28;13;1420.413;1.0;1.0;1.0;1420.0;
11;2025-12-28;14;1519.89;1.0;1.0;1.0;1520.0;
11;2025-12-28;15;1491.468;1.0;1.0;1.0;1491.0;
11;2025-12-28;16;1405.515;1.0;1.0;1.0;1406.0;
11;2025-12-28;17;1563.44;1.0;1.0;1.0;1563.0;
11;2025-12-28;18;1150.175;1.0;1.0;1.0;1150.0;
11;2025-12-28;19;917.527;1.0;1.0;1.0;918.0;
11;2025-12-28;20;708.029;1.0;1.0;1.0;708.0;
11;2025-12-28;21;541.852;1.0;1.0;1.0;542.0;
11;2025-12-28;22;316.997;1.0;1.0;1.0;317.0;
11;2025-12-28;23;220.5;1.0;1.0;0.998;220.0;
11;2025-12-29;0;61.005;0.88;1.0;1.006;54.0;
11;2025-12-29;1;3.308;0.88;1.0;1.031;3.0;
11;2025-12-29;2;0.0;0.88;1.0;1.0;0.0;
11;2025-12-29;3;0.0;0.88;1.0;1.0;0.0;
11;2025-12-29;4;0.254;0.88;1.0;0.0;0.0;
11;2025-12-29;5;245.164;0.88;1.0;1.001;216.0;
11;2025-12-29;6;1317.361;0.88;1.0;1.0;1159.0;
11;2025-12-29;7;2478.234;0.88;1.0;1.0;2181.0;
11;2025-12-29;8;3227.722;0.88;1.0;1.0;2840.0;
11;2025-12-29;9;2432.369;0.88;1.0;1.0;2140.0;
11;2025-12-29;10;2022.574;0.88;1.0;1.0;1780.0;
11;2025-12-29;11;1897.448;0.88;1.0;1.0;1670.0;
11;2025-12-29;12;1948.211;0.88;1.0;1.0;1714.0;
11;2025-12-29;13;2069.139;0.88;1.0;1.0;1821.0;
11;2025-12-29;14;2043.63;0.88;1.0;1.0;1798.0;
11;2025-12-29;15;1943.44;0.88;1.0;1.0;1710.0;
11;2025-12-29;16;2181.543;0.88;1.0;1.0;1920.0;
11;2025-12-29;17;2752.024;0.88;1.0;1.0;2422.0;
11;2025-12-29;18;3081.222;0.88;1.0;1.0;2711.0;
11;2025-12-29;19;2206.225;0.88;1.0;1.0;1941.0;
11;2025-12-29;20;1375.185;0.88;1.0;1.0;1210.0;
11;2025-12-29;21;797.261;0.88;1.0;1.001;702.0;
11;2025-12-29;22;367.619;0.88;1.0;1.002;324.0;
11;2025-12-29;23;235.559;0.88;1.0;0.999;207.0;
11;2025-12-30;0;61.005;0.88;1.0;1.006;54.0;
11;2025-12-30;1;3.308;0.88;1.0;1.031;3.0;
11;2025-12-30;2;0.0;0.88;1.0;1.0;0.0;
11;2025-12-30;3;0.0;0.88;1.0;1.0;0.0;
11;2025-12-30;4;0.254;0.88;1.0;0.0;0.0;
11;2025-12-30;5;245.164;0.88;1.0;1.001;216.0;
11;2025-12-30;6;1317.361;0.88;1.0;1.0;1159.0;
11;2025-12-30;7;2478.234;0.88;1.0;1.0;2181.0;
11;2025-12-30;8;3227.722;0.88;1.0;1.0;2840.0;
11;2025-12-30;9;2432.369;0.88;1.0;1.0;2140.0;
11;2025-12-30;10;2022.574;0.88;1.0;1.0;1780.0;
11;2025-12-30;11;1897.448;0.88;1.0;1.0;1670.0;
11;2025-12-30;12;1948.211;0.88;1.0;1.0;1714.0;
11;2025-12-30;13;2069.139;0.88;1.0;1.0;1821.0;
11;2025-12-30;14;2043.63;0.88;1.0;1.0;1798.0;
11;2025-12-30;15;1943.44;0.88;1.0;1.0;1710.0;
11;2025-12-30;16;2181.543;0.88;1.0;1.0;1920.0;
11;2025-12-30;17;2752.024;0.88;1.0;1.0;2422.0;
11;2025-12-30;18;3081.222;0.88;1.0;1.0;2711.0;
11;2025-12-30;19;2206.225;0.88;1.0;1.0;1941.0;
11;2025-12-30;20;1375.185;0.88;1.0;1.0;1210.0;
11;2025-12-30;21;797.261;0.88;1.0;1.001;702.0;
11;2025-12-30;22;367.619;0.88;1.0;1.002;324.0;
11;2025-12-30;23;235.559;0.88;1.0;0.999;207.0;
11;2025-12-31;0;104.58;0.8;1.0;1.004;84.0;
11;2025-12-31;1;1.219;0.8;1.0;1.026;1.0;
11;2025-12-31;2;0.0;0.8;1.0;1.0;0.0;
11;2025-12-31;3;0.0;0.8;1.0;1.0;0.0;
11;2025-12-31;4;0.0;0.8;1.0;1.0;0.0;
11;2025-12-31;5;163.573;0.8;1.0;1.001;131.0;
11;2025-12-31;6;816.16;0.8;1.0;1.0;653.0;
11;2025-12-31;7;741.321;0.8;1.0;1.0;593.0;
11;2025-12-31;8;1017.518;0.8;1.0;1.0;814.0;
11;2025-12-31;9;1139.406;0.8;1.0;1.0;912.0;
11;2025-12-31;10;1360.266;0.8;1.0;1.0;1088.0;
11;2025-12-31;11;1675.955;0.8;1.0;1.0;1341.0;
11;2025-12-31;12;1910.711;0.8;1.0;1.0;1529.0;
11;2025-12-31;13;1777.366;0.8;1.0;1.0;1422.0;
11;2025-12-31;14;2014.315;0.8;1.0;1.0;1611.0;
11;2025-12-31;15;1864.637;0.8;1.0;1.0;1492.0;
11;2025-12-31;16;1747.869;0.8;1.0;1.0;1398.0;
11;2025-12-31;17;1850.742;0.8;1.0;1.0;1481.0;
11;2025-12-31;18;1468.99;0.8;1.0;1.0;1175.0;
11;2025-12-31;19;1429.986;0.8;1.0;1.0;1144.0;
11;2025-12-31;20;956.087;0.8;1.0;0.0;0.0;free fare New Year night
11;2025-12-31;21;693.297;0.8;1.0;0.0;0.0;free fare New Year night
11;2025-12-31;22;404.911;0.8;1.0;0.0;0.0;free fare New Year night
11;2025-12-31;23;270.591;0.8;1.0;0.0;0.0;free fare New Year night
12;2025-11-01;0;56.403;0.8;1.0;0.665;30.0;
12;2025-11-01;1;1.026;0.8;1.0;3.657;3.0;
12;2025-11-01;2;0.0;0.8;1.0;1.0;0.0;
12;2025-11-01;3;0.0;0.8;1.0;1.0;0.0;
12;2025-11-01;4;4.615;0.8;1.0;1.084;4.0;
12;2025-11-01;5;333.291;0.8;1.0;1.001;267.0;
12;2025-11-01;6;1444.176;0.8;1.0;1.0;1155.0;
12;2025-11-01;7;2769.136;0.8;1.0;1.0;2215.0;
12;2025-11-01;8;3418.284;0.8;1.0;1.0;2735.0;
12;2025-11-01;9;2565.059;0.8;1.0;1.0;2052.0;
12;2025-11-01;10;1929.243;0.8;1.0;1.0;1543.0;
12;2025-11-01;11;1916.424;0.8;1.0;1.0;1533.0;
12;2025-11-01;12;1958.982;0.8;1.0;1.0;1567.0;
12;2025-11-01;13;2219.206;0.8;1.0;1.0;1775.0;
12;2025-11-01;14;2007.951;0.8;1.0;1.0;1606.0;
12;2025-11-01;15;2254.33;0.8;1.0;1.0;1803.0;
12;2025-11-01;16;2960.65;0.8;1.0;1.0;2369.0;
12;2025-11-01;17;2958.343;0.8;1.0;1.0;2367.0;
12;2025-11-01;18;2596.337;0.8;1.0;1.0;2077.0;
12;2025-11-01;19;2139.985;0.8;1.0;1.0;1712.0;
12;2025-11-01;20;1400.848;0.8;1.0;1.0;1121.0;
12;2025-11-01;21;1018.589;0.8;1.0;1.0;815.0;
12;2025-11-01;22;510.704;0.8;1.0;1.001;409.0;
12;2025-11-01;23;338.419;0.8;1.0;1.001;271.0;
12;2025-11-02;0;81.547;1.0;1.0;1.006;82.0;
12;2025-11-02;1;3.46;1.0;1.0;0.867;3.0;
12;2025-11-02;2;0.0;1.0;1.0;1.0;0.0;
12;2025-11-02;3;0.0;1.0;1.0;1.0;0.0;
12;2025-11-02;4;2.718;1.0;1.0;1.104;3.0;
12;2025-11-02;5;129.733;1.0;1.0;1.002;130.0;
12;2025-11-02;6;513.497;1.0;1.0;0.999;513.0;
12;2025-11-02;7;697.842;1.0;1.0;1.0;698.0;
12;2025-11-02;8;712.422;1.0;1.0;0.999;712.0;
12;2025-11-02;9;893.555;1.0;1.0;1.0;894.0;
12;2025-11-02;10;1128.805;1.0;1.0;1.0;1129.0;
12;2025-11-02;11;1230.367;1.0;1.0;1.0;1230.0;
12;2025-11-02;12;1306.478;1.0;1.0;1.0;1306.0;
12;2025-11-02;13;1532.585;1.0;1.0;1.0;1533.0;
12;2025-11-02;14;1435.47;1.0;1.0;1.0;1435.0;
12;2025-11-02;15;1465.864;1.0;1.0;1.0;1466.0;
12;2025-11-02;16;1468.336;1.0;1.0;1.0;1468.0;
12;2025-11-02;17;1519.241;1.0;1.0;1.0;1519.0;
12;2025-11-02;18;1318.833;1.0;1.0;1.0;1319.0;
12;2025-11-02;19;982.02;1.0;1.0;1.0;982.0;
12;2025-11-02;20;764.81;1.0;1.0;1.0;765.0;
12;2025-11-02;21;586.395;1.0;1.0;0.999;586.0;
12;2025-11-02;22;382.775;1.0;1.0;1.001;383.0;
12;2025-11-02;23;192.747;1.0;1.0;1.001;193.0;
12;2025-11-03;0;81.547;1.0;1.0;1.006;82.0;
12;2025-11-03;1;3.46;1.0;1.0;0.867;3.0;
12;2025-11-03;2;0.0;1.0;1.0;1.0;0.0;
12;2025-11-03;3;0.0;1.0;1.0;1.0;0.0;
12;2025-11-03;4;2.718;1.0;1.0;1.104;3.0;
12;2025-11-03;5;129.733;1.0;1.0;1.002;130.0;
12;2025-11-03;6;513.497;1.0;1.0;0.999;513.0;
12;2025-11-03;7;697.842;1.0;1.0;1.0;698.0;
12;2025-11-03;8;712.422;1.0;1.0;0.999;712.0;
12;2025-11-03;9;893.555;1.0;1.0;1.0;894.0;
12;2025-11-03;10;1128.805;1.0;1.0;1.0;1129.0;
12;2025-11-03;11;1230.367;1.0;1.0;1.0;1230.0;
12;2025-11-03;12;1306.478;1.0;1.0;1.0;1306.0;
12;2025-11-03;13;1532.585;1.0;1.0;1.0;1533.0;
12;2025-11-03;14;1435.47;1.0;1.0;1.0;1435.0;
12;2025-11-03;15;1465.864;1.0;1.0;1.0;1466.0;
12;2025-11-03;16;1468.336;1.0;1.0;1.0;1468.0;
12;2025-11-03;17;1519.241;1.0;1.0;1.0;1519.0;
12;2025-11-03;18;1318.833;1.0;1.0;1.0;1319.0;
12;2025-11-03;19;982.02;1.0;1.0;1.0;982.0;
12;2025-11-03;20;764.81;1.0;1.0;1.0;765.0;
12;2025-11-03;21;586.395;1.0;1.0;0.999;586.0;
12;2025-11-03;22;382.775;1.0;1.0;1.001;383.0;
12;2025-11-03;23;192.747;1.0;1.0;1.001;193.0;
12;2025-11-04;0;81.547;1.0;1.0;1.006;82.0;
12;2025-11-04;1;3.46;1.0;1.0;0.867;3.0;
12;2025-11-04;2;0.0;1.0;1.0;1.0;0.0;
12;2025-11-04;3;0.0;1.0;1.0;1.0;0.0;
12;2025-11-04;4;2.718;1.0;1.0;1.104;3.0;
12;2025-11-04;5;129.733;1.0;1.0;1.002;130.0;
12;2025-11-04;6;513.497;1.0;1.0;0.999;513.0;
12;2025-11-04;7;697.842;1.0;1.0;1.0;698.0;
12;2025-11-04;8;712.422;1.0;1.0;0.999;712.0;
12;2025-11-04;9;893.555;1.0;1.0;1.0;894.0;
12;2025-11-04;10;1128.805;1.0;1.0;1.0;1129.0;
12;2025-11-04;11;1230.367;1.0;1.0;1.0;1230.0;
12;2025-11-04;12;1306.478;1.0;1.0;1.0;1306.0;
12;2025-11-04;13;1532.585;1.0;1.0;1.0;1533.0;
12;2025-11-04;14;1435.47;1.0;1.0;1.0;1435.0;
12;2025-11-04;15;1465.864;1.0;1.0;1.0;1466.0;
12;2025-11-04;16;1468.336;1.0;1.0;1.0;1468.0;
12;2025-11-04;17;1519.241;1.0;1.0;1.0;1519.0;
12;2025-11-04;18;1318.833;1.0;1.0;1.0;1319.0;
12;2025-11-04;19;982.02;1.0;1.0;1.0;982.0;
12;2025-11-04;20;764.81;1.0;1.0;1.0;765.0;
12;2025-11-04;21;586.395;1.0;1.0;0.999;586.0;
12;2025-11-04;22;382.775;1.0;1.0;1.001;383.0;
12;2025-11-04;23;192.747;1.0;1.0;1.001;193.0;
12;2025-11-05;0;53.75;1.0;1.0;1.005;54.0;
12;2025-11-05;1;1.579;1.0;1.0;1.267;2.0;
12;2025-11-05;2;0.0;1.0;1.0;1.0;0.0;
12;2025-11-05;3;0.0;1.0;1.0;1.0;0.0;
12;2025-11-05;4;6.885;1.0;1.0;1.017;7.0;
12;2025-11-05;5;315.744;1.0;1.0;1.001;316.0;
12;2025-11-05;6;1440.774;1.0;1.0;1.0;1441.0;
12;2025-11-05;7;2721.939;1.0;1.0;1.0;2722.0;
12;2025-11-05;8;3659.506;1.0;1.0;1.0;3660.0;
12;2025-11-05;9;2583.237;1.0;1.0;1.0;2583.0;
12;2025-11-05;10;2091.652;1.0;1.0;1.0;2092.0;
12;2025-11-05;11;1955.792;1.0;1.0;1.0;1956.0;
12;2025-11-05;12;2063.987;1.0;1.0;1.0;2064.0;
12;2025-11-05;13;2082.683;1.0;1.0;1.0;2083.0;
12;2025-11-05;14;1978.088;1.0;1.0;1.0;1978.0;
12;2025-11-05;15;2210.774;1.0;1.0;1.0;2211.0;
12;2025-11-05;16;2696.232;1.0;1.0;1.0;2696.0;
12;2025-11-05;17;3006.165;1.0;1.0;1.0;3006.0;
12;2025-11-05;18;3186.68;1.0;1.0;1.0;3187.0;
12;2025-11-05;19;2381.752;1.0;1.0;1.0;2382.0;
12;2025-11-05;20;1566.655;1.0;1.0;1.0;1567.0;
12;2025-11-05;21;970.159;1.0;1.0;1.0;970.0;
12;2025-11-05;22;488.111;1.0;1.0;1.0;488.0;
12;2025-11-05;23;254.856;1.0;1.0;1.001;255.0;
12;2025-11-06;0;53.75;1.0;1.0;1.005;54.0;
12;2025-11-06;1;1.579;1.0;1.0;1.267;2.0;
12;2025-11-06;2;0.0;1.0;1.0;1.0;0.0;
12;2025-11-06;3;0.0;1.0;1.0;1.0;0.0;
12;2025-11-06;4;6.885;1.0;1.0;1.017;7.0;
12;2025-11-06;5;315.744;1.0;1.0;1.001;316.0;
12;2025-11-06;6;1440.774;1.0;1.0;1.0;1441.0;
12;2025-11-06;7;2721.939;1.0;1.0;1.0;2722.0;
12;2025-11-06;8;3659.506;1.0;1.0;1.0;3660.0;
12;2025-11-06;9;2583.237;1.0;1.0;1.0;2583.0;
12;2025-11-06;10;2091.652;1.0;1.0;1.0;2092.0;
12;2025-11-06;11;1955.792;1.0;1.0;1.0;1956.0;
12;2025-11-06;12;2063.987;1.0;1.0;1.0;2064.0;
12;2025-11-06;13;2082.683;1.0;1.0;1.0;2083.0;
12;2025-11-06;14;1978.088;1.0;1.0;1.0;1978.0;
12;2025-11-06;15;2210.774;1.0;1.0;1.0;2211.0;
12;2025-11-06;16;2696.232;1.0;1.0;1.0;2696.0;
12;2025-11-06;17;3006.165;1.0;1.0;1.0;3006.0;
12;2025-11-06;18;3186.68;1.0;1.0;1.0;3187.0;
12;2025-11-06;19;2381.752;1.0;1.0;1.0;2382.0;
12;2025-11-06;20;1566.655;1.0;1.0;1.0;1567.0;
12;2025-11-06;21;970.159;1.0;1.0;1.0;970.0;
12;2025-11-06;22;488.111;1.0;1.0;1.0;488.0;
12;2025-11-06;23;254.856;1.0;1.0;1.001;255.0;
12;2025-11-07;0;56.403;1.0;1.0;0.993;56.0;
12;2025-11-07;1;1.026;1.0;1.0;0.975;1.0;
12;2025-11-07;2;0.0;1.0;1.0;1.0;0.0;
12;2025-11-07;3;0.0;1.0;1.0;1.0;0.0;
12;2025-11-07;4;4.615;1.0;1.0;1.084;5.0;
12;2025-11-07;5;333.291;1.0;1.0;0.999;333.0;
12;2025-11-07;6;1444.176;1.0;1.0;1.0;1444.0;
12;2025-11-07;7;2769.136;1.0;1.0;1.0;2769.0;
12;2025-11-07;8;3418.284;1.0;1.0;1.0;3418.0;
12;2025-11-07;9;2565.059;1.0;1.0;1.0;2565.0;
12;2025-11-07;10;1929.243;1.0;1.0;1.0;1929.0;
12;2025-11-07;11;1916.424;1.0;1.0;1.0;1916.0;
12;2025-11-07;12;1958.982;1.0;1.0;1.0;1959.0;
12;2025-11-07;13;2219.206;1.0;1.0;1.0;2219.0;
12;2025-11-07;14;2007.951;1.0;1.0;1.0;2008.0;
12;2025-11-07;15;2254.33;1.0;1.0;1.0;2254.0;
12;2025-11-07;16;2960.65;1.0;1.0;1.0;2961.0;
12;2025-11-07;17;2958.343;1.0;1.0;1.0;2958.0;
12;2025-11-07;18;2596.337;1.0;1.0;1.0;2596.0;
12;2025-11-07;19;2139.985;1.0;1.0;1.0;2140.0;
12;2025-11-07;20;1400.848;1.0;1.0;1.0;1401.0;
12;2025-11-07;21;1018.589;1.0;1.0;1.0;1019.0;
12;2025-11-07;22;510.704;1.0;1.0;1.001;511.0;
12;2025-11-07;23;338.419;1.0;1.0;0.999;338.0;
12;2025-11-08;0;67.47;1.0;1.0;0.993;67.0;
12;2025-11-08;1;1.756;1.0;1.0;1.139;2.0;
12;2025-11-08;2;0.0;1.0;1.0;1.0;0.0;
12;2025-11-08;3;0.0;1.0;1.0;1.0;0.0;
12;2025-11-08;4;1.505;1.0;1.0;1.329;2.0;
12;2025-11-08;5;223.73;1.0;1.0;1.001;224.0;
12;2025-11-08;6;793.588;1.0;1.0;1.0;794.0;
12;2025-11-08;7;902.192;1.0;1.0;1.0;902.0;
12;2025-11-08;8;1051.931;1.0;1.0;1.0;1052.0;
12;2025-11-08;9;1252.585;1.0;1.0;1.0;1253.0;
12;2025-11-08;10;1488.856;1.0;1.0;1.0;1489.0;
12;2025-11-08;11;1509.924;1.0;1.0;1.0;1510.0;
12;2025-11-08;12;1550.055;1.0;1.0;1.0;1550.0;
12;2025-11-08;13;1759.488;1.0;1.0;1.0;1759.0;
12;2025-11-08;14;1589.183;1.0;1.0;1.0;1589.0;
12;2025-11-08;15;1561.091;1.0;1.0;1.0;1561.0;
12;2025-11-08;16;1680.982;1.0;1.0;1.0;1681.0;
12;2025-11-08;17;1610.001;1.0;1.0;1.0;1610.0;
12;2025-11-08;18;1599.717;1.0;1.0;1.0;1600.0;
12;2025-11-08;19;1344.886;1.0;1.0;1.0;1345.0;
12;2025-11-08;20;944.581;1.0;1.0;1.0;945.0;
12;2025-11-08;21;766.751;1.0;1.0;1.0;767.0;
12;2025-11-08;22;390.273;1.0;1.0;0.999;390.0;
12;2025-11-08;23;292.955;1.0;1.0;1.0;293.0;
12;2025-11-09;0;81.547;1.0;1.0;1.006;82.0;
12;2025-11-09;1;3.46;1.0;1.0;0.867;3.0;
12;2025-11-09;2;0.0;1.0;1.0;1.0;0.0;
12;2025-11-09;3;0.0;1.0;1.0;1.0;0.0;
12;2025-11-09;4;2.718;1.0;1.0;1.104;3.0;
12;2025-11-09;5;129.733;1.0;1.0;1.002;130.0;
12;2025-11-09;6;513.497;1.0;1.0;0.999;513.0;
12;2025-11-09;7;697.842;1.0;1.0;1.0;698.0;
12;2025-11-09;8;712.422;1.0;1.0;0.999;712.0;
12;2025-11-09;9;893.555;1.0;1.0;1.0;894.0;
12;2025-11-09;10;1128.805;1.0;1.0;1.0;1129.0;
12;2025-11-09;11;1230.367;1.0;1.0;1.0;1230.0;
12;2025-11-09;12;1306.478;1.0;1.0;1.0;1306.0;
12;2025-11-09;13;1532.585;1.0;1.0;1.0;1533.0;
12;2025-11-09;14;1435.47;1.0;1.0;1.0;1435.0;
12;2025-11-09;15;1465.864;1.0;1.0;1.0;1466.0;
12;2025-11-09;16;1468.336;1.0;1.0;1.0;1468.0;
12;2025-11-09;17;1519.241;1.0;1.0;1.0;1519.0;
12;2025-11-09;18;1318.833;1.0;1.0;1.0;1319.0;
12;2025-11-09;19;982.02;1.0;1.0;1.0;982.0;
12;2025-11-09;20;764.81;1.0;1.0;1.0;765.0;
12;2025-11-09;21;586.395;1.0;1.0;0.999;586.0;
12;2025-11-09;22;382.775;1.0;1.0;1.001;383.0;
12;2025-11-09;23;192.747;1.0;1.0;1.001;193.0;
12;2025-11-10;0;53.75;1.0;1.0;1.005;54.0;
12;2025-11-10;1;1.579;1.0;1.0;1.267;2.0;
12;2025-11-10;2;0.0;1.0;1.0;1.0;0.0;
12;2025-11-10;3;0.0;1.0;1.0;1.0;0.0;
12;2025-11-10;4;6.885;1.0;1.0;1.017;7.0;
12;2025-11-10;5;315.744;1.0;1.0;1.001;316.0;
12;2025-11-10;6;1440.774;1.0;1.0;1.0;1441.0;
12;2025-11-10;7;2721.939;1.0;1.0;1.0;2722.0;
12;2025-11-10;8;3659.506;1.0;1.0;1.0;3660.0;
12;2025-11-10;9;2583.237;1.0;1.0;1.0;2583.0;
12;2025-11-10;10;2091.652;1.0;1.0;1.0;2092.0;
12;2025-11-10;11;1955.792;1.0;1.0;1.0;1956.0;
12;2025-11-10;12;2063.987;1.0;1.0;1.0;2064.0;
12;2025-11-10;13;2082.683;1.0;1.0;1.0;2083.0;
12;2025-11-10;14;1978.088;1.0;1.0;1.0;1978.0;
12;2025-11-10;15;2210.774;1.0;1.0;1.0;2211.0;
12;2025-11-10;16;2696.232;1.0;1.0;1.0;2696.0;
12;2025-11-10;17;3006.165;1.0;1.0;1.0;3006.0;
12;2025-11-10;18;3186.68;1.0;1.0;1.0;3187.0;
12;2025-11-10;19;2381.752;1.0;1.0;1.0;2382.0;
12;2025-11-10;20;1566.655;1.0;1.0;1.0;1567.0;
12;2025-11-10;21;970.159;1.0;1.0;1.0;970.0;
12;2025-11-10;22;488.111;1.0;1.0;1.0;488.0;
12;2025-11-10;23;254.856;1.0;1.0;1.001;255.0;
12;2025-11-11;0;53.75;1.0;1.0;1.005;54.0;
12;2025-11-11;1;1.579;1.0;1.0;1.267;2.0;
12;2025-11-11;2;0.0;1.0;1.0;1.0;0.0;
12;2025-11-11;3;0.0;1.0;1.0;1.0;0.0;
12;2025-11-11;4;6.885;1.0;1.0;1.017;7.0;
12;2025-11-11;5;315.744;1.0;1.0;1.001;316.0;
12;2025-11-11;6;1440.774;1.0;1.0;1.0;1441.0;
12;2025-11-11;7;2721.939;1.0;1.0;1.0;2722.0;
12;2025-11-11;8;3659.506;1.0;1.0;1.0;3660.0;
12;2025-11-11;9;2583.237;1.0;1.0;1.0;2583.0;
12;2025-11-11;10;2091.652;1.0;1.0;1.0;2092.0;
12;2025-11-11;11;1955.792;1.0;1.0;1.0;1956.0;
12;2025-11-11;12;2063.987;1.0;1.0;1.0;2064.0;
12;2025-11-11;13;2082.683;1.0;1.0;1.0;2083.0;
12;2025-11-11;14;1978.088;1.0;1.0;1.0;1978.0;
12;2025-11-11;15;2210.774;1.0;1.0;1.0;2211.0;
12;2025-11-11;16;2696.232;1.0;1.0;1.0;2696.0;
12;2025-11-11;17;3006.165;1.0;1.0;1.0;3006.0;
12;2025-11-11;18;3186.68;1.0;1.0;1.0;3187.0;
12;2025-11-11;19;2381.752;1.0;1.0;1.0;2382.0;
12;2025-11-11;20;1566.655;1.0;1.0;1.0;1567.0;
12;2025-11-11;21;970.159;1.0;1.0;1.0;970.0;
12;2025-11-11;22;488.111;1.0;1.0;1.0;488.0;
12;2025-11-11;23;254.856;1.0;1.0;1.001;255.0;
12;2025-11-12;0;53.75;1.0;1.0;1.005;54.0;
12;2025-11-12;1;1.579;1.0;1.0;1.267;2.0;
12;2025-11-12;2;0.0;1.0;1.0;1.0;0.0;
12;2025-11-12;3;0.0;1.0;1.0;1.0;0.0;
12;2025-11-12;4;6.885;1.0;1.0;1.017;7.0;
12;2025-11-12;5;315.744;1.0;1.0;1.001;316.0;
12;2025-11-12;6;1440.774;1.0;1.0;1.0;1441.0;
12;2025-11-12;7;2721.939;1.0;1.0;1.0;2722.0;
12;2025-11-12;8;3659.506;1.0;1.0;1.0;3660.0;
12;2025-11-12;9;2583.237;1.0;1.0;1.0;2583.0;
12;2025-11-12;10;2091.652;1.0;1.0;1.0;2092.0;
12;2025-11-12;11;1955.792;1.0;1.0;1.0;1956.0;
12;2025-11-12;12;2063.987;1.0;1.0;1.0;2064.0;
12;2025-11-12;13;2082.683;1.0;1.0;1.0;2083.0;
12;2025-11-12;14;1978.088;1.0;1.0;1.0;1978.0;
12;2025-11-12;15;2210.774;1.0;1.0;1.0;2211.0;
12;2025-11-12;16;2696.232;1.0;1.0;1.0;2696.0;
12;2025-11-12;17;3006.165;1.0;1.0;1.0;3006.0;
12;2025-11-12;18;3186.68;1.0;1.0;1.0;3187.0;
12;2025-11-12;19;2381.752;1.0;1.0;1.0;2382.0;
12;2025-11-12;20;1566.655;1.0;1.0;1.0;1567.0;
12;2025-11-12;21;970.159;1.0;1.0;1.0;970.0;
12;2025-11-12;22;488.111;1.0;1.0;1.0;488.0;
12;2025-11-12;23;254.856;1.0;1.0;1.001;255.0;
12;2025-11-13;0;53.75;1.0;1.0;1.005;54.0;
12;2025-11-13;1;1.579;1.0;1.0;1.267;2.0;
12;2025-11-13;2;0.0;1.0;1.0;1.0;0.0;
12;2025-11-13;3;0.0;1.0;1.0;1.0;0.0;
12;2025-11-13;4;6.885;1.0;1.0;1.017;7.0;
12;2025-11-13;5;315.744;1.0;1.0;1.001;316.0;
12;2025-11-13;6;1440.774;1.0;1.0;1.0;1441.0;
12;2025-11-13;7;2721.939;1.0;1.0;1.0;2722.0;
12;2025-11-13;8;3659.506;1.0;1.0;1.0;3660.0;
12;2025-11-13;9;2583.237;1.0;1.0;1.0;2583.0;
12;2025-11-13;10;2091.652;1.0;1.0;1.0;2092.0;
12;2025-11-13;11;1955.792;1.0;1.0;1.0;1956.0;
12;2025-11-13;12;2063.987;1.0;1.0;1.0;2064.0;
12;2025-11-13;13;2082.683;1.0;1.0;1.0;2083.0;
12;2025-11-13;14;1978.088;1.0;1.0;1.0;1978.0;
12;2025-11-13;15;2210.774;1.0;1.0;1.0;2211.0;
12;2025-11-13;16;2696.232;1.0;1.0;1.0;2696.0;
12;2025-11-13;17;3006.165;1.0;1.0;1.0;3006.0;
12;2025-11-13;18;3186.68;1.0;1.0;1.0;3187.0;
12;2025-11-13;19;2381.752;1.0;1.0;1.0;2382.0;
12;2025-11-13;20;1566.655;1.0;1.0;1.0;1567.0;
12;2025-11-13;21;970.159;1.0;1.0;1.0;970.0;
12;2025-11-13;22;488.111;1.0;1.0;1.0;488.0;
12;2025-11-13;23;254.856;1.0;1.0;1.001;255.0;
12;2025-11-14;0;56.403;1.0;1.0;0.993;56.0;
12;2025-11-14;1;1.026;1.0;1.0;0.975;1.0;
12;2025-11-14;2;0.0;1.0;1.0;1.0;0.0;
12;2025-11-14;3;0.0;1.0;1.0;1.0;0.0;
12;2025-11-14;4;4.615;1.0;1.0;1.084;5.0;
12;2025-11-14;5;333.291;1.0;1.0;0.999;333.0;
12;2025-11-14;6;1444.176;1.0;1.0;1.0;1444.0;
12;2025-11-14;7;2769.136;1.0;1.0;1.0;2769.0;
12;2025-11-14;8;3418.284;1.0;1.0;1.0;3418.0;
12;2025-11-14;9;2565.059;1.0;1.0;1.0;2565.0;
12;2025-11-14;10;1929.243;1.0;1.0;1.0;1929.0;
12;2025-11-14;11;1916.424;1.0;1.0;1.0;1916.0;
12;2025-11-14;12;1958.982;1.0;1.0;1.0;1959.0;
12;2025-11-14;13;2219.206;1.0;1.0;1.0;2219.0;
12;2025-11-14;14;2007.951;1.0;1.0;1.0;2008.0;
12;2025-11-14;15;2254.33;1.0;1.0;1.0;2254.0;
12;2025-11-14;16;2960.65;1.0;1.0;1.0;2961.0;
12;2025-11-14;17;2958.343;1.0;1.0;1.0;2958.0;
12;2025-11-14;18;2596.337;1.0;1.0;1.0;2596.0;
12;2025-11-14;19;2139.985;1.0;1.0;1.0;2140.0;
12;2025-11-14;20;1400.848;1.0;1.0;1.0;1401.0;
12;2025-11-14;21;1018.589;1.0;1.0;1.0;1019.0;
12;2025-11-14;22;510.704;1.0;1.0;1.001;511.0;
12;2025-11-14;23;338.419;1.0;1.0;0.999;338.0;
12;2025-11-15;0;67.47;1.0;1.0;0.993;67.0;
12;2025-11-15;1;1.756;1.0;1.0;1.139;2.0;
12;2025-11-15;2;0.0;1.0;1.0;1.0;0.0;
12;2025-11-15;3;0.0;1.0;1.0;1.0;0.0;
12;2025-11-15;4;1.505;1.0;1.0;1.329;2.0;
12;2025-11-15;5;223.73;1.0;1.0;1.001;224.0;
12;2025-11-15;6;793.588;1.0;1.0;1.0;794.0;
12;2025-11-15;7;902.192;1.0;1.0;1.0;902.0;
12;2025-11-15;8;1051.931;1.0;1.0;1.0;1052.0;
12;2025-11-15;9;1252.585;1.0;1.0;1.0;1253.0;
12;2025-11-15;10;1488.856;1.0;1.0;1.0;1489.0;
12;2025-11-15;11;1509.924;1.0;1.0;1.0;1510.0;
12;2025-11-15;12;1550.055;1.0;1.0;1.0;1550.0;
12;2025-11-15;13;1759.488;1.0;1.0;1.0;1759.0;
12;2025-11-15;14;1589.183;1.0;1.0;1.0;1589.0;
12;2025-11-15;15;1561.091;1.0;1.0;1.0;1561.0;
12;2025-11-15;16;1680.982;1.0;1.0;1.0;1681.0;
12;2025-11-15;17;1610.001;1.0;1.0;1.0;1610.0;
12;2025-11-15;18;1599.717;1.0;1.0;1.0;1600.0;
12;2025-11-15;19;1344.886;1.0;1.0;1.0;1345.0;
12;2025-11-15;20;944.581;1.0;1.0;1.0;945.0;
12;2025-11-15;21;766.751;1.0;1.0;1.0;767.0;
12;2025-11-15;22;390.273;1.0;1.0;0.999;390.0;
12;2025-11-15;23;292.955;1.0;1.0;1.0;293.0;
12;2025-11-16;0;81.547;1.0;1.0;1.006;82.0;
12;2025-11-16;1;3.46;1.0;1.0;0.867;3.0;
12;2025-11-16;2;0.0;1.0;1.0;1.0;0.0;
12;2025-11-16;3;0.0;1.0;1.0;1.0;0.0;
12;2025-11-16;4;2.718;1.0;1.0;1.104;3.0;
12;2025-11-16;5;129.733;1.0;1.0;1.002;130.0;
12;2025-11-16;6;513.497;1.0;1.0;0.999;513.0;
12;2025-11-16;7;697.842;1.0;1.0;1.0;698.0;
12;2025-11-16;8;712.422;1.0;1.0;0.999;712.0;
12;2025-11-16;9;893.555;1.0;1.0;1.0;894.0;
12;2025-11-16;10;1128.805;1.0;1.0;1.0;1129.0;
12;2025-11-16;11;1230.367;1.0;1.0;1.0;1230.0;
12;2025-11-16;12;1306.478;1.0;1.0;1.0;1306.0;
12;2025-11-16;13;1532.585;1.0;1.0;1.0;1533.0;
12;2025-11-16;14;1435.47;1.0;1.0;1.0;1435.0;
12;2025-11-16;15;1465.864;1.0;1.0;1.0;1466.0;
12;2025-11-16;16;1468.336;1.0;1.0;1.0;1468.0;
12;2025-11-16;17;1519.241;1.0;1.0;1.0;1519.0;
12;2025-11-16;18;1318.833;1.0;1.0;1.0;1319.0;
12;2025-11-16;19;982.02;1.0;1.0;1.0;982.0;
12;2025-11-16;20;764.81;1.0;1.0;1.0;765.0;
12;2025-11-16;21;586.395;1.0;1.0;0.999;586.0;
12;2025-11-16;22;382.775;1.0;1.0;1.001;383.0;
12;2025-11-16;23;192.747;1.0;1.0;1.001;193.0;
12;2025-11-17;0;53.75;1.0;1.0;1.005;54.0;
12;2025-11-17;1;1.579;1.0;1.0;1.267;2.0;
12;2025-11-17;2;0.0;1.0;1.0;1.0;0.0;
12;2025-11-17;3;0.0;1.0;1.0;1.0;0.0;
12;2025-11-17;4;6.885;1.0;1.0;1.017;7.0;
12;2025-11-17;5;315.744;1.0;1.0;1.001;316.0;
12;2025-11-17;6;1440.774;1.0;1.0;1.0;1441.0;
12;2025-11-17;7;2721.939;1.0;1.0;1.0;2722.0;
12;2025-11-17;8;3659.506;1.0;1.0;1.0;3660.0;
12;2025-11-17;9;2583.237;1.0;1.0;1.0;2583.0;
12;2025-11-17;10;2091.652;1.0;1.0;1.0;2092.0;
12;2025-11-17;11;1955.792;1.0;1.0;1.0;1956.0;
12;2025-11-17;12;2063.987;1.0;1.0;1.0;2064.0;
12;2025-11-17;13;2082.683;1.0;1.0;1.0;2083.0;
12;2025-11-17;14;1978.088;1.0;1.0;1.0;1978.0;
12;2025-11-17;15;2210.774;1.0;1.0;1.0;2211.0;
12;2025-11-17;16;2696.232;1.0;1.0;1.0;2696.0;
12;2025-11-17;17;3006.165;1.0;1.0;1.0;3006.0;
12;2025-11-17;18;3186.68;1.0;1.0;1.0;3187.0;
12;2025-11-17;19;2381.752;1.0;1.0;1.0;2382.0;
12;2025-11-17;20;1566.655;1.0;1.0;1.0;1567.0;
12;2025-11-17;21;970.159;1.0;1.0;1.0;970.0;
12;2025-11-17;22;488.111;1.0;1.0;1.0;488.0;
12;2025-11-17;23;254.856;1.0;1.0;1.001;255.0;
12;2025-11-18;0;53.75;1.0;1.0;1.005;54.0;
12;2025-11-18;1;1.579;1.0;1.0;1.267;2.0;
12;2025-11-18;2;0.0;1.0;1.0;1.0;0.0;
12;2025-11-18;3;0.0;1.0;1.0;1.0;0.0;
12;2025-11-18;4;6.885;1.0;1.0;1.017;7.0;
12;2025-11-18;5;315.744;1.0;1.0;1.001;316.0;
12;2025-11-18;6;1440.774;1.0;1.0;1.0;1441.0;
12;2025-11-18;7;2721.939;1.0;1.0;1.0;2722.0;
12;2025-11-18;8;3659.506;1.0;1.0;1.0;3660.0;
12;2025-11-18;9;2583.237;1.0;1.0;1.0;2583.0;
12;2025-11-18;10;2091.652;1.0;1.0;1.0;2092.0;
12;2025-11-18;11;1955.792;1.0;1.0;1.0;1956.0;
12;2025-11-18;12;2063.987;1.0;1.0;1.0;2064.0;
12;2025-11-18;13;2082.683;1.0;1.0;1.0;2083.0;
12;2025-11-18;14;1978.088;1.0;1.0;1.0;1978.0;
12;2025-11-18;15;2210.774;1.0;1.0;1.0;2211.0;
12;2025-11-18;16;2696.232;1.0;1.0;1.0;2696.0;
12;2025-11-18;17;3006.165;1.0;1.0;1.0;3006.0;
12;2025-11-18;18;3186.68;1.0;1.0;1.0;3187.0;
12;2025-11-18;19;2381.752;1.0;1.0;1.0;2382.0;
12;2025-11-18;20;1566.655;1.0;1.0;1.0;1567.0;
12;2025-11-18;21;970.159;1.0;1.0;1.0;970.0;
12;2025-11-18;22;488.111;1.0;1.0;1.0;488.0;
12;2025-11-18;23;254.856;1.0;1.0;1.001;255.0;
12;2025-11-19;0;53.75;1.0;1.0;1.005;54.0;
12;2025-11-19;1;1.579;1.0;1.0;1.267;2.0;
12;2025-11-19;2;0.0;1.0;1.0;1.0;0.0;
12;2025-11-19;3;0.0;1.0;1.0;1.0;0.0;
12;2025-11-19;4;6.885;1.0;1.0;1.017;7.0;
12;2025-11-19;5;315.744;1.0;1.0;1.001;316.0;
12;2025-11-19;6;1440.774;1.0;1.0;1.0;1441.0;
12;2025-11-19;7;2721.939;1.0;1.0;1.0;2722.0;
12;2025-11-19;8;3659.506;1.0;1.0;1.0;3660.0;
12;2025-11-19;9;2583.237;1.0;1.0;1.0;2583.0;
12;2025-11-19;10;2091.652;1.0;1.0;1.0;2092.0;
12;2025-11-19;11;1955.792;1.0;1.0;1.0;1956.0;
12;2025-11-19;12;2063.987;1.0;1.0;1.0;2064.0;
12;2025-11-19;13;2082.683;1.0;1.0;1.0;2083.0;
12;2025-11-19;14;1978.088;1.0;1.0;1.0;1978.0;
12;2025-11-19;15;2210.774;1.0;1.0;1.0;2211.0;
12;2025-11-19;16;2696.232;1.0;1.0;1.0;2696.0;
12;2025-11-19;17;3006.165;1.0;1.0;1.0;3006.0;
12;2025-11-19;18;3186.68;1.0;1.0;1.0;3187.0;
12;2025-11-19;19;2381.752;1.0;1.0;1.0;2382.0;
12;2025-11-19;20;1566.655;1.0;1.0;1.0;1567.0;
12;2025-11-19;21;970.159;1.0;1.0;1.0;970.0;
12;2025-11-19;22;488.111;1.0;1.0;1.0;488.0;
12;2025-11-19;23;254.856;1.0;1.0;1.001;255.0;
12;2025-11-20;0;53.75;1.0;1.0;1.005;54.0;
12;2025-11-20;1;1.579;1.0;1.0;1.267;2.0;
12;2025-11-20;2;0.0;1.0;1.0;1.0;0.0;
12;2025-11-20;3;0.0;1.0;1.0;1.0;0.0;
12;2025-11-20;4;6.885;1.0;1.0;1.017;7.0;
12;2025-11-20;5;315.744;1.0;1.0;1.001;316.0;
12;2025-11-20;6;1440.774;1.0;1.0;1.0;1441.0;
12;2025-11-20;7;2721.939;1.0;1.0;1.0;2722.0;
12;2025-11-20;8;3659.506;1.0;1.0;1.0;3660.0;
12;2025-11-20;9;2583.237;1.0;1.0;1.0;2583.0;
12;2025-11-20;10;2091.652;1.0;1.0;1.0;2092.0;
12;2025-11-20;11;1955.792;1.0;1.0;1.0;1956.0;
12;2025-11-20;12;2063.987;1.0;1.0;1.0;2064.0;
12;2025-11-20;13;2082.683;1.0;1.0;1.0;2083.0;
12;2025-11-20;14;1978.088;1.0;1.0;1.0;1978.0;
12;2025-11-20;15;2210.774;1.0;1.0;1.0;2211.0;
12;2025-11-20;16;2696.232;1.0;1.0;1.0;2696.0;
12;2025-11-20;17;3006.165;1.0;1.0;1.0;3006.0;
12;2025-11-20;18;3186.68;1.0;1.0;1.0;3187.0;
12;2025-11-20;19;2381.752;1.0;1.0;1.0;2382.0;
12;2025-11-20;20;1566.655;1.0;1.0;1.0;1567.0;
12;2025-11-20;21;970.159;1.0;1.0;1.0;970.0;
12;2025-11-20;22;488.111;1.0;1.0;1.0;488.0;
12;2025-11-20;23;254.856;1.0;1.0;1.001;255.0;
12;2025-11-21;0;56.403;1.0;1.0;0.993;56.0;
12;2025-11-21;1;1.026;1.0;1.0;0.975;1.0;
12;2025-11-21;2;0.0;1.0;1.0;1.0;0.0;
12;2025-11-21;3;0.0;1.0;1.0;1.0;0.0;
12;2025-11-21;4;4.615;1.0;1.0;1.084;5.0;
12;2025-11-21;5;333.291;1.0;1.0;0.999;333.0;
12;2025-11-21;6;1444.176;1.0;1.0;1.0;1444.0;
12;2025-11-21;7;2769.136;1.0;1.0;1.0;2769.0;
12;2025-11-21;8;3418.284;1.0;1.0;1.0;3418.0;
12;2025-11-21;9;2565.059;1.0;1.0;1.0;2565.0;
12;2025-11-21;10;1929.243;1.0;1.0;1.0;1929.0;
12;2025-11-21;11;1916.424;1.0;1.0;1.0;1916.0;
12;2025-11-21;12;1958.982;1.0;1.0;1.0;1959.0;
12;2025-11-21;13;2219.206;1.0;1.0;1.0;2219.0;
12;2025-11-21;14;2007.951;1.0;1.0;1.0;2008.0;
12;2025-11-21;15;2254.33;1.0;1.0;1.0;2254.0;
12;2025-11-21;16;2960.65;1.0;1.0;1.0;2961.0;
12;2025-11-21;17;2958.343;1.0;1.0;1.0;2958.0;
12;2025-11-21;18;2596.337;1.0;1.0;1.0;2596.0;
12;2025-11-21;19;2139.985;1.0;1.0;1.0;2140.0;
12;2025-11-21;20;1400.848;1.0;1.0;1.0;1401.0;
12;2025-11-21;21;1018.589;1.0;1.0;1.0;1019.0;
12;2025-11-21;22;510.704;1.0;1.0;1.001;511.0;
12;2025-11-21;23;338.419;1.0;1.0;0.999;338.0;
12;2025-11-22;0;67.47;1.0;1.0;0.993;67.0;
12;2025-11-22;1;1.756;1.0;1.0;1.139;2.0;
12;2025-11-22;2;0.0;1.0;1.0;1.0;0.0;
12;2025-11-22;3;0.0;1.0;1.0;1.0;0.0;
12;2025-11-22;4;1.505;1.0;1.0;1.329;2.0;
12;2025-11-22;5;223.73;1.0;1.0;1.001;224.0;
12;2025-11-22;6;793.588;1.0;1.0;1.0;794.0;
12;2025-11-22;7;902.192;1.0;1.0;1.0;902.0;
12;2025-11-22;8;1051.931;1.0;1.0;1.0;1052.0;
12;2025-11-22;9;1252.585;1.0;1.0;1.0;1253.0;
12;2025-11-22;10;1488.856;1.0;1.0;1.0;1489.0;
12;2025-11-22;11;1509.924;1.0;1.0;1.0;1510.0;
12;2025-11-22;12;1550.055;1.0;1.0;1.0;1550.0;
12;2025-11-22;13;1759.488;1.0;1.0;1.0;1759.0;
12;2025-11-22;14;1589.183;1.0;1.0;1.0;1589.0;
12;2025-11-22;15;1561.091;1.0;1.0;1.0;1561.0;
12;2025-11-22;16;1680.982;1.0;1.0;1.0;1681.0;
12;2025-11-22;17;1610.001;1.0;1.0;1.0;1610.0;
12;2025-11-22;18;1599.717;1.0;1.0;1.0;1600.0;
12;2025-11-22;19;1344.886;1.0;1.0;1.0;1345.0;
12;2025-11-22;20;944.581;1.0;1.0;1.0;945.0;
12;2025-11-22;21;766.751;1.0;1.0;1.0;767.0;
12;2025-11-22;22;390.273;1.0;1.0;0.999;390.0;
12;2025-11-22;23;292.955;1.0;1.0;1.0;293.0;
12;2025-11-23;0;81.547;1.0;1.0;1.006;82.0;
12;2025-11-23;1;3.46;1.0;1.0;0.867;3.0;
12;2025-11-23;2;0.0;1.0;1.0;1.0;0.0;
12;2025-11-23;3;0.0;1.0;1.0;1.0;0.0;
12;2025-11-23;4;2.718;1.0;1.0;1.104;3.0;
12;2025-11-23;5;129.733;1.0;1.0;1.002;130.0;
12;2025-11-23;6;513.497;1.0;1.0;0.999;513.0;
12;2025-11-23;7;697.842;1.0;1.0;1.0;698.0;
12;2025-11-23;8;712.422;1.0;1.0;0.999;712.0;
12;2025-11-23;9;893.555;1.0;1.0;1.0;894.0;
12;2025-11-23;10;1128.805;1.0;1.0;1.0;1129.0;
12;2025-11-23;11;1230.367;1.0;1.0;1.0;1230.0;
12;2025-11-23;12;1306.478;1.0;1.0;1.0;1306.0;
12;2025-11-23;13;1532.585;1.0;1.0;1.0;1533.0;
12;2025-11-23;14;1435.47;1.0;1.0;1.0;1435.0;
12;2025-11-23;15;1465.864;1.0;1.0;1.0;1466.0;
12;2025-11-23;16;1468.336;1.0;1.0;1.0;1468.0;
12;2025-11-23;17;1519.241;1.0;1.0;1.0;1519.0;
12;2025-11-23;18;1318.833;1.0;1.0;1.0;1319.0;
12;2025-11-23;19;982.02;1.0;1.0;1.0;982.0;
12;2025-11-23;20;764.81;1.0;1.0;1.0;765.0;
12;2025-11-23;21;586.395;1.0;1.0;0.999;586.0;
12;2025-11-23;22;382.775;1.0;1.0;1.001;383.0;
12;2025-11-23;23;192.747;1.0;1.0;1.001;193.0;
12;2025-11-24;0;53.75;1.0;1.0;1.005;54.0;
12;2025-11-24;1;1.579;1.0;1.0;1.267;2.0;
12;2025-11-24;2;0.0;1.0;1.0;1.0;0.0;
12;2025-11-24;3;0.0;1.0;1.0;1.0;0.0;
12;2025-11-24;4;6.885;1.0;1.0;1.017;7.0;
12;2025-11-24;5;315.744;1.0;1.0;1.001;316.0;
12;2025-11-24;6;1440.774;1.0;1.0;1.0;1441.0;
12;2025-11-24;7;2721.939;1.0;1.0;1.0;2722.0;
12;2025-11-24;8;3659.506;1.0;1.0;1.0;3660.0;
12;2025-11-24;9;2583.237;1.0;1.0;1.0;2583.0;
12;2025-11-24;10;2091.652;1.0;1.0;1.0;2092.0;
12;2025-11-24;11;1955.792;1.0;1.0;1.0;1956.0;
12;2025-11-24;12;2063.987;1.0;1.0;1.0;2064.0;
12;2025-11-24;13;2082.683;1.0;1.0;1.0;2083.0;
12;2025-11-24;14;1978.088;1.0;1.0;1.0;1978.0;
12;2025-11-24;15;2210.774;1.0;1.0;1.0;2211.0;
12;2025-11-24;16;2696.232;1.0;1.0;1.0;2696.0;
12;2025-11-24;17;3006.165;1.0;1.0;1.0;3006.0;
12;2025-11-24;18;3186.68;1.0;1.0;1.0;3187.0;
12;2025-11-24;19;2381.752;1.0;1.0;1.0;2382.0;
12;2025-11-24;20;1566.655;1.0;1.0;1.0;1567.0;
12;2025-11-24;21;970.159;1.0;1.0;1.0;970.0;
12;2025-11-24;22;488.111;1.0;1.0;1.0;488.0;
12;2025-11-24;23;254.856;1.0;1.0;1.001;255.0;
12;2025-11-25;0;53.75;1.0;1.0;1.005;54.0;
12;2025-11-25;1;1.579;1.0;1.0;1.267;2.0;
12;2025-11-25;2;0.0;1.0;1.0;1.0;0.0;
12;2025-11-25;3;0.0;1.0;1.0;1.0;0.0;
12;2025-11-25;4;6.885;1.0;1.0;1.017;7.0;
12;2025-11-25;5;315.744;1.0;1.0;1.001;316.0;
12;2025-11-25;6;1440.774;1.0;1.0;1.0;1441.0;
12;2025-11-25;7;2721.939;1.0;1.0;1.0;2722.0;
12;2025-11-25;8;3659.506;1.0;1.0;1.0;3660.0;
12;2025-11-25;9;2583.237;1.0;1.0;1.0;2583.0;
12;2025-11-25;10;2091.652;1.0;1.0;1.0;2092.0;
12;2025-11-25;11;1955.792;1.0;1.0;1.0;1956.0;
12;2025-11-25;12;2063.987;1.0;1.0;1.0;2064.0;
12;2025-11-25;13;2082.683;1.0;1.0;1.0;2083.0;
12;2025-11-25;14;1978.088;1.0;1.0;1.0;1978.0;
12;2025-11-25;15;2210.774;1.0;1.0;1.0;2211.0;
12;2025-11-25;16;2696.232;1.0;1.0;1.0;2696.0;
12;2025-11-25;17;3006.165;1.0;1.0;1.0;3006.0;
12;2025-11-25;18;3186.68;1.0;1.0;1.0;3187.0;
12;2025-11-25;19;2381.752;1.0;1.0;1.0;2382.0;
12;2025-11-25;20;1566.655;1.0;1.0;1.0;1567.0;
12;2025-11-25;21;970.159;1.0;1.0;1.0;970.0;
12;2025-11-25;22;488.111;1.0;1.0;1.0;488.0;
12;2025-11-25;23;254.856;1.0;1.0;1.001;255.0;
12;2025-11-26;0;53.75;1.0;1.0;1.005;54.0;
12;2025-11-26;1;1.579;1.0;1.0;1.267;2.0;
12;2025-11-26;2;0.0;1.0;1.0;1.0;0.0;
12;2025-11-26;3;0.0;1.0;1.0;1.0;0.0;
12;2025-11-26;4;6.885;1.0;1.0;1.017;7.0;
12;2025-11-26;5;315.744;1.0;1.0;1.001;316.0;
12;2025-11-26;6;1440.774;1.0;1.0;1.0;1441.0;
12;2025-11-26;7;2721.939;1.0;1.0;1.0;2722.0;
12;2025-11-26;8;3659.506;1.0;1.0;1.0;3660.0;
12;2025-11-26;9;2583.237;1.0;1.0;1.0;2583.0;
12;2025-11-26;10;2091.652;1.0;1.0;1.0;2092.0;
12;2025-11-26;11;1955.792;1.0;1.0;1.0;1956.0;
12;2025-11-26;12;2063.987;1.0;1.0;1.0;2064.0;
12;2025-11-26;13;2082.683;1.0;1.0;1.0;2083.0;
12;2025-11-26;14;1978.088;1.0;1.0;1.0;1978.0;
12;2025-11-26;15;2210.774;1.0;1.0;1.0;2211.0;
12;2025-11-26;16;2696.232;1.0;1.0;1.0;2696.0;
12;2025-11-26;17;3006.165;1.0;1.0;1.0;3006.0;
12;2025-11-26;18;3186.68;1.0;1.0;1.0;3187.0;
12;2025-11-26;19;2381.752;1.0;1.0;1.0;2382.0;
12;2025-11-26;20;1566.655;1.0;1.0;1.0;1567.0;
12;2025-11-26;21;970.159;1.0;1.0;1.0;970.0;
12;2025-11-26;22;488.111;1.0;1.0;1.0;488.0;
12;2025-11-26;23;254.856;1.0;1.0;1.001;255.0;
12;2025-11-27;0;53.75;1.0;1.0;1.005;54.0;
12;2025-11-27;1;1.579;1.0;1.0;1.267;2.0;
12;2025-11-27;2;0.0;1.0;1.0;1.0;0.0;
12;2025-11-27;3;0.0;1.0;1.0;1.0;0.0;
12;2025-11-27;4;6.885;1.0;1.0;1.017;7.0;
12;2025-11-27;5;315.744;1.0;1.0;1.001;316.0;
12;2025-11-27;6;1440.774;1.0;1.0;1.0;1441.0;
12;2025-11-27;7;2721.939;1.0;1.0;1.0;2722.0;
12;2025-11-27;8;3659.506;1.0;1.0;1.0;3660.0;
12;2025-11-27;9;2583.237;1.0;1.0;1.0;2583.0;
12;2025-11-27;10;2091.652;1.0;1.0;1.0;2092.0;
12;2025-11-27;11;1955.792;1.0;1.0;1.0;1956.0;
12;2025-11-27;12;2063.987;1.0;1.0;1.0;2064.0;
12;2025-11-27;13;2082.683;1.0;1.0;1.0;2083.0;
12;2025-11-27;14;1978.088;1.0;1.0;1.0;1978.0;
12;2025-11-27;15;2210.774;1.0;1.0;1.0;2211.0;
12;2025-11-27;16;2696.232;1.0;1.0;1.0;2696.0;
12;2025-11-27;17;3006.165;1.0;1.0;1.0;3006.0;
12;2025-11-27;18;3186.68;1.0;1.0;1.0;3187.0;
12;2025-11-27;19;2381.752;1.0;1.0;1.0;2382.0;
12;2025-11-27;20;1566.655;1.0;1.0;1.0;1567.0;
12;2025-11-27;21;970.159;1.0;1.0;1.0;970.0;
12;2025-11-27;22;488.111;1.0;1.0;1.0;488.0;
12;2025-11-27;23;254.856;1.0;1.0;1.001;255.0;
12;2025-11-28;0;56.403;1.0;1.0;0.993;56.0;
12;2025-11-28;1;1.026;1.0;1.0;0.975;1.0;
12;2025-11-28;2;0.0;1.0;1.0;1.0;0.0;
12;2025-11-28;3;0.0;1.0;1.0;1.0;0.0;
12;2025-11-28;4;4.615;1.0;1.0;1.084;5.0;
12;2025-11-28;5;333.291;1.0;1.0;0.999;333.0;
12;2025-11-28;6;1444.176;1.0;1.0;1.0;1444.0;
12;2025-11-28;7;2769.136;1.0;1.0;1.0;2769.0;
12;2025-11-28;8;3418.284;1.0;1.0;1.0;3418.0;
12;2025-11-28;9;2565.059;1.0;1.0;1.0;2565.0;
12;2025-11-28;10;1929.243;1.0;1.0;1.0;1929.0;
12;2025-11-28;11;1916.424;1.0;1.0;1.0;1916.0;
12;2025-11-28;12;1958.982;1.0;1.0;1.0;1959.0;
12;2025-11-28;13;2219.206;1.0;1.0;1.0;2219.0;
12;2025-11-28;14;2007.951;1.0;1.0;1.0;2008.0;
12;2025-11-28;15;2254.33;1.0;1.0;1.0;2254.0;
12;2025-11-28;16;2960.65;1.0;1.0;1.0;2961.0;
12;2025-11-28;17;2958.343;1.0;1.0;1.0;2958.0;
12;2025-11-28;18;2596.337;1.0;1.0;1.0;2596.0;
12;2025-11-28;19;2139.985;1.0;1.0;1.0;2140.0;
12;2025-11-28;20;1400.848;1.0;1.0;1.0;1401.0;
12;2025-11-28;21;1018.589;1.0;1.0;1.0;1019.0;
12;2025-11-28;22;510.704;1.0;1.0;1.001;511.0;
12;2025-11-28;23;338.419;1.0;1.0;0.999;338.0;
12;2025-11-29;0;67.47;1.0;1.0;0.993;67.0;
12;2025-11-29;1;1.756;1.0;1.0;1.139;2.0;
12;2025-11-29;2;0.0;1.0;1.0;1.0;0.0;
12;2025-11-29;3;0.0;1.0;1.0;1.0;0.0;
12;2025-11-29;4;1.505;1.0;1.0;1.329;2.0;
12;2025-11-29;5;223.73;1.0;1.0;1.001;224.0;
12;2025-11-29;6;793.588;1.0;1.0;1.0;794.0;
12;2025-11-29;7;902.192;1.0;1.0;1.0;902.0;
12;2025-11-29;8;1051.931;1.0;1.0;1.0;1052.0;
12;2025-11-29;9;1252.585;1.0;1.0;1.0;1253.0;
12;2025-11-29;10;1488.856;1.0;1.0;1.0;1489.0;
12;2025-11-29;11;1509.924;1.0;1.0;1.0;1510.0;
12;2025-11-29;12;1550.055;1.0;1.0;1.0;1550.0;
12;2025-11-29;13;1759.488;1.0;1.0;1.0;1759.0;
12;2025-11-29;14;1589.183;1.0;1.0;1.0;1589.0;
12;2025-11-29;15;1561.091;1.0;1.0;1.0;1561.0;
12;2025-11-29;16;1680.982;1.0;1.0;1.0;1681.0;
12;2025-11-29;17;1610.001;1.0;1.0;1.0;1610.0;
12;2025-11-29;18;1599.717;1.0;1.0;1.0;1600.0;
12;2025-11-29;19;1344.886;1.0;1.0;1.0;1345.0;
12;2025-11-29;20;944.581;1.0;1.0;1.0;945.0;
12;2025-11-29;21;766.751;1.0;1.0;1.0;767.0;
12;2025-11-29;22;390.273;1.0;1.0;0.999;390.0;
12;2025-11-29;23;292.955;1.0;1.0;1.0;293.0;
12;2025-11-30;0;81.547;1.0;1.0;1.006;82.0;
12;2025-11-30;1;3.46;1.0;1.0;0.867;3.0;
12;2025-11-30;2;0.0;1.0;1.0;1.0;0.0;
12;2025-11-30;3;0.0;1.0;1.0;1.0;0.0;
12;2025-11-30;4;2.718;1.0;1.0;1.104;3.0;
12;2025-11-30;5;129.733;1.0;1.0;1.002;130.0;
12;2025-11-30;6;513.497;1.0;1.0;0.999;513.0;
12;2025-11-30;7;697.842;1.0;1.0;1.0;698.0;
12;2025-11-30;8;712.422;1.0;1.0;0.999;712.0;
12;2025-11-30;9;893.555;1.0;1.0;1.0;894.0;
12;2025-11-30;10;1128.805;1.0;1.0;1.0;1129.0;
12;2025-11-30;11;1230.367;1.0;1.0;1.0;1230.0;
12;2025-11-30;12;1306.478;1.0;1.0;1.0;1306.0;
12;2025-11-30;13;1532.585;1.0;1.0;1.0;1533.0;
12;2025-11-30;14;1435.47;1.0;1.0;1.0;1435.0;
12;2025-11-30;15;1465.864;1.0;1.0;1.0;1466.0;
12;2025-11-30;16;1468.336;1.0;1.0;1.0;1468.0;
12;2025-11-30;17;1519.241;1.0;1.0;1.0;1519.0;
12;2025-11-30;18;1318.833;1.0;1.0;1.0;1319.0;
12;2025-11-30;19;982.02;1.0;1.0;1.0;982.0;
12;2025-11-30;20;764.81;1.0;1.0;1.0;765.0;
12;2025-11-30;21;586.395;1.0;1.0;0.999;586.0;
12;2025-11-30;22;382.775;1.0;1.0;1.001;383.0;
12;2025-11-30;23;192.747;1.0;1.0;1.001;193.0;
12;2025-12-01;0;53.75;1.0;1.0;1.005;54.0;
12;2025-12-01;1;1.579;1.0;1.0;1.267;2.0;
12;2025-12-01;2;0.0;1.0;1.0;1.0;0.0;
12;2025-12-01;3;0.0;1.0;1.0;1.0;0.0;
12;2025-12-01;4;6.885;1.0;1.0;1.017;7.0;
12;2025-12-01;5;315.744;1.0;1.0;1.001;316.0;
12;2025-12-01;6;1440.774;1.0;1.0;1.0;1441.0;
12;2025-12-01;7;2721.939;1.0;1.0;1.0;2722.0;
12;2025-12-01;8;3659.506;1.0;1.0;1.0;3660.0;
12;2025-12-01;9;2583.237;1.0;1.0;1.0;2583.0;
12;2025-12-01;10;2091.652;1.0;1.0;1.0;2092.0;
12;2025-12-01;11;1955.792;1.0;1.0;1.0;1956.0;
12;2025-12-01;12;2063.987;1.0;1.0;1.0;2064.0;
12;2025-12-01;13;2082.683;1.0;1.0;1.0;2083.0;
12;2025-12-01;14;1978.088;1.0;1.0;1.0;1978.0;
12;2025-12-01;15;2210.774;1.0;1.0;1.0;2211.0;
12;2025-12-01;16;2696.232;1.0;1.0;1.0;2696.0;
12;2025-12-01;17;3006.165;1.0;1.0;1.0;3006.0;
12;2025-12-01;18;3186.68;1.0;1.0;1.0;3187.0;
12;2025-12-01;19;2381.752;1.0;1.0;1.0;2382.0;
12;2025-12-01;20;1566.655;1.0;1.0;1.0;1567.0;
12;2025-12-01;21;970.159;1.0;1.0;1.0;970.0;
12;2025-12-01;22;488.111;1.0;1.0;1.0;488.0;
12;2025-12-01;23;254.856;1.0;1.0;1.001;255.0;
12;2025-12-02;0;53.75;1.0;1.0;1.005;54.0;
12;2025-12-02;1;1.579;1.0;1.0;1.267;2.0;
12;2025-12-02;2;0.0;1.0;1.0;1.0;0.0;
12;2025-12-02;3;0.0;1.0;1.0;1.0;0.0;
12;2025-12-02;4;6.885;1.0;1.0;1.017;7.0;
12;2025-12-02;5;315.744;1.0;1.0;1.001;316.0;
12;2025-12-02;6;1440.774;1.0;1.0;1.0;1441.0;
12;2025-12-02;7;2721.939;1.0;1.0;1.0;2722.0;
12;2025-12-02;8;3659.506;1.0;1.0;1.0;3660.0;
12;2025-12-02;9;2583.237;1.0;1.0;1.0;2583.0;
12;2025-12-02;10;2091.652;1.0;1.0;1.0;2092.0;
12;2025-12-02;11;1955.792;1.0;1.0;1.0;1956.0;
12;2025-12-02;12;2063.987;1.0;1.0;1.0;2064.0;
12;2025-12-02;13;2082.683;1.0;1.0;1.0;2083.0;
12;2025-12-02;14;1978.088;1.0;1.0;1.0;1978.0;
12;2025-12-02;15;2210.774;1.0;1.0;1.0;2211.0;
12;2025-12-02;16;2696.232;1.0;1.0;1.0;2696.0;
12;2025-12-02;17;3006.165;1.0;1.0;1.0;3006.0;
12;2025-12-02;18;3186.68;1.0;1.0;1.0;3187.0;
12;2025-12-02;19;2381.752;1.0;1.0;1.0;2382.0;
12;2025-12-02;20;1566.655;1.0;1.0;1.0;1567.0;
12;2025-12-02;21;970.159;1.0;1.0;1.0;970.0;
12;2025-12-02;22;488.111;1.0;1.0;1.0;488.0;
12;2025-12-02;23;254.856;1.0;1.0;1.001;255.0;
12;2025-12-03;0;53.75;1.0;1.0;1.005;54.0;
12;2025-12-03;1;1.579;1.0;1.0;1.267;2.0;
12;2025-12-03;2;0.0;1.0;1.0;1.0;0.0;
12;2025-12-03;3;0.0;1.0;1.0;1.0;0.0;
12;2025-12-03;4;6.885;1.0;1.0;1.017;7.0;
12;2025-12-03;5;315.744;1.0;1.0;1.001;316.0;
12;2025-12-03;6;1440.774;1.0;1.0;1.0;1441.0;
12;2025-12-03;7;2721.939;1.0;1.0;1.0;2722.0;
12;2025-12-03;8;3659.506;1.0;1.0;1.0;3660.0;
12;2025-12-03;9;2583.237;1.0;1.0;1.0;2583.0;
12;2025-12-03;10;2091.652;1.0;1.0;1.0;2092.0;
12;2025-12-03;11;1955.792;1.0;1.0;1.0;1956.0;
12;2025-12-03;12;2063.987;1.0;1.0;1.0;2064.0;
12;2025-12-03;13;2082.683;1.0;1.0;1.0;2083.0;
12;2025-12-03;14;1978.088;1.0;1.0;1.0;1978.0;
12;2025-12-03;15;2210.774;1.0;1.0;1.0;2211.0;
12;2025-12-03;16;2696.232;1.0;1.0;1.0;2696.0;
12;2025-12-03;17;3006.165;1.0;1.0;1.0;3006.0;
12;2025-12-03;18;3186.68;1.0;1.0;1.0;3187.0;
12;2025-12-03;19;2381.752;1.0;1.0;1.0;2382.0;
12;2025-12-03;20;1566.655;1.0;1.0;1.0;1567.0;
12;2025-12-03;21;970.159;1.0;1.0;1.0;970.0;
12;2025-12-03;22;488.111;1.0;1.0;1.0;488.0;
12;2025-12-03;23;254.856;1.0;1.0;1.001;255.0;
12;2025-12-04;0;53.75;1.0;1.0;1.005;54.0;
12;2025-12-04;1;1.579;1.0;1.0;1.267;2.0;
12;2025-12-04;2;0.0;1.0;1.0;1.0;0.0;
12;2025-12-04;3;0.0;1.0;1.0;1.0;0.0;
12;2025-12-04;4;6.885;1.0;1.0;1.017;7.0;
12;2025-12-04;5;315.744;1.0;1.0;1.001;316.0;
12;2025-12-04;6;1440.774;1.0;1.0;1.0;1441.0;
12;2025-12-04;7;2721.939;1.0;1.0;1.0;2722.0;
12;2025-12-04;8;3659.506;1.0;1.0;1.0;3660.0;
12;2025-12-04;9;2583.237;1.0;1.0;1.0;2583.0;
12;2025-12-04;10;2091.652;1.0;1.0;1.0;2092.0;
12;2025-12-04;11;1955.792;1.0;1.0;1.0;1956.0;
12;2025-12-04;12;2063.987;1.0;1.0;1.0;2064.0;
12;2025-12-04;13;2082.683;1.0;1.0;1.0;2083.0;
12;2025-12-04;14;1978.088;1.0;1.0;1.0;1978.0;
12;2025-12-04;15;2210.774;1.0;1.0;1.0;2211.0;
12;2025-12-04;16;2696.232;1.0;1.0;1.0;2696.0;
12;2025-12-04;17;3006.165;1.0;1.0;1.0;3006.0;
12;2025-12-04;18;3186.68;1.0;1.0;1.0;3187.0;
12;2025-12-04;19;2381.752;1.0;1.0;1.0;2382.0;
12;2025-12-04;20;1566.655;1.0;1.0;1.0;1567.0;
12;2025-12-04;21;970.159;1.0;1.0;1.0;970.0;
12;2025-12-04;22;488.111;1.0;1.0;1.0;488.0;
12;2025-12-04;23;254.856;1.0;1.0;1.001;255.0;
12;2025-12-05;0;56.403;1.0;1.0;0.993;56.0;
12;2025-12-05;1;1.026;1.0;1.0;0.975;1.0;
12;2025-12-05;2;0.0;1.0;1.0;1.0;0.0;
12;2025-12-05;3;0.0;1.0;1.0;1.0;0.0;
12;2025-12-05;4;4.615;1.0;1.0;1.084;5.0;
12;2025-12-05;5;333.291;1.0;1.0;0.999;333.0;
12;2025-12-05;6;1444.176;1.0;1.0;1.0;1444.0;
12;2025-12-05;7;2769.136;1.0;1.0;1.0;2769.0;
12;2025-12-05;8;3418.284;1.0;1.0;1.0;3418.0;
12;2025-12-05;9;2565.059;1.0;1.0;1.0;2565.0;
12;2025-12-05;10;1929.243;1.0;1.0;1.0;1929.0;
12;2025-12-05;11;1916.424;1.0;1.0;1.0;1916.0;
12;2025-12-05;12;1958.982;1.0;1.0;1.0;1959.0;
12;2025-12-05;13;2219.206;1.0;1.0;1.0;2219.0;
12;2025-12-05;14;2007.951;1.0;1.0;1.0;2008.0;
12;2025-12-05;15;2254.33;1.0;1.0;1.0;2254.0;
12;2025-12-05;16;2960.65;1.0;1.0;1.0;2961.0;
12;2025-12-05;17;2958.343;1.0;1.0;1.0;2958.0;
12;2025-12-05;18;2596.337;1.0;1.0;1.0;2596.0;
12;2025-12-05;19;2139.985;1.0;1.0;1.0;2140.0;
12;2025-12-05;20;1400.848;1.0;1.0;1.0;1401.0;
12;2025-12-05;21;1018.589;1.0;1.0;1.0;1019.0;
12;2025-12-05;22;510.704;1.0;1.0;1.001;511.0;
12;2025-12-05;23;338.419;1.0;1.0;0.999;338.0;
12;2025-12-06;0;67.47;1.0;1.0;0.993;67.0;
12;2025-12-06;1;1.756;1.0;1.0;1.139;2.0;
12;2025-12-06;2;0.0;1.0;1.0;1.0;0.0;
12;2025-12-06;3;0.0;1.0;1.0;1.0;0.0;
12;2025-12-06;4;1.505;1.0;1.0;1.329;2.0;
12;2025-12-06;5;223.73;1.0;1.0;1.001;224.0;
12;2025-12-06;6;793.588;1.0;1.0;1.0;794.0;
12;2025-12-06;7;902.192;1.0;1.0;1.0;902.0;
12;2025-12-06;8;1051.931;1.0;1.0;1.0;1052.0;
12;2025-12-06;9;1252.585;1.0;1.0;1.0;1253.0;
12;2025-12-06;10;1488.856;1.0;1.0;1.0;1489.0;
12;2025-12-06;11;1509.924;1.0;1.0;1.0;1510.0;
12;2025-12-06;12;1550.055;1.0;1.0;1.0;1550.0;
12;2025-12-06;13;1759.488;1.0;1.0;1.0;1759.0;
12;2025-12-06;14;1589.183;1.0;1.0;1.0;1589.0;
12;2025-12-06;15;1561.091;1.0;1.0;1.0;1561.0;
12;2025-12-06;16;1680.982;1.0;1.0;1.0;1681.0;
12;2025-12-06;17;1610.001;1.0;1.0;1.0;1610.0;
12;2025-12-06;18;1599.717;1.0;1.0;1.0;1600.0;
12;2025-12-06;19;1344.886;1.0;1.0;1.0;1345.0;
12;2025-12-06;20;944.581;1.0;1.0;1.0;945.0;
12;2025-12-06;21;766.751;1.0;1.0;1.0;767.0;
12;2025-12-06;22;390.273;1.0;1.0;0.999;390.0;
12;2025-12-06;23;292.955;1.0;1.0;1.0;293.0;
12;2025-12-07;0;81.547;1.0;1.0;1.006;82.0;
12;2025-12-07;1;3.46;1.0;1.0;0.867;3.0;
12;2025-12-07;2;0.0;1.0;1.0;1.0;0.0;
12;2025-12-07;3;0.0;1.0;1.0;1.0;0.0;
12;2025-12-07;4;2.718;1.0;1.0;1.104;3.0;
12;2025-12-07;5;129.733;1.0;1.0;1.002;130.0;
12;2025-12-07;6;513.497;1.0;1.0;0.999;513.0;
12;2025-12-07;7;697.842;1.0;1.0;1.0;698.0;
12;2025-12-07;8;712.422;1.0;1.0;0.999;712.0;
12;2025-12-07;9;893.555;1.0;1.0;1.0;894.0;
12;2025-12-07;10;1128.805;1.0;1.0;1.0;1129.0;
12;2025-12-07;11;1230.367;1.0;1.0;1.0;1230.0;
12;2025-12-07;12;1306.478;1.0;1.0;1.0;1306.0;
12;2025-12-07;13;1532.585;1.0;1.0;1.0;1533.0;
12;2025-12-07;14;1435.47;1.0;1.0;1.0;1435.0;
12;2025-12-07;15;1465.864;1.0;1.0;1.0;1466.0;
12;2025-12-07;16;1468.336;1.0;1.0;1.0;1468.0;
12;2025-12-07;17;1519.241;1.0;1.0;1.0;1519.0;
12;2025-12-07;18;1318.833;1.0;1.0;1.0;1319.0;
12;2025-12-07;19;982.02;1.0;1.0;1.0;982.0;
12;2025-12-07;20;764.81;1.0;1.0;1.0;765.0;
12;2025-12-07;21;586.395;1.0;1.0;0.999;586.0;
12;2025-12-07;22;382.775;1.0;1.0;1.001;383.0;
12;2025-12-07;23;192.747;1.0;1.0;1.001;193.0;
12;2025-12-08;0;53.75;1.0;1.0;1.005;54.0;
12;2025-12-08;1;1.579;1.0;1.0;1.267;2.0;
12;2025-12-08;2;0.0;1.0;1.0;1.0;0.0;
12;2025-12-08;3;0.0;1.0;1.0;1.0;0.0;
12;2025-12-08;4;6.885;1.0;1.0;1.017;7.0;
12;2025-12-08;5;315.744;1.0;1.0;1.001;316.0;
12;2025-12-08;6;1440.774;1.0;1.0;1.0;1441.0;
12;2025-12-08;7;2721.939;1.0;1.0;1.0;2722.0;
12;2025-12-08;8;3659.506;1.0;1.0;1.0;3660.0;
12;2025-12-08;9;2583.237;1.0;1.0;1.0;2583.0;
12;2025-12-08;10;2091.652;1.0;1.0;1.0;2092.0;
12;2025-12-08;11;1955.792;1.0;1.0;1.0;1956.0;
12;2025-12-08;12;2063.987;1.0;1.0;1.0;2064.0;
12;2025-12-08;13;2082.683;1.0;1.0;1.0;2083.0;
12;2025-12-08;14;1978.088;1.0;1.0;1.0;1978.0;
12;2025-12-08;15;2210.774;1.0;1.0;1.0;2211.0;
12;2025-12-08;16;2696.232;1.0;1.0;1.0;2696.0;
12;2025-12-08;17;3006.165;1.0;1.0;1.0;3006.0;
12;2025-12-08;18;3186.68;1.0;1.0;1.0;3187.0;
12;2025-12-08;19;2381.752;1.0;1.0;1.0;2382.0;
12;2025-12-08;20;1566.655;1.0;1.0;1.0;1567.0;
12;2025-12-08;21;970.159;1.0;1.0;1.0;970.0;
12;2025-12-08;22;488.111;1.0;1.0;1.0;488.0;
12;2025-12-08;23;254.856;1.0;1.0;1.001;255.0;
12;2025-12-09;0;53.75;1.0;1.0;1.005;54.0;
12;2025-12-09;1;1.579;1.0;1.0;1.267;2.0;
12;2025-12-09;2;0.0;1.0;1.0;1.0;0.0;
12;2025-12-09;3;0.0;1.0;1.0;1.0;0.0;
12;2025-12-09;4;6.885;1.0;1.0;1.017;7.0;
12;2025-12-09;5;315.744;1.0;1.0;1.001;316.0;
12;2025-12-09;6;1440.774;1.0;1.0;1.0;1441.0;
12;2025-12-09;7;2721.939;1.0;1.0;1.0;2722.0;
12;2025-12-09;8;3659.506;1.0;1.0;1.0;3660.0;
12;2025-12-09;9;2583.237;1.0;1.0;1.0;2583.0;
12;2025-12-09;10;2091.652;1.0;1.0;1.0;2092.0;
12;2025-12-09;11;1955.792;1.0;1.0;1.0;1956.0;
12;2025-12-09;12;2063.987;1.0;1.0;1.0;2064.0;
12;2025-12-09;13;2082.683;1.0;1.0;1.0;2083.0;
12;2025-12-09;14;1978.088;1.0;1.0;1.0;1978.0;
12;2025-12-09;15;2210.774;1.0;1.0;1.0;2211.0;
12;2025-12-09;16;2696.232;1.0;1.0;1.0;2696.0;
12;2025-12-09;17;3006.165;1.0;1.0;1.0;3006.0;
12;2025-12-09;18;3186.68;1.0;1.0;1.0;3187.0;
12;2025-12-09;19;2381.752;1.0;1.0;1.0;2382.0;
12;2025-12-09;20;1566.655;1.0;1.0;1.0;1567.0;
12;2025-12-09;21;970.159;1.0;1.0;1.0;970.0;
12;2025-12-09;22;488.111;1.0;1.0;1.0;488.0;
12;2025-12-09;23;254.856;1.0;1.0;1.001;255.0;
12;2025-12-10;0;53.75;1.0;1.0;1.005;54.0;
12;2025-12-10;1;1.579;1.0;1.0;1.267;2.0;
12;2025-12-10;2;0.0;1.0;1.0;1.0;0.0;
12;2025-12-10;3;0.0;1.0;1.0;1.0;0.0;
12;2025-12-10;4;6.885;1.0;1.0;1.017;7.0;
12;2025-12-10;5;315.744;1.0;1.0;1.001;316.0;
12;2025-12-10;6;1440.774;1.0;1.0;1.0;1441.0;
12;2025-12-10;7;2721.939;1.0;1.0;1.0;2722.0;
12;2025-12-10;8;3659.506;1.0;1.0;1.0;3660.0;
12;2025-12-10;9;2583.237;1.0;1.0;1.0;2583.0;
12;2025-12-10;10;2091.652;1.0;1.0;1.0;2092.0;
12;2025-12-10;11;1955.792;1.0;1.0;1.0;1956.0;
12;2025-12-10;12;2063.987;1.0;1.0;1.0;2064.0;
12;2025-12-10;13;2082.683;1.0;1.0;1.0;2083.0;
12;2025-12-10;14;1978.088;1.0;1.0;1.0;1978.0;
12;2025-12-10;15;2210.774;1.0;1.0;1.0;2211.0;
12;2025-12-10;16;2696.232;1.0;1.0;1.0;2696.0;
12;2025-12-10;17;3006.165;1.0;1.0;1.0;3006.0;
12;2025-12-10;18;3186.68;1.0;1.0;1.0;3187.0;
12;2025-12-10;19;2381.752;1.0;1.0;1.0;2382.0;
12;2025-12-10;20;1566.655;1.0;1.0;1.0;1567.0;
12;2025-12-10;21;970.159;1.0;1.0;1.0;970.0;
12;2025-12-10;22;488.111;1.0;1.0;1.0;488.0;
12;2025-12-10;23;254.856;1.0;1.0;1.001;255.0;
12;2025-12-11;0;53.75;1.0;1.0;1.005;54.0;
12;2025-12-11;1;1.579;1.0;1.0;1.267;2.0;
12;2025-12-11;2;0.0;1.0;1.0;1.0;0.0;
12;2025-12-11;3;0.0;1.0;1.0;1.0;0.0;
12;2025-12-11;4;6.885;1.0;1.0;1.017;7.0;
12;2025-12-11;5;315.744;1.0;1.0;1.001;316.0;
12;2025-12-11;6;1440.774;1.0;1.0;1.0;1441.0;
12;2025-12-11;7;2721.939;1.0;1.0;1.0;2722.0;
12;2025-12-11;8;3659.506;1.0;1.0;1.0;3660.0;
12;2025-12-11;9;2583.237;1.0;1.0;1.0;2583.0;
12;2025-12-11;10;2091.652;1.0;1.0;1.0;2092.0;
12;2025-12-11;11;1955.792;1.0;1.0;1.0;1956.0;
12;2025-12-11;12;2063.987;1.0;1.0;1.0;2064.0;
12;2025-12-11;13;2082.683;1.0;1.0;1.0;2083.0;
12;2025-12-11;14;1978.088;1.0;1.0;1.0;1978.0;
12;2025-12-11;15;2210.774;1.0;1.0;1.0;2211.0;
12;2025-12-11;16;2696.232;1.0;1.0;1.0;2696.0;
12;2025-12-11;17;3006.165;1.0;1.0;1.0;3006.0;
12;2025-12-11;18;3186.68;1.0;1.0;1.0;3187.0;
12;2025-12-11;19;2381.752;1.0;1.0;1.0;2382.0;
12;2025-12-11;20;1566.655;1.0;1.0;1.0;1567.0;
12;2025-12-11;21;970.159;1.0;1.0;1.0;970.0;
12;2025-12-11;22;488.111;1.0;1.0;1.0;488.0;
12;2025-12-11;23;254.856;1.0;1.0;1.001;255.0;
12;2025-12-12;0;56.403;1.0;1.0;0.993;56.0;
12;2025-12-12;1;1.026;1.0;1.0;0.975;1.0;
12;2025-12-12;2;0.0;1.0;1.0;1.0;0.0;
12;2025-12-12;3;0.0;1.0;1.0;1.0;0.0;
12;2025-12-12;4;4.615;1.0;1.0;1.084;5.0;
12;2025-12-12;5;333.291;1.0;1.0;0.999;333.0;
12;2025-12-12;6;1444.176;1.0;1.0;1.0;1444.0;
12;2025-12-12;7;2769.136;1.0;1.0;1.0;2769.0;
12;2025-12-12;8;3418.284;1.0;1.0;1.0;3418.0;
12;2025-12-12;9;2565.059;1.0;1.0;1.0;2565.0;
12;2025-12-12;10;1929.243;1.0;1.0;1.0;1929.0;
12;2025-12-12;11;1916.424;1.0;1.0;1.0;1916.0;
12;2025-12-12;12;1958.982;1.0;1.0;1.0;1959.0;
12;2025-12-12;13;2219.206;1.0;1.0;1.0;2219.0;
12;2025-12-12;14;2007.951;1.0;1.0;1.0;2008.0;
12;2025-12-12;15;2254.33;1.0;1.0;1.0;2254.0;
12;2025-12-12;16;2960.65;1.0;1.0;1.0;2961.0;
12;2025-12-12;17;2958.343;1.0;1.0;1.0;2958.0;
12;2025-12-12;18;2596.337;1.0;1.0;1.0;2596.0;
12;2025-12-12;19;2139.985;1.0;1.0;1.0;2140.0;
12;2025-12-12;20;1400.848;1.0;1.0;1.0;1401.0;
12;2025-12-12;21;1018.589;1.0;1.0;1.0;1019.0;
12;2025-12-12;22;510.704;1.0;1.0;1.001;511.0;
12;2025-12-12;23;338.419;1.0;1.0;0.999;338.0;
12;2025-12-13;0;67.47;1.0;1.0;0.993;67.0;
12;2025-12-13;1;1.756;1.0;1.0;1.139;2.0;
12;2025-12-13;2;0.0;1.0;1.0;1.0;0.0;
12;2025-12-13;3;0.0;1.0;1.0;1.0;0.0;
12;2025-12-13;4;1.505;1.0;1.0;1.329;2.0;
12;2025-12-13;5;223.73;1.0;1.0;1.001;224.0;
12;2025-12-13;6;793.588;1.0;1.0;1.0;794.0;
12;2025-12-13;7;902.192;1.0;1.0;1.0;902.0;
12;2025-12-13;8;1051.931;1.0;1.0;1.0;1052.0;
12;2025-12-13;9;1252.585;1.0;1.0;1.0;1253.0;
12;2025-12-13;10;1488.856;1.0;1.0;1.0;1489.0;
12;2025-12-13;11;1509.924;1.0;1.0;1.0;1510.0;
12;2025-12-13;12;1550.055;1.0;1.0;1.0;1550.0;
12;2025-12-13;13;1759.488;1.0;1.0;1.0;1759.0;
12;2025-12-13;14;1589.183;1.0;1.0;1.0;1589.0;
12;2025-12-13;15;1561.091;1.0;1.0;1.0;1561.0;
12;2025-12-13;16;1680.982;1.0;1.0;1.0;1681.0;
12;2025-12-13;17;1610.001;1.0;1.0;1.0;1610.0;
12;2025-12-13;18;1599.717;1.0;1.0;1.0;1600.0;
12;2025-12-13;19;1344.886;1.0;1.0;1.0;1345.0;
12;2025-12-13;20;944.581;1.0;1.0;1.0;945.0;
12;2025-12-13;21;766.751;1.0;1.0;1.0;767.0;
12;2025-12-13;22;390.273;1.0;1.0;0.999;390.0;
12;2025-12-13;23;292.955;1.0;1.0;1.0;293.0;
12;2025-12-14;0;81.547;1.0;1.0;1.006;82.0;
12;2025-12-14;1;3.46;1.0;1.0;0.867;3.0;
12;2025-12-14;2;0.0;1.0;1.0;1.0;0.0;
12;2025-12-14;3;0.0;1.0;1.0;1.0;0.0;
12;2025-12-14;4;2.718;1.0;1.0;1.104;3.0;
12;2025-12-14;5;129.733;1.0;1.0;1.002;130.0;
12;2025-12-14;6;513.497;1.0;1.0;0.999;513.0;
12;2025-12-14;7;697.842;1.0;1.0;1.0;698.0;
12;2025-12-14;8;712.422;1.0;1.0;0.999;712.0;
12;2025-12-14;9;893.555;1.0;1.0;1.0;894.0;
12;2025-12-14;10;1128.805;1.0;1.0;1.0;1129.0;
12;2025-12-14;11;1230.367;1.0;1.0;1.0;1230.0;
12;2025-12-14;12;1306.478;1.0;1.0;1.0;1306.0;
12;2025-12-14;13;1532.585;1.0;1.0;1.0;1533.0;
12;2025-12-14;14;1435.47;1.0;1.0;1.0;1435.0;
12;2025-12-14;15;1465.864;1.0;1.0;1.0;1466.0;
12;2025-12-14;16;1468.336;1.0;1.0;1.0;1468.0;
12;2025-12-14;17;1519.241;1.0;1.0;1.0;1519.0;
12;2025-12-14;18;1318.833;1.0;1.0;1.0;1319.0;
12;2025-12-14;19;982.02;1.0;1.0;1.0;982.0;
12;2025-12-14;20;764.81;1.0;1.0;1.0;765.0;
12;2025-12-14;21;586.395;1.0;1.0;0.999;586.0;
12;2025-12-14;22;382.775;1.0;1.0;1.001;383.0;
12;2025-12-14;23;192.747;1.0;1.0;1.001;193.0;
12;2025-12-15;0;53.75;1.0;1.0;1.005;54.0;
12;2025-12-15;1;1.579;1.0;1.0;1.267;2.0;
12;2025-12-15;2;0.0;1.0;1.0;1.0;0.0;
12;2025-12-15;3;0.0;1.0;1.0;1.0;0.0;
12;2025-12-15;4;6.885;1.0;1.0;1.017;7.0;
12;2025-12-15;5;315.744;1.0;1.0;1.001;316.0;
12;2025-12-15;6;1440.774;1.0;1.0;1.0;1441.0;
12;2025-12-15;7;2721.939;1.0;1.0;1.0;2722.0;
12;2025-12-15;8;3659.506;1.0;1.0;1.0;3660.0;
12;2025-12-15;9;2583.237;1.0;1.0;1.0;2583.0;
12;2025-12-15;10;2091.652;1.0;1.0;1.0;2092.0;
12;2025-12-15;11;1955.792;1.0;1.0;1.0;1956.0;
12;2025-12-15;12;2063.987;1.0;1.0;1.0;2064.0;
12;2025-12-15;13;2082.683;1.0;1.0;1.0;2083.0;
12;2025-12-15;14;1978.088;1.0;1.0;1.0;1978.0;
12;2025-12-15;15;2210.774;1.0;1.0;1.0;2211.0;
12;2025-12-15;16;2696.232;1.0;1.0;1.0;2696.0;
12;2025-12-15;17;3006.165;1.0;1.0;1.0;3006.0;
12;2025-12-15;18;3186.68;1.0;1.0;1.0;3187.0;
12;2025-12-15;19;2381.752;1.0;1.0;1.0;2382.0;
12;2025-12-15;20;1566.655;1.0;1.0;1.0;1567.0;
12;2025-12-15;21;970.159;1.0;1.0;1.0;970.0;
12;2025-12-15;22;488.111;1.0;1.0;1.0;488.0;
12;2025-12-15;23;254.856;1.0;1.0;1.001;255.0;
12;2025-12-16;0;53.75;1.0;1.0;1.005;54.0;
12;2025-12-16;1;1.579;1.0;1.0;1.267;2.0;
12;2025-12-16;2;0.0;1.0;1.0;1.0;0.0;
12;2025-12-16;3;0.0;1.0;1.0;1.0;0.0;
12;2025-12-16;4;6.885;1.0;1.0;1.017;7.0;
12;2025-12-16;5;315.744;1.0;1.0;1.001;316.0;
12;2025-12-16;6;1440.774;1.0;1.0;1.0;1441.0;
12;2025-12-16;7;2721.939;1.0;1.0;1.0;2722.0;
12;2025-12-16;8;3659.506;1.0;1.0;1.0;3660.0;
12;2025-12-16;9;2583.237;1.0;1.0;1.0;2583.0;
12;2025-12-16;10;2091.652;1.0;1.0;1.0;2092.0;
12;2025-12-16;11;1955.792;1.0;1.0;1.0;1956.0;
12;2025-12-16;12;2063.987;1.0;1.0;1.0;2064.0;
12;2025-12-16;13;2082.683;1.0;1.0;1.0;2083.0;
12;2025-12-16;14;1978.088;1.0;1.0;1.0;1978.0;
12;2025-12-16;15;2210.774;1.0;1.0;1.0;2211.0;
12;2025-12-16;16;2696.232;1.0;1.0;1.0;2696.0;
12;2025-12-16;17;3006.165;1.0;1.0;1.0;3006.0;
12;2025-12-16;18;3186.68;1.0;1.0;1.0;3187.0;
12;2025-12-16;19;2381.752;1.0;1.0;1.0;2382.0;
12;2025-12-16;20;1566.655;1.0;1.0;1.0;1567.0;
12;2025-12-16;21;970.159;1.0;1.0;1.0;970.0;
12;2025-12-16;22;488.111;1.0;1.0;1.0;488.0;
12;2025-12-16;23;254.856;1.0;1.0;1.001;255.0;
12;2025-12-17;0;53.75;1.0;1.0;1.005;54.0;
12;2025-12-17;1;1.579;1.0;1.0;1.267;2.0;
12;2025-12-17;2;0.0;1.0;1.0;1.0;0.0;
12;2025-12-17;3;0.0;1.0;1.0;1.0;0.0;
12;2025-12-17;4;6.885;1.0;1.0;1.017;7.0;
12;2025-12-17;5;315.744;1.0;1.0;1.001;316.0;
12;2025-12-17;6;1440.774;1.0;1.0;1.0;1441.0;
12;2025-12-17;7;2721.939;1.0;1.0;1.0;2722.0;
12;2025-12-17;8;3659.506;1.0;1.0;1.0;3660.0;
12;2025-12-17;9;2583.237;1.0;1.0;1.0;2583.0;
12;2025-12-17;10;2091.652;1.0;1.0;1.0;2092.0;
12;2025-12-17;11;1955.792;1.0;1.0;1.0;1956.0;
12;2025-12-17;12;2063.987;1.0;1.0;1.0;2064.0;
12;2025-12-17;13;2082.683;1.0;1.0;1.0;2083.0;
12;2025-12-17;14;1978.088;1.0;1.0;1.0;1978.0;
12;2025-12-17;15;2210.774;1.0;1.0;1.0;2211.0;
12;2025-12-17;16;2696.232;1.0;1.0;1.0;2696.0;
12;2025-12-17;17;3006.165;1.0;1.0;1.0;3006.0;
12;2025-12-17;18;3186.68;1.0;1.0;1.0;3187.0;
12;2025-12-17;19;2381.752;1.0;1.0;1.0;2382.0;
12;2025-12-17;20;1566.655;1.0;1.0;1.0;1567.0;
12;2025-12-17;21;970.159;1.0;1.0;1.0;970.0;
12;2025-12-17;22;488.111;1.0;1.0;1.0;488.0;
12;2025-12-17;23;254.856;1.0;1.0;1.001;255.0;
12;2025-12-18;0;53.75;1.0;1.0;1.005;54.0;
12;2025-12-18;1;1.579;1.0;1.0;1.267;2.0;
12;2025-12-18;2;0.0;1.0;1.0;1.0;0.0;
12;2025-12-18;3;0.0;1.0;1.0;1.0;0.0;
12;2025-12-18;4;6.885;1.0;1.0;1.017;7.0;
12;2025-12-18;5;315.744;1.0;1.0;1.001;316.0;
12;2025-12-18;6;1440.774;1.0;1.0;1.0;1441.0;
12;2025-12-18;7;2721.939;1.0;1.0;1.0;2722.0;
12;2025-12-18;8;3659.506;1.0;1.0;1.0;3660.0;
12;2025-12-18;9;2583.237;1.0;1.0;1.0;2583.0;
12;2025-12-18;10;2091.652;1.0;1.0;1.0;2092.0;
12;2025-12-18;11;1955.792;1.0;1.0;1.0;1956.0;
12;2025-12-18;12;2063.987;1.0;1.0;1.0;2064.0;
12;2025-12-18;13;2082.683;1.0;1.0;1.0;2083.0;
12;2025-12-18;14;1978.088;1.0;1.0;1.0;1978.0;
12;2025-12-18;15;2210.774;1.0;1.0;1.0;2211.0;
12;2025-12-18;16;2696.232;1.0;1.0;1.0;2696.0;
12;2025-12-18;17;3006.165;1.0;1.0;1.0;3006.0;
12;2025-12-18;18;3186.68;1.0;1.0;1.0;3187.0;
12;2025-12-18;19;2381.752;1.0;1.0;1.0;2382.0;
12;2025-12-18;20;1566.655;1.0;1.0;1.0;1567.0;
12;2025-12-18;21;970.159;1.0;1.0;1.0;970.0;
12;2025-12-18;22;488.111;1.0;1.0;1.0;488.0;
12;2025-12-18;23;254.856;1.0;1.0;1.001;255.0;
12;2025-12-19;0;56.403;1.0;1.0;0.993;56.0;
12;2025-12-19;1;1.026;1.0;1.0;0.975;1.0;
12;2025-12-19;2;0.0;1.0;1.0;1.0;0.0;
12;2025-12-19;3;0.0;1.0;1.0;1.0;0.0;
12;2025-12-19;4;4.615;1.0;1.0;1.084;5.0;
12;2025-12-19;5;333.291;1.0;1.0;0.999;333.0;
12;2025-12-19;6;1444.176;1.0;1.0;1.0;1444.0;
12;2025-12-19;7;2769.136;1.0;1.0;1.0;2769.0;
12;2025-12-19;8;3418.284;1.0;1.0;1.0;3418.0;
12;2025-12-19;9;2565.059;1.0;1.0;1.0;2565.0;
12;2025-12-19;10;1929.243;1.0;1.0;1.0;1929.0;
12;2025-12-19;11;1916.424;1.0;1.0;1.0;1916.0;
12;2025-12-19;12;1958.982;1.0;1.0;1.0;1959.0;
12;2025-12-19;13;2219.206;1.0;1.0;1.0;2219.0;
12;2025-12-19;14;2007.951;1.0;1.0;1.0;2008.0;
12;2025-12-19;15;2254.33;1.0;1.0;1.0;2254.0;
12;2025-12-19;16;2960.65;1.0;1.0;1.0;2961.0;
12;2025-12-19;17;2958.343;1.0;1.0;1.0;2958.0;
12;2025-12-19;18;2596.337;1.0;1.0;1.0;2596.0;
12;2025-12-19;19;2139.985;1.0;1.0;1.0;2140.0;
12;2025-12-19;20;1400.848;1.0;1.0;1.0;1401.0;
12;2025-12-19;21;1018.589;1.0;1.0;1.0;1019.0;
12;2025-12-19;22;510.704;1.0;1.0;1.001;511.0;
12;2025-12-19;23;338.419;1.0;1.0;0.999;338.0;
12;2025-12-20;0;67.47;1.0;1.0;0.993;67.0;
12;2025-12-20;1;1.756;1.0;1.0;1.139;2.0;
12;2025-12-20;2;0.0;1.0;1.0;1.0;0.0;
12;2025-12-20;3;0.0;1.0;1.0;1.0;0.0;
12;2025-12-20;4;1.505;1.0;1.0;1.329;2.0;
12;2025-12-20;5;223.73;1.0;1.0;1.001;224.0;
12;2025-12-20;6;793.588;1.0;1.0;1.0;794.0;
12;2025-12-20;7;902.192;1.0;1.0;1.0;902.0;
12;2025-12-20;8;1051.931;1.0;1.0;1.0;1052.0;
12;2025-12-20;9;1252.585;1.0;1.0;1.0;1253.0;
12;2025-12-20;10;1488.856;1.0;1.0;1.0;1489.0;
12;2025-12-20;11;1509.924;1.0;1.0;1.0;1510.0;
12;2025-12-20;12;1550.055;1.0;1.0;1.0;1550.0;
12;2025-12-20;13;1759.488;1.0;1.0;1.0;1759.0;
12;2025-12-20;14;1589.183;1.0;1.0;1.0;1589.0;
12;2025-12-20;15;1561.091;1.0;1.0;1.0;1561.0;
12;2025-12-20;16;1680.982;1.0;1.0;1.0;1681.0;
12;2025-12-20;17;1610.001;1.0;1.0;1.0;1610.0;
12;2025-12-20;18;1599.717;1.0;1.0;1.0;1600.0;
12;2025-12-20;19;1344.886;1.0;1.0;1.0;1345.0;
12;2025-12-20;20;944.581;1.0;1.0;1.0;945.0;
12;2025-12-20;21;766.751;1.0;1.0;1.0;767.0;
12;2025-12-20;22;390.273;1.0;1.0;0.999;390.0;
12;2025-12-20;23;292.955;1.0;1.0;1.0;293.0;
12;2025-12-21;0;81.547;1.0;1.0;1.006;82.0;
12;2025-12-21;1;3.46;1.0;1.0;0.867;3.0;
12;2025-12-21;2;0.0;1.0;1.0;1.0;0.0;
12;2025-12-21;3;0.0;1.0;1.0;1.0;0.0;
12;2025-12-21;4;2.718;1.0;1.0;1.104;3.0;
12;2025-12-21;5;129.733;1.0;1.0;1.002;130.0;
12;2025-12-21;6;513.497;1.0;1.0;0.999;513.0;
12;2025-12-21;7;697.842;1.0;1.0;1.0;698.0;
12;2025-12-21;8;712.422;1.0;1.0;0.999;712.0;
12;2025-12-21;9;893.555;1.0;1.0;1.0;894.0;
12;2025-12-21;10;1128.805;1.0;1.0;1.0;1129.0;
12;2025-12-21;11;1230.367;1.0;1.0;1.0;1230.0;
12;2025-12-21;12;1306.478;1.0;1.0;1.0;1306.0;
12;2025-12-21;13;1532.585;1.0;1.0;1.0;1533.0;
12;2025-12-21;14;1435.47;1.0;1.0;1.0;1435.0;
12;2025-12-21;15;1465.864;1.0;1.0;1.0;1466.0;
12;2025-12-21;16;1468.336;1.0;1.0;1.0;1468.0;
12;2025-12-21;17;1519.241;1.0;1.0;1.0;1519.0;
12;2025-12-21;18;1318.833;1.0;1.0;1.0;1319.0;
12;2025-12-21;19;982.02;1.0;1.0;1.0;982.0;
12;2025-12-21;20;764.81;1.0;1.0;1.0;765.0;
12;2025-12-21;21;586.395;1.0;1.0;0.999;586.0;
12;2025-12-21;22;382.775;1.0;1.0;1.001;383.0;
12;2025-12-21;23;192.747;1.0;1.0;1.001;193.0;
12;2025-12-22;0;53.75;1.0;1.0;1.005;54.0;
12;2025-12-22;1;1.579;1.0;1.0;1.267;2.0;
12;2025-12-22;2;0.0;1.0;1.0;1.0;0.0;
12;2025-12-22;3;0.0;1.0;1.0;1.0;0.0;
12;2025-12-22;4;6.885;1.0;1.0;1.017;7.0;
12;2025-12-22;5;315.744;1.0;1.0;1.001;316.0;
12;2025-12-22;6;1440.774;1.0;1.0;1.0;1441.0;
12;2025-12-22;7;2721.939;1.0;1.0;1.0;2722.0;
12;2025-12-22;8;3659.506;1.0;1.0;1.0;3660.0;
12;2025-12-22;9;2583.237;1.0;1.0;1.0;2583.0;
12;2025-12-22;10;2091.652;1.0;1.0;1.0;2092.0;
12;2025-12-22;11;1955.792;1.0;1.0;1.0;1956.0;
12;2025-12-22;12;2063.987;1.0;1.0;1.0;2064.0;
12;2025-12-22;13;2082.683;1.0;1.0;1.0;2083.0;
12;2025-12-22;14;1978.088;1.0;1.0;1.0;1978.0;
12;2025-12-22;15;2210.774;1.0;1.0;1.0;2211.0;
12;2025-12-22;16;2696.232;1.0;1.0;1.0;2696.0;
12;2025-12-22;17;3006.165;1.0;1.0;1.0;3006.0;
12;2025-12-22;18;3186.68;1.0;1.0;1.0;3187.0;
12;2025-12-22;19;2381.752;1.0;1.0;1.0;2382.0;
12;2025-12-22;20;1566.655;1.0;1.0;1.0;1567.0;
12;2025-12-22;21;970.159;1.0;1.0;1.0;970.0;
12;2025-12-22;22;488.111;1.0;1.0;1.0;488.0;
12;2025-12-22;23;254.856;1.0;1.0;1.001;255.0;
12;2025-12-23;0;53.75;1.0;1.0;1.005;54.0;
12;2025-12-23;1;1.579;1.0;1.0;1.267;2.0;
12;2025-12-23;2;0.0;1.0;1.0;1.0;0.0;
12;2025-12-23;3;0.0;1.0;1.0;1.0;0.0;
12;2025-12-23;4;6.885;1.0;1.0;1.017;7.0;
12;2025-12-23;5;315.744;1.0;1.0;1.001;316.0;
12;2025-12-23;6;1440.774;1.0;1.0;1.0;1441.0;
12;2025-12-23;7;2721.939;1.0;1.0;1.0;2722.0;
12;2025-12-23;8;3659.506;1.0;1.0;1.0;3660.0;
12;2025-12-23;9;2583.237;1.0;1.0;1.0;2583.0;
12;2025-12-23;10;2091.652;1.0;1.0;1.0;2092.0;
12;2025-12-23;11;1955.792;1.0;1.0;1.0;1956.0;
12;2025-12-23;12;2063.987;1.0;1.0;1.0;2064.0;
12;2025-12-23;13;2082.683;1.0;1.0;1.0;2083.0;
12;2025-12-23;14;1978.088;1.0;1.0;1.0;1978.0;
12;2025-12-23;15;2210.774;1.0;1.0;1.0;2211.0;
12;2025-12-23;16;2696.232;1.0;1.0;1.0;2696.0;
12;2025-12-23;17;3006.165;1.0;1.0;1.0;3006.0;
12;2025-12-23;18;3186.68;1.0;1.0;1.0;3187.0;
12;2025-12-23;19;2381.752;1.0;1.0;1.0;2382.0;
12;2025-12-23;20;1566.655;1.0;1.0;1.0;1567.0;
12;2025-12-23;21;970.159;1.0;1.0;1.0;970.0;
12;2025-12-23;22;488.111;1.0;1.0;1.0;488.0;
12;2025-12-23;23;254.856;1.0;1.0;1.001;255.0;
12;2025-12-24;0;53.75;1.0;1.0;1.005;54.0;
12;2025-12-24;1;1.579;1.0;1.0;1.267;2.0;
12;2025-12-24;2;0.0;1.0;1.0;1.0;0.0;
12;2025-12-24;3;0.0;1.0;1.0;1.0;0.0;
12;2025-12-24;4;6.885;1.0;1.0;1.017;7.0;
12;2025-12-24;5;315.744;1.0;1.0;1.001;316.0;
12;2025-12-24;6;1440.774;1.0;1.0;1.0;1441.0;
12;2025-12-24;7;2721.939;1.0;1.0;1.0;2722.0;
12;2025-12-24;8;3659.506;1.0;1.0;1.0;3660.0;
12;2025-12-24;9;2583.237;1.0;1.0;1.0;2583.0;
12;2025-12-24;10;2091.652;1.0;1.0;1.0;2092.0;
12;2025-12-24;11;1955.792;1.0;1.0;1.0;1956.0;
12;2025-12-24;12;2063.987;1.0;1.0;1.0;2064.0;
12;2025-12-24;13;2082.683;1.0;1.0;1.0;2083.0;
12;2025-12-24;14;1978.088;1.0;1.0;1.0;1978.0;
12;2025-12-24;15;2210.774;1.0;1.0;1.0;2211.0;
12;2025-12-24;16;2696.232;1.0;1.0;1.0;2696.0;
12;2025-12-24;17;3006.165;1.0;1.0;1.0;3006.0;
12;2025-12-24;18;3186.68;1.0;1.0;1.0;3187.0;
12;2025-12-24;19;2381.752;1.0;1.0;1.0;2382.0;
12;2025-12-24;20;1566.655;1.0;1.0;1.0;1567.0;
12;2025-12-24;21;970.159;1.0;1.0;1.0;970.0;
12;2025-12-24;22;488.111;1.0;1.0;1.0;488.0;
12;2025-12-24;23;254.856;1.0;1.0;1.001;255.0;
12;2025-12-25;0;53.75;1.0;1.0;1.005;54.0;
12;2025-12-25;1;1.579;1.0;1.0;1.267;2.0;
12;2025-12-25;2;0.0;1.0;1.0;1.0;0.0;
12;2025-12-25;3;0.0;1.0;1.0;1.0;0.0;
12;2025-12-25;4;6.885;1.0;1.0;1.017;7.0;
12;2025-12-25;5;315.744;1.0;1.0;1.001;316.0;
12;2025-12-25;6;1440.774;1.0;1.0;1.0;1441.0;
12;2025-12-25;7;2721.939;1.0;1.0;1.0;2722.0;
12;2025-12-25;8;3659.506;1.0;1.0;1.0;3660.0;
12;2025-12-25;9;2583.237;1.0;1.0;1.0;2583.0;
12;2025-12-25;10;2091.652;1.0;1.0;1.0;2092.0;
12;2025-12-25;11;1955.792;1.0;1.0;1.0;1956.0;
12;2025-12-25;12;2063.987;1.0;1.0;1.0;2064.0;
12;2025-12-25;13;2082.683;1.0;1.0;1.0;2083.0;
12;2025-12-25;14;1978.088;1.0;1.0;1.0;1978.0;
12;2025-12-25;15;2210.774;1.0;1.0;1.0;2211.0;
12;2025-12-25;16;2696.232;1.0;1.0;1.0;2696.0;
12;2025-12-25;17;3006.165;1.0;1.0;1.0;3006.0;
12;2025-12-25;18;3186.68;1.0;1.0;1.0;3187.0;
12;2025-12-25;19;2381.752;1.0;1.0;1.0;2382.0;
12;2025-12-25;20;1566.655;1.0;1.0;1.0;1567.0;
12;2025-12-25;21;970.159;1.0;1.0;1.0;970.0;
12;2025-12-25;22;488.111;1.0;1.0;1.0;488.0;
12;2025-12-25;23;254.856;1.0;1.0;1.001;255.0;
12;2025-12-26;0;56.403;1.0;1.0;0.993;56.0;
12;2025-12-26;1;1.026;1.0;1.0;0.975;1.0;
12;2025-12-26;2;0.0;1.0;1.0;1.0;0.0;
12;2025-12-26;3;0.0;1.0;1.0;1.0;0.0;
12;2025-12-26;4;4.615;1.0;1.0;1.084;5.0;
12;2025-12-26;5;333.291;1.0;1.0;0.999;333.0;
12;2025-12-26;6;1444.176;1.0;1.0;1.0;1444.0;
12;2025-12-26;7;2769.136;1.0;1.0;1.0;2769.0;
12;2025-12-26;8;3418.284;1.0;1.0;1.0;3418.0;
12;2025-12-26;9;2565.059;1.0;1.0;1.0;2565.0;
12;2025-12-26;10;1929.243;1.0;1.0;1.0;1929.0;
12;2025-12-26;11;1916.424;1.0;1.0;1.0;1916.0;
12;2025-12-26;12;1958.982;1.0;1.0;1.0;1959.0;
12;2025-12-26;13;2219.206;1.0;1.0;1.0;2219.0;
12;2025-12-26;14;2007.951;1.0;1.0;1.0;2008.0;
12;2025-12-26;15;2254.33;1.0;1.0;1.0;2254.0;
12;2025-12-26;16;2960.65;1.0;1.0;1.0;2961.0;
12;2025-12-26;17;2958.343;1.0;1.0;1.0;2958.0;
12;2025-12-26;18;2596.337;1.0;1.0;1.0;2596.0;
12;2025-12-26;19;2139.985;1.0;1.0;1.0;2140.0;
12;2025-12-26;20;1400.848;1.0;1.0;1.0;1401.0;
12;2025-12-26;21;1018.589;1.0;1.0;1.0;1019.0;
12;2025-12-26;22;510.704;1.0;1.0;1.001;511.0;
12;2025-12-26;23;338.419;1.0;1.0;0.999;338.0;
12;2025-12-27;0;67.47;1.0;1.0;0.993;67.0;
12;2025-12-27;1;1.756;1.0;1.0;1.139;2.0;
12;2025-12-27;2;0.0;1.0;1.0;1.0;0.0;
12;2025-12-27;3;0.0;1.0;1.0;1.0;0.0;
12;2025-12-27;4;1.505;1.0;1.0;1.329;2.0;
12;2025-12-27;5;223.73;1.0;1.0;1.001;224.0;
12;2025-12-27;6;793.588;1.0;1.0;1.0;794.0;
12;2025-12-27;7;902.192;1.0;1.0;1.0;902.0;
12;2025-12-27;8;1051.931;1.0;1.0;1.0;1052.0;
12;2025-12-27;9;1252.585;1.0;1.0;1.0;1253.0;
12;2025-12-27;10;1488.856;1.0;1.0;1.0;1489.0;
12;2025-12-27;11;1509.924;1.0;1.0;1.0;1510.0;
12;2025-12-27;12;1550.055;1.0;1.0;1.0;1550.0;
12;2025-12-27;13;1759.488;1.0;1.0;1.0;1759.0;
12;2025-12-27;14;1589.183;1.0;1.0;1.0;1589.0;
12;2025-12-27;15;1561.091;1.0;1.0;1.0;1561.0;
12;2025-12-27;16;1680.982;1.0;1.0;1.0;1681.0;
12;2025-12-27;17;1610.001;1.0;1.0;1.0;1610.0;
12;2025-12-27;18;1599.717;1.0;1.0;1.0;1600.0;
12;2025-12-27;19;1344.886;1.0;1.0;1.0;1345.0;
12;2025-12-27;20;944.581;1.0;1.0;1.0;945.0;
12;2025-12-27;21;766.751;1.0;1.0;1.0;767.0;
12;2025-12-27;22;390.273;1.0;1.0;0.999;390.0;
12;2025-12-27;23;292.955;1.0;1.0;1.0;293.0;
12;2025-12-28;0;81.547;1.0;1.0;1.006;82.0;
12;2025-12-28;1;3.46;1.0;1.0;0.867;3.0;
12;2025-12-28;2;0.0;1.0;1.0;1.0;0.0;
12;2025-12-28;3;0.0;1.0;1.0;1.0;0.0;
12;2025-12-28;4;2.718;1.0;1.0;1.104;3.0;
12;2025-12-28;5;129.733;1.0;1.0;1.002;130.0;
12;2025-12-28;6;513.497;1.0;1.0;0.999;513.0;
12;2025-12-28;7;697.842;1.0;1.0;1.0;698.0;
12;2025-12-28;8;712.422;1.0;1.0;0.999;712.0;
12;2025-12-28;9;893.555;1.0;1.0;1.0;894.0;
12;2025-12-28;10;1128.805;1.0;1.0;1.0;1129.0;
12;2025-12-28;11;1230.367;1.0;1.0;1.0;1230.0;
12;2025-12-28;12;1306.478;1.0;1.0;1.0;1306.0;
12;2025-12-28;13;1532.585;1.0;1.0;1.0;1533.0;
12;2025-12-28;14;1435.47;1.0;1.0;1.0;1435.0;
12;2025-12-28;15;1465.864;1.0;1.0;1.0;1466.0;
12;2025-12-28;16;1468.336;1.0;1.0;1.0;1468.0;
12;2025-12-28;17;1519.241;1.0;1.0;1.0;1519.0;
12;2025-12-28;18;1318.833;1.0;1.0;1.0;1319.0;
12;2025-12-28;19;982.02;1.0;1.0;1.0;982.0;
12;2025-12-28;20;764.81;1.0;1.0;1.0;765.0;
12;2025-12-28;21;586.395;1.0;1.0;0.999;586.0;
12;2025-12-28;22;382.775;1.0;1.0;1.001;383.0;
12;2025-12-28;23;192.747;1.0;1.0;1.001;193.0;
12;2025-12-29;0;53.75;0.88;1.0;0.994;47.0;
12;2025-12-29;1;1.579;0.88;1.0;0.72;1.0;
12;2025-12-29;2;0.0;0.88;1.0;1.0;0.0;
12;2025-12-29;3;0.0;0.88;1.0;1.0;0.0;
12;2025-12-29;4;6.885;0.88;1.0;0.99;6.0;
12;2025-12-29;5;315.744;0.88;1.0;1.0;278.0;
12;2025-12-29;6;1440.774;0.88;1.0;1.0;1268.0;
12;2025-12-29;7;2721.939;0.88;1.0;1.0;2395.0;
12;2025-12-29;8;3659.506;0.88;1.0;1.0;3220.0;
12;2025-12-29;9;2583.237;0.88;1.0;1.0;2273.0;
12;2025-12-29;10;2091.652;0.88;1.0;1.0;1841.0;
12;2025-12-29;11;1955.792;0.88;1.0;1.0;1721.0;
12;2025-12-29;12;2063.987;0.88;1.0;1.0;1816.0;
12;2025-12-29;13;2082.683;0.88;1.0;1.0;1833.0;
12;2025-12-29;14;1978.088;0.88;1.0;1.0;1741.0;
12;2025-12-29;15;2210.774;0.88;1.0;1.0;1945.0;
12;2025-12-29;16;2696.232;0.88;1.0;1.0;2373.0;
12;2025-12-29;17;3006.165;0.88;1.0;1.0;2645.0;
12;2025-12-29;18;3186.68;0.88;1.0;1.0;2804.0;
12;2025-12-29;19;2381.752;0.88;1.0;1.0;2096.0;
12;2025-12-29;20;1566.655;0.88;1.0;1.0;1379.0;
12;2025-12-29;21;970.159;0.88;1.0;1.0;854.0;
12;2025-12-29;22;488.111;0.88;1.0;1.001;430.0;
12;2025-12-29;23;254.856;0.88;1.0;0.999;224.0;
12;2025-12-30;0;53.75;0.88;1.0;0.994;47.0;
12;2025-12-30;1;1.579;0.88;1.0;0.72;1.0;
12;2025-12-30;2;0.0;0.88;1.0;1.0;0.0;
12;2025-12-30;3;0.0;0.88;1.0;1.0;0.0;
12;2025-12-30;4;6.885;0.88;1.0;0.99;6.0;
12;2025-12-30;5;315.744;0.88;1.0;1.0;278.0;
12;2025-12-30;6;1440.774;0.88;1.0;1.0;1268.0;
12;2025-12-30;7;2721.939;0.88;1.0;1.0;2395.0;
12;2025-12-30;8;3659.506;0.88;1.0;1.0;3220.0;
12;2025-12-30;9;2583.237;0.88;1.0;1.0;2273.0;
12;2025-12-30;10;2091.652;0.88;1.0;1.0;1841.0;
12;2025-12-30;11;1955.792;0.88;1.0;1.0;1721.0;
12;2025-12-30;12;2063.987;0.88;1.0;1.0;1816.0;
12;2025-12-30;13;2082.683;0.88;1.0;1.0;1833.0;
12;2025-12-30;14;1978.088;0.88;1.0;1.0;1741.0;
12;2025-12-30;15;2210.774;0.88;1.0;1.0;1945.0;
12;2025-12-30;16;2696.232;0.88;1.0;1.0;2373.0;
12;2025-12-30;17;3006.165;0.88;1.0;1.0;2645.0;
12;2025-12-30;18;3186.68;0.88;1.0;1.0;2804.0;
12;2025-12-30;19;2381.752;0.88;1.0;1.0;2096.0;
12;2025-12-30;20;1566.655;0.88;1.0;1.0;1379.0;
12;2025-12-30;21;970.159;0.88;1.0;1.0;854.0;
12;2025-12-30;22;488.111;0.88;1.0;1.001;430.0;
12;2025-12-30;23;254.856;0.88;1.0;0.999;224.0;
12;2025-12-31;0;67.47;0.8;1.0;1.0;54.0;
12;2025-12-31;1;1.756;0.8;1.0;0.712;1.0;
12;2025-12-31;2;0.0;0.8;1.0;1.0;0.0;
12;2025-12-31;3;0.0;0.8;1.0;1.0;0.0;
12;2025-12-31;4;1.505;0.8;1.0;0.831;1.0;
12;2025-12-31;5;223.73;0.8;1.0;1.0;179.0;
12;2025-12-31;6;793.588;0.8;1.0;1.0;635.0;
12;2025-12-31;7;902.192;0.8;1.0;1.0;722.0;
12;2025-12-31;8;1051.931;0.8;1.0;1.0;842.0;
12;2025-12-31;9;1252.585;0.8;1.0;1.0;1002.0;
12;2025-12-31;10;1488.856;0.8;1.0;1.0;1191.0;
12;2025-12-31;11;1509.924;0.8;1.0;1.0;1208.0;
12;2025-12-31;12;1550.055;0.8;1.0;1.0;1240.0;
12;2025-12-31;13;1759.488;0.8;1.0;1.0;1408.0;
12;2025-12-31;14;1589.183;0.8;1.0;1.0;1271.0;
12;2025-12-31;15;1561.091;0.8;1.0;1.0;1249.0;
12;2025-12-31;16;1680.982;0.8;1.0;1.0;1345.0;
12;2025-12-31;17;1610.001;0.8;1.0;1.0;1288.0;
12;2025-12-31;18;1599.717;0.8;1.0;1.0;1280.0;
12;2025-12-31;19;1344.886;0.8;1.0;1.0;1076.0;
12;2025-12-31;20;944.581;0.8;1.0;0.0;0.0;free fare New Year night
12;2025-12-31;21;766.751;0.8;1.0;0.0;0.0;free fare New Year night
12;2025-12-31;22;390.273;0.8;1.0;0.0;0.0;free fare New Year night
12;2025-12-31;23;292.955;0.8;1.0;0.0;0.0;free fare New Year night
17;2025-11-01;0;141.783;0.8;1.0;1.331;151.0;
17;2025-11-01;1;17.326;0.8;1.0;2.164;30.0;
17;2025-11-01;2;0.0;0.8;1.0;1.0;0.0;
17;2025-11-01;3;0.0;0.8;1.0;1.0;0.0;
17;2025-11-01;4;24.159;0.8;1.0;0.983;19.0;
17;2025-11-01;5;307.97;0.8;1.0;0.998;246.0;
17;2025-11-01;6;1510.808;0.8;1.0;1.0;1209.0;
17;2025-11-01;7;4095.85;0.8;1.0;1.0;3277.0;
17;2025-11-01;8;5189.118;0.8;1.0;1.0;4151.0;
17;2025-11-01;9;3749.323;0.8;1.0;1.0;2999.0;
17;2025-11-01;10;2968.906;0.8;1.0;1.0;2375.0;
17;2025-11-01;11;3021.129;0.8;1.0;1.0;2417.0;
17;2025-11-01;12;2985.012;0.8;1.0;1.0;2388.0;
17;2025-11-01;13;3073.84;0.8;1.0;1.0;2459.0;
17;2025-11-01;14;3141.925;0.8;1.0;1.0;2514.0;
17;2025-11-01;15;3413.534;0.8;1.0;1.0;2731.0;
17;2025-11-01;16;4128.062;0.8;1.0;1.0;3302.0;
17;2025-11-01;17;4694.219;0.8;1.0;1.0;3755.0;
17;2025-11-01;18;4259.108;0.8;1.0;1.0;3407.0;
17;2025-11-01;19;3151.198;0.8;1.0;1.0;2521.0;
17;2025-11-01;20;2321.242;0.8;1.0;1.0;1857.0;
17;2025-11-01;21;1561.567;0.8;1.0;1.0;1249.0;
17;2025-11-01;22;752.11;0.8;1.0;1.0;602.0;
17;2025-11-01;23;467.811;0.8;1.0;0.999;374.0;
17;2025-11-02;0;184.071;1.0;1.0;1.0;184.0;
17;2025-11-02;1;23.285;1.0;1.0;0.988;23.0;
17;2025-11-02;2;0.0;1.0;1.0;1.0;0.0;
17;2025-11-02;3;0.0;1.0;1.0;1.0;0.0;
17;2025-11-02;4;2.696;1.0;1.0;1.113;3.0;
17;2025-11-02;5;105.148;1.0;1.0;0.999;105.0;
17;2025-11-02;6;432.848;1.0;1.0;1.0;433.0;
17;2025-11-02;7;841.186;1.0;1.0;1.0;841.0;
17;2025-11-02;8;1224.524;1.0;1.0;1.0;1225.0;
17;2025-11-02;9;1676.735;1.0;1.0;1.0;1677.0;
17;2025-11-02;10;1978.945;1.0;1.0;1.0;1979.0;
17;2025-11-02;11;2544.393;1.0;1.0;1.0;2544.0;
17;2025-11-02;12;2887.289;1.0;1.0;1.0;2887.0;
17;2025-11-02;13;3134.596;1.0;1.0;1.0;3135.0;
17;2025-11-02;14;3268.176;1.0;1.0;1.0;3268.0;
17;2025-11-02;15;3199.793;1.0;1.0;1.0;3200.0;
17;2025-11-02;16;3112.046;1.0;1.0;1.0;3112.0;
17;2025-11-02;17;2953.956;1.0;1.0;1.0;2954.0;
17;2025-11-02;18;2546.599;1.0;1.0;1.0;2547.0;
17;2025-11-02;19;2038.259;1.0;1.0;1.0;2038.0;
17;2025-11-02;20;1502.469;1.0;1.0;1.0;1502.0;
17;2025-11-02;21;1110.062;1.0;1.0;1.0;1110.0;
17;2025-11-02;22;679.665;1.0;1.0;1.0;680.0;
17;2025-11-02;23;312.259;1.0;1.0;0.999;312.0;
17;2025-11-03;0;184.071;1.0;1.0;1.0;184.0;
17;2025-11-03;1;23.285;1.0;1.0;0.988;23.0;
17;2025-11-03;2;0.0;1.0;1.0;1.0;0.0;
17;2025-11-03;3;0.0;1.0;1.0;1.0;0.0;
17;2025-11-03;4;2.696;1.0;1.0;1.113;3.0;
17;2025-11-03;5;105.148;1.0;1.0;0.999;105.0;
17;2025-11-03;6;432.848;1.0;1.0;1.0;433.0;
17;2025-11-03;7;841.186;1.0;1.0;1.0;841.0;
17;2025-11-03;8;1224.524;1.0;1.0;1.0;1225.0;
17;2025-11-03;9;1676.735;1.0;1.0;1.0;1677.0;
17;2025-11-03;10;1978.945;1.0;1.0;1.0;1979.0;
17;2025-11-03;11;2544.393;1.0;1.0;1.0;2544.0;
17;2025-11-03;12;2887.289;1.0;1.0;1.0;2887.0;
17;2025-11-03;13;3134.596;1.0;1.0;1.0;3135.0;
17;2025-11-03;14;3268.176;1.0;1.0;1.0;3268.0;
17;2025-11-03;15;3199.793;1.0;1.0;1.0;3200.0;
17;2025-11-03;16;3112.046;1.0;1.0;1.0;3112.0;
17;2025-11-03;17;2953.956;1.0;1.0;1.0;2954.0;
17;2025-11-03;18;2546.599;1.0;1.0;1.0;2547.0;
17;2025-11-03;19;2038.259;1.0;1.0;1.0;2038.0;
17;2025-11-03;20;1502.469;1.0;1.0;1.0;1502.0;
17;2025-11-03;21;1110.062;1.0;1.0;1.0;1110.0;
17;2025-11-03;22;679.665;1.0;1.0;1.0;680.0;
17;2025-11-03;23;312.259;1.0;1.0;0.999;312.0;
17;2025-11-04;0;184.071;1.0;1.0;1.0;184.0;
17;2025-11-04;1;23.285;1.0;1.0;0.988;23.0;
17;2025-11-04;2;0.0;1.0;1.0;1.0;0.0;
17;2025-11-04;3;0.0;1.0;1.0;1.0;0.0;
17;2025-11-04;4;2.696;1.0;1.0;1.113;3.0;
17;2025-11-04;5;105.148;1.0;1.0;0.999;105.0;
17;2025-11-04;6;432.848;1.0;1.0;1.0;433.0;
17;2025-11-04;7;841.186;1.0;1.0;1.0;841.0;
17;2025-11-04;8;1224.524;1.0;1.0;1.0;1225.0;
17;2025-11-04;9;1676.735;1.0;1.0;1.0;1677.0;
17;2025-11-04;10;1978.945;1.0;1.0;1.0;1979.0;
17;2025-11-04;11;2544.393;1.0;1.0;1.0;2544.0;
17;2025-11-04;12;2887.289;1.0;1.0;1.0;2887.0;
17;2025-11-04;13;3134.596;1.0;1.0;1.0;3135.0;
17;2025-11-04;14;3268.176;1.0;1.0;1.0;3268.0;
17;2025-11-04;15;3199.793;1.0;1.0;1.0;3200.0;
17;2025-11-04;16;3112.046;1.0;1.0;1.0;3112.0;
17;2025-11-04;17;2953.956;1.0;1.0;1.0;2954.0;
17;2025-11-04;18;2546.599;1.0;1.0;1.0;2547.0;
17;2025-11-04;19;2038.259;1.0;1.0;1.0;2038.0;
17;2025-11-04;20;1502.469;1.0;1.0;1.0;1502.0;
17;2025-11-04;21;1110.062;1.0;1.0;1.0;1110.0;
17;2025-11-04;22;679.665;1.0;1.0;1.0;680.0;
17;2025-11-04;23;312.259;1.0;1.0;0.999;312.0;
17;2025-11-05;0;120.25;1.0;1.0;0.998;120.0;
17;2025-11-05;1;12.263;1.0;1.0;0.979;12.0;
17;2025-11-05;2;0.0;1.0;1.0;1.0;0.0;
17;2025-11-05;3;0.0;1.0;1.0;1.0;0.0;
17;2025-11-05;4;25.526;1.0;1.0;1.018;26.0;
17;2025-11-05;5;309.696;1.0;1.0;1.001;310.0;
17;2025-11-05;6;1542.789;1.0;1.0;1.0;1543.0;
17;2025-11-05;7;4208.868;1.0;1.0;1.0;4209.0;
17;2025-11-05;8;5417.434;1.0;1.0;1.0;5417.0;
17;2025-11-05;9;3878.462;1.0;1.0;1.0;3878.0;
17;2025-11-05;10;3037.277;1.0;1.0;1.0;3037.0;
17;2025-11-05;11;3011.0;1.0;1.0;1.0;3011.0;
17;2025-11-05;12;3036.088;1.0;1.0;1.0;3036.0;
17;2025-11-05;13;3091.708;1.0;1.0;1.0;3092.0;
17;2025-11-05;14;3203.449;1.0;1.0;1.0;3203.0;
17;2025-11-05;15;3259.758;1.0;1.0;1.0;3260.0;
17;2025-11-05;16;3694.521;1.0;1.0;1.0;3695.0;
17;2025-11-05;17;4504.8;1.0;1.0;1.0;4505.0;
17;2025-11-05;18;4737.792;1.0;1.0;1.0;4738.0;
17;2025-11-05;19;3200.008;1.0;1.0;1.0;3200.0;
17;2025-11-05;20;2278.177;1.0;1.0;1.0;2278.0;
17;2025-11-05;21;1429.296;1.0;1.0;1.0;1429.0;
17;2025-11-05;22;686.4;1.0;1.0;0.999;686.0;
17;2025-11-05;23;361.438;1.0;1.0;0.999;361.0;
17;2025-11-06;0;120.25;1.0;1.0;0.998;120.0;
17;2025-11-06;1;12.263;1.0;1.0;0.979;12.0;
17;2025-11-06;2;0.0;1.0;1.0;1.0;0.0;
17;2025-11-06;3;0.0;1.0;1.0;1.0;0.0;
17;2025-11-06;4;25.526;1.0;1.0;1.018;26.0;
17;2025-11-06;5;309.696;1.0;1.0;1.001;310.0;
17;2025-11-06;6;1542.789;1.0;1.0;1.0;1543.0;
17;2025-11-06;7;4208.868;1.0;1.0;1.0;4209.0;
17;2025-11-06;8;5417.434;1.0;1.0;1.0;5417.0;
17;2025-11-06;9;3878.462;1.0;1.0;1.0;3878.0;
17;2025-11-06;10;3037.277;1.0;1.0;1.0;3037.0;
17;2025-11-06;11;3011.0;1.0;1.0;1.0;3011.0;
17;2025-11-06;12;3036.088;1.0;1.0;1.0;3036.0;
17;2025-11-06;13;3091.708;1.0;1.0;1.0;3092.0;
17;2025-11-06;14;3203.449;1.0;1.0;1.0;3203.0;
17;2025-11-06;15;3259.758;1.0;1.0;1.0;3260.0;
17;2025-11-06;16;3694.521;1.0;1.0;1.0;3695.0;
17;2025-11-06;17;4504.8;1.0;1.0;1.0;4505.0;
17;2025-11-06;18;4737.792;1.0;1.0;1.0;4738.0;
17;2025-11-06;19;3200.008;1.0;1.0;1.0;3200.0;
17;2025-11-06;20;2278.177;1.0;1.0;1.0;2278.0;
17;2025-11-06;21;1429.296;1.0;1.0;1.0;1429.0;
17;2025-11-06;22;686.4;1.0;1.0;0.999;686.0;
17;2025-11-06;23;361.438;1.0;1.0;0.999;361.0;
17;2025-11-07;0;141.783;1.0;1.0;1.002;142.0;
17;2025-11-07;1;17.326;1.0;1.0;0.981;17.0;
17;2025-11-07;2;0.0;1.0;1.0;1.0;0.0;
17;2025-11-07;3;0.0;1.0;1.0;1.0;0.0;
17;2025-11-07;4;24.159;1.0;1.0;0.993;24.0;
17;2025-11-07;5;307.97;1.0;1.0;1.0;308.0;
17;2025-11-07;6;1510.808;1.0;1.0;1.0;1511.0;
17;2025-11-07;7;4095.85;1.0;1.0;1.0;4096.0;
17;2025-11-07;8;5189.118;1.0;1.0;1.0;5189.0;
17;2025-11-07;9;3749.323;1.0;1.0;1.0;3749.0;
17;2025-11-07;10;2968.906;1.0;1.0;1.0;2969.0;
17;2025-11-07;11;3021.129;1.0;1.0;1.0;3021.0;
17;2025-11-07;12;2985.012;1.0;1.0;1.0;2985.0;
17;2025-11-07;13;3073.84;1.0;1.0;1.0;3074.0;
17;2025-11-07;14;3141.925;1.0;1.0;1.0;3142.0;
17;2025-11-07;15;3413.534;1.0;1.0;1.0;3414.0;
17;2025-11-07;16;4128.062;1.0;1.0;1.0;4128.0;
17;2025-11-07;17;4694.219;1.0;1.0;1.0;4694.0;
17;2025-11-07;18;4259.108;1.0;1.0;1.0;4259.0;
17;2025-11-07;19;3151.198;1.0;1.0;1.0;3151.0;
17;2025-11-07;20;2321.242;1.0;1.0;1.0;2321.0;
17;2025-11-07;21;1561.567;1.0;1.0;1.0;1562.0;
17;2025-11-07;22;752.11;1.0;1.0;1.0;752.0;
17;2025-11-07;23;467.811;1.0;1.0;1.0;468.0;
17;2025-11-08;0;200.747;1.0;1.0;1.001;201.0;
17;2025-11-08;1;27.621;1.0;1.0;1.014;28.0;
17;2025-11-08;2;0.0;1.0;1.0;1.0;0.0;
17;2025-11-08;3;0.0;1.0;1.0;1.0;0.0;
17;2025-11-08;4;5.426;1.0;1.0;0.922;5.0;
17;2025-11-08;5;135.147;1.0;1.0;0.999;135.0;
17;2025-11-08;6;576.839;1.0;1.0;1.0;577.0;
17;2025-11-08;7;1257.258;1.0;1.0;1.0;1257.0;
17;2025-11-08;8;1783.047;1.0;1.0;1.0;1783.0;
17;2025-11-08;9;2268.144;1.0;1.0;1.0;2268.0;
17;2025-11-08;10;2535.478;1.0;1.0;1.0;2535.0;
17;2025-11-08;11;3022.055;1.0;1.0;1.0;3022.0;
17;2025-11-08;12;3347.344;1.0;1.0;1.0;3347.0;
17;2025-11-08;13;3610.732;1.0;1.0;1.0;3611.0;
17;2025-11-08;14;3625.776;1.0;1.0;1.0;3626.0;
17;2025-11-08;15;3618.131;1.0;1.0;1.0;3618.0;
17;2025-11-08;16;3634.654;1.0;1.0;1.0;3635.0;
17;2025-11-08;17;3347.344;1.0;1.0;1.0;3347.0;
17;2025-11-08;18;2963.114;1.0;1.0;1.0;2963.0;
17;2025-11-08;19;2341.883;1.0;1.0;1.0;2342.0;
17;2025-11-08;20;1844.208;1.0;1.0;1.0;1844.0;
17;2025-11-08;21;1323.105;1.0;1.0;1.0;1323.0;
17;2025-11-08;22;796.576;1.0;1.0;1.0;797.0;
17;2025-11-08;23;446.872;1.0;1.0;1.0;447.0;
17;2025-11-09;0;184.071;1.0;1.0;1.0;184.0;
17;2025-11-09;1;23.285;1.0;1.0;0.988;23.0;
17;2025-11-09;2;0.0;1.0;1.0;1.0;0.0;
17;2025-11-09;3;0.0;1.0;1.0;1.0;0.0;
17;2025-11-09;4;2.696;1.0;1.0;1.113;3.0;
17;2025-11-09;5;105.148;1.0;1.0;0.999;105.0;
17;2025-11-09;6;432.848;1.0;1.0;1.0;433.0;
17;2025-11-09;7;841.186;1.0;1.0;1.0;841.0;
17;2025-11-09;8;1224.524;1.0;1.0;1.0;1225.0;
17;2025-11-09;9;1676.735;1.0;1.0;1.0;1677.0;
17;2025-11-09;10;1978.945;1.0;1.0;1.0;1979.0;
17;2025-11-09;11;2544.393;1.0;1.0;1.0;2544.0;
17;2025-11-09;12;2887.289;1.0;1.0;1.0;2887.0;
17;2025-11-09;13;3134.596;1.0;1.0;1.0;3135.0;
17;2025-11-09;14;3268.176;1.0;1.0;1.0;3268.0;
17;2025-11-09;15;3199.793;1.0;1.0;1.0;3200.0;
17;2025-11-09;16;3112.046;1.0;1.0;1.0;3112.0;
17;2025-11-09;17;2953.956;1.0;1.0;1.0;2954.0;
17;2025-11-09;18;2546.599;1.0;1.0;1.0;2547.0;
17;2025-11-09;19;2038.259;1.0;1.0;1.0;2038.0;
17;2025-11-09;20;1502.469;1.0;1.0;1.0;1502.0;
17;2025-11-09;21;1110.062;1.0;1.0;1.0;1110.0;
17;2025-11-09;22;679.665;1.0;1.0;1.0;680.0;
17;2025-11-09;23;312.259;1.0;1.0;0.999;312.0;
17;2025-11-10;0;120.25;1.0;1.0;0.998;120.0;
17;2025-11-10;1;12.263;1.0;1.0;0.979;12.0;
17;2025-11-10;2;0.0;1.0;1.0;1.0;0.0;
17;2025-11-10;3;0.0;1.0;1.0;1.0;0.0;
17;2025-11-10;4;25.526;1.0;1.0;1.018;26.0;
17;2025-11-10;5;309.696;1.0;1.0;1.001;310.0;
17;2025-11-10;6;1542.789;1.0;1.0;1.0;1543.0;
17;2025-11-10;7;4208.868;1.0;1.0;1.0;4209.0;
17;2025-11-10;8;5417.434;1.0;1.0;1.0;5417.0;
17;2025-11-10;9;3878.462;1.0;1.0;1.0;3878.0;
17;2025-11-10;10;3037.277;1.0;1.0;1.0;3037.0;
17;2025-11-10;11;3011.0;1.0;1.0;1.0;3011.0;
17;2025-11-10;12;3036.088;1.0;1.0;1.0;3036.0;
17;2025-11-10;13;3091.708;1.0;1.0;1.0;3092.0;
17;2025-11-10;14;3203.449;1.0;1.0;1.0;3203.0;
17;2025-11-10;15;3259.758;1.0;1.0;1.0;3260.0;
17;2025-11-10;16;3694.521;1.0;1.0;1.0;3695.0;
17;2025-11-10;17;4504.8;1.0;1.0;1.0;4505.0;
17;2025-11-10;18;4737.792;1.0;1.0;1.0;4738.0;
17;2025-11-10;19;3200.008;1.0;1.0;1.0;3200.0;
17;2025-11-10;20;2278.177;1.0;1.0;1.0;2278.0;
17;2025-11-10;21;1429.296;1.0;1.0;1.0;1429.0;
17;2025-11-10;22;686.4;1.0;1.0;0.999;686.0;
17;2025-11-10;23;361.438;1.0;1.0;0.999;361.0;
17;2025-11-11;0;120.25;1.0;1.0;0.998;120.0;
17;2025-11-11;1;12.263;1.0;1.0;0.979;12.0;
17;2025-11-11;2;0.0;1.0;1.0;1.0;0.0;
17;2025-11-11;3;0.0;1.0;1.0;1.0;0.0;
17;2025-11-11;4;25.526;1.0;1.0;1.018;26.0;
17;2025-11-11;5;309.696;1.0;1.0;1.001;310.0;
17;2025-11-11;6;1542.789;1.0;1.0;1.0;1543.0;
17;2025-11-11;7;4208.868;1.0;1.0;1.0;4209.0;
17;2025-11-11;8;5417.434;1.0;1.0;1.0;5417.0;
17;2025-11-11;9;3878.462;1.0;1.0;1.0;3878.0;
17;2025-11-11;10;3037.277;1.0;1.0;1.0;3037.0;
17;2025-11-11;11;3011.0;1.0;1.0;1.0;3011.0;
17;2025-11-11;12;3036.088;1.0;1.0;1.0;3036.0;
17;2025-11-11;13;3091.708;1.0;1.0;1.0;3092.0;
17;2025-11-11;14;3203.449;1.0;1.0;1.0;3203.0;
17;2025-11-11;15;3259.758;1.0;1.0;1.0;3260.0;
17;2025-11-11;16;3694.521;1.0;1.0;1.0;3695.0;
17;2025-11-11;17;4504.8;1.0;1.0;1.0;4505.0;
17;2025-11-11;18;4737.792;1.0;1.0;1.0;4738.0;
17;2025-11-11;19;3200.008;1.0;1.0;1.0;3200.0;
17;2025-11-11;20;2278.177;1.0;1.0;1.0;2278.0;
17;2025-11-11;21;1429.296;1.0;1.0;1.0;1429.0;
17;2025-11-11;22;686.4;1.0;1.0;0.999;686.0;
17;2025-11-11;23;361.438;1.0;1.0;0.999;361.0;
17;2025-11-12;0;120.25;1.0;1.0;0.998;120.0;
17;2025-11-12;1;12.263;1.0;1.0;0.979;12.0;
17;2025-11-12;2;0.0;1.0;1.0;1.0;0.0;
17;2025-11-12;3;0.0;1.0;1.0;1.0;0.0;
17;2025-11-12;4;25.526;1.0;1.0;1.018;26.0;
17;2025-11-12;5;309.696;1.0;1.0;1.001;310.0;
17;2025-11-12;6;1542.789;1.0;1.0;1.0;1543.0;
17;2025-11-12;7;4208.868;1.0;1.0;1.0;4209.0;
17;2025-11-12;8;5417.434;1.0;1.0;1.0;5417.0;
17;2025-11-12;9;3878.462;1.0;1.0;1.0;3878.0;
17;2025-11-12;10;3037.277;1.0;1.0;1.0;3037.0;
17;2025-11-12;11;3011.0;1.0;1.0;1.0;3011.0;
17;2025-11-12;12;3036.088;1.0;1.0;1.0;3036.0;
17;2025-11-12;13;3091.708;1.0;1.0;1.0;3092.0;
17;2025-11-12;14;3203.449;1.0;1.0;1.0;3203.0;
17;2025-11-12;15;3259.758;1.0;1.0;1.0;3260.0;
17;2025-11-12;16;3694.521;1.0;1.0;1.0;3695.0;
17;2025-11-12;17;4504.8;1.0;1.0;1.0;4505.0;
17;2025-11-12;18;4737.792;1.0;1.0;1.0;4738.0;
17;2025-11-12;19;3200.008;1.0;1.0;1.0;3200.0;
17;2025-11-12;20;2278.177;1.0;1.0;1.0;2278.0;
17;2025-11-12;21;1429.296;1.0;1.0;1.0;1429.0;
17;2025-11-12;22;686.4;1.0;1.0;0.999;686.0;
17;2025-11-12;23;361.438;1.0;1.0;0.999;361.0;
17;2025-11-13;0;120.25;1.0;1.0;0.998;120.0;
17;2025-11-13;1;12.263;1.0;1.0;0.979;12.0;
17;2025-11-13;2;0.0;1.0;1.0;1.0;0.0;
17;2025-11-13;3;0.0;1.0;1.0;1.0;0.0;
17;2025-11-13;4;25.526;1.0;1.0;1.018;26.0;
17;2025-11-13;5;309.696;1.0;1.0;1.001;310.0;
17;2025-11-13;6;1542.789;1.0;1.0;1.0;1543.0;
17;2025-11-13;7;4208.868;1.0;1.0;1.0;4209.0;
17;2025-11-13;8;5417.434;1.0;1.0;1.0;5417.0;
17;2025-11-13;9;3878.462;1.0;1.0;1.0;3878.0;
17;2025-11-13;10;3037.277;1.0;1.0;1.0;3037.0;
17;2025-11-13;11;3011.0;1.0;1.0;1.0;3011.0;
17;2025-11-13;12;3036.088;1.0;1.0;1.0;3036.0;
17;2025-11-13;13;3091.708;1.0;1.0;1.0;3092.0;
17;2025-11-13;14;3203.449;1.0;1.0;1.0;3203.0;
17;2025-11-13;15;3259.758;1.0;1.0;1.0;3260.0;
17;2025-11-13;16;3694.521;1.0;1.0;1.0;3695.0;
17;2025-11-13;17;4504.8;1.0;1.0;1.0;4505.0;
17;2025-11-13;18;4737.792;1.0;1.0;1.0;4738.0;
17;2025-11-13;19;3200.008;1.0;1.0;1.0;3200.0;
17;2025-11-13;20;2278.177;1.0;1.0;1.0;2278.0;
17;2025-11-13;21;1429.296;1.0;1.0;1.0;1429.0;
17;2025-11-13;22;686.4;1.0;1.0;0.999;686.0;
17;2025-11-13;23;361.438;1.0;1.0;0.999;361.0;
17;2025-11-14;0;141.783;1.0;1.0;1.002;142.0;
17;2025-11-14;1;17.326;1.0;1.0;0.981;17.0;
17;2025-11-14;2;0.0;1.0;1.0;1.0;0.0;
17;2025-11-14;3;0.0;1.0;1.0;1.0;0.0;
17;2025-11-14;4;24.159;1.0;1.0;0.993;24.0;
17;2025-11-14;5;307.97;1.0;1.0;1.0;308.0;
17;2025-11-14;6;1510.808;1.0;1.0;1.0;1511.0;
17;2025-11-14;7;4095.85;1.0;1.0;1.0;4096.0;
17;2025-11-14;8;5189.118;1.0;1.0;1.0;5189.0;
17;2025-11-14;9;3749.323;1.0;1.0;1.0;3749.0;
17;2025-11-14;10;2968.906;1.0;1.0;1.0;2969.0;
17;2025-11-14;11;3021.129;1.0;1.0;1.0;3021.0;
17;2025-11-14;12;2985.012;1.0;1.0;1.0;2985.0;
17;2025-11-14;13;3073.84;1.0;1.0;1.0;3074.0;
17;2025-11-14;14;3141.925;1.0;1.0;1.0;3142.0;
17;2025-11-14;15;3413.534;1.0;1.0;1.0;3414.0;
17;2025-11-14;16;4128.062;1.0;1.0;1.0;4128.0;
17;2025-11-14;17;4694.219;1.0;1.0;1.0;4694.0;
17;2025-11-14;18;4259.108;1.0;1.0;1.0;4259.0;
17;2025-11-14;19;3151.198;1.0;1.0;1.0;3151.0;
17;2025-11-14;20;2321.242;1.0;1.0;1.0;2321.0;
17;2025-11-14;21;1561.567;1.0;1.0;1.0;1562.0;
17;2025-11-14;22;752.11;1.0;1.0;1.0;752.0;
17;2025-11-14;23;467.811;1.0;1.0;1.0;468.0;
17;2025-11-15;0;200.747;1.0;1.0;1.001;201.0;
17;2025-11-15;1;27.621;1.0;1.0;1.014;28.0;
17;2025-11-15;2;0.0;1.0;1.0;1.0;0.0;
17;2025-11-15;3;0.0;1.0;1.0;1.0;0.0;
17;2025-11-15;4;5.426;1.0;1.0;0.922;5.0;
17;2025-11-15;5;135.147;1.0;1.0;0.999;135.0;
17;2025-11-15;6;576.839;1.0;1.0;1.0;577.0;
17;2025-11-15;7;1257.258;1.0;1.0;1.0;1257.0;
17;2025-11-15;8;1783.047;1.0;1.0;1.0;1783.0;
17;2025-11-15;9;2268.144;1.0;1.0;1.0;2268.0;
17;2025-11-15;10;2535.478;1.0;1.0;1.0;2535.0;
17;2025-11-15;11;3022.055;1.0;1.0;1.0;3022.0;
17;2025-11-15;12;3347.344;1.0;1.0;1.0;3347.0;
17;2025-11-15;13;3610.732;1.0;1.0;1.0;3611.0;
17;2025-11-15;14;3625.776;1.0;1.0;1.0;3626.0;
17;2025-11-15;15;3618.131;1.0;1.0;1.0;3618.0;
17;2025-11-15;16;3634.654;1.0;1.0;1.0;3635.0;
17;2025-11-15;17;3347.344;1.0;1.0;1.0;3347.0;
17;2025-11-15;18;2963.114;1.0;1.0;1.0;2963.0;
17;2025-11-15;19;2341.883;1.0;1.0;1.0;2342.0;
17;2025-11-15;20;1844.208;1.0;1.0;1.0;1844.0;
17;2025-11-15;21;1323.105;1.0;1.0;1.0;1323.0;
17;2025-11-15;22;796.576;1.0;1.0;1.0;797.0;
17;2025-11-15;23;446.872;1.0;1.0;1.0;447.0;
17;2025-11-16;0;184.071;1.0;1.0;1.0;184.0;
17;2025-11-16;1;23.285;1.0;1.0;0.988;23.0;
17;2025-11-16;2;0.0;1.0;1.0;1.0;0.0;
17;2025-11-16;3;0.0;1.0;1.0;1.0;0.0;
17;2025-11-16;4;2.696;1.0;1.0;1.113;3.0;
17;2025-11-16;5;105.148;1.0;1.0;0.999;105.0;
17;2025-11-16;6;432.848;1.0;1.0;1.0;433.0;
17;2025-11-16;7;841.186;1.0;1.0;1.0;841.0;
17;2025-11-16;8;1224.524;1.0;1.0;1.0;1225.0;
17;2025-11-16;9;1676.735;1.0;1.0;1.0;1677.0;
17;2025-11-16;10;1978.945;1.0;1.0;1.0;1979.0;
17;2025-11-16;11;2544.393;1.0;1.0;1.0;2544.0;
17;2025-11-16;12;2887.289;1.0;1.0;1.0;2887.0;
17;2025-11-16;13;3134.596;1.0;1.0;1.0;3135.0;
17;2025-11-16;14;3268.176;1.0;1.0;1.0;3268.0;
17;2025-11-16;15;3199.793;1.0;1.0;1.0;3200.0;
17;2025-11-16;16;3112.046;1.0;1.0;1.0;3112.0;
17;2025-11-16;17;2953.956;1.0;1.0;1.0;2954.0;
17;2025-11-16;18;2546.599;1.0;1.0;1.0;2547.0;
17;2025-11-16;19;2038.259;1.0;1.0;1.0;2038.0;
17;2025-11-16;20;1502.469;1.0;1.0;1.0;1502.0;
17;2025-11-16;21;1110.062;1.0;1.0;1.0;1110.0;
17;2025-11-16;22;679.665;1.0;1.0;1.0;680.0;
17;2025-11-16;23;312.259;1.0;1.0;0.999;312.0;
17;2025-11-17;0;120.25;1.0;1.0;0.998;120.0;
17;2025-11-17;1;12.263;1.0;1.0;0.979;12.0;
17;2025-11-17;2;0.0;1.0;1.0;1.0;0.0;
17;2025-11-17;3;0.0;1.0;1.0;1.0;0.0;
17;2025-11-17;4;25.526;1.0;1.0;1.018;26.0;
17;2025-11-17;5;309.696;1.0;1.0;1.001;310.0;
17;2025-11-17;6;1542.789;1.0;1.0;1.0;1543.0;
17;2025-11-17;7;4208.868;1.0;1.0;1.0;4209.0;
17;2025-11-17;8;5417.434;1.0;1.0;1.0;5417.0;
17;2025-11-17;9;3878.462;1.0;1.0;1.0;3878.0;
17;2025-11-17;10;3037.277;1.0;1.0;1.0;3037.0;
17;2025-11-17;11;3011.0;1.0;1.0;1.0;3011.0;
17;2025-11-17;12;3036.088;1.0;1.0;1.0;3036.0;
17;2025-11-17;13;3091.708;1.0;1.0;1.0;3092.0;
17;2025-11-17;14;3203.449;1.0;1.0;1.0;3203.0;
17;2025-11-17;15;3259.758;1.0;1.0;1.0;3260.0;
17;2025-11-17;16;3694.521;1.0;1.0;1.0;3695.0;
17;2025-11-17;17;4504.8;1.0;1.0;1.0;4505.0;
17;2025-11-17;18;4737.792;1.0;1.0;1.0;4738.0;
17;2025-11-17;19;3200.008;1.0;1.0;1.0;3200.0;
17;2025-11-17;20;2278.177;1.0;1.0;1.0;2278.0;
17;2025-11-17;21;1429.296;1.0;1.0;1.0;1429.0;
17;2025-11-17;22;686.4;1.0;1.0;0.999;686.0;
17;2025-11-17;23;361.438;1.0;1.0;0.999;361.0;
17;2025-11-18;0;120.25;1.0;1.0;0.998;120.0;
17;2025-11-18;1;12.263;1.0;1.0;0.979;12.0;
17;2025-11-18;2;0.0;1.0;1.0;1.0;0.0;
17;2025-11-18;3;0.0;1.0;1.0;1.0;0.0;
17;2025-11-18;4;25.526;1.0;1.0;1.018;26.0;
17;2025-11-18;5;309.696;1.0;1.0;1.001;310.0;
17;2025-11-18;6;1542.789;1.0;1.0;1.0;1543.0;
17;2025-11-18;7;4208.868;1.0;1.0;1.0;4209.0;
17;2025-11-18;8;5417.434;1.0;1.0;1.0;5417.0;
17;2025-11-18;9;3878.462;1.0;1.0;1.0;3878.0;
17;2025-11-18;10;3037.277;1.0;1.0;1.0;3037.0;
17;2025-11-18;11;3011.0;1.0;1.0;1.0;3011.0;
17;2025-11-18;12;3036.088;1.0;1.0;1.0;3036.0;
17;2025-11-18;13;3091.708;1.0;1.0;1.0;3092.0;
17;2025-11-18;14;3203.449;1.0;1.0;1.0;3203.0;
17;2025-11-18;15;3259.758;1.0;1.0;1.0;3260.0;
17;2025-11-18;16;3694.521;1.0;1.0;1.0;3695.0;
17;2025-11-18;17;4504.8;1.0;1.0;1.0;4505.0;
17;2025-11-18;18;4737.792;1.0;1.0;1.0;4738.0;
17;2025-11-18;19;3200.008;1.0;1.0;1.0;3200.0;
17;2025-11-18;20;2278.177;1.0;1.0;1.0;2278.0;
17;2025-11-18;21;1429.296;1.0;1.0;1.0;1429.0;
17;2025-11-18;22;686.4;1.0;1.0;0.999;686.0;
17;2025-11-18;23;361.438;1.0;1.0;0.999;361.0;
17;2025-11-19;0;120.25;1.0;1.0;0.998;120.0;
17;2025-11-19;1;12.263;1.0;1.0;0.979;12.0;
17;2025-11-19;2;0.0;1.0;1.0;1.0;0.0;
17;2025-11-19;3;0.0;1.0;1.0;1.0;0.0;
17;2025-11-19;4;25.526;1.0;1.0;1.018;26.0;
17;2025-11-19;5;309.696;1.0;1.0;1.001;310.0;
17;2025-11-19;6;1542.789;1.0;1.0;1.0;1543.0;
17;2025-11-19;7;4208.868;1.0;1.0;1.0;4209.0;
17;2025-11-19;8;5417.434;1.0;1.0;1.0;5417.0;
17;2025-11-19;9;3878.462;1.0;1.0;1.0;3878.0;
17;2025-11-19;10;3037.277;1.0;1.0;1.0;3037.0;
17;2025-11-19;11;3011.0;1.0;1.0;1.0;3011.0;
17;2025-11-19;12;3036.088;1.0;1.0;1.0;3036.0;
17;2025-11-19;13;3091.708;1.0;1.0;1.0;3092.0;
17;2025-11-19;14;3203.449;1.0;1.0;1.0;3203.0;
17;2025-11-19;15;3259.758;1.0;1.0;1.0;3260.0;
17;2025-11-19;16;3694.521;1.0;1.0;1.0;3695.0;
17;2025-11-19;17;4504.8;1.0;1.0;1.0;4505.0;
17;2025-11-19;18;4737.792;1.0;1.0;1.0;4738.0;
17;2025-11-19;19;3200.008;1.0;1.0;1.0;3200.0;
17;2025-11-19;20;2278.177;1.0;1.0;1.0;2278.0;
17;2025-11-19;21;1429.296;1.0;1.0;1.0;1429.0;
17;2025-11-19;22;686.4;1.0;1.0;0.999;686.0;
17;2025-11-19;23;361.438;1.0;1.0;0.999;361.0;
17;2025-11-20;0;120.25;1.0;1.0;0.998;120.0;
17;2025-11-20;1;12.263;1.0;1.0;0.979;12.0;
17;2025-11-20;2;0.0;1.0;1.0;1.0;0.0;
17;2025-11-20;3;0.0;1.0;1.0;1.0;0.0;
17;2025-11-20;4;25.526;1.0;1.0;1.018;26.0;
17;2025-11-20;5;309.696;1.0;1.0;1.001;310.0;
17;2025-11-20;6;1542.789;1.0;1.0;1.0;1543.0;
17;2025-11-20;7;4208.868;1.0;1.0;1.0;4209.0;
17;2025-11-20;8;5417.434;1.0;1.0;1.0;5417.0;
17;2025-11-20;9;3878.462;1.0;1.0;1.0;3878.0;
17;2025-11-20;10;3037.277;1.0;1.0;1.0;3037.0;
17;2025-11-20;11;3011.0;1.0;1.0;1.0;3011.0;
17;2025-11-20;12;3036.088;1.0;1.0;1.0;3036.0;
17;2025-11-20;13;3091.708;1.0;1.0;1.0;3092.0;
17;2025-11-20;14;3203.449;1.0;1.0;1.0;3203.0;
17;2025-11-20;15;3259.758;1.0;1.0;1.0;3260.0;
17;2025-11-20;16;3694.521;1.0;1.0;1.0;3695.0;
17;2025-11-20;17;4504.8;1.0;1.0;1.0;4505.0;
17;2025-11-20;18;4737.792;1.0;1.0;1.0;4738.0;
17;2025-11-20;19;3200.008;1.0;1.0;1.0;3200.0;
17;2025-11-20;20;2278.177;1.0;1.0;1.0;2278.0;
17;2025-11-20;21;1429.296;1.0;1.0;1.0;1429.0;
17;2025-11-20;22;686.4;1.0;1.0;0.999;686.0;
17;2025-11-20;23;361.438;1.0;1.0;0.999;361.0;
17;2025-11-21;0;141.783;1.0;1.0;1.002;142.0;
17;2025-11-21;1;17.326;1.0;1.0;0.981;17.0;
17;2025-11-21;2;0.0;1.0;1.0;1.0;0.0;
17;2025-11-21;3;0.0;1.0;1.0;1.0;0.0;
17;2025-11-21;4;24.159;1.0;1.0;0.993;24.0;
17;2025-11-21;5;307.97;1.0;1.0;1.0;308.0;
17;2025-11-21;6;1510.808;1.0;1.0;1.0;1511.0;
17;2025-11-21;7;4095.85;1.0;1.0;1.0;4096.0;
17;2025-11-21;8;5189.118;1.0;1.0;1.0;5189.0;
17;2025-11-21;9;3749.323;1.0;1.0;1.0;3749.0;
17;2025-11-21;10;2968.906;1.0;1.0;1.0;2969.0;
17;2025-11-21;11;3021.129;1.0;1.0;1.0;3021.0;
17;2025-11-21;12;2985.012;1.0;1.0;1.0;2985.0;
17;2025-11-21;13;3073.84;1.0;1.0;1.0;3074.0;
17;2025-11-21;14;3141.925;1.0;1.0;1.0;3142.0;
17;2025-11-21;15;3413.534;1.0;1.0;1.0;3414.0;
17;2025-11-21;16;4128.062;1.0;1.0;1.0;4128.0;
17;2025-11-21;17;4694.219;1.0;1.0;1.0;4694.0;
17;2025-11-21;18;4259.108;1.0;1.0;1.0;4259.0;
17;2025-11-21;19;3151.198;1.0;1.0;1.0;3151.0;
17;2025-11-21;20;2321.242;1.0;1.0;1.0;2321.0;
17;2025-11-21;21;1561.567;1.0;1.0;1.0;1562.0;
17;2025-11-21;22;752.11;1.0;1.0;1.0;752.0;
17;2025-11-21;23;467.811;1.0;1.0;1.0;468.0;
17;2025-11-22;0;200.747;1.0;1.0;1.001;201.0;
17;2025-11-22;1;27.621;1.0;1.0;1.014;28.0;
17;2025-11-22;2;0.0;1.0;1.0;1.0;0.0;
17;2025-11-22;3;0.0;1.0;1.0;1.0;0.0;
17;2025-11-22;4;5.426;1.0;1.0;0.922;5.0;
17;2025-11-22;5;135.147;1.0;1.0;0.999;135.0;
17;2025-11-22;6;576.839;1.0;1.0;1.0;577.0;
17;2025-11-22;7;1257.258;1.0;1.0;1.0;1257.0;
17;2025-11-22;8;1783.047;1.0;1.0;1.0;1783.0;
17;2025-11-22;9;2268.144;1.0;1.0;1.0;2268.0;
17;2025-11-22;10;2535.478;1.0;1.0;1.0;2535.0;
17;2025-11-22;11;3022.055;1.0;1.0;1.0;3022.0;
17;2025-11-22;12;3347.344;1.0;1.0;1.0;3347.0;
17;2025-11-22;13;3610.732;1.0;1.0;1.0;3611.0;
17;2025-11-22;14;3625.776;1.0;1.0;1.0;3626.0;
17;2025-11-22;15;3618.131;1.0;1.0;1.0;3618.0;
17;2025-11-22;16;3634.654;1.0;1.0;1.0;3635.0;
17;2025-11-22;17;3347.344;1.0;1.0;1.0;3347.0;
17;2025-11-22;18;2963.114;1.0;1.0;1.0;2963.0;
17;2025-11-22;19;2341.883;1.0;1.0;1.0;2342.0;
17;2025-11-22;20;1844.208;1.0;1.0;1.0;1844.0;
17;2025-11-22;21;1323.105;1.0;1.0;1.0;1323.0;
17;2025-11-22;22;796.576;1.0;1.0;1.0;797.0;
17;2025-11-22;23;446.872;1.0;1.0;1.0;447.0;
17;2025-11-23;0;184.071;1.0;1.0;1.0;184.0;
17;2025-11-23;1;23.285;1.0;1.0;0.988;23.0;
17;2025-11-23;2;0.0;1.0;1.0;1.0;0.0;
17;2025-11-23;3;0.0;1.0;1.0;1.0;0.0;
17;2025-11-23;4;2.696;1.0;1.0;1.113;3.0;
17;2025-11-23;5;105.148;1.0;1.0;0.999;105.0;
17;2025-11-23;6;432.848;1.0;1.0;1.0;433.0;
17;2025-11-23;7;841.186;1.0;1.0;1.0;841.0;
17;2025-11-23;8;1224.524;1.0;1.0;1.0;1225.0;
17;2025-11-23;9;1676.735;1.0;1.0;1.0;1677.0;
17;2025-11-23;10;1978.945;1.0;1.0;1.0;1979.0;
17;2025-11-23;11;2544.393;1.0;1.0;1.0;2544.0;
17;2025-11-23;12;2887.289;1.0;1.0;1.0;2887.0;
17;2025-11-23;13;3134.596;1.0;1.0;1.0;3135.0;
17;2025-11-23;14;3268.176;1.0;1.0;1.0;3268.0;
17;2025-11-23;15;3199.793;1.0;1.0;1.0;3200.0;
17;2025-11-23;16;3112.046;1.0;1.0;1.0;3112.0;
17;2025-11-23;17;2953.956;1.0;1.0;1.0;2954.0;
17;2025-11-23;18;2546.599;1.0;1.0;1.0;2547.0;
17;2025-11-23;19;2038.259;1.0;1.0;1.0;2038.0;
17;2025-11-23;20;1502.469;1.0;1.0;1.0;1502.0;
17;2025-11-23;21;1110.062;1.0;1.0;1.0;1110.0;
17;2025-11-23;22;679.665;1.0;1.0;1.0;680.0;
17;2025-11-23;23;312.259;1.0;1.0;0.999;312.0;
17;2025-11-24;0;120.25;1.0;1.0;0.998;120.0;
17;2025-11-24;1;12.263;1.0;1.0;0.979;12.0;
17;2025-11-24;2;0.0;1.0;1.0;1.0;0.0;
17;2025-11-24;3;0.0;1.0;1.0;1.0;0.0;
17;2025-11-24;4;25.526;1.0;1.0;1.018;26.0;
17;2025-11-24;5;309.696;1.0;1.0;1.001;310.0;
17;2025-11-24;6;1542.789;1.0;1.0;1.0;1543.0;
17;2025-11-24;7;4208.868;1.0;1.0;1.0;4209.0;
17;2025-11-24;8;5417.434;1.0;1.0;1.0;5417.0;
17;2025-11-24;9;3878.462;1.0;1.0;1.0;3878.0;
17;2025-11-24;10;3037.277;1.0;1.0;1.0;3037.0;
17;2025-11-24;11;3011.0;1.0;1.0;1.0;3011.0;
17;2025-11-24;12;3036.088;1.0;1.0;1.0;3036.0;
17;2025-11-24;13;3091.708;1.0;1.0;1.0;3092.0;
17;2025-11-24;14;3203.449;1.0;1.0;1.0;3203.0;
17;2025-11-24;15;3259.758;1.0;1.0;1.0;3260.0;
17;2025-11-24;16;3694.521;1.0;1.0;1.0;3695.0;
17;2025-11-24;17;4504.8;1.0;1.0;1.0;4505.0;
17;2025-11-24;18;4737.792;1.0;1.0;1.0;4738.0;
17;2025-11-24;19;3200.008;1.0;1.0;1.0;3200.0;
17;2025-11-24;20;2278.177;1.0;1.0;1.0;2278.0;
17;2025-11-24;21;1429.296;1.0;1.0;1.0;1429.0;
17;2025-11-24;22;686.4;1.0;1.0;0.999;686.0;
17;2025-11-24;23;361.438;1.0;1.0;0.999;361.0;
17;2025-11-25;0;120.25;1.0;1.0;0.998;120.0;
17;2025-11-25;1;12.263;1.0;1.0;0.979;12.0;
17;2025-11-25;2;0.0;1.0;1.0;1.0;0.0;
17;2025-11-25;3;0.0;1.0;1.0;1.0;0.0;
17;2025-11-25;4;25.526;1.0;1.0;1.018;26.0;
17;2025-11-25;5;309.696;1.0;1.0;1.001;310.0;
17;2025-11-25;6;1542.789;1.0;1.0;1.0;1543.0;
17;2025-11-25;7;4208.868;1.0;1.0;1.0;4209.0;
17;2025-11-25;8;5417.434;1.0;1.0;1.0;5417.0;
17;2025-11-25;9;3878.462;1.0;1.0;1.0;3878.0;
17;2025-11-25;10;3037.277;1.0;1.0;1.0;3037.0;
17;2025-11-25;11;3011.0;1.0;1.0;1.0;3011.0;
17;2025-11-25;12;3036.088;1.0;1.0;1.0;3036.0;
17;2025-11-25;13;3091.708;1.0;1.0;1.0;3092.0;
17;2025-11-25;14;3203.449;1.0;1.0;1.0;3203.0;
17;2025-11-25;15;3259.758;1.0;1.0;1.0;3260.0;
17;2025-11-25;16;3694.521;1.0;1.0;1.0;3695.0;
17;2025-11-25;17;4504.8;1.0;1.0;1.0;4505.0;
17;2025-11-25;18;4737.792;1.0;1.0;1.0;4738.0;
17;2025-11-25;19;3200.008;1.0;1.0;1.0;3200.0;
17;2025-11-25;20;2278.177;1.0;1.0;1.0;2278.0;
17;2025-11-25;21;1429.296;1.0;1.0;1.0;1429.0;
17;2025-11-25;22;686.4;1.0;1.0;0.999;686.0;
17;2025-11-25;23;361.438;1.0;1.0;0.999;361.0;
17;2025-11-26;0;120.25;1.0;1.0;0.998;120.0;
17;2025-11-26;1;12.263;1.0;1.0;0.979;12.0;
17;2025-11-26;2;0.0;1.0;1.0;1.0;0.0;
17;2025-11-26;3;0.0;1.0;1.0;1.0;0.0;
17;2025-11-26;4;25.526;1.0;1.0;1.018;26.0;
17;2025-11-26;5;309.696;1.0;1.0;1.001;310.0;
17;2025-11-26;6;1542.789;1.0;1.0;1.0;1543.0;
17;2025-11-26;7;4208.868;1.0;1.0;1.0;4209.0;
17;2025-11-26;8;5417.434;1.0;1.0;1.0;5417.0;
17;2025-11-26;9;3878.462;1.0;1.0;1.0;3878.0;
17;2025-11-26;10;3037.277;1.0;1.0;1.0;3037.0;
17;2025-11-26;11;3011.0;1.0;1.0;1.0;3011.0;
17;2025-11-26;12;3036.088;1.0;1.0;1.0;3036.0;
17;2025-11-26;13;3091.708;1.0;1.0;1.0;3092.0;
17;2025-11-26;14;3203.449;1.0;1.0;1.0;3203.0;
17;2025-11-26;15;3259.758;1.0;1.0;1.0;3260.0;
17;2025-11-26;16;3694.521;1.0;1.0;1.0;3695.0;
17;2025-11-26;17;4504.8;1.0;1.0;1.0;4505.0;
17;2025-11-26;18;4737.792;1.0;1.0;1.0;4738.0;
17;2025-11-26;19;3200.008;1.0;1.0;1.0;3200.0;
17;2025-11-26;20;2278.177;1.0;1.0;1.0;2278.0;
17;2025-11-26;21;1429.296;1.0;1.0;1.0;1429.0;
17;2025-11-26;22;686.4;1.0;1.0;0.999;686.0;
17;2025-11-26;23;361.438;1.0;1.0;0.999;361.0;
17;2025-11-27;0;120.25;1.0;1.0;0.998;120.0;
17;2025-11-27;1;12.263;1.0;1.0;0.979;12.0;
17;2025-11-27;2;0.0;1.0;1.0;1.0;0.0;
17;2025-11-27;3;0.0;1.0;1.0;1.0;0.0;
17;2025-11-27;4;25.526;1.0;1.0;1.018;26.0;
17;2025-11-27;5;309.696;1.0;1.0;1.001;310.0;
17;2025-11-27;6;1542.789;1.0;1.0;1.0;1543.0;
17;2025-11-27;7;4208.868;1.0;1.0;1.0;4209.0;
17;2025-11-27;8;5417.434;1.0;1.0;1.0;5417.0;
17;2025-11-27;9;3878.462;1.0;1.0;1.0;3878.0;
17;2025-11-27;10;3037.277;1.0;1.0;1.0;3037.0;
17;2025-11-27;11;3011.0;1.0;1.0;1.0;3011.0;
17;2025-11-27;12;3036.088;1.0;1.0;1.0;3036.0;
17;2025-11-27;13;3091.708;1.0;1.0;1.0;3092.0;
17;2025-11-27;14;3203.449;1.0;1.0;1.0;3203.0;
17;2025-11-27;15;3259.758;1.0;1.0;1.0;3260.0;
17;2025-11-27;16;3694.521;1.0;1.0;1.0;3695.0;
17;2025-11-27;17;4504.8;1.0;1.0;1.0;4505.0;
17;2025-11-27;18;4737.792;1.0;1.0;1.0;4738.0;
17;2025-11-27;19;3200.008;1.0;1.0;1.0;3200.0;
17;2025-11-27;20;2278.177;1.0;1.0;1.0;2278.0;
17;2025-11-27;21;1429.296;1.0;1.0;1.0;1429.0;
17;2025-11-27;22;686.4;1.0;1.0;0.999;686.0;
17;2025-11-27;23;361.438;1.0;1.0;0.999;361.0;
17;2025-11-28;0;141.783;1.0;1.0;1.002;142.0;
17;2025-11-28;1;17.326;1.0;1.0;0.981;17.0;
17;2025-11-28;2;0.0;1.0;1.0;1.0;0.0;
17;2025-11-28;3;0.0;1.0;1.0;1.0;0.0;
17;2025-11-28;4;24.159;1.0;1.0;0.993;24.0;
17;2025-11-28;5;307.97;1.0;1.0;1.0;308.0;
17;2025-11-28;6;1510.808;1.0;1.0;1.0;1511.0;
17;2025-11-28;7;4095.85;1.0;1.0;1.0;4096.0;
17;2025-11-28;8;5189.118;1.0;1.0;1.0;5189.0;
17;2025-11-28;9;3749.323;1.0;1.0;1.0;3749.0;
17;2025-11-28;10;2968.906;1.0;1.0;1.0;2969.0;
17;2025-11-28;11;3021.129;1.0;1.0;1.0;3021.0;
17;2025-11-28;12;2985.012;1.0;1.0;1.0;2985.0;
17;2025-11-28;13;3073.84;1.0;1.0;1.0;3074.0;
17;2025-11-28;14;3141.925;1.0;1.0;1.0;3142.0;
17;2025-11-28;15;3413.534;1.0;1.0;1.0;3414.0;
17;2025-11-28;16;4128.062;1.0;1.0;1.0;4128.0;
17;2025-11-28;17;4694.219;1.0;1.0;1.0;4694.0;
17;2025-11-28;18;4259.108;1.0;1.0;1.0;4259.0;
17;2025-11-28;19;3151.198;1.0;1.0;1.0;3151.0;
17;2025-11-28;20;2321.242;1.0;1.0;1.0;2321.0;
17;2025-11-28;21;1561.567;1.0;1.0;1.0;1562.0;
17;2025-11-28;22;752.11;1.0;1.0;1.0;752.0;
17;2025-11-28;23;467.811;1.0;1.0;1.0;468.0;
17;2025-11-29;0;200.747;1.0;1.0;1.001;201.0;
17;2025-11-29;1;27.621;1.0;1.0;1.014;28.0;
17;2025-11-29;2;0.0;1.0;1.0;1.0;0.0;
17;2025-11-29;3;0.0;1.0;1.0;1.0;0.0;
17;2025-11-29;4;5.426;1.0;1.0;0.922;5.0;
17;2025-11-29;5;135.147;1.0;1.0;0.999;135.0;
17;2025-11-29;6;576.839;1.0;1.0;1.0;577.0;
17;2025-11-29;7;1257.258;1.0;1.0;1.0;1257.0;
17;2025-11-29;8;1783.047;1.0;1.0;1.0;1783.0;
17;2025-11-29;9;2268.144;1.0;1.0;1.0;2268.0;
17;2025-11-29;10;2535.478;1.0;1.0;1.0;2535.0;
17;2025-11-29;11;3022.055;1.0;1.0;1.0;3022.0;
17;2025-11-29;12;3347.344;1.0;1.0;1.0;3347.0;
17;2025-11-29;13;3610.732;1.0;1.0;1.0;3611.0;
17;2025-11-29;14;3625.776;1.0;1.0;1.0;3626.0;
17;2025-11-29;15;3618.131;1.0;1.0;1.0;3618.0;
17;2025-11-29;16;3634.654;1.0;1.0;1.0;3635.0;
17;2025-11-29;17;3347.344;1.0;1.0;1.0;3347.0;
17;2025-11-29;18;2963.114;1.0;1.0;1.0;2963.0;
17;2025-11-29;19;2341.883;1.0;1.0;1.0;2342.0;
17;2025-11-29;20;1844.208;1.0;1.0;1.0;1844.0;
17;2025-11-29;21;1323.105;1.0;1.0;1.0;1323.0;
17;2025-11-29;22;796.576;1.0;1.0;1.0;797.0;
17;2025-11-29;23;446.872;1.0;1.0;1.0;447.0;
17;2025-11-30;0;184.071;1.0;1.0;1.0;184.0;
17;2025-11-30;1;23.285;1.0;1.0;0.988;23.0;
17;2025-11-30;2;0.0;1.0;1.0;1.0;0.0;
17;2025-11-30;3;0.0;1.0;1.0;1.0;0.0;
17;2025-11-30;4;2.696;1.0;1.0;1.113;3.0;
17;2025-11-30;5;105.148;1.0;1.0;0.999;105.0;
17;2025-11-30;6;432.848;1.0;1.0;1.0;433.0;
17;2025-11-30;7;841.186;1.0;1.0;1.0;841.0;
17;2025-11-30;8;1224.524;1.0;1.0;1.0;1225.0;
17;2025-11-30;9;1676.735;1.0;1.0;1.0;1677.0;
17;2025-11-30;10;1978.945;1.0;1.0;1.0;1979.0;
17;2025-11-30;11;2544.393;1.0;1.0;1.0;2544.0;
17;2025-11-30;12;2887.289;1.0;1.0;1.0;2887.0;
17;2025-11-30;13;3134.596;1.0;1.0;1.0;3135.0;
17;2025-11-30;14;3268.176;1.0;1.0;1.0;3268.0;
17;2025-11-30;15;3199.793;1.0;1.0;1.0;3200.0;
17;2025-11-30;16;3112.046;1.0;1.0;1.0;3112.0;
17;2025-11-30;17;2953.956;1.0;1.0;1.0;2954.0;
17;2025-11-30;18;2546.599;1.0;1.0;1.0;2547.0;
17;2025-11-30;19;2038.259;1.0;1.0;1.0;2038.0;
17;2025-11-30;20;1502.469;1.0;1.0;1.0;1502.0;
17;2025-11-30;21;1110.062;1.0;1.0;1.0;1110.0;
17;2025-11-30;22;679.665;1.0;1.0;1.0;680.0;
17;2025-11-30;23;312.259;1.0;1.0;0.999;312.0;
17;2025-12-01;0;120.25;1.0;1.0;0.998;120.0;
17;2025-12-01;1;12.263;1.0;1.0;0.979;12.0;
17;2025-12-01;2;0.0;1.0;1.0;1.0;0.0;
17;2025-12-01;3;0.0;1.0;1.0;1.0;0.0;
17;2025-12-01;4;25.526;1.0;1.0;1.018;26.0;
17;2025-12-01;5;309.696;1.0;1.0;1.001;310.0;
17;2025-12-01;6;1542.789;1.0;1.0;1.0;1543.0;
17;2025-12-01;7;4208.868;1.0;1.0;1.0;4209.0;
17;2025-12-01;8;5417.434;1.0;1.0;1.0;5417.0;
17;2025-12-01;9;3878.462;1.0;1.0;1.0;3878.0;
17;2025-12-01;10;3037.277;1.0;1.0;1.0;3037.0;
17;2025-12-01;11;3011.0;1.0;1.0;1.0;3011.0;
17;2025-12-01;12;3036.088;1.0;1.0;1.0;3036.0;
17;2025-12-01;13;3091.708;1.0;1.0;1.0;3092.0;
17;2025-12-01;14;3203.449;1.0;1.0;1.0;3203.0;
17;2025-12-01;15;3259.758;1.0;1.0;1.0;3260.0;
17;2025-12-01;16;3694.521;1.0;1.0;1.0;3695.0;
17;2025-12-01;17;4504.8;1.0;1.0;1.0;4505.0;
17;2025-12-01;18;4737.792;1.0;1.0;1.0;4738.0;
17;2025-12-01;19;3200.008;1.0;1.0;1.0;3200.0;
17;2025-12-01;20;2278.177;1.0;1.0;1.0;2278.0;
17;2025-12-01;21;1429.296;1.0;1.0;1.0;1429.0;
17;2025-12-01;22;686.4;1.0;1.0;0.999;686.0;
17;2025-12-01;23;361.438;1.0;1.0;0.999;361.0;
17;2025-12-02;0;120.25;1.0;1.0;0.998;120.0;
17;2025-12-02;1;12.263;1.0;1.0;0.979;12.0;
17;2025-12-02;2;0.0;1.0;1.0;1.0;0.0;
17;2025-12-02;3;0.0;1.0;1.0;1.0;0.0;
17;2025-12-02;4;25.526;1.0;1.0;1.018;26.0;
17;2025-12-02;5;309.696;1.0;1.0;1.001;310.0;
17;2025-12-02;6;1542.789;1.0;1.0;1.0;1543.0;
17;2025-12-02;7;4208.868;1.0;1.0;1.0;4209.0;
17;2025-12-02;8;5417.434;1.0;1.0;1.0;5417.0;
17;2025-12-02;9;3878.462;1.0;1.0;1.0;3878.0;
17;2025-12-02;10;3037.277;1.0;1.0;1.0;3037.0;
17;2025-12-02;11;3011.0;1.0;1.0;1.0;3011.0;
17;2025-12-02;12;3036.088;1.0;1.0;1.0;3036.0;
17;2025-12-02;13;3091.708;1.0;1.0;1.0;3092.0;
17;2025-12-02;14;3203.449;1.0;1.0;1.0;3203.0;
17;2025-12-02;15;3259.758;1.0;1.0;1.0;3260.0;
17;2025-12-02;16;3694.521;1.0;1.0;1.0;3695.0;
17;2025-12-02;17;4504.8;1.0;1.0;1.0;4505.0;
17;2025-12-02;18;4737.792;1.0;1.0;1.0;4738.0;
17;2025-12-02;19;3200.008;1.0;1.0;1.0;3200.0;
17;2025-12-02;20;2278.177;1.0;1.0;1.0;2278.0;
17;2025-12-02;21;1429.296;1.0;1.0;1.0;1429.0;
17;2025-12-02;22;686.4;1.0;1.0;0.999;686.0;
17;2025-12-02;23;361.438;1.0;1.0;0.999;361.0;
17;2025-12-03;0;120.25;1.0;1.0;0.998;120.0;
17;2025-12-03;1;12.263;1.0;1.0;0.979;12.0;
17;2025-12-03;2;0.0;1.0;1.0;1.0;0.0;
17;2025-12-03;3;0.0;1.0;1.0;1.0;0.0;
17;2025-12-03;4;25.526;1.0;1.0;1.018;26.0;
17;2025-12-03;5;309.696;1.0;1.0;1.001;310.0;
17;2025-12-03;6;1542.789;1.0;1.0;1.0;1543.0;
17;2025-12-03;7;4208.868;1.0;1.0;1.0;4209.0;
17;2025-12-03;8;5417.434;1.0;1.0;1.0;5417.0;
17;2025-12-03;9;3878.462;1.0;1.0;1.0;3878.0;
17;2025-12-03;10;3037.277;1.0;1.0;1.0;3037.0;
17;2025-12-03;11;3011.0;1.0;1.0;1.0;3011.0;
17;2025-12-03;12;3036.088;1.0;1.0;1.0;3036.0;
17;2025-12-03;13;3091.708;1.0;1.0;1.0;3092.0;
17;2025-12-03;14;3203.449;1.0;1.0;1.0;3203.0;
17;2025-12-03;15;3259.758;1.0;1.0;1.0;3260.0;
17;2025-12-03;16;3694.521;1.0;1.0;1.0;3695.0;
17;2025-12-03;17;4504.8;1.0;1.0;1.0;4505.0;
17;2025-12-03;18;4737.792;1.0;1.0;1.0;4738.0;
17;2025-12-03;19;3200.008;1.0;1.0;1.0;3200.0;
17;2025-12-03;20;2278.177;1.0;1.0;1.0;2278.0;
17;2025-12-03;21;1429.296;1.0;1.0;1.0;1429.0;
17;2025-12-03;22;686.4;1.0;1.0;0.999;686.0;
17;2025-12-03;23;361.438;1.0;1.0;0.999;361.0;
17;2025-12-04;0;120.25;1.0;1.0;0.998;120.0;
17;2025-12-04;1;12.263;1.0;1.0;0.979;12.0;
17;2025-12-04;2;0.0;1.0;1.0;1.0;0.0;
17;2025-12-04;3;0.0;1.0;1.0;1.0;0.0;
17;2025-12-04;4;25.526;1.0;1.0;1.018;26.0;
17;2025-12-04;5;309.696;1.0;1.0;1.001;310.0;
17;2025-12-04;6;1542.789;1.0;1.0;1.0;1543.0;
17;2025-12-04;7;4208.868;1.0;1.0;1.0;4209.0;
17;2025-12-04;8;5417.434;1.0;1.0;1.0;5417.0;
17;2025-12-04;9;3878.462;1.0;1.0;1.0;3878.0;
17;2025-12-04;10;3037.277;1.0;1.0;1.0;3037.0;
17;2025-12-04;11;3011.0;1.0;1.0;1.0;3011.0;
17;2025-12-04;12;3036.088;1.0;1.0;1.0;3036.0;
17;2025-12-04;13;3091.708;1.0;1.0;1.0;3092.0;
17;2025-12-04;14;3203.449;1.0;1.0;1.0;3203.0;
17;2025-12-04;15;3259.758;1.0;1.0;1.0;3260.0;
17;2025-12-04;16;3694.521;1.0;1.0;1.0;3695.0;
17;2025-12-04;17;4504.8;1.0;1.0;1.0;4505.0;
17;2025-12-04;18;4737.792;1.0;1.0;1.0;4738.0;
17;2025-12-04;19;3200.008;1.0;1.0;1.0;3200.0;
17;2025-12-04;20;2278.177;1.0;1.0;1.0;2278.0;
17;2025-12-04;21;1429.296;1.0;1.0;1.0;1429.0;
17;2025-12-04;22;686.4;1.0;1.0;0.999;686.0;
17;2025-12-04;23;361.438;1.0;1.0;0.999;361.0;
17;2025-12-05;0;141.783;1.0;1.0;1.002;142.0;
17;2025-12-05;1;17.326;1.0;1.0;0.981;17.0;
17;2025-12-05;2;0.0;1.0;1.0;1.0;0.0;
17;2025-12-05;3;0.0;1.0;1.0;1.0;0.0;
17;2025-12-05;4;24.159;1.0;1.0;0.993;24.0;
17;2025-12-05;5;307.97;1.0;1.0;1.0;308.0;
17;2025-12-05;6;1510.808;1.0;1.0;1.0;1511.0;
17;2025-12-05;7;4095.85;1.0;1.0;1.0;4096.0;
17;2025-12-05;8;5189.118;1.0;1.0;1.0;5189.0;
17;2025-12-05;9;3749.323;1.0;1.0;1.0;3749.0;
17;2025-12-05;10;2968.906;1.0;1.0;1.0;2969.0;
17;2025-12-05;11;3021.129;1.0;1.0;1.0;3021.0;
17;2025-12-05;12;2985.012;1.0;1.0;1.0;2985.0;
17;2025-12-05;13;3073.84;1.0;1.0;1.0;3074.0;
17;2025-12-05;14;3141.925;1.0;1.0;1.0;3142.0;
17;2025-12-05;15;3413.534;1.0;1.0;1.0;3414.0;
17;2025-12-05;16;4128.062;1.0;1.0;1.0;4128.0;
17;2025-12-05;17;4694.219;1.0;1.0;1.0;4694.0;
17;2025-12-05;18;4259.108;1.0;1.0;1.0;4259.0;
17;2025-12-05;19;3151.198;1.0;1.0;1.0;3151.0;
17;2025-12-05;20;2321.242;1.0;1.0;1.0;2321.0;
17;2025-12-05;21;1561.567;1.0;1.0;1.0;1562.0;
17;2025-12-05;22;752.11;1.0;1.0;1.0;752.0;
17;2025-12-05;23;467.811;1.0;1.0;1.0;468.0;
17;2025-12-06;0;200.747;1.0;1.0;1.001;201.0;
17;2025-12-06;1;27.621;1.0;1.0;1.014;28.0;
17;2025-12-06;2;0.0;1.0;1.0;1.0;0.0;
17;2025-12-06;3;0.0;1.0;1.0;1.0;0.0;
17;2025-12-06;4;5.426;1.0;1.0;0.922;5.0;
17;2025-12-06;5;135.147;1.0;1.0;0.999;135.0;
17;2025-12-06;6;576.839;1.0;1.0;1.0;577.0;
17;2025-12-06;7;1257.258;1.0;1.0;1.0;1257.0;
17;2025-12-06;8;1783.047;1.0;1.0;1.0;1783.0;
17;2025-12-06;9;2268.144;1.0;1.0;1.0;2268.0;
17;2025-12-06;10;2535.478;1.0;1.0;1.0;2535.0;
17;2025-12-06;11;3022.055;1.0;1.0;1.0;3022.0;
17;2025-12-06;12;3347.344;1.0;1.0;1.0;3347.0;
17;2025-12-06;13;3610.732;1.0;1.0;1.0;3611.0;
17;2025-12-06;14;3625.776;1.0;1.0;1.0;3626.0;
17;2025-12-06;15;3618.131;1.0;1.0;1.0;3618.0;
17;2025-12-06;16;3634.654;1.0;1.0;1.0;3635.0;
17;2025-12-06;17;3347.344;1.0;1.0;1.0;3347.0;
17;2025-12-06;18;2963.114;1.0;1.0;1.0;2963.0;
17;2025-12-06;19;2341.883;1.0;1.0;1.0;2342.0;
17;2025-12-06;20;1844.208;1.0;1.0;1.0;1844.0;
17;2025-12-06;21;1323.105;1.0;1.0;1.0;1323.0;
17;2025-12-06;22;796.576;1.0;1.0;1.0;797.0;
17;2025-12-06;23;446.872;1.0;1.0;1.0;447.0;
17;2025-12-07;0;184.071;1.0;1.0;1.0;184.0;
17;2025-12-07;1;23.285;1.0;1.0;0.988;23.0;
17;2025-12-07;2;0.0;1.0;1.0;1.0;0.0;
17;2025-12-07;3;0.0;1.0;1.0;1.0;0.0;
17;2025-12-07;4;2.696;1.0;1.0;1.113;3.0;
17;2025-12-07;5;105.148;1.0;1.0;0.999;105.0;
17;2025-12-07;6;432.848;1.0;1.0;1.0;433.0;
17;2025-12-07;7;841.186;1.0;1.0;1.0;841.0;
17;2025-12-07;8;1224.524;1.0;1.0;1.0;1225.0;
17;2025-12-07;9;1676.735;1.0;1.0;1.0;1677.0;
17;2025-12-07;10;1978.945;1.0;1.0;1.0;1979.0;
17;2025-12-07;11;2544.393;1.0;1.0;1.0;2544.0;
17;2025-12-07;12;2887.289;1.0;1.0;1.0;2887.0;
17;2025-12-07;13;3134.596;1.0;1.0;1.0;3135.0;
17;2025-12-07;14;3268.176;1.0;1.0;1.0;3268.0;
17;2025-12-07;15;3199.793;1.0;1.0;1.0;3200.0;
17;2025-12-07;16;3112.046;1.0;1.0;1.0;3112.0;
17;2025-12-07;17;2953.956;1.0;1.0;1.0;2954.0;
17;2025-12-07;18;2546.599;1.0;1.0;1.0;2547.0;
17;2025-12-07;19;2038.259;1.0;1.0;1.0;2038.0;
17;2025-12-07;20;1502.469;1.0;1.0;1.0;1502.0;
17;2025-12-07;21;1110.062;1.0;1.0;1.0;1110.0;
17;2025-12-07;22;679.665;1.0;1.0;1.0;680.0;
17;2025-12-07;23;312.259;1.0;1.0;0.999;312.0;
17;2025-12-08;0;120.25;1.0;1.0;0.998;120.0;
17;2025-12-08;1;12.263;1.0;1.0;0.979;12.0;
17;2025-12-08;2;0.0;1.0;1.0;1.0;0.0;
17;2025-12-08;3;0.0;1.0;1.0;1.0;0.0;
17;2025-12-08;4;25.526;1.0;1.0;1.018;26.0;
17;2025-12-08;5;309.696;1.0;1.0;1.001;310.0;
17;2025-12-08;6;1542.789;1.0;1.0;1.0;1543.0;
17;2025-12-08;7;4208.868;1.0;1.0;1.0;4209.0;
17;2025-12-08;8;5417.434;1.0;1.0;1.0;5417.0;
17;2025-12-08;9;3878.462;1.0;1.0;1.0;3878.0;
17;2025-12-08;10;3037.277;1.0;1.0;1.0;3037.0;
17;2025-12-08;11;3011.0;1.0;1.0;1.0;3011.0;
17;2025-12-08;12;3036.088;1.0;1.0;1.0;3036.0;
17;2025-12-08;13;3091.708;1.0;1.0;1.0;3092.0;
17;2025-12-08;14;3203.449;1.0;1.0;1.0;3203.0;
17;2025-12-08;15;3259.758;1.0;1.0;1.0;3260.0;
17;2025-12-08;16;3694.521;1.0;1.0;1.0;3695.0;
17;2025-12-08;17;4504.8;1.0;1.0;1.0;4505.0;
17;2025-12-08;18;4737.792;1.0;1.0;1.0;4738.0;
17;2025-12-08;19;3200.008;1.0;1.0;1.0;3200.0;
17;2025-12-08;20;2278.177;1.0;1.0;1.0;2278.0;
17;2025-12-08;21;1429.296;1.0;1.0;1.0;1429.0;
17;2025-12-08;22;686.4;1.0;1.0;0.999;686.0;
17;2025-12-08;23;361.438;1.0;1.0;0.999;361.0;
17;2025-12-09;0;120.25;1.0;1.0;0.998;120.0;
17;2025-12-09;1;12.263;1.0;1.0;0.979;12.0;
17;2025-12-09;2;0.0;1.0;1.0;1.0;0.0;
17;2025-12-09;3;0.0;1.0;1.0;1.0;0.0;
17;2025-12-09;4;25.526;1.0;1.0;1.018;26.0;
17;2025-12-09;5;309.696;1.0;1.0;1.001;310.0;
17;2025-12-09;6;1542.789;1.0;1.0;1.0;1543.0;
17;2025-12-09;7;4208.868;1.0;1.0;1.0;4209.0;
17;2025-12-09;8;5417.434;1.0;1.0;1.0;5417.0;
17;2025-12-09;9;3878.462;1.0;1.0;1.0;3878.0;
17;2025-12-09;10;3037.277;1.0;1.0;1.0;3037.0;
17;2025-12-09;11;3011.0;1.0;1.0;1.0;3011.0;
17;2025-12-09;12;3036.088;1.0;1.0;1.0;3036.0;
17;2025-12-09;13;3091.708;1.0;1.0;1.0;3092.0;
17;2025-12-09;14;3203.449;1.0;1.0;1.0;3203.0;
17;2025-12-09;15;3259.758;1.0;1.0;1.0;3260.0;
17;2025-12-09;16;3694.521;1.0;1.0;1.0;3695.0;
17;2025-12-09;17;4504.8;1.0;1.0;1.0;4505.0;
17;2025-12-09;18;4737.792;1.0;1.0;1.0;4738.0;
17;2025-12-09;19;3200.008;1.0;1.0;1.0;3200.0;
17;2025-12-09;20;2278.177;1.0;1.0;1.0;2278.0;
17;2025-12-09;21;1429.296;1.0;1.0;1.0;1429.0;
17;2025-12-09;22;686.4;1.0;1.0;0.999;686.0;
17;2025-12-09;23;361.438;1.0;1.0;0.999;361.0;
17;2025-12-10;0;120.25;1.0;1.0;0.998;120.0;
17;2025-12-10;1;12.263;1.0;1.0;0.979;12.0;
17;2025-12-10;2;0.0;1.0;1.0;1.0;0.0;
17;2025-12-10;3;0.0;1.0;1.0;1.0;0.0;
17;2025-12-10;4;25.526;1.0;1.0;1.018;26.0;
17;2025-12-10;5;309.696;1.0;1.0;1.001;310.0;
17;2025-12-10;6;1542.789;1.0;1.0;1.0;1543.0;
17;2025-12-10;7;4208.868;1.0;1.0;1.0;4209.0;
17;2025-12-10;8;5417.434;1.0;1.0;1.0;5417.0;
17;2025-12-10;9;3878.462;1.0;1.0;1.0;3878.0;
17;2025-12-10;10;3037.277;1.0;1.0;1.0;3037.0;
17;2025-12-10;11;3011.0;1.0;1.0;1.0;3011.0;
17;2025-12-10;12;3036.088;1.0;1.0;1.0;3036.0;
17;2025-12-10;13;3091.708;1.0;1.0;1.0;3092.0;
17;2025-12-10;14;3203.449;1.0;1.0;1.0;3203.0;
17;2025-12-10;15;3259.758;1.0;1.0;1.0;3260.0;
17;2025-12-10;16;3694.521;1.0;1.0;1.0;3695.0;
17;2025-12-10;17;4504.8;1.0;1.0;1.0;4505.0;
17;2025-12-10;18;4737.792;1.0;1.0;1.0;4738.0;
17;2025-12-10;19;3200.008;1.0;1.0;1.0;3200.0;
17;2025-12-10;20;2278.177;1.0;1.0;1.0;2278.0;
17;2025-12-10;21;1429.296;1.0;1.0;1.0;1429.0;
17;2025-12-10;22;686.4;1.0;1.0;0.999;686.0;
17;2025-12-10;23;361.438;1.0;1.0;0.999;361.0;
17;2025-12-11;0;120.25;1.0;1.0;0.998;120.0;
17;2025-12-11;1;12.263;1.0;1.0;0.979;12.0;
17;2025-12-11;2;0.0;1.0;1.0;1.0;0.0;
17;2025-12-11;3;0.0;1.0;1.0;1.0;0.0;
17;2025-12-11;4;25.526;1.0;1.0;1.018;26.0;
17;2025-12-11;5;309.696;1.0;1.0;1.001;310.0;
17;2025-12-11;6;1542.789;1.0;1.0;1.0;1543.0;
17;2025-12-11;7;4208.868;1.0;1.0;1.0;4209.0;
17;2025-12-11;8;5417.434;1.0;1.0;1.0;5417.0;
17;2025-12-11;9;3878.462;1.0;1.0;1.0;3878.0;
17;2025-12-11;10;3037.277;1.0;1.0;1.0;3037.0;
17;2025-12-11;11;3011.0;1.0;1.0;1.0;3011.0;
17;2025-12-11;12;3036.088;1.0;1.0;1.0;3036.0;
17;2025-12-11;13;3091.708;1.0;1.0;1.0;3092.0;
17;2025-12-11;14;3203.449;1.0;1.0;1.0;3203.0;
17;2025-12-11;15;3259.758;1.0;1.0;1.0;3260.0;
17;2025-12-11;16;3694.521;1.0;1.0;1.0;3695.0;
17;2025-12-11;17;4504.8;1.0;1.0;1.0;4505.0;
17;2025-12-11;18;4737.792;1.0;1.0;1.0;4738.0;
17;2025-12-11;19;3200.008;1.0;1.0;1.0;3200.0;
17;2025-12-11;20;2278.177;1.0;1.0;1.0;2278.0;
17;2025-12-11;21;1429.296;1.0;1.0;1.0;1429.0;
17;2025-12-11;22;686.4;1.0;1.0;0.999;686.0;
17;2025-12-11;23;361.438;1.0;1.0;0.999;361.0;
17;2025-12-12;0;141.783;1.0;1.0;1.002;142.0;
17;2025-12-12;1;17.326;1.0;1.0;0.981;17.0;
17;2025-12-12;2;0.0;1.0;1.0;1.0;0.0;
17;2025-12-12;3;0.0;1.0;1.0;1.0;0.0;
17;2025-12-12;4;24.159;1.0;1.0;0.993;24.0;
17;2025-12-12;5;307.97;1.0;1.0;1.0;308.0;
17;2025-12-12;6;1510.808;1.0;1.0;1.0;1511.0;
17;2025-12-12;7;4095.85;1.0;1.0;1.0;4096.0;
17;2025-12-12;8;5189.118;1.0;1.0;1.0;5189.0;
17;2025-12-12;9;3749.323;1.0;1.0;1.0;3749.0;
17;2025-12-12;10;2968.906;1.0;1.0;1.0;2969.0;
17;2025-12-12;11;3021.129;1.0;1.0;1.0;3021.0;
17;2025-12-12;12;2985.012;1.0;1.0;1.0;2985.0;
17;2025-12-12;13;3073.84;1.0;1.0;1.0;3074.0;
17;2025-12-12;14;3141.925;1.0;1.0;1.0;3142.0;
17;2025-12-12;15;3413.534;1.0;1.0;1.0;3414.0;
17;2025-12-12;16;4128.062;1.0;1.0;1.0;4128.0;
17;2025-12-12;17;4694.219;1.0;1.0;1.0;4694.0;
17;2025-12-12;18;4259.108;1.0;1.0;1.0;4259.0;
17;2025-12-12;19;3151.198;1.0;1.0;1.0;3151.0;
17;2025-12-12;20;2321.242;1.0;1.0;1.0;2321.0;
17;2025-12-12;21;1561.567;1.0;1.0;1.0;1562.0;
17;2025-12-12;22;752.11;1.0;1.0;1.0;752.0;
17;2025-12-12;23;467.811;1.0;1.0;1.0;468.0;
17;2025-12-13;0;200.747;1.0;1.0;1.001;201.0;
17;2025-12-13;1;27.621;1.0;1.0;1.014;28.0;
17;2025-12-13;2;0.0;1.0;1.0;1.0;0.0;
17;2025-12-13;3;0.0;1.0;1.0;1.0;0.0;
17;2025-12-13;4;5.426;1.0;1.0;0.922;5.0;
17;2025-12-13;5;135.147;1.0;1.0;0.999;135.0;
17;2025-12-13;6;576.839;1.0;1.0;1.0;577.0;
17;2025-12-13;7;1257.258;1.0;1.0;1.0;1257.0;
17;2025-12-13;8;1783.047;1.0;1.0;1.0;1783.0;
17;2025-12-13;9;2268.144;1.0;1.0;1.0;2268.0;
17;2025-12-13;10;2535.478;1.0;1.0;1.0;2535.0;
17;2025-12-13;11;3022.055;1.0;1.0;1.0;3022.0;
17;2025-12-13;12;3347.344;1.0;1.0;1.0;3347.0;
17;2025-12-13;13;3610.732;1.0;1.0;1.0;3611.0;
17;2025-12-13;14;3625.776;1.0;1.0;1.0;3626.0;
17;2025-12-13;15;3618.131;1.0;1.0;1.0;3618.0;
17;2025-12-13;16;3634.654;1.0;1.0;1.0;3635.0;
17;2025-12-13;17;3347.344;1.0;1.0;1.0;3347.0;
17;2025-12-13;18;2963.114;1.0;1.0;1.0;2963.0;
17;2025-12-13;19;2341.883;1.0;1.0;1.0;2342.0;
17;2025-12-13;20;1844.208;1.0;1.0;1.0;1844.0;
17;2025-12-13;21;1323.105;1.0;1.0;1.0;1323.0;
17;2025-12-13;22;796.576;1.0;1.0;1.0;797.0;
17;2025-12-13;23;446.872;1.0;1.0;1.0;447.0;
17;2025-12-14;0;184.071;1.0;1.0;1.0;184.0;
17;2025-12-14;1;23.285;1.0;1.0;0.988;23.0;
17;2025-12-14;2;0.0;1.0;1.0;1.0;0.0;
17;2025-12-14;3;0.0;1.0;1.0;1.0;0.0;
17;2025-12-14;4;2.696;1.0;1.0;1.113;3.0;
17;2025-12-14;5;105.148;1.0;1.0;0.999;105.0;
17;2025-12-14;6;432.848;1.0;1.0;1.0;433.0;
17;2025-12-14;7;841.186;1.0;1.0;1.0;841.0;
17;2025-12-14;8;1224.524;1.0;1.0;1.0;1225.0;
17;2025-12-14;9;1676.735;1.0;1.0;1.0;1677.0;
17;2025-12-14;10;1978.945;1.0;1.0;1.0;1979.0;
17;2025-12-14;11;2544.393;1.0;1.0;1.0;2544.0;
17;2025-12-14;12;2887.289;1.0;1.0;1.0;2887.0;
17;2025-12-14;13;3134.596;1.0;1.0;1.0;3135.0;
17;2025-12-14;14;3268.176;1.0;1.0;1.0;3268.0;
17;2025-12-14;15;3199.793;1.0;1.0;1.0;3200.0;
17;2025-12-14;16;3112.046;1.0;1.0;1.0;3112.0;
17;2025-12-14;17;2953.956;1.0;1.0;1.0;2954.0;
17;2025-12-14;18;2546.599;1.0;1.0;1.0;2547.0;
17;2025-12-14;19;2038.259;1.0;1.0;1.0;2038.0;
17;2025-12-14;20;1502.469;1.0;1.0;1.0;1502.0;
17;2025-12-14;21;1110.062;1.0;1.0;1.0;1110.0;
17;2025-12-14;22;679.665;1.0;1.0;1.0;680.0;
17;2025-12-14;23;312.259;1.0;1.0;0.999;312.0;
17;2025-12-15;0;120.25;1.0;1.0;0.998;120.0;
17;2025-12-15;1;12.263;1.0;1.0;0.979;12.0;
17;2025-12-15;2;0.0;1.0;1.0;1.0;0.0;
17;2025-12-15;3;0.0;1.0;1.0;1.0;0.0;
17;2025-12-15;4;25.526;1.0;1.0;1.018;26.0;
17;2025-12-15;5;309.696;1.0;1.0;1.001;310.0;
17;2025-12-15;6;1542.789;1.0;1.0;1.0;1543.0;
17;2025-12-15;7;4208.868;1.0;1.0;1.0;4209.0;
17;2025-12-15;8;5417.434;1.0;1.0;1.0;5417.0;
17;2025-12-15;9;3878.462;1.0;1.0;1.0;3878.0;
17;2025-12-15;10;3037.277;1.0;1.0;1.0;3037.0;
17;2025-12-15;11;3011.0;1.0;1.0;1.0;3011.0;
17;2025-12-15;12;3036.088;1.0;1.0;1.0;3036.0;
17;2025-12-15;13;3091.708;1.0;1.0;1.0;3092.0;
17;2025-12-15;14;3203.449;1.0;1.0;1.0;3203.0;
17;2025-12-15;15;3259.758;1.0;1.0;1.0;3260.0;
17;2025-12-15;16;3694.521;1.0;1.0;1.0;3695.0;
17;2025-12-15;17;4504.8;1.0;1.0;1.0;4505.0;
17;2025-12-15;18;4737.792;1.0;1.0;1.0;4738.0;
17;2025-12-15;19;3200.008;1.0;1.0;1.0;3200.0;
17;2025-12-15;20;2278.177;1.0;1.0;1.0;2278.0;
17;2025-12-15;21;1429.296;1.0;1.0;1.0;1429.0;
17;2025-12-15;22;686.4;1.0;1.0;0.999;686.0;
17;2025-12-15;23;361.438;1.0;1.0;0.999;361.0;
17;2025-12-16;0;120.25;1.0;1.0;0.998;120.0;
17;2025-12-16;1;12.263;1.0;1.0;0.979;12.0;
17;2025-12-16;2;0.0;1.0;1.0;1.0;0.0;
17;2025-12-16;3;0.0;1.0;1.0;1.0;0.0;
17;2025-12-16;4;25.526;1.0;1.0;1.018;26.0;
17;2025-12-16;5;309.696;1.0;1.0;1.001;310.0;
17;2025-12-16;6;1542.789;1.0;1.0;1.0;1543.0;
17;2025-12-16;7;4208.868;1.0;1.0;1.0;4209.0;
17;2025-12-16;8;5417.434;1.0;1.0;1.0;5417.0;
17;2025-12-16;9;3878.462;1.0;1.0;1.0;3878.0;
17;2025-12-16;10;3037.277;1.0;1.0;1.0;3037.0;
17;2025-12-16;11;3011.0;1.0;1.0;1.0;3011.0;
17;2025-12-16;12;3036.088;1.0;1.0;1.0;3036.0;
17;2025-12-16;13;3091.708;1.0;1.0;1.0;3092.0;
17;2025-12-16;14;3203.449;1.0;1.0;1.0;3203.0;
17;2025-12-16;15;3259.758;1.0;1.0;1.0;3260.0;
17;2025-12-16;16;3694.521;1.0;1.0;1.0;3695.0;
17;2025-12-16;17;4504.8;1.0;1.0;1.0;4505.0;
17;2025-12-16;18;4737.792;1.0;1.0;1.0;4738.0;
17;2025-12-16;19;3200.008;1.0;1.0;1.0;3200.0;
17;2025-12-16;20;2278.177;1.0;1.0;1.0;2278.0;
17;2025-12-16;21;1429.296;1.0;1.0;1.0;1429.0;
17;2025-12-16;22;686.4;1.0;1.0;0.999;686.0;
17;2025-12-16;23;361.438;1.0;1.0;0.999;361.0;
17;2025-12-17;0;120.25;1.0;1.0;0.998;120.0;
17;2025-12-17;1;12.263;1.0;1.0;0.979;12.0;
17;2025-12-17;2;0.0;1.0;1.0;1.0;0.0;
17;2025-12-17;3;0.0;1.0;1.0;1.0;0.0;
17;2025-12-17;4;25.526;1.0;1.0;1.018;26.0;
17;2025-12-17;5;309.696;1.0;1.0;1.001;310.0;
17;2025-12-17;6;1542.789;1.0;1.0;1.0;1543.0;
17;2025-12-17;7;4208.868;1.0;1.0;1.0;4209.0;
17;2025-12-17;8;5417.434;1.0;1.0;1.0;5417.0;
17;2025-12-17;9;3878.462;1.0;1.0;1.0;3878.0;
17;2025-12-17;10;3037.277;1.0;1.0;1.0;3037.0;
17;2025-12-17;11;3011.0;1.0;1.0;1.0;3011.0;
17;2025-12-17;12;3036.088;1.0;1.0;1.0;3036.0;
17;2025-12-17;13;3091.708;1.0;1.0;1.0;3092.0;
17;2025-12-17;14;3203.449;1.0;1.0;1.0;3203.0;
17;2025-12-17;15;3259.758;1.0;1.0;1.0;3260.0;
17;2025-12-17;16;3694.521;1.0;1.0;1.0;3695.0;
17;2025-12-17;17;4504.8;1.0;1.0;1.0;4505.0;
17;2025-12-17;18;4737.792;1.0;1.0;1.0;4738.0;
17;2025-12-17;19;3200.008;1.0;1.0;1.0;3200.0;
17;2025-12-17;20;2278.177;1.0;1.0;1.0;2278.0;
17;2025-12-17;21;1429.296;1.0;1.0;1.0;1429.0;
17;2025-12-17;22;686.4;1.0;1.0;0.999;686.0;
17;2025-12-17;23;361.438;1.0;1.0;0.999;361.0;
17;2025-12-18;0;120.25;1.0;1.0;0.998;120.0;
17;2025-12-18;1;12.263;1.0;1.0;0.979;12.0;
17;2025-12-18;2;0.0;1.0;1.0;1.0;0.0;
17;2025-12-18;3;0.0;1.0;1.0;1.0;0.0;
17;2025-12-18;4;25.526;1.0;1.0;1.018;26.0;
17;2025-12-18;5;309.696;1.0;1.0;1.001;310.0;
17;2025-12-18;6;1542.789;1.0;1.0;1.0;1543.0;
17;2025-12-18;7;4208.868;1.0;1.0;1.0;4209.0;
17;2025-12-18;8;5417.434;1.0;1.0;1.0;5417.0;
17;2025-12-18;9;3878.462;1.0;1.0;1.0;3878.0;
17;2025-12-18;10;3037.277;1.0;1.0;1.0;3037.0;
17;2025-12-18;11;3011.0;1.0;1.0;1.0;3011.0;
17;2025-12-18;12;3036.088;1.0;1.0;1.0;3036.0;
17;2025-12-18;13;3091.708;1.0;1.0;1.0;3092.0;
17;2025-12-18;14;3203.449;1.0;1.0;1.0;3203.0;
17;2025-12-18;15;3259.758;1.0;1.0;1.0;3260.0;
17;2025-12-18;16;3694.521;1.0;1.0;1.0;3695.0;
17;2025-12-18;17;4504.8;1.0;1.0;1.0;4505.0;
17;2025-12-18;18;4737.792;1.0;1.0;1.0;4738.0;
17;2025-12-18;19;3200.008;1.0;1.0;1.0;3200.0;
17;2025-12-18;20;2278.177;1.0;1.0;1.0;2278.0;
17;2025-12-18;21;1429.296;1.0;1.0;1.0;1429.0;
17;2025-12-18;22;686.4;1.0;1.0;0.999;686.0;
17;2025-12-18;23;361.438;1.0;1.0;0.999;361.0;
17;2025-12-19;0;141.783;1.0;1.0;1.002;142.0;
17;2025-12-19;1;17.326;1.0;1.0;0.981;17.0;
17;2025-12-19;2;0.0;1.0;1.0;1.0;0.0;
17;2025-12-19;3;0.0;1.0;1.0;1.0;0.0;
17;2025-12-19;4;24.159;1.0;1.0;0.993;24.0;
17;2025-12-19;5;307.97;1.0;1.0;1.0;308.0;
17;2025-12-19;6;1510.808;1.0;1.0;1.0;1511.0;
17;2025-12-19;7;4095.85;1.0;1.0;1.0;4096.0;
17;2025-12-19;8;5189.118;1.0;1.0;1.0;5189.0;
17;2025-12-19;9;3749.323;1.0;1.0;1.0;3749.0;
17;2025-12-19;10;2968.906;1.0;1.0;1.0;2969.0;
17;2025-12-19;11;3021.129;1.0;1.0;1.0;3021.0;
17;2025-12-19;12;2985.012;1.0;1.0;1.0;2985.0;
17;2025-12-19;13;3073.84;1.0;1.0;1.0;3074.0;
17;2025-12-19;14;3141.925;1.0;1.0;1.0;3142.0;
17;2025-12-19;15;3413.534;1.0;1.0;1.0;3414.0;
17;2025-12-19;16;4128.062;1.0;1.0;1.0;4128.0;
17;2025-12-19;17;4694.219;1.0;1.0;1.0;4694.0;
17;2025-12-19;18;4259.108;1.0;1.0;1.0;4259.0;
17;2025-12-19;19;3151.198;1.0;1.0;1.0;3151.0;
17;2025-12-19;20;2321.242;1.0;1.0;1.0;2321.0;
17;2025-12-19;21;1561.567;1.0;1.0;1.0;1562.0;
17;2025-12-19;22;752.11;1.0;1.0;1.0;752.0;
17;2025-12-19;23;467.811;1.0;1.0;1.0;468.0;
17;2025-12-20;0;200.747;1.0;1.0;1.001;201.0;
17;2025-12-20;1;27.621;1.0;1.0;1.014;28.0;
17;2025-12-20;2;0.0;1.0;1.0;1.0;0.0;
17;2025-12-20;3;0.0;1.0;1.0;1.0;0.0;
17;2025-12-20;4;5.426;1.0;1.0;0.922;5.0;
17;2025-12-20;5;135.147;1.0;1.0;0.999;135.0;
17;2025-12-20;6;576.839;1.0;1.0;1.0;577.0;
17;2025-12-20;7;1257.258;1.0;1.0;1.0;1257.0;
17;2025-12-20;8;1783.047;1.0;1.0;1.0;1783.0;
17;2025-12-20;9;2268.144;1.0;1.0;1.0;2268.0;
17;2025-12-20;10;2535.478;1.0;1.0;1.0;2535.0;
17;2025-12-20;11;3022.055;1.0;1.0;1.0;3022.0;
17;2025-12-20;12;3347.344;1.0;1.0;1.0;3347.0;
17;2025-12-20;13;3610.732;1.0;1.0;1.0;3611.0;
17;2025-12-20;14;3625.776;1.0;1.0;1.0;3626.0;
17;2025-12-20;15;3618.131;1.0;1.0;1.0;3618.0;
17;2025-12-20;16;3634.654;1.0;1.0;1.0;3635.0;
17;2025-12-20;17;3347.344;1.0;1.0;1.0;3347.0;
17;2025-12-20;18;2963.114;1.0;1.0;1.0;2963.0;
17;2025-12-20;19;2341.883;1.0;1.0;1.0;2342.0;
17;2025-12-20;20;1844.208;1.0;1.0;1.0;1844.0;
17;2025-12-20;21;1323.105;1.0;1.0;1.0;1323.0;
17;2025-12-20;22;796.576;1.0;1.0;1.0;797.0;
17;2025-12-20;23;446.872;1.0;1.0;1.0;447.0;
17;2025-12-21;0;184.071;1.0;1.0;1.0;184.0;
17;2025-12-21;1;23.285;1.0;1.0;0.988;23.0;
17;2025-12-21;2;0.0;1.0;1.0;1.0;0.0;
17;2025-12-21;3;0.0;1.0;1.0;1.0;0.0;
17;2025-12-21;4;2.696;1.0;1.0;1.113;3.0;
17;2025-12-21;5;105.148;1.0;1.0;0.999;105.0;
17;2025-12-21;6;432.848;1.0;1.0;1.0;433.0;
17;2025-12-21;7;841.186;1.0;1.0;1.0;841.0;
17;2025-12-21;8;1224.524;1.0;1.0;1.0;1225.0;
17;2025-12-21;9;1676.735;1.0;1.0;1.0;1677.0;
17;2025-12-21;10;1978.945;1.0;1.0;1.0;1979.0;
17;2025-12-21;11;2544.393;1.0;1.0;1.0;2544.0;
17;2025-12-21;12;2887.289;1.0;1.0;1.0;2887.0;
17;2025-12-21;13;3134.596;1.0;1.0;1.0;3135.0;
17;2025-12-21;14;3268.176;1.0;1.0;1.0;3268.0;
17;2025-12-21;15;3199.793;1.0;1.0;1.0;3200.0;
17;2025-12-21;16;3112.046;1.0;1.0;1.0;3112.0;
17;2025-12-21;17;2953.956;1.0;1.0;1.0;2954.0;
17;2025-12-21;18;2546.599;1.0;1.0;1.0;2547.0;
17;2025-12-21;19;2038.259;1.0;1.0;1.0;2038.0;
17;2025-12-21;20;1502.469;1.0;1.0;1.0;1502.0;
17;2025-12-21;21;1110.062;1.0;1.0;1.0;1110.0;
17;2025-12-21;22;679.665;1.0;1.0;1.0;680.0;
17;2025-12-21;23;312.259;1.0;1.0;0.999;312.0;
17;2025-12-22;0;120.25;1.0;1.0;0.998;120.0;
17;2025-12-22;1;12.263;1.0;1.0;0.979;12.0;
17;2025-12-22;2;0.0;1.0;1.0;1.0;0.0;
17;2025-12-22;3;0.0;1.0;1.0;1.0;0.0;
17;2025-12-22;4;25.526;1.0;1.0;1.018;26.0;
17;2025-12-22;5;309.696;1.0;1.0;1.001;310.0;
17;2025-12-22;6;1542.789;1.0;1.0;1.0;1543.0;
17;2025-12-22;7;4208.868;1.0;1.0;1.0;4209.0;
17;2025-12-22;8;5417.434;1.0;1.0;1.0;5417.0;
17;2025-12-22;9;3878.462;1.0;1.0;1.0;3878.0;
17;2025-12-22;10;3037.277;1.0;1.0;1.0;3037.0;
17;2025-12-22;11;3011.0;1.0;1.0;1.0;3011.0;
17;2025-12-22;12;3036.088;1.0;1.0;1.0;3036.0;
17;2025-12-22;13;3091.708;1.0;1.0;1.0;3092.0;
17;2025-12-22;14;3203.449;1.0;1.0;1.0;3203.0;
17;2025-12-22;15;3259.758;1.0;1.0;1.0;3260.0;
17;2025-12-22;16;3694.521;1.0;1.0;1.0;3695.0;
17;2025-12-22;17;4504.8;1.0;1.0;1.0;4505.0;
17;2025-12-22;18;4737.792;1.0;1.0;1.0;4738.0;
17;2025-12-22;19;3200.008;1.0;1.0;1.0;3200.0;
17;2025-12-22;20;2278.177;1.0;1.0;1.0;2278.0;
17;2025-12-22;21;1429.296;1.0;1.0;1.0;1429.0;
17;2025-12-22;22;686.4;1.0;1.0;0.999;686.0;
17;2025-12-22;23;361.438;1.0;1.0;0.999;361.0;
17;2025-12-23;0;120.25;1.0;1.0;0.998;120.0;
17;2025-12-23;1;12.263;1.0;1.0;0.979;12.0;
17;2025-12-23;2;0.0;1.0;1.0;1.0;0.0;
17;2025-12-23;3;0.0;1.0;1.0;1.0;0.0;
17;2025-12-23;4;25.526;1.0;1.0;1.018;26.0;
17;2025-12-23;5;309.696;1.0;1.0;1.001;310.0;
17;2025-12-23;6;1542.789;1.0;1.0;1.0;1543.0;
17;2025-12-23;7;4208.868;1.0;1.0;1.0;4209.0;
17;2025-12-23;8;5417.434;1.0;1.0;1.0;5417.0;
17;2025-12-23;9;3878.462;1.0;1.0;1.0;3878.0;
17;2025-12-23;10;3037.277;1.0;1.0;1.0;3037.0;
17;2025-12-23;11;3011.0;1.0;1.0;1.0;3011.0;
17;2025-12-23;12;3036.088;1.0;1.0;1.0;3036.0;
17;2025-12-23;13;3091.708;1.0;1.0;1.0;3092.0;
17;2025-12-23;14;3203.449;1.0;1.0;1.0;3203.0;
17;2025-12-23;15;3259.758;1.0;1.0;1.0;3260.0;
17;2025-12-23;16;3694.521;1.0;1.0;1.0;3695.0;
17;2025-12-23;17;4504.8;1.0;1.0;1.0;4505.0;
17;2025-12-23;18;4737.792;1.0;1.0;1.0;4738.0;
17;2025-12-23;19;3200.008;1.0;1.0;1.0;3200.0;
17;2025-12-23;20;2278.177;1.0;1.0;1.0;2278.0;
17;2025-12-23;21;1429.296;1.0;1.0;1.0;1429.0;
17;2025-12-23;22;686.4;1.0;1.0;0.999;686.0;
17;2025-12-23;23;361.438;1.0;1.0;0.999;361.0;
17;2025-12-24;0;120.25;1.0;1.0;0.998;120.0;
17;2025-12-24;1;12.263;1.0;1.0;0.979;12.0;
17;2025-12-24;2;0.0;1.0;1.0;1.0;0.0;
17;2025-12-24;3;0.0;1.0;1.0;1.0;0.0;
17;2025-12-24;4;25.526;1.0;1.0;1.018;26.0;
17;2025-12-24;5;309.696;1.0;1.0;1.001;310.0;
17;2025-12-24;6;1542.789;1.0;1.0;1.0;1543.0;
17;2025-12-24;7;4208.868;1.0;1.0;1.0;4209.0;
17;2025-12-24;8;5417.434;1.0;1.0;1.0;5417.0;
17;2025-12-24;9;3878.462;1.0;1.0;1.0;3878.0;
17;2025-12-24;10;3037.277;1.0;1.0;1.0;3037.0;
17;2025-12-24;11;3011.0;1.0;1.0;1.0;3011.0;
17;2025-12-24;12;3036.088;1.0;1.0;1.0;3036.0;
17;2025-12-24;13;3091.708;1.0;1.0;1.0;3092.0;
17;2025-12-24;14;3203.449;1.0;1.0;1.0;3203.0;
17;2025-12-24;15;3259.758;1.0;1.0;1.0;3260.0;
17;2025-12-24;16;3694.521;1.0;1.0;1.0;3695.0;
17;2025-12-24;17;4504.8;1.0;1.0;1.0;4505.0;
17;2025-12-24;18;4737.792;1.0;1.0;1.0;4738.0;
17;2025-12-24;19;3200.008;1.0;1.0;1.0;3200.0;
17;2025-12-24;20;2278.177;1.0;1.0;1.0;2278.0;
17;2025-12-24;21;1429.296;1.0;1.0;1.0;1429.0;
17;2025-12-24;22;686.4;1.0;1.0;0.999;686.0;
17;2025-12-24;23;361.438;1.0;1.0;0.999;361.0;
17;2025-12-25;0;120.25;1.0;1.0;0.998;120.0;
17;2025-12-25;1;12.263;1.0;1.0;0.979;12.0;
17;2025-12-25;2;0.0;1.0;1.0;1.0;0.0;
17;2025-12-25;3;0.0;1.0;1.0;1.0;0.0;
17;2025-12-25;4;25.526;1.0;1.0;1.018;26.0;
17;2025-12-25;5;309.696;1.0;1.0;1.001;310.0;
17;2025-12-25;6;1542.789;1.0;1.0;1.0;1543.0;
17;2025-12-25;7;4208.868;1.0;1.0;1.0;4209.0;
17;2025-12-25;8;5417.434;1.0;1.0;1.0;5417.0;
17;2025-12-25;9;3878.462;1.0;1.0;1.0;3878.0;
17;2025-12-25;10;3037.277;1.0;1.0;1.0;3037.0;
17;2025-12-25;11;3011.0;1.0;1.0;1.0;3011.0;
17;2025-12-25;12;3036.088;1.0;1.0;1.0;3036.0;
17;2025-12-25;13;3091.708;1.0;1.0;1.0;3092.0;
17;2025-12-25;14;3203.449;1.0;1.0;1.0;3203.0;
17;2025-12-25;15;3259.758;1.0;1.0;1.0;3260.0;
17;2025-12-25;16;3694.521;1.0;1.0;1.0;3695.0;
17;2025-12-25;17;4504.8;1.0;1.0;1.0;4505.0;
17;2025-12-25;18;4737.792;1.0;1.0;1.0;4738.0;
17;2025-12-25;19;3200.008;1.0;1.0;1.0;3200.0;
17;2025-12-25;20;2278.177;1.0;1.0;1.0;2278.0;
17;2025-12-25;21;1429.296;1.0;1.0;1.0;1429.0;
17;2025-12-25;22;686.4;1.0;1.0;0.999;686.0;
17;2025-12-25;23;361.438;1.0;1.0;0.999;361.0;
17;2025-12-26;0;141.783;1.0;1.0;1.002;142.0;
17;2025-12-26;1;17.326;1.0;1.0;0.981;17.0;
17;2025-12-26;2;0.0;1.0;1.0;1.0;0.0;
17;2025-12-26;3;0.0;1.0;1.0;1.0;0.0;
17;2025-12-26;4;24.159;1.0;1.0;0.993;24.0;
17;2025-12-26;5;307.97;1.0;1.0;1.0;308.0;
17;2025-12-26;6;1510.808;1.0;1.0;1.0;1511.0;
17;2025-12-26;7;4095.85;1.0;1.0;1.0;4096.0;
17;2025-12-26;8;5189.118;1.0;1.0;1.0;5189.0;
17;2025-12-26;9;3749.323;1.0;1.0;1.0;3749.0;
17;2025-12-26;10;2968.906;1.0;1.0;1.0;2969.0;
17;2025-12-26;11;3021.129;1.0;1.0;1.0;3021.0;
17;2025-12-26;12;2985.012;1.0;1.0;1.0;2985.0;
17;2025-12-26;13;3073.84;1.0;1.0;1.0;3074.0;
17;2025-12-26;14;3141.925;1.0;1.0;1.0;3142.0;
17;2025-12-26;15;3413.534;1.0;1.0;1.0;3414.0;
17;2025-12-26;16;4128.062;1.0;1.0;1.0;4128.0;
17;2025-12-26;17;4694.219;1.0;1.0;1.0;4694.0;
17;2025-12-26;18;4259.108;1.0;1.0;1.0;4259.0;
17;2025-12-26;19;3151.198;1.0;1.0;1.0;3151.0;
17;2025-12-26;20;2321.242;1.0;1.0;1.0;2321.0;
17;2025-12-26;21;1561.567;1.0;1.0;1.0;1562.0;
17;2025-12-26;22;752.11;1.0;1.0;1.0;752.0;
17;2025-12-26;23;467.811;1.0;1.0;1.0;468.0;
17;2025-12-27;0;200.747;1.0;1.0;1.001;201.0;
17;2025-12-27;1;27.621;1.0;1.0;1.014;28.0;
17;2025-12-27;2;0.0;1.0;1.0;1.0;0.0;
17;2025-12-27;3;0.0;1.0;1.0;1.0;0.0;
17;2025-12-27;4;5.426;1.0;1.0;0.922;5.0;
17;2025-12-27;5;135.147;1.0;1.0;0.999;135.0;
17;2025-12-27;6;576.839;1.0;1.0;1.0;577.0;
17;2025-12-27;7;1257.258;1.0;1.0;1.0;1257.0;
17;2025-12-27;8;1783.047;1.0;1.0;1.0;1783.0;
17;2025-12-27;9;2268.144;1.0;1.0;1.0;2268.0;
17;2025-12-27;10;2535.478;1.0;1.0;1.0;2535.0;
17;2025-12-27;11;3022.055;1.0;1.0;1.0;3022.0;
17;2025-12-27;12;3347.344;1.0;1.0;1.0;3347.0;
17;2025-12-27;13;3610.732;1.0;1.0;1.0;3611.0;
17;2025-12-27;14;3625.776;1.0;1.0;1.0;3626.0;
17;2025-12-27;15;3618.131;1.0;1.0;1.0;3618.0;
17;2025-12-27;16;3634.654;1.0;1.0;1.0;3635.0;
17;2025-12-27;17;3347.344;1.0;1.0;1.0;3347.0;
17;2025-12-27;18;2963.114;1.0;1.0;1.0;2963.0;
17;2025-12-27;19;2341.883;1.0;1.0;1.0;2342.0;
17;2025-12-27;20;1844.208;1.0;1.0;1.0;1844.0;
17;2025-12-27;21;1323.105;1.0;1.0;1.0;1323.0;
17;2025-12-27;22;796.576;1.0;1.0;1.0;797.0;
17;2025-12-27;23;446.872;1.0;1.0;1.0;447.0;
17;2025-12-28;0;184.071;1.0;1.0;1.0;184.0;
17;2025-12-28;1;23.285;1.0;1.0;0.988;23.0;
17;2025-12-28;2;0.0;1.0;1.0;1.0;0.0;
17;2025-12-28;3;0.0;1.0;1.0;1.0;0.0;
17;2025-12-28;4;2.696;1.0;1.0;1.113;3.0;
17;2025-12-28;5;105.148;1.0;1.0;0.999;105.0;
17;2025-12-28;6;432.848;1.0;1.0;1.0;433.0;
17;2025-12-28;7;841.186;1.0;1.0;1.0;841.0;
17;2025-12-28;8;1224.524;1.0;1.0;1.0;1225.0;
17;2025-12-28;9;1676.735;1.0;1.0;1.0;1677.0;
17;2025-12-28;10;1978.945;1.0;1.0;1.0;1979.0;
17;2025-12-28;11;2544.393;1.0;1.0;1.0;2544.0;
17;2025-12-28;12;2887.289;1.0;1.0;1.0;2887.0;
17;2025-12-28;13;3134.596;1.0;1.0;1.0;3135.0;
17;2025-12-28;14;3268.176;1.0;1.0;1.0;3268.0;
17;2025-12-28;15;3199.793;1.0;1.0;1.0;3200.0;
17;2025-12-28;16;3112.046;1.0;1.0;1.0;3112.0;
17;2025-12-28;17;2953.956;1.0;1.0;1.0;2954.0;
17;2025-12-28;18;2546.599;1.0;1.0;1.0;2547.0;
17;2025-12-28;19;2038.259;1.0;1.0;1.0;2038.0;
17;2025-12-28;20;1502.469;1.0;1.0;1.0;1502.0;
17;2025-12-28;21;1110.062;1.0;1.0;1.0;1110.0;
17;2025-12-28;22;679.665;1.0;1.0;1.0;680.0;
17;2025-12-28;23;312.259;1.0;1.0;0.999;312.0;
17;2025-12-29;0;120.25;0.88;1.0;1.002;106.0;
17;2025-12-29;1;12.263;0.88;1.0;1.019;11.0;
17;2025-12-29;2;0.0;0.88;1.0;1.0;0.0;
17;2025-12-29;3;0.0;0.88;1.0;1.0;0.0;
17;2025-12-29;4;25.526;0.88;1.0;0.979;22.0;
17;2025-12-29;5;309.696;0.88;1.0;1.002;273.0;
17;2025-12-29;6;1542.789;0.88;1.0;1.0;1358.0;
17;2025-12-29;7;4208.868;0.88;1.0;1.0;3704.0;
17;2025-12-29;8;5417.434;0.88;1.0;1.0;4767.0;
17;2025-12-29;9;3878.462;0.88;1.0;1.0;3413.0;
17;2025-12-29;10;3037.277;0.88;1.0;1.0;2673.0;
17;2025-12-29;11;3011.0;0.88;1.0;1.0;2650.0;
17;2025-12-29;12;3036.088;0.88;1.0;1.0;2672.0;
17;2025-12-29;13;3091.708;0.88;1.0;1.0;2721.0;
17;2025-12-29;14;3203.449;0.88;1.0;1.0;2819.0;
17;2025-12-29;15;3259.758;0.88;1.0;1.0;2869.0;
17;2025-12-29;16;3694.521;0.88;1.0;1.0;3251.0;
17;2025-12-29;17;4504.8;0.88;1.0;1.0;3964.0;
17;2025-12-29;18;4737.792;0.88;1.0;1.0;4169.0;
17;2025-12-29;19;3200.008;0.88;1.0;1.0;2816.0;
17;2025-12-29;20;2278.177;0.88;1.0;1.0;2005.0;
17;2025-12-29;21;1429.296;0.88;1.0;1.0;1258.0;
17;2025-12-29;22;686.4;0.88;1.0;1.0;604.0;
17;2025-12-29;23;361.438;0.88;1.0;1.0;318.0;
17;2025-12-30;0;120.25;0.88;1.0;1.002;106.0;
17;2025-12-30;1;12.263;0.88;1.0;1.019;11.0;
17;2025-12-30;2;0.0;0.88;1.0;1.0;0.0;
17;2025-12-30;3;0.0;0.88;1.0;1.0;0.0;
17;2025-12-30;4;25.526;0.88;1.0;0.979;22.0;
17;2025-12-30;5;309.696;0.88;1.0;1.002;273.0;
17;2025-12-30;6;1542.789;0.88;1.0;1.0;1358.0;
17;2025-12-30;7;4208.868;0.88;1.0;1.0;3704.0;
17;2025-12-30;8;5417.434;0.88;1.0;1.0;4767.0;
17;2025-12-30;9;3878.462;0.88;1.0;1.0;3413.0;
17;2025-12-30;10;3037.277;0.88;1.0;1.0;2673.0;
17;2025-12-30;11;3011.0;0.88;1.0;1.0;2650.0;
17;2025-12-30;12;3036.088;0.88;1.0;1.0;2672.0;
17;2025-12-30;13;3091.708;0.88;1.0;1.0;2721.0;
17;2025-12-30;14;3203.449;0.88;1.0;1.0;2819.0;
17;2025-12-30;15;3259.758;0.88;1.0;1.0;2869.0;
17;2025-12-30;16;3694.521;0.88;1.0;1.0;3251.0;
17;2025-12-30;17;4504.8;0.88;1.0;1.0;3964.0;
17;2025-12-30;18;4737.792;0.88;1.0;1.0;4169.0;
17;2025-12-30;19;3200.008;0.88;1.0;1.0;2816.0;
17;2025-12-30;20;2278.177;0.88;1.0;1.0;2005.0;
17;2025-12-30;21;1429.296;0.88;1.0;1.0;1258.0;
17;2025-12-30;22;686.4;0.88;1.0;1.0;604.0;
17;2025-12-30;23;361.438;0.88;1.0;1.0;318.0;
17;2025-12-31;0;200.747;0.8;1.0;1.002;161.0;
17;2025-12-31;1;27.621;0.8;1.0;0.996;22.0;
17;2025-12-31;2;0.0;0.8;1.0;1.0;0.0;
17;2025-12-31;3;0.0;0.8;1.0;1.0;0.0;
17;2025-12-31;4;5.426;0.8;1.0;0.922;4.0;
17;2025-12-31;5;135.147;0.8;1.0;0.999;108.0;
17;2025-12-31;6;576.839;0.8;1.0;0.999;461.0;
17;2025-12-31;7;1257.258;0.8;1.0;1.0;1006.0;
17;2025-12-31;8;1783.047;0.8;1.0;1.0;1426.0;
17;2025-12-31;9;2268.144;0.8;1.0;1.0;1815.0;
17;2025-12-31;10;2535.478;0.8;1.0;1.0;2028.0;
17;2025-12-31;11;3022.055;0.8;1.0;1.0;2418.0;
17;2025-12-31;12;3347.344;0.8;1.0;1.0;2678.0;
17;2025-12-31;13;3610.732;0.8;1.0;1.0;2889.0;
17;2025-12-31;14;3625.776;0.8;1.0;1.0;2901.0;
17;2025-12-31;15;3618.131;0.8;1.0;1.0;2895.0;
17;2025-12-31;16;3634.654;0.8;1.0;1.0;2908.0;
17;2025-12-31;17;3347.344;0.8;1.0;1.0;2678.0;
17;2025-12-31;18;2963.114;0.8;1.0;1.0;2370.0;
17;2025-12-31;19;2341.883;0.8;1.0;1.0;1874.0;
17;2025-12-31;20;1844.208;0.8;1.0;0.0;0.0;free fare New Year night
17;2025-12-31;21;1323.105;0.8;1.0;0.0;0.0;free fare New Year night
17;2025-12-31;22;796.576;0.8;1.0;0.0;0.0;free fare New Year night
17;2025-12-31;23;446.872;0.8;1.0;0.0;0.0;free fare New Year night
25;2025-11-01;0;0.0;0.8;1.0;1.0;0.0;
25;2025-11-01;1;0.0;0.8;1.0;1.0;0.0;
25;2025-11-01;2;0.0;0.8;1.0;1.0;0.0;
25;2025-11-01;3;0.0;0.8;1.0;1.0;0.0;
25;2025-11-01;4;0.0;0.8;1.0;1.0;0.0;
25;2025-11-01;5;17.246;0.8;1.0;1.015;14.0;
25;2025-11-01;6;292.131;0.8;1.0;1.001;234.0;
25;2025-11-01;7;599.417;0.8;1.0;1.001;480.0;
25;2025-11-01;8;920.551;0.8;1.0;0.999;736.0;
25;2025-11-01;9;467.723;0.8;1.0;1.0;374.0;
25;2025-11-01;10;428.267;0.8;1.0;1.001;343.0;
25;2025-11-01;11;473.21;0.8;1.0;1.001;379.0;
25;2025-11-01;12;451.522;0.8;1.0;0.999;361.0;
25;2025-11-01;13;597.326;0.8;1.0;1.0;478.0;
25;2025-11-01;14;495.943;0.8;1.0;1.001;397.0;
25;2025-11-01;15;687.474;0.8;1.0;1.0;550.0;
25;2025-11-01;16;875.608;0.8;1.0;0.999;700.0;
25;2025-11-01;17;841.639;0.8;1.0;1.0;673.0;
25;2025-11-01;18;741.301;0.8;1.0;1.0;593.0;
25;2025-11-01;19;682.509;0.8;1.0;1.0;546.0;
25;2025-11-01;20;364.249;0.8;1.0;0.999;291.0;
25;2025-11-01;21;236.213;0.8;1.0;1.0;189.0;
25;2025-11-01;22;115.755;0.8;1.0;1.004;93.0;
25;2025-11-01;23;15.417;0.8;1.0;0.973;12.0;
25;2025-11-02;0;14.799;1.0;1.0;1.014;15.0;
25;2025-11-02;1;0.462;1.0;1.0;0.0;0.0;
25;2025-11-02;2;0.0;1.0;1.0;1.0;0.0;
25;2025-11-02;3;0.0;1.0;1.0;1.0;0.0;
25;2025-11-02;4;0.0;1.0;1.0;1.0;0.0;
25;2025-11-02;5;9.712;1.0;1.0;1.03;10.0;
25;2025-11-02;6;102.897;1.0;1.0;1.001;103.0;
25;2025-11-02;7;96.423;1.0;1.0;0.996;96.0;
25;2025-11-02;8;182.209;1.0;1.0;0.999;182.0;
25;2025-11-02;9;205.331;1.0;1.0;0.998;205.0;
25;2025-11-02;10;208.8;1.0;1.0;1.001;209.0;
25;2025-11-02;11;298.979;1.0;1.0;1.0;299.0;
25;2025-11-02;12;358.405;1.0;1.0;0.999;358.0;
25;2025-11-02;13;472.17;1.0;1.0;1.0;472.0;
25;2025-11-02;14;557.262;1.0;1.0;1.0;557.0;
25;2025-11-02;15;637.499;1.0;1.0;0.999;637.0;
25;2025-11-02;16;542.463;1.0;1.0;0.999;542.0;
25;2025-11-02;17;540.151;1.0;1.0;1.0;540.0;
25;2025-11-02;18;413.9;1.0;1.0;1.0;414.0;
25;2025-11-02;19;277.244;1.0;1.0;0.999;277.0;
25;2025-11-02;20;219.899;1.0;1.0;1.0;220.0;
25;2025-11-02;21;137.119;1.0;1.0;0.999;137.0;
25;2025-11-02;22;86.942;1.0;1.0;1.001;87.0;
25;2025-11-02;23;32.835;1.0;1.0;1.005;33.0;
25;2025-11-03;0;14.799;1.0;1.0;1.014;15.0;
25;2025-11-03;1;0.462;1.0;1.0;0.0;0.0;
25;2025-11-03;2;0.0;1.0;1.0;1.0;0.0;
25;2025-11-03;3;0.0;1.0;1.0;1.0;0.0;
25;2025-11-03;4;0.0;1.0;1.0;1.0;0.0;
25;2025-11-03;5;9.712;1.0;1.0;1.03;10.0;
25;2025-11-03;6;102.897;1.0;1.0;1.001;103.0;
25;2025-11-03;7;96.423;1.0;1.0;0.996;96.0;
25;2025-11-03;8;182.209;1.0;1.0;0.999;182.0;
25;2025-11-03;9;205.331;1.0;1.0;0.998;205.0;
25;2025-11-03;10;208.8;1.0;1.0;1.001;209.0;
25;2025-11-03;11;298.979;1.0;1.0;1.0;299.0;
25;2025-11-03;12;358.405;1.0;1.0;0.999;358.0;
25;2025-11-03;13;472.17;1.0;1.0;1.0;472.0;
25;2025-11-03;14;557.262;1.0;1.0;1.0;557.0;
25;2025-11-03;15;637.499;1.0;1.0;0.999;637.0;
25;2025-11-03;16;542.463;1.0;1.0;0.999;542.0;
25;2025-11-03;17;540.151;1.0;1.0;1.0;540.0;
25;2025-11-03;18;413.9;1.0;1.0;1.0;414.0;
25;2025-11-03;19;277.244;1.0;1.0;0.999;277.0;
25;2025-11-03;20;219.899;1.0;1.0;1.0;220.0;
25;2025-11-03;21;137.119;1.0;1.0;0.999;137.0;
25;2025-11-03;22;86.942;1.0;1.0;1.001;87.0;
25;2025-11-03;23;32.835;1.0;1.0;1.005;33.0;
25;2025-11-04;0;14.799;1.0;1.0;1.014;15.0;
25;2025-11-04;1;0.462;1.0;1.0;0.0;0.0;
25;2025-11-04;2;0.0;1.0;1.0;1.0;0.0;
25;2025-11-04;3;0.0;1.0;1.0;1.0;0.0;
25;2025-11-04;4;0.0;1.0;1.0;1.0;0.0;
25;2025-11-04;5;9.712;1.0;1.0;1.03;10.0;
25;2025-11-04;6;102.897;1.0;1.0;1.001;103.0;
25;2025-11-04;7;96.423;1.0;1.0;0.996;96.0;
25;2025-11-04;8;182.209;1.0;1.0;0.999;182.0;
25;2025-11-04;9;205.331;1.0;1.0;0.998;205.0;
25;2025-11-04;10;208.8;1.0;1.0;1.001;209.0;
25;2025-11-04;11;298.979;1.0;1.0;1.0;299.0;
25;2025-11-04;12;358.405;1.0;1.0;0.999;358.0;
25;2025-11-04;13;472.17;1.0;1.0;1.0;472.0;
25;2025-11-04;14;557.262;1.0;1.0;1.0;557.0;
25;2025-11-04;15;637.499;1.0;1.0;0.999;637.0;
25;2025-11-04;16;542.463;1.0;1.0;0.999;542.0;
25;2025-11-04;17;540.151;1.0;1.0;1.0;540.0;
25;2025-11-04;18;413.9;1.0;1.0;1.0;414.0;
25;2025-11-04;19;277.244;1.0;1.0;0.999;277.0;
25;2025-11-04;20;219.899;1.0;1.0;1.0;220.0;
25;2025-11-04;21;137.119;1.0;1.0;0.999;137.0;
25;2025-11-04;22;86.942;1.0;1.0;1.001;87.0;
25;2025-11-04;23;32.835;1.0;1.0;1.005;33.0;
25;2025-11-05;0;3.409;1.0;1.0;0.88;3.0;
25;2025-11-05;1;0.0;1.0;1.0;1.0;0.0;
25;2025-11-05;2;0.0;1.0;1.0;1.0;0.0;
25;2025-11-05;3;0.0;1.0;1.0;1.0;0.0;
25;2025-11-05;4;0.0;1.0;1.0;1.0;0.0;
25;2025-11-05;5;20.332;1.0;1.0;0.984;20.0;
25;2025-11-05;6;261.271;1.0;1.0;0.999;261.0;
25;2025-11-05;7;522.056;1.0;1.0;1.0;522.0;
25;2025-11-05;8;900.936;1.0;1.0;1.0;901.0;
25;2025-11-05;9;470.861;1.0;1.0;1.0;471.0;
25;2025-11-05;10;373.949;1.0;1.0;1.0;374.0;
25;2025-11-05;11;433.545;1.0;1.0;1.001;434.0;
25;2025-11-05;12;424.718;1.0;1.0;1.001;425.0;
25;2025-11-05;13;538.005;1.0;1.0;1.0;538.0;
25;2025-11-05;14;454.851;1.0;1.0;1.0;455.0;
25;2025-11-05;15;554.198;1.0;1.0;1.0;554.0;
25;2025-11-05;16;670.71;1.0;1.0;1.0;671.0;
25;2025-11-05;17;774.257;1.0;1.0;1.0;774.0;
25;2025-11-05;18;773.04;1.0;1.0;1.0;773.0;
25;2025-11-05;19;602.775;1.0;1.0;1.0;603.0;
25;2025-11-05;20;311.553;1.0;1.0;1.001;312.0;
25;2025-11-05;21;222.251;1.0;1.0;0.999;222.0;
25;2025-11-05;22;87.05;1.0;1.0;0.999;87.0;
25;2025-11-05;23;7.731;1.0;1.0;1.035;8.0;
25;2025-11-06;0;3.409;1.0;1.0;0.88;3.0;
25;2025-11-06;1;0.0;1.0;1.0;1.0;0.0;
25;2025-11-06;2;0.0;1.0;1.0;1.0;0.0;
25;2025-11-06;3;0.0;1.0;1.0;1.0;0.0;
25;2025-11-06;4;0.0;1.0;1.0;1.0;0.0;
25;2025-11-06;5;20.332;1.0;1.0;0.984;20.0;
25;2025-11-06;6;261.271;1.0;1.0;0.999;261.0;
25;2025-11-06;7;522.056;1.0;1.0;1.0;522.0;
25;2025-11-06;8;900.936;1.0;1.0;1.0;901.0;
25;2025-11-06;9;470.861;1.0;1.0;1.0;471.0;
25;2025-11-06;10;373.949;1.0;1.0;1.0;374.0;
25;2025-11-06;11;433.545;1.0;1.0;1.001;434.0;
25;2025-11-06;12;424.718;1.0;1.0;1.001;425.0;
25;2025-11-06;13;538.005;1.0;1.0;1.0;538.0;
25;2025-11-06;14;454.851;1.0;1.0;1.0;455.0;
25;2025-11-06;15;554.198;1.0;1.0;1.0;554.0;
25;2025-11-06;16;670.71;1.0;1.0;1.0;671.0;
25;2025-11-06;17;774.257;1.0;1.0;1.0;774.0;
25;2025-11-06;18;773.04;1.0;1.0;1.0;773.0;
25;2025-11-06;19;602.775;1.0;1.0;1.0;603.0;
25;2025-11-06;20;311.553;1.0;1.0;1.001;312.0;
25;2025-11-06;21;222.251;1.0;1.0;0.999;222.0;
25;2025-11-06;22;87.05;1.0;1.0;0.999;87.0;
25;2025-11-06;23;7.731;1.0;1.0;1.035;8.0;
25;2025-11-07;0;0.0;1.0;1.0;1.0;0.0;
25;2025-11-07;1;0.0;1.0;1.0;1.0;0.0;
25;2025-11-07;2;0.0;1.0;1.0;1.0;0.0;
25;2025-11-07;3;0.0;1.0;1.0;1.0;0.0;
25;2025-11-07;4;0.0;1.0;1.0;1.0;0.0;
25;2025-11-07;5;17.246;1.0;1.0;0.986;17.0;
25;2025-11-07;6;292.131;1.0;1.0;1.0;292.0;
25;2025-11-07;7;599.417;1.0;1.0;0.999;599.0;
25;2025-11-07;8;920.551;1.0;1.0;1.0;921.0;
25;2025-11-07;9;467.723;1.0;1.0;1.001;468.0;
25;2025-11-07;10;428.267;1.0;1.0;0.999;428.0;
25;2025-11-07;11;473.21;1.0;1.0;1.0;473.0;
25;2025-11-07;12;451.522;1.0;1.0;1.001;452.0;
25;2025-11-07;13;597.326;1.0;1.0;1.0;597.0;
25;2025-11-07;14;495.943;1.0;1.0;1.0;496.0;
25;2025-11-07;15;687.474;1.0;1.0;0.999;687.0;
25;2025-11-07;16;875.608;1.0;1.0;1.0;876.0;
25;2025-11-07;17;841.639;1.0;1.0;1.0;842.0;
25;2025-11-07;18;741.301;1.0;1.0;1.0;741.0;
25;2025-11-07;19;682.509;1.0;1.0;1.001;683.0;
25;2025-11-07;20;364.249;1.0;1.0;0.999;364.0;
25;2025-11-07;21;236.213;1.0;1.0;0.999;236.0;
25;2025-11-07;22;115.755;1.0;1.0;1.002;116.0;
25;2025-11-07;23;15.417;1.0;1.0;0.973;15.0;
25;2025-11-08;0;5.699;1.0;1.0;1.053;6.0;
25;2025-11-08;1;0.0;1.0;1.0;1.0;0.0;
25;2025-11-08;2;0.0;1.0;1.0;1.0;0.0;
25;2025-11-08;3;0.0;1.0;1.0;1.0;0.0;
25;2025-11-08;4;0.0;1.0;1.0;1.0;0.0;
25;2025-11-08;5;20.185;1.0;1.0;0.991;20.0;
25;2025-11-08;6;132.511;1.0;1.0;1.004;133.0;
25;2025-11-08;7;129.662;1.0;1.0;1.003;130.0;
25;2025-11-08;8;300.169;1.0;1.0;0.999;300.0;
25;2025-11-08;9;270.247;1.0;1.0;0.999;270.0;
25;2025-11-08;10;278.321;1.0;1.0;0.999;278.0;
25;2025-11-08;11;369.512;1.0;1.0;1.001;370.0;
25;2025-11-08;12;389.222;1.0;1.0;0.999;389.0;
25;2025-11-08;13;643.558;1.0;1.0;1.001;644.0;
25;2025-11-08;14;650.208;1.0;1.0;1.0;650.0;
25;2025-11-08;15;762.771;1.0;1.0;1.0;763.0;
25;2025-11-08;16;715.276;1.0;1.0;1.0;715.0;
25;2025-11-08;17;572.078;1.0;1.0;1.0;572.0;
25;2025-11-08;18;502.26;1.0;1.0;1.0;502.0;
25;2025-11-08;19;433.868;1.0;1.0;1.0;434.0;
25;2025-11-08;20;245.55;1.0;1.0;1.002;246.0;
25;2025-11-08;21;188.081;1.0;1.0;1.0;188.0;
25;2025-11-08;22;109.001;1.0;1.0;1.0;109.0;
25;2025-11-08;23;41.321;1.0;1.0;0.992;41.0;
25;2025-11-09;0;14.799;1.0;1.0;1.014;15.0;
25;2025-11-09;1;0.462;1.0;1.0;0.0;0.0;
25;2025-11-09;2;0.0;1.0;1.0;1.0;0.0;
25;2025-11-09;3;0.0;1.0;1.0;1.0;0.0;
25;2025-11-09;4;0.0;1.0;1.0;1.0;0.0;
25;2025-11-09;5;9.712;1.0;1.0;1.03;10.0;
25;2025-11-09;6;102.897;1.0;1.0;1.001;103.0;
25;2025-11-09;7;96.423;1.0;1.0;0.996;96.0;
25;2025-11-09;8;182.209;1.0;1.0;0.999;182.0;
25;2025-11-09;9;205.331;1.0;1.0;0.998;205.0;
25;2025-11-09;10;208.8;1.0;1.0;1.001;209.0;
25;2025-11-09;11;298.979;1.0;1.0;1.0;299.0;
25;2025-11-09;12;358.405;1.0;1.0;0.999;358.0;
25;2025-11-09;13;472.17;1.0;1.0;1.0;472.0;
25;2025-11-09;14;557.262;1.0;1.0;1.0;557.0;
25;2025-11-09;15;637.499;1.0;1.0;0.999;637.0;
25;2025-11-09;16;542.463;1.0;1.0;0.999;542.0;
25;2025-11-09;17;540.151;1.0;1.0;1.0;540.0;
25;2025-11-09;18;413.9;1.0;1.0;1.0;414.0;
25;2025-11-09;19;277.244;1.0;1.0;0.999;277.0;
25;2025-11-09;20;219.899;1.0;1.0;1.0;220.0;
25;2025-11-09;21;137.119;1.0;1.0;0.999;137.0;
25;2025-11-09;22;86.942;1.0;1.0;1.001;87.0;
25;2025-11-09;23;32.835;1.0;1.0;1.005;33.0;
25;2025-11-10;0;3.409;1.0;1.0;0.88;3.0;
25;2025-11-10;1;0.0;1.0;1.0;1.0;0.0;
25;2025-11-10;2;0.0;1.0;1.0;1.0;0.0;
25;2025-11-10;3;0.0;1.0;1.0;1.0;0.0;
25;2025-11-10;4;0.0;1.0;1.0;1.0;0.0;
25;2025-11-10;5;20.332;1.0;1.0;0.984;20.0;
25;2025-11-10;6;261.271;1.0;1.0;0.999;261.0;
25;2025-11-10;7;522.056;1.0;1.0;1.0;522.0;
25;2025-11-10;8;900.936;1.0;1.0;1.0;901.0;
25;2025-11-10;9;470.861;1.0;1.0;1.0;471.0;
25;2025-11-10;10;373.949;1.0;1.0;1.0;374.0;
25;2025-11-10;11;433.545;1.0;1.0;1.001;434.0;
25;2025-11-10;12;424.718;1.0;1.0;1.001;425.0;
25;2025-11-10;13;538.005;1.0;1.0;1.0;538.0;
25;2025-11-10;14;454.851;1.0;1.0;1.0;455.0;
25;2025-11-10;15;554.198;1.0;1.0;1.0;554.0;
25;2025-11-10;16;670.71;1.0;1.0;1.0;671.0;
25;2025-11-10;17;774.257;1.0;1.0;1.0;774.0;
25;2025-11-10;18;773.04;1.0;1.0;1.0;773.0;
25;2025-11-10;19;602.775;1.0;1.0;1.0;603.0;
25;2025-11-10;20;311.553;1.0;1.0;1.001;312.0;
25;2025-11-10;21;222.251;1.0;1.0;0.999;222.0;
25;2025-11-10;22;87.05;1.0;1.0;0.999;87.0;
25;2025-11-10;23;7.731;1.0;1.0;1.035;8.0;
25;2025-11-11;0;3.409;1.0;1.0;0.88;3.0;
25;2025-11-11;1;0.0;1.0;1.0;1.0;0.0;
25;2025-11-11;2;0.0;1.0;1.0;1.0;0.0;
25;2025-11-11;3;0.0;1.0;1.0;1.0;0.0;
25;2025-11-11;4;0.0;1.0;1.0;1.0;0.0;
25;2025-11-11;5;20.332;1.0;1.0;0.984;20.0;
25;2025-11-11;6;261.271;1.0;1.0;0.999;261.0;
25;2025-11-11;7;522.056;1.0;1.0;1.0;522.0;
25;2025-11-11;8;900.936;1.0;1.0;1.0;901.0;
25;2025-11-11;9;470.861;1.0;1.0;1.0;471.0;
25;2025-11-11;10;373.949;1.0;1.0;1.0;374.0;
25;2025-11-11;11;433.545;1.0;1.0;1.001;434.0;
25;2025-11-11;12;424.718;1.0;1.0;1.001;425.0;
25;2025-11-11;13;538.005;1.0;1.0;1.0;538.0;
25;2025-11-11;14;454.851;1.0;1.0;1.0;455.0;
25;2025-11-11;15;554.198;1.0;1.0;1.0;554.0;
25;2025-11-11;16;670.71;1.0;1.0;1.0;671.0;
25;2025-11-11;17;774.257;1.0;1.0;1.0;774.0;
25;2025-11-11;18;773.04;1.0;1.0;1.0;773.0;
25;2025-11-11;19;602.775;1.0;1.0;1.0;603.0;
25;2025-11-11;20;311.553;1.0;1.0;1.001;312.0;
25;2025-11-11;21;222.251;1.0;1.0;0.999;222.0;
25;2025-11-11;22;87.05;1.0;1.0;0.999;87.0;
25;2025-11-11;23;7.731;1.0;1.0;1.035;8.0;
25;2025-11-12;0;3.409;1.0;1.0;0.88;3.0;
25;2025-11-12;1;0.0;1.0;1.0;1.0;0.0;
25;2025-11-12;2;0.0;1.0;1.0;1.0;0.0;
25;2025-11-12;3;0.0;1.0;1.0;1.0;0.0;
25;2025-11-12;4;0.0;1.0;1.0;1.0;0.0;
25;2025-11-12;5;20.332;1.0;1.0;0.984;20.0;
25;2025-11-12;6;261.271;1.0;1.0;0.999;261.0;
25;2025-11-12;7;522.056;1.0;1.0;1.0;522.0;
25;2025-11-12;8;900.936;1.0;1.0;1.0;901.0;
25;2025-11-12;9;470.861;1.0;1.0;1.0;471.0;
25;2025-11-12;10;373.949;1.0;1.0;1.0;374.0;
25;2025-11-12;11;433.545;1.0;1.0;1.001;434.0;
25;2025-11-12;12;424.718;1.0;1.0;1.001;425.0;
25;2025-11-12;13;538.005;1.0;1.0;1.0;538.0;
25;2025-11-12;14;454.851;1.0;1.0;1.0;455.0;
25;2025-11-12;15;554.198;1.0;1.0;1.0;554.0;
25;2025-11-12;16;670.71;1.0;1.0;1.0;671.0;
25;2025-11-12;17;774.257;1.0;1.0;1.0;774.0;
25;2025-11-12;18;773.04;1.0;1.0;1.0;773.0;
25;2025-11-12;19;602.775;1.0;1.0;1.0;603.0;
25;2025-11-12;20;311.553;1.0;1.0;1.001;312.0;
25;2025-11-12;21;222.251;1.0;1.0;0.999;222.0;
25;2025-11-12;22;87.05;1.0;1.0;0.999;87.0;
25;2025-11-12;23;7.731;1.0;1.0;1.035;8.0;
25;2025-11-13;0;3.409;1.0;1.0;0.88;3.0;
25;2025-11-13;1;0.0;1.0;1.0;1.0;0.0;
25;2025-11-13;2;0.0;1.0;1.0;1.0;0.0;
25;2025-11-13;3;0.0;1.0;1.0;1.0;0.0;
25;2025-11-13;4;0.0;1.0;1.0;1.0;0.0;
25;2025-11-13;5;20.332;1.0;1.0;0.984;20.0;
25;2025-11-13;6;261.271;1.0;1.0;0.999;261.0;
25;2025-11-13;7;522.056;1.0;1.0;1.0;522.0;
25;2025-11-13;8;900.936;1.0;1.0;1.0;901.0;
25;2025-11-13;9;470.861;1.0;1.0;1.0;471.0;
25;2025-11-13;10;373.949;1.0;1.0;1.0;374.0;
25;2025-11-13;11;433.545;1.0;1.0;1.001;434.0;
25;2025-11-13;12;424.718;1.0;1.0;1.001;425.0;
25;2025-11-13;13;538.005;1.0;1.0;1.0;538.0;
25;2025-11-13;14;454.851;1.0;1.0;1.0;455.0;
25;2025-11-13;15;554.198;1.0;1.0;1.0;554.0;
25;2025-11-13;16;670.71;1.0;1.0;1.0;671.0;
25;2025-11-13;17;774.257;1.0;1.0;1.0;774.0;
25;2025-11-13;18;773.04;1.0;1.0;1.0;773.0;
25;2025-11-13;19;602.775;1.0;1.0;1.0;603.0;
25;2025-11-13;20;311.553;1.0;1.0;1.001;312.0;
25;2025-11-13;21;222.251;1.0;1.0;0.999;222.0;
25;2025-11-13;22;87.05;1.0;1.0;0.999;87.0;
25;2025-11-13;23;7.731;1.0;1.0;1.035;8.0;
25;2025-11-14;0;0.0;1.0;1.0;1.0;0.0;
25;2025-11-14;1;0.0;1.0;1.0;1.0;0.0;
25;2025-11-14;2;0.0;1.0;1.0;1.0;0.0;
25;2025-11-14;3;0.0;1.0;1.0;1.0;0.0;
25;2025-11-14;4;0.0;1.0;1.0;1.0;0.0;
25;2025-11-14;5;17.246;1.0;1.0;0.986;17.0;
25;2025-11-14;6;292.131;1.0;1.0;1.0;292.0;
25;2025-11-14;7;599.417;1.0;1.0;0.999;599.0;
25;2025-11-14;8;920.551;1.0;1.0;1.0;921.0;
25;2025-11-14;9;467.723;1.0;1.0;1.001;468.0;
25;2025-11-14;10;428.267;1.0;1.0;0.999;428.0;
25;2025-11-14;11;473.21;1.0;1.0;1.0;473.0;
25;2025-11-14;12;451.522;1.0;1.0;1.001;452.0;
25;2025-11-14;13;597.326;1.0;1.0;1.0;597.0;
25;2025-11-14;14;495.943;1.0;1.0;1.0;496.0;
25;2025-11-14;15;687.474;1.0;1.0;0.999;687.0;
25;2025-11-14;16;875.608;1.0;1.0;1.0;876.0;
25;2025-11-14;17;841.639;1.0;1.0;1.0;842.0;
25;2025-11-14;18;741.301;1.0;1.0;1.0;741.0;
25;2025-11-14;19;682.509;1.0;1.0;1.001;683.0;
25;2025-11-14;20;364.249;1.0;1.0;0.999;364.0;
25;2025-11-14;21;236.213;1.0;1.0;0.999;236.0;
25;2025-11-14;22;115.755;1.0;1.0;1.002;116.0;
25;2025-11-14;23;15.417;1.0;1.0;0.973;15.0;
25;2025-11-15;0;5.699;1.0;1.0;1.053;6.0;
25;2025-11-15;1;0.0;1.0;1.0;1.0;0.0;
25;2025-11-15;2;0.0;1.0;1.0;1.0;0.0;
25;2025-11-15;3;0.0;1.0;1.0;1.0;0.0;
25;2025-11-15;4;0.0;1.0;1.0;1.0;0.0;
25;2025-11-15;5;20.185;1.0;1.0;0.991;20.0;
25;2025-11-15;6;132.511;1.0;1.0;1.004;133.0;
25;2025-11-15;7;129.662;1.0;1.0;1.003;130.0;
25;2025-11-15;8;300.169;1.0;1.0;0.999;300.0;
25;2025-11-15;9;270.247;1.0;1.0;0.999;270.0;
25;2025-11-15;10;278.321;1.0;1.0;0.999;278.0;
25;2025-11-15;11;369.512;1.0;1.0;1.001;370.0;
25;2025-11-15;12;389.222;1.0;1.0;0.999;389.0;
25;2025-11-15;13;643.558;1.0;1.0;1.001;644.0;
25;2025-11-15;14;650.208;1.0;1.0;1.0;650.0;
25;2025-11-15;15;762.771;1.0;1.0;1.0;763.0;
25;2025-11-15;16;715.276;1.0;1.0;1.0;715.0;
25;2025-11-15;17;572.078;1.0;1.0;1.0;572.0;
25;2025-11-15;18;502.26;1.0;1.0;1.0;502.0;
25;2025-11-15;19;433.868;1.0;1.0;1.0;434.0;
25;2025-11-15;20;245.55;1.0;1.0;1.002;246.0;
25;2025-11-15;21;188.081;1.0;1.0;1.0;188.0;
25;2025-11-15;22;109.001;1.0;1.0;1.0;109.0;
25;2025-11-15;23;41.321;1.0;1.0;0.992;41.0;
25;2025-11-16;0;14.799;1.0;1.0;1.014;15.0;
25;2025-11-16;1;0.462;1.0;1.0;0.0;0.0;
25;2025-11-16;2;0.0;1.0;1.0;1.0;0.0;
25;2025-11-16;3;0.0;1.0;1.0;1.0;0.0;
25;2025-11-16;4;0.0;1.0;1.0;1.0;0.0;
25;2025-11-16;5;9.712;1.0;1.0;1.03;10.0;
25;2025-11-16;6;102.897;1.0;1.0;1.001;103.0;
25;2025-11-16;7;96.423;1.0;1.0;0.996;96.0;
25;2025-11-16;8;182.209;1.0;1.0;0.999;182.0;
25;2025-11-16;9;205.331;1.0;1.0;0.998;205.0;
25;2025-11-16;10;208.8;1.0;1.0;1.001;209.0;
25;2025-11-16;11;298.979;1.0;1.0;1.0;299.0;
25;2025-11-16;12;358.405;1.0;1.0;0.999;358.0;
25;2025-11-16;13;472.17;1.0;1.0;1.0;472.0;
25;2025-11-16;14;557.262;1.0;1.0;1.0;557.0;
25;2025-11-16;15;637.499;1.0;1.0;0.999;637.0;
25;2025-11-16;16;542.463;1.0;1.0;0.999;542.0;
25;2025-11-16;17;540.151;1.0;1.0;1.0;540.0;
25;2025-11-16;18;413.9;1.0;1.0;1.0;414.0;
25;2025-11-16;19;277.244;1.0;1.0;0.999;277.0;
25;2025-11-16;20;219.899;1.0;1.0;1.0;220.0;
25;2025-11-16;21;137.119;1.0;1.0;0.999;137.0;
25;2025-11-16;22;86.942;1.0;1.0;1.001;87.0;
25;2025-11-16;23;32.835;1.0;1.0;1.005;33.0;
25;2025-11-17;0;3.409;1.0;1.0;0.88;3.0;
25;2025-11-17;1;0.0;1.0;1.0;1.0;0.0;
25;2025-11-17;2;0.0;1.0;1.0;1.0;0.0;
25;2025-11-17;3;0.0;1.0;1.0;1.0;0.0;
25;2025-11-17;4;0.0;1.0;1.0;1.0;0.0;
25;2025-11-17;5;20.332;1.0;1.0;0.984;20.0;
25;2025-11-17;6;261.271;1.0;1.0;0.999;261.0;
25;2025-11-17;7;522.056;1.0;1.0;1.0;522.0;
25;2025-11-17;8;900.936;1.0;1.0;1.0;901.0;
25;2025-11-17;9;470.861;1.0;1.0;1.0;471.0;
25;2025-11-17;10;373.949;1.0;1.0;1.0;374.0;
25;2025-11-17;11;433.545;1.0;1.0;1.001;434.0;
25;2025-11-17;12;424.718;1.0;1.0;1.001;425.0;
25;2025-11-17;13;538.005;1.0;1.0;1.0;538.0;
25;2025-11-17;14;454.851;1.0;1.0;1.0;455.0;
25;2025-11-17;15;554.198;1.0;1.0;1.0;554.0;
25;2025-11-17;16;670.71;1.0;1.0;1.0;671.0;
25;2025-11-17;17;774.257;1.0;1.0;1.0;774.0;
25;2025-11-17;18;773.04;1.0;1.0;1.0;773.0;
25;2025-11-17;19;602.775;1.0;1.0;1.0;603.0;
25;2025-11-17;20;311.553;1.0;1.0;1.001;312.0;
25;2025-11-17;21;222.251;1.0;1.0;0.999;222.0;
25;2025-11-17;22;87.05;1.0;1.0;0.999;87.0;
25;2025-11-17;23;7.731;1.0;1.0;1.035;8.0;
25;2025-11-18;0;3.409;1.0;1.0;0.88;3.0;
25;2025-11-18;1;0.0;1.0;1.0;1.0;0.0;
25;2025-11-18;2;0.0;1.0;1.0;1.0;0.0;
25;2025-11-18;3;0.0;1.0;1.0;1.0;0.0;
25;2025-11-18;4;0.0;1.0;1.0;1.0;0.0;
25;2025-11-18;5;20.332;1.0;1.0;0.984;20.0;
25;2025-11-18;6;261.271;1.0;1.0;0.999;261.0;
25;2025-11-18;7;522.056;1.0;1.0;1.0;522.0;
25;2025-11-18;8;900.936;1.0;1.0;1.0;901.0;
25;2025-11-18;9;470.861;1.0;1.0;1.0;471.0;
25;2025-11-18;10;373.949;1.0;1.0;1.0;374.0;
25;2025-11-18;11;433.545;1.0;1.0;1.001;434.0;
25;2025-11-18;12;424.718;1.0;1.0;1.001;425.0;
25;2025-11-18;13;538.005;1.0;1.0;1.0;538.0;
25;2025-11-18;14;454.851;1.0;1.0;1.0;455.0;
25;2025-11-18;15;554.198;1.0;1.0;1.0;554.0;
25;2025-11-18;16;670.71;1.0;1.0;1.0;671.0;
25;2025-11-18;17;774.257;1.0;1.0;1.0;774.0;
25;2025-11-18;18;773.04;1.0;1.0;1.0;773.0;
25;2025-11-18;19;602.775;1.0;1.0;1.0;603.0;
25;2025-11-18;20;311.553;1.0;1.0;1.001;312.0;
25;2025-11-18;21;222.251;1.0;1.0;0.999;222.0;
25;2025-11-18;22;87.05;1.0;1.0;0.999;87.0;
25;2025-11-18;23;7.731;1.0;1.0;1.035;8.0;
25;2025-11-19;0;3.409;1.0;1.0;0.88;3.0;
25;2025-11-19;1;0.0;1.0;1.0;1.0;0.0;
25;2025-11-19;2;0.0;1.0;1.0;1.0;0.0;
25;2025-11-19;3;0.0;1.0;1.0;1.0;0.0;
25;2025-11-19;4;0.0;1.0;1.0;1.0;0.0;
25;2025-11-19;5;20.332;1.0;1.0;0.984;20.0;
25;2025-11-19;6;261.271;1.0;1.0;0.999;261.0;
25;2025-11-19;7;522.056;1.0;1.0;1.0;522.0;
25;2025-11-19;8;900.936;1.0;1.0;1.0;901.0;
25;2025-11-19;9;470.861;1.0;1.0;1.0;471.0;
25;2025-11-19;10;373.949;1.0;1.0;1.0;374.0;
25;2025-11-19;11;433.545;1.0;1.0;1.001;434.0;
25;2025-11-19;12;424.718;1.0;1.0;1.001;425.0;
25;2025-11-19;13;538.005;1.0;1.0;1.0;538.0;
25;2025-11-19;14;454.851;1.0;1.0;1.0;455.0;
25;2025-11-19;15;554.198;1.0;1.0;1.0;554.0;
25;2025-11-19;16;670.71;1.0;1.0;1.0;671.0;
25;2025-11-19;17;774.257;1.0;1.0;1.0;774.0;
25;2025-11-19;18;773.04;1.0;1.0;1.0;773.0;
25;2025-11-19;19;602.775;1.0;1.0;1.0;603.0;
25;2025-11-19;20;311.553;1.0;1.0;1.001;312.0;
25;2025-11-19;21;222.251;1.0;1.0;0.999;222.0;
25;2025-11-19;22;87.05;1.0;1.0;0.999;87.0;
25;2025-11-19;23;7.731;1.0;1.0;1.035;8.0;
25;2025-11-20;0;3.409;1.0;1.0;0.88;3.0;
25;2025-11-20;1;0.0;1.0;1.0;1.0;0.0;
25;2025-11-20;2;0.0;1.0;1.0;1.0;0.0;
25;2025-11-20;3;0.0;1.0;1.0;1.0;0.0;
25;2025-11-20;4;0.0;1.0;1.0;1.0;0.0;
25;2025-11-20;5;20.332;1.0;1.0;0.984;20.0;
25;2025-11-20;6;261.271;1.0;1.0;0.999;261.0;
25;2025-11-20;7;522.056;1.0;1.0;1.0;522.0;
25;2025-11-20;8;900.936;1.0;1.0;1.0;901.0;
25;2025-11-20;9;470.861;1.0;1.0;1.0;471.0;
25;2025-11-20;10;373.949;1.0;1.0;1.0;374.0;
25;2025-11-20;11;433.545;1.0;1.0;1.001;434.0;
25;2025-11-20;12;424.718;1.0;1.0;1.001;425.0;
25;2025-11-20;13;538.005;1.0;1.0;1.0;538.0;
25;2025-11-20;14;454.851;1.0;1.0;1.0;455.0;
25;2025-11-20;15;554.198;1.0;1.0;1.0;554.0;
25;2025-11-20;16;670.71;1.0;1.0;1.0;671.0;
25;2025-11-20;17;774.257;1.0;1.0;1.0;774.0;
25;2025-11-20;18;773.04;1.0;1.0;1.0;773.0;
25;2025-11-20;19;602.775;1.0;1.0;1.0;603.0;
25;2025-11-20;20;311.553;1.0;1.0;1.001;312.0;
25;2025-11-20;21;222.251;1.0;1.0;0.999;222.0;
25;2025-11-20;22;87.05;1.0;1.0;0.999;87.0;
25;2025-11-20;23;7.731;1.0;1.0;1.035;8.0;
25;2025-11-21;0;0.0;1.0;1.0;1.0;0.0;
25;2025-11-21;1;0.0;1.0;1.0;1.0;0.0;
25;2025-11-21;2;0.0;1.0;1.0;1.0;0.0;
25;2025-11-21;3;0.0;1.0;1.0;1.0;0.0;
25;2025-11-21;4;0.0;1.0;1.0;1.0;0.0;
25;2025-11-21;5;17.246;1.0;1.0;0.986;17.0;
25;2025-11-21;6;292.131;1.0;1.0;1.0;292.0;
25;2025-11-21;7;599.417;1.0;1.0;0.999;599.0;
25;2025-11-21;8;920.551;1.0;1.0;1.0;921.0;
25;2025-11-21;9;467.723;1.0;1.0;1.001;468.0;
25;2025-11-21;10;428.267;1.0;1.0;0.999;428.0;
25;2025-11-21;11;473.21;1.0;1.0;1.0;473.0;
25;2025-11-21;12;451.522;1.0;1.0;1.001;452.0;
25;2025-11-21;13;597.326;1.0;1.0;1.0;597.0;
25;2025-11-21;14;495.943;1.0;1.0;1.0;496.0;
25;2025-11-21;15;687.474;1.0;1.0;0.999;687.0;
25;2025-11-21;16;875.608;1.0;1.0;1.0;876.0;
25;2025-11-21;17;841.639;1.0;1.0;1.0;842.0;
25;2025-11-21;18;741.301;1.0;1.0;1.0;741.0;
25;2025-11-21;19;682.509;1.0;1.0;1.001;683.0;
25;2025-11-21;20;364.249;1.0;1.0;0.999;364.0;
25;2025-11-21;21;236.213;1.0;1.0;0.999;236.0;
25;2025-11-21;22;115.755;1.0;1.0;1.002;116.0;
25;2025-11-21;23;15.417;1.0;1.0;0.973;15.0;
25;2025-11-22;0;5.699;1.0;1.0;1.053;6.0;
25;2025-11-22;1;0.0;1.0;1.0;1.0;0.0;
25;2025-11-22;2;0.0;1.0;1.0;1.0;0.0;
25;2025-11-22;3;0.0;1.0;1.0;1.0;0.0;
25;2025-11-22;4;0.0;1.0;1.0;1.0;0.0;
25;2025-11-22;5;20.185;1.0;1.0;0.991;20.0;
25;2025-11-22;6;132.511;1.0;1.0;1.004;133.0;
25;2025-11-22;7;129.662;1.0;1.0;1.003;130.0;
25;2025-11-22;8;300.169;1.0;1.0;0.999;300.0;
25;2025-11-22;9;270.247;1.0;1.0;0.999;270.0;
25;2025-11-22;10;278.321;1.0;1.0;0.999;278.0;
25;2025-11-22;11;369.512;1.0;1.0;1.001;370.0;
25;2025-11-22;12;389.222;1.0;1.0;0.999;389.0;
25;2025-11-22;13;643.558;1.0;1.0;1.001;644.0;
25;2025-11-22;14;650.208;1.0;1.0;1.0;650.0;
25;2025-11-22;15;762.771;1.0;1.0;1.0;763.0;
25;2025-11-22;16;715.276;1.0;1.0;1.0;715.0;
25;2025-11-22;17;572.078;1.0;1.0;1.0;572.0;
25;2025-11-22;18;502.26;1.0;1.0;1.0;502.0;
25;2025-11-22;19;433.868;1.0;1.0;1.0;434.0;
25;2025-11-22;20;245.55;1.0;1.0;1.002;246.0;
25;2025-11-22;21;188.081;1.0;1.0;1.0;188.0;
25;2025-11-22;22;109.001;1.0;1.0;1.0;109.0;
25;2025-11-22;23;41.321;1.0;1.0;0.992;41.0;
25;2025-11-23;0;14.799;1.0;1.0;1.014;15.0;
25;2025-11-23;1;0.462;1.0;1.0;0.0;0.0;
25;2025-11-23;2;0.0;1.0;1.0;1.0;0.0;
25;2025-11-23;3;0.0;1.0;1.0;1.0;0.0;
25;2025-11-23;4;0.0;1.0;1.0;1.0;0.0;
25;2025-11-23;5;9.712;1.0;1.0;1.03;10.0;
25;2025-11-23;6;102.897;1.0;1.0;1.001;103.0;
25;2025-11-23;7;96.423;1.0;1.0;0.996;96.0;
25;2025-11-23;8;182.209;1.0;1.0;0.999;182.0;
25;2025-11-23;9;205.331;1.0;1.0;0.998;205.0;
25;2025-11-23;10;208.8;1.0;1.0;1.001;209.0;
25;2025-11-23;11;298.979;1.0;1.0;1.0;299.0;
25;2025-11-23;12;358.405;1.0;1.0;0.999;358.0;
25;2025-11-23;13;472.17;1.0;1.0;1.0;472.0;
25;2025-11-23;14;557.262;1.0;1.0;1.0;557.0;
25;2025-11-23;15;637.499;1.0;1.0;0.999;637.0;
25;2025-11-23;16;542.463;1.0;1.0;0.999;542.0;
25;2025-11-23;17;540.151;1.0;1.0;1.0;540.0;
25;2025-11-23;18;413.9;1.0;1.0;1.0;414.0;
25;2025-11-23;19;277.244;1.0;1.0;0.999;277.0;
25;2025-11-23;20;219.899;1.0;1.0;1.0;220.0;
25;2025-11-23;21;137.119;1.0;1.0;0.999;137.0;
25;2025-11-23;22;86.942;1.0;1.0;1.001;87.0;
25;2025-11-23;23;32.835;1.0;1.0;1.005;33.0;
25;2025-11-24;0;3.409;1.0;1.0;0.88;3.0;
25;2025-11-24;1;0.0;1.0;1.0;1.0;0.0;
25;2025-11-24;2;0.0;1.0;1.0;1.0;0.0;
25;2025-11-24;3;0.0;1.0;1.0;1.0;0.0;
25;2025-11-24;4;0.0;1.0;1.0;1.0;0.0;
25;2025-11-24;5;20.332;1.0;1.0;0.984;20.0;
25;2025-11-24;6;261.271;1.0;1.0;0.999;261.0;
25;2025-11-24;7;522.056;1.0;1.0;1.0;522.0;
25;2025-11-24;8;900.936;1.0;1.0;1.0;901.0;
25;2025-11-24;9;470.861;1.0;1.0;1.0;471.0;
25;2025-11-24;10;373.949;1.0;1.0;1.0;374.0;
25;2025-11-24;11;433.545;1.0;1.0;1.001;434.0;
25;2025-11-24;12;424.718;1.0;1.0;1.001;425.0;
25;2025-11-24;13;538.005;1.0;1.0;1.0;538.0;
25;2025-11-24;14;454.851;1.0;1.0;1.0;455.0;
25;2025-11-24;15;554.198;1.0;1.0;1.0;554.0;
25;2025-11-24;16;670.71;1.0;1.0;1.0;671.0;
25;2025-11-24;17;774.257;1.0;1.0;1.0;774.0;
25;2025-11-24;18;773.04;1.0;1.0;1.0;773.0;
25;2025-11-24;19;602.775;1.0;1.0;1.0;603.0;
25;2025-11-24;20;311.553;1.0;1.0;1.001;312.0;
25;2025-11-24;21;222.251;1.0;1.0;0.999;222.0;
25;2025-11-24;22;87.05;1.0;1.0;0.999;87.0;
25;2025-11-24;23;7.731;1.0;1.0;1.035;8.0;
25;2025-11-25;0;3.409;1.0;1.0;0.88;3.0;
25;2025-11-25;1;0.0;1.0;1.0;1.0;0.0;
25;2025-11-25;2;0.0;1.0;1.0;1.0;0.0;
25;2025-11-25;3;0.0;1.0;1.0;1.0;0.0;
25;2025-11-25;4;0.0;1.0;1.0;1.0;0.0;
25;2025-11-25;5;20.332;1.0;1.0;0.984;20.0;
25;2025-11-25;6;261.271;1.0;1.0;0.999;261.0;
25;2025-11-25;7;522.056;1.0;1.0;1.0;522.0;
25;2025-11-25;8;900.936;1.0;1.0;1.0;901.0;
25;2025-11-25;9;470.861;1.0;1.0;1.0;471.0;
25;2025-11-25;10;373.949;1.0;1.0;1.0;374.0;
25;2025-11-25;11;433.545;1.0;1.0;1.001;434.0;
25;2025-11-25;12;424.718;1.0;1.0;1.001;425.0;
25;2025-11-25;13;538.005;1.0;1.0;1.0;538.0;
25;2025-11-25;14;454.851;1.0;1.0;1.0;455.0;
25;2025-11-25;15;554.198;1.0;1.0;1.0;554.0;
25;2025-11-25;16;670.71;1.0;1.0;1.0;671.0;
25;2025-11-25;17;774.257;1.0;1.0;1.0;774.0;
25;2025-11-25;18;773.04;1.0;1.0;1.0;773.0;
25;2025-11-25;19;602.775;1.0;1.0;1.0;603.0;
25;2025-11-25;20;311.553;1.0;1.0;1.001;312.0;
25;2025-11-25;21;222.251;1.0;1.0;0.999;222.0;
25;2025-11-25;22;87.05;1.0;1.0;0.999;87.0;
25;2025-11-25;23;7.731;1.0;1.0;1.035;8.0;
25;2025-11-26;0;3.409;1.0;1.0;0.88;3.0;
25;2025-11-26;1;0.0;1.0;1.0;1.0;0.0;
25;2025-11-26;2;0.0;1.0;1.0;1.0;0.0;
25;2025-11-26;3;0.0;1.0;1.0;1.0;0.0;
25;2025-11-26;4;0.0;1.0;1.0;1.0;0.0;
25;2025-11-26;5;20.332;1.0;1.0;0.984;20.0;
25;2025-11-26;6;261.271;1.0;1.0;0.999;261.0;
25;2025-11-26;7;522.056;1.0;1.0;1.0;522.0;
25;2025-11-26;8;900.936;1.0;1.0;1.0;901.0;
25;2025-11-26;9;470.861;1.0;1.0;1.0;471.0;
25;2025-11-26;10;373.949;1.0;1.0;1.0;374.0;
25;2025-11-26;11;433.545;1.0;1.0;1.001;434.0;
25;2025-11-26;12;424.718;1.0;1.0;1.001;425.0;
25;2025-11-26;13;538.005;1.0;1.0;1.0;538.0;
25;2025-11-26;14;454.851;1.0;1.0;1.0;455.0;
25;2025-11-26;15;554.198;1.0;1.0;1.0;554.0;
25;2025-11-26;16;670.71;1.0;1.0;1.0;671.0;
25;2025-11-26;17;774.257;1.0;1.0;1.0;774.0;
25;2025-11-26;18;773.04;1.0;1.0;1.0;773.0;
25;2025-11-26;19;602.775;1.0;1.0;1.0;603.0;
25;2025-11-26;20;311.553;1.0;1.0;1.001;312.0;
25;2025-11-26;21;222.251;1.0;1.0;0.999;222.0;
25;2025-11-26;22;87.05;1.0;1.0;0.999;87.0;
25;2025-11-26;23;7.731;1.0;1.0;1.035;8.0;
25;2025-11-27;0;3.409;1.0;1.0;0.88;3.0;
25;2025-11-27;1;0.0;1.0;1.0;1.0;0.0;
25;2025-11-27;2;0.0;1.0;1.0;1.0;0.0;
25;2025-11-27;3;0.0;1.0;1.0;1.0;0.0;
25;2025-11-27;4;0.0;1.0;1.0;1.0;0.0;
25;2025-11-27;5;20.332;1.0;1.0;0.984;20.0;
25;2025-11-27;6;261.271;1.0;1.0;0.999;261.0;
25;2025-11-27;7;522.056;1.0;1.0;1.0;522.0;
25;2025-11-27;8;900.936;1.0;1.0;1.0;901.0;
25;2025-11-27;9;470.861;1.0;1.0;1.0;471.0;
25;2025-11-27;10;373.949;1.0;1.0;1.0;374.0;
25;2025-11-27;11;433.545;1.0;1.0;1.001;434.0;
25;2025-11-27;12;424.718;1.0;1.0;1.001;425.0;
25;2025-11-27;13;538.005;1.0;1.0;1.0;538.0;
25;2025-11-27;14;454.851;1.0;1.0;1.0;455.0;
25;2025-11-27;15;554.198;1.0;1.0;1.0;554.0;
25;2025-11-27;16;670.71;1.0;1.0;1.0;671.0;
25;2025-11-27;17;774.257;1.0;1.0;1.0;774.0;
25;2025-11-27;18;773.04;1.0;1.0;1.0;773.0;
25;2025-11-27;19;602.775;1.0;1.0;1.0;603.0;
25;2025-11-27;20;311.553;1.0;1.0;1.001;312.0;
25;2025-11-27;21;222.251;1.0;1.0;0.999;222.0;
25;2025-11-27;22;87.05;1.0;1.0;0.999;87.0;
25;2025-11-27;23;7.731;1.0;1.0;1.035;8.0;
25;2025-11-28;0;0.0;1.0;1.0;1.0;0.0;
25;2025-11-28;1;0.0;1.0;1.0;1.0;0.0;
25;2025-11-28;2;0.0;1.0;1.0;1.0;0.0;
25;2025-11-28;3;0.0;1.0;1.0;1.0;0.0;
25;2025-11-28;4;0.0;1.0;1.0;1.0;0.0;
25;2025-11-28;5;17.246;1.0;1.0;0.986;17.0;
25;2025-11-28;6;292.131;1.0;1.0;1.0;292.0;
25;2025-11-28;7;599.417;1.0;1.0;0.999;599.0;
25;2025-11-28;8;920.551;1.0;1.0;1.0;921.0;
25;2025-11-28;9;467.723;1.0;1.0;1.001;468.0;
25;2025-11-28;10;428.267;1.0;1.0;0.999;428.0;
25;2025-11-28;11;473.21;1.0;1.0;1.0;473.0;
25;2025-11-28;12;451.522;1.0;1.0;1.001;452.0;
25;2025-11-28;13;597.326;1.0;1.0;1.0;597.0;
25;2025-11-28;14;495.943;1.0;1.0;1.0;496.0;
25;2025-11-28;15;687.474;1.0;1.0;0.999;687.0;
25;2025-11-28;16;875.608;1.0;1.0;1.0;876.0;
25;2025-11-28;17;841.639;1.0;1.0;1.0;842.0;
25;2025-11-28;18;741.301;1.0;1.0;1.0;741.0;
25;2025-11-28;19;682.509;1.0;1.0;1.001;683.0;
25;2025-11-28;20;364.249;1.0;1.0;0.999;364.0;
25;2025-11-28;21;236.213;1.0;1.0;0.999;236.0;
25;2025-11-28;22;115.755;1.0;1.0;1.002;116.0;
25;2025-11-28;23;15.417;1.0;1.0;0.973;15.0;
25;2025-11-29;0;5.699;1.0;1.0;1.053;6.0;
25;2025-11-29;1;0.0;1.0;1.0;1.0;0.0;
25;2025-11-29;2;0.0;1.0;1.0;1.0;0.0;
25;2025-11-29;3;0.0;1.0;1.0;1.0;0.0;
25;2025-11-29;4;0.0;1.0;1.0;1.0;0.0;
25;2025-11-29;5;20.185;1.0;1.0;0.991;20.0;
25;2025-11-29;6;132.511;1.0;1.0;1.004;133.0;
25;2025-11-29;7;129.662;1.0;1.0;1.003;130.0;
25;2025-11-29;8;300.169;1.0;1.0;0.999;300.0;
25;2025-11-29;9;270.247;1.0;1.0;0.999;270.0;
25;2025-11-29;10;278.321;1.0;1.0;0.999;278.0;
25;2025-11-29;11;369.512;1.0;1.0;1.001;370.0;
25;2025-11-29;12;389.222;1.0;1.0;0.999;389.0;
25;2025-11-29;13;643.558;1.0;1.0;1.001;644.0;
25;2025-11-29;14;650.208;1.0;1.0;1.0;650.0;
25;2025-11-29;15;762.771;1.0;1.0;1.0;763.0;
25;2025-11-29;16;715.276;1.0;1.0;1.0;715.0;
25;2025-11-29;17;572.078;1.0;1.0;1.0;572.0;
25;2025-11-29;18;502.26;1.0;1.0;1.0;502.0;
25;2025-11-29;19;433.868;1.0;1.0;1.0;434.0;
25;2025-11-29;20;245.55;1.0;1.0;1.002;246.0;
25;2025-11-29;21;188.081;1.0;1.0;1.0;188.0;
25;2025-11-29;22;109.001;1.0;1.0;1.0;109.0;
25;2025-11-29;23;41.321;1.0;1.0;0.992;41.0;
25;2025-11-30;0;14.799;1.0;1.0;1.014;15.0;
25;2025-11-30;1;0.462;1.0;1.0;0.0;0.0;
25;2025-11-30;2;0.0;1.0;1.0;1.0;0.0;
25;2025-11-30;3;0.0;1.0;1.0;1.0;0.0;
25;2025-11-30;4;0.0;1.0;1.0;1.0;0.0;
25;2025-11-30;5;9.712;1.0;1.0;1.03;10.0;
25;2025-11-30;6;102.897;1.0;1.0;1.001;103.0;
25;2025-11-30;7;96.423;1.0;1.0;0.996;96.0;
25;2025-11-30;8;182.209;1.0;1.0;0.999;182.0;
25;2025-11-30;9;205.331;1.0;1.0;0.998;205.0;
25;2025-11-30;10;208.8;1.0;1.0;1.001;209.0;
25;2025-11-30;11;298.979;1.0;1.0;1.0;299.0;
25;2025-11-30;12;358.405;1.0;1.0;0.999;358.0;
25;2025-11-30;13;472.17;1.0;1.0;1.0;472.0;
25;2025-11-30;14;557.262;1.0;1.0;1.0;557.0;
25;2025-11-30;15;637.499;1.0;1.0;0.999;637.0;
25;2025-11-30;16;542.463;1.0;1.0;0.999;542.0;
25;2025-11-30;17;540.151;1.0;1.0;1.0;540.0;
25;2025-11-30;18;413.9;1.0;1.0;1.0;414.0;
25;2025-11-30;19;277.244;1.0;1.0;0.999;277.0;
25;2025-11-30;20;219.899;1.0;1.0;1.0;220.0;
25;2025-11-30;21;137.119;1.0;1.0;0.999;137.0;
25;2025-11-30;22;86.942;1.0;1.0;1.001;87.0;
25;2025-11-30;23;32.835;1.0;1.0;1.005;33.0;
25;2025-12-01;0;3.409;1.0;1.0;0.88;3.0;
25;2025-12-01;1;0.0;1.0;1.0;1.0;0.0;
25;2025-12-01;2;0.0;1.0;1.0;1.0;0.0;
25;2025-12-01;3;0.0;1.0;1.0;1.0;0.0;
25;2025-12-01;4;0.0;1.0;1.0;1.0;0.0;
25;2025-12-01;5;20.332;1.0;1.0;0.984;20.0;
25;2025-12-01;6;261.271;1.0;1.0;0.999;261.0;
25;2025-12-01;7;522.056;1.0;1.0;1.0;522.0;
25;2025-12-01;8;900.936;1.0;1.0;1.0;901.0;
25;2025-12-01;9;470.861;1.0;1.0;1.0;471.0;
25;2025-12-01;10;373.949;1.0;1.0;1.0;374.0;
25;2025-12-01;11;433.545;1.0;1.0;1.001;434.0;
25;2025-12-01;12;424.718;1.0;1.0;1.001;425.0;
25;2025-12-01;13;538.005;1.0;1.0;1.0;538.0;
25;2025-12-01;14;454.851;1.0;1.0;1.0;455.0;
25;2025-12-01;15;554.198;1.0;1.0;1.0;554.0;
25;2025-12-01;16;670.71;1.0;1.0;1.0;671.0;
25;2025-12-01;17;774.257;1.0;1.0;1.0;774.0;
25;2025-12-01;18;773.04;1.0;1.0;1.0;773.0;
25;2025-12-01;19;602.775;1.0;1.0;1.0;603.0;
25;2025-12-01;20;311.553;1.0;1.0;1.001;312.0;
25;2025-12-01;21;222.251;1.0;1.0;0.999;222.0;
25;2025-12-01;22;87.05;1.0;1.0;0.999;87.0;
25;2025-12-01;23;7.731;1.0;1.0;1.035;8.0;
25;2025-12-02;0;3.409;1.0;1.0;0.88;3.0;
25;2025-12-02;1;0.0;1.0;1.0;1.0;0.0;
25;2025-12-02;2;0.0;1.0;1.0;1.0;0.0;
25;2025-12-02;3;0.0;1.0;1.0;1.0;0.0;
25;2025-12-02;4;0.0;1.0;1.0;1.0;0.0;
25;2025-12-02;5;20.332;1.0;1.0;0.984;20.0;
25;2025-12-02;6;261.271;1.0;1.0;0.999;261.0;
25;2025-12-02;7;522.056;1.0;1.0;1.0;522.0;
25;2025-12-02;8;900.936;1.0;1.0;1.0;901.0;
25;2025-12-02;9;470.861;1.0;1.0;1.0;471.0;
25;2025-12-02;10;373.949;1.0;1.0;1.0;374.0;
25;2025-12-02;11;433.545;1.0;1.0;1.001;434.0;
25;2025-12-02;12;424.718;1.0;1.0;1.001;425.0;
25;2025-12-02;13;538.005;1.0;1.0;1.0;538.0;
25;2025-12-02;14;454.851;1.0;1.0;1.0;455.0;
25;2025-12-02;15;554.198;1.0;1.0;1.0;554.0;
25;2025-12-02;16;670.71;1.0;1.0;1.0;671.0;
25;2025-12-02;17;774.257;1.0;1.0;1.0;774.0;
25;2025-12-02;18;773.04;1.0;1.0;1.0;773.0;
25;2025-12-02;19;602.775;1.0;1.0;1.0;603.0;
25;2025-12-02;20;311.553;1.0;1.0;1.001;312.0;
25;2025-12-02;21;222.251;1.0;1.0;0.999;222.0;
25;2025-12-02;22;87.05;1.0;1.0;0.999;87.0;
25;2025-12-02;23;7.731;1.0;1.0;1.035;8.0;
25;2025-12-03;0;3.409;1.0;1.0;0.88;3.0;
25;2025-12-03;1;0.0;1.0;1.0;1.0;0.0;
25;2025-12-03;2;0.0;1.0;1.0;1.0;0.0;
25;2025-12-03;3;0.0;1.0;1.0;1.0;0.0;
25;2025-12-03;4;0.0;1.0;1.0;1.0;0.0;
25;2025-12-03;5;20.332;1.0;1.0;0.984;20.0;
25;2025-12-03;6;261.271;1.0;1.0;0.999;261.0;
25;2025-12-03;7;522.056;1.0;1.0;1.0;522.0;
25;2025-12-03;8;900.936;1.0;1.0;1.0;901.0;
25;2025-12-03;9;470.861;1.0;1.0;1.0;471.0;
25;2025-12-03;10;373.949;1.0;1.0;1.0;374.0;
25;2025-12-03;11;433.545;1.0;1.0;1.001;434.0;
25;2025-12-03;12;424.718;1.0;1.0;1.001;425.0;
25;2025-12-03;13;538.005;1.0;1.0;1.0;538.0;
25;2025-12-03;14;454.851;1.0;1.0;1.0;455.0;
25;2025-12-03;15;554.198;1.0;1.0;1.0;554.0;
25;2025-12-03;16;670.71;1.0;1.0;1.0;671.0;
25;2025-12-03;17;774.257;1.0;1.0;1.0;774.0;
25;2025-12-03;18;773.04;1.0;1.0;1.0;773.0;
25;2025-12-03;19;602.775;1.0;1.0;1.0;603.0;
25;2025-12-03;20;311.553;1.0;1.0;1.001;312.0;
25;2025-12-03;21;222.251;1.0;1.0;0.999;222.0;
25;2025-12-03;22;87.05;1.0;1.0;0.999;87.0;
25;2025-12-03;23;7.731;1.0;1.0;1.035;8.0;
25;2025-12-04;0;3.409;1.0;1.0;0.88;3.0;
25;2025-12-04;1;0.0;1.0;1.0;1.0;0.0;
25;2025-12-04;2;0.0;1.0;1.0;1.0;0.0;
25;2025-12-04;3;0.0;1.0;1.0;1.0;0.0;
25;2025-12-04;4;0.0;1.0;1.0;1.0;0.0;
25;2025-12-04;5;20.332;1.0;1.0;0.984;20.0;
25;2025-12-04;6;261.271;1.0;1.0;0.999;261.0;
25;2025-12-04;7;522.056;1.0;1.0;1.0;522.0;
25;2025-12-04;8;900.936;1.0;1.0;1.0;901.0;
25;2025-12-04;9;470.861;1.0;1.0;1.0;471.0;
25;2025-12-04;10;373.949;1.0;1.0;1.0;374.0;
25;2025-12-04;11;433.545;1.0;1.0;1.001;434.0;
25;2025-12-04;12;424.718;1.0;1.0;1.001;425.0;
25;2025-12-04;13;538.005;1.0;1.0;1.0;538.0;
25;2025-12-04;14;454.851;1.0;1.0;1.0;455.0;
25;2025-12-04;15;554.198;1.0;1.0;1.0;554.0;
25;2025-12-04;16;670.71;1.0;1.0;1.0;671.0;
25;2025-12-04;17;774.257;1.0;1.0;1.0;774.0;
25;2025-12-04;18;773.04;1.0;1.0;1.0;773.0;
25;2025-12-04;19;602.775;1.0;1.0;1.0;603.0;
25;2025-12-04;20;311.553;1.0;1.0;1.001;312.0;
25;2025-12-04;21;222.251;1.0;1.0;0.999;222.0;
25;2025-12-04;22;87.05;1.0;1.0;0.999;87.0;
25;2025-12-04;23;7.731;1.0;1.0;1.035;8.0;
25;2025-12-05;0;0.0;1.0;1.0;1.0;0.0;
25;2025-12-05;1;0.0;1.0;1.0;1.0;0.0;
25;2025-12-05;2;0.0;1.0;1.0;1.0;0.0;
25;2025-12-05;3;0.0;1.0;1.0;1.0;0.0;
25;2025-12-05;4;0.0;1.0;1.0;1.0;0.0;
25;2025-12-05;5;17.246;1.0;1.0;0.986;17.0;
25;2025-12-05;6;292.131;1.0;1.0;1.0;292.0;
25;2025-12-05;7;599.417;1.0;1.0;0.999;599.0;
25;2025-12-05;8;920.551;1.0;1.0;1.0;921.0;
25;2025-12-05;9;467.723;1.0;1.0;1.001;468.0;
25;2025-12-05;10;428.267;1.0;1.0;0.999;428.0;
25;2025-12-05;11;473.21;1.0;1.0;1.0;473.0;
25;2025-12-05;12;451.522;1.0;1.0;1.001;452.0;
25;2025-12-05;13;597.326;1.0;1.0;1.0;597.0;
25;2025-12-05;14;495.943;1.0;1.0;1.0;496.0;
25;2025-12-05;15;687.474;1.0;1.0;0.999;687.0;
25;2025-12-05;16;875.608;1.0;1.0;1.0;876.0;
25;2025-12-05;17;841.639;1.0;1.0;1.0;842.0;
25;2025-12-05;18;741.301;1.0;1.0;1.0;741.0;
25;2025-12-05;19;682.509;1.0;1.0;1.001;683.0;
25;2025-12-05;20;364.249;1.0;1.0;0.999;364.0;
25;2025-12-05;21;236.213;1.0;1.0;0.999;236.0;
25;2025-12-05;22;115.755;1.0;1.0;1.002;116.0;
25;2025-12-05;23;15.417;1.0;1.0;0.973;15.0;
25;2025-12-06;0;5.699;1.0;1.0;1.053;6.0;
25;2025-12-06;1;0.0;1.0;1.0;1.0;0.0;
25;2025-12-06;2;0.0;1.0;1.0;1.0;0.0;
25;2025-12-06;3;0.0;1.0;1.0;1.0;0.0;
25;2025-12-06;4;0.0;1.0;1.0;1.0;0.0;
25;2025-12-06;5;20.185;1.0;1.0;0.991;20.0;
25;2025-12-06;6;132.511;1.0;1.0;1.004;133.0;
25;2025-12-06;7;129.662;1.0;1.0;1.003;130.0;
25;2025-12-06;8;300.169;1.0;1.0;0.999;300.0;
25;2025-12-06;9;270.247;1.0;1.0;0.999;270.0;
25;2025-12-06;10;278.321;1.0;1.0;0.999;278.0;
25;2025-12-06;11;369.512;1.0;1.0;1.001;370.0;
25;2025-12-06;12;389.222;1.0;1.0;0.999;389.0;
25;2025-12-06;13;643.558;1.0;1.0;1.001;644.0;
25;2025-12-06;14;650.208;1.0;1.0;1.0;650.0;
25;2025-12-06;15;762.771;1.0;1.0;1.0;763.0;
25;2025-12-06;16;715.276;1.0;1.0;1.0;715.0;
25;2025-12-06;17;572.078;1.0;1.0;1.0;572.0;
25;2025-12-06;18;502.26;1.0;1.0;1.0;502.0;
25;2025-12-06;19;433.868;1.0;1.0;1.0;434.0;
25;2025-12-06;20;245.55;1.0;1.0;1.002;246.0;
25;2025-12-06;21;188.081;1.0;1.0;1.0;188.0;
25;2025-12-06;22;109.001;1.0;1.0;1.0;109.0;
25;2025-12-06;23;41.321;1.0;1.0;0.992;41.0;
25;2025-12-07;0;14.799;1.0;1.0;1.014;15.0;
25;2025-12-07;1;0.462;1.0;1.0;0.0;0.0;
25;2025-12-07;2;0.0;1.0;1.0;1.0;0.0;
25;2025-12-07;3;0.0;1.0;1.0;1.0;0.0;
25;2025-12-07;4;0.0;1.0;1.0;1.0;0.0;
25;2025-12-07;5;9.712;1.0;1.0;1.03;10.0;
25;2025-12-07;6;102.897;1.0;1.0;1.001;103.0;
25;2025-12-07;7;96.423;1.0;1.0;0.996;96.0;
25;2025-12-07;8;182.209;1.0;1.0;0.999;182.0;
25;2025-12-07;9;205.331;1.0;1.0;0.998;205.0;
25;2025-12-07;10;208.8;1.0;1.0;1.001;209.0;
25;2025-12-07;11;298.979;1.0;1.0;1.0;299.0;
25;2025-12-07;12;358.405;1.0;1.0;0.999;358.0;
25;2025-12-07;13;472.17;1.0;1.0;1.0;472.0;
25;2025-12-07;14;557.262;1.0;1.0;1.0;557.0;
25;2025-12-07;15;637.499;1.0;1.0;0.999;637.0;
25;2025-12-07;16;542.463;1.0;1.0;0.999;542.0;
25;2025-12-07;17;540.151;1.0;1.0;1.0;540.0;
25;2025-12-07;18;413.9;1.0;1.0;1.0;414.0;
25;2025-12-07;19;277.244;1.0;1.0;0.999;277.0;
25;2025-12-07;20;219.899;1.0;1.0;1.0;220.0;
25;2025-12-07;21;137.119;1.0;1.0;0.999;137.0;
25;2025-12-07;22;86.942;1.0;1.0;1.001;87.0;
25;2025-12-07;23;32.835;1.0;1.0;1.005;33.0;
25;2025-12-08;0;3.409;1.0;1.0;0.88;3.0;
25;2025-12-08;1;0.0;1.0;1.0;1.0;0.0;
25;2025-12-08;2;0.0;1.0;1.0;1.0;0.0;
25;2025-12-08;3;0.0;1.0;1.0;1.0;0.0;
25;2025-12-08;4;0.0;1.0;1.0;1.0;0.0;
25;2025-12-08;5;20.332;1.0;1.0;0.984;20.0;
25;2025-12-08;6;261.271;1.0;1.0;0.999;261.0;
25;2025-12-08;7;522.056;1.0;1.0;1.0;522.0;
25;2025-12-08;8;900.936;1.0;1.0;1.0;901.0;
25;2025-12-08;9;470.861;1.0;1.0;1.0;471.0;
25;2025-12-08;10;373.949;1.0;1.0;1.0;374.0;
25;2025-12-08;11;433.545;1.0;1.0;1.001;434.0;
25;2025-12-08;12;424.718;1.0;1.0;1.001;425.0;
25;2025-12-08;13;538.005;1.0;1.0;1.0;538.0;
25;2025-12-08;14;454.851;1.0;1.0;1.0;455.0;
25;2025-12-08;15;554.198;1.0;1.0;1.0;554.0;
25;2025-12-08;16;670.71;1.0;1.0;1.0;671.0;
25;2025-12-08;17;774.257;1.0;1.0;1.0;774.0;
25;2025-12-08;18;773.04;1.0;1.0;1.0;773.0;
25;2025-12-08;19;602.775;1.0;1.0;1.0;603.0;
25;2025-12-08;20;311.553;1.0;1.0;1.001;312.0;
25;2025-12-08;21;222.251;1.0;1.0;0.999;222.0;
25;2025-12-08;22;87.05;1.0;1.0;0.999;87.0;
25;2025-12-08;23;7.731;1.0;1.0;1.035;8.0;
25;2025-12-09;0;3.409;1.0;1.0;0.88;3.0;
25;2025-12-09;1;0.0;1.0;1.0;1.0;0.0;
25;2025-12-09;2;0.0;1.0;1.0;1.0;0.0;
25;2025-12-09;3;0.0;1.0;1.0;1.0;0.0;
25;2025-12-09;4;0.0;1.0;1.0;1.0;0.0;
25;2025-12-09;5;20.332;1.0;1.0;0.984;20.0;
25;2025-12-09;6;261.271;1.0;1.0;0.999;261.0;
25;2025-12-09;7;522.056;1.0;1.0;1.0;522.0;
25;2025-12-09;8;900.936;1.0;1.0;1.0;901.0;
25;2025-12-09;9;470.861;1.0;1.0;1.0;471.0;
25;2025-12-09;10;373.949;1.0;1.0;1.0;374.0;
25;2025-12-09;11;433.545;1.0;1.0;1.001;434.0;
25;2025-12-09;12;424.718;1.0;1.0;1.001;425.0;
25;2025-12-09;13;538.005;1.0;1.0;1.0;538.0;
25;2025-12-09;14;454.851;1.0;1.0;1.0;455.0;
25;2025-12-09;15;554.198;1.0;1.0;1.0;554.0;
25;2025-12-09;16;670.71;1.0;1.0;1.0;671.0;
25;2025-12-09;17;774.257;1.0;1.0;1.0;774.0;
25;2025-12-09;18;773.04;1.0;1.0;1.0;773.0;
25;2025-12-09;19;602.775;1.0;1.0;1.0;603.0;
25;2025-12-09;20;311.553;1.0;1.0;1.001;312.0;
25;2025-12-09;21;222.251;1.0;1.0;0.999;222.0;
25;2025-12-09;22;87.05;1.0;1.0;0.999;87.0;
25;2025-12-09;23;7.731;1.0;1.0;1.035;8.0;
25;2025-12-10;0;3.409;1.0;1.0;0.88;3.0;
25;2025-12-10;1;0.0;1.0;1.0;1.0;0.0;
25;2025-12-10;2;0.0;1.0;1.0;1.0;0.0;
25;2025-12-10;3;0.0;1.0;1.0;1.0;0.0;
25;2025-12-10;4;0.0;1.0;1.0;1.0;0.0;
25;2025-12-10;5;20.332;1.0;1.0;0.984;20.0;
25;2025-12-10;6;261.271;1.0;1.0;0.999;261.0;
25;2025-12-10;7;522.056;1.0;1.0;1.0;522.0;
25;2025-12-10;8;900.936;1.0;1.0;1.0;901.0;
25;2025-12-10;9;470.861;1.0;1.0;1.0;471.0;
25;2025-12-10;10;373.949;1.0;1.0;1.0;374.0;
25;2025-12-10;11;433.545;1.0;1.0;1.001;434.0;
25;2025-12-10;12;424.718;1.0;1.0;1.001;425.0;
25;2025-12-10;13;538.005;1.0;1.0;1.0;538.0;
25;2025-12-10;14;454.851;1.0;1.0;1.0;455.0;
25;2025-12-10;15;554.198;1.0;1.0;1.0;554.0;
25;2025-12-10;16;670.71;1.0;1.0;1.0;671.0;
25;2025-12-10;17;774.257;1.0;1.0;1.0;774.0;
25;2025-12-10;18;773.04;1.0;1.0;1.0;773.0;
25;2025-12-10;19;602.775;1.0;1.0;1.0;603.0;
25;2025-12-10;20;311.553;1.0;1.0;1.001;312.0;
25;2025-12-10;21;222.251;1.0;1.0;0.999;222.0;
25;2025-12-10;22;87.05;1.0;1.0;0.999;87.0;
25;2025-12-10;23;7.731;1.0;1.0;1.035;8.0;
25;2025-12-11;0;3.409;1.0;1.0;0.88;3.0;
25;2025-12-11;1;0.0;1.0;1.0;1.0;0.0;
25;2025-12-11;2;0.0;1.0;1.0;1.0;0.0;
25;2025-12-11;3;0.0;1.0;1.0;1.0;0.0;
25;2025-12-11;4;0.0;1.0;1.0;1.0;0.0;
25;2025-12-11;5;20.332;1.0;1.0;0.984;20.0;
25;2025-12-11;6;261.271;1.0;1.0;0.999;261.0;
25;2025-12-11;7;522.056;1.0;1.0;1.0;522.0;
25;2025-12-11;8;900.936;1.0;1.0;1.0;901.0;
25;2025-12-11;9;470.861;1.0;1.0;1.0;471.0;
25;2025-12-11;10;373.949;1.0;1.0;1.0;374.0;
25;2025-12-11;11;433.545;1.0;1.0;1.001;434.0;
25;2025-12-11;12;424.718;1.0;1.0;1.001;425.0;
25;2025-12-11;13;538.005;1.0;1.0;1.0;538.0;
25;2025-12-11;14;454.851;1.0;1.0;1.0;455.0;
25;2025-12-11;15;554.198;1.0;1.0;1.0;554.0;
25;2025-12-11;16;670.71;1.0;1.0;1.0;671.0;
25;2025-12-11;17;774.257;1.0;1.0;1.0;774.0;
25;2025-12-11;18;773.04;1.0;1.0;1.0;773.0;
25;2025-12-11;19;602.775;1.0;1.0;1.0;603.0;
25;2025-12-11;20;311.553;1.0;1.0;1.001;312.0;
25;2025-12-11;21;222.251;1.0;1.0;0.999;222.0;
25;2025-12-11;22;87.05;1.0;1.0;0.999;87.0;
25;2025-12-11;23;7.731;1.0;1.0;1.035;8.0;
25;2025-12-12;0;0.0;1.0;1.0;1.0;0.0;
25;2025-12-12;1;0.0;1.0;1.0;1.0;0.0;
25;2025-12-12;2;0.0;1.0;1.0;1.0;0.0;
25;2025-12-12;3;0.0;1.0;1.0;1.0;0.0;
25;2025-12-12;4;0.0;1.0;1.0;1.0;0.0;
25;2025-12-12;5;17.246;1.0;1.0;0.986;17.0;
25;2025-12-12;6;292.131;1.0;1.0;1.0;292.0;
25;2025-12-12;7;599.417;1.0;1.0;0.999;599.0;
25;2025-12-12;8;920.551;1.0;1.0;1.0;921.0;
25;2025-12-12;9;467.723;1.0;1.0;1.001;468.0;
25;2025-12-12;10;428.267;1.0;1.0;0.999;428.0;
25;2025-12-12;11;473.21;1.0;1.0;1.0;473.0;
25;2025-12-12;12;451.522;1.0;1.0;1.001;452.0;
25;2025-12-12;13;597.326;1.0;1.0;1.0;597.0;
25;2025-12-12;14;495.943;1.0;1.0;1.0;496.0;
25;2025-12-12;15;687.474;1.0;1.0;0.999;687.0;
25;2025-12-12;16;875.608;1.0;1.0;1.0;876.0;
25;2025-12-12;17;841.639;1.0;1.0;1.0;842.0;
25;2025-12-12;18;741.301;1.0;1.0;1.0;741.0;
25;2025-12-12;19;682.509;1.0;1.0;1.001;683.0;
25;2025-12-12;20;364.249;1.0;1.0;0.999;364.0;
25;2025-12-12;21;236.213;1.0;1.0;0.999;236.0;
25;2025-12-12;22;115.755;1.0;1.0;1.002;116.0;
25;2025-12-12;23;15.417;1.0;1.0;0.973;15.0;
25;2025-12-13;0;5.699;1.0;1.0;1.053;6.0;
25;2025-12-13;1;0.0;1.0;1.0;1.0;0.0;
25;2025-12-13;2;0.0;1.0;1.0;1.0;0.0;
25;2025-12-13;3;0.0;1.0;1.0;1.0;0.0;
25;2025-12-13;4;0.0;1.0;1.0;1.0;0.0;
25;2025-12-13;5;20.185;1.0;1.0;0.991;20.0;
25;2025-12-13;6;132.511;1.0;1.0;1.004;133.0;
25;2025-12-13;7;129.662;1.0;1.0;1.003;130.0;
25;2025-12-13;8;300.169;1.0;1.0;0.999;300.0;
25;2025-12-13;9;270.247;1.0;1.0;0.999;270.0;
25;2025-12-13;10;278.321;1.0;1.0;0.999;278.0;
25;2025-12-13;11;369.512;1.0;1.0;1.001;370.0;
25;2025-12-13;12;389.222;1.0;1.0;0.999;389.0;
25;2025-12-13;13;643.558;1.0;1.0;1.001;644.0;
25;2025-12-13;14;650.208;1.0;1.0;1.0;650.0;
25;2025-12-13;15;762.771;1.0;1.0;1.0;763.0;
25;2025-12-13;16;715.276;1.0;1.0;1.0;715.0;
25;2025-12-13;17;572.078;1.0;1.0;1.0;572.0;
25;2025-12-13;18;502.26;1.0;1.0;1.0;502.0;
25;2025-12-13;19;433.868;1.0;1.0;1.0;434.0;
25;2025-12-13;20;245.55;1.0;1.0;1.002;246.0;
25;2025-12-13;21;188.081;1.0;1.0;1.0;188.0;
25;2025-12-13;22;109.001;1.0;1.0;1.0;109.0;
25;2025-12-13;23;41.321;1.0;1.0;0.992;41.0;
25;2025-12-14;0;14.799;1.0;1.0;1.014;15.0;
25;2025-12-14;1;0.462;1.0;1.0;0.0;0.0;
25;2025-12-14;2;0.0;1.0;1.0;1.0;0.0;
25;2025-12-14;3;0.0;1.0;1.0;1.0;0.0;
25;2025-12-14;4;0.0;1.0;1.0;1.0;0.0;
25;2025-12-14;5;9.712;1.0;1.0;1.03;10.0;
25;2025-12-14;6;102.897;1.0;1.0;1.001;103.0;
25;2025-12-14;7;96.423;1.0;1.0;0.996;96.0;
25;2025-12-14;8;182.209;1.0;1.0;0.999;182.0;
25;2025-12-14;9;205.331;1.0;1.0;0.998;205.0;
25;2025-12-14;10;208.8;1.0;1.0;1.001;209.0;
25;2025-12-14;11;298.979;1.0;1.0;1.0;299.0;
25;2025-12-14;12;358.405;1.0;1.0;0.999;358.0;
25;2025-12-14;13;472.17;1.0;1.0;1.0;472.0;
25;2025-12-14;14;557.262;1.0;1.0;1.0;557.0;
25;2025-12-14;15;637.499;1.0;1.0;0.999;637.0;
25;2025-12-14;16;542.463;1.0;1.0;0.999;542.0;
25;2025-12-14;17;540.151;1.0;1.0;1.0;540.0;
25;2025-12-14;18;413.9;1.0;1.0;1.0;414.0;
25;2025-12-14;19;277.244;1.0;1.0;0.999;277.0;
25;2025-12-14;20;219.899;1.0;1.0;1.0;220.0;
25;2025-12-14;21;137.119;1.0;1.0;0.999;137.0;
25;2025-12-14;22;86.942;1.0;1.0;1.001;87.0;
25;2025-12-14;23;32.835;1.0;1.0;1.005;33.0;
25;2025-12-15;0;3.409;1.0;1.0;0.88;3.0;
25;2025-12-15;1;0.0;1.0;1.0;1.0;0.0;
25;2025-12-15;2;0.0;1.0;1.0;1.0;0.0;
25;2025-12-15;3;0.0;1.0;1.0;1.0;0.0;
25;2025-12-15;4;0.0;1.0;1.0;1.0;0.0;
25;2025-12-15;5;20.332;1.0;1.0;0.984;20.0;
25;2025-12-15;6;261.271;1.0;1.0;0.999;261.0;
25;2025-12-15;7;522.056;1.0;1.0;1.0;522.0;
25;2025-12-15;8;900.936;1.0;1.0;1.0;901.0;
25;2025-12-15;9;470.861;1.0;1.0;1.0;471.0;
25;2025-12-15;10;373.949;1.0;1.0;1.0;374.0;
25;2025-12-15;11;433.545;1.0;1.0;1.001;434.0;
25;2025-12-15;12;424.718;1.0;1.0;1.001;425.0;
25;2025-12-15;13;538.005;1.0;1.0;1.0;538.0;
25;2025-12-15;14;454.851;1.0;1.0;1.0;455.0;
25;2025-12-15;15;554.198;1.0;1.0;1.0;554.0;
25;2025-12-15;16;670.71;1.0;1.0;1.0;671.0;
25;2025-12-15;17;774.257;1.0;1.0;1.0;774.0;
25;2025-12-15;18;773.04;1.0;1.0;1.0;773.0;
25;2025-12-15;19;602.775;1.0;1.0;1.0;603.0;
25;2025-12-15;20;311.553;1.0;1.0;1.001;312.0;
25;2025-12-15;21;222.251;1.0;1.0;0.999;222.0;
25;2025-12-15;22;87.05;1.0;1.0;0.999;87.0;
25;2025-12-15;23;7.731;1.0;1.0;1.035;8.0;
25;2025-12-16;0;3.409;1.0;1.0;0.88;3.0;
25;2025-12-16;1;0.0;1.0;1.0;1.0;0.0;
25;2025-12-16;2;0.0;1.0;1.0;1.0;0.0;
25;2025-12-16;3;0.0;1.0;1.0;1.0;0.0;
25;2025-12-16;4;0.0;1.0;1.0;1.0;0.0;
25;2025-12-16;5;20.332;1.0;1.0;0.984;20.0;
25;2025-12-16;6;261.271;1.0;1.0;0.999;261.0;
25;2025-12-16;7;522.056;1.0;1.0;1.0;522.0;
25;2025-12-16;8;900.936;1.0;1.0;1.0;901.0;
25;2025-12-16;9;470.861;1.0;1.0;1.0;471.0;
25;2025-12-16;10;373.949;1.0;1.0;1.0;374.0;
25;2025-12-16;11;433.545;1.0;1.0;1.001;434.0;
25;2025-12-16;12;424.718;1.0;1.0;1.001;425.0;
25;2025-12-16;13;538.005;1.0;1.0;1.0;538.0;
25;2025-12-16;14;454.851;1.0;1.0;1.0;455.0;
25;2025-12-16;15;554.198;1.0;1.0;1.0;554.0;
25;2025-12-16;16;670.71;1.0;1.0;1.0;671.0;
25;2025-12-16;17;774.257;1.0;1.0;1.0;774.0;
25;2025-12-16;18;773.04;1.0;1.0;1.0;773.0;
25;2025-12-16;19;602.775;1.0;1.0;1.0;603.0;
25;2025-12-16;20;311.553;1.0;1.0;1.001;312.0;
25;2025-12-16;21;222.251;1.0;1.0;0.999;222.0;
25;2025-12-16;22;87.05;1.0;1.0;0.999;87.0;
25;2025-12-16;23;7.731;1.0;1.0;1.035;8.0;
25;2025-12-17;0;3.409;1.0;1.0;0.88;3.0;
25;2025-12-17;1;0.0;1.0;1.0;1.0;0.0;
25;2025-12-17;2;0.0;1.0;1.0;1.0;0.0;
25;2025-12-17;3;0.0;1.0;1.0;1.0;0.0;
25;2025-12-17;4;0.0;1.0;1.0;1.0;0.0;
25;2025-12-17;5;20.332;1.0;1.0;0.984;20.0;
25;2025-12-17;6;261.271;1.0;1.0;0.999;261.0;
25;2025-12-17;7;522.056;1.0;1.0;1.0;522.0;
25;2025-12-17;8;900.936;1.0;1.0;1.0;901.0;
25;2025-12-17;9;470.861;1.0;1.0;1.0;471.0;
25;2025-12-17;10;373.949;1.0;1.0;1.0;374.0;
25;2025-12-17;11;433.545;1.0;1.0;1.001;434.0;
25;2025-12-17;12;424.718;1.0;1.0;1.001;425.0;
25;2025-12-17;13;538.005;1.0;1.0;1.0;538.0;
25;2025-12-17;14;454.851;1.0;1.0;1.0;455.0;
25;2025-12-17;15;554.198;1.0;1.0;1.0;554.0;
25;2025-12-17;16;670.71;1.0;1.0;1.0;671.0;
25;2025-12-17;17;774.257;1.0;1.0;1.0;774.0;
25;2025-12-17;18;773.04;1.0;1.0;1.0;773.0;
25;2025-12-17;19;602.775;1.0;1.0;1.0;603.0;
25;2025-12-17;20;311.553;1.0;1.0;1.001;312.0;
25;2025-12-17;21;222.251;1.0;1.0;0.999;222.0;
25;2025-12-17;22;87.05;1.0;1.0;0.999;87.0;
25;2025-12-17;23;7.731;1.0;1.0;1.035;8.0;
25;2025-12-18;0;3.409;1.0;1.0;0.88;3.0;
25;2025-12-18;1;0.0;1.0;1.0;1.0;0.0;
25;2025-12-18;2;0.0;1.0;1.0;1.0;0.0;
25;2025-12-18;3;0.0;1.0;1.0;1.0;0.0;
25;2025-12-18;4;0.0;1.0;1.0;1.0;0.0;
25;2025-12-18;5;20.332;1.0;1.0;0.984;20.0;
25;2025-12-18;6;261.271;1.0;1.0;0.999;261.0;
25;2025-12-18;7;522.056;1.0;1.0;1.0;522.0;
25;2025-12-18;8;900.936;1.0;1.0;1.0;901.0;
25;2025-12-18;9;470.861;1.0;1.0;1.0;471.0;
25;2025-12-18;10;373.949;1.0;1.0;1.0;374.0;
25;2025-12-18;11;433.545;1.0;1.0;1.001;434.0;
25;2025-12-18;12;424.718;1.0;1.0;1.001;425.0;
25;2025-12-18;13;538.005;1.0;1.0;1.0;538.0;
25;2025-12-18;14;454.851;1.0;1.0;1.0;455.0;
25;2025-12-18;15;554.198;1.0;1.0;1.0;554.0;
25;2025-12-18;16;670.71;1.0;1.0;1.0;671.0;
25;2025-12-18;17;774.257;1.0;1.0;1.0;774.0;
25;2025-12-18;18;773.04;1.0;1.0;1.0;773.0;
25;2025-12-18;19;602.775;1.0;1.0;1.0;603.0;
25;2025-12-18;20;311.553;1.0;1.0;1.001;312.0;
25;2025-12-18;21;222.251;1.0;1.0;0.999;222.0;
25;2025-12-18;22;87.05;1.0;1.0;0.999;87.0;
25;2025-12-18;23;7.731;1.0;1.0;1.035;8.0;
25;2025-12-19;0;0.0;1.0;1.0;1.0;0.0;
25;2025-12-19;1;0.0;1.0;1.0;1.0;0.0;
25;2025-12-19;2;0.0;1.0;1.0;1.0;0.0;
25;2025-12-19;3;0.0;1.0;1.0;1.0;0.0;
25;2025-12-19;4;0.0;1.0;1.0;1.0;0.0;
25;2025-12-19;5;17.246;1.0;1.0;0.986;17.0;
25;2025-12-19;6;292.131;1.0;1.0;1.0;292.0;
25;2025-12-19;7;599.417;1.0;1.0;0.999;599.0;
25;2025-12-19;8;920.551;1.0;1.0;1.0;921.0;
25;2025-12-19;9;467.723;1.0;1.0;1.001;468.0;
25;2025-12-19;10;428.267;1.0;1.0;0.999;428.0;
25;2025-12-19;11;473.21;1.0;1.0;1.0;473.0;
25;2025-12-19;12;451.522;1.0;1.0;1.001;452.0;
25;2025-12-19;13;597.326;1.0;1.0;1.0;597.0;
25;2025-12-19;14;495.943;1.0;1.0;1.0;496.0;
25;2025-12-19;15;687.474;1.0;1.0;0.999;687.0;
25;2025-12-19;16;875.608;1.0;1.0;1.0;876.0;
25;2025-12-19;17;841.639;1.0;1.0;1.0;842.0;
25;2025-12-19;18;741.301;1.0;1.0;1.0;741.0;
25;2025-12-19;19;682.509;1.0;1.0;1.001;683.0;
25;2025-12-19;20;364.249;1.0;1.0;0.999;364.0;
25;2025-12-19;21;236.213;1.0;1.0;0.999;236.0;
25;2025-12-19;22;115.755;1.0;1.0;1.002;116.0;
25;2025-12-19;23;15.417;1.0;1.0;0.973;15.0;
25;2025-12-20;0;5.699;1.0;1.0;1.053;6.0;
25;2025-12-20;1;0.0;1.0;1.0;1.0;0.0;
25;2025-12-20;2;0.0;1.0;1.0;1.0;0.0;
25;2025-12-20;3;0.0;1.0;1.0;1.0;0.0;
25;2025-12-20;4;0.0;1.0;1.0;1.0;0.0;
25;2025-12-20;5;20.185;1.0;1.0;0.991;20.0;
25;2025-12-20;6;132.511;1.0;1.0;1.004;133.0;
25;2025-12-20;7;129.662;1.0;1.0;1.003;130.0;
25;2025-12-20;8;300.169;1.0;1.0;0.999;300.0;
25;2025-12-20;9;270.247;1.0;1.0;0.999;270.0;
25;2025-12-20;10;278.321;1.0;1.0;0.999;278.0;
25;2025-12-20;11;369.512;1.0;1.0;1.001;370.0;
25;2025-12-20;12;389.222;1.0;1.0;0.999;389.0;
25;2025-12-20;13;643.558;1.0;1.0;1.001;644.0;
25;2025-12-20;14;650.208;1.0;1.0;1.0;650.0;
25;2025-12-20;15;762.771;1.0;1.0;1.0;763.0;
25;2025-12-20;16;715.276;1.0;1.0;1.0;715.0;
25;2025-12-20;17;572.078;1.0;1.0;1.0;572.0;
25;2025-12-20;18;502.26;1.0;1.0;1.0;502.0;
25;2025-12-20;19;433.868;1.0;1.0;1.0;434.0;
25;2025-12-20;20;245.55;1.0;1.0;1.002;246.0;
25;2025-12-20;21;188.081;1.0;1.0;1.0;188.0;
25;2025-12-20;22;109.001;1.0;1.0;1.0;109.0;
25;2025-12-20;23;41.321;1.0;1.0;0.992;41.0;
25;2025-12-21;0;14.799;1.0;1.0;1.014;15.0;
25;2025-12-21;1;0.462;1.0;1.0;0.0;0.0;
25;2025-12-21;2;0.0;1.0;1.0;1.0;0.0;
25;2025-12-21;3;0.0;1.0;1.0;1.0;0.0;
25;2025-12-21;4;0.0;1.0;1.0;1.0;0.0;
25;2025-12-21;5;9.712;1.0;1.0;1.03;10.0;
25;2025-12-21;6;102.897;1.0;1.0;1.001;103.0;
25;2025-12-21;7;96.423;1.0;1.0;0.996;96.0;
25;2025-12-21;8;182.209;1.0;1.0;0.999;182.0;
25;2025-12-21;9;205.331;1.0;1.0;0.998;205.0;
25;2025-12-21;10;208.8;1.0;1.0;1.001;209.0;
25;2025-12-21;11;298.979;1.0;1.0;1.0;299.0;
25;2025-12-21;12;358.405;1.0;1.0;0.999;358.0;
25;2025-12-21;13;472.17;1.0;1.0;1.0;472.0;
25;2025-12-21;14;557.262;1.0;1.0;1.0;557.0;
25;2025-12-21;15;637.499;1.0;1.0;0.999;637.0;
25;2025-12-21;16;542.463;1.0;1.0;0.999;542.0;
25;2025-12-21;17;540.151;1.0;1.0;1.0;540.0;
25;2025-12-21;18;413.9;1.0;1.0;1.0;414.0;
25;2025-12-21;19;277.244;1.0;1.0;0.999;277.0;
25;2025-12-21;20;219.899;1.0;1.0;1.0;220.0;
25;2025-12-21;21;137.119;1.0;1.0;0.999;137.0;
25;2025-12-21;22;86.942;1.0;1.0;1.001;87.0;
25;2025-12-21;23;32.835;1.0;1.0;1.005;33.0;
25;2025-12-22;0;3.409;1.0;1.0;0.88;3.0;
25;2025-12-22;1;0.0;1.0;1.0;1.0;0.0;
25;2025-12-22;2;0.0;1.0;1.0;1.0;0.0;
25;2025-12-22;3;0.0;1.0;1.0;1.0;0.0;
25;2025-12-22;4;0.0;1.0;1.0;1.0;0.0;
25;2025-12-22;5;20.332;1.0;1.0;0.984;20.0;
25;2025-12-22;6;261.271;1.0;1.0;0.999;261.0;
25;2025-12-22;7;522.056;1.0;1.0;1.0;522.0;
25;2025-12-22;8;900.936;1.0;1.0;1.0;901.0;
25;2025-12-22;9;470.861;1.0;1.0;1.0;471.0;
25;2025-12-22;10;373.949;1.0;1.0;1.0;374.0;
25;2025-12-22;11;433.545;1.0;1.0;1.001;434.0;
25;2025-12-22;12;424.718;1.0;1.0;1.001;425.0;
25;2025-12-22;13;538.005;1.0;1.0;1.0;538.0;
25;2025-12-22;14;454.851;1.0;1.0;1.0;455.0;
25;2025-12-22;15;554.198;1.0;1.0;1.0;554.0;
25;2025-12-22;16;670.71;1.0;1.0;1.0;671.0;
25;2025-12-22;17;774.257;1.0;1.0;1.0;774.0;
25;2025-12-22;18;773.04;1.0;1.0;1.0;773.0;
25;2025-12-22;19;602.775;1.0;1.0;1.0;603.0;
25;2025-12-22;20;311.553;1.0;1.0;1.001;312.0;
25;2025-12-22;21;222.251;1.0;1.0;0.999;222.0;
25;2025-12-22;22;87.05;1.0;1.0;0.999;87.0;
25;2025-12-22;23;7.731;1.0;1.0;1.035;8.0;
25;2025-12-23;0;3.409;1.0;1.0;0.88;3.0;
25;2025-12-23;1;0.0;1.0;1.0;1.0;0.0;
25;2025-12-23;2;0.0;1.0;1.0;1.0;0.0;
25;2025-12-23;3;0.0;1.0;1.0;1.0;0.0;
25;2025-12-23;4;0.0;1.0;1.0;1.0;0.0;
25;2025-12-23;5;20.332;1.0;1.0;0.984;20.0;
25;2025-12-23;6;261.271;1.0;1.0;0.999;261.0;
25;2025-12-23;7;522.056;1.0;1.0;1.0;522.0;
25;2025-12-23;8;900.936;1.0;1.0;1.0;901.0;
25;2025-12-23;9;470.861;1.0;1.0;1.0;471.0;
25;2025-12-23;10;373.949;1.0;1.0;1.0;374.0;
25;2025-12-23;11;433.545;1.0;1.0;1.001;434.0;
25;2025-12-23;12;424.718;1.0;1.0;1.001;425.0;
25;2025-12-23;13;538.005;1.0;1.0;1.0;538.0;
25;2025-12-23;14;454.851;1.0;1.0;1.0;455.0;
25;2025-12-23;15;554.198;1.0;1.0;1.0;554.0;
25;2025-12-23;16;670.71;1.0;1.0;1.0;671.0;
25;2025-12-23;17;774.257;1.0;1.0;1.0;774.0;
25;2025-12-23;18;773.04;1.0;1.0;1.0;773.0;
25;2025-12-23;19;602.775;1.0;1.0;1.0;603.0;
25;2025-12-23;20;311.553;1.0;1.0;1.001;312.0;
25;2025-12-23;21;222.251;1.0;1.0;0.999;222.0;
25;2025-12-23;22;87.05;1.0;1.0;0.999;87.0;
25;2025-12-23;23;7.731;1.0;1.0;1.035;8.0;
25;2025-12-24;0;3.409;1.0;1.0;0.88;3.0;
25;2025-12-24;1;0.0;1.0;1.0;1.0;0.0;
25;2025-12-24;2;0.0;1.0;1.0;1.0;0.0;
25;2025-12-24;3;0.0;1.0;1.0;1.0;0.0;
25;2025-12-24;4;0.0;1.0;1.0;1.0;0.0;
25;2025-12-24;5;20.332;1.0;1.0;0.984;20.0;
25;2025-12-24;6;261.271;1.0;1.0;0.999;261.0;
25;2025-12-24;7;522.056;1.0;1.0;1.0;522.0;
25;2025-12-24;8;900.936;1.0;1.0;1.0;901.0;
25;2025-12-24;9;470.861;1.0;1.0;1.0;471.0;
25;2025-12-24;10;373.949;1.0;1.0;1.0;374.0;
25;2025-12-24;11;433.545;1.0;1.0;1.001;434.0;
25;2025-12-24;12;424.718;1.0;1.0;1.001;425.0;
25;2025-12-24;13;538.005;1.0;1.0;1.0;538.0;
25;2025-12-24;14;454.851;1.0;1.0;1.0;455.0;
25;2025-12-24;15;554.198;1.0;1.0;1.0;554.0;
25;2025-12-24;16;670.71;1.0;1.0;1.0;671.0;
25;2025-12-24;17;774.257;1.0;1.0;1.0;774.0;
25;2025-12-24;18;773.04;1.0;1.0;1.0;773.0;
25;2025-12-24;19;602.775;1.0;1.0;1.0;603.0;
25;2025-12-24;20;311.553;1.0;1.0;1.001;312.0;
25;2025-12-24;21;222.251;1.0;1.0;0.999;222.0;
25;2025-12-24;22;87.05;1.0;1.0;0.999;87.0;
25;2025-12-24;23;7.731;1.0;1.0;1.035;8.0;
25;2025-12-25;0;3.409;1.0;1.0;0.88;3.0;
25;2025-12-25;1;0.0;1.0;1.0;1.0;0.0;
25;2025-12-25;2;0.0;1.0;1.0;1.0;0.0;
25;2025-12-25;3;0.0;1.0;1.0;1.0;0.0;
25;2025-12-25;4;0.0;1.0;1.0;1.0;0.0;
25;2025-12-25;5;20.332;1.0;1.0;0.984;20.0;
25;2025-12-25;6;261.271;1.0;1.0;0.999;261.0;
25;2025-12-25;7;522.056;1.0;1.0;1.0;522.0;
25;2025-12-25;8;900.936;1.0;1.0;1.0;901.0;
25;2025-12-25;9;470.861;1.0;1.0;1.0;471.0;
25;2025-12-25;10;373.949;1.0;1.0;1.0;374.0;
25;2025-12-25;11;433.545;1.0;1.0;1.001;434.0;
25;2025-12-25;12;424.718;1.0;1.0;1.001;425.0;
25;2025-12-25;13;538.005;1.0;1.0;1.0;538.0;
25;2025-12-25;14;454.851;1.0;1.0;1.0;455.0;
25;2025-12-25;15;554.198;1.0;1.0;1.0;554.0;
25;2025-12-25;16;670.71;1.0;1.0;1.0;671.0;
25;2025-12-25;17;774.257;1.0;1.0;1.0;774.0;
25;2025-12-25;18;773.04;1.0;1.0;1.0;773.0;
25;2025-12-25;19;602.775;1.0;1.0;1.0;603.0;
25;2025-12-25;20;311.553;1.0;1.0;1.001;312.0;
25;2025-12-25;21;222.251;1.0;1.0;0.999;222.0;
25;2025-12-25;22;87.05;1.0;1.0;0.999;87.0;
25;2025-12-25;23;7.731;1.0;1.0;1.035;8.0;
25;2025-12-26;0;0.0;1.0;1.0;1.0;0.0;
25;2025-12-26;1;0.0;1.0;1.0;1.0;0.0;
25;2025-12-26;2;0.0;1.0;1.0;1.0;0.0;
25;2025-12-26;3;0.0;1.0;1.0;1.0;0.0;
25;2025-12-26;4;0.0;1.0;1.0;1.0;0.0;
25;2025-12-26;5;17.246;1.0;1.0;0.986;17.0;
25;2025-12-26;6;292.131;1.0;1.0;1.0;292.0;
25;2025-12-26;7;599.417;1.0;1.0;0.999;599.0;
25;2025-12-26;8;920.551;1.0;1.0;1.0;921.0;
25;2025-12-26;9;467.723;1.0;1.0;1.001;468.0;
25;2025-12-26;10;428.267;1.0;1.0;0.999;428.0;
25;2025-12-26;11;473.21;1.0;1.0;1.0;473.0;
25;2025-12-26;12;451.522;1.0;1.0;1.001;452.0;
25;2025-12-26;13;597.326;1.0;1.0;1.0;597.0;
25;2025-12-26;14;495.943;1.0;1.0;1.0;496.0;
25;2025-12-26;15;687.474;1.0;1.0;0.999;687.0;
25;2025-12-26;16;875.608;1.0;1.0;1.0;876.0;
25;2025-12-26;17;841.639;1.0;1.0;1.0;842.0;
25;2025-12-26;18;741.301;1.0;1.0;1.0;741.0;
25;2025-12-26;19;682.509;1.0;1.0;1.001;683.0;
25;2025-12-26;20;364.249;1.0;1.0;0.999;364.0;
25;2025-12-26;21;236.213;1.0;1.0;0.999;236.0;
25;2025-12-26;22;115.755;1.0;1.0;1.002;116.0;
25;2025-12-26;23;15.417;1.0;1.0;0.973;15.0;
25;2025-12-27;0;5.699;1.0;1.0;1.053;6.0;
25;2025-12-27;1;0.0;1.0;1.0;1.0;0.0;
25;2025-12-27;2;0.0;1.0;1.0;1.0;0.0;
25;2025-12-27;3;0.0;1.0;1.0;1.0;0.0;
25;2025-12-27;4;0.0;1.0;1.0;1.0;0.0;
25;2025-12-27;5;20.185;1.0;1.0;0.991;20.0;
25;2025-12-27;6;132.511;1.0;1.0;1.004;133.0;
25;2025-12-27;7;129.662;1.0;1.0;1.003;130.0;
25;2025-12-27;8;300.169;1.0;1.0;0.999;300.0;
25;2025-12-27;9;270.247;1.0;1.0;0.999;270.0;
25;2025-12-27;10;278.321;1.0;1.0;0.999;278.0;
25;2025-12-27;11;369.512;1.0;1.0;1.001;370.0;
25;2025-12-27;12;389.222;1.0;1.0;0.999;389.0;
25;2025-12-27;13;643.558;1.0;1.0;1.001;644.0;
25;2025-12-27;14;650.208;1.0;1.0;1.0;650.0;
25;2025-12-27;15;762.771;1.0;1.0;1.0;763.0;
25;2025-12-27;16;715.276;1.0;1.0;1.0;715.0;
25;2025-12-27;17;572.078;1.0;1.0;1.0;572.0;
25;2025-12-27;18;502.26;1.0;1.0;1.0;502.0;
25;2025-12-27;19;433.868;1.0;1.0;1.0;434.0;
25;2025-12-27;20;245.55;1.0;1.0;1.002;246.0;
25;2025-12-27;21;188.081;1.0;1.0;1.0;188.0;
25;2025-12-27;22;109.001;1.0;1.0;1.0;109.0;
25;2025-12-27;23;41.321;1.0;1.0;0.992;41.0;
25;2025-12-28;0;14.799;1.0;1.0;1.014;15.0;
25;2025-12-28;1;0.462;1.0;1.0;0.0;0.0;
25;2025-12-28;2;0.0;1.0;1.0;1.0;0.0;
25;2025-12-28;3;0.0;1.0;1.0;1.0;0.0;
25;2025-12-28;4;0.0;1.0;1.0;1.0;0.0;
25;2025-12-28;5;9.712;1.0;1.0;1.03;10.0;
25;2025-12-28;6;102.897;1.0;1.0;1.001;103.0;
25;2025-12-28;7;96.423;1.0;1.0;0.996;96.0;
25;2025-12-28;8;182.209;1.0;1.0;0.999;182.0;
25;2025-12-28;9;205.331;1.0;1.0;0.998;205.0;
25;2025-12-28;10;208.8;1.0;1.0;1.001;209.0;
25;2025-12-28;11;298.979;1.0;1.0;1.0;299.0;
25;2025-12-28;12;358.405;1.0;1.0;0.999;358.0;
25;2025-12-28;13;472.17;1.0;1.0;1.0;472.0;
25;2025-12-28;14;557.262;1.0;1.0;1.0;557.0;
25;2025-12-28;15;637.499;1.0;1.0;0.999;637.0;
25;2025-12-28;16;542.463;1.0;1.0;0.999;542.0;
25;2025-12-28;17;540.151;1.0;1.0;1.0;540.0;
25;2025-12-28;18;413.9;1.0;1.0;1.0;414.0;
25;2025-12-28;19;277.244;1.0;1.0;0.999;277.0;
25;2025-12-28;20;219.899;1.0;1.0;1.0;220.0;
25;2025-12-28;21;137.119;1.0;1.0;0.999;137.0;
25;2025-12-28;22;86.942;1.0;1.0;1.001;87.0;
25;2025-12-28;23;32.835;1.0;1.0;1.005;33.0;
25;2025-12-29;0;3.409;0.88;1.0;1.0;3.0;
25;2025-12-29;1;0.0;0.88;1.0;1.0;0.0;
25;2025-12-29;2;0.0;0.88;1.0;1.0;0.0;
25;2025-12-29;3;0.0;0.88;1.0;1.0;0.0;
25;2025-12-29;4;0.0;0.88;1.0;1.0;0.0;
25;2025-12-29;5;20.332;0.88;1.0;1.006;18.0;
25;2025-12-29;6;261.271;0.88;1.0;1.0;230.0;
25;2025-12-29;7;522.056;0.88;1.0;0.999;459.0;
25;2025-12-29;8;900.936;0.88;1.0;1.0;793.0;
25;2025-12-29;9;470.861;0.88;1.0;0.999;414.0;
25;2025-12-29;10;373.949;0.88;1.0;1.0;329.0;
25;2025-12-29;11;433.545;0.88;1.0;1.001;382.0;
25;2025-12-29;12;424.718;0.88;1.0;1.001;374.0;
25;2025-12-29;13;538.005;0.88;1.0;0.999;473.0;
25;2025-12-29;14;454.851;0.88;1.0;0.999;400.0;
25;2025-12-29;15;554.198;0.88;1.0;1.001;488.0;
25;2025-12-29;16;670.71;0.88;1.0;1.0;590.0;
25;2025-12-29;17;774.257;0.88;1.0;1.0;681.0;
25;2025-12-29;18;773.04;0.88;1.0;1.0;680.0;
25;2025-12-29;19;602.775;0.88;1.0;0.999;530.0;
25;2025-12-29;20;311.553;0.88;1.0;0.999;274.0;
25;2025-12-29;21;222.251;0.88;1.0;1.002;196.0;
25;2025-12-29;22;87.05;0.88;1.0;1.005;77.0;
25;2025-12-29;23;7.731;0.88;1.0;1.029;7.0;
25;2025-12-30;0;3.409;0.88;1.0;1.0;3.0;
25;2025-12-30;1;0.0;0.88;1.0;1.0;0.0;
25;2025-12-30;2;0.0;0.88;1.0;1.0;0.0;
25;2025-12-30;3;0.0;0.88;1.0;1.0;0.0;
25;2025-12-30;4;0.0;0.88;1.0;1.0;0.0;
25;2025-12-30;5;20.332;0.88;1.0;1.006;18.0;
25;2025-12-30;6;261.271;0.88;1.0;1.0;230.0;
25;2025-12-30;7;522.056;0.88;1.0;0.999;459.0;
25;2025-12-30;8;900.936;0.88;1.0;1.0;793.0;
25;2025-12-30;9;470.861;0.88;1.0;0.999;414.0;
25;2025-12-30;10;373.949;0.88;1.0;1.0;329.0;
25;2025-12-30;11;433.545;0.88;1.0;1.001;382.0;
25;2025-12-30;12;424.718;0.88;1.0;1.001;374.0;
25;2025-12-30;13;538.005;0.88;1.0;0.999;473.0;
25;2025-12-30;14;454.851;0.88;1.0;0.999;400.0;
25;2025-12-30;15;554.198;0.88;1.0;1.001;488.0;
25;2025-12-30;16;670.71;0.88;1.0;1.0;590.0;
25;2025-12-30;17;774.257;0.88;1.0;1.0;681.0;
25;2025-12-30;18;773.04;0.88;1.0;1.0;680.0;
25;2025-12-30;19;602.775;0.88;1.0;0.999;530.0;
25;2025-12-30;20;311.553;0.88;1.0;0.999;274.0;
25;2025-12-30;21;222.251;0.88;1.0;1.002;196.0;
25;2025-12-30;22;87.05;0.88;1.0;1.005;77.0;
25;2025-12-30;23;7.731;0.88;1.0;1.029;7.0;
25;2025-12-31;0;5.699;0.8;1.0;1.097;5.0;
25;2025-12-31;1;0.0;0.8;1.0;1.0;0.0;
25;2025-12-31;2;0.0;0.8;1.0;1.0;0.0;
25;2025-12-31;3;0.0;0.8;1.0;1.0;0.0;
25;2025-12-31;4;0.0;0.8;1.0;1.0;0.0;
25;2025-12-31;5;20.185;0.8;1.0;0.991;16.0;
25;2025-12-31;6;132.511;0.8;1.0;1.0;106.0;
25;2025-12-31;7;129.662;0.8;1.0;1.003;104.0;
25;2025-12-31;8;300.169;0.8;1.0;0.999;240.0;
25;2025-12-31;9;270.247;0.8;1.0;0.999;216.0;
25;2025-12-31;10;278.321;0.8;1.0;1.002;223.0;
25;2025-12-31;11;369.512;0.8;1.0;1.001;296.0;
25;2025-12-31;12;389.222;0.8;1.0;0.999;311.0;
25;2025-12-31;13;643.558;0.8;1.0;1.0;515.0;
25;2025-12-31;14;650.208;0.8;1.0;1.0;520.0;
25;2025-12-31;15;762.771;0.8;1.0;1.0;610.0;
25;2025-12-31;16;715.276;0.8;1.0;1.0;572.0;
25;2025-12-31;17;572.078;0.8;1.0;1.001;458.0;
25;2025-12-31;18;502.26;0.8;1.0;1.0;402.0;
25;2025-12-31;19;433.868;0.8;1.0;1.0;347.0;
25;2025-12-31;20;245.55;0.8;1.0;0.0;0.0;free fare New Year night
25;2025-12-31;21;188.081;0.8;1.0;0.0;0.0;free fare New Year night
25;2025-12-31;22;109.001;0.8;1.0;0.0;0.0;free fare New Year night
25;2025-12-31;23;41.321;0.8;1.0;0.0;0.0;free fare New Year night
26;2025-11-01;0;29.516;0.8;1.0;1.694;40.0;
26;2025-11-01;1;0.72;0.8;1.0;5.209;3.0;
26;2025-11-01;2;0.0;0.8;1.0;1.0;0.0;
26;2025-11-01;3;0.0;0.8;1.0;1.0;0.0;
26;2025-11-01;4;0.96;0.8;1.0;1.302;1.0;
26;2025-11-01;5;79.669;0.8;1.0;1.004;64.0;
26;2025-11-01;6;464.814;0.8;1.0;1.0;372.0;
26;2025-11-01;7;980.26;0.8;1.0;1.0;784.0;
26;2025-11-01;8;2124.417;0.8;1.0;1.0;1700.0;
26;2025-11-01;9;1329.65;0.8;1.0;1.0;1064.0;
26;2025-11-01;10;1194.79;0.8;1.0;1.0;956.0;
26;2025-11-01;11;1067.128;0.8;1.0;1.0;854.0;
26;2025-11-01;12;1058.729;0.8;1.0;1.0;847.0;
26;2025-11-01;13;1091.604;0.8;1.0;1.0;873.0;
26;2025-11-01;14;1307.333;0.8;1.0;1.0;1046.0;
26;2025-11-01;15;1291.736;0.8;1.0;1.0;1033.0;
26;2025-11-01;16;1578.975;0.8;1.0;1.0;1263.0;
26;2025-11-01;17;1700.877;0.8;1.0;1.0;1361.0;
26;2025-11-01;18;1246.382;0.8;1.0;1.0;997.0;
26;2025-11-01;19;976.901;0.8;1.0;1.001;782.0;
26;2025-11-01;20;621.751;0.8;1.0;0.999;497.0;
26;2025-11-01;21;443.937;0.8;1.0;1.0;355.0;
26;2025-11-01;22;186.453;0.8;1.0;0.999;149.0;
26;2025-11-01;23;145.899;0.8;1.0;1.002;117.0;
26;2025-11-02;0;47.641;1.0;1.0;1.008;48.0;
26;2025-11-02;1;3.646;1.0;1.0;1.097;4.0;
26;2025-11-02;2;0.0;1.0;1.0;1.0;0.0;
26;2025-11-02;3;0.0;1.0;1.0;1.0;0.0;
26;2025-11-02;4;1.458;1.0;1.0;0.686;1.0;
26;2025-11-02;5;19.931;1.0;1.0;1.003;20.0;
26;2025-11-02;6;151.673;1.0;1.0;1.002;152.0;
26;2025-11-02;7;249.628;1.0;1.0;1.002;250.0;
26;2025-11-02;8;369.945;1.0;1.0;1.0;370.0;
26;2025-11-02;9;508.007;1.0;1.0;1.0;508.0;
26;2025-11-02;10;571.447;1.0;1.0;0.999;571.0;
26;2025-11-02;11;798.956;1.0;1.0;1.0;799.0;
26;2025-11-02;12;789.233;1.0;1.0;1.0;789.0;
26;2025-11-02;13;848.541;1.0;1.0;1.0;849.0;
26;2025-11-02;14;829.339;1.0;1.0;1.0;829.0;
26;2025-11-02;15;758.364;1.0;1.0;1.0;758.0;
26;2025-11-02;16;723.849;1.0;1.0;1.0;724.0;
26;2025-11-02;17;747.912;1.0;1.0;1.0;748.0;
26;2025-11-02;18;670.86;1.0;1.0;1.0;671.0;
26;2025-11-02;19;490.992;1.0;1.0;1.0;491.0;
26;2025-11-02;20;385.015;1.0;1.0;1.0;385.0;
26;2025-11-02;21;267.372;1.0;1.0;0.999;267.0;
26;2025-11-02;22;154.103;1.0;1.0;0.999;154.0;
26;2025-11-02;23;102.087;1.0;1.0;0.999;102.0;
26;2025-11-03;0;47.641;1.0;1.0;1.008;48.0;
26;2025-11-03;1;3.646;1.0;1.0;1.097;4.0;
26;2025-11-03;2;0.0;1.0;1.0;1.0;0.0;
26;2025-11-03;3;0.0;1.0;1.0;1.0;0.0;
26;2025-11-03;4;1.458;1.0;1.0;0.686;1.0;
26;2025-11-03;5;19.931;1.0;1.0;1.003;20.0;
26;2025-11-03;6;151.673;1.0;1.0;1.002;152.0;
26;2025-11-03;7;249.628;1.0;1.0;1.002;250.0;
26;2025-11-03;8;369.945;1.0;1.0;1.0;370.0;
26;2025-11-03;9;508.007;1.0;1.0;1.0;508.0;
26;2025-11-03;10;571.447;1.0;1.0;0.999;571.0;
26;2025-11-03;11;798.956;1.0;1.0;1.0;799.0;
26;2025-11-03;12;789.233;1.0;1.0;1.0;789.0;
26;2025-11-03;13;848.541;1.0;1.0;1.0;849.0;
26;2025-11-03;14;829.339;1.0;1.0;1.0;829.0;
26;2025-11-03;15;758.364;1.0;1.0;1.0;758.0;
26;2025-11-03;16;723.849;1.0;1.0;1.0;724.0;
26;2025-11-03;17;747.912;1.0;1.0;1.0;748.0;
26;2025-11-03;18;670.86;1.0;1.0;1.0;671.0;
26;2025-11-03;19;490.992;1.0;1.0;1.0;491.0;
26;2025-11-03;20;385.015;1.0;1.0;1.0;385.0;
26;2025-11-03;21;267.372;1.0;1.0;0.999;267.0;
26;2025-11-03;22;154.103;1.0;1.0;0.999;154.0;
26;2025-11-03;23;102.087;1.0;1.0;0.999;102.0;
26;2025-11-04;0;47.641;1.0;1.0;1.008;48.0;
26;2025-11-04;1;3.646;1.0;1.0;1.097;4.0;
26;2025-11-04;2;0.0;1.0;1.0;1.0;0.0;
26;2025-11-04;3;0.0;1.0;1.0;1.0;0.0;
26;2025-11-04;4;1.458;1.0;1.0;0.686;1.0;
26;2025-11-04;5;19.931;1.0;1.0;1.003;20.0;
26;2025-11-04;6;151.673;1.0;1.0;1.002;152.0;
26;2025-11-04;7;249.628;1.0;1.0;1.002;250.0;
26;2025-11-04;8;369.945;1.0;1.0;1.0;370.0;
26;2025-11-04;9;508.007;1.0;1.0;1.0;508.0;
26;2025-11-04;10;571.447;1.0;1.0;0.999;571.0;
26;2025-11-04;11;798.956;1.0;1.0;1.0;799.0;
26;2025-11-04;12;789.233;1.0;1.0;1.0;789.0;
26;2025-11-04;13;848.541;1.0;1.0;1.0;849.0;
26;2025-11-04;14;829.339;1.0;1.0;1.0;829.0;
26;2025-11-04;15;758.364;1.0;1.0;1.0;758.0;
26;2025-11-04;16;723.849;1.0;1.0;1.0;724.0;
26;2025-11-04;17;747.912;1.0;1.0;1.0;748.0;
26;2025-11-04;18;670.86;1.0;1.0;1.0;671.0;
26;2025-11-04;19;490.992;1.0;1.0;1.0;491.0;
26;2025-11-04;20;385.015;1.0;1.0;1.0;385.0;
26;2025-11-04;21;267.372;1.0;1.0;0.999;267.0;
26;2025-11-04;22;154.103;1.0;1.0;0.999;154.0;
26;2025-11-04;23;102.087;1.0;1.0;0.999;102.0;
26;2025-11-05;0;31.9;1.0;1.0;1.003;32.0;
26;2025-11-05;1;1.172;1.0;1.0;0.853;1.0;
26;2025-11-05;2;0.062;1.0;1.0;0.0;0.0;
26;2025-11-05;3;0.0;1.0;1.0;1.0;0.0;
26;2025-11-05;4;2.283;1.0;1.0;0.876;2.0;
26;2025-11-05;5;95.76;1.0;1.0;1.002;96.0;
26;2025-11-05;6;455.973;1.0;1.0;1.0;456.0;
26;2025-11-05;7;1096.247;1.0;1.0;1.0;1096.0;
26;2025-11-05;8;2254.134;1.0;1.0;1.0;2254.0;
26;2025-11-05;9;1453.93;1.0;1.0;1.0;1454.0;
26;2025-11-05;10;1219.897;1.0;1.0;1.0;1220.0;
26;2025-11-05;11;1093.471;1.0;1.0;1.0;1093.0;
26;2025-11-05;12;1149.125;1.0;1.0;1.0;1149.0;
26;2025-11-05;13;1162.453;1.0;1.0;1.0;1162.0;
26;2025-11-05;14;1314.547;1.0;1.0;1.0;1315.0;
26;2025-11-05;15;1367.486;1.0;1.0;1.0;1367.0;
26;2025-11-05;16;1458.804;1.0;1.0;1.0;1459.0;
26;2025-11-05;17;1706.473;1.0;1.0;1.0;1706.0;
26;2025-11-05;18;1871.771;1.0;1.0;1.0;1872.0;
26;2025-11-05;19;1223.537;1.0;1.0;1.0;1224.0;
26;2025-11-05;20;736.652;1.0;1.0;1.0;737.0;
26;2025-11-05;21;490.649;1.0;1.0;1.001;491.0;
26;2025-11-05;22;199.665;1.0;1.0;1.002;200.0;
26;2025-11-05;23;120.009;1.0;1.0;1.0;120.0;
26;2025-11-06;0;31.9;1.0;1.0;1.003;32.0;
26;2025-11-06;1;1.172;1.0;1.0;0.853;1.0;
26;2025-11-06;2;0.062;1.0;1.0;0.0;0.0;
26;2025-11-06;3;0.0;1.0;1.0;1.0;0.0;
26;2025-11-06;4;2.283;1.0;1.0;0.876;2.0;
26;2025-11-06;5;95.76;1.0;1.0;1.002;96.0;
26;2025-11-06;6;455.973;1.0;1.0;1.0;456.0;
26;2025-11-06;7;1096.247;1.0;1.0;1.0;1096.0;
26;2025-11-06;8;2254.134;1.0;1.0;1.0;2254.0;
26;2025-11-06;9;1453.93;1.0;1.0;1.0;1454.0;
26;2025-11-06;10;1219.897;1.0;1.0;1.0;1220.0;
26;2025-11-06;11;1093.471;1.0;1.0;1.0;1093.0;
26;2025-11-06;12;1149.125;1.0;1.0;1.0;1149.0;
26;2025-11-06;13;1162.453;1.0;1.0;1.0;1162.0;
26;2025-11-06;14;1314.547;1.0;1.0;1.0;1315.0;
26;2025-11-06;15;1367.486;1.0;1.0;1.0;1367.0;
26;2025-11-06;16;1458.804;1.0;1.0;1.0;1459.0;
26;2025-11-06;17;1706.473;1.0;1.0;1.0;1706.0;
26;2025-11-06;18;1871.771;1.0;1.0;1.0;1872.0;
26;2025-11-06;19;1223.537;1.0;1.0;1.0;1224.0;
26;2025-11-06;20;736.652;1.0;1.0;1.0;737.0;
26;2025-11-06;21;490.649;1.0;1.0;1.001;491.0;
26;2025-11-06;22;199.665;1.0;1.0;1.002;200.0;
26;2025-11-06;23;120.009;1.0;1.0;1.0;120.0;
26;2025-11-07;0;29.516;1.0;1.0;1.016;30.0;
26;2025-11-07;1;0.72;1.0;1.0;1.389;1.0;
26;2025-11-07;2;0.0;1.0;1.0;1.0;0.0;
26;2025-11-07;3;0.0;1.0;1.0;1.0;0.0;
26;2025-11-07;4;0.96;1.0;1.0;1.042;1.0;
26;2025-11-07;5;79.669;1.0;1.0;1.004;80.0;
26;2025-11-07;6;464.814;1.0;1.0;1.0;465.0;
26;2025-11-07;7;980.26;1.0;1.0;1.0;980.0;
26;2025-11-07;8;2124.417;1.0;1.0;1.0;2124.0;
26;2025-11-07;9;1329.65;1.0;1.0;1.0;1330.0;
26;2025-11-07;10;1194.79;1.0;1.0;1.0;1195.0;
26;2025-11-07;11;1067.128;1.0;1.0;1.0;1067.0;
26;2025-11-07;12;1058.729;1.0;1.0;1.0;1059.0;
26;2025-11-07;13;1091.604;1.0;1.0;1.0;1092.0;
26;2025-11-07;14;1307.333;1.0;1.0;1.0;1307.0;
26;2025-11-07;15;1291.736;1.0;1.0;1.0;1292.0;
26;2025-11-07;16;1578.975;1.0;1.0;1.0;1579.0;
26;2025-11-07;17;1700.877;1.0;1.0;1.0;1701.0;
26;2025-11-07;18;1246.382;1.0;1.0;1.0;1246.0;
26;2025-11-07;19;976.901;1.0;1.0;1.0;977.0;
26;2025-11-07;20;621.751;1.0;1.0;1.0;622.0;
26;2025-11-07;21;443.937;1.0;1.0;1.0;444.0;
26;2025-11-07;22;186.453;1.0;1.0;0.998;186.0;
26;2025-11-07;23;145.899;1.0;1.0;1.001;146.0;
26;2025-11-08;0;52.311;1.0;1.0;0.994;52.0;
26;2025-11-08;1;2.012;1.0;1.0;0.994;2.0;
26;2025-11-08;2;0.0;1.0;1.0;1.0;0.0;
26;2025-11-08;3;0.0;1.0;1.0;1.0;0.0;
26;2025-11-08;4;1.76;1.0;1.0;1.136;2.0;
26;2025-11-08;5;51.305;1.0;1.0;0.994;51.0;
26;2025-11-08;6;232.886;1.0;1.0;1.0;233.0;
26;2025-11-08;7;372.216;1.0;1.0;0.999;372.0;
26;2025-11-08;8;622.204;1.0;1.0;1.0;622.0;
26;2025-11-08;9;671.749;1.0;1.0;1.0;672.0;
26;2025-11-08;10;831.701;1.0;1.0;1.0;832.0;
26;2025-11-08;11;997.689;1.0;1.0;1.0;998.0;
26;2025-11-08;12;1075.653;1.0;1.0;1.0;1076.0;
26;2025-11-08;13;1050.755;1.0;1.0;1.0;1051.0;
26;2025-11-08;14;1101.306;1.0;1.0;1.0;1101.0;
26;2025-11-08;15;991.402;1.0;1.0;1.0;991.0;
26;2025-11-08;16;1040.192;1.0;1.0;1.0;1040.0;
26;2025-11-08;17;950.911;1.0;1.0;1.0;951.0;
26;2025-11-08;18;878.479;1.0;1.0;1.0;878.0;
26;2025-11-08;19;764.048;1.0;1.0;1.0;764.0;
26;2025-11-08;20;538.455;1.0;1.0;0.999;538.0;
26;2025-11-08;21;350.084;1.0;1.0;1.0;350.0;
26;2025-11-08;22;201.198;1.0;1.0;0.999;201.0;
26;2025-11-08;23;156.683;1.0;1.0;1.002;157.0;
26;2025-11-09;0;47.641;1.0;1.0;1.008;48.0;
26;2025-11-09;1;3.646;1.0;1.0;1.097;4.0;
26;2025-11-09;2;0.0;1.0;1.0;1.0;0.0;
26;2025-11-09;3;0.0;1.0;1.0;1.0;0.0;
26;2025-11-09;4;1.458;1.0;1.0;0.686;1.0;
26;2025-11-09;5;19.931;1.0;1.0;1.003;20.0;
26;2025-11-09;6;151.673;1.0;1.0;1.002;152.0;
26;2025-11-09;7;249.628;1.0;1.0;1.002;250.0;
26;2025-11-09;8;369.945;1.0;1.0;1.0;370.0;
26;2025-11-09;9;508.007;1.0;1.0;1.0;508.0;
26;2025-11-09;10;571.447;1.0;1.0;0.999;571.0;
26;2025-11-09;11;798.956;1.0;1.0;1.0;799.0;
26;2025-11-09;12;789.233;1.0;1.0;1.0;789.0;
26;2025-11-09;13;848.541;1.0;1.0;1.0;849.0;
26;2025-11-09;14;829.339;1.0;1.0;1.0;829.0;
26;2025-11-09;15;758.364;1.0;1.0;1.0;758.0;
26;2025-11-09;16;723.849;1.0;1.0;1.0;724.0;
26;2025-11-09;17;747.912;1.0;1.0;1.0;748.0;
26;2025-11-09;18;670.86;1.0;1.0;1.0;671.0;
26;2025-11-09;19;490.992;1.0;1.0;1.0;491.0;
26;2025-11-09;20;385.015;1.0;1.0;1.0;385.0;
26;2025-11-09;21;267.372;1.0;1.0;0.999;267.0;
26;2025-11-09;22;154.103;1.0;1.0;0.999;154.0;
26;2025-11-09;23;102.087;1.0;1.0;0.999;102.0;
26;2025-11-10;0;31.9;1.0;1.0;1.003;32.0;
26;2025-11-10;1;1.172;1.0;1.0;0.853;1.0;
26;2025-11-10;2;0.062;1.0;1.0;0.0;0.0;
26;2025-11-10;3;0.0;1.0;1.0;1.0;0.0;
26;2025-11-10;4;2.283;1.0;1.0;0.876;2.0;
26;2025-11-10;5;95.76;1.0;1.0;1.002;96.0;
26;2025-11-10;6;455.973;1.0;1.0;1.0;456.0;
26;2025-11-10;7;1096.247;1.0;1.0;1.0;1096.0;
26;2025-11-10;8;2254.134;1.0;1.0;1.0;2254.0;
26;2025-11-10;9;1453.93;1.0;1.0;1.0;1454.0;
26;2025-11-10;10;1219.897;1.0;1.0;1.0;1220.0;
26;2025-11-10;11;1093.471;1.0;1.0;1.0;1093.0;
26;2025-11-10;12;1149.125;1.0;1.0;1.0;1149.0;
26;2025-11-10;13;1162.453;1.0;1.0;1.0;1162.0;
26;2025-11-10;14;1314.547;1.0;1.0;1.0;1315.0;
26;2025-11-10;15;1367.486;1.0;1.0;1.0;1367.0;
26;2025-11-10;16;1458.804;1.0;1.0;1.0;1459.0;
26;2025-11-10;17;1706.473;1.0;1.0;1.0;1706.0;
26;2025-11-10;18;1871.771;1.0;1.0;1.0;1872.0;
26;2025-11-10;19;1223.537;1.0;1.0;1.0;1224.0;
26;2025-11-10;20;736.652;1.0;1.0;1.0;737.0;
26;2025-11-10;21;490.649;1.0;1.0;1.001;491.0;
26;2025-11-10;22;199.665;1.0;1.0;1.002;200.0;
26;2025-11-10;23;120.009;1.0;1.0;1.0;120.0;
26;2025-11-11;0;31.9;1.0;1.0;1.003;32.0;
26;2025-11-11;1;1.172;1.0;1.0;0.853;1.0;
26;2025-11-11;2;0.062;1.0;1.0;0.0;0.0;
26;2025-11-11;3;0.0;1.0;1.0;1.0;0.0;
26;2025-11-11;4;2.283;1.0;1.0;0.876;2.0;
26;2025-11-11;5;95.76;1.0;1.0;1.002;96.0;
26;2025-11-11;6;455.973;1.0;1.0;1.0;456.0;
26;2025-11-11;7;1096.247;1.0;1.0;1.0;1096.0;
26;2025-11-11;8;2254.134;1.0;1.0;1.0;2254.0;
26;2025-11-11;9;1453.93;1.0;1.0;1.0;1454.0;
26;2025-11-11;10;1219.897;1.0;1.0;1.0;1220.0;
26;2025-11-11;11;1093.471;1.0;1.0;1.0;1093.0;
26;2025-11-11;12;1149.125;1.0;1.0;1.0;1149.0;
26;2025-11-11;13;1162.453;1.0;1.0;1.0;1162.0;
26;2025-11-11;14;1314.547;1.0;1.0;1.0;1315.0;
26;2025-11-11;15;1367.486;1.0;1.0;1.0;1367.0;
26;2025-11-11;16;1458.804;1.0;1.0;1.0;1459.0;
26;2025-11-11;17;1706.473;1.0;1.0;1.0;1706.0;
26;2025-11-11;18;1871.771;1.0;1.0;1.0;1872.0;
26;2025-11-11;19;1223.537;1.0;1.0;1.0;1224.0;
26;2025-11-11;20;736.652;1.0;1.0;1.0;737.0;
26;2025-11-11;21;490.649;1.0;1.0;1.001;491.0;
26;2025-11-11;22;199.665;1.0;1.0;1.002;200.0;
26;2025-11-11;23;120.009;1.0;1.0;1.0;120.0;
26;2025-11-12;0;31.9;1.0;1.0;1.003;32.0;
26;2025-11-12;1;1.172;1.0;1.0;0.853;1.0;
26;2025-11-12;2;0.062;1.0;1.0;0.0;0.0;
26;2025-11-12;3;0.0;1.0;1.0;1.0;0.0;
26;2025-11-12;4;2.283;1.0;1.0;0.876;2.0;
26;2025-11-12;5;95.76;1.0;1.0;1.002;96.0;
26;2025-11-12;6;455.973;1.0;1.0;1.0;456.0;
26;2025-11-12;7;1096.247;1.0;1.0;1.0;1096.0;
26;2025-11-12;8;2254.134;1.0;1.0;1.0;2254.0;
26;2025-11-12;9;1453.93;1.0;1.0;1.0;1454.0;
26;2025-11-12;10;1219.897;1.0;1.0;1.0;1220.0;
26;2025-11-12;11;1093.471;1.0;1.0;1.0;1093.0;
26;2025-11-12;12;1149.125;1.0;1.0;1.0;1149.0;
26;2025-11-12;13;1162.453;1.0;1.0;1.0;1162.0;
26;2025-11-12;14;1314.547;1.0;1.0;1.0;1315.0;
26;2025-11-12;15;1367.486;1.0;1.0;1.0;1367.0;
26;2025-11-12;16;1458.804;1.0;1.0;1.0;1459.0;
26;2025-11-12;17;1706.473;1.0;1.0;1.0;1706.0;
26;2025-11-12;18;1871.771;1.0;1.0;1.0;1872.0;
26;2025-11-12;19;1223.537;1.0;1.0;1.0;1224.0;
26;2025-11-12;20;736.652;1.0;1.0;1.0;737.0;
26;2025-11-12;21;490.649;1.0;1.0;1.001;491.0;
26;2025-11-12;22;199.665;1.0;1.0;1.002;200.0;
26;2025-11-12;23;120.009;1.0;1.0;1.0;120.0;
26;2025-11-13;0;31.9;1.0;1.0;1.003;32.0;
26;2025-11-13;1;1.172;1.0;1.0;0.853;1.0;
26;2025-11-13;2;0.062;1.0;1.0;0.0;0.0;
26;2025-11-13;3;0.0;1.0;1.0;1.0;0.0;
26;2025-11-13;4;2.283;1.0;1.0;0.876;2.0;
26;2025-11-13;5;95.76;1.0;1.0;1.002;96.0;
26;2025-11-13;6;455.973;1.0;1.0;1.0;456.0;
26;2025-11-13;7;1096.247;1.0;1.0;1.0;1096.0;
26;2025-11-13;8;2254.134;1.0;1.0;1.0;2254.0;
26;2025-11-13;9;1453.93;1.0;1.0;1.0;1454.0;
26;2025-11-13;10;1219.897;1.0;1.0;1.0;1220.0;
26;2025-11-13;11;1093.471;1.0;1.0;1.0;1093.0;
26;2025-11-13;12;1149.125;1.0;1.0;1.0;1149.0;
26;2025-11-13;13;1162.453;1.0;1.0;1.0;1162.0;
26;2025-11-13;14;1314.547;1.0;1.0;1.0;1315.0;
26;2025-11-13;15;1367.486;1.0;1.0;1.0;1367.0;
26;2025-11-13;16;1458.804;1.0;1.0;1.0;1459.0;
26;2025-11-13;17;1706.473;1.0;1.0;1.0;1706.0;
26;2025-11-13;18;1871.771;1.0;1.0;1.0;1872.0;
26;2025-11-13;19;1223.537;1.0;1.0;1.0;1224.0;
26;2025-11-13;20;736.652;1.0;1.0;1.0;737.0;
26;2025-11-13;21;490.649;1.0;1.0;1.001;491.0;
26;2025-11-13;22;199.665;1.0;1.0;1.002;200.0;
26;2025-11-13;23;120.009;1.0;1.0;1.0;120.0;
26;2025-11-14;0;29.516;1.0;1.0;1.016;30.0;
26;2025-11-14;1;0.72;1.0;1.0;1.389;1.0;
26;2025-11-14;2;0.0;1.0;1.0;1.0;0.0;
26;2025-11-14;3;0.0;1.0;1.0;1.0;0.0;
26;2025-11-14;4;0.96;1.0;1.0;1.042;1.0;
26;2025-11-14;5;79.669;1.0;1.0;1.004;80.0;
26;2025-11-14;6;464.814;1.0;1.0;1.0;465.0;
26;2025-11-14;7;980.26;1.0;1.0;1.0;980.0;
26;2025-11-14;8;2124.417;1.0;1.0;1.0;2124.0;
26;2025-11-14;9;1329.65;1.0;1.0;1.0;1330.0;
26;2025-11-14;10;1194.79;1.0;1.0;1.0;1195.0;
26;2025-11-14;11;1067.128;1.0;1.0;1.0;1067.0;
26;2025-11-14;12;1058.729;1.0;1.0;1.0;1059.0;
26;2025-11-14;13;1091.604;1.0;1.0;1.0;1092.0;
26;2025-11-14;14;1307.333;1.0;1.0;1.0;1307.0;
26;2025-11-14;15;1291.736;1.0;1.0;1.0;1292.0;
26;2025-11-14;16;1578.975;1.0;1.0;1.0;1579.0;
26;2025-11-14;17;1700.877;1.0;1.0;1.0;1701.0;
26;2025-11-14;18;1246.382;1.0;1.0;1.0;1246.0;
26;2025-11-14;19;976.901;1.0;1.0;1.0;977.0;
26;2025-11-14;20;621.751;1.0;1.0;1.0;622.0;
26;2025-11-14;21;443.937;1.0;1.0;1.0;444.0;
26;2025-11-14;22;186.453;1.0;1.0;0.998;186.0;
26;2025-11-14;23;145.899;1.0;1.0;1.001;146.0;
26;2025-11-15;0;52.311;1.0;1.0;0.994;52.0;
26;2025-11-15;1;2.012;1.0;1.0;0.994;2.0;
26;2025-11-15;2;0.0;1.0;1.0;1.0;0.0;
26;2025-11-15;3;0.0;1.0;1.0;1.0;0.0;
26;2025-11-15;4;1.76;1.0;1.0;1.136;2.0;
26;2025-11-15;5;51.305;1.0;1.0;0.994;51.0;
26;2025-11-15;6;232.886;1.0;1.0;1.0;233.0;
26;2025-11-15;7;372.216;1.0;1.0;0.999;372.0;
26;2025-11-15;8;622.204;1.0;1.0;1.0;622.0;
26;2025-11-15;9;671.749;1.0;1.0;1.0;672.0;
26;2025-11-15;10;831.701;1.0;1.0;1.0;832.0;
26;2025-11-15;11;997.689;1.0;1.0;1.0;998.0;
26;2025-11-15;12;1075.653;1.0;1.0;1.0;1076.0;
26;2025-11-15;13;1050.755;1.0;1.0;1.0;1051.0;
26;2025-11-15;14;1101.306;1.0;1.0;1.0;1101.0;
26;2025-11-15;15;991.402;1.0;1.0;1.0;991.0;
26;2025-11-15;16;1040.192;1.0;1.0;1.0;1040.0;
26;2025-11-15;17;950.911;1.0;1.0;1.0;951.0;
26;2025-11-15;18;878.479;1.0;1.0;1.0;878.0;
26;2025-11-15;19;764.048;1.0;1.0;1.0;764.0;
26;2025-11-15;20;538.455;1.0;1.0;0.999;538.0;
26;2025-11-15;21;350.084;1.0;1.0;1.0;350.0;
26;2025-11-15;22;201.198;1.0;1.0;0.999;201.0;
26;2025-11-15;23;156.683;1.0;1.0;1.002;157.0;
26;2025-11-16;0;47.641;1.0;1.0;1.008;48.0;
26;2025-11-16;1;3.646;1.0;1.0;1.097;4.0;
26;2025-11-16;2;0.0;1.0;1.0;1.0;0.0;
26;2025-11-16;3;0.0;1.0;1.0;1.0;0.0;
26;2025-11-16;4;1.458;1.0;1.0;0.686;1.0;
26;2025-11-16;5;19.931;1.0;1.0;1.003;20.0;
26;2025-11-16;6;151.673;1.0;1.0;1.002;152.0;
26;2025-11-16;7;249.628;1.0;1.0;1.002;250.0;
26;2025-11-16;8;369.945;1.0;1.0;1.0;370.0;
26;2025-11-16;9;508.007;1.0;1.0;1.0;508.0;
26;2025-11-16;10;571.447;1.0;1.0;0.999;571.0;
26;2025-11-16;11;798.956;1.0;1.0;1.0;799.0;
26;2025-11-16;12;789.233;1.0;1.0;1.0;789.0;
26;2025-11-16;13;848.541;1.0;1.0;1.0;849.0;
26;2025-11-16;14;829.339;1.0;1.0;1.0;829.0;
26;2025-11-16;15;758.364;1.0;1.0;1.0;758.0;
26;2025-11-16;16;723.849;1.0;1.0;1.0;724.0;
26;2025-11-16;17;747.912;1.0;1.0;1.0;748.0;
26;2025-11-16;18;670.86;1.0;1.0;1.0;671.0;
26;2025-11-16;19;490.992;1.0;1.0;1.0;491.0;
26;2025-11-16;20;385.015;1.0;1.0;1.0;385.0;
26;2025-11-16;21;267.372;1.0;1.0;0.999;267.0;
26;2025-11-16;22;154.103;1.0;1.0;0.999;154.0;
26;2025-11-16;23;102.087;1.0;1.0;0.999;102.0;
26;2025-11-17;0;31.9;1.0;1.0;1.003;32.0;
26;2025-11-17;1;1.172;1.0;1.0;0.853;1.0;
26;2025-11-17;2;0.062;1.0;1.0;0.0;0.0;
26;2025-11-17;3;0.0;1.0;1.0;1.0;0.0;
26;2025-11-17;4;2.283;1.0;1.0;0.876;2.0;
26;2025-11-17;5;95.76;1.0;1.0;1.002;96.0;
26;2025-11-17;6;455.973;1.0;1.0;1.0;456.0;
26;2025-11-17;7;1096.247;1.0;1.0;1.0;1096.0;
26;2025-11-17;8;2254.134;1.0;1.0;1.0;2254.0;
26;2025-11-17;9;1453.93;1.0;1.0;1.0;1454.0;
26;2025-11-17;10;1219.897;1.0;1.0;1.0;1220.0;
26;2025-11-17;11;1093.471;1.0;1.0;1.0;1093.0;
26;2025-11-17;12;1149.125;1.0;1.0;1.0;1149.0;
26;2025-11-17;13;1162.453;1.0;1.0;1.0;1162.0;
26;2025-11-17;14;1314.547;1.0;1.0;1.0;1315.0;
26;2025-11-17;15;1367.486;1.0;1.0;1.0;1367.0;
26;2025-11-17;16;1458.804;1.0;1.0;1.0;1459.0;
26;2025-11-17;17;1706.473;1.0;1.0;1.0;1706.0;
26;2025-11-17;18;1871.771;1.0;1.0;1.0;1872.0;
26;2025-11-17;19;1223.537;1.0;1.0;1.0;1224.0;
26;2025-11-17;20;736.652;1.0;1.0;1.0;737.0;
26;2025-11-17;21;490.649;1.0;1.0;1.001;491.0;
26;2025-11-17;22;199.665;1.0;1.0;1.002;200.0;
26;2025-11-17;23;120.009;1.0;1.0;1.0;120.0;
26;2025-11-18;0;31.9;1.0;1.0;1.003;32.0;
26;2025-11-18;1;1.172;1.0;1.0;0.853;1.0;
26;2025-11-18;2;0.062;1.0;1.0;0.0;0.0;
26;2025-11-18;3;0.0;1.0;1.0;1.0;0.0;
26;2025-11-18;4;2.283;1.0;1.0;0.876;2.0;
26;2025-11-18;5;95.76;1.0;1.0;1.002;96.0;
26;2025-11-18;6;455.973;1.0;1.0;1.0;456.0;
26;2025-11-18;7;1096.247;1.0;1.0;1.0;1096.0;
26;2025-11-18;8;2254.134;1.0;1.0;1.0;2254.0;
26;2025-11-18;9;1453.93;1.0;1.0;1.0;1454.0;
26;2025-11-18;10;1219.897;1.0;1.0;1.0;1220.0;
26;2025-11-18;11;1093.471;1.0;1.0;1.0;1093.0;
26;2025-11-18;12;1149.125;1.0;1.0;1.0;1149.0;
26;2025-11-18;13;1162.453;1.0;1.0;1.0;1162.0;
26;2025-11-18;14;1314.547;1.0;1.0;1.0;1315.0;
26;2025-11-18;15;1367.486;1.0;1.0;1.0;1367.0;
26;2025-11-18;16;1458.804;1.0;1.0;1.0;1459.0;
26;2025-11-18;17;1706.473;1.0;1.0;1.0;1706.0;
26;2025-11-18;18;1871.771;1.0;1.0;1.0;1872.0;
26;2025-11-18;19;1223.537;1.0;1.0;1.0;1224.0;
26;2025-11-18;20;736.652;1.0;1.0;1.0;737.0;
26;2025-11-18;21;490.649;1.0;1.0;1.001;491.0;
26;2025-11-18;22;199.665;1.0;1.0;1.002;200.0;
26;2025-11-18;23;120.009;1.0;1.0;1.0;120.0;
26;2025-11-19;0;31.9;1.0;1.0;1.003;32.0;
26;2025-11-19;1;1.172;1.0;1.0;0.853;1.0;
26;2025-11-19;2;0.062;1.0;1.0;0.0;0.0;
26;2025-11-19;3;0.0;1.0;1.0;1.0;0.0;
26;2025-11-19;4;2.283;1.0;1.0;0.876;2.0;
26;2025-11-19;5;95.76;1.0;1.0;1.002;96.0;
26;2025-11-19;6;455.973;1.0;1.0;1.0;456.0;
26;2025-11-19;7;1096.247;1.0;1.0;1.0;1096.0;
26;2025-11-19;8;2254.134;1.0;1.0;1.0;2254.0;
26;2025-11-19;9;1453.93;1.0;1.0;1.0;1454.0;
26;2025-11-19;10;1219.897;1.0;1.0;1.0;1220.0;
26;2025-11-19;11;1093.471;1.0;1.0;1.0;1093.0;
26;2025-11-19;12;1149.125;1.0;1.0;1.0;1149.0;
26;2025-11-19;13;1162.453;1.0;1.0;1.0;1162.0;
26;2025-11-19;14;1314.547;1.0;1.0;1.0;1315.0;
26;2025-11-19;15;1367.486;1.0;1.0;1.0;1367.0;
26;2025-11-19;16;1458.804;1.0;1.0;1.0;1459.0;
26;2025-11-19;17;1706.473;1.0;1.0;1.0;1706.0;
26;2025-11-19;18;1871.771;1.0;1.0;1.0;1872.0;
26;2025-11-19;19;1223.537;1.0;1.0;1.0;1224.0;
26;2025-11-19;20;736.652;1.0;1.0;1.0;737.0;
26;2025-11-19;21;490.649;1.0;1.0;1.001;491.0;
26;2025-11-19;22;199.665;1.0;1.0;1.002;200.0;
26;2025-11-19;23;120.009;1.0;1.0;1.0;120.0;
26;2025-11-20;0;31.9;1.0;1.0;1.003;32.0;
26;2025-11-20;1;1.172;1.0;1.0;0.853;1.0;
26;2025-11-20;2;0.062;1.0;1.0;0.0;0.0;
26;2025-11-20;3;0.0;1.0;1.0;1.0;0.0;
26;2025-11-20;4;2.283;1.0;1.0;0.876;2.0;
26;2025-11-20;5;95.76;1.0;1.0;1.002;96.0;
26;2025-11-20;6;455.973;1.0;1.0;1.0;456.0;
26;2025-11-20;7;1096.247;1.0;1.0;1.0;1096.0;
26;2025-11-20;8;2254.134;1.0;1.0;1.0;2254.0;
26;2025-11-20;9;1453.93;1.0;1.0;1.0;1454.0;
26;2025-11-20;10;1219.897;1.0;1.0;1.0;1220.0;
26;2025-11-20;11;1093.471;1.0;1.0;1.0;1093.0;
26;2025-11-20;12;1149.125;1.0;1.0;1.0;1149.0;
26;2025-11-20;13;1162.453;1.0;1.0;1.0;1162.0;
26;2025-11-20;14;1314.547;1.0;1.0;1.0;1315.0;
26;2025-11-20;15;1367.486;1.0;1.0;1.0;1367.0;
26;2025-11-20;16;1458.804;1.0;1.0;1.0;1459.0;
26;2025-11-20;17;1706.473;1.0;1.0;1.0;1706.0;
26;2025-11-20;18;1871.771;1.0;1.0;1.0;1872.0;
26;2025-11-20;19;1223.537;1.0;1.0;1.0;1224.0;
26;2025-11-20;20;736.652;1.0;1.0;1.0;737.0;
26;2025-11-20;21;490.649;1.0;1.0;1.001;491.0;
26;2025-11-20;22;199.665;1.0;1.0;1.002;200.0;
26;2025-11-20;23;120.009;1.0;1.0;1.0;120.0;
26;2025-11-21;0;29.516;1.0;1.0;1.016;30.0;
26;2025-11-21;1;0.72;1.0;1.0;1.389;1.0;
26;2025-11-21;2;0.0;1.0;1.0;1.0;0.0;
26;2025-11-21;3;0.0;1.0;1.0;1.0;0.0;
26;2025-11-21;4;0.96;1.0;1.0;1.042;1.0;
26;2025-11-21;5;79.669;1.0;1.0;1.004;80.0;
26;2025-11-21;6;464.814;1.0;1.0;1.0;465.0;
26;2025-11-21;7;980.26;1.0;1.0;1.0;980.0;
26;2025-11-21;8;2124.417;1.0;1.0;1.0;2124.0;
26;2025-11-21;9;1329.65;1.0;1.0;1.0;1330.0;
26;2025-11-21;10;1194.79;1.0;1.0;1.0;1195.0;
26;2025-11-21;11;1067.128;1.0;1.0;1.0;1067.0;
26;2025-11-21;12;1058.729;1.0;1.0;1.0;1059.0;
26;2025-11-21;13;1091.604;1.0;1.0;1.0;1092.0;
26;2025-11-21;14;1307.333;1.0;1.0;1.0;1307.0;
26;2025-11-21;15;1291.736;1.0;1.0;1.0;1292.0;
26;2025-11-21;16;1578.975;1.0;1.0;1.0;1579.0;
26;2025-11-21;17;1700.877;1.0;1.0;1.0;1701.0;
26;2025-11-21;18;1246.382;1.0;1.0;1.0;1246.0;
26;2025-11-21;19;976.901;1.0;1.0;1.0;977.0;
26;2025-11-21;20;621.751;1.0;1.0;1.0;622.0;
26;2025-11-21;21;443.937;1.0;1.0;1.0;444.0;
26;2025-11-21;22;186.453;1.0;1.0;0.998;186.0;
26;2025-11-21;23;145.899;1.0;1.0;1.001;146.0;
26;2025-11-22;0;52.311;1.0;1.0;0.994;52.0;
26;2025-11-22;1;2.012;1.0;1.0;0.994;2.0;
26;2025-11-22;2;0.0;1.0;1.0;1.0;0.0;
26;2025-11-22;3;0.0;1.0;1.0;1.0;0.0;
26;2025-11-22;4;1.76;1.0;1.0;1.136;2.0;
26;2025-11-22;5;51.305;1.0;1.0;0.994;51.0;
26;2025-11-22;6;232.886;1.0;1.0;1.0;233.0;
26;2025-11-22;7;372.216;1.0;1.0;0.999;372.0;
26;2025-11-22;8;622.204;1.0;1.0;1.0;622.0;
26;2025-11-22;9;671.749;1.0;1.0;1.0;672.0;
26;2025-11-22;10;831.701;1.0;1.0;1.0;832.0;
26;2025-11-22;11;997.689;1.0;1.0;1.0;998.0;
26;2025-11-22;12;1075.653;1.0;1.0;1.0;1076.0;
26;2025-11-22;13;1050.755;1.0;1.0;1.0;1051.0;
26;2025-11-22;14;1101.306;1.0;1.0;1.0;1101.0;
26;2025-11-22;15;991.402;1.0;1.0;1.0;991.0;
26;2025-11-22;16;1040.192;1.0;1.0;1.0;1040.0;
26;2025-11-22;17;950.911;1.0;1.0;1.0;951.0;
26;2025-11-22;18;878.479;1.0;1.0;1.0;878.0;
26;2025-11-22;19;764.048;1.0;1.0;1.0;764.0;
26;2025-11-22;20;538.455;1.0;1.0;0.999;538.0;
26;2025-11-22;21;350.084;1.0;1.0;1.0;350.0;
26;2025-11-22;22;201.198;1.0;1.0;0.999;201.0;
26;2025-11-22;23;156.683;1.0;1.0;1.002;157.0;
26;2025-11-23;0;47.641;1.0;1.0;1.008;48.0;
26;2025-11-23;1;3.646;1.0;1.0;1.097;4.0;
26;2025-11-23;2;0.0;1.0;1.0;1.0;0.0;
26;2025-11-23;3;0.0;1.0;1.0;1.0;0.0;
26;2025-11-23;4;1.458;1.0;1.0;0.686;1.0;
26;2025-11-23;5;19.931;1.0;1.0;1.003;20.0;
26;2025-11-23;6;151.673;1.0;1.0;1.002;152.0;
26;2025-11-23;7;249.628;1.0;1.0;1.002;250.0;
26;2025-11-23;8;369.945;1.0;1.0;1.0;370.0;
26;2025-11-23;9;508.007;1.0;1.0;1.0;508.0;
26;2025-11-23;10;571.447;1.0;1.0;0.999;571.0;
26;2025-11-23;11;798.956;1.0;1.0;1.0;799.0;
26;2025-11-23;12;789.233;1.0;1.0;1.0;789.0;
26;2025-11-23;13;848.541;1.0;1.0;1.0;849.0;
26;2025-11-23;14;829.339;1.0;1.0;1.0;829.0;
26;2025-11-23;15;758.364;1.0;1.0;1.0;758.0;
26;2025-11-23;16;723.849;1.0;1.0;1.0;724.0;
26;2025-11-23;17;747.912;1.0;1.0;1.0;748.0;
26;2025-11-23;18;670.86;1.0;1.0;1.0;671.0;
26;2025-11-23;19;490.992;1.0;1.0;1.0;491.0;
26;2025-11-23;20;385.015;1.0;1.0;1.0;385.0;
26;2025-11-23;21;267.372;1.0;1.0;0.999;267.0;
26;2025-11-23;22;154.103;1.0;1.0;0.999;154.0;
26;2025-11-23;23;102.087;1.0;1.0;0.999;102.0;
26;2025-11-24;0;31.9;1.0;1.0;1.003;32.0;
26;2025-11-24;1;1.172;1.0;1.0;0.853;1.0;
26;2025-11-24;2;0.062;1.0;1.0;0.0;0.0;
26;2025-11-24;3;0.0;1.0;1.0;1.0;0.0;
26;2025-11-24;4;2.283;1.0;1.0;0.876;2.0;
26;2025-11-24;5;95.76;1.0;1.0;1.002;96.0;
26;2025-11-24;6;455.973;1.0;1.0;1.0;456.0;
26;2025-11-24;7;1096.247;1.0;1.0;1.0;1096.0;
26;2025-11-24;8;2254.134;1.0;1.0;1.0;2254.0;
26;2025-11-24;9;1453.93;1.0;1.0;1.0;1454.0;
26;2025-11-24;10;1219.897;1.0;1.0;1.0;1220.0;
26;2025-11-24;11;1093.471;1.0;1.0;1.0;1093.0;
26;2025-11-24;12;1149.125;1.0;1.0;1.0;1149.0;
26;2025-11-24;13;1162.453;1.0;1.0;1.0;1162.0;
26;2025-11-24;14;1314.547;1.0;1.0;1.0;1315.0;
26;2025-11-24;15;1367.486;1.0;1.0;1.0;1367.0;
26;2025-11-24;16;1458.804;1.0;1.0;1.0;1459.0;
26;2025-11-24;17;1706.473;1.0;1.0;1.0;1706.0;
26;2025-11-24;18;1871.771;1.0;1.0;1.0;1872.0;
26;2025-11-24;19;1223.537;1.0;1.0;1.0;1224.0;
26;2025-11-24;20;736.652;1.0;1.0;1.0;737.0;
26;2025-11-24;21;490.649;1.0;1.0;1.001;491.0;
26;2025-11-24;22;199.665;1.0;1.0;1.002;200.0;
26;2025-11-24;23;120.009;1.0;1.0;1.0;120.0;
26;2025-11-25;0;31.9;1.0;1.0;1.003;32.0;
26;2025-11-25;1;1.172;1.0;1.0;0.853;1.0;
26;2025-11-25;2;0.062;1.0;1.0;0.0;0.0;
26;2025-11-25;3;0.0;1.0;1.0;1.0;0.0;
26;2025-11-25;4;2.283;1.0;1.0;0.876;2.0;
26;2025-11-25;5;95.76;1.0;1.0;1.002;96.0;
26;2025-11-25;6;455.973;1.0;1.0;1.0;456.0;
26;2025-11-25;7;1096.247;1.0;1.0;1.0;1096.0;
26;2025-11-25;8;2254.134;1.0;1.0;1.0;2254.0;
26;2025-11-25;9;1453.93;1.0;1.0;1.0;1454.0;
26;2025-11-25;10;1219.897;1.0;1.0;1.0;1220.0;
26;2025-11-25;11;1093.471;1.0;1.0;1.0;1093.0;
26;2025-11-25;12;1149.125;1.0;1.0;1.0;1149.0;
26;2025-11-25;13;1162.453;1.0;1.0;1.0;1162.0;
26;2025-11-25;14;1314.547;1.0;1.0;1.0;1315.0;
26;2025-11-25;15;1367.486;1.0;1.0;1.0;1367.0;
26;2025-11-25;16;1458.804;1.0;1.0;1.0;1459.0;
26;2025-11-25;17;1706.473;1.0;1.0;1.0;1706.0;
26;2025-11-25;18;1871.771;1.0;1.0;1.0;1872.0;
26;2025-11-25;19;1223.537;1.0;1.0;1.0;1224.0;
26;2025-11-25;20;736.652;1.0;1.0;1.0;737.0;
26;2025-11-25;21;490.649;1.0;1.0;1.001;491.0;
26;2025-11-25;22;199.665;1.0;1.0;1.002;200.0;
26;2025-11-25;23;120.009;1.0;1.0;1.0;120.0;
26;2025-11-26;0;31.9;1.0;1.0;1.003;32.0;
26;2025-11-26;1;1.172;1.0;1.0;0.853;1.0;
26;2025-11-26;2;0.062;1.0;1.0;0.0;0.0;
26;2025-11-26;3;0.0;1.0;1.0;1.0;0.0;
26;2025-11-26;4;2.283;1.0;1.0;0.876;2.0;
26;2025-11-26;5;95.76;1.0;1.0;1.002;96.0;
26;2025-11-26;6;455.973;1.0;1.0;1.0;456.0;
26;2025-11-26;7;1096.247;1.0;1.0;1.0;1096.0;
26;2025-11-26;8;2254.134;1.0;1.0;1.0;2254.0;
26;2025-11-26;9;1453.93;1.0;1.0;1.0;1454.0;
26;2025-11-26;10;1219.897;1.0;1.0;1.0;1220.0;
26;2025-11-26;11;1093.471;1.0;1.0;1.0;1093.0;
26;2025-11-26;12;1149.125;1.0;1.0;1.0;1149.0;
26;2025-11-26;13;1162.453;1.0;1.0;1.0;1162.0;
26;2025-11-26;14;1314.547;1.0;1.0;1.0;1315.0;
26;2025-11-26;15;1367.486;1.0;1.0;1.0;1367.0;
26;2025-11-26;16;1458.804;1.0;1.0;1.0;1459.0;
26;2025-11-26;17;1706.473;1.0;1.0;1.0;1706.0;
26;2025-11-26;18;1871.771;1.0;1.0;1.0;1872.0;
26;2025-11-26;19;1223.537;1.0;1.0;1.0;1224.0;
26;2025-11-26;20;736.652;1.0;1.0;1.0;737.0;
26;2025-11-26;21;490.649;1.0;1.0;1.001;491.0;
26;2025-11-26;22;199.665;1.0;1.0;1.002;200.0;
26;2025-11-26;23;120.009;1.0;1.0;1.0;120.0;
26;2025-11-27;0;31.9;1.0;1.0;1.003;32.0;
26;2025-11-27;1;1.172;1.0;1.0;0.853;1.0;
26;2025-11-27;2;0.062;1.0;1.0;0.0;0.0;
26;2025-11-27;3;0.0;1.0;1.0;1.0;0.0;
26;2025-11-27;4;2.283;1.0;1.0;0.876;2.0;
26;2025-11-27;5;95.76;1.0;1.0;1.002;96.0;
26;2025-11-27;6;455.973;1.0;1.0;1.0;456.0;
26;2025-11-27;7;1096.247;1.0;1.0;1.0;1096.0;
26;2025-11-27;8;2254.134;1.0;1.0;1.0;2254.0;
26;2025-11-27;9;1453.93;1.0;1.0;1.0;1454.0;
26;2025-11-27;10;1219.897;1.0;1.0;1.0;1220.0;
26;2025-11-27;11;1093.471;1.0;1.0;1.0;1093.0;
26;2025-11-27;12;1149.125;1.0;1.0;1.0;1149.0;
26;2025-11-27;13;1162.453;1.0;1.0;1.0;1162.0;
26;2025-11-27;14;1314.547;1.0;1.0;1.0;1315.0;
26;2025-11-27;15;1367.486;1.0;1.0;1.0;1367.0;
26;2025-11-27;16;1458.804;1.0;1.0;1.0;1459.0;
26;2025-11-27;17;1706.473;1.0;1.0;1.0;1706.0;
26;2025-11-27;18;1871.771;1.0;1.0;1.0;1872.0;
26;2025-11-27;19;1223.537;1.0;1.0;1.0;1224.0;
26;2025-11-27;20;736.652;1.0;1.0;1.0;737.0;
26;2025-11-27;21;490.649;1.0;1.0;1.001;491.0;
26;2025-11-27;22;199.665;1.0;1.0;1.002;200.0;
26;2025-11-27;23;120.009;1.0;1.0;1.0;120.0;
26;2025-11-28;0;29.516;1.0;1.0;1.016;30.0;
26;2025-11-28;1;0.72;1.0;1.0;1.389;1.0;
26;2025-11-28;2;0.0;1.0;1.0;1.0;0.0;
26;2025-11-28;3;0.0;1.0;1.0;1.0;0.0;
26;2025-11-28;4;0.96;1.0;1.0;1.042;1.0;
26;2025-11-28;5;79.669;1.0;1.0;1.004;80.0;
26;2025-11-28;6;464.814;1.0;1.0;1.0;465.0;
26;2025-11-28;7;980.26;1.0;1.0;1.0;980.0;
26;2025-11-28;8;2124.417;1.0;1.0;1.0;2124.0;
26;2025-11-28;9;1329.65;1.0;1.0;1.0;1330.0;
26;2025-11-28;10;1194.79;1.0;1.0;1.0;1195.0;
26;2025-11-28;11;1067.128;1.0;1.0;1.0;1067.0;
26;2025-11-28;12;1058.729;1.0;1.0;1.0;1059.0;
26;2025-11-28;13;1091.604;1.0;1.0;1.0;1092.0;
26;2025-11-28;14;1307.333;1.0;1.0;1.0;1307.0;
26;2025-11-28;15;1291.736;1.0;1.0;1.0;1292.0;
26;2025-11-28;16;1578.975;1.0;1.0;1.0;1579.0;
26;2025-11-28;17;1700.877;1.0;1.0;1.0;1701.0;
26;2025-11-28;18;1246.382;1.0;1.0;1.0;1246.0;
26;2025-11-28;19;976.901;1.0;1.0;1.0;977.0;
26;2025-11-28;20;621.751;1.0;1.0;1.0;622.0;
26;2025-11-28;21;443.937;1.0;1.0;1.0;444.0;
26;2025-11-28;22;186.453;1.0;1.0;0.998;186.0;
26;2025-11-28;23;145.899;1.0;1.0;1.001;146.0;
26;2025-11-29;0;52.311;1.0;1.0;0.994;52.0;
26;2025-11-29;1;2.012;1.0;1.0;0.994;2.0;
26;2025-11-29;2;0.0;1.0;1.0;1.0;0.0;
26;2025-11-29;3;0.0;1.0;1.0;1.0;0.0;
26;2025-11-29;4;1.76;1.0;1.0;1.136;2.0;
26;2025-11-29;5;51.305;1.0;1.0;0.994;51.0;
26;2025-11-29;6;232.886;1.0;1.0;1.0;233.0;
26;2025-11-29;7;372.216;1.0;1.0;0.999;372.0;
26;2025-11-29;8;622.204;1.0;1.0;1.0;622.0;
26;2025-11-29;9;671.749;1.0;1.0;1.0;672.0;
26;2025-11-29;10;831.701;1.0;1.0;1.0;832.0;
26;2025-11-29;11;997.689;1.0;1.0;1.0;998.0;
26;2025-11-29;12;1075.653;1.0;1.0;1.0;1076.0;
26;2025-11-29;13;1050.755;1.0;1.0;1.0;1051.0;
26;2025-11-29;14;1101.306;1.0;1.0;1.0;1101.0;
26;2025-11-29;15;991.402;1.0;1.0;1.0;991.0;
26;2025-11-29;16;1040.192;1.0;1.0;1.0;1040.0;
26;2025-11-29;17;950.911;1.0;1.0;1.0;951.0;
26;2025-11-29;18;878.479;1.0;1.0;1.0;878.0;
26;2025-11-29;19;764.048;1.0;1.0;1.0;764.0;
26;2025-11-29;20;538.455;1.0;1.0;0.999;538.0;
26;2025-11-29;21;350.084;1.0;1.0;1.0;350.0;
26;2025-11-29;22;201.198;1.0;1.0;0.999;201.0;
26;2025-11-29;23;156.683;1.0;1.0;1.002;157.0;
26;2025-11-30;0;47.641;1.0;1.0;1.008;48.0;
26;2025-11-30;1;3.646;1.0;1.0;1.097;4.0;
26;2025-11-30;2;0.0;1.0;1.0;1.0;0.0;
26;2025-11-30;3;0.0;1.0;1.0;1.0;0.0;
26;2025-11-30;4;1.458;1.0;1.0;0.686;1.0;
26;2025-11-30;5;19.931;1.0;1.0;1.003;20.0;
26;2025-11-30;6;151.673;1.0;1.0;1.002;152.0;
26;2025-11-30;7;249.628;1.0;1.0;1.002;250.0;
26;2025-11-30;8;369.945;1.0;1.0;1.0;370.0;
26;2025-11-30;9;508.007;1.0;1.0;1.0;508.0;
26;2025-11-30;10;571.447;1.0;1.0;0.999;571.0;
26;2025-11-30;11;798.956;1.0;1.0;1.0;799.0;
26;2025-11-30;12;789.233;1.0;1.0;1.0;789.0;
26;2025-11-30;13;848.541;1.0;1.0;1.0;849.0;
26;2025-11-30;14;829.339;1.0;1.0;1.0;829.0;
26;2025-11-30;15;758.364;1.0;1.0;1.0;758.0;
26;2025-11-30;16;723.849;1.0;1.0;1.0;724.0;
26;2025-11-30;17;747.912;1.0;1.0;1.0;748.0;
26;2025-11-30;18;670.86;1.0;1.0;1.0;671.0;
26;2025-11-30;19;490.992;1.0;1.0;1.0;491.0;
26;2025-11-30;20;385.015;1.0;1.0;1.0;385.0;
26;2025-11-30;21;267.372;1.0;1.0;0.999;267.0;
26;2025-11-30;22;154.103;1.0;1.0;0.999;154.0;
26;2025-11-30;23;102.087;1.0;1.0;0.999;102.0;
26;2025-12-01;0;31.9;1.0;1.0;1.003;32.0;
26;2025-12-01;1;1.172;1.0;1.0;0.853;1.0;
26;2025-12-01;2;0.062;1.0;1.0;0.0;0.0;
26;2025-12-01;3;0.0;1.0;1.0;1.0;0.0;
26;2025-12-01;4;2.283;1.0;1.0;0.876;2.0;
26;2025-12-01;5;95.76;1.0;1.0;1.002;96.0;
26;2025-12-01;6;455.973;1.0;1.0;1.0;456.0;
26;2025-12-01;7;1096.247;1.0;1.0;1.0;1096.0;
26;2025-12-01;8;2254.134;1.0;1.0;1.0;2254.0;
26;2025-12-01;9;1453.93;1.0;1.0;1.0;1454.0;
26;2025-12-01;10;1219.897;1.0;1.0;1.0;1220.0;
26;2025-12-01;11;1093.471;1.0;1.0;1.0;1093.0;
26;2025-12-01;12;1149.125;1.0;1.0;1.0;1149.0;
26;2025-12-01;13;1162.453;1.0;1.0;1.0;1162.0;
26;2025-12-01;14;1314.547;1.0;1.0;1.0;1315.0;
26;2025-12-01;15;1367.486;1.0;1.0;1.0;1367.0;
26;2025-12-01;16;1458.804;1.0;1.0;1.0;1459.0;
26;2025-12-01;17;1706.473;1.0;1.0;1.0;1706.0;
26;2025-12-01;18;1871.771;1.0;1.0;1.0;1872.0;
26;2025-12-01;19;1223.537;1.0;1.0;1.0;1224.0;
26;2025-12-01;20;736.652;1.0;1.0;1.0;737.0;
26;2025-12-01;21;490.649;1.0;1.0;1.001;491.0;
26;2025-12-01;22;199.665;1.0;1.0;1.002;200.0;
26;2025-12-01;23;120.009;1.0;1.0;1.0;120.0;
26;2025-12-02;0;31.9;1.0;1.0;1.003;32.0;
26;2025-12-02;1;1.172;1.0;1.0;0.853;1.0;
26;2025-12-02;2;0.062;1.0;1.0;0.0;0.0;
26;2025-12-02;3;0.0;1.0;1.0;1.0;0.0;
26;2025-12-02;4;2.283;1.0;1.0;0.876;2.0;
26;2025-12-02;5;95.76;1.0;1.0;1.002;96.0;
26;2025-12-02;6;455.973;1.0;1.0;1.0;456.0;
26;2025-12-02;7;1096.247;1.0;1.0;1.0;1096.0;
26;2025-12-02;8;2254.134;1.0;1.0;1.0;2254.0;
26;2025-12-02;9;1453.93;1.0;1.0;1.0;1454.0;
26;2025-12-02;10;1219.897;1.0;1.0;1.0;1220.0;
26;2025-12-02;11;1093.471;1.0;1.0;1.0;1093.0;
26;2025-12-02;12;1149.125;1.0;1.0;1.0;1149.0;
26;2025-12-02;13;1162.453;1.0;1.0;1.0;1162.0;
26;2025-12-02;14;1314.547;1.0;1.0;1.0;1315.0;
26;2025-12-02;15;1367.486;1.0;1.0;1.0;1367.0;
26;2025-12-02;16;1458.804;1.0;1.0;1.0;1459.0;
26;2025-12-02;17;1706.473;1.0;1.0;1.0;1706.0;
26;2025-12-02;18;1871.771;1.0;1.0;1.0;1872.0;
26;2025-12-02;19;1223.537;1.0;1.0;1.0;1224.0;
26;2025-12-02;20;736.652;1.0;1.0;1.0;737.0;
26;2025-12-02;21;490.649;1.0;1.0;1.001;491.0;
26;2025-12-02;22;199.665;1.0;1.0;1.002;200.0;
26;2025-12-02;23;120.009;1.0;1.0;1.0;120.0;
26;2025-12-03;0;31.9;1.0;1.0;1.003;32.0;
26;2025-12-03;1;1.172;1.0;1.0;0.853;1.0;
26;2025-12-03;2;0.062;1.0;1.0;0.0;0.0;
26;2025-12-03;3;0.0;1.0;1.0;1.0;0.0;
26;2025-12-03;4;2.283;1.0;1.0;0.876;2.0;
26;2025-12-03;5;95.76;1.0;1.0;1.002;96.0;
26;2025-12-03;6;455.973;1.0;1.0;1.0;456.0;
26;2025-12-03;7;1096.247;1.0;1.0;1.0;1096.0;
26;2025-12-03;8;2254.134;1.0;1.0;1.0;2254.0;
26;2025-12-03;9;1453.93;1.0;1.0;1.0;1454.0;
26;2025-12-03;10;1219.897;1.0;1.0;1.0;1220.0;
26;2025-12-03;11;1093.471;1.0;1.0;1.0;1093.0;
26;2025-12-03;12;1149.125;1.0;1.0;1.0;1149.0;
26;2025-12-03;13;1162.453;1.0;1.0;1.0;1162.0;
26;2025-12-03;14;1314.547;1.0;1.0;1.0;1315.0;
26;2025-12-03;15;1367.486;1.0;1.0;1.0;1367.0;
26;2025-12-03;16;1458.804;1.0;1.0;1.0;1459.0;
26;2025-12-03;17;1706.473;1.0;1.0;1.0;1706.0;
26;2025-12-03;18;1871.771;1.0;1.0;1.0;1872.0;
26;2025-12-03;19;1223.537;1.0;1.0;1.0;1224.0;
26;2025-12-03;20;736.652;1.0;1.0;1.0;737.0;
26;2025-12-03;21;490.649;1.0;1.0;1.001;491.0;
26;2025-12-03;22;199.665;1.0;1.0;1.002;200.0;
26;2025-12-03;23;120.009;1.0;1.0;1.0;120.0;
26;2025-12-04;0;31.9;1.0;1.0;1.003;32.0;
26;2025-12-04;1;1.172;1.0;1.0;0.853;1.0;
26;2025-12-04;2;0.062;1.0;1.0;0.0;0.0;
26;2025-12-04;3;0.0;1.0;1.0;1.0;0.0;
26;2025-12-04;4;2.283;1.0;1.0;0.876;2.0;
26;2025-12-04;5;95.76;1.0;1.0;1.002;96.0;
26;2025-12-04;6;455.973;1.0;1.0;1.0;456.0;
26;2025-12-04;7;1096.247;1.0;1.0;1.0;1096.0;
26;2025-12-04;8;2254.134;1.0;1.0;1.0;2254.0;
26;2025-12-04;9;1453.93;1.0;1.0;1.0;1454.0;
26;2025-12-04;10;1219.897;1.0;1.0;1.0;1220.0;
26;2025-12-04;11;1093.471;1.0;1.0;1.0;1093.0;
26;2025-12-04;12;1149.125;1.0;1.0;1.0;1149.0;
26;2025-12-04;13;1162.453;1.0;1.0;1.0;1162.0;
26;2025-12-04;14;1314.547;1.0;1.0;1.0;1315.0;
26;2025-12-04;15;1367.486;1.0;1.0;1.0;1367.0;
26;2025-12-04;16;1458.804;1.0;1.0;1.0;1459.0;
26;2025-12-04;17;1706.473;1.0;1.0;1.0;1706.0;
26;2025-12-04;18;1871.771;1.0;1.0;1.0;1872.0;
26;2025-12-04;19;1223.537;1.0;1.0;1.0;1224.0;
26;2025-12-04;20;736.652;1.0;1.0;1.0;737.0;
26;2025-12-04;21;490.649;1.0;1.0;1.001;491.0;
26;2025-12-04;22;199.665;1.0;1.0;1.002;200.0;
26;2025-12-04;23;120.009;1.0;1.0;1.0;120.0;
26;2025-12-05;0;29.516;1.0;1.0;1.016;30.0;
26;2025-12-05;1;0.72;1.0;1.0;1.389;1.0;
26;2025-12-05;2;0.0;1.0;1.0;1.0;0.0;
26;2025-12-05;3;0.0;1.0;1.0;1.0;0.0;
26;2025-12-05;4;0.96;1.0;1.0;1.042;1.0;
26;2025-12-05;5;79.669;1.0;1.0;1.004;80.0;
26;2025-12-05;6;464.814;1.0;1.0;1.0;465.0;
26;2025-12-05;7;980.26;1.0;1.0;1.0;980.0;
26;2025-12-05;8;2124.417;1.0;1.0;1.0;2124.0;
26;2025-12-05;9;1329.65;1.0;1.0;1.0;1330.0;
26;2025-12-05;10;1194.79;1.0;1.0;1.0;1195.0;
26;2025-12-05;11;1067.128;1.0;1.0;1.0;1067.0;
26;2025-12-05;12;1058.729;1.0;1.0;1.0;1059.0;
26;2025-12-05;13;1091.604;1.0;1.0;1.0;1092.0;
26;2025-12-05;14;1307.333;1.0;1.0;1.0;1307.0;
26;2025-12-05;15;1291.736;1.0;1.0;1.0;1292.0;
26;2025-12-05;16;1578.975;1.0;1.0;1.0;1579.0;
26;2025-12-05;17;1700.877;1.0;1.0;1.0;1701.0;
26;2025-12-05;18;1246.382;1.0;1.0;1.0;1246.0;
26;2025-12-05;19;976.901;1.0;1.0;1.0;977.0;
26;2025-12-05;20;621.751;1.0;1.0;1.0;622.0;
26;2025-12-05;21;443.937;1.0;1.0;1.0;444.0;
26;2025-12-05;22;186.453;1.0;1.0;0.998;186.0;
26;2025-12-05;23;145.899;1.0;1.0;1.001;146.0;
26;2025-12-06;0;52.311;1.0;1.0;0.994;52.0;
26;2025-12-06;1;2.012;1.0;1.0;0.994;2.0;
26;2025-12-06;2;0.0;1.0;1.0;1.0;0.0;
26;2025-12-06;3;0.0;1.0;1.0;1.0;0.0;
26;2025-12-06;4;1.76;1.0;1.0;1.136;2.0;
26;2025-12-06;5;51.305;1.0;1.0;0.994;51.0;
26;2025-12-06;6;232.886;1.0;1.0;1.0;233.0;
26;2025-12-06;7;372.216;1.0;1.0;0.999;372.0;
26;2025-12-06;8;622.204;1.0;1.0;1.0;622.0;
26;2025-12-06;9;671.749;1.0;1.0;1.0;672.0;
26;2025-12-06;10;831.701;1.0;1.0;1.0;832.0;
26;2025-12-06;11;997.689;1.0;1.0;1.0;998.0;
26;2025-12-06;12;1075.653;1.0;1.0;1.0;1076.0;
26;2025-12-06;13;1050.755;1.0;1.0;1.0;1051.0;
26;2025-12-06;14;1101.306;1.0;1.0;1.0;1101.0;
26;2025-12-06;15;991.402;1.0;1.0;1.0;991.0;
26;2025-12-06;16;1040.192;1.0;1.0;1.0;1040.0;
26;2025-12-06;17;950.911;1.0;1.0;1.0;951.0;
26;2025-12-06;18;878.479;1.0;1.0;1.0;878.0;
26;2025-12-06;19;764.048;1.0;1.0;1.0;764.0;
26;2025-12-06;20;538.455;1.0;1.0;0.999;538.0;
26;2025-12-06;21;350.084;1.0;1.0;1.0;350.0;
26;2025-12-06;22;201.198;1.0;1.0;0.999;201.0;
26;2025-12-06;23;156.683;1.0;1.0;1.002;157.0;
26;2025-12-07;0;47.641;1.0;1.0;1.008;48.0;
26;2025-12-07;1;3.646;1.0;1.0;1.097;4.0;
26;2025-12-07;2;0.0;1.0;1.0;1.0;0.0;
26;2025-12-07;3;0.0;1.0;1.0;1.0;0.0;
26;2025-12-07;4;1.458;1.0;1.0;0.686;1.0;
26;2025-12-07;5;19.931;1.0;1.0;1.003;20.0;
26;2025-12-07;6;151.673;1.0;1.0;1.002;152.0;
26;2025-12-07;7;249.628;1.0;1.0;1.002;250.0;
26;2025-12-07;8;369.945;1.0;1.0;1.0;370.0;
26;2025-12-07;9;508.007;1.0;1.0;1.0;508.0;
26;2025-12-07;10;571.447;1.0;1.0;0.999;571.0;
26;2025-12-07;11;798.956;1.0;1.0;1.0;799.0;
26;2025-12-07;12;789.233;1.0;1.0;1.0;789.0;
26;2025-12-07;13;848.541;1.0;1.0;1.0;849.0;
26;2025-12-07;14;829.339;1.0;1.0;1.0;829.0;
26;2025-12-07;15;758.364;1.0;1.0;1.0;758.0;
26;2025-12-07;16;723.849;1.0;1.0;1.0;724.0;
26;2025-12-07;17;747.912;1.0;1.0;1.0;748.0;
26;2025-12-07;18;670.86;1.0;1.0;1.0;671.0;
26;2025-12-07;19;490.992;1.0;1.0;1.0;491.0;
26;2025-12-07;20;385.015;1.0;1.0;1.0;385.0;
26;2025-12-07;21;267.372;1.0;1.0;0.999;267.0;
26;2025-12-07;22;154.103;1.0;1.0;0.999;154.0;
26;2025-12-07;23;102.087;1.0;1.0;0.999;102.0;
26;2025-12-08;0;31.9;1.0;1.0;1.003;32.0;
26;2025-12-08;1;1.172;1.0;1.0;0.853;1.0;
26;2025-12-08;2;0.062;1.0;1.0;0.0;0.0;
26;2025-12-08;3;0.0;1.0;1.0;1.0;0.0;
26;2025-12-08;4;2.283;1.0;1.0;0.876;2.0;
26;2025-12-08;5;95.76;1.0;1.0;1.002;96.0;
26;2025-12-08;6;455.973;1.0;1.0;1.0;456.0;
26;2025-12-08;7;1096.247;1.0;1.0;1.0;1096.0;
26;2025-12-08;8;2254.134;1.0;1.0;1.0;2254.0;
26;2025-12-08;9;1453.93;1.0;1.0;1.0;1454.0;
26;2025-12-08;10;1219.897;1.0;1.0;1.0;1220.0;
26;2025-12-08;11;1093.471;1.0;1.0;1.0;1093.0;
26;2025-12-08;12;1149.125;1.0;1.0;1.0;1149.0;
26;2025-12-08;13;1162.453;1.0;1.0;1.0;1162.0;
26;2025-12-08;14;1314.547;1.0;1.0;1.0;1315.0;
26;2025-12-08;15;1367.486;1.0;1.0;1.0;1367.0;
26;2025-12-08;16;1458.804;1.0;1.0;1.0;1459.0;
26;2025-12-08;17;1706.473;1.0;1.0;1.0;1706.0;
26;2025-12-08;18;1871.771;1.0;1.0;1.0;1872.0;
26;2025-12-08;19;1223.537;1.0;1.0;1.0;1224.0;
26;2025-12-08;20;736.652;1.0;1.0;1.0;737.0;
26;2025-12-08;21;490.649;1.0;1.0;1.001;491.0;
26;2025-12-08;22;199.665;1.0;1.0;1.002;200.0;
26;2025-12-08;23;120.009;1.0;1.0;1.0;120.0;
26;2025-12-09;0;31.9;1.0;1.0;1.003;32.0;
26;2025-12-09;1;1.172;1.0;1.0;0.853;1.0;
26;2025-12-09;2;0.062;1.0;1.0;0.0;0.0;
26;2025-12-09;3;0.0;1.0;1.0;1.0;0.0;
26;2025-12-09;4;2.283;1.0;1.0;0.876;2.0;
26;2025-12-09;5;95.76;1.0;1.0;1.002;96.0;
26;2025-12-09;6;455.973;1.0;1.0;1.0;456.0;
26;2025-12-09;7;1096.247;1.0;1.0;1.0;1096.0;
26;2025-12-09;8;2254.134;1.0;1.0;1.0;2254.0;
26;2025-12-09;9;1453.93;1.0;1.0;1.0;1454.0;
26;2025-12-09;10;1219.897;1.0;1.0;1.0;1220.0;
26;2025-12-09;11;1093.471;1.0;1.0;1.0;1093.0;
26;2025-12-09;12;1149.125;1.0;1.0;1.0;1149.0;
26;2025-12-09;13;1162.453;1.0;1.0;1.0;1162.0;
26;2025-12-09;14;1314.547;1.0;1.0;1.0;1315.0;
26;2025-12-09;15;1367.486;1.0;1.0;1.0;1367.0;
26;2025-12-09;16;1458.804;1.0;1.0;1.0;1459.0;
26;2025-12-09;17;1706.473;1.0;1.0;1.0;1706.0;
26;2025-12-09;18;1871.771;1.0;1.0;1.0;1872.0;
26;2025-12-09;19;1223.537;1.0;1.0;1.0;1224.0;
26;2025-12-09;20;736.652;1.0;1.0;1.0;737.0;
26;2025-12-09;21;490.649;1.0;1.0;1.001;491.0;
26;2025-12-09;22;199.665;1.0;1.0;1.002;200.0;
26;2025-12-09;23;120.009;1.0;1.0;1.0;120.0;
26;2025-12-10;0;31.9;1.0;1.0;1.003;32.0;
26;2025-12-10;1;1.172;1.0;1.0;0.853;1.0;
26;2025-12-10;2;0.062;1.0;1.0;0.0;0.0;
26;2025-12-10;3;0.0;1.0;1.0;1.0;0.0;
26;2025-12-10;4;2.283;1.0;1.0;0.876;2.0;
26;2025-12-10;5;95.76;1.0;1.0;1.002;96.0;
26;2025-12-10;6;455.973;1.0;1.0;1.0;456.0;
26;2025-12-10;7;1096.247;1.0;1.0;1.0;1096.0;
26;2025-12-10;8;2254.134;1.0;1.0;1.0;2254.0;
26;2025-12-10;9;1453.93;1.0;1.0;1.0;1454.0;
26;2025-12-10;10;1219.897;1.0;1.0;1.0;1220.0;
26;2025-12-10;11;1093.471;1.0;1.0;1.0;1093.0;
26;2025-12-10;12;1149.125;1.0;1.0;1.0;1149.0;
26;2025-12-10;13;1162.453;1.0;1.0;1.0;1162.0;
26;2025-12-10;14;1314.547;1.0;1.0;1.0;1315.0;
26;2025-12-10;15;1367.486;1.0;1.0;1.0;1367.0;
26;2025-12-10;16;1458.804;1.0;1.0;1.0;1459.0;
26;2025-12-10;17;1706.473;1.0;1.0;1.0;1706.0;
26;2025-12-10;18;1871.771;1.0;1.0;1.0;1872.0;
26;2025-12-10;19;1223.537;1.0;1.0;1.0;1224.0;
26;2025-12-10;20;736.652;1.0;1.0;1.0;737.0;
26;2025-12-10;21;490.649;1.0;1.0;1.001;491.0;
26;2025-12-10;22;199.665;1.0;1.0;1.002;200.0;
26;2025-12-10;23;120.009;1.0;1.0;1.0;120.0;
26;2025-12-11;0;31.9;1.0;1.0;1.003;32.0;
26;2025-12-11;1;1.172;1.0;1.0;0.853;1.0;
26;2025-12-11;2;0.062;1.0;1.0;0.0;0.0;
26;2025-12-11;3;0.0;1.0;1.0;1.0;0.0;
26;2025-12-11;4;2.283;1.0;1.0;0.876;2.0;
26;2025-12-11;5;95.76;1.0;1.0;1.002;96.0;
26;2025-12-11;6;455.973;1.0;1.0;1.0;456.0;
26;2025-12-11;7;1096.247;1.0;1.0;1.0;1096.0;
26;2025-12-11;8;2254.134;1.0;1.0;1.0;2254.0;
26;2025-12-11;9;1453.93;1.0;1.0;1.0;1454.0;
26;2025-12-11;10;1219.897;1.0;1.0;1.0;1220.0;
26;2025-12-11;11;1093.471;1.0;1.0;1.0;1093.0;
26;2025-12-11;12;1149.125;1.0;1.0;1.0;1149.0;
26;2025-12-11;13;1162.453;1.0;1.0;1.0;1162.0;
26;2025-12-11;14;1314.547;1.0;1.0;1.0;1315.0;
26;2025-12-11;15;1367.486;1.0;1.0;1.0;1367.0;
26;2025-12-11;16;1458.804;1.0;1.0;1.0;1459.0;
26;2025-12-11;17;1706.473;1.0;1.0;1.0;1706.0;
26;2025-12-11;18;1871.771;1.0;1.0;1.0;1872.0;
26;2025-12-11;19;1223.537;1.0;1.0;1.0;1224.0;
26;2025-12-11;20;736.652;1.0;1.0;1.0;737.0;
26;2025-12-11;21;490.649;1.0;1.0;1.001;491.0;
26;2025-12-11;22;199.665;1.0;1.0;1.002;200.0;
26;2025-12-11;23;120.009;1.0;1.0;1.0;120.0;
26;2025-12-12;0;29.516;1.0;1.0;1.016;30.0;
26;2025-12-12;1;0.72;1.0;1.0;1.389;1.0;
26;2025-12-12;2;0.0;1.0;1.0;1.0;0.0;
26;2025-12-12;3;0.0;1.0;1.0;1.0;0.0;
26;2025-12-12;4;0.96;1.0;1.0;1.042;1.0;
26;2025-12-12;5;79.669;1.0;1.0;1.004;80.0;
26;2025-12-12;6;464.814;1.0;1.0;1.0;465.0;
26;2025-12-12;7;980.26;1.0;1.0;1.0;980.0;
26;2025-12-12;8;2124.417;1.0;1.0;1.0;2124.0;
26;2025-12-12;9;1329.65;1.0;1.0;1.0;1330.0;
26;2025-12-12;10;1194.79;1.0;1.0;1.0;1195.0;
26;2025-12-12;11;1067.128;1.0;1.0;1.0;1067.0;
26;2025-12-12;12;1058.729;1.0;1.0;1.0;1059.0;
26;2025-12-12;13;1091.604;1.0;1.0;1.0;1092.0;
26;2025-12-12;14;1307.333;1.0;1.0;1.0;1307.0;
26;2025-12-12;15;1291.736;1.0;1.0;1.0;1292.0;
26;2025-12-12;16;1578.975;1.0;1.0;1.0;1579.0;
26;2025-12-12;17;1700.877;1.0;1.0;1.0;1701.0;
26;2025-12-12;18;1246.382;1.0;1.0;1.0;1246.0;
26;2025-12-12;19;976.901;1.0;1.0;1.0;977.0;
26;2025-12-12;20;621.751;1.0;1.0;1.0;622.0;
26;2025-12-12;21;443.937;1.0;1.0;1.0;444.0;
26;2025-12-12;22;186.453;1.0;1.0;0.998;186.0;
26;2025-12-12;23;145.899;1.0;1.0;1.001;146.0;
26;2025-12-13;0;52.311;1.0;1.0;0.994;52.0;
26;2025-12-13;1;2.012;1.0;1.0;0.994;2.0;
26;2025-12-13;2;0.0;1.0;1.0;1.0;0.0;
26;2025-12-13;3;0.0;1.0;1.0;1.0;0.0;
26;2025-12-13;4;1.76;1.0;1.0;1.136;2.0;
26;2025-12-13;5;51.305;1.0;1.0;0.994;51.0;
26;2025-12-13;6;232.886;1.0;1.0;1.0;233.0;
26;2025-12-13;7;372.216;1.0;1.0;0.999;372.0;
26;2025-12-13;8;622.204;1.0;1.0;1.0;622.0;
26;2025-12-13;9;671.749;1.0;1.0;1.0;672.0;
26;2025-12-13;10;831.701;1.0;1.0;1.0;832.0;
26;2025-12-13;11;997.689;1.0;1.0;1.0;998.0;
26;2025-12-13;12;1075.653;1.0;1.0;1.0;1076.0;
26;2025-12-13;13;1050.755;1.0;1.0;1.0;1051.0;
26;2025-12-13;14;1101.306;1.0;1.0;1.0;1101.0;
26;2025-12-13;15;991.402;1.0;1.0;1.0;991.0;
26;2025-12-13;16;1040.192;1.0;1.0;1.0;1040.0;
26;2025-12-13;17;950.911;1.0;1.0;1.0;951.0;
26;2025-12-13;18;878.479;1.0;1.0;1.0;878.0;
26;2025-12-13;19;764.048;1.0;1.0;1.0;764.0;
26;2025-12-13;20;538.455;1.0;1.0;0.999;538.0;
26;2025-12-13;21;350.084;1.0;1.0;1.0;350.0;
26;2025-12-13;22;201.198;1.0;1.0;0.999;201.0;
26;2025-12-13;23;156.683;1.0;1.0;1.002;157.0;
26;2025-12-14;0;47.641;1.0;1.0;1.008;48.0;
26;2025-12-14;1;3.646;1.0;1.0;1.097;4.0;
26;2025-12-14;2;0.0;1.0;1.0;1.0;0.0;
26;2025-12-14;3;0.0;1.0;1.0;1.0;0.0;
26;2025-12-14;4;1.458;1.0;1.0;0.686;1.0;
26;2025-12-14;5;19.931;1.0;1.0;1.003;20.0;
26;2025-12-14;6;151.673;1.0;1.0;1.002;152.0;
26;2025-12-14;7;249.628;1.0;1.0;1.002;250.0;
26;2025-12-14;8;369.945;1.0;1.0;1.0;370.0;
26;2025-12-14;9;508.007;1.0;1.0;1.0;508.0;
26;2025-12-14;10;571.447;1.0;1.0;0.999;571.0;
26;2025-12-14;11;798.956;1.0;1.0;1.0;799.0;
26;2025-12-14;12;789.233;1.0;1.0;1.0;789.0;
26;2025-12-14;13;848.541;1.0;1.0;1.0;849.0;
26;2025-12-14;14;829.339;1.0;1.0;1.0;829.0;
26;2025-12-14;15;758.364;1.0;1.0;1.0;758.0;
26;2025-12-14;16;723.849;1.0;1.0;1.0;724.0;
26;2025-12-14;17;747.912;1.0;1.0;1.0;748.0;
26;2025-12-14;18;670.86;1.0;1.0;1.0;671.0;
26;2025-12-14;19;490.992;1.0;1.0;1.0;491.0;
26;2025-12-14;20;385.015;1.0;1.0;1.0;385.0;
26;2025-12-14;21;267.372;1.0;1.0;0.999;267.0;
26;2025-12-14;22;154.103;1.0;1.0;0.999;154.0;
26;2025-12-14;23;102.087;1.0;1.0;0.999;102.0;
26;2025-12-15;0;31.9;1.0;1.0;1.003;32.0;
26;2025-12-15;1;1.172;1.0;1.0;0.853;1.0;
26;2025-12-15;2;0.062;1.0;1.0;0.0;0.0;
26;2025-12-15;3;0.0;1.0;1.0;1.0;0.0;
26;2025-12-15;4;2.283;1.0;1.0;0.876;2.0;
26;2025-12-15;5;95.76;1.0;1.0;1.002;96.0;
26;2025-12-15;6;455.973;1.0;1.0;1.0;456.0;
26;2025-12-15;7;1096.247;1.0;1.0;1.0;1096.0;
26;2025-12-15;8;2254.134;1.0;1.0;1.0;2254.0;
26;2025-12-15;9;1453.93;1.0;1.0;1.0;1454.0;
26;2025-12-15;10;1219.897;1.0;1.0;1.0;1220.0;
26;2025-12-15;11;1093.471;1.0;1.0;1.0;1093.0;
26;2025-12-15;12;1149.125;1.0;1.0;1.0;1149.0;
26;2025-12-15;13;1162.453;1.0;1.0;1.0;1162.0;
26;2025-12-15;14;1314.547;1.0;1.0;1.0;1315.0;
26;2025-12-15;15;1367.486;1.0;1.0;1.0;1367.0;
26;2025-12-15;16;1458.804;1.0;1.0;1.0;1459.0;
26;2025-12-15;17;1706.473;1.0;1.0;1.0;1706.0;
26;2025-12-15;18;1871.771;1.0;1.0;1.0;1872.0;
26;2025-12-15;19;1223.537;1.0;1.0;1.0;1224.0;
26;2025-12-15;20;736.652;1.0;1.0;1.0;737.0;
26;2025-12-15;21;490.649;1.0;1.0;1.001;491.0;
26;2025-12-15;22;199.665;1.0;1.0;1.002;200.0;
26;2025-12-15;23;120.009;1.0;1.0;1.0;120.0;
26;2025-12-16;0;31.9;1.0;1.0;1.003;32.0;
26;2025-12-16;1;1.172;1.0;1.0;0.853;1.0;
26;2025-12-16;2;0.062;1.0;1.0;0.0;0.0;
26;2025-12-16;3;0.0;1.0;1.0;1.0;0.0;
26;2025-12-16;4;2.283;1.0;1.0;0.876;2.0;
26;2025-12-16;5;95.76;1.0;1.0;1.002;96.0;
26;2025-12-16;6;455.973;1.0;1.0;1.0;456.0;
26;2025-12-16;7;1096.247;1.0;1.0;1.0;1096.0;
26;2025-12-16;8;2254.134;1.0;1.0;1.0;2254.0;
26;2025-12-16;9;1453.93;1.0;1.0;1.0;1454.0;
26;2025-12-16;10;1219.897;1.0;1.0;1.0;1220.0;
26;2025-12-16;11;1093.471;1.0;1.0;1.0;1093.0;
26;2025-12-16;12;1149.125;1.0;1.0;1.0;1149.0;
26;2025-12-16;13;1162.453;1.0;1.0;1.0;1162.0;
26;2025-12-16;14;1314.547;1.0;1.0;1.0;1315.0;
26;2025-12-16;15;1367.486;1.0;1.0;1.0;1367.0;
26;2025-12-16;16;1458.804;1.0;1.0;1.0;1459.0;
26;2025-12-16;17;1706.473;1.0;1.0;1.0;1706.0;
26;2025-12-16;18;1871.771;1.0;1.0;1.0;1872.0;
26;2025-12-16;19;1223.537;1.0;1.0;1.0;1224.0;
26;2025-12-16;20;736.652;1.0;1.0;1.0;737.0;
26;2025-12-16;21;490.649;1.0;1.0;1.001;491.0;
26;2025-12-16;22;199.665;1.0;1.0;1.002;200.0;
26;2025-12-16;23;120.009;1.0;1.0;1.0;120.0;
26;2025-12-17;0;31.9;1.0;1.0;1.003;32.0;
26;2025-12-17;1;1.172;1.0;1.0;0.853;1.0;
26;2025-12-17;2;0.062;1.0;1.0;0.0;0.0;
26;2025-12-17;3;0.0;1.0;1.0;1.0;0.0;
26;2025-12-17;4;2.283;1.0;1.0;0.876;2.0;
26;2025-12-17;5;95.76;1.0;1.0;1.002;96.0;
26;2025-12-17;6;455.973;1.0;1.0;1.0;456.0;
26;2025-12-17;7;1096.247;1.0;1.0;1.0;1096.0;
26;2025-12-17;8;2254.134;1.0;1.0;1.0;2254.0;
26;2025-12-17;9;1453.93;1.0;1.0;1.0;1454.0;
26;2025-12-17;10;1219.897;1.0;1.0;1.0;1220.0;
26;2025-12-17;11;1093.471;1.0;1.0;1.0;1093.0;
26;2025-12-17;12;1149.125;1.0;1.0;1.0;1149.0;
26;2025-12-17;13;1162.453;1.0;1.0;1.0;1162.0;
26;2025-12-17;14;1314.547;1.0;1.0;1.0;1315.0;
26;2025-12-17;15;1367.486;1.0;1.0;1.0;1367.0;
26;2025-12-17;16;1458.804;1.0;1.0;1.0;1459.0;
26;2025-12-17;17;1706.473;1.0;1.0;1.0;1706.0;
26;2025-12-17;18;1871.771;1.0;1.0;1.0;1872.0;
26;2025-12-17;19;1223.537;1.0;1.0;1.0;1224.0;
26;2025-12-17;20;736.652;1.0;1.0;1.0;737.0;
26;2025-12-17;21;490.649;1.0;1.0;1.001;491.0;
26;2025-12-17;22;199.665;1.0;1.0;1.002;200.0;
26;2025-12-17;23;120.009;1.0;1.0;1.0;120.0;
26;2025-12-18;0;31.9;1.0;1.0;1.003;32.0;
26;2025-12-18;1;1.172;1.0;1.0;0.853;1.0;
26;2025-12-18;2;0.062;1.0;1.0;0.0;0.0;
26;2025-12-18;3;0.0;1.0;1.0;1.0;0.0;
26;2025-12-18;4;2.283;1.0;1.0;0.876;2.0;
26;2025-12-18;5;95.76;1.0;1.0;1.002;96.0;
26;2025-12-18;6;455.973;1.0;1.0;1.0;456.0;
26;2025-12-18;7;1096.247;1.0;1.0;1.0;1096.0;
26;2025-12-18;8;2254.134;1.0;1.0;1.0;2254.0;
26;2025-12-18;9;1453.93;1.0;1.0;1.0;1454.0;
26;2025-12-18;10;1219.897;1.0;1.0;1.0;1220.0;
26;2025-12-18;11;1093.471;1.0;1.0;1.0;1093.0;
26;2025-12-18;12;1149.125;1.0;1.0;1.0;1149.0;
26;2025-12-18;13;1162.453;1.0;1.0;1.0;1162.0;
26;2025-12-18;14;1314.547;1.0;1.0;1.0;1315.0;
26;2025-12-18;15;1367.486;1.0;1.0;1.0;1367.0;
26;2025-12-18;16;1458.804;1.0;1.0;1.0;1459.0;
26;2025-12-18;17;1706.473;1.0;1.0;1.0;1706.0;
26;2025-12-18;18;1871.771;1.0;1.0;1.0;1872.0;
26;2025-12-18;19;1223.537;1.0;1.0;1.0;1224.0;
26;2025-12-18;20;736.652;1.0;1.0;1.0;737.0;
26;2025-12-18;21;490.649;1.0;1.0;1.001;491.0;
26;2025-12-18;22;199.665;1.0;1.0;1.002;200.0;
26;2025-12-18;23;120.009;1.0;1.0;1.0;120.0;
26;2025-12-19;0;29.516;1.0;1.0;1.016;30.0;
26;2025-12-19;1;0.72;1.0;1.0;1.389;1.0;
26;2025-12-19;2;0.0;1.0;1.0;1.0;0.0;
26;2025-12-19;3;0.0;1.0;1.0;1.0;0.0;
26;2025-12-19;4;0.96;1.0;1.0;1.042;1.0;
26;2025-12-19;5;79.669;1.0;1.0;1.004;80.0;
26;2025-12-19;6;464.814;1.0;1.0;1.0;465.0;
26;2025-12-19;7;980.26;1.0;1.0;1.0;980.0;
26;2025-12-19;8;2124.417;1.0;1.0;1.0;2124.0;
26;2025-12-19;9;1329.65;1.0;1.0;1.0;1330.0;
26;2025-12-19;10;1194.79;1.0;1.0;1.0;1195.0;
26;2025-12-19;11;1067.128;1.0;1.0;1.0;1067.0;
26;2025-12-19;12;1058.729;1.0;1.0;1.0;1059.0;
26;2025-12-19;13;1091.604;1.0;1.0;1.0;1092.0;
26;2025-12-19;14;1307.333;1.0;1.0;1.0;1307.0;
26;2025-12-19;15;1291.736;1.0;1.0;1.0;1292.0;
26;2025-12-19;16;1578.975;1.0;1.0;1.0;1579.0;
26;2025-12-19;17;1700.877;1.0;1.0;1.0;1701.0;
26;2025-12-19;18;1246.382;1.0;1.0;1.0;1246.0;
26;2025-12-19;19;976.901;1.0;1.0;1.0;977.0;
26;2025-12-19;20;621.751;1.0;1.0;1.0;622.0;
26;2025-12-19;21;443.937;1.0;1.0;1.0;444.0;
26;2025-12-19;22;186.453;1.0;1.0;0.998;186.0;
26;2025-12-19;23;145.899;1.0;1.0;1.001;146.0;
26;2025-12-20;0;52.311;1.0;1.0;0.994;52.0;
26;2025-12-20;1;2.012;1.0;1.0;0.994;2.0;
26;2025-12-20;2;0.0;1.0;1.0;1.0;0.0;
26;2025-12-20;3;0.0;1.0;1.0;1.0;0.0;
26;2025-12-20;4;1.76;1.0;1.0;1.136;2.0;
26;2025-12-20;5;51.305;1.0;1.0;0.994;51.0;
26;2025-12-20;6;232.886;1.0;1.0;1.0;233.0;
26;2025-12-20;7;372.216;1.0;1.0;0.999;372.0;
26;2025-12-20;8;622.204;1.0;1.0;1.0;622.0;
26;2025-12-20;9;671.749;1.0;1.0;1.0;672.0;
26;2025-12-20;10;831.701;1.0;1.0;1.0;832.0;
26;2025-12-20;11;997.689;1.0;1.0;1.0;998.0;
26;2025-12-20;12;1075.653;1.0;1.0;1.0;1076.0;
26;2025-12-20;13;1050.755;1.0;1.0;1.0;1051.0;
26;2025-12-20;14;1101.306;1.0;1.0;1.0;1101.0;
26;2025-12-20;15;991.402;1.0;1.0;1.0;991.0;
26;2025-12-20;16;1040.192;1.0;1.0;1.0;1040.0;
26;2025-12-20;17;950.911;1.0;1.0;1.0;951.0;
26;2025-12-20;18;878.479;1.0;1.0;1.0;878.0;
26;2025-12-20;19;764.048;1.0;1.0;1.0;764.0;
26;2025-12-20;20;538.455;1.0;1.0;0.999;538.0;
26;2025-12-20;21;350.084;1.0;1.0;1.0;350.0;
26;2025-12-20;22;201.198;1.0;1.0;0.999;201.0;
26;2025-12-20;23;156.683;1.0;1.0;1.002;157.0;
26;2025-12-21;0;47.641;1.0;1.0;1.008;48.0;
26;2025-12-21;1;3.646;1.0;1.0;1.097;4.0;
26;2025-12-21;2;0.0;1.0;1.0;1.0;0.0;
26;2025-12-21;3;0.0;1.0;1.0;1.0;0.0;
26;2025-12-21;4;1.458;1.0;1.0;0.686;1.0;
26;2025-12-21;5;19.931;1.0;1.0;1.003;20.0;
26;2025-12-21;6;151.673;1.0;1.0;1.002;152.0;
26;2025-12-21;7;249.628;1.0;1.0;1.002;250.0;
26;2025-12-21;8;369.945;1.0;1.0;1.0;370.0;
26;2025-12-21;9;508.007;1.0;1.0;1.0;508.0;
26;2025-12-21;10;571.447;1.0;1.0;0.999;571.0;
26;2025-12-21;11;798.956;1.0;1.0;1.0;799.0;
26;2025-12-21;12;789.233;1.0;1.0;1.0;789.0;
26;2025-12-21;13;848.541;1.0;1.0;1.0;849.0;
26;2025-12-21;14;829.339;1.0;1.0;1.0;829.0;
26;2025-12-21;15;758.364;1.0;1.0;1.0;758.0;
26;2025-12-21;16;723.849;1.0;1.0;1.0;724.0;
26;2025-12-21;17;747.912;1.0;1.0;1.0;748.0;
26;2025-12-21;18;670.86;1.0;1.0;1.0;671.0;
26;2025-12-21;19;490.992;1.0;1.0;1.0;491.0;
26;2025-12-21;20;385.015;1.0;1.0;1.0;385.0;
26;2025-12-21;21;267.372;1.0;1.0;0.999;267.0;
26;2025-12-21;22;154.103;1.0;1.0;0.999;154.0;
26;2025-12-21;23;102.087;1.0;1.0;0.999;102.0;
26;2025-12-22;0;31.9;1.0;1.0;1.003;32.0;
26;2025-12-22;1;1.172;1.0;1.0;0.853;1.0;
26;2025-12-22;2;0.062;1.0;1.0;0.0;0.0;
26;2025-12-22;3;0.0;1.0;1.0;1.0;0.0;
26;2025-12-22;4;2.283;1.0;1.0;0.876;2.0;
26;2025-12-22;5;95.76;1.0;1.0;1.002;96.0;
26;2025-12-22;6;455.973;1.0;1.0;1.0;456.0;
26;2025-12-22;7;1096.247;1.0;1.0;1.0;1096.0;
26;2025-12-22;8;2254.134;1.0;1.0;1.0;2254.0;
26;2025-12-22;9;1453.93;1.0;1.0;1.0;1454.0;
26;2025-12-22;10;1219.897;1.0;1.0;1.0;1220.0;
26;2025-12-22;11;1093.471;1.0;1.0;1.0;1093.0;
26;2025-12-22;12;1149.125;1.0;1.0;1.0;1149.0;
26;2025-12-22;13;1162.453;1.0;1.0;1.0;1162.0;
26;2025-12-22;14;1314.547;1.0;1.0;1.0;1315.0;
26;2025-12-22;15;1367.486;1.0;1.0;1.0;1367.0;
26;2025-12-22;16;1458.804;1.0;1.0;1.0;1459.0;
26;2025-12-22;17;1706.473;1.0;1.0;1.0;1706.0;
26;2025-12-22;18;1871.771;1.0;1.0;1.0;1872.0;
26;2025-12-22;19;1223.537;1.0;1.0;1.0;1224.0;
26;2025-12-22;20;736.652;1.0;1.0;1.0;737.0;
26;2025-12-22;21;490.649;1.0;1.0;1.001;491.0;
26;2025-12-22;22;199.665;1.0;1.0;1.002;200.0;
26;2025-12-22;23;120.009;1.0;1.0;1.0;120.0;
26;2025-12-23;0;31.9;1.0;1.0;1.003;32.0;
26;2025-12-23;1;1.172;1.0;1.0;0.853;1.0;
26;2025-12-23;2;0.062;1.0;1.0;0.0;0.0;
26;2025-12-23;3;0.0;1.0;1.0;1.0;0.0;
26;2025-12-23;4;2.283;1.0;1.0;0.876;2.0;
26;2025-12-23;5;95.76;1.0;1.0;1.002;96.0;
26;2025-12-23;6;455.973;1.0;1.0;1.0;456.0;
26;2025-12-23;7;1096.247;1.0;1.0;1.0;1096.0;
26;2025-12-23;8;2254.134;1.0;1.0;1.0;2254.0;
26;2025-12-23;9;1453.93;1.0;1.0;1.0;1454.0;
26;2025-12-23;10;1219.897;1.0;1.0;1.0;1220.0;
26;2025-12-23;11;1093.471;1.0;1.0;1.0;1093.0;
26;2025-12-23;12;1149.125;1.0;1.0;1.0;1149.0;
26;2025-12-23;13;1162.453;1.0;1.0;1.0;1162.0;
26;2025-12-23;14;1314.547;1.0;1.0;1.0;1315.0;
26;2025-12-23;15;1367.486;1.0;1.0;1.0;1367.0;
26;2025-12-23;16;1458.804;1.0;1.0;1.0;1459.0;
26;2025-12-23;17;1706.473;1.0;1.0;1.0;1706.0;
26;2025-12-23;18;1871.771;1.0;1.0;1.0;1872.0;
26;2025-12-23;19;1223.537;1.0;1.0;1.0;1224.0;
26;2025-12-23;20;736.652;1.0;1.0;1.0;737.0;
26;2025-12-23;21;490.649;1.0;1.0;1.001;491.0;
26;2025-12-23;22;199.665;1.0;1.0;1.002;200.0;
26;2025-12-23;23;120.009;1.0;1.0;1.0;120.0;
26;2025-12-24;0;31.9;1.0;1.0;1.003;32.0;
26;2025-12-24;1;1.172;1.0;1.0;0.853;1.0;
26;2025-12-24;2;0.062;1.0;1.0;0.0;0.0;
26;2025-12-24;3;0.0;1.0;1.0;1.0;0.0;
26;2025-12-24;4;2.283;1.0;1.0;0.876;2.0;
26;2025-12-24;5;95.76;1.0;1.0;1.002;96.0;
26;2025-12-24;6;455.973;1.0;1.0;1.0;456.0;
26;2025-12-24;7;1096.247;1.0;1.0;1.0;1096.0;
26;2025-12-24;8;2254.134;1.0;1.0;1.0;2254.0;
26;2025-12-24;9;1453.93;1.0;1.0;1.0;1454.0;
26;2025-12-24;10;1219.897;1.0;1.0;1.0;1220.0;
26;2025-12-24;11;1093.471;1.0;1.0;1.0;1093.0;
26;2025-12-24;12;1149.125;1.0;1.0;1.0;1149.0;
26;2025-12-24;13;1162.453;1.0;1.0;1.0;1162.0;
26;2025-12-24;14;1314.547;1.0;1.0;1.0;1315.0;
26;2025-12-24;15;1367.486;1.0;1.0;1.0;1367.0;
26;2025-12-24;16;1458.804;1.0;1.0;1.0;1459.0;
26;2025-12-24;17;1706.473;1.0;1.0;1.0;1706.0;
26;2025-12-24;18;1871.771;1.0;1.0;1.0;1872.0;
26;2025-12-24;19;1223.537;1.0;1.0;1.0;1224.0;
26;2025-12-24;20;736.652;1.0;1.0;1.0;737.0;
26;2025-12-24;21;490.649;1.0;1.0;1.001;491.0;
26;2025-12-24;22;199.665;1.0;1.0;1.002;200.0;
26;2025-12-24;23;120.009;1.0;1.0;1.0;120.0;
26;2025-12-25;0;31.9;1.0;1.0;1.003;32.0;
26;2025-12-25;1;1.172;1.0;1.0;0.853;1.0;
26;2025-12-25;2;0.062;1.0;1.0;0.0;0.0;
26;2025-12-25;3;0.0;1.0;1.0;1.0;0.0;
26;2025-12-25;4;2.283;1.0;1.0;0.876;2.0;
26;2025-12-25;5;95.76;1.0;1.0;1.002;96.0;
26;2025-12-25;6;455.973;1.0;1.0;1.0;456.0;
26;2025-12-25;7;1096.247;1.0;1.0;1.0;1096.0;
26;2025-12-25;8;2254.134;1.0;1.0;1.0;2254.0;
26;2025-12-25;9;1453.93;1.0;1.0;1.0;1454.0;
26;2025-12-25;10;1219.897;1.0;1.0;1.0;1220.0;
26;2025-12-25;11;1093.471;1.0;1.0;1.0;1093.0;
26;2025-12-25;12;1149.125;1.0;1.0;1.0;1149.0;
26;2025-12-25;13;1162.453;1.0;1.0;1.0;1162.0;
26;2025-12-25;14;1314.547;1.0;1.0;1.0;1315.0;
26;2025-12-25;15;1367.486;1.0;1.0;1.0;1367.0;
26;2025-12-25;16;1458.804;1.0;1.0;1.0;1459.0;
26;2025-12-25;17;1706.473;1.0;1.0;1.0;1706.0;
26;2025-12-25;18;1871.771;1.0;1.0;1.0;1872.0;
26;2025-12-25;19;1223.537;1.0;1.0;1.0;1224.0;
26;2025-12-25;20;736.652;1.0;1.0;1.0;737.0;
26;2025-12-25;21;490.649;1.0;1.0;1.001;491.0;
26;2025-12-25;22;199.665;1.0;1.0;1.002;200.0;
26;2025-12-25;23;120.009;1.0;1.0;1.0;120.0;
26;2025-12-26;0;29.516;1.0;1.0;1.016;30.0;
26;2025-12-26;1;0.72;1.0;1.0;1.389;1.0;
26;2025-12-26;2;0.0;1.0;1.0;1.0;0.0;
26;2025-12-26;3;0.0;1.0;1.0;1.0;0.0;
26;2025-12-26;4;0.96;1.0;1.0;1.042;1.0;
26;2025-12-26;5;79.669;1.0;1.0;1.004;80.0;
26;2025-12-26;6;464.814;1.0;1.0;1.0;465.0;
26;2025-12-26;7;980.26;1.0;1.0;1.0;980.0;
26;2025-12-26;8;2124.417;1.0;1.0;1.0;2124.0;
26;2025-12-26;9;1329.65;1.0;1.0;1.0;1330.0;
26;2025-12-26;10;1194.79;1.0;1.0;1.0;1195.0;
26;2025-12-26;11;1067.128;1.0;1.0;1.0;1067.0;
26;2025-12-26;12;1058.729;1.0;1.0;1.0;1059.0;
26;2025-12-26;13;1091.604;1.0;1.0;1.0;1092.0;
26;2025-12-26;14;1307.333;1.0;1.0;1.0;1307.0;
26;2025-12-26;15;1291.736;1.0;1.0;1.0;1292.0;
26;2025-12-26;16;1578.975;1.0;1.0;1.0;1579.0;
26;2025-12-26;17;1700.877;1.0;1.0;1.0;1701.0;
26;2025-12-26;18;1246.382;1.0;1.0;1.0;1246.0;
26;2025-12-26;19;976.901;1.0;1.0;1.0;977.0;
26;2025-12-26;20;621.751;1.0;1.0;1.0;622.0;
26;2025-12-26;21;443.937;1.0;1.0;1.0;444.0;
26;2025-12-26;22;186.453;1.0;1.0;0.998;186.0;
26;2025-12-26;23;145.899;1.0;1.0;1.001;146.0;
26;2025-12-27;0;52.311;1.0;1.0;0.994;52.0;
26;2025-12-27;1;2.012;1.0;1.0;0.994;2.0;
26;2025-12-27;2;0.0;1.0;1.0;1.0;0.0;
26;2025-12-27;3;0.0;1.0;1.0;1.0;0.0;
26;2025-12-27;4;1.76;1.0;1.0;1.136;2.0;
26;2025-12-27;5;51.305;1.0;1.0;0.994;51.0;
26;2025-12-27;6;232.886;1.0;1.0;1.0;233.0;
26;2025-12-27;7;372.216;1.0;1.0;0.999;372.0;
26;2025-12-27;8;622.204;1.0;1.0;1.0;622.0;
26;2025-12-27;9;671.749;1.0;1.0;1.0;672.0;
26;2025-12-27;10;831.701;1.0;1.0;1.0;832.0;
26;2025-12-27;11;997.689;1.0;1.0;1.0;998.0;
26;2025-12-27;12;1075.653;1.0;1.0;1.0;1076.0;
26;2025-12-27;13;1050.755;1.0;1.0;1.0;1051.0;
26;2025-12-27;14;1101.306;1.0;1.0;1.0;1101.0;
26;2025-12-27;15;991.402;1.0;1.0;1.0;991.0;
26;2025-12-27;16;1040.192;1.0;1.0;1.0;1040.0;
26;2025-12-27;17;950.911;1.0;1.0;1.0;951.0;
26;2025-12-27;18;878.479;1.0;1.0;1.0;878.0;
26;2025-12-27;19;764.048;1.0;1.0;1.0;764.0;
26;2025-12-27;20;538.455;1.0;1.0;0.999;538.0;
26;2025-12-27;21;350.084;1.0;1.0;1.0;350.0;
26;2025-12-27;22;201.198;1.0;1.0;0.999;201.0;
26;2025-12-27;23;156.683;1.0;1.0;1.002;157.0;
26;2025-12-28;0;47.641;1.0;1.0;1.008;48.0;
26;2025-12-28;1;3.646;1.0;1.0;1.097;4.0;
26;2025-12-28;2;0.0;1.0;1.0;1.0;0.0;
26;2025-12-28;3;0.0;1.0;1.0;1.0;0.0;
26;2025-12-28;4;1.458;1.0;1.0;0.686;1.0;
26;2025-12-28;5;19.931;1.0;1.0;1.003;20.0;
26;2025-12-28;6;151.673;1.0;1.0;1.002;152.0;
26;2025-12-28;7;249.628;1.0;1.0;1.002;250.0;
26;2025-12-28;8;369.945;1.0;1.0;1.0;370.0;
26;2025-12-28;9;508.007;1.0;1.0;1.0;508.0;
26;2025-12-28;10;571.447;1.0;1.0;0.999;571.0;
26;2025-12-28;11;798.956;1.0;1.0;1.0;799.0;
26;2025-12-28;12;789.233;1.0;1.0;1.0;789.0;
26;2025-12-28;13;848.541;1.0;1.0;1.0;849.0;
26;2025-12-28;14;829.339;1.0;1.0;1.0;829.0;
26;2025-12-28;15;758.364;1.0;1.0;1.0;758.0;
26;2025-12-28;16;723.849;1.0;1.0;1.0;724.0;
26;2025-12-28;17;747.912;1.0;1.0;1.0;748.0;
26;2025-12-28;18;670.86;1.0;1.0;1.0;671.0;
26;2025-12-28;19;490.992;1.0;1.0;1.0;491.0;
26;2025-12-28;20;385.015;1.0;1.0;1.0;385.0;
26;2025-12-28;21;267.372;1.0;1.0;0.999;267.0;
26;2025-12-28;22;154.103;1.0;1.0;0.999;154.0;
26;2025-12-28;23;102.087;1.0;1.0;0.999;102.0;
26;2025-12-29;0;31.9;0.88;1.0;0.997;28.0;
26;2025-12-29;1;1.172;0.88;1.0;0.969;1.0;
26;2025-12-29;2;0.062;0.88;1.0;0.0;0.0;
26;2025-12-29;3;0.0;0.88;1.0;1.0;0.0;
26;2025-12-29;4;2.283;0.88;1.0;0.996;2.0;
26;2025-12-29;5;95.76;0.88;1.0;0.997;84.0;
26;2025-12-29;6;455.973;0.88;1.0;0.999;401.0;
26;2025-12-29;7;1096.247;0.88;1.0;1.0;965.0;
26;2025-12-29;8;2254.134;0.88;1.0;1.0;1984.0;
26;2025-12-29;9;1453.93;0.88;1.0;1.0;1279.0;
26;2025-12-29;10;1219.897;0.88;1.0;1.0;1074.0;
26;2025-12-29;11;1093.471;0.88;1.0;1.0;962.0;
26;2025-12-29;12;1149.125;0.88;1.0;1.0;1011.0;
26;2025-12-29;13;1162.453;0.88;1.0;1.0;1023.0;
26;2025-12-29;14;1314.547;0.88;1.0;1.0;1157.0;
26;2025-12-29;15;1367.486;0.88;1.0;1.0;1203.0;
26;2025-12-29;16;1458.804;0.88;1.0;1.0;1284.0;
26;2025-12-29;17;1706.473;0.88;1.0;1.0;1502.0;
26;2025-12-29;18;1871.771;0.88;1.0;1.0;1647.0;
26;2025-12-29;19;1223.537;0.88;1.0;1.0;1077.0;
26;2025-12-29;20;736.652;0.88;1.0;1.0;648.0;
26;2025-12-29;21;490.649;0.88;1.0;1.0;432.0;
26;2025-12-29;22;199.665;0.88;1.0;1.002;176.0;
26;2025-12-29;23;120.009;0.88;1.0;1.004;106.0;
26;2025-12-30;0;31.9;0.88;1.0;0.997;28.0;
26;2025-12-30;1;1.172;0.88;1.0;0.969;1.0;
26;2025-12-30;2;0.062;0.88;1.0;0.0;0.0;
26;2025-12-30;3;0.0;0.88;1.0;1.0;0.0;
26;2025-12-30;4;2.283;0.88;1.0;0.996;2.0;
26;2025-12-30;5;95.76;0.88;1.0;0.997;84.0;
26;2025-12-30;6;455.973;0.88;1.0;0.999;401.0;
26;2025-12-30;7;1096.247;0.88;1.0;1.0;965.0;
26;2025-12-30;8;2254.134;0.88;1.0;1.0;1984.0;
26;2025-12-30;9;1453.93;0.88;1.0;1.0;1279.0;
26;2025-12-30;10;1219.897;0.88;1.0;1.0;1074.0;
26;2025-12-30;11;1093.471;0.88;1.0;1.0;962.0;
26;2025-12-30;12;1149.125;0.88;1.0;1.0;1011.0;
26;2025-12-30;13;1162.453;0.88;1.0;1.0;1023.0;
26;2025-12-30;14;1314.547;0.88;1.0;1.0;1157.0;
26;2025-12-30;15;1367.486;0.88;1.0;1.0;1203.0;
26;2025-12-30;16;1458.804;0.88;1.0;1.0;1284.0;
26;2025-12-30;17;1706.473;0.88;1.0;1.0;1502.0;
26;2025-12-30;18;1871.771;0.88;1.0;1.0;1647.0;
26;2025-12-30;19;1223.537;0.88;1.0;1.0;1077.0;
26;2025-12-30;20;736.652;0.88;1.0;1.0;648.0;
26;2025-12-30;21;490.649;0.88;1.0;1.0;432.0;
26;2025-12-30;22;199.665;0.88;1.0;1.002;176.0;
26;2025-12-30;23;120.009;0.88;1.0;1.004;106.0;
26;2025-12-31;0;52.311;0.8;1.0;1.004;42.0;
26;2025-12-31;1;2.012;0.8;1.0;1.243;2.0;
26;2025-12-31;2;0.0;0.8;1.0;1.0;0.0;
26;2025-12-31;3;0.0;0.8;1.0;1.0;0.0;
26;2025-12-31;4;1.76;0.8;1.0;0.71;1.0;
26;2025-12-31;5;51.305;0.8;1.0;0.999;41.0;
26;2025-12-31;6;232.886;0.8;1.0;0.998;186.0;
26;2025-12-31;7;372.216;0.8;1.0;1.001;298.0;
26;2025-12-31;8;622.204;0.8;1.0;1.0;498.0;
26;2025-12-31;9;671.749;0.8;1.0;0.999;537.0;
26;2025-12-31;10;831.701;0.8;1.0;1.0;665.0;
26;2025-12-31;11;997.689;0.8;1.0;1.0;798.0;
26;2025-12-31;12;1075.653;0.8;1.0;1.001;861.0;
26;2025-12-31;13;1050.755;0.8;1.0;1.0;841.0;
26;2025-12-31;14;1101.306;0.8;1.0;1.0;881.0;
26;2025-12-31;15;991.402;0.8;1.0;1.0;793.0;
26;2025-12-31;16;1040.192;0.8;1.0;1.0;832.0;
26;2025-12-31;17;950.911;0.8;1.0;1.0;761.0;
26;2025-12-31;18;878.479;0.8;1.0;1.0;703.0;
26;2025-12-31;19;764.048;0.8;1.0;1.0;611.0;
26;2025-12-31;20;538.455;0.8;1.0;0.0;0.0;free fare New Year night
26;2025-12-31;21;350.084;0.8;1.0;0.0;0.0;free fare New Year night
26;2025-12-31;22;201.198;0.8;1.0;0.0;0.0;free fare New Year night
26;2025-12-31;23;156.683;0.8;1.0;0.0;0.0;free fare New Year night
28;2025-11-01;0;1.757;0.8;1.0;0.0;0.0;
28;2025-11-01;1;0.0;0.8;1.0;1.0;0.0;
28;2025-11-01;2;0.0;0.8;1.0;1.0;0.0;
28;2025-11-01;3;0.0;0.8;1.0;1.0;0.0;
28;2025-11-01;4;1.506;0.8;1.0;0.83;1.0;
28;2025-11-01;5;75.783;0.8;1.0;1.006;61.0;
28;2025-11-01;6;279.796;0.8;1.0;1.001;224.0;
28;2025-11-01;7;858.711;0.8;1.0;1.0;687.0;
28;2025-11-01;8;1320.437;0.8;1.0;1.0;1056.0;
28;2025-11-01;9;845.662;0.8;1.0;1.001;677.0;
28;2025-11-01;10;635.125;0.8;1.0;1.0;508.0;
28;2025-11-01;11;607.02;0.8;1.0;1.001;486.0;
28;2025-11-01;12;799.74;0.8;1.0;1.0;640.0;
28;2025-11-01;13;728.725;0.8;1.0;1.0;583.0;
28;2025-11-01;14;716.178;0.8;1.0;1.0;573.0;
28;2025-11-01;15;734.998;0.8;1.0;1.0;588.0;
28;2025-11-01;16;965.108;0.8;1.0;1.0;772.0;
28;2025-11-01;17;1011.281;0.8;1.0;1.0;809.0;
28;2025-11-01;18;884.808;0.8;1.0;1.0;708.0;
28;2025-11-01;19;658.964;0.8;1.0;1.0;527.0;
28;2025-11-01;20;429.104;0.8;1.0;0.999;343.0;
28;2025-11-01;21;332.744;0.8;1.0;0.999;266.0;
28;2025-11-01;22;128.982;0.8;1.0;0.998;103.0;
28;2025-11-01;23;19.071;0.8;1.0;0.983;15.0;
28;2025-11-02;0;1.81;1.0;1.0;1.105;2.0;
28;2025-11-02;1;0.0;1.0;1.0;1.0;0.0;
28;2025-11-02;2;0.0;1.0;1.0;1.0;0.0;
28;2025-11-02;3;0.0;1.0;1.0;1.0;0.0;
28;2025-11-02;4;0.259;1.0;1.0;0.0;0.0;
28;2025-11-02;5;30.256;1.0;1.0;0.992;30.0;
28;2025-11-02;6;78.354;1.0;1.0;0.996;78.0;
28;2025-11-02;7;167.828;1.0;1.0;1.001;168.0;
28;2025-11-02;8;260.146;1.0;1.0;0.999;260.0;
28;2025-11-02;9;359.963;1.0;1.0;1.0;360.0;
28;2025-11-02;10;405.476;1.0;1.0;0.999;405.0;
28;2025-11-02;11;444.265;1.0;1.0;0.999;444.0;
28;2025-11-02;12;458.747;1.0;1.0;1.001;459.0;
28;2025-11-02;13;559.081;1.0;1.0;1.0;559.0;
28;2025-11-02;14;529.601;1.0;1.0;1.001;530.0;
28;2025-11-02;15;525.205;1.0;1.0;1.0;525.0;
28;2025-11-02;16;469.866;1.0;1.0;1.0;470.0;
28;2025-11-02;17;507.621;1.0;1.0;1.001;508.0;
28;2025-11-02;18;435.732;1.0;1.0;1.001;436.0;
28;2025-11-02;19;394.098;1.0;1.0;1.0;394.0;
28;2025-11-02;20;296.608;1.0;1.0;1.001;297.0;
28;2025-11-02;21;238.424;1.0;1.0;0.998;238.0;
28;2025-11-02;22;112.23;1.0;1.0;0.998;112.0;
28;2025-11-02;23;12.93;1.0;1.0;1.005;13.0;
28;2025-11-03;0;1.81;1.0;1.0;1.105;2.0;
28;2025-11-03;1;0.0;1.0;1.0;1.0;0.0;
28;2025-11-03;2;0.0;1.0;1.0;1.0;0.0;
28;2025-11-03;3;0.0;1.0;1.0;1.0;0.0;
28;2025-11-03;4;0.259;1.0;1.0;0.0;0.0;
28;2025-11-03;5;30.256;1.0;1.0;0.992;30.0;
28;2025-11-03;6;78.354;1.0;1.0;0.996;78.0;
28;2025-11-03;7;167.828;1.0;1.0;1.001;168.0;
28;2025-11-03;8;260.146;1.0;1.0;0.999;260.0;
28;2025-11-03;9;359.963;1.0;1.0;1.0;360.0;
28;2025-11-03;10;405.476;1.0;1.0;0.999;405.0;
28;2025-11-03;11;444.265;1.0;1.0;0.999;444.0;
28;2025-11-03;12;458.747;1.0;1.0;1.001;459.0;
28;2025-11-03;13;559.081;1.0;1.0;1.0;559.0;
28;2025-11-03;14;529.601;1.0;1.0;1.001;530.0;
28;2025-11-03;15;525.205;1.0;1.0;1.0;525.0;
28;2025-11-03;16;469.866;1.0;1.0;1.0;470.0;
28;2025-11-03;17;507.621;1.0;1.0;1.001;508.0;
28;2025-11-03;18;435.732;1.0;1.0;1.001;436.0;
28;2025-11-03;19;394.098;1.0;1.0;1.0;394.0;
28;2025-11-03;20;296.608;1.0;1.0;1.001;297.0;
28;2025-11-03;21;238.424;1.0;1.0;0.998;238.0;
28;2025-11-03;22;112.23;1.0;1.0;0.998;112.0;
28;2025-11-03;23;12.93;1.0;1.0;1.005;13.0;
28;2025-11-04;0;1.81;1.0;1.0;1.105;2.0;
28;2025-11-04;1;0.0;1.0;1.0;1.0;0.0;
28;2025-11-04;2;0.0;1.0;1.0;1.0;0.0;
28;2025-11-04;3;0.0;1.0;1.0;1.0;0.0;
28;2025-11-04;4;0.259;1.0;1.0;0.0;0.0;
28;2025-11-04;5;30.256;1.0;1.0;0.992;30.0;
28;2025-11-04;6;78.354;1.0;1.0;0.996;78.0;
28;2025-11-04;7;167.828;1.0;1.0;1.001;168.0;
28;2025-11-04;8;260.146;1.0;1.0;0.999;260.0;
28;2025-11-04;9;359.963;1.0;1.0;1.0;360.0;
28;2025-11-04;10;405.476;1.0;1.0;0.999;405.0;
28;2025-11-04;11;444.265;1.0;1.0;0.999;444.0;
28;2025-11-04;12;458.747;1.0;1.0;1.001;459.0;
28;2025-11-04;13;559.081;1.0;1.0;1.0;559.0;
28;2025-11-04;14;529.601;1.0;1.0;1.001;530.0;
28;2025-11-04;15;525.205;1.0;1.0;1.0;525.0;
28;2025-11-04;16;469.866;1.0;1.0;1.0;470.0;
28;2025-11-04;17;507.621;1.0;1.0;1.001;508.0;
28;2025-11-04;18;435.732;1.0;1.0;1.001;436.0;
28;2025-11-04;19;394.098;1.0;1.0;1.0;394.0;
28;2025-11-04;20;296.608;1.0;1.0;1.001;297.0;
28;2025-11-04;21;238.424;1.0;1.0;0.998;238.0;
28;2025-11-04;22;112.23;1.0;1.0;0.998;112.0;
28;2025-11-04;23;12.93;1.0;1.0;1.005;13.0;
28;2025-11-05;0;2.658;1.0;1.0;1.128;3.0;
28;2025-11-05;1;0.633;1.0;1.0;1.58;1.0;
28;2025-11-05;2;0.0;1.0;1.0;1.0;0.0;
28;2025-11-05;3;0.0;1.0;1.0;1.0;0.0;
28;2025-11-05;4;1.456;1.0;1.0;0.687;1.0;
28;2025-11-05;5;77.597;1.0;1.0;1.005;78.0;
28;2025-11-05;6;250.955;1.0;1.0;1.0;251.0;
28;2025-11-05;7;788.942;1.0;1.0;1.0;789.0;
28;2025-11-05;8;1290.916;1.0;1.0;1.0;1291.0;
28;2025-11-05;9;830.462;1.0;1.0;0.999;830.0;
28;2025-11-05;10;617.293;1.0;1.0;1.0;617.0;
28;2025-11-05;11;563.81;1.0;1.0;1.0;564.0;
28;2025-11-05;12;704.763;1.0;1.0;1.0;705.0;
28;2025-11-05;13;706.598;1.0;1.0;1.001;707.0;
28;2025-11-05;14;668.243;1.0;1.0;1.0;668.0;
28;2025-11-05;15;695.396;1.0;1.0;0.999;695.0;
28;2025-11-05;16;893.881;1.0;1.0;1.0;894.0;
28;2025-11-05;17;1053.948;1.0;1.0;1.0;1054.0;
28;2025-11-05;18;1021.606;1.0;1.0;1.0;1022.0;
28;2025-11-05;19;756.853;1.0;1.0;1.0;757.0;
28;2025-11-05;20;521.278;1.0;1.0;1.0;521.0;
28;2025-11-05;21;322.729;1.0;1.0;1.001;323.0;
28;2025-11-05;22;116.585;1.0;1.0;1.004;117.0;
28;2025-11-05;23;11.899;1.0;1.0;1.008;12.0;
28;2025-11-06;0;2.658;1.0;1.0;1.128;3.0;
28;2025-11-06;1;0.633;1.0;1.0;1.58;1.0;
28;2025-11-06;2;0.0;1.0;1.0;1.0;0.0;
28;2025-11-06;3;0.0;1.0;1.0;1.0;0.0;
28;2025-11-06;4;1.456;1.0;1.0;0.687;1.0;
28;2025-11-06;5;77.597;1.0;1.0;1.005;78.0;
28;2025-11-06;6;250.955;1.0;1.0;1.0;251.0;
28;2025-11-06;7;788.942;1.0;1.0;1.0;789.0;
28;2025-11-06;8;1290.916;1.0;1.0;1.0;1291.0;
28;2025-11-06;9;830.462;1.0;1.0;0.999;830.0;
28;2025-11-06;10;617.293;1.0;1.0;1.0;617.0;
28;2025-11-06;11;563.81;1.0;1.0;1.0;564.0;
28;2025-11-06;12;704.763;1.0;1.0;1.0;705.0;
28;2025-11-06;13;706.598;1.0;1.0;1.001;707.0;
28;2025-11-06;14;668.243;1.0;1.0;1.0;668.0;
28;2025-11-06;15;695.396;1.0;1.0;0.999;695.0;
28;2025-11-06;16;893.881;1.0;1.0;1.0;894.0;
28;2025-11-06;17;1053.948;1.0;1.0;1.0;1054.0;
28;2025-11-06;18;1021.606;1.0;1.0;1.0;1022.0;
28;2025-11-06;19;756.853;1.0;1.0;1.0;757.0;
28;2025-11-06;20;521.278;1.0;1.0;1.0;521.0;
28;2025-11-06;21;322.729;1.0;1.0;1.001;323.0;
28;2025-11-06;22;116.585;1.0;1.0;1.004;117.0;
28;2025-11-06;23;11.899;1.0;1.0;1.008;12.0;
28;2025-11-07;0;1.757;1.0;1.0;1.139;2.0;
28;2025-11-07;1;0.0;1.0;1.0;1.0;0.0;
28;2025-11-07;2;0.0;1.0;1.0;1.0;0.0;
28;2025-11-07;3;0.0;1.0;1.0;1.0;0.0;
28;2025-11-07;4;1.506;1.0;1.0;1.328;2.0;
28;2025-11-07;5;75.783;1.0;1.0;1.003;76.0;
28;2025-11-07;6;279.796;1.0;1.0;1.001;280.0;
28;2025-11-07;7;858.711;1.0;1.0;1.0;859.0;
28;2025-11-07;8;1320.437;1.0;1.0;1.0;1320.0;
28;2025-11-07;9;845.662;1.0;1.0;1.0;846.0;
28;2025-11-07;10;635.125;1.0;1.0;1.0;635.0;
28;2025-11-07;11;607.02;1.0;1.0;1.0;607.0;
28;2025-11-07;12;799.74;1.0;1.0;1.0;800.0;
28;2025-11-07;13;728.725;1.0;1.0;1.0;729.0;
28;2025-11-07;14;716.178;1.0;1.0;1.0;716.0;
28;2025-11-07;15;734.998;1.0;1.0;1.0;735.0;
28;2025-11-07;16;965.108;1.0;1.0;1.0;965.0;
28;2025-11-07;17;1011.281;1.0;1.0;1.0;1011.0;
28;2025-11-07;18;884.808;1.0;1.0;1.0;885.0;
28;2025-11-07;19;658.964;1.0;1.0;1.0;659.0;
28;2025-11-07;20;429.104;1.0;1.0;1.0;429.0;
28;2025-11-07;21;332.744;1.0;1.0;1.001;333.0;
28;2025-11-07;22;128.982;1.0;1.0;1.0;129.0;
28;2025-11-07;23;19.071;1.0;1.0;0.996;19.0;
28;2025-11-08;0;1.763;1.0;1.0;1.135;2.0;
28;2025-11-08;1;0.0;1.0;1.0;1.0;0.0;
28;2025-11-08;2;0.0;1.0;1.0;1.0;0.0;
28;2025-11-08;3;0.0;1.0;1.0;1.0;0.0;
28;2025-11-08;4;1.007;1.0;1.0;0.993;1.0;
28;2025-11-08;5;39.28;1.0;1.0;0.993;39.0;
28;2025-11-08;6;106.762;1.0;1.0;1.002;107.0;
28;2025-11-08;7;234.676;1.0;1.0;1.001;235.0;
28;2025-11-08;8;408.164;1.0;1.0;1.0;408.0;
28;2025-11-08;9;460.035;1.0;1.0;1.0;460.0;
28;2025-11-08;10;501.833;1.0;1.0;1.0;502.0;
28;2025-11-08;11;507.121;1.0;1.0;1.0;507.0;
28;2025-11-08;12;600.79;1.0;1.0;1.0;601.0;
28;2025-11-08;13;606.329;1.0;1.0;1.0;606.0;
28;2025-11-08;14;562.265;1.0;1.0;1.0;562.0;
28;2025-11-08;15;609.351;1.0;1.0;0.999;609.0;
28;2025-11-08;16;612.624;1.0;1.0;1.001;613.0;
28;2025-11-08;17;587.948;1.0;1.0;1.0;588.0;
28;2025-11-08;18;507.373;1.0;1.0;0.999;507.0;
28;2025-11-08;19;383.992;1.0;1.0;1.0;384.0;
28;2025-11-08;20;283.776;1.0;1.0;1.001;284.0;
28;2025-11-08;21;257.841;1.0;1.0;1.001;258.0;
28;2025-11-08;22;102.985;1.0;1.0;1.0;103.0;
28;2025-11-08;23;12.086;1.0;1.0;0.993;12.0;
28;2025-11-09;0;1.81;1.0;1.0;1.105;2.0;
28;2025-11-09;1;0.0;1.0;1.0;1.0;0.0;
28;2025-11-09;2;0.0;1.0;1.0;1.0;0.0;
28;2025-11-09;3;0.0;1.0;1.0;1.0;0.0;
28;2025-11-09;4;0.259;1.0;1.0;0.0;0.0;
28;2025-11-09;5;30.256;1.0;1.0;0.992;30.0;
28;2025-11-09;6;78.354;1.0;1.0;0.996;78.0;
28;2025-11-09;7;167.828;1.0;1.0;1.001;168.0;
28;2025-11-09;8;260.146;1.0;1.0;0.999;260.0;
28;2025-11-09;9;359.963;1.0;1.0;1.0;360.0;
28;2025-11-09;10;405.476;1.0;1.0;0.999;405.0;
28;2025-11-09;11;444.265;1.0;1.0;0.999;444.0;
28;2025-11-09;12;458.747;1.0;1.0;1.001;459.0;
28;2025-11-09;13;559.081;1.0;1.0;1.0;559.0;
28;2025-11-09;14;529.601;1.0;1.0;1.001;530.0;
28;2025-11-09;15;525.205;1.0;1.0;1.0;525.0;
28;2025-11-09;16;469.866;1.0;1.0;1.0;470.0;
28;2025-11-09;17;507.621;1.0;1.0;1.001;508.0;
28;2025-11-09;18;435.732;1.0;1.0;1.001;436.0;
28;2025-11-09;19;394.098;1.0;1.0;1.0;394.0;
28;2025-11-09;20;296.608;1.0;1.0;1.001;297.0;
28;2025-11-09;21;238.424;1.0;1.0;0.998;238.0;
28;2025-11-09;22;112.23;1.0;1.0;0.998;112.0;
28;2025-11-09;23;12.93;1.0;1.0;1.005;13.0;
28;2025-11-10;0;2.658;1.0;1.0;1.128;3.0;
28;2025-11-10;1;0.633;1.0;1.0;1.58;1.0;
28;2025-11-10;2;0.0;1.0;1.0;1.0;0.0;
28;2025-11-10;3;0.0;1.0;1.0;1.0;0.0;
28;2025-11-10;4;1.456;1.0;1.0;0.687;1.0;
28;2025-11-10;5;77.597;1.0;1.0;1.005;78.0;
28;2025-11-10;6;250.955;1.0;1.0;1.0;251.0;
28;2025-11-10;7;788.942;1.0;1.0;1.0;789.0;
28;2025-11-10;8;1290.916;1.0;1.0;1.0;1291.0;
28;2025-11-10;9;830.462;1.0;1.0;0.999;830.0;
28;2025-11-10;10;617.293;1.0;1.0;1.0;617.0;
28;2025-11-10;11;563.81;1.0;1.0;1.0;564.0;
28;2025-11-10;12;704.763;1.0;1.0;1.0;705.0;
28;2025-11-10;13;706.598;1.0;1.0;1.001;707.0;
28;2025-11-10;14;668.243;1.0;1.0;1.0;668.0;
28;2025-11-10;15;695.396;1.0;1.0;0.999;695.0;
28;2025-11-10;16;893.881;1.0;1.0;1.0;894.0;
28;2025-11-10;17;1053.948;1.0;1.0;1.0;1054.0;
28;2025-11-10;18;1021.606;1.0;1.0;1.0;1022.0;
28;2025-11-10;19;756.853;1.0;1.0;1.0;757.0;
28;2025-11-10;20;521.278;1.0;1.0;1.0;521.0;
28;2025-11-10;21;322.729;1.0;1.0;1.001;323.0;
28;2025-11-10;22;116.585;1.0;1.0;1.004;117.0;
28;2025-11-10;23;11.899;1.0;1.0;1.008;12.0;
28;2025-11-11;0;2.658;1.0;1.0;1.128;3.0;
28;2025-11-11;1;0.633;1.0;1.0;1.58;1.0;
28;2025-11-11;2;0.0;1.0;1.0;1.0;0.0;
28;2025-11-11;3;0.0;1.0;1.0;1.0;0.0;
28;2025-11-11;4;1.456;1.0;1.0;0.687;1.0;
28;2025-11-11;5;77.597;1.0;1.0;1.005;78.0;
28;2025-11-11;6;250.955;1.0;1.0;1.0;251.0;
28;2025-11-11;7;788.942;1.0;1.0;1.0;789.0;
28;2025-11-11;8;1290.916;1.0;1.0;1.0;1291.0;
28;2025-11-11;9;830.462;1.0;1.0;0.999;830.0;
28;2025-11-11;10;617.293;1.0;1.0;1.0;617.0;
28;2025-11-11;11;563.81;1.0;1.0;1.0;564.0;
28;2025-11-11;12;704.763;1.0;1.0;1.0;705.0;
28;2025-11-11;13;706.598;1.0;1.0;1.001;707.0;
28;2025-11-11;14;668.243;1.0;1.0;1.0;668.0;
28;2025-11-11;15;695.396;1.0;1.0;0.999;695.0;
28;2025-11-11;16;893.881;1.0;1.0;1.0;894.0;
28;2025-11-11;17;1053.948;1.0;1.0;1.0;1054.0;
28;2025-11-11;18;1021.606;1.0;1.0;1.0;1022.0;
28;2025-11-11;19;756.853;1.0;1.0;1.0;757.0;
28;2025-11-11;20;521.278;1.0;1.0;1.0;521.0;
28;2025-11-11;21;322.729;1.0;1.0;1.001;323.0;
28;2025-11-11;22;116.585;1.0;1.0;1.004;117.0;
28;2025-11-11;23;11.899;1.0;1.0;1.008;12.0;
28;2025-11-12;0;2.658;1.0;1.0;1.128;3.0;
28;2025-11-12;1;0.633;1.0;1.0;1.58;1.0;
28;2025-11-12;2;0.0;1.0;1.0;1.0;0.0;
28;2025-11-12;3;0.0;1.0;1.0;1.0;0.0;
28;2025-11-12;4;1.456;1.0;1.0;0.687;1.0;
28;2025-11-12;5;77.597;1.0;1.0;1.005;78.0;
28;2025-11-12;6;250.955;1.0;1.0;1.0;251.0;
28;2025-11-12;7;788.942;1.0;1.0;1.0;789.0;
28;2025-11-12;8;1290.916;1.0;1.0;1.0;1291.0;
28;2025-11-12;9;830.462;1.0;1.0;0.999;830.0;
28;2025-11-12;10;617.293;1.0;1.0;1.0;617.0;
28;2025-11-12;11;563.81;1.0;1.0;1.0;564.0;
28;2025-11-12;12;704.763;1.0;1.0;1.0;705.0;
28;2025-11-12;13;706.598;1.0;1.0;1.001;707.0;
28;2025-11-12;14;668.243;1.0;1.0;1.0;668.0;
28;2025-11-12;15;695.396;1.0;1.0;0.999;695.0;
28;2025-11-12;16;893.881;1.0;1.0;1.0;894.0;
28;2025-11-12;17;1053.948;1.0;1.0;1.0;1054.0;
28;2025-11-12;18;1021.606;1.0;1.0;1.0;1022.0;
28;2025-11-12;19;756.853;1.0;1.0;1.0;757.0;
28;2025-11-12;20;521.278;1.0;1.0;1.0;521.0;
28;2025-11-12;21;322.729;1.0;1.0;1.001;323.0;
28;2025-11-12;22;116.585;1.0;1.0;1.004;117.0;
28;2025-11-12;23;11.899;1.0;1.0;1.008;12.0;
28;2025-11-13;0;2.658;1.0;1.0;1.128;3.0;
28;2025-11-13;1;0.633;1.0;1.0;1.58;1.0;
28;2025-11-13;2;0.0;1.0;1.0;1.0;0.0;
28;2025-11-13;3;0.0;1.0;1.0;1.0;0.0;
28;2025-11-13;4;1.456;1.0;1.0;0.687;1.0;
28;2025-11-13;5;77.597;1.0;1.0;1.005;78.0;
28;2025-11-13;6;250.955;1.0;1.0;1.0;251.0;
28;2025-11-13;7;788.942;1.0;1.0;1.0;789.0;
28;2025-11-13;8;1290.916;1.0;1.0;1.0;1291.0;
28;2025-11-13;9;830.462;1.0;1.0;0.999;830.0;
28;2025-11-13;10;617.293;1.0;1.0;1.0;617.0;
28;2025-11-13;11;563.81;1.0;1.0;1.0;564.0;
28;2025-11-13;12;704.763;1.0;1.0;1.0;705.0;
28;2025-11-13;13;706.598;1.0;1.0;1.001;707.0;
28;2025-11-13;14;668.243;1.0;1.0;1.0;668.0;
28;2025-11-13;15;695.396;1.0;1.0;0.999;695.0;
28;2025-11-13;16;893.881;1.0;1.0;1.0;894.0;
28;2025-11-13;17;1053.948;1.0;1.0;1.0;1054.0;
28;2025-11-13;18;1021.606;1.0;1.0;1.0;1022.0;
28;2025-11-13;19;756.853;1.0;1.0;1.0;757.0;
28;2025-11-13;20;521.278;1.0;1.0;1.0;521.0;
28;2025-11-13;21;322.729;1.0;1.0;1.001;323.0;
28;2025-11-13;22;116.585;1.0;1.0;1.004;117.0;
28;2025-11-13;23;11.899;1.0;1.0;1.008;12.0;
28;2025-11-14;0;1.757;1.0;1.0;1.139;2.0;
28;2025-11-14;1;0.0;1.0;1.0;1.0;0.0;
28;2025-11-14;2;0.0;1.0;1.0;1.0;0.0;
28;2025-11-14;3;0.0;1.0;1.0;1.0;0.0;
28;2025-11-14;4;1.506;1.0;1.0;1.328;2.0;
28;2025-11-14;5;75.783;1.0;1.0;1.003;76.0;
28;2025-11-14;6;279.796;1.0;1.0;1.001;280.0;
28;2025-11-14;7;858.711;1.0;1.0;1.0;859.0;
28;2025-11-14;8;1320.437;1.0;1.0;1.0;1320.0;
28;2025-11-14;9;845.662;1.0;1.0;1.0;846.0;
28;2025-11-14;10;635.125;1.0;1.0;1.0;635.0;
28;2025-11-14;11;607.02;1.0;1.0;1.0;607.0;
28;2025-11-14;12;799.74;1.0;1.0;1.0;800.0;
28;2025-11-14;13;728.725;1.0;1.0;1.0;729.0;
28;2025-11-14;14;716.178;1.0;1.0;1.0;716.0;
28;2025-11-14;15;734.998;1.0;1.0;1.0;735.0;
28;2025-11-14;16;965.108;1.0;1.0;1.0;965.0;
28;2025-11-14;17;1011.281;1.0;1.0;1.0;1011.0;
28;2025-11-14;18;884.808;1.0;1.0;1.0;885.0;
28;2025-11-14;19;658.964;1.0;1.0;1.0;659.0;
28;2025-11-14;20;429.104;1.0;1.0;1.0;429.0;
28;2025-11-14;21;332.744;1.0;1.0;1.001;333.0;
28;2025-11-14;22;128.982;1.0;1.0;1.0;129.0;
28;2025-11-14;23;19.071;1.0;1.0;0.996;19.0;
28;2025-11-15;0;1.763;1.0;1.0;1.135;2.0;
28;2025-11-15;1;0.0;1.0;1.0;1.0;0.0;
28;2025-11-15;2;0.0;1.0;1.0;1.0;0.0;
28;2025-11-15;3;0.0;1.0;1.0;1.0;0.0;
28;2025-11-15;4;1.007;1.0;1.0;0.993;1.0;
28;2025-11-15;5;39.28;1.0;1.0;0.993;39.0;
28;2025-11-15;6;106.762;1.0;1.0;1.002;107.0;
28;2025-11-15;7;234.676;1.0;1.0;1.001;235.0;
28;2025-11-15;8;408.164;1.0;1.0;1.0;408.0;
28;2025-11-15;9;460.035;1.0;1.0;1.0;460.0;
28;2025-11-15;10;501.833;1.0;1.0;1.0;502.0;
28;2025-11-15;11;507.121;1.0;1.0;1.0;507.0;
28;2025-11-15;12;600.79;1.0;1.0;1.0;601.0;
28;2025-11-15;13;606.329;1.0;1.0;1.0;606.0;
28;2025-11-15;14;562.265;1.0;1.0;1.0;562.0;
28;2025-11-15;15;609.351;1.0;1.0;0.999;609.0;
28;2025-11-15;16;612.624;1.0;1.0;1.001;613.0;
28;2025-11-15;17;587.948;1.0;1.0;1.0;588.0;
28;2025-11-15;18;507.373;1.0;1.0;0.999;507.0;
28;2025-11-15;19;383.992;1.0;1.0;1.0;384.0;
28;2025-11-15;20;283.776;1.0;1.0;1.001;284.0;
28;2025-11-15;21;257.841;1.0;1.0;1.001;258.0;
28;2025-11-15;22;102.985;1.0;1.0;1.0;103.0;
28;2025-11-15;23;12.086;1.0;1.0;0.993;12.0;
28;2025-11-16;0;1.81;1.0;1.0;1.105;2.0;
28;2025-11-16;1;0.0;1.0;1.0;1.0;0.0;
28;2025-11-16;2;0.0;1.0;1.0;1.0;0.0;
28;2025-11-16;3;0.0;1.0;1.0;1.0;0.0;
28;2025-11-16;4;0.259;1.0;1.0;0.0;0.0;
28;2025-11-16;5;30.256;1.0;1.0;0.992;30.0;
28;2025-11-16;6;78.354;1.0;1.0;0.996;78.0;
28;2025-11-16;7;167.828;1.0;1.0;1.001;168.0;
28;2025-11-16;8;260.146;1.0;1.0;0.999;260.0;
28;2025-11-16;9;359.963;1.0;1.0;1.0;360.0;
28;2025-11-16;10;405.476;1.0;1.0;0.999;405.0;
28;2025-11-16;11;444.265;1.0;1.0;0.999;444.0;
28;2025-11-16;12;458.747;1.0;1.0;1.001;459.0;
28;2025-11-16;13;559.081;1.0;1.0;1.0;559.0;
28;2025-11-16;14;529.601;1.0;1.0;1.001;530.0;
28;2025-11-16;15;525.205;1.0;1.0;1.0;525.0;
28;2025-11-16;16;469.866;1.0;1.0;1.0;470.0;
28;2025-11-16;17;507.621;1.0;1.0;1.001;508.0;
28;2025-11-16;18;435.732;1.0;1.0;1.001;436.0;
28;2025-11-16;19;394.098;1.0;1.0;1.0;394.0;
28;2025-11-16;20;296.608;1.0;1.0;1.001;297.0;
28;2025-11-16;21;238.424;1.0;1.0;0.998;238.0;
28;2025-11-16;22;112.23;1.0;1.0;0.998;112.0;
28;2025-11-16;23;12.93;1.0;1.0;1.005;13.0;
28;2025-11-17;0;2.658;1.0;1.0;1.128;3.0;
28;2025-11-17;1;0.633;1.0;1.0;1.58;1.0;
28;2025-11-17;2;0.0;1.0;1.0;1.0;0.0;
28;2025-11-17;3;0.0;1.0;1.0;1.0;0.0;
28;2025-11-17;4;1.456;1.0;1.0;0.687;1.0;
28;2025-11-17;5;77.597;1.0;1.0;1.005;78.0;
28;2025-11-17;6;250.955;1.0;1.0;1.0;251.0;
28;2025-11-17;7;788.942;1.0;1.0;1.0;789.0;
28;2025-11-17;8;1290.916;1.0;1.0;1.0;1291.0;
28;2025-11-17;9;830.462;1.0;1.0;0.999;830.0;
28;2025-11-17;10;617.293;1.0;1.0;1.0;617.0;
28;2025-11-17;11;563.81;1.0;1.0;1.0;564.0;
28;2025-11-17;12;704.763;1.0;1.0;1.0;705.0;
28;2025-11-17;13;706.598;1.0;1.0;1.001;707.0;
28;2025-11-17;14;668.243;1.0;1.0;1.0;668.0;
28;2025-11-17;15;695.396;1.0;1.0;0.999;695.0;
28;2025-11-17;16;893.881;1.0;1.0;1.0;894.0;
28;2025-11-17;17;1053.948;1.0;1.0;1.0;1054.0;
28;2025-11-17;18;1021.606;1.0;1.0;1.0;1022.0;
28;2025-11-17;19;756.853;1.0;1.0;1.0;757.0;
28;2025-11-17;20;521.278;1.0;1.0;1.0;521.0;
28;2025-11-17;21;322.729;1.0;1.0;1.001;323.0;
28;2025-11-17;22;116.585;1.0;1.0;1.004;117.0;
28;2025-11-17;23;11.899;1.0;1.0;1.008;12.0;
28;2025-11-18;0;2.658;1.0;1.0;1.128;3.0;
28;2025-11-18;1;0.633;1.0;1.0;1.58;1.0;
28;2025-11-18;2;0.0;1.0;1.0;1.0;0.0;
28;2025-11-18;3;0.0;1.0;1.0;1.0;0.0;
28;2025-11-18;4;1.456;1.0;1.0;0.687;1.0;
28;2025-11-18;5;77.597;1.0;1.0;1.005;78.0;
28;2025-11-18;6;250.955;1.0;1.0;1.0;251.0;
28;2025-11-18;7;788.942;1.0;1.0;1.0;789.0;
28;2025-11-18;8;1290.916;1.0;1.0;1.0;1291.0;
28;2025-11-18;9;830.462;1.0;1.0;0.999;830.0;
28;2025-11-18;10;617.293;1.0;1.0;1.0;617.0;
28;2025-11-18;11;563.81;1.0;1.0;1.0;564.0;
28;2025-11-18;12;704.763;1.0;1.0;1.0;705.0;
28;2025-11-18;13;706.598;1.0;1.0;1.001;707.0;
28;2025-11-18;14;668.243;1.0;1.0;1.0;668.0;
28;2025-11-18;15;695.396;1.0;1.0;0.999;695.0;
28;2025-11-18;16;893.881;1.0;1.0;1.0;894.0;
28;2025-11-18;17;1053.948;1.0;1.0;1.0;1054.0;
28;2025-11-18;18;1021.606;1.0;1.0;1.0;1022.0;
28;2025-11-18;19;756.853;1.0;1.0;1.0;757.0;
28;2025-11-18;20;521.278;1.0;1.0;1.0;521.0;
28;2025-11-18;21;322.729;1.0;1.0;1.001;323.0;
28;2025-11-18;22;116.585;1.0;1.0;1.004;117.0;
28;2025-11-18;23;11.899;1.0;1.0;1.008;12.0;
28;2025-11-19;0;2.658;1.0;1.0;1.128;3.0;
28;2025-11-19;1;0.633;1.0;1.0;1.58;1.0;
28;2025-11-19;2;0.0;1.0;1.0;1.0;0.0;
28;2025-11-19;3;0.0;1.0;1.0;1.0;0.0;
28;2025-11-19;4;1.456;1.0;1.0;0.687;1.0;
28;2025-11-19;5;77.597;1.0;1.0;1.005;78.0;
28;2025-11-19;6;250.955;1.0;1.0;1.0;251.0;
28;2025-11-19;7;788.942;1.0;1.0;1.0;789.0;
28;2025-11-19;8;1290.916;1.0;1.0;1.0;1291.0;
28;2025-11-19;9;830.462;1.0;1.0;0.999;830.0;
28;2025-11-19;10;617.293;1.0;1.0;1.0;617.0;
28;2025-11-19;11;563.81;1.0;1.0;1.0;564.0;
28;2025-11-19;12;704.763;1.0;1.0;1.0;705.0;
28;2025-11-19;13;706.598;1.0;1.0;1.001;707.0;
28;2025-11-19;14;668.243;1.0;1.0;1.0;668.0;
28;2025-11-19;15;695.396;1.0;1.0;0.999;695.0;
28;2025-11-19;16;893.881;1.0;1.0;1.0;894.0;
28;2025-11-19;17;1053.948;1.0;1.0;1.0;1054.0;
28;2025-11-19;18;1021.606;1.0;1.0;1.0;1022.0;
28;2025-11-19;19;756.853;1.0;1.0;1.0;757.0;
28;2025-11-19;20;521.278;1.0;1.0;1.0;521.0;
28;2025-11-19;21;322.729;1.0;1.0;1.001;323.0;
28;2025-11-19;22;116.585;1.0;1.0;1.004;117.0;
28;2025-11-19;23;11.899;1.0;1.0;1.008;12.0;
28;2025-11-20;0;2.658;1.0;1.0;1.128;3.0;
28;2025-11-20;1;0.633;1.0;1.0;1.58;1.0;
28;2025-11-20;2;0.0;1.0;1.0;1.0;0.0;
28;2025-11-20;3;0.0;1.0;1.0;1.0;0.0;
28;2025-11-20;4;1.456;1.0;1.0;0.687;1.0;
28;2025-11-20;5;77.597;1.0;1.0;1.005;78.0;
28;2025-11-20;6;250.955;1.0;1.0;1.0;251.0;
28;2025-11-20;7;788.942;1.0;1.0;1.0;789.0;
28;2025-11-20;8;1290.916;1.0;1.0;1.0;1291.0;
28;2025-11-20;9;830.462;1.0;1.0;0.999;830.0;
28;2025-11-20;10;617.293;1.0;1.0;1.0;617.0;
28;2025-11-20;11;563.81;1.0;1.0;1.0;564.0;
28;2025-11-20;12;704.763;1.0;1.0;1.0;705.0;
28;2025-11-20;13;706.598;1.0;1.0;1.001;707.0;
28;2025-11-20;14;668.243;1.0;1.0;1.0;668.0;
28;2025-11-20;15;695.396;1.0;1.0;0.999;695.0;
28;2025-11-20;16;893.881;1.0;1.0;1.0;894.0;
28;2025-11-20;17;1053.948;1.0;1.0;1.0;1054.0;
28;2025-11-20;18;1021.606;1.0;1.0;1.0;1022.0;
28;2025-11-20;19;756.853;1.0;1.0;1.0;757.0;
28;2025-11-20;20;521.278;1.0;1.0;1.0;521.0;
28;2025-11-20;21;322.729;1.0;1.0;1.001;323.0;
28;2025-11-20;22;116.585;1.0;1.0;1.004;117.0;
28;2025-11-20;23;11.899;1.0;1.0;1.008;12.0;
28;2025-11-21;0;1.757;1.0;1.0;1.139;2.0;
28;2025-11-21;1;0.0;1.0;1.0;1.0;0.0;
28;2025-11-21;2;0.0;1.0;1.0;1.0;0.0;
28;2025-11-21;3;0.0;1.0;1.0;1.0;0.0;
28;2025-11-21;4;1.506;1.0;1.0;1.328;2.0;
28;2025-11-21;5;75.783;1.0;1.0;1.003;76.0;
28;2025-11-21;6;279.796;1.0;1.0;1.001;280.0;
28;2025-11-21;7;858.711;1.0;1.0;1.0;859.0;
28;2025-11-21;8;1320.437;1.0;1.0;1.0;1320.0;
28;2025-11-21;9;845.662;1.0;1.0;1.0;846.0;
28;2025-11-21;10;635.125;1.0;1.0;1.0;635.0;
28;2025-11-21;11;607.02;1.0;1.0;1.0;607.0;
28;2025-11-21;12;799.74;1.0;1.0;1.0;800.0;
28;2025-11-21;13;728.725;1.0;1.0;1.0;729.0;
28;2025-11-21;14;716.178;1.0;1.0;1.0;716.0;
28;2025-11-21;15;734.998;1.0;1.0;1.0;735.0;
28;2025-11-21;16;965.108;1.0;1.0;1.0;965.0;
28;2025-11-21;17;1011.281;1.0;1.0;1.0;1011.0;
28;2025-11-21;18;884.808;1.0;1.0;1.0;885.0;
28;2025-11-21;19;658.964;1.0;1.0;1.0;659.0;
28;2025-11-21;20;429.104;1.0;1.0;1.0;429.0;
28;2025-11-21;21;332.744;1.0;1.0;1.001;333.0;
28;2025-11-21;22;128.982;1.0;1.0;1.0;129.0;
28;2025-11-21;23;19.071;1.0;1.0;0.996;19.0;
28;2025-11-22;0;1.763;1.0;1.0;1.135;2.0;
28;2025-11-22;1;0.0;1.0;1.0;1.0;0.0;
28;2025-11-22;2;0.0;1.0;1.0;1.0;0.0;
28;2025-11-22;3;0.0;1.0;1.0;1.0;0.0;
28;2025-11-22;4;1.007;1.0;1.0;0.993;1.0;
28;2025-11-22;5;39.28;1.0;1.0;0.993;39.0;
28;2025-11-22;6;106.762;1.0;1.0;1.002;107.0;
28;2025-11-22;7;234.676;1.0;1.0;1.001;235.0;
28;2025-11-22;8;408.164;1.0;1.0;1.0;408.0;
28;2025-11-22;9;460.035;1.0;1.0;1.0;460.0;
28;2025-11-22;10;501.833;1.0;1.0;1.0;502.0;
28;2025-11-22;11;507.121;1.0;1.0;1.0;507.0;
28;2025-11-22;12;600.79;1.0;1.0;1.0;601.0;
28;2025-11-22;13;606.329;1.0;1.0;1.0;606.0;
28;2025-11-22;14;562.265;1.0;1.0;1.0;562.0;
28;2025-11-22;15;609.351;1.0;1.0;0.999;609.0;
28;2025-11-22;16;612.624;1.0;1.0;1.001;613.0;
28;2025-11-22;17;587.948;1.0;1.0;1.0;588.0;
28;2025-11-22;18;507.373;1.0;1.0;0.999;507.0;
28;2025-11-22;19;383.992;1.0;1.0;1.0;384.0;
28;2025-11-22;20;283.776;1.0;1.0;1.001;284.0;
28;2025-11-22;21;257.841;1.0;1.0;1.001;258.0;
28;2025-11-22;22;102.985;1.0;1.0;1.0;103.0;
28;2025-11-22;23;12.086;1.0;1.0;0.993;12.0;
28;2025-11-23;0;1.81;1.0;1.0;1.105;2.0;
28;2025-11-23;1;0.0;1.0;1.0;1.0;0.0;
28;2025-11-23;2;0.0;1.0;1.0;1.0;0.0;
28;2025-11-23;3;0.0;1.0;1.0;1.0;0.0;
28;2025-11-23;4;0.259;1.0;1.0;0.0;0.0;
28;2025-11-23;5;30.256;1.0;1.0;0.992;30.0;
28;2025-11-23;6;78.354;1.0;1.0;0.996;78.0;
28;2025-11-23;7;167.828;1.0;1.0;1.001;168.0;
28;2025-11-23;8;260.146;1.0;1.0;0.999;260.0;
28;2025-11-23;9;359.963;1.0;1.0;1.0;360.0;
28;2025-11-23;10;405.476;1.0;1.0;0.999;405.0;
28;2025-11-23;11;444.265;1.0;1.0;0.999;444.0;
28;2025-11-23;12;458.747;1.0;1.0;1.001;459.0;
28;2025-11-23;13;559.081;1.0;1.0;1.0;559.0;
28;2025-11-23;14;529.601;1.0;1.0;1.001;530.0;
28;2025-11-23;15;525.205;1.0;1.0;1.0;525.0;
28;2025-11-23;16;469.866;1.0;1.0;1.0;470.0;
28;2025-11-23;17;507.621;1.0;1.0;1.001;508.0;
28;2025-11-23;18;435.732;1.0;1.0;1.001;436.0;
28;2025-11-23;19;394.098;1.0;1.0;1.0;394.0;
28;2025-11-23;20;296.608;1.0;1.0;1.001;297.0;
28;2025-11-23;21;238.424;1.0;1.0;0.998;238.0;
28;2025-11-23;22;112.23;1.0;1.0;0.998;112.0;
28;2025-11-23;23;12.93;1.0;1.0;1.005;13.0;
28;2025-11-24;0;2.658;1.0;1.0;1.128;3.0;
28;2025-11-24;1;0.633;1.0;1.0;1.58;1.0;
28;2025-11-24;2;0.0;1.0;1.0;1.0;0.0;
28;2025-11-24;3;0.0;1.0;1.0;1.0;0.0;
28;2025-11-24;4;1.456;1.0;1.0;0.687;1.0;
28;2025-11-24;5;77.597;1.0;1.0;1.005;78.0;
28;2025-11-24;6;250.955;1.0;1.0;1.0;251.0;
28;2025-11-24;7;788.942;1.0;1.0;1.0;789.0;
28;2025-11-24;8;1290.916;1.0;1.0;1.0;1291.0;
28;2025-11-24;9;830.462;1.0;1.0;0.999;830.0;
28;2025-11-24;10;617.293;1.0;1.0;1.0;617.0;
28;2025-11-24;11;563.81;1.0;1.0;1.0;564.0;
28;2025-11-24;12;704.763;1.0;1.0;1.0;705.0;
28;2025-11-24;13;706.598;1.0;1.0;1.001;707.0;
28;2025-11-24;14;668.243;1.0;1.0;1.0;668.0;
28;2025-11-24;15;695.396;1.0;1.0;0.999;695.0;
28;2025-11-24;16;893.881;1.0;1.0;1.0;894.0;
28;2025-11-24;17;1053.948;1.0;1.0;1.0;1054.0;
28;2025-11-24;18;1021.606;1.0;1.0;1.0;1022.0;
28;2025-11-24;19;756.853;1.0;1.0;1.0;757.0;
28;2025-11-24;20;521.278;1.0;1.0;1.0;521.0;
28;2025-11-24;21;322.729;1.0;1.0;1.001;323.0;
28;2025-11-24;22;116.585;1.0;1.0;1.004;117.0;
28;2025-11-24;23;11.899;1.0;1.0;1.008;12.0;
28;2025-11-25;0;2.658;1.0;1.0;1.128;3.0;
28;2025-11-25;1;0.633;1.0;1.0;1.58;1.0;
28;2025-11-25;2;0.0;1.0;1.0;1.0;0.0;
28;2025-11-25;3;0.0;1.0;1.0;1.0;0.0;
28;2025-11-25;4;1.456;1.0;1.0;0.687;1.0;
28;2025-11-25;5;77.597;1.0;1.0;1.005;78.0;
28;2025-11-25;6;250.955;1.0;1.0;1.0;251.0;
28;2025-11-25;7;788.942;1.0;1.0;1.0;789.0;
28;2025-11-25;8;1290.916;1.0;1.0;1.0;1291.0;
28;2025-11-25;9;830.462;1.0;1.0;0.999;830.0;
28;2025-11-25;10;617.293;1.0;1.0;1.0;617.0;
28;2025-11-25;11;563.81;1.0;1.0;1.0;564.0;
28;2025-11-25;12;704.763;1.0;1.0;1.0;705.0;
28;2025-11-25;13;706.598;1.0;1.0;1.001;707.0;
28;2025-11-25;14;668.243;1.0;1.0;1.0;668.0;
28;2025-11-25;15;695.396;1.0;1.0;0.999;695.0;
28;2025-11-25;16;893.881;1.0;1.0;1.0;894.0;
28;2025-11-25;17;1053.948;1.0;1.0;1.0;1054.0;
28;2025-11-25;18;1021.606;1.0;1.0;1.0;1022.0;
28;2025-11-25;19;756.853;1.0;1.0;1.0;757.0;
28;2025-11-25;20;521.278;1.0;1.0;1.0;521.0;
28;2025-11-25;21;322.729;1.0;1.0;1.001;323.0;
28;2025-11-25;22;116.585;1.0;1.0;1.004;117.0;
28;2025-11-25;23;11.899;1.0;1.0;1.008;12.0;
28;2025-11-26;0;2.658;1.0;1.0;1.128;3.0;
28;2025-11-26;1;0.633;1.0;1.0;1.58;1.0;
28;2025-11-26;2;0.0;1.0;1.0;1.0;0.0;
28;2025-11-26;3;0.0;1.0;1.0;1.0;0.0;
28;2025-11-26;4;1.456;1.0;1.0;0.687;1.0;
28;2025-11-26;5;77.597;1.0;1.0;1.005;78.0;
28;2025-11-26;6;250.955;1.0;1.0;1.0;251.0;
28;2025-11-26;7;788.942;1.0;1.0;1.0;789.0;
28;2025-11-26;8;1290.916;1.0;1.0;1.0;1291.0;
28;2025-11-26;9;830.462;1.0;1.0;0.999;830.0;
28;2025-11-26;10;617.293;1.0;1.0;1.0;617.0;
28;2025-11-26;11;563.81;1.0;1.0;1.0;564.0;
28;2025-11-26;12;704.763;1.0;1.0;1.0;705.0;
28;2025-11-26;13;706.598;1.0;1.0;1.001;707.0;
28;2025-11-26;14;668.243;1.0;1.0;1.0;668.0;
28;2025-11-26;15;695.396;1.0;1.0;0.999;695.0;
28;2025-11-26;16;893.881;1.0;1.0;1.0;894.0;
28;2025-11-26;17;1053.948;1.0;1.0;1.0;1054.0;
28;2025-11-26;18;1021.606;1.0;1.0;1.0;1022.0;
28;2025-11-26;19;756.853;1.0;1.0;1.0;757.0;
28;2025-11-26;20;521.278;1.0;1.0;1.0;521.0;
28;2025-11-26;21;322.729;1.0;1.0;1.001;323.0;
28;2025-11-26;22;116.585;1.0;1.0;1.004;117.0;
28;2025-11-26;23;11.899;1.0;1.0;1.008;12.0;
28;2025-11-27;0;2.658;1.0;1.0;1.128;3.0;
28;2025-11-27;1;0.633;1.0;1.0;1.58;1.0;
28;2025-11-27;2;0.0;1.0;1.0;1.0;0.0;
28;2025-11-27;3;0.0;1.0;1.0;1.0;0.0;
28;2025-11-27;4;1.456;1.0;1.0;0.687;1.0;
28;2025-11-27;5;77.597;1.0;1.0;1.005;78.0;
28;2025-11-27;6;250.955;1.0;1.0;1.0;251.0;
28;2025-11-27;7;788.942;1.0;1.0;1.0;789.0;
28;2025-11-27;8;1290.916;1.0;1.0;1.0;1291.0;
28;2025-11-27;9;830.462;1.0;1.0;0.999;830.0;
28;2025-11-27;10;617.293;1.0;1.0;1.0;617.0;
28;2025-11-27;11;563.81;1.0;1.0;1.0;564.0;
28;2025-11-27;12;704.763;1.0;1.0;1.0;705.0;
28;2025-11-27;13;706.598;1.0;1.0;1.001;707.0;
28;2025-11-27;14;668.243;1.0;1.0;1.0;668.0;
28;2025-11-27;15;695.396;1.0;1.0;0.999;695.0;
28;2025-11-27;16;893.881;1.0;1.0;1.0;894.0;
28;2025-11-27;17;1053.948;1.0;1.0;1.0;1054.0;
28;2025-11-27;18;1021.606;1.0;1.0;1.0;1022.0;
28;2025-11-27;19;756.853;1.0;1.0;1.0;757.0;
28;2025-11-27;20;521.278;1.0;1.0;1.0;521.0;
28;2025-11-27;21;322.729;1.0;1.0;1.001;323.0;
28;2025-11-27;22;116.585;1.0;1.0;1.004;117.0;
28;2025-11-27;23;11.899;1.0;1.0;1.008;12.0;
28;2025-11-28;0;1.757;1.0;1.0;1.139;2.0;
28;2025-11-28;1;0.0;1.0;1.0;1.0;0.0;
28;2025-11-28;2;0.0;1.0;1.0;1.0;0.0;
28;2025-11-28;3;0.0;1.0;1.0;1.0;0.0;
28;2025-11-28;4;1.506;1.0;1.0;1.328;2.0;
28;2025-11-28;5;75.783;1.0;1.0;1.003;76.0;
28;2025-11-28;6;279.796;1.0;1.0;1.001;280.0;
28;2025-11-28;7;858.711;1.0;1.0;1.0;859.0;
28;2025-11-28;8;1320.437;1.0;1.0;1.0;1320.0;
28;2025-11-28;9;845.662;1.0;1.0;1.0;846.0;
28;2025-11-28;10;635.125;1.0;1.0;1.0;635.0;
28;2025-11-28;11;607.02;1.0;1.0;1.0;607.0;
28;2025-11-28;12;799.74;1.0;1.0;1.0;800.0;
28;2025-11-28;13;728.725;1.0;1.0;1.0;729.0;
28;2025-11-28;14;716.178;1.0;1.0;1.0;716.0;
28;2025-11-28;15;734.998;1.0;1.0;1.0;735.0;
28;2025-11-28;16;965.108;1.0;1.0;1.0;965.0;
28;2025-11-28;17;1011.281;1.0;1.0;1.0;1011.0;
28;2025-11-28;18;884.808;1.0;1.0;1.0;885.0;
28;2025-11-28;19;658.964;1.0;1.0;1.0;659.0;
28;2025-11-28;20;429.104;1.0;1.0;1.0;429.0;
28;2025-11-28;21;332.744;1.0;1.0;1.001;333.0;
28;2025-11-28;22;128.982;1.0;1.0;1.0;129.0;
28;2025-11-28;23;19.071;1.0;1.0;0.996;19.0;
28;2025-11-29;0;1.763;1.0;1.0;1.135;2.0;
28;2025-11-29;1;0.0;1.0;1.0;1.0;0.0;
28;2025-11-29;2;0.0;1.0;1.0;1.0;0.0;
28;2025-11-29;3;0.0;1.0;1.0;1.0;0.0;
28;2025-11-29;4;1.007;1.0;1.0;0.993;1.0;
28;2025-11-29;5;39.28;1.0;1.0;0.993;39.0;
28;2025-11-29;6;106.762;1.0;1.0;1.002;107.0;
28;2025-11-29;7;234.676;1.0;1.0;1.001;235.0;
28;2025-11-29;8;408.164;1.0;1.0;1.0;408.0;
28;2025-11-29;9;460.035;1.0;1.0;1.0;460.0;
28;2025-11-29;10;501.833;1.0;1.0;1.0;502.0;
28;2025-11-29;11;507.121;1.0;1.0;1.0;507.0;
28;2025-11-29;12;600.79;1.0;1.0;1.0;601.0;
28;2025-11-29;13;606.329;1.0;1.0;1.0;606.0;
28;2025-11-29;14;562.265;1.0;1.0;1.0;562.0;
28;2025-11-29;15;609.351;1.0;1.0;0.999;609.0;
28;2025-11-29;16;612.624;1.0;1.0;1.001;613.0;
28;2025-11-29;17;587.948;1.0;1.0;1.0;588.0;
28;2025-11-29;18;507.373;1.0;1.0;0.999;507.0;
28;2025-11-29;19;383.992;1.0;1.0;1.0;384.0;
28;2025-11-29;20;283.776;1.0;1.0;1.001;284.0;
28;2025-11-29;21;257.841;1.0;1.0;1.001;258.0;
28;2025-11-29;22;102.985;1.0;1.0;1.0;103.0;
28;2025-11-29;23;12.086;1.0;1.0;0.993;12.0;
28;2025-11-30;0;1.81;1.0;1.0;1.105;2.0;
28;2025-11-30;1;0.0;1.0;1.0;1.0;0.0;
28;2025-11-30;2;0.0;1.0;1.0;1.0;0.0;
28;2025-11-30;3;0.0;1.0;1.0;1.0;0.0;
28;2025-11-30;4;0.259;1.0;1.0;0.0;0.0;
28;2025-11-30;5;30.256;1.0;1.0;0.992;30.0;
28;2025-11-30;6;78.354;1.0;1.0;0.996;78.0;
28;2025-11-30;7;167.828;1.0;1.0;1.001;168.0;
28;2025-11-30;8;260.146;1.0;1.0;0.999;260.0;
28;2025-11-30;9;359.963;1.0;1.0;1.0;360.0;
28;2025-11-30;10;405.476;1.0;1.0;0.999;405.0;
28;2025-11-30;11;444.265;1.0;1.0;0.999;444.0;
28;2025-11-30;12;458.747;1.0;1.0;1.001;459.0;
28;2025-11-30;13;559.081;1.0;1.0;1.0;559.0;
28;2025-11-30;14;529.601;1.0;1.0;1.001;530.0;
28;2025-11-30;15;525.205;1.0;1.0;1.0;525.0;
28;2025-11-30;16;469.866;1.0;1.0;1.0;470.0;
28;2025-11-30;17;507.621;1.0;1.0;1.001;508.0;
28;2025-11-30;18;435.732;1.0;1.0;1.001;436.0;
28;2025-11-30;19;394.098;1.0;1.0;1.0;394.0;
28;2025-11-30;20;296.608;1.0;1.0;1.001;297.0;
28;2025-11-30;21;238.424;1.0;1.0;0.998;238.0;
28;2025-11-30;22;112.23;1.0;1.0;0.998;112.0;
28;2025-11-30;23;12.93;1.0;1.0;1.005;13.0;
28;2025-12-01;0;2.658;1.0;1.0;1.128;3.0;
28;2025-12-01;1;0.633;1.0;1.0;1.58;1.0;
28;2025-12-01;2;0.0;1.0;1.0;1.0;0.0;
28;2025-12-01;3;0.0;1.0;1.0;1.0;0.0;
28;2025-12-01;4;1.456;1.0;1.0;0.687;1.0;
28;2025-12-01;5;77.597;1.0;1.0;1.005;78.0;
28;2025-12-01;6;250.955;1.0;1.0;1.0;251.0;
28;2025-12-01;7;788.942;1.0;1.0;1.0;789.0;
28;2025-12-01;8;1290.916;1.0;1.0;1.0;1291.0;
28;2025-12-01;9;830.462;1.0;1.0;0.999;830.0;
28;2025-12-01;10;617.293;1.0;1.0;1.0;617.0;
28;2025-12-01;11;563.81;1.0;1.0;1.0;564.0;
28;2025-12-01;12;704.763;1.0;1.0;1.0;705.0;
28;2025-12-01;13;706.598;1.0;1.0;1.001;707.0;
28;2025-12-01;14;668.243;1.0;1.0;1.0;668.0;
28;2025-12-01;15;695.396;1.0;1.0;0.999;695.0;
28;2025-12-01;16;893.881;1.0;1.0;1.0;894.0;
28;2025-12-01;17;1053.948;1.0;1.0;1.0;1054.0;
28;2025-12-01;18;1021.606;1.0;1.0;1.0;1022.0;
28;2025-12-01;19;756.853;1.0;1.0;1.0;757.0;
28;2025-12-01;20;521.278;1.0;1.0;1.0;521.0;
28;2025-12-01;21;322.729;1.0;1.0;1.001;323.0;
28;2025-12-01;22;116.585;1.0;1.0;1.004;117.0;
28;2025-12-01;23;11.899;1.0;1.0;1.008;12.0;
28;2025-12-02;0;2.658;1.0;1.0;1.128;3.0;
28;2025-12-02;1;0.633;1.0;1.0;1.58;1.0;
28;2025-12-02;2;0.0;1.0;1.0;1.0;0.0;
28;2025-12-02;3;0.0;1.0;1.0;1.0;0.0;
28;2025-12-02;4;1.456;1.0;1.0;0.687;1.0;
28;2025-12-02;5;77.597;1.0;1.0;1.005;78.0;
28;2025-12-02;6;250.955;1.0;1.0;1.0;251.0;
28;2025-12-02;7;788.942;1.0;1.0;1.0;789.0;
28;2025-12-02;8;1290.916;1.0;1.0;1.0;1291.0;
28;2025-12-02;9;830.462;1.0;1.0;0.999;830.0;
28;2025-12-02;10;617.293;1.0;1.0;1.0;617.0;
28;2025-12-02;11;563.81;1.0;1.0;1.0;564.0;
28;2025-12-02;12;704.763;1.0;1.0;1.0;705.0;
28;2025-12-02;13;706.598;1.0;1.0;1.001;707.0;
28;2025-12-02;14;668.243;1.0;1.0;1.0;668.0;
28;2025-12-02;15;695.396;1.0;1.0;0.999;695.0;
28;2025-12-02;16;893.881;1.0;1.0;1.0;894.0;
28;2025-12-02;17;1053.948;1.0;1.0;1.0;1054.0;
28;2025-12-02;18;1021.606;1.0;1.0;1.0;1022.0;
28;2025-12-02;19;756.853;1.0;1.0;1.0;757.0;
28;2025-12-02;20;521.278;1.0;1.0;1.0;521.0;
28;2025-12-02;21;322.729;1.0;1.0;1.001;323.0;
28;2025-12-02;22;116.585;1.0;1.0;1.004;117.0;
28;2025-12-02;23;11.899;1.0;1.0;1.008;12.0;
28;2025-12-03;0;2.658;1.0;1.0;1.128;3.0;
28;2025-12-03;1;0.633;1.0;1.0;1.58;1.0;
28;2025-12-03;2;0.0;1.0;1.0;1.0;0.0;
28;2025-12-03;3;0.0;1.0;1.0;1.0;0.0;
28;2025-12-03;4;1.456;1.0;1.0;0.687;1.0;
28;2025-12-03;5;77.597;1.0;1.0;1.005;78.0;
28;2025-12-03;6;250.955;1.0;1.0;1.0;251.0;
28;2025-12-03;7;788.942;1.0;1.0;1.0;789.0;
28;2025-12-03;8;1290.916;1.0;1.0;1.0;1291.0;
28;2025-12-03;9;830.462;1.0;1.0;0.999;830.0;
28;2025-12-03;10;617.293;1.0;1.0;1.0;617.0;
28;2025-12-03;11;563.81;1.0;1.0;1.0;564.0;
28;2025-12-03;12;704.763;1.0;1.0;1.0;705.0;
28;2025-12-03;13;706.598;1.0;1.0;1.001;707.0;
28;2025-12-03;14;668.243;1.0;1.0;1.0;668.0;
28;2025-12-03;15;695.396;1.0;1.0;0.999;695.0;
28;2025-12-03;16;893.881;1.0;1.0;1.0;894.0;
28;2025-12-03;17;1053.948;1.0;1.0;1.0;1054.0;
28;2025-12-03;18;1021.606;1.0;1.0;1.0;1022.0;
28;2025-12-03;19;756.853;1.0;1.0;1.0;757.0;
28;2025-12-03;20;521.278;1.0;1.0;1.0;521.0;
28;2025-12-03;21;322.729;1.0;1.0;1.001;323.0;
28;2025-12-03;22;116.585;1.0;1.0;1.004;117.0;
28;2025-12-03;23;11.899;1.0;1.0;1.008;12.0;
28;2025-12-04;0;2.658;1.0;1.0;1.128;3.0;
28;2025-12-04;1;0.633;1.0;1.0;1.58;1.0;
28;2025-12-04;2;0.0;1.0;1.0;1.0;0.0;
28;2025-12-04;3;0.0;1.0;1.0;1.0;0.0;
28;2025-12-04;4;1.456;1.0;1.0;0.687;1.0;
28;2025-12-04;5;77.597;1.0;1.0;1.005;78.0;
28;2025-12-04;6;250.955;1.0;1.0;1.0;251.0;
28;2025-12-04;7;788.942;1.0;1.0;1.0;789.0;
28;2025-12-04;8;1290.916;1.0;1.0;1.0;1291.0;
28;2025-12-04;9;830.462;1.0;1.0;0.999;830.0;
28;2025-12-04;10;617.293;1.0;1.0;1.0;617.0;
28;2025-12-04;11;563.81;1.0;1.0;1.0;564.0;
28;2025-12-04;12;704.763;1.0;1.0;1.0;705.0;
28;2025-12-04;13;706.598;1.0;1.0;1.001;707.0;
28;2025-12-04;14;668.243;1.0;1.0;1.0;668.0;
28;2025-12-04;15;695.396;1.0;1.0;0.999;695.0;
28;2025-12-04;16;893.881;1.0;1.0;1.0;894.0;
28;2025-12-04;17;1053.948;1.0;1.0;1.0;1054.0;
28;2025-12-04;18;1021.606;1.0;1.0;1.0;1022.0;
28;2025-12-04;19;756.853;1.0;1.0;1.0;757.0;
28;2025-12-04;20;521.278;1.0;1.0;1.0;521.0;
28;2025-12-04;21;322.729;1.0;1.0;1.001;323.0;
28;2025-12-04;22;116.585;1.0;1.0;1.004;117.0;
28;2025-12-04;23;11.899;1.0;1.0;1.008;12.0;
28;2025-12-05;0;1.757;1.0;1.0;1.139;2.0;
28;2025-12-05;1;0.0;1.0;1.0;1.0;0.0;
28;2025-12-05;2;0.0;1.0;1.0;1.0;0.0;
28;2025-12-05;3;0.0;1.0;1.0;1.0;0.0;
28;2025-12-05;4;1.506;1.0;1.0;1.328;2.0;
28;2025-12-05;5;75.783;1.0;1.0;1.003;76.0;
28;2025-12-05;6;279.796;1.0;1.0;1.001;280.0;
28;2025-12-05;7;858.711;1.0;1.0;1.0;859.0;
28;2025-12-05;8;1320.437;1.0;1.0;1.0;1320.0;
28;2025-12-05;9;845.662;1.0;1.0;1.0;846.0;
28;2025-12-05;10;635.125;1.0;1.0;1.0;635.0;
28;2025-12-05;11;607.02;1.0;1.0;1.0;607.0;
28;2025-12-05;12;799.74;1.0;1.0;1.0;800.0;
28;2025-12-05;13;728.725;1.0;1.0;1.0;729.0;
28;2025-12-05;14;716.178;1.0;1.0;1.0;716.0;
28;2025-12-05;15;734.998;1.0;1.0;1.0;735.0;
28;2025-12-05;16;965.108;1.0;1.0;1.0;965.0;
28;2025-12-05;17;1011.281;1.0;1.0;1.0;1011.0;
28;2025-12-05;18;884.808;1.0;1.0;1.0;885.0;
28;2025-12-05;19;658.964;1.0;1.0;1.0;659.0;
28;2025-12-05;20;429.104;1.0;1.0;1.0;429.0;
28;2025-12-05;21;332.744;1.0;1.0;1.001;333.0;
28;2025-12-05;22;128.982;1.0;1.0;1.0;129.0;
28;2025-12-05;23;19.071;1.0;1.0;0.996;19.0;
28;2025-12-06;0;1.763;1.0;1.0;1.135;2.0;
28;2025-12-06;1;0.0;1.0;1.0;1.0;0.0;
28;2025-12-06;2;0.0;1.0;1.0;1.0;0.0;
28;2025-12-06;3;0.0;1.0;1.0;1.0;0.0;
28;2025-12-06;4;1.007;1.0;1.0;0.993;1.0;
28;2025-12-06;5;39.28;1.0;1.0;0.993;39.0;
28;2025-12-06;6;106.762;1.0;1.0;1.002;107.0;
28;2025-12-06;7;234.676;1.0;1.0;1.001;235.0;
28;2025-12-06;8;408.164;1.0;1.0;1.0;408.0;
28;2025-12-06;9;460.035;1.0;1.0;1.0;460.0;
28;2025-12-06;10;501.833;1.0;1.0;1.0;502.0;
28;2025-12-06;11;507.121;1.0;1.0;1.0;507.0;
28;2025-12-06;12;600.79;1.0;1.0;1.0;601.0;
28;2025-12-06;13;606.329;1.0;1.0;1.0;606.0;
28;2025-12-06;14;562.265;1.0;1.0;1.0;562.0;
28;2025-12-06;15;609.351;1.0;1.0;0.999;609.0;
28;2025-12-06;16;612.624;1.0;1.0;1.001;613.0;
28;2025-12-06;17;587.948;1.0;1.0;1.0;588.0;
28;2025-12-06;18;507.373;1.0;1.0;0.999;507.0;
28;2025-12-06;19;383.992;1.0;1.0;1.0;384.0;
28;2025-12-06;20;283.776;1.0;1.0;1.001;284.0;
28;2025-12-06;21;257.841;1.0;1.0;1.001;258.0;
28;2025-12-06;22;102.985;1.0;1.0;1.0;103.0;
28;2025-12-06;23;12.086;1.0;1.0;0.993;12.0;
28;2025-12-07;0;1.81;1.0;1.0;1.105;2.0;
28;2025-12-07;1;0.0;1.0;1.0;1.0;0.0;
28;2025-12-07;2;0.0;1.0;1.0;1.0;0.0;
28;2025-12-07;3;0.0;1.0;1.0;1.0;0.0;
28;2025-12-07;4;0.259;1.0;1.0;0.0;0.0;
28;2025-12-07;5;30.256;1.0;1.0;0.992;30.0;
28;2025-12-07;6;78.354;1.0;1.0;0.996;78.0;
28;2025-12-07;7;167.828;1.0;1.0;1.001;168.0;
28;2025-12-07;8;260.146;1.0;1.0;0.999;260.0;
28;2025-12-07;9;359.963;1.0;1.0;1.0;360.0;
28;2025-12-07;10;405.476;1.0;1.0;0.999;405.0;
28;2025-12-07;11;444.265;1.0;1.0;0.999;444.0;
28;2025-12-07;12;458.747;1.0;1.0;1.001;459.0;
28;2025-12-07;13;559.081;1.0;1.0;1.0;559.0;
28;2025-12-07;14;529.601;1.0;1.0;1.001;530.0;
28;2025-12-07;15;525.205;1.0;1.0;1.0;525.0;
28;2025-12-07;16;469.866;1.0;1.0;1.0;470.0;
28;2025-12-07;17;507.621;1.0;1.0;1.001;508.0;
28;2025-12-07;18;435.732;1.0;1.0;1.001;436.0;
28;2025-12-07;19;394.098;1.0;1.0;1.0;394.0;
28;2025-12-07;20;296.608;1.0;1.0;1.001;297.0;
28;2025-12-07;21;238.424;1.0;1.0;0.998;238.0;
28;2025-12-07;22;112.23;1.0;1.0;0.998;112.0;
28;2025-12-07;23;12.93;1.0;1.0;1.005;13.0;
28;2025-12-08;0;2.658;1.0;1.0;1.128;3.0;
28;2025-12-08;1;0.633;1.0;1.0;1.58;1.0;
28;2025-12-08;2;0.0;1.0;1.0;1.0;0.0;
28;2025-12-08;3;0.0;1.0;1.0;1.0;0.0;
28;2025-12-08;4;1.456;1.0;1.0;0.687;1.0;
28;2025-12-08;5;77.597;1.0;1.0;1.005;78.0;
28;2025-12-08;6;250.955;1.0;1.0;1.0;251.0;
28;2025-12-08;7;788.942;1.0;1.0;1.0;789.0;
28;2025-12-08;8;1290.916;1.0;1.0;1.0;1291.0;
28;2025-12-08;9;830.462;1.0;1.0;0.999;830.0;
28;2025-12-08;10;617.293;1.0;1.0;1.0;617.0;
28;2025-12-08;11;563.81;1.0;1.0;1.0;564.0;
28;2025-12-08;12;704.763;1.0;1.0;1.0;705.0;
28;2025-12-08;13;706.598;1.0;1.0;1.001;707.0;
28;2025-12-08;14;668.243;1.0;1.0;1.0;668.0;
28;2025-12-08;15;695.396;1.0;1.0;0.999;695.0;
28;2025-12-08;16;893.881;1.0;1.0;1.0;894.0;
28;2025-12-08;17;1053.948;1.0;1.0;1.0;1054.0;
28;2025-12-08;18;1021.606;1.0;1.0;1.0;1022.0;
28;2025-12-08;19;756.853;1.0;1.0;1.0;757.0;
28;2025-12-08;20;521.278;1.0;1.0;1.0;521.0;
28;2025-12-08;21;322.729;1.0;1.0;1.001;323.0;
28;2025-12-08;22;116.585;1.0;1.0;1.004;117.0;
28;2025-12-08;23;11.899;1.0;1.0;1.008;12.0;
28;2025-12-09;0;2.658;1.0;1.0;1.128;3.0;
28;2025-12-09;1;0.633;1.0;1.0;1.58;1.0;
28;2025-12-09;2;0.0;1.0;1.0;1.0;0.0;
28;2025-12-09;3;0.0;1.0;1.0;1.0;0.0;
28;2025-12-09;4;1.456;1.0;1.0;0.687;1.0;
28;2025-12-09;5;77.597;1.0;1.0;1.005;78.0;
28;2025-12-09;6;250.955;1.0;1.0;1.0;251.0;
28;2025-12-09;7;788.942;1.0;1.0;1.0;789.0;
28;2025-12-09;8;1290.916;1.0;1.0;1.0;1291.0;
28;2025-12-09;9;830.462;1.0;1.0;0.999;830.0;
28;2025-12-09;10;617.293;1.0;1.0;1.0;617.0;
28;2025-12-09;11;563.81;1.0;1.0;1.0;564.0;
28;2025-12-09;12;704.763;1.0;1.0;1.0;705.0;
28;2025-12-09;13;706.598;1.0;1.0;1.001;707.0;
28;2025-12-09;14;668.243;1.0;1.0;1.0;668.0;
28;2025-12-09;15;695.396;1.0;1.0;0.999;695.0;
28;2025-12-09;16;893.881;1.0;1.0;1.0;894.0;
28;2025-12-09;17;1053.948;1.0;1.0;1.0;1054.0;
28;2025-12-09;18;1021.606;1.0;1.0;1.0;1022.0;
28;2025-12-09;19;756.853;1.0;1.0;1.0;757.0;
28;2025-12-09;20;521.278;1.0;1.0;1.0;521.0;
28;2025-12-09;21;322.729;1.0;1.0;1.001;323.0;
28;2025-12-09;22;116.585;1.0;1.0;1.004;117.0;
28;2025-12-09;23;11.899;1.0;1.0;1.008;12.0;
28;2025-12-10;0;2.658;1.0;1.0;1.128;3.0;
28;2025-12-10;1;0.633;1.0;1.0;1.58;1.0;
28;2025-12-10;2;0.0;1.0;1.0;1.0;0.0;
28;2025-12-10;3;0.0;1.0;1.0;1.0;0.0;
28;2025-12-10;4;1.456;1.0;1.0;0.687;1.0;
28;2025-12-10;5;77.597;1.0;1.0;1.005;78.0;
28;2025-12-10;6;250.955;1.0;1.0;1.0;251.0;
28;2025-12-10;7;788.942;1.0;1.0;1.0;789.0;
28;2025-12-10;8;1290.916;1.0;1.0;1.0;1291.0;
28;2025-12-10;9;830.462;1.0;1.0;0.999;830.0;
28;2025-12-10;10;617.293;1.0;1.0;1.0;617.0;
28;2025-12-10;11;563.81;1.0;1.0;1.0;564.0;
28;2025-12-10;12;704.763;1.0;1.0;1.0;705.0;
28;2025-12-10;13;706.598;1.0;1.0;1.001;707.0;
28;2025-12-10;14;668.243;1.0;1.0;1.0;668.0;
28;2025-12-10;15;695.396;1.0;1.0;0.999;695.0;
28;2025-12-10;16;893.881;1.0;1.0;1.0;894.0;
28;2025-12-10;17;1053.948;1.0;1.0;1.0;1054.0;
28;2025-12-10;18;1021.606;1.0;1.0;1.0;1022.0;
28;2025-12-10;19;756.853;1.0;1.0;1.0;757.0;
28;2025-12-10;20;521.278;1.0;1.0;1.0;521.0;
28;2025-12-10;21;322.729;1.0;1.0;1.001;323.0;
28;2025-12-10;22;116.585;1.0;1.0;1.004;117.0;
28;2025-12-10;23;11.899;1.0;1.0;1.008;12.0;
28;2025-12-11;0;2.658;1.0;1.0;1.128;3.0;
28;2025-12-11;1;0.633;1.0;1.0;1.58;1.0;
28;2025-12-11;2;0.0;1.0;1.0;1.0;0.0;
28;2025-12-11;3;0.0;1.0;1.0;1.0;0.0;
28;2025-12-11;4;1.456;1.0;1.0;0.687;1.0;
28;2025-12-11;5;77.597;1.0;1.0;1.005;78.0;
28;2025-12-11;6;250.955;1.0;1.0;1.0;251.0;
28;2025-12-11;7;788.942;1.0;1.0;1.0;789.0;
28;2025-12-11;8;1290.916;1.0;1.0;1.0;1291.0;
28;2025-12-11;9;830.462;1.0;1.0;0.999;830.0;
28;2025-12-11;10;617.293;1.0;1.0;1.0;617.0;
28;2025-12-11;11;563.81;1.0;1.0;1.0;564.0;
28;2025-12-11;12;704.763;1.0;1.0;1.0;705.0;
28;2025-12-11;13;706.598;1.0;1.0;1.001;707.0;
28;2025-12-11;14;668.243;1.0;1.0;1.0;668.0;
28;2025-12-11;15;695.396;1.0;1.0;0.999;695.0;
28;2025-12-11;16;893.881;1.0;1.0;1.0;894.0;
28;2025-12-11;17;1053.948;1.0;1.0;1.0;1054.0;
28;2025-12-11;18;1021.606;1.0;1.0;1.0;1022.0;
28;2025-12-11;19;756.853;1.0;1.0;1.0;757.0;
28;2025-12-11;20;521.278;1.0;1.0;1.0;521.0;
28;2025-12-11;21;322.729;1.0;1.0;1.001;323.0;
28;2025-12-11;22;116.585;1.0;1.0;1.004;117.0;
28;2025-12-11;23;11.899;1.0;1.0;1.008;12.0;
28;2025-12-12;0;1.757;1.0;1.0;1.139;2.0;
28;2025-12-12;1;0.0;1.0;1.0;1.0;0.0;
28;2025-12-12;2;0.0;1.0;1.0;1.0;0.0;
28;2025-12-12;3;0.0;1.0;1.0;1.0;0.0;
28;2025-12-12;4;1.506;1.0;1.0;1.328;2.0;
28;2025-12-12;5;75.783;1.0;1.0;1.003;76.0;
28;2025-12-12;6;279.796;1.0;1.0;1.001;280.0;
28;2025-12-12;7;858.711;1.0;1.0;1.0;859.0;
28;2025-12-12;8;1320.437;1.0;1.0;1.0;1320.0;
28;2025-12-12;9;845.662;1.0;1.0;1.0;846.0;
28;2025-12-12;10;635.125;1.0;1.0;1.0;635.0;
28;2025-12-12;11;607.02;1.0;1.0;1.0;607.0;
28;2025-12-12;12;799.74;1.0;1.0;1.0;800.0;
28;2025-12-12;13;728.725;1.0;1.0;1.0;729.0;
28;2025-12-12;14;716.178;1.0;1.0;1.0;716.0;
28;2025-12-12;15;734.998;1.0;1.0;1.0;735.0;
28;2025-12-12;16;965.108;1.0;1.0;1.0;965.0;
28;2025-12-12;17;1011.281;1.0;1.0;1.0;1011.0;
28;2025-12-12;18;884.808;1.0;1.0;1.0;885.0;
28;2025-12-12;19;658.964;1.0;1.0;1.0;659.0;
28;2025-12-12;20;429.104;1.0;1.0;1.0;429.0;
28;2025-12-12;21;332.744;1.0;1.0;1.001;333.0;
28;2025-12-12;22;128.982;1.0;1.0;1.0;129.0;
28;2025-12-12;23;19.071;1.0;1.0;0.996;19.0;
28;2025-12-13;0;1.763;1.0;1.0;1.135;2.0;
28;2025-12-13;1;0.0;1.0;1.0;1.0;0.0;
28;2025-12-13;2;0.0;1.0;1.0;1.0;0.0;
28;2025-12-13;3;0.0;1.0;1.0;1.0;0.0;
28;2025-12-13;4;1.007;1.0;1.0;0.993;1.0;
28;2025-12-13;5;39.28;1.0;1.0;0.993;39.0;
28;2025-12-13;6;106.762;1.0;1.0;1.002;107.0;
28;2025-12-13;7;234.676;1.0;1.0;1.001;235.0;
28;2025-12-13;8;408.164;1.0;1.0;1.0;408.0;
28;2025-12-13;9;460.035;1.0;1.0;1.0;460.0;
28;2025-12-13;10;501.833;1.0;1.0;1.0;502.0;
28;2025-12-13;11;507.121;1.0;1.0;1.0;507.0;
28;2025-12-13;12;600.79;1.0;1.0;1.0;601.0;
28;2025-12-13;13;606.329;1.0;1.0;1.0;606.0;
28;2025-12-13;14;562.265;1.0;1.0;1.0;562.0;
28;2025-12-13;15;609.351;1.0;1.0;0.999;609.0;
28;2025-12-13;16;612.624;1.0;1.0;1.001;613.0;
28;2025-12-13;17;587.948;1.0;1.0;1.0;588.0;
28;2025-12-13;18;507.373;1.0;1.0;0.999;507.0;
28;2025-12-13;19;383.992;1.0;1.0;1.0;384.0;
28;2025-12-13;20;283.776;1.0;1.0;1.001;284.0;
28;2025-12-13;21;257.841;1.0;1.0;1.001;258.0;
28;2025-12-13;22;102.985;1.0;1.0;1.0;103.0;
28;2025-12-13;23;12.086;1.0;1.0;0.993;12.0;
28;2025-12-14;0;1.81;1.0;1.0;1.105;2.0;
28;2025-12-14;1;0.0;1.0;1.0;1.0;0.0;
28;2025-12-14;2;0.0;1.0;1.0;1.0;0.0;
28;2025-12-14;3;0.0;1.0;1.0;1.0;0.0;
28;2025-12-14;4;0.259;1.0;1.0;0.0;0.0;
28;2025-12-14;5;30.256;1.0;1.0;0.992;30.0;
28;2025-12-14;6;78.354;1.0;1.0;0.996;78.0;
28;2025-12-14;7;167.828;1.0;1.0;1.001;168.0;
28;2025-12-14;8;260.146;1.0;1.0;0.999;260.0;
28;2025-12-14;9;359.963;1.0;1.0;1.0;360.0;
28;2025-12-14;10;405.476;1.0;1.0;0.999;405.0;
28;2025-12-14;11;444.265;1.0;1.0;0.999;444.0;
28;2025-12-14;12;458.747;1.0;1.0;1.001;459.0;
28;2025-12-14;13;559.081;1.0;1.0;1.0;559.0;
28;2025-12-14;14;529.601;1.0;1.0;1.001;530.0;
28;2025-12-14;15;525.205;1.0;1.0;1.0;525.0;
28;2025-12-14;16;469.866;1.0;1.0;1.0;470.0;
28;2025-12-14;17;507.621;1.0;1.0;1.001;508.0;
28;2025-12-14;18;435.732;1.0;1.0;1.001;436.0;
28;2025-12-14;19;394.098;1.0;1.0;1.0;394.0;
28;2025-12-14;20;296.608;1.0;1.0;1.001;297.0;
28;2025-12-14;21;238.424;1.0;1.0;0.998;238.0;
28;2025-12-14;22;112.23;1.0;1.0;0.998;112.0;
28;2025-12-14;23;12.93;1.0;1.0;1.005;13.0;
28;2025-12-15;0;2.658;1.0;1.0;1.128;3.0;
28;2025-12-15;1;0.633;1.0;1.0;1.58;1.0;
28;2025-12-15;2;0.0;1.0;1.0;1.0;0.0;
28;2025-12-15;3;0.0;1.0;1.0;1.0;0.0;
28;2025-12-15;4;1.456;1.0;1.0;0.687;1.0;
28;2025-12-15;5;77.597;1.0;1.0;1.005;78.0;
28;2025-12-15;6;250.955;1.0;1.0;1.0;251.0;
28;2025-12-15;7;788.942;1.0;1.0;1.0;789.0;
28;2025-12-15;8;1290.916;1.0;1.0;1.0;1291.0;
28;2025-12-15;9;830.462;1.0;1.0;0.999;830.0;
28;2025-12-15;10;617.293;1.0;1.0;1.0;617.0;
28;2025-12-15;11;563.81;1.0;1.0;1.0;564.0;
28;2025-12-15;12;704.763;1.0;1.0;1.0;705.0;
28;2025-12-15;13;706.598;1.0;1.0;1.001;707.0;
28;2025-12-15;14;668.243;1.0;1.0;1.0;668.0;
28;2025-12-15;15;695.396;1.0;1.0;0.999;695.0;
28;2025-12-15;16;893.881;1.0;1.0;1.0;894.0;
28;2025-12-15;17;1053.948;1.0;1.0;1.0;1054.0;
28;2025-12-15;18;1021.606;1.0;1.0;1.0;1022.0;
28;2025-12-15;19;756.853;1.0;1.0;1.0;757.0;
28;2025-12-15;20;521.278;1.0;1.0;1.0;521.0;
28;2025-12-15;21;322.729;1.0;1.0;1.001;323.0;
28;2025-12-15;22;116.585;1.0;1.0;1.004;117.0;
28;2025-12-15;23;11.899;1.0;1.0;1.008;12.0;
28;2025-12-16;0;2.658;1.0;1.0;1.128;3.0;
28;2025-12-16;1;0.633;1.0;1.0;1.58;1.0;
28;2025-12-16;2;0.0;1.0;1.0;1.0;0.0;
28;2025-12-16;3;0.0;1.0;1.0;1.0;0.0;
28;2025-12-16;4;1.456;1.0;1.0;0.687;1.0;
28;2025-12-16;5;77.597;1.0;1.0;1.005;78.0;
28;2025-12-16;6;250.955;1.0;1.0;1.0;251.0;
28;2025-12-16;7;788.942;1.0;1.0;1.0;789.0;
28;2025-12-16;8;1290.916;1.0;1.0;1.0;1291.0;
28;2025-12-16;9;830.462;1.0;1.0;0.999;830.0;
28;2025-12-16;10;617.293;1.0;1.0;1.0;617.0;
28;2025-12-16;11;563.81;1.0;1.0;1.0;564.0;
28;2025-12-16;12;704.763;1.0;1.0;1.0;705.0;
28;2025-12-16;13;706.598;1.0;1.0;1.001;707.0;
28;2025-12-16;14;668.243;1.0;1.0;1.0;668.0;
28;2025-12-16;15;695.396;1.0;1.0;0.999;695.0;
28;2025-12-16;16;893.881;1.0;1.0;1.0;894.0;
28;2025-12-16;17;1053.948;1.0;1.0;1.0;1054.0;
28;2025-12-16;18;1021.606;1.0;1.0;1.0;1022.0;
28;2025-12-16;19;756.853;1.0;1.0;1.0;757.0;
28;2025-12-16;20;521.278;1.0;1.0;1.0;521.0;
28;2025-12-16;21;322.729;1.0;1.0;1.001;323.0;
28;2025-12-16;22;116.585;1.0;1.0;1.004;117.0;
28;2025-12-16;23;11.899;1.0;1.0;1.008;12.0;
28;2025-12-17;0;2.658;1.0;1.0;1.128;3.0;
28;2025-12-17;1;0.633;1.0;1.0;1.58;1.0;
28;2025-12-17;2;0.0;1.0;1.0;1.0;0.0;
28;2025-12-17;3;0.0;1.0;1.0;1.0;0.0;
28;2025-12-17;4;1.456;1.0;1.0;0.687;1.0;
28;2025-12-17;5;77.597;1.0;1.0;1.005;78.0;
28;2025-12-17;6;250.955;1.0;1.0;1.0;251.0;
28;2025-12-17;7;788.942;1.0;1.0;1.0;789.0;
28;2025-12-17;8;1290.916;1.0;1.0;1.0;1291.0;
28;2025-12-17;9;830.462;1.0;1.0;0.999;830.0;
28;2025-12-17;10;617.293;1.0;1.0;1.0;617.0;
28;2025-12-17;11;563.81;1.0;1.0;1.0;564.0;
28;2025-12-17;12;704.763;1.0;1.0;1.0;705.0;
28;2025-12-17;13;706.598;1.0;1.0;1.001;707.0;
28;2025-12-17;14;668.243;1.0;1.0;1.0;668.0;
28;2025-12-17;15;695.396;1.0;1.0;0.999;695.0;
28;2025-12-17;16;893.881;1.0;1.0;1.0;894.0;
28;2025-12-17;17;1053.948;1.0;1.0;1.0;1054.0;
28;2025-12-17;18;1021.606;1.0;1.0;1.0;1022.0;
28;2025-12-17;19;756.853;1.0;1.0;1.0;757.0;
28;2025-12-17;20;521.278;1.0;1.0;1.0;521.0;
28;2025-12-17;21;322.729;1.0;1.0;1.001;323.0;
28;2025-12-17;22;116.585;1.0;1.0;1.004;117.0;
28;2025-12-17;23;11.899;1.0;1.0;1.008;12.0;
28;2025-12-18;0;2.658;1.0;1.0;1.128;3.0;
28;2025-12-18;1;0.633;1.0;1.0;1.58;1.0;
28;2025-12-18;2;0.0;1.0;1.0;1.0;0.0;
28;2025-12-18;3;0.0;1.0;1.0;1.0;0.0;
28;2025-12-18;4;1.456;1.0;1.0;0.687;1.0;
28;2025-12-18;5;77.597;1.0;1.0;1.005;78.0;
28;2025-12-18;6;250.955;1.0;1.0;1.0;251.0;
28;2025-12-18;7;788.942;1.0;1.0;1.0;789.0;
28;2025-12-18;8;1290.916;1.0;1.0;1.0;1291.0;
28;2025-12-18;9;830.462;1.0;1.0;0.999;830.0;
28;2025-12-18;10;617.293;1.0;1.0;1.0;617.0;
28;2025-12-18;11;563.81;1.0;1.0;1.0;564.0;
28;2025-12-18;12;704.763;1.0;1.0;1.0;705.0;
28;2025-12-18;13;706.598;1.0;1.0;1.001;707.0;
28;2025-12-18;14;668.243;1.0;1.0;1.0;668.0;
28;2025-12-18;15;695.396;1.0;1.0;0.999;695.0;
28;2025-12-18;16;893.881;1.0;1.0;1.0;894.0;
28;2025-12-18;17;1053.948;1.0;1.0;1.0;1054.0;
28;2025-12-18;18;1021.606;1.0;1.0;1.0;1022.0;
28;2025-12-18;19;756.853;1.0;1.0;1.0;757.0;
28;2025-12-18;20;521.278;1.0;1.0;1.0;521.0;
28;2025-12-18;21;322.729;1.0;1.0;1.001;323.0;
28;2025-12-18;22;116.585;1.0;1.0;1.004;117.0;
28;2025-12-18;23;11.899;1.0;1.0;1.008;12.0;
28;2025-12-19;0;1.757;1.0;1.0;1.139;2.0;
28;2025-12-19;1;0.0;1.0;1.0;1.0;0.0;
28;2025-12-19;2;0.0;1.0;1.0;1.0;0.0;
28;2025-12-19;3;0.0;1.0;1.0;1.0;0.0;
28;2025-12-19;4;1.506;1.0;1.0;1.328;2.0;
28;2025-12-19;5;75.783;1.0;1.0;1.003;76.0;
28;2025-12-19;6;279.796;1.0;1.0;1.001;280.0;
28;2025-12-19;7;858.711;1.0;1.0;1.0;859.0;
28;2025-12-19;8;1320.437;1.0;1.0;1.0;1320.0;
28;2025-12-19;9;845.662;1.0;1.0;1.0;846.0;
28;2025-12-19;10;635.125;1.0;1.0;1.0;635.0;
28;2025-12-19;11;607.02;1.0;1.0;1.0;607.0;
28;2025-12-19;12;799.74;1.0;1.0;1.0;800.0;
28;2025-12-19;13;728.725;1.0;1.0;1.0;729.0;
28;2025-12-19;14;716.178;1.0;1.0;1.0;716.0;
28;2025-12-19;15;734.998;1.0;1.0;1.0;735.0;
28;2025-12-19;16;965.108;1.0;1.0;1.0;965.0;
28;2025-12-19;17;1011.281;1.0;1.0;1.0;1011.0;
28;2025-12-19;18;884.808;1.0;1.0;1.0;885.0;
28;2025-12-19;19;658.964;1.0;1.0;1.0;659.0;
28;2025-12-19;20;429.104;1.0;1.0;1.0;429.0;
28;2025-12-19;21;332.744;1.0;1.0;1.001;333.0;
28;2025-12-19;22;128.982;1.0;1.0;1.0;129.0;
28;2025-12-19;23;19.071;1.0;1.0;0.996;19.0;
28;2025-12-20;0;1.763;1.0;1.0;1.135;2.0;
28;2025-12-20;1;0.0;1.0;1.0;1.0;0.0;
28;2025-12-20;2;0.0;1.0;1.0;1.0;0.0;
28;2025-12-20;3;0.0;1.0;1.0;1.0;0.0;
28;2025-12-20;4;1.007;1.0;1.0;0.993;1.0;
28;2025-12-20;5;39.28;1.0;1.0;0.993;39.0;
28;2025-12-20;6;106.762;1.0;1.0;1.002;107.0;
28;2025-12-20;7;234.676;1.0;1.0;1.001;235.0;
28;2025-12-20;8;408.164;1.0;1.0;1.0;408.0;
28;2025-12-20;9;460.035;1.0;1.0;1.0;460.0;
28;2025-12-20;10;501.833;1.0;1.0;1.0;502.0;
28;2025-12-20;11;507.121;1.0;1.0;1.0;507.0;
28;2025-12-20;12;600.79;1.0;1.0;1.0;601.0;
28;2025-12-20;13;606.329;1.0;1.0;1.0;606.0;
28;2025-12-20;14;562.265;1.0;1.0;1.0;562.0;
28;2025-12-20;15;609.351;1.0;1.0;0.999;609.0;
28;2025-12-20;16;612.624;1.0;1.0;1.001;613.0;
28;2025-12-20;17;587.948;1.0;1.0;1.0;588.0;
28;2025-12-20;18;507.373;1.0;1.0;0.999;507.0;
28;2025-12-20;19;383.992;1.0;1.0;1.0;384.0;
28;2025-12-20;20;283.776;1.0;1.0;1.001;284.0;
28;2025-12-20;21;257.841;1.0;1.0;1.001;258.0;
28;2025-12-20;22;102.985;1.0;1.0;1.0;103.0;
28;2025-12-20;23;12.086;1.0;1.0;0.993;12.0;
28;2025-12-21;0;1.81;1.0;1.0;1.105;2.0;
28;2025-12-21;1;0.0;1.0;1.0;1.0;0.0;
28;2025-12-21;2;0.0;1.0;1.0;1.0;0.0;
28;2025-12-21;3;0.0;1.0;1.0;1.0;0.0;
28;2025-12-21;4;0.259;1.0;1.0;0.0;0.0;
28;2025-12-21;5;30.256;1.0;1.0;0.992;30.0;
28;2025-12-21;6;78.354;1.0;1.0;0.996;78.0;
28;2025-12-21;7;167.828;1.0;1.0;1.001;168.0;
28;2025-12-21;8;260.146;1.0;1.0;0.999;260.0;
28;2025-12-21;9;359.963;1.0;1.0;1.0;360.0;
28;2025-12-21;10;405.476;1.0;1.0;0.999;405.0;
28;2025-12-21;11;444.265;1.0;1.0;0.999;444.0;
28;2025-12-21;12;458.747;1.0;1.0;1.001;459.0;
28;2025-12-21;13;559.081;1.0;1.0;1.0;559.0;
28;2025-12-21;14;529.601;1.0;1.0;1.001;530.0;
28;2025-12-21;15;525.205;1.0;1.0;1.0;525.0;
28;2025-12-21;16;469.866;1.0;1.0;1.0;470.0;
28;2025-12-21;17;507.621;1.0;1.0;1.001;508.0;
28;2025-12-21;18;435.732;1.0;1.0;1.001;436.0;
28;2025-12-21;19;394.098;1.0;1.0;1.0;394.0;
28;2025-12-21;20;296.608;1.0;1.0;1.001;297.0;
28;2025-12-21;21;238.424;1.0;1.0;0.998;238.0;
28;2025-12-21;22;112.23;1.0;1.0;0.998;112.0;
28;2025-12-21;23;12.93;1.0;1.0;1.005;13.0;
28;2025-12-22;0;2.658;1.0;1.0;1.128;3.0;
28;2025-12-22;1;0.633;1.0;1.0;1.58;1.0;
28;2025-12-22;2;0.0;1.0;1.0;1.0;0.0;
28;2025-12-22;3;0.0;1.0;1.0;1.0;0.0;
28;2025-12-22;4;1.456;1.0;1.0;0.687;1.0;
28;2025-12-22;5;77.597;1.0;1.0;1.005;78.0;
28;2025-12-22;6;250.955;1.0;1.0;1.0;251.0;
28;2025-12-22;7;788.942;1.0;1.0;1.0;789.0;
28;2025-12-22;8;1290.916;1.0;1.0;1.0;1291.0;
28;2025-12-22;9;830.462;1.0;1.0;0.999;830.0;
28;2025-12-22;10;617.293;1.0;1.0;1.0;617.0;
28;2025-12-22;11;563.81;1.0;1.0;1.0;564.0;
28;2025-12-22;12;704.763;1.0;1.0;1.0;705.0;
28;2025-12-22;13;706.598;1.0;1.0;1.001;707.0;
28;2025-12-22;14;668.243;1.0;1.0;1.0;668.0;
28;2025-12-22;15;695.396;1.0;1.0;0.999;695.0;
28;2025-12-22;16;893.881;1.0;1.0;1.0;894.0;
28;2025-12-22;17;1053.948;1.0;1.0;1.0;1054.0;
28;2025-12-22;18;1021.606;1.0;1.0;1.0;1022.0;
28;2025-12-22;19;756.853;1.0;1.0;1.0;757.0;
28;2025-12-22;20;521.278;1.0;1.0;1.0;521.0;
28;2025-12-22;21;322.729;1.0;1.0;1.001;323.0;
28;2025-12-22;22;116.585;1.0;1.0;1.004;117.0;
28;2025-12-22;23;11.899;1.0;1.0;1.008;12.0;
28;2025-12-23;0;2.658;1.0;1.0;1.128;3.0;
28;2025-12-23;1;0.633;1.0;1.0;1.58;1.0;
28;2025-12-23;2;0.0;1.0;1.0;1.0;0.0;
28;2025-12-23;3;0.0;1.0;1.0;1.0;0.0;
28;2025-12-23;4;1.456;1.0;1.0;0.687;1.0;
28;2025-12-23;5;77.597;1.0;1.0;1.005;78.0;
28;2025-12-23;6;250.955;1.0;1.0;1.0;251.0;
28;2025-12-23;7;788.942;1.0;1.0;1.0;789.0;
28;2025-12-23;8;1290.916;1.0;1.0;1.0;1291.0;
28;2025-12-23;9;830.462;1.0;1.0;0.999;830.0;
28;2025-12-23;10;617.293;1.0;1.0;1.0;617.0;
28;2025-12-23;11;563.81;1.0;1.0;1.0;564.0;
28;2025-12-23;12;704.763;1.0;1.0;1.0;705.0;
28;2025-12-23;13;706.598;1.0;1.0;1.001;707.0;
28;2025-12-23;14;668.243;1.0;1.0;1.0;668.0;
28;2025-12-23;15;695.396;1.0;1.0;0.999;695.0;
28;2025-12-23;16;893.881;1.0;1.0;1.0;894.0;
28;2025-12-23;17;1053.948;1.0;1.0;1.0;1054.0;
28;2025-12-23;18;1021.606;1.0;1.0;1.0;1022.0;
28;2025-12-23;19;756.853;1.0;1.0;1.0;757.0;
28;2025-12-23;20;521.278;1.0;1.0;1.0;521.0;
28;2025-12-23;21;322.729;1.0;1.0;1.001;323.0;
28;2025-12-23;22;116.585;1.0;1.0;1.004;117.0;
28;2025-12-23;23;11.899;1.0;1.0;1.008;12.0;
28;2025-12-24;0;2.658;1.0;1.0;1.128;3.0;
28;2025-12-24;1;0.633;1.0;1.0;1.58;1.0;
28;2025-12-24;2;0.0;1.0;1.0;1.0;0.0;
28;2025-12-24;3;0.0;1.0;1.0;1.0;0.0;
28;2025-12-24;4;1.456;1.0;1.0;0.687;1.0;
28;2025-12-24;5;77.597;1.0;1.0;1.005;78.0;
28;2025-12-24;6;250.955;1.0;1.0;1.0;251.0;
28;2025-12-24;7;788.942;1.0;1.0;1.0;789.0;
28;2025-12-24;8;1290.916;1.0;1.0;1.0;1291.0;
28;2025-12-24;9;830.462;1.0;1.0;0.999;830.0;
28;2025-12-24;10;617.293;1.0;1.0;1.0;617.0;
28;2025-12-24;11;563.81;1.0;1.0;1.0;564.0;
28;2025-12-24;12;704.763;1.0;1.0;1.0;705.0;
28;2025-12-24;13;706.598;1.0;1.0;1.001;707.0;
28;2025-12-24;14;668.243;1.0;1.0;1.0;668.0;
28;2025-12-24;15;695.396;1.0;1.0;0.999;695.0;
28;2025-12-24;16;893.881;1.0;1.0;1.0;894.0;
28;2025-12-24;17;1053.948;1.0;1.0;1.0;1054.0;
28;2025-12-24;18;1021.606;1.0;1.0;1.0;1022.0;
28;2025-12-24;19;756.853;1.0;1.0;1.0;757.0;
28;2025-12-24;20;521.278;1.0;1.0;1.0;521.0;
28;2025-12-24;21;322.729;1.0;1.0;1.001;323.0;
28;2025-12-24;22;116.585;1.0;1.0;1.004;117.0;
28;2025-12-24;23;11.899;1.0;1.0;1.008;12.0;
28;2025-12-25;0;2.658;1.0;1.0;1.128;3.0;
28;2025-12-25;1;0.633;1.0;1.0;1.58;1.0;
28;2025-12-25;2;0.0;1.0;1.0;1.0;0.0;
28;2025-12-25;3;0.0;1.0;1.0;1.0;0.0;
28;2025-12-25;4;1.456;1.0;1.0;0.687;1.0;
28;2025-12-25;5;77.597;1.0;1.0;1.005;78.0;
28;2025-12-25;6;250.955;1.0;1.0;1.0;251.0;
28;2025-12-25;7;788.942;1.0;1.0;1.0;789.0;
28;2025-12-25;8;1290.916;1.0;1.0;1.0;1291.0;
28;2025-12-25;9;830.462;1.0;1.0;0.999;830.0;
28;2025-12-25;10;617.293;1.0;1.0;1.0;617.0;
28;2025-12-25;11;563.81;1.0;1.0;1.0;564.0;
28;2025-12-25;12;704.763;1.0;1.0;1.0;705.0;
28;2025-12-25;13;706.598;1.0;1.0;1.001;707.0;
28;2025-12-25;14;668.243;1.0;1.0;1.0;668.0;
28;2025-12-25;15;695.396;1.0;1.0;0.999;695.0;
28;2025-12-25;16;893.881;1.0;1.0;1.0;894.0;
28;2025-12-25;17;1053.948;1.0;1.0;1.0;1054.0;
28;2025-12-25;18;1021.606;1.0;1.0;1.0;1022.0;
28;2025-12-25;19;756.853;1.0;1.0;1.0;757.0;
28;2025-12-25;20;521.278;1.0;1.0;1.0;521.0;
28;2025-12-25;21;322.729;1.0;1.0;1.001;323.0;
28;2025-12-25;22;116.585;1.0;1.0;1.004;117.0;
28;2025-12-25;23;11.899;1.0;1.0;1.008;12.0;
28;2025-12-26;0;1.757;1.0;1.0;1.139;2.0;
28;2025-12-26;1;0.0;1.0;1.0;1.0;0.0;
28;2025-12-26;2;0.0;1.0;1.0;1.0;0.0;
28;2025-12-26;3;0.0;1.0;1.0;1.0;0.0;
28;2025-12-26;4;1.506;1.0;1.0;1.328;2.0;
28;2025-12-26;5;75.783;1.0;1.0;1.003;76.0;
28;2025-12-26;6;279.796;1.0;1.0;1.001;280.0;
28;2025-12-26;7;858.711;1.0;1.0;1.0;859.0;
28;2025-12-26;8;1320.437;1.0;1.0;1.0;1320.0;
28;2025-12-26;9;845.662;1.0;1.0;1.0;846.0;
28;2025-12-26;10;635.125;1.0;1.0;1.0;635.0;
28;2025-12-26;11;607.02;1.0;1.0;1.0;607.0;
28;2025-12-26;12;799.74;1.0;1.0;1.0;800.0;
28;2025-12-26;13;728.725;1.0;1.0;1.0;729.0;
28;2025-12-26;14;716.178;1.0;1.0;1.0;716.0;
28;2025-12-26;15;734.998;1.0;1.0;1.0;735.0;
28;2025-12-26;16;965.108;1.0;1.0;1.0;965.0;
28;2025-12-26;17;1011.281;1.0;1.0;1.0;1011.0;
28;2025-12-26;18;884.808;1.0;1.0;1.0;885.0;
28;2025-12-26;19;658.964;1.0;1.0;1.0;659.0;
28;2025-12-26;20;429.104;1.0;1.0;1.0;429.0;
28;2025-12-26;21;332.744;1.0;1.0;1.001;333.0;
28;2025-12-26;22;128.982;1.0;1.0;1.0;129.0;
28;2025-12-26;23;19.071;1.0;1.0;0.996;19.0;
28;2025-12-27;0;1.763;1.0;1.0;1.135;2.0;
28;2025-12-27;1;0.0;1.0;1.0;1.0;0.0;
28;2025-12-27;2;0.0;1.0;1.0;1.0;0.0;
28;2025-12-27;3;0.0;1.0;1.0;1.0;0.0;
28;2025-12-27;4;1.007;1.0;1.0;0.993;1.0;
28;2025-12-27;5;39.28;1.0;1.0;0.993;39.0;
28;2025-12-27;6;106.762;1.0;1.0;1.002;107.0;
28;2025-12-27;7;234.676;1.0;1.0;1.001;235.0;
28;2025-12-27;8;408.164;1.0;1.0;1.0;408.0;
28;2025-12-27;9;460.035;1.0;1.0;1.0;460.0;
28;2025-12-27;10;501.833;1.0;1.0;1.0;502.0;
28;2025-12-27;11;507.121;1.0;1.0;1.0;507.0;
28;2025-12-27;12;600.79;1.0;1.0;1.0;601.0;
28;2025-12-27;13;606.329;1.0;1.0;1.0;606.0;
28;2025-12-27;14;562.265;1.0;1.0;1.0;562.0;
28;2025-12-27;15;609.351;1.0;1.0;0.999;609.0;
28;2025-12-27;16;612.624;1.0;1.0;1.001;613.0;
28;2025-12-27;17;587.948;1.0;1.0;1.0;588.0;
28;2025-12-27;18;507.373;1.0;1.0;0.999;507.0;
28;2025-12-27;19;383.992;1.0;1.0;1.0;384.0;
28;2025-12-27;20;283.776;1.0;1.0;1.001;284.0;
28;2025-12-27;21;257.841;1.0;1.0;1.001;258.0;
28;2025-12-27;22;102.985;1.0;1.0;1.0;103.0;
28;2025-12-27;23;12.086;1.0;1.0;0.993;12.0;
28;2025-12-28;0;1.81;1.0;1.0;1.105;2.0;
28;2025-12-28;1;0.0;1.0;1.0;1.0;0.0;
28;2025-12-28;2;0.0;1.0;1.0;1.0;0.0;
28;2025-12-28;3;0.0;1.0;1.0;1.0;0.0;
28;2025-12-28;4;0.259;1.0;1.0;0.0;0.0;
28;2025-12-28;5;30.256;1.0;1.0;0.992;30.0;
28;2025-12-28;6;78.354;1.0;1.0;0.996;78.0;
28;2025-12-28;7;167.828;1.0;1.0;1.001;168.0;
28;2025-12-28;8;260.146;1.0;1.0;0.999;260.0;
28;2025-12-28;9;359.963;1.0;1.0;1.0;360.0;
28;2025-12-28;10;405.476;1.0;1.0;0.999;405.0;
28;2025-12-28;11;444.265;1.0;1.0;0.999;444.0;
28;2025-12-28;12;458.747;1.0;1.0;1.001;459.0;
28;2025-12-28;13;559.081;1.0;1.0;1.0;559.0;
28;2025-12-28;14;529.601;1.0;1.0;1.001;530.0;
28;2025-12-28;15;525.205;1.0;1.0;1.0;525.0;
28;2025-12-28;16;469.866;1.0;1.0;1.0;470.0;
28;2025-12-28;17;507.621;1.0;1.0;1.001;508.0;
28;2025-12-28;18;435.732;1.0;1.0;1.001;436.0;
28;2025-12-28;19;394.098;1.0;1.0;1.0;394.0;
28;2025-12-28;20;296.608;1.0;1.0;1.001;297.0;
28;2025-12-28;21;238.424;1.0;1.0;0.998;238.0;
28;2025-12-28;22;112.23;1.0;1.0;0.998;112.0;
28;2025-12-28;23;12.93;1.0;1.0;1.005;13.0;
28;2025-12-29;0;2.658;0.88;1.0;0.855;2.0;
28;2025-12-29;1;0.633;0.88;1.0;1.795;1.0;
28;2025-12-29;2;0.0;0.88;1.0;1.0;0.0;
28;2025-12-29;3;0.0;0.88;1.0;1.0;0.0;
28;2025-12-29;4;1.456;0.88;1.0;0.781;1.0;
28;2025-12-29;5;77.597;0.88;1.0;0.996;68.0;
28;2025-12-29;6;250.955;0.88;1.0;1.001;221.0;
28;2025-12-29;7;788.942;0.88;1.0;1.0;694.0;
28;2025-12-29;8;1290.916;0.88;1.0;1.0;1136.0;
28;2025-12-29;9;830.462;0.88;1.0;1.0;731.0;
28;2025-12-29;10;617.293;0.88;1.0;1.0;543.0;
28;2025-12-29;11;563.81;0.88;1.0;1.0;496.0;
28;2025-12-29;12;704.763;0.88;1.0;1.0;620.0;
28;2025-12-29;13;706.598;0.88;1.0;1.0;622.0;
28;2025-12-29;14;668.243;0.88;1.0;1.0;588.0;
28;2025-12-29;15;695.396;0.88;1.0;1.0;612.0;
28;2025-12-29;16;893.881;0.88;1.0;1.0;787.0;
28;2025-12-29;17;1053.948;0.88;1.0;1.0;927.0;
28;2025-12-29;18;1021.606;0.88;1.0;1.0;899.0;
28;2025-12-29;19;756.853;0.88;1.0;1.0;666.0;
28;2025-12-29;20;521.278;0.88;1.0;1.001;459.0;
28;2025-12-29;21;322.729;0.88;1.0;1.0;284.0;
28;2025-12-29;22;116.585;0.88;1.0;1.004;103.0;
28;2025-12-29;23;11.899;0.88;1.0;0.955;10.0;
28;2025-12-30;0;2.658;0.88;1.0;0.855;2.0;
28;2025-12-30;1;0.633;0.88;1.0;1.795;1.0;
28;2025-12-30;2;0.0;0.88;1.0;1.0;0.0;
28;2025-12-30;3;0.0;0.88;1.0;1.0;0.0;
28;2025-12-30;4;1.456;0.88;1.0;0.781;1.0;
28;2025-12-30;5;77.597;0.88;1.0;0.996;68.0;
28;2025-12-30;6;250.955;0.88;1.0;1.001;221.0;
28;2025-12-30;7;788.942;0.88;1.0;1.0;694.0;
28;2025-12-30;8;1290.916;0.88;1.0;1.0;1136.0;
28;2025-12-30;9;830.462;0.88;1.0;1.0;731.0;
28;2025-12-30;10;617.293;0.88;1.0;1.0;543.0;
28;2025-12-30;11;563.81;0.88;1.0;1.0;496.0;
28;2025-12-30;12;704.763;0.88;1.0;1.0;620.0;
28;2025-12-30;13;706.598;0.88;1.0;1.0;622.0;
28;2025-12-30;14;668.243;0.88;1.0;1.0;588.0;
28;2025-12-30;15;695.396;0.88;1.0;1.0;612.0;
28;2025-12-30;16;893.881;0.88;1.0;1.0;787.0;
28;2025-12-30;17;1053.948;0.88;1.0;1.0;927.0;
28;2025-12-30;18;1021.606;0.88;1.0;1.0;899.0;
28;2025-12-30;19;756.853;0.88;1.0;1.0;666.0;
28;2025-12-30;20;521.278;0.88;1.0;1.001;459.0;
28;2025-12-30;21;322.729;0.88;1.0;1.0;284.0;
28;2025-12-30;22;116.585;0.88;1.0;1.004;103.0;
28;2025-12-30;23;11.899;0.88;1.0;0.955;10.0;
28;2025-12-31;0;1.763;0.8;1.0;0.709;1.0;
28;2025-12-31;1;0.0;0.8;1.0;1.0;0.0;
28;2025-12-31;2;0.0;0.8;1.0;1.0;0.0;
28;2025-12-31;3;0.0;0.8;1.0;1.0;0.0;
28;2025-12-31;4;1.007;0.8;1.0;1.241;1.0;
28;2025-12-31;5;39.28;0.8;1.0;0.986;31.0;
28;2025-12-31;6;106.762;0.8;1.0;0.995;85.0;
28;2025-12-31;7;234.676;0.8;1.0;1.001;188.0;
28;2025-12-31;8;408.164;0.8;1.0;1.001;327.0;
28;2025-12-31;9;460.035;0.8;1.0;1.0;368.0;
28;2025-12-31;10;501.833;0.8;1.0;0.999;401.0;
28;2025-12-31;11;507.121;0.8;1.0;1.001;406.0;
28;2025-12-31;12;600.79;0.8;1.0;1.001;481.0;
28;2025-12-31;13;606.329;0.8;1.0;1.0;485.0;
28;2025-12-31;14;562.265;0.8;1.0;1.0;450.0;
28;2025-12-31;15;609.351;0.8;1.0;0.999;487.0;
28;2025-12-31;16;612.624;0.8;1.0;1.0;490.0;
28;2025-12-31;17;587.948;0.8;1.0;0.999;470.0;
28;2025-12-31;18;507.373;0.8;1.0;1.0;406.0;
28;2025-12-31;19;383.992;0.8;1.0;0.999;307.0;
28;2025-12-31;20;283.776;0.8;1.0;0.0;0.0;free fare New Year night
28;2025-12-31;21;257.841;0.8;1.0;0.0;0.0;free fare New Year night
28;2025-12-31;22;102.985;0.8;1.0;0.0;0.0;free fare New Year night
28;2025-12-31;23;12.086;0.8;1.0;0.0;0.0;free fare New Year night
50;2025-11-01;0;35.08;0.8;1.0;1.96;55.0;
50;2025-11-01;1;1.21;0.8;1.0;6.2;6.0;
50;2025-11-01;2;0.0;0.8;1.0;1.0;0.0;
50;2025-11-01;3;0.0;0.8;1.0;1.0;0.0;
50;2025-11-01;4;3.629;0.8;1.0;1.033;3.0;
50;2025-11-01;5;66.773;0.8;1.0;0.992;53.0;
50;2025-11-01;6;492.575;0.8;1.0;1.0;394.0;
50;2025-11-01;7;1695.949;0.8;1.0;1.0;1357.0;
50;2025-11-01;8;2682.309;0.8;1.0;1.0;2146.0;
50;2025-11-01;9;2089.574;0.8;1.0;1.0;1672.0;
50;2025-11-01;10;1453.29;0.8;1.0;1.0;1163.0;
50;2025-11-01;11;1461.032;0.8;1.0;1.0;1169.0;
50;2025-11-01;12;1358.453;0.8;1.0;1.0;1087.0;
50;2025-11-01;13;1470.951;0.8;1.0;1.0;1177.0;
50;2025-11-01;14;1402.242;0.8;1.0;1.0;1122.0;
50;2025-11-01;15;1673.207;0.8;1.0;1.0;1339.0;
50;2025-11-01;16;2192.637;0.8;1.0;1.0;1754.0;
50;2025-11-01;17;2077.719;0.8;1.0;1.0;1662.0;
50;2025-11-01;18;1545.225;0.8;1.0;1.0;1236.0;
50;2025-11-01;19;1147.245;0.8;1.0;1.0;918.0;
50;2025-11-01;20;829.104;0.8;1.0;1.0;663.0;
50;2025-11-01;21;525.72;0.8;1.0;1.001;421.0;
50;2025-11-01;22;260.562;0.8;1.0;0.998;208.0;
50;2025-11-01;23;157.014;0.8;1.0;1.003;126.0;
50;2025-11-02;0;3.899;1.0;1.0;1.026;4.0;
50;2025-11-02;1;0.0;1.0;1.0;1.0;0.0;
50;2025-11-02;2;0.0;1.0;1.0;1.0;0.0;
50;2025-11-02;3;0.0;1.0;1.0;1.0;0.0;
50;2025-11-02;4;0.0;1.0;1.0;1.0;0.0;
50;2025-11-02;5;0.975;1.0;1.0;1.026;1.0;
50;2025-11-02;6;5.848;1.0;1.0;1.026;6.0;
50;2025-11-02;7;10.234;1.0;1.0;0.977;10.0;
50;2025-11-02;8;21.442;1.0;1.0;0.979;21.0;
50;2025-11-02;9;15.594;1.0;1.0;1.026;16.0;
50;2025-11-02;10;42.884;1.0;1.0;1.003;43.0;
50;2025-11-02;11;143.273;1.0;1.0;0.998;143.0;
50;2025-11-02;12;110.135;1.0;1.0;0.999;110.0;
50;2025-11-02;13;134.501;1.0;1.0;1.004;135.0;
50;2025-11-02;14;226.118;1.0;1.0;1.0;226.0;
50;2025-11-02;15;184.208;1.0;1.0;0.999;184.0;
50;2025-11-02;16;217.346;1.0;1.0;0.998;217.0;
50;2025-11-02;17;193.954;1.0;1.0;1.0;194.0;
50;2025-11-02;18;114.521;1.0;1.0;1.004;115.0;
50;2025-11-02;19;125.242;1.0;1.0;0.998;125.0;
50;2025-11-02;20;91.129;1.0;1.0;0.999;91.0;
50;2025-11-02;21;58.479;1.0;1.0;0.992;58.0;
50;2025-11-02;22;68.225;1.0;1.0;0.997;68.0;
50;2025-11-02;23;19.493;1.0;1.0;0.975;19.0;
50;2025-11-03;0;3.899;1.0;1.0;1.026;4.0;
50;2025-11-03;1;0.0;1.0;1.0;1.0;0.0;
50;2025-11-03;2;0.0;1.0;1.0;1.0;0.0;
50;2025-11-03;3;0.0;1.0;1.0;1.0;0.0;
50;2025-11-03;4;0.0;1.0;1.0;1.0;0.0;
50;2025-11-03;5;0.975;1.0;1.0;1.026;1.0;
50;2025-11-03;6;5.848;1.0;1.0;1.026;6.0;
50;2025-11-03;7;10.234;1.0;1.0;0.977;10.0;
50;2025-11-03;8;21.442;1.0;1.0;0.979;21.0;
50;2025-11-03;9;15.594;1.0;1.0;1.026;16.0;
50;2025-11-03;10;42.884;1.0;1.0;1.003;43.0;
50;2025-11-03;11;143.273;1.0;1.0;0.998;143.0;
50;2025-11-03;12;110.135;1.0;1.0;0.999;110.0;
50;2025-11-03;13;134.501;1.0;1.0;1.004;135.0;
50;2025-11-03;14;226.118;1.0;1.0;1.0;226.0;
50;2025-11-03;15;184.208;1.0;1.0;0.999;184.0;
50;2025-11-03;16;217.346;1.0;1.0;0.998;217.0;
50;2025-11-03;17;193.954;1.0;1.0;1.0;194.0;
50;2025-11-03;18;114.521;1.0;1.0;1.004;115.0;
50;2025-11-03;19;125.242;1.0;1.0;0.998;125.0;
50;2025-11-03;20;91.129;1.0;1.0;0.999;91.0;
50;2025-11-03;21;58.479;1.0;1.0;0.992;58.0;
50;2025-11-03;22;68.225;1.0;1.0;0.997;68.0;
50;2025-11-03;23;19.493;1.0;1.0;0.975;19.0;
50;2025-11-04;0;3.899;1.0;1.0;1.026;4.0;
50;2025-11-04;1;0.0;1.0;1.0;1.0;0.0;
50;2025-11-04;2;0.0;1.0;1.0;1.0;0.0;
50;2025-11-04;3;0.0;1.0;1.0;1.0;0.0;
50;2025-11-04;4;0.0;1.0;1.0;1.0;0.0;
50;2025-11-04;5;0.975;1.0;1.0;1.026;1.0;
50;2025-11-04;6;5.848;1.0;1.0;1.026;6.0;
50;2025-11-04;7;10.234;1.0;1.0;0.977;10.0;
50;2025-11-04;8;21.442;1.0;1.0;0.979;21.0;
50;2025-11-04;9;15.594;1.0;1.0;1.026;16.0;
50;2025-11-04;10;42.884;1.0;1.0;1.003;43.0;
50;2025-11-04;11;143.273;1.0;1.0;0.998;143.0;
50;2025-11-04;12;110.135;1.0;1.0;0.999;110.0;
50;2025-11-04;13;134.501;1.0;1.0;1.004;135.0;
50;2025-11-04;14;226.118;1.0;1.0;1.0;226.0;
50;2025-11-04;15;184.208;1.0;1.0;0.999;184.0;
50;2025-11-04;16;217.346;1.0;1.0;0.998;217.0;
50;2025-11-04;17;193.954;1.0;1.0;1.0;194.0;
50;2025-11-04;18;114.521;1.0;1.0;1.004;115.0;
50;2025-11-04;19;125.242;1.0;1.0;0.998;125.0;
50;2025-11-04;20;91.129;1.0;1.0;0.999;91.0;
50;2025-11-04;21;58.479;1.0;1.0;0.992;58.0;
50;2025-11-04;22;68.225;1.0;1.0;0.997;68.0;
50;2025-11-04;23;19.493;1.0;1.0;0.975;19.0;
50;2025-11-05;0;25.105;1.0;1.0;0.996;25.0;
50;2025-11-05;1;2.889;1.0;1.0;1.038;3.0;
50;2025-11-05;2;0.514;1.0;1.0;1.947;1.0;
50;2025-11-05;3;0.064;1.0;1.0;0.0;0.0;
50;2025-11-05;4;3.531;1.0;1.0;1.133;4.0;
50;2025-11-05;5;76.15;1.0;1.0;0.998;76.0;
50;2025-11-05;6;531.766;1.0;1.0;1.0;532.0;
50;2025-11-05;7;1729.428;1.0;1.0;1.0;1729.0;
50;2025-11-05;8;2854.15;1.0;1.0;1.0;2854.0;
50;2025-11-05;9;2254.067;1.0;1.0;1.0;2254.0;
50;2025-11-05;10;1749.011;1.0;1.0;1.0;1749.0;
50;2025-11-05;11;1541.364;1.0;1.0;1.0;1541.0;
50;2025-11-05;12;1456.739;1.0;1.0;1.0;1457.0;
50;2025-11-05;13;1534.43;1.0;1.0;1.0;1534.0;
50;2025-11-05;14;1457.509;1.0;1.0;1.0;1458.0;
50;2025-11-05;15;1686.216;1.0;1.0;1.0;1686.0;
50;2025-11-05;16;1702.333;1.0;1.0;1.0;1702.0;
50;2025-11-05;17;2454.138;1.0;1.0;1.0;2454.0;
50;2025-11-05;18;2523.61;1.0;1.0;1.0;2524.0;
50;2025-11-05;19;1434.395;1.0;1.0;1.0;1434.0;
50;2025-11-05;20;958.682;1.0;1.0;1.0;959.0;
50;2025-11-05;21;653.76;1.0;1.0;1.0;654.0;
50;2025-11-05;22;249.703;1.0;1.0;1.001;250.0;
50;2025-11-05;23;145.944;1.0;1.0;1.0;146.0;
50;2025-11-06;0;25.105;1.0;1.0;0.996;25.0;
50;2025-11-06;1;2.889;1.0;1.0;1.038;3.0;
50;2025-11-06;2;0.514;1.0;1.0;1.947;1.0;
50;2025-11-06;3;0.064;1.0;1.0;0.0;0.0;
50;2025-11-06;4;3.531;1.0;1.0;1.133;4.0;
50;2025-11-06;5;76.15;1.0;1.0;0.998;76.0;
50;2025-11-06;6;531.766;1.0;1.0;1.0;532.0;
50;2025-11-06;7;1729.428;1.0;1.0;1.0;1729.0;
50;2025-11-06;8;2854.15;1.0;1.0;1.0;2854.0;
50;2025-11-06;9;2254.067;1.0;1.0;1.0;2254.0;
50;2025-11-06;10;1749.011;1.0;1.0;1.0;1749.0;
50;2025-11-06;11;1541.364;1.0;1.0;1.0;1541.0;
50;2025-11-06;12;1456.739;1.0;1.0;1.0;1457.0;
50;2025-11-06;13;1534.43;1.0;1.0;1.0;1534.0;
50;2025-11-06;14;1457.509;1.0;1.0;1.0;1458.0;
50;2025-11-06;15;1686.216;1.0;1.0;1.0;1686.0;
50;2025-11-06;16;1702.333;1.0;1.0;1.0;1702.0;
50;2025-11-06;17;2454.138;1.0;1.0;1.0;2454.0;
50;2025-11-06;18;2523.61;1.0;1.0;1.0;2524.0;
50;2025-11-06;19;1434.395;1.0;1.0;1.0;1434.0;
50;2025-11-06;20;958.682;1.0;1.0;1.0;959.0;
50;2025-11-06;21;653.76;1.0;1.0;1.0;654.0;
50;2025-11-06;22;249.703;1.0;1.0;1.001;250.0;
50;2025-11-06;23;145.944;1.0;1.0;1.0;146.0;
50;2025-11-07;0;35.08;1.0;1.0;0.998;35.0;
50;2025-11-07;1;1.21;1.0;1.0;0.827;1.0;
50;2025-11-07;2;0.0;1.0;1.0;1.0;0.0;
50;2025-11-07;3;0.0;1.0;1.0;1.0;0.0;
50;2025-11-07;4;3.629;1.0;1.0;1.102;4.0;
50;2025-11-07;5;66.773;1.0;1.0;1.003;67.0;
50;2025-11-07;6;492.575;1.0;1.0;1.001;493.0;
50;2025-11-07;7;1695.949;1.0;1.0;1.0;1696.0;
50;2025-11-07;8;2682.309;1.0;1.0;1.0;2682.0;
50;2025-11-07;9;2089.574;1.0;1.0;1.0;2090.0;
50;2025-11-07;10;1453.29;1.0;1.0;1.0;1453.0;
50;2025-11-07;11;1461.032;1.0;1.0;1.0;1461.0;
50;2025-11-07;12;1358.453;1.0;1.0;1.0;1358.0;
50;2025-11-07;13;1470.951;1.0;1.0;1.0;1471.0;
50;2025-11-07;14;1402.242;1.0;1.0;1.0;1402.0;
50;2025-11-07;15;1673.207;1.0;1.0;1.0;1673.0;
50;2025-11-07;16;2192.637;1.0;1.0;1.0;2193.0;
50;2025-11-07;17;2077.719;1.0;1.0;1.0;2078.0;
50;2025-11-07;18;1545.225;1.0;1.0;1.0;1545.0;
50;2025-11-07;19;1147.245;1.0;1.0;1.0;1147.0;
50;2025-11-07;20;829.104;1.0;1.0;1.0;829.0;
50;2025-11-07;21;525.72;1.0;1.0;1.0;526.0;
50;2025-11-07;22;260.562;1.0;1.0;1.002;261.0;
50;2025-11-07;23;157.014;1.0;1.0;1.0;157.0;
50;2025-11-08;0;68.833;1.0;1.0;1.002;69.0;
50;2025-11-08;1;8.435;1.0;1.0;0.948;8.0;
50;2025-11-08;2;0.0;1.0;1.0;1.0;0.0;
50;2025-11-08;3;2.699;1.0;1.0;1.111;3.0;
50;2025-11-08;4;0.337;1.0;1.0;0.0;0.0;
50;2025-11-08;5;11.472;1.0;1.0;0.959;11.0;
50;2025-11-08;6;14.172;1.0;1.0;0.988;14.0;
50;2025-11-08;7;22.27;1.0;1.0;0.988;22.0;
50;2025-11-08;8;44.539;1.0;1.0;1.01;45.0;
50;2025-11-08;9;87.729;1.0;1.0;1.003;88.0;
50;2025-11-08;10;32.392;1.0;1.0;0.988;32.0;
50;2025-11-08;11;54.999;1.0;1.0;1.0;55.0;
50;2025-11-08;12;99.539;1.0;1.0;1.005;100.0;
50;2025-11-08;13;65.797;1.0;1.0;1.003;66.0;
50;2025-11-08;14;80.981;1.0;1.0;1.0;81.0;
50;2025-11-08;15;118.097;1.0;1.0;0.999;118.0;
50;2025-11-08;16;75.582;1.0;1.0;1.006;76.0;
50;2025-11-08;17;74.232;1.0;1.0;0.997;74.0;
50;2025-11-08;18;18.221;1.0;1.0;0.988;18.0;
50;2025-11-08;19;16.534;1.0;1.0;1.028;17.0;
50;2025-11-08;20;11.472;1.0;1.0;0.959;11.0;
50;2025-11-08;21;12.147;1.0;1.0;0.988;12.0;
50;2025-11-08;22;12.147;1.0;1.0;0.988;12.0;
50;2025-11-08;23;3.374;1.0;1.0;0.889;3.0;
50;2025-11-09;0;3.899;1.0;1.0;1.026;4.0;
50;2025-11-09;1;0.0;1.0;1.0;1.0;0.0;
50;2025-11-09;2;0.0;1.0;1.0;1.0;0.0;
50;2025-11-09;3;0.0;1.0;1.0;1.0;0.0;
50;2025-11-09;4;0.0;1.0;1.0;1.0;0.0;
50;2025-11-09;5;0.975;1.0;1.0;1.026;1.0;
50;2025-11-09;6;5.848;1.0;1.0;1.026;6.0;
50;2025-11-09;7;10.234;1.0;1.0;0.977;10.0;
50;2025-11-09;8;21.442;1.0;1.0;0.979;21.0;
50;2025-11-09;9;15.594;1.0;1.0;1.026;16.0;
50;2025-11-09;10;42.884;1.0;1.0;1.003;43.0;
50;2025-11-09;11;143.273;1.0;1.0;0.998;143.0;
50;2025-11-09;12;110.135;1.0;1.0;0.999;110.0;
50;2025-11-09;13;134.501;1.0;1.0;1.004;135.0;
50;2025-11-09;14;226.118;1.0;1.0;1.0;226.0;
50;2025-11-09;15;184.208;1.0;1.0;0.999;184.0;
50;2025-11-09;16;217.346;1.0;1.0;0.998;217.0;
50;2025-11-09;17;193.954;1.0;1.0;1.0;194.0;
50;2025-11-09;18;114.521;1.0;1.0;1.004;115.0;
50;2025-11-09;19;125.242;1.0;1.0;0.998;125.0;
50;2025-11-09;20;91.129;1.0;1.0;0.999;91.0;
50;2025-11-09;21;58.479;1.0;1.0;0.992;58.0;
50;2025-11-09;22;68.225;1.0;1.0;0.997;68.0;
50;2025-11-09;23;19.493;1.0;1.0;0.975;19.0;
50;2025-11-10;0;25.105;1.0;1.0;0.996;25.0;
50;2025-11-10;1;2.889;1.0;1.0;1.038;3.0;
50;2025-11-10;2;0.514;1.0;1.0;1.947;1.0;
50;2025-11-10;3;0.064;1.0;1.0;0.0;0.0;
50;2025-11-10;4;3.531;1.0;1.0;1.133;4.0;
50;2025-11-10;5;76.15;1.0;1.0;0.998;76.0;
50;2025-11-10;6;531.766;1.0;1.0;1.0;532.0;
50;2025-11-10;7;1729.428;1.0;1.0;1.0;1729.0;
50;2025-11-10;8;2854.15;1.0;1.0;1.0;2854.0;
50;2025-11-10;9;2254.067;1.0;1.0;1.0;2254.0;
50;2025-11-10;10;1749.011;1.0;1.0;1.0;1749.0;
50;2025-11-10;11;1541.364;1.0;1.0;1.0;1541.0;
50;2025-11-10;12;1456.739;1.0;1.0;1.0;1457.0;
50;2025-11-10;13;1534.43;1.0;1.0;1.0;1534.0;
50;2025-11-10;14;1457.509;1.0;1.0;1.0;1458.0;
50;2025-11-10;15;1686.216;1.0;1.0;1.0;1686.0;
50;2025-11-10;16;1702.333;1.0;1.0;1.0;1702.0;
50;2025-11-10;17;2454.138;1.0;1.0;1.0;2454.0;
50;2025-11-10;18;2523.61;1.0;1.0;1.0;2524.0;
50;2025-11-10;19;1434.395;1.0;1.0;1.0;1434.0;
50;2025-11-10;20;958.682;1.0;1.0;1.0;959.0;
50;2025-11-10;21;653.76;1.0;1.0;1.0;654.0;
50;2025-11-10;22;249.703;1.0;1.0;1.001;250.0;
50;2025-11-10;23;145.944;1.0;1.0;1.0;146.0;
50;2025-11-11;0;25.105;1.0;1.0;0.996;25.0;
50;2025-11-11;1;2.889;1.0;1.0;1.038;3.0;
50;2025-11-11;2;0.514;1.0;1.0;1.947;1.0;
50;2025-11-11;3;0.064;1.0;1.0;0.0;0.0;
50;2025-11-11;4;3.531;1.0;1.0;1.133;4.0;
50;2025-11-11;5;76.15;1.0;1.0;0.998;76.0;
50;2025-11-11;6;531.766;1.0;1.0;1.0;532.0;
50;2025-11-11;7;1729.428;1.0;1.0;1.0;1729.0;
50;2025-11-11;8;2854.15;1.0;1.0;1.0;2854.0;
50;2025-11-11;9;2254.067;1.0;1.0;1.0;2254.0;
50;2025-11-11;10;1749.011;1.0;1.0;1.0;1749.0;
50;2025-11-11;11;1541.364;1.0;1.0;1.0;1541.0;
50;2025-11-11;12;1456.739;1.0;1.0;1.0;1457.0;
50;2025-11-11;13;1534.43;1.0;1.0;1.0;1534.0;
50;2025-11-11;14;1457.509;1.0;1.0;1.0;1458.0;
50;2025-11-11;15;1686.216;1.0;1.0;1.0;1686.0;
50;2025-11-11;16;1702.333;1.0;1.0;1.0;1702.0;
50;2025-11-11;17;2454.138;1.0;1.0;1.0;2454.0;
50;2025-11-11;18;2523.61;1.0;1.0;1.0;2524.0;
50;2025-11-11;19;1434.395;1.0;1.0;1.0;1434.0;
50;2025-11-11;20;958.682;1.0;1.0;1.0;959.0;
50;2025-11-11;21;653.76;1.0;1.0;1.0;654.0;
50;2025-11-11;22;249.703;1.0;1.0;1.001;250.0;
50;2025-11-11;23;145.944;1.0;1.0;1.0;146.0;
50;2025-11-12;0;25.105;1.0;1.0;0.996;25.0;
50;2025-11-12;1;2.889;1.0;1.0;1.038;3.0;
50;2025-11-12;2;0.514;1.0;1.0;1.947;1.0;
50;2025-11-12;3;0.064;1.0;1.0;0.0;0.0;
50;2025-11-12;4;3.531;1.0;1.0;1.133;4.0;
50;2025-11-12;5;76.15;1.0;1.0;0.998;76.0;
50;2025-11-12;6;531.766;1.0;1.0;1.0;532.0;
50;2025-11-12;7;1729.428;1.0;1.0;1.0;1729.0;
50;2025-11-12;8;2854.15;1.0;1.0;1.0;2854.0;
50;2025-11-12;9;2254.067;1.0;1.0;1.0;2254.0;
50;2025-11-12;10;1749.011;1.0;1.0;1.0;1749.0;
50;2025-11-12;11;1541.364;1.0;1.0;1.0;1541.0;
50;2025-11-12;12;1456.739;1.0;1.0;1.0;1457.0;
50;2025-11-12;13;1534.43;1.0;1.0;1.0;1534.0;
50;2025-11-12;14;1457.509;1.0;1.0;1.0;1458.0;
50;2025-11-12;15;1686.216;1.0;1.0;1.0;1686.0;
50;2025-11-12;16;1702.333;1.0;1.0;1.0;1702.0;
50;2025-11-12;17;2454.138;1.0;1.0;1.0;2454.0;
50;2025-11-12;18;2523.61;1.0;1.0;1.0;2524.0;
50;2025-11-12;19;1434.395;1.0;1.0;1.0;1434.0;
50;2025-11-12;20;958.682;1.0;1.0;1.0;959.0;
50;2025-11-12;21;653.76;1.0;1.0;1.0;654.0;
50;2025-11-12;22;249.703;1.0;1.0;1.001;250.0;
50;2025-11-12;23;145.944;1.0;1.0;1.0;146.0;
50;2025-11-13;0;25.105;1.0;1.0;0.996;25.0;
50;2025-11-13;1;2.889;1.0;1.0;1.038;3.0;
50;2025-11-13;2;0.514;1.0;1.0;1.947;1.0;
50;2025-11-13;3;0.064;1.0;1.0;0.0;0.0;
50;2025-11-13;4;3.531;1.0;1.0;1.133;4.0;
50;2025-11-13;5;76.15;1.0;1.0;0.998;76.0;
50;2025-11-13;6;531.766;1.0;1.0;1.0;532.0;
50;2025-11-13;7;1729.428;1.0;1.0;1.0;1729.0;
50;2025-11-13;8;2854.15;1.0;1.0;1.0;2854.0;
50;2025-11-13;9;2254.067;1.0;1.0;1.0;2254.0;
50;2025-11-13;10;1749.011;1.0;1.0;1.0;1749.0;
50;2025-11-13;11;1541.364;1.0;1.0;1.0;1541.0;
50;2025-11-13;12;1456.739;1.0;1.0;1.0;1457.0;
50;2025-11-13;13;1534.43;1.0;1.0;1.0;1534.0;
50;2025-11-13;14;1457.509;1.0;1.0;1.0;1458.0;
50;2025-11-13;15;1686.216;1.0;1.0;1.0;1686.0;
50;2025-11-13;16;1702.333;1.0;1.0;1.0;1702.0;
50;2025-11-13;17;2454.138;1.0;1.0;1.0;2454.0;
50;2025-11-13;18;2523.61;1.0;1.0;1.0;2524.0;
50;2025-11-13;19;1434.395;1.0;1.0;1.0;1434.0;
50;2025-11-13;20;958.682;1.0;1.0;1.0;959.0;
50;2025-11-13;21;653.76;1.0;1.0;1.0;654.0;
50;2025-11-13;22;249.703;1.0;1.0;1.001;250.0;
50;2025-11-13;23;145.944;1.0;1.0;1.0;146.0;
50;2025-11-14;0;35.08;1.0;1.0;0.998;35.0;
50;2025-11-14;1;1.21;1.0;1.0;0.827;1.0;
50;2025-11-14;2;0.0;1.0;1.0;1.0;0.0;
50;2025-11-14;3;0.0;1.0;1.0;1.0;0.0;
50;2025-11-14;4;3.629;1.0;1.0;1.102;4.0;
50;2025-11-14;5;66.773;1.0;1.0;1.003;67.0;
50;2025-11-14;6;492.575;1.0;1.0;1.001;493.0;
50;2025-11-14;7;1695.949;1.0;1.0;1.0;1696.0;
50;2025-11-14;8;2682.309;1.0;1.0;1.0;2682.0;
50;2025-11-14;9;2089.574;1.0;1.0;1.0;2090.0;
50;2025-11-14;10;1453.29;1.0;1.0;1.0;1453.0;
50;2025-11-14;11;1461.032;1.0;1.0;1.0;1461.0;
50;2025-11-14;12;1358.453;1.0;1.0;1.0;1358.0;
50;2025-11-14;13;1470.951;1.0;1.0;1.0;1471.0;
50;2025-11-14;14;1402.242;1.0;1.0;1.0;1402.0;
50;2025-11-14;15;1673.207;1.0;1.0;1.0;1673.0;
50;2025-11-14;16;2192.637;1.0;1.0;1.0;2193.0;
50;2025-11-14;17;2077.719;1.0;1.0;1.0;2078.0;
50;2025-11-14;18;1545.225;1.0;1.0;1.0;1545.0;
50;2025-11-14;19;1147.245;1.0;1.0;1.0;1147.0;
50;2025-11-14;20;829.104;1.0;1.0;1.0;829.0;
50;2025-11-14;21;525.72;1.0;1.0;1.0;526.0;
50;2025-11-14;22;260.562;1.0;1.0;1.002;261.0;
50;2025-11-14;23;157.014;1.0;1.0;1.0;157.0;
50;2025-11-15;0;68.833;1.0;1.0;1.002;69.0;
50;2025-11-15;1;8.435;1.0;1.0;0.948;8.0;
50;2025-11-15;2;0.0;1.0;1.0;1.0;0.0;
50;2025-11-15;3;2.699;1.0;1.0;1.111;3.0;
50;2025-11-15;4;0.337;1.0;1.0;0.0;0.0;
50;2025-11-15;5;11.472;1.0;1.0;0.959;11.0;
50;2025-11-15;6;14.172;1.0;1.0;0.988;14.0;
50;2025-11-15;7;22.27;1.0;1.0;0.988;22.0;
50;2025-11-15;8;44.539;1.0;1.0;1.01;45.0;
50;2025-11-15;9;87.729;1.0;1.0;1.003;88.0;
50;2025-11-15;10;32.392;1.0;1.0;0.988;32.0;
50;2025-11-15;11;54.999;1.0;1.0;1.0;55.0;
50;2025-11-15;12;99.539;1.0;1.0;1.005;100.0;
50;2025-11-15;13;65.797;1.0;1.0;1.003;66.0;
50;2025-11-15;14;80.981;1.0;1.0;1.0;81.0;
50;2025-11-15;15;118.097;1.0;1.0;0.999;118.0;
50;2025-11-15;16;75.582;1.0;1.0;1.006;76.0;
50;2025-11-15;17;74.232;1.0;1.0;0.997;74.0;
50;2025-11-15;18;18.221;1.0;1.0;0.988;18.0;
50;2025-11-15;19;16.534;1.0;1.0;1.028;17.0;
50;2025-11-15;20;11.472;1.0;1.0;0.959;11.0;
50;2025-11-15;21;12.147;1.0;1.0;0.988;12.0;
50;2025-11-15;22;12.147;1.0;1.0;0.988;12.0;
50;2025-11-15;23;3.374;1.0;1.0;0.889;3.0;
50;2025-11-16;0;3.899;1.0;1.0;1.026;4.0;
50;2025-11-16;1;0.0;1.0;1.0;1.0;0.0;
50;2025-11-16;2;0.0;1.0;1.0;1.0;0.0;
50;2025-11-16;3;0.0;1.0;1.0;1.0;0.0;
50;2025-11-16;4;0.0;1.0;1.0;1.0;0.0;
50;2025-11-16;5;0.975;1.0;1.0;1.026;1.0;
50;2025-11-16;6;5.848;1.0;1.0;1.026;6.0;
50;2025-11-16;7;10.234;1.0;1.0;0.977;10.0;
50;2025-11-16;8;21.442;1.0;1.0;0.979;21.0;
50;2025-11-16;9;15.594;1.0;1.0;1.026;16.0;
50;2025-11-16;10;42.884;1.0;1.0;1.003;43.0;
50;2025-11-16;11;143.273;1.0;1.0;0.998;143.0;
50;2025-11-16;12;110.135;1.0;1.0;0.999;110.0;
50;2025-11-16;13;134.501;1.0;1.0;1.004;135.0;
50;2025-11-16;14;226.118;1.0;1.0;1.0;226.0;
50;2025-11-16;15;184.208;1.0;1.0;0.999;184.0;
50;2025-11-16;16;217.346;1.0;1.0;0.998;217.0;
50;2025-11-16;17;193.954;1.0;1.0;1.0;194.0;
50;2025-11-16;18;114.521;1.0;1.0;1.004;115.0;
50;2025-11-16;19;125.242;1.0;1.0;0.998;125.0;
50;2025-11-16;20;91.129;1.0;1.0;0.999;91.0;
50;2025-11-16;21;58.479;1.0;1.0;0.992;58.0;
50;2025-11-16;22;68.225;1.0;1.0;0.997;68.0;
50;2025-11-16;23;19.493;1.0;1.0;0.975;19.0;
50;2025-11-17;0;25.105;1.0;1.0;0.996;25.0;
50;2025-11-17;1;2.889;1.0;1.0;1.038;3.0;
50;2025-11-17;2;0.514;1.0;1.0;1.947;1.0;
50;2025-11-17;3;0.064;1.0;1.0;0.0;0.0;
50;2025-11-17;4;3.531;1.0;1.0;1.133;4.0;
50;2025-11-17;5;76.15;1.0;1.0;0.998;76.0;
50;2025-11-17;6;531.766;1.0;1.0;1.0;532.0;
50;2025-11-17;7;1729.428;1.0;1.0;1.0;1729.0;
50;2025-11-17;8;2854.15;1.0;1.0;1.0;2854.0;
50;2025-11-17;9;2254.067;1.0;1.0;1.0;2254.0;
50;2025-11-17;10;1749.011;1.0;1.0;1.0;1749.0;
50;2025-11-17;11;1541.364;1.0;1.0;1.0;1541.0;
50;2025-11-17;12;1456.739;1.0;1.0;1.0;1457.0;
50;2025-11-17;13;1534.43;1.0;1.0;1.0;1534.0;
50;2025-11-17;14;1457.509;1.0;1.0;1.0;1458.0;
50;2025-11-17;15;1686.216;1.0;1.0;1.0;1686.0;
50;2025-11-17;16;1702.333;1.0;1.0;1.0;1702.0;
50;2025-11-17;17;2454.138;1.0;1.0;1.0;2454.0;
50;2025-11-17;18;2523.61;1.0;1.0;1.0;2524.0;
50;2025-11-17;19;1434.395;1.0;1.0;1.0;1434.0;
50;2025-11-17;20;958.682;1.0;1.0;1.0;959.0;
50;2025-11-17;21;653.76;1.0;1.0;1.0;654.0;
50;2025-11-17;22;249.703;1.0;1.0;1.001;250.0;
50;2025-11-17;23;145.944;1.0;1.0;1.0;146.0;
50;2025-11-18;0;25.105;1.0;1.0;0.996;25.0;
50;2025-11-18;1;2.889;1.0;1.0;1.038;3.0;
50;2025-11-18;2;0.514;1.0;1.0;1.947;1.0;
50;2025-11-18;3;0.064;1.0;1.0;0.0;0.0;
50;2025-11-18;4;3.531;1.0;1.0;1.133;4.0;
50;2025-11-18;5;76.15;1.0;1.0;0.998;76.0;
50;2025-11-18;6;531.766;1.0;1.0;1.0;532.0;
50;2025-11-18;7;1729.428;1.0;1.0;1.0;1729.0;
50;2025-11-18;8;2854.15;1.0;1.0;1.0;2854.0;
50;2025-11-18;9;2254.067;1.0;1.0;1.0;2254.0;
50;2025-11-18;10;1749.011;1.0;1.0;1.0;1749.0;
50;2025-11-18;11;1541.364;1.0;1.0;1.0;1541.0;
50;2025-11-18;12;1456.739;1.0;1.0;1.0;1457.0;
50;2025-11-18;13;1534.43;1.0;1.0;1.0;1534.0;
50;2025-11-18;14;1457.509;1.0;1.0;1.0;1458.0;
50;2025-11-18;15;1686.216;1.0;1.0;1.0;1686.0;
50;2025-11-18;16;1702.333;1.0;1.0;1.0;1702.0;
50;2025-11-18;17;2454.138;1.0;1.0;1.0;2454.0;
50;2025-11-18;18;2523.61;1.0;1.0;1.0;2524.0;
50;2025-11-18;19;1434.395;1.0;1.0;1.0;1434.0;
50;2025-11-18;20;958.682;1.0;1.0;1.0;959.0;
50;2025-11-18;21;653.76;1.0;1.0;1.0;654.0;
50;2025-11-18;22;249.703;1.0;1.0;1.001;250.0;
50;2025-11-18;23;145.944;1.0;1.0;1.0;146.0;
50;2025-11-19;0;25.105;1.0;1.0;0.996;25.0;
50;2025-11-19;1;2.889;1.0;1.0;1.038;3.0;
50;2025-11-19;2;0.514;1.0;1.0;1.947;1.0;
50;2025-11-19;3;0.064;1.0;1.0;0.0;0.0;
50;2025-11-19;4;3.531;1.0;1.0;1.133;4.0;
50;2025-11-19;5;76.15;1.0;1.0;0.998;76.0;
50;2025-11-19;6;531.766;1.0;1.0;1.0;532.0;
50;2025-11-19;7;1729.428;1.0;1.0;1.0;1729.0;
50;2025-11-19;8;2854.15;1.0;1.0;1.0;2854.0;
50;2025-11-19;9;2254.067;1.0;1.0;1.0;2254.0;
50;2025-11-19;10;1749.011;1.0;1.0;1.0;1749.0;
50;2025-11-19;11;1541.364;1.0;1.0;1.0;1541.0;
50;2025-11-19;12;1456.739;1.0;1.0;1.0;1457.0;
50;2025-11-19;13;1534.43;1.0;1.0;1.0;1534.0;
50;2025-11-19;14;1457.509;1.0;1.0;1.0;1458.0;
50;2025-11-19;15;1686.216;1.0;1.0;1.0;1686.0;
50;2025-11-19;16;1702.333;1.0;1.0;1.0;1702.0;
50;2025-11-19;17;2454.138;1.0;1.0;1.0;2454.0;
50;2025-11-19;18;2523.61;1.0;1.0;1.0;2524.0;
50;2025-11-19;19;1434.395;1.0;1.0;1.0;1434.0;
50;2025-11-19;20;958.682;1.0;1.0;1.0;959.0;
50;2025-11-19;21;653.76;1.0;1.0;1.0;654.0;
50;2025-11-19;22;249.703;1.0;1.0;1.001;250.0;
50;2025-11-19;23;145.944;1.0;1.0;1.0;146.0;
50;2025-11-20;0;25.105;1.0;1.0;0.996;25.0;
50;2025-11-20;1;2.889;1.0;1.0;1.038;3.0;
50;2025-11-20;2;0.514;1.0;1.0;1.947;1.0;
50;2025-11-20;3;0.064;1.0;1.0;0.0;0.0;
50;2025-11-20;4;3.531;1.0;1.0;1.133;4.0;
50;2025-11-20;5;76.15;1.0;1.0;0.998;76.0;
50;2025-11-20;6;531.766;1.0;1.0;1.0;532.0;
50;2025-11-20;7;1729.428;1.0;1.0;1.0;1729.0;
50;2025-11-20;8;2854.15;1.0;1.0;1.0;2854.0;
50;2025-11-20;9;2254.067;1.0;1.0;1.0;2254.0;
50;2025-11-20;10;1749.011;1.0;1.0;1.0;1749.0;
50;2025-11-20;11;1541.364;1.0;1.0;1.0;1541.0;
50;2025-11-20;12;1456.739;1.0;1.0;1.0;1457.0;
50;2025-11-20;13;1534.43;1.0;1.0;1.0;1534.0;
50;2025-11-20;14;1457.509;1.0;1.0;1.0;1458.0;
50;2025-11-20;15;1686.216;1.0;1.0;1.0;1686.0;
50;2025-11-20;16;1702.333;1.0;1.0;1.0;1702.0;
50;2025-11-20;17;2454.138;1.0;1.0;1.0;2454.0;
50;2025-11-20;18;2523.61;1.0;1.0;1.0;2524.0;
50;2025-11-20;19;1434.395;1.0;1.0;1.0;1434.0;
50;2025-11-20;20;958.682;1.0;1.0;1.0;959.0;
50;2025-11-20;21;653.76;1.0;1.0;1.0;654.0;
50;2025-11-20;22;249.703;1.0;1.0;1.001;250.0;
50;2025-11-20;23;145.944;1.0;1.0;1.0;146.0;
50;2025-11-21;0;35.08;1.0;1.0;0.998;35.0;
50;2025-11-21;1;1.21;1.0;1.0;0.827;1.0;
50;2025-11-21;2;0.0;1.0;1.0;1.0;0.0;
50;2025-11-21;3;0.0;1.0;1.0;1.0;0.0;
50;2025-11-21;4;3.629;1.0;1.0;1.102;4.0;
50;2025-11-21;5;66.773;1.0;1.0;1.003;67.0;
50;2025-11-21;6;492.575;1.0;1.0;1.001;493.0;
50;2025-11-21;7;1695.949;1.0;1.0;1.0;1696.0;
50;2025-11-21;8;2682.309;1.0;1.0;1.0;2682.0;
50;2025-11-21;9;2089.574;1.0;1.0;1.0;2090.0;
50;2025-11-21;10;1453.29;1.0;1.0;1.0;1453.0;
50;2025-11-21;11;1461.032;1.0;1.0;1.0;1461.0;
50;2025-11-21;12;1358.453;1.0;1.0;1.0;1358.0;
50;2025-11-21;13;1470.951;1.0;1.0;1.0;1471.0;
50;2025-11-21;14;1402.242;1.0;1.0;1.0;1402.0;
50;2025-11-21;15;1673.207;1.0;1.0;1.0;1673.0;
50;2025-11-21;16;2192.637;1.0;1.0;1.0;2193.0;
50;2025-11-21;17;2077.719;1.0;1.0;1.0;2078.0;
50;2025-11-21;18;1545.225;1.0;1.0;1.0;1545.0;
50;2025-11-21;19;1147.245;1.0;1.0;1.0;1147.0;
50;2025-11-21;20;829.104;1.0;1.0;1.0;829.0;
50;2025-11-21;21;525.72;1.0;1.0;1.0;526.0;
50;2025-11-21;22;260.562;1.0;1.0;1.002;261.0;
50;2025-11-21;23;157.014;1.0;1.0;1.0;157.0;
50;2025-11-22;0;68.833;1.0;1.0;1.002;69.0;
50;2025-11-22;1;8.435;1.0;1.0;0.948;8.0;
50;2025-11-22;2;0.0;1.0;1.0;1.0;0.0;
50;2025-11-22;3;2.699;1.0;1.0;1.111;3.0;
50;2025-11-22;4;0.337;1.0;1.0;0.0;0.0;
50;2025-11-22;5;11.472;1.0;1.0;0.959;11.0;
50;2025-11-22;6;14.172;1.0;1.0;0.988;14.0;
50;2025-11-22;7;22.27;1.0;1.0;0.988;22.0;
50;2025-11-22;8;44.539;1.0;1.0;1.01;45.0;
50;2025-11-22;9;87.729;1.0;1.0;1.003;88.0;
50;2025-11-22;10;32.392;1.0;1.0;0.988;32.0;
50;2025-11-22;11;54.999;1.0;1.0;1.0;55.0;
50;2025-11-22;12;99.539;1.0;1.0;1.005;100.0;
50;2025-11-22;13;65.797;1.0;1.0;1.003;66.0;
50;2025-11-22;14;80.981;1.0;1.0;1.0;81.0;
50;2025-11-22;15;118.097;1.0;1.0;0.999;118.0;
50;2025-11-22;16;75.582;1.0;1.0;1.006;76.0;
50;2025-11-22;17;74.232;1.0;1.0;0.997;74.0;
50;2025-11-22;18;18.221;1.0;1.0;0.988;18.0;
50;2025-11-22;19;16.534;1.0;1.0;1.028;17.0;
50;2025-11-22;20;11.472;1.0;1.0;0.959;11.0;
50;2025-11-22;21;12.147;1.0;1.0;0.988;12.0;
50;2025-11-22;22;12.147;1.0;1.0;0.988;12.0;
50;2025-11-22;23;3.374;1.0;1.0;0.889;3.0;
50;2025-11-23;0;3.899;1.0;1.0;1.026;4.0;
50;2025-11-23;1;0.0;1.0;1.0;1.0;0.0;
50;2025-11-23;2;0.0;1.0;1.0;1.0;0.0;
50;2025-11-23;3;0.0;1.0;1.0;1.0;0.0;
50;2025-11-23;4;0.0;1.0;1.0;1.0;0.0;
50;2025-11-23;5;0.975;1.0;1.0;1.026;1.0;
50;2025-11-23;6;5.848;1.0;1.0;1.026;6.0;
50;2025-11-23;7;10.234;1.0;1.0;0.977;10.0;
50;2025-11-23;8;21.442;1.0;1.0;0.979;21.0;
50;2025-11-23;9;15.594;1.0;1.0;1.026;16.0;
50;2025-11-23;10;42.884;1.0;1.0;1.003;43.0;
50;2025-11-23;11;143.273;1.0;1.0;0.998;143.0;
50;2025-11-23;12;110.135;1.0;1.0;0.999;110.0;
50;2025-11-23;13;134.501;1.0;1.0;1.004;135.0;
50;2025-11-23;14;226.118;1.0;1.0;1.0;226.0;
50;2025-11-23;15;184.208;1.0;1.0;0.999;184.0;
50;2025-11-23;16;217.346;1.0;1.0;0.998;217.0;
50;2025-11-23;17;193.954;1.0;1.0;1.0;194.0;
50;2025-11-23;18;114.521;1.0;1.0;1.004;115.0;
50;2025-11-23;19;125.242;1.0;1.0;0.998;125.0;
50;2025-11-23;20;91.129;1.0;1.0;0.999;91.0;
50;2025-11-23;21;58.479;1.0;1.0;0.992;58.0;
50;2025-11-23;22;68.225;1.0;1.0;0.997;68.0;
50;2025-11-23;23;19.493;1.0;1.0;0.975;19.0;
50;2025-11-24;0;25.105;1.0;1.0;0.996;25.0;
50;2025-11-24;1;2.889;1.0;1.0;1.038;3.0;
50;2025-11-24;2;0.514;1.0;1.0;1.947;1.0;
50;2025-11-24;3;0.064;1.0;1.0;0.0;0.0;
50;2025-11-24;4;3.531;1.0;1.0;1.133;4.0;
50;2025-11-24;5;76.15;1.0;1.0;0.998;76.0;
50;2025-11-24;6;531.766;1.0;1.0;1.0;532.0;
50;2025-11-24;7;1729.428;1.0;1.0;1.0;1729.0;
50;2025-11-24;8;2854.15;1.0;1.0;1.0;2854.0;
50;2025-11-24;9;2254.067;1.0;1.0;1.0;2254.0;
50;2025-11-24;10;1749.011;1.0;1.0;1.0;1749.0;
50;2025-11-24;11;1541.364;1.0;1.0;1.0;1541.0;
50;2025-11-24;12;1456.739;1.0;1.0;1.0;1457.0;
50;2025-11-24;13;1534.43;1.0;1.0;1.0;1534.0;
50;2025-11-24;14;1457.509;1.0;1.0;1.0;1458.0;
50;2025-11-24;15;1686.216;1.0;1.0;1.0;1686.0;
50;2025-11-24;16;1702.333;1.0;1.0;1.0;1702.0;
50;2025-11-24;17;2454.138;1.0;1.0;1.0;2454.0;
50;2025-11-24;18;2523.61;1.0;1.0;1.0;2524.0;
50;2025-11-24;19;1434.395;1.0;1.0;1.0;1434.0;
50;2025-11-24;20;958.682;1.0;1.0;1.0;959.0;
50;2025-11-24;21;653.76;1.0;1.0;1.0;654.0;
50;2025-11-24;22;249.703;1.0;1.0;1.001;250.0;
50;2025-11-24;23;145.944;1.0;1.0;1.0;146.0;
50;2025-11-25;0;25.105;1.0;1.0;0.996;25.0;
50;2025-11-25;1;2.889;1.0;1.0;1.038;3.0;
50;2025-11-25;2;0.514;1.0;1.0;1.947;1.0;
50;2025-11-25;3;0.064;1.0;1.0;0.0;0.0;
50;2025-11-25;4;3.531;1.0;1.0;1.133;4.0;
50;2025-11-25;5;76.15;1.0;1.0;0.998;76.0;
50;2025-11-25;6;531.766;1.0;1.0;1.0;532.0;
50;2025-11-25;7;1729.428;1.0;1.0;1.0;1729.0;
50;2025-11-25;8;2854.15;1.0;1.0;1.0;2854.0;
50;2025-11-25;9;2254.067;1.0;1.0;1.0;2254.0;
50;2025-11-25;10;1749.011;1.0;1.0;1.0;1749.0;
50;2025-11-25;11;1541.364;1.0;1.0;1.0;1541.0;
50;2025-11-25;12;1456.739;1.0;1.0;1.0;1457.0;
50;2025-11-25;13;1534.43;1.0;1.0;1.0;1534.0;
50;2025-11-25;14;1457.509;1.0;1.0;1.0;1458.0;
50;2025-11-25;15;1686.216;1.0;1.0;1.0;1686.0;
50;2025-11-25;16;1702.333;1.0;1.0;1.0;1702.0;
50;2025-11-25;17;2454.138;1.0;1.0;1.0;2454.0;
50;2025-11-25;18;2523.61;1.0;1.0;1.0;2524.0;
50;2025-11-25;19;1434.395;1.0;1.0;1.0;1434.0;
50;2025-11-25;20;958.682;1.0;1.0;1.0;959.0;
50;2025-11-25;21;653.76;1.0;1.0;1.0;654.0;
50;2025-11-25;22;249.703;1.0;1.0;1.001;250.0;
50;2025-11-25;23;145.944;1.0;1.0;1.0;146.0;
50;2025-11-26;0;25.105;1.0;1.0;0.996;25.0;
50;2025-11-26;1;2.889;1.0;1.0;1.038;3.0;
50;2025-11-26;2;0.514;1.0;1.0;1.947;1.0;
50;2025-11-26;3;0.064;1.0;1.0;0.0;0.0;
50;2025-11-26;4;3.531;1.0;1.0;1.133;4.0;
50;2025-11-26;5;76.15;1.0;1.0;0.998;76.0;
50;2025-11-26;6;531.766;1.0;1.0;1.0;532.0;
50;2025-11-26;7;1729.428;1.0;1.0;1.0;1729.0;
50;2025-11-26;8;2854.15;1.0;1.0;1.0;2854.0;
50;2025-11-26;9;2254.067;1.0;1.0;1.0;2254.0;
50;2025-11-26;10;1749.011;1.0;1.0;1.0;1749.0;
50;2025-11-26;11;1541.364;1.0;1.0;1.0;1541.0;
50;2025-11-26;12;1456.739;1.0;1.0;1.0;1457.0;
50;2025-11-26;13;1534.43;1.0;1.0;1.0;1534.0;
50;2025-11-26;14;1457.509;1.0;1.0;1.0;1458.0;
50;2025-11-26;15;1686.216;1.0;1.0;1.0;1686.0;
50;2025-11-26;16;1702.333;1.0;1.0;1.0;1702.0;
50;2025-11-26;17;2454.138;1.0;1.0;1.0;2454.0;
50;2025-11-26;18;2523.61;1.0;1.0;1.0;2524.0;
50;2025-11-26;19;1434.395;1.0;1.0;1.0;1434.0;
50;2025-11-26;20;958.682;1.0;1.0;1.0;959.0;
50;2025-11-26;21;653.76;1.0;1.0;1.0;654.0;
50;2025-11-26;22;249.703;1.0;1.0;1.001;250.0;
50;2025-11-26;23;145.944;1.0;1.0;1.0;146.0;
50;2025-11-27;0;25.105;1.0;1.0;0.996;25.0;
50;2025-11-27;1;2.889;1.0;1.0;1.038;3.0;
50;2025-11-27;2;0.514;1.0;1.0;1.947;1.0;
50;2025-11-27;3;0.064;1.0;1.0;0.0;0.0;
50;2025-11-27;4;3.531;1.0;1.0;1.133;4.0;
50;2025-11-27;5;76.15;1.0;1.0;0.998;76.0;
50;2025-11-27;6;531.766;1.0;1.0;1.0;532.0;
50;2025-11-27;7;1729.428;1.0;1.0;1.0;1729.0;
50;2025-11-27;8;2854.15;1.0;1.0;1.0;2854.0;
50;2025-11-27;9;2254.067;1.0;1.0;1.0;2254.0;
50;2025-11-27;10;1749.011;1.0;1.0;1.0;1749.0;
50;2025-11-27;11;1541.364;1.0;1.0;1.0;1541.0;
50;2025-11-27;12;1456.739;1.0;1.0;1.0;1457.0;
50;2025-11-27;13;1534.43;1.0;1.0;1.0;1534.0;
50;2025-11-27;14;1457.509;1.0;1.0;1.0;1458.0;
50;2025-11-27;15;1686.216;1.0;1.0;1.0;1686.0;
50;2025-11-27;16;1702.333;1.0;1.0;1.0;1702.0;
50;2025-11-27;17;2454.138;1.0;1.0;1.0;2454.0;
50;2025-11-27;18;2523.61;1.0;1.0;1.0;2524.0;
50;2025-11-27;19;1434.395;1.0;1.0;1.0;1434.0;
50;2025-11-27;20;958.682;1.0;1.0;1.0;959.0;
50;2025-11-27;21;653.76;1.0;1.0;1.0;654.0;
50;2025-11-27;22;249.703;1.0;1.0;1.001;250.0;
50;2025-11-27;23;145.944;1.0;1.0;1.0;146.0;
50;2025-11-28;0;35.08;1.0;1.0;0.998;35.0;
50;2025-11-28;1;1.21;1.0;1.0;0.827;1.0;
50;2025-11-28;2;0.0;1.0;1.0;1.0;0.0;
50;2025-11-28;3;0.0;1.0;1.0;1.0;0.0;
50;2025-11-28;4;3.629;1.0;1.0;1.102;4.0;
50;2025-11-28;5;66.773;1.0;1.0;1.003;67.0;
50;2025-11-28;6;492.575;1.0;1.0;1.001;493.0;
50;2025-11-28;7;1695.949;1.0;1.0;1.0;1696.0;
50;2025-11-28;8;2682.309;1.0;1.0;1.0;2682.0;
50;2025-11-28;9;2089.574;1.0;1.0;1.0;2090.0;
50;2025-11-28;10;1453.29;1.0;1.0;1.0;1453.0;
50;2025-11-28;11;1461.032;1.0;1.0;1.0;1461.0;
50;2025-11-28;12;1358.453;1.0;1.0;1.0;1358.0;
50;2025-11-28;13;1470.951;1.0;1.0;1.0;1471.0;
50;2025-11-28;14;1402.242;1.0;1.0;1.0;1402.0;
50;2025-11-28;15;1673.207;1.0;1.0;1.0;1673.0;
50;2025-11-28;16;2192.637;1.0;1.0;1.0;2193.0;
50;2025-11-28;17;2077.719;1.0;1.0;1.0;2078.0;
50;2025-11-28;18;1545.225;1.0;1.0;1.0;1545.0;
50;2025-11-28;19;1147.245;1.0;1.0;1.0;1147.0;
50;2025-11-28;20;829.104;1.0;1.0;1.0;829.0;
50;2025-11-28;21;525.72;1.0;1.0;1.0;526.0;
50;2025-11-28;22;260.562;1.0;1.0;1.002;261.0;
50;2025-11-28;23;157.014;1.0;1.0;1.0;157.0;
50;2025-11-29;0;68.833;1.0;1.0;1.002;69.0;
50;2025-11-29;1;8.435;1.0;1.0;0.948;8.0;
50;2025-11-29;2;0.0;1.0;1.0;1.0;0.0;
50;2025-11-29;3;2.699;1.0;1.0;1.111;3.0;
50;2025-11-29;4;0.337;1.0;1.0;0.0;0.0;
50;2025-11-29;5;11.472;1.0;1.0;0.959;11.0;
50;2025-11-29;6;14.172;1.0;1.0;0.988;14.0;
50;2025-11-29;7;22.27;1.0;1.0;0.988;22.0;
50;2025-11-29;8;44.539;1.0;1.0;1.01;45.0;
50;2025-11-29;9;87.729;1.0;1.0;1.003;88.0;
50;2025-11-29;10;32.392;1.0;1.0;0.988;32.0;
50;2025-11-29;11;54.999;1.0;1.0;1.0;55.0;
50;2025-11-29;12;99.539;1.0;1.0;1.005;100.0;
50;2025-11-29;13;65.797;1.0;1.0;1.003;66.0;
50;2025-11-29;14;80.981;1.0;1.0;1.0;81.0;
50;2025-11-29;15;118.097;1.0;1.0;0.999;118.0;
50;2025-11-29;16;75.582;1.0;1.0;1.006;76.0;
50;2025-11-29;17;74.232;1.0;1.0;0.997;74.0;
50;2025-11-29;18;18.221;1.0;1.0;0.988;18.0;
50;2025-11-29;19;16.534;1.0;1.0;1.028;17.0;
50;2025-11-29;20;11.472;1.0;1.0;0.959;11.0;
50;2025-11-29;21;12.147;1.0;1.0;0.988;12.0;
50;2025-11-29;22;12.147;1.0;1.0;0.988;12.0;
50;2025-11-29;23;3.374;1.0;1.0;0.889;3.0;
50;2025-11-30;0;3.899;1.0;1.0;1.026;4.0;
50;2025-11-30;1;0.0;1.0;1.0;1.0;0.0;
50;2025-11-30;2;0.0;1.0;1.0;1.0;0.0;
50;2025-11-30;3;0.0;1.0;1.0;1.0;0.0;
50;2025-11-30;4;0.0;1.0;1.0;1.0;0.0;
50;2025-11-30;5;0.975;1.0;1.0;1.026;1.0;
50;2025-11-30;6;5.848;1.0;1.0;1.026;6.0;
50;2025-11-30;7;10.234;1.0;1.0;0.977;10.0;
50;2025-11-30;8;21.442;1.0;1.0;0.979;21.0;
50;2025-11-30;9;15.594;1.0;1.0;1.026;16.0;
50;2025-11-30;10;42.884;1.0;1.0;1.003;43.0;
50;2025-11-30;11;143.273;1.0;1.0;0.998;143.0;
50;2025-11-30;12;110.135;1.0;1.0;0.999;110.0;
50;2025-11-30;13;134.501;1.0;1.0;1.004;135.0;
50;2025-11-30;14;226.118;1.0;1.0;1.0;226.0;
50;2025-11-30;15;184.208;1.0;1.0;0.999;184.0;
50;2025-11-30;16;217.346;1.0;1.0;0.998;217.0;
50;2025-11-30;17;193.954;1.0;1.0;1.0;194.0;
50;2025-11-30;18;114.521;1.0;1.0;1.004;115.0;
50;2025-11-30;19;125.242;1.0;1.0;0.998;125.0;
50;2025-11-30;20;91.129;1.0;1.0;0.999;91.0;
50;2025-11-30;21;58.479;1.0;1.0;0.992;58.0;
50;2025-11-30;22;68.225;1.0;1.0;0.997;68.0;
50;2025-11-30;23;19.493;1.0;1.0;0.975;19.0;
50;2025-12-01;0;25.105;1.0;1.0;0.996;25.0;
50;2025-12-01;1;2.889;1.0;1.0;1.038;3.0;
50;2025-12-01;2;0.514;1.0;1.0;1.947;1.0;
50;2025-12-01;3;0.064;1.0;1.0;0.0;0.0;
50;2025-12-01;4;3.531;1.0;1.0;1.133;4.0;
50;2025-12-01;5;76.15;1.0;1.0;0.998;76.0;
50;2025-12-01;6;531.766;1.0;1.0;1.0;532.0;
50;2025-12-01;7;1729.428;1.0;1.0;1.0;1729.0;
50;2025-12-01;8;2854.15;1.0;1.0;1.0;2854.0;
50;2025-12-01;9;2254.067;1.0;1.0;1.0;2254.0;
50;2025-12-01;10;1749.011;1.0;1.0;1.0;1749.0;
50;2025-12-01;11;1541.364;1.0;1.0;1.0;1541.0;
50;2025-12-01;12;1456.739;1.0;1.0;1.0;1457.0;
50;2025-12-01;13;1534.43;1.0;1.0;1.0;1534.0;
50;2025-12-01;14;1457.509;1.0;1.0;1.0;1458.0;
50;2025-12-01;15;1686.216;1.0;1.0;1.0;1686.0;
50;2025-12-01;16;1702.333;1.0;1.0;1.0;1702.0;
50;2025-12-01;17;2454.138;1.0;1.0;1.0;2454.0;
50;2025-12-01;18;2523.61;1.0;1.0;1.0;2524.0;
50;2025-12-01;19;1434.395;1.0;1.0;1.0;1434.0;
50;2025-12-01;20;958.682;1.0;1.0;1.0;959.0;
50;2025-12-01;21;653.76;1.0;1.0;1.0;654.0;
50;2025-12-01;22;249.703;1.0;1.0;1.001;250.0;
50;2025-12-01;23;145.944;1.0;1.0;1.0;146.0;
50;2025-12-02;0;25.105;1.0;1.0;0.996;25.0;
50;2025-12-02;1;2.889;1.0;1.0;1.038;3.0;
50;2025-12-02;2;0.514;1.0;1.0;1.947;1.0;
50;2025-12-02;3;0.064;1.0;1.0;0.0;0.0;
50;2025-12-02;4;3.531;1.0;1.0;1.133;4.0;
50;2025-12-02;5;76.15;1.0;1.0;0.998;76.0;
50;2025-12-02;6;531.766;1.0;1.0;1.0;532.0;
50;2025-12-02;7;1729.428;1.0;1.0;1.0;1729.0;
50;2025-12-02;8;2854.15;1.0;1.0;1.0;2854.0;
50;2025-12-02;9;2254.067;1.0;1.0;1.0;2254.0;
50;2025-12-02;10;1749.011;1.0;1.0;1.0;1749.0;
50;2025-12-02;11;1541.364;1.0;1.0;1.0;1541.0;
50;2025-12-02;12;1456.739;1.0;1.0;1.0;1457.0;
50;2025-12-02;13;1534.43;1.0;1.0;1.0;1534.0;
50;2025-12-02;14;1457.509;1.0;1.0;1.0;1458.0;
50;2025-12-02;15;1686.216;1.0;1.0;1.0;1686.0;
50;2025-12-02;16;1702.333;1.0;1.0;1.0;1702.0;
50;2025-12-02;17;2454.138;1.0;1.0;1.0;2454.0;
50;2025-12-02;18;2523.61;1.0;1.0;1.0;2524.0;
50;2025-12-02;19;1434.395;1.0;1.0;1.0;1434.0;
50;2025-12-02;20;958.682;1.0;1.0;1.0;959.0;
50;2025-12-02;21;653.76;1.0;1.0;1.0;654.0;
50;2025-12-02;22;249.703;1.0;1.0;1.001;250.0;
50;2025-12-02;23;145.944;1.0;1.0;1.0;146.0;
50;2025-12-03;0;25.105;1.0;1.0;0.996;25.0;
50;2025-12-03;1;2.889;1.0;1.0;1.038;3.0;
50;2025-12-03;2;0.514;1.0;1.0;1.947;1.0;
50;2025-12-03;3;0.064;1.0;1.0;0.0;0.0;
50;2025-12-03;4;3.531;1.0;1.0;1.133;4.0;
50;2025-12-03;5;76.15;1.0;1.0;0.998;76.0;
50;2025-12-03;6;531.766;1.0;1.0;1.0;532.0;
50;2025-12-03;7;1729.428;1.0;1.0;1.0;1729.0;
50;2025-12-03;8;2854.15;1.0;1.0;1.0;2854.0;
50;2025-12-03;9;2254.067;1.0;1.0;1.0;2254.0;
50;2025-12-03;10;1749.011;1.0;1.0;1.0;1749.0;
50;2025-12-03;11;1541.364;1.0;1.0;1.0;1541.0;
50;2025-12-03;12;1456.739;1.0;1.0;1.0;1457.0;
50;2025-12-03;13;1534.43;1.0;1.0;1.0;1534.0;
50;2025-12-03;14;1457.509;1.0;1.0;1.0;1458.0;
50;2025-12-03;15;1686.216;1.0;1.0;1.0;1686.0;
50;2025-12-03;16;1702.333;1.0;1.0;1.0;1702.0;
50;2025-12-03;17;2454.138;1.0;1.0;1.0;2454.0;
50;2025-12-03;18;2523.61;1.0;1.0;1.0;2524.0;
50;2025-12-03;19;1434.395;1.0;1.0;1.0;1434.0;
50;2025-12-03;20;958.682;1.0;1.0;1.0;959.0;
50;2025-12-03;21;653.76;1.0;1.0;1.0;654.0;
50;2025-12-03;22;249.703;1.0;1.0;1.001;250.0;
50;2025-12-03;23;145.944;1.0;1.0;1.0;146.0;
50;2025-12-04;0;25.105;1.0;1.0;0.996;25.0;
50;2025-12-04;1;2.889;1.0;1.0;1.038;3.0;
50;2025-12-04;2;0.514;1.0;1.0;1.947;1.0;
50;2025-12-04;3;0.064;1.0;1.0;0.0;0.0;
50;2025-12-04;4;3.531;1.0;1.0;1.133;4.0;
50;2025-12-04;5;76.15;1.0;1.0;0.998;76.0;
50;2025-12-04;6;531.766;1.0;1.0;1.0;532.0;
50;2025-12-04;7;1729.428;1.0;1.0;1.0;1729.0;
50;2025-12-04;8;2854.15;1.0;1.0;1.0;2854.0;
50;2025-12-04;9;2254.067;1.0;1.0;1.0;2254.0;
50;2025-12-04;10;1749.011;1.0;1.0;1.0;1749.0;
50;2025-12-04;11;1541.364;1.0;1.0;1.0;1541.0;
50;2025-12-04;12;1456.739;1.0;1.0;1.0;1457.0;
50;2025-12-04;13;1534.43;1.0;1.0;1.0;1534.0;
50;2025-12-04;14;1457.509;1.0;1.0;1.0;1458.0;
50;2025-12-04;15;1686.216;1.0;1.0;1.0;1686.0;
50;2025-12-04;16;1702.333;1.0;1.0;1.0;1702.0;
50;2025-12-04;17;2454.138;1.0;1.0;1.0;2454.0;
50;2025-12-04;18;2523.61;1.0;1.0;1.0;2524.0;
50;2025-12-04;19;1434.395;1.0;1.0;1.0;1434.0;
50;2025-12-04;20;958.682;1.0;1.0;1.0;959.0;
50;2025-12-04;21;653.76;1.0;1.0;1.0;654.0;
50;2025-12-04;22;249.703;1.0;1.0;1.001;250.0;
50;2025-12-04;23;145.944;1.0;1.0;1.0;146.0;
50;2025-12-05;0;35.08;1.0;1.0;0.998;35.0;
50;2025-12-05;1;1.21;1.0;1.0;0.827;1.0;
50;2025-12-05;2;0.0;1.0;1.0;1.0;0.0;
50;2025-12-05;3;0.0;1.0;1.0;1.0;0.0;
50;2025-12-05;4;3.629;1.0;1.0;1.102;4.0;
50;2025-12-05;5;66.773;1.0;1.0;1.003;67.0;
50;2025-12-05;6;492.575;1.0;1.0;1.001;493.0;
50;2025-12-05;7;1695.949;1.0;1.0;1.0;1696.0;
50;2025-12-05;8;2682.309;1.0;1.0;1.0;2682.0;
50;2025-12-05;9;2089.574;1.0;1.0;1.0;2090.0;
50;2025-12-05;10;1453.29;1.0;1.0;1.0;1453.0;
50;2025-12-05;11;1461.032;1.0;1.0;1.0;1461.0;
50;2025-12-05;12;1358.453;1.0;1.0;1.0;1358.0;
50;2025-12-05;13;1470.951;1.0;1.0;1.0;1471.0;
50;2025-12-05;14;1402.242;1.0;1.0;1.0;1402.0;
50;2025-12-05;15;1673.207;1.0;1.0;1.0;1673.0;
50;2025-12-05;16;2192.637;1.0;1.0;1.0;2193.0;
50;2025-12-05;17;2077.719;1.0;1.0;1.0;2078.0;
50;2025-12-05;18;1545.225;1.0;1.0;1.0;1545.0;
50;2025-12-05;19;1147.245;1.0;1.0;1.0;1147.0;
50;2025-12-05;20;829.104;1.0;1.0;1.0;829.0;
50;2025-12-05;21;525.72;1.0;1.0;1.0;526.0;
50;2025-12-05;22;260.562;1.0;1.0;1.002;261.0;
50;2025-12-05;23;157.014;1.0;1.0;1.0;157.0;
50;2025-12-06;0;68.833;1.0;1.0;0.924;63.596;
50;2025-12-06;1;8.435;1.0;1.0;0.543;4.579;
50;2025-12-06;2;0.0;1.0;1.0;1.0;0.0;
50;2025-12-06;3;2.699;1.0;1.0;0.0;0.0;
50;2025-12-06;4;0.337;1.0;1.0;1.508;0.509;
50;2025-12-06;5;11.472;1.0;1.0;2.75;31.543;
50;2025-12-06;6;14.172;1.0;1.0;12.242;173.489;
50;2025-12-06;7;22.27;1.0;1.0;18.528;412.609;
50;2025-12-06;8;44.539;1.0;1.0;14.244;634.43;
50;2025-12-06;9;87.729;1.0;1.0;7.504;658.342;
50;2025-12-06;10;32.392;1.0;1.0;20.214;654.781;
50;2025-12-06;11;54.999;1.0;1.0;14.505;797.744;
50;2025-12-06;12;99.539;1.0;1.0;8.418;837.936;
50;2025-12-06;13;65.797;1.0;1.0;12.952;852.182;
50;2025-12-06;14;80.981;1.0;1.0;10.919;884.234;
50;2025-12-06;15;118.097;1.0;1.0;7.126;841.498;
50;2025-12-06;16;75.582;1.0;1.0;11.369;859.304;
50;2025-12-06;17;74.232;1.0;1.0;10.884;807.919;
50;2025-12-06;18;18.221;1.0;1.0;40.18;732.113;
50;2025-12-06;19;16.534;1.0;1.0;41.665;688.868;
50;2025-12-06;20;11.472;1.0;1.0;44.614;511.818;
50;2025-12-06;21;12.147;1.0;1.0;37.276;452.801;
50;2025-12-06;22;12.147;1.0;1.0;19.937;242.172;
50;2025-12-06;23;3.374;1.0;1.0;44.33;149.577;
50;2025-12-07;0;3.899;1.0;1.0;13.572;52.912;
50;2025-12-07;1;0.0;1.0;1.0;1.0;5.088;
50;2025-12-07;2;0.0;1.0;1.0;1.0;0.0;
50;2025-12-07;3;0.0;1.0;1.0;1.0;0.0;
50;2025-12-07;4;0.0;1.0;1.0;1.0;1.018;
50;2025-12-07;5;0.975;1.0;1.0;29.232;28.491;
50;2025-12-07;6;5.848;1.0;1.0;24.012;140.419;
50;2025-12-07;7;10.234;1.0;1.0;25.901;265.067;
50;2025-12-07;8;21.442;1.0;1.0;17.938;384.626;
50;2025-12-07;9;15.594;1.0;1.0;30.896;481.801;
50;2025-12-07;10;42.884;1.0;1.0;12.682;543.87;
50;2025-12-07;11;143.273;1.0;1.0;4.496;644.097;
50;2025-12-07;12;110.135;1.0;1.0;6.44;709.219;
50;2025-12-07;13;134.501;1.0;1.0;6.022;809.954;
50;2025-12-07;14;226.118;1.0;1.0;3.632;821.147;
50;2025-12-07;15;184.208;1.0;1.0;3.822;704.131;
50;2025-12-07;16;217.346;1.0;1.0;3.303;717.868;
50;2025-12-07;17;193.954;1.0;1.0;3.809;738.727;
50;2025-12-07;18;114.521;1.0;1.0;5.855;670.552;
50;2025-12-07;19;125.242;1.0;1.0;4.781;598.817;
50;2025-12-07;20;91.129;1.0;1.0;5.611;511.309;
50;2025-12-07;21;58.479;1.0;1.0;7.047;412.1;
50;2025-12-07;22;68.225;1.0;1.0;3.147;214.699;
50;2025-12-07;23;19.493;1.0;1.0;6.107;119.051;
50;2025-12-08;0;25.105;1.0;1.0;0.996;25.0;
50;2025-12-08;1;2.889;1.0;1.0;1.038;3.0;
50;2025-12-08;2;0.514;1.0;1.0;1.947;1.0;
50;2025-12-08;3;0.064;1.0;1.0;0.0;0.0;
50;2025-12-08;4;3.531;1.0;1.0;1.133;4.0;
50;2025-12-08;5;76.15;1.0;1.0;0.998;76.0;
50;2025-12-08;6;531.766;1.0;1.0;1.0;532.0;
50;2025-12-08;7;1729.428;1.0;1.0;1.0;1729.0;
50;2025-12-08;8;2854.15;1.0;1.0;1.0;2854.0;
50;2025-12-08;9;2254.067;1.0;1.0;1.0;2254.0;
50;2025-12-08;10;1749.011;1.0;1.0;1.0;1749.0;
50;2025-12-08;11;1541.364;1.0;1.0;1.0;1541.0;
50;2025-12-08;12;1456.739;1.0;1.0;1.0;1457.0;
50;2025-12-08;13;1534.43;1.0;1.0;1.0;1534.0;
50;2025-12-08;14;1457.509;1.0;1.0;1.0;1458.0;
50;2025-12-08;15;1686.216;1.0;1.0;1.0;1686.0;
50;2025-12-08;16;1702.333;1.0;1.0;1.0;1702.0;
50;2025-12-08;17;2454.138;1.0;1.0;1.0;2454.0;
50;2025-12-08;18;2523.61;1.0;1.0;1.0;2524.0;
50;2025-12-08;19;1434.395;1.0;1.0;1.0;1434.0;
50;2025-12-08;20;958.682;1.0;1.0;1.0;959.0;
50;2025-12-08;21;653.76;1.0;1.0;1.0;654.0;
50;2025-12-08;22;249.703;1.0;1.0;1.001;250.0;
50;2025-12-08;23;145.944;1.0;1.0;1.0;146.0;
50;2025-12-09;0;25.105;1.0;1.0;0.996;25.0;
50;2025-12-09;1;2.889;1.0;1.0;1.038;3.0;
50;2025-12-09;2;0.514;1.0;1.0;1.947;1.0;
50;2025-12-09;3;0.064;1.0;1.0;0.0;0.0;
50;2025-12-09;4;3.531;1.0;1.0;1.133;4.0;
50;2025-12-09;5;76.15;1.0;1.0;0.998;76.0;
50;2025-12-09;6;531.766;1.0;1.0;1.0;532.0;
50;2025-12-09;7;1729.428;1.0;1.0;1.0;1729.0;
50;2025-12-09;8;2854.15;1.0;1.0;1.0;2854.0;
50;2025-12-09;9;2254.067;1.0;1.0;1.0;2254.0;
50;2025-12-09;10;1749.011;1.0;1.0;1.0;1749.0;
50;2025-12-09;11;1541.364;1.0;1.0;1.0;1541.0;
50;2025-12-09;12;1456.739;1.0;1.0;1.0;1457.0;
50;2025-12-09;13;1534.43;1.0;1.0;1.0;1534.0;
50;2025-12-09;14;1457.509;1.0;1.0;1.0;1458.0;
50;2025-12-09;15;1686.216;1.0;1.0;1.0;1686.0;
50;2025-12-09;16;1702.333;1.0;1.0;1.0;1702.0;
50;2025-12-09;17;2454.138;1.0;1.0;1.0;2454.0;
50;2025-12-09;18;2523.61;1.0;1.0;1.0;2524.0;
50;2025-12-09;19;1434.395;1.0;1.0;1.0;1434.0;
50;2025-12-09;20;958.682;1.0;1.0;1.0;959.0;
50;2025-12-09;21;653.76;1.0;1.0;1.0;654.0;
50;2025-12-09;22;249.703;1.0;1.0;1.001;250.0;
50;2025-12-09;23;145.944;1.0;1.0;1.0;146.0;
50;2025-12-10;0;25.105;1.0;1.0;0.996;25.0;
50;2025-12-10;1;2.889;1.0;1.0;1.038;3.0;
50;2025-12-10;2;0.514;1.0;1.0;1.947;1.0;
50;2025-12-10;3;0.064;1.0;1.0;0.0;0.0;
50;2025-12-10;4;3.531;1.0;1.0;1.133;4.0;
50;2025-12-10;5;76.15;1.0;1.0;0.998;76.0;
50;2025-12-10;6;531.766;1.0;1.0;1.0;532.0;
50;2025-12-10;7;1729.428;1.0;1.0;1.0;1729.0;
50;2025-12-10;8;2854.15;1.0;1.0;1.0;2854.0;
50;2025-12-10;9;2254.067;1.0;1.0;1.0;2254.0;
50;2025-12-10;10;1749.011;1.0;1.0;1.0;1749.0;
50;2025-12-10;11;1541.364;1.0;1.0;1.0;1541.0;
50;2025-12-10;12;1456.739;1.0;1.0;1.0;1457.0;
50;2025-12-10;13;1534.43;1.0;1.0;1.0;1534.0;
50;2025-12-10;14;1457.509;1.0;1.0;1.0;1458.0;
50;2025-12-10;15;1686.216;1.0;1.0;1.0;1686.0;
50;2025-12-10;16;1702.333;1.0;1.0;1.0;1702.0;
50;2025-12-10;17;2454.138;1.0;1.0;1.0;2454.0;
50;2025-12-10;18;2523.61;1.0;1.0;1.0;2524.0;
50;2025-12-10;19;1434.395;1.0;1.0;1.0;1434.0;
50;2025-12-10;20;958.682;1.0;1.0;1.0;959.0;
50;2025-12-10;21;653.76;1.0;1.0;1.0;654.0;
50;2025-12-10;22;249.703;1.0;1.0;1.001;250.0;
50;2025-12-10;23;145.944;1.0;1.0;1.0;146.0;
50;2025-12-11;0;25.105;1.0;1.0;0.996;25.0;
50;2025-12-11;1;2.889;1.0;1.0;1.038;3.0;
50;2025-12-11;2;0.514;1.0;1.0;1.947;1.0;
50;2025-12-11;3;0.064;1.0;1.0;0.0;0.0;
50;2025-12-11;4;3.531;1.0;1.0;1.133;4.0;
50;2025-12-11;5;76.15;1.0;1.0;0.998;76.0;
50;2025-12-11;6;531.766;1.0;1.0;1.0;532.0;
50;2025-12-11;7;1729.428;1.0;1.0;1.0;1729.0;
50;2025-12-11;8;2854.15;1.0;1.0;1.0;2854.0;
50;2025-12-11;9;2254.067;1.0;1.0;1.0;2254.0;
50;2025-12-11;10;1749.011;1.0;1.0;1.0;1749.0;
50;2025-12-11;11;1541.364;1.0;1.0;1.0;1541.0;
50;2025-12-11;12;1456.739;1.0;1.0;1.0;1457.0;
50;2025-12-11;13;1534.43;1.0;1.0;1.0;1534.0;
50;2025-12-11;14;1457.509;1.0;1.0;1.0;1458.0;
50;2025-12-11;15;1686.216;1.0;1.0;1.0;1686.0;
50;2025-12-11;16;1702.333;1.0;1.0;1.0;1702.0;
50;2025-12-11;17;2454.138;1.0;1.0;1.0;2454.0;
50;2025-12-11;18;2523.61;1.0;1.0;1.0;2524.0;
50;2025-12-11;19;1434.395;1.0;1.0;1.0;1434.0;
50;2025-12-11;20;958.682;1.0;1.0;1.0;959.0;
50;2025-12-11;21;653.76;1.0;1.0;1.0;654.0;
50;2025-12-11;22;249.703;1.0;1.0;1.001;250.0;
50;2025-12-11;23;145.944;1.0;1.0;1.0;146.0;
50;2025-12-12;0;35.08;1.0;1.0;0.998;35.0;
50;2025-12-12;1;1.21;1.0;1.0;0.827;1.0;
50;2025-12-12;2;0.0;1.0;1.0;1.0;0.0;
50;2025-12-12;3;0.0;1.0;1.0;1.0;0.0;
50;2025-12-12;4;3.629;1.0;1.0;1.102;4.0;
50;2025-12-12;5;66.773;1.0;1.0;1.003;67.0;
50;2025-12-12;6;492.575;1.0;1.0;1.001;493.0;
50;2025-12-12;7;1695.949;1.0;1.0;1.0;1696.0;
50;2025-12-12;8;2682.309;1.0;1.0;1.0;2682.0;
50;2025-12-12;9;2089.574;1.0;1.0;1.0;2090.0;
50;2025-12-12;10;1453.29;1.0;1.0;1.0;1453.0;
50;2025-12-12;11;1461.032;1.0;1.0;1.0;1461.0;
50;2025-12-12;12;1358.453;1.0;1.0;1.0;1358.0;
50;2025-12-12;13;1470.951;1.0;1.0;1.0;1471.0;
50;2025-12-12;14;1402.242;1.0;1.0;1.0;1402.0;
50;2025-12-12;15;1673.207;1.0;1.0;1.0;1673.0;
50;2025-12-12;16;2192.637;1.0;1.0;1.0;2193.0;
50;2025-12-12;17;2077.719;1.0;1.0;1.0;2078.0;
50;2025-12-12;18;1545.225;1.0;1.0;1.0;1545.0;
50;2025-12-12;19;1147.245;1.0;1.0;1.0;1147.0;
50;2025-12-12;20;829.104;1.0;1.0;1.0;829.0;
50;2025-12-12;21;525.72;1.0;1.0;1.0;526.0;
50;2025-12-12;22;260.562;1.0;1.0;1.002;261.0;
50;2025-12-12;23;157.014;1.0;1.0;1.0;157.0;
50;2025-12-13;0;68.833;1.0;1.0;0.924;63.596;
50;2025-12-13;1;8.435;1.0;1.0;0.543;4.579;
50;2025-12-13;2;0.0;1.0;1.0;1.0;0.0;
50;2025-12-13;3;2.699;1.0;1.0;0.0;0.0;
50;2025-12-13;4;0.337;1.0;1.0;1.508;0.509;
50;2025-12-13;5;11.472;1.0;1.0;2.75;31.543;
50;2025-12-13;6;14.172;1.0;1.0;12.242;173.489;
50;2025-12-13;7;22.27;1.0;1.0;18.528;412.609;
50;2025-12-13;8;44.539;1.0;1.0;14.244;634.43;
50;2025-12-13;9;87.729;1.0;1.0;7.504;658.342;
50;2025-12-13;10;32.392;1.0;1.0;20.214;654.781;
50;2025-12-13;11;54.999;1.0;1.0;14.505;797.744;
50;2025-12-13;12;99.539;1.0;1.0;8.418;837.936;
50;2025-12-13;13;65.797;1.0;1.0;12.952;852.182;
50;2025-12-13;14;80.981;1.0;1.0;10.919;884.234;
50;2025-12-13;15;118.097;1.0;1.0;7.126;841.498;
50;2025-12-13;16;75.582;1.0;1.0;11.369;859.304;
50;2025-12-13;17;74.232;1.0;1.0;10.884;807.919;
50;2025-12-13;18;18.221;1.0;1.0;40.18;732.113;
50;2025-12-13;19;16.534;1.0;1.0;41.665;688.868;
50;2025-12-13;20;11.472;1.0;1.0;44.614;511.818;
50;2025-12-13;21;12.147;1.0;1.0;37.276;452.801;
50;2025-12-13;22;12.147;1.0;1.0;19.937;242.172;
50;2025-12-13;23;3.374;1.0;1.0;44.33;149.577;
50;2025-12-14;0;3.899;1.0;1.0;13.572;52.912;
50;2025-12-14;1;0.0;1.0;1.0;1.0;5.088;
50;2025-12-14;2;0.0;1.0;1.0;1.0;0.0;
50;2025-12-14;3;0.0;1.0;1.0;1.0;0.0;
50;2025-12-14;4;0.0;1.0;1.0;1.0;1.018;
50;2025-12-14;5;0.975;1.0;1.0;29.232;28.491;
50;2025-12-14;6;5.848;1.0;1.0;24.012;140.419;
50;2025-12-14;7;10.234;1.0;1.0;25.901;265.067;
50;2025-12-14;8;21.442;1.0;1.0;17.938;384.626;
50;2025-12-14;9;15.594;1.0;1.0;30.896;481.801;
50;2025-12-14;10;42.884;1.0;1.0;12.682;543.87;
50;2025-12-14;11;143.273;1.0;1.0;4.496;644.097;
50;2025-12-14;12;110.135;1.0;1.0;6.44;709.219;
50;2025-12-14;13;134.501;1.0;1.0;6.022;809.954;
50;2025-12-14;14;226.118;1.0;1.0;3.632;821.147;
50;2025-12-14;15;184.208;1.0;1.0;3.822;704.131;
50;2025-12-14;16;217.346;1.0;1.0;3.303;717.868;
50;2025-12-14;17;193.954;1.0;1.0;3.809;738.727;
50;2025-12-14;18;114.521;1.0;1.0;5.855;670.552;
50;2025-12-14;19;125.242;1.0;1.0;4.781;598.817;
50;2025-12-14;20;91.129;1.0;1.0;5.611;511.309;
50;2025-12-14;21;58.479;1.0;1.0;7.047;412.1;
50;2025-12-14;22;68.225;1.0;1.0;3.147;214.699;
50;2025-12-14;23;19.493;1.0;1.0;6.107;119.051;
50;2025-12-15;0;25.105;1.0;1.0;0.996;25.0;
50;2025-12-15;1;2.889;1.0;1.0;1.038;3.0;
50;2025-12-15;2;0.514;1.0;1.0;1.947;1.0;
50;2025-12-15;3;0.064;1.0;1.0;0.0;0.0;
50;2025-12-15;4;3.531;1.0;1.0;1.133;4.0;
50;2025-12-15;5;76.15;1.0;1.0;0.998;76.0;
50;2025-12-15;6;531.766;1.0;1.0;1.0;532.0;
50;2025-12-15;7;1729.428;1.0;1.0;1.0;1729.0;
50;2025-12-15;8;2854.15;1.0;1.0;1.0;2854.0;
50;2025-12-15;9;2254.067;1.0;1.0;1.0;2254.0;
50;2025-12-15;10;1749.011;1.0;1.0;1.0;1749.0;
50;2025-12-15;11;1541.364;1.0;1.0;1.0;1541.0;
50;2025-12-15;12;1456.739;1.0;1.0;1.0;1457.0;
50;2025-12-15;13;1534.43;1.0;1.0;1.0;1534.0;
50;2025-12-15;14;1457.509;1.0;1.0;1.0;1458.0;
50;2025-12-15;15;1686.216;1.0;1.0;1.0;1686.0;
50;2025-12-15;16;1702.333;1.0;1.0;1.0;1702.0;
50;2025-12-15;17;2454.138;1.0;1.0;1.0;2454.0;
50;2025-12-15;18;2523.61;1.0;1.0;1.0;2524.0;
50;2025-12-15;19;1434.395;1.0;1.0;1.0;1434.0;
50;2025-12-15;20;958.682;1.0;1.0;1.0;959.0;
50;2025-12-15;21;653.76;1.0;1.0;1.0;654.0;
50;2025-12-15;22;249.703;1.0;1.0;1.001;250.0;
50;2025-12-15;23;145.944;1.0;1.0;1.0;146.0;
50;2025-12-16;0;25.105;1.0;1.0;0.996;25.0;
50;2025-12-16;1;2.889;1.0;1.0;1.038;3.0;
50;2025-12-16;2;0.514;1.0;1.0;1.947;1.0;
50;2025-12-16;3;0.064;1.0;1.0;0.0;0.0;
50;2025-12-16;4;3.531;1.0;1.0;1.133;4.0;
50;2025-12-16;5;76.15;1.0;1.0;0.998;76.0;
50;2025-12-16;6;531.766;1.0;1.0;1.0;532.0;
50;2025-12-16;7;1729.428;1.0;1.0;1.0;1729.0;
50;2025-12-16;8;2854.15;1.0;1.0;1.0;2854.0;
50;2025-12-16;9;2254.067;1.0;1.0;1.0;2254.0;
50;2025-12-16;10;1749.011;1.0;1.0;1.0;1749.0;
50;2025-12-16;11;1541.364;1.0;1.0;1.0;1541.0;
50;2025-12-16;12;1456.739;1.0;1.0;1.0;1457.0;
50;2025-12-16;13;1534.43;1.0;1.0;1.0;1534.0;
50;2025-12-16;14;1457.509;1.0;1.0;1.0;1458.0;
50;2025-12-16;15;1686.216;1.0;1.0;1.0;1686.0;
50;2025-12-16;16;1702.333;1.0;1.0;1.0;1702.0;
50;2025-12-16;17;2454.138;1.0;1.0;1.0;2454.0;
50;2025-12-16;18;2523.61;1.0;1.0;1.0;2524.0;
50;2025-12-16;19;1434.395;1.0;1.0;1.0;1434.0;
50;2025-12-16;20;958.682;1.0;1.0;1.0;959.0;
50;2025-12-16;21;653.76;1.0;1.0;1.0;654.0;
50;2025-12-16;22;249.703;1.0;1.0;1.001;250.0;
50;2025-12-16;23;145.944;1.0;1.0;1.0;146.0;
50;2025-12-17;0;25.105;1.0;1.0;0.996;25.0;
50;2025-12-17;1;2.889;1.0;1.0;1.038;3.0;
50;2025-12-17;2;0.514;1.0;1.0;1.947;1.0;
50;2025-12-17;3;0.064;1.0;1.0;0.0;0.0;
50;2025-12-17;4;3.531;1.0;1.0;1.133;4.0;
50;2025-12-17;5;76.15;1.0;1.0;0.998;76.0;
50;2025-12-17;6;531.766;1.0;1.0;1.0;532.0;
50;2025-12-17;7;1729.428;1.0;1.0;1.0;1729.0;
50;2025-12-17;8;2854.15;1.0;1.0;1.0;2854.0;
50;2025-12-17;9;2254.067;1.0;1.0;1.0;2254.0;
50;2025-12-17;10;1749.011;1.0;1.0;1.0;1749.0;
50;2025-12-17;11;1541.364;1.0;1.0;1.0;1541.0;
50;2025-12-17;12;1456.739;1.0;1.0;1.0;1457.0;
50;2025-12-17;13;1534.43;1.0;1.0;1.0;1534.0;
50;2025-12-17;14;1457.509;1.0;1.0;1.0;1458.0;
50;2025-12-17;15;1686.216;1.0;1.0;1.0;1686.0;
50;2025-12-17;16;1702.333;1.0;1.0;1.0;1702.0;
50;2025-12-17;17;2454.138;1.0;1.0;1.0;2454.0;
50;2025-12-17;18;2523.61;1.0;1.0;1.0;2524.0;
50;2025-12-17;19;1434.395;1.0;1.0;1.0;1434.0;
50;2025-12-17;20;958.682;1.0;1.0;1.0;959.0;
50;2025-12-17;21;653.76;1.0;1.0;1.0;654.0;
50;2025-12-17;22;249.703;1.0;1.0;1.001;250.0;
50;2025-12-17;23;145.944;1.0;1.0;1.0;146.0;
50;2025-12-18;0;25.105;1.0;1.0;0.996;25.0;
50;2025-12-18;1;2.889;1.0;1.0;1.038;3.0;
50;2025-12-18;2;0.514;1.0;1.0;1.947;1.0;
50;2025-12-18;3;0.064;1.0;1.0;0.0;0.0;
50;2025-12-18;4;3.531;1.0;1.0;1.133;4.0;
50;2025-12-18;5;76.15;1.0;1.0;0.998;76.0;
50;2025-12-18;6;531.766;1.0;1.0;1.0;532.0;
50;2025-12-18;7;1729.428;1.0;1.0;1.0;1729.0;
50;2025-12-18;8;2854.15;1.0;1.0;1.0;2854.0;
50;2025-12-18;9;2254.067;1.0;1.0;1.0;2254.0;
50;2025-12-18;10;1749.011;1.0;1.0;1.0;1749.0;
50;2025-12-18;11;1541.364;1.0;1.0;1.0;1541.0;
50;2025-12-18;12;1456.739;1.0;1.0;1.0;1457.0;
50;2025-12-18;13;1534.43;1.0;1.0;1.0;1534.0;
50;2025-12-18;14;1457.509;1.0;1.0;1.0;1458.0;
50;2025-12-18;15;1686.216;1.0;1.0;1.0;1686.0;
50;2025-12-18;16;1702.333;1.0;1.0;1.0;1702.0;
50;2025-12-18;17;2454.138;1.0;1.0;1.0;2454.0;
50;2025-12-18;18;2523.61;1.0;1.0;1.0;2524.0;
50;2025-12-18;19;1434.395;1.0;1.0;1.0;1434.0;
50;2025-12-18;20;958.682;1.0;1.0;1.0;959.0;
50;2025-12-18;21;653.76;1.0;1.0;1.0;654.0;
50;2025-12-18;22;249.703;1.0;1.0;1.001;250.0;
50;2025-12-18;23;145.944;1.0;1.0;1.0;146.0;
50;2025-12-19;0;35.08;1.0;1.0;0.998;35.0;
50;2025-12-19;1;1.21;1.0;1.0;0.827;1.0;
50;2025-12-19;2;0.0;1.0;1.0;1.0;0.0;
50;2025-12-19;3;0.0;1.0;1.0;1.0;0.0;
50;2025-12-19;4;3.629;1.0;1.0;1.102;4.0;
50;2025-12-19;5;66.773;1.0;1.0;1.003;67.0;
50;2025-12-19;6;492.575;1.0;1.0;1.001;493.0;
50;2025-12-19;7;1695.949;1.0;1.0;1.0;1696.0;
50;2025-12-19;8;2682.309;1.0;1.0;1.0;2682.0;
50;2025-12-19;9;2089.574;1.0;1.0;1.0;2090.0;
50;2025-12-19;10;1453.29;1.0;1.0;1.0;1453.0;
50;2025-12-19;11;1461.032;1.0;1.0;1.0;1461.0;
50;2025-12-19;12;1358.453;1.0;1.0;1.0;1358.0;
50;2025-12-19;13;1470.951;1.0;1.0;1.0;1471.0;
50;2025-12-19;14;1402.242;1.0;1.0;1.0;1402.0;
50;2025-12-19;15;1673.207;1.0;1.0;1.0;1673.0;
50;2025-12-19;16;2192.637;1.0;1.0;1.0;2193.0;
50;2025-12-19;17;2077.719;1.0;1.0;1.0;2078.0;
50;2025-12-19;18;1545.225;1.0;1.0;1.0;1545.0;
50;2025-12-19;19;1147.245;1.0;1.0;1.0;1147.0;
50;2025-12-19;20;829.104;1.0;1.0;1.0;829.0;
50;2025-12-19;21;525.72;1.0;1.0;1.0;526.0;
50;2025-12-19;22;260.562;1.0;1.0;1.002;261.0;
50;2025-12-19;23;157.014;1.0;1.0;1.0;157.0;
50;2025-12-20;0;68.833;1.0;1.0;0.924;63.596;
50;2025-12-20;1;8.435;1.0;1.0;0.543;4.579;
50;2025-12-20;2;0.0;1.0;1.0;1.0;0.0;
50;2025-12-20;3;2.699;1.0;1.0;0.0;0.0;
50;2025-12-20;4;0.337;1.0;1.0;1.508;0.509;
50;2025-12-20;5;11.472;1.0;1.0;2.75;31.543;
50;2025-12-20;6;14.172;1.0;1.0;12.242;173.489;
50;2025-12-20;7;22.27;1.0;1.0;18.528;412.609;
50;2025-12-20;8;44.539;1.0;1.0;14.244;634.43;
50;2025-12-20;9;87.729;1.0;1.0;7.504;658.342;
50;2025-12-20;10;32.392;1.0;1.0;20.214;654.781;
50;2025-12-20;11;54.999;1.0;1.0;14.505;797.744;
50;2025-12-20;12;99.539;1.0;1.0;8.418;837.936;
50;2025-12-20;13;65.797;1.0;1.0;12.952;852.182;
50;2025-12-20;14;80.981;1.0;1.0;10.919;884.234;
50;2025-12-20;15;118.097;1.0;1.0;7.126;841.498;
50;2025-12-20;16;75.582;1.0;1.0;11.369;859.304;
50;2025-12-20;17;74.232;1.0;1.0;10.884;807.919;
50;2025-12-20;18;18.221;1.0;1.0;40.18;732.113;
50;2025-12-20;19;16.534;1.0;1.0;41.665;688.868;
50;2025-12-20;20;11.472;1.0;1.0;44.614;511.818;
50;2025-12-20;21;12.147;1.0;1.0;37.276;452.801;
50;2025-12-20;22;12.147;1.0;1.0;19.937;242.172;
50;2025-12-20;23;3.374;1.0;1.0;44.33;149.577;
50;2025-12-21;0;3.899;1.0;1.0;13.572;52.912;
50;2025-12-21;1;0.0;1.0;1.0;1.0;5.088;
50;2025-12-21;2;0.0;1.0;1.0;1.0;0.0;
50;2025-12-21;3;0.0;1.0;1.0;1.0;0.0;
50;2025-12-21;4;0.0;1.0;1.0;1.0;1.018;
50;2025-12-21;5;0.975;1.0;1.0;29.232;28.491;
50;2025-12-21;6;5.848;1.0;1.0;24.012;140.419;
50;2025-12-21;7;10.234;1.0;1.0;25.901;265.067;
50;2025-12-21;8;21.442;1.0;1.0;17.938;384.626;
50;2025-12-21;9;15.594;1.0;1.0;30.896;481.801;
50;2025-12-21;10;42.884;1.0;1.0;12.682;543.87;
50;2025-12-21;11;143.273;1.0;1.0;4.496;644.097;
50;2025-12-21;12;110.135;1.0;1.0;6.44;709.219;
50;2025-12-21;13;134.501;1.0;1.0;6.022;809.954;
50;2025-12-21;14;226.118;1.0;1.0;3.632;821.147;
50;2025-12-21;15;184.208;1.0;1.0;3.822;704.131;
50;2025-12-21;16;217.346;1.0;1.0;3.303;717.868;
50;2025-12-21;17;193.954;1.0;1.0;3.809;738.727;
50;2025-12-21;18;114.521;1.0;1.0;5.855;670.552;
50;2025-12-21;19;125.242;1.0;1.0;4.781;598.817;
50;2025-12-21;20;91.129;1.0;1.0;5.611;511.309;
50;2025-12-21;21;58.479;1.0;1.0;7.047;412.1;
50;2025-12-21;22;68.225;1.0;1.0;3.147;214.699;
50;2025-12-21;23;19.493;1.0;1.0;6.107;119.051;
50;2025-12-22;0;25.105;1.0;1.0;0.996;25.0;
50;2025-12-22;1;2.889;1.0;1.0;1.038;3.0;
50;2025-12-22;2;0.514;1.0;1.0;1.947;1.0;
50;2025-12-22;3;0.064;1.0;1.0;0.0;0.0;
50;2025-12-22;4;3.531;1.0;1.0;1.133;4.0;
50;2025-12-22;5;76.15;1.0;1.0;0.998;76.0;
50;2025-12-22;6;531.766;1.0;1.0;1.0;532.0;
50;2025-12-22;7;1729.428;1.0;1.0;1.0;1729.0;
50;2025-12-22;8;2854.15;1.0;1.0;1.0;2854.0;
50;2025-12-22;9;2254.067;1.0;1.0;1.0;2254.0;
50;2025-12-22;10;1749.011;1.0;1.0;1.0;1749.0;
50;2025-12-22;11;1541.364;1.0;1.0;1.0;1541.0;
50;2025-12-22;12;1456.739;1.0;1.0;1.0;1457.0;
50;2025-12-22;13;1534.43;1.0;1.0;1.0;1534.0;
50;2025-12-22;14;1457.509;1.0;1.0;1.0;1458.0;
50;2025-12-22;15;1686.216;1.0;1.0;1.0;1686.0;
50;2025-12-22;16;1702.333;1.0;1.0;1.0;1702.0;
50;2025-12-22;17;2454.138;1.0;1.0;1.0;2454.0;
50;2025-12-22;18;2523.61;1.0;1.0;1.0;2524.0;
50;2025-12-22;19;1434.395;1.0;1.0;1.0;1434.0;
50;2025-12-22;20;958.682;1.0;1.0;1.0;959.0;
50;2025-12-22;21;653.76;1.0;1.0;1.0;654.0;
50;2025-12-22;22;249.703;1.0;1.0;1.001;250.0;
50;2025-12-22;23;145.944;1.0;1.0;1.0;146.0;
50;2025-12-23;0;25.105;1.0;1.0;0.996;25.0;
50;2025-12-23;1;2.889;1.0;1.0;1.038;3.0;
50;2025-12-23;2;0.514;1.0;1.0;1.947;1.0;
50;2025-12-23;3;0.064;1.0;1.0;0.0;0.0;
50;2025-12-23;4;3.531;1.0;1.0;1.133;4.0;
50;2025-12-23;5;76.15;1.0;1.0;0.998;76.0;
50;2025-12-23;6;531.766;1.0;1.0;1.0;532.0;
50;2025-12-23;7;1729.428;1.0;1.0;1.0;1729.0;
50;2025-12-23;8;2854.15;1.0;1.0;1.0;2854.0;
50;2025-12-23;9;2254.067;1.0;1.0;1.0;2254.0;
50;2025-12-23;10;1749.011;1.0;1.0;1.0;1749.0;
50;2025-12-23;11;1541.364;1.0;1.0;1.0;1541.0;
50;2025-12-23;12;1456.739;1.0;1.0;1.0;1457.0;
50;2025-12-23;13;1534.43;1.0;1.0;1.0;1534.0;
50;2025-12-23;14;1457.509;1.0;1.0;1.0;1458.0;
50;2025-12-23;15;1686.216;1.0;1.0;1.0;1686.0;
50;2025-12-23;16;1702.333;1.0;1.0;1.0;1702.0;
50;2025-12-23;17;2454.138;1.0;1.0;1.0;2454.0;
50;2025-12-23;18;2523.61;1.0;1.0;1.0;2524.0;
50;2025-12-23;19;1434.395;1.0;1.0;1.0;1434.0;
50;2025-12-23;20;958.682;1.0;1.0;1.0;959.0;
50;2025-12-23;21;653.76;1.0;1.0;1.0;654.0;
50;2025-12-23;22;249.703;1.0;1.0;1.001;250.0;
50;2025-12-23;23;145.944;1.0;1.0;1.0;146.0;
50;2025-12-24;0;25.105;1.0;1.0;0.996;25.0;
50;2025-12-24;1;2.889;1.0;1.0;1.038;3.0;
50;2025-12-24;2;0.514;1.0;1.0;1.947;1.0;
50;2025-12-24;3;0.064;1.0;1.0;0.0;0.0;
50;2025-12-24;4;3.531;1.0;1.0;1.133;4.0;
50;2025-12-24;5;76.15;1.0;1.0;0.998;76.0;
50;2025-12-24;6;531.766;1.0;1.0;1.0;532.0;
50;2025-12-24;7;1729.428;1.0;1.0;1.0;1729.0;
50;2025-12-24;8;2854.15;1.0;1.0;1.0;2854.0;
50;2025-12-24;9;2254.067;1.0;1.0;1.0;2254.0;
50;2025-12-24;10;1749.011;1.0;1.0;1.0;1749.0;
50;2025-12-24;11;1541.364;1.0;1.0;1.0;1541.0;
50;2025-12-24;12;1456.739;1.0;1.0;1.0;1457.0;
50;2025-12-24;13;1534.43;1.0;1.0;1.0;1534.0;
50;2025-12-24;14;1457.509;1.0;1.0;1.0;1458.0;
50;2025-12-24;15;1686.216;1.0;1.0;1.0;1686.0;
50;2025-12-24;16;1702.333;1.0;1.0;1.0;1702.0;
50;2025-12-24;17;2454.138;1.0;1.0;1.0;2454.0;
50;2025-12-24;18;2523.61;1.0;1.0;1.0;2524.0;
50;2025-12-24;19;1434.395;1.0;1.0;1.0;1434.0;
50;2025-12-24;20;958.682;1.0;1.0;1.0;959.0;
50;2025-12-24;21;653.76;1.0;1.0;1.0;654.0;
50;2025-12-24;22;249.703;1.0;1.0;1.001;250.0;
50;2025-12-24;23;145.944;1.0;1.0;1.0;146.0;
50;2025-12-25;0;25.105;1.0;1.0;0.996;25.0;
50;2025-12-25;1;2.889;1.0;1.0;1.038;3.0;
50;2025-12-25;2;0.514;1.0;1.0;1.947;1.0;
50;2025-12-25;3;0.064;1.0;1.0;0.0;0.0;
50;2025-12-25;4;3.531;1.0;1.0;1.133;4.0;
50;2025-12-25;5;76.15;1.0;1.0;0.998;76.0;
50;2025-12-25;6;531.766;1.0;1.0;1.0;532.0;
50;2025-12-25;7;1729.428;1.0;1.0;1.0;1729.0;
50;2025-12-25;8;2854.15;1.0;1.0;1.0;2854.0;
50;2025-12-25;9;2254.067;1.0;1.0;1.0;2254.0;
50;2025-12-25;10;1749.011;1.0;1.0;1.0;1749.0;
50;2025-12-25;11;1541.364;1.0;1.0;1.0;1541.0;
50;2025-12-25;12;1456.739;1.0;1.0;1.0;1457.0;
50;2025-12-25;13;1534.43;1.0;1.0;1.0;1534.0;
50;2025-12-25;14;1457.509;1.0;1.0;1.0;1458.0;
50;2025-12-25;15;1686.216;1.0;1.0;1.0;1686.0;
50;2025-12-25;16;1702.333;1.0;1.0;1.0;1702.0;
50;2025-12-25;17;2454.138;1.0;1.0;1.0;2454.0;
50;2025-12-25;18;2523.61;1.0;1.0;1.0;2524.0;
50;2025-12-25;19;1434.395;1.0;1.0;1.0;1434.0;
50;2025-12-25;20;958.682;1.0;1.0;1.0;959.0;
50;2025-12-25;21;653.76;1.0;1.0;1.0;654.0;
50;2025-12-25;22;249.703;1.0;1.0;1.001;250.0;
50;2025-12-25;23;145.944;1.0;1.0;1.0;146.0;
50;2025-12-26;0;35.08;1.0;1.0;0.998;35.0;
50;2025-12-26;1;1.21;1.0;1.0;0.827;1.0;
50;2025-12-26;2;0.0;1.0;1.0;1.0;0.0;
50;2025-12-26;3;0.0;1.0;1.0;1.0;0.0;
50;2025-12-26;4;3.629;1.0;1.0;1.102;4.0;
50;2025-12-26;5;66.773;1.0;1.0;1.003;67.0;
50;2025-12-26;6;492.575;1.0;1.0;1.001;493.0;
50;2025-12-26;7;1695.949;1.0;1.0;1.0;1696.0;
50;2025-12-26;8;2682.309;1.0;1.0;1.0;2682.0;
50;2025-12-26;9;2089.574;1.0;1.0;1.0;2090.0;
50;2025-12-26;10;1453.29;1.0;1.0;1.0;1453.0;
50;2025-12-26;11;1461.032;1.0;1.0;1.0;1461.0;
50;2025-12-26;12;1358.453;1.0;1.0;1.0;1358.0;
50;2025-12-26;13;1470.951;1.0;1.0;1.0;1471.0;
50;2025-12-26;14;1402.242;1.0;1.0;1.0;1402.0;
50;2025-12-26;15;1673.207;1.0;1.0;1.0;1673.0;
50;2025-12-26;16;2192.637;1.0;1.0;1.0;2193.0;
50;2025-12-26;17;2077.719;1.0;1.0;1.0;2078.0;
50;2025-12-26;18;1545.225;1.0;1.0;1.0;1545.0;
50;2025-12-26;19;1147.245;1.0;1.0;1.0;1147.0;
50;2025-12-26;20;829.104;1.0;1.0;1.0;829.0;
50;2025-12-26;21;525.72;1.0;1.0;1.0;526.0;
50;2025-12-26;22;260.562;1.0;1.0;1.002;261.0;
50;2025-12-26;23;157.014;1.0;1.0;1.0;157.0;
50;2025-12-27;0;68.833;1.0;1.0;0.924;63.596;
50;2025-12-27;1;8.435;1.0;1.0;0.543;4.579;
50;2025-12-27;2;0.0;1.0;1.0;1.0;0.0;
50;2025-12-27;3;2.699;1.0;1.0;0.0;0.0;
50;2025-12-27;4;0.337;1.0;1.0;1.508;0.509;
50;2025-12-27;5;11.472;1.0;1.0;2.75;31.543;
50;2025-12-27;6;14.172;1.0;1.0;12.242;173.489;
50;2025-12-27;7;22.27;1.0;1.0;18.528;412.609;
50;2025-12-27;8;44.539;1.0;1.0;14.244;634.43;
50;2025-12-27;9;87.729;1.0;1.0;7.504;658.342;
50;2025-12-27;10;32.392;1.0;1.0;20.214;654.781;
50;2025-12-27;11;54.999;1.0;1.0;14.505;797.744;
50;2025-12-27;12;99.539;1.0;1.0;8.418;837.936;
50;2025-12-27;13;65.797;1.0;1.0;12.952;852.182;
50;2025-12-27;14;80.981;1.0;1.0;10.919;884.234;
50;2025-12-27;15;118.097;1.0;1.0;7.126;841.498;
50;2025-12-27;16;75.582;1.0;1.0;11.369;859.304;
50;2025-12-27;17;74.232;1.0;1.0;10.884;807.919;
50;2025-12-27;18;18.221;1.0;1.0;40.18;732.113;
50;2025-12-27;19;16.534;1.0;1.0;41.665;688.868;
50;2025-12-27;20;11.472;1.0;1.0;44.614;511.818;
50;2025-12-27;21;12.147;1.0;1.0;37.276;452.801;
50;2025-12-27;22;12.147;1.0;1.0;19.937;242.172;
50;2025-12-27;23;3.374;1.0;1.0;44.33;149.577;
50;2025-12-28;0;3.899;1.0;1.0;13.572;52.912;
50;2025-12-28;1;0.0;1.0;1.0;1.0;5.088;
50;2025-12-28;2;0.0;1.0;1.0;1.0;0.0;
50;2025-12-28;3;0.0;1.0;1.0;1.0;0.0;
50;2025-12-28;4;0.0;1.0;1.0;1.0;1.018;
50;2025-12-28;5;0.975;1.0;1.0;29.232;28.491;
50;2025-12-28;6;5.848;1.0;1.0;24.012;140.419;
50;2025-12-28;7;10.234;1.0;1.0;25.901;265.067;
50;2025-12-28;8;21.442;1.0;1.0;17.938;384.626;
50;2025-12-28;9;15.594;1.0;1.0;30.896;481.801;
50;2025-12-28;10;42.884;1.0;1.0;12.682;543.87;
50;2025-12-28;11;143.273;1.0;1.0;4.496;644.097;
50;2025-12-28;12;110.135;1.0;1.0;6.44;709.219;
50;2025-12-28;13;134.501;1.0;1.0;6.022;809.954;
50;2025-12-28;14;226.118;1.0;1.0;3.632;821.147;
50;2025-12-28;15;184.208;1.0;1.0;3.822;704.131;
50;2025-12-28;16;217.346;1.0;1.0;3.303;717.868;
50;2025-12-28;17;193.954;1.0;1.0;3.809;738.727;
50;2025-12-28;18;114.521;1.0;1.0;5.855;670.552;
50;2025-12-28;19;125.242;1.0;1.0;4.781;598.817;
50;2025-12-28;20;91.129;1.0;1.0;5.611;511.309;
50;2025-12-28;21;58.479;1.0;1.0;7.047;412.1;
50;2025-12-28;22;68.225;1.0;1.0;3.147;214.699;
50;2025-12-28;23;19.493;1.0;1.0;6.107;119.051;
50;2025-12-29;0;25.105;0.88;1.0;0.996;22.0;
50;2025-12-29;1;2.889;0.88;1.0;1.18;3.0;
50;2025-12-29;2;0.514;0.88;1.0;0.0;0.0;
50;2025-12-29;3;0.064;0.88;1.0;0.0;0.0;
50;2025-12-29;4;3.531;0.88;1.0;0.965;3.0;
50;2025-12-29;5;76.15;0.88;1.0;1.0;67.0;
50;2025-12-29;6;531.766;0.88;1.0;1.0;468.0;
50;2025-12-29;7;1729.428;0.88;1.0;1.0;1522.0;
50;2025-12-29;8;2854.15;0.88;1.0;1.0;2512.0;
50;2025-12-29;9;2254.067;0.88;1.0;1.0;1984.0;
50;2025-12-29;10;1749.011;0.88;1.0;1.0;1539.0;
50;2025-12-29;11;1541.364;0.88;1.0;1.0;1356.0;
50;2025-12-29;12;1456.739;0.88;1.0;1.0;1282.0;
50;2025-12-29;13;1534.43;0.88;1.0;1.0;1350.0;
50;2025-12-29;14;1457.509;0.88;1.0;1.0;1283.0;
50;2025-12-29;15;1686.216;0.88;1.0;1.0;1484.0;
50;2025-12-29;16;1702.333;0.88;1.0;1.0;1498.0;
50;2025-12-29;17;2454.138;0.88;1.0;1.0;2160.0;
50;2025-12-29;18;2523.61;0.88;1.0;1.0;2221.0;
50;2025-12-29;19;1434.395;0.88;1.0;1.0;1262.0;
50;2025-12-29;20;958.682;0.88;1.0;1.0;844.0;
50;2025-12-29;21;653.76;0.88;1.0;1.0;575.0;
50;2025-12-29;22;249.703;0.88;1.0;1.001;220.0;
50;2025-12-29;23;145.944;0.88;1.0;0.997;128.0;
50;2025-12-30;0;25.105;0.88;1.0;0.996;22.0;
50;2025-12-30;1;2.889;0.88;1.0;1.18;3.0;
50;2025-12-30;2;0.514;0.88;1.0;0.0;0.0;
50;2025-12-30;3;0.064;0.88;1.0;0.0;0.0;
50;2025-12-30;4;3.531;0.88;1.0;0.965;3.0;
50;2025-12-30;5;76.15;0.88;1.0;1.0;67.0;
50;2025-12-30;6;531.766;0.88;1.0;1.0;468.0;
50;2025-12-30;7;1729.428;0.88;1.0;1.0;1522.0;
50;2025-12-30;8;2854.15;0.88;1.0;1.0;2512.0;
50;2025-12-30;9;2254.067;0.88;1.0;1.0;1984.0;
50;2025-12-30;10;1749.011;0.88;1.0;1.0;1539.0;
50;2025-12-30;11;1541.364;0.88;1.0;1.0;1356.0;
50;2025-12-30;12;1456.739;0.88;1.0;1.0;1282.0;
50;2025-12-30;13;1534.43;0.88;1.0;1.0;1350.0;
50;2025-12-30;14;1457.509;0.88;1.0;1.0;1283.0;
50;2025-12-30;15;1686.216;0.88;1.0;1.0;1484.0;
50;2025-12-30;16;1702.333;0.88;1.0;1.0;1498.0;
50;2025-12-30;17;2454.138;0.88;1.0;1.0;2160.0;
50;2025-12-30;18;2523.61;0.88;1.0;1.0;2221.0;
50;2025-12-30;19;1434.395;0.88;1.0;1.0;1262.0;
50;2025-12-30;20;958.682;0.88;1.0;1.0;844.0;
50;2025-12-30;21;653.76;0.88;1.0;1.0;575.0;
50;2025-12-30;22;249.703;0.88;1.0;1.001;220.0;
50;2025-12-30;23;145.944;0.88;1.0;0.997;128.0;
50;2025-12-31;0;68.833;0.8;1.0;0.999;55.0;
50;2025-12-31;1;8.435;0.8;1.0;1.037;7.0;
50;2025-12-31;2;0.0;0.8;1.0;1.0;0.0;
50;2025-12-31;3;2.699;0.8;1.0;0.926;2.0;
50;2025-12-31;4;0.337;0.8;1.0;0.0;0.0;
50;2025-12-31;5;11.472;0.8;1.0;0.981;9.0;
50;2025-12-31;6;14.172;0.8;1.0;0.97;11.0;
50;2025-12-31;7;22.27;0.8;1.0;1.01;18.0;
50;2025-12-31;8;44.539;0.8;1.0;1.01;36.0;
50;2025-12-31;9;87.729;0.8;1.0;0.997;70.0;
50;2025-12-31;10;32.392;0.8;1.0;1.003;26.0;
50;2025-12-31;11;54.999;0.8;1.0;1.0;44.0;
50;2025-12-31;12;99.539;0.8;1.0;1.005;80.0;
50;2025-12-31;13;65.797;0.8;1.0;1.007;53.0;
50;2025-12-31;14;80.981;0.8;1.0;1.003;65.0;
50;2025-12-31;15;118.097;0.8;1.0;0.995;94.0;
50;2025-12-31;16;75.582;0.8;1.0;0.992;60.0;
50;2025-12-31;17;74.232;0.8;1.0;0.994;59.0;
50;2025-12-31;18;18.221;0.8;1.0;1.029;15.0;
50;2025-12-31;19;16.534;0.8;1.0;0.983;13.0;
50;2025-12-31;20;11.472;0.8;1.0;0.0;0.0;free fare New Year night
50;2025-12-31;21;12.147;0.8;1.0;0.0;0.0;free fare New Year night
50;2025-12-31;22;12.147;0.8;1.0;0.0;0.0;free fare New Year night
50;2025-12-31;23;3.374;0.8;1.0;0.0;0.0;free fare New Year night
