route;date;hour;ratio
1;2025-11-01;0;1.555186803241288
1;2025-11-01;1;1.0
1;2025-11-01;2;1.0
1;2025-11-01;3;1.0
1;2025-11-01;4;1.040834557680899
1;2025-11-01;5;1.034717795164935
1;2025-11-01;6;1.0926316914496732
1;2025-11-01;7;1.0265884161187944
1;2025-11-01;8;1.0295448772848137
1;2025-11-01;9;1.0094061908118044
1;2025-11-01;10;1.0475968880211792
1;2025-11-01;11;1.0488884269022098
1;2025-11-01;12;1.029094600443102
1;2025-11-01;13;1.0355621070026901
1;2025-11-01;14;1.0447219522344795
1;2025-11-01;15;1.0515692109972519
1;2025-11-01;16;1.0265680307412268
1;2025-11-01;17;0.987020131290801
1;2025-11-01;18;1.06509222970287
1;2025-11-01;19;1.0000122619446195
1;2025-11-01;20;1.0554342323731767
1;2025-11-01;21;1.0608710124530516
1;2025-11-01;22;1.3664549421471346
1;2025-11-01;23;1.4095655186661094
1;2025-11-02;0;1.0
1;2025-11-02;1;1.0
1;2025-11-02;2;1.0
1;2025-11-02;3;1.0
1;2025-11-02;4;1.0
1;2025-11-02;5;1.2844400024096854
1;2025-11-02;6;1.1828652305455076
1;2025-11-02;7;1.0421022178902617
1;2025-11-02;8;1.0714483314469714
1;2025-11-02;9;1.0258573246810436
1;2025-11-02;10;1.0741161493724054
1;2025-11-02;11;1.0147853087652856
1;2025-11-02;12;1.0525449421018072
1;2025-11-02;13;1.0685642268456625
1;2025-11-02;14;1.016610337602532
1;2025-11-02;15;1.0319527517743117
1;2025-11-02;16;1.0312398013576511
1;2025-11-02;17;1.0797135566183143
1;2025-11-02;18;1.1361344314556912
1;2025-11-02;19;1.0868039187592873
1;2025-11-02;20;1.097422952659468
1;2025-11-02;21;1.0233248920473474
1;2025-11-02;22;1.1097981337649083
1;2025-11-02;23;1.2317148358942136
1;2025-11-03;0;1.0
1;2025-11-03;1;1.0
1;2025-11-03;2;1.0
1;2025-11-03;3;1.0
1;2025-11-03;4;1.0
1;2025-11-03;5;1.2844400024096854
1;2025-11-03;6;1.1828652305455076
1;2025-11-03;7;1.0421022178902617
1;2025-11-03;8;1.0714483314469714
1;2025-11-03;9;1.0258573246810436
1;2025-11-03;10;1.0741161493724054
1;2025-11-03;11;1.0147853087652856
1;2025-11-03;12;1.0525449421018072
1;2025-11-03;13;1.0685642268456625
1;2025-11-03;14;1.016610337602532
1;2025-11-03;15;1.0319527517743117
1;2025-11-03;16;1.0312398013576511
1;2025-11-03;17;1.0797135566183143
1;2025-11-03;18;1.1361344314556912
1;2025-11-03;19;1.0868039187592873
1;2025-11-03;20;1.097422952659468
1;2025-11-03;21;1.0233248920473474
1;2025-11-03;22;1.1097981337649083
1;2025-11-03;23;1.2317148358942136
1;2025-11-04;0;1.0
1;2025-11-04;1;1.0
1;2025-11-04;2;1.0
1;2025-11-04;3;1.0
1;2025-11-04;4;1.0
1;2025-11-04;5;1.2844400024096854
1;2025-11-04;6;1.1828652305455076
1;2025-11-04;7;1.0421022178902617
1;2025-11-04;8;1.0714483314469714
1;2025-11-04;9;1.0258573246810436
1;2025-11-04;10;1.0741161493724054
1;2025-11-04;11;1.0147853087652856
1;2025-11-04;12;1.0525449421018072
1;2025-11-04;13;1.0685642268456625
1;2025-11-04;14;1.016610337602532
1;2025-11-04;15;1.0319527517743117
1;2025-11-04;16;1.0312398013576511
1;2025-11-04;17;1.0797135566183143
1;2025-11-04;18;1.1361344314556912
1;2025-11-04;19;1.0868039187592873
1;2025-11-04;20;1.097422952659468
1;2025-11-04;21;1.0233248920473474
1;2025-11-04;22;1.1097981337649083
1;2025-11-04;23;1.2317148358942136
1;2025-11-05;0;1.1649846199376463
1;2025-11-05;1;1.0
1;2025-11-05;2;1.0
1;2025-11-05;3;1.0
1;2025-11-05;4;0.9378820423729942
1;2025-11-05;5;1.114725082867575
1;2025-11-05;6;1.1106430152199749
1;2025-11-05;7;1.0486673602591483
1;2025-11-05;8;1.0162471560271111
1;2025-11-05;9;1.0159044144906726
1;2025-11-05;10;1.0144648731854795
1;2025-11-05;11;1.0280174703390963
1;2025-11-05;12;1.0094157765907446
1;2025-11-05;13;0.9986002454368513
1;2025-11-05;14;1.0008986169176457
1;2025-11-05;15;1.0203033847428558
1;2025-11-05;16;1.0218811678211286
1;2025-11-05;17;1.0131358073415102
1;2025-11-05;18;1.0150622460999361
1;2025-11-05;19;1.0487042053122497
1;2025-11-05;20;1.0452243956552318
1;2025-11-05;21;1.065664947223661
1;2025-11-05;22;1.2825843353712985
1;2025-11-05;23;1.215855439756357
1;2025-11-06;0;1.1649846199376463
1;2025-11-06;1;1.0
1;2025-11-06;2;1.0
1;2025-11-06;3;1.0
1;2025-11-06;4;0.9378820423729942
1;2025-11-06;5;1.114725082867575
1;2025-11-06;6;1.1106430152199749
1;2025-11-06;7;1.0486673602591483
1;2025-11-06;8;1.0162471560271111
1;2025-11-06;9;1.0159044144906726
1;2025-11-06;10;1.0144648731854795
1;2025-11-06;11;1.0280174703390963
1;2025-11-06;12;1.0094157765907446
1;2025-11-06;13;0.9986002454368513
1;2025-11-06;14;1.0008986169176457
1;2025-11-06;15;1.0203033847428558
1;2025-11-06;16;1.0218811678211286
1;2025-11-06;17;1.0131358073415102
1;2025-11-06;18;1.0150622460999361
1;2025-11-06;19;1.0487042053122497
1;2025-11-06;20;1.0452243956552318
1;2025-11-06;21;1.065664947223661
1;2025-11-06;22;1.2825843353712985
1;2025-11-06;23;1.215855439756357
1;2025-11-07;0;1.555186803241288
1;2025-11-07;1;1.0
1;2025-11-07;2;1.0
1;2025-11-07;3;1.0
1;2025-11-07;4;1.040834557680899
1;2025-11-07;5;1.034717795164935
1;2025-11-07;6;1.0926316914496732
1;2025-11-07;7;1.0265884161187944
1;2025-11-07;8;1.0295448772848137
1;2025-11-07;9;1.0094061908118044
1;2025-11-07;10;1.0475968880211792
1;2025-11-07;11;1.0488884269022098
1;2025-11-07;12;1.029094600443102
1;2025-11-07;13;1.0355621070026901
1;2025-11-07;14;1.0447219522344795
1;2025-11-07;15;1.0515692109972519
1;2025-11-07;16;1.0265680307412268
1;2025-11-07;17;0.987020131290801
1;2025-11-07;18;1.06509222970287
1;2025-11-07;19;1.0000122619446195
1;2025-11-07;20;1.0554342323731767
1;2025-11-07;21;1.0608710124530516
1;2025-11-07;22;1.3664549421471346
1;2025-11-07;23;1.4095655186661094
1;2025-11-08;0;1.412518437920315
1;2025-11-08;1;1.0
1;2025-11-08;2;1.0
1;2025-11-08;3;1.0
1;2025-11-08;4;0.70310872205634
1;2025-11-08;5;1.0583397168849258
1;2025-11-08;6;1.0773278127548012
1;2025-11-08;7;0.9662662178098718
1;2025-11-08;8;0.938064036005628
1;2025-11-08;9;0.9654064545982424
1;2025-11-08;10;0.9297544913217124
1;2025-11-08;11;0.893459124887612
1;2025-11-08;12;0.9124851564552775
1;2025-11-08;13;0.8922291751745404
1;2025-11-08;14;0.9040051854508085
1;2025-11-08;15;0.9023018030966715
1;2025-11-08;16;0.9629635322325669
1;2025-11-08;17;0.9498380063107354
1;2025-11-08;18;0.978007624494341
1;2025-11-08;19;1.0170187222510205
1;2025-11-08;20;0.9870424621891668
1;2025-11-08;21;1.007224730529667
1;2025-11-08;22;1.1698178124186598
1;2025-11-08;23;1.4125184379203153
1;2025-11-09;0;1.0
1;2025-11-09;1;1.0
1;2025-11-09;2;1.0
1;2025-11-09;3;1.0
1;2025-11-09;4;1.0
1;2025-11-09;5;1.2844400024096854
1;2025-11-09;6;1.1828652305455076
1;2025-11-09;7;1.0421022178902617
1;2025-11-09;8;1.0714483314469714
1;2025-11-09;9;1.0258573246810436
1;2025-11-09;10;1.0741161493724054
1;2025-11-09;11;1.0147853087652856
1;2025-11-09;12;1.0525449421018072
1;2025-11-09;13;1.0685642268456625
1;2025-11-09;14;1.016610337602532
1;2025-11-09;15;1.0319527517743117
1;2025-11-09;16;1.0312398013576511
1;2025-11-09;17;1.0797135566183143
1;2025-11-09;18;1.1361344314556912
1;2025-11-09;19;1.0868039187592873
1;2025-11-09;20;1.097422952659468
1;2025-11-09;21;1.0233248920473474
1;2025-11-09;22;1.1097981337649083
1;2025-11-09;23;1.2317148358942136
1;2025-11-10;0;1.1649846199376463
1;2025-11-10;1;1.0
1;2025-11-10;2;1.0
1;2025-11-10;3;1.0
1;2025-11-10;4;0.9378820423729942
1;2025-11-10;5;1.114725082867575
1;2025-11-10;6;1.1106430152199749
1;2025-11-10;7;1.0486673602591483
1;2025-11-10;8;1.0162471560271111
1;2025-11-10;9;1.0159044144906726
1;2025-11-10;10;1.0144648731854795
1;2025-11-10;11;1.0280174703390963
1;2025-11-10;12;1.0094157765907446
1;2025-11-10;13;0.9986002454368513
1;2025-11-10;14;1.0008986169176457
1;2025-11-10;15;1.0203033847428558
1;2025-11-10;16;1.0218811678211286
1;2025-11-10;17;1.0131358073415102
1;2025-11-10;18;1.0150622460999361
1;2025-11-10;19;1.0487042053122497
1;2025-11-10;20;1.0452243956552318
1;2025-11-10;21;1.065664947223661
1;2025-11-10;22;1.2825843353712985
1;2025-11-10;23;1.215855439756357
1;2025-11-11;0;1.1649846199376463
1;2025-11-11;1;1.0
1;2025-11-11;2;1.0
1;2025-11-11;3;1.0
1;2025-11-11;4;0.9378820423729942
1;2025-11-11;5;1.114725082867575
1;2025-11-11;6;1.1106430152199749
1;2025-11-11;7;1.0486673602591483
1;2025-11-11;8;1.0162471560271111
1;2025-11-11;9;1.0159044144906726
1;2025-11-11;10;1.0144648731854795
1;2025-11-11;11;1.0280174703390963
1;2025-11-11;12;1.0094157765907446
1;2025-11-11;13;0.9986002454368513
1;2025-11-11;14;1.0008986169176457
1;2025-11-11;15;1.0203033847428558
1;2025-11-11;16;1.0218811678211286
1;2025-11-11;17;1.0131358073415102
1;2025-11-11;18;1.0150622460999361
1;2025-11-11;19;1.0487042053122497
1;2025-11-11;20;1.0452243956552318
1;2025-11-11;21;1.065664947223661
1;2025-11-11;22;1.2825843353712985
1;2025-11-11;23;1.215855439756357
1;2025-11-12;0;1.1649846199376463
1;2025-11-12;1;1.0
1;2025-11-12;2;1.0
1;2025-11-12;3;1.0
1;2025-11-12;4;0.9378820423729942
1;2025-11-12;5;1.114725082867575
1;2025-11-12;6;1.1106430152199749
1;2025-11-12;7;1.0486673602591483
1;2025-11-12;8;1.0162471560271111
1;2025-11-12;9;1.0159044144906726
1;2025-11-12;10;1.0144648731854795
1;2025-11-12;11;1.0280174703390963
1;2025-11-12;12;1.0094157765907446
1;2025-11-12;13;0.9986002454368513
1;2025-11-12;14;1.0008986169176457
1;2025-11-12;15;1.0203033847428558
1;2025-11-12;16;1.0218811678211286
1;2025-11-12;17;1.0131358073415102
1;2025-11-12;18;1.0150622460999361
1;2025-11-12;19;1.0487042053122497
1;2025-11-12;20;1.0452243956552318
1;2025-11-12;21;1.065664947223661
1;2025-11-12;22;1.2825843353712985
1;2025-11-12;23;1.215855439756357
1;2025-11-13;0;1.1649846199376463
1;2025-11-13;1;1.0
1;2025-11-13;2;1.0
1;2025-11-13;3;1.0
1;2025-11-13;4;0.9378820423729942
1;2025-11-13;5;1.114725082867575
1;2025-11-13;6;1.1106430152199749
1;2025-11-13;7;1.0486673602591483
1;2025-11-13;8;1.0162471560271111
1;2025-11-13;9;1.0159044144906726
1;2025-11-13;10;1.0144648731854795
1;2025-11-13;11;1.0280174703390963
1;2025-11-13;12;1.0094157765907446
1;2025-11-13;13;0.9986002454368513
1;2025-11-13;14;1.0008986169176457
1;2025-11-13;15;1.0203033847428558
1;2025-11-13;16;1.0218811678211286
1;2025-11-13;17;1.0131358073415102
1;2025-11-13;18;1.0150622460999361
1;2025-11-13;19;1.0487042053122497
1;2025-11-13;20;1.0452243956552318
1;2025-11-13;21;1.065664947223661
1;2025-11-13;22;1.2825843353712985
1;2025-11-13;23;1.215855439756357
1;2025-11-14;0;1.555186803241288
1;2025-11-14;1;1.0
1;2025-11-14;2;1.0
1;2025-11-14;3;1.0
1;2025-11-14;4;1.040834557680899
1;2025-11-14;5;1.034717795164935
1;2025-11-14;6;1.0926316914496732
1;2025-11-14;7;1.0265884161187944
1;2025-11-14;8;1.0295448772848137
1;2025-11-14;9;1.0094061908118044
1;2025-11-14;10;1.0475968880211792
1;2025-11-14;11;1.0488884269022098
1;2025-11-14;12;1.029094600443102
1;2025-11-14;13;1.0355621070026901
1;2025-11-14;14;1.0447219522344795
1;2025-11-14;15;1.0515692109972519
1;2025-11-14;16;1.0265680307412268
1;2025-11-14;17;0.987020131290801
1;2025-11-14;18;1.06509222970287
1;2025-11-14;19;1.0000122619446195
1;2025-11-14;20;1.0554342323731767
1;2025-11-14;21;1.0608710124530516
1;2025-11-14;22;1.3664549421471346
1;2025-11-14;23;1.4095655186661094
1;2025-11-15;0;1.412518437920315
1;2025-11-15;1;1.0
1;2025-11-15;2;1.0
1;2025-11-15;3;1.0
1;2025-11-15;4;0.70310872205634
1;2025-11-15;5;1.0583397168849258
1;2025-11-15;6;1.0773278127548012
1;2025-11-15;7;0.9662662178098718
1;2025-11-15;8;0.938064036005628
1;2025-11-15;9;0.9654064545982424
1;2025-11-15;10;0.9297544913217124
1;2025-11-15;11;0.893459124887612
1;2025-11-15;12;0.9124851564552775
1;2025-11-15;13;0.8922291751745404
1;2025-11-15;14;0.9040051854508085
1;2025-11-15;15;0.9023018030966715
1;2025-11-15;16;0.9629635322325669
1;2025-11-15;17;0.9498380063107354
1;2025-11-15;18;0.978007624494341
1;2025-11-15;19;1.0170187222510205
1;2025-11-15;20;0.9870424621891668
1;2025-11-15;21;1.007224730529667
1;2025-11-15;22;1.1698178124186598
1;2025-11-15;23;1.4125184379203153
1;2025-11-16;0;1.0
1;2025-11-16;1;1.0
1;2025-11-16;2;1.0
1;2025-11-16;3;1.0
1;2025-11-16;4;1.0
1;2025-11-16;5;1.2844400024096854
1;2025-11-16;6;1.1828652305455076
1;2025-11-16;7;1.0421022178902617
1;2025-11-16;8;1.0714483314469714
1;2025-11-16;9;1.0258573246810436
1;2025-11-16;10;1.0741161493724054
1;2025-11-16;11;1.0147853087652856
1;2025-11-16;12;1.0525449421018072
1;2025-11-16;13;1.0685642268456625
1;2025-11-16;14;1.016610337602532
1;2025-11-16;15;1.0319527517743117
1;2025-11-16;16;1.0312398013576511
1;2025-11-16;17;1.0797135566183143
1;2025-11-16;18;1.1361344314556912
1;2025-11-16;19;1.0868039187592873
1;2025-11-16;20;1.097422952659468
1;2025-11-16;21;1.0233248920473474
1;2025-11-16;22;1.1097981337649083
1;2025-11-16;23;1.2317148358942136
1;2025-11-17;0;1.1649846199376463
1;2025-11-17;1;1.0
1;2025-11-17;2;1.0
1;2025-11-17;3;1.0
1;2025-11-17;4;0.9378820423729942
1;2025-11-17;5;1.114725082867575
1;2025-11-17;6;1.1106430152199749
1;2025-11-17;7;1.0486673602591483
1;2025-11-17;8;1.0162471560271111
1;2025-11-17;9;1.0159044144906726
1;2025-11-17;10;1.0144648731854795
1;2025-11-17;11;1.0280174703390963
1;2025-11-17;12;1.0094157765907446
1;2025-11-17;13;0.9986002454368513
1;2025-11-17;14;1.0008986169176457
1;2025-11-17;15;1.0203033847428558
1;2025-11-17;16;1.0218811678211286
1;2025-11-17;17;1.0131358073415102
1;2025-11-17;18;1.0150622460999361
1;2025-11-17;19;1.0487042053122497
1;2025-11-17;20;1.0452243956552318
1;2025-11-17;21;1.065664947223661
1;2025-11-17;22;1.2825843353712985
1;2025-11-17;23;1.215855439756357
1;2025-11-18;0;1.1649846199376463
1;2025-11-18;1;1.0
1;2025-11-18;2;1.0
1;2025-11-18;3;1.0
1;2025-11-18;4;0.9378820423729942
1;2025-11-18;5;1.114725082867575
1;2025-11-18;6;1.1106430152199749
1;2025-11-18;7;1.0486673602591483
1;2025-11-18;8;1.0162471560271111
1;2025-11-18;9;1.0159044144906726
1;2025-11-18;10;1.0144648731854795
1;2025-11-18;11;1.0280174703390963
1;2025-11-18;12;1.0094157765907446
1;2025-11-18;13;0.9986002454368513
1;2025-11-18;14;1.0008986169176457
1;2025-11-18;15;1.0203033847428558
1;2025-11-18;16;1.0218811678211286
1;2025-11-18;17;1.0131358073415102
1;2025-11-18;18;1.0150622460999361
1;2025-11-18;19;1.0487042053122497
1;2025-11-18;20;1.0452243956552318
1;2025-11-18;21;1.065664947223661
1;2025-11-18;22;1.2825843353712985
1;2025-11-18;23;1.215855439756357
1;2025-11-19;0;1.1649846199376463
1;2025-11-19;1;1.0
1;2025-11-19;2;1.0
1;2025-11-19;3;1.0
1;2025-11-19;4;0.9378820423729942
1;2025-11-19;5;1.114725082867575
1;2025-11-19;6;1.1106430152199749
1;2025-11-19;7;1.0486673602591483
1;2025-11-19;8;1.0162471560271111
1;2025-11-19;9;1.0159044144906726
1;2025-11-19;10;1.0144648731854795
1;2025-11-19;11;1.0280174703390963
1;2025-11-19;12;1.0094157765907446
1;2025-11-19;13;0.9986002454368513
1;2025-11-19;14;1.0008986169176457
1;2025-11-19;15;1.0203033847428558
1;2025-11-19;16;1.0218811678211286
1;2025-11-19;17;1.0131358073415102
1;2025-11-19;18;1.0150622460999361
1;2025-11-19;19;1.0487042053122497
1;2025-11-19;20;1.0452243956552318
1;2025-11-19;21;1.065664947223661
1;2025-11-19;22;1.2825843353712985
1;2025-11-19;23;1.215855439756357
1;2025-11-20;0;1.1649846199376463
1;2025-11-20;1;1.0
1;2025-11-20;2;1.0
1;2025-11-20;3;1.0
1;2025-11-20;4;0.9378820423729942
1;2025-11-20;5;1.114725082867575
1;2025-11-20;6;1.1106430152199749
1;2025-11-20;7;1.0486673602591483
1;2025-11-20;8;1.0162471560271111
1;2025-11-20;9;1.0159044144906726
1;2025-11-20;10;1.0144648731854795
1;2025-11-20;11;1.0280174703390963
1;2025-11-20;12;1.0094157765907446
1;2025-11-20;13;0.9986002454368513
1;2025-11-20;14;1.0008986169176457
1;2025-11-20;15;1.0203033847428558
1;2025-11-20;16;1.0218811678211286
1;2025-11-20;17;1.0131358073415102
1;2025-11-20;18;1.0150622460999361
1;2025-11-20;19;1.0487042053122497
1;2025-11-20;20;1.0452243956552318
1;2025-11-20;21;1.065664947223661
1;2025-11-20;22;1.2825843353712985
1;2025-11-20;23;1.215855439756357
1;2025-11-21;0;1.555186803241288
1;2025-11-21;1;1.0
1;2025-11-21;2;1.0
1;2025-11-21;3;1.0
1;2025-11-21;4;1.040834557680899
1;2025-11-21;5;1.034717795164935
1;2025-11-21;6;1.0926316914496732
1;2025-11-21;7;1.0265884161187944
1;2025-11-21;8;1.0295448772848137
1;2025-11-21;9;1.0094061908118044
1;2025-11-21;10;1.0475968880211792
1;2025-11-21;11;1.0488884269022098
1;2025-11-21;12;1.029094600443102
1;2025-11-21;13;1.0355621070026901
1;2025-11-21;14;1.0447219522344795
1;2025-11-21;15;1.0515692109972519
1;2025-11-21;16;1.0265680307412268
1;2025-11-21;17;0.987020131290801
1;2025-11-21;18;1.06509222970287
1;2025-11-21;19;1.0000122619446195
1;2025-11-21;20;1.0554342323731767
1;2025-11-21;21;1.0608710124530516
1;2025-11-21;22;1.3664549421471346
1;2025-11-21;23;1.4095655186661094
1;2025-11-22;0;1.412518437920315
1;2025-11-22;1;1.0
1;2025-11-22;2;1.0
1;2025-11-22;3;1.0
1;2025-11-22;4;0.70310872205634
1;2025-11-22;5;1.0583397168849258
1;2025-11-22;6;1.0773278127548012
1;2025-11-22;7;0.9662662178098718
1;2025-11-22;8;0.938064036005628
1;2025-11-22;9;0.9654064545982424
1;2025-11-22;10;0.9297544913217124
1;2025-11-22;11;0.893459124887612
1;2025-11-22;12;0.9124851564552775
1;2025-11-22;13;0.8922291751745404
1;2025-11-22;14;0.9040051854508085
1;2025-11-22;15;0.9023018030966715
1;2025-11-22;16;0.9629635322325669
1;2025-11-22;17;0.9498380063107354
1;2025-11-22;18;0.978007624494341
1;2025-11-22;19;1.0170187222510205
1;2025-11-22;20;0.9870424621891668
1;2025-11-22;21;1.007224730529667
1;2025-11-22;22;1.1698178124186598
1;2025-11-22;23;1.4125184379203153
1;2025-11-23;0;1.0
1;2025-11-23;1;1.0
1;2025-11-23;2;1.0
1;2025-11-23;3;1.0
1;2025-11-23;4;1.0
1;2025-11-23;5;1.2844400024096854
1;2025-11-23;6;1.1828652305455076
1;2025-11-23;7;1.0421022178902617
1;2025-11-23;8;1.0714483314469714
1;2025-11-23;9;1.0258573246810436
1;2025-11-23;10;1.0741161493724054
1;2025-11-23;11;1.0147853087652856
1;2025-11-23;12;1.0525449421018072
1;2025-11-23;13;1.0685642268456625
1;2025-11-23;14;1.016610337602532
1;2025-11-23;15;1.0319527517743117
1;2025-11-23;16;1.0312398013576511
1;2025-11-23;17;1.0797135566183143
1;2025-11-23;18;1.1361344314556912
1;2025-11-23;19;1.0868039187592873
1;2025-11-23;20;1.097422952659468
1;2025-11-23;21;1.0233248920473474
1;2025-11-23;22;1.1097981337649083
1;2025-11-23;23;1.2317148358942136
1;2025-11-24;0;1.1649846199376463
1;2025-11-24;1;1.0
1;2025-11-24;2;1.0
1;2025-11-24;3;1.0
1;2025-11-24;4;0.9378820423729942
1;2025-11-24;5;1.114725082867575
1;2025-11-24;6;1.1106430152199749
1;2025-11-24;7;1.0486673602591483
1;2025-11-24;8;1.0162471560271111
1;2025-11-24;9;1.0159044144906726
1;2025-11-24;10;1.0144648731854795
1;2025-11-24;11;1.0280174703390963
1;2025-11-24;12;1.0094157765907446
1;2025-11-24;13;0.9986002454368513
1;2025-11-24;14;1.0008986169176457
1;2025-11-24;15;1.0203033847428558
1;2025-11-24;16;1.0218811678211286
1;2025-11-24;17;1.0131358073415102
1;2025-11-24;18;1.0150622460999361
1;2025-11-24;19;1.0487042053122497
1;2025-11-24;20;1.0452243956552318
1;2025-11-24;21;1.065664947223661
1;2025-11-24;22;1.2825843353712985
1;2025-11-24;23;1.215855439756357
1;2025-11-25;0;1.1649846199376463
1;2025-11-25;1;1.0
1;2025-11-25;2;1.0
1;2025-11-25;3;1.0
1;2025-11-25;4;0.9378820423729942
1;2025-11-25;5;1.114725082867575
1;2025-11-25;6;1.1106430152199749
1;2025-11-25;7;1.0486673602591483
1;2025-11-25;8;1.0162471560271111
1;2025-11-25;9;1.0159044144906726
1;2025-11-25;10;1.0144648731854795
1;2025-11-25;11;1.0280174703390963
1;2025-11-25;12;1.0094157765907446
1;2025-11-25;13;0.9986002454368513
1;2025-11-25;14;1.0008986169176457
1;2025-11-25;15;1.0203033847428558
1;2025-11-25;16;1.0218811678211286
1;2025-11-25;17;1.0131358073415102
1;2025-11-25;18;1.0150622460999361
1;2025-11-25;19;1.0487042053122497
1;2025-11-25;20;1.0452243956552318
1;2025-11-25;21;1.065664947223661
1;2025-11-25;22;1.2825843353712985
1;2025-11-25;23;1.215855439756357
1;2025-11-26;0;1.1649846199376463
1;2025-11-26;1;1.0
1;2025-11-26;2;1.0
1;2025-11-26;3;1.0
1;2025-11-26;4;0.9378820423729942
1;2025-11-26;5;1.114725082867575
1;2025-11-26;6;1.1106430152199749
1;2025-11-26;7;1.0486673602591483
1;2025-11-26;8;1.0162471560271111
1;2025-11-26;9;1.0159044144906726
1;2025-11-26;10;1.0144648731854795
1;2025-11-26;11;1.0280174703390963
1;2025-11-26;12;1.0094157765907446
1;2025-11-26;13;0.9986002454368513
1;2025-11-26;14;1.0008986169176457
1;2025-11-26;15;1.0203033847428558
1;2025-11-26;16;1.0218811678211286
1;2025-11-26;17;1.0131358073415102
1;2025-11-26;18;1.0150622460999361
1;2025-11-26;19;1.0487042053122497
1;2025-11-26;20;1.0452243956552318
1;2025-11-26;21;1.065664947223661
1;2025-11-26;22;1.2825843353712985
1;2025-11-26;23;1.215855439756357
1;2025-11-27;0;1.1649846199376463
1;2025-11-27;1;1.0
1;2025-11-27;2;1.0
1;2025-11-27;3;1.0
1;2025-11-27;4;0.9378820423729942
1;2025-11-27;5;1.114725082867575
1;2025-11-27;6;1.1106430152199749
1;2025-11-27;7;1.0486673602591483
1;2025-11-27;8;1.0162471560271111
1;2025-11-27;9;1.0159044144906726
1;2025-11-27;10;1.0144648731854795
1;2025-11-27;11;1.0280174703390963
1;2025-11-27;12;1.0094157765907446
1;2025-11-27;13;0.9986002454368513
1;2025-11-27;14;1.0008986169176457
1;2025-11-27;15;1.0203033847428558
1;2025-11-27;16;1.0218811678211286
1;2025-11-27;17;1.0131358073415102
1;2025-11-27;18;1.0150622460999361
1;2025-11-27;19;1.0487042053122497
1;2025-11-27;20;1.0452243956552318
1;2025-11-27;21;1.065664947223661
1;2025-11-27;22;1.2825843353712985
1;2025-11-27;23;1.215855439756357
1;2025-11-28;0;1.555186803241288
1;2025-11-28;1;1.0
1;2025-11-28;2;1.0
1;2025-11-28;3;1.0
1;2025-11-28;4;1.040834557680899
1;2025-11-28;5;1.034717795164935
1;2025-11-28;6;1.0926316914496732
1;2025-11-28;7;1.0265884161187944
1;2025-11-28;8;1.0295448772848137
1;2025-11-28;9;1.0094061908118044
1;2025-11-28;10;1.0475968880211792
1;2025-11-28;11;1.0488884269022098
1;2025-11-28;12;1.029094600443102
1;2025-11-28;13;1.0355621070026901
1;2025-11-28;14;1.0447219522344795
1;2025-11-28;15;1.0515692109972519
1;2025-11-28;16;1.0265680307412268
1;2025-11-28;17;0.987020131290801
1;2025-11-28;18;1.06509222970287
1;2025-11-28;19;1.0000122619446195
1;2025-11-28;20;1.0554342323731767
1;2025-11-28;21;1.0608710124530516
1;2025-11-28;22;1.3664549421471346
1;2025-11-28;23;1.4095655186661094
1;2025-11-29;0;1.412518437920315
1;2025-11-29;1;1.0
1;2025-11-29;2;1.0
1;2025-11-29;3;1.0
1;2025-11-29;4;0.70310872205634
1;2025-11-29;5;1.0583397168849258
1;2025-11-29;6;1.0773278127548012
1;2025-11-29;7;0.9662662178098718
1;2025-11-29;8;0.938064036005628
1;2025-11-29;9;0.9654064545982424
1;2025-11-29;10;0.9297544913217124
1;2025-11-29;11;0.893459124887612
1;2025-11-29;12;0.9124851564552775
1;2025-11-29;13;0.8922291751745404
1;2025-11-29;14;0.9040051854508085
1;2025-11-29;15;0.9023018030966715
1;2025-11-29;16;0.9629635322325669
1;2025-11-29;17;0.9498380063107354
1;2025-11-29;18;0.978007624494341
1;2025-11-29;19;1.0170187222510205
1;2025-11-29;20;0.9870424621891668
1;2025-11-29;21;1.007224730529667
1;2025-11-29;22;1.1698178124186598
1;2025-11-29;23;1.4125184379203153
1;2025-11-30;0;1.0
1;2025-11-30;1;1.0
1;2025-11-30;2;1.0
1;2025-11-30;3;1.0
1;2025-11-30;4;1.0
1;2025-11-30;5;1.2844400024096854
1;2025-11-30;6;1.1828652305455076
1;2025-11-30;7;1.0421022178902617
1;2025-11-30;8;1.0714483314469714
1;2025-11-30;9;1.0258573246810436
1;2025-11-30;10;1.0741161493724054
1;2025-11-30;11;1.0147853087652856
1;2025-11-30;12;1.0525449421018072
1;2025-11-30;13;1.0685642268456625
1;2025-11-30;14;1.016610337602532
1;2025-11-30;15;1.0319527517743117
1;2025-11-30;16;1.0312398013576511
1;2025-11-30;17;1.0797135566183143
1;2025-11-30;18;1.1361344314556912
1;2025-11-30;19;1.0868039187592873
1;2025-11-30;20;1.097422952659468
1;2025-11-30;21;1.0233248920473474
1;2025-11-30;22;1.1097981337649083
1;2025-11-30;23;1.2317148358942136
1;2025-12-01;0;1.1649846199376463
1;2025-12-01;1;1.0
1;2025-12-01;2;1.0
1;2025-12-01;3;1.0
1;2025-12-01;4;0.9378820423729942
1;2025-12-01;5;1.114725082867575
1;2025-12-01;6;1.1106430152199749
1;2025-12-01;7;1.0486673602591483
1;2025-12-01;8;1.0162471560271111
1;2025-12-01;9;1.0159044144906726
1;2025-12-01;10;1.0144648731854795
1;2025-12-01;11;1.0280174703390963
1;2025-12-01;12;1.0094157765907446
1;2025-12-01;13;0.9986002454368513
1;2025-12-01;14;1.0008986169176457
1;2025-12-01;15;1.0203033847428558
1;2025-12-01;16;1.0218811678211286
1;2025-12-01;17;1.0131358073415102
1;2025-12-01;18;1.0150622460999361
1;2025-12-01;19;1.0487042053122497
1;2025-12-01;20;1.0452243956552318
1;2025-12-01;21;1.065664947223661
1;2025-12-01;22;1.2825843353712985
1;2025-12-01;23;1.215855439756357
1;2025-12-02;0;1.1649846199376463
1;2025-12-02;1;1.0
1;2025-12-02;2;1.0
1;2025-12-02;3;1.0
1;2025-12-02;4;0.9378820423729942
1;2025-12-02;5;1.114725082867575
1;2025-12-02;6;1.1106430152199749
1;2025-12-02;7;1.0486673602591483
1;2025-12-02;8;1.0162471560271111
1;2025-12-02;9;1.0159044144906726
1;2025-12-02;10;1.0144648731854795
1;2025-12-02;11;1.0280174703390963
1;2025-12-02;12;1.0094157765907446
1;2025-12-02;13;0.9986002454368513
1;2025-12-02;14;1.0008986169176457
1;2025-12-02;15;1.0203033847428558
1;2025-12-02;16;1.0218811678211286
1;2025-12-02;17;1.0131358073415102
1;2025-12-02;18;1.0150622460999361
1;2025-12-02;19;1.0487042053122497
1;2025-12-02;20;1.0452243956552318
1;2025-12-02;21;1.065664947223661
1;2025-12-02;22;1.2825843353712985
1;2025-12-02;23;1.215855439756357
1;2025-12-03;0;1.1649846199376463
1;2025-12-03;1;1.0
1;2025-12-03;2;1.0
1;2025-12-03;3;1.0
1;2025-12-03;4;0.9378820423729942
1;2025-12-03;5;1.114725082867575
1;2025-12-03;6;1.1106430152199749
1;2025-12-03;7;1.0486673602591483
1;2025-12-03;8;1.0162471560271111
1;2025-12-03;9;1.0159044144906726
1;2025-12-03;10;1.0144648731854795
1;2025-12-03;11;1.0280174703390963
1;2025-12-03;12;1.0094157765907446
1;2025-12-03;13;0.9986002454368513
1;2025-12-03;14;1.0008986169176457
1;2025-12-03;15;1.0203033847428558
1;2025-12-03;16;1.0218811678211286
1;2025-12-03;17;1.0131358073415102
1;2025-12-03;18;1.0150622460999361
1;2025-12-03;19;1.0487042053122497
1;2025-12-03;20;1.0452243956552318
1;2025-12-03;21;1.065664947223661
1;2025-12-03;22;1.2825843353712985
1;2025-12-03;23;1.215855439756357
1;2025-12-04;0;1.1649846199376463
1;2025-12-04;1;1.0
1;2025-12-04;2;1.0
1;2025-12-04;3;1.0
1;2025-12-04;4;0.9378820423729942
1;2025-12-04;5;1.114725082867575
1;2025-12-04;6;1.1106430152199749
1;2025-12-04;7;1.0486673602591483
1;2025-12-04;8;1.0162471560271111
1;2025-12-04;9;1.0159044144906726
1;2025-12-04;10;1.0144648731854795
1;2025-12-04;11;1.0280174703390963
1;2025-12-04;12;1.0094157765907446
1;2025-12-04;13;0.9986002454368513
1;2025-12-04;14;1.0008986169176457
1;2025-12-04;15;1.0203033847428558
1;2025-12-04;16;1.0218811678211286
1;2025-12-04;17;1.0131358073415102
1;2025-12-04;18;1.0150622460999361
1;2025-12-04;19;1.0487042053122497
1;2025-12-04;20;1.0452243956552318
1;2025-12-04;21;1.065664947223661
1;2025-12-04;22;1.2825843353712985
1;2025-12-04;23;1.215855439756357
1;2025-12-05;0;1.555186803241288
1;2025-12-05;1;1.0
1;2025-12-05;2;1.0
1;2025-12-05;3;1.0
1;2025-12-05;4;1.040834557680899
1;2025-12-05;5;1.034717795164935
1;2025-12-05;6;1.0926316914496732
1;2025-12-05;7;1.0265884161187944
1;2025-12-05;8;1.0295448772848137
1;2025-12-05;9;1.0094061908118044
1;2025-12-05;10;1.0475968880211792
1;2025-12-05;11;1.0488884269022098
1;2025-12-05;12;1.029094600443102
1;2025-12-05;13;1.0355621070026901
1;2025-12-05;14;1.0447219522344795
1;2025-12-05;15;1.0515692109972519
1;2025-12-05;16;1.0265680307412268
1;2025-12-05;17;0.987020131290801
1;2025-12-05;18;1.06509222970287
1;2025-12-05;19;1.0000122619446195
1;2025-12-05;20;1.0554342323731767
1;2025-12-05;21;1.0608710124530516
1;2025-12-05;22;1.3664549421471346
1;2025-12-05;23;1.4095655186661094
1;2025-12-06;0;1.412518437920315
1;2025-12-06;1;1.0
1;2025-12-06;2;1.0
1;2025-12-06;3;1.0
1;2025-12-06;4;0.70310872205634
1;2025-12-06;5;1.0583397168849258
1;2025-12-06;6;1.0773278127548012
1;2025-12-06;7;0.9662662178098718
1;2025-12-06;8;0.938064036005628
1;2025-12-06;9;0.9654064545982424
1;2025-12-06;10;0.9297544913217124
1;2025-12-06;11;0.893459124887612
1;2025-12-06;12;0.9124851564552775
1;2025-12-06;13;0.8922291751745404
1;2025-12-06;14;0.9040051854508085
1;2025-12-06;15;0.9023018030966715
1;2025-12-06;16;0.9629635322325669
1;2025-12-06;17;0.9498380063107354
1;2025-12-06;18;0.978007624494341
1;2025-12-06;19;1.0170187222510205
1;2025-12-06;20;0.9870424621891668
1;2025-12-06;21;1.007224730529667
1;2025-12-06;22;1.1698178124186598
1;2025-12-06;23;1.4125184379203153
1;2025-12-07;0;1.0
1;2025-12-07;1;1.0
1;2025-12-07;2;1.0
1;2025-12-07;3;1.0
1;2025-12-07;4;1.0
1;2025-12-07;5;1.2844400024096854
1;2025-12-07;6;1.1828652305455076
1;2025-12-07;7;1.0421022178902617
1;2025-12-07;8;1.0714483314469714
1;2025-12-07;9;1.0258573246810436
1;2025-12-07;10;1.0741161493724054
1;2025-12-07;11;1.0147853087652856
1;2025-12-07;12;1.0525449421018072
1;2025-12-07;13;1.0685642268456625
1;2025-12-07;14;1.016610337602532
1;2025-12-07;15;1.0319527517743117
1;2025-12-07;16;1.0312398013576511
1;2025-12-07;17;1.0797135566183143
1;2025-12-07;18;1.1361344314556912
1;2025-12-07;19;1.0868039187592873
1;2025-12-07;20;1.097422952659468
1;2025-12-07;21;1.0233248920473474
1;2025-12-07;22;1.1097981337649083
1;2025-12-07;23;1.2317148358942136
1;2025-12-08;0;1.1649846199376463
1;2025-12-08;1;1.0
1;2025-12-08;2;1.0
1;2025-12-08;3;1.0
1;2025-12-08;4;0.9378820423729942
1;2025-12-08;5;1.114725082867575
1;2025-12-08;6;1.1106430152199749
1;2025-12-08;7;1.0486673602591483
1;2025-12-08;8;1.0162471560271111
1;2025-12-08;9;1.0159044144906726
1;2025-12-08;10;1.0144648731854795
1;2025-12-08;11;1.0280174703390963
1;2025-12-08;12;1.0094157765907446
1;2025-12-08;13;0.9986002454368513
1;2025-12-08;14;1.0008986169176457
1;2025-12-08;15;1.0203033847428558
1;2025-12-08;16;1.0218811678211286
1;2025-12-08;17;1.0131358073415102
1;2025-12-08;18;1.0150622460999361
1;2025-12-08;19;1.0487042053122497
1;2025-12-08;20;1.0452243956552318
1;2025-12-08;21;1.065664947223661
1;2025-12-08;22;1.2825843353712985
1;2025-12-08;23;1.215855439756357
1;2025-12-09;0;1.1649846199376463
1;2025-12-09;1;1.0
1;2025-12-09;2;1.0
1;2025-12-09;3;1.0
1;2025-12-09;4;0.9378820423729942
1;2025-12-09;5;1.114725082867575
1;2025-12-09;6;1.1106430152199749
1;2025-12-09;7;1.0486673602591483
1;2025-12-09;8;1.0162471560271111
1;2025-12-09;9;1.0159044144906726
1;2025-12-09;10;1.0144648731854795
1;2025-12-09;11;1.0280174703390963
1;2025-12-09;12;1.0094157765907446
1;2025-12-09;13;0.9986002454368513
1;2025-12-09;14;1.0008986169176457
1;2025-12-09;15;1.0203033847428558
1;2025-12-09;16;1.0218811678211286
1;2025-12-09;17;1.0131358073415102
1;2025-12-09;18;1.0150622460999361
1;2025-12-09;19;1.0487042053122497
1;2025-12-09;20;1.0452243956552318
1;2025-12-09;21;1.065664947223661
1;2025-12-09;22;1.2825843353712985
1;2025-12-09;23;1.215855439756357
1;2025-12-10;0;1.1649846199376463
1;2025-12-10;1;1.0
1;2025-12-10;2;1.0
1;2025-12-10;3;1.0
1;2025-12-10;4;0.9378820423729942
1;2025-12-10;5;1.114725082867575
1;2025-12-10;6;1.1106430152199749
1;2025-12-10;7;1.0486673602591483
1;2025-12-10;8;1.0162471560271111
1;2025-12-10;9;1.0159044144906726
1;2025-12-10;10;1.0144648731854795
1;2025-12-10;11;1.0280174703390963
1;2025-12-10;12;1.0094157765907446
1;2025-12-10;13;0.9986002454368513
1;2025-12-10;14;1.0008986169176457
1;2025-12-10;15;1.0203033847428558
1;2025-12-10;16;1.0218811678211286
1;2025-12-10;17;1.0131358073415102
1;2025-12-10;18;1.0150622460999361
1;2025-12-10;19;1.0487042053122497
1;2025-12-10;20;1.0452243956552318
1;2025-12-10;21;1.065664947223661
1;2025-12-10;22;1.2825843353712985
1;2025-12-10;23;1.215855439756357
1;2025-12-11;0;1.1649846199376463
1;2025-12-11;1;1.0
1;2025-12-11;2;1.0
1;2025-12-11;3;1.0
1;2025-12-11;4;0.9378820423729942
1;2025-12-11;5;1.114725082867575
1;2025-12-11;6;1.1106430152199749
1;2025-12-11;7;1.0486673602591483
1;2025-12-11;8;1.0162471560271111
1;2025-12-11;9;1.0159044144906726
1;2025-12-11;10;1.0144648731854795
1;2025-12-11;11;1.0280174703390963
1;2025-12-11;12;1.0094157765907446
1;2025-12-11;13;0.9986002454368513
1;2025-12-11;14;1.0008986169176457
1;2025-12-11;15;1.0203033847428558
1;2025-12-11;16;1.0218811678211286
1;2025-12-11;17;1.0131358073415102
1;2025-12-11;18;1.0150622460999361
1;2025-12-11;19;1.0487042053122497
1;2025-12-11;20;1.0452243956552318
1;2025-12-11;21;1.065664947223661
1;2025-12-11;22;1.2825843353712985
1;2025-12-11;23;1.215855439756357
1;2025-12-12;0;1.555186803241288
1;2025-12-12;1;1.0
1;2025-12-12;2;1.0
1;2025-12-12;3;1.0
1;2025-12-12;4;1.040834557680899
1;2025-12-12;5;1.034717795164935
1;2025-12-12;6;1.0926316914496732
1;2025-12-12;7;1.0265884161187944
1;2025-12-12;8;1.0295448772848137
1;2025-12-12;9;1.0094061908118044
1;2025-12-12;10;1.0475968880211792
1;2025-12-12;11;1.0488884269022098
1;2025-12-12;12;1.029094600443102
1;2025-12-12;13;1.0355621070026901
1;2025-12-12;14;1.0447219522344795
1;2025-12-12;15;1.0515692109972519
1;2025-12-12;16;1.0265680307412268
1;2025-12-12;17;0.987020131290801
1;2025-12-12;18;1.06509222970287
1;2025-12-12;19;1.0000122619446195
1;2025-12-12;20;1.0554342323731767
1;2025-12-12;21;1.0608710124530516
1;2025-12-12;22;1.3664549421471346
1;2025-12-12;23;1.4095655186661094
1;2025-12-13;0;1.412518437920315
1;2025-12-13;1;1.0
1;2025-12-13;2;1.0
1;2025-12-13;3;1.0
1;2025-12-13;4;0.70310872205634
1;2025-12-13;5;1.0583397168849258
1;2025-12-13;6;1.0773278127548012
1;2025-12-13;7;0.9662662178098718
1;2025-12-13;8;0.938064036005628
1;2025-12-13;9;0.9654064545982424
1;2025-12-13;10;0.9297544913217124
1;2025-12-13;11;0.893459124887612
1;2025-12-13;12;0.9124851564552775
1;2025-12-13;13;0.8922291751745404
1;2025-12-13;14;0.9040051854508085
1;2025-12-13;15;0.9023018030966715
1;2025-12-13;16;0.9629635322325669
1;2025-12-13;17;0.9498380063107354
1;2025-12-13;18;0.978007624494341
1;2025-12-13;19;1.0170187222510205
1;2025-12-13;20;0.9870424621891668
1;2025-12-13;21;1.007224730529667
1;2025-12-13;22;1.1698178124186598
1;2025-12-13;23;1.4125184379203153
1;2025-12-14;0;1.0
1;2025-12-14;1;1.0
1;2025-12-14;2;1.0
1;2025-12-14;3;1.0
1;2025-12-14;4;1.0
1;2025-12-14;5;1.2844400024096854
1;2025-12-14;6;1.1828652305455076
1;2025-12-14;7;1.0421022178902617
1;2025-12-14;8;1.0714483314469714
1;2025-12-14;9;1.0258573246810436
1;2025-12-14;10;1.0741161493724054
1;2025-12-14;11;1.0147853087652856
1;2025-12-14;12;1.0525449421018072
1;2025-12-14;13;1.0685642268456625
1;2025-12-14;14;1.016610337602532
1;2025-12-14;15;1.0319527517743117
1;2025-12-14;16;1.0312398013576511
1;2025-12-14;17;1.0797135566183143
1;2025-12-14;18;1.1361344314556912
1;2025-12-14;19;1.0868039187592873
1;2025-12-14;20;1.097422952659468
1;2025-12-14;21;1.0233248920473474
1;2025-12-14;22;1.1097981337649083
1;2025-12-14;23;1.2317148358942136
1;2025-12-15;0;1.1649846199376463
1;2025-12-15;1;1.0
1;2025-12-15;2;1.0
1;2025-12-15;3;1.0
1;2025-12-15;4;0.9378820423729942
1;2025-12-15;5;1.114725082867575
1;2025-12-15;6;1.1106430152199749
1;2025-12-15;7;1.0486673602591483
1;2025-12-15;8;1.0162471560271111
1;2025-12-15;9;1.0159044144906726
1;2025-12-15;10;1.0144648731854795
1;2025-12-15;11;1.0280174703390963
1;2025-12-15;12;1.0094157765907446
1;2025-12-15;13;0.9986002454368513
1;2025-12-15;14;1.0008986169176457
1;2025-12-15;15;1.0203033847428558
1;2025-12-15;16;1.0218811678211286
1;2025-12-15;17;1.0131358073415102
1;2025-12-15;18;1.0150622460999361
1;2025-12-15;19;1.0487042053122497
1;2025-12-15;20;1.0452243956552318
1;2025-12-15;21;1.065664947223661
1;2025-12-15;22;1.2825843353712985
1;2025-12-15;23;1.215855439756357
1;2025-12-16;0;1.1649846199376463
1;2025-12-16;1;1.0
1;2025-12-16;2;1.0
1;2025-12-16;3;1.0
1;2025-12-16;4;0.9378820423729942
1;2025-12-16;5;1.114725082867575
1;2025-12-16;6;1.1106430152199749
1;2025-12-16;7;1.0486673602591483
1;2025-12-16;8;1.0162471560271111
1;2025-12-16;9;1.0159044144906726
1;2025-12-16;10;1.0144648731854795
1;2025-12-16;11;1.0280174703390963
1;2025-12-16;12;1.0094157765907446
1;2025-12-16;13;0.9986002454368513
1;2025-12-16;14;1.0008986169176457
1;2025-12-16;15;1.0203033847428558
1;2025-12-16;16;1.0218811678211286
1;2025-12-16;17;1.0131358073415102
1;2025-12-16;18;1.0150622460999361
1;2025-12-16;19;1.0487042053122497
1;2025-12-16;20;1.0452243956552318
1;2025-12-16;21;1.065664947223661
1;2025-12-16;22;1.2825843353712985
1;2025-12-16;23;1.215855439756357
1;2025-12-17;0;1.1649846199376463
1;2025-12-17;1;1.0
1;2025-12-17;2;1.0
1;2025-12-17;3;1.0
1;2025-12-17;4;0.9378820423729942
1;2025-12-17;5;1.114725082867575
1;2025-12-17;6;1.1106430152199749
1;2025-12-17;7;1.0486673602591483
1;2025-12-17;8;1.0162471560271111
1;2025-12-17;9;1.0159044144906726
1;2025-12-17;10;1.0144648731854795
1;2025-12-17;11;1.0280174703390963
1;2025-12-17;12;1.0094157765907446
1;2025-12-17;13;0.9986002454368513
1;2025-12-17;14;1.0008986169176457
1;2025-12-17;15;1.0203033847428558
1;2025-12-17;16;1.0218811678211286
1;2025-12-17;17;1.0131358073415102
1;2025-12-17;18;1.0150622460999361
1;2025-12-17;19;1.0487042053122497
1;2025-12-17;20;1.0452243956552318
1;2025-12-17;21;1.065664947223661
1;2025-12-17;22;1.2825843353712985
1;2025-12-17;23;1.215855439756357
1;2025-12-18;0;1.1649846199376463
1;2025-12-18;1;1.0
1;2025-12-18;2;1.0
1;2025-12-18;3;1.0
1;2025-12-18;4;0.9378820423729942
1;2025-12-18;5;1.114725082867575
1;2025-12-18;6;1.1106430152199749
1;2025-12-18;7;1.0486673602591483
1;2025-12-18;8;1.0162471560271111
1;2025-12-18;9;1.0159044144906726
1;2025-12-18;10;1.0144648731854795
1;2025-12-18;11;1.0280174703390963
1;2025-12-18;12;1.0094157765907446
1;2025-12-18;13;0.9986002454368513
1;2025-12-18;14;1.0008986169176457
1;2025-12-18;15;1.0203033847428558
1;2025-12-18;16;1.0218811678211286
1;2025-12-18;17;1.0131358073415102
1;2025-12-18;18;1.0150622460999361
1;2025-12-18;19;1.0487042053122497
1;2025-12-18;20;1.0452243956552318
1;2025-12-18;21;1.065664947223661
1;2025-12-18;22;1.2825843353712985
1;2025-12-18;23;1.215855439756357
1;2025-12-19;0;1.555186803241288
1;2025-12-19;1;1.0
1;2025-12-19;2;1.0
1;2025-12-19;3;1.0
1;2025-12-19;4;1.040834557680899
1;2025-12-19;5;1.034717795164935
1;2025-12-19;6;1.0926316914496732
1;2025-12-19;7;1.0265884161187944
1;2025-12-19;8;1.0295448772848137
1;2025-12-19;9;1.0094061908118044
1;2025-12-19;10;1.0475968880211792
1;2025-12-19;11;1.0488884269022098
1;2025-12-19;12;1.029094600443102
1;2025-12-19;13;1.0355621070026901
1;2025-12-19;14;1.0447219522344795
1;2025-12-19;15;1.0515692109972519
1;2025-12-19;16;1.0265680307412268
1;2025-12-19;17;0.987020131290801
1;2025-12-19;18;1.06509222970287
1;2025-12-19;19;1.0000122619446195
1;2025-12-19;20;1.0554342323731767
1;2025-12-19;21;1.0608710124530516
1;2025-12-19;22;1.3664549421471346
1;2025-12-19;23;1.4095655186661094
1;2025-12-20;0;1.412518437920315
1;2025-12-20;1;1.0
1;2025-12-20;2;1.0
1;2025-12-20;3;1.0
1;2025-12-20;4;0.70310872205634
1;2025-12-20;5;1.0583397168849258
1;2025-12-20;6;1.0773278127548012
1;2025-12-20;7;0.9662662178098718
1;2025-12-20;8;0.938064036005628
1;2025-12-20;9;0.9654064545982424
1;2025-12-20;10;0.9297544913217124
1;2025-12-20;11;0.893459124887612
1;2025-12-20;12;0.9124851564552775
1;2025-12-20;13;0.8922291751745404
1;2025-12-20;14;0.9040051854508085
1;2025-12-20;15;0.9023018030966715
1;2025-12-20;16;0.9629635322325669
1;2025-12-20;17;0.9498380063107354
1;2025-12-20;18;0.978007624494341
1;2025-12-20;19;1.0170187222510205
1;2025-12-20;20;0.9870424621891668
1;2025-12-20;21;1.007224730529667
1;2025-12-20;22;1.1698178124186598
1;2025-12-20;23;1.4125184379203153
1;2025-12-21;0;1.0
1;2025-12-21;1;1.0
1;2025-12-21;2;1.0
1;2025-12-21;3;1.0
1;2025-12-21;4;1.0
1;2025-12-21;5;1.2844400024096854
1;2025-12-21;6;1.1828652305455076
1;2025-12-21;7;1.0421022178902617
1;2025-12-21;8;1.0714483314469714
1;2025-12-21;9;1.0258573246810436
1;2025-12-21;10;1.0741161493724054
1;2025-12-21;11;1.0147853087652856
1;2025-12-21;12;1.0525449421018072
1;2025-12-21;13;1.0685642268456625
1;2025-12-21;14;1.016610337602532
1;2025-12-21;15;1.0319527517743117
1;2025-12-21;16;1.0312398013576511
1;2025-12-21;17;1.0797135566183143
1;2025-12-21;18;1.1361344314556912
1;2025-12-21;19;1.0868039187592873
1;2025-12-21;20;1.097422952659468
1;2025-12-21;21;1.0233248920473474
1;2025-12-21;22;1.1097981337649083
1;2025-12-21;23;1.2317148358942136
1;2025-12-22;0;1.1649846199376463
1;2025-12-22;1;1.0
1;2025-12-22;2;1.0
1;2025-12-22;3;1.0
1;2025-12-22;4;0.9378820423729942
1;2025-12-22;5;1.114725082867575
1;2025-12-22;6;1.1106430152199749
1;2025-12-22;7;1.0486673602591483
1;2025-12-22;8;1.0162471560271111
1;2025-12-22;9;1.0159044144906726
1;2025-12-22;10;1.0144648731854795
1;2025-12-22;11;1.0280174703390963
1;2025-12-22;12;1.0094157765907446
1;2025-12-22;13;0.9986002454368513
1;2025-12-22;14;1.0008986169176457
1;2025-12-22;15;1.0203033847428558
1;2025-12-22;16;1.0218811678211286
1;2025-12-22;17;1.0131358073415102
1;2025-12-22;18;1.0150622460999361
1;2025-12-22;19;1.0487042053122497
1;2025-12-22;20;1.0452243956552318
1;2025-12-22;21;1.065664947223661
1;2025-12-22;22;1.2825843353712985
1;2025-12-22;23;1.215855439756357
1;2025-12-23;0;1.1649846199376463
1;2025-12-23;1;1.0
1;2025-12-23;2;1.0
1;2025-12-23;3;1.0
1;2025-12-23;4;0.9378820423729942
1;2025-12-23;5;1.114725082867575
1;2025-12-23;6;1.1106430152199749
1;2025-12-23;7;1.0486673602591483
1;2025-12-23;8;1.0162471560271111
1;2025-12-23;9;1.0159044144906726
1;2025-12-23;10;1.0144648731854795
1;2025-12-23;11;1.0280174703390963
1;2025-12-23;12;1.0094157765907446
1;2025-12-23;13;0.9986002454368513
1;2025-12-23;14;1.0008986169176457
1;2025-12-23;15;1.0203033847428558
1;2025-12-23;16;1.0218811678211286
1;2025-12-23;17;1.0131358073415102
1;2025-12-23;18;1.0150622460999361
1;2025-12-23;19;1.0487042053122497
1;2025-12-23;20;1.0452243956552318
1;2025-12-23;21;1.065664947223661
1;2025-12-23;22;1.2825843353712985
1;2025-12-23;23;1.215855439756357
1;2025-12-24;0;1.1649846199376463
1;2025-12-24;1;1.0
1;2025-12-24;2;1.0
1;2025-12-24;3;1.0
1;2025-12-24;4;0.9378820423729942
1;2025-12-24;5;1.114725082867575
1;2025-12-24;6;1.1106430152199749
1;2025-12-24;7;1.0486673602591483
1;2025-12-24;8;1.0162471560271111
1;2025-12-24;9;1.0159044144906726
1;2025-12-24;10;1.0144648731854795
1;2025-12-24;11;1.0280174703390963
1;2025-12-24;12;1.0094157765907446
1;2025-12-24;13;0.9986002454368513
1;2025-12-24;14;1.0008986169176457
1;2025-12-24;15;1.0203033847428558
1;2025-12-24;16;1.0218811678211286
1;2025-12-24;17;1.0131358073415102
1;2025-12-24;18;1.0150622460999361
1;2025-12-24;19;1.0487042053122497
1;2025-12-24;20;1.0452243956552318
1;2025-12-24;21;1.065664947223661
1;2025-12-24;22;1.2825843353712985
1;2025-12-24;23;1.215855439756357
1;2025-12-25;0;1.1649846199376463
1;2025-12-25;1;1.0
1;2025-12-25;2;1.0
1;2025-12-25;3;1.0
1;2025-12-25;4;0.9378820423729942
1;2025-12-25;5;1.114725082867575
1;2025-12-25;6;1.1106430152199749
1;2025-12-25;7;1.0486673602591483
1;2025-12-25;8;1.0162471560271111
1;2025-12-25;9;1.0159044144906726
1;2025-12-25;10;1.0144648731854795
1;2025-12-25;11;1.0280174703390963
1;2025-12-25;12;1.0094157765907446
1;2025-12-25;13;0.9986002454368513
1;2025-12-25;14;1.0008986169176457
1;2025-12-25;15;1.0203033847428558
1;2025-12-25;16;1.0218811678211286
1;2025-12-25;17;1.0131358073415102
1;2025-12-25;18;1.0150622460999361
1;2025-12-25;19;1.0487042053122497
1;2025-12-25;20;1.0452243956552318
1;2025-12-25;21;1.065664947223661
1;2025-12-25;22;1.2825843353712985
1;2025-12-25;23;1.215855439756357
1;2025-12-26;0;1.555186803241288
1;2025-12-26;1;1.0
1;2025-12-26;2;1.0
1;2025-12-26;3;1.0
1;2025-12-26;4;1.040834557680899
1;2025-12-26;5;1.034717795164935
1;2025-12-26;6;1.0926316914496732
1;2025-12-26;7;1.0265884161187944
1;2025-12-26;8;1.0295448772848137
1;2025-12-26;9;1.0094061908118044
1;2025-12-26;10;1.0475968880211792
1;2025-12-26;11;1.0488884269022098
1;2025-12-26;12;1.029094600443102
1;2025-12-26;13;1.0355621070026901
1;2025-12-26;14;1.0447219522344795
1;2025-12-26;15;1.0515692109972519
1;2025-12-26;16;1.0265680307412268
1;2025-12-26;17;0.987020131290801
1;2025-12-26;18;1.06509222970287
1;2025-12-26;19;1.0000122619446195
1;2025-12-26;20;1.0554342323731767
1;2025-12-26;21;1.0608710124530516
1;2025-12-26;22;1.3664549421471346
1;2025-12-26;23;1.4095655186661094
1;2025-12-27;0;1.412518437920315
1;2025-12-27;1;1.0
1;2025-12-27;2;1.0
1;2025-12-27;3;1.0
1;2025-12-27;4;0.70310872205634
1;2025-12-27;5;1.0583397168849258
1;2025-12-27;6;1.0773278127548012
1;2025-12-27;7;0.9662662178098718
1;2025-12-27;8;0.938064036005628
1;2025-12-27;9;0.9654064545982424
1;2025-12-27;10;0.9297544913217124
1;2025-12-27;11;0.893459124887612
1;2025-12-27;12;0.9124851564552775
1;2025-12-27;13;0.8922291751745404
1;2025-12-27;14;0.9040051854508085
1;2025-12-27;15;0.9023018030966715
1;2025-12-27;16;0.9629635322325669
1;2025-12-27;17;0.9498380063107354
1;2025-12-27;18;0.978007624494341
1;2025-12-27;19;1.0170187222510205
1;2025-12-27;20;0.9870424621891668
1;2025-12-27;21;1.007224730529667
1;2025-12-27;22;1.1698178124186598
1;2025-12-27;23;1.4125184379203153
1;2025-12-28;0;1.0
1;2025-12-28;1;1.0
1;2025-12-28;2;1.0
1;2025-12-28;3;1.0
1;2025-12-28;4;1.0
1;2025-12-28;5;1.2844400024096854
1;2025-12-28;6;1.1828652305455076
1;2025-12-28;7;1.0421022178902617
1;2025-12-28;8;1.0714483314469714
1;2025-12-28;9;1.0258573246810436
1;2025-12-28;10;1.0741161493724054
1;2025-12-28;11;1.0147853087652856
1;2025-12-28;12;1.0525449421018072
1;2025-12-28;13;1.0685642268456625
1;2025-12-28;14;1.016610337602532
1;2025-12-28;15;1.0319527517743117
1;2025-12-28;16;1.0312398013576511
1;2025-12-28;17;1.0797135566183143
1;2025-12-28;18;1.1361344314556912
1;2025-12-28;19;1.0868039187592873
1;2025-12-28;20;1.097422952659468
1;2025-12-28;21;1.0233248920473474
1;2025-12-28;22;1.1097981337649083
1;2025-12-28;23;1.2317148358942136
1;2025-12-29;0;1.1649846199376463
1;2025-12-29;1;1.0
1;2025-12-29;2;1.0
1;2025-12-29;3;1.0
1;2025-12-29;4;0.9378820423729942
1;2025-12-29;5;1.114725082867575
1;2025-12-29;6;1.1106430152199749
1;2025-12-29;7;1.0486673602591483
1;2025-12-29;8;1.0162471560271111
1;2025-12-29;9;1.0159044144906726
1;2025-12-29;10;1.0144648731854795
1;2025-12-29;11;1.0280174703390963
1;2025-12-29;12;1.0094157765907446
1;2025-12-29;13;0.9986002454368513
1;2025-12-29;14;1.0008986169176457
1;2025-12-29;15;1.0203033847428558
1;2025-12-29;16;1.0218811678211286
1;2025-12-29;17;1.0131358073415102
1;2025-12-29;18;1.0150622460999361
1;2025-12-29;19;1.0487042053122497
1;2025-12-29;20;1.0452243956552318
1;2025-12-29;21;1.065664947223661
1;2025-12-29;22;1.2825843353712985
1;2025-12-29;23;1.215855439756357
1;2025-12-30;0;1.1649846199376463
1;2025-12-30;1;1.0
1;2025-12-30;2;1.0
1;2025-12-30;3;1.0
1;2025-12-30;4;0.9378820423729942
1;2025-12-30;5;1.114725082867575
1;2025-12-30;6;1.1106430152199749
1;2025-12-30;7;1.0486673602591483
1;2025-12-30;8;1.0162471560271111
1;2025-12-30;9;1.0159044144906726
1;2025-12-30;10;1.0144648731854795
1;2025-12-30;11;1.0280174703390963
1;2025-12-30;12;1.0094157765907446
1;2025-12-30;13;0.9986002454368513
1;2025-12-30;14;1.0008986169176457
1;2025-12-30;15;1.0203033847428558
1;2025-12-30;16;1.0218811678211286
1;2025-12-30;17;1.0131358073415102
1;2025-12-30;18;1.0150622460999361
1;2025-12-30;19;1.0487042053122497
1;2025-12-30;20;1.0452243956552318
1;2025-12-30;21;1.065664947223661
1;2025-12-30;22;1.2825843353712985
1;2025-12-30;23;1.215855439756357
1;2025-12-31;0;1.0
1;2025-12-31;1;1.0
1;2025-12-31;2;1.0
1;2025-12-31;3;1.0
1;2025-12-31;4;1.0
1;2025-12-31;5;1.2844400024096854
1;2025-12-31;6;1.1828652305455076
1;2025-12-31;7;1.0421022178902617
1;2025-12-31;8;1.0714483314469714
1;2025-12-31;9;1.0258573246810436
1;2025-12-31;10;1.0741161493724054
1;2025-12-31;11;1.0147853087652856
1;2025-12-31;12;1.0525449421018072
1;2025-12-31;13;1.0685642268456625
1;2025-12-31;14;1.016610337602532
1;2025-12-31;15;1.0319527517743117
1;2025-12-31;16;1.0312398013576511
1;2025-12-31;17;1.0797135566183143
1;2025-12-31;18;1.1361344314556912
1;2025-12-31;19;1.0868039187592873
1;2025-12-31;20;1.097422952659468
1;2025-12-31;21;1.0233248920473474
1;2025-12-31;22;1.1097981337649083
1;2025-12-31;23;1.2317148358942136
5;2025-11-01;0;1.0
5;2025-11-01;1;1.0
5;2025-11-01;2;1.0
5;2025-11-01;3;1.0
5;2025-11-01;4;1.0
5;2025-11-01;5;1.0
5;2025-11-01;6;1.0
5;2025-11-01;7;1.0
5;2025-11-01;8;1.0
5;2025-11-01;9;1.0
5;2025-11-01;10;1.0
5;2025-11-01;11;1.0
5;2025-11-01;12;1.0
5;2025-11-01;13;1.0
5;2025-11-01;14;1.0
5;2025-11-01;15;1.0
5;2025-11-01;16;1.0
5;2025-11-01;17;1.0
5;2025-11-01;18;1.0
5;2025-11-01;19;1.0
5;2025-11-01;20;1.0
5;2025-11-01;21;1.0
5;2025-11-01;22;1.0
5;2025-11-01;23;1.0
5;2025-11-02;0;1.0
5;2025-11-02;1;1.0
5;2025-11-02;2;1.0
5;2025-11-02;3;1.0
5;2025-11-02;4;1.0
5;2025-11-02;5;1.0
5;2025-11-02;6;1.0
5;2025-11-02;7;1.0
5;2025-11-02;8;1.0
5;2025-11-02;9;1.0
5;2025-11-02;10;1.0
5;2025-11-02;11;1.0
5;2025-11-02;12;1.0
5;2025-11-02;13;1.0
5;2025-11-02;14;1.0
5;2025-11-02;15;1.0
5;2025-11-02;16;1.0
5;2025-11-02;17;1.0
5;2025-11-02;18;1.0
5;2025-11-02;19;1.0
5;2025-11-02;20;1.0
5;2025-11-02;21;1.0
5;2025-11-02;22;1.0
5;2025-11-02;23;1.0
5;2025-11-03;0;1.0
5;2025-11-03;1;1.0
5;2025-11-03;2;1.0
5;2025-11-03;3;1.0
5;2025-11-03;4;1.0
5;2025-11-03;5;1.0
5;2025-11-03;6;1.0
5;2025-11-03;7;1.0
5;2025-11-03;8;1.0
5;2025-11-03;9;1.0
5;2025-11-03;10;1.0
5;2025-11-03;11;1.0
5;2025-11-03;12;1.0
5;2025-11-03;13;1.0
5;2025-11-03;14;1.0
5;2025-11-03;15;1.0
5;2025-11-03;16;1.0
5;2025-11-03;17;1.0
5;2025-11-03;18;1.0
5;2025-11-03;19;1.0
5;2025-11-03;20;1.0
5;2025-11-03;21;1.0
5;2025-11-03;22;1.0
5;2025-11-03;23;1.0
5;2025-11-04;0;1.0
5;2025-11-04;1;1.0
5;2025-11-04;2;1.0
5;2025-11-04;3;1.0
5;2025-11-04;4;1.0
5;2025-11-04;5;1.0
5;2025-11-04;6;1.0
5;2025-11-04;7;1.0
5;2025-11-04;8;1.0
5;2025-11-04;9;1.0
5;2025-11-04;10;1.0
5;2025-11-04;11;1.0
5;2025-11-04;12;1.0
5;2025-11-04;13;1.0
5;2025-11-04;14;1.0
5;2025-11-04;15;1.0
5;2025-11-04;16;1.0
5;2025-11-04;17;1.0
5;2025-11-04;18;1.0
5;2025-11-04;19;1.0
5;2025-11-04;20;1.0
5;2025-11-04;21;1.0
5;2025-11-04;22;1.0
5;2025-11-04;23;1.0
5;2025-11-05;0;1.0
5;2025-11-05;1;1.0
5;2025-11-05;2;1.0
5;2025-11-05;3;1.0
5;2025-11-05;4;1.0
5;2025-11-05;5;1.0
5;2025-11-05;6;1.0
5;2025-11-05;7;1.0
5;2025-11-05;8;1.0
5;2025-11-05;9;1.0
5;2025-11-05;10;1.0
5;2025-11-05;11;1.0
5;2025-11-05;12;1.0
5;2025-11-05;13;1.0
5;2025-11-05;14;1.0
5;2025-11-05;15;1.0
5;2025-11-05;16;1.0
5;2025-11-05;17;1.0
5;2025-11-05;18;1.0
5;2025-11-05;19;1.0
5;2025-11-05;20;1.0
5;2025-11-05;21;1.0
5;2025-11-05;22;1.0
5;2025-11-05;23;1.0
5;2025-11-06;0;1.0
5;2025-11-06;1;1.0
5;2025-11-06;2;1.0
5;2025-11-06;3;1.0
5;2025-11-06;4;1.0
5;2025-11-06;5;1.0
5;2025-11-06;6;1.0
5;2025-11-06;7;1.0
5;2025-11-06;8;1.0
5;2025-11-06;9;1.0
5;2025-11-06;10;1.0
5;2025-11-06;11;1.0
5;2025-11-06;12;1.0
5;2025-11-06;13;1.0
5;2025-11-06;14;1.0
5;2025-11-06;15;1.0
5;2025-11-06;16;1.0
5;2025-11-06;17;1.0
5;2025-11-06;18;1.0
5;2025-11-06;19;1.0
5;2025-11-06;20;1.0
5;2025-11-06;21;1.0
5;2025-11-06;22;1.0
5;2025-11-06;23;1.0
5;2025-11-07;0;1.0
5;2025-11-07;1;1.0
5;2025-11-07;2;1.0
5;2025-11-07;3;1.0
5;2025-11-07;4;1.0
5;2025-11-07;5;1.0
5;2025-11-07;6;1.0
5;2025-11-07;7;1.0
5;2025-11-07;8;1.0
5;2025-11-07;9;1.0
5;2025-11-07;10;1.0
5;2025-11-07;11;1.0
5;2025-11-07;12;1.0
5;2025-11-07;13;1.0
5;2025-11-07;14;1.0
5;2025-11-07;15;1.0
5;2025-11-07;16;1.0
5;2025-11-07;17;1.0
5;2025-11-07;18;1.0
5;2025-11-07;19;1.0
5;2025-11-07;20;1.0
5;2025-11-07;21;1.0
5;2025-11-07;22;1.0
5;2025-11-07;23;1.0
5;2025-11-08;0;1.0
5;2025-11-08;1;1.0
5;2025-11-08;2;1.0
5;2025-11-08;3;1.0
5;2025-11-08;4;1.0
5;2025-11-08;5;1.0
5;2025-11-08;6;1.0
5;2025-11-08;7;1.0
5;2025-11-08;8;1.0
5;2025-11-08;9;1.0
5;2025-11-08;10;1.0
5;2025-11-08;11;1.0
5;2025-11-08;12;1.0
5;2025-11-08;13;1.0
5;2025-11-08;14;1.0
5;2025-11-08;15;1.0
5;2025-11-08;16;1.0
5;2025-11-08;17;1.0
5;2025-11-08;18;1.0
5;2025-11-08;19;1.0
5;2025-11-08;20;1.0
5;2025-11-08;21;1.0
5;2025-11-08;22;1.0
5;2025-11-08;23;1.0
5;2025-11-09;0;1.0
5;2025-11-09;1;1.0
5;2025-11-09;2;1.0
5;2025-11-09;3;1.0
5;2025-11-09;4;1.0
5;2025-11-09;5;1.0
5;2025-11-09;6;1.0
5;2025-11-09;7;1.0
5;2025-11-09;8;1.0
5;2025-11-09;9;1.0
5;2025-11-09;10;1.0
5;2025-11-09;11;1.0
5;2025-11-09;12;1.0
5;2025-11-09;13;1.0
5;2025-11-09;14;1.0
5;2025-11-09;15;1.0
5;2025-11-09;16;1.0
5;2025-11-09;17;1.0
5;2025-11-09;18;1.0
5;2025-11-09;19;1.0
5;2025-11-09;20;1.0
5;2025-11-09;21;1.0
5;2025-11-09;22;1.0
5;2025-11-09;23;1.0
5;2025-11-10;0;1.0
5;2025-11-10;1;1.0
5;2025-11-10;2;1.0
5;2025-11-10;3;1.0
5;2025-11-10;4;1.0
5;2025-11-10;5;1.0
5;2025-11-10;6;1.0
5;2025-11-10;7;1.0
5;2025-11-10;8;1.0
5;2025-11-10;9;1.0
5;2025-11-10;10;1.0
5;2025-11-10;11;1.0
5;2025-11-10;12;1.0
5;2025-11-10;13;1.0
5;2025-11-10;14;1.0
5;2025-11-10;15;1.0
5;2025-11-10;16;1.0
5;2025-11-10;17;1.0
5;2025-11-10;18;1.0
5;2025-11-10;19;1.0
5;2025-11-10;20;1.0
5;2025-11-10;21;1.0
5;2025-11-10;22;1.0
5;2025-11-10;23;1.0
5;2025-11-11;0;1.0
5;2025-11-11;1;1.0
5;2025-11-11;2;1.0
5;2025-11-11;3;1.0
5;2025-11-11;4;1.0
5;2025-11-11;5;1.0
5;2025-11-11;6;1.0
5;2025-11-11;7;1.0
5;2025-11-11;8;1.0
5;2025-11-11;9;1.0
5;2025-11-11;10;1.0
5;2025-11-11;11;1.0
5;2025-11-11;12;1.0
5;2025-11-11;13;1.0
5;2025-11-11;14;1.0
5;2025-11-11;15;1.0
5;2025-11-11;16;1.0
5;2025-11-11;17;1.0
5;2025-11-11;18;1.0
5;2025-11-11;19;1.0
5;2025-11-11;20;1.0
5;2025-11-11;21;1.0
5;2025-11-11;22;1.0
5;2025-11-11;23;1.0
5;2025-11-12;0;1.0
5;2025-11-12;1;1.0
5;2025-11-12;2;1.0
5;2025-11-12;3;1.0
5;2025-11-12;4;1.0
5;2025-11-12;5;1.0
5;2025-11-12;6;1.0
5;2025-11-12;7;1.0
5;2025-11-12;8;1.0
5;2025-11-12;9;1.0
5;2025-11-12;10;1.0
5;2025-11-12;11;1.0
5;2025-11-12;12;1.0
5;2025-11-12;13;1.0
5;2025-11-12;14;1.0
5;2025-11-12;15;1.0
5;2025-11-12;16;1.0
5;2025-11-12;17;1.0
5;2025-11-12;18;1.0
5;2025-11-12;19;1.0
5;2025-11-12;20;1.0
5;2025-11-12;21;1.0
5;2025-11-12;22;1.0
5;2025-11-12;23;1.0
5;2025-11-13;0;1.0
5;2025-11-13;1;1.0
5;2025-11-13;2;1.0
5;2025-11-13;3;1.0
5;2025-11-13;4;1.0
5;2025-11-13;5;1.0
5;2025-11-13;6;1.0
5;2025-11-13;7;1.0
5;2025-11-13;8;1.0
5;2025-11-13;9;1.0
5;2025-11-13;10;1.0
5;2025-11-13;11;1.0
5;2025-11-13;12;1.0
5;2025-11-13;13;1.0
5;2025-11-13;14;1.0
5;2025-11-13;15;1.0
5;2025-11-13;16;1.0
5;2025-11-13;17;1.0
5;2025-11-13;18;1.0
5;2025-11-13;19;1.0
5;2025-11-13;20;1.0
5;2025-11-13;21;1.0
5;2025-11-13;22;1.0
5;2025-11-13;23;1.0
5;2025-11-14;0;1.0
5;2025-11-14;1;1.0
5;2025-11-14;2;1.0
5;2025-11-14;3;1.0
5;2025-11-14;4;1.0
5;2025-11-14;5;1.0
5;2025-11-14;6;1.0
5;2025-11-14;7;1.0
5;2025-11-14;8;1.0
5;2025-11-14;9;1.0
5;2025-11-14;10;1.0
5;2025-11-14;11;1.0
5;2025-11-14;12;1.0
5;2025-11-14;13;1.0
5;2025-11-14;14;1.0
5;2025-11-14;15;1.0
5;2025-11-14;16;1.0
5;2025-11-14;17;1.0
5;2025-11-14;18;1.0
5;2025-11-14;19;1.0
5;2025-11-14;20;1.0
5;2025-11-14;21;1.0
5;2025-11-14;22;1.0
5;2025-11-14;23;1.0
5;2025-11-15;0;1.0
5;2025-11-15;1;1.0
5;2025-11-15;2;1.0
5;2025-11-15;3;1.0
5;2025-11-15;4;1.0
5;2025-11-15;5;1.0
5;2025-11-15;6;1.0
5;2025-11-15;7;1.0
5;2025-11-15;8;1.0
5;2025-11-15;9;1.0
5;2025-11-15;10;1.0
5;2025-11-15;11;1.0
5;2025-11-15;12;1.0
5;2025-11-15;13;1.0
5;2025-11-15;14;1.0
5;2025-11-15;15;1.0
5;2025-11-15;16;1.0
5;2025-11-15;17;1.0
5;2025-11-15;18;1.0
5;2025-11-15;19;1.0
5;2025-11-15;20;1.0
5;2025-11-15;21;1.0
5;2025-11-15;22;1.0
5;2025-11-15;23;1.0
5;2025-11-16;0;1.0
5;2025-11-16;1;1.0
5;2025-11-16;2;1.0
5;2025-11-16;3;1.0
5;2025-11-16;4;1.0
5;2025-11-16;5;1.0
5;2025-11-16;6;1.0
5;2025-11-16;7;1.0
5;2025-11-16;8;1.0
5;2025-11-16;9;1.0
5;2025-11-16;10;1.0
5;2025-11-16;11;1.0
5;2025-11-16;12;1.0
5;2025-11-16;13;1.0
5;2025-11-16;14;1.0
5;2025-11-16;15;1.0
5;2025-11-16;16;1.0
5;2025-11-16;17;1.0
5;2025-11-16;18;1.0
5;2025-11-16;19;1.0
5;2025-11-16;20;1.0
5;2025-11-16;21;1.0
5;2025-11-16;22;1.0
5;2025-11-16;23;1.0
5;2025-11-17;0;1.0
5;2025-11-17;1;1.0
5;2025-11-17;2;1.0
5;2025-11-17;3;1.0
5;2025-11-17;4;1.0
5;2025-11-17;5;1.0
5;2025-11-17;6;1.0
5;2025-11-17;7;1.0
5;2025-11-17;8;1.0
5;2025-11-17;9;1.0
5;2025-11-17;10;1.0
5;2025-11-17;11;1.0
5;2025-11-17;12;1.0
5;2025-11-17;13;1.0
5;2025-11-17;14;1.0
5;2025-11-17;15;1.0
5;2025-11-17;16;1.0
5;2025-11-17;17;1.0
5;2025-11-17;18;1.0
5;2025-11-17;19;1.0
5;2025-11-17;20;1.0
5;2025-11-17;21;1.0
5;2025-11-17;22;1.0
5;2025-11-17;23;1.0
5;2025-11-18;0;1.0
5;2025-11-18;1;1.0
5;2025-11-18;2;1.0
5;2025-11-18;3;1.0
5;2025-11-18;4;1.0
5;2025-11-18;5;1.0
5;2025-11-18;6;1.0
5;2025-11-18;7;1.0
5;2025-11-18;8;1.0
5;2025-11-18;9;1.0
5;2025-11-18;10;1.0
5;2025-11-18;11;1.0
5;2025-11-18;12;1.0
5;2025-11-18;13;1.0
5;2025-11-18;14;1.0
5;2025-11-18;15;1.0
5;2025-11-18;16;1.0
5;2025-11-18;17;1.0
5;2025-11-18;18;1.0
5;2025-11-18;19;1.0
5;2025-11-18;20;1.0
5;2025-11-18;21;1.0
5;2025-11-18;22;1.0
5;2025-11-18;23;1.0
5;2025-11-19;0;1.0
5;2025-11-19;1;1.0
5;2025-11-19;2;1.0
5;2025-11-19;3;1.0
5;2025-11-19;4;1.0
5;2025-11-19;5;1.0
5;2025-11-19;6;1.0
5;2025-11-19;7;1.0
5;2025-11-19;8;1.0
5;2025-11-19;9;1.0
5;2025-11-19;10;1.0
5;2025-11-19;11;1.0
5;2025-11-19;12;1.0
5;2025-11-19;13;1.0
5;2025-11-19;14;1.0
5;2025-11-19;15;1.0
5;2025-11-19;16;1.0
5;2025-11-19;17;1.0
5;2025-11-19;18;1.0
5;2025-11-19;19;1.0
5;2025-11-19;20;1.0
5;2025-11-19;21;1.0
5;2025-11-19;22;1.0
5;2025-11-19;23;1.0
5;2025-11-20;0;1.0
5;2025-11-20;1;1.0
5;2025-11-20;2;1.0
5;2025-11-20;3;1.0
5;2025-11-20;4;1.0
5;2025-11-20;5;1.0
5;2025-11-20;6;1.0
5;2025-11-20;7;1.0
5;2025-11-20;8;1.0
5;2025-11-20;9;1.0
5;2025-11-20;10;1.0
5;2025-11-20;11;1.0
5;2025-11-20;12;1.0
5;2025-11-20;13;1.0
5;2025-11-20;14;1.0
5;2025-11-20;15;1.0
5;2025-11-20;16;1.0
5;2025-11-20;17;1.0
5;2025-11-20;18;1.0
5;2025-11-20;19;1.0
5;2025-11-20;20;1.0
5;2025-11-20;21;1.0
5;2025-11-20;22;1.0
5;2025-11-20;23;1.0
5;2025-11-21;0;1.0
5;2025-11-21;1;1.0
5;2025-11-21;2;1.0
5;2025-11-21;3;1.0
5;2025-11-21;4;1.0
5;2025-11-21;5;1.0
5;2025-11-21;6;1.0
5;2025-11-21;7;1.0
5;2025-11-21;8;1.0
5;2025-11-21;9;1.0
5;2025-11-21;10;1.0
5;2025-11-21;11;1.0
5;2025-11-21;12;1.0
5;2025-11-21;13;1.0
5;2025-11-21;14;1.0
5;2025-11-21;15;1.0
5;2025-11-21;16;1.0
5;2025-11-21;17;1.0
5;2025-11-21;18;1.0
5;2025-11-21;19;1.0
5;2025-11-21;20;1.0
5;2025-11-21;21;1.0
5;2025-11-21;22;1.0
5;2025-11-21;23;1.0
5;2025-11-22;0;1.0
5;2025-11-22;1;1.0
5;2025-11-22;2;1.0
5;2025-11-22;3;1.0
5;2025-11-22;4;1.0
5;2025-11-22;5;1.0
5;2025-11-22;6;1.0
5;2025-11-22;7;1.0
5;2025-11-22;8;1.0
5;2025-11-22;9;1.0
5;2025-11-22;10;1.0
5;2025-11-22;11;1.0
5;2025-11-22;12;1.0
5;2025-11-22;13;1.0
5;2025-11-22;14;1.0
5;2025-11-22;15;1.0
5;2025-11-22;16;1.0
5;2025-11-22;17;1.0
5;2025-11-22;18;1.0
5;2025-11-22;19;1.0
5;2025-11-22;20;1.0
5;2025-11-22;21;1.0
5;2025-11-22;22;1.0
5;2025-11-22;23;1.0
5;2025-11-23;0;1.0
5;2025-11-23;1;1.0
5;2025-11-23;2;1.0
5;2025-11-23;3;1.0
5;2025-11-23;4;1.0
5;2025-11-23;5;1.0
5;2025-11-23;6;1.0
5;2025-11-23;7;1.0
5;2025-11-23;8;1.0
5;2025-11-23;9;1.0
5;2025-11-23;10;1.0
5;2025-11-23;11;1.0
5;2025-11-23;12;1.0
5;2025-11-23;13;1.0
5;2025-11-23;14;1.0
5;2025-11-23;15;1.0
5;2025-11-23;16;1.0
5;2025-11-23;17;1.0
5;2025-11-23;18;1.0
5;2025-11-23;19;1.0
5;2025-11-23;20;1.0
5;2025-11-23;21;1.0
5;2025-11-23;22;1.0
5;2025-11-23;23;1.0
5;2025-11-24;0;1.0
5;2025-11-24;1;1.0
5;2025-11-24;2;1.0
5;2025-11-24;3;1.0
5;2025-11-24;4;1.0
5;2025-11-24;5;1.0
5;2025-11-24;6;1.0
5;2025-11-24;7;1.0
5;2025-11-24;8;1.0
5;2025-11-24;9;1.0
5;2025-11-24;10;1.0
5;2025-11-24;11;1.0
5;2025-11-24;12;1.0
5;2025-11-24;13;1.0
5;2025-11-24;14;1.0
5;2025-11-24;15;1.0
5;2025-11-24;16;1.0
5;2025-11-24;17;1.0
5;2025-11-24;18;1.0
5;2025-11-24;19;1.0
5;2025-11-24;20;1.0
5;2025-11-24;21;1.0
5;2025-11-24;22;1.0
5;2025-11-24;23;1.0
5;2025-11-25;0;1.0
5;2025-11-25;1;1.0
5;2025-11-25;2;1.0
5;2025-11-25;3;1.0
5;2025-11-25;4;1.0
5;2025-11-25;5;1.0
5;2025-11-25;6;1.0
5;2025-11-25;7;1.0
5;2025-11-25;8;1.0
5;2025-11-25;9;1.0
5;2025-11-25;10;1.0
5;2025-11-25;11;1.0
5;2025-11-25;12;1.0
5;2025-11-25;13;1.0
5;2025-11-25;14;1.0
5;2025-11-25;15;1.0
5;2025-11-25;16;1.0
5;2025-11-25;17;1.0
5;2025-11-25;18;1.0
5;2025-11-25;19;1.0
5;2025-11-25;20;1.0
5;2025-11-25;21;1.0
5;2025-11-25;22;1.0
5;2025-11-25;23;1.0
5;2025-11-26;0;1.0
5;2025-11-26;1;1.0
5;2025-11-26;2;1.0
5;2025-11-26;3;1.0
5;2025-11-26;4;1.0
5;2025-11-26;5;1.0
5;2025-11-26;6;1.0
5;2025-11-26;7;1.0
5;2025-11-26;8;1.0
5;2025-11-26;9;1.0
5;2025-11-26;10;1.0
5;2025-11-26;11;1.0
5;2025-11-26;12;1.0
5;2025-11-26;13;1.0
5;2025-11-26;14;1.0
5;2025-11-26;15;1.0
5;2025-11-26;16;1.0
5;2025-11-26;17;1.0
5;2025-11-26;18;1.0
5;2025-11-26;19;1.0
5;2025-11-26;20;1.0
5;2025-11-26;21;1.0
5;2025-11-26;22;1.0
5;2025-11-26;23;1.0
5;2025-11-27;0;1.0
5;2025-11-27;1;1.0
5;2025-11-27;2;1.0
5;2025-11-27;3;1.0
5;2025-11-27;4;1.0
5;2025-11-27;5;1.0
5;2025-11-27;6;1.0
5;2025-11-27;7;1.0
5;2025-11-27;8;1.0
5;2025-11-27;9;1.0
5;2025-11-27;10;1.0
5;2025-11-27;11;1.0
5;2025-11-27;12;1.0
5;2025-11-27;13;1.0
5;2025-11-27;14;1.0
5;2025-11-27;15;1.0
5;2025-11-27;16;1.0
5;2025-11-27;17;1.0
5;2025-11-27;18;1.0
5;2025-11-27;19;1.0
5;2025-11-27;20;1.0
5;2025-11-27;21;1.0
5;2025-11-27;22;1.0
5;2025-11-27;23;1.0
5;2025-11-28;0;1.0
5;2025-11-28;1;1.0
5;2025-11-28;2;1.0
5;2025-11-28;3;1.0
5;2025-11-28;4;1.0
5;2025-11-28;5;1.0
5;2025-11-28;6;1.0
5;2025-11-28;7;1.0
5;2025-11-28;8;1.0
5;2025-11-28;9;1.0
5;2025-11-28;10;1.0
5;2025-11-28;11;1.0
5;2025-11-28;12;1.0
5;2025-11-28;13;1.0
5;2025-11-28;14;1.0
5;2025-11-28;15;1.0
5;2025-11-28;16;1.0
5;2025-11-28;17;1.0
5;2025-11-28;18;1.0
5;2025-11-28;19;1.0
5;2025-11-28;20;1.0
5;2025-11-28;21;1.0
5;2025-11-28;22;1.0
5;2025-11-28;23;1.0
5;2025-11-29;0;1.0
5;2025-11-29;1;1.0
5;2025-11-29;2;1.0
5;2025-11-29;3;1.0
5;2025-11-29;4;1.0
5;2025-11-29;5;1.0
5;2025-11-29;6;1.0
5;2025-11-29;7;1.0
5;2025-11-29;8;1.0
5;2025-11-29;9;1.0
5;2025-11-29;10;1.0
5;2025-11-29;11;1.0
5;2025-11-29;12;1.0
5;2025-11-29;13;1.0
5;2025-11-29;14;1.0
5;2025-11-29;15;1.0
5;2025-11-29;16;1.0
5;2025-11-29;17;1.0
5;2025-11-29;18;1.0
5;2025-11-29;19;1.0
5;2025-11-29;20;1.0
5;2025-11-29;21;1.0
5;2025-11-29;22;1.0
5;2025-11-29;23;1.0
5;2025-11-30;0;1.0
5;2025-11-30;1;1.0
5;2025-11-30;2;1.0
5;2025-11-30;3;1.0
5;2025-11-30;4;1.0
5;2025-11-30;5;1.0
5;2025-11-30;6;1.0
5;2025-11-30;7;1.0
5;2025-11-30;8;1.0
5;2025-11-30;9;1.0
5;2025-11-30;10;1.0
5;2025-11-30;11;1.0
5;2025-11-30;12;1.0
5;2025-11-30;13;1.0
5;2025-11-30;14;1.0
5;2025-11-30;15;1.0
5;2025-11-30;16;1.0
5;2025-11-30;17;1.0
5;2025-11-30;18;1.0
5;2025-11-30;19;1.0
5;2025-11-30;20;1.0
5;2025-11-30;21;1.0
5;2025-11-30;22;1.0
5;2025-11-30;23;1.0
5;2025-12-01;0;1.0
5;2025-12-01;1;1.0
5;2025-12-01;2;1.0
5;2025-12-01;3;1.0
5;2025-12-01;4;1.0
5;2025-12-01;5;1.0
5;2025-12-01;6;1.0
5;2025-12-01;7;1.0
5;2025-12-01;8;1.0
5;2025-12-01;9;1.0
5;2025-12-01;10;1.0
5;2025-12-01;11;1.0
5;2025-12-01;12;1.0
5;2025-12-01;13;1.0
5;2025-12-01;14;1.0
5;2025-12-01;15;1.0
5;2025-12-01;16;1.0
5;2025-12-01;17;1.0
5;2025-12-01;18;1.0
5;2025-12-01;19;1.0
5;2025-12-01;20;1.0
5;2025-12-01;21;1.0
5;2025-12-01;22;1.0
5;2025-12-01;23;1.0
5;2025-12-02;0;1.0
5;2025-12-02;1;1.0
5;2025-12-02;2;1.0
5;2025-12-02;3;1.0
5;2025-12-02;4;1.0
5;2025-12-02;5;1.0
5;2025-12-02;6;1.0
5;2025-12-02;7;1.0
5;2025-12-02;8;1.0
5;2025-12-02;9;1.0
5;2025-12-02;10;1.0
5;2025-12-02;11;1.0
5;2025-12-02;12;1.0
5;2025-12-02;13;1.0
5;2025-12-02;14;1.0
5;2025-12-02;15;1.0
5;2025-12-02;16;1.0
5;2025-12-02;17;1.0
5;2025-12-02;18;1.0
5;2025-12-02;19;1.0
5;2025-12-02;20;1.0
5;2025-12-02;21;1.0
5;2025-12-02;22;1.0
5;2025-12-02;23;1.0
5;2025-12-03;0;1.0
5;2025-12-03;1;1.0
5;2025-12-03;2;1.0
5;2025-12-03;3;1.0
5;2025-12-03;4;1.0
5;2025-12-03;5;1.0
5;2025-12-03;6;1.0
5;2025-12-03;7;1.0
5;2025-12-03;8;1.0
5;2025-12-03;9;1.0
5;2025-12-03;10;1.0
5;2025-12-03;11;1.0
5;2025-12-03;12;1.0
5;2025-12-03;13;1.0
5;2025-12-03;14;1.0
5;2025-12-03;15;1.0
5;2025-12-03;16;1.0
5;2025-12-03;17;1.0
5;2025-12-03;18;1.0
5;2025-12-03;19;1.0
5;2025-12-03;20;1.0
5;2025-12-03;21;1.0
5;2025-12-03;22;1.0
5;2025-12-03;23;1.0
5;2025-12-04;0;1.0
5;2025-12-04;1;1.0
5;2025-12-04;2;1.0
5;2025-12-04;3;1.0
5;2025-12-04;4;1.0
5;2025-12-04;5;1.0
5;2025-12-04;6;1.0
5;2025-12-04;7;1.0
5;2025-12-04;8;1.0
5;2025-12-04;9;1.0
5;2025-12-04;10;1.0
5;2025-12-04;11;1.0
5;2025-12-04;12;1.0
5;2025-12-04;13;1.0
5;2025-12-04;14;1.0
5;2025-12-04;15;1.0
5;2025-12-04;16;1.0
5;2025-12-04;17;1.0
5;2025-12-04;18;1.0
5;2025-12-04;19;1.0
5;2025-12-04;20;1.0
5;2025-12-04;21;1.0
5;2025-12-04;22;1.0
5;2025-12-04;23;1.0
5;2025-12-05;0;1.0
5;2025-12-05;1;1.0
5;2025-12-05;2;1.0
5;2025-12-05;3;1.0
5;2025-12-05;4;1.0
5;2025-12-05;5;1.0
5;2025-12-05;6;1.0
5;2025-12-05;7;1.0
5;2025-12-05;8;1.0
5;2025-12-05;9;1.0
5;2025-12-05;10;1.0
5;2025-12-05;11;1.0
5;2025-12-05;12;1.0
5;2025-12-05;13;1.0
5;2025-12-05;14;1.0
5;2025-12-05;15;1.0
5;2025-12-05;16;1.0
5;2025-12-05;17;1.0
5;2025-12-05;18;1.0
5;2025-12-05;19;1.0
5;2025-12-05;20;1.0
5;2025-12-05;21;1.0
5;2025-12-05;22;1.0
5;2025-12-05;23;1.0
5;2025-12-06;0;1.0
5;2025-12-06;1;1.0
5;2025-12-06;2;1.0
5;2025-12-06;3;1.0
5;2025-12-06;4;1.0
5;2025-12-06;5;1.0
5;2025-12-06;6;1.0
5;2025-12-06;7;1.0
5;2025-12-06;8;1.0
5;2025-12-06;9;1.0
5;2025-12-06;10;1.0
5;2025-12-06;11;1.0
5;2025-12-06;12;1.0
5;2025-12-06;13;1.0
5;2025-12-06;14;1.0
5;2025-12-06;15;1.0
5;2025-12-06;16;1.0
5;2025-12-06;17;1.0
5;2025-12-06;18;1.0
5;2025-12-06;19;1.0
5;2025-12-06;20;1.0
5;2025-12-06;21;1.0
5;2025-12-06;22;1.0
5;2025-12-06;23;1.0
5;2025-12-07;0;1.0
5;2025-12-07;1;1.0
5;2025-12-07;2;1.0
5;2025-12-07;3;1.0
5;2025-12-07;4;1.0
5;2025-12-07;5;1.0
5;2025-12-07;6;1.0
5;2025-12-07;7;1.0
5;2025-12-07;8;1.0
5;2025-12-07;9;1.0
5;2025-12-07;10;1.0
5;2025-12-07;11;1.0
5;2025-12-07;12;1.0
5;2025-12-07;13;1.0
5;2025-12-07;14;1.0
5;2025-12-07;15;1.0
5;2025-12-07;16;1.0
5;2025-12-07;17;1.0
5;2025-12-07;18;1.0
5;2025-12-07;19;1.0
5;2025-12-07;20;1.0
5;2025-12-07;21;1.0
5;2025-12-07;22;1.0
5;2025-12-07;23;1.0
5;2025-12-08;0;1.0
5;2025-12-08;1;1.0
5;2025-12-08;2;1.0
5;2025-12-08;3;1.0
5;2025-12-08;4;1.0
5;2025-12-08;5;1.0
5;2025-12-08;6;1.0
5;2025-12-08;7;1.0
5;2025-12-08;8;1.0
5;2025-12-08;9;1.0
5;2025-12-08;10;1.0
5;2025-12-08;11;1.0
5;2025-12-08;12;1.0
5;2025-12-08;13;1.0
5;2025-12-08;14;1.0
5;2025-12-08;15;1.0
5;2025-12-08;16;1.0
5;2025-12-08;17;1.0
5;2025-12-08;18;1.0
5;2025-12-08;19;1.0
5;2025-12-08;20;1.0
5;2025-12-08;21;1.0
5;2025-12-08;22;1.0
5;2025-12-08;23;1.0
5;2025-12-09;0;1.0
5;2025-12-09;1;1.0
5;2025-12-09;2;1.0
5;2025-12-09;3;1.0
5;2025-12-09;4;1.0
5;2025-12-09;5;1.0
5;2025-12-09;6;1.0
5;2025-12-09;7;1.0
5;2025-12-09;8;1.0
5;2025-12-09;9;1.0
5;2025-12-09;10;1.0
5;2025-12-09;11;1.0
5;2025-12-09;12;1.0
5;2025-12-09;13;1.0
5;2025-12-09;14;1.0
5;2025-12-09;15;1.0
5;2025-12-09;16;1.0
5;2025-12-09;17;1.0
5;2025-12-09;18;1.0
5;2025-12-09;19;1.0
5;2025-12-09;20;1.0
5;2025-12-09;21;1.0
5;2025-12-09;22;1.0
5;2025-12-09;23;1.0
5;2025-12-10;0;1.0
5;2025-12-10;1;1.0
5;2025-12-10;2;1.0
5;2025-12-10;3;1.0
5;2025-12-10;4;1.0
5;2025-12-10;5;1.0
5;2025-12-10;6;1.0
5;2025-12-10;7;1.0
5;2025-12-10;8;1.0
5;2025-12-10;9;1.0
5;2025-12-10;10;1.0
5;2025-12-10;11;1.0
5;2025-12-10;12;1.0
5;2025-12-10;13;1.0
5;2025-12-10;14;1.0
5;2025-12-10;15;1.0
5;2025-12-10;16;1.0
5;2025-12-10;17;1.0
5;2025-12-10;18;1.0
5;2025-12-10;19;1.0
5;2025-12-10;20;1.0
5;2025-12-10;21;1.0
5;2025-12-10;22;1.0
5;2025-12-10;23;1.0
5;2025-12-11;0;1.0
5;2025-12-11;1;1.0
5;2025-12-11;2;1.0
5;2025-12-11;3;1.0
5;2025-12-11;4;1.0
5;2025-12-11;5;1.0
5;2025-12-11;6;1.0
5;2025-12-11;7;1.0
5;2025-12-11;8;1.0
5;2025-12-11;9;1.0
5;2025-12-11;10;1.0
5;2025-12-11;11;1.0
5;2025-12-11;12;1.0
5;2025-12-11;13;1.0
5;2025-12-11;14;1.0
5;2025-12-11;15;1.0
5;2025-12-11;16;1.0
5;2025-12-11;17;1.0
5;2025-12-11;18;1.0
5;2025-12-11;19;1.0
5;2025-12-11;20;1.0
5;2025-12-11;21;1.0
5;2025-12-11;22;1.0
5;2025-12-11;23;1.0
5;2025-12-12;0;1.0
5;2025-12-12;1;1.0
5;2025-12-12;2;1.0
5;2025-12-12;3;1.0
5;2025-12-12;4;1.0
5;2025-12-12;5;1.0
5;2025-12-12;6;1.0
5;2025-12-12;7;1.0
5;2025-12-12;8;1.0
5;2025-12-12;9;1.0
5;2025-12-12;10;1.0
5;2025-12-12;11;1.0
5;2025-12-12;12;1.0
5;2025-12-12;13;1.0
5;2025-12-12;14;1.0
5;2025-12-12;15;1.0
5;2025-12-12;16;1.0
5;2025-12-12;17;1.0
5;2025-12-12;18;1.0
5;2025-12-12;19;1.0
5;2025-12-12;20;1.0
5;2025-12-12;21;1.0
5;2025-12-12;22;1.0
5;2025-12-12;23;1.0
5;2025-12-13;0;1.0
5;2025-12-13;1;1.0
5;2025-12-13;2;1.0
5;2025-12-13;3;1.0
5;2025-12-13;4;1.0
5;2025-12-13;5;1.0
5;2025-12-13;6;1.0
5;2025-12-13;7;1.0
5;2025-12-13;8;1.0
5;2025-12-13;9;1.0
5;2025-12-13;10;1.0
5;2025-12-13;11;1.0
5;2025-12-13;12;1.0
5;2025-12-13;13;1.0
5;2025-12-13;14;1.0
5;2025-12-13;15;1.0
5;2025-12-13;16;1.0
5;2025-12-13;17;1.0
5;2025-12-13;18;1.0
5;2025-12-13;19;1.0
5;2025-12-13;20;1.0
5;2025-12-13;21;1.0
5;2025-12-13;22;1.0
5;2025-12-13;23;1.0
5;2025-12-14;0;1.0
5;2025-12-14;1;1.0
5;2025-12-14;2;1.0
5;2025-12-14;3;1.0
5;2025-12-14;4;1.0
5;2025-12-14;5;1.0
5;2025-12-14;6;1.0
5;2025-12-14;7;1.0
5;2025-12-14;8;1.0
5;2025-12-14;9;1.0
5;2025-12-14;10;1.0
5;2025-12-14;11;1.0
5;2025-12-14;12;1.0
5;2025-12-14;13;1.0
5;2025-12-14;14;1.0
5;2025-12-14;15;1.0
5;2025-12-14;16;1.0
5;2025-12-14;17;1.0
5;2025-12-14;18;1.0
5;2025-12-14;19;1.0
5;2025-12-14;20;1.0
5;2025-12-14;21;1.0
5;2025-12-14;22;1.0
5;2025-12-14;23;1.0
5;2025-12-15;0;1.0
5;2025-12-15;1;1.0
5;2025-12-15;2;1.0
5;2025-12-15;3;1.0
5;2025-12-15;4;1.0
5;2025-12-15;5;1.0
5;2025-12-15;6;1.0
5;2025-12-15;7;1.0
5;2025-12-15;8;1.0
5;2025-12-15;9;1.0
5;2025-12-15;10;1.0
5;2025-12-15;11;1.0
5;2025-12-15;12;1.0
5;2025-12-15;13;1.0
5;2025-12-15;14;1.0
5;2025-12-15;15;1.0
5;2025-12-15;16;1.0
5;2025-12-15;17;1.0
5;2025-12-15;18;1.0
5;2025-12-15;19;1.0
5;2025-12-15;20;1.0
5;2025-12-15;21;1.0
5;2025-12-15;22;1.0
5;2025-12-15;23;1.0
5;2025-12-16;0;1.0
5;2025-12-16;1;1.0
5;2025-12-16;2;1.0
5;2025-12-16;3;1.0
5;2025-12-16;4;1.0
5;2025-12-16;5;1.0
5;2025-12-16;6;1.0
5;2025-12-16;7;1.0
5;2025-12-16;8;1.0
5;2025-12-16;9;1.0
5;2025-12-16;10;1.0
5;2025-12-16;11;1.0
5;2025-12-16;12;1.0
5;2025-12-16;13;1.0
5;2025-12-16;14;1.0
5;2025-12-16;15;1.0
5;2025-12-16;16;1.0
5;2025-12-16;17;1.0
5;2025-12-16;18;1.0
5;2025-12-16;19;1.0
5;2025-12-16;20;1.0
5;2025-12-16;21;1.0
5;2025-12-16;22;1.0
5;2025-12-16;23;1.0
5;2025-12-17;0;1.0
5;2025-12-17;1;1.0
5;2025-12-17;2;1.0
5;2025-12-17;3;1.0
5;2025-12-17;4;1.0
5;2025-12-17;5;1.0
5;2025-12-17;6;1.0
5;2025-12-17;7;1.0
5;2025-12-17;8;1.0
5;2025-12-17;9;1.0
5;2025-12-17;10;1.0
5;2025-12-17;11;1.0
5;2025-12-17;12;1.0
5;2025-12-17;13;1.0
5;2025-12-17;14;1.0
5;2025-12-17;15;1.0
5;2025-12-17;16;1.0
5;2025-12-17;17;1.0
5;2025-12-17;18;1.0
5;2025-12-17;19;1.0
5;2025-12-17;20;1.0
5;2025-12-17;21;1.0
5;2025-12-17;22;1.0
5;2025-12-17;23;1.0
5;2025-12-18;0;1.0
5;2025-12-18;1;1.0
5;2025-12-18;2;1.0
5;2025-12-18;3;1.0
5;2025-12-18;4;1.0
5;2025-12-18;5;1.0
5;2025-12-18;6;1.0
5;2025-12-18;7;1.0
5;2025-12-18;8;1.0
5;2025-12-18;9;1.0
5;2025-12-18;10;1.0
5;2025-12-18;11;1.0
5;2025-12-18;12;1.0
5;2025-12-18;13;1.0
5;2025-12-18;14;1.0
5;2025-12-18;15;1.0
5;2025-12-18;16;1.0
5;2025-12-18;17;1.0
5;2025-12-18;18;1.0
5;2025-12-18;19;1.0
5;2025-12-18;20;1.0
5;2025-12-18;21;1.0
5;2025-12-18;22;1.0
5;2025-12-18;23;1.0
5;2025-12-19;0;1.0
5;2025-12-19;1;1.0
5;2025-12-19;2;1.0
5;2025-12-19;3;1.0
5;2025-12-19;4;1.0
5;2025-12-19;5;1.0
5;2025-12-19;6;1.0
5;2025-12-19;7;1.0
5;2025-12-19;8;1.0
5;2025-12-19;9;1.0
5;2025-12-19;10;1.0
5;2025-12-19;11;1.0
5;2025-12-19;12;1.0
5;2025-12-19;13;1.0
5;2025-12-19;14;1.0
5;2025-12-19;15;1.0
5;2025-12-19;16;1.0
5;2025-12-19;17;1.0
5;2025-12-19;18;1.0
5;2025-12-19;19;1.0
5;2025-12-19;20;1.0
5;2025-12-19;21;1.0
5;2025-12-19;22;1.0
5;2025-12-19;23;1.0
5;2025-12-20;0;1.0
5;2025-12-20;1;1.0
5;2025-12-20;2;1.0
5;2025-12-20;3;1.0
5;2025-12-20;4;1.0
5;2025-12-20;5;1.0
5;2025-12-20;6;1.0
5;2025-12-20;7;1.0
5;2025-12-20;8;1.0
5;2025-12-20;9;1.0
5;2025-12-20;10;1.0
5;2025-12-20;11;1.0
5;2025-12-20;12;1.0
5;2025-12-20;13;1.0
5;2025-12-20;14;1.0
5;2025-12-20;15;1.0
5;2025-12-20;16;1.0
5;2025-12-20;17;1.0
5;2025-12-20;18;1.0
5;2025-12-20;19;1.0
5;2025-12-20;20;1.0
5;2025-12-20;21;1.0
5;2025-12-20;22;1.0
5;2025-12-20;23;1.0
5;2025-12-21;0;1.0
5;2025-12-21;1;1.0
5;2025-12-21;2;1.0
5;2025-12-21;3;1.0
5;2025-12-21;4;1.0
5;2025-12-21;5;1.0
5;2025-12-21;6;1.0
5;2025-12-21;7;1.0
5;2025-12-21;8;1.0
5;2025-12-21;9;1.0
5;2025-12-21;10;1.0
5;2025-12-21;11;1.0
5;2025-12-21;12;1.0
5;2025-12-21;13;1.0
5;2025-12-21;14;1.0
5;2025-12-21;15;1.0
5;2025-12-21;16;1.0
5;2025-12-21;17;1.0
5;2025-12-21;18;1.0
5;2025-12-21;19;1.0
5;2025-12-21;20;1.0
5;2025-12-21;21;1.0
5;2025-12-21;22;1.0
5;2025-12-21;23;1.0
5;2025-12-22;0;1.0
5;2025-12-22;1;1.0
5;2025-12-22;2;1.0
5;2025-12-22;3;1.0
5;2025-12-22;4;1.0
5;2025-12-22;5;1.0
5;2025-12-22;6;1.0
5;2025-12-22;7;1.0
5;2025-12-22;8;1.0
5;2025-12-22;9;1.0
5;2025-12-22;10;1.0
5;2025-12-22;11;1.0
5;2025-12-22;12;1.0
5;2025-12-22;13;1.0
5;2025-12-22;14;1.0
5;2025-12-22;15;1.0
5;2025-12-22;16;1.0
5;2025-12-22;17;1.0
5;2025-12-22;18;1.0
5;2025-12-22;19;1.0
5;2025-12-22;20;1.0
5;2025-12-22;21;1.0
5;2025-12-22;22;1.0
5;2025-12-22;23;1.0
5;2025-12-23;0;1.0
5;2025-12-23;1;1.0
5;2025-12-23;2;1.0
5;2025-12-23;3;1.0
5;2025-12-23;4;1.0
5;2025-12-23;5;1.0
5;2025-12-23;6;1.0
5;2025-12-23;7;1.0
5;2025-12-23;8;1.0
5;2025-12-23;9;1.0
5;2025-12-23;10;1.0
5;2025-12-23;11;1.0
5;2025-12-23;12;1.0
5;2025-12-23;13;1.0
5;2025-12-23;14;1.0
5;2025-12-23;15;1.0
5;2025-12-23;16;1.0
5;2025-12-23;17;1.0
5;2025-12-23;18;1.0
5;2025-12-23;19;1.0
5;2025-12-23;20;1.0
5;2025-12-23;21;1.0
5;2025-12-23;22;1.0
5;2025-12-23;23;1.0
5;2025-12-24;0;1.0
5;2025-12-24;1;1.0
5;2025-12-24;2;1.0
5;2025-12-24;3;1.0
5;2025-12-24;4;1.0
5;2025-12-24;5;1.0
5;2025-12-24;6;1.0
5;2025-12-24;7;1.0
5;2025-12-24;8;1.0
5;2025-12-24;9;1.0
5;2025-12-24;10;1.0
5;2025-12-24;11;1.0
5;2025-12-24;12;1.0
5;2025-12-24;13;1.0
5;2025-12-24;14;1.0
5;2025-12-24;15;1.0
5;2025-12-24;16;1.0
5;2025-12-24;17;1.0
5;2025-12-24;18;1.0
5;2025-12-24;19;1.0
5;2025-12-24;20;1.0
5;2025-12-24;21;1.0
5;2025-12-24;22;1.0
5;2025-12-24;23;1.0
5;2025-12-25;0;1.0
5;2025-12-25;1;1.0
5;2025-12-25;2;1.0
5;2025-12-25;3;1.0
5;2025-12-25;4;1.0
5;2025-12-25;5;1.0
5;2025-12-25;6;1.0
5;2025-12-25;7;1.0
5;2025-12-25;8;1.0
5;2025-12-25;9;1.0
5;2025-12-25;10;1.0
5;2025-12-25;11;1.0
5;2025-12-25;12;1.0
5;2025-12-25;13;1.0
5;2025-12-25;14;1.0
5;2025-12-25;15;1.0
5;2025-12-25;16;1.0
5;2025-12-25;17;1.0
5;2025-12-25;18;1.0
5;2025-12-25;19;1.0
5;2025-12-25;20;1.0
5;2025-12-25;21;1.0
5;2025-12-25;22;1.0
5;2025-12-25;23;1.0
5;2025-12-26;0;1.0
5;2025-12-26;1;1.0
5;2025-12-26;2;1.0
5;2025-12-26;3;1.0
5;2025-12-26;4;1.0
5;2025-12-26;5;1.0
5;2025-12-26;6;1.0
5;2025-12-26;7;1.0
5;2025-12-26;8;1.0
5;2025-12-26;9;1.0
5;2025-12-26;10;1.0
5;2025-12-26;11;1.0
5;2025-12-26;12;1.0
5;2025-12-26;13;1.0
5;2025-12-26;14;1.0
5;2025-12-26;15;1.0
5;2025-12-26;16;1.0
5;2025-12-26;17;1.0
5;2025-12-26;18;1.0
5;2025-12-26;19;1.0
5;2025-12-26;20;1.0
5;2025-12-26;21;1.0
5;2025-12-26;22;1.0
5;2025-12-26;23;1.0
5;2025-12-27;0;1.0
5;2025-12-27;1;1.0
5;2025-12-27;2;1.0
5;2025-12-27;3;1.0
5;2025-12-27;4;1.0
5;2025-12-27;5;1.0
5;2025-12-27;6;1.0
5;2025-12-27;7;1.0
5;2025-12-27;8;1.0
5;2025-12-27;9;1.0
5;2025-12-27;10;1.0
5;2025-12-27;11;1.0
5;2025-12-27;12;1.0
5;2025-12-27;13;1.0
5;2025-12-27;14;1.0
5;2025-12-27;15;1.0
5;2025-12-27;16;1.0
5;2025-12-27;17;1.0
5;2025-12-27;18;1.0
5;2025-12-27;19;1.0
5;2025-12-27;20;1.0
5;2025-12-27;21;1.0
5;2025-12-27;22;1.0
5;2025-12-27;23;1.0
5;2025-12-28;0;1.0
5;2025-12-28;1;1.0
5;2025-12-28;2;1.0
5;2025-12-28;3;1.0
5;2025-12-28;4;1.0
5;2025-12-28;5;1.0
5;2025-12-28;6;1.0
5;2025-12-28;7;1.0
5;2025-12-28;8;1.0
5;2025-12-28;9;1.0
5;2025-12-28;10;1.0
5;2025-12-28;11;1.0
5;2025-12-28;12;1.0
5;2025-12-28;13;1.0
5;2025-12-28;14;1.0
5;2025-12-28;15;1.0
5;2025-12-28;16;1.0
5;2025-12-28;17;1.0
5;2025-12-28;18;1.0
5;2025-12-28;19;1.0
5;2025-12-28;20;1.0
5;2025-12-28;21;1.0
5;2025-12-28;22;1.0
5;2025-12-28;23;1.0
5;2025-12-29;0;1.0
5;2025-12-29;1;1.0
5;2025-12-29;2;1.0
5;2025-12-29;3;1.0
5;2025-12-29;4;1.0
5;2025-12-29;5;1.0
5;2025-12-29;6;1.0
5;2025-12-29;7;1.0
5;2025-12-29;8;1.0
5;2025-12-29;9;1.0
5;2025-12-29;10;1.0
5;2025-12-29;11;1.0
5;2025-12-29;12;1.0
5;2025-12-29;13;1.0
5;2025-12-29;14;1.0
5;2025-12-29;15;1.0
5;2025-12-29;16;1.0
5;2025-12-29;17;1.0
5;2025-12-29;18;1.0
5;2025-12-29;19;1.0
5;2025-12-29;20;1.0
5;2025-12-29;21;1.0
5;2025-12-29;22;1.0
5;2025-12-29;23;1.0
5;2025-12-30;0;1.0
5;2025-12-30;1;1.0
5;2025-12-30;2;1.0
5;2025-12-30;3;1.0
5;2025-12-30;4;1.0
5;2025-12-30;5;1.0
5;2025-12-30;6;1.0
5;2025-12-30;7;1.0
5;2025-12-30;8;1.0
5;2025-12-30;9;1.0
5;2025-12-30;10;1.0
5;2025-12-30;11;1.0
5;2025-12-30;12;1.0
5;2025-12-30;13;1.0
5;2025-12-30;14;1.0
5;2025-12-30;15;1.0
5;2025-12-30;16;1.0
5;2025-12-30;17;1.0
5;2025-12-30;18;1.0
5;2025-12-30;19;1.0
5;2025-12-30;20;1.0
5;2025-12-30;21;1.0
5;2025-12-30;22;1.0
5;2025-12-30;23;1.0
5;2025-12-31;0;1.0
5;2025-12-31;1;1.0
5;2025-12-31;2;1.0
5;2025-12-31;3;1.0
5;2025-12-31;4;1.0
5;2025-12-31;5;1.0
5;2025-12-31;6;1.0
5;2025-12-31;7;1.0
5;2025-12-31;8;1.0
5;2025-12-31;9;1.0
5;2025-12-31;10;1.0
5;2025-12-31;11;1.0
5;2025-12-31;12;1.0
5;2025-12-31;13;1.0
5;2025-12-31;14;1.0
5;2025-12-31;15;1.0
5;2025-12-31;16;1.0
5;2025-12-31;17;1.0
5;2025-12-31;18;1.0
5;2025-12-31;19;1.0
5;2025-12-31;20;1.0
5;2025-12-31;21;1.0
5;2025-12-31;22;1.0
5;2025-12-31;23;1.0
7;2025-11-01;0;0.8870876418902095
7;2025-11-01;1;0.8724451056671304
7;2025-11-01;2;0.6781237375584149
7;2025-11-01;3;1.0
7;2025-11-01;4;0.8692034518170398
7;2025-11-01;5;1.0701694514723976
7;2025-11-01;6;1.1032282446750716
7;2025-11-01;7;1.0681488600329165
7;2025-11-01;8;1.0401236617502698
7;2025-11-01;9;1.049881440681671
7;2025-11-01;10;0.9292845100645689
7;2025-11-01;11;0.9674996286150426
7;2025-11-01;12;0.9737603984795402
7;2025-11-01;13;0.9977840814251593
7;2025-11-01;14;1.011416217559251
7;2025-11-01;15;0.9966984482251341
7;2025-11-01;16;0.993791837543637
7;2025-11-01;17;0.9966704490051006
7;2025-11-01;18;1.0478392995996442
7;2025-11-01;19;1.0915660748372045
7;2025-11-01;20;1.0627852626319525
7;2025-11-01;21;1.0718051949983238
7;2025-11-01;22;1.09648094913024
7;2025-11-01;23;0.9522776337570698
7;2025-11-02;0;0.7814321578894545
7;2025-11-02;1;0.7723254763053334
7;2025-11-02;2;1.0
7;2025-11-02;3;1.0
7;2025-11-02;4;0.6954340735554233
7;2025-11-02;5;0.8997599142753702
7;2025-11-02;6;1.0638225358271431
7;2025-11-02;7;1.16505413954575
7;2025-11-02;8;0.9331021298598989
7;2025-11-02;9;0.914686726859891
7;2025-11-02;10;1.1580095188038322
7;2025-11-02;11;1.0300665799828497
7;2025-11-02;12;1.0601366176880767
7;2025-11-02;13;1.0858562050648002
7;2025-11-02;14;1.1170130452880587
7;2025-11-02;15;1.002722341489912
7;2025-11-02;16;1.0728187384451713
7;2025-11-02;17;1.0713624552619114
7;2025-11-02;18;0.9625695592613354
7;2025-11-02;19;1.055933459301145
7;2025-11-02;20;1.0627427002454903
7;2025-11-02;21;1.1063059517428961
7;2025-11-02;22;1.1852527520063225
7;2025-11-02;23;0.9375359906767957
7;2025-11-03;0;0.7814321578894545
7;2025-11-03;1;0.7723254763053334
7;2025-11-03;2;1.0
7;2025-11-03;3;1.0
7;2025-11-03;4;0.6954340735554233
7;2025-11-03;5;0.8997599142753702
7;2025-11-03;6;1.0638225358271431
7;2025-11-03;7;1.16505413954575
7;2025-11-03;8;0.9331021298598989
7;2025-11-03;9;0.914686726859891
7;2025-11-03;10;1.1580095188038322
7;2025-11-03;11;1.0300665799828497
7;2025-11-03;12;1.0601366176880767
7;2025-11-03;13;1.0858562050648002
7;2025-11-03;14;1.1170130452880587
7;2025-11-03;15;1.002722341489912
7;2025-11-03;16;1.0728187384451713
7;2025-11-03;17;1.0713624552619114
7;2025-11-03;18;0.9625695592613354
7;2025-11-03;19;1.055933459301145
7;2025-11-03;20;1.0627427002454903
7;2025-11-03;21;1.1063059517428961
7;2025-11-03;22;1.1852527520063225
7;2025-11-03;23;0.9375359906767957
7;2025-11-04;0;0.7814321578894545
7;2025-11-04;1;0.7723254763053334
7;2025-11-04;2;1.0
7;2025-11-04;3;1.0
7;2025-11-04;4;0.6954340735554233
7;2025-11-04;5;0.8997599142753702
7;2025-11-04;6;1.0638225358271431
7;2025-11-04;7;1.16505413954575
7;2025-11-04;8;0.9331021298598989
7;2025-11-04;9;0.914686726859891
7;2025-11-04;10;1.1580095188038322
7;2025-11-04;11;1.0300665799828497
7;2025-11-04;12;1.0601366176880767
7;2025-11-04;13;1.0858562050648002
7;2025-11-04;14;1.1170130452880587
7;2025-11-04;15;1.002722341489912
7;2025-11-04;16;1.0728187384451713
7;2025-11-04;17;1.0713624552619114
7;2025-11-04;18;0.9625695592613354
7;2025-11-04;19;1.055933459301145
7;2025-11-04;20;1.0627427002454903
7;2025-11-04;21;1.1063059517428961
7;2025-11-04;22;1.1852527520063225
7;2025-11-04;23;0.9375359906767957
7;2025-11-05;0;1.0922681629247688
7;2025-11-05;1;0.9838291979722853
7;2025-11-05;2;1.0137135124764496
7;2025-11-05;3;1.0
7;2025-11-05;4;1.3169387324814426
7;2025-11-05;5;1.1289554424513928
7;2025-11-05;6;1.2524464653710952
7;2025-11-05;7;1.1026045872833774
7;2025-11-05;8;1.0827360484197073
7;2025-11-05;9;1.0772199465919632
7;2025-11-05;10;1.0401302947914433
7;2025-11-05;11;1.0083244133340106
7;2025-11-05;12;0.9908012887907812
7;2025-11-05;13;1.0412720784964875
7;2025-11-05;14;1.0698710895260242
7;2025-11-05;15;1.0665540157780176
7;2025-11-05;16;1.0729847395699308
7;2025-11-05;17;1.055167107905743
7;2025-11-05;18;1.069393340745596
7;2025-11-05;19;1.1108650745645146
7;2025-11-05;20;1.0961526220179316
7;2025-11-05;21;1.0754849296120734
7;2025-11-05;22;1.1280610701887699
7;2025-11-05;23;1.0398879094063727
7;2025-11-06;0;1.0922681629247688
7;2025-11-06;1;0.9838291979722853
7;2025-11-06;2;1.0137135124764496
7;2025-11-06;3;1.0
7;2025-11-06;4;1.3169387324814426
7;2025-11-06;5;1.1289554424513928
7;2025-11-06;6;1.2524464653710952
7;2025-11-06;7;1.1026045872833774
7;2025-11-06;8;1.0827360484197073
7;2025-11-06;9;1.0772199465919632
7;2025-11-06;10;1.0401302947914433
7;2025-11-06;11;1.0083244133340106
7;2025-11-06;12;0.9908012887907812
7;2025-11-06;13;1.0412720784964875
7;2025-11-06;14;1.0698710895260242
7;2025-11-06;15;1.0665540157780176
7;2025-11-06;16;1.0729847395699308
7;2025-11-06;17;1.055167107905743
7;2025-11-06;18;1.069393340745596
7;2025-11-06;19;1.1108650745645146
7;2025-11-06;20;1.0961526220179316
7;2025-11-06;21;1.0754849296120734
7;2025-11-06;22;1.1280610701887699
7;2025-11-06;23;1.0398879094063727
7;2025-11-07;0;0.8870876418902095
7;2025-11-07;1;0.8724451056671304
7;2025-11-07;2;0.6781237375584149
7;2025-11-07;3;1.0
7;2025-11-07;4;0.8692034518170398
7;2025-11-07;5;1.0701694514723976
7;2025-11-07;6;1.1032282446750716
7;2025-11-07;7;1.0681488600329165
7;2025-11-07;8;1.0401236617502698
7;2025-11-07;9;1.049881440681671
7;2025-11-07;10;0.9292845100645689
7;2025-11-07;11;0.9674996286150426
7;2025-11-07;12;0.9737603984795402
7;2025-11-07;13;0.9977840814251593
7;2025-11-07;14;1.011416217559251
7;2025-11-07;15;0.9966984482251341
7;2025-11-07;16;0.993791837543637
7;2025-11-07;17;0.9966704490051006
7;2025-11-07;18;1.0478392995996442
7;2025-11-07;19;1.0915660748372045
7;2025-11-07;20;1.0627852626319525
7;2025-11-07;21;1.0718051949983238
7;2025-11-07;22;1.09648094913024
7;2025-11-07;23;0.9522776337570698
7;2025-11-08;0;0.6887456839801372
7;2025-11-08;1;0.6664382166041684
7;2025-11-08;2;1.0
7;2025-11-08;3;1.0
7;2025-11-08;4;0.6362743320852404
7;2025-11-08;5;0.857165070992298
7;2025-11-08;6;0.8318054242004413
7;2025-11-08;7;1.0478858637594881
7;2025-11-08;8;0.7928007702500068
7;2025-11-08;9;0.9839546688348176
7;2025-11-08;10;0.9548931687639499
7;2025-11-08;11;1.0349649917575068
7;2025-11-08;12;0.9132216635670586
7;2025-11-08;13;0.9502466936984261
7;2025-11-08;14;1.0206985791088656
7;2025-11-08;15;0.9775474106762804
7;2025-11-08;16;0.9366738784969395
7;2025-11-08;17;0.938598118510832
7;2025-11-08;18;0.9481482054424102
7;2025-11-08;19;1.0765026073161452
7;2025-11-08;20;0.9427148148429406
7;2025-11-08;21;1.0448659279378971
7;2025-11-08;22;1.0006033690873106
7;2025-11-08;23;0.8487821626844708
7;2025-11-09;0;0.7814321578894545
7;2025-11-09;1;0.7723254763053334
7;2025-11-09;2;1.0
7;2025-11-09;3;1.0
7;2025-11-09;4;0.6954340735554233
7;2025-11-09;5;0.8997599142753702
7;2025-11-09;6;1.0638225358271431
7;2025-11-09;7;1.16505413954575
7;2025-11-09;8;0.9331021298598989
7;2025-11-09;9;0.914686726859891
7;2025-11-09;10;1.1580095188038322
7;2025-11-09;11;1.0300665799828497
7;2025-11-09;12;1.0601366176880767
7;2025-11-09;13;1.0858562050648002
7;2025-11-09;14;1.1170130452880587
7;2025-11-09;15;1.002722341489912
7;2025-11-09;16;1.0728187384451713
7;2025-11-09;17;1.0713624552619114
7;2025-11-09;18;0.9625695592613354
7;2025-11-09;19;1.055933459301145
7;2025-11-09;20;1.0627427002454903
7;2025-11-09;21;1.1063059517428961
7;2025-11-09;22;1.1852527520063225
7;2025-11-09;23;0.9375359906767957
7;2025-11-10;0;1.0922681629247688
7;2025-11-10;1;0.9838291979722853
7;2025-11-10;2;1.0137135124764496
7;2025-11-10;3;1.0
7;2025-11-10;4;1.3169387324814426
7;2025-11-10;5;1.1289554424513928
7;2025-11-10;6;1.2524464653710952
7;2025-11-10;7;1.1026045872833774
7;2025-11-10;8;1.0827360484197073
7;2025-11-10;9;1.0772199465919632
7;2025-11-10;10;1.0401302947914433
7;2025-11-10;11;1.0083244133340106
7;2025-11-10;12;0.9908012887907812
7;2025-11-10;13;1.0412720784964875
7;2025-11-10;14;1.0698710895260242
7;2025-11-10;15;1.0665540157780176
7;2025-11-10;16;1.0729847395699308
7;2025-11-10;17;1.055167107905743
7;2025-11-10;18;1.069393340745596
7;2025-11-10;19;1.1108650745645146
7;2025-11-10;20;1.0961526220179316
7;2025-11-10;21;1.0754849296120734
7;2025-11-10;22;1.1280610701887699
7;2025-11-10;23;1.0398879094063727
7;2025-11-11;0;1.0922681629247688
7;2025-11-11;1;0.9838291979722853
7;2025-11-11;2;1.0137135124764496
7;2025-11-11;3;1.0
7;2025-11-11;4;1.3169387324814426
7;2025-11-11;5;1.1289554424513928
7;2025-11-11;6;1.2524464653710952
7;2025-11-11;7;1.1026045872833774
7;2025-11-11;8;1.0827360484197073
7;2025-11-11;9;1.0772199465919632
7;2025-11-11;10;1.0401302947914433
7;2025-11-11;11;1.0083244133340106
7;2025-11-11;12;0.9908012887907812
7;2025-11-11;13;1.0412720784964875
7;2025-11-11;14;1.0698710895260242
7;2025-11-11;15;1.0665540157780176
7;2025-11-11;16;1.0729847395699308
7;2025-11-11;17;1.055167107905743
7;2025-11-11;18;1.069393340745596
7;2025-11-11;19;1.1108650745645146
7;2025-11-11;20;1.0961526220179316
7;2025-11-11;21;1.0754849296120734
7;2025-11-11;22;1.1280610701887699
7;2025-11-11;23;1.0398879094063727
7;2025-11-12;0;1.0922681629247688
7;2025-11-12;1;0.9838291979722853
7;2025-11-12;2;1.0137135124764496
7;2025-11-12;3;1.0
7;2025-11-12;4;1.3169387324814426
7;2025-11-12;5;1.1289554424513928
7;2025-11-12;6;1.2524464653710952
7;2025-11-12;7;1.1026045872833774
7;2025-11-12;8;1.0827360484197073
7;2025-11-12;9;1.0772199465919632
7;2025-11-12;10;1.0401302947914433
7;2025-11-12;11;1.0083244133340106
7;2025-11-12;12;0.9908012887907812
7;2025-11-12;13;1.0412720784964875
7;2025-11-12;14;1.0698710895260242
7;2025-11-12;15;1.0665540157780176
7;2025-11-12;16;1.0729847395699308
7;2025-11-12;17;1.055167107905743
7;2025-11-12;18;1.069393340745596
7;2025-11-12;19;1.1108650745645146
7;2025-11-12;20;1.0961526220179316
7;2025-11-12;21;1.0754849296120734
7;2025-11-12;22;1.1280610701887699
7;2025-11-12;23;1.0398879094063727
7;2025-11-13;0;1.0922681629247688
7;2025-11-13;1;0.9838291979722853
7;2025-11-13;2;1.0137135124764496
7;2025-11-13;3;1.0
7;2025-11-13;4;1.3169387324814426
7;2025-11-13;5;1.1289554424513928
7;2025-11-13;6;1.2524464653710952
7;2025-11-13;7;1.1026045872833774
7;2025-11-13;8;1.0827360484197073
7;2025-11-13;9;1.0772199465919632
7;2025-11-13;10;1.0401302947914433
7;2025-11-13;11;1.0083244133340106
7;2025-11-13;12;0.9908012887907812
7;2025-11-13;13;1.0412720784964875
7;2025-11-13;14;1.0698710895260242
7;2025-11-13;15;1.0665540157780176
7;2025-11-13;16;1.0729847395699308
7;2025-11-13;17;1.055167107905743
7;2025-11-13;18;1.069393340745596
7;2025-11-13;19;1.1108650745645146
7;2025-11-13;20;1.0961526220179316
7;2025-11-13;21;1.0754849296120734
7;2025-11-13;22;1.1280610701887699
7;2025-11-13;23;1.0398879094063727
7;2025-11-14;0;0.8870876418902095
7;2025-11-14;1;0.8724451056671304
7;2025-11-14;2;0.6781237375584149
7;2025-11-14;3;1.0
7;2025-11-14;4;0.8692034518170398
7;2025-11-14;5;1.0701694514723976
7;2025-11-14;6;1.1032282446750716
7;2025-11-14;7;1.0681488600329165
7;2025-11-14;8;1.0401236617502698
7;2025-11-14;9;1.049881440681671
7;2025-11-14;10;0.9292845100645689
7;2025-11-14;11;0.9674996286150426
7;2025-11-14;12;0.9737603984795402
7;2025-11-14;13;0.9977840814251593
7;2025-11-14;14;1.011416217559251
7;2025-11-14;15;0.9966984482251341
7;2025-11-14;16;0.993791837543637
7;2025-11-14;17;0.9966704490051006
7;2025-11-14;18;1.0478392995996442
7;2025-11-14;19;1.0915660748372045
7;2025-11-14;20;1.0627852626319525
7;2025-11-14;21;1.0718051949983238
7;2025-11-14;22;1.09648094913024
7;2025-11-14;23;0.9522776337570698
7;2025-11-15;0;0.6887456839801372
7;2025-11-15;1;0.6664382166041684
7;2025-11-15;2;1.0
7;2025-11-15;3;1.0
7;2025-11-15;4;0.6362743320852404
7;2025-11-15;5;0.857165070992298
7;2025-11-15;6;0.8318054242004413
7;2025-11-15;7;1.0478858637594881
7;2025-11-15;8;0.7928007702500068
7;2025-11-15;9;0.9839546688348176
7;2025-11-15;10;0.9548931687639499
7;2025-11-15;11;1.0349649917575068
7;2025-11-15;12;0.9132216635670586
7;2025-11-15;13;0.9502466936984261
7;2025-11-15;14;1.0206985791088656
7;2025-11-15;15;0.9775474106762804
7;2025-11-15;16;0.9366738784969395
7;2025-11-15;17;0.938598118510832
7;2025-11-15;18;0.9481482054424102
7;2025-11-15;19;1.0765026073161452
7;2025-11-15;20;0.9427148148429406
7;2025-11-15;21;1.0448659279378971
7;2025-11-15;22;1.0006033690873106
7;2025-11-15;23;0.8487821626844708
7;2025-11-16;0;0.7814321578894545
7;2025-11-16;1;0.7723254763053334
7;2025-11-16;2;1.0
7;2025-11-16;3;1.0
7;2025-11-16;4;0.6954340735554233
7;2025-11-16;5;0.8997599142753702
7;2025-11-16;6;1.0638225358271431
7;2025-11-16;7;1.16505413954575
7;2025-11-16;8;0.9331021298598989
7;2025-11-16;9;0.914686726859891
7;2025-11-16;10;1.1580095188038322
7;2025-11-16;11;1.0300665799828497
7;2025-11-16;12;1.0601366176880767
7;2025-11-16;13;1.0858562050648002
7;2025-11-16;14;1.1170130452880587
7;2025-11-16;15;1.002722341489912
7;2025-11-16;16;1.0728187384451713
7;2025-11-16;17;1.0713624552619114
7;2025-11-16;18;0.9625695592613354
7;2025-11-16;19;1.055933459301145
7;2025-11-16;20;1.0627427002454903
7;2025-11-16;21;1.1063059517428961
7;2025-11-16;22;1.1852527520063225
7;2025-11-16;23;0.9375359906767957
7;2025-11-17;0;1.0922681629247688
7;2025-11-17;1;0.9838291979722853
7;2025-11-17;2;1.0137135124764496
7;2025-11-17;3;1.0
7;2025-11-17;4;1.3169387324814426
7;2025-11-17;5;1.1289554424513928
7;2025-11-17;6;1.2524464653710952
7;2025-11-17;7;1.1026045872833774
7;2025-11-17;8;1.0827360484197073
7;2025-11-17;9;1.0772199465919632
7;2025-11-17;10;1.0401302947914433
7;2025-11-17;11;1.0083244133340106
7;2025-11-17;12;0.9908012887907812
7;2025-11-17;13;1.0412720784964875
7;2025-11-17;14;1.0698710895260242
7;2025-11-17;15;1.0665540157780176
7;2025-11-17;16;1.0729847395699308
7;2025-11-17;17;1.055167107905743
7;2025-11-17;18;1.069393340745596
7;2025-11-17;19;1.1108650745645146
7;2025-11-17;20;1.0961526220179316
7;2025-11-17;21;1.0754849296120734
7;2025-11-17;22;1.1280610701887699
7;2025-11-17;23;1.0398879094063727
7;2025-11-18;0;1.0922681629247688
7;2025-11-18;1;0.9838291979722853
7;2025-11-18;2;1.0137135124764496
7;2025-11-18;3;1.0
7;2025-11-18;4;1.3169387324814426
7;2025-11-18;5;1.1289554424513928
7;2025-11-18;6;1.2524464653710952
7;2025-11-18;7;1.1026045872833774
7;2025-11-18;8;1.0827360484197073
7;2025-11-18;9;1.0772199465919632
7;2025-11-18;10;1.0401302947914433
7;2025-11-18;11;1.0083244133340106
7;2025-11-18;12;0.9908012887907812
7;2025-11-18;13;1.0412720784964875
7;2025-11-18;14;1.0698710895260242
7;2025-11-18;15;1.0665540157780176
7;2025-11-18;16;1.0729847395699308
7;2025-11-18;17;1.055167107905743
7;2025-11-18;18;1.069393340745596
7;2025-11-18;19;1.1108650745645146
7;2025-11-18;20;1.0961526220179316
7;2025-11-18;21;1.0754849296120734
7;2025-11-18;22;1.1280610701887699
7;2025-11-18;23;1.0398879094063727
7;2025-11-19;0;1.0922681629247688
7;2025-11-19;1;0.9838291979722853
7;2025-11-19;2;1.0137135124764496
7;2025-11-19;3;1.0
7;2025-11-19;4;1.3169387324814426
7;2025-11-19;5;1.1289554424513928
7;2025-11-19;6;1.2524464653710952
7;2025-11-19;7;1.1026045872833774
7;2025-11-19;8;1.0827360484197073
7;2025-11-19;9;1.0772199465919632
7;2025-11-19;10;1.0401302947914433
7;2025-11-19;11;1.0083244133340106
7;2025-11-19;12;0.9908012887907812
7;2025-11-19;13;1.0412720784964875
7;2025-11-19;14;1.0698710895260242
7;2025-11-19;15;1.0665540157780176
7;2025-11-19;16;1.0729847395699308
7;2025-11-19;17;1.055167107905743
7;2025-11-19;18;1.069393340745596
7;2025-11-19;19;1.1108650745645146
7;2025-11-19;20;1.0961526220179316
7;2025-11-19;21;1.0754849296120734
7;2025-11-19;22;1.1280610701887699
7;2025-11-19;23;1.0398879094063727
7;2025-11-20;0;1.0922681629247688
7;2025-11-20;1;0.9838291979722853
7;2025-11-20;2;1.0137135124764496
7;2025-11-20;3;1.0
7;2025-11-20;4;1.3169387324814426
7;2025-11-20;5;1.1289554424513928
7;2025-11-20;6;1.2524464653710952
7;2025-11-20;7;1.1026045872833774
7;2025-11-20;8;1.0827360484197073
7;2025-11-20;9;1.0772199465919632
7;2025-11-20;10;1.0401302947914433
7;2025-11-20;11;1.0083244133340106
7;2025-11-20;12;0.9908012887907812
7;2025-11-20;13;1.0412720784964875
7;2025-11-20;14;1.0698710895260242
7;2025-11-20;15;1.0665540157780176
7;2025-11-20;16;1.0729847395699308
7;2025-11-20;17;1.055167107905743
7;2025-11-20;18;1.069393340745596
7;2025-11-20;19;1.1108650745645146
7;2025-11-20;20;1.0961526220179316
7;2025-11-20;21;1.0754849296120734
7;2025-11-20;22;1.1280610701887699
7;2025-11-20;23;1.0398879094063727
7;2025-11-21;0;0.8870876418902095
7;2025-11-21;1;0.8724451056671304
7;2025-11-21;2;0.6781237375584149
7;2025-11-21;3;1.0
7;2025-11-21;4;0.8692034518170398
7;2025-11-21;5;1.0701694514723976
7;2025-11-21;6;1.1032282446750716
7;2025-11-21;7;1.0681488600329165
7;2025-11-21;8;1.0401236617502698
7;2025-11-21;9;1.049881440681671
7;2025-11-21;10;0.9292845100645689
7;2025-11-21;11;0.9674996286150426
7;2025-11-21;12;0.9737603984795402
7;2025-11-21;13;0.9977840814251593
7;2025-11-21;14;1.011416217559251
7;2025-11-21;15;0.9966984482251341
7;2025-11-21;16;0.993791837543637
7;2025-11-21;17;0.9966704490051006
7;2025-11-21;18;1.0478392995996442
7;2025-11-21;19;1.0915660748372045
7;2025-11-21;20;1.0627852626319525
7;2025-11-21;21;1.0718051949983238
7;2025-11-21;22;1.09648094913024
7;2025-11-21;23;0.9522776337570698
7;2025-11-22;0;0.6887456839801372
7;2025-11-22;1;0.6664382166041684
7;2025-11-22;2;1.0
7;2025-11-22;3;1.0
7;2025-11-22;4;0.6362743320852404
7;2025-11-22;5;0.857165070992298
7;2025-11-22;6;0.8318054242004413
7;2025-11-22;7;1.0478858637594881
7;2025-11-22;8;0.7928007702500068
7;2025-11-22;9;0.9839546688348176
7;2025-11-22;10;0.9548931687639499
7;2025-11-22;11;1.0349649917575068
7;2025-11-22;12;0.9132216635670586
7;2025-11-22;13;0.9502466936984261
7;2025-11-22;14;1.0206985791088656
7;2025-11-22;15;0.9775474106762804
7;2025-11-22;16;0.9366738784969395
7;2025-11-22;17;0.938598118510832
7;2025-11-22;18;0.9481482054424102
7;2025-11-22;19;1.0765026073161452
7;2025-11-22;20;0.9427148148429406
7;2025-11-22;21;1.0448659279378971
7;2025-11-22;22;1.0006033690873106
7;2025-11-22;23;0.8487821626844708
7;2025-11-23;0;0.7814321578894545
7;2025-11-23;1;0.7723254763053334
7;2025-11-23;2;1.0
7;2025-11-23;3;1.0
7;2025-11-23;4;0.6954340735554233
7;2025-11-23;5;0.8997599142753702
7;2025-11-23;6;1.0638225358271431
7;2025-11-23;7;1.16505413954575
7;2025-11-23;8;0.9331021298598989
7;2025-11-23;9;0.914686726859891
7;2025-11-23;10;1.1580095188038322
7;2025-11-23;11;1.0300665799828497
7;2025-11-23;12;1.0601366176880767
7;2025-11-23;13;1.0858562050648002
7;2025-11-23;14;1.1170130452880587
7;2025-11-23;15;1.002722341489912
7;2025-11-23;16;1.0728187384451713
7;2025-11-23;17;1.0713624552619114
7;2025-11-23;18;0.9625695592613354
7;2025-11-23;19;1.055933459301145
7;2025-11-23;20;1.0627427002454903
7;2025-11-23;21;1.1063059517428961
7;2025-11-23;22;1.1852527520063225
7;2025-11-23;23;0.9375359906767957
7;2025-11-24;0;1.0922681629247688
7;2025-11-24;1;0.9838291979722853
7;2025-11-24;2;1.0137135124764496
7;2025-11-24;3;1.0
7;2025-11-24;4;1.3169387324814426
7;2025-11-24;5;1.1289554424513928
7;2025-11-24;6;1.2524464653710952
7;2025-11-24;7;1.1026045872833774
7;2025-11-24;8;1.0827360484197073
7;2025-11-24;9;1.0772199465919632
7;2025-11-24;10;1.0401302947914433
7;2025-11-24;11;1.0083244133340106
7;2025-11-24;12;0.9908012887907812
7;2025-11-24;13;1.0412720784964875
7;2025-11-24;14;1.0698710895260242
7;2025-11-24;15;1.0665540157780176
7;2025-11-24;16;1.0729847395699308
7;2025-11-24;17;1.055167107905743
7;2025-11-24;18;1.069393340745596
7;2025-11-24;19;1.1108650745645146
7;2025-11-24;20;1.0961526220179316
7;2025-11-24;21;1.0754849296120734
7;2025-11-24;22;1.1280610701887699
7;2025-11-24;23;1.0398879094063727
7;2025-11-25;0;1.0922681629247688
7;2025-11-25;1;0.9838291979722853
7;2025-11-25;2;1.0137135124764496
7;2025-11-25;3;1.0
7;2025-11-25;4;1.3169387324814426
7;2025-11-25;5;1.1289554424513928
7;2025-11-25;6;1.2524464653710952
7;2025-11-25;7;1.1026045872833774
7;2025-11-25;8;1.0827360484197073
7;2025-11-25;9;1.0772199465919632
7;2025-11-25;10;1.0401302947914433
7;2025-11-25;11;1.0083244133340106
7;2025-11-25;12;0.9908012887907812
7;2025-11-25;13;1.0412720784964875
7;2025-11-25;14;1.0698710895260242
7;2025-11-25;15;1.0665540157780176
7;2025-11-25;16;1.0729847395699308
7;2025-11-25;17;1.055167107905743
7;2025-11-25;18;1.069393340745596
7;2025-11-25;19;1.1108650745645146
7;2025-11-25;20;1.0961526220179316
7;2025-11-25;21;1.0754849296120734
7;2025-11-25;22;1.1280610701887699
7;2025-11-25;23;1.0398879094063727
7;2025-11-26;0;1.0922681629247688
7;2025-11-26;1;0.9838291979722853
7;2025-11-26;2;1.0137135124764496
7;2025-11-26;3;1.0
7;2025-11-26;4;1.3169387324814426
7;2025-11-26;5;1.1289554424513928
7;2025-11-26;6;1.2524464653710952
7;2025-11-26;7;1.1026045872833774
7;2025-11-26;8;1.0827360484197073
7;2025-11-26;9;1.0772199465919632
7;2025-11-26;10;1.0401302947914433
7;2025-11-26;11;1.0083244133340106
7;2025-11-26;12;0.9908012887907812
7;2025-11-26;13;1.0412720784964875
7;2025-11-26;14;1.0698710895260242
7;2025-11-26;15;1.0665540157780176
7;2025-11-26;16;1.0729847395699308
7;2025-11-26;17;1.055167107905743
7;2025-11-26;18;1.069393340745596
7;2025-11-26;19;1.1108650745645146
7;2025-11-26;20;1.0961526220179316
7;2025-11-26;21;1.0754849296120734
7;2025-11-26;22;1.1280610701887699
7;2025-11-26;23;1.0398879094063727
7;2025-11-27;0;1.0922681629247688
7;2025-11-27;1;0.9838291979722853
7;2025-11-27;2;1.0137135124764496
7;2025-11-27;3;1.0
7;2025-11-27;4;1.3169387324814426
7;2025-11-27;5;1.1289554424513928
7;2025-11-27;6;1.2524464653710952
7;2025-11-27;7;1.1026045872833774
7;2025-11-27;8;1.0827360484197073
7;2025-11-27;9;1.0772199465919632
7;2025-11-27;10;1.0401302947914433
7;2025-11-27;11;1.0083244133340106
7;2025-11-27;12;0.9908012887907812
7;2025-11-27;13;1.0412720784964875
7;2025-11-27;14;1.0698710895260242
7;2025-11-27;15;1.0665540157780176
7;2025-11-27;16;1.0729847395699308
7;2025-11-27;17;1.055167107905743
7;2025-11-27;18;1.069393340745596
7;2025-11-27;19;1.1108650745645146
7;2025-11-27;20;1.0961526220179316
7;2025-11-27;21;1.0754849296120734
7;2025-11-27;22;1.1280610701887699
7;2025-11-27;23;1.0398879094063727
7;2025-11-28;0;0.8870876418902095
7;2025-11-28;1;0.8724451056671304
7;2025-11-28;2;0.6781237375584149
7;2025-11-28;3;1.0
7;2025-11-28;4;0.8692034518170398
7;2025-11-28;5;1.0701694514723976
7;2025-11-28;6;1.1032282446750716
7;2025-11-28;7;1.0681488600329165
7;2025-11-28;8;1.0401236617502698
7;2025-11-28;9;1.049881440681671
7;2025-11-28;10;0.9292845100645689
7;2025-11-28;11;0.9674996286150426
7;2025-11-28;12;0.9737603984795402
7;2025-11-28;13;0.9977840814251593
7;2025-11-28;14;1.011416217559251
7;2025-11-28;15;0.9966984482251341
7;2025-11-28;16;0.993791837543637
7;2025-11-28;17;0.9966704490051006
7;2025-11-28;18;1.0478392995996442
7;2025-11-28;19;1.0915660748372045
7;2025-11-28;20;1.0627852626319525
7;2025-11-28;21;1.0718051949983238
7;2025-11-28;22;1.09648094913024
7;2025-11-28;23;0.9522776337570698
7;2025-11-29;0;0.6887456839801372
7;2025-11-29;1;0.6664382166041684
7;2025-11-29;2;1.0
7;2025-11-29;3;1.0
7;2025-11-29;4;0.6362743320852404
7;2025-11-29;5;0.857165070992298
7;2025-11-29;6;0.8318054242004413
7;2025-11-29;7;1.0478858637594881
7;2025-11-29;8;0.7928007702500068
7;2025-11-29;9;0.9839546688348176
7;2025-11-29;10;0.9548931687639499
7;2025-11-29;11;1.0349649917575068
7;2025-11-29;12;0.9132216635670586
7;2025-11-29;13;0.9502466936984261
7;2025-11-29;14;1.0206985791088656
7;2025-11-29;15;0.9775474106762804
7;2025-11-29;16;0.9366738784969395
7;2025-11-29;17;0.938598118510832
7;2025-11-29;18;0.9481482054424102
7;2025-11-29;19;1.0765026073161452
7;2025-11-29;20;0.9427148148429406
7;2025-11-29;21;1.0448659279378971
7;2025-11-29;22;1.0006033690873106
7;2025-11-29;23;0.8487821626844708
7;2025-11-30;0;0.7814321578894545
7;2025-11-30;1;0.7723254763053334
7;2025-11-30;2;1.0
7;2025-11-30;3;1.0
7;2025-11-30;4;0.6954340735554233
7;2025-11-30;5;0.8997599142753702
7;2025-11-30;6;1.0638225358271431
7;2025-11-30;7;1.16505413954575
7;2025-11-30;8;0.9331021298598989
7;2025-11-30;9;0.914686726859891
7;2025-11-30;10;1.1580095188038322
7;2025-11-30;11;1.0300665799828497
7;2025-11-30;12;1.0601366176880767
7;2025-11-30;13;1.0858562050648002
7;2025-11-30;14;1.1170130452880587
7;2025-11-30;15;1.002722341489912
7;2025-11-30;16;1.0728187384451713
7;2025-11-30;17;1.0713624552619114
7;2025-11-30;18;0.9625695592613354
7;2025-11-30;19;1.055933459301145
7;2025-11-30;20;1.0627427002454903
7;2025-11-30;21;1.1063059517428961
7;2025-11-30;22;1.1852527520063225
7;2025-11-30;23;0.9375359906767957
7;2025-12-01;0;1.0922681629247688
7;2025-12-01;1;0.9838291979722853
7;2025-12-01;2;1.0137135124764496
7;2025-12-01;3;1.0
7;2025-12-01;4;1.3169387324814426
7;2025-12-01;5;1.1289554424513928
7;2025-12-01;6;1.2524464653710952
7;2025-12-01;7;1.1026045872833774
7;2025-12-01;8;1.0827360484197073
7;2025-12-01;9;1.0772199465919632
7;2025-12-01;10;1.0401302947914433
7;2025-12-01;11;1.0083244133340106
7;2025-12-01;12;0.9908012887907812
7;2025-12-01;13;1.0412720784964875
7;2025-12-01;14;1.0698710895260242
7;2025-12-01;15;1.0665540157780176
7;2025-12-01;16;1.0729847395699308
7;2025-12-01;17;1.055167107905743
7;2025-12-01;18;1.069393340745596
7;2025-12-01;19;1.1108650745645146
7;2025-12-01;20;1.0961526220179316
7;2025-12-01;21;1.0754849296120734
7;2025-12-01;22;1.1280610701887699
7;2025-12-01;23;1.0398879094063727
7;2025-12-02;0;1.0922681629247688
7;2025-12-02;1;0.9838291979722853
7;2025-12-02;2;1.0137135124764496
7;2025-12-02;3;1.0
7;2025-12-02;4;1.3169387324814426
7;2025-12-02;5;1.1289554424513928
7;2025-12-02;6;1.2524464653710952
7;2025-12-02;7;1.1026045872833774
7;2025-12-02;8;1.0827360484197073
7;2025-12-02;9;1.0772199465919632
7;2025-12-02;10;1.0401302947914433
7;2025-12-02;11;1.0083244133340106
7;2025-12-02;12;0.9908012887907812
7;2025-12-02;13;1.0412720784964875
7;2025-12-02;14;1.0698710895260242
7;2025-12-02;15;1.0665540157780176
7;2025-12-02;16;1.0729847395699308
7;2025-12-02;17;1.055167107905743
7;2025-12-02;18;1.069393340745596
7;2025-12-02;19;1.1108650745645146
7;2025-12-02;20;1.0961526220179316
7;2025-12-02;21;1.0754849296120734
7;2025-12-02;22;1.1280610701887699
7;2025-12-02;23;1.0398879094063727
7;2025-12-03;0;1.0922681629247688
7;2025-12-03;1;0.9838291979722853
7;2025-12-03;2;1.0137135124764496
7;2025-12-03;3;1.0
7;2025-12-03;4;1.3169387324814426
7;2025-12-03;5;1.1289554424513928
7;2025-12-03;6;1.2524464653710952
7;2025-12-03;7;1.1026045872833774
7;2025-12-03;8;1.0827360484197073
7;2025-12-03;9;1.0772199465919632
7;2025-12-03;10;1.0401302947914433
7;2025-12-03;11;1.0083244133340106
7;2025-12-03;12;0.9908012887907812
7;2025-12-03;13;1.0412720784964875
7;2025-12-03;14;1.0698710895260242
7;2025-12-03;15;1.0665540157780176
7;2025-12-03;16;1.0729847395699308
7;2025-12-03;17;1.055167107905743
7;2025-12-03;18;1.069393340745596
7;2025-12-03;19;1.1108650745645146
7;2025-12-03;20;1.0961526220179316
7;2025-12-03;21;1.0754849296120734
7;2025-12-03;22;1.1280610701887699
7;2025-12-03;23;1.0398879094063727
7;2025-12-04;0;1.0922681629247688
7;2025-12-04;1;0.9838291979722853
7;2025-12-04;2;1.0137135124764496
7;2025-12-04;3;1.0
7;2025-12-04;4;1.3169387324814426
7;2025-12-04;5;1.1289554424513928
7;2025-12-04;6;1.2524464653710952
7;2025-12-04;7;1.1026045872833774
7;2025-12-04;8;1.0827360484197073
7;2025-12-04;9;1.0772199465919632
7;2025-12-04;10;1.0401302947914433
7;2025-12-04;11;1.0083244133340106
7;2025-12-04;12;0.9908012887907812
7;2025-12-04;13;1.0412720784964875
7;2025-12-04;14;1.0698710895260242
7;2025-12-04;15;1.0665540157780176
7;2025-12-04;16;1.0729847395699308
7;2025-12-04;17;1.055167107905743
7;2025-12-04;18;1.069393340745596
7;2025-12-04;19;1.1108650745645146
7;2025-12-04;20;1.0961526220179316
7;2025-12-04;21;1.0754849296120734
7;2025-12-04;22;1.1280610701887699
7;2025-12-04;23;1.0398879094063727
7;2025-12-05;0;0.8870876418902095
7;2025-12-05;1;0.8724451056671304
7;2025-12-05;2;0.6781237375584149
7;2025-12-05;3;1.0
7;2025-12-05;4;0.8692034518170398
7;2025-12-05;5;1.0701694514723976
7;2025-12-05;6;1.1032282446750716
7;2025-12-05;7;1.0681488600329165
7;2025-12-05;8;1.0401236617502698
7;2025-12-05;9;1.049881440681671
7;2025-12-05;10;0.9292845100645689
7;2025-12-05;11;0.9674996286150426
7;2025-12-05;12;0.9737603984795402
7;2025-12-05;13;0.9977840814251593
7;2025-12-05;14;1.011416217559251
7;2025-12-05;15;0.9966984482251341
7;2025-12-05;16;0.993791837543637
7;2025-12-05;17;0.9966704490051006
7;2025-12-05;18;1.0478392995996442
7;2025-12-05;19;1.0915660748372045
7;2025-12-05;20;1.0627852626319525
7;2025-12-05;21;1.0718051949983238
7;2025-12-05;22;1.09648094913024
7;2025-12-05;23;0.9522776337570698
7;2025-12-06;0;0.6887456839801372
7;2025-12-06;1;0.6664382166041684
7;2025-12-06;2;1.0
7;2025-12-06;3;1.0
7;2025-12-06;4;0.6362743320852404
7;2025-12-06;5;0.857165070992298
7;2025-12-06;6;0.8318054242004413
7;2025-12-06;7;1.0478858637594881
7;2025-12-06;8;0.7928007702500068
7;2025-12-06;9;0.9839546688348176
7;2025-12-06;10;0.9548931687639499
7;2025-12-06;11;1.0349649917575068
7;2025-12-06;12;0.9132216635670586
7;2025-12-06;13;0.9502466936984261
7;2025-12-06;14;1.0206985791088656
7;2025-12-06;15;0.9775474106762804
7;2025-12-06;16;0.9366738784969395
7;2025-12-06;17;0.938598118510832
7;2025-12-06;18;0.9481482054424102
7;2025-12-06;19;1.0765026073161452
7;2025-12-06;20;0.9427148148429406
7;2025-12-06;21;1.0448659279378971
7;2025-12-06;22;1.0006033690873106
7;2025-12-06;23;0.8487821626844708
7;2025-12-07;0;0.7814321578894545
7;2025-12-07;1;0.7723254763053334
7;2025-12-07;2;1.0
7;2025-12-07;3;1.0
7;2025-12-07;4;0.6954340735554233
7;2025-12-07;5;0.8997599142753702
7;2025-12-07;6;1.0638225358271431
7;2025-12-07;7;1.16505413954575
7;2025-12-07;8;0.9331021298598989
7;2025-12-07;9;0.914686726859891
7;2025-12-07;10;1.1580095188038322
7;2025-12-07;11;1.0300665799828497
7;2025-12-07;12;1.0601366176880767
7;2025-12-07;13;1.0858562050648002
7;2025-12-07;14;1.1170130452880587
7;2025-12-07;15;1.002722341489912
7;2025-12-07;16;1.0728187384451713
7;2025-12-07;17;1.0713624552619114
7;2025-12-07;18;0.9625695592613354
7;2025-12-07;19;1.055933459301145
7;2025-12-07;20;1.0627427002454903
7;2025-12-07;21;1.1063059517428961
7;2025-12-07;22;1.1852527520063225
7;2025-12-07;23;0.9375359906767957
7;2025-12-08;0;1.0922681629247688
7;2025-12-08;1;0.9838291979722853
7;2025-12-08;2;1.0137135124764496
7;2025-12-08;3;1.0
7;2025-12-08;4;1.3169387324814426
7;2025-12-08;5;1.1289554424513928
7;2025-12-08;6;1.2524464653710952
7;2025-12-08;7;1.1026045872833774
7;2025-12-08;8;1.0827360484197073
7;2025-12-08;9;1.0772199465919632
7;2025-12-08;10;1.0401302947914433
7;2025-12-08;11;1.0083244133340106
7;2025-12-08;12;0.9908012887907812
7;2025-12-08;13;1.0412720784964875
7;2025-12-08;14;1.0698710895260242
7;2025-12-08;15;1.0665540157780176
7;2025-12-08;16;1.0729847395699308
7;2025-12-08;17;1.055167107905743
7;2025-12-08;18;1.069393340745596
7;2025-12-08;19;1.1108650745645146
7;2025-12-08;20;1.0961526220179316
7;2025-12-08;21;1.0754849296120734
7;2025-12-08;22;1.1280610701887699
7;2025-12-08;23;1.0398879094063727
7;2025-12-09;0;1.0922681629247688
7;2025-12-09;1;0.9838291979722853
7;2025-12-09;2;1.0137135124764496
7;2025-12-09;3;1.0
7;2025-12-09;4;1.3169387324814426
7;2025-12-09;5;1.1289554424513928
7;2025-12-09;6;1.2524464653710952
7;2025-12-09;7;1.1026045872833774
7;2025-12-09;8;1.0827360484197073
7;2025-12-09;9;1.0772199465919632
7;2025-12-09;10;1.0401302947914433
7;2025-12-09;11;1.0083244133340106
7;2025-12-09;12;0.9908012887907812
7;2025-12-09;13;1.0412720784964875
7;2025-12-09;14;1.0698710895260242
7;2025-12-09;15;1.0665540157780176
7;2025-12-09;16;1.0729847395699308
7;2025-12-09;17;1.055167107905743
7;2025-12-09;18;1.069393340745596
7;2025-12-09;19;1.1108650745645146
7;2025-12-09;20;1.0961526220179316
7;2025-12-09;21;1.0754849296120734
7;2025-12-09;22;1.1280610701887699
7;2025-12-09;23;1.0398879094063727
7;2025-12-10;0;1.0922681629247688
7;2025-12-10;1;0.9838291979722853
7;2025-12-10;2;1.0137135124764496
7;2025-12-10;3;1.0
7;2025-12-10;4;1.3169387324814426
7;2025-12-10;5;1.1289554424513928
7;2025-12-10;6;1.2524464653710952
7;2025-12-10;7;1.1026045872833774
7;2025-12-10;8;1.0827360484197073
7;2025-12-10;9;1.0772199465919632
7;2025-12-10;10;1.0401302947914433
7;2025-12-10;11;1.0083244133340106
7;2025-12-10;12;0.9908012887907812
7;2025-12-10;13;1.0412720784964875
7;2025-12-10;14;1.0698710895260242
7;2025-12-10;15;1.0665540157780176
7;2025-12-10;16;1.0729847395699308
7;2025-12-10;17;1.055167107905743
7;2025-12-10;18;1.069393340745596
7;2025-12-10;19;1.1108650745645146
7;2025-12-10;20;1.0961526220179316
7;2025-12-10;21;1.0754849296120734
7;2025-12-10;22;1.1280610701887699
7;2025-12-10;23;1.0398879094063727
7;2025-12-11;0;1.0922681629247688
7;2025-12-11;1;0.9838291979722853
7;2025-12-11;2;1.0137135124764496
7;2025-12-11;3;1.0
7;2025-12-11;4;1.3169387324814426
7;2025-12-11;5;1.1289554424513928
7;2025-12-11;6;1.2524464653710952
7;2025-12-11;7;1.1026045872833774
7;2025-12-11;8;1.0827360484197073
7;2025-12-11;9;1.0772199465919632
7;2025-12-11;10;1.0401302947914433
7;2025-12-11;11;1.0083244133340106
7;2025-12-11;12;0.9908012887907812
7;2025-12-11;13;1.0412720784964875
7;2025-12-11;14;1.0698710895260242
7;2025-12-11;15;1.0665540157780176
7;2025-12-11;16;1.0729847395699308
7;2025-12-11;17;1.055167107905743
7;2025-12-11;18;1.069393340745596
7;2025-12-11;19;1.1108650745645146
7;2025-12-11;20;1.0961526220179316
7;2025-12-11;21;1.0754849296120734
7;2025-12-11;22;1.1280610701887699
7;2025-12-11;23;1.0398879094063727
7;2025-12-12;0;0.8870876418902095
7;2025-12-12;1;0.8724451056671304
7;2025-12-12;2;0.6781237375584149
7;2025-12-12;3;1.0
7;2025-12-12;4;0.8692034518170398
7;2025-12-12;5;1.0701694514723976
7;2025-12-12;6;1.1032282446750716
7;2025-12-12;7;1.0681488600329165
7;2025-12-12;8;1.0401236617502698
7;2025-12-12;9;1.049881440681671
7;2025-12-12;10;0.9292845100645689
7;2025-12-12;11;0.9674996286150426
7;2025-12-12;12;0.9737603984795402
7;2025-12-12;13;0.9977840814251593
7;2025-12-12;14;1.011416217559251
7;2025-12-12;15;0.9966984482251341
7;2025-12-12;16;0.993791837543637
7;2025-12-12;17;0.9966704490051006
7;2025-12-12;18;1.0478392995996442
7;2025-12-12;19;1.0915660748372045
7;2025-12-12;20;1.0627852626319525
7;2025-12-12;21;1.0718051949983238
7;2025-12-12;22;1.09648094913024
7;2025-12-12;23;0.9522776337570698
7;2025-12-13;0;0.6887456839801372
7;2025-12-13;1;0.6664382166041684
7;2025-12-13;2;1.0
7;2025-12-13;3;1.0
7;2025-12-13;4;0.6362743320852404
7;2025-12-13;5;0.857165070992298
7;2025-12-13;6;0.8318054242004413
7;2025-12-13;7;1.0478858637594881
7;2025-12-13;8;0.7928007702500068
7;2025-12-13;9;0.9839546688348176
7;2025-12-13;10;0.9548931687639499
7;2025-12-13;11;1.0349649917575068
7;2025-12-13;12;0.9132216635670586
7;2025-12-13;13;0.9502466936984261
7;2025-12-13;14;1.0206985791088656
7;2025-12-13;15;0.9775474106762804
7;2025-12-13;16;0.9366738784969395
7;2025-12-13;17;0.938598118510832
7;2025-12-13;18;0.9481482054424102
7;2025-12-13;19;1.0765026073161452
7;2025-12-13;20;0.9427148148429406
7;2025-12-13;21;1.0448659279378971
7;2025-12-13;22;1.0006033690873106
7;2025-12-13;23;0.8487821626844708
7;2025-12-14;0;0.7814321578894545
7;2025-12-14;1;0.7723254763053334
7;2025-12-14;2;1.0
7;2025-12-14;3;1.0
7;2025-12-14;4;0.6954340735554233
7;2025-12-14;5;0.8997599142753702
7;2025-12-14;6;1.0638225358271431
7;2025-12-14;7;1.16505413954575
7;2025-12-14;8;0.9331021298598989
7;2025-12-14;9;0.914686726859891
7;2025-12-14;10;1.1580095188038322
7;2025-12-14;11;1.0300665799828497
7;2025-12-14;12;1.0601366176880767
7;2025-12-14;13;1.0858562050648002
7;2025-12-14;14;1.1170130452880587
7;2025-12-14;15;1.002722341489912
7;2025-12-14;16;1.0728187384451713
7;2025-12-14;17;1.0713624552619114
7;2025-12-14;18;0.9625695592613354
7;2025-12-14;19;1.055933459301145
7;2025-12-14;20;1.0627427002454903
7;2025-12-14;21;1.1063059517428961
7;2025-12-14;22;1.1852527520063225
7;2025-12-14;23;0.9375359906767957
7;2025-12-15;0;1.0922681629247688
7;2025-12-15;1;0.9838291979722853
7;2025-12-15;2;1.0137135124764496
7;2025-12-15;3;1.0
7;2025-12-15;4;1.3169387324814426
7;2025-12-15;5;1.1289554424513928
7;2025-12-15;6;1.2524464653710952
7;2025-12-15;7;1.1026045872833774
7;2025-12-15;8;1.0827360484197073
7;2025-12-15;9;1.0772199465919632
7;2025-12-15;10;1.0401302947914433
7;2025-12-15;11;1.0083244133340106
7;2025-12-15;12;0.9908012887907812
7;2025-12-15;13;1.0412720784964875
7;2025-12-15;14;1.0698710895260242
7;2025-12-15;15;1.0665540157780176
7;2025-12-15;16;1.0729847395699308
7;2025-12-15;17;1.055167107905743
7;2025-12-15;18;1.069393340745596
7;2025-12-15;19;1.1108650745645146
7;2025-12-15;20;1.0961526220179316
7;2025-12-15;21;1.0754849296120734
7;2025-12-15;22;1.1280610701887699
7;2025-12-15;23;1.0398879094063727
7;2025-12-16;0;1.0922681629247688
7;2025-12-16;1;0.9838291979722853
7;2025-12-16;2;1.0137135124764496
7;2025-12-16;3;1.0
7;2025-12-16;4;1.3169387324814426
7;2025-12-16;5;1.1289554424513928
7;2025-12-16;6;1.2524464653710952
7;2025-12-16;7;1.1026045872833774
7;2025-12-16;8;1.0827360484197073
7;2025-12-16;9;1.0772199465919632
7;2025-12-16;10;1.0401302947914433
7;2025-12-16;11;1.0083244133340106
7;2025-12-16;12;0.9908012887907812
7;2025-12-16;13;1.0412720784964875
7;2025-12-16;14;1.0698710895260242
7;2025-12-16;15;1.0665540157780176
7;2025-12-16;16;1.0729847395699308
7;2025-12-16;17;1.055167107905743
7;2025-12-16;18;1.069393340745596
7;2025-12-16;19;1.1108650745645146
7;2025-12-16;20;1.0961526220179316
7;2025-12-16;21;1.0754849296120734
7;2025-12-16;22;1.1280610701887699
7;2025-12-16;23;1.0398879094063727
7;2025-12-17;0;1.0922681629247688
7;2025-12-17;1;0.9838291979722853
7;2025-12-17;2;1.0137135124764496
7;2025-12-17;3;1.0
7;2025-12-17;4;1.3169387324814426
7;2025-12-17;5;1.1289554424513928
7;2025-12-17;6;1.2524464653710952
7;2025-12-17;7;1.1026045872833774
7;2025-12-17;8;1.0827360484197073
7;2025-12-17;9;1.0772199465919632
7;2025-12-17;10;1.0401302947914433
7;2025-12-17;11;1.0083244133340106
7;2025-12-17;12;0.9908012887907812
7;2025-12-17;13;1.0412720784964875
7;2025-12-17;14;1.0698710895260242
7;2025-12-17;15;1.0665540157780176
7;2025-12-17;16;1.0729847395699308
7;2025-12-17;17;1.055167107905743
7;2025-12-17;18;1.069393340745596
7;2025-12-17;19;1.1108650745645146
7;2025-12-17;20;1.0961526220179316
7;2025-12-17;21;1.0754849296120734
7;2025-12-17;22;1.1280610701887699
7;2025-12-17;23;1.0398879094063727
7;2025-12-18;0;1.0922681629247688
7;2025-12-18;1;0.9838291979722853
7;2025-12-18;2;1.0137135124764496
7;2025-12-18;3;1.0
7;2025-12-18;4;1.3169387324814426
7;2025-12-18;5;1.1289554424513928
7;2025-12-18;6;1.2524464653710952
7;2025-12-18;7;1.1026045872833774
7;2025-12-18;8;1.0827360484197073
7;2025-12-18;9;1.0772199465919632
7;2025-12-18;10;1.0401302947914433
7;2025-12-18;11;1.0083244133340106
7;2025-12-18;12;0.9908012887907812
7;2025-12-18;13;1.0412720784964875
7;2025-12-18;14;1.0698710895260242
7;2025-12-18;15;1.0665540157780176
7;2025-12-18;16;1.0729847395699308
7;2025-12-18;17;1.055167107905743
7;2025-12-18;18;1.069393340745596
7;2025-12-18;19;1.1108650745645146
7;2025-12-18;20;1.0961526220179316
7;2025-12-18;21;1.0754849296120734
7;2025-12-18;22;1.1280610701887699
7;2025-12-18;23;1.0398879094063727
7;2025-12-19;0;0.8870876418902095
7;2025-12-19;1;0.8724451056671304
7;2025-12-19;2;0.6781237375584149
7;2025-12-19;3;1.0
7;2025-12-19;4;0.8692034518170398
7;2025-12-19;5;1.0701694514723976
7;2025-12-19;6;1.1032282446750716
7;2025-12-19;7;1.0681488600329165
7;2025-12-19;8;1.0401236617502698
7;2025-12-19;9;1.049881440681671
7;2025-12-19;10;0.9292845100645689
7;2025-12-19;11;0.9674996286150426
7;2025-12-19;12;0.9737603984795402
7;2025-12-19;13;0.9977840814251593
7;2025-12-19;14;1.011416217559251
7;2025-12-19;15;0.9966984482251341
7;2025-12-19;16;0.993791837543637
7;2025-12-19;17;0.9966704490051006
7;2025-12-19;18;1.0478392995996442
7;2025-12-19;19;1.0915660748372045
7;2025-12-19;20;1.0627852626319525
7;2025-12-19;21;1.0718051949983238
7;2025-12-19;22;1.09648094913024
7;2025-12-19;23;0.9522776337570698
7;2025-12-20;0;0.6887456839801372
7;2025-12-20;1;0.6664382166041684
7;2025-12-20;2;1.0
7;2025-12-20;3;1.0
7;2025-12-20;4;0.6362743320852404
7;2025-12-20;5;0.857165070992298
7;2025-12-20;6;0.8318054242004413
7;2025-12-20;7;1.0478858637594881
7;2025-12-20;8;0.7928007702500068
7;2025-12-20;9;0.9839546688348176
7;2025-12-20;10;0.9548931687639499
7;2025-12-20;11;1.0349649917575068
7;2025-12-20;12;0.9132216635670586
7;2025-12-20;13;0.9502466936984261
7;2025-12-20;14;1.0206985791088656
7;2025-12-20;15;0.9775474106762804
7;2025-12-20;16;0.9366738784969395
7;2025-12-20;17;0.938598118510832
7;2025-12-20;18;0.9481482054424102
7;2025-12-20;19;1.0765026073161452
7;2025-12-20;20;0.9427148148429406
7;2025-12-20;21;1.0448659279378971
7;2025-12-20;22;1.0006033690873106
7;2025-12-20;23;0.8487821626844708
7;2025-12-21;0;0.7814321578894545
7;2025-12-21;1;0.7723254763053334
7;2025-12-21;2;1.0
7;2025-12-21;3;1.0
7;2025-12-21;4;0.6954340735554233
7;2025-12-21;5;0.8997599142753702
7;2025-12-21;6;1.0638225358271431
7;2025-12-21;7;1.16505413954575
7;2025-12-21;8;0.9331021298598989
7;2025-12-21;9;0.914686726859891
7;2025-12-21;10;1.1580095188038322
7;2025-12-21;11;1.0300665799828497
7;2025-12-21;12;1.0601366176880767
7;2025-12-21;13;1.0858562050648002
7;2025-12-21;14;1.1170130452880587
7;2025-12-21;15;1.002722341489912
7;2025-12-21;16;1.0728187384451713
7;2025-12-21;17;1.0713624552619114
7;2025-12-21;18;0.9625695592613354
7;2025-12-21;19;1.055933459301145
7;2025-12-21;20;1.0627427002454903
7;2025-12-21;21;1.1063059517428961
7;2025-12-21;22;1.1852527520063225
7;2025-12-21;23;0.9375359906767957
7;2025-12-22;0;1.0922681629247688
7;2025-12-22;1;0.9838291979722853
7;2025-12-22;2;1.0137135124764496
7;2025-12-22;3;1.0
7;2025-12-22;4;1.3169387324814426
7;2025-12-22;5;1.1289554424513928
7;2025-12-22;6;1.2524464653710952
7;2025-12-22;7;1.1026045872833774
7;2025-12-22;8;1.0827360484197073
7;2025-12-22;9;1.0772199465919632
7;2025-12-22;10;1.0401302947914433
7;2025-12-22;11;1.0083244133340106
7;2025-12-22;12;0.9908012887907812
7;2025-12-22;13;1.0412720784964875
7;2025-12-22;14;1.0698710895260242
7;2025-12-22;15;1.0665540157780176
7;2025-12-22;16;1.0729847395699308
7;2025-12-22;17;1.055167107905743
7;2025-12-22;18;1.069393340745596
7;2025-12-22;19;1.1108650745645146
7;2025-12-22;20;1.0961526220179316
7;2025-12-22;21;1.0754849296120734
7;2025-12-22;22;1.1280610701887699
7;2025-12-22;23;1.0398879094063727
7;2025-12-23;0;1.0922681629247688
7;2025-12-23;1;0.9838291979722853
7;2025-12-23;2;1.0137135124764496
7;2025-12-23;3;1.0
7;2025-12-23;4;1.3169387324814426
7;2025-12-23;5;1.1289554424513928
7;2025-12-23;6;1.2524464653710952
7;2025-12-23;7;1.1026045872833774
7;2025-12-23;8;1.0827360484197073
7;2025-12-23;9;1.0772199465919632
7;2025-12-23;10;1.0401302947914433
7;2025-12-23;11;1.0083244133340106
7;2025-12-23;12;0.9908012887907812
7;2025-12-23;13;1.0412720784964875
7;2025-12-23;14;1.0698710895260242
7;2025-12-23;15;1.0665540157780176
7;2025-12-23;16;1.0729847395699308
7;2025-12-23;17;1.055167107905743
7;2025-12-23;18;1.069393340745596
7;2025-12-23;19;1.1108650745645146
7;2025-12-23;20;1.0961526220179316
7;2025-12-23;21;1.0754849296120734
7;2025-12-23;22;1.1280610701887699
7;2025-12-23;23;1.0398879094063727
7;2025-12-24;0;1.0922681629247688
7;2025-12-24;1;0.9838291979722853
7;2025-12-24;2;1.0137135124764496
7;2025-12-24;3;1.0
7;2025-12-24;4;1.3169387324814426
7;2025-12-24;5;1.1289554424513928
7;2025-12-24;6;1.2524464653710952
7;2025-12-24;7;1.1026045872833774
7;2025-12-24;8;1.0827360484197073
7;2025-12-24;9;1.0772199465919632
7;2025-12-24;10;1.0401302947914433
7;2025-12-24;11;1.0083244133340106
7;2025-12-24;12;0.9908012887907812
7;2025-12-24;13;1.0412720784964875
7;2025-12-24;14;1.0698710895260242
7;2025-12-24;15;1.0665540157780176
7;2025-12-24;16;1.0729847395699308
7;2025-12-24;17;1.055167107905743
7;2025-12-24;18;1.069393340745596
7;2025-12-24;19;1.1108650745645146
7;2025-12-24;20;1.0961526220179316
7;2025-12-24;21;1.0754849296120734
7;2025-12-24;22;1.1280610701887699
7;2025-12-24;23;1.0398879094063727
7;2025-12-25;0;1.0922681629247688
7;2025-12-25;1;0.9838291979722853
7;2025-12-25;2;1.0137135124764496
7;2025-12-25;3;1.0
7;2025-12-25;4;1.3169387324814426
7;2025-12-25;5;1.1289554424513928
7;2025-12-25;6;1.2524464653710952
7;2025-12-25;7;1.1026045872833774
7;2025-12-25;8;1.0827360484197073
7;2025-12-25;9;1.0772199465919632
7;2025-12-25;10;1.0401302947914433
7;2025-12-25;11;1.0083244133340106
7;2025-12-25;12;0.9908012887907812
7;2025-12-25;13;1.0412720784964875
7;2025-12-25;14;1.0698710895260242
7;2025-12-25;15;1.0665540157780176
7;2025-12-25;16;1.0729847395699308
7;2025-12-25;17;1.055167107905743
7;2025-12-25;18;1.069393340745596
7;2025-12-25;19;1.1108650745645146
7;2025-12-25;20;1.0961526220179316
7;2025-12-25;21;1.0754849296120734
7;2025-12-25;22;1.1280610701887699
7;2025-12-25;23;1.0398879094063727
7;2025-12-26;0;0.8870876418902095
7;2025-12-26;1;0.8724451056671304
7;2025-12-26;2;0.6781237375584149
7;2025-12-26;3;1.0
7;2025-12-26;4;0.8692034518170398
7;2025-12-26;5;1.0701694514723976
7;2025-12-26;6;1.1032282446750716
7;2025-12-26;7;1.0681488600329165
7;2025-12-26;8;1.0401236617502698
7;2025-12-26;9;1.049881440681671
7;2025-12-26;10;0.9292845100645689
7;2025-12-26;11;0.9674996286150426
7;2025-12-26;12;0.9737603984795402
7;2025-12-26;13;0.9977840814251593
7;2025-12-26;14;1.011416217559251
7;2025-12-26;15;0.9966984482251341
7;2025-12-26;16;0.993791837543637
7;2025-12-26;17;0.9966704490051006
7;2025-12-26;18;1.0478392995996442
7;2025-12-26;19;1.0915660748372045
7;2025-12-26;20;1.0627852626319525
7;2025-12-26;21;1.0718051949983238
7;2025-12-26;22;1.09648094913024
7;2025-12-26;23;0.9522776337570698
7;2025-12-27;0;0.6887456839801372
7;2025-12-27;1;0.6664382166041684
7;2025-12-27;2;1.0
7;2025-12-27;3;1.0
7;2025-12-27;4;0.6362743320852404
7;2025-12-27;5;0.857165070992298
7;2025-12-27;6;0.8318054242004413
7;2025-12-27;7;1.0478858637594881
7;2025-12-27;8;0.7928007702500068
7;2025-12-27;9;0.9839546688348176
7;2025-12-27;10;0.9548931687639499
7;2025-12-27;11;1.0349649917575068
7;2025-12-27;12;0.9132216635670586
7;2025-12-27;13;0.9502466936984261
7;2025-12-27;14;1.0206985791088656
7;2025-12-27;15;0.9775474106762804
7;2025-12-27;16;0.9366738784969395
7;2025-12-27;17;0.938598118510832
7;2025-12-27;18;0.9481482054424102
7;2025-12-27;19;1.0765026073161452
7;2025-12-27;20;0.9427148148429406
7;2025-12-27;21;1.0448659279378971
7;2025-12-27;22;1.0006033690873106
7;2025-12-27;23;0.8487821626844708
7;2025-12-28;0;0.7814321578894545
7;2025-12-28;1;0.7723254763053334
7;2025-12-28;2;1.0
7;2025-12-28;3;1.0
7;2025-12-28;4;0.6954340735554233
7;2025-12-28;5;0.8997599142753702
7;2025-12-28;6;1.0638225358271431
7;2025-12-28;7;1.16505413954575
7;2025-12-28;8;0.9331021298598989
7;2025-12-28;9;0.914686726859891
7;2025-12-28;10;1.1580095188038322
7;2025-12-28;11;1.0300665799828497
7;2025-12-28;12;1.0601366176880767
7;2025-12-28;13;1.0858562050648002
7;2025-12-28;14;1.1170130452880587
7;2025-12-28;15;1.002722341489912
7;2025-12-28;16;1.0728187384451713
7;2025-12-28;17;1.0713624552619114
7;2025-12-28;18;0.9625695592613354
7;2025-12-28;19;1.055933459301145
7;2025-12-28;20;1.0627427002454903
7;2025-12-28;21;1.1063059517428961
7;2025-12-28;22;1.1852527520063225
7;2025-12-28;23;0.9375359906767957
7;2025-12-29;0;1.0922681629247688
7;2025-12-29;1;0.9838291979722853
7;2025-12-29;2;1.0137135124764496
7;2025-12-29;3;1.0
7;2025-12-29;4;1.3169387324814426
7;2025-12-29;5;1.1289554424513928
7;2025-12-29;6;1.2524464653710952
7;2025-12-29;7;1.1026045872833774
7;2025-12-29;8;1.0827360484197073
7;2025-12-29;9;1.0772199465919632
7;2025-12-29;10;1.0401302947914433
7;2025-12-29;11;1.0083244133340106
7;2025-12-29;12;0.9908012887907812
7;2025-12-29;13;1.0412720784964875
7;2025-12-29;14;1.0698710895260242
7;2025-12-29;15;1.0665540157780176
7;2025-12-29;16;1.0729847395699308
7;2025-12-29;17;1.055167107905743
7;2025-12-29;18;1.069393340745596
7;2025-12-29;19;1.1108650745645146
7;2025-12-29;20;1.0961526220179316
7;2025-12-29;21;1.0754849296120734
7;2025-12-29;22;1.1280610701887699
7;2025-12-29;23;1.0398879094063727
7;2025-12-30;0;1.0922681629247688
7;2025-12-30;1;0.9838291979722853
7;2025-12-30;2;1.0137135124764496
7;2025-12-30;3;1.0
7;2025-12-30;4;1.3169387324814426
7;2025-12-30;5;1.1289554424513928
7;2025-12-30;6;1.2524464653710952
7;2025-12-30;7;1.1026045872833774
7;2025-12-30;8;1.0827360484197073
7;2025-12-30;9;1.0772199465919632
7;2025-12-30;10;1.0401302947914433
7;2025-12-30;11;1.0083244133340106
7;2025-12-30;12;0.9908012887907812
7;2025-12-30;13;1.0412720784964875
7;2025-12-30;14;1.0698710895260242
7;2025-12-30;15;1.0665540157780176
7;2025-12-30;16;1.0729847395699308
7;2025-12-30;17;1.055167107905743
7;2025-12-30;18;1.069393340745596
7;2025-12-30;19;1.1108650745645146
7;2025-12-30;20;1.0961526220179316
7;2025-12-30;21;1.0754849296120734
7;2025-12-30;22;1.1280610701887699
7;2025-12-30;23;1.0398879094063727
7;2025-12-31;0;0.7814321578894545
7;2025-12-31;1;0.7723254763053334
7;2025-12-31;2;1.0
7;2025-12-31;3;1.0
7;2025-12-31;4;0.6954340735554233
7;2025-12-31;5;0.8997599142753702
7;2025-12-31;6;1.0638225358271431
7;2025-12-31;7;1.16505413954575
7;2025-12-31;8;0.9331021298598989
7;2025-12-31;9;0.914686726859891
7;2025-12-31;10;1.1580095188038322
7;2025-12-31;11;1.0300665799828497
7;2025-12-31;12;1.0601366176880767
7;2025-12-31;13;1.0858562050648002
7;2025-12-31;14;1.1170130452880587
7;2025-12-31;15;1.002722341489912
7;2025-12-31;16;1.0728187384451713
7;2025-12-31;17;1.0713624552619114
7;2025-12-31;18;0.9625695592613354
7;2025-12-31;19;1.055933459301145
7;2025-12-31;20;1.0627427002454903
7;2025-12-31;21;1.1063059517428961
7;2025-12-31;22;1.1852527520063225
7;2025-12-31;23;0.9375359906767957
11;2025-11-01;0;1.0507334881252248
11;2025-11-01;1;1.1122057127280505
11;2025-11-01;2;1.0
11;2025-11-01;3;1.0
11;2025-11-01;4;1.0
11;2025-11-01;5;1.0740064087112238
11;2025-11-01;6;0.9795290382235812
11;2025-11-01;7;0.938032439597962
11;2025-11-01;8;0.927610708929887
11;2025-11-01;9;1.0245568617139538
11;2025-11-01;10;0.9996373008114914
11;2025-11-01;11;1.0244735884684237
11;2025-11-01;12;0.9625385337859382
11;2025-11-01;13;1.0091036762893366
11;2025-11-01;14;0.9665465294659799
11;2025-11-01;15;1.0433031507756971
11;2025-11-01;16;1.0323584808653514
11;2025-11-01;17;0.9909629365884591
11;2025-11-01;18;1.0096462870193916
11;2025-11-01;19;1.0670327846900665
11;2025-11-01;20;1.0342132467396647
11;2025-11-01;21;1.049016371867085
11;2025-11-01;22;1.1927199287015058
11;2025-11-01;23;0.9024415753512153
11;2025-11-02;0;1.064916130191888
11;2025-11-02;1;1.084911475708871
11;2025-11-02;2;1.0
11;2025-11-02;3;1.0
11;2025-11-02;4;1.0
11;2025-11-02;5;1.1959694127557754
11;2025-11-02;6;1.11145279570538
11;2025-11-02;7;1.1476705508071632
11;2025-11-02;8;1.0546930597573463
11;2025-11-02;9;1.0581641728820825
11;2025-11-02;10;1.0726265296598563
11;2025-11-02;11;1.0454373387683575
11;2025-11-02;12;1.0889698605735008
11;2025-11-02;13;1.0865133394558577
11;2025-11-02;14;1.0701879677543704
11;2025-11-02;15;1.1067162558346708
11;2025-11-02;16;1.1141682622077491
11;2025-11-02;17;1.0691071285781948
11;2025-11-02;18;1.150808896580878
11;2025-11-02;19;1.1797007988636072
11;2025-11-02;20;1.2198458318661758
11;2025-11-02;21;1.1726540001523367
11;2025-11-02;22;1.15878897753475
11;2025-11-02;23;1.114137555661232
11;2025-11-03;0;1.064916130191888
11;2025-11-03;1;1.084911475708871
11;2025-11-03;2;1.0
11;2025-11-03;3;1.0
11;2025-11-03;4;1.0
11;2025-11-03;5;1.1959694127557754
11;2025-11-03;6;1.11145279570538
11;2025-11-03;7;1.1476705508071632
11;2025-11-03;8;1.0546930597573463
11;2025-11-03;9;1.0581641728820825
11;2025-11-03;10;1.0726265296598563
11;2025-11-03;11;1.0454373387683575
11;2025-11-03;12;1.0889698605735008
11;2025-11-03;13;1.0865133394558577
11;2025-11-03;14;1.0701879677543704
11;2025-11-03;15;1.1067162558346708
11;2025-11-03;16;1.1141682622077491
11;2025-11-03;17;1.0691071285781948
11;2025-11-03;18;1.150808896580878
11;2025-11-03;19;1.1797007988636072
11;2025-11-03;20;1.2198458318661758
11;2025-11-03;21;1.1726540001523367
11;2025-11-03;22;1.15878897753475
11;2025-11-03;23;1.114137555661232
11;2025-11-04;0;1.064916130191888
11;2025-11-04;1;1.084911475708871
11;2025-11-04;2;1.0
11;2025-11-04;3;1.0
11;2025-11-04;4;1.0
11;2025-11-04;5;1.1959694127557754
11;2025-11-04;6;1.11145279570538
11;2025-11-04;7;1.1476705508071632
11;2025-11-04;8;1.0546930597573463
11;2025-11-04;9;1.0581641728820825
11;2025-11-04;10;1.0726265296598563
11;2025-11-04;11;1.0454373387683575
11;2025-11-04;12;1.0889698605735008
11;2025-11-04;13;1.0865133394558577
11;2025-11-04;14;1.0701879677543704
11;2025-11-04;15;1.1067162558346708
11;2025-11-04;16;1.1141682622077491
11;2025-11-04;17;1.0691071285781948
11;2025-11-04;18;1.150808896580878
11;2025-11-04;19;1.1797007988636072
11;2025-11-04;20;1.2198458318661758
11;2025-11-04;21;1.1726540001523367
11;2025-11-04;22;1.15878897753475
11;2025-11-04;23;1.114137555661232
11;2025-11-05;0;1.0848221410745407
11;2025-11-05;1;0.941187559607983
11;2025-11-05;2;1.0
11;2025-11-05;3;1.0
11;2025-11-05;4;1.5203327187978057
11;2025-11-05;5;1.1567388780667236
11;2025-11-05;6;1.013387133587583
11;2025-11-05;7;0.9862881643456952
11;2025-11-05;8;0.9941366523688421
11;2025-11-05;9;1.0083535626730646
11;2025-11-05;10;0.9590692389365211
11;2025-11-05;11;0.9891058525658593
11;2025-11-05;12;0.9710328206709318
11;2025-11-05;13;0.985872186601872
11;2025-11-05;14;0.9768274476799236
11;2025-11-05;15;1.0540732092276133
11;2025-11-05;16;1.0348786126326956
11;2025-11-05;17;1.029596030824217
11;2025-11-05;18;1.0217239590072382
11;2025-11-05;19;1.0450531242304404
11;2025-11-05;20;1.0777845413505416
11;2025-11-05;21;1.0948638690785992
11;2025-11-05;22;1.1794109858005137
11;2025-11-05;23;0.9952349446767323
11;2025-11-06;0;1.0848221410745407
11;2025-11-06;1;0.941187559607983
11;2025-11-06;2;1.0
11;2025-11-06;3;1.0
11;2025-11-06;4;1.5203327187978057
11;2025-11-06;5;1.1567388780667236
11;2025-11-06;6;1.013387133587583
11;2025-11-06;7;0.9862881643456952
11;2025-11-06;8;0.9941366523688421
11;2025-11-06;9;1.0083535626730646
11;2025-11-06;10;0.9590692389365211
11;2025-11-06;11;0.9891058525658593
11;2025-11-06;12;0.9710328206709318
11;2025-11-06;13;0.985872186601872
11;2025-11-06;14;0.9768274476799236
11;2025-11-06;15;1.0540732092276133
11;2025-11-06;16;1.0348786126326956
11;2025-11-06;17;1.029596030824217
11;2025-11-06;18;1.0217239590072382
11;2025-11-06;19;1.0450531242304404
11;2025-11-06;20;1.0777845413505416
11;2025-11-06;21;1.0948638690785992
11;2025-11-06;22;1.1794109858005137
11;2025-11-06;23;0.9952349446767323
11;2025-11-07;0;1.0507334881252248
11;2025-11-07;1;1.1122057127280505
11;2025-11-07;2;1.0
11;2025-11-07;3;1.0
11;2025-11-07;4;1.0
11;2025-11-07;5;1.0740064087112238
11;2025-11-07;6;0.9795290382235812
11;2025-11-07;7;0.938032439597962
11;2025-11-07;8;0.927610708929887
11;2025-11-07;9;1.0245568617139538
11;2025-11-07;10;0.9996373008114914
11;2025-11-07;11;1.0244735884684237
11;2025-11-07;12;0.9625385337859382
11;2025-11-07;13;1.0091036762893366
11;2025-11-07;14;0.9665465294659799
11;2025-11-07;15;1.0433031507756971
11;2025-11-07;16;1.0323584808653514
11;2025-11-07;17;0.9909629365884591
11;2025-11-07;18;1.0096462870193916
11;2025-11-07;19;1.0670327846900665
11;2025-11-07;20;1.0342132467396647
11;2025-11-07;21;1.049016371867085
11;2025-11-07;22;1.1927199287015058
11;2025-11-07;23;0.9024415753512153
11;2025-11-08;0;1.038762247780195
11;2025-11-08;1;1.5759894491035948
11;2025-11-08;2;1.0
11;2025-11-08;3;1.0
11;2025-11-08;4;1.0
11;2025-11-08;5;1.2513360826925433
11;2025-11-08;6;1.0119178098912043
11;2025-11-08;7;1.0320896646205031
11;2025-11-08;8;1.0375841571124054
11;2025-11-08;9;1.0620340502376475
11;2025-11-08;10;0.9958361732445837
11;2025-11-08;11;1.0494068929472573
11;2025-11-08;12;1.0303434727067489
11;2025-11-08;13;1.0470040794929956
11;2025-11-08;14;0.9749151857838968
11;2025-11-08;15;1.00695324541651
11;2025-11-08;16;1.0758707704581152
11;2025-11-08;17;1.0354700719234424
11;2025-11-08;18;1.0983802775582954
11;2025-11-08;19;1.0807657457315207
11;2025-11-08;20;1.1688491081596242
11;2025-11-08;21;1.1363204080867004
11;2025-11-08;22;1.1433022899092873
11;2025-11-08;23;1.1491314514793312
11;2025-11-09;0;1.064916130191888
11;2025-11-09;1;1.084911475708871
11;2025-11-09;2;1.0
11;2025-11-09;3;1.0
11;2025-11-09;4;1.0
11;2025-11-09;5;1.1959694127557754
11;2025-11-09;6;1.11145279570538
11;2025-11-09;7;1.1476705508071632
11;2025-11-09;8;1.0546930597573463
11;2025-11-09;9;1.0581641728820825
11;2025-11-09;10;1.0726265296598563
11;2025-11-09;11;1.0454373387683575
11;2025-11-09;12;1.0889698605735008
11;2025-11-09;13;1.0865133394558577
11;2025-11-09;14;1.0701879677543704
11;2025-11-09;15;1.1067162558346708
11;2025-11-09;16;1.1141682622077491
11;2025-11-09;17;1.0691071285781948
11;2025-11-09;18;1.150808896580878
11;2025-11-09;19;1.1797007988636072
11;2025-11-09;20;1.2198458318661758
11;2025-11-09;21;1.1726540001523367
11;2025-11-09;22;1.15878897753475
11;2025-11-09;23;1.114137555661232
11;2025-11-10;0;1.0848221410745407
11;2025-11-10;1;0.941187559607983
11;2025-11-10;2;1.0
11;2025-11-10;3;1.0
11;2025-11-10;4;1.5203327187978057
11;2025-11-10;5;1.1567388780667236
11;2025-11-10;6;1.013387133587583
11;2025-11-10;7;0.9862881643456952
11;2025-11-10;8;0.9941366523688421
11;2025-11-10;9;1.0083535626730646
11;2025-11-10;10;0.9590692389365211
11;2025-11-10;11;0.9891058525658593
11;2025-11-10;12;0.9710328206709318
11;2025-11-10;13;0.985872186601872
11;2025-11-10;14;0.9768274476799236
11;2025-11-10;15;1.0540732092276133
11;2025-11-10;16;1.0348786126326956
11;2025-11-10;17;1.029596030824217
11;2025-11-10;18;1.0217239590072382
11;2025-11-10;19;1.0450531242304404
11;2025-11-10;20;1.0777845413505416
11;2025-11-10;21;1.0948638690785992
11;2025-11-10;22;1.1794109858005137
11;2025-11-10;23;0.9952349446767323
11;2025-11-11;0;1.0848221410745407
11;2025-11-11;1;0.941187559607983
11;2025-11-11;2;1.0
11;2025-11-11;3;1.0
11;2025-11-11;4;1.5203327187978057
11;2025-11-11;5;1.1567388780667236
11;2025-11-11;6;1.013387133587583
11;2025-11-11;7;0.9862881643456952
11;2025-11-11;8;0.9941366523688421
11;2025-11-11;9;1.0083535626730646
11;2025-11-11;10;0.9590692389365211
11;2025-11-11;11;0.9891058525658593
11;2025-11-11;12;0.9710328206709318
11;2025-11-11;13;0.985872186601872
11;2025-11-11;14;0.9768274476799236
11;2025-11-11;15;1.0540732092276133
11;2025-11-11;16;1.0348786126326956
11;2025-11-11;17;1.029596030824217
11;2025-11-11;18;1.0217239590072382
11;2025-11-11;19;1.0450531242304404
11;2025-11-11;20;1.0777845413505416
11;2025-11-11;21;1.0948638690785992
11;2025-11-11;22;1.1794109858005137
11;2025-11-11;23;0.9952349446767323
11;2025-11-12;0;1.0848221410745407
11;2025-11-12;1;0.941187559607983
11;2025-11-12;2;1.0
11;2025-11-12;3;1.0
11;2025-11-12;4;1.5203327187978057
11;2025-11-12;5;1.1567388780667236
11;2025-11-12;6;1.013387133587583
11;2025-11-12;7;0.9862881643456952
11;2025-11-12;8;0.9941366523688421
11;2025-11-12;9;1.0083535626730646
11;2025-11-12;10;0.9590692389365211
11;2025-11-12;11;0.9891058525658593
11;2025-11-12;12;0.9710328206709318
11;2025-11-12;13;0.985872186601872
11;2025-11-12;14;0.9768274476799236
11;2025-11-12;15;1.0540732092276133
11;2025-11-12;16;1.0348786126326956
11;2025-11-12;17;1.029596030824217
11;2025-11-12;18;1.0217239590072382
11;2025-11-12;19;1.0450531242304404
11;2025-11-12;20;1.0777845413505416
11;2025-11-12;21;1.0948638690785992
11;2025-11-12;22;1.1794109858005137
11;2025-11-12;23;0.9952349446767323
11;2025-11-13;0;1.0848221410745407
11;2025-11-13;1;0.941187559607983
11;2025-11-13;2;1.0
11;2025-11-13;3;1.0
11;2025-11-13;4;1.5203327187978057
11;2025-11-13;5;1.1567388780667236
11;2025-11-13;6;1.013387133587583
11;2025-11-13;7;0.9862881643456952
11;2025-11-13;8;0.9941366523688421
11;2025-11-13;9;1.0083535626730646
11;2025-11-13;10;0.9590692389365211
11;2025-11-13;11;0.9891058525658593
11;2025-11-13;12;0.9710328206709318
11;2025-11-13;13;0.985872186601872
11;2025-11-13;14;0.9768274476799236
11;2025-11-13;15;1.0540732092276133
11;2025-11-13;16;1.0348786126326956
11;2025-11-13;17;1.029596030824217
11;2025-11-13;18;1.0217239590072382
11;2025-11-13;19;1.0450531242304404
11;2025-11-13;20;1.0777845413505416
11;2025-11-13;21;1.0948638690785992
11;2025-11-13;22;1.1794109858005137
11;2025-11-13;23;0.9952349446767323
11;2025-11-14;0;1.0507334881252248
11;2025-11-14;1;1.1122057127280505
11;2025-11-14;2;1.0
11;2025-11-14;3;1.0
11;2025-11-14;4;1.0
11;2025-11-14;5;1.0740064087112238
11;2025-11-14;6;0.9795290382235812
11;2025-11-14;7;0.938032439597962
11;2025-11-14;8;0.927610708929887
11;2025-11-14;9;1.0245568617139538
11;2025-11-14;10;0.9996373008114914
11;2025-11-14;11;1.0244735884684237
11;2025-11-14;12;0.9625385337859382
11;2025-11-14;13;1.0091036762893366
11;2025-11-14;14;0.9665465294659799
11;2025-11-14;15;1.0433031507756971
11;2025-11-14;16;1.0323584808653514
11;2025-11-14;17;0.9909629365884591
11;2025-11-14;18;1.0096462870193916
11;2025-11-14;19;1.0670327846900665
11;2025-11-14;20;1.0342132467396647
11;2025-11-14;21;1.049016371867085
11;2025-11-14;22;1.1927199287015058
11;2025-11-14;23;0.9024415753512153
11;2025-11-15;0;1.038762247780195
11;2025-11-15;1;1.5759894491035948
11;2025-11-15;2;1.0
11;2025-11-15;3;1.0
11;2025-11-15;4;1.0
11;2025-11-15;5;1.2513360826925433
11;2025-11-15;6;1.0119178098912043
11;2025-11-15;7;1.0320896646205031
11;2025-11-15;8;1.0375841571124054
11;2025-11-15;9;1.0620340502376475
11;2025-11-15;10;0.9958361732445837
11;2025-11-15;11;1.0494068929472573
11;2025-11-15;12;1.0303434727067489
11;2025-11-15;13;1.0470040794929956
11;2025-11-15;14;0.9749151857838968
11;2025-11-15;15;1.00695324541651
11;2025-11-15;16;1.0758707704581152
11;2025-11-15;17;1.0354700719234424
11;2025-11-15;18;1.0983802775582954
11;2025-11-15;19;1.0807657457315207
11;2025-11-15;20;1.1688491081596242
11;2025-11-15;21;1.1363204080867004
11;2025-11-15;22;1.1433022899092873
11;2025-11-15;23;1.1491314514793312
11;2025-11-16;0;1.064916130191888
11;2025-11-16;1;1.084911475708871
11;2025-11-16;2;1.0
11;2025-11-16;3;1.0
11;2025-11-16;4;1.0
11;2025-11-16;5;1.1959694127557754
11;2025-11-16;6;1.11145279570538
11;2025-11-16;7;1.1476705508071632
11;2025-11-16;8;1.0546930597573463
11;2025-11-16;9;1.0581641728820825
11;2025-11-16;10;1.0726265296598563
11;2025-11-16;11;1.0454373387683575
11;2025-11-16;12;1.0889698605735008
11;2025-11-16;13;1.0865133394558577
11;2025-11-16;14;1.0701879677543704
11;2025-11-16;15;1.1067162558346708
11;2025-11-16;16;1.1141682622077491
11;2025-11-16;17;1.0691071285781948
11;2025-11-16;18;1.150808896580878
11;2025-11-16;19;1.1797007988636072
11;2025-11-16;20;1.2198458318661758
11;2025-11-16;21;1.1726540001523367
11;2025-11-16;22;1.15878897753475
11;2025-11-16;23;1.114137555661232
11;2025-11-17;0;1.0848221410745407
11;2025-11-17;1;0.941187559607983
11;2025-11-17;2;1.0
11;2025-11-17;3;1.0
11;2025-11-17;4;1.5203327187978057
11;2025-11-17;5;1.1567388780667236
11;2025-11-17;6;1.013387133587583
11;2025-11-17;7;0.9862881643456952
11;2025-11-17;8;0.9941366523688421
11;2025-11-17;9;1.0083535626730646
11;2025-11-17;10;0.9590692389365211
11;2025-11-17;11;0.9891058525658593
11;2025-11-17;12;0.9710328206709318
11;2025-11-17;13;0.985872186601872
11;2025-11-17;14;0.9768274476799236
11;2025-11-17;15;1.0540732092276133
11;2025-11-17;16;1.0348786126326956
11;2025-11-17;17;1.029596030824217
11;2025-11-17;18;1.0217239590072382
11;2025-11-17;19;1.0450531242304404
11;2025-11-17;20;1.0777845413505416
11;2025-11-17;21;1.0948638690785992
11;2025-11-17;22;1.1794109858005137
11;2025-11-17;23;0.9952349446767323
11;2025-11-18;0;1.0848221410745407
11;2025-11-18;1;0.941187559607983
11;2025-11-18;2;1.0
11;2025-11-18;3;1.0
11;2025-11-18;4;1.5203327187978057
11;2025-11-18;5;1.1567388780667236
11;2025-11-18;6;1.013387133587583
11;2025-11-18;7;0.9862881643456952
11;2025-11-18;8;0.9941366523688421
11;2025-11-18;9;1.0083535626730646
11;2025-11-18;10;0.9590692389365211
11;2025-11-18;11;0.9891058525658593
11;2025-11-18;12;0.9710328206709318
11;2025-11-18;13;0.985872186601872
11;2025-11-18;14;0.9768274476799236
11;2025-11-18;15;1.0540732092276133
11;2025-11-18;16;1.0348786126326956
11;2025-11-18;17;1.029596030824217
11;2025-11-18;18;1.0217239590072382
11;2025-11-18;19;1.0450531242304404
11;2025-11-18;20;1.0777845413505416
11;2025-11-18;21;1.0948638690785992
11;2025-11-18;22;1.1794109858005137
11;2025-11-18;23;0.9952349446767323
11;2025-11-19;0;1.0848221410745407
11;2025-11-19;1;0.941187559607983
11;2025-11-19;2;1.0
11;2025-11-19;3;1.0
11;2025-11-19;4;1.5203327187978057
11;2025-11-19;5;1.1567388780667236
11;2025-11-19;6;1.013387133587583
11;2025-11-19;7;0.9862881643456952
11;2025-11-19;8;0.9941366523688421
11;2025-11-19;9;1.0083535626730646
11;2025-11-19;10;0.9590692389365211
11;2025-11-19;11;0.9891058525658593
11;2025-11-19;12;0.9710328206709318
11;2025-11-19;13;0.985872186601872
11;2025-11-19;14;0.9768274476799236
11;2025-11-19;15;1.0540732092276133
11;2025-11-19;16;1.0348786126326956
11;2025-11-19;17;1.029596030824217
11;2025-11-19;18;1.0217239590072382
11;2025-11-19;19;1.0450531242304404
11;2025-11-19;20;1.0777845413505416
11;2025-11-19;21;1.0948638690785992
11;2025-11-19;22;1.1794109858005137
11;2025-11-19;23;0.9952349446767323
11;2025-11-20;0;1.0848221410745407
11;2025-11-20;1;0.941187559607983
11;2025-11-20;2;1.0
11;2025-11-20;3;1.0
11;2025-11-20;4;1.5203327187978057
11;2025-11-20;5;1.1567388780667236
11;2025-11-20;6;1.013387133587583
11;2025-11-20;7;0.9862881643456952
11;2025-11-20;8;0.9941366523688421
11;2025-11-20;9;1.0083535626730646
11;2025-11-20;10;0.9590692389365211
11;2025-11-20;11;0.9891058525658593
11;2025-11-20;12;0.9710328206709318
11;2025-11-20;13;0.985872186601872
11;2025-11-20;14;0.9768274476799236
11;2025-11-20;15;1.0540732092276133
11;2025-11-20;16;1.0348786126326956
11;2025-11-20;17;1.029596030824217
11;2025-11-20;18;1.0217239590072382
11;2025-11-20;19;1.0450531242304404
11;2025-11-20;20;1.0777845413505416
11;2025-11-20;21;1.0948638690785992
11;2025-11-20;22;1.1794109858005137
11;2025-11-20;23;0.9952349446767323
11;2025-11-21;0;1.0507334881252248
11;2025-11-21;1;1.1122057127280505
11;2025-11-21;2;1.0
11;2025-11-21;3;1.0
11;2025-11-21;4;1.0
11;2025-11-21;5;1.0740064087112238
11;2025-11-21;6;0.9795290382235812
11;2025-11-21;7;0.938032439597962
11;2025-11-21;8;0.927610708929887
11;2025-11-21;9;1.0245568617139538
11;2025-11-21;10;0.9996373008114914
11;2025-11-21;11;1.0244735884684237
11;2025-11-21;12;0.9625385337859382
11;2025-11-21;13;1.0091036762893366
11;2025-11-21;14;0.9665465294659799
11;2025-11-21;15;1.0433031507756971
11;2025-11-21;16;1.0323584808653514
11;2025-11-21;17;0.9909629365884591
11;2025-11-21;18;1.0096462870193916
11;2025-11-21;19;1.0670327846900665
11;2025-11-21;20;1.0342132467396647
11;2025-11-21;21;1.049016371867085
11;2025-11-21;22;1.1927199287015058
11;2025-11-21;23;0.9024415753512153
11;2025-11-22;0;1.038762247780195
11;2025-11-22;1;1.5759894491035948
11;2025-11-22;2;1.0
11;2025-11-22;3;1.0
11;2025-11-22;4;1.0
11;2025-11-22;5;1.2513360826925433
11;2025-11-22;6;1.0119178098912043
11;2025-11-22;7;1.0320896646205031
11;2025-11-22;8;1.0375841571124054
11;2025-11-22;9;1.0620340502376475
11;2025-11-22;10;0.9958361732445837
11;2025-11-22;11;1.0494068929472573
11;2025-11-22;12;1.0303434727067489
11;2025-11-22;13;1.0470040794929956
11;2025-11-22;14;0.9749151857838968
11;2025-11-22;15;1.00695324541651
11;2025-11-22;16;1.0758707704581152
11;2025-11-22;17;1.0354700719234424
11;2025-11-22;18;1.0983802775582954
11;2025-11-22;19;1.0807657457315207
11;2025-11-22;20;1.1688491081596242
11;2025-11-22;21;1.1363204080867004
11;2025-11-22;22;1.1433022899092873
11;2025-11-22;23;1.1491314514793312
11;2025-11-23;0;1.064916130191888
11;2025-11-23;1;1.084911475708871
11;2025-11-23;2;1.0
11;2025-11-23;3;1.0
11;2025-11-23;4;1.0
11;2025-11-23;5;1.1959694127557754
11;2025-11-23;6;1.11145279570538
11;2025-11-23;7;1.1476705508071632
11;2025-11-23;8;1.0546930597573463
11;2025-11-23;9;1.0581641728820825
11;2025-11-23;10;1.0726265296598563
11;2025-11-23;11;1.0454373387683575
11;2025-11-23;12;1.0889698605735008
11;2025-11-23;13;1.0865133394558577
11;2025-11-23;14;1.0701879677543704
11;2025-11-23;15;1.1067162558346708
11;2025-11-23;16;1.1141682622077491
11;2025-11-23;17;1.0691071285781948
11;2025-11-23;18;1.150808896580878
11;2025-11-23;19;1.1797007988636072
11;2025-11-23;20;1.2198458318661758
11;2025-11-23;21;1.1726540001523367
11;2025-11-23;22;1.15878897753475
11;2025-11-23;23;1.114137555661232
11;2025-11-24;0;1.0848221410745407
11;2025-11-24;1;0.941187559607983
11;2025-11-24;2;1.0
11;2025-11-24;3;1.0
11;2025-11-24;4;1.5203327187978057
11;2025-11-24;5;1.1567388780667236
11;2025-11-24;6;1.013387133587583
11;2025-11-24;7;0.9862881643456952
11;2025-11-24;8;0.9941366523688421
11;2025-11-24;9;1.0083535626730646
11;2025-11-24;10;0.9590692389365211
11;2025-11-24;11;0.9891058525658593
11;2025-11-24;12;0.9710328206709318
11;2025-11-24;13;0.985872186601872
11;2025-11-24;14;0.9768274476799236
11;2025-11-24;15;1.0540732092276133
11;2025-11-24;16;1.0348786126326956
11;2025-11-24;17;1.029596030824217
11;2025-11-24;18;1.0217239590072382
11;2025-11-24;19;1.0450531242304404
11;2025-11-24;20;1.0777845413505416
11;2025-11-24;21;1.0948638690785992
11;2025-11-24;22;1.1794109858005137
11;2025-11-24;23;0.9952349446767323
11;2025-11-25;0;1.0848221410745407
11;2025-11-25;1;0.941187559607983
11;2025-11-25;2;1.0
11;2025-11-25;3;1.0
11;2025-11-25;4;1.5203327187978057
11;2025-11-25;5;1.1567388780667236
11;2025-11-25;6;1.013387133587583
11;2025-11-25;7;0.9862881643456952
11;2025-11-25;8;0.9941366523688421
11;2025-11-25;9;1.0083535626730646
11;2025-11-25;10;0.9590692389365211
11;2025-11-25;11;0.9891058525658593
11;2025-11-25;12;0.9710328206709318
11;2025-11-25;13;0.985872186601872
11;2025-11-25;14;0.9768274476799236
11;2025-11-25;15;1.0540732092276133
11;2025-11-25;16;1.0348786126326956
11;2025-11-25;17;1.029596030824217
11;2025-11-25;18;1.0217239590072382
11;2025-11-25;19;1.0450531242304404
11;2025-11-25;20;1.0777845413505416
11;2025-11-25;21;1.0948638690785992
11;2025-11-25;22;1.1794109858005137
11;2025-11-25;23;0.9952349446767323
11;2025-11-26;0;1.0848221410745407
11;2025-11-26;1;0.941187559607983
11;2025-11-26;2;1.0
11;2025-11-26;3;1.0
11;2025-11-26;4;1.5203327187978057
11;2025-11-26;5;1.1567388780667236
11;2025-11-26;6;1.013387133587583
11;2025-11-26;7;0.9862881643456952
11;2025-11-26;8;0.9941366523688421
11;2025-11-26;9;1.0083535626730646
11;2025-11-26;10;0.9590692389365211
11;2025-11-26;11;0.9891058525658593
11;2025-11-26;12;0.9710328206709318
11;2025-11-26;13;0.985872186601872
11;2025-11-26;14;0.9768274476799236
11;2025-11-26;15;1.0540732092276133
11;2025-11-26;16;1.0348786126326956
11;2025-11-26;17;1.029596030824217
11;2025-11-26;18;1.0217239590072382
11;2025-11-26;19;1.0450531242304404
11;2025-11-26;20;1.0777845413505416
11;2025-11-26;21;1.0948638690785992
11;2025-11-26;22;1.1794109858005137
11;2025-11-26;23;0.9952349446767323
11;2025-11-27;0;1.0848221410745407
11;2025-11-27;1;0.941187559607983
11;2025-11-27;2;1.0
11;2025-11-27;3;1.0
11;2025-11-27;4;1.5203327187978057
11;2025-11-27;5;1.1567388780667236
11;2025-11-27;6;1.013387133587583
11;2025-11-27;7;0.9862881643456952
11;2025-11-27;8;0.9941366523688421
11;2025-11-27;9;1.0083535626730646
11;2025-11-27;10;0.9590692389365211
11;2025-11-27;11;0.9891058525658593
11;2025-11-27;12;0.9710328206709318
11;2025-11-27;13;0.985872186601872
11;2025-11-27;14;0.9768274476799236
11;2025-11-27;15;1.0540732092276133
11;2025-11-27;16;1.0348786126326956
11;2025-11-27;17;1.029596030824217
11;2025-11-27;18;1.0217239590072382
11;2025-11-27;19;1.0450531242304404
11;2025-11-27;20;1.0777845413505416
11;2025-11-27;21;1.0948638690785992
11;2025-11-27;22;1.1794109858005137
11;2025-11-27;23;0.9952349446767323
11;2025-11-28;0;1.0507334881252248
11;2025-11-28;1;1.1122057127280505
11;2025-11-28;2;1.0
11;2025-11-28;3;1.0
11;2025-11-28;4;1.0
11;2025-11-28;5;1.0740064087112238
11;2025-11-28;6;0.9795290382235812
11;2025-11-28;7;0.938032439597962
11;2025-11-28;8;0.927610708929887
11;2025-11-28;9;1.0245568617139538
11;2025-11-28;10;0.9996373008114914
11;2025-11-28;11;1.0244735884684237
11;2025-11-28;12;0.9625385337859382
11;2025-11-28;13;1.0091036762893366
11;2025-11-28;14;0.9665465294659799
11;2025-11-28;15;1.0433031507756971
11;2025-11-28;16;1.0323584808653514
11;2025-11-28;17;0.9909629365884591
11;2025-11-28;18;1.0096462870193916
11;2025-11-28;19;1.0670327846900665
11;2025-11-28;20;1.0342132467396647
11;2025-11-28;21;1.049016371867085
11;2025-11-28;22;1.1927199287015058
11;2025-11-28;23;0.9024415753512153
11;2025-11-29;0;1.038762247780195
11;2025-11-29;1;1.5759894491035948
11;2025-11-29;2;1.0
11;2025-11-29;3;1.0
11;2025-11-29;4;1.0
11;2025-11-29;5;1.2513360826925433
11;2025-11-29;6;1.0119178098912043
11;2025-11-29;7;1.0320896646205031
11;2025-11-29;8;1.0375841571124054
11;2025-11-29;9;1.0620340502376475
11;2025-11-29;10;0.9958361732445837
11;2025-11-29;11;1.0494068929472573
11;2025-11-29;12;1.0303434727067489
11;2025-11-29;13;1.0470040794929956
11;2025-11-29;14;0.9749151857838968
11;2025-11-29;15;1.00695324541651
11;2025-11-29;16;1.0758707704581152
11;2025-11-29;17;1.0354700719234424
11;2025-11-29;18;1.0983802775582954
11;2025-11-29;19;1.0807657457315207
11;2025-11-29;20;1.1688491081596242
11;2025-11-29;21;1.1363204080867004
11;2025-11-29;22;1.1433022899092873
11;2025-11-29;23;1.1491314514793312
11;2025-11-30;0;1.064916130191888
11;2025-11-30;1;1.084911475708871
11;2025-11-30;2;1.0
11;2025-11-30;3;1.0
11;2025-11-30;4;1.0
11;2025-11-30;5;1.1959694127557754
11;2025-11-30;6;1.11145279570538
11;2025-11-30;7;1.1476705508071632
11;2025-11-30;8;1.0546930597573463
11;2025-11-30;9;1.0581641728820825
11;2025-11-30;10;1.0726265296598563
11;2025-11-30;11;1.0454373387683575
11;2025-11-30;12;1.0889698605735008
11;2025-11-30;13;1.0865133394558577
11;2025-11-30;14;1.0701879677543704
11;2025-11-30;15;1.1067162558346708
11;2025-11-30;16;1.1141682622077491
11;2025-11-30;17;1.0691071285781948
11;2025-11-30;18;1.150808896580878
11;2025-11-30;19;1.1797007988636072
11;2025-11-30;20;1.2198458318661758
11;2025-11-30;21;1.1726540001523367
11;2025-11-30;22;1.15878897753475
11;2025-11-30;23;1.114137555661232
11;2025-12-01;0;1.0848221410745407
11;2025-12-01;1;0.941187559607983
11;2025-12-01;2;1.0
11;2025-12-01;3;1.0
11;2025-12-01;4;1.5203327187978057
11;2025-12-01;5;1.1567388780667236
11;2025-12-01;6;1.013387133587583
11;2025-12-01;7;0.9862881643456952
11;2025-12-01;8;0.9941366523688421
11;2025-12-01;9;1.0083535626730646
11;2025-12-01;10;0.9590692389365211
11;2025-12-01;11;0.9891058525658593
11;2025-12-01;12;0.9710328206709318
11;2025-12-01;13;0.985872186601872
11;2025-12-01;14;0.9768274476799236
11;2025-12-01;15;1.0540732092276133
11;2025-12-01;16;1.0348786126326956
11;2025-12-01;17;1.029596030824217
11;2025-12-01;18;1.0217239590072382
11;2025-12-01;19;1.0450531242304404
11;2025-12-01;20;1.0777845413505416
11;2025-12-01;21;1.0948638690785992
11;2025-12-01;22;1.1794109858005137
11;2025-12-01;23;0.9952349446767323
11;2025-12-02;0;1.0848221410745407
11;2025-12-02;1;0.941187559607983
11;2025-12-02;2;1.0
11;2025-12-02;3;1.0
11;2025-12-02;4;1.5203327187978057
11;2025-12-02;5;1.1567388780667236
11;2025-12-02;6;1.013387133587583
11;2025-12-02;7;0.9862881643456952
11;2025-12-02;8;0.9941366523688421
11;2025-12-02;9;1.0083535626730646
11;2025-12-02;10;0.9590692389365211
11;2025-12-02;11;0.9891058525658593
11;2025-12-02;12;0.9710328206709318
11;2025-12-02;13;0.985872186601872
11;2025-12-02;14;0.9768274476799236
11;2025-12-02;15;1.0540732092276133
11;2025-12-02;16;1.0348786126326956
11;2025-12-02;17;1.029596030824217
11;2025-12-02;18;1.0217239590072382
11;2025-12-02;19;1.0450531242304404
11;2025-12-02;20;1.0777845413505416
11;2025-12-02;21;1.0948638690785992
11;2025-12-02;22;1.1794109858005137
11;2025-12-02;23;0.9952349446767323
11;2025-12-03;0;1.0848221410745407
11;2025-12-03;1;0.941187559607983
11;2025-12-03;2;1.0
11;2025-12-03;3;1.0
11;2025-12-03;4;1.5203327187978057
11;2025-12-03;5;1.1567388780667236
11;2025-12-03;6;1.013387133587583
11;2025-12-03;7;0.9862881643456952
11;2025-12-03;8;0.9941366523688421
11;2025-12-03;9;1.0083535626730646
11;2025-12-03;10;0.9590692389365211
11;2025-12-03;11;0.9891058525658593
11;2025-12-03;12;0.9710328206709318
11;2025-12-03;13;0.985872186601872
11;2025-12-03;14;0.9768274476799236
11;2025-12-03;15;1.0540732092276133
11;2025-12-03;16;1.0348786126326956
11;2025-12-03;17;1.029596030824217
11;2025-12-03;18;1.0217239590072382
11;2025-12-03;19;1.0450531242304404
11;2025-12-03;20;1.0777845413505416
11;2025-12-03;21;1.0948638690785992
11;2025-12-03;22;1.1794109858005137
11;2025-12-03;23;0.9952349446767323
11;2025-12-04;0;1.0848221410745407
11;2025-12-04;1;0.941187559607983
11;2025-12-04;2;1.0
11;2025-12-04;3;1.0
11;2025-12-04;4;1.5203327187978057
11;2025-12-04;5;1.1567388780667236
11;2025-12-04;6;1.013387133587583
11;2025-12-04;7;0.9862881643456952
11;2025-12-04;8;0.9941366523688421
11;2025-12-04;9;1.0083535626730646
11;2025-12-04;10;0.9590692389365211
11;2025-12-04;11;0.9891058525658593
11;2025-12-04;12;0.9710328206709318
11;2025-12-04;13;0.985872186601872
11;2025-12-04;14;0.9768274476799236
11;2025-12-04;15;1.0540732092276133
11;2025-12-04;16;1.0348786126326956
11;2025-12-04;17;1.029596030824217
11;2025-12-04;18;1.0217239590072382
11;2025-12-04;19;1.0450531242304404
11;2025-12-04;20;1.0777845413505416
11;2025-12-04;21;1.0948638690785992
11;2025-12-04;22;1.1794109858005137
11;2025-12-04;23;0.9952349446767323
11;2025-12-05;0;1.0507334881252248
11;2025-12-05;1;1.1122057127280505
11;2025-12-05;2;1.0
11;2025-12-05;3;1.0
11;2025-12-05;4;1.0
11;2025-12-05;5;1.0740064087112238
11;2025-12-05;6;0.9795290382235812
11;2025-12-05;7;0.938032439597962
11;2025-12-05;8;0.927610708929887
11;2025-12-05;9;1.0245568617139538
11;2025-12-05;10;0.9996373008114914
11;2025-12-05;11;1.0244735884684237
11;2025-12-05;12;0.9625385337859382
11;2025-12-05;13;1.0091036762893366
11;2025-12-05;14;0.9665465294659799
11;2025-12-05;15;1.0433031507756971
11;2025-12-05;16;1.0323584808653514
11;2025-12-05;17;0.9909629365884591
11;2025-12-05;18;1.0096462870193916
11;2025-12-05;19;1.0670327846900665
11;2025-12-05;20;1.0342132467396647
11;2025-12-05;21;1.049016371867085
11;2025-12-05;22;1.1927199287015058
11;2025-12-05;23;0.9024415753512153
11;2025-12-06;0;1.038762247780195
11;2025-12-06;1;1.5759894491035948
11;2025-12-06;2;1.0
11;2025-12-06;3;1.0
11;2025-12-06;4;1.0
11;2025-12-06;5;1.2513360826925433
11;2025-12-06;6;1.0119178098912043
11;2025-12-06;7;1.0320896646205031
11;2025-12-06;8;1.0375841571124054
11;2025-12-06;9;1.0620340502376475
11;2025-12-06;10;0.9958361732445837
11;2025-12-06;11;1.0494068929472573
11;2025-12-06;12;1.0303434727067489
11;2025-12-06;13;1.0470040794929956
11;2025-12-06;14;0.9749151857838968
11;2025-12-06;15;1.00695324541651
11;2025-12-06;16;1.0758707704581152
11;2025-12-06;17;1.0354700719234424
11;2025-12-06;18;1.0983802775582954
11;2025-12-06;19;1.0807657457315207
11;2025-12-06;20;1.1688491081596242
11;2025-12-06;21;1.1363204080867004
11;2025-12-06;22;1.1433022899092873
11;2025-12-06;23;1.1491314514793312
11;2025-12-07;0;1.064916130191888
11;2025-12-07;1;1.084911475708871
11;2025-12-07;2;1.0
11;2025-12-07;3;1.0
11;2025-12-07;4;1.0
11;2025-12-07;5;1.1959694127557754
11;2025-12-07;6;1.11145279570538
11;2025-12-07;7;1.1476705508071632
11;2025-12-07;8;1.0546930597573463
11;2025-12-07;9;1.0581641728820825
11;2025-12-07;10;1.0726265296598563
11;2025-12-07;11;1.0454373387683575
11;2025-12-07;12;1.0889698605735008
11;2025-12-07;13;1.0865133394558577
11;2025-12-07;14;1.0701879677543704
11;2025-12-07;15;1.1067162558346708
11;2025-12-07;16;1.1141682622077491
11;2025-12-07;17;1.0691071285781948
11;2025-12-07;18;1.150808896580878
11;2025-12-07;19;1.1797007988636072
11;2025-12-07;20;1.2198458318661758
11;2025-12-07;21;1.1726540001523367
11;2025-12-07;22;1.15878897753475
11;2025-12-07;23;1.114137555661232
11;2025-12-08;0;1.0848221410745407
11;2025-12-08;1;0.941187559607983
11;2025-12-08;2;1.0
11;2025-12-08;3;1.0
11;2025-12-08;4;1.5203327187978057
11;2025-12-08;5;1.1567388780667236
11;2025-12-08;6;1.013387133587583
11;2025-12-08;7;0.9862881643456952
11;2025-12-08;8;0.9941366523688421
11;2025-12-08;9;1.0083535626730646
11;2025-12-08;10;0.9590692389365211
11;2025-12-08;11;0.9891058525658593
11;2025-12-08;12;0.9710328206709318
11;2025-12-08;13;0.985872186601872
11;2025-12-08;14;0.9768274476799236
11;2025-12-08;15;1.0540732092276133
11;2025-12-08;16;1.0348786126326956
11;2025-12-08;17;1.029596030824217
11;2025-12-08;18;1.0217239590072382
11;2025-12-08;19;1.0450531242304404
11;2025-12-08;20;1.0777845413505416
11;2025-12-08;21;1.0948638690785992
11;2025-12-08;22;1.1794109858005137
11;2025-12-08;23;0.9952349446767323
11;2025-12-09;0;1.0848221410745407
11;2025-12-09;1;0.941187559607983
11;2025-12-09;2;1.0
11;2025-12-09;3;1.0
11;2025-12-09;4;1.5203327187978057
11;2025-12-09;5;1.1567388780667236
11;2025-12-09;6;1.013387133587583
11;2025-12-09;7;0.9862881643456952
11;2025-12-09;8;0.9941366523688421
11;2025-12-09;9;1.0083535626730646
11;2025-12-09;10;0.9590692389365211
11;2025-12-09;11;0.9891058525658593
11;2025-12-09;12;0.9710328206709318
11;2025-12-09;13;0.985872186601872
11;2025-12-09;14;0.9768274476799236
11;2025-12-09;15;1.0540732092276133
11;2025-12-09;16;1.0348786126326956
11;2025-12-09;17;1.029596030824217
11;2025-12-09;18;1.0217239590072382
11;2025-12-09;19;1.0450531242304404
11;2025-12-09;20;1.0777845413505416
11;2025-12-09;21;1.0948638690785992
11;2025-12-09;22;1.1794109858005137
11;2025-12-09;23;0.9952349446767323
11;2025-12-10;0;1.0848221410745407
11;2025-12-10;1;0.941187559607983
11;2025-12-10;2;1.0
11;2025-12-10;3;1.0
11;2025-12-10;4;1.5203327187978057
11;2025-12-10;5;1.1567388780667236
11;2025-12-10;6;1.013387133587583
11;2025-12-10;7;0.9862881643456952
11;2025-12-10;8;0.9941366523688421
11;2025-12-10;9;1.0083535626730646
11;2025-12-10;10;0.9590692389365211
11;2025-12-10;11;0.9891058525658593
11;2025-12-10;12;0.9710328206709318
11;2025-12-10;13;0.985872186601872
11;2025-12-10;14;0.9768274476799236
11;2025-12-10;15;1.0540732092276133
11;2025-12-10;16;1.0348786126326956
11;2025-12-10;17;1.029596030824217
11;2025-12-10;18;1.0217239590072382
11;2025-12-10;19;1.0450531242304404
11;2025-12-10;20;1.0777845413505416
11;2025-12-10;21;1.0948638690785992
11;2025-12-10;22;1.1794109858005137
11;2025-12-10;23;0.9952349446767323
11;2025-12-11;0;1.0848221410745407
11;2025-12-11;1;0.941187559607983
11;2025-12-11;2;1.0
11;2025-12-11;3;1.0
11;2025-12-11;4;1.5203327187978057
11;2025-12-11;5;1.1567388780667236
11;2025-12-11;6;1.013387133587583
11;2025-12-11;7;0.9862881643456952
11;2025-12-11;8;0.9941366523688421
11;2025-12-11;9;1.0083535626730646
11;2025-12-11;10;0.9590692389365211
11;2025-12-11;11;0.9891058525658593
11;2025-12-11;12;0.9710328206709318
11;2025-12-11;13;0.985872186601872
11;2025-12-11;14;0.9768274476799236
11;2025-12-11;15;1.0540732092276133
11;2025-12-11;16;1.0348786126326956
11;2025-12-11;17;1.029596030824217
11;2025-12-11;18;1.0217239590072382
11;2025-12-11;19;1.0450531242304404
11;2025-12-11;20;1.0777845413505416
11;2025-12-11;21;1.0948638690785992
11;2025-12-11;22;1.1794109858005137
11;2025-12-11;23;0.9952349446767323
11;2025-12-12;0;1.0507334881252248
11;2025-12-12;1;1.1122057127280505
11;2025-12-12;2;1.0
11;2025-12-12;3;1.0
11;2025-12-12;4;1.0
11;2025-12-12;5;1.0740064087112238
11;2025-12-12;6;0.9795290382235812
11;2025-12-12;7;0.938032439597962
11;2025-12-12;8;0.927610708929887
11;2025-12-12;9;1.0245568617139538
11;2025-12-12;10;0.9996373008114914
11;2025-12-12;11;1.0244735884684237
11;2025-12-12;12;0.9625385337859382
11;2025-12-12;13;1.0091036762893366
11;2025-12-12;14;0.9665465294659799
11;2025-12-12;15;1.0433031507756971
11;2025-12-12;16;1.0323584808653514
11;2025-12-12;17;0.9909629365884591
11;2025-12-12;18;1.0096462870193916
11;2025-12-12;19;1.0670327846900665
11;2025-12-12;20;1.0342132467396647
11;2025-12-12;21;1.049016371867085
11;2025-12-12;22;1.1927199287015058
11;2025-12-12;23;0.9024415753512153
11;2025-12-13;0;1.038762247780195
11;2025-12-13;1;1.5759894491035948
11;2025-12-13;2;1.0
11;2025-12-13;3;1.0
11;2025-12-13;4;1.0
11;2025-12-13;5;1.2513360826925433
11;2025-12-13;6;1.0119178098912043
11;2025-12-13;7;1.0320896646205031
11;2025-12-13;8;1.0375841571124054
11;2025-12-13;9;1.0620340502376475
11;2025-12-13;10;0.9958361732445837
11;2025-12-13;11;1.0494068929472573
11;2025-12-13;12;1.0303434727067489
11;2025-12-13;13;1.0470040794929956
11;2025-12-13;14;0.9749151857838968
11;2025-12-13;15;1.00695324541651
11;2025-12-13;16;1.0758707704581152
11;2025-12-13;17;1.0354700719234424
11;2025-12-13;18;1.0983802775582954
11;2025-12-13;19;1.0807657457315207
11;2025-12-13;20;1.1688491081596242
11;2025-12-13;21;1.1363204080867004
11;2025-12-13;22;1.1433022899092873
11;2025-12-13;23;1.1491314514793312
11;2025-12-14;0;1.064916130191888
11;2025-12-14;1;1.084911475708871
11;2025-12-14;2;1.0
11;2025-12-14;3;1.0
11;2025-12-14;4;1.0
11;2025-12-14;5;1.1959694127557754
11;2025-12-14;6;1.11145279570538
11;2025-12-14;7;1.1476705508071632
11;2025-12-14;8;1.0546930597573463
11;2025-12-14;9;1.0581641728820825
11;2025-12-14;10;1.0726265296598563
11;2025-12-14;11;1.0454373387683575
11;2025-12-14;12;1.0889698605735008
11;2025-12-14;13;1.0865133394558577
11;2025-12-14;14;1.0701879677543704
11;2025-12-14;15;1.1067162558346708
11;2025-12-14;16;1.1141682622077491
11;2025-12-14;17;1.0691071285781948
11;2025-12-14;18;1.150808896580878
11;2025-12-14;19;1.1797007988636072
11;2025-12-14;20;1.2198458318661758
11;2025-12-14;21;1.1726540001523367
11;2025-12-14;22;1.15878897753475
11;2025-12-14;23;1.114137555661232
11;2025-12-15;0;1.0848221410745407
11;2025-12-15;1;0.941187559607983
11;2025-12-15;2;1.0
11;2025-12-15;3;1.0
11;2025-12-15;4;1.5203327187978057
11;2025-12-15;5;1.1567388780667236
11;2025-12-15;6;1.013387133587583
11;2025-12-15;7;0.9862881643456952
11;2025-12-15;8;0.9941366523688421
11;2025-12-15;9;1.0083535626730646
11;2025-12-15;10;0.9590692389365211
11;2025-12-15;11;0.9891058525658593
11;2025-12-15;12;0.9710328206709318
11;2025-12-15;13;0.985872186601872
11;2025-12-15;14;0.9768274476799236
11;2025-12-15;15;1.0540732092276133
11;2025-12-15;16;1.0348786126326956
11;2025-12-15;17;1.029596030824217
11;2025-12-15;18;1.0217239590072382
11;2025-12-15;19;1.0450531242304404
11;2025-12-15;20;1.0777845413505416
11;2025-12-15;21;1.0948638690785992
11;2025-12-15;22;1.1794109858005137
11;2025-12-15;23;0.9952349446767323
11;2025-12-16;0;1.0848221410745407
11;2025-12-16;1;0.941187559607983
11;2025-12-16;2;1.0
11;2025-12-16;3;1.0
11;2025-12-16;4;1.5203327187978057
11;2025-12-16;5;1.1567388780667236
11;2025-12-16;6;1.013387133587583
11;2025-12-16;7;0.9862881643456952
11;2025-12-16;8;0.9941366523688421
11;2025-12-16;9;1.0083535626730646
11;2025-12-16;10;0.9590692389365211
11;2025-12-16;11;0.9891058525658593
11;2025-12-16;12;0.9710328206709318
11;2025-12-16;13;0.985872186601872
11;2025-12-16;14;0.9768274476799236
11;2025-12-16;15;1.0540732092276133
11;2025-12-16;16;1.0348786126326956
11;2025-12-16;17;1.029596030824217
11;2025-12-16;18;1.0217239590072382
11;2025-12-16;19;1.0450531242304404
11;2025-12-16;20;1.0777845413505416
11;2025-12-16;21;1.0948638690785992
11;2025-12-16;22;1.1794109858005137
11;2025-12-16;23;0.9952349446767323
11;2025-12-17;0;1.0848221410745407
11;2025-12-17;1;0.941187559607983
11;2025-12-17;2;1.0
11;2025-12-17;3;1.0
11;2025-12-17;4;1.5203327187978057
11;2025-12-17;5;1.1567388780667236
11;2025-12-17;6;1.013387133587583
11;2025-12-17;7;0.9862881643456952
11;2025-12-17;8;0.9941366523688421
11;2025-12-17;9;1.0083535626730646
11;2025-12-17;10;0.9590692389365211
11;2025-12-17;11;0.9891058525658593
11;2025-12-17;12;0.9710328206709318
11;2025-12-17;13;0.985872186601872
11;2025-12-17;14;0.9768274476799236
11;2025-12-17;15;1.0540732092276133
11;2025-12-17;16;1.0348786126326956
11;2025-12-17;17;1.029596030824217
11;2025-12-17;18;1.0217239590072382
11;2025-12-17;19;1.0450531242304404
11;2025-12-17;20;1.0777845413505416
11;2025-12-17;21;1.0948638690785992
11;2025-12-17;22;1.1794109858005137
11;2025-12-17;23;0.9952349446767323
11;2025-12-18;0;1.0848221410745407
11;2025-12-18;1;0.941187559607983
11;2025-12-18;2;1.0
11;2025-12-18;3;1.0
11;2025-12-18;4;1.5203327187978057
11;2025-12-18;5;1.1567388780667236
11;2025-12-18;6;1.013387133587583
11;2025-12-18;7;0.9862881643456952
11;2025-12-18;8;0.9941366523688421
11;2025-12-18;9;1.0083535626730646
11;2025-12-18;10;0.9590692389365211
11;2025-12-18;11;0.9891058525658593
11;2025-12-18;12;0.9710328206709318
11;2025-12-18;13;0.985872186601872
11;2025-12-18;14;0.9768274476799236
11;2025-12-18;15;1.0540732092276133
11;2025-12-18;16;1.0348786126326956
11;2025-12-18;17;1.029596030824217
11;2025-12-18;18;1.0217239590072382
11;2025-12-18;19;1.0450531242304404
11;2025-12-18;20;1.0777845413505416
11;2025-12-18;21;1.0948638690785992
11;2025-12-18;22;1.1794109858005137
11;2025-12-18;23;0.9952349446767323
11;2025-12-19;0;1.0507334881252248
11;2025-12-19;1;1.1122057127280505
11;2025-12-19;2;1.0
11;2025-12-19;3;1.0
11;2025-12-19;4;1.0
11;2025-12-19;5;1.0740064087112238
11;2025-12-19;6;0.9795290382235812
11;2025-12-19;7;0.938032439597962
11;2025-12-19;8;0.927610708929887
11;2025-12-19;9;1.0245568617139538
11;2025-12-19;10;0.9996373008114914
11;2025-12-19;11;1.0244735884684237
11;2025-12-19;12;0.9625385337859382
11;2025-12-19;13;1.0091036762893366
11;2025-12-19;14;0.9665465294659799
11;2025-12-19;15;1.0433031507756971
11;2025-12-19;16;1.0323584808653514
11;2025-12-19;17;0.9909629365884591
11;2025-12-19;18;1.0096462870193916
11;2025-12-19;19;1.0670327846900665
11;2025-12-19;20;1.0342132467396647
11;2025-12-19;21;1.049016371867085
11;2025-12-19;22;1.1927199287015058
11;2025-12-19;23;0.9024415753512153
11;2025-12-20;0;1.038762247780195
11;2025-12-20;1;1.5759894491035948
11;2025-12-20;2;1.0
11;2025-12-20;3;1.0
11;2025-12-20;4;1.0
11;2025-12-20;5;1.2513360826925433
11;2025-12-20;6;1.0119178098912043
11;2025-12-20;7;1.0320896646205031
11;2025-12-20;8;1.0375841571124054
11;2025-12-20;9;1.0620340502376475
11;2025-12-20;10;0.9958361732445837
11;2025-12-20;11;1.0494068929472573
11;2025-12-20;12;1.0303434727067489
11;2025-12-20;13;1.0470040794929956
11;2025-12-20;14;0.9749151857838968
11;2025-12-20;15;1.00695324541651
11;2025-12-20;16;1.0758707704581152
11;2025-12-20;17;1.0354700719234424
11;2025-12-20;18;1.0983802775582954
11;2025-12-20;19;1.0807657457315207
11;2025-12-20;20;1.1688491081596242
11;2025-12-20;21;1.1363204080867004
11;2025-12-20;22;1.1433022899092873
11;2025-12-20;23;1.1491314514793312
11;2025-12-21;0;1.064916130191888
11;2025-12-21;1;1.084911475708871
11;2025-12-21;2;1.0
11;2025-12-21;3;1.0
11;2025-12-21;4;1.0
11;2025-12-21;5;1.1959694127557754
11;2025-12-21;6;1.11145279570538
11;2025-12-21;7;1.1476705508071632
11;2025-12-21;8;1.0546930597573463
11;2025-12-21;9;1.0581641728820825
11;2025-12-21;10;1.0726265296598563
11;2025-12-21;11;1.0454373387683575
11;2025-12-21;12;1.0889698605735008
11;2025-12-21;13;1.0865133394558577
11;2025-12-21;14;1.0701879677543704
11;2025-12-21;15;1.1067162558346708
11;2025-12-21;16;1.1141682622077491
11;2025-12-21;17;1.0691071285781948
11;2025-12-21;18;1.150808896580878
11;2025-12-21;19;1.1797007988636072
11;2025-12-21;20;1.2198458318661758
11;2025-12-21;21;1.1726540001523367
11;2025-12-21;22;1.15878897753475
11;2025-12-21;23;1.114137555661232
11;2025-12-22;0;1.0848221410745407
11;2025-12-22;1;0.941187559607983
11;2025-12-22;2;1.0
11;2025-12-22;3;1.0
11;2025-12-22;4;1.5203327187978057
11;2025-12-22;5;1.1567388780667236
11;2025-12-22;6;1.013387133587583
11;2025-12-22;7;0.9862881643456952
11;2025-12-22;8;0.9941366523688421
11;2025-12-22;9;1.0083535626730646
11;2025-12-22;10;0.9590692389365211
11;2025-12-22;11;0.9891058525658593
11;2025-12-22;12;0.9710328206709318
11;2025-12-22;13;0.985872186601872
11;2025-12-22;14;0.9768274476799236
11;2025-12-22;15;1.0540732092276133
11;2025-12-22;16;1.0348786126326956
11;2025-12-22;17;1.029596030824217
11;2025-12-22;18;1.0217239590072382
11;2025-12-22;19;1.0450531242304404
11;2025-12-22;20;1.0777845413505416
11;2025-12-22;21;1.0948638690785992
11;2025-12-22;22;1.1794109858005137
11;2025-12-22;23;0.9952349446767323
11;2025-12-23;0;1.0848221410745407
11;2025-12-23;1;0.941187559607983
11;2025-12-23;2;1.0
11;2025-12-23;3;1.0
11;2025-12-23;4;1.5203327187978057
11;2025-12-23;5;1.1567388780667236
11;2025-12-23;6;1.013387133587583
11;2025-12-23;7;0.9862881643456952
11;2025-12-23;8;0.9941366523688421
11;2025-12-23;9;1.0083535626730646
11;2025-12-23;10;0.9590692389365211
11;2025-12-23;11;0.9891058525658593
11;2025-12-23;12;0.9710328206709318
11;2025-12-23;13;0.985872186601872
11;2025-12-23;14;0.9768274476799236
11;2025-12-23;15;1.0540732092276133
11;2025-12-23;16;1.0348786126326956
11;2025-12-23;17;1.029596030824217
11;2025-12-23;18;1.0217239590072382
11;2025-12-23;19;1.0450531242304404
11;2025-12-23;20;1.0777845413505416
11;2025-12-23;21;1.0948638690785992
11;2025-12-23;22;1.1794109858005137
11;2025-12-23;23;0.9952349446767323
11;2025-12-24;0;1.0848221410745407
11;2025-12-24;1;0.941187559607983
11;2025-12-24;2;1.0
11;2025-12-24;3;1.0
11;2025-12-24;4;1.5203327187978057
11;2025-12-24;5;1.1567388780667236
11;2025-12-24;6;1.013387133587583
11;2025-12-24;7;0.9862881643456952
11;2025-12-24;8;0.9941366523688421
11;2025-12-24;9;1.0083535626730646
11;2025-12-24;10;0.9590692389365211
11;2025-12-24;11;0.9891058525658593
11;2025-12-24;12;0.9710328206709318
11;2025-12-24;13;0.985872186601872
11;2025-12-24;14;0.9768274476799236
11;2025-12-24;15;1.0540732092276133
11;2025-12-24;16;1.0348786126326956
11;2025-12-24;17;1.029596030824217
11;2025-12-24;18;1.0217239590072382
11;2025-12-24;19;1.0450531242304404
11;2025-12-24;20;1.0777845413505416
11;2025-12-24;21;1.0948638690785992
11;2025-12-24;22;1.1794109858005137
11;2025-12-24;23;0.9952349446767323
11;2025-12-25;0;1.0848221410745407
11;2025-12-25;1;0.941187559607983
11;2025-12-25;2;1.0
11;2025-12-25;3;1.0
11;2025-12-25;4;1.5203327187978057
11;2025-12-25;5;1.1567388780667236
11;2025-12-25;6;1.013387133587583
11;2025-12-25;7;0.9862881643456952
11;2025-12-25;8;0.9941366523688421
11;2025-12-25;9;1.0083535626730646
11;2025-12-25;10;0.9590692389365211
11;2025-12-25;11;0.9891058525658593
11;2025-12-25;12;0.9710328206709318
11;2025-12-25;13;0.985872186601872
11;2025-12-25;14;0.9768274476799236
11;2025-12-25;15;1.0540732092276133
11;2025-12-25;16;1.0348786126326956
11;2025-12-25;17;1.029596030824217
11;2025-12-25;18;1.0217239590072382
11;2025-12-25;19;1.0450531242304404
11;2025-12-25;20;1.0777845413505416
11;2025-12-25;21;1.0948638690785992
11;2025-12-25;22;1.1794109858005137
11;2025-12-25;23;0.9952349446767323
11;2025-12-26;0;1.0507334881252248
11;2025-12-26;1;1.1122057127280505
11;2025-12-26;2;1.0
11;2025-12-26;3;1.0
11;2025-12-26;4;1.0
11;2025-12-26;5;1.0740064087112238
11;2025-12-26;6;0.9795290382235812
11;2025-12-26;7;0.938032439597962
11;2025-12-26;8;0.927610708929887
11;2025-12-26;9;1.0245568617139538
11;2025-12-26;10;0.9996373008114914
11;2025-12-26;11;1.0244735884684237
11;2025-12-26;12;0.9625385337859382
11;2025-12-26;13;1.0091036762893366
11;2025-12-26;14;0.9665465294659799
11;2025-12-26;15;1.0433031507756971
11;2025-12-26;16;1.0323584808653514
11;2025-12-26;17;0.9909629365884591
11;2025-12-26;18;1.0096462870193916
11;2025-12-26;19;1.0670327846900665
11;2025-12-26;20;1.0342132467396647
11;2025-12-26;21;1.049016371867085
11;2025-12-26;22;1.1927199287015058
11;2025-12-26;23;0.9024415753512153
11;2025-12-27;0;1.038762247780195
11;2025-12-27;1;1.5759894491035948
11;2025-12-27;2;1.0
11;2025-12-27;3;1.0
11;2025-12-27;4;1.0
11;2025-12-27;5;1.2513360826925433
11;2025-12-27;6;1.0119178098912043
11;2025-12-27;7;1.0320896646205031
11;2025-12-27;8;1.0375841571124054
11;2025-12-27;9;1.0620340502376475
11;2025-12-27;10;0.9958361732445837
11;2025-12-27;11;1.0494068929472573
11;2025-12-27;12;1.0303434727067489
11;2025-12-27;13;1.0470040794929956
11;2025-12-27;14;0.9749151857838968
11;2025-12-27;15;1.00695324541651
11;2025-12-27;16;1.0758707704581152
11;2025-12-27;17;1.0354700719234424
11;2025-12-27;18;1.0983802775582954
11;2025-12-27;19;1.0807657457315207
11;2025-12-27;20;1.1688491081596242
11;2025-12-27;21;1.1363204080867004
11;2025-12-27;22;1.1433022899092873
11;2025-12-27;23;1.1491314514793312
11;2025-12-28;0;1.064916130191888
11;2025-12-28;1;1.084911475708871
11;2025-12-28;2;1.0
11;2025-12-28;3;1.0
11;2025-12-28;4;1.0
11;2025-12-28;5;1.1959694127557754
11;2025-12-28;6;1.11145279570538
11;2025-12-28;7;1.1476705508071632
11;2025-12-28;8;1.0546930597573463
11;2025-12-28;9;1.0581641728820825
11;2025-12-28;10;1.0726265296598563
11;2025-12-28;11;1.0454373387683575
11;2025-12-28;12;1.0889698605735008
11;2025-12-28;13;1.0865133394558577
11;2025-12-28;14;1.0701879677543704
11;2025-12-28;15;1.1067162558346708
11;2025-12-28;16;1.1141682622077491
11;2025-12-28;17;1.0691071285781948
11;2025-12-28;18;1.150808896580878
11;2025-12-28;19;1.1797007988636072
11;2025-12-28;20;1.2198458318661758
11;2025-12-28;21;1.1726540001523367
11;2025-12-28;22;1.15878897753475
11;2025-12-28;23;1.114137555661232
11;2025-12-29;0;1.0848221410745407
11;2025-12-29;1;0.941187559607983
11;2025-12-29;2;1.0
11;2025-12-29;3;1.0
11;2025-12-29;4;1.5203327187978057
11;2025-12-29;5;1.1567388780667236
11;2025-12-29;6;1.013387133587583
11;2025-12-29;7;0.9862881643456952
11;2025-12-29;8;0.9941366523688421
11;2025-12-29;9;1.0083535626730646
11;2025-12-29;10;0.9590692389365211
11;2025-12-29;11;0.9891058525658593
11;2025-12-29;12;0.9710328206709318
11;2025-12-29;13;0.985872186601872
11;2025-12-29;14;0.9768274476799236
11;2025-12-29;15;1.0540732092276133
11;2025-12-29;16;1.0348786126326956
11;2025-12-29;17;1.029596030824217
11;2025-12-29;18;1.0217239590072382
11;2025-12-29;19;1.0450531242304404
11;2025-12-29;20;1.0777845413505416
11;2025-12-29;21;1.0948638690785992
11;2025-12-29;22;1.1794109858005137
11;2025-12-29;23;0.9952349446767323
11;2025-12-30;0;1.0848221410745407
11;2025-12-30;1;0.941187559607983
11;2025-12-30;2;1.0
11;2025-12-30;3;1.0
11;2025-12-30;4;1.5203327187978057
11;2025-12-30;5;1.1567388780667236
11;2025-12-30;6;1.013387133587583
11;2025-12-30;7;0.9862881643456952
11;2025-12-30;8;0.9941366523688421
11;2025-12-30;9;1.0083535626730646
11;2025-12-30;10;0.9590692389365211
11;2025-12-30;11;0.9891058525658593
11;2025-12-30;12;0.9710328206709318
11;2025-12-30;13;0.985872186601872
11;2025-12-30;14;0.9768274476799236
11;2025-12-30;15;1.0540732092276133
11;2025-12-30;16;1.0348786126326956
11;2025-12-30;17;1.029596030824217
11;2025-12-30;18;1.0217239590072382
11;2025-12-30;19;1.0450531242304404
11;2025-12-30;20;1.0777845413505416
11;2025-12-30;21;1.0948638690785992
11;2025-12-30;22;1.1794109858005137
11;2025-12-30;23;0.9952349446767323
11;2025-12-31;0;1.064916130191888
11;2025-12-31;1;1.084911475708871
11;2025-12-31;2;1.0
11;2025-12-31;3;1.0
11;2025-12-31;4;1.0
11;2025-12-31;5;1.1959694127557754
11;2025-12-31;6;1.11145279570538
11;2025-12-31;7;1.1476705508071632
11;2025-12-31;8;1.0546930597573463
11;2025-12-31;9;1.0581641728820825
11;2025-12-31;10;1.0726265296598563
11;2025-12-31;11;1.0454373387683575
11;2025-12-31;12;1.0889698605735008
11;2025-12-31;13;1.0865133394558577
11;2025-12-31;14;1.0701879677543704
11;2025-12-31;15;1.1067162558346708
11;2025-12-31;16;1.1141682622077491
11;2025-12-31;17;1.0691071285781948
11;2025-12-31;18;1.150808896580878
11;2025-12-31;19;1.1797007988636072
11;2025-12-31;20;1.2198458318661758
11;2025-12-31;21;1.1726540001523367
11;2025-12-31;22;1.15878897753475
11;2025-12-31;23;1.114137555661232
12;2025-11-01;0;1.0070155215053038
12;2025-11-01;1;1.4975508674015563
12;2025-11-01;2;1.0
12;2025-11-01;3;1.0
12;2025-11-01;4;1.1474057119289125
12;2025-11-01;5;0.9941610624063637
12;2025-11-01;6;0.9653681773496013
12;2025-11-01;7;0.9756754301290264
12;2025-11-01;8;1.0030385355396012
12;2025-11-01;9;0.942083234684696
12;2025-11-01;10;1.0015617140549784
12;2025-11-01;11;1.0143646799310633
12;2025-11-01;12;1.0217605527203661
12;2025-11-01;13;0.9349823882877378
12;2025-11-01;14;1.0259837007401627
12;2025-11-01;15;1.0422291941922195
12;2025-11-01;16;1.0083576417833362
12;2025-11-01;17;1.0055066246502486
12;2025-11-01;18;0.9925971426053785
12;2025-11-01;19;1.0301530027689303
12;2025-11-01;20;1.0394448073221147
12;2025-11-01;21;0.9847588071430775
12;2025-11-01;22;1.0359917273963213
12;2025-11-01;23;0.9252298756509367
12;2025-11-02;0;1.0247808452437424
12;2025-11-02;1;1.4594995755875233
12;2025-11-02;2;1.0
12;2025-11-02;3;1.0
12;2025-11-02;4;0.9446543722044931
12;2025-11-02;5;1.1363855755484111
12;2025-11-02;6;0.9934536440280591
12;2025-11-02;7;0.904343357657893
12;2025-11-02;8;0.9820631623416322
12;2025-11-02;9;0.9972339316911932
12;2025-11-02;10;0.9704983533988927
12;2025-11-02;11;0.9961793496732707
12;2025-11-02;12;0.983757202093489
12;2025-11-02;13;0.9726138593996317
12;2025-11-02;14;1.0045598041033352
12;2025-11-02;15;0.9209417280859299
12;2025-11-02;16;0.960143833404302
12;2025-11-02;17;0.9705286768684347
12;2025-11-02;18;0.9478906641584294
12;2025-11-02;19;0.9920853285130642
12;2025-11-02;20;0.9651691775127427
12;2025-11-02;21;0.9771307610218964
12;2025-11-02;22;0.9710288977488174
12;2025-11-02;23;1.0476285795984355
12;2025-11-03;0;1.0247808452437424
12;2025-11-03;1;1.4594995755875233
12;2025-11-03;2;1.0
12;2025-11-03;3;1.0
12;2025-11-03;4;0.9446543722044931
12;2025-11-03;5;1.1363855755484111
12;2025-11-03;6;0.9934536440280591
12;2025-11-03;7;0.904343357657893
12;2025-11-03;8;0.9820631623416322
12;2025-11-03;9;0.9972339316911932
12;2025-11-03;10;0.9704983533988927
12;2025-11-03;11;0.9961793496732707
12;2025-11-03;12;0.983757202093489
12;2025-11-03;13;0.9726138593996317
12;2025-11-03;14;1.0045598041033352
12;2025-11-03;15;0.9209417280859299
12;2025-11-03;16;0.960143833404302
12;2025-11-03;17;0.9705286768684347
12;2025-11-03;18;0.9478906641584294
12;2025-11-03;19;0.9920853285130642
12;2025-11-03;20;0.9651691775127427
12;2025-11-03;21;0.9771307610218964
12;2025-11-03;22;0.9710288977488174
12;2025-11-03;23;1.0476285795984355
12;2025-11-04;0;1.0247808452437424
12;2025-11-04;1;1.4594995755875233
12;2025-11-04;2;1.0
12;2025-11-04;3;1.0
12;2025-11-04;4;0.9446543722044931
12;2025-11-04;5;1.1363855755484111
12;2025-11-04;6;0.9934536440280591
12;2025-11-04;7;0.904343357657893
12;2025-11-04;8;0.9820631623416322
12;2025-11-04;9;0.9972339316911932
12;2025-11-04;10;0.9704983533988927
12;2025-11-04;11;0.9961793496732707
12;2025-11-04;12;0.983757202093489
12;2025-11-04;13;0.9726138593996317
12;2025-11-04;14;1.0045598041033352
12;2025-11-04;15;0.9209417280859299
12;2025-11-04;16;0.960143833404302
12;2025-11-04;17;0.9705286768684347
12;2025-11-04;18;0.9478906641584294
12;2025-11-04;19;0.9920853285130642
12;2025-11-04;20;0.9651691775127427
12;2025-11-04;21;0.9771307610218964
12;2025-11-04;22;0.9710288977488174
12;2025-11-04;23;1.0476285795984355
12;2025-11-05;0;1.0035870009162802
12;2025-11-05;1;1.4496696371438067
12;2025-11-05;2;1.0
12;2025-11-05;3;1.0
12;2025-11-05;4;0.920921661954908
12;2025-11-05;5;1.0545575395290887
12;2025-11-05;6;0.9802749493370885
12;2025-11-05;7;0.9966490220636262
12;2025-11-05;8;0.9825350730403521
12;2025-11-05;9;0.961388420247984
12;2025-11-05;10;0.9689771878231662
12;2025-11-05;11;1.002629847075695
12;2025-11-05;12;0.9804729456287179
12;2025-11-05;13;0.9641462878761011
12;2025-11-05;14;1.0060976154968087
12;2025-11-05;15;1.0099140550305148
12;2025-11-05;16;1.0031357669340215
12;2025-11-05;17;1.0019207989077439
12;2025-11-05;18;0.9944193357445724
12;2025-11-05;19;1.0424588729318578
12;2025-11-05;20;0.9925832239643074
12;2025-11-05;21;0.9726882423097247
12;2025-11-05;22;1.0035007370896165
12;2025-11-05;23;0.9811234060073283
12;2025-11-06;0;1.0035870009162802
12;2025-11-06;1;1.4496696371438067
12;2025-11-06;2;1.0
12;2025-11-06;3;1.0
12;2025-11-06;4;0.920921661954908
12;2025-11-06;5;1.0545575395290887
12;2025-11-06;6;0.9802749493370885
12;2025-11-06;7;0.9966490220636262
12;2025-11-06;8;0.9825350730403521
12;2025-11-06;9;0.961388420247984
12;2025-11-06;10;0.9689771878231662
12;2025-11-06;11;1.002629847075695
12;2025-11-06;12;0.9804729456287179
12;2025-11-06;13;0.9641462878761011
12;2025-11-06;14;1.0060976154968087
12;2025-11-06;15;1.0099140550305148
12;2025-11-06;16;1.0031357669340215
12;2025-11-06;17;1.0019207989077439
12;2025-11-06;18;0.9944193357445724
12;2025-11-06;19;1.0424588729318578
12;2025-11-06;20;0.9925832239643074
12;2025-11-06;21;0.9726882423097247
12;2025-11-06;22;1.0035007370896165
12;2025-11-06;23;0.9811234060073283
12;2025-11-07;0;1.0070155215053038
12;2025-11-07;1;1.4975508674015563
12;2025-11-07;2;1.0
12;2025-11-07;3;1.0
12;2025-11-07;4;1.1474057119289125
12;2025-11-07;5;0.9941610624063637
12;2025-11-07;6;0.9653681773496013
12;2025-11-07;7;0.9756754301290264
12;2025-11-07;8;1.0030385355396012
12;2025-11-07;9;0.942083234684696
12;2025-11-07;10;1.0015617140549784
12;2025-11-07;11;1.0143646799310633
12;2025-11-07;12;1.0217605527203661
12;2025-11-07;13;0.9349823882877378
12;2025-11-07;14;1.0259837007401627
12;2025-11-07;15;1.0422291941922195
12;2025-11-07;16;1.0083576417833362
12;2025-11-07;17;1.0055066246502486
12;2025-11-07;18;0.9925971426053785
12;2025-11-07;19;1.0301530027689303
12;2025-11-07;20;1.0394448073221147
12;2025-11-07;21;0.9847588071430775
12;2025-11-07;22;1.0359917273963213
12;2025-11-07;23;0.9252298756509367
12;2025-11-08;0;1.1647524160577067
12;2025-11-08;1;1.4733345788973318
12;2025-11-08;2;1.0
12;2025-11-08;3;1.0
12;2025-11-08;4;1.473334578897332
12;2025-11-08;5;1.0470564477444515
12;2025-11-08;6;1.032961378199957
12;2025-11-08;7;0.9969493143915212
12;2025-11-08;8;0.9624201649399021
12;2025-11-08;9;0.9548586871785928
12;2025-11-08;10;0.9477276748419153
12;2025-11-08;11;1.0030897697740895
12;2025-11-08;12;0.9624116271331588
12;2025-11-08;13;0.9817716822395111
12;2025-11-08;14;1.0096322388411563
12;2025-11-08;15;0.973493032698654
12;2025-11-08;16;0.9469504467665393
12;2025-11-08;17;0.9632500503453805
12;2025-11-08;18;0.9432791319674037
12;2025-11-08;19;1.047225457018336
12;2025-11-08;20;1.0273655860094846
12;2025-11-08;21;0.9526335307022842
12;2025-11-08;22;1.0796483819511127
12;2025-11-08;23;0.9812383667824185
12;2025-11-09;0;1.0247808452437424
12;2025-11-09;1;1.4594995755875233
12;2025-11-09;2;1.0
12;2025-11-09;3;1.0
12;2025-11-09;4;0.9446543722044931
12;2025-11-09;5;1.1363855755484111
12;2025-11-09;6;0.9934536440280591
12;2025-11-09;7;0.904343357657893
12;2025-11-09;8;0.9820631623416322
12;2025-11-09;9;0.9972339316911932
12;2025-11-09;10;0.9704983533988927
12;2025-11-09;11;0.9961793496732707
12;2025-11-09;12;0.983757202093489
12;2025-11-09;13;0.9726138593996317
12;2025-11-09;14;1.0045598041033352
12;2025-11-09;15;0.9209417280859299
12;2025-11-09;16;0.960143833404302
12;2025-11-09;17;0.9705286768684347
12;2025-11-09;18;0.9478906641584294
12;2025-11-09;19;0.9920853285130642
12;2025-11-09;20;0.9651691775127427
12;2025-11-09;21;0.9771307610218964
12;2025-11-09;22;0.9710288977488174
12;2025-11-09;23;1.0476285795984355
12;2025-11-10;0;1.0035870009162802
12;2025-11-10;1;1.4496696371438067
12;2025-11-10;2;1.0
12;2025-11-10;3;1.0
12;2025-11-10;4;0.920921661954908
12;2025-11-10;5;1.0545575395290887
12;2025-11-10;6;0.9802749493370885
12;2025-11-10;7;0.9966490220636262
12;2025-11-10;8;0.9825350730403521
12;2025-11-10;9;0.961388420247984
12;2025-11-10;10;0.9689771878231662
12;2025-11-10;11;1.002629847075695
12;2025-11-10;12;0.9804729456287179
12;2025-11-10;13;0.9641462878761011
12;2025-11-10;14;1.0060976154968087
12;2025-11-10;15;1.0099140550305148
12;2025-11-10;16;1.0031357669340215
12;2025-11-10;17;1.0019207989077439
12;2025-11-10;18;0.9944193357445724
12;2025-11-10;19;1.0424588729318578
12;2025-11-10;20;0.9925832239643074
12;2025-11-10;21;0.9726882423097247
12;2025-11-10;22;1.0035007370896165
12;2025-11-10;23;0.9811234060073283
12;2025-11-11;0;1.0035870009162802
12;2025-11-11;1;1.4496696371438067
12;2025-11-11;2;1.0
12;2025-11-11;3;1.0
12;2025-11-11;4;0.920921661954908
12;2025-11-11;5;1.0545575395290887
12;2025-11-11;6;0.9802749493370885
12;2025-11-11;7;0.9966490220636262
12;2025-11-11;8;0.9825350730403521
12;2025-11-11;9;0.961388420247984
12;2025-11-11;10;0.9689771878231662
12;2025-11-11;11;1.002629847075695
12;2025-11-11;12;0.9804729456287179
12;2025-11-11;13;0.9641462878761011
12;2025-11-11;14;1.0060976154968087
12;2025-11-11;15;1.0099140550305148
12;2025-11-11;16;1.0031357669340215
12;2025-11-11;17;1.0019207989077439
12;2025-11-11;18;0.9944193357445724
12;2025-11-11;19;1.0424588729318578
12;2025-11-11;20;0.9925832239643074
12;2025-11-11;21;0.9726882423097247
12;2025-11-11;22;1.0035007370896165
12;2025-11-11;23;0.9811234060073283
12;2025-11-12;0;1.0035870009162802
12;2025-11-12;1;1.4496696371438067
12;2025-11-12;2;1.0
12;2025-11-12;3;1.0
12;2025-11-12;4;0.920921661954908
12;2025-11-12;5;1.0545575395290887
12;2025-11-12;6;0.9802749493370885
12;2025-11-12;7;0.9966490220636262
12;2025-11-12;8;0.9825350730403521
12;2025-11-12;9;0.961388420247984
12;2025-11-12;10;0.9689771878231662
12;2025-11-12;11;1.002629847075695
12;2025-11-12;12;0.9804729456287179
12;2025-11-12;13;0.9641462878761011
12;2025-11-12;14;1.0060976154968087
12;2025-11-12;15;1.0099140550305148
12;2025-11-12;16;1.0031357669340215
12;2025-11-12;17;1.0019207989077439
12;2025-11-12;18;0.9944193357445724
12;2025-11-12;19;1.0424588729318578
12;2025-11-12;20;0.9925832239643074
12;2025-11-12;21;0.9726882423097247
12;2025-11-12;22;1.0035007370896165
12;2025-11-12;23;0.9811234060073283
12;2025-11-13;0;1.0035870009162802
12;2025-11-13;1;1.4496696371438067
12;2025-11-13;2;1.0
12;2025-11-13;3;1.0
12;2025-11-13;4;0.920921661954908
12;2025-11-13;5;1.0545575395290887
12;2025-11-13;6;0.9802749493370885
12;2025-11-13;7;0.9966490220636262
12;2025-11-13;8;0.9825350730403521
12;2025-11-13;9;0.961388420247984
12;2025-11-13;10;0.9689771878231662
12;2025-11-13;11;1.002629847075695
12;2025-11-13;12;0.9804729456287179
12;2025-11-13;13;0.9641462878761011
12;2025-11-13;14;1.0060976154968087
12;2025-11-13;15;1.0099140550305148
12;2025-11-13;16;1.0031357669340215
12;2025-11-13;17;1.0019207989077439
12;2025-11-13;18;0.9944193357445724
12;2025-11-13;19;1.0424588729318578
12;2025-11-13;20;0.9925832239643074
12;2025-11-13;21;0.9726882423097247
12;2025-11-13;22;1.0035007370896165
12;2025-11-13;23;0.9811234060073283
12;2025-11-14;0;1.0070155215053038
12;2025-11-14;1;1.4975508674015563
12;2025-11-14;2;1.0
12;2025-11-14;3;1.0
12;2025-11-14;4;1.1474057119289125
12;2025-11-14;5;0.9941610624063637
12;2025-11-14;6;0.9653681773496013
12;2025-11-14;7;0.9756754301290264
12;2025-11-14;8;1.0030385355396012
12;2025-11-14;9;0.942083234684696
12;2025-11-14;10;1.0015617140549784
12;2025-11-14;11;1.0143646799310633
12;2025-11-14;12;1.0217605527203661
12;2025-11-14;13;0.9349823882877378
12;2025-11-14;14;1.0259837007401627
12;2025-11-14;15;1.0422291941922195
12;2025-11-14;16;1.0083576417833362
12;2025-11-14;17;1.0055066246502486
12;2025-11-14;18;0.9925971426053785
12;2025-11-14;19;1.0301530027689303
12;2025-11-14;20;1.0394448073221147
12;2025-11-14;21;0.9847588071430775
12;2025-11-14;22;1.0359917273963213
12;2025-11-14;23;0.9252298756509367
12;2025-11-15;0;1.1647524160577067
12;2025-11-15;1;1.4733345788973318
12;2025-11-15;2;1.0
12;2025-11-15;3;1.0
12;2025-11-15;4;1.473334578897332
12;2025-11-15;5;1.0470564477444515
12;2025-11-15;6;1.032961378199957
12;2025-11-15;7;0.9969493143915212
12;2025-11-15;8;0.9624201649399021
12;2025-11-15;9;0.9548586871785928
12;2025-11-15;10;0.9477276748419153
12;2025-11-15;11;1.0030897697740895
12;2025-11-15;12;0.9624116271331588
12;2025-11-15;13;0.9817716822395111
12;2025-11-15;14;1.0096322388411563
12;2025-11-15;15;0.973493032698654
12;2025-11-15;16;0.9469504467665393
12;2025-11-15;17;0.9632500503453805
12;2025-11-15;18;0.9432791319674037
12;2025-11-15;19;1.047225457018336
12;2025-11-15;20;1.0273655860094846
12;2025-11-15;21;0.9526335307022842
12;2025-11-15;22;1.0796483819511127
12;2025-11-15;23;0.9812383667824185
12;2025-11-16;0;1.0247808452437424
12;2025-11-16;1;1.4594995755875233
12;2025-11-16;2;1.0
12;2025-11-16;3;1.0
12;2025-11-16;4;0.9446543722044931
12;2025-11-16;5;1.1363855755484111
12;2025-11-16;6;0.9934536440280591
12;2025-11-16;7;0.904343357657893
12;2025-11-16;8;0.9820631623416322
12;2025-11-16;9;0.9972339316911932
12;2025-11-16;10;0.9704983533988927
12;2025-11-16;11;0.9961793496732707
12;2025-11-16;12;0.983757202093489
12;2025-11-16;13;0.9726138593996317
12;2025-11-16;14;1.0045598041033352
12;2025-11-16;15;0.9209417280859299
12;2025-11-16;16;0.960143833404302
12;2025-11-16;17;0.9705286768684347
12;2025-11-16;18;0.9478906641584294
12;2025-11-16;19;0.9920853285130642
12;2025-11-16;20;0.9651691775127427
12;2025-11-16;21;0.9771307610218964
12;2025-11-16;22;0.9710288977488174
12;2025-11-16;23;1.0476285795984355
12;2025-11-17;0;1.0035870009162802
12;2025-11-17;1;1.4496696371438067
12;2025-11-17;2;1.0
12;2025-11-17;3;1.0
12;2025-11-17;4;0.920921661954908
12;2025-11-17;5;1.0545575395290887
12;2025-11-17;6;0.9802749493370885
12;2025-11-17;7;0.9966490220636262
12;2025-11-17;8;0.9825350730403521
12;2025-11-17;9;0.961388420247984
12;2025-11-17;10;0.9689771878231662
12;2025-11-17;11;1.002629847075695
12;2025-11-17;12;0.9804729456287179
12;2025-11-17;13;0.9641462878761011
12;2025-11-17;14;1.0060976154968087
12;2025-11-17;15;1.0099140550305148
12;2025-11-17;16;1.0031357669340215
12;2025-11-17;17;1.0019207989077439
12;2025-11-17;18;0.9944193357445724
12;2025-11-17;19;1.0424588729318578
12;2025-11-17;20;0.9925832239643074
12;2025-11-17;21;0.9726882423097247
12;2025-11-17;22;1.0035007370896165
12;2025-11-17;23;0.9811234060073283
12;2025-11-18;0;1.0035870009162802
12;2025-11-18;1;1.4496696371438067
12;2025-11-18;2;1.0
12;2025-11-18;3;1.0
12;2025-11-18;4;0.920921661954908
12;2025-11-18;5;1.0545575395290887
12;2025-11-18;6;0.9802749493370885
12;2025-11-18;7;0.9966490220636262
12;2025-11-18;8;0.9825350730403521
12;2025-11-18;9;0.961388420247984
12;2025-11-18;10;0.9689771878231662
12;2025-11-18;11;1.002629847075695
12;2025-11-18;12;0.9804729456287179
12;2025-11-18;13;0.9641462878761011
12;2025-11-18;14;1.0060976154968087
12;2025-11-18;15;1.0099140550305148
12;2025-11-18;16;1.0031357669340215
12;2025-11-18;17;1.0019207989077439
12;2025-11-18;18;0.9944193357445724
12;2025-11-18;19;1.0424588729318578
12;2025-11-18;20;0.9925832239643074
12;2025-11-18;21;0.9726882423097247
12;2025-11-18;22;1.0035007370896165
12;2025-11-18;23;0.9811234060073283
12;2025-11-19;0;1.0035870009162802
12;2025-11-19;1;1.4496696371438067
12;2025-11-19;2;1.0
12;2025-11-19;3;1.0
12;2025-11-19;4;0.920921661954908
12;2025-11-19;5;1.0545575395290887
12;2025-11-19;6;0.9802749493370885
12;2025-11-19;7;0.9966490220636262
12;2025-11-19;8;0.9825350730403521
12;2025-11-19;9;0.961388420247984
12;2025-11-19;10;0.9689771878231662
12;2025-11-19;11;1.002629847075695
12;2025-11-19;12;0.9804729456287179
12;2025-11-19;13;0.9641462878761011
12;2025-11-19;14;1.0060976154968087
12;2025-11-19;15;1.0099140550305148
12;2025-11-19;16;1.0031357669340215
12;2025-11-19;17;1.0019207989077439
12;2025-11-19;18;0.9944193357445724
12;2025-11-19;19;1.0424588729318578
12;2025-11-19;20;0.9925832239643074
12;2025-11-19;21;0.9726882423097247
12;2025-11-19;22;1.0035007370896165
12;2025-11-19;23;0.9811234060073283
12;2025-11-20;0;1.0035870009162802
12;2025-11-20;1;1.4496696371438067
12;2025-11-20;2;1.0
12;2025-11-20;3;1.0
12;2025-11-20;4;0.920921661954908
12;2025-11-20;5;1.0545575395290887
12;2025-11-20;6;0.9802749493370885
12;2025-11-20;7;0.9966490220636262
12;2025-11-20;8;0.9825350730403521
12;2025-11-20;9;0.961388420247984
12;2025-11-20;10;0.9689771878231662
12;2025-11-20;11;1.002629847075695
12;2025-11-20;12;0.9804729456287179
12;2025-11-20;13;0.9641462878761011
12;2025-11-20;14;1.0060976154968087
12;2025-11-20;15;1.0099140550305148
12;2025-11-20;16;1.0031357669340215
12;2025-11-20;17;1.0019207989077439
12;2025-11-20;18;0.9944193357445724
12;2025-11-20;19;1.0424588729318578
12;2025-11-20;20;0.9925832239643074
12;2025-11-20;21;0.9726882423097247
12;2025-11-20;22;1.0035007370896165
12;2025-11-20;23;0.9811234060073283
12;2025-11-21;0;1.0070155215053038
12;2025-11-21;1;1.4975508674015563
12;2025-11-21;2;1.0
12;2025-11-21;3;1.0
12;2025-11-21;4;1.1474057119289125
12;2025-11-21;5;0.9941610624063637
12;2025-11-21;6;0.9653681773496013
12;2025-11-21;7;0.9756754301290264
12;2025-11-21;8;1.0030385355396012
12;2025-11-21;9;0.942083234684696
12;2025-11-21;10;1.0015617140549784
12;2025-11-21;11;1.0143646799310633
12;2025-11-21;12;1.0217605527203661
12;2025-11-21;13;0.9349823882877378
12;2025-11-21;14;1.0259837007401627
12;2025-11-21;15;1.0422291941922195
12;2025-11-21;16;1.0083576417833362
12;2025-11-21;17;1.0055066246502486
12;2025-11-21;18;0.9925971426053785
12;2025-11-21;19;1.0301530027689303
12;2025-11-21;20;1.0394448073221147
12;2025-11-21;21;0.9847588071430775
12;2025-11-21;22;1.0359917273963213
12;2025-11-21;23;0.9252298756509367
12;2025-11-22;0;1.1647524160577067
12;2025-11-22;1;1.4733345788973318
12;2025-11-22;2;1.0
12;2025-11-22;3;1.0
12;2025-11-22;4;1.473334578897332
12;2025-11-22;5;1.0470564477444515
12;2025-11-22;6;1.032961378199957
12;2025-11-22;7;0.9969493143915212
12;2025-11-22;8;0.9624201649399021
12;2025-11-22;9;0.9548586871785928
12;2025-11-22;10;0.9477276748419153
12;2025-11-22;11;1.0030897697740895
12;2025-11-22;12;0.9624116271331588
12;2025-11-22;13;0.9817716822395111
12;2025-11-22;14;1.0096322388411563
12;2025-11-22;15;0.973493032698654
12;2025-11-22;16;0.9469504467665393
12;2025-11-22;17;0.9632500503453805
12;2025-11-22;18;0.9432791319674037
12;2025-11-22;19;1.047225457018336
12;2025-11-22;20;1.0273655860094846
12;2025-11-22;21;0.9526335307022842
12;2025-11-22;22;1.0796483819511127
12;2025-11-22;23;0.9812383667824185
12;2025-11-23;0;1.0247808452437424
12;2025-11-23;1;1.4594995755875233
12;2025-11-23;2;1.0
12;2025-11-23;3;1.0
12;2025-11-23;4;0.9446543722044931
12;2025-11-23;5;1.1363855755484111
12;2025-11-23;6;0.9934536440280591
12;2025-11-23;7;0.904343357657893
12;2025-11-23;8;0.9820631623416322
12;2025-11-23;9;0.9972339316911932
12;2025-11-23;10;0.9704983533988927
12;2025-11-23;11;0.9961793496732707
12;2025-11-23;12;0.983757202093489
12;2025-11-23;13;0.9726138593996317
12;2025-11-23;14;1.0045598041033352
12;2025-11-23;15;0.9209417280859299
12;2025-11-23;16;0.960143833404302
12;2025-11-23;17;0.9705286768684347
12;2025-11-23;18;0.9478906641584294
12;2025-11-23;19;0.9920853285130642
12;2025-11-23;20;0.9651691775127427
12;2025-11-23;21;0.9771307610218964
12;2025-11-23;22;0.9710288977488174
12;2025-11-23;23;1.0476285795984355
12;2025-11-24;0;1.0035870009162802
12;2025-11-24;1;1.4496696371438067
12;2025-11-24;2;1.0
12;2025-11-24;3;1.0
12;2025-11-24;4;0.920921661954908
12;2025-11-24;5;1.0545575395290887
12;2025-11-24;6;0.9802749493370885
12;2025-11-24;7;0.9966490220636262
12;2025-11-24;8;0.9825350730403521
12;2025-11-24;9;0.961388420247984
12;2025-11-24;10;0.9689771878231662
12;2025-11-24;11;1.002629847075695
12;2025-11-24;12;0.9804729456287179
12;2025-11-24;13;0.9641462878761011
12;2025-11-24;14;1.0060976154968087
12;2025-11-24;15;1.0099140550305148
12;2025-11-24;16;1.0031357669340215
12;2025-11-24;17;1.0019207989077439
12;2025-11-24;18;0.9944193357445724
12;2025-11-24;19;1.0424588729318578
12;2025-11-24;20;0.9925832239643074
12;2025-11-24;21;0.9726882423097247
12;2025-11-24;22;1.0035007370896165
12;2025-11-24;23;0.9811234060073283
12;2025-11-25;0;1.0035870009162802
12;2025-11-25;1;1.4496696371438067
12;2025-11-25;2;1.0
12;2025-11-25;3;1.0
12;2025-11-25;4;0.920921661954908
12;2025-11-25;5;1.0545575395290887
12;2025-11-25;6;0.9802749493370885
12;2025-11-25;7;0.9966490220636262
12;2025-11-25;8;0.9825350730403521
12;2025-11-25;9;0.961388420247984
12;2025-11-25;10;0.9689771878231662
12;2025-11-25;11;1.002629847075695
12;2025-11-25;12;0.9804729456287179
12;2025-11-25;13;0.9641462878761011
12;2025-11-25;14;1.0060976154968087
12;2025-11-25;15;1.0099140550305148
12;2025-11-25;16;1.0031357669340215
12;2025-11-25;17;1.0019207989077439
12;2025-11-25;18;0.9944193357445724
12;2025-11-25;19;1.0424588729318578
12;2025-11-25;20;0.9925832239643074
12;2025-11-25;21;0.9726882423097247
12;2025-11-25;22;1.0035007370896165
12;2025-11-25;23;0.9811234060073283
12;2025-11-26;0;1.0035870009162802
12;2025-11-26;1;1.4496696371438067
12;2025-11-26;2;1.0
12;2025-11-26;3;1.0
12;2025-11-26;4;0.920921661954908
12;2025-11-26;5;1.0545575395290887
12;2025-11-26;6;0.9802749493370885
12;2025-11-26;7;0.9966490220636262
12;2025-11-26;8;0.9825350730403521
12;2025-11-26;9;0.961388420247984
12;2025-11-26;10;0.9689771878231662
12;2025-11-26;11;1.002629847075695
12;2025-11-26;12;0.9804729456287179
12;2025-11-26;13;0.9641462878761011
12;2025-11-26;14;1.0060976154968087
12;2025-11-26;15;1.0099140550305148
12;2025-11-26;16;1.0031357669340215
12;2025-11-26;17;1.0019207989077439
12;2025-11-26;18;0.9944193357445724
12;2025-11-26;19;1.0424588729318578
12;2025-11-26;20;0.9925832239643074
12;2025-11-26;21;0.9726882423097247
12;2025-11-26;22;1.0035007370896165
12;2025-11-26;23;0.9811234060073283
12;2025-11-27;0;1.0035870009162802
12;2025-11-27;1;1.4496696371438067
12;2025-11-27;2;1.0
12;2025-11-27;3;1.0
12;2025-11-27;4;0.920921661954908
12;2025-11-27;5;1.0545575395290887
12;2025-11-27;6;0.9802749493370885
12;2025-11-27;7;0.9966490220636262
12;2025-11-27;8;0.9825350730403521
12;2025-11-27;9;0.961388420247984
12;2025-11-27;10;0.9689771878231662
12;2025-11-27;11;1.002629847075695
12;2025-11-27;12;0.9804729456287179
12;2025-11-27;13;0.9641462878761011
12;2025-11-27;14;1.0060976154968087
12;2025-11-27;15;1.0099140550305148
12;2025-11-27;16;1.0031357669340215
12;2025-11-27;17;1.0019207989077439
12;2025-11-27;18;0.9944193357445724
12;2025-11-27;19;1.0424588729318578
12;2025-11-27;20;0.9925832239643074
12;2025-11-27;21;0.9726882423097247
12;2025-11-27;22;1.0035007370896165
12;2025-11-27;23;0.9811234060073283
12;2025-11-28;0;1.0070155215053038
12;2025-11-28;1;1.4975508674015563
12;2025-11-28;2;1.0
12;2025-11-28;3;1.0
12;2025-11-28;4;1.1474057119289125
12;2025-11-28;5;0.9941610624063637
12;2025-11-28;6;0.9653681773496013
12;2025-11-28;7;0.9756754301290264
12;2025-11-28;8;1.0030385355396012
12;2025-11-28;9;0.942083234684696
12;2025-11-28;10;1.0015617140549784
12;2025-11-28;11;1.0143646799310633
12;2025-11-28;12;1.0217605527203661
12;2025-11-28;13;0.9349823882877378
12;2025-11-28;14;1.0259837007401627
12;2025-11-28;15;1.0422291941922195
12;2025-11-28;16;1.0083576417833362
12;2025-11-28;17;1.0055066246502486
12;2025-11-28;18;0.9925971426053785
12;2025-11-28;19;1.0301530027689303
12;2025-11-28;20;1.0394448073221147
12;2025-11-28;21;0.9847588071430775
12;2025-11-28;22;1.0359917273963213
12;2025-11-28;23;0.9252298756509367
12;2025-11-29;0;1.1647524160577067
12;2025-11-29;1;1.4733345788973318
12;2025-11-29;2;1.0
12;2025-11-29;3;1.0
12;2025-11-29;4;1.473334578897332
12;2025-11-29;5;1.0470564477444515
12;2025-11-29;6;1.032961378199957
12;2025-11-29;7;0.9969493143915212
12;2025-11-29;8;0.9624201649399021
12;2025-11-29;9;0.9548586871785928
12;2025-11-29;10;0.9477276748419153
12;2025-11-29;11;1.0030897697740895
12;2025-11-29;12;0.9624116271331588
12;2025-11-29;13;0.9817716822395111
12;2025-11-29;14;1.0096322388411563
12;2025-11-29;15;0.973493032698654
12;2025-11-29;16;0.9469504467665393
12;2025-11-29;17;0.9632500503453805
12;2025-11-29;18;0.9432791319674037
12;2025-11-29;19;1.047225457018336
12;2025-11-29;20;1.0273655860094846
12;2025-11-29;21;0.9526335307022842
12;2025-11-29;22;1.0796483819511127
12;2025-11-29;23;0.9812383667824185
12;2025-11-30;0;1.0247808452437424
12;2025-11-30;1;1.4594995755875233
12;2025-11-30;2;1.0
12;2025-11-30;3;1.0
12;2025-11-30;4;0.9446543722044931
12;2025-11-30;5;1.1363855755484111
12;2025-11-30;6;0.9934536440280591
12;2025-11-30;7;0.904343357657893
12;2025-11-30;8;0.9820631623416322
12;2025-11-30;9;0.9972339316911932
12;2025-11-30;10;0.9704983533988927
12;2025-11-30;11;0.9961793496732707
12;2025-11-30;12;0.983757202093489
12;2025-11-30;13;0.9726138593996317
12;2025-11-30;14;1.0045598041033352
12;2025-11-30;15;0.9209417280859299
12;2025-11-30;16;0.960143833404302
12;2025-11-30;17;0.9705286768684347
12;2025-11-30;18;0.9478906641584294
12;2025-11-30;19;0.9920853285130642
12;2025-11-30;20;0.9651691775127427
12;2025-11-30;21;0.9771307610218964
12;2025-11-30;22;0.9710288977488174
12;2025-11-30;23;1.0476285795984355
12;2025-12-01;0;1.0035870009162802
12;2025-12-01;1;1.4496696371438067
12;2025-12-01;2;1.0
12;2025-12-01;3;1.0
12;2025-12-01;4;0.920921661954908
12;2025-12-01;5;1.0545575395290887
12;2025-12-01;6;0.9802749493370885
12;2025-12-01;7;0.9966490220636262
12;2025-12-01;8;0.9825350730403521
12;2025-12-01;9;0.961388420247984
12;2025-12-01;10;0.9689771878231662
12;2025-12-01;11;1.002629847075695
12;2025-12-01;12;0.9804729456287179
12;2025-12-01;13;0.9641462878761011
12;2025-12-01;14;1.0060976154968087
12;2025-12-01;15;1.0099140550305148
12;2025-12-01;16;1.0031357669340215
12;2025-12-01;17;1.0019207989077439
12;2025-12-01;18;0.9944193357445724
12;2025-12-01;19;1.0424588729318578
12;2025-12-01;20;0.9925832239643074
12;2025-12-01;21;0.9726882423097247
12;2025-12-01;22;1.0035007370896165
12;2025-12-01;23;0.9811234060073283
12;2025-12-02;0;1.0035870009162802
12;2025-12-02;1;1.4496696371438067
12;2025-12-02;2;1.0
12;2025-12-02;3;1.0
12;2025-12-02;4;0.920921661954908
12;2025-12-02;5;1.0545575395290887
12;2025-12-02;6;0.9802749493370885
12;2025-12-02;7;0.9966490220636262
12;2025-12-02;8;0.9825350730403521
12;2025-12-02;9;0.961388420247984
12;2025-12-02;10;0.9689771878231662
12;2025-12-02;11;1.002629847075695
12;2025-12-02;12;0.9804729456287179
12;2025-12-02;13;0.9641462878761011
12;2025-12-02;14;1.0060976154968087
12;2025-12-02;15;1.0099140550305148
12;2025-12-02;16;1.0031357669340215
12;2025-12-02;17;1.0019207989077439
12;2025-12-02;18;0.9944193357445724
12;2025-12-02;19;1.0424588729318578
12;2025-12-02;20;0.9925832239643074
12;2025-12-02;21;0.9726882423097247
12;2025-12-02;22;1.0035007370896165
12;2025-12-02;23;0.9811234060073283
12;2025-12-03;0;1.0035870009162802
12;2025-12-03;1;1.4496696371438067
12;2025-12-03;2;1.0
12;2025-12-03;3;1.0
12;2025-12-03;4;0.920921661954908
12;2025-12-03;5;1.0545575395290887
12;2025-12-03;6;0.9802749493370885
12;2025-12-03;7;0.9966490220636262
12;2025-12-03;8;0.9825350730403521
12;2025-12-03;9;0.961388420247984
12;2025-12-03;10;0.9689771878231662
12;2025-12-03;11;1.002629847075695
12;2025-12-03;12;0.9804729456287179
12;2025-12-03;13;0.9641462878761011
12;2025-12-03;14;1.0060976154968087
12;2025-12-03;15;1.0099140550305148
12;2025-12-03;16;1.0031357669340215
12;2025-12-03;17;1.0019207989077439
12;2025-12-03;18;0.9944193357445724
12;2025-12-03;19;1.0424588729318578
12;2025-12-03;20;0.9925832239643074
12;2025-12-03;21;0.9726882423097247
12;2025-12-03;22;1.0035007370896165
12;2025-12-03;23;0.9811234060073283
12;2025-12-04;0;1.0035870009162802
12;2025-12-04;1;1.4496696371438067
12;2025-12-04;2;1.0
12;2025-12-04;3;1.0
12;2025-12-04;4;0.920921661954908
12;2025-12-04;5;1.0545575395290887
12;2025-12-04;6;0.9802749493370885
12;2025-12-04;7;0.9966490220636262
12;2025-12-04;8;0.9825350730403521
12;2025-12-04;9;0.961388420247984
12;2025-12-04;10;0.9689771878231662
12;2025-12-04;11;1.002629847075695
12;2025-12-04;12;0.9804729456287179
12;2025-12-04;13;0.9641462878761011
12;2025-12-04;14;1.0060976154968087
12;2025-12-04;15;1.0099140550305148
12;2025-12-04;16;1.0031357669340215
12;2025-12-04;17;1.0019207989077439
12;2025-12-04;18;0.9944193357445724
12;2025-12-04;19;1.0424588729318578
12;2025-12-04;20;0.9925832239643074
12;2025-12-04;21;0.9726882423097247
12;2025-12-04;22;1.0035007370896165
12;2025-12-04;23;0.9811234060073283
12;2025-12-05;0;1.0070155215053038
12;2025-12-05;1;1.4975508674015563
12;2025-12-05;2;1.0
12;2025-12-05;3;1.0
12;2025-12-05;4;1.1474057119289125
12;2025-12-05;5;0.9941610624063637
12;2025-12-05;6;0.9653681773496013
12;2025-12-05;7;0.9756754301290264
12;2025-12-05;8;1.0030385355396012
12;2025-12-05;9;0.942083234684696
12;2025-12-05;10;1.0015617140549784
12;2025-12-05;11;1.0143646799310633
12;2025-12-05;12;1.0217605527203661
12;2025-12-05;13;0.9349823882877378
12;2025-12-05;14;1.0259837007401627
12;2025-12-05;15;1.0422291941922195
12;2025-12-05;16;1.0083576417833362
12;2025-12-05;17;1.0055066246502486
12;2025-12-05;18;0.9925971426053785
12;2025-12-05;19;1.0301530027689303
12;2025-12-05;20;1.0394448073221147
12;2025-12-05;21;0.9847588071430775
12;2025-12-05;22;1.0359917273963213
12;2025-12-05;23;0.9252298756509367
12;2025-12-06;0;1.1647524160577067
12;2025-12-06;1;1.4733345788973318
12;2025-12-06;2;1.0
12;2025-12-06;3;1.0
12;2025-12-06;4;1.473334578897332
12;2025-12-06;5;1.0470564477444515
12;2025-12-06;6;1.032961378199957
12;2025-12-06;7;0.9969493143915212
12;2025-12-06;8;0.9624201649399021
12;2025-12-06;9;0.9548586871785928
12;2025-12-06;10;0.9477276748419153
12;2025-12-06;11;1.0030897697740895
12;2025-12-06;12;0.9624116271331588
12;2025-12-06;13;0.9817716822395111
12;2025-12-06;14;1.0096322388411563
12;2025-12-06;15;0.973493032698654
12;2025-12-06;16;0.9469504467665393
12;2025-12-06;17;0.9632500503453805
12;2025-12-06;18;0.9432791319674037
12;2025-12-06;19;1.047225457018336
12;2025-12-06;20;1.0273655860094846
12;2025-12-06;21;0.9526335307022842
12;2025-12-06;22;1.0796483819511127
12;2025-12-06;23;0.9812383667824185
12;2025-12-07;0;1.0247808452437424
12;2025-12-07;1;1.4594995755875233
12;2025-12-07;2;1.0
12;2025-12-07;3;1.0
12;2025-12-07;4;0.9446543722044931
12;2025-12-07;5;1.1363855755484111
12;2025-12-07;6;0.9934536440280591
12;2025-12-07;7;0.904343357657893
12;2025-12-07;8;0.9820631623416322
12;2025-12-07;9;0.9972339316911932
12;2025-12-07;10;0.9704983533988927
12;2025-12-07;11;0.9961793496732707
12;2025-12-07;12;0.983757202093489
12;2025-12-07;13;0.9726138593996317
12;2025-12-07;14;1.0045598041033352
12;2025-12-07;15;0.9209417280859299
12;2025-12-07;16;0.960143833404302
12;2025-12-07;17;0.9705286768684347
12;2025-12-07;18;0.9478906641584294
12;2025-12-07;19;0.9920853285130642
12;2025-12-07;20;0.9651691775127427
12;2025-12-07;21;0.9771307610218964
12;2025-12-07;22;0.9710288977488174
12;2025-12-07;23;1.0476285795984355
12;2025-12-08;0;1.0035870009162802
12;2025-12-08;1;1.4496696371438067
12;2025-12-08;2;1.0
12;2025-12-08;3;1.0
12;2025-12-08;4;0.920921661954908
12;2025-12-08;5;1.0545575395290887
12;2025-12-08;6;0.9802749493370885
12;2025-12-08;7;0.9966490220636262
12;2025-12-08;8;0.9825350730403521
12;2025-12-08;9;0.961388420247984
12;2025-12-08;10;0.9689771878231662
12;2025-12-08;11;1.002629847075695
12;2025-12-08;12;0.9804729456287179
12;2025-12-08;13;0.9641462878761011
12;2025-12-08;14;1.0060976154968087
12;2025-12-08;15;1.0099140550305148
12;2025-12-08;16;1.0031357669340215
12;2025-12-08;17;1.0019207989077439
12;2025-12-08;18;0.9944193357445724
12;2025-12-08;19;1.0424588729318578
12;2025-12-08;20;0.9925832239643074
12;2025-12-08;21;0.9726882423097247
12;2025-12-08;22;1.0035007370896165
12;2025-12-08;23;0.9811234060073283
12;2025-12-09;0;1.0035870009162802
12;2025-12-09;1;1.4496696371438067
12;2025-12-09;2;1.0
12;2025-12-09;3;1.0
12;2025-12-09;4;0.920921661954908
12;2025-12-09;5;1.0545575395290887
12;2025-12-09;6;0.9802749493370885
12;2025-12-09;7;0.9966490220636262
12;2025-12-09;8;0.9825350730403521
12;2025-12-09;9;0.961388420247984
12;2025-12-09;10;0.9689771878231662
12;2025-12-09;11;1.002629847075695
12;2025-12-09;12;0.9804729456287179
12;2025-12-09;13;0.9641462878761011
12;2025-12-09;14;1.0060976154968087
12;2025-12-09;15;1.0099140550305148
12;2025-12-09;16;1.0031357669340215
12;2025-12-09;17;1.0019207989077439
12;2025-12-09;18;0.9944193357445724
12;2025-12-09;19;1.0424588729318578
12;2025-12-09;20;0.9925832239643074
12;2025-12-09;21;0.9726882423097247
12;2025-12-09;22;1.0035007370896165
12;2025-12-09;23;0.9811234060073283
12;2025-12-10;0;1.0035870009162802
12;2025-12-10;1;1.4496696371438067
12;2025-12-10;2;1.0
12;2025-12-10;3;1.0
12;2025-12-10;4;0.920921661954908
12;2025-12-10;5;1.0545575395290887
12;2025-12-10;6;0.9802749493370885
12;2025-12-10;7;0.9966490220636262
12;2025-12-10;8;0.9825350730403521
12;2025-12-10;9;0.961388420247984
12;2025-12-10;10;0.9689771878231662
12;2025-12-10;11;1.002629847075695
12;2025-12-10;12;0.9804729456287179
12;2025-12-10;13;0.9641462878761011
12;2025-12-10;14;1.0060976154968087
12;2025-12-10;15;1.0099140550305148
12;2025-12-10;16;1.0031357669340215
12;2025-12-10;17;1.0019207989077439
12;2025-12-10;18;0.9944193357445724
12;2025-12-10;19;1.0424588729318578
12;2025-12-10;20;0.9925832239643074
12;2025-12-10;21;0.9726882423097247
12;2025-12-10;22;1.0035007370896165
12;2025-12-10;23;0.9811234060073283
12;2025-12-11;0;1.0035870009162802
12;2025-12-11;1;1.4496696371438067
12;2025-12-11;2;1.0
12;2025-12-11;3;1.0
12;2025-12-11;4;0.920921661954908
12;2025-12-11;5;1.0545575395290887
12;2025-12-11;6;0.9802749493370885
12;2025-12-11;7;0.9966490220636262
12;2025-12-11;8;0.9825350730403521
12;2025-12-11;9;0.961388420247984
12;2025-12-11;10;0.9689771878231662
12;2025-12-11;11;1.002629847075695
12;2025-12-11;12;0.9804729456287179
12;2025-12-11;13;0.9641462878761011
12;2025-12-11;14;1.0060976154968087
12;2025-12-11;15;1.0099140550305148
12;2025-12-11;16;1.0031357669340215
12;2025-12-11;17;1.0019207989077439
12;2025-12-11;18;0.9944193357445724
12;2025-12-11;19;1.0424588729318578
12;2025-12-11;20;0.9925832239643074
12;2025-12-11;21;0.9726882423097247
12;2025-12-11;22;1.0035007370896165
12;2025-12-11;23;0.9811234060073283
12;2025-12-12;0;1.0070155215053038
12;2025-12-12;1;1.4975508674015563
12;2025-12-12;2;1.0
12;2025-12-12;3;1.0
12;2025-12-12;4;1.1474057119289125
12;2025-12-12;5;0.9941610624063637
12;2025-12-12;6;0.9653681773496013
12;2025-12-12;7;0.9756754301290264
12;2025-12-12;8;1.0030385355396012
12;2025-12-12;9;0.942083234684696
12;2025-12-12;10;1.0015617140549784
12;2025-12-12;11;1.0143646799310633
12;2025-12-12;12;1.0217605527203661
12;2025-12-12;13;0.9349823882877378
12;2025-12-12;14;1.0259837007401627
12;2025-12-12;15;1.0422291941922195
12;2025-12-12;16;1.0083576417833362
12;2025-12-12;17;1.0055066246502486
12;2025-12-12;18;0.9925971426053785
12;2025-12-12;19;1.0301530027689303
12;2025-12-12;20;1.0394448073221147
12;2025-12-12;21;0.9847588071430775
12;2025-12-12;22;1.0359917273963213
12;2025-12-12;23;0.9252298756509367
12;2025-12-13;0;1.1647524160577067
12;2025-12-13;1;1.4733345788973318
12;2025-12-13;2;1.0
12;2025-12-13;3;1.0
12;2025-12-13;4;1.473334578897332
12;2025-12-13;5;1.0470564477444515
12;2025-12-13;6;1.032961378199957
12;2025-12-13;7;0.9969493143915212
12;2025-12-13;8;0.9624201649399021
12;2025-12-13;9;0.9548586871785928
12;2025-12-13;10;0.9477276748419153
12;2025-12-13;11;1.0030897697740895
12;2025-12-13;12;0.9624116271331588
12;2025-12-13;13;0.9817716822395111
12;2025-12-13;14;1.0096322388411563
12;2025-12-13;15;0.973493032698654
12;2025-12-13;16;0.9469504467665393
12;2025-12-13;17;0.9632500503453805
12;2025-12-13;18;0.9432791319674037
12;2025-12-13;19;1.047225457018336
12;2025-12-13;20;1.0273655860094846
12;2025-12-13;21;0.9526335307022842
12;2025-12-13;22;1.0796483819511127
12;2025-12-13;23;0.9812383667824185
12;2025-12-14;0;1.0247808452437424
12;2025-12-14;1;1.4594995755875233
12;2025-12-14;2;1.0
12;2025-12-14;3;1.0
12;2025-12-14;4;0.9446543722044931
12;2025-12-14;5;1.1363855755484111
12;2025-12-14;6;0.9934536440280591
12;2025-12-14;7;0.904343357657893
12;2025-12-14;8;0.9820631623416322
12;2025-12-14;9;0.9972339316911932
12;2025-12-14;10;0.9704983533988927
12;2025-12-14;11;0.9961793496732707
12;2025-12-14;12;0.983757202093489
12;2025-12-14;13;0.9726138593996317
12;2025-12-14;14;1.0045598041033352
12;2025-12-14;15;0.9209417280859299
12;2025-12-14;16;0.960143833404302
12;2025-12-14;17;0.9705286768684347
12;2025-12-14;18;0.9478906641584294
12;2025-12-14;19;0.9920853285130642
12;2025-12-14;20;0.9651691775127427
12;2025-12-14;21;0.9771307610218964
12;2025-12-14;22;0.9710288977488174
12;2025-12-14;23;1.0476285795984355
12;2025-12-15;0;1.0035870009162802
12;2025-12-15;1;1.4496696371438067
12;2025-12-15;2;1.0
12;2025-12-15;3;1.0
12;2025-12-15;4;0.920921661954908
12;2025-12-15;5;1.0545575395290887
12;2025-12-15;6;0.9802749493370885
12;2025-12-15;7;0.9966490220636262
12;2025-12-15;8;0.9825350730403521
12;2025-12-15;9;0.961388420247984
12;2025-12-15;10;0.9689771878231662
12;2025-12-15;11;1.002629847075695
12;2025-12-15;12;0.9804729456287179
12;2025-12-15;13;0.9641462878761011
12;2025-12-15;14;1.0060976154968087
12;2025-12-15;15;1.0099140550305148
12;2025-12-15;16;1.0031357669340215
12;2025-12-15;17;1.0019207989077439
12;2025-12-15;18;0.9944193357445724
12;2025-12-15;19;1.0424588729318578
12;2025-12-15;20;0.9925832239643074
12;2025-12-15;21;0.9726882423097247
12;2025-12-15;22;1.0035007370896165
12;2025-12-15;23;0.9811234060073283
12;2025-12-16;0;1.0035870009162802
12;2025-12-16;1;1.4496696371438067
12;2025-12-16;2;1.0
12;2025-12-16;3;1.0
12;2025-12-16;4;0.920921661954908
12;2025-12-16;5;1.0545575395290887
12;2025-12-16;6;0.9802749493370885
12;2025-12-16;7;0.9966490220636262
12;2025-12-16;8;0.9825350730403521
12;2025-12-16;9;0.961388420247984
12;2025-12-16;10;0.9689771878231662
12;2025-12-16;11;1.002629847075695
12;2025-12-16;12;0.9804729456287179
12;2025-12-16;13;0.9641462878761011
12;2025-12-16;14;1.0060976154968087
12;2025-12-16;15;1.0099140550305148
12;2025-12-16;16;1.0031357669340215
12;2025-12-16;17;1.0019207989077439
12;2025-12-16;18;0.9944193357445724
12;2025-12-16;19;1.0424588729318578
12;2025-12-16;20;0.9925832239643074
12;2025-12-16;21;0.9726882423097247
12;2025-12-16;22;1.0035007370896165
12;2025-12-16;23;0.9811234060073283
12;2025-12-17;0;1.0035870009162802
12;2025-12-17;1;1.4496696371438067
12;2025-12-17;2;1.0
12;2025-12-17;3;1.0
12;2025-12-17;4;0.920921661954908
12;2025-12-17;5;1.0545575395290887
12;2025-12-17;6;0.9802749493370885
12;2025-12-17;7;0.9966490220636262
12;2025-12-17;8;0.9825350730403521
12;2025-12-17;9;0.961388420247984
12;2025-12-17;10;0.9689771878231662
12;2025-12-17;11;1.002629847075695
12;2025-12-17;12;0.9804729456287179
12;2025-12-17;13;0.9641462878761011
12;2025-12-17;14;1.0060976154968087
12;2025-12-17;15;1.0099140550305148
12;2025-12-17;16;1.0031357669340215
12;2025-12-17;17;1.0019207989077439
12;2025-12-17;18;0.9944193357445724
12;2025-12-17;19;1.0424588729318578
12;2025-12-17;20;0.9925832239643074
12;2025-12-17;21;0.9726882423097247
12;2025-12-17;22;1.0035007370896165
12;2025-12-17;23;0.9811234060073283
12;2025-12-18;0;1.0035870009162802
12;2025-12-18;1;1.4496696371438067
12;2025-12-18;2;1.0
12;2025-12-18;3;1.0
12;2025-12-18;4;0.920921661954908
12;2025-12-18;5;1.0545575395290887
12;2025-12-18;6;0.9802749493370885
12;2025-12-18;7;0.9966490220636262
12;2025-12-18;8;0.9825350730403521
12;2025-12-18;9;0.961388420247984
12;2025-12-18;10;0.9689771878231662
12;2025-12-18;11;1.002629847075695
12;2025-12-18;12;0.9804729456287179
12;2025-12-18;13;0.9641462878761011
12;2025-12-18;14;1.0060976154968087
12;2025-12-18;15;1.0099140550305148
12;2025-12-18;16;1.0031357669340215
12;2025-12-18;17;1.0019207989077439
12;2025-12-18;18;0.9944193357445724
12;2025-12-18;19;1.0424588729318578
12;2025-12-18;20;0.9925832239643074
12;2025-12-18;21;0.9726882423097247
12;2025-12-18;22;1.0035007370896165
12;2025-12-18;23;0.9811234060073283
12;2025-12-19;0;1.0070155215053038
12;2025-12-19;1;1.4975508674015563
12;2025-12-19;2;1.0
12;2025-12-19;3;1.0
12;2025-12-19;4;1.1474057119289125
12;2025-12-19;5;0.9941610624063637
12;2025-12-19;6;0.9653681773496013
12;2025-12-19;7;0.9756754301290264
12;2025-12-19;8;1.0030385355396012
12;2025-12-19;9;0.942083234684696
12;2025-12-19;10;1.0015617140549784
12;2025-12-19;11;1.0143646799310633
12;2025-12-19;12;1.0217605527203661
12;2025-12-19;13;0.9349823882877378
12;2025-12-19;14;1.0259837007401627
12;2025-12-19;15;1.0422291941922195
12;2025-12-19;16;1.0083576417833362
12;2025-12-19;17;1.0055066246502486
12;2025-12-19;18;0.9925971426053785
12;2025-12-19;19;1.0301530027689303
12;2025-12-19;20;1.0394448073221147
12;2025-12-19;21;0.9847588071430775
12;2025-12-19;22;1.0359917273963213
12;2025-12-19;23;0.9252298756509367
12;2025-12-20;0;1.1647524160577067
12;2025-12-20;1;1.4733345788973318
12;2025-12-20;2;1.0
12;2025-12-20;3;1.0
12;2025-12-20;4;1.473334578897332
12;2025-12-20;5;1.0470564477444515
12;2025-12-20;6;1.032961378199957
12;2025-12-20;7;0.9969493143915212
12;2025-12-20;8;0.9624201649399021
12;2025-12-20;9;0.9548586871785928
12;2025-12-20;10;0.9477276748419153
12;2025-12-20;11;1.0030897697740895
12;2025-12-20;12;0.9624116271331588
12;2025-12-20;13;0.9817716822395111
12;2025-12-20;14;1.0096322388411563
12;2025-12-20;15;0.973493032698654
12;2025-12-20;16;0.9469504467665393
12;2025-12-20;17;0.9632500503453805
12;2025-12-20;18;0.9432791319674037
12;2025-12-20;19;1.047225457018336
12;2025-12-20;20;1.0273655860094846
12;2025-12-20;21;0.9526335307022842
12;2025-12-20;22;1.0796483819511127
12;2025-12-20;23;0.9812383667824185
12;2025-12-21;0;1.0247808452437424
12;2025-12-21;1;1.4594995755875233
12;2025-12-21;2;1.0
12;2025-12-21;3;1.0
12;2025-12-21;4;0.9446543722044931
12;2025-12-21;5;1.1363855755484111
12;2025-12-21;6;0.9934536440280591
12;2025-12-21;7;0.904343357657893
12;2025-12-21;8;0.9820631623416322
12;2025-12-21;9;0.9972339316911932
12;2025-12-21;10;0.9704983533988927
12;2025-12-21;11;0.9961793496732707
12;2025-12-21;12;0.983757202093489
12;2025-12-21;13;0.9726138593996317
12;2025-12-21;14;1.0045598041033352
12;2025-12-21;15;0.9209417280859299
12;2025-12-21;16;0.960143833404302
12;2025-12-21;17;0.9705286768684347
12;2025-12-21;18;0.9478906641584294
12;2025-12-21;19;0.9920853285130642
12;2025-12-21;20;0.9651691775127427
12;2025-12-21;21;0.9771307610218964
12;2025-12-21;22;0.9710288977488174
12;2025-12-21;23;1.0476285795984355
12;2025-12-22;0;1.0035870009162802
12;2025-12-22;1;1.4496696371438067
12;2025-12-22;2;1.0
12;2025-12-22;3;1.0
12;2025-12-22;4;0.920921661954908
12;2025-12-22;5;1.0545575395290887
12;2025-12-22;6;0.9802749493370885
12;2025-12-22;7;0.9966490220636262
12;2025-12-22;8;0.9825350730403521
12;2025-12-22;9;0.961388420247984
12;2025-12-22;10;0.9689771878231662
12;2025-12-22;11;1.002629847075695
12;2025-12-22;12;0.9804729456287179
12;2025-12-22;13;0.9641462878761011
12;2025-12-22;14;1.0060976154968087
12;2025-12-22;15;1.0099140550305148
12;2025-12-22;16;1.0031357669340215
12;2025-12-22;17;1.0019207989077439
12;2025-12-22;18;0.9944193357445724
12;2025-12-22;19;1.0424588729318578
12;2025-12-22;20;0.9925832239643074
12;2025-12-22;21;0.9726882423097247
12;2025-12-22;22;1.0035007370896165
12;2025-12-22;23;0.9811234060073283
12;2025-12-23;0;1.0035870009162802
12;2025-12-23;1;1.4496696371438067
12;2025-12-23;2;1.0
12;2025-12-23;3;1.0
12;2025-12-23;4;0.920921661954908
12;2025-12-23;5;1.0545575395290887
12;2025-12-23;6;0.9802749493370885
12;2025-12-23;7;0.9966490220636262
12;2025-12-23;8;0.9825350730403521
12;2025-12-23;9;0.961388420247984
12;2025-12-23;10;0.9689771878231662
12;2025-12-23;11;1.002629847075695
12;2025-12-23;12;0.9804729456287179
12;2025-12-23;13;0.9641462878761011
12;2025-12-23;14;1.0060976154968087
12;2025-12-23;15;1.0099140550305148
12;2025-12-23;16;1.0031357669340215
12;2025-12-23;17;1.0019207989077439
12;2025-12-23;18;0.9944193357445724
12;2025-12-23;19;1.0424588729318578
12;2025-12-23;20;0.9925832239643074
12;2025-12-23;21;0.9726882423097247
12;2025-12-23;22;1.0035007370896165
12;2025-12-23;23;0.9811234060073283
12;2025-12-24;0;1.0035870009162802
12;2025-12-24;1;1.4496696371438067
12;2025-12-24;2;1.0
12;2025-12-24;3;1.0
12;2025-12-24;4;0.920921661954908
12;2025-12-24;5;1.0545575395290887
12;2025-12-24;6;0.9802749493370885
12;2025-12-24;7;0.9966490220636262
12;2025-12-24;8;0.9825350730403521
12;2025-12-24;9;0.961388420247984
12;2025-12-24;10;0.9689771878231662
12;2025-12-24;11;1.002629847075695
12;2025-12-24;12;0.9804729456287179
12;2025-12-24;13;0.9641462878761011
12;2025-12-24;14;1.0060976154968087
12;2025-12-24;15;1.0099140550305148
12;2025-12-24;16;1.0031357669340215
12;2025-12-24;17;1.0019207989077439
12;2025-12-24;18;0.9944193357445724
12;2025-12-24;19;1.0424588729318578
12;2025-12-24;20;0.9925832239643074
12;2025-12-24;21;0.9726882423097247
12;2025-12-24;22;1.0035007370896165
12;2025-12-24;23;0.9811234060073283
12;2025-12-25;0;1.0035870009162802
12;2025-12-25;1;1.4496696371438067
12;2025-12-25;2;1.0
12;2025-12-25;3;1.0
12;2025-12-25;4;0.920921661954908
12;2025-12-25;5;1.0545575395290887
12;2025-12-25;6;0.9802749493370885
12;2025-12-25;7;0.9966490220636262
12;2025-12-25;8;0.9825350730403521
12;2025-12-25;9;0.961388420247984
12;2025-12-25;10;0.9689771878231662
12;2025-12-25;11;1.002629847075695
12;2025-12-25;12;0.9804729456287179
12;2025-12-25;13;0.9641462878761011
12;2025-12-25;14;1.0060976154968087
12;2025-12-25;15;1.0099140550305148
12;2025-12-25;16;1.0031357669340215
12;2025-12-25;17;1.0019207989077439
12;2025-12-25;18;0.9944193357445724
12;2025-12-25;19;1.0424588729318578
12;2025-12-25;20;0.9925832239643074
12;2025-12-25;21;0.9726882423097247
12;2025-12-25;22;1.0035007370896165
12;2025-12-25;23;0.9811234060073283
12;2025-12-26;0;1.0070155215053038
12;2025-12-26;1;1.4975508674015563
12;2025-12-26;2;1.0
12;2025-12-26;3;1.0
12;2025-12-26;4;1.1474057119289125
12;2025-12-26;5;0.9941610624063637
12;2025-12-26;6;0.9653681773496013
12;2025-12-26;7;0.9756754301290264
12;2025-12-26;8;1.0030385355396012
12;2025-12-26;9;0.942083234684696
12;2025-12-26;10;1.0015617140549784
12;2025-12-26;11;1.0143646799310633
12;2025-12-26;12;1.0217605527203661
12;2025-12-26;13;0.9349823882877378
12;2025-12-26;14;1.0259837007401627
12;2025-12-26;15;1.0422291941922195
12;2025-12-26;16;1.0083576417833362
12;2025-12-26;17;1.0055066246502486
12;2025-12-26;18;0.9925971426053785
12;2025-12-26;19;1.0301530027689303
12;2025-12-26;20;1.0394448073221147
12;2025-12-26;21;0.9847588071430775
12;2025-12-26;22;1.0359917273963213
12;2025-12-26;23;0.9252298756509367
12;2025-12-27;0;1.1647524160577067
12;2025-12-27;1;1.4733345788973318
12;2025-12-27;2;1.0
12;2025-12-27;3;1.0
12;2025-12-27;4;1.473334578897332
12;2025-12-27;5;1.0470564477444515
12;2025-12-27;6;1.032961378199957
12;2025-12-27;7;0.9969493143915212
12;2025-12-27;8;0.9624201649399021
12;2025-12-27;9;0.9548586871785928
12;2025-12-27;10;0.9477276748419153
12;2025-12-27;11;1.0030897697740895
12;2025-12-27;12;0.9624116271331588
12;2025-12-27;13;0.9817716822395111
12;2025-12-27;14;1.0096322388411563
12;2025-12-27;15;0.973493032698654
12;2025-12-27;16;0.9469504467665393
12;2025-12-27;17;0.9632500503453805
12;2025-12-27;18;0.9432791319674037
12;2025-12-27;19;1.047225457018336
12;2025-12-27;20;1.0273655860094846
12;2025-12-27;21;0.9526335307022842
12;2025-12-27;22;1.0796483819511127
12;2025-12-27;23;0.9812383667824185
12;2025-12-28;0;1.0247808452437424
12;2025-12-28;1;1.4594995755875233
12;2025-12-28;2;1.0
12;2025-12-28;3;1.0
12;2025-12-28;4;0.9446543722044931
12;2025-12-28;5;1.1363855755484111
12;2025-12-28;6;0.9934536440280591
12;2025-12-28;7;0.904343357657893
12;2025-12-28;8;0.9820631623416322
12;2025-12-28;9;0.9972339316911932
12;2025-12-28;10;0.9704983533988927
12;2025-12-28;11;0.9961793496732707
12;2025-12-28;12;0.983757202093489
12;2025-12-28;13;0.9726138593996317
12;2025-12-28;14;1.0045598041033352
12;2025-12-28;15;0.9209417280859299
12;2025-12-28;16;0.960143833404302
12;2025-12-28;17;0.9705286768684347
12;2025-12-28;18;0.9478906641584294
12;2025-12-28;19;0.9920853285130642
12;2025-12-28;20;0.9651691775127427
12;2025-12-28;21;0.9771307610218964
12;2025-12-28;22;0.9710288977488174
12;2025-12-28;23;1.0476285795984355
12;2025-12-29;0;1.0035870009162802
12;2025-12-29;1;1.4496696371438067
12;2025-12-29;2;1.0
12;2025-12-29;3;1.0
12;2025-12-29;4;0.920921661954908
12;2025-12-29;5;1.0545575395290887
12;2025-12-29;6;0.9802749493370885
12;2025-12-29;7;0.9966490220636262
12;2025-12-29;8;0.9825350730403521
12;2025-12-29;9;0.961388420247984
12;2025-12-29;10;0.9689771878231662
12;2025-12-29;11;1.002629847075695
12;2025-12-29;12;0.9804729456287179
12;2025-12-29;13;0.9641462878761011
12;2025-12-29;14;1.0060976154968087
12;2025-12-29;15;1.0099140550305148
12;2025-12-29;16;1.0031357669340215
12;2025-12-29;17;1.0019207989077439
12;2025-12-29;18;0.9944193357445724
12;2025-12-29;19;1.0424588729318578
12;2025-12-29;20;0.9925832239643074
12;2025-12-29;21;0.9726882423097247
12;2025-12-29;22;1.0035007370896165
12;2025-12-29;23;0.9811234060073283
12;2025-12-30;0;1.0035870009162802
12;2025-12-30;1;1.4496696371438067
12;2025-12-30;2;1.0
12;2025-12-30;3;1.0
12;2025-12-30;4;0.920921661954908
12;2025-12-30;5;1.0545575395290887
12;2025-12-30;6;0.9802749493370885
12;2025-12-30;7;0.9966490220636262
12;2025-12-30;8;0.9825350730403521
12;2025-12-30;9;0.961388420247984
12;2025-12-30;10;0.9689771878231662
12;2025-12-30;11;1.002629847075695
12;2025-12-30;12;0.9804729456287179
12;2025-12-30;13;0.9641462878761011
12;2025-12-30;14;1.0060976154968087
12;2025-12-30;15;1.0099140550305148
12;2025-12-30;16;1.0031357669340215
12;2025-12-30;17;1.0019207989077439
12;2025-12-30;18;0.9944193357445724
12;2025-12-30;19;1.0424588729318578
12;2025-12-30;20;0.9925832239643074
12;2025-12-30;21;0.9726882423097247
12;2025-12-30;22;1.0035007370896165
12;2025-12-30;23;0.9811234060073283
12;2025-12-31;0;1.0247808452437424
12;2025-12-31;1;1.4594995755875233
12;2025-12-31;2;1.0
12;2025-12-31;3;1.0
12;2025-12-31;4;0.9446543722044931
12;2025-12-31;5;1.1363855755484111
12;2025-12-31;6;0.9934536440280591
12;2025-12-31;7;0.904343357657893
12;2025-12-31;8;0.9820631623416322
12;2025-12-31;9;0.9972339316911932
12;2025-12-31;10;0.9704983533988927
12;2025-12-31;11;0.9961793496732707
12;2025-12-31;12;0.983757202093489
12;2025-12-31;13;0.9726138593996317
12;2025-12-31;14;1.0045598041033352
12;2025-12-31;15;0.9209417280859299
12;2025-12-31;16;0.960143833404302
12;2025-12-31;17;0.9705286768684347
12;2025-12-31;18;0.9478906641584294
12;2025-12-31;19;0.9920853285130642
12;2025-12-31;20;0.9651691775127427
12;2025-12-31;21;0.9771307610218964
12;2025-12-31;22;0.9710288977488174
12;2025-12-31;23;1.0476285795984355
17;2025-11-01;0;1.0673500169699335
17;2025-11-01;1;0.8842598668137168
17;2025-11-01;2;1.0
17;2025-11-01;3;1.0
17;2025-11-01;4;1.1050794314984336
17;2025-11-01;5;1.0797507858393254
17;2025-11-01;6;1.0625422239498044
17;2025-11-01;7;1.0472644898709644
17;2025-11-01;8;1.0676717219966512
17;2025-11-01;9;1.055629992971953
17;2025-11-01;10;1.0712906839199134
17;2025-11-01;11;1.0572906631925485
17;2025-11-01;12;1.091231238893682
17;2025-11-01;13;1.0830314562591241
17;2025-11-01;14;1.084345327581261
17;2025-11-01;15;1.0999736374217441
17;2025-11-01;16;1.0715806035492779
17;2025-11-01;17;1.047931864206749
17;2025-11-01;18;1.087462048784762
17;2025-11-01;19;1.0921046987390477
17;2025-11-01;20;1.0808546649057043
17;2025-11-01;21;1.0779490868253814
17;2025-11-01;22;1.2288639522366802
17;2025-11-01;23;1.0570938980401436
17;2025-11-02;0;1.0624347623020134
17;2025-11-02;1;1.2361713384594573
17;2025-11-02;2;1.0
17;2025-11-02;3;1.0
17;2025-11-02;4;1.5022207076960465
17;2025-11-02;5;1.040309793680179
17;2025-11-02;6;1.046682444326181
17;2025-11-02;7;0.9909911804649436
17;2025-11-02;8;1.0385166624876268
17;2025-11-02;9;1.0349562834629642
17;2025-11-02;10;1.0287815510290976
17;2025-11-02;11;1.0168040235416749
17;2025-11-02;12;1.029126501424477
17;2025-11-02;13;1.0357864248091035
17;2025-11-02;14;1.0212938024648708
17;2025-11-02;15;1.0332002399241424
17;2025-11-02;16;1.0387128576851379
17;2025-11-02;17;1.03411147436636
17;2025-11-02;18;1.0503504271480735
17;2025-11-02;19;1.0695887493142529
17;2025-11-02;20;1.090941649111047
17;2025-11-02;21;1.0612934951740602
17;2025-11-02;22;1.0861708953779694
17;2025-11-02;23;1.0437229285128091
17;2025-11-03;0;1.0624347623020134
17;2025-11-03;1;1.2361713384594573
17;2025-11-03;2;1.0
17;2025-11-03;3;1.0
17;2025-11-03;4;1.5022207076960465
17;2025-11-03;5;1.040309793680179
17;2025-11-03;6;1.046682444326181
17;2025-11-03;7;0.9909911804649436
17;2025-11-03;8;1.0385166624876268
17;2025-11-03;9;1.0349562834629642
17;2025-11-03;10;1.0287815510290976
17;2025-11-03;11;1.0168040235416749
17;2025-11-03;12;1.029126501424477
17;2025-11-03;13;1.0357864248091035
17;2025-11-03;14;1.0212938024648708
17;2025-11-03;15;1.0332002399241424
17;2025-11-03;16;1.0387128576851379
17;2025-11-03;17;1.03411147436636
17;2025-11-03;18;1.0503504271480735
17;2025-11-03;19;1.0695887493142529
17;2025-11-03;20;1.090941649111047
17;2025-11-03;21;1.0612934951740602
17;2025-11-03;22;1.0861708953779694
17;2025-11-03;23;1.0437229285128091
17;2025-11-04;0;1.0624347623020134
17;2025-11-04;1;1.2361713384594573
17;2025-11-04;2;1.0
17;2025-11-04;3;1.0
17;2025-11-04;4;1.5022207076960465
17;2025-11-04;5;1.040309793680179
17;2025-11-04;6;1.046682444326181
17;2025-11-04;7;0.9909911804649436
17;2025-11-04;8;1.0385166624876268
17;2025-11-04;9;1.0349562834629642
17;2025-11-04;10;1.0287815510290976
17;2025-11-04;11;1.0168040235416749
17;2025-11-04;12;1.029126501424477
17;2025-11-04;13;1.0357864248091035
17;2025-11-04;14;1.0212938024648708
17;2025-11-04;15;1.0332002399241424
17;2025-11-04;16;1.0387128576851379
17;2025-11-04;17;1.03411147436636
17;2025-11-04;18;1.0503504271480735
17;2025-11-04;19;1.0695887493142529
17;2025-11-04;20;1.090941649111047
17;2025-11-04;21;1.0612934951740602
17;2025-11-04;22;1.0861708953779694
17;2025-11-04;23;1.0437229285128091
17;2025-11-05;0;0.9752341706143794
17;2025-11-05;1;0.914854424776943
17;2025-11-05;2;1.0
17;2025-11-05;3;1.0
17;2025-11-05;4;1.0294689984206586
17;2025-11-05;5;1.034846597579036
17;2025-11-05;6;1.005476561954113
17;2025-11-05;7;0.9847827133742377
17;2025-11-05;8;0.9985997877679038
17;2025-11-05;9;0.9819068262272028
17;2025-11-05;10;0.980892486899656
17;2025-11-05;11;0.9728561267176647
17;2025-11-05;12;0.9792066423407769
17;2025-11-05;13;0.9804310681997438
17;2025-11-05;14;0.9720568932198858
17;2025-11-05;15;0.9946532862125858
17;2025-11-05;16;0.9895445356121129
17;2025-11-05;17;0.9990323955764366
17;2025-11-05;18;1.0342213608349355
17;2025-11-05;19;1.0702591687598422
17;2025-11-05;20;1.0412327286279492
17;2025-11-05;21;1.0323393147595112
17;2025-11-05;22;1.119834107536962
17;2025-11-05;23;1.0118613741933888
17;2025-11-06;0;0.9752341706143794
17;2025-11-06;1;0.914854424776943
17;2025-11-06;2;1.0
17;2025-11-06;3;1.0
17;2025-11-06;4;1.0294689984206586
17;2025-11-06;5;1.034846597579036
17;2025-11-06;6;1.005476561954113
17;2025-11-06;7;0.9847827133742377
17;2025-11-06;8;0.9985997877679038
17;2025-11-06;9;0.9819068262272028
17;2025-11-06;10;0.980892486899656
17;2025-11-06;11;0.9728561267176647
17;2025-11-06;12;0.9792066423407769
17;2025-11-06;13;0.9804310681997438
17;2025-11-06;14;0.9720568932198858
17;2025-11-06;15;0.9946532862125858
17;2025-11-06;16;0.9895445356121129
17;2025-11-06;17;0.9990323955764366
17;2025-11-06;18;1.0342213608349355
17;2025-11-06;19;1.0702591687598422
17;2025-11-06;20;1.0412327286279492
17;2025-11-06;21;1.0323393147595112
17;2025-11-06;22;1.119834107536962
17;2025-11-06;23;1.0118613741933888
17;2025-11-07;0;1.0673500169699335
17;2025-11-07;1;0.8842598668137168
17;2025-11-07;2;1.0
17;2025-11-07;3;1.0
17;2025-11-07;4;1.1050794314984336
17;2025-11-07;5;1.0797507858393254
17;2025-11-07;6;1.0625422239498044
17;2025-11-07;7;1.0472644898709644
17;2025-11-07;8;1.0676717219966512
17;2025-11-07;9;1.055629992971953
17;2025-11-07;10;1.0712906839199134
17;2025-11-07;11;1.0572906631925485
17;2025-11-07;12;1.091231238893682
17;2025-11-07;13;1.0830314562591241
17;2025-11-07;14;1.084345327581261
17;2025-11-07;15;1.0999736374217441
17;2025-11-07;16;1.0715806035492779
17;2025-11-07;17;1.047931864206749
17;2025-11-07;18;1.087462048784762
17;2025-11-07;19;1.0921046987390477
17;2025-11-07;20;1.0808546649057043
17;2025-11-07;21;1.0779490868253814
17;2025-11-07;22;1.2288639522366802
17;2025-11-07;23;1.0570938980401436
17;2025-11-08;0;1.1326150408006759
17;2025-11-08;1;1.0140041630680487
17;2025-11-08;2;1.0
17;2025-11-08;3;1.0
17;2025-11-08;4;1.025433735901514
17;2025-11-08;5;1.0365115369471174
17;2025-11-08;6;1.0397479178507651
17;2025-11-08;7;1.0113229033338516
17;2025-11-08;8;1.0239132479189226
17;2025-11-08;9;1.0236673395691198
17;2025-11-08;10;1.0198229753455403
17;2025-11-08;11;1.0173662501146767
17;2025-11-08;12;1.0261493489536602
17;2025-11-08;13;1.0083598891313668
17;2025-11-08;14;1.0200874207153023
17;2025-11-08;15;1.0247383977404385
17;2025-11-08;16;1.0222405877081882
17;2025-11-08;17;1.0499998763574037
17;2025-11-08;18;1.0742127800583687
17;2025-11-08;19;1.1213804429590193
17;2025-11-08;20;1.105099481203894
17;2025-11-08;21;1.1176137168480098
17;2025-11-08;22;1.1692364472417915
17;2025-11-08;23;1.081732335024773
17;2025-11-09;0;1.0624347623020134
17;2025-11-09;1;1.2361713384594573
17;2025-11-09;2;1.0
17;2025-11-09;3;1.0
17;2025-11-09;4;1.5022207076960465
17;2025-11-09;5;1.040309793680179
17;2025-11-09;6;1.046682444326181
17;2025-11-09;7;0.9909911804649436
17;2025-11-09;8;1.0385166624876268
17;2025-11-09;9;1.0349562834629642
17;2025-11-09;10;1.0287815510290976
17;2025-11-09;11;1.0168040235416749
17;2025-11-09;12;1.029126501424477
17;2025-11-09;13;1.0357864248091035
17;2025-11-09;14;1.0212938024648708
17;2025-11-09;15;1.0332002399241424
17;2025-11-09;16;1.0387128576851379
17;2025-11-09;17;1.03411147436636
17;2025-11-09;18;1.0503504271480735
17;2025-11-09;19;1.0695887493142529
17;2025-11-09;20;1.090941649111047
17;2025-11-09;21;1.0612934951740602
17;2025-11-09;22;1.0861708953779694
17;2025-11-09;23;1.0437229285128091
17;2025-11-10;0;0.9752341706143794
17;2025-11-10;1;0.914854424776943
17;2025-11-10;2;1.0
17;2025-11-10;3;1.0
17;2025-11-10;4;1.0294689984206586
17;2025-11-10;5;1.034846597579036
17;2025-11-10;6;1.005476561954113
17;2025-11-10;7;0.9847827133742377
17;2025-11-10;8;0.9985997877679038
17;2025-11-10;9;0.9819068262272028
17;2025-11-10;10;0.980892486899656
17;2025-11-10;11;0.9728561267176647
17;2025-11-10;12;0.9792066423407769
17;2025-11-10;13;0.9804310681997438
17;2025-11-10;14;0.9720568932198858
17;2025-11-10;15;0.9946532862125858
17;2025-11-10;16;0.9895445356121129
17;2025-11-10;17;0.9990323955764366
17;2025-11-10;18;1.0342213608349355
17;2025-11-10;19;1.0702591687598422
17;2025-11-10;20;1.0412327286279492
17;2025-11-10;21;1.0323393147595112
17;2025-11-10;22;1.119834107536962
17;2025-11-10;23;1.0118613741933888
17;2025-11-11;0;0.9752341706143794
17;2025-11-11;1;0.914854424776943
17;2025-11-11;2;1.0
17;2025-11-11;3;1.0
17;2025-11-11;4;1.0294689984206586
17;2025-11-11;5;1.034846597579036
17;2025-11-11;6;1.005476561954113
17;2025-11-11;7;0.9847827133742377
17;2025-11-11;8;0.9985997877679038
17;2025-11-11;9;0.9819068262272028
17;2025-11-11;10;0.980892486899656
17;2025-11-11;11;0.9728561267176647
17;2025-11-11;12;0.9792066423407769
17;2025-11-11;13;0.9804310681997438
17;2025-11-11;14;0.9720568932198858
17;2025-11-11;15;0.9946532862125858
17;2025-11-11;16;0.9895445356121129
17;2025-11-11;17;0.9990323955764366
17;2025-11-11;18;1.0342213608349355
17;2025-11-11;19;1.0702591687598422
17;2025-11-11;20;1.0412327286279492
17;2025-11-11;21;1.0323393147595112
17;2025-11-11;22;1.119834107536962
17;2025-11-11;23;1.0118613741933888
17;2025-11-12;0;0.9752341706143794
17;2025-11-12;1;0.914854424776943
17;2025-11-12;2;1.0
17;2025-11-12;3;1.0
17;2025-11-12;4;1.0294689984206586
17;2025-11-12;5;1.034846597579036
17;2025-11-12;6;1.005476561954113
17;2025-11-12;7;0.9847827133742377
17;2025-11-12;8;0.9985997877679038
17;2025-11-12;9;0.9819068262272028
17;2025-11-12;10;0.980892486899656
17;2025-11-12;11;0.9728561267176647
17;2025-11-12;12;0.9792066423407769
17;2025-11-12;13;0.9804310681997438
17;2025-11-12;14;0.9720568932198858
17;2025-11-12;15;0.9946532862125858
17;2025-11-12;16;0.9895445356121129
17;2025-11-12;17;0.9990323955764366
17;2025-11-12;18;1.0342213608349355
17;2025-11-12;19;1.0702591687598422
17;2025-11-12;20;1.0412327286279492
17;2025-11-12;21;1.0323393147595112
17;2025-11-12;22;1.119834107536962
17;2025-11-12;23;1.0118613741933888
17;2025-11-13;0;0.9752341706143794
17;2025-11-13;1;0.914854424776943
17;2025-11-13;2;1.0
17;2025-11-13;3;1.0
17;2025-11-13;4;1.0294689984206586
17;2025-11-13;5;1.034846597579036
17;2025-11-13;6;1.005476561954113
17;2025-11-13;7;0.9847827133742377
17;2025-11-13;8;0.9985997877679038
17;2025-11-13;9;0.9819068262272028
17;2025-11-13;10;0.980892486899656
17;2025-11-13;11;0.9728561267176647
17;2025-11-13;12;0.9792066423407769
17;2025-11-13;13;0.9804310681997438
17;2025-11-13;14;0.9720568932198858
17;2025-11-13;15;0.9946532862125858
17;2025-11-13;16;0.9895445356121129
17;2025-11-13;17;0.9990323955764366
17;2025-11-13;18;1.0342213608349355
17;2025-11-13;19;1.0702591687598422
17;2025-11-13;20;1.0412327286279492
17;2025-11-13;21;1.0323393147595112
17;2025-11-13;22;1.119834107536962
17;2025-11-13;23;1.0118613741933888
17;2025-11-14;0;1.0673500169699335
17;2025-11-14;1;0.8842598668137168
17;2025-11-14;2;1.0
17;2025-11-14;3;1.0
17;2025-11-14;4;1.1050794314984336
17;2025-11-14;5;1.0797507858393254
17;2025-11-14;6;1.0625422239498044
17;2025-11-14;7;1.0472644898709644
17;2025-11-14;8;1.0676717219966512
17;2025-11-14;9;1.055629992971953
17;2025-11-14;10;1.0712906839199134
17;2025-11-14;11;1.0572906631925485
17;2025-11-14;12;1.091231238893682
17;2025-11-14;13;1.0830314562591241
17;2025-11-14;14;1.084345327581261
17;2025-11-14;15;1.0999736374217441
17;2025-11-14;16;1.0715806035492779
17;2025-11-14;17;1.047931864206749
17;2025-11-14;18;1.087462048784762
17;2025-11-14;19;1.0921046987390477
17;2025-11-14;20;1.0808546649057043
17;2025-11-14;21;1.0779490868253814
17;2025-11-14;22;1.2288639522366802
17;2025-11-14;23;1.0570938980401436
17;2025-11-15;0;1.1326150408006759
17;2025-11-15;1;1.0140041630680487
17;2025-11-15;2;1.0
17;2025-11-15;3;1.0
17;2025-11-15;4;1.025433735901514
17;2025-11-15;5;1.0365115369471174
17;2025-11-15;6;1.0397479178507651
17;2025-11-15;7;1.0113229033338516
17;2025-11-15;8;1.0239132479189226
17;2025-11-15;9;1.0236673395691198
17;2025-11-15;10;1.0198229753455403
17;2025-11-15;11;1.0173662501146767
17;2025-11-15;12;1.0261493489536602
17;2025-11-15;13;1.0083598891313668
17;2025-11-15;14;1.0200874207153023
17;2025-11-15;15;1.0247383977404385
17;2025-11-15;16;1.0222405877081882
17;2025-11-15;17;1.0499998763574037
17;2025-11-15;18;1.0742127800583687
17;2025-11-15;19;1.1213804429590193
17;2025-11-15;20;1.105099481203894
17;2025-11-15;21;1.1176137168480098
17;2025-11-15;22;1.1692364472417915
17;2025-11-15;23;1.081732335024773
17;2025-11-16;0;1.0624347623020134
17;2025-11-16;1;1.2361713384594573
17;2025-11-16;2;1.0
17;2025-11-16;3;1.0
17;2025-11-16;4;1.5022207076960465
17;2025-11-16;5;1.040309793680179
17;2025-11-16;6;1.046682444326181
17;2025-11-16;7;0.9909911804649436
17;2025-11-16;8;1.0385166624876268
17;2025-11-16;9;1.0349562834629642
17;2025-11-16;10;1.0287815510290976
17;2025-11-16;11;1.0168040235416749
17;2025-11-16;12;1.029126501424477
17;2025-11-16;13;1.0357864248091035
17;2025-11-16;14;1.0212938024648708
17;2025-11-16;15;1.0332002399241424
17;2025-11-16;16;1.0387128576851379
17;2025-11-16;17;1.03411147436636
17;2025-11-16;18;1.0503504271480735
17;2025-11-16;19;1.0695887493142529
17;2025-11-16;20;1.090941649111047
17;2025-11-16;21;1.0612934951740602
17;2025-11-16;22;1.0861708953779694
17;2025-11-16;23;1.0437229285128091
17;2025-11-17;0;0.9752341706143794
17;2025-11-17;1;0.914854424776943
17;2025-11-17;2;1.0
17;2025-11-17;3;1.0
17;2025-11-17;4;1.0294689984206586
17;2025-11-17;5;1.034846597579036
17;2025-11-17;6;1.005476561954113
17;2025-11-17;7;0.9847827133742377
17;2025-11-17;8;0.9985997877679038
17;2025-11-17;9;0.9819068262272028
17;2025-11-17;10;0.980892486899656
17;2025-11-17;11;0.9728561267176647
17;2025-11-17;12;0.9792066423407769
17;2025-11-17;13;0.9804310681997438
17;2025-11-17;14;0.9720568932198858
17;2025-11-17;15;0.9946532862125858
17;2025-11-17;16;0.9895445356121129
17;2025-11-17;17;0.9990323955764366
17;2025-11-17;18;1.0342213608349355
17;2025-11-17;19;1.0702591687598422
17;2025-11-17;20;1.0412327286279492
17;2025-11-17;21;1.0323393147595112
17;2025-11-17;22;1.119834107536962
17;2025-11-17;23;1.0118613741933888
17;2025-11-18;0;0.9752341706143794
17;2025-11-18;1;0.914854424776943
17;2025-11-18;2;1.0
17;2025-11-18;3;1.0
17;2025-11-18;4;1.0294689984206586
17;2025-11-18;5;1.034846597579036
17;2025-11-18;6;1.005476561954113
17;2025-11-18;7;0.9847827133742377
17;2025-11-18;8;0.9985997877679038
17;2025-11-18;9;0.9819068262272028
17;2025-11-18;10;0.980892486899656
17;2025-11-18;11;0.9728561267176647
17;2025-11-18;12;0.9792066423407769
17;2025-11-18;13;0.9804310681997438
17;2025-11-18;14;0.9720568932198858
17;2025-11-18;15;0.9946532862125858
17;2025-11-18;16;0.9895445356121129
17;2025-11-18;17;0.9990323955764366
17;2025-11-18;18;1.0342213608349355
17;2025-11-18;19;1.0702591687598422
17;2025-11-18;20;1.0412327286279492
17;2025-11-18;21;1.0323393147595112
17;2025-11-18;22;1.119834107536962
17;2025-11-18;23;1.0118613741933888
17;2025-11-19;0;0.9752341706143794
17;2025-11-19;1;0.914854424776943
17;2025-11-19;2;1.0
17;2025-11-19;3;1.0
17;2025-11-19;4;1.0294689984206586
17;2025-11-19;5;1.034846597579036
17;2025-11-19;6;1.005476561954113
17;2025-11-19;7;0.9847827133742377
17;2025-11-19;8;0.9985997877679038
17;2025-11-19;9;0.9819068262272028
17;2025-11-19;10;0.980892486899656
17;2025-11-19;11;0.9728561267176647
17;2025-11-19;12;0.9792066423407769
17;2025-11-19;13;0.9804310681997438
17;2025-11-19;14;0.9720568932198858
17;2025-11-19;15;0.9946532862125858
17;2025-11-19;16;0.9895445356121129
17;2025-11-19;17;0.9990323955764366
17;2025-11-19;18;1.0342213608349355
17;2025-11-19;19;1.0702591687598422
17;2025-11-19;20;1.0412327286279492
17;2025-11-19;21;1.0323393147595112
17;2025-11-19;22;1.119834107536962
17;2025-11-19;23;1.0118613741933888
17;2025-11-20;0;0.9752341706143794
17;2025-11-20;1;0.914854424776943
17;2025-11-20;2;1.0
17;2025-11-20;3;1.0
17;2025-11-20;4;1.0294689984206586
17;2025-11-20;5;1.034846597579036
17;2025-11-20;6;1.005476561954113
17;2025-11-20;7;0.9847827133742377
17;2025-11-20;8;0.9985997877679038
17;2025-11-20;9;0.9819068262272028
17;2025-11-20;10;0.980892486899656
17;2025-11-20;11;0.9728561267176647
17;2025-11-20;12;0.9792066423407769
17;2025-11-20;13;0.9804310681997438
17;2025-11-20;14;0.9720568932198858
17;2025-11-20;15;0.9946532862125858
17;2025-11-20;16;0.9895445356121129
17;2025-11-20;17;0.9990323955764366
17;2025-11-20;18;1.0342213608349355
17;2025-11-20;19;1.0702591687598422
17;2025-11-20;20;1.0412327286279492
17;2025-11-20;21;1.0323393147595112
17;2025-11-20;22;1.119834107536962
17;2025-11-20;23;1.0118613741933888
17;2025-11-21;0;1.0673500169699335
17;2025-11-21;1;0.8842598668137168
17;2025-11-21;2;1.0
17;2025-11-21;3;1.0
17;2025-11-21;4;1.1050794314984336
17;2025-11-21;5;1.0797507858393254
17;2025-11-21;6;1.0625422239498044
17;2025-11-21;7;1.0472644898709644
17;2025-11-21;8;1.0676717219966512
17;2025-11-21;9;1.055629992971953
17;2025-11-21;10;1.0712906839199134
17;2025-11-21;11;1.0572906631925485
17;2025-11-21;12;1.091231238893682
17;2025-11-21;13;1.0830314562591241
17;2025-11-21;14;1.084345327581261
17;2025-11-21;15;1.0999736374217441
17;2025-11-21;16;1.0715806035492779
17;2025-11-21;17;1.047931864206749
17;2025-11-21;18;1.087462048784762
17;2025-11-21;19;1.0921046987390477
17;2025-11-21;20;1.0808546649057043
17;2025-11-21;21;1.0779490868253814
17;2025-11-21;22;1.2288639522366802
17;2025-11-21;23;1.0570938980401436
17;2025-11-22;0;1.1326150408006759
17;2025-11-22;1;1.0140041630680487
17;2025-11-22;2;1.0
17;2025-11-22;3;1.0
17;2025-11-22;4;1.025433735901514
17;2025-11-22;5;1.0365115369471174
17;2025-11-22;6;1.0397479178507651
17;2025-11-22;7;1.0113229033338516
17;2025-11-22;8;1.0239132479189226
17;2025-11-22;9;1.0236673395691198
17;2025-11-22;10;1.0198229753455403
17;2025-11-22;11;1.0173662501146767
17;2025-11-22;12;1.0261493489536602
17;2025-11-22;13;1.0083598891313668
17;2025-11-22;14;1.0200874207153023
17;2025-11-22;15;1.0247383977404385
17;2025-11-22;16;1.0222405877081882
17;2025-11-22;17;1.0499998763574037
17;2025-11-22;18;1.0742127800583687
17;2025-11-22;19;1.1213804429590193
17;2025-11-22;20;1.105099481203894
17;2025-11-22;21;1.1176137168480098
17;2025-11-22;22;1.1692364472417915
17;2025-11-22;23;1.081732335024773
17;2025-11-23;0;1.0624347623020134
17;2025-11-23;1;1.2361713384594573
17;2025-11-23;2;1.0
17;2025-11-23;3;1.0
17;2025-11-23;4;1.5022207076960465
17;2025-11-23;5;1.040309793680179
17;2025-11-23;6;1.046682444326181
17;2025-11-23;7;0.9909911804649436
17;2025-11-23;8;1.0385166624876268
17;2025-11-23;9;1.0349562834629642
17;2025-11-23;10;1.0287815510290976
17;2025-11-23;11;1.0168040235416749
17;2025-11-23;12;1.029126501424477
17;2025-11-23;13;1.0357864248091035
17;2025-11-23;14;1.0212938024648708
17;2025-11-23;15;1.0332002399241424
17;2025-11-23;16;1.0387128576851379
17;2025-11-23;17;1.03411147436636
17;2025-11-23;18;1.0503504271480735
17;2025-11-23;19;1.0695887493142529
17;2025-11-23;20;1.090941649111047
17;2025-11-23;21;1.0612934951740602
17;2025-11-23;22;1.0861708953779694
17;2025-11-23;23;1.0437229285128091
17;2025-11-24;0;0.9752341706143794
17;2025-11-24;1;0.914854424776943
17;2025-11-24;2;1.0
17;2025-11-24;3;1.0
17;2025-11-24;4;1.0294689984206586
17;2025-11-24;5;1.034846597579036
17;2025-11-24;6;1.005476561954113
17;2025-11-24;7;0.9847827133742377
17;2025-11-24;8;0.9985997877679038
17;2025-11-24;9;0.9819068262272028
17;2025-11-24;10;0.980892486899656
17;2025-11-24;11;0.9728561267176647
17;2025-11-24;12;0.9792066423407769
17;2025-11-24;13;0.9804310681997438
17;2025-11-24;14;0.9720568932198858
17;2025-11-24;15;0.9946532862125858
17;2025-11-24;16;0.9895445356121129
17;2025-11-24;17;0.9990323955764366
17;2025-11-24;18;1.0342213608349355
17;2025-11-24;19;1.0702591687598422
17;2025-11-24;20;1.0412327286279492
17;2025-11-24;21;1.0323393147595112
17;2025-11-24;22;1.119834107536962
17;2025-11-24;23;1.0118613741933888
17;2025-11-25;0;0.9752341706143794
17;2025-11-25;1;0.914854424776943
17;2025-11-25;2;1.0
17;2025-11-25;3;1.0
17;2025-11-25;4;1.0294689984206586
17;2025-11-25;5;1.034846597579036
17;2025-11-25;6;1.005476561954113
17;2025-11-25;7;0.9847827133742377
17;2025-11-25;8;0.9985997877679038
17;2025-11-25;9;0.9819068262272028
17;2025-11-25;10;0.980892486899656
17;2025-11-25;11;0.9728561267176647
17;2025-11-25;12;0.9792066423407769
17;2025-11-25;13;0.9804310681997438
17;2025-11-25;14;0.9720568932198858
17;2025-11-25;15;0.9946532862125858
17;2025-11-25;16;0.9895445356121129
17;2025-11-25;17;0.9990323955764366
17;2025-11-25;18;1.0342213608349355
17;2025-11-25;19;1.0702591687598422
17;2025-11-25;20;1.0412327286279492
17;2025-11-25;21;1.0323393147595112
17;2025-11-25;22;1.119834107536962
17;2025-11-25;23;1.0118613741933888
17;2025-11-26;0;0.9752341706143794
17;2025-11-26;1;0.914854424776943
17;2025-11-26;2;1.0
17;2025-11-26;3;1.0
17;2025-11-26;4;1.0294689984206586
17;2025-11-26;5;1.034846597579036
17;2025-11-26;6;1.005476561954113
17;2025-11-26;7;0.9847827133742377
17;2025-11-26;8;0.9985997877679038
17;2025-11-26;9;0.9819068262272028
17;2025-11-26;10;0.980892486899656
17;2025-11-26;11;0.9728561267176647
17;2025-11-26;12;0.9792066423407769
17;2025-11-26;13;0.9804310681997438
17;2025-11-26;14;0.9720568932198858
17;2025-11-26;15;0.9946532862125858
17;2025-11-26;16;0.9895445356121129
17;2025-11-26;17;0.9990323955764366
17;2025-11-26;18;1.0342213608349355
17;2025-11-26;19;1.0702591687598422
17;2025-11-26;20;1.0412327286279492
17;2025-11-26;21;1.0323393147595112
17;2025-11-26;22;1.119834107536962
17;2025-11-26;23;1.0118613741933888
17;2025-11-27;0;0.9752341706143794
17;2025-11-27;1;0.914854424776943
17;2025-11-27;2;1.0
17;2025-11-27;3;1.0
17;2025-11-27;4;1.0294689984206586
17;2025-11-27;5;1.034846597579036
17;2025-11-27;6;1.005476561954113
17;2025-11-27;7;0.9847827133742377
17;2025-11-27;8;0.9985997877679038
17;2025-11-27;9;0.9819068262272028
17;2025-11-27;10;0.980892486899656
17;2025-11-27;11;0.9728561267176647
17;2025-11-27;12;0.9792066423407769
17;2025-11-27;13;0.9804310681997438
17;2025-11-27;14;0.9720568932198858
17;2025-11-27;15;0.9946532862125858
17;2025-11-27;16;0.9895445356121129
17;2025-11-27;17;0.9990323955764366
17;2025-11-27;18;1.0342213608349355
17;2025-11-27;19;1.0702591687598422
17;2025-11-27;20;1.0412327286279492
17;2025-11-27;21;1.0323393147595112
17;2025-11-27;22;1.119834107536962
17;2025-11-27;23;1.0118613741933888
17;2025-11-28;0;1.0673500169699335
17;2025-11-28;1;0.8842598668137168
17;2025-11-28;2;1.0
17;2025-11-28;3;1.0
17;2025-11-28;4;1.1050794314984336
17;2025-11-28;5;1.0797507858393254
17;2025-11-28;6;1.0625422239498044
17;2025-11-28;7;1.0472644898709644
17;2025-11-28;8;1.0676717219966512
17;2025-11-28;9;1.055629992971953
17;2025-11-28;10;1.0712906839199134
17;2025-11-28;11;1.0572906631925485
17;2025-11-28;12;1.091231238893682
17;2025-11-28;13;1.0830314562591241
17;2025-11-28;14;1.084345327581261
17;2025-11-28;15;1.0999736374217441
17;2025-11-28;16;1.0715806035492779
17;2025-11-28;17;1.047931864206749
17;2025-11-28;18;1.087462048784762
17;2025-11-28;19;1.0921046987390477
17;2025-11-28;20;1.0808546649057043
17;2025-11-28;21;1.0779490868253814
17;2025-11-28;22;1.2288639522366802
17;2025-11-28;23;1.0570938980401436
17;2025-11-29;0;1.1326150408006759
17;2025-11-29;1;1.0140041630680487
17;2025-11-29;2;1.0
17;2025-11-29;3;1.0
17;2025-11-29;4;1.025433735901514
17;2025-11-29;5;1.0365115369471174
17;2025-11-29;6;1.0397479178507651
17;2025-11-29;7;1.0113229033338516
17;2025-11-29;8;1.0239132479189226
17;2025-11-29;9;1.0236673395691198
17;2025-11-29;10;1.0198229753455403
17;2025-11-29;11;1.0173662501146767
17;2025-11-29;12;1.0261493489536602
17;2025-11-29;13;1.0083598891313668
17;2025-11-29;14;1.0200874207153023
17;2025-11-29;15;1.0247383977404385
17;2025-11-29;16;1.0222405877081882
17;2025-11-29;17;1.0499998763574037
17;2025-11-29;18;1.0742127800583687
17;2025-11-29;19;1.1213804429590193
17;2025-11-29;20;1.105099481203894
17;2025-11-29;21;1.1176137168480098
17;2025-11-29;22;1.1692364472417915
17;2025-11-29;23;1.081732335024773
17;2025-11-30;0;1.0624347623020134
17;2025-11-30;1;1.2361713384594573
17;2025-11-30;2;1.0
17;2025-11-30;3;1.0
17;2025-11-30;4;1.5022207076960465
17;2025-11-30;5;1.040309793680179
17;2025-11-30;6;1.046682444326181
17;2025-11-30;7;0.9909911804649436
17;2025-11-30;8;1.0385166624876268
17;2025-11-30;9;1.0349562834629642
17;2025-11-30;10;1.0287815510290976
17;2025-11-30;11;1.0168040235416749
17;2025-11-30;12;1.029126501424477
17;2025-11-30;13;1.0357864248091035
17;2025-11-30;14;1.0212938024648708
17;2025-11-30;15;1.0332002399241424
17;2025-11-30;16;1.0387128576851379
17;2025-11-30;17;1.03411147436636
17;2025-11-30;18;1.0503504271480735
17;2025-11-30;19;1.0695887493142529
17;2025-11-30;20;1.090941649111047
17;2025-11-30;21;1.0612934951740602
17;2025-11-30;22;1.0861708953779694
17;2025-11-30;23;1.0437229285128091
17;2025-12-01;0;0.9752341706143794
17;2025-12-01;1;0.914854424776943
17;2025-12-01;2;1.0
17;2025-12-01;3;1.0
17;2025-12-01;4;1.0294689984206586
17;2025-12-01;5;1.034846597579036
17;2025-12-01;6;1.005476561954113
17;2025-12-01;7;0.9847827133742377
17;2025-12-01;8;0.9985997877679038
17;2025-12-01;9;0.9819068262272028
17;2025-12-01;10;0.980892486899656
17;2025-12-01;11;0.9728561267176647
17;2025-12-01;12;0.9792066423407769
17;2025-12-01;13;0.9804310681997438
17;2025-12-01;14;0.9720568932198858
17;2025-12-01;15;0.9946532862125858
17;2025-12-01;16;0.9895445356121129
17;2025-12-01;17;0.9990323955764366
17;2025-12-01;18;1.0342213608349355
17;2025-12-01;19;1.0702591687598422
17;2025-12-01;20;1.0412327286279492
17;2025-12-01;21;1.0323393147595112
17;2025-12-01;22;1.119834107536962
17;2025-12-01;23;1.0118613741933888
17;2025-12-02;0;0.9752341706143794
17;2025-12-02;1;0.914854424776943
17;2025-12-02;2;1.0
17;2025-12-02;3;1.0
17;2025-12-02;4;1.0294689984206586
17;2025-12-02;5;1.034846597579036
17;2025-12-02;6;1.005476561954113
17;2025-12-02;7;0.9847827133742377
17;2025-12-02;8;0.9985997877679038
17;2025-12-02;9;0.9819068262272028
17;2025-12-02;10;0.980892486899656
17;2025-12-02;11;0.9728561267176647
17;2025-12-02;12;0.9792066423407769
17;2025-12-02;13;0.9804310681997438
17;2025-12-02;14;0.9720568932198858
17;2025-12-02;15;0.9946532862125858
17;2025-12-02;16;0.9895445356121129
17;2025-12-02;17;0.9990323955764366
17;2025-12-02;18;1.0342213608349355
17;2025-12-02;19;1.0702591687598422
17;2025-12-02;20;1.0412327286279492
17;2025-12-02;21;1.0323393147595112
17;2025-12-02;22;1.119834107536962
17;2025-12-02;23;1.0118613741933888
17;2025-12-03;0;0.9752341706143794
17;2025-12-03;1;0.914854424776943
17;2025-12-03;2;1.0
17;2025-12-03;3;1.0
17;2025-12-03;4;1.0294689984206586
17;2025-12-03;5;1.034846597579036
17;2025-12-03;6;1.005476561954113
17;2025-12-03;7;0.9847827133742377
17;2025-12-03;8;0.9985997877679038
17;2025-12-03;9;0.9819068262272028
17;2025-12-03;10;0.980892486899656
17;2025-12-03;11;0.9728561267176647
17;2025-12-03;12;0.9792066423407769
17;2025-12-03;13;0.9804310681997438
17;2025-12-03;14;0.9720568932198858
17;2025-12-03;15;0.9946532862125858
17;2025-12-03;16;0.9895445356121129
17;2025-12-03;17;0.9990323955764366
17;2025-12-03;18;1.0342213608349355
17;2025-12-03;19;1.0702591687598422
17;2025-12-03;20;1.0412327286279492
17;2025-12-03;21;1.0323393147595112
17;2025-12-03;22;1.119834107536962
17;2025-12-03;23;1.0118613741933888
17;2025-12-04;0;0.9752341706143794
17;2025-12-04;1;0.914854424776943
17;2025-12-04;2;1.0
17;2025-12-04;3;1.0
17;2025-12-04;4;1.0294689984206586
17;2025-12-04;5;1.034846597579036
17;2025-12-04;6;1.005476561954113
17;2025-12-04;7;0.9847827133742377
17;2025-12-04;8;0.9985997877679038
17;2025-12-04;9;0.9819068262272028
17;2025-12-04;10;0.980892486899656
17;2025-12-04;11;0.9728561267176647
17;2025-12-04;12;0.9792066423407769
17;2025-12-04;13;0.9804310681997438
17;2025-12-04;14;0.9720568932198858
17;2025-12-04;15;0.9946532862125858
17;2025-12-04;16;0.9895445356121129
17;2025-12-04;17;0.9990323955764366
17;2025-12-04;18;1.0342213608349355
17;2025-12-04;19;1.0702591687598422
17;2025-12-04;20;1.0412327286279492
17;2025-12-04;21;1.0323393147595112
17;2025-12-04;22;1.119834107536962
17;2025-12-04;23;1.0118613741933888
17;2025-12-05;0;1.0673500169699335
17;2025-12-05;1;0.8842598668137168
17;2025-12-05;2;1.0
17;2025-12-05;3;1.0
17;2025-12-05;4;1.1050794314984336
17;2025-12-05;5;1.0797507858393254
17;2025-12-05;6;1.0625422239498044
17;2025-12-05;7;1.0472644898709644
17;2025-12-05;8;1.0676717219966512
17;2025-12-05;9;1.055629992971953
17;2025-12-05;10;1.0712906839199134
17;2025-12-05;11;1.0572906631925485
17;2025-12-05;12;1.091231238893682
17;2025-12-05;13;1.0830314562591241
17;2025-12-05;14;1.084345327581261
17;2025-12-05;15;1.0999736374217441
17;2025-12-05;16;1.0715806035492779
17;2025-12-05;17;1.047931864206749
17;2025-12-05;18;1.087462048784762
17;2025-12-05;19;1.0921046987390477
17;2025-12-05;20;1.0808546649057043
17;2025-12-05;21;1.0779490868253814
17;2025-12-05;22;1.2288639522366802
17;2025-12-05;23;1.0570938980401436
17;2025-12-06;0;1.1326150408006759
17;2025-12-06;1;1.0140041630680487
17;2025-12-06;2;1.0
17;2025-12-06;3;1.0
17;2025-12-06;4;1.025433735901514
17;2025-12-06;5;1.0365115369471174
17;2025-12-06;6;1.0397479178507651
17;2025-12-06;7;1.0113229033338516
17;2025-12-06;8;1.0239132479189226
17;2025-12-06;9;1.0236673395691198
17;2025-12-06;10;1.0198229753455403
17;2025-12-06;11;1.0173662501146767
17;2025-12-06;12;1.0261493489536602
17;2025-12-06;13;1.0083598891313668
17;2025-12-06;14;1.0200874207153023
17;2025-12-06;15;1.0247383977404385
17;2025-12-06;16;1.0222405877081882
17;2025-12-06;17;1.0499998763574037
17;2025-12-06;18;1.0742127800583687
17;2025-12-06;19;1.1213804429590193
17;2025-12-06;20;1.105099481203894
17;2025-12-06;21;1.1176137168480098
17;2025-12-06;22;1.1692364472417915
17;2025-12-06;23;1.081732335024773
17;2025-12-07;0;1.0624347623020134
17;2025-12-07;1;1.2361713384594573
17;2025-12-07;2;1.0
17;2025-12-07;3;1.0
17;2025-12-07;4;1.5022207076960465
17;2025-12-07;5;1.040309793680179
17;2025-12-07;6;1.046682444326181
17;2025-12-07;7;0.9909911804649436
17;2025-12-07;8;1.0385166624876268
17;2025-12-07;9;1.0349562834629642
17;2025-12-07;10;1.0287815510290976
17;2025-12-07;11;1.0168040235416749
17;2025-12-07;12;1.029126501424477
17;2025-12-07;13;1.0357864248091035
17;2025-12-07;14;1.0212938024648708
17;2025-12-07;15;1.0332002399241424
17;2025-12-07;16;1.0387128576851379
17;2025-12-07;17;1.03411147436636
17;2025-12-07;18;1.0503504271480735
17;2025-12-07;19;1.0695887493142529
17;2025-12-07;20;1.090941649111047
17;2025-12-07;21;1.0612934951740602
17;2025-12-07;22;1.0861708953779694
17;2025-12-07;23;1.0437229285128091
17;2025-12-08;0;0.9752341706143794
17;2025-12-08;1;0.914854424776943
17;2025-12-08;2;1.0
17;2025-12-08;3;1.0
17;2025-12-08;4;1.0294689984206586
17;2025-12-08;5;1.034846597579036
17;2025-12-08;6;1.005476561954113
17;2025-12-08;7;0.9847827133742377
17;2025-12-08;8;0.9985997877679038
17;2025-12-08;9;0.9819068262272028
17;2025-12-08;10;0.980892486899656
17;2025-12-08;11;0.9728561267176647
17;2025-12-08;12;0.9792066423407769
17;2025-12-08;13;0.9804310681997438
17;2025-12-08;14;0.9720568932198858
17;2025-12-08;15;0.9946532862125858
17;2025-12-08;16;0.9895445356121129
17;2025-12-08;17;0.9990323955764366
17;2025-12-08;18;1.0342213608349355
17;2025-12-08;19;1.0702591687598422
17;2025-12-08;20;1.0412327286279492
17;2025-12-08;21;1.0323393147595112
17;2025-12-08;22;1.119834107536962
17;2025-12-08;23;1.0118613741933888
17;2025-12-09;0;0.9752341706143794
17;2025-12-09;1;0.914854424776943
17;2025-12-09;2;1.0
17;2025-12-09;3;1.0
17;2025-12-09;4;1.0294689984206586
17;2025-12-09;5;1.034846597579036
17;2025-12-09;6;1.005476561954113
17;2025-12-09;7;0.9847827133742377
17;2025-12-09;8;0.9985997877679038
17;2025-12-09;9;0.9819068262272028
17;2025-12-09;10;0.980892486899656
17;2025-12-09;11;0.9728561267176647
17;2025-12-09;12;0.9792066423407769
17;2025-12-09;13;0.9804310681997438
17;2025-12-09;14;0.9720568932198858
17;2025-12-09;15;0.9946532862125858
17;2025-12-09;16;0.9895445356121129
17;2025-12-09;17;0.9990323955764366
17;2025-12-09;18;1.0342213608349355
17;2025-12-09;19;1.0702591687598422
17;2025-12-09;20;1.0412327286279492
17;2025-12-09;21;1.0323393147595112
17;2025-12-09;22;1.119834107536962
17;2025-12-09;23;1.0118613741933888
17;2025-12-10;0;0.9752341706143794
17;2025-12-10;1;0.914854424776943
17;2025-12-10;2;1.0
17;2025-12-10;3;1.0
17;2025-12-10;4;1.0294689984206586
17;2025-12-10;5;1.034846597579036
17;2025-12-10;6;1.005476561954113
17;2025-12-10;7;0.9847827133742377
17;2025-12-10;8;0.9985997877679038
17;2025-12-10;9;0.9819068262272028
17;2025-12-10;10;0.980892486899656
17;2025-12-10;11;0.9728561267176647
17;2025-12-10;12;0.9792066423407769
17;2025-12-10;13;0.9804310681997438
17;2025-12-10;14;0.9720568932198858
17;2025-12-10;15;0.9946532862125858
17;2025-12-10;16;0.9895445356121129
17;2025-12-10;17;0.9990323955764366
17;2025-12-10;18;1.0342213608349355
17;2025-12-10;19;1.0702591687598422
17;2025-12-10;20;1.0412327286279492
17;2025-12-10;21;1.0323393147595112
17;2025-12-10;22;1.119834107536962
17;2025-12-10;23;1.0118613741933888
17;2025-12-11;0;0.9752341706143794
17;2025-12-11;1;0.914854424776943
17;2025-12-11;2;1.0
17;2025-12-11;3;1.0
17;2025-12-11;4;1.0294689984206586
17;2025-12-11;5;1.034846597579036
17;2025-12-11;6;1.005476561954113
17;2025-12-11;7;0.9847827133742377
17;2025-12-11;8;0.9985997877679038
17;2025-12-11;9;0.9819068262272028
17;2025-12-11;10;0.980892486899656
17;2025-12-11;11;0.9728561267176647
17;2025-12-11;12;0.9792066423407769
17;2025-12-11;13;0.9804310681997438
17;2025-12-11;14;0.9720568932198858
17;2025-12-11;15;0.9946532862125858
17;2025-12-11;16;0.9895445356121129
17;2025-12-11;17;0.9990323955764366
17;2025-12-11;18;1.0342213608349355
17;2025-12-11;19;1.0702591687598422
17;2025-12-11;20;1.0412327286279492
17;2025-12-11;21;1.0323393147595112
17;2025-12-11;22;1.119834107536962
17;2025-12-11;23;1.0118613741933888
17;2025-12-12;0;1.0673500169699335
17;2025-12-12;1;0.8842598668137168
17;2025-12-12;2;1.0
17;2025-12-12;3;1.0
17;2025-12-12;4;1.1050794314984336
17;2025-12-12;5;1.0797507858393254
17;2025-12-12;6;1.0625422239498044
17;2025-12-12;7;1.0472644898709644
17;2025-12-12;8;1.0676717219966512
17;2025-12-12;9;1.055629992971953
17;2025-12-12;10;1.0712906839199134
17;2025-12-12;11;1.0572906631925485
17;2025-12-12;12;1.091231238893682
17;2025-12-12;13;1.0830314562591241
17;2025-12-12;14;1.084345327581261
17;2025-12-12;15;1.0999736374217441
17;2025-12-12;16;1.0715806035492779
17;2025-12-12;17;1.047931864206749
17;2025-12-12;18;1.087462048784762
17;2025-12-12;19;1.0921046987390477
17;2025-12-12;20;1.0808546649057043
17;2025-12-12;21;1.0779490868253814
17;2025-12-12;22;1.2288639522366802
17;2025-12-12;23;1.0570938980401436
17;2025-12-13;0;1.1326150408006759
17;2025-12-13;1;1.0140041630680487
17;2025-12-13;2;1.0
17;2025-12-13;3;1.0
17;2025-12-13;4;1.025433735901514
17;2025-12-13;5;1.0365115369471174
17;2025-12-13;6;1.0397479178507651
17;2025-12-13;7;1.0113229033338516
17;2025-12-13;8;1.0239132479189226
17;2025-12-13;9;1.0236673395691198
17;2025-12-13;10;1.0198229753455403
17;2025-12-13;11;1.0173662501146767
17;2025-12-13;12;1.0261493489536602
17;2025-12-13;13;1.0083598891313668
17;2025-12-13;14;1.0200874207153023
17;2025-12-13;15;1.0247383977404385
17;2025-12-13;16;1.0222405877081882
17;2025-12-13;17;1.0499998763574037
17;2025-12-13;18;1.0742127800583687
17;2025-12-13;19;1.1213804429590193
17;2025-12-13;20;1.105099481203894
17;2025-12-13;21;1.1176137168480098
17;2025-12-13;22;1.1692364472417915
17;2025-12-13;23;1.081732335024773
17;2025-12-14;0;1.0624347623020134
17;2025-12-14;1;1.2361713384594573
17;2025-12-14;2;1.0
17;2025-12-14;3;1.0
17;2025-12-14;4;1.5022207076960465
17;2025-12-14;5;1.040309793680179
17;2025-12-14;6;1.046682444326181
17;2025-12-14;7;0.9909911804649436
17;2025-12-14;8;1.0385166624876268
17;2025-12-14;9;1.0349562834629642
17;2025-12-14;10;1.0287815510290976
17;2025-12-14;11;1.0168040235416749
17;2025-12-14;12;1.029126501424477
17;2025-12-14;13;1.0357864248091035
17;2025-12-14;14;1.0212938024648708
17;2025-12-14;15;1.0332002399241424
17;2025-12-14;16;1.0387128576851379
17;2025-12-14;17;1.03411147436636
17;2025-12-14;18;1.0503504271480735
17;2025-12-14;19;1.0695887493142529
17;2025-12-14;20;1.090941649111047
17;2025-12-14;21;1.0612934951740602
17;2025-12-14;22;1.0861708953779694
17;2025-12-14;23;1.0437229285128091
17;2025-12-15;0;0.9752341706143794
17;2025-12-15;1;0.914854424776943
17;2025-12-15;2;1.0
17;2025-12-15;3;1.0
17;2025-12-15;4;1.0294689984206586
17;2025-12-15;5;1.034846597579036
17;2025-12-15;6;1.005476561954113
17;2025-12-15;7;0.9847827133742377
17;2025-12-15;8;0.9985997877679038
17;2025-12-15;9;0.9819068262272028
17;2025-12-15;10;0.980892486899656
17;2025-12-15;11;0.9728561267176647
17;2025-12-15;12;0.9792066423407769
17;2025-12-15;13;0.9804310681997438
17;2025-12-15;14;0.9720568932198858
17;2025-12-15;15;0.9946532862125858
17;2025-12-15;16;0.9895445356121129
17;2025-12-15;17;0.9990323955764366
17;2025-12-15;18;1.0342213608349355
17;2025-12-15;19;1.0702591687598422
17;2025-12-15;20;1.0412327286279492
17;2025-12-15;21;1.0323393147595112
17;2025-12-15;22;1.119834107536962
17;2025-12-15;23;1.0118613741933888
17;2025-12-16;0;0.9752341706143794
17;2025-12-16;1;0.914854424776943
17;2025-12-16;2;1.0
17;2025-12-16;3;1.0
17;2025-12-16;4;1.0294689984206586
17;2025-12-16;5;1.034846597579036
17;2025-12-16;6;1.005476561954113
17;2025-12-16;7;0.9847827133742377
17;2025-12-16;8;0.9985997877679038
17;2025-12-16;9;0.9819068262272028
17;2025-12-16;10;0.980892486899656
17;2025-12-16;11;0.9728561267176647
17;2025-12-16;12;0.9792066423407769
17;2025-12-16;13;0.9804310681997438
17;2025-12-16;14;0.9720568932198858
17;2025-12-16;15;0.9946532862125858
17;2025-12-16;16;0.9895445356121129
17;2025-12-16;17;0.9990323955764366
17;2025-12-16;18;1.0342213608349355
17;2025-12-16;19;1.0702591687598422
17;2025-12-16;20;1.0412327286279492
17;2025-12-16;21;1.0323393147595112
17;2025-12-16;22;1.119834107536962
17;2025-12-16;23;1.0118613741933888
17;2025-12-17;0;0.9752341706143794
17;2025-12-17;1;0.914854424776943
17;2025-12-17;2;1.0
17;2025-12-17;3;1.0
17;2025-12-17;4;1.0294689984206586
17;2025-12-17;5;1.034846597579036
17;2025-12-17;6;1.005476561954113
17;2025-12-17;7;0.9847827133742377
17;2025-12-17;8;0.9985997877679038
17;2025-12-17;9;0.9819068262272028
17;2025-12-17;10;0.980892486899656
17;2025-12-17;11;0.9728561267176647
17;2025-12-17;12;0.9792066423407769
17;2025-12-17;13;0.9804310681997438
17;2025-12-17;14;0.9720568932198858
17;2025-12-17;15;0.9946532862125858
17;2025-12-17;16;0.9895445356121129
17;2025-12-17;17;0.9990323955764366
17;2025-12-17;18;1.0342213608349355
17;2025-12-17;19;1.0702591687598422
17;2025-12-17;20;1.0412327286279492
17;2025-12-17;21;1.0323393147595112
17;2025-12-17;22;1.119834107536962
17;2025-12-17;23;1.0118613741933888
17;2025-12-18;0;0.9752341706143794
17;2025-12-18;1;0.914854424776943
17;2025-12-18;2;1.0
17;2025-12-18;3;1.0
17;2025-12-18;4;1.0294689984206586
17;2025-12-18;5;1.034846597579036
17;2025-12-18;6;1.005476561954113
17;2025-12-18;7;0.9847827133742377
17;2025-12-18;8;0.9985997877679038
17;2025-12-18;9;0.9819068262272028
17;2025-12-18;10;0.980892486899656
17;2025-12-18;11;0.9728561267176647
17;2025-12-18;12;0.9792066423407769
17;2025-12-18;13;0.9804310681997438
17;2025-12-18;14;0.9720568932198858
17;2025-12-18;15;0.9946532862125858
17;2025-12-18;16;0.9895445356121129
17;2025-12-18;17;0.9990323955764366
17;2025-12-18;18;1.0342213608349355
17;2025-12-18;19;1.0702591687598422
17;2025-12-18;20;1.0412327286279492
17;2025-12-18;21;1.0323393147595112
17;2025-12-18;22;1.119834107536962
17;2025-12-18;23;1.0118613741933888
17;2025-12-19;0;1.0673500169699335
17;2025-12-19;1;0.8842598668137168
17;2025-12-19;2;1.0
17;2025-12-19;3;1.0
17;2025-12-19;4;1.1050794314984336
17;2025-12-19;5;1.0797507858393254
17;2025-12-19;6;1.0625422239498044
17;2025-12-19;7;1.0472644898709644
17;2025-12-19;8;1.0676717219966512
17;2025-12-19;9;1.055629992971953
17;2025-12-19;10;1.0712906839199134
17;2025-12-19;11;1.0572906631925485
17;2025-12-19;12;1.091231238893682
17;2025-12-19;13;1.0830314562591241
17;2025-12-19;14;1.084345327581261
17;2025-12-19;15;1.0999736374217441
17;2025-12-19;16;1.0715806035492779
17;2025-12-19;17;1.047931864206749
17;2025-12-19;18;1.087462048784762
17;2025-12-19;19;1.0921046987390477
17;2025-12-19;20;1.0808546649057043
17;2025-12-19;21;1.0779490868253814
17;2025-12-19;22;1.2288639522366802
17;2025-12-19;23;1.0570938980401436
17;2025-12-20;0;1.1326150408006759
17;2025-12-20;1;1.0140041630680487
17;2025-12-20;2;1.0
17;2025-12-20;3;1.0
17;2025-12-20;4;1.025433735901514
17;2025-12-20;5;1.0365115369471174
17;2025-12-20;6;1.0397479178507651
17;2025-12-20;7;1.0113229033338516
17;2025-12-20;8;1.0239132479189226
17;2025-12-20;9;1.0236673395691198
17;2025-12-20;10;1.0198229753455403
17;2025-12-20;11;1.0173662501146767
17;2025-12-20;12;1.0261493489536602
17;2025-12-20;13;1.0083598891313668
17;2025-12-20;14;1.0200874207153023
17;2025-12-20;15;1.0247383977404385
17;2025-12-20;16;1.0222405877081882
17;2025-12-20;17;1.0499998763574037
17;2025-12-20;18;1.0742127800583687
17;2025-12-20;19;1.1213804429590193
17;2025-12-20;20;1.105099481203894
17;2025-12-20;21;1.1176137168480098
17;2025-12-20;22;1.1692364472417915
17;2025-12-20;23;1.081732335024773
17;2025-12-21;0;1.0624347623020134
17;2025-12-21;1;1.2361713384594573
17;2025-12-21;2;1.0
17;2025-12-21;3;1.0
17;2025-12-21;4;1.5022207076960465
17;2025-12-21;5;1.040309793680179
17;2025-12-21;6;1.046682444326181
17;2025-12-21;7;0.9909911804649436
17;2025-12-21;8;1.0385166624876268
17;2025-12-21;9;1.0349562834629642
17;2025-12-21;10;1.0287815510290976
17;2025-12-21;11;1.0168040235416749
17;2025-12-21;12;1.029126501424477
17;2025-12-21;13;1.0357864248091035
17;2025-12-21;14;1.0212938024648708
17;2025-12-21;15;1.0332002399241424
17;2025-12-21;16;1.0387128576851379
17;2025-12-21;17;1.03411147436636
17;2025-12-21;18;1.0503504271480735
17;2025-12-21;19;1.0695887493142529
17;2025-12-21;20;1.090941649111047
17;2025-12-21;21;1.0612934951740602
17;2025-12-21;22;1.0861708953779694
17;2025-12-21;23;1.0437229285128091
17;2025-12-22;0;0.9752341706143794
17;2025-12-22;1;0.914854424776943
17;2025-12-22;2;1.0
17;2025-12-22;3;1.0
17;2025-12-22;4;1.0294689984206586
17;2025-12-22;5;1.034846597579036
17;2025-12-22;6;1.005476561954113
17;2025-12-22;7;0.9847827133742377
17;2025-12-22;8;0.9985997877679038
17;2025-12-22;9;0.9819068262272028
17;2025-12-22;10;0.980892486899656
17;2025-12-22;11;0.9728561267176647
17;2025-12-22;12;0.9792066423407769
17;2025-12-22;13;0.9804310681997438
17;2025-12-22;14;0.9720568932198858
17;2025-12-22;15;0.9946532862125858
17;2025-12-22;16;0.9895445356121129
17;2025-12-22;17;0.9990323955764366
17;2025-12-22;18;1.0342213608349355
17;2025-12-22;19;1.0702591687598422
17;2025-12-22;20;1.0412327286279492
17;2025-12-22;21;1.0323393147595112
17;2025-12-22;22;1.119834107536962
17;2025-12-22;23;1.0118613741933888
17;2025-12-23;0;0.9752341706143794
17;2025-12-23;1;0.914854424776943
17;2025-12-23;2;1.0
17;2025-12-23;3;1.0
17;2025-12-23;4;1.0294689984206586
17;2025-12-23;5;1.034846597579036
17;2025-12-23;6;1.005476561954113
17;2025-12-23;7;0.9847827133742377
17;2025-12-23;8;0.9985997877679038
17;2025-12-23;9;0.9819068262272028
17;2025-12-23;10;0.980892486899656
17;2025-12-23;11;0.9728561267176647
17;2025-12-23;12;0.9792066423407769
17;2025-12-23;13;0.9804310681997438
17;2025-12-23;14;0.9720568932198858
17;2025-12-23;15;0.9946532862125858
17;2025-12-23;16;0.9895445356121129
17;2025-12-23;17;0.9990323955764366
17;2025-12-23;18;1.0342213608349355
17;2025-12-23;19;1.0702591687598422
17;2025-12-23;20;1.0412327286279492
17;2025-12-23;21;1.0323393147595112
17;2025-12-23;22;1.119834107536962
17;2025-12-23;23;1.0118613741933888
17;2025-12-24;0;0.9752341706143794
17;2025-12-24;1;0.914854424776943
17;2025-12-24;2;1.0
17;2025-12-24;3;1.0
17;2025-12-24;4;1.0294689984206586
17;2025-12-24;5;1.034846597579036
17;2025-12-24;6;1.005476561954113
17;2025-12-24;7;0.9847827133742377
17;2025-12-24;8;0.9985997877679038
17;2025-12-24;9;0.9819068262272028
17;2025-12-24;10;0.980892486899656
17;2025-12-24;11;0.9728561267176647
17;2025-12-24;12;0.9792066423407769
17;2025-12-24;13;0.9804310681997438
17;2025-12-24;14;0.9720568932198858
17;2025-12-24;15;0.9946532862125858
17;2025-12-24;16;0.9895445356121129
17;2025-12-24;17;0.9990323955764366
17;2025-12-24;18;1.0342213608349355
17;2025-12-24;19;1.0702591687598422
17;2025-12-24;20;1.0412327286279492
17;2025-12-24;21;1.0323393147595112
17;2025-12-24;22;1.119834107536962
17;2025-12-24;23;1.0118613741933888
17;2025-12-25;0;0.9752341706143794
17;2025-12-25;1;0.914854424776943
17;2025-12-25;2;1.0
17;2025-12-25;3;1.0
17;2025-12-25;4;1.0294689984206586
17;2025-12-25;5;1.034846597579036
17;2025-12-25;6;1.005476561954113
17;2025-12-25;7;0.9847827133742377
17;2025-12-25;8;0.9985997877679038
17;2025-12-25;9;0.9819068262272028
17;2025-12-25;10;0.980892486899656
17;2025-12-25;11;0.9728561267176647
17;2025-12-25;12;0.9792066423407769
17;2025-12-25;13;0.9804310681997438
17;2025-12-25;14;0.9720568932198858
17;2025-12-25;15;0.9946532862125858
17;2025-12-25;16;0.9895445356121129
17;2025-12-25;17;0.9990323955764366
17;2025-12-25;18;1.0342213608349355
17;2025-12-25;19;1.0702591687598422
17;2025-12-25;20;1.0412327286279492
17;2025-12-25;21;1.0323393147595112
17;2025-12-25;22;1.119834107536962
17;2025-12-25;23;1.0118613741933888
17;2025-12-26;0;1.0673500169699335
17;2025-12-26;1;0.8842598668137168
17;2025-12-26;2;1.0
17;2025-12-26;3;1.0
17;2025-12-26;4;1.1050794314984336
17;2025-12-26;5;1.0797507858393254
17;2025-12-26;6;1.0625422239498044
17;2025-12-26;7;1.0472644898709644
17;2025-12-26;8;1.0676717219966512
17;2025-12-26;9;1.055629992971953
17;2025-12-26;10;1.0712906839199134
17;2025-12-26;11;1.0572906631925485
17;2025-12-26;12;1.091231238893682
17;2025-12-26;13;1.0830314562591241
17;2025-12-26;14;1.084345327581261
17;2025-12-26;15;1.0999736374217441
17;2025-12-26;16;1.0715806035492779
17;2025-12-26;17;1.047931864206749
17;2025-12-26;18;1.087462048784762
17;2025-12-26;19;1.0921046987390477
17;2025-12-26;20;1.0808546649057043
17;2025-12-26;21;1.0779490868253814
17;2025-12-26;22;1.2288639522366802
17;2025-12-26;23;1.0570938980401436
17;2025-12-27;0;1.1326150408006759
17;2025-12-27;1;1.0140041630680487
17;2025-12-27;2;1.0
17;2025-12-27;3;1.0
17;2025-12-27;4;1.025433735901514
17;2025-12-27;5;1.0365115369471174
17;2025-12-27;6;1.0397479178507651
17;2025-12-27;7;1.0113229033338516
17;2025-12-27;8;1.0239132479189226
17;2025-12-27;9;1.0236673395691198
17;2025-12-27;10;1.0198229753455403
17;2025-12-27;11;1.0173662501146767
17;2025-12-27;12;1.0261493489536602
17;2025-12-27;13;1.0083598891313668
17;2025-12-27;14;1.0200874207153023
17;2025-12-27;15;1.0247383977404385
17;2025-12-27;16;1.0222405877081882
17;2025-12-27;17;1.0499998763574037
17;2025-12-27;18;1.0742127800583687
17;2025-12-27;19;1.1213804429590193
17;2025-12-27;20;1.105099481203894
17;2025-12-27;21;1.1176137168480098
17;2025-12-27;22;1.1692364472417915
17;2025-12-27;23;1.081732335024773
17;2025-12-28;0;1.0624347623020134
17;2025-12-28;1;1.2361713384594573
17;2025-12-28;2;1.0
17;2025-12-28;3;1.0
17;2025-12-28;4;1.5022207076960465
17;2025-12-28;5;1.040309793680179
17;2025-12-28;6;1.046682444326181
17;2025-12-28;7;0.9909911804649436
17;2025-12-28;8;1.0385166624876268
17;2025-12-28;9;1.0349562834629642
17;2025-12-28;10;1.0287815510290976
17;2025-12-28;11;1.0168040235416749
17;2025-12-28;12;1.029126501424477
17;2025-12-28;13;1.0357864248091035
17;2025-12-28;14;1.0212938024648708
17;2025-12-28;15;1.0332002399241424
17;2025-12-28;16;1.0387128576851379
17;2025-12-28;17;1.03411147436636
17;2025-12-28;18;1.0503504271480735
17;2025-12-28;19;1.0695887493142529
17;2025-12-28;20;1.090941649111047
17;2025-12-28;21;1.0612934951740602
17;2025-12-28;22;1.0861708953779694
17;2025-12-28;23;1.0437229285128091
17;2025-12-29;0;0.9752341706143794
17;2025-12-29;1;0.914854424776943
17;2025-12-29;2;1.0
17;2025-12-29;3;1.0
17;2025-12-29;4;1.0294689984206586
17;2025-12-29;5;1.034846597579036
17;2025-12-29;6;1.005476561954113
17;2025-12-29;7;0.9847827133742377
17;2025-12-29;8;0.9985997877679038
17;2025-12-29;9;0.9819068262272028
17;2025-12-29;10;0.980892486899656
17;2025-12-29;11;0.9728561267176647
17;2025-12-29;12;0.9792066423407769
17;2025-12-29;13;0.9804310681997438
17;2025-12-29;14;0.9720568932198858
17;2025-12-29;15;0.9946532862125858
17;2025-12-29;16;0.9895445356121129
17;2025-12-29;17;0.9990323955764366
17;2025-12-29;18;1.0342213608349355
17;2025-12-29;19;1.0702591687598422
17;2025-12-29;20;1.0412327286279492
17;2025-12-29;21;1.0323393147595112
17;2025-12-29;22;1.119834107536962
17;2025-12-29;23;1.0118613741933888
17;2025-12-30;0;0.9752341706143794
17;2025-12-30;1;0.914854424776943
17;2025-12-30;2;1.0
17;2025-12-30;3;1.0
17;2025-12-30;4;1.0294689984206586
17;2025-12-30;5;1.034846597579036
17;2025-12-30;6;1.005476561954113
17;2025-12-30;7;0.9847827133742377
17;2025-12-30;8;0.9985997877679038
17;2025-12-30;9;0.9819068262272028
17;2025-12-30;10;0.980892486899656
17;2025-12-30;11;0.9728561267176647
17;2025-12-30;12;0.9792066423407769
17;2025-12-30;13;0.9804310681997438
17;2025-12-30;14;0.9720568932198858
17;2025-12-30;15;0.9946532862125858
17;2025-12-30;16;0.9895445356121129
17;2025-12-30;17;0.9990323955764366
17;2025-12-30;18;1.0342213608349355
17;2025-12-30;19;1.0702591687598422
17;2025-12-30;20;1.0412327286279492
17;2025-12-30;21;1.0323393147595112
17;2025-12-30;22;1.119834107536962
17;2025-12-30;23;1.0118613741933888
17;2025-12-31;0;1.0624347623020134
17;2025-12-31;1;1.2361713384594573
17;2025-12-31;2;1.0
17;2025-12-31;3;1.0
17;2025-12-31;4;1.5022207076960465
17;2025-12-31;5;1.040309793680179
17;2025-12-31;6;1.046682444326181
17;2025-12-31;7;0.9909911804649436
17;2025-12-31;8;1.0385166624876268
17;2025-12-31;9;1.0349562834629642
17;2025-12-31;10;1.0287815510290976
17;2025-12-31;11;1.0168040235416749
17;2025-12-31;12;1.029126501424477
17;2025-12-31;13;1.0357864248091035
17;2025-12-31;14;1.0212938024648708
17;2025-12-31;15;1.0332002399241424
17;2025-12-31;16;1.0387128576851379
17;2025-12-31;17;1.03411147436636
17;2025-12-31;18;1.0503504271480735
17;2025-12-31;19;1.0695887493142529
17;2025-12-31;20;1.090941649111047
17;2025-12-31;21;1.0612934951740602
17;2025-12-31;22;1.0861708953779694
17;2025-12-31;23;1.0437229285128091
25;2025-11-01;0;1.0
25;2025-11-01;1;1.0
25;2025-11-01;2;1.0
25;2025-11-01;3;1.0
25;2025-11-01;4;1.0
25;2025-11-01;5;0.7010287391833775
25;2025-11-01;6;0.8169839655814134
25;2025-11-01;7;1.0587967210237401
25;2025-11-01;8;1.0947794454690243
25;2025-11-01;9;1.1355710446754197
25;2025-11-01;10;1.0180967247552608
25;2025-11-01;11;1.0612858442135753
25;2025-11-01;12;1.1024898125209892
25;2025-11-01;13;1.0487784110729805
25;2025-11-01;14;1.1538810331531522
25;2025-11-01;15;1.0560841527032492
25;2025-11-01;16;1.0215992550601265
25;2025-11-01;17;1.0703463937777802
25;2025-11-01;18;1.0533905599357847
25;2025-11-01;19;0.8997281481356545
25;2025-11-01;20;1.0540999339371695
25;2025-11-01;21;1.0813530261165918
25;2025-11-01;22;1.293818501930354
25;2025-11-01;23;1.1937336112316672
25;2025-11-02;0;1.3501189996151552
25;2025-11-02;1;1.4518438416849668
25;2025-11-02;2;1.0
25;2025-11-02;3;1.0
25;2025-11-02;4;1.0
25;2025-11-02;5;0.7562530223202236
25;2025-11-02;6;0.7720799203283537
25;2025-11-02;7;1.2245113993966497
25;2025-11-02;8;1.2011652163837996
25;2025-11-02;9;1.204717967388365
25;2025-11-02;10;1.2225391278644175
25;2025-11-02;11;1.16533412483952
25;2025-11-02;12;1.1646900593311096
25;2025-11-02;13;1.1014482842990887
25;2025-11-02;14;1.0689029849394591
25;2025-11-02;15;1.0741344464001954
25;2025-11-02;16;1.0680675053128006
25;2025-11-02;17;1.0225126672693778
25;2025-11-02;18;1.1634492710293836
25;2025-11-02;19;1.3378169961955368
25;2025-11-02;20;1.1841883571468401
25;2025-11-02;21;1.436848496232813
25;2025-11-02;22;1.4079232041125316
25;2025-11-02;23;1.3456110969607393
25;2025-11-03;0;1.3501189996151552
25;2025-11-03;1;1.4518438416849668
25;2025-11-03;2;1.0
25;2025-11-03;3;1.0
25;2025-11-03;4;1.0
25;2025-11-03;5;0.7562530223202236
25;2025-11-03;6;0.7720799203283537
25;2025-11-03;7;1.2245113993966497
25;2025-11-03;8;1.2011652163837996
25;2025-11-03;9;1.204717967388365
25;2025-11-03;10;1.2225391278644175
25;2025-11-03;11;1.16533412483952
25;2025-11-03;12;1.1646900593311096
25;2025-11-03;13;1.1014482842990887
25;2025-11-03;14;1.0689029849394591
25;2025-11-03;15;1.0741344464001954
25;2025-11-03;16;1.0680675053128006
25;2025-11-03;17;1.0225126672693778
25;2025-11-03;18;1.1634492710293836
25;2025-11-03;19;1.3378169961955368
25;2025-11-03;20;1.1841883571468401
25;2025-11-03;21;1.436848496232813
25;2025-11-03;22;1.4079232041125316
25;2025-11-03;23;1.3456110969607393
25;2025-11-04;0;1.3501189996151552
25;2025-11-04;1;1.4518438416849668
25;2025-11-04;2;1.0
25;2025-11-04;3;1.0
25;2025-11-04;4;1.0
25;2025-11-04;5;0.7562530223202236
25;2025-11-04;6;0.7720799203283537
25;2025-11-04;7;1.2245113993966497
25;2025-11-04;8;1.2011652163837996
25;2025-11-04;9;1.204717967388365
25;2025-11-04;10;1.2225391278644175
25;2025-11-04;11;1.16533412483952
25;2025-11-04;12;1.1646900593311096
25;2025-11-04;13;1.1014482842990887
25;2025-11-04;14;1.0689029849394591
25;2025-11-04;15;1.0741344464001954
25;2025-11-04;16;1.0680675053128006
25;2025-11-04;17;1.0225126672693778
25;2025-11-04;18;1.1634492710293836
25;2025-11-04;19;1.3378169961955368
25;2025-11-04;20;1.1841883571468401
25;2025-11-04;21;1.436848496232813
25;2025-11-04;22;1.4079232041125316
25;2025-11-04;23;1.3456110969607393
25;2025-11-05;0;1.1841772449469867
25;2025-11-05;1;1.0
25;2025-11-05;2;1.0
25;2025-11-05;3;1.0
25;2025-11-05;4;1.0
25;2025-11-05;5;0.6815761316901777
25;2025-11-05;6;0.8003350580511147
25;2025-11-05;7;1.083176953357121
25;2025-11-05;8;1.0678534484661266
25;2025-11-05;9;1.065776167585579
25;2025-11-05;10;1.0234495065040785
25;2025-11-05;11;0.9994328367127541
25;2025-11-05;12;0.9993987607373109
25;2025-11-05;13;1.0068240772155337
25;2025-11-05;14;1.0281036246094122
25;2025-11-05;15;1.0086812630834205
25;2025-11-05;16;1.0307620154449435
25;2025-11-05;17;0.9987504049258223
25;2025-11-05;18;1.0678050998217843
25;2025-11-05;19;0.9251485391710502
25;2025-11-05;20;1.0826379418974856
25;2025-11-05;21;1.007089003790166
25;2025-11-05;22;1.310391946485558
25;2025-11-05;23;1.3428038545844272
25;2025-11-06;0;1.1841772449469867
25;2025-11-06;1;1.0
25;2025-11-06;2;1.0
25;2025-11-06;3;1.0
25;2025-11-06;4;1.0
25;2025-11-06;5;0.6815761316901777
25;2025-11-06;6;0.8003350580511147
25;2025-11-06;7;1.083176953357121
25;2025-11-06;8;1.0678534484661266
25;2025-11-06;9;1.065776167585579
25;2025-11-06;10;1.0234495065040785
25;2025-11-06;11;0.9994328367127541
25;2025-11-06;12;0.9993987607373109
25;2025-11-06;13;1.0068240772155337
25;2025-11-06;14;1.0281036246094122
25;2025-11-06;15;1.0086812630834205
25;2025-11-06;16;1.0307620154449435
25;2025-11-06;17;0.9987504049258223
25;2025-11-06;18;1.0678050998217843
25;2025-11-06;19;0.9251485391710502
25;2025-11-06;20;1.0826379418974856
25;2025-11-06;21;1.007089003790166
25;2025-11-06;22;1.310391946485558
25;2025-11-06;23;1.3428038545844272
25;2025-11-07;0;1.0
25;2025-11-07;1;1.0
25;2025-11-07;2;1.0
25;2025-11-07;3;1.0
25;2025-11-07;4;1.0
25;2025-11-07;5;0.7010287391833775
25;2025-11-07;6;0.8169839655814134
25;2025-11-07;7;1.0587967210237401
25;2025-11-07;8;1.0947794454690243
25;2025-11-07;9;1.1355710446754197
25;2025-11-07;10;1.0180967247552608
25;2025-11-07;11;1.0612858442135753
25;2025-11-07;12;1.1024898125209892
25;2025-11-07;13;1.0487784110729805
25;2025-11-07;14;1.1538810331531522
25;2025-11-07;15;1.0560841527032492
25;2025-11-07;16;1.0215992550601265
25;2025-11-07;17;1.0703463937777802
25;2025-11-07;18;1.0533905599357847
25;2025-11-07;19;0.8997281481356545
25;2025-11-07;20;1.0540999339371695
25;2025-11-07;21;1.0813530261165918
25;2025-11-07;22;1.293818501930354
25;2025-11-07;23;1.1937336112316672
25;2025-11-08;0;0.8679876304398645
25;2025-11-08;1;1.0
25;2025-11-08;2;1.0
25;2025-11-08;3;1.0
25;2025-11-08;4;1.0
25;2025-11-08;5;0.7025022681781485
25;2025-11-08;6;0.730157091540937
25;2025-11-08;7;1.1679004333462337
25;2025-11-08;8;1.111649772436037
25;2025-11-08;9;1.1822727731125666
25;2025-11-08;10;1.1342869691239383
25;2025-11-08;11;1.1256369716171106
25;2025-11-08;12;1.1338631611056105
25;2025-11-08;13;0.9837471287903305
25;2025-11-08;14;0.9949498820510254
25;2025-11-08;15;0.9812745164238758
25;2025-11-08;16;0.9603809767315776
25;2025-11-08;17;0.9995022561099839
25;2025-11-08;18;1.078413778738952
25;2025-11-08;19;1.0813510532309702
25;2025-11-08;20;1.199667423328672
25;2025-11-08;21;1.2594597089884103
25;2025-11-08;22;1.341152397453081
25;2025-11-08;23;1.412064358557184
25;2025-11-09;0;1.3501189996151552
25;2025-11-09;1;1.4518438416849668
25;2025-11-09;2;1.0
25;2025-11-09;3;1.0
25;2025-11-09;4;1.0
25;2025-11-09;5;0.7562530223202236
25;2025-11-09;6;0.7720799203283537
25;2025-11-09;7;1.2245113993966497
25;2025-11-09;8;1.2011652163837996
25;2025-11-09;9;1.204717967388365
25;2025-11-09;10;1.2225391278644175
25;2025-11-09;11;1.16533412483952
25;2025-11-09;12;1.1646900593311096
25;2025-11-09;13;1.1014482842990887
25;2025-11-09;14;1.0689029849394591
25;2025-11-09;15;1.0741344464001954
25;2025-11-09;16;1.0680675053128006
25;2025-11-09;17;1.0225126672693778
25;2025-11-09;18;1.1634492710293836
25;2025-11-09;19;1.3378169961955368
25;2025-11-09;20;1.1841883571468401
25;2025-11-09;21;1.436848496232813
25;2025-11-09;22;1.4079232041125316
25;2025-11-09;23;1.3456110969607393
25;2025-11-10;0;1.1841772449469867
25;2025-11-10;1;1.0
25;2025-11-10;2;1.0
25;2025-11-10;3;1.0
25;2025-11-10;4;1.0
25;2025-11-10;5;0.6815761316901777
25;2025-11-10;6;0.8003350580511147
25;2025-11-10;7;1.083176953357121
25;2025-11-10;8;1.0678534484661266
25;2025-11-10;9;1.065776167585579
25;2025-11-10;10;1.0234495065040785
25;2025-11-10;11;0.9994328367127541
25;2025-11-10;12;0.9993987607373109
25;2025-11-10;13;1.0068240772155337
25;2025-11-10;14;1.0281036246094122
25;2025-11-10;15;1.0086812630834205
25;2025-11-10;16;1.0307620154449435
25;2025-11-10;17;0.9987504049258223
25;2025-11-10;18;1.0678050998217843
25;2025-11-10;19;0.9251485391710502
25;2025-11-10;20;1.0826379418974856
25;2025-11-10;21;1.007089003790166
25;2025-11-10;22;1.310391946485558
25;2025-11-10;23;1.3428038545844272
25;2025-11-11;0;1.1841772449469867
25;2025-11-11;1;1.0
25;2025-11-11;2;1.0
25;2025-11-11;3;1.0
25;2025-11-11;4;1.0
25;2025-11-11;5;0.6815761316901777
25;2025-11-11;6;0.8003350580511147
25;2025-11-11;7;1.083176953357121
25;2025-11-11;8;1.0678534484661266
25;2025-11-11;9;1.065776167585579
25;2025-11-11;10;1.0234495065040785
25;2025-11-11;11;0.9994328367127541
25;2025-11-11;12;0.9993987607373109
25;2025-11-11;13;1.0068240772155337
25;2025-11-11;14;1.0281036246094122
25;2025-11-11;15;1.0086812630834205
25;2025-11-11;16;1.0307620154449435
25;2025-11-11;17;0.9987504049258223
25;2025-11-11;18;1.0678050998217843
25;2025-11-11;19;0.9251485391710502
25;2025-11-11;20;1.0826379418974856
25;2025-11-11;21;1.007089003790166
25;2025-11-11;22;1.310391946485558
25;2025-11-11;23;1.3428038545844272
25;2025-11-12;0;1.1841772449469867
25;2025-11-12;1;1.0
25;2025-11-12;2;1.0
25;2025-11-12;3;1.0
25;2025-11-12;4;1.0
25;2025-11-12;5;0.6815761316901777
25;2025-11-12;6;0.8003350580511147
25;2025-11-12;7;1.083176953357121
25;2025-11-12;8;1.0678534484661266
25;2025-11-12;9;1.065776167585579
25;2025-11-12;10;1.0234495065040785
25;2025-11-12;11;0.9994328367127541
25;2025-11-12;12;0.9993987607373109
25;2025-11-12;13;1.0068240772155337
25;2025-11-12;14;1.0281036246094122
25;2025-11-12;15;1.0086812630834205
25;2025-11-12;16;1.0307620154449435
25;2025-11-12;17;0.9987504049258223
25;2025-11-12;18;1.0678050998217843
25;2025-11-12;19;0.9251485391710502
25;2025-11-12;20;1.0826379418974856
25;2025-11-12;21;1.007089003790166
25;2025-11-12;22;1.310391946485558
25;2025-11-12;23;1.3428038545844272
25;2025-11-13;0;1.1841772449469867
25;2025-11-13;1;1.0
25;2025-11-13;2;1.0
25;2025-11-13;3;1.0
25;2025-11-13;4;1.0
25;2025-11-13;5;0.6815761316901777
25;2025-11-13;6;0.8003350580511147
25;2025-11-13;7;1.083176953357121
25;2025-11-13;8;1.0678534484661266
25;2025-11-13;9;1.065776167585579
25;2025-11-13;10;1.0234495065040785
25;2025-11-13;11;0.9994328367127541
25;2025-11-13;12;0.9993987607373109
25;2025-11-13;13;1.0068240772155337
25;2025-11-13;14;1.0281036246094122
25;2025-11-13;15;1.0086812630834205
25;2025-11-13;16;1.0307620154449435
25;2025-11-13;17;0.9987504049258223
25;2025-11-13;18;1.0678050998217843
25;2025-11-13;19;0.9251485391710502
25;2025-11-13;20;1.0826379418974856
25;2025-11-13;21;1.007089003790166
25;2025-11-13;22;1.310391946485558
25;2025-11-13;23;1.3428038545844272
25;2025-11-14;0;1.0
25;2025-11-14;1;1.0
25;2025-11-14;2;1.0
25;2025-11-14;3;1.0
25;2025-11-14;4;1.0
25;2025-11-14;5;0.7010287391833775
25;2025-11-14;6;0.8169839655814134
25;2025-11-14;7;1.0587967210237401
25;2025-11-14;8;1.0947794454690243
25;2025-11-14;9;1.1355710446754197
25;2025-11-14;10;1.0180967247552608
25;2025-11-14;11;1.0612858442135753
25;2025-11-14;12;1.1024898125209892
25;2025-11-14;13;1.0487784110729805
25;2025-11-14;14;1.1538810331531522
25;2025-11-14;15;1.0560841527032492
25;2025-11-14;16;1.0215992550601265
25;2025-11-14;17;1.0703463937777802
25;2025-11-14;18;1.0533905599357847
25;2025-11-14;19;0.8997281481356545
25;2025-11-14;20;1.0540999339371695
25;2025-11-14;21;1.0813530261165918
25;2025-11-14;22;1.293818501930354
25;2025-11-14;23;1.1937336112316672
25;2025-11-15;0;0.8679876304398645
25;2025-11-15;1;1.0
25;2025-11-15;2;1.0
25;2025-11-15;3;1.0
25;2025-11-15;4;1.0
25;2025-11-15;5;0.7025022681781485
25;2025-11-15;6;0.730157091540937
25;2025-11-15;7;1.1679004333462337
25;2025-11-15;8;1.111649772436037
25;2025-11-15;9;1.1822727731125666
25;2025-11-15;10;1.1342869691239383
25;2025-11-15;11;1.1256369716171106
25;2025-11-15;12;1.1338631611056105
25;2025-11-15;13;0.9837471287903305
25;2025-11-15;14;0.9949498820510254
25;2025-11-15;15;0.9812745164238758
25;2025-11-15;16;0.9603809767315776
25;2025-11-15;17;0.9995022561099839
25;2025-11-15;18;1.078413778738952
25;2025-11-15;19;1.0813510532309702
25;2025-11-15;20;1.199667423328672
25;2025-11-15;21;1.2594597089884103
25;2025-11-15;22;1.341152397453081
25;2025-11-15;23;1.412064358557184
25;2025-11-16;0;1.3501189996151552
25;2025-11-16;1;1.4518438416849668
25;2025-11-16;2;1.0
25;2025-11-16;3;1.0
25;2025-11-16;4;1.0
25;2025-11-16;5;0.7562530223202236
25;2025-11-16;6;0.7720799203283537
25;2025-11-16;7;1.2245113993966497
25;2025-11-16;8;1.2011652163837996
25;2025-11-16;9;1.204717967388365
25;2025-11-16;10;1.2225391278644175
25;2025-11-16;11;1.16533412483952
25;2025-11-16;12;1.1646900593311096
25;2025-11-16;13;1.1014482842990887
25;2025-11-16;14;1.0689029849394591
25;2025-11-16;15;1.0741344464001954
25;2025-11-16;16;1.0680675053128006
25;2025-11-16;17;1.0225126672693778
25;2025-11-16;18;1.1634492710293836
25;2025-11-16;19;1.3378169961955368
25;2025-11-16;20;1.1841883571468401
25;2025-11-16;21;1.436848496232813
25;2025-11-16;22;1.4079232041125316
25;2025-11-16;23;1.3456110969607393
25;2025-11-17;0;1.1841772449469867
25;2025-11-17;1;1.0
25;2025-11-17;2;1.0
25;2025-11-17;3;1.0
25;2025-11-17;4;1.0
25;2025-11-17;5;0.6815761316901777
25;2025-11-17;6;0.8003350580511147
25;2025-11-17;7;1.083176953357121
25;2025-11-17;8;1.0678534484661266
25;2025-11-17;9;1.065776167585579
25;2025-11-17;10;1.0234495065040785
25;2025-11-17;11;0.9994328367127541
25;2025-11-17;12;0.9993987607373109
25;2025-11-17;13;1.0068240772155337
25;2025-11-17;14;1.0281036246094122
25;2025-11-17;15;1.0086812630834205
25;2025-11-17;16;1.0307620154449435
25;2025-11-17;17;0.9987504049258223
25;2025-11-17;18;1.0678050998217843
25;2025-11-17;19;0.9251485391710502
25;2025-11-17;20;1.0826379418974856
25;2025-11-17;21;1.007089003790166
25;2025-11-17;22;1.310391946485558
25;2025-11-17;23;1.3428038545844272
25;2025-11-18;0;1.1841772449469867
25;2025-11-18;1;1.0
25;2025-11-18;2;1.0
25;2025-11-18;3;1.0
25;2025-11-18;4;1.0
25;2025-11-18;5;0.6815761316901777
25;2025-11-18;6;0.8003350580511147
25;2025-11-18;7;1.083176953357121
25;2025-11-18;8;1.0678534484661266
25;2025-11-18;9;1.065776167585579
25;2025-11-18;10;1.0234495065040785
25;2025-11-18;11;0.9994328367127541
25;2025-11-18;12;0.9993987607373109
25;2025-11-18;13;1.0068240772155337
25;2025-11-18;14;1.0281036246094122
25;2025-11-18;15;1.0086812630834205
25;2025-11-18;16;1.0307620154449435
25;2025-11-18;17;0.9987504049258223
25;2025-11-18;18;1.0678050998217843
25;2025-11-18;19;0.9251485391710502
25;2025-11-18;20;1.0826379418974856
25;2025-11-18;21;1.007089003790166
25;2025-11-18;22;1.310391946485558
25;2025-11-18;23;1.3428038545844272
25;2025-11-19;0;1.1841772449469867
25;2025-11-19;1;1.0
25;2025-11-19;2;1.0
25;2025-11-19;3;1.0
25;2025-11-19;4;1.0
25;2025-11-19;5;0.6815761316901777
25;2025-11-19;6;0.8003350580511147
25;2025-11-19;7;1.083176953357121
25;2025-11-19;8;1.0678534484661266
25;2025-11-19;9;1.065776167585579
25;2025-11-19;10;1.0234495065040785
25;2025-11-19;11;0.9994328367127541
25;2025-11-19;12;0.9993987607373109
25;2025-11-19;13;1.0068240772155337
25;2025-11-19;14;1.0281036246094122
25;2025-11-19;15;1.0086812630834205
25;2025-11-19;16;1.0307620154449435
25;2025-11-19;17;0.9987504049258223
25;2025-11-19;18;1.0678050998217843
25;2025-11-19;19;0.9251485391710502
25;2025-11-19;20;1.0826379418974856
25;2025-11-19;21;1.007089003790166
25;2025-11-19;22;1.310391946485558
25;2025-11-19;23;1.3428038545844272
25;2025-11-20;0;1.1841772449469867
25;2025-11-20;1;1.0
25;2025-11-20;2;1.0
25;2025-11-20;3;1.0
25;2025-11-20;4;1.0
25;2025-11-20;5;0.6815761316901777
25;2025-11-20;6;0.8003350580511147
25;2025-11-20;7;1.083176953357121
25;2025-11-20;8;1.0678534484661266
25;2025-11-20;9;1.065776167585579
25;2025-11-20;10;1.0234495065040785
25;2025-11-20;11;0.9994328367127541
25;2025-11-20;12;0.9993987607373109
25;2025-11-20;13;1.0068240772155337
25;2025-11-20;14;1.0281036246094122
25;2025-11-20;15;1.0086812630834205
25;2025-11-20;16;1.0307620154449435
25;2025-11-20;17;0.9987504049258223
25;2025-11-20;18;1.0678050998217843
25;2025-11-20;19;0.9251485391710502
25;2025-11-20;20;1.0826379418974856
25;2025-11-20;21;1.007089003790166
25;2025-11-20;22;1.310391946485558
25;2025-11-20;23;1.3428038545844272
25;2025-11-21;0;1.0
25;2025-11-21;1;1.0
25;2025-11-21;2;1.0
25;2025-11-21;3;1.0
25;2025-11-21;4;1.0
25;2025-11-21;5;0.7010287391833775
25;2025-11-21;6;0.8169839655814134
25;2025-11-21;7;1.0587967210237401
25;2025-11-21;8;1.0947794454690243
25;2025-11-21;9;1.1355710446754197
25;2025-11-21;10;1.0180967247552608
25;2025-11-21;11;1.0612858442135753
25;2025-11-21;12;1.1024898125209892
25;2025-11-21;13;1.0487784110729805
25;2025-11-21;14;1.1538810331531522
25;2025-11-21;15;1.0560841527032492
25;2025-11-21;16;1.0215992550601265
25;2025-11-21;17;1.0703463937777802
25;2025-11-21;18;1.0533905599357847
25;2025-11-21;19;0.8997281481356545
25;2025-11-21;20;1.0540999339371695
25;2025-11-21;21;1.0813530261165918
25;2025-11-21;22;1.293818501930354
25;2025-11-21;23;1.1937336112316672
25;2025-11-22;0;0.8679876304398645
25;2025-11-22;1;1.0
25;2025-11-22;2;1.0
25;2025-11-22;3;1.0
25;2025-11-22;4;1.0
25;2025-11-22;5;0.7025022681781485
25;2025-11-22;6;0.730157091540937
25;2025-11-22;7;1.1679004333462337
25;2025-11-22;8;1.111649772436037
25;2025-11-22;9;1.1822727731125666
25;2025-11-22;10;1.1342869691239383
25;2025-11-22;11;1.1256369716171106
25;2025-11-22;12;1.1338631611056105
25;2025-11-22;13;0.9837471287903305
25;2025-11-22;14;0.9949498820510254
25;2025-11-22;15;0.9812745164238758
25;2025-11-22;16;0.9603809767315776
25;2025-11-22;17;0.9995022561099839
25;2025-11-22;18;1.078413778738952
25;2025-11-22;19;1.0813510532309702
25;2025-11-22;20;1.199667423328672
25;2025-11-22;21;1.2594597089884103
25;2025-11-22;22;1.341152397453081
25;2025-11-22;23;1.412064358557184
25;2025-11-23;0;1.3501189996151552
25;2025-11-23;1;1.4518438416849668
25;2025-11-23;2;1.0
25;2025-11-23;3;1.0
25;2025-11-23;4;1.0
25;2025-11-23;5;0.7562530223202236
25;2025-11-23;6;0.7720799203283537
25;2025-11-23;7;1.2245113993966497
25;2025-11-23;8;1.2011652163837996
25;2025-11-23;9;1.204717967388365
25;2025-11-23;10;1.2225391278644175
25;2025-11-23;11;1.16533412483952
25;2025-11-23;12;1.1646900593311096
25;2025-11-23;13;1.1014482842990887
25;2025-11-23;14;1.0689029849394591
25;2025-11-23;15;1.0741344464001954
25;2025-11-23;16;1.0680675053128006
25;2025-11-23;17;1.0225126672693778
25;2025-11-23;18;1.1634492710293836
25;2025-11-23;19;1.3378169961955368
25;2025-11-23;20;1.1841883571468401
25;2025-11-23;21;1.436848496232813
25;2025-11-23;22;1.4079232041125316
25;2025-11-23;23;1.3456110969607393
25;2025-11-24;0;1.1841772449469867
25;2025-11-24;1;1.0
25;2025-11-24;2;1.0
25;2025-11-24;3;1.0
25;2025-11-24;4;1.0
25;2025-11-24;5;0.6815761316901777
25;2025-11-24;6;0.8003350580511147
25;2025-11-24;7;1.083176953357121
25;2025-11-24;8;1.0678534484661266
25;2025-11-24;9;1.065776167585579
25;2025-11-24;10;1.0234495065040785
25;2025-11-24;11;0.9994328367127541
25;2025-11-24;12;0.9993987607373109
25;2025-11-24;13;1.0068240772155337
25;2025-11-24;14;1.0281036246094122
25;2025-11-24;15;1.0086812630834205
25;2025-11-24;16;1.0307620154449435
25;2025-11-24;17;0.9987504049258223
25;2025-11-24;18;1.0678050998217843
25;2025-11-24;19;0.9251485391710502
25;2025-11-24;20;1.0826379418974856
25;2025-11-24;21;1.007089003790166
25;2025-11-24;22;1.310391946485558
25;2025-11-24;23;1.3428038545844272
25;2025-11-25;0;1.1841772449469867
25;2025-11-25;1;1.0
25;2025-11-25;2;1.0
25;2025-11-25;3;1.0
25;2025-11-25;4;1.0
25;2025-11-25;5;0.6815761316901777
25;2025-11-25;6;0.8003350580511147
25;2025-11-25;7;1.083176953357121
25;2025-11-25;8;1.0678534484661266
25;2025-11-25;9;1.065776167585579
25;2025-11-25;10;1.0234495065040785
25;2025-11-25;11;0.9994328367127541
25;2025-11-25;12;0.9993987607373109
25;2025-11-25;13;1.0068240772155337
25;2025-11-25;14;1.0281036246094122
25;2025-11-25;15;1.0086812630834205
25;2025-11-25;16;1.0307620154449435
25;2025-11-25;17;0.9987504049258223
25;2025-11-25;18;1.0678050998217843
25;2025-11-25;19;0.9251485391710502
25;2025-11-25;20;1.0826379418974856
25;2025-11-25;21;1.007089003790166
25;2025-11-25;22;1.310391946485558
25;2025-11-25;23;1.3428038545844272
25;2025-11-26;0;1.1841772449469867
25;2025-11-26;1;1.0
25;2025-11-26;2;1.0
25;2025-11-26;3;1.0
25;2025-11-26;4;1.0
25;2025-11-26;5;0.6815761316901777
25;2025-11-26;6;0.8003350580511147
25;2025-11-26;7;1.083176953357121
25;2025-11-26;8;1.0678534484661266
25;2025-11-26;9;1.065776167585579
25;2025-11-26;10;1.0234495065040785
25;2025-11-26;11;0.9994328367127541
25;2025-11-26;12;0.9993987607373109
25;2025-11-26;13;1.0068240772155337
25;2025-11-26;14;1.0281036246094122
25;2025-11-26;15;1.0086812630834205
25;2025-11-26;16;1.0307620154449435
25;2025-11-26;17;0.9987504049258223
25;2025-11-26;18;1.0678050998217843
25;2025-11-26;19;0.9251485391710502
25;2025-11-26;20;1.0826379418974856
25;2025-11-26;21;1.007089003790166
25;2025-11-26;22;1.310391946485558
25;2025-11-26;23;1.3428038545844272
25;2025-11-27;0;1.1841772449469867
25;2025-11-27;1;1.0
25;2025-11-27;2;1.0
25;2025-11-27;3;1.0
25;2025-11-27;4;1.0
25;2025-11-27;5;0.6815761316901777
25;2025-11-27;6;0.8003350580511147
25;2025-11-27;7;1.083176953357121
25;2025-11-27;8;1.0678534484661266
25;2025-11-27;9;1.065776167585579
25;2025-11-27;10;1.0234495065040785
25;2025-11-27;11;0.9994328367127541
25;2025-11-27;12;0.9993987607373109
25;2025-11-27;13;1.0068240772155337
25;2025-11-27;14;1.0281036246094122
25;2025-11-27;15;1.0086812630834205
25;2025-11-27;16;1.0307620154449435
25;2025-11-27;17;0.9987504049258223
25;2025-11-27;18;1.0678050998217843
25;2025-11-27;19;0.9251485391710502
25;2025-11-27;20;1.0826379418974856
25;2025-11-27;21;1.007089003790166
25;2025-11-27;22;1.310391946485558
25;2025-11-27;23;1.3428038545844272
25;2025-11-28;0;1.0
25;2025-11-28;1;1.0
25;2025-11-28;2;1.0
25;2025-11-28;3;1.0
25;2025-11-28;4;1.0
25;2025-11-28;5;0.7010287391833775
25;2025-11-28;6;0.8169839655814134
25;2025-11-28;7;1.0587967210237401
25;2025-11-28;8;1.0947794454690243
25;2025-11-28;9;1.1355710446754197
25;2025-11-28;10;1.0180967247552608
25;2025-11-28;11;1.0612858442135753
25;2025-11-28;12;1.1024898125209892
25;2025-11-28;13;1.0487784110729805
25;2025-11-28;14;1.1538810331531522
25;2025-11-28;15;1.0560841527032492
25;2025-11-28;16;1.0215992550601265
25;2025-11-28;17;1.0703463937777802
25;2025-11-28;18;1.0533905599357847
25;2025-11-28;19;0.8997281481356545
25;2025-11-28;20;1.0540999339371695
25;2025-11-28;21;1.0813530261165918
25;2025-11-28;22;1.293818501930354
25;2025-11-28;23;1.1937336112316672
25;2025-11-29;0;0.8679876304398645
25;2025-11-29;1;1.0
25;2025-11-29;2;1.0
25;2025-11-29;3;1.0
25;2025-11-29;4;1.0
25;2025-11-29;5;0.7025022681781485
25;2025-11-29;6;0.730157091540937
25;2025-11-29;7;1.1679004333462337
25;2025-11-29;8;1.111649772436037
25;2025-11-29;9;1.1822727731125666
25;2025-11-29;10;1.1342869691239383
25;2025-11-29;11;1.1256369716171106
25;2025-11-29;12;1.1338631611056105
25;2025-11-29;13;0.9837471287903305
25;2025-11-29;14;0.9949498820510254
25;2025-11-29;15;0.9812745164238758
25;2025-11-29;16;0.9603809767315776
25;2025-11-29;17;0.9995022561099839
25;2025-11-29;18;1.078413778738952
25;2025-11-29;19;1.0813510532309702
25;2025-11-29;20;1.199667423328672
25;2025-11-29;21;1.2594597089884103
25;2025-11-29;22;1.341152397453081
25;2025-11-29;23;1.412064358557184
25;2025-11-30;0;1.3501189996151552
25;2025-11-30;1;1.4518438416849668
25;2025-11-30;2;1.0
25;2025-11-30;3;1.0
25;2025-11-30;4;1.0
25;2025-11-30;5;0.7562530223202236
25;2025-11-30;6;0.7720799203283537
25;2025-11-30;7;1.2245113993966497
25;2025-11-30;8;1.2011652163837996
25;2025-11-30;9;1.204717967388365
25;2025-11-30;10;1.2225391278644175
25;2025-11-30;11;1.16533412483952
25;2025-11-30;12;1.1646900593311096
25;2025-11-30;13;1.1014482842990887
25;2025-11-30;14;1.0689029849394591
25;2025-11-30;15;1.0741344464001954
25;2025-11-30;16;1.0680675053128006
25;2025-11-30;17;1.0225126672693778
25;2025-11-30;18;1.1634492710293836
25;2025-11-30;19;1.3378169961955368
25;2025-11-30;20;1.1841883571468401
25;2025-11-30;21;1.436848496232813
25;2025-11-30;22;1.4079232041125316
25;2025-11-30;23;1.3456110969607393
25;2025-12-01;0;1.1841772449469867
25;2025-12-01;1;1.0
25;2025-12-01;2;1.0
25;2025-12-01;3;1.0
25;2025-12-01;4;1.0
25;2025-12-01;5;0.6815761316901777
25;2025-12-01;6;0.8003350580511147
25;2025-12-01;7;1.083176953357121
25;2025-12-01;8;1.0678534484661266
25;2025-12-01;9;1.065776167585579
25;2025-12-01;10;1.0234495065040785
25;2025-12-01;11;0.9994328367127541
25;2025-12-01;12;0.9993987607373109
25;2025-12-01;13;1.0068240772155337
25;2025-12-01;14;1.0281036246094122
25;2025-12-01;15;1.0086812630834205
25;2025-12-01;16;1.0307620154449435
25;2025-12-01;17;0.9987504049258223
25;2025-12-01;18;1.0678050998217843
25;2025-12-01;19;0.9251485391710502
25;2025-12-01;20;1.0826379418974856
25;2025-12-01;21;1.007089003790166
25;2025-12-01;22;1.310391946485558
25;2025-12-01;23;1.3428038545844272
25;2025-12-02;0;1.1841772449469867
25;2025-12-02;1;1.0
25;2025-12-02;2;1.0
25;2025-12-02;3;1.0
25;2025-12-02;4;1.0
25;2025-12-02;5;0.6815761316901777
25;2025-12-02;6;0.8003350580511147
25;2025-12-02;7;1.083176953357121
25;2025-12-02;8;1.0678534484661266
25;2025-12-02;9;1.065776167585579
25;2025-12-02;10;1.0234495065040785
25;2025-12-02;11;0.9994328367127541
25;2025-12-02;12;0.9993987607373109
25;2025-12-02;13;1.0068240772155337
25;2025-12-02;14;1.0281036246094122
25;2025-12-02;15;1.0086812630834205
25;2025-12-02;16;1.0307620154449435
25;2025-12-02;17;0.9987504049258223
25;2025-12-02;18;1.0678050998217843
25;2025-12-02;19;0.9251485391710502
25;2025-12-02;20;1.0826379418974856
25;2025-12-02;21;1.007089003790166
25;2025-12-02;22;1.310391946485558
25;2025-12-02;23;1.3428038545844272
25;2025-12-03;0;1.1841772449469867
25;2025-12-03;1;1.0
25;2025-12-03;2;1.0
25;2025-12-03;3;1.0
25;2025-12-03;4;1.0
25;2025-12-03;5;0.6815761316901777
25;2025-12-03;6;0.8003350580511147
25;2025-12-03;7;1.083176953357121
25;2025-12-03;8;1.0678534484661266
25;2025-12-03;9;1.065776167585579
25;2025-12-03;10;1.0234495065040785
25;2025-12-03;11;0.9994328367127541
25;2025-12-03;12;0.9993987607373109
25;2025-12-03;13;1.0068240772155337
25;2025-12-03;14;1.0281036246094122
25;2025-12-03;15;1.0086812630834205
25;2025-12-03;16;1.0307620154449435
25;2025-12-03;17;0.9987504049258223
25;2025-12-03;18;1.0678050998217843
25;2025-12-03;19;0.9251485391710502
25;2025-12-03;20;1.0826379418974856
25;2025-12-03;21;1.007089003790166
25;2025-12-03;22;1.310391946485558
25;2025-12-03;23;1.3428038545844272
25;2025-12-04;0;1.1841772449469867
25;2025-12-04;1;1.0
25;2025-12-04;2;1.0
25;2025-12-04;3;1.0
25;2025-12-04;4;1.0
25;2025-12-04;5;0.6815761316901777
25;2025-12-04;6;0.8003350580511147
25;2025-12-04;7;1.083176953357121
25;2025-12-04;8;1.0678534484661266
25;2025-12-04;9;1.065776167585579
25;2025-12-04;10;1.0234495065040785
25;2025-12-04;11;0.9994328367127541
25;2025-12-04;12;0.9993987607373109
25;2025-12-04;13;1.0068240772155337
25;2025-12-04;14;1.0281036246094122
25;2025-12-04;15;1.0086812630834205
25;2025-12-04;16;1.0307620154449435
25;2025-12-04;17;0.9987504049258223
25;2025-12-04;18;1.0678050998217843
25;2025-12-04;19;0.9251485391710502
25;2025-12-04;20;1.0826379418974856
25;2025-12-04;21;1.007089003790166
25;2025-12-04;22;1.310391946485558
25;2025-12-04;23;1.3428038545844272
25;2025-12-05;0;1.0
25;2025-12-05;1;1.0
25;2025-12-05;2;1.0
25;2025-12-05;3;1.0
25;2025-12-05;4;1.0
25;2025-12-05;5;0.7010287391833775
25;2025-12-05;6;0.8169839655814134
25;2025-12-05;7;1.0587967210237401
25;2025-12-05;8;1.0947794454690243
25;2025-12-05;9;1.1355710446754197
25;2025-12-05;10;1.0180967247552608
25;2025-12-05;11;1.0612858442135753
25;2025-12-05;12;1.1024898125209892
25;2025-12-05;13;1.0487784110729805
25;2025-12-05;14;1.1538810331531522
25;2025-12-05;15;1.0560841527032492
25;2025-12-05;16;1.0215992550601265
25;2025-12-05;17;1.0703463937777802
25;2025-12-05;18;1.0533905599357847
25;2025-12-05;19;0.8997281481356545
25;2025-12-05;20;1.0540999339371695
25;2025-12-05;21;1.0813530261165918
25;2025-12-05;22;1.293818501930354
25;2025-12-05;23;1.1937336112316672
25;2025-12-06;0;0.8679876304398645
25;2025-12-06;1;1.0
25;2025-12-06;2;1.0
25;2025-12-06;3;1.0
25;2025-12-06;4;1.0
25;2025-12-06;5;0.7025022681781485
25;2025-12-06;6;0.730157091540937
25;2025-12-06;7;1.1679004333462337
25;2025-12-06;8;1.111649772436037
25;2025-12-06;9;1.1822727731125666
25;2025-12-06;10;1.1342869691239383
25;2025-12-06;11;1.1256369716171106
25;2025-12-06;12;1.1338631611056105
25;2025-12-06;13;0.9837471287903305
25;2025-12-06;14;0.9949498820510254
25;2025-12-06;15;0.9812745164238758
25;2025-12-06;16;0.9603809767315776
25;2025-12-06;17;0.9995022561099839
25;2025-12-06;18;1.078413778738952
25;2025-12-06;19;1.0813510532309702
25;2025-12-06;20;1.199667423328672
25;2025-12-06;21;1.2594597089884103
25;2025-12-06;22;1.341152397453081
25;2025-12-06;23;1.412064358557184
25;2025-12-07;0;1.3501189996151552
25;2025-12-07;1;1.4518438416849668
25;2025-12-07;2;1.0
25;2025-12-07;3;1.0
25;2025-12-07;4;1.0
25;2025-12-07;5;0.7562530223202236
25;2025-12-07;6;0.7720799203283537
25;2025-12-07;7;1.2245113993966497
25;2025-12-07;8;1.2011652163837996
25;2025-12-07;9;1.204717967388365
25;2025-12-07;10;1.2225391278644175
25;2025-12-07;11;1.16533412483952
25;2025-12-07;12;1.1646900593311096
25;2025-12-07;13;1.1014482842990887
25;2025-12-07;14;1.0689029849394591
25;2025-12-07;15;1.0741344464001954
25;2025-12-07;16;1.0680675053128006
25;2025-12-07;17;1.0225126672693778
25;2025-12-07;18;1.1634492710293836
25;2025-12-07;19;1.3378169961955368
25;2025-12-07;20;1.1841883571468401
25;2025-12-07;21;1.436848496232813
25;2025-12-07;22;1.4079232041125316
25;2025-12-07;23;1.3456110969607393
25;2025-12-08;0;1.1841772449469867
25;2025-12-08;1;1.0
25;2025-12-08;2;1.0
25;2025-12-08;3;1.0
25;2025-12-08;4;1.0
25;2025-12-08;5;0.6815761316901777
25;2025-12-08;6;0.8003350580511147
25;2025-12-08;7;1.083176953357121
25;2025-12-08;8;1.0678534484661266
25;2025-12-08;9;1.065776167585579
25;2025-12-08;10;1.0234495065040785
25;2025-12-08;11;0.9994328367127541
25;2025-12-08;12;0.9993987607373109
25;2025-12-08;13;1.0068240772155337
25;2025-12-08;14;1.0281036246094122
25;2025-12-08;15;1.0086812630834205
25;2025-12-08;16;1.0307620154449435
25;2025-12-08;17;0.9987504049258223
25;2025-12-08;18;1.0678050998217843
25;2025-12-08;19;0.9251485391710502
25;2025-12-08;20;1.0826379418974856
25;2025-12-08;21;1.007089003790166
25;2025-12-08;22;1.310391946485558
25;2025-12-08;23;1.3428038545844272
25;2025-12-09;0;1.1841772449469867
25;2025-12-09;1;1.0
25;2025-12-09;2;1.0
25;2025-12-09;3;1.0
25;2025-12-09;4;1.0
25;2025-12-09;5;0.6815761316901777
25;2025-12-09;6;0.8003350580511147
25;2025-12-09;7;1.083176953357121
25;2025-12-09;8;1.0678534484661266
25;2025-12-09;9;1.065776167585579
25;2025-12-09;10;1.0234495065040785
25;2025-12-09;11;0.9994328367127541
25;2025-12-09;12;0.9993987607373109
25;2025-12-09;13;1.0068240772155337
25;2025-12-09;14;1.0281036246094122
25;2025-12-09;15;1.0086812630834205
25;2025-12-09;16;1.0307620154449435
25;2025-12-09;17;0.9987504049258223
25;2025-12-09;18;1.0678050998217843
25;2025-12-09;19;0.9251485391710502
25;2025-12-09;20;1.0826379418974856
25;2025-12-09;21;1.007089003790166
25;2025-12-09;22;1.310391946485558
25;2025-12-09;23;1.3428038545844272
25;2025-12-10;0;1.1841772449469867
25;2025-12-10;1;1.0
25;2025-12-10;2;1.0
25;2025-12-10;3;1.0
25;2025-12-10;4;1.0
25;2025-12-10;5;0.6815761316901777
25;2025-12-10;6;0.8003350580511147
25;2025-12-10;7;1.083176953357121
25;2025-12-10;8;1.0678534484661266
25;2025-12-10;9;1.065776167585579
25;2025-12-10;10;1.0234495065040785
25;2025-12-10;11;0.9994328367127541
25;2025-12-10;12;0.9993987607373109
25;2025-12-10;13;1.0068240772155337
25;2025-12-10;14;1.0281036246094122
25;2025-12-10;15;1.0086812630834205
25;2025-12-10;16;1.0307620154449435
25;2025-12-10;17;0.9987504049258223
25;2025-12-10;18;1.0678050998217843
25;2025-12-10;19;0.9251485391710502
25;2025-12-10;20;1.0826379418974856
25;2025-12-10;21;1.007089003790166
25;2025-12-10;22;1.310391946485558
25;2025-12-10;23;1.3428038545844272
25;2025-12-11;0;1.1841772449469867
25;2025-12-11;1;1.0
25;2025-12-11;2;1.0
25;2025-12-11;3;1.0
25;2025-12-11;4;1.0
25;2025-12-11;5;0.6815761316901777
25;2025-12-11;6;0.8003350580511147
25;2025-12-11;7;1.083176953357121
25;2025-12-11;8;1.0678534484661266
25;2025-12-11;9;1.065776167585579
25;2025-12-11;10;1.0234495065040785
25;2025-12-11;11;0.9994328367127541
25;2025-12-11;12;0.9993987607373109
25;2025-12-11;13;1.0068240772155337
25;2025-12-11;14;1.0281036246094122
25;2025-12-11;15;1.0086812630834205
25;2025-12-11;16;1.0307620154449435
25;2025-12-11;17;0.9987504049258223
25;2025-12-11;18;1.0678050998217843
25;2025-12-11;19;0.9251485391710502
25;2025-12-11;20;1.0826379418974856
25;2025-12-11;21;1.007089003790166
25;2025-12-11;22;1.310391946485558
25;2025-12-11;23;1.3428038545844272
25;2025-12-12;0;1.0
25;2025-12-12;1;1.0
25;2025-12-12;2;1.0
25;2025-12-12;3;1.0
25;2025-12-12;4;1.0
25;2025-12-12;5;0.7010287391833775
25;2025-12-12;6;0.8169839655814134
25;2025-12-12;7;1.0587967210237401
25;2025-12-12;8;1.0947794454690243
25;2025-12-12;9;1.1355710446754197
25;2025-12-12;10;1.0180967247552608
25;2025-12-12;11;1.0612858442135753
25;2025-12-12;12;1.1024898125209892
25;2025-12-12;13;1.0487784110729805
25;2025-12-12;14;1.1538810331531522
25;2025-12-12;15;1.0560841527032492
25;2025-12-12;16;1.0215992550601265
25;2025-12-12;17;1.0703463937777802
25;2025-12-12;18;1.0533905599357847
25;2025-12-12;19;0.8997281481356545
25;2025-12-12;20;1.0540999339371695
25;2025-12-12;21;1.0813530261165918
25;2025-12-12;22;1.293818501930354
25;2025-12-12;23;1.1937336112316672
25;2025-12-13;0;0.8679876304398645
25;2025-12-13;1;1.0
25;2025-12-13;2;1.0
25;2025-12-13;3;1.0
25;2025-12-13;4;1.0
25;2025-12-13;5;0.7025022681781485
25;2025-12-13;6;0.730157091540937
25;2025-12-13;7;1.1679004333462337
25;2025-12-13;8;1.111649772436037
25;2025-12-13;9;1.1822727731125666
25;2025-12-13;10;1.1342869691239383
25;2025-12-13;11;1.1256369716171106
25;2025-12-13;12;1.1338631611056105
25;2025-12-13;13;0.9837471287903305
25;2025-12-13;14;0.9949498820510254
25;2025-12-13;15;0.9812745164238758
25;2025-12-13;16;0.9603809767315776
25;2025-12-13;17;0.9995022561099839
25;2025-12-13;18;1.078413778738952
25;2025-12-13;19;1.0813510532309702
25;2025-12-13;20;1.199667423328672
25;2025-12-13;21;1.2594597089884103
25;2025-12-13;22;1.341152397453081
25;2025-12-13;23;1.412064358557184
25;2025-12-14;0;1.3501189996151552
25;2025-12-14;1;1.4518438416849668
25;2025-12-14;2;1.0
25;2025-12-14;3;1.0
25;2025-12-14;4;1.0
25;2025-12-14;5;0.7562530223202236
25;2025-12-14;6;0.7720799203283537
25;2025-12-14;7;1.2245113993966497
25;2025-12-14;8;1.2011652163837996
25;2025-12-14;9;1.204717967388365
25;2025-12-14;10;1.2225391278644175
25;2025-12-14;11;1.16533412483952
25;2025-12-14;12;1.1646900593311096
25;2025-12-14;13;1.1014482842990887
25;2025-12-14;14;1.0689029849394591
25;2025-12-14;15;1.0741344464001954
25;2025-12-14;16;1.0680675053128006
25;2025-12-14;17;1.0225126672693778
25;2025-12-14;18;1.1634492710293836
25;2025-12-14;19;1.3378169961955368
25;2025-12-14;20;1.1841883571468401
25;2025-12-14;21;1.436848496232813
25;2025-12-14;22;1.4079232041125316
25;2025-12-14;23;1.3456110969607393
25;2025-12-15;0;1.1841772449469867
25;2025-12-15;1;1.0
25;2025-12-15;2;1.0
25;2025-12-15;3;1.0
25;2025-12-15;4;1.0
25;2025-12-15;5;0.6815761316901777
25;2025-12-15;6;0.8003350580511147
25;2025-12-15;7;1.083176953357121
25;2025-12-15;8;1.0678534484661266
25;2025-12-15;9;1.065776167585579
25;2025-12-15;10;1.0234495065040785
25;2025-12-15;11;0.9994328367127541
25;2025-12-15;12;0.9993987607373109
25;2025-12-15;13;1.0068240772155337
25;2025-12-15;14;1.0281036246094122
25;2025-12-15;15;1.0086812630834205
25;2025-12-15;16;1.0307620154449435
25;2025-12-15;17;0.9987504049258223
25;2025-12-15;18;1.0678050998217843
25;2025-12-15;19;0.9251485391710502
25;2025-12-15;20;1.0826379418974856
25;2025-12-15;21;1.007089003790166
25;2025-12-15;22;1.310391946485558
25;2025-12-15;23;1.3428038545844272
25;2025-12-16;0;1.1841772449469867
25;2025-12-16;1;1.0
25;2025-12-16;2;1.0
25;2025-12-16;3;1.0
25;2025-12-16;4;1.0
25;2025-12-16;5;0.6815761316901777
25;2025-12-16;6;0.8003350580511147
25;2025-12-16;7;1.083176953357121
25;2025-12-16;8;1.0678534484661266
25;2025-12-16;9;1.065776167585579
25;2025-12-16;10;1.0234495065040785
25;2025-12-16;11;0.9994328367127541
25;2025-12-16;12;0.9993987607373109
25;2025-12-16;13;1.0068240772155337
25;2025-12-16;14;1.0281036246094122
25;2025-12-16;15;1.0086812630834205
25;2025-12-16;16;1.0307620154449435
25;2025-12-16;17;0.9987504049258223
25;2025-12-16;18;1.0678050998217843
25;2025-12-16;19;0.9251485391710502
25;2025-12-16;20;1.0826379418974856
25;2025-12-16;21;1.007089003790166
25;2025-12-16;22;1.310391946485558
25;2025-12-16;23;1.3428038545844272
25;2025-12-17;0;1.1841772449469867
25;2025-12-17;1;1.0
25;2025-12-17;2;1.0
25;2025-12-17;3;1.0
25;2025-12-17;4;1.0
25;2025-12-17;5;0.6815761316901777
25;2025-12-17;6;0.8003350580511147
25;2025-12-17;7;1.083176953357121
25;2025-12-17;8;1.0678534484661266
25;2025-12-17;9;1.065776167585579
25;2025-12-17;10;1.0234495065040785
25;2025-12-17;11;0.9994328367127541
25;2025-12-17;12;0.9993987607373109
25;2025-12-17;13;1.0068240772155337
25;2025-12-17;14;1.0281036246094122
25;2025-12-17;15;1.0086812630834205
25;2025-12-17;16;1.0307620154449435
25;2025-12-17;17;0.9987504049258223
25;2025-12-17;18;1.0678050998217843
25;2025-12-17;19;0.9251485391710502
25;2025-12-17;20;1.0826379418974856
25;2025-12-17;21;1.007089003790166
25;2025-12-17;22;1.310391946485558
25;2025-12-17;23;1.3428038545844272
25;2025-12-18;0;1.1841772449469867
25;2025-12-18;1;1.0
25;2025-12-18;2;1.0
25;2025-12-18;3;1.0
25;2025-12-18;4;1.0
25;2025-12-18;5;0.6815761316901777
25;2025-12-18;6;0.8003350580511147
25;2025-12-18;7;1.083176953357121
25;2025-12-18;8;1.0678534484661266
25;2025-12-18;9;1.065776167585579
25;2025-12-18;10;1.0234495065040785
25;2025-12-18;11;0.9994328367127541
25;2025-12-18;12;0.9993987607373109
25;2025-12-18;13;1.0068240772155337
25;2025-12-18;14;1.0281036246094122
25;2025-12-18;15;1.0086812630834205
25;2025-12-18;16;1.0307620154449435
25;2025-12-18;17;0.9987504049258223
25;2025-12-18;18;1.0678050998217843
25;2025-12-18;19;0.9251485391710502
25;2025-12-18;20;1.0826379418974856
25;2025-12-18;21;1.007089003790166
25;2025-12-18;22;1.310391946485558
25;2025-12-18;23;1.3428038545844272
25;2025-12-19;0;1.0
25;2025-12-19;1;1.0
25;2025-12-19;2;1.0
25;2025-12-19;3;1.0
25;2025-12-19;4;1.0
25;2025-12-19;5;0.7010287391833775
25;2025-12-19;6;0.8169839655814134
25;2025-12-19;7;1.0587967210237401
25;2025-12-19;8;1.0947794454690243
25;2025-12-19;9;1.1355710446754197
25;2025-12-19;10;1.0180967247552608
25;2025-12-19;11;1.0612858442135753
25;2025-12-19;12;1.1024898125209892
25;2025-12-19;13;1.0487784110729805
25;2025-12-19;14;1.1538810331531522
25;2025-12-19;15;1.0560841527032492
25;2025-12-19;16;1.0215992550601265
25;2025-12-19;17;1.0703463937777802
25;2025-12-19;18;1.0533905599357847
25;2025-12-19;19;0.8997281481356545
25;2025-12-19;20;1.0540999339371695
25;2025-12-19;21;1.0813530261165918
25;2025-12-19;22;1.293818501930354
25;2025-12-19;23;1.1937336112316672
25;2025-12-20;0;0.8679876304398645
25;2025-12-20;1;1.0
25;2025-12-20;2;1.0
25;2025-12-20;3;1.0
25;2025-12-20;4;1.0
25;2025-12-20;5;0.7025022681781485
25;2025-12-20;6;0.730157091540937
25;2025-12-20;7;1.1679004333462337
25;2025-12-20;8;1.111649772436037
25;2025-12-20;9;1.1822727731125666
25;2025-12-20;10;1.1342869691239383
25;2025-12-20;11;1.1256369716171106
25;2025-12-20;12;1.1338631611056105
25;2025-12-20;13;0.9837471287903305
25;2025-12-20;14;0.9949498820510254
25;2025-12-20;15;0.9812745164238758
25;2025-12-20;16;0.9603809767315776
25;2025-12-20;17;0.9995022561099839
25;2025-12-20;18;1.078413778738952
25;2025-12-20;19;1.0813510532309702
25;2025-12-20;20;1.199667423328672
25;2025-12-20;21;1.2594597089884103
25;2025-12-20;22;1.341152397453081
25;2025-12-20;23;1.412064358557184
25;2025-12-21;0;1.3501189996151552
25;2025-12-21;1;1.4518438416849668
25;2025-12-21;2;1.0
25;2025-12-21;3;1.0
25;2025-12-21;4;1.0
25;2025-12-21;5;0.7562530223202236
25;2025-12-21;6;0.7720799203283537
25;2025-12-21;7;1.2245113993966497
25;2025-12-21;8;1.2011652163837996
25;2025-12-21;9;1.204717967388365
25;2025-12-21;10;1.2225391278644175
25;2025-12-21;11;1.16533412483952
25;2025-12-21;12;1.1646900593311096
25;2025-12-21;13;1.1014482842990887
25;2025-12-21;14;1.0689029849394591
25;2025-12-21;15;1.0741344464001954
25;2025-12-21;16;1.0680675053128006
25;2025-12-21;17;1.0225126672693778
25;2025-12-21;18;1.1634492710293836
25;2025-12-21;19;1.3378169961955368
25;2025-12-21;20;1.1841883571468401
25;2025-12-21;21;1.436848496232813
25;2025-12-21;22;1.4079232041125316
25;2025-12-21;23;1.3456110969607393
25;2025-12-22;0;1.1841772449469867
25;2025-12-22;1;1.0
25;2025-12-22;2;1.0
25;2025-12-22;3;1.0
25;2025-12-22;4;1.0
25;2025-12-22;5;0.6815761316901777
25;2025-12-22;6;0.8003350580511147
25;2025-12-22;7;1.083176953357121
25;2025-12-22;8;1.0678534484661266
25;2025-12-22;9;1.065776167585579
25;2025-12-22;10;1.0234495065040785
25;2025-12-22;11;0.9994328367127541
25;2025-12-22;12;0.9993987607373109
25;2025-12-22;13;1.0068240772155337
25;2025-12-22;14;1.0281036246094122
25;2025-12-22;15;1.0086812630834205
25;2025-12-22;16;1.0307620154449435
25;2025-12-22;17;0.9987504049258223
25;2025-12-22;18;1.0678050998217843
25;2025-12-22;19;0.9251485391710502
25;2025-12-22;20;1.0826379418974856
25;2025-12-22;21;1.007089003790166
25;2025-12-22;22;1.310391946485558
25;2025-12-22;23;1.3428038545844272
25;2025-12-23;0;1.1841772449469867
25;2025-12-23;1;1.0
25;2025-12-23;2;1.0
25;2025-12-23;3;1.0
25;2025-12-23;4;1.0
25;2025-12-23;5;0.6815761316901777
25;2025-12-23;6;0.8003350580511147
25;2025-12-23;7;1.083176953357121
25;2025-12-23;8;1.0678534484661266
25;2025-12-23;9;1.065776167585579
25;2025-12-23;10;1.0234495065040785
25;2025-12-23;11;0.9994328367127541
25;2025-12-23;12;0.9993987607373109
25;2025-12-23;13;1.0068240772155337
25;2025-12-23;14;1.0281036246094122
25;2025-12-23;15;1.0086812630834205
25;2025-12-23;16;1.0307620154449435
25;2025-12-23;17;0.9987504049258223
25;2025-12-23;18;1.0678050998217843
25;2025-12-23;19;0.9251485391710502
25;2025-12-23;20;1.0826379418974856
25;2025-12-23;21;1.007089003790166
25;2025-12-23;22;1.310391946485558
25;2025-12-23;23;1.3428038545844272
25;2025-12-24;0;1.1841772449469867
25;2025-12-24;1;1.0
25;2025-12-24;2;1.0
25;2025-12-24;3;1.0
25;2025-12-24;4;1.0
25;2025-12-24;5;0.6815761316901777
25;2025-12-24;6;0.8003350580511147
25;2025-12-24;7;1.083176953357121
25;2025-12-24;8;1.0678534484661266
25;2025-12-24;9;1.065776167585579
25;2025-12-24;10;1.0234495065040785
25;2025-12-24;11;0.9994328367127541
25;2025-12-24;12;0.9993987607373109
25;2025-12-24;13;1.0068240772155337
25;2025-12-24;14;1.0281036246094122
25;2025-12-24;15;1.0086812630834205
25;2025-12-24;16;1.0307620154449435
25;2025-12-24;17;0.9987504049258223
25;2025-12-24;18;1.0678050998217843
25;2025-12-24;19;0.9251485391710502
25;2025-12-24;20;1.0826379418974856
25;2025-12-24;21;1.007089003790166
25;2025-12-24;22;1.310391946485558
25;2025-12-24;23;1.3428038545844272
25;2025-12-25;0;1.1841772449469867
25;2025-12-25;1;1.0
25;2025-12-25;2;1.0
25;2025-12-25;3;1.0
25;2025-12-25;4;1.0
25;2025-12-25;5;0.6815761316901777
25;2025-12-25;6;0.8003350580511147
25;2025-12-25;7;1.083176953357121
25;2025-12-25;8;1.0678534484661266
25;2025-12-25;9;1.065776167585579
25;2025-12-25;10;1.0234495065040785
25;2025-12-25;11;0.9994328367127541
25;2025-12-25;12;0.9993987607373109
25;2025-12-25;13;1.0068240772155337
25;2025-12-25;14;1.0281036246094122
25;2025-12-25;15;1.0086812630834205
25;2025-12-25;16;1.0307620154449435
25;2025-12-25;17;0.9987504049258223
25;2025-12-25;18;1.0678050998217843
25;2025-12-25;19;0.9251485391710502
25;2025-12-25;20;1.0826379418974856
25;2025-12-25;21;1.007089003790166
25;2025-12-25;22;1.310391946485558
25;2025-12-25;23;1.3428038545844272
25;2025-12-26;0;1.0
25;2025-12-26;1;1.0
25;2025-12-26;2;1.0
25;2025-12-26;3;1.0
25;2025-12-26;4;1.0
25;2025-12-26;5;0.7010287391833775
25;2025-12-26;6;0.8169839655814134
25;2025-12-26;7;1.0587967210237401
25;2025-12-26;8;1.0947794454690243
25;2025-12-26;9;1.1355710446754197
25;2025-12-26;10;1.0180967247552608
25;2025-12-26;11;1.0612858442135753
25;2025-12-26;12;1.1024898125209892
25;2025-12-26;13;1.0487784110729805
25;2025-12-26;14;1.1538810331531522
25;2025-12-26;15;1.0560841527032492
25;2025-12-26;16;1.0215992550601265
25;2025-12-26;17;1.0703463937777802
25;2025-12-26;18;1.0533905599357847
25;2025-12-26;19;0.8997281481356545
25;2025-12-26;20;1.0540999339371695
25;2025-12-26;21;1.0813530261165918
25;2025-12-26;22;1.293818501930354
25;2025-12-26;23;1.1937336112316672
25;2025-12-27;0;0.8679876304398645
25;2025-12-27;1;1.0
25;2025-12-27;2;1.0
25;2025-12-27;3;1.0
25;2025-12-27;4;1.0
25;2025-12-27;5;0.7025022681781485
25;2025-12-27;6;0.730157091540937
25;2025-12-27;7;1.1679004333462337
25;2025-12-27;8;1.111649772436037
25;2025-12-27;9;1.1822727731125666
25;2025-12-27;10;1.1342869691239383
25;2025-12-27;11;1.1256369716171106
25;2025-12-27;12;1.1338631611056105
25;2025-12-27;13;0.9837471287903305
25;2025-12-27;14;0.9949498820510254
25;2025-12-27;15;0.9812745164238758
25;2025-12-27;16;0.9603809767315776
25;2025-12-27;17;0.9995022561099839
25;2025-12-27;18;1.078413778738952
25;2025-12-27;19;1.0813510532309702
25;2025-12-27;20;1.199667423328672
25;2025-12-27;21;1.2594597089884103
25;2025-12-27;22;1.341152397453081
25;2025-12-27;23;1.412064358557184
25;2025-12-28;0;1.3501189996151552
25;2025-12-28;1;1.4518438416849668
25;2025-12-28;2;1.0
25;2025-12-28;3;1.0
25;2025-12-28;4;1.0
25;2025-12-28;5;0.7562530223202236
25;2025-12-28;6;0.7720799203283537
25;2025-12-28;7;1.2245113993966497
25;2025-12-28;8;1.2011652163837996
25;2025-12-28;9;1.204717967388365
25;2025-12-28;10;1.2225391278644175
25;2025-12-28;11;1.16533412483952
25;2025-12-28;12;1.1646900593311096
25;2025-12-28;13;1.1014482842990887
25;2025-12-28;14;1.0689029849394591
25;2025-12-28;15;1.0741344464001954
25;2025-12-28;16;1.0680675053128006
25;2025-12-28;17;1.0225126672693778
25;2025-12-28;18;1.1634492710293836
25;2025-12-28;19;1.3378169961955368
25;2025-12-28;20;1.1841883571468401
25;2025-12-28;21;1.436848496232813
25;2025-12-28;22;1.4079232041125316
25;2025-12-28;23;1.3456110969607393
25;2025-12-29;0;1.1841772449469867
25;2025-12-29;1;1.0
25;2025-12-29;2;1.0
25;2025-12-29;3;1.0
25;2025-12-29;4;1.0
25;2025-12-29;5;0.6815761316901777
25;2025-12-29;6;0.8003350580511147
25;2025-12-29;7;1.083176953357121
25;2025-12-29;8;1.0678534484661266
25;2025-12-29;9;1.065776167585579
25;2025-12-29;10;1.0234495065040785
25;2025-12-29;11;0.9994328367127541
25;2025-12-29;12;0.9993987607373109
25;2025-12-29;13;1.0068240772155337
25;2025-12-29;14;1.0281036246094122
25;2025-12-29;15;1.0086812630834205
25;2025-12-29;16;1.0307620154449435
25;2025-12-29;17;0.9987504049258223
25;2025-12-29;18;1.0678050998217843
25;2025-12-29;19;0.9251485391710502
25;2025-12-29;20;1.0826379418974856
25;2025-12-29;21;1.007089003790166
25;2025-12-29;22;1.310391946485558
25;2025-12-29;23;1.3428038545844272
25;2025-12-30;0;1.1841772449469867
25;2025-12-30;1;1.0
25;2025-12-30;2;1.0
25;2025-12-30;3;1.0
25;2025-12-30;4;1.0
25;2025-12-30;5;0.6815761316901777
25;2025-12-30;6;0.8003350580511147
25;2025-12-30;7;1.083176953357121
25;2025-12-30;8;1.0678534484661266
25;2025-12-30;9;1.065776167585579
25;2025-12-30;10;1.0234495065040785
25;2025-12-30;11;0.9994328367127541
25;2025-12-30;12;0.9993987607373109
25;2025-12-30;13;1.0068240772155337
25;2025-12-30;14;1.0281036246094122
25;2025-12-30;15;1.0086812630834205
25;2025-12-30;16;1.0307620154449435
25;2025-12-30;17;0.9987504049258223
25;2025-12-30;18;1.0678050998217843
25;2025-12-30;19;0.9251485391710502
25;2025-12-30;20;1.0826379418974856
25;2025-12-30;21;1.007089003790166
25;2025-12-30;22;1.310391946485558
25;2025-12-30;23;1.3428038545844272
25;2025-12-31;0;1.3501189996151552
25;2025-12-31;1;1.4518438416849668
25;2025-12-31;2;1.0
25;2025-12-31;3;1.0
25;2025-12-31;4;1.0
25;2025-12-31;5;0.7562530223202236
25;2025-12-31;6;0.7720799203283537
25;2025-12-31;7;1.2245113993966497
25;2025-12-31;8;1.2011652163837996
25;2025-12-31;9;1.204717967388365
25;2025-12-31;10;1.2225391278644175
25;2025-12-31;11;1.16533412483952
25;2025-12-31;12;1.1646900593311096
25;2025-12-31;13;1.1014482842990887
25;2025-12-31;14;1.0689029849394591
25;2025-12-31;15;1.0741344464001954
25;2025-12-31;16;1.0680675053128006
25;2025-12-31;17;1.0225126672693778
25;2025-12-31;18;1.1634492710293836
25;2025-12-31;19;1.3378169961955368
25;2025-12-31;20;1.1841883571468401
25;2025-12-31;21;1.436848496232813
25;2025-12-31;22;1.4079232041125316
25;2025-12-31;23;1.3456110969607393
26;2025-11-01;0;1.1359319223051103
26;2025-11-01;1;1.5980586756725066
26;2025-11-01;2;1.0
26;2025-11-01;3;1.0
26;2025-11-01;4;1.5980586756725064
26;2025-11-01;5;1.0557125935067018
26;2025-11-01;6;1.0938926011909895
26;2025-11-01;7;1.0859568131632082
26;2025-11-01;8;0.9995454342927188
26;2025-11-01;9;1.0679900180885835
26;2025-11-01;10;1.029412191157044
26;2025-11-01;11;1.0330432376434047
26;2025-11-01;12;1.0876665623223705
26;2025-11-01;13;1.10902805532387
26;2025-11-01;14;0.9956514772720233
26;2025-11-01;15;1.088622215654381
26;2025-11-01;16;1.0562839744270525
26;2025-11-01;17;1.0284525563113227
26;2025-11-01;18;1.1296801447103617
26;2025-11-01;19;1.1242280699353324
26;2025-11-01;20;1.175592807522432
26;2025-11-01;21;1.0550444196899602
26;2025-11-01;22;1.2813547744153209
26;2025-11-01;23;1.0846775603139795
26;2025-11-02;0;1.0725991468712694
26;2025-11-02;1;1.3755921132798772
26;2025-11-02;2;1.0
26;2025-11-02;3;1.0
26;2025-11-02;4;1.1450107742697655
26;2025-11-02;5;1.390815523803253
26;2025-11-02;6;1.0261268279300026
26;2025-11-02;7;1.0121572747091596
26;2025-11-02;8;1.0172815219520972
26;2025-11-02;9;1.0307662995878044
26;2025-11-02;10;1.0263025943425894
26;2025-11-02;11;0.9883718245136752
26;2025-11-02;12;1.0262220700506928
26;2025-11-02;13;1.0142313267647463
26;2025-11-02;14;1.0122519627383946
26;2025-11-02;15;1.0253623009438948
26;2025-11-02;16;1.0541393739639693
26;2025-11-02;17;1.0261709304779503
26;2025-11-02;18;1.0485607089267048
26;2025-11-02;19;1.0999612108527164
26;2025-11-02;20;1.0485587447269384
26;2025-11-02;21;1.0645602945461747
26;2025-11-02;22;1.202950825734288
26;2025-11-02;23;1.0106943046247125
26;2025-11-03;0;1.0725991468712694
26;2025-11-03;1;1.3755921132798772
26;2025-11-03;2;1.0
26;2025-11-03;3;1.0
26;2025-11-03;4;1.1450107742697655
26;2025-11-03;5;1.390815523803253
26;2025-11-03;6;1.0261268279300026
26;2025-11-03;7;1.0121572747091596
26;2025-11-03;8;1.0172815219520972
26;2025-11-03;9;1.0307662995878044
26;2025-11-03;10;1.0263025943425894
26;2025-11-03;11;0.9883718245136752
26;2025-11-03;12;1.0262220700506928
26;2025-11-03;13;1.0142313267647463
26;2025-11-03;14;1.0122519627383946
26;2025-11-03;15;1.0253623009438948
26;2025-11-03;16;1.0541393739639693
26;2025-11-03;17;1.0261709304779503
26;2025-11-03;18;1.0485607089267048
26;2025-11-03;19;1.0999612108527164
26;2025-11-03;20;1.0485587447269384
26;2025-11-03;21;1.0645602945461747
26;2025-11-03;22;1.202950825734288
26;2025-11-03;23;1.0106943046247125
26;2025-11-04;0;1.0725991468712694
26;2025-11-04;1;1.3755921132798772
26;2025-11-04;2;1.0
26;2025-11-04;3;1.0
26;2025-11-04;4;1.1450107742697655
26;2025-11-04;5;1.390815523803253
26;2025-11-04;6;1.0261268279300026
26;2025-11-04;7;1.0121572747091596
26;2025-11-04;8;1.0172815219520972
26;2025-11-04;9;1.0307662995878044
26;2025-11-04;10;1.0263025943425894
26;2025-11-04;11;0.9883718245136752
26;2025-11-04;12;1.0262220700506928
26;2025-11-04;13;1.0142313267647463
26;2025-11-04;14;1.0122519627383946
26;2025-11-04;15;1.0253623009438948
26;2025-11-04;16;1.0541393739639693
26;2025-11-04;17;1.0261709304779503
26;2025-11-04;18;1.0485607089267048
26;2025-11-04;19;1.0999612108527164
26;2025-11-04;20;1.0485587447269384
26;2025-11-04;21;1.0645602945461747
26;2025-11-04;22;1.202950825734288
26;2025-11-04;23;1.0106943046247125
26;2025-11-05;0;0.9822302733665146
26;2025-11-05;1;1.350824040545369
26;2025-11-05;2;1.4852334254588915
26;2025-11-05;3;1.0
26;2025-11-05;4;1.4852334254588915
26;2025-11-05;5;0.9290331612532934
26;2025-11-05;6;1.077523516492602
26;2025-11-05;7;1.0000545409960253
26;2025-11-05;8;0.9592976842232553
26;2025-11-05;9;1.002520009742982
26;2025-11-05;10;0.9891169997449377
26;2025-11-05;11;0.9950105226739114
26;2025-11-05;12;0.9844553986997758
26;2025-11-05;13;0.9973775987951805
26;2025-11-05;14;0.9406674150422751
26;2025-11-05;15;0.9632518215292551
26;2025-11-05;16;1.000697358158736
26;2025-11-05;17;0.9800577282981418
26;2025-11-05;18;0.9908360733510619
26;2025-11-05;19;1.0296276367340673
26;2025-11-05;20;1.0360627635348316
26;2025-11-05;21;0.9684206483828357
26;2025-11-05;22;1.1319035068441674
26;2025-11-05;23;0.9949087751383298
26;2025-11-06;0;0.9822302733665146
26;2025-11-06;1;1.350824040545369
26;2025-11-06;2;1.4852334254588915
26;2025-11-06;3;1.0
26;2025-11-06;4;1.4852334254588915
26;2025-11-06;5;0.9290331612532934
26;2025-11-06;6;1.077523516492602
26;2025-11-06;7;1.0000545409960253
26;2025-11-06;8;0.9592976842232553
26;2025-11-06;9;1.002520009742982
26;2025-11-06;10;0.9891169997449377
26;2025-11-06;11;0.9950105226739114
26;2025-11-06;12;0.9844553986997758
26;2025-11-06;13;0.9973775987951805
26;2025-11-06;14;0.9406674150422751
26;2025-11-06;15;0.9632518215292551
26;2025-11-06;16;1.000697358158736
26;2025-11-06;17;0.9800577282981418
26;2025-11-06;18;0.9908360733510619
26;2025-11-06;19;1.0296276367340673
26;2025-11-06;20;1.0360627635348316
26;2025-11-06;21;0.9684206483828357
26;2025-11-06;22;1.1319035068441674
26;2025-11-06;23;0.9949087751383298
26;2025-11-07;0;1.1359319223051103
26;2025-11-07;1;1.5980586756725066
26;2025-11-07;2;1.0
26;2025-11-07;3;1.0
26;2025-11-07;4;1.5980586756725064
26;2025-11-07;5;1.0557125935067018
26;2025-11-07;6;1.0938926011909895
26;2025-11-07;7;1.0859568131632082
26;2025-11-07;8;0.9995454342927188
26;2025-11-07;9;1.0679900180885835
26;2025-11-07;10;1.029412191157044
26;2025-11-07;11;1.0330432376434047
26;2025-11-07;12;1.0876665623223705
26;2025-11-07;13;1.10902805532387
26;2025-11-07;14;0.9956514772720233
26;2025-11-07;15;1.088622215654381
26;2025-11-07;16;1.0562839744270525
26;2025-11-07;17;1.0284525563113227
26;2025-11-07;18;1.1296801447103617
26;2025-11-07;19;1.1242280699353324
26;2025-11-07;20;1.175592807522432
26;2025-11-07;21;1.0550444196899602
26;2025-11-07;22;1.2813547744153209
26;2025-11-07;23;1.0846775603139795
26;2025-11-08;0;0.8551210290605888
26;2025-11-08;1;1.1908332356751996
26;2025-11-08;2;1.0
26;2025-11-08;3;1.0
26;2025-11-08;4;1.1234867139835147
26;2025-11-08;5;0.9009190647564492
26;2025-11-08;6;1.0876249887080682
26;2025-11-08;7;0.9855063219573734
26;2025-11-08;8;0.944767084336597
26;2025-11-08;9;0.9979853098222156
26;2025-11-08;10;0.9619305969616827
26;2025-11-08;11;0.9741865166030501
26;2025-11-08;12;0.9625738523548577
26;2025-11-08;13;0.9630086191251702
26;2025-11-08;14;0.9477361864091091
26;2025-11-08;15;0.9541963015395858
26;2025-11-08;16;0.9329459132064425
26;2025-11-08;17;0.9586549781088184
26;2025-11-08;18;0.9802460158764175
26;2025-11-08;19;1.0064179383909868
26;2025-11-08;20;0.990747732982039
26;2025-11-08;21;1.0122629130078533
26;2025-11-08;22;1.0578340593525601
26;2025-11-08;23;0.9224331551845046
26;2025-11-09;0;1.0725991468712694
26;2025-11-09;1;1.3755921132798772
26;2025-11-09;2;1.0
26;2025-11-09;3;1.0
26;2025-11-09;4;1.1450107742697655
26;2025-11-09;5;1.390815523803253
26;2025-11-09;6;1.0261268279300026
26;2025-11-09;7;1.0121572747091596
26;2025-11-09;8;1.0172815219520972
26;2025-11-09;9;1.0307662995878044
26;2025-11-09;10;1.0263025943425894
26;2025-11-09;11;0.9883718245136752
26;2025-11-09;12;1.0262220700506928
26;2025-11-09;13;1.0142313267647463
26;2025-11-09;14;1.0122519627383946
26;2025-11-09;15;1.0253623009438948
26;2025-11-09;16;1.0541393739639693
26;2025-11-09;17;1.0261709304779503
26;2025-11-09;18;1.0485607089267048
26;2025-11-09;19;1.0999612108527164
26;2025-11-09;20;1.0485587447269384
26;2025-11-09;21;1.0645602945461747
26;2025-11-09;22;1.202950825734288
26;2025-11-09;23;1.0106943046247125
26;2025-11-10;0;0.9822302733665146
26;2025-11-10;1;1.350824040545369
26;2025-11-10;2;1.4852334254588915
26;2025-11-10;3;1.0
26;2025-11-10;4;1.4852334254588915
26;2025-11-10;5;0.9290331612532934
26;2025-11-10;6;1.077523516492602
26;2025-11-10;7;1.0000545409960253
26;2025-11-10;8;0.9592976842232553
26;2025-11-10;9;1.002520009742982
26;2025-11-10;10;0.9891169997449377
26;2025-11-10;11;0.9950105226739114
26;2025-11-10;12;0.9844553986997758
26;2025-11-10;13;0.9973775987951805
26;2025-11-10;14;0.9406674150422751
26;2025-11-10;15;0.9632518215292551
26;2025-11-10;16;1.000697358158736
26;2025-11-10;17;0.9800577282981418
26;2025-11-10;18;0.9908360733510619
26;2025-11-10;19;1.0296276367340673
26;2025-11-10;20;1.0360627635348316
26;2025-11-10;21;0.9684206483828357
26;2025-11-10;22;1.1319035068441674
26;2025-11-10;23;0.9949087751383298
26;2025-11-11;0;0.9822302733665146
26;2025-11-11;1;1.350824040545369
26;2025-11-11;2;1.4852334254588915
26;2025-11-11;3;1.0
26;2025-11-11;4;1.4852334254588915
26;2025-11-11;5;0.9290331612532934
26;2025-11-11;6;1.077523516492602
26;2025-11-11;7;1.0000545409960253
26;2025-11-11;8;0.9592976842232553
26;2025-11-11;9;1.002520009742982
26;2025-11-11;10;0.9891169997449377
26;2025-11-11;11;0.9950105226739114
26;2025-11-11;12;0.9844553986997758
26;2025-11-11;13;0.9973775987951805
26;2025-11-11;14;0.9406674150422751
26;2025-11-11;15;0.9632518215292551
26;2025-11-11;16;1.000697358158736
26;2025-11-11;17;0.9800577282981418
26;2025-11-11;18;0.9908360733510619
26;2025-11-11;19;1.0296276367340673
26;2025-11-11;20;1.0360627635348316
26;2025-11-11;21;0.9684206483828357
26;2025-11-11;22;1.1319035068441674
26;2025-11-11;23;0.9949087751383298
26;2025-11-12;0;0.9822302733665146
26;2025-11-12;1;1.350824040545369
26;2025-11-12;2;1.4852334254588915
26;2025-11-12;3;1.0
26;2025-11-12;4;1.4852334254588915
26;2025-11-12;5;0.9290331612532934
26;2025-11-12;6;1.077523516492602
26;2025-11-12;7;1.0000545409960253
26;2025-11-12;8;0.9592976842232553
26;2025-11-12;9;1.002520009742982
26;2025-11-12;10;0.9891169997449377
26;2025-11-12;11;0.9950105226739114
26;2025-11-12;12;0.9844553986997758
26;2025-11-12;13;0.9973775987951805
26;2025-11-12;14;0.9406674150422751
26;2025-11-12;15;0.9632518215292551
26;2025-11-12;16;1.000697358158736
26;2025-11-12;17;0.9800577282981418
26;2025-11-12;18;0.9908360733510619
26;2025-11-12;19;1.0296276367340673
26;2025-11-12;20;1.0360627635348316
26;2025-11-12;21;0.9684206483828357
26;2025-11-12;22;1.1319035068441674
26;2025-11-12;23;0.9949087751383298
26;2025-11-13;0;0.9822302733665146
26;2025-11-13;1;1.350824040545369
26;2025-11-13;2;1.4852334254588915
26;2025-11-13;3;1.0
26;2025-11-13;4;1.4852334254588915
26;2025-11-13;5;0.9290331612532934
26;2025-11-13;6;1.077523516492602
26;2025-11-13;7;1.0000545409960253
26;2025-11-13;8;0.9592976842232553
26;2025-11-13;9;1.002520009742982
26;2025-11-13;10;0.9891169997449377
26;2025-11-13;11;0.9950105226739114
26;2025-11-13;12;0.9844553986997758
26;2025-11-13;13;0.9973775987951805
26;2025-11-13;14;0.9406674150422751
26;2025-11-13;15;0.9632518215292551
26;2025-11-13;16;1.000697358158736
26;2025-11-13;17;0.9800577282981418
26;2025-11-13;18;0.9908360733510619
26;2025-11-13;19;1.0296276367340673
26;2025-11-13;20;1.0360627635348316
26;2025-11-13;21;0.9684206483828357
26;2025-11-13;22;1.1319035068441674
26;2025-11-13;23;0.9949087751383298
26;2025-11-14;0;1.1359319223051103
26;2025-11-14;1;1.5980586756725066
26;2025-11-14;2;1.0
26;2025-11-14;3;1.0
26;2025-11-14;4;1.5980586756725064
26;2025-11-14;5;1.0557125935067018
26;2025-11-14;6;1.0938926011909895
26;2025-11-14;7;1.0859568131632082
26;2025-11-14;8;0.9995454342927188
26;2025-11-14;9;1.0679900180885835
26;2025-11-14;10;1.029412191157044
26;2025-11-14;11;1.0330432376434047
26;2025-11-14;12;1.0876665623223705
26;2025-11-14;13;1.10902805532387
26;2025-11-14;14;0.9956514772720233
26;2025-11-14;15;1.088622215654381
26;2025-11-14;16;1.0562839744270525
26;2025-11-14;17;1.0284525563113227
26;2025-11-14;18;1.1296801447103617
26;2025-11-14;19;1.1242280699353324
26;2025-11-14;20;1.175592807522432
26;2025-11-14;21;1.0550444196899602
26;2025-11-14;22;1.2813547744153209
26;2025-11-14;23;1.0846775603139795
26;2025-11-15;0;0.8551210290605888
26;2025-11-15;1;1.1908332356751996
26;2025-11-15;2;1.0
26;2025-11-15;3;1.0
26;2025-11-15;4;1.1234867139835147
26;2025-11-15;5;0.9009190647564492
26;2025-11-15;6;1.0876249887080682
26;2025-11-15;7;0.9855063219573734
26;2025-11-15;8;0.944767084336597
26;2025-11-15;9;0.9979853098222156
26;2025-11-15;10;0.9619305969616827
26;2025-11-15;11;0.9741865166030501
26;2025-11-15;12;0.9625738523548577
26;2025-11-15;13;0.9630086191251702
26;2025-11-15;14;0.9477361864091091
26;2025-11-15;15;0.9541963015395858
26;2025-11-15;16;0.9329459132064425
26;2025-11-15;17;0.9586549781088184
26;2025-11-15;18;0.9802460158764175
26;2025-11-15;19;1.0064179383909868
26;2025-11-15;20;0.990747732982039
26;2025-11-15;21;1.0122629130078533
26;2025-11-15;22;1.0578340593525601
26;2025-11-15;23;0.9224331551845046
26;2025-11-16;0;1.0725991468712694
26;2025-11-16;1;1.3755921132798772
26;2025-11-16;2;1.0
26;2025-11-16;3;1.0
26;2025-11-16;4;1.1450107742697655
26;2025-11-16;5;1.390815523803253
26;2025-11-16;6;1.0261268279300026
26;2025-11-16;7;1.0121572747091596
26;2025-11-16;8;1.0172815219520972
26;2025-11-16;9;1.0307662995878044
26;2025-11-16;10;1.0263025943425894
26;2025-11-16;11;0.9883718245136752
26;2025-11-16;12;1.0262220700506928
26;2025-11-16;13;1.0142313267647463
26;2025-11-16;14;1.0122519627383946
26;2025-11-16;15;1.0253623009438948
26;2025-11-16;16;1.0541393739639693
26;2025-11-16;17;1.0261709304779503
26;2025-11-16;18;1.0485607089267048
26;2025-11-16;19;1.0999612108527164
26;2025-11-16;20;1.0485587447269384
26;2025-11-16;21;1.0645602945461747
26;2025-11-16;22;1.202950825734288
26;2025-11-16;23;1.0106943046247125
26;2025-11-17;0;0.9822302733665146
26;2025-11-17;1;1.350824040545369
26;2025-11-17;2;1.4852334254588915
26;2025-11-17;3;1.0
26;2025-11-17;4;1.4852334254588915
26;2025-11-17;5;0.9290331612532934
26;2025-11-17;6;1.077523516492602
26;2025-11-17;7;1.0000545409960253
26;2025-11-17;8;0.9592976842232553
26;2025-11-17;9;1.002520009742982
26;2025-11-17;10;0.9891169997449377
26;2025-11-17;11;0.9950105226739114
26;2025-11-17;12;0.9844553986997758
26;2025-11-17;13;0.9973775987951805
26;2025-11-17;14;0.9406674150422751
26;2025-11-17;15;0.9632518215292551
26;2025-11-17;16;1.000697358158736
26;2025-11-17;17;0.9800577282981418
26;2025-11-17;18;0.9908360733510619
26;2025-11-17;19;1.0296276367340673
26;2025-11-17;20;1.0360627635348316
26;2025-11-17;21;0.9684206483828357
26;2025-11-17;22;1.1319035068441674
26;2025-11-17;23;0.9949087751383298
26;2025-11-18;0;0.9822302733665146
26;2025-11-18;1;1.350824040545369
26;2025-11-18;2;1.4852334254588915
26;2025-11-18;3;1.0
26;2025-11-18;4;1.4852334254588915
26;2025-11-18;5;0.9290331612532934
26;2025-11-18;6;1.077523516492602
26;2025-11-18;7;1.0000545409960253
26;2025-11-18;8;0.9592976842232553
26;2025-11-18;9;1.002520009742982
26;2025-11-18;10;0.9891169997449377
26;2025-11-18;11;0.9950105226739114
26;2025-11-18;12;0.9844553986997758
26;2025-11-18;13;0.9973775987951805
26;2025-11-18;14;0.9406674150422751
26;2025-11-18;15;0.9632518215292551
26;2025-11-18;16;1.000697358158736
26;2025-11-18;17;0.9800577282981418
26;2025-11-18;18;0.9908360733510619
26;2025-11-18;19;1.0296276367340673
26;2025-11-18;20;1.0360627635348316
26;2025-11-18;21;0.9684206483828357
26;2025-11-18;22;1.1319035068441674
26;2025-11-18;23;0.9949087751383298
26;2025-11-19;0;0.9822302733665146
26;2025-11-19;1;1.350824040545369
26;2025-11-19;2;1.4852334254588915
26;2025-11-19;3;1.0
26;2025-11-19;4;1.4852334254588915
26;2025-11-19;5;0.9290331612532934
26;2025-11-19;6;1.077523516492602
26;2025-11-19;7;1.0000545409960253
26;2025-11-19;8;0.9592976842232553
26;2025-11-19;9;1.002520009742982
26;2025-11-19;10;0.9891169997449377
26;2025-11-19;11;0.9950105226739114
26;2025-11-19;12;0.9844553986997758
26;2025-11-19;13;0.9973775987951805
26;2025-11-19;14;0.9406674150422751
26;2025-11-19;15;0.9632518215292551
26;2025-11-19;16;1.000697358158736
26;2025-11-19;17;0.9800577282981418
26;2025-11-19;18;0.9908360733510619
26;2025-11-19;19;1.0296276367340673
26;2025-11-19;20;1.0360627635348316
26;2025-11-19;21;0.9684206483828357
26;2025-11-19;22;1.1319035068441674
26;2025-11-19;23;0.9949087751383298
26;2025-11-20;0;0.9822302733665146
26;2025-11-20;1;1.350824040545369
26;2025-11-20;2;1.4852334254588915
26;2025-11-20;3;1.0
26;2025-11-20;4;1.4852334254588915
26;2025-11-20;5;0.9290331612532934
26;2025-11-20;6;1.077523516492602
26;2025-11-20;7;1.0000545409960253
26;2025-11-20;8;0.9592976842232553
26;2025-11-20;9;1.002520009742982
26;2025-11-20;10;0.9891169997449377
26;2025-11-20;11;0.9950105226739114
26;2025-11-20;12;0.9844553986997758
26;2025-11-20;13;0.9973775987951805
26;2025-11-20;14;0.9406674150422751
26;2025-11-20;15;0.9632518215292551
26;2025-11-20;16;1.000697358158736
26;2025-11-20;17;0.9800577282981418
26;2025-11-20;18;0.9908360733510619
26;2025-11-20;19;1.0296276367340673
26;2025-11-20;20;1.0360627635348316
26;2025-11-20;21;0.9684206483828357
26;2025-11-20;22;1.1319035068441674
26;2025-11-20;23;0.9949087751383298
26;2025-11-21;0;1.1359319223051103
26;2025-11-21;1;1.5980586756725066
26;2025-11-21;2;1.0
26;2025-11-21;3;1.0
26;2025-11-21;4;1.5980586756725064
26;2025-11-21;5;1.0557125935067018
26;2025-11-21;6;1.0938926011909895
26;2025-11-21;7;1.0859568131632082
26;2025-11-21;8;0.9995454342927188
26;2025-11-21;9;1.0679900180885835
26;2025-11-21;10;1.029412191157044
26;2025-11-21;11;1.0330432376434047
26;2025-11-21;12;1.0876665623223705
26;2025-11-21;13;1.10902805532387
26;2025-11-21;14;0.9956514772720233
26;2025-11-21;15;1.088622215654381
26;2025-11-21;16;1.0562839744270525
26;2025-11-21;17;1.0284525563113227
26;2025-11-21;18;1.1296801447103617
26;2025-11-21;19;1.1242280699353324
26;2025-11-21;20;1.175592807522432
26;2025-11-21;21;1.0550444196899602
26;2025-11-21;22;1.2813547744153209
26;2025-11-21;23;1.0846775603139795
26;2025-11-22;0;0.8551210290605888
26;2025-11-22;1;1.1908332356751996
26;2025-11-22;2;1.0
26;2025-11-22;3;1.0
26;2025-11-22;4;1.1234867139835147
26;2025-11-22;5;0.9009190647564492
26;2025-11-22;6;1.0876249887080682
26;2025-11-22;7;0.9855063219573734
26;2025-11-22;8;0.944767084336597
26;2025-11-22;9;0.9979853098222156
26;2025-11-22;10;0.9619305969616827
26;2025-11-22;11;0.9741865166030501
26;2025-11-22;12;0.9625738523548577
26;2025-11-22;13;0.9630086191251702
26;2025-11-22;14;0.9477361864091091
26;2025-11-22;15;0.9541963015395858
26;2025-11-22;16;0.9329459132064425
26;2025-11-22;17;0.9586549781088184
26;2025-11-22;18;0.9802460158764175
26;2025-11-22;19;1.0064179383909868
26;2025-11-22;20;0.990747732982039
26;2025-11-22;21;1.0122629130078533
26;2025-11-22;22;1.0578340593525601
26;2025-11-22;23;0.9224331551845046
26;2025-11-23;0;1.0725991468712694
26;2025-11-23;1;1.3755921132798772
26;2025-11-23;2;1.0
26;2025-11-23;3;1.0
26;2025-11-23;4;1.1450107742697655
26;2025-11-23;5;1.390815523803253
26;2025-11-23;6;1.0261268279300026
26;2025-11-23;7;1.0121572747091596
26;2025-11-23;8;1.0172815219520972
26;2025-11-23;9;1.0307662995878044
26;2025-11-23;10;1.0263025943425894
26;2025-11-23;11;0.9883718245136752
26;2025-11-23;12;1.0262220700506928
26;2025-11-23;13;1.0142313267647463
26;2025-11-23;14;1.0122519627383946
26;2025-11-23;15;1.0253623009438948
26;2025-11-23;16;1.0541393739639693
26;2025-11-23;17;1.0261709304779503
26;2025-11-23;18;1.0485607089267048
26;2025-11-23;19;1.0999612108527164
26;2025-11-23;20;1.0485587447269384
26;2025-11-23;21;1.0645602945461747
26;2025-11-23;22;1.202950825734288
26;2025-11-23;23;1.0106943046247125
26;2025-11-24;0;0.9822302733665146
26;2025-11-24;1;1.350824040545369
26;2025-11-24;2;1.4852334254588915
26;2025-11-24;3;1.0
26;2025-11-24;4;1.4852334254588915
26;2025-11-24;5;0.9290331612532934
26;2025-11-24;6;1.077523516492602
26;2025-11-24;7;1.0000545409960253
26;2025-11-24;8;0.9592976842232553
26;2025-11-24;9;1.002520009742982
26;2025-11-24;10;0.9891169997449377
26;2025-11-24;11;0.9950105226739114
26;2025-11-24;12;0.9844553986997758
26;2025-11-24;13;0.9973775987951805
26;2025-11-24;14;0.9406674150422751
26;2025-11-24;15;0.9632518215292551
26;2025-11-24;16;1.000697358158736
26;2025-11-24;17;0.9800577282981418
26;2025-11-24;18;0.9908360733510619
26;2025-11-24;19;1.0296276367340673
26;2025-11-24;20;1.0360627635348316
26;2025-11-24;21;0.9684206483828357
26;2025-11-24;22;1.1319035068441674
26;2025-11-24;23;0.9949087751383298
26;2025-11-25;0;0.9822302733665146
26;2025-11-25;1;1.350824040545369
26;2025-11-25;2;1.4852334254588915
26;2025-11-25;3;1.0
26;2025-11-25;4;1.4852334254588915
26;2025-11-25;5;0.9290331612532934
26;2025-11-25;6;1.077523516492602
26;2025-11-25;7;1.0000545409960253
26;2025-11-25;8;0.9592976842232553
26;2025-11-25;9;1.002520009742982
26;2025-11-25;10;0.9891169997449377
26;2025-11-25;11;0.9950105226739114
26;2025-11-25;12;0.9844553986997758
26;2025-11-25;13;0.9973775987951805
26;2025-11-25;14;0.9406674150422751
26;2025-11-25;15;0.9632518215292551
26;2025-11-25;16;1.000697358158736
26;2025-11-25;17;0.9800577282981418
26;2025-11-25;18;0.9908360733510619
26;2025-11-25;19;1.0296276367340673
26;2025-11-25;20;1.0360627635348316
26;2025-11-25;21;0.9684206483828357
26;2025-11-25;22;1.1319035068441674
26;2025-11-25;23;0.9949087751383298
26;2025-11-26;0;0.9822302733665146
26;2025-11-26;1;1.350824040545369
26;2025-11-26;2;1.4852334254588915
26;2025-11-26;3;1.0
26;2025-11-26;4;1.4852334254588915
26;2025-11-26;5;0.9290331612532934
26;2025-11-26;6;1.077523516492602
26;2025-11-26;7;1.0000545409960253
26;2025-11-26;8;0.9592976842232553
26;2025-11-26;9;1.002520009742982
26;2025-11-26;10;0.9891169997449377
26;2025-11-26;11;0.9950105226739114
26;2025-11-26;12;0.9844553986997758
26;2025-11-26;13;0.9973775987951805
26;2025-11-26;14;0.9406674150422751
26;2025-11-26;15;0.9632518215292551
26;2025-11-26;16;1.000697358158736
26;2025-11-26;17;0.9800577282981418
26;2025-11-26;18;0.9908360733510619
26;2025-11-26;19;1.0296276367340673
26;2025-11-26;20;1.0360627635348316
26;2025-11-26;21;0.9684206483828357
26;2025-11-26;22;1.1319035068441674
26;2025-11-26;23;0.9949087751383298
26;2025-11-27;0;0.9822302733665146
26;2025-11-27;1;1.350824040545369
26;2025-11-27;2;1.4852334254588915
26;2025-11-27;3;1.0
26;2025-11-27;4;1.4852334254588915
26;2025-11-27;5;0.9290331612532934
26;2025-11-27;6;1.077523516492602
26;2025-11-27;7;1.0000545409960253
26;2025-11-27;8;0.9592976842232553
26;2025-11-27;9;1.002520009742982
26;2025-11-27;10;0.9891169997449377
26;2025-11-27;11;0.9950105226739114
26;2025-11-27;12;0.9844553986997758
26;2025-11-27;13;0.9973775987951805
26;2025-11-27;14;0.9406674150422751
26;2025-11-27;15;0.9632518215292551
26;2025-11-27;16;1.000697358158736
26;2025-11-27;17;0.9800577282981418
26;2025-11-27;18;0.9908360733510619
26;2025-11-27;19;1.0296276367340673
26;2025-11-27;20;1.0360627635348316
26;2025-11-27;21;0.9684206483828357
26;2025-11-27;22;1.1319035068441674
26;2025-11-27;23;0.9949087751383298
26;2025-11-28;0;1.1359319223051103
26;2025-11-28;1;1.5980586756725066
26;2025-11-28;2;1.0
26;2025-11-28;3;1.0
26;2025-11-28;4;1.5980586756725064
26;2025-11-28;5;1.0557125935067018
26;2025-11-28;6;1.0938926011909895
26;2025-11-28;7;1.0859568131632082
26;2025-11-28;8;0.9995454342927188
26;2025-11-28;9;1.0679900180885835
26;2025-11-28;10;1.029412191157044
26;2025-11-28;11;1.0330432376434047
26;2025-11-28;12;1.0876665623223705
26;2025-11-28;13;1.10902805532387
26;2025-11-28;14;0.9956514772720233
26;2025-11-28;15;1.088622215654381
26;2025-11-28;16;1.0562839744270525
26;2025-11-28;17;1.0284525563113227
26;2025-11-28;18;1.1296801447103617
26;2025-11-28;19;1.1242280699353324
26;2025-11-28;20;1.175592807522432
26;2025-11-28;21;1.0550444196899602
26;2025-11-28;22;1.2813547744153209
26;2025-11-28;23;1.0846775603139795
26;2025-11-29;0;0.8551210290605888
26;2025-11-29;1;1.1908332356751996
26;2025-11-29;2;1.0
26;2025-11-29;3;1.0
26;2025-11-29;4;1.1234867139835147
26;2025-11-29;5;0.9009190647564492
26;2025-11-29;6;1.0876249887080682
26;2025-11-29;7;0.9855063219573734
26;2025-11-29;8;0.944767084336597
26;2025-11-29;9;0.9979853098222156
26;2025-11-29;10;0.9619305969616827
26;2025-11-29;11;0.9741865166030501
26;2025-11-29;12;0.9625738523548577
26;2025-11-29;13;0.9630086191251702
26;2025-11-29;14;0.9477361864091091
26;2025-11-29;15;0.9541963015395858
26;2025-11-29;16;0.9329459132064425
26;2025-11-29;17;0.9586549781088184
26;2025-11-29;18;0.9802460158764175
26;2025-11-29;19;1.0064179383909868
26;2025-11-29;20;0.990747732982039
26;2025-11-29;21;1.0122629130078533
26;2025-11-29;22;1.0578340593525601
26;2025-11-29;23;0.9224331551845046
26;2025-11-30;0;1.0725991468712694
26;2025-11-30;1;1.3755921132798772
26;2025-11-30;2;1.0
26;2025-11-30;3;1.0
26;2025-11-30;4;1.1450107742697655
26;2025-11-30;5;1.390815523803253
26;2025-11-30;6;1.0261268279300026
26;2025-11-30;7;1.0121572747091596
26;2025-11-30;8;1.0172815219520972
26;2025-11-30;9;1.0307662995878044
26;2025-11-30;10;1.0263025943425894
26;2025-11-30;11;0.9883718245136752
26;2025-11-30;12;1.0262220700506928
26;2025-11-30;13;1.0142313267647463
26;2025-11-30;14;1.0122519627383946
26;2025-11-30;15;1.0253623009438948
26;2025-11-30;16;1.0541393739639693
26;2025-11-30;17;1.0261709304779503
26;2025-11-30;18;1.0485607089267048
26;2025-11-30;19;1.0999612108527164
26;2025-11-30;20;1.0485587447269384
26;2025-11-30;21;1.0645602945461747
26;2025-11-30;22;1.202950825734288
26;2025-11-30;23;1.0106943046247125
26;2025-12-01;0;0.9822302733665146
26;2025-12-01;1;1.350824040545369
26;2025-12-01;2;1.4852334254588915
26;2025-12-01;3;1.0
26;2025-12-01;4;1.4852334254588915
26;2025-12-01;5;0.9290331612532934
26;2025-12-01;6;1.077523516492602
26;2025-12-01;7;1.0000545409960253
26;2025-12-01;8;0.9592976842232553
26;2025-12-01;9;1.002520009742982
26;2025-12-01;10;0.9891169997449377
26;2025-12-01;11;0.9950105226739114
26;2025-12-01;12;0.9844553986997758
26;2025-12-01;13;0.9973775987951805
26;2025-12-01;14;0.9406674150422751
26;2025-12-01;15;0.9632518215292551
26;2025-12-01;16;1.000697358158736
26;2025-12-01;17;0.9800577282981418
26;2025-12-01;18;0.9908360733510619
26;2025-12-01;19;1.0296276367340673
26;2025-12-01;20;1.0360627635348316
26;2025-12-01;21;0.9684206483828357
26;2025-12-01;22;1.1319035068441674
26;2025-12-01;23;0.9949087751383298
26;2025-12-02;0;0.9822302733665146
26;2025-12-02;1;1.350824040545369
26;2025-12-02;2;1.4852334254588915
26;2025-12-02;3;1.0
26;2025-12-02;4;1.4852334254588915
26;2025-12-02;5;0.9290331612532934
26;2025-12-02;6;1.077523516492602
26;2025-12-02;7;1.0000545409960253
26;2025-12-02;8;0.9592976842232553
26;2025-12-02;9;1.002520009742982
26;2025-12-02;10;0.9891169997449377
26;2025-12-02;11;0.9950105226739114
26;2025-12-02;12;0.9844553986997758
26;2025-12-02;13;0.9973775987951805
26;2025-12-02;14;0.9406674150422751
26;2025-12-02;15;0.9632518215292551
26;2025-12-02;16;1.000697358158736
26;2025-12-02;17;0.9800577282981418
26;2025-12-02;18;0.9908360733510619
26;2025-12-02;19;1.0296276367340673
26;2025-12-02;20;1.0360627635348316
26;2025-12-02;21;0.9684206483828357
26;2025-12-02;22;1.1319035068441674
26;2025-12-02;23;0.9949087751383298
26;2025-12-03;0;0.9822302733665146
26;2025-12-03;1;1.350824040545369
26;2025-12-03;2;1.4852334254588915
26;2025-12-03;3;1.0
26;2025-12-03;4;1.4852334254588915
26;2025-12-03;5;0.9290331612532934
26;2025-12-03;6;1.077523516492602
26;2025-12-03;7;1.0000545409960253
26;2025-12-03;8;0.9592976842232553
26;2025-12-03;9;1.002520009742982
26;2025-12-03;10;0.9891169997449377
26;2025-12-03;11;0.9950105226739114
26;2025-12-03;12;0.9844553986997758
26;2025-12-03;13;0.9973775987951805
26;2025-12-03;14;0.9406674150422751
26;2025-12-03;15;0.9632518215292551
26;2025-12-03;16;1.000697358158736
26;2025-12-03;17;0.9800577282981418
26;2025-12-03;18;0.9908360733510619
26;2025-12-03;19;1.0296276367340673
26;2025-12-03;20;1.0360627635348316
26;2025-12-03;21;0.9684206483828357
26;2025-12-03;22;1.1319035068441674
26;2025-12-03;23;0.9949087751383298
26;2025-12-04;0;0.9822302733665146
26;2025-12-04;1;1.350824040545369
26;2025-12-04;2;1.4852334254588915
26;2025-12-04;3;1.0
26;2025-12-04;4;1.4852334254588915
26;2025-12-04;5;0.9290331612532934
26;2025-12-04;6;1.077523516492602
26;2025-12-04;7;1.0000545409960253
26;2025-12-04;8;0.9592976842232553
26;2025-12-04;9;1.002520009742982
26;2025-12-04;10;0.9891169997449377
26;2025-12-04;11;0.9950105226739114
26;2025-12-04;12;0.9844553986997758
26;2025-12-04;13;0.9973775987951805
26;2025-12-04;14;0.9406674150422751
26;2025-12-04;15;0.9632518215292551
26;2025-12-04;16;1.000697358158736
26;2025-12-04;17;0.9800577282981418
26;2025-12-04;18;0.9908360733510619
26;2025-12-04;19;1.0296276367340673
26;2025-12-04;20;1.0360627635348316
26;2025-12-04;21;0.9684206483828357
26;2025-12-04;22;1.1319035068441674
26;2025-12-04;23;0.9949087751383298
26;2025-12-05;0;1.1359319223051103
26;2025-12-05;1;1.5980586756725066
26;2025-12-05;2;1.0
26;2025-12-05;3;1.0
26;2025-12-05;4;1.5980586756725064
26;2025-12-05;5;1.0557125935067018
26;2025-12-05;6;1.0938926011909895
26;2025-12-05;7;1.0859568131632082
26;2025-12-05;8;0.9995454342927188
26;2025-12-05;9;1.0679900180885835
26;2025-12-05;10;1.029412191157044
26;2025-12-05;11;1.0330432376434047
26;2025-12-05;12;1.0876665623223705
26;2025-12-05;13;1.10902805532387
26;2025-12-05;14;0.9956514772720233
26;2025-12-05;15;1.088622215654381
26;2025-12-05;16;1.0562839744270525
26;2025-12-05;17;1.0284525563113227
26;2025-12-05;18;1.1296801447103617
26;2025-12-05;19;1.1242280699353324
26;2025-12-05;20;1.175592807522432
26;2025-12-05;21;1.0550444196899602
26;2025-12-05;22;1.2813547744153209
26;2025-12-05;23;1.0846775603139795
26;2025-12-06;0;0.8551210290605888
26;2025-12-06;1;1.1908332356751996
26;2025-12-06;2;1.0
26;2025-12-06;3;1.0
26;2025-12-06;4;1.1234867139835147
26;2025-12-06;5;0.9009190647564492
26;2025-12-06;6;1.0876249887080682
26;2025-12-06;7;0.9855063219573734
26;2025-12-06;8;0.944767084336597
26;2025-12-06;9;0.9979853098222156
26;2025-12-06;10;0.9619305969616827
26;2025-12-06;11;0.9741865166030501
26;2025-12-06;12;0.9625738523548577
26;2025-12-06;13;0.9630086191251702
26;2025-12-06;14;0.9477361864091091
26;2025-12-06;15;0.9541963015395858
26;2025-12-06;16;0.9329459132064425
26;2025-12-06;17;0.9586549781088184
26;2025-12-06;18;0.9802460158764175
26;2025-12-06;19;1.0064179383909868
26;2025-12-06;20;0.990747732982039
26;2025-12-06;21;1.0122629130078533
26;2025-12-06;22;1.0578340593525601
26;2025-12-06;23;0.9224331551845046
26;2025-12-07;0;1.0725991468712694
26;2025-12-07;1;1.3755921132798772
26;2025-12-07;2;1.0
26;2025-12-07;3;1.0
26;2025-12-07;4;1.1450107742697655
26;2025-12-07;5;1.390815523803253
26;2025-12-07;6;1.0261268279300026
26;2025-12-07;7;1.0121572747091596
26;2025-12-07;8;1.0172815219520972
26;2025-12-07;9;1.0307662995878044
26;2025-12-07;10;1.0263025943425894
26;2025-12-07;11;0.9883718245136752
26;2025-12-07;12;1.0262220700506928
26;2025-12-07;13;1.0142313267647463
26;2025-12-07;14;1.0122519627383946
26;2025-12-07;15;1.0253623009438948
26;2025-12-07;16;1.0541393739639693
26;2025-12-07;17;1.0261709304779503
26;2025-12-07;18;1.0485607089267048
26;2025-12-07;19;1.0999612108527164
26;2025-12-07;20;1.0485587447269384
26;2025-12-07;21;1.0645602945461747
26;2025-12-07;22;1.202950825734288
26;2025-12-07;23;1.0106943046247125
26;2025-12-08;0;0.9822302733665146
26;2025-12-08;1;1.350824040545369
26;2025-12-08;2;1.4852334254588915
26;2025-12-08;3;1.0
26;2025-12-08;4;1.4852334254588915
26;2025-12-08;5;0.9290331612532934
26;2025-12-08;6;1.077523516492602
26;2025-12-08;7;1.0000545409960253
26;2025-12-08;8;0.9592976842232553
26;2025-12-08;9;1.002520009742982
26;2025-12-08;10;0.9891169997449377
26;2025-12-08;11;0.9950105226739114
26;2025-12-08;12;0.9844553986997758
26;2025-12-08;13;0.9973775987951805
26;2025-12-08;14;0.9406674150422751
26;2025-12-08;15;0.9632518215292551
26;2025-12-08;16;1.000697358158736
26;2025-12-08;17;0.9800577282981418
26;2025-12-08;18;0.9908360733510619
26;2025-12-08;19;1.0296276367340673
26;2025-12-08;20;1.0360627635348316
26;2025-12-08;21;0.9684206483828357
26;2025-12-08;22;1.1319035068441674
26;2025-12-08;23;0.9949087751383298
26;2025-12-09;0;0.9822302733665146
26;2025-12-09;1;1.350824040545369
26;2025-12-09;2;1.4852334254588915
26;2025-12-09;3;1.0
26;2025-12-09;4;1.4852334254588915
26;2025-12-09;5;0.9290331612532934
26;2025-12-09;6;1.077523516492602
26;2025-12-09;7;1.0000545409960253
26;2025-12-09;8;0.9592976842232553
26;2025-12-09;9;1.002520009742982
26;2025-12-09;10;0.9891169997449377
26;2025-12-09;11;0.9950105226739114
26;2025-12-09;12;0.9844553986997758
26;2025-12-09;13;0.9973775987951805
26;2025-12-09;14;0.9406674150422751
26;2025-12-09;15;0.9632518215292551
26;2025-12-09;16;1.000697358158736
26;2025-12-09;17;0.9800577282981418
26;2025-12-09;18;0.9908360733510619
26;2025-12-09;19;1.0296276367340673
26;2025-12-09;20;1.0360627635348316
26;2025-12-09;21;0.9684206483828357
26;2025-12-09;22;1.1319035068441674
26;2025-12-09;23;0.9949087751383298
26;2025-12-10;0;0.9822302733665146
26;2025-12-10;1;1.350824040545369
26;2025-12-10;2;1.4852334254588915
26;2025-12-10;3;1.0
26;2025-12-10;4;1.4852334254588915
26;2025-12-10;5;0.9290331612532934
26;2025-12-10;6;1.077523516492602
26;2025-12-10;7;1.0000545409960253
26;2025-12-10;8;0.9592976842232553
26;2025-12-10;9;1.002520009742982
26;2025-12-10;10;0.9891169997449377
26;2025-12-10;11;0.9950105226739114
26;2025-12-10;12;0.9844553986997758
26;2025-12-10;13;0.9973775987951805
26;2025-12-10;14;0.9406674150422751
26;2025-12-10;15;0.9632518215292551
26;2025-12-10;16;1.000697358158736
26;2025-12-10;17;0.9800577282981418
26;2025-12-10;18;0.9908360733510619
26;2025-12-10;19;1.0296276367340673
26;2025-12-10;20;1.0360627635348316
26;2025-12-10;21;0.9684206483828357
26;2025-12-10;22;1.1319035068441674
26;2025-12-10;23;0.9949087751383298
26;2025-12-11;0;0.9822302733665146
26;2025-12-11;1;1.350824040545369
26;2025-12-11;2;1.4852334254588915
26;2025-12-11;3;1.0
26;2025-12-11;4;1.4852334254588915
26;2025-12-11;5;0.9290331612532934
26;2025-12-11;6;1.077523516492602
26;2025-12-11;7;1.0000545409960253
26;2025-12-11;8;0.9592976842232553
26;2025-12-11;9;1.002520009742982
26;2025-12-11;10;0.9891169997449377
26;2025-12-11;11;0.9950105226739114
26;2025-12-11;12;0.9844553986997758
26;2025-12-11;13;0.9973775987951805
26;2025-12-11;14;0.9406674150422751
26;2025-12-11;15;0.9632518215292551
26;2025-12-11;16;1.000697358158736
26;2025-12-11;17;0.9800577282981418
26;2025-12-11;18;0.9908360733510619
26;2025-12-11;19;1.0296276367340673
26;2025-12-11;20;1.0360627635348316
26;2025-12-11;21;0.9684206483828357
26;2025-12-11;22;1.1319035068441674
26;2025-12-11;23;0.9949087751383298
26;2025-12-12;0;1.1359319223051103
26;2025-12-12;1;1.5980586756725066
26;2025-12-12;2;1.0
26;2025-12-12;3;1.0
26;2025-12-12;4;1.5980586756725064
26;2025-12-12;5;1.0557125935067018
26;2025-12-12;6;1.0938926011909895
26;2025-12-12;7;1.0859568131632082
26;2025-12-12;8;0.9995454342927188
26;2025-12-12;9;1.0679900180885835
26;2025-12-12;10;1.029412191157044
26;2025-12-12;11;1.0330432376434047
26;2025-12-12;12;1.0876665623223705
26;2025-12-12;13;1.10902805532387
26;2025-12-12;14;0.9956514772720233
26;2025-12-12;15;1.088622215654381
26;2025-12-12;16;1.0562839744270525
26;2025-12-12;17;1.0284525563113227
26;2025-12-12;18;1.1296801447103617
26;2025-12-12;19;1.1242280699353324
26;2025-12-12;20;1.175592807522432
26;2025-12-12;21;1.0550444196899602
26;2025-12-12;22;1.2813547744153209
26;2025-12-12;23;1.0846775603139795
26;2025-12-13;0;0.8551210290605888
26;2025-12-13;1;1.1908332356751996
26;2025-12-13;2;1.0
26;2025-12-13;3;1.0
26;2025-12-13;4;1.1234867139835147
26;2025-12-13;5;0.9009190647564492
26;2025-12-13;6;1.0876249887080682
26;2025-12-13;7;0.9855063219573734
26;2025-12-13;8;0.944767084336597
26;2025-12-13;9;0.9979853098222156
26;2025-12-13;10;0.9619305969616827
26;2025-12-13;11;0.9741865166030501
26;2025-12-13;12;0.9625738523548577
26;2025-12-13;13;0.9630086191251702
26;2025-12-13;14;0.9477361864091091
26;2025-12-13;15;0.9541963015395858
26;2025-12-13;16;0.9329459132064425
26;2025-12-13;17;0.9586549781088184
26;2025-12-13;18;0.9802460158764175
26;2025-12-13;19;1.0064179383909868
26;2025-12-13;20;0.990747732982039
26;2025-12-13;21;1.0122629130078533
26;2025-12-13;22;1.0578340593525601
26;2025-12-13;23;0.9224331551845046
26;2025-12-14;0;1.0725991468712694
26;2025-12-14;1;1.3755921132798772
26;2025-12-14;2;1.0
26;2025-12-14;3;1.0
26;2025-12-14;4;1.1450107742697655
26;2025-12-14;5;1.390815523803253
26;2025-12-14;6;1.0261268279300026
26;2025-12-14;7;1.0121572747091596
26;2025-12-14;8;1.0172815219520972
26;2025-12-14;9;1.0307662995878044
26;2025-12-14;10;1.0263025943425894
26;2025-12-14;11;0.9883718245136752
26;2025-12-14;12;1.0262220700506928
26;2025-12-14;13;1.0142313267647463
26;2025-12-14;14;1.0122519627383946
26;2025-12-14;15;1.0253623009438948
26;2025-12-14;16;1.0541393739639693
26;2025-12-14;17;1.0261709304779503
26;2025-12-14;18;1.0485607089267048
26;2025-12-14;19;1.0999612108527164
26;2025-12-14;20;1.0485587447269384
26;2025-12-14;21;1.0645602945461747
26;2025-12-14;22;1.202950825734288
26;2025-12-14;23;1.0106943046247125
26;2025-12-15;0;0.9822302733665146
26;2025-12-15;1;1.350824040545369
26;2025-12-15;2;1.4852334254588915
26;2025-12-15;3;1.0
26;2025-12-15;4;1.4852334254588915
26;2025-12-15;5;0.9290331612532934
26;2025-12-15;6;1.077523516492602
26;2025-12-15;7;1.0000545409960253
26;2025-12-15;8;0.9592976842232553
26;2025-12-15;9;1.002520009742982
26;2025-12-15;10;0.9891169997449377
26;2025-12-15;11;0.9950105226739114
26;2025-12-15;12;0.9844553986997758
26;2025-12-15;13;0.9973775987951805
26;2025-12-15;14;0.9406674150422751
26;2025-12-15;15;0.9632518215292551
26;2025-12-15;16;1.000697358158736
26;2025-12-15;17;0.9800577282981418
26;2025-12-15;18;0.9908360733510619
26;2025-12-15;19;1.0296276367340673
26;2025-12-15;20;1.0360627635348316
26;2025-12-15;21;0.9684206483828357
26;2025-12-15;22;1.1319035068441674
26;2025-12-15;23;0.9949087751383298
26;2025-12-16;0;0.9822302733665146
26;2025-12-16;1;1.350824040545369
26;2025-12-16;2;1.4852334254588915
26;2025-12-16;3;1.0
26;2025-12-16;4;1.4852334254588915
26;2025-12-16;5;0.9290331612532934
26;2025-12-16;6;1.077523516492602
26;2025-12-16;7;1.0000545409960253
26;2025-12-16;8;0.9592976842232553
26;2025-12-16;9;1.002520009742982
26;2025-12-16;10;0.9891169997449377
26;2025-12-16;11;0.9950105226739114
26;2025-12-16;12;0.9844553986997758
26;2025-12-16;13;0.9973775987951805
26;2025-12-16;14;0.9406674150422751
26;2025-12-16;15;0.9632518215292551
26;2025-12-16;16;1.000697358158736
26;2025-12-16;17;0.9800577282981418
26;2025-12-16;18;0.9908360733510619
26;2025-12-16;19;1.0296276367340673
26;2025-12-16;20;1.0360627635348316
26;2025-12-16;21;0.9684206483828357
26;2025-12-16;22;1.1319035068441674
26;2025-12-16;23;0.9949087751383298
26;2025-12-17;0;0.9822302733665146
26;2025-12-17;1;1.350824040545369
26;2025-12-17;2;1.4852334254588915
26;2025-12-17;3;1.0
26;2025-12-17;4;1.4852334254588915
26;2025-12-17;5;0.9290331612532934
26;2025-12-17;6;1.077523516492602
26;2025-12-17;7;1.0000545409960253
26;2025-12-17;8;0.9592976842232553
26;2025-12-17;9;1.002520009742982
26;2025-12-17;10;0.9891169997449377
26;2025-12-17;11;0.9950105226739114
26;2025-12-17;12;0.9844553986997758
26;2025-12-17;13;0.9973775987951805
26;2025-12-17;14;0.9406674150422751
26;2025-12-17;15;0.9632518215292551
26;2025-12-17;16;1.000697358158736
26;2025-12-17;17;0.9800577282981418
26;2025-12-17;18;0.9908360733510619
26;2025-12-17;19;1.0296276367340673
26;2025-12-17;20;1.0360627635348316
26;2025-12-17;21;0.9684206483828357
26;2025-12-17;22;1.1319035068441674
26;2025-12-17;23;0.9949087751383298
26;2025-12-18;0;0.9822302733665146
26;2025-12-18;1;1.350824040545369
26;2025-12-18;2;1.4852334254588915
26;2025-12-18;3;1.0
26;2025-12-18;4;1.4852334254588915
26;2025-12-18;5;0.9290331612532934
26;2025-12-18;6;1.077523516492602
26;2025-12-18;7;1.0000545409960253
26;2025-12-18;8;0.9592976842232553
26;2025-12-18;9;1.002520009742982
26;2025-12-18;10;0.9891169997449377
26;2025-12-18;11;0.9950105226739114
26;2025-12-18;12;0.9844553986997758
26;2025-12-18;13;0.9973775987951805
26;2025-12-18;14;0.9406674150422751
26;2025-12-18;15;0.9632518215292551
26;2025-12-18;16;1.000697358158736
26;2025-12-18;17;0.9800577282981418
26;2025-12-18;18;0.9908360733510619
26;2025-12-18;19;1.0296276367340673
26;2025-12-18;20;1.0360627635348316
26;2025-12-18;21;0.9684206483828357
26;2025-12-18;22;1.1319035068441674
26;2025-12-18;23;0.9949087751383298
26;2025-12-19;0;1.1359319223051103
26;2025-12-19;1;1.5980586756725066
26;2025-12-19;2;1.0
26;2025-12-19;3;1.0
26;2025-12-19;4;1.5980586756725064
26;2025-12-19;5;1.0557125935067018
26;2025-12-19;6;1.0938926011909895
26;2025-12-19;7;1.0859568131632082
26;2025-12-19;8;0.9995454342927188
26;2025-12-19;9;1.0679900180885835
26;2025-12-19;10;1.029412191157044
26;2025-12-19;11;1.0330432376434047
26;2025-12-19;12;1.0876665623223705
26;2025-12-19;13;1.10902805532387
26;2025-12-19;14;0.9956514772720233
26;2025-12-19;15;1.088622215654381
26;2025-12-19;16;1.0562839744270525
26;2025-12-19;17;1.0284525563113227
26;2025-12-19;18;1.1296801447103617
26;2025-12-19;19;1.1242280699353324
26;2025-12-19;20;1.175592807522432
26;2025-12-19;21;1.0550444196899602
26;2025-12-19;22;1.2813547744153209
26;2025-12-19;23;1.0846775603139795
26;2025-12-20;0;0.8551210290605888
26;2025-12-20;1;1.1908332356751996
26;2025-12-20;2;1.0
26;2025-12-20;3;1.0
26;2025-12-20;4;1.1234867139835147
26;2025-12-20;5;0.9009190647564492
26;2025-12-20;6;1.0876249887080682
26;2025-12-20;7;0.9855063219573734
26;2025-12-20;8;0.944767084336597
26;2025-12-20;9;0.9979853098222156
26;2025-12-20;10;0.9619305969616827
26;2025-12-20;11;0.9741865166030501
26;2025-12-20;12;0.9625738523548577
26;2025-12-20;13;0.9630086191251702
26;2025-12-20;14;0.9477361864091091
26;2025-12-20;15;0.9541963015395858
26;2025-12-20;16;0.9329459132064425
26;2025-12-20;17;0.9586549781088184
26;2025-12-20;18;0.9802460158764175
26;2025-12-20;19;1.0064179383909868
26;2025-12-20;20;0.990747732982039
26;2025-12-20;21;1.0122629130078533
26;2025-12-20;22;1.0578340593525601
26;2025-12-20;23;0.9224331551845046
26;2025-12-21;0;1.0725991468712694
26;2025-12-21;1;1.3755921132798772
26;2025-12-21;2;1.0
26;2025-12-21;3;1.0
26;2025-12-21;4;1.1450107742697655
26;2025-12-21;5;1.390815523803253
26;2025-12-21;6;1.0261268279300026
26;2025-12-21;7;1.0121572747091596
26;2025-12-21;8;1.0172815219520972
26;2025-12-21;9;1.0307662995878044
26;2025-12-21;10;1.0263025943425894
26;2025-12-21;11;0.9883718245136752
26;2025-12-21;12;1.0262220700506928
26;2025-12-21;13;1.0142313267647463
26;2025-12-21;14;1.0122519627383946
26;2025-12-21;15;1.0253623009438948
26;2025-12-21;16;1.0541393739639693
26;2025-12-21;17;1.0261709304779503
26;2025-12-21;18;1.0485607089267048
26;2025-12-21;19;1.0999612108527164
26;2025-12-21;20;1.0485587447269384
26;2025-12-21;21;1.0645602945461747
26;2025-12-21;22;1.202950825734288
26;2025-12-21;23;1.0106943046247125
26;2025-12-22;0;0.9822302733665146
26;2025-12-22;1;1.350824040545369
26;2025-12-22;2;1.4852334254588915
26;2025-12-22;3;1.0
26;2025-12-22;4;1.4852334254588915
26;2025-12-22;5;0.9290331612532934
26;2025-12-22;6;1.077523516492602
26;2025-12-22;7;1.0000545409960253
26;2025-12-22;8;0.9592976842232553
26;2025-12-22;9;1.002520009742982
26;2025-12-22;10;0.9891169997449377
26;2025-12-22;11;0.9950105226739114
26;2025-12-22;12;0.9844553986997758
26;2025-12-22;13;0.9973775987951805
26;2025-12-22;14;0.9406674150422751
26;2025-12-22;15;0.9632518215292551
26;2025-12-22;16;1.000697358158736
26;2025-12-22;17;0.9800577282981418
26;2025-12-22;18;0.9908360733510619
26;2025-12-22;19;1.0296276367340673
26;2025-12-22;20;1.0360627635348316
26;2025-12-22;21;0.9684206483828357
26;2025-12-22;22;1.1319035068441674
26;2025-12-22;23;0.9949087751383298
26;2025-12-23;0;0.9822302733665146
26;2025-12-23;1;1.350824040545369
26;2025-12-23;2;1.4852334254588915
26;2025-12-23;3;1.0
26;2025-12-23;4;1.4852334254588915
26;2025-12-23;5;0.9290331612532934
26;2025-12-23;6;1.077523516492602
26;2025-12-23;7;1.0000545409960253
26;2025-12-23;8;0.9592976842232553
26;2025-12-23;9;1.002520009742982
26;2025-12-23;10;0.9891169997449377
26;2025-12-23;11;0.9950105226739114
26;2025-12-23;12;0.9844553986997758
26;2025-12-23;13;0.9973775987951805
26;2025-12-23;14;0.9406674150422751
26;2025-12-23;15;0.9632518215292551
26;2025-12-23;16;1.000697358158736
26;2025-12-23;17;0.9800577282981418
26;2025-12-23;18;0.9908360733510619
26;2025-12-23;19;1.0296276367340673
26;2025-12-23;20;1.0360627635348316
26;2025-12-23;21;0.9684206483828357
26;2025-12-23;22;1.1319035068441674
26;2025-12-23;23;0.9949087751383298
26;2025-12-24;0;0.9822302733665146
26;2025-12-24;1;1.350824040545369
26;2025-12-24;2;1.4852334254588915
26;2025-12-24;3;1.0
26;2025-12-24;4;1.4852334254588915
26;2025-12-24;5;0.9290331612532934
26;2025-12-24;6;1.077523516492602
26;2025-12-24;7;1.0000545409960253
26;2025-12-24;8;0.9592976842232553
26;2025-12-24;9;1.002520009742982
26;2025-12-24;10;0.9891169997449377
26;2025-12-24;11;0.9950105226739114
26;2025-12-24;12;0.9844553986997758
26;2025-12-24;13;0.9973775987951805
26;2025-12-24;14;0.9406674150422751
26;2025-12-24;15;0.9632518215292551
26;2025-12-24;16;1.000697358158736
26;2025-12-24;17;0.9800577282981418
26;2025-12-24;18;0.9908360733510619
26;2025-12-24;19;1.0296276367340673
26;2025-12-24;20;1.0360627635348316
26;2025-12-24;21;0.9684206483828357
26;2025-12-24;22;1.1319035068441674
26;2025-12-24;23;0.9949087751383298
26;2025-12-25;0;0.9822302733665146
26;2025-12-25;1;1.350824040545369
26;2025-12-25;2;1.4852334254588915
26;2025-12-25;3;1.0
26;2025-12-25;4;1.4852334254588915
26;2025-12-25;5;0.9290331612532934
26;2025-12-25;6;1.077523516492602
26;2025-12-25;7;1.0000545409960253
26;2025-12-25;8;0.9592976842232553
26;2025-12-25;9;1.002520009742982
26;2025-12-25;10;0.9891169997449377
26;2025-12-25;11;0.9950105226739114
26;2025-12-25;12;0.9844553986997758
26;2025-12-25;13;0.9973775987951805
26;2025-12-25;14;0.9406674150422751
26;2025-12-25;15;0.9632518215292551
26;2025-12-25;16;1.000697358158736
26;2025-12-25;17;0.9800577282981418
26;2025-12-25;18;0.9908360733510619
26;2025-12-25;19;1.0296276367340673
26;2025-12-25;20;1.0360627635348316
26;2025-12-25;21;0.9684206483828357
26;2025-12-25;22;1.1319035068441674
26;2025-12-25;23;0.9949087751383298
26;2025-12-26;0;1.1359319223051103
26;2025-12-26;1;1.5980586756725066
26;2025-12-26;2;1.0
26;2025-12-26;3;1.0
26;2025-12-26;4;1.5980586756725064
26;2025-12-26;5;1.0557125935067018
26;2025-12-26;6;1.0938926011909895
26;2025-12-26;7;1.0859568131632082
26;2025-12-26;8;0.9995454342927188
26;2025-12-26;9;1.0679900180885835
26;2025-12-26;10;1.029412191157044
26;2025-12-26;11;1.0330432376434047
26;2025-12-26;12;1.0876665623223705
26;2025-12-26;13;1.10902805532387
26;2025-12-26;14;0.9956514772720233
26;2025-12-26;15;1.088622215654381
26;2025-12-26;16;1.0562839744270525
26;2025-12-26;17;1.0284525563113227
26;2025-12-26;18;1.1296801447103617
26;2025-12-26;19;1.1242280699353324
26;2025-12-26;20;1.175592807522432
26;2025-12-26;21;1.0550444196899602
26;2025-12-26;22;1.2813547744153209
26;2025-12-26;23;1.0846775603139795
26;2025-12-27;0;0.8551210290605888
26;2025-12-27;1;1.1908332356751996
26;2025-12-27;2;1.0
26;2025-12-27;3;1.0
26;2025-12-27;4;1.1234867139835147
26;2025-12-27;5;0.9009190647564492
26;2025-12-27;6;1.0876249887080682
26;2025-12-27;7;0.9855063219573734
26;2025-12-27;8;0.944767084336597
26;2025-12-27;9;0.9979853098222156
26;2025-12-27;10;0.9619305969616827
26;2025-12-27;11;0.9741865166030501
26;2025-12-27;12;0.9625738523548577
26;2025-12-27;13;0.9630086191251702
26;2025-12-27;14;0.9477361864091091
26;2025-12-27;15;0.9541963015395858
26;2025-12-27;16;0.9329459132064425
26;2025-12-27;17;0.9586549781088184
26;2025-12-27;18;0.9802460158764175
26;2025-12-27;19;1.0064179383909868
26;2025-12-27;20;0.990747732982039
26;2025-12-27;21;1.0122629130078533
26;2025-12-27;22;1.0578340593525601
26;2025-12-27;23;0.9224331551845046
26;2025-12-28;0;1.0725991468712694
26;2025-12-28;1;1.3755921132798772
26;2025-12-28;2;1.0
26;2025-12-28;3;1.0
26;2025-12-28;4;1.1450107742697655
26;2025-12-28;5;1.390815523803253
26;2025-12-28;6;1.0261268279300026
26;2025-12-28;7;1.0121572747091596
26;2025-12-28;8;1.0172815219520972
26;2025-12-28;9;1.0307662995878044
26;2025-12-28;10;1.0263025943425894
26;2025-12-28;11;0.9883718245136752
26;2025-12-28;12;1.0262220700506928
26;2025-12-28;13;1.0142313267647463
26;2025-12-28;14;1.0122519627383946
26;2025-12-28;15;1.0253623009438948
26;2025-12-28;16;1.0541393739639693
26;2025-12-28;17;1.0261709304779503
26;2025-12-28;18;1.0485607089267048
26;2025-12-28;19;1.0999612108527164
26;2025-12-28;20;1.0485587447269384
26;2025-12-28;21;1.0645602945461747
26;2025-12-28;22;1.202950825734288
26;2025-12-28;23;1.0106943046247125
26;2025-12-29;0;0.9822302733665146
26;2025-12-29;1;1.350824040545369
26;2025-12-29;2;1.4852334254588915
26;2025-12-29;3;1.0
26;2025-12-29;4;1.4852334254588915
26;2025-12-29;5;0.9290331612532934
26;2025-12-29;6;1.077523516492602
26;2025-12-29;7;1.0000545409960253
26;2025-12-29;8;0.9592976842232553
26;2025-12-29;9;1.002520009742982
26;2025-12-29;10;0.9891169997449377
26;2025-12-29;11;0.9950105226739114
26;2025-12-29;12;0.9844553986997758
26;2025-12-29;13;0.9973775987951805
26;2025-12-29;14;0.9406674150422751
26;2025-12-29;15;0.9632518215292551
26;2025-12-29;16;1.000697358158736
26;2025-12-29;17;0.9800577282981418
26;2025-12-29;18;0.9908360733510619
26;2025-12-29;19;1.0296276367340673
26;2025-12-29;20;1.0360627635348316
26;2025-12-29;21;0.9684206483828357
26;2025-12-29;22;1.1319035068441674
26;2025-12-29;23;0.9949087751383298
26;2025-12-30;0;0.9822302733665146
26;2025-12-30;1;1.350824040545369
26;2025-12-30;2;1.4852334254588915
26;2025-12-30;3;1.0
26;2025-12-30;4;1.4852334254588915
26;2025-12-30;5;0.9290331612532934
26;2025-12-30;6;1.077523516492602
26;2025-12-30;7;1.0000545409960253
26;2025-12-30;8;0.9592976842232553
26;2025-12-30;9;1.002520009742982
26;2025-12-30;10;0.9891169997449377
26;2025-12-30;11;0.9950105226739114
26;2025-12-30;12;0.9844553986997758
26;2025-12-30;13;0.9973775987951805
26;2025-12-30;14;0.9406674150422751
26;2025-12-30;15;0.9632518215292551
26;2025-12-30;16;1.000697358158736
26;2025-12-30;17;0.9800577282981418
26;2025-12-30;18;0.9908360733510619
26;2025-12-30;19;1.0296276367340673
26;2025-12-30;20;1.0360627635348316
26;2025-12-30;21;0.9684206483828357
26;2025-12-30;22;1.1319035068441674
26;2025-12-30;23;0.9949087751383298
26;2025-12-31;0;1.0725991468712694
26;2025-12-31;1;1.3755921132798772
26;2025-12-31;2;1.0
26;2025-12-31;3;1.0
26;2025-12-31;4;1.1450107742697655
26;2025-12-31;5;1.390815523803253
26;2025-12-31;6;1.0261268279300026
26;2025-12-31;7;1.0121572747091596
26;2025-12-31;8;1.0172815219520972
26;2025-12-31;9;1.0307662995878044
26;2025-12-31;10;1.0263025943425894
26;2025-12-31;11;0.9883718245136752
26;2025-12-31;12;1.0262220700506928
26;2025-12-31;13;1.0142313267647463
26;2025-12-31;14;1.0122519627383946
26;2025-12-31;15;1.0253623009438948
26;2025-12-31;16;1.0541393739639693
26;2025-12-31;17;1.0261709304779503
26;2025-12-31;18;1.0485607089267048
26;2025-12-31;19;1.0999612108527164
26;2025-12-31;20;1.0485587447269384
26;2025-12-31;21;1.0645602945461747
26;2025-12-31;22;1.202950825734288
26;2025-12-31;23;1.0106943046247125
28;2025-11-01;0;1.4421378412006707
28;2025-11-01;1;1.0
28;2025-11-01;2;1.0
28;2025-11-01;3;1.0
28;2025-11-01;4;1.2204349934946432
28;2025-11-01;5;1.1108070952912208
28;2025-11-01;6;1.0329983258376485
28;2025-11-01;7;1.0185085321890437
28;2025-11-01;8;1.0105433769377836
28;2025-11-01;9;1.0659721415135024
28;2025-11-01;10;1.0711804785781032
28;2025-11-01;11;1.038714728389589
28;2025-11-01;12;0.9920945095417948
28;2025-11-01;13;1.064922355485973
28;2025-11-01;14;1.062696343352948
28;2025-11-01;15;1.0708858636362668
28;2025-11-01;16;1.0578519444261194
28;2025-11-01;17;1.0665266394171666
28;2025-11-01;18;1.025528051516745
28;2025-11-01;19;1.0535316977301692
28;2025-11-01;20;1.1718807733391416
28;2025-11-01;21;1.0470241310921027
28;2025-11-01;22;1.1761519344197684
28;2025-11-01;23;1.1761916620445367
28;2025-11-02;0;1.5089471945759887
28;2025-11-02;1;1.0
28;2025-11-02;2;1.0
28;2025-11-02;3;1.0
28;2025-11-02;4;1.5089471945759882
28;2025-11-02;5;1.0591360621321018
28;2025-11-02;6;1.1012091315108608
28;2025-11-02;7;0.9556979551451689
28;2025-11-02;8;0.9955046325688754
28;2025-11-02;9;0.980967422601905
28;2025-11-02;10;0.9732244130960089
28;2025-11-02;11;0.9791982018596299
28;2025-11-02;12;1.0378582063166744
28;2025-11-02;13;0.9961906875164055
28;2025-11-02;14;1.012516738130881
28;2025-11-02;15;1.0131110233745273
28;2025-11-02;16;1.0534942820907287
28;2025-11-02;17;0.9857496800935436
28;2025-11-02;18;1.0005327434757685
28;2025-11-02;19;0.9631733858598316
28;2025-11-02;20;1.020019024642532
28;2025-11-02;21;1.0514683563242937
28;2025-11-02;22;1.00200248591522
28;2025-11-02;23;1.0754237677527496
28;2025-11-03;0;1.5089471945759887
28;2025-11-03;1;1.0
28;2025-11-03;2;1.0
28;2025-11-03;3;1.0
28;2025-11-03;4;1.5089471945759882
28;2025-11-03;5;1.0591360621321018
28;2025-11-03;6;1.1012091315108608
28;2025-11-03;7;0.9556979551451689
28;2025-11-03;8;0.9955046325688754
28;2025-11-03;9;0.980967422601905
28;2025-11-03;10;0.9732244130960089
28;2025-11-03;11;0.9791982018596299
28;2025-11-03;12;1.0378582063166744
28;2025-11-03;13;0.9961906875164055
28;2025-11-03;14;1.012516738130881
28;2025-11-03;15;1.0131110233745273
28;2025-11-03;16;1.0534942820907287
28;2025-11-03;17;0.9857496800935436
28;2025-11-03;18;1.0005327434757685
28;2025-11-03;19;0.9631733858598316
28;2025-11-03;20;1.020019024642532
28;2025-11-03;21;1.0514683563242937
28;2025-11-03;22;1.00200248591522
28;2025-11-03;23;1.0754237677527496
28;2025-11-04;0;1.5089471945759887
28;2025-11-04;1;1.0
28;2025-11-04;2;1.0
28;2025-11-04;3;1.0
28;2025-11-04;4;1.5089471945759882
28;2025-11-04;5;1.0591360621321018
28;2025-11-04;6;1.1012091315108608
28;2025-11-04;7;0.9556979551451689
28;2025-11-04;8;0.9955046325688754
28;2025-11-04;9;0.980967422601905
28;2025-11-04;10;0.9732244130960089
28;2025-11-04;11;0.9791982018596299
28;2025-11-04;12;1.0378582063166744
28;2025-11-04;13;0.9961906875164055
28;2025-11-04;14;1.012516738130881
28;2025-11-04;15;1.0131110233745273
28;2025-11-04;16;1.0534942820907287
28;2025-11-04;17;0.9857496800935436
28;2025-11-04;18;1.0005327434757685
28;2025-11-04;19;0.9631733858598316
28;2025-11-04;20;1.020019024642532
28;2025-11-04;21;1.0514683563242937
28;2025-11-04;22;1.00200248591522
28;2025-11-04;23;1.0754237677527496
28;2025-11-05;0;0.9182356578677325
28;2025-11-05;1;0.6933689575433288
28;2025-11-05;2;1.0
28;2025-11-05;3;1.0
28;2025-11-05;4;1.396728588897604
28;2025-11-05;5;1.0547927566941881
28;2025-11-05;6;1.0829990892235142
28;2025-11-05;7;1.03818418468765
28;2025-11-05;8;0.9870439739317004
28;2025-11-05;9;1.0482705941479118
28;2025-11-05;10;1.0382766142651219
28;2025-11-05;11;1.0297204521732535
28;2025-11-05;12;1.0021161500922893
28;2025-11-05;13;1.0294760648585621
28;2025-11-05;14;1.005939276936825
28;2025-11-05;15;1.0118405437718854
28;2025-11-05;16;0.9853690573433976
28;2025-11-05;17;0.9603303244037178
28;2025-11-05;18;0.981583353065024
28;2025-11-05;19;0.9963534353496396
28;2025-11-05;20;1.010804452897637
28;2025-11-05;21;1.0063377926004446
28;2025-11-05;22;1.1461017214409532
28;2025-11-05;23;1.5136230841689053
28;2025-11-06;0;0.9182356578677325
28;2025-11-06;1;0.6933689575433288
28;2025-11-06;2;1.0
28;2025-11-06;3;1.0
28;2025-11-06;4;1.396728588897604
28;2025-11-06;5;1.0547927566941881
28;2025-11-06;6;1.0829990892235142
28;2025-11-06;7;1.03818418468765
28;2025-11-06;8;0.9870439739317004
28;2025-11-06;9;1.0482705941479118
28;2025-11-06;10;1.0382766142651219
28;2025-11-06;11;1.0297204521732535
28;2025-11-06;12;1.0021161500922893
28;2025-11-06;13;1.0294760648585621
28;2025-11-06;14;1.005939276936825
28;2025-11-06;15;1.0118405437718854
28;2025-11-06;16;0.9853690573433976
28;2025-11-06;17;0.9603303244037178
28;2025-11-06;18;0.981583353065024
28;2025-11-06;19;0.9963534353496396
28;2025-11-06;20;1.010804452897637
28;2025-11-06;21;1.0063377926004446
28;2025-11-06;22;1.1461017214409532
28;2025-11-06;23;1.5136230841689053
28;2025-11-07;0;1.4421378412006707
28;2025-11-07;1;1.0
28;2025-11-07;2;1.0
28;2025-11-07;3;1.0
28;2025-11-07;4;1.2204349934946432
28;2025-11-07;5;1.1108070952912208
28;2025-11-07;6;1.0329983258376485
28;2025-11-07;7;1.0185085321890437
28;2025-11-07;8;1.0105433769377836
28;2025-11-07;9;1.0659721415135024
28;2025-11-07;10;1.0711804785781032
28;2025-11-07;11;1.038714728389589
28;2025-11-07;12;0.9920945095417948
28;2025-11-07;13;1.064922355485973
28;2025-11-07;14;1.062696343352948
28;2025-11-07;15;1.0708858636362668
28;2025-11-07;16;1.0578519444261194
28;2025-11-07;17;1.0665266394171666
28;2025-11-07;18;1.025528051516745
28;2025-11-07;19;1.0535316977301692
28;2025-11-07;20;1.1718807733391416
28;2025-11-07;21;1.0470241310921027
28;2025-11-07;22;1.1761519344197684
28;2025-11-07;23;1.1761916620445367
28;2025-11-08;0;1.3235653965996117
28;2025-11-08;1;1.0
28;2025-11-08;2;1.0
28;2025-11-08;3;1.0
28;2025-11-08;4;0.9446452695269956
28;2025-11-08;5;0.9302873273900559
28;2025-11-08;6;0.9685561622416409
28;2025-11-08;7;0.9484398916865213
28;2025-11-08;8;0.9315912386909756
28;2025-11-08;9;0.9973940483915104
28;2025-11-08;10;0.9573921282366803
28;2025-11-08;11;0.9657758258794727
28;2025-11-08;12;0.9515623175763792
28;2025-11-08;13;0.9801873899733419
28;2025-11-08;14;1.0526856791479096
28;2025-11-08;15;0.965445861993847
28;2025-11-08;16;0.9270810402271507
28;2025-11-08;17;0.9801626079189841
28;2025-11-08;18;0.979894139357241
28;2025-11-08;19;1.0587823616467484
28;2025-11-08;20;1.0681277291568707
28;2025-11-08;21;1.0484864883784062
28;2025-11-08;22;1.2514666036081257
28;2025-11-08;23;1.4813541493470401
28;2025-11-09;0;1.5089471945759887
28;2025-11-09;1;1.0
28;2025-11-09;2;1.0
28;2025-11-09;3;1.0
28;2025-11-09;4;1.5089471945759882
28;2025-11-09;5;1.0591360621321018
28;2025-11-09;6;1.1012091315108608
28;2025-11-09;7;0.9556979551451689
28;2025-11-09;8;0.9955046325688754
28;2025-11-09;9;0.980967422601905
28;2025-11-09;10;0.9732244130960089
28;2025-11-09;11;0.9791982018596299
28;2025-11-09;12;1.0378582063166744
28;2025-11-09;13;0.9961906875164055
28;2025-11-09;14;1.012516738130881
28;2025-11-09;15;1.0131110233745273
28;2025-11-09;16;1.0534942820907287
28;2025-11-09;17;0.9857496800935436
28;2025-11-09;18;1.0005327434757685
28;2025-11-09;19;0.9631733858598316
28;2025-11-09;20;1.020019024642532
28;2025-11-09;21;1.0514683563242937
28;2025-11-09;22;1.00200248591522
28;2025-11-09;23;1.0754237677527496
28;2025-11-10;0;0.9182356578677325
28;2025-11-10;1;0.6933689575433288
28;2025-11-10;2;1.0
28;2025-11-10;3;1.0
28;2025-11-10;4;1.396728588897604
28;2025-11-10;5;1.0547927566941881
28;2025-11-10;6;1.0829990892235142
28;2025-11-10;7;1.03818418468765
28;2025-11-10;8;0.9870439739317004
28;2025-11-10;9;1.0482705941479118
28;2025-11-10;10;1.0382766142651219
28;2025-11-10;11;1.0297204521732535
28;2025-11-10;12;1.0021161500922893
28;2025-11-10;13;1.0294760648585621
28;2025-11-10;14;1.005939276936825
28;2025-11-10;15;1.0118405437718854
28;2025-11-10;16;0.9853690573433976
28;2025-11-10;17;0.9603303244037178
28;2025-11-10;18;0.981583353065024
28;2025-11-10;19;0.9963534353496396
28;2025-11-10;20;1.010804452897637
28;2025-11-10;21;1.0063377926004446
28;2025-11-10;22;1.1461017214409532
28;2025-11-10;23;1.5136230841689053
28;2025-11-11;0;0.9182356578677325
28;2025-11-11;1;0.6933689575433288
28;2025-11-11;2;1.0
28;2025-11-11;3;1.0
28;2025-11-11;4;1.396728588897604
28;2025-11-11;5;1.0547927566941881
28;2025-11-11;6;1.0829990892235142
28;2025-11-11;7;1.03818418468765
28;2025-11-11;8;0.9870439739317004
28;2025-11-11;9;1.0482705941479118
28;2025-11-11;10;1.0382766142651219
28;2025-11-11;11;1.0297204521732535
28;2025-11-11;12;1.0021161500922893
28;2025-11-11;13;1.0294760648585621
28;2025-11-11;14;1.005939276936825
28;2025-11-11;15;1.0118405437718854
28;2025-11-11;16;0.9853690573433976
28;2025-11-11;17;0.9603303244037178
28;2025-11-11;18;0.981583353065024
28;2025-11-11;19;0.9963534353496396
28;2025-11-11;20;1.010804452897637
28;2025-11-11;21;1.0063377926004446
28;2025-11-11;22;1.1461017214409532
28;2025-11-11;23;1.5136230841689053
28;2025-11-12;0;0.9182356578677325
28;2025-11-12;1;0.6933689575433288
28;2025-11-12;2;1.0
28;2025-11-12;3;1.0
28;2025-11-12;4;1.396728588897604
28;2025-11-12;5;1.0547927566941881
28;2025-11-12;6;1.0829990892235142
28;2025-11-12;7;1.03818418468765
28;2025-11-12;8;0.9870439739317004
28;2025-11-12;9;1.0482705941479118
28;2025-11-12;10;1.0382766142651219
28;2025-11-12;11;1.0297204521732535
28;2025-11-12;12;1.0021161500922893
28;2025-11-12;13;1.0294760648585621
28;2025-11-12;14;1.005939276936825
28;2025-11-12;15;1.0118405437718854
28;2025-11-12;16;0.9853690573433976
28;2025-11-12;17;0.9603303244037178
28;2025-11-12;18;0.981583353065024
28;2025-11-12;19;0.9963534353496396
28;2025-11-12;20;1.010804452897637
28;2025-11-12;21;1.0063377926004446
28;2025-11-12;22;1.1461017214409532
28;2025-11-12;23;1.5136230841689053
28;2025-11-13;0;0.9182356578677325
28;2025-11-13;1;0.6933689575433288
28;2025-11-13;2;1.0
28;2025-11-13;3;1.0
28;2025-11-13;4;1.396728588897604
28;2025-11-13;5;1.0547927566941881
28;2025-11-13;6;1.0829990892235142
28;2025-11-13;7;1.03818418468765
28;2025-11-13;8;0.9870439739317004
28;2025-11-13;9;1.0482705941479118
28;2025-11-13;10;1.0382766142651219
28;2025-11-13;11;1.0297204521732535
28;2025-11-13;12;1.0021161500922893
28;2025-11-13;13;1.0294760648585621
28;2025-11-13;14;1.005939276936825
28;2025-11-13;15;1.0118405437718854
28;2025-11-13;16;0.9853690573433976
28;2025-11-13;17;0.9603303244037178
28;2025-11-13;18;0.981583353065024
28;2025-11-13;19;0.9963534353496396
28;2025-11-13;20;1.010804452897637
28;2025-11-13;21;1.0063377926004446
28;2025-11-13;22;1.1461017214409532
28;2025-11-13;23;1.5136230841689053
28;2025-11-14;0;1.4421378412006707
28;2025-11-14;1;1.0
28;2025-11-14;2;1.0
28;2025-11-14;3;1.0
28;2025-11-14;4;1.2204349934946432
28;2025-11-14;5;1.1108070952912208
28;2025-11-14;6;1.0329983258376485
28;2025-11-14;7;1.0185085321890437
28;2025-11-14;8;1.0105433769377836
28;2025-11-14;9;1.0659721415135024
28;2025-11-14;10;1.0711804785781032
28;2025-11-14;11;1.038714728389589
28;2025-11-14;12;0.9920945095417948
28;2025-11-14;13;1.064922355485973
28;2025-11-14;14;1.062696343352948
28;2025-11-14;15;1.0708858636362668
28;2025-11-14;16;1.0578519444261194
28;2025-11-14;17;1.0665266394171666
28;2025-11-14;18;1.025528051516745
28;2025-11-14;19;1.0535316977301692
28;2025-11-14;20;1.1718807733391416
28;2025-11-14;21;1.0470241310921027
28;2025-11-14;22;1.1761519344197684
28;2025-11-14;23;1.1761916620445367
28;2025-11-15;0;1.3235653965996117
28;2025-11-15;1;1.0
28;2025-11-15;2;1.0
28;2025-11-15;3;1.0
28;2025-11-15;4;0.9446452695269956
28;2025-11-15;5;0.9302873273900559
28;2025-11-15;6;0.9685561622416409
28;2025-11-15;7;0.9484398916865213
28;2025-11-15;8;0.9315912386909756
28;2025-11-15;9;0.9973940483915104
28;2025-11-15;10;0.9573921282366803
28;2025-11-15;11;0.9657758258794727
28;2025-11-15;12;0.9515623175763792
28;2025-11-15;13;0.9801873899733419
28;2025-11-15;14;1.0526856791479096
28;2025-11-15;15;0.965445861993847
28;2025-11-15;16;0.9270810402271507
28;2025-11-15;17;0.9801626079189841
28;2025-11-15;18;0.979894139357241
28;2025-11-15;19;1.0587823616467484
28;2025-11-15;20;1.0681277291568707
28;2025-11-15;21;1.0484864883784062
28;2025-11-15;22;1.2514666036081257
28;2025-11-15;23;1.4813541493470401
28;2025-11-16;0;1.5089471945759887
28;2025-11-16;1;1.0
28;2025-11-16;2;1.0
28;2025-11-16;3;1.0
28;2025-11-16;4;1.5089471945759882
28;2025-11-16;5;1.0591360621321018
28;2025-11-16;6;1.1012091315108608
28;2025-11-16;7;0.9556979551451689
28;2025-11-16;8;0.9955046325688754
28;2025-11-16;9;0.980967422601905
28;2025-11-16;10;0.9732244130960089
28;2025-11-16;11;0.9791982018596299
28;2025-11-16;12;1.0378582063166744
28;2025-11-16;13;0.9961906875164055
28;2025-11-16;14;1.012516738130881
28;2025-11-16;15;1.0131110233745273
28;2025-11-16;16;1.0534942820907287
28;2025-11-16;17;0.9857496800935436
28;2025-11-16;18;1.0005327434757685
28;2025-11-16;19;0.9631733858598316
28;2025-11-16;20;1.020019024642532
28;2025-11-16;21;1.0514683563242937
28;2025-11-16;22;1.00200248591522
28;2025-11-16;23;1.0754237677527496
28;2025-11-17;0;0.9182356578677325
28;2025-11-17;1;0.6933689575433288
28;2025-11-17;2;1.0
28;2025-11-17;3;1.0
28;2025-11-17;4;1.396728588897604
28;2025-11-17;5;1.0547927566941881
28;2025-11-17;6;1.0829990892235142
28;2025-11-17;7;1.03818418468765
28;2025-11-17;8;0.9870439739317004
28;2025-11-17;9;1.0482705941479118
28;2025-11-17;10;1.0382766142651219
28;2025-11-17;11;1.0297204521732535
28;2025-11-17;12;1.0021161500922893
28;2025-11-17;13;1.0294760648585621
28;2025-11-17;14;1.005939276936825
28;2025-11-17;15;1.0118405437718854
28;2025-11-17;16;0.9853690573433976
28;2025-11-17;17;0.9603303244037178
28;2025-11-17;18;0.981583353065024
28;2025-11-17;19;0.9963534353496396
28;2025-11-17;20;1.010804452897637
28;2025-11-17;21;1.0063377926004446
28;2025-11-17;22;1.1461017214409532
28;2025-11-17;23;1.5136230841689053
28;2025-11-18;0;0.9182356578677325
28;2025-11-18;1;0.6933689575433288
28;2025-11-18;2;1.0
28;2025-11-18;3;1.0
28;2025-11-18;4;1.396728588897604
28;2025-11-18;5;1.0547927566941881
28;2025-11-18;6;1.0829990892235142
28;2025-11-18;7;1.03818418468765
28;2025-11-18;8;0.9870439739317004
28;2025-11-18;9;1.0482705941479118
28;2025-11-18;10;1.0382766142651219
28;2025-11-18;11;1.0297204521732535
28;2025-11-18;12;1.0021161500922893
28;2025-11-18;13;1.0294760648585621
28;2025-11-18;14;1.005939276936825
28;2025-11-18;15;1.0118405437718854
28;2025-11-18;16;0.9853690573433976
28;2025-11-18;17;0.9603303244037178
28;2025-11-18;18;0.981583353065024
28;2025-11-18;19;0.9963534353496396
28;2025-11-18;20;1.010804452897637
28;2025-11-18;21;1.0063377926004446
28;2025-11-18;22;1.1461017214409532
28;2025-11-18;23;1.5136230841689053
28;2025-11-19;0;0.9182356578677325
28;2025-11-19;1;0.6933689575433288
28;2025-11-19;2;1.0
28;2025-11-19;3;1.0
28;2025-11-19;4;1.396728588897604
28;2025-11-19;5;1.0547927566941881
28;2025-11-19;6;1.0829990892235142
28;2025-11-19;7;1.03818418468765
28;2025-11-19;8;0.9870439739317004
28;2025-11-19;9;1.0482705941479118
28;2025-11-19;10;1.0382766142651219
28;2025-11-19;11;1.0297204521732535
28;2025-11-19;12;1.0021161500922893
28;2025-11-19;13;1.0294760648585621
28;2025-11-19;14;1.005939276936825
28;2025-11-19;15;1.0118405437718854
28;2025-11-19;16;0.9853690573433976
28;2025-11-19;17;0.9603303244037178
28;2025-11-19;18;0.981583353065024
28;2025-11-19;19;0.9963534353496396
28;2025-11-19;20;1.010804452897637
28;2025-11-19;21;1.0063377926004446
28;2025-11-19;22;1.1461017214409532
28;2025-11-19;23;1.5136230841689053
28;2025-11-20;0;0.9182356578677325
28;2025-11-20;1;0.6933689575433288
28;2025-11-20;2;1.0
28;2025-11-20;3;1.0
28;2025-11-20;4;1.396728588897604
28;2025-11-20;5;1.0547927566941881
28;2025-11-20;6;1.0829990892235142
28;2025-11-20;7;1.03818418468765
28;2025-11-20;8;0.9870439739317004
28;2025-11-20;9;1.0482705941479118
28;2025-11-20;10;1.0382766142651219
28;2025-11-20;11;1.0297204521732535
28;2025-11-20;12;1.0021161500922893
28;2025-11-20;13;1.0294760648585621
28;2025-11-20;14;1.005939276936825
28;2025-11-20;15;1.0118405437718854
28;2025-11-20;16;0.9853690573433976
28;2025-11-20;17;0.9603303244037178
28;2025-11-20;18;0.981583353065024
28;2025-11-20;19;0.9963534353496396
28;2025-11-20;20;1.010804452897637
28;2025-11-20;21;1.0063377926004446
28;2025-11-20;22;1.1461017214409532
28;2025-11-20;23;1.5136230841689053
28;2025-11-21;0;1.4421378412006707
28;2025-11-21;1;1.0
28;2025-11-21;2;1.0
28;2025-11-21;3;1.0
28;2025-11-21;4;1.2204349934946432
28;2025-11-21;5;1.1108070952912208
28;2025-11-21;6;1.0329983258376485
28;2025-11-21;7;1.0185085321890437
28;2025-11-21;8;1.0105433769377836
28;2025-11-21;9;1.0659721415135024
28;2025-11-21;10;1.0711804785781032
28;2025-11-21;11;1.038714728389589
28;2025-11-21;12;0.9920945095417948
28;2025-11-21;13;1.064922355485973
28;2025-11-21;14;1.062696343352948
28;2025-11-21;15;1.0708858636362668
28;2025-11-21;16;1.0578519444261194
28;2025-11-21;17;1.0665266394171666
28;2025-11-21;18;1.025528051516745
28;2025-11-21;19;1.0535316977301692
28;2025-11-21;20;1.1718807733391416
28;2025-11-21;21;1.0470241310921027
28;2025-11-21;22;1.1761519344197684
28;2025-11-21;23;1.1761916620445367
28;2025-11-22;0;1.3235653965996117
28;2025-11-22;1;1.0
28;2025-11-22;2;1.0
28;2025-11-22;3;1.0
28;2025-11-22;4;0.9446452695269956
28;2025-11-22;5;0.9302873273900559
28;2025-11-22;6;0.9685561622416409
28;2025-11-22;7;0.9484398916865213
28;2025-11-22;8;0.9315912386909756
28;2025-11-22;9;0.9973940483915104
28;2025-11-22;10;0.9573921282366803
28;2025-11-22;11;0.9657758258794727
28;2025-11-22;12;0.9515623175763792
28;2025-11-22;13;0.9801873899733419
28;2025-11-22;14;1.0526856791479096
28;2025-11-22;15;0.965445861993847
28;2025-11-22;16;0.9270810402271507
28;2025-11-22;17;0.9801626079189841
28;2025-11-22;18;0.979894139357241
28;2025-11-22;19;1.0587823616467484
28;2025-11-22;20;1.0681277291568707
28;2025-11-22;21;1.0484864883784062
28;2025-11-22;22;1.2514666036081257
28;2025-11-22;23;1.4813541493470401
28;2025-11-23;0;1.5089471945759887
28;2025-11-23;1;1.0
28;2025-11-23;2;1.0
28;2025-11-23;3;1.0
28;2025-11-23;4;1.5089471945759882
28;2025-11-23;5;1.0591360621321018
28;2025-11-23;6;1.1012091315108608
28;2025-11-23;7;0.9556979551451689
28;2025-11-23;8;0.9955046325688754
28;2025-11-23;9;0.980967422601905
28;2025-11-23;10;0.9732244130960089
28;2025-11-23;11;0.9791982018596299
28;2025-11-23;12;1.0378582063166744
28;2025-11-23;13;0.9961906875164055
28;2025-11-23;14;1.012516738130881
28;2025-11-23;15;1.0131110233745273
28;2025-11-23;16;1.0534942820907287
28;2025-11-23;17;0.9857496800935436
28;2025-11-23;18;1.0005327434757685
28;2025-11-23;19;0.9631733858598316
28;2025-11-23;20;1.020019024642532
28;2025-11-23;21;1.0514683563242937
28;2025-11-23;22;1.00200248591522
28;2025-11-23;23;1.0754237677527496
28;2025-11-24;0;0.9182356578677325
28;2025-11-24;1;0.6933689575433288
28;2025-11-24;2;1.0
28;2025-11-24;3;1.0
28;2025-11-24;4;1.396728588897604
28;2025-11-24;5;1.0547927566941881
28;2025-11-24;6;1.0829990892235142
28;2025-11-24;7;1.03818418468765
28;2025-11-24;8;0.9870439739317004
28;2025-11-24;9;1.0482705941479118
28;2025-11-24;10;1.0382766142651219
28;2025-11-24;11;1.0297204521732535
28;2025-11-24;12;1.0021161500922893
28;2025-11-24;13;1.0294760648585621
28;2025-11-24;14;1.005939276936825
28;2025-11-24;15;1.0118405437718854
28;2025-11-24;16;0.9853690573433976
28;2025-11-24;17;0.9603303244037178
28;2025-11-24;18;0.981583353065024
28;2025-11-24;19;0.9963534353496396
28;2025-11-24;20;1.010804452897637
28;2025-11-24;21;1.0063377926004446
28;2025-11-24;22;1.1461017214409532
28;2025-11-24;23;1.5136230841689053
28;2025-11-25;0;0.9182356578677325
28;2025-11-25;1;0.6933689575433288
28;2025-11-25;2;1.0
28;2025-11-25;3;1.0
28;2025-11-25;4;1.396728588897604
28;2025-11-25;5;1.0547927566941881
28;2025-11-25;6;1.0829990892235142
28;2025-11-25;7;1.03818418468765
28;2025-11-25;8;0.9870439739317004
28;2025-11-25;9;1.0482705941479118
28;2025-11-25;10;1.0382766142651219
28;2025-11-25;11;1.0297204521732535
28;2025-11-25;12;1.0021161500922893
28;2025-11-25;13;1.0294760648585621
28;2025-11-25;14;1.005939276936825
28;2025-11-25;15;1.0118405437718854
28;2025-11-25;16;0.9853690573433976
28;2025-11-25;17;0.9603303244037178
28;2025-11-25;18;0.981583353065024
28;2025-11-25;19;0.9963534353496396
28;2025-11-25;20;1.010804452897637
28;2025-11-25;21;1.0063377926004446
28;2025-11-25;22;1.1461017214409532
28;2025-11-25;23;1.5136230841689053
28;2025-11-26;0;0.9182356578677325
28;2025-11-26;1;0.6933689575433288
28;2025-11-26;2;1.0
28;2025-11-26;3;1.0
28;2025-11-26;4;1.396728588897604
28;2025-11-26;5;1.0547927566941881
28;2025-11-26;6;1.0829990892235142
28;2025-11-26;7;1.03818418468765
28;2025-11-26;8;0.9870439739317004
28;2025-11-26;9;1.0482705941479118
28;2025-11-26;10;1.0382766142651219
28;2025-11-26;11;1.0297204521732535
28;2025-11-26;12;1.0021161500922893
28;2025-11-26;13;1.0294760648585621
28;2025-11-26;14;1.005939276936825
28;2025-11-26;15;1.0118405437718854
28;2025-11-26;16;0.9853690573433976
28;2025-11-26;17;0.9603303244037178
28;2025-11-26;18;0.981583353065024
28;2025-11-26;19;0.9963534353496396
28;2025-11-26;20;1.010804452897637
28;2025-11-26;21;1.0063377926004446
28;2025-11-26;22;1.1461017214409532
28;2025-11-26;23;1.5136230841689053
28;2025-11-27;0;0.9182356578677325
28;2025-11-27;1;0.6933689575433288
28;2025-11-27;2;1.0
28;2025-11-27;3;1.0
28;2025-11-27;4;1.396728588897604
28;2025-11-27;5;1.0547927566941881
28;2025-11-27;6;1.0829990892235142
28;2025-11-27;7;1.03818418468765
28;2025-11-27;8;0.9870439739317004
28;2025-11-27;9;1.0482705941479118
28;2025-11-27;10;1.0382766142651219
28;2025-11-27;11;1.0297204521732535
28;2025-11-27;12;1.0021161500922893
28;2025-11-27;13;1.0294760648585621
28;2025-11-27;14;1.005939276936825
28;2025-11-27;15;1.0118405437718854
28;2025-11-27;16;0.9853690573433976
28;2025-11-27;17;0.9603303244037178
28;2025-11-27;18;0.981583353065024
28;2025-11-27;19;0.9963534353496396
28;2025-11-27;20;1.010804452897637
28;2025-11-27;21;1.0063377926004446
28;2025-11-27;22;1.1461017214409532
28;2025-11-27;23;1.5136230841689053
28;2025-11-28;0;1.4421378412006707
28;2025-11-28;1;1.0
28;2025-11-28;2;1.0
28;2025-11-28;3;1.0
28;2025-11-28;4;1.2204349934946432
28;2025-11-28;5;1.1108070952912208
28;2025-11-28;6;1.0329983258376485
28;2025-11-28;7;1.0185085321890437
28;2025-11-28;8;1.0105433769377836
28;2025-11-28;9;1.0659721415135024
28;2025-11-28;10;1.0711804785781032
28;2025-11-28;11;1.038714728389589
28;2025-11-28;12;0.9920945095417948
28;2025-11-28;13;1.064922355485973
28;2025-11-28;14;1.062696343352948
28;2025-11-28;15;1.0708858636362668
28;2025-11-28;16;1.0578519444261194
28;2025-11-28;17;1.0665266394171666
28;2025-11-28;18;1.025528051516745
28;2025-11-28;19;1.0535316977301692
28;2025-11-28;20;1.1718807733391416
28;2025-11-28;21;1.0470241310921027
28;2025-11-28;22;1.1761519344197684
28;2025-11-28;23;1.1761916620445367
28;2025-11-29;0;1.3235653965996117
28;2025-11-29;1;1.0
28;2025-11-29;2;1.0
28;2025-11-29;3;1.0
28;2025-11-29;4;0.9446452695269956
28;2025-11-29;5;0.9302873273900559
28;2025-11-29;6;0.9685561622416409
28;2025-11-29;7;0.9484398916865213
28;2025-11-29;8;0.9315912386909756
28;2025-11-29;9;0.9973940483915104
28;2025-11-29;10;0.9573921282366803
28;2025-11-29;11;0.9657758258794727
28;2025-11-29;12;0.9515623175763792
28;2025-11-29;13;0.9801873899733419
28;2025-11-29;14;1.0526856791479096
28;2025-11-29;15;0.965445861993847
28;2025-11-29;16;0.9270810402271507
28;2025-11-29;17;0.9801626079189841
28;2025-11-29;18;0.979894139357241
28;2025-11-29;19;1.0587823616467484
28;2025-11-29;20;1.0681277291568707
28;2025-11-29;21;1.0484864883784062
28;2025-11-29;22;1.2514666036081257
28;2025-11-29;23;1.4813541493470401
28;2025-11-30;0;1.5089471945759887
28;2025-11-30;1;1.0
28;2025-11-30;2;1.0
28;2025-11-30;3;1.0
28;2025-11-30;4;1.5089471945759882
28;2025-11-30;5;1.0591360621321018
28;2025-11-30;6;1.1012091315108608
28;2025-11-30;7;0.9556979551451689
28;2025-11-30;8;0.9955046325688754
28;2025-11-30;9;0.980967422601905
28;2025-11-30;10;0.9732244130960089
28;2025-11-30;11;0.9791982018596299
28;2025-11-30;12;1.0378582063166744
28;2025-11-30;13;0.9961906875164055
28;2025-11-30;14;1.012516738130881
28;2025-11-30;15;1.0131110233745273
28;2025-11-30;16;1.0534942820907287
28;2025-11-30;17;0.9857496800935436
28;2025-11-30;18;1.0005327434757685
28;2025-11-30;19;0.9631733858598316
28;2025-11-30;20;1.020019024642532
28;2025-11-30;21;1.0514683563242937
28;2025-11-30;22;1.00200248591522
28;2025-11-30;23;1.0754237677527496
28;2025-12-01;0;0.9182356578677325
28;2025-12-01;1;0.6933689575433288
28;2025-12-01;2;1.0
28;2025-12-01;3;1.0
28;2025-12-01;4;1.396728588897604
28;2025-12-01;5;1.0547927566941881
28;2025-12-01;6;1.0829990892235142
28;2025-12-01;7;1.03818418468765
28;2025-12-01;8;0.9870439739317004
28;2025-12-01;9;1.0482705941479118
28;2025-12-01;10;1.0382766142651219
28;2025-12-01;11;1.0297204521732535
28;2025-12-01;12;1.0021161500922893
28;2025-12-01;13;1.0294760648585621
28;2025-12-01;14;1.005939276936825
28;2025-12-01;15;1.0118405437718854
28;2025-12-01;16;0.9853690573433976
28;2025-12-01;17;0.9603303244037178
28;2025-12-01;18;0.981583353065024
28;2025-12-01;19;0.9963534353496396
28;2025-12-01;20;1.010804452897637
28;2025-12-01;21;1.0063377926004446
28;2025-12-01;22;1.1461017214409532
28;2025-12-01;23;1.5136230841689053
28;2025-12-02;0;0.9182356578677325
28;2025-12-02;1;0.6933689575433288
28;2025-12-02;2;1.0
28;2025-12-02;3;1.0
28;2025-12-02;4;1.396728588897604
28;2025-12-02;5;1.0547927566941881
28;2025-12-02;6;1.0829990892235142
28;2025-12-02;7;1.03818418468765
28;2025-12-02;8;0.9870439739317004
28;2025-12-02;9;1.0482705941479118
28;2025-12-02;10;1.0382766142651219
28;2025-12-02;11;1.0297204521732535
28;2025-12-02;12;1.0021161500922893
28;2025-12-02;13;1.0294760648585621
28;2025-12-02;14;1.005939276936825
28;2025-12-02;15;1.0118405437718854
28;2025-12-02;16;0.9853690573433976
28;2025-12-02;17;0.9603303244037178
28;2025-12-02;18;0.981583353065024
28;2025-12-02;19;0.9963534353496396
28;2025-12-02;20;1.010804452897637
28;2025-12-02;21;1.0063377926004446
28;2025-12-02;22;1.1461017214409532
28;2025-12-02;23;1.5136230841689053
28;2025-12-03;0;0.9182356578677325
28;2025-12-03;1;0.6933689575433288
28;2025-12-03;2;1.0
28;2025-12-03;3;1.0
28;2025-12-03;4;1.396728588897604
28;2025-12-03;5;1.0547927566941881
28;2025-12-03;6;1.0829990892235142
28;2025-12-03;7;1.03818418468765
28;2025-12-03;8;0.9870439739317004
28;2025-12-03;9;1.0482705941479118
28;2025-12-03;10;1.0382766142651219
28;2025-12-03;11;1.0297204521732535
28;2025-12-03;12;1.0021161500922893
28;2025-12-03;13;1.0294760648585621
28;2025-12-03;14;1.005939276936825
28;2025-12-03;15;1.0118405437718854
28;2025-12-03;16;0.9853690573433976
28;2025-12-03;17;0.9603303244037178
28;2025-12-03;18;0.981583353065024
28;2025-12-03;19;0.9963534353496396
28;2025-12-03;20;1.010804452897637
28;2025-12-03;21;1.0063377926004446
28;2025-12-03;22;1.1461017214409532
28;2025-12-03;23;1.5136230841689053
28;2025-12-04;0;0.9182356578677325
28;2025-12-04;1;0.6933689575433288
28;2025-12-04;2;1.0
28;2025-12-04;3;1.0
28;2025-12-04;4;1.396728588897604
28;2025-12-04;5;1.0547927566941881
28;2025-12-04;6;1.0829990892235142
28;2025-12-04;7;1.03818418468765
28;2025-12-04;8;0.9870439739317004
28;2025-12-04;9;1.0482705941479118
28;2025-12-04;10;1.0382766142651219
28;2025-12-04;11;1.0297204521732535
28;2025-12-04;12;1.0021161500922893
28;2025-12-04;13;1.0294760648585621
28;2025-12-04;14;1.005939276936825
28;2025-12-04;15;1.0118405437718854
28;2025-12-04;16;0.9853690573433976
28;2025-12-04;17;0.9603303244037178
28;2025-12-04;18;0.981583353065024
28;2025-12-04;19;0.9963534353496396
28;2025-12-04;20;1.010804452897637
28;2025-12-04;21;1.0063377926004446
28;2025-12-04;22;1.1461017214409532
28;2025-12-04;23;1.5136230841689053
28;2025-12-05;0;1.4421378412006707
28;2025-12-05;1;1.0
28;2025-12-05;2;1.0
28;2025-12-05;3;1.0
28;2025-12-05;4;1.2204349934946432
28;2025-12-05;5;1.1108070952912208
28;2025-12-05;6;1.0329983258376485
28;2025-12-05;7;1.0185085321890437
28;2025-12-05;8;1.0105433769377836
28;2025-12-05;9;1.0659721415135024
28;2025-12-05;10;1.0711804785781032
28;2025-12-05;11;1.038714728389589
28;2025-12-05;12;0.9920945095417948
28;2025-12-05;13;1.064922355485973
28;2025-12-05;14;1.062696343352948
28;2025-12-05;15;1.0708858636362668
28;2025-12-05;16;1.0578519444261194
28;2025-12-05;17;1.0665266394171666
28;2025-12-05;18;1.025528051516745
28;2025-12-05;19;1.0535316977301692
28;2025-12-05;20;1.1718807733391416
28;2025-12-05;21;1.0470241310921027
28;2025-12-05;22;1.1761519344197684
28;2025-12-05;23;1.1761916620445367
28;2025-12-06;0;1.3235653965996117
28;2025-12-06;1;1.0
28;2025-12-06;2;1.0
28;2025-12-06;3;1.0
28;2025-12-06;4;0.9446452695269956
28;2025-12-06;5;0.9302873273900559
28;2025-12-06;6;0.9685561622416409
28;2025-12-06;7;0.9484398916865213
28;2025-12-06;8;0.9315912386909756
28;2025-12-06;9;0.9973940483915104
28;2025-12-06;10;0.9573921282366803
28;2025-12-06;11;0.9657758258794727
28;2025-12-06;12;0.9515623175763792
28;2025-12-06;13;0.9801873899733419
28;2025-12-06;14;1.0526856791479096
28;2025-12-06;15;0.965445861993847
28;2025-12-06;16;0.9270810402271507
28;2025-12-06;17;0.9801626079189841
28;2025-12-06;18;0.979894139357241
28;2025-12-06;19;1.0587823616467484
28;2025-12-06;20;1.0681277291568707
28;2025-12-06;21;1.0484864883784062
28;2025-12-06;22;1.2514666036081257
28;2025-12-06;23;1.4813541493470401
28;2025-12-07;0;1.5089471945759887
28;2025-12-07;1;1.0
28;2025-12-07;2;1.0
28;2025-12-07;3;1.0
28;2025-12-07;4;1.5089471945759882
28;2025-12-07;5;1.0591360621321018
28;2025-12-07;6;1.1012091315108608
28;2025-12-07;7;0.9556979551451689
28;2025-12-07;8;0.9955046325688754
28;2025-12-07;9;0.980967422601905
28;2025-12-07;10;0.9732244130960089
28;2025-12-07;11;0.9791982018596299
28;2025-12-07;12;1.0378582063166744
28;2025-12-07;13;0.9961906875164055
28;2025-12-07;14;1.012516738130881
28;2025-12-07;15;1.0131110233745273
28;2025-12-07;16;1.0534942820907287
28;2025-12-07;17;0.9857496800935436
28;2025-12-07;18;1.0005327434757685
28;2025-12-07;19;0.9631733858598316
28;2025-12-07;20;1.020019024642532
28;2025-12-07;21;1.0514683563242937
28;2025-12-07;22;1.00200248591522
28;2025-12-07;23;1.0754237677527496
28;2025-12-08;0;0.9182356578677325
28;2025-12-08;1;0.6933689575433288
28;2025-12-08;2;1.0
28;2025-12-08;3;1.0
28;2025-12-08;4;1.396728588897604
28;2025-12-08;5;1.0547927566941881
28;2025-12-08;6;1.0829990892235142
28;2025-12-08;7;1.03818418468765
28;2025-12-08;8;0.9870439739317004
28;2025-12-08;9;1.0482705941479118
28;2025-12-08;10;1.0382766142651219
28;2025-12-08;11;1.0297204521732535
28;2025-12-08;12;1.0021161500922893
28;2025-12-08;13;1.0294760648585621
28;2025-12-08;14;1.005939276936825
28;2025-12-08;15;1.0118405437718854
28;2025-12-08;16;0.9853690573433976
28;2025-12-08;17;0.9603303244037178
28;2025-12-08;18;0.981583353065024
28;2025-12-08;19;0.9963534353496396
28;2025-12-08;20;1.010804452897637
28;2025-12-08;21;1.0063377926004446
28;2025-12-08;22;1.1461017214409532
28;2025-12-08;23;1.5136230841689053
28;2025-12-09;0;0.9182356578677325
28;2025-12-09;1;0.6933689575433288
28;2025-12-09;2;1.0
28;2025-12-09;3;1.0
28;2025-12-09;4;1.396728588897604
28;2025-12-09;5;1.0547927566941881
28;2025-12-09;6;1.0829990892235142
28;2025-12-09;7;1.03818418468765
28;2025-12-09;8;0.9870439739317004
28;2025-12-09;9;1.0482705941479118
28;2025-12-09;10;1.0382766142651219
28;2025-12-09;11;1.0297204521732535
28;2025-12-09;12;1.0021161500922893
28;2025-12-09;13;1.0294760648585621
28;2025-12-09;14;1.005939276936825
28;2025-12-09;15;1.0118405437718854
28;2025-12-09;16;0.9853690573433976
28;2025-12-09;17;0.9603303244037178
28;2025-12-09;18;0.981583353065024
28;2025-12-09;19;0.9963534353496396
28;2025-12-09;20;1.010804452897637
28;2025-12-09;21;1.0063377926004446
28;2025-12-09;22;1.1461017214409532
28;2025-12-09;23;1.5136230841689053
28;2025-12-10;0;0.9182356578677325
28;2025-12-10;1;0.6933689575433288
28;2025-12-10;2;1.0
28;2025-12-10;3;1.0
28;2025-12-10;4;1.396728588897604
28;2025-12-10;5;1.0547927566941881
28;2025-12-10;6;1.0829990892235142
28;2025-12-10;7;1.03818418468765
28;2025-12-10;8;0.9870439739317004
28;2025-12-10;9;1.0482705941479118
28;2025-12-10;10;1.0382766142651219
28;2025-12-10;11;1.0297204521732535
28;2025-12-10;12;1.0021161500922893
28;2025-12-10;13;1.0294760648585621
28;2025-12-10;14;1.005939276936825
28;2025-12-10;15;1.0118405437718854
28;2025-12-10;16;0.9853690573433976
28;2025-12-10;17;0.9603303244037178
28;2025-12-10;18;0.981583353065024
28;2025-12-10;19;0.9963534353496396
28;2025-12-10;20;1.010804452897637
28;2025-12-10;21;1.0063377926004446
28;2025-12-10;22;1.1461017214409532
28;2025-12-10;23;1.5136230841689053
28;2025-12-11;0;0.9182356578677325
28;2025-12-11;1;0.6933689575433288
28;2025-12-11;2;1.0
28;2025-12-11;3;1.0
28;2025-12-11;4;1.396728588897604
28;2025-12-11;5;1.0547927566941881
28;2025-12-11;6;1.0829990892235142
28;2025-12-11;7;1.03818418468765
28;2025-12-11;8;0.9870439739317004
28;2025-12-11;9;1.0482705941479118
28;2025-12-11;10;1.0382766142651219
28;2025-12-11;11;1.0297204521732535
28;2025-12-11;12;1.0021161500922893
28;2025-12-11;13;1.0294760648585621
28;2025-12-11;14;1.005939276936825
28;2025-12-11;15;1.0118405437718854
28;2025-12-11;16;0.9853690573433976
28;2025-12-11;17;0.9603303244037178
28;2025-12-11;18;0.981583353065024
28;2025-12-11;19;0.9963534353496396
28;2025-12-11;20;1.010804452897637
28;2025-12-11;21;1.0063377926004446
28;2025-12-11;22;1.1461017214409532
28;2025-12-11;23;1.5136230841689053
28;2025-12-12;0;1.4421378412006707
28;2025-12-12;1;1.0
28;2025-12-12;2;1.0
28;2025-12-12;3;1.0
28;2025-12-12;4;1.2204349934946432
28;2025-12-12;5;1.1108070952912208
28;2025-12-12;6;1.0329983258376485
28;2025-12-12;7;1.0185085321890437
28;2025-12-12;8;1.0105433769377836
28;2025-12-12;9;1.0659721415135024
28;2025-12-12;10;1.0711804785781032
28;2025-12-12;11;1.038714728389589
28;2025-12-12;12;0.9920945095417948
28;2025-12-12;13;1.064922355485973
28;2025-12-12;14;1.062696343352948
28;2025-12-12;15;1.0708858636362668
28;2025-12-12;16;1.0578519444261194
28;2025-12-12;17;1.0665266394171666
28;2025-12-12;18;1.025528051516745
28;2025-12-12;19;1.0535316977301692
28;2025-12-12;20;1.1718807733391416
28;2025-12-12;21;1.0470241310921027
28;2025-12-12;22;1.1761519344197684
28;2025-12-12;23;1.1761916620445367
28;2025-12-13;0;1.3235653965996117
28;2025-12-13;1;1.0
28;2025-12-13;2;1.0
28;2025-12-13;3;1.0
28;2025-12-13;4;0.9446452695269956
28;2025-12-13;5;0.9302873273900559
28;2025-12-13;6;0.9685561622416409
28;2025-12-13;7;0.9484398916865213
28;2025-12-13;8;0.9315912386909756
28;2025-12-13;9;0.9973940483915104
28;2025-12-13;10;0.9573921282366803
28;2025-12-13;11;0.9657758258794727
28;2025-12-13;12;0.9515623175763792
28;2025-12-13;13;0.9801873899733419
28;2025-12-13;14;1.0526856791479096
28;2025-12-13;15;0.965445861993847
28;2025-12-13;16;0.9270810402271507
28;2025-12-13;17;0.9801626079189841
28;2025-12-13;18;0.979894139357241
28;2025-12-13;19;1.0587823616467484
28;2025-12-13;20;1.0681277291568707
28;2025-12-13;21;1.0484864883784062
28;2025-12-13;22;1.2514666036081257
28;2025-12-13;23;1.4813541493470401
28;2025-12-14;0;1.5089471945759887
28;2025-12-14;1;1.0
28;2025-12-14;2;1.0
28;2025-12-14;3;1.0
28;2025-12-14;4;1.5089471945759882
28;2025-12-14;5;1.0591360621321018
28;2025-12-14;6;1.1012091315108608
28;2025-12-14;7;0.9556979551451689
28;2025-12-14;8;0.9955046325688754
28;2025-12-14;9;0.980967422601905
28;2025-12-14;10;0.9732244130960089
28;2025-12-14;11;0.9791982018596299
28;2025-12-14;12;1.0378582063166744
28;2025-12-14;13;0.9961906875164055
28;2025-12-14;14;1.012516738130881
28;2025-12-14;15;1.0131110233745273
28;2025-12-14;16;1.0534942820907287
28;2025-12-14;17;0.9857496800935436
28;2025-12-14;18;1.0005327434757685
28;2025-12-14;19;0.9631733858598316
28;2025-12-14;20;1.020019024642532
28;2025-12-14;21;1.0514683563242937
28;2025-12-14;22;1.00200248591522
28;2025-12-14;23;1.0754237677527496
28;2025-12-15;0;0.9182356578677325
28;2025-12-15;1;0.6933689575433288
28;2025-12-15;2;1.0
28;2025-12-15;3;1.0
28;2025-12-15;4;1.396728588897604
28;2025-12-15;5;1.0547927566941881
28;2025-12-15;6;1.0829990892235142
28;2025-12-15;7;1.03818418468765
28;2025-12-15;8;0.9870439739317004
28;2025-12-15;9;1.0482705941479118
28;2025-12-15;10;1.0382766142651219
28;2025-12-15;11;1.0297204521732535
28;2025-12-15;12;1.0021161500922893
28;2025-12-15;13;1.0294760648585621
28;2025-12-15;14;1.005939276936825
28;2025-12-15;15;1.0118405437718854
28;2025-12-15;16;0.9853690573433976
28;2025-12-15;17;0.9603303244037178
28;2025-12-15;18;0.981583353065024
28;2025-12-15;19;0.9963534353496396
28;2025-12-15;20;1.010804452897637
28;2025-12-15;21;1.0063377926004446
28;2025-12-15;22;1.1461017214409532
28;2025-12-15;23;1.5136230841689053
28;2025-12-16;0;0.9182356578677325
28;2025-12-16;1;0.6933689575433288
28;2025-12-16;2;1.0
28;2025-12-16;3;1.0
28;2025-12-16;4;1.396728588897604
28;2025-12-16;5;1.0547927566941881
28;2025-12-16;6;1.0829990892235142
28;2025-12-16;7;1.03818418468765
28;2025-12-16;8;0.9870439739317004
28;2025-12-16;9;1.0482705941479118
28;2025-12-16;10;1.0382766142651219
28;2025-12-16;11;1.0297204521732535
28;2025-12-16;12;1.0021161500922893
28;2025-12-16;13;1.0294760648585621
28;2025-12-16;14;1.005939276936825
28;2025-12-16;15;1.0118405437718854
28;2025-12-16;16;0.9853690573433976
28;2025-12-16;17;0.9603303244037178
28;2025-12-16;18;0.981583353065024
28;2025-12-16;19;0.9963534353496396
28;2025-12-16;20;1.010804452897637
28;2025-12-16;21;1.0063377926004446
28;2025-12-16;22;1.1461017214409532
28;2025-12-16;23;1.5136230841689053
28;2025-12-17;0;0.9182356578677325
28;2025-12-17;1;0.6933689575433288
28;2025-12-17;2;1.0
28;2025-12-17;3;1.0
28;2025-12-17;4;1.396728588897604
28;2025-12-17;5;1.0547927566941881
28;2025-12-17;6;1.0829990892235142
28;2025-12-17;7;1.03818418468765
28;2025-12-17;8;0.9870439739317004
28;2025-12-17;9;1.0482705941479118
28;2025-12-17;10;1.0382766142651219
28;2025-12-17;11;1.0297204521732535
28;2025-12-17;12;1.0021161500922893
28;2025-12-17;13;1.0294760648585621
28;2025-12-17;14;1.005939276936825
28;2025-12-17;15;1.0118405437718854
28;2025-12-17;16;0.9853690573433976
28;2025-12-17;17;0.9603303244037178
28;2025-12-17;18;0.981583353065024
28;2025-12-17;19;0.9963534353496396
28;2025-12-17;20;1.010804452897637
28;2025-12-17;21;1.0063377926004446
28;2025-12-17;22;1.1461017214409532
28;2025-12-17;23;1.5136230841689053
28;2025-12-18;0;0.9182356578677325
28;2025-12-18;1;0.6933689575433288
28;2025-12-18;2;1.0
28;2025-12-18;3;1.0
28;2025-12-18;4;1.396728588897604
28;2025-12-18;5;1.0547927566941881
28;2025-12-18;6;1.0829990892235142
28;2025-12-18;7;1.03818418468765
28;2025-12-18;8;0.9870439739317004
28;2025-12-18;9;1.0482705941479118
28;2025-12-18;10;1.0382766142651219
28;2025-12-18;11;1.0297204521732535
28;2025-12-18;12;1.0021161500922893
28;2025-12-18;13;1.0294760648585621
28;2025-12-18;14;1.005939276936825
28;2025-12-18;15;1.0118405437718854
28;2025-12-18;16;0.9853690573433976
28;2025-12-18;17;0.9603303244037178
28;2025-12-18;18;0.981583353065024
28;2025-12-18;19;0.9963534353496396
28;2025-12-18;20;1.010804452897637
28;2025-12-18;21;1.0063377926004446
28;2025-12-18;22;1.1461017214409532
28;2025-12-18;23;1.5136230841689053
28;2025-12-19;0;1.4421378412006707
28;2025-12-19;1;1.0
28;2025-12-19;2;1.0
28;2025-12-19;3;1.0
28;2025-12-19;4;1.2204349934946432
28;2025-12-19;5;1.1108070952912208
28;2025-12-19;6;1.0329983258376485
28;2025-12-19;7;1.0185085321890437
28;2025-12-19;8;1.0105433769377836
28;2025-12-19;9;1.0659721415135024
28;2025-12-19;10;1.0711804785781032
28;2025-12-19;11;1.038714728389589
28;2025-12-19;12;0.9920945095417948
28;2025-12-19;13;1.064922355485973
28;2025-12-19;14;1.062696343352948
28;2025-12-19;15;1.0708858636362668
28;2025-12-19;16;1.0578519444261194
28;2025-12-19;17;1.0665266394171666
28;2025-12-19;18;1.025528051516745
28;2025-12-19;19;1.0535316977301692
28;2025-12-19;20;1.1718807733391416
28;2025-12-19;21;1.0470241310921027
28;2025-12-19;22;1.1761519344197684
28;2025-12-19;23;1.1761916620445367
28;2025-12-20;0;1.3235653965996117
28;2025-12-20;1;1.0
28;2025-12-20;2;1.0
28;2025-12-20;3;1.0
28;2025-12-20;4;0.9446452695269956
28;2025-12-20;5;0.9302873273900559
28;2025-12-20;6;0.9685561622416409
28;2025-12-20;7;0.9484398916865213
28;2025-12-20;8;0.9315912386909756
28;2025-12-20;9;0.9973940483915104
28;2025-12-20;10;0.9573921282366803
28;2025-12-20;11;0.9657758258794727
28;2025-12-20;12;0.9515623175763792
28;2025-12-20;13;0.9801873899733419
28;2025-12-20;14;1.0526856791479096
28;2025-12-20;15;0.965445861993847
28;2025-12-20;16;0.9270810402271507
28;2025-12-20;17;0.9801626079189841
28;2025-12-20;18;0.979894139357241
28;2025-12-20;19;1.0587823616467484
28;2025-12-20;20;1.0681277291568707
28;2025-12-20;21;1.0484864883784062
28;2025-12-20;22;1.2514666036081257
28;2025-12-20;23;1.4813541493470401
28;2025-12-21;0;1.5089471945759887
28;2025-12-21;1;1.0
28;2025-12-21;2;1.0
28;2025-12-21;3;1.0
28;2025-12-21;4;1.5089471945759882
28;2025-12-21;5;1.0591360621321018
28;2025-12-21;6;1.1012091315108608
28;2025-12-21;7;0.9556979551451689
28;2025-12-21;8;0.9955046325688754
28;2025-12-21;9;0.980967422601905
28;2025-12-21;10;0.9732244130960089
28;2025-12-21;11;0.9791982018596299
28;2025-12-21;12;1.0378582063166744
28;2025-12-21;13;0.9961906875164055
28;2025-12-21;14;1.012516738130881
28;2025-12-21;15;1.0131110233745273
28;2025-12-21;16;1.0534942820907287
28;2025-12-21;17;0.9857496800935436
28;2025-12-21;18;1.0005327434757685
28;2025-12-21;19;0.9631733858598316
28;2025-12-21;20;1.020019024642532
28;2025-12-21;21;1.0514683563242937
28;2025-12-21;22;1.00200248591522
28;2025-12-21;23;1.0754237677527496
28;2025-12-22;0;0.9182356578677325
28;2025-12-22;1;0.6933689575433288
28;2025-12-22;2;1.0
28;2025-12-22;3;1.0
28;2025-12-22;4;1.396728588897604
28;2025-12-22;5;1.0547927566941881
28;2025-12-22;6;1.0829990892235142
28;2025-12-22;7;1.03818418468765
28;2025-12-22;8;0.9870439739317004
28;2025-12-22;9;1.0482705941479118
28;2025-12-22;10;1.0382766142651219
28;2025-12-22;11;1.0297204521732535
28;2025-12-22;12;1.0021161500922893
28;2025-12-22;13;1.0294760648585621
28;2025-12-22;14;1.005939276936825
28;2025-12-22;15;1.0118405437718854
28;2025-12-22;16;0.9853690573433976
28;2025-12-22;17;0.9603303244037178
28;2025-12-22;18;0.981583353065024
28;2025-12-22;19;0.9963534353496396
28;2025-12-22;20;1.010804452897637
28;2025-12-22;21;1.0063377926004446
28;2025-12-22;22;1.1461017214409532
28;2025-12-22;23;1.5136230841689053
28;2025-12-23;0;0.9182356578677325
28;2025-12-23;1;0.6933689575433288
28;2025-12-23;2;1.0
28;2025-12-23;3;1.0
28;2025-12-23;4;1.396728588897604
28;2025-12-23;5;1.0547927566941881
28;2025-12-23;6;1.0829990892235142
28;2025-12-23;7;1.03818418468765
28;2025-12-23;8;0.9870439739317004
28;2025-12-23;9;1.0482705941479118
28;2025-12-23;10;1.0382766142651219
28;2025-12-23;11;1.0297204521732535
28;2025-12-23;12;1.0021161500922893
28;2025-12-23;13;1.0294760648585621
28;2025-12-23;14;1.005939276936825
28;2025-12-23;15;1.0118405437718854
28;2025-12-23;16;0.9853690573433976
28;2025-12-23;17;0.9603303244037178
28;2025-12-23;18;0.981583353065024
28;2025-12-23;19;0.9963534353496396
28;2025-12-23;20;1.010804452897637
28;2025-12-23;21;1.0063377926004446
28;2025-12-23;22;1.1461017214409532
28;2025-12-23;23;1.5136230841689053
28;2025-12-24;0;0.9182356578677325
28;2025-12-24;1;0.6933689575433288
28;2025-12-24;2;1.0
28;2025-12-24;3;1.0
28;2025-12-24;4;1.396728588897604
28;2025-12-24;5;1.0547927566941881
28;2025-12-24;6;1.0829990892235142
28;2025-12-24;7;1.03818418468765
28;2025-12-24;8;0.9870439739317004
28;2025-12-24;9;1.0482705941479118
28;2025-12-24;10;1.0382766142651219
28;2025-12-24;11;1.0297204521732535
28;2025-12-24;12;1.0021161500922893
28;2025-12-24;13;1.0294760648585621
28;2025-12-24;14;1.005939276936825
28;2025-12-24;15;1.0118405437718854
28;2025-12-24;16;0.9853690573433976
28;2025-12-24;17;0.9603303244037178
28;2025-12-24;18;0.981583353065024
28;2025-12-24;19;0.9963534353496396
28;2025-12-24;20;1.010804452897637
28;2025-12-24;21;1.0063377926004446
28;2025-12-24;22;1.1461017214409532
28;2025-12-24;23;1.5136230841689053
28;2025-12-25;0;0.9182356578677325
28;2025-12-25;1;0.6933689575433288
28;2025-12-25;2;1.0
28;2025-12-25;3;1.0
28;2025-12-25;4;1.396728588897604
28;2025-12-25;5;1.0547927566941881
28;2025-12-25;6;1.0829990892235142
28;2025-12-25;7;1.03818418468765
28;2025-12-25;8;0.9870439739317004
28;2025-12-25;9;1.0482705941479118
28;2025-12-25;10;1.0382766142651219
28;2025-12-25;11;1.0297204521732535
28;2025-12-25;12;1.0021161500922893
28;2025-12-25;13;1.0294760648585621
28;2025-12-25;14;1.005939276936825
28;2025-12-25;15;1.0118405437718854
28;2025-12-25;16;0.9853690573433976
28;2025-12-25;17;0.9603303244037178
28;2025-12-25;18;0.981583353065024
28;2025-12-25;19;0.9963534353496396
28;2025-12-25;20;1.010804452897637
28;2025-12-25;21;1.0063377926004446
28;2025-12-25;22;1.1461017214409532
28;2025-12-25;23;1.5136230841689053
28;2025-12-26;0;1.4421378412006707
28;2025-12-26;1;1.0
28;2025-12-26;2;1.0
28;2025-12-26;3;1.0
28;2025-12-26;4;1.2204349934946432
28;2025-12-26;5;1.1108070952912208
28;2025-12-26;6;1.0329983258376485
28;2025-12-26;7;1.0185085321890437
28;2025-12-26;8;1.0105433769377836
28;2025-12-26;9;1.0659721415135024
28;2025-12-26;10;1.0711804785781032
28;2025-12-26;11;1.038714728389589
28;2025-12-26;12;0.9920945095417948
28;2025-12-26;13;1.064922355485973
28;2025-12-26;14;1.062696343352948
28;2025-12-26;15;1.0708858636362668
28;2025-12-26;16;1.0578519444261194
28;2025-12-26;17;1.0665266394171666
28;2025-12-26;18;1.025528051516745
28;2025-12-26;19;1.0535316977301692
28;2025-12-26;20;1.1718807733391416
28;2025-12-26;21;1.0470241310921027
28;2025-12-26;22;1.1761519344197684
28;2025-12-26;23;1.1761916620445367
28;2025-12-27;0;1.3235653965996117
28;2025-12-27;1;1.0
28;2025-12-27;2;1.0
28;2025-12-27;3;1.0
28;2025-12-27;4;0.9446452695269956
28;2025-12-27;5;0.9302873273900559
28;2025-12-27;6;0.9685561622416409
28;2025-12-27;7;0.9484398916865213
28;2025-12-27;8;0.9315912386909756
28;2025-12-27;9;0.9973940483915104
28;2025-12-27;10;0.9573921282366803
28;2025-12-27;11;0.9657758258794727
28;2025-12-27;12;0.9515623175763792
28;2025-12-27;13;0.9801873899733419
28;2025-12-27;14;1.0526856791479096
28;2025-12-27;15;0.965445861993847
28;2025-12-27;16;0.9270810402271507
28;2025-12-27;17;0.9801626079189841
28;2025-12-27;18;0.979894139357241
28;2025-12-27;19;1.0587823616467484
28;2025-12-27;20;1.0681277291568707
28;2025-12-27;21;1.0484864883784062
28;2025-12-27;22;1.2514666036081257
28;2025-12-27;23;1.4813541493470401
28;2025-12-28;0;1.5089471945759887
28;2025-12-28;1;1.0
28;2025-12-28;2;1.0
28;2025-12-28;3;1.0
28;2025-12-28;4;1.5089471945759882
28;2025-12-28;5;1.0591360621321018
28;2025-12-28;6;1.1012091315108608
28;2025-12-28;7;0.9556979551451689
28;2025-12-28;8;0.9955046325688754
28;2025-12-28;9;0.980967422601905
28;2025-12-28;10;0.9732244130960089
28;2025-12-28;11;0.9791982018596299
28;2025-12-28;12;1.0378582063166744
28;2025-12-28;13;0.9961906875164055
28;2025-12-28;14;1.012516738130881
28;2025-12-28;15;1.0131110233745273
28;2025-12-28;16;1.0534942820907287
28;2025-12-28;17;0.9857496800935436
28;2025-12-28;18;1.0005327434757685
28;2025-12-28;19;0.9631733858598316
28;2025-12-28;20;1.020019024642532
28;2025-12-28;21;1.0514683563242937
28;2025-12-28;22;1.00200248591522
28;2025-12-28;23;1.0754237677527496
28;2025-12-29;0;0.9182356578677325
28;2025-12-29;1;0.6933689575433288
28;2025-12-29;2;1.0
28;2025-12-29;3;1.0
28;2025-12-29;4;1.396728588897604
28;2025-12-29;5;1.0547927566941881
28;2025-12-29;6;1.0829990892235142
28;2025-12-29;7;1.03818418468765
28;2025-12-29;8;0.9870439739317004
28;2025-12-29;9;1.0482705941479118
28;2025-12-29;10;1.0382766142651219
28;2025-12-29;11;1.0297204521732535
28;2025-12-29;12;1.0021161500922893
28;2025-12-29;13;1.0294760648585621
28;2025-12-29;14;1.005939276936825
28;2025-12-29;15;1.0118405437718854
28;2025-12-29;16;0.9853690573433976
28;2025-12-29;17;0.9603303244037178
28;2025-12-29;18;0.981583353065024
28;2025-12-29;19;0.9963534353496396
28;2025-12-29;20;1.010804452897637
28;2025-12-29;21;1.0063377926004446
28;2025-12-29;22;1.1461017214409532
28;2025-12-29;23;1.5136230841689053
28;2025-12-30;0;0.9182356578677325
28;2025-12-30;1;0.6933689575433288
28;2025-12-30;2;1.0
28;2025-12-30;3;1.0
28;2025-12-30;4;1.396728588897604
28;2025-12-30;5;1.0547927566941881
28;2025-12-30;6;1.0829990892235142
28;2025-12-30;7;1.03818418468765
28;2025-12-30;8;0.9870439739317004
28;2025-12-30;9;1.0482705941479118
28;2025-12-30;10;1.0382766142651219
28;2025-12-30;11;1.0297204521732535
28;2025-12-30;12;1.0021161500922893
28;2025-12-30;13;1.0294760648585621
28;2025-12-30;14;1.005939276936825
28;2025-12-30;15;1.0118405437718854
28;2025-12-30;16;0.9853690573433976
28;2025-12-30;17;0.9603303244037178
28;2025-12-30;18;0.981583353065024
28;2025-12-30;19;0.9963534353496396
28;2025-12-30;20;1.010804452897637
28;2025-12-30;21;1.0063377926004446
28;2025-12-30;22;1.1461017214409532
28;2025-12-30;23;1.5136230841689053
28;2025-12-31;0;1.5089471945759887
28;2025-12-31;1;1.0
28;2025-12-31;2;1.0
28;2025-12-31;3;1.0
28;2025-12-31;4;1.5089471945759882
28;2025-12-31;5;1.0591360621321018
28;2025-12-31;6;1.1012091315108608
28;2025-12-31;7;0.9556979551451689
28;2025-12-31;8;0.9955046325688754
28;2025-12-31;9;0.980967422601905
28;2025-12-31;10;0.9732244130960089
28;2025-12-31;11;0.9791982018596299
28;2025-12-31;12;1.0378582063166744
28;2025-12-31;13;0.9961906875164055
28;2025-12-31;14;1.012516738130881
28;2025-12-31;15;1.0131110233745273
28;2025-12-31;16;1.0534942820907287
28;2025-12-31;17;0.9857496800935436
28;2025-12-31;18;1.0005327434757685
28;2025-12-31;19;0.9631733858598316
28;2025-12-31;20;1.020019024642532
28;2025-12-31;21;1.0514683563242937
28;2025-12-31;22;1.00200248591522
28;2025-12-31;23;1.0754237677527496
50;2025-11-01;0;1.0858781618182405
50;2025-11-01;1;1.553983505067291
50;2025-11-01;2;1.0
50;2025-11-01;3;1.0
50;2025-11-01;4;0.8357457158685019
50;2025-11-01;5;1.0175585910727438
50;2025-11-01;6;1.0859965712489212
50;2025-11-01;7;1.0121867234227178
50;2025-11-01;8;0.9990236825329522
50;2025-11-01;9;0.9836626862199175
50;2025-11-01;10;1.0618701435788869
50;2025-11-01;11;1.0669187879614435
50;2025-11-01;12;1.100812459182542
50;2025-11-01;13;1.0301095014598298
50;2025-11-01;14;1.0320293529399833
50;2025-11-01;15;1.052598734104766
50;2025-11-01;16;0.9745852600158634
50;2025-11-01;17;1.0299842976078275
50;2025-11-01;18;1.1170642020520827
50;2025-11-01;19;1.0621615537621554
50;2025-11-01;20;0.9948861605129943
50;2025-11-01;21;1.083297290794078
50;2025-11-01;22;1.1541403428830133
50;2025-11-01;23;1.0931832422738117
50;2025-11-02;0;1.1544931711570066
50;2025-11-02;1;1.0
50;2025-11-02;2;1.0
50;2025-11-02;3;1.0
50;2025-11-02;4;1.0
50;2025-11-02;5;1.1544931711570066
50;2025-11-02;6;1.1544931711570066
50;2025-11-02;7;1.1544931711570066
50;2025-11-02;8;1.1544931711570066
50;2025-11-02;9;1.1544931711570066
50;2025-11-02;10;1.1544931711570066
50;2025-11-02;11;0.6980304013479384
50;2025-11-02;12;0.9088070250317006
50;2025-11-02;13;0.8184892184836198
50;2025-11-02;14;0.6158335289521693
50;2025-11-02;15;0.6389402290972993
50;2025-11-02;16;0.5781542076081359
50;2025-11-02;17;0.6203962353445055
50;2025-11-02;18;0.8200611907801204
50;2025-11-02;19;0.6925523976655065
50;2025-11-02;20;0.7539168538984563
50;2025-11-02;21;0.8595583597709798
50;2025-11-02;22;0.5642077667001212
50;2025-11-02;23;0.8362487295910431
50;2025-11-03;0;1.1544931711570066
50;2025-11-03;1;1.0
50;2025-11-03;2;1.0
50;2025-11-03;3;1.0
50;2025-11-03;4;1.0
50;2025-11-03;5;1.1544931711570066
50;2025-11-03;6;1.1544931711570066
50;2025-11-03;7;1.1544931711570066
50;2025-11-03;8;1.1544931711570066
50;2025-11-03;9;1.1544931711570066
50;2025-11-03;10;1.1544931711570066
50;2025-11-03;11;0.6980304013479384
50;2025-11-03;12;0.9088070250317006
50;2025-11-03;13;0.8184892184836198
50;2025-11-03;14;0.6158335289521693
50;2025-11-03;15;0.6389402290972993
50;2025-11-03;16;0.5781542076081359
50;2025-11-03;17;0.6203962353445055
50;2025-11-03;18;0.8200611907801204
50;2025-11-03;19;0.6925523976655065
50;2025-11-03;20;0.7539168538984563
50;2025-11-03;21;0.8595583597709798
50;2025-11-03;22;0.5642077667001212
50;2025-11-03;23;0.8362487295910431
50;2025-11-04;0;1.1544931711570066
50;2025-11-04;1;1.0
50;2025-11-04;2;1.0
50;2025-11-04;3;1.0
50;2025-11-04;4;1.0
50;2025-11-04;5;1.1544931711570066
50;2025-11-04;6;1.1544931711570066
50;2025-11-04;7;1.1544931711570066
50;2025-11-04;8;1.1544931711570066
50;2025-11-04;9;1.1544931711570066
50;2025-11-04;10;1.1544931711570066
50;2025-11-04;11;0.6980304013479384
50;2025-11-04;12;0.9088070250317006
50;2025-11-04;13;0.8184892184836198
50;2025-11-04;14;0.6158335289521693
50;2025-11-04;15;0.6389402290972993
50;2025-11-04;16;0.5781542076081359
50;2025-11-04;17;0.6203962353445055
50;2025-11-04;18;0.8200611907801204
50;2025-11-04;19;0.6925523976655065
50;2025-11-04;20;0.7539168538984563
50;2025-11-04;21;0.8595583597709798
50;2025-11-04;22;0.5642077667001212
50;2025-11-04;23;0.8362487295910431
50;2025-11-05;0;1.2112392395864378
50;2025-11-05;1;1.1003968135534323
50;2025-11-05;2;0.6533671803790977
50;2025-11-05;3;0.6533671803790977
50;2025-11-05;4;0.7700744723759223
50;2025-11-05;5;0.9378192906176266
50;2025-11-05;6;1.0319747683613398
50;2025-11-05;7;1.021397091708859
50;2025-11-05;8;0.9663668571780795
50;2025-11-05;9;0.9582936166418159
50;2025-11-05;10;0.952577118691393
50;2025-11-05;11;0.998985278447929
50;2025-11-05;12;0.9847450273454368
50;2025-11-05;13;0.9550047331702194
50;2025-11-05;14;0.9749129993743793
50;2025-11-05;15;0.9718646800701313
50;2025-11-05;16;0.9932508248335967
50;2025-11-05;17;0.9633559810881089
50;2025-11-05;18;0.9827163481418812
50;2025-11-05;19;1.0249126906704116
50;2025-11-05;20;0.9642972009052648
50;2025-11-05;21;0.9736765168452032
50;2025-11-05;22;1.0918756248176713
50;2025-11-05;23;0.963852526177706
50;2025-11-06;0;1.2112392395864378
50;2025-11-06;1;1.1003968135534323
50;2025-11-06;2;0.6533671803790977
50;2025-11-06;3;0.6533671803790977
50;2025-11-06;4;0.7700744723759223
50;2025-11-06;5;0.9378192906176266
50;2025-11-06;6;1.0319747683613398
50;2025-11-06;7;1.021397091708859
50;2025-11-06;8;0.9663668571780795
50;2025-11-06;9;0.9582936166418159
50;2025-11-06;10;0.952577118691393
50;2025-11-06;11;0.998985278447929
50;2025-11-06;12;0.9847450273454368
50;2025-11-06;13;0.9550047331702194
50;2025-11-06;14;0.9749129993743793
50;2025-11-06;15;0.9718646800701313
50;2025-11-06;16;0.9932508248335967
50;2025-11-06;17;0.9633559810881089
50;2025-11-06;18;0.9827163481418812
50;2025-11-06;19;1.0249126906704116
50;2025-11-06;20;0.9642972009052648
50;2025-11-06;21;0.9736765168452032
50;2025-11-06;22;1.0918756248176713
50;2025-11-06;23;0.963852526177706
50;2025-11-07;0;1.0858781618182405
50;2025-11-07;1;1.553983505067291
50;2025-11-07;2;1.0
50;2025-11-07;3;1.0
50;2025-11-07;4;0.8357457158685019
50;2025-11-07;5;1.0175585910727438
50;2025-11-07;6;1.0859965712489212
50;2025-11-07;7;1.0121867234227178
50;2025-11-07;8;0.9990236825329522
50;2025-11-07;9;0.9836626862199175
50;2025-11-07;10;1.0618701435788869
50;2025-11-07;11;1.0669187879614435
50;2025-11-07;12;1.100812459182542
50;2025-11-07;13;1.0301095014598298
50;2025-11-07;14;1.0320293529399833
50;2025-11-07;15;1.052598734104766
50;2025-11-07;16;0.9745852600158634
50;2025-11-07;17;1.0299842976078275
50;2025-11-07;18;1.1170642020520827
50;2025-11-07;19;1.0621615537621554
50;2025-11-07;20;0.9948861605129943
50;2025-11-07;21;1.083297290794078
50;2025-11-07;22;1.1541403428830133
50;2025-11-07;23;1.0931832422738117
50;2025-11-08;0;0.9295389190286527
50;2025-11-08;1;0.9295389190286527
50;2025-11-08;2;1.0
50;2025-11-08;3;0.9295389190286526
50;2025-11-08;4;0.9295389190286526
50;2025-11-08;5;0.9295389190286528
50;2025-11-08;6;1.5100946031961973
50;2025-11-08;7;1.9246917538375639
50;2025-11-08;8;1.550784901706681
50;2025-11-08;9;1.048989636457024
50;2025-11-08;10;2.0389871032354665
50;2025-11-08;11;1.635766215695227
50;2025-11-08;12;1.099711287203167
50;2025-11-08;13;1.5164648259291613
50;2025-11-08;14;1.30110109198665
50;2025-11-08;15;1.0207953912195689
50;2025-11-08;16;1.2983626348968942
50;2025-11-08;17;1.320329847415486
50;2025-11-08;18;2.0914625678144687
50;2025-11-08;19;2.0914625678144687
50;2025-11-08;20;2.0914625678144687
50;2025-11-08;21;2.0914625678144687
50;2025-11-08;22;1.9651206480061016
50;2025-11-08;23;2.0914625678144687
50;2025-11-09;0;1.1544931711570066
50;2025-11-09;1;1.0
50;2025-11-09;2;1.0
50;2025-11-09;3;1.0
50;2025-11-09;4;1.0
50;2025-11-09;5;1.1544931711570066
50;2025-11-09;6;1.1544931711570066
50;2025-11-09;7;1.1544931711570066
50;2025-11-09;8;1.1544931711570066
50;2025-11-09;9;1.1544931711570066
50;2025-11-09;10;1.1544931711570066
50;2025-11-09;11;0.6980304013479384
50;2025-11-09;12;0.9088070250317006
50;2025-11-09;13;0.8184892184836198
50;2025-11-09;14;0.6158335289521693
50;2025-11-09;15;0.6389402290972993
50;2025-11-09;16;0.5781542076081359
50;2025-11-09;17;0.6203962353445055
50;2025-11-09;18;0.8200611907801204
50;2025-11-09;19;0.6925523976655065
50;2025-11-09;20;0.7539168538984563
50;2025-11-09;21;0.8595583597709798
50;2025-11-09;22;0.5642077667001212
50;2025-11-09;23;0.8362487295910431
50;2025-11-10;0;1.2112392395864378
50;2025-11-10;1;1.1003968135534323
50;2025-11-10;2;0.6533671803790977
50;2025-11-10;3;0.6533671803790977
50;2025-11-10;4;0.7700744723759223
50;2025-11-10;5;0.9378192906176266
50;2025-11-10;6;1.0319747683613398
50;2025-11-10;7;1.021397091708859
50;2025-11-10;8;0.9663668571780795
50;2025-11-10;9;0.9582936166418159
50;2025-11-10;10;0.952577118691393
50;2025-11-10;11;0.998985278447929
50;2025-11-10;12;0.9847450273454368
50;2025-11-10;13;0.9550047331702194
50;2025-11-10;14;0.9749129993743793
50;2025-11-10;15;0.9718646800701313
50;2025-11-10;16;0.9932508248335967
50;2025-11-10;17;0.9633559810881089
50;2025-11-10;18;0.9827163481418812
50;2025-11-10;19;1.0249126906704116
50;2025-11-10;20;0.9642972009052648
50;2025-11-10;21;0.9736765168452032
50;2025-11-10;22;1.0918756248176713
50;2025-11-10;23;0.963852526177706
50;2025-11-11;0;1.2112392395864378
50;2025-11-11;1;1.1003968135534323
50;2025-11-11;2;0.6533671803790977
50;2025-11-11;3;0.6533671803790977
50;2025-11-11;4;0.7700744723759223
50;2025-11-11;5;0.9378192906176266
50;2025-11-11;6;1.0319747683613398
50;2025-11-11;7;1.021397091708859
50;2025-11-11;8;0.9663668571780795
50;2025-11-11;9;0.9582936166418159
50;2025-11-11;10;0.952577118691393
50;2025-11-11;11;0.998985278447929
50;2025-11-11;12;0.9847450273454368
50;2025-11-11;13;0.9550047331702194
50;2025-11-11;14;0.9749129993743793
50;2025-11-11;15;0.9718646800701313
50;2025-11-11;16;0.9932508248335967
50;2025-11-11;17;0.9633559810881089
50;2025-11-11;18;0.9827163481418812
50;2025-11-11;19;1.0249126906704116
50;2025-11-11;20;0.9642972009052648
50;2025-11-11;21;0.9736765168452032
50;2025-11-11;22;1.0918756248176713
50;2025-11-11;23;0.963852526177706
50;2025-11-12;0;1.2112392395864378
50;2025-11-12;1;1.1003968135534323
50;2025-11-12;2;0.6533671803790977
50;2025-11-12;3;0.6533671803790977
50;2025-11-12;4;0.7700744723759223
50;2025-11-12;5;0.9378192906176266
50;2025-11-12;6;1.0319747683613398
50;2025-11-12;7;1.021397091708859
50;2025-11-12;8;0.9663668571780795
50;2025-11-12;9;0.9582936166418159
50;2025-11-12;10;0.952577118691393
50;2025-11-12;11;0.998985278447929
50;2025-11-12;12;0.9847450273454368
50;2025-11-12;13;0.9550047331702194
50;2025-11-12;14;0.9749129993743793
50;2025-11-12;15;0.9718646800701313
50;2025-11-12;16;0.9932508248335967
50;2025-11-12;17;0.9633559810881089
50;2025-11-12;18;0.9827163481418812
50;2025-11-12;19;1.0249126906704116
50;2025-11-12;20;0.9642972009052648
50;2025-11-12;21;0.9736765168452032
50;2025-11-12;22;1.0918756248176713
50;2025-11-12;23;0.963852526177706
50;2025-11-13;0;1.2112392395864378
50;2025-11-13;1;1.1003968135534323
50;2025-11-13;2;0.6533671803790977
50;2025-11-13;3;0.6533671803790977
50;2025-11-13;4;0.7700744723759223
50;2025-11-13;5;0.9378192906176266
50;2025-11-13;6;1.0319747683613398
50;2025-11-13;7;1.021397091708859
50;2025-11-13;8;0.9663668571780795
50;2025-11-13;9;0.9582936166418159
50;2025-11-13;10;0.952577118691393
50;2025-11-13;11;0.998985278447929
50;2025-11-13;12;0.9847450273454368
50;2025-11-13;13;0.9550047331702194
50;2025-11-13;14;0.9749129993743793
50;2025-11-13;15;0.9718646800701313
50;2025-11-13;16;0.9932508248335967
50;2025-11-13;17;0.9633559810881089
50;2025-11-13;18;0.9827163481418812
50;2025-11-13;19;1.0249126906704116
50;2025-11-13;20;0.9642972009052648
50;2025-11-13;21;0.9736765168452032
50;2025-11-13;22;1.0918756248176713
50;2025-11-13;23;0.963852526177706
50;2025-11-14;0;1.0858781618182405
50;2025-11-14;1;1.553983505067291
50;2025-11-14;2;1.0
50;2025-11-14;3;1.0
50;2025-11-14;4;0.8357457158685019
50;2025-11-14;5;1.0175585910727438
50;2025-11-14;6;1.0859965712489212
50;2025-11-14;7;1.0121867234227178
50;2025-11-14;8;0.9990236825329522
50;2025-11-14;9;0.9836626862199175
50;2025-11-14;10;1.0618701435788869
50;2025-11-14;11;1.0669187879614435
50;2025-11-14;12;1.100812459182542
50;2025-11-14;13;1.0301095014598298
50;2025-11-14;14;1.0320293529399833
50;2025-11-14;15;1.052598734104766
50;2025-11-14;16;0.9745852600158634
50;2025-11-14;17;1.0299842976078275
50;2025-11-14;18;1.1170642020520827
50;2025-11-14;19;1.0621615537621554
50;2025-11-14;20;0.9948861605129943
50;2025-11-14;21;1.083297290794078
50;2025-11-14;22;1.1541403428830133
50;2025-11-14;23;1.0931832422738117
50;2025-11-15;0;0.9295389190286527
50;2025-11-15;1;0.9295389190286527
50;2025-11-15;2;1.0
50;2025-11-15;3;0.9295389190286526
50;2025-11-15;4;0.9295389190286526
50;2025-11-15;5;0.9295389190286528
50;2025-11-15;6;1.5100946031961973
50;2025-11-15;7;1.9246917538375639
50;2025-11-15;8;1.550784901706681
50;2025-11-15;9;1.048989636457024
50;2025-11-15;10;2.0389871032354665
50;2025-11-15;11;1.635766215695227
50;2025-11-15;12;1.099711287203167
50;2025-11-15;13;1.5164648259291613
50;2025-11-15;14;1.30110109198665
50;2025-11-15;15;1.0207953912195689
50;2025-11-15;16;1.2983626348968942
50;2025-11-15;17;1.320329847415486
50;2025-11-15;18;2.0914625678144687
50;2025-11-15;19;2.0914625678144687
50;2025-11-15;20;2.0914625678144687
50;2025-11-15;21;2.0914625678144687
50;2025-11-15;22;1.9651206480061016
50;2025-11-15;23;2.0914625678144687
50;2025-11-16;0;1.1544931711570066
50;2025-11-16;1;1.0
50;2025-11-16;2;1.0
50;2025-11-16;3;1.0
50;2025-11-16;4;1.0
50;2025-11-16;5;1.1544931711570066
50;2025-11-16;6;1.1544931711570066
50;2025-11-16;7;1.1544931711570066
50;2025-11-16;8;1.1544931711570066
50;2025-11-16;9;1.1544931711570066
50;2025-11-16;10;1.1544931711570066
50;2025-11-16;11;0.6980304013479384
50;2025-11-16;12;0.9088070250317006
50;2025-11-16;13;0.8184892184836198
50;2025-11-16;14;0.6158335289521693
50;2025-11-16;15;0.6389402290972993
50;2025-11-16;16;0.5781542076081359
50;2025-11-16;17;0.6203962353445055
50;2025-11-16;18;0.8200611907801204
50;2025-11-16;19;0.6925523976655065
50;2025-11-16;20;0.7539168538984563
50;2025-11-16;21;0.8595583597709798
50;2025-11-16;22;0.5642077667001212
50;2025-11-16;23;0.8362487295910431
50;2025-11-17;0;1.2112392395864378
50;2025-11-17;1;1.1003968135534323
50;2025-11-17;2;0.6533671803790977
50;2025-11-17;3;0.6533671803790977
50;2025-11-17;4;0.7700744723759223
50;2025-11-17;5;0.9378192906176266
50;2025-11-17;6;1.0319747683613398
50;2025-11-17;7;1.021397091708859
50;2025-11-17;8;0.9663668571780795
50;2025-11-17;9;0.9582936166418159
50;2025-11-17;10;0.952577118691393
50;2025-11-17;11;0.998985278447929
50;2025-11-17;12;0.9847450273454368
50;2025-11-17;13;0.9550047331702194
50;2025-11-17;14;0.9749129993743793
50;2025-11-17;15;0.9718646800701313
50;2025-11-17;16;0.9932508248335967
50;2025-11-17;17;0.9633559810881089
50;2025-11-17;18;0.9827163481418812
50;2025-11-17;19;1.0249126906704116
50;2025-11-17;20;0.9642972009052648
50;2025-11-17;21;0.9736765168452032
50;2025-11-17;22;1.0918756248176713
50;2025-11-17;23;0.963852526177706
50;2025-11-18;0;1.2112392395864378
50;2025-11-18;1;1.1003968135534323
50;2025-11-18;2;0.6533671803790977
50;2025-11-18;3;0.6533671803790977
50;2025-11-18;4;0.7700744723759223
50;2025-11-18;5;0.9378192906176266
50;2025-11-18;6;1.0319747683613398
50;2025-11-18;7;1.021397091708859
50;2025-11-18;8;0.9663668571780795
50;2025-11-18;9;0.9582936166418159
50;2025-11-18;10;0.952577118691393
50;2025-11-18;11;0.998985278447929
50;2025-11-18;12;0.9847450273454368
50;2025-11-18;13;0.9550047331702194
50;2025-11-18;14;0.9749129993743793
50;2025-11-18;15;0.9718646800701313
50;2025-11-18;16;0.9932508248335967
50;2025-11-18;17;0.9633559810881089
50;2025-11-18;18;0.9827163481418812
50;2025-11-18;19;1.0249126906704116
50;2025-11-18;20;0.9642972009052648
50;2025-11-18;21;0.9736765168452032
50;2025-11-18;22;1.0918756248176713
50;2025-11-18;23;0.963852526177706
50;2025-11-19;0;1.2112392395864378
50;2025-11-19;1;1.1003968135534323
50;2025-11-19;2;0.6533671803790977
50;2025-11-19;3;0.6533671803790977
50;2025-11-19;4;0.7700744723759223
50;2025-11-19;5;0.9378192906176266
50;2025-11-19;6;1.0319747683613398
50;2025-11-19;7;1.021397091708859
50;2025-11-19;8;0.9663668571780795
50;2025-11-19;9;0.9582936166418159
50;2025-11-19;10;0.952577118691393
50;2025-11-19;11;0.998985278447929
50;2025-11-19;12;0.9847450273454368
50;2025-11-19;13;0.9550047331702194
50;2025-11-19;14;0.9749129993743793
50;2025-11-19;15;0.9718646800701313
50;2025-11-19;16;0.9932508248335967
50;2025-11-19;17;0.9633559810881089
50;2025-11-19;18;0.9827163481418812
50;2025-11-19;19;1.0249126906704116
50;2025-11-19;20;0.9642972009052648
50;2025-11-19;21;0.9736765168452032
50;2025-11-19;22;1.0918756248176713
50;2025-11-19;23;0.963852526177706
50;2025-11-20;0;1.2112392395864378
50;2025-11-20;1;1.1003968135534323
50;2025-11-20;2;0.6533671803790977
50;2025-11-20;3;0.6533671803790977
50;2025-11-20;4;0.7700744723759223
50;2025-11-20;5;0.9378192906176266
50;2025-11-20;6;1.0319747683613398
50;2025-11-20;7;1.021397091708859
50;2025-11-20;8;0.9663668571780795
50;2025-11-20;9;0.9582936166418159
50;2025-11-20;10;0.952577118691393
50;2025-11-20;11;0.998985278447929
50;2025-11-20;12;0.9847450273454368
50;2025-11-20;13;0.9550047331702194
50;2025-11-20;14;0.9749129993743793
50;2025-11-20;15;0.9718646800701313
50;2025-11-20;16;0.9932508248335967
50;2025-11-20;17;0.9633559810881089
50;2025-11-20;18;0.9827163481418812
50;2025-11-20;19;1.0249126906704116
50;2025-11-20;20;0.9642972009052648
50;2025-11-20;21;0.9736765168452032
50;2025-11-20;22;1.0918756248176713
50;2025-11-20;23;0.963852526177706
50;2025-11-21;0;1.0858781618182405
50;2025-11-21;1;1.553983505067291
50;2025-11-21;2;1.0
50;2025-11-21;3;1.0
50;2025-11-21;4;0.8357457158685019
50;2025-11-21;5;1.0175585910727438
50;2025-11-21;6;1.0859965712489212
50;2025-11-21;7;1.0121867234227178
50;2025-11-21;8;0.9990236825329522
50;2025-11-21;9;0.9836626862199175
50;2025-11-21;10;1.0618701435788869
50;2025-11-21;11;1.0669187879614435
50;2025-11-21;12;1.100812459182542
50;2025-11-21;13;1.0301095014598298
50;2025-11-21;14;1.0320293529399833
50;2025-11-21;15;1.052598734104766
50;2025-11-21;16;0.9745852600158634
50;2025-11-21;17;1.0299842976078275
50;2025-11-21;18;1.1170642020520827
50;2025-11-21;19;1.0621615537621554
50;2025-11-21;20;0.9948861605129943
50;2025-11-21;21;1.083297290794078
50;2025-11-21;22;1.1541403428830133
50;2025-11-21;23;1.0931832422738117
50;2025-11-22;0;0.9295389190286527
50;2025-11-22;1;0.9295389190286527
50;2025-11-22;2;1.0
50;2025-11-22;3;0.9295389190286526
50;2025-11-22;4;0.9295389190286526
50;2025-11-22;5;0.9295389190286528
50;2025-11-22;6;1.5100946031961973
50;2025-11-22;7;1.9246917538375639
50;2025-11-22;8;1.550784901706681
50;2025-11-22;9;1.048989636457024
50;2025-11-22;10;2.0389871032354665
50;2025-11-22;11;1.635766215695227
50;2025-11-22;12;1.099711287203167
50;2025-11-22;13;1.5164648259291613
50;2025-11-22;14;1.30110109198665
50;2025-11-22;15;1.0207953912195689
50;2025-11-22;16;1.2983626348968942
50;2025-11-22;17;1.320329847415486
50;2025-11-22;18;2.0914625678144687
50;2025-11-22;19;2.0914625678144687
50;2025-11-22;20;2.0914625678144687
50;2025-11-22;21;2.0914625678144687
50;2025-11-22;22;1.9651206480061016
50;2025-11-22;23;2.0914625678144687
50;2025-11-23;0;1.1544931711570066
50;2025-11-23;1;1.0
50;2025-11-23;2;1.0
50;2025-11-23;3;1.0
50;2025-11-23;4;1.0
50;2025-11-23;5;1.1544931711570066
50;2025-11-23;6;1.1544931711570066
50;2025-11-23;7;1.1544931711570066
50;2025-11-23;8;1.1544931711570066
50;2025-11-23;9;1.1544931711570066
50;2025-11-23;10;1.1544931711570066
50;2025-11-23;11;0.6980304013479384
50;2025-11-23;12;0.9088070250317006
50;2025-11-23;13;0.8184892184836198
50;2025-11-23;14;0.6158335289521693
50;2025-11-23;15;0.6389402290972993
50;2025-11-23;16;0.5781542076081359
50;2025-11-23;17;0.6203962353445055
50;2025-11-23;18;0.8200611907801204
50;2025-11-23;19;0.6925523976655065
50;2025-11-23;20;0.7539168538984563
50;2025-11-23;21;0.8595583597709798
50;2025-11-23;22;0.5642077667001212
50;2025-11-23;23;0.8362487295910431
50;2025-11-24;0;1.2112392395864378
50;2025-11-24;1;1.1003968135534323
50;2025-11-24;2;0.6533671803790977
50;2025-11-24;3;0.6533671803790977
50;2025-11-24;4;0.7700744723759223
50;2025-11-24;5;0.9378192906176266
50;2025-11-24;6;1.0319747683613398
50;2025-11-24;7;1.021397091708859
50;2025-11-24;8;0.9663668571780795
50;2025-11-24;9;0.9582936166418159
50;2025-11-24;10;0.952577118691393
50;2025-11-24;11;0.998985278447929
50;2025-11-24;12;0.9847450273454368
50;2025-11-24;13;0.9550047331702194
50;2025-11-24;14;0.9749129993743793
50;2025-11-24;15;0.9718646800701313
50;2025-11-24;16;0.9932508248335967
50;2025-11-24;17;0.9633559810881089
50;2025-11-24;18;0.9827163481418812
50;2025-11-24;19;1.0249126906704116
50;2025-11-24;20;0.9642972009052648
50;2025-11-24;21;0.9736765168452032
50;2025-11-24;22;1.0918756248176713
50;2025-11-24;23;0.963852526177706
50;2025-11-25;0;1.2112392395864378
50;2025-11-25;1;1.1003968135534323
50;2025-11-25;2;0.6533671803790977
50;2025-11-25;3;0.6533671803790977
50;2025-11-25;4;0.7700744723759223
50;2025-11-25;5;0.9378192906176266
50;2025-11-25;6;1.0319747683613398
50;2025-11-25;7;1.021397091708859
50;2025-11-25;8;0.9663668571780795
50;2025-11-25;9;0.9582936166418159
50;2025-11-25;10;0.952577118691393
50;2025-11-25;11;0.998985278447929
50;2025-11-25;12;0.9847450273454368
50;2025-11-25;13;0.9550047331702194
50;2025-11-25;14;0.9749129993743793
50;2025-11-25;15;0.9718646800701313
50;2025-11-25;16;0.9932508248335967
50;2025-11-25;17;0.9633559810881089
50;2025-11-25;18;0.9827163481418812
50;2025-11-25;19;1.0249126906704116
50;2025-11-25;20;0.9642972009052648
50;2025-11-25;21;0.9736765168452032
50;2025-11-25;22;1.0918756248176713
50;2025-11-25;23;0.963852526177706
50;2025-11-26;0;1.2112392395864378
50;2025-11-26;1;1.1003968135534323
50;2025-11-26;2;0.6533671803790977
50;2025-11-26;3;0.6533671803790977
50;2025-11-26;4;0.7700744723759223
50;2025-11-26;5;0.9378192906176266
50;2025-11-26;6;1.0319747683613398
50;2025-11-26;7;1.021397091708859
50;2025-11-26;8;0.9663668571780795
50;2025-11-26;9;0.9582936166418159
50;2025-11-26;10;0.952577118691393
50;2025-11-26;11;0.998985278447929
50;2025-11-26;12;0.9847450273454368
50;2025-11-26;13;0.9550047331702194
50;2025-11-26;14;0.9749129993743793
50;2025-11-26;15;0.9718646800701313
50;2025-11-26;16;0.9932508248335967
50;2025-11-26;17;0.9633559810881089
50;2025-11-26;18;0.9827163481418812
50;2025-11-26;19;1.0249126906704116
50;2025-11-26;20;0.9642972009052648
50;2025-11-26;21;0.9736765168452032
50;2025-11-26;22;1.0918756248176713
50;2025-11-26;23;0.963852526177706
50;2025-11-27;0;1.2112392395864378
50;2025-11-27;1;1.1003968135534323
50;2025-11-27;2;0.6533671803790977
50;2025-11-27;3;0.6533671803790977
50;2025-11-27;4;0.7700744723759223
50;2025-11-27;5;0.9378192906176266
50;2025-11-27;6;1.0319747683613398
50;2025-11-27;7;1.021397091708859
50;2025-11-27;8;0.9663668571780795
50;2025-11-27;9;0.9582936166418159
50;2025-11-27;10;0.952577118691393
50;2025-11-27;11;0.998985278447929
50;2025-11-27;12;0.9847450273454368
50;2025-11-27;13;0.9550047331702194
50;2025-11-27;14;0.9749129993743793
50;2025-11-27;15;0.9718646800701313
50;2025-11-27;16;0.9932508248335967
50;2025-11-27;17;0.9633559810881089
50;2025-11-27;18;0.9827163481418812
50;2025-11-27;19;1.0249126906704116
50;2025-11-27;20;0.9642972009052648
50;2025-11-27;21;0.9736765168452032
50;2025-11-27;22;1.0918756248176713
50;2025-11-27;23;0.963852526177706
50;2025-11-28;0;1.0858781618182405
50;2025-11-28;1;1.553983505067291
50;2025-11-28;2;1.0
50;2025-11-28;3;1.0
50;2025-11-28;4;0.8357457158685019
50;2025-11-28;5;1.0175585910727438
50;2025-11-28;6;1.0859965712489212
50;2025-11-28;7;1.0121867234227178
50;2025-11-28;8;0.9990236825329522
50;2025-11-28;9;0.9836626862199175
50;2025-11-28;10;1.0618701435788869
50;2025-11-28;11;1.0669187879614435
50;2025-11-28;12;1.100812459182542
50;2025-11-28;13;1.0301095014598298
50;2025-11-28;14;1.0320293529399833
50;2025-11-28;15;1.052598734104766
50;2025-11-28;16;0.9745852600158634
50;2025-11-28;17;1.0299842976078275
50;2025-11-28;18;1.1170642020520827
50;2025-11-28;19;1.0621615537621554
50;2025-11-28;20;0.9948861605129943
50;2025-11-28;21;1.083297290794078
50;2025-11-28;22;1.1541403428830133
50;2025-11-28;23;1.0931832422738117
50;2025-11-29;0;0.9295389190286527
50;2025-11-29;1;0.9295389190286527
50;2025-11-29;2;1.0
50;2025-11-29;3;0.9295389190286526
50;2025-11-29;4;0.9295389190286526
50;2025-11-29;5;0.9295389190286528
50;2025-11-29;6;1.5100946031961973
50;2025-11-29;7;1.9246917538375639
50;2025-11-29;8;1.550784901706681
50;2025-11-29;9;1.048989636457024
50;2025-11-29;10;2.0389871032354665
50;2025-11-29;11;1.635766215695227
50;2025-11-29;12;1.099711287203167
50;2025-11-29;13;1.5164648259291613
50;2025-11-29;14;1.30110109198665
50;2025-11-29;15;1.0207953912195689
50;2025-11-29;16;1.2983626348968942
50;2025-11-29;17;1.320329847415486
50;2025-11-29;18;2.0914625678144687
50;2025-11-29;19;2.0914625678144687
50;2025-11-29;20;2.0914625678144687
50;2025-11-29;21;2.0914625678144687
50;2025-11-29;22;1.9651206480061016
50;2025-11-29;23;2.0914625678144687
50;2025-11-30;0;1.1544931711570066
50;2025-11-30;1;1.0
50;2025-11-30;2;1.0
50;2025-11-30;3;1.0
50;2025-11-30;4;1.0
50;2025-11-30;5;1.1544931711570066
50;2025-11-30;6;1.1544931711570066
50;2025-11-30;7;1.1544931711570066
50;2025-11-30;8;1.1544931711570066
50;2025-11-30;9;1.1544931711570066
50;2025-11-30;10;1.1544931711570066
50;2025-11-30;11;0.6980304013479384
50;2025-11-30;12;0.9088070250317006
50;2025-11-30;13;0.8184892184836198
50;2025-11-30;14;0.6158335289521693
50;2025-11-30;15;0.6389402290972993
50;2025-11-30;16;0.5781542076081359
50;2025-11-30;17;0.6203962353445055
50;2025-11-30;18;0.8200611907801204
50;2025-11-30;19;0.6925523976655065
50;2025-11-30;20;0.7539168538984563
50;2025-11-30;21;0.8595583597709798
50;2025-11-30;22;0.5642077667001212
50;2025-11-30;23;0.8362487295910431
50;2025-12-01;0;1.2112392395864378
50;2025-12-01;1;1.1003968135534323
50;2025-12-01;2;0.6533671803790977
50;2025-12-01;3;0.6533671803790977
50;2025-12-01;4;0.7700744723759223
50;2025-12-01;5;0.9378192906176266
50;2025-12-01;6;1.0319747683613398
50;2025-12-01;7;1.021397091708859
50;2025-12-01;8;0.9663668571780795
50;2025-12-01;9;0.9582936166418159
50;2025-12-01;10;0.952577118691393
50;2025-12-01;11;0.998985278447929
50;2025-12-01;12;0.9847450273454368
50;2025-12-01;13;0.9550047331702194
50;2025-12-01;14;0.9749129993743793
50;2025-12-01;15;0.9718646800701313
50;2025-12-01;16;0.9932508248335967
50;2025-12-01;17;0.9633559810881089
50;2025-12-01;18;0.9827163481418812
50;2025-12-01;19;1.0249126906704116
50;2025-12-01;20;0.9642972009052648
50;2025-12-01;21;0.9736765168452032
50;2025-12-01;22;1.0918756248176713
50;2025-12-01;23;0.963852526177706
50;2025-12-02;0;1.2112392395864378
50;2025-12-02;1;1.1003968135534323
50;2025-12-02;2;0.6533671803790977
50;2025-12-02;3;0.6533671803790977
50;2025-12-02;4;0.7700744723759223
50;2025-12-02;5;0.9378192906176266
50;2025-12-02;6;1.0319747683613398
50;2025-12-02;7;1.021397091708859
50;2025-12-02;8;0.9663668571780795
50;2025-12-02;9;0.9582936166418159
50;2025-12-02;10;0.952577118691393
50;2025-12-02;11;0.998985278447929
50;2025-12-02;12;0.9847450273454368
50;2025-12-02;13;0.9550047331702194
50;2025-12-02;14;0.9749129993743793
50;2025-12-02;15;0.9718646800701313
50;2025-12-02;16;0.9932508248335967
50;2025-12-02;17;0.9633559810881089
50;2025-12-02;18;0.9827163481418812
50;2025-12-02;19;1.0249126906704116
50;2025-12-02;20;0.9642972009052648
50;2025-12-02;21;0.9736765168452032
50;2025-12-02;22;1.0918756248176713
50;2025-12-02;23;0.963852526177706
50;2025-12-03;0;1.2112392395864378
50;2025-12-03;1;1.1003968135534323
50;2025-12-03;2;0.6533671803790977
50;2025-12-03;3;0.6533671803790977
50;2025-12-03;4;0.7700744723759223
50;2025-12-03;5;0.9378192906176266
50;2025-12-03;6;1.0319747683613398
50;2025-12-03;7;1.021397091708859
50;2025-12-03;8;0.9663668571780795
50;2025-12-03;9;0.9582936166418159
50;2025-12-03;10;0.952577118691393
50;2025-12-03;11;0.998985278447929
50;2025-12-03;12;0.9847450273454368
50;2025-12-03;13;0.9550047331702194
50;2025-12-03;14;0.9749129993743793
50;2025-12-03;15;0.9718646800701313
50;2025-12-03;16;0.9932508248335967
50;2025-12-03;17;0.9633559810881089
50;2025-12-03;18;0.9827163481418812
50;2025-12-03;19;1.0249126906704116
50;2025-12-03;20;0.9642972009052648
50;2025-12-03;21;0.9736765168452032
50;2025-12-03;22;1.0918756248176713
50;2025-12-03;23;0.963852526177706
50;2025-12-04;0;1.2112392395864378
50;2025-12-04;1;1.1003968135534323
50;2025-12-04;2;0.6533671803790977
50;2025-12-04;3;0.6533671803790977
50;2025-12-04;4;0.7700744723759223
50;2025-12-04;5;0.9378192906176266
50;2025-12-04;6;1.0319747683613398
50;2025-12-04;7;1.021397091708859
50;2025-12-04;8;0.9663668571780795
50;2025-12-04;9;0.9582936166418159
50;2025-12-04;10;0.952577118691393
50;2025-12-04;11;0.998985278447929
50;2025-12-04;12;0.9847450273454368
50;2025-12-04;13;0.9550047331702194
50;2025-12-04;14;0.9749129993743793
50;2025-12-04;15;0.9718646800701313
50;2025-12-04;16;0.9932508248335967
50;2025-12-04;17;0.9633559810881089
50;2025-12-04;18;0.9827163481418812
50;2025-12-04;19;1.0249126906704116
50;2025-12-04;20;0.9642972009052648
50;2025-12-04;21;0.9736765168452032
50;2025-12-04;22;1.0918756248176713
50;2025-12-04;23;0.963852526177706
50;2025-12-05;0;1.0858781618182405
50;2025-12-05;1;1.553983505067291
50;2025-12-05;2;1.0
50;2025-12-05;3;1.0
50;2025-12-05;4;0.8357457158685019
50;2025-12-05;5;1.0175585910727438
50;2025-12-05;6;1.0859965712489212
50;2025-12-05;7;1.0121867234227178
50;2025-12-05;8;0.9990236825329522
50;2025-12-05;9;0.9836626862199175
50;2025-12-05;10;1.0618701435788869
50;2025-12-05;11;1.0669187879614435
50;2025-12-05;12;1.100812459182542
50;2025-12-05;13;1.0301095014598298
50;2025-12-05;14;1.0320293529399833
50;2025-12-05;15;1.052598734104766
50;2025-12-05;16;0.9745852600158634
50;2025-12-05;17;1.0299842976078275
50;2025-12-05;18;1.1170642020520827
50;2025-12-05;19;1.0621615537621554
50;2025-12-05;20;0.9948861605129943
50;2025-12-05;21;1.083297290794078
50;2025-12-05;22;1.1541403428830133
50;2025-12-05;23;1.0931832422738117
50;2025-12-06;0;0.9295389190286527
50;2025-12-06;1;0.9295389190286527
50;2025-12-06;2;1.0
50;2025-12-06;3;0.9295389190286526
50;2025-12-06;4;0.9295389190286526
50;2025-12-06;5;0.9295389190286528
50;2025-12-06;6;1.5100946031961973
50;2025-12-06;7;1.9246917538375639
50;2025-12-06;8;1.550784901706681
50;2025-12-06;9;1.048989636457024
50;2025-12-06;10;2.0389871032354665
50;2025-12-06;11;1.635766215695227
50;2025-12-06;12;1.099711287203167
50;2025-12-06;13;1.5164648259291613
50;2025-12-06;14;1.30110109198665
50;2025-12-06;15;1.0207953912195689
50;2025-12-06;16;1.2983626348968942
50;2025-12-06;17;1.320329847415486
50;2025-12-06;18;2.0914625678144687
50;2025-12-06;19;2.0914625678144687
50;2025-12-06;20;2.0914625678144687
50;2025-12-06;21;2.0914625678144687
50;2025-12-06;22;1.9651206480061016
50;2025-12-06;23;2.0914625678144687
50;2025-12-07;0;1.1544931711570066
50;2025-12-07;1;1.0
50;2025-12-07;2;1.0
50;2025-12-07;3;1.0
50;2025-12-07;4;1.0
50;2025-12-07;5;1.1544931711570066
50;2025-12-07;6;1.1544931711570066
50;2025-12-07;7;1.1544931711570066
50;2025-12-07;8;1.1544931711570066
50;2025-12-07;9;1.1544931711570066
50;2025-12-07;10;1.1544931711570066
50;2025-12-07;11;0.6980304013479384
50;2025-12-07;12;0.9088070250317006
50;2025-12-07;13;0.8184892184836198
50;2025-12-07;14;0.6158335289521693
50;2025-12-07;15;0.6389402290972993
50;2025-12-07;16;0.5781542076081359
50;2025-12-07;17;0.6203962353445055
50;2025-12-07;18;0.8200611907801204
50;2025-12-07;19;0.6925523976655065
50;2025-12-07;20;0.7539168538984563
50;2025-12-07;21;0.8595583597709798
50;2025-12-07;22;0.5642077667001212
50;2025-12-07;23;0.8362487295910431
50;2025-12-08;0;1.2112392395864378
50;2025-12-08;1;1.1003968135534323
50;2025-12-08;2;0.6533671803790977
50;2025-12-08;3;0.6533671803790977
50;2025-12-08;4;0.7700744723759223
50;2025-12-08;5;0.9378192906176266
50;2025-12-08;6;1.0319747683613398
50;2025-12-08;7;1.021397091708859
50;2025-12-08;8;0.9663668571780795
50;2025-12-08;9;0.9582936166418159
50;2025-12-08;10;0.952577118691393
50;2025-12-08;11;0.998985278447929
50;2025-12-08;12;0.9847450273454368
50;2025-12-08;13;0.9550047331702194
50;2025-12-08;14;0.9749129993743793
50;2025-12-08;15;0.9718646800701313
50;2025-12-08;16;0.9932508248335967
50;2025-12-08;17;0.9633559810881089
50;2025-12-08;18;0.9827163481418812
50;2025-12-08;19;1.0249126906704116
50;2025-12-08;20;0.9642972009052648
50;2025-12-08;21;0.9736765168452032
50;2025-12-08;22;1.0918756248176713
50;2025-12-08;23;0.963852526177706
50;2025-12-09;0;1.2112392395864378
50;2025-12-09;1;1.1003968135534323
50;2025-12-09;2;0.6533671803790977
50;2025-12-09;3;0.6533671803790977
50;2025-12-09;4;0.7700744723759223
50;2025-12-09;5;0.9378192906176266
50;2025-12-09;6;1.0319747683613398
50;2025-12-09;7;1.021397091708859
50;2025-12-09;8;0.9663668571780795
50;2025-12-09;9;0.9582936166418159
50;2025-12-09;10;0.952577118691393
50;2025-12-09;11;0.998985278447929
50;2025-12-09;12;0.9847450273454368
50;2025-12-09;13;0.9550047331702194
50;2025-12-09;14;0.9749129993743793
50;2025-12-09;15;0.9718646800701313
50;2025-12-09;16;0.9932508248335967
50;2025-12-09;17;0.9633559810881089
50;2025-12-09;18;0.9827163481418812
50;2025-12-09;19;1.0249126906704116
50;2025-12-09;20;0.9642972009052648
50;2025-12-09;21;0.9736765168452032
50;2025-12-09;22;1.0918756248176713
50;2025-12-09;23;0.963852526177706
50;2025-12-10;0;1.2112392395864378
50;2025-12-10;1;1.1003968135534323
50;2025-12-10;2;0.6533671803790977
50;2025-12-10;3;0.6533671803790977
50;2025-12-10;4;0.7700744723759223
50;2025-12-10;5;0.9378192906176266
50;2025-12-10;6;1.0319747683613398
50;2025-12-10;7;1.021397091708859
50;2025-12-10;8;0.9663668571780795
50;2025-12-10;9;0.9582936166418159
50;2025-12-10;10;0.952577118691393
50;2025-12-10;11;0.998985278447929
50;2025-12-10;12;0.9847450273454368
50;2025-12-10;13;0.9550047331702194
50;2025-12-10;14;0.9749129993743793
50;2025-12-10;15;0.9718646800701313
50;2025-12-10;16;0.9932508248335967
50;2025-12-10;17;0.9633559810881089
50;2025-12-10;18;0.9827163481418812
50;2025-12-10;19;1.0249126906704116
50;2025-12-10;20;0.9642972009052648
50;2025-12-10;21;0.9736765168452032
50;2025-12-10;22;1.0918756248176713
50;2025-12-10;23;0.963852526177706
50;2025-12-11;0;1.2112392395864378
50;2025-12-11;1;1.1003968135534323
50;2025-12-11;2;0.6533671803790977
50;2025-12-11;3;0.6533671803790977
50;2025-12-11;4;0.7700744723759223
50;2025-12-11;5;0.9378192906176266
50;2025-12-11;6;1.0319747683613398
50;2025-12-11;7;1.021397091708859
50;2025-12-11;8;0.9663668571780795
50;2025-12-11;9;0.9582936166418159
50;2025-12-11;10;0.952577118691393
50;2025-12-11;11;0.998985278447929
50;2025-12-11;12;0.9847450273454368
50;2025-12-11;13;0.9550047331702194
50;2025-12-11;14;0.9749129993743793
50;2025-12-11;15;0.9718646800701313
50;2025-12-11;16;0.9932508248335967
50;2025-12-11;17;0.9633559810881089
50;2025-12-11;18;0.9827163481418812
50;2025-12-11;19;1.0249126906704116
50;2025-12-11;20;0.9642972009052648
50;2025-12-11;21;0.9736765168452032
50;2025-12-11;22;1.0918756248176713
50;2025-12-11;23;0.963852526177706
50;2025-12-12;0;1.0858781618182405
50;2025-12-12;1;1.553983505067291
50;2025-12-12;2;1.0
50;2025-12-12;3;1.0
50;2025-12-12;4;0.8357457158685019
50;2025-12-12;5;1.0175585910727438
50;2025-12-12;6;1.0859965712489212
50;2025-12-12;7;1.0121867234227178
50;2025-12-12;8;0.9990236825329522
50;2025-12-12;9;0.9836626862199175
50;2025-12-12;10;1.0618701435788869
50;2025-12-12;11;1.0669187879614435
50;2025-12-12;12;1.100812459182542
50;2025-12-12;13;1.0301095014598298
50;2025-12-12;14;1.0320293529399833
50;2025-12-12;15;1.052598734104766
50;2025-12-12;16;0.9745852600158634
50;2025-12-12;17;1.0299842976078275
50;2025-12-12;18;1.1170642020520827
50;2025-12-12;19;1.0621615537621554
50;2025-12-12;20;0.9948861605129943
50;2025-12-12;21;1.083297290794078
50;2025-12-12;22;1.1541403428830133
50;2025-12-12;23;1.0931832422738117
50;2025-12-13;0;0.9295389190286527
50;2025-12-13;1;0.9295389190286527
50;2025-12-13;2;1.0
50;2025-12-13;3;0.9295389190286526
50;2025-12-13;4;0.9295389190286526
50;2025-12-13;5;0.9295389190286528
50;2025-12-13;6;1.5100946031961973
50;2025-12-13;7;1.9246917538375639
50;2025-12-13;8;1.550784901706681
50;2025-12-13;9;1.048989636457024
50;2025-12-13;10;2.0389871032354665
50;2025-12-13;11;1.635766215695227
50;2025-12-13;12;1.099711287203167
50;2025-12-13;13;1.5164648259291613
50;2025-12-13;14;1.30110109198665
50;2025-12-13;15;1.0207953912195689
50;2025-12-13;16;1.2983626348968942
50;2025-12-13;17;1.320329847415486
50;2025-12-13;18;2.0914625678144687
50;2025-12-13;19;2.0914625678144687
50;2025-12-13;20;2.0914625678144687
50;2025-12-13;21;2.0914625678144687
50;2025-12-13;22;1.9651206480061016
50;2025-12-13;23;2.0914625678144687
50;2025-12-14;0;1.1544931711570066
50;2025-12-14;1;1.0
50;2025-12-14;2;1.0
50;2025-12-14;3;1.0
50;2025-12-14;4;1.0
50;2025-12-14;5;1.1544931711570066
50;2025-12-14;6;1.1544931711570066
50;2025-12-14;7;1.1544931711570066
50;2025-12-14;8;1.1544931711570066
50;2025-12-14;9;1.1544931711570066
50;2025-12-14;10;1.1544931711570066
50;2025-12-14;11;0.6980304013479384
50;2025-12-14;12;0.9088070250317006
50;2025-12-14;13;0.8184892184836198
50;2025-12-14;14;0.6158335289521693
50;2025-12-14;15;0.6389402290972993
50;2025-12-14;16;0.5781542076081359
50;2025-12-14;17;0.6203962353445055
50;2025-12-14;18;0.8200611907801204
50;2025-12-14;19;0.6925523976655065
50;2025-12-14;20;0.7539168538984563
50;2025-12-14;21;0.8595583597709798
50;2025-12-14;22;0.5642077667001212
50;2025-12-14;23;0.8362487295910431
50;2025-12-15;0;1.2112392395864378
50;2025-12-15;1;1.1003968135534323
50;2025-12-15;2;0.6533671803790977
50;2025-12-15;3;0.6533671803790977
50;2025-12-15;4;0.7700744723759223
50;2025-12-15;5;0.9378192906176266
50;2025-12-15;6;1.0319747683613398
50;2025-12-15;7;1.021397091708859
50;2025-12-15;8;0.9663668571780795
50;2025-12-15;9;0.9582936166418159
50;2025-12-15;10;0.952577118691393
50;2025-12-15;11;0.998985278447929
50;2025-12-15;12;0.9847450273454368
50;2025-12-15;13;0.9550047331702194
50;2025-12-15;14;0.9749129993743793
50;2025-12-15;15;0.9718646800701313
50;2025-12-15;16;0.9932508248335967
50;2025-12-15;17;0.9633559810881089
50;2025-12-15;18;0.9827163481418812
50;2025-12-15;19;1.0249126906704116
50;2025-12-15;20;0.9642972009052648
50;2025-12-15;21;0.9736765168452032
50;2025-12-15;22;1.0918756248176713
50;2025-12-15;23;0.963852526177706
50;2025-12-16;0;1.2112392395864378
50;2025-12-16;1;1.1003968135534323
50;2025-12-16;2;0.6533671803790977
50;2025-12-16;3;0.6533671803790977
50;2025-12-16;4;0.7700744723759223
50;2025-12-16;5;0.9378192906176266
50;2025-12-16;6;1.0319747683613398
50;2025-12-16;7;1.021397091708859
50;2025-12-16;8;0.9663668571780795
50;2025-12-16;9;0.9582936166418159
50;2025-12-16;10;0.952577118691393
50;2025-12-16;11;0.998985278447929
50;2025-12-16;12;0.9847450273454368
50;2025-12-16;13;0.9550047331702194
50;2025-12-16;14;0.9749129993743793
50;2025-12-16;15;0.9718646800701313
50;2025-12-16;16;0.9932508248335967
50;2025-12-16;17;0.9633559810881089
50;2025-12-16;18;0.9827163481418812
50;2025-12-16;19;1.0249126906704116
50;2025-12-16;20;0.9642972009052648
50;2025-12-16;21;0.9736765168452032
50;2025-12-16;22;1.0918756248176713
50;2025-12-16;23;0.963852526177706
50;2025-12-17;0;1.2112392395864378
50;2025-12-17;1;1.1003968135534323
50;2025-12-17;2;0.6533671803790977
50;2025-12-17;3;0.6533671803790977
50;2025-12-17;4;0.7700744723759223
50;2025-12-17;5;0.9378192906176266
50;2025-12-17;6;1.0319747683613398
50;2025-12-17;7;1.021397091708859
50;2025-12-17;8;0.9663668571780795
50;2025-12-17;9;0.9582936166418159
50;2025-12-17;10;0.952577118691393
50;2025-12-17;11;0.998985278447929
50;2025-12-17;12;0.9847450273454368
50;2025-12-17;13;0.9550047331702194
50;2025-12-17;14;0.9749129993743793
50;2025-12-17;15;0.9718646800701313
50;2025-12-17;16;0.9932508248335967
50;2025-12-17;17;0.9633559810881089
50;2025-12-17;18;0.9827163481418812
50;2025-12-17;19;1.0249126906704116
50;2025-12-17;20;0.9642972009052648
50;2025-12-17;21;0.9736765168452032
50;2025-12-17;22;1.0918756248176713
50;2025-12-17;23;0.963852526177706
50;2025-12-18;0;1.2112392395864378
50;2025-12-18;1;1.1003968135534323
50;2025-12-18;2;0.6533671803790977
50;2025-12-18;3;0.6533671803790977
50;2025-12-18;4;0.7700744723759223
50;2025-12-18;5;0.9378192906176266
50;2025-12-18;6;1.0319747683613398
50;2025-12-18;7;1.021397091708859
50;2025-12-18;8;0.9663668571780795
50;2025-12-18;9;0.9582936166418159
50;2025-12-18;10;0.952577118691393
50;2025-12-18;11;0.998985278447929
50;2025-12-18;12;0.9847450273454368
50;2025-12-18;13;0.9550047331702194
50;2025-12-18;14;0.9749129993743793
50;2025-12-18;15;0.9718646800701313
50;2025-12-18;16;0.9932508248335967
50;2025-12-18;17;0.9633559810881089
50;2025-12-18;18;0.9827163481418812
50;2025-12-18;19;1.0249126906704116
50;2025-12-18;20;0.9642972009052648
50;2025-12-18;21;0.9736765168452032
50;2025-12-18;22;1.0918756248176713
50;2025-12-18;23;0.963852526177706
50;2025-12-19;0;1.0858781618182405
50;2025-12-19;1;1.553983505067291
50;2025-12-19;2;1.0
50;2025-12-19;3;1.0
50;2025-12-19;4;0.8357457158685019
50;2025-12-19;5;1.0175585910727438
50;2025-12-19;6;1.0859965712489212
50;2025-12-19;7;1.0121867234227178
50;2025-12-19;8;0.9990236825329522
50;2025-12-19;9;0.9836626862199175
50;2025-12-19;10;1.0618701435788869
50;2025-12-19;11;1.0669187879614435
50;2025-12-19;12;1.100812459182542
50;2025-12-19;13;1.0301095014598298
50;2025-12-19;14;1.0320293529399833
50;2025-12-19;15;1.052598734104766
50;2025-12-19;16;0.9745852600158634
50;2025-12-19;17;1.0299842976078275
50;2025-12-19;18;1.1170642020520827
50;2025-12-19;19;1.0621615537621554
50;2025-12-19;20;0.9948861605129943
50;2025-12-19;21;1.083297290794078
50;2025-12-19;22;1.1541403428830133
50;2025-12-19;23;1.0931832422738117
50;2025-12-20;0;0.9295389190286527
50;2025-12-20;1;0.9295389190286527
50;2025-12-20;2;1.0
50;2025-12-20;3;0.9295389190286526
50;2025-12-20;4;0.9295389190286526
50;2025-12-20;5;0.9295389190286528
50;2025-12-20;6;1.5100946031961973
50;2025-12-20;7;1.9246917538375639
50;2025-12-20;8;1.550784901706681
50;2025-12-20;9;1.048989636457024
50;2025-12-20;10;2.0389871032354665
50;2025-12-20;11;1.635766215695227
50;2025-12-20;12;1.099711287203167
50;2025-12-20;13;1.5164648259291613
50;2025-12-20;14;1.30110109198665
50;2025-12-20;15;1.0207953912195689
50;2025-12-20;16;1.2983626348968942
50;2025-12-20;17;1.320329847415486
50;2025-12-20;18;2.0914625678144687
50;2025-12-20;19;2.0914625678144687
50;2025-12-20;20;2.0914625678144687
50;2025-12-20;21;2.0914625678144687
50;2025-12-20;22;1.9651206480061016
50;2025-12-20;23;2.0914625678144687
50;2025-12-21;0;1.1544931711570066
50;2025-12-21;1;1.0
50;2025-12-21;2;1.0
50;2025-12-21;3;1.0
50;2025-12-21;4;1.0
50;2025-12-21;5;1.1544931711570066
50;2025-12-21;6;1.1544931711570066
50;2025-12-21;7;1.1544931711570066
50;2025-12-21;8;1.1544931711570066
50;2025-12-21;9;1.1544931711570066
50;2025-12-21;10;1.1544931711570066
50;2025-12-21;11;0.6980304013479384
50;2025-12-21;12;0.9088070250317006
50;2025-12-21;13;0.8184892184836198
50;2025-12-21;14;0.6158335289521693
50;2025-12-21;15;0.6389402290972993
50;2025-12-21;16;0.5781542076081359
50;2025-12-21;17;0.6203962353445055
50;2025-12-21;18;0.8200611907801204
50;2025-12-21;19;0.6925523976655065
50;2025-12-21;20;0.7539168538984563
50;2025-12-21;21;0.8595583597709798
50;2025-12-21;22;0.5642077667001212
50;2025-12-21;23;0.8362487295910431
50;2025-12-22;0;1.2112392395864378
50;2025-12-22;1;1.1003968135534323
50;2025-12-22;2;0.6533671803790977
50;2025-12-22;3;0.6533671803790977
50;2025-12-22;4;0.7700744723759223
50;2025-12-22;5;0.9378192906176266
50;2025-12-22;6;1.0319747683613398
50;2025-12-22;7;1.021397091708859
50;2025-12-22;8;0.9663668571780795
50;2025-12-22;9;0.9582936166418159
50;2025-12-22;10;0.952577118691393
50;2025-12-22;11;0.998985278447929
50;2025-12-22;12;0.9847450273454368
50;2025-12-22;13;0.9550047331702194
50;2025-12-22;14;0.9749129993743793
50;2025-12-22;15;0.9718646800701313
50;2025-12-22;16;0.9932508248335967
50;2025-12-22;17;0.9633559810881089
50;2025-12-22;18;0.9827163481418812
50;2025-12-22;19;1.0249126906704116
50;2025-12-22;20;0.9642972009052648
50;2025-12-22;21;0.9736765168452032
50;2025-12-22;22;1.0918756248176713
50;2025-12-22;23;0.963852526177706
50;2025-12-23;0;1.2112392395864378
50;2025-12-23;1;1.1003968135534323
50;2025-12-23;2;0.6533671803790977
50;2025-12-23;3;0.6533671803790977
50;2025-12-23;4;0.7700744723759223
50;2025-12-23;5;0.9378192906176266
50;2025-12-23;6;1.0319747683613398
50;2025-12-23;7;1.021397091708859
50;2025-12-23;8;0.9663668571780795
50;2025-12-23;9;0.9582936166418159
50;2025-12-23;10;0.952577118691393
50;2025-12-23;11;0.998985278447929
50;2025-12-23;12;0.9847450273454368
50;2025-12-23;13;0.9550047331702194
50;2025-12-23;14;0.9749129993743793
50;2025-12-23;15;0.9718646800701313
50;2025-12-23;16;0.9932508248335967
50;2025-12-23;17;0.9633559810881089
50;2025-12-23;18;0.9827163481418812
50;2025-12-23;19;1.0249126906704116
50;2025-12-23;20;0.9642972009052648
50;2025-12-23;21;0.9736765168452032
50;2025-12-23;22;1.0918756248176713
50;2025-12-23;23;0.963852526177706
50;2025-12-24;0;1.2112392395864378
50;2025-12-24;1;1.1003968135534323
50;2025-12-24;2;0.6533671803790977
50;2025-12-24;3;0.6533671803790977
50;2025-12-24;4;0.7700744723759223
50;2025-12-24;5;0.9378192906176266
50;2025-12-24;6;1.0319747683613398
50;2025-12-24;7;1.021397091708859
50;2025-12-24;8;0.9663668571780795
50;2025-12-24;9;0.9582936166418159
50;2025-12-24;10;0.952577118691393
50;2025-12-24;11;0.998985278447929
50;2025-12-24;12;0.9847450273454368
50;2025-12-24;13;0.9550047331702194
50;2025-12-24;14;0.9749129993743793
50;2025-12-24;15;0.9718646800701313
50;2025-12-24;16;0.9932508248335967
50;2025-12-24;17;0.9633559810881089
50;2025-12-24;18;0.9827163481418812
50;2025-12-24;19;1.0249126906704116
50;2025-12-24;20;0.9642972009052648
50;2025-12-24;21;0.9736765168452032
50;2025-12-24;22;1.0918756248176713
50;2025-12-24;23;0.963852526177706
50;2025-12-25;0;1.2112392395864378
50;2025-12-25;1;1.1003968135534323
50;2025-12-25;2;0.6533671803790977
50;2025-12-25;3;0.6533671803790977
50;2025-12-25;4;0.7700744723759223
50;2025-12-25;5;0.9378192906176266
50;2025-12-25;6;1.0319747683613398
50;2025-12-25;7;1.021397091708859
50;2025-12-25;8;0.9663668571780795
50;2025-12-25;9;0.9582936166418159
50;2025-12-25;10;0.952577118691393
50;2025-12-25;11;0.998985278447929
50;2025-12-25;12;0.9847450273454368
50;2025-12-25;13;0.9550047331702194
50;2025-12-25;14;0.9749129993743793
50;2025-12-25;15;0.9718646800701313
50;2025-12-25;16;0.9932508248335967
50;2025-12-25;17;0.9633559810881089
50;2025-12-25;18;0.9827163481418812
50;2025-12-25;19;1.0249126906704116
50;2025-12-25;20;0.9642972009052648
50;2025-12-25;21;0.9736765168452032
50;2025-12-25;22;1.0918756248176713
50;2025-12-25;23;0.963852526177706
50;2025-12-26;0;1.0858781618182405
50;2025-12-26;1;1.553983505067291
50;2025-12-26;2;1.0
50;2025-12-26;3;1.0
50;2025-12-26;4;0.8357457158685019
50;2025-12-26;5;1.0175585910727438
50;2025-12-26;6;1.0859965712489212
50;2025-12-26;7;1.0121867234227178
50;2025-12-26;8;0.9990236825329522
50;2025-12-26;9;0.9836626862199175
50;2025-12-26;10;1.0618701435788869
50;2025-12-26;11;1.0669187879614435
50;2025-12-26;12;1.100812459182542
50;2025-12-26;13;1.0301095014598298
50;2025-12-26;14;1.0320293529399833
50;2025-12-26;15;1.052598734104766
50;2025-12-26;16;0.9745852600158634
50;2025-12-26;17;1.0299842976078275
50;2025-12-26;18;1.1170642020520827
50;2025-12-26;19;1.0621615537621554
50;2025-12-26;20;0.9948861605129943
50;2025-12-26;21;1.083297290794078
50;2025-12-26;22;1.1541403428830133
50;2025-12-26;23;1.0931832422738117
50;2025-12-27;0;0.9295389190286527
50;2025-12-27;1;0.9295389190286527
50;2025-12-27;2;1.0
50;2025-12-27;3;0.9295389190286526
50;2025-12-27;4;0.9295389190286526
50;2025-12-27;5;0.9295389190286528
50;2025-12-27;6;1.5100946031961973
50;2025-12-27;7;1.9246917538375639
50;2025-12-27;8;1.550784901706681
50;2025-12-27;9;1.048989636457024
50;2025-12-27;10;2.0389871032354665
50;2025-12-27;11;1.635766215695227
50;2025-12-27;12;1.099711287203167
50;2025-12-27;13;1.5164648259291613
50;2025-12-27;14;1.30110109198665
50;2025-12-27;15;1.0207953912195689
50;2025-12-27;16;1.2983626348968942
50;2025-12-27;17;1.320329847415486
50;2025-12-27;18;2.0914625678144687
50;2025-12-27;19;2.0914625678144687
50;2025-12-27;20;2.0914625678144687
50;2025-12-27;21;2.0914625678144687
50;2025-12-27;22;1.9651206480061016
50;2025-12-27;23;2.0914625678144687
50;2025-12-28;0;1.1544931711570066
50;2025-12-28;1;1.0
50;2025-12-28;2;1.0
50;2025-12-28;3;1.0
50;2025-12-28;4;1.0
50;2025-12-28;5;1.1544931711570066
50;2025-12-28;6;1.1544931711570066
50;2025-12-28;7;1.1544931711570066
50;2025-12-28;8;1.1544931711570066
50;2025-12-28;9;1.1544931711570066
50;2025-12-28;10;1.1544931711570066
50;2025-12-28;11;0.6980304013479384
50;2025-12-28;12;0.9088070250317006
50;2025-12-28;13;0.8184892184836198
50;2025-12-28;14;0.6158335289521693
50;2025-12-28;15;0.6389402290972993
50;2025-12-28;16;0.5781542076081359
50;2025-12-28;17;0.6203962353445055
50;2025-12-28;18;0.8200611907801204
50;2025-12-28;19;0.6925523976655065
50;2025-12-28;20;0.7539168538984563
50;2025-12-28;21;0.8595583597709798
50;2025-12-28;22;0.5642077667001212
50;2025-12-28;23;0.8362487295910431
50;2025-12-29;0;1.2112392395864378
50;2025-12-29;1;1.1003968135534323
50;2025-12-29;2;0.6533671803790977
50;2025-12-29;3;0.6533671803790977
50;2025-12-29;4;0.7700744723759223
50;2025-12-29;5;0.9378192906176266
50;2025-12-29;6;1.0319747683613398
50;2025-12-29;7;1.021397091708859
50;2025-12-29;8;0.9663668571780795
50;2025-12-29;9;0.9582936166418159
50;2025-12-29;10;0.952577118691393
50;2025-12-29;11;0.998985278447929
50;2025-12-29;12;0.9847450273454368
50;2025-12-29;13;0.9550047331702194
50;2025-12-29;14;0.9749129993743793
50;2025-12-29;15;0.9718646800701313
50;2025-12-29;16;0.9932508248335967
50;2025-12-29;17;0.9633559810881089
50;2025-12-29;18;0.9827163481418812
50;2025-12-29;19;1.0249126906704116
50;2025-12-29;20;0.9642972009052648
50;2025-12-29;21;0.9736765168452032
50;2025-12-29;22;1.0918756248176713
50;2025-12-29;23;0.963852526177706
50;2025-12-30;0;1.2112392395864378
50;2025-12-30;1;1.1003968135534323
50;2025-12-30;2;0.6533671803790977
50;2025-12-30;3;0.6533671803790977
50;2025-12-30;4;0.7700744723759223
50;2025-12-30;5;0.9378192906176266
50;2025-12-30;6;1.0319747683613398
50;2025-12-30;7;1.021397091708859
50;2025-12-30;8;0.9663668571780795
50;2025-12-30;9;0.9582936166418159
50;2025-12-30;10;0.952577118691393
50;2025-12-30;11;0.998985278447929
50;2025-12-30;12;0.9847450273454368
50;2025-12-30;13;0.9550047331702194
50;2025-12-30;14;0.9749129993743793
50;2025-12-30;15;0.9718646800701313
50;2025-12-30;16;0.9932508248335967
50;2025-12-30;17;0.9633559810881089
50;2025-12-30;18;0.9827163481418812
50;2025-12-30;19;1.0249126906704116
50;2025-12-30;20;0.9642972009052648
50;2025-12-30;21;0.9736765168452032
50;2025-12-30;22;1.0918756248176713
50;2025-12-30;23;0.963852526177706
50;2025-12-31;0;1.1544931711570066
50;2025-12-31;1;1.0
50;2025-12-31;2;1.0
50;2025-12-31;3;1.0
50;2025-12-31;4;1.0
50;2025-12-31;5;1.1544931711570066
50;2025-12-31;6;1.1544931711570066
50;2025-12-31;7;1.1544931711570066
50;2025-12-31;8;1.1544931711570066
50;2025-12-31;9;1.1544931711570066
50;2025-12-31;10;1.1544931711570066
50;2025-12-31;11;0.6980304013479384
50;2025-12-31;12;0.9088070250317006
50;2025-12-31;13;0.8184892184836198
50;2025-12-31;14;0.6158335289521693
50;2025-12-31;15;0.6389402290972993
50;2025-12-31;16;0.5781542076081359
50;2025-12-31;17;0.6203962353445055
50;2025-12-31;18;0.8200611907801204
50;2025-12-31;19;0.6925523976655065
50;2025-12-31;20;0.7539168538984563
50;2025-12-31;21;0.8595583597709798
50;2025-12-31;22;0.5642077667001212
50;2025-12-31;23;0.8362487295910431
